prophage_id,ecor_strain,strain_index,assembly_accession,gca_accession,wgs_master,source_contig,contig_start,contig_end,length_bp,transposable,taxonomy,community,in_connected_component,cluster,genome,in_tree,tree_leaf_id,neighborhood_size,nearest_neighbor,nearest_neighbor_dist,contig_url,contig_fasta_url,assembly_url,neighborhood_png
GCF_003333385.1_prophage_1,ECOR-71,71,GCF_003333385.1,GCA_003333385.1,QOZD00000000.1,NZ_QOZD01000012.1,3,28547,28545,0.0,Myoviridae,36312,0,,GCF_003333385.1,1,GCF_003333385.1_prophage_1,56,GCF_000754845.1_prophage_3,0.018682,https://www.ncbi.nlm.nih.gov/nuccore/NZ_QOZD01000012.1,https://www.ncbi.nlm.nih.gov/nuccore/NZ_QOZD01000012.1?report=fasta&from=3&to=28547,https://www.ncbi.nlm.nih.gov/assembly/GCF_003333385.1,ecor_neighborhoods/GCF_003333385.1_prophage_1.png
GCF_003333385.1_prophage_2,ECOR-71,71,GCF_003333385.1,GCA_003333385.1,QOZD00000000.1,NZ_QOZD01000015.1,1260,26413,25154,0.0,Siphoviridae,36313,0,,GCF_003333385.1,1,GCF_003333385.1_prophage_2,57,GCF_018344655.1_prophage_4,0.000508,https://www.ncbi.nlm.nih.gov/nuccore/NZ_QOZD01000015.1,https://www.ncbi.nlm.nih.gov/nuccore/NZ_QOZD01000015.1?report=fasta&from=1260&to=26413,https://www.ncbi.nlm.nih.gov/assembly/GCF_003333385.1,ecor_neighborhoods/GCF_003333385.1_prophage_2.png
GCF_003333385.1_prophage_3,ECOR-71,71,GCF_003333385.1,GCA_003333385.1,QOZD00000000.1,NZ_QOZD01000025.1,1306,18780,17475,0.0,Unknown,36314,0,,GCF_003333385.1,1,GCF_003333385.1_prophage_3,44,GCF_009795605.1_prophage_3,0.054996,https://www.ncbi.nlm.nih.gov/nuccore/NZ_QOZD01000025.1,https://www.ncbi.nlm.nih.gov/nuccore/NZ_QOZD01000025.1?report=fasta&from=1306&to=18780,https://www.ncbi.nlm.nih.gov/assembly/GCF_003333385.1,ecor_neighborhoods/GCF_003333385.1_prophage_3.png
GCF_003333385.1_prophage_4,ECOR-71,71,GCF_003333385.1,GCA_003333385.1,QOZD00000000.1,NZ_QOZD01000028.1,3509,45354,41846,0.0,Siphoviridae,36315,0,,GCF_003333385.1,1,GCF_003333385.1_prophage_4,7,GCF_003290955.1_prophage_1,0.028538,https://www.ncbi.nlm.nih.gov/nuccore/NZ_QOZD01000028.1,https://www.ncbi.nlm.nih.gov/nuccore/NZ_QOZD01000028.1?report=fasta&from=3509&to=45354,https://www.ncbi.nlm.nih.gov/assembly/GCF_003333385.1,ecor_neighborhoods/GCF_003333385.1_prophage_4.png
GCF_003333385.1_prophage_5,ECOR-71,71,GCF_003333385.1,GCA_003333385.1,QOZD00000000.1,NZ_QOZD01000030.1,41201,49047,7847,0.0,Unknown,36316,0,,GCF_003333385.1,1,GCF_003333385.1_prophage_5,50,GCF_000326765.1_prophage_1,0.041892,https://www.ncbi.nlm.nih.gov/nuccore/NZ_QOZD01000030.1,https://www.ncbi.nlm.nih.gov/nuccore/NZ_QOZD01000030.1?report=fasta&from=41201&to=49047,https://www.ncbi.nlm.nih.gov/assembly/GCF_003333385.1,ecor_neighborhoods/GCF_003333385.1_prophage_5.png
GCF_003333385.1_prophage_6,ECOR-71,71,GCF_003333385.1,GCA_003333385.1,QOZD00000000.1,NZ_QOZD01000047.1,16720,27053,10334,0.0,Myoviridae / Podoviridae,36317,0,,GCF_003333385.1,1,GCF_003333385.1_prophage_6,47,GCF_900478515.1_prophage_6,0.009366,https://www.ncbi.nlm.nih.gov/nuccore/NZ_QOZD01000047.1,https://www.ncbi.nlm.nih.gov/nuccore/NZ_QOZD01000047.1?report=fasta&from=16720&to=27053,https://www.ncbi.nlm.nih.gov/assembly/GCF_003333385.1,ecor_neighborhoods/GCF_003333385.1_prophage_6.png
GCF_003333385.1_prophage_7,ECOR-71,71,GCF_003333385.1,GCA_003333385.1,QOZD00000000.1,NZ_QOZD01000004.1,256470,258245,1776,0.0,Unknown,36318,0,,GCF_003333385.1,1,GCF_003333385.1_prophage_7,47,GCF_001911335.1_prophage_7,0.116455,https://www.ncbi.nlm.nih.gov/nuccore/NZ_QOZD01000004.1,https://www.ncbi.nlm.nih.gov/nuccore/NZ_QOZD01000004.1?report=fasta&from=256470&to=258245,https://www.ncbi.nlm.nih.gov/assembly/GCF_003333385.1,ecor_neighborhoods/GCF_003333385.1_prophage_7.png
GCF_003333425.1_prophage_1,ECOR-68,68,GCF_003333425.1,GCA_003333425.1,QOZA00000000.1,NZ_QOZA01000001.1,189539,232069,42531,0.0,Myoviridae,36319,0,,GCF_003333425.1,1,GCF_003333425.1_prophage_1,52,GCF_002190025.1_prophage_5,0.01795,https://www.ncbi.nlm.nih.gov/nuccore/NZ_QOZA01000001.1,https://www.ncbi.nlm.nih.gov/nuccore/NZ_QOZA01000001.1?report=fasta&from=189539&to=232069,https://www.ncbi.nlm.nih.gov/assembly/GCF_003333425.1,ecor_neighborhoods/GCF_003333425.1_prophage_1.png
GCF_003333425.1_prophage_2,ECOR-68,68,GCF_003333425.1,GCA_003333425.1,QOZA00000000.1,NZ_QOZA01000022.1,61213,62382,1170,0.0,Unknown,36320,0,,GCF_003333425.1,1,GCF_003333425.1_prophage_2,40,GCF_002190025.1_prophage_3,0.0,https://www.ncbi.nlm.nih.gov/nuccore/NZ_QOZA01000022.1,https://www.ncbi.nlm.nih.gov/nuccore/NZ_QOZA01000022.1?report=fasta&from=61213&to=62382,https://www.ncbi.nlm.nih.gov/assembly/GCF_003333425.1,ecor_neighborhoods/GCF_003333425.1_prophage_2.png
GCF_003333425.1_prophage_3,ECOR-68,68,GCF_003333425.1,GCA_003333425.1,QOZA00000000.1,NZ_QOZA01000025.1,1,36385,36385,0.0,Myoviridae,36321,0,,GCF_003333425.1,1,GCF_003333425.1_prophage_3,10,GCF_002512675.1_prophage_4,0.004612,https://www.ncbi.nlm.nih.gov/nuccore/NZ_QOZA01000025.1,https://www.ncbi.nlm.nih.gov/nuccore/NZ_QOZA01000025.1?report=fasta&from=1&to=36385,https://www.ncbi.nlm.nih.gov/assembly/GCF_003333425.1,ecor_neighborhoods/GCF_003333425.1_prophage_3.png
GCF_003333425.1_prophage_4,ECOR-68,68,GCF_003333425.1,GCA_003333425.1,QOZA00000000.1,NZ_QOZA01000004.1,210012,252847,42836,0.0,Siphoviridae,36322,0,,GCF_003333425.1,1,GCF_003333425.1_prophage_4,16,GCF_002190025.1_prophage_1,0.0,https://www.ncbi.nlm.nih.gov/nuccore/NZ_QOZA01000004.1,https://www.ncbi.nlm.nih.gov/nuccore/NZ_QOZA01000004.1?report=fasta&from=210012&to=252847,https://www.ncbi.nlm.nih.gov/assembly/GCF_003333425.1,ecor_neighborhoods/GCF_003333425.1_prophage_4.png
GCF_003333425.1_prophage_5,ECOR-68,68,GCF_003333425.1,GCA_003333425.1,QOZA00000000.1,NZ_QOZA01000006.1,50222,82748,32527,0.0,Myoviridae,36323,0,,GCF_003333425.1,1,GCF_003333425.1_prophage_5,17,GCF_000779715.1_prophage_6,0.004706,https://www.ncbi.nlm.nih.gov/nuccore/NZ_QOZA01000006.1,https://www.ncbi.nlm.nih.gov/nuccore/NZ_QOZA01000006.1?report=fasta&from=50222&to=82748,https://www.ncbi.nlm.nih.gov/assembly/GCF_003333425.1,ecor_neighborhoods/GCF_003333425.1_prophage_5.png
GCF_003333435.1_prophage_1,ECOR-66,66,GCF_003333435.1,GCA_003333435.1,QOYY00000000.1,NZ_QOYY01000003.1,105701,141178,35478,0.0,Myoviridae,36324,0,,GCF_003333435.1,1,GCF_003333435.1_prophage_1,17,GCF_013366875.1_prophage_3,0.00102,https://www.ncbi.nlm.nih.gov/nuccore/NZ_QOYY01000003.1,https://www.ncbi.nlm.nih.gov/nuccore/NZ_QOYY01000003.1?report=fasta&from=105701&to=141178,https://www.ncbi.nlm.nih.gov/assembly/GCF_003333435.1,ecor_neighborhoods/GCF_003333435.1_prophage_1.png
GCF_003333435.1_prophage_2,ECOR-66,66,GCF_003333435.1,GCA_003333435.1,QOYY00000000.1,NZ_QOYY01000004.1,101308,148794,47487,0.0,Siphoviridae,36325,0,,GCF_003333435.1,1,GCF_003333435.1_prophage_2,15,GCF_002189985.1_prophage_2,0.0,https://www.ncbi.nlm.nih.gov/nuccore/NZ_QOYY01000004.1,https://www.ncbi.nlm.nih.gov/nuccore/NZ_QOYY01000004.1?report=fasta&from=101308&to=148794,https://www.ncbi.nlm.nih.gov/assembly/GCF_003333435.1,ecor_neighborhoods/GCF_003333435.1_prophage_2.png
GCF_003333475.1_prophage_1,ECOR-70,70,GCF_003333475.1,GCA_003333475.1,QOZC00000000.1,NZ_QOZC01000013.1,96831,129508,32678,0.0,Siphoviridae,36326,0,,GCF_003333475.1,1,GCF_003333475.1_prophage_1,18,GCF_011812915.1_prophage_1,0.002244,https://www.ncbi.nlm.nih.gov/nuccore/NZ_QOZC01000013.1,https://www.ncbi.nlm.nih.gov/nuccore/NZ_QOZC01000013.1?report=fasta&from=96831&to=129508,https://www.ncbi.nlm.nih.gov/assembly/GCF_003333475.1,ecor_neighborhoods/GCF_003333475.1_prophage_1.png
GCF_003333475.1_prophage_2,ECOR-70,70,GCF_003333475.1,GCA_003333475.1,QOZC00000000.1,NZ_QOZC01000025.1,1151,20823,19673,0.0,Podoviridae,36327,0,,GCF_003333475.1,1,GCF_003333475.1_prophage_2,38,GCF_002511815.1_prophage_3,0.00116,https://www.ncbi.nlm.nih.gov/nuccore/NZ_QOZC01000025.1,https://www.ncbi.nlm.nih.gov/nuccore/NZ_QOZC01000025.1?report=fasta&from=1151&to=20823,https://www.ncbi.nlm.nih.gov/assembly/GCF_003333475.1,ecor_neighborhoods/GCF_003333475.1_prophage_2.png
GCF_003333475.1_prophage_3,ECOR-70,70,GCF_003333475.1,GCA_003333475.1,QOZC00000000.1,NZ_QOZC01000029.1,1,39146,39146,0.0,Siphoviridae,36328,0,,GCF_003333475.1,1,GCF_003333475.1_prophage_3,4,GCF_005388965.1_prophage_5,0.0195,https://www.ncbi.nlm.nih.gov/nuccore/NZ_QOZC01000029.1,https://www.ncbi.nlm.nih.gov/nuccore/NZ_QOZC01000029.1?report=fasta&from=1&to=39146,https://www.ncbi.nlm.nih.gov/assembly/GCF_003333475.1,ecor_neighborhoods/GCF_003333475.1_prophage_3.png
GCF_003333475.1_prophage_4,ECOR-70,70,GCF_003333475.1,GCA_003333475.1,QOZC00000000.1,NZ_QOZC01000004.1,87668,122305,34638,0.0,Myoviridae,36329,0,,GCF_003333475.1,1,GCF_003333475.1_prophage_4,12,GCF_002263065.1_prophage_2,0.001892,https://www.ncbi.nlm.nih.gov/nuccore/NZ_QOZC01000004.1,https://www.ncbi.nlm.nih.gov/nuccore/NZ_QOZC01000004.1?report=fasta&from=87668&to=122305,https://www.ncbi.nlm.nih.gov/assembly/GCF_003333475.1,ecor_neighborhoods/GCF_003333475.1_prophage_4.png
GCF_003333495.1_prophage_1,ECOR-65,65,GCF_003333495.1,GCA_003333495.1,QOYX00000000.1,NZ_QOYX01000004.1,99673,150114,50442,0.0,Siphoviridae,36330,0,,GCF_003333495.1,1,GCF_003333495.1_prophage_1,17,GCF_006540865.2_prophage_2,0.000558,https://www.ncbi.nlm.nih.gov/nuccore/NZ_QOYX01000004.1,https://www.ncbi.nlm.nih.gov/nuccore/NZ_QOYX01000004.1?report=fasta&from=99673&to=150114,https://www.ncbi.nlm.nih.gov/assembly/GCF_003333495.1,ecor_neighborhoods/GCF_003333495.1_prophage_1.png
GCF_003333495.1_prophage_2,ECOR-65,65,GCF_003333495.1,GCA_003333495.1,QOYX00000000.1,NZ_QOYX01000006.1,170729,206900,36172,0.0,Myoviridae,36331,0,,GCF_003333495.1,1,GCF_003333495.1_prophage_2,14,GCF_002115565.1_prophage_3,0.009099,https://www.ncbi.nlm.nih.gov/nuccore/NZ_QOYX01000006.1,https://www.ncbi.nlm.nih.gov/nuccore/NZ_QOYX01000006.1?report=fasta&from=170729&to=206900,https://www.ncbi.nlm.nih.gov/assembly/GCF_003333495.1,ecor_neighborhoods/GCF_003333495.1_prophage_2.png
GCF_003333495.1_prophage_3,ECOR-65,65,GCF_003333495.1,GCA_003333495.1,QOYX00000000.1,NZ_QOYX01000008.1,27911,68281,40371,0.0,Myoviridae,36332,0,,GCF_003333495.1,1,GCF_003333495.1_prophage_3,24,GCF_002189935.1_prophage_3,0.003578,https://www.ncbi.nlm.nih.gov/nuccore/NZ_QOYX01000008.1,https://www.ncbi.nlm.nih.gov/nuccore/NZ_QOYX01000008.1?report=fasta&from=27911&to=68281,https://www.ncbi.nlm.nih.gov/assembly/GCF_003333495.1,ecor_neighborhoods/GCF_003333495.1_prophage_3.png
GCF_003333505.1_prophage_1,ECOR-63,63,GCF_003333505.1,GCA_003333505.1,QOYV00000000.1,NZ_QOYV01000015.1,1,21986,21986,0.0,Siphoviridae,36333,0,5,GCF_003333505.1,1,GCF_003333505.1_prophage_1,29,GCF_000776715.1_prophage_1,0.013817,https://www.ncbi.nlm.nih.gov/nuccore/NZ_QOYV01000015.1,https://www.ncbi.nlm.nih.gov/nuccore/NZ_QOYV01000015.1?report=fasta&from=1&to=21986,https://www.ncbi.nlm.nih.gov/assembly/GCF_003333505.1,ecor_neighborhoods/GCF_003333505.1_prophage_1.png
GCF_003333505.1_prophage_2,ECOR-63,63,GCF_003333505.1,GCA_003333505.1,QOYV00000000.1,NZ_QOYV01000035.1,1489,14003,12515,0.0,Podoviridae,36334,0,,GCF_003333505.1,1,GCF_003333505.1_prophage_2,12,GCF_001648715.1_prophage_3,0.024942,https://www.ncbi.nlm.nih.gov/nuccore/NZ_QOYV01000035.1,https://www.ncbi.nlm.nih.gov/nuccore/NZ_QOYV01000035.1?report=fasta&from=1489&to=14003,https://www.ncbi.nlm.nih.gov/assembly/GCF_003333505.1,ecor_neighborhoods/GCF_003333505.1_prophage_2.png
GCF_003333505.1_prophage_3,ECOR-63,63,GCF_003333505.1,GCA_003333505.1,QOYV00000000.1,NZ_QOYV01000041.1,17079,31608,14530,0.0,Myoviridae,36335,0,,GCF_003333505.1,1,GCF_003333505.1_prophage_3,21,GCF_002189905.1_prophage_2,0.0,https://www.ncbi.nlm.nih.gov/nuccore/NZ_QOYV01000041.1,https://www.ncbi.nlm.nih.gov/nuccore/NZ_QOYV01000041.1?report=fasta&from=17079&to=31608,https://www.ncbi.nlm.nih.gov/assembly/GCF_003333505.1,ecor_neighborhoods/GCF_003333505.1_prophage_3.png
GCF_003333505.1_prophage_4,ECOR-63,63,GCF_003333505.1,GCA_003333505.1,QOYV00000000.1,NZ_QOYV01000006.1,100480,145548,45069,0.0,Podoviridae,36336,0,,GCF_003333505.1,1,GCF_003333505.1_prophage_4,50,GCF_000753035.1_prophage_1,0.001654,https://www.ncbi.nlm.nih.gov/nuccore/NZ_QOYV01000006.1,https://www.ncbi.nlm.nih.gov/nuccore/NZ_QOYV01000006.1?report=fasta&from=100480&to=145548,https://www.ncbi.nlm.nih.gov/assembly/GCF_003333505.1,ecor_neighborhoods/GCF_003333505.1_prophage_4.png
GCF_003333545.1_prophage_1,ECOR-62,62,GCF_003333545.1,GCA_003333545.1,QOYU00000000.1,NZ_QOYU01000047.1,18378,37200,18823,0.0,Unknown,36337,0,,GCF_003333545.1,1,GCF_003333545.1_prophage_1,12,GCF_004100655.1_prophage_4,0.000156,https://www.ncbi.nlm.nih.gov/nuccore/NZ_QOYU01000047.1,https://www.ncbi.nlm.nih.gov/nuccore/NZ_QOYU01000047.1?report=fasta&from=18378&to=37200,https://www.ncbi.nlm.nih.gov/assembly/GCF_003333545.1,ecor_neighborhoods/GCF_003333545.1_prophage_1.png
GCF_003333545.1_prophage_2,ECOR-62,62,GCF_003333545.1,GCA_003333545.1,QOYU00000000.1,NZ_QOYU01000004.1,3752,13831,10080,0.0,Podoviridae,36338,0,,GCF_003333545.1,1,GCF_003333545.1_prophage_2,42,GCF_003333565.1_prophage_3,0.000144,https://www.ncbi.nlm.nih.gov/nuccore/NZ_QOYU01000004.1,https://www.ncbi.nlm.nih.gov/nuccore/NZ_QOYU01000004.1?report=fasta&from=3752&to=13831,https://www.ncbi.nlm.nih.gov/assembly/GCF_003333545.1,ecor_neighborhoods/GCF_003333545.1_prophage_2.png
GCF_003333545.1_prophage_3,ECOR-62,62,GCF_003333545.1,GCA_003333545.1,QOYU00000000.1,NZ_QOYU01000058.1,2,22402,22401,0.0,Myoviridae / Siphoviridae,36339,0,,GCF_003333545.1,1,GCF_003333545.1_prophage_3,4,GCF_003333565.1_prophage_4,4.8e-05,https://www.ncbi.nlm.nih.gov/nuccore/NZ_QOYU01000058.1,https://www.ncbi.nlm.nih.gov/nuccore/NZ_QOYU01000058.1?report=fasta&from=2&to=22402,https://www.ncbi.nlm.nih.gov/assembly/GCF_003333545.1,ecor_neighborhoods/GCF_003333545.1_prophage_3.png
GCF_003333545.1_prophage_4,ECOR-62,62,GCF_003333545.1,GCA_003333545.1,QOYU00000000.1,NZ_QOYU01000065.1,1513,27225,25713,0.0,Podoviridae,36340,0,,GCF_003333545.1,1,GCF_003333545.1_prophage_4,33,GCF_002189895.1_prophage_4,0.006946,https://www.ncbi.nlm.nih.gov/nuccore/NZ_QOYU01000065.1,https://www.ncbi.nlm.nih.gov/nuccore/NZ_QOYU01000065.1?report=fasta&from=1513&to=27225,https://www.ncbi.nlm.nih.gov/assembly/GCF_003333545.1,ecor_neighborhoods/GCF_003333545.1_prophage_4.png
GCF_003333545.1_prophage_5,ECOR-62,62,GCF_003333545.1,GCA_003333545.1,QOYU00000000.1,NZ_QOYU01000006.1,484,14508,14025,0.0,Podoviridae,36341,0,,GCF_003333545.1,1,GCF_003333545.1_prophage_5,29,GCF_002189875.1_prophage_3,0.0,https://www.ncbi.nlm.nih.gov/nuccore/NZ_QOYU01000006.1,https://www.ncbi.nlm.nih.gov/nuccore/NZ_QOYU01000006.1?report=fasta&from=484&to=14508,https://www.ncbi.nlm.nih.gov/assembly/GCF_003333545.1,ecor_neighborhoods/GCF_003333545.1_prophage_5.png
GCF_003333545.1_prophage_6,ECOR-62,62,GCF_003333545.1,GCA_003333545.1,QOYU00000000.1,NZ_QOYU01000007.1,15782,48208,32427,0.0,Myoviridae,36342,0,,GCF_003333545.1,1,GCF_003333545.1_prophage_6,46,GCF_003333565.1_prophage_2,0.0,https://www.ncbi.nlm.nih.gov/nuccore/NZ_QOYU01000007.1,https://www.ncbi.nlm.nih.gov/nuccore/NZ_QOYU01000007.1?report=fasta&from=15782&to=48208,https://www.ncbi.nlm.nih.gov/assembly/GCF_003333545.1,ecor_neighborhoods/GCF_003333545.1_prophage_6.png
GCF_003333565.1_prophage_1,ECOR-61,61,GCF_003333565.1,GCA_003333565.1,QOYT00000000.1,NZ_QOYT01000001.1,4171,8834,4664,0.0,Myoviridae,36343,0,,GCF_003333565.1,1,GCF_003333565.1_prophage_1,10,GCF_002189875.1_prophage_1,0.0,https://www.ncbi.nlm.nih.gov/nuccore/NZ_QOYT01000001.1,https://www.ncbi.nlm.nih.gov/nuccore/NZ_QOYT01000001.1?report=fasta&from=4171&to=8834,https://www.ncbi.nlm.nih.gov/assembly/GCF_003333565.1,ecor_neighborhoods/GCF_003333565.1_prophage_1.png
GCF_003333565.1_prophage_2,ECOR-61,61,GCF_003333565.1,GCA_003333565.1,QOYT00000000.1,NZ_QOYT01000028.1,70625,103051,32427,0.0,Myoviridae,36344,0,,GCF_003333565.1,1,GCF_003333565.1_prophage_2,46,GCF_002189895.1_prophage_2,0.0,https://www.ncbi.nlm.nih.gov/nuccore/NZ_QOYT01000028.1,https://www.ncbi.nlm.nih.gov/nuccore/NZ_QOYT01000028.1?report=fasta&from=70625&to=103051,https://www.ncbi.nlm.nih.gov/assembly/GCF_003333565.1,ecor_neighborhoods/GCF_003333565.1_prophage_2.png
GCF_003333565.1_prophage_3,ECOR-61,61,GCF_003333565.1,GCA_003333565.1,QOYT00000000.1,NZ_QOYT01000054.1,41036,51115,10080,0.0,Podoviridae,36345,0,,GCF_003333565.1,1,GCF_003333565.1_prophage_3,42,GCF_003333545.1_prophage_2,0.000144,https://www.ncbi.nlm.nih.gov/nuccore/NZ_QOYT01000054.1,https://www.ncbi.nlm.nih.gov/nuccore/NZ_QOYT01000054.1?report=fasta&from=41036&to=51115,https://www.ncbi.nlm.nih.gov/assembly/GCF_003333565.1,ecor_neighborhoods/GCF_003333565.1_prophage_3.png
GCF_003333565.1_prophage_4,ECOR-61,61,GCF_003333565.1,GCA_003333565.1,QOYT00000000.1,NZ_QOYT01000008.1,2,22381,22380,0.0,Myoviridae / Siphoviridae,36346,0,,GCF_003333565.1,1,GCF_003333565.1_prophage_4,4,GCF_003333545.1_prophage_3,4.8e-05,https://www.ncbi.nlm.nih.gov/nuccore/NZ_QOYT01000008.1,https://www.ncbi.nlm.nih.gov/nuccore/NZ_QOYT01000008.1?report=fasta&from=2&to=22381,https://www.ncbi.nlm.nih.gov/assembly/GCF_003333565.1,ecor_neighborhoods/GCF_003333565.1_prophage_4.png
GCF_003333585.1_prophage_1,ECOR-60,60,GCF_003333585.1,GCA_003333585.1,QOYS00000000.1,NZ_QOYS01000007.1,17116,64913,47798,0.0,Siphoviridae,36347,0,,GCF_003333585.1,1,GCF_003333585.1_prophage_1,57,GCF_002888475.1_prophage_2,9.6e-05,https://www.ncbi.nlm.nih.gov/nuccore/NZ_QOYS01000007.1,https://www.ncbi.nlm.nih.gov/nuccore/NZ_QOYS01000007.1?report=fasta&from=17116&to=64913,https://www.ncbi.nlm.nih.gov/assembly/GCF_003333585.1,ecor_neighborhoods/GCF_003333585.1_prophage_1.png
GCF_003333605.1_prophage_1,ECOR-55,55,GCF_003333605.1,GCA_003333605.1,QOYO00000000.1,NZ_QOYO01000018.1,3,30759,30757,0.0,Siphoviridae,36348,0,,GCF_003333605.1,1,GCF_003333605.1_prophage_1,59,GCF_001647315.1_prophage_6,0.002385,https://www.ncbi.nlm.nih.gov/nuccore/NZ_QOYO01000018.1,https://www.ncbi.nlm.nih.gov/nuccore/NZ_QOYO01000018.1?report=fasta&from=3&to=30759,https://www.ncbi.nlm.nih.gov/assembly/GCF_003333605.1,ecor_neighborhoods/GCF_003333605.1_prophage_1.png
GCF_003333605.1_prophage_2,ECOR-55,55,GCF_003333605.1,GCA_003333605.1,QOYO00000000.1,NZ_QOYO01000022.1,1,20079,20079,0.0,Siphoviridae,36349,0,,GCF_003333605.1,1,GCF_003333605.1_prophage_2,4,GCF_900448985.1_prophage_3,0.011,https://www.ncbi.nlm.nih.gov/nuccore/NZ_QOYO01000022.1,https://www.ncbi.nlm.nih.gov/nuccore/NZ_QOYO01000022.1?report=fasta&from=1&to=20079,https://www.ncbi.nlm.nih.gov/assembly/GCF_003333605.1,ecor_neighborhoods/GCF_003333605.1_prophage_2.png
GCF_003333605.1_prophage_3,ECOR-55,55,GCF_003333605.1,GCA_003333605.1,QOYO00000000.1,NZ_QOYO01000007.1,217038,221519,4482,0.0,Unknown,36350,0,,GCF_003333605.1,1,GCF_003333605.1_prophage_3,60,GCF_002189735.1_prophage_3,0.0,https://www.ncbi.nlm.nih.gov/nuccore/NZ_QOYO01000007.1,https://www.ncbi.nlm.nih.gov/nuccore/NZ_QOYO01000007.1?report=fasta&from=217038&to=221519,https://www.ncbi.nlm.nih.gov/assembly/GCF_003333605.1,ecor_neighborhoods/GCF_003333605.1_prophage_3.png
GCF_003333605.1_prophage_4,ECOR-55,55,GCF_003333605.1,GCA_003333605.1,QOYO00000000.1,NZ_QOYO01000007.1,235535,261714,26180,0.0,Siphoviridae,36351,0,,GCF_003333605.1,1,GCF_003333605.1_prophage_4,59,GCF_003334615.1_prophage_4,0.002988,https://www.ncbi.nlm.nih.gov/nuccore/NZ_QOYO01000007.1,https://www.ncbi.nlm.nih.gov/nuccore/NZ_QOYO01000007.1?report=fasta&from=235535&to=261714,https://www.ncbi.nlm.nih.gov/assembly/GCF_003333605.1,ecor_neighborhoods/GCF_003333605.1_prophage_4.png
GCF_003333615.1_prophage_1,ECOR-54,54,GCF_003333615.1,GCA_003333615.1,QOYN00000000.1,NZ_QOYN01000014.1,798,21658,20861,0.0,Podoviridae,36352,0,,GCF_003333615.1,1,GCF_003333615.1_prophage_1,52,GCF_002189715.1_prophage_2,0.0,https://www.ncbi.nlm.nih.gov/nuccore/NZ_QOYN01000014.1,https://www.ncbi.nlm.nih.gov/nuccore/NZ_QOYN01000014.1?report=fasta&from=798&to=21658,https://www.ncbi.nlm.nih.gov/assembly/GCF_003333615.1,ecor_neighborhoods/GCF_003333615.1_prophage_1.png
GCF_003333615.1_prophage_2,ECOR-54,54,GCF_003333615.1,GCA_003333615.1,QOYN00000000.1,NZ_QOYN01000026.1,2669,20078,17410,0.0,Siphoviridae,36353,0,,GCF_003333615.1,1,GCF_003333615.1_prophage_2,58,GCF_003334095.1_prophage_4,2.4e-05,https://www.ncbi.nlm.nih.gov/nuccore/NZ_QOYN01000026.1,https://www.ncbi.nlm.nih.gov/nuccore/NZ_QOYN01000026.1?report=fasta&from=2669&to=20078,https://www.ncbi.nlm.nih.gov/assembly/GCF_003333615.1,ecor_neighborhoods/GCF_003333615.1_prophage_2.png
GCF_003333615.1_prophage_3,ECOR-54,54,GCF_003333615.1,GCA_003333615.1,QOYN00000000.1,NZ_QOYN01000002.1,3,35078,35076,0.0,Siphoviridae,36354,0,,GCF_003333615.1,1,GCF_003333615.1_prophage_3,46,GCF_000781175.1_prophage_3,0.001866,https://www.ncbi.nlm.nih.gov/nuccore/NZ_QOYN01000002.1,https://www.ncbi.nlm.nih.gov/nuccore/NZ_QOYN01000002.1?report=fasta&from=3&to=35078,https://www.ncbi.nlm.nih.gov/assembly/GCF_003333615.1,ecor_neighborhoods/GCF_003333615.1_prophage_3.png
GCF_003333615.1_prophage_4,ECOR-54,54,GCF_003333615.1,GCA_003333615.1,QOYN00000000.1,NZ_QOYN01000009.1,1491,17319,15829,0.0,Siphoviridae / Podoviridae / Bicaudaviridae,36355,0,,GCF_003333615.1,1,GCF_003333615.1_prophage_4,20,GCF_002189715.1_prophage_1,0.0,https://www.ncbi.nlm.nih.gov/nuccore/NZ_QOYN01000009.1,https://www.ncbi.nlm.nih.gov/nuccore/NZ_QOYN01000009.1?report=fasta&from=1491&to=17319,https://www.ncbi.nlm.nih.gov/assembly/GCF_003333615.1,ecor_neighborhoods/GCF_003333615.1_prophage_4.png
GCF_003333645.1_prophage_1,ECOR-58,58,GCF_003333645.1,GCA_003333645.1,QOYR00000000.1,NZ_QOYR01000001.1,87277,133596,46320,0.0,Siphoviridae,36356,0,,GCF_003333645.1,1,GCF_003333645.1_prophage_1,42,GCF_013369575.1_prophage_5,0.000144,https://www.ncbi.nlm.nih.gov/nuccore/NZ_QOYR01000001.1,https://www.ncbi.nlm.nih.gov/nuccore/NZ_QOYR01000001.1?report=fasta&from=87277&to=133596,https://www.ncbi.nlm.nih.gov/assembly/GCF_003333645.1,ecor_neighborhoods/GCF_003333645.1_prophage_1.png
GCF_003333645.1_prophage_2,ECOR-58,58,GCF_003333645.1,GCA_003333645.1,QOYR00000000.1,NZ_QOYR01000043.1,3,32704,32702,0.0,Siphoviridae,36357,0,,GCF_003333645.1,1,GCF_003333645.1_prophage_2,55,GCF_002475135.1_prophage_2,0.000336,https://www.ncbi.nlm.nih.gov/nuccore/NZ_QOYR01000043.1,https://www.ncbi.nlm.nih.gov/nuccore/NZ_QOYR01000043.1?report=fasta&from=3&to=32704,https://www.ncbi.nlm.nih.gov/assembly/GCF_003333645.1,ecor_neighborhoods/GCF_003333645.1_prophage_2.png
GCF_003333645.1_prophage_3,ECOR-58,58,GCF_003333645.1,GCA_003333645.1,QOYR00000000.1,NZ_QOYR01000046.1,37411,52366,14956,0.0,Myoviridae,36358,0,,GCF_003333645.1,1,GCF_003333645.1_prophage_3,43,GCF_002971195.1_prophage_1,0.000168,https://www.ncbi.nlm.nih.gov/nuccore/NZ_QOYR01000046.1,https://www.ncbi.nlm.nih.gov/nuccore/NZ_QOYR01000046.1?report=fasta&from=37411&to=52366,https://www.ncbi.nlm.nih.gov/assembly/GCF_003333645.1,ecor_neighborhoods/GCF_003333645.1_prophage_3.png
GCF_003333645.1_prophage_4,ECOR-58,58,GCF_003333645.1,GCA_003333645.1,QOYR00000000.1,NZ_QOYR01000005.1,84158,120151,35994,0.0,Myoviridae,36359,0,,GCF_003333645.1,1,GCF_003333645.1_prophage_4,49,GCF_002189825.1_prophage_2,0.0,https://www.ncbi.nlm.nih.gov/nuccore/NZ_QOYR01000005.1,https://www.ncbi.nlm.nih.gov/nuccore/NZ_QOYR01000005.1?report=fasta&from=84158&to=120151,https://www.ncbi.nlm.nih.gov/assembly/GCF_003333645.1,ecor_neighborhoods/GCF_003333645.1_prophage_4.png
GCF_003333655.1_prophage_1,ECOR-53,53,GCF_003333655.1,GCA_003333655.1,QOYM00000000.1,NZ_QOYM01000017.1,58073,89633,31561,0.0,Myoviridae,36360,0,,GCF_003333655.1,1,GCF_003333655.1_prophage_1,59,GCF_002189745.1_prophage_1,0.0,https://www.ncbi.nlm.nih.gov/nuccore/NZ_QOYM01000017.1,https://www.ncbi.nlm.nih.gov/nuccore/NZ_QOYM01000017.1?report=fasta&from=58073&to=89633,https://www.ncbi.nlm.nih.gov/assembly/GCF_003333655.1,ecor_neighborhoods/GCF_003333655.1_prophage_1.png
GCF_003333655.1_prophage_2,ECOR-53,53,GCF_003333655.1,GCA_003333655.1,QOYM00000000.1,NZ_QOYM01000020.1,3,33125,33123,0.0,Siphoviridae,36361,0,,GCF_003333655.1,1,GCF_003333655.1_prophage_2,10,GCF_001519125.1_prophage_2,0.00601,https://www.ncbi.nlm.nih.gov/nuccore/NZ_QOYM01000020.1,https://www.ncbi.nlm.nih.gov/nuccore/NZ_QOYM01000020.1?report=fasta&from=3&to=33125,https://www.ncbi.nlm.nih.gov/assembly/GCF_003333655.1,ecor_neighborhoods/GCF_003333655.1_prophage_2.png
GCF_003333675.1_prophage_1,ECOR-50,50,GCF_003333675.1,GCA_003333675.1,QOYJ00000000.1,NZ_QOYJ01000011.1,4137,35161,31025,0.0,Siphoviridae,36362,0,,GCF_003333675.1,1,GCF_003333675.1_prophage_1,30,GCF_003333685.1_prophage_3,0.000362,https://www.ncbi.nlm.nih.gov/nuccore/NZ_QOYJ01000011.1,https://www.ncbi.nlm.nih.gov/nuccore/NZ_QOYJ01000011.1?report=fasta&from=4137&to=35161,https://www.ncbi.nlm.nih.gov/assembly/GCF_003333675.1,ecor_neighborhoods/GCF_003333675.1_prophage_1.png
GCF_003333675.1_prophage_2,ECOR-50,50,GCF_003333675.1,GCA_003333675.1,QOYJ00000000.1,NZ_QOYJ01000012.1,12198,18810,6613,0.0,Unknown,36363,0,,GCF_003333675.1,1,GCF_003333675.1_prophage_2,55,GCF_002191035.1_prophage_1,0.004148,https://www.ncbi.nlm.nih.gov/nuccore/NZ_QOYJ01000012.1,https://www.ncbi.nlm.nih.gov/nuccore/NZ_QOYJ01000012.1?report=fasta&from=12198&to=18810,https://www.ncbi.nlm.nih.gov/assembly/GCF_003333675.1,ecor_neighborhoods/GCF_003333675.1_prophage_2.png
GCF_003333675.1_prophage_3,ECOR-50,50,GCF_003333675.1,GCA_003333675.1,QOYJ00000000.1,NZ_QOYJ01000014.1,11128,48465,37338,0.0,Myoviridae,36364,0,,GCF_003333675.1,1,GCF_003333675.1_prophage_3,9,GCF_011751285.1_prophage_4,0.003982,https://www.ncbi.nlm.nih.gov/nuccore/NZ_QOYJ01000014.1,https://www.ncbi.nlm.nih.gov/nuccore/NZ_QOYJ01000014.1?report=fasta&from=11128&to=48465,https://www.ncbi.nlm.nih.gov/assembly/GCF_003333675.1,ecor_neighborhoods/GCF_003333675.1_prophage_3.png
GCF_003333675.1_prophage_4,ECOR-50,50,GCF_003333675.1,GCA_003333675.1,QOYJ00000000.1,NZ_QOYJ01000015.1,85915,91460,5546,0.0,Unknown,36365,0,,GCF_003333675.1,1,GCF_003333675.1_prophage_4,20,GCF_016785405.1_prophage_6,0.01359,https://www.ncbi.nlm.nih.gov/nuccore/NZ_QOYJ01000015.1,https://www.ncbi.nlm.nih.gov/nuccore/NZ_QOYJ01000015.1?report=fasta&from=85915&to=91460,https://www.ncbi.nlm.nih.gov/assembly/GCF_003333675.1,ecor_neighborhoods/GCF_003333675.1_prophage_4.png
GCF_003333675.1_prophage_5,ECOR-50,50,GCF_003333675.1,GCA_003333675.1,QOYJ00000000.1,NZ_QOYJ01000001.1,184,24144,23961,0.0,Myoviridae,36366,0,,GCF_003333675.1,1,GCF_003333675.1_prophage_5,44,GCF_002466825.1_prophage_1,0.001548,https://www.ncbi.nlm.nih.gov/nuccore/NZ_QOYJ01000001.1,https://www.ncbi.nlm.nih.gov/nuccore/NZ_QOYJ01000001.1?report=fasta&from=184&to=24144,https://www.ncbi.nlm.nih.gov/assembly/GCF_003333675.1,ecor_neighborhoods/GCF_003333675.1_prophage_5.png
GCF_003333675.1_prophage_6,ECOR-50,50,GCF_003333675.1,GCA_003333675.1,QOYJ00000000.1,NZ_QOYJ01000024.1,48250,59785,11536,0.0,Myoviridae,36367,0,,GCF_003333675.1,1,GCF_003333675.1_prophage_6,53,GCF_001309615.1_prophage_1,0.00277,https://www.ncbi.nlm.nih.gov/nuccore/NZ_QOYJ01000024.1,https://www.ncbi.nlm.nih.gov/nuccore/NZ_QOYJ01000024.1?report=fasta&from=48250&to=59785,https://www.ncbi.nlm.nih.gov/assembly/GCF_003333675.1,ecor_neighborhoods/GCF_003333675.1_prophage_6.png
GCF_003333675.1_prophage_7,ECOR-50,50,GCF_003333675.1,GCA_003333675.1,QOYJ00000000.1,NZ_QOYJ01000028.1,39553,57687,18135,0.0,Unknown,36368,0,,GCF_003333675.1,1,GCF_003333675.1_prophage_7,60,GCF_002233155.1_prophage_1,0.003422,https://www.ncbi.nlm.nih.gov/nuccore/NZ_QOYJ01000028.1,https://www.ncbi.nlm.nih.gov/nuccore/NZ_QOYJ01000028.1?report=fasta&from=39553&to=57687,https://www.ncbi.nlm.nih.gov/assembly/GCF_003333675.1,ecor_neighborhoods/GCF_003333675.1_prophage_7.png
GCF_003333675.1_prophage_8,ECOR-50,50,GCF_003333675.1,GCA_003333675.1,QOYJ00000000.1,NZ_QOYJ01000008.1,104513,130786,26274,0.0,Podoviridae,36369,0,,GCF_003333675.1,1,GCF_003333675.1_prophage_8,16,GCF_000488135.1_prophage_8,0.011984,https://www.ncbi.nlm.nih.gov/nuccore/NZ_QOYJ01000008.1,https://www.ncbi.nlm.nih.gov/nuccore/NZ_QOYJ01000008.1?report=fasta&from=104513&to=130786,https://www.ncbi.nlm.nih.gov/assembly/GCF_003333675.1,ecor_neighborhoods/GCF_003333675.1_prophage_8.png
GCF_003333685.1_prophage_1,ECOR-49,49,GCF_003333685.1,GCA_003333685.1,QOYI00000000.1,NZ_QOYI01000073.1,58794,71905,13112,0.0,Myoviridae,36370,0,,GCF_003333685.1,1,GCF_003333685.1_prophage_1,17,GCF_002190975.1_prophage_3,0.0,https://www.ncbi.nlm.nih.gov/nuccore/NZ_QOYI01000073.1,https://www.ncbi.nlm.nih.gov/nuccore/NZ_QOYI01000073.1?report=fasta&from=58794&to=71905,https://www.ncbi.nlm.nih.gov/assembly/GCF_003333685.1,ecor_neighborhoods/GCF_003333685.1_prophage_1.png
GCF_003333685.1_prophage_2,ECOR-49,49,GCF_003333685.1,GCA_003333685.1,QOYI00000000.1,NZ_QOYI01000081.1,22151,38603,16453,0.0,Unknown,36371,0,,GCF_003333685.1,1,GCF_003333685.1_prophage_2,60,GCF_000352745.1_prophage_1,0.000386,https://www.ncbi.nlm.nih.gov/nuccore/NZ_QOYI01000081.1,https://www.ncbi.nlm.nih.gov/nuccore/NZ_QOYI01000081.1?report=fasta&from=22151&to=38603,https://www.ncbi.nlm.nih.gov/assembly/GCF_003333685.1,ecor_neighborhoods/GCF_003333685.1_prophage_2.png
GCF_003333685.1_prophage_3,ECOR-49,49,GCF_003333685.1,GCA_003333685.1,QOYI00000000.1,NZ_QOYI01000092.1,93685,124711,31027,0.0,Siphoviridae,36372,0,,GCF_003333685.1,1,GCF_003333685.1_prophage_3,30,GCF_003333675.1_prophage_1,0.000362,https://www.ncbi.nlm.nih.gov/nuccore/NZ_QOYI01000092.1,https://www.ncbi.nlm.nih.gov/nuccore/NZ_QOYI01000092.1?report=fasta&from=93685&to=124711,https://www.ncbi.nlm.nih.gov/assembly/GCF_003333685.1,ecor_neighborhoods/GCF_003333685.1_prophage_3.png
GCF_003333715.1_prophage_1,ECOR-47,47,GCF_003333715.1,GCA_003333715.1,QOYG00000000.1,NZ_QOYG01000016.1,28025,67681,39657,0.0,Myoviridae,36373,0,,GCF_003333715.1,1,GCF_003333715.1_prophage_1,51,GCF_002244815.1_prophage_1,0.002244,https://www.ncbi.nlm.nih.gov/nuccore/NZ_QOYG01000016.1,https://www.ncbi.nlm.nih.gov/nuccore/NZ_QOYG01000016.1?report=fasta&from=28025&to=67681,https://www.ncbi.nlm.nih.gov/assembly/GCF_003333715.1,ecor_neighborhoods/GCF_003333715.1_prophage_1.png
GCF_003333715.1_prophage_2,ECOR-47,47,GCF_003333715.1,GCA_003333715.1,QOYG00000000.1,NZ_QOYG01000018.1,76,31540,31465,0.0,Siphoviridae,36374,0,,GCF_003333715.1,1,GCF_003333715.1_prophage_2,59,GCF_003333605.1_prophage_1,0.027719,https://www.ncbi.nlm.nih.gov/nuccore/NZ_QOYG01000018.1,https://www.ncbi.nlm.nih.gov/nuccore/NZ_QOYG01000018.1?report=fasta&from=76&to=31540,https://www.ncbi.nlm.nih.gov/assembly/GCF_003333715.1,ecor_neighborhoods/GCF_003333715.1_prophage_2.png
GCF_003333715.1_prophage_3,ECOR-47,47,GCF_003333715.1,GCA_003333715.1,QOYG00000000.1,NZ_QOYG01000003.1,33150,59810,26661,0.0,Myoviridae / Podoviridae,36375,0,,GCF_003333715.1,1,GCF_003333715.1_prophage_3,50,GCF_002190945.1_prophage_5,0.001574,https://www.ncbi.nlm.nih.gov/nuccore/NZ_QOYG01000003.1,https://www.ncbi.nlm.nih.gov/nuccore/NZ_QOYG01000003.1?report=fasta&from=33150&to=59810,https://www.ncbi.nlm.nih.gov/assembly/GCF_003333715.1,ecor_neighborhoods/GCF_003333715.1_prophage_3.png
GCF_003333715.1_prophage_4,ECOR-47,47,GCF_003333715.1,GCA_003333715.1,QOYG00000000.1,NZ_QOYG01000008.1,59981,95319,35339,0.0,Myoviridae,36376,0,,GCF_003333715.1,1,GCF_003333715.1_prophage_4,40,GCF_002190945.1_prophage_3,0.0,https://www.ncbi.nlm.nih.gov/nuccore/NZ_QOYG01000008.1,https://www.ncbi.nlm.nih.gov/nuccore/NZ_QOYG01000008.1?report=fasta&from=59981&to=95319,https://www.ncbi.nlm.nih.gov/assembly/GCF_003333715.1,ecor_neighborhoods/GCF_003333715.1_prophage_4.png
GCF_003333735.1_prophage_1,ECOR-45,45,GCF_003333735.1,GCA_003333735.1,QOYE00000000.1,NZ_QOYE01000002.1,99451,133763,34313,0.0,Myoviridae,36377,0,,GCF_003333735.1,1,GCF_003333735.1_prophage_1,29,GCF_002191105.1_prophage_2,0.000192,https://www.ncbi.nlm.nih.gov/nuccore/NZ_QOYE01000002.1,https://www.ncbi.nlm.nih.gov/nuccore/NZ_QOYE01000002.1?report=fasta&from=99451&to=133763,https://www.ncbi.nlm.nih.gov/assembly/GCF_003333735.1,ecor_neighborhoods/GCF_003333735.1_prophage_1.png
GCF_003333765.1_prophage_1,ECOR-44,44,GCF_003333765.1,GCA_003333765.1,QOYD00000000.1,NZ_QOYD01000019.1,91532,105786,14255,0.0,Podoviridae,36378,0,,GCF_003333765.1,1,GCF_003333765.1_prophage_1,18,GCF_003145755.1_prophage_4,0.00528,https://www.ncbi.nlm.nih.gov/nuccore/NZ_QOYD01000019.1,https://www.ncbi.nlm.nih.gov/nuccore/NZ_QOYD01000019.1?report=fasta&from=91532&to=105786,https://www.ncbi.nlm.nih.gov/assembly/GCF_003333765.1,ecor_neighborhoods/GCF_003333765.1_prophage_1.png
GCF_003333765.1_prophage_2,ECOR-44,44,GCF_003333765.1,GCA_003333765.1,QOYD00000000.1,NZ_QOYD01000001.1,254798,292399,37602,0.0,Myoviridae,36379,0,,GCF_003333765.1,1,GCF_003333765.1_prophage_2,20,GCF_002535275.1_prophage_3,7.2e-05,https://www.ncbi.nlm.nih.gov/nuccore/NZ_QOYD01000001.1,https://www.ncbi.nlm.nih.gov/nuccore/NZ_QOYD01000001.1?report=fasta&from=254798&to=292399,https://www.ncbi.nlm.nih.gov/assembly/GCF_003333765.1,ecor_neighborhoods/GCF_003333765.1_prophage_2.png
GCF_003333765.1_prophage_3,ECOR-44,44,GCF_003333765.1,GCA_003333765.1,QOYD00000000.1,NZ_QOYD01000023.1,3,22764,22762,0.0,Myoviridae,36380,0,,GCF_003333765.1,1,GCF_003333765.1_prophage_3,34,GCF_002191075.1_prophage_5,0.00208,https://www.ncbi.nlm.nih.gov/nuccore/NZ_QOYD01000023.1,https://www.ncbi.nlm.nih.gov/nuccore/NZ_QOYD01000023.1?report=fasta&from=3&to=22764,https://www.ncbi.nlm.nih.gov/assembly/GCF_003333765.1,ecor_neighborhoods/GCF_003333765.1_prophage_3.png
GCF_003333765.1_prophage_4,ECOR-44,44,GCF_003333765.1,GCA_003333765.1,QOYD00000000.1,NZ_QOYD01000027.1,1474,7776,6303,0.0,Myoviridae,36381,0,,GCF_003333765.1,1,GCF_003333765.1_prophage_4,13,GCF_002191075.1_prophage_3,0.0,https://www.ncbi.nlm.nih.gov/nuccore/NZ_QOYD01000027.1,https://www.ncbi.nlm.nih.gov/nuccore/NZ_QOYD01000027.1?report=fasta&from=1474&to=7776,https://www.ncbi.nlm.nih.gov/assembly/GCF_003333765.1,ecor_neighborhoods/GCF_003333765.1_prophage_4.png
GCF_003333765.1_prophage_5,ECOR-44,44,GCF_003333765.1,GCA_003333765.1,QOYD00000000.1,NZ_QOYD01000028.1,1209,6557,5349,1.0,Unknown,36382,0,,GCF_003333765.1,1,GCF_003333765.1_prophage_5,59,GCF_005045435.1_prophage_5,0.027621,https://www.ncbi.nlm.nih.gov/nuccore/NZ_QOYD01000028.1,https://www.ncbi.nlm.nih.gov/nuccore/NZ_QOYD01000028.1?report=fasta&from=1209&to=6557,https://www.ncbi.nlm.nih.gov/assembly/GCF_003333765.1,ecor_neighborhoods/GCF_003333765.1_prophage_5.png
GCF_003333765.1_prophage_6,ECOR-44,44,GCF_003333765.1,GCA_003333765.1,QOYD00000000.1,NZ_QOYD01000002.1,366,25589,25224,0.0,Myoviridae,36383,0,,GCF_003333765.1,1,GCF_003333765.1_prophage_6,16,GCF_002191075.1_prophage_2,0.000168,https://www.ncbi.nlm.nih.gov/nuccore/NZ_QOYD01000002.1,https://www.ncbi.nlm.nih.gov/nuccore/NZ_QOYD01000002.1?report=fasta&from=366&to=25589,https://www.ncbi.nlm.nih.gov/assembly/GCF_003333765.1,ecor_neighborhoods/GCF_003333765.1_prophage_6.png
GCF_003333765.1_prophage_7,ECOR-44,44,GCF_003333765.1,GCA_003333765.1,QOYD00000000.1,NZ_QOYD01000030.1,54940,57693,2754,0.0,Unknown,36384,0,,GCF_003333765.1,1,GCF_003333765.1_prophage_7,14,GCF_001742705.1_prophage_1,0.046608,https://www.ncbi.nlm.nih.gov/nuccore/NZ_QOYD01000030.1,https://www.ncbi.nlm.nih.gov/nuccore/NZ_QOYD01000030.1?report=fasta&from=54940&to=57693,https://www.ncbi.nlm.nih.gov/assembly/GCF_003333765.1,ecor_neighborhoods/GCF_003333765.1_prophage_7.png
GCF_003333775.1_prophage_1,ECOR-43,43,GCF_003333775.1,GCA_003333775.1,QOYC00000000.1,NZ_QOYC01000011.1,113061,128885,15825,0.0,Siphoviridae / Podoviridae,36385,0,,GCF_003333775.1,1,GCF_003333775.1_prophage_1,58,GCF_003981345.1_prophage_1,0.0033,https://www.ncbi.nlm.nih.gov/nuccore/NZ_QOYC01000011.1,https://www.ncbi.nlm.nih.gov/nuccore/NZ_QOYC01000011.1?report=fasta&from=113061&to=128885,https://www.ncbi.nlm.nih.gov/assembly/GCF_003333775.1,ecor_neighborhoods/GCF_003333775.1_prophage_1.png
GCF_003333775.1_prophage_2,ECOR-43,43,GCF_003333775.1,GCA_003333775.1,QOYC00000000.1,NZ_QOYC01000012.1,78896,89064,10169,0.0,Siphoviridae,36386,0,,GCF_003333775.1,1,GCF_003333775.1_prophage_2,48,GCF_900447915.1_prophage_4,0.0,https://www.ncbi.nlm.nih.gov/nuccore/NZ_QOYC01000012.1,https://www.ncbi.nlm.nih.gov/nuccore/NZ_QOYC01000012.1?report=fasta&from=78896&to=89064,https://www.ncbi.nlm.nih.gov/assembly/GCF_003333775.1,ecor_neighborhoods/GCF_003333775.1_prophage_2.png
GCF_003333775.1_prophage_3,ECOR-43,43,GCF_003333775.1,GCA_003333775.1,QOYC00000000.1,NZ_QOYC01000012.1,102369,121484,19116,0.0,Myoviridae / Podoviridae,36387,0,,GCF_003333775.1,1,GCF_003333775.1_prophage_3,48,GCF_013350115.1_prophage_4,0.002354,https://www.ncbi.nlm.nih.gov/nuccore/NZ_QOYC01000012.1,https://www.ncbi.nlm.nih.gov/nuccore/NZ_QOYC01000012.1?report=fasta&from=102369&to=121484,https://www.ncbi.nlm.nih.gov/assembly/GCF_003333775.1,ecor_neighborhoods/GCF_003333775.1_prophage_3.png
GCF_003333775.1_prophage_4,ECOR-43,43,GCF_003333775.1,GCA_003333775.1,QOYC00000000.1,NZ_QOYC01000013.1,27137,36553,9417,0.0,Siphoviridae,36388,0,,GCF_003333775.1,1,GCF_003333775.1_prophage_4,5,GCF_900478775.1_prophage_5,0.00192,https://www.ncbi.nlm.nih.gov/nuccore/NZ_QOYC01000013.1,https://www.ncbi.nlm.nih.gov/nuccore/NZ_QOYC01000013.1?report=fasta&from=27137&to=36553,https://www.ncbi.nlm.nih.gov/assembly/GCF_003333775.1,ecor_neighborhoods/GCF_003333775.1_prophage_4.png
GCF_003333775.1_prophage_5,ECOR-43,43,GCF_003333775.1,GCA_003333775.1,QOYC00000000.1,NZ_QOYC01000017.1,4181,31334,27154,0.0,Myoviridae,36389,0,,GCF_003333775.1,1,GCF_003333775.1_prophage_5,52,GCF_000617425.1_prophage_2,0.004634,https://www.ncbi.nlm.nih.gov/nuccore/NZ_QOYC01000017.1,https://www.ncbi.nlm.nih.gov/nuccore/NZ_QOYC01000017.1?report=fasta&from=4181&to=31334,https://www.ncbi.nlm.nih.gov/assembly/GCF_003333775.1,ecor_neighborhoods/GCF_003333775.1_prophage_5.png
GCF_003333775.1_prophage_6,ECOR-43,43,GCF_003333775.1,GCA_003333775.1,QOYC00000000.1,NZ_QOYC01000002.1,253481,259897,6417,0.0,Unknown,36390,0,,GCF_003333775.1,1,GCF_003333775.1_prophage_6,41,GCF_013424615.1_prophage_3,0.03502,https://www.ncbi.nlm.nih.gov/nuccore/NZ_QOYC01000002.1,https://www.ncbi.nlm.nih.gov/nuccore/NZ_QOYC01000002.1?report=fasta&from=253481&to=259897,https://www.ncbi.nlm.nih.gov/assembly/GCF_003333775.1,ecor_neighborhoods/GCF_003333775.1_prophage_6.png
GCF_003333775.1_prophage_7,ECOR-43,43,GCF_003333775.1,GCA_003333775.1,QOYC00000000.1,NZ_QOYC01000041.1,18214,33720,15507,0.0,Myoviridae / Podoviridae,36391,0,,GCF_003333775.1,1,GCF_003333775.1_prophage_7,34,GCF_003302775.1_prophage_1,0.016442,https://www.ncbi.nlm.nih.gov/nuccore/NZ_QOYC01000041.1,https://www.ncbi.nlm.nih.gov/nuccore/NZ_QOYC01000041.1?report=fasta&from=18214&to=33720,https://www.ncbi.nlm.nih.gov/assembly/GCF_003333775.1,ecor_neighborhoods/GCF_003333775.1_prophage_7.png
GCF_003333785.1_prophage_1,ECOR-42,42,GCF_003333785.1,GCA_003333785.1,QOYB00000000.1,NZ_QOYB01000016.1,162,66706,66545,0.0,Myoviridae,36392,0,,GCF_003333785.1,1,GCF_003333785.1_prophage_1,3,GCF_000781455.1_prophage_1,0.0195,https://www.ncbi.nlm.nih.gov/nuccore/NZ_QOYB01000016.1,https://www.ncbi.nlm.nih.gov/nuccore/NZ_QOYB01000016.1?report=fasta&from=162&to=66706,https://www.ncbi.nlm.nih.gov/assembly/GCF_003333785.1,ecor_neighborhoods/GCF_003333785.1_prophage_1.png
GCF_003333785.1_prophage_2,ECOR-42,42,GCF_003333785.1,GCA_003333785.1,QOYB00000000.1,NZ_QOYB01000003.1,45004,84222,39219,0.0,Myoviridae,36393,0,,GCF_003333785.1,1,GCF_003333785.1_prophage_2,29,GCF_002190935.1_prophage_1,0.0,https://www.ncbi.nlm.nih.gov/nuccore/NZ_QOYB01000003.1,https://www.ncbi.nlm.nih.gov/nuccore/NZ_QOYB01000003.1?report=fasta&from=45004&to=84222,https://www.ncbi.nlm.nih.gov/assembly/GCF_003333785.1,ecor_neighborhoods/GCF_003333785.1_prophage_2.png
GCF_003333785.1_prophage_3,ECOR-42,42,GCF_003333785.1,GCA_003333785.1,QOYB00000000.1,NZ_QOYB01000003.1,384765,394655,9891,0.0,Siphoviridae,36394,0,,GCF_003333785.1,1,GCF_003333785.1_prophage_3,4,GCF_902505265.1_prophage_1,0.0,https://www.ncbi.nlm.nih.gov/nuccore/NZ_QOYB01000003.1,https://www.ncbi.nlm.nih.gov/nuccore/NZ_QOYB01000003.1?report=fasta&from=384765&to=394655,https://www.ncbi.nlm.nih.gov/assembly/GCF_003333785.1,ecor_neighborhoods/GCF_003333785.1_prophage_3.png
GCF_003333785.1_prophage_4,ECOR-42,42,GCF_003333785.1,GCA_003333785.1,QOYB00000000.1,NZ_QOYB01000004.1,62269,105866,43598,0.0,Siphoviridae,36395,0,,GCF_003333785.1,1,GCF_003333785.1_prophage_4,2,GCF_002190935.1_prophage_3,0.01002,https://www.ncbi.nlm.nih.gov/nuccore/NZ_QOYB01000004.1,https://www.ncbi.nlm.nih.gov/nuccore/NZ_QOYB01000004.1?report=fasta&from=62269&to=105866,https://www.ncbi.nlm.nih.gov/assembly/GCF_003333785.1,ecor_neighborhoods/GCF_003333785.1_prophage_4.png
GCF_003333795.1_prophage_1,ECOR-41,41,GCF_003333795.1,GCA_003333795.1,QOYA00000000.1,NZ_QOYA01000001.1,297936,335486,37551,0.0,Myoviridae,36396,0,,GCF_003333795.1,1,GCF_003333795.1_prophage_1,44,GCF_002484595.1_prophage_1,2.4e-05,https://www.ncbi.nlm.nih.gov/nuccore/NZ_QOYA01000001.1,https://www.ncbi.nlm.nih.gov/nuccore/NZ_QOYA01000001.1?report=fasta&from=297936&to=335486,https://www.ncbi.nlm.nih.gov/assembly/GCF_003333795.1,ecor_neighborhoods/GCF_003333795.1_prophage_1.png
GCF_003333795.1_prophage_2,ECOR-41,41,GCF_003333795.1,GCA_003333795.1,QOYA00000000.1,NZ_QOYA01000026.1,29295,33279,3985,0.0,Unknown,36397,0,,GCF_003333795.1,1,GCF_003333795.1_prophage_2,36,GCF_002190885.1_prophage_6,0.0,https://www.ncbi.nlm.nih.gov/nuccore/NZ_QOYA01000026.1,https://www.ncbi.nlm.nih.gov/nuccore/NZ_QOYA01000026.1?report=fasta&from=29295&to=33279,https://www.ncbi.nlm.nih.gov/assembly/GCF_003333795.1,ecor_neighborhoods/GCF_003333795.1_prophage_2.png
GCF_003333795.1_prophage_3,ECOR-41,41,GCF_003333795.1,GCA_003333795.1,QOYA00000000.1,NZ_QOYA01000026.1,49173,62498,13326,0.0,Myoviridae,36398,0,,GCF_003333795.1,1,GCF_003333795.1_prophage_3,10,GCF_000459595.1_prophage_1,0.000558,https://www.ncbi.nlm.nih.gov/nuccore/NZ_QOYA01000026.1,https://www.ncbi.nlm.nih.gov/nuccore/NZ_QOYA01000026.1?report=fasta&from=49173&to=62498,https://www.ncbi.nlm.nih.gov/assembly/GCF_003333795.1,ecor_neighborhoods/GCF_003333795.1_prophage_3.png
GCF_003333795.1_prophage_4,ECOR-41,41,GCF_003333795.1,GCA_003333795.1,QOYA00000000.1,NZ_QOYA01000002.1,718,8333,7616,0.0,Podoviridae,36399,0,,GCF_003333795.1,1,GCF_003333795.1_prophage_4,23,GCF_001622135.1_prophage_2,0.0,https://www.ncbi.nlm.nih.gov/nuccore/NZ_QOYA01000002.1,https://www.ncbi.nlm.nih.gov/nuccore/NZ_QOYA01000002.1?report=fasta&from=718&to=8333,https://www.ncbi.nlm.nih.gov/assembly/GCF_003333795.1,ecor_neighborhoods/GCF_003333795.1_prophage_4.png
GCF_003333795.1_prophage_5,ECOR-41,41,GCF_003333795.1,GCA_003333795.1,QOYA00000000.1,NZ_QOYA01000002.1,13345,29928,16584,0.0,Siphoviridae,36400,0,,GCF_003333795.1,1,GCF_003333795.1_prophage_5,35,GCF_002888495.2_prophage_6,0.0,https://www.ncbi.nlm.nih.gov/nuccore/NZ_QOYA01000002.1,https://www.ncbi.nlm.nih.gov/nuccore/NZ_QOYA01000002.1?report=fasta&from=13345&to=29928,https://www.ncbi.nlm.nih.gov/assembly/GCF_003333795.1,ecor_neighborhoods/GCF_003333795.1_prophage_5.png
GCF_003333795.1_prophage_6,ECOR-41,41,GCF_003333795.1,GCA_003333795.1,QOYA00000000.1,NZ_QOYA01000037.1,24976,41778,16803,0.0,Myoviridae,36401,0,,GCF_003333795.1,1,GCF_003333795.1_prophage_6,39,GCF_002190885.1_prophage_4,0.0,https://www.ncbi.nlm.nih.gov/nuccore/NZ_QOYA01000037.1,https://www.ncbi.nlm.nih.gov/nuccore/NZ_QOYA01000037.1?report=fasta&from=24976&to=41778,https://www.ncbi.nlm.nih.gov/assembly/GCF_003333795.1,ecor_neighborhoods/GCF_003333795.1_prophage_6.png
GCF_003333795.1_prophage_7,ECOR-41,41,GCF_003333795.1,GCA_003333795.1,QOYA00000000.1,NZ_QOYA01000040.1,678,17929,17252,0.0,Myoviridae,36402,0,,GCF_003333795.1,1,GCF_003333795.1_prophage_7,51,GCF_916164095.1_prophage_4,0.0,https://www.ncbi.nlm.nih.gov/nuccore/NZ_QOYA01000040.1,https://www.ncbi.nlm.nih.gov/nuccore/NZ_QOYA01000040.1?report=fasta&from=678&to=17929,https://www.ncbi.nlm.nih.gov/assembly/GCF_003333795.1,ecor_neighborhoods/GCF_003333795.1_prophage_7.png
GCF_003333795.1_prophage_8,ECOR-41,41,GCF_003333795.1,GCA_003333795.1,QOYA00000000.1,NZ_QOYA01000046.1,2386,17488,15103,0.0,Myoviridae,36403,0,,GCF_003333795.1,1,GCF_003333795.1_prophage_8,42,GCF_002466825.1_prophage_3,0.0,https://www.ncbi.nlm.nih.gov/nuccore/NZ_QOYA01000046.1,https://www.ncbi.nlm.nih.gov/nuccore/NZ_QOYA01000046.1?report=fasta&from=2386&to=17488,https://www.ncbi.nlm.nih.gov/assembly/GCF_003333795.1,ecor_neighborhoods/GCF_003333795.1_prophage_8.png
GCF_003333845.1_prophage_1,ECOR-40,40,GCF_003333845.1,GCA_003333845.1,QOXZ00000000.1,NZ_QOXZ01000030.1,15991,53408,37418,0.0,Siphoviridae / Podoviridae,36404,0,,GCF_003333845.1,1,GCF_003333845.1_prophage_1,36,GCF_003333855.1_prophage_3,0.000656,https://www.ncbi.nlm.nih.gov/nuccore/NZ_QOXZ01000030.1,https://www.ncbi.nlm.nih.gov/nuccore/NZ_QOXZ01000030.1?report=fasta&from=15991&to=53408,https://www.ncbi.nlm.nih.gov/assembly/GCF_003333845.1,ecor_neighborhoods/GCF_003333845.1_prophage_1.png
GCF_003333845.1_prophage_2,ECOR-40,40,GCF_003333845.1,GCA_003333845.1,QOXZ00000000.1,NZ_QOXZ01000037.1,29381,44552,15172,0.0,Unknown,36405,0,,GCF_003333845.1,1,GCF_003333845.1_prophage_2,52,GCF_002191055.1_prophage_5,0.000434,https://www.ncbi.nlm.nih.gov/nuccore/NZ_QOXZ01000037.1,https://www.ncbi.nlm.nih.gov/nuccore/NZ_QOXZ01000037.1?report=fasta&from=29381&to=44552,https://www.ncbi.nlm.nih.gov/assembly/GCF_003333845.1,ecor_neighborhoods/GCF_003333845.1_prophage_2.png
GCF_003333845.1_prophage_3,ECOR-40,40,GCF_003333845.1,GCA_003333845.1,QOXZ00000000.1,NZ_QOXZ01000038.1,153,22863,22711,0.0,Myoviridae,36406,0,,GCF_003333845.1,1,GCF_003333845.1_prophage_3,54,GCF_916164095.1_prophage_3,0.000272,https://www.ncbi.nlm.nih.gov/nuccore/NZ_QOXZ01000038.1,https://www.ncbi.nlm.nih.gov/nuccore/NZ_QOXZ01000038.1?report=fasta&from=153&to=22863,https://www.ncbi.nlm.nih.gov/assembly/GCF_003333845.1,ecor_neighborhoods/GCF_003333845.1_prophage_3.png
GCF_003333845.1_prophage_4,ECOR-40,40,GCF_003333845.1,GCA_003333845.1,QOXZ00000000.1,NZ_QOXZ01000040.1,22875,40127,17253,0.0,Myoviridae,36407,0,,GCF_003333845.1,1,GCF_003333845.1_prophage_4,51,GCF_900499595.1_prophage_2,0.0,https://www.ncbi.nlm.nih.gov/nuccore/NZ_QOXZ01000040.1,https://www.ncbi.nlm.nih.gov/nuccore/NZ_QOXZ01000040.1?report=fasta&from=22875&to=40127,https://www.ncbi.nlm.nih.gov/assembly/GCF_003333845.1,ecor_neighborhoods/GCF_003333845.1_prophage_4.png
GCF_003333845.1_prophage_5,ECOR-40,40,GCF_003333845.1,GCA_003333845.1,QOXZ00000000.1,NZ_QOXZ01000041.1,1445,17238,15794,0.0,Podoviridae,36408,0,,GCF_003333845.1,1,GCF_003333845.1_prophage_5,53,GCF_003333855.1_prophage_8,0.001366,https://www.ncbi.nlm.nih.gov/nuccore/NZ_QOXZ01000041.1,https://www.ncbi.nlm.nih.gov/nuccore/NZ_QOXZ01000041.1?report=fasta&from=1445&to=17238,https://www.ncbi.nlm.nih.gov/assembly/GCF_003333845.1,ecor_neighborhoods/GCF_003333845.1_prophage_5.png
GCF_003333845.1_prophage_6,ECOR-40,40,GCF_003333845.1,GCA_003333845.1,QOXZ00000000.1,NZ_QOXZ01000044.1,3,30549,30547,0.0,Myoviridae,36409,0,,GCF_003333845.1,1,GCF_003333845.1_prophage_6,32,GCF_002190875.1_prophage_5,0.00024,https://www.ncbi.nlm.nih.gov/nuccore/NZ_QOXZ01000044.1,https://www.ncbi.nlm.nih.gov/nuccore/NZ_QOXZ01000044.1?report=fasta&from=3&to=30549,https://www.ncbi.nlm.nih.gov/assembly/GCF_003333845.1,ecor_neighborhoods/GCF_003333845.1_prophage_6.png
GCF_003333845.1_prophage_7,ECOR-40,40,GCF_003333845.1,GCA_003333845.1,QOXZ00000000.1,NZ_QOXZ01000045.1,20493,30912,10420,0.0,Myoviridae,36410,0,,GCF_003333845.1,1,GCF_003333845.1_prophage_7,39,GCF_907177055.1_prophage_10,0.0,https://www.ncbi.nlm.nih.gov/nuccore/NZ_QOXZ01000045.1,https://www.ncbi.nlm.nih.gov/nuccore/NZ_QOXZ01000045.1?report=fasta&from=20493&to=30912,https://www.ncbi.nlm.nih.gov/assembly/GCF_003333845.1,ecor_neighborhoods/GCF_003333845.1_prophage_7.png
GCF_003333845.1_prophage_8,ECOR-40,40,GCF_003333845.1,GCA_003333845.1,QOXZ00000000.1,NZ_QOXZ01000049.1,3,24236,24234,0.0,Siphoviridae,36411,0,,GCF_003333845.1,1,GCF_003333845.1_prophage_8,59,GCF_002465385.1_prophage_4,0.012796,https://www.ncbi.nlm.nih.gov/nuccore/NZ_QOXZ01000049.1,https://www.ncbi.nlm.nih.gov/nuccore/NZ_QOXZ01000049.1?report=fasta&from=3&to=24236,https://www.ncbi.nlm.nih.gov/assembly/GCF_003333845.1,ecor_neighborhoods/GCF_003333845.1_prophage_8.png
GCF_003333845.1_prophage_9,ECOR-40,40,GCF_003333845.1,GCA_003333845.1,QOXZ00000000.1,NZ_QOXZ01000006.1,129972,159516,29545,0.0,Siphoviridae,36412,0,,GCF_003333845.1,1,GCF_003333845.1_prophage_9,35,GCF_000782315.1_prophage_3,0.000152,https://www.ncbi.nlm.nih.gov/nuccore/NZ_QOXZ01000006.1,https://www.ncbi.nlm.nih.gov/nuccore/NZ_QOXZ01000006.1?report=fasta&from=129972&to=159516,https://www.ncbi.nlm.nih.gov/assembly/GCF_003333845.1,ecor_neighborhoods/GCF_003333845.1_prophage_9.png
GCF_003333855.1_prophage_1,ECOR-39,39,GCF_003333855.1,GCA_003333855.1,QOXY00000000.1,NZ_QOXY01000001.1,46981,83409,36429,0.0,Myoviridae,36413,0,,GCF_003333855.1,1,GCF_003333855.1_prophage_1,44,GCF_003334605.1_prophage_1,0.0,https://www.ncbi.nlm.nih.gov/nuccore/NZ_QOXY01000001.1,https://www.ncbi.nlm.nih.gov/nuccore/NZ_QOXY01000001.1?report=fasta&from=46981&to=83409,https://www.ncbi.nlm.nih.gov/assembly/GCF_003333855.1,ecor_neighborhoods/GCF_003333855.1_prophage_1.png
GCF_003333855.1_prophage_2,ECOR-39,39,GCF_003333855.1,GCA_003333855.1,QOXY00000000.1,NZ_QOXY01000002.1,8171,24618,16448,0.0,Siphoviridae,36414,0,,GCF_003333855.1,1,GCF_003333855.1_prophage_2,35,GCF_003334605.1_prophage_2,0.0,https://www.ncbi.nlm.nih.gov/nuccore/NZ_QOXY01000002.1,https://www.ncbi.nlm.nih.gov/nuccore/NZ_QOXY01000002.1?report=fasta&from=8171&to=24618,https://www.ncbi.nlm.nih.gov/assembly/GCF_003333855.1,ecor_neighborhoods/GCF_003333855.1_prophage_2.png
GCF_003333855.1_prophage_3,ECOR-39,39,GCF_003333855.1,GCA_003333855.1,QOXY00000000.1,NZ_QOXY01000032.1,15991,53905,37915,0.0,Siphoviridae,36415,0,2,GCF_003333855.1,1,GCF_003333855.1_prophage_3,36,GCF_003334605.1_prophage_3,0.0,https://www.ncbi.nlm.nih.gov/nuccore/NZ_QOXY01000032.1,https://www.ncbi.nlm.nih.gov/nuccore/NZ_QOXY01000032.1?report=fasta&from=15991&to=53905,https://www.ncbi.nlm.nih.gov/assembly/GCF_003333855.1,ecor_neighborhoods/GCF_003333855.1_prophage_3.png
GCF_003333855.1_prophage_4,ECOR-39,39,GCF_003333855.1,GCA_003333855.1,QOXY00000000.1,NZ_QOXY01000035.1,9693,42227,32535,0.0,Myoviridae,36416,0,,GCF_003333855.1,1,GCF_003333855.1_prophage_4,59,GCF_002190875.1_prophage_4,0.0,https://www.ncbi.nlm.nih.gov/nuccore/NZ_QOXY01000035.1,https://www.ncbi.nlm.nih.gov/nuccore/NZ_QOXY01000035.1?report=fasta&from=9693&to=42227,https://www.ncbi.nlm.nih.gov/assembly/GCF_003333855.1,ecor_neighborhoods/GCF_003333855.1_prophage_4.png
GCF_003333855.1_prophage_5,ECOR-39,39,GCF_003333855.1,GCA_003333855.1,QOXY00000000.1,NZ_QOXY01000042.1,678,17929,17252,0.0,Myoviridae,36417,0,,GCF_003333855.1,1,GCF_003333855.1_prophage_5,51,GCF_916164095.1_prophage_4,0.0,https://www.ncbi.nlm.nih.gov/nuccore/NZ_QOXY01000042.1,https://www.ncbi.nlm.nih.gov/nuccore/NZ_QOXY01000042.1?report=fasta&from=678&to=17929,https://www.ncbi.nlm.nih.gov/assembly/GCF_003333855.1,ecor_neighborhoods/GCF_003333855.1_prophage_5.png
GCF_003333855.1_prophage_6,ECOR-39,39,GCF_003333855.1,GCA_003333855.1,QOXY00000000.1,NZ_QOXY01000044.1,117,21803,21687,0.0,Myoviridae,36418,0,,GCF_003333855.1,1,GCF_003333855.1_prophage_6,54,GCF_003334605.1_prophage_5,0.0,https://www.ncbi.nlm.nih.gov/nuccore/NZ_QOXY01000044.1,https://www.ncbi.nlm.nih.gov/nuccore/NZ_QOXY01000044.1?report=fasta&from=117&to=21803,https://www.ncbi.nlm.nih.gov/assembly/GCF_003333855.1,ecor_neighborhoods/GCF_003333855.1_prophage_6.png
GCF_003333855.1_prophage_7,ECOR-39,39,GCF_003333855.1,GCA_003333855.1,QOXY00000000.1,NZ_QOXY01000047.1,1,30988,30988,0.0,Myoviridae,36419,0,,GCF_003333855.1,1,GCF_003333855.1_prophage_7,32,GCF_003334605.1_prophage_6,4.8e-05,https://www.ncbi.nlm.nih.gov/nuccore/NZ_QOXY01000047.1,https://www.ncbi.nlm.nih.gov/nuccore/NZ_QOXY01000047.1?report=fasta&from=1&to=30988,https://www.ncbi.nlm.nih.gov/assembly/GCF_003333855.1,ecor_neighborhoods/GCF_003333855.1_prophage_7.png
GCF_003333855.1_prophage_8,ECOR-39,39,GCF_003333855.1,GCA_003333855.1,QOXY00000000.1,NZ_QOXY01000057.1,3443,18585,15143,0.0,Podoviridae,36420,0,,GCF_003333855.1,1,GCF_003333855.1_prophage_8,53,GCF_003333845.1_prophage_5,0.001366,https://www.ncbi.nlm.nih.gov/nuccore/NZ_QOXY01000057.1,https://www.ncbi.nlm.nih.gov/nuccore/NZ_QOXY01000057.1?report=fasta&from=3443&to=18585,https://www.ncbi.nlm.nih.gov/assembly/GCF_003333855.1,ecor_neighborhoods/GCF_003333855.1_prophage_8.png
GCF_003333865.1_prophage_1,ECOR-37,37,GCF_003333865.1,GCA_003333865.1,QOXW00000000.1,NZ_QOXW01000021.1,470,87757,87288,0.0,Myoviridae,36421,0,,GCF_003333865.1,1,GCF_003333865.1_prophage_1,46,GCF_003323015.1_prophage_4,0.007856,https://www.ncbi.nlm.nih.gov/nuccore/NZ_QOXW01000021.1,https://www.ncbi.nlm.nih.gov/nuccore/NZ_QOXW01000021.1?report=fasta&from=470&to=87757,https://www.ncbi.nlm.nih.gov/assembly/GCF_003333865.1,ecor_neighborhoods/GCF_003333865.1_prophage_1.png
GCF_003333865.1_prophage_2,ECOR-37,37,GCF_003333865.1,GCA_003333865.1,QOXW00000000.1,NZ_QOXW01000002.1,26618,71865,45248,0.0,Myoviridae,36422,0,,GCF_003333865.1,1,GCF_003333865.1_prophage_2,10,GCF_013167935.1_prophage_1,4.8e-05,https://www.ncbi.nlm.nih.gov/nuccore/NZ_QOXW01000002.1,https://www.ncbi.nlm.nih.gov/nuccore/NZ_QOXW01000002.1?report=fasta&from=26618&to=71865,https://www.ncbi.nlm.nih.gov/assembly/GCF_003333865.1,ecor_neighborhoods/GCF_003333865.1_prophage_2.png
GCF_003333865.1_prophage_3,ECOR-37,37,GCF_003333865.1,GCA_003333865.1,QOXW00000000.1,NZ_QOXW01000044.1,1,21500,21500,0.0,Myoviridae,36423,0,,GCF_003333865.1,1,GCF_003333865.1_prophage_3,7,GCF_005395065.1_prophage_2,0.016538,https://www.ncbi.nlm.nih.gov/nuccore/NZ_QOXW01000044.1,https://www.ncbi.nlm.nih.gov/nuccore/NZ_QOXW01000044.1?report=fasta&from=1&to=21500,https://www.ncbi.nlm.nih.gov/assembly/GCF_003333865.1,ecor_neighborhoods/GCF_003333865.1_prophage_3.png
GCF_003333865.1_prophage_4,ECOR-37,37,GCF_003333865.1,GCA_003333865.1,QOXW00000000.1,NZ_QOXW01000048.1,782,3904,3123,0.0,Podoviridae,36424,0,,GCF_003333865.1,1,GCF_003333865.1_prophage_4,48,GCF_000249575.1_prophage_3,0.013283,https://www.ncbi.nlm.nih.gov/nuccore/NZ_QOXW01000048.1,https://www.ncbi.nlm.nih.gov/nuccore/NZ_QOXW01000048.1?report=fasta&from=782&to=3904,https://www.ncbi.nlm.nih.gov/assembly/GCF_003333865.1,ecor_neighborhoods/GCF_003333865.1_prophage_4.png
GCF_003333865.1_prophage_5,ECOR-37,37,GCF_003333865.1,GCA_003333865.1,QOXW00000000.1,NZ_QOXW01000049.1,23124,28223,5100,0.0,Myoviridae,36425,0,,GCF_003333865.1,1,GCF_003333865.1_prophage_5,21,GCF_001615115.1_prophage_1,0.011756,https://www.ncbi.nlm.nih.gov/nuccore/NZ_QOXW01000049.1,https://www.ncbi.nlm.nih.gov/nuccore/NZ_QOXW01000049.1?report=fasta&from=23124&to=28223,https://www.ncbi.nlm.nih.gov/assembly/GCF_003333865.1,ecor_neighborhoods/GCF_003333865.1_prophage_5.png
GCF_003333865.1_prophage_6,ECOR-37,37,GCF_003333865.1,GCA_003333865.1,QOXW00000000.1,NZ_QOXW01000055.1,3,24014,24012,0.0,Siphoviridae,36426,0,,GCF_003333865.1,1,GCF_003333865.1_prophage_6,17,GCF_001285725.1_prophage_4,0.000606,https://www.ncbi.nlm.nih.gov/nuccore/NZ_QOXW01000055.1,https://www.ncbi.nlm.nih.gov/nuccore/NZ_QOXW01000055.1?report=fasta&from=3&to=24014,https://www.ncbi.nlm.nih.gov/assembly/GCF_003333865.1,ecor_neighborhoods/GCF_003333865.1_prophage_6.png
GCF_003333875.1_prophage_1,ECOR-36,36,GCF_003333875.1,GCA_003333875.1,QOXV00000000.1,NZ_QOXV01000010.1,1670,20664,18995,0.0,Podoviridae,36427,0,,GCF_003333875.1,1,GCF_003333875.1_prophage_1,39,GCF_002190825.1_prophage_3,0.003666,https://www.ncbi.nlm.nih.gov/nuccore/NZ_QOXV01000010.1,https://www.ncbi.nlm.nih.gov/nuccore/NZ_QOXV01000010.1?report=fasta&from=1670&to=20664,https://www.ncbi.nlm.nih.gov/assembly/GCF_003333875.1,ecor_neighborhoods/GCF_003333875.1_prophage_1.png
GCF_003333875.1_prophage_2,ECOR-36,36,GCF_003333875.1,GCA_003333875.1,QOXV00000000.1,NZ_QOXV01000025.1,2839,37345,34507,0.0,Myoviridae,36428,0,,GCF_003333875.1,1,GCF_003333875.1_prophage_2,29,GCF_016093215.1_prophage_3,0.000216,https://www.ncbi.nlm.nih.gov/nuccore/NZ_QOXV01000025.1,https://www.ncbi.nlm.nih.gov/nuccore/NZ_QOXV01000025.1?report=fasta&from=2839&to=37345,https://www.ncbi.nlm.nih.gov/assembly/GCF_003333875.1,ecor_neighborhoods/GCF_003333875.1_prophage_2.png
GCF_003333875.1_prophage_3,ECOR-36,36,GCF_003333875.1,GCA_003333875.1,QOXV00000000.1,NZ_QOXV01000044.1,3008,31216,28209,0.0,Myoviridae,36429,0,,GCF_003333875.1,1,GCF_003333875.1_prophage_3,59,GCF_002190825.1_prophage_2,0.004568,https://www.ncbi.nlm.nih.gov/nuccore/NZ_QOXV01000044.1,https://www.ncbi.nlm.nih.gov/nuccore/NZ_QOXV01000044.1?report=fasta&from=3008&to=31216,https://www.ncbi.nlm.nih.gov/assembly/GCF_003333875.1,ecor_neighborhoods/GCF_003333875.1_prophage_3.png
GCF_003333925.1_prophage_1,ECOR-33,33,GCF_003333925.1,GCA_003333925.1,QOXS00000000.1,NZ_QOXS01000024.1,38517,57724,19208,0.0,Podoviridae,36430,0,,GCF_003333925.1,1,GCF_003333925.1_prophage_1,50,GCF_003333935.1_prophage_1,0.0,https://www.ncbi.nlm.nih.gov/nuccore/NZ_QOXS01000024.1,https://www.ncbi.nlm.nih.gov/nuccore/NZ_QOXS01000024.1?report=fasta&from=38517&to=57724,https://www.ncbi.nlm.nih.gov/assembly/GCF_003333925.1,ecor_neighborhoods/GCF_003333925.1_prophage_1.png
GCF_003333925.1_prophage_2,ECOR-33,33,GCF_003333925.1,GCA_003333925.1,QOXS00000000.1,NZ_QOXS01000004.1,30600,68848,38249,0.0,Myoviridae,36431,0,,GCF_003333925.1,1,GCF_003333925.1_prophage_2,19,GCF_003333935.1_prophage_2,0.0,https://www.ncbi.nlm.nih.gov/nuccore/NZ_QOXS01000004.1,https://www.ncbi.nlm.nih.gov/nuccore/NZ_QOXS01000004.1?report=fasta&from=30600&to=68848,https://www.ncbi.nlm.nih.gov/assembly/GCF_003333925.1,ecor_neighborhoods/GCF_003333925.1_prophage_2.png
GCF_003333925.1_prophage_3,ECOR-33,33,GCF_003333925.1,GCA_003333925.1,QOXS00000000.1,NZ_QOXS01000006.1,222736,237054,14319,1.0,Siphoviridae / Podoviridae,36432,0,,GCF_003333925.1,1,GCF_003333925.1_prophage_3,60,GCF_003333935.1_prophage_3,0.0,https://www.ncbi.nlm.nih.gov/nuccore/NZ_QOXS01000006.1,https://www.ncbi.nlm.nih.gov/nuccore/NZ_QOXS01000006.1?report=fasta&from=222736&to=237054,https://www.ncbi.nlm.nih.gov/assembly/GCF_003333925.1,ecor_neighborhoods/GCF_003333925.1_prophage_3.png
GCF_003333935.1_prophage_1,ECOR-32,32,GCF_003333935.1,GCA_003333935.1,QOXR00000000.1,NZ_QOXR01000024.1,38517,57724,19208,0.0,Podoviridae,36433,0,,GCF_003333935.1,1,GCF_003333935.1_prophage_1,50,GCF_003333925.1_prophage_1,0.0,https://www.ncbi.nlm.nih.gov/nuccore/NZ_QOXR01000024.1,https://www.ncbi.nlm.nih.gov/nuccore/NZ_QOXR01000024.1?report=fasta&from=38517&to=57724,https://www.ncbi.nlm.nih.gov/assembly/GCF_003333935.1,ecor_neighborhoods/GCF_003333935.1_prophage_1.png
GCF_003333935.1_prophage_2,ECOR-32,32,GCF_003333935.1,GCA_003333935.1,QOXR00000000.1,NZ_QOXR01000004.1,30600,68848,38249,0.0,Myoviridae,36434,0,,GCF_003333935.1,1,GCF_003333935.1_prophage_2,19,GCF_003333925.1_prophage_2,0.0,https://www.ncbi.nlm.nih.gov/nuccore/NZ_QOXR01000004.1,https://www.ncbi.nlm.nih.gov/nuccore/NZ_QOXR01000004.1?report=fasta&from=30600&to=68848,https://www.ncbi.nlm.nih.gov/assembly/GCF_003333935.1,ecor_neighborhoods/GCF_003333935.1_prophage_2.png
GCF_003333935.1_prophage_3,ECOR-32,32,GCF_003333935.1,GCA_003333935.1,QOXR00000000.1,NZ_QOXR01000006.1,222736,237054,14319,1.0,Siphoviridae / Podoviridae,36435,0,,GCF_003333935.1,1,GCF_003333935.1_prophage_3,60,GCF_003333925.1_prophage_3,0.0,https://www.ncbi.nlm.nih.gov/nuccore/NZ_QOXR01000006.1,https://www.ncbi.nlm.nih.gov/nuccore/NZ_QOXR01000006.1?report=fasta&from=222736&to=237054,https://www.ncbi.nlm.nih.gov/assembly/GCF_003333935.1,ecor_neighborhoods/GCF_003333935.1_prophage_3.png
GCF_003333945.1_prophage_1,ECOR-31,31,GCF_003333945.1,GCA_003333945.1,QOXQ00000000.1,NZ_QOXQ01000011.1,88697,123027,34331,0.0,Myoviridae,36436,0,,GCF_003333945.1,1,GCF_003333945.1_prophage_1,10,GCF_001865905.1_prophage_2,0.0,https://www.ncbi.nlm.nih.gov/nuccore/NZ_QOXQ01000011.1,https://www.ncbi.nlm.nih.gov/nuccore/NZ_QOXQ01000011.1?report=fasta&from=88697&to=123027,https://www.ncbi.nlm.nih.gov/assembly/GCF_003333945.1,ecor_neighborhoods/GCF_003333945.1_prophage_1.png
GCF_003333945.1_prophage_2,ECOR-31,31,GCF_003333945.1,GCA_003333945.1,QOXQ00000000.1,NZ_QOXQ01000031.1,42979,64251,21273,0.0,Siphoviridae,36437,0,,GCF_003333945.1,1,GCF_003333945.1_prophage_2,48,GCF_002190715.1_prophage_1,0.001134,https://www.ncbi.nlm.nih.gov/nuccore/NZ_QOXQ01000031.1,https://www.ncbi.nlm.nih.gov/nuccore/NZ_QOXQ01000031.1?report=fasta&from=42979&to=64251,https://www.ncbi.nlm.nih.gov/assembly/GCF_003333945.1,ecor_neighborhoods/GCF_003333945.1_prophage_2.png
GCF_003333945.1_prophage_3,ECOR-31,31,GCF_003333945.1,GCA_003333945.1,QOXQ00000000.1,NZ_QOXQ01000032.1,3118,60678,57561,0.0,Myoviridae,36438,0,,GCF_003333945.1,1,GCF_003333945.1_prophage_3,28,GCF_002190715.1_prophage_4,0.00184,https://www.ncbi.nlm.nih.gov/nuccore/NZ_QOXQ01000032.1,https://www.ncbi.nlm.nih.gov/nuccore/NZ_QOXQ01000032.1?report=fasta&from=3118&to=60678,https://www.ncbi.nlm.nih.gov/assembly/GCF_003333945.1,ecor_neighborhoods/GCF_003333945.1_prophage_3.png
GCF_003333945.1_prophage_4,ECOR-31,31,GCF_003333945.1,GCA_003333945.1,QOXQ00000000.1,NZ_QOXQ01000007.1,146530,185235,38706,0.0,Siphoviridae,36439,0,,GCF_003333945.1,1,GCF_003333945.1_prophage_4,18,GCF_000176575.2_prophage_2,0.001058,https://www.ncbi.nlm.nih.gov/nuccore/NZ_QOXQ01000007.1,https://www.ncbi.nlm.nih.gov/nuccore/NZ_QOXQ01000007.1?report=fasta&from=146530&to=185235,https://www.ncbi.nlm.nih.gov/assembly/GCF_003333945.1,ecor_neighborhoods/GCF_003333945.1_prophage_4.png
GCF_003333975.1_prophage_1,ECOR-30,30,GCF_003333975.1,GCA_003333975.1,QOXP00000000.1,NZ_QOXP01000001.1,262784,298172,35389,0.0,Myoviridae,36440,0,,GCF_003333975.1,1,GCF_003333975.1_prophage_1,55,GCF_002190705.1_prophage_2,0.0,https://www.ncbi.nlm.nih.gov/nuccore/NZ_QOXP01000001.1,https://www.ncbi.nlm.nih.gov/nuccore/NZ_QOXP01000001.1?report=fasta&from=262784&to=298172,https://www.ncbi.nlm.nih.gov/assembly/GCF_003333975.1,ecor_neighborhoods/GCF_003333975.1_prophage_1.png
GCF_003333975.1_prophage_2,ECOR-30,30,GCF_003333975.1,GCA_003333975.1,QOXP00000000.1,NZ_QOXP01000005.1,2310,17474,15165,1.0,Siphoviridae / Podoviridae,36441,0,,GCF_003333975.1,1,GCF_003333975.1_prophage_2,27,GCF_002513215.1_prophage_4,0.000362,https://www.ncbi.nlm.nih.gov/nuccore/NZ_QOXP01000005.1,https://www.ncbi.nlm.nih.gov/nuccore/NZ_QOXP01000005.1?report=fasta&from=2310&to=17474,https://www.ncbi.nlm.nih.gov/assembly/GCF_003333975.1,ecor_neighborhoods/GCF_003333975.1_prophage_2.png
GCF_003334005.1_prophage_1,ECOR-29,29,GCF_003334005.1,GCA_003334005.1,QOXO00000000.1,NZ_QOXO01000016.1,1776,24577,22802,0.0,Myoviridae,36442,0,,GCF_003334005.1,1,GCF_003334005.1_prophage_1,56,GCF_002190685.1_prophage_1,0.0,https://www.ncbi.nlm.nih.gov/nuccore/NZ_QOXO01000016.1,https://www.ncbi.nlm.nih.gov/nuccore/NZ_QOXO01000016.1?report=fasta&from=1776&to=24577,https://www.ncbi.nlm.nih.gov/assembly/GCF_003334005.1,ecor_neighborhoods/GCF_003334005.1_prophage_1.png
GCF_003334005.1_prophage_2,ECOR-29,29,GCF_003334005.1,GCA_003334005.1,QOXO00000000.1,NZ_QOXO01000019.1,60056,104528,44473,0.0,Siphoviridae,36443,0,,GCF_003334005.1,1,GCF_003334005.1_prophage_2,38,GCF_904810405.1_prophage_9,0.030648,https://www.ncbi.nlm.nih.gov/nuccore/NZ_QOXO01000019.1,https://www.ncbi.nlm.nih.gov/nuccore/NZ_QOXO01000019.1?report=fasta&from=60056&to=104528,https://www.ncbi.nlm.nih.gov/assembly/GCF_003334005.1,ecor_neighborhoods/GCF_003334005.1_prophage_2.png
GCF_003334005.1_prophage_3,ECOR-29,29,GCF_003334005.1,GCA_003334005.1,QOXO00000000.1,NZ_QOXO01000027.1,40271,44719,4449,0.0,Unknown,36444,0,,GCF_003334005.1,1,GCF_003334005.1_prophage_3,49,GCF_005045685.1_prophage_6,0.005742,https://www.ncbi.nlm.nih.gov/nuccore/NZ_QOXO01000027.1,https://www.ncbi.nlm.nih.gov/nuccore/NZ_QOXO01000027.1?report=fasta&from=40271&to=44719,https://www.ncbi.nlm.nih.gov/assembly/GCF_003334005.1,ecor_neighborhoods/GCF_003334005.1_prophage_3.png
GCF_003334015.1_prophage_1,ECOR-28,28,GCF_003334015.1,GCA_003334015.1,QOXN00000000.1,NZ_QOXN01000027.1,645,2341,1697,0.0,Podoviridae,36445,0,,GCF_003334015.1,1,GCF_003334015.1_prophage_1,2,GCF_003830165.1_prophage_6,0.018496,https://www.ncbi.nlm.nih.gov/nuccore/NZ_QOXN01000027.1,https://www.ncbi.nlm.nih.gov/nuccore/NZ_QOXN01000027.1?report=fasta&from=645&to=2341,https://www.ncbi.nlm.nih.gov/assembly/GCF_003334015.1,ecor_neighborhoods/GCF_003334015.1_prophage_1.png
GCF_003334015.1_prophage_2,ECOR-28,28,GCF_003334015.1,GCA_003334015.1,QOXN00000000.1,NZ_QOXN01000003.1,112162,152293,40132,0.0,Siphoviridae,36446,0,,GCF_003334015.1,1,GCF_003334015.1_prophage_2,16,GCF_005400125.1_prophage_2,0.00068,https://www.ncbi.nlm.nih.gov/nuccore/NZ_QOXN01000003.1,https://www.ncbi.nlm.nih.gov/nuccore/NZ_QOXN01000003.1?report=fasta&from=112162&to=152293,https://www.ncbi.nlm.nih.gov/assembly/GCF_003334015.1,ecor_neighborhoods/GCF_003334015.1_prophage_2.png
GCF_003334015.1_prophage_3,ECOR-28,28,GCF_003334015.1,GCA_003334015.1,QOXN00000000.1,NZ_QOXN01000005.1,203021,238194,35174,0.0,Myoviridae,36447,0,,GCF_003334015.1,1,GCF_003334015.1_prophage_3,16,GCF_002942805.1_prophage_6,9.6e-05,https://www.ncbi.nlm.nih.gov/nuccore/NZ_QOXN01000005.1,https://www.ncbi.nlm.nih.gov/nuccore/NZ_QOXN01000005.1?report=fasta&from=203021&to=238194,https://www.ncbi.nlm.nih.gov/assembly/GCF_003334015.1,ecor_neighborhoods/GCF_003334015.1_prophage_3.png
GCF_003334035.1_prophage_1,ECOR-26,26,GCF_003334035.1,GCA_003334035.1,QOXL00000000.1,NZ_QOXL01000011.1,2758,16176,13419,1.0,Siphoviridae / Podoviridae,36448,0,,GCF_003334035.1,1,GCF_003334035.1_prophage_1,12,GCF_002542565.1_prophage_1,0.000288,https://www.ncbi.nlm.nih.gov/nuccore/NZ_QOXL01000011.1,https://www.ncbi.nlm.nih.gov/nuccore/NZ_QOXL01000011.1?report=fasta&from=2758&to=16176,https://www.ncbi.nlm.nih.gov/assembly/GCF_003334035.1,ecor_neighborhoods/GCF_003334035.1_prophage_1.png
GCF_003334035.1_prophage_2,ECOR-26,26,GCF_003334035.1,GCA_003334035.1,QOXL00000000.1,NZ_QOXL01000020.1,38421,54796,16376,0.0,Myoviridae / Podoviridae,36449,0,,GCF_003334035.1,1,GCF_003334035.1_prophage_2,38,GCF_005396625.1_prophage_3,0.00088,https://www.ncbi.nlm.nih.gov/nuccore/NZ_QOXL01000020.1,https://www.ncbi.nlm.nih.gov/nuccore/NZ_QOXL01000020.1?report=fasta&from=38421&to=54796,https://www.ncbi.nlm.nih.gov/assembly/GCF_003334035.1,ecor_neighborhoods/GCF_003334035.1_prophage_2.png
GCF_003334035.1_prophage_3,ECOR-26,26,GCF_003334035.1,GCA_003334035.1,QOXL00000000.1,NZ_QOXL01000033.1,2669,20080,17412,0.0,Siphoviridae,36450,0,,GCF_003334035.1,1,GCF_003334035.1_prophage_3,28,GCF_017163215.1_prophage_3,0.005,https://www.ncbi.nlm.nih.gov/nuccore/NZ_QOXL01000033.1,https://www.ncbi.nlm.nih.gov/nuccore/NZ_QOXL01000033.1?report=fasta&from=2669&to=20080,https://www.ncbi.nlm.nih.gov/assembly/GCF_003334035.1,ecor_neighborhoods/GCF_003334035.1_prophage_3.png
GCF_003334035.1_prophage_4,ECOR-26,26,GCF_003334035.1,GCA_003334035.1,QOXL00000000.1,NZ_QOXL01000004.1,1007,17924,16918,0.0,Siphoviridae / Podoviridae,36451,0,,GCF_003334035.1,1,GCF_003334035.1_prophage_4,43,GCF_001286025.1_prophage_6,0.013016,https://www.ncbi.nlm.nih.gov/nuccore/NZ_QOXL01000004.1,https://www.ncbi.nlm.nih.gov/nuccore/NZ_QOXL01000004.1?report=fasta&from=1007&to=17924,https://www.ncbi.nlm.nih.gov/assembly/GCF_003334035.1,ecor_neighborhoods/GCF_003334035.1_prophage_4.png
GCF_003334065.1_prophage_1,ECOR-25,25,GCF_003334065.1,GCA_003334065.1,QOXK00000000.1,NZ_QOXK01000001.1,149084,169486,20403,0.0,Myoviridae,36452,0,,GCF_003334065.1,1,GCF_003334065.1_prophage_1,49,GCF_907177145.1_prophage_1,0.009326,https://www.ncbi.nlm.nih.gov/nuccore/NZ_QOXK01000001.1,https://www.ncbi.nlm.nih.gov/nuccore/NZ_QOXK01000001.1?report=fasta&from=149084&to=169486,https://www.ncbi.nlm.nih.gov/assembly/GCF_003334065.1,ecor_neighborhoods/GCF_003334065.1_prophage_1.png
GCF_003334065.1_prophage_2,ECOR-25,25,GCF_003334065.1,GCA_003334065.1,QOXK00000000.1,NZ_QOXK01000003.1,48383,60238,11856,0.0,Podoviridae,36453,0,,GCF_003334065.1,1,GCF_003334065.1_prophage_2,38,GCF_000446325.2_prophage_2,0.0,https://www.ncbi.nlm.nih.gov/nuccore/NZ_QOXK01000003.1,https://www.ncbi.nlm.nih.gov/nuccore/NZ_QOXK01000003.1?report=fasta&from=48383&to=60238,https://www.ncbi.nlm.nih.gov/assembly/GCF_003334065.1,ecor_neighborhoods/GCF_003334065.1_prophage_2.png
GCF_003334085.1_prophage_1,ECOR-24,24,GCF_003334085.1,GCA_003334085.1,QOXJ00000000.1,NZ_QOXJ01000002.1,244668,246071,1404,0.0,Unknown,36454,0,,GCF_003334085.1,1,GCF_003334085.1_prophage_1,27,GCF_000456065.1_prophage_3,0.023754,https://www.ncbi.nlm.nih.gov/nuccore/NZ_QOXJ01000002.1,https://www.ncbi.nlm.nih.gov/nuccore/NZ_QOXJ01000002.1?report=fasta&from=244668&to=246071,https://www.ncbi.nlm.nih.gov/assembly/GCF_003334085.1,ecor_neighborhoods/GCF_003334085.1_prophage_1.png
GCF_003334085.1_prophage_2,ECOR-24,24,GCF_003334085.1,GCA_003334085.1,QOXJ00000000.1,NZ_QOXJ01000032.1,2314,11871,9558,0.0,Unknown,36455,0,,GCF_003334085.1,1,GCF_003334085.1_prophage_2,8,GCF_013359045.1_prophage_6,0.01862,https://www.ncbi.nlm.nih.gov/nuccore/NZ_QOXJ01000032.1,https://www.ncbi.nlm.nih.gov/nuccore/NZ_QOXJ01000032.1?report=fasta&from=2314&to=11871,https://www.ncbi.nlm.nih.gov/assembly/GCF_003334085.1,ecor_neighborhoods/GCF_003334085.1_prophage_2.png
GCF_003334085.1_prophage_3,ECOR-24,24,GCF_003334085.1,GCA_003334085.1,QOXJ00000000.1,NZ_QOXJ01000038.1,102,31364,31263,0.0,Siphoviridae,36456,0,,GCF_003334085.1,1,GCF_003334085.1_prophage_3,55,GCF_019841125.1_prophage_3,0.003996,https://www.ncbi.nlm.nih.gov/nuccore/NZ_QOXJ01000038.1,https://www.ncbi.nlm.nih.gov/nuccore/NZ_QOXJ01000038.1?report=fasta&from=102&to=31364,https://www.ncbi.nlm.nih.gov/assembly/GCF_003334085.1,ecor_neighborhoods/GCF_003334085.1_prophage_3.png
GCF_003334085.1_prophage_4,ECOR-24,24,GCF_003334085.1,GCA_003334085.1,QOXJ00000000.1,NZ_QOXJ01000005.1,233899,240558,6660,0.0,Unknown,36457,0,,GCF_003334085.1,1,GCF_003334085.1_prophage_4,29,GCF_000458975.1_prophage_3,0.035664,https://www.ncbi.nlm.nih.gov/nuccore/NZ_QOXJ01000005.1,https://www.ncbi.nlm.nih.gov/nuccore/NZ_QOXJ01000005.1?report=fasta&from=233899&to=240558,https://www.ncbi.nlm.nih.gov/assembly/GCF_003334085.1,ecor_neighborhoods/GCF_003334085.1_prophage_4.png
GCF_003334085.1_prophage_5,ECOR-24,24,GCF_003334085.1,GCA_003334085.1,QOXJ00000000.1,NZ_QOXJ01000008.1,158689,191954,33266,0.0,Myoviridae,36458,0,,GCF_003334085.1,1,GCF_003334085.1_prophage_5,59,GCF_002028745.1_prophage_9,0.001872,https://www.ncbi.nlm.nih.gov/nuccore/NZ_QOXJ01000008.1,https://www.ncbi.nlm.nih.gov/nuccore/NZ_QOXJ01000008.1?report=fasta&from=158689&to=191954,https://www.ncbi.nlm.nih.gov/assembly/GCF_003334085.1,ecor_neighborhoods/GCF_003334085.1_prophage_5.png
GCF_003334095.1_prophage_1,ECOR-23,23,GCF_003334095.1,GCA_003334095.1,QOXI00000000.1,NZ_QOXI01000012.1,101618,130901,29284,0.0,Podoviridae,36459,0,,GCF_003334095.1,1,GCF_003334095.1_prophage_1,59,GCF_003334495.1_prophage_1,0.0,https://www.ncbi.nlm.nih.gov/nuccore/NZ_QOXI01000012.1,https://www.ncbi.nlm.nih.gov/nuccore/NZ_QOXI01000012.1?report=fasta&from=101618&to=130901,https://www.ncbi.nlm.nih.gov/assembly/GCF_003334095.1,ecor_neighborhoods/GCF_003334095.1_prophage_1.png
GCF_003334095.1_prophage_2,ECOR-23,23,GCF_003334095.1,GCA_003334095.1,QOXI00000000.1,NZ_QOXI01000013.1,99948,115802,15855,0.0,Myoviridae,36460,0,,GCF_003334095.1,1,GCF_003334095.1_prophage_2,21,GCF_005387365.1_prophage_3,0.000336,https://www.ncbi.nlm.nih.gov/nuccore/NZ_QOXI01000013.1,https://www.ncbi.nlm.nih.gov/nuccore/NZ_QOXI01000013.1?report=fasta&from=99948&to=115802,https://www.ncbi.nlm.nih.gov/assembly/GCF_003334095.1,ecor_neighborhoods/GCF_003334095.1_prophage_2.png
GCF_003334095.1_prophage_3,ECOR-23,23,GCF_003334095.1,GCA_003334095.1,QOXI00000000.1,NZ_QOXI01000022.1,562,16405,15844,0.0,Myoviridae / Siphoviridae,36461,0,,GCF_003334095.1,1,GCF_003334095.1_prophage_3,7,GCF_003334495.1_prophage_3,0.0,https://www.ncbi.nlm.nih.gov/nuccore/NZ_QOXI01000022.1,https://www.ncbi.nlm.nih.gov/nuccore/NZ_QOXI01000022.1?report=fasta&from=562&to=16405,https://www.ncbi.nlm.nih.gov/assembly/GCF_003334095.1,ecor_neighborhoods/GCF_003334095.1_prophage_3.png
GCF_003334095.1_prophage_4,ECOR-23,23,GCF_003334095.1,GCA_003334095.1,QOXI00000000.1,NZ_QOXI01000028.1,2669,20078,17410,0.0,Siphoviridae,36462,0,,GCF_003334095.1,1,GCF_003334095.1_prophage_4,58,GCF_003333615.1_prophage_2,2.4e-05,https://www.ncbi.nlm.nih.gov/nuccore/NZ_QOXI01000028.1,https://www.ncbi.nlm.nih.gov/nuccore/NZ_QOXI01000028.1?report=fasta&from=2669&to=20078,https://www.ncbi.nlm.nih.gov/assembly/GCF_003334095.1,ecor_neighborhoods/GCF_003334095.1_prophage_4.png
GCF_003334095.1_prophage_5,ECOR-23,23,GCF_003334095.1,GCA_003334095.1,QOXI00000000.1,NZ_QOXI01000008.1,370,17682,17313,0.0,Siphoviridae / Podoviridae / Bicaudaviridae,36463,0,,GCF_003334095.1,1,GCF_003334095.1_prophage_5,20,GCF_003334495.1_prophage_5,0.0,https://www.ncbi.nlm.nih.gov/nuccore/NZ_QOXI01000008.1,https://www.ncbi.nlm.nih.gov/nuccore/NZ_QOXI01000008.1?report=fasta&from=370&to=17682,https://www.ncbi.nlm.nih.gov/assembly/GCF_003334095.1,ecor_neighborhoods/GCF_003334095.1_prophage_5.png
GCF_003334115.1_prophage_1,ECOR-22,22,GCF_003334115.1,GCA_003334115.1,QOXH00000000.1,NZ_QOXH01000016.1,606,10382,9777,0.0,Myoviridae,36464,0,,GCF_003334115.1,1,GCF_003334115.1_prophage_1,25,GCF_002190535.1_prophage_3,0.0,https://www.ncbi.nlm.nih.gov/nuccore/NZ_QOXH01000016.1,https://www.ncbi.nlm.nih.gov/nuccore/NZ_QOXH01000016.1?report=fasta&from=606&to=10382,https://www.ncbi.nlm.nih.gov/assembly/GCF_003334115.1,ecor_neighborhoods/GCF_003334115.1_prophage_1.png
GCF_003334115.1_prophage_2,ECOR-22,22,GCF_003334115.1,GCA_003334115.1,QOXH00000000.1,NZ_QOXH01000018.1,41440,56089,14650,0.0,Myoviridae,36465,0,,GCF_003334115.1,1,GCF_003334115.1_prophage_2,3,GCF_002190535.1_prophage_2,0.0,https://www.ncbi.nlm.nih.gov/nuccore/NZ_QOXH01000018.1,https://www.ncbi.nlm.nih.gov/nuccore/NZ_QOXH01000018.1?report=fasta&from=41440&to=56089,https://www.ncbi.nlm.nih.gov/assembly/GCF_003334115.1,ecor_neighborhoods/GCF_003334115.1_prophage_2.png
GCF_003334115.1_prophage_3,ECOR-22,22,GCF_003334115.1,GCA_003334115.1,QOXH00000000.1,NZ_QOXH01000020.1,48,38462,38415,0.0,Myoviridae,36466,0,,GCF_003334115.1,1,GCF_003334115.1_prophage_3,21,GCF_002475445.1_prophage_3,0.021806,https://www.ncbi.nlm.nih.gov/nuccore/NZ_QOXH01000020.1,https://www.ncbi.nlm.nih.gov/nuccore/NZ_QOXH01000020.1?report=fasta&from=48&to=38462,https://www.ncbi.nlm.nih.gov/assembly/GCF_003334115.1,ecor_neighborhoods/GCF_003334115.1_prophage_3.png
GCF_003334145.1_prophage_1,ECOR-21,21,GCF_003334145.1,GCA_003334145.1,QOXG00000000.1,NZ_QOXG01000015.1,5801,10884,5084,0.0,Unknown,36467,0,,GCF_003334145.1,1,GCF_003334145.1_prophage_1,34,GCF_002915115.1_prophage_2,0.036094,https://www.ncbi.nlm.nih.gov/nuccore/NZ_QOXG01000015.1,https://www.ncbi.nlm.nih.gov/nuccore/NZ_QOXG01000015.1?report=fasta&from=5801&to=10884,https://www.ncbi.nlm.nih.gov/assembly/GCF_003334145.1,ecor_neighborhoods/GCF_003334145.1_prophage_1.png
GCF_003334145.1_prophage_2,ECOR-21,21,GCF_003334145.1,GCA_003334145.1,QOXG00000000.1,NZ_QOXG01000002.1,10932,15325,4394,0.0,Unknown,36468,0,,GCF_003334145.1,1,GCF_003334145.1_prophage_2,4,GCF_003334155.1_prophage_3,0.0,https://www.ncbi.nlm.nih.gov/nuccore/NZ_QOXG01000002.1,https://www.ncbi.nlm.nih.gov/nuccore/NZ_QOXG01000002.1?report=fasta&from=10932&to=15325,https://www.ncbi.nlm.nih.gov/assembly/GCF_003334145.1,ecor_neighborhoods/GCF_003334145.1_prophage_2.png
GCF_003334145.1_prophage_3,ECOR-21,21,GCF_003334145.1,GCA_003334145.1,QOXG00000000.1,NZ_QOXG01000035.1,3491,18392,14902,0.0,Siphoviridae / Podoviridae,36469,0,3,GCF_003334145.1,1,GCF_003334145.1_prophage_3,22,GCF_003334155.1_prophage_2,0.0,https://www.ncbi.nlm.nih.gov/nuccore/NZ_QOXG01000035.1,https://www.ncbi.nlm.nih.gov/nuccore/NZ_QOXG01000035.1?report=fasta&from=3491&to=18392,https://www.ncbi.nlm.nih.gov/assembly/GCF_003334145.1,ecor_neighborhoods/GCF_003334145.1_prophage_3.png
GCF_003334145.1_prophage_4,ECOR-21,21,GCF_003334145.1,GCA_003334145.1,QOXG00000000.1,NZ_QOXG01000051.1,50,27076,27027,0.0,Siphoviridae,36470,0,,GCF_003334145.1,1,GCF_003334145.1_prophage_4,10,GCF_004282415.1_prophage_1,0.0232,https://www.ncbi.nlm.nih.gov/nuccore/NZ_QOXG01000051.1,https://www.ncbi.nlm.nih.gov/nuccore/NZ_QOXG01000051.1?report=fasta&from=50&to=27076,https://www.ncbi.nlm.nih.gov/assembly/GCF_003334145.1,ecor_neighborhoods/GCF_003334145.1_prophage_4.png
GCF_003334145.1_prophage_5,ECOR-21,21,GCF_003334145.1,GCA_003334145.1,QOXG00000000.1,NZ_QOXG01000055.1,17828,22788,4961,0.0,Unknown,36471,0,,GCF_003334145.1,1,GCF_003334145.1_prophage_5,4,GCF_002535335.1_prophage_5,0.029994,https://www.ncbi.nlm.nih.gov/nuccore/NZ_QOXG01000055.1,https://www.ncbi.nlm.nih.gov/nuccore/NZ_QOXG01000055.1?report=fasta&from=17828&to=22788,https://www.ncbi.nlm.nih.gov/assembly/GCF_003334145.1,ecor_neighborhoods/GCF_003334145.1_prophage_5.png
GCF_003334145.1_prophage_6,ECOR-21,21,GCF_003334145.1,GCA_003334145.1,QOXG00000000.1,NZ_QOXG01000009.1,93440,119993,26554,0.0,Podoviridae,36472,0,,GCF_003334145.1,1,GCF_003334145.1_prophage_6,6,GCF_002190545.1_prophage_1,0.010095,https://www.ncbi.nlm.nih.gov/nuccore/NZ_QOXG01000009.1,https://www.ncbi.nlm.nih.gov/nuccore/NZ_QOXG01000009.1?report=fasta&from=93440&to=119993,https://www.ncbi.nlm.nih.gov/assembly/GCF_003334145.1,ecor_neighborhoods/GCF_003334145.1_prophage_6.png
GCF_003334155.1_prophage_1,ECOR-20,20,GCF_003334155.1,GCA_003334155.1,QOXF00000000.1,NZ_QOXF01000001.1,93395,133473,40079,0.0,Podoviridae,36473,0,,GCF_003334155.1,1,GCF_003334155.1_prophage_1,6,GCF_002190515.1_prophage_1,0.00427,https://www.ncbi.nlm.nih.gov/nuccore/NZ_QOXF01000001.1,https://www.ncbi.nlm.nih.gov/nuccore/NZ_QOXF01000001.1?report=fasta&from=93395&to=133473,https://www.ncbi.nlm.nih.gov/assembly/GCF_003334155.1,ecor_neighborhoods/GCF_003334155.1_prophage_1.png
GCF_003334155.1_prophage_2,ECOR-20,20,GCF_003334155.1,GCA_003334155.1,QOXF00000000.1,NZ_QOXF01000036.1,24631,39532,14902,0.0,Siphoviridae / Podoviridae,36474,0,,GCF_003334155.1,1,GCF_003334155.1_prophage_2,22,GCF_003334145.1_prophage_3,0.0,https://www.ncbi.nlm.nih.gov/nuccore/NZ_QOXF01000036.1,https://www.ncbi.nlm.nih.gov/nuccore/NZ_QOXF01000036.1?report=fasta&from=24631&to=39532,https://www.ncbi.nlm.nih.gov/assembly/GCF_003334155.1,ecor_neighborhoods/GCF_003334155.1_prophage_2.png
GCF_003334155.1_prophage_3,ECOR-20,20,GCF_003334155.1,GCA_003334155.1,QOXF00000000.1,NZ_QOXF01000003.1,10932,15325,4394,0.0,Unknown,36475,0,,GCF_003334155.1,1,GCF_003334155.1_prophage_3,4,GCF_003334145.1_prophage_2,0.0,https://www.ncbi.nlm.nih.gov/nuccore/NZ_QOXF01000003.1,https://www.ncbi.nlm.nih.gov/nuccore/NZ_QOXF01000003.1?report=fasta&from=10932&to=15325,https://www.ncbi.nlm.nih.gov/assembly/GCF_003334155.1,ecor_neighborhoods/GCF_003334155.1_prophage_3.png
GCF_003334165.1_prophage_1,ECOR-19,19,GCF_003334165.1,GCA_003334165.1,QOXE00000000.1,NZ_QOXE01000004.1,583,29225,28643,0.0,Myoviridae,36476,0,,GCF_003334165.1,1,GCF_003334165.1_prophage_1,19,GCF_002190475.1_prophage_2,0.0,https://www.ncbi.nlm.nih.gov/nuccore/NZ_QOXE01000004.1,https://www.ncbi.nlm.nih.gov/nuccore/NZ_QOXE01000004.1?report=fasta&from=583&to=29225,https://www.ncbi.nlm.nih.gov/assembly/GCF_003334165.1,ecor_neighborhoods/GCF_003334165.1_prophage_1.png
GCF_003334175.1_prophage_1,ECOR-17,17,GCF_003334175.1,GCA_003334175.1,QOXC00000000.1,NZ_QOXC01000016.1,5019,20651,15633,0.0,Siphoviridae,36477,0,,GCF_003334175.1,1,GCF_003334175.1_prophage_1,46,GCF_011605105.1_prophage_2,0.021449,https://www.ncbi.nlm.nih.gov/nuccore/NZ_QOXC01000016.1,https://www.ncbi.nlm.nih.gov/nuccore/NZ_QOXC01000016.1?report=fasta&from=5019&to=20651,https://www.ncbi.nlm.nih.gov/assembly/GCF_003334175.1,ecor_neighborhoods/GCF_003334175.1_prophage_1.png
GCF_003334175.1_prophage_2,ECOR-17,17,GCF_003334175.1,GCA_003334175.1,QOXC00000000.1,NZ_QOXC01000033.1,40202,50354,10153,0.0,Siphoviridae / Podoviridae,36478,0,,GCF_003334175.1,1,GCF_003334175.1_prophage_2,16,GCF_002190455.1_prophage_3,0.0,https://www.ncbi.nlm.nih.gov/nuccore/NZ_QOXC01000033.1,https://www.ncbi.nlm.nih.gov/nuccore/NZ_QOXC01000033.1?report=fasta&from=40202&to=50354,https://www.ncbi.nlm.nih.gov/assembly/GCF_003334175.1,ecor_neighborhoods/GCF_003334175.1_prophage_2.png
GCF_003334175.1_prophage_3,ECOR-17,17,GCF_003334175.1,GCA_003334175.1,QOXC00000000.1,NZ_QOXC01000035.1,21814,33435,11622,0.0,Podoviridae,36479,0,,GCF_003334175.1,1,GCF_003334175.1_prophage_3,2,GCF_002190455.1_prophage_2,0.0,https://www.ncbi.nlm.nih.gov/nuccore/NZ_QOXC01000035.1,https://www.ncbi.nlm.nih.gov/nuccore/NZ_QOXC01000035.1?report=fasta&from=21814&to=33435,https://www.ncbi.nlm.nih.gov/assembly/GCF_003334175.1,ecor_neighborhoods/GCF_003334175.1_prophage_3.png
GCF_003334175.1_prophage_4,ECOR-17,17,GCF_003334175.1,GCA_003334175.1,QOXC00000000.1,NZ_QOXC01000007.1,62330,79451,17122,0.0,Myoviridae,36480,0,,GCF_003334175.1,1,GCF_003334175.1_prophage_4,29,GCF_002190455.1_prophage_1,0.0,https://www.ncbi.nlm.nih.gov/nuccore/NZ_QOXC01000007.1,https://www.ncbi.nlm.nih.gov/nuccore/NZ_QOXC01000007.1?report=fasta&from=62330&to=79451,https://www.ncbi.nlm.nih.gov/assembly/GCF_003334175.1,ecor_neighborhoods/GCF_003334175.1_prophage_4.png
GCF_003334225.1_prophage_1,ECOR-15,15,GCF_003334225.1,GCA_003334225.1,QOXA00000000.1,NZ_QOXA01000012.1,86989,115868,28880,0.0,Myoviridae,36481,0,,GCF_003334225.1,1,GCF_003334225.1_prophage_1,3,GCF_001748545.1_prophage_1,0.027469,https://www.ncbi.nlm.nih.gov/nuccore/NZ_QOXA01000012.1,https://www.ncbi.nlm.nih.gov/nuccore/NZ_QOXA01000012.1?report=fasta&from=86989&to=115868,https://www.ncbi.nlm.nih.gov/assembly/GCF_003334225.1,ecor_neighborhoods/GCF_003334225.1_prophage_1.png
GCF_003334225.1_prophage_2,ECOR-15,15,GCF_003334225.1,GCA_003334225.1,QOXA00000000.1,NZ_QOXA01000031.1,2,31586,31585,0.0,Myoviridae,36482,0,,GCF_003334225.1,1,GCF_003334225.1_prophage_2,56,GCF_002190395.1_prophage_1,0.000362,https://www.ncbi.nlm.nih.gov/nuccore/NZ_QOXA01000031.1,https://www.ncbi.nlm.nih.gov/nuccore/NZ_QOXA01000031.1?report=fasta&from=2&to=31586,https://www.ncbi.nlm.nih.gov/assembly/GCF_003334225.1,ecor_neighborhoods/GCF_003334225.1_prophage_2.png
GCF_003334225.1_prophage_3,ECOR-15,15,GCF_003334225.1,GCA_003334225.1,QOXA00000000.1,NZ_QOXA01000039.1,531,34900,34370,0.0,Myoviridae / Siphoviridae,36483,0,,GCF_003334225.1,1,GCF_003334225.1_prophage_3,33,GCF_002190395.1_prophage_5,0.0,https://www.ncbi.nlm.nih.gov/nuccore/NZ_QOXA01000039.1,https://www.ncbi.nlm.nih.gov/nuccore/NZ_QOXA01000039.1?report=fasta&from=531&to=34900,https://www.ncbi.nlm.nih.gov/assembly/GCF_003334225.1,ecor_neighborhoods/GCF_003334225.1_prophage_3.png
GCF_003334225.1_prophage_4,ECOR-15,15,GCF_003334225.1,GCA_003334225.1,QOXA00000000.1,NZ_QOXA01000003.1,300999,302386,1388,0.0,Unknown,36484,0,,GCF_003334225.1,1,GCF_003334225.1_prophage_4,6,GCF_002190395.1_prophage_3,0.0,https://www.ncbi.nlm.nih.gov/nuccore/NZ_QOXA01000003.1,https://www.ncbi.nlm.nih.gov/nuccore/NZ_QOXA01000003.1?report=fasta&from=300999&to=302386,https://www.ncbi.nlm.nih.gov/assembly/GCF_003334225.1,ecor_neighborhoods/GCF_003334225.1_prophage_4.png
GCF_003334225.1_prophage_5,ECOR-15,15,GCF_003334225.1,GCA_003334225.1,QOXA00000000.1,NZ_QOXA01000041.1,29,27239,27211,0.0,Siphoviridae,36485,0,,GCF_003334225.1,1,GCF_003334225.1_prophage_5,9,GCF_008041675.1_prophage_3,0.005184,https://www.ncbi.nlm.nih.gov/nuccore/NZ_QOXA01000041.1,https://www.ncbi.nlm.nih.gov/nuccore/NZ_QOXA01000041.1?report=fasta&from=29&to=27239,https://www.ncbi.nlm.nih.gov/assembly/GCF_003334225.1,ecor_neighborhoods/GCF_003334225.1_prophage_5.png
GCF_003334225.1_prophage_6,ECOR-15,15,GCF_003334225.1,GCA_003334225.1,QOXA00000000.1,NZ_QOXA01000005.1,67947,103413,35467,0.0,Myoviridae,36486,0,,GCF_003334225.1,1,GCF_003334225.1_prophage_6,12,GCF_900195635.1_prophage_3,0.02192,https://www.ncbi.nlm.nih.gov/nuccore/NZ_QOXA01000005.1,https://www.ncbi.nlm.nih.gov/nuccore/NZ_QOXA01000005.1?report=fasta&from=67947&to=103413,https://www.ncbi.nlm.nih.gov/assembly/GCF_003334225.1,ecor_neighborhoods/GCF_003334225.1_prophage_6.png
GCF_003334235.1_prophage_1,ECOR-13,13,GCF_003334235.1,GCA_003334235.1,QOWY00000000.1,NZ_QOWY01000018.1,61,34981,34921,0.0,Siphoviridae,36487,0,,GCF_003334235.1,1,GCF_003334235.1_prophage_1,55,GCF_013342755.1_prophage_1,0.001786,https://www.ncbi.nlm.nih.gov/nuccore/NZ_QOWY01000018.1,https://www.ncbi.nlm.nih.gov/nuccore/NZ_QOWY01000018.1?report=fasta&from=61&to=34981,https://www.ncbi.nlm.nih.gov/assembly/GCF_003334235.1,ecor_neighborhoods/GCF_003334235.1_prophage_1.png
GCF_003334235.1_prophage_2,ECOR-13,13,GCF_003334235.1,GCA_003334235.1,QOWY00000000.1,NZ_QOWY01000001.1,174867,208462,33596,0.0,Myoviridae,36488,0,,GCF_003334235.1,1,GCF_003334235.1_prophage_2,16,GCF_002197975.1_prophage_1,4.8e-05,https://www.ncbi.nlm.nih.gov/nuccore/NZ_QOWY01000001.1,https://www.ncbi.nlm.nih.gov/nuccore/NZ_QOWY01000001.1?report=fasta&from=174867&to=208462,https://www.ncbi.nlm.nih.gov/assembly/GCF_003334235.1,ecor_neighborhoods/GCF_003334235.1_prophage_2.png
GCF_003334235.1_prophage_3,ECOR-13,13,GCF_003334235.1,GCA_003334235.1,QOWY00000000.1,NZ_QOWY01000029.1,18880,50913,32034,0.0,Podoviridae,36489,0,,GCF_003334235.1,1,GCF_003334235.1_prophage_3,50,GCF_002190365.1_prophage_1,0.0,https://www.ncbi.nlm.nih.gov/nuccore/NZ_QOWY01000029.1,https://www.ncbi.nlm.nih.gov/nuccore/NZ_QOWY01000029.1?report=fasta&from=18880&to=50913,https://www.ncbi.nlm.nih.gov/assembly/GCF_003334235.1,ecor_neighborhoods/GCF_003334235.1_prophage_3.png
GCF_003334245.1_prophage_1,ECOR-11,11,GCF_003334245.1,GCA_003334245.1,QOWW00000000.1,NZ_QOWW01000015.1,103814,112365,8552,0.0,Siphoviridae,36490,0,,GCF_003334245.1,1,GCF_003334245.1_prophage_1,55,GCF_000704145.1_prophage_3,0.00041,https://www.ncbi.nlm.nih.gov/nuccore/NZ_QOWW01000015.1,https://www.ncbi.nlm.nih.gov/nuccore/NZ_QOWW01000015.1?report=fasta&from=103814&to=112365,https://www.ncbi.nlm.nih.gov/assembly/GCF_003334245.1,ecor_neighborhoods/GCF_003334245.1_prophage_1.png
GCF_003334245.1_prophage_2,ECOR-11,11,GCF_003334245.1,GCA_003334245.1,QOWW00000000.1,NZ_QOWW01000028.1,26115,43135,17021,0.0,Podoviridae,36491,0,,GCF_003334245.1,1,GCF_003334245.1_prophage_2,37,GCF_002190305.1_prophage_3,0.0,https://www.ncbi.nlm.nih.gov/nuccore/NZ_QOWW01000028.1,https://www.ncbi.nlm.nih.gov/nuccore/NZ_QOWW01000028.1?report=fasta&from=26115&to=43135,https://www.ncbi.nlm.nih.gov/assembly/GCF_003334245.1,ecor_neighborhoods/GCF_003334245.1_prophage_2.png
GCF_003334245.1_prophage_3,ECOR-11,11,GCF_003334245.1,GCA_003334245.1,QOWW00000000.1,NZ_QOWW01000047.1,2672,20083,17412,0.0,Siphoviridae,36492,0,,GCF_003334245.1,1,GCF_003334245.1_prophage_3,4,GCF_000259385.1_prophage_3,0.00751,https://www.ncbi.nlm.nih.gov/nuccore/NZ_QOWW01000047.1,https://www.ncbi.nlm.nih.gov/nuccore/NZ_QOWW01000047.1?report=fasta&from=2672&to=20083,https://www.ncbi.nlm.nih.gov/assembly/GCF_003334245.1,ecor_neighborhoods/GCF_003334245.1_prophage_3.png
GCF_003334245.1_prophage_4,ECOR-11,11,GCF_003334245.1,GCA_003334245.1,QOWW00000000.1,NZ_QOWW01000007.1,95010,105221,10212,0.0,Unknown,36493,0,,GCF_003334245.1,1,GCF_003334245.1_prophage_4,30,GCF_002190305.1_prophage_2,0.0,https://www.ncbi.nlm.nih.gov/nuccore/NZ_QOWW01000007.1,https://www.ncbi.nlm.nih.gov/nuccore/NZ_QOWW01000007.1?report=fasta&from=95010&to=105221,https://www.ncbi.nlm.nih.gov/assembly/GCF_003334245.1,ecor_neighborhoods/GCF_003334245.1_prophage_4.png
GCF_003334245.1_prophage_5,ECOR-11,11,GCF_003334245.1,GCA_003334245.1,QOWW00000000.1,NZ_QOWW01000008.1,133135,168689,35555,0.0,Myoviridae,36494,0,,GCF_003334245.1,1,GCF_003334245.1_prophage_5,37,GCF_002548165.1_prophage_3,0.000168,https://www.ncbi.nlm.nih.gov/nuccore/NZ_QOWW01000008.1,https://www.ncbi.nlm.nih.gov/nuccore/NZ_QOWW01000008.1?report=fasta&from=133135&to=168689,https://www.ncbi.nlm.nih.gov/assembly/GCF_003334245.1,ecor_neighborhoods/GCF_003334245.1_prophage_5.png
GCF_003334255.1_prophage_1,ECOR-9,9,GCF_003334255.1,GCA_003334255.1,QOWU00000000.1,NZ_QOWU01000010.1,77719,90011,12293,0.0,Siphoviridae,36495,0,,GCF_003334255.1,1,GCF_003334255.1_prophage_1,16,GCF_001299315.1_prophage_1,0.0,https://www.ncbi.nlm.nih.gov/nuccore/NZ_QOWU01000010.1,https://www.ncbi.nlm.nih.gov/nuccore/NZ_QOWU01000010.1?report=fasta&from=77719&to=90011,https://www.ncbi.nlm.nih.gov/assembly/GCF_003334255.1,ecor_neighborhoods/GCF_003334255.1_prophage_1.png
GCF_003334255.1_prophage_2,ECOR-9,9,GCF_003334255.1,GCA_003334255.1,QOWU00000000.1,NZ_QOWU01000026.1,38024,61355,23332,0.0,Podoviridae,36496,0,,GCF_003334255.1,1,GCF_003334255.1_prophage_2,21,GCF_001299315.1_prophage_2,0.003054,https://www.ncbi.nlm.nih.gov/nuccore/NZ_QOWU01000026.1,https://www.ncbi.nlm.nih.gov/nuccore/NZ_QOWU01000026.1?report=fasta&from=38024&to=61355,https://www.ncbi.nlm.nih.gov/assembly/GCF_003334255.1,ecor_neighborhoods/GCF_003334255.1_prophage_2.png
GCF_003334255.1_prophage_3,ECOR-9,9,GCF_003334255.1,GCA_003334255.1,QOWU00000000.1,NZ_QOWU01000037.1,305,46400,46096,0.0,Myoviridae,36497,0,,GCF_003334255.1,1,GCF_003334255.1_prophage_3,21,GCF_014295235.1_prophage_10,0.002418,https://www.ncbi.nlm.nih.gov/nuccore/NZ_QOWU01000037.1,https://www.ncbi.nlm.nih.gov/nuccore/NZ_QOWU01000037.1?report=fasta&from=305&to=46400,https://www.ncbi.nlm.nih.gov/assembly/GCF_003334255.1,ecor_neighborhoods/GCF_003334255.1_prophage_3.png
GCF_003334305.1_prophage_1,ECOR-7,7,GCF_003334305.1,GCA_003334305.1,QOWS00000000.1,NZ_QOWS01000001.1,258386,291892,33507,0.0,Myoviridae,36498,0,,GCF_003334305.1,1,GCF_003334305.1_prophage_1,14,GCF_002476345.1_prophage_1,0.0,https://www.ncbi.nlm.nih.gov/nuccore/NZ_QOWS01000001.1,https://www.ncbi.nlm.nih.gov/nuccore/NZ_QOWS01000001.1?report=fasta&from=258386&to=291892,https://www.ncbi.nlm.nih.gov/assembly/GCF_003334305.1,ecor_neighborhoods/GCF_003334305.1_prophage_1.png
GCF_003334305.1_prophage_2,ECOR-7,7,GCF_003334305.1,GCA_003334305.1,QOWS00000000.1,NZ_QOWS01000021.1,11178,55024,43847,0.0,Siphoviridae,36499,0,,GCF_003334305.1,1,GCF_003334305.1_prophage_2,58,GCF_002476345.1_prophage_2,2.4e-05,https://www.ncbi.nlm.nih.gov/nuccore/NZ_QOWS01000021.1,https://www.ncbi.nlm.nih.gov/nuccore/NZ_QOWS01000021.1?report=fasta&from=11178&to=55024,https://www.ncbi.nlm.nih.gov/assembly/GCF_003334305.1,ecor_neighborhoods/GCF_003334305.1_prophage_2.png
GCF_003334305.1_prophage_3,ECOR-7,7,GCF_003334305.1,GCA_003334305.1,QOWS00000000.1,NZ_QOWS01000033.1,1071,9521,8451,0.0,Myoviridae,36500,0,14,GCF_003334305.1,1,GCF_003334305.1_prophage_3,5,GCF_002227315.1_prophage_6,0.00923,https://www.ncbi.nlm.nih.gov/nuccore/NZ_QOWS01000033.1,https://www.ncbi.nlm.nih.gov/nuccore/NZ_QOWS01000033.1?report=fasta&from=1071&to=9521,https://www.ncbi.nlm.nih.gov/assembly/GCF_003334305.1,ecor_neighborhoods/GCF_003334305.1_prophage_3.png
GCF_003334315.1_prophage_1,ECOR-6,6,GCF_003334315.1,GCA_003334315.1,QOWR00000000.1,NZ_QOWR01000018.1,34465,75488,41024,0.0,Siphoviridae,36501,0,,GCF_003334315.1,1,GCF_003334315.1_prophage_1,45,GCF_002190225.1_prophage_1,0.0,https://www.ncbi.nlm.nih.gov/nuccore/NZ_QOWR01000018.1,https://www.ncbi.nlm.nih.gov/nuccore/NZ_QOWR01000018.1?report=fasta&from=34465&to=75488,https://www.ncbi.nlm.nih.gov/assembly/GCF_003334315.1,ecor_neighborhoods/GCF_003334315.1_prophage_1.png
GCF_003334315.1_prophage_2,ECOR-6,6,GCF_003334315.1,GCA_003334315.1,QOWR00000000.1,NZ_QOWR01000033.1,12256,49381,37126,0.0,Myoviridae,36502,0,,GCF_003334315.1,1,GCF_003334315.1_prophage_2,15,GCF_002190225.1_prophage_2,0.002658,https://www.ncbi.nlm.nih.gov/nuccore/NZ_QOWR01000033.1,https://www.ncbi.nlm.nih.gov/nuccore/NZ_QOWR01000033.1?report=fasta&from=12256&to=49381,https://www.ncbi.nlm.nih.gov/assembly/GCF_003334315.1,ecor_neighborhoods/GCF_003334315.1_prophage_2.png
GCF_003334335.1_prophage_1,ECOR-5,5,GCF_003334335.1,GCA_003334335.1,QOWQ00000000.1,NZ_QOWQ01000025.1,12845,47952,35108,0.0,Myoviridae,36503,0,,GCF_003334335.1,1,GCF_003334335.1_prophage_1,35,GCF_002190205.1_prophage_4,0.0,https://www.ncbi.nlm.nih.gov/nuccore/NZ_QOWQ01000025.1,https://www.ncbi.nlm.nih.gov/nuccore/NZ_QOWQ01000025.1?report=fasta&from=12845&to=47952,https://www.ncbi.nlm.nih.gov/assembly/GCF_003334335.1,ecor_neighborhoods/GCF_003334335.1_prophage_1.png
GCF_003334335.1_prophage_2,ECOR-5,5,GCF_003334335.1,GCA_003334335.1,QOWQ00000000.1,NZ_QOWQ01000003.1,1198,6165,4968,0.0,Siphoviridae,36504,0,,GCF_003334335.1,1,GCF_003334335.1_prophage_2,8,GCF_002190205.1_prophage_2,0.0,https://www.ncbi.nlm.nih.gov/nuccore/NZ_QOWQ01000003.1,https://www.ncbi.nlm.nih.gov/nuccore/NZ_QOWQ01000003.1?report=fasta&from=1198&to=6165,https://www.ncbi.nlm.nih.gov/assembly/GCF_003334335.1,ecor_neighborhoods/GCF_003334335.1_prophage_2.png
GCF_003334335.1_prophage_3,ECOR-5,5,GCF_003334335.1,GCA_003334335.1,QOWQ00000000.1,NZ_QOWQ01000042.1,1085,22629,21545,0.0,Siphoviridae / Podoviridae,36505,0,,GCF_003334335.1,1,GCF_003334335.1_prophage_3,48,GCF_002190205.1_prophage_5,0.006214,https://www.ncbi.nlm.nih.gov/nuccore/NZ_QOWQ01000042.1,https://www.ncbi.nlm.nih.gov/nuccore/NZ_QOWQ01000042.1?report=fasta&from=1085&to=22629,https://www.ncbi.nlm.nih.gov/assembly/GCF_003334335.1,ecor_neighborhoods/GCF_003334335.1_prophage_3.png
GCF_003334335.1_prophage_4,ECOR-5,5,GCF_003334335.1,GCA_003334335.1,QOWQ00000000.1,NZ_QOWQ01000045.1,2178,21694,19517,0.0,Podoviridae,36506,0,,GCF_003334335.1,1,GCF_003334335.1_prophage_4,52,GCF_002190205.1_prophage_1,0.0,https://www.ncbi.nlm.nih.gov/nuccore/NZ_QOWQ01000045.1,https://www.ncbi.nlm.nih.gov/nuccore/NZ_QOWQ01000045.1?report=fasta&from=2178&to=21694,https://www.ncbi.nlm.nih.gov/assembly/GCF_003334335.1,ecor_neighborhoods/GCF_003334335.1_prophage_4.png
GCF_003334335.1_prophage_5,ECOR-5,5,GCF_003334335.1,GCA_003334335.1,QOWQ00000000.1,NZ_QOWQ01000048.1,416,3469,3054,0.0,Podoviridae,36507,0,,GCF_003334335.1,1,GCF_003334335.1_prophage_5,17,GCF_000704885.1_prophage_5,0.001186,https://www.ncbi.nlm.nih.gov/nuccore/NZ_QOWQ01000048.1,https://www.ncbi.nlm.nih.gov/nuccore/NZ_QOWQ01000048.1?report=fasta&from=416&to=3469,https://www.ncbi.nlm.nih.gov/assembly/GCF_003334335.1,ecor_neighborhoods/GCF_003334335.1_prophage_5.png
GCF_003334355.1_prophage_1,ECOR-4,4,GCF_003334355.1,GCA_003334355.1,QOWP00000000.1,NZ_QOWP01000017.1,1,19499,19499,0.0,Myoviridae,36508,0,,GCF_003334355.1,1,GCF_003334355.1_prophage_1,50,GCF_002190165.1_prophage_1,9.6e-05,https://www.ncbi.nlm.nih.gov/nuccore/NZ_QOWP01000017.1,https://www.ncbi.nlm.nih.gov/nuccore/NZ_QOWP01000017.1?report=fasta&from=1&to=19499,https://www.ncbi.nlm.nih.gov/assembly/GCF_003334355.1,ecor_neighborhoods/GCF_003334355.1_prophage_1.png
GCF_003334355.1_prophage_2,ECOR-4,4,GCF_003334355.1,GCA_003334355.1,QOWP00000000.1,NZ_QOWP01000002.1,268401,300938,32538,0.0,Podoviridae,36509,0,,GCF_003334355.1,1,GCF_003334355.1_prophage_2,59,GCF_000456825.1_prophage_1,0.046334,https://www.ncbi.nlm.nih.gov/nuccore/NZ_QOWP01000002.1,https://www.ncbi.nlm.nih.gov/nuccore/NZ_QOWP01000002.1?report=fasta&from=268401&to=300938,https://www.ncbi.nlm.nih.gov/assembly/GCF_003334355.1,ecor_neighborhoods/GCF_003334355.1_prophage_2.png
GCF_003334385.1_prophage_1,ECOR-2,2,GCF_003334385.1,GCA_003334385.1,QOWN00000000.1,NZ_QOWN01000017.1,94476,101986,7511,0.0,Unknown,36510,0,,GCF_003334385.1,1,GCF_003334385.1_prophage_1,7,GCF_907175605.1_prophage_1,0.034498,https://www.ncbi.nlm.nih.gov/nuccore/NZ_QOWN01000017.1,https://www.ncbi.nlm.nih.gov/nuccore/NZ_QOWN01000017.1?report=fasta&from=94476&to=101986,https://www.ncbi.nlm.nih.gov/assembly/GCF_003334385.1,ecor_neighborhoods/GCF_003334385.1_prophage_1.png
GCF_003334385.1_prophage_2,ECOR-2,2,GCF_003334385.1,GCA_003334385.1,QOWN00000000.1,NZ_QOWN01000022.1,61665,77339,15675,0.0,Siphoviridae / Podoviridae / Bicaudaviridae,36511,0,,GCF_003334385.1,1,GCF_003334385.1_prophage_2,36,GCF_002190145.1_prophage_2,0.000144,https://www.ncbi.nlm.nih.gov/nuccore/NZ_QOWN01000022.1,https://www.ncbi.nlm.nih.gov/nuccore/NZ_QOWN01000022.1?report=fasta&from=61665&to=77339,https://www.ncbi.nlm.nih.gov/assembly/GCF_003334385.1,ecor_neighborhoods/GCF_003334385.1_prophage_2.png
GCF_003334385.1_prophage_3,ECOR-2,2,GCF_003334385.1,GCA_003334385.1,QOWN00000000.1,NZ_QOWN01000031.1,37223,52310,15088,0.0,Myoviridae / Podoviridae,36512,0,,GCF_003334385.1,1,GCF_003334385.1_prophage_3,5,GCF_004014735.1_prophage_7,0.020621,https://www.ncbi.nlm.nih.gov/nuccore/NZ_QOWN01000031.1,https://www.ncbi.nlm.nih.gov/nuccore/NZ_QOWN01000031.1?report=fasta&from=37223&to=52310,https://www.ncbi.nlm.nih.gov/assembly/GCF_003334385.1,ecor_neighborhoods/GCF_003334385.1_prophage_3.png
GCF_003334385.1_prophage_4,ECOR-2,2,GCF_003334385.1,GCA_003334385.1,QOWN00000000.1,NZ_QOWN01000035.1,36297,41074,4778,0.0,Podoviridae,36513,0,,GCF_003334385.1,1,GCF_003334385.1_prophage_4,18,GCF_014771275.1_prophage_2,0.014404,https://www.ncbi.nlm.nih.gov/nuccore/NZ_QOWN01000035.1,https://www.ncbi.nlm.nih.gov/nuccore/NZ_QOWN01000035.1?report=fasta&from=36297&to=41074,https://www.ncbi.nlm.nih.gov/assembly/GCF_003334385.1,ecor_neighborhoods/GCF_003334385.1_prophage_4.png
GCF_003334385.1_prophage_5,ECOR-2,2,GCF_003334385.1,GCA_003334385.1,QOWN00000000.1,NZ_QOWN01000037.1,261,16793,16533,0.0,Unknown,36514,0,,GCF_003334385.1,1,GCF_003334385.1_prophage_5,50,GCF_000414155.2_prophage_2,0.044718,https://www.ncbi.nlm.nih.gov/nuccore/NZ_QOWN01000037.1,https://www.ncbi.nlm.nih.gov/nuccore/NZ_QOWN01000037.1?report=fasta&from=261&to=16793,https://www.ncbi.nlm.nih.gov/assembly/GCF_003334385.1,ecor_neighborhoods/GCF_003334385.1_prophage_5.png
GCF_003334385.1_prophage_6,ECOR-2,2,GCF_003334385.1,GCA_003334385.1,QOWN00000000.1,NZ_QOWN01000045.1,2752,8560,5809,0.0,Myoviridae,36515,0,,GCF_003334385.1,1,GCF_003334385.1_prophage_6,38,GCF_001893605.1_prophage_5,0.01789,https://www.ncbi.nlm.nih.gov/nuccore/NZ_QOWN01000045.1,https://www.ncbi.nlm.nih.gov/nuccore/NZ_QOWN01000045.1?report=fasta&from=2752&to=8560,https://www.ncbi.nlm.nih.gov/assembly/GCF_003334385.1,ecor_neighborhoods/GCF_003334385.1_prophage_6.png
GCF_003334385.1_prophage_7,ECOR-2,2,GCF_003334385.1,GCA_003334385.1,QOWN00000000.1,NZ_QOWN01000048.1,12039,33203,21165,0.0,Podoviridae,36516,0,,GCF_003334385.1,1,GCF_003334385.1_prophage_7,52,GCF_013350115.1_prophage_3,0.002,https://www.ncbi.nlm.nih.gov/nuccore/NZ_QOWN01000048.1,https://www.ncbi.nlm.nih.gov/nuccore/NZ_QOWN01000048.1?report=fasta&from=12039&to=33203,https://www.ncbi.nlm.nih.gov/assembly/GCF_003334385.1,ecor_neighborhoods/GCF_003334385.1_prophage_7.png
GCF_003334385.1_prophage_8,ECOR-2,2,GCF_003334385.1,GCA_003334385.1,QOWN00000000.1,NZ_QOWN01000053.1,1505,27063,25559,0.0,Podoviridae,36517,0,,GCF_003334385.1,1,GCF_003334385.1_prophage_8,60,GCF_008041545.1_prophage_2,0.011232,https://www.ncbi.nlm.nih.gov/nuccore/NZ_QOWN01000053.1,https://www.ncbi.nlm.nih.gov/nuccore/NZ_QOWN01000053.1?report=fasta&from=1505&to=27063,https://www.ncbi.nlm.nih.gov/assembly/GCF_003334385.1,ecor_neighborhoods/GCF_003334385.1_prophage_8.png
GCF_003334385.1_prophage_9,ECOR-2,2,GCF_003334385.1,GCA_003334385.1,QOWN00000000.1,NZ_QOWN01000060.1,2669,20074,17406,0.0,Siphoviridae,36518,0,,GCF_003334385.1,1,GCF_003334385.1_prophage_9,13,GCF_004767365.1_prophage_7,0.006044,https://www.ncbi.nlm.nih.gov/nuccore/NZ_QOWN01000060.1,https://www.ncbi.nlm.nih.gov/nuccore/NZ_QOWN01000060.1?report=fasta&from=2669&to=20074,https://www.ncbi.nlm.nih.gov/assembly/GCF_003334385.1,ecor_neighborhoods/GCF_003334385.1_prophage_9.png
GCF_003334405.1_prophage_1,ECOR-1,1,GCF_003334405.1,GCA_003334405.1,QOWM00000000.1,NZ_QOWM01000012.1,3,25828,25826,0.0,Unknown,36519,0,,GCF_003334405.1,1,GCF_003334405.1_prophage_1,19,GCF_900478835.1_prophage_1,0.041643,https://www.ncbi.nlm.nih.gov/nuccore/NZ_QOWM01000012.1,https://www.ncbi.nlm.nih.gov/nuccore/NZ_QOWM01000012.1?report=fasta&from=3&to=25828,https://www.ncbi.nlm.nih.gov/assembly/GCF_003334405.1,ecor_neighborhoods/GCF_003334405.1_prophage_1.png
GCF_003334405.1_prophage_2,ECOR-1,1,GCF_003334405.1,GCA_003334405.1,QOWM00000000.1,NZ_QOWM01000003.1,381778,401459,19682,1.0,Siphoviridae / Podoviridae,36520,0,,GCF_003334405.1,1,GCF_003334405.1_prophage_2,7,GCF_000461755.1_prophage_2,0.00012,https://www.ncbi.nlm.nih.gov/nuccore/NZ_QOWM01000003.1,https://www.ncbi.nlm.nih.gov/nuccore/NZ_QOWM01000003.1?report=fasta&from=381778&to=401459,https://www.ncbi.nlm.nih.gov/assembly/GCF_003334405.1,ecor_neighborhoods/GCF_003334405.1_prophage_2.png
GCF_003334405.1_prophage_3,ECOR-1,1,GCF_003334405.1,GCA_003334405.1,QOWM00000000.1,NZ_QOWM01000008.1,143383,162523,19141,0.0,Podoviridae,36521,0,,GCF_003334405.1,1,GCF_003334405.1_prophage_3,59,GCF_002190105.1_prophage_1,0.0,https://www.ncbi.nlm.nih.gov/nuccore/NZ_QOWM01000008.1,https://www.ncbi.nlm.nih.gov/nuccore/NZ_QOWM01000008.1?report=fasta&from=143383&to=162523,https://www.ncbi.nlm.nih.gov/assembly/GCF_003334405.1,ecor_neighborhoods/GCF_003334405.1_prophage_3.png
GCF_003334425.1_prophage_1,ECOR-72,72,GCF_003334425.1,GCA_003334425.1,QOZE00000000.1,NZ_QOZE01000013.1,1,22749,22749,0.0,Myoviridae,36522,0,,GCF_003334425.1,1,GCF_003334425.1_prophage_1,39,GCF_002521345.1_prophage_3,0.014924,https://www.ncbi.nlm.nih.gov/nuccore/NZ_QOZE01000013.1,https://www.ncbi.nlm.nih.gov/nuccore/NZ_QOZE01000013.1?report=fasta&from=1&to=22749,https://www.ncbi.nlm.nih.gov/assembly/GCF_003334425.1,ecor_neighborhoods/GCF_003334425.1_prophage_1.png
GCF_003334425.1_prophage_2,ECOR-72,72,GCF_003334425.1,GCA_003334425.1,QOZE00000000.1,NZ_QOZE01000017.1,2744,17071,14328,0.0,Siphoviridae / Podoviridae,36523,0,3,GCF_003334425.1,1,GCF_003334425.1_prophage_2,60,GCF_014878465.1_prophage_1,0.000144,https://www.ncbi.nlm.nih.gov/nuccore/NZ_QOZE01000017.1,https://www.ncbi.nlm.nih.gov/nuccore/NZ_QOZE01000017.1?report=fasta&from=2744&to=17071,https://www.ncbi.nlm.nih.gov/assembly/GCF_003334425.1,ecor_neighborhoods/GCF_003334425.1_prophage_2.png
GCF_003334425.1_prophage_3,ECOR-72,72,GCF_003334425.1,GCA_003334425.1,QOZE00000000.1,NZ_QOZE01000021.1,858,20399,19542,0.0,Podoviridae,36524,0,,GCF_003334425.1,1,GCF_003334425.1_prophage_3,38,GCF_003303195.1_prophage_1,0.00041,https://www.ncbi.nlm.nih.gov/nuccore/NZ_QOZE01000021.1,https://www.ncbi.nlm.nih.gov/nuccore/NZ_QOZE01000021.1?report=fasta&from=858&to=20399,https://www.ncbi.nlm.nih.gov/assembly/GCF_003334425.1,ecor_neighborhoods/GCF_003334425.1_prophage_3.png
GCF_003334425.1_prophage_4,ECOR-72,72,GCF_003334425.1,GCA_003334425.1,QOZE00000000.1,NZ_QOZE01000031.1,1857,23982,22126,0.0,Siphoviridae,36525,0,,GCF_003334425.1,1,GCF_003334425.1_prophage_4,36,GCF_021167385.1_prophage_3,0.003936,https://www.ncbi.nlm.nih.gov/nuccore/NZ_QOZE01000031.1,https://www.ncbi.nlm.nih.gov/nuccore/NZ_QOZE01000031.1?report=fasta&from=1857&to=23982,https://www.ncbi.nlm.nih.gov/assembly/GCF_003334425.1,ecor_neighborhoods/GCF_003334425.1_prophage_4.png
GCF_003334425.1_prophage_5,ECOR-72,72,GCF_003334425.1,GCA_003334425.1,QOZE00000000.1,NZ_QOZE01000005.1,3186,13817,10632,0.0,Siphoviridae / Podoviridae,36526,0,,GCF_003334425.1,1,GCF_003334425.1_prophage_5,26,GCF_002227815.1_prophage_6,0.004531,https://www.ncbi.nlm.nih.gov/nuccore/NZ_QOZE01000005.1,https://www.ncbi.nlm.nih.gov/nuccore/NZ_QOZE01000005.1?report=fasta&from=3186&to=13817,https://www.ncbi.nlm.nih.gov/assembly/GCF_003334425.1,ecor_neighborhoods/GCF_003334425.1_prophage_5.png
GCF_003334425.1_prophage_6,ECOR-72,72,GCF_003334425.1,GCA_003334425.1,QOZE00000000.1,NZ_QOZE01000007.1,206037,211692,5656,0.0,Myoviridae,36527,0,,GCF_003334425.1,1,GCF_003334425.1_prophage_6,28,GCF_005398745.1_prophage_5,0.0,https://www.ncbi.nlm.nih.gov/nuccore/NZ_QOZE01000007.1,https://www.ncbi.nlm.nih.gov/nuccore/NZ_QOZE01000007.1?report=fasta&from=206037&to=211692,https://www.ncbi.nlm.nih.gov/assembly/GCF_003334425.1,ecor_neighborhoods/GCF_003334425.1_prophage_6.png
GCF_003334435.1_prophage_1,ECOR-69,69,GCF_003334435.1,GCA_003334435.1,QOZB00000000.1,NZ_QOZB01000022.1,8573,22644,14072,0.0,Myoviridae,36528,0,,GCF_003334435.1,1,GCF_003334435.1_prophage_1,33,GCF_900196115.1_prophage_2,0.0,https://www.ncbi.nlm.nih.gov/nuccore/NZ_QOZB01000022.1,https://www.ncbi.nlm.nih.gov/nuccore/NZ_QOZB01000022.1?report=fasta&from=8573&to=22644,https://www.ncbi.nlm.nih.gov/assembly/GCF_003334435.1,ecor_neighborhoods/GCF_003334435.1_prophage_1.png
GCF_003334435.1_prophage_2,ECOR-69,69,GCF_003334435.1,GCA_003334435.1,QOZB00000000.1,NZ_QOZB01000041.1,3,28167,28165,0.0,Myoviridae,36529,0,,GCF_003334435.1,1,GCF_003334435.1_prophage_2,46,GCF_002190035.1_prophage_2,4.8e-05,https://www.ncbi.nlm.nih.gov/nuccore/NZ_QOZB01000041.1,https://www.ncbi.nlm.nih.gov/nuccore/NZ_QOZB01000041.1?report=fasta&from=3&to=28167,https://www.ncbi.nlm.nih.gov/assembly/GCF_003334435.1,ecor_neighborhoods/GCF_003334435.1_prophage_2.png
GCF_003334435.1_prophage_3,ECOR-69,69,GCF_003334435.1,GCA_003334435.1,QOZB00000000.1,NZ_QOZB01000005.1,36710,48799,12090,0.0,Unknown,36530,0,,GCF_003334435.1,1,GCF_003334435.1_prophage_3,57,GCF_900196115.1_prophage_1,0.000632,https://www.ncbi.nlm.nih.gov/nuccore/NZ_QOZB01000005.1,https://www.ncbi.nlm.nih.gov/nuccore/NZ_QOZB01000005.1?report=fasta&from=36710&to=48799,https://www.ncbi.nlm.nih.gov/assembly/GCF_003334435.1,ecor_neighborhoods/GCF_003334435.1_prophage_3.png
GCF_003334465.1_prophage_1,ECOR-67,67,GCF_003334465.1,GCA_003334465.1,QOYZ00000000.1,NZ_QOYZ01000014.1,32501,67129,34629,0.0,Myoviridae,36531,0,,GCF_003334465.1,1,GCF_003334465.1_prophage_1,45,GCF_002190005.1_prophage_1,7.2e-05,https://www.ncbi.nlm.nih.gov/nuccore/NZ_QOYZ01000014.1,https://www.ncbi.nlm.nih.gov/nuccore/NZ_QOYZ01000014.1?report=fasta&from=32501&to=67129,https://www.ncbi.nlm.nih.gov/assembly/GCF_003334465.1,ecor_neighborhoods/GCF_003334465.1_prophage_1.png
GCF_003334465.1_prophage_2,ECOR-67,67,GCF_003334465.1,GCA_003334465.1,QOYZ00000000.1,NZ_QOYZ01000021.1,58572,91632,33061,0.0,Myoviridae,36532,0,,GCF_003334465.1,1,GCF_003334465.1_prophage_2,47,GCF_002190005.1_prophage_2,0.0,https://www.ncbi.nlm.nih.gov/nuccore/NZ_QOYZ01000021.1,https://www.ncbi.nlm.nih.gov/nuccore/NZ_QOYZ01000021.1?report=fasta&from=58572&to=91632,https://www.ncbi.nlm.nih.gov/assembly/GCF_003334465.1,ecor_neighborhoods/GCF_003334465.1_prophage_2.png
GCF_003334465.1_prophage_3,ECOR-67,67,GCF_003334465.1,GCA_003334465.1,QOYZ00000000.1,NZ_QOYZ01000026.1,96400,118370,21971,0.0,Myoviridae / Podoviridae,36533,0,,GCF_003334465.1,1,GCF_003334465.1_prophage_3,12,GCF_002511615.1_prophage_1,0.00012,https://www.ncbi.nlm.nih.gov/nuccore/NZ_QOYZ01000026.1,https://www.ncbi.nlm.nih.gov/nuccore/NZ_QOYZ01000026.1?report=fasta&from=96400&to=118370,https://www.ncbi.nlm.nih.gov/assembly/GCF_003334465.1,ecor_neighborhoods/GCF_003334465.1_prophage_3.png
GCF_003334465.1_prophage_4,ECOR-67,67,GCF_003334465.1,GCA_003334465.1,QOYZ00000000.1,NZ_QOYZ01000031.1,69243,88229,18987,0.0,Siphoviridae,36534,0,10,GCF_003334465.1,1,GCF_003334465.1_prophage_4,59,GCF_019839775.1_prophage_2,0.001866,https://www.ncbi.nlm.nih.gov/nuccore/NZ_QOYZ01000031.1,https://www.ncbi.nlm.nih.gov/nuccore/NZ_QOYZ01000031.1?report=fasta&from=69243&to=88229,https://www.ncbi.nlm.nih.gov/assembly/GCF_003334465.1,ecor_neighborhoods/GCF_003334465.1_prophage_4.png
GCF_003334485.1_prophage_1,ECOR-56,56,GCF_003334485.1,GCA_003334485.1,QOYP00000000.1,NZ_QOYP01000021.1,3560,42195,38636,0.0,Siphoviridae,36535,0,,GCF_003334485.1,1,GCF_003334485.1_prophage_1,50,GCF_002456495.1_prophage_1,9.6e-05,https://www.ncbi.nlm.nih.gov/nuccore/NZ_QOYP01000021.1,https://www.ncbi.nlm.nih.gov/nuccore/NZ_QOYP01000021.1?report=fasta&from=3560&to=42195,https://www.ncbi.nlm.nih.gov/assembly/GCF_003334485.1,ecor_neighborhoods/GCF_003334485.1_prophage_1.png
GCF_003334495.1_prophage_1,ECOR-52,52,GCF_003334495.1,GCA_003334495.1,QOYL00000000.1,NZ_QOYL01000012.1,101804,131087,29284,0.0,Podoviridae,36536,0,,GCF_003334495.1,1,GCF_003334495.1_prophage_1,59,GCF_003334095.1_prophage_1,0.0,https://www.ncbi.nlm.nih.gov/nuccore/NZ_QOYL01000012.1,https://www.ncbi.nlm.nih.gov/nuccore/NZ_QOYL01000012.1?report=fasta&from=101804&to=131087,https://www.ncbi.nlm.nih.gov/assembly/GCF_003334495.1,ecor_neighborhoods/GCF_003334495.1_prophage_1.png
GCF_003334495.1_prophage_2,ECOR-52,52,GCF_003334495.1,GCA_003334495.1,QOYL00000000.1,NZ_QOYL01000013.1,100461,119278,18818,0.0,Myoviridae,36537,0,,GCF_003334495.1,1,GCF_003334495.1_prophage_2,47,GCF_003569985.1_prophage_2,0.000362,https://www.ncbi.nlm.nih.gov/nuccore/NZ_QOYL01000013.1,https://www.ncbi.nlm.nih.gov/nuccore/NZ_QOYL01000013.1?report=fasta&from=100461&to=119278,https://www.ncbi.nlm.nih.gov/assembly/GCF_003334495.1,ecor_neighborhoods/GCF_003334495.1_prophage_2.png
GCF_003334495.1_prophage_3,ECOR-52,52,GCF_003334495.1,GCA_003334495.1,QOYL00000000.1,NZ_QOYL01000026.1,562,16405,15844,0.0,Myoviridae / Siphoviridae,36538,0,,GCF_003334495.1,1,GCF_003334495.1_prophage_3,7,GCF_003334095.1_prophage_3,0.0,https://www.ncbi.nlm.nih.gov/nuccore/NZ_QOYL01000026.1,https://www.ncbi.nlm.nih.gov/nuccore/NZ_QOYL01000026.1?report=fasta&from=562&to=16405,https://www.ncbi.nlm.nih.gov/assembly/GCF_003334495.1,ecor_neighborhoods/GCF_003334495.1_prophage_3.png
GCF_003334495.1_prophage_4,ECOR-52,52,GCF_003334495.1,GCA_003334495.1,QOYL00000000.1,NZ_QOYL01000033.1,2669,20078,17410,0.0,Siphoviridae,36539,0,,GCF_003334495.1,1,GCF_003334495.1_prophage_4,58,GCF_019282015.1_prophage_3,9.6e-05,https://www.ncbi.nlm.nih.gov/nuccore/NZ_QOYL01000033.1,https://www.ncbi.nlm.nih.gov/nuccore/NZ_QOYL01000033.1?report=fasta&from=2669&to=20078,https://www.ncbi.nlm.nih.gov/assembly/GCF_003334495.1,ecor_neighborhoods/GCF_003334495.1_prophage_4.png
GCF_003334495.1_prophage_5,ECOR-52,52,GCF_003334495.1,GCA_003334495.1,QOYL00000000.1,NZ_QOYL01000008.1,370,17682,17313,0.0,Siphoviridae / Podoviridae / Bicaudaviridae,36540,0,,GCF_003334495.1,1,GCF_003334495.1_prophage_5,20,GCF_003334095.1_prophage_5,0.0,https://www.ncbi.nlm.nih.gov/nuccore/NZ_QOYL01000008.1,https://www.ncbi.nlm.nih.gov/nuccore/NZ_QOYL01000008.1?report=fasta&from=370&to=17682,https://www.ncbi.nlm.nih.gov/assembly/GCF_003334495.1,ecor_neighborhoods/GCF_003334495.1_prophage_5.png
GCF_003334525.1_prophage_1,ECOR-64,64,GCF_003334525.1,GCA_003334525.1,QOYW00000000.1,NZ_QOYW01000012.1,2100,14510,12411,0.0,Siphoviridae / Podoviridae,36541,0,,GCF_003334525.1,1,GCF_003334525.1_prophage_1,2,GCF_013424095.1_prophage_4,0.014976,https://www.ncbi.nlm.nih.gov/nuccore/NZ_QOYW01000012.1,https://www.ncbi.nlm.nih.gov/nuccore/NZ_QOYW01000012.1?report=fasta&from=2100&to=14510,https://www.ncbi.nlm.nih.gov/assembly/GCF_003334525.1,ecor_neighborhoods/GCF_003334525.1_prophage_1.png
GCF_003334525.1_prophage_2,ECOR-64,64,GCF_003334525.1,GCA_003334525.1,QOYW00000000.1,NZ_QOYW01000014.1,13104,46203,33100,0.0,Myoviridae,36542,0,,GCF_003334525.1,1,GCF_003334525.1_prophage_2,59,GCF_002189945.1_prophage_1,0.0,https://www.ncbi.nlm.nih.gov/nuccore/NZ_QOYW01000014.1,https://www.ncbi.nlm.nih.gov/nuccore/NZ_QOYW01000014.1?report=fasta&from=13104&to=46203,https://www.ncbi.nlm.nih.gov/assembly/GCF_003334525.1,ecor_neighborhoods/GCF_003334525.1_prophage_2.png
GCF_003334535.1_prophage_1,ECOR-48,48,GCF_003334535.1,GCA_003334535.1,QOYH00000000.1,NZ_QOYH01000010.1,65467,89286,23820,0.0,Myoviridae,36543,0,,GCF_003334535.1,1,GCF_003334535.1_prophage_1,45,GCF_002486795.1_prophage_1,0.001392,https://www.ncbi.nlm.nih.gov/nuccore/NZ_QOYH01000010.1,https://www.ncbi.nlm.nih.gov/nuccore/NZ_QOYH01000010.1?report=fasta&from=65467&to=89286,https://www.ncbi.nlm.nih.gov/assembly/GCF_003334535.1,ecor_neighborhoods/GCF_003334535.1_prophage_1.png
GCF_003334535.1_prophage_2,ECOR-48,48,GCF_003334535.1,GCA_003334535.1,QOYH00000000.1,NZ_QOYH01000012.1,6784,39902,33119,0.0,Podoviridae,36544,0,,GCF_003334535.1,1,GCF_003334535.1_prophage_2,55,GCF_002191025.1_prophage_2,2.4e-05,https://www.ncbi.nlm.nih.gov/nuccore/NZ_QOYH01000012.1,https://www.ncbi.nlm.nih.gov/nuccore/NZ_QOYH01000012.1?report=fasta&from=6784&to=39902,https://www.ncbi.nlm.nih.gov/assembly/GCF_003334535.1,ecor_neighborhoods/GCF_003334535.1_prophage_2.png
GCF_003334535.1_prophage_3,ECOR-48,48,GCF_003334535.1,GCA_003334535.1,QOYH00000000.1,NZ_QOYH01000019.1,1,33354,33354,1.0,Myoviridae,36545,0,,GCF_003334535.1,1,GCF_003334535.1_prophage_3,9,GCF_002191025.1_prophage_7,4.8e-05,https://www.ncbi.nlm.nih.gov/nuccore/NZ_QOYH01000019.1,https://www.ncbi.nlm.nih.gov/nuccore/NZ_QOYH01000019.1?report=fasta&from=1&to=33354,https://www.ncbi.nlm.nih.gov/assembly/GCF_003334535.1,ecor_neighborhoods/GCF_003334535.1_prophage_3.png
GCF_003334535.1_prophage_4,ECOR-48,48,GCF_003334535.1,GCA_003334535.1,QOYH00000000.1,NZ_QOYH01000038.1,629,22046,21418,0.0,Siphoviridae,36546,0,,GCF_003334535.1,1,GCF_003334535.1_prophage_4,16,GCF_002520965.1_prophage_5,0.004738,https://www.ncbi.nlm.nih.gov/nuccore/NZ_QOYH01000038.1,https://www.ncbi.nlm.nih.gov/nuccore/NZ_QOYH01000038.1?report=fasta&from=629&to=22046,https://www.ncbi.nlm.nih.gov/assembly/GCF_003334535.1,ecor_neighborhoods/GCF_003334535.1_prophage_4.png
GCF_003334535.1_prophage_5,ECOR-48,48,GCF_003334535.1,GCA_003334535.1,QOYH00000000.1,NZ_QOYH01000004.1,36,27396,27361,0.0,Siphoviridae,36547,0,,GCF_003334535.1,1,GCF_003334535.1_prophage_5,1,,,https://www.ncbi.nlm.nih.gov/nuccore/NZ_QOYH01000004.1,https://www.ncbi.nlm.nih.gov/nuccore/NZ_QOYH01000004.1?report=fasta&from=36&to=27396,https://www.ncbi.nlm.nih.gov/assembly/GCF_003334535.1,ecor_neighborhoods/GCF_003334535.1_prophage_5.png
GCF_003334535.1_prophage_6,ECOR-48,48,GCF_003334535.1,GCA_003334535.1,QOYH00000000.1,NZ_QOYH01000004.1,179273,212770,33498,0.0,Myoviridae,36548,0,,GCF_003334535.1,1,GCF_003334535.1_prophage_6,57,GCF_002191025.1_prophage_3,7.2e-05,https://www.ncbi.nlm.nih.gov/nuccore/NZ_QOYH01000004.1,https://www.ncbi.nlm.nih.gov/nuccore/NZ_QOYH01000004.1?report=fasta&from=179273&to=212770,https://www.ncbi.nlm.nih.gov/assembly/GCF_003334535.1,ecor_neighborhoods/GCF_003334535.1_prophage_6.png
GCF_003334555.1_prophage_1,ECOR-57,57,GCF_003334555.1,GCA_003334555.1,QOYQ00000000.1,NZ_QOYQ01000018.1,101009,141550,40542,0.0,Podoviridae,36549,0,,GCF_003334555.1,1,GCF_003334555.1_prophage_1,5,GCF_002189815.1_prophage_2,0.005742,https://www.ncbi.nlm.nih.gov/nuccore/NZ_QOYQ01000018.1,https://www.ncbi.nlm.nih.gov/nuccore/NZ_QOYQ01000018.1?report=fasta&from=101009&to=141550,https://www.ncbi.nlm.nih.gov/assembly/GCF_003334555.1,ecor_neighborhoods/GCF_003334555.1_prophage_1.png
GCF_003334555.1_prophage_2,ECOR-57,57,GCF_003334555.1,GCA_003334555.1,QOYQ00000000.1,NZ_QOYQ01000020.1,54643,59834,5192,0.0,Unknown,36550,0,,GCF_003334555.1,1,GCF_003334555.1_prophage_2,44,GCF_009649375.1_prophage_4,0.0,https://www.ncbi.nlm.nih.gov/nuccore/NZ_QOYQ01000020.1,https://www.ncbi.nlm.nih.gov/nuccore/NZ_QOYQ01000020.1?report=fasta&from=54643&to=59834,https://www.ncbi.nlm.nih.gov/assembly/GCF_003334555.1,ecor_neighborhoods/GCF_003334555.1_prophage_2.png
GCF_003334555.1_prophage_3,ECOR-57,57,GCF_003334555.1,GCA_003334555.1,QOYQ00000000.1,NZ_QOYQ01000028.1,11850,28921,17072,0.0,Podoviridae,36551,0,,GCF_003334555.1,1,GCF_003334555.1_prophage_3,52,GCF_000776915.1_prophage_2,0.001656,https://www.ncbi.nlm.nih.gov/nuccore/NZ_QOYQ01000028.1,https://www.ncbi.nlm.nih.gov/nuccore/NZ_QOYQ01000028.1?report=fasta&from=11850&to=28921,https://www.ncbi.nlm.nih.gov/assembly/GCF_003334555.1,ecor_neighborhoods/GCF_003334555.1_prophage_3.png
GCF_003334555.1_prophage_4,ECOR-57,57,GCF_003334555.1,GCA_003334555.1,QOYQ00000000.1,NZ_QOYQ01000030.1,76040,96661,20622,0.0,Podoviridae,36552,0,,GCF_003334555.1,1,GCF_003334555.1_prophage_4,59,GCF_002189815.1_prophage_5,0.0,https://www.ncbi.nlm.nih.gov/nuccore/NZ_QOYQ01000030.1,https://www.ncbi.nlm.nih.gov/nuccore/NZ_QOYQ01000030.1?report=fasta&from=76040&to=96661,https://www.ncbi.nlm.nih.gov/assembly/GCF_003334555.1,ecor_neighborhoods/GCF_003334555.1_prophage_4.png
GCF_003334555.1_prophage_5,ECOR-57,57,GCF_003334555.1,GCA_003334555.1,QOYQ00000000.1,NZ_QOYQ01000034.1,3437,11988,8552,0.0,Siphoviridae,36553,0,,GCF_003334555.1,1,GCF_003334555.1_prophage_5,29,GCF_002189815.1_prophage_1,0.0,https://www.ncbi.nlm.nih.gov/nuccore/NZ_QOYQ01000034.1,https://www.ncbi.nlm.nih.gov/nuccore/NZ_QOYQ01000034.1?report=fasta&from=3437&to=11988,https://www.ncbi.nlm.nih.gov/assembly/GCF_003334555.1,ecor_neighborhoods/GCF_003334555.1_prophage_5.png
GCF_003334555.1_prophage_6,ECOR-57,57,GCF_003334555.1,GCA_003334555.1,QOYQ00000000.1,NZ_QOYQ01000047.1,4600,16769,12170,0.0,Unknown,36554,0,,GCF_003334555.1,1,GCF_003334555.1_prophage_6,58,GCF_907177075.1_prophage_1,4.8e-05,https://www.ncbi.nlm.nih.gov/nuccore/NZ_QOYQ01000047.1,https://www.ncbi.nlm.nih.gov/nuccore/NZ_QOYQ01000047.1?report=fasta&from=4600&to=16769,https://www.ncbi.nlm.nih.gov/assembly/GCF_003334555.1,ecor_neighborhoods/GCF_003334555.1_prophage_6.png
GCF_003334585.1_prophage_1,ECOR-46,46,GCF_003334585.1,GCA_003334585.1,QOYF00000000.1,NZ_QOYF01000018.1,1012,15192,14181,0.0,Myoviridae / Podoviridae,36555,0,,GCF_003334585.1,1,GCF_003334585.1_prophage_1,54,GCF_014333065.1_prophage_1,0.0,https://www.ncbi.nlm.nih.gov/nuccore/NZ_QOYF01000018.1,https://www.ncbi.nlm.nih.gov/nuccore/NZ_QOYF01000018.1?report=fasta&from=1012&to=15192,https://www.ncbi.nlm.nih.gov/assembly/GCF_003334585.1,ecor_neighborhoods/GCF_003334585.1_prophage_1.png
GCF_003334585.1_prophage_2,ECOR-46,46,GCF_003334585.1,GCA_003334585.1,QOYF00000000.1,NZ_QOYF01000026.1,128819,166761,37943,0.0,Myoviridae,36556,0,18,GCF_003334585.1,1,GCF_003334585.1_prophage_2,1,,,https://www.ncbi.nlm.nih.gov/nuccore/NZ_QOYF01000026.1,https://www.ncbi.nlm.nih.gov/nuccore/NZ_QOYF01000026.1?report=fasta&from=128819&to=166761,https://www.ncbi.nlm.nih.gov/assembly/GCF_003334585.1,ecor_neighborhoods/GCF_003334585.1_prophage_2.png
GCF_003334585.1_prophage_3,ECOR-46,46,GCF_003334585.1,GCA_003334585.1,QOYF00000000.1,NZ_QOYF01000035.1,2655,23598,20944,0.0,Siphoviridae,36557,0,,GCF_003334585.1,1,GCF_003334585.1_prophage_3,45,GCF_019840625.1_prophage_4,0.008384,https://www.ncbi.nlm.nih.gov/nuccore/NZ_QOYF01000035.1,https://www.ncbi.nlm.nih.gov/nuccore/NZ_QOYF01000035.1?report=fasta&from=2655&to=23598,https://www.ncbi.nlm.nih.gov/assembly/GCF_003334585.1,ecor_neighborhoods/GCF_003334585.1_prophage_3.png
GCF_003334585.1_prophage_4,ECOR-46,46,GCF_003334585.1,GCA_003334585.1,QOYF00000000.1,NZ_QOYF01000038.1,645,18031,17387,0.0,Siphoviridae / Podoviridae,36558,0,,GCF_003334585.1,1,GCF_003334585.1_prophage_4,43,GCF_002407295.1_prophage_3,0.000144,https://www.ncbi.nlm.nih.gov/nuccore/NZ_QOYF01000038.1,https://www.ncbi.nlm.nih.gov/nuccore/NZ_QOYF01000038.1?report=fasta&from=645&to=18031,https://www.ncbi.nlm.nih.gov/assembly/GCF_003334585.1,ecor_neighborhoods/GCF_003334585.1_prophage_4.png
GCF_003334585.1_prophage_5,ECOR-46,46,GCF_003334585.1,GCA_003334585.1,QOYF00000000.1,NZ_QOYF01000043.1,4142,24293,20152,0.0,Siphoviridae,36559,0,,GCF_003334585.1,1,GCF_003334585.1_prophage_5,35,GCF_005389945.1_prophage_2,0.005152,https://www.ncbi.nlm.nih.gov/nuccore/NZ_QOYF01000043.1,https://www.ncbi.nlm.nih.gov/nuccore/NZ_QOYF01000043.1?report=fasta&from=4142&to=24293,https://www.ncbi.nlm.nih.gov/assembly/GCF_003334585.1,ecor_neighborhoods/GCF_003334585.1_prophage_5.png
GCF_003334585.1_prophage_6,ECOR-46,46,GCF_003334585.1,GCA_003334585.1,QOYF00000000.1,NZ_QOYF01000055.1,138558,164146,25589,0.0,Myoviridae,36560,0,,GCF_003334585.1,1,GCF_003334585.1_prophage_6,11,GCF_005671015.1_prophage_4,0.002658,https://www.ncbi.nlm.nih.gov/nuccore/NZ_QOYF01000055.1,https://www.ncbi.nlm.nih.gov/nuccore/NZ_QOYF01000055.1?report=fasta&from=138558&to=164146,https://www.ncbi.nlm.nih.gov/assembly/GCF_003334585.1,ecor_neighborhoods/GCF_003334585.1_prophage_6.png
GCF_003334585.1_prophage_7,ECOR-46,46,GCF_003334585.1,GCA_003334585.1,QOYF00000000.1,NZ_QOYF01000007.1,299169,336923,37755,0.0,Myoviridae,36561,0,,GCF_003334585.1,1,GCF_003334585.1_prophage_7,45,GCF_005388225.1_prophage_1,7.2e-05,https://www.ncbi.nlm.nih.gov/nuccore/NZ_QOYF01000007.1,https://www.ncbi.nlm.nih.gov/nuccore/NZ_QOYF01000007.1?report=fasta&from=299169&to=336923,https://www.ncbi.nlm.nih.gov/assembly/GCF_003334585.1,ecor_neighborhoods/GCF_003334585.1_prophage_7.png
GCF_003334605.1_prophage_1,ECOR-38,38,GCF_003334605.1,GCA_003334605.1,QOXX00000000.1,NZ_QOXX01000001.1,46981,83409,36429,0.0,Myoviridae,36562,0,,GCF_003334605.1,1,GCF_003334605.1_prophage_1,44,GCF_003333855.1_prophage_1,0.0,https://www.ncbi.nlm.nih.gov/nuccore/NZ_QOXX01000001.1,https://www.ncbi.nlm.nih.gov/nuccore/NZ_QOXX01000001.1?report=fasta&from=46981&to=83409,https://www.ncbi.nlm.nih.gov/assembly/GCF_003334605.1,ecor_neighborhoods/GCF_003334605.1_prophage_1.png
GCF_003334605.1_prophage_2,ECOR-38,38,GCF_003334605.1,GCA_003334605.1,QOXX00000000.1,NZ_QOXX01000002.1,8154,24601,16448,0.0,Siphoviridae,36563,0,,GCF_003334605.1,1,GCF_003334605.1_prophage_2,35,GCF_003333855.1_prophage_2,0.0,https://www.ncbi.nlm.nih.gov/nuccore/NZ_QOXX01000002.1,https://www.ncbi.nlm.nih.gov/nuccore/NZ_QOXX01000002.1?report=fasta&from=8154&to=24601,https://www.ncbi.nlm.nih.gov/assembly/GCF_003334605.1,ecor_neighborhoods/GCF_003334605.1_prophage_2.png
GCF_003334605.1_prophage_3,ECOR-38,38,GCF_003334605.1,GCA_003334605.1,QOXX00000000.1,NZ_QOXX01000031.1,15991,53905,37915,0.0,Siphoviridae,36564,0,,GCF_003334605.1,1,GCF_003334605.1_prophage_3,36,GCF_003333855.1_prophage_3,0.0,https://www.ncbi.nlm.nih.gov/nuccore/NZ_QOXX01000031.1,https://www.ncbi.nlm.nih.gov/nuccore/NZ_QOXX01000031.1?report=fasta&from=15991&to=53905,https://www.ncbi.nlm.nih.gov/assembly/GCF_003334605.1,ecor_neighborhoods/GCF_003334605.1_prophage_3.png
GCF_003334605.1_prophage_4,ECOR-38,38,GCF_003334605.1,GCA_003334605.1,QOXX00000000.1,NZ_QOXX01000040.1,678,17929,17252,0.0,Myoviridae,36565,0,,GCF_003334605.1,1,GCF_003334605.1_prophage_4,51,GCF_916164095.1_prophage_4,0.0,https://www.ncbi.nlm.nih.gov/nuccore/NZ_QOXX01000040.1,https://www.ncbi.nlm.nih.gov/nuccore/NZ_QOXX01000040.1?report=fasta&from=678&to=17929,https://www.ncbi.nlm.nih.gov/assembly/GCF_003334605.1,ecor_neighborhoods/GCF_003334605.1_prophage_4.png
GCF_003334605.1_prophage_5,ECOR-38,38,GCF_003334605.1,GCA_003334605.1,QOXX00000000.1,NZ_QOXX01000043.1,117,21803,21687,0.0,Myoviridae,36566,0,,GCF_003334605.1,1,GCF_003334605.1_prophage_5,54,GCF_003333855.1_prophage_6,0.0,https://www.ncbi.nlm.nih.gov/nuccore/NZ_QOXX01000043.1,https://www.ncbi.nlm.nih.gov/nuccore/NZ_QOXX01000043.1?report=fasta&from=117&to=21803,https://www.ncbi.nlm.nih.gov/assembly/GCF_003334605.1,ecor_neighborhoods/GCF_003334605.1_prophage_5.png
GCF_003334605.1_prophage_6,ECOR-38,38,GCF_003334605.1,GCA_003334605.1,QOXX00000000.1,NZ_QOXX01000045.1,2,31058,31057,0.0,Myoviridae,36567,0,,GCF_003334605.1,1,GCF_003334605.1_prophage_6,32,GCF_003333855.1_prophage_7,4.8e-05,https://www.ncbi.nlm.nih.gov/nuccore/NZ_QOXX01000045.1,https://www.ncbi.nlm.nih.gov/nuccore/NZ_QOXX01000045.1?report=fasta&from=2&to=31058,https://www.ncbi.nlm.nih.gov/assembly/GCF_003334605.1,ecor_neighborhoods/GCF_003334605.1_prophage_6.png
GCF_003334615.1_prophage_1,ECOR-51,51,GCF_003334615.1,GCA_003334615.1,QOYK00000000.1,NZ_QOYK01000015.1,2495,25896,23402,0.0,Unknown,36568,0,,GCF_003334615.1,1,GCF_003334615.1_prophage_1,44,GCF_021295555.1_prophage_2,0.0,https://www.ncbi.nlm.nih.gov/nuccore/NZ_QOYK01000015.1,https://www.ncbi.nlm.nih.gov/nuccore/NZ_QOYK01000015.1?report=fasta&from=2495&to=25896,https://www.ncbi.nlm.nih.gov/assembly/GCF_003334615.1,ecor_neighborhoods/GCF_003334615.1_prophage_1.png
GCF_003334615.1_prophage_2,ECOR-51,51,GCF_003334615.1,GCA_003334615.1,QOYK00000000.1,NZ_QOYK01000008.1,95775,100256,4482,0.0,Unknown,36569,0,,GCF_003334615.1,1,GCF_003334615.1_prophage_2,60,GCF_000456385.1_prophage_5,0.001412,https://www.ncbi.nlm.nih.gov/nuccore/NZ_QOYK01000008.1,https://www.ncbi.nlm.nih.gov/nuccore/NZ_QOYK01000008.1?report=fasta&from=95775&to=100256,https://www.ncbi.nlm.nih.gov/assembly/GCF_003334615.1,ecor_neighborhoods/GCF_003334615.1_prophage_2.png
GCF_003334615.1_prophage_3,ECOR-51,51,GCF_003334615.1,GCA_003334615.1,QOYK00000000.1,NZ_QOYK01000008.1,105237,107534,2298,0.0,Unknown,36570,0,,GCF_003334615.1,1,GCF_003334615.1_prophage_3,33,GCF_900449815.1_prophage_5,0.000484,https://www.ncbi.nlm.nih.gov/nuccore/NZ_QOYK01000008.1,https://www.ncbi.nlm.nih.gov/nuccore/NZ_QOYK01000008.1?report=fasta&from=105237&to=107534,https://www.ncbi.nlm.nih.gov/assembly/GCF_003334615.1,ecor_neighborhoods/GCF_003334615.1_prophage_3.png
GCF_003334615.1_prophage_4,ECOR-51,51,GCF_003334615.1,GCA_003334615.1,QOYK00000000.1,NZ_QOYK01000008.1,114530,140993,26464,0.0,Siphoviridae,36571,0,,GCF_003334615.1,1,GCF_003334615.1_prophage_4,59,GCF_000456385.1_prophage_7,0.000337,https://www.ncbi.nlm.nih.gov/nuccore/NZ_QOYK01000008.1,https://www.ncbi.nlm.nih.gov/nuccore/NZ_QOYK01000008.1?report=fasta&from=114530&to=140993,https://www.ncbi.nlm.nih.gov/assembly/GCF_003334615.1,ecor_neighborhoods/GCF_003334615.1_prophage_4.png
GCF_003334625.1_prophage_1,ECOR-34,34,GCF_003334625.1,GCA_003334625.1,QOXT00000000.1,NZ_QOXT01000013.1,65955,105099,39145,0.0,Myoviridae,36572,0,,GCF_003334625.1,1,GCF_003334625.1_prophage_1,40,GCF_003334815.1_prophage_1,0.00294,https://www.ncbi.nlm.nih.gov/nuccore/NZ_QOXT01000013.1,https://www.ncbi.nlm.nih.gov/nuccore/NZ_QOXT01000013.1?report=fasta&from=65955&to=105099,https://www.ncbi.nlm.nih.gov/assembly/GCF_003334625.1,ecor_neighborhoods/GCF_003334625.1_prophage_1.png
GCF_003334625.1_prophage_2,ECOR-34,34,GCF_003334625.1,GCA_003334625.1,QOXT00000000.1,NZ_QOXT01000032.1,21473,36047,14575,1.0,Siphoviridae / Podoviridae,36573,0,,GCF_003334625.1,1,GCF_003334625.1_prophage_2,11,GCF_001614555.1_prophage_5,0.0,https://www.ncbi.nlm.nih.gov/nuccore/NZ_QOXT01000032.1,https://www.ncbi.nlm.nih.gov/nuccore/NZ_QOXT01000032.1?report=fasta&from=21473&to=36047,https://www.ncbi.nlm.nih.gov/assembly/GCF_003334625.1,ecor_neighborhoods/GCF_003334625.1_prophage_2.png
GCF_003334625.1_prophage_3,ECOR-34,34,GCF_003334625.1,GCA_003334625.1,QOXT00000000.1,NZ_QOXT01000007.1,100892,143133,42242,0.0,Podoviridae,36574,0,,GCF_003334625.1,1,GCF_003334625.1_prophage_3,13,GCF_002190785.1_prophage_1,0.003816,https://www.ncbi.nlm.nih.gov/nuccore/NZ_QOXT01000007.1,https://www.ncbi.nlm.nih.gov/nuccore/NZ_QOXT01000007.1?report=fasta&from=100892&to=143133,https://www.ncbi.nlm.nih.gov/assembly/GCF_003334625.1,ecor_neighborhoods/GCF_003334625.1_prophage_3.png
GCF_003334665.1_prophage_1,ECOR-27,27,GCF_003334665.1,GCA_003334665.1,QOXM00000000.1,NZ_QOXM01000010.1,2746,15976,13231,1.0,Siphoviridae / Podoviridae,36575,0,,GCF_003334665.1,1,GCF_003334665.1_prophage_1,12,GCF_002542565.1_prophage_1,0.0,https://www.ncbi.nlm.nih.gov/nuccore/NZ_QOXM01000010.1,https://www.ncbi.nlm.nih.gov/nuccore/NZ_QOXM01000010.1?report=fasta&from=2746&to=15976,https://www.ncbi.nlm.nih.gov/assembly/GCF_003334665.1,ecor_neighborhoods/GCF_003334665.1_prophage_1.png
GCF_003334665.1_prophage_2,ECOR-27,27,GCF_003334665.1,GCA_003334665.1,QOXM00000000.1,NZ_QOXM01000015.1,27442,65114,37673,0.0,Podoviridae,36576,0,,GCF_003334665.1,1,GCF_003334665.1_prophage_2,56,GCF_002190645.1_prophage_2,0.00018,https://www.ncbi.nlm.nih.gov/nuccore/NZ_QOXM01000015.1,https://www.ncbi.nlm.nih.gov/nuccore/NZ_QOXM01000015.1?report=fasta&from=27442&to=65114,https://www.ncbi.nlm.nih.gov/assembly/GCF_003334665.1,ecor_neighborhoods/GCF_003334665.1_prophage_2.png
GCF_003334665.1_prophage_3,ECOR-27,27,GCF_003334665.1,GCA_003334665.1,QOXM00000000.1,NZ_QOXM01000023.1,828,20565,19738,0.0,Podoviridae,36577,0,,GCF_003334665.1,1,GCF_003334665.1_prophage_3,6,GCF_005385345.1_prophage_3,0.003876,https://www.ncbi.nlm.nih.gov/nuccore/NZ_QOXM01000023.1,https://www.ncbi.nlm.nih.gov/nuccore/NZ_QOXM01000023.1?report=fasta&from=828&to=20565,https://www.ncbi.nlm.nih.gov/assembly/GCF_003334665.1,ecor_neighborhoods/GCF_003334665.1_prophage_3.png
GCF_003334665.1_prophage_4,ECOR-27,27,GCF_003334665.1,GCA_003334665.1,QOXM00000000.1,NZ_QOXM01000003.1,1282,36375,35094,0.0,Siphoviridae,36578,0,,GCF_003334665.1,1,GCF_003334665.1_prophage_4,4,GCF_002110275.1_prophage_1,0.001892,https://www.ncbi.nlm.nih.gov/nuccore/NZ_QOXM01000003.1,https://www.ncbi.nlm.nih.gov/nuccore/NZ_QOXM01000003.1?report=fasta&from=1282&to=36375,https://www.ncbi.nlm.nih.gov/assembly/GCF_003334665.1,ecor_neighborhoods/GCF_003334665.1_prophage_4.png
GCF_003334675.1_prophage_1,ECOR-16,16,GCF_003334675.1,GCA_003334675.1,QOXB00000000.1,NZ_QOXB01000013.1,6077,17831,11755,0.0,Siphoviridae / Podoviridae,36579,0,,GCF_003334675.1,1,GCF_003334675.1_prophage_1,15,GCF_002190435.1_prophage_3,0.0,https://www.ncbi.nlm.nih.gov/nuccore/NZ_QOXB01000013.1,https://www.ncbi.nlm.nih.gov/nuccore/NZ_QOXB01000013.1?report=fasta&from=6077&to=17831,https://www.ncbi.nlm.nih.gov/assembly/GCF_003334675.1,ecor_neighborhoods/GCF_003334675.1_prophage_1.png
GCF_003334675.1_prophage_2,ECOR-16,16,GCF_003334675.1,GCA_003334675.1,QOXB00000000.1,NZ_QOXB01000023.1,48426,64801,16376,0.0,Myoviridae / Podoviridae,36580,0,,GCF_003334675.1,1,GCF_003334675.1_prophage_2,38,GCF_002190435.1_prophage_2,0.0,https://www.ncbi.nlm.nih.gov/nuccore/NZ_QOXB01000023.1,https://www.ncbi.nlm.nih.gov/nuccore/NZ_QOXB01000023.1?report=fasta&from=48426&to=64801,https://www.ncbi.nlm.nih.gov/assembly/GCF_003334675.1,ecor_neighborhoods/GCF_003334675.1_prophage_2.png
GCF_003334675.1_prophage_3,ECOR-16,16,GCF_003334675.1,GCA_003334675.1,QOXB00000000.1,NZ_QOXB01000009.1,127477,133574,6098,0.0,Unknown,36581,0,,GCF_003334675.1,1,GCF_003334675.1_prophage_3,48,GCF_002190435.1_prophage_1,0.0,https://www.ncbi.nlm.nih.gov/nuccore/NZ_QOXB01000009.1,https://www.ncbi.nlm.nih.gov/nuccore/NZ_QOXB01000009.1?report=fasta&from=127477&to=133574,https://www.ncbi.nlm.nih.gov/assembly/GCF_003334675.1,ecor_neighborhoods/GCF_003334675.1_prophage_3.png
GCF_003334705.1_prophage_1,ECOR-14,14,GCF_003334705.1,GCA_003334705.1,QOWZ00000000.1,NZ_QOWZ01000001.1,241624,278818,37195,0.0,Podoviridae,36582,0,,GCF_003334705.1,1,GCF_003334705.1_prophage_1,55,GCF_002190375.1_prophage_4,0.000386,https://www.ncbi.nlm.nih.gov/nuccore/NZ_QOWZ01000001.1,https://www.ncbi.nlm.nih.gov/nuccore/NZ_QOWZ01000001.1?report=fasta&from=241624&to=278818,https://www.ncbi.nlm.nih.gov/assembly/GCF_003334705.1,ecor_neighborhoods/GCF_003334705.1_prophage_1.png
GCF_003334705.1_prophage_2,ECOR-14,14,GCF_003334705.1,GCA_003334705.1,QOWZ00000000.1,NZ_QOWZ01000021.1,45608,87379,41772,0.0,Myoviridae,36583,0,,GCF_003334705.1,1,GCF_003334705.1_prophage_2,39,GCF_002190375.1_prophage_3,0.002714,https://www.ncbi.nlm.nih.gov/nuccore/NZ_QOWZ01000021.1,https://www.ncbi.nlm.nih.gov/nuccore/NZ_QOWZ01000021.1?report=fasta&from=45608&to=87379,https://www.ncbi.nlm.nih.gov/assembly/GCF_003334705.1,ecor_neighborhoods/GCF_003334705.1_prophage_2.png
GCF_003334705.1_prophage_3,ECOR-14,14,GCF_003334705.1,GCA_003334705.1,QOWZ00000000.1,NZ_QOWZ01000008.1,40203,83249,43047,0.0,Siphoviridae,36584,0,,GCF_003334705.1,1,GCF_003334705.1_prophage_3,22,GCF_001576395.1_prophage_1,0.00012,https://www.ncbi.nlm.nih.gov/nuccore/NZ_QOWZ01000008.1,https://www.ncbi.nlm.nih.gov/nuccore/NZ_QOWZ01000008.1?report=fasta&from=40203&to=83249,https://www.ncbi.nlm.nih.gov/assembly/GCF_003334705.1,ecor_neighborhoods/GCF_003334705.1_prophage_3.png
GCF_003334705.1_prophage_4,ECOR-14,14,GCF_003334705.1,GCA_003334705.1,QOWZ00000000.1,NZ_QOWZ01000009.1,23175,52334,29160,0.0,Myoviridae,36585,0,,GCF_003334705.1,1,GCF_003334705.1_prophage_4,9,GCF_002508195.1_prophage_3,0.000718,https://www.ncbi.nlm.nih.gov/nuccore/NZ_QOWZ01000009.1,https://www.ncbi.nlm.nih.gov/nuccore/NZ_QOWZ01000009.1?report=fasta&from=23175&to=52334,https://www.ncbi.nlm.nih.gov/assembly/GCF_003334705.1,ecor_neighborhoods/GCF_003334705.1_prophage_4.png
GCF_003334715.1_prophage_1,ECOR-18,18,GCF_003334715.1,GCA_003334715.1,QOXD00000000.1,NZ_QOXD01000001.1,84798,120779,35982,0.0,Myoviridae,36586,0,,GCF_003334715.1,1,GCF_003334715.1_prophage_1,39,GCF_005395945.1_prophage_1,0.000906,https://www.ncbi.nlm.nih.gov/nuccore/NZ_QOXD01000001.1,https://www.ncbi.nlm.nih.gov/nuccore/NZ_QOXD01000001.1?report=fasta&from=84798&to=120779,https://www.ncbi.nlm.nih.gov/assembly/GCF_003334715.1,ecor_neighborhoods/GCF_003334715.1_prophage_1.png
GCF_003334715.1_prophage_2,ECOR-18,18,GCF_003334715.1,GCA_003334715.1,QOXD00000000.1,NZ_QOXD01000041.1,3,12917,12915,0.0,Myoviridae,36587,0,,GCF_003334715.1,1,GCF_003334715.1_prophage_2,42,GCF_001616935.1_prophage_3,0.031172,https://www.ncbi.nlm.nih.gov/nuccore/NZ_QOXD01000041.1,https://www.ncbi.nlm.nih.gov/nuccore/NZ_QOXD01000041.1?report=fasta&from=3&to=12917,https://www.ncbi.nlm.nih.gov/assembly/GCF_003334715.1,ecor_neighborhoods/GCF_003334715.1_prophage_2.png
GCF_003334735.1_prophage_1,ECOR-35,35,GCF_003334735.1,GCA_003334735.1,QOXU00000000.1,NZ_QOXU01000011.1,2868,37068,34201,0.0,Myoviridae,36588,0,,GCF_003334735.1,1,GCF_003334735.1_prophage_1,29,GCF_900499235.1_prophage_3,2.4e-05,https://www.ncbi.nlm.nih.gov/nuccore/NZ_QOXU01000011.1,https://www.ncbi.nlm.nih.gov/nuccore/NZ_QOXU01000011.1?report=fasta&from=2868&to=37068,https://www.ncbi.nlm.nih.gov/assembly/GCF_003334735.1,ecor_neighborhoods/GCF_003334735.1_prophage_1.png
GCF_003334735.1_prophage_2,ECOR-35,35,GCF_003334735.1,GCA_003334735.1,QOXU00000000.1,NZ_QOXU01000019.1,23031,56574,33544,0.0,Myoviridae,36589,0,,GCF_003334735.1,1,GCF_003334735.1_prophage_2,59,GCF_003334085.1_prophage_5,0.002079,https://www.ncbi.nlm.nih.gov/nuccore/NZ_QOXU01000019.1,https://www.ncbi.nlm.nih.gov/nuccore/NZ_QOXU01000019.1?report=fasta&from=23031&to=56574,https://www.ncbi.nlm.nih.gov/assembly/GCF_003334735.1,ecor_neighborhoods/GCF_003334735.1_prophage_2.png
GCF_003334735.1_prophage_3,ECOR-35,35,GCF_003334735.1,GCA_003334735.1,QOXU00000000.1,NZ_QOXU01000058.1,16036,28611,12576,0.0,Unknown,36590,0,,GCF_003334735.1,1,GCF_003334735.1_prophage_3,5,GCF_002761695.1_prophage_3,0.00184,https://www.ncbi.nlm.nih.gov/nuccore/NZ_QOXU01000058.1,https://www.ncbi.nlm.nih.gov/nuccore/NZ_QOXU01000058.1?report=fasta&from=16036&to=28611,https://www.ncbi.nlm.nih.gov/assembly/GCF_003334735.1,ecor_neighborhoods/GCF_003334735.1_prophage_3.png
GCF_003334735.1_prophage_4,ECOR-35,35,GCF_003334735.1,GCA_003334735.1,QOXU00000000.1,NZ_QOXU01000005.1,111932,148331,36400,0.0,Myoviridae,36591,0,,GCF_003334735.1,1,GCF_003334735.1_prophage_4,54,GCF_005384305.1_prophage_1,0.0,https://www.ncbi.nlm.nih.gov/nuccore/NZ_QOXU01000005.1,https://www.ncbi.nlm.nih.gov/nuccore/NZ_QOXU01000005.1?report=fasta&from=111932&to=148331,https://www.ncbi.nlm.nih.gov/assembly/GCF_003334735.1,ecor_neighborhoods/GCF_003334735.1_prophage_4.png
GCF_003334765.1_prophage_1,ECOR-8,8,GCF_003334765.1,GCA_003334765.1,QOWT00000000.1,NZ_QOWT01000022.1,1920,16824,14905,0.0,Myoviridae,36592,0,,GCF_003334765.1,1,GCF_003334765.1_prophage_1,18,GCF_002190275.1_prophage_2,0.0,https://www.ncbi.nlm.nih.gov/nuccore/NZ_QOWT01000022.1,https://www.ncbi.nlm.nih.gov/nuccore/NZ_QOWT01000022.1?report=fasta&from=1920&to=16824,https://www.ncbi.nlm.nih.gov/assembly/GCF_003334765.1,ecor_neighborhoods/GCF_003334765.1_prophage_1.png
GCF_003334765.1_prophage_2,ECOR-8,8,GCF_003334765.1,GCA_003334765.1,QOWT00000000.1,NZ_QOWT01000026.1,51452,56822,5371,0.0,Unknown,36593,0,,GCF_003334765.1,1,GCF_003334765.1_prophage_2,50,GCF_002541105.1_prophage_2,0.00028,https://www.ncbi.nlm.nih.gov/nuccore/NZ_QOWT01000026.1,https://www.ncbi.nlm.nih.gov/nuccore/NZ_QOWT01000026.1?report=fasta&from=51452&to=56822,https://www.ncbi.nlm.nih.gov/assembly/GCF_003334765.1,ecor_neighborhoods/GCF_003334765.1_prophage_2.png
GCF_003334765.1_prophage_3,ECOR-8,8,GCF_003334765.1,GCA_003334765.1,QOWT00000000.1,NZ_QOWT01000002.1,389015,404543,15529,0.0,Podoviridae,36594,0,,GCF_003334765.1,1,GCF_003334765.1_prophage_3,11,GCF_013073945.1_prophage_1,0.003696,https://www.ncbi.nlm.nih.gov/nuccore/NZ_QOWT01000002.1,https://www.ncbi.nlm.nih.gov/nuccore/NZ_QOWT01000002.1?report=fasta&from=389015&to=404543,https://www.ncbi.nlm.nih.gov/assembly/GCF_003334765.1,ecor_neighborhoods/GCF_003334765.1_prophage_3.png
GCF_003334765.1_prophage_4,ECOR-8,8,GCF_003334765.1,GCA_003334765.1,QOWT00000000.1,NZ_QOWT01000031.1,1136,8092,6957,0.0,Unknown,36595,0,,GCF_003334765.1,1,GCF_003334765.1_prophage_4,42,GCF_003428045.1_prophage_4,0.009128,https://www.ncbi.nlm.nih.gov/nuccore/NZ_QOWT01000031.1,https://www.ncbi.nlm.nih.gov/nuccore/NZ_QOWT01000031.1?report=fasta&from=1136&to=8092,https://www.ncbi.nlm.nih.gov/assembly/GCF_003334765.1,ecor_neighborhoods/GCF_003334765.1_prophage_4.png
GCF_003334765.1_prophage_5,ECOR-8,8,GCF_003334765.1,GCA_003334765.1,QOWT00000000.1,NZ_QOWT01000046.1,3657,22930,19274,0.0,Podoviridae,36596,0,,GCF_003334765.1,1,GCF_003334765.1_prophage_5,28,GCF_002231655.1_prophage_2,0.023004,https://www.ncbi.nlm.nih.gov/nuccore/NZ_QOWT01000046.1,https://www.ncbi.nlm.nih.gov/nuccore/NZ_QOWT01000046.1?report=fasta&from=3657&to=22930,https://www.ncbi.nlm.nih.gov/assembly/GCF_003334765.1,ecor_neighborhoods/GCF_003334765.1_prophage_5.png
GCF_003334775.1_prophage_1,ECOR-12,12,GCF_003334775.1,GCA_003334775.1,QOWX00000000.1,NZ_QOWX01000017.1,89876,99250,9375,0.0,Siphoviridae,36597,0,,GCF_003334775.1,1,GCF_003334775.1_prophage_1,27,GCF_002190355.1_prophage_4,0.000798,https://www.ncbi.nlm.nih.gov/nuccore/NZ_QOWX01000017.1,https://www.ncbi.nlm.nih.gov/nuccore/NZ_QOWX01000017.1?report=fasta&from=89876&to=99250,https://www.ncbi.nlm.nih.gov/assembly/GCF_003334775.1,ecor_neighborhoods/GCF_003334775.1_prophage_1.png
GCF_003334775.1_prophage_2,ECOR-12,12,GCF_003334775.1,GCA_003334775.1,QOWX00000000.1,NZ_QOWX01000022.1,39176,67170,27995,0.0,Podoviridae,36598,0,,GCF_003334775.1,1,GCF_003334775.1_prophage_2,21,GCF_000407805.1_prophage_7,0.015134,https://www.ncbi.nlm.nih.gov/nuccore/NZ_QOWX01000022.1,https://www.ncbi.nlm.nih.gov/nuccore/NZ_QOWX01000022.1?report=fasta&from=39176&to=67170,https://www.ncbi.nlm.nih.gov/assembly/GCF_003334775.1,ecor_neighborhoods/GCF_003334775.1_prophage_2.png
GCF_003334775.1_prophage_3,ECOR-12,12,GCF_003334775.1,GCA_003334775.1,QOWX00000000.1,NZ_QOWX01000027.1,977,38129,37153,0.0,Myoviridae,36599,0,,GCF_003334775.1,1,GCF_003334775.1_prophage_3,17,GCF_907175945.1_prophage_9,0.00219,https://www.ncbi.nlm.nih.gov/nuccore/NZ_QOWX01000027.1,https://www.ncbi.nlm.nih.gov/nuccore/NZ_QOWX01000027.1?report=fasta&from=977&to=38129,https://www.ncbi.nlm.nih.gov/assembly/GCF_003334775.1,ecor_neighborhoods/GCF_003334775.1_prophage_3.png
GCF_003334775.1_prophage_4,ECOR-12,12,GCF_003334775.1,GCA_003334775.1,QOWX00000000.1,NZ_QOWX01000039.1,792,13106,12315,0.0,Siphoviridae,36600,0,,GCF_003334775.1,1,GCF_003334775.1_prophage_4,40,GCF_002233355.1_prophage_2,0.00012,https://www.ncbi.nlm.nih.gov/nuccore/NZ_QOWX01000039.1,https://www.ncbi.nlm.nih.gov/nuccore/NZ_QOWX01000039.1?report=fasta&from=792&to=13106,https://www.ncbi.nlm.nih.gov/assembly/GCF_003334775.1,ecor_neighborhoods/GCF_003334775.1_prophage_4.png
GCF_003334775.1_prophage_5,ECOR-12,12,GCF_003334775.1,GCA_003334775.1,QOWX00000000.1,NZ_QOWX01000003.1,65,16104,16040,0.0,Myoviridae,36601,0,,GCF_003334775.1,1,GCF_003334775.1_prophage_5,11,GCF_002262865.1_prophage_1,0.016668,https://www.ncbi.nlm.nih.gov/nuccore/NZ_QOWX01000003.1,https://www.ncbi.nlm.nih.gov/nuccore/NZ_QOWX01000003.1?report=fasta&from=65&to=16104,https://www.ncbi.nlm.nih.gov/assembly/GCF_003334775.1,ecor_neighborhoods/GCF_003334775.1_prophage_5.png
GCF_003334775.1_prophage_6,ECOR-12,12,GCF_003334775.1,GCA_003334775.1,QOWX00000000.1,NZ_QOWX01000041.1,3,17736,17734,0.0,Podoviridae,36602,0,,GCF_003334775.1,1,GCF_003334775.1_prophage_6,42,GCF_008041335.1_prophage_6,0.004548,https://www.ncbi.nlm.nih.gov/nuccore/NZ_QOWX01000041.1,https://www.ncbi.nlm.nih.gov/nuccore/NZ_QOWX01000041.1?report=fasta&from=3&to=17736,https://www.ncbi.nlm.nih.gov/assembly/GCF_003334775.1,ecor_neighborhoods/GCF_003334775.1_prophage_6.png
GCF_003334775.1_prophage_7,ECOR-12,12,GCF_003334775.1,GCA_003334775.1,QOWX00000000.1,NZ_QOWX01000043.1,4220,8841,4622,0.0,Unknown,36603,0,,GCF_003334775.1,1,GCF_003334775.1_prophage_7,9,GCF_001286285.1_prophage_2,0.011466,https://www.ncbi.nlm.nih.gov/nuccore/NZ_QOWX01000043.1,https://www.ncbi.nlm.nih.gov/nuccore/NZ_QOWX01000043.1?report=fasta&from=4220&to=8841,https://www.ncbi.nlm.nih.gov/assembly/GCF_003334775.1,ecor_neighborhoods/GCF_003334775.1_prophage_7.png
GCF_003334785.1_prophage_1,ECOR-10,10,GCF_003334785.1,GCA_003334785.1,QOWV00000000.1,NZ_QOWV01000019.1,2248,10497,8250,0.0,Unknown,36604,0,,GCF_003334785.1,1,GCF_003334785.1_prophage_1,50,GCF_004378085.1_prophage_3,0.001194,https://www.ncbi.nlm.nih.gov/nuccore/NZ_QOWV01000019.1,https://www.ncbi.nlm.nih.gov/nuccore/NZ_QOWV01000019.1?report=fasta&from=2248&to=10497,https://www.ncbi.nlm.nih.gov/assembly/GCF_003334785.1,ecor_neighborhoods/GCF_003334785.1_prophage_1.png
GCF_003334785.1_prophage_2,ECOR-10,10,GCF_003334785.1,GCA_003334785.1,QOWV00000000.1,NZ_QOWV01000001.1,107675,119882,12208,0.0,Myoviridae,36605,0,,GCF_003334785.1,1,GCF_003334785.1_prophage_2,38,GCF_002190295.1_prophage_1,0.0,https://www.ncbi.nlm.nih.gov/nuccore/NZ_QOWV01000001.1,https://www.ncbi.nlm.nih.gov/nuccore/NZ_QOWV01000001.1?report=fasta&from=107675&to=119882,https://www.ncbi.nlm.nih.gov/assembly/GCF_003334785.1,ecor_neighborhoods/GCF_003334785.1_prophage_2.png
GCF_003334785.1_prophage_3,ECOR-10,10,GCF_003334785.1,GCA_003334785.1,QOWV00000000.1,NZ_QOWV01000002.1,544470,579325,34856,0.0,Myoviridae,36606,0,,GCF_003334785.1,1,GCF_003334785.1_prophage_3,30,GCF_002190955.1_prophage_2,0.007268,https://www.ncbi.nlm.nih.gov/nuccore/NZ_QOWV01000002.1,https://www.ncbi.nlm.nih.gov/nuccore/NZ_QOWV01000002.1?report=fasta&from=544470&to=579325,https://www.ncbi.nlm.nih.gov/assembly/GCF_003334785.1,ecor_neighborhoods/GCF_003334785.1_prophage_3.png
GCF_003334815.1_prophage_1,ECOR-3,3,GCF_003334815.1,GCA_003334815.1,QOWO00000000.1,NZ_QOWO01000016.1,14191,53335,39145,0.0,Myoviridae,36607,0,,GCF_003334815.1,1,GCF_003334815.1_prophage_1,40,GCF_003334625.1_prophage_1,0.00294,https://www.ncbi.nlm.nih.gov/nuccore/NZ_QOWO01000016.1,https://www.ncbi.nlm.nih.gov/nuccore/NZ_QOWO01000016.1?report=fasta&from=14191&to=53335,https://www.ncbi.nlm.nih.gov/assembly/GCF_003334815.1,ecor_neighborhoods/GCF_003334815.1_prophage_1.png
GCF_003334815.1_prophage_2,ECOR-3,3,GCF_003334815.1,GCA_003334815.1,QOWO00000000.1,NZ_QOWO01000041.1,2528,7156,4629,0.0,Podoviridae,36608,0,,GCF_003334815.1,1,GCF_003334815.1_prophage_2,36,GCF_005383745.1_prophage_6,0.028616,https://www.ncbi.nlm.nih.gov/nuccore/NZ_QOWO01000041.1,https://www.ncbi.nlm.nih.gov/nuccore/NZ_QOWO01000041.1?report=fasta&from=2528&to=7156,https://www.ncbi.nlm.nih.gov/assembly/GCF_003334815.1,ecor_neighborhoods/GCF_003334815.1_prophage_2.png
GCF_003334815.1_prophage_3,ECOR-3,3,GCF_003334815.1,GCA_003334815.1,QOWO00000000.1,NZ_QOWO01000045.1,182,14966,14785,0.0,Unknown,36609,0,,GCF_003334815.1,1,GCF_003334815.1_prophage_3,2,GCF_020410665.1_prophage_5,0.058372,https://www.ncbi.nlm.nih.gov/nuccore/NZ_QOWO01000045.1,https://www.ncbi.nlm.nih.gov/nuccore/NZ_QOWO01000045.1?report=fasta&from=182&to=14966,https://www.ncbi.nlm.nih.gov/assembly/GCF_003334815.1,ecor_neighborhoods/GCF_003334815.1_prophage_3.png
GCF_003335465.1_prophage_1,ECOR-59,59,GCF_003335465.1,GCA_003335465.1,QOZF00000000.1,NZ_QOZF01000022.1,17133,46611,29479,0.0,Myoviridae,36610,0,,GCF_003335465.1,1,GCF_003335465.1_prophage_1,38,GCF_004380475.1_prophage_2,4.8e-05,https://www.ncbi.nlm.nih.gov/nuccore/NZ_QOZF01000022.1,https://www.ncbi.nlm.nih.gov/nuccore/NZ_QOZF01000022.1?report=fasta&from=17133&to=46611,https://www.ncbi.nlm.nih.gov/assembly/GCF_003335465.1,ecor_neighborhoods/GCF_003335465.1_prophage_1.png
GCF_003335465.1_prophage_2,ECOR-59,59,GCF_003335465.1,GCA_003335465.1,QOZF00000000.1,NZ_QOZF01000049.1,56750,64578,7829,0.0,Myoviridae,36611,0,,GCF_003335465.1,1,GCF_003335465.1_prophage_2,6,GCF_017163395.1_prophage_2,0.015294,https://www.ncbi.nlm.nih.gov/nuccore/NZ_QOZF01000049.1,https://www.ncbi.nlm.nih.gov/nuccore/NZ_QOZF01000049.1?report=fasta&from=56750&to=64578,https://www.ncbi.nlm.nih.gov/assembly/GCF_003335465.1,ecor_neighborhoods/GCF_003335465.1_prophage_2.png
