genome	features	bytes	sha256
ntm2_0_0000_ANCESTRAL	306	78547	ba2ac1f8892efb762ab7643c1708223e568713b6b92ad9e201936916d417fbba
ntm2_0_0000_ML	306	72113	8c4d3a4ff38416e21bbbe7d68cd688fbc7329db7e9cf359b02d8dbcd8153fd52
ntm2_0_0001_ANCESTRAL	83	21306	32539084f8a4e393ad719ae682df26fffd72c3e3b6d1017254c5874c4b9b5e3a
ntm2_0_0001_ML	85	20011	530adb7a8271505fda867f6f0445ed3da0607b133ce659833c2e8f5614ca4504
ntm2_0_0002_ANCESTRAL	375	97055	4a3afcedd1688769707bfd54d940ec2ed29e1a9c8780d25c639c19697e3d4e32
ntm2_0_0002_ML	375	89176	682b2c0cb3ad188124d8c3128ca2f6a883e3f4b19d5b39826b1d154b052a2d5c
ntm2_0_0003_ANCESTRAL	50	13034	c1870abfb2cbbb587e8005e3a0e9d71dd356160be3c7ad2bd41a1addf55530ab
ntm2_0_0003_ML	50	11962	1c4be0dd2065041ee29dd20578b23446468fdcaf4018d0f09b40b94d61316e81
ntm2_0_0004_ANCESTRAL	135	34594	1d5dd10158b58bf02235223903f91d8d6a53c98d9d516f7b845a973c4b443021
ntm2_0_0004_ML	135	31752	0c4baf7fd3ba776a11ba5552757abde13d4f201923d03442c6429bc441380bd7
ntm2_0_0005_ANCESTRAL	277	71703	6f27e53ee100ba20ccc5b52fa155f15b76b17451842aa0a0f56f9cc012eef702
ntm2_0_0005_ML	277	65876	c6c408da39bb66289b626774f354125bf4fc3df8a966fadb488e485dad1132e1
ntm2_0_0006_ANCESTRAL	102	26061	4c87ad50d0ab63f498aa04758dc3cb5dd49194c65b7dabcd1f01d57fcc6227f4
ntm2_0_0006_ML	100	23432	5dcf6afafe34c347b5782047abfd6634802606aa40c61bd79febfd81c2a67132
ntm2_0_0007_ML	7	1718	5fa1de685937b7cb62a8c4dad6940a8dff19f6d54a4e02e6d7002178f560499c
ntm2_0_0008_ANCESTRAL	58	15030	eeab36d49406f0d6527f15ecd112996000fe6a0e6d20eff6b7f3134e7d64d963
ntm2_0_0008_ML	58	13805	61ccb7a3a91c813c4e4e28c49996e6f01431167bf0186d9ae636913cd50acc40
ntm2_0_0009_ANCESTRAL	296	76507	7313b3e7fe024cb800a32678ecd6c3a0c8e7527b29c808c27131de8512bc1b37
ntm2_0_0009_ML	296	70284	e941ba0d2c5bdb435f6cde3f689eadcfd72f451fa198de1eb3ec6d61742115da
ntm2_0_0010_ANCESTRAL	62	15950	596c858fbf1c41a1c919c9685e15860a6a3f4fe983e135ee9c15ce936aff3adc
ntm2_0_0010_ML	61	14417	0c5fa5667d7f84e5d767fa9c938efd2d2c27d8594f56343408d2169726c01126
ntm2_0_0011_ANCESTRAL	85	21908	6c16206baf857b6bc249e9902797600451fd3383f59aa17831423438bfae49c3
ntm2_0_0011_ML	85	20116	735e38aa0b9ba375a7566a8168ed4d0bd7b85a79a1e1a9663de06922cc25cf99
ntm2_0_0012_ANCESTRAL	254	65950	2c882d466a4245d56b6641ddff1212bb18727b261e0fca822ef1eacd5439c7da
ntm2_0_0012_ML	254	60609	064cc611959ebaf1102125255db2e3e70907cb80ef4b67f950f44e5c01a01120
ntm2_0_0013_ANCESTRAL	113	29023	84e7d74c73b9d300a53fce1496032a7f099cb371fd9198715dcafe72c25c444b
ntm2_0_0013_ML	113	26643	27211fc68aa4e5951ff4eeddf0fa55dae8d8709f0ea4444d53f152744eac7f78
ntm2_0_0014_ANCESTRAL	182	47161	f7a8263064676a77c163e3d7bae940b4715b9a65992ec29e6436ae5164378e03
ntm2_0_0014_ML	182	43336	48e07bb927e2b5b38927d49ef0a6deeac95f79317e2eabcba5384ca02e84dbdf
ntm2_0_0015_ANCESTRAL	183	47135	8514320b9730ed61d2edab33060eaf51f28dca3518455fc4889e075d19804563
ntm2_0_0015_ML	183	43285	134ebcc028368470d255fd8bca4bab413adddd8629e0e7bd03bfe44ab67b6436
ntm2_0_0016_ANCESTRAL	270	69554	bd6f73547a4387ce74875285e9d7c0917bebb9477c1785caa27b968ddc0155b5
ntm2_0_0016_ML	270	63877	c32ad440b5891365ba0c8fa4049d40646c0697899b06f9b06a8ab923a7fd4c63
ntm2_0_0017_ANCESTRAL	265	69020	1b3ab164ab44033b668e5b40889de213111a05a51a8fee44335ba2bb3792fe5a
ntm2_0_0017_ML	265	63428	a27b4a92747b93fe281b3835b7d071edb8b1f198487c7d4ba6803a748e279fae
ntm2_0_0018_ANCESTRAL	45	11650	c02026f8bd5c9f711b071528390a43c02a60994b29d9105344b8f8b514c80dea
ntm2_0_0018_ML	45	10698	4f83bcb9e0f79295801a73913beb13302dc9818b6680b96d08a61cee6c802fbe
ntm2_0_0019_ANCESTRAL	149	38577	fdee542ff957bac185c3d2193feed260a4b0370a5cbd7d56a3255763e76d5406
ntm2_0_0019_ML	139	33073	32f79cdf3857146037a3a9bc2e37d8f337b4c46891fa89fa794d2777748933e4
ntm2_0_0020_ANCESTRAL	14	3697	0210429c95bf398eff4b17c8d891094f4cc3f76a1f6ba8a0fda18eb6662ef550
ntm2_0_0020_ML	14	3396	a7a92f4e6a902e41ff86e5556caaf4cb545413628ac334ef92d4a88b00ac1922
ntm2_0_0021_ANCESTRAL	142	36605	44d3f8ff3d2cee7ba6fc2863cd9231da07a0f00088c83fc2bce4e5c0275e104c
ntm2_0_0021_ML	142	33621	f1b2fea3d6efc7ab8c639cf73274be896b755d66bdabc8758ae1b1946b131da8
ntm2_0_0022_ANCESTRAL	59	15256	475189a1e9c824063c6ceb0045fe01276866e1878e9aa92368c6d2bfe5fe455b
ntm2_0_0022_ML	57	13539	5072ca851489e71f948b68b5f979a443cc23403afa45d7e70df00f2b7dea64d4
ntm2_0_0023_ANCESTRAL	77	19662	df9adfdd87173afd8bea51150a4b60ec5a57ac9c986e869887e03b8b047e30ef
ntm2_0_0023_ML	77	18030	27f47acb308152f8282a33bbee3ef7d28186c548143081643bfaa0b1b39f6395
ntm2_0_0024_ANCESTRAL	231	59493	16d6f3dd0ffb9e110e9c9e063c0508aa947185d4396bcbe7eca1bf909378cf81
ntm2_0_0024_ML	229	54160	62b22281b080f3e994e4ec912247a9f4e3707a38703de79468c26eab540f9ebd
ntm2_0_0025_ANCESTRAL	92	23672	c6bb7434f041449056b38b344f9c115c86d04f930ccbf7cb66415101d1a4d3f3
ntm2_0_0025_ML	92	21733	e3cf722630108cde4ebb96276066f34aba4821cfb04a9017805468b3cb11bdfd
ntm2_0_0026_ANCESTRAL	36	9357	da501a05d54da15df4900d3a9a531bfd15c1b80aab1f42a6c1dcb28baaf83983
ntm2_0_0026_ML	37	8830	28dabcdbe3ee1ff18d21d0d2020b2afae50eb5d3549f756104557994e7f3400d
ntm2_0_0027_ANCESTRAL	101	26032	ef6b86f8d41969a32d923a0f9d7e4845c8b75d242918917c509a1bbff23a8d92
ntm2_0_0027_ML	102	24140	7fcc05cca870ebfc992fea6fdf512035efadaf282dc9ced4e51e96c9830ebca1
ntm2_0_0028_ANCESTRAL	121	31046	13b5c2190dffec52c083e4c39acbc030569cf856f28d3576db736420cceb011f
ntm2_0_0028_ML	121	28499	c6214d5032a0901fc66852fa320c01ae14f9c6687004ddc97cb17467aa08c1b5
ntm2_0_0029_ANCESTRAL	53	13673	3f4c4beaae7941ace72b96d5db8f241119fe9311a62ea0d9686a96e5a7a41c5d
ntm2_0_0029_ML	53	12553	695752cd98a8402000a410e6643dc9e44df6daf73efee77384445a075659b229
ntm2_0_0030_ML	3	718	c1a410e307cdeedd89977525b00066e3ba6b4a3ccfe691649e062c99d84a3127
ntm2_0_0031_ANCESTRAL	9	2288	2b7d3030803d04885a0851461bfd3c41c076f3a6db2c922a9a1c199f06f1e714
ntm2_0_0031_ML	9	2092	d85cb79df61bd883f8f50a27d309ef46c2ba6aa13fc5da37273876d3e08e6600
ntm2_0_0032_ANCESTRAL	89	22653	c124b69d5a3e280df86d85983eb161c9adf8b31da487eb8c1338f03d12b93119
ntm2_0_0032_ML	89	20777	183b529fb63b0c1f623447b3f5269a80cdf48b08835c3d35c7dd44cf00c2c21d
ntm2_0_0033_ML	4	987	6949414a1e024b919bbbc54b10ec82c49e6029c3c37edc1438f2e4edb568f248
ntm2_0_0034_ANCESTRAL	42	10843	3b2b713ba90a927fec8e171f88444e04d0dbc1947399cb759811e23a89f810da
ntm2_0_0034_ML	42	9954	42e8442253871005c9b9a383330f27603c9f74fec27c399acc045ffddd07c762
ntm2_0_0035_ML	9	2181	87e1526d1b56912e330758330dac7f8f7e6373f723b53f4927729756abd66396
ntm2_0_0036_ANCESTRAL	86	22213	08d00a42395317decbf5a0516cc0af7478eb5041004b21154026e68c0403ffb9
ntm2_0_0036_ML	83	19717	93639f0ac7b983413628ec2e09ea0feefedd9eee1b6c6ade81e5a17239cad2d1
ntm2_0_0037_ANCESTRAL	7	1871	51a16d68b4b704f25dcb6c155d7665feacbd18ebb198ba883fbd013d42cd69b5
ntm2_0_0037_ML	7	1717	1b6c2dd6e503f9bdfe70372355db68111d5dee41cc29b849fc9663a4794ff5e0
ntm2_0_0038_ANCESTRAL	154	39668	7bb830d17f1d3ed648a876a1e6a6d5893c5b766dfedc0b66badf5fd76c40a05c
ntm2_0_0038_ML	156	36900	9e696f234e6934d66403e33266c757b3f37fb23dc8fab951145d4c460a85a09d
ntm2_0_0039_ANCESTRAL	94	24397	9f71233389b6ce378465c7357c73539edc86f2d7b2d84d97e59f967e3fbd3303
ntm2_0_0039_ML	94	22416	fafc9496813d0a12bf88a1e947c248c1a3de380222439918ffdffc3ef44b14c3
ntm2_0_0040_ML	9	2146	2787e5c62cd2a5634d4e28091fadfccb0a425f13cf19cbc660db7b9a1061aecd
ntm2_0_0041_ANCESTRAL	136	35200	b1c5bc9381a22bc64ec5a14fb0e6a69b1f2309fe90968b7286e17b826e906c0a
ntm2_0_0041_ML	136	32337	5f26c300671fac8f1c13cbf3a879aeb99e47754e6d4b3bcb3830faa0caabf3f4
ntm2_0_0042_ANCESTRAL	63	16150	a6c63b0788a80fef0b8858c19eeb29d0897d07b667c345a607d992891f91fc94
ntm2_0_0042_ML	63	14820	177092062cba23e1143d49be9359ec834b3ad006008cbde3137ca38198dfe8f8
ntm2_0_0043_ANCESTRAL	89	22909	84ceb1a2c12597560176664c4a0f6e7342ba8a6274195c055a09a15668c9a4c5
ntm2_0_0043_ML	89	21033	782e1d156fadbbd3d3eaf59507e70fc5fe2c8c38da9bd19fc27af77905d0bc00
ntm2_0_0044_ANCESTRAL	45	11627	713051adde0fb81cab1f8f575a144bbb0eb42231b838a5c72d52ff5daf189c76
ntm2_0_0044_ML	45	10675	91135629dbaa0906cdbe42242641e7491ffa3b93e5b01d162d74bd21ca497823
ntm2_0_0045_ML	23	5332	bb503346d983baa643e6708e07139641e34ba374bdeab1b2b36786b66e336790
ntm2_0_0046_ML	6	1498	57ce40e4caf81a2aec9caf668559fa13438b781f7254220d5008bc4fb0fe538d
ntm2_0_0047_ML	6	1464	7ba670892af453c4aa3bd44e22a4c7f227633b4394de8b47eaef7f3f8796cbc6
ntm2_0_0048_ML	50	11704	79d0d4f0955d7af898ed5e73bb3c752d7a52d4cdb2c6745814df38e38f772347
ntm2_0_0049_ANCESTRAL	67	17311	84d2d27fcbe85097cd0d38e0a390783ebab40b5c039212abf74cafbbb4da5e56
ntm2_0_0049_ML	67	15897	6c12d68efb7635ffa0de2f6dd0231f42e49ab437655e0c834604856645b5ae14
ntm2_0_0050_ANCESTRAL	48	12384	43e36cd1e4bc4b31951cbcd72342b7e21c8e3884615cef01265e2b73ac46cbbc
ntm2_0_0050_ML	48	11369	7aa891ab9a455ace928e22f83c3b4c4c6a6542f8975b0f980ee04ed10dbd997d
ntm2_0_0051_ML	14	3194	785a6bae047ce1775ad826e5a38d5565339a388152fab25a8822a25bf4ed98d9
ntm2_0_0052_ML	14	3310	e6541c8a75f78887a733984d738881b249bcbe18bb01d565157aef0837e85de0
ntm2_0_0053_ML	37	8600	799ddd1bcb94ed0d2c7309b70e4213411d6967a4dabab4aa742af4f38f6d6d78
ntm2_0_0054_ANCESTRAL	29	7610	534ca25d07470c1450dc0efc1a389deac18eabbf3c0be13d29ee9360ef4fe170
ntm2_0_0054_ML	29	6994	e4db914ca42e43fe994962ae5f4e53e32cd8424190c979bb6e7cac00a1f01acf
ntm2_0_0055_ANCESTRAL	115	29593	afc3c22fadb3bc910983092008bf79f60f248c94e01bf71c13088ecd27d288ba
ntm2_0_0055_ML	114	26952	17a539f84fe7abd503a9add4187f43ab076902c2854395fa0ce6de59475eba06
ntm2_0_0056_ANCESTRAL	118	30481	0e05f4c643a967230d162cc3c683bd06380fbc191981c8984aea8e5b38ce84b1
ntm2_0_0056_ML	118	27996	c61b66cbfb1ac6dd101c41c263f7f5f5a3d7e8532ccd4a477e3ebabbeb532a38
ntm2_0_0057_ANCESTRAL	47	12156	779d6b3d3c97d3cfb98cccbda769370b1e7caa6e00fff03e2bb4b3bc9bbccb60
ntm2_0_0057_ML	46	10925	c4a660bcb825d3219dabbbd8dd2a4bb92a9e573914e155d2de459f4f065ad37d
ntm2_0_0058_ANCESTRAL	17	4380	9fc1574034df9693d9ea602981b23255f5e64938f9cf393f17e2b8225c3585b4
ntm2_0_0058_ML	17	4016	ca932397139141dc1fc165c747e060e9d6d290e1d5a0c51cf411fe930ed1a771
ntm2_0_0059_ANCESTRAL	78	20016	c3faa3080aff9ecf93d63b12181b940965acc4d3739c4028b10bfb497861af21
ntm2_0_0059_ML	78	18371	f0c31f3c84810bd72ba2656c5070d8a3ab950915e020e36f20fa770db4d8b50c
ntm2_0_0060_ANCESTRAL	33	8577	f383a700cb9ff7a90306701168a0241c813fa61ba92007213b5ffd3d3a9ad001
ntm2_0_0060_ML	33	7878	fb367733eda38184c40bc908347ae8b438243540b6055a7aeac8c51ef4767354
ntm2_0_0061_ANCESTRAL	38	9738	8e4563a80373a7cd388eaac1cc8863a9bc9888b23b1e3937249931e16ad57509
ntm2_0_0061_ML	39	9168	c11202ad755d8e648ff40e54b79cea643b8018d3e1e9ef3d57c784e3814d9ea0
ntm2_0_0062_ANCESTRAL	42	10936	6f04b5745505f748f592a3f01e47c6d3ab2a0868996d144fb964829b1eb9dd36
ntm2_0_0062_ML	42	10047	c79691f24574b95cfae6eb8462c14930d5a8eafdb474b0de8e5e60275b2420d6
ntm2_0_0063_ANCESTRAL	69	17692	4762b7c0b4b9bdf541257702e0ab7846fae5fcdf0fd0618e2e4fadd13e576ed1
ntm2_0_0063_ML	69	16236	da9e5b678e9e9505cedaa21e4afc0f79862d6e3861707fd5a7f1742eded75342
ntm2_0_0064_ANCESTRAL	14	3635	643f74092caad2adf8ffee9735fdb24f7843296484d6588022497b097f208348
ntm2_0_0064_ML	14	3334	c80fbc8801a67c026ec9f59942b120d261c017cfe5e2b664a1ca8e2558fb5e66
ntm2_0_0065_ANCESTRAL	50	13125	3b102e4b9547c0db9b904ef8206b5c3193cef0d2cee364bd7de397c372e49853
ntm2_0_0065_ML	50	12068	f6650abb9eb64212eb0b89449785b5f3c54ac7f5cdb8ccc284ff6fe556638d2c
ntm2_0_0066_ANCESTRAL	175	44892	1e0ddd7124d03d24d874ec281aa5d589a6e8b360368e30ec1353b81c8bdde2af
ntm2_0_0066_ML	175	41210	fce54f4a65bfb930b8ed58280bc1cf46963953d616f555b939831e4d04c7b57a
ntm2_0_0067_ANCESTRAL	6	1581	e382977e2ca010226b7807c30b0a23f7375e71d090d7d40c744643d339b29804
ntm2_0_0067_ML	6	1448	6fd84805cc8fc05856fe0d42e1dd783ba859b43e9cce089df61c3b45f22cc8fc
ntm2_0_0068_ANCESTRAL	82	21054	816ef4a9bd1a13516f90d042c29935ff6457bfc3c9a2e96acc447d68d1a5047a
ntm2_0_0068_ML	82	19325	d772e402047c9e84006cb6096dd437baee785e21bacdf8e0691b855ddff2f8fe
ntm2_0_0069_ANCESTRAL	17	4419	0ed654b9c47bd4ebc27c313a2128693f9a30bf1b346faa12524d2a51425ccbce
ntm2_0_0069_ML	17	4055	e61344a96d7c51b00705bc92c63d58f28f7eb62b67d7ba76809ad80a87b0c3b6
ntm2_0_0070_ML	5	1217	95d362b59c36a66c87ba00795aa2795e5ae694a0ce7c0ad4d7cbfa2487b15444
ntm2_0_0071_ANCESTRAL	41	10641	fd6205114586ad67d31cd0926ae2774fc0311e926e6a764febb065d40f4657d1
ntm2_0_0071_ML	41	9773	f51002d1e4fe12f4f73b35802fb4bc1e8f6a426f0b1eac282e67f25720db2535
ntm2_0_0072_ANCESTRAL	37	9589	332dbb53518faf3a2fff9ccb9bcb59785140ccb98ea9acb363882a4263a97bf5
ntm2_0_0072_ML	37	8805	17e177141d9049bf958c43c9473bd9e0b7551ff1d38019195f3e47c7b5f142df
ntm2_0_0073_ANCESTRAL	70	17996	01d205b4b0acfd5ea09ccba8edb71d6ab09e60e7ebfa8718b90425007ca29b91
ntm2_0_0073_ML	70	16519	92accc9954849bdd3ea7df9dbbf9c64534a3771a3834e0edfa0e439664bfe9b7
ntm2_0_0074_ANCESTRAL	14	3638	d6c14d6e3162e0de8fe3e2fae6b598266e6717c4c403ef148793d72579843297
ntm2_0_0074_ML	14	3337	57ba93f51573972aed38f837bfbeed84e2ac5c2198577a9eb58ac00fd0b8f6c8
ntm2_0_0075_ML	3	774	793c29abfebef8fb5717af48de6a8e050571dae1df40f8b8e3b937a1008b7c96
ntm2_0_0076_ANCESTRAL	38	9841	3036edb9d11a80c4f28136c2925441664443cfb9d9e77d472dc0854d63dce90c
ntm2_0_0076_ML	38	9042	e37744a46feea47afd6229de7ce2248d396421652e519ca4a7f80a94d5743bd4
ntm2_0_0077_ANCESTRAL	64	16521	aa568b4c836a4bfb08cc1d554c8832b3c04ffbba9c3d225be97f5938d92755f9
ntm2_0_0077_ML	64	15170	fa89e7d328a76730148ef4b25fd9df7d66170e4c593a1f6019165b61c9ac21a1
ntm2_0_0078_ANCESTRAL	20	5187	0315663bb382d69a11cfbca571f97b10a27b0abf9246545290c4f382257d4b6d
ntm2_0_0078_ML	20	4760	9f04fcbc1f352d70143fc9ef7a760fe48bfcbcbc6a74bd949114c6937df4eb40
ntm2_0_0079_ANCESTRAL	312	80496	ca8897e4ae4d227e5f030d571c2c9815c88cf39e0a0e4ab7e7c3a64cbbf9a1aa
ntm2_0_0079_ML	311	73664	c244d422c2f2a0f854c37c6245e50977b451b3e74633d5d2fc5be9435bbe4c78
ntm2_0_0080_ANCESTRAL	59	15255	e16b44cb673b57d1da695b58a70c3ccc65d379a5ccd6f8f13874c6b67948a9b3
ntm2_0_0080_ML	59	14009	e43ef28c984eb606d9231e1e5af1b1c491798af0c052fa9bbbc54f6105cdfc20
ntm2_0_0081_ANCESTRAL	44	11503	8e5619bf28b64b69cdacf01c4ad48be933b72defff5ccca7e6a1637a1aab1d4c
ntm2_0_0081_ML	44	10572	720b12b79b6c2e1d8384a54456789eccd8aab4ba15e8ee880286a19af10d17cc
ntm2_0_0082_ANCESTRAL	18	4664	99069e30dc10f9396038a7ccb520d76c28c3ccf36760bd67cc567dcf8c1a1e65
ntm2_0_0082_ML	18	4279	1eecce37a1c774c320276b8e069a647cfc7c40c571150a9328d2326f46828783
ntm2_0_0083_ANCESTRAL	10	2602	c3fdebb7d15654a9bf1d544ffc621851abd9e4a2fe1eb2f83a219f272cb56158
ntm2_0_0083_ML	10	2385	e404f0d4aa2b93047cf4a42e9ea568cab68d3698b5595bd5744da47753a900dd
ntm2_0_0084_ML	11	2670	5442c66bfd3f71e2e1a17f9ca9d5f9b5b4927cb3b197f88a2c2a6e0850edd7cb
ntm2_0_0085_ANCESTRAL	77	19849	cf374895536567179782edbd71bf2b1f95e8084ac1445d3ff6d46fc6ac9a4948
ntm2_0_0085_ML	77	18225	4fcc6f5085fac964ae60051a43fdbd5f9aafd2cf46fc4f7383e395cf16abd732
ntm2_0_0086_ANCESTRAL	35	9076	3f5c0bdf14dfd6a971c68f5a42ab69825e7d35965f65958e8dcd2850338f0dd6
ntm2_0_0086_ML	35	8334	189f889cb7dab241c607eb3d90f0cb87e1bd5e46f2d75d09917b4d362a822afa
ntm2_0_0087_ANCESTRAL	44	11393	77f8edce3fe515c4455f89136b9d6d93b89faeeb99425c1e41b8a5a19910983f
ntm2_0_0087_ML	44	10462	89342204560991623118379cc4e23172b56628ff3cf449bd33f62870cd5da192
ntm2_0_0088_ANCESTRAL	36	9328	a2e4275972823b4cdbb9d4107528ce94ed89202b2e4d8104cbd28c7ad51c8e0c
ntm2_0_0088_ML	36	8565	bf58c60e5929ea475b9710b17a7550286b1d0b0eef3cc7e84e5168f941f067ad
ntm2_0_0089_ML	50	11727	4226c8359dac6583e92868893fdda317bc839d72931e7aff78bb7b5e6d772b13
ntm2_0_0090_ML	14	3426	01519fa89a005f1d399f6bee7cfec71ada69489392486138129b5b87d76a5200
ntm2_0_0091_ANCESTRAL	37	9568	6797d6d41b4d9af417418a2348233293034fd3ecb6d10fed1782d93bf8aaa86a
ntm2_0_0091_ML	37	8784	ce581a988ab84755efb739964100ca06e7e7eca663744c7f7d63d7c7ed64c1d6
ntm2_0_0092_ANCESTRAL	29	7437	a41b8133500f812c3eb948640e0d7a16f9719fe838803a463fa994b7483cefb3
ntm2_0_0092_ML	29	6821	46ef90e2e8de45380179e57e90ba9bcd90985d6a25580ce639c5383941b13846
ntm2_0_0093_ML	8	2008	7d645a943fead59d8d7182f03cf35eaac941617d393f923fa696e90fd127fb03
ntm2_0_0094_ANCESTRAL	27	7054	56f6c07aba54197f441f4980a110c2878a037c0cc8798fd14e7f7b8f05e51cc0
ntm2_0_0094_ML	27	6480	af4a2ee8c7c713e7e05c05f5e0b21639653788689b45a1b44d792b38b833e02a
ntm2_0_0095_ML	20	4811	4db754496694e6c1e896b2fddcd20b50ed0a906febd1eef32d6431820e2c6bff
ntm2_0_0096_ANCESTRAL	4	1083	1880e2e6282134302cfd06e5bbefd897cca48316c4d030c33a317540555b864a
ntm2_0_0096_ML	4	992	9cd93b2219f72c310d3efd9738df3fbcc169ac72a486afb7e5a68943fc542319
ntm2_0_0097_ML	5	1224	a9ed490024bb576f83099e765e1ed1d449088d395c49217fd457f9b4ac60371b
ntm2_0_0098_ML	16	3786	358acf5d8b52e44ec54a779b06ef9a0a26149ad72a9addad2b6633e9f1a6ffad
ntm2_0_0099_ANCESTRAL	17	4409	d64a64f3815695e0b3d54f7fa0f77f9317d23ef39486e1f2842c696463379afe
ntm2_0_0099_ML	17	4045	a1074ed1623cc784dac2dcd01ce153a5ff7b1ba72afe2dd53803dbb32d2c00d2
ntm2_0_0100_ANCESTRAL	16	4136	0b6e69004851b337b5b68a1bbf06617c1214a367b88f16cf580f1c438fc4173d
ntm2_0_0100_ML	16	3793	af72dd531c2e58e797a39d9e808da40f94a175bdc02f09f3cc1014901f428bf9
ntm2_0_0101_ANCESTRAL	49	12693	ea0e42796f1445027e3d4b63ec3c4ded6a0a94460a199a919712ed40975713d3
ntm2_0_0101_ML	49	11657	5962da21fd577f2fe81b294b6bbda0d65800f9cfc134e73e13d2d3974ee63dc1
ntm2_0_0102_ML	14	3348	8fe52b3bc5e274c2061d471d8d7749418461a0a6cba868469727c2153a59d403
ntm2_0_0103_ANCESTRAL	29	7541	15c2130d496d9af728ca442026746cebded6f155e8855c542995d9e04ac7b027
ntm2_0_0103_ML	29	6925	e06bb17f85bb2be48a802243f6bbe0aaf62de31bdc1e9b677eef73952321adea
ntm2_0_0104_ANCESTRAL	5	1337	251e0466cc825f83a6767bd0eb5721bf2bc70509e715e0bde3a779462de61b8a
ntm2_0_0104_ML	5	1225	e072852a8cea54d7050c8358ce44271ebc6be68d1baba2bf9b2670a010b3858b
ntm2_0_0105_ANCESTRAL	181	46539	c4a054ac35e4dff4016431bb3090ec0170e98e2dc9ea6a8545a4353a9f8beef4
ntm2_0_0105_ML	181	42731	34cec0873ab3e6102c45c732d187fab4c65a744e90181461d9b55d69b5348980
ntm2_0_0106_ANCESTRAL	6	1613	c814b7a09a821dcadc990c82d959a8b8caee58fa8a32725c16e71e62d2faafdd
ntm2_0_0106_ML	6	1480	8e428959360eb44e71f791125bfcb55df542d6771b110e687d32bf36a074773c
ntm2_0_0107_ANCESTRAL	14	3652	6a24bbb3da0977854c6893b573b15b7e02e2621687e0a3b49d9edca79d7c1fac
ntm2_0_0107_ML	14	3351	8fdb568702e78a1e33e36a5a0d707599464b08384e2e285914f43e24a69622ad
ntm2_0_0108_ANCESTRAL	78	20126	81475e242dc95a62fc0736350b762de7b2c97e0243b677963fa8c7d44684177e
ntm2_0_0108_ML	78	18481	0ae095de27cd89bcc6663efab397ff30b45eb66435c85da13d2ecb81b2fe045f
ntm2_0_0109_ML	4	987	cbf09e2c6aa7ec93a027db0cfa9b4c3c493c11231eb7e7e0bf31326e85243223
ntm2_0_0110_ANCESTRAL	4	1118	5339baa5ebd20516b7b79afb26e0626d3673d7a3635f110dc928aa58183ee905
ntm2_0_0110_ML	4	1027	e35efcd13caedfe8018210391f34cee1f1319e47c627d7e84f0887539a98a4c7
ntm2_0_0111_ANCESTRAL	185	47785	5c3d20162ad6a3780f06d54e4b0074a00e10a046aee3f39248231776070a285b
ntm2_0_0111_ML	185	43893	167ed1d7d7b9bc28c120de65978c9d860edafbc9597c6625f1ad2ef3ac8c38bd
ntm2_0_0112_ML	7	1698	d4dccb9a20cad049e2a29031e5a7c64feec22176c83833e56112485b11c22fd1
ntm2_0_0113_ANCESTRAL	142	36424	e2e531a25f156b1c9b7c6dada37d9c80448d6b1257c22fdd02ab8b02c2a21214
ntm2_0_0113_ML	157	36918	c247c893785a0b54eb446ec1f537a3be8d15a07f4bf78320fd4823293b2f95f8
ntm2_0_0114_ML	7	1709	80405abfe1054352f80b7209693575080b758c44968c96f290f7eaf8023a3b51
ntm2_0_0115_ANCESTRAL	7	1838	1572bc0b88de9fe763b8a1e72193d436b1fccbd205d3398866d739fbd006d11f
ntm2_0_0115_ML	7	1684	508a2d5d0e45c421262d59654eb13553a03740930bbec545f1b7d83f32977984
ntm2_0_0116_ANCESTRAL	101	26150	a1d44d9549644fef18a48567418077a19ea4051d750faf5f5bd1ec675cfab0dd
ntm2_0_0116_ML	100	23756	394a3694105787965cdfcef15b2ca1ae1e381b1238adb2e936bbd85e1bf08ce9
ntm2_0_0117_ANCESTRAL	8	2078	3762037a39ae399f6fcda555c7dcdc41099ec2dc7f538d9b335c09b8fe6b23bc
ntm2_0_0117_ML	8	1903	b0a631ccbf608ee75d010f0397184412de305894f911ebf24117e1e497a46b31
ntm2_0_0118_ANCESTRAL	22	5708	e2d10165343b52de0146e56cf3a923e80d0482f6ba9d4195bd1762b824c03a3e
ntm2_0_0118_ML	24	5705	01b720c2b0bfbe08d1f8bf74ed1beadb76b9032471f53819862f1f84b7678ccb
ntm2_0_0119_ANCESTRAL	11	2846	0cedca8968ff042a700b237cd9b841fd432fd431abbab2c57e92e819b8ed2ff4
ntm2_0_0119_ML	11	2607	1384bb59fb28b97557055c399aa9d3e187d26786635cf97ee68501295d8265c8
ntm2_0_0120_ANCESTRAL	40	10378	865087ad2581339809ccbd808e62554d896ab523d54075672098b14fb65b2499
ntm2_0_0120_ML	39	9293	2172ad2ccf3dafe8e01f84e32ed0bb894a66ee5cecf9dacf68d07ae6a6a2fa21
ntm2_0_0121_ANCESTRAL	13	3411	a47a59503a332681be22f75b86624e3e6354bee908c95fec019e96a2e9a8446c
ntm2_0_0121_ML	13	3131	94f9220408806a031fce27bae30b1b2f19085126762a3ed266a9372844497510
ntm2_0_0122_ANCESTRAL	32	8293	fb77db3593658ec445b94c1851d20ef69d2c9d4689dfb425f1eb004912000e2a
ntm2_0_0122_ML	33	7849	397489db6099727c2f0050d966a7159b1ad61d227fb7b9eea91a1a62a340bd25
ntm2_0_0123_ML	19	4555	08c483967cdb4f14598d467d5d0f66a78726e37b18a23f450d24b14cbcb17ec0
ntm2_0_0124_ML	8	1963	9701b42c8b45bcec37dbd89138b82e493a5d0e8086b0f6128fa7117ed9bc86bc
ntm2_0_0125_ML	8	1892	c67fa7b93248a0633baa6b84aeb1c1e66bd90edc2ef13836a2b411bdec295724
ntm2_0_0126_ML	19	4509	7df2bf64e80cd3869b5004fc34d82db1d1757776214d1901c26c9bf04a2dadd6
ntm2_0_0127_ANCESTRAL	9	2371	28c8e93172fb65a2b11105c7530328fb3a9c534df29bc5c22267c63cc8423e9a
ntm2_0_0127_ML	9	2175	e5a0e4022563ebd11bb006725f8b15f84350e1813091ba79fa19ae10b3d0e57f
ntm2_0_0128_ML	12	2854	db45e4d4c83bf6ff0623c3e8b36e3dff0c4c98c97661ca86f812ea33bcf90261
ntm2_0_0129_ANCESTRAL	40	10361	8670d17058c804376e5738c9c412b7aa804b874d51ebc21104da6b89d762d2db
ntm2_0_0129_ML	40	9514	0b75bbcbe304a599c957e6c01f9c6a2760e42ad2611a9ae8bf08c902a3097439
ntm2_0_0130_ANCESTRAL	124	31978	5e3f190d6820333d38300bde3e8cbad8757569e40aa1b624e5dc0f618662e4bb
ntm2_0_0130_ML	123	29130	30787d48731251f3df4a78b7879799d00a2f15ca5b6570a3f6d1251fc405aca2
ntm2_0_0131_ML	35	8160	16f1e6b5e5d6ee9361348afd0c20bc2dc81f53434458e1aa14efce3e4487fa00
ntm2_0_0132_ANCESTRAL	16	4251	8b57fc1c979728d9a02f005bf68b31b2bd31deda30c26a00cc22aceec4755ac6
ntm2_0_0132_ML	16	3908	9086362683efb83b5a63b9541ab3eca16f02728cf5d0f0830541cbdaad4ed227
ntm2_0_0133_ML	10	2431	fbac0970d0279b536d9652417eb52821caf0544027928816b5077683042f7a98
ntm2_0_0134_ANCESTRAL	44	11246	f71091924d092d8f2412ac768c6a9eeeb862a7e997c7b96c51849fa2b22859c9
ntm2_0_0134_ML	44	10315	d44ed1ad8cbe25aa2a5bf2ba04466e2f5481e6677f47b63553906c59965c488e
ntm2_0_0135_ANCESTRAL	103	26633	d8f7be5077f9eaa35033e51d7ac4731affa424e6d77a953ea0e5b242b4f4518d
ntm2_0_0135_ML	111	26332	680567ba13a2d36b15d1c72202f74b863f53e425a3bad27aa0cbd47fe1503e3a
ntm2_0_0136_ANCESTRAL	16	4145	83923d61cc5d21573c0cc44dcc51a3dd4686a014d67302b77f64680d7cb08b01
ntm2_0_0136_ML	16	3798	e0c2a70f172e8e799920ac98c3d1b2cf9c0e694b66a4e61b7bae98961bfc86bd
ntm2_0_0137_ANCESTRAL	25	6485	b56fa2bd2fa98d27ef131f85c74277231f6f0d6cc36efd0ffbc7f58753f187c6
ntm2_0_0137_ML	23	5486	2e67b14780438920262f44c835351424ca17b62291c74c8a207c154cb899f3ac
ntm2_0_0138_ANCESTRAL	19	4902	366689f3a1a1f1257d015ab4af88e1d6ee49a0f96b3faf5d10e580f794a0d5f7
ntm2_0_0138_ML	19	4496	adb6ec1a36543118e7aef9a89d950d987911eb1bebd00ad1b9acec0ef1060f81
ntm2_0_0139_ML	16	3875	8091cdb60380a567c7e8791f2a8e6648bb433c967b941ebef390806a1368ec6d
ntm2_0_0140_ML	15	3446	97197af2f778851eb266052248347898cf8cd88242914063529e1c35b4f03e51
ntm2_0_0141_ML	54	12833	da0bf24f15b09a59149a6a4d7df8950515d0d7fac8fc1f891f3b041069ed815b
ntm2_0_0142_ANCESTRAL	18	4696	80e8e342545cf63f09d7211609093d939622f213b56a7282a45e0e7510589a0d
ntm2_0_0142_ML	18	4311	e0816a281cb2e6376fc710c2d612c449e98165f73618ab006af140604febcf6b
ntm2_0_0143_ANCESTRAL	25	6517	18a6947be34d1eb2272f5bd324410bccb7e3e921355c1c36286f3775f2b79c19
ntm2_0_0143_ML	25	5985	8be29df1d570be4c6827a9d55b60eb287d827aa72800910463a97ab891f9cf97
ntm2_0_0144_ML	52	12170	4f7ea1b998fdb4c1c98f28fe76e480b1a931c91fcd9d27db2a8d7e2b8f6a455c
ntm2_0_0145_ANCESTRAL	8	2057	7a359720f2fc83f6f3c64fb38cff880fa3c7d8a8e0c5b0433fc9eaafd03bb108
ntm2_0_0145_ML	8	1882	30439d32156f6a8f6a2d3cadabce22932dfbf496189c32801f79a3abb5af5ddb
ntm2_0_0146_ML	3	738	636116df5aff1713c1a310e83da5d99c3ffacbe38cd23f236c8cb81efd260fd5
ntm2_0_0147_ANCESTRAL	66	17061	91933ce3c9540599bbc57e289e9bf6de5a107394116c489e0994c73c78da7dc4
ntm2_0_0147_ML	66	15666	35c229124e022332a2313288f2c2dfebb45a0af21735bde79e8dad385fa3f022
ntm2_0_0148_ML	21	5036	c24b23b378df4e552be0ffcf456dfcfff8c24c18a67a38649ef364ce7ddcbd90
ntm2_0_0149_ML	17	4056	c4138fd157b5d6453815be81f72c321c797a20910bc1e30ccd8d1228d9eb67b7
ntm2_0_0150_ML	14	3350	67afff0aadb37ee9559cd2eba384634fc952731bc3675aa85fcfadbd10f3c907
ntm2_0_0151_ML	88	20729	b42b606740d4bb8def5227f6d62daff9f051748a3c566f1d5941ba3bba54ec64
ntm2_0_0152_ML	6	1470	794d069ffbfe0ae07ebb43345611cfb5ef40aa7ac179b24045b0811f7e8f6635
ntm2_0_0153_ANCESTRAL	14	3631	15d0172d232d744a7d25d07db463a5ebb59865f46451f88ebd6c10ff7635b4be
ntm2_0_0153_ML	14	3330	1b6adf32546f0a0a6d643151c009c58f99cd4fe963d23503ec150bd987a153f8
ntm2_0_0154_ML	7	1713	26ec4f274d220b5e26e4b249ebd11be944435e0f49da058aa6bccf38bc89b34f
ntm2_0_0155_ML	23	5443	fef4ac857bcde3790ca6f105e32d6d55888ed4c6bb4cc01ac00c2147e91605de
ntm2_0_0156_ANCESTRAL	28	7526	f82b3bece594e3a40430a340ccf24360f3c49460be2198f8f783937017b7a8f7
ntm2_0_0156_ML	28	6931	745cc8f43f63eafec3f8d4b75142a87dd2d18560f2d45460b2634c20ea737b05
ntm2_0_0157_ANCESTRAL	41	10610	c95a591d8a36498480318fe66e9986066b45aca151efa70048faa151e29b82ae
ntm2_0_0157_ML	41	9742	c9c480028c2dfe17110c40a386c0abbca859c384b966bc746be5c1aad6457e7b
ntm2_0_0158_ANCESTRAL	44	11368	41c916eb0d4bb9e658db6076933b30a1b5958b25f341a2a4df7580666ba432c6
ntm2_0_0158_ML	44	10437	03d2afb8034df4e25a6d26ee7d051d0e9f0fff4c3879c98f263b04ff2017fbdc
ntm2_0_0159_ANCESTRAL	173	44652	ef9166874afa43e4e9f92e81a0705816a5b4a4cde9228131d6ead59044f523a3
ntm2_0_0159_ML	173	41012	965e4f7483cca6d0006c53a70a5c70448d98de50d76f842fdc4608b808ff7898
ntm2_0_0160_ANCESTRAL	46	11949	eefcf20ddf244411f0a63a5b2c1ea5043e02e46b3a7c8590bfa5310363389c24
ntm2_0_0160_ML	46	10976	c7c6f961b5409a0afc13d7ddb61921a853df6288edca62cb43d41db8b31589fb
ntm2_0_0161_ANCESTRAL	88	22618	0956ce33d58349bff554f16c37cd254429625ae960308c6d73cf32249374fd8d
ntm2_0_0161_ML	88	20763	56fcf9ec4828f4f0ab6e4e4a714ec90770e2c2d178a08929fcb33816c63b18aa
ntm2_0_0162_ML	6	1510	8fbc56d647327579454c1978f6436672abdaadb8b3bd0b411cd0c0e42653b104
ntm2_0_0163_ANCESTRAL	15	3917	fec618f56203445ac8e96d0ab0e73549f488ac09ed5a21695b4bfbc55d32a458
ntm2_0_0163_ML	15	3595	1c4875f4f1e5f9146c33edcd07a3e009cb4c9f00ea7b07f4e7b763b4bcc66183
ntm2_0_0164_ML	20	4725	cc657897dbaea6a94bb5411d52965a4ba341d759885faed49dc48bbb0fae8df4
ntm2_0_0165_ANCESTRAL	1	315	f83a1bb6600682f749ba9e9b12ad98765516dccea1b0d019c7a5deb4f02c147e
ntm2_0_0165_ML	1	287	ac73bb182e42899e5390599f36c9bd14a9065592d1d125dfee94c6e25d420388
ntm2_0_0166_ANCESTRAL	36	9327	40a5fccec09b2d15837a1e1901483d6f379712944bdd534e7606441e078ccdd2
ntm2_0_0166_ML	36	8564	150df0fa56cb93df918be9d15b145c5cedf253b358db50e2df122d0214de3a42
ntm2_0_0167_ML	33	7518	fcda848ca43dddce5bb077d290481b5e810051aa49b335b47fc8b869697829db
ntm2_0_0168_ANCESTRAL	70	18252	acb5e500e3fdf2797a5d6d4cfb2edc64d0d954543be4ceef544025b730ed0da0
ntm2_0_0168_ML	70	16775	2429d106b397a5572abebc500c7cc51fa29818320007d8968e1dfa8af647310c
ntm2_0_0169_ANCESTRAL	179	46100	cc5c9e41b7297fc08327e64d4b6ed416169ed0ec2fc0fba149f835a20b8e0758
ntm2_0_0169_ML	179	42334	9eea9430f4dada0efca62cb58f60f25ac2b762ac6aca4f27c834778a4041f5e3
ntm2_0_0170_ANCESTRAL	47	12202	7b78c41afe4e45350bfc4ead2567061b536a5dc6bdc80ad28ae3c8917a07ec5e
ntm2_0_0170_ML	47	11208	c38b7f3201c414ab04f1c557b04454af414ecbc98fae391056d1e92277a22afc
ntm2_0_0171_ML	11	2692	c700d97d3e5708e363df178f880848f817caa8fba2188c689bf219d1734aec3f
ntm2_0_0172_ANCESTRAL	7	1856	7098207ea6a83e8868875542b974380a209c859b22609b836d274ae9b3ba9c84
ntm2_0_0172_ML	7	1702	ab2aee6c14560c107f729cbe601a457515297f5c7264592707813c4e431d9c7a
ntm2_0_0173_ANCESTRAL	168	43127	2d6f218a2dc2481c16b3dc4ce99af9f4337fa3ae9c5aaaa044cd18250f030de8
ntm2_0_0173_ML	168	39592	1c5c0216cc827257f31abaaed01dba6ec89fef118098ffcbbbc14d8c1ca02c36
ntm2_0_0174_ANCESTRAL	50	12937	f2981101d752a8a6d7fe240b9b2f0be7e29330e60f42e369947ad28422e47b6d
ntm2_0_0174_ML	50	11882	29a8733913de973da24fae7eea3774647723b3c150112e1da9dabd0dfd3c4e55
ntm2_0_0175_ML	39	9157	c06a42a5e71d394b3ad0118a87bbeff23a19ede23a40a81673637680c96def57
ntm2_0_0176_ANCESTRAL	21	5409	3ee1c978754bc1899f6e2a664cce6841830b3ff2605cec3c3a6f614554490530
ntm2_0_0176_ML	21	4961	4b6c6b1fdbca5d294e689c974eb4975e2285732b9b7bc94d32f013443c6cb2f4
ntm2_0_0177_ANCESTRAL	40	10471	8207a8b7d1908f4c885267a11c4cf4a9c8bc005d38770165a11d220eb39cb192
ntm2_0_0177_ML	40	9624	185dc82875efd6b9918ee3841c667fa0d6a477902bfbbfc035b46f047a7ad49c
ntm2_0_0178_ANCESTRAL	4	1081	91abe96a23878407de4fb5e7f194535d981b605ef83776c2badf185f9d468e9d
ntm2_0_0178_ML	4	990	55edd7d3da6e8ae794cec262152ae97165e2dca394f85e5440ad8ba2fdd623b1
ntm2_0_0179_ANCESTRAL	45	11649	be807fd52166b77f0ffa139065f57aa82946ba15e9f13707d6885d8f651e701c
ntm2_0_0179_ML	45	10697	638236d0ae42d3ebaef8831a1ead6638eaa192f5646f5bfa6fdacc0f7f9f5a48
ntm2_0_0180_ANCESTRAL	35	9001	7cbb73298bdcbdc447cb00540f6cc5b8e65790c999ae5ddaf2e9749ddc22a97f
ntm2_0_0180_ML	35	8259	4b2ae061f3180efe20416c14afd91d8fad4db686bd20e24081be605b80b6c9a4
ntm2_0_0181_ML	42	9965	dbbce70ba68b8e9b95fd55f4d9c1a14f1e03d3162420821ac313479a1d953deb
ntm2_0_0182_ANCESTRAL	14	3681	4300ccb1a2fdb51bf6c060c21441bba5a068f14ff93ee061901fd1816dbf02bc
ntm2_0_0182_ML	14	3380	0235486f1ec0e00723edc4cc8c8f72d088128fe5a84a828ffeaa16204f3303d7
ntm2_0_0183_ML	3	740	59754e5a6e07af34233e41e7374c12569a4889185093575d264cc18eec25c9c8
ntm2_0_0184_ANCESTRAL	33	8475	2d74d476775d0444f45d5a41f4606e5954529deeee059b876cfad0d33ef82000
ntm2_0_0184_ML	33	7775	ebf398e9ffe605e83b82626793909c7e4ae164fb0e8a56397f2c0a22de4dbe22
ntm2_0_0185_ANCESTRAL	93	24181	9f61bbaacdfc18632dc32d627d18d406f03370df845081e2f2e2445ca24b47ef
ntm2_0_0185_ML	93	22221	fa3edef36b54f5992e555d4d28daaeb3b1284a88b7a7a993f8817612360b28c0
ntm2_0_0186_ML	2	524	9632f12658245c91c9db27b403bb63965451916e36db3cffd6732347f0c41eaf
ntm2_0_0187_ANCESTRAL	9	2332	7ae87f66e3378a1e64da816b312ee498484eeb4ccea2debef721fbf64ea61eb9
ntm2_0_0187_ML	9	2136	13ee52cdc27701698bf9e754cb46c76e1a10a776219dd35d199ab5a1f3740d31
ntm2_0_0188_ANCESTRAL	27	6991	c4a26a33710431b712b503ef4e05e3698e6e76421089f210d7231628c89ac53f
ntm2_0_0188_ML	27	6417	7e450aba5dde0af2d1311c0b2329013ece3872fdb483dfed41601937481394cf
ntm2_0_0189_ANCESTRAL	15	3925	1cb0abec1d543c757fd6f7166bd40ebc3cee42c01c6599e6e6287a738d998194
ntm2_0_0189_ML	15	3603	fbfd3c5be7203ddf7d2c79ab9f3a24a0b98c9897e308e3b7ac8beba415848b49
ntm2_0_0190_ANCESTRAL	114	29365	597818319c260ba6c953e98e0ceedb684b497d2a511dd0b900b4a809d1694546
ntm2_0_0190_ML	114	26964	55436e0c7c5c4df9c2261bfad42261b170e1e33117f11da6af7864b45bb93179
ntm2_0_0191_ML	6	1463	4fe3ca685c8d065e9cc9d8714416ad8941d345b483752442a611f5580e8f52c1
ntm2_0_0192_ANCESTRAL	159	41002	7db1983ddc5ae2ad5c1a1d1d6e87a2fb943aa243fc57263b68353bca17784abb
ntm2_0_0192_ML	159	37656	3cc935f2f31fac346cdc94389fdfce1b05213679f79ea209accdbf3df94b851d
ntm2_0_0193_ML	2	509	007ee707383a57f13df5a7bc17197fecfa7b303c733e89087c15a5d7e8a5e4f2
ntm2_0_0194_ML	5	1254	e2ff82b618a7833c46d8566f61950a3798e5089bdba7b46703e2cab8d8ca3683
ntm2_0_0195_ML	6	1390	e41dee99b5989e0a5326b76b5b85d1d8379cec72109382d6430a1d2b5d2f2c91
ntm2_0_0196_ML	45	10422	268e1d2403f8ae1df3ed4169b85268ac92d50380c7c22c5eec57493a85fc655a
ntm2_0_0197_ANCESTRAL	16	4131	cb3549628e556b3cb334cea190937a7035f7d40ad4132710e3591bae99442818
ntm2_0_0197_ML	16	3788	c3adf23437660369f976d2f04cdfc148766b1224a950a7bb968702b6869ebf45
ntm2_0_0198_ANCESTRAL	23	5951	36c6ca96df0f336e1ec031c417a3cd6423e62af8541d674c1858b1a0cdb78ea3
ntm2_0_0198_ML	23	5485	861701ea11709aa1a744a954bf6390287389031ee2286da946ea01633c78f796
ntm2_0_0199_ML	8	1932	09e0959e9da15380b551e56e281d0896d1962315b0cbd1ca96a7e273821237be
ntm2_0_0200_ML	11	2628	d4eed4e4d2fef61f1c3c47de570e9cf154d2c33f705cdd5ae2a27f5f6fe2ff6f
ntm2_0_0201_ANCESTRAL	17	4488	f96521214d342a1be08cb147be356ccccc58109a5cb65d7caa0eac65b703f5c3
ntm2_0_0201_ML	17	4124	567151f9bf4bc5ef2018576736e3249df85376b5af3693320ff1f53908ac5fa0
ntm2_0_0202_ANCESTRAL	214	54961	b810dd1b02207953590069f9821308af106b268f791004add75c245f3ac538d0
ntm2_0_0202_ML	213	50223	2099ed030fd7ceb184810de5766d765f6703b84701cb3c0de6008a12a289ead3
ntm2_0_0203_ANCESTRAL	14	3650	592745a28b79986fdb70f6704a6bb536a87b566d6c9b864f7cb87fa71e8bb867
ntm2_0_0203_ML	14	3349	169aaf67ec3821ed9917eb72628250544925af9e29e2cebf112957f20b59eed5
ntm2_0_0204_ANCESTRAL	23	5914	b2c6a5710a0ace65612045c02e9d8ff212218f9022ad17183319280c5b74e3a1
ntm2_0_0204_ML	23	5424	997e2ee042829fa4eda8bc52ea6494dde8473c447d8c32f477c1a924a20f40fc
ntm2_0_0205_ML	14	3395	7612cacad9b0289e29aefc3a7efc5a44a4df38bec55e641a6625a7a938666b87
ntm2_0_0206_ANCESTRAL	23	5949	1dd43141d474ec0dbb7fd75afaf88cf43ea7852e30452892a29c140c7aa4100c
ntm2_0_0206_ML	23	5459	99c0719658527c6261af46ef8a964ae7e4a1125080a118296adac861dedcc31c
ntm2_0_0207_ANCESTRAL	13	3401	2be580b7699e751bc5923c3d3160999d31570810b7194bb9429ed26cb3541796
ntm2_0_0207_ML	13	3121	320d266abe6643f25bf3a17fae5350de1612c354ec712c6e6b11ae7118e6662b
ntm2_0_0208_ANCESTRAL	65	17100	9f7ac62008904b9b4d7fb04c37dfa3640a125176ec9641a90709ba198c5d1332
ntm2_0_0208_ML	65	15728	46b49a8dc42526bef39c580379afe046236c7b5a78b6651c25abe1617b9408d2
ntm2_0_0209_ANCESTRAL	27	7037	70bc52d2ee1b43e9a8ef7f8021ac9572402db38ccd9e130e5c23cd1b83965055
ntm2_0_0209_ML	27	6463	140256d663dc1d9685e1a927c1b1263a3e0f509e816f857c70f69e4a3233df28
ntm2_0_0210_ML	42	9787	57cd95867b5abb86aaa7d511e33158aafc82859e3eca7a730688aa129cca3c68
ntm2_0_0211_ANCESTRAL	38	9916	66311947526a7cda9b3b42ef5f5158fb17a228ca5f1d90ca44f5fa47fca9aac8
ntm2_0_0211_ML	38	9111	c0a465d5c1f22e44f684d49b5c2fa2169071b4838b8f74937187baea23e08c07
ntm2_0_0212_ANCESTRAL	60	15528	d93fcb573266644b1f0be356c39d28c67da5f4cc66bd46bfde444d958a247951
ntm2_0_0212_ML	60	14261	87606c768b80c71f7242237d065263129df726f27c6202fdc5ff976afb59e520
ntm2_0_0213_ML	35	8144	fad772e67b4ab4423918eb6e0d2837ea7c00a901a263518580e48cdaa0976c93
ntm2_0_0214_ANCESTRAL	12	3258	554626692a2559fcf4c2bcc483cf6597ae271072ebef4c2a0fa0d65af1619382
ntm2_0_0214_ML	12	2999	bf052c07aa4e43699c7dd73f10871590b3fa3e61c1536b4038f4d244bca1da47
ntm2_0_0215_ML	15	3573	a7ad2675f438a6de5fffec89f0ff7e7dfcaa2d5883203fc3d79556b5c5158e3c
ntm2_0_0216_ML	17	4108	0382ff1751b24cbfedf024bc58b14b1e84740a75452537b11310ab2460339ac5
ntm2_0_0217_ANCESTRAL	14	3642	eac9f446c900f0ece95eda152fa9c369a3d2d1432532d3a2e6d090882595768e
ntm2_0_0217_ML	14	3341	09cf854f0af92d9835de9d0e7be1be849698489912690cd25d28f5b454d266f1
ntm2_0_0218_ANCESTRAL	73	18811	4b68ec747695e2966ce7106b9f868f8663902539cfcee148cd6f28bc9c13ac57
ntm2_0_0218_ML	73	17271	22c4d46c9115b6e14d9d34b59b9df88c576aefa55fe50f6766953afa3ac5442f
ntm2_0_0219_ANCESTRAL	175	45115	721b7bd131730379e1024b6ab12f7d7c56fff8d8bb45411d3e1c7cafe5440162
ntm2_0_0219_ML	175	41433	2721e26d15c26e05ca83e5b693347314de9a7a913436c41127d7a4d804c1a341
ntm2_0_0220_ML	10	2388	6fba07c3781d62e394706107cbf90b17afd91151f0729adaa00a05d381d6b7a6
ntm2_0_0221_ANCESTRAL	42	10859	16ee5ae637e9e78426bcb3cb5930c72d5dd4710a050449d4eb2e680a1d3c5267
ntm2_0_0221_ML	42	9970	f7ea70e7ae5112ca336bb58b91020813ccef1e2a1ca5425665d07e7f031143e9
ntm2_0_0222_ANCESTRAL	39	10120	4387c95fb09b3caf83b3607d41ead313b93eb3cd823c88962f0f1ba252c9a42d
ntm2_0_0222_ML	39	9294	af0a35292972f596fc20b1420a75ae21c6554348e1848bec8466d47012229a1e
ntm2_0_0223_ANCESTRAL	26	6769	3a6f263b119516cd5efefa6f7e31fa217e291d3c71d0da381d785feea33539cf
ntm2_0_0223_ML	26	6216	b3ac50ec6ed2fe2262e6699e17206359152444c6e820c40b5ecbe51e3945bc7c
ntm2_0_0224_ML	3	785	74fa948445085df33de51b30307c70bb4e6c0d29ab819f49d367fab687852c71
ntm2_0_0225_ANCESTRAL	7	1872	676a55f0855a75b091f2436adaff3ea267ff1d438f88c477d3d1c060198c4960
ntm2_0_0225_ML	7	1718	8e0c4eec8ca930e44f422545ab610b66b286ccd6c8edb71d081f7a4a99d3481e
ntm2_0_0226_ANCESTRAL	101	26237	b98c253eae4c4a1b2923257ab52b2807e87ae5eb448cb1b3eebd6b64b4155de4
ntm2_0_0226_ML	101	24109	dacda733cbae142319a1d9400ba0b89dad070d8a5d8299e277c9ca2b12c1409b
ntm2_0_0227_ML	11	2638	6e522f141a41a25a58928d2c642902c8e6857c7e173ceb0231650bfe590fdfa3
ntm2_0_0228_ML	12	2863	9b352bf107c887ee53135fa1d64c3c14de6b6fa5b14a9ab1b7efefa7bd7958da
ntm2_0_0229_ANCESTRAL	52	13478	9a919e9829638561c90fc096a8071ec9c5627448dba6b7111074fbb5ed8b3c0a
ntm2_0_0229_ML	52	12379	207d047b194bbe8810cbf3148cb88d522f22d39f01ed99a9a02d9a7fef63a0bb
ntm2_0_0230_ANCESTRAL	69	17867	1062b3fcded3a8cfeb76828430af209e053a34cdaf15adb217edec81b1cac7fb
ntm2_0_0230_ML	69	16411	30e8391315823d5d0fac16f9cf552c47c5793709ac2a04920025844f325685ee
ntm2_0_0231_ANCESTRAL	50	12918	8a541b3c55df1f38f261f1f7cc6412f53ce7c4b25e5dfeb45532cbe81afcbe4b
ntm2_0_0231_ML	50	11861	b8667571fdbe59476c75baff55c7e27e0666a7a960f75ea0bb13a5a10553e018
ntm2_0_0232_ANCESTRAL	29	7376	d7a3ac1983b288699df1a9ad67da5ab0b9652d0951d8be20c75847cef0f384d0
ntm2_0_0232_ML	29	6760	d1e410aef8b59661573e024974958a8dad27c74ae0fef00f12f05b9eba445439
ntm2_0_0233_ANCESTRAL	22	5688	95c3fd0a684dddc0f4cee5cb3f0e6729c613a4678e99624dc557b63fc18884fd
ntm2_0_0233_ML	22	5219	5c586a528e706bf907297fc5a182e40b4215392d2a3a35158f17ef6ba000a79b
ntm2_0_0234_ANCESTRAL	54	13951	b27b71efae9ff8c1e781bc8c01d51a3dfaca7becc202daa66bc89ffe5d49b7a1
ntm2_0_0234_ML	54	12810	e733a981c77dae131cf5ccb820b70fdd231faa50715fd03a54731c62742b1296
ntm2_0_0235_ANCESTRAL	146	37526	9efbb4a69db483126dab2858111d38e3aa3414e26da5d412aebe1ac2fc26800a
ntm2_0_0235_ML	146	34457	da568da371e4434eeb75ec449ec06c070cbec15d798dd2f17806fdf9e6679409
ntm2_0_0236_ANCESTRAL	159	41065	6b9435f7ccd943a3255913f854deff3e8b3e52b3249f9c5bfbba76e0e9391ce3
ntm2_0_0236_ML	159	37719	0cc34f56daf295f3eea8201b53e09fbed2a836d38872710e47d968f36e07e75b
ntm2_0_0237_ANCESTRAL	34	8768	05681fc4cc42d1cdcf92e2fe2a0b6a5341b14dd8bae9780f7a68dfec30487707
ntm2_0_0237_ML	34	8047	00101f2e255babfe0b592dc28d6d1352326325ec988e52d4135c1f5edf2da657
ntm2_0_0238_ANCESTRAL	19	4944	379863d15884e279c9e9e85867088210708e36aa158d851e7fcef976161c9e11
ntm2_0_0238_ML	19	4538	b9b8784565db5808578a0f06964d68b5eac5c393dca761f40eb96c2e507f0016
ntm2_0_0239_ML	6	1438	eff0968326c1f02fc0b8c2e312017789814b868914990975baa747e1903db7ff
ntm2_0_0240_ANCESTRAL	28	7267	0e35052cd78f14e6fe46eb3fb8047b3844a23cd592ebf7886c95913ec95605bc
ntm2_0_0240_ML	28	6672	21217a2757224778a5a2fd2e47d1b1ffb2d7551c56f5e3aa21abfc9d3b5f7bf1
ntm2_0_0241_ML	8	1932	5f6585f5177bfd4b8fe4f11c01fe8ed027b45944cf5d87cf07f6215ceb1854f4
ntm2_0_0242_ML	40	9511	1d045529a54b4b3c5bc3e4ecda1f1f6a36b8f66a94288cf83a4589467941646a
ntm2_0_0243_ANCESTRAL	2	575	20384a6ae1175848b6a3d6d64351fe61ceb66bbc1cd2d72dd415e0a8b832ae6c
ntm2_0_0243_ML	2	526	8ff3e377d38614333d39c7a136c90b6d97b18b9ce5dade821bcaf48fbb70b1b7
ntm2_0_0244_ANCESTRAL	2	575	0414a348665bd60635ea93ec6d43e3e1c6f53f34404d478d9f1327b3586794dd
ntm2_0_0244_ML	2	526	c354c627ccbc9349e79316fa0d288926124e37c568892072fc7bcf8092c34c9b
ntm2_0_0245_ANCESTRAL	38	9833	674141958561946b1f49da78c4f5ac649f3c9094edff72956aacfb3fdaace178
ntm2_0_0245_ML	38	9028	a4ed752e3ff1a76afad6901b97d1549bd83f9e3de4009a19ab225d989bed62b9
ntm2_0_0246_ML	5	1192	b17e2ea40d66fe1efe6c8cad9aae78d44f6a3fbcb7e13b68e7b020362e12fec8
ntm2_0_0247_ANCESTRAL	121	31214	c000a046e462f62dccaaf987ec8e412020b4e75fab10a8c14a7b0b090588fde5
ntm2_0_0247_ML	121	28628	c9fb99bf638a0126f2f8616d7b0775dc55759edbc653da66e324be1bee4d166c
ntm2_0_0248_ML	8	1901	a53596f9821ffbee2d31ff787d1eb93dc593370b2edad6defc73190d9c404320
ntm2_0_0249_ML	17	4153	3bbc747c5e8ef6f075778187456ec79673a3bd12a16dcb15dfc6fb919b411f03
ntm2_0_0250_ANCESTRAL	89	22902	79304a99e36305a8d54532318f61ac7b9f80f22133a31764096672766c6b87f6
ntm2_0_0250_ML	89	21026	2c10cb34d980ffb62ff77057bafe7d4d82d4c74250b190ac6e7110bc24868a07
ntm2_0_0251_ML	10	2402	e2c2f27fb75c3ffa639225efe4d5487a33e89c821e1dc8bf09571f85cc39e811
ntm2_0_0252_ML	18	4387	34d0bfc7241b62bb0ff39fab85b3cb848b634a56eebf0c48b0d531ac9d283938
ntm2_0_0253_ANCESTRAL	24	6226	b8e5143d2911d912cc92d9ce6187074c21691355679904de95ac8e0b91c6161b
ntm2_0_0253_ML	24	5715	02df1f8ac605be3c1f7eda2b51e8525f6bbd10d1480e2821c571655cad4244ce
ntm2_0_0254_ANCESTRAL	106	27210	a736d1b2477a86a52d389c8899d22320ced6c12445eb607952e5c204b6d87710
ntm2_0_0254_ML	106	24977	bbf3a4f5309761933fe86a17df2ec1934c184e91cca86910bc18fea87ca27f8e
ntm2_0_0255_ML	4	969	f7f63ba2d3d5d84860b2915dbd610b5b13fcf1ac259806fc58d2a677072940fa
ntm2_0_0256_ANCESTRAL	50	12964	7cbb40517c5b4e3d81b50cd3e59243f0ce97eb0ceb24a7afca81d7985fb1f999
ntm2_0_0256_ML	51	12142	b7f4158ea89ea1ce7f6ec51ffb5e33b293cd16890b0225b9b1e4c2c879625876
ntm2_0_0257_ANCESTRAL	267	68470	d4bb96233103b6d8cba952cb2b1e9b75750c313dd03a59f74ab13f2f1527d71c
ntm2_0_0257_ML	267	62865	b3c1c5f801454e44ea657131a4fec2f556309d73daac6f954bcad9e348ff7ced
ntm2_0_0258_ANCESTRAL	135	34745	8eac8cdc265b419d1e53ad59ed52921688d07ab4fc28898a56cb3878f2734727
ntm2_0_0258_ML	135	31903	062bf2b36cbeabbc0c12328c9f3013dd4b58a220102beb29e7b81327efacc09e
ntm2_0_0259_ANCESTRAL	110	28439	fdcd660520bc2cf380ec7e62232184b40e3ba0682ac626cc5b1971d896b4591e
ntm2_0_0259_ML	109	25860	f2e70a5b734109dfee756c14ef3bfb28644b4037aa5042a452355c9783e8b46e
ntm2_0_0260_ML	10	2431	8c217002fa5c6e292a8d806bcc7ca55e9202d3048a3d4e920532f0fc9353d945
ntm2_0_0261_ML	8	1920	e16abc7cb1a1e5be77e79245a3c784418ffb5eb3abeb85981c8c1150c0631601
ntm2_0_0262_ANCESTRAL	83	21359	8001b9ffb1dfb194ceea302cefd059e6d60af61d4ca49a67cc153733e30a213e
ntm2_0_0262_ML	83	19609	f2e038cbb9455d2e2647d5b99ff9fcd1222f31912e40652b4bfeac14518fbe44
ntm2_0_0263_ML	5	1251	ab60596a04ccdbbfc23d4495174a71bbd7745e01a509e1317e862c990b8152fc
ntm2_0_0264_ANCESTRAL	21	5445	2da1b98449d2565b1c16c881fb11e1c5c6229cff25cc7366b77e57c6ec4abd37
ntm2_0_0264_ML	21	4997	60a463aab9ed323dcbe2a8cf004cf59f42ae3c541b51bdd134e2e51c7ef998e2
ntm2_0_0265_ANCESTRAL	7	1837	fec004f63906636cc7805db33f557baa89d42f9f85dd2403b57acd4a0505d733
ntm2_0_0265_ML	7	1683	60dcd33df864f1ad7a5ad14fbcec731ff1aee9fa94f4360dd7b525ab7ee8493b
ntm2_0_0266_ANCESTRAL	18	4682	c28b5f42b9dc3314a5f8c2325ce90b34c93f14ac7007c8424a5440920e12d27f
ntm2_0_0266_ML	19	4525	5e20a44a37d2f76920072acdc3dbba4dd1ad92a8812b02be4d755eacc74581ee
ntm2_0_0267_ML	11	2653	35f2e5d7f62593aa7f12a7e85aeb79776e81c56ff16da30171e4a4eba922eba6
ntm2_0_0268_ML	46	10910	421ffd838c3c292f5e69409f6b9132944d63fefee21745fafd4961032d463107
ntm2_0_0269_ANCESTRAL	135	34775	a06993a3a9400319a4b2187203ac1ddd0ed898ab0fb8c7115daa2061182bf0ec
ntm2_0_0269_ML	132	31223	9e41f78a351abf7d72a151747f42bab0a443f8bbe784ebf88b11134365eab567
ntm2_0_0270_ML	4	1013	0c2aea775222c2bb9f813741628b1e240409da5a5e57ad35065dc7d9e6655e8f
ntm2_0_0271_ANCESTRAL	19	4927	999b6aa9724c9836289564ff10a18b6a7ec86d849e6b2ef57b521067de710bd0
ntm2_0_0271_ML	19	4521	0f4819ae5a35d235ca587b04f8df51cfabde517d1f1d1a6bf1c1aca62ab967a1
ntm2_0_0272_ML	27	6438	ad26bf27bceb1558518b593c29fa0d5cc84a85eefc0564913c114813dd769aa7
ntm2_0_0273_ANCESTRAL	16	4167	4299b44610794adfd78087994c3faece16db27bc2094c691af154c18046ee692
ntm2_0_0273_ML	16	3824	5f30e8b963b2e7dc42d59ac519d7814a8064d626c91d83ad37d8278d58dc3af6
ntm2_0_0274_ML	9	2177	42a516030e9c509cc7a5ca8bbc1d26e2348cd6305a8f6bf5950408c5931b0219
ntm2_0_0275_ANCESTRAL	17	4404	0816533b42a21201885b42d845ef5427716d61755826945eb13913a89af7c451
ntm2_0_0275_ML	17	4040	4aff07ec389319b0a4b3097335b8c84a56048641a35fc0c3d4c99f5b19bcd8de
ntm2_0_0276_ML	3	751	aeee28f93706b7bd14b50acf1b2dcc01f1eea3a0cd9e4739ee00d403fe4fc374
ntm2_0_0277_ANCESTRAL	56	14399	748f96151dc26afdeb6690be1bcc4b58e2a6f1bd2e9402050085c4d917f0e2ca
ntm2_0_0277_ML	56	13216	b400179d22faa5186259a03e414adcc4757aca6ef6522cea2029aafe1aa2b85c
ntm2_0_0278_ML	6	1454	1fbd5da9af5060cc76ccd734bffbb34446a7ea753161a7f324f1911bf64e2604
ntm2_0_0279_ML	5	1283	167f12afffb9a8764455af18e9c56635d024dcfbf26f9f11b00e025744f10483
ntm2_0_0280_ANCESTRAL	29	7527	c5eef1a3648db516ef216c68a863ad8a256587fb1279487e92c7296866efb93c
ntm2_0_0280_ML	29	6911	0df290a09a95579b6a734550157e39ff08d20631dce885665eda6b72694e07ed
ntm2_0_0281_ML	24	5785	63b678b0b29639198072eaaee9909006b4c9ea0becf2dd510652cca3e23291be
ntm2_0_0282_ML	41	9710	ef915924a3523620e72b01465578b444d099f78b5ea6c5cd9268b62ffc68e502
ntm2_0_0283_ANCESTRAL	21	5452	514469d153589b45c966f5a7d38b0963f09117489e8d96c2af340df386829e6e
ntm2_0_0283_ML	21	5004	dcd5a391847fc612c95787f15de3cbad506d08b89f82f6881f697db8eda9fe96
ntm2_0_0284_ML	34	8099	1844082e8440e43fc14d6821bf1a4bc29b9913c58bd6519407af473b1aec76fe
ntm2_0_0285_ML	18	4340	6c8bcba16713ee97a45c6c4394108d5f9f2428af9dc255b2c9f6c83e215d0135
ntm2_0_0286_ANCESTRAL	15	3978	40c1ae58deb71d78a6182c105122a7a37284f86845c2108dd28f87a96e8aae6a
ntm2_0_0286_ML	15	3656	58b2e58015d941f734b4bf6885ecd3b40b1e79cf651d20eaab8760d45430a24b
ntm2_0_0287_ML	23	5315	da1ada3194b334a8f7efc887c51ef4799e83c5ff1c2b0a87ccbb233d48e9b7fe
ntm2_0_0288_ML	49	11712	694109499cb65478e70d4a49e08786d69c70f7f29a08295f522690834ed43648
ntm2_0_0289_ML	4	992	3255b38a8298723ddc2f46b63265e370818b653387184f2e0449acca472db88f
ntm2_0_0290_ANCESTRAL	168	43387	1af8a7107f5b37c079fc7e442f4f98875b060fe9ddf3288d8f2c71287d17d906
ntm2_0_0290_ML	168	39852	3bc6107864be46f8947c513a9704c93eeaf676c5b3b3358e55631d32a66e69de
ntm2_0_0291_ANCESTRAL	178	46212	fbea111d83d240d08dae60c72d1f9b9bc9ec49cb933ef25882c31989b3f3e0eb
ntm2_0_0291_ML	178	42467	432b12e0f7204490eddbdf760edbb4d73d2f03fe3dcbf99b4a27f32de92b65fe
ntm2_0_0292_ANCESTRAL	65	16737	211b0d6293c087a9cd59969b74df986a060aadcdbcb76cb5cc8adbf5cd317d94
ntm2_0_0292_ML	65	15365	c6aa2c65d4213e4a246ccc933c217441b9831a9f98775d9ac4a7417e47e81ff5
ntm2_0_0293_ML	44	10589	ff6fd6ec7addf26ce6d815c8fe55313c9585ded374498d1b4f78e8cf44fa7f83
ntm2_0_0294_ML	3	757	567b9272e68bac87341627469bd9beb28642377abacc00dd6480d005fc36acee
ntm2_0_0295_ML	15	3579	0e7d44ba4a881e4f2b8bdae0700dcb32038a58c5c43abce6eff55879da93e4ed
ntm2_0_0296_ANCESTRAL	3	826	b8198a7742aac25a7cd25e0b789192131a81f7ce848bfe4d00a3878b55c5fde5
ntm2_0_0296_ML	3	756	b84a9c883b2546d3b0ebe277b01d6318bafc13698f11d35ea6e6903c3fe94989
ntm2_0_0297_ML	2	494	073a78f7f3d1ec6f23cf065ec58eedc621aecbd74d195ba88aa875d0c6ca504c
ntm2_0_0298_ML	43	10287	25cb5dd7f7c20671be31fca6dc4f867fe65bfc35f219af036cdbb1d0167b93b9
ntm2_0_0299_ANCESTRAL	23	5966	d6debab927a12df4b74167a8b02f654b47a8ebfdcf55f90746b3e6d47bf9bad3
ntm2_0_0299_ML	23	5476	f05ac25675f67f17009f9b6c065469e20cbc61a7e230998f1677b66ff4e4e0ae
ntm2_0_0300_ML	18	4309	ec61ca517055416b62baf600c4d62adb9e45c7da989e69a73543a46677b59a8d
ntm2_0_0301_ML	3	730	115eea12720a9c4d26fb8734fd8964cb66a320246f0314b1fdf60a598b8dda9d
ntm2_0_0302_ANCESTRAL	45	11695	13c9dd7d51f7b9fd5bc27704749e8ac71eacffad0a91bbb1b706fd133802ca2f
ntm2_0_0302_ML	45	10743	5fafb14393a8519961709df91aced20295458a2f4277f1842d8916510f8c926a
ntm2_0_0303_ML	9	2184	768986cb5306abb95e557d437218825d5859cecceec683afbfe8e1609424f220
ntm2_0_0304_ML	14	3359	d02dcf0b2c0df2c282c0081fdd8149d79aa12ae2011c10730644041b7bb0af70
ntm2_0_0305_ML	59	14051	20369db1510d7ec1ffaad2fce7a39f51c8a968f34c8db5511029bd9738d076fe
ntm2_0_0306_ANCESTRAL	43	11111	5d05929f16bd1fc779fc4d2612c18f527d13ca03b1b2e2fed569a6c3579b368a
ntm2_0_0306_ML	43	10218	06506435238e27ce95d5dd4a0071e8e3205457bce9424f5f2845d1b61680d189
ntm2_0_0307_ANCESTRAL	7	1891	a43629a300665bc79af1fa187a974c7acafdd8a7b84ba9141f3b0faaeb846332
ntm2_0_0307_ML	7	1737	fcb863f174284655db301cfbf3d25855404d705cf5db8c86e145cc6f7cf220b0
ntm2_0_0308_ANCESTRAL	10	2596	cbcb4ec92eba6772a8c3d8f49cadf700c72acec889cbc187c751b5ed3138b6bc
ntm2_0_0308_ML	10	2379	43b72d2b47800049a392e05fa5dc27ef0db152528106f8a2ca56d38d56d89d4d
ntm2_0_0309_ML	2	513	2562b27957b95841003b2e93e6274635c4630d9c6f8b56b357f02975928492b0
ntm2_0_0310_ANCESTRAL	42	10786	dc007f2f4b04a92be836acc93698ef4ae462dd2655066182de7f11032522b066
ntm2_0_0310_ML	42	9897	9b284061c283ea32f10e14460038eb7acd320c8b03d4b8297aec1afb60c7d4e9
ntm2_0_0311_ML	34	7935	6ffd106fcc54ee5ea356f8a96c3d48f8453bc730692061e5e37a728ae6bfc480
ntm2_0_0312_ANCESTRAL	7	1856	d9a0a7bab8d9045a6c571ae9e98e8290e3228b942b454b0f67c9481c3d7ffeb1
ntm2_0_0312_ML	7	1702	374149a67adb911725f9e0f1095ca3d08997bc78b016bb265eedc5efbac4f9d1
ntm2_0_0313_ML	14	3262	d8db8b0eda5dd137b872deb162525d4c175221281f0e1120f36c364999b086e6
ntm2_0_0314_ML	19	4649	cd0f277843e2dc4089a609e0096d3305819d9e10ec5059b4145582ccd667e0fe
ntm2_0_0315_ML	68	16010	c2e19b23d09d0bdfcc85815d477ff6f90f2658fcc19b2e74896df755864707f5
ntm2_0_0316_ANCESTRAL	82	21022	fc6f3a30d26f54c7f4f74b9b1c88363eb60f322ca8286e7d5a1e99ae9b84e620
ntm2_0_0316_ML	82	19296	bdce5549d5435d1e0ddc3a993a53aba00e4c187d837227836aa9c0f3e6c4f4b1
ntm2_0_0317_ANCESTRAL	105	27011	9dddff3dacfe731e44e3ed30b05b79b0b63d6d3f74d6a420a2a919ec35594b09
ntm2_0_0317_ML	104	24569	4f94a4d1013108a2aca01b7d0888b0c6f55d662186b7ce0ac7e91429198a9fce
ntm2_0_0318_ANCESTRAL	10	2631	9c4581d801169fcddc44dabef3786daa021f6429e411cc16646ab219a3eb5435
ntm2_0_0318_ML	10	2414	df8396193a45a3267cc398c4c68908a8cc9546ac1268c901b3940010b258977d
ntm2_0_0319_ANCESTRAL	28	7271	d6b8967a5df7f8fd1a1062bf6666dc205c9671a2be10cd797316ad22f716c933
ntm2_0_0319_ML	28	6676	10f75fece84640c361d0c988ca054f38bd00ec32f57c4415c5b8635214ca759a
ntm2_0_0320_ANCESTRAL	10	2607	54e62efde3ff8f104b916a2380d4ca08156488b053b6c59c14897a5eff3159a2
ntm2_0_0320_ML	10	2390	090208c5333a9b7abe0ad6bff79654d37f38913add99730f9d574c9e29cf4022
ntm2_0_0321_ANCESTRAL	67	17125	3bc96cfa6c6a037319e5c40d91dab5eb9e1536d319e2c7ae407eded3d3715164
ntm2_0_0321_ML	67	15711	ecc6b6117701b784d76aadae45b03de519a90fcaf866b4df0919a97f424a14ef
ntm2_0_0322_ANCESTRAL	8	2143	255d938d93c05746cfb8e4cefec3e2c4420710646dc967c04e9149f25237d1f4
ntm2_0_0322_ML	8	1968	47471b0f21fc1edaf2010cd1a68e5797403fa68cc0444dc4326206cf04305b5b
ntm2_0_0323_ANCESTRAL	21	5736	a85b93a29bcb3f78666caf7390289555f1b23489b3389ae4825c0af80f8e5650
ntm2_0_0323_ML	21	5288	0f85d97ff3568cf71e86c03a2fad836bab7a3d24e84098ae98fa553899fb53ab
ntm2_0_0324_ANCESTRAL	18	4720	aa6c74278b8e6a62e89f090a76b5f0d5e170430111607cc34201936a88ed3866
ntm2_0_0324_ML	18	4335	19522586f46d2544c177ac2772fd9b2a64180f93d9c7facbfd7c06a454395904
ntm2_0_0325_ANCESTRAL	15	3902	75d4517c31f11d42148e667cef4cd257e5b9357b0963655542501cbe6fb661c8
ntm2_0_0325_ML	15	3580	61c3bbc594ff97d29fe80fa8183b2b5e4b3030484ef69fb8788372c4d13d484b
ntm2_0_0326_ANCESTRAL	12	3146	3ed5ab13d25ef7ff978d28ee00a7aafe72faadfe8184a9b6155a81ab72c4fa8c
ntm2_0_0326_ML	12	2887	c53e59c0bbff89fba21264b824fa76132a8ef616e3f99deb242628da6a8dd57c
ntm2_0_0327_ML	3	779	204c6cb9c52d2749948e9a2c7ff921e615f1d23a4336d45ee8c5674a382a7056
ntm2_0_0328_ANCESTRAL	22	5728	395f7c44ff50374a0caeb51c0d3790ca0d08b3678d0cf5f22a35c2abfbcb235d
ntm2_0_0328_ML	22	5259	7e2cd87bd51dc66beb16b8016372c28c44829c680d78bb914000d34523dd6f21
ntm2_0_0329_ANCESTRAL	9	2357	079be405f3bb5c407da196b79a87f41bc5cc3d05e5cb23c56334ca52baf224e7
ntm2_0_0329_ML	9	2161	a845415f0f9f711e421b61d1db191bb4f9543cdf208a06acde3cff9cfaae361c
ntm2_0_0330_ANCESTRAL	184	47496	ef9c7c6551c6e9c151df4f8a624568f96dba006ea3f8238ffbfd347961ae1f5c
ntm2_0_0330_ML	184	43622	5aa01ca033ecd525ab2597516f5a53e8cd4813905d29fbbb360b12185980f177
ntm2_0_0331_ANCESTRAL	20	5175	8c710259cce7ebb3af48f37aaa2787e081992220259407dcbf6457599d8ce3d5
ntm2_0_0331_ML	20	4748	0e35b76b76f2c63c8a48b0c72c4d552f1e7f5db14f6639f0e214b6f22a71b2e4
ntm2_0_0332_ANCESTRAL	22	5660	7fea780950c8a30b91b758d81a1bb967440afec42f621b7595722100d3f01c3d
ntm2_0_0332_ML	22	5191	ff4136e0169479fe6184ad80ef9e32d0b1fd533ce4291c401bc7b896bc681e55
ntm2_0_0333_ANCESTRAL	7	1851	c70087ccae1998c432ca18b3ecfe117cfafeb2f093f4d33033a4a120f16497f1
ntm2_0_0333_ML	7	1697	601f6f7d70969eb7156949e857094ce8d7fcf92be4781af9644232ceb0e98ea5
ntm2_0_0334_ANCESTRAL	89	23046	c0c354b3f7a38b3d70fe4c34caaeb650e55e9d46bac72689bcb610d79feb7a1b
ntm2_0_0334_ML	89	21170	1f576fc81e6c4cbaad4d139275547a58847db6aee59c1d22bc59b9fc876113ef
ntm2_0_0335_ANCESTRAL	48	12425	bd44fe4d7841ec8fea011786f27ba1c7782a9f6aedf88ac120a909fed304fdfb
ntm2_0_0335_ML	48	11410	e0c138cf4a4eff2edc97c1499c1171c30eaecadef699f6512defe292e904353c
ntm2_0_0336_ANCESTRAL	44	11423	3bf6161265f0f8754bdb0cbcf0e6e46e33b7c92bd4c09ae9d6a93ba33967666c
ntm2_0_0336_ML	44	10492	af9af01ca7a775031f4b6546e1bd4718bb4137bfbbe4c7ac2db4b754d5b8c278
ntm2_0_0337_ML	51	11951	16b3e34e564e956186f2e8e74e0d35a0fca724c497539a15c526b28a83c6879f
ntm2_0_0338_ANCESTRAL	54	14137	fcd4d6b4274bc940928d0bffb162d1c1bc8157144b396c632a74d0043f41caa3
ntm2_0_0338_ML	54	12996	178826043808cc1fb4af3ce2901e0cf7478873f7df598f02c8b5866d90adee43
ntm2_0_0339_ANCESTRAL	127	32393	e2e65b2639b496184e534c7df607bec99b1a654d5845100555830caca6a43587
ntm2_0_0339_ML	127	29719	f3547fbbe3a51edb8330993eef7936f9d806bd17cbc5865d6dc96b940957e032
ntm2_0_0340_ANCESTRAL	28	7274	5c35915d2d82e619fa294c0e49f8e61e003cfacf09bbbd13e262f1650b306fbd
ntm2_0_0340_ML	28	6679	9462ff0c13d9fd1f15b43fe71ba704cdc6077fb883d7cd6a557956816f70631d
ntm2_0_0341_ANCESTRAL	22	5699	9e6f12c421a8927b748f8edb6f0f8c56be05403d9061d735f569730072efa79b
ntm2_0_0341_ML	22	5230	9bbb32bd5d65f0daf36a671a6b134ce7ceeb51e79a232775478828b2e05d3fa5
ntm2_0_0342_ANCESTRAL	31	8046	485f05b870b1f77fe6a624008537bacedd45e85fe156a880fff293605c954bb5
ntm2_0_0342_ML	31	7388	2dd2ee258ac549acd03d0a3117a5585eca36999e3ad987ec52101cad694b0885
ntm2_0_0343_ML	15	3697	cafe568909dd3795d52267db266efc8e0a1cad2a993dce7cda0af02d20caa38a
ntm2_0_0344_ML	11	2652	38a7552d2dabb97cc34455d8abb3318c037fc5e462341253a216dae8ce83cc80
ntm2_0_0345_ANCESTRAL	48	12529	6b4fb836a305d32e8fcb33f0f7c36dfab3d4f65358964815acc87db30feab3f7
ntm2_0_0345_ML	48	11514	f7a0a81d582eae1b5c1002359db9dfd5e1ddf6a0e976297c4988d366208f3753
ntm2_0_0346_ANCESTRAL	4	1080	e380132de669158f06869f7cf49b10982d91e5039bf6b7a7f3b30a8bb482c3fd
ntm2_0_0346_ML	4	989	bbec369d8fbd9f4cb05d24dea6bfaf96635b40851e2f31cbfb503638aa022cd2
ntm2_0_0347_ANCESTRAL	8	2122	23b8cb704992b1fbfe044fb8dbf543ad456b13f18293c58968b691a13eb0b1ce
ntm2_0_0347_ML	8	1947	7e92338c49253394824d2e66140b893f678af9e53aec07a870f53d185d6e9564
ntm2_0_0348_ML	12	2879	43c4fadea2d32ab4025cd2cc9778c9a45464ba66a2d5acafd266dba285fdaecf
ntm2_0_0349_ML	38	8818	b5ecaeecdbd0342e092fa4c2cdd15816914d8132b2045e075d318d668c7c09c0
ntm2_0_0350_ML	2	502	4462136c13b84ca5f3079cd36a64e39c6a9f85662cbd7013245808198b39fb3e
ntm2_0_0351_ML	2	517	4e3e8b73209052b0be149639279f2fac16eea69fc8e50775aef9265561f935a6
ntm2_0_0352_ML	8	1964	5d610b348418fbf42314334589b16503bbdfa5b3f8466a94af19c19bec05fc58
ntm2_0_0353_ANCESTRAL	48	12429	ea378c7a817a8f0d264bcd0e070004c50d08a046f10889faccdf634476fa15cb
ntm2_0_0353_ML	48	11414	a246833cf2f71213add075a1a2858123ac0456560d4070b149bce2f10f4e54c9
ntm2_0_0354_ML	7	1741	06b169fb4dc37260185a6ce03357668086569f5eba20ea8be7a373683357dc64
ntm2_0_0355_ML	49	11609	24e9d7d2bd6a582d2b39417b4eb1fc5264bf69ada47e9f14fa55172794ddb13c
ntm2_0_0356_ANCESTRAL	26	6559	a4b987a4760992951ee1076e4ec2633f41802d4b7e863dd72669c18faa6f4801
ntm2_0_0356_ML	26	6006	8c25fc935fadf33e01e94358d4059126326ccb09157469c3db16ff18bf40c040
ntm2_0_0357_ML	8	1929	a89f82231f6ff22e7cede096a9f4c07534003d41b8f45bb44631ed3b0f37b0d7
ntm2_0_0358_ANCESTRAL	30	7758	5f0dd4a7c196ca44d80cc88e63b2385e0e6a5026e78647defab0884ff760c0f3
ntm2_0_0358_ML	30	7121	5ab6548dc28ef10c2713da530a73872105b92499e5833043f68bc5adc43f46f6
ntm2_0_0359_ANCESTRAL	16	4157	8694286333d13bebc3b613e5c6f0ad0ac41eb6e60ff8a24b2705614e845848bb
ntm2_0_0359_ML	16	3814	27b3522d710bb66f383fd2c14195d008b1b19663776bd3c8c44deeb22302dc97
ntm2_0_0360_ANCESTRAL	17	4412	0e9e85ae724d42b1319adbf57794ce5b9ff333dd852ed5359afd4b1a29aa952b
ntm2_0_0360_ML	17	4048	35c82c1519f878bb592fecfdf1e0d17b7abfee0e73dcd59297a741cc0ffd688b
ntm2_0_0361_ANCESTRAL	53	13677	176418452abe1a5f09a83393a30537608758c0ddd9b02b7ba192599e80ebad24
ntm2_0_0361_ML	53	12557	e788ea986ce4c92fdacb41b0b91cc31a997590d2f0b155a3a3e1db75a74b7c09
ntm2_0_0362_ML	20	4715	00215bfa40895b52b8268a8013e8700bc4576b1ff96dd2fcd72ce3735189a218
ntm2_0_0363_ANCESTRAL	26	6746	70e5ef9a2e951cf3f1590d8ca5eb70e9f4a3b93759e365ef45f233acb59ae3ae
ntm2_0_0363_ML	26	6193	55697ee571d7ea5544d3362b8f4ef5b6d9643765813371ca0dbe77f6621ecc36
ntm2_0_0364_ML	17	4078	961be96d3e0f83efdcbc23b77d3b817d8c2f800779788ca2d6a0d4a7c5eac5f0
ntm2_0_0365_ANCESTRAL	103	26528	bfea8fded6df1381210ba5806f442a349f38d01568ab3905238ff2dd4c5aabac
ntm2_0_0365_ML	113	26746	72a2337a7c313991f248de88ae5aca1b7d0c722eb8c461bc7055ad30e3b72466
ntm2_0_0366_ML	35	8065	685e6a3d2331d6ef151d51e5faba3a1cbfb3cf37ee84f75402e7e0eb6428c673
ntm2_0_0367_ML	16	3858	48e3f5bc9b2ff1efca56f65bd7d9f0370cd6bf28b2a7b72aca73cf9eb5f64851
ntm2_0_0368_ANCESTRAL	4	1107	93fe4c677ddf5436b11e47e3b15acfc02d41ef2bcc8c8095bb19d416bfc5070e
ntm2_0_0368_ML	4	1016	e7e62d7c800adbd3e50644ecb0df3653cef9fc23a5fd9bcbf45bf9f3af4e8430
ntm2_0_0369_ANCESTRAL	47	12258	daea0bdb84035f29f6584e31334d4d06cee253ca7106f897e8cb6075c2fad239
ntm2_0_0369_ML	47	11264	99f687c8034070cfdd78c2df5b9042735dcc8668ad010264fa40f2ab2e207bb5
ntm2_0_0370_ML	71	16636	21ce33d79b0c337adfda2f469a59b390a39c9f4b64011541600694f517eb323c
ntm2_0_0371_ML	45	10605	dbc6a28e796bbffcc00a687166f9436e5fb50a575d9f66b4a22091db4fb91c6f
ntm2_0_0372_ML	4	1001	354ec7c8a14251320ff0edd3088531dca0f105373ae950a593bf50e34d2aae8c
ntm2_0_0373_ML	7	1712	ede94628dfbb76b4a35e3fa38804ab3ee4355df8e27f54b6d6f612c0b9f364b4
ntm2_0_0374_ML	11	2631	deba66490e04658c3cd223e30a1ba3d01cf2b861273e58944121567b8a6e2719
ntm2_0_0375_ML	6	1547	407ed629119ba1b5c8adeb2a886b672bbdde1235964977659f23899e8d828a86
ntm2_0_0376_ML	33	7610	a814f409ece1f58ac0f1b4bd9db7b9cbe28067676eda312ea0f64b2de2372d3d
ntm2_0_0377_ML	5	1251	1e22fcf17bf7b34799f8ede84da763179bed139ba1c98e2bf7399ce149e2c019
ntm2_0_0378_ML	11	2640	d911515a8ac6845cf0daa427b785762185d6ee0f36276d044543d8dbd01199df
ntm2_0_0379_ML	11	2652	c8de08ef8a5b1921df7e64508ffc6676f9448536a02c2aa7002b6d34ffd5ab93
ntm2_0_0380_ANCESTRAL	146	37725	d83a1b51b26cbf0354ec8e5b29b1dda7433929af3b259f74d41fa6aa7d187705
ntm2_0_0380_ML	146	34652	8b6033d936b2ae05511ac019ff0c65aff3b80db61c99fa4e263af68f506528ae
ntm2_0_0381_ANCESTRAL	22	5712	82c1d0bbb7238a2fb93544e7725605bb167747b33c029372fb100d3bafe72618
ntm2_0_0381_ML	22	5243	c473b620cf070d4f423df4996c89d1ae8ef333f41f21fe19ca7f456bc1c790c3
ntm2_0_0382_ANCESTRAL	26	6862	a033932fad938c78e2ab9f495595938b789c111a98a5162950a203ec015509c4
ntm2_0_0382_ML	26	6309	de58855d71f94d4f665609bc759c35afdf93d5779e37ced28a4301ca274e526a
ntm2_0_0383_ANCESTRAL	43	11023	b82c99fa3ba3ee553b50aa82c649e27d63bfbc609dc6173298be1d4434dadae0
ntm2_0_0383_ML	43	10113	326240d7884585d9f53f9b6c601fa6947d2ef96afe947a15cf586cf4d7fa6582
ntm2_0_0384_ANCESTRAL	10	2618	4aad34066e1f2e9ee885968c01dfe1492d14a3248533b7c0da6bdcd7ee1a375d
ntm2_0_0384_ML	10	2401	d833760ba07aa6aa9ef8b42585a861ab87f5d67a28a71e0a60b7c78af503a727
ntm2_0_0385_ML	13	3150	405e7f5a9255edd001f0a9c524de361b1a0e4f72cce92a9236b9f5000474066a
ntm2_0_0386_ML	7	1710	a2f4be8992a73c2479fbe8736940c919a4fd7206076e99528115035599512ae0
ntm2_0_0387_ML	7	1702	1354682beeaa29c345634fb4faf1e5338909f96c7d3d8bfed35ddc21ff34bd41
ntm2_0_0388_ML	2	526	72c260ffca2649d57dc91f4b9a49db29ca0011a6daf6dfa878c405ef6166030d
ntm2_0_0389_ML	12	2889	db6022cd0d0864fbf7418c99c8706c4b16b7d9046dcfef11dffc8d0a4f1f2672
ntm2_0_0390_ML	12	2882	d5b472ccd620bf4d7a6df731c6e04d01c78c8b1c8d49cf8b49fd728837c81d0c
ntm2_0_0391_ML	37	8746	7294e0ca4e0a660cca03b8d0b3df4ef3829532b99eb3cf1902b96ff652b85b11
ntm2_0_0392_ML	13	3157	941e36188b4e8decbb3a901b3c7581410a5301be43903581e814642a66c3fb37
ntm2_0_0393_ML	2	526	e7686cdf640650e6355981ec67af836614aec7b944b6e33eaefad07c32524ac3
ntm2_0_0394_ML	38	9083	5623a7791efa34bb4e26de3a14db9a0b7ad9f1ea9c49c1dc054cc69d03e257c3
ntm2_0_0395_ANCESTRAL	42	10803	cb3de4e97255219ef8fbed819e98e9e5fb31aadb137a1500813edadb2f9c6694
ntm2_0_0395_ML	42	9914	45f91d0dd9f0659617d4afd86f433ce8e7e35eafff47eec813193aa953454d5d
ntm2_0_0396_ML	2	518	d9259f42759a26f44b3f505e52fe1a602fa92f1e3a79caf96a681714ecd905bf
ntm2_0_0397_ML	4	1030	231d655ce935ba7b912a26f7644eec86ab6a594d677f04073722b069bfe55f89
ntm2_0_0398_ML	16	3822	689ef0a94d3c076572531c7ca88f460007335a06e5e1f49435ec4508f9e85713
ntm2_0_0399_ML	13	3132	7017438e9554aca18a3850f2292be8d9549d997f21dad0c581435371ecff5eb4
ntm2_0_0400_ML	4	1030	9b02f73d0de8af0b55e6dcc076e9666387d1946bbcf81115f95c38fcf511b0c8
ntm2_0_0401_ML	11	2530	a948a1c66fcd2347d2bbee10ad15b19f079087376f83f54b341c738c0b1bbb7d
ntm2_0_0402_ML	3	787	cccccbbc0760dca708f3043cb23ff565f15b7568cd0baca0ed39e5198de09c09
ntm2_0_0403_ML	62	14501	ee3ea71dbe87abc78feb4cb74358caa88d49644b362380f5479afce75ad6e4e6
ntm2_0_0404_ML	4	997	079e60295eeb4c3181344f303e122161f030dbdad12b07b6af2ceaae84d75fe3
ntm2_0_0405_ML	12	2880	2babccf2b9377ed38f81da80e0bda25b38a0c5c44397af04bc940b0488146189
ntm2_0_0406_ML	10	2426	5b4f37adaa15a4c20bce6eda643ab01ac39ecd123e738e81f73f8ede06c98c8d
ntm2_0_0407_ML	15	3563	6d4f6c2dd2e56327384f44251c5259744a16154249a32c6a3c0e644cc5976140
ntm2_0_0408_ML	7	1691	5adc0e2d75552c5d0ecd9d7009e10f5932b5c2452727d28763673d0b3b665fab
ntm2_0_0409_ML	7	1696	85ae9832ca8f792f15de3903ac4fcc81add75c3b0b701dae2ebd244d9b81e03c
ntm2_0_0410_ML	11	2664	02695a5da99054a0b66dbeccc199935ffc0df0a7a88a4a5379ec76f83686d893
ntm2_0_0411_ML	68	15957	097cb932212c1469543208d5912564ea834c38d82befe1d1e25fff30f5e2b7b6
ntm2_0_0412_ML	33	7823	6a911600e6f12edc032e52ddbaa098479e0752c910790d09022d708501c19b05
ntm2_0_0413_ML	4	989	31c96a67d16b5429e0b58b7ebb1a52c9bf569bad4bbdd55967dd1756aef612d7
ntm2_0_0414_ML	3	793	7bcc2f1095cdbae5b9f8d2d9c0bbb906c7b3ec634ad4c3a94a761c866b89731c
ntm2_0_0415_ML	6	1483	04d57b0e9ac6b22fd609bc7959e5efe8f1c72f2fa2549497653e762da23ae2ee
ntm2_0_0416_ML	10	2397	a9a3b43ae8cc148051e7d625e8f92f01e1e25be89a36a0b03fa4940c38c1f3cf
ntm2_0_0417_ML	51	12019	9e9e359148b20a1a875d14040ad9eed68b33c9b083f13f9fbf8d05ca2f5e0e2e
ntm2_0_0418_ML	20	4760	a6c1ed46629785e6b5c8fce631126add7777bfb3eea5e773d2db15db5505b339
ntm2_0_0419_ML	12	2893	227cc882d7fe874735f5dd92c75f9a8b4e47697730957815d150ab3853b5a3c9
ntm2_0_0420_ML	51	12141	c1db8eeb7410c326f380b206f530df3e5be727da8ffe0dbc2f533aa074979dae
ntm2_0_0421_ML	6	1456	0e91c31c61d7b651681850ba4e58eb2437e71c86fe8406a0d5ad8d951c496276
ntm2_0_0422_ML	3	777	30063d000c605ddba079920a217d6c5ffc7d2a5347fa31699f4335ec1e982a7f
ntm2_0_0423_ML	7	1720	43a5f692e92f61a0636ad63ee2b1cceda94e9bb108073f25c28b4ae27a0e9f46
ntm2_0_0424_ML	27	6412	aa98ee2654a7d50420a227a67602c0ebad35ec1732b5f232e404c013a44742ae
ntm2_0_0425_ML	18	4321	7adf77fddc82abd083093702ad75d5f792bab0a3c306d7060f74a642540bfaac
ntm2_0_0426_ML	7	1703	0dc72b1d294e3d51943dfcd1ac9514c8f0caf0f1621213e018505dbcf399575b
ntm2_0_0427_ML	14	3391	19182d95a12e923625c66d674d9a7f9fa13bb48547221b922320370a90803318
ntm2_0_0428_ML	15	3611	15565f80a6d74b193c8cc3885689ad50d0ab5d3ec5fc77ebebe80dc99fd1500b
ntm2_0_0429_ML	11	2644	bc446bdbc8bdac8507c39e9b13a309c0665ca663ac4d2708585facc065c26657
ntm2_0_0430_ML	15	3515	2550c130da2fcb9a58064cd468f06defa8a7ebe27c9c52fe75df86d0af96daa8
ntm2_0_0431_ML	12	2832	62dda58d66e1a7ffb1ffb2b712ed04606677cc002b6dd650832abf12e6f6b720
ntm2_0_0432_ML	61	14472	9195e8d4c7bb75ea5ce90f28cb9fc38e10a4114543767f326c008d68a9d8f0f1
ntm2_0_0433_ML	16	3835	cc94f9e1f85e3b80f1470609a064aebae04982cb6cdc6ef36daf85a01a2a04ab
ntm2_0_0434_ML	16	3777	e1410c2ab647d4fa431b5576dca11b0709ca0822db0a1f46cc60072c13ed91c2
ntm2_0_0435_ML	14	3431	572b34f7044ce9895e961f0138c44982f8e5a9bdff616b2135c5d96e940a86d9
ntm2_0_0436_ML	6	1469	353110997025c28ebdb5d635aebc4e10e127b85b0755a27487abb2bc267e140f
ntm2_0_0437_ML	13	3106	d57a3496c256aa62ceffac48a3ee87357c3e8e59c888bc045c8d8e41ff8f239b
ntm2_0_0438_ML	30	7030	3b564894c0b5d03d885d7c9fdcf84e98278667bb652fb301f8ee70cd2da24b3f
ntm2_0_0439_ML	10	2408	dc397b1909113f00f69c69b57fedc82dcf9a306050fdc704b96f55f83060842d
ntm2_0_0440_ML	31	7232	5d51d9f273ace30f1f0323a267e2fe79bddc3ffbc9fd5680f6b55e0ee923d2dd
ntm2_0_0441_ML	5	1204	d5f3ce1a0ee1e4ef8627d25869a99ddb4d79195c167224eeae1c27ecfe145056
ntm2_0_0442_ML	26	6143	4a8214f243360d919f3ad21f820b5777d7636e0391bc131b033d04e979974e46
ntm2_0_0443_ML	37	8645	f05e21f862a8be61322fc3db5b6d8dc33fcd695c08916595000092888f86f9d6
ntm2_0_0444_ML	43	10306	b5c7c6474036024e5f3e78bb144a70f419dba9f2629eecd403789f6e0806f7eb
ntm2_0_0445_ML	7	1694	3b4623950a9c6d0bbcf200e454302cb41744a733d613e35981992d4e8ef86e31
ntm2_0_0446_ML	9	2162	085a5312ccd305bbda74db96214a724dce5742be32e702871dd7ac82861d9814
ntm2_0_0447_ML	77	18071	1ba786bea057a78d72e0bf153995e98817a60bd2f658854714014699b1018e40
ntm2_0_0448_ML	3	757	6789e382c9d5d4f71f21f264990dd157b0182999652ffed61409223bc1df34b4
ntm2_0_0449_ML	10	2395	a5407acdd436151f0c9716e98bb63197e3a37917584096e0c6eaa4a1166c8fa2
ntm2_0_0450_ML	4	1014	87c155f19ac0585e76ada97abdc55b38b309c4d2ce777fcea6ab1140810ac34b
ntm2_0_0451_ML	22	5234	225a3e106eedfef6c5e4c3aa1d93daaf4e9377b367302055c3ddb39a0f6d887b
ntm2_0_0452_ML	48	11299	f5eb2c2d61084a2da5588d926d7ab9611d3590e3b25221c7073ea387abe4ff8c
ntm2_0_0453_ML	7	1690	9a6dd064c4bf76b99f122f1bc58220a7bf9a2b72928f836c13d93c64d2c7643d
ntm2_0_0454_ML	8	1937	1a1121aa0e5f564600605a5113cc84e9ad91381135a53d61457a37d71312c0ec
ntm2_0_0455_ML	1	287	40505a593123fd65403e1cded13747b406bc1941a372ccaa34c906ae80fe7122
ntm2_0_0456_ML	2	527	4cb24177ef2870bf1dd95c7da48db839aa67f19539aaac0066894443bae534ef
ntm2_0_0457_ML	10	2427	e87e42dc19ed1463b0970929dc6440505c6e2390dd771182ec47d8b36556fd47
ntm2_0_0458_ML	2	526	d3018e26e6a0fe7bc3c3fb6b347d966d33985cb3987887042848924d73aa5727
ntm2_0_0459_ML	2	516	3dafa0b42a7185e9d39129b9edb2d5f9a965df278c997b672dd2dabeb8364f40
ntm2_0_0460_ML	4	995	2970e68b558b89f816676aba2c00829565b5e52bb5289fb3fc82ac215cf60f2a
ntm2_0_0461_ML	12	2878	723672ab2d86e777c3d000d59ccb332d27490bf692200ef231226c3b3954518a
ntm2_0_0462_ML	7	1690	1e7986fa274c923a1687f6aec8cc0a7f0eaf70ad76f75e60830f0d25e2bea06b
ntm2_0_0463_ML	14	3359	3c26b56400d3a23a05ca7f21827e2cdff876ba75e0381a550751cdc1df6597b9
ntm2_0_0464_ML	17	4041	495fb697e1cb30846ca5f0d3b0c34df9f59233bdd562ee9b23273c7840ec58e6
ntm2_0_0465_ML	23	5445	3fe4d193752f94416a6ecac3edf6311fef57945b8ad5ccc19e89bda386df9514
ntm2_0_0466_ML	55	12943	f50f9612b9d020df36d77f7ec7765a35bc8c935ee3996cb5d49bc22a01056a6a
ntm2_0_0467_ML	5	1242	145155260c62af6cc7933fe2c4051ff9dba8a89194e4abc6dfcc9e8a02c644d4
ntm2_0_0468_ML	17	4041	38b38e0a8c569f4d8a1b5ed2b017ee2465c28d041252be90096793106f511ea5
ntm2_0_0469_ML	4	981	2b0541df86eb19e4d49af2015b918c064f3411f7b50c6c722076ad4d46b4eb56
ntm2_0_0470_ML	4	1002	a09a3377b382ad78c98bb507d0652360bc1cc12fdd3f78bee1c0c7741c7ff8fd
ntm2_0_0471_ML	3	806	904fbff368d811552c3f563c0dbd1c4d12c8a93ce4d760720334d0e2da9930eb
ntm2_0_0472_ML	3	745	554cbfd43f3fcaeba78b94d4a463fed3ad8bec47cf23b40ba454b34da61fff53
ntm2_0_0473_ML	128	30110	f15b7805c4fffe92f8d24bb9c5ae6e9ef975af4fcde5ea6cbb098472530bacb0
ntm2_0_0474_ML	6	1475	c79c614d02f56b67a8374e56ecec7ae08667246df716c42c5d5e6cfaba8d00f3
ntm2_0_0475_ML	5	1237	4aa4d8cea159cd985d45c3e343dc04a77d40ce128a68718ffb86cc2bb79f9b99
ntm2_0_0476_ML	48	11328	161f9ab2132429941da4090f3b1ee448c8927589cd7fe84f81ae2473e1714c5a
ntm2_0_0477_ML	27	6430	eb4ea40647bcb0b4cab83be71c58fde82d2571009d201696e94b41a77d38d24d
ntm2_0_0478_ML	16	3833	57655bf883daf19eed9b84abf1b2f14a66274119ce5230be64c1f734b7f27bf6
ntm2_0_0479_ML	51	12006	994bf496f4a2f0c17b480958e51dd4bc90d75fb36738c2c843d1fdc3ed2ebaaf
ntm2_0_0480_ML	16	3855	bdcf43b103e05d06ebe6191b28c52727f03050946ddd8759d421cebc5453a2fd
ntm2_0_0481_ML	3	736	3a0d3449c11e9a373c44d807a5be5447c1fce69cf26a3ddbfd2dfa589147808f
ntm2_0_0482_ML	5	1228	13a0578e738bc796b4f400052bd0d08209a32488281b7c191cbbd2d1655059a1
ntm2_0_0483_ML	3	739	25565cfc2ba8ba61e5aabbca3e192470ce499933adbb9a6d6d331477bc3e9c9b
ntm2_0_0484_ML	10	2390	90f83f196b5ac81ce7d45543c60a09a66b0ccc36c4d492b3ba82c36438e93cc7
ntm2_0_0485_ML	8	1924	6de21deca1b6297a715720db95a4ec85ce1540d928dd3dff92a709b43efc0639
ntm2_0_0486_ML	4	973	830c01ad8cd5a60eecea65490225a8e0974bcb4349b2f57b386b7d7fc872c99e
ntm2_0_0487_ML	3	781	e541352153f1b5d2173ee3ea66c687d170fe97031b76877d902a71bbc8b6c59f
ntm2_0_0488_ML	5	1226	7a13dbad8d365c27e4d1aed55a165fbf44a583251f79c642f324ce4beb038f67
ntm2_0_0489_ML	5	1251	5784a436e11eaa707eedbf0cd3732b9764023b1eab37aea6d50984eee646ae91
ntm2_0_0490_ML	7	1698	e38e56cb328be1eb1031547afafe0c19f1fb070d724b77e4c2cf5b9dc09d8b22
ntm2_0_0491_ML	61	14511	25c5da886e566a0be6eb078830355eabb52ddac271981b4c3acacda3e0a5a5d8
ntm2_0_0492_ML	38	8831	6825e815e77f0ceb1bbcf92bd0ab1c164dfa3c89e0e52bf6dde427989dbb933f
ntm2_0_0493_ML	86	20332	8be85a4e17727dbdf12428fa81692b52fbc5e5e233351947233f839c475dae72
ntm2_0_0494_ML	12	2889	7df7a5c9c3249c8ed65de66ac5e69f258c9dd91f0a34040bf5ba53ce721d7be2
ntm2_0_0495_ML	43	10289	05b59babe3c3632756501af544784f31fc6b32caf0f2bea7a266c51ad3d43bba
ntm2_0_0496_ML	33	7606	43404e8680baf05314fd231394f7f60e1352d90b29fb700caf1f0aec82ca8e9b
ntm2_0_0497_ML	20	4787	58a65f262b820c6560135f4bd269c993949e03df4f92dd489cb42baf001a69b2
ntm2_0_0498_ML	62	14675	f5cbe235d602d6479b2560cb5721a39d8e4917d8fdadc3687f28d2021afd35b7
ntm2_0_0499_ML	3	742	0eff9eed40d443ab7320f3120934253396d956ba87d84f46c0ee516d4c585f5c
ntm2_0_0500_ML	38	8980	ff5090df160cd69dab1d8a14c9893abd27b8d60621a1e236f46c3ed90315ce40
ntm2_0_0501_ML	3	741	7707c0a4fd4d20bb49bbf22b72275535e6e58ca3361d22da9bfd7cb7ee4c4037
ntm2_0_0502_ML	46	10682	b5c835bb0e2e88a953b3f128e1f2744d4f635bf8b9909ab6f1ea55d564f851c9
ntm2_0_0503_ML	12	2881	08ee657ac9e288a03a6bf5b711593b0fec9a9481322ac6c893c0f229de14ea0d
ntm2_0_0504_ML	9	2176	58c8f66eb9dd118b5ac995bfc6b7b2fe8b5874542e7f77c3498817e0c6ffc33d
ntm2_0_0505_ML	9	2178	5cfc5c7d3a048e6188d9e8332bac69479f9bbfc59e4976c4270a3c733e276915
ntm2_0_0506_ML	6	1471	686f38e06bf079eb747fcbee04757a5b4da0c3fc867d0b13d8227ec9df85e5d0
ntm2_0_0507_ML	5	1263	8bc41a445806f8de9ada20855de8e01a568444335f9d46e9a15227e754df8ab6
ntm2_0_0508_ML	3	754	fd6afa98a7ee06f453b6a86050b69d2909e72dfda15ead584586a3e2afed4054
ntm2_0_0509_ML	15	3607	2bf7bff0df51af24505b48111e2da16eb84bd022c4511b83e9129af8efd3d679
ntm2_0_0510_ML	12	2872	a68d8933fcb322410e94de09e472d7778170a526d16dd82e928ddc661b2662e1
ntm2_0_0511_ML	6	1407	789556fc65b136a2e41e0944838f1ee62846afd54fe4ebddd08e5ef8fde1c621
ntm2_0_0512_ML	15	3654	f167adefd1b22e6b512962e318c55b37c83c84e1b841c8b635c53a52aee6dacc
ntm2_0_0513_ML	10	2393	4f41fad23b23b4103ea9b5f22f754d9402dc023295023b2f3d4707a43a1101de
ntm2_0_0514_ML	8	1944	00dc5879846b24904515b1eea3a730e2c577bbbae4458e15dd302c692d5c3d9d
ntm2_0_0515_ML	4	1003	1d657913ebd67678a8a22876037254db19a6264bed4fb3e185696e9b625b16e4
ntm2_0_0516_ML	11	2603	1f22089ca355f29b05c7a97278c95bb46d92a81d91427cf0d23c04eaace3fd2d
ntm2_0_0517_ML	11	2682	6c9de0870a465f6365e5d06f1c0223e26832655bb0f58bbe3f559c5196639ddc
ntm2_0_0518_ML	7	1707	8b28cbca48a13407e60d549d89f64c0f57c3929369bc3dfa0b06318589c87980
ntm2_0_0519_ML	26	6203	8bf0dd968cbfe7e14473995911251307ae756298184854c8a9c5a5b847949517
ntm2_0_0520_ML	7	1676	6a114a078b6e3ed2ae0c928b55af22d6d6a6ff41377367b57e8f2e6106bfbeab
ntm2_0_0521_ML	4	989	64bb569ec99e52dc4656e011e12a2ce6df72b12c95c20894e70078c3bbffe7d3
ntm2_0_0522_ML	14	3350	083be57dbeac8d6ac48c42c066a44747cfe0d473c68c69389bd14cef94755ae7
ntm2_0_0523_ML	28	6703	ff930de7553f498c122b949de0a368f5068440b90b8a481b322f429e21d5804d
ntm2_0_0524_ML	50	11558	af2793cdbe28098df7785f7d4343a817fe6b9508c24644e94919b5a3fa36014e
ntm2_0_0525_ML	10	2417	abe2708b04fbc02d8b8fdb60256fa4524e81b5f674b8d3971657c46a15d286f7
ntm2_0_0526_ML	30	7138	947d78c1db3b4554542db199284292b8c4ef40d747909a41bc39c8d25e456040
ntm2_0_0527_ML	63	15116	5049b886239c24987e75aaf4cf09b8fc2f90289bf953974eab3d28683a42bb75
ntm2_0_0528_ML	9	2103	61c340504f3956a768753cbd6457d84c128da6a5cbc70be908638de947dc39e7
ntm2_0_0529_ML	59	13882	bb531ca466d5995a94f0662c8d019121e296b8c5c5306e4aecb4b69eb80e3cc4
ntm2_0_0530_ML	5	1233	09039f7d1b3095c6aa408016a1423cc38b6c7624ceb4a8f1e8ac9a9a6e2ababd
ntm2_0_0531_ML	22	5324	8fe1db8349b548c349fa692424b92169907131976d54efa438f39c0c11b9294e
ntm2_0_0532_ML	4	986	6461d76c6439ecd7e9193408dd4c7b19ef22f4e923efa83b631fca3e862db7fa
ntm2_0_0533_ML	18	4239	26ee5206143bb1e0b16b3ffd70d580a46c1af69932b5dd01b0425f035e3d6285
ntm2_0_0534_ML	18	4351	b53df050b3a11535b2e11996d5a40e01a623fc9be17edefe04cf44c3783c97c3
ntm2_0_0535_ML	12	2699	74a6001b2cc31570f0b06ac40c5b15abd8f89a8db5abd8249f61d651d39f0b15
ntm2_0_0536_ML	14	3355	8d77cbc7849af23208425c931dd3c6bfc76cd79910d9d7831d837974f820dfca
ntm2_0_0537_ML	5	1237	07c67d4e4a68319c0608e7dc1e174f98beaacb17362c6355daf9f08eacd6d79e
ntm2_0_0538_ML	4	1014	12c831aca9b8c3d98acfdb06fe0353d17fbadabdad8ede1f0f41a91830e02650
ntm2_0_0539_ML	8	1919	c48826e1797305123716eaa1af415d92880962a9deb28140cdf2e481f5dcaf97
ntm2_0_0540_ML	9	2166	d1ff94751e9ec6594190d73318e8fdfe3be5af64af917d7236533bf3a874a829
ntm2_0_0541_ML	4	996	e18fa63089d083a8a726773631b3626d695621a40a5ea60890fe02b2d7b85af1
ntm2_0_0542_ML	8	1951	5a70671f80e68ad2482fb9d94851ee3f922aa1f9e6c215b4d13eafd0a3906426
ntm2_0_0543_ML	28	6590	60cb46d2608504a7f13954eff6ca1a1d52294acd4d2c70b23b63da1eca69169b
ntm2_0_0544_ML	15	3601	927262635580aca54332aa0264b28a8317dde1d3b3ddc92d776af521b247d8ee
ntm2_0_0545_ML	5	1226	53b48ff84a51ed4da6be4c8c70d393e7da4e635b8a2f5f23157371bdeb65dc36
ntm2_0_0546_ML	7	1706	1f3c03c0d4c70dc440f888737525c5b02ca9c0590aa6d8e8068b2fdf3b205f6a
ntm2_0_0547_ML	10	2408	7125428df5b99a78ab06c2b922c123e382e0b0e7fdb19528b9167aa1e1232e5f
ntm2_0_0548_ML	38	8786	2e1d7898b75879b800b605878712465ffe57831f97ecba4dca432bfc743ddfc8
ntm2_0_0549_ML	25	5962	535fb15f5b9bb0f2d97175a7db41fb497f275212b69595e467d99506dcbc437a
ntm2_0_0550_ML	42	9813	ac82ca192dabaebf816265d1c985366fe116e7307ad867e0871e9cff1320a964
ntm2_0_0551_ML	9	2162	7ae51a306c8e1d4806e4a33d6243ce400d65330a42533359afe56497deb00df7
ntm2_0_0552_ML	66	15480	87ac995f627e7c040d93a42816292b50a939f54b98247ae6d250b13b8c8e75cf
ntm2_0_0553_ML	12	2875	c5569cdaf524d8b62b99633e50c554cd791beb17920c1c46a36f12d86fec13a7
ntm2_0_0554_ML	9	2136	1c443a42eac9a0b40e1f72f2d15b7059361ee7754ac24a7aaef537326fc52ea1
ntm2_0_0555_ML	9	2159	6b83a3778ff4ba868608f926492fda5c0f4a4187bfd38c8e086cd8c6607782e4
ntm2_0_0556_ML	69	16354	de1e84578b8827e85ea9ab0ba10b380a61b7d017843bd0071d2c9c8af6e02bb0
ntm2_0_0557_ML	11	2669	a3261147d23a9519e81ce78974d1d045a499eacb7883c61f70925cba1b4aa91e
ntm2_0_0558_ML	4	991	ecf2a2fd393436c17e1f25c2dfa5c9787f237e43f4c34dfefaaea5240ec68fde
ntm2_0_0559_ML	14	3327	e053f0666837d2d7145b174b062538ad2c5f2b572457396ca7d0488f5154aaee
ntm2_0_0560_ML	7	1692	f512ca1cbdbde5ff71ae094f41c9dc9f1e576757f0fc11f5c2bd266019ce2551
ntm2_0_0561_ML	2	522	a2d50dae4e111a0e8343dcc7ac5cfd8945ffc049e4d53965a92978bd34271611
ntm2_0_0562_ML	73	17234	19f9f7ad32b309da4c007f321adb425b57ae5c8fa502d017e885e75c1ee3ddba
ntm2_0_0563_ML	6	1468	43e7931a75d33bfceb83729b38167a97b43b73c1d8f3491ba11c0919bbc80c50
ntm2_0_0564_ML	12	2855	3c18caf3e57a2a387e9823645db41dac0a11e8297183801fa5508e356d1a6881
ntm2_0_0565_ML	32	7534	401dc62cc914f18cbcfacce2cf3cd08b6ab501d9d1a1e21365cd16fe6f127ddd
ntm2_0_0566_ML	5	1236	ba47abcfc1db4b27f7734755990fb9b05c81e5b8512aadb278044f8bfd20a768
ntm2_0_0567_ML	4	998	772edfe47d5b4da4910bfeabc2fa5ac84fec269fb62a53c4bdae2935769c3dff
ntm2_0_0568_ML	6	1479	fb374088a35db328d46bde0d716d39923240f764c2873eaede1ada9f320c343b
ntm2_0_0569_ML	3	780	6721c0346b5a067497be56caad916343098d677f4f290e802d355d368bdecb41
ntm2_0_0570_ML	32	7626	82efc2d3f910af0ce18852eb1f723ec54de0bd9eb9c64de447db83fd9dcc74f7
ntm2_0_0571_ML	6	1455	683882191db3a9f25454d0279538b5207adcc299654debbceaa45bd27753025e
ntm2_0_0572_ML	11	2632	c68b1a7ba8a33ca0314b5161b412ca4b6064f3c41974a54d0b11a5ceb7141d13
ntm2_0_0573_ML	13	3036	6316892df227bc009537766267add031d611ce49dcb11391f3e557beaa06a4cb
ntm2_0_0574_ML	34	8172	204fba6e9bfade61fce7d6cf92dcc0f2d0e5ee0ff6f2f013ea33fa28259c967c
ntm2_0_0575_ML	9	2153	05e95ae6deb754e260f9053398b819a4ac8e4e5f7712deaea9804e2494cf3b98
ntm2_0_0576_ML	7	1686	682738dbfa4f73d23f6470faeb59f05aa00884702901dc4934d7689ac86feab8
ntm2_0_0577_ML	17	4039	07f97a51a4f0bc67fc86ca54cd68d29a2c5e89a2dd714a49b9400833e71752d2
ntm2_0_0578_ML	14	3389	3628de93a7437277c63f29712e5c19a13f0c312565f91f0251f64467c3767fad
ntm2_0_0579_ML	3	752	667b72232a43ec470ca9e98039339cfce5bd002bf416561e9e12389567a6cdb4
ntm2_0_0580_ML	4	984	ee03e655d0729d9a60822b8b149b37e4c1236bc32aba8890b7fa1423c3a1541e
ntm2_0_0581_ML	21	4887	f18b71b1189d789fe9544bb0efe1c9df0d110e266476c3240e7f8729c61ae334
ntm2_0_0582_ML	23	5381	de176293180752af1da26f38196858cf040fee2d3178d20cb87a9e3e8f67a963
ntm2_0_0583_ML	27	6288	cb9e98032b1ffc654379b231edc9df046f72b6cfcd5525b985d58a1db3cbc7ff
ntm2_0_0584_ML	4	989	08432b0ac5c479fec545953212e5d65803c4675fa708aa818301a550a7b4657a
ntm2_0_0585_ML	10	2355	cb2578539a412733ab3eb038c09ac5ec98a54385078b24f36732fc4b29a5f8ef
ntm2_0_0586_ML	17	4041	11aa7fc831efffb8d612eec1766d234ac181d9a1d6525c641b0da3ccaa831a76
ntm2_0_0587_ML	10	2393	7fc62ed1d4d8ee22476fd8531123e6b323e5115fc04dab8eb005bc30eeb5a9e7
ntm2_0_0588_ML	11	2648	2d75d1dbc67c736982a0a6924500b840317ef7c643e8d0fdb5ebdd52edfb9526
ntm2_0_0589_ML	5	1209	971f97df2c9b9b87f4b4894d502b62ee6a94a024ec3d1bb64eb3678c3e64587a
ntm2_0_0590_ML	17	4103	14fb14360a9255262db2d7540b8a0d896bfbe06a883edc1bc6235e37b823ecd9
ntm2_0_0591_ML	9	2096	49e8452de7653a19aec775aa503c952b1bb673b7ec4f13c209207ba3df3cf225
ntm2_0_0592_ML	44	10377	06f1a9ece2ea0af0b8dc33b7a7aa7a46a2e5964d336d9dbda6f13295b29a9002
ntm2_0_0593_ML	9	2166	5b93af6ca68e4d03c593c23afcbd010968a08ea2e635411ed3dce7851f47a4d8
ntm2_0_0594_ML	12	2905	540f0ce73f9ffd89935d823248ed76d215869c4c81841ee42a3e31b75dfb0dfe
ntm2_0_0595_ML	5	1237	f135e68fe8b294255c71428ff2807d7119b5d4c00b4dda3b0e3c63b0fff27ac7
ntm2_0_0596_ML	3	788	b6f74e6d9a1250a5ddf5a2d1c10ef45f3c5587deae5db4e794865e27e837a937
ntm2_0_0597_ML	4	984	40bce51cc049932657404e7cf202dab01edfdca568f94acdef9b73906b06f485
ntm2_0_0598_ML	2	551	2a641697c42404fc164e9f8536093591dc35ab031c9845fdc0e07e4e5c3ed7da
ntm2_0_0599_ML	6	1460	78613614f5063970b5f21c7e9530e1e8c0e9a9b745ad2dad1529792a53a65979
ntm2_0_0600_ML	3	753	0890f8e7b324b1f73a7e8b04a2dfbce6185c4ecaf2eee65dec43a3d5fbac3100
ntm2_0_0601_ML	8	1957	338b62aec751eb1a856f394524899db34b906d1c4d9ad9f38046f9ac9195d572
ntm2_0_0602_ML	7	1685	1fc89eb43eb2f43985b68460007292976301f2bac40683732f88626c2df65a69
ntm2_0_0603_ML	81	19307	7d583093e2d27edb9d56229dce349b1f7cc85ccdc5b290b3630a6189b4dcd274
ntm2_0_0604_ML	14	3339	c3636996736a678251fcc02d223dc6b3631367617261f1a30c7df4c58666f943
ntm2_0_0605_ML	9	2185	41deb4dca20fad221201a5068806bd3b26e325b5856ca73eef4c3f4501bfb38e
ntm2_0_0606_ML	41	9672	fc4a441648f30a790e76965e73e8d30770249f15b480e163e0d30e4471d2ea42
ntm2_0_0607_ML	77	18136	6c85c4c213c7ccfed9e3373f759037d8c76dea5e8aaaebdf0d99769c163a3fc3
ntm2_0_0608_ML	10	2456	1d1da0db95feafc343384c6f47c56a2d457239e89eb3fc254bb188120c52295c
ntm2_0_0609_ML	46	10933	d18445970d21da2383e4714b9e3d32eb338f7c24dc93e74daf3d3584b072bb45
ntm2_0_0610_ML	3	821	365a34919842f8f9e97c669bba0d8276632614656469b8d27712a52f07ac854b
ntm2_0_0611_ML	72	16992	b7c3d5ea1279ee69dee181a01663a4621632b9af6fc96a598d16a0b8a0b0797a
ntm2_0_0612_ML	8	1931	d21039dcdc54c47b9e736bc9ba3c4a2b0d8302ccc3f6e936f065159d7286bf4f
ntm2_0_0613_ML	41	9776	c416a1c2106bff83218d8de9a7c774a56ae43654387f065cdccb84f939a7c430
ntm2_0_0614_ML	18	4353	b2e65bede3a9702009546b3f8b108aa7a0c9853c4d7d948c1fc35e674721211c
ntm2_0_0615_ML	8	1952	5cdb79fcc3d31672463b0afd64f82ed364fa57743cb249296575da46a7c3e314
ntm2_0_0616_ML	6	1477	c7d50be099d47aff5486dd5a9bd4a4d4bae42869adf88c6410f437dad751e3a2
ntm2_0_0617_ML	35	8303	a4a6133aae6b47d01531a977174b779c2a2013d831946134a20299706387e339
ntm2_0_0618_ML	70	16669	43f449ed6e1a842e2b330fa2fd322bedf6e1948891940a60c2c5601f7723887c
ntm2_0_0619_ML	27	6502	69076f73338326c163e12efb62ebed5fd71db231a1070a3497fd1ae90274cf24
ntm2_0_0620_ML	64	15181	fc861937831af3bec8b0fe9b76bb0d8f5418a47d70dac071f799f00aee000b0e
ntm2_0_0621_ML	9	2154	ece919f6a2ddba25bc8b7ddcf4dd9865dbfc7e995c1676b8b9c69da19529739a
ntm2_0_0622_ML	10	2394	4fec7946ddbcee3391c2d5ef5708149f54bec7f2c84df7a1aa8f0d2bc14c5f36
ntm2_0_0623_ML	12	2901	70334905a47dac6df55138b06f252ae3cae15be763a683dd936d5e34a082bc36
ntm2_0_0624_ML	8	1974	163a4cb022153b81e9ce236e2e8f0abe33cc9b7752eb590d7256d6a2a8a162b3
ntm2_0_0625_ML	7	1742	f8dc510b6752f5b1e9b45a7119557bed1d143a25fb03c244ffa069b8656b3985
ntm2_0_0626_ML	13	3119	afab58935d03e293793772059b6e7d350039a72a97b49b31bb5ffd04e7d17492
ntm2_0_0627_ML	44	10235	a714bf86dd0db4cb8d7fd0f91d57a068184cdd8ce490c1ecae4765ba4b1c739d
ntm2_0_0628_ML	4	977	60df84688b027fd22af5105d06233a9eb0933df2869571b381ee7ef2162a2def
ntm2_0_0629_ML	12	2807	04b7ed9d5cf76a4093e0a8470d703e43ed16ddd1463571f4856e78a1603c6c2e
ntm2_0_0630_ML	12	2867	6443023d382851f01d4f74d2fc343fa0f0e746a3b84271f072964fe9e8a32a9a
ntm2_0_0631_ML	21	5041	7f03336c46eed4791ceda2b80f01c54fa0ff26b86250385245541e42e00406ee
ntm2_0_0632_ML	21	4918	ba0067e8b1297b87793fa43675b42de22edf698f138ba151a7c3a6a990094eda
ntm2_0_0633_ML	6	1514	0fb38ba08b9bc2d2bdfc444b5510c604aea4a667703956daaf3c8ae9ec0b1d6d
ntm2_0_0634_ML	14	3441	a285c42a302129682e3ce1deb0e3961691bc942ad72637dcc957279f54d4455c
ntm2_0_0635_ML	8	1936	7c5f4543e7697e9f05fa28bc358e9f65c95e2ca8700138b1e0056aece773d44d
ntm2_0_0636_ML	15	3579	22854b179de7ac1a60c8cc6efdea016be30f5a630466e6a9004fab980bcf1e4e
ntm2_0_0637_ML	12	2901	f41cfdf3bb57cc43a0227858a27c2a07cb6b83d25ca2bc46f26e5e92457e9b2d
ntm2_0_0638_ML	3	764	2a656b3befb5f43ca2a266b2aca9a0251052ff4b91ac02bd907a0169fc9fb384
ntm2_0_0639_ML	80	18885	0217675448072c34773e289b588be0df99c26d39ea497257ca87e48cd53f35dd
ntm2_0_0640_ML	6	1476	801016035c871488dae0cd6b33894fba59a144e9539dcd9ec909923b4ccd46be
ntm2_0_0641_ML	2	529	6c5b3dec007b7e5a0d7a375b70de4b8d04c0f49a93351958166668a3b14b7b59
ntm2_0_0642_ML	52	12388	4449154deaddfffc6effda12a46b62c0bba1d7d3b15cfc956458df003cdbeb13
ntm2_0_0643_ML	6	1485	1660a266fecebaf0f57cba80e341165f3b45a7bc9ccf9cdb7523614962e539c5
ntm2_0_0644_ML	5	1235	bf68801f675317f5ef649e4b83cfcfd3cc168635d82b5bb01fe4393d4fe0d49d
ntm2_0_0645_ML	67	15761	2a8822e178821c5fdc5d5e92428fefb018c28f94d83e55e87b8a9ff0cedb1d00
ntm2_0_0646_ML	59	13910	f3cec9d6048e1fa682de62c503f010b0b8963697d3e6400109646d7eb88b52fe
ntm2_0_0647_ML	44	10452	cc364c792ebd6dd15a4159a393aa66c726d9cbd9310e22c2a2dc7b91860fc3c1
ntm2_0_0648_ML	13	3122	d39c61916cb8be08aa79d655415ee0e7b0a2817f6703932ea376c7c435e8c2e1
ntm2_0_0649_ML	14	3249	9d977e2773c70fb7f3b6c37161fcc9ba0b20bf1348dbf8e8ba20152405313c29
ntm2_0_0650_ML	8	1919	7cd637df553e43c89794ac666c1bd637fee64125f275820c150becb38ea0f236
ntm2_0_0651_ML	6	1446	e0d57cf50e384be6931d51e313749a4ab0213ca64fd1dac5027b6a0281aa9ed3
ntm2_0_0652_ML	4	985	e769f03ee60ad7c5b5e78b6bb874bab13986c6317e1944d7a431f2e1c3636e1d
ntm2_0_0653_ML	11	2647	c17114b3b6551ec1529905101bd736b90031626759949f25f29cc3bd06e01796
ntm2_0_0654_ML	17	4070	4f0b8819dd5ecba9f7664b644e8b1c59af0d43b9ecd2527d93c884dfca23cdab
ntm2_0_0655_ML	7	1698	7e3e720a682a41afff2ed2c9a544987df13b69a4b5668059e48c992e8dde1e20
ntm2_0_0656_ML	26	6108	1bacbdf3e5e054ef4379f1dc08aa125e17bf407dec911be843a8690c18333f03
ntm2_0_0657_ML	8	1949	8ee73e60334d73d54fa11770c7fee588344bb992a63ac8ae6326f1e15e802e42
ntm2_0_0658_ML	34	8088	f3e2dff04cd84ea75021c56b79982d14e1b09ca1e3da1dffd933ac12475a4800
ntm2_0_0659_ML	7	1708	7f64897c38cf346434d03fe46c4ab7c1b8f0664f767dbb813846bdfc9aaafe32
ntm2_0_0660_ML	5	1232	891cdcbc0a4116a3438af4586036920a256c5985094376e8f8ab37bf88b49ce4
ntm2_0_0661_ML	11	2634	f657ba9606333b4de3759f928390b4ebdc17cd91a2964a6b6d5f13c3731c3299
ntm2_0_0662_ANCESTRAL	94	24109	ae88c9a7dfdbfbbeee730d4c14ce4ec59b673ff371005b16db8e4bb3d876e185
ntm2_0_0662_ML	94	22106	9d7c555dab8838f3104578a98b496ee21f772b2bb02bc469f2ebdd51a1f98265
ntm2_0_0663_ANCESTRAL	78	20001	c2f751a08cfb8ba0fe2f4605dbffbf4150c85dc0d799d581c7210ffac9d621bc
ntm2_0_0663_ML	81	19073	ea4c8d16f2517b6b840308fa438bd6576ed01a1ab5a2cc6ee23c02b1ac67fa19
ntm2_0_0664_ANCESTRAL	138	35659	e737821832eae29c2d629f90948cfd53dde248c3450e7558c1e756d5097c9fcf
ntm2_0_0664_ML	140	33269	9363622c0297e5644b31ca133fe252f5f1f486e89c842d5f32b41e29250dba6c
ntm2_0_0665_ANCESTRAL	268	69011	1307885104617d30eea860c01e369e276c8156407999348ddba6456da40b4903
ntm2_0_0665_ML	268	63371	741509a9f623a4625f6d46ec5702fa9f0a38e20475f9a77f904adc0fd125b20e
ntm2_0_0666_ANCESTRAL	84	21447	de784c369bb7725a63e2f50e43c7ee4663dc31a0d0fceafde23fd442b78d0067
ntm2_0_0666_ML	85	19924	0770d211ebe20b357de7cbb6288cb926c94471693651ea9ff3d3426b92dca13d
ntm2_0_0667_ANCESTRAL	136	34968	572a5db57f2776de1f0719edf70e7f625733cf72fe5e163a0b0b0188563cd4a8
ntm2_0_0667_ML	136	32122	09d2c08d1ae9fad9f84c39377512497d8101c54c92af5717d8e2a7d98445e861
ntm2_0_0668_ANCESTRAL	144	36992	5e313d8abb09feab117fc156385287ba0f616727cb70d69dae971b522b50b2db
ntm2_0_0668_ML	146	34451	e0bbc574e6711d62e7ae599d3f29d6b2b6e939ddbcd66174a78872cf17832659
ntm2_0_0669_ANCESTRAL	163	41906	a3fc6ade9f7b6829e455fafbed68d2860e28a99847439c9051640fdf4fa22acb
ntm2_0_0669_ML	163	38485	5284287c7ee718d8659a942411117615b89ced191f7bd9291ae4d1739f85692b
ntm2_0_0670_ANCESTRAL	109	27885	ccbe57d3aee16874a3ab10b438c7cf2255e341376376156cf1408a5e5bc1379f
ntm2_0_0670_ML	109	25600	51937f270f3eec9af69ecab21792b23d48e44cb78b6005796ed189643e5f11de
ntm2_0_0671_ANCESTRAL	72	18472	b025b668d115c35ec4099eeedc08f53d8a7e940680e340644137d5d9d7680e9c
ntm2_0_0671_ML	72	16972	231f498740fa76256bd911f11701777e46fae51aac81ead96c8e93a099786d8c
ntm2_0_0672_ANCESTRAL	93	24010	a7f364e8b950b9172987f3a7ddcdd3a4150bcdc6911b5a6e978c5df9c2600dc4
ntm2_0_0672_ML	93	22050	09f4ac1faddaf530d8b1c4d47935145ffa307980331d9a1e1c251c1d0ceead91
ntm2_0_0673_ANCESTRAL	100	25818	0bb8f7ca75cc0b651191316b4dd9354bb743604b921e45b164de165d0984266b
ntm2_0_0673_ML	100	23687	d3c96781e489a7bb709c0f269ae8a4f7b96ebc19cc28124b23583aeebccf8164
ntm2_0_0674_ML	31	7102	cfbae66b170fe36bff65054bdc1ce946a3e0124e9acd6333032d057e9d5c5d9b
ntm2_0_0675_ANCESTRAL	155	39902	ad842faa66d3e05c1422fc527b9396203c2908d572b6bc3def0e4b8108b76113
ntm2_0_0675_ML	157	37101	0d3c7048f1f23f25874aef182e113131cd765739ee72e1d3d37990e596a07852
ntm2_0_0676_ML	44	10339	f7753ce4722ada9cbdec5aa6318712a90e80a12221546f94ed766711fd23d5e2
ntm2_0_0677_ML	22	5150	e71735100be39f4970415b24b21ca14a7f28f7cbdd83532d86f1f0f10fe00c76
ntm2_0_0678_ANCESTRAL	195	50102	e70a8f2923db1df2b713e3fa736bc718e49d4ea5f7df0731efeb1e39b36edd00
ntm2_0_0678_ML	195	46000	54c95bfc4d47facf8e9de1dc27c32e727246353fb3beaec390d5104a65039152
ntm2_0_0679_ML	54	12965	eb72c3b74ac509e35c985b66ef8ff0b85c7c68e17d1aeebbf3497f5081c07b54
ntm2_0_0680_ANCESTRAL	87	22597	7c3ab4fd0efd06daadceeeb7ff26f240c73ead7071b52fe188d7092487694848
ntm2_0_0680_ML	87	20763	255bbb77b72dcec78b0773c8f4f6272017cea02f2caa5268b85a62ef37660d53
ntm2_0_0681_ANCESTRAL	83	21261	978def0cfa3b4f4ba0ea3f0dd8ef8b6a17755ca4a0352729e576a892012eeecf
ntm2_0_0681_ML	82	19273	d8e50d660ba302e724205074307137b48f710c816b9c18fafbeb427e32daa041
ntm2_0_0682_ML	64	15100	068405a81f02def4ea460151d0eb07c40f69ea4ccdf8b0dfc8f604570f175830
ntm2_0_0683_ANCESTRAL	273	70317	e3b17eae612142b711aa682ac11a89dad967fa815faaf87ce680724ba3325f58
ntm2_0_0683_ML	272	64345	1c75800278e36457cf064177bb1d426d8a7c46bcd5c8bc2318e8d3f9eb820f48
ntm2_0_0684_ANCESTRAL	46	11744	4f5b5e6171b65df9a39d4fad0643d264626e2aec17857f9d4160cad17a0ee364
ntm2_0_0684_ML	47	10977	d022a1bac2d24b4cdfbf3d9f7df2bb18a6d13462ed25798d4d9e9a8aa8612604
ntm2_0_0685_ML	59	13884	ee4a1dc1234f7501d02a09aa2e715fa865f48cec1678d9b6c016846cb78363c5
ntm2_0_0686_ML	54	12731	4e62daaca266791dd18bb028148edc4e36c3acb70f4027931e53f5a6f95e4e3e
ntm2_0_0687_ANCESTRAL	199	50999	9c70cc7eea7de0eeb0317dbea01a8bd14cdc53813a44405f2fb0ac234d775c15
ntm2_0_0687_ML	199	46839	62ed8b97e77fa8daf89f5dc3884820f507a43624e55f5db53557c808d66c20e7
ntm2_0_0688_ANCESTRAL	116	29921	1d85bedd7b9eb5e2d50e0aaf05a5afc66f76e60085e5d63f5bf293218e9a9781
ntm2_0_0688_ML	115	27224	794e6a4234553c4576f6e557406fcf2606f27ac40e94078be2d918438bcb3c88
ntm2_0_0689_ML	33	7717	854d3b74c10168c419161d7875fb63c8285c625098f03cde1b5a48c00e478f55
ntm2_0_0690_ML	50	11734	d53abe9cc84718144801443af1a16bacf0a75e38e400b6b34ea34c2009c8c354
ntm2_0_0691_ANCESTRAL	61	15797	92a3ec143c87dfa9482a02a22450e3e3153f462b6b8346a90d5025b4140d8077
ntm2_0_0691_ML	61	14515	8456485a335b33cd7478f6bbbca32e8ff032ef8878a172b3bc6692f5c729763b
ntm2_0_0692_ANCESTRAL	153	39348	ff57733a389f9ff6fcae879fe52557b11794d47b69319dd60e50e55022eafddf
ntm2_0_0692_ML	153	36138	9ff910da65f45ad1a7f01ca8e1f01cc6c4e2f20eb70d719f8f770d4ff96b20ed
ntm2_0_0693_ML	7	1621	7f888534fcfca09eb58513a4f324ff5d7beaad14dfcbce72b5d1828debc23e29
ntm2_0_0694_ML	72	16847	59181f173a3d5bd80ed4f12234dff2293816a94791a5409a1bb24976dcb51d5d
ntm2_0_0695_ML	17	4048	028c472783d733e0040a11b507af6f3ccccf7e8e2976b8d965ffdf130b83b5a8
ntm2_0_0696_ML	14	3329	ed942b57e840e16fc962a8cf8bbd0664c11db51d2992e9c18054770e9c00b169
ntm2_0_0697_ANCESTRAL	124	32101	ba179862995067c20a9c463d8b25ff6b3c009c11abd211b39083d39590e316be
ntm2_0_0697_ML	124	29484	53d8b434592860fe1a0d3cf9ac10a1d8083e6816d69e25b87ed7e7563696c270
ntm2_0_0698_ML	19	4561	462e00ee1a08d7f6dbedf96956af12a1c9a3b8887fbd4f5bf57415f3a1027351
ntm2_0_0699_ANCESTRAL	101	26000	db3d2fb60e85169f3caa60ac5c53cab2269a8699b98195a0eaecf320a33dcbcc
ntm2_0_0699_ML	100	23648	d043f6d2dae92b70350bd1fd1ef2ac7f6093cecb1e0033c8fe336e0860e4616e
ntm2_0_0700_ANCESTRAL	29	7454	fdeede9a1d8f1789ef4251ef137c923a9bd96912d2a14169b534a156f234cea6
ntm2_0_0700_ML	29	6848	10d84c5048ef443a238cf0061ceed2d4857c86cc7be59680b46211ee76289425
ntm2_0_0701_ML	33	7811	b0e9a988f27727256b29cf26e32eff39644ec0bf967001b79232384d4547c07c
ntm2_0_0702_ANCESTRAL	18	4712	d1b670da7ab5d7fc5283c45a8d74bc58b9bd86f2b126faeb4611793c9f014f28
ntm2_0_0702_ML	18	4327	81d371c845c12c02c1cf8a6585c23eb81a3a70c76f2fc18367769e7e8eb340cc
ntm2_0_0703_ML	50	11812	1eab1e9646981c16eea9ec4aa5266d96c3dc23e297510cf47cf01106a31f3fbe
ntm2_0_0704_ML	8	1920	46a88ba4fb076ee76a3dfc62b19337a35df27586a177359513d002ec3e0b2eef
ntm2_0_0705_ML	12	2832	dec75d3347a5aa6bb019a7434bfbab15a063f746670683775fe1c1f7997ecece
ntm2_0_0706_ML	5	1213	16089c465229fd5f2db9a12bc8bb96ddae81bbf12965c80a0ebecbf1bbdf7863
ntm2_0_0707_ML	13	3090	3fe7f482a1f141bd5f3cf08e9a454296c1ca93cacb14bc26f35d3adbb459534e
ntm2_0_0708_ML	25	5960	02f1a7f7a17976a13e4dce84e39bf635ad2ee4e0156a9c07f233835aed5bc907
ntm2_0_0709_ANCESTRAL	134	34544	3a656a650c1513b3eb90316f590738a22a717257151d5983797aaa0e814fe3a3
ntm2_0_0709_ML	133	31500	e0f6d475607ad5c9f6e7c59d2caa531276f1aeb46bd65f233caabad555ec819e
ntm2_0_0710_ML	21	5010	541af64d94ec12720d26090db9cb55c820810e82a332c49a40735a670ac84ca3
ntm2_0_0711_ANCESTRAL	169	43458	279f27101b9c03fcdef1eda8732a7a5a1e1a024acfb8a3b98cca5c4f52c2cff3
ntm2_0_0711_ML	167	39420	33b19449ed58974137255f94fd91f1d392864243e271ba45b94f7ba731f73298
ntm2_0_0712_ANCESTRAL	84	21589	575d9722ed2422e530cb5ca718f9f8386bc82b31095afacf121f534990cc2126
ntm2_0_0712_ML	85	20056	dba83ac897f36b000fb51eb0a763403d3abaf3f3d400a955fd323287bbd72569
ntm2_0_0713_ANCESTRAL	86	22190	bdb79d639946c7698a24f4439e7d308174bc1bdbc78952dd4192deaadbca87fa
ntm2_0_0713_ML	86	20377	82203ead4274add95b469a1fa6951c7752e382470b3b9dedc46a10cecb2b0bf5
ntm2_0_0714_ANCESTRAL	49	12573	2af3176e9f148cb1d1748116b4d752e6b4dbc3ec8f5868894042772fe1831831
ntm2_0_0714_ML	49	11537	3dfb1e5f9c9b74b2409c3cd9453400cfc751cc224f62c50b03ea40c218abf6ba
ntm2_0_0715_ANCESTRAL	22	5675	b409a6e681f2f53cc6d84c27582f3088060b95ddef07cc9fdd3bc6c3f8b02282
ntm2_0_0715_ML	22	5215	25bc72adcd01a48483eedb099fd0dc62b85d2d048547471d7d4f7efe655abaa0
ntm2_0_0716_ANCESTRAL	86	22149	fed193cefe84d1ed3a0b0c6ff2ae9ff597a28242bda07a978590be2b52c2706c
ntm2_0_0716_ML	85	20100	3f4c47d775a3806f274994faa973f8305623ab3c1b02e9fd68532aaa7c93e897
ntm2_0_0717_ML	72	16847	266f9c040d7f48bfe7cb663b1423a312b57aa15749349dddf3efc497079fe63f
ntm2_0_0718_ML	64	14964	aa4f88974eadcdc6fd9478f84e599b16a74aa3e53f31a6a4cb3654ab72d9d6d4
ntm2_0_0719_ANCESTRAL	178	45719	e15642872028a92b40f672f669d076d64f48e5b6d67dd746e20b0d8cb09997b9
ntm2_0_0719_ML	178	41996	2e7cb18d000ce77b76d508ca11b0b0345eff44d22f9b01e15c97e4f6fb6770d5
ntm2_0_0720_ANCESTRAL	63	16177	4ed00e39208fc2dc4f982e9396ee0e13ed10e6f56029bdfbbf8c45da53be32f4
ntm2_0_0720_ML	63	14840	bed2c5ca4ea18e82f72fcc9f38cb8960f88f570ad1d18c330516f157e4898ea2
ntm2_0_0721_ML	50	11769	f9297d988f3f6199878cee586a2690ab895ab5b140c90149fe64505140b95370
ntm2_0_0722_ML	50	11769	0ea1eeccf2a4f95139bec264c63a96c1e7db3722b5a988ca8d743c5a7d0a91b0
ntm2_0_0723_ANCESTRAL	82	21147	256cd2b149f6645f55efb1fa441a86e3329263dd7cd16d23e7fc3428de164de5
ntm2_0_0723_ML	82	19418	7d7256e5cb0a79142578a3fd362bb55339806ac8502a2a299049346310778809
ntm2_0_0724_ANCESTRAL	109	27837	a5a7e5e68b0eee51b6c3253b14ba2114a5f07e5a643c2c45e4169c2d55575d8b
ntm2_0_0724_ML	109	25535	8ff5ce97ed00c9a308f28c81f76e6531a4dd7c64dccce4b290dd9651b2d2d12f
ntm2_0_0725_ML	38	8918	7fbb8dca7d41932f49baf757453085cf51acdf8d12f20237eb6342305becb1e4
ntm2_0_0726_ML	16	3779	318fb61714ec4042e59162cec902ac353a82430903fce553b3032bcd50cc71d6
ntm2_0_0727_ML	11	2550	932b6fe38bd0d10cdd8f9892b5c57ff1e05a62daeb932dec69044923746abb95
ntm2_0_0728_ML	69	16353	a5a4d275b337914d399d2f861264f211c57bbca5ce0ffbd74c078ee95ae51942
ntm2_0_0729_ML	36	8366	3a256dd043cb3db790cab4ecd64fdfa2d3870a49becb6a46e6d53e325792adca
ntm2_0_0730_ML	27	6293	db87405293e56c31b2aa6d20cba59de925c3dc94dda61ab1a3315c75697bcc81
ntm2_0_0731_ML	61	14350	f8133fe098b691e8e8bc122ba0325553ef1c5edca0fe86336caa91134568f3ec
ntm2_0_0732_ANCESTRAL	68	17316	0f576136fb0a7312af2d299758c8c23419f4c4a475cea37a050052e74a1c83ea
ntm2_0_0732_ML	68	15879	3c51068d99356c703ad7ceddad08d792ffd8e2f508e4b3a449070244cc327ad1
ntm2_0_0733_ANCESTRAL	29	7590	862149c46550962215e33e4ac552962b21d8710fc949656dc41549926a8432b9
ntm2_0_0733_ML	29	6970	2e20d647f7464834c544e01611efebab509e317fc8cced2c4397bd8115547f3f
ntm2_0_0734_ML	70	16440	2cdd910a25d47b4a5f48ec9c1e6c73108f5134dad1159893208c00627fadb224
ntm2_0_0735_ANCESTRAL	4	1025	3a53c029dc580570dbe31c4e705361d31694852a836c79ba3e8ad1e3e05d1e16
ntm2_0_0735_ML	4	934	9cb4b476a781decc72d4a470886fc560b2b4a08f80b80d7f9b7e54ed1c86a5f7
ntm2_0_0736_ML	8	1989	68c70f599edee781cd9569e4d4998bc3b0b455ef61b4bdb2ef3fe74588dfcd1c
ntm2_0_0737_ANCESTRAL	55	14263	d25eca6051b38f04cc477dcfb4093bf79f6038b01e119bc3304af2fc2c15fee7
ntm2_0_0737_ML	55	13101	1c9cb19c79f079fc5ae6eb40154e70a019ea7c6a6d2f09b0cb29417422e43b7e
ntm2_0_0738_ANCESTRAL	28	7241	f1fd1ec5b4bd8db7883e8cf460ddd5234f52da0292f4f10fcc984f5e5cc807bf
ntm2_0_0738_ML	28	6646	3c2aab131926bfac97951ade0cf83e010d5069407a178ff302040a081d425dbf
ntm2_0_0739_ML	6	1445	95b29a91e78f78582ff9a171cfff2550d8866d3f56f79a76d60179ea7ebbdff1
ntm2_0_0740_ML	46	10575	bb2096c2414d2615897b6bd1fb00275b6e7dccc7c476b12ca7705d7b35890b2b
ntm2_0_0741_ANCESTRAL	211	54428	216ac0a7be1160e0174ba85daf77c55661987172e530e63e0f62410bb21a5f01
ntm2_0_0741_ML	211	50000	7f696fbf9d61f6007b931aaca6cc760fe96370c3469dffe698eedfb4ca58e40b
ntm2_0_0742_ANCESTRAL	256	66427	090183bd552792c11595c3342eecb9b54c767e1b1647a414971c401830239aae
ntm2_0_0742_ML	256	61044	dd111e01092e67049199b678c0fba14c2c75322dd240fd34736949ab01ccf439
ntm2_0_0743_ANCESTRAL	79	20434	db76332e197ec2bdfd586efbd8f6a128a9f7d72ddbe81bdd181bf46095b4dfb9
ntm2_0_0743_ML	79	18768	5730eaa5976baffec2267537ab04f5d11ec8adef9c369e4d4ba84a4d949875fc
ntm2_0_0744_ANCESTRAL	32	8190	fcde4e0d4a467d71aa03673a82d664a764ed08b35e407cfd4e048b71f7598d61
ntm2_0_0744_ML	32	7511	00bd8c618865ae5308b4cbd553c3bf96f753f2901d8b3eb73040852fe7e93eeb
ntm2_0_0745_ML	25	5959	7938adccf2f02c09c008a4dedacf2528768aa2b580c4bac2a4c64bb68ee028b6
ntm2_0_0746_ML	12	2903	b4b3139121fd65732f62fced6b344f00d141ee5a2eef452364f3e5e957b68749
ntm2_0_0747_ML	54	12722	01d60c8572466991e154172c9629d2a487690deac63d113e9a67b9ae3c336d21
ntm2_0_0748_ML	74	17307	f30ec402d338c0f30f76fa6cc02835a951a3c4f04e34cfbbde254126b8eee13d
ntm2_0_0749_ML	17	4056	6a1095bc0e0ae30a7b6be01ade9209c6f665a9bf18bc144f1b3e106b57102843
ntm2_0_0750_ML	4	991	52d5de2be37cfead524ffb8d8aaa14056a94a3069ea04ba6ac7f92bc1a7dc853
ntm2_0_0751_ML	14	3320	b6719f3cac8996d206f6f59f7c3e62b3c5f995971c91963695922cc9e391c72f
ntm2_0_0752_ML	9	2165	0b48389c208d86773f4304df4eee3c78a6f9f3429f5835a84a15e8fa119bcd53
ntm2_0_0753_ANCESTRAL	30	7763	bad46f58166ea00d1c656741eb635fb04d505ba8846519d1378e24774f171720
ntm2_0_0753_ML	30	7126	25c3ff042c5e825b321522ed629d5ffbb742816687b9df383a2519aa5b2fc0b9
ntm2_0_0754_ML	25	5988	79f1713d06da39d4b8a349e7cedfde036640744772f7c451b7019a0c27040348
ntm2_0_0755_ANCESTRAL	108	27865	4139a8577099a88a0db37e75525bccd5ac39878a959796a2c0bcbee5c0a1bcf2
ntm2_0_0755_ML	107	25354	a4b062648bd18eb222bd4c2149d3912343deaf2c74fb774a66e5a5f758b275ad
ntm2_0_0756_ANCESTRAL	45	11588	c0989e8dc00ddbb084343a4f75058e346c74c94b866b51cd2280f73648b02d10
ntm2_0_0756_ML	45	10637	5630ab30102cdd8dc24521a26ed9c8ae56a5ba8862065baf2d3b6b5359a9ba4a
ntm2_0_0757_ML	26	6115	fb620fff880b700879c1783d715e6c9beedac94273d5dc9ed05f121f8db664f5
ntm2_0_0758_ML	34	7922	d554b9654fcfbfc2e32758f59527b2b5c4fe73dca59e141371fe1655c2d9ccc6
ntm2_0_0759_ML	18	4308	e64488cc5dcce7858588306bd8484a51eee1673bbbe725c79ca33da84b7ebc76
ntm2_0_0760_ANCESTRAL	161	41309	8d97ae3a32c135ae221ae30866c3c800170eab1635bd4562b73323da12941168
ntm2_0_0760_ML	161	37923	a5822bbdf108fdc9ca4f47a281ab0a73efc912b352481020685ba5c0a50b8953
ntm2_0_0761_ML	31	7485	beecf09dfb61d18e29648f212f133e967dacaaaae98cd0a50c78b5f81db3977c
ntm2_0_0762_ANCESTRAL	114	29248	85b7687bc97c5aa37130b0294cce2bae4d5d94df7119c9ea13750cda3ae0bee0
ntm2_0_0762_ML	114	26847	be01c48e71fac211b1e31cab3409a33743fcf8492c91cc8a36e7e694030cedea
ntm2_0_0763_ML	51	12049	21bf4a945e8327b1dfaa7ea5032d2337194a7d2972fa751889cffb923929fb38
ntm2_0_0764_ANCESTRAL	229	58960	602920dac2e1674793fdab5b4c475a43adf1737686cd1db173641ff38682ac5f
ntm2_0_0764_ML	229	54144	25a2f0ff1d867d6fa8100a724e1c723d43fbe051c759df9b5a0fa1de1bb77910
ntm2_0_0765_ML	67	15738	b2bca1ddbb2567ca331c9946719b02ce7c079d9607f7e74a6d0ffc20ca097791
ntm2_0_0766_ANCESTRAL	105	26923	e45c2684b0d4f75a7b866cc2b5b19181f22accbd53fa3020888ff41c5f2714ca
ntm2_0_0766_ML	105	24711	f22e9cd1a658d33428c57481eee5e1f4405c6d482540b90e9a2c20d4f53b392e
ntm2_0_0767_ML	44	10228	64153ad5e4ce73662a17f9dd15b2aee0ae806b7b2808126a30b217f463125869
ntm2_0_0768_ANCESTRAL	46	11812	0a5ed3e5fd9315afde3029415fc0d0611118fbc7b56c5f7679c6ace4eb091d5a
ntm2_0_0768_ML	46	10839	e299c6d7a1577c24763a7295bae6735ebb9aeefb58532afd068b75b0de6706d0
ntm2_0_0769_ANCESTRAL	172	44453	4f501653acdac82c8b12757dc689c8f5dc8819f00b52ccaab76233a9c5deff04
ntm2_0_0769_ML	172	40834	134fe2121b0c8031018b2893d5545aedc33ac3e720d2d2ac618744d9ec8d6440
ntm2_0_0770_ML	25	6012	98eae94a915518b5d57b6134ee4d75c249f2343fa2d33f1fdde2dc5a5068e1b0
ntm2_0_0771_ANCESTRAL	32	8262	d9e716214c04143755f629a2fca054ea0909363469156bc15ac0a1ecd80dcd31
ntm2_0_0771_ML	32	7583	58f9959d4ae534848afa0e49da0725622d26b8a9c394ab29b84d1a5c0a2781d4
ntm2_0_0772_ML	31	7313	1a7973f7f3b980aa05d3f1ad4b01a292198988863d66784726b924ceabbae239
ntm2_0_0773_ML	37	8669	cd302cf554341e4d4553331272339dadddb03d4c18906e79b8784cdcf0e5d4ef
ntm2_0_0774_ANCESTRAL	200	51507	b514ee91a8a30f5ab14c6681d17e7f0abe02d12fe5c64ff29616ee233db449ef
ntm2_0_0774_ML	202	47762	c7b5bbf811c20f8cbb6873779de791778b50a2d7ba1dd2b8d6700fac190a2c36
ntm2_0_0775_ML	8	1912	1aff0abe8df5515849a64ed94db890180ae9ae603035902f3abd9da5da16c231
ntm2_0_0776_ML	17	3964	276bb58ff330de30d361ac503bb15f24893a14c1e24811299370d1a72d44eae5
ntm2_0_0777_ANCESTRAL	122	31331	f50a71a31c7a9a93cfafafb2ceb9e7066a164b4eaf0c04e343436fa28c19a386
ntm2_0_0777_ML	122	28764	90b886bc5d8020acd8b001546c6f69749fd488b5174ba9dd5fdb674655541b7c
ntm2_0_0778_ML	18	4175	151f9fa0201965a74d4888114ac88a92dbbdf2dbe02d195d8943d34593fae07f
ntm2_0_0779_ANCESTRAL	262	67453	a3359e09898f2a7d034b0c458e568c34d99b4ba9160b32e8722deec0a4a24456
ntm2_0_0779_ML	263	62219	3f7c8e662cf745868af9fca0df2fe2204f2123a5438d09ae37b70cc76b891d8c
ntm2_0_0780_ANCESTRAL	106	27115	37688da8fddf6f42058e06b3e09771e412cbcbcac8dc596a7e507068864c8014
ntm2_0_0780_ML	106	24901	d29f6f0e48021353ec3a2eb9b63561f8c0fe8cb236585f3eda5c349933e0ca88
ntm2_0_0781_ANCESTRAL	53	13759	1e50af3f316820ea4963c8e13d2f79100d6c9679acd3fd5a26bdf3bfdc80d06d
ntm2_0_0781_ML	52	12402	013860506b781ca01eb06b6613d68bea4de28c2d1bf69417545e5b8ce0bcffb0
ntm2_0_0782_ANCESTRAL	76	19435	3752568390e49e37d2ba290e714d4250110a3045bcb5aa79f42fbc0062eafdcd
ntm2_0_0782_ML	76	17834	d6aeb555fcfb22cab7fba358211d472178836c5c07bf71e7ac991dcde8ee2ad6
ntm2_0_0783_ANCESTRAL	44	11279	7582f3e781452cd2e3af4865be2bc1567a93a434c51fd9e24ac130fb56109ef2
ntm2_0_0783_ML	41	9639	084b264737b8032b49030886442c16c4996f204a1e4bab9a0c6d018fa5eb4b32
ntm2_0_0784_ANCESTRAL	63	16337	3a80857f72ca207f450249ca601f36d41eb178a54ff4545d21a33a9e2841000e
ntm2_0_0784_ML	63	14989	eded5d34b6ed1df71dd1f796aa70fb4785747396784b4d27c65e4d10db730978
ntm2_0_0785_ML	60	14111	319ad452d57341dee30b6eb7b7381beb9a1e8c56c76fb5bc8f3165d5494b049d
ntm2_0_0786_ML	11	2654	260d5c57156c0d5a60dac7894a699de538386fd0059368410c92c84d4a5f14b1
ntm2_0_0787_ML	13	3165	fd25898279d732ec7fd63af71f7ebeb07dccba8cc455d1c6d39184bf3f877056
ntm2_0_0788_ML	16	3818	9ea2c4d6739e3690b35b1060133dfcb8ee2aac6b30ae37219d7201ee167d33e6
ntm2_0_0789_ML	40	9304	a46e6b8a8a5c55b21274ba2e7f9ab4e73ea364fb378e03b1b2568875a9ac912a
ntm2_0_0790_ML	42	9834	c4079e79c1d7037816c3c730f1dc4f1aa2039cbd08b854a392d3717a5df86016
ntm2_0_0791_ML	32	7378	60b7f6c818bc2e37d949dfce04cc05320cf74ae2dfc899ce56c57ecfb70eff6e
ntm2_0_0792_ML	10	2399	1a57f2b93597e2d4bb0e93668d4e201344ad61c71754a440a294c463bac44126
ntm2_0_0793_ANCESTRAL	47	12187	db3afbf544f3251b2909e1a095c2bd08b2dc79d956c9e0e1c1f142140bf0a487
ntm2_0_0793_ML	47	11193	971e38bc7fa8b9ba2fa6599c84b8246f240370452c50a9c51dfbc1abe8aa4c00
ntm2_0_0794_ML	9	2181	86a95d5fb43365e55b1154df8a76fbfe52e04db90d7b7f7fa452e59aa1720c54
ntm2_0_0795_ML	8	1948	a4e405b6a0f136c24fe57f16f1530dcbbdef0128c76a9204671bcb7bbae7e03c
ntm2_0_0796_ML	4	977	3fedbc32b6d25924007543b0bfce98bdf3371de7122afefbfe1ebca465bb97cc
ntm2_0_0797_ANCESTRAL	22	5692	9307ae5401eb358f59884f77bdac64db1ad781968bbc3d9d08aec95326a16e5a
ntm2_0_0797_ML	22	5223	79af38764da20c65cb830ad31e433294f937f0c0e2232eac2f37cc0dd015bc13
ntm2_0_0798_ML	61	14353	07f18f2845d6539bdb34ae14e2a29645baa312e16fdca710f0c69a600c5a93e3
ntm2_0_0799_ANCESTRAL	80	20551	439d23cd66c5e67030b6acb200d40cf73a4f8febf2e94fbcc7f38b8a257e3a8a
ntm2_0_0799_ML	80	18864	a0529b3e395b8e1c0037154d18fdcfa168fdcd7658c1c9e253249708c2aee9bc
ntm2_0_0800_ANCESTRAL	261	67554	fcfc538b9cff090314b9adaa8684056640b453fbbb70953f46d91bad3bd9e9cc
ntm2_0_0800_ML	262	62312	e5d6a6bee21346650acea28fc71ed75ad5061f56cbbb8a25d45bcdf866fba1e5
ntm2_0_0801_ML	48	11394	ce7b578d184ef03b68b4b13e67dee2394c1d37372ff9c01521984f204a1d753b
ntm2_0_0802_ANCESTRAL	69	17985	851eba5f3d2ec728c8aee38b25a0c05cad35e82a5ea9de9f2c848a273ab7187d
ntm2_0_0802_ML	69	16529	a1b162d1fd050afd325a5cfe857509950058ea279a3c30c77d0aded92fafbd40
ntm2_0_0803_ML	3	754	8486fc4161a975542cbfa8884f6a572b642b10405eb135a69ce0a76850d5f76d
ntm2_0_0804_ML	48	11280	347bcdc2e64517973da57efe401656610d6a046b301f5b5b9dbf043858336f2d
ntm2_0_0805_ML	16	3828	6711eb797c4a805d2e31f475bd1eb40586fe65fcc9453f7b5b9429eb42a57700
ntm2_0_0806_ML	8	1962	714e1e6f735da824944aa0e4acbfda6035b31f098654c1faea8b9d0e07cf6742
ntm2_0_0807_ML	25	5881	a56808c72913852af86f0ee9395f510cc5819867fce32fe996816921a0710219
ntm2_0_0808_ML	51	12166	13e8ccec8173625c4772b46dbbfdfc2798a8690c2e5238a91632f75c85d3e75c
ntm2_0_0809_ML	34	8091	c6b22264946b66b84fe125150c24d662cf9671f90afee1c2a3fe3e540db10994
ntm2_0_0810_ANCESTRAL	10	2622	1a6dfcd04a5e0668da3f8ce3fbccaf28bba6d82de3f7bf748b139d0c1211a867
ntm2_0_0810_ML	10	2405	b56428beea2378a50aa76cfdca733b93c5fb2649b9932962e48209632ccc56e8
ntm2_0_0811_ANCESTRAL	20	5189	0a11851a8480ae06a34c033d77f452465e0792095055ed1d211e615c5bef54c1
ntm2_0_0811_ML	20	4762	78f8ab1dedd747acdca3baca362aa5ffdb0a3f82153328707cc0ea50cdc647bd
ntm2_0_0812_ANCESTRAL	9	2381	af01d97d161d898c89f7150b5e164c4e730dc738b606b25cd77d4b2cfb4adc2e
ntm2_0_0812_ML	9	2185	47dfdfeeaa8528167668bb0ed65f670e947e4befb5419d4b4a11ebd7df6c08bd
ntm2_0_0813_ANCESTRAL	10	2633	d18d9c5c8f16be71bb92b5ab785994c36caaee1c0aa1e4630ebb102c6d9068c3
ntm2_0_0813_ML	10	2416	e62324139ac571174cfdf5ed2c6c44c6043d7f01ed67109a91d4143323c9fb99
ntm2_0_0814_ML	12	2869	96610cb1858e41183bf63694fda3e3a568d0e9c92817caf56e31f558371a9b2e
ntm2_0_0815_ML	17	4056	6ce2953957110e6256067d9a08b3b21be6aa6750e725b426e8a7a3df5bd06d89
ntm2_0_0816_ANCESTRAL	84	21633	e4873b98391b3e3e3a74f74ba0706ed141bc6e7f579ee0694b86498f151b9187
ntm2_0_0816_ML	84	19862	af81b597e7e05f7121d37c314d8a1d62861de80120608db75ddb4bb62e6e02bd
ntm2_0_0817_ANCESTRAL	7	1834	e7b157305728c32744686014d82e5fbffd220825162e0cddbe9e33ab0d07f7f3
ntm2_0_0817_ML	7	1680	a8a171d718893671cc33c5ab1c949eb01f27d9ab1002b2dd161722b3b3a5e842
ntm2_0_0818_ML	30	7151	a44e9ffe758904779853ae65d6676d03cc9ecfac2e6cd740fcbc4fb6279ee310
ntm2_0_0819_ML	75	17801	647e86155a8b088050e6bd446a30347a5bf752ce98eab2c3a2dbd62ae11594d4
ntm2_0_0820_ANCESTRAL	56	14448	130ecf369cd17ade1d97e489e27ea247afc9bbd0afe07fb92d4d4bdb350c9f24
ntm2_0_0820_ML	56	13265	1fc030e5d4b8840bf1fd044e7076d2b56c41c7ccf4d2a862d80b7a5d6448e4f9
ntm2_0_0821_ML	3	758	3ee42f94a5e85cc0f4ada0a29620a1808e42f6c610cbff579ee062a9f143f6c8
ntm2_0_0822_ANCESTRAL	84	21690	d0c9a005f68bf3cd0cbb000db3ef41146799c86f2db449a1a92a6e7372be16ff
ntm2_0_0822_ML	84	19919	85d524f95bd056082022f79b8a95486c38fe7f4f608b53ceaf4385aa5d8635fe
ntm2_0_0823_ANCESTRAL	64	16552	609f6bbf8cb412ae53f4b8da6d037306e7ad32de649954782bc324e78c3337a0
ntm2_0_0823_ML	64	15201	7c9646370dd3bb5cae99878c9abe8f3183da83621b2cc648744fed47a6f76849
ntm2_0_0824_ML	6	1457	dafbb09ae4f79cad1d369d0497752dffb5d012dfba36320efba40a6dfdf5d12e
ntm2_0_0825_ML	29	6984	475fea7fb39e507cba60b97f75f944e5ca706749919bec7fcef4b0109058024f
ntm2_0_0826_ML	3	746	04f9e967b8c64f80bdddcdde7e5149a5c8c240bed2cef6fd8f1bf5f6c831d34a
ntm2_0_0827_ML	52	12395	7391085e93c7f4ee64fab8c5b07865136fea32481789154d7eaa0a41fcaaf8de
ntm2_0_0828_ML	13	3157	40bd0c4ee6e373c58e022ab1920bba8626c3b48b35c878919acc595f278d8417
ntm2_0_0829_ML	5	1222	a2782e5ad5c8470bb150508450c43002b08403f53f4c1e3cc10caaa73bae9f5a
ntm2_0_0830_ANCESTRAL	129	33323	25c2c2811a68adf86cb24b001b2c22da82be09943b884da3f2b1065fd7191a85
ntm2_0_0830_ML	129	30607	f747728f1d38b1ed58217778a2094855687f46b13aeeb21fdbe69b14a03aab64
ntm2_0_0831_ML	49	11499	7f82fc778b0d60bbe2ca86ef889b4d0f75e40d5c8d8d5636a915ec4e801778ea
ntm2_0_0832_ML	27	6491	2b1657edc1d3860da4c8e5432e40f1097131bc93bab8d0b3c533e8dccdb867ec
ntm2_0_0833_ANCESTRAL	81	20833	cf172fe2dfdaab08e313b848d68c5d192ad9576798aede2e978da2fb74640721
ntm2_0_0833_ML	82	19339	93920506001e9f5c2d787f0522965e22f9774443adce348a3e7a8c23035f4ef2
ntm2_0_0834_ANCESTRAL	13	3405	680a26f402fe496aa16859cbda7e1ef15f552b735203b5526a2e49cf14033e24
ntm2_0_0834_ML	13	3125	842601596879643cf7c269db35d990ad692ebc54ca9d884b471a05edfab20464
ntm2_0_0835_ANCESTRAL	3	829	a46eeb45d131f6a84e3a1f05a026f403bfdb7741acae585a026d0397c1396023
ntm2_0_0835_ML	3	759	dd5f5c13d58db0239a75260444b756aae2b10ff4d9de6ed72f1d6dddf979f8bb
ntm2_0_0836_ML	4	995	c6fdea964bce792346e2ee86145d48d5eac8551aefea70d315ba9b6140302858
ntm2_0_0837_ML	4	996	9de17d22201953460e75c7691b4c074eb68453d56fc1d99d947e3a469c6f7054
ntm2_0_0838_ML	11	2657	adff92caf780164379bc0b276840afcb2b9c1ba6e332510c852e399e90f65b12
ntm2_0_0839_ANCESTRAL	24	6251	dc6daf1e1be18db5bc9560bc50431fdfa3c7152ede244cc348bf585da7469d33
ntm2_0_0839_ML	24	5740	d3753227ef9ddb3f817a7c1658dca1d821e2e44b0b94a56b3df096935f7736e4
ntm2_0_0840_ML	10	2403	966774d4b87045c8c2f498017589021e4e7d0201a6d8871743ff44d7a40e7f22
ntm2_0_0841_ANCESTRAL	43	11188	d0310f9fd6b5f7979851cc72a0e858232ed87f2c34d6df7c6980b4662bfe4488
ntm2_0_0841_ML	43	10278	30f3867651de70c5e240aebc6935244d418192b93f6e4e1ffd05b4f2d2e31fbc
ntm2_0_0842_ML	14	3344	03281355547b6aab55b112954de4a671d6fc1dfb1ab09df72df4bd83c5de2f6a
ntm2_0_0843_ML	6	1464	a723958141a719e2874ca2c7b7c89bfdaf307506ce51ec1be81d7425c6411dc6
ntm2_0_0844_ML	7	1690	170a70b848db8573b5d4b17e90ffba4b45376ce3586e2bd0215039ad4a1552c0
ntm2_0_0845_ML	10	2372	e0aaf8b86a866bf485843247b7e36742203a135d27724f536e9bc1f213cabba6
ntm2_0_0846_ML	31	7324	dc0cc1b1acd5802c703e4bfc4436f6e3fa03572fa9e777c1447b007b8798cd22
ntm2_0_0847_ML	18	4306	320954926b1b067e5b057bcd2f334d1268c3fcab5b17dff5a17aadc12d644c95
ntm2_0_0848_ML	6	1466	afed6ef63dba1fe9f30fc2028c86b06abac8f3b805e98d1e667cfe0a114261b6
ntm2_0_0849_ML	6	1444	58e2129ce26045b27f5174e965dea765dddbf18a2b818c2af4399eca3425f122
ntm2_0_0850_ML	12	2873	269ce1fbd4fe4e3a66d9729b87d7e10c4150e2e3c1ba5e13bb8b06e89177fada
ntm2_0_0851_ML	46	10839	ad35015aed2435b5475a7faac4be441ae94fef84c039bffe31a4d33c7979a2dd
ntm2_0_0852_ML	12	2804	db851cd2b16d1c7bb43429735e1e0279a97f9bc3b383275dbacf16cc3052b1f2
ntm2_0_0853_ANCESTRAL	50	12955	4d0826e4e9a2efce3d7d6dc944ba8081c15af3a1502a04a0d1c9dc3cfd571c3c
ntm2_0_0853_ML	50	11898	26dfd3cf62d65fa7f4dd8ca303dc46aba1efbca8ea07a526b3a187bb94cb901c
ntm2_0_0854_ML	23	5453	b0a9d3fceac2c4b5dfddff0daba0e11b67a9177e3a75ef09470861e620bc5578
ntm2_0_0855_ANCESTRAL	31	8064	15c8123730672db712e94256e83e9d1226f69f5d92d90427a1a7fa4bc04ef0c9
ntm2_0_0855_ML	31	7406	c0b17a52ed499a6bfbb344d4c42c398e3a47a5be39429764683c1ebda783ac6b
ntm2_0_0856_ANCESTRAL	25	6439	aa556cca9d2f6456582f27dd43a70f30eff6aade0214b2bd97224722d72e88d7
ntm2_0_0856_ML	25	5908	0a5a29ea93ac6d8f292bc3d0b02c68cca5940c2e2fd0b401dcdbb7c33b3a04cb
ntm2_0_0857_ANCESTRAL	68	17580	20b2b4154e5a90318d45635f419f0a4db97d0a31ab7528a75d25087832a8f1ae
ntm2_0_0857_ML	67	15908	f7331ee5383727ac0b492f6f25ec191c4a1c9583d757e5942498c5e6b7629f46
ntm2_0_0858_ANCESTRAL	93	24012	591555833677a533b0a3b6039fa5ab15ff2c1da9f425594a4af5700cff9b6bcc
ntm2_0_0858_ML	92	21809	4bae5bde4ad0550271b930433d5f82eda6748613fd26a0adeca65cc7af45366c
ntm2_0_0859_ANCESTRAL	69	17734	2c7d2d56f8c87ae14804b962770b9256234bd4439bbbc58cea301cec43e5522f
ntm2_0_0859_ML	69	16278	925c0107be54d1befec906188689d945836743beb0244f2d3dec5d5b4185985a
ntm2_0_0860_ANCESTRAL	21	5420	2619f0e218cfa21552f4ac56577edc8e3b8c9146e7999e54171964514645960d
ntm2_0_0860_ML	21	4972	54afa5345b0f2d74d09a2913aca3ab70060ac0bd05df4be3daed12ff9f209b7f
ntm2_0_0861_ANCESTRAL	31	8077	24f51fa1b3daa9ee8c084389b99ecbd9f412d83b0c3862566907078512eaa0c5
ntm2_0_0861_ML	31	7419	761870d423e6bf1c93544cedae80a015e2abbc58713ee6d38159111be94b8197
ntm2_0_0862_ANCESTRAL	15	3859	11e8b7fd071e06dfd3297c6b1b4c97739cc87048bfa3b67d72d72ef54faff83a
ntm2_0_0862_ML	15	3537	35c72a34c9548601fc7572c4b27d7b85d5254468aa7aaeb67cd7a3f48411f213
ntm2_0_0863_ANCESTRAL	43	11182	2ff5174a40ecd787fca9b7093f96be3de4bca89d0844f65b7ec908fe149a000c
ntm2_0_0863_ML	43	10272	04cd1b1d6a830032ebdc151321c3b1b0f69f73676f9f89afc14f9ae9592c90cc
ntm2_0_0864_ANCESTRAL	29	7444	74a79c8eb3571af290f0858d2fc2d073bd66485d9b7157f22313920511f52b7b
ntm2_0_0864_ML	29	6828	c442e1cb6daee54eec40b5bd7d1a421047204633726a69c1f6a52b5eddb414a2
ntm2_0_0865_ML	9	2131	05da47a08a13d7c63633d6771c6053a58d2cde3762ed5735b1a4b681cb137cfb
ntm2_0_0866_ANCESTRAL	59	15214	7bea0f9713300924011619529fd098e7f60fd7008e96654119d60cd200817255
ntm2_0_0866_ML	59	13968	5431bbdaa52ae1faf29f0a016c19adb7f17a569d83936f2c87b828a3c951250a
ntm2_0_0867_ANCESTRAL	6	1590	3f5d2991c84d5091c4c5964e0aa5e1b1b16520eb2f7a73753c8cd7ff08544b6c
ntm2_0_0867_ML	6	1457	29619b12da689096271ea61b532c3bf11d9b540d524cff188ea9cfe34668c13d
ntm2_0_0868_ML	11	2627	1c5fda2b1e43e6245fe296b1d5e8b776b55fac46b5a4a1e17e64fec44038f645
ntm2_0_0869_ML	4	995	b2551e9b87abe966d3d6472803bf2f5d0095f2a50dc010fda5b818c4221ff74b
ntm2_0_0870_ANCESTRAL	94	24149	f4d1c41a32d1a9c811ad9a4fe546f67fd7e8ec8558c5fbafb5c89697fc92d0f8
ntm2_0_0870_ML	94	22172	8a7123902c6b15c790bf0aa027976cde62d053383355c6d03f50d206dc869f67
ntm2_0_0871_ML	10	2381	19407670be6d31712581c9b322cc7f7d2ca63b70559b17578960e53902e5378b
ntm2_0_0872_ANCESTRAL	36	9338	3a56d149b5cecfb74ca32915c8cad846f1604bc299c90a5d7498ec4881edd6b9
ntm2_0_0872_ML	36	8575	73c29bca89eb4d614b47a7722e695d5779135ebd6035680b305fdb545ba9496f
ntm2_0_0873_ANCESTRAL	20	5235	dc65a3af9336404c05e5980c1ba1ad5e7265ab9b7b0a23291d7bd124d3510017
ntm2_0_0873_ML	20	4808	2711f1bbd269e3f72dd5fdf1c5be43afa99ee779a25a94690f247eba60c6e0ed
ntm2_0_0874_ANCESTRAL	132	33959	3d1d40c7174af486972186fa0048b4254631a35cd19f4e1c97969274067be9a9
ntm2_0_0874_ML	131	30937	97871954b0b9e2e7777a50c9ca267f1ef91bf3d076f4c797169a6fed08a12597
ntm2_0_0875_ML	23	5479	2b764e595278382706d448d046225824862f1271ae9a282237a54f08c44cc717
ntm2_0_0876_ML	32	7618	d2c99b8f3ac8449587da0178209fd675e7619178bc133a65726a14278563cc88
ntm2_0_0877_ML	37	8592	73e554eece355d6d4f36d004ece9154dd0b9bf4f1eb7152104cfe187727cda00
ntm2_0_0878_ML	3	761	06fd91090becf268ab5b2e896c8a36f896bc94f1067270b614c42b384a58cf2b
ntm2_0_0879_ANCESTRAL	34	8801	7568d3f75e265e4e60c8ec5e5499250412eb9c4dae3068c81b9486afad3048ea
ntm2_0_0879_ML	34	8080	e32d512154c194dce5ccd46356b4b0b5ac64094b487d11c72ce8c98193528cd4
ntm2_0_0880_ANCESTRAL	18	4658	9d1ad92e0b4ec832e97b72533973334424f560502950b97a8232ca583c515b36
ntm2_0_0880_ML	18	4273	0c45acab72ece2c9dfff343fe3569fe75b4cc07122602c589b61004fd5585857
ntm2_0_0881_ANCESTRAL	49	12629	682680a621063f62538e6e4e2d321d326ac17e9da544ffb89c8e5c6553fb100a
ntm2_0_0881_ML	50	11830	55b8a1488ac1d31aa7f4d8b585e07d15dd0fdfd8c90c38f60590aaa9f4905aa0
ntm2_0_0882_ANCESTRAL	7	1828	1b49304d6c1425e55f6d37f45cca2cdadc0fbe1276f52b29e97f358d47d24255
ntm2_0_0882_ML	7	1674	6991e8fbfaac336ca14cec541a8215737d1c06bfe1607d8392c49a1a182a21b4
ntm2_0_0883_ML	15	3552	6d54765ea4a2ca1b925d6c1f438f1bd03e4d728c5dec1b79b56f761734cb1da3
ntm2_0_0884_ML	11	2612	1e598cb487f8c50115511bccda31aefa2dace3633ed3d7a3778da14f9bc2c023
ntm2_0_0885_ML	10	2400	e72223120753dba422603b2011ba5959eada3aeaff11bc1da51565682535e85d
ntm2_0_0886_ML	20	4774	6cafe1ff670ba0762cbabe5ea2a3147b37ce5bc982f695d596cbc64e5a972c93
ntm2_0_0887_ML	13	3102	e211f30bac18eeec2a877973f1a0179cb4b9e0758013bd1ea01fca68a72b4c94
ntm2_0_0888_ANCESTRAL	37	9541	d717d4ba96e8f2e54d5695d4b4c07095eb111ec45b22b10d5ef9e2a811ebe709
ntm2_0_0888_ML	37	8757	80c0d559177b64481fd50c00246a838b73ed56ad370697410dcb35d2ca5768b1
ntm2_0_0889_ANCESTRAL	62	16027	a2ed895cc60420a0146929bdb73be47a094b75d961d32d4df8cc8ad26b4b1e64
ntm2_0_0889_ML	62	14718	df984169d4390e0e5740d0d7f0aaa7609da9d6ffe529df354cf97c141244116f
ntm2_0_0890_ML	18	4253	a935948e68246fff812ea0c74674e7c3ade2c0750be8a8e3be88d647090b8189
ntm2_0_0891_ML	24	5689	8c8d8d50ebb314ccb61333fdbdb6d8bbb46c1ee094a453668b960620a58ad936
ntm2_0_0892_ML	8	1917	76d0118e9c89449fdbc4784efdc10b7f647a8cf531fd4c2ba0bb0f14bc1f0a57
ntm2_0_0893_ML	9	2197	35b883fb44531a0833f571da249562cd2c0505a5fb5d9857e1f8d46d058f312a
ntm2_0_0894_ML	13	3124	c3eca477b805a8d4930083465bb1bcae598672aeec0b7a9d7d9f056833ea4b33
ntm2_0_0895_ML	10	2414	b8268767011863c3d6bbe1dcc127ecb848ba780f9eb05cca7d1d97e4c5bf3aaa
ntm2_0_0896_ML	42	10048	f7e70ee8098356afacf7a0f0ebb95265ae3efd2a618c133dba149a0935d1e74e
ntm2_0_0897_ML	45	10763	408d6e6dc8989961381ac2e6d7fdcae2b308e8d951cdd0f00128aa19d75ec1dc
ntm2_0_0898_ML	79	18539	888466ee04179025fbd108ea4913031a694c154b9a3cabc0529fbca1fd8127f7
ntm2_0_0899_ML	65	15363	7d4b0b8a53cf1d6644aab59f942fcc69b77fc0e4215cc1a762323b24042feccc
ntm2_0_0900_ML	56	13102	c5ff5295fbeab96d1eaa65a75b8b22c217e7a878351a7b9338733b646dc3d9d7
ntm2_0_0901_ML	35	8278	7288764d6a8f9da9f9f4169be8adfbdb75a8e48ad0e5a1d9b44fd7c4a182709b
ntm2_0_0902_ML	47	10915	7e47fd7af198d6577154c4763a8e23f6a6c2e98d4b93280dff1e4e3e5d6284dc
ntm2_0_0903_ML	69	16227	d800cfb7076bb60193eb166366c8890bb6acab8ea3e33196334149d376e881cf
ntm2_0_0904_ML	45	10498	62ade2c132087dd3cf0ecbb211bd9e4767ed37ea29df2f8e757097ef40cc4f14
ntm2_0_0905_ML	81	18933	36fbd3ba223fccd4629529d7b76451c6832254f7429e0d303eaf5761fc0b8625
ntm2_0_0906_ML	72	17021	846d88a4df110bb7ee1c64b749522845b07a56710e482e21656427f93e2974ed
ntm2_0_0907_ML	64	14981	c50f3b8e60f31585609af3ef18ab6972927558a954c8982185fea172f14e3af3
ntm2_0_0908_ANCESTRAL	87	22438	79c5075be4a051665ea8672e31426285b8e1eb6f88f846b95a39ea9dabde5b03
ntm2_0_0908_ML	87	20604	64ea04d290aa96cbe381c0d0d7c09aaa29d1e3bb793ade926c4f21bc0b70b8ee
ntm2_0_0909_ANCESTRAL	18	4613	9a589e712831d600656f69450ba39eeb8b20252a77262e0767d3287d5d7d80fe
ntm2_0_0909_ML	18	4228	4978619f22dbb4839f842da7b4c011fc4bc7d7df29fa0d3b28fe779dcfb224e2
ntm2_0_0910_ANCESTRAL	197	50491	ee89165d5e16da2c0cbb870b2ca9d31bdd5c23dc28e4b5354db1c1d1fed90110
ntm2_0_0910_ML	197	46347	b4e45284eea43f45374b4da87d8108200592ff9ecc9e605c589e34b599d4594d
ntm2_0_0911_ANCESTRAL	134	34366	327e66e790638439b283132d0218bea5e63b4a31573c8b5af987c8f079f4ac55
ntm2_0_0911_ML	134	31545	59e2b06ec6ebe95d5aa1d4d75fe3de30ae89fa53d7683b59ecff465b13f4357c
ntm2_0_0912_ANCESTRAL	156	40017	6c34f095b343c72664a7591243070bd73da1668bde90a74fd3cbc7e69b9a07af
ntm2_0_0912_ML	168	39551	0143a3b678a1f0d5ad22527156fdb6415198379d940fe22f8cf35d24e0c7e9de
ntm2_0_0913_ANCESTRAL	66	16732	64f86cc7eb262264a7a8485a6c15116788ae271aa0d6fe8e8b06e7f9101ac88f
ntm2_0_0913_ML	66	15339	737e21ab99ce37b7a2e0a5270defd612e26ce62dab5b61018bfbc9e87499c1df
ntm2_0_0914_ANCESTRAL	36	9359	0ee4e891792ed52df029364608f303e0d5f624c321652d4ac3ebe31dfe40f883
ntm2_0_0914_ML	36	8596	34e42d88a052fff643c5e239c6a1da65b561e02cad33ac787101d5191becf210
ntm2_0_0915_ML	95	22457	254b3693f368b6ad22b7c9249bbfdd42a2c9d32e224be40fb4d9f5108e9c91d1
ntm2_0_0916_ANCESTRAL	1	324	507a58709f2eeae535081525fd73d46688969d7248c4441566b259524d4b4a03
ntm2_0_0916_ML	1	296	251a628ec4a9697f36c4ae8aa2205964ee5e92c7669eac390157715e77a277db
ntm2_0_0917_ANCESTRAL	10	2629	18d8970e46dd4c1733e41929633193eecb8550987de2d976706713420673967c
ntm2_0_0917_ML	10	2412	148aa907fd23eae53dcf9a90dc0d40214f6b31c92a2ccedcbf099cadddcc7d4a
ntm2_0_0918_ANCESTRAL	15	3908	e6dcf42087eaf781fdff29456b30f216930f378216f66a6c969639f2d9344a72
ntm2_0_0918_ML	15	3586	8cb3dfa6d7ad97a3a8566706657ca27f5d803ae30ab593c1dba54cf4648164af
ntm2_0_0919_ML	9	2231	f421b468cef5bdc3c28aef00cc4ed5128a176fa987865f9174c3987163596fbb
ntm2_0_0920_ML	35	8310	c63e662d67a3224fc3cd1bb0e1ec272e3299d0914f92ad4bdb3a5ce2070042fd
ntm2_0_0921_ML	6	1454	ce577ebca9b00db74bc36fbca34085c127e7ae54a0e81beeb2bc926308fbe5bd
ntm2_0_0922_ML	3	763	05f5a2220a13cb23ed3419f7e231248a8d3444e67c8e5343a14ed490e981e5e0
ntm2_0_0923_ML	13	3144	f390cf3d0a0b8bf84b34964094852b54262f218acf8b2d7dd7964b15f2555c4e
ntm2_0_0924_ML	12	2859	dfe1521cd91adb11827e264326bbcd41b9aa8d62293bd1e67d541fcf9c6c6c97
ntm2_0_0925_ML	5	1395	8a1c6d0a67265f7c93f17f95944eb17a59281afd629b3922248f5fce219f3503
ntm2_0_0926_ANCESTRAL	58	14944	99d41ca2df24732aa752e32e53db2f44ae703c46fa43d2f88c06c6e806375b9b
ntm2_0_0926_ML	58	13719	5479061ccd0e6c955546dbd17e1dedb136b58f745abbbb2e7cdbc4e31bd3a968
ntm2_0_0927_ANCESTRAL	73	18872	548ba6f594007f7e460dccfcec1f52ade5853aa134f341a20ef904de92e176ee
ntm2_0_0927_ML	72	17098	fe96c3bec4f7d29d87542bf33e8bd073dfe2fac39c156e0099a4d89ac5d87d10
ntm2_0_0928_ANCESTRAL	54	13972	2d73f1db40eb2d8c0bcd6de5244d1531010fbc74166be3c13e9c3cfc80d41973
ntm2_0_0928_ML	54	12821	100d13873bcab5c128d86459542adff878b7c47f2f780f99525e0adb84e3acf9
ntm2_0_0929_ML	8	1934	d02117dd6da1a1e9677f7789718ef3be440a742c582cc616c0ccf09883e1bed8
ntm2_0_0930_ML	7	1694	4a80334157118b183b88e99789baee1df9a999a890fdab1b65c1c58a24837224
ntm2_0_0931_ML	28	6633	0bc5f74b31129571db073ae7b7539f31168547d31f4264ab470eea99b8177f5b
ntm2_0_0932_ML	21	5045	cc7bb8370194ab08fb3b021b5125d09c7913eb759bed3c579fdeabb81cc2d38c
ntm2_0_0933_ML	10	2393	6141abbf1027655d1aa7478712782eea7695599210e5f716714514803946f116
ntm2_0_0934_ML	15	3550	8bf9e4eecf24da21f61e2c1b75e8a032a9852abc523b39c72ba5e387128c80b4
ntm2_0_0935_ANCESTRAL	17	4407	3bf192962b74871a4971e67b84a189ffad64405e5e712426acdb6cdedc13f4ef
ntm2_0_0935_ML	17	4043	1df80b424b988e582372ee2be4746d042fe53238068556c1e717fa0d842404cb
ntm2_0_0936_ML	31	7338	aaa2d8705cdf45ec4009a72c5d239dbdd825e4a4432ad7211c6b3bd944f46149
ntm2_0_0937_ML	14	3383	a98ec12312f7fb9456dc0cc2b3019fdb4822dc001dd6ec4de233c1ae7da3dd83
ntm2_0_0938_ML	13	3107	2428cfd4ae9f572959b884ac94040d631f22d130174bbf78aa9ba6808c2051f6
ntm2_0_0939_ML	4	983	9f2fd49881da33f2525acf93d4059f3ac42db3c7f5f75a25aafa626f4311de34
ntm2_0_0940_ANCESTRAL	270	69443	fe90263c0e03da5947f535b3d89674889f0d7f6effe547f35fb13472ba484e6b
ntm2_0_0940_ML	269	63528	2d9ae8468190bf16e09e3c1af941ddbffae2c4531128a4fbc4cf7643f32c75b7
ntm2_0_0941_ML	27	6274	8ddcb9ee0efbc7bd0a7673793a076d3c97fccf4c9915456d2c27992fe7d313dd
ntm2_0_0942_ML	35	8083	c9f20279d557d5c6bc65d5b090a491727302a336c67dbdbc446e6dd82d7b9313
ntm2_0_0943_ANCESTRAL	17	4413	7adda68904cbdf248efaa39f2845a18049154e89930c0b2bb7db919ca0ae148a
ntm2_0_0943_ML	17	4049	5f2c80e67e94373669797089cedb096f67aef7dc056bcb450a45e91022916621
ntm2_0_0944_ANCESTRAL	101	26118	587eb75849011a928b426da93d8be6211dfbe4cfe52a2472e06390cb01a38f9c
ntm2_0_0944_ML	101	23990	53f28ba447a318f154f6d4db473e86551cdfd99d098c855130ecebe4df79841d
ntm2_0_0945_ML	16	3806	393b1be5aa65581b0f7c8c23e760f670e50fde74ce46d14035511928f5f772ae
ntm2_0_0946_ML	8	1927	164431c5c0902631fc0f89c7cd0f45c5b5013144c1751c826707aa67546ace63
ntm2_0_0947_ML	4	1002	ad8bb2952c05b49a8bc1b2ac29e1e16a6c849b77ec9c334d3586d6ee3451263d
ntm2_0_0948_ANCESTRAL	175	44680	e180fde599bf9ed90ac021597ac9dcd272968853c77ea784dfaabfeb735a031a
ntm2_0_0948_ML	175	40998	b918dafc1bf35bd4e1c62248f57427d03a1052702b3217d17f3423655af8e05a
ntm2_0_0949_ANCESTRAL	20	5186	e7cb9787df866b1641ccfe57eaef571a3a4a433c83fca8894cdc46be510928cb
ntm2_0_0949_ML	20	4759	a7ba5aa93c3606c32255d6a6080b766e8b1799086533961270e1bac5d2177276
ntm2_0_0950_ML	12	2875	605140be876e675791fdc239cd5d7eb010c6b483aa740a3160b0916c9860e8f7
ntm2_0_0951_ML	8	1942	c3b6d3900c671e628075065b08a70d2e3b0d7210ae3a27ff3388a27fc1631fcd
ntm2_0_0952_ML	91	21363	90450b643b2d39e6d6cd0a5a60ca6f9f48e947a7522410b94b6cf8cb78e8009b
ntm2_0_0953_ANCESTRAL	27	6997	f0c250bd3e978a31032f0a57f7156ed698ab3b3db9035a066122e96edcd2e5c0
ntm2_0_0953_ML	27	6423	b8a51bbc5cd6f99454674986bfb47d19f0d816fd02d2b75e78b046b92eca7c98
ntm2_0_0954_ANCESTRAL	62	16012	0c081389a9776690955fd9c4cb4a38152399a9afd4fb1d8300ac8a7629bc1720
ntm2_0_0954_ML	62	14703	c952b4a2df11c489b964a0c6e12feab8d71df71ece8ab15b4bb74ff897cfc998
ntm2_0_0955_ML	8	1920	236df9709bcdaaff3a137c2b9282397cfe3b5d4b5aa98e47f395059a2b7fbbe5
ntm2_0_0956_ML	8	1910	555b4ba644a3dc7f69e622be1236927a48408a3e720a9d9c4d31e1ee143c8b0d
ntm2_0_0957_ANCESTRAL	37	9589	a4b08ea28bb72e6aaf01374e1ff4384cf6c5e07533ed2d4948395b1eb5177d72
ntm2_0_0957_ML	37	8805	fa172ab74d8ebfd3dac87ae4498b600da2870c9dcb2f70eb4fd0fca9c56a7096
ntm2_0_0958_ANCESTRAL	21	5458	89b9a88918e0a5b1c334f36e31780b0d3a7e69708966357df14c391858db0fc1
ntm2_0_0958_ML	21	5010	5c6ce26f53c6a255be2e66b8c4ed84c20158f4bff44bc7591a417750c24d55ec
ntm2_0_0959_ANCESTRAL	29	7548	0a8aafb282cef7cb2dcc359a24dbb30c512202cc96602f9408ecf5d9d2dbcba0
ntm2_0_0959_ML	29	6932	deedbb32decb1e06f10ae610266da64d16b524474d8164dc07bc3a4a6a5ee199
ntm2_0_0960_ML	17	4112	b1e843fa5bbd5d19bf2ecdf50ac097db1022231acf0f4e21d828407f66b6e35a
ntm2_0_0961_ML	6	1481	124756d8c200c52c8ad635639f6d0005d28c129e67c9ef125862a8cc7cc400a5
ntm2_0_0962_ANCESTRAL	25	6558	33aa3d83447a2cdadefccb757c4adf564b28c1fadbc98124cc45b3de00725a80
ntm2_0_0962_ML	25	6026	4b0bbefcc0a7a31f2efb2366cfe4b7123ab82055b58927e679c79f5d163118d2
ntm2_0_0963_ANCESTRAL	149	38238	6b5424a6720686dea43d8cbc64ce16215d68a0c670e9d64d11bb249306ca50b0
ntm2_0_0963_ML	149	35102	140ec7a2f8b8bb59ca3508da8d3abb22fc889ca0c2608bc1ca6a0eb747daa69c
ntm2_0_0964_ANCESTRAL	134	34353	54ab49f62277ba64b9f0707094a9ddba84c10c033efd3be017b6fbe693bf7de8
ntm2_0_0964_ML	134	31532	6dd3ce2838a521e9ec83fdd5838f1f190e7159686192720cceea57fc9305ee85
ntm2_0_0965_ANCESTRAL	176	45583	e194ef4d9b31dbc9dce475718b622e2c8924fb2553d2d1518528a1224d7fdaad
ntm2_0_0965_ML	176	41878	d938ec2fa8a33c3106440cd6a63a8b7fe54baace4cad7353b0f7dd954c5b8b26
ntm2_0_0966_ANCESTRAL	86	22110	213f8db6f4607ad847bfbd13820836db4aee51ab0b7917b51550bc7923d9550f
ntm2_0_0966_ML	81	19129	123f82584571522e501c42262b8fcb264b69c0206ff59e06a8a4ed701d3f21bb
ntm2_0_0967_ML	40	9301	f165bad425338b38b435be9d1d41a9887d6af0981daa7c781aa85698292c4c15
ntm2_0_0968_ML	25	5896	c6366b768dcaecbde7a50dc9ad00cca12fcbe0f66b47aca49fd96c6739505ef4
ntm2_0_0969_ML	35	8376	d5d7fc11e29feda21fa7e31b5ef2b481a018747d28599ff3232541631d19a14b
ntm2_0_0970_ML	3	741	22e119e29c8134088c08c0054870453a7da04993811fe396c2877e6e23e69fc5
ntm2_0_0971_ANCESTRAL	64	16336	3983e89ae4ec33c107f1ab34c4da62d89bb3e3f4d67cd5ff8cce52c829b3cbdb
ntm2_0_0971_ML	65	15248	cfbd84a9cc3531c3634690ea29ea55d59e04eb6de0eb18452d76d889d5ddc0f1
ntm2_0_0972_ML	49	11521	28caf59b1e40160d65ec094d591b3c04fffe5748e382427d4a1c4befa10a0bb8
ntm2_0_0973_ML	10	2300	61c52ae8166df0e4e06eb8ecee642e50de1dbe12f8cc963828f5cd5a71e6de25
ntm2_0_0974_ML	56	13020	19b1f2f4f8ef383f098a4b70458ff914a9ce7261a1cd9dc1b841f1032ebf4517
ntm2_0_0975_ML	19	4470	80f94f1fee38b8d486ef5083caaadf8f661e78360dc5d8ce7a57f0d57baa593b
ntm2_0_0976_ML	43	10115	7fd24beede79ef007ab68851dee2b41a696749970011bb0b7d28ec43d6890a0f
ntm2_0_0977_ML	17	4103	cf45b9f9550485f909efe492c69bd470387450f5fa3662d27f055866e9214e01
ntm2_0_0978_ML	13	3157	44dab56e1fce641f89d0d278aa287df2ea80ba29a998277dd3048fb81129a132
ntm2_0_0979_ANCESTRAL	17	4392	26e37743f8f175007f10f8dab8781e6e0b51adef64063ab9588e95bd72b831c7
ntm2_0_0979_ML	17	4028	7a24c662d047dc3bf40e35b16e32802a6420852017b8648c07bc75df56a9b432
ntm2_0_0980_ML	14	3460	cc8b58ef05a935afda9cd0b6c3994fc76d86237a0580547a5485c370ffeed78e
ntm2_0_0981_ANCESTRAL	42	10861	3441d592dc0f1dca2ef212f60a085403bba8d01409cdc723ec8393fa38f0fd50
ntm2_0_0981_ML	42	9972	a85406b2b811537610d69d21970ef4266f7bb29aa2c2877a085c269ba0ba9bb0
ntm2_0_0982_ANCESTRAL	44	11413	ccf882cd07e978a6ce235ff4fdb043ba4de20d3811a022416faec4aecbd5211b
ntm2_0_0982_ML	44	10482	81773113625cf61988999d2e7273ea51c6d72196f1bc950636507bfcb761f2a1
ntm2_0_0983_ML	8	1950	102e1db87f76d1082f2c586abdb56bcfaea58706ac16d12765de0881a71d6c05
ntm2_0_0984_ML	28	6654	101958151b0acb9fa09928c58a4eee70e86b993862fce72859cbffc4d72ceae3
ntm2_0_0985_ML	16	3793	ecf3633b030bd2000f6a588179c1f8361204ed95ca2756fcf7f5da9ee242e735
ntm2_0_0986_ML	14	3327	c95ea0c98a614ce68585fe64f2a6a6108929ab2a58c5e2d71dca0574338048a5
ntm2_0_0987_ML	18	4307	1ed92a071f15c2a307924aa061963087e7612fabe85eeb78c541ecc67c5f0c49
ntm2_0_0988_ML	15	3654	da78b365526c1476dc87fca20ec49359536b442b88b4e361da6a417c5353aafd
ntm2_0_0989_ML	12	2854	774d977d9409764b1c2596f154fcd64bba43533e58f6d37509f785bc08c7f048
ntm2_0_0990_ML	11	2634	a8e5cab094be992d0945bb437f2ffffe22a150e6236b65bdb8c96ce0a7c70a3c
ntm2_0_0991_ANCESTRAL	24	6254	24a176f471a168356aa927c1f947402d581fab422bc8c71571d9c9b7c143a0c0
ntm2_0_0991_ML	27	6445	8856fc8dd65ed7863facc3930be5c5ca7fb5367588db0294d706c9a9598a49b5
ntm2_0_0992_ANCESTRAL	115	29713	abf57d7c2e3048b24a5adc251f35443eca206c5b7c9b48beaeee4afb23cbf5da
ntm2_0_0992_ML	115	27291	36ad453179d7990b7ebe693b450fa084b9c36665268ed5fb9b64a8f9962f2d8b
ntm2_0_0993_ML	53	12491	56f3377dcfb0ff405808018b8482210ef0a5d4e97a819bcb7ce5727be6d6e916
ntm2_0_0994_ML	5	1226	7da90d437a8f5ba8932d7dfb87603f8452b98d661ec49158528a38d9810a38a2
ntm2_0_0995_ANCESTRAL	103	26793	bf0e09315692c4697770f281c6083da7aa511b6e135d49e03c5656a7704da25a
ntm2_0_0995_ML	103	24623	11f30af0504fd271422a0b308bdf207d69007568ff48773bf455bbbc633f44da
ntm2_0_0996_ANCESTRAL	24	6229	6b02abd67623f8f4a02e49252d8093b94ca4a2985fae2d4456b957d1925de817
ntm2_0_0996_ML	24	5718	d16353a7f52fe5f04851948299d68e00ee91599ee9711c631cd82e5fc0db9893
ntm2_0_0997_ANCESTRAL	147	38039	a0114d2b6de586b451fb8e6cc61c5f67fcbb80085044d8efccd3c512da4d6f77
ntm2_0_0997_ML	147	34945	996bb2fcaabc118fb0ea42573905c166bf8a4ffe38b05db052e49a29ac7de9d0
ntm2_0_0998_ANCESTRAL	5	1337	05f11e95bfa673b5ece0eaf5131f22c4dd817df4a2bcbfc62a0dcc2e3d731ce5
ntm2_0_0998_ML	5	1225	e0284d727543706c1b71a8ed5812007e7530ebc0a8b0f81d299bddc45939a1af
ntm2_0_0999_ANCESTRAL	12	3161	249f05bfa954fab41f988bfeeea86a4dc8b1377c253911995809d14dd6c4bbbb
ntm2_0_0999_ML	12	2902	38202c80efe473e62b5a261d5bbed42c2ec0a80c680d97d8ff6234661a1f65fd
ntm2_0_1000_ML	12	2863	a8cb3b807b263f510511af23993c9cc939a7eaef0997390764e1412e0b649f5b
ntm2_0_1001_ML	16	3835	b0dd57a7607722398512558deb39f2622a5db7585a7802759481d14e600cbd1c
ntm2_0_1002_ML	14	3326	3320e9523ca7f83b98b4a5124f6460c80ae7a1ac114775f8139bde702db4aa59
ntm2_0_1003_ML	6	1465	db8eb2c90bf43c948478373e9348a1b8a9ec82066eb5c1b0d3d0bf7f18c9185c
ntm2_0_1004_ML	9	2166	2b336fd087bfe62997032c1d02a56b2ff2631a54a4933f44fdd5de0fce75d85c
ntm2_0_1005_ANCESTRAL	38	9824	798c1583cfe2ce97ee5c8e6d9c183357a4f5d35ac8da9bacf2ecfa15bfbf5a4f
ntm2_0_1005_ML	38	9019	75b6975d80c5ee52d5e6d4f1dc6c9683edf21c2b50e96ec79887c2c420738384
ntm2_0_1006_ANCESTRAL	55	14034	9b8fc87dab8a85b8f4ce58cc75b15ce64750cceffc1c392c1f12f5ea4056a85b
ntm2_0_1006_ML	55	12872	ab56dcd520f7dd7dc8a8e1bd5745dbd2f1ec121cc67102b5cb4aec54f0974fcf
ntm2_0_1007_ANCESTRAL	74	18935	a9c62f5abb3ee369f82b38469a23501bc67414bb05cfa29eabd316bffd9e63fe
ntm2_0_1007_ML	74	17374	8c38eba110fd0fd72cffd985801f0090ec215fa21e715e38ad083e9020547e30
ntm2_0_1008_ANCESTRAL	21	5492	6127df65be497d2bfa5255f808bcf4ff4a7a181ae4a737c38482666956de9a58
ntm2_0_1008_ML	21	5044	02b65d9f4cd5a15bc902771db5f75cd9fc532cba58f307ca7ac0de07b1521d04
ntm2_0_1009_ANCESTRAL	20	5193	02a8193759c34dfeb16ccae5ed54ed87228d1edc0bb2ba6f63bc2cb17b20fd52
ntm2_0_1009_ML	20	4766	6646731cdb510fa4913a841aba23659ca616d29af0dcf28622ce6c2c96e8b42d
ntm2_0_1010_ML	11	2674	5d58a7a1fdb29e0ade22de6a3d33968de221bee528ddbac65d07c21651c577a2
ntm2_0_1011_ML	21	4996	6536ca9af1c18d1b7958d7eeaa2f39788f3723d6196e6e74e0c9b9d2e09c9518
ntm2_0_1012_ANCESTRAL	64	16596	2b7650bdd1509c74947353e15709bc34671bda59de406047e8543d2a78ce2385
ntm2_0_1012_ML	64	15245	07dc0d1571e2eac34fccf215ce03d9f45dc43efe41235bc5deb58b56085381d7
ntm2_0_1013_ANCESTRAL	137	35400	1dcae4db13888c1ed622b96a77132a2c0d0fa0d1a32e2da77db6db162a399c3d
ntm2_0_1013_ML	135	32043	961e9b4b11db5d028b9ef7fda4c7c9248b5a036ce7f0ea0f2d6ce8e72ba9ec7c
ntm2_0_1014_ANCESTRAL	62	16059	d2a3929c7e3e1e2d0ed820c5ccc231910e970c1a3dced944f018e65163b12f41
ntm2_0_1014_ML	62	14750	963c43560723da0bf52da3d128c078bc60b191f94875da0dcf9ba27aa61e9a8e
ntm2_0_1015_ML	11	2664	6b8361cdaa76be8a0ad3965c216cd98d60d47264b54faa8b98d97cc83ab43956
ntm2_0_1016_ML	13	3106	ed37fc0b0c784035edae215eb7ff991ef656d2a6218b23f91d9af0ef63d4e4a5
ntm2_0_1017_ANCESTRAL	75	19312	eed16769639ebbb722f5ccb813f31029be7e967ada44fb5182010b1fabd069d8
ntm2_0_1017_ML	75	17730	e972ddf7ce4110a8da87a4facabcbcf99745404a38ee658e536acbd4fd4d86f1
ntm2_0_1018_ANCESTRAL	70	17989	4041c7b0c7344994b48306dc741dd9f31df0864846d60e7bc4a3ee42ee670f07
ntm2_0_1018_ML	63	14850	4d9f047d9d07c1d61ebd88f363fd02df5df44e28f70f55c30d1492c4df4eed35
ntm2_0_1019_ML	26	6050	d8ba53db1be554f14fa15a71ae18b8b6c6babb41a5c33c32077490bf4a5217f4
ntm2_0_1020_ANCESTRAL	15	3878	b319f7f1e7806b583f49ab410a8dbde8ddae3e0d8791d427521218a042126b9b
ntm2_0_1020_ML	15	3556	fa448cf91624d9752d2d56d265ebe7f0f3c3a14bbef7591a91688f82586b5095
ntm2_0_1021_ANCESTRAL	60	15480	18947f8afad4680a23be3cf3ba7010bd9c7d5ff78daba80370809da52fba4cc2
ntm2_0_1021_ML	60	14213	4c2a7a131ccecee2d5ce87242b79560fbd4264205254a2039b691509145c7c14
ntm2_0_1022_ML	10	2400	2fb0e4a76836e8bfb18993cbdae23270544cd6127ffbdbb5973924a483f678f4
ntm2_0_1023_ML	23	5396	2b0aa312693e5554cc047a3b21876348588babe0097801b91ea343cf388dc5f0
ntm2_0_1024_ML	14	3327	cb2d7443abcdab69964a9cf6779927b01c755754419e05df9917bc8f8bcbd4a2
ntm2_0_1025_ANCESTRAL	40	10350	047f440df8acc42fb3e626ac57fb2046b5ee8649004372faa6f0bb4ad4a0c051
ntm2_0_1025_ML	40	9503	07f40a4c7aa63535ad1fde33abd494336efcf503525b0da8d668735456c800d0
ntm2_0_1026_ML	12	2885	d47387e651c75b132b032533fbb7d2816916b8150a65611db85dc64c8f63c705
ntm2_0_1027_ANCESTRAL	18	4675	e147a0bf6a7f235043b6189496d4a0387f16100f739ef4f1bf116e2bba3281bd
ntm2_0_1027_ML	18	4290	a542ead0ecd58e3c024d6d546edf8e0d4e5b88281cef153c7e4f2a8ffb311516
ntm2_0_1028_ANCESTRAL	74	19163	b1e7707ab9950a282b76c3f91e7aba7fcb1e201fccb1ff6f4037cbbc41afddb8
ntm2_0_1028_ML	74	17602	b12d5a94dc35d669e42b740c69865c1bab5b4660154f7445e1b5062fdad1c27c
ntm2_0_1029_ANCESTRAL	112	28802	b19aaa35bed6b8127231fdc8b1e881be20dec65cdfa753d6a853b697a06f5f1e
ntm2_0_1029_ML	112	26443	a440b22c77a3399f96044aeedae2440a2e6941f8d0fef87fabd8b1e74b53849e
ntm2_0_1030_ANCESTRAL	156	40261	249d3c84f976ae02474fadd3bf47436775aad1b9acbcc8a96740171d07d376e1
ntm2_0_1030_ML	156	36978	473d8c22b163a0d8d8cfa1bf266e0f9f258548d6809b75c2693a88d07e5d3709
ntm2_0_1031_ML	24	5589	eaca80265502ae6c2d9e2ebd8b2787dbe245e7e523c9e8158a410855a80d4d55
ntm2_0_1032_ML	26	6070	0b37e0ef24f2e31eb9b4e37511a4909cfebd5dfc964d5ca84af6776e00f288f1
ntm2_0_1033_ML	119	28235	b5a5bade7c1502744c62c7f56f96dcd4c5aa18ba9a22739b1a0c7243c49f39bf
ntm2_0_1034_ML	50	11745	91b429727cfcf685c2776517a1e5e2c473bc760762ed3fe4ef3ec85787bf86a7
ntm2_0_1035_ML	6	1448	96bfb673960b7042fe4920758abe4569c883fbd472dc22442d2d399ec652d132
ntm2_0_1036_ML	5	1284	018f320e5dd7b6596b53893c4ffa020d5090a6a42f75e25d1abca374845a1703
ntm2_0_1037_ML	7	1700	b30aaef89233a0d122c3e1a9f311f82511827e97b9101beb1ea0ee7f0423c0fc
ntm2_0_1038_ANCESTRAL	21	5436	6a7d44cc770e11cf4ee99169c46a15dcd7499139a7b1f631b84587aa0160d2ef
ntm2_0_1038_ML	21	4988	f2b8e58b73cb3d70515d4c0859a90356d80899ba2fa05c3e8af416b8630b8275
ntm2_0_1039_ML	11	2638	8d137cb4a902516a598ecc7075db94cbbdc325a165c7b9a65b4fae6cdf76c53b
ntm2_0_1040_ML	11	2622	4a4c20847fdc5b9644cb39eee121d5b9e054a47e7da37750b04cda0087b9f70b
ntm2_0_1041_ML	3	752	7e4775a2a1ae811eb7e072a7664c3b22289dd59ddf51e2c214beedaee3715f32
ntm2_0_1042_ANCESTRAL	44	11356	bb3d4563cd1637fbc9d825717c8c81d6ac9f97be006c7f2011fc81262b322dc7
ntm2_0_1042_ML	44	10425	fae1271ea05d96931cc42bd49b5933a61603cb613dd77b0f32ac7c8105c2cd7d
ntm2_0_1043_ANCESTRAL	42	10867	d8c09e76cb2fe005a08f5bfa37732926687c5b5ad5918eede45dcfd48cd2df93
ntm2_0_1043_ML	42	9978	5a1f137c28251e9346c76f9703acdf2832c29f27d4b0066bef28ae0c9ba45b67
ntm2_0_1044_ML	11	2635	0ddc30e0c501ccb21420d6e564c7da4dea79c1f3cd0c17fbe34021c52bd77be8
ntm2_0_1045_ML	16	3881	b7b2a52dd306871fa968bd24390ca755a3f1ee7bcdea75b834aa2403847148bd
ntm2_0_1046_ML	39	9198	8a2a5a1d0d6a8108f50bb3441e22aad7fe8e0b4e747f59b1986a5ddc1e488e67
ntm2_0_1047_ML	118	27767	8bd91501077538d428ceb69e97da12118b72f1c0aaf9d209638d2e9beb8744af
ntm2_0_1048_ML	55	13040	4bd19cb3cf6997823714fdff82c9a44f27d24f59ea389de8fd6e834e43e0e636
ntm2_0_1049_ML	58	13680	acd6d3c1ce169a70ef1720fe9fe35c91c60bdc5a913fc6b4a74d2392caae68a3
ntm2_0_1050_ML	32	7609	54dbd623c9d56885a2c09e596e73ddcc87ea6e7c159cfbd742b29f587bdaaaf6
ntm2_0_1051_ANCESTRAL	55	14245	fec064991045efc820a5763e012de941c4297d24c9052a9246fc400f91945c77
ntm2_0_1051_ML	55	13083	bbb601f4eb9a5e130355a31af11414128a3bb48f9963d5ee943b56176ab6424d
ntm2_0_1052_ML	16	3839	2bfdd36eb79399d56db996689277f943d01319fc770c5773ace7b2cb6d2cb3fb
ntm2_0_1053_ML	4	997	d556e344b0f94929731f133c4da3dc2561fbd622f777ded318f279e0368b4c72
ntm2_0_1054_ML	6	1451	1430094012a6259a7b903c1d578658413dbbff44cf488641710723b40173bb50
ntm2_0_1055_ML	7	1704	72fc19c9816e6a08b15b9e9f52d2a311ab0b9cf3b5b7f1261001d74ee1f26bfa
ntm2_0_1056_ML	21	5002	42b7b3d07bf29f8573475aaf04d2e79621a80f6dc2d6626ab546ede837fc8fe9
ntm2_0_1057_ML	12	2842	7f0edff56a1ac593241081259dfc8a9f34bff2f6bc232fbc791f9073235c7617
ntm2_0_1058_ANCESTRAL	27	7036	b3383f723f1094da8e0a82247f843c0ef7f813bc546a05d233987c9463fa02e5
ntm2_0_1058_ML	27	6462	beddfb95e960e00e5c66a773ce379d14dd9d8571d6a2f770649784c439a8321e
ntm2_0_1059_ANCESTRAL	18	4671	fd19ebaa38744ace1f7fa63cdeba1ea0b6274ca96fbd2c1c02dd5c3b1a89f4ad
ntm2_0_1059_ML	18	4286	9c6847109eea102236df83c77fe114ce1a9ef7b7f49c729ba5c77980c52185e9
ntm2_0_1060_ML	7	1690	c3955d2c105f2c5076ce2f219f53ce1c649df886e30b91c66a2c603cb74dac89
ntm2_0_1061_ML	9	2149	468d23e288e6d73ee9ffc1d6e119c37fe3a9d39478fa84f802d8fdda4a878bb8
ntm2_0_1062_ML	23	5426	34598f7793d02a4b044820fc7a3a7a2a22cae03d8d90471998ab2a1529381527
ntm2_0_1063_ML	13	3096	cb9e8387a9b073c22e0ca0e8d08366cb793dc113d1958d64d02d1947d964c7aa
ntm2_0_1064_ML	6	1445	b9892a8c47dabca55533f41dd6ea30ceff163be383e4800f0ffd924f846cf393
ntm2_0_1065_ML	13	3086	e7102e36e242f9d86bbd780247ea44e12bf1949b214f71a2cec1bcc611d51746
ntm2_0_1066_ML	13	3116	bd99ba8092069375b5aa4702a475664df69dda19be3d36b34a3620e366b7ec6a
ntm2_0_1067_ANCESTRAL	39	10092	f75f6af3c04d414ea03d75c5e27ec4a7ff3d68575d3ace86149e6835e3a9ec24
ntm2_0_1067_ML	39	9266	e0ac54b6e1a45e5855e1b7b56707dfa70925331d38337885bef852b6e79612d0
ntm2_0_1068_ML	17	4067	2bfa0a058019f82902e22b5c5ec333b9f9baf7ff95c1b30f7994820159908393
ntm2_0_1069_ANCESTRAL	14	3618	9d4a356cdb3d889ba994a5a9d821fd309f34363de6fd9ccaadb3d41ce644b5f1
ntm2_0_1069_ML	14	3317	b4c9d660cc7014b384d51a659eddb87c3db25b11814cce757d8ccdf8ce557b20
ntm2_0_1070_ANCESTRAL	4	1086	c6a8f0253055b00c7623d31a009a7744deeeaf264cd7dbd275595ae0fe47e078
ntm2_0_1070_ML	4	995	215c945b5f4d5e55ce1b5e320cbc122e5f6c6b1bd31b355f5edcd053cfcab4d9
ntm2_0_1071_ML	13	3132	90a6699c84f9036378768c98432060947076396bc1a52bf14ec40c5751b441d7
ntm2_0_1072_ANCESTRAL	87	22456	5bf1f84906f763e63557d8509fdef467b28e350f402be8a79edf38c9afb8c43b
ntm2_0_1072_ML	87	20622	d163fdae575523600aecc76a109532cecb5e49d792d51beece3b7597ba1af23f
ntm2_0_1073_ANCESTRAL	194	50082	2b6694ee21ef35b53a6ed6690f652b658492af001691028cdb3abd0fd6ad217d
ntm2_0_1073_ML	193	45745	31cd299f96710ed18a25e192da07b95f7ecd1f25d76d8581ac94943bd1718805
ntm2_0_1074_ML	68	16002	d36c3fc0723a4479db1946088babd09b7c6af667e86c9f3b809a549ab7b3d0ff
ntm2_0_1075_ML	70	16505	d313331d8314991ce44646b1c7a52e1c3a97152dc2cb8c89ae0f8bcce1482a45
ntm2_0_1076_ANCESTRAL	91	23392	bc15a28604fe74fa5a677686fc6c6fb078812c5e262bad9ecdaf2718f43a6315
ntm2_0_1076_ML	91	21474	6b636f69a3feeae741e76e6d46b2b99dda893727969c45fc22f92d610511b873
ntm2_0_1077_ML	59	13912	c4d7757edea7462168d533a5ab11c76b5b44e370e3ff0e06e662608eeefd4797
ntm2_0_1078_ML	17	4032	6d249b470f003fbe784b7b3a747f46fe45aba66b3395e8ce2f965efb300625d3
ntm2_0_1079_ANCESTRAL	10	2618	ff4c5599802dd69144a1c54f0f7677b471aa100c9c1bb6b3e1821d5cccd6ff1a
ntm2_0_1079_ML	10	2401	532846f0af29a9dc3390dfec1b132d96ed047dfe3ccfdc8eeb7268bbfc2e4fe8
ntm2_0_1080_ML	5	1226	82bba12a70573e771af0d42d5e9cd3aac823843642f7e5807389e13ba21b0ab5
ntm2_0_1081_ML	11	2645	57edfaf430186d844371db9b796ff3a9777be955fa06792faaf09bc88b65e296
ntm2_0_1082_ML	10	2458	9f7f18b61baec8c8c1fcd9a9e57157147fdb7cb314d392ca40ce06f2a568f06c
ntm2_0_1083_ANCESTRAL	41	10631	f44b952979773755990f4489c9ad2f2c7df8bca25e3d07c99cacf97bb60e887e
ntm2_0_1083_ML	41	9763	efe6ae9e9b00d931030e399f4497f9cd2a62aa05451d12588f5ecfb90fa398df
ntm2_0_1084_ANCESTRAL	31	8064	49775366ecce333bc896f4c3f0cb3ae7abb507d904f1b2875cf621a0be656052
ntm2_0_1084_ML	31	7406	0f174bf6a8ec667d8d54e28bf3df1e3b164f9894727cd8f0f72ba428751dce16
ntm2_0_1085_ML	5	1248	247aedc50d3e93d45ff071e6cc1d3bd9510c46614fe669f4266a1154d76b0958
ntm2_0_1086_ANCESTRAL	26	6774	daf0ebc786e166bf11d0b47aa842d2439008422873e8f0926bc38699a176d5e3
ntm2_0_1086_ML	26	6221	d0d91ac6eb8a37aaf8b9270851c7a2be69acd48d11ef2182bd261263fbed793c
ntm2_0_1087_ML	11	2642	87882ef9e470011e8927fc98e1c45a5b0c5019e838c835da6f14aecbc86ea0d0
ntm2_0_1088_ML	12	2895	20d814d7616f25330e8bdc12d7a3d2e4eb26463dc7d34058490b3bf372697cdd
ntm2_0_1089_ML	16	3832	206956d41a81a1418f7ef5d5560574e360e351a7b32946386fd82e12f9d7df3e
ntm2_0_1090_ANCESTRAL	17	4397	3f1c420dcc4edc2a913aa17b0b08f5ec90c84726c2aaf701d6310ebad3176086
ntm2_0_1090_ML	17	4033	9276d705e3cfc1669861939b784be4c1649e6e5d6e8e115964748b47c55d5fff
ntm2_0_1091_ML	8	1918	71de341dbd7559a8afe3bee4c4685ce524ecada88684d546fd56112c3fef9f7d
ntm2_0_1092_ML	8	1920	c39817459816f39d11fdcdcab06436b02734e7a829776ca6f68449053ced731d
ntm2_0_1093_ML	2	521	014622fd0bc575594a1eaa346cfd7cf7bf8fc47071e20b33b2000ec666bb03cd
ntm2_0_1094_ANCESTRAL	28	7249	a67ee5270f603a4ef82ed62bfa1b8b54d9c8033915ad67b44e53cbffc931d750
ntm2_0_1094_ML	28	6654	51425818d185ed388ad7e574a60f6730e0df55f087720def3c2688bb6c641c1c
ntm2_0_1095_ANCESTRAL	11	2876	42035728e09f45c3da6b5de84b3fb9014e61d82e34a19d54a634501040261941
ntm2_0_1095_ML	11	2638	d523b8c93b79869e1544fef6d7836e778a8b136e9efc702195e3b82b81cd4f88
ntm2_0_1096_ANCESTRAL	28	7265	ff1f25add8a1bf65ac27046a287618427f8ad441fd1193ce451a14f5ac4b9fa0
ntm2_0_1096_ML	28	6666	66db700154880f1e0f5c0c36ab117b75b61a8610e236af4e553cffd70927ad75
ntm2_0_1097_ML	44	10358	c475b8c90e3fee29868a628c7716129fcfb6fc6af72ddce2d0c7e48cd3d05034
ntm2_0_1098_ANCESTRAL	36	9480	297e3c6ddd9d9306ad29bcd1ee69ee3aa37ecb1e49af30243c553adfdd754ab7
ntm2_0_1098_ML	36	8717	b3e6e8c14447df4e8b466bf3dfd3fd8a7bd60498a10475f413dd6a4fe8ccee41
ntm2_0_1099_ANCESTRAL	16	4163	da758e5c0c4c9764a335a9f4abebda357fc723684ba1700949947c0376a025ec
ntm2_0_1099_ML	16	3820	2baf3bd04c94f2396fa1b3975f202792cb51ba6486aef49b51a646e584189c34
ntm2_0_1100_ANCESTRAL	22	5737	09631803a55d3a2b99ae367c39b29790e9551ab89729e361ebb5d5df69e77916
ntm2_0_1100_ML	22	5268	f9c93591234066f62f6cf29787764aa4cfb27d0fa692062b9883ee5d1a62b707
ntm2_0_1101_ANCESTRAL	113	29266	25119215c5f5e4289a9902c0794227ffc61043f2485043614aafe2615696a930
ntm2_0_1101_ML	110	26154	7e442d729a062f25d9eb76c300877deab989cea18a092a982d3fcb6c5d8ffc1f
ntm2_0_1102_ANCESTRAL	215	55465	637460d4040d5f6cfae1222d4988a4861f8a18a65197c87283a2f3b05b4390aa
ntm2_0_1102_ML	215	50943	93cabe213acae24893192496cf6806a0159ebe30c34d70d536fd58b724692ef8
ntm2_0_1103_ANCESTRAL	56	14496	7e961403c6230b48a6bb8f890ee5fa2af2c5b001ebe4d0b3071e3126db8850ac
ntm2_0_1103_ML	56	13313	88e4a3de7128f3fb1f1a4bf2bd88d360691af1f4fe78e284adfdca72fd74a85e
ntm2_0_1104_ANCESTRAL	10	2614	311864359d2766aba6e9e1bb4e37877d02b56c9a5ab8df8afeaa8ce22de3683a
ntm2_0_1104_ML	9	2164	d80c8fed1456d4a30d680245e7a6f1f8638a747dca5b512d3d98dd62e2c3b436
ntm2_0_1105_ANCESTRAL	11	2878	b3aada0732fd0fafcae9d8a67dbc603f6bac46682c567f69fb783548d35ef53b
ntm2_0_1105_ML	11	2640	4ea51523ee7f72f8caa08c764c7737f1d0d59aa4823eb1d6a1e34983977c65c7
ntm2_0_1106_ML	23	5453	c7e89ce23daadff468b3a66808f2d450d15d4e4c94478a69d5ab48b88756afaf
ntm2_0_1107_ANCESTRAL	5	1339	ae75f527d49a1eb9d78fe18474bc9b0f80512ccdef480253fe0a92dfd9b7bd50
ntm2_0_1107_ML	5	1227	4de015760f7dcde5c7d3ceeb8df08113b844d2b4fd3e701df66a7000c3c22b4d
ntm2_0_1108_ML	5	1228	15f17fe7db3516867ca7e935dd9005073a298279fddffb347e7e6bb98e3e0610
ntm2_0_1109_ANCESTRAL	17	4443	d108fe0a6b0072d9dbabcfe2ce848ac711233374b56093204c04731a4f671d6f
ntm2_0_1109_ML	17	4079	2863d3554ac4b8b7fc583abb6efd35769ecb260feefd5c25d91915d7bed0cbc4
ntm2_0_1110_ANCESTRAL	18	4718	6e4e01f6d232d6a0c55b564d3a5cb6e50514fa7d385dcdd2fc3526fa5599aa96
ntm2_0_1110_ML	18	4333	e5bb7be725139f47c421f37afd270ada0aa3db9c25fdab770b012c327f19c5ec
ntm2_0_1111_ML	14	3386	74b680f844a2bd856e98fbbee4524964ae3b8dd50ca37473cbb47880ccb61f05
ntm2_0_1112_ML	13	3107	e65386dceee29dac31205a521203f871b04b201c46cf0e069452ff09709aabcf
ntm2_0_1113_ML	5	1208	2f44bddd0e210f3c729832608e10e97dfb08c776d4b206ff92dc4336a67a3051
ntm2_0_1114_ML	17	4096	3ae4efd31b52aba1c34b56d2d235c131c0c87be2cf98805e5c72a9f1e9f2beb8
ntm2_0_1115_ANCESTRAL	10	2619	edb8c3705854bd7dfe79077eeac21c03021f0c3c86dc80f9e32880bcc33e69da
ntm2_0_1115_ML	10	2402	92a5f74ebb0c9929035fb3c25e65117c370a3ee52b10b94e1ba9a37c48768a55
ntm2_0_1116_ML	2	521	a46dcff2cefd3fdec56bd784d88883e408038dfe322304247cc1d1e9a7f5a38a
ntm2_0_1117_ML	7	1694	03b9e115b7bec08ec659c9b164756e5109ef7f31fde6eb47e89d497a8334924c
ntm2_0_1118_ANCESTRAL	87	22650	8ac01367726394cf4db71fd0ca381f1222c674f1d14b4349231aa57fddc4317a
ntm2_0_1118_ML	86	20576	5f8feb26cd3fc4c771be0423dc03e041f7e8203e393e4613c4486792a34dcdc3
ntm2_0_1119_ANCESTRAL	17	4457	02a72dd9044e37c4f7ab55c65508ff885c98d71785f254dc07530e3b2979ee85
ntm2_0_1119_ML	17	4093	4c4a945bd4e7421c43d13f7e3479bbf13886e8211e54d1155a820fa72707156f
ntm2_0_1120_ANCESTRAL	21	5491	1565a418426fec69bb913afe819243ebac4ec0c6697bd67f3982d5f607d8bf62
ntm2_0_1120_ML	21	5043	0fd79ebd60c57d6b0b7b76ae73480e1afa62b626c542d3c86fff8c20741ec2d2
ntm2_0_1121_ML	10	2413	51b5ce619cedb20ac60f0796497a57778f3cd95357746c85161caef21a05fc83
ntm2_0_1122_ML	11	2708	1e3847fd2e01381c804a9fb5fe0adfd46a752266a2585407897bd2557a80853e
ntm2_0_1123_ML	12	2895	fb3421bb120243f34c58b7cdcae3755b0e31f0b3e262728c9274c1db620a8cc6
ntm2_0_1124_ANCESTRAL	154	39611	884f30063102c6e24cc7845cabf47bff3350182a4ace4bfa69f6ed8f296dd663
ntm2_0_1124_ML	154	36370	db67e7ee598310c87191ddd7d1d48b90f6ce8e98198ae69b6bcb4ab2689b2ae0
ntm2_0_1125_ANCESTRAL	150	38429	6cfd13389c39e656234064845f2df6754d2ac17d18c122602937e0954fe155cd
ntm2_0_1125_ML	150	35272	8297fc335979fad1bef35ef9499ec03e79a9b9ee0ed76e74cc3adb885ac45c6b
ntm2_0_1126_ANCESTRAL	82	20980	6a00115ef71f42c1cbc9f742bbcb6e8067aa491d735382de1729c2eb8bcce6ef
ntm2_0_1126_ML	80	18725	8a8645563b10e436ea625ecf5643ce33fe7e8b04bd61931c05444e33c315e2f8
ntm2_0_1127_ANCESTRAL	12	3147	d099eae1895ea6b588d12851c42d42dd674e5634b0a47019ed1afa61f9a46f5d
ntm2_0_1127_ML	12	2888	6b0ec049f144a90a12b9ce0bc24d8068945b88fdd9e587ee78583fff4a0fcf74
ntm2_0_1128_ANCESTRAL	12	3164	abb65b85260ee2aa9eb0c9a2f1499e69a00d87a45fc6ba1a01a48b101dbd6ab2
ntm2_0_1128_ML	12	2906	07faef182851919c6c45a35271b0b5112541e2ce2b34168b42be7243fbb50e9e
ntm2_0_1129_ML	8	1961	026f0372e66c4050be848f5c8af6ddefe16f9efc3b08e231638ae6fe0c530fc6
ntm2_0_1130_ANCESTRAL	30	7925	1b90710dd9dd4edba3bdcf177d3311f1a7aeb4ccb8d6c870e73adfb6270900f3
ntm2_0_1130_ML	30	7288	5e684a7ef76fef703616ed571e99801e271a49fcf1944ced43d88ad926b9dc9e
ntm2_0_1131_ML	38	9002	a1fb9d5a4a439d9e9065bcea95401404e188097ae53460b74d9ae3e3a0d3899e
ntm2_0_1132_ML	12	2873	339df202bb1db8173249c3ec8f65faeb69bd232bbf6b2d34567cced3f3397ea9
ntm2_0_1133_ANCESTRAL	18	4690	5d8c480127da937ec3e9c17b2e1613a8de3f9763d182ffc963beb5b650d5e935
ntm2_0_1133_ML	18	4305	3982dd88979dbc89eeadecf261887cc942af60dd7c5400164fd38d26afb136da
ntm2_0_1134_ML	8	1919	9d32422f622b08844cb323f199b7fef26c5e39f23864503d3e1a2add7ff2b5b0
ntm2_0_1135_ML	4	982	24c0ec3ec79afaab67cb29a648c3724f780a434efebd02bcf4393c544886f8a6
ntm2_0_1136_ANCESTRAL	34	8783	440119aadb95528d44c45396749d3f02705843c9b394da0943e5b3bcd404a45a
ntm2_0_1136_ML	36	8534	2665d2a422ff6860ec623b411c1febbb62b0e6934debaf1cb47455fd39ad4fa7
ntm2_0_1137_ML	6	1475	7eddbb04762e39b817c84b8cde01d41059555e01eb08d7eeb1a97ef199968708
ntm2_0_1138_ML	24	5801	eb722da7009cc30f222c47b7adee353ad13548c5a4eecf8b7a88b852d250c5ac
ntm2_0_1139_ANCESTRAL	176	45593	18544dee8c4dd0d98c6f537a12d0a6ca5d5e824a1c410a724360f90e36c84c43
ntm2_0_1139_ML	176	41890	6c994738f9272d10b38b757611d7f43979caafbefd688eb9da147fc5392a1952
ntm2_0_1140_ML	22	5224	ffdc6ddefbb3e35b436a3756f94976068f6b92ce354df1e998fd8517388d0aab
ntm2_0_1141_ML	67	15767	282913e93fbc291e412b64e4398eb5f678de421ff6b928a205723817f7c2bb4c
ntm2_0_1142_ANCESTRAL	151	38849	7bf7e95579df84de99486dbf154674999a192f355533b36298d0171e3c3babf9
ntm2_0_1142_ML	151	35670	e6e87571ee69347d5747edc2ff185f3bd15cd722d6f7422bcf23ac94f50afd5c
ntm2_0_1143_ML	37	8677	776ad9911966bc5e7230d6d04d72e195d0bdce6a3202161f9b4d8caae4bceba3
ntm2_0_1144_ML	38	8918	70bf8b7ec5c73fc7187f839f5674d8ccbf6d7fdbafa8e6d609b24de3e849350a
ntm2_0_1145_ANCESTRAL	28	7211	a4f90c99e6af20054043ab23d2547012a9f99b2ab625c857670b90859fbf537c
ntm2_0_1145_ML	28	6615	47f60529226b7326a733fa5dde4f9f2d25530eac7d2bee0d7ba3f2327bc21841
ntm2_0_1146_ML	2	516	f97563c25e860df99c6d59c269d719457d6a617133285d36e423656ac5bee31d
ntm2_0_1147_ML	6	1513	677e22f8d0c241715cfc8a124bbc18311b730e3e19a7733913ba56c85ccc9d9c
ntm2_0_1148_ANCESTRAL	78	19990	59fb8695dc89df5755616c0b8bf3ee9ff3d7bee1001538666bb3f161dc510d6f
ntm2_0_1148_ML	79	18595	f827c5ecec44588291f2acd24651f96a02ebc163ba347b2463cfbc949f4bc9a9
ntm2_0_1149_ANCESTRAL	143	36792	23f1c537324e865672df52d553f68c8459eff7761d135f03f53b2c89437dd8f4
ntm2_0_1149_ML	143	33782	45f239cbe1a0fbdf0dd61588a9bb259f265c0dce4901ae2bfa683e4f471dba93
ntm2_0_1150_ML	49	11530	c3fcfcd887d3bd88abfb616fb0b252d0c45105643382c551a86011f29e4af823
ntm2_0_1151_ANCESTRAL	90	23146	b642c2c9d262b00f0c8c12d490f128ee77d084887d8717f03f346305431dc275
ntm2_0_1151_ML	90	21249	cf2d91e21518363e87eb2fa516d06158c9a5b74c3bfba54cf073d290933ab3b5
ntm2_0_1152_ANCESTRAL	53	13541	cdc156415e9e68c5dbddc31831a5fbca215f97018d4ae4f62e3c8579c9675a97
ntm2_0_1152_ML	53	12440	a6c4bea8fc179d317ddeff8735b643743c838844f3776ea1fdcdd4579d97f669
ntm2_0_1153_ML	2	526	3939437cd2690cd9fc3bc5962831a60c9f6b214581b0c9e72b32eb9f37cb782c
ntm2_0_1154_ML	13	3203	6b062e1b3b6a4dedcc5e4110108eca78661eec703d9968bacb8ac7217216d41d
ntm2_0_1155_ML	23	5315	815fefe26c462a82b976e7a6eb88d662e42f500719f95c7606ef5cc0ae49d859
ntm2_0_1156_ML	49	11712	290868f5c227610082ff1c954aa3d9ab1284f9a5b595aae30216b737f5bb3ecb
ntm2_0_1157_ML	49	11590	5b4565885feb4a129c73e283e5049627b306d389da766276618c63f7c4381f9f
ntm2_0_1158_ANCESTRAL	102	26203	494c790eac4053b85da35e96a55a19204e0c6a7c468bb6f4cf5c8302e39f8720
ntm2_0_1158_ML	102	24035	94122422a933fd39547745471896307092fe77f2e9db08dd6ae42cd184007985
ntm2_0_1159_ANCESTRAL	124	31947	132e11bd33113bdc7422644cd3d96c09a0964e1380d0241c006131701e4cc59b
ntm2_0_1159_ML	124	29331	528cc14f0a24996b5155a50a5648d0c976b878d1035232536240f818cf9e5ffe
ntm2_0_1160_ANCESTRAL	34	8739	0870fd64520ec4d9b9e443f980886ae7e95875cb9b4ad626a388d1bc5c2194ba
ntm2_0_1160_ML	34	8018	d740ef93fa58635ee610ac9b3e1ecfd825e6d3d58f3010c1f3a443796f79581b
ntm2_0_1161_ANCESTRAL	73	18850	2d46d3d82adcf1ad02727390d42660cad1b2bc3f1ad3af3de211503822d3c8af
ntm2_0_1161_ML	73	17310	619053fb0f1d045df2ca920e20f19ed1cd18cf02f7e8250b7dc0236d8ca83e01
ntm2_0_1162_ANCESTRAL	53	13723	1c6ece97d824d903c8175e93614d32c945d1c31142534e6a2d65073714e0e26e
ntm2_0_1162_ML	53	12603	a75ed6d5f808c60aa9e08cfa871a268bce479364622fd512dc7b7364670d0f7c
ntm2_0_1163_ML	11	2642	80d46aa4d614c103232ad59aa10f22043207d45020d38219a89f55bad75c75bf
ntm2_0_1164_ML	15	3635	ed2888fa2f452e2ae3ef97390ceb6d50045447dab99b05efb0aaae314a791141
ntm2_0_1165_ML	11	2664	b0c5dab6a00a5706165f4cfc6616cdaf56981585960a33686444e25652ba0923
ntm2_0_1166_ML	85	20015	fb9a044d0a6553dfbf3c3b4ace8998da2de8841e026f3c2d036893cd1b60cf0f
ntm2_0_1167_ML	98	23100	3ffddf485d81b3a0c982a5a264fc5cb76f9415e9c3b66a4859a5388e1015ec3d
ntm2_0_1168_ML	52	12137	b6e88d46bb3f065dca59cd664bf8ae2b9af2fc906403d8c6fd4492a523b2f38f
ntm2_0_1169_ANCESTRAL	13	3428	2169d2343b3a23dd8dc0d1203e1e673cf647278f313a1ba35cf2a394ba4058ab
ntm2_0_1169_ML	13	3148	03c37359e03951c7efdbfaee352587b75fd04a97f52a7c9753cfb08f72b4038c
ntm2_0_1170_ANCESTRAL	44	11393	210d7003d18ca763ad9ae3f5b334e8653a11540857b60bc7872c449314a9d51c
ntm2_0_1170_ML	45	10699	0ee957298097db570d267496af35b4f0cbd219e409270455963c1c23b588355f
ntm2_0_1171_ML	9	2135	cb33071ba6e4f13757f22b3d4414799801a905cf9808ed6900673556fce0fa6a
ntm2_0_1172_ML	14	3370	3510f9514b41ac37390f3b8d6ee0eef7947e96731378326a2927a80d768dfdf8
ntm2_0_1173_ANCESTRAL	71	18340	3ffa590bdbad569f93efb648e58458a31504ad6b528a77bc4562a15f4612602f
ntm2_0_1173_ML	71	16842	2c9030c25f454d7d98ef86f71cac353a7805796ac79c40c904d21d1e844cf415
ntm2_0_1174_ML	55	12985	dcf69c08bb52140fa277b8a1eb15eea1383d8281abfad71b2480d17ea5f783a5
ntm2_0_1175_ANCESTRAL	9	2369	5eb87ead53a777b1e4dd8fb0b2a54a04ffee62c26d147b3ef57aaa85b7106a57
ntm2_0_1175_ML	9	2173	c26c4b7b104ef8a98e73c869aa692c607b05359b976c059ccf8798688ccac876
ntm2_0_1176_ML	6	1465	3cde26262a36209eb4e9533bd7fa9ad19c10def40d2ea1262531f789159b109f
ntm2_0_1177_ANCESTRAL	34	8770	7e2fa81ee75071f0bbc08d7258d128f1ca4de9bf021b97a4a5ecde37cb67d3c5
ntm2_0_1177_ML	34	8066	76a3619fe91a1d7ebd4c0ccb36d1f048115edca5aa98770e9e19076ddc678fae
ntm2_0_1178_ML	5	1255	2366a9d19be83bdf447141562c6895674399aa9235eed827678258d357c5415d
ntm2_0_1179_ANCESTRAL	107	27866	cc7dad15392a58492ae41c5cc3867e7577a0503d7b792f06c2fddf7aacb2220d
ntm2_0_1179_ML	107	25612	bdcc145a499d8a0e78b8d60d8a71157b9505195b20c3c91ac27c14e198c4048a
ntm2_0_1180_ML	22	5292	575de7c6bcedf1b27e0994be62eb219dbb394999b48c8f3875567451e6451a1d
ntm2_0_1181_ML	51	11931	3c692f6bcebedcc084fad2f35fadc6b6ceb36e1cf799f37fb6e95ac5990b60e6
ntm2_0_1182_ML	65	15462	a5caf0e084ceafc7ddf15a771682ebd74d459264245569865baa222c5dfe303e
ntm2_0_1183_ML	33	7833	78ec2a15998429ab03c6ccdf8ccf397054e0dcaa270ceb1a0833be43454862d3
ntm2_0_1184_ANCESTRAL	15	3909	2acc54ca64d7b4f5a295ac17cd37052cd8a51c5c15752b27926951d1a358062b
ntm2_0_1184_ML	15	3587	aa0ae3f53200320ec0ff9394f7ec0c10fb10a1f57d65b8404aaa6d82a7a86f72
ntm2_0_1185_ANCESTRAL	7	1843	c7a07ee2e174d58876498dfa641332934af934a7cb21456a8222a316ed68951e
ntm2_0_1185_ML	7	1689	dee88388e6cfe415cc9b86aa9ccd3d6d82ab16f82e5bf14f087dc12c87128ee2
ntm2_0_1186_ANCESTRAL	2	573	83e1c5674f4367cc0000a5617e725c720549aae5e8063cd5204b7169484b9bab
ntm2_0_1186_ML	2	524	229217bcd0feca11bdc31030007d104ed373e108c3b8ba63a550c5aba0e105ad
ntm2_0_1187_ML	3	762	6b5e7869810466a81f8bcc5f6e0eeffb1cf04a884c5867d82517563968b1fa77
ntm2_0_1188_ML	5	1235	b77b4771b218b8f824c39593f1391608773e1369032c6e49e4c832dd700ba06f
ntm2_0_1189_ANCESTRAL	77	19820	dcff3adfe223329b92974f9f992ae3499ad226a2aff407fef70d79e26073b8b9
ntm2_0_1189_ML	77	18196	a6482a446442a6ad478f715715667aec389f8cc4f468f92dd1a864a3cc75a0b7
ntm2_0_1190_ML	5	1230	af09f10b982a48c1c057488833d6538436ca90fce5e04313a0be28afc418e5f7
ntm2_0_1191_ML	6	1506	d2d74108c73a1be3ee6790dd1f8d580d10a6aa11f9ce27dc055689f8ddf3c8fb
ntm2_0_1192_ML	10	2443	e7a39d7ca8e5ee633ebfbfe1de34c30656956eaaed2a76c6aba8641a568b07c0
ntm2_0_1193_ML	3	824	c469295cbca0b00f85cd2f663628260d08bbd4411d5a3f7293dbdca4688e4a94
ntm2_0_1194_ANCESTRAL	5	1345	462ee75f3ea14a8539943826fac6fb91bb2eecb9883f947f6744d2652ba7fb36
ntm2_0_1194_ML	5	1233	a8e2ea81aed734fb3d5ed100be6d57005cc9fd7d241e29665ef51fb68c67bf1b
ntm2_0_1195_ML	12	2867	e9a38d112396153d7a8255a69554cb94206f3f6cd7bed6832d4b0386c0b5e15f
ntm2_0_1196_ML	8	1922	f8d75233a8c1b25f49b8ef9dc2edc3beb14b44221b38901ba5c4269e918705f9
ntm2_0_1197_ML	6	1449	7a9c8d37ffff7cd7f357256dbc37e18dc13728bdf39a446d9b746a7b2ed8b2c8
ntm2_0_1198_ML	7	1687	2839b7d5177c5a008d30838fd4b830ae1172d89fa722404f4fbcf54a6f57ccb9
ntm2_0_1199_ML	47	10946	bf789c662a281fa5eff4013816233a42f726040cd6f71e7a20ebde4e2e2cde39
ntm2_0_1200_ML	32	7336	7cb7dd8b10e92cb50dcf8c28341c338d180398b3d1df327dbe1da29ac1edfba2
ntm2_0_1201_ML	56	13143	fbc2f2ed4d2a9ae54154cf5862599eb3aaa2a99c670751ecd845edc479884c55
ntm2_0_1202_ANCESTRAL	300	77003	302e92ceee24675cb08c5776f1820642d873f1d711b58aa9a003e93c6d03238f
ntm2_0_1202_ML	300	70693	3d5e2d7dacb06dc779965a3ac4084afd8b48de0e511e85720f634770a41da878
ntm2_0_1203_ANCESTRAL	127	32589	4fb5468f08cb94a21a9e2201fa4372f766d90dc8fa9b2e66e601e2d00cc299c5
ntm2_0_1203_ML	125	29435	7e321355e54047ac0a9dbbc4e03412fb111d08b13620fe5c7fd319b5bbea693b
ntm2_0_1204_ANCESTRAL	58	14760	0b734d85825c451ac8369d8d44265396ed8363324a867730554907c40c1a3559
ntm2_0_1204_ML	58	13540	f0d9b0dea9dce41f5d30efc8f69bb6cb8169c031846d71674f4110c8d71e8d6d
ntm2_0_1205_ANCESTRAL	73	18583	cf4e1fe45062a6cf8e3b17c6ab6772dea442df35fb0c7ee75d133407530c302c
ntm2_0_1205_ML	73	17063	2b47720087adf6759f0692984c902c1eb2deac21e4dd1038f17ad99255b632ba
ntm2_0_1206_ANCESTRAL	257	65980	b5427329a5660e66b1c8f569afe9025b90c4b57349d14591607ad5089e3d4b88
ntm2_0_1206_ML	259	61034	4cf3991d343365de1e0e1e0931b1c71573efcb4d7d9daa8edeb5f7051912eb28
ntm2_0_1207_ANCESTRAL	125	32008	2491d993ee4cd6dae03c768bb61655a97d42bcd8a9b1ef8021c8aa461bf4890e
ntm2_0_1207_ML	124	29151	f364dc9645ab3150f48ca50ed08100ed856bc73e4af5b7a89cd387da1ee63e60
ntm2_0_1208_ANCESTRAL	159	40909	ab0337139d2ca41b91301776c2e798e0ce5e5e5ea0504315a841aa6e28d5d9be
ntm2_0_1208_ML	159	37563	f689d1e8f240bc40f67fc44c6ba1277024a57576c8360ea6c8475ffc59747058
ntm2_0_1209_ML	6	1396	ca58d448cfcd6b3c6bf6c9065335e50f8e330e58b0b704443443be7899214b97
ntm2_0_1210_ANCESTRAL	239	61644	cbcbf3888d618e8d9a6f3f03ce105b9869f4ed78551260f6bca1a28907528ae1
ntm2_0_1210_ML	239	56599	dca0c88167732b5c6df7912f03d3ab020ed35d27b2496bb1575365805d1a074d
ntm2_0_1211_ANCESTRAL	39	10195	d8538caed0f569cbf7e8ed321e135dedf6503c1162769d652af29356b1faf75d
ntm2_0_1211_ML	39	9369	ec97327580ebb02aedc928666d622efc134762aa7c98f19f53db7445d77a2d57
ntm2_0_1212_ANCESTRAL	37	9545	64b69fa3225d23f3f966823012f36a8cc2a1ba07c436b8918a97ae2732145d84
ntm2_0_1212_ML	37	8761	218848d9068cfc6c51c9781ea904db666508da2bed7e1a3c3501ca8c0d550a91
ntm2_0_1213_ANCESTRAL	191	49200	4d18dc8db3df8fd00afb76f51ec91365c2c43e5777ebf41e1eca6c20dcb082af
ntm2_0_1213_ML	191	45182	7d82be3251a82dae9d322d56d573d4832a702a0abaf8d3a7557b0339f0fb6306
ntm2_0_1214_ANCESTRAL	82	21016	c1cba0e56cd82444718e202054bdc451db07c28e9bff5dae7afc794136fdf1fe
ntm2_0_1214_ML	80	18812	117d72145a59b6c0dfc9038dc2f35facebcc72eea06756e976d6b8c31754d1c3
ntm2_0_1215_ML	52	12272	f350cfab2374634b327b419ca960ea5378eb4f8f535da5abac60de92ddd10bda
ntm2_0_1216_ML	52	12261	0516621a6062bf6b0c6cf981cadb679be7f6242f1ecc9ebafc6175a8e58ab5e2
ntm2_0_1217_ML	52	12255	4950e9054142cb2931daebd0a99c67ab961f5460f3e767cd35b8a7bb2b29e251
ntm2_0_1218_ANCESTRAL	143	36965	ffe49111b10412de2ebf4815c13c6d6d62ba181b4c221cebd880341388bc99ac
ntm2_0_1218_ML	143	33967	dfb261c7765b66f37d0a99f165ae78430d39412898dd8b89e77b95407ec4746c
ntm2_0_1219_ML	9	2168	19144c972de307817c57d2d719796a01b1cad326ba121152a675844c1cb7a4fa
ntm2_0_1220_ANCESTRAL	67	17341	9a2d2abe1fbb509f6c89469fae9e073279d463013f62b565f392a792deecb056
ntm2_0_1220_ML	66	15689	17cb887add7927b5104477398e13dec24341a2f3b54aa711a81252584cd85634
ntm2_0_1221_ANCESTRAL	29	7492	ea9af1ccda6ea53e61dd39f2d8b4548bbf1189ee1b57a25587dde1a03e4076fd
ntm2_0_1221_ML	29	6876	88b5c403012f0f543a2e26883583034bcc80ef56d91458e64a0bed47058507c3
ntm2_0_1222_ANCESTRAL	172	44559	8430d1e720dc08998d9d35d1be7ef73b104d415e1000ef32aed3a78b8be48360
ntm2_0_1222_ML	172	40928	c705fe02866380a730a99d44b8ad5be2a423428077cabba1d1b3d05af531497b
ntm2_0_1223_ANCESTRAL	31	7958	cca7a2f931b8e2c2c7a47ef4a45d4092f9cd56566323399bebb3d1513058bbc0
ntm2_0_1223_ML	34	7985	0219905c1b429dc92957ce77d0aa9ed15e3327030a65a7b502050ff88888f073
ntm2_0_1224_ANCESTRAL	30	7703	3421378e967453966c3411b3a206f1fc0b2124be656121c4ca0fcbddd332c0cd
ntm2_0_1224_ML	30	7066	90c43c0b6addba9f8a74dd9f7b32fc8a06e65294283e67a64186b10cbfe55adb
ntm2_0_1225_ML	14	3250	fa37ae082fe9fc9e9ee72119acd45077bc974e615d2c8c17485e9dc6f6f1f070
ntm2_0_1226_ANCESTRAL	142	36511	7980f980ad95805d1db6c53f25be2cc24e3f77a7aa4581adc26732aeea614446
ntm2_0_1226_ML	142	33504	84871a0c94b844ae33f3e1cebdcbc1e038ddc255b932c3e333277f136b6b02a4
ntm2_0_1227_ANCESTRAL	16	4129	aba370220c82bc45ed23b01596a4fbb33b53ec840d619d233abe2707d42b29ee
ntm2_0_1227_ML	16	3786	87c62a241eb373a3ed90d6697a7e047039e4c1369e8a01f36f992a04030707e7
ntm2_0_1228_ANCESTRAL	121	31128	af2a8d50008c545cc2dae887233228f65a271c1c6d7bf4cf807d17d6e5fef890
ntm2_0_1228_ML	121	28599	b74b5fc429b44ae70de47af23b4ae5bcfcda8cec4571bc7a8d09402b995c45f4
ntm2_0_1229_ANCESTRAL	157	40429	8b15db520e2609ae7c15afbec108371c6f4eb095c1a873791f304b739fd38e12
ntm2_0_1229_ML	158	37360	13323463fb1050b5bf9763db62db47c2b9ee0f3290e43f297e492de3c06845a1
ntm2_0_1230_ML	45	10604	7515bdc203b1c5da56ba47447e26d77e251a6a6a42c409881d12c31303f68afe
ntm2_0_1231_ANCESTRAL	39	10044	b3a5c160a2f2dd0c9dc071afbc135edb77d89cf79bf2160b0567f6ff6fce23c0
ntm2_0_1231_ML	39	9218	54b4c9543570ebd8208f253dd14d9fb23ecc74525f952b9d486ad0e035b7fbc6
ntm2_0_1232_ANCESTRAL	40	10244	320e0be28ef4e87a8f00632f43b21dccb003ee7d3bc559e90a6992fb99a26850
ntm2_0_1232_ML	40	9397	65c299d19121751dfc76e469267c8f401af2e4cab8843e8e4c2e25ffe31ee4e1
ntm2_0_1233_ML	30	6982	be8acb958078a5b58cb2a41d23ef247f9b7f2fa7a33b4b9547ae544f5ff33e4e
ntm2_0_1234_ANCESTRAL	89	22636	49b43b36bea79cada86d460b7f8522219c7a1d5dc52d7392701efdfb86d2890a
ntm2_0_1234_ML	89	20760	f0578707c54ce901f0ed27374ca087106c061e684f8508852daeef2d101718e4
ntm2_0_1235_ANCESTRAL	67	17186	918d1271d52320d8de26cd26a9600883e6017d0922c07eaabad022b61b6eb0cd
ntm2_0_1235_ML	67	15772	c3b20d39d2c8ab2b9f2d8a89efe975e95e60403d2953eced9ed54023969aa3be
ntm2_0_1236_ANCESTRAL	64	16372	57c3ef5f196894657b9c37522600fe9fe1b56e67047ac7a2dbbaf39a4d043862
ntm2_0_1236_ML	64	15021	17d2684f337b94cac101861810bd7bb0c599713612c75e17269c7f556716b675
ntm2_0_1237_ANCESTRAL	33	8488	dd8fafdd39751d2b4079a45e497d9a1afd11c10393ec4e6d893dadabdc84000e
ntm2_0_1237_ML	33	7788	32058563d87dffe7ec39c89ccdd29c1f1b87466bcdb7587bae9539dde8009dc5
ntm2_0_1238_ANCESTRAL	15	3899	e3d1ce0444e8160446afc7264379ea06204c9ee9779eece6dc557f7b3d89171c
ntm2_0_1238_ML	15	3577	a93469f94d7c9a1e7b7e1890b75367dbe4d920db9ba84264935c46ee7d1d27a5
ntm2_0_1239_ANCESTRAL	81	20796	64f5ea1f3ce51f9948c0c6c9ecace6b1a3e17d958854085e5328f1462db516d5
ntm2_0_1239_ML	81	19103	331ca1e84d848f4afde233d02046edfe2516794de53aa1115857d96dd2897fa8
ntm2_0_1240_ANCESTRAL	399	103294	ab00ef6514ea8baa4d41cefc66f5f26e12185d7d2eebe113a1698c44111e57e9
ntm2_0_1240_ML	399	94922	875042cc8912fca4f00f5f5cf3c5c7b33bfa9167bdd43996277ce571cd7674fd
ntm2_0_1241_ANCESTRAL	29	7494	401a2b9299188c5c949209912be9f8c6eb596e04b34fe9444e05c274b0c28f91
ntm2_0_1241_ML	29	6868	68f7825cd3ec9ea601bd20a2b2f64a0d1787bcb724e1419e4267b57182003547
ntm2_0_1242_ANCESTRAL	31	8041	23454cc569746248ae2c9d6d44bfadb0b4054b05a5e3f595157f0c59e2961908
ntm2_0_1242_ML	31	7383	8753b9c8c19ec4bf21fcb66fe75129731d34f7e99ce53ed110cdc9b9b30d2af2
ntm2_0_1243_ANCESTRAL	103	26630	06415e536a1bd13a661b2e5f04dfdfff37afbdcde45375d366bd6942faba14e3
ntm2_0_1243_ML	103	24457	c0c35b90a7310f13021a48e41f49699f5b4cae602aa3b6ebe1f7ba55f33c8783
ntm2_0_1244_ANCESTRAL	125	32197	fe1b04a5ebea59e46c4352321e81dbaace50fcd6f36f72e910cf950d19f54a4a
ntm2_0_1244_ML	126	29799	e5434ed43e1c4dc69344bc863f1a8b2dbce7fe29196d7e5c6cb124396647ee89
ntm2_0_1245_ANCESTRAL	27	7010	0bcec366e81e7f9ec036d4cda5b6489417cbbce57229ecc8fedbce2731502bd0
ntm2_0_1245_ML	27	6436	22cd24d51f0a0717dacd4018a987e606d6d16bdfc8f1876b7f8721b2dbc9a136
ntm2_0_1246_ANCESTRAL	17	4462	f93c04f818b991f78952c111d27e0a02dd9d620735501d35ad80eccf6c85a53e
ntm2_0_1246_ML	17	4098	a8e1128047988f4744da053da7d4ea6b97e76d4019e70442a3562da563adcaf6
ntm2_0_1247_ANCESTRAL	113	28954	78eae2a5befea11354797146fb9aae2ddc01669232e8841c1ac96144cce7dcd3
ntm2_0_1247_ML	113	26623	256b033b5867cf1aab9c0244ff22086990d401bd284c6cd7c5e09c32410a755f
ntm2_0_1248_ANCESTRAL	65	16863	5ae50cfd1bc69c8a698e53923017fb73839be351a8084c19f16850f72857f37c
ntm2_0_1248_ML	65	15531	22e7803d4c4bea3ff7f5c29b8bb2a835f877c51df43065afc79c082dff6307c9
ntm2_0_1249_ML	26	6229	95ba0678272394a7b23840741e7fb71a06c7f2ae5b488ca1dd73bec4eede1914
ntm2_0_1250_ANCESTRAL	159	40602	d673b8454bb502c5450aa8fa326f6641c79c5b52df2680397031ea770017b22f
ntm2_0_1250_ML	159	37256	433bc9b4aaa1c440bfb62a9626a9cf38dfef323d50146133343209c6a8cd0647
ntm2_0_1251_ANCESTRAL	49	12701	6924f95dbf23d06f3723e1da68f2ff1999d1bbad7b1edd9aee2c6dbb896b7457
ntm2_0_1251_ML	50	11913	048e4a1c7d5191d74602d896b7d8338669b5070c34fd82393ae9f61961a4ddb3
ntm2_0_1252_ANCESTRAL	60	15399	c5f7bf064a6133dc06a7669e0987ad3a392105de83909736964c3d289cb441cd
ntm2_0_1252_ML	60	14132	09eddf6f8dec9eba08cfb4e7ab13269583604534484be834c777b6e003465fbf
ntm2_0_1253_ML	43	10078	4372c7c1982d7184d91cdd16715704c488961942fd71487babd156aa6f620c1b
ntm2_0_1254_ANCESTRAL	169	43577	61c0480b6fca0e052c064157aed2f3506fcd8856b24e1c201c5692d64a93ec12
ntm2_0_1254_ML	168	39803	7230dd24f7ae5d5dab8607d052c79eeba610d0d99075a2e159541818b570107f
ntm2_0_1255_ML	32	7497	f2b2054eb1c96f3ed8a0b51dd87ba4cae21f90887a7f99958aec611920b006e2
ntm2_0_1256_ML	20	4674	fb0c9919e9c8c8f8c0275dc831662a410c2b19383f2f8879b54367c3dedcfe5d
ntm2_0_1257_ML	5	1199	483ffea8eabc8f157451c7a5d861466811c963f62bbee6fded03f5a8bd166b36
ntm2_0_1258_ANCESTRAL	52	13502	d2f3b6e588b01175ba9842a25bc872e98b666ea8e33ad35272e9b3c4fe32b3f2
ntm2_0_1258_ML	52	12403	b8313e4918db54e274616cea0c07232ffba544d7540a1adbca4f0e264286e171
ntm2_0_1259_ML	8	1931	a41be0793e3b3075d5cfd378c3f07e4194a44ef52dde51addb5c861efb79ab5b
ntm2_0_1260_ML	13	2975	eda737303fcd598eac17040b0cbdf30935def18e2264e2bf7bf92541a00e2ef0
ntm2_0_1261_ANCESTRAL	63	16187	b42e460aa8c4367b834d59326c361a704e10306f839decbc5f8192458caa4f9a
ntm2_0_1261_ML	63	14857	2d703b33577115dee468c2419a1ba7798702bb40ca66b0b3b00824d4f4fc028f
ntm2_0_1262_ML	22	5172	93f08ecff52f9160f9b9d5e03b0d69249f59b665970d3992c03102e5201b8b00
ntm2_0_1263_ML	34	7884	df02c9a20222d25f6c8e6d472d1414d4286db613b5247f5d560962196b6b683a
ntm2_0_1264_ML	22	5305	101b7c099c7e5215801f9354aacc32d9e1c775f2358b62040c3d75e3bca51c83
ntm2_0_1265_ANCESTRAL	63	16246	7c491b59b862b43e264f846e2b2754ae448120f965d3b05e031d9016347d72f1
ntm2_0_1265_ML	63	14916	a44a8def5f6f1bc76f8dd5f90878d4adb9ccf03bdbe28cc090fa6df1338786ae
ntm2_0_1266_ANCESTRAL	54	13995	255094c1306a53785f035f05d2c6e952fba326608e0df65303f9243e0ccf6a8e
ntm2_0_1266_ML	54	12854	2a130635ff600557c827bc78c0beeba1212247b1ed72cd3dbbebb3ab7e30b9eb
ntm2_0_1267_ANCESTRAL	42	10844	8b560afd3db85620754daf88b90e30815281208d7d48a8c399b449eee8361567
ntm2_0_1267_ML	42	9955	4bb24fec8711876c56fd52ed23f09fea4113f11de1e871fcd1e9396316efb54c
ntm2_0_1268_ANCESTRAL	277	70618	17083aec415a5e47501865b39e248249ae43454c78013c81b6c0dc454fb0dbc5
ntm2_0_1268_ML	277	64792	e0097892b658f82677ac617de312c651b083c317088a316eaa711503e28db2e3
ntm2_0_1269_ANCESTRAL	134	34549	626c74ad9fc07c9e9013a1528695acf1d253d91d5d89d8484773ea0cbb85275b
ntm2_0_1269_ML	134	31728	5de73f0efbc79cd38d69c1ef301fd310e20fb89b7005f6e2384a23376fbff461
ntm2_0_1270_ANCESTRAL	5	1328	1db938259ea9a06a72c865d5b67dcf0ee68852ec395a5efda04e1fce70e61718
ntm2_0_1270_ML	5	1216	228e45d275d46000ab0c111db97e283c2bb8db5769b7cf87c6af58ae1ea241b3
ntm2_0_1271_ANCESTRAL	72	18449	21a5c7d4808b4aefcfd15886bce27ec80c3dbe6b331990f461b82ce6d6e2d5bf
ntm2_0_1271_ML	72	16927	89a128c51828db228797d5d5611677772c83bf68d3070fca56e63244c46b77ac
ntm2_0_1272_ANCESTRAL	53	13651	bd49c362168bca2673c3dac52ace12e07d8c524e44e48bb221fdf3d2c9407fe9
ntm2_0_1272_ML	53	12533	d059cc5c8a410366f9218fa7d6407235549a77d483d378e6698c71959df6ad1d
ntm2_0_1273_ML	20	4654	6a8106ac310206b8bb39d0303f28340c0c7b17bd24edd0f285f18c8688e8ca22
ntm2_0_1274_ANCESTRAL	102	26371	d8fca474ad254c4555f0e382e2aa1c57a012d4ba1060638bc2deef65b43c9887
ntm2_0_1274_ML	102	24243	f15b31a32881b50d5f6a01ffbb9c3114e683da14d2ab8311298e1e15afb52240
ntm2_0_1275_ANCESTRAL	58	14929	7dea41222e023f1e8cf3c6df1a38c8afa0d3c50bf7d7662e65f63073310177af
ntm2_0_1275_ML	58	13708	1e39202c97dc42ff5ed42eaf0e10e37d6e19f488eeac022560c234e317ea4a32
ntm2_0_1276_ANCESTRAL	22	5652	cfff7b448ca677ede7d2be76179a3833c4755ae1a163072922f3863f1607a7d4
ntm2_0_1276_ML	22	5191	9c074807bcd20182bbe8bebe12abd45137a35744f1594657389e3fc35735b5e9
ntm2_0_1277_ANCESTRAL	106	27124	50adacabf70585d364ee39a8cf3e687b0bf0763c85059cdda7d7363ec4018347
ntm2_0_1277_ML	107	25126	2ea04e8ce72e466840c84b5c368156f000d91740bf08f4d4b6c39f7877f1ee48
ntm2_0_1278_ANCESTRAL	141	36107	6283972464d3fbe71eead9fee9a3857bc13ededb3b6944a4b6d508a09a2dffad
ntm2_0_1278_ML	142	33357	0054857ab3692a0497f18baa2362d4f72335d0a8e5b57701c46190c27a5a97c1
ntm2_0_1279_ML	21	4990	d03294e6c78f11a6d8397b8ccf4e08bb0093b4b249c15df317cb9addc325e524
ntm2_0_1280_ANCESTRAL	9	2364	7092fb0079d7cde5a8435e7587d302cda5b6f96ca94d1ecad452126ca310f56d
ntm2_0_1280_ML	9	2168	d6abef181f9a46715a1ff2a13b32224e7c35b42929164fd2b541f482510ca0fe
ntm2_0_1281_ANCESTRAL	19	4934	073f6fccaa50e308b86958aa3ecc48d5ee29527d711848928e7b5b6520b60999
ntm2_0_1281_ML	19	4528	4e36beef0d7f2ca9b0a92964ab3a6436274311bb83f466616e75d1cfb41b01e3
ntm2_0_1282_ANCESTRAL	121	30974	a44e882207fac12874f9229ff56adec9646fd8f3934f20deb03be2e23089c15c
ntm2_0_1282_ML	121	28426	694ec49f6382bc97fb29e09b3357761c4342bb5804f091e179fd8dc59c1daa4d
ntm2_0_1283_ANCESTRAL	18	4695	b57b973bc24a18af42fc91a3a66d68f1c8d6f4f1acc82d2ebecf8462b4cb26d8
ntm2_0_1283_ML	18	4310	870b27a043694ced8770db92fe01d3be038d4578f29b63099f1b94c3839db537
ntm2_0_1284_ML	7	1843	92cddc9ab6ee387fbd74a8bd2c76e0d319d8b7388ed585397c0891667b370ea4
ntm2_0_1285_ML	8	2074	6ec023f48b4e057fceaa448d56641003d74fd24cca969d7ceab256e840476ee3
ntm2_0_1286_ANCESTRAL	12	3111	a1891cb87e22b01905dce85e25152eda6a935a4f3b1a2fa112ec7aac1540f4d3
ntm2_0_1286_ML	12	2852	d86c278fdb370e5087605453c22d9db8edeac86ede70c85a91bbe34d4732da27
ntm2_0_1287_ANCESTRAL	18	4841	608af9f4801af52515a46f8837a3245ee0c9b354a516c1dcf09902569ae513c6
ntm2_0_1287_ML	18	4456	7d2bb680f1f11fd6b5fcdba50b868b04966aafa234ce8ad4bda26d742ccf0fd0
ntm2_0_1288_ANCESTRAL	25	6496	a433c2902f2cab65f7abcd3ad28d9acb364b2d41b7f58a8d9ee0a359ea4bdfb0
ntm2_0_1288_ML	25	5964	94ba8f71e52c2b5f15b48abc7b516c79bfb36503d6c359bc0b42a20a500b6575
ntm2_0_1289_ANCESTRAL	66	16934	b238c669e2f809a79209e7ed59af05c16d8aa98821a21753be5f1a10783ffe4c
ntm2_0_1289_ML	66	15539	88c08597f8146e55d402aab804e5cb4adce221deade97a22805175e59a7f0991
ntm2_0_1290_ANCESTRAL	86	22103	def03de7cc7d76676449bf18362947db997d5e4bc776be9bd4c0adfa06ef7245
ntm2_0_1290_ML	86	20286	19e22c0889711bc0435c727a632db887c23e48d61f4d6a84732d6ed1d44003e6
ntm2_0_1291_ANCESTRAL	94	24200	b8fd45e61e5d42a3ca3e88cbd343edbe002047beb382fd45ed44a8ef86851312
ntm2_0_1291_ML	91	21541	7f4c7865e63df31510932e6a214d7abfa4ee9415ed84b2ddd98ee3c16336b629
ntm2_0_1292_ANCESTRAL	12	3135	a1eee456a1710f3713863627cf22fe439e1b0c196883dbd822e0703d3fef9d4e
ntm2_0_1292_ML	12	2876	b261a6f4eb525baf60e67a168b0b960aa07a41c052377e62e2de56d6e7a2aea0
ntm2_0_1293_ANCESTRAL	125	32179	5eec775149e53516f7b696aa4afd507c0a323abd1ab59d2de83b05188303bf6f
ntm2_0_1293_ML	125	29535	e6b9406a8e730fd7cc3374c705a3702b7ee5fc5510d51af64745d69d1c169d3b
ntm2_0_1294_ANCESTRAL	132	33556	f77763fb6b42c9f5540d6a7c52105afda281c768b5d9bee4b65952e713a67f8e
ntm2_0_1294_ML	132	30767	6a9875f99a0fefc95744c2649c291efacf64548177b3d30075f7f9c892a76acf
ntm2_0_1295_ANCESTRAL	31	7838	f388af6f06279d7197caaa1cd290f9f9d16a80331937490c6d2c75c19598671f
ntm2_0_1295_ML	31	7180	cf8b4160657ae75d2d0f856d5379bf9ad56cc60b3ddf67e422ac4737abb2e3f3
ntm2_0_1296_ANCESTRAL	7	1783	b6fdfefd3d93c5cf71b8862f8d06c51b62a5b42777b1b3341c6989c155661b68
ntm2_0_1296_ML	7	1629	14b170ae1afe646eb2275c976f026c259f94fd538c2db4c2ac7ee2d6b8619b1a
ntm2_0_1297_ANCESTRAL	14	3581	95d770f31d49d0c5a41d0b249b84d0e8eafc276515144a1ee4ccdf4629c07ce3
ntm2_0_1297_ML	14	3280	b6bca6adfc2ce7fb0c224acf0cfdba3b98d83116cde9faa8be7a7c2339242456
ntm2_0_1298_ANCESTRAL	82	21320	a100656726675d795e2ba1f43eab0021e4ca94094a48afe4afec06552775aed2
ntm2_0_1298_ML	82	19591	1d9b5dc49bd37ee0a800f8bc9cb6282ae31772b21761352881f563236b666c40
ntm2_0_1299_ANCESTRAL	25	6547	76dd53272ac27fef272737901573341135cb6858186620b255b39e0cd4d00b2d
ntm2_0_1299_ML	25	6015	2025b0822047f607dd764a2cce9568c9079c8c0f2c394c1b9e675099e2a89d1e
ntm2_0_1300_ANCESTRAL	17	4428	d68f8456fcb7c084d30fe70a6abbce75c9a8d06bbd3ad4777425874f7b00c70e
ntm2_0_1300_ML	17	4064	dda3f911326aaa4bfb591e479d4c9a7840660caa9c65721403f3482e0936655b
ntm2_0_1301_ML	3	754	921ea8accbe2d83368c3a8b36452e862f3faeaa67c8d43225de0c08c6eda7d9b
ntm2_0_1302_ML	10	2399	99e49e7dfd0c0917c225663b54680cadcdf2200a707bbc9b08aabe56127feca0
ntm2_0_1303_ANCESTRAL	71	18263	46667c8959358501a6a16e30e169bff34ef4e6ed557dd0c7f74ed5e3a188d268
ntm2_0_1303_ML	70	16528	bbcc324b426365acb69057c22166e96341f370256fa7e4b4ebb892d8f2245d95
ntm2_0_1304_ANCESTRAL	93	23969	e29ee10d493ab97aefd0ff4031e0e548f9e523517916757200f58a759c5ca0e4
ntm2_0_1304_ML	93	22009	87cfa094e8e283256149e5edcd934a1794d539dc373a7f9eecbc9b4ec6927da1
ntm2_0_1305_ML	37	8565	461694587108eaa784b2b4b231a15a3dbc2f17e66da50204ccabf31e9b965953
ntm2_0_1306_ML	3	757	1d0c1a896e665bd953cc398a6bdbc764c6513ae0efc3e9c92641362e23eb0b79
ntm2_0_1307_ANCESTRAL	40	10355	b66d818d4cbaf8d208381ffd8e436247fb0b8189ded5c9ca404b1e9aaecf3a57
ntm2_0_1307_ML	40	9508	ef453d5f2ecbe8b4b581a21843c25dc0011fe457a0f09223c7e5d0107f1d27e2
ntm2_0_1308_ANCESTRAL	45	11663	fe55c4af125efa549a7f3bd9dfba47bfcc5a3d7ad26f3eb26be44e7c15964973
ntm2_0_1308_ML	45	10711	812adb0a2496b8fe07d8cb34246796bae81e972325d9dfb32c79d63703101afd
ntm2_0_1309_ML	15	3593	eccac52e47786fe5c31f559cacc0fe0cc4e24504271166bd994036e69e81e368
ntm2_0_1310_ML	15	3641	d096adb64004ec5777da3247fb27cbafc64d69236d030355845e612bbb69fc44
ntm2_0_1311_ML	18	4310	c013731c90a0501c0cb1a221a19bfc195c21ee06e2d4d218382940cfee0e0619
ntm2_0_1312_ANCESTRAL	82	21174	c0d635f090046e1fbfc25ce2f7f7228aba8c5e92a2d6f5ee1cf0cbd4421a83dc
ntm2_0_1312_ML	82	19445	c4c1658642170340113468ac2a82a170b1e09093d295611d361a34869f18f1be
ntm2_0_1313_ML	53	12491	cfc7f9b18590111d4a9c3cb9c2c6b26f1a75b47729fceffb4da7ddc59e5aeafb
ntm2_0_1314_ANCESTRAL	13	3395	d4133df0337bc86b73160dee328a02e853c62cc8dd0ab1078fb5d319269822f7
ntm2_0_1314_ML	13	3115	794135ce54ce4eeb94d89f9730fd4d862ee133aa6918109d26f0d53ff50b89b7
ntm2_0_1315_ANCESTRAL	28	7297	9673ac391551839c703682c123db5f114cede42729c5431d8eecf9cf0ecdea65
ntm2_0_1315_ML	28	6702	b3e50e6c46fa4aebab4d60de0c7f4e48897e95729298c150d7a925179170eebe
ntm2_0_1316_ANCESTRAL	11	2851	4b28edf90290d67236c3a90e622a3276cee912c5c5ceb92fc49a3141de71487e
ntm2_0_1316_ML	11	2613	4332a5c7e77ac75c3630a46dbb8f2e6a4229c5c2748fca5f5415c8643ee58dd8
ntm2_0_1317_ML	4	995	024e6dddf80ced82be8c341d0865db9e2ae00524e6e121537e08787693c83c24
ntm2_0_1318_ANCESTRAL	31	8058	0c7c451c0095be35d58e8942c31ae4396c89f76b5b5edebca40d9ec3d3d99d05
ntm2_0_1318_ML	31	7400	0921a5c13acc57e5fefed89d80efdbed3373de1febad27f6adbf31df59c61034
ntm2_0_1319_ANCESTRAL	14	3674	ee6acb77669b5da27f8712ff2b03b1a35545520a7dec065ae54f0b873319951f
ntm2_0_1319_ML	14	3373	80f06a7e3251eb042225e6145d66741920c56a9dafca3e73cd68b476642473e1
ntm2_0_1320_ML	10	2393	851c43618ac37f2653222cf0ae55cdd633483b7b572587540701acb25ec6be2f
ntm2_0_1321_ML	10	2393	630e7b28bdbea98e865a911d65fbecf8d20185af8b0127011187ae32fae2e18b
ntm2_0_1322_ML	67	15738	9b73129953eb0a6bd321f6ecc8e12cfccb350461647f725e0a6e24d82bc493ce
ntm2_0_1323_ML	67	15738	629e1744119d688b0daaf0411057aeacf4806e645666508f71997555da059422
ntm2_0_1324_ML	34	7955	7f81f891ea604fcda84d000f0cb92eb75e018253954dd9515f86e450fc0450fc
ntm2_0_1325_ML	2	523	7e4fcad2d7e50dd9576629be41b35318d87c71e06eabba4298737f55ca29c1de
ntm2_0_1326_ANCESTRAL	23	5942	21bfae7e75defd92103b0283ea7191e71df2603e1ec08c5911028d74660acdb5
ntm2_0_1326_ML	23	5452	d898e9d00236cdd6004cd1e32f97a17a8f7da29e5618c892447219437584aa44
ntm2_0_1327_ANCESTRAL	21	5432	e39f95d2c4d6b302697e08a4ed9dcc26f588c0a926a30c0279ff4e26c58e78d5
ntm2_0_1327_ML	21	4984	18d02af6932c555da0ec6179626113f47bedaf3d7f875059c3f399678fcf2b9f
ntm2_0_1328_ANCESTRAL	18	4635	832ce6f7a61164b2748a310008d0ddcbce03235f1059f042e9e5cbc89d8adcd7
ntm2_0_1328_ML	18	4250	2bd2a2e129f83d97b389b9a2719e6bc17cecc9beb861124e5ba009ab80241fc3
ntm2_0_1329_ML	11	2617	f4dc62b12fe61053b21b5bcb83bff2a04c835703737e7ca3bb0dc2549d8ef323
ntm2_0_1330_ANCESTRAL	5	1337	743af09339a5060432ad949bd61fe9727eca21bf3b0cac98266d13c50c4cf299
ntm2_0_1330_ML	5	1225	ca352cb3e17bec2f19b331b3c63d6dbd16c001abd123fb277d60282c0767dd95
ntm2_0_1331_ANCESTRAL	95	24417	fb8d14f2224f2e84a35a98aa78d2dd14234e844c55f5ccbc362da4be3cc698bf
ntm2_0_1331_ML	95	22415	bf90bda6fba6c51d45a83babe935c01cfcf51bd232a4e9c7ca16c8359dc097b9
ntm2_0_1332_ANCESTRAL	12	3097	53168f6b4d2e88450e987cb01850d375a0f29c26484a2b70ae68e3c1e5e0fa82
ntm2_0_1332_ML	12	2837	571ee46dbd87748ef91bf510843809e3e67c9de00bda2dc15c0a3c5c59754722
ntm2_0_1333_ANCESTRAL	81	20944	6241f7040ed9539aee7dbb6fd101f8d1db306eeacea6cd6bc83e04fe126bf147
ntm2_0_1333_ML	81	19236	feee4ae10291d9a54082f35422cf93b925881a48fce04e784a32a04c4389c0e6
ntm2_0_1334_ML	12	2845	5326b6299d987b1dbbead6d0df168337e12caaf62643bc732600d62ffac6b92c
ntm2_0_1335_ML	4	974	6ed9d8b7fb5d55082880bef671cd302c83a30695558696e3a4c1182175863011
ntm2_0_1336_ML	11	2627	ce64063c562104c5c148c9e68cb4207bd558339fdaba9f9f20b40bb8d66dc5f7
ntm2_0_1337_ML	15	3553	b70b25a01bc7923c53f624dd70e15a1c9d301cf67cb545b6adbfe867c11b0cc8
ntm2_0_1338_ANCESTRAL	243	62544	79a384f4f4f612fdc164772bdaecfa1a985f12f02036e4a719cf6b5db713782f
ntm2_0_1338_ML	243	57435	f9b04e516aea4c4ef24b62db9c651e303e4e58cfe209d7f161f6e5b87f68d98b
ntm2_0_1339_ML	22	5137	08f40544173e60f604dbcd151cfabb52bf5bea31cd5b01e8f963fdfcf7700009
ntm2_0_1340_ANCESTRAL	108	27860	d7d2583988840293379c7dddacb7f13d900be19d742db8e9f0f46d5672eee65e
ntm2_0_1340_ML	108	25586	a3903827c43c4e47590f506d26c6fffd6395a8bf2f9407d6a67be7821afa99eb
ntm2_0_1341_ANCESTRAL	102	26184	7338d8847347090ca322b07361927e3962bb1005a2f5e07b8c47c4e3f0681bdc
ntm2_0_1341_ML	102	24034	106c2fc5aa19d1bd5603d0228c36e3396c99b458d9ec5dabc7de504736b32baa
ntm2_0_1342_ANCESTRAL	65	16818	1ee2c7448b25be641dbcde13b4563bebc7d9ad2f9c6dc384960e31c2752d2915
ntm2_0_1342_ML	65	15446	19b83f72d91908b244e4a82289276cc122b2b83277dc83ab887956d25c7659d7
ntm2_0_1343_ANCESTRAL	33	8555	6945dc5a00ec5d9db8cf185c13fa6049d65beaf6fc1a33bd74f604a0b5f5b6a4
ntm2_0_1343_ML	33	7855	3c017c9c501ffd0c63af5b2c8beb7f9f53bb9d74378f6be9dc59c3a540006622
ntm2_0_1344_ML	7	1690	418b712dc23ff2a4be13621d6382f18bfb9163154bb5a7e5a682278e5582b7e9
ntm2_0_1345_ANCESTRAL	48	12406	0a2e64b5e79a58da0749dbc5d4faeb6be61b4ecf538765e2ca77af76e146fa4f
ntm2_0_1345_ML	48	11391	4c5273cf46119c844a9b619448c4a7dc5aa04dc0ad426817dd4aa4f821de6e2e
ntm2_0_1346_ANCESTRAL	161	41447	5b3104739cc061d4e398eb4d8bd8a4aca8e52dd8421101578d4f5281ac6c31aa
ntm2_0_1346_ML	161	38059	f9a4fcf26f2b259510d71d4f08af853806faf3bf68b3fb202f76a8e742c22cca
ntm2_0_1347_ANCESTRAL	46	11890	02b2a37e4572f2d0f1e9e9536697503b9c4ce429b13bc33e913e078fc9c3412b
ntm2_0_1347_ML	46	10917	4bdc55e3cfb80ccf3d7e5f4dffd2d932ad82b02a3049b788623e6ec3a7820f0c
ntm2_0_1348_ANCESTRAL	46	11829	205e882c193f77bb9f273909887a12a8a7a7e85ad384fa1ef4b6523c4ff61d7c
ntm2_0_1348_ML	46	10856	ffca641bc5f867c8e92eb3bc5bafe3ac944975d40421c5d5d100c286f9a18119
ntm2_0_1349_ML	30	6966	afdba97f703144f39a99119c5c03d2832fe005670624a961891f9058310c6c75
ntm2_0_1350_ML	23	5422	da0c231d66870ff6e03ccb5a1e23a493ab5b2e3f77683f6ce5873e63930c136a
ntm2_0_1351_ML	35	8137	14df10b918267a8620b91c89f9d21af9dc85386f98833c09bf7446777d226186
ntm2_0_1352_ML	35	8137	ca97782b73a55bbe8b6627a8b3b16e3a614ad00c2080bb7e656dd7bf13cfecbd
ntm2_0_1353_ML	35	8137	694b71c1e55c16f94af5421937649026cbeb6aa9538a682fef295424fae52a1a
ntm2_0_1354_ANCESTRAL	95	24463	eb1dff614bc110735998a7ec675e2a2127756133505fe8c354ba063d5bda4d24
ntm2_0_1354_ML	95	22461	5f4ebad433b1d295d929aa43442c5cbc5757b2572364ebbace0a87ceeb1ed574
ntm2_0_1355_ANCESTRAL	201	51856	1474e611762e8dcf89546dfdca53ffd09d7859a0e13426a61ece4a7969c370a9
ntm2_0_1355_ML	201	47628	0bf0b420b9ba4fa580fdcdaf4348bb30c24cef10b4f893968da680566ba39cec
ntm2_0_1356_ANCESTRAL	90	23282	42cba3e6020354cf60bc47f81b6168f3c9b531c8fcc3d9aad71a6c15fdb9ea65
ntm2_0_1356_ML	90	21385	4e575bab3a9e7eb4c16290a1d859d62e060703e33e4dbfddaa4f2b3e6d522970
ntm2_0_1357_ANCESTRAL	16	4170	dca88e28fa9db67979858ccc80c9c74b3a2f3f8cf0c6b656d3b14a52959cdd4d
ntm2_0_1357_ML	16	3827	47bc254e0a52b3dc1f8e88872a25839afbbda72c8b51520d98c8de3754163d70
ntm2_0_1358_ANCESTRAL	44	11389	347bec4e077d7055fb78297bb9855b3fe3bec094c7c9bf260cc0f2c7b2beadbf
ntm2_0_1358_ML	44	10458	ea2d465d8a4dedb880c96d7df05cf8e5570e138804fb0ac2cf82fcf6719edab4
ntm2_0_1359_ANCESTRAL	16	4134	a3ff1c285e8d5ca77f2f5e99fcab4ddeedf143f7ad73106e0b2ccb784fd55542
ntm2_0_1359_ML	16	3791	a934fa013a265087e88bf24fe8929ce292f71e631fed3bdf21bb30abdecbbe5d
ntm2_0_1360_ML	4	988	97ae69baff399afea545e3033239ce4c3d717a4ab20beca56040b38a9e962c40
ntm2_0_1361_ANCESTRAL	16	4174	79c8736f2db8c16f9d5ede4c78e550d44397716ca43342a580ff5027b8443a0c
ntm2_0_1361_ML	16	3831	89e8f7ee0d97b528d7961ed3619d3cacbcbca867b1eb11b9f264761c04d4223e
ntm2_0_1362_ANCESTRAL	31	8008	d15c1a6d7ea54ff163dfcd183490b315dd35aa723ffacb6e96ddd2682b90efdc
ntm2_0_1362_ML	31	7351	092e7a4131ba202681d9ab8323aabfebb2b68baf55aac358b2818bd4eb14d5e4
ntm2_0_1363_ML	13	3132	0bcbb2226af6f571efdbd004958ea8613a3e9f5df1e2e9a13cd972a1cd39b70b
ntm2_0_1364_ANCESTRAL	25	6461	7abdc6e2c4107421fda0e6676aa9a4cbc46a95cbe28c8038b4ecc900f31e59dc
ntm2_0_1364_ML	25	5929	c4a91a95b6dcecbda113d85f933b1614302c2e42b30d994371beaf156c0cf2ca
ntm2_0_1365_ANCESTRAL	117	30063	c690ba0fccfc258866890a5475e45ab7b902dbb05a50c9395713479f6c1366e6
ntm2_0_1365_ML	117	27599	e52b63bd6ac30386b881313eb06eb4c1d1fd9a77e33635b610105b5a16782c0a
ntm2_0_1366_ANCESTRAL	165	42568	36c5b83390ef885741d4f6f4d1b781b0770fe895971af17f16b2fa9ab2aff3d2
ntm2_0_1366_ML	165	39119	e32b74c408eba16c80aeaf4599e56bc55f72c987259c1c912fbc540591ceb414
ntm2_0_1367_ANCESTRAL	11	2885	5a41358255a40ab5a401046779e0d841b6e461a24bbaa023d53a3104b7138a53
ntm2_0_1367_ML	11	2647	2ae8299216adbf3eb0f5eed5d46d5ccf4287d764bdd75123227c23e06426046f
ntm2_0_1368_ANCESTRAL	15	3956	27a6e9872df0ec683d90a663358463bbc3a17fe4e7de15d68a6a90840ebec526
ntm2_0_1368_ML	15	3634	79f1aacf012ef8b3ee56600959a36d5c74b8ae919897df9f9fdc51d6e33fc8f7
ntm2_0_1369_ANCESTRAL	28	7176	4cb3b6e35727bda47abc916168890886459c0bd9d4bc0450ea54dd25a563a521
ntm2_0_1369_ML	28	6581	ead210443086fe873c594c8e1f9fb91d822b5c8e68e389ea6c054c71ced55b88
ntm2_0_1370_ANCESTRAL	15	3873	c8724e776016c02982e3c04302dd3b0e694164f79c38bb695590b8a078a9d87b
ntm2_0_1370_ML	15	3551	d5778eba2aa73b8bdbd178fafb8f4b6a191bd4222d970af7b75d285a8f3bb57f
ntm2_0_1371_ANCESTRAL	50	12751	668e510344c037380b25f1f8410d81132660e75f9b5104e4eaba2fe7cf2fb5c1
ntm2_0_1371_ML	50	11694	61e37f2209ce0d208f7720e6b550029efd28747cb442baa9163a46c15087efd8
ntm2_0_1372_ANCESTRAL	56	14249	7115358dc1d7809991d7af92136692471c187e4ee04958ecd253fb7556e8974f
ntm2_0_1372_ML	56	13066	f7a1a437fac321a4557b537dde3bf383e56d67d61b54e02bd0bafe31d6295a90
ntm2_0_1373_ANCESTRAL	107	27610	b9a47733224ddbc9801d899f186bff059492db2bbd5da68ba98517d75eeb463f
ntm2_0_1373_ML	107	25356	419aeca633098644ab9e5198331adf28bd839b100c33e0d5dcb9506e01c542b6
ntm2_0_1374_ANCESTRAL	50	12923	049ae97ff1bb2e3cc1c76570a78cce7ab63d9566917b7a2916d11c08e498e260
ntm2_0_1374_ML	50	11866	c87fde81501c95fa9058c6b0f1a1ff236b5a7966919361fcdbd3843bd2ca056a
ntm2_0_1375_ANCESTRAL	77	19898	3291af6dec9f19b4d9d56c30ac8d102a2860a6f687064d40bdbc635306d14c0d
ntm2_0_1375_ML	77	18274	4813331e3f0b9df2b446c943b3aaa6d4803bcf9022a0f38a609f0d4801bb3ce8
ntm2_0_1376_ML	60	14231	4d7ae39ddb3e9722f88614b793c4b1eda27f0c32bd1f631ca89f7a82eb3d095c
ntm2_0_1377_ANCESTRAL	192	49582	e7c1c65a9648b1341cff2bd51bd5170f7df31549b060066b2100525305409773
ntm2_0_1377_ML	192	45543	8bf3b76f150d9556ce9f05edc159df9e938866a2edf3e096ea45ded3419584ea
ntm2_0_1378_ANCESTRAL	110	28668	55dd9a17c6fa00fd845e93abd72f48e1c2f1326cf1890e69ae0cc8c36a78222d
ntm2_0_1378_ML	109	26106	edf1091930202370fef9df6dc487e667088add46d3c9bd1005bb72f5d5f63b98
ntm2_0_1379_ANCESTRAL	54	14137	448956cf103bc03709f026f11ee81a45a72e4bce194b59d2fcd8d9f193e5d247
ntm2_0_1379_ML	54	12996	9523bba722c36e52d2109d9475d29851607ccf55b2f9fb9ceab6067ea98154aa
ntm2_0_1380_ANCESTRAL	53	13841	3e9d01383d7b56ed0d675b4a343b65f8e3fe490f2338b8e386fb3a1b03f3e773
ntm2_0_1380_ML	53	12721	149cd2906a45521088359170037fadee11fe6307bed88ef8271be6a724b8610f
ntm2_0_1381_ANCESTRAL	54	14114	8925686f4a67ce7e1bcf6739460cc157c437de473bdd6162bedcecb4462e5d04
ntm2_0_1381_ML	54	12973	c0e00f6e17e53ba5d2c5f5c2f42d26eb926a6f22724a712719f0517a8a66dbe9
ntm2_0_1382_ANCESTRAL	2	570	ae39f515130b24d0806e94a82c9c1ccf038ef6d6b64885f3e022f42da69b73f0
ntm2_0_1382_ML	2	521	a36edcaa7afb0a9d8f48e2225421fe9bee29f9c4a168070de7f855415012f586
ntm2_0_1383_ANCESTRAL	2	570	5ff531c772c38c6c7ff16c6853a1f08574fbab78e20fb4ea326613bf75c2976b
ntm2_0_1383_ML	2	521	2dd52d173176d511d5b03cd5810a1fa04b30609d73bba539ef37a414754dc579
ntm2_0_1384_ANCESTRAL	2	570	d2e58505c5b91cab90d93045bb2aa9ce3c5e1f4f239da6877473f4993288a1c4
ntm2_0_1384_ML	2	521	7a8646895396d4e07d656d19701af69d461897984a84c32db7d784a266cebad7
ntm2_0_1385_ANCESTRAL	3	828	5c70ae6ff273fbba59b9046bb97c115efc43621bd1c4a7126dafdf6b810dd50a
ntm2_0_1385_ML	3	758	e4dd3611d62f6a729defe016840e762f49cb9eeebd21d83593b12084e4a27719
ntm2_0_1386_ANCESTRAL	11	2885	085d16d2dbbc4e45fc7e20f3aa9791de105624907ef786a3158d80162d2d3375
ntm2_0_1386_ML	11	2647	90d240ce09832e4d470b4ba8853872138a1abdcce4bd5cd8a9ee10654dca2d69
ntm2_0_1387_ML	4	985	6ade47eb56f2080c43e720b3c8f2223719fb0005323cf05f257d5feb9dc81e95
ntm2_0_1388_ANCESTRAL	25	6494	c9d1de7485614759b185f50a647ae356cbea65c0d25bc1d5f2c05aa898e1ad5e
ntm2_0_1388_ML	24	5727	518dcf403de719f415b05472540b8e86816e91b07f427d7b49d7a839d08a7cee
ntm2_0_1389_ANCESTRAL	136	34838	1afdae4aa41364b7287933328d3aa6b758877f15270b977bbffff1894745a64b
ntm2_0_1389_ML	136	31975	c45e778d3a6cc59eb2d4c4d3dd0872eb93572ed16d90ed53c292572631ee4725
ntm2_0_1390_ANCESTRAL	59	15015	3ecd7f6e5048a33c74cba25abb957004de567dc887a799fc27c67ab7227340c0
ntm2_0_1390_ML	59	13744	caa68b43c66f532fe06b1e2251dc9a5b919cd2e9d31b50274da0e83636eb0c68
ntm2_0_1391_ANCESTRAL	60	15349	35ab81b321957e49afd7a06ba83ca99d06f98256729727f30fc2cbe834ea294e
ntm2_0_1391_ML	60	14082	4e846a2689a8a531893a0d4853e4fa324e1fc8db98c55c90eb1abefcbd33ca38
ntm2_0_1392_ANCESTRAL	64	16399	e65585d793d4ac24b2561255b8676a3fabfa65265cc877ec247688c70c895a90
ntm2_0_1392_ML	62	14549	3e1f2194808787e266a5ef1f632c6d0018e58c03950223caed92c138430bc53e
ntm2_0_1393_ANCESTRAL	40	10269	e1b6a99f176ec14f7a106dd82d9d99e3917f71c871aeda406b75d29cafa789cf
ntm2_0_1393_ML	40	9422	d7aceb5e796325772688d2ff11022239c67633e54908d110756c49835de2e90a
ntm2_0_1394_ML	13	3068	f833e6f132be2fc6c9bf11fd084687000524f7d1d7052b35a94a8b85c61fd8c3
ntm2_0_1395_ANCESTRAL	65	16805	d9e24a0d2fa792605e17e6c276c39417f6f661dd4ab9d25da42b1f2bb3ce54f9
ntm2_0_1395_ML	62	14729	97a9f24ba4101711ca01e862b1c9d2f921f1bf91acdd5643903e2726c71a07f9
ntm2_0_1396_ANCESTRAL	61	15805	fe42b7363807a1757bed571700e6ef0943b8f09e8a93ba362795368a8dac5457
ntm2_0_1396_ML	61	14517	db854d67eac9ff860d8275c45799fb6104fe7ab145f9891757ccf66644d84cca
ntm2_0_1397_ANCESTRAL	120	31068	3d838a83467dfb9d4ef6698f2ea2df83784e4cf7ff14412e581c06eb9f61c651
ntm2_0_1397_ML	120	28541	5de9d7e74fc2e5a836513200523d28a9c4f0111f1298b914f78f277b3f4279e1
ntm2_0_1398_ML	6	1468	fae9900ab7c165d453d969bdab27adc0e2508e1bdd852dbb3a749e8f1304536e
ntm2_0_1399_ANCESTRAL	144	37176	9a2ba500fca1d90f76ceae8d8a84afbc1596d902245dbcbd118247fbba95297d
ntm2_0_1399_ML	144	34145	6a24013ba5464f201522dfec1c3fe4fea0a07aa41d403a4d4dd21e3d0b51a881
ntm2_0_1400_ANCESTRAL	129	33437	69c8e6e092ac85c23ef11cf212b255f6657f90f1f56d81206f8ba55f48c8d821
ntm2_0_1400_ML	130	30958	6ee298f0fbe4365cd437e4da744a702a81bfecca8c9db4fd653d0a6359aeaf31
ntm2_0_1401_ANCESTRAL	20	5180	3fc36c9621c241b69d63235c30265c6d5bff18bc3d4e8bf72c99e6587ca9e8d5
ntm2_0_1401_ML	19	4518	4358f9ed194d12edf7b301192f9a635cdf8b966f3e1600b4dfbd5e086036aa59
ntm2_0_1402_ANCESTRAL	98	25184	f05b66f9ab3fc996595c17c323254ae725349b346d366f0dd737eccce77ad062
ntm2_0_1402_ML	98	23119	d49c07d5cbcf5fe69427afa233ec3f6102504bbf8129375b074943796477067e
ntm2_0_1403_ANCESTRAL	133	34429	b93d96ae85b12c8fc4b109cc28880a10053d584d14bdbc92e022a1ed9a86ac9d
ntm2_0_1403_ML	133	31629	6a191b6a45dff0e29e9cc3e510915a693cd61c154f4a5db275f4181be2c480a7
ntm2_0_1404_ML	32	7557	929d759fd190f79b9ee4f18d6126889b37bb043b8bafd826e8f75991157dd4df
ntm2_0_1405_ML	25	5967	57654bf0df817d48fb203ff48175b6400e6d2d4f7177348dfa95727c053f7ea3
ntm2_0_1406_ANCESTRAL	22	5819	dca2118688f308aa57fc7a1cb286daaddb1ca6a149a741a57240cd01cd891d0e
ntm2_0_1406_ML	22	5350	fff718fdd666ea7ded87f480f1c6054ada8acdb196d7c3421bbb5737d5b2acf3
ntm2_0_1407_ANCESTRAL	27	7085	f3bc79a86e169cfba0d24690737c1f2aeae6ff6bf07242e38fe81424ce960549
ntm2_0_1407_ML	27	6511	f1cec5c369e555c7024b6eb089b826bafbcdc723a97fcc893dc6974251a21d47
ntm2_0_1408_ML	13	3232	4e506cba5b05feb3a0bf6579d65f35f5683df799cb9dea3ac8344cbf9444a8c6
ntm2_0_1409_ANCESTRAL	40	10577	c5e77a0a11a0f485000e5e510e3a96cbedee9094675437eae9b04e68729b531d
ntm2_0_1409_ML	39	9509	d4dd12164a7fe458d57fae67752a6158af8185a91250332be9d47eeee26f7a25
ntm2_0_1410_ANCESTRAL	90	23150	b07ce204bf8da571824bbf21fd5cb0ca181eee419f076d1c0144801482bffadd
ntm2_0_1410_ML	90	21228	62d58824e286eea73d8b87f10595fb3e9693b2f1d0d994a801983347b285258e
ntm2_0_1411_ANCESTRAL	118	30148	79492e96d670ee0c29a03d4e88ed74863a7411c2d1e3b257b8413594e564023c
ntm2_0_1411_ML	118	27665	bee3caedc29f42fb0cd89179235d22a53248d866183c4d913af51592c3c0fccb
ntm2_0_1412_ML	27	6505	d1ec903d30f5012089e8fd6be8b7ca6158a7c6fcce7e32a91e45e9c97fe61264
ntm2_0_1413_ANCESTRAL	37	9571	a74ec2cb074e32804cc4683d4518e4cc879ef523fb36a52cb9234bc5e238d990
ntm2_0_1413_ML	37	8787	c3effd09b59bfbb503d81a411537987ce8ee742714e66551887aef7dc0d33596
ntm2_0_1414_ANCESTRAL	9	2365	fd056ffbb8d0359cbae0f03ede05fb4516ba2d398b845aa6aeb0d7ce7de60011
ntm2_0_1414_ML	9	2169	322c233af7e4cbcb5b7273d76d99bd7ed4feb75dbece4e7fae946d085a8f0a49
ntm2_0_1415_ANCESTRAL	5	1329	b09e0953a86c87761a751024122ac71ce4a36f7b446b073912623fe39c120a73
ntm2_0_1415_ML	5	1217	b522223dd5cce78d79517420635a115d548f42ea08749a4378398f7044194cda
ntm2_0_1416_ML	17	4033	56efdb37957404d124f51ac24b6eab7ec5d6d9f18edec9ca3cf2b15e669fc2fc
ntm2_0_1417_ML	2	512	7847ae3e6083ea6635ab77cfd46b57d2a6d0b82ff6df39e66079500a24a21cb7
ntm2_0_1418_ML	31	7364	d67cf60d4c9ecba2227f293c61f7f7736339db705eba44ac10c3bf9bedf2b6ff
ntm2_0_1419_ML	5	1212	53744b69044fb17122b61507164797130bd24a3dc27af0c1cb78b3364552cd16
ntm2_0_1420_ML	23	5482	ba5681b21b1eaa78827ebaf93620a1156dc7f13f4c46de982a03c4c5e4dbe562
ntm2_0_1421_ANCESTRAL	20	5185	ff6831fab1c22a1b8142ab0c069b015b7c30ec2e7ba0ae02734722a0908f99d7
ntm2_0_1421_ML	20	4758	c02f2a27f530981a4f0d6efd3f2eb63c3964f0e270e27ec733b403034c1b8dda
ntm2_0_1422_ML	4	999	d8f63c04e1e20d43248808d8b2b1839dcd86c64c8e86d3a0df7882571aad0ce6
ntm2_0_1423_ML	5	1211	781474ab5da66cedebc3e2592e2df980a1aa057635abfaf625d0231df70d2894
ntm2_0_1424_ANCESTRAL	38	9816	237f9d5c351ac2a7f475f2330df01d9328d1ccc613f0821d506cc0d8e3e5cb35
ntm2_0_1424_ML	38	9011	3371a2f6270b53313f1134f9c4aba886b353115e4876ae6b55835d44c02c8381
ntm2_0_1425_ANCESTRAL	9	2369	ea9b4ab614dfbec40dc8de35a9acd924827c990432493f352b569e7b65c2782a
ntm2_0_1425_ML	9	2173	a4b8e3072f138e6380da4d0be8042b08a26150c7c85fd92a0eae2bdb8f601475
ntm2_0_1426_ML	15	3577	f621e06331ca064349730fad516c75bba550942733ff585c82385f8b8ea2ea79
ntm2_0_1427_ANCESTRAL	5	1373	bf1517985245a82ebc54809ebf4c8bfa0c6069ba6ee3681d17f22ecfd6941a43
ntm2_0_1427_ML	5	1261	cb38cd9ba7c322f415e60b895cc34ada5b1ac95fe0ec85fbda5585f651a452d2
ntm2_0_1428_ANCESTRAL	53	13842	5d30295493bacfa46fd997f831e5f20061b3fcbbf875e71321c33775c75a63a5
ntm2_0_1428_ML	53	12722	556da573f95a14d630821db7b147707992ea9b789eadad4748f52f400ee50e53
ntm2_0_1429_ML	4	1009	7b5fb6764281c7f55439c6232eedec10f986f2ec58d38914e88bda0341a9c43d
ntm2_0_1430_ANCESTRAL	21	5374	0ce1200829b658787f854f0ee88dc11ae90332908c65f256515c3a065f53667b
ntm2_0_1430_ML	21	4926	61d0d9d0b4447ad663f5169158e8feb790e58821af6f050c21b686460c1482e5
ntm2_0_1431_ANCESTRAL	8	2140	5ecf26bc74193ebd560cdff380b71bad6e992197226758f36cf50c466474d2c1
ntm2_0_1431_ML	8	1965	88672d65138f923cced1b019a4cf4cc43ba997b643b212b8ef5d090fe098630d
ntm2_0_1432_ANCESTRAL	10	2665	3dbcbdc7a2476deff7d6b80f8f7c9bdf3afb1152675d7198612e7f06f2c59bd7
ntm2_0_1432_ML	10	2448	77c5fca2bdbb2781b2730f0ca8704f43faf7fdf81f765944124465038b742903
ntm2_0_1433_ML	6	1454	c0f8a5c10b4d1a049765ae71c591b27d62334b014c5598806dd704c5f862956c
ntm2_0_1434_ANCESTRAL	98	25363	423580ac2a3d3dca1c8fb132d51d3ef528a93fa7f7acbc4bb776e5723ed685eb
ntm2_0_1434_ML	97	23056	3ab265f3acb726b7d7df03b5b3750aeb12fc10bdf01e06b8dcc9b04498dd9d23
ntm2_0_1435_ML	42	10003	f4476c9f167a268fe3fba2918fcb04aee0d048e7c3ab08dffeb1c696863e5e42
ntm2_0_1436_ML	28	6578	37d3cc5f9eca320d6405788245f86342be0e6aa55b8ffaf35d1304785f0a0f16
ntm2_0_1437_ML	36	8583	f47f1d1ee4161f52c5475d85f1a1cd36757b2a409781cb47134d45f3d0986e43
ntm2_0_1438_ANCESTRAL	26	6768	d1fcc46e2610e3ba7c2280f9821f33451b7f003391f91b7992cb765f9118ab9c
ntm2_0_1438_ML	26	6215	177228350082354174adb5ffea82c4a80d09b2927fad780b0347377b2a2b0c71
ntm2_0_1439_ANCESTRAL	43	11159	4b685b36c4acc5ed9cdb03f15298032149ea62b4abb7f89f71c715c039c1ad6c
ntm2_0_1439_ML	43	10249	a37a48b3fa7db8fcb947e364ef0a1933bb247a743f6b5fea3f7aa7701fd9ff3f
ntm2_0_1440_ANCESTRAL	16	4166	1b012a3492488f117c8b264009df7ca018f7b5a9661cabd55aecbc7dbea2e4e8
ntm2_0_1440_ML	16	3823	14f28f5fc0260379035565ddd4be4eb687a67d4a2a0d8cc82dab997741d906b5
ntm2_0_1441_ML	9	2177	5607c1d5560449e740f3107d5cf32de2d9051c479850207ce7b4bc2d7190eacc
ntm2_0_1442_ANCESTRAL	37	9667	0baff7869d61a2f9deb7568c14d922b79bd24240144d2d7210d4bb3ab71f0af3
ntm2_0_1442_ML	37	8883	8d9d90a79e6f946aa43d890e08f931e99eea45e384100aa76f1ab022a508ae29
ntm2_0_1443_ANCESTRAL	23	6040	cc71c6663bf8d05c3c32d2483cdf0a7cd67b127dd5a999559df2dbc59b75ae0e
ntm2_0_1443_ML	23	5559	abf6727396f8beacd995e7c5fa242557b3f7b4f7d04c5da672432f1c59790660
ntm2_0_1444_ANCESTRAL	49	12676	a1436d7dcd52c912ff83d269898ff6d891810a56d7622fea6d22c6efe8457eb5
ntm2_0_1444_ML	49	11640	c42c24a5611b765f9e2f8ae275243e5bde3df852ed0356ebd6fecaea0123053d
ntm2_0_1445_ANCESTRAL	66	17066	526adae4bffa327656911682acc66a69256f1d7c62c12352ca8943da70193524
ntm2_0_1445_ML	66	15673	9b7dfd3ea1d39cf89dbd2019c37c9aa371ab41e55bcc2e4ba9c6783ee2518243
ntm2_0_1446_ML	2	526	d6c6396dd07cb40c4496cf8a9f0272b4b6f2c57e06c80a7b787c477e742de6bd
ntm2_0_1447_ANCESTRAL	106	27128	bdac91d0193c257442594b8b8636c5676f73346dd3f59967d253cddfab944f2b
ntm2_0_1447_ML	106	24895	2a0952b1e85896c7a54e6c23bc5b9eda05cfa2064bf7384ae587cade63b7cc9d
ntm2_0_1448_ANCESTRAL	108	27424	3079d3e4ff44849e9e8adc07ef989ef4ad12bbafd9fb646547cb758fac3892d0
ntm2_0_1448_ML	108	25149	0d8e3ad65357f0011bde51d8eb672695cfd66e8536aa2cb4d87eb69bc02b55aa
ntm2_0_1449_ANCESTRAL	163	42177	21842b728de8d83faa13d883f08f03bcc5c19aef1fea8ee1a660df5bc6949406
ntm2_0_1449_ML	163	38747	d2270da1b769f6c84118e245e1a39b30fb661ceff01777d8c377593097331bfc
ntm2_0_1450_ANCESTRAL	23	5897	3232d83330c2f59a60f65b3f2e0b04f963b7570e2550d9df60f26b0864e66156
ntm2_0_1450_ML	23	5408	0627913ab7d2d72933d25b4120b78c55ee0665d781b8416da02f90da1a66b7ff
ntm2_0_1451_ML	11	2706	7398328c485ef2b6f85ce5cbbea9c6ce3ca307191f58606836f6337cd5d0c1e0
ntm2_0_1452_ANCESTRAL	115	29516	fad0aa1cf13f1a428e249b354e464723b2b36a8722b75a23532ec1311d0cce7a
ntm2_0_1452_ML	114	26868	4b94df7cdeca5489f545fd214e79dd7c9f362e17636e4b53a50a419f7d8a529a
ntm2_0_1453_ML	50	11924	67f2bb04b2e9b9d1c14fb0531458bc2ec63df6b07efa5306161d41371f937c49
ntm2_0_1454_ML	35	8305	0f62ccfdc02ee37ba8a62407d3fb5f60244e9616326d9cf72050f091c316beb3
ntm2_0_1455_ML	71	16766	7b0d0f0ed722d1ffde93a8a4d7df21318041665771a05c06f90acbeb7a749afe
ntm2_0_1456_ML	48	11228	c41fc6de6173e23274d809fe3404e509838e36b77e6d1c679060d1e98eef3c0d
ntm2_0_1457_ML	13	3184	7d9b6a4b1d414428757f5e64a94d562bd74de8142cef93212831c3a8e0630c0a
ntm2_0_1458_ML	4	1030	c9b0408664e7c81dede28cbb74f6b954b02053e5b9e44fd634eaff3cc8d688a8
ntm2_0_1459_ML	4	1030	6461998e97dd16ec3f2839a8418de70b8889675bc4492cd9a708a5a0e2810fd1
ntm2_0_1460_ML	4	1030	30aedc1a7d37eda26f00cf73b3da9654587dd2db3ac2b83524265d8e2a50a615
ntm2_0_1461_ML	51	12011	cc2b76d798e0e9f3e32b9e02287108f72a698be2ff6317cd3f5ba7508d0a8862
ntm2_0_1462_ML	37	8686	e128d6b232fd28c19ec18e7024c65e2bca48b44195ba17a3970ef48066eaf349
ntm2_0_1463_ML	18	4280	6959f4d5f7ee0a593dfddae6421632b10d382d0b93e9972075eee89f3b85d50f
ntm2_0_1464_ANCESTRAL	104	26792	4b1a0fcdc893c0ee0107058580d60363bdf23dc7657c4ad44b9754b5841cd36c
ntm2_0_1464_ML	104	24648	c43f8a76b34a85b8ad25211f4ae47c73568a16078dde2dfa666b0315f6eb68fb
ntm2_0_1465_ML	42	9951	317eee39f0e475f74d887c3f443cf589143a258e978dd5b984795600ff5f48fd
ntm2_0_1466_ML	24	5696	6bcf07deba1c772b117180dbe0f0f78b28e90b2f39f9a7b5875db678a19c72e4
ntm2_0_1467_ML	51	11970	1f25d558711cbe7f8b938acfad64106d5e202b143fe8797781736c7351500c99
ntm2_0_1468_ML	46	10760	5c038dd6d68dfbe051baad0fd97d1cf3cbf699c92900b8b5c369fb8418cb1e60
ntm2_0_1469_ML	35	8147	28354a485d2df7edf718b2f55748583147ef334165a5dd0d92e5d968779694bf
ntm2_0_1470_ML	45	10618	8340568fb62844fcbe1a7f0ca6879253d288130d02c35c673b52281acb1eabc2
ntm2_0_1471_ANCESTRAL	189	48801	931379042efaa565fc91a0937eaf6c030cc0cafa9f0cbde6aa9adfe8ae66600e
ntm2_0_1471_ML	189	44835	25401f24161c7ba4a8b9ef4ef7f973a0f37cc197b65a3e1fb507490c3476d1ac
ntm2_0_1472_ML	53	12453	041c7d05730c6cf09424fa267c9549b94ecbee0227be7305a98cc47dd448ca68
ntm2_0_1473_ANCESTRAL	147	37898	a1e1ae3d89e04b3c1bb0b7acf6c66dd15e7e4c66a15124ed1b2692b47792c0d3
ntm2_0_1473_ML	146	34539	cc96bdfd8eb77f25ca7c9e8829f889514a73ca733648e696eb09e13b4ca6bab8
ntm2_0_1474_ML	44	10420	f8d8d190c45a317472fd99bfe325da3c20c838e0194b9ec0b94874c5f13573b6
ntm2_0_1475_ANCESTRAL	122	31254	12ae7da7e1a51aaf2f30a69b754a2f7ce76c1868553c9e50d80891dab2e62d51
ntm2_0_1475_ML	123	28913	e6c0e8af04db3accdc9b7188e401d4ad232c5f558ca185536715960b24c3e164
ntm2_0_1476_ANCESTRAL	94	24126	34d6a8271f20f44727a5722dc328a09e0186b6c3035754e2bfaffed92c120eb1
ntm2_0_1476_ML	94	22146	ee09a4eb07eac585a0df6539fb34f1e353761793236d4d2bfd3161c6ebcd0053
ntm2_0_1477_ANCESTRAL	93	23867	86ca28489aa48d19c11df70bd3b6787271762c14ac0fd90919cc43a55b292aca
ntm2_0_1477_ML	93	21925	36a1b754742eb169b0d239bd98985cc36fca9f2df85d0a71f621eebb21238e53
ntm2_0_1478_ANCESTRAL	92	23810	9b92f1204c11f7151d8e74374f8be1c8eab3ef9bb208a557f8f96e3c08a7fe69
ntm2_0_1478_ML	94	22363	f30853ccb5a98ba0db8c183f0b3772cdf2781ae7c5e832e14507e29c7c6576cf
ntm2_0_1479_ANCESTRAL	284	72782	810a14cdd097abb631b2023f5449a716ed17a4030574245fa906a7709287b3ce
ntm2_0_1479_ML	284	66862	b6c19828b5427faa20fff13116ce810a9e11b6a1f968ed2be587acafb4a9dcf6
ntm2_0_1480_ML	37	8638	534313dffc0c8d1d4557374f8cab8829acec9261e1abc78d043bd3b47ba7e74f
ntm2_0_1481_ANCESTRAL	59	15093	9f337b17f5e1b5101c206ed290f2a178938706a7ab0a1265887bda3079cf40a8
ntm2_0_1481_ML	59	13847	883392c8dd96107a334aa82fdf43ca0dbae1a1f047ac5635420932ca9bbd2d13
ntm2_0_1482_ML	18	4356	5c2c745ad3db26f1fc1551b1851926ed2eee9e68dcc2c4123dc1ac53695e03d0
ntm2_0_1483_ANCESTRAL	63	16242	181d66c5f61fff2a293e66196fd28aaaddadc47f96714f7e585ddf73a4d8002b
ntm2_0_1483_ML	57	13492	e8c39bfe8364c77e89ebd1220c405ccb6749e4ae1c8acac7cf56903eb75b8701
ntm2_0_1484_ANCESTRAL	82	21001	451779b383d25a0ad87d4d2415933ff519aa975c45d509a10191d8e51ce78b30
ntm2_0_1484_ML	81	19042	1f67c80bf91f82b2cf423639c1b9ee18ead75368d60d60ebbec3776edc1f2b9a
ntm2_0_1485_ANCESTRAL	95	24256	bd17c027ba1cd1a967eda3f50876fa2ca2695c26ec24cf4702ac36b7580f09ce
ntm2_0_1485_ML	95	22254	924016337576ce9df082dab2694d7d00debc8a69dad0a9ce855af66bbdf1ca29
ntm2_0_1486_ANCESTRAL	82	21114	2f6af451a3e40145a404958a0a3dd0188b9237ece59b9b68e1e1c220e489bf60
ntm2_0_1486_ML	82	19385	529d1cb5f5003497f9e435e34c10ba8ed77e3f81614e02705a04e5334f628764
ntm2_0_1487_ANCESTRAL	78	20175	855c32e6981fe76ef7b38c77181d1ae52a6d6ab30bcb0d194b69d38d1a8fd185
ntm2_0_1487_ML	78	18530	568c304f805da7d999a8b37dcc93f8a1e2a93a540dd77ee68c514efbb1b5f286
ntm2_0_1488_ML	70	16603	62ec9288e299e72087e40da64ae9c28f6df6f562f9dd9db669c699cc743ed9a0
ntm2_0_1489_ANCESTRAL	89	22776	614254360093257ac281990905269f30b67594e849b51f96f283368569d9ca78
ntm2_0_1489_ML	89	20900	d8d8d4ea998c8507e427a81b326524cec4fa6293b224f450b84cbaff7e60f346
ntm2_0_1490_ANCESTRAL	66	16797	73d7d64b9fedbcc0b224c71fd362721bbec5d4a3ca0fce7df6ab1048e1c83488
ntm2_0_1490_ML	66	15427	39bcfc506f410eddc9f95a21a884e7627b3efd352c3e89d7ece8715a150f9cd1
ntm2_0_1491_ANCESTRAL	60	15323	786bc57e7cdc37b97caffc61b1660a8579b15c4977a3213fd70b459a66ec3369
ntm2_0_1491_ML	60	14041	9baef8889ca319b471789dbb9412fdc93a4d3b195e3c364ae0363c8833098fdf
ntm2_0_1492_ANCESTRAL	53	13519	78b752c882889d2a1683c9ccf1a71c3a25c20afcf48f79f25069cda41bf422ec
ntm2_0_1492_ML	53	12399	a719147e401b75f9485d597a6f4db0247a7132adb16905bef5ab075b474ee704
ntm2_0_1493_ANCESTRAL	82	21222	6b98a3d4adb70527e1d61d278b60590ff3d8e875d84a309f3ce008c4e7415627
ntm2_0_1493_ML	83	19735	eebc4cb483291ec8bcd4a595c1edaad6c54766d0cbf68bb28df7ee45057ae113
ntm2_0_1494_ANCESTRAL	24	6211	8c6b83f067894bb078a4bcc5ef27b1358e0556b94f4fb95dc71e4cb0b79c65fd
ntm2_0_1494_ML	24	5676	0061d0196e3558481cddc5528fd072cdd3066380993e2cda26ec1f8946eb3122
ntm2_0_1495_ANCESTRAL	16	4144	674fff50f47d05f9594191f6e09b5c8c198a6acb3a8a4e4250e601087ea9d3c6
ntm2_0_1495_ML	16	3800	b010d0ac8ff87e895527777714c3357a11a1eb98d15e173953d91c1d19994025
ntm2_0_1496_ANCESTRAL	32	8292	89a4fc6dabd4e79145adb8fa6967102c1854c1d0a244fdbf8c8599c5281b44d4
ntm2_0_1496_ML	32	7613	b8e9d16b917c15bc082d2b551be1965c03483cefb109a2571dbd01b08cfac750
ntm2_0_1497_ANCESTRAL	151	38625	0b281c7719c5f3e07b57b04911cf14a1fe188cfda8dfdef4660faf3ae7838108
ntm2_0_1497_ML	151	35453	42e3e6a973b6791dc033eebb6cd57c1e849fd94687abc24954cc686965400c6d
ntm2_0_1498_ANCESTRAL	36	9129	eb2339bc565495ef5a65467a2bbb7ceea75734a53c026c4fd83917a698167766
ntm2_0_1498_ML	36	8366	2c379dda0e5c24daa20eeedb6b1972c9098d732b6410c348e27e4680bb19c166
ntm2_0_1499_ANCESTRAL	36	9308	1e1d35919a74d420752c00ad732724b35e287d2cb4fd98ec73fe3a5eab1461fd
ntm2_0_1499_ML	36	8545	ede68fb367ca23d80cf91d9fcd5b14d48b7f847e8b3c7bb00cd4d63fb63ebf3f
ntm2_0_1500_ANCESTRAL	7	1830	be25ade833982085114314ca27d303084c5304971760a5de4c8540afc62b6390
ntm2_0_1500_ML	7	1676	6b4ac962295723d768fa63a993bd6c23a6b9025f9bc4203513b100fdf66e84b3
ntm2_0_1501_ANCESTRAL	68	17359	c0e003853672292ceab64a040754d1857c1c41e234874abff8cf1ac8a3877124
ntm2_0_1501_ML	68	15924	54d474f0d4b64febc2492d25d56141d0d2df0d1c75b44c404e8942b2c46b9a68
ntm2_0_1502_ANCESTRAL	134	34406	55f8505cd3e2bfb93431cb1807e37558d718eac748fc819ffd3e7f43a7ce1d6f
ntm2_0_1502_ML	134	31585	7d0c87ddbd3e59d253fff2b09558af2b432b288184d9b78b809dcce5add43516
ntm2_0_1503_ANCESTRAL	76	19538	8c869b83f52b41a4f3e2fe741acfede63704e5a4977b6669f3067d94c9459aa3
ntm2_0_1503_ML	76	17935	7bb45b686f19003da5ff7e4b5eea209b2f25432eb231271d20d6f244af4edb9b
ntm2_0_1504_ANCESTRAL	108	27586	a7cf4e91ccc956d12a06d64266340037d1a1ff950167426cc029583c03315b6d
ntm2_0_1504_ML	109	25573	d9eb7f8768fa0e4143fcfefba491a4af4b27cfdf3cff3c5f3d3aa49aa6a75813
ntm2_0_1505_ML	12	2872	1c12bd7582db0c94d66a92731186c89f5f7935e83f5e12a8947dc0d5a72d8ad2
ntm2_0_1506_ANCESTRAL	104	26590	e693ddd7ec8fd556bbf9bbb37d2572c79894280584501e045b48decc232f04be
ntm2_0_1506_ML	104	24424	70110a30cf3dbd792ab129fb3527e48ab89ee360506be035a1cc0b91a23dabc7
ntm2_0_1507_ANCESTRAL	156	40187	1157748fad2251ab50810876670b1ada8bd40d69d3baeeec5b1c3e1cc9c353d7
ntm2_0_1507_ML	156	36895	32794ebfbd1c58369af490d11b86bec43ef664007868abd53d74613b75a46de6
ntm2_0_1508_ANCESTRAL	98	25143	a3655ed196148e88bcaa572b1585837deaba3b9db03bebc955974f9eea9ccd3b
ntm2_0_1508_ML	101	23787	24246cf1e0d9e408224376a7ef85e9afa808ffe14afe59c774b4d9632431b109
ntm2_0_1509_ANCESTRAL	48	12365	791559d8295e557b44631f7402564e4d9946ad2ba3f5e5509c4c8a6c07bce4f9
ntm2_0_1509_ML	49	11586	53f9481341fb9da1acaf18529dffffbc02915610f99cc185d72ce447a2e2a136
ntm2_0_1510_ML	6	1392	381b8a745b5460a380694fdd38d42b69c515689675b1d025129c3d7dde593529
ntm2_0_1511_ANCESTRAL	55	14084	e091e21684d363fadc6a726227911e82e39aa1798242f1f91d9182814f7f8a96
ntm2_0_1511_ML	55	12924	a41a68606561e00a5f4b9b45e4ce33641473c534978fc48bc3a414992be1e07c
ntm2_0_1512_ML	9	2095	5c6394c3c2ddf97e31d0108f6efbff96d24efd4b7a2f32bf04ca8942e8cd3fca
ntm2_0_1513_ANCESTRAL	144	36960	7e6d410a0eaba1e687ad0838e34949869eee9e1b700c5a8eb29d2846da137eac
ntm2_0_1513_ML	145	34158	d97936a864c4ddf83578536bf12ae55a3c03467c09339f56ae6f05013166e38b
ntm2_0_1514_ANCESTRAL	123	31600	69043b9a2a51d88df296ab7a08488e1bc05a1a6fb17ced03f8ce7a3a1373dd11
ntm2_0_1514_ML	123	29010	6185f9a65ef5ee7d8eb0b38d7d4169929bea8206ac00f56001764276ca61dab4
ntm2_0_1515_ANCESTRAL	126	32357	5f31079cf72175d6d0dd402b503049de77b2a89ead58768e3eeb1afd90959abf
ntm2_0_1515_ML	126	29704	a1bcb6f30e9c6f1ccff79acf6cd9ad509493169e300a3cde4138e30d152fa243
ntm2_0_1516_ML	63	14829	e7ec94978f2f192cee748a897c168d151edec565605b57027cae8b804573cb61
ntm2_0_1517_ANCESTRAL	71	18287	d64234480c467358aca3e37f5e4638b5d19874c973417b8b4345349ced4b3f37
ntm2_0_1517_ML	70	16554	81c70edea734576c581321a0ec9183568c50cb0ed32fe8bbe431b448651c0c7a
ntm2_0_1518_ANCESTRAL	125	32134	af35edbd4147018b70a48e4c5af86895e1486160dc6b1409e2064f9278a5537d
ntm2_0_1518_ML	125	29499	ad4755de5bc2cdcb0071dfc54a3e147e31e0e6e53c64100763b76703d7193e10
ntm2_0_1519_ML	38	8850	f632dc271dc0e35c91e1296bdcafdaf14a27119fde5e5e8fb9934930606ebe0a
ntm2_0_1520_ANCESTRAL	82	20965	c4fca42cf103d588b436f552e040510c56120cb1a71fa8ec4a0f2ad76f034e4d
ntm2_0_1520_ML	82	19236	32d3a0778de64d970798c608c2570b04299ea82d1bfc24ae82b7840969c33525
ntm2_0_1521_ANCESTRAL	32	8318	774f71958f8eef37143568b1f3e3a015e96fdf53963a2129561335e05dbf7c84
ntm2_0_1521_ML	32	7639	4e2f899a35f1c0e1bc61469962a75e934e9e3f2cd2f22a2be6b1dd4cc60ec1d0
ntm2_0_1522_ANCESTRAL	58	15124	1f040db4e83d648742fcf09467b469a31380df2df0ac0611d8b6ea15e930e45c
ntm2_0_1522_ML	57	13633	74c49c1e7ce5eacc20e3bc6275c7b21735f2d004ebf736ac0e8a552006aa11a9
ntm2_0_1523_ANCESTRAL	34	8837	e7137664c018b6beda664c785745aba290954bb5ff3e039b84bc4b1d859e8cec
ntm2_0_1523_ML	34	8116	10a07f30d2155cca639ff78b98a35f578ad3c004140e8a1b2460edee8738d76f
ntm2_0_1524_ANCESTRAL	94	24531	43995853c42f2b3add1df06251c3cea3d5af8bf42b2245404f9be5a8a9e3f3a2
ntm2_0_1524_ML	94	22548	eb2e096e3bc6061be21a02b30c3c23c12828cb058faf426cd387a2187787cead
ntm2_0_1525_ANCESTRAL	83	21308	3f2103133f551a68d143caafb38850c038c291e467baf9da18073f8421f9ff9c
ntm2_0_1525_ML	84	19773	d21d00661fd39766f44da383135a58f4bfd41423b9665b9287fc459bfdf7cdb8
ntm2_0_1526_ANCESTRAL	129	33336	dc1bf2972bb04aa748a9a3aeff2b6dd7ff7c1f62edb8e54d6faf5fd9cae58ad6
ntm2_0_1526_ML	129	30620	3cdd90756d11dcb30c2e3caee295c5d2c871705bab503e07fbb356887505386d
ntm2_0_1527_ANCESTRAL	67	17310	692ca1fab78e2b05163755ce3dcbcc2390e8f0f5f7d022b0d2faa70fb1944315
ntm2_0_1527_ML	67	15896	ecf640bbd4c6ff4585d5a96cbd78d77c9bd86e00e71e4cfa57540b4b543a41d4
ntm2_0_1528_ANCESTRAL	37	9562	15953d747b9b005c1c05b79f5ecf16f3f828725716320f2163283831101cea65
ntm2_0_1528_ML	37	8778	e7f287eaba69b3848338e233b730fc141a9c03aebda11e4e22cfec6e3eec53a0
ntm2_0_1529_ANCESTRAL	45	11624	e2431b71002db649d7c1e7a655b683c2ece876dafee2c2a08cf323bc990f3952
ntm2_0_1529_ML	45	10672	a0b84bd288c7e5f11beb0247423e085da2f193dd6f85ff571bde31f6cb918a5f
ntm2_0_1530_ANCESTRAL	28	7265	7f60299db09fe4f88e1bbef225daccad4cb4cdaf9804d94c57de9c8d8d9c46f4
ntm2_0_1530_ML	28	6643	ed6cbbd2de83c27ca18787d14d23d10b3544395d25134f754732b8b162817ff9
ntm2_0_1531_ML	6	1495	99a9cfb90f55bd6efbae41886b00d5b1e7132f78347cf3b41f8ae3ea541e3b36
ntm2_0_1532_ANCESTRAL	80	20489	87e483e2b8aa8e680e71940eec3047c9a38f12aeac9dff745df530966889c2b1
ntm2_0_1532_ML	80	18800	5942b7635499964be9fa04349ef40a02b2cf15b20b406b64b82571a76949bfc8
ntm2_0_1533_ANCESTRAL	69	17870	c14ad55ba2a2f42854d7afb8b5dcb09bcd8219f5fd8237fddb37740470b76191
ntm2_0_1533_ML	69	16468	e3feab92f32e7a464da299543923eece885b8ccade1246ca768c318e83729a46
ntm2_0_1534_ANCESTRAL	45	11637	9fde00660349846ac24e256b57c08f958bab0e5d168be302548931bead01f594
ntm2_0_1534_ML	46	10915	cf4b28ea0bafa89dcc9566796266094d97bddeda323b8ecf8fa65c0a2f0e74c6
ntm2_0_1535_ANCESTRAL	173	44443	62b05ee50289237fb323178d1b8cde9b2aae451935f68f1154a5e082714407b6
ntm2_0_1535_ML	173	40819	b696cfc74987b8acfce101045296aee58bca6ae16d6e0dc474164c0bf29f711b
ntm2_0_1536_ANCESTRAL	32	8079	cef9def36fe6c679b784c2d6aa341686e0a90f6fa6fcd40984262169b27776c7
ntm2_0_1536_ML	34	7904	b0f95fbc9885c6af69ce3029b502c5576b7567cb2298d2eaae3e457882e1e9b7
ntm2_0_1537_ANCESTRAL	191	49349	9c002d26c6d8c81d8fcfba194f65dd71043b303bfcb8038b704ad28bdcb282cd
ntm2_0_1537_ML	191	45331	bd5ffba086a759893ab6938c57ed340d907d5ac6ff826ed9c95f51610150f246
ntm2_0_1538_ML	66	15679	3f6a77653ffdda554c62cb7979491eccc249894cb63fb4ba9ac891e934cd22cc
ntm2_0_1539_ANCESTRAL	67	17055	33344a524315bf2fc33f30cd6808de4d6daceaf65bab7d18ef53fb1c2a28f573
ntm2_0_1539_ML	76	17715	ad9ed1d84bf2b25640ef032c013c761be8baf7a3bd56c0d9e2d4efb89227fb4f
ntm2_0_1540_ANCESTRAL	115	29544	9e064c88c2dd7035b0adb2e079f2ad0217d2071e4c8ccdaf2a2ba19fa9e729c9
ntm2_0_1540_ML	115	27118	af05f092175f91af36163a4ac87d1fac93c1f3b3b9237bb2cf2849f7d53f37cf
ntm2_0_1541_ANCESTRAL	25	6506	bf99e4c7aebdf1b8dc13c6ca5d2b2f4f1f5a57977950e17a0a9c7a19b96c9256
ntm2_0_1541_ML	25	5974	d33aed6d037f04dc7df3d30b63972c4e5dbe1313f42b3a57993bef472975d22f
ntm2_0_1542_ANCESTRAL	32	8254	c23fcca5b8da8bdf85293b50bd87018fc6208c03c542ac8d31e6b21910edf8fc
ntm2_0_1542_ML	33	7804	7067e4c8db5588fb8631d3a1c6b91526d1ef5d4e3df7902fe6d25b3b5c77cf15
ntm2_0_1543_ANCESTRAL	3	807	36af767b82db4fbf95fa112267dc5bde00a783b697219efb4c406d81fda5535c
ntm2_0_1543_ML	3	737	be1648096b56dca1992e2f4e4fa1af6c28abf0a0b9acc09ce05b2726d4fd72df
ntm2_0_1544_ANCESTRAL	4	1063	7b663d1c9b3f115412f12fc2dd7cd64db0f7d8f4e47dd836ab80052bcc837b7e
ntm2_0_1544_ML	4	972	26fb0b8ee5fb3c7f8112b49d07fca4a921e52e646d839c59f29e174e186ba22a
ntm2_0_1545_ANCESTRAL	122	31392	c55481f796ef4bf44abaf2602c000fc3f5910bcf821da88dbcb390bb5d1d4a80
ntm2_0_1545_ML	122	28823	bbc599fce85b1fec048d27808ec206aa3e326b4138dcc939d3c9d8fd9d80fdb7
ntm2_0_1546_ANCESTRAL	113	29015	dcc5672c11de9299b016f3897db66fe8790a3160d66f4c1a1c9fc1dbffbe8466
ntm2_0_1546_ML	113	26635	8ae59d1a8975cb1ed789874e56f65fcde256b1c37fc353f8d7816d0847c1c20d
ntm2_0_1547_ANCESTRAL	181	46707	6fdafd45273bac943cc48918b4db2c930136eed10fea28bc3553789e380587b8
ntm2_0_1547_ML	181	42899	4261d2bc2a7861e625a3f610cca99ab4c0f457c9a10d347af93c86af4a9d08cf
ntm2_0_1548_ML	45	10557	f6380c64d4ca5e0c03485b34911cc5b8ccdd4f45622b71662f6cd6426090cf30
ntm2_0_1549_ANCESTRAL	44	11195	6f18c1fba0c6e1a043471fbcbc1354fc1e5d1fb99577ac52ad4f1d186dd225ee
ntm2_0_1549_ML	44	10264	9d21f230c4096e49d45de18dbbeef2d0eb02e0102253d809575cd8745f0f64dc
ntm2_0_1550_ANCESTRAL	123	31611	cb496c7ce9623fd833851fcab55ed0e407a6d68af056a9650237f6775addb52a
ntm2_0_1550_ML	123	29021	b065777cfbfa3b8a1b0a5943e2b61f4eea418dbc05d752dd884bd40cc4b08bcc
ntm2_0_1551_ML	32	7409	29dc5fd1f308a31684ed33c1fca5c214da06f3bae93ef89d9d03089bc79bbcbc
ntm2_0_1552_ANCESTRAL	190	48891	8c1f0de199369f4baa8d51005525ae141e90127f051b44feab32316aad2eeeed
ntm2_0_1552_ML	190	44878	72a3dfd84e5b6697e3f4802e33972315afb6c47c65a2bb188669b9e8f7516690
ntm2_0_1553_ML	71	16731	175edb69ef716a61d108227ccdbc136b55194aaeb4874c29b124900ea00abadc
ntm2_0_1554_ANCESTRAL	56	14371	a64ec0ba9d16b1381d462642175401fa19f2259f1c59b4ec3f2220e4993b308e
ntm2_0_1554_ML	56	13188	5de2db5fec6672a8426a3ab84faa8506e67c7993663bb65ef6f2d8649f2aa611
ntm2_0_1555_ANCESTRAL	111	28478	5c30d211949737b42b9bd7a73767ced76354a5759f722c191eb9588bc445d401
ntm2_0_1555_ML	108	25416	d68d47acd2f4ee6ad8e89574754025d5caf4b0f812fff70094635ddd7ecf29ef
ntm2_0_1556_ANCESTRAL	70	17918	d3e6b7218a61985a90b991951d0f319016d3de7f84ee50b8bcf0060a9243cc72
ntm2_0_1556_ML	70	16460	dd9d38f025122030fad2a2575d8e35f87607f6637a466f97794de8ce6eae8a4c
ntm2_0_1557_ANCESTRAL	43	10984	5a68422420f5980af61a9d6dddf306ce992273566d779f03204b3fd9fa6b355d
ntm2_0_1557_ML	43	10074	323849b673ed1233450539ee08fdb6fff5a041b981ba0e8eab5251d85eb314a2
ntm2_0_1558_ML	31	7171	748555371d118300c773b2bb5b52ab482014840e5bee704cf69ad989b012c543
ntm2_0_1559_ML	30	6952	26e4ec2f9f9ad2aaa263939e8bb8dd802f3e15523c1c89abd905cc22bdb49ed2
ntm2_0_1560_ANCESTRAL	30	7754	0a29a7faf28aab31a7402863a1a4e3d12d6589d39b9870abddab38c0522cdd68
ntm2_0_1560_ML	30	7117	d6724aee3759f0c8290debec86ddcb2440a003b5d0b2322dc81135091a1e69ab
ntm2_0_1561_ANCESTRAL	83	21328	28ec37ba82e59768f320c7b3290ddab26e44c0cf41db5d891f0dbb5525dc47f4
ntm2_0_1561_ML	83	19578	a7ee35414a20d7efb0263ca7a20acec280c967f610ae9f4815668123b97e42c6
ntm2_0_1562_ML	34	8129	14e6e32c9e07af30bb551a1e9aa0e08eea4c4eec986f451844939ca406ea16ba
ntm2_0_1563_ANCESTRAL	37	9564	2116391e343dfa0d35d81893362dfa2f56d8299acf3d72765ab58586ac124053
ntm2_0_1563_ML	37	8781	9286939513f3381676176fe58402ca2f522231ff9a8e314bab9767c04672009a
ntm2_0_1564_ANCESTRAL	42	10836	e7c09b4ac7422309c00bb6dea4c798fd93435002705856f90aeab6a8bf2e882c
ntm2_0_1564_ML	41	9683	0bfffbb7e249242cc597613a68878096de1b5517131fd7b8cad26093eccb38b7
ntm2_0_1565_ANCESTRAL	39	10006	1a10dbc2597200ca48f2420f03ddf3b2770cb1957167151070a962363f66ef84
ntm2_0_1565_ML	39	9187	3e40a7727486b64d4548cd751ee8b117bc5f5b9d0e9e6197f9592133fb078e69
ntm2_0_1566_ANCESTRAL	34	8767	0ee1cb9f47fe1c4ec0f9d0ffaad5900808f01a7d2238512fccad05883ea05ddf
ntm2_0_1566_ML	34	8046	a28115ec01fd9a8f801a05ba3625955ac616647a007d25abe40b7bd40f536817
ntm2_0_1567_ANCESTRAL	69	17730	f20f3f3cfaa3711bba05f09c29ceb599439de87c4acd0d0a300a5b2f4364dd85
ntm2_0_1567_ML	68	16040	23e3d82288b462180ebfdb13b5d35c6e85ce326cc6f0c1a09ccf7145c2979675
ntm2_0_1568_ANCESTRAL	74	18955	351f5685c10833bce1ca2898ce7551b6150b34b8056e5bcb235bb2e1e8bee217
ntm2_0_1568_ML	73	17160	26cede8f9116b92eabfc15f4959946f8b95cf2f0f6589c74d327a4ac4b25b10b
ntm2_0_1569_ANCESTRAL	26	6726	e058ccef02c432235ac2a46ce9e5bdebba415a102459209b1409ce4f642ffcf4
ntm2_0_1569_ML	25	5935	d156db829105fa0e039ddd8ac343f74f1597313fdbf3e7f297321b4ce28c68e9
ntm2_0_1570_ANCESTRAL	84	21661	25b5ad29646be9b777ed16756864392a7682cf19db6f206507a0c22a636afd57
ntm2_0_1570_ML	84	19876	d4e7f3926cc4b71ce49362eca06b848b25b960d8be845bd5099497ba3a3a8084
ntm2_0_1571_ANCESTRAL	189	48737	822de44bd7c50ff459fea2540c7957bdb8dfaea0f945231585b3e294570df12c
ntm2_0_1571_ML	189	44787	ffc3b553e421ab4698bb9faed59f2213df62f6b16302a9c1d005d48da2f20157
ntm2_0_1572_ANCESTRAL	25	6471	abcc7fd6391990fc37fc03ba57efb3e8ef872b55cc50ad6c0618813a19239417
ntm2_0_1572_ML	25	5939	da02201c82dc43451c1e2d824321c665cfa118e51fbab816b9717c524181b68d
ntm2_0_1573_ANCESTRAL	10	2618	37e3fdd22494cf017f5c2ab1dffe315d4a37b5bb2eabcdeee56ae07f1e6df57b
ntm2_0_1573_ML	10	2401	480e43bfece0caad04d37a05e078e6734d7280a7cea4e36371c97ecb2a5008db
ntm2_0_1574_ML	55	12948	5643800f00fb8bd1a51a3af87be29ea23a57cd0a308e53d65920d77f63a5a58a
ntm2_0_1575_ML	46	10791	6e6683466f2e526d0b3ca14f15d312d91e514bb93ce09714b7294c93961fcc06
ntm2_0_1576_ML	46	10791	95d40e3e3c61f3f734aaed64c746d7b1592d9b4ebf57ad37b8594341046fc534
ntm2_0_1577_ANCESTRAL	29	7533	a00fb19823552737ee43db7d940d1395ee626cca062c6bebc23d6edba5c45c3a
ntm2_0_1577_ML	29	6915	43509dfac67201c0f61d51650f28dee86972ed39c02fa85c089aaf538079d476
ntm2_0_1578_ML	9	2207	8948998a2e3173ef58cc16a550d384f03812b89cd703ea511ffa378b66d839dc
ntm2_0_1579_ML	38	8816	f6317d2d38db34bf6d161fd97cfe8977b915a4e4179d57c60be2a877a064d1c8
ntm2_0_1580_ANCESTRAL	15	3890	a7fe4955e03518a17fae774006bdc628a8b1e0eaa13e4e6022a20737811cf0b7
ntm2_0_1580_ML	15	3567	f456b3404709ed955b9bd8dcf80d16b5a5dcfab2d3bab47111176153d798dac0
ntm2_0_1581_ANCESTRAL	13	3389	f31cf060468e970b650834c59a1e3d64d55532ef9fc6ace35b23375f7ca64aed
ntm2_0_1581_ML	13	3109	8ed6fd75d3df8c2ad50f78ce0fc60e87d4c1519a278ba9e3710176e5bd2966ea
ntm2_0_1582_ANCESTRAL	51	12888	e21f3ae61c758678b813f2eecbbf00e06f895de4764090c72671cd695d0a5ad6
ntm2_0_1582_ML	51	11809	e17756de5d712d7b8d5ca31346693051667099a09571ba9e9e957f32e26b83ed
ntm2_0_1583_ANCESTRAL	16	4049	35a394956f06e654a327a6033d0113167390520279a01034001c5ac72b73048e
ntm2_0_1583_ML	16	3706	a33f573d8a87745c7cb01ba5453bf843a8eb28dc8b09b329cbaca1453bf86757
ntm2_0_1584_ANCESTRAL	17	4345	3ba9faf622b4f083d413168d0461b5a6cfd7b830dad98cd34ef98a2fd32225c8
ntm2_0_1584_ML	17	3981	1b35c34784234e210d9381582df4b131e1155e576ccce323e06664e6cb16b5be
ntm2_0_1585_ANCESTRAL	88	22679	7a2c9eac45c7ebc78b233a4de989b5a5e660a302f2a2c6ee9e9821034205fab8
ntm2_0_1585_ML	88	20824	9686db61901548b99245edf53ec5393e4180906dafd06bb83dea936c3f8d4e84
ntm2_0_1586_ML	49	11493	e58ab320b815a8d370145a1f12e193131ee5a7a628472d97fd8b125224e15da2
ntm2_0_1587_ANCESTRAL	105	27042	0d6a27ea94e2c6139696e1b826317d17c7c62c7b0c6f4ba8e2c6cb111920458b
ntm2_0_1587_ML	106	25053	03c0f7e68d006d56680fb0a984be34258ee0612fcd81d34e341783debed834dc
ntm2_0_1588_ML	8	1979	2575a0ce8da9055f44411b10f3f10b52a200678b5a80f7274f2b46366a8390e3
ntm2_0_1589_ML	43	10075	6a1ce8ca9d37f9c3b7129aa4e9431902029dd544314c938e62be4e49f72cefc9
ntm2_0_1590_ML	47	10999	16a34d003d6a2628a67795126f0cb27d3df45ad430e80ef6406e3c4a86ce1ec5
ntm2_0_1591_ML	42	9821	7108ac59469b5024d03c519ac8d984711e659237bec340bb04582d4149a4b574
ntm2_0_1592_ANCESTRAL	28	7323	332710687479ee94b2667230c2419541d5513f05e583bb7b502087c075eeacb2
ntm2_0_1592_ML	28	6728	c6791468e392356be5cfebf829698ccffeeef86e51b0a37cba30815b4bf346b5
ntm2_0_1593_ANCESTRAL	24	6346	afbb1cbe9a86d9a32f0a1aef5ef4390001255e5ee0bf57bc8fd6209a8a0acd64
ntm2_0_1593_ML	24	5835	900a36fc882509fdd8d3bfc847963793592c00da6e8a51903d646d4ddc34a6ab
ntm2_0_1594_ANCESTRAL	30	7829	72c7880fb1fa0ee30b2d568636f15f0502f815b0abdba6281473dd3ef9af7c61
ntm2_0_1594_ML	30	7192	d4826eb04867e8e94aeaaee640c499960eb442e6cc4b954e2c677f1c36351abf
ntm2_0_1595_ANCESTRAL	54	14172	7b98fab4af01978be6148837e76c63abd3fb88d1ff62e0095c7885d26efbfa9a
ntm2_0_1595_ML	54	13031	beb13b5894c14b3cbe570dba8d85678886441d7d36fb290645c92281af105d07
ntm2_0_1596_ANCESTRAL	15	4070	6aaeba1a3e31d233d1f61025b51e10cc24b5d6b910e423560de5281276b5cfd7
ntm2_0_1596_ML	16	3983	3e363665c7f8d61c620ce16846c0ac30ec74ea0910738422c5ec5c5a8fa66fa5
ntm2_0_1597_ANCESTRAL	58	15192	f9f337a877a3f7da4c968a5a1bf27377f7ac24709dbc7f652cc603d762a6f935
ntm2_0_1597_ML	58	13967	a0b196adf63127d95a27b1b86b7789c2de002d26b64776217e8ca640bba9e036
ntm2_0_1598_ML	3	750	c0f14560b76963d4dc6503fc559bd25bf00a80c11e810fb92bc3a41a5cdad059
ntm2_0_1599_ML	7	1687	3665ec2e5ac4f99806ae8fe2d0921d8bea4f18847ce7a768a07516348142e095
ntm2_0_1600_ANCESTRAL	38	9834	cdedccc282855ca843eb9bc844b9676b3e59fc58ffe93ad3765f33e94c47ebb1
ntm2_0_1600_ML	38	9029	bbe75e0e490a971ed5e45b03e5e007ada763d3a6355b28bf70815f97b337dcd4
ntm2_0_1601_ML	11	2657	f1705b08e0cb21d5b11c5ec48e0323dd645a71533a6ed72363b399f46cf60bb4
ntm2_0_1602_ANCESTRAL	20	5174	78a3d0c9d44e1f19a203e9e4a79f8ff358c6ccb5a03879b5496db3e321c81c23
ntm2_0_1602_ML	20	4747	4ce255a46ca34b7758f5f89bab44dd73930bd6de2bfbae238861449f217976ed
ntm2_0_1603_ANCESTRAL	23	5889	46d953928f43770955e06db59444964de02dd7765b5f2d49d4cad70caab4d3a7
ntm2_0_1603_ML	23	5399	4eb554e18fac0d6871db790ca3a250ae5f7610114c3e79ac51d313022af7fef3
ntm2_0_1604_ANCESTRAL	11	2855	b0787876159f2a02569b9691f1bb72e99c61429c9890e1ea3bac184159426ff1
ntm2_0_1604_ML	11	2617	b6e9237ebc32686436281235794ab51c83b29c9f44f5b00bb2e5edd350f94df4
ntm2_0_1605_ML	24	5682	e63167772c5e2d89088861138f939fa0ace1bf57d5f189f50f77dc623c5e7f5a
ntm2_0_1606_ANCESTRAL	54	14006	73a9fd97d40ea5fd50ae60627007a01218e89fca7d50864bcae5825a8cfac21b
ntm2_0_1606_ML	54	12865	62ba73b5bdc1313f8098278bf755ca3e6f96a32fe8860d14a49d6ff8c3a581dd
ntm2_0_1607_ANCESTRAL	32	8318	a7d21f4bb09015da8b4ff57e3c09fcf62f00f132f2abb782d85e5df9cdc7850a
ntm2_0_1607_ML	32	7639	84daeade07048c5bf7a4d41f2acb2d8441f8b12128a9423017e2750fba4815b0
ntm2_0_1608_ML	12	2892	07820c3d47248fa7394e3091ab7ce847323498fd2c85aa0ec59be6d3041843d1
ntm2_0_1609_ANCESTRAL	32	8252	d3d492382a15d1eed46358991121e74f472132c0ede5764e906a8d8ae436ad89
ntm2_0_1609_ML	32	7573	b7e67c87a5942c15138c1a631a8129e9f9ae695005cad33f3687e0d049a05c7b
ntm2_0_1610_ANCESTRAL	32	8263	a7a42538a517528f58367a47317bf2d9d5728c46ca833d782403553b595ad873
ntm2_0_1610_ML	32	7584	3c6281bae8c642eed350c8a130817a37c5dbf35ee266ee2b3caab2b426e8a1a5
ntm2_0_1611_ANCESTRAL	15	3898	0ae9e443bc97eb522666d8cdfbdbbe92251a35e64ca1bb57b6388eccfaf18a3e
ntm2_0_1611_ML	15	3576	962fa446e99df167f851729ad7a9908f361419e945ef04f8ca6d4439d83faa78
ntm2_0_1612_ANCESTRAL	6	1565	78381a803c34dd44fd676264a949bec52efaa5d9a247df0a881e73d35e62f173
ntm2_0_1612_ML	6	1432	f7be74e1e5edae5257b365511b04f80b7d3859f6732a1f7f34388e1fe7899994
ntm2_0_1613_ANCESTRAL	139	35735	0910bfa52f3dd262620f9d22c54b1d3c293ce064ba6530c4e7cb795222590097
ntm2_0_1613_ML	139	32811	a1d8968d073670e7ea0faec87e574753a4653076038f06e9e69d815e5e612f18
ntm2_0_1614_ANCESTRAL	53	13819	76a284f27b993ae3816bd3ea5d4c381fecb76f57d206d9aca6a4ac59654b2f45
ntm2_0_1614_ML	55	13173	ddf0e4313a82d36a520ef3e05c2e97092e5b7b810b7e8576e85b29ff8985e6e0
ntm2_0_1615_ML	37	8825	2471f120cc1d7c4ee8b83d4444ab97db89c470c29c78a5bca160c5dcc8f231d9
ntm2_0_1616_ANCESTRAL	193	49707	e3acc71c04b1d381f1f361082ba9806d0b74d0ecbf748a87b62ceac70faa3634
ntm2_0_1616_ML	193	45647	6fcb7426d6b890ecde53c246ad5854fbd00048396be35e67d095dc0204ace514
ntm2_0_1617_ML	70	16354	4e694a3475f825f58618573b4090bbdf486f939a4003417a8514a926b92fd227
ntm2_0_1618_ANCESTRAL	15	3912	16cbf9b6100b14fef75d8860db0183aa4be9dcc777aa00e74e9e6155a4d336b2
ntm2_0_1618_ML	16	3825	3031e7d971b8387c79ff6a48f5976298046c183758c3940b826b5a552a74a69d
ntm2_0_1619_ML	10	2404	4d15d84698643848d415a34ecba9da877197e2dd825f4f409df8c02d06630464
ntm2_0_1620_ANCESTRAL	42	11034	9eb8d02d45573f8c9e4fd4356566fb14031b96b230542c95de2651f0f183951a
ntm2_0_1620_ML	42	10145	e9d6cd58520ccf4f0bb525c36a554f443fd97023e3b91197ddfc9196722769d0
ntm2_0_1621_ANCESTRAL	44	11462	d9ac9fc8976ed09fcacd5d2bfa96c4f6d9026577363905d25d2056f034f142df
ntm2_0_1621_ML	44	10531	0fa6a48acd6196243d84822136c7e6c4d9ade244e8804dd7caeb36c0543788c2
ntm2_0_1622_ML	3	752	02977e02dcd1d9e49dd545043197d38eb34fadfe37273806fb9b7da49f2e1b8a
ntm2_0_1623_ANCESTRAL	6	1623	343f88fdfd56bdf5d35fdcbc8c8b7ef3a35df3a57b7e8f48fcf4510ce3b23d00
ntm2_0_1623_ML	6	1490	9ff236485bec94d33ad8e7265a9371670e5d7d8e1cb9bf83bb5bb648d802301e
ntm2_0_1624_ANCESTRAL	90	23101	69e68681da7cd4ba5feb27b1f11ec24f6fbe8b79d12c21765957da4ebcb70e1c
ntm2_0_1624_ML	90	21204	c23d223ed01bf4d34c3d1cff31103f295aa0ceaccf4f129139fab4cce4e0ae01
ntm2_0_1625_ANCESTRAL	207	53368	1e5c643a9efc35f00d2ceba9cec06eb9fd909b9e74785d05761d2efa3b325eaf
ntm2_0_1625_ML	207	48995	fa836451c1c5a6749ceb66342d803b0253e50dba42c4fc5addd58dc84ee6b881
ntm2_0_1626_ML	64	15067	ba048bbbd7f8eaa478f35672ef0673462a049aac75aae2c54e5c222b465bf990
ntm2_0_1627_ANCESTRAL	3	808	74dce113983302cb7a23b8431dc4aabcafc7177bc5aec9fd73cd8504c8bf1b1b
ntm2_0_1627_ML	3	738	635abeb54a53ea976306ffce9ead40aea1ab950c56bc5f25f3a33c1f1efa9caf
ntm2_0_1628_ANCESTRAL	3	808	e5d4398f169a399d8bdddbf4da90624cc2b16342c1aaa54998bb42a6ff86d63b
ntm2_0_1628_ML	3	738	562f155fa51dc769a075ffd8773d950f5f8ffd6106cca0789796b012cb633e16
ntm2_0_1629_ML	5	1203	a3ea96dc2816727b2ef2c3f460ef990ac00c1f25295b67be3a3c55042812a075
ntm2_0_1630_ANCESTRAL	6	1591	d567a26e2fb5088bda75fa7774902d72ca54baa620158554b7567c54dd526e63
ntm2_0_1630_ML	6	1458	efb89e165b1c6c55df5791249c1ce5abbc9d6dec858830fdf05e3d69a35eddda
ntm2_0_1631_ANCESTRAL	6	1591	ff9d77664e31dcbcd5c6964c1e4dc35db038d67d781c590c6e5e7c2584a45f74
ntm2_0_1631_ML	6	1458	498df36d38f29b40b8f4bdbabbb93281a0aaa1479b825225f0fb05f9c1b23b3c
ntm2_0_1632_ANCESTRAL	22	5742	9f4d05c291054675466d0017ab264ec18bc32cd9520b2d08aad22aa17ac32b8f
ntm2_0_1632_ML	22	5273	22d28d88fc71f4838c2ee9b62285a97d772372a01ed9a99aff61251fa1c6a5d8
ntm2_0_1633_ANCESTRAL	88	22701	d7d640b62a7cb93144a45ba75838058daa8bfb6d8a3cdfbba17d01802cae4817
ntm2_0_1633_ML	88	20846	b4de4e427fabfe4dd57ed73bacb8f8c239bb28a1c571af76679b856babb6c0c9
ntm2_0_1634_ANCESTRAL	58	15034	1dd8e2fb076fdeeb015f378dc71a083379a55f5ec82114b9f61d1864b55a095b
ntm2_0_1634_ML	58	13809	7cf551a8fe60dc128cd560eaa0a1af6247bf177a7defc8d224929b6952b9d19c
ntm2_0_1635_ANCESTRAL	106	27610	3c90008efd86173fc0e300e185ca913e21b88d00ca79e8b46759e5dd647eda1e
ntm2_0_1635_ML	106	25377	ed90561b47abd4aea17e15b24d5f70bb61970015ca255fa3ee31610ffe911f3b
ntm2_0_1636_ANCESTRAL	50	12976	a395cc2ac76279e5710b46abeb074387142ce98f8ebe145cdc7aab086dcdf43a
ntm2_0_1636_ML	50	11919	f35269a1e79fbb89b313b201419103e082634fcef603b8496bd9efa9f7c1e196
ntm2_0_1637_ML	43	10293	a10a83e5baecbff214cf0130272f54c4d727a55dff0bcf1e11b5af5a13113132
ntm2_0_1638_ANCESTRAL	12	3141	5076c5d311190bfe4f86ce5d1dfd2cd9e1e4cb5dd8f72ad00378a42f6f059e53
ntm2_0_1638_ML	12	2882	9c3a3716fc7b6f9b87e51d1a28ff2b64f05f7e8754a36179eb340ade3512aad6
ntm2_0_1639_ANCESTRAL	22	5709	56c72dc36772b556338ce53405205f8fa401040d7d2aaf309d8739ca8ef80669
ntm2_0_1639_ML	22	5240	482c5e41349d8c2efadcf948ce67bd28f6beaf543c1dabba9fb26cecc66248c1
ntm2_0_1640_ANCESTRAL	8	2112	995ed93d8a8e05451ffcee562ff9a66054a0392bdf37f36e62038e79b5aa8496
ntm2_0_1640_ML	8	1937	9e418dc79be704f6ef32a83c27e2cc40c4936a5c25a01e7892221183f418d064
ntm2_0_1641_ANCESTRAL	22	5701	13891d7ad4fb5c5f105b8fa77a1827b84691f1dfe23b1d8deeef293339422b76
ntm2_0_1641_ML	22	5232	539bd82bd76c7b04c7fb5f9132889dd7d7e1b71facf09416d0c5a8512d6239bf
ntm2_0_1642_ANCESTRAL	199	51495	0666a9507a8e12628a37ef71c70eea0dcc631edf6d63b4060dfd09f663a60d2c
ntm2_0_1642_ML	200	47546	8b1a492074b4d8b7451111c5b6748e05d6984aa04da3b9de571fcb31687438e0
ntm2_0_1643_ANCESTRAL	186	48073	54359fb956e504758d23ace4930c71a03001e85b6325492ee48c6fb4a21a6b4e
ntm2_0_1643_ML	186	44160	27f09b9f5e92881f2ff99dc964f72cc6707bfe9a0acdc608a5dc3209c827177c
ntm2_0_1644_ANCESTRAL	37	9570	1248f66a2600ee930fb201b900469304eb2ea7dd1fe0990a87be32e8283d61e0
ntm2_0_1644_ML	37	8784	e19886ec28f9568ce8fdcbf8871d09738297c0ff0430c3d30759db8741fd187e
ntm2_0_1645_ANCESTRAL	34	8868	a69f21a88916b40ca1401e1eb0263054d1304b1e938f79a2b5124c9e8d19d017
ntm2_0_1645_ML	34	8148	5a6fbc23bf7a170c499d34bf0dc20b5872e10c229238d4ab66021c3317b112a2
ntm2_0_1646_ML	6	1479	a0905bcc55de1d0d3020a46cd73a151905be61042128147a54bae95e43970d1a
ntm2_0_1647_ANCESTRAL	115	29475	3e32498a7ee632a8e3bfc649bf5bde3a00ba5a779c3d2149e2bfa2bd4f632d7d
ntm2_0_1647_ML	115	27051	98ffaf5ea9ace1bb9cb92022c6a2805636238c9df5062ef800491f9879862cba
ntm2_0_1648_ANCESTRAL	104	26488	b883a44144a6ad6e31d3a2f72ecb356519758e3e43a20aab6f167480e6bc6268
ntm2_0_1648_ML	104	24297	9246185a9e832aff14e80f93d7f21bb7d487d2200b72d4b28a5cc6083005fde3
ntm2_0_1649_ML	35	8083	3e15b57ff66d634dbe819712e9e1fdc32ddebaaa56b4a7ebf7b0d01cb58ef2a9
ntm2_0_1650_ANCESTRAL	55	14047	83a5d2a79d9ad3e554e981467c63bac4346e2dee24d06e8b421d50a0e23c2e00
ntm2_0_1650_ML	55	12881	35425b401bd2194bf6b39d286879340223f67d92b748e88d949a6d90ff42d0e9
ntm2_0_1651_ANCESTRAL	113	28836	5da883ce4924a76efbc926f2bc89414dff8b197f64ce251f61228a937690cb0f
ntm2_0_1651_ML	113	26456	60136b9cfaf65571d558c55415d8778d1aafaff41ff556dd2a6f47b5e5f14826
ntm2_0_1652_ANCESTRAL	11	2849	b7e054a1ad4065f8d8b583721a7beba7526ca321a1ec6076f91202d2549443ca
ntm2_0_1652_ML	11	2611	947a0f1b373ddbf9d54c24db665654415e74b16fc2c33aab5e78ce9de98e9234
ntm2_0_1653_ML	6	1435	c69c3eedc16e9a854065222db930f3aed9cbb798461f0892eae5a9b0aa39cf2b
ntm2_0_1654_ANCESTRAL	98	25407	9091d63fe78701d8ebde50ef03a1e46de76789206451668c70a232096866e5e0
ntm2_0_1654_ML	92	21893	9152a8efb3c69d6588627985a17498950ac4a22465b76fe15f9aba29d3b10629
ntm2_0_1655_ANCESTRAL	47	12171	bba23591b6bf59a2444ee11edfe811624c76fd9455588ce99cec8d95ab1bce56
ntm2_0_1655_ML	47	11159	36c4408499394ad5c0144a7cfd1582031fccd5a084654ceb62f8e2974b3fc8e3
ntm2_0_1656_ANCESTRAL	45	11654	49f566d6a354bb383ba64bea2bc307e9ea487846e62387a23f74099760176eea
ntm2_0_1656_ML	45	10702	f1390e52c4873b780135940cd02549f258de626682dca4a1522f449e35702a99
ntm2_0_1657_ML	32	7557	6db3f45dc1c59b11d28066e77bc37cfe8edf5967d11a3dd25f40d6372c0175d9
ntm2_0_1658_ML	38	8983	fa7b0250e4b2c9662196a974c344b2f1c10e6e67dbbffacd3da315b9da9b4bd8
ntm2_0_1659_ANCESTRAL	18	4793	c20f93a766ca6ac90c626278688e60d1ee191bccdc7fde8b89c610d47b1f261a
ntm2_0_1659_ML	19	4642	35c118a822fc2e13367b7b8827378ddb464bbba2026905af3f0474405f6dc267
ntm2_0_1660_ANCESTRAL	48	12693	b65e878fc00b19c19e6222dd2ff1b995b6ed0ea8f7b7108f08fbe5085edda8a1
ntm2_0_1660_ML	48	11678	244ee8fcbc993e7496a91a356c1b781a5fefb1e3e586eb2462cd332f630241ab
ntm2_0_1661_ML	22	5362	98779a48f122d61b4d022d027ead4454a62257831c1a3d7ca140f205351b9004
ntm2_0_1662_ANCESTRAL	73	18883	52f291f33638f79739026fb541da41b994f53c60e57f7945c36be16fbeea51af
ntm2_0_1662_ML	73	17343	d423ba168f1fe163026845ea61a491fed229f686dd2b27b3ab158998c96d8399
ntm2_0_1663_ML	5	1230	496851255acd1ba0120e12d0e8e10686c764f9eff3c607a57a3581ecf4355b55
ntm2_0_1664_ML	19	4535	5dc2855bd6a976a9ce83ee1159be625fa4ee60fb758fff95c83390ba160db4f4
ntm2_0_1665_ANCESTRAL	45	11644	33800c670acce80af036e38e5b3cc5e722fe29fc485e21616ae5672b5b379683
ntm2_0_1665_ML	45	10692	571e196625db6bf80d2a63280b9ccea7cd6d858b9fdf4e301a070b515f5038ef
ntm2_0_1666_ANCESTRAL	82	21217	aa5d0fabac457e264cc636cdf806721bf35241e324669055c27490acb4b6fd27
ntm2_0_1666_ML	82	19488	b369684be0c22b1b91f8b6a85ac7b8a64d469119cbca3059830f274b93568beb
ntm2_0_1667_ANCESTRAL	13	3346	24c823fad083793784f8a2c4aac1c783449df3522f31118b46760b9e39ed2ee0
ntm2_0_1667_ML	13	3066	892599acf5516fbd6bf67222a9b10c9cf305ceff0d6f420d2e275421f13aeb9c
ntm2_0_1668_ANCESTRAL	11	2833	c6550deb0ccc6323861f98a3c5fb5c7874e6f31d728a51497d02461f9750831e
ntm2_0_1668_ML	12	2817	0a44b4e290bb52710ec1ad5d86bf8a57441307451b1ffbebd6c3b1007bd5b051
ntm2_0_1669_ANCESTRAL	9	2381	cddfabdbebffc923e3fc4cb48d59bb3c688656710b343b663dc21f65572e3835
ntm2_0_1669_ML	9	2185	d7a78528678b7771b24f01307d4f42ac8b885414b1e9b766dfb89bab3355d245
ntm2_0_1670_ANCESTRAL	186	47806	cf0765139740f4254c9fffb284105b9e7fbd8bbb9ce38d40f2204d7388e60137
ntm2_0_1670_ML	186	43898	9a44a21c7e0afc9a963bdd5443345b3c4c484a2c37188cdfae9a6220b63fbeb0
ntm2_0_1671_ANCESTRAL	292	75302	7054e7527ee62a720e8061d3271b54415e0c18d3cf2cb77ce73361d765f26dfa
ntm2_0_1671_ML	292	69192	ad24882973204d095d8c1bd46cb6581c1026ff9a5ff275344100f51ea3c14a38
ntm2_0_1672_ANCESTRAL	189	48622	fb1b248cbc317cb8e20300b525e250b00a062e463bb25718e77c28ee9485055b
ntm2_0_1672_ML	190	44883	3c89d0d6a0d9cbe4e29992f00aeba0e37db479eb9b7fecbb64837ae112a43a7b
ntm2_0_1673_ANCESTRAL	169	43749	58d5b18f45a2bb2694bc5aecccc2255c9d430adea3a4e892c5faaec0b5a6f21d
ntm2_0_1673_ML	168	39978	fe2950ba637cf50b330f8ad5ae99ee5275e880c5c155ce98ef84b466cebdc43d
ntm2_0_1674_ANCESTRAL	118	30280	75705540f43387921c984cb5b73502be6947381e2e7d8327d59fee64a391f3f2
ntm2_0_1674_ML	118	27810	6e965a3edfa884be554055c8ef5901dc1b72a8736b20c23fe64a7715b4ecad9d
ntm2_0_1675_ANCESTRAL	69	17653	8610db5259e9adb59cb8e8d95e99466a97a39ac50fbff009b0fd1b3d7d1bb837
ntm2_0_1675_ML	69	16200	dc44f597cb325ab4911fc58bd07004e712c03ff0f63ffd786e898f34add8cf76
ntm2_0_1676_ANCESTRAL	76	19570	f912bb3ef3b6d8316198dbe5cd9e97d3127b614b32d6468a1e0d522cd967f6d7
ntm2_0_1676_ML	76	17966	fb9544c83ce93596fad256754e83d5a53a962ad08ddd8f40b781a42dddf6bd09
ntm2_0_1677_ANCESTRAL	49	12535	5dc0417a98eeb4796a06d8fead9c55d330b008ecdb265d61d59b23575e43f21f
ntm2_0_1677_ML	49	11514	4fa2802c2ce1b1b54006103b7880902d1c1cb5d99f57c6e2eb46b62d792efedf
ntm2_0_1678_ANCESTRAL	75	19230	93e4b3999ff34e4c89f2223de069074cb22ee2ec77708e40c46825f6be374c11
ntm2_0_1678_ML	75	17640	07d5d0a160d4048f33b6870310def77208f1c1bf9f163dff808b8d4884f41ba5
ntm2_0_1679_ANCESTRAL	85	22020	c696da41421142880380b2ebc1a88affbacbdc9874746d12dd66476cfbdacac4
ntm2_0_1679_ML	81	19366	6f4147375fc32ce5b69af81f96f7da3d1e48872debd1c32aec9c5346dac31a33
ntm2_0_1680_ANCESTRAL	83	21554	55e48d604b09e1232372ae1752e6356c41d5cbf1b975e82f7168f266ff73d8e7
ntm2_0_1680_ML	82	19573	0456497584b57d6b1768532514260eacf4f38e9659e444392cbcd307758c1d42
ntm2_0_1681_ANCESTRAL	164	42457	332e92999fccd962401d3b65d32e59d003b76b4d0882f03cf423d2abb09a703c
ntm2_0_1681_ML	163	38740	94b4435ea1404fa4fef60ccfdf4a7859fc9d7d89656ec8e95e67843b349f54af
ntm2_0_1682_ANCESTRAL	142	36598	dc0393bc489ab739779b73e8ffa232320519a9e68ccd62ee99889edea58e8487
ntm2_0_1682_ML	141	33387	326a4602c748f96c4492c7c1bd0ce7507978eeb64092eee10aa44494c54743e6
ntm2_0_1683_ANCESTRAL	162	41635	701e81decd07589c8a0e43ea3fec21c9051d94b0c4c095283779cd8a64864088
ntm2_0_1683_ML	164	38711	8d90c8c4458e667249f7f86a2ee50b4ace3f39c3a6e8cd4446a992c927e7d507
ntm2_0_1684_ML	41	9601	85c34ea029e0e3d643f92da0e5887b0d7c3c0da67a2dc8b6423964b26431416c
ntm2_0_1685_ANCESTRAL	168	43092	a6357da70953bdbd1deed0dc2bf499d1a7315ea660e2df301eca1436773c14aa
ntm2_0_1685_ML	168	39542	8d57df67d9e847578da552ad33286eaa5cb219984338e72fa777d3f44f561ec3
ntm2_0_1686_ANCESTRAL	143	36688	d33869fe7fcb965b22c1dfbce6a98c8f4a5057bd2f4401503faae6a06922a48d
ntm2_0_1686_ML	143	33653	7c54d736db366c37b1c1be09afd110b2b18c831bb50283c5d927369e2a27b479
ntm2_0_1687_ANCESTRAL	148	38475	e919ad755bbff52dc33c14035533dbf9c11ceff2380dcb386d38c601a0861640
ntm2_0_1687_ML	148	35339	4827f8a1cdda1cb8d8b63462753375d3825d977cfb78eafb35e91b27740681d4
ntm2_0_1688_ANCESTRAL	152	39577	8a6e2c6dd981b580012d75575bad52bdbe04cfe965860fc1d89e10f8922e289d
ntm2_0_1688_ML	153	36598	2a3eee74554ef31a0917b5e24b4dcf1ca75479f1bbe508f8704ff9027094897d
ntm2_0_1689_ANCESTRAL	223	57548	2efbb1b7f1067e59034a79b1b7d4dd200f46daff7af01593bae25bb3cb2fc64e
ntm2_0_1689_ML	219	51919	4e5d5ad00e5c4aac1f8f20da5e6c08d3b823a539e0933b1c3b3a2162c67a991e
ntm2_0_1690_ANCESTRAL	149	38483	5ab5196bc7c03bd71d60cf36dcc881ff1d68dfe3c1af4dc7d5405909e28e93f4
ntm2_0_1690_ML	149	35382	e018cbe7cd54a54dcf5569a075678ff143a906fabdfa5488c9423774c2a2f618
ntm2_0_1691_ANCESTRAL	63	16027	d4921885b26f1f52684bfbc8f89b29e7ba1e57114584d686cdeec69939c5c681
ntm2_0_1691_ML	63	14695	db07056fb08fe42dc6a4faa46ff4ef153b835fd912cb844a62f81a7c99a093ab
ntm2_0_1692_ANCESTRAL	82	20977	af1e955bf7fdb99587be25fffc94310139795574c843e71e2307a50461f3e32e
ntm2_0_1692_ML	79	18540	f7624bb4f32a2d4e09f9630d0b242b281c26b19f624773d647ef9498405f1d70
ntm2_0_1693_ANCESTRAL	126	32190	d70f058b722e0a01b3e4ecf7a7541b8f511ca8bfb8910ba242e5a75a3025b0cd
ntm2_0_1693_ML	126	29569	2570e42f7395d0855fa0bd8e16477a6cdb839393346660d8f9216a3cb4e862e4
ntm2_0_1694_ANCESTRAL	87	22339	7a612011c19cf0423cb3492ee7ced1ec6031af6d9b25757feb36f2bab74689b2
ntm2_0_1694_ML	87	20521	4f06fb43ce9b5bb30e4fec3fdf5cf468a31f7a704a8e677c5b7f320e0c132d98
ntm2_0_1695_ANCESTRAL	144	37113	9904ffc87fd712edb5d63e8bc0399f484595ec8c38281894c7edb10fcbdcf62c
ntm2_0_1695_ML	145	34321	3449c2766fc405ec40ee9b4f453de8c251c5b0a3afc830874648bc6ec6ea9d78
ntm2_0_1696_ANCESTRAL	82	21178	f7d21583095ee8db0b549adcc9119899758ddb10d8415cdab33d24a08717ebeb
ntm2_0_1696_ML	82	19449	0945847177f134dcd26e40fbd0d28765ef7af0c147e888c71e19d926eae33316
ntm2_0_1697_ANCESTRAL	82	21065	ab845ad1812917bec6f9e29bcf9a6ad16bbb6bd7ed8c36ccce5f7869dde5be94
ntm2_0_1697_ML	83	19575	cd85fa51d8f9acf6cf45a2609d0d593dce39859dfc4e62099c4cd8e583c67681
ntm2_0_1698_ANCESTRAL	98	25099	fa2d15004a229976ad327d90d15b69de0f2c47c6c19754d1a6aa2a4c3a5985b2
ntm2_0_1698_ML	98	23034	db1bdde0df4def9c7f158e5b9dbf9b58b921781a0c48f6db8d8724b7717b46c4
ntm2_0_1699_ML	63	14839	ba4b1e527b911687a57520a7c5cbbf2c0df9e27235c60f31079a8f706447d591
ntm2_0_1700_ANCESTRAL	138	35523	f1848714802f77bb92f2d822c0751f7ae7cd31644eaee1e33ed20260dd0c47dc
ntm2_0_1700_ML	138	32618	b2b06c4f88bffa8f40ebf53a91b04b9ae7ee9ebb6afcd19162c52d2ff77b8bbc
ntm2_0_1701_ANCESTRAL	88	22539	7bbe928c555a4d0bafbc825a805e9ce4878e6a593ff9108d32ff2b4d5a7af175
ntm2_0_1701_ML	88	20675	b47b21ff3af1ec2df916c2cde4e37300455c5c921ff4c5f1ae56bd4310e6cb05
ntm2_0_1702_ANCESTRAL	48	12235	8ed1d70e2ccede1a2511730b2c0a3dbc977c8fc7dc551f2a8f1c772fa4bb89b8
ntm2_0_1702_ML	48	11222	f9240d6279c02965a08ece5faefad7eecd3a7abefc3ebf542990fac0459f3cbf
ntm2_0_1703_ANCESTRAL	63	16240	ce0cf3f2745892ec535d4bd8c903b6f517a0a34f70af759e543031d8f7c6fffe
ntm2_0_1703_ML	63	14910	a3d78850910463eff8dddebb9bb360ff93f11daf19aea3b673d351f9834d559e
ntm2_0_1704_ANCESTRAL	179	45872	685eb5d30fd1c666620fc82eeee58bffd911c235fe08d8dd794d765c63805dd0
ntm2_0_1704_ML	179	42106	4d56005fad7b892c508a71c7eee3bbf6f675098bfdfc5b5b807d106e781f9bc9
ntm2_0_1705_ML	25	6010	ecf95fc952d485388c33a5b36e0529ef54e6af91295be152d1d3a2eed9851d5b
ntm2_0_1706_ANCESTRAL	90	23196	7485fd886704c223302efcdcd1f24b21cbdbf63b1cd0be929528b74b3b9f88bd
ntm2_0_1706_ML	90	21299	2559d915d59bdbfd466431a018a7edbbb99a22b77a7d622579bc1cb152d4db9a
ntm2_0_1707_ANCESTRAL	187	48158	2032076184b953812eeb6910ed96718eafc946eb8c340686fed842fb83570f96
ntm2_0_1707_ML	187	44188	3a043b7e8345497ffba468babe7da365b3a179604267489581d9660d7ed76267
ntm2_0_1708_ANCESTRAL	41	10661	6f8c6600fd32b5146a63654042f23abf7c10f82e0ba6e23a4a1fa01d752f9220
ntm2_0_1708_ML	41	9793	61c04b77698ea356d2708e35cc0e01f060c5d3962c30c503754b3f99d9d58ed1
ntm2_0_1709_ANCESTRAL	46	11876	de72ce17b572c07d7e7d2511780a42f3050ae5ed1827a8a6bea88639398a90b4
ntm2_0_1709_ML	46	10903	588f2d1a81f41a6b8314c1a01130f51a9a653bbbd905a9c640f4c24fff39f3ba
ntm2_0_1710_ANCESTRAL	100	25802	244e2dff14b911f3b9cb89bf301820714671ad839c39bacdde6f50a04ebbcd7b
ntm2_0_1710_ML	100	23660	80de825d18d7f4a4a5f73ce9743a7d399018ace8b0f728971afed6aa026caadb
ntm2_0_1711_ANCESTRAL	94	24275	5058fac836bac148b7fba8a14ba004788fc43e9dca16f386096ca2aa05d2c36d
ntm2_0_1711_ML	96	22697	9fe26f82b0bca4f5ccbdc5fea70ffcba00c990695cd7fd2d73908668bc8a9304
ntm2_0_1712_ANCESTRAL	65	16652	8a167b6ceaeb39b81b63e1192fc2b3d10303e1d8e6786ac983dcc8f24ee2a072
ntm2_0_1712_ML	66	15490	4797e2aeda0be7be652418735052785a99dad608fbe78dbc812a16fc1b9cfc29
ntm2_0_1713_ANCESTRAL	121	31029	e948322b89ef49be6e1de5f1174b41287196a347339689b72c652d6cd3f3ac45
ntm2_0_1713_ML	121	28444	b64ad59fb7bb85a6dab43d7031ed3e3c1dae98b7caa091842581360349043ceb
ntm2_0_1714_ANCESTRAL	21	5459	5d6ddc6b1c05bd30ebafbaa3648542ba18a579962fcae151902ea380d8e0f5eb
ntm2_0_1714_ML	21	5011	3658800fe7a47e6729e7e9ae6e5c95be2917219c18e568d596640b72e3ba660c
ntm2_0_1715_ML	49	11588	8bba1b713b987d1b4fa0b4bb7ba7b5153bc55ba6b7843d0cf2ac5e2dd535deaa
ntm2_0_1716_ANCESTRAL	214	55385	688191c479731ca982769a6a0b662fe8ec1b9490b0c5907cb8dbf1f621928c98
ntm2_0_1716_ML	214	50883	504a441efb12fef7875eaf9cd472b706ef0f3ac3f847171b12d84849afb9aea0
ntm2_0_1717_ANCESTRAL	61	15723	17c96395ea572f2e2cb715e0adcf4e95ed6e0de6cb5d86f3de0991122ad7f5f4
ntm2_0_1717_ML	61	14428	aaba689afccd3724cae25a4e02b6e04285f0a46c0fbf728544e04fb3aa9ccfc9
ntm2_0_1718_ANCESTRAL	43	11101	0d6faceda7d9832dffecfaf2d5acd30b8b40890371ef899e8e7f87948c1f4076
ntm2_0_1718_ML	43	10191	9369c6b0f79ce27e938bd3c6b6357f3a15145db998aacd57f39a8ea5c4db2ec8
ntm2_0_1719_ANCESTRAL	32	8274	6c9af897d28e7b63e864b2a14668fcff2c81a37b547454a266022281c50740e6
ntm2_0_1719_ML	32	7595	76fc818f2e5c894a1b29e217db7a625ba4dc9fece336ecb6730fc46994f2f770
ntm2_0_1720_ML	10	2408	c2e0d1d009408e92e30f1e20c119f95f6f1816cde49db42f6eefc6a73e5c8543
ntm2_0_1721_ANCESTRAL	25	6447	c7a70f40532189de54098b15c04469d8b2a0a3a66f7deb7f645fbc8d5c164099
ntm2_0_1721_ML	25	5914	5d58a80f65d0aa257e35032b740cc9d75b294e23fff04675a49a60554c5bafd3
ntm2_0_1722_ANCESTRAL	128	32848	8378f0a1f933bbc2a70b258b37313bcc11ccc16c105df42f10cb34a74943a117
ntm2_0_1722_ML	128	30131	ff7445375261af891a033f29edc3ffb3297efb8ffeb35368625950945f7054cd
ntm2_0_1723_ML	40	9376	078d481a4b6268cf034d9b295c3bda1ea87d7788a59f7352f3a67b84c4ceb0ef
ntm2_0_1724_ANCESTRAL	154	39746	db6650ae509c62bd82cfb76ed1386f83deaa3f2c868d3bee06aea9f5bcb111a5
ntm2_0_1724_ML	154	36509	424f871ce7352727f90f4edd59ef2837b3bffbeaf8f05ef9f607f8ce1ffca76f
ntm2_0_1725_ANCESTRAL	138	35721	5ab69bab8eef573c05c5cb75f1205f2e6105f121e6d4fa3f4272db5d0c877d10
ntm2_0_1725_ML	138	32816	cfb4c43d61e1662a5cb5b55daed6efeda8704fecacd831af5d3325b2a5b458d3
ntm2_0_1726_ANCESTRAL	34	8787	ea03485655cc14faf2924449894a1003edb499908b2359e8772f9fe50e80716f
ntm2_0_1726_ML	34	8066	ece750714259c5227413a97e5053944e0e298934e924afde5095d1b08d516fae
ntm2_0_1727_ANCESTRAL	57	14504	65c88964153d41c770a871ca906eef610bb23c407f3b158ce763c0c10fce26b5
ntm2_0_1727_ML	57	13300	9acf61b49f6f4d188cca2973712e2a477c6af7ce7f3c74a8f26502ed767120b5
ntm2_0_1728_ANCESTRAL	128	32894	008f40002ecdead1fcd5901e0751e0d9c5dff390a20498affb4bace0840828cd
ntm2_0_1728_ML	129	30428	bcb6b899d3277730b5544a1deac4b3a5dfd7269e5c88fceeb3e7c4b38bd24a2a
ntm2_0_1729_ANCESTRAL	54	13797	18205a1f53e2af6f1cc592ecb53ce4c873015ea601f2694bdf610659dc42ba34
ntm2_0_1729_ML	54	12656	b6b6f69cab3ac32674338d3bf9c60619798972242cf2d6099c797d8bf178db3d
ntm2_0_1730_ANCESTRAL	49	12537	e2effe12542fd4379ee350c42660949e86104981d8ddbc3250c158342f4d80d8
ntm2_0_1730_ML	49	11501	c54b45c527a9c2795ed4085a60fa507319d5ea5af7dcb82fd04504fb93d76ba6
ntm2_0_1731_ML	37	8658	c939f628019e9897e3668bc0608e8c94a352d7983e101e51136ca9fa2ee40c66
ntm2_0_1732_ANCESTRAL	68	17379	2e547b23935190236f68aaea25d7f4a2761fc2d5075ec983e3e2c22eeb0e6045
ntm2_0_1732_ML	68	15938	f2537f5f3215a2aece31b92beb0582a96954afa2fa4df84461f706a383fe7ccd
ntm2_0_1733_ANCESTRAL	84	21356	7dcf628097a6d3682fad346cc247966fdca06743ecfe02d51e313d29ae322ea5
ntm2_0_1733_ML	86	20057	0213e65e76cbfe51ffaf9e9fe42d984a72a8f5ea31235b2cdd58d89f1759cdb0
ntm2_0_1734_ML	80	18950	360d0b9fc46809719693114e0444e6f0de639b41f35932872aa9d65560d4c49e
ntm2_0_1735_ANCESTRAL	93	23798	5e209b0fd07f866dd3d43997b80c6304c710d361ce487b8bec627d0708d1e0af
ntm2_0_1735_ML	93	21855	812a10b8e547fdb5ddcaa125786588653adf9339516c6f76c53982d69df070b0
ntm2_0_1736_ML	73	17265	beb3780e69c04c2a8535f96a39e7a60a24190b1b40b587e963eefec4a9cf7725
ntm2_0_1737_ANCESTRAL	258	66685	020adc000e545e7df93945bb7613100c26d437eb927b11c1f743bfb577bc527b
ntm2_0_1737_ML	259	61493	fe4294800295197aa10154dacf6a538e64ea518c86921c1dda71d108c4ab2281
ntm2_0_1738_ANCESTRAL	181	46573	5588b262a3f206750ea8bb8a46d00295cf383b3124ec91f7248a6d4343c3f658
ntm2_0_1738_ML	184	43473	676d0cb9fc3a4aa664c21c3308cc38e6bf93a0cdfce9c1fb3a27cd07c46ca14a
ntm2_0_1739_ANCESTRAL	9	2357	8329aeea8790b3db66288d9f27f9979d2079b980666c53303fb96cae55f0e84d
ntm2_0_1739_ML	9	2152	fbd45e42a89c6dffb597b386f0e2c2f3ed6ea214466b28816aea26437b659251
ntm2_0_1740_ML	9	2206	cd6e3f43a2f3233854bdce8f372edbdcefc063b188b0dfbafc461d8d22d4ef2f
ntm2_0_1741_ML	9	2204	244391ef7efdf86523d656a080801dc16e7eb08defda3f9feb2d139f3054f8cf
ntm2_0_1742_ANCESTRAL	11	2872	43a50eaad715f7867904e0c5df3c8b4eaf4ede293c145922d103476a9dcb261f
ntm2_0_1742_ML	11	2634	10657853321fa2dddad8142277ff519249ec7dd043e4315c7c52136e08899c54
ntm2_0_1743_ANCESTRAL	20	5179	114668b5e09480dcf5684745a7e1de5196bf562cb3324fa5133f49860f50f681
ntm2_0_1743_ML	18	4283	cc43c6dbdaa727d8151a642086598a79d0febe0c9cdb74f26a0584d2b695b388
ntm2_0_1744_ML	8	1937	77a3b0b588172781889c2d2599e1aca0d8c3dd426c69410a2e3fdd710b91f537
ntm2_0_1745_ANCESTRAL	108	27671	3e8136cb3b61b976b2e42805397f31001c518b4c0ff193b39dc38f4f0b00b167
ntm2_0_1745_ML	109	25634	2dd0c4bf5c6a84f4303eb3f7641cfe117258e1b296aa9eb3d12ab3120dcb96f1
ntm2_0_1746_ANCESTRAL	125	32106	ca77193cb64caca7273fb20fd53f31a38b54b452be1466911b22ed4e6638a56f
ntm2_0_1746_ML	125	29474	f6834b1dd8a2299182621a2646c3f47af88b1ca267a88b3e6627ac3cde9fe382
ntm2_0_1747_ML	37	8629	1a9449a304dd2acfa2ed27f384c9a95b93c25f8ffbeb980fd716c2bfb34326be
ntm2_0_1748_ANCESTRAL	54	13793	72bf515c81f4a2899ce85aa49ddb446cfc69b8bb224d9d320a48c41f7c822848
ntm2_0_1748_ML	54	12652	7534a27dfce9d0834f93f82c71ad59c1b88845d7a8ba5326018b3ac337d801b0
ntm2_0_1749_ANCESTRAL	116	29792	59d063d7d81c13cc106fc0ec0b68cde33f7e9071f3a9b5d1e260b941a6d186b9
ntm2_0_1749_ML	116	27349	ce693368507739efb21c688c3e5b2fa18dcead0c3235714bf5dac364e60a8c75
ntm2_0_1750_ML	65	15276	5a8000e9a1c2d2794db9582e9dc9dcc214c7b38c6083ac741bd6e4e4f1decf53
ntm2_0_1751_ANCESTRAL	26	6707	3b99cfc408b89018e5424d1122b3cb44ca08ac9fb3ab6010b4fadd138a487ab6
ntm2_0_1751_ML	26	6154	e8bf4264d44059487c540aae53eb673fe59e520da83d4b8ff4f8e66383329e09
ntm2_0_1752_ANCESTRAL	33	8550	1b2b9286e2456ae5fab809e3afbbd96554c5749a681092116705d13af061bc7f
ntm2_0_1752_ML	33	7848	6bfb2d931d2059ce6a8797754aeb7871c07e320ba2f7f96eec3203dfc10330a0
ntm2_0_1753_ANCESTRAL	67	17266	960161fd3777f10750c1bc5c89fd4f8f85b148d184366b6c3d01927348eacc19
ntm2_0_1753_ML	66	15618	0a272d5dab4afcb38b3fa34f8e9fadba1367bcda8ea9be35a712b5a5ab14ed4a
ntm2_0_1754_ANCESTRAL	26	6687	6e608a417fb888938ed17f5063ee78ad6818981c5255492fcaa703f100be664a
ntm2_0_1754_ML	26	6134	80950acde7fbbf236053e15b61fd91d218ca7a1459e51786b1f524966ecaecdb
ntm2_0_1755_ANCESTRAL	29	7543	1327b3f282909867fa82e5917127aed4d0f5beef8af8683f2214aff2bcd6f8f4
ntm2_0_1755_ML	29	6927	46c9f2fd6a7614412c186c60d4f95abe2d9fd547a99fb1f2e273aacf960c4210
ntm2_0_1756_ANCESTRAL	52	13297	b7b58b1dd76f7cda8cecb1d67b641b5b9daa61c4c029c2220f399c082f751768
ntm2_0_1756_ML	52	12198	39f93d0e890fdff4b67773cfe38c67ee78b92f67da7cc9b7530bfb1a9961f9bd
ntm2_0_1757_ANCESTRAL	32	8299	7b564c257a48326a2d573410df8863158dabb3f780d8edf97b872e7a52008696
ntm2_0_1757_ML	32	7620	29ffc8e8a96b4841a969ffc329c5cde92f3d77f88ae19761fb3639cd5e3e0e38
ntm2_0_1758_ANCESTRAL	30	7751	0aa340ec5839a1b425426926af0f844865596274fdfa525953efaa2d37bd6ddc
ntm2_0_1758_ML	30	7114	a1b7e63d798f3b8cbbfe973e28382579bf7f7e676a5527118d6b16c1b1f2897d
ntm2_0_1759_ANCESTRAL	11	2873	75ddb52a42ff76146d257831599d7b8458a0499bb8640c8fc90fa797d6935cfb
ntm2_0_1759_ML	11	2635	352a8ca00921528f858a1b2b6788dce66984953cd467ed017ee68e6492908ea9
ntm2_0_1760_ANCESTRAL	89	22728	8625321bb1c5d1f9b1af6712a3b1e0c90ee03fbc3b230f346d025138192fac01
ntm2_0_1760_ML	89	20852	9bfb80c16a4de19c27132123e590bcaea4d5f85d7be54a406007c1afbabee691
ntm2_0_1761_ANCESTRAL	16	4161	b7119e477c722eb627c0fc3709d595df2762693e0c01ce24c3944de7c3e2380a
ntm2_0_1761_ML	16	3818	c026ae4d16e983094bc616b216e8079fdc9f6387cb21cd31d4b6aab5a30e2871
ntm2_0_1762_ANCESTRAL	61	15834	aa427ed7e06698d99c16d413f38d23a6967268ee710b5b178f81ad6ad31ff48b
ntm2_0_1762_ML	61	14561	c99cdc842a289c7c841e6df91d8f9864ba1671029dc05bb66c037d1c6adc9be8
ntm2_0_1763_ANCESTRAL	42	10854	5c01b20932fe67aa6ad81e39bc4bac8f914b8220fc0f6b6ab4bc06c7187e0ab8
ntm2_0_1763_ML	41	9731	26e97910d28551b374b626dae5d077fa12f63d1e7987c70b69e631d869efa691
ntm2_0_1764_ANCESTRAL	29	7569	6ee0b702a546a5321675f13f9416b7cb3241f643a36cc3026d68ae1ce8179ea6
ntm2_0_1764_ML	29	6953	9b9a0cd49073d11be37b4547ccdfa4e3e859bfdd649689ba04b8292de0640c20
ntm2_0_1765_ANCESTRAL	30	7746	d273e292b2343d02a0a92d55b408893e943cf002fa0b104fe670d2d8287d7ae3
ntm2_0_1765_ML	30	7109	e432212905f0cfbf402a3b128ccecae1cf366f8593287d743b56689de4170e06
ntm2_0_1766_ANCESTRAL	3	807	5b86acae6048614f0c14d52f82ec0683b5a0720e54d8b9acdf6415aae61943cf
ntm2_0_1766_ML	3	737	e37291f250f22ea2d58aafea1cd4822487e252e5157be1ca6ef9d0dd3ecb4eed
ntm2_0_1767_ML	3	738	62e58752c66de56010d987e29cafd28427029de546c9a78ced32fbd0987c3331
ntm2_0_1768_ML	3	738	70758ae0f8cdd8a023a4cbe01d569e0c7e91567b10757c81dc8b15d33369ea09
ntm2_0_1769_ANCESTRAL	5	1332	2c703e5d33d0e8e506fbfeb9030fd0583caf282d7ab6ec6e8ddc61eb38c979a8
ntm2_0_1769_ML	5	1220	c0cf1ecec765ea3fb0681b26046badc21e5f5c035fdf75113617edbf64d31b2f
ntm2_0_1770_ML	3	738	d50e1f803d5d0c8bcec8d7065376e5ae73c64cffbf16ecbd7103181df07b2f3a
ntm2_0_1771_ML	3	738	580050139ce105eda45814bed5ad77b296dd3147ef42b7f3928ce2f34ce3d063
ntm2_0_1772_ANCESTRAL	149	38058	b1eb403fb23a8e81ddd7cc2895a146016fc247e23cc5118bb23dc45a25688616
ntm2_0_1772_ML	148	34676	fa8ee080fb5ca3688e352b310b4426632d668e9ed89257739d292d8d9e4b6f31
ntm2_0_1773_ML	38	8848	1a94f59a766e7a302832348949e7a0c68e637e652e23781acac47870be893425
ntm2_0_1774_ANCESTRAL	26	6616	3236a75235685545449eabb727994453b1e44a94b653499729fb4aef870b72b7
ntm2_0_1774_ML	25	5825	32b5a7e8fa96414da3c20f6f8441779550e4a29519a69b4bc8a834d77b53f063
ntm2_0_1775_ANCESTRAL	154	39367	3b0fc282a63e4ce12061a2515b605ba5f19bf00ed442ced3364b6ecafff82e28
ntm2_0_1775_ML	146	34225	a60e4cc258483695789a401b4a9998d8aad8ab7276023e864002e2f32fa0580a
ntm2_0_1776_ANCESTRAL	193	49665	e880d566b65e332fd2875ebf661798c56eaefbb08793d6c17704cf21288562a9
ntm2_0_1776_ML	193	45605	b4003458c3c92aad2bf2983571c71c1d42edba8e44bfddfddb52073df215265c
ntm2_0_1777_ML	33	7643	747bff213d4f332b6a29beb2be2846b10c832e3fda0e9c4ba69117412bc52625
ntm2_0_1778_ML	25	5817	2fe1687f70cb3fb14dc87e877d9bf202a892c9725583b37ce8797f73d5c50592
ntm2_0_1779_ML	36	8375	217831e55d2007d702727e0a4b8dd7d76188c918e8639425fc99905fb9af574e
ntm2_0_1780_ML	25	5898	0e376b3f68c3a5f9c2da09cfa3ad1a39c6baf21f9cc0208466446e69aa2e9d71
ntm2_0_1781_ML	25	5906	35418a5e2bdc112f12371dc84d8a519bdd4a004083992dc26162aae17347a8c8
ntm2_0_1782_ML	19	4443	7e9a299abcfed60a22e574cd803ca49a9787467e28ea33df24f807a578d01efc
ntm2_0_1783_ANCESTRAL	92	23755	3e91be68275aad56bea688143c5a94f8abb9c4ad87548576ee6fb41448270d70
ntm2_0_1783_ML	92	21816	72646f88ad63c47b8e076836dcf8a672054651a94a45cc9d78584952aa254bfd
ntm2_0_1784_ANCESTRAL	90	23244	ba407e8556a375f616b59fd101d56f939b8b9755b63449117b715c2313459f9f
ntm2_0_1784_ML	88	20873	a554c3e52d05d2367e79e3c9bc5ec88a0cc1073cd927cf79ed46c25fb0820b4d
ntm2_0_1785_ML	46	10816	1de10011659e1f9c0904cf112b013d14a5b2bda1690f391180ae74353a16cbd9
ntm2_0_1786_ANCESTRAL	100	25775	1247ba9e03dc514881cff7a15f342bf7d0937f60e24874016184978bb37f362d
ntm2_0_1786_ML	101	23897	8dff6d0b62bda5e57599d63bdc54c3fc46eb330b1c9d0699f7f0d38e5c2b9a79
ntm2_0_1787_ANCESTRAL	29	7480	d1b00c44386349c7cce36c78730b28d49c96bd2b00e84d9951be1a7576e506a8
ntm2_0_1787_ML	27	6393	a21bc2481cca34dffd00f358d829900dcfe5f0bd42c1658b9265b6a4274ad6ec
ntm2_0_1788_ANCESTRAL	26	6711	f6a44d67a2a12d6fd888c1eadeed36917be952a3fc12f3675293646f91fbfa3c
ntm2_0_1788_ML	26	6158	af0f399d29202ca2c4b345a9cdcba6ad952a3cb8fed73a98fa49ec2e21156492
ntm2_0_1789_ML	21	4961	54d3086e4bb2e513ecbf761d31a81cec728203984ccfccd21aeae632248137ec
ntm2_0_1790_ANCESTRAL	43	11081	bf897959133429f4691852cac880bde0dd1d5736c95a9bf852766610d87c2cf6
ntm2_0_1790_ML	43	10175	7b1517b196a8e6aefe4fe00c029c0851615e4abf2a0ca934ed8d6c6d7dacece5
ntm2_0_1791_ML	30	7127	9eab19a9a5235018821f357db7da4cf231963788a759f6df6c0273143962c2b6
ntm2_0_1792_ML	12	2856	79468887a113c9f27330cc98db0cdc671b3d6bdbac02d4b1ab771ef88f6aba7a
ntm2_0_1793_ANCESTRAL	29	7432	868af887c54dd34293f019fbd59daa12b7b73790fc0cb21d8ec3f10734e5eec4
ntm2_0_1793_ML	29	6816	4a88f495d7add4f755eec32c011efc5cb4be4a9b1deee73a48e3cb737824d340
ntm2_0_1794_ANCESTRAL	18	4564	60a075e9cb8a365c5cead06365069ecee275e1a06c79fd608efeceb0fdc3f7e4
ntm2_0_1794_ML	18	4179	83f412702999752a3e04cb21c6a9bc2fb42056486460709b7d667491b8e986a3
ntm2_0_1795_ANCESTRAL	60	15296	14d18f4b1a58ecfecccf002d22cf9e5377b705a3adf82b79ffd25dcb65aa3a76
ntm2_0_1795_ML	60	14029	a3ee294c37dc9362028d807929f72c4f543098d3721578df4955675a28eed388
ntm2_0_1796_ML	36	8330	1751880bc34ffb87b228f263b9faa9bff5ea995ee1523fc8e24debd17f5468ed
ntm2_0_1797_ML	47	10938	36ab16dadd330c042f9d4be16a27c52e710b325dc0d2c583bcb1daad22f9b443
ntm2_0_1798_ANCESTRAL	182	46932	ef3e53ad4fd19a8d1a48b09f1e56c0aa39877c72a1aed6596c1a31c6d21cd07a
ntm2_0_1798_ML	182	43103	cc72848421902b50df30920af3e5af00ba4b69598122133d33e5d217fc54da51
ntm2_0_1799_ANCESTRAL	129	33404	4dc769e95af5dd951e79fee5139d8ca75f88e1e78d2fbcd28fb9f0458ac70525
ntm2_0_1799_ML	129	30688	925f9c75d2400cc80e483a19f1981c2e32f64a0b86d858e02e2a05dd2d2685a5
ntm2_0_1800_ANCESTRAL	104	26910	81b26dbcd1e98b3b697f0bd97b114772cb6f8c8900a640b33bd76a768bff26a7
ntm2_0_1800_ML	103	24484	45be974132b885fe45dd35317acebc5cc02e33299d09613e99ba38396302ed3d
ntm2_0_1801_ANCESTRAL	108	27870	03c2babafca6b596268f284a99038ff5c4375efd7ce1ee5a50661cd6c933838c
ntm2_0_1801_ML	109	25828	fddebeedeb34980f8ffd34ff12d68dc7b945177a0fb1f27e5ad2c642ead5db15
ntm2_0_1802_ANCESTRAL	73	18869	fa1888c82039c06eef68fe79bf377e8a3b3412a687937a15b72015fe6c88bcbb
ntm2_0_1802_ML	72	17091	9f8dd8020891256a028b93205bcabb1725e0ed9a192f7b945228df2abce1ec25
ntm2_0_1803_ANCESTRAL	90	23246	bea5e15bf74b158e658830d9f6e7a33d429e9f3be1e271782d6270384ab68ff6
ntm2_0_1803_ML	92	21848	4f1349055bdd23761b647f5baa21b851bd2c64d8b19e995fefe56a9277063f77
ntm2_0_1804_ANCESTRAL	93	23912	af02ec895934f6394b4dd9db8d771c0780b13475ac59223b7ea5ac4c12ef3a83
ntm2_0_1804_ML	93	21953	2eb853d94b9980d27fbd7da00d2323a79f93f68a32a89aee663765e77d78c2eb
ntm2_0_1805_ANCESTRAL	8	2108	d60baea5c7dcea7688ad6217ef36dea1587af8260e12a4669283a6e24c902288
ntm2_0_1805_ML	8	1933	cdb3eef9d2e898b459b8e3f03768d5ae97608a494dd13b45f6e0e277f8109ad0
ntm2_0_1806_ANCESTRAL	16	4158	78b8a9565681c541aeec99a639925adb9c1084436800194c96e21882c64a605c
ntm2_0_1806_ML	16	3815	c2998644a322387c2d1913e812278d29c430208eae28f9134ea2c4c0b5784709
ntm2_0_1807_ANCESTRAL	61	15492	515f96cf4865422e1b885083cd940dcd749a14e7d2a85f9cd22ae26da0a3cb2d
ntm2_0_1807_ML	61	14204	5e1ee3deea46ec0acfcd207ac8d42d47d2a5f6ff58d56937723ff9221326acbb
ntm2_0_1808_ANCESTRAL	65	16554	74ed7593712cfd5e70724fe13276283a015d3c9c1368d3871c990c85740a84b8
ntm2_0_1808_ML	65	15182	56451948620d79f2e38c0a1251b58363680088ccedb8f6829729ba437ff1b509
ntm2_0_1809_ANCESTRAL	65	16554	77b6d996d94d6da22eb5759d45e134bd25352e77add720860951af520c2bd42c
ntm2_0_1809_ML	65	15182	09b8cb07e760500152f1fa3e214d4a42211ab062ef6d7d52d68ec8ab036a2444
ntm2_0_1810_ANCESTRAL	69	17577	7283d6da03cc1835d915e25173ad184a199925ec44707713d81e6926e34562f1
ntm2_0_1810_ML	69	16100	745b30e195ccaba85df357f7ac15fa39029f5ee4deaf20485e6484d34904fa10
ntm2_0_1811_ANCESTRAL	71	18155	f63fa9bc369b9695e6c3b1c033da0efe2036dae6a0053efc998427ffd1b5b8eb
ntm2_0_1811_ML	71	16662	129bf0bc9dfca639d5340d9364e67f429f2fc7a7e3164d770a0cf0cef3728b6f
ntm2_0_1812_ANCESTRAL	105	26703	3186b9f2ed7d3ab267060f791c269e21af164afd15d9b3b1da20d2755a2ce718
ntm2_0_1812_ML	105	24491	d301e01b13e6d956cfadc67d202874c1ad5c4b2b3b63955718cdf54258875848
ntm2_0_1813_ML	42	9780	4a9c3ed47accd5003c0a943d4e587d5bbcfe0ce0092436824e86715b8fdf9b6d
ntm2_0_1814_ANCESTRAL	6	1606	d7de3d8cfe8efd93c20e66fd8e625e9d6ee5a2f73905b2ce1671307c19f548d0
ntm2_0_1814_ML	6	1473	bf590bd359f09901c7842c61540639909da509f9ecbac02ff74fd4a204a71457
ntm2_0_1815_ML	4	1006	71bcdd2ff7392bffcf337aa8ab4fc7d8ef96e8b6d73c46c56c41ad719fa02adb
ntm2_0_1816_ANCESTRAL	6	1600	823c05d73f0e8ba4b207755388a6e6a553e8ed067ff21436ae672f2903bbd8a4
ntm2_0_1816_ML	6	1467	cdd723646c65349e74b5a0eed6e3b5170f3099e792b7b56939e0260a56adc1ae
ntm2_0_1817_ANCESTRAL	66	16910	8aed0596516025e574cfb6f21dea628dc93ef4a155b216ba03fba5e79e748397
ntm2_0_1817_ML	66	15517	dc28ce0f6c0f62b7010b47be974bf21877d4d19f589af89db83c37b709b35938
ntm2_0_1818_ANCESTRAL	38	9760	a734af345324b8dde3894689cb11f6cb9550ed43992886eba3dc20e7118af934
ntm2_0_1818_ML	36	8483	3ee36c568e8bcda718e6d2cbb083ba54a3509a2d1ac1f736e57af288274d88a6
ntm2_0_1819_ANCESTRAL	47	11985	2e5bb2e10324d4bfa88471818a586a12af3fabaf257dfc7652d8656fbcd18557
ntm2_0_1819_ML	47	10991	977cbb1a5d508a5abac65ba97c8564c22b912226c536e9265202e4ccc254e3db
ntm2_0_1820_ANCESTRAL	62	15864	994b9e60b65c1af374d618a54bd8e7f60a6af7ae64288d6fe905165cd8ff77e5
ntm2_0_1820_ML	62	14582	69fd1bcf611186d4788c3e85c57b37e9814ceedd131b0157868bd8f008a37c66
ntm2_0_1821_ANCESTRAL	68	17229	815bcda3c93588d4b4bc3d1d02c8772dc1cf171fa7b13a6ba1bb35ca8940bd27
ntm2_0_1821_ML	68	15795	2bac9e22d3dcc3e43ac9530bf9cea1027f25202ffac8e6cacaa1cf3b7598f2e8
ntm2_0_1822_ANCESTRAL	55	13896	7cc641a9461e36ca1b5ac656ea4b6591b68a9daa8bb3854b47b2c111f207e241
ntm2_0_1822_ML	55	12734	113ac529a2279ba4d24dc0599f8bbbed94d582933a868a2d9d3c33a31051d478
ntm2_0_1823_ML	33	7547	fa688aa45df320a17f3c54366fec66bc349fcfe61201e20e6b86c083a7c0ccc2
ntm2_0_1824_ANCESTRAL	49	12356	2f2089d2b2e033d429d1d6be505b55155a7e146754bdf8d3d6ddd883f12cd7ba
ntm2_0_1824_ML	49	11320	9db877491b19ffaddb42295e37dd2c8724585998bfd5d9b959f1e5d2d58fa919
ntm2_0_1825_ANCESTRAL	118	30007	70e7e85771c450260729106c7b966bb6b48ba4f1f7410cb7ae926b9d303fca7c
ntm2_0_1825_ML	118	27537	c5e964c56ceb93b28dd105ca4037f39aa247dfc6e38277c63c05a31a254ff642
ntm2_0_1826_ML	43	9910	c3b7c3e562ef8a67a23ca7c6845d2963eae2a537cc6c613ed391d889adcc35d1
ntm2_0_1827_ANCESTRAL	12	3095	14bbc185cb89c1e654814f8fd2ae04000f75025266ab1e3b26c4c7e605b9e783
ntm2_0_1827_ML	12	2836	e697cd74d23f3395fff78b8a14499fb7a716fbe9cbb307e36ae46aedf3ae3e38
ntm2_0_1828_ANCESTRAL	63	16200	83afca492d241be7eb9ec8caaff37aab70180c07bae16279eeb1d1b2f1a9439c
ntm2_0_1828_ML	64	15107	e84804076140819933a14a7e8401342b41e86046659348be4a5b86f1b7df4067
ntm2_0_1829_ML	44	10312	8600a0a7a0ab87ebde972fb90f44b949e7855b39990e1c89939105b17fa8d87e
ntm2_0_1830_ML	45	10547	dfaa0bb23e122e69dcc2a9e5a3abf091bceb408c69ab62118036c4657448d1e5
ntm2_0_1831_ANCESTRAL	40	10518	98190a3dc3a060a349bbcdfcda28eb407e19b7706598385a19580ad15d9bf41e
ntm2_0_1831_ML	40	9671	6ffac42070d0ba487d9b012dba5cdf65c7711b82f699d8d1bf6a3d0df9be5ebf
ntm2_0_1832_ANCESTRAL	32	8401	976136515f1685cd6fae07b09abb4a5a47e995f8f1ac8d0bbd22f00c965e1707
ntm2_0_1832_ML	32	7722	d8aed84774a82f5898f91b8413a813cd24d28054d24efec532961cb3476ff33e
ntm2_0_1833_ANCESTRAL	16	4137	8e204e53826625c2e0fcd1de19271aac8786283bdd8392d103384779ca33e26e
ntm2_0_1833_ML	16	3794	6b9d780e687ce8cb1302e3a6f0080ec0587d634b638316f0c583c19f1f67e941
ntm2_0_1834_ANCESTRAL	47	12266	3b8619502d2ad0ada0c70bfaab9df60ac1226c401ae3f7f5e510206c48030dad
ntm2_0_1834_ML	47	11272	c9482e9e087874a6ee6d22367bd3d43b2864f0998881700183be860c6215110b
ntm2_0_1835_ANCESTRAL	28	7234	d2b0715ac2ae31ada151ebca2326a08054b4fc3ace4b9b2fefc9445fca97b93f
ntm2_0_1835_ML	28	6649	dc39f96bcc2d6bb2fc7e5c6ff0c77e15358c0a328329d8d093b3a92a381a7d92
ntm2_0_1836_ML	16	3789	bb5392ba0c4b1ab1e2c5e716679c42c9ace2c0009e76409bc03da4ed51c8788d
ntm2_0_1837_ML	16	3791	c10c35eb7094a034d70a2b523e0e5a64578eb53e21bb167c6bd9c8d8df7530bd
ntm2_0_1838_ML	17	4045	fd8c7e272df6e358bc286cd49e49558cc22cc20efb60bc115853bf18be62f508
ntm2_0_1839_ANCESTRAL	68	17579	f10c6cf406ae28a92af4239c354029f8833333e35d4c16a8d642689af9586ec9
ntm2_0_1839_ML	68	16144	eb9d89294b5a1236439bf67555116d17856e0cf479c769813266b002b9e98758
ntm2_0_1840_ANCESTRAL	54	13950	c99911c36d976b14bc904209f410718b492c48f3776d0064237d0c3d23a72567
ntm2_0_1840_ML	54	12809	33bf94734803066b5b8a11f6b0dc8771552dba7dc227751d81c49d1fc44a96d2
ntm2_0_1841_ANCESTRAL	17	4411	2bdf27b91eb3ba18d3f4926f2b613c3a0d0b18ee2cc27d784c712ca8639e6e37
ntm2_0_1841_ML	17	4047	f679bc11e32c8b1f5618c1051e032c9a155623d1edd4822f788bdf283d28cdd1
ntm2_0_1842_ANCESTRAL	11	2865	64be86c6da561e263bb3ac21457163a51356b6d6caaec5a9da01ca75fa8780d2
ntm2_0_1842_ML	11	2627	55ac3e4c5f0a0068ddbc307439a101cf4cf1b8525f54fd7ed4b9e8678608eb94
ntm2_0_1843_ANCESTRAL	11	2851	b1fde04705c3ce3eba52f22d5609d5dfdd6a6ceb2840bf745359364d219d718c
ntm2_0_1843_ML	11	2613	fbba3cd7d323d9ab6d154d1d338f0ea15e2c9ab358c019b7dacfdaf364cdb5b5
ntm2_0_1844_ANCESTRAL	9	2366	2149ea58e3c5dd5644e79b754d8dc1634a9ecaa49207d409406f17475bbd159e
ntm2_0_1844_ML	9	2170	50561d99873850e415d0e990d8e84a42b49c1d766bc8780dd95a9f4470570d2e
ntm2_0_1845_ANCESTRAL	14	3650	2d6d20f7b0cd4a1ee032584f35a79e08673a97b6aaf2c59e223c1f2f77b8022b
ntm2_0_1845_ML	14	3349	5f2f41f36bf0d13081f1ab563a1f866c936ea43c8ae8de77cd77b9aea3dcce6f
ntm2_0_1846_ANCESTRAL	13	3394	253eb5ef26e0b04378533fec6e27e891f403f6d37d7dd289111b1ab4239674b2
ntm2_0_1846_ML	13	3114	e711254559fdc8de1bfe919d0b7cd2b0545b319351380681207c239117b92c1e
ntm2_0_1847_ANCESTRAL	62	16057	3e4b8681fcd03b6c871baee39a188eb9b488f178ad42c53c3bcf4d7b279771ca
ntm2_0_1847_ML	62	14748	67ab962d28984027b73f3ea009c22ec535475432f3ffc94fcc4e20b1a2d228b1
ntm2_0_1848_ML	16	3829	454c7296bd9252654d66ff08e2b4cfa3002b4d318c83618f6518523feea5e574
ntm2_0_1849_ANCESTRAL	58	15042	f344fae299c40490fde6df2e59b04091f9a02e8dfdba129f49fb7c9ee0fc45c5
ntm2_0_1849_ML	58	13817	33a7a315ee6c63c321b68c59ca53e869b8a0367464b8d19fd3900f2cb980729f
ntm2_0_1850_ML	6	1460	37a3b2e306cb24ad749892311c330daa4e5eaf452e17ffdff307e60ad53c3fc3
ntm2_0_1851_ML	27	6443	cbaf7164e27ed7e2a520edd317bb8e8e6f5ba73f1b0035e8b60a975402b264e9
ntm2_0_1852_ANCESTRAL	26	6730	75a1dbc9d5281426ff9fa861714e39adc0371a97231596996e07e47cd9503089
ntm2_0_1852_ML	26	6178	a4a025fb77e020f7d963ab372dd76c5e542d0c6e4e95f96c96c7db3bad1d852b
ntm2_0_1853_ANCESTRAL	8	2097	78f77c5c407e59b34f3f2b2dfad3aef54b6704cc0b0a2f86bba6e78618ae89f6
ntm2_0_1853_ML	8	1922	25a90d5c28e63447a999425bf75d959d789b21609475119942fac19ac074a66c
ntm2_0_1854_ANCESTRAL	10	2615	972fa644a3b2017b8830b455cb6c0a96a4d42ea5c8f43019521be848f2772c48
ntm2_0_1854_ML	10	2398	065b48a82fdfca41437d8a7651f7351ff9863af62d2d3bfe2c51f3e46689bb62
ntm2_0_1855_ANCESTRAL	32	8265	44d08f214f873fa2d0fee06ff0cdb836bc126059f13369ed1e0ceb086b372b82
ntm2_0_1855_ML	33	7821	a72c2cf778bd3f10401ccc7903393d81cb1a06349cab752f5121bf46c977dd56
ntm2_0_1856_ANCESTRAL	10	2597	1462eb93cff4e669260ef43ef24796756e1aa4256473bfcf69ed51e208b54e33
ntm2_0_1856_ML	10	2380	eabfab48ce76300906150512094ada3426832d7661503cc67f35fad92f66f0f7
ntm2_0_1857_ANCESTRAL	18	4641	7ca04e5378463c717f45864a5e8bfb4badbeeba3993980789550f2ae776207aa
ntm2_0_1857_ML	18	4256	7af89f734220c3c5ad9b623a418c3f0eac0722ac7ed1f8582e1df9e9287f0d37
ntm2_0_1858_ML	4	989	3d63926aa134808e25c2d23aa0696cfbafdb3204313a2c3d7fcff733ae213bee
ntm2_0_1859_ML	5	1254	6f8d1f8027ab1a6c7e7abd99c0338a1cdd387ca74bc0c66312581b5053f3d009
ntm2_0_1860_ML	5	1252	b6d9270fd945c14b02fca591f6af65f981239c68b25ddabcd8317a89d84cf7d2
ntm2_0_1861_ML	6	1476	205e19f0c76246e85402454905f900a5bf8fc0eb458d4b7eb977eef37374ad23
ntm2_0_1862_ANCESTRAL	6	1584	fd8514b44a5871adb0dba11086fcddf0553a8ea8f2b48f1723e4c11a202b2c6a
ntm2_0_1862_ML	6	1451	398b8232d79f760f1508cdef65e8c3099523afc39c5f1d94de416418c0ed5d85
ntm2_0_1863_ML	5	1217	315115244ff05c1d27bd890e43707a43453d5e2d54e824a6a1c5ba7a7274d094
ntm2_0_1864_ML	9	2188	e25f8f90fd841cf26914fa1093022fb8de727284e122947ecd85f6a71673c090
ntm2_0_1865_ML	33	7792	25912518f169e289598d8877bde6c415941643c67b6169c206d473f6efb5391c
ntm2_0_1866_ML	28	6641	315f483472f1c15be2284981b6970691dbeb5c1b8c3d05e70a43efc1a7ad9ba0
ntm2_0_1867_ML	28	6641	bd3f10a405c6665e5c21f005bd8169ddc802079b237cbd0fafb0c3d959694f09
ntm2_0_1868_ANCESTRAL	33	8515	0d6c2c891e25fc044853eadd503f7b0d6689b651ff163b994a9987fa87e485ce
ntm2_0_1868_ML	33	7815	7a3fc844d8ae42486f5ca72281ce2de955d996fa8dc69f89ce56e11207af93c0
ntm2_0_1869_ANCESTRAL	64	16565	a6e8f2729668e0f59169f6312977ad1d81a3432cd8b25e3ca51d27a746810f0c
ntm2_0_1869_ML	64	15214	0b00c2d7f377361fa7215a83317e8ef0e77edf4093c42beff6359e42960898b1
ntm2_0_1870_ANCESTRAL	28	7211	d4703921e4024ff1d627f2ff3e6e5dae1fae6c00783ea39351536ece9498c6c2
ntm2_0_1870_ML	29	6852	dfe21f33c9b75b6e3c08d0b13cc6fa8c66bae7cb3e6f541b25a97b46b6d407a9
ntm2_0_1871_ANCESTRAL	31	8028	67ff44a378a298bed54451a29416fb86fa773a3fff3cd954a018bf20d0f2b920
ntm2_0_1871_ML	32	7611	a97289dc44e9c30cf5c5f41d917088a531b8b17edfb2b05bfd5fb0c14a883659
ntm2_0_1872_ANCESTRAL	8	2095	f2bfc1324958824d8061c021433c35369113a0ab1c6961fa733b0a33578d46fa
ntm2_0_1872_ML	8	1929	68a20cfd597ebb6a73569776a8abafa9cf2753a027df9ac00f59b032cc212b1d
ntm2_0_1873_ANCESTRAL	13	3426	2e2adc82370d6001e3bea73026b7c6f61263e98c444a46e17d56e285c3c2a0c9
ntm2_0_1873_ML	13	3146	6386b0e3424558437ab4de81b827495a4fd16cd6075eacdac1850e2360327b08
ntm2_0_1874_ML	7	1716	90c93b77562ac3cd5ee2d16a838c7180d419fbc40588594790be11f9e287e987
ntm2_0_1875_ML	14	3355	6ee8f2eabe4b87c34c718ad0d4c3135e0868c0d40e0548be901d298049ab5f99
ntm2_0_1876_ML	18	4325	ec5a706269ef0fcec18b0059ee5934387f2cbb9df041979ad8975a67814a383b
ntm2_0_1877_ML	7	1698	26a65fb92a1cdd35cf8965ed9f21440bfbd66e6d3b0829328e05df0a006bddc4
ntm2_0_1878_ML	7	1698	231d0e9e8ebab0fdd7a169e0279ed8a9931674a536e695c649a1227832893be6
ntm2_0_1879_ML	13	3130	4d488c4b12baf126a5ca4f56f0506c2d5acd0adba140409a8c9a7c52d690ee65
ntm2_0_1880_ANCESTRAL	18	4614	631bbbec457e17b54a59b6b64369d77b4e5220e81fa2227404e32071b997c75f
ntm2_0_1880_ML	18	4229	6c21d596685041a5af67713ab54ccb88bd7784040e1c50fdfb06dee78e72ac81
ntm2_0_1881_ML	8	1934	9a36be535c47d4e75af45e621757120dab0e0c75b65558800f068f529adf9d21
ntm2_0_1882_ML	5	1215	a293bca33d6eb67da2efdd7133dcad4bda6fe3c0f7edfa2aa15b6f0ee8829dba
ntm2_0_1883_ML	13	3117	14df9d655d396a17ab21ff6101e7c752a96b0ea2e677f6eab1b241bebae01ea2
ntm2_0_1884_ANCESTRAL	66	17018	80c212c21127c741f5635904500fe3250e9ff92bdce5da0ccf1f3b8dd4c4decb
ntm2_0_1884_ML	66	15625	80b70eca9a14c9e8544c86407651fc2dff33b65e3f227805dd26a252fedb9dfe
ntm2_0_1885_ANCESTRAL	47	12169	9762f52adadc78497b339682cd1da2d76854e460c7ad2d132485321868fab588
ntm2_0_1885_ML	47	11175	94a526cebc2b1e4f48d99f1fbf5db2cd06d1057e70e10e5b7bcec5310afd14c3
ntm2_0_1886_ML	13	3090	675672f469cd8b37fee0c590154ffd9cfb5b5ca6888e97568aaef0817d1d9c07
ntm2_0_1887_ML	7	1691	50f859037804e9306509303f6b779f2331ea57fab9edac692d35b324f738ae9d
ntm2_0_1888_ML	4	982	b0e145cbdb2e9a31f60fa7df71a65ef8c64979c848771483b8338522c57f5f70
ntm2_0_1889_ANCESTRAL	136	35440	f8f79c1bf0e15a17b9f261039e6c88b55fa82df2a251dd732051ce460e08188b
ntm2_0_1889_ML	137	32827	40a17e95deefc2e4a831a4e1d2f4b9bef93dd0450fda8e69ad5246f78b18edab
ntm2_0_1890_ANCESTRAL	108	28228	1729124b6c4f969bf8bb0d613909b6e9cdca4d399171ac270ef4fc9b162287f9
ntm2_0_1890_ML	108	25953	ce95885f603b2bc6391355ee39cf382f6bbbb67693e5f4d1ab02b92da0fe9d29
ntm2_0_1891_ML	42	10075	4b0d61019563905b604d2dedf9b951f471c319f5cab79ec0e0d2b4bc9fc8e7bf
ntm2_0_1892_ANCESTRAL	80	20830	1f4d834beae0724b4b80017df6384cc2afe21790833f9870e9ccabb4cdbd0f5a
ntm2_0_1892_ML	80	19143	f27d93f23fddf60e3ae5453dd3a085bd2e813cccb968eb74c7ad411827122350
ntm2_0_1893_ANCESTRAL	36	9351	326e89662d088c42f1aaae9d7f10b3df58957bad3dfcabb6a65eb0046d4b1701
ntm2_0_1893_ML	36	8588	b888ebe9b8910c93f8169b2f2ce686648dad51671b8ef7fc89a6cf076ee2ebc2
ntm2_0_1894_ANCESTRAL	36	9358	4a29da027c2a511d96626dd7e3e2cf2a31b95ed421ba832c6eb04654c1988932
ntm2_0_1894_ML	36	8595	816c6351fb6cfbfbf91cc8ef564dfc3c1a6937c4f3e3e70252f0f225e60892f0
ntm2_0_1895_ML	23	5528	095b785da1bd9220cc62993d6223631c205e7de781a96d632dcbe69df8289b31
ntm2_0_1896_ANCESTRAL	9	2398	a91602dba04ff507d10b6aa7633b298fc1bf1b5a2dec8f9eea65eab98db03821
ntm2_0_1896_ML	9	2202	3ff060c2236ad3b49bae5257ce97c5b4c2b881a2ccfd4d13c1bc27c4560d35aa
ntm2_0_1897_ANCESTRAL	14	3653	5610f3e5246609718d86f1de480ffdcc96db3228e5869e9fc97681f23a725d19
ntm2_0_1897_ML	14	3352	9707b365098f465ba1aa540b18b7d11c051686a0e5de3ef250b943d140872986
ntm2_0_1898_ANCESTRAL	150	38526	0ccb63389bed92bebce80bd877ec1e5bf8cbfd158a6a5f18e1ee01c41da10c12
ntm2_0_1898_ML	150	35369	4e636dd66a30a83ac203ff076787bdb5aaf77997cd98674ec0832f0169085c65
ntm2_0_1899_ANCESTRAL	133	34046	9687bad7b02de1fdbd08750bd75ed63da57445c57314e6939f56fdd4b4ebfe96
ntm2_0_1899_ML	133	31265	c3973bba34d2a0d127b453adf6a793dfee060c4e58599f819cef855d05ee5b13
ntm2_0_1900_ANCESTRAL	82	21076	fce641d21095b72820309fb776308e31aa4e5d71994066f44f8179c359cf5e08
ntm2_0_1900_ML	82	19347	9f8daaf6db487267b9bc62097468a2fa8674dea8cc415568398a7620ac698121
ntm2_0_1901_ANCESTRAL	188	48471	ac44dd2b212e3c12f04053a7037729bfde229001e10e95802e3669c0fbd80c1a
ntm2_0_1901_ML	188	44516	ae9e76a39571de6757ef4dd20d95f3914b3264077956064576f99133321f9a58
ntm2_0_1902_ML	66	15461	9765b22c1bb3fd9347f91ddc7b9b575d1380a3e49a91900032f78b661d9da911
ntm2_0_1903_ANCESTRAL	8	2112	1950b0539a1e96bc60d68613f4a9dc25a20b446d6239170f50eae4794de3c50c
ntm2_0_1903_ML	8	1937	a609099d8fc0fe0706afcccc496deb66f3a24a8f992bd5a889f8d41026fbb87a
ntm2_0_1904_ANCESTRAL	26	6737	4a891a144383e7dca1b47cf93206121646b18f2b27696c46178fd71c53580ac9
ntm2_0_1904_ML	26	6184	ec9a416ebc8ba1de524ff69d4f57ed8732c49fd768a44fa7bf56a70a2edf2992
ntm2_0_1905_ML	6	1452	9fe54ed811558de3315a8033d9c866469148dd2a58bf2adf894c63c406204d5d
ntm2_0_1906_ANCESTRAL	90	23259	12feb42f3d3ea642e90e79dc130216b920bb70e0c683b960a6290eba5ef9a1b9
ntm2_0_1906_ML	90	21409	619c3465271a95f369d410de16ba4f130a9f06fe608ac54606e432c8e3535786
ntm2_0_1907_ANCESTRAL	75	19381	d64642e3d3cadd1421a0a0b33dabdc719191270a3b1f8900775669473a0746ff
ntm2_0_1907_ML	75	17799	13bc43b5bcd56bb3e5e86af1adfabca9a96d3ffe02a1d6c318facb03af8a962b
ntm2_0_1908_ANCESTRAL	75	19442	8cbdff1aacc8addac4267baf07b0c3ca4f0d6ac5fd7827cf0f87ec8cc0f45339
ntm2_0_1908_ML	75	17860	a3d0e5385bc3aae14a59b6cd2fc7e3c9cd0499e89addd0e0f05edb4aa8b22d9e
ntm2_0_1909_ANCESTRAL	240	62021	e9735de9fb296e634718af14f03ff265462127091fbb287e9fc57a9eef281830
ntm2_0_1909_ML	240	56974	c82acfe9eb2535b1608b480e3b5f424e22473fe6ff19f6d1397cd51ca206df28
ntm2_0_1910_ML	39	9062	1fcd5cc0fcd7f076dfb70e6a876aa85e8ca57d61366049cc652282d39e0cf252
ntm2_0_1911_ML	39	9062	72b29c36f6d092e69e727d7f02670022fcfc5df3ab1a11e50dc0b73a7df173ff
ntm2_0_1912_ML	39	9062	93416102830b623c0244678305a81b7d03e79402abd86bc394eb0e272d4698e0
ntm2_0_1913_ANCESTRAL	54	13768	15d430acac1d343a6a162837b872a40ec2efba37d87fa10a40ee05426468fad8
ntm2_0_1913_ML	54	12627	204e04574729b2b9ebb77ca41253ee7d6d4184a6d5b476cb94cc2973d49fb4b0
ntm2_0_1914_ML	39	9062	a67d9702a5524142608ae11f8551f207a66855a11b107150666393d69c7d8ee6
ntm2_0_1915_ML	39	9062	2ff13c9aa156ed6a3c8b1afa4a8e92df4aec6633aed39436d2290e9c5b65b37e
ntm2_0_1916_ML	9	2142	1fa17aa74d9419e7a6cf239fdec8ed2949f6eb1a500cd8dd5b5acb310f44fe4e
ntm2_0_1917_ML	9	2142	6ae72ddb855e16fcf2a94b1d5233021630b09751e1da873a6a6be0862fc11c0c
ntm2_0_1918_ML	8	1908	6001147cd6c121c9bdc0455d79b00554e6b3b49f8ec089d7eb88e23204c9c7cd
ntm2_0_1919_ML	11	2685	dfeeb0f94289203132bade72fca690716d6779346f4602a92b846ac0473153c1
ntm2_0_1920_ML	10	2452	a063e8cec112ba0c1030a5d93bf60449becfd20f3de7302f59ad5fa822a70dfe
ntm2_0_1921_ML	10	2452	67985ef42a0f9c49fd39ff41922b4ae44420c517a007a7107a2e9766f50e2451
ntm2_0_1922_ANCESTRAL	125	32167	be262c915895bc98608ca624612ad06b195663f67ec9d99f30f345945770b902
ntm2_0_1922_ML	124	29286	92585368cc4540b38f54ef0217484a62ad8950a6bbd3d5925325fdf4a56e770a
ntm2_0_1923_ANCESTRAL	120	30924	4a846163ac0272ecb743d63db41c3b169c4e543f9459901e236708e5d8765d5d
ntm2_0_1923_ML	120	28399	cb989e40def3a24b16b7e0ca9066f4bd57dc8ebe5c939b2a129d44e4ada89426
ntm2_0_1924_ANCESTRAL	252	64773	ca8b9ce9e552e1ea265e6e8cfab296dbe9d7f6435d57e2ac0e380faa7d285bb1
ntm2_0_1924_ML	251	59239	27954729592a8407c6248fd1d354a838420228606b0342773c8825b326e3edc7
ntm2_0_1925_ANCESTRAL	121	31035	8e269c66c58f0de8fe6d21ae198153d8f1be66a990d7cf203143c06b81dd78ec
ntm2_0_1925_ML	121	28502	671988c099a64f85202b1543c5239bceaf02e606b1ce24b65447c7685f769d44
ntm2_0_1926_ANCESTRAL	49	12534	7edb9b4257bcd2b0a75e496e1610e925734f7115e812c764a3cf3503ae896021
ntm2_0_1926_ML	49	11493	56e5cab94bae7f603e3bb19a8df4a595c2770bf2d3e5c8125aac8cc685c928dd
ntm2_0_1927_ANCESTRAL	99	25643	a30654badb6ec17e12210fcec1ad1fb9cd06a13eb96755c66c7c7e577ce4e5e1
ntm2_0_1927_ML	99	23557	b00999b88856d5aa886b314a9a388ecb56d1b9865f8fd9bf6b2edb7ec9ef009d
ntm2_0_1928_ANCESTRAL	48	12247	92810812f39a19dcc72425e9c6dacce12b572f36c3521978455d029dce71aaa4
ntm2_0_1928_ML	48	11232	8ded70f7e996e90fe1ec8dc8e0dfc2b6dce85f69d2efcd3c89627ee83d2f6333
ntm2_0_1929_ANCESTRAL	112	28549	d6fc183a82a716c0684a757b584e99d2a69e5db54c7cd15eafc3d6d9fcf56eca
ntm2_0_1929_ML	112	26244	b897cd0240dd0f7f86c50165ffefdc672aca9aef21c6ad7b77b0cce1cb6c18cd
ntm2_0_1930_ML	32	7438	80ec7917b8989513735143c674fb4c724db051fb2d7590b2910ec8b6e7dd3800
ntm2_0_1931_ANCESTRAL	62	15953	578e9d6aad787223825d837a6e68b12deb1f0876a93817fc232c2564d5b127e0
ntm2_0_1931_ML	62	14659	3917ae67ca2bda1755a1310ae7e6593aaee4a2348048796a39ede0508f73a1de
ntm2_0_1932_ANCESTRAL	227	58738	d02d528d89192174ca2e60fe618aa865801f85f84a243215d9b0165b4198e231
ntm2_0_1932_ML	227	53997	cd11c3d72b5587e44514d44b4c61db0154969aacc52d7ad5173d0950f55e1ca4
ntm2_0_1933_ML	46	10811	116a1ad3869e6136a96a8d16ac97e9485f055aa45d9f96e6053890c69ae38337
ntm2_0_1934_ANCESTRAL	48	12247	c43b57ac404faf37cfded138aaecbf3c5fad19308337c61a6d043d4e10aa84fc
ntm2_0_1934_ML	48	11232	5e0b3dd998ff3c1e2b43a805fa627a6db539709e80377af49c79b05b63d68f6f
ntm2_0_1935_ANCESTRAL	107	27583	8cd0e2dd029fc632ed9ffe9137c41ce5a90a0fcbcf5278b0e6b218c35bbce118
ntm2_0_1935_ML	108	25576	63baf3b1b22cb167baa7c490ef557ff6c9b0d1e7c81859949a787293b95ba057
ntm2_0_1936_ANCESTRAL	59	15151	09db58051ad0e9c87be82f59f801b8025eeaf6a159e3b59020181ddb0885afe1
ntm2_0_1936_ML	59	13905	3024ce2d8e91a40a3ae6b0650589a296fc9d11ca947faf11dac0136fb1b501d9
ntm2_0_1937_ANCESTRAL	100	25784	d36751c4ee939d296002531bb9c98bedb1307938a3aa5bd942778cb90db2c7dc
ntm2_0_1937_ML	100	23668	65479ae49fff5421dc1ed49533964544a1162aa5e8de8700af7629b42386ed1f
ntm2_0_1938_ANCESTRAL	89	22865	d4f9d6c909312000998498e2e8a203301134e4ce1ba4c3b275c86dce81b60526
ntm2_0_1938_ML	88	20769	37cc8d6b04a74972bd174d51250ed25bfdb3e439be731719f99859a54eea3ce4
ntm2_0_1939_ANCESTRAL	152	39416	9e6e1bdba28c6b47efa1b217613eb0b58f847b207db7675fb18f6e64ad9c13cc
ntm2_0_1939_ML	153	36436	e69f386aea868c16bbb2774ade6de46c2aad33e7920a4d3c2b3130f3e85aadb3
ntm2_0_1940_ANCESTRAL	85	22024	9b2391c1e0dca0d20dae577ee613486c7a996a3e9b23f82cc4a08bb1e4807e36
ntm2_0_1940_ML	85	20235	7d7a8dc793dd41d299a7d9c77a593ced9b04e903a55c9c709831d5b891c60ed8
ntm2_0_1941_ANCESTRAL	175	45271	310ee6788da095011f4a209696c9f60b9379b5d3c494551d341ab7a7d84fb132
ntm2_0_1941_ML	175	41575	435cf292dc88447ae48adc1f216e4b35b4656e7c9151432f4a96f14b7b7deff2
ntm2_0_1942_ANCESTRAL	45	11553	b0c63cb89cc797c50221fbefa990f1835cb99cb55ac55d3a4f9a81e7c4bbe832
ntm2_0_1942_ML	45	10583	04187499e484edb40932075d95822c496935e675765a95fcf57c991fb933fd5d
ntm2_0_1943_ANCESTRAL	144	37069	5672daf270be469b7de98ee4f2e76ffd4b770fa5c27ab4204e2a86c1873856c6
ntm2_0_1943_ML	144	34055	f73248b81b177672c2b34c9943c2ad3b6f67d477ee639f75f2f38264256af733
ntm2_0_1944_ANCESTRAL	139	35737	36019f0b348db6fa2ccf94c7935d52ccc6ca4cfcca38c5b8e12e23db5230e5dd
ntm2_0_1944_ML	139	32811	709f0022959811c348d5dcff94414a6c254c51879af19e95d7f66c6c1cd7bc7d
ntm2_0_1945_ANCESTRAL	131	33698	46cf09d04c850a4e5cce3442b8440e43857fa138d051d1379bab7a3dbf27745d
ntm2_0_1945_ML	129	30463	e632e657be51499490abc8b01b6964eed2a7875f416f83a22cc7dca4fca0b962
ntm2_0_1946_ANCESTRAL	258	66508	fb919269d5fe541f7ac92cd500620795d86d7b038025387a4d5a5dffe8e9b312
ntm2_0_1946_ML	258	61101	3a0d1466032671e1eec5959eaafc87a8d31574f18902e4fd521962bc602f5b40
ntm2_0_1947_ANCESTRAL	70	17890	ddbf4cc82bf2e2638e73ec1570a25005236b33da2e0fa5152f31ecb98b2fba99
ntm2_0_1947_ML	70	16413	f1e54f2837e3ea7ddea124b79afa617949436df98cace4b506c66db337b0161e
ntm2_0_1948_ANCESTRAL	138	35394	2aa9243ca181cef6f66aa644df02249cd1ca73639e8ff94ffb41bb6817db3e77
ntm2_0_1948_ML	138	32489	b9e5641680e8614451e80166b72b55d19f5e9779e92ff1bab5bfab6fb5d5a310
ntm2_0_1949_ANCESTRAL	80	20568	d92ca7f0bc4c724d49c7bb71d67ffd21bd3167f63e876da9eb9ca5b06779ba2b
ntm2_0_1949_ML	80	18881	0ae77db38212d67ba1d3321f55cf92969856018134e5bd85f9d177a5647c6b93
ntm2_0_1950_ANCESTRAL	70	17910	bd4214af162bc827c2500154aa6f28ff55547806c71c54729e751981ddc8bf34
ntm2_0_1950_ML	70	16433	27e9e3dac0ebb389c10593fac4bf7593c49196fdf0cd03071f3a5938baf34408
ntm2_0_1951_ANCESTRAL	128	32777	07db15a05a37ee142ed330218183e6f22d72fe60e710c5e96940ba083eb1ff2e
ntm2_0_1951_ML	128	30082	40a9e2140fe9e764e82e984193e6d78d775e0102ad7c803c5f4b46277a0a44e4
ntm2_0_1952_ANCESTRAL	78	20002	18b5ee08f9065374684a70ceb8c0bd6f593e4e6ba0e92ab52a085781487322a4
ntm2_0_1952_ML	83	19546	9469397bd6a7b852955659facbb37d7bd032b8b4effb0e1497d6735502c6e4f3
ntm2_0_1953_ANCESTRAL	114	29305	e0b6b13d8b112d6115269990fcdaeb150b09a3a6b96c91fac21e89bee953f753
ntm2_0_1953_ML	114	26898	ec25995931e0517b5d63ec910ab76895e340a1c39c8a5dbf4d9644f00e8a3432
ntm2_0_1954_ANCESTRAL	169	43461	cb05ca26b22bdf55ddc791604d8160ed8bc8d4e14eb9f67a67c393bc3575c34e
ntm2_0_1954_ML	169	39904	e19f64e935e2146a9925339c790923414c42b171f8e25c8a9e68d7e336d9892d
ntm2_0_1955_ANCESTRAL	66	16853	d8eca472637683a4748ea1d5317a54721a11b10bff70125531a3dc4450edf656
ntm2_0_1955_ML	66	15457	2b0c92dc57ea59c28b2b95544672ca90f7aedfb377414c4dbea30a9ca5ce0ad1
ntm2_0_1956_ANCESTRAL	65	16705	fcbcbeb43cb1ce7b309d9ab2fe0f6718517ed50849e38125e71d5955083e6f20
ntm2_0_1956_ML	65	15333	ffd733f2098ab383bc35208132606b1367c6321bada85210a8ee31afc18f198e
ntm2_0_1957_ANCESTRAL	97	24834	37cc31bb45a2d83c6b628b35989bb57f731223265fb4c1759d9e528ad37e8ddd
ntm2_0_1957_ML	97	22807	ed84870a3e90c2a4b6cc0dab7e344c2e220999597caa35cb70ae2350a7b26ac1
ntm2_0_1958_ML	59	13835	b25836ae57ae557d747858b517c6c52e4cbbc4094b8fe4c217fe1ed86848c13f
ntm2_0_1959_ML	23	5510	4bbc0a96f1762f2cda285191474761343f3e8043daf70f123f89c4b1bfb2ac47
ntm2_0_1960_ANCESTRAL	23	5938	9036df80991b40603a69b6346fdda1d9761c691763432824cdec0679dd3d8fbf
ntm2_0_1960_ML	23	5448	89e8b91db151590cb4e7d886351e2d7dfb49e498343176cc08913c44238fafb1
ntm2_0_1961_ML	21	5069	b5fb7a14f6eeb460e63d46d4d644f77941e94350e51b8b6cb663c54f11ac13af
ntm2_0_1962_ML	26	6185	14d8ce714431551bac0234cbb715137cf5fa15cb28e70cdc26d5177fceb43c90
ntm2_0_1963_ANCESTRAL	185	47509	784e3feafb743136feee85a21e4714e4fd6bf7f8370a84eb6efdd4ddec780ff0
ntm2_0_1963_ML	186	43851	d496cf8557ed1cf7403f0a7bf8dfd999d46a847c727896cc4b43b271d08c845c
ntm2_0_1964_ANCESTRAL	93	23861	7cee96868e96256827e2d6e5233ca5194389c38bda64f7ec6d5b81797b6a74c4
ntm2_0_1964_ML	91	21464	ec0923a41d46713a1a05d2b1277cf3f3aa7930e8860c5a5fbc52df655a6d8106
ntm2_0_1965_ANCESTRAL	42	10785	baa9cf17c2c32d60134d9fb070db71c305643ab1577e65febfb8f958a726e263
ntm2_0_1965_ML	42	9897	0dade195903ccf1deaa40aa956ac1f1b8c9e85df6cce5eeba6f0d1fad39d9049
ntm2_0_1966_ANCESTRAL	152	39065	d8e7a919c4589b298c69923e5166e7223ebf7729c80dbdaf24c7e63293f3e773
ntm2_0_1966_ML	152	35867	c21c793c20a67886d8c921f0361437d3ff7430cf94215245d4ac0231c36340b4
ntm2_0_1967_ANCESTRAL	30	7741	32a434c302104e302a745b1bcf7230c5fdb5d3696cd41dc4baee8d9069bef52e
ntm2_0_1967_ML	30	7094	632a1d84605455b6ad4dc7a8b9022e969f7f3de967e989a6b7bb0df14581e3b9
ntm2_0_1968_ANCESTRAL	28	7231	b7e6fce19d9362b6e47679286d6e1992939bb546fee1b0c80dd1dc380d0caabf
ntm2_0_1968_ML	28	6626	37059821d207c3ac54a221fc215a62d4dbac3959114f99886e967e0c310f99f9
ntm2_0_1969_ANCESTRAL	29	7483	06ae6d9d6e0750bd3c39bccdffbd8cf146616bbcd54f1c578eb462b71ff1a584
ntm2_0_1969_ML	29	6867	e566a91dd84b0821779a410d2f1ae4575238e025fe559bd1760047a94ce0c273
ntm2_0_1970_ML	79	18635	1fd02d8274e863c7d62f0a216356d9765d80b8c0d89f8e55ec6fe60a35ee4eca
ntm2_0_1971_ANCESTRAL	87	22370	b2b30f1e85caa0445f4f66d9942496df61171dc4b19c2db096f02c2f504fe7cf
ntm2_0_1971_ML	87	20537	0db36eb0a1f7942b2d8c3447840a23e4a50cbec86d5b14f8b41ef99284db61d6
ntm2_0_1972_ANCESTRAL	221	57120	120000ae016f55194b6a585e2a29e187e5c7c7852d435d3259a78e91cb983d96
ntm2_0_1972_ML	221	52472	0dfaadebdca1eef08d740df7fef48acf02062e12a6920847c18f78255ceecb9c
ntm2_0_1973_ANCESTRAL	108	27715	748f411a08bd8d68f7a9097873aa19ae1b50c84bf7fa30c78cbd8c146cbca142
ntm2_0_1973_ML	108	25465	1784a76545dbc2277f50c0e75666d3f63631cfbea887ce8a42de8ad4ce8fa8fd
ntm2_0_1974_ANCESTRAL	74	19002	4488cca7cb5e0206c9e106e2e8788afc675cbd5a43df583e6a8300280b254e95
ntm2_0_1974_ML	73	17207	e3430e96fde4dd3cb0a2d356bd179dd78d379fb9282629ecf3b95bf20b9fc201
ntm2_0_1975_ANCESTRAL	46	11839	7778841d41a7870b6976f1343e4dfae8b7719a1321783cb77cf8ccc0928117dd
ntm2_0_1975_ML	46	10866	e4abdbfc0e99eb0f1801fa5bf7505833f19724c82d7d77b0e4b007eb50e4e678
ntm2_0_1976_ANCESTRAL	54	13864	8d9abdd2612f74abe70d6e2b9679b398146e68d0077be405fcce39e71592a541
ntm2_0_1976_ML	55	12965	d86d2212931c426214f04306722702d0ba7a24024d5c12d20276b9eceb41bbc9
ntm2_0_1977_ANCESTRAL	57	14595	1045a34b94086ab4401053369bff077a702d4992f45505ff011bd55c2de035ab
ntm2_0_1977_ML	61	14345	0e3523707a93906492d145987544e6075f6945a52e4841035e4c8882389a453d
ntm2_0_1978_ANCESTRAL	133	34049	dbecf06e2bb57bc691ee166f0b085d55b2a345698b8ee72a4dc31d37c1d37188
ntm2_0_1978_ML	133	31248	a523d907124c617e6adfc096240675ec570f0d6dbda41a1cfd5b9a04a4982d44
ntm2_0_1979_ANCESTRAL	9	2363	0df1edc8719af6a9496bee32b3257bd8a9d69b3fd4fde7bf55d002796feb9e12
ntm2_0_1979_ML	9	2167	3558e37b209ae70210ed93910c389e0e409cb417f6be8acf65b44684c24f8b4a
ntm2_0_1980_ANCESTRAL	77	19969	47d7c85937d1288a7a049e9504fdc59c683bab0e6a5795982b7d06cf16534315
ntm2_0_1980_ML	77	18345	4d9bcde9224d152476e508cf840c7a49d3c6ede5a663c4ebd24a6379e454cc06
ntm2_0_1981_ML	10	2461	9fd893f71dea380eb1bd344dda6591cd02108284e0b40f5b3d918f44ed1fde55
ntm2_0_1982_ANCESTRAL	18	4680	98736cbcd4e28dc558e592f8c2e2e1f5e78a12e9d7e4d09431372ac399f8d478
ntm2_0_1982_ML	20	4766	cabf1f0134a4d00f948c70d49868a0af1e279a466209573dd68dbd2e1c7e6f11
ntm2_0_1983_ANCESTRAL	19	4922	4c0040a36cf80c55334f0da5cfba62876c94c6a07bf5b73a4f1f55d4247b7eba
ntm2_0_1983_ML	19	4516	1987e834a10b52834921ba8abfdcc518d6a9b394249841dc33c4a4831d8ff5df
ntm2_0_1984_ANCESTRAL	17	4414	02a89de8f1c185bd2a3f9cbc45cabd885f269352abdfef60f58be4c09a960a1b
ntm2_0_1984_ML	17	4051	1035989bac7fb5fb15bf3e325f96468e22400e6e6aabee6d77f736a09214d085
ntm2_0_1985_ANCESTRAL	68	17334	d1fb39fecfa3d22b22e715bc6b037da9738331b8f437afd2ff22b7a7f36eacf0
ntm2_0_1985_ML	68	15899	9a0f67547a10ae4e7dd38bec08fd5ec56ccd6160354d30592e594ebb82d86140
ntm2_0_1986_ANCESTRAL	76	19572	b25ddd41c999b7be922ce5b4db2f6a1180ab7f26d435ec7c61324441d94cfc0a
ntm2_0_1986_ML	76	17952	5e58663ee5458aac92d5ea7636e7a22da65f9f61f701150ac9b38b49a232818b
ntm2_0_1987_ANCESTRAL	77	19745	ce1f0a79ae5ad9d63a21678efa9fb357cdc68dc67766bcdbfaccd4d45b94d4bd
ntm2_0_1987_ML	77	18136	1db31e282a67bd29bc254e10646a8298646bdf1cae46609d570044f99cbd00c0
ntm2_0_1988_ANCESTRAL	83	21378	75f6dc8e1f1d64bc5e6d7c5cc424081562a3762bd2d764d0ecdd0501cc891277
ntm2_0_1988_ML	83	19589	401aa6eeda6730d2ef9a34a6ef440a1da7d01a74243d2db4fe83534406919c37
ntm2_0_1989_ANCESTRAL	89	22810	f70635acabb0d2cd47b40f92852bc53d0077ad8adc74c733a50cc732e48863f5
ntm2_0_1989_ML	86	20249	6adf29a47a492f85f7d5740f1421857659468690f081101bb47a47ea8ea84178
ntm2_0_1990_ANCESTRAL	109	28127	0c0365972c2c7d44cc7635e993d56a69bd17011d475cce884c66209ed4626141
ntm2_0_1990_ML	109	25849	c5ca307e26ac180e016a1cd7fb3a1bb35b5ace5baa5bb06165f54146993931ea
ntm2_0_1991_ANCESTRAL	46	11718	e4431cc9f58e6647b3e33e46781a57083e02850865b060bc5027dc036626ae4b
ntm2_0_1991_ML	46	10759	7c52546bc820934b05d757cd3b299f419a8d768b6110119a0945eb0a238f7a28
ntm2_0_1992_ANCESTRAL	145	37093	2f3a491fd8d05938956995b67a04d8d982d116727cb733f25cb7ff3306f9e661
ntm2_0_1992_ML	145	34024	8eb4032ebda9ec65043961aca02f927385399016cd9a874ac2f9a2c79e7e6408
ntm2_0_1993_ANCESTRAL	69	17795	94392d8684392747618de5687f9160d72ccfa7315b3524c863f009a05e5190f5
ntm2_0_1993_ML	69	16339	bf43593e9d7f182eaa28a17dc828d76cb24b24ff969622e579dbc0b0ffee9495
ntm2_0_1994_ANCESTRAL	108	27747	229fb93900c744555884a7a0b2919e9c4ae7368bf5a7b110cdf8e4641a30bf13
ntm2_0_1994_ML	108	25472	b113e3413be48c78e31593cdba378cba095df0f52209aed0041b3412b00ccdf7
ntm2_0_1995_ANCESTRAL	71	18250	ae6cdc8b1a342fda683b225714a196ad691d118f81896fecb392da4634f39c0d
ntm2_0_1995_ML	71	16752	2a931d066bed6a84ffe04f19b44bed01133d4dec7a610685965a387a036a7898
ntm2_0_1996_ANCESTRAL	84	21588	078febb0ba0f9c4253292c21a098c89b4aa8b04a9f4f9ca377c04f32201ee839
ntm2_0_1996_ML	84	19817	ec900bda78518a5c9c3eaa3285701f34a1ec33f34792b505900ad99547842f1a
ntm2_0_1997_ANCESTRAL	87	22510	0637e1e1c38a23d07a948d1487d75f639c6aa3372f0ba44955c450a764ed7c7e
ntm2_0_1997_ML	87	20656	585323e95fa832afba8d2369a1ac5ce9bcf6ba5d4ce4de07de9656d99affa612
ntm2_0_1998_ANCESTRAL	55	14060	09873ffed4d80cf9548d65dab86061e56ad1724c7fbeb751ae71201e40838038
ntm2_0_1998_ML	55	12907	5d5cfe82e5ea4fc9b8098ebb530b4ac6a56ebb1c72a77222f5c19b1f5f2c19af
ntm2_0_1999_ANCESTRAL	124	31876	97db328e9239ae340042a24ad6d94e5315cca5bfbb85b537f31fd85e17362230
ntm2_0_1999_ML	124	29266	433421e415787e92a0f383ad61980d3b2c233a72dac73c2eb1eeb68587a028e4
ntm2_0_2000_ANCESTRAL	100	25647	eb9334ab2a4a852c28946a78fba5050161499a1380ceddb1bf48f1b07e19d4d8
ntm2_0_2000_ML	100	23540	5e9c1a8c66c942e22f71e410ea4f398ffab5b16fbfb54558b81aa6d22f3b0379
ntm2_0_2001_ANCESTRAL	42	10726	7bfb734b5a5fce93b1e09a426ead1771d1601678e89e66a3cdd613c4b95b4feb
ntm2_0_2001_ML	42	9852	8dd2ff154a17141ec57a368efb37d4718e26e4440438701e81f10a26f4775363
ntm2_0_2002_ML	29	6716	57dd178a83eb70618d5c38f14e4792079c5071ba16e59a33e31354e86d57dee4
ntm2_0_2003_ANCESTRAL	120	30716	2200b64bad453eb56bf1ddbf9f08c1d740a5a1d5bf7f1343f0821f85cfef81fb
ntm2_0_2003_ML	120	28190	595752422478979bf46277c5a2db94b32c6fe21d59b06990ea47991a8015f056
ntm2_0_2004_ANCESTRAL	247	63439	650d722e943cd43b5bbfe6435fbd18c63f7ffcc58ed1306d4b63c4a1a83655e9
ntm2_0_2004_ML	247	58245	97635ce988f4cefdfb9a4e9b40e600d69187e6a6c9f06c4fb7fe737fe252bc42
ntm2_0_2005_ML	77	18192	10bf21bad455521c84cf7dc2582d4b2b95e66de7cfaf64d01b6b826687b585bb
ntm2_0_2006_ANCESTRAL	120	30669	00158dbba462d6214714ada020d67540284383059a8c9ef8b4ae41620f64a691
ntm2_0_2006_ML	118	27670	84f29a2008a2473a5f6f67b5ecd5ba9a42d7a32ab4fb4f0217b0c12111534ab4
ntm2_0_2007_ANCESTRAL	199	51060	801d86a93eda01de4639e9a85a3c9bdf5691493079b698fbc5f618fd3e03a03f
ntm2_0_2007_ML	199	46856	1499f86776aea06c5e7542a970ee48a980215620734e1048e9965e004f7d5d23
ntm2_0_2008_ML	86	20264	dc5170d03c448ca3816d8dcc74e5e1262c65ff97818f8db202b490784e546ff5
ntm2_0_2009_ANCESTRAL	90	23231	5e4c6d5ebada5223e009a1e9035b71d218a3766c4b0ef1078d30fc0f5bf23723
ntm2_0_2009_ML	90	21362	c9f3d2744983b811e702d1ebb57fc59aa35960ea0c947ef78aca2aae5dbcc376
ntm2_0_2010_ANCESTRAL	28	7291	1b5cd8eaf59adfd48fcf2f2d96fd903221c863fb5eaf745b8c12a30f86b875d7
ntm2_0_2010_ML	28	6696	93a2ad91d59dae874ae63f4e60bf52447111b908e3d94e5b5970c03303e15213
ntm2_0_2011_ML	46	10943	eb6607b58f4f1ce37856df68bf55ee9b8e86a3c44f7127634c9b30e169c1b9be
ntm2_0_2012_ANCESTRAL	11	2879	a78ed960057600526a0ccc8bc7a5afb1fd1fa6edc13b1d675aeab5984ab273a9
ntm2_0_2012_ML	11	2641	8a39f62fcbb6f7ce0e20e8d378c487a3041141ef10c8c3ea258b9f8d53f8df69
ntm2_0_2013_ML	35	8286	51f3bbf04960a79d15a98d44960931c0c313e5b41e9968ab6609f1a947a728f3
ntm2_0_2014_ML	47	11010	2f818f6847eedd64d6d9b50b0ef50c95db46b613f5ee2ff7fa4bc16d9f806ca4
ntm2_0_2015_ML	49	11486	5510edc414a21901118a9dc3e613b6bad5c0e46625a66b4f8ccf849e1ff6d51d
ntm2_0_2016_ML	42	9873	3cacae92728a6fc8b7aa74fd99ead33eea353b90378e6e47c2bd516fe3b66009
ntm2_0_2017_ANCESTRAL	90	23094	af9618b1423b07bd34346de7146698540b51566066db403102a73b3d3794417c
ntm2_0_2017_ML	90	21216	5c9f70796e3d4be90acd7f0dbe0e5800f67954d5772c8215a2ec8e348202f974
ntm2_0_2018_ANCESTRAL	141	36206	151159848994943a0ef951ba528ec74141995dd65e1659f0eaf63725e9f4abc2
ntm2_0_2018_ML	141	33273	1c2987f7cfe8575e16da21933bc08cdb9ae47462edad0aaf6659fac71d759608
ntm2_0_2019_ML	61	14395	9a34fadfe8d3ec9716ec38d8aa8460b91ddcd0cd516da05481e6250f469aa237
ntm2_0_2020_ANCESTRAL	73	18657	a63a64c5c39550d4441bcbb0c97227eb670f886595fa83f535c519741a26de35
ntm2_0_2020_ML	71	16624	eda72cd70f8794d8d86a633921b62fba53d3f0cff7cd7210fe404fa18c4e7571
ntm2_0_2021_ANCESTRAL	46	11735	df9d9994c7d0afd0c040b4d31e84d00274fe61c91dad749637ba75e5524e7ac3
ntm2_0_2021_ML	46	10762	e0fe79045025c5079d76ca362f580a6b57b48d5f6fd36ee2c95c05e8f939aeb8
ntm2_0_2022_ML	54	12599	be23c4305b545b8e799bdabe079c1ea27edb0cdbf85172075bcca1a860fbc43c
ntm2_0_2023_ANCESTRAL	67	17380	6b5279e4da6d4d519dcc49e7b2562ae9d93c115f0d912820bf3de0287edf55ce
ntm2_0_2023_ML	67	15966	83cc0363a194194bc347b1c0ee62e37ae33b3690b604c62628379f57b33c25f8
ntm2_0_2024_ANCESTRAL	28	7311	8626b59902f63b040e9c700641bab621688339829aa123e8cb67dbe533bb9ace
ntm2_0_2024_ML	28	6716	310444c94731c9bbae0460b0045b24248afff07b894b18e5731a1a9b490f75a3
ntm2_0_2025_ANCESTRAL	26	6735	820e69a4575857b5bd5fe64728ec155af2377eb80e0713c85d4ce85c15cb2908
ntm2_0_2025_ML	26	6182	13fe9154b20890695b46e3f884e6fb2c6fac6275ab790af3f4b03f4fdb2f49f5
ntm2_0_2026_ML	9	2140	33a316a3fc6b0d6e912eed9d0ab7d4a3b90e18ab1ce59ce0a577b40a94b1d2cf
ntm2_0_2027_ML	81	19129	a4a8245567f60b298c578ec91e7fa00d28f43844de45fa573fa8be8bb255a77a
ntm2_0_2028_ML	62	14506	0d3aada1532fcf2bbad2a77d9230e03cfced5237d5aefb16781a54d1696187db
ntm2_0_2029_ML	38	8848	9671157b275af6fd27317e045a19817c3f43b3f6c9622ba86a70207ae71cb137
ntm2_0_2030_ANCESTRAL	154	39744	48902f137e023efb5b5e16cf85d66393a6a0b3f4d801728ddbc958a79c85921f
ntm2_0_2030_ML	154	36503	63974ac0e145fed5754a49db117cd9dc2fa8062ca7758c819ff51648215a0258
ntm2_0_2031_ML	17	3943	d595a0c29496a0ea8c6b3a674b8ac0d8cf6907b5ecab886b534d4cc5e5d549c2
ntm2_0_2032_ANCESTRAL	7	1787	9eba4e855098965fd676351b88431bf1b3ece82666389ac0f7453a93e3ccb920
ntm2_0_2032_ML	7	1633	1e29508da7755b55794274137ab4e8b5098a0872f122c3e5f7fbd1d06da5596d
ntm2_0_2033_ANCESTRAL	8	2056	a2c9db1d26289e7ff193775ab888b162c90ba4f3520a15a832d9405f030a8ffa
ntm2_0_2033_ML	8	1881	04ebe4a72175073407968636dc4103e53f25f9f7af9842f3455f47524d5a38e6
ntm2_0_2034_ML	40	9252	a965a74de5cbfcf2dcf337960fad0fddb43184da85e2ef800b3657dbebe11461
ntm2_0_2035_ML	37	8566	f594094c4b997b222c50ef8eb3f8d327353977277bbc7dedf3d1ba1a7001e26c
ntm2_0_2036_ML	37	8566	2e6e365375d5dbb2ed0ba7ac952dfb3dc1f8e5fa8fdb48ed5721b30841d65e38
ntm2_0_2037_ANCESTRAL	91	23292	de27dae88023b318bb6f0157585e21a905d853140914bdbe012392fa7f711f5d
ntm2_0_2037_ML	91	21374	f7a711709607326340405cedce6ab83c013852dadcb4fc3e5b62578f1cc77e4a
ntm2_0_2038_ANCESTRAL	86	22107	41f631ee7922e165e04d8d8ecd7a143328fd88328d7f99a4874e723f6eda72a2
ntm2_0_2038_ML	86	20298	d205fc97d265f35330d611631591897e6e2c7c852857e0da63d89511cbbbf558
ntm2_0_2039_ANCESTRAL	178	45859	20de1e5566d41fff896e144d6050b4204f7f16e5f4a67ec6863501ee33460c09
ntm2_0_2039_ML	178	42114	6d1f9cf88c74541b6ced676d3ba6d1aaab6cc11c00d6b23cfc374bffe5db3967
ntm2_0_2040_ANCESTRAL	146	37690	b8aa09c3b9742e4bd8c47016ce2dcfc2175db91945529dd0a2a4244b9c9ecfb4
ntm2_0_2040_ML	146	34643	8ebd54b80d17c961ac0eef87ee121cad34af304df71acecddd1c5f2d0549c876
ntm2_0_2041_ML	49	11483	c49b87a4d4e00561671615b00a1d7ba36902ac93252000014ecc50d7df756e6c
ntm2_0_2042_ANCESTRAL	85	21921	6e8045b21c810c0f760c4753998ab651f60a8a2583f4f18f1aa65f3ee8fbbf31
ntm2_0_2042_ML	85	20129	0c937a7943d9d2f09ee58ed96f97126e0d8d5ed8ee822b0a45b83153b258c5b2
ntm2_0_2043_ANCESTRAL	91	23453	b4b4ba07002a5d208bc539fde97de8fb6cab13733a65e2456ad95b91d994d085
ntm2_0_2043_ML	90	21304	2fbe89efcbeb27c26350c24780c1ecdd2dd3bfea33714448d62bbdb8d02df790
ntm2_0_2044_ANCESTRAL	83	21377	87c58d9854403650697facf259a929a06e4c92b5f25eddecaf7394296b9ebfda
ntm2_0_2044_ML	83	19627	e1ed0f6bf9c52d5afb2cd8e888a7d4effb20e2060be2806c7b5929947fc152e5
ntm2_0_2045_ANCESTRAL	129	33181	654ad3865a8e28b12eea7115c6b2ed43db0acefe1ce5bd8b6f6a207bb73dca6f
ntm2_0_2045_ML	129	30465	19766fa020da671664d5d55f6853a0071d5f143ae1c49c8aef4cd0d8241d9131
ntm2_0_2046_ML	55	12921	cf123eadaa439ac5cb391bc2b6b1cc9cacf27be2190d6213a47ef9e6af8e5f16
ntm2_0_2047_ANCESTRAL	82	21123	b2b8712c341dc3e65633e88fc42e8c2abb70c96b9b44306e0a4de4109b8f8827
ntm2_0_2047_ML	82	19420	5189455afbd7a4df83281d8666545c0dd26149d839da302d90fa8ffa78f6bc35
ntm2_0_2048_ANCESTRAL	89	22861	a46b05cdabbab0eedda78096eeea31f2404305b48e19df596da879200f053f83
ntm2_0_2048_ML	88	20747	f21c1ad7c8ee1692c478461b058bf51021040619ce3dcdf8c50225b223fd0c5e
ntm2_0_2049_ML	54	12716	329599d7f530f4d777238547c0f0c6de1eba49b1d451c7c57126696f6bba44a0
ntm2_0_2050_ANCESTRAL	29	7538	87ae0fed546c6358e1e635bb1d09cc034a656b642fade05896bbe27e1005ef66
ntm2_0_2050_ML	30	7158	19e41893895ac5f3741cf0b6ddd7da4a8a1312382f6239ff91c05a8268128383
ntm2_0_2051_ANCESTRAL	64	16474	9c08ac863cd9e26bb9c5af098def5a110315e9f5143655c17a721b74ce12f9b1
ntm2_0_2051_ML	64	15123	684a670d2cce3bf491d14593a7a3018bd300d3d338967f367820d7322d1a88d2
ntm2_0_2052_ANCESTRAL	46	11710	be27da4589713ad60377a931b2a253784ea44fd15d9deb7e5b8319b6af7523d7
ntm2_0_2052_ML	45	10527	c9dd85b9f5a91fa2b18e8821db520425ee2f388e0a3b8c2e4a5b0874830259d4
ntm2_0_2053_ML	9	2093	ce518e4e635eb5969458083394efc0305e24bd46726097f65c2b817a4a8854aa
ntm2_0_2054_ANCESTRAL	32	8283	f6e3c68beb53cd4f51853849ecf556fe5413e15f2d9b3f0bc3e5882813db60e6
ntm2_0_2054_ML	32	7604	471ff8592e76ab33f9d49d01db2090155927227d7230e1e56efa5f53cacf3fc0
ntm2_0_2055_ANCESTRAL	9	2363	1c3b6b774542f5b36765c7b74d792c1f01f3e95a1b0bf123826cc15c0482c394
ntm2_0_2055_ML	9	2167	002788ae3679682b26598d1b326f8734cc2b2c912b7b8dc5af0c816286dbe504
ntm2_0_2056_ML	12	2880	0a5b6abacd3a0b61ca088847b52b2d79276c4d97853b79ac5994cd56adfc8ac8
ntm2_0_2057_ANCESTRAL	6	1594	c66c3e21ae75f948c519471cfa308d15495e9fbdba38ce2e7d778b14497c2d6e
ntm2_0_2057_ML	6	1461	6708385d9d89fc0875c3017ce4b4d62eefab97ba7bb880f360976cd4543e36c8
ntm2_0_2058_ANCESTRAL	27	7006	345af26480a95de1af9c5b63d6b834e104970f0530dbce314613bdc8f1e03f63
ntm2_0_2058_ML	27	6432	8f2fe4ef87398c13ef3749911483cead2fb3fa09fa04e8d9bd52069c4ab5641f
ntm2_0_2059_ANCESTRAL	70	17867	cda4034c73e29c09422bea4029d56d62092b74bc05dd3664c0c2501de3cf80d7
ntm2_0_2059_ML	70	16390	c1717dabc9e29e6cd5156ceef5421441f7fe91d38b4d9bf0028bb6a2890f3091
ntm2_0_2060_ANCESTRAL	95	24262	14f79c0a41f3342cf16ff72ce2c566468a663376b33c57b7a1cc5426bd3da323
ntm2_0_2060_ML	95	22260	91d1d8ab49567847fa546ad8519e307ccd65f595fe6795464a069a6cab6442ce
ntm2_0_2061_ANCESTRAL	8	2104	772f2c2c35c417e4e5ad6bfc88f7df32727794bc814ec53f42229b8007a87058
ntm2_0_2061_ML	8	1929	d9f327f00e7dfa7a6153e4e1f0d7313d5035dfed9dadcb71d77731ba53fc706f
ntm2_0_2062_ML	15	3594	090d796e8a151cc36d8369ca7e8abfb906d9b49203b063fce9867171c66e682b
ntm2_0_2063_ML	7	1700	7d4c65a9f9c5e465fda3a771599f635b152b84e8d85d329c656160c8481f6765
ntm2_0_2064_ML	5	1228	e7e89cdf9b0e9bba48d31af4ed1103f0ba97b8f18c18097680006cc1614ab0a6
ntm2_0_2065_ANCESTRAL	75	19236	faa4fc64aa912446d55472f90384dd86c54c67f6ac26bc0043e8c0d51ab753d2
ntm2_0_2065_ML	75	17654	86cca07e26ecda7ebe5638502bd816cd1d8eb11c74a620aa294c2e3656b55447
ntm2_0_2066_ANCESTRAL	117	30150	9c7bbc1ba41b686e960e6a7947aec15d5b19b3ed9fb9a70ceb0b355d23792034
ntm2_0_2066_ML	114	26975	6e2a332c8895bc2e135c9abdb91d6b8ee53bc2451224fcfba375f63e9e16f751
ntm2_0_2067_ANCESTRAL	67	17084	89863422e3716c33ca6946039f012737f63feec65d779b2df94ca2b309628209
ntm2_0_2067_ML	67	15670	59b6ee0c5bacbcd6dbf6933d8b90a0ecd8de9dcd51ddf89e0dd9715637cc48a3
ntm2_0_2068_ANCESTRAL	130	33409	239f72b892785b29cffe377c40397ca14de54bf026096141dbc89469f6d4832a
ntm2_0_2068_ML	130	30672	5901747c96a9df0d56c80d60e79d6f81324a99f9cdaa909c7662a828622a2a87
ntm2_0_2069_ANCESTRAL	64	16419	7cc81126924077b757f2d3487dc999c7a69ab5ee190d9864cec10daba78ba6f8
ntm2_0_2069_ML	63	14831	677d2515e653e00975f90e249288d557076fc82e7969f944e4636da8de341f37
ntm2_0_2070_ANCESTRAL	80	20205	d4173bcd147a569f0dc24d8553e8e6fd7e0ea86dcabd5dee2fda248c95fd9b9a
ntm2_0_2070_ML	80	18500	52714d445c01fda9233c1051d668bbc05ac5c857ab134e708bff61d194e3e4dc
ntm2_0_2071_ML	41	9443	0b31ea55c62f8c706f760119cab13e6e7f330abe4975b923d5093acc7efd06ab
ntm2_0_2072_ML	42	9672	5261d65198767ad8f286af19ce5575280575ed415b755649a3e901fbc800a37d
ntm2_0_2073_ANCESTRAL	22	5806	2a20d0ad5fdc85a8f1d8bfd89c115b9af04590badb2e0e12f98b247ff95aaeaf
ntm2_0_2073_ML	22	5337	5fe1e48f64a1a370255ad3c07e62745e1a923b1a4014d911c1bd1976dbc8c85a
ntm2_0_2074_ML	17	4046	3723a376d59f6d37429d792c559f6f6af6a32c6f81d17ab6fd38b006017c7c64
ntm2_0_2075_ML	8	1897	ffacca3052ed0f0f2ac008e6df06018f64e705d1912ec2e647b691535ce17b66
ntm2_0_2076_ANCESTRAL	44	11542	28b06e92b239f6bb04cc949dbee8f244cc7bd25b30ee2ae403fad6745af56e8d
ntm2_0_2076_ML	44	10611	7394d131f23383ad07ebb27186d957f0516e044e7f958347292ea4668c7566d7
ntm2_0_2077_ML	16	3780	279448350de2ab91d153b85f7c69f13fa9a96e87aad68cb11d4094f5a8d17d9a
ntm2_0_2078_ML	20	4764	22fba864620319f3fa81bb3fdbabdaf25d114fc867a7bd976be84ae56ac1c341
ntm2_0_2079_ANCESTRAL	35	9153	2e6882ad96901a0bb8e610465b5f66b7b8ec3355aebeda35937fb9fa1d4864a4
ntm2_0_2079_ML	35	8411	ea3a710220f0a0d8e2d6735959b8de5405fe9567e7e0c55bbf31f2eed47be06c
ntm2_0_2080_ML	28	6673	99817ffe82aa46b265514eb42a5eefe2a5390aba0f40a3c67e28af29087a3618
ntm2_0_2081_ML	28	6673	3a4a23edac6b6ae86f3a00b16122c36f932cc0f59e6b4c7851ec59bb9cecab37
ntm2_0_2082_ANCESTRAL	32	8268	3775d533c7b048df76a2c1a0d9d90b9900f248bac8f94f7ae1888bbd4d417bb6
ntm2_0_2082_ML	32	7599	76a2f9a88d8f14370d17df9b69644f6db89f484dd2e039d7df49cea48b184719
ntm2_0_2083_ANCESTRAL	57	14692	eb063b4bf8727077980a3b149f332eb3456bdba84af453879d17761eef192372
ntm2_0_2083_ML	57	13488	51bd1a708024b055e0c7d7b3b279dcf644af1b2d49493db47784827c75643d86
ntm2_0_2084_ANCESTRAL	10	2607	5eca00b191c458460ac94608e03706c94a85beffee1c43dfa9fdc7532fef0d79
ntm2_0_2084_ML	10	2390	256edeabecbcb1e926625a2e317646159258e9a8090ced869ca62f2a91efd5d2
ntm2_0_2085_ANCESTRAL	10	2607	48e45c5479a1164ce096bb7b02bac779637cf90581a25656f4c2fd20a4ef14c9
ntm2_0_2085_ML	10	2390	0738f43a95a94093970546b8c422dab67830886047643262de48461d1d59939c
ntm2_0_2086_ML	11	2630	f74e5f67163bef6108954e88fa408c5e198f9012ac949cecbc3e881fff0ecda6
ntm2_0_2087_ANCESTRAL	19	4921	42592f30aec3ead407b01996b24e8ff050655845fe7a4b3daa37c71c7f308bab
ntm2_0_2087_ML	19	4515	a64a02c0f181f68eb43eea68cae60973c68f4b4a2ac25501b8bda23cddead60b
ntm2_0_2088_ANCESTRAL	14	3639	ed70142918e74f2d79c287a2934a68385204aa801056749f2aec707a24861a4b
ntm2_0_2088_ML	14	3338	168559bafe97f8660f3cd3deae714320099a0549809ea6ebf81f06df837f1147
ntm2_0_2089_ML	7	1695	df8017be4ffd267499877def734488ca6195be0224eea8a5f284865320f3b958
ntm2_0_2090_ANCESTRAL	9	2367	478c9ecab970cbe0fc5077bc126cbe0182197050c93a62f677b5d8395c43e964
ntm2_0_2090_ML	9	2171	19cfd923d8ca4d833a35969147bcf1291a1d1e64538c57a80b0aed12bdfade84
ntm2_0_2091_ANCESTRAL	9	2366	ecb1145a963fe90e91ac16e64f880a796e2e910611774c332aa22e27b634653a
ntm2_0_2091_ML	9	2170	b960a6f953db776c466ecd0dd7af1b45f755fd99324d1d556a8bf15dc36c8baa
ntm2_0_2092_ML	9	2173	78e5beaeb009e9704a1e969d4adff5a5a311202371be23287b6ea2ef2c9292c3
ntm2_0_2093_ANCESTRAL	9	2366	7fc83c278b6b6f34edb5980461a0377abbdbab82f9ad880ff8080d257a354e09
ntm2_0_2093_ML	9	2170	c6faeb44ad40cd9d81b89102c8c3404594ce2d3b67088a3e6440e4b0a6fe55f1
ntm2_0_2094_ANCESTRAL	19	4921	bd1e42f780a437af99fcd0d2a6e5dde7b414bab527e0a83fc5762404decde88d
ntm2_0_2094_ML	19	4515	8d85a5b8587e750c620f74a63bdd04efc5d4eac281766601d9f782bd9bb7adeb
ntm2_0_2095_ANCESTRAL	8	2112	6e4f29c89d398e6bddf43a934f16cbdbfb775055787c0bfc0acb7e7dd2eacf7c
ntm2_0_2095_ML	8	1937	4510ff6332a73ce2bcb59457af50ed03e488a41300dd759df2a20d687edbdd8a
ntm2_0_2096_ANCESTRAL	15	3905	d7314ec6362f42071f1c09beda6e130a7cfaa33b6f1238fca10d0dbede1df9d2
ntm2_0_2096_ML	15	3583	8821b8dd3a8bc364fcb4719e6694ee03943df5bd43cc898616de2d5aca24bf00
ntm2_0_2097_ANCESTRAL	9	2367	6e195c4538978768e6a208ac4efd98ecb87829dc6c2f7161a12e49b11ffcf7f6
ntm2_0_2097_ML	9	2171	14a8c1a56dbac94dab0d8b41f11a9900fe520dd033e8dc77a559d1489863e5b3
ntm2_0_2098_ANCESTRAL	6	1595	d0fc894698411893083b302ff5ae9e6b16ba3c5d9effcc69e2053d239ac1b86b
ntm2_0_2098_ML	6	1462	72f4c4d4ea9a9c3851479aa838e0931a23262216d554bdf079a8431019a9faee
ntm2_0_2099_ANCESTRAL	3	825	49c6474f824e52763e7c793d20887b8a37fe6d764189d7f298534dc9d45dcf4f
ntm2_0_2099_ML	3	755	a1addc096578d0d698cd8cb1c2293e84693753e7a499bd40e4250b63e7321f7e
ntm2_0_2100_ANCESTRAL	3	825	6df197311894a791c4af946a63e2a9607cd4925e17ebce5b0d4cc5eeffab9d17
ntm2_0_2100_ML	3	755	45055f813f41b2f728575ba74f5c97b9161dfa148ae0bf6501f5f3d324b2aee1
ntm2_0_2101_ANCESTRAL	3	825	fcaff9ae62bd9bc6df7b8b60f49e0d1c631c76c5927217e369b1769232c8d291
ntm2_0_2101_ML	3	755	2cf79f5555ba1cbbc745b2d0ad1df859decb8c083accf34835f342caec2d44a6
ntm2_0_2102_ML	5	1211	9cb4b07d1547d48638945f17bb1cbf71d1e332f4dc4cd8597dadb2398bcf40a3
ntm2_0_2103_ANCESTRAL	34	8804	8f9fa343b3fdcd3e1556cfdb4d3c004c0eaa654beaf06279fe62b18e6859dc93
ntm2_0_2103_ML	34	8083	27607ad19b5c0f294e2359dc4d2b51f8bd8cdd683f64063f7629be21b925e190
ntm2_0_2104_ANCESTRAL	71	18364	afe37f63629302857aeb66d50653faaf4dc672bdcde333e19c0dfad30783e0ad
ntm2_0_2104_ML	71	16866	509c916ee4c82885d6e98bcc313faa8fd86dc89542f2511c3d6ed3c3545d279c
ntm2_0_2105_ANCESTRAL	43	11134	3e3fdce3dfa6a101e07fd701b38d4c2464a8445df065f80a7440ed2d714603c4
ntm2_0_2105_ML	43	10224	e39c3c92c0b9d69594d581572547b926ed724086214500bb196f4691954a0df0
ntm2_0_2106_ANCESTRAL	8	2102	62fff2f76a0e591f374c4544ec7e662c0fd8fbd16f995d2bed9f3da0e96d2f91
ntm2_0_2106_ML	8	1927	d244d23ec071b6496eba2d9ba802348a2b3e12232d50743f1dc008c9def7f4d3
ntm2_0_2107_ML	5	1226	2b96013773a786f46d609c46684a3d2ace5adfdd897af867b74e947424e04ba1
ntm2_0_2108_ANCESTRAL	14	3636	ce3b221dfd7a394243be9c7f166e895bd8fbada223892be338eaa551dcd6d88f
ntm2_0_2108_ML	14	3335	37d3e7e61eb4f60f277124fb9f8102c722ce1460eaee98e6036c3fbed6bbaac0
ntm2_0_2109_ML	8	1930	d61cd3274214863b645374d41c5e225cbfdc74c312feb0a9f8e8725d1d25517c
ntm2_0_2110_ML	11	2621	6dc77507555270729cf7255765165f147576bb86dad491445f1bada35814ef9d
ntm2_0_2111_ANCESTRAL	15	3910	9b0a6f27557941fe5f4c43e6fa1ae13ceae1d9c5f1bc660e2f75f00a8f3956c2
ntm2_0_2111_ML	19	4528	3e0616c93624d721ecb4ef19516ce1547bb2b4710fd843db1ed6f34fe56af718
ntm2_0_2112_ML	6	1445	94f9823f88257e8765499dcd435be35269d9e81e9805f203d12bc26b90ccc118
ntm2_0_2113_ML	6	1452	6c39334943399cd4963d080eb7a8e5804aa564405098d9d74601915c6b88fd35
ntm2_0_2114_ANCESTRAL	52	13468	827c5472ebd77b132f5db1e5b87ed754b916a0851a1921f58c92d43c817ce1dd
ntm2_0_2114_ML	52	12369	6ac607089480d03740fb121a5f3cb3fc52112b1dc93e2fa07dec855c0aee52f5
ntm2_0_2115_ML	15	3594	a0772de824e05fa68946bcb11792ff235a6f5aacae2a0471e9d0cfb6d55a426f
ntm2_0_2116_ML	15	3594	1c15cfe9dfe23d82b4a3314529f40ea2848e1de933a9cb8c4c709d7ec9ef5d5e
ntm2_0_2117_ML	15	3603	26b2fa2b0c89da2badc2c8e5fa44e5f9ab99319b61a0eb1d60535f873cb87237
ntm2_0_2118_ANCESTRAL	31	8032	e9d692f9af7c3bf1c74674bd431b4a8b16e7742f05fefbd5d5715caa6ca8dcab
ntm2_0_2118_ML	31	7374	692a761d333867febe906ca0d27898e0c1dbb4280751a76d6e03773754fa9609
ntm2_0_2119_ML	15	3603	de1302fa63f29a1da34de8a0e52e6a5595a24d289b26b75dc66c613fb8a00dbd
ntm2_0_2120_ML	20	4782	c9c03b91b2cad7b11c8e81f655ef9d92693bc93af350da9884fc96398dd3c075
ntm2_0_2121_ANCESTRAL	31	8037	af7a31dc8b670fb67467b227bad6193d1a9e5f87ef31b3890c237b787022b889
ntm2_0_2121_ML	31	7379	14979a355dfc661d22083e1362e021c2b6347e656d3582b9991c0836d16b3dbc
ntm2_0_2122_ANCESTRAL	17	4427	c6594ad853f77b43d3898df3eb93dde0b53983178a60d3e1fbbe803245090d94
ntm2_0_2122_ML	17	4063	f12daa318efec3e07595cdff27f1d8ec1da05fa9c0cda7f150f2bc756e18f4af
ntm2_0_2123_ANCESTRAL	22	5718	37ae616bd8b718a07244c7aef71b9acf4cac18b27dcac31238ddfe9252986e9b
ntm2_0_2123_ML	22	5249	919b16abf64759a8008069b91cfa34e31f48d40e7ba03db38f181ea8bc0b31b4
ntm2_0_2124_ANCESTRAL	33	8553	bf007dde332229730733e92cd482379295e0591639125a86739f3fbea0ce5d9f
ntm2_0_2124_ML	33	7853	fbac337e66d2426d66cf1aa0627756b0226fc3b43ec66a4fae5f0910e02742fc
ntm2_0_2125_ANCESTRAL	11	2885	9959c357cd04b13f957611c45f6417ca100009dc6e6edd7b39e2b91a742af231
ntm2_0_2125_ML	11	2647	608a785770782561f3bfeaaeaf367ae870d4501010f30605f841056d83059e62
ntm2_0_2126_ANCESTRAL	44	11432	ca89899df1e585cc787b86fbf00cb0bc6e07215b0c3283908c7a51cba0476454
ntm2_0_2126_ML	44	10501	3d5d21167f078efb2541383b42fc37e99a8bc62be5e26c2672cf66b26885a3e9
ntm2_0_2127_ML	9	2180	a92968ae6ec728014107116d22d276a11bc10b743eedb422489b8cf8fdcc7708
ntm2_0_2128_ANCESTRAL	20	5137	9a7afe8a2473bfae62c0051a236da6345ceb2a4b8440cbf31393f8f9284d8657
ntm2_0_2128_ML	20	4710	ef5f6db82b44a8b8f7cf890304b4bc8613ab1485ae5ee84ddd73151f0c89eeee
ntm2_0_2129_ANCESTRAL	16	4114	53a91a92c17f009a6821f1cb9628eee3071af948da050c8042253dc3b6e3c6c7
ntm2_0_2129_ML	16	3771	0a8830dd13f17957676a764a472b0e5ae28fffd78a44c94f66b0a11ceaa083a3
ntm2_0_2130_ANCESTRAL	69	17995	2f6f329d429d1161a7e185a76ee6ccbb9970fa516a2f4a8284f0eb84778128c1
ntm2_0_2130_ML	69	16539	6745c5e2778a5d01c3d1e63ce301ce2157ab60861d2dd76b626a002dd19215b4
ntm2_0_2131_ANCESTRAL	111	28826	e89763bb06c0708d20a0f6c61483b28917d7e509349ad2d929b2db35df2a1f5f
ntm2_0_2131_ML	111	26484	26583f9665ba2158d91668a167be05384f6a5afe9f94eace63629bc7992cba54
ntm2_0_2132_ML	17	4112	2068e6a0870b563c65df8104c8998fa3b282d4e8010cbdbd00b2ae13d7997333
ntm2_0_2133_ML	20	4818	4b646b1d12dee4269a501e52e2b5bf9b691d5a753793ee80bba24db4ebea6ce7
ntm2_0_2134_ML	8	1942	1bf2ee16c837ea3ee0c3844e8831322cb1f4ae18cd6bd77bebb0e0ff4344c636
ntm2_0_2135_ML	57	13387	53da39b79e5b7031d4ba1b37d8b87ff1243cee3b7f6f04b30cc626f8ff28440e
ntm2_0_2136_ML	57	13406	96e3cc9ec87b610ba6d0ddd1a1f155872a1e844e8a45009b215049d1b16e640b
ntm2_0_2137_ML	57	13408	75f4061f8777358050e9163991356933c7a96cf8cd698aa9363ea49c8941d110
ntm2_0_2138_ANCESTRAL	158	40752	f84d97cf8a669e0d92016554c6eec603a3f0faa2c299c1c8efc1e6315c4370ce
ntm2_0_2138_ML	158	37427	9ff9ac1c3088521a19856e765c97da316b5f329589d6a08e6df4533a3243339b
ntm2_0_2139_ANCESTRAL	93	24040	9c83bde7b4e7725032baa9c3aa18e3ac8fbafcebc386fe53a3d563e488905a98
ntm2_0_2139_ML	93	22080	a0fd20263d0ad597c4ff699b0a36e577aa5e255da21d351f6919aa9e322ee452
ntm2_0_2140_ANCESTRAL	108	27652	82c38b7e244d9a67b134cdc480df5b683409fc8fcbd17dee35f0e6db5fd02577
ntm2_0_2140_ML	107	25146	096bf37461fa2848256a7a7d5ea9fcce424b501bf4d5ecf13ed9cc50305d8609
ntm2_0_2141_ANCESTRAL	156	40190	8dae766144887a1bdb600271b9595e5ed916d97c08f1a37cf94e31e210ba507a
ntm2_0_2141_ML	155	36670	77e3d7193f1c34ff8dcd887be38041fa1ec99738d33218d759ed57e6a3961f9b
ntm2_0_2142_ANCESTRAL	62	15769	f293512e00fac41a8b255f6ae912dacfe46c1232afa4e45e027c01caff78254e
ntm2_0_2142_ML	62	14460	5b9c9f4142d91240d7a72be375a00fbcc3e919a568338f5fbcaab689e79f4121
ntm2_0_2143_ANCESTRAL	139	35966	857ab40961468f59a090bc86be02d87755a06d9bc1df6155565b92f79d45795a
ntm2_0_2143_ML	139	33035	ebd7bb94c721b96f5b16756301fae671f9690ea26abe4441ef696fae94e30190
ntm2_0_2144_ANCESTRAL	60	15311	c64fa822c61bc16735041ab641c3a1057dc4f943791aeb96326793c6e6fc0b02
ntm2_0_2144_ML	60	14041	aca7df27ee866ff58678a0ebc18f23e17cdfd0f3e9e588360a24e6c8fbb13a54
ntm2_0_2145_ML	32	7438	3f586ef823b347c0a853e62eeaa81ef354388fb1592620b9c6b18bb2b67de491
ntm2_0_2146_ML	33	7629	387c8ae45ae143e7a8ebb08f2c4375b4db64b14215bb2ab0e247b1594bda04f1
ntm2_0_2147_ML	36	8461	4a9363a4782e61b701a52253655eacd457d556feb5fe9dd0a8b6ee45d2f98208
ntm2_0_2148_ANCESTRAL	148	38055	1468cdc35dcdb3e2749f2a33e2095d6ec945a913447f4083533811f26eab1285
ntm2_0_2148_ML	148	34940	201599d18e5d217804d01daa0562b856ecaeeb98286a4da3132692b303d4f3ca
ntm2_0_2149_ANCESTRAL	182	47086	4df6bea8ccfe9a61c5cfebfe324afdef9dd1be1ed1239a9b7e296b268e139c33
ntm2_0_2149_ML	182	43257	967e5fff8f7dedcd06c5859ee7198f9870803c0dbd465c6640a3ed562e511b0b
ntm2_0_2150_ANCESTRAL	77	20012	87d123485b82b4f24732d3d4abe71da8c3e5be4caa79239e61a2429c75ee5500
ntm2_0_2150_ML	77	18388	0739a917a2476509c9de6238f32eb11a3aad8d65aef93812c7b5d91bf875f3cb
ntm2_0_2151_ML	61	14455	7f2542c184caf4553065c1958f9932e7cccf216ad77bcfb5d85f4ca1960d81ad
ntm2_0_2152_ANCESTRAL	65	16657	7d47174a577372198d4e3e98fe04d19867f9c61a17b64f1069058239a89f670f
ntm2_0_2152_ML	65	15252	f9833e059e5d5d83ea882ee90d53de55b9d33c3d60483cc0678d2bdd0e862e6e
ntm2_0_2153_ANCESTRAL	43	11108	711467c147a92bd01a2bdf8921928764d13b60ce2d67a8c640b916ae56c44111
ntm2_0_2153_ML	43	10198	50c08358b21de91796594bf4e2a010e224ed8166cf251ab556c5e07720727213
ntm2_0_2154_ANCESTRAL	150	38572	198ebc8db57f3fd89185fd9ace7b0246489082c8337b61dc7d2d246737da13f1
ntm2_0_2154_ML	150	35419	171516d44a3e3383c81296375677a989cda635a2bfa173c55b2e0442d2116ccf
ntm2_0_2155_ANCESTRAL	77	19662	5e60903b633ac9c1726eae106bc5a089858d64cbde4c2cc7970b05b6aee1a64a
ntm2_0_2155_ML	77	18038	49ea533c76702c26634b0648edc16b7af65a4944c9512178113c4ba4b1cb4973
ntm2_0_2156_ML	62	14618	0ea15eb74e9c9cc30db4b28cdb1e61502d83f22bf97c15801a259ecc82b5eefb
ntm2_0_2157_ANCESTRAL	71	18185	36fc5fb71c77263bc22a8bccd0d0f3a9c7fe79374fe85a5ae2f324196dee8db0
ntm2_0_2157_ML	71	16678	3a721264912bfd032af635307ca995e2d86e87c84b474a5a93f68a4f23871f49
ntm2_0_2158_ANCESTRAL	116	29805	dcf08e9b1f3d83974a177172c0d321d16885bf3d01708e9913ea176ebea618f0
ntm2_0_2158_ML	116	27337	e6a5ea4db48bf56880fcb867a703acb7a9cb7208c3fc2ce3014dc1243a1556b7
ntm2_0_2159_ANCESTRAL	169	43415	c001d61d63dab3997eec7756b03af679737d74128a556b40695f92bc7e05f466
ntm2_0_2159_ML	169	39859	df71d00917979ad7593d89e497e0dba2ca63c20aa83493ac5d68943864e6109d
ntm2_0_2160_ML	50	11762	2345a7a3278419f435dec2a475b1322d977f38bd3681e8633acbf1b5c579348e
ntm2_0_2161_ML	49	11526	b8a0a8501701c18a98231295ac11a80cd1eb0c90b613d4e79ec7f35f1ca149aa
ntm2_0_2162_ML	49	11526	68028297c9e7fcf37e441822a96193e24e87354fdf30460d6cda0943433210ab
ntm2_0_2163_ANCESTRAL	70	17939	c3e4ece08a749aa070d30ceb797a26d9355adcc1127721d0be28d292250fc4e5
ntm2_0_2163_ML	70	16465	c90f3a967775c3ab4bfbc5a7a7a44099e487b203f4d6409d64fe15cb1e02788e
ntm2_0_2164_ANCESTRAL	63	16157	0f27340ef3d3a72cf85ce1610e601ff20fbfed8494bd1f122ed1d1b2434b54a0
ntm2_0_2164_ML	63	14827	47aa1969b88254dd322aa67ecb78a28f80eab7496dfa090ca5e2d8557861cd4e
ntm2_0_2165_ANCESTRAL	64	16470	e5ac9679aa4e39caf4ce8e8206d961d626385dc14d4bd97ae36fa8ce107aeaa3
ntm2_0_2165_ML	64	15124	76e3c2868703755451cef8f661c8ec83b405a17b9a81a6439f534aa7c36f2fee
ntm2_0_2166_ANCESTRAL	71	18237	7f92b2d39ca12915ad3392a0e2bdd2e0bfbc2052dd7f232858e5a78bb4f2a595
ntm2_0_2166_ML	71	16739	be710e0ba5dfa93f41dd50d937bd8aa844a43bb502da6beb814e640d67c06f58
ntm2_0_2167_ML	51	11992	f7aabfc519064b88fa77681fbf239b5ea26a56c6e99cf7d225698ad4cd89be2a
ntm2_0_2168_ANCESTRAL	88	22626	a471ed7e46e82239ee35dcc3bc29e1de972fe422b1115e06346408ab6a8eefe5
ntm2_0_2168_ML	88	20771	114edaa01518943effc20b7145c785f1a231d830f36f18a63511d5a3ee77664f
ntm2_0_2169_ANCESTRAL	143	36832	cf95ea1d89bc72d7b9380ca94c3e41359468676187814a63e4ecbf90ebbc6b71
ntm2_0_2169_ML	142	33548	4c2a12c0d7198d65843306fc89bac2799207c31c1f693ab02f17ad321e0415d2
ntm2_0_2170_ANCESTRAL	164	42231	c37997f1845685cf6e6e07228b60b74a5896e414ef1c9d0c673d5f732b02bf80
ntm2_0_2170_ML	164	38798	351fc3953880af2b97fa95fa4640ee1e14b5ed05a527c233290aae7a28fcaa0e
ntm2_0_2171_ML	58	13602	00b54819123b8ede06163231f7c2934708275a0f4a3869f640631a1cd353ce11
ntm2_0_2172_ANCESTRAL	44	11266	cc932111913089992e83f3d5129ceaba77467e84594a7a93901f7750ad473f36
ntm2_0_2172_ML	43	10127	6e849eee66db6c4dd3a493d75e80e69c4ae724a1cc72bd01b2cde468543bbe38
ntm2_0_2173_ANCESTRAL	34	8782	8ec773d6cccd1dd5357ae091058c74641402da2acb8fb6d73d9f61df0b013927
ntm2_0_2173_ML	33	7830	9c4ff1a818a9c911a1efa7462272fce516cb830904914c51e37ffcf2e92227ec
ntm2_0_2174_ML	27	6424	eed39c515dc9eb822dfed6331f27228675a5b22728cd53f31a52955781851eed
ntm2_0_2175_ANCESTRAL	24	6168	eba0face98a2954ad021668e99ae46bca6c218ec079e33b803f075615911693c
ntm2_0_2175_ML	24	5657	627ea34095cc811a5dca5fcf9822d24f5e4db3fd891af7f1397dc773b431beed
ntm2_0_2176_ML	21	5069	31ab5f5565c9b28f4aceba0e9560d1dcb40254aab561b962be4c14b52846c1d1
ntm2_0_2177_ANCESTRAL	86	22234	f057553b6b6a7b5caaf1e7409287128d540427c3c548adb2240bd1b9d4fa2b3c
ntm2_0_2177_ML	86	20422	adbe81f2d6ebcf1a75d6534fd167f72a03a6a693de479c88240926adbf674b6e
ntm2_0_2178_ANCESTRAL	25	6477	99fa2f495472bb912e1026c0f873d132efa7559d4f6c0ebb9a1291c927342a4c
ntm2_0_2178_ML	25	5945	c44d709674634c809801c03f4561b5f44ec4edb408b98035f446b0e8cd134d9d
ntm2_0_2179_ANCESTRAL	19	4946	a695a5ae674e4acc0e831cbf3e378fd4568a317251b596f33281d77a7ef8a2c2
ntm2_0_2179_ML	19	4540	2e8065bb41923068556352a5832eb8ac39c091e6fb826a1b84c934c78d118268
ntm2_0_2180_ML	23	5509	77f1f419fbd6f8f224863906e52613943394eb3aadb360ff6d17949985fc988b
ntm2_0_2181_ANCESTRAL	28	7244	fc403455804097eae90859aec83a1e4ad0fa6c7178b685b8828b47558f88c844
ntm2_0_2181_ML	28	6639	c7c87f2cf8bafa11a8a14b8d817413fdf1b65bbba6eeff6b6e72dfd71c6335a0
ntm2_0_2182_ANCESTRAL	28	7219	5080d6fa8b4ea100a58198b4ab1464566d22222489dff141b58a362eea233c9c
ntm2_0_2182_ML	28	6624	b65644333a0692b1c3f02ed12890868686df6ece2cd47a4d5cc929ba545d3f79
ntm2_0_2183_ANCESTRAL	52	13331	b0f9fc9ef405e9ee7b0425c3643199cdb764fb35cb81a13b4440978c3132c40e
ntm2_0_2183_ML	52	12232	5db09ea0b2dac9044ea246b0f6870442cf35a237a133990349f3158e1d655c46
ntm2_0_2184_ANCESTRAL	54	13788	8e935ec6ea3d05b246993342fd0cde784aa7bc2d1cf9ca232529344146934e89
ntm2_0_2184_ML	54	12647	5154f6c212e71c94b516ba6abd541ebb099c4751717e682cb5b28d6002c4df49
ntm2_0_2185_ANCESTRAL	56	14328	1bf7be1cfe047a6cfbf58fa8907afab24006550b04232350dd203788c8c08f7c
ntm2_0_2185_ML	56	13145	50720c5e40409652c72a40f4b2b46c5318ef489c534b8c8b32fd7e76d3c1c598
ntm2_0_2186_ML	40	9305	1e36c1455d581fbcded4196409be7dccd28a9cc03b2d5b35f431b24273aea4c2
ntm2_0_2187_ANCESTRAL	86	21924	d372b998b155a92c0856812b3424cd06d88287fbd45081edb6af57a026a78f35
ntm2_0_2187_ML	86	20138	5be8a9de73a77ec815dd28dc9ef501d8d29c49d0745ec53109c1846ae3b0fd2c
ntm2_0_2188_ANCESTRAL	50	12694	811eceb9041d49573226c45ec272000d0d8a9e939095e4b5de8df13d445fe980
ntm2_0_2188_ML	50	11637	5650cb60b09cc3655a4b1ff3b8e3b1d7e245b66745fbc7c05d570c754b205dff
ntm2_0_2189_ANCESTRAL	96	24503	c706a21707065cd0ed593c21a5c30dee11e29ecbdb980b1d1f93e5984270ddbb
ntm2_0_2189_ML	101	23663	251b6852f1b25cbfd0204e97d7f3ec9b0e26999699f23d9a14dd4d8ac0c887f9
ntm2_0_2190_ANCESTRAL	53	13528	d3b5bf93fd9270f4d3472f7c87bab947dd92cb9129c0e525cdbb2a63e3c0cb85
ntm2_0_2190_ML	53	12408	6ff86012a10175a0edec9e3c9f99d8833e2375a3159d7ab96fabf5bb9b692569
ntm2_0_2191_ANCESTRAL	12	3103	1a48300847cbff929e909fd894b3adb66a096caf1bd78bc706a98071c0923ca4
ntm2_0_2191_ML	12	2844	586227bc07bf92562331f25d1ae4c9ad012311612a07974b66d734bc9c368187
ntm2_0_2192_ANCESTRAL	41	10580	86f0beaf1243d15622d7e25bca1a332e731038256408c6b1d9ce23feda8e95b3
ntm2_0_2192_ML	41	9712	0e14ee621f5cd7744b8a30f496117520f81e26178d4cf8483562a0ffcdf43a14
ntm2_0_2193_ML	9	2168	89ead88cb833cedbaa86e2dc84f0064f8565e12ffbba67ae3e8cfb541e2429ca
ntm2_0_2194_ANCESTRAL	140	36052	621e2b9e5cf277573345f205300b43834ac52eb24e8775a643dd6df969ac1fbc
ntm2_0_2194_ML	140	33105	0dd41b8db7823d82f8ba4a57990b7dd771962f8bd11b1b8042775534e5e554dd
ntm2_0_2195_ANCESTRAL	63	16106	23c24855fa915cd2542c50fc31cf3dbab2fc9d7e7d16da6e80c008ceac1a0ccd
ntm2_0_2195_ML	63	14776	409082d79ecba12ea37cfd79c15737590a394a64c6e2ad5a8cc154ae6a65e4da
ntm2_0_2196_ML	16	3659	a9af13e000bb9b3e9f0e7d000ebdbe17286b2721ca0f720e12efb41bffdfa40e
ntm2_0_2197_ANCESTRAL	140	36296	e0203b1230c01e444b215adda01499290bde5a4cb961ad115cca3234868fa309
ntm2_0_2197_ML	139	33150	cc687a33d264fa914e8216872bd71f2069552bcc47e4c657f561dafd5230a657
ntm2_0_2198_ANCESTRAL	68	17351	8c050b5d2d7e216c33ecb021c97763adf9316304acb2b11dcd936b1921ed1dfa
ntm2_0_2198_ML	68	15925	59edc30f66f62e0a600ac2163890cf7615563ade9359333932fea0bd0dbcb898
ntm2_0_2199_ANCESTRAL	60	15245	9dd34fae3392c904b59ced9f3fa4249458b3c5a4f6494e680ad84361ac3139dc
ntm2_0_2199_ML	60	13975	8802e3a05d143bacf7f3c0798ed50f053e4749ed4c6dd560dfe27078d057ad38
ntm2_0_2200_ML	42	9794	a83e5fcda93ef352ee15acb26e910ba6e733bbb4019d0bba5f76d15839df62ad
ntm2_0_2201_ANCESTRAL	47	11962	88e5f8d260a7f8b9e72a8732b713d6d693f47a9f8ae1222406791129c1cd34bf
ntm2_0_2201_ML	47	10969	23fac467b2fe094052ab1df404f23a577633a285b8e41550136dc189b30b24f8
ntm2_0_2202_ANCESTRAL	57	14553	e09dc7d4d6a0f5def55c42346e27822d1d8dc15ee2153b620bf7eba23a50413f
ntm2_0_2202_ML	57	13382	60bf350f6064d39de3eed7772a8bd0a735bf3be0550a0f8e7b23895edb2fdb7b
ntm2_0_2203_ML	30	6946	239d86053882554ac1b62e1b19a36daa0a1d09b53bb5d51390d82ead61ea3061
ntm2_0_2204_ANCESTRAL	100	25702	870921061ce99910a75d459f234cf9c14aa72ac39fb11c057992f83e2618c907
ntm2_0_2204_ML	100	23595	38f784f5a8d1c85324cc1885dcac7eb3182ad1d27ad86dd33b5277ec50983ec0
ntm2_0_2205_ML	40	9381	dd18f12ead31af693ff660a98e69e7dda32ed2dca41f9cc26ae1e39bd39669cf
ntm2_0_2206_ANCESTRAL	54	13935	af72370616ca2a01f87c74f122ccd3b80241162c46365373f076e963e44511e7
ntm2_0_2206_ML	54	12794	073f8a4265de8bb996b427fa07cd11f1e757b91d3d1f5dd6aa2606162061ac92
ntm2_0_2207_ANCESTRAL	277	71370	2422402324fc48ea1199ace2a2358740c46c232111ff19c77611e0665c2a30fa
ntm2_0_2207_ML	277	65546	03070a2503fbe215ef7b6e9b8d1ee2340c769a3b1e2987b74a530cf05f716de9
ntm2_0_2208_ANCESTRAL	157	40547	210ac8beba9f2ee9d0b5fcab11c922f9080cebb73f30240594dba494e2149f52
ntm2_0_2208_ML	157	37243	e57f22eb3873fb1f95c75e4e254d3eb2666e8162786f9746c4801bf7ac205899
ntm2_0_2209_ML	44	10445	8439f68a45fed8f2e9ea84933551e506f274d0ce1774efc5b5ccd598e0b7bcbc
ntm2_0_2210_ANCESTRAL	81	20763	c7e6328f83bd04ef64a605b02016470c99844c065b461689df3495a40f337c51
ntm2_0_2210_ML	81	19057	50483cb73b6b240844ce71e193ca40cbecb76186495542c86b6ce985e23ed60b
ntm2_0_2211_ANCESTRAL	172	44226	9dd177814ee9ca42d88586562451d979fa07591359931f0dd92c4b452b03e9aa
ntm2_0_2211_ML	172	40607	5217e961507a531a6a4ccd3c9f34a2a3060e6169c2a6e9e0a9d90001ea8351ea
ntm2_0_2212_ANCESTRAL	62	15925	00bfcd0eafd8b5400bba1a13eb8b0d5b198d4009f5bec6121a72d02bb8f9a64c
ntm2_0_2212_ML	59	13936	775baf0cb247625628e5009779d3df6e2f93573e35eac603c7e5daa2966fb81a
ntm2_0_2213_ML	30	7025	697ed63ee879f66920ea3b2bd22966e7e085c57193caebdff719a87d8bb09baa
ntm2_0_2214_ML	29	6798	c446ed8c350810dc510001bb82a42ffc45ec0c0f3a6920c40e87960cff2f234f
ntm2_0_2215_ANCESTRAL	116	29710	eeab53a428e6412c4528a880aab5c9032fd8b0c61b5f3d3ed71be911687785ca
ntm2_0_2215_ML	116	27267	501982fe5188651a242d8f8707e20a85d55d32cf199e7f2d7336c50d55dcf945
ntm2_0_2216_ANCESTRAL	89	22813	7a04d2592c7f070a47955ae7a8acfe456f2d007ad031cb828966e8da4138aa56
ntm2_0_2216_ML	88	20700	96c37d51a8d958a8195a39dab289cfad78bcb96aa3e085c34e43406f80633a19
ntm2_0_2217_ANCESTRAL	40	10343	b181e79fbbd21368064455f51db951ea4af90c4b5cf1f4908254e022285a2393
ntm2_0_2217_ML	39	9260	32324bed163490e4506ca82c72d4062d26ab77010c30fdb513a68a5f569be75c
ntm2_0_2218_ANCESTRAL	40	10364	ea9bb1d086faa87458dfe101aeaeabfbcaca7c3725722c09f75079047314e9e0
ntm2_0_2218_ML	40	9517	b853c266e8038d2f4c7fedd67dd15766e4be8aeda84a64af4a8ddcc8ba6cc609
ntm2_0_2219_ML	35	8352	57d07a6cbe8863c35d03d7556a9d620d347f4176379bc1aba19fb1b39b8c6c8a
ntm2_0_2220_ANCESTRAL	240	61948	234da8f5146459cabc763e6dadb075f3232d3d135190e60b853acf7d8652a3db
ntm2_0_2220_ML	240	56897	fcab6c0c19646214f51068cc86bcef303c6c0fe3e4379092c9f50a8d87f87c19
ntm2_0_2221_ML	64	15192	c9ce4ba6d266d77f0ba2cc588d1489c82d5b885a4369a8f35088e1276dff7d89
ntm2_0_2222_ANCESTRAL	246	63257	4c459b09224e824109bdd4a5b1b21c35dbe2f2e2d83a8eddf1bfd3ef3505be7b
ntm2_0_2222_ML	244	57606	16cbddaac54246d434b547571fb6575507c313e62d3fff64d6fac4482b9e3de9
ntm2_0_2223_ANCESTRAL	246	63318	268bae37dd024561961a65dd3b4e41cb8f9e5a8a2f326a92fe9eb11124eaed4e
ntm2_0_2223_ML	246	58154	8300758a6178b9f61de8054b0be1583ac4e915a184ea57806c2251d7eb276b7c
ntm2_0_2224_ANCESTRAL	239	61461	e02d40853559c973642bf2b02aebb0fbe590695aa3cfa205b133ee247c59fa8e
ntm2_0_2224_ML	239	56435	a5ac438cd86d4c925ef4da39802836819d8fdbe145bb3476114e5992bd612683
ntm2_0_2225_ML	88	20784	3f321e4d7df39503ef145a1bd62c3967d08cf78d127fccbdcad993803bf1abd2
ntm2_0_2226_ANCESTRAL	69	17750	8c127aa7fae0c6dce07e3e59525a4a335a0e3103fceef76887b38d91744b8586
ntm2_0_2226_ML	69	16294	ca08010304480133b40f9ca7de5c2d58cd82a5d205609c257907a468ee84013f
ntm2_0_2227_ANCESTRAL	37	9572	001e9f67023ea112c026da83324fd70d39d0e5b6cebd34ed65cc92d8cd4959d7
ntm2_0_2227_ML	37	8788	cdc017d6b12f58959bfa46c9b9d83fdb29d6fbe5289a4de10c7feb9d96d9d3e8
ntm2_0_2228_ML	25	5994	fbaf65ca91168e5f6e43148d8334fdec00b0f2536ba61772b8fcad4758a948b9
ntm2_0_2229_ANCESTRAL	34	8810	a5e8124275e996204f3e0b28d2d3b343a3d2a382a65511bca14ca1cc1e73a6ec
ntm2_0_2229_ML	34	8089	4ab265e4bd8ffe6ad445abb2c8cbb1437c2291aac5c15387f4494d7c238706ab
ntm2_0_2230_ANCESTRAL	47	12119	d88e72aa073036fd597b23bb4c0e2dbb2e9f802d9b7df8ea4d7c21e4f69e68ba
ntm2_0_2230_ML	47	11125	845d63843f6e779fe267fa68bb79482e16f01ce1433b84e3917daf782c25874e
ntm2_0_2231_ANCESTRAL	13	3389	ffa159ba030365b67ce1d98a78c22e7b5a283205897950dccf80f184837e7d1b
ntm2_0_2231_ML	13	3109	ceec0e54ee1e3beceda75bdb7cab3d66e5012a239d279084ca3765f482914e91
ntm2_0_2232_ANCESTRAL	107	27345	e1246d1b782bee3ffa6341b30e5d44bb75be8e77cc51b0b7e02f8d5529c9d321
ntm2_0_2232_ML	107	25091	8a43e8b8b672610de10bed328ff731a47dfdfa9cb98c430caf26adf460d43371
ntm2_0_2233_ML	34	7905	c5d322139f19d54715e62359de9b445b7e8dd36c1d6e506147ebd5697af8c108
ntm2_0_2234_ML	32	7405	76556f95d4bb9bd200fb3fa7da05c99200791b5f60aeff5f7da1d10a05fe1e3d
ntm2_0_2235_ML	36	8357	a53b1a2a5edcaed9ed04bbabdfdfbf14d391372b89dc0f58556994372db38f0f
ntm2_0_2236_ML	32	7637	3f17488c8503a218946d10684b58037b5628bbad7479c03b7fa6fcaa4b72004d
ntm2_0_2237_ML	33	7870	6e79ab576f1666a30d2aff0deebc25b6464f064e7d14a77c593afc8d432ed1cc
ntm2_0_2238_ML	18	4312	e71cda28399eae9e660add54b87e6217e7956c709b1c01a0c200267a1156f2c5
ntm2_0_2239_ANCESTRAL	108	27968	3f68a877c248dc75fe3ab23512e416d8996151e8d50b9b5b483ff2e559bf8139
ntm2_0_2239_ML	108	25693	a85be3a8a909b2d37c3fe2ecfc4c6b3d425e8fba7706343896a7ac6602806b69
ntm2_0_2240_ANCESTRAL	43	11017	bf333f29c7a49f0bcc7c8a27046428174f2d6711ac0c6c82423df52513cf5a47
ntm2_0_2240_ML	42	9882	795a61020ccb2cc63cc3133ff52016db5f47813b8d7d8af1db87902495bf912f
ntm2_0_2241_ML	30	7299	3da83889bb047a4305fd8fd92a2bd1e24bedc257606ed2bfc2ca22d053a5a0bc
ntm2_0_2242_ML	5	1205	801ab093cfac719789a8d6e399d8917bc82d9fbed920b59a352d97459313dba2
ntm2_0_2243_ML	9	2151	5806acf47c055da55abdecd8a5aee739d4105348e80901b2d4a18a2d42c35151
ntm2_0_2244_ML	9	2141	7c6dca806e3992c5a82777c1bebb29c5d5c62004328fa0a8f3304a26608f1239
ntm2_0_2245_ML	30	7063	ece0ac330f5c8af4cd47ca6e3993da133cc7ccb8029ec416f1cd80f8bac1bbe0
ntm2_0_2246_ML	24	5735	f4ae1a79d2cf8121c693dd8fdef8b95608fa0da0bd395b21b08f1c1d1f2dcd84
ntm2_0_2247_ML	21	4880	dd1e7f357b50014d87090247c02d2e13dae33a042e3e31a32cac9c904c8c5097
ntm2_0_2248_ANCESTRAL	149	38447	cd6332e6ca4d1bb5b4da1886a9d3a03f553dffbb7fae260796019822f03056af
ntm2_0_2248_ML	149	35286	4b210e85ff04592972ea4022542d046e8f979fdf69f80499c1bbd34a284efe18
ntm2_0_2249_ANCESTRAL	7	1803	e74249feb364427efac9ecfbfae86646e4b7bdb763aa948219489c68106bab23
ntm2_0_2249_ML	7	1649	40def40d3e4d4889045667a686c171401b63c3f195eb3c3adbea19715639dbfe
ntm2_0_2250_ANCESTRAL	7	1804	07c25b0ef934e4ba324096ae8f75cf4a80e121a08545e28d073ca5e3fa604216
ntm2_0_2250_ML	7	1650	8c49c29d4cdd76a045f1dd486186ce330d29f8badd3c6aee3f13c935cc9ebf7e
ntm2_0_2251_ANCESTRAL	15	3845	61a7a6417ed47b16074c368e2f0100a7e252e4aeb9df83bc3f1d633006a60bc7
ntm2_0_2251_ML	14	3288	6897c47b28b2bd52404d95df49f144677eea33c7f7bfccc2e9fa397129fec5cb
ntm2_0_2252_ML	55	12935	cb6214abc0183777c995462aed0d44873a08de0c0cb05db2320a6bf6ef0498a8
ntm2_0_2253_ML	47	11041	ac2f6c31564708c542718ed2c19d309e9027bd92fc303304ba3afe027a41931a
ntm2_0_2254_ML	57	13398	06e62523e0c4befa2f3790eb2d88c12e0480d42dbe2d243a8fec4f75bfc8ce94
ntm2_0_2255_ANCESTRAL	52	13191	7754cdb28e78c26674042f4168dcde453375d6692c43661e814fad664de42f05
ntm2_0_2255_ML	52	12101	0124bd08f681fbbe95bce7854041810cd5d642b30ed082eb79ad928ec28bfecb
ntm2_0_2256_ANCESTRAL	59	15025	9eaf8aaec2db2a0f44036ca191a4d9d25bf23a6be3b6d7b2afb0af32616aebb5
ntm2_0_2256_ML	59	13779	b904e59db3625336fc801a9c62de87cc9ec3f12312eb34769e2fb8be74906987
ntm2_0_2257_ANCESTRAL	58	14704	43493f77fc907ca26d69f0a3336d36969a0601e7274b2fef160fe2ff631e08cf
ntm2_0_2257_ML	58	13479	37604b6513b8fe78858f13998db913274a24b63cdc2fb23059cd63bd0e949d53
ntm2_0_2258_ML	41	9547	833c91f658cfe5c2f64fbbf195dcbbca19eef03d2a62cbe1517bac2b45feec36
ntm2_0_2259_ML	74	17417	207c90047341c4af542fdbf523eac0460cb61a515a1ae9c095813b74d7e08123
ntm2_0_2260_ANCESTRAL	150	38144	253d214c886e5d2125126f004e08ab53191d5b94212fbfdad993948b9dde458f
ntm2_0_2260_ML	150	34987	bc5f0ef7e27a86c565d20aae6180c6f377d917e32bf912bbd4de4dfd05dc94d1
ntm2_0_2261_ANCESTRAL	62	15894	2daba73567c340dedb4efd2152a88275c51ed7111c20b8fc063c822320014d38
ntm2_0_2261_ML	62	14589	c397b654fb9ab8ce71d9f30ff593610369b3b26c6fb9e072937e84ad694f4c4b
ntm2_0_2262_ANCESTRAL	29	7463	344b759a321ba3f85a8f4cf4510ccbaae969b85c0c42f4d16e9a9cfd0ba30bc7
ntm2_0_2262_ML	29	6847	dac6aa8d5be72a6e0bd4acf20b7a73e4fbf79e875927552103810a811459b959
ntm2_0_2263_ANCESTRAL	140	35700	395684f84df1f687b72b966e998a63f460f5c66cb26011572abe2ed15b4d00ff
ntm2_0_2263_ML	140	32748	fc91da1cab5ee17fe5324955f1c73452a82335f7b957a4362792e0eb4830aac7
ntm2_0_2264_ANCESTRAL	118	30261	a1a5bcff2e0131dd66052891dd63793fb42f79cb7840445a3979866c299663c4
ntm2_0_2264_ML	119	27982	7322af3bfd60bff63539fecb88ff6864d5a91e2472edca1f57216a5ca5324f8a
ntm2_0_2265_ML	16	3816	ed91bfb36b36f28e59d757f8ec78e239e5afde57117752f0c2afd206999a711a
ntm2_0_2266_ML	15	3605	9280db2a52831d79b03dee3d19ae75201b5d789ad9e118acd8fae1687a3f9713
ntm2_0_2267_ML	8	1968	f7f5df7d39796cf237e57bf315888658ff43cb865a342df990a29eb89a895142
ntm2_0_2268_ANCESTRAL	138	35502	8892e5f2a3579658a4effdfe6554fc9aca62fecb0b026262f58963b5baeda44e
ntm2_0_2268_ML	138	32624	6d41c119cba78b255a60a0eb2b11c9de6433f5c1332aaea66af14fd98f0f2077
ntm2_0_2269_ANCESTRAL	133	34234	5ba9ea764e3022bc325ca4f02eecf8f3b0153c191b38268ceae6cfaaedf4b9ca
ntm2_0_2269_ML	133	31434	89674ba6da8ad5144fe0c5360c5758fc950a593f3d6c166cf9b37c646a701c41
ntm2_0_2270_ANCESTRAL	62	15885	d5539728f0879ef8ef6dbde188f22eec7f3ab0b6d4367c7da2af174d06c27d56
ntm2_0_2270_ML	62	14603	d387db20d0fa5afde5ca0148fe919e6a72a8c6359a1449511ca45e62d0a41e00
ntm2_0_2271_ML	39	9051	86cf9f3ba010ae7a646ef748b5ccc50ebc9738c2dcd97bc1e05b9a42ac6c867b
ntm2_0_2272_ML	39	9051	8356c003afb26af450ccab679a35d11107c7b30bcc06d8965e9a01ef0cad0d2e
ntm2_0_2273_ANCESTRAL	63	16057	8df06a704ed91b237883982ac01fad65f74582dda8701d43389cb1bb982a8bd0
ntm2_0_2273_ML	63	14727	a870c189cc457ec3b2ac37fe138cf9017e8d19f9a2ee64e849b42542e792f170
ntm2_0_2274_ML	39	9051	3c14411dd333e5a6f996b364e3d7e72c5d005ed1993edb03bbe002c6f2373c63
ntm2_0_2275_ML	40	9283	01c71d30ad1e80c63629873e85da6fbbc4c222ea232579bb1483a0fb9a1e80fe
ntm2_0_2276_ML	19	4504	6755cd2f2e5c708dda6d390c381444038dbe649b05a63557c97fb5cbc3f8dd07
ntm2_0_2277_ML	21	4978	46c241c8d0cd3fa1f2f41ccb0be317c27f96a7093726aa2d843af11a3fcd555e
ntm2_0_2278_ML	20	4742	e0408bb0b22dd51a63190a319eabe31907de02b4f9bec22029459d68077e40ec
ntm2_0_2279_ANCESTRAL	71	18304	d235508837332de8d5a75ac20055490d5fc03877e7b779a8cc80ff374ed83423
ntm2_0_2279_ML	71	16796	c8886f0e23fe1cf95e3b889bfa384f9689fc82fa7536fe76267077c90f734dd4
ntm2_0_2280_ML	6	1458	9b013d3e88ad68ef4b8f0c0cf56ec285242fc2aa1f0cc2b5561e4965caa3bac1
ntm2_0_2281_ML	3	755	909a20af26be901e3625ff87e7e22bddfc41703435454a77be835f7a9040f909
ntm2_0_2282_ML	3	755	59acf101c69524e3b18cc4a55095a678cbe000417d6b2d43afa5838f34f5db11
ntm2_0_2283_ML	13	3097	f71eba478fda580ac314eb58b2c7099912842f3b602634e9b65c62684544b6cd
ntm2_0_2284_ML	5	1227	f921c1d78e7095a37c14077d7685acb7a6a7d8220366b5afac760e3605dbc1b3
ntm2_0_2285_ML	3	755	70fa2aba6e7fcdba1330f36d857c10f2f27744510abc6b79031e643fcff75292
ntm2_0_2286_ML	3	755	f0bd781ab48b8a1876c6f9d914322c88166a3488ecf99be934de45fbdb2d317b
ntm2_0_2287_ANCESTRAL	3	825	e70f4d165996e5704f5366c72f528b8e8472d485b817d04d1120c8b8c25b5161
ntm2_0_2287_ML	3	755	0132c375c6ed9055ce8605124d5a88e9982d7c659d00f33a258ec61cfa865678
ntm2_0_2288_ANCESTRAL	24	6239	728161818da4b33f5afe7b03e183f0823ba47f6bfc8defedc429ff16d7be2133
ntm2_0_2288_ML	26	6197	019ebcb0b713d595a3efd4ef460ff9046c4c40c600ee0e99492f2fa7b21b8440
ntm2_0_2289_ANCESTRAL	9	2369	18194bcab04371cf57ecfee0abe16bff173731afe48ca512ccfc51ab1d2b4bfb
ntm2_0_2289_ML	9	2173	dbd4e9e527f6083c596535628f5733a3fb899231c18147e87690b6d7d2417f99
ntm2_0_2290_ANCESTRAL	35	9089	d932f3b7c7e945a564c533137cd743d26a7e426ed159a4932f90778819810c6b
ntm2_0_2290_ML	35	8347	93260c8bdd5cad12793cf979b006927fca060a7d46128a8fb6c10a4fd0d65024
ntm2_0_2291_ANCESTRAL	34	8831	d112c34d740eccac2ad084ff35c6d32c96367f1d62e5727298191f6623bdc669
ntm2_0_2291_ML	34	8110	b312e8ca8020622bc9c3cd0689f8bf82704f2ce2613c4e61ce3f650ccbf66c08
ntm2_0_2292_ANCESTRAL	138	35475	b607c306a85eb5922ca95c513db3e7498b6cbdb53c9d577ae1ed0316aa7154bb
ntm2_0_2292_ML	138	32570	2ea00bd4c45fb7accdb55fa59542e266d42b9fb2be4cdb5e9da6313f270657eb
ntm2_0_2293_ANCESTRAL	161	41373	ab5c23b2270a74aab8a0c0da97111350b3e82534fb2ccb73e39e1273b8e8118e
ntm2_0_2293_ML	161	37985	aaf4015bfdb34a256b15a644fbc08bcf32cd07c02258507911b8461bcfb0a517
ntm2_0_2294_ANCESTRAL	84	21540	74cab98407fc6a0009ff5cc2e4f20295b0871e366a689265c69e630b4f24437c
ntm2_0_2294_ML	85	20035	383266d61ef49d9b9eeda3534de903df21c3271936c4a4bbdb61a9c6c9dad01a
ntm2_0_2295_ANCESTRAL	185	47517	0e7972c8738e77911be29fa3aa5131711bb7add854687a1499d20d0b266c1cda
ntm2_0_2295_ML	185	43620	992373dd9dd5fe2807abac9256502c38dc52e98b6424eab76ebab8ac7799c424
ntm2_0_2296_ML	71	16745	9f6e6fee96e3311e16b036a2dda2af98c4ae2d7e107a1f73642caba8414b19aa
ntm2_0_2297_ML	82	19293	3080f0a452f1691816ed7d7cce5c0db568ff6872865cdff7e05486262e8adfac
ntm2_0_2298_ML	48	11212	39515012dfc5265ceac024d92f131501446142d8d086884063cf8e070497325d
ntm2_0_2299_ANCESTRAL	66	16847	8cb2e24f34097b27e61d4a638cf8cc83a07fd32d8a235787fb1b21646bb8247c
ntm2_0_2299_ML	66	15454	6a5c93fae94ed7090231d41827078ffb5216826a8a168e409d914eb1e678c1be
ntm2_0_2300_ANCESTRAL	211	54740	f750b598de513dbab2f76591f488890056e617f416449a1837a701dfc61f0fa0
ntm2_0_2300_ML	213	50787	c2d93d337a6228cc6e24437e0cbf874fb2e9830581e803170ec1336112325f9f
ntm2_0_2301_ANCESTRAL	17	4353	eae206e63cf818e43ce9c408e46d3c29fbf206f52bea131e61ed85721b9649b5
ntm2_0_2301_ML	17	3989	5fe429a970946dd21c58be3338fb731fce4160610572341a172fcb989a091ffe
ntm2_0_2302_ML	62	14631	a833828df96f29df4006db7328e909ab80e74e32374f295b513ed03a5bc57bbd
ntm2_0_2303_ML	62	14615	907cc8ddca3c9b0e98e9d7b1d7a5de7d0655c23bf49efcce5970ac460c3f3f13
ntm2_0_2304_ML	66	15537	908b976a3bfe5e19575ee80d2dd91a6b9d0c1d307d5de6fcd9af7532b802a62c
ntm2_0_2305_ANCESTRAL	191	49068	731a899c74dc0f7cf499d7b73685f04985f1b25dda3b88a3e13f9ba86ba83688
ntm2_0_2305_ML	192	45276	90fbd8c250c7280ee2056871a451b0d89571f1d2f7f5bef24f9015677fa2edee
ntm2_0_2306_ANCESTRAL	70	17812	d356eb4ac6f4b9192e937901c5d238b7be0bfa46bd7b2f3cdc99fe87ada58668
ntm2_0_2306_ML	70	16349	ac70ab69954b26a52c60d0edc24a3258c1ed61c0648f9ec9a09152626728be7f
ntm2_0_2307_ML	61	14303	758ec8e9d5467a7691a9e36aed8a07afa4c17d96b8da9bc5ef89cbb58c61131e
ntm2_0_2308_ANCESTRAL	172	44207	0fe2e4b22c00ee3d8ebb8b36ba059a737336997922a26048f16eadec63036849
ntm2_0_2308_ML	172	40588	0d9aca07f1b11cd839e7544d434882984d3cf2f58c79e6d170e116505f1fb222
ntm2_0_2309_ML	60	14136	82d6c2c3b91139718e99d6316ade6155a13c0b3789e5f7c36b453f3cacd0160f
ntm2_0_2310_ML	67	15805	e4db02482d0568f136b39a1c8f963fdd5a3682e1a312380d9b75cb0d3f3b45a5
ntm2_0_2311_ML	64	15068	60988eb359c93c551ac3c5fede5e64084fce34c425837343f1857ce2440ad515
ntm2_0_2312_ML	37	8611	8a6165a0db378dd2de462b54f442dea9a7415aa3449e91f02f4b684f464f2c76
ntm2_0_2313_ANCESTRAL	26	6696	a693e507d2ef10079fbe80b61262c801172fc0c7ff27f3b089dc9b10ea30a1f2
ntm2_0_2313_ML	26	6149	a4da661680b4d20a1cf57c4a319d858e7da1cf5f59881bd130274c8e6a9c9682
ntm2_0_2314_ANCESTRAL	26	6758	2e584d6553e4ab811bc173704fe1a25af24bdcae7338f7448e711eca122b17a1
ntm2_0_2314_ML	26	6196	9f166bf75217461ddb5f836746575cbe059d2e23d433d478951837f1206090f8
ntm2_0_2315_ANCESTRAL	33	8611	09dc4e4ab6d95292c307c0092734914f77f6d12859f4b08b63d9d591b070cbd0
ntm2_0_2315_ML	33	7911	4f285989e1ef72700ce412ccb5aea7585704fc5a273f617b57fc1cb8d5eabfaa
ntm2_0_2316_ML	37	8637	e50ffd64a15f46376d366171f4696197017d730a228b87c47b312e847964e8b1
ntm2_0_2317_ML	37	8637	d74c45e22e86fc7a0edf9b0d9376fa8986b8bd413cacbf58b6e5d62c8baa3e1b
ntm2_0_2318_ML	35	8177	ac0ffc74a57e3b67a6e38ce067350ed0aba1ee5eb0c92f3821b15bec1daa429c
ntm2_0_2319_ML	23	5314	6fa1a22abc15dd3cde74ecb74e4cd11e7ae9fcefa8b30554166ac461626e4fd0
ntm2_0_2320_ML	26	5995	4dc1b55d4f776485ad0465af4036690cb2ff7e1729ea19051bc42bf41e4220a2
ntm2_0_2321_ML	48	11294	1993909d7d96b1329128616ff29522cbee52c94255402f6f7663434eb9451912
ntm2_0_2322_ML	43	10091	7b1dfe80737f55e36e5c46fdc31af43bb45c1bafb746d33aa966987ea2b36829
ntm2_0_2323_ML	43	10091	e4af259f722f721f37d96e01c423f4462324041980c0d4105e867fe65510f4e4
ntm2_0_2324_ML	43	10091	286a3aa228f733064c5d886c76fe22c70f330f81b6a974d13da9461425302062
ntm2_0_2325_ML	43	10078	7bf30a7a4ecd6131c1bdc6194f680a872d42c2c83dd3a4b06e4bed5add525afd
ntm2_0_2326_ML	48	11360	4fa19f8d57c44b1b0ab8230711cb44c24dc764ab3e34b7b6262bb89d4dc4486d
ntm2_0_2327_ML	48	11364	44715e990253bf68f2e9f76f34dd0164c05c7633db470024159e6299fb34911e
ntm2_0_2328_ML	53	12455	8a089737fb82d567e2846905980893637e28f214827a95cb32d9289bbf360818
ntm2_0_2329_ML	16	3666	b98969a2a63b20b3e0b6f0052da749695f4e8a21dbe9e27f007728c1154d2c45
ntm2_0_2330_ML	29	6714	d39878a5fc4f2b74e0a773ebf83d6493342dcdf447005e51a8a500c489602077
ntm2_0_2331_ML	78	18352	0cbae5fba7f2ffd4358be884a79221102720225a289ce990060ef43ef349c93b
ntm2_0_2332_ML	64	15132	3b85516bd179311877bf86505f4156a2a127d2f36eb7904d0ff336cd1fd4e23d
ntm2_0_2333_ML	68	16014	6d6a962bb3794f7767adb3eca5613abc1526a99151d5ba0892373858b6150bde
ntm2_0_2334_ANCESTRAL	135	34822	c1206b41fb1a17c8603ded68eec734e2958bcd0c948a006603b8556c580f0142
ntm2_0_2334_ML	136	32229	3a86d09ac950c6b0b9e5c133b57885ae2556833c2598656a80e85b9a5a348970
ntm2_0_2335_ANCESTRAL	167	42910	b91189babc127760d599f50d0d0675cfc60797df37d3341432f14b0e529dff81
ntm2_0_2335_ML	167	39396	965303bcf416bc0490ae11a289a1030a025686ee39e0ce4de0a00d3daf19ec38
ntm2_0_2336_ML	58	13691	038b0e173a8dba345d90d1e76fb484add498893cd299a776d210edd4479749f8
ntm2_0_2337_ANCESTRAL	194	50158	c335e826391af543988e502b88bd5f9fbffaf34cee96cb8cb4809c9dac5397b4
ntm2_0_2337_ML	194	46077	dcb75dbd9cda1982e8b15b19171141a39e09965c0648bca4aa8ce7fe3b4f9e4b
ntm2_0_2338_ANCESTRAL	84	21760	3a1ad17f13e1bc9d76f5efbc48d02f45ff976192b179844ed57290aa89017765
ntm2_0_2338_ML	84	19989	032d991267f4f0feb73f63b1a82b5d60ccf2e9df838c7718ba8351f782b0995f
ntm2_0_2339_ML	72	17153	278072c3d7fd02be88cbc49a646fb77d288eeadc1b7ca0ca2ccf0263f58463b6
ntm2_0_2340_ML	80	18882	c9132fdbdf7fe38776fec308ef3fd293a6611ff80a14d4a3fa28edc99cb676b0
ntm2_0_2341_ML	83	19648	6db575b6221fccf36f18f6e0eefacfba2c04da2924d2749b079de1541c5ec357
ntm2_0_2342_ML	78	18391	eb366d599638a52d9e4a718a9763aa08961cfb3c4b5dbab082cf040f998a9048
ntm2_0_2343_ML	83	19591	a4ca80bad32be59357c7311e44b2b9588602bc39fa78206b36a4ad637aceaec3
ntm2_0_2344_ML	78	18450	cc726edf34c9b40f352fdc7512f7078c66f7a332ca5cf5e2bd1cab523d9040fa
ntm2_0_2345_ML	78	18450	6fac188b6e9a3403138ab38b890e0be3431d186469d60dc74324293605151518
ntm2_0_2346_ML	26	6050	7fa9a2fef5810785f3db9f182d50407e208f0a08f83f22e6cec4bcdf04181617
ntm2_0_2347_ML	34	7919	7f4e195ac161a717d65e0773d903526e75e433657caea888ea145abd09fdcc13
ntm2_0_2348_ML	78	18450	10ffb5d2d8b95fd0ea541ea71b90d1b036009c8d9be1738adbfe73e1da5342ab
ntm2_0_2349_ML	28	6690	6f8bcd473f44101df840346f8bcc1f187016acf94f436c5eee1923723b7cd2bc
ntm2_0_2350_ML	28	6690	32c0fad0001495c9dde36c414a28759e7099c64e15085c361cf3590d3cc032ab
ntm2_0_2351_ML	39	9350	c7c3d99035a28a76db1b161bb9e9192b1538af67217771a354c19df3baabc7de
ntm2_0_2352_ANCESTRAL	30	7794	3b31cc24b54ee45c99ecd17769a3ee31bfff23251a8d858a31318d90a11c1a7c
ntm2_0_2352_ML	30	7157	a0bcb26c4d9bfb84419807c6392a81150260c6c053d43587d2bceddd8079960d
ntm2_0_2353_ANCESTRAL	56	14582	21e9cfe0a92b349be8d44fa943c53200d2a2a4c96344dfef7313a1b591814f7d
ntm2_0_2353_ML	56	13399	312e92fead5bdc9436ae69fe30662daf8e04729031eb4648c6e0ddb873433433
ntm2_0_2354_ML	29	6980	d6e7e2f9059a2a6bc3a83139edde5999b00e0e2721978dab098023ec070ff9fa
ntm2_0_2355_ANCESTRAL	58	15017	adc4b4968ca3a310993e37d014aa9e12c55ab912af8d667c231befd5f9f7045d
ntm2_0_2355_ML	58	13792	c5dfb228f801b22a3c113293852f756afe67a06d03600ee99c1f593130dff5eb
ntm2_0_2356_ANCESTRAL	33	8515	4b7aa5e7fdaa102d94fa855cadf69665b35ab308be525860a031135e2b51c433
ntm2_0_2356_ML	33	7815	5513b84dd44a7f35f7a56c200dbe68a159311600cef5f92a5c3181a7265382a7
ntm2_0_2357_ML	35	8414	5972a85d3398f017c2a37e09b43e4621b2752418ef4880fa4b2129e97bcefe8d
ntm2_0_2358_ANCESTRAL	88	22911	86ecd17b830d9395f94dfe4b5e78dd7fb5de76dad6e7c31e021bb0947ea71784
ntm2_0_2358_ML	88	21087	33ec782b9757c3065510f51c2b3ad5c18cd5dce81567ca22217f484c32c6a804
ntm2_0_2359_ANCESTRAL	29	7501	0d808376994d9abcb5635d7746861742e147d6fe49f2ac87ec978a70bff9a333
ntm2_0_2359_ML	29	6885	d4d4fa053f05bb9ecbc77d8593ff0b7121e3532b471d468be07266506af57cf8
ntm2_0_2360_ML	20	4794	bb938076e584a822954eebe108704ebeb26e822d126168e964b37a07b04273b4
ntm2_0_2361_ML	5	1217	58a3ffa38006ad36af7a936b084ebc9a5edb4d7aaef7c1a00d4b269c5afd832a
ntm2_0_2362_ML	5	1215	d520f7ab43cfbe55f717537be75e0f3ff7d87ce227772473cd20d564f655f4ff
ntm2_0_2363_ML	33	7672	c90c7431f53e68e0abe3aacc0ee7c39acc1a3451223e68fbcc20e2a72df01df0
ntm2_0_2364_ML	33	7637	43c71174dd84be1052ff24965856e4d83b2c97b7281eaf40510666169ee55562
ntm2_0_2365_ML	35	8106	667eafcb7a6b1eb99a601fd3e8257fca74012662056e7962bb5ce59fc0cef705
ntm2_0_2366_ML	34	8149	89505b28f16246a231e996a1cd2407fba4fbcc23b17ba3044890275402723b88
ntm2_0_2367_ML	33	7779	79389933e214b01c8b2219132fc9dc6fb29fd9d1b94532b122f56268a860ccb3
ntm2_0_2368_ML	38	8982	f22d6e5ffce600b7207249e8a2063e54375b8c31af02e502ddde1a3b872ea0a8
ntm2_0_2369_ML	7	1648	93b5e13c959ce0f5b5193ebfe73c084889fb237718a5546b6162b2e1721d857d
ntm2_0_2370_ML	7	1648	73bf961cb9a14d968f13e1a968d34f2e1f319cd8b9b618ee67144377033ed091
ntm2_0_2371_ML	7	1648	ec6d10c41f97c0ed53429ce712c4d30ead56f296af6ac82db021b6470158c021
ntm2_0_2372_ML	3	755	be79239c0118ba7605acc37e8d33bd76a9b417a65cb57ff7b3888a397a46ef62
ntm2_0_2373_ML	3	755	e80c3faa88f94bd1c2d1543d0b9b9030c703611ceceb38677afcfb8e7c2bbc4c
ntm2_0_2374_ML	3	755	2ea6291d288709cc6d0fedea1dd7f042aeddd47ea85d97a67a2c47d7f8a1735b
ntm2_0_2375_ML	29	6708	9cd1ab29a5f829f1adf059666aad7452b45623e9b55896243852a67cdcf94906
ntm2_0_2376_ML	52	12148	ea7977b421f77a67afb8a84999f282e57f5bdf9bee1ac4cca41cacea89ec14b3
ntm2_0_2377_ML	42	9944	262266f1a0fd262c74e7b11223a170f2eb40364a28b418d7a034ec3db93c5f64
ntm2_0_2378_ML	66	15601	4760f1a7067e64a0a2a00a128ffaf743996d4a38f2a58119a251e659bc8f09f8
ntm2_0_2379_ML	30	7220	86bc4f96ad8048180c966011401764ddd8496800688d934e28c3653e3028504f
ntm2_0_2380_ML	61	14373	c01ef8cf690d87a32874bbadb16625a06f709ee09214771cdb9155e42674c94a
ntm2_0_2381_ANCESTRAL	170	43799	c2cec0007e494d4df1b818d62105b6c7bc4b79e9f81380988fa50fd70dcae0a9
ntm2_0_2381_ML	170	40204	0161b7c32dab9da85bc93828142c052339493433d751feaf1ac1cc6f9c02259d
ntm2_0_2382_ML	22	5271	86681aaec35e12333e5d72c3bc727cde337ce4e9cb2ce853a4ed213ecb61ee5f
ntm2_0_2383_ML	21	5023	d28a4c3f0fe60c8fa61ca9ec0f81b4f770498abc6e61caa809577b6ce3d37373
ntm2_0_2384_ML	26	6247	3c25c1ed6adda28b2dc32bcb375ebf416d1519a4f58ec08befba39323f01e800
ntm2_0_2385_ML	31	7352	31bfd376ae6afda6f04272b4e9d6f2a9b6efa247472789b2613748f67ec71095
ntm2_0_2386_ML	60	14224	fafff9505381234d281fa741cf1e351fc8c5e58a2b1953ad3b6bf5dc128e8dae
ntm2_0_2387_ML	49	11574	794d591994e5278d5ff94c623bc249f236c23497db2843db19411118acf0a5f1
