sequence,cluster,genome
GCF_000008865.2_prophage_1,9,GCF_000008865.2
GCF_000010385.1_prophage_6,19,GCF_000010385.1
GCF_000010765.1_prophage_9,2,GCF_000010765.1
GCF_000021125.1_prophage_11,15,GCF_000021125.1
GCF_000021125.1_prophage_18,1,GCF_000021125.1
GCF_000021125.1_prophage_9,2,GCF_000021125.1
GCF_000022345.1_prophage_1,1,GCF_000022345.1
GCF_000025165.1_prophage_1,1,GCF_000025165.1
GCF_000026545.1_prophage_8,9,GCF_000026545.1
GCF_000026545.1_prophage_9,20,GCF_000026545.1
GCF_000148365.1_prophage_1,2,GCF_000148365.1
GCF_000155125.1_prophage_6,2,GCF_000155125.1
GCF_000155125.1_prophage_9,3,GCF_000155125.1
GCF_000163215.1_prophage_3,12,GCF_000163215.1
GCF_000163235.1_prophage_3,3,GCF_000163235.1
GCF_000164435.1_prophage_2,10,GCF_000164435.1
GCF_000164475.1_prophage_1,20,GCF_000164475.1
GCF_000166535.2_prophage_7,15,GCF_000166535.2
GCF_000167895.3_prophage_1,20,GCF_000167895.3
GCF_000171915.1_prophage_1,3,GCF_000171915.1
GCF_000171935.1_prophage_13,2,GCF_000171935.1
GCF_000171935.1_prophage_9,2,GCF_000171935.1
GCF_000172055.1_prophage_4,1,GCF_000172055.1
GCF_000172055.1_prophage_5,2,GCF_000172055.1
GCF_000178755.1_prophage_2,16,GCF_000178755.1
GCF_000181775.1_prophage_4,2,GCF_000181775.1
GCF_000184185.1_prophage_7,13,GCF_000184185.1
GCF_000187365.1_prophage_1,16,GCF_000187365.1
GCF_000188875.1_prophage_8,14,GCF_000188875.1
GCF_000190895.1_prophage_1,1,GCF_000190895.1
GCF_000190995.1_prophage_4,4,GCF_000190995.1
GCF_000194335.1_prophage_4,4,GCF_000194335.1
GCF_000194335.1_prophage_8,17,GCF_000194335.1
GCF_000194415.1_prophage_10,16,GCF_000194415.1
GCF_000194575.1_prophage_10,12,GCF_000194575.1
GCF_000194665.1_prophage_9,11,GCF_000194665.1
GCF_000194685.1_prophage_3,10,GCF_000194685.1
GCF_000194725.1_prophage_8,3,GCF_000194725.1
GCF_000212715.2_prophage_12,20,GCF_000212715.2
GCF_000215185.1_prophage_5,1,GCF_000215185.1
GCF_000215225.1_prophage_4,3,GCF_000215225.1
GCF_000220005.1_prophage_4,2,GCF_000220005.1
GCF_000223015.1_prophage_3,3,GCF_000223015.1
GCF_000224395.1_prophage_2,17,GCF_000224395.1
GCF_000225185.2_prophage_3,1,GCF_000225185.2
GCF_000233675.1_prophage_4,10,GCF_000233675.1
GCF_000234605.1_prophage_3,15,GCF_000234605.1
GCF_000235065.1_prophage_2,1,GCF_000235065.1
GCF_000235065.1_prophage_4,1,GCF_000235065.1
GCF_000235125.1_prophage_1,20,GCF_000235125.1
GCF_000235125.1_prophage_2,1,GCF_000235125.1
GCF_000235145.1_prophage_9,12,GCF_000235145.1
GCF_000235205.1_prophage_7,7,GCF_000235205.1
GCF_000235265.1_prophage_4,1,GCF_000235265.1
GCF_000249115.1_prophage_11,10,GCF_000249115.1
GCF_000249235.1_prophage_1,13,GCF_000249235.1
GCF_000249255.1_prophage_1,10,GCF_000249255.1
GCF_000249755.1_prophage_8,17,GCF_000249755.1
GCF_000249855.1_prophage_7,3,GCF_000249855.1
GCF_000249875.1_prophage_5,15,GCF_000249875.1
GCF_000249935.1_prophage_2,12,GCF_000249935.1
GCF_000249935.1_prophage_7,3,GCF_000249935.1
GCF_000250135.1_prophage_10,1,GCF_000250135.1
GCF_000250195.1_prophage_10,1,GCF_000250195.1
GCF_000250375.1_prophage_4,15,GCF_000250375.1
GCF_000250575.1_prophage_1,13,GCF_000250575.1
GCF_000252805.1_prophage_2,20,GCF_000252805.1
GCF_000260475.1_prophage_5,16,GCF_000260475.1
GCF_000260475.1_prophage_9,15,GCF_000260475.1
GCF_000261405.1_prophage_1,1,GCF_000261405.1
GCF_000262125.1_prophage_3,1,GCF_000262125.1
GCF_000262125.1_prophage_7,2,GCF_000262125.1
GCF_000263915.1_prophage_5,10,GCF_000263915.1
GCF_000267085.1_prophage_3,3,GCF_000267085.1
GCF_000267085.1_prophage_6,7,GCF_000267085.1
GCF_000267105.1_prophage_5,3,GCF_000267105.1
GCF_000267125.1_prophage_1,10,GCF_000267125.1
GCF_000267185.1_prophage_15,12,GCF_000267185.1
GCF_000267785.2_prophage_3,15,GCF_000267785.2
GCF_000267885.2_prophage_2,13,GCF_000267885.2
GCF_000269645.1_prophage_2,7,GCF_000269645.1
GCF_000273425.1_prophage_3,4,GCF_000273425.1
GCF_000276745.1_prophage_3,7,GCF_000276745.1
GCF_000281775.1_prophage_1,7,GCF_000281775.1
GCF_000303235.2_prophage_1,16,GCF_000303235.2
GCF_000303795.2_prophage_1,16,GCF_000303795.2
GCF_000303815.2_prophage_1,7,GCF_000303815.2
GCF_000304055.2_prophage_7,7,GCF_000304055.2
GCF_000304115.2_prophage_2,10,GCF_000304115.2
GCF_000305155.2_prophage_1,9,GCF_000305155.2
GCF_000308975.1_prophage_1,8,GCF_000308975.1
GCF_000316405.2_prophage_3,20,GCF_000316405.2
GCF_000316865.2_prophage_2,3,GCF_000316865.2
GCF_000316905.2_prophage_2,10,GCF_000316905.2
GCF_000319835.1_prophage_1,1,GCF_000319835.1
GCF_000320035.1_prophage_7,12,GCF_000320035.1
GCF_000320115.1_prophage_3,15,GCF_000320115.1
GCF_000320175.1_prophage_4,15,GCF_000320175.1
GCF_000326445.1_prophage_2,11,GCF_000326445.1
GCF_000326505.1_prophage_1,7,GCF_000326505.1
GCF_000326525.1_prophage_2,10,GCF_000326525.1
GCF_000326525.1_prophage_3,1,GCF_000326525.1
GCF_000326585.1_prophage_4,11,GCF_000326585.1
GCF_000326725.1_prophage_2,1,GCF_000326725.1
GCF_000326925.1_prophage_4,7,GCF_000326925.1
GCF_000335135.1_prophage_1,20,GCF_000335135.1
GCF_000335195.2_prophage_7,11,GCF_000335195.2
GCF_000335335.2_prophage_2,13,GCF_000335335.2
GCF_000350005.1_prophage_1,15,GCF_000350005.1
GCF_000350045.2_prophage_3,2,GCF_000350045.2
GCF_000350905.1_prophage_4,5,GCF_000350905.1
GCF_000350945.1_prophage_2,2,GCF_000350945.1
GCF_000351045.1_prophage_4,1,GCF_000351045.1
GCF_000351125.1_prophage_2,10,GCF_000351125.1
GCF_000351165.1_prophage_4,13,GCF_000351165.1
GCF_000351225.1_prophage_7,18,GCF_000351225.1
GCF_000351265.1_prophage_1,1,GCF_000351265.1
GCF_000351345.1_prophage_4,12,GCF_000351345.1
GCF_000351425.1_prophage_3,1,GCF_000351425.1
GCF_000351465.1_prophage_9,11,GCF_000351465.1
GCF_000351525.1_prophage_1,8,GCF_000351525.1
GCF_000351685.1_prophage_3,12,GCF_000351685.1
GCF_000352225.1_prophage_3,7,GCF_000352225.1
GCF_000352285.1_prophage_1,14,GCF_000352285.1
GCF_000352325.1_prophage_2,16,GCF_000352325.1
GCF_000352685.1_prophage_3,5,GCF_000352685.1
GCF_000352985.1_prophage_5,20,GCF_000352985.1
GCF_000353165.1_prophage_4,8,GCF_000353165.1
GCF_000353165.1_prophage_7,3,GCF_000353165.1
GCF_000354355.2_prophage_4,14,GCF_000354355.2
GCF_000354735.2_prophage_1,1,GCF_000354735.2
GCF_000354775.2_prophage_4,14,GCF_000354775.2
GCF_000354855.1_prophage_5,12,GCF_000354855.1
GCF_000354915.1_prophage_2,12,GCF_000354915.1
GCF_000354935.2_prophage_3,16,GCF_000354935.2
GCF_000354935.2_prophage_4,12,GCF_000354935.2
GCF_000355215.2_prophage_4,15,GCF_000355215.2
GCF_000355255.2_prophage_2,10,GCF_000355255.2
GCF_000355295.1_prophage_3,20,GCF_000355295.1
GCF_000355295.1_prophage_5,2,GCF_000355295.1
GCF_000355355.1_prophage_3,2,GCF_000355355.1
GCF_000355475.2_prophage_4,3,GCF_000355475.2
GCF_000356245.1_prophage_5,3,GCF_000356245.1
GCF_000356285.2_prophage_2,3,GCF_000356285.2
GCF_000356465.2_prophage_1,10,GCF_000356465.2
GCF_000356645.2_prophage_2,1,GCF_000356645.2
GCF_000356725.1_prophage_4,20,GCF_000356725.1
GCF_000356725.1_prophage_7,9,GCF_000356725.1
GCF_000357305.2_prophage_4,3,GCF_000357305.2
GCF_000357465.2_prophage_3,13,GCF_000357465.2
GCF_000357625.2_prophage_3,10,GCF_000357625.2
GCF_000357985.2_prophage_3,10,GCF_000357985.2
GCF_000358085.2_prophage_5,15,GCF_000358085.2
GCF_000358105.2_prophage_5,15,GCF_000358105.2
GCF_000358715.2_prophage_1,10,GCF_000358715.2
GCF_000364365.1_prophage_5,1,GCF_000364365.1
GCF_000387865.2_prophage_5,3,GCF_000387865.2
GCF_000397705.1_prophage_3,10,GCF_000397705.1
GCF_000403965.1_prophage_2,14,GCF_000403965.1
GCF_000407705.1_prophage_3,1,GCF_000407705.1
GCF_000407745.1_prophage_1,1,GCF_000407745.1
GCF_000407945.1_prophage_6,20,GCF_000407945.1
GCF_000407965.1_prophage_7,1,GCF_000407965.1
GCF_000408045.1_prophage_7,20,GCF_000408045.1
GCF_000408305.1_prophage_3,3,GCF_000408305.1
GCF_000408445.1_prophage_7,10,GCF_000408445.1
GCF_000408485.1_prophage_1,1,GCF_000408485.1
GCF_000408605.1_prophage_5,13,GCF_000408605.1
GCF_000410675.2_prophage_4,3,GCF_000410675.2
GCF_000418615.2_prophage_1,13,GCF_000418615.2
GCF_000418735.2_prophage_2,15,GCF_000418735.2
GCF_000418755.2_prophage_2,15,GCF_000418755.2
GCF_000442085.2_prophage_1,15,GCF_000442085.2
GCF_000442085.2_prophage_2,9,GCF_000442085.2
GCF_000446195.2_prophage_3,16,GCF_000446195.2
GCF_000446225.2_prophage_2,10,GCF_000446225.2
GCF_000446365.2_prophage_4,16,GCF_000446365.2
GCF_000446645.2_prophage_7,15,GCF_000446645.2
GCF_000446745.2_prophage_2,17,GCF_000446745.2
GCF_000446785.2_prophage_7,5,GCF_000446785.2
GCF_000446865.2_prophage_4,9,GCF_000446865.2
GCF_000447065.2_prophage_6,12,GCF_000447065.2
GCF_000456045.1_prophage_3,20,GCF_000456045.1
GCF_000456365.1_prophage_4,20,GCF_000456365.1
GCF_000456385.1_prophage_2,2,GCF_000456385.1
GCF_000456505.1_prophage_6,8,GCF_000456505.1
GCF_000456525.1_prophage_3,12,GCF_000456525.1
GCF_000456665.1_prophage_9,8,GCF_000456665.1
GCF_000456845.1_prophage_1,1,GCF_000456845.1
GCF_000456885.1_prophage_5,1,GCF_000456885.1
GCF_000457105.1_prophage_2,1,GCF_000457105.1
GCF_000457405.1_prophage_5,1,GCF_000457405.1
GCF_000457455.1_prophage_2,14,GCF_000457455.1
GCF_000457475.1_prophage_7,2,GCF_000457475.1
GCF_000457615.1_prophage_4,13,GCF_000457615.1
GCF_000457655.1_prophage_11,13,GCF_000457655.1
GCF_000457695.1_prophage_2,16,GCF_000457695.1
GCF_000457735.1_prophage_6,1,GCF_000457735.1
GCF_000457895.1_prophage_6,1,GCF_000457895.1
GCF_000458075.1_prophage_3,1,GCF_000458075.1
GCF_000458295.1_prophage_5,12,GCF_000458295.1
GCF_000458355.1_prophage_2,1,GCF_000458355.1
GCF_000458455.1_prophage_6,20,GCF_000458455.1
GCF_000458475.1_prophage_2,20,GCF_000458475.1
GCF_000458605.1_prophage_1,1,GCF_000458605.1
GCF_000458605.1_prophage_4,11,GCF_000458605.1
GCF_000458665.1_prophage_5,19,GCF_000458665.1
GCF_000458685.1_prophage_2,14,GCF_000458685.1
GCF_000458875.1_prophage_1,13,GCF_000458875.1
GCF_000458875.1_prophage_6,13,GCF_000458875.1
GCF_000458935.1_prophage_4,2,GCF_000458935.1
GCF_000458955.1_prophage_1,1,GCF_000458955.1
GCF_000459275.1_prophage_6,8,GCF_000459275.1
GCF_000459375.1_prophage_9,12,GCF_000459375.1
GCF_000459435.1_prophage_4,13,GCF_000459435.1
GCF_000459475.1_prophage_2,1,GCF_000459475.1
GCF_000459595.1_prophage_1,20,GCF_000459595.1
GCF_000459675.1_prophage_5,3,GCF_000459675.1
GCF_000459735.1_prophage_5,2,GCF_000459735.1
GCF_000459795.1_prophage_2,8,GCF_000459795.1
GCF_000459835.1_prophage_2,10,GCF_000459835.1
GCF_000459835.1_prophage_4,12,GCF_000459835.1
GCF_000459855.1_prophage_1,5,GCF_000459855.1
GCF_000459895.1_prophage_4,1,GCF_000459895.1
GCF_000460135.1_prophage_2,1,GCF_000460135.1
GCF_000460255.1_prophage_2,3,GCF_000460255.1
GCF_000460315.1_prophage_2,16,GCF_000460315.1
GCF_000460335.1_prophage_3,5,GCF_000460335.1
GCF_000460475.1_prophage_1,7,GCF_000460475.1
GCF_000460775.1_prophage_5,1,GCF_000460775.1
GCF_000460815.1_prophage_3,18,GCF_000460815.1
GCF_000460935.1_prophage_2,1,GCF_000460935.1
GCF_000461155.1_prophage_4,15,GCF_000461155.1
GCF_000461315.1_prophage_2,20,GCF_000461315.1
GCF_000461395.1_prophage_3,12,GCF_000461395.1
GCF_000461415.1_prophage_3,12,GCF_000461415.1
GCF_000461655.1_prophage_1,10,GCF_000461655.1
GCF_000461775.1_prophage_7,14,GCF_000461775.1
GCF_000461935.2_prophage_13,9,GCF_000461935.2
GCF_000461975.2_prophage_1,13,GCF_000461975.2
GCF_000462105.2_prophage_2,15,GCF_000462105.2
GCF_000462265.2_prophage_2,13,GCF_000462265.2
GCF_000462345.2_prophage_1,13,GCF_000462345.2
GCF_000462445.2_prophage_5,15,GCF_000462445.2
GCF_000462525.2_prophage_1,9,GCF_000462525.2
GCF_000462565.2_prophage_1,12,GCF_000462565.2
GCF_000462805.2_prophage_2,16,GCF_000462805.2
GCF_000468515.1_prophage_4,13,GCF_000468515.1
GCF_000471105.1_prophage_1,15,GCF_000471105.1
GCF_000471265.1_prophage_1,12,GCF_000471265.1
GCF_000471305.1_prophage_2,15,GCF_000471305.1
GCF_000471365.1_prophage_5,13,GCF_000471365.1
GCF_000471465.1_prophage_3,13,GCF_000471465.1
GCF_000473725.2_prophage_4,16,GCF_000473725.2
GCF_000485675.1_prophage_3,17,GCF_000485675.1
GCF_000488575.1_prophage_3,15,GCF_000488575.1
GCF_000488775.1_prophage_6,10,GCF_000488775.1
GCF_000492235.1_prophage_2,20,GCF_000492235.1
GCF_000494955.1_prophage_5,12,GCF_000494955.1
GCF_000498235.1_prophage_7,9,GCF_000498235.1
GCF_000498815.2_prophage_6,1,GCF_000498815.2
GCF_000503415.1_prophage_2,17,GCF_000503415.1
GCF_000503635.1_prophage_6,17,GCF_000503635.1
GCF_000506445.2_prophage_3,20,GCF_000506445.2
GCF_000511465.1_prophage_2,12,GCF_000511465.1
GCF_000511485.1_prophage_4,20,GCF_000511485.1
GCF_000511525.1_prophage_2,20,GCF_000511525.1
GCF_000512625.1_prophage_3,14,GCF_000512625.1
GCF_000513035.1_prophage_1,3,GCF_000513035.1
GCF_000513035.1_prophage_4,2,GCF_000513035.1
GCF_000513035.1_prophage_5,2,GCF_000513035.1
GCF_000513375.1_prophage_4,17,GCF_000513375.1
GCF_000517245.1_prophage_6,14,GCF_000517245.1
GCF_000517245.1_prophage_7,14,GCF_000517245.1
GCF_000520035.1_prophage_12,2,GCF_000520035.1
GCF_000522125.1_prophage_7,20,GCF_000522125.1
GCF_000522145.1_prophage_7,20,GCF_000522145.1
GCF_000522145.1_prophage_9,20,GCF_000522145.1
GCF_000522185.2_prophage_1,16,GCF_000522185.2
GCF_000522205.1_prophage_4,2,GCF_000522205.1
GCF_000522225.1_prophage_3,1,GCF_000522225.1
GCF_000522245.1_prophage_3,14,GCF_000522245.1
GCF_000522345.1_prophage_7,20,GCF_000522345.1
GCF_000601135.1_prophage_3,18,GCF_000601135.1
GCF_000614405.2_prophage_6,13,GCF_000614405.2
GCF_000614565.2_prophage_1,16,GCF_000614565.2
GCF_000614885.2_prophage_3,20,GCF_000614885.2
GCF_000615145.1_prophage_4,9,GCF_000615145.1
GCF_000615455.2_prophage_5,10,GCF_000615455.2
GCF_000616195.2_prophage_1,12,GCF_000616195.2
GCF_000616585.2_prophage_1,1,GCF_000616585.2
GCF_000616685.2_prophage_4,15,GCF_000616685.2
GCF_000617145.2_prophage_2,16,GCF_000617145.2
GCF_000617185.2_prophage_1,15,GCF_000617185.2
GCF_000617345.1_prophage_1,12,GCF_000617345.1
GCF_000617345.1_prophage_4,13,GCF_000617345.1
GCF_000617405.2_prophage_4,15,GCF_000617405.2
GCF_000618105.2_prophage_2,13,GCF_000618105.2
GCF_000618145.2_prophage_3,15,GCF_000618145.2
GCF_000618525.1_prophage_1,20,GCF_000618525.1
GCF_000618665.1_prophage_2,9,GCF_000618665.1
GCF_000618665.1_prophage_4,20,GCF_000618665.1
GCF_000618685.1_prophage_3,13,GCF_000618685.1
GCF_000619445.1_prophage_3,3,GCF_000619445.1
GCF_000619465.2_prophage_1,7,GCF_000619465.2
GCF_000619485.1_prophage_4,12,GCF_000619485.1
GCF_000619545.2_prophage_3,20,GCF_000619545.2
GCF_000619565.2_prophage_3,4,GCF_000619565.2
GCF_000619605.1_prophage_6,4,GCF_000619605.1
GCF_000622465.2_prophage_3,12,GCF_000622465.2
GCF_000622485.2_prophage_5,15,GCF_000622485.2
GCF_000622535.2_prophage_7,7,GCF_000622535.2
GCF_000622795.2_prophage_1,15,GCF_000622795.2
GCF_000622855.2_prophage_1,16,GCF_000622855.2
GCF_000627075.1_prophage_2,4,GCF_000627075.1
GCF_000627075.1_prophage_4,16,GCF_000627075.1
GCF_000627135.1_prophage_9,16,GCF_000627135.1
GCF_000627315.1_prophage_5,15,GCF_000627315.1
GCF_000627885.1_prophage_4,15,GCF_000627885.1
GCF_000627985.1_prophage_3,3,GCF_000627985.1
GCF_000632615.2_prophage_4,10,GCF_000632615.2
GCF_000632675.2_prophage_4,4,GCF_000632675.2
GCF_000687025.1_prophage_1,10,GCF_000687025.1
GCF_000687065.1_prophage_8,15,GCF_000687065.1
GCF_000690965.1_prophage_6,14,GCF_000690965.1
GCF_000690985.1_prophage_1,10,GCF_000690985.1
GCF_000692395.1_prophage_3,2,GCF_000692395.1
GCF_000692475.1_prophage_2,1,GCF_000692475.1
GCF_000692555.1_prophage_2,16,GCF_000692555.1
GCF_000692715.1_prophage_3,13,GCF_000692715.1
GCF_000692735.1_prophage_10,17,GCF_000692735.1
GCF_000692835.1_prophage_3,2,GCF_000692835.1
GCF_000695115.1_prophage_7,3,GCF_000695115.1
GCF_000695175.1_prophage_2,12,GCF_000695175.1
GCF_000696835.1_prophage_1,2,GCF_000696835.1
GCF_000699365.1_prophage_5,1,GCF_000699365.1
GCF_000700085.1_prophage_6,8,GCF_000700085.1
GCF_000700325.1_prophage_4,3,GCF_000700325.1
GCF_000700405.1_prophage_1,4,GCF_000700405.1
GCF_000700405.1_prophage_6,20,GCF_000700405.1
GCF_000700465.1_prophage_3,6,GCF_000700465.1
GCF_000700565.1_prophage_3,4,GCF_000700565.1
GCF_000700605.1_prophage_1,1,GCF_000700605.1
GCF_000701145.1_prophage_1,4,GCF_000701145.1
GCF_000703205.1_prophage_12,15,GCF_000703205.1
GCF_000703205.1_prophage_6,1,GCF_000703205.1
GCF_000703225.1_prophage_9,1,GCF_000703225.1
GCF_000703325.1_prophage_15,1,GCF_000703325.1
GCF_000703565.1_prophage_1,4,GCF_000703565.1
GCF_000703805.1_prophage_2,13,GCF_000703805.1
GCF_000703805.1_prophage_3,12,GCF_000703805.1
GCF_000703825.1_prophage_2,13,GCF_000703825.1
GCF_000703845.1_prophage_3,10,GCF_000703845.1
GCF_000703885.1_prophage_3,1,GCF_000703885.1
GCF_000704505.1_prophage_1,16,GCF_000704505.1
GCF_000704725.1_prophage_5,17,GCF_000704725.1
GCF_000704805.1_prophage_4,2,GCF_000704805.1
GCF_000704885.1_prophage_2,4,GCF_000704885.1
GCF_000704885.1_prophage_6,12,GCF_000704885.1
GCF_000704905.1_prophage_5,12,GCF_000704905.1
GCF_000708145.1_prophage_2,8,GCF_000708145.1
GCF_000711435.1_prophage_1,1,GCF_000711435.1
GCF_000711485.1_prophage_1,15,GCF_000711485.1
GCF_000711565.1_prophage_7,12,GCF_000711565.1
GCF_000713135.1_prophage_2,16,GCF_000713135.1
GCF_000713255.1_prophage_3,12,GCF_000713255.1
GCF_000713315.1_prophage_4,14,GCF_000713315.1
GCF_000713735.1_prophage_3,4,GCF_000713735.1
GCF_000713785.1_prophage_2,16,GCF_000713785.1
GCF_000713815.1_prophage_4,8,GCF_000713815.1
GCF_000713975.1_prophage_2,1,GCF_000713975.1
GCF_000713985.1_prophage_1,12,GCF_000713985.1
GCF_000714105.1_prophage_4,20,GCF_000714105.1
GCF_000714995.1_prophage_2,13,GCF_000714995.1
GCF_000725305.1_prophage_3,2,GCF_000725305.1
GCF_000731355.1_prophage_6,8,GCF_000731355.1
GCF_000731355.1_prophage_7,5,GCF_000731355.1
GCF_000732965.1_prophage_2,2,GCF_000732965.1
GCF_000734955.1_prophage_7,10,GCF_000734955.1
GCF_000749575.1_prophage_3,3,GCF_000749575.1
GCF_000750555.1_prophage_5,7,GCF_000750555.1
GCF_000752135.1_prophage_4,16,GCF_000752135.1
GCF_000752195.1_prophage_4,6,GCF_000752195.1
GCF_000752235.1_prophage_2,3,GCF_000752235.1
GCF_000752415.1_prophage_3,20,GCF_000752415.1
GCF_000752455.1_prophage_1,2,GCF_000752455.1
GCF_000752455.1_prophage_9,3,GCF_000752455.1
GCF_000752695.1_prophage_4,2,GCF_000752695.1
GCF_000752695.1_prophage_8,15,GCF_000752695.1
GCF_000752755.1_prophage_6,16,GCF_000752755.1
GCF_000752775.1_prophage_6,3,GCF_000752775.1
GCF_000752815.1_prophage_1,1,GCF_000752815.1
GCF_000752935.1_prophage_1,16,GCF_000752935.1
GCF_000753115.1_prophage_2,3,GCF_000753115.1
GCF_000753215.1_prophage_3,12,GCF_000753215.1
GCF_000753415.1_prophage_2,4,GCF_000753415.1
GCF_000753535.1_prophage_3,19,GCF_000753535.1
GCF_000754855.1_prophage_1,10,GCF_000754855.1
GCF_000754865.1_prophage_1,15,GCF_000754865.1
GCF_000762385.1_prophage_5,14,GCF_000762385.1
GCF_000768125.1_prophage_5,1,GCF_000768125.1
GCF_000768465.1_prophage_2,16,GCF_000768465.1
GCF_000768485.1_prophage_1,1,GCF_000768485.1
GCF_000768485.1_prophage_3,14,GCF_000768485.1
GCF_000768505.1_prophage_5,7,GCF_000768505.1
GCF_000770285.1_prophage_3,1,GCF_000770285.1
GCF_000776175.1_prophage_2,10,GCF_000776175.1
GCF_000776235.1_prophage_6,10,GCF_000776235.1
GCF_000776275.1_prophage_2,10,GCF_000776275.1
GCF_000776355.1_prophage_6,12,GCF_000776355.1
GCF_000776415.1_prophage_1,20,GCF_000776415.1
GCF_000776745.1_prophage_3,17,GCF_000776745.1
GCF_000776835.1_prophage_2,19,GCF_000776835.1
GCF_000776915.1_prophage_1,14,GCF_000776915.1
GCF_000777325.1_prophage_3,10,GCF_000777325.1
GCF_000777555.1_prophage_2,19,GCF_000777555.1
GCF_000778175.1_prophage_4,11,GCF_000778175.1
GCF_000778395.1_prophage_1,14,GCF_000778395.1
GCF_000778475.1_prophage_6,3,GCF_000778475.1
GCF_000779335.1_prophage_2,4,GCF_000779335.1
GCF_000779365.1_prophage_4,13,GCF_000779365.1
GCF_000779695.1_prophage_2,20,GCF_000779695.1
GCF_000779715.1_prophage_2,3,GCF_000779715.1
GCF_000779735.1_prophage_2,20,GCF_000779735.1
GCF_000779835.1_prophage_3,14,GCF_000779835.1
GCF_000780035.1_prophage_3,20,GCF_000780035.1
GCF_000780495.1_prophage_1,3,GCF_000780495.1
GCF_000780615.1_prophage_3,15,GCF_000780615.1
GCF_000780925.1_prophage_1,12,GCF_000780925.1
GCF_000781435.1_prophage_1,13,GCF_000781435.1
GCF_000781455.1_prophage_1,17,GCF_000781455.1
GCF_000781505.1_prophage_1,12,GCF_000781505.1
GCF_000781515.1_prophage_6,12,GCF_000781515.1
GCF_000781695.1_prophage_1,6,GCF_000781695.1
GCF_000781695.1_prophage_2,19,GCF_000781695.1
GCF_000781695.1_prophage_6,15,GCF_000781695.1
GCF_000782035.1_prophage_3,10,GCF_000782035.1
GCF_000782135.1_prophage_2,19,GCF_000782135.1
GCF_000782255.1_prophage_1,2,GCF_000782255.1
GCF_000782275.1_prophage_1,20,GCF_000782275.1
GCF_000782355.1_prophage_5,15,GCF_000782355.1
GCF_000782395.1_prophage_5,5,GCF_000782395.1
GCF_000782455.1_prophage_3,5,GCF_000782455.1
GCF_000782615.1_prophage_5,18,GCF_000782615.1
GCF_000784925.1_prophage_5,11,GCF_000784925.1
GCF_000797595.1_prophage_1,20,GCF_000797595.1
GCF_000797655.1_prophage_7,20,GCF_000797655.1
GCF_000797675.1_prophage_5,12,GCF_000797675.1
GCF_000797695.1_prophage_5,15,GCF_000797695.1
GCF_000797715.1_prophage_6,6,GCF_000797715.1
GCF_000797755.1_prophage_2,14,GCF_000797755.1
GCF_000797875.1_prophage_4,10,GCF_000797875.1
GCF_000797935.1_prophage_7,20,GCF_000797935.1
GCF_000798535.1_prophage_1,5,GCF_000798535.1
GCF_000798595.1_prophage_6,3,GCF_000798595.1
GCF_000800765.1_prophage_4,7,GCF_000800765.1
GCF_000803705.1_prophage_13,13,GCF_000803705.1
GCF_000803705.1_prophage_8,2,GCF_000803705.1
GCF_000804345.1_prophage_4,9,GCF_000804345.1
GCF_000806175.1_prophage_1,2,GCF_000806175.1
GCF_000812235.1_prophage_2,14,GCF_000812235.1
GCF_000812305.1_prophage_6,16,GCF_000812305.1
GCF_000812725.1_prophage_2,14,GCF_000812725.1
GCF_000817425.1_prophage_6,4,GCF_000817425.1
GCF_000818965.1_prophage_1,15,GCF_000818965.1
GCF_000818985.1_prophage_2,3,GCF_000818985.1
GCF_000818985.1_prophage_6,3,GCF_000818985.1
GCF_000819015.1_prophage_8,3,GCF_000819015.1
GCF_000819105.1_prophage_2,20,GCF_000819105.1
GCF_000819245.1_prophage_1,7,GCF_000819245.1
GCF_000819285.1_prophage_2,4,GCF_000819285.1
GCF_000819375.1_prophage_3,20,GCF_000819375.1
GCF_000819645.1_prophage_1,1,GCF_000819645.1
GCF_000827105.1_prophage_1,8,GCF_000827105.1
GCF_000831715.2_prophage_5,2,GCF_000831715.2
GCF_000935425.1_prophage_2,12,GCF_000935425.1
GCF_000936225.1_prophage_10,2,GCF_000936225.1
GCF_000936475.1_prophage_8,20,GCF_000936475.1
GCF_000936495.1_prophage_5,7,GCF_000936495.1
GCF_000937095.2_prophage_2,17,GCF_000937095.2
GCF_000940355.1_prophage_2,2,GCF_000940355.1
GCF_000940355.1_prophage_7,10,GCF_000940355.1
GCF_000941535.1_prophage_1,14,GCF_000941535.1
GCF_000945955.1_prophage_6,15,GCF_000945955.1
GCF_000948055.1_prophage_1,15,GCF_000948055.1
GCF_000948555.1_prophage_5,20,GCF_000948555.1
GCF_000948605.1_prophage_6,4,GCF_000948605.1
GCF_000948815.1_prophage_6,16,GCF_000948815.1
GCF_000948875.1_prophage_4,15,GCF_000948875.1
GCF_000948885.1_prophage_5,3,GCF_000948885.1
GCF_000948905.1_prophage_4,20,GCF_000948905.1
GCF_000951855.1_prophage_8,11,GCF_000951855.1
GCF_000951895.1_prophage_1,20,GCF_000951895.1
GCF_000951915.1_prophage_2,6,GCF_000951915.1
GCF_000953515.1_prophage_4,7,GCF_000953515.1
GCF_000954045.1_prophage_1,14,GCF_000954045.1
GCF_000965575.1_prophage_8,10,GCF_000965575.1
GCF_000965665.1_prophage_9,10,GCF_000965665.1
GCF_000971615.1_prophage_4,14,GCF_000971615.1
GCF_000978815.2_prophage_15,1,GCF_000978815.2
GCF_000982035.1_prophage_4,1,GCF_000982035.1
GCF_000986635.1_prophage_3,15,GCF_000986635.1
GCF_000986635.1_prophage_6,8,GCF_000986635.1
GCF_000986635.1_prophage_7,1,GCF_000986635.1
GCF_000986765.1_prophage_8,1,GCF_000986765.1
GCF_000987545.1_prophage_6,17,GCF_000987545.1
GCF_000988385.1_prophage_5,7,GCF_000988385.1
GCF_000988425.1_prophage_1,1,GCF_000988425.1
GCF_001005685.1_prophage_1,15,GCF_001005685.1
GCF_001005685.1_prophage_10,10,GCF_001005685.1
GCF_001012015.1_prophage_1,17,GCF_001012015.1
GCF_001012155.1_prophage_5,12,GCF_001012155.1
GCF_001012165.1_prophage_1,2,GCF_001012165.1
GCF_001012345.1_prophage_4,15,GCF_001012345.1
GCF_001012395.1_prophage_1,16,GCF_001012395.1
GCF_001012395.1_prophage_3,12,GCF_001012395.1
GCF_001012495.1_prophage_4,2,GCF_001012495.1
GCF_001012575.1_prophage_5,2,GCF_001012575.1
GCF_001012575.1_prophage_7,18,GCF_001012575.1
GCF_001030245.1_prophage_1,1,GCF_001030245.1
GCF_001030305.1_prophage_7,13,GCF_001030305.1
GCF_001030365.1_prophage_2,15,GCF_001030365.1
GCF_001030435.1_prophage_7,8,GCF_001030435.1
GCF_001030485.1_prophage_4,17,GCF_001030485.1
GCF_001030545.1_prophage_1,2,GCF_001030545.1
GCF_001030585.1_prophage_6,1,GCF_001030585.1
GCF_001030585.1_prophage_8,20,GCF_001030585.1
GCF_001030625.1_prophage_4,2,GCF_001030625.1
GCF_001032735.1_prophage_2,20,GCF_001032735.1
GCF_001039075.2_prophage_13,2,GCF_001039075.2
GCF_001039125.2_prophage_19,12,GCF_001039125.2
GCF_001039145.2_prophage_7,1,GCF_001039145.2
GCF_001039155.2_prophage_18,14,GCF_001039155.2
GCF_001039225.2_prophage_1,20,GCF_001039225.2
GCF_001052125.1_prophage_2,11,GCF_001052125.1
GCF_001054615.1_prophage_1,18,GCF_001054615.1
GCF_001056215.1_prophage_1,8,GCF_001056215.1
GCF_001056875.1_prophage_1,20,GCF_001056875.1
GCF_001056875.1_prophage_4,10,GCF_001056875.1
GCF_001058205.1_prophage_2,19,GCF_001058205.1
GCF_001058555.1_prophage_1,11,GCF_001058555.1
GCF_001058915.1_prophage_1,13,GCF_001058915.1
GCF_001059485.1_prophage_2,19,GCF_001059485.1
GCF_001067225.1_prophage_2,15,GCF_001067225.1
GCF_001077955.1_prophage_5,4,GCF_001077955.1
GCF_001182805.1_prophage_1,1,GCF_001182805.1
GCF_001186315.1_prophage_2,20,GCF_001186315.1
GCF_001191105.1_prophage_3,3,GCF_001191105.1
GCF_001191185.1_prophage_2,15,GCF_001191185.1
GCF_001191435.1_prophage_2,12,GCF_001191435.1
GCF_001191455.1_prophage_6,14,GCF_001191455.1
GCF_001191465.1_prophage_4,15,GCF_001191465.1
GCF_001245225.1_prophage_6,2,GCF_001245225.1
GCF_001262455.1_prophage_4,9,GCF_001262455.1
GCF_001262785.1_prophage_6,2,GCF_001262785.1
GCF_001262865.1_prophage_2,1,GCF_001262865.1
GCF_001262935.1_prophage_8,20,GCF_001262935.1
GCF_001262955.1_prophage_2,14,GCF_001262955.1
GCF_001263065.1_prophage_12,1,GCF_001263065.1
GCF_001264175.1_prophage_3,3,GCF_001264175.1
GCF_001264215.1_prophage_7,16,GCF_001264215.1
GCF_001265235.1_prophage_2,20,GCF_001265235.1
GCF_001265315.1_prophage_1,18,GCF_001265315.1
GCF_001265395.1_prophage_4,3,GCF_001265395.1
GCF_001265465.1_prophage_1,2,GCF_001265465.1
GCF_001265495.1_prophage_2,20,GCF_001265495.1
GCF_001265925.1_prophage_4,13,GCF_001265925.1
GCF_001265925.1_prophage_5,3,GCF_001265925.1
GCF_001266075.1_prophage_5,14,GCF_001266075.1
GCF_001266305.1_prophage_1,13,GCF_001266305.1
GCF_001266335.1_prophage_8,11,GCF_001266335.1
GCF_001266405.1_prophage_3,6,GCF_001266405.1
GCF_001266405.1_prophage_9,1,GCF_001266405.1
GCF_001267355.1_prophage_3,20,GCF_001267355.1
GCF_001268505.1_prophage_3,4,GCF_001268505.1
GCF_001268525.1_prophage_3,5,GCF_001268525.1
GCF_001269005.1_prophage_3,8,GCF_001269005.1
GCF_001269065.1_prophage_3,7,GCF_001269065.1
GCF_001269325.1_prophage_6,20,GCF_001269325.1
GCF_001276265.1_prophage_2,14,GCF_001276265.1
GCF_001277435.1_prophage_6,10,GCF_001277435.1
GCF_001277555.1_prophage_2,3,GCF_001277555.1
GCF_001277615.1_prophage_7,20,GCF_001277615.1
GCF_001277655.1_prophage_3,10,GCF_001277655.1
GCF_001280325.1_prophage_4,18,GCF_001280325.1
GCF_001280345.1_prophage_4,12,GCF_001280345.1
GCF_001280405.1_prophage_5,14,GCF_001280405.1
GCF_001281885.1_prophage_2,13,GCF_001281885.1
GCF_001281965.1_prophage_5,16,GCF_001281965.1
GCF_001282065.1_prophage_3,3,GCF_001282065.1
GCF_001282335.1_prophage_2,3,GCF_001282335.1
GCF_001283165.1_prophage_4,10,GCF_001283165.1
GCF_001283185.1_prophage_4,20,GCF_001283185.1
GCF_001283185.1_prophage_7,17,GCF_001283185.1
GCF_001283285.1_prophage_3,15,GCF_001283285.1
GCF_001283445.1_prophage_2,13,GCF_001283445.1
GCF_001283445.1_prophage_3,15,GCF_001283445.1
GCF_001283565.1_prophage_1,16,GCF_001283565.1
GCF_001283785.1_prophage_3,1,GCF_001283785.1
GCF_001283845.1_prophage_2,1,GCF_001283845.1
GCF_001283865.2_prophage_3,10,GCF_001283865.2
GCF_001284025.1_prophage_7,1,GCF_001284025.1
GCF_001284085.1_prophage_8,7,GCF_001284085.1
GCF_001284165.2_prophage_4,3,GCF_001284165.2
GCF_001284405.1_prophage_3,11,GCF_001284405.1
GCF_001284525.1_prophage_2,16,GCF_001284525.1
GCF_001284625.1_prophage_3,15,GCF_001284625.1
GCF_001284745.1_prophage_3,14,GCF_001284745.1
GCF_001284805.1_prophage_4,16,GCF_001284805.1
GCF_001284945.1_prophage_6,20,GCF_001284945.1
GCF_001285065.1_prophage_5,10,GCF_001285065.1
GCF_001285105.1_prophage_3,7,GCF_001285105.1
GCF_001285165.1_prophage_2,9,GCF_001285165.1
GCF_001285285.1_prophage_3,15,GCF_001285285.1
GCF_001285305.1_prophage_6,20,GCF_001285305.1
GCF_001285305.1_prophage_9,6,GCF_001285305.1
GCF_001285825.1_prophage_1,15,GCF_001285825.1
GCF_001285845.1_prophage_1,15,GCF_001285845.1
GCF_001286045.1_prophage_1,10,GCF_001286045.1
GCF_001286165.1_prophage_1,16,GCF_001286165.1
GCF_001286165.1_prophage_3,20,GCF_001286165.1
GCF_001286205.1_prophage_2,15,GCF_001286205.1
GCF_001286625.1_prophage_1,10,GCF_001286625.1
GCF_001286625.1_prophage_3,16,GCF_001286625.1
GCF_001286645.1_prophage_2,20,GCF_001286645.1
GCF_001286705.1_prophage_9,10,GCF_001286705.1
GCF_001297725.1_prophage_3,20,GCF_001297725.1
GCF_001297975.1_prophage_1,20,GCF_001297975.1
GCF_001306605.1_prophage_2,13,GCF_001306605.1
GCF_001306605.1_prophage_8,19,GCF_001306605.1
GCF_001307215.1_prophage_7,2,GCF_001307215.1
GCF_001307215.1_prophage_9,15,GCF_001307215.1
GCF_001309645.1_prophage_6,15,GCF_001309645.1
GCF_001309775.1_prophage_1,15,GCF_001309775.1
GCF_001309895.1_prophage_2,4,GCF_001309895.1
GCF_001309925.1_prophage_1,16,GCF_001309925.1
GCF_001413005.1_prophage_4,9,GCF_001413005.1
GCF_001413355.1_prophage_2,20,GCF_001413355.1
GCF_001413375.1_prophage_2,10,GCF_001413375.1
GCF_001413485.1_prophage_5,7,GCF_001413485.1
GCF_001413565.1_prophage_5,16,GCF_001413565.1
GCF_001413645.1_prophage_2,20,GCF_001413645.1
GCF_001413745.1_prophage_1,2,GCF_001413745.1
GCF_001419865.1_prophage_3,10,GCF_001419865.1
GCF_001420955.1_prophage_6,2,GCF_001420955.1
GCF_001420955.1_prophage_7,5,GCF_001420955.1
GCF_001432175.2_prophage_3,3,GCF_001432175.2
GCF_001440615.1_prophage_2,10,GCF_001440615.1
GCF_001440655.1_prophage_1,15,GCF_001440655.1
GCF_001441345.1_prophage_2,12,GCF_001441345.1
GCF_001442495.1_prophage_2,14,GCF_001442495.1
GCF_001442495.1_prophage_5,8,GCF_001442495.1
GCF_001463405.1_prophage_7,13,GCF_001463405.1
GCF_001463455.1_prophage_5,14,GCF_001463455.1
GCF_001463535.1_prophage_3,8,GCF_001463535.1
GCF_001467005.1_prophage_4,16,GCF_001467005.1
GCF_001484265.1_prophage_4,3,GCF_001484265.1
GCF_001484355.1_prophage_2,13,GCF_001484355.1
GCF_001485455.1_prophage_7,11,GCF_001485455.1
GCF_001499595.1_prophage_2,11,GCF_001499595.1
GCF_001506145.1_prophage_9,20,GCF_001506145.1
GCF_001513635.1_prophage_7,13,GCF_001513635.1
GCF_001515725.1_prophage_4,14,GCF_001515725.1
GCF_001519235.1_prophage_6,18,GCF_001519235.1
GCF_001519365.2_prophage_6,1,GCF_001519365.2
GCF_001519475.1_prophage_1,12,GCF_001519475.1
GCF_001519755.1_prophage_5,8,GCF_001519755.1
GCF_001519895.1_prophage_4,8,GCF_001519895.1
GCF_001519995.1_prophage_3,19,GCF_001519995.1
GCF_001520095.1_prophage_6,3,GCF_001520095.1
GCF_001520295.1_prophage_2,19,GCF_001520295.1
GCF_001520355.1_prophage_1,18,GCF_001520355.1
GCF_001520695.2_prophage_2,12,GCF_001520695.2
GCF_001520815.2_prophage_6,12,GCF_001520815.2
GCF_001520845.1_prophage_1,16,GCF_001520845.1
GCF_001520935.1_prophage_3,16,GCF_001520935.1
GCF_001521155.1_prophage_3,10,GCF_001521155.1
GCF_001521355.1_prophage_1,10,GCF_001521355.1
GCF_001521455.1_prophage_2,8,GCF_001521455.1
GCF_001521475.1_prophage_2,5,GCF_001521475.1
GCF_001521535.1_prophage_3,20,GCF_001521535.1
GCF_001524885.1_prophage_1,8,GCF_001524885.1
GCF_001542545.1_prophage_1,15,GCF_001542545.1
GCF_001550005.1_prophage_4,17,GCF_001550005.1
GCF_001561015.1_prophage_6,15,GCF_001561015.1
GCF_001561025.1_prophage_4,10,GCF_001561025.1
GCF_001561095.1_prophage_1,15,GCF_001561095.1
GCF_001561205.1_prophage_1,18,GCF_001561205.1
GCF_001561275.1_prophage_1,19,GCF_001561275.1
GCF_001561365.1_prophage_3,1,GCF_001561365.1
GCF_001561705.1_prophage_1,19,GCF_001561705.1
GCF_001561835.1_prophage_2,10,GCF_001561835.1
GCF_001561835.1_prophage_5,12,GCF_001561835.1
GCF_001562345.1_prophage_6,12,GCF_001562345.1
GCF_001562855.1_prophage_1,8,GCF_001562855.1
GCF_001563715.2_prophage_16,17,GCF_001563715.2
GCF_001563715.2_prophage_5,2,GCF_001563715.2
GCF_001566335.1_prophage_4,2,GCF_001566335.1
GCF_001571485.1_prophage_3,10,GCF_001571485.1
GCF_001571495.1_prophage_1,10,GCF_001571495.1
GCF_001571565.1_prophage_6,18,GCF_001571565.1
GCF_001571665.1_prophage_4,20,GCF_001571665.1
GCF_001571825.1_prophage_2,15,GCF_001571825.1
GCF_001571905.1_prophage_5,14,GCF_001571905.1
GCF_001571965.1_prophage_5,12,GCF_001571965.1
GCF_001572045.1_prophage_7,12,GCF_001572045.1
GCF_001572265.1_prophage_4,13,GCF_001572265.1
GCF_001572485.1_prophage_8,2,GCF_001572485.1
GCF_001572525.1_prophage_3,3,GCF_001572525.1
GCF_001575355.1_prophage_6,17,GCF_001575355.1
GCF_001575465.1_prophage_1,6,GCF_001575465.1
GCF_001575595.1_prophage_2,14,GCF_001575595.1
GCF_001575785.1_prophage_1,14,GCF_001575785.1
GCF_001575795.1_prophage_3,8,GCF_001575795.1
GCF_001575865.1_prophage_6,14,GCF_001575865.1
GCF_001575965.1_prophage_1,20,GCF_001575965.1
GCF_001576135.1_prophage_2,12,GCF_001576135.1
GCF_001576295.1_prophage_4,14,GCF_001576295.1
GCF_001576375.1_prophage_2,10,GCF_001576375.1
GCF_001576435.1_prophage_1,14,GCF_001576435.1
GCF_001593565.1_prophage_4,2,GCF_001593565.1
GCF_001596865.1_prophage_1,12,GCF_001596865.1
GCF_001601655.1_prophage_3,15,GCF_001601655.1
GCF_001606365.1_prophage_3,15,GCF_001606365.1
GCF_001606525.1_prophage_11,9,GCF_001606525.1
GCF_001606525.1_prophage_12,3,GCF_001606525.1
GCF_001606615.1_prophage_1,16,GCF_001606615.1
GCF_001606615.1_prophage_3,2,GCF_001606615.1
GCF_001606755.1_prophage_9,9,GCF_001606755.1
GCF_001606785.1_prophage_10,2,GCF_001606785.1
GCF_001606835.1_prophage_8,1,GCF_001606835.1
GCF_001606955.1_prophage_3,1,GCF_001606955.1
GCF_001606985.1_prophage_7,16,GCF_001606985.1
GCF_001607015.1_prophage_4,7,GCF_001607015.1
GCF_001607025.1_prophage_4,7,GCF_001607025.1
GCF_001607045.1_prophage_2,3,GCF_001607045.1
GCF_001607075.1_prophage_11,12,GCF_001607075.1
GCF_001607285.1_prophage_7,15,GCF_001607285.1
GCF_001607285.1_prophage_8,1,GCF_001607285.1
GCF_001607365.1_prophage_3,15,GCF_001607365.1
GCF_001607435.1_prophage_2,3,GCF_001607435.1
GCF_001607445.1_prophage_5,13,GCF_001607445.1
GCF_001607455.1_prophage_3,9,GCF_001607455.1
GCF_001607525.1_prophage_3,1,GCF_001607525.1
GCF_001607605.1_prophage_1,12,GCF_001607605.1
GCF_001607815.1_prophage_4,1,GCF_001607815.1
GCF_001607835.1_prophage_2,7,GCF_001607835.1
GCF_001607895.1_prophage_4,16,GCF_001607895.1
GCF_001607895.1_prophage_5,14,GCF_001607895.1
GCF_001607925.1_prophage_6,15,GCF_001607925.1
GCF_001608085.1_prophage_1,15,GCF_001608085.1
GCF_001608085.1_prophage_7,16,GCF_001608085.1
GCF_001608105.1_prophage_5,1,GCF_001608105.1
GCF_001608235.1_prophage_4,1,GCF_001608235.1
GCF_001608285.1_prophage_3,4,GCF_001608285.1
GCF_001608315.1_prophage_10,4,GCF_001608315.1
GCF_001609215.1_prophage_4,12,GCF_001609215.1
GCF_001609315.1_prophage_10,4,GCF_001609315.1
GCF_001609315.1_prophage_3,14,GCF_001609315.1
GCF_001609745.1_prophage_5,7,GCF_001609745.1
GCF_001609795.1_prophage_3,15,GCF_001609795.1
GCF_001612475.1_prophage_1,2,GCF_001612475.1
GCF_001614395.1_prophage_1,1,GCF_001614395.1
GCF_001614955.1_prophage_2,11,GCF_001614955.1
GCF_001615035.1_prophage_8,4,GCF_001615035.1
GCF_001615095.1_prophage_2,9,GCF_001615095.1
GCF_001615325.1_prophage_1,16,GCF_001615325.1
GCF_001615535.1_prophage_2,11,GCF_001615535.1
GCF_001615625.1_prophage_1,1,GCF_001615625.1
GCF_001616045.1_prophage_9,1,GCF_001616045.1
GCF_001616345.1_prophage_2,5,GCF_001616345.1
GCF_001616515.1_prophage_1,20,GCF_001616515.1
GCF_001616515.1_prophage_2,15,GCF_001616515.1
GCF_001616615.1_prophage_5,12,GCF_001616615.1
GCF_001616695.1_prophage_2,17,GCF_001616695.1
GCF_001616715.1_prophage_5,14,GCF_001616715.1
GCF_001617025.1_prophage_2,8,GCF_001617025.1
GCF_001618345.2_prophage_4,1,GCF_001618345.2
GCF_001618345.2_prophage_5,1,GCF_001618345.2
GCF_001618365.1_prophage_1,1,GCF_001618365.1
GCF_001619075.1_prophage_3,20,GCF_001619075.1
GCF_001621245.1_prophage_5,3,GCF_001621245.1
GCF_001621515.1_prophage_3,3,GCF_001621515.1
GCF_001621565.1_prophage_4,3,GCF_001621565.1
GCF_001621675.1_prophage_1,20,GCF_001621675.1
GCF_001621805.1_prophage_4,15,GCF_001621805.1
GCF_001622045.1_prophage_6,19,GCF_001622045.1
GCF_001637625.1_prophage_4,20,GCF_001637625.1
GCF_001637705.1_prophage_4,13,GCF_001637705.1
GCF_001637905.1_prophage_2,15,GCF_001637905.1
GCF_001637985.1_prophage_2,13,GCF_001637985.1
GCF_001638025.1_prophage_5,20,GCF_001638025.1
GCF_001638045.1_prophage_6,19,GCF_001638045.1
GCF_001638055.1_prophage_2,19,GCF_001638055.1
GCF_001638055.1_prophage_4,16,GCF_001638055.1
GCF_001638065.1_prophage_7,10,GCF_001638065.1
GCF_001638205.1_prophage_1,1,GCF_001638205.1
GCF_001638225.1_prophage_5,1,GCF_001638225.1
GCF_001640145.1_prophage_6,17,GCF_001640145.1
GCF_001640245.1_prophage_3,15,GCF_001640245.1
GCF_001641555.1_prophage_4,7,GCF_001641555.1
GCF_001642295.1_prophage_3,11,GCF_001642295.1
GCF_001644745.1_prophage_4,1,GCF_001644745.1
GCF_001645225.1_prophage_3,2,GCF_001645225.1
GCF_001647345.1_prophage_3,10,GCF_001647345.1
GCF_001650295.1_prophage_18,2,GCF_001650295.1
GCF_001650295.1_prophage_2,15,GCF_001650295.1
GCF_001650505.1_prophage_2,15,GCF_001650505.1
GCF_001650505.1_prophage_3,15,GCF_001650505.1
GCF_001650585.1_prophage_4,4,GCF_001650585.1
GCF_001650605.1_prophage_8,20,GCF_001650605.1
GCF_001651685.1_prophage_4,2,GCF_001651685.1
GCF_001651725.1_prophage_2,12,GCF_001651725.1
GCF_001651925.2_prophage_3,1,GCF_001651925.2
GCF_001651965.2_prophage_1,8,GCF_001651965.2
GCF_001652805.1_prophage_2,13,GCF_001652805.1
GCF_001657505.1_prophage_5,13,GCF_001657505.1
GCF_001660195.1_prophage_7,6,GCF_001660195.1
GCF_001660325.1_prophage_6,15,GCF_001660325.1
GCF_001677475.2_prophage_7,2,GCF_001677475.2
GCF_001677495.1_prophage_11,2,GCF_001677495.1
GCF_001677515.1_prophage_9,20,GCF_001677515.1
GCF_001677625.2_prophage_4,3,GCF_001677625.2
GCF_001677635.2_prophage_7,9,GCF_001677635.2
GCF_001677805.2_prophage_6,12,GCF_001677805.2
GCF_001677855.2_prophage_5,13,GCF_001677855.2
GCF_001678925.1_prophage_3,1,GCF_001678925.1
GCF_001678965.1_prophage_13,15,GCF_001678965.1
GCF_001693315.1_prophage_5,9,GCF_001693315.1
GCF_001695515.1_prophage_14,13,GCF_001695515.1
GCF_001695515.1_prophage_8,2,GCF_001695515.1
GCF_001700025.1_prophage_3,20,GCF_001700025.1
GCF_001700095.1_prophage_2,11,GCF_001700095.1
GCF_001700095.1_prophage_3,10,GCF_001700095.1
GCF_001700105.1_prophage_2,13,GCF_001700105.1
GCF_001713575.1_prophage_1,3,GCF_001713575.1
GCF_001713585.1_prophage_2,8,GCF_001713585.1
GCF_001721125.1_prophage_15,20,GCF_001721125.1
GCF_001721225.1_prophage_2,2,GCF_001721225.1
GCF_001749065.1_prophage_6,10,GCF_001749065.1
GCF_001749205.1_prophage_5,18,GCF_001749205.1
GCF_001749225.1_prophage_2,10,GCF_001749225.1
GCF_001749235.1_prophage_1,2,GCF_001749235.1
GCF_001749375.1_prophage_3,13,GCF_001749375.1
GCF_001749625.1_prophage_6,13,GCF_001749625.1
GCF_001753485.1_prophage_5,2,GCF_001753485.1
GCF_001753505.1_prophage_13,1,GCF_001753505.1
GCF_001753545.1_prophage_9,2,GCF_001753545.1
GCF_001753565.1_prophage_13,1,GCF_001753565.1
GCF_001806285.1_prophage_13,2,GCF_001806285.1
GCF_001865195.1_prophage_3,5,GCF_001865195.1
GCF_001865295.1_prophage_10,2,GCF_001865295.1
GCF_001865295.1_prophage_12,2,GCF_001865295.1
GCF_001865295.1_prophage_5,3,GCF_001865295.1
GCF_001878695.1_prophage_1,1,GCF_001878695.1
GCF_001881055.1_prophage_3,8,GCF_001881055.1
GCF_001881145.1_prophage_2,12,GCF_001881145.1
GCF_001881275.1_prophage_1,3,GCF_001881275.1
GCF_001881315.1_prophage_5,1,GCF_001881315.1
GCF_001881385.1_prophage_1,1,GCF_001881385.1
GCF_001881425.1_prophage_6,13,GCF_001881425.1
GCF_001881435.1_prophage_9,18,GCF_001881435.1
GCF_001881605.1_prophage_1,3,GCF_001881605.1
GCF_001884785.1_prophage_4,2,GCF_001884785.1
GCF_001886935.1_prophage_2,2,GCF_001886935.1
GCF_001890205.1_prophage_12,15,GCF_001890205.1
GCF_001890225.1_prophage_6,1,GCF_001890225.1
GCF_001890245.1_prophage_17,1,GCF_001890245.1
GCF_001890265.1_prophage_13,1,GCF_001890265.1
GCF_001890265.1_prophage_7,2,GCF_001890265.1
GCF_001890265.1_prophage_8,2,GCF_001890265.1
GCF_001891225.1_prophage_2,12,GCF_001891225.1
GCF_001891305.1_prophage_2,12,GCF_001891305.1
GCF_001891315.1_prophage_1,4,GCF_001891315.1
GCF_001891535.1_prophage_2,20,GCF_001891535.1
GCF_001891605.1_prophage_1,8,GCF_001891605.1
GCF_001891685.1_prophage_3,20,GCF_001891685.1
GCF_001891725.1_prophage_2,2,GCF_001891725.1
GCF_001891865.1_prophage_9,17,GCF_001891865.1
GCF_001891925.1_prophage_4,17,GCF_001891925.1
GCF_001892045.1_prophage_2,1,GCF_001892045.1
GCF_001892065.1_prophage_1,1,GCF_001892065.1
GCF_001892065.1_prophage_2,2,GCF_001892065.1
GCF_001892215.1_prophage_3,2,GCF_001892215.1
GCF_001892325.1_prophage_3,1,GCF_001892325.1
GCF_001892365.1_prophage_4,1,GCF_001892365.1
GCF_001892405.1_prophage_1,17,GCF_001892405.1
GCF_001892425.1_prophage_6,8,GCF_001892425.1
GCF_001892485.1_prophage_3,4,GCF_001892485.1
GCF_001892585.1_prophage_4,15,GCF_001892585.1
GCF_001892645.1_prophage_1,1,GCF_001892645.1
GCF_001892795.1_prophage_3,1,GCF_001892795.1
GCF_001892905.1_prophage_2,17,GCF_001892905.1
GCF_001893285.1_prophage_6,17,GCF_001893285.1
GCF_001893685.1_prophage_3,1,GCF_001893685.1
GCF_001893765.1_prophage_1,20,GCF_001893765.1
GCF_001893765.1_prophage_6,7,GCF_001893765.1
GCF_001893785.1_prophage_3,17,GCF_001893785.1
GCF_001894065.1_prophage_5,2,GCF_001894065.1
GCF_001894245.1_prophage_1,1,GCF_001894245.1
GCF_001894255.1_prophage_2,20,GCF_001894255.1
GCF_001894645.1_prophage_3,1,GCF_001894645.1
GCF_001900335.1_prophage_1,13,GCF_001900335.1
GCF_001900415.1_prophage_2,14,GCF_001900415.1
GCF_001900435.1_prophage_5,14,GCF_001900435.1
GCF_001900515.1_prophage_5,15,GCF_001900515.1
GCF_001900655.1_prophage_1,8,GCF_001900655.1
GCF_001900655.1_prophage_3,14,GCF_001900655.1
GCF_001900655.1_prophage_6,8,GCF_001900655.1
GCF_001900795.1_prophage_3,14,GCF_001900795.1
GCF_001901005.1_prophage_1,14,GCF_001901005.1
GCF_001901005.1_prophage_2,1,GCF_001901005.1
GCF_001901425.1_prophage_7,16,GCF_001901425.1
GCF_001902685.1_prophage_9,15,GCF_001902685.1
GCF_001902735.1_prophage_5,9,GCF_001902735.1
GCF_001909105.1_prophage_2,8,GCF_001909105.1
GCF_001910855.1_prophage_2,14,GCF_001910855.1
GCF_001910925.1_prophage_11,14,GCF_001910925.1
GCF_001910925.1_prophage_5,14,GCF_001910925.1
GCF_001910935.1_prophage_6,7,GCF_001910935.1
GCF_001911095.1_prophage_3,14,GCF_001911095.1
GCF_001911095.1_prophage_5,1,GCF_001911095.1
GCF_001911145.1_prophage_4,8,GCF_001911145.1
GCF_001911405.1_prophage_3,1,GCF_001911405.1
GCF_001911485.1_prophage_3,2,GCF_001911485.1
GCF_001911545.1_prophage_6,20,GCF_001911545.1
GCF_001911585.1_prophage_3,3,GCF_001911585.1
GCF_001911635.1_prophage_6,8,GCF_001911635.1
GCF_001911675.1_prophage_3,3,GCF_001911675.1
GCF_001911695.1_prophage_5,5,GCF_001911695.1
GCF_001911745.1_prophage_4,16,GCF_001911745.1
GCF_001911905.1_prophage_1,5,GCF_001911905.1
GCF_001911935.1_prophage_2,4,GCF_001911935.1
GCF_001911985.1_prophage_1,1,GCF_001911985.1
GCF_001911985.1_prophage_5,3,GCF_001911985.1
GCF_001912085.1_prophage_4,12,GCF_001912085.1
GCF_001912235.1_prophage_3,2,GCF_001912235.1
GCF_001912275.1_prophage_2,12,GCF_001912275.1
GCF_001912425.1_prophage_2,1,GCF_001912425.1
GCF_001912475.1_prophage_4,2,GCF_001912475.1
GCF_001912485.1_prophage_1,8,GCF_001912485.1
GCF_001912525.1_prophage_4,4,GCF_001912525.1
GCF_001912675.1_prophage_4,17,GCF_001912675.1
GCF_001939185.1_prophage_11,1,GCF_001939185.1
GCF_001970045.1_prophage_3,2,GCF_001970045.1
GCF_001970075.1_prophage_7,2,GCF_001970075.1
GCF_001970105.1_prophage_4,15,GCF_001970105.1
GCF_001990545.2_prophage_6,15,GCF_001990545.2
GCF_001990865.1_prophage_2,7,GCF_001990865.1
GCF_001994955.1_prophage_1,15,GCF_001994955.1
GCF_001994975.1_prophage_9,15,GCF_001994975.1
GCF_002001715.1_prophage_3,1,GCF_002001715.1
GCF_002001845.1_prophage_2,9,GCF_002001845.1
GCF_002002045.1_prophage_2,3,GCF_002002045.1
GCF_002002045.1_prophage_6,7,GCF_002002045.1
GCF_002002055.1_prophage_2,11,GCF_002002055.1
GCF_002002285.1_prophage_4,12,GCF_002002285.1
GCF_002002325.1_prophage_1,17,GCF_002002325.1
GCF_002002545.1_prophage_3,4,GCF_002002545.1
GCF_002006965.1_prophage_2,2,GCF_002006965.1
GCF_002011965.1_prophage_4,18,GCF_002011965.1
GCF_002012025.1_prophage_9,18,GCF_002012025.1
GCF_002012165.1_prophage_7,20,GCF_002012165.1
GCF_002012305.1_prophage_7,20,GCF_002012305.1
GCF_002015195.1_prophage_1,3,GCF_002015195.1
GCF_002015255.1_prophage_5,17,GCF_002015255.1
GCF_002015255.1_prophage_6,12,GCF_002015255.1
GCF_002015355.1_prophage_6,12,GCF_002015355.1
GCF_002015375.1_prophage_1,16,GCF_002015375.1
GCF_002015385.1_prophage_3,12,GCF_002015385.1
GCF_002015435.1_prophage_4,4,GCF_002015435.1
GCF_002015455.1_prophage_3,12,GCF_002015455.1
GCF_002015455.1_prophage_6,12,GCF_002015455.1
GCF_002015625.1_prophage_3,4,GCF_002015625.1
GCF_002015775.1_prophage_2,15,GCF_002015775.1
GCF_002015775.1_prophage_6,16,GCF_002015775.1
GCF_002015815.1_prophage_3,11,GCF_002015815.1
GCF_002015855.1_prophage_6,16,GCF_002015855.1
GCF_002015875.1_prophage_4,7,GCF_002015875.1
GCF_002015885.1_prophage_8,20,GCF_002015885.1
GCF_002015935.1_prophage_3,3,GCF_002015935.1
GCF_002015935.1_prophage_5,16,GCF_002015935.1
GCF_002015965.1_prophage_2,16,GCF_002015965.1
GCF_002016195.1_prophage_5,16,GCF_002016195.1
GCF_002016355.1_prophage_3,10,GCF_002016355.1
GCF_002016375.1_prophage_2,10,GCF_002016375.1
GCF_002016465.1_prophage_4,10,GCF_002016465.1
GCF_002016465.1_prophage_9,14,GCF_002016465.1
GCF_002016475.1_prophage_1,20,GCF_002016475.1
GCF_002016475.1_prophage_3,8,GCF_002016475.1
GCF_002018425.2_prophage_1,8,GCF_002018425.2
GCF_002018815.2_prophage_2,1,GCF_002018815.2
GCF_002028705.1_prophage_4,10,GCF_002028705.1
GCF_002028825.1_prophage_10,11,GCF_002028825.1
GCF_002028865.1_prophage_2,3,GCF_002028865.1
GCF_002028945.1_prophage_3,1,GCF_002028945.1
GCF_002029115.1_prophage_1,2,GCF_002029115.1
GCF_002056635.1_prophage_1,19,GCF_002056635.1
GCF_002056635.1_prophage_6,20,GCF_002056635.1
GCF_002057245.1_prophage_13,20,GCF_002057245.1
GCF_002058765.1_prophage_4,5,GCF_002058765.1
GCF_002075175.1_prophage_5,6,GCF_002075175.1
GCF_002075265.1_prophage_2,20,GCF_002075265.1
GCF_002075265.1_prophage_7,8,GCF_002075265.1
GCF_002075265.1_prophage_8,6,GCF_002075265.1
GCF_002077195.1_prophage_2,1,GCF_002077195.1
GCF_002080555.1_prophage_3,3,GCF_002080555.1
GCF_002080595.1_prophage_5,11,GCF_002080595.1
GCF_002080635.1_prophage_3,10,GCF_002080635.1
GCF_002087535.1_prophage_3,1,GCF_002087535.1
GCF_002087565.1_prophage_6,13,GCF_002087565.1
GCF_002087575.1_prophage_2,11,GCF_002087575.1
GCF_002087615.1_prophage_5,11,GCF_002087615.1
GCF_002099555.1_prophage_1,17,GCF_002099555.1
GCF_002099625.1_prophage_9,7,GCF_002099625.1
GCF_002099715.1_prophage_4,20,GCF_002099715.1
GCF_002099805.1_prophage_4,13,GCF_002099805.1
GCF_002104645.1_prophage_2,1,GCF_002104645.1
GCF_002109605.1_prophage_3,5,GCF_002109605.1
GCF_002109615.1_prophage_4,1,GCF_002109615.1
GCF_002109685.1_prophage_2,12,GCF_002109685.1
GCF_002109745.1_prophage_1,14,GCF_002109745.1
GCF_002110005.1_prophage_4,8,GCF_002110005.1
GCF_002110025.1_prophage_1,20,GCF_002110025.1
GCF_002110025.1_prophage_2,3,GCF_002110025.1
GCF_002110065.1_prophage_5,20,GCF_002110065.1
GCF_002110175.1_prophage_7,20,GCF_002110175.1
GCF_002111485.1_prophage_2,8,GCF_002111485.1
GCF_002116545.1_prophage_1,17,GCF_002116545.1
GCF_002116555.1_prophage_1,20,GCF_002116555.1
GCF_002116715.2_prophage_3,3,GCF_002116715.2
GCF_002120205.1_prophage_8,19,GCF_002120205.1
GCF_002133425.1_prophage_3,3,GCF_002133425.1
GCF_002133445.1_prophage_6,12,GCF_002133445.1
GCF_002133535.1_prophage_1,12,GCF_002133535.1
GCF_002133605.1_prophage_5,16,GCF_002133605.1
GCF_002133665.1_prophage_2,6,GCF_002133665.1
GCF_002133845.1_prophage_6,4,GCF_002133845.1
GCF_002133905.1_prophage_1,1,GCF_002133905.1
GCF_002133905.1_prophage_2,14,GCF_002133905.1
GCF_002134105.1_prophage_2,13,GCF_002134105.1
GCF_002134145.1_prophage_4,17,GCF_002134145.1
GCF_002134325.1_prophage_6,11,GCF_002134325.1
GCF_002134395.1_prophage_3,20,GCF_002134395.1
GCF_002134525.1_prophage_9,1,GCF_002134525.1
GCF_002134625.1_prophage_5,7,GCF_002134625.1
GCF_002134645.1_prophage_11,15,GCF_002134645.1
GCF_002134645.1_prophage_7,8,GCF_002134645.1
GCF_002134765.2_prophage_4,5,GCF_002134765.2
GCF_002142365.1_prophage_2,15,GCF_002142365.1
GCF_002142445.1_prophage_4,2,GCF_002142445.1
GCF_002142675.1_prophage_4,13,GCF_002142675.1
GCF_002144185.1_prophage_7,12,GCF_002144185.1
GCF_002152075.1_prophage_6,19,GCF_002152075.1
GCF_002153005.1_prophage_8,13,GCF_002153005.1
GCF_002154285.1_prophage_1,2,GCF_002154285.1
GCF_002154805.1_prophage_3,8,GCF_002154805.1
GCF_002155455.1_prophage_1,17,GCF_002155455.1
GCF_002155515.1_prophage_4,7,GCF_002155515.1
GCF_002155565.1_prophage_1,3,GCF_002155565.1
GCF_002155585.1_prophage_1,17,GCF_002155585.1
GCF_002155595.1_prophage_2,2,GCF_002155595.1
GCF_002155825.1_prophage_1,13,GCF_002155825.1
GCF_002155845.1_prophage_7,13,GCF_002155845.1
GCF_002156825.1_prophage_10,2,GCF_002156825.1
GCF_002156825.1_prophage_11,2,GCF_002156825.1
GCF_002156825.1_prophage_15,2,GCF_002156825.1
GCF_002156825.1_prophage_9,15,GCF_002156825.1
GCF_002163935.1_prophage_3,8,GCF_002163935.1
GCF_002164435.1_prophage_3,16,GCF_002164435.1
GCF_002164535.1_prophage_3,10,GCF_002164535.1
GCF_002164635.4_prophage_3,2,GCF_002164635.4
GCF_002164645.3_prophage_2,13,GCF_002164645.3
GCF_002164955.1_prophage_1,17,GCF_002164955.1
GCF_002165005.1_prophage_1,13,GCF_002165005.1
GCF_002165095.2_prophage_2,1,GCF_002165095.2
GCF_002165955.1_prophage_1,15,GCF_002165955.1
GCF_002166075.1_prophage_1,10,GCF_002166075.1
GCF_002173255.1_prophage_3,12,GCF_002173255.1
GCF_002173265.1_prophage_1,3,GCF_002173265.1
GCF_002173265.1_prophage_6,20,GCF_002173265.1
GCF_002173285.1_prophage_6,14,GCF_002173285.1
GCF_002173335.1_prophage_1,19,GCF_002173335.1
GCF_002173335.1_prophage_4,16,GCF_002173335.1
GCF_002173355.1_prophage_1,2,GCF_002173355.1
GCF_002175545.1_prophage_5,16,GCF_002175545.1
GCF_002175645.1_prophage_3,16,GCF_002175645.1
GCF_002175715.1_prophage_5,13,GCF_002175715.1
GCF_002175795.1_prophage_2,13,GCF_002175795.1
GCF_002176015.1_prophage_1,7,GCF_002176015.1
GCF_002176025.1_prophage_4,20,GCF_002176025.1
GCF_002176215.1_prophage_3,13,GCF_002176215.1
GCF_002176385.1_prophage_3,16,GCF_002176385.1
GCF_002176435.1_prophage_2,7,GCF_002176435.1
GCF_002180195.1_prophage_1,15,GCF_002180195.1
GCF_002181625.1_prophage_9,10,GCF_002181625.1
GCF_002189825.1_prophage_4,14,GCF_002189825.1
GCF_002190275.1_prophage_2,14,GCF_002190275.1
GCF_002190715.1_prophage_4,17,GCF_002190715.1
GCF_002190785.1_prophage_4,8,GCF_002190785.1
GCF_002190815.1_prophage_2,12,GCF_002190815.1
GCF_002190865.1_prophage_4,6,GCF_002190865.1
GCF_002191075.1_prophage_5,13,GCF_002191075.1
GCF_002191105.1_prophage_2,13,GCF_002191105.1
GCF_002192275.1_prophage_2,17,GCF_002192275.1
GCF_002193095.1_prophage_1,19,GCF_002193095.1
GCF_002194595.1_prophage_4,16,GCF_002194595.1
GCF_002194695.1_prophage_2,16,GCF_002194695.1
GCF_002194955.1_prophage_5,16,GCF_002194955.1
GCF_002194965.1_prophage_1,15,GCF_002194965.1
GCF_002195055.1_prophage_2,13,GCF_002195055.1
GCF_002195195.1_prophage_1,15,GCF_002195195.1
GCF_002195265.1_prophage_4,16,GCF_002195265.1
GCF_002195525.1_prophage_2,13,GCF_002195525.1
GCF_002195535.1_prophage_3,13,GCF_002195535.1
GCF_002195595.1_prophage_5,16,GCF_002195595.1
GCF_002195615.1_prophage_2,16,GCF_002195615.1
GCF_002195615.1_prophage_3,15,GCF_002195615.1
GCF_002195725.1_prophage_1,13,GCF_002195725.1
GCF_002195815.1_prophage_2,13,GCF_002195815.1
GCF_002195905.1_prophage_1,13,GCF_002195905.1
GCF_002196035.1_prophage_3,5,GCF_002196035.1
GCF_002196495.1_prophage_2,12,GCF_002196495.1
GCF_002196645.1_prophage_3,4,GCF_002196645.1
GCF_002202175.1_prophage_4,15,GCF_002202175.1
GCF_002202175.1_prophage_5,18,GCF_002202175.1
GCF_002205945.1_prophage_1,20,GCF_002205945.1
GCF_002206705.1_prophage_1,14,GCF_002206705.1
GCF_002206845.1_prophage_1,4,GCF_002206845.1
GCF_002207045.1_prophage_3,20,GCF_002207045.1
GCF_002207145.1_prophage_3,12,GCF_002207145.1
GCF_002207165.1_prophage_3,10,GCF_002207165.1
GCF_002207165.1_prophage_4,2,GCF_002207165.1
GCF_002207465.1_prophage_6,3,GCF_002207465.1
GCF_002207565.1_prophage_1,20,GCF_002207565.1
GCF_002207645.1_prophage_2,8,GCF_002207645.1
GCF_002207725.1_prophage_7,13,GCF_002207725.1
GCF_002208025.1_prophage_1,5,GCF_002208025.1
GCF_002208865.2_prophage_15,2,GCF_002208865.2
GCF_002214205.1_prophage_4,1,GCF_002214205.1
GCF_002216975.1_prophage_1,3,GCF_002216975.1
GCF_002216985.1_prophage_1,10,GCF_002216985.1
GCF_002217145.1_prophage_1,1,GCF_002217145.1
GCF_002222945.1_prophage_7,14,GCF_002222945.1
GCF_002223735.1_prophage_5,1,GCF_002223735.1
GCF_002223855.1_prophage_6,16,GCF_002223855.1
GCF_002223905.1_prophage_4,20,GCF_002223905.1
GCF_002223985.1_prophage_5,7,GCF_002223985.1
GCF_002225655.1_prophage_2,4,GCF_002225655.1
GCF_002225655.1_prophage_3,11,GCF_002225655.1
GCF_002225815.1_prophage_9,20,GCF_002225815.1
GCF_002225885.1_prophage_2,7,GCF_002225885.1
GCF_002226155.1_prophage_3,20,GCF_002226155.1
GCF_002226195.1_prophage_2,12,GCF_002226195.1
GCF_002226325.1_prophage_3,14,GCF_002226325.1
GCF_002226325.1_prophage_4,1,GCF_002226325.1
GCF_002226395.1_prophage_6,10,GCF_002226395.1
GCF_002226535.1_prophage_7,13,GCF_002226535.1
GCF_002226545.1_prophage_1,14,GCF_002226545.1
GCF_002226715.1_prophage_4,1,GCF_002226715.1
GCF_002226735.1_prophage_5,5,GCF_002226735.1
GCF_002226815.1_prophage_10,14,GCF_002226815.1
GCF_002226815.1_prophage_4,13,GCF_002226815.1
GCF_002226895.1_prophage_1,7,GCF_002226895.1
GCF_002226895.1_prophage_5,17,GCF_002226895.1
GCF_002226975.1_prophage_3,13,GCF_002226975.1
GCF_002227115.1_prophage_3,17,GCF_002227115.1
GCF_002227115.1_prophage_5,20,GCF_002227115.1
GCF_002227305.1_prophage_7,16,GCF_002227305.1
GCF_002227425.1_prophage_3,5,GCF_002227425.1
GCF_002227615.1_prophage_4,3,GCF_002227615.1
GCF_002227665.1_prophage_1,10,GCF_002227665.1
GCF_002227795.1_prophage_4,14,GCF_002227795.1
GCF_002227865.1_prophage_7,13,GCF_002227865.1
GCF_002227875.1_prophage_1,15,GCF_002227875.1
GCF_002228375.1_prophage_1,7,GCF_002228375.1
GCF_002228395.1_prophage_10,3,GCF_002228395.1
GCF_002228395.1_prophage_3,20,GCF_002228395.1
GCF_002228485.1_prophage_1,8,GCF_002228485.1
GCF_002228625.1_prophage_1,16,GCF_002228625.1
GCF_002228865.1_prophage_3,9,GCF_002228865.1
GCF_002228955.1_prophage_3,6,GCF_002228955.1
GCF_002228955.1_prophage_6,13,GCF_002228955.1
GCF_002229085.1_prophage_3,20,GCF_002229085.1
GCF_002229155.1_prophage_4,12,GCF_002229155.1
GCF_002229215.1_prophage_4,20,GCF_002229215.1
GCF_002229235.1_prophage_1,14,GCF_002229235.1
GCF_002229375.1_prophage_5,2,GCF_002229375.1
GCF_002229465.1_prophage_1,20,GCF_002229465.1
GCF_002230065.1_prophage_8,13,GCF_002230065.1
GCF_002230095.1_prophage_3,20,GCF_002230095.1
GCF_002230295.1_prophage_1,15,GCF_002230295.1
GCF_002230405.1_prophage_3,2,GCF_002230405.1
GCF_002230465.1_prophage_2,17,GCF_002230465.1
GCF_002230535.1_prophage_3,14,GCF_002230535.1
GCF_002230635.1_prophage_8,16,GCF_002230635.1
GCF_002230915.1_prophage_7,13,GCF_002230915.1
GCF_002230995.1_prophage_5,15,GCF_002230995.1
GCF_002231015.1_prophage_4,7,GCF_002231015.1
GCF_002231025.1_prophage_6,3,GCF_002231025.1
GCF_002231075.1_prophage_4,4,GCF_002231075.1
GCF_002231255.1_prophage_1,20,GCF_002231255.1
GCF_002231365.1_prophage_5,2,GCF_002231365.1
GCF_002231555.1_prophage_3,13,GCF_002231555.1
GCF_002231645.1_prophage_5,14,GCF_002231645.1
GCF_002231885.1_prophage_1,11,GCF_002231885.1
GCF_002232095.1_prophage_6,14,GCF_002232095.1
GCF_002232175.1_prophage_1,1,GCF_002232175.1
GCF_002232355.1_prophage_1,20,GCF_002232355.1
GCF_002232435.1_prophage_3,14,GCF_002232435.1
GCF_002232435.1_prophage_5,8,GCF_002232435.1
GCF_002232555.1_prophage_3,20,GCF_002232555.1
GCF_002232565.1_prophage_2,12,GCF_002232565.1
GCF_002232655.1_prophage_1,4,GCF_002232655.1
GCF_002232675.1_prophage_8,20,GCF_002232675.1
GCF_002232895.1_prophage_2,1,GCF_002232895.1
GCF_002232935.1_prophage_1,16,GCF_002232935.1
GCF_002232975.1_prophage_3,12,GCF_002232975.1
GCF_002233075.1_prophage_1,15,GCF_002233075.1
GCF_002233105.1_prophage_3,14,GCF_002233105.1
GCF_002233295.1_prophage_4,17,GCF_002233295.1
GCF_002233375.1_prophage_1,2,GCF_002233375.1
GCF_002239795.1_prophage_1,19,GCF_002239795.1
GCF_002240945.1_prophage_1,11,GCF_002240945.1
GCF_002240945.1_prophage_4,8,GCF_002240945.1
GCF_002243735.1_prophage_1,1,GCF_002243735.1
GCF_002244045.1_prophage_1,1,GCF_002244045.1
GCF_002244165.1_prophage_1,8,GCF_002244165.1
GCF_002244205.1_prophage_2,11,GCF_002244205.1
GCF_002244235.1_prophage_2,20,GCF_002244235.1
GCF_002244355.1_prophage_3,1,GCF_002244355.1
GCF_002244745.1_prophage_1,8,GCF_002244745.1
GCF_002244885.1_prophage_1,20,GCF_002244885.1
GCF_002244885.1_prophage_2,20,GCF_002244885.1
GCF_002246495.2_prophage_1,20,GCF_002246495.2
GCF_002246515.1_prophage_1,20,GCF_002246515.1
GCF_002247945.1_prophage_2,20,GCF_002247945.1
GCF_002247965.2_prophage_6,2,GCF_002247965.2
GCF_002248225.1_prophage_3,10,GCF_002248225.1
GCF_002248905.1_prophage_6,8,GCF_002248905.1
GCF_002249645.1_prophage_1,20,GCF_002249645.1
GCF_002263705.1_prophage_5,13,GCF_002263705.1
GCF_002263825.1_prophage_5,14,GCF_002263825.1
GCF_002263955.1_prophage_2,13,GCF_002263955.1
GCF_002263975.1_prophage_2,20,GCF_002263975.1
GCF_002265155.1_prophage_3,7,GCF_002265155.1
GCF_002270165.1_prophage_4,1,GCF_002270165.1
GCF_002270245.1_prophage_3,13,GCF_002270245.1
GCF_002277105.1_prophage_1,11,GCF_002277105.1
GCF_002283335.1_prophage_1,10,GCF_002283335.1
GCF_002283415.1_prophage_1,10,GCF_002283415.1
GCF_002284685.1_prophage_8,13,GCF_002284685.1
GCF_002284745.1_prophage_2,3,GCF_002284745.1
GCF_002284745.1_prophage_5,11,GCF_002284745.1
GCF_002285755.1_prophage_5,12,GCF_002285755.1
GCF_002286455.1_prophage_5,15,GCF_002286455.1
GCF_002286525.1_prophage_5,4,GCF_002286525.1
GCF_002286535.1_prophage_2,15,GCF_002286535.1
GCF_002290415.1_prophage_1,3,GCF_002290415.1
GCF_002290945.1_prophage_1,8,GCF_002290945.1
GCF_002291105.1_prophage_5,11,GCF_002291105.1
GCF_002291105.1_prophage_6,10,GCF_002291105.1
GCF_002302315.1_prophage_6,14,GCF_002302315.1
GCF_002310735.1_prophage_4,20,GCF_002310735.1
GCF_002317645.1_prophage_2,11,GCF_002317645.1
GCF_002317775.1_prophage_4,3,GCF_002317775.1
GCF_002317955.1_prophage_1,15,GCF_002317955.1
GCF_002319335.1_prophage_8,2,GCF_002319335.1
GCF_002319385.1_prophage_2,10,GCF_002319385.1
GCF_002319475.1_prophage_4,20,GCF_002319475.1
GCF_002319485.1_prophage_4,8,GCF_002319485.1
GCF_002319565.1_prophage_1,9,GCF_002319565.1
GCF_002319615.1_prophage_3,1,GCF_002319615.1
GCF_002319625.1_prophage_3,11,GCF_002319625.1
GCF_002319645.1_prophage_2,11,GCF_002319645.1
GCF_002319735.1_prophage_4,2,GCF_002319735.1
GCF_002324105.1_prophage_1,15,GCF_002324105.1
GCF_002324155.1_prophage_1,17,GCF_002324155.1
GCF_002324435.1_prophage_4,20,GCF_002324435.1
GCF_002324535.1_prophage_6,15,GCF_002324535.1
GCF_002324595.1_prophage_1,10,GCF_002324595.1
GCF_002324625.1_prophage_1,12,GCF_002324625.1
GCF_002324695.1_prophage_2,1,GCF_002324695.1
GCF_002326995.1_prophage_3,15,GCF_002326995.1
GCF_002379215.1_prophage_5,20,GCF_002379215.1
GCF_002379295.1_prophage_1,6,GCF_002379295.1
GCF_002379295.1_prophage_3,20,GCF_002379295.1
GCF_002379295.1_prophage_5,20,GCF_002379295.1
GCF_002393365.1_prophage_5,12,GCF_002393365.1
GCF_002407385.1_prophage_4,1,GCF_002407385.1
GCF_002416785.1_prophage_4,18,GCF_002416785.1
GCF_002441995.1_prophage_2,1,GCF_002441995.1
GCF_002442165.1_prophage_3,20,GCF_002442165.1
GCF_002442245.1_prophage_1,13,GCF_002442245.1
GCF_002442245.1_prophage_3,1,GCF_002442245.1
GCF_002442325.1_prophage_5,3,GCF_002442325.1
GCF_002442365.1_prophage_1,1,GCF_002442365.1
GCF_002442395.1_prophage_5,10,GCF_002442395.1
GCF_002456195.1_prophage_2,14,GCF_002456195.1
GCF_002456235.1_prophage_4,12,GCF_002456235.1
GCF_002456425.1_prophage_1,1,GCF_002456425.1
GCF_002456425.1_prophage_4,13,GCF_002456425.1
GCF_002456555.1_prophage_3,2,GCF_002456555.1
GCF_002456625.1_prophage_1,3,GCF_002456625.1
GCF_002456625.1_prophage_3,8,GCF_002456625.1
GCF_002456695.1_prophage_1,19,GCF_002456695.1
GCF_002456785.1_prophage_1,12,GCF_002456785.1
GCF_002456895.1_prophage_5,3,GCF_002456895.1
GCF_002457965.1_prophage_1,4,GCF_002457965.1
GCF_002458245.1_prophage_3,15,GCF_002458245.1
GCF_002458395.1_prophage_3,13,GCF_002458395.1
GCF_002458455.1_prophage_8,20,GCF_002458455.1
GCF_002458555.1_prophage_2,1,GCF_002458555.1
GCF_002458705.1_prophage_3,16,GCF_002458705.1
GCF_002458705.1_prophage_4,9,GCF_002458705.1
GCF_002458715.1_prophage_1,12,GCF_002458715.1
GCF_002458785.1_prophage_1,4,GCF_002458785.1
GCF_002458855.1_prophage_5,13,GCF_002458855.1
GCF_002459005.1_prophage_1,4,GCF_002459005.1
GCF_002459045.1_prophage_3,1,GCF_002459045.1
GCF_002459195.1_prophage_2,10,GCF_002459195.1
GCF_002459195.1_prophage_7,15,GCF_002459195.1
GCF_002459225.1_prophage_1,4,GCF_002459225.1
GCF_002459345.1_prophage_2,12,GCF_002459345.1
GCF_002459525.1_prophage_5,3,GCF_002459525.1
GCF_002459545.1_prophage_5,6,GCF_002459545.1
GCF_002459875.1_prophage_5,15,GCF_002459875.1
GCF_002459915.1_prophage_6,12,GCF_002459915.1
GCF_002459925.1_prophage_6,3,GCF_002459925.1
GCF_002460155.1_prophage_2,6,GCF_002460155.1
GCF_002460165.1_prophage_2,12,GCF_002460165.1
GCF_002460245.1_prophage_4,9,GCF_002460245.1
GCF_002460315.1_prophage_2,17,GCF_002460315.1
GCF_002460345.1_prophage_5,12,GCF_002460345.1
GCF_002460535.1_prophage_2,7,GCF_002460535.1
GCF_002460645.1_prophage_1,3,GCF_002460645.1
GCF_002460795.1_prophage_3,15,GCF_002460795.1
GCF_002460805.1_prophage_3,13,GCF_002460805.1
GCF_002460805.1_prophage_6,6,GCF_002460805.1
GCF_002460865.1_prophage_7,16,GCF_002460865.1
GCF_002460875.1_prophage_1,13,GCF_002460875.1
GCF_002460955.1_prophage_4,15,GCF_002460955.1
GCF_002461305.1_prophage_2,6,GCF_002461305.1
GCF_002461545.1_prophage_3,15,GCF_002461545.1
GCF_002461885.1_prophage_2,11,GCF_002461885.1
GCF_002462115.1_prophage_5,17,GCF_002462115.1
GCF_002462195.1_prophage_1,16,GCF_002462195.1
GCF_002462735.1_prophage_4,15,GCF_002462735.1
GCF_002462865.1_prophage_3,1,GCF_002462865.1
GCF_002462935.1_prophage_6,13,GCF_002462935.1
GCF_002462995.1_prophage_3,3,GCF_002462995.1
GCF_002462995.1_prophage_5,6,GCF_002462995.1
GCF_002463085.1_prophage_2,13,GCF_002463085.1
GCF_002463135.1_prophage_2,20,GCF_002463135.1
GCF_002463285.1_prophage_5,7,GCF_002463285.1
GCF_002463495.1_prophage_5,4,GCF_002463495.1
GCF_002463525.1_prophage_3,2,GCF_002463525.1
GCF_002463555.1_prophage_3,19,GCF_002463555.1
GCF_002463705.1_prophage_2,10,GCF_002463705.1
GCF_002463805.1_prophage_1,3,GCF_002463805.1
GCF_002463835.1_prophage_1,13,GCF_002463835.1
GCF_002463835.1_prophage_7,20,GCF_002463835.1
GCF_002463845.1_prophage_4,15,GCF_002463845.1
GCF_002463925.1_prophage_1,8,GCF_002463925.1
GCF_002463955.1_prophage_5,8,GCF_002463955.1
GCF_002464115.1_prophage_3,4,GCF_002464115.1
GCF_002464275.1_prophage_1,8,GCF_002464275.1
GCF_002464445.1_prophage_3,1,GCF_002464445.1
GCF_002465055.1_prophage_1,2,GCF_002465055.1
GCF_002465215.1_prophage_3,10,GCF_002465215.1
GCF_002465355.1_prophage_1,15,GCF_002465355.1
GCF_002465395.1_prophage_2,3,GCF_002465395.1
GCF_002465575.1_prophage_2,20,GCF_002465575.1
GCF_002465575.1_prophage_4,13,GCF_002465575.1
GCF_002465635.1_prophage_1,1,GCF_002465635.1
GCF_002465905.1_prophage_1,3,GCF_002465905.1
GCF_002465975.1_prophage_4,8,GCF_002465975.1
GCF_002466205.1_prophage_1,14,GCF_002466205.1
GCF_002466235.1_prophage_4,15,GCF_002466235.1
GCF_002466355.1_prophage_3,5,GCF_002466355.1
GCF_002466425.1_prophage_4,3,GCF_002466425.1
GCF_002466465.1_prophage_2,4,GCF_002466465.1
GCF_002466935.1_prophage_5,12,GCF_002466935.1
GCF_002467185.1_prophage_1,9,GCF_002467185.1
GCF_002467325.1_prophage_5,14,GCF_002467325.1
GCF_002467405.1_prophage_1,20,GCF_002467405.1
GCF_002467555.1_prophage_3,14,GCF_002467555.1
GCF_002467625.1_prophage_5,10,GCF_002467625.1
GCF_002467635.1_prophage_1,20,GCF_002467635.1
GCF_002467925.1_prophage_3,7,GCF_002467925.1
GCF_002468245.1_prophage_3,15,GCF_002468245.1
GCF_002468335.1_prophage_2,20,GCF_002468335.1
GCF_002468345.1_prophage_2,1,GCF_002468345.1
GCF_002468425.1_prophage_4,13,GCF_002468425.1
GCF_002468435.1_prophage_1,10,GCF_002468435.1
GCF_002468495.1_prophage_1,17,GCF_002468495.1
GCF_002468495.1_prophage_4,14,GCF_002468495.1
GCF_002468655.1_prophage_1,3,GCF_002468655.1
GCF_002468725.1_prophage_3,8,GCF_002468725.1
GCF_002468805.1_prophage_5,16,GCF_002468805.1
GCF_002468915.1_prophage_1,10,GCF_002468915.1
GCF_002469165.1_prophage_3,3,GCF_002469165.1
GCF_002469215.1_prophage_1,14,GCF_002469215.1
GCF_002469235.1_prophage_2,1,GCF_002469235.1
GCF_002473565.1_prophage_2,12,GCF_002473565.1
GCF_002474025.1_prophage_4,20,GCF_002474025.1
GCF_002474085.1_prophage_4,16,GCF_002474085.1
GCF_002474185.1_prophage_3,4,GCF_002474185.1
GCF_002474445.1_prophage_1,13,GCF_002474445.1
GCF_002474535.1_prophage_6,14,GCF_002474535.1
GCF_002474645.1_prophage_1,12,GCF_002474645.1
GCF_002474715.1_prophage_3,9,GCF_002474715.1
GCF_002474785.1_prophage_1,15,GCF_002474785.1
GCF_002474835.1_prophage_1,15,GCF_002474835.1
GCF_002474915.1_prophage_2,17,GCF_002474915.1
GCF_002475215.1_prophage_3,13,GCF_002475215.1
GCF_002475235.1_prophage_4,10,GCF_002475235.1
GCF_002475325.1_prophage_3,1,GCF_002475325.1
GCF_002475355.1_prophage_7,12,GCF_002475355.1
GCF_002475375.1_prophage_1,1,GCF_002475375.1
GCF_002475515.1_prophage_3,3,GCF_002475515.1
GCF_002475545.1_prophage_1,3,GCF_002475545.1
GCF_002475545.1_prophage_3,8,GCF_002475545.1
GCF_002475575.1_prophage_2,3,GCF_002475575.1
GCF_002475625.1_prophage_7,17,GCF_002475625.1
GCF_002475625.1_prophage_9,11,GCF_002475625.1
GCF_002476015.1_prophage_4,16,GCF_002476015.1
GCF_002476375.1_prophage_3,7,GCF_002476375.1
GCF_002476395.1_prophage_2,14,GCF_002476395.1
GCF_002484405.1_prophage_3,13,GCF_002484405.1
GCF_002484425.1_prophage_3,5,GCF_002484425.1
GCF_002484515.1_prophage_4,5,GCF_002484515.1
GCF_002484545.1_prophage_2,4,GCF_002484545.1
GCF_002484575.1_prophage_3,2,GCF_002484575.1
GCF_002484655.1_prophage_1,12,GCF_002484655.1
GCF_002484905.1_prophage_4,18,GCF_002484905.1
GCF_002484965.1_prophage_1,15,GCF_002484965.1
GCF_002485025.1_prophage_6,3,GCF_002485025.1
GCF_002485115.1_prophage_2,13,GCF_002485115.1
GCF_002485165.1_prophage_4,5,GCF_002485165.1
GCF_002485545.1_prophage_4,14,GCF_002485545.1
GCF_002485995.1_prophage_1,15,GCF_002485995.1
GCF_002486235.1_prophage_3,12,GCF_002486235.1
GCF_002486265.1_prophage_2,17,GCF_002486265.1
GCF_002486305.1_prophage_10,16,GCF_002486305.1
GCF_002486335.1_prophage_4,3,GCF_002486335.1
GCF_002486575.1_prophage_1,9,GCF_002486575.1
GCF_002486645.1_prophage_2,13,GCF_002486645.1
GCF_002486695.1_prophage_2,9,GCF_002486695.1
GCF_002486915.1_prophage_2,18,GCF_002486915.1
GCF_002507975.1_prophage_1,2,GCF_002507975.1
GCF_002509785.1_prophage_1,13,GCF_002509785.1
GCF_002509845.1_prophage_5,9,GCF_002509845.1
GCF_002509865.1_prophage_2,15,GCF_002509865.1
GCF_002510175.1_prophage_4,3,GCF_002510175.1
GCF_002510355.1_prophage_1,3,GCF_002510355.1
GCF_002510415.1_prophage_3,13,GCF_002510415.1
GCF_002510415.1_prophage_4,10,GCF_002510415.1
GCF_002510515.1_prophage_4,14,GCF_002510515.1
GCF_002510605.1_prophage_6,5,GCF_002510605.1
GCF_002510645.1_prophage_2,20,GCF_002510645.1
GCF_002510775.1_prophage_2,20,GCF_002510775.1
GCF_002510785.1_prophage_5,16,GCF_002510785.1
GCF_002510815.1_prophage_2,15,GCF_002510815.1
GCF_002511135.1_prophage_3,15,GCF_002511135.1
GCF_002511185.1_prophage_1,9,GCF_002511185.1
GCF_002511265.1_prophage_1,2,GCF_002511265.1
GCF_002511555.1_prophage_6,4,GCF_002511555.1
GCF_002511765.1_prophage_3,13,GCF_002511765.1
GCF_002511765.1_prophage_4,12,GCF_002511765.1
GCF_002511785.1_prophage_1,13,GCF_002511785.1
GCF_002511785.1_prophage_3,10,GCF_002511785.1
GCF_002511845.1_prophage_2,20,GCF_002511845.1
GCF_002511865.1_prophage_2,14,GCF_002511865.1
GCF_002512025.1_prophage_1,10,GCF_002512025.1
GCF_002512125.1_prophage_5,3,GCF_002512125.1
GCF_002512375.1_prophage_2,18,GCF_002512375.1
GCF_002512455.1_prophage_6,20,GCF_002512455.1
GCF_002512485.1_prophage_1,14,GCF_002512485.1
GCF_002512565.1_prophage_3,2,GCF_002512565.1
GCF_002512605.1_prophage_3,10,GCF_002512605.1
GCF_002512685.1_prophage_6,3,GCF_002512685.1
GCF_002512815.1_prophage_3,4,GCF_002512815.1
GCF_002513265.1_prophage_8,3,GCF_002513265.1
GCF_002513305.1_prophage_6,11,GCF_002513305.1
GCF_002513315.1_prophage_10,2,GCF_002513315.1
GCF_002513315.1_prophage_5,17,GCF_002513315.1
GCF_002513415.1_prophage_4,9,GCF_002513415.1
GCF_002513565.1_prophage_1,14,GCF_002513565.1
GCF_002513625.1_prophage_3,3,GCF_002513625.1
GCF_002513845.1_prophage_1,8,GCF_002513845.1
GCF_002514015.1_prophage_1,12,GCF_002514015.1
GCF_002514015.1_prophage_6,2,GCF_002514015.1
GCF_002514425.1_prophage_2,14,GCF_002514425.1
GCF_002514455.1_prophage_2,2,GCF_002514455.1
GCF_002514455.1_prophage_5,13,GCF_002514455.1
GCF_002514795.1_prophage_1,3,GCF_002514795.1
GCF_002514885.1_prophage_3,4,GCF_002514885.1
GCF_002515055.1_prophage_4,12,GCF_002515055.1
GCF_002515065.1_prophage_2,4,GCF_002515065.1
GCF_002515175.1_prophage_1,15,GCF_002515175.1
GCF_002515265.1_prophage_5,1,GCF_002515265.1
GCF_002515685.1_prophage_1,1,GCF_002515685.1
GCF_002515765.1_prophage_6,12,GCF_002515765.1
GCF_002515815.1_prophage_1,13,GCF_002515815.1
GCF_002515965.1_prophage_4,15,GCF_002515965.1
GCF_002516205.1_prophage_3,17,GCF_002516205.1
GCF_002516505.1_prophage_2,3,GCF_002516505.1
GCF_002516555.1_prophage_6,13,GCF_002516555.1
GCF_002516705.1_prophage_1,8,GCF_002516705.1
GCF_002516775.1_prophage_1,13,GCF_002516775.1
GCF_002516825.1_prophage_4,14,GCF_002516825.1
GCF_002516905.1_prophage_1,13,GCF_002516905.1
GCF_002517285.1_prophage_1,3,GCF_002517285.1
GCF_002517325.1_prophage_5,3,GCF_002517325.1
GCF_002517585.1_prophage_3,20,GCF_002517585.1
GCF_002517625.1_prophage_1,10,GCF_002517625.1
GCF_002517635.1_prophage_3,20,GCF_002517635.1
GCF_002517665.1_prophage_1,20,GCF_002517665.1
GCF_002517775.1_prophage_2,10,GCF_002517775.1
GCF_002517965.1_prophage_1,3,GCF_002517965.1
GCF_002518005.1_prophage_2,20,GCF_002518005.1
GCF_002518045.1_prophage_7,13,GCF_002518045.1
GCF_002518135.1_prophage_6,12,GCF_002518135.1
GCF_002518205.1_prophage_1,14,GCF_002518205.1
GCF_002518365.1_prophage_2,8,GCF_002518365.1
GCF_002518375.1_prophage_6,20,GCF_002518375.1
GCF_002518545.1_prophage_5,14,GCF_002518545.1
GCF_002518645.1_prophage_6,2,GCF_002518645.1
GCF_002518735.1_prophage_1,3,GCF_002518735.1
GCF_002518795.1_prophage_2,12,GCF_002518795.1
GCF_002518815.1_prophage_4,10,GCF_002518815.1
GCF_002518935.1_prophage_3,5,GCF_002518935.1
GCF_002519025.1_prophage_3,10,GCF_002519025.1
GCF_002519035.1_prophage_1,13,GCF_002519035.1
GCF_002519035.1_prophage_6,15,GCF_002519035.1
GCF_002519485.1_prophage_7,8,GCF_002519485.1
GCF_002519565.1_prophage_5,17,GCF_002519565.1
GCF_002519565.1_prophage_7,12,GCF_002519565.1
GCF_002519665.1_prophage_1,1,GCF_002519665.1
GCF_002519675.1_prophage_4,17,GCF_002519675.1
GCF_002519705.1_prophage_6,17,GCF_002519705.1
GCF_002519745.1_prophage_1,1,GCF_002519745.1
GCF_002519835.1_prophage_3,14,GCF_002519835.1
GCF_002520045.1_prophage_2,10,GCF_002520045.1
GCF_002520055.1_prophage_1,12,GCF_002520055.1
GCF_002520095.1_prophage_1,15,GCF_002520095.1
GCF_002520095.1_prophage_3,1,GCF_002520095.1
GCF_002520325.1_prophage_2,7,GCF_002520325.1
GCF_002520335.1_prophage_3,10,GCF_002520335.1
GCF_002520405.1_prophage_1,5,GCF_002520405.1
GCF_002520405.1_prophage_2,12,GCF_002520405.1
GCF_002520415.1_prophage_2,10,GCF_002520415.1
GCF_002520605.1_prophage_3,15,GCF_002520605.1
GCF_002520655.1_prophage_5,7,GCF_002520655.1
GCF_002520675.1_prophage_4,11,GCF_002520675.1
GCF_002521165.1_prophage_3,15,GCF_002521165.1
GCF_002521165.1_prophage_5,17,GCF_002521165.1
GCF_002521215.1_prophage_5,17,GCF_002521215.1
GCF_002521285.1_prophage_1,12,GCF_002521285.1
GCF_002521385.1_prophage_3,1,GCF_002521385.1
GCF_002521465.1_prophage_2,12,GCF_002521465.1
GCF_002521465.1_prophage_5,13,GCF_002521465.1
GCF_002521585.1_prophage_2,8,GCF_002521585.1
GCF_002521835.1_prophage_1,8,GCF_002521835.1
GCF_002521835.1_prophage_3,10,GCF_002521835.1
GCF_002521955.1_prophage_3,7,GCF_002521955.1
GCF_002521955.1_prophage_4,1,GCF_002521955.1
GCF_002522055.1_prophage_1,16,GCF_002522055.1
GCF_002522395.1_prophage_4,1,GCF_002522395.1
GCF_002522645.1_prophage_2,12,GCF_002522645.1
GCF_002528825.1_prophage_11,10,GCF_002528825.1
GCF_002530725.1_prophage_1,2,GCF_002530725.1
GCF_002530955.1_prophage_4,20,GCF_002530955.1
GCF_002531125.1_prophage_1,15,GCF_002531125.1
GCF_002531275.1_prophage_2,12,GCF_002531275.1
GCF_002531285.1_prophage_7,13,GCF_002531285.1
GCF_002531355.1_prophage_8,2,GCF_002531355.1
GCF_002534785.1_prophage_2,14,GCF_002534785.1
GCF_002534845.1_prophage_4,8,GCF_002534845.1
GCF_002534905.1_prophage_6,14,GCF_002534905.1
GCF_002535045.1_prophage_3,13,GCF_002535045.1
GCF_002535115.1_prophage_3,7,GCF_002535115.1
GCF_002535115.1_prophage_5,3,GCF_002535115.1
GCF_002535195.1_prophage_4,10,GCF_002535195.1
GCF_002535205.1_prophage_1,13,GCF_002535205.1
GCF_002535215.1_prophage_2,13,GCF_002535215.1
GCF_002535295.1_prophage_5,15,GCF_002535295.1
GCF_002535305.1_prophage_3,9,GCF_002535305.1
GCF_002535475.1_prophage_2,9,GCF_002535475.1
GCF_002535605.1_prophage_7,17,GCF_002535605.1
GCF_002537395.1_prophage_5,12,GCF_002537395.1
GCF_002537555.1_prophage_2,13,GCF_002537555.1
GCF_002537995.1_prophage_5,13,GCF_002537995.1
GCF_002538705.1_prophage_2,1,GCF_002538705.1
GCF_002541105.1_prophage_3,12,GCF_002541105.1
GCF_002541105.1_prophage_4,1,GCF_002541105.1
GCF_002541205.1_prophage_2,4,GCF_002541205.1
GCF_002541235.1_prophage_2,3,GCF_002541235.1
GCF_002541435.1_prophage_3,17,GCF_002541435.1
GCF_002541735.1_prophage_3,1,GCF_002541735.1
GCF_002542115.1_prophage_2,13,GCF_002542115.1
GCF_002542565.1_prophage_2,16,GCF_002542565.1
GCF_002543155.1_prophage_1,12,GCF_002543155.1
GCF_002543505.1_prophage_2,5,GCF_002543505.1
GCF_002543795.1_prophage_1,10,GCF_002543795.1
GCF_002543795.1_prophage_3,15,GCF_002543795.1
GCF_002544665.1_prophage_1,13,GCF_002544665.1
GCF_002544665.1_prophage_4,10,GCF_002544665.1
GCF_002544745.1_prophage_1,13,GCF_002544745.1
GCF_002544825.1_prophage_2,11,GCF_002544825.1
GCF_002545215.1_prophage_3,12,GCF_002545215.1
GCF_002545575.1_prophage_1,12,GCF_002545575.1
GCF_002545925.1_prophage_1,14,GCF_002545925.1
GCF_002546545.1_prophage_4,10,GCF_002546545.1
GCF_002546565.1_prophage_2,12,GCF_002546565.1
GCF_002546975.1_prophage_3,14,GCF_002546975.1
GCF_002547055.1_prophage_3,1,GCF_002547055.1
GCF_002547115.1_prophage_4,2,GCF_002547115.1
GCF_002547165.1_prophage_2,1,GCF_002547165.1
GCF_002547305.1_prophage_1,13,GCF_002547305.1
GCF_002547315.1_prophage_2,1,GCF_002547315.1
GCF_002547825.1_prophage_1,9,GCF_002547825.1
GCF_002548015.1_prophage_5,3,GCF_002548015.1
GCF_002548535.1_prophage_2,3,GCF_002548535.1
GCF_002548675.1_prophage_5,10,GCF_002548675.1
GCF_002548755.1_prophage_1,13,GCF_002548755.1
GCF_002548925.1_prophage_1,6,GCF_002548925.1
GCF_002549415.1_prophage_4,12,GCF_002549415.1
GCF_002554325.1_prophage_1,9,GCF_002554325.1
GCF_002554475.1_prophage_16,9,GCF_002554475.1
GCF_002573115.1_prophage_1,20,GCF_002573115.1
GCF_002573155.1_prophage_4,7,GCF_002573155.1
GCF_002573265.1_prophage_1,18,GCF_002573265.1
GCF_002631395.1_prophage_2,1,GCF_002631395.1
GCF_002631435.1_prophage_4,7,GCF_002631435.1
GCF_002631455.1_prophage_1,13,GCF_002631455.1
GCF_002734545.1_prophage_10,11,GCF_002734545.1
GCF_002734645.1_prophage_5,3,GCF_002734645.1
GCF_002734805.1_prophage_5,7,GCF_002734805.1
GCF_002734825.1_prophage_4,16,GCF_002734825.1
GCF_002734925.1_prophage_3,12,GCF_002734925.1
GCF_002734945.1_prophage_5,2,GCF_002734945.1
GCF_002734945.1_prophage_6,16,GCF_002734945.1
GCF_002735185.1_prophage_2,16,GCF_002735185.1
GCF_002741195.1_prophage_1,1,GCF_002741195.1
GCF_002741195.1_prophage_7,20,GCF_002741195.1
GCF_002741595.1_prophage_6,1,GCF_002741595.1
GCF_002761685.1_prophage_4,1,GCF_002761685.1
GCF_002761695.1_prophage_4,2,GCF_002761695.1
GCF_002764255.1_prophage_6,6,GCF_002764255.1
GCF_002764435.1_prophage_2,3,GCF_002764435.1
GCF_002764595.1_prophage_5,20,GCF_002764595.1
GCF_002764635.1_prophage_1,10,GCF_002764635.1
GCF_002764995.1_prophage_8,12,GCF_002764995.1
GCF_002765055.1_prophage_4,12,GCF_002765055.1
GCF_002765095.1_prophage_11,11,GCF_002765095.1
GCF_002765155.1_prophage_5,12,GCF_002765155.1
GCF_002765235.1_prophage_6,15,GCF_002765235.1
GCF_002765275.1_prophage_1,16,GCF_002765275.1
GCF_002765295.1_prophage_6,12,GCF_002765295.1
GCF_002765315.1_prophage_6,17,GCF_002765315.1
GCF_002765375.1_prophage_5,11,GCF_002765375.1
GCF_002765415.1_prophage_3,17,GCF_002765415.1
GCF_002765475.1_prophage_4,11,GCF_002765475.1
GCF_002765695.1_prophage_1,11,GCF_002765695.1
GCF_002765795.1_prophage_5,16,GCF_002765795.1
GCF_002765955.1_prophage_1,15,GCF_002765955.1
GCF_002765955.1_prophage_2,10,GCF_002765955.1
GCF_002766055.1_prophage_1,10,GCF_002766055.1
GCF_002766075.1_prophage_2,10,GCF_002766075.1
GCF_002766075.1_prophage_5,12,GCF_002766075.1
GCF_002766215.1_prophage_4,11,GCF_002766215.1
GCF_002766235.1_prophage_2,10,GCF_002766235.1
GCF_002766275.1_prophage_5,7,GCF_002766275.1
GCF_002766335.1_prophage_3,2,GCF_002766335.1
GCF_002766375.1_prophage_13,17,GCF_002766375.1
GCF_002766375.1_prophage_5,2,GCF_002766375.1
GCF_002766435.1_prophage_9,15,GCF_002766435.1
GCF_002766455.1_prophage_6,11,GCF_002766455.1
GCF_002766635.1_prophage_3,12,GCF_002766635.1
GCF_002766695.1_prophage_9,3,GCF_002766695.1
GCF_002766775.1_prophage_8,15,GCF_002766775.1
GCF_002766835.1_prophage_5,16,GCF_002766835.1
GCF_002767095.1_prophage_10,12,GCF_002767095.1
GCF_002767095.1_prophage_5,10,GCF_002767095.1
GCF_002768015.1_prophage_5,11,GCF_002768015.1
GCF_002768195.1_prophage_7,7,GCF_002768195.1
GCF_002768415.1_prophage_6,20,GCF_002768415.1
GCF_002768445.1_prophage_8,15,GCF_002768445.1
GCF_002768555.1_prophage_6,15,GCF_002768555.1
GCF_002768575.1_prophage_4,12,GCF_002768575.1
GCF_002768615.1_prophage_8,15,GCF_002768615.1
GCF_002768655.1_prophage_8,12,GCF_002768655.1
GCF_002768695.1_prophage_1,10,GCF_002768695.1
GCF_002768835.1_prophage_2,15,GCF_002768835.1
GCF_002768855.1_prophage_1,12,GCF_002768855.1
GCF_002768915.1_prophage_1,20,GCF_002768915.1
GCF_002768975.1_prophage_1,10,GCF_002768975.1
GCF_002769075.1_prophage_9,9,GCF_002769075.1
GCF_002769155.1_prophage_5,10,GCF_002769155.1
GCF_002769155.1_prophage_6,2,GCF_002769155.1
GCF_002769195.1_prophage_5,16,GCF_002769195.1
GCF_002769235.1_prophage_7,3,GCF_002769235.1
GCF_002769255.1_prophage_1,7,GCF_002769255.1
GCF_002769335.1_prophage_2,11,GCF_002769335.1
GCF_002769375.1_prophage_1,16,GCF_002769375.1
GCF_002769495.1_prophage_5,11,GCF_002769495.1
GCF_002769635.1_prophage_4,17,GCF_002769635.1
GCF_002769715.1_prophage_3,15,GCF_002769715.1
GCF_002769975.1_prophage_7,16,GCF_002769975.1
GCF_002770015.1_prophage_1,16,GCF_002770015.1
GCF_002770235.1_prophage_3,10,GCF_002770235.1
GCF_002770375.1_prophage_2,7,GCF_002770375.1
GCF_002770395.1_prophage_4,12,GCF_002770395.1
GCF_002770515.1_prophage_4,2,GCF_002770515.1
GCF_002787545.1_prophage_2,2,GCF_002787545.1
GCF_002794845.1_prophage_1,13,GCF_002794845.1
GCF_002794895.1_prophage_4,8,GCF_002794895.1
GCF_002795085.1_prophage_2,15,GCF_002795085.1
GCF_002797075.1_prophage_4,13,GCF_002797075.1
GCF_002806745.1_prophage_4,2,GCF_002806745.1
GCF_002806795.1_prophage_10,2,GCF_002806795.1
GCF_002806825.1_prophage_4,2,GCF_002806825.1
GCF_002809865.1_prophage_3,1,GCF_002809865.1
GCF_002809905.1_prophage_2,10,GCF_002809905.1
GCF_002809905.1_prophage_3,7,GCF_002809905.1
GCF_002810025.1_prophage_1,18,GCF_002810025.1
GCF_002810165.1_prophage_3,14,GCF_002810165.1
GCF_002810185.1_prophage_1,16,GCF_002810185.1
GCF_002812685.2_prophage_3,11,GCF_002812685.2
GCF_002834305.1_prophage_3,4,GCF_002834305.1
GCF_002835165.1_prophage_2,3,GCF_002835165.1
GCF_002837435.1_prophage_1,12,GCF_002837435.1
GCF_002844475.1_prophage_4,10,GCF_002844475.1
GCF_002848325.1_prophage_3,12,GCF_002848325.1
GCF_002853655.1_prophage_1,12,GCF_002853655.1
GCF_002853715.1_prophage_5,13,GCF_002853715.1
GCF_002853805.1_prophage_2,2,GCF_002853805.1
GCF_002854065.1_prophage_1,9,GCF_002854065.1
GCF_002855325.1_prophage_5,2,GCF_002855325.1
GCF_002855615.1_prophage_1,15,GCF_002855615.1
GCF_002855655.1_prophage_4,20,GCF_002855655.1
GCF_002855695.1_prophage_4,10,GCF_002855695.1
GCF_002855735.1_prophage_1,16,GCF_002855735.1
GCF_002863685.1_prophage_14,2,GCF_002863685.1
GCF_002863685.1_prophage_16,15,GCF_002863685.1
GCF_002863685.1_prophage_18,14,GCF_002863685.1
GCF_002863885.1_prophage_1,16,GCF_002863885.1
GCF_002863885.1_prophage_10,2,GCF_002863885.1
GCF_002863885.1_prophage_2,20,GCF_002863885.1
GCF_002872175.1_prophage_5,14,GCF_002872175.1
GCF_002885775.1_prophage_5,4,GCF_002885775.1
GCF_002886325.1_prophage_1,18,GCF_002886325.1
GCF_002886325.1_prophage_3,3,GCF_002886325.1
GCF_002886475.1_prophage_4,20,GCF_002886475.1
GCF_002886755.1_prophage_4,12,GCF_002886755.1
GCF_002887005.1_prophage_5,2,GCF_002887005.1
GCF_002895365.1_prophage_2,1,GCF_002895365.1
GCF_002899535.1_prophage_3,4,GCF_002899535.1
GCF_002901325.1_prophage_1,15,GCF_002901325.1
GCF_002911215.1_prophage_3,10,GCF_002911215.1
GCF_002915085.1_prophage_2,1,GCF_002915085.1
GCF_002917315.1_prophage_2,18,GCF_002917315.1
GCF_002917535.1_prophage_4,18,GCF_002917535.1
GCF_002917705.1_prophage_2,20,GCF_002917705.1
GCF_002918265.1_prophage_3,4,GCF_002918265.1
GCF_002918355.1_prophage_2,13,GCF_002918355.1
GCF_002923415.1_prophage_1,3,GCF_002923415.1
GCF_002923675.1_prophage_6,12,GCF_002923675.1
GCF_002923895.1_prophage_4,7,GCF_002923895.1
GCF_002924065.1_prophage_1,10,GCF_002924065.1
GCF_002924125.1_prophage_7,15,GCF_002924125.1
GCF_002924165.1_prophage_3,10,GCF_002924165.1
GCF_002924205.1_prophage_3,16,GCF_002924205.1
GCF_002925525.1_prophage_5,1,GCF_002925525.1
GCF_002927715.1_prophage_3,10,GCF_002927715.1
GCF_002927735.1_prophage_1,1,GCF_002927735.1
GCF_002927755.1_prophage_1,20,GCF_002927755.1
GCF_002930245.1_prophage_2,2,GCF_002930245.1
GCF_002930405.1_prophage_1,11,GCF_002930405.1
GCF_002930735.1_prophage_1,10,GCF_002930735.1
GCF_002941185.1_prophage_2,8,GCF_002941185.1
GCF_002941285.1_prophage_4,16,GCF_002941285.1
GCF_002941425.1_prophage_2,5,GCF_002941425.1
GCF_002941445.1_prophage_1,16,GCF_002941445.1
GCF_002941445.1_prophage_6,1,GCF_002941445.1
GCF_002941525.1_prophage_1,20,GCF_002941525.1
GCF_002941565.1_prophage_1,12,GCF_002941565.1
GCF_002941605.1_prophage_3,13,GCF_002941605.1
GCF_002941605.1_prophage_8,11,GCF_002941605.1
GCF_002941905.1_prophage_3,1,GCF_002941905.1
GCF_002942485.1_prophage_2,8,GCF_002942485.1
GCF_002942505.1_prophage_4,5,GCF_002942505.1
GCF_002942625.1_prophage_1,17,GCF_002942625.1
GCF_002942665.1_prophage_5,14,GCF_002942665.1
GCF_002942705.1_prophage_3,1,GCF_002942705.1
GCF_002942805.1_prophage_6,14,GCF_002942805.1
GCF_002943145.1_prophage_1,20,GCF_002943145.1
GCF_002943285.1_prophage_3,17,GCF_002943285.1
GCF_002951675.1_prophage_7,16,GCF_002951675.1
GCF_002951735.1_prophage_2,20,GCF_002951735.1
GCF_002951755.1_prophage_9,1,GCF_002951755.1
GCF_002952695.1_prophage_1,8,GCF_002952695.1
GCF_002952955.1_prophage_2,7,GCF_002952955.1
GCF_002952995.1_prophage_3,4,GCF_002952995.1
GCF_002953095.1_prophage_2,7,GCF_002953095.1
GCF_002959225.1_prophage_1,3,GCF_002959225.1
GCF_002959275.1_prophage_2,3,GCF_002959275.1
GCF_002959355.1_prophage_7,5,GCF_002959355.1
GCF_002966145.1_prophage_3,7,GCF_002966145.1
GCF_002967885.2_prophage_6,9,GCF_002967885.2
GCF_002971045.1_prophage_3,8,GCF_002971045.1
GCF_002971195.1_prophage_2,2,GCF_002971195.1
GCF_002971215.1_prophage_3,15,GCF_002971215.1
GCF_002971585.1_prophage_1,20,GCF_002971585.1
GCF_002972075.1_prophage_6,1,GCF_002972075.1
GCF_002972215.1_prophage_1,10,GCF_002972215.1
GCF_002972255.1_prophage_1,12,GCF_002972255.1
GCF_002972435.1_prophage_1,9,GCF_002972435.1
GCF_002972535.1_prophage_8,15,GCF_002972535.1
GCF_002972595.1_prophage_3,20,GCF_002972595.1
GCF_002972665.1_prophage_4,9,GCF_002972665.1
GCF_002972695.1_prophage_3,1,GCF_002972695.1
GCF_002972775.1_prophage_1,5,GCF_002972775.1
GCF_002972795.1_prophage_1,20,GCF_002972795.1
GCF_002972955.1_prophage_5,20,GCF_002972955.1
GCF_002972955.1_prophage_7,11,GCF_002972955.1
GCF_002973195.1_prophage_3,20,GCF_002973195.1
GCF_002973475.1_prophage_1,1,GCF_002973475.1
GCF_002979635.1_prophage_2,3,GCF_002979635.1
GCF_002991735.1_prophage_5,4,GCF_002991735.1
GCF_002991825.1_prophage_3,12,GCF_002991825.1
GCF_002991885.1_prophage_5,9,GCF_002991885.1
GCF_002991895.1_prophage_1,1,GCF_002991895.1
GCF_002991925.1_prophage_4,15,GCF_002991925.1
GCF_002991965.1_prophage_3,2,GCF_002991965.1
GCF_002993515.1_prophage_2,8,GCF_002993515.1
GCF_002994975.1_prophage_2,11,GCF_002994975.1
GCF_003007855.1_prophage_1,3,GCF_003007855.1
GCF_003007935.1_prophage_3,5,GCF_003007935.1
GCF_003008935.1_prophage_4,2,GCF_003008935.1
GCF_003009035.1_prophage_1,8,GCF_003009035.1
GCF_003009205.1_prophage_2,9,GCF_003009205.1
GCF_003009205.1_prophage_6,16,GCF_003009205.1
GCF_003009315.1_prophage_2,13,GCF_003009315.1
GCF_003009715.1_prophage_1,14,GCF_003009715.1
GCF_003009875.1_prophage_2,9,GCF_003009875.1
GCF_003009995.1_prophage_4,11,GCF_003009995.1
GCF_003010075.1_prophage_3,1,GCF_003010075.1
GCF_003010285.1_prophage_4,18,GCF_003010285.1
GCF_003014805.1_prophage_2,13,GCF_003014805.1
GCF_003014845.1_prophage_1,10,GCF_003014845.1
GCF_003015075.1_prophage_1,10,GCF_003015075.1
GCF_003015075.1_prophage_4,4,GCF_003015075.1
GCF_003015325.1_prophage_13,12,GCF_003015325.1
GCF_003015325.1_prophage_3,3,GCF_003015325.1
GCF_003017455.1_prophage_16,17,GCF_003017455.1
GCF_003017555.1_prophage_15,2,GCF_003017555.1
GCF_003017675.2_prophage_14,20,GCF_003017675.2
GCF_003017765.1_prophage_4,2,GCF_003017765.1
GCF_003017765.1_prophage_9,15,GCF_003017765.1
GCF_003017975.1_prophage_1,1,GCF_003017975.1
GCF_003017995.1_prophage_1,1,GCF_003017995.1
GCF_003018055.1_prophage_1,4,GCF_003018055.1
GCF_003018055.1_prophage_5,2,GCF_003018055.1
GCF_003018135.1_prophage_15,2,GCF_003018135.1
GCF_003018215.1_prophage_5,2,GCF_003018215.1
GCF_003018315.1_prophage_3,4,GCF_003018315.1
GCF_003018355.1_prophage_4,16,GCF_003018355.1
GCF_003018375.1_prophage_13,1,GCF_003018375.1
GCF_003018535.1_prophage_19,17,GCF_003018535.1
GCF_003018575.1_prophage_11,2,GCF_003018575.1
GCF_003018635.1_prophage_11,7,GCF_003018635.1
GCF_003018635.1_prophage_6,2,GCF_003018635.1
GCF_003018775.1_prophage_8,2,GCF_003018775.1
GCF_003018795.1_prophage_12,12,GCF_003018795.1
GCF_003018795.1_prophage_7,2,GCF_003018795.1
GCF_003018835.2_prophage_11,1,GCF_003018835.2
GCF_003018875.1_prophage_3,12,GCF_003018875.1
GCF_003018895.1_prophage_14,2,GCF_003018895.1
GCF_003018915.1_prophage_10,1,GCF_003018915.1
GCF_003018915.1_prophage_2,2,GCF_003018915.1
GCF_003019055.1_prophage_7,3,GCF_003019055.1
GCF_003019075.1_prophage_12,20,GCF_003019075.1
GCF_003019075.1_prophage_14,2,GCF_003019075.1
GCF_003019155.1_prophage_11,1,GCF_003019155.1
GCF_003019155.1_prophage_13,13,GCF_003019155.1
GCF_003019215.1_prophage_1,1,GCF_003019215.1
GCF_003024375.1_prophage_1,3,GCF_003024375.1
GCF_003027215.1_prophage_3,13,GCF_003027215.1
GCF_003027335.1_prophage_3,16,GCF_003027335.1
GCF_003027495.1_prophage_4,2,GCF_003027495.1
GCF_003027555.1_prophage_8,16,GCF_003027555.1
GCF_003028075.1_prophage_1,12,GCF_003028075.1
GCF_003028205.1_prophage_3,20,GCF_003028205.1
GCF_003028815.1_prophage_1,13,GCF_003028815.1
GCF_003030245.1_prophage_1,10,GCF_003030245.1
GCF_003048105.1_prophage_1,10,GCF_003048105.1
GCF_003052645.1_prophage_6,7,GCF_003052645.1
GCF_003060125.1_prophage_7,7,GCF_003060125.1
GCF_003072445.1_prophage_7,1,GCF_003072445.1
GCF_003074475.1_prophage_7,2,GCF_003074475.1
GCF_003074495.1_prophage_6,10,GCF_003074495.1
GCF_003076155.1_prophage_3,20,GCF_003076155.1
GCF_003076195.1_prophage_5,20,GCF_003076195.1
GCF_003076255.1_prophage_1,14,GCF_003076255.1
GCF_003076675.1_prophage_1,19,GCF_003076675.1
GCF_003112185.1_prophage_1,1,GCF_003112185.1
GCF_003112185.1_prophage_11,15,GCF_003112185.1
GCF_003112185.1_prophage_7,3,GCF_003112185.1
GCF_003112205.1_prophage_3,2,GCF_003112205.1
GCF_003112225.1_prophage_5,2,GCF_003112225.1
GCF_003112245.1_prophage_11,2,GCF_003112245.1
GCF_003113135.1_prophage_8,11,GCF_003113135.1
GCF_003113515.1_prophage_4,12,GCF_003113515.1
GCF_003113535.1_prophage_6,3,GCF_003113535.1
GCF_003113635.1_prophage_4,16,GCF_003113635.1
GCF_003113675.1_prophage_5,12,GCF_003113675.1
GCF_003113715.1_prophage_1,16,GCF_003113715.1
GCF_003113795.1_prophage_1,12,GCF_003113795.1
GCF_003114975.2_prophage_2,20,GCF_003114975.2
GCF_003122965.2_prophage_2,12,GCF_003122965.2
GCF_003122965.2_prophage_5,20,GCF_003122965.2
GCF_003123055.1_prophage_6,9,GCF_003123055.1
GCF_003123115.1_prophage_8,20,GCF_003123115.1
GCF_003123165.2_prophage_1,10,GCF_003123165.2
GCF_003123235.2_prophage_5,20,GCF_003123235.2
GCF_003123235.2_prophage_9,16,GCF_003123235.2
GCF_003123415.1_prophage_1,7,GCF_003123415.1
GCF_003123495.2_prophage_4,20,GCF_003123495.2
GCF_003123505.1_prophage_13,2,GCF_003123505.1
GCF_003123525.1_prophage_3,20,GCF_003123525.1
GCF_003123565.2_prophage_5,7,GCF_003123565.2
GCF_003143575.1_prophage_4,1,GCF_003143575.1
GCF_003144955.1_prophage_4,14,GCF_003144955.1
GCF_003145275.1_prophage_6,5,GCF_003145275.1
GCF_003145355.1_prophage_2,1,GCF_003145355.1
GCF_003145725.1_prophage_5,15,GCF_003145725.1
GCF_003145835.1_prophage_4,10,GCF_003145835.1
GCF_003145875.1_prophage_1,4,GCF_003145875.1
GCF_003145895.1_prophage_1,13,GCF_003145895.1
GCF_003145975.1_prophage_6,1,GCF_003145975.1
GCF_003146175.1_prophage_2,10,GCF_003146175.1
GCF_003146255.1_prophage_9,12,GCF_003146255.1
GCF_003146295.1_prophage_8,17,GCF_003146295.1
GCF_003146525.1_prophage_5,14,GCF_003146525.1
GCF_003172225.1_prophage_4,10,GCF_003172225.1
GCF_003172275.1_prophage_4,7,GCF_003172275.1
GCF_003172335.1_prophage_2,12,GCF_003172335.1
GCF_003172575.1_prophage_3,7,GCF_003172575.1
GCF_003172715.1_prophage_2,7,GCF_003172715.1
GCF_003173235.1_prophage_7,1,GCF_003173235.1
GCF_003176215.1_prophage_1,10,GCF_003176215.1
GCF_003176455.1_prophage_2,1,GCF_003176455.1
GCF_003194125.1_prophage_1,13,GCF_003194125.1
GCF_003203755.1_prophage_14,2,GCF_003203755.1
GCF_003243605.1_prophage_3,13,GCF_003243605.1
GCF_003243635.1_prophage_6,3,GCF_003243635.1
GCF_003243655.1_prophage_3,13,GCF_003243655.1
GCF_003255115.1_prophage_5,15,GCF_003255115.1
GCF_003255255.1_prophage_2,16,GCF_003255255.1
GCF_003255275.1_prophage_11,12,GCF_003255275.1
GCF_003255275.1_prophage_3,15,GCF_003255275.1
GCF_003255325.1_prophage_5,15,GCF_003255325.1
GCF_003255355.1_prophage_9,7,GCF_003255355.1
GCF_003255505.1_prophage_4,15,GCF_003255505.1
GCF_003255545.1_prophage_6,12,GCF_003255545.1
GCF_003255545.1_prophage_9,2,GCF_003255545.1
GCF_003255555.1_prophage_3,12,GCF_003255555.1
GCF_003255655.1_prophage_8,12,GCF_003255655.1
GCF_003255705.1_prophage_5,12,GCF_003255705.1
GCF_003255705.1_prophage_8,10,GCF_003255705.1
GCF_003268695.1_prophage_2,3,GCF_003268695.1
GCF_003288755.1_prophage_4,2,GCF_003288755.1
GCF_003290595.1_prophage_1,4,GCF_003290595.1
GCF_003290615.1_prophage_2,20,GCF_003290615.1
GCF_003290625.1_prophage_2,20,GCF_003290625.1
GCF_003290675.1_prophage_3,7,GCF_003290675.1
GCF_003290695.1_prophage_1,14,GCF_003290695.1
GCF_003290845.1_prophage_5,4,GCF_003290845.1
GCF_003290875.1_prophage_5,4,GCF_003290875.1
GCF_003291075.1_prophage_1,9,GCF_003291075.1
GCF_003291105.1_prophage_3,17,GCF_003291105.1
GCF_003291175.1_prophage_2,2,GCF_003291175.1
GCF_003291315.1_prophage_2,2,GCF_003291315.1
GCF_003291365.1_prophage_6,1,GCF_003291365.1
GCF_003291425.1_prophage_1,1,GCF_003291425.1
GCF_003291505.1_prophage_4,3,GCF_003291505.1
GCF_003291875.1_prophage_2,5,GCF_003291875.1
GCF_003291875.1_prophage_3,20,GCF_003291875.1
GCF_003291935.1_prophage_5,3,GCF_003291935.1
GCF_003291995.1_prophage_4,14,GCF_003291995.1
GCF_003292315.1_prophage_6,5,GCF_003292315.1
GCF_003292485.1_prophage_2,2,GCF_003292485.1
GCF_003292515.1_prophage_1,13,GCF_003292515.1
GCF_003292535.1_prophage_2,14,GCF_003292535.1
GCF_003292595.1_prophage_3,17,GCF_003292595.1
GCF_003292855.1_prophage_1,7,GCF_003292855.1
GCF_003293065.1_prophage_1,1,GCF_003293065.1
GCF_003293115.1_prophage_9,14,GCF_003293115.1
GCF_003293145.1_prophage_2,1,GCF_003293145.1
GCF_003293315.1_prophage_3,1,GCF_003293315.1
GCF_003293485.1_prophage_6,8,GCF_003293485.1
GCF_003297735.1_prophage_2,18,GCF_003297735.1
GCF_003297955.1_prophage_1,11,GCF_003297955.1
GCF_003298085.1_prophage_1,11,GCF_003298085.1
GCF_003298475.1_prophage_4,12,GCF_003298475.1
GCF_003298615.1_prophage_3,18,GCF_003298615.1
GCF_003298705.1_prophage_6,4,GCF_003298705.1
GCF_003298885.1_prophage_3,3,GCF_003298885.1
GCF_003299005.1_prophage_4,1,GCF_003299005.1
GCF_003299375.1_prophage_2,18,GCF_003299375.1
GCF_003299405.1_prophage_7,20,GCF_003299405.1
GCF_003299455.1_prophage_2,14,GCF_003299455.1
GCF_003299605.1_prophage_4,20,GCF_003299605.1
GCF_003299705.1_prophage_6,1,GCF_003299705.1
GCF_003299725.1_prophage_8,19,GCF_003299725.1
GCF_003300035.1_prophage_2,15,GCF_003300035.1
GCF_003300195.1_prophage_3,8,GCF_003300195.1
GCF_003300245.1_prophage_6,5,GCF_003300245.1
GCF_003300795.1_prophage_4,12,GCF_003300795.1
GCF_003300865.1_prophage_3,10,GCF_003300865.1
GCF_003301045.1_prophage_4,11,GCF_003301045.1
GCF_003301915.1_prophage_3,10,GCF_003301915.1
GCF_003301965.1_prophage_1,19,GCF_003301965.1
GCF_003301995.1_prophage_2,20,GCF_003301995.1
GCF_003302005.1_prophage_4,9,GCF_003302005.1
GCF_003302125.1_prophage_5,1,GCF_003302125.1
GCF_003302245.1_prophage_2,17,GCF_003302245.1
GCF_003302315.1_prophage_1,13,GCF_003302315.1
GCF_003302435.1_prophage_1,8,GCF_003302435.1
GCF_003302545.1_prophage_3,12,GCF_003302545.1
GCF_003302635.1_prophage_7,9,GCF_003302635.1
GCF_003302665.1_prophage_9,2,GCF_003302665.1
GCF_003302735.1_prophage_6,1,GCF_003302735.1
GCF_003302805.1_prophage_1,8,GCF_003302805.1
GCF_003302895.1_prophage_6,17,GCF_003302895.1
GCF_003303065.1_prophage_7,2,GCF_003303065.1
GCF_003303135.1_prophage_1,3,GCF_003303135.1
GCF_003303255.1_prophage_2,20,GCF_003303255.1
GCF_003303735.1_prophage_4,19,GCF_003303735.1
GCF_003303915.1_prophage_1,14,GCF_003303915.1
GCF_003303975.1_prophage_2,13,GCF_003303975.1
GCF_003303985.1_prophage_2,2,GCF_003303985.1
GCF_003303985.1_prophage_3,14,GCF_003303985.1
GCF_003304085.1_prophage_1,8,GCF_003304085.1
GCF_003304155.1_prophage_1,1,GCF_003304155.1
GCF_003304205.1_prophage_1,13,GCF_003304205.1
GCF_003304485.1_prophage_9,14,GCF_003304485.1
GCF_003304655.1_prophage_3,3,GCF_003304655.1
GCF_003304715.1_prophage_5,20,GCF_003304715.1
GCF_003304725.1_prophage_2,8,GCF_003304725.1
GCF_003304755.1_prophage_1,1,GCF_003304755.1
GCF_003305065.1_prophage_2,19,GCF_003305065.1
GCF_003305215.1_prophage_5,19,GCF_003305215.1
GCF_003305215.1_prophage_6,19,GCF_003305215.1
GCF_003305395.1_prophage_5,19,GCF_003305395.1
GCF_003305635.1_prophage_3,1,GCF_003305635.1
GCF_003305655.1_prophage_4,18,GCF_003305655.1
GCF_003305815.1_prophage_3,19,GCF_003305815.1
GCF_003306695.1_prophage_4,15,GCF_003306695.1
GCF_003306695.1_prophage_6,6,GCF_003306695.1
GCF_003306835.1_prophage_1,15,GCF_003306835.1
GCF_003306955.1_prophage_7,10,GCF_003306955.1
GCF_003307115.1_prophage_8,16,GCF_003307115.1
GCF_003307235.1_prophage_1,1,GCF_003307235.1
GCF_003317105.1_prophage_1,13,GCF_003317105.1
GCF_003317215.1_prophage_5,18,GCF_003317215.1
GCF_003317335.1_prophage_6,13,GCF_003317335.1
GCF_003317385.1_prophage_9,3,GCF_003317385.1
GCF_003317475.1_prophage_1,16,GCF_003317475.1
GCF_003317575.1_prophage_2,19,GCF_003317575.1
GCF_003317655.1_prophage_2,19,GCF_003317655.1
GCF_003317755.1_prophage_3,16,GCF_003317755.1
GCF_003317755.1_prophage_7,5,GCF_003317755.1
GCF_003317765.1_prophage_2,11,GCF_003317765.1
GCF_003317765.1_prophage_3,11,GCF_003317765.1
GCF_003317825.1_prophage_3,11,GCF_003317825.1
GCF_003317955.1_prophage_1,3,GCF_003317955.1
GCF_003317965.1_prophage_6,18,GCF_003317965.1
GCF_003318125.1_prophage_6,15,GCF_003318125.1
GCF_003318555.1_prophage_4,15,GCF_003318555.1
GCF_003318575.1_prophage_4,7,GCF_003318575.1
GCF_003318595.1_prophage_5,20,GCF_003318595.1
GCF_003318665.1_prophage_4,12,GCF_003318665.1
GCF_003318855.1_prophage_2,10,GCF_003318855.1
GCF_003318985.1_prophage_6,8,GCF_003318985.1
GCF_003319045.1_prophage_4,8,GCF_003319045.1
GCF_003319045.1_prophage_6,10,GCF_003319045.1
GCF_003321645.1_prophage_3,4,GCF_003321645.1
GCF_003321805.1_prophage_5,10,GCF_003321805.1
GCF_003321915.1_prophage_1,13,GCF_003321915.1
GCF_003322345.1_prophage_2,2,GCF_003322345.1
GCF_003322575.1_prophage_3,14,GCF_003322575.1
GCF_003322745.1_prophage_2,20,GCF_003322745.1
GCF_003322925.1_prophage_1,14,GCF_003322925.1
GCF_003323235.1_prophage_3,14,GCF_003323235.1
GCF_003327795.1_prophage_3,1,GCF_003327795.1
GCF_003327805.1_prophage_1,1,GCF_003327805.1
GCF_003328175.1_prophage_3,14,GCF_003328175.1
GCF_003333505.1_prophage_1,5,GCF_003333505.1
GCF_003333855.1_prophage_3,2,GCF_003333855.1
GCF_003334145.1_prophage_3,3,GCF_003334145.1
GCF_003334305.1_prophage_3,14,GCF_003334305.1
GCF_003334425.1_prophage_2,3,GCF_003334425.1
GCF_003334465.1_prophage_4,10,GCF_003334465.1
GCF_003334585.1_prophage_2,18,GCF_003334585.1
GCF_003337975.1_prophage_4,5,GCF_003337975.1
GCF_003338065.1_prophage_5,20,GCF_003338065.1
GCF_003338295.1_prophage_5,8,GCF_003338295.1
GCF_003338455.1_prophage_1,4,GCF_003338455.1
GCF_003338525.1_prophage_3,10,GCF_003338525.1
GCF_003338945.1_prophage_2,12,GCF_003338945.1
GCF_003339565.1_prophage_3,13,GCF_003339565.1
GCF_003340795.1_prophage_2,12,GCF_003340795.1
GCF_003342715.1_prophage_2,8,GCF_003342715.1
GCF_003351385.1_prophage_7,15,GCF_003351385.1
GCF_003357245.1_prophage_4,3,GCF_003357245.1
GCF_003357405.1_prophage_2,12,GCF_003357405.1
GCF_003357645.1_prophage_2,2,GCF_003357645.1
GCF_003357995.1_prophage_1,1,GCF_003357995.1
GCF_003358035.1_prophage_4,14,GCF_003358035.1
GCF_003358175.1_prophage_1,1,GCF_003358175.1
GCF_003358325.1_prophage_6,14,GCF_003358325.1
GCF_003358485.1_prophage_1,4,GCF_003358485.1
GCF_003358695.1_prophage_1,20,GCF_003358695.1
GCF_003359415.1_prophage_3,16,GCF_003359415.1
GCF_003359615.1_prophage_3,9,GCF_003359615.1
GCF_003360055.1_prophage_5,15,GCF_003360055.1
GCF_003360395.1_prophage_2,20,GCF_003360395.1
GCF_003360425.1_prophage_1,9,GCF_003360425.1
GCF_003360615.1_prophage_2,15,GCF_003360615.1
GCF_003361405.1_prophage_2,9,GCF_003361405.1
GCF_003361455.1_prophage_4,13,GCF_003361455.1
GCF_003361495.1_prophage_1,9,GCF_003361495.1
GCF_003361495.1_prophage_5,16,GCF_003361495.1
GCF_003361815.1_prophage_1,4,GCF_003361815.1
GCF_003361825.1_prophage_2,16,GCF_003361825.1
GCF_003361935.1_prophage_1,4,GCF_003361935.1
GCF_003361935.1_prophage_2,20,GCF_003361935.1
GCF_003361965.1_prophage_3,16,GCF_003361965.1
GCF_003362035.1_prophage_3,4,GCF_003362035.1
GCF_003362255.1_prophage_1,13,GCF_003362255.1
GCF_003362425.1_prophage_3,9,GCF_003362425.1
GCF_003362425.1_prophage_4,4,GCF_003362425.1
GCF_003362495.1_prophage_4,15,GCF_003362495.1
GCF_003362555.1_prophage_1,16,GCF_003362555.1
GCF_003362595.1_prophage_5,16,GCF_003362595.1
GCF_003362615.1_prophage_1,16,GCF_003362615.1
GCF_003367575.1_prophage_5,3,GCF_003367575.1
GCF_003368385.2_prophage_16,2,GCF_003368385.2
GCF_003368385.2_prophage_7,2,GCF_003368385.2
GCF_003368435.2_prophage_18,1,GCF_003368435.2
GCF_003368525.2_prophage_15,1,GCF_003368525.2
GCF_003388275.1_prophage_1,2,GCF_003388275.1
GCF_003388285.1_prophage_3,12,GCF_003388285.1
GCF_003389165.1_prophage_1,14,GCF_003389165.1
GCF_003389165.1_prophage_6,19,GCF_003389165.1
GCF_003399775.2_prophage_5,8,GCF_003399775.2
GCF_003399815.1_prophage_1,2,GCF_003399815.1
GCF_003399865.1_prophage_6,20,GCF_003399865.1
GCF_003399885.2_prophage_3,2,GCF_003399885.2
GCF_003399955.1_prophage_3,9,GCF_003399955.1
GCF_003400975.1_prophage_2,1,GCF_003400975.1
GCF_003402785.1_prophage_5,17,GCF_003402785.1
GCF_003409875.1_prophage_3,13,GCF_003409875.1
GCF_003418045.1_prophage_4,7,GCF_003418045.1
GCF_003418215.1_prophage_2,10,GCF_003418215.1
GCF_003418725.1_prophage_3,20,GCF_003418725.1
GCF_003427565.1_prophage_1,10,GCF_003427565.1
GCF_003427585.1_prophage_1,15,GCF_003427585.1
GCF_003427775.1_prophage_1,1,GCF_003427775.1
GCF_003427805.1_prophage_1,8,GCF_003427805.1
GCF_003428055.1_prophage_1,1,GCF_003428055.1
GCF_003428095.1_prophage_2,3,GCF_003428095.1
GCF_003428095.1_prophage_4,18,GCF_003428095.1
GCF_003439405.1_prophage_1,16,GCF_003439405.1
GCF_003443815.1_prophage_2,9,GCF_003443815.1
GCF_003467875.1_prophage_3,14,GCF_003467875.1
GCF_003471095.1_prophage_1,13,GCF_003471095.1
GCF_003491165.1_prophage_2,15,GCF_003491165.1
GCF_003499255.1_prophage_1,2,GCF_003499255.1
GCF_003546145.1_prophage_3,17,GCF_003546145.1
GCF_003570185.1_prophage_3,20,GCF_003570185.1
GCF_003570205.1_prophage_2,2,GCF_003570205.1
GCF_003570475.1_prophage_3,3,GCF_003570475.1
GCF_003570525.1_prophage_3,12,GCF_003570525.1
GCF_003583465.1_prophage_2,13,GCF_003583465.1
GCF_003584245.1_prophage_1,20,GCF_003584245.1
GCF_003586065.1_prophage_7,2,GCF_003586065.1
GCF_003601935.1_prophage_4,1,GCF_003601935.1
GCF_003627855.1_prophage_5,2,GCF_003627855.1
GCF_003651265.1_prophage_5,3,GCF_003651265.1
GCF_003651375.1_prophage_3,15,GCF_003651375.1
GCF_003666405.1_prophage_4,13,GCF_003666405.1
GCF_003667385.1_prophage_3,14,GCF_003667385.1
GCF_003686325.1_prophage_2,17,GCF_003686325.1
GCF_003686325.1_prophage_4,4,GCF_003686325.1
GCF_003686585.1_prophage_5,20,GCF_003686585.1
GCF_003686645.1_prophage_6,14,GCF_003686645.1
GCF_003686645.1_prophage_8,13,GCF_003686645.1
GCF_003686735.1_prophage_3,20,GCF_003686735.1
GCF_003686735.1_prophage_5,20,GCF_003686735.1
GCF_003686855.1_prophage_1,4,GCF_003686855.1
GCF_003703795.1_prophage_1,4,GCF_003703795.1
GCF_003711045.1_prophage_3,10,GCF_003711045.1
GCF_003719695.1_prophage_5,14,GCF_003719695.1
GCF_003721775.1_prophage_5,10,GCF_003721775.1
GCF_003721895.1_prophage_2,3,GCF_003721895.1
GCF_003721995.1_prophage_3,10,GCF_003721995.1
GCF_003722035.1_prophage_4,15,GCF_003722035.1
GCF_003722195.1_prophage_15,2,GCF_003722195.1
GCF_003730415.1_prophage_5,12,GCF_003730415.1
GCF_003730435.1_prophage_2,3,GCF_003730435.1
GCF_003730445.1_prophage_1,15,GCF_003730445.1
GCF_003730475.1_prophage_1,19,GCF_003730475.1
GCF_003730765.1_prophage_1,1,GCF_003730765.1
GCF_003730825.1_prophage_5,6,GCF_003730825.1
GCF_003730875.1_prophage_2,3,GCF_003730875.1
GCF_003730925.1_prophage_2,19,GCF_003730925.1
GCF_003731135.1_prophage_1,1,GCF_003731135.1
GCF_003731355.1_prophage_4,20,GCF_003731355.1
GCF_003795405.1_prophage_5,14,GCF_003795405.1
GCF_003795405.1_prophage_6,11,GCF_003795405.1
GCF_003812945.1_prophage_8,2,GCF_003812945.1
GCF_003829805.1_prophage_3,4,GCF_003829805.1
GCF_003829805.1_prophage_5,12,GCF_003829805.1
GCF_003829855.1_prophage_6,11,GCF_003829855.1
GCF_003829865.1_prophage_3,20,GCF_003829865.1
GCF_003829915.1_prophage_2,12,GCF_003829915.1
GCF_003829915.1_prophage_4,12,GCF_003829915.1
GCF_003829925.1_prophage_5,12,GCF_003829925.1
GCF_003829985.1_prophage_8,15,GCF_003829985.1
GCF_003830105.1_prophage_3,11,GCF_003830105.1
GCF_003830105.1_prophage_6,5,GCF_003830105.1
GCF_003830155.1_prophage_3,20,GCF_003830155.1
GCF_003830985.1_prophage_2,1,GCF_003830985.1
GCF_003850685.1_prophage_1,3,GCF_003850685.1
GCF_003856615.1_prophage_9,20,GCF_003856615.1
GCF_003856635.1_prophage_2,18,GCF_003856635.1
GCF_003856675.1_prophage_6,12,GCF_003856675.1
GCF_003858725.1_prophage_3,12,GCF_003858725.1
GCF_003859235.1_prophage_1,2,GCF_003859235.1
GCF_003859245.1_prophage_3,12,GCF_003859245.1
GCF_003859345.1_prophage_2,17,GCF_003859345.1
GCF_003860185.1_prophage_2,14,GCF_003860185.1
GCF_003864835.1_prophage_5,12,GCF_003864835.1
GCF_003864875.2_prophage_1,7,GCF_003864875.2
GCF_003885035.1_prophage_2,20,GCF_003885035.1
GCF_003885215.1_prophage_8,2,GCF_003885215.1
GCF_003885915.1_prophage_6,11,GCF_003885915.1
GCF_003886005.1_prophage_2,1,GCF_003886005.1
GCF_003886175.1_prophage_7,16,GCF_003886175.1
GCF_003886245.1_prophage_1,2,GCF_003886245.1
GCF_003886295.1_prophage_1,8,GCF_003886295.1
GCF_003886375.1_prophage_3,2,GCF_003886375.1
GCF_003892455.1_prophage_5,14,GCF_003892455.1
GCF_003892455.1_prophage_6,1,GCF_003892455.1
GCF_003892485.1_prophage_1,3,GCF_003892485.1
GCF_003945485.1_prophage_3,4,GCF_003945485.1
GCF_003956165.1_prophage_2,3,GCF_003956165.1
GCF_003956185.1_prophage_4,1,GCF_003956185.1
GCF_003956265.1_prophage_7,1,GCF_003956265.1
GCF_003956305.1_prophage_1,20,GCF_003956305.1
GCF_003956325.1_prophage_5,1,GCF_003956325.1
GCF_003956445.1_prophage_2,3,GCF_003956445.1
GCF_003956445.1_prophage_3,15,GCF_003956445.1
GCF_003956465.1_prophage_4,15,GCF_003956465.1
GCF_003966425.1_prophage_4,15,GCF_003966425.1
GCF_003966465.1_prophage_16,2,GCF_003966465.1
GCF_003966465.1_prophage_4,2,GCF_003966465.1
GCF_003980375.1_prophage_6,12,GCF_003980375.1
GCF_003980455.1_prophage_2,15,GCF_003980455.1
GCF_003980495.1_prophage_1,4,GCF_003980495.1
GCF_003980525.1_prophage_8,15,GCF_003980525.1
GCF_003980665.1_prophage_3,2,GCF_003980665.1
GCF_003980855.1_prophage_7,18,GCF_003980855.1
GCF_003980985.1_prophage_3,13,GCF_003980985.1
GCF_003981055.1_prophage_1,1,GCF_003981055.1
GCF_003981145.1_prophage_6,7,GCF_003981145.1
GCF_003981235.1_prophage_4,7,GCF_003981235.1
GCF_003981275.1_prophage_3,20,GCF_003981275.1
GCF_003981435.1_prophage_4,7,GCF_003981435.1
GCF_003981445.1_prophage_1,12,GCF_003981445.1
GCF_003981445.1_prophage_2,3,GCF_003981445.1
GCF_003981475.1_prophage_5,12,GCF_003981475.1
GCF_003981555.1_prophage_2,1,GCF_003981555.1
GCF_003981975.1_prophage_1,2,GCF_003981975.1
GCF_003982065.1_prophage_2,1,GCF_003982065.1
GCF_003982155.1_prophage_3,13,GCF_003982155.1
GCF_003982155.1_prophage_4,14,GCF_003982155.1
GCF_003982275.1_prophage_2,14,GCF_003982275.1
GCF_003982355.1_prophage_3,13,GCF_003982355.1
GCF_003982365.1_prophage_2,20,GCF_003982365.1
GCF_003982445.1_prophage_1,16,GCF_003982445.1
GCF_003982495.1_prophage_1,16,GCF_003982495.1
GCF_003982755.1_prophage_2,16,GCF_003982755.1
GCF_003982765.1_prophage_1,18,GCF_003982765.1
GCF_003982895.1_prophage_5,1,GCF_003982895.1
GCF_003983055.1_prophage_1,3,GCF_003983055.1
GCF_003983155.1_prophage_3,12,GCF_003983155.1
GCF_003983435.1_prophage_5,10,GCF_003983435.1
GCF_003983585.1_prophage_5,16,GCF_003983585.1
GCF_003983595.1_prophage_3,15,GCF_003983595.1
GCF_003983615.1_prophage_2,13,GCF_003983615.1
GCF_003983685.1_prophage_2,2,GCF_003983685.1
GCF_003983725.1_prophage_2,14,GCF_003983725.1
GCF_003983725.1_prophage_4,7,GCF_003983725.1
GCF_003983795.1_prophage_3,13,GCF_003983795.1
GCF_003984145.1_prophage_3,13,GCF_003984145.1
GCF_003984145.1_prophage_6,1,GCF_003984145.1
GCF_003984195.1_prophage_2,14,GCF_003984195.1
GCF_003984275.1_prophage_3,1,GCF_003984275.1
GCF_003988315.1_prophage_5,1,GCF_003988315.1
GCF_003988315.1_prophage_6,20,GCF_003988315.1
GCF_003999775.1_prophage_10,10,GCF_003999775.1
GCF_003999815.1_prophage_3,17,GCF_003999815.1
GCF_004000365.1_prophage_1,8,GCF_004000365.1
GCF_004001145.1_prophage_4,2,GCF_004001145.1
GCF_004005005.1_prophage_1,9,GCF_004005005.1
GCF_004005345.1_prophage_4,2,GCF_004005345.1
GCF_004005785.1_prophage_1,14,GCF_004005785.1
GCF_004010575.1_prophage_6,2,GCF_004010575.1
GCF_004010615.1_prophage_4,3,GCF_004010615.1
GCF_004010635.1_prophage_8,2,GCF_004010635.1
GCF_004010655.1_prophage_1,1,GCF_004010655.1
GCF_004010675.1_prophage_2,20,GCF_004010675.1
GCF_004010675.1_prophage_6,4,GCF_004010675.1
GCF_004010695.1_prophage_2,2,GCF_004010695.1
GCF_004014735.1_prophage_7,10,GCF_004014735.1
GCF_004014735.1_prophage_8,20,GCF_004014735.1
GCF_004025925.1_prophage_6,20,GCF_004025925.1
GCF_004025935.1_prophage_9,3,GCF_004025935.1
GCF_004026045.1_prophage_6,5,GCF_004026045.1
GCF_004026055.1_prophage_4,20,GCF_004026055.1
GCF_004026055.1_prophage_9,2,GCF_004026055.1
GCF_004100085.1_prophage_4,1,GCF_004100085.1
GCF_004100285.1_prophage_4,5,GCF_004100285.1
GCF_004100305.1_prophage_12,8,GCF_004100305.1
GCF_004100305.1_prophage_4,1,GCF_004100305.1
GCF_004100395.1_prophage_3,1,GCF_004100395.1
GCF_004100395.1_prophage_4,11,GCF_004100395.1
GCF_004100655.1_prophage_4,10,GCF_004100655.1
GCF_004100725.1_prophage_4,18,GCF_004100725.1
GCF_004100735.1_prophage_4,20,GCF_004100735.1
GCF_004100835.1_prophage_6,12,GCF_004100835.1
GCF_004101055.1_prophage_3,1,GCF_004101055.1
GCF_004101145.1_prophage_1,15,GCF_004101145.1
GCF_004101155.1_prophage_4,15,GCF_004101155.1
GCF_004116695.1_prophage_2,5,GCF_004116695.1
GCF_004116855.1_prophage_7,3,GCF_004116855.1
GCF_004118915.1_prophage_10,2,GCF_004118915.1
GCF_004118915.1_prophage_15,2,GCF_004118915.1
GCF_004120975.1_prophage_3,8,GCF_004120975.1
GCF_004122295.1_prophage_2,12,GCF_004122295.1
GCF_004122395.1_prophage_1,2,GCF_004122395.1
GCF_004122525.1_prophage_1,20,GCF_004122525.1
GCF_004137365.1_prophage_11,3,GCF_004137365.1
GCF_004137365.1_prophage_13,2,GCF_004137365.1
GCF_004137365.1_prophage_2,2,GCF_004137365.1
GCF_004145705.1_prophage_4,17,GCF_004145705.1
GCF_004151095.1_prophage_3,1,GCF_004151095.1
GCF_004153055.1_prophage_2,14,GCF_004153055.1
GCF_004153125.1_prophage_2,10,GCF_004153125.1
GCF_004170465.1_prophage_4,11,GCF_004170465.1
GCF_004170475.1_prophage_4,14,GCF_004170475.1
GCF_004170765.1_prophage_1,2,GCF_004170765.1
GCF_004171175.1_prophage_1,8,GCF_004171175.1
GCF_004171315.1_prophage_2,4,GCF_004171315.1
GCF_004171555.1_prophage_5,11,GCF_004171555.1
GCF_004171565.1_prophage_4,8,GCF_004171565.1
GCF_004171605.1_prophage_2,8,GCF_004171605.1
GCF_004172045.1_prophage_3,15,GCF_004172045.1
GCF_004172115.1_prophage_4,12,GCF_004172115.1
GCF_004172215.1_prophage_5,8,GCF_004172215.1
GCF_004193155.1_prophage_1,9,GCF_004193155.1
GCF_004193155.1_prophage_6,15,GCF_004193155.1
GCF_004282295.1_prophage_3,8,GCF_004282295.1
GCF_004282585.1_prophage_1,20,GCF_004282585.1
GCF_004282635.1_prophage_4,13,GCF_004282635.1
GCF_004282645.1_prophage_4,3,GCF_004282645.1
GCF_004282685.1_prophage_2,3,GCF_004282685.1
GCF_004283295.1_prophage_2,3,GCF_004283295.1
GCF_004283415.1_prophage_3,12,GCF_004283415.1
GCF_004283435.1_prophage_4,8,GCF_004283435.1
GCF_004283725.1_prophage_6,3,GCF_004283725.1
GCF_004283855.1_prophage_1,15,GCF_004283855.1
GCF_004283945.1_prophage_3,3,GCF_004283945.1
GCF_004284005.1_prophage_8,14,GCF_004284005.1
GCF_004284165.1_prophage_3,2,GCF_004284165.1
GCF_004284235.1_prophage_3,10,GCF_004284235.1
GCF_004284435.1_prophage_2,10,GCF_004284435.1
GCF_004309665.1_prophage_7,10,GCF_004309665.1
GCF_004331785.1_prophage_5,15,GCF_004331785.1
GCF_004344805.1_prophage_1,1,GCF_004344805.1
GCF_004344875.1_prophage_4,7,GCF_004344875.1
GCF_004355105.2_prophage_5,7,GCF_004355105.2
GCF_004357845.1_prophage_3,3,GCF_004357845.1
GCF_004358365.1_prophage_4,10,GCF_004358365.1
GCF_004358985.1_prophage_2,10,GCF_004358985.1
GCF_004368015.1_prophage_4,1,GCF_004368015.1
GCF_004377725.1_prophage_5,17,GCF_004377725.1
GCF_004377895.1_prophage_4,13,GCF_004377895.1
GCF_004377985.1_prophage_3,17,GCF_004377985.1
GCF_004378205.1_prophage_1,20,GCF_004378205.1
GCF_004380335.1_prophage_4,5,GCF_004380335.1
GCF_004380335.1_prophage_5,7,GCF_004380335.1
GCF_004380355.1_prophage_4,17,GCF_004380355.1
GCF_004380425.1_prophage_2,14,GCF_004380425.1
GCF_004380545.1_prophage_2,4,GCF_004380545.1
GCF_004380855.1_prophage_6,1,GCF_004380855.1
GCF_004405205.2_prophage_1,13,GCF_004405205.2
GCF_004522275.1_prophage_3,19,GCF_004522275.1
GCF_004522275.1_prophage_5,3,GCF_004522275.1
GCF_004522495.1_prophage_2,3,GCF_004522495.1
GCF_004522515.1_prophage_1,15,GCF_004522515.1
GCF_004522775.1_prophage_4,20,GCF_004522775.1
GCF_004522905.1_prophage_5,15,GCF_004522905.1
GCF_004523095.1_prophage_2,5,GCF_004523095.1
GCF_004523125.1_prophage_1,18,GCF_004523125.1
GCF_004523445.1_prophage_1,20,GCF_004523445.1
GCF_004523515.1_prophage_2,15,GCF_004523515.1
GCF_004523715.1_prophage_1,7,GCF_004523715.1
GCF_004566415.1_prophage_3,19,GCF_004566415.1
GCF_004566465.1_prophage_3,3,GCF_004566465.1
GCF_004567005.1_prophage_2,15,GCF_004567005.1
GCF_004567075.1_prophage_10,1,GCF_004567075.1
GCF_004567115.1_prophage_3,7,GCF_004567115.1
GCF_004567225.1_prophage_6,1,GCF_004567225.1
GCF_004567255.1_prophage_1,8,GCF_004567255.1
GCF_004567585.1_prophage_4,18,GCF_004567585.1
GCF_004567595.1_prophage_4,9,GCF_004567595.1
GCF_004567675.1_prophage_3,14,GCF_004567675.1
GCF_004567725.1_prophage_3,1,GCF_004567725.1
GCF_004567935.1_prophage_5,8,GCF_004567935.1
GCF_004567975.1_prophage_2,18,GCF_004567975.1
GCF_004568135.1_prophage_2,3,GCF_004568135.1
GCF_004568245.1_prophage_7,14,GCF_004568245.1
GCF_004568255.1_prophage_7,2,GCF_004568255.1
GCF_004568295.1_prophage_2,1,GCF_004568295.1
GCF_004568345.1_prophage_3,10,GCF_004568345.1
GCF_004568575.1_prophage_2,1,GCF_004568575.1
GCF_004568605.1_prophage_5,13,GCF_004568605.1
GCF_004568605.1_prophage_8,3,GCF_004568605.1
GCF_004568615.1_prophage_5,1,GCF_004568615.1
GCF_004568675.1_prophage_2,6,GCF_004568675.1
GCF_004568895.1_prophage_8,1,GCF_004568895.1
GCF_004568925.1_prophage_2,3,GCF_004568925.1
GCF_004569695.1_prophage_1,3,GCF_004569695.1
GCF_004569745.1_prophage_4,10,GCF_004569745.1
GCF_004569835.1_prophage_7,20,GCF_004569835.1
GCF_004569925.1_prophage_2,1,GCF_004569925.1
GCF_004661615.1_prophage_5,2,GCF_004661615.1
GCF_004661695.1_prophage_2,3,GCF_004661695.1
GCF_004664255.1_prophage_1,1,GCF_004664255.1
GCF_004664415.1_prophage_1,13,GCF_004664415.1
GCF_004664525.1_prophage_3,2,GCF_004664525.1
GCF_004664615.1_prophage_1,1,GCF_004664615.1
GCF_004664615.1_prophage_4,14,GCF_004664615.1
GCF_004681485.1_prophage_2,15,GCF_004681485.1
GCF_004681485.1_prophage_7,1,GCF_004681485.1
GCF_004681485.1_prophage_8,1,GCF_004681485.1
GCF_004745675.1_prophage_2,10,GCF_004745675.1
GCF_004745695.1_prophage_1,20,GCF_004745695.1
GCF_004766675.1_prophage_8,5,GCF_004766675.1
GCF_004766745.1_prophage_1,3,GCF_004766745.1
GCF_004766755.1_prophage_8,7,GCF_004766755.1
GCF_004766845.1_prophage_1,13,GCF_004766845.1
GCF_004766855.1_prophage_3,10,GCF_004766855.1
GCF_004766925.1_prophage_6,3,GCF_004766925.1
GCF_004767305.1_prophage_7,11,GCF_004767305.1
GCF_004767495.1_prophage_4,13,GCF_004767495.1
GCF_004767715.1_prophage_4,1,GCF_004767715.1
GCF_004767725.1_prophage_3,12,GCF_004767725.1
GCF_004768045.1_prophage_2,12,GCF_004768045.1
GCF_004768245.1_prophage_1,10,GCF_004768245.1
GCF_004792495.1_prophage_3,14,GCF_004792495.1
GCF_004792775.1_prophage_3,3,GCF_004792775.1
GCF_004793105.1_prophage_1,12,GCF_004793105.1
GCF_004793325.1_prophage_3,13,GCF_004793325.1
GCF_004795565.1_prophage_1,4,GCF_004795565.1
GCF_004796805.1_prophage_4,16,GCF_004796805.1
GCF_004796895.1_prophage_1,13,GCF_004796895.1
GCF_004796895.1_prophage_2,15,GCF_004796895.1
GCF_004796905.1_prophage_4,15,GCF_004796905.1
GCF_004797675.1_prophage_1,13,GCF_004797675.1
GCF_004797955.1_prophage_1,15,GCF_004797955.1
GCF_004801575.1_prophage_4,8,GCF_004801575.1
GCF_004803005.1_prophage_4,7,GCF_004803005.1
GCF_004803985.1_prophage_2,17,GCF_004803985.1
GCF_004804095.1_prophage_6,14,GCF_004804095.1
GCF_004924255.1_prophage_1,1,GCF_004924255.1
GCF_004924275.1_prophage_2,8,GCF_004924275.1
GCF_004960095.1_prophage_3,20,GCF_004960095.1
GCF_004960505.1_prophage_6,13,GCF_004960505.1
GCF_004960515.1_prophage_5,3,GCF_004960515.1
GCF_004960645.1_prophage_8,8,GCF_004960645.1
GCF_004960745.1_prophage_3,16,GCF_004960745.1
GCF_004960805.1_prophage_3,20,GCF_004960805.1
GCF_004960915.1_prophage_7,8,GCF_004960915.1
GCF_004961025.1_prophage_3,10,GCF_004961025.1
GCF_005037715.1_prophage_11,7,GCF_005037715.1
GCF_005037715.1_prophage_7,1,GCF_005037715.1
GCF_005037725.1_prophage_4,2,GCF_005037725.1
GCF_005037845.1_prophage_11,1,GCF_005037845.1
GCF_005037915.1_prophage_2,12,GCF_005037915.1
GCF_005037995.1_prophage_1,12,GCF_005037995.1
GCF_005038345.1_prophage_3,13,GCF_005038345.1
GCF_005038395.1_prophage_1,17,GCF_005038395.1
GCF_005038555.1_prophage_1,18,GCF_005038555.1
GCF_005039015.1_prophage_2,20,GCF_005039015.1
GCF_005039375.1_prophage_1,17,GCF_005039375.1
GCF_005040195.1_prophage_1,15,GCF_005040195.1
GCF_005040195.1_prophage_8,7,GCF_005040195.1
GCF_005040215.1_prophage_6,4,GCF_005040215.1
GCF_005040235.1_prophage_3,12,GCF_005040235.1
GCF_005040235.1_prophage_4,4,GCF_005040235.1
GCF_005040525.1_prophage_3,9,GCF_005040525.1
GCF_005040545.1_prophage_4,9,GCF_005040545.1
GCF_005040655.1_prophage_2,4,GCF_005040655.1
GCF_005040735.1_prophage_3,16,GCF_005040735.1
GCF_005040735.1_prophage_9,12,GCF_005040735.1
GCF_005040745.1_prophage_5,3,GCF_005040745.1
GCF_005040835.1_prophage_6,13,GCF_005040835.1
GCF_005041175.1_prophage_4,15,GCF_005041175.1
GCF_005041375.1_prophage_5,15,GCF_005041375.1
GCF_005041625.1_prophage_2,3,GCF_005041625.1
GCF_005041625.1_prophage_3,4,GCF_005041625.1
GCF_005041625.1_prophage_5,14,GCF_005041625.1
GCF_005041705.1_prophage_1,1,GCF_005041705.1
GCF_005041785.1_prophage_3,4,GCF_005041785.1
GCF_005042035.1_prophage_4,2,GCF_005042035.1
GCF_005042055.1_prophage_1,10,GCF_005042055.1
GCF_005042075.1_prophage_2,4,GCF_005042075.1
GCF_005042175.1_prophage_11,2,GCF_005042175.1
GCF_005042225.1_prophage_3,2,GCF_005042225.1
GCF_005042235.1_prophage_6,9,GCF_005042235.1
GCF_005042495.1_prophage_3,7,GCF_005042495.1
GCF_005042585.1_prophage_4,2,GCF_005042585.1
GCF_005042705.1_prophage_2,17,GCF_005042705.1
GCF_005042785.1_prophage_3,20,GCF_005042785.1
GCF_005043105.1_prophage_6,6,GCF_005043105.1
GCF_005043175.1_prophage_4,15,GCF_005043175.1
GCF_005043215.1_prophage_5,3,GCF_005043215.1
GCF_005043335.1_prophage_2,10,GCF_005043335.1
GCF_005043335.1_prophage_3,4,GCF_005043335.1
GCF_005043425.1_prophage_7,9,GCF_005043425.1
GCF_005043715.1_prophage_2,15,GCF_005043715.1
GCF_005043825.1_prophage_5,10,GCF_005043825.1
GCF_005043955.1_prophage_8,10,GCF_005043955.1
GCF_005044005.1_prophage_8,9,GCF_005044005.1
GCF_005044075.1_prophage_6,15,GCF_005044075.1
GCF_005044395.1_prophage_5,16,GCF_005044395.1
GCF_005044635.1_prophage_4,15,GCF_005044635.1
GCF_005044635.1_prophage_7,2,GCF_005044635.1
GCF_005044775.1_prophage_8,6,GCF_005044775.1
GCF_005044995.1_prophage_1,11,GCF_005044995.1
GCF_005045155.1_prophage_4,4,GCF_005045155.1
GCF_005045425.1_prophage_3,1,GCF_005045425.1
GCF_005045525.1_prophage_3,14,GCF_005045525.1
GCF_005045575.1_prophage_2,20,GCF_005045575.1
GCF_005045715.1_prophage_5,18,GCF_005045715.1
GCF_005045715.1_prophage_8,15,GCF_005045715.1
GCF_005045735.1_prophage_1,16,GCF_005045735.1
GCF_005045745.1_prophage_2,16,GCF_005045745.1
GCF_005045935.1_prophage_5,12,GCF_005045935.1
GCF_005046455.1_prophage_2,4,GCF_005046455.1
GCF_005046545.1_prophage_5,12,GCF_005046545.1
GCF_005046555.1_prophage_1,20,GCF_005046555.1
GCF_005046555.1_prophage_3,6,GCF_005046555.1
GCF_005046675.1_prophage_4,1,GCF_005046675.1
GCF_005046895.1_prophage_7,7,GCF_005046895.1
GCF_005221605.1_prophage_7,2,GCF_005221605.1
GCF_005221645.1_prophage_16,1,GCF_005221645.1
GCF_005221685.1_prophage_1,2,GCF_005221685.1
GCF_005221685.1_prophage_11,2,GCF_005221685.1
GCF_005221705.1_prophage_1,2,GCF_005221705.1
GCF_005221705.1_prophage_10,16,GCF_005221705.1
GCF_005221745.1_prophage_2,2,GCF_005221745.1
GCF_005221745.1_prophage_7,2,GCF_005221745.1
GCF_005221825.1_prophage_2,2,GCF_005221825.1
GCF_005221865.1_prophage_4,3,GCF_005221865.1
GCF_005221865.1_prophage_5,15,GCF_005221865.1
GCF_005221865.1_prophage_9,1,GCF_005221865.1
GCF_005221885.1_prophage_6,2,GCF_005221885.1
GCF_005221945.1_prophage_9,1,GCF_005221945.1
GCF_005221965.1_prophage_5,15,GCF_005221965.1
GCF_005221985.1_prophage_4,3,GCF_005221985.1
GCF_005222045.1_prophage_1,2,GCF_005222045.1
GCF_005222065.1_prophage_11,2,GCF_005222065.1
GCF_005222305.1_prophage_13,2,GCF_005222305.1
GCF_005222385.1_prophage_11,2,GCF_005222385.1
GCF_005222405.1_prophage_12,1,GCF_005222405.1
GCF_005222445.1_prophage_10,2,GCF_005222445.1
GCF_005380605.1_prophage_5,7,GCF_005380605.1
GCF_005380685.1_prophage_5,12,GCF_005380685.1
GCF_005380765.1_prophage_2,12,GCF_005380765.1
GCF_005380845.1_prophage_3,3,GCF_005380845.1
GCF_005380865.1_prophage_7,7,GCF_005380865.1
GCF_005380985.1_prophage_1,12,GCF_005380985.1
GCF_005381085.1_prophage_1,2,GCF_005381085.1
GCF_005381125.1_prophage_6,1,GCF_005381125.1
GCF_005381205.1_prophage_6,4,GCF_005381205.1
GCF_005381345.1_prophage_8,3,GCF_005381345.1
GCF_005381525.1_prophage_4,20,GCF_005381525.1
GCF_005381545.1_prophage_5,14,GCF_005381545.1
GCF_005381605.1_prophage_3,13,GCF_005381605.1
GCF_005381985.1_prophage_2,3,GCF_005381985.1
GCF_005382065.1_prophage_4,19,GCF_005382065.1
GCF_005382325.1_prophage_7,13,GCF_005382325.1
GCF_005382425.1_prophage_1,16,GCF_005382425.1
GCF_005382465.1_prophage_3,15,GCF_005382465.1
GCF_005382545.1_prophage_2,16,GCF_005382545.1
GCF_005382585.1_prophage_5,15,GCF_005382585.1
GCF_005382655.1_prophage_3,2,GCF_005382655.1
GCF_005382705.1_prophage_3,15,GCF_005382705.1
GCF_005382865.1_prophage_3,13,GCF_005382865.1
GCF_005382885.1_prophage_8,2,GCF_005382885.1
GCF_005382905.1_prophage_2,2,GCF_005382905.1
GCF_005382965.1_prophage_2,3,GCF_005382965.1
GCF_005383065.1_prophage_6,17,GCF_005383065.1
GCF_005383305.1_prophage_4,17,GCF_005383305.1
GCF_005383325.1_prophage_3,13,GCF_005383325.1
GCF_005383345.1_prophage_1,18,GCF_005383345.1
GCF_005383385.1_prophage_1,15,GCF_005383385.1
GCF_005383385.1_prophage_2,1,GCF_005383385.1
GCF_005383465.1_prophage_1,9,GCF_005383465.1
GCF_005383545.1_prophage_2,1,GCF_005383545.1
GCF_005383545.1_prophage_4,14,GCF_005383545.1
GCF_005383545.1_prophage_7,13,GCF_005383545.1
GCF_005383665.1_prophage_2,3,GCF_005383665.1
GCF_005383905.1_prophage_1,3,GCF_005383905.1
GCF_005383945.1_prophage_3,3,GCF_005383945.1
GCF_005384025.1_prophage_1,16,GCF_005384025.1
GCF_005384045.1_prophage_1,12,GCF_005384045.1
GCF_005384045.1_prophage_4,15,GCF_005384045.1
GCF_005384085.1_prophage_1,12,GCF_005384085.1
GCF_005384265.1_prophage_5,8,GCF_005384265.1
GCF_005384425.1_prophage_4,19,GCF_005384425.1
GCF_005384465.1_prophage_3,20,GCF_005384465.1
GCF_005384565.1_prophage_2,8,GCF_005384565.1
GCF_005385065.1_prophage_4,16,GCF_005385065.1
GCF_005385205.1_prophage_1,7,GCF_005385205.1
GCF_005385285.1_prophage_3,12,GCF_005385285.1
GCF_005385425.1_prophage_5,8,GCF_005385425.1
GCF_005385425.1_prophage_7,12,GCF_005385425.1
GCF_005385665.1_prophage_4,10,GCF_005385665.1
GCF_005385865.1_prophage_5,11,GCF_005385865.1
GCF_005385985.1_prophage_4,12,GCF_005385985.1
GCF_005386105.1_prophage_7,3,GCF_005386105.1
GCF_005386125.1_prophage_1,16,GCF_005386125.1
GCF_005386165.1_prophage_3,7,GCF_005386165.1
GCF_005386345.1_prophage_1,2,GCF_005386345.1
GCF_005386585.1_prophage_5,1,GCF_005386585.1
GCF_005386745.1_prophage_3,3,GCF_005386745.1
GCF_005386965.1_prophage_4,9,GCF_005386965.1
GCF_005387025.1_prophage_5,19,GCF_005387025.1
GCF_005387225.1_prophage_3,14,GCF_005387225.1
GCF_005387405.1_prophage_2,3,GCF_005387405.1
GCF_005387445.1_prophage_2,20,GCF_005387445.1
GCF_005387705.1_prophage_5,19,GCF_005387705.1
GCF_005387735.1_prophage_5,4,GCF_005387735.1
GCF_005387835.1_prophage_4,13,GCF_005387835.1
GCF_005387885.1_prophage_6,9,GCF_005387885.1
GCF_005387925.1_prophage_1,15,GCF_005387925.1
GCF_005387925.1_prophage_3,1,GCF_005387925.1
GCF_005388185.1_prophage_3,4,GCF_005388185.1
GCF_005388245.1_prophage_1,18,GCF_005388245.1
GCF_005388305.1_prophage_4,7,GCF_005388305.1
GCF_005388385.1_prophage_2,6,GCF_005388385.1
GCF_005388385.1_prophage_8,19,GCF_005388385.1
GCF_005388565.1_prophage_10,18,GCF_005388565.1
GCF_005388625.1_prophage_3,14,GCF_005388625.1
GCF_005388645.1_prophage_1,1,GCF_005388645.1
GCF_005388645.1_prophage_2,19,GCF_005388645.1
GCF_005388785.1_prophage_1,1,GCF_005388785.1
GCF_005388905.1_prophage_1,13,GCF_005388905.1
GCF_005388925.1_prophage_4,1,GCF_005388925.1
GCF_005389005.1_prophage_5,7,GCF_005389005.1
GCF_005389045.1_prophage_1,13,GCF_005389045.1
GCF_005389085.1_prophage_3,15,GCF_005389085.1
GCF_005389105.1_prophage_2,1,GCF_005389105.1
GCF_005389185.1_prophage_1,13,GCF_005389185.1
GCF_005389185.1_prophage_4,2,GCF_005389185.1
GCF_005389385.1_prophage_7,1,GCF_005389385.1
GCF_005389405.1_prophage_1,3,GCF_005389405.1
GCF_005389665.1_prophage_2,12,GCF_005389665.1
GCF_005389665.1_prophage_3,10,GCF_005389665.1
GCF_005389745.1_prophage_1,20,GCF_005389745.1
GCF_005389905.1_prophage_4,14,GCF_005389905.1
GCF_005390205.1_prophage_4,13,GCF_005390205.1
GCF_005390225.1_prophage_5,20,GCF_005390225.1
GCF_005390365.1_prophage_6,1,GCF_005390365.1
GCF_005390705.1_prophage_3,12,GCF_005390705.1
GCF_005390705.1_prophage_6,12,GCF_005390705.1
GCF_005390725.1_prophage_1,9,GCF_005390725.1
GCF_005390725.1_prophage_4,6,GCF_005390725.1
GCF_005390725.1_prophage_5,3,GCF_005390725.1
GCF_005390865.1_prophage_4,16,GCF_005390865.1
GCF_005391065.1_prophage_5,2,GCF_005391065.1
GCF_005391105.1_prophage_5,16,GCF_005391105.1
GCF_005391125.1_prophage_5,1,GCF_005391125.1
GCF_005391165.1_prophage_4,11,GCF_005391165.1
GCF_005391165.1_prophage_8,3,GCF_005391165.1
GCF_005391285.2_prophage_8,1,GCF_005391285.2
GCF_005391305.1_prophage_6,20,GCF_005391305.1
GCF_005391885.1_prophage_5,15,GCF_005391885.1
GCF_005391945.1_prophage_5,10,GCF_005391945.1
GCF_005391965.1_prophage_8,9,GCF_005391965.1
GCF_005391985.1_prophage_2,6,GCF_005391985.1
GCF_005392245.1_prophage_2,15,GCF_005392245.1
GCF_005392265.1_prophage_4,20,GCF_005392265.1
GCF_005392305.1_prophage_5,17,GCF_005392305.1
GCF_005392305.1_prophage_8,3,GCF_005392305.1
GCF_005392345.1_prophage_1,13,GCF_005392345.1
GCF_005392385.1_prophage_2,4,GCF_005392385.1
GCF_005392385.1_prophage_4,12,GCF_005392385.1
GCF_005392505.1_prophage_1,10,GCF_005392505.1
GCF_005392585.1_prophage_3,10,GCF_005392585.1
GCF_005392685.1_prophage_4,15,GCF_005392685.1
GCF_005392725.1_prophage_1,7,GCF_005392725.1
GCF_005392765.1_prophage_10,20,GCF_005392765.1
GCF_005392785.1_prophage_1,11,GCF_005392785.1
GCF_005392845.1_prophage_1,16,GCF_005392845.1
GCF_005392935.1_prophage_11,7,GCF_005392935.1
GCF_005393145.1_prophage_2,14,GCF_005393145.1
GCF_005393365.1_prophage_1,14,GCF_005393365.1
GCF_005393365.1_prophage_6,2,GCF_005393365.1
GCF_005393845.1_prophage_3,12,GCF_005393845.1
GCF_005393945.1_prophage_7,6,GCF_005393945.1
GCF_005393965.1_prophage_1,9,GCF_005393965.1
GCF_005394465.1_prophage_2,11,GCF_005394465.1
GCF_005394585.1_prophage_1,15,GCF_005394585.1
GCF_005394705.1_prophage_4,13,GCF_005394705.1
GCF_005394725.1_prophage_3,17,GCF_005394725.1
GCF_005394845.1_prophage_3,7,GCF_005394845.1
GCF_005394945.1_prophage_2,10,GCF_005394945.1
GCF_005394985.1_prophage_9,14,GCF_005394985.1
GCF_005395105.1_prophage_6,3,GCF_005395105.1
GCF_005395265.1_prophage_1,2,GCF_005395265.1
GCF_005395385.1_prophage_9,3,GCF_005395385.1
GCF_005395545.1_prophage_2,2,GCF_005395545.1
GCF_005395585.1_prophage_4,13,GCF_005395585.1
GCF_005395585.1_prophage_5,12,GCF_005395585.1
GCF_005395745.1_prophage_3,10,GCF_005395745.1
GCF_005395785.1_prophage_3,1,GCF_005395785.1
GCF_005395945.1_prophage_3,9,GCF_005395945.1
GCF_005395945.1_prophage_4,2,GCF_005395945.1
GCF_005396025.1_prophage_4,13,GCF_005396025.1
GCF_005396165.1_prophage_5,10,GCF_005396165.1
GCF_005396205.1_prophage_3,3,GCF_005396205.1
GCF_005396245.1_prophage_3,13,GCF_005396245.1
GCF_005396405.1_prophage_2,1,GCF_005396405.1
GCF_005396545.1_prophage_3,8,GCF_005396545.1
GCF_005396565.1_prophage_3,12,GCF_005396565.1
GCF_005396845.1_prophage_3,20,GCF_005396845.1
GCF_005396925.1_prophage_5,20,GCF_005396925.1
GCF_005396985.1_prophage_7,3,GCF_005396985.1
GCF_005397085.1_prophage_4,16,GCF_005397085.1
GCF_005397105.1_prophage_1,12,GCF_005397105.1
GCF_005397125.1_prophage_8,12,GCF_005397125.1
GCF_005397145.1_prophage_8,15,GCF_005397145.1
GCF_005397165.1_prophage_6,3,GCF_005397165.1
GCF_005397185.1_prophage_4,7,GCF_005397185.1
GCF_005397225.1_prophage_1,8,GCF_005397225.1
GCF_005397245.1_prophage_2,1,GCF_005397245.1
GCF_005397265.1_prophage_3,3,GCF_005397265.1
GCF_005397325.1_prophage_4,7,GCF_005397325.1
GCF_005397405.1_prophage_7,3,GCF_005397405.1
GCF_005397465.1_prophage_4,14,GCF_005397465.1
GCF_005397585.1_prophage_2,1,GCF_005397585.1
GCF_005397605.1_prophage_1,18,GCF_005397605.1
GCF_005397805.1_prophage_6,3,GCF_005397805.1
GCF_005397825.1_prophage_3,12,GCF_005397825.1
GCF_005397945.1_prophage_2,5,GCF_005397945.1
GCF_005397985.1_prophage_1,3,GCF_005397985.1
GCF_005398085.1_prophage_2,2,GCF_005398085.1
GCF_005398165.1_prophage_5,3,GCF_005398165.1
GCF_005398245.1_prophage_1,14,GCF_005398245.1
GCF_005398265.1_prophage_4,12,GCF_005398265.1
GCF_005398285.1_prophage_5,17,GCF_005398285.1
GCF_005398705.1_prophage_4,14,GCF_005398705.1
GCF_005398725.1_prophage_7,3,GCF_005398725.1
GCF_005398745.1_prophage_4,5,GCF_005398745.1
GCF_005398785.1_prophage_8,14,GCF_005398785.1
GCF_005398845.1_prophage_1,3,GCF_005398845.1
GCF_005398885.1_prophage_6,17,GCF_005398885.1
GCF_005398945.1_prophage_2,1,GCF_005398945.1
GCF_005399165.1_prophage_6,20,GCF_005399165.1
GCF_005399165.1_prophage_8,3,GCF_005399165.1
GCF_005399205.1_prophage_3,3,GCF_005399205.1
GCF_005399245.1_prophage_1,14,GCF_005399245.1
GCF_005399265.1_prophage_1,5,GCF_005399265.1
GCF_005399405.1_prophage_2,14,GCF_005399405.1
GCF_005399645.1_prophage_6,13,GCF_005399645.1
GCF_005399885.1_prophage_3,9,GCF_005399885.1
GCF_005399985.1_prophage_5,13,GCF_005399985.1
GCF_005400085.1_prophage_4,1,GCF_005400085.1
GCF_005400465.1_prophage_12,11,GCF_005400465.1
GCF_005400765.1_prophage_1,10,GCF_005400765.1
GCF_005401165.1_prophage_5,15,GCF_005401165.1
GCF_005401425.1_prophage_3,10,GCF_005401425.1
GCF_005401425.1_prophage_4,13,GCF_005401425.1
GCF_005401685.1_prophage_4,16,GCF_005401685.1
GCF_005401785.1_prophage_8,4,GCF_005401785.1
GCF_005401925.1_prophage_5,14,GCF_005401925.1
GCF_005402005.1_prophage_2,13,GCF_005402005.1
GCF_005402105.1_prophage_1,10,GCF_005402105.1
GCF_005402385.1_prophage_1,1,GCF_005402385.1
GCF_005502265.1_prophage_6,6,GCF_005502265.1
GCF_005508815.1_prophage_4,7,GCF_005508815.1
GCF_005670845.1_prophage_7,13,GCF_005670845.1
GCF_005670875.1_prophage_9,13,GCF_005670875.1
GCF_005671055.1_prophage_1,2,GCF_005671055.1
GCF_005671115.1_prophage_5,1,GCF_005671115.1
GCF_005671135.1_prophage_1,20,GCF_005671135.1
GCF_005671145.1_prophage_1,1,GCF_005671145.1
GCF_005671145.1_prophage_6,8,GCF_005671145.1
GCF_005671315.1_prophage_3,18,GCF_005671315.1
GCF_005671315.1_prophage_6,20,GCF_005671315.1
GCF_005673435.1_prophage_7,1,GCF_005673435.1
GCF_005844555.1_prophage_1,12,GCF_005844555.1
GCF_005869145.1_prophage_5,1,GCF_005869145.1
GCF_005885955.1_prophage_11,2,GCF_005885955.1
GCF_005885955.1_prophage_9,1,GCF_005885955.1
GCF_005889615.1_prophage_1,19,GCF_005889615.1
GCF_005889655.1_prophage_6,17,GCF_005889655.1
GCF_006229365.1_prophage_2,8,GCF_006229365.1
GCF_006229485.1_prophage_5,10,GCF_006229485.1
GCF_006229525.1_prophage_2,18,GCF_006229525.1
GCF_006229635.1_prophage_5,10,GCF_006229635.1
GCF_006229655.1_prophage_5,5,GCF_006229655.1
GCF_006229705.1_prophage_4,11,GCF_006229705.1
GCF_006229755.1_prophage_7,3,GCF_006229755.1
GCF_006229755.1_prophage_8,19,GCF_006229755.1
GCF_006229795.1_prophage_7,3,GCF_006229795.1
GCF_006229965.1_prophage_4,20,GCF_006229965.1
GCF_006229965.1_prophage_6,5,GCF_006229965.1
GCF_006230035.1_prophage_1,1,GCF_006230035.1
GCF_006230075.1_prophage_2,13,GCF_006230075.1
GCF_006230195.1_prophage_4,7,GCF_006230195.1
GCF_006230245.1_prophage_1,4,GCF_006230245.1
GCF_006230315.1_prophage_4,16,GCF_006230315.1
GCF_006230475.1_prophage_4,13,GCF_006230475.1
GCF_006230715.1_prophage_5,19,GCF_006230715.1
GCF_006230715.1_prophage_8,6,GCF_006230715.1
GCF_006230745.1_prophage_8,12,GCF_006230745.1
GCF_006230825.1_prophage_3,18,GCF_006230825.1
GCF_006230855.1_prophage_6,18,GCF_006230855.1
GCF_006230925.1_prophage_6,11,GCF_006230925.1
GCF_006230935.1_prophage_1,2,GCF_006230935.1
GCF_006231115.1_prophage_1,5,GCF_006231115.1
GCF_006231155.1_prophage_2,1,GCF_006231155.1
GCF_006231205.1_prophage_1,13,GCF_006231205.1
GCF_006231425.1_prophage_3,16,GCF_006231425.1
GCF_006231525.1_prophage_3,7,GCF_006231525.1
GCF_006231735.1_prophage_3,20,GCF_006231735.1
GCF_006231875.1_prophage_5,20,GCF_006231875.1
GCF_006232095.1_prophage_3,20,GCF_006232095.1
GCF_006232615.1_prophage_1,19,GCF_006232615.1
GCF_006232615.1_prophage_9,2,GCF_006232615.1
GCF_006232635.1_prophage_5,1,GCF_006232635.1
GCF_006232745.1_prophage_2,17,GCF_006232745.1
GCF_006232895.1_prophage_2,12,GCF_006232895.1
GCF_006232955.1_prophage_3,1,GCF_006232955.1
GCF_006233125.1_prophage_3,1,GCF_006233125.1
GCF_006233435.1_prophage_5,19,GCF_006233435.1
GCF_006233475.1_prophage_4,11,GCF_006233475.1
GCF_006233715.1_prophage_1,3,GCF_006233715.1
GCF_006233995.1_prophage_5,18,GCF_006233995.1
GCF_006233995.1_prophage_7,15,GCF_006233995.1
GCF_006234165.1_prophage_3,10,GCF_006234165.1
GCF_006234175.1_prophage_5,1,GCF_006234175.1
GCF_006234245.1_prophage_2,5,GCF_006234245.1
GCF_006234245.1_prophage_3,20,GCF_006234245.1
GCF_006234255.1_prophage_7,8,GCF_006234255.1
GCF_006234265.1_prophage_7,18,GCF_006234265.1
GCF_006234355.1_prophage_7,2,GCF_006234355.1
GCF_006234575.1_prophage_6,1,GCF_006234575.1
GCF_006234795.1_prophage_2,19,GCF_006234795.1
GCF_006234815.1_prophage_2,19,GCF_006234815.1
GCF_006234855.1_prophage_4,10,GCF_006234855.1
GCF_006234855.1_prophage_7,1,GCF_006234855.1
GCF_006234905.1_prophage_6,16,GCF_006234905.1
GCF_006234945.1_prophage_5,2,GCF_006234945.1
GCF_006234955.1_prophage_1,1,GCF_006234955.1
GCF_006234975.1_prophage_2,7,GCF_006234975.1
GCF_006235025.1_prophage_2,3,GCF_006235025.1
GCF_006235115.1_prophage_1,3,GCF_006235115.1
GCF_006235155.1_prophage_3,20,GCF_006235155.1
GCF_006235245.1_prophage_2,20,GCF_006235245.1
GCF_006235245.1_prophage_3,20,GCF_006235245.1
GCF_006235255.1_prophage_6,10,GCF_006235255.1
GCF_006235315.1_prophage_4,19,GCF_006235315.1
GCF_006235575.1_prophage_4,2,GCF_006235575.1
GCF_006235655.1_prophage_3,18,GCF_006235655.1
GCF_006235735.1_prophage_2,1,GCF_006235735.1
GCF_006235985.1_prophage_6,15,GCF_006235985.1
GCF_006236005.1_prophage_3,17,GCF_006236005.1
GCF_006236185.1_prophage_1,2,GCF_006236185.1
GCF_006236345.1_prophage_2,1,GCF_006236345.1
GCF_006236395.1_prophage_1,2,GCF_006236395.1
GCF_006236465.1_prophage_2,15,GCF_006236465.1
GCF_006236465.1_prophage_6,1,GCF_006236465.1
GCF_006236605.1_prophage_2,3,GCF_006236605.1
GCF_006237055.1_prophage_3,15,GCF_006237055.1
GCF_006237245.1_prophage_2,1,GCF_006237245.1
GCF_006237485.1_prophage_3,1,GCF_006237485.1
GCF_006237525.1_prophage_1,10,GCF_006237525.1
GCF_006237735.1_prophage_1,18,GCF_006237735.1
GCF_006237795.1_prophage_6,1,GCF_006237795.1
GCF_006237835.1_prophage_3,19,GCF_006237835.1
GCF_006238305.1_prophage_7,18,GCF_006238305.1
GCF_006238365.1_prophage_3,2,GCF_006238365.1
GCF_006238395.1_prophage_5,3,GCF_006238395.1
GCF_006238415.1_prophage_3,15,GCF_006238415.1
GCF_006238415.1_prophage_6,2,GCF_006238415.1
GCF_006238465.1_prophage_1,3,GCF_006238465.1
GCF_006239175.1_prophage_8,15,GCF_006239175.1
GCF_006240975.1_prophage_3,20,GCF_006240975.1
GCF_006240985.1_prophage_2,3,GCF_006240985.1
GCF_006241175.1_prophage_2,1,GCF_006241175.1
GCF_006297245.1_prophage_2,3,GCF_006297245.1
GCF_006297285.1_prophage_3,18,GCF_006297285.1
GCF_006297285.1_prophage_5,1,GCF_006297285.1
GCF_006297295.1_prophage_2,10,GCF_006297295.1
GCF_006297355.1_prophage_4,13,GCF_006297355.1
GCF_006335105.1_prophage_1,6,GCF_006335105.1
GCF_006337025.1_prophage_6,12,GCF_006337025.1
GCF_006348985.1_prophage_2,7,GCF_006348985.1
GCF_006349805.1_prophage_5,10,GCF_006349805.1
GCF_006349835.1_prophage_1,10,GCF_006349835.1
GCF_006350225.1_prophage_1,10,GCF_006350225.1
GCF_006350295.1_prophage_2,3,GCF_006350295.1
GCF_006350535.1_prophage_1,7,GCF_006350535.1
GCF_006351415.1_prophage_1,3,GCF_006351415.1
GCF_006351445.1_prophage_4,16,GCF_006351445.1
GCF_006352165.1_prophage_7,12,GCF_006352165.1
GCF_006370475.1_prophage_1,14,GCF_006370475.1
GCF_006376625.1_prophage_2,3,GCF_006376625.1
GCF_006376625.1_prophage_5,10,GCF_006376625.1
GCF_006382995.1_prophage_5,19,GCF_006382995.1
GCF_006384095.1_prophage_1,20,GCF_006384095.1
GCF_006537505.2_prophage_5,3,GCF_006537505.2
GCF_006540675.2_prophage_1,14,GCF_006540675.2
GCF_006542785.1_prophage_8,13,GCF_006542785.1
GCF_006542795.1_prophage_3,1,GCF_006542795.1
GCF_006542815.1_prophage_3,1,GCF_006542815.1
GCF_006542815.1_prophage_8,20,GCF_006542815.1
GCF_006542945.1_prophage_2,14,GCF_006542945.1
GCF_006542965.1_prophage_1,18,GCF_006542965.1
GCF_006546495.1_prophage_4,7,GCF_006546495.1
GCF_006777045.1_prophage_5,13,GCF_006777045.1
GCF_007012305.1_prophage_1,2,GCF_007012305.1
GCF_007107705.1_prophage_2,8,GCF_007107705.1
GCF_007109165.1_prophage_6,2,GCF_007109165.1
GCF_007109165.1_prophage_7,19,GCF_007109165.1
GCF_007109305.1_prophage_5,1,GCF_007109305.1
GCF_007109345.1_prophage_8,15,GCF_007109345.1
GCF_007109385.1_prophage_5,17,GCF_007109385.1
GCF_007109445.1_prophage_4,8,GCF_007109445.1
GCF_007109465.1_prophage_3,6,GCF_007109465.1
GCF_007109465.1_prophage_4,2,GCF_007109465.1
GCF_007352595.1_prophage_1,13,GCF_007352595.1
GCF_007352605.1_prophage_4,8,GCF_007352605.1
GCF_007558405.1_prophage_4,17,GCF_007558405.1
GCF_007558435.1_prophage_3,17,GCF_007558435.1
GCF_007558515.1_prophage_2,1,GCF_007558515.1
GCF_007558555.1_prophage_4,17,GCF_007558555.1
GCF_007558705.1_prophage_4,17,GCF_007558705.1
GCF_007558735.1_prophage_5,17,GCF_007558735.1
GCF_007558785.1_prophage_5,2,GCF_007558785.1
GCF_007623825.1_prophage_1,9,GCF_007623825.1
GCF_007625195.1_prophage_2,13,GCF_007625195.1
GCF_007625195.1_prophage_3,8,GCF_007625195.1
GCF_007826925.1_prophage_3,2,GCF_007826925.1
GCF_007833295.1_prophage_6,9,GCF_007833295.1
GCF_007833875.1_prophage_4,15,GCF_007833875.1
GCF_007844405.1_prophage_3,14,GCF_007844405.1
GCF_007844465.1_prophage_4,1,GCF_007844465.1
GCF_007844495.1_prophage_3,9,GCF_007844495.1
GCF_007844575.1_prophage_2,3,GCF_007844575.1
GCF_007844615.1_prophage_1,14,GCF_007844615.1
GCF_007844755.1_prophage_1,10,GCF_007844755.1
GCF_007954215.2_prophage_3,12,GCF_007954215.2
GCF_008033495.1_prophage_4,14,GCF_008033495.1
GCF_008033575.1_prophage_2,2,GCF_008033575.1
GCF_008033585.1_prophage_3,3,GCF_008033585.1
GCF_008033655.1_prophage_1,1,GCF_008033655.1
GCF_008040595.1_prophage_4,13,GCF_008040595.1
GCF_008040885.1_prophage_3,18,GCF_008040885.1
GCF_008040945.1_prophage_3,12,GCF_008040945.1
GCF_008041295.1_prophage_3,20,GCF_008041295.1
GCF_008041545.1_prophage_1,13,GCF_008041545.1
GCF_008041715.1_prophage_4,12,GCF_008041715.1
GCF_008041755.1_prophage_4,20,GCF_008041755.1
GCF_008041775.1_prophage_5,4,GCF_008041775.1
GCF_008080655.1_prophage_4,7,GCF_008080655.1
GCF_008080655.1_prophage_6,20,GCF_008080655.1
GCF_008081955.1_prophage_1,8,GCF_008081955.1
GCF_008082755.1_prophage_7,12,GCF_008082755.1
GCF_008082825.1_prophage_6,1,GCF_008082825.1
GCF_008120135.1_prophage_7,11,GCF_008120135.1
GCF_008120335.1_prophage_5,16,GCF_008120335.1
GCF_008120475.1_prophage_2,20,GCF_008120475.1
GCF_008120475.1_prophage_9,20,GCF_008120475.1
GCF_008122325.1_prophage_11,2,GCF_008122325.1
GCF_008124105.1_prophage_3,7,GCF_008124105.1
GCF_008124245.1_prophage_6,4,GCF_008124245.1
GCF_008124285.1_prophage_2,10,GCF_008124285.1
GCF_008124285.1_prophage_6,7,GCF_008124285.1
GCF_008326445.1_prophage_2,9,GCF_008326445.1
GCF_008326485.1_prophage_7,20,GCF_008326485.1
GCF_008329685.1_prophage_2,12,GCF_008329685.1
GCF_008364875.1_prophage_4,4,GCF_008364875.1
GCF_008365155.1_prophage_2,7,GCF_008365155.1
GCF_008365175.1_prophage_3,4,GCF_008365175.1
GCF_008373455.1_prophage_2,17,GCF_008373455.1
GCF_008373595.1_prophage_8,4,GCF_008373595.1
GCF_008385365.1_prophage_3,10,GCF_008385365.1
GCF_008385675.1_prophage_1,10,GCF_008385675.1
GCF_008388375.1_prophage_3,9,GCF_008388375.1
GCF_008388495.1_prophage_3,18,GCF_008388495.1
GCF_008388605.1_prophage_1,2,GCF_008388605.1
GCF_008388675.1_prophage_2,3,GCF_008388675.1
GCF_008388895.1_prophage_5,2,GCF_008388895.1
GCF_008388975.1_prophage_1,1,GCF_008388975.1
GCF_008388975.1_prophage_4,20,GCF_008388975.1
GCF_008389135.1_prophage_1,9,GCF_008389135.1
GCF_008389215.1_prophage_3,13,GCF_008389215.1
GCF_008389335.1_prophage_7,12,GCF_008389335.1
GCF_008462425.1_prophage_12,2,GCF_008462425.1
GCF_008462425.1_prophage_2,2,GCF_008462425.1
GCF_008502215.1_prophage_1,16,GCF_008502215.1
GCF_008632195.1_prophage_2,12,GCF_008632195.1
GCF_008632275.1_prophage_4,8,GCF_008632275.1
GCF_008632275.1_prophage_5,18,GCF_008632275.1
GCF_008632555.1_prophage_4,13,GCF_008632555.1
GCF_008633505.1_prophage_6,17,GCF_008633505.1
GCF_008633645.1_prophage_1,3,GCF_008633645.1
GCF_008633665.1_prophage_4,13,GCF_008633665.1
GCF_008633705.1_prophage_2,16,GCF_008633705.1
GCF_008633745.1_prophage_2,15,GCF_008633745.1
GCF_008633825.1_prophage_1,13,GCF_008633825.1
GCF_008633845.1_prophage_1,17,GCF_008633845.1
GCF_008634095.1_prophage_5,13,GCF_008634095.1
GCF_008634165.1_prophage_4,4,GCF_008634165.1
GCF_008634405.1_prophage_3,3,GCF_008634405.1
GCF_008634425.1_prophage_4,12,GCF_008634425.1
GCF_008634505.1_prophage_1,9,GCF_008634505.1
GCF_008634665.1_prophage_2,12,GCF_008634665.1
GCF_008634855.1_prophage_5,15,GCF_008634855.1
GCF_008634905.1_prophage_6,13,GCF_008634905.1
GCF_008635005.1_prophage_7,17,GCF_008635005.1
GCF_008635105.1_prophage_2,13,GCF_008635105.1
GCF_008635295.1_prophage_2,16,GCF_008635295.1
GCF_008635665.1_prophage_3,3,GCF_008635665.1
GCF_008635685.1_prophage_3,1,GCF_008635685.1
GCF_008635895.1_prophage_2,12,GCF_008635895.1
GCF_008635915.1_prophage_5,7,GCF_008635915.1
GCF_008635965.1_prophage_3,16,GCF_008635965.1
GCF_008693295.1_prophage_4,14,GCF_008693295.1
GCF_008727155.1_prophage_11,2,GCF_008727155.1
GCF_008727175.1_prophage_15,15,GCF_008727175.1
GCF_008806645.1_prophage_4,14,GCF_008806645.1
GCF_008824125.1_prophage_4,2,GCF_008824125.1
GCF_008925965.1_prophage_15,8,GCF_008925965.1
GCF_008926125.1_prophage_12,16,GCF_008926125.1
GCF_008926145.1_prophage_2,15,GCF_008926145.1
GCF_008926185.1_prophage_12,1,GCF_008926185.1
GCF_008926305.1_prophage_11,2,GCF_008926305.1
GCF_008931165.1_prophage_7,8,GCF_008931165.1
GCF_008931185.1_prophage_12,1,GCF_008931185.1
GCF_008931185.1_prophage_3,15,GCF_008931185.1
GCF_008933225.1_prophage_2,9,GCF_008933225.1
GCF_009361745.1_prophage_3,11,GCF_009361745.1
GCF_009361835.1_prophage_5,13,GCF_009361835.1
GCF_009361875.1_prophage_7,12,GCF_009361875.1
GCF_009361915.1_prophage_4,19,GCF_009361915.1
GCF_009361925.1_prophage_3,12,GCF_009361925.1
GCF_009362035.1_prophage_2,14,GCF_009362035.1
GCF_009362065.1_prophage_3,12,GCF_009362065.1
GCF_009393045.1_prophage_6,11,GCF_009393045.1
GCF_009393275.1_prophage_3,2,GCF_009393275.1
GCF_009393445.1_prophage_3,12,GCF_009393445.1
GCF_009393765.1_prophage_1,10,GCF_009393765.1
GCF_009393765.1_prophage_3,2,GCF_009393765.1
GCF_009393815.1_prophage_3,13,GCF_009393815.1
GCF_009393855.1_prophage_1,20,GCF_009393855.1
GCF_009394225.1_prophage_2,14,GCF_009394225.1
GCF_009394305.1_prophage_4,15,GCF_009394305.1
GCF_009394345.1_prophage_4,20,GCF_009394345.1
GCF_009394395.1_prophage_3,10,GCF_009394395.1
GCF_009394575.1_prophage_3,14,GCF_009394575.1
GCF_009394595.1_prophage_5,17,GCF_009394595.1
GCF_009394595.1_prophage_7,9,GCF_009394595.1
GCF_009431955.1_prophage_14,2,GCF_009431955.1
GCF_009432415.1_prophage_4,1,GCF_009432415.1
GCF_009432795.1_prophage_15,2,GCF_009432795.1
GCF_009432795.1_prophage_4,1,GCF_009432795.1
GCF_009433135.1_prophage_13,2,GCF_009433135.1
GCF_009495425.1_prophage_13,3,GCF_009495425.1
GCF_009495425.1_prophage_7,1,GCF_009495425.1
GCF_009495455.1_prophage_3,8,GCF_009495455.1
GCF_009495455.1_prophage_4,3,GCF_009495455.1
GCF_009497625.2_prophage_1,17,GCF_009497625.2
GCF_009600735.1_prophage_1,17,GCF_009600735.1
GCF_009647805.1_prophage_2,4,GCF_009647805.1
GCF_009647935.1_prophage_6,16,GCF_009647935.1
GCF_009648065.1_prophage_5,8,GCF_009648065.1
GCF_009649305.1_prophage_3,15,GCF_009649305.1
GCF_009649395.1_prophage_1,3,GCF_009649395.1
GCF_009650035.1_prophage_13,1,GCF_009650035.1
GCF_009664305.1_prophage_10,3,GCF_009664305.1
GCF_009709775.1_prophage_3,20,GCF_009709775.1
GCF_009709945.1_prophage_10,14,GCF_009709945.1
GCF_009709945.1_prophage_3,14,GCF_009709945.1
GCF_009709945.1_prophage_6,1,GCF_009709945.1
GCF_009709985.1_prophage_1,1,GCF_009709985.1
GCF_009720095.1_prophage_2,13,GCF_009720095.1
GCF_009720095.1_prophage_6,18,GCF_009720095.1
GCF_009720605.1_prophage_3,1,GCF_009720605.1
GCF_009729615.1_prophage_3,17,GCF_009729615.1
GCF_009729655.1_prophage_6,10,GCF_009729655.1
GCF_009729755.1_prophage_2,3,GCF_009729755.1
GCF_009738455.1_prophage_7,1,GCF_009738455.1
GCF_009741245.1_prophage_2,15,GCF_009741245.1
GCF_009741245.1_prophage_3,19,GCF_009741245.1
GCF_009760995.1_prophage_3,1,GCF_009760995.1
GCF_009761045.1_prophage_1,19,GCF_009761045.1
GCF_009761075.1_prophage_2,1,GCF_009761075.1
GCF_009761865.1_prophage_1,20,GCF_009761865.1
GCF_009761965.1_prophage_4,14,GCF_009761965.1
GCF_009761975.1_prophage_3,7,GCF_009761975.1
GCF_009762015.1_prophage_3,9,GCF_009762015.1
GCF_009762015.1_prophage_8,20,GCF_009762015.1
GCF_009762175.1_prophage_2,8,GCF_009762175.1
GCF_009762185.1_prophage_1,20,GCF_009762185.1
GCF_009762205.1_prophage_2,11,GCF_009762205.1
GCF_009766445.1_prophage_4,4,GCF_009766445.1
GCF_009766455.1_prophage_1,3,GCF_009766455.1
GCF_009766675.1_prophage_2,2,GCF_009766675.1
GCF_009766725.1_prophage_2,17,GCF_009766725.1
GCF_009766725.1_prophage_4,2,GCF_009766725.1
GCF_009766925.1_prophage_1,13,GCF_009766925.1
GCF_009767125.1_prophage_4,2,GCF_009767125.1
GCF_009767445.1_prophage_1,13,GCF_009767445.1
GCF_009767665.1_prophage_2,1,GCF_009767665.1
GCF_009767735.1_prophage_1,17,GCF_009767735.1
GCF_009767765.1_prophage_4,17,GCF_009767765.1
GCF_009767765.1_prophage_5,14,GCF_009767765.1
GCF_009767775.1_prophage_6,13,GCF_009767775.1
GCF_009768365.1_prophage_4,14,GCF_009768365.1
GCF_009768375.1_prophage_5,10,GCF_009768375.1
GCF_009768575.1_prophage_2,12,GCF_009768575.1
GCF_009789815.1_prophage_3,3,GCF_009789815.1
GCF_009789925.1_prophage_7,18,GCF_009789925.1
GCF_009790025.1_prophage_3,14,GCF_009790025.1
GCF_009790315.1_prophage_6,20,GCF_009790315.1
GCF_009790485.1_prophage_1,20,GCF_009790485.1
GCF_009790585.1_prophage_3,2,GCF_009790585.1
GCF_009790715.1_prophage_5,6,GCF_009790715.1
GCF_009790785.1_prophage_8,12,GCF_009790785.1
GCF_009790875.1_prophage_4,2,GCF_009790875.1
GCF_009791125.1_prophage_3,20,GCF_009791125.1
GCF_009791205.1_prophage_1,9,GCF_009791205.1
GCF_009793435.1_prophage_2,3,GCF_009793435.1
GCF_009793435.1_prophage_4,14,GCF_009793435.1
GCF_009793445.1_prophage_5,14,GCF_009793445.1
GCF_009793715.1_prophage_7,15,GCF_009793715.1
GCF_009793855.1_prophage_1,13,GCF_009793855.1
GCF_009794015.1_prophage_6,4,GCF_009794015.1
GCF_009794395.1_prophage_6,14,GCF_009794395.1
GCF_009794405.1_prophage_6,14,GCF_009794405.1
GCF_009794435.1_prophage_3,20,GCF_009794435.1
GCF_009794435.1_prophage_6,14,GCF_009794435.1
GCF_009794465.1_prophage_5,20,GCF_009794465.1
GCF_009794575.1_prophage_3,20,GCF_009794575.1
GCF_009794595.1_prophage_1,15,GCF_009794595.1
GCF_009794595.1_prophage_6,4,GCF_009794595.1
GCF_009794675.1_prophage_3,14,GCF_009794675.1
GCF_009794805.1_prophage_2,13,GCF_009794805.1
GCF_009794915.1_prophage_4,10,GCF_009794915.1
GCF_009795025.1_prophage_3,14,GCF_009795025.1
GCF_009795095.1_prophage_3,14,GCF_009795095.1
GCF_009795195.1_prophage_1,9,GCF_009795195.1
GCF_009795265.1_prophage_4,14,GCF_009795265.1
GCF_009795505.1_prophage_3,15,GCF_009795505.1
GCF_009795545.1_prophage_2,14,GCF_009795545.1
GCF_009795575.1_prophage_2,8,GCF_009795575.1
GCF_009795605.1_prophage_2,10,GCF_009795605.1
GCF_009798165.1_prophage_5,20,GCF_009798165.1
GCF_009798405.1_prophage_6,13,GCF_009798405.1
GCF_009798525.1_prophage_5,15,GCF_009798525.1
GCF_009798535.1_prophage_6,12,GCF_009798535.1
GCF_009798885.1_prophage_3,14,GCF_009798885.1
GCF_009799035.1_prophage_6,8,GCF_009799035.1
GCF_009799045.1_prophage_5,1,GCF_009799045.1
GCF_009812255.1_prophage_1,4,GCF_009812255.1
GCF_009812255.1_prophage_6,9,GCF_009812255.1
GCF_009820185.1_prophage_2,13,GCF_009820185.1
GCF_009820475.1_prophage_4,8,GCF_009820475.1
GCF_009820475.1_prophage_6,20,GCF_009820475.1
GCF_009820485.1_prophage_4,14,GCF_009820485.1
GCF_009820635.1_prophage_1,10,GCF_009820635.1
GCF_009820655.1_prophage_3,20,GCF_009820655.1
GCF_009820855.1_prophage_3,3,GCF_009820855.1
GCF_009820955.1_prophage_3,14,GCF_009820955.1
GCF_009822205.1_prophage_4,2,GCF_009822205.1
GCF_009822445.1_prophage_1,20,GCF_009822445.1
GCF_009822485.1_prophage_3,14,GCF_009822485.1
GCF_009822715.1_prophage_4,1,GCF_009822715.1
GCF_009822775.1_prophage_4,2,GCF_009822775.1
GCF_009822955.1_prophage_4,9,GCF_009822955.1
GCF_009823015.1_prophage_5,13,GCF_009823015.1
GCF_009823115.1_prophage_1,14,GCF_009823115.1
GCF_009823195.1_prophage_7,2,GCF_009823195.1
GCF_009823305.1_prophage_3,20,GCF_009823305.1
GCF_009833485.1_prophage_3,8,GCF_009833485.1
GCF_009848295.1_prophage_5,3,GCF_009848295.1
GCF_009867015.2_prophage_11,17,GCF_009867015.2
GCF_009874745.1_prophage_2,14,GCF_009874745.1
GCF_009880325.1_prophage_4,12,GCF_009880325.1
GCF_009880595.1_prophage_5,14,GCF_009880595.1
GCF_009880635.1_prophage_1,17,GCF_009880635.1
GCF_009880745.1_prophage_4,20,GCF_009880745.1
GCF_009880855.1_prophage_7,5,GCF_009880855.1
GCF_009880955.1_prophage_4,3,GCF_009880955.1
GCF_009882595.1_prophage_5,20,GCF_009882595.1
GCF_009882835.1_prophage_7,2,GCF_009882835.1
GCF_009882875.1_prophage_1,20,GCF_009882875.1
GCF_009898505.1_prophage_2,12,GCF_009898505.1
GCF_009898505.1_prophage_3,7,GCF_009898505.1
GCF_009898505.1_prophage_4,3,GCF_009898505.1
GCF_009898925.1_prophage_5,8,GCF_009898925.1
GCF_009899155.1_prophage_2,17,GCF_009899155.1
GCF_009899355.1_prophage_6,1,GCF_009899355.1
GCF_009899425.1_prophage_5,16,GCF_009899425.1
GCF_009899455.1_prophage_2,7,GCF_009899455.1
GCF_009905135.1_prophage_2,1,GCF_009905135.1
GCF_009909775.1_prophage_3,4,GCF_009909775.1
GCF_009909835.1_prophage_7,11,GCF_009909835.1
GCF_009909915.1_prophage_2,14,GCF_009909915.1
GCF_009913415.1_prophage_3,1,GCF_009913415.1
GCF_009913725.1_prophage_3,10,GCF_009913725.1
GCF_009914295.1_prophage_1,13,GCF_009914295.1
GCF_009931235.1_prophage_3,2,GCF_009931235.1
GCF_009951245.1_prophage_3,20,GCF_009951245.1
GCF_010078215.1_prophage_5,3,GCF_010078215.1
GCF_010365465.1_prophage_4,10,GCF_010365465.1
GCF_010365525.1_prophage_3,1,GCF_010365525.1
GCF_010590005.1_prophage_1,15,GCF_010590005.1
GCF_010590615.1_prophage_3,15,GCF_010590615.1
GCF_010590625.1_prophage_4,3,GCF_010590625.1
GCF_010597505.1_prophage_2,2,GCF_010597505.1
GCF_010597655.1_prophage_4,14,GCF_010597655.1
GCF_010597905.1_prophage_4,3,GCF_010597905.1
GCF_010597925.1_prophage_2,15,GCF_010597925.1
GCF_010598125.1_prophage_2,4,GCF_010598125.1
GCF_010598165.1_prophage_4,6,GCF_010598165.1
GCF_010598315.1_prophage_5,20,GCF_010598315.1
GCF_010598565.1_prophage_6,13,GCF_010598565.1
GCF_010598725.1_prophage_2,5,GCF_010598725.1
GCF_010598725.1_prophage_3,1,GCF_010598725.1
GCF_010671855.1_prophage_1,19,GCF_010671855.1
GCF_010671855.1_prophage_6,15,GCF_010671855.1
GCF_010725305.1_prophage_1,13,GCF_010725305.1
GCF_010725305.1_prophage_5,2,GCF_010725305.1
GCF_010820755.1_prophage_6,16,GCF_010820755.1
GCF_010820755.1_prophage_8,12,GCF_010820755.1
GCF_010820785.1_prophage_2,3,GCF_010820785.1
GCF_010820905.1_prophage_4,1,GCF_010820905.1
GCF_010820905.1_prophage_6,9,GCF_010820905.1
GCF_010915835.1_prophage_2,15,GCF_010915835.1
GCF_010974965.1_prophage_2,19,GCF_010974965.1
GCF_011008555.1_prophage_8,1,GCF_011008555.1
GCF_011008755.1_prophage_1,12,GCF_011008755.1
GCF_011028045.1_prophage_5,20,GCF_011028045.1
GCF_011029465.1_prophage_1,1,GCF_011029465.1
GCF_011029785.1_prophage_7,14,GCF_011029785.1
GCF_011032095.1_prophage_1,1,GCF_011032095.1
GCF_011032135.1_prophage_8,17,GCF_011032135.1
GCF_011032195.1_prophage_4,15,GCF_011032195.1
GCF_011032345.1_prophage_2,13,GCF_011032345.1
GCF_011032445.1_prophage_1,15,GCF_011032445.1
GCF_011032525.1_prophage_4,20,GCF_011032525.1
GCF_011032645.1_prophage_5,4,GCF_011032645.1
GCF_011032685.1_prophage_8,12,GCF_011032685.1
GCF_011032695.1_prophage_6,15,GCF_011032695.1
GCF_011033175.1_prophage_2,20,GCF_011033175.1
GCF_011033235.1_prophage_1,4,GCF_011033235.1
GCF_011043615.1_prophage_2,1,GCF_011043615.1
GCF_011043635.1_prophage_6,13,GCF_011043635.1
GCF_011044235.1_prophage_6,10,GCF_011044235.1
GCF_011045215.1_prophage_7,7,GCF_011045215.1
GCF_011077535.1_prophage_3,20,GCF_011077535.1
GCF_011077545.1_prophage_3,20,GCF_011077545.1
GCF_011077925.1_prophage_1,1,GCF_011077925.1
GCF_011078315.1_prophage_7,18,GCF_011078315.1
GCF_011250605.1_prophage_2,6,GCF_011250605.1
GCF_011383085.1_prophage_1,1,GCF_011383085.1
GCF_011492985.1_prophage_1,2,GCF_011492985.1
GCF_011600875.1_prophage_1,1,GCF_011600875.1
GCF_011601145.1_prophage_1,8,GCF_011601145.1
GCF_011601145.1_prophage_2,12,GCF_011601145.1
GCF_011603085.1_prophage_3,20,GCF_011603085.1
GCF_011604845.1_prophage_1,7,GCF_011604845.1
GCF_011605085.1_prophage_1,20,GCF_011605085.1
GCF_011605205.1_prophage_6,16,GCF_011605205.1
GCF_011750995.1_prophage_1,7,GCF_011750995.1
GCF_011751215.1_prophage_3,14,GCF_011751215.1
GCF_011751405.1_prophage_1,13,GCF_011751405.1
GCF_011765445.1_prophage_2,10,GCF_011765445.1
GCF_011881705.1_prophage_1,1,GCF_011881705.1
GCF_012034375.1_prophage_5,14,GCF_012034375.1
GCF_012056855.1_prophage_6,6,GCF_012056855.1
GCF_012056965.1_prophage_7,15,GCF_012056965.1
GCF_012062995.1_prophage_3,14,GCF_012062995.1
GCF_012063365.1_prophage_3,12,GCF_012063365.1
GCF_012221565.1_prophage_3,10,GCF_012221565.1
GCF_012221565.1_prophage_5,16,GCF_012221565.1
GCF_012275555.1_prophage_6,18,GCF_012275555.1
GCF_012275695.1_prophage_4,15,GCF_012275695.1
GCF_012371425.1_prophage_1,20,GCF_012371425.1
GCF_012934455.1_prophage_4,1,GCF_012934455.1
GCF_012934475.1_prophage_2,12,GCF_012934475.1
GCF_012934715.1_prophage_2,18,GCF_012934715.1
GCF_012952545.1_prophage_1,2,GCF_012952545.1
GCF_012978145.1_prophage_1,14,GCF_012978145.1
GCF_012978195.1_prophage_3,15,GCF_012978195.1
GCF_012978305.1_prophage_1,4,GCF_012978305.1
GCF_012978375.1_prophage_2,1,GCF_012978375.1
GCF_012978375.1_prophage_5,13,GCF_012978375.1
GCF_013007615.1_prophage_4,20,GCF_013007615.1
GCF_013030575.1_prophage_3,1,GCF_013030575.1
GCF_013047105.1_prophage_1,7,GCF_013047105.1
GCF_013072745.1_prophage_9,9,GCF_013072745.1
GCF_013072925.1_prophage_1,17,GCF_013072925.1
GCF_013073225.1_prophage_3,5,GCF_013073225.1
GCF_013073245.1_prophage_2,12,GCF_013073245.1
GCF_013073555.1_prophage_3,10,GCF_013073555.1
GCF_013073655.1_prophage_5,6,GCF_013073655.1
GCF_013073865.1_prophage_2,3,GCF_013073865.1
GCF_013073925.1_prophage_4,4,GCF_013073925.1
GCF_013074045.1_prophage_4,6,GCF_013074045.1
GCF_013074055.1_prophage_1,15,GCF_013074055.1
GCF_013074195.1_prophage_2,4,GCF_013074195.1
GCF_013074285.1_prophage_5,2,GCF_013074285.1
GCF_013074365.1_prophage_4,12,GCF_013074365.1
GCF_013084945.1_prophage_5,1,GCF_013084945.1
GCF_013085025.1_prophage_1,10,GCF_013085025.1
GCF_013085905.2_prophage_9,20,GCF_013085905.2
GCF_013131605.1_prophage_1,2,GCF_013131605.1
GCF_013141925.1_prophage_12,2,GCF_013141925.1
GCF_013166935.1_prophage_2,4,GCF_013166935.1
GCF_013167035.1_prophage_2,1,GCF_013167035.1
GCF_013167075.1_prophage_4,4,GCF_013167075.1
GCF_013167235.1_prophage_11,2,GCF_013167235.1
GCF_013167275.1_prophage_12,1,GCF_013167275.1
GCF_013167335.1_prophage_8,2,GCF_013167335.1
GCF_013167495.1_prophage_9,20,GCF_013167495.1
GCF_013167695.1_prophage_12,1,GCF_013167695.1
GCF_013167715.1_prophage_5,2,GCF_013167715.1
GCF_013167715.1_prophage_6,4,GCF_013167715.1
GCF_013167735.1_prophage_7,15,GCF_013167735.1
GCF_013167755.1_prophage_5,1,GCF_013167755.1
GCF_013167775.1_prophage_14,1,GCF_013167775.1
GCF_013167775.1_prophage_5,2,GCF_013167775.1
GCF_013167775.1_prophage_8,4,GCF_013167775.1
GCF_013167795.1_prophage_2,20,GCF_013167795.1
GCF_013167795.1_prophage_3,10,GCF_013167795.1
GCF_013168055.1_prophage_1,2,GCF_013168055.1
GCF_013168095.1_prophage_14,9,GCF_013168095.1
GCF_013168135.1_prophage_14,2,GCF_013168135.1
GCF_013168155.1_prophage_16,9,GCF_013168155.1
GCF_013168195.1_prophage_16,1,GCF_013168195.1
GCF_013168235.1_prophage_12,2,GCF_013168235.1
GCF_013168255.1_prophage_5,1,GCF_013168255.1
GCF_013169815.1_prophage_2,10,GCF_013169815.1
GCF_013170525.1_prophage_4,20,GCF_013170525.1
GCF_013170655.1_prophage_2,20,GCF_013170655.1
GCF_013180955.1_prophage_2,7,GCF_013180955.1
GCF_013182685.1_prophage_1,1,GCF_013182685.1
GCF_013182705.1_prophage_2,7,GCF_013182705.1
GCF_013182935.1_prophage_7,13,GCF_013182935.1
GCF_013183055.1_prophage_3,9,GCF_013183055.1
GCF_013183175.1_prophage_3,20,GCF_013183175.1
GCF_013183235.1_prophage_7,13,GCF_013183235.1
GCF_013183285.1_prophage_3,12,GCF_013183285.1
GCF_013183285.1_prophage_4,10,GCF_013183285.1
GCF_013183305.1_prophage_8,13,GCF_013183305.1
GCF_013183315.1_prophage_10,2,GCF_013183315.1
GCF_013183675.1_prophage_1,5,GCF_013183675.1
GCF_013183725.1_prophage_6,7,GCF_013183725.1
GCF_013185345.1_prophage_1,7,GCF_013185345.1
GCF_013185455.1_prophage_1,15,GCF_013185455.1
GCF_013185455.1_prophage_5,10,GCF_013185455.1
GCF_013185525.1_prophage_5,16,GCF_013185525.1
GCF_013185625.1_prophage_4,16,GCF_013185625.1
GCF_013185635.1_prophage_6,16,GCF_013185635.1
GCF_013185755.1_prophage_7,16,GCF_013185755.1
GCF_013185885.1_prophage_3,4,GCF_013185885.1
GCF_013186735.1_prophage_2,11,GCF_013186735.1
GCF_013201505.1_prophage_1,3,GCF_013201505.1
GCF_013202035.1_prophage_10,12,GCF_013202035.1
GCF_013202035.1_prophage_9,14,GCF_013202035.1
GCF_013282355.1_prophage_4,1,GCF_013282355.1
GCF_013315675.1_prophage_3,1,GCF_013315675.1
GCF_013315995.1_prophage_4,1,GCF_013315995.1
GCF_013340085.1_prophage_4,5,GCF_013340085.1
GCF_013340115.1_prophage_1,1,GCF_013340115.1
GCF_013341545.1_prophage_2,14,GCF_013341545.1
GCF_013342755.1_prophage_3,20,GCF_013342755.1
GCF_013343595.1_prophage_3,16,GCF_013343595.1
GCF_013346965.1_prophage_3,8,GCF_013346965.1
GCF_013347065.1_prophage_1,17,GCF_013347065.1
GCF_013357365.1_prophage_11,1,GCF_013357365.1
GCF_013358935.1_prophage_5,1,GCF_013358935.1
GCF_013363225.1_prophage_4,5,GCF_013363225.1
GCF_013368355.1_prophage_5,6,GCF_013368355.1
GCF_013369455.1_prophage_3,14,GCF_013369455.1
GCF_013369555.1_prophage_4,7,GCF_013369555.1
GCF_013369575.1_prophage_9,15,GCF_013369575.1
GCF_013369595.1_prophage_4,12,GCF_013369595.1
GCF_013369755.1_prophage_2,7,GCF_013369755.1
GCF_013370045.1_prophage_2,14,GCF_013370045.1
GCF_013370145.1_prophage_1,2,GCF_013370145.1
GCF_013370185.1_prophage_2,14,GCF_013370185.1
GCF_013370395.1_prophage_5,20,GCF_013370395.1
GCF_013370585.1_prophage_1,17,GCF_013370585.1
GCF_013370585.1_prophage_5,8,GCF_013370585.1
GCF_013370735.1_prophage_3,1,GCF_013370735.1
GCF_013370805.1_prophage_3,13,GCF_013370805.1
GCF_013372325.1_prophage_6,3,GCF_013372325.1
GCF_013372405.1_prophage_5,3,GCF_013372405.1
GCF_013374335.1_prophage_4,14,GCF_013374335.1
GCF_013374895.1_prophage_5,1,GCF_013374895.1
GCF_013374945.1_prophage_4,13,GCF_013374945.1
GCF_013377805.1_prophage_3,14,GCF_013377805.1
GCF_013389205.1_prophage_2,20,GCF_013389205.1
GCF_013389265.1_prophage_1,3,GCF_013389265.1
GCF_013389265.1_prophage_4,14,GCF_013389265.1
GCF_013389615.1_prophage_8,20,GCF_013389615.1
GCF_013391225.1_prophage_2,20,GCF_013391225.1
GCF_013391275.1_prophage_2,2,GCF_013391275.1
GCF_013392285.1_prophage_5,17,GCF_013392285.1
GCF_013392345.1_prophage_3,3,GCF_013392345.1
GCF_013392425.1_prophage_1,13,GCF_013392425.1
GCF_013392585.1_prophage_2,20,GCF_013392585.1
GCF_013392605.1_prophage_5,10,GCF_013392605.1
GCF_013392665.1_prophage_4,14,GCF_013392665.1
GCF_013394575.1_prophage_2,1,GCF_013394575.1
GCF_013395595.1_prophage_3,10,GCF_013395595.1
GCF_013395835.1_prophage_2,5,GCF_013395835.1
GCF_013402855.1_prophage_4,1,GCF_013402855.1
GCF_013403165.1_prophage_1,9,GCF_013403165.1
GCF_013404195.1_prophage_3,7,GCF_013404195.1
GCF_013404235.1_prophage_1,1,GCF_013404235.1
GCF_013404235.1_prophage_3,12,GCF_013404235.1
GCF_013404455.1_prophage_7,15,GCF_013404455.1
GCF_013404535.1_prophage_1,3,GCF_013404535.1
GCF_013404565.1_prophage_3,3,GCF_013404565.1
GCF_013412845.1_prophage_1,3,GCF_013412845.1
GCF_013412915.1_prophage_4,17,GCF_013412915.1
GCF_013412945.1_prophage_8,20,GCF_013412945.1
GCF_013413055.1_prophage_4,7,GCF_013413055.1
GCF_013413065.1_prophage_7,20,GCF_013413065.1
GCF_013413135.1_prophage_2,6,GCF_013413135.1
GCF_013413135.1_prophage_8,1,GCF_013413135.1
GCF_013413215.1_prophage_2,17,GCF_013413215.1
GCF_013413285.1_prophage_7,20,GCF_013413285.1
GCF_013413415.1_prophage_2,12,GCF_013413415.1
GCF_013413565.1_prophage_3,1,GCF_013413565.1
GCF_013413595.1_prophage_4,7,GCF_013413595.1
GCF_013413695.1_prophage_3,12,GCF_013413695.1
GCF_013413725.1_prophage_1,17,GCF_013413725.1
GCF_013413835.1_prophage_3,20,GCF_013413835.1
GCF_013414035.1_prophage_6,12,GCF_013414035.1
GCF_013414045.1_prophage_7,7,GCF_013414045.1
GCF_013414155.1_prophage_4,20,GCF_013414155.1
GCF_013421755.1_prophage_5,16,GCF_013421755.1
GCF_013421785.1_prophage_2,16,GCF_013421785.1
GCF_013421875.1_prophage_2,16,GCF_013421875.1
GCF_013422115.1_prophage_3,17,GCF_013422115.1
GCF_013422365.1_prophage_1,13,GCF_013422365.1
GCF_013422365.1_prophage_2,16,GCF_013422365.1
GCF_013422465.1_prophage_5,15,GCF_013422465.1
GCF_013423565.1_prophage_1,1,GCF_013423565.1
GCF_013424315.1_prophage_2,1,GCF_013424315.1
GCF_013424385.1_prophage_2,12,GCF_013424385.1
GCF_013424455.1_prophage_1,5,GCF_013424455.1
GCF_013424665.1_prophage_1,12,GCF_013424665.1
GCF_013424765.1_prophage_9,7,GCF_013424765.1
GCF_013424915.1_prophage_2,5,GCF_013424915.1
GCF_013425265.1_prophage_1,16,GCF_013425265.1
GCF_013425935.1_prophage_1,1,GCF_013425935.1
GCF_013601075.1_prophage_2,20,GCF_013601075.1
GCF_013601685.1_prophage_2,2,GCF_013601685.1
GCF_013601995.1_prophage_2,20,GCF_013601995.1
GCF_013602005.1_prophage_5,5,GCF_013602005.1
GCF_013605085.1_prophage_7,13,GCF_013605085.1
GCF_013605475.1_prophage_1,3,GCF_013605475.1
GCF_013605475.1_prophage_2,10,GCF_013605475.1
GCF_013605805.1_prophage_3,1,GCF_013605805.1
GCF_013605925.1_prophage_2,16,GCF_013605925.1
GCF_013606025.1_prophage_8,3,GCF_013606025.1
GCF_013606725.1_prophage_10,4,GCF_013606725.1
GCF_013606735.1_prophage_1,15,GCF_013606735.1
GCF_013606925.1_prophage_6,10,GCF_013606925.1
GCF_013607045.1_prophage_4,18,GCF_013607045.1
GCF_013607135.1_prophage_7,2,GCF_013607135.1
GCF_013607235.1_prophage_3,7,GCF_013607235.1
GCF_013608285.1_prophage_3,20,GCF_013608285.1
GCF_013608555.1_prophage_4,8,GCF_013608555.1
GCF_013608675.1_prophage_1,2,GCF_013608675.1
GCF_013608955.1_prophage_3,8,GCF_013608955.1
GCF_013609085.1_prophage_1,2,GCF_013609085.1
GCF_013609205.1_prophage_1,20,GCF_013609205.1
GCF_013609325.1_prophage_1,2,GCF_013609325.1
GCF_013618615.1_prophage_1,14,GCF_013618615.1
GCF_013850805.1_prophage_4,3,GCF_013850805.1
GCF_013850835.1_prophage_3,15,GCF_013850835.1
GCF_013850845.1_prophage_3,15,GCF_013850845.1
GCF_013850905.1_prophage_5,1,GCF_013850905.1
GCF_013851005.1_prophage_5,1,GCF_013851005.1
GCF_013851135.1_prophage_7,7,GCF_013851135.1
GCF_013851185.1_prophage_2,12,GCF_013851185.1
GCF_013851255.1_prophage_5,7,GCF_013851255.1
GCF_014050335.1_prophage_1,9,GCF_014050335.1
GCF_014050415.1_prophage_1,1,GCF_014050415.1
GCF_014058445.2_prophage_11,2,GCF_014058445.2
GCF_014058445.2_prophage_16,1,GCF_014058445.2
GCF_014076685.2_prophage_5,1,GCF_014076685.2
GCF_014117635.2_prophage_5,10,GCF_014117635.2
GCF_014117645.2_prophage_2,8,GCF_014117645.2
GCF_014132535.1_prophage_4,9,GCF_014132535.1
GCF_014132555.1_prophage_5,1,GCF_014132555.1
GCF_014155105.1_prophage_4,10,GCF_014155105.1
GCF_014155245.1_prophage_2,17,GCF_014155245.1
GCF_014168755.1_prophage_9,20,GCF_014168755.1
GCF_014168775.1_prophage_6,13,GCF_014168775.1
GCF_014169035.1_prophage_1,20,GCF_014169035.1
GCF_014169415.1_prophage_4,14,GCF_014169415.1
GCF_014169575.1_prophage_1,20,GCF_014169575.1
GCF_014170615.1_prophage_7,2,GCF_014170615.1
GCF_014170995.1_prophage_4,2,GCF_014170995.1
GCF_014216415.1_prophage_4,15,GCF_014216415.1
GCF_014216475.1_prophage_5,2,GCF_014216475.1
GCF_014216555.1_prophage_8,18,GCF_014216555.1
GCF_014216715.1_prophage_8,15,GCF_014216715.1
GCF_014216755.1_prophage_8,15,GCF_014216755.1
GCF_014216835.1_prophage_2,1,GCF_014216835.1
GCF_014216955.1_prophage_6,18,GCF_014216955.1
GCF_014217015.1_prophage_4,1,GCF_014217015.1
GCF_014217095.1_prophage_2,12,GCF_014217095.1
GCF_014235745.1_prophage_6,18,GCF_014235745.1
GCF_014263375.1_prophage_2,9,GCF_014263375.1
GCF_014265895.1_prophage_2,1,GCF_014265895.1
GCF_014295295.1_prophage_4,18,GCF_014295295.1
GCF_014325365.1_prophage_9,6,GCF_014325365.1
GCF_014332845.1_prophage_1,8,GCF_014332845.1
GCF_014332845.1_prophage_2,1,GCF_014332845.1
GCF_014332875.1_prophage_3,4,GCF_014332875.1
GCF_014333955.1_prophage_2,3,GCF_014333955.1
GCF_014361285.1_prophage_1,20,GCF_014361285.1
GCF_014451125.1_prophage_4,14,GCF_014451125.1
GCF_014490195.1_prophage_5,13,GCF_014490195.1
GCF_014490375.1_prophage_2,14,GCF_014490375.1
GCF_014493885.1_prophage_1,13,GCF_014493885.1
GCF_014493885.1_prophage_4,5,GCF_014493885.1
GCF_014494135.1_prophage_2,3,GCF_014494135.1
GCF_014494185.1_prophage_3,16,GCF_014494185.1
GCF_014494245.1_prophage_1,11,GCF_014494245.1
GCF_014494455.1_prophage_2,20,GCF_014494455.1
GCF_014494615.1_prophage_3,14,GCF_014494615.1
GCF_014494845.1_prophage_3,17,GCF_014494845.1
GCF_014494855.1_prophage_4,18,GCF_014494855.1
GCF_014495045.1_prophage_4,11,GCF_014495045.1
GCF_014495055.1_prophage_1,14,GCF_014495055.1
GCF_014495085.1_prophage_9,15,GCF_014495085.1
GCF_014495275.1_prophage_3,20,GCF_014495275.1
GCF_014495345.1_prophage_1,12,GCF_014495345.1
GCF_014495505.1_prophage_1,4,GCF_014495505.1
GCF_014526415.1_prophage_4,16,GCF_014526415.1
GCF_014526475.1_prophage_1,14,GCF_014526475.1
GCF_014527685.1_prophage_3,12,GCF_014527685.1
GCF_014527695.1_prophage_1,13,GCF_014527695.1
GCF_014527695.1_prophage_4,14,GCF_014527695.1
GCF_014527745.1_prophage_3,17,GCF_014527745.1
GCF_014527845.1_prophage_5,12,GCF_014527845.1
GCF_014527905.1_prophage_2,13,GCF_014527905.1
GCF_014528595.1_prophage_2,1,GCF_014528595.1
GCF_014528755.1_prophage_1,13,GCF_014528755.1
GCF_014528785.1_prophage_1,2,GCF_014528785.1
GCF_014528785.1_prophage_9,2,GCF_014528785.1
GCF_014528945.1_prophage_7,15,GCF_014528945.1
GCF_014529315.1_prophage_7,20,GCF_014529315.1
GCF_014530555.1_prophage_5,10,GCF_014530555.1
GCF_014622965.1_prophage_15,13,GCF_014622965.1
GCF_014623185.1_prophage_4,2,GCF_014623185.1
GCF_014623185.1_prophage_8,2,GCF_014623185.1
GCF_014623205.1_prophage_13,16,GCF_014623205.1
GCF_014623225.1_prophage_10,2,GCF_014623225.1
GCF_014623405.1_prophage_12,2,GCF_014623405.1
GCF_014623405.1_prophage_13,13,GCF_014623405.1
GCF_014623405.1_prophage_4,2,GCF_014623405.1
GCF_014656605.1_prophage_6,16,GCF_014656605.1
GCF_014705965.1_prophage_9,20,GCF_014705965.1
GCF_014712365.1_prophage_1,10,GCF_014712365.1
GCF_014712465.1_prophage_4,14,GCF_014712465.1
GCF_014805805.1_prophage_2,7,GCF_014805805.1
GCF_014826015.1_prophage_2,10,GCF_014826015.1
GCF_014855725.1_prophage_6,14,GCF_014855725.1
GCF_014855825.1_prophage_6,2,GCF_014855825.1
GCF_014857235.1_prophage_3,2,GCF_014857235.1
GCF_014857235.1_prophage_5,15,GCF_014857235.1
GCF_014857585.1_prophage_2,4,GCF_014857585.1
GCF_014857765.1_prophage_5,17,GCF_014857765.1
GCF_014857785.1_prophage_2,14,GCF_014857785.1
GCF_014857865.1_prophage_1,14,GCF_014857865.1
GCF_014857965.1_prophage_1,3,GCF_014857965.1
GCF_014858085.1_prophage_4,10,GCF_014858085.1
GCF_014860935.1_prophage_2,10,GCF_014860935.1
GCF_014861045.1_prophage_6,8,GCF_014861045.1
GCF_014861045.1_prophage_8,1,GCF_014861045.1
GCF_014861245.1_prophage_1,20,GCF_014861245.1
GCF_014862015.1_prophage_1,9,GCF_014862015.1
GCF_014862085.1_prophage_1,20,GCF_014862085.1
GCF_014862255.1_prophage_1,9,GCF_014862255.1
GCF_014862345.1_prophage_2,10,GCF_014862345.1
GCF_014862405.1_prophage_3,9,GCF_014862405.1
GCF_014862465.1_prophage_1,11,GCF_014862465.1
GCF_014862515.1_prophage_3,3,GCF_014862515.1
GCF_014862685.1_prophage_1,2,GCF_014862685.1
GCF_014862685.1_prophage_4,17,GCF_014862685.1
GCF_014862865.1_prophage_3,20,GCF_014862865.1
GCF_014863015.1_prophage_4,1,GCF_014863015.1
GCF_014863345.1_prophage_4,3,GCF_014863345.1
GCF_014863625.1_prophage_3,4,GCF_014863625.1
GCF_014863665.1_prophage_4,2,GCF_014863665.1
GCF_014863725.1_prophage_5,7,GCF_014863725.1
GCF_014878375.1_prophage_1,6,GCF_014878375.1
GCF_014878455.1_prophage_3,5,GCF_014878455.1
GCF_014878675.1_prophage_1,1,GCF_014878675.1
GCF_014878785.1_prophage_7,10,GCF_014878785.1
GCF_014878855.1_prophage_2,3,GCF_014878855.1
GCF_014879005.1_prophage_4,1,GCF_014879005.1
GCF_014879175.1_prophage_8,10,GCF_014879175.1
GCF_014879185.1_prophage_1,14,GCF_014879185.1
GCF_014893005.1_prophage_2,3,GCF_014893005.1
GCF_014893005.1_prophage_4,10,GCF_014893005.1
GCF_014894765.1_prophage_2,17,GCF_014894765.1
GCF_014894965.1_prophage_1,13,GCF_014894965.1
GCF_014895395.1_prophage_2,20,GCF_014895395.1
GCF_014895455.1_prophage_1,4,GCF_014895455.1
GCF_014896705.1_prophage_1,1,GCF_014896705.1
GCF_014897685.1_prophage_1,12,GCF_014897685.1
GCF_014901185.1_prophage_5,3,GCF_014901185.1
GCF_014903235.1_prophage_1,15,GCF_014903235.1
GCF_014903265.1_prophage_4,8,GCF_014903265.1
GCF_014903695.1_prophage_2,14,GCF_014903695.1
GCF_014904055.2_prophage_1,20,GCF_014904055.2
GCF_014904075.2_prophage_1,2,GCF_014904075.2
GCF_014904115.2_prophage_1,8,GCF_014904115.2
GCF_014904265.2_prophage_2,14,GCF_014904265.2
GCF_014904375.2_prophage_1,8,GCF_014904375.2
GCF_014904515.2_prophage_2,20,GCF_014904515.2
GCF_014904535.2_prophage_4,8,GCF_014904535.2
GCF_014904635.2_prophage_2,20,GCF_014904635.2
GCF_014926075.1_prophage_1,11,GCF_014926075.1
GCF_014982605.1_prophage_2,17,GCF_014982605.1
GCF_014982605.1_prophage_6,7,GCF_014982605.1
GCF_015033265.1_prophage_2,5,GCF_015033265.1
GCF_015136895.1_prophage_1,2,GCF_015136895.1
GCF_015136895.1_prophage_2,13,GCF_015136895.1
GCF_015138955.1_prophage_2,2,GCF_015138955.1
GCF_015160215.1_prophage_3,12,GCF_015160215.1
GCF_015160295.1_prophage_3,13,GCF_015160295.1
GCF_015160475.1_prophage_5,4,GCF_015160475.1
GCF_015160545.1_prophage_1,8,GCF_015160545.1
GCF_015160685.1_prophage_1,20,GCF_015160685.1
GCF_015160735.1_prophage_1,20,GCF_015160735.1
GCF_015163155.1_prophage_5,7,GCF_015163155.1
GCF_015163165.1_prophage_4,8,GCF_015163165.1
GCF_015163175.1_prophage_1,2,GCF_015163175.1
GCF_015163275.1_prophage_1,12,GCF_015163275.1
GCF_015163375.1_prophage_3,7,GCF_015163375.1
GCF_015163415.1_prophage_4,11,GCF_015163415.1
GCF_015208465.1_prophage_8,1,GCF_015208465.1
GCF_015208575.1_prophage_5,1,GCF_015208575.1
GCF_015208595.1_prophage_4,13,GCF_015208595.1
GCF_015209985.1_prophage_1,1,GCF_015209985.1
GCF_015229195.1_prophage_1,1,GCF_015229195.1
GCF_015229535.1_prophage_3,14,GCF_015229535.1
GCF_015229605.1_prophage_5,11,GCF_015229605.1
GCF_015229675.1_prophage_7,13,GCF_015229675.1
GCF_015229765.1_prophage_7,2,GCF_015229765.1
GCF_015229825.1_prophage_2,19,GCF_015229825.1
GCF_015229835.1_prophage_1,17,GCF_015229835.1
GCF_015230515.1_prophage_3,5,GCF_015230515.1
GCF_015230515.1_prophage_7,12,GCF_015230515.1
GCF_015230575.1_prophage_2,15,GCF_015230575.1
GCF_015230585.1_prophage_4,4,GCF_015230585.1
GCF_015230635.1_prophage_3,9,GCF_015230635.1
GCF_015230775.1_prophage_2,1,GCF_015230775.1
GCF_015230775.1_prophage_7,13,GCF_015230775.1
GCF_015230815.1_prophage_1,7,GCF_015230815.1
GCF_015231025.1_prophage_5,9,GCF_015231025.1
GCF_015277555.1_prophage_3,15,GCF_015277555.1
GCF_015277555.1_prophage_4,18,GCF_015277555.1
GCF_015316765.1_prophage_1,20,GCF_015316765.1
GCF_015316775.1_prophage_1,13,GCF_015316775.1
GCF_015316785.1_prophage_6,14,GCF_015316785.1
GCF_015316985.1_prophage_2,3,GCF_015316985.1
GCF_015317095.1_prophage_2,2,GCF_015317095.1
GCF_015330075.1_prophage_3,2,GCF_015330075.1
GCF_015356615.1_prophage_5,13,GCF_015356615.1
GCF_015356645.1_prophage_3,1,GCF_015356645.1
GCF_015356665.1_prophage_2,2,GCF_015356665.1
GCF_015356665.1_prophage_4,14,GCF_015356665.1
GCF_015472085.1_prophage_1,16,GCF_015472085.1
GCF_015476785.1_prophage_6,15,GCF_015476785.1
GCF_015509005.1_prophage_10,20,GCF_015509005.1
GCF_015534855.1_prophage_4,2,GCF_015534855.1
GCF_015547695.1_prophage_3,13,GCF_015547695.1
GCF_015548345.1_prophage_3,1,GCF_015548345.1
GCF_015554645.1_prophage_6,1,GCF_015554645.1
GCF_015556015.1_prophage_3,11,GCF_015556015.1
GCF_015557745.1_prophage_1,20,GCF_015557745.1
GCF_015561295.1_prophage_3,20,GCF_015561295.1
GCF_015571535.1_prophage_7,20,GCF_015571535.1
GCF_015571655.1_prophage_5,17,GCF_015571655.1
GCF_015571695.1_prophage_3,14,GCF_015571695.1
GCF_015571775.1_prophage_2,3,GCF_015571775.1
GCF_015571775.1_prophage_4,7,GCF_015571775.1
GCF_015571815.1_prophage_1,2,GCF_015571815.1
GCF_015620255.1_prophage_4,1,GCF_015620255.1
GCF_015620315.1_prophage_2,2,GCF_015620315.1
GCF_015620405.1_prophage_3,20,GCF_015620405.1
GCF_015620545.1_prophage_1,10,GCF_015620545.1
GCF_015644215.1_prophage_6,12,GCF_015644215.1
GCF_015644225.1_prophage_6,20,GCF_015644225.1
GCF_015644305.1_prophage_3,1,GCF_015644305.1
GCF_015644395.1_prophage_10,1,GCF_015644395.1
GCF_015644395.1_prophage_7,8,GCF_015644395.1
GCF_015644565.1_prophage_3,13,GCF_015644565.1
GCF_015645325.1_prophage_4,11,GCF_015645325.1
GCF_015687115.1_prophage_3,1,GCF_015687115.1
GCF_015687295.1_prophage_4,20,GCF_015687295.1
GCF_015687355.1_prophage_1,14,GCF_015687355.1
GCF_015687395.1_prophage_4,12,GCF_015687395.1
GCF_015687505.1_prophage_7,2,GCF_015687505.1
GCF_015690255.1_prophage_2,3,GCF_015690255.1
GCF_015690315.1_prophage_1,3,GCF_015690315.1
GCF_015693335.1_prophage_5,12,GCF_015693335.1
GCF_015693335.1_prophage_7,4,GCF_015693335.1
GCF_015693345.1_prophage_3,14,GCF_015693345.1
GCF_015693445.1_prophage_7,17,GCF_015693445.1
GCF_015693445.1_prophage_8,14,GCF_015693445.1
GCF_015693465.1_prophage_9,15,GCF_015693465.1
GCF_015693475.1_prophage_7,2,GCF_015693475.1
GCF_015693595.1_prophage_3,15,GCF_015693595.1
GCF_015693595.1_prophage_5,18,GCF_015693595.1
GCF_015693625.1_prophage_4,2,GCF_015693625.1
GCF_015693635.1_prophage_3,14,GCF_015693635.1
GCF_015693635.1_prophage_4,13,GCF_015693635.1
GCF_015693655.1_prophage_7,2,GCF_015693655.1
GCF_015693675.1_prophage_3,14,GCF_015693675.1
GCF_015693725.1_prophage_1,20,GCF_015693725.1
GCF_015693765.1_prophage_10,6,GCF_015693765.1
GCF_015693765.1_prophage_11,15,GCF_015693765.1
GCF_015694135.1_prophage_1,15,GCF_015694135.1
GCF_015694135.1_prophage_6,1,GCF_015694135.1
GCF_015698925.1_prophage_6,3,GCF_015698925.1
GCF_015699225.1_prophage_1,2,GCF_015699225.1
GCF_015699315.1_prophage_2,4,GCF_015699315.1
GCF_015699425.1_prophage_1,13,GCF_015699425.1
GCF_015699615.1_prophage_4,12,GCF_015699615.1
GCF_015699655.1_prophage_3,2,GCF_015699655.1
GCF_015699715.1_prophage_5,12,GCF_015699715.1
GCF_015699725.1_prophage_5,13,GCF_015699725.1
GCF_015699775.1_prophage_1,15,GCF_015699775.1
GCF_015699875.1_prophage_4,12,GCF_015699875.1
GCF_015699915.1_prophage_4,16,GCF_015699915.1
GCF_015700935.1_prophage_2,2,GCF_015700935.1
GCF_015712415.1_prophage_4,12,GCF_015712415.1
GCF_015712595.1_prophage_1,11,GCF_015712595.1
GCF_015712615.1_prophage_1,11,GCF_015712615.1
GCF_015730585.1_prophage_1,3,GCF_015730585.1
GCF_015730605.1_prophage_1,15,GCF_015730605.1
GCF_015730605.1_prophage_3,15,GCF_015730605.1
GCF_015730605.1_prophage_4,12,GCF_015730605.1
GCF_015730625.1_prophage_1,13,GCF_015730625.1
GCF_015730805.1_prophage_5,20,GCF_015730805.1
GCF_015731345.1_prophage_3,20,GCF_015731345.1
GCF_015731365.1_prophage_2,11,GCF_015731365.1
GCF_015731455.1_prophage_4,2,GCF_015731455.1
GCF_015731485.1_prophage_1,12,GCF_015731485.1
GCF_015731545.1_prophage_3,2,GCF_015731545.1
GCF_015912665.1_prophage_3,10,GCF_015912665.1
GCF_015912685.1_prophage_2,20,GCF_015912685.1
GCF_016019075.1_prophage_4,15,GCF_016019075.1
GCF_016019125.1_prophage_3,20,GCF_016019125.1
GCF_016019255.1_prophage_3,20,GCF_016019255.1
GCF_016019275.1_prophage_1,20,GCF_016019275.1
GCF_016026195.1_prophage_4,1,GCF_016026195.1
GCF_016026335.1_prophage_4,20,GCF_016026335.1
GCF_016026375.1_prophage_12,15,GCF_016026375.1
GCF_016092025.1_prophage_1,13,GCF_016092025.1
GCF_016092075.1_prophage_6,20,GCF_016092075.1
GCF_016092465.1_prophage_6,1,GCF_016092465.1
GCF_016103245.1_prophage_1,20,GCF_016103245.1
GCF_016103265.1_prophage_2,18,GCF_016103265.1
GCF_016103355.1_prophage_3,3,GCF_016103355.1
GCF_016123615.1_prophage_1,14,GCF_016123615.1
GCF_016123785.1_prophage_1,8,GCF_016123785.1
GCF_016123785.1_prophage_5,17,GCF_016123785.1
GCF_016123895.1_prophage_4,20,GCF_016123895.1
GCF_016123945.1_prophage_1,1,GCF_016123945.1
GCF_016124005.1_prophage_1,13,GCF_016124005.1
GCF_016401355.1_prophage_6,18,GCF_016401355.1
GCF_016403825.1_prophage_6,15,GCF_016403825.1
GCF_016403945.1_prophage_2,15,GCF_016403945.1
GCF_016403975.2_prophage_4,1,GCF_016403975.2
GCF_016404305.1_prophage_4,12,GCF_016404305.1
GCF_016404385.1_prophage_7,15,GCF_016404385.1
GCF_016404525.1_prophage_2,3,GCF_016404525.1
GCF_016432805.1_prophage_2,10,GCF_016432805.1
GCF_016433185.1_prophage_4,15,GCF_016433185.1
GCF_016433265.1_prophage_4,5,GCF_016433265.1
GCF_016433265.1_prophage_6,3,GCF_016433265.1
GCF_016433315.1_prophage_5,1,GCF_016433315.1
GCF_016446335.1_prophage_7,17,GCF_016446335.1
GCF_016456285.1_prophage_3,3,GCF_016456285.1
GCF_016456335.1_prophage_4,19,GCF_016456335.1
GCF_016456465.1_prophage_4,19,GCF_016456465.1
GCF_016457435.1_prophage_2,13,GCF_016457435.1
GCF_016457505.1_prophage_5,16,GCF_016457505.1
GCF_016457515.1_prophage_1,16,GCF_016457515.1
GCF_016457515.1_prophage_2,13,GCF_016457515.1
GCF_016457515.1_prophage_5,1,GCF_016457515.1
GCF_016457585.1_prophage_2,1,GCF_016457585.1
GCF_016457655.1_prophage_6,16,GCF_016457655.1
GCF_016457845.1_prophage_2,13,GCF_016457845.1
GCF_016457905.1_prophage_2,13,GCF_016457905.1
GCF_016457905.1_prophage_3,11,GCF_016457905.1
GCF_016457965.1_prophage_1,16,GCF_016457965.1
GCF_016458155.1_prophage_4,20,GCF_016458155.1
GCF_016458765.1_prophage_2,13,GCF_016458765.1
GCF_016458905.1_prophage_4,15,GCF_016458905.1
GCF_016458945.1_prophage_10,1,GCF_016458945.1
GCF_016482945.1_prophage_1,13,GCF_016482945.1
GCF_016482975.1_prophage_2,2,GCF_016482975.1
GCF_016483015.1_prophage_4,2,GCF_016483015.1
GCF_016483025.1_prophage_1,2,GCF_016483025.1
GCF_016530575.1_prophage_5,1,GCF_016530575.1
GCF_016530645.1_prophage_2,7,GCF_016530645.1
GCF_016530725.1_prophage_2,19,GCF_016530725.1
GCF_016530725.1_prophage_3,1,GCF_016530725.1
GCF_016587155.1_prophage_5,16,GCF_016587155.1
GCF_016587295.1_prophage_1,1,GCF_016587295.1
GCF_016615335.1_prophage_4,20,GCF_016615335.1
GCF_016615365.1_prophage_3,1,GCF_016615365.1
GCF_016615565.1_prophage_2,20,GCF_016615565.1
GCF_016616825.1_prophage_6,9,GCF_016616825.1
GCF_016617575.1_prophage_3,19,GCF_016617575.1
GCF_016617575.1_prophage_5,12,GCF_016617575.1
GCF_016620485.1_prophage_6,16,GCF_016620485.1
GCF_016621865.1_prophage_3,18,GCF_016621865.1
GCF_016644125.1_prophage_3,19,GCF_016644125.1
GCF_016644175.1_prophage_1,1,GCF_016644175.1
GCF_016653075.1_prophage_3,15,GCF_016653075.1
GCF_016653125.1_prophage_6,15,GCF_016653125.1
GCF_016659085.1_prophage_4,7,GCF_016659085.1
GCF_016696665.1_prophage_5,5,GCF_016696665.1
GCF_016696665.1_prophage_9,20,GCF_016696665.1
GCF_016728085.1_prophage_3,15,GCF_016728085.1
GCF_016735835.1_prophage_1,10,GCF_016735835.1
GCF_016758315.1_prophage_1,7,GCF_016758315.1
GCF_016760395.1_prophage_7,3,GCF_016760395.1
GCF_016760655.1_prophage_2,13,GCF_016760655.1
GCF_016760815.1_prophage_3,19,GCF_016760815.1
GCF_016760865.1_prophage_9,1,GCF_016760865.1
GCF_016760915.1_prophage_7,1,GCF_016760915.1
GCF_016760965.1_prophage_1,19,GCF_016760965.1
GCF_016761015.1_prophage_5,7,GCF_016761015.1
GCF_016761255.1_prophage_4,18,GCF_016761255.1
GCF_016761385.1_prophage_8,18,GCF_016761385.1
GCF_016761475.1_prophage_7,19,GCF_016761475.1
GCF_016772855.1_prophage_1,3,GCF_016772855.1
GCF_016773465.1_prophage_1,15,GCF_016773465.1
GCF_016773495.1_prophage_4,4,GCF_016773495.1
GCF_016773535.1_prophage_6,15,GCF_016773535.1
GCF_016773635.1_prophage_8,11,GCF_016773635.1
GCF_016773715.1_prophage_3,20,GCF_016773715.1
GCF_016773715.1_prophage_4,15,GCF_016773715.1
GCF_016773735.1_prophage_4,5,GCF_016773735.1
GCF_016773755.1_prophage_6,20,GCF_016773755.1
GCF_016773775.1_prophage_5,10,GCF_016773775.1
GCF_016773855.1_prophage_2,15,GCF_016773855.1
GCF_016773855.1_prophage_5,3,GCF_016773855.1
GCF_016774655.1_prophage_1,14,GCF_016774655.1
GCF_016775115.1_prophage_2,20,GCF_016775115.1
GCF_016775865.1_prophage_2,1,GCF_016775865.1
GCF_016775965.1_prophage_2,12,GCF_016775965.1
GCF_016776025.1_prophage_4,8,GCF_016776025.1
GCF_016776045.1_prophage_5,16,GCF_016776045.1
GCF_016776165.1_prophage_6,1,GCF_016776165.1
GCF_016776245.1_prophage_5,16,GCF_016776245.1
GCF_016776365.1_prophage_3,15,GCF_016776365.1
GCF_016776385.1_prophage_9,20,GCF_016776385.1
GCF_016780575.1_prophage_2,2,GCF_016780575.1
GCF_016785425.1_prophage_3,13,GCF_016785425.1
GCF_016785525.1_prophage_1,1,GCF_016785525.1
GCF_016785705.1_prophage_2,3,GCF_016785705.1
GCF_016785725.1_prophage_1,8,GCF_016785725.1
GCF_016785925.1_prophage_4,5,GCF_016785925.1
GCF_016786025.1_prophage_2,2,GCF_016786025.1
GCF_016786075.1_prophage_6,10,GCF_016786075.1
GCF_016792465.1_prophage_1,14,GCF_016792465.1
GCF_016792525.1_prophage_4,13,GCF_016792525.1
GCF_016792545.1_prophage_6,3,GCF_016792545.1
GCF_016803875.1_prophage_8,2,GCF_016803875.1
GCF_016803915.1_prophage_10,15,GCF_016803915.1
GCF_016803935.1_prophage_3,2,GCF_016803935.1
GCF_016809875.1_prophage_2,20,GCF_016809875.1
GCF_016809895.1_prophage_4,5,GCF_016809895.1
GCF_016809975.1_prophage_3,17,GCF_016809975.1
GCF_016810095.1_prophage_2,17,GCF_016810095.1
GCF_016810115.1_prophage_2,10,GCF_016810115.1
GCF_016811195.1_prophage_6,7,GCF_016811195.1
GCF_016820315.1_prophage_6,2,GCF_016820315.1
GCF_016837655.1_prophage_4,19,GCF_016837655.1
GCF_016837805.1_prophage_6,2,GCF_016837805.1
GCF_016837845.1_prophage_1,2,GCF_016837845.1
GCF_016837965.1_prophage_1,9,GCF_016837965.1
GCF_016858605.1_prophage_1,10,GCF_016858605.1
GCF_016858605.1_prophage_3,2,GCF_016858605.1
GCF_016858765.1_prophage_3,15,GCF_016858765.1
GCF_016858885.1_prophage_1,12,GCF_016858885.1
GCF_016858925.1_prophage_2,8,GCF_016858925.1
GCF_016858985.1_prophage_3,20,GCF_016858985.1
GCF_016859825.1_prophage_4,16,GCF_016859825.1
GCF_016860225.1_prophage_5,13,GCF_016860225.1
GCF_016864435.1_prophage_11,3,GCF_016864435.1
GCF_016878795.1_prophage_2,1,GCF_016878795.1
GCF_016888405.1_prophage_6,11,GCF_016888405.1
GCF_016889265.1_prophage_3,1,GCF_016889265.1
GCF_016889545.1_prophage_6,1,GCF_016889545.1
GCF_016889685.1_prophage_5,1,GCF_016889685.1
GCF_016890005.1_prophage_2,13,GCF_016890005.1
GCF_016890005.1_prophage_4,12,GCF_016890005.1
GCF_016890135.1_prophage_2,20,GCF_016890135.1
GCF_016903275.1_prophage_5,1,GCF_016903275.1
GCF_016903435.1_prophage_2,1,GCF_016903435.1
GCF_016903835.1_prophage_4,1,GCF_016903835.1
GCF_016904115.1_prophage_5,13,GCF_016904115.1
GCF_016904195.1_prophage_1,8,GCF_016904195.1
GCF_016904495.1_prophage_1,5,GCF_016904495.1
GCF_016904495.1_prophage_5,2,GCF_016904495.1
GCF_016904555.1_prophage_3,13,GCF_016904555.1
GCF_016942475.1_prophage_5,7,GCF_016942475.1
GCF_016942535.1_prophage_4,13,GCF_016942535.1
GCF_017088465.1_prophage_3,13,GCF_017088465.1
GCF_017117405.1_prophage_1,13,GCF_017117405.1
GCF_017117485.1_prophage_4,1,GCF_017117485.1
GCF_017117515.1_prophage_3,10,GCF_017117515.1
GCF_017117715.1_prophage_1,10,GCF_017117715.1
GCF_017117845.1_prophage_2,1,GCF_017117845.1
GCF_017118145.1_prophage_2,3,GCF_017118145.1
GCF_017118175.1_prophage_3,2,GCF_017118175.1
GCF_017118345.1_prophage_1,7,GCF_017118345.1
GCF_017118535.1_prophage_2,10,GCF_017118535.1
GCF_017118535.1_prophage_7,3,GCF_017118535.1
GCF_017118605.1_prophage_2,3,GCF_017118605.1
GCF_017118605.1_prophage_7,20,GCF_017118605.1
GCF_017118805.1_prophage_4,10,GCF_017118805.1
GCF_017118895.1_prophage_2,13,GCF_017118895.1
GCF_017118965.1_prophage_1,20,GCF_017118965.1
GCF_017150845.1_prophage_2,20,GCF_017150845.1
GCF_017151225.1_prophage_2,7,GCF_017151225.1
GCF_017160815.1_prophage_1,13,GCF_017160815.1
GCF_017161345.1_prophage_3,4,GCF_017161345.1
GCF_017162595.1_prophage_1,5,GCF_017162595.1
GCF_017162795.1_prophage_8,10,GCF_017162795.1
GCF_017162825.1_prophage_2,1,GCF_017162825.1
GCF_017162895.1_prophage_1,9,GCF_017162895.1
GCF_017163345.1_prophage_1,10,GCF_017163345.1
GCF_017163535.1_prophage_2,9,GCF_017163535.1
GCF_017163595.1_prophage_6,2,GCF_017163595.1
GCF_017163645.1_prophage_7,8,GCF_017163645.1
GCF_017164175.1_prophage_2,11,GCF_017164175.1
GCF_017164255.1_prophage_2,9,GCF_017164255.1
GCF_017164335.1_prophage_8,5,GCF_017164335.1
GCF_017164395.1_prophage_1,6,GCF_017164395.1
GCF_017164695.1_prophage_1,13,GCF_017164695.1
GCF_017164775.1_prophage_13,1,GCF_017164775.1
GCF_017164775.1_prophage_7,2,GCF_017164775.1
GCF_017164895.1_prophage_8,20,GCF_017164895.1
GCF_017164915.1_prophage_2,15,GCF_017164915.1
GCF_017164955.1_prophage_16,9,GCF_017164955.1
GCF_017164955.1_prophage_6,15,GCF_017164955.1
GCF_017164995.1_prophage_9,2,GCF_017164995.1
GCF_017165015.1_prophage_12,2,GCF_017165015.1
GCF_017165095.1_prophage_13,1,GCF_017165095.1
GCF_017165115.1_prophage_2,15,GCF_017165115.1
GCF_017165135.1_prophage_12,2,GCF_017165135.1
GCF_017165135.1_prophage_14,2,GCF_017165135.1
GCF_017165155.1_prophage_8,2,GCF_017165155.1
GCF_017165255.1_prophage_4,1,GCF_017165255.1
GCF_017165275.1_prophage_13,1,GCF_017165275.1
GCF_017165335.1_prophage_12,2,GCF_017165335.1
GCF_017165335.1_prophage_8,2,GCF_017165335.1
GCF_017165375.1_prophage_3,2,GCF_017165375.1
GCF_017165415.1_prophage_5,3,GCF_017165415.1
GCF_017167945.1_prophage_1,7,GCF_017167945.1
GCF_017168615.1_prophage_6,20,GCF_017168615.1
GCF_017312795.1_prophage_1,10,GCF_017312795.1
GCF_017312855.1_prophage_1,10,GCF_017312855.1
GCF_017348835.2_prophage_2,1,GCF_017348835.2
GCF_017356205.1_prophage_3,8,GCF_017356205.1
GCF_017356345.1_prophage_3,7,GCF_017356345.1
GCF_017357545.1_prophage_5,2,GCF_017357545.1
GCF_017357545.1_prophage_6,1,GCF_017357545.1
GCF_017570685.1_prophage_1,20,GCF_017570685.1
GCF_017579865.1_prophage_2,3,GCF_017579865.1
GCF_017584325.1_prophage_3,16,GCF_017584325.1
GCF_017592945.1_prophage_1,1,GCF_017592945.1
GCF_017592995.1_prophage_1,9,GCF_017592995.1
GCF_017593015.1_prophage_1,11,GCF_017593015.1
GCF_017593225.1_prophage_3,16,GCF_017593225.1
GCF_017593605.1_prophage_2,13,GCF_017593605.1
GCF_017593625.1_prophage_2,5,GCF_017593625.1
GCF_017593645.1_prophage_7,5,GCF_017593645.1
GCF_017594145.1_prophage_5,7,GCF_017594145.1
GCF_017594165.1_prophage_3,12,GCF_017594165.1
GCF_017594525.1_prophage_2,14,GCF_017594525.1
GCF_017595145.1_prophage_1,13,GCF_017595145.1
GCF_017595385.1_prophage_1,14,GCF_017595385.1
GCF_017595505.1_prophage_6,8,GCF_017595505.1
GCF_017595525.1_prophage_3,5,GCF_017595525.1
GCF_017597545.1_prophage_1,12,GCF_017597545.1
GCF_017597545.1_prophage_6,20,GCF_017597545.1
GCF_017597625.1_prophage_6,17,GCF_017597625.1
GCF_017597975.1_prophage_3,5,GCF_017597975.1
GCF_017598005.1_prophage_1,20,GCF_017598005.1
GCF_017598065.1_prophage_4,5,GCF_017598065.1
GCF_017598205.1_prophage_3,16,GCF_017598205.1
GCF_017598355.1_prophage_1,20,GCF_017598355.1
GCF_017598385.1_prophage_2,20,GCF_017598385.1
GCF_017598545.1_prophage_5,20,GCF_017598545.1
GCF_017598645.1_prophage_3,4,GCF_017598645.1
GCF_017598725.1_prophage_2,15,GCF_017598725.1
GCF_017604265.1_prophage_2,4,GCF_017604265.1
GCF_017639025.1_prophage_2,2,GCF_017639025.1
GCF_017639105.1_prophage_4,1,GCF_017639105.1
GCF_017775115.1_prophage_6,7,GCF_017775115.1
GCF_017775135.1_prophage_6,7,GCF_017775135.1
GCF_017775225.1_prophage_7,12,GCF_017775225.1
GCF_017775675.1_prophage_4,16,GCF_017775675.1
GCF_017775705.1_prophage_3,20,GCF_017775705.1
GCF_017776035.1_prophage_4,7,GCF_017776035.1
GCF_017813585.1_prophage_3,14,GCF_017813585.1
GCF_017813635.1_prophage_2,1,GCF_017813635.1
GCF_017815815.1_prophage_5,1,GCF_017815815.1
GCF_017893795.1_prophage_3,4,GCF_017893795.1
GCF_017893885.1_prophage_4,7,GCF_017893885.1
GCF_017896185.1_prophage_5,7,GCF_017896185.1
GCF_017896205.1_prophage_5,7,GCF_017896205.1
GCF_017896545.1_prophage_5,17,GCF_017896545.1
GCF_017896725.1_prophage_2,8,GCF_017896725.1
GCF_017896725.1_prophage_3,14,GCF_017896725.1
GCF_017896805.1_prophage_3,1,GCF_017896805.1
GCF_017896885.1_prophage_1,8,GCF_017896885.1
GCF_017896885.1_prophage_5,5,GCF_017896885.1
GCF_017897065.1_prophage_4,1,GCF_017897065.1
GCF_017897525.1_prophage_2,14,GCF_017897525.1
GCF_017903455.1_prophage_1,13,GCF_017903455.1
GCF_017939405.1_prophage_6,12,GCF_017939405.1
GCF_017939485.1_prophage_1,13,GCF_017939485.1
GCF_018075305.1_prophage_9,17,GCF_018075305.1
GCF_018085225.1_prophage_5,18,GCF_018085225.1
GCF_018095025.1_prophage_3,15,GCF_018095025.1
GCF_018095065.1_prophage_6,10,GCF_018095065.1
GCF_018095225.1_prophage_3,1,GCF_018095225.1
GCF_018141245.1_prophage_4,8,GCF_018141245.1
GCF_018224245.1_prophage_2,10,GCF_018224245.1
GCF_018224745.1_prophage_2,3,GCF_018224745.1
GCF_018224745.1_prophage_3,13,GCF_018224745.1
GCF_018279125.1_prophage_2,8,GCF_018279125.1
GCF_018279225.1_prophage_12,20,GCF_018279225.1
GCF_018279225.1_prophage_3,3,GCF_018279225.1
GCF_018326165.1_prophage_1,20,GCF_018326165.1
GCF_018327605.1_prophage_5,10,GCF_018327605.1
GCF_018344545.1_prophage_1,20,GCF_018344545.1
GCF_018344735.1_prophage_5,1,GCF_018344735.1
GCF_018345005.1_prophage_3,20,GCF_018345005.1
GCF_018345025.1_prophage_1,14,GCF_018345025.1
GCF_018345025.1_prophage_3,1,GCF_018345025.1
GCF_018345085.1_prophage_1,14,GCF_018345085.1
GCF_018345085.1_prophage_2,14,GCF_018345085.1
GCF_018394415.1_prophage_1,15,GCF_018394415.1
GCF_018397095.1_prophage_4,7,GCF_018397095.1
GCF_018415995.1_prophage_3,5,GCF_018415995.1
GCF_018420635.1_prophage_1,2,GCF_018420635.1
GCF_018421215.1_prophage_3,9,GCF_018421215.1
GCF_018421985.1_prophage_3,20,GCF_018421985.1
GCF_018422955.1_prophage_1,17,GCF_018422955.1
GCF_018423055.1_prophage_4,1,GCF_018423055.1
GCF_018424775.1_prophage_3,10,GCF_018424775.1
GCF_018439005.1_prophage_2,10,GCF_018439005.1
GCF_018439505.1_prophage_4,14,GCF_018439505.1
GCF_018441485.1_prophage_4,20,GCF_018441485.1
GCF_018442445.1_prophage_1,11,GCF_018442445.1
GCF_018444005.1_prophage_4,18,GCF_018444005.1
GCF_018447635.1_prophage_6,20,GCF_018447635.1
GCF_018456315.1_prophage_5,12,GCF_018456315.1
GCF_018456605.1_prophage_4,20,GCF_018456605.1
GCF_018456625.1_prophage_8,9,GCF_018456625.1
GCF_018456635.1_prophage_5,13,GCF_018456635.1
GCF_018456685.1_prophage_5,12,GCF_018456685.1
GCF_018456865.1_prophage_9,20,GCF_018456865.1
GCF_018456955.1_prophage_3,3,GCF_018456955.1
GCF_018476565.1_prophage_2,15,GCF_018476565.1
GCF_018476595.1_prophage_6,16,GCF_018476595.1
GCF_018682915.1_prophage_2,14,GCF_018682915.1
GCF_018683005.1_prophage_1,9,GCF_018683005.1
GCF_018683045.1_prophage_5,4,GCF_018683045.1
GCF_018683095.1_prophage_3,1,GCF_018683095.1
GCF_018683295.1_prophage_7,17,GCF_018683295.1
GCF_018683415.1_prophage_1,15,GCF_018683415.1
GCF_018683415.1_prophage_4,20,GCF_018683415.1
GCF_018683495.1_prophage_4,3,GCF_018683495.1
GCF_018683535.1_prophage_2,13,GCF_018683535.1
GCF_018687775.1_prophage_3,1,GCF_018687775.1
GCF_018728225.1_prophage_3,17,GCF_018728225.1
GCF_018728225.1_prophage_5,18,GCF_018728225.1
GCF_018728485.1_prophage_4,13,GCF_018728485.1
GCF_018734065.1_prophage_2,1,GCF_018734065.1
GCF_018784805.1_prophage_2,14,GCF_018784805.1
GCF_018789835.1_prophage_2,20,GCF_018789835.1
GCF_018789975.1_prophage_2,13,GCF_018789975.1
GCF_018790095.1_prophage_5,1,GCF_018790095.1
GCF_018790515.1_prophage_1,12,GCF_018790515.1
GCF_018790515.1_prophage_2,16,GCF_018790515.1
GCF_018790645.1_prophage_5,17,GCF_018790645.1
GCF_018790715.1_prophage_2,13,GCF_018790715.1
GCF_018790745.1_prophage_5,17,GCF_018790745.1
GCF_018790895.1_prophage_1,1,GCF_018790895.1
GCF_018790915.1_prophage_3,5,GCF_018790915.1
GCF_018791675.1_prophage_1,15,GCF_018791675.1
GCF_018862155.1_prophage_6,1,GCF_018862155.1
GCF_018862595.1_prophage_2,2,GCF_018862595.1
GCF_018862815.1_prophage_6,14,GCF_018862815.1
GCF_018862985.1_prophage_7,11,GCF_018862985.1
GCF_018863015.1_prophage_1,10,GCF_018863015.1
GCF_018863035.1_prophage_4,11,GCF_018863035.1
GCF_018863045.1_prophage_4,5,GCF_018863045.1
GCF_018863135.1_prophage_1,10,GCF_018863135.1
GCF_018884265.1_prophage_1,12,GCF_018884265.1
GCF_018884265.1_prophage_6,3,GCF_018884265.1
GCF_018884285.1_prophage_1,14,GCF_018884285.1
GCF_018884465.1_prophage_7,2,GCF_018884465.1
GCF_018884545.1_prophage_3,2,GCF_018884545.1
GCF_018884565.1_prophage_2,14,GCF_018884565.1
GCF_018966965.1_prophage_1,15,GCF_018966965.1
GCF_018972225.1_prophage_5,1,GCF_018972225.1
GCF_018972245.1_prophage_4,19,GCF_018972245.1
GCF_018986775.1_prophage_2,1,GCF_018986775.1
GCF_018988385.1_prophage_4,2,GCF_018988385.1
GCF_019051295.1_prophage_2,17,GCF_019051295.1
GCF_019051635.1_prophage_1,13,GCF_019051635.1
GCF_019051775.1_prophage_5,1,GCF_019051775.1
GCF_019051795.1_prophage_5,14,GCF_019051795.1
GCF_019052095.1_prophage_4,3,GCF_019052095.1
GCF_019053115.1_prophage_2,8,GCF_019053115.1
GCF_019054135.1_prophage_5,20,GCF_019054135.1
GCF_019054175.1_prophage_1,2,GCF_019054175.1
GCF_019054575.1_prophage_1,14,GCF_019054575.1
GCF_019054575.1_prophage_3,1,GCF_019054575.1
GCF_019091005.1_prophage_2,2,GCF_019091005.1
GCF_019104245.1_prophage_2,11,GCF_019104245.1
GCF_019104255.1_prophage_1,2,GCF_019104255.1
GCF_019104285.1_prophage_4,14,GCF_019104285.1
GCF_019104345.1_prophage_2,2,GCF_019104345.1
GCF_019104385.1_prophage_3,5,GCF_019104385.1
GCF_019104395.1_prophage_3,11,GCF_019104395.1
GCF_019104655.1_prophage_2,14,GCF_019104655.1
GCF_019120735.1_prophage_3,5,GCF_019120735.1
GCF_019120795.1_prophage_1,11,GCF_019120795.1
GCF_019120815.1_prophage_1,20,GCF_019120815.1
GCF_019121055.1_prophage_1,4,GCF_019121055.1
GCF_019121055.1_prophage_2,1,GCF_019121055.1
GCF_019148725.1_prophage_5,20,GCF_019148725.1
GCF_019148725.1_prophage_6,20,GCF_019148725.1
GCF_019148765.1_prophage_5,1,GCF_019148765.1
GCF_019148845.1_prophage_3,2,GCF_019148845.1
GCF_019148845.1_prophage_7,8,GCF_019148845.1
GCF_019201615.1_prophage_3,8,GCF_019201615.1
GCF_019201665.1_prophage_3,4,GCF_019201665.1
GCF_019201765.1_prophage_4,7,GCF_019201765.1
GCF_019201865.1_prophage_3,2,GCF_019201865.1
GCF_019202285.1_prophage_7,15,GCF_019202285.1
GCF_019202555.1_prophage_1,13,GCF_019202555.1
GCF_019219395.1_prophage_2,7,GCF_019219395.1
GCF_019219605.1_prophage_2,14,GCF_019219605.1
GCF_019249965.1_prophage_4,1,GCF_019249965.1
GCF_019250015.1_prophage_3,20,GCF_019250015.1
GCF_019280025.1_prophage_2,3,GCF_019280025.1
GCF_019281595.1_prophage_1,12,GCF_019281595.1
GCF_019281595.1_prophage_2,10,GCF_019281595.1
GCF_019282105.1_prophage_1,10,GCF_019282105.1
GCF_019282155.1_prophage_4,18,GCF_019282155.1
GCF_019282295.1_prophage_4,1,GCF_019282295.1
GCF_019282315.1_prophage_1,10,GCF_019282315.1
GCF_019282355.1_prophage_1,19,GCF_019282355.1
GCF_019282405.1_prophage_5,18,GCF_019282405.1
GCF_019282515.1_prophage_1,1,GCF_019282515.1
GCF_019282695.1_prophage_4,11,GCF_019282695.1
GCF_019297265.1_prophage_7,20,GCF_019297265.1
GCF_019297415.1_prophage_3,12,GCF_019297415.1
GCF_019297505.1_prophage_4,12,GCF_019297505.1
GCF_019297555.1_prophage_5,1,GCF_019297555.1
GCF_019311925.1_prophage_4,12,GCF_019311925.1
GCF_019312345.1_prophage_8,1,GCF_019312345.1
GCF_019312485.1_prophage_1,9,GCF_019312485.1
GCF_019350995.1_prophage_1,10,GCF_019350995.1
GCF_019351035.1_prophage_3,20,GCF_019351035.1
GCF_019351255.1_prophage_2,17,GCF_019351255.1
GCF_019351275.1_prophage_3,20,GCF_019351275.1
GCF_019351335.1_prophage_2,3,GCF_019351335.1
GCF_019355495.1_prophage_9,11,GCF_019355495.1
GCF_019375055.2_prophage_3,5,GCF_019375055.2
GCF_019375055.2_prophage_8,20,GCF_019375055.2
GCF_019426265.1_prophage_4,1,GCF_019426265.1
GCF_019428645.1_prophage_3,10,GCF_019428645.1
GCF_019428665.1_prophage_4,17,GCF_019428665.1
GCF_019428725.1_prophage_6,20,GCF_019428725.1
GCF_019431315.1_prophage_5,15,GCF_019431315.1
GCF_019431335.1_prophage_11,1,GCF_019431335.1
GCF_019431475.1_prophage_7,16,GCF_019431475.1
GCF_019436585.1_prophage_4,16,GCF_019436585.1
GCF_019436625.1_prophage_4,17,GCF_019436625.1
GCF_019444045.1_prophage_1,20,GCF_019444045.1
GCF_019458565.1_prophage_3,14,GCF_019458565.1
GCF_019459845.1_prophage_5,17,GCF_019459845.1
GCF_019460065.1_prophage_3,14,GCF_019460065.1
GCF_019509185.1_prophage_3,18,GCF_019509185.1
GCF_019509195.1_prophage_1,17,GCF_019509195.1
GCF_019509195.1_prophage_6,13,GCF_019509195.1
GCF_019509565.1_prophage_1,14,GCF_019509565.1
GCF_019551855.1_prophage_4,4,GCF_019551855.1
GCF_019584115.1_prophage_3,20,GCF_019584115.1
GCF_019584345.1_prophage_3,2,GCF_019584345.1
GCF_019584445.1_prophage_2,2,GCF_019584445.1
GCF_019584445.1_prophage_3,1,GCF_019584445.1
GCF_019584865.1_prophage_1,17,GCF_019584865.1
GCF_019584865.1_prophage_6,20,GCF_019584865.1
GCF_019585005.1_prophage_1,14,GCF_019585005.1
GCF_019585285.1_prophage_6,1,GCF_019585285.1
GCF_019585305.1_prophage_1,13,GCF_019585305.1
GCF_019585485.1_prophage_3,3,GCF_019585485.1
GCF_019585745.1_prophage_2,15,GCF_019585745.1
GCF_019585825.1_prophage_3,12,GCF_019585825.1
GCF_019585905.1_prophage_3,1,GCF_019585905.1
GCF_019585925.1_prophage_2,1,GCF_019585925.1
GCF_019585935.1_prophage_7,11,GCF_019585935.1
GCF_019587165.1_prophage_1,10,GCF_019587165.1
GCF_019587225.1_prophage_2,17,GCF_019587225.1
GCF_019587335.1_prophage_3,19,GCF_019587335.1
GCF_019587525.1_prophage_5,14,GCF_019587525.1
GCF_019587895.1_prophage_2,14,GCF_019587895.1
GCF_019587985.1_prophage_5,5,GCF_019587985.1
GCF_019645995.1_prophage_2,7,GCF_019645995.1
GCF_019655835.1_prophage_1,8,GCF_019655835.1
GCF_019660015.1_prophage_1,13,GCF_019660015.1
GCF_019660785.1_prophage_3,7,GCF_019660785.1
GCF_019660835.1_prophage_3,20,GCF_019660835.1
GCF_019660925.1_prophage_3,7,GCF_019660925.1
GCF_019683895.1_prophage_2,10,GCF_019683895.1
GCF_019684015.1_prophage_5,19,GCF_019684015.1
GCF_019730465.1_prophage_5,8,GCF_019730465.1
GCF_019731455.1_prophage_3,8,GCF_019731455.1
GCF_019772125.1_prophage_5,13,GCF_019772125.1
GCF_019772145.1_prophage_2,2,GCF_019772145.1
GCF_019780835.1_prophage_3,7,GCF_019780835.1
GCF_019780925.1_prophage_4,17,GCF_019780925.1
GCF_019800285.1_prophage_7,20,GCF_019800285.1
GCF_019834445.1_prophage_6,1,GCF_019834445.1
GCF_019834455.1_prophage_1,1,GCF_019834455.1
GCF_019839425.1_prophage_3,12,GCF_019839425.1
GCF_019839945.1_prophage_2,15,GCF_019839945.1
GCF_019840005.1_prophage_5,14,GCF_019840005.1
GCF_019840065.1_prophage_6,4,GCF_019840065.1
GCF_019840545.1_prophage_1,2,GCF_019840545.1
GCF_019840625.1_prophage_2,4,GCF_019840625.1
GCF_019840825.1_prophage_3,3,GCF_019840825.1
GCF_019840915.1_prophage_1,2,GCF_019840915.1
GCF_019840915.1_prophage_2,17,GCF_019840915.1
GCF_019841065.1_prophage_1,1,GCF_019841065.1
GCF_019841365.1_prophage_5,5,GCF_019841365.1
GCF_019841475.1_prophage_8,14,GCF_019841475.1
GCF_019841545.1_prophage_2,17,GCF_019841545.1
GCF_019841565.1_prophage_4,2,GCF_019841565.1
GCF_019841585.1_prophage_1,13,GCF_019841585.1
GCF_019841705.1_prophage_2,10,GCF_019841705.1
GCF_019841865.1_prophage_3,5,GCF_019841865.1
GCF_019878055.1_prophage_5,15,GCF_019878055.1
GCF_019878145.1_prophage_1,3,GCF_019878145.1
GCF_019878155.1_prophage_9,18,GCF_019878155.1
GCF_019878665.1_prophage_2,1,GCF_019878665.1
GCF_019879225.1_prophage_7,1,GCF_019879225.1
GCF_019879285.1_prophage_3,13,GCF_019879285.1
GCF_019879405.1_prophage_4,16,GCF_019879405.1
GCF_019879535.1_prophage_4,14,GCF_019879535.1
GCF_019879625.1_prophage_3,11,GCF_019879625.1
GCF_019891035.1_prophage_3,1,GCF_019891035.1
GCF_019891295.1_prophage_2,12,GCF_019891295.1
GCF_019891305.1_prophage_2,20,GCF_019891305.1
GCF_019926445.1_prophage_1,3,GCF_019926445.1
GCF_019926495.1_prophage_1,12,GCF_019926495.1
GCF_019926495.1_prophage_3,17,GCF_019926495.1
GCF_019926525.1_prophage_6,17,GCF_019926525.1
GCF_019926805.1_prophage_3,17,GCF_019926805.1
GCF_019957205.1_prophage_8,14,GCF_019957205.1
GCF_019957355.1_prophage_6,12,GCF_019957355.1
GCF_019957505.1_prophage_2,8,GCF_019957505.1
GCF_019958035.1_prophage_3,17,GCF_019958035.1
GCF_019958115.1_prophage_1,20,GCF_019958115.1
GCF_019969545.1_prophage_9,12,GCF_019969545.1
GCF_019970955.1_prophage_2,1,GCF_019970955.1
GCF_019971035.1_prophage_1,20,GCF_019971035.1
GCF_019971115.1_prophage_2,20,GCF_019971115.1
GCF_019976835.1_prophage_6,20,GCF_019976835.1
GCF_020005445.1_prophage_4,14,GCF_020005445.1
GCF_020037245.1_prophage_3,3,GCF_020037245.1
GCF_020051435.1_prophage_6,2,GCF_020051435.1
GCF_020051595.1_prophage_6,3,GCF_020051595.1
GCF_020076285.1_prophage_2,5,GCF_020076285.1
GCF_020085025.1_prophage_3,11,GCF_020085025.1
GCF_020085195.1_prophage_10,2,GCF_020085195.1
GCF_020085235.1_prophage_1,13,GCF_020085235.1
GCF_020085235.1_prophage_2,6,GCF_020085235.1
GCF_020085555.1_prophage_2,14,GCF_020085555.1
GCF_020085735.1_prophage_1,1,GCF_020085735.1
GCF_020085895.1_prophage_4,11,GCF_020085895.1
GCF_020086055.1_prophage_5,11,GCF_020086055.1
GCF_020086165.1_prophage_2,11,GCF_020086165.1
GCF_020086315.1_prophage_4,11,GCF_020086315.1
GCF_020086365.1_prophage_1,13,GCF_020086365.1
GCF_020105335.1_prophage_2,1,GCF_020105335.1
GCF_020105395.1_prophage_9,20,GCF_020105395.1
GCF_020148165.1_prophage_6,7,GCF_020148165.1
GCF_020149665.1_prophage_4,1,GCF_020149665.1
GCF_020149705.1_prophage_1,13,GCF_020149705.1
GCF_020149705.1_prophage_4,16,GCF_020149705.1
GCF_020162395.1_prophage_5,2,GCF_020162395.1
GCF_020162435.1_prophage_2,12,GCF_020162435.1
GCF_020162435.1_prophage_5,7,GCF_020162435.1
GCF_020162445.1_prophage_1,20,GCF_020162445.1
GCF_020162445.1_prophage_5,4,GCF_020162445.1
GCF_020162475.1_prophage_1,10,GCF_020162475.1
GCF_020162615.1_prophage_6,13,GCF_020162615.1
GCF_020162695.1_prophage_5,7,GCF_020162695.1
GCF_020162765.1_prophage_2,14,GCF_020162765.1
GCF_020162795.1_prophage_2,8,GCF_020162795.1
GCF_020166635.1_prophage_6,12,GCF_020166635.1
GCF_020166655.1_prophage_2,14,GCF_020166655.1
GCF_020166665.1_prophage_2,3,GCF_020166665.1
GCF_020168335.1_prophage_1,20,GCF_020168335.1
GCF_020168375.1_prophage_1,10,GCF_020168375.1
GCF_020168695.1_prophage_5,8,GCF_020168695.1
GCF_020168775.1_prophage_2,14,GCF_020168775.1
GCF_020169365.1_prophage_1,2,GCF_020169365.1
GCF_020215925.1_prophage_3,5,GCF_020215925.1
GCF_020215945.1_prophage_6,17,GCF_020215945.1
GCF_020215945.1_prophage_9,20,GCF_020215945.1
GCF_020216205.1_prophage_3,15,GCF_020216205.1
GCF_020217445.1_prophage_7,13,GCF_020217445.1
GCF_020230345.1_prophage_1,7,GCF_020230345.1
GCF_020230435.1_prophage_1,5,GCF_020230435.1
GCF_020251685.1_prophage_5,10,GCF_020251685.1
GCF_020251725.1_prophage_5,20,GCF_020251725.1
GCF_020281995.1_prophage_1,14,GCF_020281995.1
GCF_020282065.1_prophage_3,7,GCF_020282065.1
GCF_020282125.1_prophage_4,4,GCF_020282125.1
GCF_020282125.1_prophage_5,9,GCF_020282125.1
GCF_020282185.1_prophage_4,13,GCF_020282185.1
GCF_020282305.1_prophage_1,12,GCF_020282305.1
GCF_020381605.1_prophage_3,14,GCF_020381605.1
GCF_020381685.1_prophage_3,8,GCF_020381685.1
GCF_020381985.1_prophage_3,2,GCF_020381985.1
GCF_020381995.1_prophage_5,14,GCF_020381995.1
GCF_020406085.1_prophage_2,10,GCF_020406085.1
GCF_020418405.1_prophage_1,7,GCF_020418405.1
GCF_020421655.1_prophage_2,12,GCF_020421655.1
GCF_020421745.1_prophage_7,4,GCF_020421745.1
GCF_020422265.1_prophage_1,5,GCF_020422265.1
GCF_020422525.1_prophage_5,8,GCF_020422525.1
GCF_020422745.1_prophage_2,5,GCF_020422745.1
GCF_020422745.1_prophage_6,18,GCF_020422745.1
GCF_020423185.1_prophage_4,3,GCF_020423185.1
GCF_020423205.1_prophage_14,1,GCF_020423205.1
GCF_020423225.1_prophage_15,9,GCF_020423225.1
GCF_020443995.1_prophage_13,2,GCF_020443995.1
GCF_020443995.1_prophage_14,2,GCF_020443995.1
GCF_020443995.1_prophage_5,3,GCF_020443995.1
GCF_020494055.1_prophage_2,14,GCF_020494055.1
GCF_020514375.1_prophage_5,10,GCF_020514375.1
GCF_020514385.1_prophage_7,3,GCF_020514385.1
GCF_020514555.1_prophage_2,20,GCF_020514555.1
GCF_020514905.1_prophage_3,1,GCF_020514905.1
GCF_020514905.1_prophage_7,2,GCF_020514905.1
GCF_020515295.1_prophage_6,8,GCF_020515295.1
GCF_020515315.1_prophage_4,7,GCF_020515315.1
GCF_020526745.1_prophage_5,7,GCF_020526745.1
GCF_020535205.1_prophage_4,1,GCF_020535205.1
GCF_020552865.1_prophage_5,20,GCF_020552865.1
GCF_020553665.1_prophage_3,13,GCF_020553665.1
GCF_020594115.1_prophage_6,3,GCF_020594115.1
GCF_020594415.1_prophage_5,5,GCF_020594415.1
GCF_020594495.1_prophage_4,5,GCF_020594495.1
GCF_020662165.1_prophage_7,1,GCF_020662165.1
GCF_020668375.1_prophage_2,1,GCF_020668375.1
GCF_020668485.1_prophage_2,14,GCF_020668485.1
GCF_020668575.1_prophage_3,14,GCF_020668575.1
GCF_020668575.1_prophage_4,1,GCF_020668575.1
GCF_020668755.1_prophage_2,12,GCF_020668755.1
GCF_020668895.1_prophage_7,9,GCF_020668895.1
GCF_020668915.1_prophage_2,1,GCF_020668915.1
GCF_020669055.1_prophage_2,1,GCF_020669055.1
GCF_020669085.1_prophage_3,17,GCF_020669085.1
GCF_020669155.1_prophage_5,12,GCF_020669155.1
GCF_020669215.1_prophage_4,2,GCF_020669215.1
GCF_020669315.1_prophage_4,20,GCF_020669315.1
GCF_020669315.1_prophage_5,20,GCF_020669315.1
GCF_020669455.1_prophage_7,12,GCF_020669455.1
GCF_020669475.1_prophage_2,15,GCF_020669475.1
GCF_020669475.1_prophage_7,20,GCF_020669475.1
GCF_020669685.1_prophage_1,9,GCF_020669685.1
GCF_020669725.1_prophage_1,9,GCF_020669725.1
GCF_020669795.1_prophage_2,4,GCF_020669795.1
GCF_020669945.1_prophage_1,17,GCF_020669945.1
GCF_020669985.1_prophage_5,3,GCF_020669985.1
GCF_020670065.1_prophage_6,1,GCF_020670065.1
GCF_020683045.1_prophage_2,18,GCF_020683045.1
GCF_020683085.1_prophage_1,1,GCF_020683085.1
GCF_020731985.1_prophage_3,5,GCF_020731985.1
GCF_020732035.1_prophage_4,20,GCF_020732035.1
GCF_020732055.1_prophage_2,10,GCF_020732055.1
GCF_020732545.1_prophage_2,19,GCF_020732545.1
GCF_020732585.1_prophage_4,10,GCF_020732585.1
GCF_020732795.1_prophage_2,1,GCF_020732795.1
GCF_020732795.1_prophage_3,13,GCF_020732795.1
GCF_020733625.1_prophage_1,13,GCF_020733625.1
GCF_020733885.1_prophage_4,14,GCF_020733885.1
GCF_020733955.1_prophage_5,4,GCF_020733955.1
GCF_020733955.1_prophage_6,10,GCF_020733955.1
GCF_020734045.1_prophage_2,8,GCF_020734045.1
GCF_020741155.1_prophage_3,1,GCF_020741155.1
GCF_020782285.1_prophage_5,17,GCF_020782285.1
GCF_020782405.1_prophage_3,20,GCF_020782405.1
GCF_020782685.1_prophage_2,14,GCF_020782685.1
GCF_020782695.1_prophage_3,17,GCF_020782695.1
GCF_020819635.1_prophage_2,14,GCF_020819635.1
GCF_020821775.1_prophage_2,20,GCF_020821775.1
GCF_020821925.1_prophage_2,2,GCF_020821925.1
GCF_020827555.1_prophage_3,13,GCF_020827555.1
GCF_020827895.1_prophage_4,1,GCF_020827895.1
GCF_020829045.1_prophage_2,1,GCF_020829045.1
GCF_020831395.1_prophage_2,1,GCF_020831395.1
GCF_020858205.1_prophage_10,1,GCF_020858205.1
GCF_020858625.1_prophage_3,14,GCF_020858625.1
GCF_020859015.1_prophage_5,18,GCF_020859015.1
GCF_020859075.1_prophage_4,11,GCF_020859075.1
GCF_020859325.1_prophage_5,18,GCF_020859325.1
GCF_020859375.1_prophage_1,1,GCF_020859375.1
GCF_020861305.1_prophage_3,2,GCF_020861305.1
GCF_020868245.1_prophage_7,17,GCF_020868245.1
GCF_020882935.1_prophage_7,15,GCF_020882935.1
GCF_020883255.1_prophage_4,3,GCF_020883255.1
GCF_020883355.1_prophage_2,20,GCF_020883355.1
GCF_020883395.1_prophage_1,20,GCF_020883395.1
GCF_020883515.1_prophage_5,17,GCF_020883515.1
GCF_020886495.2_prophage_6,17,GCF_020886495.2
GCF_020886575.2_prophage_2,2,GCF_020886575.2
GCF_020886575.2_prophage_8,17,GCF_020886575.2
GCF_020905655.1_prophage_2,2,GCF_020905655.1
GCF_020907615.1_prophage_7,20,GCF_020907615.1
GCF_020907645.1_prophage_2,2,GCF_020907645.1
GCF_020907645.1_prophage_7,20,GCF_020907645.1
GCF_020966395.1_prophage_4,17,GCF_020966395.1
GCF_020966535.1_prophage_5,2,GCF_020966535.1
GCF_021028405.1_prophage_1,15,GCF_021028405.1
GCF_021029505.1_prophage_4,11,GCF_021029505.1
GCF_021035545.1_prophage_1,13,GCF_021035545.1
GCF_021035625.1_prophage_5,1,GCF_021035625.1
GCF_021035665.1_prophage_1,3,GCF_021035665.1
GCF_021035695.1_prophage_1,1,GCF_021035695.1
GCF_021108535.1_prophage_3,16,GCF_021108535.1
GCF_021108575.1_prophage_1,20,GCF_021108575.1
GCF_021108595.1_prophage_1,3,GCF_021108595.1
GCF_021108595.1_prophage_2,12,GCF_021108595.1
GCF_021108815.1_prophage_1,20,GCF_021108815.1
GCF_021108825.1_prophage_1,16,GCF_021108825.1
GCF_021109335.1_prophage_3,17,GCF_021109335.1
GCF_021109555.1_prophage_7,3,GCF_021109555.1
GCF_021109595.1_prophage_4,12,GCF_021109595.1
GCF_021109785.1_prophage_3,10,GCF_021109785.1
GCF_021109815.1_prophage_1,10,GCF_021109815.1
GCF_021109845.1_prophage_2,15,GCF_021109845.1
GCF_021110035.1_prophage_3,17,GCF_021110035.1
GCF_021110035.1_prophage_4,17,GCF_021110035.1
GCF_021110165.1_prophage_3,13,GCF_021110165.1
GCF_021166015.1_prophage_13,1,GCF_021166015.1
GCF_021166015.1_prophage_16,1,GCF_021166015.1
GCF_021166415.1_prophage_5,15,GCF_021166415.1
GCF_021167175.1_prophage_7,8,GCF_021167175.1
GCF_021167275.1_prophage_1,4,GCF_021167275.1
GCF_021167385.1_prophage_2,2,GCF_021167385.1
GCF_021167405.1_prophage_5,16,GCF_021167405.1
GCF_021167655.1_prophage_3,13,GCF_021167655.1
GCF_021167735.1_prophage_4,16,GCF_021167735.1
GCF_021167815.1_prophage_2,17,GCF_021167815.1
GCF_021167875.1_prophage_2,13,GCF_021167875.1
GCF_021168125.1_prophage_6,16,GCF_021168125.1
GCF_021168295.1_prophage_1,1,GCF_021168295.1
GCF_021168295.1_prophage_4,2,GCF_021168295.1
GCF_021168355.1_prophage_3,14,GCF_021168355.1
GCF_021173045.1_prophage_1,10,GCF_021173045.1
GCF_021188655.1_prophage_1,7,GCF_021188655.1
GCF_021188775.1_prophage_2,13,GCF_021188775.1
GCF_021207195.1_prophage_2,13,GCF_021207195.1
GCF_021207275.1_prophage_3,1,GCF_021207275.1
GCF_021228455.1_prophage_5,20,GCF_021228455.1
GCF_021228475.1_prophage_5,12,GCF_021228475.1
GCF_021228515.1_prophage_1,3,GCF_021228515.1
GCF_021229225.1_prophage_5,1,GCF_021229225.1
GCF_021229225.1_prophage_6,8,GCF_021229225.1
GCF_021229355.1_prophage_4,14,GCF_021229355.1
GCF_021229425.1_prophage_3,19,GCF_021229425.1
GCF_021229425.1_prophage_9,3,GCF_021229425.1
GCF_021229495.1_prophage_6,17,GCF_021229495.1
GCF_021295415.1_prophage_1,1,GCF_021295415.1
GCF_021295415.1_prophage_2,20,GCF_021295415.1
GCF_021295435.1_prophage_5,1,GCF_021295435.1
GCF_021295475.1_prophage_5,3,GCF_021295475.1
GCF_021295535.1_prophage_1,1,GCF_021295535.1
GCF_021295635.1_prophage_7,4,GCF_021295635.1
GCF_021311665.1_prophage_2,1,GCF_021311665.1
GCF_021341935.1_prophage_1,13,GCF_021341935.1
GCF_021342075.1_prophage_1,8,GCF_021342075.1
GCF_021342095.1_prophage_5,3,GCF_021342095.1
GCF_021342185.1_prophage_1,1,GCF_021342185.1
GCF_021342295.1_prophage_2,12,GCF_021342295.1
GCF_021342395.1_prophage_1,1,GCF_021342395.1
GCF_021342455.1_prophage_3,2,GCF_021342455.1
GCF_021342505.1_prophage_3,13,GCF_021342505.1
GCF_021342585.1_prophage_5,20,GCF_021342585.1
GCF_021342585.1_prophage_9,1,GCF_021342585.1
GCF_021342655.1_prophage_2,19,GCF_021342655.1
GCF_021342855.1_prophage_4,1,GCF_021342855.1
GCF_021342965.1_prophage_3,6,GCF_021342965.1
GCF_021343005.1_prophage_1,1,GCF_021343005.1
GCF_021343055.1_prophage_1,20,GCF_021343055.1
GCF_021343135.1_prophage_2,16,GCF_021343135.1
GCF_021343195.1_prophage_6,20,GCF_021343195.1
GCF_021343295.1_prophage_6,1,GCF_021343295.1
GCF_021343455.1_prophage_1,19,GCF_021343455.1
GCF_021343455.1_prophage_5,1,GCF_021343455.1
GCF_021343555.1_prophage_1,4,GCF_021343555.1
GCF_021343565.1_prophage_4,10,GCF_021343565.1
GCF_021343585.1_prophage_2,14,GCF_021343585.1
GCF_021343695.1_prophage_6,2,GCF_021343695.1
GCF_021343735.1_prophage_7,3,GCF_021343735.1
GCF_021343765.1_prophage_3,1,GCF_021343765.1
GCF_021343785.1_prophage_3,12,GCF_021343785.1
GCF_021343835.1_prophage_2,1,GCF_021343835.1
GCF_021352385.1_prophage_1,13,GCF_021352385.1
GCF_021352385.1_prophage_2,1,GCF_021352385.1
GCF_021353525.1_prophage_1,3,GCF_021353525.1
GCF_021353655.1_prophage_1,17,GCF_021353655.1
GCF_021354215.1_prophage_1,12,GCF_021354215.1
GCF_021383885.1_prophage_1,15,GCF_021383885.1
GCF_021398995.1_prophage_5,2,GCF_021398995.1
GCF_021416225.1_prophage_1,20,GCF_021416225.1
GCF_021416565.1_prophage_6,7,GCF_021416565.1
GCF_021417055.1_prophage_2,10,GCF_021417055.1
GCF_021417145.1_prophage_3,1,GCF_021417145.1
GCF_900014325.1_prophage_2,13,GCF_900014325.1
GCF_900015745.1_prophage_7,11,GCF_900015745.1
GCF_900015775.1_prophage_3,13,GCF_900015775.1
GCF_900015815.1_prophage_1,2,GCF_900015815.1
GCF_900015995.1_prophage_9,1,GCF_900015995.1
GCF_900016005.1_prophage_1,3,GCF_900016005.1
GCF_900016025.1_prophage_1,13,GCF_900016025.1
GCF_900016115.1_prophage_5,10,GCF_900016115.1
GCF_900016365.1_prophage_1,3,GCF_900016365.1
GCF_900041715.1_prophage_6,2,GCF_900041715.1
GCF_900042775.1_prophage_4,3,GCF_900042775.1
GCF_900087565.2_prophage_3,10,GCF_900087565.2
GCF_900089795.1_prophage_3,5,GCF_900089795.1
GCF_900096835.1_prophage_2,10,GCF_900096835.1
GCF_900130215.1_prophage_2,8,GCF_900130215.1
GCF_900130215.1_prophage_3,5,GCF_900130215.1
GCF_900149875.1_prophage_2,11,GCF_900149875.1
GCF_900149875.1_prophage_7,20,GCF_900149875.1
GCF_900149915.1_prophage_5,2,GCF_900149915.1
GCF_900166705.1_prophage_1,18,GCF_900166705.1
GCF_900166765.1_prophage_3,3,GCF_900166765.1
GCF_900166825.1_prophage_4,2,GCF_900166825.1
GCF_900166835.1_prophage_5,18,GCF_900166835.1
GCF_900166845.1_prophage_1,2,GCF_900166845.1
GCF_900166955.1_prophage_3,2,GCF_900166955.1
GCF_900166955.1_prophage_5,1,GCF_900166955.1
GCF_900174625.1_prophage_4,1,GCF_900174625.1
GCF_900174635.1_prophage_3,5,GCF_900174635.1
GCF_900195345.1_prophage_2,20,GCF_900195345.1
GCF_900195345.1_prophage_9,13,GCF_900195345.1
GCF_900195385.1_prophage_1,15,GCF_900195385.1
GCF_900195535.1_prophage_2,17,GCF_900195535.1
GCF_900195615.1_prophage_6,6,GCF_900195615.1
GCF_900195705.1_prophage_1,9,GCF_900195705.1
GCF_900195895.1_prophage_1,14,GCF_900195895.1
GCF_900195905.1_prophage_5,17,GCF_900195905.1
GCF_900195985.1_prophage_2,20,GCF_900195985.1
GCF_900195995.1_prophage_6,14,GCF_900195995.1
GCF_900196115.1_prophage_3,7,GCF_900196115.1
GCF_900196145.1_prophage_3,2,GCF_900196145.1
GCF_900196225.1_prophage_1,9,GCF_900196225.1
GCF_900196275.1_prophage_10,20,GCF_900196275.1
GCF_900196315.1_prophage_5,20,GCF_900196315.1
GCF_900196365.1_prophage_1,10,GCF_900196365.1
GCF_900196475.1_prophage_6,7,GCF_900196475.1
GCF_900196515.1_prophage_2,14,GCF_900196515.1
GCF_900196635.1_prophage_1,20,GCF_900196635.1
GCF_900196685.1_prophage_6,11,GCF_900196685.1
GCF_900196695.1_prophage_4,5,GCF_900196695.1
GCF_900236065.1_prophage_6,12,GCF_900236065.1
GCF_900382715.1_prophage_4,1,GCF_900382715.1
GCF_900447915.1_prophage_3,20,GCF_900447915.1
GCF_900448215.1_prophage_11,20,GCF_900448215.1
GCF_900448245.1_prophage_3,1,GCF_900448245.1
GCF_900448265.1_prophage_11,1,GCF_900448265.1
GCF_900448275.1_prophage_12,2,GCF_900448275.1
GCF_900448275.1_prophage_6,1,GCF_900448275.1
GCF_900448415.1_prophage_8,7,GCF_900448415.1
GCF_900448455.1_prophage_9,13,GCF_900448455.1
GCF_900448555.1_prophage_2,15,GCF_900448555.1
GCF_900448565.1_prophage_1,2,GCF_900448565.1
GCF_900448675.1_prophage_4,20,GCF_900448675.1
GCF_900448725.1_prophage_1,13,GCF_900448725.1
GCF_900448835.1_prophage_10,1,GCF_900448835.1
GCF_900448835.1_prophage_12,8,GCF_900448835.1
GCF_900449005.1_prophage_4,13,GCF_900449005.1
GCF_900449065.1_prophage_2,3,GCF_900449065.1
GCF_900449165.1_prophage_10,2,GCF_900449165.1
GCF_900449215.1_prophage_1,7,GCF_900449215.1
GCF_900449245.1_prophage_9,14,GCF_900449245.1
GCF_900449305.1_prophage_2,2,GCF_900449305.1
GCF_900449445.1_prophage_3,7,GCF_900449445.1
GCF_900449455.1_prophage_12,15,GCF_900449455.1
GCF_900449455.1_prophage_2,20,GCF_900449455.1
GCF_900449455.1_prophage_6,20,GCF_900449455.1
GCF_900449475.1_prophage_16,11,GCF_900449475.1
GCF_900449495.1_prophage_2,4,GCF_900449495.1
GCF_900449645.1_prophage_1,1,GCF_900449645.1
GCF_900449665.1_prophage_4,20,GCF_900449665.1
GCF_900449745.1_prophage_7,2,GCF_900449745.1
GCF_900449755.1_prophage_5,8,GCF_900449755.1
GCF_900449765.1_prophage_3,1,GCF_900449765.1
GCF_900449765.1_prophage_7,20,GCF_900449765.1
GCF_900449785.1_prophage_4,14,GCF_900449785.1
GCF_900449835.1_prophage_10,8,GCF_900449835.1
GCF_900449875.1_prophage_3,3,GCF_900449875.1
GCF_900449905.1_prophage_11,1,GCF_900449905.1
GCF_900449935.1_prophage_6,10,GCF_900449935.1
GCF_900449945.1_prophage_2,2,GCF_900449945.1
GCF_900449985.1_prophage_6,10,GCF_900449985.1
GCF_900450155.1_prophage_6,1,GCF_900450155.1
GCF_900450215.1_prophage_2,2,GCF_900450215.1
GCF_900450315.1_prophage_7,20,GCF_900450315.1
GCF_900450385.1_prophage_3,20,GCF_900450385.1
GCF_900450385.1_prophage_6,14,GCF_900450385.1
GCF_900450495.1_prophage_3,20,GCF_900450495.1
GCF_900450515.1_prophage_6,16,GCF_900450515.1
GCF_900450515.1_prophage_9,2,GCF_900450515.1
GCF_900478475.1_prophage_5,14,GCF_900478475.1
GCF_900478525.1_prophage_5,10,GCF_900478525.1
GCF_900478655.1_prophage_4,12,GCF_900478655.1
GCF_900478765.1_prophage_2,20,GCF_900478765.1
GCF_900478765.1_prophage_5,2,GCF_900478765.1
GCF_900478835.1_prophage_1,1,GCF_900478835.1
GCF_900478845.1_prophage_6,3,GCF_900478845.1
GCF_900478865.1_prophage_3,17,GCF_900478865.1
GCF_900478875.1_prophage_6,12,GCF_900478875.1
GCF_900478915.1_prophage_3,13,GCF_900478915.1
GCF_900478945.1_prophage_3,14,GCF_900478945.1
GCF_900479005.1_prophage_2,17,GCF_900479005.1
GCF_900479075.1_prophage_10,6,GCF_900479075.1
GCF_900479115.1_prophage_5,13,GCF_900479115.1
GCF_900479145.1_prophage_9,3,GCF_900479145.1
GCF_900479215.1_prophage_1,4,GCF_900479215.1
GCF_900479285.1_prophage_1,16,GCF_900479285.1
GCF_900479335.1_prophage_4,1,GCF_900479335.1
GCF_900479345.1_prophage_10,17,GCF_900479345.1
GCF_900479345.1_prophage_3,19,GCF_900479345.1
GCF_900479395.1_prophage_1,1,GCF_900479395.1
GCF_900479395.1_prophage_4,12,GCF_900479395.1
GCF_900479425.1_prophage_1,13,GCF_900479425.1
GCF_900479435.1_prophage_1,17,GCF_900479435.1
GCF_900479465.1_prophage_2,13,GCF_900479465.1
GCF_900479485.1_prophage_3,8,GCF_900479485.1
GCF_900479515.1_prophage_5,5,GCF_900479515.1
GCF_900479595.1_prophage_9,1,GCF_900479595.1
GCF_900479635.1_prophage_2,13,GCF_900479635.1
GCF_900479685.1_prophage_2,3,GCF_900479685.1
GCF_900479805.1_prophage_4,7,GCF_900479805.1
GCF_900479815.1_prophage_2,13,GCF_900479815.1
GCF_900479815.1_prophage_5,13,GCF_900479815.1
GCF_900479845.1_prophage_10,20,GCF_900479845.1
GCF_900479845.1_prophage_12,20,GCF_900479845.1
GCF_900479855.1_prophage_8,12,GCF_900479855.1
GCF_900479865.1_prophage_11,20,GCF_900479865.1
GCF_900479945.1_prophage_7,14,GCF_900479945.1
GCF_900479975.1_prophage_2,2,GCF_900479975.1
GCF_900479975.1_prophage_4,20,GCF_900479975.1
GCF_900479995.1_prophage_6,9,GCF_900479995.1
GCF_900479995.1_prophage_8,3,GCF_900479995.1
GCF_900480005.1_prophage_5,7,GCF_900480005.1
GCF_900480245.1_prophage_4,13,GCF_900480245.1
GCF_900480275.1_prophage_3,14,GCF_900480275.1
GCF_900480325.1_prophage_5,14,GCF_900480325.1
GCF_900480525.1_prophage_3,20,GCF_900480525.1
GCF_900480525.1_prophage_7,8,GCF_900480525.1
GCF_900480545.1_prophage_2,2,GCF_900480545.1
GCF_900480545.1_prophage_3,4,GCF_900480545.1
GCF_900480615.1_prophage_9,7,GCF_900480615.1
GCF_900480625.1_prophage_2,3,GCF_900480625.1
GCF_900480675.1_prophage_8,17,GCF_900480675.1
GCF_900480785.1_prophage_5,7,GCF_900480785.1
GCF_900480815.1_prophage_1,17,GCF_900480815.1
GCF_900480925.1_prophage_2,1,GCF_900480925.1
GCF_900480965.1_prophage_4,1,GCF_900480965.1
GCF_900481025.1_prophage_7,7,GCF_900481025.1
GCF_900481085.1_prophage_1,20,GCF_900481085.1
GCF_900481115.1_prophage_4,2,GCF_900481115.1
GCF_900481355.1_prophage_4,5,GCF_900481355.1
GCF_900481365.1_prophage_6,8,GCF_900481365.1
GCF_900481365.1_prophage_7,20,GCF_900481365.1
GCF_900481405.1_prophage_4,2,GCF_900481405.1
GCF_900481455.1_prophage_1,15,GCF_900481455.1
GCF_900481455.1_prophage_11,1,GCF_900481455.1
GCF_900481475.1_prophage_7,5,GCF_900481475.1
GCF_900481505.1_prophage_6,20,GCF_900481505.1
GCF_900481545.1_prophage_2,14,GCF_900481545.1
GCF_900481605.1_prophage_5,5,GCF_900481605.1
GCF_900481665.1_prophage_6,15,GCF_900481665.1
GCF_900481685.1_prophage_6,1,GCF_900481685.1
GCF_900481865.1_prophage_11,7,GCF_900481865.1
GCF_900481945.1_prophage_12,2,GCF_900481945.1
GCF_900481945.1_prophage_6,1,GCF_900481945.1
GCF_900481955.1_prophage_3,2,GCF_900481955.1
GCF_900481965.1_prophage_4,15,GCF_900481965.1
GCF_900482075.1_prophage_6,15,GCF_900482075.1
GCF_900482115.1_prophage_4,3,GCF_900482115.1
GCF_900482135.1_prophage_2,17,GCF_900482135.1
GCF_900482235.1_prophage_10,20,GCF_900482235.1
GCF_900482235.1_prophage_9,20,GCF_900482235.1
GCF_900482275.1_prophage_3,19,GCF_900482275.1
GCF_900482315.1_prophage_1,20,GCF_900482315.1
GCF_900482345.1_prophage_4,2,GCF_900482345.1
GCF_900482355.1_prophage_4,13,GCF_900482355.1
GCF_900482415.1_prophage_2,20,GCF_900482415.1
GCF_900482425.1_prophage_2,3,GCF_900482425.1
GCF_900482455.1_prophage_1,1,GCF_900482455.1
GCF_900482635.1_prophage_8,20,GCF_900482635.1
GCF_900488875.1_prophage_5,7,GCF_900488875.1
GCF_900488905.1_prophage_3,17,GCF_900488905.1
GCF_900488905.1_prophage_6,12,GCF_900488905.1
GCF_900488915.1_prophage_2,13,GCF_900488915.1
GCF_900489045.1_prophage_2,14,GCF_900489045.1
GCF_900489155.1_prophage_1,10,GCF_900489155.1
GCF_900489335.1_prophage_1,12,GCF_900489335.1
GCF_900489365.1_prophage_3,13,GCF_900489365.1
GCF_900489385.1_prophage_3,10,GCF_900489385.1
GCF_900489645.1_prophage_4,12,GCF_900489645.1
GCF_900489755.1_prophage_2,14,GCF_900489755.1
GCF_900489815.1_prophage_3,4,GCF_900489815.1
GCF_900490155.1_prophage_8,1,GCF_900490155.1
GCF_900490165.1_prophage_1,5,GCF_900490165.1
GCF_900490205.1_prophage_3,5,GCF_900490205.1
GCF_900490225.1_prophage_3,11,GCF_900490225.1
GCF_900490305.1_prophage_8,14,GCF_900490305.1
GCF_900490475.1_prophage_16,15,GCF_900490475.1
GCF_900490615.1_prophage_6,16,GCF_900490615.1
GCF_900490645.1_prophage_1,1,GCF_900490645.1
GCF_900499425.1_prophage_2,20,GCF_900499425.1
GCF_900499435.1_prophage_3,13,GCF_900499435.1
GCF_900499455.1_prophage_2,2,GCF_900499455.1
GCF_900499725.1_prophage_2,9,GCF_900499725.1
GCF_900499735.1_prophage_2,10,GCF_900499735.1
GCF_900499775.1_prophage_2,3,GCF_900499775.1
GCF_900499805.1_prophage_3,10,GCF_900499805.1
GCF_900499835.1_prophage_4,3,GCF_900499835.1
GCF_900499965.1_prophage_3,10,GCF_900499965.1
GCF_900500295.1_prophage_4,7,GCF_900500295.1
GCF_900500325.1_prophage_6,13,GCF_900500325.1
GCF_900500335.1_prophage_2,20,GCF_900500335.1
GCF_900500485.1_prophage_1,2,GCF_900500485.1
GCF_900520345.1_prophage_1,2,GCF_900520345.1
GCF_900520345.1_prophage_6,15,GCF_900520345.1
GCF_900520395.1_prophage_3,2,GCF_900520395.1
GCF_900536385.1_prophage_5,7,GCF_900536385.1
GCF_900536575.1_prophage_1,1,GCF_900536575.1
GCF_900536915.1_prophage_1,3,GCF_900536915.1
GCF_900536925.1_prophage_2,8,GCF_900536925.1
GCF_900536985.1_prophage_2,1,GCF_900536985.1
GCF_900607785.1_prophage_5,12,GCF_900607785.1
GCF_900607785.1_prophage_9,1,GCF_900607785.1
GCF_900608045.1_prophage_10,3,GCF_900608045.1
GCF_900608065.1_prophage_7,1,GCF_900608065.1
GCF_900618235.1_prophage_2,2,GCF_900618235.1
GCF_900635165.1_prophage_5,1,GCF_900635165.1
GCF_900636075.1_prophage_10,20,GCF_900636075.1
GCF_900699165.1_prophage_3,2,GCF_900699165.1
GCF_900706885.1_prophage_1,12,GCF_900706885.1
GCF_900707035.1_prophage_6,16,GCF_900707035.1
GCF_901212605.1_prophage_1,15,GCF_901212605.1
GCF_901212605.1_prophage_2,13,GCF_901212605.1
GCF_902006485.1_prophage_2,2,GCF_902006485.1
GCF_902159015.1_prophage_3,1,GCF_902159015.1
GCF_902160875.1_prophage_3,1,GCF_902160875.1
GCF_902163485.1_prophage_2,5,GCF_902163485.1
GCF_902164305.1_prophage_4,10,GCF_902164305.1
GCF_902164375.1_prophage_3,10,GCF_902164375.1
GCF_902164475.1_prophage_2,13,GCF_902164475.1
GCF_902164555.1_prophage_6,3,GCF_902164555.1
GCF_902165065.1_prophage_5,12,GCF_902165065.1
GCF_902168335.1_prophage_4,10,GCF_902168335.1
GCF_902168365.1_prophage_7,2,GCF_902168365.1
GCF_902499785.1_prophage_2,1,GCF_902499785.1
GCF_902499835.1_prophage_3,20,GCF_902499835.1
GCF_902499855.1_prophage_3,18,GCF_902499855.1
GCF_902499885.1_prophage_7,10,GCF_902499885.1
GCF_902499935.1_prophage_1,20,GCF_902499935.1
GCF_902499935.1_prophage_5,12,GCF_902499935.1
GCF_902500125.1_prophage_7,3,GCF_902500125.1
GCF_902501765.1_prophage_7,3,GCF_902501765.1
GCF_902501915.1_prophage_1,9,GCF_902501915.1
GCF_902502175.1_prophage_2,2,GCF_902502175.1
GCF_902503205.1_prophage_4,14,GCF_902503205.1
GCF_902503875.1_prophage_1,2,GCF_902503875.1
GCF_902504595.1_prophage_1,16,GCF_902504595.1
GCF_902504835.1_prophage_1,13,GCF_902504835.1
GCF_902505045.1_prophage_2,20,GCF_902505045.1
GCF_902505165.1_prophage_2,3,GCF_902505165.1
GCF_902505225.1_prophage_2,14,GCF_902505225.1
GCF_902505275.1_prophage_3,12,GCF_902505275.1
GCF_902505505.1_prophage_3,20,GCF_902505505.1
GCF_902668655.1_prophage_8,1,GCF_902668655.1
GCF_902668695.1_prophage_1,20,GCF_902668695.1
GCF_902703135.1_prophage_2,20,GCF_902703135.1
GCF_902703145.1_prophage_3,1,GCF_902703145.1
GCF_902703295.1_prophage_3,3,GCF_902703295.1
GCF_902703345.1_prophage_3,20,GCF_902703345.1
GCF_902703355.1_prophage_6,15,GCF_902703355.1
GCF_902703355.1_prophage_7,18,GCF_902703355.1
GCF_902705295.1_prophage_1,1,GCF_902705295.1
GCF_902807065.1_prophage_1,20,GCF_902807065.1
GCF_902807115.1_prophage_3,12,GCF_902807115.1
GCF_902810085.1_prophage_2,12,GCF_902810085.1
GCF_902810175.1_prophage_1,1,GCF_902810175.1
GCF_902810225.1_prophage_4,2,GCF_902810225.1
GCF_902810275.1_prophage_5,12,GCF_902810275.1
GCF_902859055.1_prophage_2,2,GCF_902859055.1
GCF_902859055.1_prophage_3,14,GCF_902859055.1
GCF_902859065.1_prophage_1,11,GCF_902859065.1
GCF_902859125.1_prophage_2,7,GCF_902859125.1
GCF_902859135.1_prophage_3,2,GCF_902859135.1
GCF_902859195.1_prophage_1,11,GCF_902859195.1
GCF_902859215.1_prophage_2,14,GCF_902859215.1
GCF_902859365.1_prophage_2,14,GCF_902859365.1
GCF_902859375.1_prophage_4,20,GCF_902859375.1
GCF_902859485.1_prophage_1,11,GCF_902859485.1
GCF_902859495.1_prophage_7,10,GCF_902859495.1
GCF_902859515.1_prophage_3,14,GCF_902859515.1
GCF_903932245.1_prophage_6,14,GCF_903932245.1
GCF_904425475.1_prophage_1,1,GCF_904425475.1
GCF_904809545.1_prophage_5,13,GCF_904809545.1
GCF_904809545.1_prophage_7,17,GCF_904809545.1
GCF_904809665.1_prophage_1,13,GCF_904809665.1
GCF_904809675.1_prophage_4,16,GCF_904809675.1
GCF_904809695.1_prophage_2,16,GCF_904809695.1
GCF_904809725.1_prophage_2,13,GCF_904809725.1
GCF_904809735.1_prophage_1,14,GCF_904809735.1
GCF_904809915.1_prophage_2,1,GCF_904809915.1
GCF_904809955.1_prophage_4,10,GCF_904809955.1
GCF_904810025.1_prophage_3,13,GCF_904810025.1
GCF_904810065.1_prophage_5,15,GCF_904810065.1
GCF_904810145.1_prophage_3,20,GCF_904810145.1
GCF_904810225.1_prophage_2,2,GCF_904810225.1
GCF_904810315.1_prophage_3,14,GCF_904810315.1
GCF_904810375.1_prophage_1,8,GCF_904810375.1
GCF_904810375.1_prophage_3,17,GCF_904810375.1
GCF_904810405.1_prophage_6,1,GCF_904810405.1
GCF_904810445.1_prophage_9,20,GCF_904810445.1
GCF_904830965.1_prophage_6,1,GCF_904830965.1
GCF_904831805.1_prophage_9,20,GCF_904831805.1
GCF_904833135.1_prophage_3,20,GCF_904833135.1
GCF_904842245.1_prophage_3,1,GCF_904842245.1
GCF_904842335.1_prophage_3,12,GCF_904842335.1
GCF_904842345.1_prophage_3,1,GCF_904842345.1
GCF_904842475.1_prophage_7,4,GCF_904842475.1
GCF_904842485.1_prophage_5,20,GCF_904842485.1
GCF_904842595.1_prophage_1,4,GCF_904842595.1
GCF_904842595.1_prophage_8,9,GCF_904842595.1
GCF_904842655.1_prophage_5,17,GCF_904842655.1
GCF_904842675.1_prophage_4,20,GCF_904842675.1
GCF_904863385.1_prophage_1,13,GCF_904863385.1
GCF_904865835.1_prophage_2,2,GCF_904865835.1
GCF_904865835.1_prophage_3,14,GCF_904865835.1
GCF_905133375.1_prophage_4,16,GCF_905133375.1
GCF_905133545.1_prophage_5,12,GCF_905133545.1
GCF_905133545.1_prophage_9,3,GCF_905133545.1
GCF_905133615.1_prophage_5,14,GCF_905133615.1
GCF_905133635.1_prophage_2,14,GCF_905133635.1
GCF_905133635.1_prophage_4,20,GCF_905133635.1
GCF_905133675.1_prophage_2,8,GCF_905133675.1
GCF_905133715.1_prophage_3,11,GCF_905133715.1
GCF_905133735.1_prophage_3,11,GCF_905133735.1
GCF_905133865.1_prophage_1,15,GCF_905133865.1
GCF_905133965.1_prophage_3,1,GCF_905133965.1
GCF_905134005.1_prophage_1,10,GCF_905134005.1
GCF_905134045.1_prophage_4,16,GCF_905134045.1
GCF_905134045.1_prophage_8,17,GCF_905134045.1
GCF_905134045.1_prophage_9,1,GCF_905134045.1
GCF_905134095.1_prophage_2,1,GCF_905134095.1
GCF_905134175.1_prophage_3,3,GCF_905134175.1
GCF_905218875.1_prophage_7,3,GCF_905218875.1
GCF_905330065.1_prophage_3,2,GCF_905330065.1
GCF_905330065.1_prophage_6,20,GCF_905330065.1
GCF_905330275.1_prophage_4,1,GCF_905330275.1
GCF_905330655.1_prophage_10,1,GCF_905330655.1
GCF_905330655.1_prophage_9,20,GCF_905330655.1
GCF_905330875.1_prophage_1,2,GCF_905330875.1
GCF_905330995.1_prophage_6,1,GCF_905330995.1
GCF_905332385.1_prophage_5,13,GCF_905332385.1
GCF_907175065.1_prophage_7,3,GCF_907175065.1
GCF_907175075.1_prophage_2,5,GCF_907175075.1
GCF_907175085.1_prophage_3,15,GCF_907175085.1
GCF_907175125.1_prophage_9,20,GCF_907175125.1
GCF_907175135.1_prophage_1,4,GCF_907175135.1
GCF_907175305.1_prophage_2,14,GCF_907175305.1
GCF_907175305.1_prophage_4,2,GCF_907175305.1
GCF_907175525.1_prophage_1,15,GCF_907175525.1
GCF_907175595.1_prophage_3,2,GCF_907175595.1
GCF_907175605.1_prophage_4,15,GCF_907175605.1
GCF_907175685.1_prophage_6,1,GCF_907175685.1
GCF_907175795.1_prophage_1,20,GCF_907175795.1
GCF_907175815.1_prophage_1,5,GCF_907175815.1
GCF_907175815.1_prophage_4,2,GCF_907175815.1
GCF_907175925.1_prophage_1,20,GCF_907175925.1
GCF_907175975.1_prophage_2,1,GCF_907175975.1
GCF_907176125.1_prophage_3,12,GCF_907176125.1
GCF_907275035.1_prophage_6,5,GCF_907275035.1
GCF_907275045.1_prophage_5,20,GCF_907275045.1
GCF_907275055.1_prophage_5,5,GCF_907275055.1
GCF_910591805.1_prophage_7,4,GCF_910591805.1
GCF_910592805.1_prophage_4,9,GCF_910592805.1
GCF_910592855.1_prophage_1,20,GCF_910592855.1
GCF_910593615.1_prophage_3,2,GCF_910593615.1
GCF_910593925.1_prophage_15,15,GCF_910593925.1
GCF_910593925.1_prophage_6,2,GCF_910593925.1
GCF_910664815.1_prophage_4,2,GCF_910664815.1
GCF_910664855.1_prophage_7,4,GCF_910664855.1
GCF_910664925.1_prophage_3,1,GCF_910664925.1
GCF_910664935.1_prophage_2,20,GCF_910664935.1
GCF_910664935.1_prophage_5,8,GCF_910664935.1
GCF_910664945.1_prophage_5,14,GCF_910664945.1
GCF_910907455.1_prophage_1,13,GCF_910907455.1
GCF_916098175.1_prophage_4,5,GCF_916098175.1
GCF_916159645.1_prophage_2,14,GCF_916159645.1
GCF_916159685.1_prophage_1,1,GCF_916159685.1
GCF_916159815.1_prophage_2,19,GCF_916159815.1
GCF_916159975.1_prophage_11,3,GCF_916159975.1
GCF_916160005.1_prophage_7,17,GCF_916160005.1
GCF_916160215.1_prophage_6,20,GCF_916160215.1
GCF_916160225.1_prophage_4,5,GCF_916160225.1
GCF_916160385.1_prophage_1,10,GCF_916160385.1
GCF_916160425.1_prophage_7,17,GCF_916160425.1
GCF_916160705.1_prophage_3,15,GCF_916160705.1
GCF_916160895.1_prophage_4,13,GCF_916160895.1
GCF_916160945.1_prophage_2,2,GCF_916160945.1
GCF_921293325.1_prophage_1,3,GCF_921293325.1
GCF_921293325.1_prophage_5,14,GCF_921293325.1
GCF_921293335.1_prophage_4,12,GCF_921293335.1
GCF_921293415.1_prophage_4,6,GCF_921293415.1
GCF_921380995.1_prophage_3,12,GCF_921380995.1
