sequence,MDS1,MDS2,genome
GCF_000008865.2_prophage_1,-0.3913311009944094,-0.26693129203210764,GCF_000008865.2
GCF_000010385.1_prophage_6,0.705714634387118,0.4295977782791082,GCF_000010385.1
GCF_000010765.1_prophage_9,0.17308427358677397,0.31956891024348244,GCF_000010765.1
GCF_000021125.1_prophage_11,0.22955796160817324,0.5743373235966233,GCF_000021125.1
GCF_000021125.1_prophage_18,-0.05800677108967924,0.29597909574417236,GCF_000021125.1
GCF_000021125.1_prophage_9,0.24030520618754742,0.24628369482508788,GCF_000021125.1
GCF_000022345.1_prophage_1,-0.28655981720323104,0.22607903287810419,GCF_000022345.1
GCF_000025165.1_prophage_1,-0.2579877850099195,0.13505301194978706,GCF_000025165.1
GCF_000026545.1_prophage_8,-0.555846171499337,-0.1650999359785046,GCF_000026545.1
GCF_000026545.1_prophage_9,-0.0017444348846610454,-0.6604022366912354,GCF_000026545.1
GCF_000148365.1_prophage_1,0.15738071924230498,0.22786339223410143,GCF_000148365.1
GCF_000155125.1_prophage_6,0.1916601236016358,-0.049466024201019115,GCF_000155125.1
GCF_000155125.1_prophage_9,0.17384907909266467,0.25957382753245034,GCF_000155125.1
GCF_000163215.1_prophage_3,-0.4834098880107177,-0.057276797918930485,GCF_000163215.1
GCF_000163235.1_prophage_3,0.1332844125853722,0.22741758242550184,GCF_000163235.1
GCF_000164435.1_prophage_2,-0.5589375849262274,-0.0013024435920777379,GCF_000164435.1
GCF_000164475.1_prophage_1,-0.6035888538529883,0.5828415080031752,GCF_000164475.1
GCF_000166535.2_prophage_7,0.7592989644243073,0.029067339606492996,GCF_000166535.2
GCF_000167895.3_prophage_1,-0.20979385243626886,-0.8053255715879778,GCF_000167895.3
GCF_000171915.1_prophage_1,0.4576957493775478,0.17483100486981712,GCF_000171915.1
GCF_000171935.1_prophage_13,-0.24678425203326892,0.20178832982832084,GCF_000171935.1
GCF_000171935.1_prophage_9,0.06627642474903815,0.33950655855732587,GCF_000171935.1
GCF_000172055.1_prophage_4,-0.04969471210931564,0.44395486735948325,GCF_000172055.1
GCF_000172055.1_prophage_5,-0.019755933987680645,0.45709595856444757,GCF_000172055.1
GCF_000178755.1_prophage_2,0.6068639058618962,-0.38471068997591085,GCF_000178755.1
GCF_000181775.1_prophage_4,0.18366647345969578,0.2107568887030373,GCF_000181775.1
GCF_000184185.1_prophage_7,0.4788946974875778,0.5565886321379412,GCF_000184185.1
GCF_000187365.1_prophage_1,-0.29120721208868416,0.735114239102868,GCF_000187365.1
GCF_000188875.1_prophage_8,0.35990044469009236,-0.6702888412689978,GCF_000188875.1
GCF_000190895.1_prophage_1,-0.3021216927567448,0.1722478294360438,GCF_000190895.1
GCF_000190995.1_prophage_4,0.4509589385404876,0.21005062675821273,GCF_000190995.1
GCF_000194335.1_prophage_4,0.6819880399557412,0.2096552383859013,GCF_000194335.1
GCF_000194335.1_prophage_8,0.11133462985364934,0.6306090380898254,GCF_000194335.1
GCF_000194415.1_prophage_10,-0.3760017981361245,0.690827202385916,GCF_000194415.1
GCF_000194575.1_prophage_10,-0.4742397748830482,-0.11951273926520613,GCF_000194575.1
GCF_000194665.1_prophage_9,0.14979286920508614,-0.8056672035591502,GCF_000194665.1
GCF_000194685.1_prophage_3,-0.38282619423955416,0.08024359438936325,GCF_000194685.1
GCF_000194725.1_prophage_8,0.3656842955645575,0.20303873483272494,GCF_000194725.1
GCF_000212715.2_prophage_12,0.12456658651558905,-0.8134002078071225,GCF_000212715.2
GCF_000215185.1_prophage_5,-0.2181646777516203,0.22421302503399462,GCF_000215185.1
GCF_000215225.1_prophage_4,0.3481045923513836,0.19702570330267186,GCF_000215225.1
GCF_000220005.1_prophage_4,0.37493244960189914,0.10488909531815982,GCF_000220005.1
GCF_000223015.1_prophage_3,0.455060962320908,0.19254968826824714,GCF_000223015.1
GCF_000224395.1_prophage_2,0.7086499143114326,-0.1178948043633553,GCF_000224395.1
GCF_000225185.2_prophage_3,-0.005452695122181028,0.40525298999257775,GCF_000225185.2
GCF_000233675.1_prophage_4,-0.5988204078310981,0.07596514765786905,GCF_000233675.1
GCF_000234605.1_prophage_3,0.7712385646541084,-0.008391457985658862,GCF_000234605.1
GCF_000235065.1_prophage_2,-0.24524648536256652,0.21272006118253764,GCF_000235065.1
GCF_000235065.1_prophage_4,0.09908133200649342,0.2384319564155288,GCF_000235065.1
GCF_000235125.1_prophage_1,-0.42669440656947155,-0.6956022674189973,GCF_000235125.1
GCF_000235125.1_prophage_2,-0.24509195736779366,0.2127425944649644,GCF_000235125.1
GCF_000235145.1_prophage_9,-0.5185117882831302,0.15655892509118202,GCF_000235145.1
GCF_000235205.1_prophage_7,-0.12526287838292463,-0.18553995919235458,GCF_000235205.1
GCF_000235265.1_prophage_4,0.09973524717385772,0.2386993390357637,GCF_000235265.1
GCF_000249115.1_prophage_11,-0.34883687666125857,0.12937340437569275,GCF_000249115.1
GCF_000249235.1_prophage_1,0.1151813178353905,-0.6124820042327573,GCF_000249235.1
GCF_000249255.1_prophage_1,-0.625257056111259,-0.009123891665211862,GCF_000249255.1
GCF_000249755.1_prophage_8,0.4754951101484789,0.052163534589935764,GCF_000249755.1
GCF_000249855.1_prophage_7,0.32958140519803614,0.12235739081049969,GCF_000249855.1
GCF_000249875.1_prophage_5,0.3725125832570657,0.5519263114648917,GCF_000249875.1
GCF_000249935.1_prophage_2,-0.5651069385659572,-0.29648044987703187,GCF_000249935.1
GCF_000249935.1_prophage_7,0.583177044437451,0.16460611111189868,GCF_000249935.1
GCF_000250135.1_prophage_10,-0.05260128558219818,0.431272954697959,GCF_000250135.1
GCF_000250195.1_prophage_10,0.004856339634139973,0.4100410095898262,GCF_000250195.1
GCF_000250375.1_prophage_4,0.32510051774477683,-0.3369552083244688,GCF_000250375.1
GCF_000250575.1_prophage_1,0.11885188977032035,-0.7086917388239969,GCF_000250575.1
GCF_000252805.1_prophage_2,-0.5614497762251667,-0.6274788920653237,GCF_000252805.1
GCF_000260475.1_prophage_5,0.7205238729535576,-0.241010940229348,GCF_000260475.1
GCF_000260475.1_prophage_9,0.23528964782877435,0.5737624369098425,GCF_000260475.1
GCF_000261405.1_prophage_1,-0.26715566193488127,0.1961880757067153,GCF_000261405.1
GCF_000262125.1_prophage_3,0.18199069334260987,0.251091387031088,GCF_000262125.1
GCF_000262125.1_prophage_7,0.2143034081540178,0.2557140624206085,GCF_000262125.1
GCF_000263915.1_prophage_5,-0.40499285596000245,0.1779546047567489,GCF_000263915.1
GCF_000267085.1_prophage_3,0.45321329095930807,0.13380009234498497,GCF_000267085.1
GCF_000267085.1_prophage_6,-0.1880097102454953,-0.17408919361778225,GCF_000267085.1
GCF_000267105.1_prophage_5,0.40248075934124633,0.17261968899846303,GCF_000267105.1
GCF_000267125.1_prophage_1,-0.6699711197822815,0.10813466892873869,GCF_000267125.1
GCF_000267185.1_prophage_15,-0.4840878567025866,0.030712666647388216,GCF_000267185.1
GCF_000267785.2_prophage_3,0.6315519262019226,0.4998549937677231,GCF_000267785.2
GCF_000267885.2_prophage_2,-0.11569992550895083,0.7384536681999113,GCF_000267885.2
GCF_000269645.1_prophage_2,-0.12056568537532693,-0.4590402360006342,GCF_000269645.1
GCF_000273425.1_prophage_3,0.021117725663116527,0.302699881921549,GCF_000273425.1
GCF_000276745.1_prophage_3,-0.03966634462255013,-0.3260167979780818,GCF_000276745.1
GCF_000281775.1_prophage_1,0.03360843582645242,-0.08531967528652734,GCF_000281775.1
GCF_000303235.2_prophage_1,-0.4011164026197915,0.6809444841211717,GCF_000303235.2
GCF_000303795.2_prophage_1,0.6195640835400122,-0.3453155884736282,GCF_000303795.2
GCF_000303815.2_prophage_1,-0.15087653110193402,-0.35089016012710816,GCF_000303815.2
GCF_000304055.2_prophage_7,0.019654969544475046,-0.17969312134038518,GCF_000304055.2
GCF_000304115.2_prophage_2,-0.7118094532822139,0.2092949244240637,GCF_000304115.2
GCF_000305155.2_prophage_1,-0.39189237501070007,-0.26692759530750854,GCF_000305155.2
GCF_000308975.1_prophage_1,-0.14439994014699273,-0.2850118026361256,GCF_000308975.1
GCF_000316405.2_prophage_3,0.7047025402303708,0.3300190393328181,GCF_000316405.2
GCF_000316865.2_prophage_2,0.596920911227349,0.23658077422357474,GCF_000316865.2
GCF_000316905.2_prophage_2,-0.6139232435180001,-0.0075092532544274665,GCF_000316905.2
GCF_000319835.1_prophage_1,0.10070697046264968,0.23865326580798443,GCF_000319835.1
GCF_000320035.1_prophage_7,-0.6137116400309123,-0.19329218065103984,GCF_000320035.1
GCF_000320115.1_prophage_3,-0.008646546438009906,-0.014838321214694477,GCF_000320115.1
GCF_000320175.1_prophage_4,0.44666041442598675,-0.08249305242057156,GCF_000320175.1
GCF_000326445.1_prophage_2,0.12469833188967633,0.8240945202795018,GCF_000326445.1
GCF_000326505.1_prophage_1,-0.09288072348892862,-0.4088082031210559,GCF_000326505.1
GCF_000326525.1_prophage_2,-0.62196977869272,-0.035016609518293176,GCF_000326525.1
GCF_000326525.1_prophage_3,-0.19198576012374277,0.21277673429507596,GCF_000326525.1
GCF_000326585.1_prophage_4,-0.6149653537840049,-0.4174549241172641,GCF_000326585.1
GCF_000326725.1_prophage_2,-0.22076461271333278,0.2223543626984187,GCF_000326725.1
GCF_000326925.1_prophage_4,-0.2149012924890399,-0.27499748275759467,GCF_000326925.1
GCF_000335135.1_prophage_1,0.045413890821948,0.8330288216516091,GCF_000335135.1
GCF_000335195.2_prophage_7,-0.3166625042710343,-0.7024839861817822,GCF_000335195.2
GCF_000335335.2_prophage_2,0.16705219869897295,-0.673456427785138,GCF_000335335.2
GCF_000350005.1_prophage_1,-0.008803819778269092,-0.014809813039177888,GCF_000350005.1
GCF_000350045.2_prophage_3,0.16215257888369425,0.16910096881668793,GCF_000350045.2
GCF_000350905.1_prophage_4,0.05009733975589379,0.2301819954868428,GCF_000350905.1
GCF_000350945.1_prophage_2,0.14279213380606492,0.19915390268051766,GCF_000350945.1
GCF_000351045.1_prophage_4,0.09399221033114162,0.16619612889577806,GCF_000351045.1
GCF_000351125.1_prophage_2,-0.4680705527863979,0.13799050798480714,GCF_000351125.1
GCF_000351165.1_prophage_4,0.36011303731218874,-0.4485251631503487,GCF_000351165.1
GCF_000351225.1_prophage_7,0.6962206893710096,-0.3727766458136861,GCF_000351225.1
GCF_000351265.1_prophage_1,-0.06410018797657784,0.474843225523471,GCF_000351265.1
GCF_000351345.1_prophage_4,-0.6589463140438552,-0.1081838394878234,GCF_000351345.1
GCF_000351425.1_prophage_3,-0.11841254442433446,0.2307102960894828,GCF_000351425.1
GCF_000351465.1_prophage_9,-0.15332560182818056,-0.7972855907435875,GCF_000351465.1
GCF_000351525.1_prophage_1,-0.585587178957714,0.18248303617180603,GCF_000351525.1
GCF_000351685.1_prophage_3,-0.48528174743490665,-0.04474848832609678,GCF_000351685.1
GCF_000352225.1_prophage_3,-0.015624060636556726,-0.137720811440197,GCF_000352225.1
GCF_000352285.1_prophage_1,0.40163142842301636,-0.5962491249942332,GCF_000352285.1
GCF_000352325.1_prophage_2,0.37670063193082637,0.7052848305639006,GCF_000352325.1
GCF_000352685.1_prophage_3,0.4054857265261008,0.1628553022730415,GCF_000352685.1
GCF_000352985.1_prophage_5,0.7467176107318617,-0.37521225882191006,GCF_000352985.1
GCF_000353165.1_prophage_4,-0.09606385958397005,-0.35264220641518723,GCF_000353165.1
GCF_000353165.1_prophage_7,0.21711216750036097,0.16906043279552638,GCF_000353165.1
GCF_000354355.2_prophage_4,0.44271975692744236,-0.6340385975485757,GCF_000354355.2
GCF_000354735.2_prophage_1,-0.2081103461622,0.4799511504204824,GCF_000354735.2
GCF_000354775.2_prophage_4,0.43165620691397694,-0.6242715751622215,GCF_000354775.2
GCF_000354855.1_prophage_5,-0.6207206005750936,0.3941173368176895,GCF_000354855.1
GCF_000354915.1_prophage_2,-0.4360141320377278,-0.09030953175627933,GCF_000354915.1
GCF_000354935.2_prophage_3,-0.29759068822086016,-0.7330056173765553,GCF_000354935.2
GCF_000354935.2_prophage_4,-0.43581390925767605,-0.02035654131281321,GCF_000354935.2
GCF_000355215.2_prophage_4,0.3005142807038247,0.5515204856750238,GCF_000355215.2
GCF_000355255.2_prophage_2,-0.5939973246957707,0.20708206048416491,GCF_000355255.2
GCF_000355295.1_prophage_3,0.8253564387069428,0.06796995106106875,GCF_000355295.1
GCF_000355295.1_prophage_5,0.15304895074940714,0.24755178587746082,GCF_000355295.1
GCF_000355355.1_prophage_3,0.7613078810170817,-0.041180857563040914,GCF_000355355.1
GCF_000355475.2_prophage_4,0.4936718755691409,0.1943308721103804,GCF_000355475.2
GCF_000356245.1_prophage_5,0.4382343822993036,0.15571238885066416,GCF_000356245.1
GCF_000356285.2_prophage_2,0.31202323468313037,0.08086936288974914,GCF_000356285.2
GCF_000356465.2_prophage_1,-0.6378577581024552,0.18758229434531223,GCF_000356465.2
GCF_000356645.2_prophage_2,0.038444460156202113,0.381419472340793,GCF_000356645.2
GCF_000356725.1_prophage_4,0.7490184108436059,-0.14493897478711634,GCF_000356725.1
GCF_000356725.1_prophage_7,-0.197307358816665,-0.5160813917358119,GCF_000356725.1
GCF_000357305.2_prophage_4,0.627291265273027,0.22723822863314885,GCF_000357305.2
GCF_000357465.2_prophage_3,0.17956707373890654,-0.5666216200340408,GCF_000357465.2
GCF_000357625.2_prophage_3,-0.41974716654922545,0.252634915818669,GCF_000357625.2
GCF_000357985.2_prophage_3,-0.6777428410489936,0.04224364784621736,GCF_000357985.2
GCF_000358085.2_prophage_5,0.4635800209238194,0.5882168167978306,GCF_000358085.2
GCF_000358105.2_prophage_5,0.6209828873834911,-0.2669661490828899,GCF_000358105.2
GCF_000358715.2_prophage_1,-0.6498190278320327,0.09920522393103705,GCF_000358715.2
GCF_000364365.1_prophage_5,-0.2865598172030822,0.22607903287836909,GCF_000364365.1
GCF_000387865.2_prophage_5,0.12052305918641064,0.23223808149689276,GCF_000387865.2
GCF_000397705.1_prophage_3,-0.56777506110639,0.17342943307586822,GCF_000397705.1
GCF_000403965.1_prophage_2,0.3921337280603823,-0.6731680911468336,GCF_000403965.1
GCF_000407705.1_prophage_3,-0.05466175243383221,0.45284033624084297,GCF_000407705.1
GCF_000407745.1_prophage_1,0.08958805775812691,0.19573395246485717,GCF_000407745.1
GCF_000407945.1_prophage_6,0.5897157260244081,-0.4141973422943654,GCF_000407945.1
GCF_000407965.1_prophage_7,-0.05020234818367726,0.5171875962532018,GCF_000407965.1
GCF_000408045.1_prophage_7,0.1277360420416266,0.791224182385017,GCF_000408045.1
GCF_000408305.1_prophage_3,0.3488533531761079,0.18093169933753922,GCF_000408305.1
GCF_000408445.1_prophage_7,-0.3740454582805349,0.06335307571843687,GCF_000408445.1
GCF_000408485.1_prophage_1,-0.06989419450157368,0.39995841882671235,GCF_000408485.1
GCF_000408605.1_prophage_5,0.051791661309396574,-0.7145149862180605,GCF_000408605.1
GCF_000410675.2_prophage_4,0.33400096096911297,0.16564840847157053,GCF_000410675.2
GCF_000418615.2_prophage_1,0.2245641274738674,-0.5284051915331316,GCF_000418615.2
GCF_000418735.2_prophage_2,0.4898003909454304,-0.1542443349168114,GCF_000418735.2
GCF_000418755.2_prophage_2,0.4326107161138348,-0.19472379319009805,GCF_000418755.2
GCF_000442085.2_prophage_1,0.24239846840262463,0.6613953071570717,GCF_000442085.2
GCF_000442085.2_prophage_2,-0.5187156558979414,-0.4160758755155092,GCF_000442085.2
GCF_000446195.2_prophage_3,-0.35853650970715156,0.6970576474254239,GCF_000446195.2
GCF_000446225.2_prophage_2,-0.6922068524144726,0.048162912750307964,GCF_000446225.2
GCF_000446365.2_prophage_4,0.6533994020543734,-0.37063220754961484,GCF_000446365.2
GCF_000446645.2_prophage_7,0.28927738083651794,0.5577136069312468,GCF_000446645.2
GCF_000446745.2_prophage_2,-0.6893044078386442,0.42614781494259835,GCF_000446745.2
GCF_000446785.2_prophage_7,-0.1332165651236993,0.2806936317149407,GCF_000446785.2
GCF_000446865.2_prophage_4,-0.6502440276616109,0.1710275595037286,GCF_000446865.2
GCF_000447065.2_prophage_6,-0.6369396836279656,-0.17061238597796688,GCF_000447065.2
GCF_000456045.1_prophage_3,0.6920653171839676,0.05320731574346596,GCF_000456045.1
GCF_000456365.1_prophage_4,0.7602297096741601,0.40699891386616804,GCF_000456365.1
GCF_000456385.1_prophage_2,-0.09410748232462568,-0.15839857022269913,GCF_000456385.1
GCF_000456505.1_prophage_6,-0.14793067198839496,-0.33897155094346776,GCF_000456505.1
GCF_000456525.1_prophage_3,-0.4784378167158394,-0.09532454745158132,GCF_000456525.1
GCF_000456665.1_prophage_9,-0.09599487922379002,-0.35308084376592896,GCF_000456665.1
GCF_000456845.1_prophage_1,-0.14966551676492068,0.05942507937395047,GCF_000456845.1
GCF_000456885.1_prophage_5,0.10520659766340985,0.2368844463081271,GCF_000456885.1
GCF_000457105.1_prophage_2,-0.3028114955858999,0.1208904876890957,GCF_000457105.1
GCF_000457405.1_prophage_5,-0.14116850813666348,0.09047970711823362,GCF_000457405.1
GCF_000457455.1_prophage_2,0.34179842850426195,-0.6140775686976641,GCF_000457455.1
GCF_000457475.1_prophage_7,0.13916747076516853,0.1968906342009329,GCF_000457475.1
GCF_000457615.1_prophage_4,0.518292227843956,0.5422895325098954,GCF_000457615.1
GCF_000457655.1_prophage_11,0.3461744435851968,-0.4906963489866797,GCF_000457655.1
GCF_000457695.1_prophage_2,-0.320748904532197,0.655839523280045,GCF_000457695.1
GCF_000457735.1_prophage_6,-0.0620017148066094,0.4350970091203539,GCF_000457735.1
GCF_000457895.1_prophage_6,0.006672875468681358,0.42106962329384734,GCF_000457895.1
GCF_000458075.1_prophage_3,-0.09387503836317464,0.47843119537409434,GCF_000458075.1
GCF_000458295.1_prophage_5,-0.450409865224409,-0.03802234861211959,GCF_000458295.1
GCF_000458355.1_prophage_2,-0.3083733872350854,0.1219410602880997,GCF_000458355.1
GCF_000458455.1_prophage_6,-0.6177207496890241,0.4148949368253495,GCF_000458455.1
GCF_000458475.1_prophage_2,-0.11195056901334254,-0.8265421554341463,GCF_000458475.1
GCF_000458605.1_prophage_1,-0.30773100490025945,0.1220684184846404,GCF_000458605.1
GCF_000458605.1_prophage_4,-0.609950678483221,-0.3382558966498585,GCF_000458605.1
GCF_000458665.1_prophage_5,0.8191358957107572,-0.054988406449693085,GCF_000458665.1
GCF_000458685.1_prophage_2,0.34044679436306013,-0.6150524204815787,GCF_000458685.1
GCF_000458875.1_prophage_1,0.17912909494491555,-0.6169405959396442,GCF_000458875.1
GCF_000458875.1_prophage_6,0.47049027845570746,0.6102998807110287,GCF_000458875.1
GCF_000458935.1_prophage_4,-0.045670206972452006,0.2953353664566291,GCF_000458935.1
GCF_000458955.1_prophage_1,-0.21690925533567984,0.22482061711006482,GCF_000458955.1
GCF_000459275.1_prophage_6,-0.0960132637759534,-0.35300950960956257,GCF_000459275.1
GCF_000459375.1_prophage_9,-0.4991278944895748,-0.11130511303327899,GCF_000459375.1
GCF_000459435.1_prophage_4,0.17560611511580676,-0.5795814499249973,GCF_000459435.1
GCF_000459475.1_prophage_2,-0.06715620602245417,0.43417753176650953,GCF_000459475.1
GCF_000459595.1_prophage_1,-0.5636129469720959,-0.5059927272009246,GCF_000459595.1
GCF_000459675.1_prophage_5,0.18586661722803463,0.21781361357809165,GCF_000459675.1
GCF_000459735.1_prophage_5,0.26457999277863903,0.11309747824477893,GCF_000459735.1
GCF_000459795.1_prophage_2,-0.25274821079478865,-0.36971742961940324,GCF_000459795.1
GCF_000459835.1_prophage_2,-0.6046332470688585,0.2223003042909608,GCF_000459835.1
GCF_000459835.1_prophage_4,-0.5301750207435717,-0.13224046301257003,GCF_000459835.1
GCF_000459855.1_prophage_1,-0.27355423186844846,0.23830471111830553,GCF_000459855.1
GCF_000459895.1_prophage_4,0.011165952230691391,0.43617415553138966,GCF_000459895.1
GCF_000460135.1_prophage_2,-0.2825784655020104,0.1985823832094262,GCF_000460135.1
GCF_000460255.1_prophage_2,0.1469828694261685,0.19793537816747572,GCF_000460255.1
GCF_000460315.1_prophage_2,-0.3420837031170219,0.7001869576152846,GCF_000460315.1
GCF_000460335.1_prophage_3,0.005081796277459814,0.24710838289734666,GCF_000460335.1
GCF_000460475.1_prophage_1,-0.11195993504124399,-0.05788087231692601,GCF_000460475.1
GCF_000460775.1_prophage_5,0.10127486515334877,0.19712404651342477,GCF_000460775.1
GCF_000460815.1_prophage_3,-0.5729148046333908,0.5596548444055539,GCF_000460815.1
GCF_000460935.1_prophage_2,-0.24958287203032278,0.32069421399093423,GCF_000460935.1
GCF_000461155.1_prophage_4,0.5609456968102133,-0.22423676917958837,GCF_000461155.1
GCF_000461315.1_prophage_2,-0.5518958102554254,0.6373230467740305,GCF_000461315.1
GCF_000461395.1_prophage_3,-0.4417787501489422,0.007120572099778487,GCF_000461395.1
GCF_000461415.1_prophage_3,-0.4439404669086974,0.004609589712314894,GCF_000461415.1
GCF_000461655.1_prophage_1,-0.4482095699358929,0.0342369294058351,GCF_000461655.1
GCF_000461775.1_prophage_7,0.019215045514767822,-0.38624083858857794,GCF_000461775.1
GCF_000461935.2_prophage_13,-0.3750771009109299,-0.24124075837482944,GCF_000461935.2
GCF_000461975.2_prophage_1,0.4020540473003158,-0.48948653195035263,GCF_000461975.2
GCF_000462105.2_prophage_2,0.4916962358854902,0.6315645908251452,GCF_000462105.2
GCF_000462265.2_prophage_2,-0.10033289914227853,0.6557567797072087,GCF_000462265.2
GCF_000462345.2_prophage_1,0.3194212924257988,0.7031855929683792,GCF_000462345.2
GCF_000462445.2_prophage_5,0.4423895886049691,-0.1462747759435051,GCF_000462445.2
GCF_000462525.2_prophage_1,0.712102784973969,0.3255776832184632,GCF_000462525.2
GCF_000462565.2_prophage_1,-0.6941194544946975,-0.18649238713888697,GCF_000462565.2
GCF_000462805.2_prophage_2,-0.29251060240007076,-0.6714211687198346,GCF_000462805.2
GCF_000468515.1_prophage_4,0.1653148789347736,-0.5728980145014083,GCF_000468515.1
GCF_000471105.1_prophage_1,0.6062746870585591,-0.3434728268058996,GCF_000471105.1
GCF_000471265.1_prophage_1,-0.5763388765620986,0.5229240381931022,GCF_000471265.1
GCF_000471305.1_prophage_2,0.6916207776312493,-0.22785021878831696,GCF_000471305.1
GCF_000471365.1_prophage_5,-0.1664568140529619,0.6173697042827249,GCF_000471365.1
GCF_000471465.1_prophage_3,0.21071831015371936,-0.650746071463821,GCF_000471465.1
GCF_000473725.2_prophage_4,-0.035955693212112685,0.5613194462922688,GCF_000473725.2
GCF_000485675.1_prophage_3,0.3135269242294016,-0.06515398909001976,GCF_000485675.1
GCF_000488575.1_prophage_3,0.6650661696332317,-0.27200704917457413,GCF_000488575.1
GCF_000488775.1_prophage_6,-0.6578726268272949,0.15540606688598327,GCF_000488775.1
GCF_000492235.1_prophage_2,-0.3778328553472925,-0.7486772331423694,GCF_000492235.1
GCF_000494955.1_prophage_5,-0.4734848784641663,-0.0999560112533935,GCF_000494955.1
GCF_000498235.1_prophage_7,-0.4695306855381835,0.14672033454096564,GCF_000498235.1
GCF_000498815.2_prophage_6,-0.18280258958937293,0.22449159949923012,GCF_000498815.2
GCF_000503415.1_prophage_2,0.7897773990327606,-0.07825366593835019,GCF_000503415.1
GCF_000503635.1_prophage_6,0.6337957063018114,-0.368528188829627,GCF_000503635.1
GCF_000506445.2_prophage_3,-0.12849158382851306,-0.8149561411849345,GCF_000506445.2
GCF_000511465.1_prophage_2,-0.6720440420733383,-0.13162877487712327,GCF_000511465.1
GCF_000511485.1_prophage_4,0.2819741756938487,0.7996565535579173,GCF_000511485.1
GCF_000511525.1_prophage_2,0.8032439237900143,-0.20132440511333957,GCF_000511525.1
GCF_000512625.1_prophage_3,0.45739051776247175,-0.603768161122691,GCF_000512625.1
GCF_000513035.1_prophage_1,0.3015739923109899,0.1915916669141371,GCF_000513035.1
GCF_000513035.1_prophage_4,0.36586477685137286,0.20332837398765197,GCF_000513035.1
GCF_000513035.1_prophage_5,0.2648319184036035,0.19859536983916087,GCF_000513035.1
GCF_000513375.1_prophage_4,-0.5333566750137019,-0.3294224989678586,GCF_000513375.1
GCF_000517245.1_prophage_6,0.46714003336271603,-0.625977661806303,GCF_000517245.1
GCF_000517245.1_prophage_7,-0.537373894133249,-0.5563509351921466,GCF_000517245.1
GCF_000520035.1_prophage_12,0.08045161378763827,0.39133526101577065,GCF_000520035.1
GCF_000522125.1_prophage_7,0.056917062418991554,0.7077211773310907,GCF_000522125.1
GCF_000522145.1_prophage_7,0.1868447707475415,0.6857323597109368,GCF_000522145.1
GCF_000522145.1_prophage_9,-0.6320646443942356,-0.3368313183435848,GCF_000522145.1
GCF_000522185.2_prophage_1,-0.34612689784449474,-0.6798601889854323,GCF_000522185.2
GCF_000522205.1_prophage_4,0.11564622273669459,0.24862128330486985,GCF_000522205.1
GCF_000522225.1_prophage_3,0.10127483849761411,0.23789107334935788,GCF_000522225.1
GCF_000522245.1_prophage_3,0.3790063890820656,-0.622074978940259,GCF_000522245.1
GCF_000522345.1_prophage_7,-0.6408911882030801,-0.3237488215175312,GCF_000522345.1
GCF_000601135.1_prophage_3,-0.2618978628633294,-0.7425235217987689,GCF_000601135.1
GCF_000614405.2_prophage_6,0.24039335899068087,-0.5813585678323201,GCF_000614405.2
GCF_000614565.2_prophage_1,-0.33854704241118927,0.7166761475800794,GCF_000614565.2
GCF_000614885.2_prophage_3,-0.47455890138542195,0.7042661848946437,GCF_000614885.2
GCF_000615145.1_prophage_4,-0.3888135218892049,-0.2817200760490938,GCF_000615145.1
GCF_000615455.2_prophage_5,-0.6587113930757622,0.18900405213818658,GCF_000615455.2
GCF_000616195.2_prophage_1,-0.7077956896812166,-0.1891395742989453,GCF_000616195.2
GCF_000616585.2_prophage_1,-0.2936014450355392,0.17087815522585983,GCF_000616585.2
GCF_000616685.2_prophage_4,0.620447810530719,-0.2687479296442171,GCF_000616685.2
GCF_000617145.2_prophage_2,0.6756976804342996,-0.3184452860648033,GCF_000617145.2
GCF_000617185.2_prophage_1,0.4588951663234303,-0.3192147834393183,GCF_000617185.2
GCF_000617345.1_prophage_1,-0.3789726033316982,-0.05551786378733433,GCF_000617345.1
GCF_000617345.1_prophage_4,-0.05095180909881044,0.7273498839371174,GCF_000617345.1
GCF_000617405.2_prophage_4,0.06915238603978423,-0.5579617837375975,GCF_000617405.2
GCF_000618105.2_prophage_2,0.37165603328985947,-0.48090189418297635,GCF_000618105.2
GCF_000618145.2_prophage_3,0.6086522660083434,-0.3407594265085969,GCF_000618145.2
GCF_000618525.1_prophage_1,-0.26943726429604387,-0.7631711507896725,GCF_000618525.1
GCF_000618665.1_prophage_2,-0.058122248737213444,-0.6248452746033445,GCF_000618665.1
GCF_000618665.1_prophage_4,-0.2756756792900716,-0.7613783907831017,GCF_000618665.1
GCF_000618685.1_prophage_3,-0.05812376731548909,-0.7214978054270149,GCF_000618685.1
GCF_000619445.1_prophage_3,0.62687921044813,0.19752254254580318,GCF_000619445.1
GCF_000619465.2_prophage_1,-0.008255116947352557,-0.3150940931378618,GCF_000619465.2
GCF_000619485.1_prophage_4,-0.46840332168492305,-0.05545615927860396,GCF_000619485.1
GCF_000619545.2_prophage_3,-0.031491149184554375,-0.7491762903828473,GCF_000619545.2
GCF_000619565.2_prophage_3,0.6947492976269811,0.2097078083029951,GCF_000619565.2
GCF_000619605.1_prophage_6,0.665977623817267,0.02247369460627418,GCF_000619605.1
GCF_000622465.2_prophage_3,-0.44056821884225994,-0.11164521597464323,GCF_000622465.2
GCF_000622485.2_prophage_5,-0.06141461353263101,-0.5698713429045231,GCF_000622485.2
GCF_000622535.2_prophage_7,-0.09710740996983755,-0.29071480098088637,GCF_000622535.2
GCF_000622795.2_prophage_1,0.4609371716017567,-0.09260038619139101,GCF_000622795.2
GCF_000622855.2_prophage_1,-0.3529282796001034,0.7005402270769795,GCF_000622855.2
GCF_000627075.1_prophage_2,-0.3113232151437167,0.22479246065605027,GCF_000627075.1
GCF_000627075.1_prophage_4,-0.01780718288181731,0.8055475178038105,GCF_000627075.1
GCF_000627135.1_prophage_9,-0.08190931229704636,0.7984066501377924,GCF_000627135.1
GCF_000627315.1_prophage_5,-0.3006584248855611,-0.6603655941171385,GCF_000627315.1
GCF_000627885.1_prophage_4,0.6480891221123748,-0.3396856000625094,GCF_000627885.1
GCF_000627985.1_prophage_3,0.31939336727871404,0.26567319100862513,GCF_000627985.1
GCF_000632615.2_prophage_4,-0.6049541927468871,-0.020480994734149476,GCF_000632615.2
GCF_000632675.2_prophage_4,0.6561636481533528,0.21151651796644447,GCF_000632675.2
GCF_000687025.1_prophage_1,-0.6997902547398331,0.10080922813785669,GCF_000687025.1
GCF_000687065.1_prophage_8,-0.6144914246049819,0.17922840294003806,GCF_000687065.1
GCF_000690965.1_prophage_6,0.282143366193531,-0.6368322000852666,GCF_000690965.1
GCF_000690985.1_prophage_1,-0.6209669086108639,0.016694190310257116,GCF_000690985.1
GCF_000692395.1_prophage_3,0.11853404850950315,0.20107430374190713,GCF_000692395.1
GCF_000692475.1_prophage_2,0.10095023214143248,0.23931430393534384,GCF_000692475.1
GCF_000692555.1_prophage_2,-0.4534967225019966,-0.5950672511742591,GCF_000692555.1
GCF_000692715.1_prophage_3,0.4946775482362917,0.5673167463358584,GCF_000692715.1
GCF_000692735.1_prophage_10,0.32509490790835954,-0.06363909008310806,GCF_000692735.1
GCF_000692835.1_prophage_3,0.11860361690114773,0.19693806378250345,GCF_000692835.1
GCF_000695115.1_prophage_7,0.5625620675068451,0.24326511755559088,GCF_000695115.1
GCF_000695175.1_prophage_2,-0.6017274268125707,-0.19314401507121404,GCF_000695175.1
GCF_000696835.1_prophage_1,-0.07154580568374284,0.4158371766358896,GCF_000696835.1
GCF_000699365.1_prophage_5,-0.07360366006691095,0.3709620884793498,GCF_000699365.1
GCF_000700085.1_prophage_6,-0.3457904452290766,-0.4984252519013262,GCF_000700085.1
GCF_000700325.1_prophage_4,0.13887884967316477,0.16130102761552637,GCF_000700325.1
GCF_000700405.1_prophage_1,0.021300969424474417,0.07544378234456335,GCF_000700405.1
GCF_000700405.1_prophage_6,0.8065117735242219,0.207179951946105,GCF_000700405.1
GCF_000700465.1_prophage_3,0.14652231660664466,-0.21988841738085818,GCF_000700465.1
GCF_000700565.1_prophage_3,0.23640027169527464,0.169820078863092,GCF_000700565.1
GCF_000700605.1_prophage_1,-0.12609362318303854,0.2444833657121726,GCF_000700605.1
GCF_000701145.1_prophage_1,0.7455630190568429,0.15253213203753813,GCF_000701145.1
GCF_000703205.1_prophage_12,0.462869143973612,-0.09313275195005079,GCF_000703205.1
GCF_000703205.1_prophage_6,-0.32536660917726573,0.09868364494153253,GCF_000703205.1
GCF_000703225.1_prophage_9,-0.18212824254808185,-0.012963268786424547,GCF_000703225.1
GCF_000703325.1_prophage_15,-0.037661513560002566,0.4587897728572997,GCF_000703325.1
GCF_000703565.1_prophage_1,0.034143338472686774,0.02535167316017789,GCF_000703565.1
GCF_000703805.1_prophage_2,0.18480198517353277,-0.6111975653682074,GCF_000703805.1
GCF_000703805.1_prophage_3,-0.43145991837182557,-0.3479253466628245,GCF_000703805.1
GCF_000703825.1_prophage_2,0.194217250453595,-0.6021630396391943,GCF_000703825.1
GCF_000703845.1_prophage_3,-0.6997898212103778,0.10081129236098213,GCF_000703845.1
GCF_000703885.1_prophage_3,-0.36562616130495573,0.1894056431276568,GCF_000703885.1
GCF_000704505.1_prophage_1,-0.3908133377884703,0.6808628805600012,GCF_000704505.1
GCF_000704725.1_prophage_5,0.7176397847645898,-0.21553772945549046,GCF_000704725.1
GCF_000704805.1_prophage_4,0.11852112308908865,-0.01858020115085503,GCF_000704805.1
GCF_000704885.1_prophage_2,-0.05895291946393494,0.028761160851001978,GCF_000704885.1
GCF_000704885.1_prophage_6,-0.6524754298435272,-0.007387196738929464,GCF_000704885.1
GCF_000704905.1_prophage_5,-0.6524751503558245,-0.0073921617105601745,GCF_000704905.1
GCF_000708145.1_prophage_2,-0.25813176428653023,-0.6414823740127159,GCF_000708145.1
GCF_000711435.1_prophage_1,-0.047630751756896,0.4607556106424678,GCF_000711435.1
GCF_000711485.1_prophage_1,0.45613325014210887,0.6273224897070312,GCF_000711485.1
GCF_000711565.1_prophage_7,-0.6333157334785486,-0.1679693688077026,GCF_000711565.1
GCF_000713135.1_prophage_2,-0.37965597403184814,-0.6585566290018678,GCF_000713135.1
GCF_000713255.1_prophage_3,-0.5346400242054403,-0.11100796490461619,GCF_000713255.1
GCF_000713315.1_prophage_4,0.4355858990564827,-0.6329055768595816,GCF_000713315.1
GCF_000713735.1_prophage_3,0.6878444605816474,0.21799480203745197,GCF_000713735.1
GCF_000713785.1_prophage_2,-0.2872381042061203,0.7567985767548521,GCF_000713785.1
GCF_000713815.1_prophage_4,-0.4558217456013725,-0.11343915895361,GCF_000713815.1
GCF_000713975.1_prophage_2,-0.047342561585949496,-0.625670597506774,GCF_000713975.1
GCF_000713985.1_prophage_1,-0.5346448920270065,-0.11099869081712525,GCF_000713985.1
GCF_000714105.1_prophage_4,-0.48602338586265736,0.6963469813495152,GCF_000714105.1
GCF_000714995.1_prophage_2,-0.0554802797363962,0.7373973751274971,GCF_000714995.1
GCF_000725305.1_prophage_3,0.1514870410283855,0.1357049007980667,GCF_000725305.1
GCF_000731355.1_prophage_6,-0.2625492461658361,-0.6225704879851371,GCF_000731355.1
GCF_000731355.1_prophage_7,0.6433710613871907,0.23205316963805087,GCF_000731355.1
GCF_000732965.1_prophage_2,-0.24863463219516493,0.20258457211874645,GCF_000732965.1
GCF_000734955.1_prophage_7,-0.45736887384750036,0.09508110020732079,GCF_000734955.1
GCF_000749575.1_prophage_3,0.3018898050968747,0.1692904341731479,GCF_000749575.1
GCF_000750555.1_prophage_5,-0.12091462477462003,-0.5071325775940608,GCF_000750555.1
GCF_000752135.1_prophage_4,-0.366527942217257,0.709612177022067,GCF_000752135.1
GCF_000752195.1_prophage_4,0.010559460373554172,-0.1838657185553687,GCF_000752195.1
GCF_000752235.1_prophage_2,0.5453256303643959,0.24677613885311211,GCF_000752235.1
GCF_000752415.1_prophage_3,-0.1282104737761416,0.8276388468957565,GCF_000752415.1
GCF_000752455.1_prophage_1,0.12652134985148825,0.3577849235997572,GCF_000752455.1
GCF_000752455.1_prophage_9,0.28378969599293186,0.09523710498630442,GCF_000752455.1
GCF_000752695.1_prophage_4,-0.10490597104943382,0.2502902423650173,GCF_000752695.1
GCF_000752695.1_prophage_8,0.023291069485714425,-0.052000765864982736,GCF_000752695.1
GCF_000752755.1_prophage_6,0.5693165164123122,0.5775869340821183,GCF_000752755.1
GCF_000752775.1_prophage_6,0.6198857579527782,0.22880797053365154,GCF_000752775.1
GCF_000752815.1_prophage_1,-0.2125015790529757,0.2248201475537076,GCF_000752815.1
GCF_000752935.1_prophage_1,-0.37455317354870654,0.6958225108142397,GCF_000752935.1
GCF_000753115.1_prophage_2,0.4849450387656055,0.18605509045060326,GCF_000753115.1
GCF_000753215.1_prophage_3,-0.3352093779503406,0.05869419992504294,GCF_000753215.1
GCF_000753415.1_prophage_2,0.5484698302158533,0.4033362180248088,GCF_000753415.1
GCF_000753535.1_prophage_3,0.04455749840574327,0.8447240391648515,GCF_000753535.1
GCF_000754855.1_prophage_1,-0.6456011848028846,0.020030582374828063,GCF_000754855.1
GCF_000754865.1_prophage_1,0.7391531936767265,-0.14947722855500853,GCF_000754865.1
GCF_000762385.1_prophage_5,0.34331279657661523,-0.6138724591837057,GCF_000762385.1
GCF_000768125.1_prophage_5,-0.05439086170848557,0.44303771714516926,GCF_000768125.1
GCF_000768465.1_prophage_2,0.18757279434099264,0.7858686930096971,GCF_000768465.1
GCF_000768485.1_prophage_1,0.07577087814960812,0.21336652427821748,GCF_000768485.1
GCF_000768485.1_prophage_3,0.5092414230089848,-0.5729799990741672,GCF_000768485.1
GCF_000768505.1_prophage_5,-0.2851717840463911,-0.36923048209248044,GCF_000768505.1
GCF_000770285.1_prophage_3,-0.18280258958937304,0.22449159949923062,GCF_000770285.1
GCF_000776175.1_prophage_2,-0.5990337730601373,0.07341740718240684,GCF_000776175.1
GCF_000776235.1_prophage_6,-0.5625628197879564,0.08476590290246806,GCF_000776235.1
GCF_000776275.1_prophage_2,-0.6563305001717725,0.1551484331736927,GCF_000776275.1
GCF_000776355.1_prophage_6,-0.689569115944137,-0.27346243454882563,GCF_000776355.1
GCF_000776415.1_prophage_1,-0.1996147763326602,-0.6993478946033854,GCF_000776415.1
GCF_000776745.1_prophage_3,-0.2821614073300673,-0.7422572615243228,GCF_000776745.1
GCF_000776835.1_prophage_2,0.011915449563447415,0.8436904093568556,GCF_000776835.1
GCF_000776915.1_prophage_1,0.34246881335933566,-0.6213809650690044,GCF_000776915.1
GCF_000777325.1_prophage_3,-0.6664774701146354,0.016763029223320472,GCF_000777325.1
GCF_000777555.1_prophage_2,-0.7914641894503117,-0.3165013568223538,GCF_000777555.1
GCF_000778175.1_prophage_4,-0.624306277852368,-0.26920342667414326,GCF_000778175.1
GCF_000778395.1_prophage_1,0.30852472620015037,-0.6237138032137026,GCF_000778395.1
GCF_000778475.1_prophage_6,0.4359606272725554,0.18880578824696068,GCF_000778475.1
GCF_000779335.1_prophage_2,-0.5268385032720465,0.26040192962514735,GCF_000779335.1
GCF_000779365.1_prophage_4,0.03014279935158341,0.7154593957353945,GCF_000779365.1
GCF_000779695.1_prophage_2,-0.6027966417725017,-0.360862252282484,GCF_000779695.1
GCF_000779715.1_prophage_2,0.29817032462448895,0.10552868821343307,GCF_000779715.1
GCF_000779735.1_prophage_2,-0.654037096424026,0.48811581492700556,GCF_000779735.1
GCF_000779835.1_prophage_3,0.7589473952805873,-0.18744552911824333,GCF_000779835.1
GCF_000780035.1_prophage_3,-0.6609777670468134,0.5431039905886165,GCF_000780035.1
GCF_000780495.1_prophage_1,0.4362905792957162,0.18892317477748363,GCF_000780495.1
GCF_000780615.1_prophage_3,0.058190180597627955,-0.7260583277555258,GCF_000780615.1
GCF_000780925.1_prophage_1,-0.4115322997097425,-0.3789811923175084,GCF_000780925.1
GCF_000781435.1_prophage_1,0.1866104621098855,-0.6166271153477129,GCF_000781435.1
GCF_000781455.1_prophage_1,0.709980453745089,-0.20307729840393413,GCF_000781455.1
GCF_000781505.1_prophage_1,-0.4509567787169871,-0.1056597554352266,GCF_000781505.1
GCF_000781515.1_prophage_6,-0.6198886837739512,-0.17032062077837953,GCF_000781515.1
GCF_000781695.1_prophage_1,-0.513882856109029,-0.31608836933595014,GCF_000781695.1
GCF_000781695.1_prophage_2,0.5414423413653823,0.651059230673635,GCF_000781695.1
GCF_000781695.1_prophage_6,0.634421860412119,-0.13071927634539512,GCF_000781695.1
GCF_000782035.1_prophage_3,-0.647483541693835,0.031437347709112794,GCF_000782035.1
GCF_000782135.1_prophage_2,-0.50682298284827,-0.6344825033077922,GCF_000782135.1
GCF_000782255.1_prophage_1,0.057007530897532584,0.38572090702868433,GCF_000782255.1
GCF_000782275.1_prophage_1,-0.5054420433006218,-0.6748708469374617,GCF_000782275.1
GCF_000782355.1_prophage_5,0.4600488483273537,0.3984850366318541,GCF_000782355.1
GCF_000782395.1_prophage_5,-0.20776804103238306,0.32151998137680354,GCF_000782395.1
GCF_000782455.1_prophage_3,-0.43973533952702387,0.32573616046965853,GCF_000782455.1
GCF_000782615.1_prophage_5,0.13955562972627586,-0.790005045103479,GCF_000782615.1
GCF_000784925.1_prophage_5,-0.5884017365581091,-0.33651955454340693,GCF_000784925.1
GCF_000797595.1_prophage_1,0.45500825047981147,0.7311957070943946,GCF_000797595.1
GCF_000797655.1_prophage_7,0.6668059747364172,-0.4242378073503962,GCF_000797655.1
GCF_000797675.1_prophage_5,-0.4667415515267215,-0.11168588316815581,GCF_000797675.1
GCF_000797695.1_prophage_5,0.24739325362685896,0.7193214264219996,GCF_000797695.1
GCF_000797715.1_prophage_6,-0.3019624692880365,-0.6932879342276447,GCF_000797715.1
GCF_000797755.1_prophage_2,0.35651287069843934,-0.6316252294866558,GCF_000797755.1
GCF_000797875.1_prophage_4,-0.3917207901822485,0.18634547878671678,GCF_000797875.1
GCF_000797935.1_prophage_7,-0.5280208620551906,0.5740777657411912,GCF_000797935.1
GCF_000798535.1_prophage_1,-0.24274532521177167,0.22332790284897502,GCF_000798535.1
GCF_000798595.1_prophage_6,0.3808672529064304,0.18849460482627817,GCF_000798595.1
GCF_000800765.1_prophage_4,-0.1209047799369647,-0.5071416685463284,GCF_000800765.1
GCF_000803705.1_prophage_13,0.1645747223930124,-0.5721190171761565,GCF_000803705.1
GCF_000803705.1_prophage_8,0.23869962034350262,0.24511172279530452,GCF_000803705.1
GCF_000804345.1_prophage_4,-0.5048061666568022,-0.016863968368969726,GCF_000804345.1
GCF_000806175.1_prophage_1,0.6424247591585176,0.030422857728732943,GCF_000806175.1
GCF_000812235.1_prophage_2,0.3962304145707665,-0.6571632162611131,GCF_000812235.1
GCF_000812305.1_prophage_6,0.7684474362123259,0.3888747279800539,GCF_000812305.1
GCF_000812725.1_prophage_2,0.4305937973907543,-0.630025370951076,GCF_000812725.1
GCF_000817425.1_prophage_6,0.10615681420265335,0.08738791741292666,GCF_000817425.1
GCF_000818965.1_prophage_1,0.5658633769531477,-0.24891636780809823,GCF_000818965.1
GCF_000818985.1_prophage_2,0.18184012639682234,0.26950428243854024,GCF_000818985.1
GCF_000818985.1_prophage_6,0.18948220304678362,0.13616354365548786,GCF_000818985.1
GCF_000819015.1_prophage_8,0.29364479527722975,0.10045204842018585,GCF_000819015.1
GCF_000819105.1_prophage_2,-0.5913668920668717,0.6116883535002833,GCF_000819105.1
GCF_000819245.1_prophage_1,-0.1779205239376483,-0.4654351072498152,GCF_000819245.1
GCF_000819285.1_prophage_2,0.6580788867971742,0.22563846453400202,GCF_000819285.1
GCF_000819375.1_prophage_3,-0.4625506342259962,0.08050619840212683,GCF_000819375.1
GCF_000819645.1_prophage_1,-0.07735734695355358,0.130511466565547,GCF_000819645.1
GCF_000827105.1_prophage_1,-0.15589472892759756,-0.008700344496816378,GCF_000827105.1
GCF_000831715.2_prophage_5,0.13692560538166954,0.1974977541404171,GCF_000831715.2
GCF_000935425.1_prophage_2,-0.45600147849217987,-0.06919445100907701,GCF_000935425.1
GCF_000936225.1_prophage_10,-0.6118603640542329,-0.13431635687889282,GCF_000936225.1
GCF_000936475.1_prophage_8,-0.7917870021420705,0.016942911655826894,GCF_000936475.1
GCF_000936495.1_prophage_5,-0.11288195610616529,0.03161052881012268,GCF_000936495.1
GCF_000937095.2_prophage_2,0.20210745590600518,-0.11396675054327132,GCF_000937095.2
GCF_000940355.1_prophage_2,-0.08347594597648308,0.5422340362272656,GCF_000940355.1
GCF_000940355.1_prophage_7,-0.6652146138011708,0.013318497167634948,GCF_000940355.1
GCF_000941535.1_prophage_1,0.36493638801477124,-0.6265496343323186,GCF_000941535.1
GCF_000945955.1_prophage_6,0.39815876218895874,-0.09784596270602272,GCF_000945955.1
GCF_000948055.1_prophage_1,-0.5647260834096517,-0.3224886176348705,GCF_000948055.1
GCF_000948555.1_prophage_5,-0.6723415578626698,-0.22650760685864849,GCF_000948555.1
GCF_000948605.1_prophage_6,0.4986571148019512,0.15652705148677926,GCF_000948605.1
GCF_000948815.1_prophage_6,-0.5226796620133732,-0.6103694552369436,GCF_000948815.1
GCF_000948875.1_prophage_4,0.4002896010471902,-0.15747625391617065,GCF_000948875.1
GCF_000948885.1_prophage_5,0.4868137344574738,0.1864985683014849,GCF_000948885.1
GCF_000948905.1_prophage_4,-0.4337238896251056,0.7371241194251993,GCF_000948905.1
GCF_000951855.1_prophage_8,-0.6023960775742353,-0.41068412776128127,GCF_000951855.1
GCF_000951895.1_prophage_1,-0.296786617552524,0.342269418953007,GCF_000951895.1
GCF_000951915.1_prophage_2,0.02805881961463556,-0.14145588484895374,GCF_000951915.1
GCF_000953515.1_prophage_4,-0.12091942796602882,-0.5071327038711708,GCF_000953515.1
GCF_000954045.1_prophage_1,0.4328809232562522,-0.6229513679002175,GCF_000954045.1
GCF_000965575.1_prophage_8,-0.595428440617095,-0.06498163039952165,GCF_000965575.1
GCF_000965665.1_prophage_9,-0.6339253727396291,0.00795082195265388,GCF_000965665.1
GCF_000971615.1_prophage_4,0.34717287092335236,-0.6264540025870415,GCF_000971615.1
GCF_000978815.2_prophage_15,-0.27039144673573623,0.11818558204815573,GCF_000978815.2
GCF_000982035.1_prophage_4,-0.63349832349449,0.4209237452209346,GCF_000982035.1
GCF_000986635.1_prophage_3,0.26596998859519,0.5610658598030512,GCF_000986635.1
GCF_000986635.1_prophage_6,-0.13445270243781549,-0.18379431105461466,GCF_000986635.1
GCF_000986635.1_prophage_7,-0.08154100730747492,0.3654571093564573,GCF_000986635.1
GCF_000986765.1_prophage_8,-0.24509195736779377,0.21274259446496419,GCF_000986765.1
GCF_000987545.1_prophage_6,0.12856389078357353,0.7304088958022299,GCF_000987545.1
GCF_000988385.1_prophage_5,-0.1209139571643503,-0.5071325570473216,GCF_000988385.1
GCF_000988425.1_prophage_1,-0.28655981720330215,0.22607903287897263,GCF_000988425.1
GCF_001005685.1_prophage_1,0.2748202404264072,0.6635757672861329,GCF_001005685.1
GCF_001005685.1_prophage_10,-0.6502437997614842,0.2537357441657006,GCF_001005685.1
GCF_001012015.1_prophage_1,0.21492247065075804,-0.05490837026835659,GCF_001012015.1
GCF_001012155.1_prophage_5,-0.48479996345873644,-0.02202254678602064,GCF_001012155.1
GCF_001012165.1_prophage_1,0.14885716442916389,0.22689339210945456,GCF_001012165.1
GCF_001012345.1_prophage_4,0.7067383779318349,0.39301111277135203,GCF_001012345.1
GCF_001012395.1_prophage_1,-0.3654134582250656,0.7045793648975149,GCF_001012395.1
GCF_001012395.1_prophage_3,-0.5757247554609272,-0.27995226772282544,GCF_001012395.1
GCF_001012495.1_prophage_4,-0.31052918372034277,-0.5173102247922616,GCF_001012495.1
GCF_001012575.1_prophage_5,0.20538613665618238,0.1307460735596992,GCF_001012575.1
GCF_001012575.1_prophage_7,-0.4370573219765486,0.7035301056562417,GCF_001012575.1
GCF_001030245.1_prophage_1,0.06775342456640132,0.2131606612197527,GCF_001030245.1
GCF_001030305.1_prophage_7,0.2643748057340967,0.7069688314328544,GCF_001030305.1
GCF_001030365.1_prophage_2,0.4452141082321251,0.502557804422911,GCF_001030365.1
GCF_001030435.1_prophage_7,-0.19658162452827496,-0.29066578900145446,GCF_001030435.1
GCF_001030485.1_prophage_4,-0.30950906475402945,-0.4764851191576316,GCF_001030485.1
GCF_001030545.1_prophage_1,0.200646292800781,0.23931696123484422,GCF_001030545.1
GCF_001030585.1_prophage_6,-0.24172186364592185,0.3237628672150597,GCF_001030585.1
GCF_001030585.1_prophage_8,0.7308566678973399,0.022389185028908503,GCF_001030585.1
GCF_001030625.1_prophage_4,0.22503156421576911,0.2520052092655625,GCF_001030625.1
GCF_001032735.1_prophage_2,0.7608073821748416,-0.31933579733928225,GCF_001032735.1
GCF_001039075.2_prophage_13,0.15107822429234602,0.282277158594351,GCF_001039075.2
GCF_001039125.2_prophage_19,-0.471219976961515,-0.07235979644319111,GCF_001039125.2
GCF_001039145.2_prophage_7,-0.2219939842784529,0.22278366278871908,GCF_001039145.2
GCF_001039155.2_prophage_18,0.7896129814389712,-0.025985955771500525,GCF_001039155.2
GCF_001039225.2_prophage_1,-0.26152608446436826,-0.7950676949709402,GCF_001039225.2
GCF_001052125.1_prophage_2,-0.6139533522225358,-0.3251018197950699,GCF_001052125.1
GCF_001054615.1_prophage_1,-0.21018788723202647,-0.778445397283319,GCF_001054615.1
GCF_001056215.1_prophage_1,-0.12139951266172973,-0.3963878103356097,GCF_001056215.1
GCF_001056875.1_prophage_1,0.7818762257446641,-0.2815647418092719,GCF_001056875.1
GCF_001056875.1_prophage_4,-0.6544206356577648,0.2113878447167891,GCF_001056875.1
GCF_001058205.1_prophage_2,-0.24541137148598147,0.7958517040326706,GCF_001058205.1
GCF_001058555.1_prophage_1,-0.5893277306390194,-0.2795129818374952,GCF_001058555.1
GCF_001058915.1_prophage_1,0.1693277495045601,0.7604108552591182,GCF_001058915.1
GCF_001059485.1_prophage_2,0.8130489319971244,-0.08694846163634241,GCF_001059485.1
GCF_001067225.1_prophage_2,0.5667908380878984,-0.25245350291610574,GCF_001067225.1
GCF_001077955.1_prophage_5,0.7424298865033356,0.15992751074798703,GCF_001077955.1
GCF_001182805.1_prophage_1,-0.06993507004836663,0.4058951178501033,GCF_001182805.1
GCF_001186315.1_prophage_2,0.790711974343907,-0.17876082226382697,GCF_001186315.1
GCF_001191105.1_prophage_3,0.6144566978840653,0.22987662419105861,GCF_001191105.1
GCF_001191185.1_prophage_2,0.08489866169983885,-0.6620660885613818,GCF_001191185.1
GCF_001191435.1_prophage_2,-0.4451223588768778,-0.10459890085919882,GCF_001191435.1
GCF_001191455.1_prophage_6,-0.14304919383754247,0.724503431189421,GCF_001191455.1
GCF_001191465.1_prophage_4,-0.5825522604168966,0.34156019770277574,GCF_001191465.1
GCF_001245225.1_prophage_6,0.7800727136318274,-0.08650303383663953,GCF_001245225.1
GCF_001262455.1_prophage_4,-0.6691140012927559,-0.2965167348574524,GCF_001262455.1
GCF_001262785.1_prophage_6,0.5668721559749874,0.018640459746532893,GCF_001262785.1
GCF_001262865.1_prophage_2,-0.221480943697156,0.21931242974581153,GCF_001262865.1
GCF_001262935.1_prophage_8,-0.8632281562739187,0.07950968691010621,GCF_001262935.1
GCF_001262955.1_prophage_2,0.44208587034752767,-0.6284580029143627,GCF_001262955.1
GCF_001263065.1_prophage_12,-0.2656113942925724,-0.47968811332150074,GCF_001263065.1
GCF_001264175.1_prophage_3,0.3447106345705,0.19681936966358457,GCF_001264175.1
GCF_001264215.1_prophage_7,0.34302205171413613,0.7612076285229067,GCF_001264215.1
GCF_001265235.1_prophage_2,0.7381844065305906,0.4447036405565653,GCF_001265235.1
GCF_001265315.1_prophage_1,0.8152581006512871,-0.1098216179198194,GCF_001265315.1
GCF_001265395.1_prophage_4,0.5029823811674056,0.22621583406027804,GCF_001265395.1
GCF_001265465.1_prophage_1,0.49421532900357146,-0.08158960780179189,GCF_001265465.1
GCF_001265495.1_prophage_2,-0.06367989419803058,-0.6278572297412534,GCF_001265495.1
GCF_001265925.1_prophage_4,-0.013954214047747033,-0.7180112411181501,GCF_001265925.1
GCF_001265925.1_prophage_5,0.4269915689436569,0.18865605917464967,GCF_001265925.1
GCF_001266075.1_prophage_5,0.47020377351114606,-0.6241636736779279,GCF_001266075.1
GCF_001266305.1_prophage_1,-0.04456056378694754,0.6722931062848663,GCF_001266305.1
GCF_001266335.1_prophage_8,0.38878005332020976,-0.44375531964469866,GCF_001266335.1
GCF_001266405.1_prophage_3,-0.25552333092224505,-0.08624754877076174,GCF_001266405.1
GCF_001266405.1_prophage_9,-0.23150495121878567,0.19885743779359663,GCF_001266405.1
GCF_001267355.1_prophage_3,0.3352962271578883,0.6693344227860692,GCF_001267355.1
GCF_001268505.1_prophage_3,0.12475750890318987,0.13868806055110844,GCF_001268505.1
GCF_001268525.1_prophage_3,0.3594339742901366,0.2605738536421155,GCF_001268525.1
GCF_001269005.1_prophage_3,-0.19494529781302145,-0.3333231964375646,GCF_001269005.1
GCF_001269065.1_prophage_3,-0.6684034302828102,-0.1410182793254024,GCF_001269065.1
GCF_001269325.1_prophage_6,0.43228895715209437,0.23228963314842022,GCF_001269325.1
GCF_001276265.1_prophage_2,0.3863563268804211,-0.6668655522536512,GCF_001276265.1
GCF_001277435.1_prophage_6,-0.49748886859279284,0.11617902604192207,GCF_001277435.1
GCF_001277555.1_prophage_2,0.44618582861331446,0.1707782534214912,GCF_001277555.1
GCF_001277615.1_prophage_7,-0.7401964006091842,-0.2668536580988684,GCF_001277615.1
GCF_001277655.1_prophage_3,-0.6167726551842582,0.04131010460733572,GCF_001277655.1
GCF_001280325.1_prophage_4,-0.36710038359918007,-0.708665099709056,GCF_001280325.1
GCF_001280345.1_prophage_4,-0.499542089769929,-0.11158294350114077,GCF_001280345.1
GCF_001280405.1_prophage_5,0.3656150625815041,-0.6277586729788242,GCF_001280405.1
GCF_001281885.1_prophage_2,0.677137050976144,-0.22296010174562914,GCF_001281885.1
GCF_001281965.1_prophage_5,0.6826509215217247,-0.3011362874671607,GCF_001281965.1
GCF_001282065.1_prophage_3,0.6146627521953694,0.2435432348336962,GCF_001282065.1
GCF_001282335.1_prophage_2,0.21967102413098155,0.24629259591390434,GCF_001282335.1
GCF_001283165.1_prophage_4,-0.6682107879030876,0.10598836049055768,GCF_001283165.1
GCF_001283185.1_prophage_4,-0.71308936952595,0.4244618653372649,GCF_001283185.1
GCF_001283185.1_prophage_7,0.5756406068162011,-0.4563108450748671,GCF_001283185.1
GCF_001283285.1_prophage_3,0.31823563959430895,0.6758731347777528,GCF_001283285.1
GCF_001283445.1_prophage_2,-0.11231099819606771,0.7428269433169258,GCF_001283445.1
GCF_001283445.1_prophage_3,0.26529853923112146,0.5856592343927435,GCF_001283445.1
GCF_001283565.1_prophage_1,-0.4001564214046238,0.6825624010681245,GCF_001283565.1
GCF_001283785.1_prophage_3,-0.43402017826490175,0.18268165775565426,GCF_001283785.1
GCF_001283845.1_prophage_2,-0.09118555025429131,0.1326588245613862,GCF_001283845.1
GCF_001283865.2_prophage_3,-0.6563915513550178,0.10603109727470804,GCF_001283865.2
GCF_001284025.1_prophage_7,0.026641304455866613,0.39542510745663073,GCF_001284025.1
GCF_001284085.1_prophage_8,-0.15863528087048379,-0.37424885707996647,GCF_001284085.1
GCF_001284165.2_prophage_4,0.38007492543568705,0.14918774200488544,GCF_001284165.2
GCF_001284405.1_prophage_3,-0.6706883185161898,-0.300595431786814,GCF_001284405.1
GCF_001284525.1_prophage_2,-0.399865378995964,-0.6358328881944565,GCF_001284525.1
GCF_001284625.1_prophage_3,0.16446338177803205,0.7593174636336533,GCF_001284625.1
GCF_001284745.1_prophage_3,0.34003795772572093,-0.6186379875764653,GCF_001284745.1
GCF_001284805.1_prophage_4,-0.39362181848807387,0.6830252170332067,GCF_001284805.1
GCF_001284945.1_prophage_6,0.6400243541655528,-0.5106122026883313,GCF_001284945.1
GCF_001285065.1_prophage_5,-0.6405652053909562,0.008361839729599302,GCF_001285065.1
GCF_001285105.1_prophage_3,-0.4064509058228441,-0.40727690778648384,GCF_001285105.1
GCF_001285165.1_prophage_2,-0.6062640385510906,0.32955832331976664,GCF_001285165.1
GCF_001285285.1_prophage_3,0.03568784885179874,-0.73722095373109,GCF_001285285.1
GCF_001285305.1_prophage_6,0.7800122079538419,-0.28667552930966894,GCF_001285305.1
GCF_001285305.1_prophage_9,-0.5217364239702623,-0.30576905508173935,GCF_001285305.1
GCF_001285825.1_prophage_1,0.09252118921704393,-0.6524346838193906,GCF_001285825.1
GCF_001285845.1_prophage_1,0.3473024797035366,-0.4055674361469908,GCF_001285845.1
GCF_001286045.1_prophage_1,-0.6640810557638446,0.16411989857555379,GCF_001286045.1
GCF_001286165.1_prophage_1,0.6930499535932763,-0.2400244804011993,GCF_001286165.1
GCF_001286165.1_prophage_3,0.8118486798756899,0.1754184978448253,GCF_001286165.1
GCF_001286205.1_prophage_2,0.6629043284402966,0.46028666646183797,GCF_001286205.1
GCF_001286625.1_prophage_1,-0.6424266798614006,0.05688208672093671,GCF_001286625.1
GCF_001286625.1_prophage_3,-0.348225560984413,-0.6628401536823544,GCF_001286625.1
GCF_001286645.1_prophage_2,0.818536680275292,-0.1421746689952852,GCF_001286645.1
GCF_001286705.1_prophage_9,-0.6985987521627958,0.19903042191448228,GCF_001286705.1
GCF_001297725.1_prophage_3,-0.2690936561387099,-0.5428031311464794,GCF_001297725.1
GCF_001297975.1_prophage_1,0.7330714208403519,-0.33055183592712734,GCF_001297975.1
GCF_001306605.1_prophage_2,0.1018431279664875,-0.6459649365110498,GCF_001306605.1
GCF_001306605.1_prophage_8,-0.6054680688925252,0.5730427347010908,GCF_001306605.1
GCF_001307215.1_prophage_7,0.21201052389733105,0.255592953571594,GCF_001307215.1
GCF_001307215.1_prophage_9,-0.2058328011991016,0.05942429296616948,GCF_001307215.1
GCF_001309645.1_prophage_6,0.22703293315303583,-0.06223139284883776,GCF_001309645.1
GCF_001309775.1_prophage_1,0.48070172422598645,-0.17739305780872106,GCF_001309775.1
GCF_001309895.1_prophage_2,0.5743513973666143,0.20654131204316697,GCF_001309895.1
GCF_001309925.1_prophage_1,-0.04861635875420407,0.7993069794297851,GCF_001309925.1
GCF_001413005.1_prophage_4,-0.17915117340587636,-0.7627239982456369,GCF_001413005.1
GCF_001413355.1_prophage_2,-0.029670096901087812,-0.6695756596892947,GCF_001413355.1
GCF_001413375.1_prophage_2,-0.6403095275989308,0.17862993097008228,GCF_001413375.1
GCF_001413485.1_prophage_5,-0.1413201975962208,-0.3375563682104206,GCF_001413485.1
GCF_001413565.1_prophage_5,-0.31206252067511375,0.6062108380768209,GCF_001413565.1
GCF_001413645.1_prophage_2,-0.029580800665355653,-0.6695771311635227,GCF_001413645.1
GCF_001413745.1_prophage_1,-0.09878452012036328,0.5250867633879872,GCF_001413745.1
GCF_001419865.1_prophage_3,-0.6058193177854793,-0.00617617998608131,GCF_001419865.1
GCF_001420955.1_prophage_6,0.14260169087999802,0.1967946705506829,GCF_001420955.1
GCF_001420955.1_prophage_7,0.059574241639884326,0.2283343503194042,GCF_001420955.1
GCF_001432175.2_prophage_3,0.5110609446919151,0.17379658549530222,GCF_001432175.2
GCF_001440615.1_prophage_2,-0.6778435741992948,0.2184248556475156,GCF_001440615.1
GCF_001440655.1_prophage_1,0.08356777119122716,-0.682794900945172,GCF_001440655.1
GCF_001441345.1_prophage_2,-0.4696057004956385,-0.08345613880248956,GCF_001441345.1
GCF_001442495.1_prophage_2,-0.04148728931007774,0.7301504870216695,GCF_001442495.1
GCF_001442495.1_prophage_5,-0.17532383744964034,-0.2685607588218552,GCF_001442495.1
GCF_001463405.1_prophage_7,0.5265700398563432,0.659198092768032,GCF_001463405.1
GCF_001463455.1_prophage_5,0.45660976272339,-0.6156790017619332,GCF_001463455.1
GCF_001463535.1_prophage_3,-0.7337944652049775,-0.17455703389773586,GCF_001463535.1
GCF_001467005.1_prophage_4,-0.4005273407873386,0.6860183271835485,GCF_001467005.1
GCF_001484265.1_prophage_4,0.5894194800767413,0.1812255612470672,GCF_001484265.1
GCF_001484355.1_prophage_2,0.22862019526491706,0.7165647114654978,GCF_001484355.1
GCF_001485455.1_prophage_7,-0.5893864065423866,-0.33534115690932925,GCF_001485455.1
GCF_001499595.1_prophage_2,-0.633327670155099,-0.32687043639544255,GCF_001499595.1
GCF_001506145.1_prophage_9,-0.32773638266241195,-0.7707961133478554,GCF_001506145.1
GCF_001513635.1_prophage_7,0.2031358115784801,-0.5701299833731016,GCF_001513635.1
GCF_001515725.1_prophage_4,0.40314229475533114,-0.6044848616120485,GCF_001515725.1
GCF_001519235.1_prophage_6,-0.5307033187412832,0.6136221574660763,GCF_001519235.1
GCF_001519365.2_prophage_6,0.09077658113478371,0.2329587897454644,GCF_001519365.2
GCF_001519475.1_prophage_1,-0.49225363939527256,-0.056714804028170265,GCF_001519475.1
GCF_001519755.1_prophage_5,-0.1580224028110699,-0.5079954193301024,GCF_001519755.1
GCF_001519895.1_prophage_4,-0.06777790619818631,-0.622747991050163,GCF_001519895.1
GCF_001519995.1_prophage_3,-0.5192295340652576,0.6420930851181276,GCF_001519995.1
GCF_001520095.1_prophage_6,0.517862596882541,0.22408983548290654,GCF_001520095.1
GCF_001520295.1_prophage_2,-0.8056936824037484,-0.2762281744120507,GCF_001520295.1
GCF_001520355.1_prophage_1,0.8274905789962059,0.08145399695428712,GCF_001520355.1
GCF_001520695.2_prophage_2,-0.4803104794313647,-0.0712773269949672,GCF_001520695.2
GCF_001520815.2_prophage_6,-0.506897511222336,0.02668193615036068,GCF_001520815.2
GCF_001520845.1_prophage_1,0.27074067107958416,-0.11769320609435413,GCF_001520845.1
GCF_001520935.1_prophage_3,0.7738868412260717,0.01074691069710652,GCF_001520935.1
GCF_001521155.1_prophage_3,-0.6068496424035558,-0.0038753715005527965,GCF_001521155.1
GCF_001521355.1_prophage_1,-0.5791678399195486,-0.029742713478715876,GCF_001521355.1
GCF_001521455.1_prophage_2,-0.09600771824804914,-0.3530098831473559,GCF_001521455.1
GCF_001521475.1_prophage_2,0.1276869382230141,0.09871092835830611,GCF_001521475.1
GCF_001521535.1_prophage_3,0.7072968927856319,-0.4386143304975329,GCF_001521535.1
GCF_001524885.1_prophage_1,0.38487903229838133,-0.44276046408993575,GCF_001524885.1
GCF_001542545.1_prophage_1,0.4838078753647695,-0.20875806578820294,GCF_001542545.1
GCF_001550005.1_prophage_4,0.6695804675116097,0.4690784335544182,GCF_001550005.1
GCF_001561015.1_prophage_6,0.504859041415186,-0.2903193557917458,GCF_001561015.1
GCF_001561025.1_prophage_4,-0.6584668383233648,0.1560758676950862,GCF_001561025.1
GCF_001561095.1_prophage_1,0.6778683476241703,-0.08485083187549623,GCF_001561095.1
GCF_001561205.1_prophage_1,-0.44150736009412594,0.684109378229204,GCF_001561205.1
GCF_001561275.1_prophage_1,-0.5212489097098993,0.6395686863934663,GCF_001561275.1
GCF_001561365.1_prophage_3,-0.18280258958937293,0.22449159949922992,GCF_001561365.1
GCF_001561705.1_prophage_1,-0.6885457925877185,-0.47579019179580245,GCF_001561705.1
GCF_001561835.1_prophage_2,-0.5985607497684978,0.07284986028686402,GCF_001561835.1
GCF_001561835.1_prophage_5,-0.6415899755889993,-0.18476568395292678,GCF_001561835.1
GCF_001562345.1_prophage_6,-0.4858822068701722,-0.10651580990659656,GCF_001562345.1
GCF_001562855.1_prophage_1,-0.19942377215461699,-0.31636272523698444,GCF_001562855.1
GCF_001563715.2_prophage_16,-0.603931383447019,-0.2729571875304189,GCF_001563715.2
GCF_001563715.2_prophage_5,0.18682666018580063,0.23936205930107823,GCF_001563715.2
GCF_001566335.1_prophage_4,0.1514978833920081,0.13570342086123705,GCF_001566335.1
GCF_001571485.1_prophage_3,-0.5967193730852393,0.19189876737068487,GCF_001571485.1
GCF_001571495.1_prophage_1,-0.6407336675104803,0.1845328668457647,GCF_001571495.1
GCF_001571565.1_prophage_6,-0.2677950687811584,-0.7579996031869021,GCF_001571565.1
GCF_001571665.1_prophage_4,-0.7340764909855229,0.3050134348295735,GCF_001571665.1
GCF_001571825.1_prophage_2,0.7094641784184655,-0.18445861903686248,GCF_001571825.1
GCF_001571905.1_prophage_5,0.43867871303376305,-0.6209617138515156,GCF_001571905.1
GCF_001571965.1_prophage_5,-0.46666510096881525,-0.07099540939857085,GCF_001571965.1
GCF_001572045.1_prophage_7,-0.4375394037807263,-0.10415522354143518,GCF_001572045.1
GCF_001572265.1_prophage_4,0.1842034278665399,-0.5792662096367024,GCF_001572265.1
GCF_001572485.1_prophage_8,0.10381421083180922,0.1811501875632827,GCF_001572485.1
GCF_001572525.1_prophage_3,0.4649772781586737,0.20240816521152394,GCF_001572525.1
GCF_001575355.1_prophage_6,0.06341964098240324,0.7994076821849094,GCF_001575355.1
GCF_001575465.1_prophage_1,-0.10084940439718937,0.13975863936325567,GCF_001575465.1
GCF_001575595.1_prophage_2,0.4110644059596429,-0.6120392581630529,GCF_001575595.1
GCF_001575785.1_prophage_1,0.4524754644405903,-0.6109208642118928,GCF_001575785.1
GCF_001575795.1_prophage_3,-0.3543401209524405,-0.6041988779637149,GCF_001575795.1
GCF_001575865.1_prophage_6,0.7967021749016872,-0.05674223075571786,GCF_001575865.1
GCF_001575965.1_prophage_1,-0.5806759137682628,0.3366049357308963,GCF_001575965.1
GCF_001576135.1_prophage_2,-0.4868472140795693,-0.0331808778283616,GCF_001576135.1
GCF_001576295.1_prophage_4,0.45563905755232803,-0.6308259899017157,GCF_001576295.1
GCF_001576375.1_prophage_2,-0.47941158018774327,0.0429507340801015,GCF_001576375.1
GCF_001576435.1_prophage_1,-0.4498036776901175,0.5066198102132913,GCF_001576435.1
GCF_001593565.1_prophage_4,0.2259082402555057,0.25335250199436987,GCF_001593565.1
GCF_001596865.1_prophage_1,-0.429569842073798,-0.025002076317277806,GCF_001596865.1
GCF_001601655.1_prophage_3,0.6619077937701499,-0.25702755006994915,GCF_001601655.1
GCF_001606365.1_prophage_3,0.2951453915499545,0.5714817950934323,GCF_001606365.1
GCF_001606525.1_prophage_11,0.732079143067692,0.2619652989796884,GCF_001606525.1
GCF_001606525.1_prophage_12,0.40061135071642634,0.15539155254732015,GCF_001606525.1
GCF_001606615.1_prophage_1,0.7602712927652135,-0.12935998997421205,GCF_001606615.1
GCF_001606615.1_prophage_3,0.10365061039487221,0.26014048904869536,GCF_001606615.1
GCF_001606755.1_prophage_9,0.30291002982213777,0.05578937523181321,GCF_001606755.1
GCF_001606785.1_prophage_10,0.3352924696432521,0.1831578107809216,GCF_001606785.1
GCF_001606835.1_prophage_8,-0.033381550053597574,0.4430372977605872,GCF_001606835.1
GCF_001606955.1_prophage_3,-0.2474180278330548,0.2153993282921943,GCF_001606955.1
GCF_001606985.1_prophage_7,0.6908394572729528,-0.25550796969838213,GCF_001606985.1
GCF_001607015.1_prophage_4,-0.12876272908327158,-0.3235350289548679,GCF_001607015.1
GCF_001607025.1_prophage_4,-0.25722599416948266,-0.39238915137963654,GCF_001607025.1
GCF_001607045.1_prophage_2,0.5968907813567046,0.2301376874435564,GCF_001607045.1
GCF_001607075.1_prophage_11,0.7670297021679244,-0.28871117189842027,GCF_001607075.1
GCF_001607285.1_prophage_7,-0.0022410884904770258,0.7828397829431951,GCF_001607285.1
GCF_001607285.1_prophage_8,0.007029352538571263,0.4156044025145961,GCF_001607285.1
GCF_001607365.1_prophage_3,0.7072592451725113,-0.3356928428059247,GCF_001607365.1
GCF_001607435.1_prophage_2,0.42557572282684636,0.17122221206371638,GCF_001607435.1
GCF_001607445.1_prophage_5,0.17901893822240797,-0.6329066824746995,GCF_001607445.1
GCF_001607455.1_prophage_3,-0.24896502311115834,-0.23580676218698932,GCF_001607455.1
GCF_001607525.1_prophage_3,-0.14461950155566689,0.28142916224171394,GCF_001607525.1
GCF_001607605.1_prophage_1,-0.47931010646871247,-0.0852489652356336,GCF_001607605.1
GCF_001607815.1_prophage_4,-0.047438109605832834,0.41406997357460634,GCF_001607815.1
GCF_001607835.1_prophage_2,-0.30706083480363555,-0.43413878478867984,GCF_001607835.1
GCF_001607895.1_prophage_4,0.18508798891980147,0.7939982634460393,GCF_001607895.1
GCF_001607895.1_prophage_5,0.441042047170935,-0.6321761978674993,GCF_001607895.1
GCF_001607925.1_prophage_6,0.33923746643878994,0.5287375318263745,GCF_001607925.1
GCF_001608085.1_prophage_1,0.46330305463680155,-0.09347278792356367,GCF_001608085.1
GCF_001608085.1_prophage_7,-0.8081472887118889,0.17863602846120213,GCF_001608085.1
GCF_001608105.1_prophage_5,-0.17297886962407483,0.11132036241610274,GCF_001608105.1
GCF_001608235.1_prophage_4,0.10868193589141027,0.2505473411417611,GCF_001608235.1
GCF_001608285.1_prophage_3,-0.10496763764947312,0.15784876266758202,GCF_001608285.1
GCF_001608315.1_prophage_10,-0.10490499486430317,0.1578289107550169,GCF_001608315.1
GCF_001609215.1_prophage_4,-0.5819478279329259,-0.36413580015839847,GCF_001609215.1
GCF_001609315.1_prophage_10,-0.10486093598083772,0.15785272104087264,GCF_001609315.1
GCF_001609315.1_prophage_3,0.527443269484792,-0.5666661464258287,GCF_001609315.1
GCF_001609745.1_prophage_5,-0.1176687145007007,-0.07627967639520898,GCF_001609745.1
GCF_001609795.1_prophage_3,0.1650420508533898,0.761140043740245,GCF_001609795.1
GCF_001612475.1_prophage_1,-0.017969220065085563,0.4615175831298383,GCF_001612475.1
GCF_001614395.1_prophage_1,-0.5293717367459838,0.13966472711928482,GCF_001614395.1
GCF_001614955.1_prophage_2,-0.6432320325613924,-0.3594811491968928,GCF_001614955.1
GCF_001615035.1_prophage_8,-0.40963361976295987,0.2110904741961697,GCF_001615035.1
GCF_001615095.1_prophage_2,-0.8397054261017227,0.02715269836340855,GCF_001615095.1
GCF_001615325.1_prophage_1,0.6948389875911348,-0.31412321529744663,GCF_001615325.1
GCF_001615535.1_prophage_2,-0.6217451316198451,-0.43167673315505417,GCF_001615535.1
GCF_001615625.1_prophage_1,0.10111730743983213,0.18108108721395624,GCF_001615625.1
GCF_001616045.1_prophage_9,-0.05315976018231952,0.4882188144550986,GCF_001616045.1
GCF_001616345.1_prophage_2,0.3591260206402941,0.13383655656749113,GCF_001616345.1
GCF_001616515.1_prophage_1,0.39101642185745167,-0.6769298216326365,GCF_001616515.1
GCF_001616515.1_prophage_2,0.6320258216600363,-0.25074694008760373,GCF_001616515.1
GCF_001616615.1_prophage_5,-0.6737533163438646,-0.13162571542941792,GCF_001616615.1
GCF_001616695.1_prophage_2,-0.5623070255275822,-0.27054298515541253,GCF_001616695.1
GCF_001616715.1_prophage_5,0.43419239505747376,-0.6302941128247765,GCF_001616715.1
GCF_001617025.1_prophage_2,-0.5217328202633494,0.03441690431009377,GCF_001617025.1
GCF_001618345.2_prophage_4,0.092620991944946,0.1949146771516037,GCF_001618345.2
GCF_001618345.2_prophage_5,-0.06309613188495772,0.20460672246648806,GCF_001618345.2
GCF_001618365.1_prophage_1,-0.1724331669604048,0.12156527615270749,GCF_001618365.1
GCF_001619075.1_prophage_3,-0.2813336428130913,-0.7810765792071992,GCF_001619075.1
GCF_001621245.1_prophage_5,0.4359606274898359,0.18880578505023804,GCF_001621245.1
GCF_001621515.1_prophage_3,0.49885541005576645,0.21604141732161544,GCF_001621515.1
GCF_001621565.1_prophage_4,0.4264846052940123,0.1761170610126317,GCF_001621565.1
GCF_001621675.1_prophage_1,0.19389019471361418,-0.47328017583624615,GCF_001621675.1
GCF_001621805.1_prophage_4,0.6209601016382534,-0.26807770175494333,GCF_001621805.1
GCF_001622045.1_prophage_6,0.41706181348611,0.7371443158931874,GCF_001622045.1
GCF_001637625.1_prophage_4,-0.21405544270627536,-0.7970194467461563,GCF_001637625.1
GCF_001637705.1_prophage_4,-0.06125658435548083,0.7265727449543428,GCF_001637705.1
GCF_001637905.1_prophage_2,0.5547329012921208,0.47176188024687465,GCF_001637905.1
GCF_001637985.1_prophage_2,-0.12344460503434117,-0.7170488839325827,GCF_001637985.1
GCF_001638025.1_prophage_5,0.8224959979277848,-0.17595772479912508,GCF_001638025.1
GCF_001638045.1_prophage_6,0.7784151722373814,-0.23431309929545988,GCF_001638045.1
GCF_001638055.1_prophage_2,0.7986663138817216,-0.15379586263080727,GCF_001638055.1
GCF_001638055.1_prophage_4,-0.35531194727832166,0.7023275284542247,GCF_001638055.1
GCF_001638065.1_prophage_7,-0.6584623716720623,0.15608897573066677,GCF_001638065.1
GCF_001638205.1_prophage_1,-0.18280258958937312,0.2244915994992292,GCF_001638205.1
GCF_001638225.1_prophage_5,-0.182802589589373,0.22449159949923025,GCF_001638225.1
GCF_001640145.1_prophage_6,-0.10191916834151751,-0.7522189168925049,GCF_001640145.1
GCF_001640245.1_prophage_3,0.2767629312965255,0.6976654746824074,GCF_001640245.1
GCF_001641555.1_prophage_4,-0.25627754127568136,-0.4632139158986679,GCF_001641555.1
GCF_001642295.1_prophage_3,-0.6521232435786335,-0.37762002830723707,GCF_001642295.1
GCF_001644745.1_prophage_4,-0.25824290270097416,0.13487697270901844,GCF_001644745.1
GCF_001645225.1_prophage_3,0.011391830868151489,0.5318845056822473,GCF_001645225.1
GCF_001647345.1_prophage_3,-0.658176128324713,0.15631261714564784,GCF_001647345.1
GCF_001650295.1_prophage_18,-0.24226723041007595,0.1989667743888458,GCF_001650295.1
GCF_001650295.1_prophage_2,-0.32823845922178374,0.07336238471569734,GCF_001650295.1
GCF_001650505.1_prophage_2,0.0663542540838279,0.7911401489476348,GCF_001650505.1
GCF_001650505.1_prophage_3,0.315232204676881,0.554995693869005,GCF_001650505.1
GCF_001650585.1_prophage_4,-0.3971847425127,0.25849439270693714,GCF_001650585.1
GCF_001650605.1_prophage_8,0.6018693189777016,0.09374790431028225,GCF_001650605.1
GCF_001651685.1_prophage_4,0.30467453160494834,0.2283793752678756,GCF_001651685.1
GCF_001651725.1_prophage_2,-0.48026255345282265,-0.07677842661740199,GCF_001651725.1
GCF_001651925.2_prophage_3,0.18180317102478993,0.2506046280338608,GCF_001651925.2
GCF_001651965.2_prophage_1,-0.14522418152589425,-0.2097610430756397,GCF_001651965.2
GCF_001652805.1_prophage_2,0.2712318500594739,-0.5014897353031764,GCF_001652805.1
GCF_001657505.1_prophage_5,0.5449838551111227,0.5106437985985877,GCF_001657505.1
GCF_001660195.1_prophage_7,-0.18468545166293504,-0.39552447253798956,GCF_001660195.1
GCF_001660325.1_prophage_6,0.4635163475307764,-0.09500097865248987,GCF_001660325.1
GCF_001677475.2_prophage_7,0.1542913410034313,0.25210923131190355,GCF_001677475.2
GCF_001677495.1_prophage_11,0.21162471761925986,0.24275012481991604,GCF_001677495.1
GCF_001677515.1_prophage_9,-0.004155152152406227,0.1179907636477277,GCF_001677515.1
GCF_001677625.2_prophage_4,0.46287169773770376,0.1779196239022474,GCF_001677625.2
GCF_001677635.2_prophage_7,-0.3900915995851438,-0.2694834903917929,GCF_001677635.2
GCF_001677805.2_prophage_6,-0.6692239732433999,-0.16174226223891353,GCF_001677805.2
GCF_001677855.2_prophage_5,0.1267856328915049,-0.6689614255059699,GCF_001677855.2
GCF_001678925.1_prophage_3,-0.46310783375623354,0.17177739786731697,GCF_001678925.1
GCF_001678965.1_prophage_13,0.058392349075614,0.6493422959835012,GCF_001678965.1
GCF_001693315.1_prophage_5,-0.34921389027274596,-0.48819290420368666,GCF_001693315.1
GCF_001695515.1_prophage_14,0.1684567353062791,-0.5690153647183877,GCF_001695515.1
GCF_001695515.1_prophage_8,0.20896377324373777,0.2564692138015188,GCF_001695515.1
GCF_001700025.1_prophage_3,-0.6216972367891694,-0.35447534969155664,GCF_001700025.1
GCF_001700095.1_prophage_2,0.48534159954765976,-0.2647683921813968,GCF_001700095.1
GCF_001700095.1_prophage_3,-0.5408765799850558,0.09367440468368725,GCF_001700095.1
GCF_001700105.1_prophage_2,0.0005560568451874799,0.7391324975424707,GCF_001700105.1
GCF_001713575.1_prophage_1,0.19074127795549578,0.23268737415119814,GCF_001713575.1
GCF_001713585.1_prophage_2,0.35303308783808574,0.49325163771697683,GCF_001713585.1
GCF_001721125.1_prophage_15,0.6604788769336986,-0.4834602001954143,GCF_001721125.1
GCF_001721225.1_prophage_2,0.23495397738336393,0.2294402786079432,GCF_001721225.1
GCF_001749065.1_prophage_6,-0.4568330262918383,0.1683841824693724,GCF_001749065.1
GCF_001749205.1_prophage_5,-0.2705222910043096,0.7796551747248749,GCF_001749205.1
GCF_001749225.1_prophage_2,-0.6517153413706411,-0.0190362389397433,GCF_001749225.1
GCF_001749235.1_prophage_1,0.06431227550608198,0.2094771721754846,GCF_001749235.1
GCF_001749375.1_prophage_3,0.3763824144613666,-0.49536500496941865,GCF_001749375.1
GCF_001749625.1_prophage_6,0.2165248807406394,0.7560652901252364,GCF_001749625.1
GCF_001753485.1_prophage_5,0.17086774304232707,0.25458689665646583,GCF_001753485.1
GCF_001753505.1_prophage_13,-0.027512130545436265,-0.06462214143685524,GCF_001753505.1
GCF_001753545.1_prophage_9,0.18348108272997993,0.20933931067543468,GCF_001753545.1
GCF_001753565.1_prophage_13,-0.027512177569805892,-0.06462194562123769,GCF_001753565.1
GCF_001806285.1_prophage_13,-0.23725409343950457,0.2109256932609077,GCF_001806285.1
GCF_001865195.1_prophage_3,0.0034804966922944453,0.4029863200665855,GCF_001865195.1
GCF_001865295.1_prophage_10,0.17069125093708362,0.25473531283078477,GCF_001865295.1
GCF_001865295.1_prophage_12,0.19992502705863496,0.2584081472567286,GCF_001865295.1
GCF_001865295.1_prophage_5,0.16400963472878624,0.2605140935994387,GCF_001865295.1
GCF_001878695.1_prophage_1,-0.286558867176848,0.2260795569886148,GCF_001878695.1
GCF_001881055.1_prophage_3,-0.15401544858432623,-0.36307049489799614,GCF_001881055.1
GCF_001881145.1_prophage_2,-0.49875452683868193,-0.11150966430942856,GCF_001881145.1
GCF_001881275.1_prophage_1,0.2561555527427044,0.21268664927495834,GCF_001881275.1
GCF_001881315.1_prophage_5,-0.330581866944358,0.15468389449788644,GCF_001881315.1
GCF_001881385.1_prophage_1,0.004597016684210754,0.3978167783631188,GCF_001881385.1
GCF_001881425.1_prophage_6,0.2639035182890711,-0.5674270231668642,GCF_001881425.1
GCF_001881435.1_prophage_9,-0.1681411619748108,-0.7920843812401468,GCF_001881435.1
GCF_001881605.1_prophage_1,0.29680979550401304,0.10547833172057779,GCF_001881605.1
GCF_001884785.1_prophage_4,-0.12112983996757469,0.2529227183371918,GCF_001884785.1
GCF_001886935.1_prophage_2,0.31950829111887646,0.25119167891465494,GCF_001886935.1
GCF_001890205.1_prophage_12,0.23394892716136784,0.5743988429797834,GCF_001890205.1
GCF_001890225.1_prophage_6,-0.14200795735606417,0.31574026290804774,GCF_001890225.1
GCF_001890245.1_prophage_17,-0.058437908658271955,0.30515871471178324,GCF_001890245.1
GCF_001890265.1_prophage_13,-0.29085747163469916,0.1461356229186977,GCF_001890265.1
GCF_001890265.1_prophage_7,0.15447438949141967,0.2637626521237539,GCF_001890265.1
GCF_001890265.1_prophage_8,0.20149508759870036,0.2583914438674475,GCF_001890265.1
GCF_001891225.1_prophage_2,-0.4960280356918097,-0.07396460622634565,GCF_001891225.1
GCF_001891305.1_prophage_2,-0.4960280359245858,-0.07396460533587604,GCF_001891305.1
GCF_001891315.1_prophage_1,0.0678955666907215,0.11738147314893593,GCF_001891315.1
GCF_001891535.1_prophage_2,0.6579670895266353,-0.006696572819167397,GCF_001891535.1
GCF_001891605.1_prophage_1,-0.2428358452905921,-0.4794731247902729,GCF_001891605.1
GCF_001891685.1_prophage_3,-0.6425340506505489,-0.3401566777560999,GCF_001891685.1
GCF_001891725.1_prophage_2,0.03997390122659121,0.18696228824227387,GCF_001891725.1
GCF_001891865.1_prophage_9,0.7472132242598764,-0.25972928102606613,GCF_001891865.1
GCF_001891925.1_prophage_4,-0.4675547604414034,-0.39563557798963433,GCF_001891925.1
GCF_001892045.1_prophage_2,-0.13071324832908301,0.09917467813145829,GCF_001892045.1
GCF_001892065.1_prophage_1,0.027709558923495844,0.22458064435475136,GCF_001892065.1
GCF_001892065.1_prophage_2,0.03793756250278435,0.18668410222350174,GCF_001892065.1
GCF_001892215.1_prophage_3,0.054477830875893835,0.31755440562399795,GCF_001892215.1
GCF_001892325.1_prophage_3,-0.17070472916211582,0.07538888124249697,GCF_001892325.1
GCF_001892365.1_prophage_4,-0.1562206677721254,0.22455366965096707,GCF_001892365.1
GCF_001892405.1_prophage_1,0.21760713505323392,-0.0998625162543145,GCF_001892405.1
GCF_001892425.1_prophage_6,-0.24283058726215745,-0.4794737769476738,GCF_001892425.1
GCF_001892485.1_prophage_3,0.0679131355777365,0.11737218190860085,GCF_001892485.1
GCF_001892585.1_prophage_4,0.3225706883203798,0.6019074765128587,GCF_001892585.1
GCF_001892645.1_prophage_1,-0.09875437824003858,0.12539566662724375,GCF_001892645.1
GCF_001892795.1_prophage_3,-0.016785564203028912,0.39783997498896084,GCF_001892795.1
GCF_001892905.1_prophage_2,0.6682044199982059,0.4517730394872192,GCF_001892905.1
GCF_001893285.1_prophage_6,0.7400680208311872,-0.03612672790110895,GCF_001893285.1
GCF_001893685.1_prophage_3,-0.3574649207607079,0.17367752816360155,GCF_001893685.1
GCF_001893765.1_prophage_1,-0.6153354371816617,0.5782945128762368,GCF_001893765.1
GCF_001893765.1_prophage_6,-0.18097026976485822,-0.3233213102460119,GCF_001893765.1
GCF_001893785.1_prophage_3,-0.1544765325538914,-0.709840629910692,GCF_001893785.1
GCF_001894065.1_prophage_5,0.18835042267151636,0.11239735190087782,GCF_001894065.1
GCF_001894245.1_prophage_1,0.08353550864026611,0.20894889568161276,GCF_001894245.1
GCF_001894255.1_prophage_2,-0.5975777057544648,0.2851612236949225,GCF_001894255.1
GCF_001894645.1_prophage_3,-0.2942137456335179,0.18299082200974232,GCF_001894645.1
GCF_001900335.1_prophage_1,-0.1511452531220178,0.6109127541801144,GCF_001900335.1
GCF_001900415.1_prophage_2,0.43782182197812153,-0.6330668424354027,GCF_001900415.1
GCF_001900435.1_prophage_5,0.43679778096559735,-0.6339148344817589,GCF_001900435.1
GCF_001900515.1_prophage_5,0.4722803209740348,0.5850267427412817,GCF_001900515.1
GCF_001900655.1_prophage_1,-0.2743556924828335,-0.5811878500902362,GCF_001900655.1
GCF_001900655.1_prophage_3,-0.24378044603651094,0.6007151829320341,GCF_001900655.1
GCF_001900655.1_prophage_6,-0.7586021472722025,0.3068120091751148,GCF_001900655.1
GCF_001900795.1_prophage_3,0.38813555612751816,-0.6303493948762648,GCF_001900795.1
GCF_001901005.1_prophage_1,0.36112441488688096,-0.6288630010148675,GCF_001901005.1
GCF_001901005.1_prophage_2,0.09708834663388886,0.1992301469652779,GCF_001901005.1
GCF_001901425.1_prophage_7,0.7727099432980149,0.009483361490302664,GCF_001901425.1
GCF_001902685.1_prophage_9,-0.061766778910706366,0.7805143757208303,GCF_001902685.1
GCF_001902735.1_prophage_5,0.056873143505408,0.47578890191167234,GCF_001902735.1
GCF_001909105.1_prophage_2,-0.35350862159178936,-0.44091098333730644,GCF_001909105.1
GCF_001910855.1_prophage_2,0.7072638661789395,-0.3194532582896716,GCF_001910855.1
GCF_001910925.1_prophage_11,0.47674909640672225,-0.6200511327453011,GCF_001910925.1
GCF_001910925.1_prophage_5,0.3759909265155637,-0.6752045914246183,GCF_001910925.1
GCF_001910935.1_prophage_6,-0.09111241556296769,-0.21063774613623545,GCF_001910935.1
GCF_001911095.1_prophage_3,0.2766492398502548,-0.6418071349505525,GCF_001911095.1
GCF_001911095.1_prophage_5,-0.2375667576780239,0.20844605767616065,GCF_001911095.1
GCF_001911145.1_prophage_4,-0.17813672394582028,-0.31317309963580503,GCF_001911145.1
GCF_001911405.1_prophage_3,0.10192890704784952,0.22895800310801967,GCF_001911405.1
GCF_001911485.1_prophage_3,0.13582103761561043,0.25563285220837795,GCF_001911485.1
GCF_001911545.1_prophage_6,-0.4001707650403898,0.7517447417884442,GCF_001911545.1
GCF_001911585.1_prophage_3,0.5585491458337231,0.26199654995122296,GCF_001911585.1
GCF_001911635.1_prophage_6,-0.06902349135304116,-0.37129519834376057,GCF_001911635.1
GCF_001911675.1_prophage_3,0.36440772876444427,0.1706842316231984,GCF_001911675.1
GCF_001911695.1_prophage_5,-0.2782569926236789,0.266872855508051,GCF_001911695.1
GCF_001911745.1_prophage_4,0.6066566149589137,0.5410214876096229,GCF_001911745.1
GCF_001911905.1_prophage_1,-0.33192660178805455,0.2654058652728813,GCF_001911905.1
GCF_001911935.1_prophage_2,0.46404060423168697,0.20305869497483003,GCF_001911935.1
GCF_001911985.1_prophage_1,-0.000413947837691317,0.41454236083085827,GCF_001911985.1
GCF_001911985.1_prophage_5,0.23941621331038843,0.20602673852438336,GCF_001911985.1
GCF_001912085.1_prophage_4,-0.6212211391810772,-0.178875507136247,GCF_001912085.1
GCF_001912235.1_prophage_3,0.2640887304187078,0.10246691531027252,GCF_001912235.1
GCF_001912275.1_prophage_2,-0.47174646535367815,-0.0983348558997904,GCF_001912275.1
GCF_001912425.1_prophage_2,-0.4144126823796898,0.0769689424014372,GCF_001912425.1
GCF_001912475.1_prophage_4,0.14268461664806523,0.25055576027744964,GCF_001912475.1
GCF_001912485.1_prophage_1,-0.49440626636170404,-0.0035764859102622505,GCF_001912485.1
GCF_001912525.1_prophage_4,0.4011797605008777,0.20692821309181206,GCF_001912525.1
GCF_001912675.1_prophage_4,-0.41208995747228483,-0.6403525890680493,GCF_001912675.1
GCF_001939185.1_prophage_11,-0.4139893362313469,0.09720981958825878,GCF_001939185.1
GCF_001970045.1_prophage_3,0.40627801529131363,0.12680022481056055,GCF_001970045.1
GCF_001970075.1_prophage_7,0.21106543747465048,0.5738796711468425,GCF_001970075.1
GCF_001970105.1_prophage_4,0.6804905143113122,-0.2827086061253223,GCF_001970105.1
GCF_001990545.2_prophage_6,0.45743560696003444,0.6256148933379889,GCF_001990545.2
GCF_001990865.1_prophage_2,-0.21018959140605895,-0.5195120841674089,GCF_001990865.1
GCF_001994955.1_prophage_1,-0.17444793521662236,0.7995971843635395,GCF_001994955.1
GCF_001994975.1_prophage_9,0.6073607578493269,-0.34604048526635567,GCF_001994975.1
GCF_002001715.1_prophage_3,0.10555708472423748,0.23500005050798398,GCF_002001715.1
GCF_002001845.1_prophage_2,-0.47265987671608783,0.07973224745063391,GCF_002001845.1
GCF_002002045.1_prophage_2,0.37221067115940526,0.17633429507098214,GCF_002002045.1
GCF_002002045.1_prophage_6,-0.23793480594467706,-0.130362847380937,GCF_002002045.1
GCF_002002055.1_prophage_2,-0.6012563274661737,-0.27830053531233795,GCF_002002055.1
GCF_002002285.1_prophage_4,-0.5035407728545587,-0.057112072526923616,GCF_002002285.1
GCF_002002325.1_prophage_1,0.20098278139925727,-0.11251173640216584,GCF_002002325.1
GCF_002002545.1_prophage_3,0.6520172248994983,0.23108039722084578,GCF_002002545.1
GCF_002006965.1_prophage_2,0.014566800587676839,0.20727020251627884,GCF_002006965.1
GCF_002011965.1_prophage_4,0.07349506724691197,-0.7957120631290985,GCF_002011965.1
GCF_002012025.1_prophage_9,-0.017496976433034817,-0.6880119639318459,GCF_002012025.1
GCF_002012165.1_prophage_7,0.6431961545028428,-0.5130867972715416,GCF_002012165.1
GCF_002012305.1_prophage_7,0.8032926668866055,-0.2231858195226714,GCF_002012305.1
GCF_002015195.1_prophage_1,0.5731867615481495,0.22839123380903004,GCF_002015195.1
GCF_002015255.1_prophage_5,-0.5004788423653344,-0.3482329700341682,GCF_002015255.1
GCF_002015255.1_prophage_6,-0.51189473338491,-0.08005080665470775,GCF_002015255.1
GCF_002015355.1_prophage_6,-0.5175531630066181,-0.04563919213917469,GCF_002015355.1
GCF_002015375.1_prophage_1,-0.36472930310837437,0.7376431745498202,GCF_002015375.1
GCF_002015385.1_prophage_3,-0.7249724313011625,-0.0692954563102478,GCF_002015385.1
GCF_002015435.1_prophage_4,0.6741934181304291,0.094481160187879,GCF_002015435.1
GCF_002015455.1_prophage_3,-0.7269671226431806,-0.06878259730681069,GCF_002015455.1
GCF_002015455.1_prophage_6,-0.11640805249388475,-0.5871980245182916,GCF_002015455.1
GCF_002015625.1_prophage_3,0.6825805110771217,0.19709091281475716,GCF_002015625.1
GCF_002015775.1_prophage_2,0.4746208015040319,-0.16251514177887436,GCF_002015775.1
GCF_002015775.1_prophage_6,-0.46829939805052073,-0.6032746209159673,GCF_002015775.1
GCF_002015815.1_prophage_3,-0.22532761588391972,0.7733465084331768,GCF_002015815.1
GCF_002015855.1_prophage_6,0.4659504056276668,0.6657598531279444,GCF_002015855.1
GCF_002015875.1_prophage_4,-0.21671016053412734,-0.5413256966099994,GCF_002015875.1
GCF_002015885.1_prophage_8,0.20527062460454304,0.8136064602315953,GCF_002015885.1
GCF_002015935.1_prophage_3,0.4337662238005199,0.17621129509313588,GCF_002015935.1
GCF_002015935.1_prophage_5,0.7033249757486606,-0.2534097973010554,GCF_002015935.1
GCF_002015965.1_prophage_2,0.25159832732473086,0.7741813089839583,GCF_002015965.1
GCF_002016195.1_prophage_5,-0.7870223884626958,-0.23953687393067027,GCF_002016195.1
GCF_002016355.1_prophage_3,-0.46456883843967045,0.14443669140879842,GCF_002016355.1
GCF_002016375.1_prophage_2,-0.4645796618217852,0.14443417870462927,GCF_002016375.1
GCF_002016465.1_prophage_4,-0.3897932662060712,0.15704334035122117,GCF_002016465.1
GCF_002016465.1_prophage_9,0.5207867314262863,-0.43356966448440465,GCF_002016465.1
GCF_002016475.1_prophage_1,-0.6157435618378423,-0.5819054413083945,GCF_002016475.1
GCF_002016475.1_prophage_3,-0.10135832205778095,-0.3666514160744247,GCF_002016475.1
GCF_002018425.2_prophage_1,-0.4019009607542937,-0.10719076543203465,GCF_002018425.2
GCF_002018815.2_prophage_2,-0.25263750595068774,0.2268902679540836,GCF_002018815.2
GCF_002028705.1_prophage_4,-0.41692384738920013,0.10627257515188676,GCF_002028705.1
GCF_002028825.1_prophage_10,-0.2762508349758363,-0.6870696250657845,GCF_002028825.1
GCF_002028865.1_prophage_2,0.4355207922446033,0.15598986370878704,GCF_002028865.1
GCF_002028945.1_prophage_3,-0.3811910510757066,0.1298235456755232,GCF_002028945.1
GCF_002029115.1_prophage_1,0.15789907018043603,0.2284046179966647,GCF_002029115.1
GCF_002056635.1_prophage_1,0.7145750080944605,0.4494995329673638,GCF_002056635.1
GCF_002056635.1_prophage_6,0.6572140269059884,-0.0015350783968033975,GCF_002056635.1
GCF_002057245.1_prophage_13,-0.4242806780679561,-0.6251438775704734,GCF_002057245.1
GCF_002058765.1_prophage_4,-0.05535307070336336,0.2757340677599139,GCF_002058765.1
GCF_002075175.1_prophage_5,-0.2492973740036834,-0.5703321573758559,GCF_002075175.1
GCF_002075265.1_prophage_2,-0.003674195019675119,0.7073886713198965,GCF_002075265.1
GCF_002075265.1_prophage_7,-0.14186739267619797,-0.3542232282034916,GCF_002075265.1
GCF_002075265.1_prophage_8,-0.08735504551186533,-0.2915553682203661,GCF_002075265.1
GCF_002077195.1_prophage_2,0.08287159664523375,0.20316655914199477,GCF_002077195.1
GCF_002080555.1_prophage_3,0.37823441643050004,0.1856942042248268,GCF_002080555.1
GCF_002080595.1_prophage_5,-0.6366507832487176,-0.2943759630073955,GCF_002080595.1
GCF_002080635.1_prophage_3,-0.6359753474318669,0.2441519806953704,GCF_002080635.1
GCF_002087535.1_prophage_3,-0.2581912766194603,0.20062624794549702,GCF_002087535.1
GCF_002087565.1_prophage_6,0.6488148685860767,-0.2677770292113536,GCF_002087565.1
GCF_002087575.1_prophage_2,-0.6115487370266549,-0.2959220831366207,GCF_002087575.1
GCF_002087615.1_prophage_5,-0.6311061898887309,-0.26226250086984204,GCF_002087615.1
GCF_002099555.1_prophage_1,0.7070751957949822,0.3796806397803186,GCF_002099555.1
GCF_002099625.1_prophage_9,-0.2563334808388752,-0.46320657841153917,GCF_002099625.1
GCF_002099715.1_prophage_4,-0.7088701435821873,0.4823590778530507,GCF_002099715.1
GCF_002099805.1_prophage_4,0.3377996580097629,0.6688815211393009,GCF_002099805.1
GCF_002104645.1_prophage_2,-0.13899494715865582,0.07521702791313804,GCF_002104645.1
GCF_002109605.1_prophage_3,-0.014841815416654391,0.2603488016398299,GCF_002109605.1
GCF_002109615.1_prophage_4,0.11320140687674154,0.19447220145964336,GCF_002109615.1
GCF_002109685.1_prophage_2,-0.49048333384851867,-0.09561345694238244,GCF_002109685.1
GCF_002109745.1_prophage_1,0.4289160577050566,-0.6328577789387074,GCF_002109745.1
GCF_002110005.1_prophage_4,-0.19041367564434536,-0.3121889010979555,GCF_002110005.1
GCF_002110025.1_prophage_1,-0.6755949344405531,0.5281558974277691,GCF_002110025.1
GCF_002110025.1_prophage_2,0.12062392614343233,0.15904423416463145,GCF_002110025.1
GCF_002110065.1_prophage_5,-0.4401863031994105,-0.6965418177484384,GCF_002110065.1
GCF_002110175.1_prophage_7,-0.5496038716799851,0.6332084422610684,GCF_002110175.1
GCF_002111485.1_prophage_2,-0.22531905132021704,-0.1356020895126628,GCF_002111485.1
GCF_002116545.1_prophage_1,-0.4174363640281552,-0.39492913292174076,GCF_002116545.1
GCF_002116555.1_prophage_1,0.8282694101042839,-0.11516746884792989,GCF_002116555.1
GCF_002116715.2_prophage_3,0.5524407234201918,0.27858423249651976,GCF_002116715.2
GCF_002120205.1_prophage_8,0.8122635143496064,-0.09000822210352394,GCF_002120205.1
GCF_002133425.1_prophage_3,0.45991579195790977,0.1686541942431975,GCF_002133425.1
GCF_002133445.1_prophage_6,-0.5683215177621597,-0.5923518100396892,GCF_002133445.1
GCF_002133535.1_prophage_1,-0.6931972905378895,-0.04676743820329201,GCF_002133535.1
GCF_002133605.1_prophage_5,0.7418995725771721,-0.19881595347653844,GCF_002133605.1
GCF_002133665.1_prophage_2,-0.20544020486986406,0.3618433860255236,GCF_002133665.1
GCF_002133845.1_prophage_6,0.4309890847867094,0.1745149424030529,GCF_002133845.1
GCF_002133905.1_prophage_1,-0.053154984552428494,0.48822794670130065,GCF_002133905.1
GCF_002133905.1_prophage_2,0.437334441038648,-0.6295573125932663,GCF_002133905.1
GCF_002134105.1_prophage_2,0.15174008703893502,-0.5887752325205391,GCF_002134105.1
GCF_002134145.1_prophage_4,-0.5812188534507594,-0.2819725121470507,GCF_002134145.1
GCF_002134325.1_prophage_6,-0.5816030214488855,-0.4569304938089182,GCF_002134325.1
GCF_002134395.1_prophage_3,-0.6792917490592003,0.5205673522384318,GCF_002134395.1
GCF_002134525.1_prophage_9,-0.043644917990701255,0.43585354362746587,GCF_002134525.1
GCF_002134625.1_prophage_5,-0.12998470215754854,-0.3211398549772227,GCF_002134625.1
GCF_002134645.1_prophage_11,-0.6627292826351338,0.35679069041312483,GCF_002134645.1
GCF_002134645.1_prophage_7,-0.14907299527371884,-0.3088938027353622,GCF_002134645.1
GCF_002134765.2_prophage_4,-0.19852830342100297,0.2434717962028341,GCF_002134765.2
GCF_002142365.1_prophage_2,0.6302163650427433,-0.25248692185034216,GCF_002142365.1
GCF_002142445.1_prophage_4,0.1811055113797895,0.13563377488291464,GCF_002142445.1
GCF_002142675.1_prophage_4,0.04692002592859378,0.7396998775315968,GCF_002142675.1
GCF_002144185.1_prophage_7,-0.44229322485734396,-0.11242308717547665,GCF_002144185.1
GCF_002152075.1_prophage_6,0.5690886810692691,0.626803219269896,GCF_002152075.1
GCF_002153005.1_prophage_8,0.1810465863529576,0.7223883829422612,GCF_002153005.1
GCF_002154285.1_prophage_1,0.1264927726716342,0.2528970539457771,GCF_002154285.1
GCF_002154805.1_prophage_3,-0.23409679854555027,-0.1646601501145847,GCF_002154805.1
GCF_002155455.1_prophage_1,0.5313699827798641,-0.38784606147620737,GCF_002155455.1
GCF_002155515.1_prophage_4,-0.028728471975426148,-0.21200471981820163,GCF_002155515.1
GCF_002155565.1_prophage_1,0.24092790255519067,0.16510840034554977,GCF_002155565.1
GCF_002155585.1_prophage_1,-0.3155943005655901,-0.4575229382601478,GCF_002155585.1
GCF_002155595.1_prophage_2,0.12720848702690493,0.1993532061276298,GCF_002155595.1
GCF_002155825.1_prophage_1,0.7480213190812676,-0.1366821420238163,GCF_002155825.1
GCF_002155845.1_prophage_7,0.14048956327292556,-0.7042641692741295,GCF_002155845.1
GCF_002156825.1_prophage_10,0.057523249077018807,0.18261875079521067,GCF_002156825.1
GCF_002156825.1_prophage_11,0.16482588618438535,0.24295201208737455,GCF_002156825.1
GCF_002156825.1_prophage_15,-0.015815574916672057,0.33363285882330945,GCF_002156825.1
GCF_002156825.1_prophage_9,0.32079283179712387,0.5581874497144732,GCF_002156825.1
GCF_002163935.1_prophage_3,-0.13602123807005637,-0.3717094090854269,GCF_002163935.1
GCF_002164435.1_prophage_3,-0.38956805578719744,0.6944804745502103,GCF_002164435.1
GCF_002164535.1_prophage_3,-0.6177950533434178,-0.0645403925582428,GCF_002164535.1
GCF_002164635.4_prophage_3,-0.2592975857599869,0.14103174444337266,GCF_002164635.4
GCF_002164645.3_prophage_2,0.3476260083091197,0.6457231162157375,GCF_002164645.3
GCF_002164955.1_prophage_1,-0.3896389351382571,-0.43898771341044723,GCF_002164955.1
GCF_002165005.1_prophage_1,0.34730562342928445,0.6585596482625118,GCF_002165005.1
GCF_002165095.2_prophage_2,0.029542672700334796,0.22031323827001584,GCF_002165095.2
GCF_002165955.1_prophage_1,0.5079276762249312,0.41364730732330673,GCF_002165955.1
GCF_002166075.1_prophage_1,-0.6042491190125795,0.22251114490284932,GCF_002166075.1
GCF_002173255.1_prophage_3,-0.4945482000853141,-0.07594999092429643,GCF_002173255.1
GCF_002173265.1_prophage_1,0.46027417256794906,0.2016543088930169,GCF_002173265.1
GCF_002173265.1_prophage_6,0.7804697192647742,0.3664298704605973,GCF_002173265.1
GCF_002173285.1_prophage_6,0.6999893759892195,-0.3164893353510147,GCF_002173285.1
GCF_002173335.1_prophage_1,-0.04859270042117562,0.8194539096363462,GCF_002173335.1
GCF_002173335.1_prophage_4,0.5923165434928976,-0.3446903069947181,GCF_002173335.1
GCF_002173355.1_prophage_1,0.007038770594535339,0.5267465837775861,GCF_002173355.1
GCF_002175545.1_prophage_5,0.6611136091238975,-0.3330576864963464,GCF_002175545.1
GCF_002175645.1_prophage_3,-0.3884493683210095,0.692405068838803,GCF_002175645.1
GCF_002175715.1_prophage_5,-0.2115188283163515,0.5950409216515428,GCF_002175715.1
GCF_002175795.1_prophage_2,-0.23166899714658776,0.735916962173766,GCF_002175795.1
GCF_002176015.1_prophage_1,-0.15611169973792577,-0.3708513634399754,GCF_002176015.1
GCF_002176025.1_prophage_4,-0.2855805625746937,-0.7799443432663737,GCF_002176025.1
GCF_002176215.1_prophage_3,0.14984747101188567,-0.6788392849515069,GCF_002176215.1
GCF_002176385.1_prophage_3,-0.5594452226066892,0.3486181050436036,GCF_002176385.1
GCF_002176435.1_prophage_2,-0.15610633948107414,-0.3708502830678841,GCF_002176435.1
GCF_002180195.1_prophage_1,0.5173567650185377,0.45846347708209234,GCF_002180195.1
GCF_002181625.1_prophage_9,-0.6562028378757515,0.15706664072082502,GCF_002181625.1
GCF_002189825.1_prophage_4,0.4611952151803724,-0.6222639477800477,GCF_002189825.1
GCF_002190275.1_prophage_2,0.44055638781697964,-0.6472069797690323,GCF_002190275.1
GCF_002190715.1_prophage_4,0.4579109535309392,0.03906064779291774,GCF_002190715.1
GCF_002190785.1_prophage_4,-0.22755575400350392,-0.23551865407033784,GCF_002190785.1
GCF_002190815.1_prophage_2,-0.48252357827067055,-0.3185058874469573,GCF_002190815.1
GCF_002190865.1_prophage_4,-0.5029332611780957,-0.3230282827772251,GCF_002190865.1
GCF_002191075.1_prophage_5,0.30757348412587426,0.7116051061386341,GCF_002191075.1
GCF_002191105.1_prophage_2,0.2621274054073256,0.6943370514042951,GCF_002191105.1
GCF_002192275.1_prophage_2,0.47883699183881584,0.0813418181735032,GCF_002192275.1
GCF_002193095.1_prophage_1,0.4730587446648869,0.681365410787289,GCF_002193095.1
GCF_002194595.1_prophage_4,-0.39390651504694835,0.6925228535012532,GCF_002194595.1
GCF_002194695.1_prophage_2,0.715504514262703,-0.2533556182993522,GCF_002194695.1
GCF_002194955.1_prophage_5,0.6981692257915233,-0.26106057447828385,GCF_002194955.1
GCF_002194965.1_prophage_1,0.5775442808417719,-0.2145700507503709,GCF_002194965.1
GCF_002195055.1_prophage_2,0.4853135562259695,-0.4534142493135781,GCF_002195055.1
GCF_002195195.1_prophage_1,0.04418403682755965,-0.5656954396920669,GCF_002195195.1
GCF_002195265.1_prophage_4,-0.4572955401589794,0.6501148208851676,GCF_002195265.1
GCF_002195525.1_prophage_2,-0.22749596886826945,0.6969881328656042,GCF_002195525.1
GCF_002195535.1_prophage_3,0.16871998188233195,-0.5703746101857466,GCF_002195535.1
GCF_002195595.1_prophage_5,0.6665153551248008,-0.3271793046663366,GCF_002195595.1
GCF_002195615.1_prophage_2,0.41341443105854137,0.6898454232493791,GCF_002195615.1
GCF_002195615.1_prophage_3,0.24518238442940016,0.5270045864060429,GCF_002195615.1
GCF_002195725.1_prophage_1,0.18337625622894732,-0.6605102492492958,GCF_002195725.1
GCF_002195815.1_prophage_2,0.15426875964805403,-0.6773938503709838,GCF_002195815.1
GCF_002195905.1_prophage_1,0.16642665214004812,-0.6736320980981355,GCF_002195905.1
GCF_002196035.1_prophage_3,-0.07948984640255205,0.29100702178401006,GCF_002196035.1
GCF_002196495.1_prophage_2,-0.46325102100460985,-0.03415706726894186,GCF_002196495.1
GCF_002196645.1_prophage_3,0.1290108056589149,0.13781365171649862,GCF_002196645.1
GCF_002202175.1_prophage_4,0.5491411852672667,-0.17201080310547606,GCF_002202175.1
GCF_002202175.1_prophage_5,-0.5245325375662164,0.6110154732249603,GCF_002202175.1
GCF_002205945.1_prophage_1,-0.6806611806818562,-0.2174930731809339,GCF_002205945.1
GCF_002206705.1_prophage_1,0.33060727517944877,-0.6172774713977796,GCF_002206705.1
GCF_002206845.1_prophage_1,0.29152031140873336,0.1855694363102937,GCF_002206845.1
GCF_002207045.1_prophage_3,-0.45632510238659246,-0.5158183990415646,GCF_002207045.1
GCF_002207145.1_prophage_3,-0.6265720970033792,-0.18781302140401557,GCF_002207145.1
GCF_002207165.1_prophage_3,-0.6590785264845237,0.19701573078655346,GCF_002207165.1
GCF_002207165.1_prophage_4,0.10734520064220587,0.17456889467555278,GCF_002207165.1
GCF_002207465.1_prophage_6,0.5610647941901495,0.2389994865357905,GCF_002207465.1
GCF_002207565.1_prophage_1,-0.828060494388728,-0.04229528042220173,GCF_002207565.1
GCF_002207645.1_prophage_2,-0.23881533950132622,-0.2635126030522736,GCF_002207645.1
GCF_002207725.1_prophage_7,0.31371114883991136,0.6973006092329773,GCF_002207725.1
GCF_002208025.1_prophage_1,-0.38855364553492394,0.1318059117604905,GCF_002208025.1
GCF_002208865.2_prophage_15,0.1751481616312931,0.256835028509778,GCF_002208865.2
GCF_002214205.1_prophage_4,-0.27682799076885817,0.20787461199828636,GCF_002214205.1
GCF_002216975.1_prophage_1,0.21967102412938744,0.24629259591868918,GCF_002216975.1
GCF_002216985.1_prophage_1,-0.6296614101360799,0.0955016894866949,GCF_002216985.1
GCF_002217145.1_prophage_1,-0.13755934734012198,0.25583845834198465,GCF_002217145.1
GCF_002222945.1_prophage_7,0.44331128767339956,-0.633469084299266,GCF_002222945.1
GCF_002223735.1_prophage_5,-0.0828331777920824,0.2457129544943968,GCF_002223735.1
GCF_002223855.1_prophage_6,0.6362509318728151,-0.3246561805286274,GCF_002223855.1
GCF_002223905.1_prophage_4,-0.7965766172978346,0.33800639693656725,GCF_002223905.1
GCF_002223985.1_prophage_5,-0.060151983600809866,-0.37670620255282705,GCF_002223985.1
GCF_002225655.1_prophage_2,0.43057106820950314,0.19109965728064135,GCF_002225655.1
GCF_002225655.1_prophage_3,-0.6589467896228618,-0.35955384092751913,GCF_002225655.1
GCF_002225815.1_prophage_9,0.803472008930076,0.02489900627853768,GCF_002225815.1
GCF_002225885.1_prophage_2,-0.21377501652542102,-0.2945314771530493,GCF_002225885.1
GCF_002226155.1_prophage_3,0.771212596216737,-0.3215679840757818,GCF_002226155.1
GCF_002226195.1_prophage_2,-0.4668231675752339,-0.04902323396727448,GCF_002226195.1
GCF_002226325.1_prophage_3,0.2929668684573685,-0.6460050068679988,GCF_002226325.1
GCF_002226325.1_prophage_4,0.1096100669858077,0.19828348516964578,GCF_002226325.1
GCF_002226395.1_prophage_6,-0.4466765480775761,0.024299028665198237,GCF_002226395.1
GCF_002226535.1_prophage_7,0.2590505688486321,-0.4947118166795923,GCF_002226535.1
GCF_002226545.1_prophage_1,0.43652980115000295,-0.6352609052215218,GCF_002226545.1
GCF_002226715.1_prophage_4,0.10905809903477262,0.19719946417410564,GCF_002226715.1
GCF_002226735.1_prophage_5,0.4567225046219777,0.22555679750500712,GCF_002226735.1
GCF_002226815.1_prophage_10,0.3926020320713319,-0.6745765032261858,GCF_002226815.1
GCF_002226815.1_prophage_4,0.5506179480151607,0.39617525836228346,GCF_002226815.1
GCF_002226895.1_prophage_1,-0.032179520479397226,0.096910339985841,GCF_002226895.1
GCF_002226895.1_prophage_5,0.5047682489016977,-0.4111476338527133,GCF_002226895.1
GCF_002226975.1_prophage_3,-0.44102936299190837,0.10732210146015951,GCF_002226975.1
GCF_002227115.1_prophage_3,0.17840018167776306,-0.0823285088014473,GCF_002227115.1
GCF_002227115.1_prophage_5,-0.6325521696457268,-0.5711924004372192,GCF_002227115.1
GCF_002227305.1_prophage_7,-0.19692060128262326,-0.7327059354153463,GCF_002227305.1
GCF_002227425.1_prophage_3,-0.14486642895502508,0.19441673830157793,GCF_002227425.1
GCF_002227615.1_prophage_4,0.293942274553553,0.10166241139972451,GCF_002227615.1
GCF_002227665.1_prophage_1,-0.5249383421523528,0.0882330190594841,GCF_002227665.1
GCF_002227795.1_prophage_4,0.47115693634614814,-0.6213163325838781,GCF_002227795.1
GCF_002227865.1_prophage_7,0.1886942763012921,-0.5998800942521151,GCF_002227865.1
GCF_002227875.1_prophage_1,0.622878860449084,-0.25200051793663686,GCF_002227875.1
GCF_002228375.1_prophage_1,-0.2205653461203288,-0.316408920597697,GCF_002228375.1
GCF_002228395.1_prophage_10,0.4718925216962533,0.1552974113026508,GCF_002228395.1
GCF_002228395.1_prophage_3,-0.26871267069061744,-0.6648898556193673,GCF_002228395.1
GCF_002228485.1_prophage_1,-0.12844153359328203,-0.2698097259077253,GCF_002228485.1
GCF_002228625.1_prophage_1,0.016037862930454515,-0.8089955530636977,GCF_002228625.1
GCF_002228865.1_prophage_3,-0.30021496821619387,-0.46219965785865175,GCF_002228865.1
GCF_002228955.1_prophage_3,-0.06583101846605072,-0.2595245791421725,GCF_002228955.1
GCF_002228955.1_prophage_6,0.15744199499888106,-0.6522268301465968,GCF_002228955.1
GCF_002229085.1_prophage_3,-0.7447525970366514,0.4299019381367702,GCF_002229085.1
GCF_002229155.1_prophage_4,-0.7374053559877795,-0.10207724880524023,GCF_002229155.1
GCF_002229215.1_prophage_4,0.3991096004960849,0.7144886764289358,GCF_002229215.1
GCF_002229235.1_prophage_1,0.41280463063009337,-0.6136772097225125,GCF_002229235.1
GCF_002229375.1_prophage_5,0.08746893640035265,0.42848752550485797,GCF_002229375.1
GCF_002229465.1_prophage_1,-0.1646438247257109,0.7744364170412686,GCF_002229465.1
GCF_002230065.1_prophage_8,0.29662029346458063,0.6926661653127337,GCF_002230065.1
GCF_002230095.1_prophage_3,0.6179566449225462,0.5865838851646672,GCF_002230095.1
GCF_002230295.1_prophage_1,0.6481857556941366,-0.30180234869598266,GCF_002230295.1
GCF_002230405.1_prophage_3,0.2430738273049759,0.08407183009749628,GCF_002230405.1
GCF_002230465.1_prophage_2,-0.48963817934227877,-0.4226468084710882,GCF_002230465.1
GCF_002230535.1_prophage_3,0.3821268143512996,-0.6298582285527605,GCF_002230535.1
GCF_002230635.1_prophage_8,-0.2039764463987937,-0.7634724284088753,GCF_002230635.1
GCF_002230915.1_prophage_7,0.2672401054615475,-0.5062653589750048,GCF_002230915.1
GCF_002230995.1_prophage_5,0.27100863664306096,-0.4763439363923688,GCF_002230995.1
GCF_002231015.1_prophage_4,-0.24993156888880563,-0.43894342547991594,GCF_002231015.1
GCF_002231025.1_prophage_6,0.14030218238797337,0.16095706874421742,GCF_002231025.1
GCF_002231075.1_prophage_4,0.40871205220005286,0.2138406187679138,GCF_002231075.1
GCF_002231255.1_prophage_1,-0.23290400189487784,-0.8017493530186641,GCF_002231255.1
GCF_002231365.1_prophage_5,0.01594780471467821,0.21501194300747875,GCF_002231365.1
GCF_002231555.1_prophage_3,0.13070712427557205,-0.6949159221394972,GCF_002231555.1
GCF_002231645.1_prophage_5,0.33792592093371626,-0.614366264945045,GCF_002231645.1
GCF_002231885.1_prophage_1,-0.5061363656706155,-0.5534465406227839,GCF_002231885.1
GCF_002232095.1_prophage_6,0.2956315052727404,-0.6420879928437567,GCF_002232095.1
GCF_002232175.1_prophage_1,0.07803269794807015,0.2174744582576359,GCF_002232175.1
GCF_002232355.1_prophage_1,0.014905364137761933,-0.7567683249219729,GCF_002232355.1
GCF_002232435.1_prophage_3,0.42816522908968135,-0.6394784227025122,GCF_002232435.1
GCF_002232435.1_prophage_5,-0.10506560954252397,-0.4025264052789433,GCF_002232435.1
GCF_002232555.1_prophage_3,0.7916339840664819,-0.26497675267641735,GCF_002232555.1
GCF_002232565.1_prophage_2,-0.8162531214081586,0.12843356221680252,GCF_002232565.1
GCF_002232655.1_prophage_1,0.49524165068149917,0.2295168532732436,GCF_002232655.1
GCF_002232675.1_prophage_8,-0.378081331819554,0.7182854400911708,GCF_002232675.1
GCF_002232895.1_prophage_2,-0.24219743438674673,0.2533086412890351,GCF_002232895.1
GCF_002232935.1_prophage_1,0.6572298158694639,-0.1250704461952729,GCF_002232935.1
GCF_002232975.1_prophage_3,-0.5024901742585045,-0.04010458538147489,GCF_002232975.1
GCF_002233075.1_prophage_1,0.09590183441819032,-0.6776563747389407,GCF_002233075.1
GCF_002233105.1_prophage_3,0.41979235574850626,-0.6286186615801064,GCF_002233105.1
GCF_002233295.1_prophage_4,-0.5443525722787395,-0.37045350523416004,GCF_002233295.1
GCF_002233375.1_prophage_1,0.30129881360121424,0.3681533498140818,GCF_002233375.1
GCF_002239795.1_prophage_1,-0.04502448471471965,-0.7981644431908023,GCF_002239795.1
GCF_002240945.1_prophage_1,-0.5056231466823679,-0.6402153516982639,GCF_002240945.1
GCF_002240945.1_prophage_4,-0.19055828389947382,-0.31492975226211634,GCF_002240945.1
GCF_002243735.1_prophage_1,-0.2847260993730636,0.17906949965829955,GCF_002243735.1
GCF_002244045.1_prophage_1,-0.06696796188573216,0.39745751864719997,GCF_002244045.1
GCF_002244165.1_prophage_1,-0.10662398769283674,-0.3651546859803323,GCF_002244165.1
GCF_002244205.1_prophage_2,-0.6506079157367365,-0.3132716368464363,GCF_002244205.1
GCF_002244235.1_prophage_2,-0.31540169683049296,-0.7505364331070882,GCF_002244235.1
GCF_002244355.1_prophage_3,-0.2815016429704318,0.22560716411384663,GCF_002244355.1
GCF_002244745.1_prophage_1,-0.11062028484528365,-0.3485254921328594,GCF_002244745.1
GCF_002244885.1_prophage_1,0.6925240399862607,-0.02702960175996517,GCF_002244885.1
GCF_002244885.1_prophage_2,-0.10413619010557712,-0.8162274195504983,GCF_002244885.1
GCF_002246495.2_prophage_1,-0.315977580738245,0.789046903865059,GCF_002246495.2
GCF_002246515.1_prophage_1,-0.596287172015695,0.5168570341434646,GCF_002246515.1
GCF_002247945.1_prophage_2,0.7956640951825844,-0.012069148201219255,GCF_002247945.1
GCF_002247965.2_prophage_6,0.06013471979244658,0.5027706470758887,GCF_002247965.2
GCF_002248225.1_prophage_3,-0.4779553103824714,0.0947408253839353,GCF_002248225.1
GCF_002248905.1_prophage_6,-0.0011659428278508438,-0.013996078564515122,GCF_002248905.1
GCF_002249645.1_prophage_1,-0.3657363372191676,0.7739658297178487,GCF_002249645.1
GCF_002263705.1_prophage_5,0.27434665674098213,-0.5383922376031327,GCF_002263705.1
GCF_002263825.1_prophage_5,0.7677608076775067,-0.12580096500940902,GCF_002263825.1
GCF_002263955.1_prophage_2,-0.04309288225785925,0.6339748377228996,GCF_002263955.1
GCF_002263975.1_prophage_2,-0.6148168278330526,-0.44355214343618155,GCF_002263975.1
GCF_002265155.1_prophage_3,-0.16785909475527197,-0.3107955582068044,GCF_002265155.1
GCF_002270165.1_prophage_4,0.015300814382923805,0.3353959679639411,GCF_002270165.1
GCF_002270245.1_prophage_3,0.28858994555961043,-0.5436217275112848,GCF_002270245.1
GCF_002277105.1_prophage_1,-0.7162124035883951,0.33470420785230737,GCF_002277105.1
GCF_002283335.1_prophage_1,-0.570859974274579,-0.020417360891582633,GCF_002283335.1
GCF_002283415.1_prophage_1,-0.4867357175609864,0.023072615647845983,GCF_002283415.1
GCF_002284685.1_prophage_8,0.277514947980248,0.7173556041879221,GCF_002284685.1
GCF_002284745.1_prophage_2,0.4587580915597998,0.20029818909209005,GCF_002284745.1
GCF_002284745.1_prophage_5,0.5258679218859295,-0.5222708564757769,GCF_002284745.1
GCF_002285755.1_prophage_5,-0.47627679857928806,-0.06574556560772112,GCF_002285755.1
GCF_002286455.1_prophage_5,0.3304264237034719,0.4835589096480392,GCF_002286455.1
GCF_002286525.1_prophage_5,0.5739182405840079,0.23283349316684812,GCF_002286525.1
GCF_002286535.1_prophage_2,0.7218260072482661,0.2764546141207494,GCF_002286535.1
GCF_002290415.1_prophage_1,0.22014629975952243,0.2461451240962158,GCF_002290415.1
GCF_002290945.1_prophage_1,-0.19449056724016955,-0.18521887171841192,GCF_002290945.1
GCF_002291105.1_prophage_5,-0.646534403554701,-0.32389879493566903,GCF_002291105.1
GCF_002291105.1_prophage_6,-0.7105430111400953,0.22885176026691256,GCF_002291105.1
GCF_002302315.1_prophage_6,0.43774306349823494,-0.6204317395088369,GCF_002302315.1
GCF_002310735.1_prophage_4,-0.4449376727222312,0.7306579104546109,GCF_002310735.1
GCF_002317645.1_prophage_2,-0.6911555790366809,-0.30176577730413046,GCF_002317645.1
GCF_002317775.1_prophage_4,0.24136440502350703,0.20388985399632253,GCF_002317775.1
GCF_002317955.1_prophage_1,-0.0664705575693352,-0.7871231313536421,GCF_002317955.1
GCF_002319335.1_prophage_8,0.12539376416623588,0.19529631979746132,GCF_002319335.1
GCF_002319385.1_prophage_2,-0.6264128527945096,0.05470995268067202,GCF_002319385.1
GCF_002319475.1_prophage_4,0.7572479264280036,0.3988990173058471,GCF_002319475.1
GCF_002319485.1_prophage_4,-0.2047037887693712,-0.3297924510294539,GCF_002319485.1
GCF_002319565.1_prophage_1,-0.510613312090543,-0.20314257829688998,GCF_002319565.1
GCF_002319615.1_prophage_3,-0.018771424563435543,0.3927101614799437,GCF_002319615.1
GCF_002319625.1_prophage_3,-0.6204477139053627,-0.27911579999009,GCF_002319625.1
GCF_002319645.1_prophage_2,-0.6148257894649449,-0.27096636519687883,GCF_002319645.1
GCF_002319735.1_prophage_4,0.16116248603082337,0.24636814001778526,GCF_002319735.1
GCF_002324105.1_prophage_1,0.543607135009939,-0.24767151271467105,GCF_002324105.1
GCF_002324155.1_prophage_1,0.27785594925180807,-0.08114679614634696,GCF_002324155.1
GCF_002324435.1_prophage_4,-0.015831692262895485,-0.8205088748757561,GCF_002324435.1
GCF_002324535.1_prophage_6,-0.0076608092970995535,-0.6075205128493525,GCF_002324535.1
GCF_002324595.1_prophage_1,-0.5265152089872462,0.05215323666220915,GCF_002324595.1
GCF_002324625.1_prophage_1,-0.489107162395587,-0.04673698653267013,GCF_002324625.1
GCF_002324695.1_prophage_2,-0.019983898513186073,0.3829281993970226,GCF_002324695.1
GCF_002326995.1_prophage_3,0.06251667086234962,-0.6044057947138901,GCF_002326995.1
GCF_002379215.1_prophage_5,0.5051124212727933,0.6492471267550982,GCF_002379215.1
GCF_002379295.1_prophage_1,-0.20693323089788052,0.3733948012843354,GCF_002379295.1
GCF_002379295.1_prophage_3,-0.6965848024713521,-0.49982870437045135,GCF_002379295.1
GCF_002379295.1_prophage_5,-0.5434094354826775,0.588912549669022,GCF_002379295.1
GCF_002393365.1_prophage_5,-0.6136560482726878,-0.19337102927984245,GCF_002393365.1
GCF_002407385.1_prophage_4,-0.04856209793896623,0.4497158285090815,GCF_002407385.1
GCF_002416785.1_prophage_4,-0.5216419869975812,0.6131382627005915,GCF_002416785.1
GCF_002441995.1_prophage_2,0.025173503843366953,0.4522174150654476,GCF_002441995.1
GCF_002442165.1_prophage_3,0.5518331643235317,0.6337252589448717,GCF_002442165.1
GCF_002442245.1_prophage_1,0.08895879400542847,0.7201149586294227,GCF_002442245.1
GCF_002442245.1_prophage_3,-0.04412537495741184,0.4286935755385059,GCF_002442245.1
GCF_002442325.1_prophage_5,0.3770332097420863,0.1515498052337425,GCF_002442325.1
GCF_002442365.1_prophage_1,-0.2789618455172595,0.1901014661271373,GCF_002442365.1
GCF_002442395.1_prophage_5,-0.6564071394710945,0.2251857288976941,GCF_002442395.1
GCF_002456195.1_prophage_2,0.4295043422712006,-0.6363730956802107,GCF_002456195.1
GCF_002456235.1_prophage_4,-0.4503362403816839,0.07739220818753745,GCF_002456235.1
GCF_002456425.1_prophage_1,-0.2260595713227132,0.3382786001616761,GCF_002456425.1
GCF_002456425.1_prophage_4,0.22318613324290765,-0.5908726768578235,GCF_002456425.1
GCF_002456555.1_prophage_3,-0.007793795699844579,0.26705794242463515,GCF_002456555.1
GCF_002456625.1_prophage_1,0.21706813260494234,0.16907200506615527,GCF_002456625.1
GCF_002456625.1_prophage_3,-0.09601286617063821,-0.3530121989442096,GCF_002456625.1
GCF_002456695.1_prophage_1,0.6862678817731808,-0.4110872994887969,GCF_002456695.1
GCF_002456785.1_prophage_1,-0.44547084179279556,-0.11384997193364525,GCF_002456785.1
GCF_002456895.1_prophage_5,0.29363437249944135,0.10093904537913405,GCF_002456895.1
GCF_002457965.1_prophage_1,0.5743437396902356,0.2064181791903624,GCF_002457965.1
GCF_002458245.1_prophage_3,0.5590847784727921,-0.2958314165461823,GCF_002458245.1
GCF_002458395.1_prophage_3,0.5276653732245333,0.5890286553820605,GCF_002458395.1
GCF_002458455.1_prophage_8,-0.23749553853112393,0.8180043680644593,GCF_002458455.1
GCF_002458555.1_prophage_2,-0.002326466048539161,0.5828537040851416,GCF_002458555.1
GCF_002458705.1_prophage_3,-0.3679586038953804,0.6919063111189314,GCF_002458705.1
GCF_002458705.1_prophage_4,-0.3686349242434524,-0.4008781761182704,GCF_002458705.1
GCF_002458715.1_prophage_1,-0.5238741162671767,-0.05240750118969244,GCF_002458715.1
GCF_002458785.1_prophage_1,0.6995624664382935,0.14240379931904099,GCF_002458785.1
GCF_002458855.1_prophage_5,0.5308836727743773,0.5395025310509333,GCF_002458855.1
GCF_002459005.1_prophage_1,-0.3800342587867548,0.16559491200881507,GCF_002459005.1
GCF_002459045.1_prophage_3,-0.2725689583083297,0.20419446863977656,GCF_002459045.1
GCF_002459195.1_prophage_2,-0.6066147611049353,-0.008400163215512773,GCF_002459195.1
GCF_002459195.1_prophage_7,0.3393158029452674,0.5463222833179913,GCF_002459195.1
GCF_002459225.1_prophage_1,0.5737922076781224,0.23978854826934737,GCF_002459225.1
GCF_002459345.1_prophage_2,-0.6913567056443689,-0.29738475774884854,GCF_002459345.1
GCF_002459525.1_prophage_5,0.5088891613219185,0.18697639809210323,GCF_002459525.1
GCF_002459545.1_prophage_5,0.06203729887930198,-0.08470898980613448,GCF_002459545.1
GCF_002459875.1_prophage_5,0.46365075365221703,-0.09506437350431539,GCF_002459875.1
GCF_002459915.1_prophage_6,-0.6384877822547519,-0.185762602954408,GCF_002459915.1
GCF_002459925.1_prophage_6,0.4901091897049259,0.24272019759228253,GCF_002459925.1
GCF_002460155.1_prophage_2,-0.17810819966610547,-0.38581340730880553,GCF_002460155.1
GCF_002460165.1_prophage_2,-0.6584765208621414,-0.21152087201965974,GCF_002460165.1
GCF_002460245.1_prophage_4,-0.38567863733455865,-0.024536401885563157,GCF_002460245.1
GCF_002460315.1_prophage_2,0.5397698342877085,0.042099424530262594,GCF_002460315.1
GCF_002460345.1_prophage_5,-0.45169726615832606,-0.082777965998961,GCF_002460345.1
GCF_002460535.1_prophage_2,-0.07794426566307071,-0.34544070786797965,GCF_002460535.1
GCF_002460645.1_prophage_1,0.5105993267735147,0.17334673707966367,GCF_002460645.1
GCF_002460795.1_prophage_3,0.49401088763851925,-0.1502120376131119,GCF_002460795.1
GCF_002460805.1_prophage_3,0.24187139922795206,-0.5471279719424939,GCF_002460805.1
GCF_002460805.1_prophage_6,-0.10182083008559178,-0.48130978766492455,GCF_002460805.1
GCF_002460865.1_prophage_7,-0.5220959425432149,0.6296202777921479,GCF_002460865.1
GCF_002460875.1_prophage_1,-0.168150463612572,0.5957361177761961,GCF_002460875.1
GCF_002460955.1_prophage_4,-0.08029715988269238,-0.6778109460498153,GCF_002460955.1
GCF_002461305.1_prophage_2,-0.36853739627110005,-0.3398224757528732,GCF_002461305.1
GCF_002461545.1_prophage_3,0.1977363100696871,-0.492498307531939,GCF_002461545.1
GCF_002461885.1_prophage_2,-0.22545766431212746,-0.7840373003908715,GCF_002461885.1
GCF_002462115.1_prophage_5,-0.5765048539382917,-0.2983196479127546,GCF_002462115.1
GCF_002462195.1_prophage_1,-0.5610129871913446,0.5639996239238092,GCF_002462195.1
GCF_002462735.1_prophage_4,0.710750070164747,-0.1683690379500358,GCF_002462735.1
GCF_002462865.1_prophage_3,-0.2508875774917885,0.1954369920537396,GCF_002462865.1
GCF_002462935.1_prophage_6,0.6612022414652226,0.3877423629925681,GCF_002462935.1
GCF_002462995.1_prophage_3,0.37693839287092307,0.1881481513785813,GCF_002462995.1
GCF_002462995.1_prophage_5,0.11422411448224178,-0.2796652502344699,GCF_002462995.1
GCF_002463085.1_prophage_2,0.4983016064723017,0.5559379313342866,GCF_002463085.1
GCF_002463135.1_prophage_2,-0.34105030767915856,-0.6334547455851701,GCF_002463135.1
GCF_002463285.1_prophage_5,-0.1323292898195298,-0.47098788302927397,GCF_002463285.1
GCF_002463495.1_prophage_5,0.36897545265495335,0.14526334952068512,GCF_002463495.1
GCF_002463525.1_prophage_3,0.20259452753377213,0.12723313565399053,GCF_002463525.1
GCF_002463555.1_prophage_3,-0.6268181444992474,-0.5397702881146377,GCF_002463555.1
GCF_002463705.1_prophage_2,-0.4718730884780933,0.09846958130476084,GCF_002463705.1
GCF_002463805.1_prophage_1,0.3808622186804309,0.18849354398818427,GCF_002463805.1
GCF_002463835.1_prophage_1,0.5310782632680195,0.5347464448543704,GCF_002463835.1
GCF_002463835.1_prophage_7,0.8165173997647132,-0.20788559972496956,GCF_002463835.1
GCF_002463845.1_prophage_4,-0.36037947968029116,-0.08546114063787467,GCF_002463845.1
GCF_002463925.1_prophage_1,-0.206491154877174,-0.1650380937501428,GCF_002463925.1
GCF_002463955.1_prophage_5,-0.1991140619228415,-0.17203271983270643,GCF_002463955.1
GCF_002464115.1_prophage_3,0.6587322530164367,0.21918050136209638,GCF_002464115.1
GCF_002464275.1_prophage_1,-0.16006600413125674,-0.31488525534340217,GCF_002464275.1
GCF_002464445.1_prophage_3,0.0026057772860059347,0.43556872923327594,GCF_002464445.1
GCF_002465055.1_prophage_1,0.12416938008999946,0.1951530884413745,GCF_002465055.1
GCF_002465215.1_prophage_3,-0.6442637834780676,0.08046075985914407,GCF_002465215.1
GCF_002465355.1_prophage_1,0.5675168457806399,-0.25350880268734693,GCF_002465355.1
GCF_002465395.1_prophage_2,0.19505770266388542,0.11385892701104175,GCF_002465395.1
GCF_002465575.1_prophage_2,0.2921433574703467,0.7631923466975186,GCF_002465575.1
GCF_002465575.1_prophage_4,0.08031824528605339,-0.6465391891072237,GCF_002465575.1
GCF_002465635.1_prophage_1,0.20076636857606842,0.2559143735315238,GCF_002465635.1
GCF_002465905.1_prophage_1,0.21709827945771765,0.16906152334316038,GCF_002465905.1
GCF_002465975.1_prophage_4,-0.09600772011144673,-0.3530098833290752,GCF_002465975.1
GCF_002466205.1_prophage_1,0.3903207021217309,-0.66394873050473,GCF_002466205.1
GCF_002466235.1_prophage_4,0.287562785119518,0.5833306102504838,GCF_002466235.1
GCF_002466355.1_prophage_3,-0.48856584637901035,0.11413999129165689,GCF_002466355.1
GCF_002466425.1_prophage_4,0.6480055016308721,0.21600219287227423,GCF_002466425.1
GCF_002466465.1_prophage_2,0.6648362301314624,0.21135482510985026,GCF_002466465.1
GCF_002466935.1_prophage_5,-0.6316859155277821,-0.1345793745595294,GCF_002466935.1
GCF_002467185.1_prophage_1,0.035203023193269734,-0.832634962854951,GCF_002467185.1
GCF_002467325.1_prophage_5,0.3348676174576002,-0.6078717388001977,GCF_002467325.1
GCF_002467405.1_prophage_1,-0.24901623205038947,-0.7223345319697203,GCF_002467405.1
GCF_002467555.1_prophage_3,0.3942255273521928,-0.6594596423710355,GCF_002467555.1
GCF_002467625.1_prophage_5,-0.688049870329083,0.22721636611341187,GCF_002467625.1
GCF_002467635.1_prophage_1,-0.45332567057755335,-0.69543201219995,GCF_002467635.1
GCF_002467925.1_prophage_3,-0.21690467300517263,-0.5413183863600136,GCF_002467925.1
GCF_002468245.1_prophage_3,0.2766772344157942,0.5679610093077363,GCF_002468245.1
GCF_002468335.1_prophage_2,0.8176040655700988,-0.006195123136046996,GCF_002468335.1
GCF_002468345.1_prophage_2,-0.057177772613179245,0.45960414696277596,GCF_002468345.1
GCF_002468425.1_prophage_4,0.21413239059520206,-0.5776209406162531,GCF_002468425.1
GCF_002468435.1_prophage_1,-0.3806114606327116,0.15387382481082507,GCF_002468435.1
GCF_002468495.1_prophage_1,0.31132297101055717,-0.0752336467559042,GCF_002468495.1
GCF_002468495.1_prophage_4,0.3847950036913491,-0.6683556027163231,GCF_002468495.1
GCF_002468655.1_prophage_1,0.30643908590145846,0.11010565030076598,GCF_002468655.1
GCF_002468725.1_prophage_3,-0.13931654647301786,-0.3300219139208361,GCF_002468725.1
GCF_002468805.1_prophage_5,0.7097253003058278,-0.2461767851522438,GCF_002468805.1
GCF_002468915.1_prophage_1,-0.637156092135542,0.18803757027698,GCF_002468915.1
GCF_002469165.1_prophage_3,0.31041386401533855,0.10967303212757058,GCF_002469165.1
GCF_002469215.1_prophage_1,0.7814170456287843,-0.1036491119399813,GCF_002469215.1
GCF_002469235.1_prophage_2,-0.4061720073179984,0.059898157932022494,GCF_002469235.1
GCF_002473565.1_prophage_2,-0.4777159584087042,-0.08384017875678347,GCF_002473565.1
GCF_002474025.1_prophage_4,-0.6227469323082951,0.5450306747380351,GCF_002474025.1
GCF_002474085.1_prophage_4,0.6610615679544481,-0.3400788791049571,GCF_002474085.1
GCF_002474185.1_prophage_3,0.5714798049558852,0.2090854544623614,GCF_002474185.1
GCF_002474445.1_prophage_1,0.20485268519832686,-0.598570101146907,GCF_002474445.1
GCF_002474535.1_prophage_6,0.35000660112225324,-0.6239871517465415,GCF_002474535.1
GCF_002474645.1_prophage_1,-0.48595414965482514,-0.09472119696729185,GCF_002474645.1
GCF_002474715.1_prophage_3,0.12308760963526827,-0.8199615354346746,GCF_002474715.1
GCF_002474785.1_prophage_1,0.25460953329093744,0.7377205830354913,GCF_002474785.1
GCF_002474835.1_prophage_1,0.6246986920148896,-0.2746158152747634,GCF_002474835.1
GCF_002474915.1_prophage_2,0.18535191492519215,-0.11785567996800975,GCF_002474915.1
GCF_002475215.1_prophage_3,0.34100983708428284,0.6689204064485499,GCF_002475215.1
GCF_002475235.1_prophage_4,-0.6239720149276282,0.19845054269543227,GCF_002475235.1
GCF_002475325.1_prophage_3,-0.014803419646761538,0.37695847106642527,GCF_002475325.1
GCF_002475355.1_prophage_7,-0.6221915012753191,-0.1829044048979129,GCF_002475355.1
GCF_002475375.1_prophage_1,-0.24524532999069856,0.0163379467589254,GCF_002475375.1
GCF_002475515.1_prophage_3,0.2627339913621341,0.27717081671763927,GCF_002475515.1
GCF_002475545.1_prophage_1,0.3192569657187555,0.1138304414583989,GCF_002475545.1
GCF_002475545.1_prophage_3,-0.17710970782016894,-0.2793305325094946,GCF_002475545.1
GCF_002475575.1_prophage_2,0.2980498848975951,0.16814865853556918,GCF_002475575.1
GCF_002475625.1_prophage_7,0.5591024448807144,-0.4528967692975999,GCF_002475625.1
GCF_002475625.1_prophage_9,-0.3188375359704431,-0.7261502886362079,GCF_002475625.1
GCF_002476015.1_prophage_4,-0.3856691043338352,0.6971245670030669,GCF_002476015.1
GCF_002476375.1_prophage_3,-0.1411394642218252,-0.27422876183346795,GCF_002476375.1
GCF_002476395.1_prophage_2,0.33858343298912386,-0.592367489474393,GCF_002476395.1
GCF_002484405.1_prophage_3,0.1311786278851008,-0.6142867239919017,GCF_002484405.1
GCF_002484425.1_prophage_3,0.4555560471581748,0.21985758940930206,GCF_002484425.1
GCF_002484515.1_prophage_4,-0.10562307140710607,0.52151293865574,GCF_002484515.1
GCF_002484545.1_prophage_2,0.48061568825416884,0.20094625719340647,GCF_002484545.1
GCF_002484575.1_prophage_3,0.3023006556223671,0.11371902697201507,GCF_002484575.1
GCF_002484655.1_prophage_1,-0.6322025469110171,-0.1758560723831013,GCF_002484655.1
GCF_002484905.1_prophage_4,0.7072268162790122,0.42927743828617587,GCF_002484905.1
GCF_002484965.1_prophage_1,0.5708121229325771,-0.25733235419939277,GCF_002484965.1
GCF_002485025.1_prophage_6,0.4462657368294831,0.16750922843710783,GCF_002485025.1
GCF_002485115.1_prophage_2,0.18372230427006753,-0.6480570616759607,GCF_002485115.1
GCF_002485165.1_prophage_4,-0.11098040256976756,0.5295336861155987,GCF_002485165.1
GCF_002485545.1_prophage_4,0.7152968961367637,-0.18229340248232914,GCF_002485545.1
GCF_002485995.1_prophage_1,-0.01856698450392277,-0.7571478548575286,GCF_002485995.1
GCF_002486235.1_prophage_3,-0.7040178446469316,0.2088547523574966,GCF_002486235.1
GCF_002486265.1_prophage_2,0.5011802549290033,0.06502731355840931,GCF_002486265.1
GCF_002486305.1_prophage_10,0.5224196061383759,0.6438981899761302,GCF_002486305.1
GCF_002486335.1_prophage_4,0.29398248100709196,0.10114426812164964,GCF_002486335.1
GCF_002486575.1_prophage_1,-0.39237745672560254,-0.2651191752522816,GCF_002486575.1
GCF_002486645.1_prophage_2,-0.05012437338244697,0.7012426066797602,GCF_002486645.1
GCF_002486695.1_prophage_2,-0.3953782682860359,-0.2804391873723668,GCF_002486695.1
GCF_002486915.1_prophage_2,-0.06442979485162831,-0.8022649861715762,GCF_002486915.1
GCF_002507975.1_prophage_1,0.10983099374632493,0.23210948498881337,GCF_002507975.1
GCF_002509785.1_prophage_1,-0.1854284964357928,0.1709612865767323,GCF_002509785.1
GCF_002509845.1_prophage_5,-0.34943652188787544,-0.4065509957885678,GCF_002509845.1
GCF_002509865.1_prophage_2,-0.6037299248570924,-0.3119388311558076,GCF_002509865.1
GCF_002510175.1_prophage_4,0.4604760769325891,0.18981528508507248,GCF_002510175.1
GCF_002510355.1_prophage_1,0.6117229444078357,0.19458288708464058,GCF_002510355.1
GCF_002510415.1_prophage_3,0.28622818940376077,0.7091321405002726,GCF_002510415.1
GCF_002510415.1_prophage_4,-0.6020748290225938,0.2563759639938667,GCF_002510415.1
GCF_002510515.1_prophage_4,0.32324972053742773,-0.6132988327490408,GCF_002510515.1
GCF_002510605.1_prophage_6,-0.2977618956492253,0.22853362683549458,GCF_002510605.1
GCF_002510645.1_prophage_2,-0.5684958116373809,0.4632237588726769,GCF_002510645.1
GCF_002510775.1_prophage_2,0.6849156904019533,-0.4391295825552501,GCF_002510775.1
GCF_002510785.1_prophage_5,-0.30494685227190654,0.7509197056172981,GCF_002510785.1
GCF_002510815.1_prophage_2,0.48271891266905254,0.6600850569671727,GCF_002510815.1
GCF_002511135.1_prophage_3,0.5595385928007526,-0.24946232669727988,GCF_002511135.1
GCF_002511185.1_prophage_1,-0.32024718885194275,-0.12585175259106843,GCF_002511185.1
GCF_002511265.1_prophage_1,0.031505636418217,0.3617854299832294,GCF_002511265.1
GCF_002511555.1_prophage_6,0.4706484314950981,0.1759057588704899,GCF_002511555.1
GCF_002511765.1_prophage_3,0.6767757652699499,-0.23642992011424233,GCF_002511765.1
GCF_002511765.1_prophage_4,-0.6694760597543681,-0.10197442108166392,GCF_002511765.1
GCF_002511785.1_prophage_1,-0.06501493582875985,0.7340914528377173,GCF_002511785.1
GCF_002511785.1_prophage_3,-0.639841260161143,0.14461826498458388,GCF_002511785.1
GCF_002511845.1_prophage_2,-0.6132582665344654,-0.26677211760833736,GCF_002511845.1
GCF_002511865.1_prophage_2,0.33726120007709287,-0.6192629889884428,GCF_002511865.1
GCF_002512025.1_prophage_1,-0.377267765381952,0.0647976820354059,GCF_002512025.1
GCF_002512125.1_prophage_5,0.4175124887522924,0.16737458542545716,GCF_002512125.1
GCF_002512375.1_prophage_2,0.7284992781651526,-0.34455676361943516,GCF_002512375.1
GCF_002512455.1_prophage_6,0.8426775795454573,-0.008798323779518558,GCF_002512455.1
GCF_002512485.1_prophage_1,0.3252550036652536,-0.6148645386673337,GCF_002512485.1
GCF_002512565.1_prophage_3,0.15331368797249625,0.17962907426766433,GCF_002512565.1
GCF_002512605.1_prophage_3,-0.42318166256210815,0.14628454156906345,GCF_002512605.1
GCF_002512685.1_prophage_6,0.46883699457765543,0.1807338818815168,GCF_002512685.1
GCF_002512815.1_prophage_3,0.6942366447713091,0.20773108172474736,GCF_002512815.1
GCF_002513265.1_prophage_8,0.2630725560502126,0.24501313955309562,GCF_002513265.1
GCF_002513305.1_prophage_6,-0.6055066144326698,-0.34283102428630763,GCF_002513305.1
GCF_002513315.1_prophage_10,0.16307264121123918,0.24208554191988307,GCF_002513315.1
GCF_002513315.1_prophage_5,0.7808575528679004,-0.05017974732529872,GCF_002513315.1
GCF_002513415.1_prophage_4,-0.07737322574490012,-0.6675379652449981,GCF_002513415.1
GCF_002513565.1_prophage_1,0.4369945522483481,-0.6352610609224302,GCF_002513565.1
GCF_002513625.1_prophage_3,0.4734492639156073,0.17687784722789263,GCF_002513625.1
GCF_002513845.1_prophage_1,-0.15375138782161557,-0.19813212506700045,GCF_002513845.1
GCF_002514015.1_prophage_1,-0.5083476927932089,-0.06906758932766237,GCF_002514015.1
GCF_002514015.1_prophage_6,0.24984597229016003,0.11015082543876707,GCF_002514015.1
GCF_002514425.1_prophage_2,0.3959746189145329,-0.6298843997570909,GCF_002514425.1
GCF_002514455.1_prophage_2,0.15094563688561313,0.1947700039320464,GCF_002514455.1
GCF_002514455.1_prophage_5,-0.16779259546035472,0.6162876542506268,GCF_002514455.1
GCF_002514795.1_prophage_1,0.597206479398325,0.23564093127202165,GCF_002514795.1
GCF_002514885.1_prophage_3,-0.38918803868240603,0.3016916080549894,GCF_002514885.1
GCF_002515055.1_prophage_4,-0.5001354791649077,-0.5126307851156765,GCF_002515055.1
GCF_002515065.1_prophage_2,0.7075679245538359,0.22193579158169488,GCF_002515065.1
GCF_002515175.1_prophage_1,0.44473220766063315,0.5869077236295401,GCF_002515175.1
GCF_002515265.1_prophage_5,-0.2214715227918892,0.2193118115784328,GCF_002515265.1
GCF_002515685.1_prophage_1,-0.0019520088838745626,0.5828319047458674,GCF_002515685.1
GCF_002515765.1_prophage_6,-0.6051395976837027,-0.1772648143568186,GCF_002515765.1
GCF_002515815.1_prophage_1,0.17438162588353762,-0.611601163503788,GCF_002515815.1
GCF_002515965.1_prophage_4,0.4935642993670485,-0.1509499742954761,GCF_002515965.1
GCF_002516205.1_prophage_3,0.3400661165519862,-0.01715839716561764,GCF_002516205.1
GCF_002516505.1_prophage_2,0.29209358654033224,0.169038060082537,GCF_002516505.1
GCF_002516555.1_prophage_6,0.1560906039217771,-0.6016564478898594,GCF_002516555.1
GCF_002516705.1_prophage_1,-0.30850891227256877,-0.619704202349018,GCF_002516705.1
GCF_002516775.1_prophage_1,0.1634853598500436,-0.5948862996555764,GCF_002516775.1
GCF_002516825.1_prophage_4,0.338670641017153,-0.6221678259706905,GCF_002516825.1
GCF_002516905.1_prophage_1,0.17636273935928395,-0.6338584181810902,GCF_002516905.1
GCF_002517285.1_prophage_1,0.30549713966724207,0.10857764925886386,GCF_002517285.1
GCF_002517325.1_prophage_5,0.567023782546867,0.2157261286336258,GCF_002517325.1
GCF_002517585.1_prophage_3,-0.6538044992591326,-0.5494800344932367,GCF_002517585.1
GCF_002517625.1_prophage_1,-0.40080478216719445,0.15757057896971713,GCF_002517625.1
GCF_002517635.1_prophage_3,-0.34003768176633875,-0.7388999515164825,GCF_002517635.1
GCF_002517665.1_prophage_1,0.48371251501896495,0.6447831822424839,GCF_002517665.1
GCF_002517775.1_prophage_2,-0.6742115633364625,0.15675901041550164,GCF_002517775.1
GCF_002517965.1_prophage_1,0.46769761278666694,0.17177117169471545,GCF_002517965.1
GCF_002518005.1_prophage_2,-0.6544621558914447,-0.547945500398899,GCF_002518005.1
GCF_002518045.1_prophage_7,0.4975835417398541,0.5948042722276611,GCF_002518045.1
GCF_002518135.1_prophage_6,-0.5104454462081646,-0.12200941570293174,GCF_002518135.1
GCF_002518205.1_prophage_1,0.3336887918543531,-0.6196525151995469,GCF_002518205.1
GCF_002518365.1_prophage_2,-0.15246442404006283,-0.5150063970640059,GCF_002518365.1
GCF_002518375.1_prophage_6,-0.35669220350453984,-0.7291717484063533,GCF_002518375.1
GCF_002518545.1_prophage_5,0.5958148962521339,-0.5038764249403114,GCF_002518545.1
GCF_002518645.1_prophage_6,0.04128582166101896,0.23035589661924802,GCF_002518645.1
GCF_002518735.1_prophage_1,0.26789175265011855,0.07398707295789157,GCF_002518735.1
GCF_002518795.1_prophage_2,-0.4812828256188504,-0.051857984996943905,GCF_002518795.1
GCF_002518815.1_prophage_4,-0.45483536861362117,0.14958728045317152,GCF_002518815.1
GCF_002518935.1_prophage_3,-0.19580386450672954,0.24540862146197653,GCF_002518935.1
GCF_002519025.1_prophage_3,-0.49863493285562904,0.28300497199820696,GCF_002519025.1
GCF_002519035.1_prophage_1,-0.15290277030734847,0.7515470189824925,GCF_002519035.1
GCF_002519035.1_prophage_6,0.6660276914513958,-0.19184694936308247,GCF_002519035.1
GCF_002519485.1_prophage_7,-0.17551410913423846,-0.5252204310832539,GCF_002519485.1
GCF_002519565.1_prophage_5,-0.5538082052185215,-0.2684464887769751,GCF_002519565.1
GCF_002519565.1_prophage_7,-0.7271296321203586,-0.2074217824342853,GCF_002519565.1
GCF_002519665.1_prophage_1,-0.2676583359858002,0.19447899148811199,GCF_002519665.1
GCF_002519675.1_prophage_4,0.11658707936621795,0.6603668691169196,GCF_002519675.1
GCF_002519705.1_prophage_6,-0.6732711879656409,0.4738569837305319,GCF_002519705.1
GCF_002519745.1_prophage_1,0.1026189446795662,0.20213709397875154,GCF_002519745.1
GCF_002519835.1_prophage_3,0.33281886845109965,-0.6195932746080419,GCF_002519835.1
GCF_002520045.1_prophage_2,-0.6795464893448195,0.14618275541457543,GCF_002520045.1
GCF_002520055.1_prophage_1,-0.481553672175066,-0.038643922557325794,GCF_002520055.1
GCF_002520095.1_prophage_1,0.1904896253519868,0.7089137750501561,GCF_002520095.1
GCF_002520095.1_prophage_3,-0.22194158076823575,0.21711822441285714,GCF_002520095.1
GCF_002520325.1_prophage_2,-0.09156094630505192,-0.40876054026033404,GCF_002520325.1
GCF_002520335.1_prophage_3,-0.6558323326203889,0.22731800642290156,GCF_002520335.1
GCF_002520405.1_prophage_1,0.008168157597681707,0.20986150946317664,GCF_002520405.1
GCF_002520405.1_prophage_2,-0.43949230343451995,-0.03965741166973539,GCF_002520405.1
GCF_002520415.1_prophage_2,-0.6370432867936401,0.19010905495709193,GCF_002520415.1
GCF_002520605.1_prophage_3,0.6077094238541693,-0.2743691151766511,GCF_002520605.1
GCF_002520655.1_prophage_5,-0.1554802480999928,-0.3739485257055225,GCF_002520655.1
GCF_002520675.1_prophage_4,-0.6120235398586825,-0.41262697480795923,GCF_002520675.1
GCF_002521165.1_prophage_3,0.6160224702807148,-0.25809479322900475,GCF_002521165.1
GCF_002521165.1_prophage_5,0.4488264428651956,0.03759717710411337,GCF_002521165.1
GCF_002521215.1_prophage_5,0.5159042916469161,-0.401230224243784,GCF_002521215.1
GCF_002521285.1_prophage_1,-0.5152291449389296,-0.07721396631241853,GCF_002521285.1
GCF_002521385.1_prophage_3,-0.15694579393895833,0.5362564896391747,GCF_002521385.1
GCF_002521465.1_prophage_2,-0.6057863908934127,-0.17800116281034167,GCF_002521465.1
GCF_002521465.1_prophage_5,0.55598737451312,0.5095526277341428,GCF_002521465.1
GCF_002521585.1_prophage_2,-0.09475783569534528,-0.3527846670598819,GCF_002521585.1
GCF_002521835.1_prophage_1,-0.15029362034257582,-0.347320670370674,GCF_002521835.1
GCF_002521835.1_prophage_3,-0.5935834456632494,-0.013214500496424444,GCF_002521835.1
GCF_002521955.1_prophage_3,-0.1630860583695172,-0.341702335785454,GCF_002521955.1
GCF_002521955.1_prophage_4,-0.36996826143784944,0.19831846536221265,GCF_002521955.1
GCF_002522055.1_prophage_1,0.5161755290880283,0.6297201677926603,GCF_002522055.1
GCF_002522395.1_prophage_4,-0.09250357692337507,0.15372157805998377,GCF_002522395.1
GCF_002522645.1_prophage_2,-0.4713650881811207,-0.07007524678047622,GCF_002522645.1
GCF_002528825.1_prophage_11,-0.6584612009381514,0.15609242487247618,GCF_002528825.1
GCF_002530725.1_prophage_1,-0.07583088950740341,0.4211002280755981,GCF_002530725.1
GCF_002530955.1_prophage_4,0.2295551975573294,0.6714782180260871,GCF_002530955.1
GCF_002531125.1_prophage_1,0.5007278147807787,-0.16158398393339032,GCF_002531125.1
GCF_002531275.1_prophage_2,-0.6693272984829093,-0.17280813990378635,GCF_002531275.1
GCF_002531285.1_prophage_7,0.3336889195129464,-0.47569461897129167,GCF_002531285.1
GCF_002531355.1_prophage_8,0.1507254647800195,0.2815869035314179,GCF_002531355.1
GCF_002534785.1_prophage_2,0.4061242296258099,-0.6140631114137988,GCF_002534785.1
GCF_002534845.1_prophage_4,-0.16516638283930896,-0.34746070148736996,GCF_002534845.1
GCF_002534905.1_prophage_6,0.3510061899238845,-0.6243403245178123,GCF_002534905.1
GCF_002535045.1_prophage_3,0.18279998299315953,-0.608102329330306,GCF_002535045.1
GCF_002535115.1_prophage_3,-0.17833748587385337,-0.2585111734470206,GCF_002535115.1
GCF_002535115.1_prophage_5,0.33192129405302634,0.09466073697024834,GCF_002535115.1
GCF_002535195.1_prophage_4,0.514133255613224,-0.4230267994136605,GCF_002535195.1
GCF_002535205.1_prophage_1,0.18917416739331394,-0.6216815539336461,GCF_002535205.1
GCF_002535215.1_prophage_2,0.1868799152222159,-0.5999725164405979,GCF_002535215.1
GCF_002535295.1_prophage_5,-0.14970213661853912,-0.7261743822414202,GCF_002535295.1
GCF_002535305.1_prophage_3,-0.7527190298741856,0.20139263003058927,GCF_002535305.1
GCF_002535475.1_prophage_2,0.7708478953971177,0.2889525429899737,GCF_002535475.1
GCF_002535605.1_prophage_7,-0.047549753394704464,-0.6888763960740234,GCF_002535605.1
GCF_002537395.1_prophage_5,-0.6457172114357604,-0.12649934854959816,GCF_002537395.1
GCF_002537555.1_prophage_2,0.5586393763926899,0.5606245003038185,GCF_002537555.1
GCF_002537995.1_prophage_5,0.1307103632955067,-0.6140018561581234,GCF_002537995.1
GCF_002538705.1_prophage_2,-0.1454287578468074,0.27102991916248553,GCF_002538705.1
GCF_002541105.1_prophage_3,-0.6437364408720035,-0.19055342429054783,GCF_002541105.1
GCF_002541105.1_prophage_4,-0.11929471208207339,0.08466042819069929,GCF_002541105.1
GCF_002541205.1_prophage_2,0.6592961894863264,0.24286518850745015,GCF_002541205.1
GCF_002541235.1_prophage_2,0.3586213800133175,0.17713488761989074,GCF_002541235.1
GCF_002541435.1_prophage_3,0.15316254810043958,-0.09881966616157827,GCF_002541435.1
GCF_002541735.1_prophage_3,-0.2631567291249557,0.21540937590327305,GCF_002541735.1
GCF_002542115.1_prophage_2,0.34019453406518113,0.6538003484966769,GCF_002542115.1
GCF_002542565.1_prophage_2,-0.15408942889907845,0.7873592733004163,GCF_002542565.1
GCF_002543155.1_prophage_1,-0.48240753427773936,-0.06666629486046732,GCF_002543155.1
GCF_002543505.1_prophage_2,-0.07658844349760537,0.49789680252123836,GCF_002543505.1
GCF_002543795.1_prophage_1,-0.6872662276176038,0.08578224835503351,GCF_002543795.1
GCF_002543795.1_prophage_3,0.2774228511031881,0.6586826600195218,GCF_002543795.1
GCF_002544665.1_prophage_1,0.1647576024590732,-0.5727864658498985,GCF_002544665.1
GCF_002544665.1_prophage_4,-0.5315212886561079,0.22352975870968395,GCF_002544665.1
GCF_002544745.1_prophage_1,0.5244915453813597,0.5439981743224493,GCF_002544745.1
GCF_002544825.1_prophage_2,-0.6024100180623851,-0.3170672730991869,GCF_002544825.1
GCF_002545215.1_prophage_3,-0.45558474886242484,-0.09409829100821214,GCF_002545215.1
GCF_002545575.1_prophage_1,-0.7104204925978307,0.4164729803241404,GCF_002545575.1
GCF_002545925.1_prophage_1,0.4056320854505344,-0.6147248544780665,GCF_002545925.1
GCF_002546545.1_prophage_4,-0.5948036064309294,0.022649332413795485,GCF_002546545.1
GCF_002546565.1_prophage_2,-0.6367144770319878,-0.10319565346754633,GCF_002546565.1
GCF_002546975.1_prophage_3,0.43865814604935094,-0.6314071520887664,GCF_002546975.1
GCF_002547055.1_prophage_3,-0.6273470569624908,0.31121255436611167,GCF_002547055.1
GCF_002547115.1_prophage_4,0.23850728703876667,0.19532819278869137,GCF_002547115.1
GCF_002547165.1_prophage_2,-0.1249858978749127,0.09667839176320073,GCF_002547165.1
GCF_002547305.1_prophage_1,0.1886364916714655,-0.6124068863166932,GCF_002547305.1
GCF_002547315.1_prophage_2,-0.052499911317574505,0.4472329673735783,GCF_002547315.1
GCF_002547825.1_prophage_1,-0.532284345171442,-0.17095371961708647,GCF_002547825.1
GCF_002548015.1_prophage_5,0.45199314942617425,0.19435613506027755,GCF_002548015.1
GCF_002548535.1_prophage_2,0.3522773594122548,0.08721966202999018,GCF_002548535.1
GCF_002548675.1_prophage_5,-0.674223691007341,0.15672936643727223,GCF_002548675.1
GCF_002548755.1_prophage_1,0.1875179601985886,-0.5978682297924119,GCF_002548755.1
GCF_002548925.1_prophage_1,-0.2508175213307972,-0.6933164471645652,GCF_002548925.1
GCF_002549415.1_prophage_4,-0.6916983918203722,-0.10939451246675568,GCF_002549415.1
GCF_002554325.1_prophage_1,-0.3661216469159633,-0.23220644981224206,GCF_002554325.1
GCF_002554475.1_prophage_16,-0.39231971305463376,-0.3001951125737362,GCF_002554475.1
GCF_002573115.1_prophage_1,-0.09617815360844316,-0.8272333671354429,GCF_002573115.1
GCF_002573155.1_prophage_4,-0.1431805449087393,-0.22098900719632375,GCF_002573155.1
GCF_002573265.1_prophage_1,-0.26361421110544264,0.7686735654277277,GCF_002573265.1
GCF_002631395.1_prophage_2,0.025293592617763528,0.45356919502836945,GCF_002631395.1
GCF_002631435.1_prophage_4,-0.20814728212688466,-0.337086162498204,GCF_002631435.1
GCF_002631455.1_prophage_1,0.37624140533080525,-0.46495348190230373,GCF_002631455.1
GCF_002734545.1_prophage_10,0.6694937946968925,0.2275295390534151,GCF_002734545.1
GCF_002734645.1_prophage_5,0.5540078202129829,0.21063660118976815,GCF_002734645.1
GCF_002734805.1_prophage_5,-0.16232210300548522,-0.3367992035200387,GCF_002734805.1
GCF_002734825.1_prophage_4,0.0109500212135439,-0.7412457316475026,GCF_002734825.1
GCF_002734925.1_prophage_3,-0.6019749825834547,0.5021725061731045,GCF_002734925.1
GCF_002734945.1_prophage_5,0.14979438185687227,0.19590153451860667,GCF_002734945.1
GCF_002734945.1_prophage_6,-0.36228994793958647,0.6955104389483477,GCF_002734945.1
GCF_002735185.1_prophage_2,0.691314175909264,-0.25403981759808586,GCF_002735185.1
GCF_002741195.1_prophage_1,-0.37098874565736173,0.24289644260640567,GCF_002741195.1
GCF_002741195.1_prophage_7,-0.6114494888226751,0.552736773185152,GCF_002741195.1
GCF_002741595.1_prophage_6,-0.21558636228802922,0.22344874764870193,GCF_002741595.1
GCF_002761685.1_prophage_4,-0.09023598016656241,0.09526675922877004,GCF_002761685.1
GCF_002761695.1_prophage_4,0.027996028986509817,0.001455250918781399,GCF_002761695.1
GCF_002764255.1_prophage_6,-0.21982041779265912,0.8036713494661062,GCF_002764255.1
GCF_002764435.1_prophage_2,0.48113921130543486,0.19156020136279148,GCF_002764435.1
GCF_002764595.1_prophage_5,-0.38483447347785227,-0.712811001471925,GCF_002764595.1
GCF_002764635.1_prophage_1,-0.5966799557759257,0.19197888636106433,GCF_002764635.1
GCF_002764995.1_prophage_8,-0.6518263134902641,-0.14510391713907533,GCF_002764995.1
GCF_002765055.1_prophage_4,0.03475972283562712,0.7939853685179252,GCF_002765055.1
GCF_002765095.1_prophage_11,-0.5662098468687429,-0.5073948674071633,GCF_002765095.1
GCF_002765155.1_prophage_5,-0.4419215474705772,-0.1014154051650251,GCF_002765155.1
GCF_002765235.1_prophage_6,0.4930792426298438,-0.08119608407440408,GCF_002765235.1
GCF_002765275.1_prophage_1,0.4193427158401557,0.6853967155781269,GCF_002765275.1
GCF_002765295.1_prophage_6,-0.6518211678772515,-0.14511770944569866,GCF_002765295.1
GCF_002765315.1_prophage_6,0.3862378863020759,0.037840657785848206,GCF_002765315.1
GCF_002765375.1_prophage_5,-0.6527271781934461,0.3224705163910243,GCF_002765375.1
GCF_002765415.1_prophage_3,0.28989898583457824,-0.00040036868434186243,GCF_002765415.1
GCF_002765475.1_prophage_4,-0.6275792824594353,-0.3362968867412634,GCF_002765475.1
GCF_002765695.1_prophage_1,-0.02562981503536466,0.8013735363818183,GCF_002765695.1
GCF_002765795.1_prophage_5,-0.3835234993435771,-0.6353932713491212,GCF_002765795.1
GCF_002765955.1_prophage_1,0.3476704147865911,0.4841559140682132,GCF_002765955.1
GCF_002765955.1_prophage_2,-0.6367270862499151,0.007776777288793889,GCF_002765955.1
GCF_002766055.1_prophage_1,-0.6464494659721155,0.02088233371853847,GCF_002766055.1
GCF_002766075.1_prophage_2,-0.5966790683397006,0.1919806685632132,GCF_002766075.1
GCF_002766075.1_prophage_5,-0.44185037347987727,-0.10498745592739843,GCF_002766075.1
GCF_002766215.1_prophage_4,-0.6010871905994734,-0.27001347270566667,GCF_002766215.1
GCF_002766235.1_prophage_2,-0.5967434486106487,0.191995894838461,GCF_002766235.1
GCF_002766275.1_prophage_5,-0.12719425230602036,-0.3182034232573896,GCF_002766275.1
GCF_002766335.1_prophage_3,0.006870168713441555,0.3141750014226349,GCF_002766335.1
GCF_002766375.1_prophage_13,-0.39175801757660506,-0.455651059088248,GCF_002766375.1
GCF_002766375.1_prophage_5,0.12299771911299724,0.1967807484425731,GCF_002766375.1
GCF_002766435.1_prophage_9,0.6389557652269973,-0.10170825418353054,GCF_002766435.1
GCF_002766455.1_prophage_6,0.5892935406094569,-0.41125473785479355,GCF_002766455.1
GCF_002766635.1_prophage_3,-0.4395028008705064,-0.6159295903978685,GCF_002766635.1
GCF_002766695.1_prophage_9,0.3317473718844327,0.09252735582714017,GCF_002766695.1
GCF_002766775.1_prophage_8,0.3544563580707108,0.5043166377025629,GCF_002766775.1
GCF_002766835.1_prophage_5,-0.32728629340016546,-0.662287439177805,GCF_002766835.1
GCF_002767095.1_prophage_10,-0.6205969104686797,-0.22653567478226042,GCF_002767095.1
GCF_002767095.1_prophage_5,-0.6464495452980126,0.020881130697421747,GCF_002767095.1
GCF_002768015.1_prophage_5,-0.7160656554337759,-0.3105795103437881,GCF_002768015.1
GCF_002768195.1_prophage_7,-0.11531647929212974,-0.3163151178411908,GCF_002768195.1
GCF_002768415.1_prophage_6,-0.13893291257140836,-0.7405643668995692,GCF_002768415.1
GCF_002768445.1_prophage_8,0.34620795516404845,0.5093188237687742,GCF_002768445.1
GCF_002768555.1_prophage_6,0.46304604135393684,-0.09469904660567185,GCF_002768555.1
GCF_002768575.1_prophage_4,-0.4448564058414395,-0.1024058148240704,GCF_002768575.1
GCF_002768615.1_prophage_8,0.3435918825376769,0.4864860586348139,GCF_002768615.1
GCF_002768655.1_prophage_8,-0.6205670041242178,-0.226573687590491,GCF_002768655.1
GCF_002768695.1_prophage_1,-0.5966793730765161,0.19197961611500353,GCF_002768695.1
GCF_002768835.1_prophage_2,0.2573824104744451,0.6137968103021213,GCF_002768835.1
GCF_002768855.1_prophage_1,-0.6201940906924831,-0.22704823897505982,GCF_002768855.1
GCF_002768915.1_prophage_1,0.5494106143788263,0.655675830643505,GCF_002768915.1
GCF_002768975.1_prophage_1,-0.4646418951823038,0.14286238266865858,GCF_002768975.1
GCF_002769075.1_prophage_9,-0.3420446470970298,-0.4847478336876438,GCF_002769075.1
GCF_002769155.1_prophage_5,-0.5919722109878176,0.05962042587207375,GCF_002769155.1
GCF_002769155.1_prophage_6,0.09657670124363828,0.19099811449212253,GCF_002769155.1
GCF_002769195.1_prophage_5,0.2939673080314234,0.7638890245066428,GCF_002769195.1
GCF_002769235.1_prophage_7,0.46811888762997017,0.19848327251629969,GCF_002769235.1
GCF_002769255.1_prophage_1,-0.12892655703798464,-0.3208049053676213,GCF_002769255.1
GCF_002769335.1_prophage_2,-0.4368967684122864,-0.6520872775978571,GCF_002769335.1
GCF_002769375.1_prophage_1,-0.7312943402695491,0.36539698030934187,GCF_002769375.1
GCF_002769495.1_prophage_5,-0.5812870584202852,-0.3242989717440802,GCF_002769495.1
GCF_002769635.1_prophage_4,0.09116190037653196,0.6424331003664419,GCF_002769635.1
GCF_002769715.1_prophage_3,0.4852564325270937,-0.15928665967680145,GCF_002769715.1
GCF_002769975.1_prophage_7,0.6908181387701,0.4289880915134777,GCF_002769975.1
GCF_002770015.1_prophage_1,0.6329850550174437,-0.43781587329501404,GCF_002770015.1
GCF_002770235.1_prophage_3,-0.6464629786301265,0.020883840555438706,GCF_002770235.1
GCF_002770375.1_prophage_2,-0.16231857589301382,-0.33679832602321136,GCF_002770375.1
GCF_002770395.1_prophage_4,-0.4423979174236101,-0.10131551136352879,GCF_002770395.1
GCF_002770515.1_prophage_4,0.13025725880697953,0.18398375492934582,GCF_002770515.1
GCF_002787545.1_prophage_2,0.10430100891778275,0.24126095983573292,GCF_002787545.1
GCF_002794845.1_prophage_1,0.2076419912059089,-0.5926135126173158,GCF_002794845.1
GCF_002794895.1_prophage_4,-0.1946589585219389,-0.32244655129371447,GCF_002794895.1
GCF_002795085.1_prophage_2,0.24179608117128962,0.5291379913947631,GCF_002795085.1
GCF_002797075.1_prophage_4,-0.3785818094540427,0.6208982691190583,GCF_002797075.1
GCF_002806745.1_prophage_4,0.18404255330872948,0.21038082725386575,GCF_002806745.1
GCF_002806795.1_prophage_10,0.3514118519113687,0.1967794285370944,GCF_002806795.1
GCF_002806825.1_prophage_4,0.09003543666339799,0.22700118901836036,GCF_002806825.1
GCF_002809865.1_prophage_3,-0.029130709315809623,0.3876503502526516,GCF_002809865.1
GCF_002809905.1_prophage_2,-0.6916416289246496,0.22705051087033318,GCF_002809905.1
GCF_002809905.1_prophage_3,-0.137338901548997,-0.15644019150901117,GCF_002809905.1
GCF_002810025.1_prophage_1,0.5183833767730703,-0.503951736557589,GCF_002810025.1
GCF_002810165.1_prophage_3,0.5380107314733688,-0.5381185986033307,GCF_002810165.1
GCF_002810185.1_prophage_1,0.3583446748217558,0.7243101232969015,GCF_002810185.1
GCF_002812685.2_prophage_3,-0.6662827165066194,-0.33526346968394444,GCF_002812685.2
GCF_002834305.1_prophage_3,0.6250897350258849,0.24936032951630224,GCF_002834305.1
GCF_002835165.1_prophage_2,0.46921425788527404,0.19415001833070542,GCF_002835165.1
GCF_002837435.1_prophage_1,-0.8026938206906941,0.2063256299635383,GCF_002837435.1
GCF_002844475.1_prophage_4,-0.6367800826800221,0.007928868224862147,GCF_002844475.1
GCF_002848325.1_prophage_3,-0.4755688721360798,0.07092352416502376,GCF_002848325.1
GCF_002853655.1_prophage_1,-0.48411766145618923,-0.08681084287788084,GCF_002853655.1
GCF_002853715.1_prophage_5,0.5162548219768331,0.5262291252920337,GCF_002853715.1
GCF_002853805.1_prophage_2,0.1262913045852738,0.1748187023376023,GCF_002853805.1
GCF_002854065.1_prophage_1,-0.5769617913918987,0.2037676131265965,GCF_002854065.1
GCF_002855325.1_prophage_5,0.21498612186435084,0.2570732751924679,GCF_002855325.1
GCF_002855615.1_prophage_1,0.4718957561475286,0.4989550835039517,GCF_002855615.1
GCF_002855655.1_prophage_4,0.7678704264324112,0.37807085788412137,GCF_002855655.1
GCF_002855695.1_prophage_4,-0.6569165706982399,0.1557943171046069,GCF_002855695.1
GCF_002855735.1_prophage_1,-0.47064746158189047,0.6340768976633114,GCF_002855735.1
GCF_002863685.1_prophage_14,0.14654489927668304,0.3932937112333437,GCF_002863685.1
GCF_002863685.1_prophage_16,0.2730046936314306,0.5332931420064381,GCF_002863685.1
GCF_002863685.1_prophage_18,0.08405672916127585,-0.2386103442603156,GCF_002863685.1
GCF_002863885.1_prophage_1,0.281471634393591,0.7569332315406198,GCF_002863885.1
GCF_002863885.1_prophage_10,0.18070186176202951,0.27647885270760925,GCF_002863885.1
GCF_002863885.1_prophage_2,-0.24782915580948572,0.427975576426406,GCF_002863885.1
GCF_002872175.1_prophage_5,0.3457761983751871,-0.6155540211950828,GCF_002872175.1
GCF_002885775.1_prophage_5,0.3704875908897835,0.11907863320186,GCF_002885775.1
GCF_002886325.1_prophage_1,0.6916204006718246,-0.37936847009983016,GCF_002886325.1
GCF_002886325.1_prophage_3,0.3921443935720777,0.18802766865058942,GCF_002886325.1
GCF_002886475.1_prophage_4,-0.10950723279244985,-0.7782699444321153,GCF_002886475.1
GCF_002886755.1_prophage_4,-0.48337355722265385,-0.06442203587664916,GCF_002886755.1
GCF_002887005.1_prophage_5,0.010875670743741392,0.5230392911451442,GCF_002887005.1
GCF_002895365.1_prophage_2,-0.1508117721468987,0.05273807912543757,GCF_002895365.1
GCF_002899535.1_prophage_3,0.021117725662519248,0.3026998819212558,GCF_002899535.1
GCF_002901325.1_prophage_1,-0.19533438098216985,-0.606271962118095,GCF_002901325.1
GCF_002911215.1_prophage_3,-0.47778627340390945,0.0899352516324461,GCF_002911215.1
GCF_002915085.1_prophage_2,-0.012673871413454612,0.5410824046111979,GCF_002915085.1
GCF_002917315.1_prophage_2,0.812295051829158,-0.08166202453532688,GCF_002917315.1
GCF_002917535.1_prophage_4,0.742331993817042,-0.32608517437123313,GCF_002917535.1
GCF_002917705.1_prophage_2,-0.5116445957363319,0.6750986830493186,GCF_002917705.1
GCF_002918265.1_prophage_3,0.38442848270834856,0.1359161778163753,GCF_002918265.1
GCF_002918355.1_prophage_2,0.18025419052565728,-0.6397947214128228,GCF_002918355.1
GCF_002923415.1_prophage_1,0.46866142186022364,0.19432083342153766,GCF_002923415.1
GCF_002923675.1_prophage_6,-0.6203420121307278,-0.22685889044459093,GCF_002923675.1
GCF_002923895.1_prophage_4,-0.11534042786258968,-0.3162867310934919,GCF_002923895.1
GCF_002924065.1_prophage_1,-0.6604273312897028,-0.0030024383121110628,GCF_002924065.1
GCF_002924125.1_prophage_7,0.6247707158534097,-0.2619007604733491,GCF_002924125.1
GCF_002924165.1_prophage_3,-0.5966797314434508,0.1919793420128505,GCF_002924165.1
GCF_002924205.1_prophage_3,-0.39755970986369443,0.6754893495291726,GCF_002924205.1
GCF_002925525.1_prophage_5,0.16659031507682487,0.22839405659706705,GCF_002925525.1
GCF_002927715.1_prophage_3,-0.6192035457731351,0.20316090295106656,GCF_002927715.1
GCF_002927735.1_prophage_1,0.11357469046238156,0.22067832242429233,GCF_002927735.1
GCF_002927755.1_prophage_1,-0.6592415127565696,-0.5233308331609041,GCF_002927755.1
GCF_002930245.1_prophage_2,0.23362079098733995,0.10325555617304599,GCF_002930245.1
GCF_002930405.1_prophage_1,-0.6358686038015628,-0.33669354522430417,GCF_002930405.1
GCF_002930735.1_prophage_1,-0.5636071059369437,0.21601822089261302,GCF_002930735.1
GCF_002941185.1_prophage_2,-0.1549099779498191,-0.318971893956259,GCF_002941185.1
GCF_002941285.1_prophage_4,-0.1399201119387389,0.7895876532929144,GCF_002941285.1
GCF_002941425.1_prophage_2,-0.37574260508644874,0.12906907607092477,GCF_002941425.1
GCF_002941445.1_prophage_1,-0.42849128295578104,0.6718825050622417,GCF_002941445.1
GCF_002941445.1_prophage_6,-0.1702918507802876,0.06376958209910032,GCF_002941445.1
GCF_002941525.1_prophage_1,0.7767992318006268,-0.30094994423009186,GCF_002941525.1
GCF_002941565.1_prophage_1,-0.49445953659942843,-0.06621507813756633,GCF_002941565.1
GCF_002941605.1_prophage_3,0.596290676081103,-0.3752463627517434,GCF_002941605.1
GCF_002941605.1_prophage_8,-0.6045440619842719,-0.30814669889594887,GCF_002941605.1
GCF_002941905.1_prophage_3,-0.2350277977752769,0.21726149645857365,GCF_002941905.1
GCF_002942485.1_prophage_2,-0.24194316540020477,-0.16734510704964486,GCF_002942485.1
GCF_002942505.1_prophage_4,-0.12395310453044547,0.280997621319049,GCF_002942505.1
GCF_002942625.1_prophage_1,-0.27475629205065333,-0.7344549610077221,GCF_002942625.1
GCF_002942665.1_prophage_5,0.36761064735838667,-0.6248844031248669,GCF_002942665.1
GCF_002942705.1_prophage_3,-0.18627160563350154,-0.13234157419169063,GCF_002942705.1
GCF_002942805.1_prophage_6,0.5076635370958551,-0.5662603838098565,GCF_002942805.1
GCF_002943145.1_prophage_1,-0.8212796145156681,-0.11920454122729751,GCF_002943145.1
GCF_002943285.1_prophage_3,0.215430609889336,-0.07185556085690113,GCF_002943285.1
GCF_002951675.1_prophage_7,-0.41255628492984153,0.684199634696502,GCF_002951675.1
GCF_002951735.1_prophage_2,-0.4243049563855794,0.22001654935826598,GCF_002951735.1
GCF_002951755.1_prophage_9,-0.06844763992939927,0.332843664681008,GCF_002951755.1
GCF_002952695.1_prophage_1,0.08568415142174837,-0.5867062326168706,GCF_002952695.1
GCF_002952955.1_prophage_2,-0.12673535054237103,-0.4586770586006388,GCF_002952955.1
GCF_002952995.1_prophage_3,0.02111772566271083,0.3026998819213166,GCF_002952995.1
GCF_002953095.1_prophage_2,-0.12057371295493423,-0.45903995852902446,GCF_002953095.1
GCF_002959225.1_prophage_1,0.1393441356485971,0.16176446755621304,GCF_002959225.1
GCF_002959275.1_prophage_2,0.487708674956179,0.23598490315676082,GCF_002959275.1
GCF_002959355.1_prophage_7,-0.07368412309692464,0.2588011911376637,GCF_002959355.1
GCF_002966145.1_prophage_3,-0.1205620437967254,-0.45904179514479904,GCF_002966145.1
GCF_002967885.2_prophage_6,-0.46422671741379573,-0.06113707997082785,GCF_002967885.2
GCF_002971045.1_prophage_3,-0.08633435485787182,-0.5945767408464151,GCF_002971045.1
GCF_002971195.1_prophage_2,0.33545536647590046,0.504606858407873,GCF_002971195.1
GCF_002971215.1_prophage_3,0.7124180407263875,-0.17984785050947125,GCF_002971215.1
GCF_002971585.1_prophage_1,0.08083504230580543,-0.7917313779313885,GCF_002971585.1
GCF_002972075.1_prophage_6,0.01605763287495452,0.45464844630892315,GCF_002972075.1
GCF_002972215.1_prophage_1,-0.635496385701959,0.22313549878110808,GCF_002972215.1
GCF_002972255.1_prophage_1,0.35881162749990264,-0.4522005128005558,GCF_002972255.1
GCF_002972435.1_prophage_1,-0.4523716930575393,-0.5554154052463859,GCF_002972435.1
GCF_002972535.1_prophage_8,0.19292102812585712,0.7779523856859886,GCF_002972535.1
GCF_002972595.1_prophage_3,-0.2181699929611824,-0.7992705699294759,GCF_002972595.1
GCF_002972665.1_prophage_4,0.00398922889552332,-0.2773844143824256,GCF_002972665.1
GCF_002972695.1_prophage_3,0.0023607165474698565,0.4212241983730457,GCF_002972695.1
GCF_002972775.1_prophage_1,0.34636352462565084,0.7109720680522773,GCF_002972775.1
GCF_002972795.1_prophage_1,0.2992421623589233,-0.4128507548936092,GCF_002972795.1
GCF_002972955.1_prophage_5,0.5594468115682265,-0.5112231376703562,GCF_002972955.1
GCF_002972955.1_prophage_7,-0.5508922986287239,-0.6035149725171218,GCF_002972955.1
GCF_002973195.1_prophage_3,-0.5628960522229749,0.5048771534006947,GCF_002973195.1
GCF_002973475.1_prophage_1,-0.058539018591112824,0.3606641520404301,GCF_002973475.1
GCF_002979635.1_prophage_2,0.5430392223949454,0.20852758585154413,GCF_002979635.1
GCF_002991735.1_prophage_5,0.6598789286591806,0.2183382220243898,GCF_002991735.1
GCF_002991825.1_prophage_3,-0.4689610013243302,-0.09399698664376417,GCF_002991825.1
GCF_002991885.1_prophage_5,-0.4096087073822916,-0.3369133464703217,GCF_002991885.1
GCF_002991895.1_prophage_1,-0.09799138143232627,0.26534157475440184,GCF_002991895.1
GCF_002991925.1_prophage_4,0.49280757637218897,-0.14027633942098347,GCF_002991925.1
GCF_002991965.1_prophage_3,0.19578311476235818,0.11953699252639484,GCF_002991965.1
GCF_002993515.1_prophage_2,-0.12823497321181296,-0.47911631308539093,GCF_002993515.1
GCF_002994975.1_prophage_2,-0.5810457183667395,-0.5442903419184035,GCF_002994975.1
GCF_003007855.1_prophage_1,0.27146720480722836,0.22715882957205574,GCF_003007855.1
GCF_003007935.1_prophage_3,0.11977728101856137,0.09364372538425296,GCF_003007935.1
GCF_003008935.1_prophage_4,0.028482083928084496,0.2125531729136209,GCF_003008935.1
GCF_003009035.1_prophage_1,-0.21454006978879644,-0.29994869926310935,GCF_003009035.1
GCF_003009205.1_prophage_2,-0.07640240447198629,-0.657972806947582,GCF_003009205.1
GCF_003009205.1_prophage_6,-0.3669310567433407,-0.6848944346490532,GCF_003009205.1
GCF_003009315.1_prophage_2,0.6416809126887338,-0.3408669308701021,GCF_003009315.1
GCF_003009715.1_prophage_1,0.455730393950313,-0.6252281076285924,GCF_003009715.1
GCF_003009875.1_prophage_2,-0.3101977128213827,-0.6856742725901627,GCF_003009875.1
GCF_003009995.1_prophage_4,-0.29220051581265094,-0.636905899996349,GCF_003009995.1
GCF_003010075.1_prophage_3,-0.24524532998974952,0.016337946757047566,GCF_003010075.1
GCF_003010285.1_prophage_4,0.559019623935002,0.613518272065255,GCF_003010285.1
GCF_003014805.1_prophage_2,-0.04488907924691293,0.7731959044761977,GCF_003014805.1
GCF_003014845.1_prophage_1,-0.557853117225325,0.0847473015414705,GCF_003014845.1
GCF_003015075.1_prophage_1,-0.5578531172673625,0.08474730123378109,GCF_003015075.1
GCF_003015075.1_prophage_4,0.5430582457456252,0.251278993729438,GCF_003015075.1
GCF_003015325.1_prophage_13,-0.5786083447581646,-0.15449854628082565,GCF_003015325.1
GCF_003015325.1_prophage_3,0.40191699158221406,0.17879702806931014,GCF_003015325.1
GCF_003017455.1_prophage_16,0.2866571454834356,0.03930177475705607,GCF_003017455.1
GCF_003017555.1_prophage_15,-0.07825859365540108,-0.1275210478995493,GCF_003017555.1
GCF_003017675.2_prophage_14,-0.16426542251302395,-0.7279652914715076,GCF_003017675.2
GCF_003017765.1_prophage_4,0.1930270907312541,0.28980097407615735,GCF_003017765.1
GCF_003017765.1_prophage_9,0.33988647993677923,0.2228905072672459,GCF_003017765.1
GCF_003017975.1_prophage_1,-0.22208669931351124,0.47301502930674133,GCF_003017975.1
GCF_003017995.1_prophage_1,-0.2175773228686808,0.2282762120217734,GCF_003017995.1
GCF_003018055.1_prophage_1,0.15645090825494085,0.2985090597025855,GCF_003018055.1
GCF_003018055.1_prophage_5,0.14596482385189719,0.21182615919725095,GCF_003018055.1
GCF_003018135.1_prophage_15,-0.012177357868808377,0.05643455215454717,GCF_003018135.1
GCF_003018215.1_prophage_5,0.3248218643617512,0.23128001669387188,GCF_003018215.1
GCF_003018315.1_prophage_3,0.15793087102671496,0.2962447690262029,GCF_003018315.1
GCF_003018355.1_prophage_4,0.7874806467727095,0.048321727329002556,GCF_003018355.1
GCF_003018375.1_prophage_13,0.009203778539066041,0.32944361179267084,GCF_003018375.1
GCF_003018535.1_prophage_19,0.004964503585489298,-0.3184982222368491,GCF_003018535.1
GCF_003018575.1_prophage_11,0.1744484060706968,0.2834581169684646,GCF_003018575.1
GCF_003018635.1_prophage_11,0.027875407726488294,-0.18885902607782973,GCF_003018635.1
GCF_003018635.1_prophage_6,0.22841053446061044,0.2533255687980072,GCF_003018635.1
GCF_003018775.1_prophage_8,0.1836439879196897,0.25545129644258485,GCF_003018775.1
GCF_003018795.1_prophage_12,-0.4607470008761975,-0.08827888660412299,GCF_003018795.1
GCF_003018795.1_prophage_7,0.13421351281444616,0.19697779179141772,GCF_003018795.1
GCF_003018835.2_prophage_11,-0.2797811542418727,0.14987049836094618,GCF_003018835.2
GCF_003018875.1_prophage_3,-0.7119182486537198,-0.08402194907243991,GCF_003018875.1
GCF_003018895.1_prophage_14,0.14345917330643906,0.22739367425373203,GCF_003018895.1
GCF_003018915.1_prophage_10,-0.12120179314335242,0.23058338677955587,GCF_003018915.1
GCF_003018915.1_prophage_2,0.18881147520952085,0.23141137072500012,GCF_003018915.1
GCF_003019055.1_prophage_7,0.3192236065435167,0.23496458529239592,GCF_003019055.1
GCF_003019075.1_prophage_12,0.17315294047785576,-0.5789318294371956,GCF_003019075.1
GCF_003019075.1_prophage_14,-0.3308238696955369,0.36835801131113416,GCF_003019075.1
GCF_003019155.1_prophage_11,-0.21703829846961187,0.18660878450289,GCF_003019155.1
GCF_003019155.1_prophage_13,0.3447480033285379,0.6721477623913957,GCF_003019155.1
GCF_003019215.1_prophage_1,-0.28461160413860853,0.13967238927891526,GCF_003019215.1
GCF_003024375.1_prophage_1,0.21242246465249107,0.19957473003814205,GCF_003024375.1
GCF_003027215.1_prophage_3,0.16489801509157417,-0.6746863898431701,GCF_003027215.1
GCF_003027335.1_prophage_3,-0.39211147833783727,0.6897534137046145,GCF_003027335.1
GCF_003027495.1_prophage_4,0.09341792047581016,0.18118489484163522,GCF_003027495.1
GCF_003027555.1_prophage_8,0.7124179953206765,-0.24072635766239656,GCF_003027555.1
GCF_003028075.1_prophage_1,-0.483396144951652,0.0417330099554601,GCF_003028075.1
GCF_003028205.1_prophage_3,-0.570766832418629,-0.5112919657643068,GCF_003028205.1
GCF_003028815.1_prophage_1,0.36244398466566996,0.5706686119644311,GCF_003028815.1
GCF_003030245.1_prophage_1,-0.4230128635748384,-0.005779021585894374,GCF_003030245.1
GCF_003048105.1_prophage_1,-0.6076660028837115,0.22314840923323787,GCF_003048105.1
GCF_003052645.1_prophage_6,-0.1297081174761967,-0.5172295387321197,GCF_003052645.1
GCF_003060125.1_prophage_7,-0.2552678784109617,-0.39566242736754687,GCF_003060125.1
GCF_003072445.1_prophage_7,0.10023120105479702,0.23862891340904527,GCF_003072445.1
GCF_003074475.1_prophage_7,0.17021393812510144,0.2444215245186132,GCF_003074475.1
GCF_003074495.1_prophage_6,-0.28820071031036437,0.19029676222764116,GCF_003074495.1
GCF_003076155.1_prophage_3,-0.397536657497039,-0.7245776856336246,GCF_003076155.1
GCF_003076195.1_prophage_5,0.713888759818355,-0.3956380599337695,GCF_003076195.1
GCF_003076255.1_prophage_1,-0.6390539973942134,0.4245394002982296,GCF_003076255.1
GCF_003076675.1_prophage_1,-0.5452449324431242,0.6210587088343218,GCF_003076675.1
GCF_003112185.1_prophage_1,-0.2187052776435067,0.22039558797307146,GCF_003112185.1
GCF_003112185.1_prophage_11,0.5031818735104144,-0.15552645748324392,GCF_003112185.1
GCF_003112185.1_prophage_7,0.3661749464707048,0.2028692251279044,GCF_003112185.1
GCF_003112205.1_prophage_3,0.3247505012338311,0.24862819991340968,GCF_003112205.1
GCF_003112225.1_prophage_5,0.17610575437815362,0.31380664478454307,GCF_003112225.1
GCF_003112245.1_prophage_11,0.15679965356486614,0.24946452399271754,GCF_003112245.1
GCF_003113135.1_prophage_8,-0.27577051494888166,-0.7169854346702365,GCF_003113135.1
GCF_003113515.1_prophage_4,-0.5151430645080625,0.23375399046169607,GCF_003113515.1
GCF_003113535.1_prophage_6,0.45972812392256923,0.19734531243243017,GCF_003113535.1
GCF_003113635.1_prophage_4,-0.10240942329027346,-0.7159641849149757,GCF_003113635.1
GCF_003113675.1_prophage_5,-0.3793251032215652,-0.030061419950763064,GCF_003113675.1
GCF_003113715.1_prophage_1,0.6792134297175472,0.42807926273752056,GCF_003113715.1
GCF_003113795.1_prophage_1,-0.44700428526270364,-0.11816965240257765,GCF_003113795.1
GCF_003114975.2_prophage_2,0.49332851321974697,-0.31380133188442955,GCF_003114975.2
GCF_003122965.2_prophage_2,-0.47183760035007094,-0.04723661952357421,GCF_003122965.2
GCF_003122965.2_prophage_5,0.27675352665180075,0.6550810074462494,GCF_003122965.2
GCF_003123055.1_prophage_6,-0.16705027975842476,-0.45990751542717034,GCF_003123055.1
GCF_003123115.1_prophage_8,-0.637530664822638,-0.10491185127612025,GCF_003123115.1
GCF_003123165.2_prophage_1,-0.6795003101023072,0.14624664827059902,GCF_003123165.2
GCF_003123235.2_prophage_5,0.6700805849859196,0.0020385102109545133,GCF_003123235.2
GCF_003123235.2_prophage_9,-0.40011073037150446,0.6833277433002671,GCF_003123235.2
GCF_003123415.1_prophage_1,-0.22976769568413877,-0.07188174963876243,GCF_003123415.1
GCF_003123495.2_prophage_4,0.4689155318036381,-0.43590630164580874,GCF_003123495.2
GCF_003123505.1_prophage_13,-0.2613732041272868,0.1490111378289068,GCF_003123505.1
GCF_003123525.1_prophage_3,-0.555303536094957,-0.6269071202286162,GCF_003123525.1
GCF_003123565.2_prophage_5,-0.16069641362972883,-0.24083536325852598,GCF_003123565.2
GCF_003143575.1_prophage_4,-0.12562967197233965,0.21974602036714014,GCF_003143575.1
GCF_003144955.1_prophage_4,0.4720421200137748,-0.6274080208405245,GCF_003144955.1
GCF_003145275.1_prophage_6,-0.4290104383901919,0.32010136045511306,GCF_003145275.1
GCF_003145355.1_prophage_2,-0.36746171350102763,0.18249142861313478,GCF_003145355.1
GCF_003145725.1_prophage_5,0.16941927794469,0.6567637149283078,GCF_003145725.1
GCF_003145835.1_prophage_4,-0.6238686788117038,0.1983708454106451,GCF_003145835.1
GCF_003145875.1_prophage_1,0.690922539484276,0.20976845208039524,GCF_003145875.1
GCF_003145895.1_prophage_1,0.6055947534667708,-0.538028367665719,GCF_003145895.1
GCF_003145975.1_prophage_6,0.15740742262653729,0.3422706454263486,GCF_003145975.1
GCF_003146175.1_prophage_2,-0.6555801031407984,0.21339089781633988,GCF_003146175.1
GCF_003146255.1_prophage_9,-0.47054131411243755,-0.00012080248319885101,GCF_003146255.1
GCF_003146295.1_prophage_8,-0.555609791644583,-0.3482703288380554,GCF_003146295.1
GCF_003146525.1_prophage_5,0.39019066693694454,-0.6636971702375433,GCF_003146525.1
GCF_003172225.1_prophage_4,-0.5708573137258433,-0.020418663409209774,GCF_003172225.1
GCF_003172275.1_prophage_4,-0.12091635551915315,-0.507132626378504,GCF_003172275.1
GCF_003172335.1_prophage_2,-0.4813256680223518,-0.05420632200340108,GCF_003172335.1
GCF_003172575.1_prophage_3,-0.12091437615260434,-0.5071325700690787,GCF_003172575.1
GCF_003172715.1_prophage_2,-0.12091362351741564,-0.507132546911955,GCF_003172715.1
GCF_003173235.1_prophage_7,0.012594985102609478,0.35962177708978993,GCF_003173235.1
GCF_003176215.1_prophage_1,-0.6371837007151597,0.059563182932004986,GCF_003176215.1
GCF_003176455.1_prophage_2,-0.041984369778392316,0.45664231165807373,GCF_003176455.1
GCF_003194125.1_prophage_1,0.17565946572135457,-0.5724963862990804,GCF_003194125.1
GCF_003203755.1_prophage_14,-0.18307107246703283,0.1494009900974078,GCF_003203755.1
GCF_003243605.1_prophage_3,0.4981461140424976,-0.45340754375945336,GCF_003243605.1
GCF_003243635.1_prophage_6,0.17912007857553183,0.28390103081485335,GCF_003243635.1
GCF_003243655.1_prophage_3,0.16168727666119861,0.7715154123848228,GCF_003243655.1
GCF_003255115.1_prophage_5,0.47960448586816906,-0.14931081643546293,GCF_003255115.1
GCF_003255255.1_prophage_2,0.7107002000045858,-0.25509864577209646,GCF_003255255.1
GCF_003255275.1_prophage_11,-0.6489217413787342,-0.13387667661435584,GCF_003255275.1
GCF_003255275.1_prophage_3,0.3470337268073202,0.48414629710686813,GCF_003255275.1
GCF_003255325.1_prophage_5,0.47938643876644677,-0.14954873320175277,GCF_003255325.1
GCF_003255355.1_prophage_9,-0.13050786672331405,-0.3206731687660809,GCF_003255355.1
GCF_003255505.1_prophage_4,0.674267343538825,-0.13063445644175314,GCF_003255505.1
GCF_003255545.1_prophage_6,-0.43665677856053736,-0.10645772907293131,GCF_003255545.1
GCF_003255545.1_prophage_9,0.11256471908077505,0.18869707706490615,GCF_003255545.1
GCF_003255555.1_prophage_3,-0.46001958221839406,-0.10109414330614788,GCF_003255555.1
GCF_003255655.1_prophage_8,-0.44548954767723536,-0.11388768031325372,GCF_003255655.1
GCF_003255705.1_prophage_5,-0.44427336809931367,-0.10459254756123057,GCF_003255705.1
GCF_003255705.1_prophage_8,-0.7121905504167101,0.2326595814638545,GCF_003255705.1
GCF_003268695.1_prophage_2,0.22014629976164216,0.24614512408969497,GCF_003268695.1
GCF_003288755.1_prophage_4,0.15149446205854494,0.13570190597994505,GCF_003288755.1
GCF_003290595.1_prophage_1,0.5826776185338652,0.2383039166934203,GCF_003290595.1
GCF_003290615.1_prophage_2,0.6622491310586713,-0.4874928125317926,GCF_003290615.1
GCF_003290625.1_prophage_2,0.013925256498093822,0.7059841594802698,GCF_003290625.1
GCF_003290675.1_prophage_3,-0.15987358956323444,-0.3617765379091323,GCF_003290675.1
GCF_003290695.1_prophage_1,0.4668350686073793,-0.6437339328170992,GCF_003290695.1
GCF_003290845.1_prophage_5,0.6714273126206627,0.20970887717188313,GCF_003290845.1
GCF_003290875.1_prophage_5,0.6417347112729246,0.3593568305897669,GCF_003290875.1
GCF_003291075.1_prophage_1,-0.33578300282138757,-0.14078693383033478,GCF_003291075.1
GCF_003291105.1_prophage_3,0.44854642524532357,0.0384761313125262,GCF_003291105.1
GCF_003291175.1_prophage_2,0.12107264942205907,0.16725808165229308,GCF_003291175.1
GCF_003291315.1_prophage_2,-1.0385778431024185e-05,0.40739947453382025,GCF_003291315.1
GCF_003291365.1_prophage_6,-0.32647948723428416,0.14257722855082594,GCF_003291365.1
GCF_003291425.1_prophage_1,-0.12766440664793652,0.27547786264375623,GCF_003291425.1
GCF_003291505.1_prophage_4,0.48217798227327513,0.16483812835774522,GCF_003291505.1
GCF_003291875.1_prophage_2,0.000433069833338863,0.2683680444310116,GCF_003291875.1
GCF_003291875.1_prophage_3,0.7101821743650145,0.4841981379503007,GCF_003291875.1
GCF_003291935.1_prophage_5,0.1397234301035791,0.16169906440074772,GCF_003291935.1
GCF_003291995.1_prophage_4,0.7346497704730861,-0.2651586611534214,GCF_003291995.1
GCF_003292315.1_prophage_6,-0.10389638628281596,0.26646261999704063,GCF_003292315.1
GCF_003292485.1_prophage_2,0.22862468397055086,0.24322394807226133,GCF_003292485.1
GCF_003292515.1_prophage_1,0.15827272566982906,-0.5870297524020215,GCF_003292515.1
GCF_003292535.1_prophage_2,0.385454016769472,-0.6677083394859253,GCF_003292535.1
GCF_003292595.1_prophage_3,0.4873469872988696,0.047560429506258134,GCF_003292595.1
GCF_003292855.1_prophage_1,-0.20929241669956378,-0.0888934529599546,GCF_003292855.1
GCF_003293065.1_prophage_1,-0.12766440664793655,0.27547786264375634,GCF_003293065.1
GCF_003293115.1_prophage_9,0.7362154956734777,-0.23684476353596065,GCF_003293115.1
GCF_003293145.1_prophage_2,-0.1402844327738072,0.0884508827262612,GCF_003293145.1
GCF_003293315.1_prophage_3,0.005387771967732124,0.42131445587751454,GCF_003293315.1
GCF_003293485.1_prophage_6,-0.1439900163624001,-0.32106996341540567,GCF_003293485.1
GCF_003297735.1_prophage_2,0.07401312968644619,-0.7946070938388923,GCF_003297735.1
GCF_003297955.1_prophage_1,-0.5970282149405088,-0.502131653929467,GCF_003297955.1
GCF_003298085.1_prophage_1,-0.4590893973367148,-0.5305371944260312,GCF_003298085.1
GCF_003298475.1_prophage_4,-0.4909835115652056,-0.021457707248576423,GCF_003298475.1
GCF_003298615.1_prophage_3,0.7171690754467122,0.415855417623405,GCF_003298615.1
GCF_003298705.1_prophage_6,0.4500978167579031,0.17605384648343383,GCF_003298705.1
GCF_003298885.1_prophage_3,0.45657861739021394,0.1902892489164309,GCF_003298885.1
GCF_003299005.1_prophage_4,-0.23730140398951877,0.33273946903523843,GCF_003299005.1
GCF_003299375.1_prophage_2,0.2619667711826508,0.7862169385685053,GCF_003299375.1
GCF_003299405.1_prophage_7,-0.1325627072931227,-0.8160575045179409,GCF_003299405.1
GCF_003299455.1_prophage_2,0.4453588422663832,-0.6160827307456683,GCF_003299455.1
GCF_003299605.1_prophage_4,0.6752457901594703,0.008835516233154409,GCF_003299605.1
GCF_003299705.1_prophage_6,-0.1301023103237314,0.1534679220624815,GCF_003299705.1
GCF_003299725.1_prophage_8,-0.3047047363860019,0.7768549875469507,GCF_003299725.1
GCF_003300035.1_prophage_2,0.7285224984026377,0.36146317186739435,GCF_003300035.1
GCF_003300195.1_prophage_3,-0.09328157776130984,-0.35502749501810055,GCF_003300195.1
GCF_003300245.1_prophage_6,0.06143934319440838,0.16866749816932064,GCF_003300245.1
GCF_003300795.1_prophage_4,-0.6556665752944261,-0.1386526729661795,GCF_003300795.1
GCF_003300865.1_prophage_3,-0.5427406001697277,0.04949784547510959,GCF_003300865.1
GCF_003301045.1_prophage_4,-0.6264745911702546,-0.46619176133471274,GCF_003301045.1
GCF_003301915.1_prophage_3,-0.4848126625766255,0.12857486358778608,GCF_003301915.1
GCF_003301965.1_prophage_1,0.8132257648189168,0.2182620942795986,GCF_003301965.1
GCF_003301995.1_prophage_2,0.8328205066926083,-0.13281124821176163,GCF_003301995.1
GCF_003302005.1_prophage_4,-0.48380623413131835,0.08531055802906408,GCF_003302005.1
GCF_003302125.1_prophage_5,-0.20163746683904485,0.23068465797873597,GCF_003302125.1
GCF_003302245.1_prophage_2,0.48033301442681825,0.012013752386041538,GCF_003302245.1
GCF_003302315.1_prophage_1,0.20050873372815411,-0.5805089557033776,GCF_003302315.1
GCF_003302435.1_prophage_1,-0.3371526818606776,-0.48425895043212,GCF_003302435.1
GCF_003302545.1_prophage_3,-0.6992091029294257,-0.12945637737113794,GCF_003302545.1
GCF_003302635.1_prophage_7,-0.5454195296107485,0.03246244804636094,GCF_003302635.1
GCF_003302665.1_prophage_9,0.05570993207587434,0.3855415775645398,GCF_003302665.1
GCF_003302735.1_prophage_6,-0.06815176816437817,0.40457767182136756,GCF_003302735.1
GCF_003302805.1_prophage_1,-0.19221236518555151,-0.3362197046882178,GCF_003302805.1
GCF_003302895.1_prophage_6,0.5227833262171121,0.06528842724260987,GCF_003302895.1
GCF_003303065.1_prophage_7,0.08126437112922402,0.174483519445226,GCF_003303065.1
GCF_003303135.1_prophage_1,0.46542698366134505,0.18803620183132194,GCF_003303135.1
GCF_003303255.1_prophage_2,0.6454851204613727,-0.5155024128714389,GCF_003303255.1
GCF_003303735.1_prophage_4,0.3871079926197605,0.7559569182439883,GCF_003303735.1
GCF_003303915.1_prophage_1,0.4638256710630643,-0.6303384412292924,GCF_003303915.1
GCF_003303975.1_prophage_2,0.16005832916449944,-0.574072212728937,GCF_003303975.1
GCF_003303985.1_prophage_2,0.057159382191385034,0.14217891673793656,GCF_003303985.1
GCF_003303985.1_prophage_3,0.4374888282176501,-0.6311841226713516,GCF_003303985.1
GCF_003304085.1_prophage_1,-0.12810511160168084,-0.3659386864947919,GCF_003304085.1
GCF_003304155.1_prophage_1,-0.22782607561161933,0.24960558522064472,GCF_003304155.1
GCF_003304205.1_prophage_1,0.12621124091942987,-0.6900487280215697,GCF_003304205.1
GCF_003304485.1_prophage_9,0.3824494978773498,-0.6708241223395622,GCF_003304485.1
GCF_003304655.1_prophage_3,0.49124993723612637,0.18752838063581542,GCF_003304655.1
GCF_003304715.1_prophage_5,0.027049119697711503,-0.8274592506291132,GCF_003304715.1
GCF_003304725.1_prophage_2,-0.1400196992256959,-0.31266052677463785,GCF_003304725.1
GCF_003304755.1_prophage_1,-0.0020629988880985425,0.35226904223226146,GCF_003304755.1
GCF_003305065.1_prophage_2,0.8232826642544943,-0.05912026445507993,GCF_003305065.1
GCF_003305215.1_prophage_5,0.8190699625931716,-0.07926020884605972,GCF_003305215.1
GCF_003305215.1_prophage_6,-0.45794308877382267,-0.6722059727193904,GCF_003305215.1
GCF_003305395.1_prophage_5,0.6917204916166019,-0.40346180351208016,GCF_003305395.1
GCF_003305635.1_prophage_3,-0.06815176807564004,0.4045776718185338,GCF_003305635.1
GCF_003305655.1_prophage_4,-0.5744334828726073,0.5752773787606301,GCF_003305655.1
GCF_003305815.1_prophage_3,-0.5915434847829147,0.5814055887694333,GCF_003305815.1
GCF_003306695.1_prophage_4,0.46662272751458506,0.6066220147670514,GCF_003306695.1
GCF_003306695.1_prophage_6,-0.5114375810197384,-0.31575371161322335,GCF_003306695.1
GCF_003306835.1_prophage_1,0.49821692223185277,0.47592305678372654,GCF_003306835.1
GCF_003306955.1_prophage_7,-0.6584636275438025,0.156085280569879,GCF_003306955.1
GCF_003307115.1_prophage_8,-0.35662020069838923,-0.6660205636690988,GCF_003307115.1
GCF_003307235.1_prophage_1,-0.006562716876940765,0.4015576597304617,GCF_003307235.1
GCF_003317105.1_prophage_1,0.13200256874178337,-0.710513235620443,GCF_003317105.1
GCF_003317215.1_prophage_5,0.6094430799115942,-0.4756436280010355,GCF_003317215.1
GCF_003317335.1_prophage_6,0.5253901061487416,0.5168974452764202,GCF_003317335.1
GCF_003317385.1_prophage_9,0.4359606286191468,0.18880576817488942,GCF_003317385.1
GCF_003317475.1_prophage_1,-0.36090035374548096,0.6901844290029094,GCF_003317475.1
GCF_003317575.1_prophage_2,0.8258162401440077,0.12066227921903722,GCF_003317575.1
GCF_003317655.1_prophage_2,-0.7568394359518907,-0.3795997322328177,GCF_003317655.1
GCF_003317755.1_prophage_3,0.5222570404040433,0.6594950848709482,GCF_003317755.1
GCF_003317755.1_prophage_7,-0.05648025193084839,0.24759670938988315,GCF_003317755.1
GCF_003317765.1_prophage_2,0.36700238908190935,0.07834949758030946,GCF_003317765.1
GCF_003317765.1_prophage_3,-0.4954570602208207,-0.6193359197295402,GCF_003317765.1
GCF_003317825.1_prophage_3,0.6304112930594788,0.3322422703280622,GCF_003317825.1
GCF_003317955.1_prophage_1,0.23757775608014078,0.19804416326139732,GCF_003317955.1
GCF_003317965.1_prophage_6,-0.02751462412003605,-0.7910127313889117,GCF_003317965.1
GCF_003318125.1_prophage_6,0.5940639846448198,-0.2675375625570004,GCF_003318125.1
GCF_003318555.1_prophage_4,0.5729163712764535,-0.24749169782061886,GCF_003318555.1
GCF_003318575.1_prophage_4,-0.23633899706110761,-0.1312809351837055,GCF_003318575.1
GCF_003318595.1_prophage_5,-0.1829617566152407,-0.7875861493743475,GCF_003318595.1
GCF_003318665.1_prophage_4,-0.4691907490215489,0.045821953347219405,GCF_003318665.1
GCF_003318855.1_prophage_2,-0.5959558884165725,0.19865255296383766,GCF_003318855.1
GCF_003318985.1_prophage_6,-0.07849257043586556,-0.3481303973750804,GCF_003318985.1
GCF_003319045.1_prophage_4,-0.06396509401450456,-0.42011887534687414,GCF_003319045.1
GCF_003319045.1_prophage_6,-0.5412666968837377,0.09390441374153029,GCF_003319045.1
GCF_003321645.1_prophage_3,0.7054050671803339,0.21446737299024968,GCF_003321645.1
GCF_003321805.1_prophage_5,-0.6756346569144563,0.1615289144077147,GCF_003321805.1
GCF_003321915.1_prophage_1,0.0951774140848573,0.7165425135468343,GCF_003321915.1
GCF_003322345.1_prophage_2,-0.03648666573598141,0.439155955259329,GCF_003322345.1
GCF_003322575.1_prophage_3,0.36265929513550654,-0.6180196207212297,GCF_003322575.1
GCF_003322745.1_prophage_2,0.3303776694545849,0.7757606268939281,GCF_003322745.1
GCF_003322925.1_prophage_1,0.569128885767182,-0.5158212698496418,GCF_003322925.1
GCF_003323235.1_prophage_3,0.34742065320599497,-0.6240329735493433,GCF_003323235.1
GCF_003327795.1_prophage_3,-0.44609843717165126,0.2037411733377481,GCF_003327795.1
GCF_003327805.1_prophage_1,-0.14739065305316693,0.12581417287476238,GCF_003327805.1
GCF_003328175.1_prophage_3,0.4036328716027817,-0.60321804132148,GCF_003328175.1
GCF_003333505.1_prophage_1,-0.04078580810190804,0.4408844848886099,GCF_003333505.1
GCF_003333855.1_prophage_3,-0.15928784196756363,-0.055217450165196226,GCF_003333855.1
GCF_003334145.1_prophage_3,0.2540354819324372,0.07665244230797541,GCF_003334145.1
GCF_003334305.1_prophage_3,0.37389319293373735,-0.6682297583985662,GCF_003334305.1
GCF_003334425.1_prophage_2,0.2939390125201257,0.10164953882519509,GCF_003334425.1
GCF_003334465.1_prophage_4,-0.4790393395665153,0.0491209514122972,GCF_003334465.1
GCF_003334585.1_prophage_2,0.03830061348210067,0.8260086000724632,GCF_003334585.1
GCF_003337975.1_prophage_4,-0.06355324742294509,0.5022406418001188,GCF_003337975.1
GCF_003338065.1_prophage_5,0.4463875235498625,-0.4152240010406132,GCF_003338065.1
GCF_003338295.1_prophage_5,-0.33953907680011014,-0.04063104073178918,GCF_003338295.1
GCF_003338455.1_prophage_1,0.4952114541130757,0.21124199681493722,GCF_003338455.1
GCF_003338525.1_prophage_3,-0.6113714393758813,0.16918686900085206,GCF_003338525.1
GCF_003338945.1_prophage_2,-0.4668708947121024,-0.08301664012213021,GCF_003338945.1
GCF_003339565.1_prophage_3,-0.058998827299730335,-0.8288580590062661,GCF_003339565.1
GCF_003340795.1_prophage_2,-0.6504495419138995,-0.13949214751947517,GCF_003340795.1
GCF_003342715.1_prophage_2,-0.2022147111532042,-0.3301370806211845,GCF_003342715.1
GCF_003351385.1_prophage_7,0.3674626504948804,-0.3975038447971972,GCF_003351385.1
GCF_003357245.1_prophage_4,0.2782764170073887,0.10765405539904037,GCF_003357245.1
GCF_003357405.1_prophage_2,-0.48702378446099986,-0.05998667949005327,GCF_003357405.1
GCF_003357645.1_prophage_2,0.14986253954567397,0.1627403478324883,GCF_003357645.1
GCF_003357995.1_prophage_1,-0.3841166686102799,0.2591092257894583,GCF_003357995.1
GCF_003358035.1_prophage_4,0.7968310650500001,-0.01859562599188214,GCF_003358035.1
GCF_003358175.1_prophage_1,-0.2693812019650707,0.2253150980345712,GCF_003358175.1
GCF_003358325.1_prophage_6,0.3528973166133085,-0.5955557921503926,GCF_003358325.1
GCF_003358485.1_prophage_1,0.07270386227863074,0.07892437338523607,GCF_003358485.1
GCF_003358695.1_prophage_1,-0.8297598147044426,-0.11379415569830507,GCF_003358695.1
GCF_003359415.1_prophage_3,-0.4016226727854734,0.688158460825632,GCF_003359415.1
GCF_003359615.1_prophage_3,-0.39024464271772574,-0.2682662712640561,GCF_003359615.1
GCF_003360055.1_prophage_5,0.33371360049554016,-0.16910927541938073,GCF_003360055.1
GCF_003360395.1_prophage_2,-0.5821337820842946,0.58623502629834,GCF_003360395.1
GCF_003360425.1_prophage_1,-0.7022279431790678,0.13831253576420025,GCF_003360425.1
GCF_003360615.1_prophage_2,0.3384195095754837,-0.16734488409991125,GCF_003360615.1
GCF_003361405.1_prophage_2,-0.06754742913009947,-0.6159549995844453,GCF_003361405.1
GCF_003361455.1_prophage_4,0.6388418348204082,0.3015215614914295,GCF_003361455.1
GCF_003361495.1_prophage_1,-0.6735958158336246,-0.1091795840481829,GCF_003361495.1
GCF_003361495.1_prophage_5,-0.4042591056351603,0.670676522252143,GCF_003361495.1
GCF_003361815.1_prophage_1,0.7429443789460956,0.1805867265758101,GCF_003361815.1
GCF_003361825.1_prophage_2,-0.23874490879763263,-0.7476206668547579,GCF_003361825.1
GCF_003361935.1_prophage_1,-0.34640309951733533,-0.5794816437259566,GCF_003361935.1
GCF_003361935.1_prophage_2,-0.6088541141357289,0.5587930447485112,GCF_003361935.1
GCF_003361965.1_prophage_3,-0.3158287306959618,-0.6828669740164409,GCF_003361965.1
GCF_003362035.1_prophage_3,0.48824932605299465,0.24090043459879698,GCF_003362035.1
GCF_003362255.1_prophage_1,0.3274143470721737,-0.5007020344573601,GCF_003362255.1
GCF_003362425.1_prophage_3,-0.3908575872521939,-0.2668452891094671,GCF_003362425.1
GCF_003362425.1_prophage_4,0.57544157177646,0.20781180853364864,GCF_003362425.1
GCF_003362495.1_prophage_4,0.015162263249599663,0.6466712845045877,GCF_003362495.1
GCF_003362555.1_prophage_1,-0.22019522476011677,-0.6908686001796469,GCF_003362555.1
GCF_003362595.1_prophage_5,-0.40350054169483224,-0.6420700135779763,GCF_003362595.1
GCF_003362615.1_prophage_1,-0.3551176445779449,0.6987796256890657,GCF_003362615.1
GCF_003367575.1_prophage_5,0.2155352514034848,0.2460524823195821,GCF_003367575.1
GCF_003368385.2_prophage_16,-0.01042108910094064,0.4716497596720894,GCF_003368385.2
GCF_003368385.2_prophage_7,-0.2471629380868173,0.1835671503179352,GCF_003368385.2
GCF_003368435.2_prophage_18,-0.04709405770602348,0.4438176628430813,GCF_003368435.2
GCF_003368525.2_prophage_15,-0.045649546728056364,0.444560470401395,GCF_003368525.2
GCF_003388275.1_prophage_1,-0.0014842367496065484,0.4019146787871305,GCF_003388275.1
GCF_003388285.1_prophage_3,-0.4973417310890087,-0.06352687172688021,GCF_003388285.1
GCF_003389165.1_prophage_1,0.3957416173238759,-0.6723802586391752,GCF_003389165.1
GCF_003389165.1_prophage_6,0.6624037698665841,-0.4436098933741615,GCF_003389165.1
GCF_003399775.2_prophage_5,-0.1931282194794042,-0.32479842779432005,GCF_003399775.2
GCF_003399815.1_prophage_1,0.1020829435295408,0.23508059058149083,GCF_003399815.1
GCF_003399865.1_prophage_6,0.7878362500441081,-0.2632217202632956,GCF_003399865.1
GCF_003399885.2_prophage_3,0.12903885466247583,0.19190768398436908,GCF_003399885.2
GCF_003399955.1_prophage_3,0.10692105987171963,0.07678204154802143,GCF_003399955.1
GCF_003400975.1_prophage_2,-0.25196068245626163,0.22622448254405908,GCF_003400975.1
GCF_003402785.1_prophage_5,-0.10885717438014354,-0.7257760260779669,GCF_003402785.1
GCF_003409875.1_prophage_3,-0.022498790969815448,0.7812695902703317,GCF_003409875.1
GCF_003418045.1_prophage_4,-0.03822376226057014,-0.31915545678840007,GCF_003418045.1
GCF_003418215.1_prophage_2,-0.596683298070514,0.19198538883883268,GCF_003418215.1
GCF_003418725.1_prophage_3,-0.13752772363101662,-0.8140744088458588,GCF_003418725.1
GCF_003427565.1_prophage_1,-0.6581773153274715,0.15630901519984738,GCF_003427565.1
GCF_003427585.1_prophage_1,0.6454630123771312,0.4577047608017584,GCF_003427585.1
GCF_003427775.1_prophage_1,-0.18280258958937304,0.2244915994992299,GCF_003427775.1
GCF_003427805.1_prophage_1,-0.3367305804143023,-0.16281758829140341,GCF_003427805.1
GCF_003428055.1_prophage_1,-0.18280258958937304,0.22449159949923042,GCF_003428055.1
GCF_003428095.1_prophage_2,0.21452559780765978,0.11781441071701168,GCF_003428095.1
GCF_003428095.1_prophage_4,-0.24641318093522005,0.7877776838933611,GCF_003428095.1
GCF_003439405.1_prophage_1,0.02173338642206517,0.8144671148324327,GCF_003439405.1
GCF_003443815.1_prophage_2,-0.5648316885723234,-0.15313938455785087,GCF_003443815.1
GCF_003467875.1_prophage_3,0.3837221280215136,-0.6697976891160274,GCF_003467875.1
GCF_003471095.1_prophage_1,0.14040844610711875,-0.6264635102510413,GCF_003471095.1
GCF_003491165.1_prophage_2,0.4300564965302385,-0.09054776900248801,GCF_003491165.1
GCF_003499255.1_prophage_1,-0.04086320856965631,0.42375454527333134,GCF_003499255.1
GCF_003546145.1_prophage_3,-0.49252663882466263,-0.410270868874324,GCF_003546145.1
GCF_003570185.1_prophage_3,-0.3169617080519127,-0.5369109155138113,GCF_003570185.1
GCF_003570205.1_prophage_2,-0.0004992253601253068,0.38905169141476564,GCF_003570205.1
GCF_003570475.1_prophage_3,0.38365036337699976,0.1829916824715554,GCF_003570475.1
GCF_003570525.1_prophage_3,-0.6494589529769702,-0.21511871957016,GCF_003570525.1
GCF_003583465.1_prophage_2,-0.009092657203257252,0.7813557638615263,GCF_003583465.1
GCF_003584245.1_prophage_1,-0.6336452284648613,-0.3754365108126652,GCF_003584245.1
GCF_003586065.1_prophage_7,0.16026374906542182,0.24278959629173952,GCF_003586065.1
GCF_003601935.1_prophage_4,-0.23750296585843025,0.3326814682917068,GCF_003601935.1
GCF_003627855.1_prophage_5,0.134943009202346,0.19635000302847722,GCF_003627855.1
GCF_003651265.1_prophage_5,0.449132945780799,0.1950257714927881,GCF_003651265.1
GCF_003651375.1_prophage_3,0.534398527972539,-0.2733111248175508,GCF_003651375.1
GCF_003666405.1_prophage_4,-0.22032226025519672,0.7026274472213561,GCF_003666405.1
GCF_003667385.1_prophage_3,0.43787629130270256,-0.6368555647238187,GCF_003667385.1
GCF_003686325.1_prophage_2,0.24716316438340125,-0.08774420158979956,GCF_003686325.1
GCF_003686325.1_prophage_4,0.5909228238581982,0.23277507201809355,GCF_003686325.1
GCF_003686585.1_prophage_5,-0.36795041221720803,-0.753673739888697,GCF_003686585.1
GCF_003686645.1_prophage_6,0.4383172678423632,-0.643235053276046,GCF_003686645.1
GCF_003686645.1_prophage_8,0.10217004933028846,-0.7040640363984403,GCF_003686645.1
GCF_003686735.1_prophage_3,0.5240597846904436,0.5867347678357084,GCF_003686735.1
GCF_003686735.1_prophage_5,0.10083574315928616,-0.7968565316355063,GCF_003686735.1
GCF_003686855.1_prophage_1,0.6224502573193555,0.22035392517808514,GCF_003686855.1
GCF_003703795.1_prophage_1,0.13265279721603154,0.1379391293037177,GCF_003703795.1
GCF_003711045.1_prophage_3,-0.47792970402299534,0.1329857777673638,GCF_003711045.1
GCF_003719695.1_prophage_5,0.43555247362994354,-0.6393093083064906,GCF_003719695.1
GCF_003721775.1_prophage_5,-0.6396356366513023,0.019639671585203383,GCF_003721775.1
GCF_003721895.1_prophage_2,0.5448530946631651,0.2326400041650493,GCF_003721895.1
GCF_003721995.1_prophage_3,-0.6460085653549955,0.10455931894884289,GCF_003721995.1
GCF_003722035.1_prophage_4,0.3247259218593104,0.558870695229448,GCF_003722035.1
GCF_003722195.1_prophage_15,-0.06853756625114305,0.17373511748122883,GCF_003722195.1
GCF_003730415.1_prophage_5,-0.6831314007642194,-0.16533028523632948,GCF_003730415.1
GCF_003730435.1_prophage_2,0.4359601079236517,0.18880558926172222,GCF_003730435.1
GCF_003730445.1_prophage_1,0.624967865562646,-0.2256153218386139,GCF_003730445.1
GCF_003730475.1_prophage_1,-0.011612853186460262,0.8404999482393151,GCF_003730475.1
GCF_003730765.1_prophage_1,-0.041685690921149925,0.1426944063101831,GCF_003730765.1
GCF_003730825.1_prophage_5,-0.5158342361473917,-0.3120855302118402,GCF_003730825.1
GCF_003730875.1_prophage_2,0.4359606273639429,0.18880578690359298,GCF_003730875.1
GCF_003730925.1_prophage_2,0.6551980265017867,0.5109151665250657,GCF_003730925.1
GCF_003731135.1_prophage_1,0.0005060975957036792,0.33958716376203724,GCF_003731135.1
GCF_003731355.1_prophage_4,-0.21210453588965889,0.8174843410934604,GCF_003731355.1
GCF_003795405.1_prophage_5,-0.14090735364868603,0.652912711598284,GCF_003795405.1
GCF_003795405.1_prophage_6,-0.5887321042894131,0.5886400481539918,GCF_003795405.1
GCF_003812945.1_prophage_8,0.11625413096432415,0.2484381333962308,GCF_003812945.1
GCF_003829805.1_prophage_3,0.1725083140156504,0.10374375723339843,GCF_003829805.1
GCF_003829805.1_prophage_5,-0.6367905654008352,-0.15300563246073204,GCF_003829805.1
GCF_003829855.1_prophage_6,-0.5451166517584066,-0.5566676661091555,GCF_003829855.1
GCF_003829865.1_prophage_3,-0.6621784208194691,0.390656421506914,GCF_003829865.1
GCF_003829915.1_prophage_2,-0.615753455261361,-0.17105402320667654,GCF_003829915.1
GCF_003829915.1_prophage_4,-0.7095934223733175,-0.09855500876685773,GCF_003829915.1
GCF_003829925.1_prophage_5,-0.6157511483333824,-0.17105872603455763,GCF_003829925.1
GCF_003829985.1_prophage_8,-0.5974854302860029,-0.3101322796420544,GCF_003829985.1
GCF_003830105.1_prophage_3,0.6010101977466367,0.5084759764161915,GCF_003830105.1
GCF_003830105.1_prophage_6,-0.16212304632821406,0.2064239036779682,GCF_003830105.1
GCF_003830155.1_prophage_3,-0.5952828423250167,-0.48124054423465773,GCF_003830155.1
GCF_003830985.1_prophage_2,-0.218470378665085,0.14699329125075805,GCF_003830985.1
GCF_003850685.1_prophage_1,0.4721849957500993,0.17068697059488303,GCF_003850685.1
GCF_003856615.1_prophage_9,0.8210936078212626,0.21529154930983455,GCF_003856615.1
GCF_003856635.1_prophage_2,-0.5104172391410595,-0.6211895761561458,GCF_003856635.1
GCF_003856675.1_prophage_6,-0.4916116797146439,-0.056757201343709825,GCF_003856675.1
GCF_003858725.1_prophage_3,-0.4729244871738604,-0.0756153466605793,GCF_003858725.1
GCF_003859235.1_prophage_1,-0.015788650388659446,0.31862260952269716,GCF_003859235.1
GCF_003859245.1_prophage_3,-0.4729244871549662,-0.07561534697787364,GCF_003859245.1
GCF_003859345.1_prophage_2,-0.23413264817513188,0.7124542636787156,GCF_003859345.1
GCF_003860185.1_prophage_2,0.39934380319195595,-0.6057698835131782,GCF_003860185.1
GCF_003864835.1_prophage_5,0.7711655276497934,0.21621690334673688,GCF_003864835.1
GCF_003864875.2_prophage_1,-0.12271408859936214,-0.3604850331139437,GCF_003864875.2
GCF_003885035.1_prophage_2,-0.5629915015871774,-0.618730741214359,GCF_003885035.1
GCF_003885215.1_prophage_8,0.26488661038205086,0.10889750371992057,GCF_003885215.1
GCF_003885915.1_prophage_6,-0.4874612640084348,-0.6248956181280519,GCF_003885915.1
GCF_003886005.1_prophage_2,-0.22605982265212912,0.33824916930669263,GCF_003886005.1
GCF_003886175.1_prophage_7,0.6838012130760149,-0.2687508912281043,GCF_003886175.1
GCF_003886245.1_prophage_1,0.11837038175113415,0.19858003300928645,GCF_003886245.1
GCF_003886295.1_prophage_1,-0.17728337624603102,-0.3286306042677855,GCF_003886295.1
GCF_003886375.1_prophage_3,0.1386226720782684,0.19630706694459327,GCF_003886375.1
GCF_003892455.1_prophage_5,0.45097220050411235,-0.6296240941610574,GCF_003892455.1
GCF_003892455.1_prophage_6,-0.046051042090299865,0.4473182696944632,GCF_003892455.1
GCF_003892485.1_prophage_1,-0.13259945088785652,0.20074369316521076,GCF_003892485.1
GCF_003945485.1_prophage_3,0.0210819029043922,0.30247291042158786,GCF_003945485.1
GCF_003956165.1_prophage_2,0.4710052571614296,0.18626097368921624,GCF_003956165.1
GCF_003956185.1_prophage_4,0.16971718949564102,0.2561093707289744,GCF_003956185.1
GCF_003956265.1_prophage_7,-0.020611195916146432,0.3306512230906037,GCF_003956265.1
GCF_003956305.1_prophage_1,0.15619519424540412,-0.8209285871460816,GCF_003956305.1
GCF_003956325.1_prophage_5,-0.10963734226384045,0.10854357356805899,GCF_003956325.1
GCF_003956445.1_prophage_2,0.2777818035462805,0.0929877481935315,GCF_003956445.1
GCF_003956445.1_prophage_3,0.6568475830649712,-0.09073999471453681,GCF_003956445.1
GCF_003956465.1_prophage_4,0.34272634450085315,0.5726689660621378,GCF_003956465.1
GCF_003966425.1_prophage_4,-0.07378276994431376,-0.01648460292683408,GCF_003966425.1
GCF_003966465.1_prophage_16,-0.02332869511681717,0.08447855808454968,GCF_003966465.1
GCF_003966465.1_prophage_4,0.19170359547562563,0.26920590375173586,GCF_003966465.1
GCF_003980375.1_prophage_6,-0.807691428701768,0.1822162380785464,GCF_003980375.1
GCF_003980455.1_prophage_2,0.2916131875688566,0.6632331300279992,GCF_003980455.1
GCF_003980495.1_prophage_1,0.12920131861329975,0.05292850075977849,GCF_003980495.1
GCF_003980525.1_prophage_8,0.6234250452026856,-0.26413747795538234,GCF_003980525.1
GCF_003980665.1_prophage_3,0.09512360632688419,0.3401269552316633,GCF_003980665.1
GCF_003980855.1_prophage_7,-0.27419778978948633,0.7746000989460068,GCF_003980855.1
GCF_003980985.1_prophage_3,0.5890048375255125,0.37183486988342707,GCF_003980985.1
GCF_003981055.1_prophage_1,-0.012230257569096197,0.3755774426810906,GCF_003981055.1
GCF_003981145.1_prophage_6,-0.2527402173526961,-0.45873319426070885,GCF_003981145.1
GCF_003981235.1_prophage_4,-0.1419650709690146,-0.28067918768250155,GCF_003981235.1
GCF_003981275.1_prophage_3,-0.5937613740214819,0.6003011686755367,GCF_003981275.1
GCF_003981435.1_prophage_4,-0.2476896955235647,-0.46136145718367727,GCF_003981435.1
GCF_003981445.1_prophage_1,-0.46252009798129884,-0.1045712128660114,GCF_003981445.1
GCF_003981445.1_prophage_2,0.4779461970764331,0.19705275746196585,GCF_003981445.1
GCF_003981475.1_prophage_5,-0.487750469273641,-0.12881411951412755,GCF_003981475.1
GCF_003981555.1_prophage_2,-0.012619701505490032,0.3767430746137176,GCF_003981555.1
GCF_003981975.1_prophage_1,0.24239418512905783,0.22656441361058657,GCF_003981975.1
GCF_003982065.1_prophage_2,0.1944458342190912,0.22644656468162222,GCF_003982065.1
GCF_003982155.1_prophage_3,0.17736101283062272,-0.5747438000044789,GCF_003982155.1
GCF_003982155.1_prophage_4,0.47764183109889363,-0.6165722650066058,GCF_003982155.1
GCF_003982275.1_prophage_2,0.5534691495046946,-0.5467662359512335,GCF_003982275.1
GCF_003982355.1_prophage_3,0.17724346057117538,-0.5748269424317756,GCF_003982355.1
GCF_003982365.1_prophage_2,0.6931920985027028,-0.08911530374434663,GCF_003982365.1
GCF_003982445.1_prophage_1,0.5012398098656968,-0.40923949380368163,GCF_003982445.1
GCF_003982495.1_prophage_1,0.12150046152092721,-0.7424218729899476,GCF_003982495.1
GCF_003982755.1_prophage_2,-0.3401303576880983,0.7124675871719779,GCF_003982755.1
GCF_003982765.1_prophage_1,0.6357523533673084,-0.4767014221431996,GCF_003982765.1
GCF_003982895.1_prophage_5,-0.012619701505742724,0.3767430746137053,GCF_003982895.1
GCF_003983055.1_prophage_1,0.44221626783968954,0.1873718396262059,GCF_003983055.1
GCF_003983155.1_prophage_3,0.0977483539939962,-0.5392570987191315,GCF_003983155.1
GCF_003983435.1_prophage_5,-0.37791514133164184,0.3027992482943756,GCF_003983435.1
GCF_003983585.1_prophage_5,0.6976956945759574,-0.23475664840823326,GCF_003983585.1
GCF_003983595.1_prophage_3,0.4812262646637756,-0.34696511441813327,GCF_003983595.1
GCF_003983615.1_prophage_2,0.17724104624378575,-0.5748286453322407,GCF_003983615.1
GCF_003983685.1_prophage_2,0.2091986691329357,0.24986456679293398,GCF_003983685.1
GCF_003983725.1_prophage_2,0.4606431457238874,-0.6338986397416124,GCF_003983725.1
GCF_003983725.1_prophage_4,-0.6363468896978804,0.10804309738483285,GCF_003983725.1
GCF_003983795.1_prophage_3,-0.010833087305813704,0.6679522622400201,GCF_003983795.1
GCF_003984145.1_prophage_3,0.6570212324149391,0.2674227648947223,GCF_003984145.1
GCF_003984145.1_prophage_6,-0.012619701506693979,0.37674307461367246,GCF_003984145.1
GCF_003984195.1_prophage_2,0.47304532680857514,-0.621012726114136,GCF_003984195.1
GCF_003984275.1_prophage_3,0.1965552303091216,0.2917378783435321,GCF_003984275.1
GCF_003988315.1_prophage_5,-0.23910602359417674,0.20267583471719905,GCF_003988315.1
GCF_003988315.1_prophage_6,-0.5260324778912258,-0.6509164781867046,GCF_003988315.1
GCF_003999775.1_prophage_10,-0.17219473581329664,0.2322356783837935,GCF_003999775.1
GCF_003999815.1_prophage_3,-0.20089780385621694,0.7010459224904297,GCF_003999815.1
GCF_004000365.1_prophage_1,-0.5026523877105129,-0.5696087853908843,GCF_004000365.1
GCF_004001145.1_prophage_4,0.20143179947300927,0.25482006587066036,GCF_004001145.1
GCF_004005005.1_prophage_1,-0.356292987790456,-0.4827931951395171,GCF_004005005.1
GCF_004005345.1_prophage_4,0.007200190940066976,0.3975774138739922,GCF_004005345.1
GCF_004005785.1_prophage_1,0.5556862239161237,-0.5329792345376158,GCF_004005785.1
GCF_004010575.1_prophage_6,0.18333260107442367,0.20953279499870242,GCF_004010575.1
GCF_004010615.1_prophage_4,0.17152177325930548,0.2620404217792656,GCF_004010615.1
GCF_004010635.1_prophage_8,0.19768021644679165,0.2525268253017751,GCF_004010635.1
GCF_004010655.1_prophage_1,0.1921121407063915,0.2479326920323039,GCF_004010655.1
GCF_004010675.1_prophage_2,-0.2366946401088692,-0.7726523078932582,GCF_004010675.1
GCF_004010675.1_prophage_6,0.15608820625715625,0.2983807232211882,GCF_004010675.1
GCF_004010695.1_prophage_2,-0.2473499682095725,0.20218217857172194,GCF_004010695.1
GCF_004014735.1_prophage_7,-0.6273293487165241,0.19178980120086375,GCF_004014735.1
GCF_004014735.1_prophage_8,0.01592921256490729,0.73523108713205,GCF_004014735.1
GCF_004025925.1_prophage_6,0.8032593648787596,0.29568203912195773,GCF_004025925.1
GCF_004025935.1_prophage_9,0.4377007674078218,0.16909264397307838,GCF_004025935.1
GCF_004026045.1_prophage_6,-0.12419237176610662,0.28028409472712473,GCF_004026045.1
GCF_004026055.1_prophage_4,-0.3737689154667897,0.759892125517938,GCF_004026055.1
GCF_004026055.1_prophage_9,0.05570907064577235,0.38552661295246554,GCF_004026055.1
GCF_004100085.1_prophage_4,-0.30335310315912556,0.3053217717178127,GCF_004100085.1
GCF_004100285.1_prophage_4,-0.06440653127892482,0.49746422538340684,GCF_004100285.1
GCF_004100305.1_prophage_12,0.6248323104169683,0.0684205859373812,GCF_004100305.1
GCF_004100305.1_prophage_4,0.18637989413993164,0.25370590818573086,GCF_004100305.1
GCF_004100395.1_prophage_3,-0.141533235563383,0.2773884761922265,GCF_004100395.1
GCF_004100395.1_prophage_4,-0.6149905909448576,-0.34697306170943876,GCF_004100395.1
GCF_004100655.1_prophage_4,-0.5411647087915635,0.09367058158225136,GCF_004100655.1
GCF_004100725.1_prophage_4,-0.20939704494203315,0.78579800481705,GCF_004100725.1
GCF_004100735.1_prophage_4,-0.34208977769844745,-0.7577161355281093,GCF_004100735.1
GCF_004100835.1_prophage_6,-0.49981089812893115,-0.08979217206353256,GCF_004100835.1
GCF_004101055.1_prophage_3,-0.19904464240810923,0.1609492958975872,GCF_004101055.1
GCF_004101145.1_prophage_1,0.6577650585463883,-0.21393808572512193,GCF_004101145.1
GCF_004101155.1_prophage_4,0.393916943679761,0.6274116309613402,GCF_004101155.1
GCF_004116695.1_prophage_2,0.01834052669208222,0.25325140558200027,GCF_004116695.1
GCF_004116855.1_prophage_7,0.1274394931590211,0.2147945916260561,GCF_004116855.1
GCF_004118915.1_prophage_10,0.200775447024281,0.2508497924423771,GCF_004118915.1
GCF_004118915.1_prophage_15,0.24032982530167002,-0.04576315916847562,GCF_004118915.1
GCF_004120975.1_prophage_3,0.019459092664646578,-0.0034932789763152186,GCF_004120975.1
GCF_004122295.1_prophage_2,-0.743932301896592,-0.31951138652498895,GCF_004122295.1
GCF_004122395.1_prophage_1,0.11113344410797754,0.24067280639508545,GCF_004122395.1
GCF_004122525.1_prophage_1,-0.049376440331523934,-0.8283960639347828,GCF_004122525.1
GCF_004137365.1_prophage_11,0.26359446468056813,0.21328804027195825,GCF_004137365.1
GCF_004137365.1_prophage_13,0.2470289914991152,0.39696891057605793,GCF_004137365.1
GCF_004137365.1_prophage_2,-0.24868447802838006,0.2026049950981098,GCF_004137365.1
GCF_004145705.1_prophage_4,-0.5131825574775708,-0.3393073125779698,GCF_004145705.1
GCF_004151095.1_prophage_3,-0.16826742650893473,0.3341219079166674,GCF_004151095.1
GCF_004153055.1_prophage_2,0.44303355629141716,-0.6288166665716485,GCF_004153055.1
GCF_004153125.1_prophage_2,-0.6584647973831435,0.15608185340381955,GCF_004153125.1
GCF_004170465.1_prophage_4,-0.6242324805444813,-0.2923867849026957,GCF_004170465.1
GCF_004170475.1_prophage_4,0.3734768058300123,-0.6216545355588107,GCF_004170475.1
GCF_004170765.1_prophage_1,0.029033068210843074,0.34115608623972293,GCF_004170765.1
GCF_004171175.1_prophage_1,-0.2649840759050545,-0.42004536035667345,GCF_004171175.1
GCF_004171315.1_prophage_2,0.6450223608328215,0.21547355642156563,GCF_004171315.1
GCF_004171555.1_prophage_5,-0.6151185267308831,-0.3710361232102153,GCF_004171555.1
GCF_004171565.1_prophage_4,-0.22209720842331335,-0.2697621582241207,GCF_004171565.1
GCF_004171605.1_prophage_2,-0.3144704020148445,-0.6635402903161048,GCF_004171605.1
GCF_004172045.1_prophage_3,0.10181038417974526,-0.678632654102914,GCF_004172045.1
GCF_004172115.1_prophage_4,-0.6745610832985255,-0.20419822153773579,GCF_004172115.1
GCF_004172215.1_prophage_5,-0.3649376989366561,-0.469506514106155,GCF_004172215.1
GCF_004193155.1_prophage_1,-0.3902291128915761,-0.26828880802576743,GCF_004193155.1
GCF_004193155.1_prophage_6,-0.19414111358824995,0.05521647590555973,GCF_004193155.1
GCF_004282295.1_prophage_3,-0.2748443083584436,-0.4761612135171889,GCF_004282295.1
GCF_004282585.1_prophage_1,0.02550961483305321,0.718000978373402,GCF_004282585.1
GCF_004282635.1_prophage_4,0.3598020741196032,0.6369356116871437,GCF_004282635.1
GCF_004282645.1_prophage_4,0.19721425178004812,0.2834931727183851,GCF_004282645.1
GCF_004282685.1_prophage_2,0.5290795123104138,0.21627867615490837,GCF_004282685.1
GCF_004283295.1_prophage_2,0.45504512011750575,0.17842304947405643,GCF_004283295.1
GCF_004283415.1_prophage_3,-0.4330561695473567,-0.07064226662951563,GCF_004283415.1
GCF_004283435.1_prophage_4,-0.08932521866520138,-0.388599955538411,GCF_004283435.1
GCF_004283725.1_prophage_6,0.5336696037473826,0.21587424965378496,GCF_004283725.1
GCF_004283855.1_prophage_1,0.25139046236999324,0.7384342664667715,GCF_004283855.1
GCF_004283945.1_prophage_3,0.4536315928540553,0.179757165305214,GCF_004283945.1
GCF_004284005.1_prophage_8,0.41314117134863293,-0.6537248185633837,GCF_004284005.1
GCF_004284165.1_prophage_3,0.24339800617665305,0.08811582481355708,GCF_004284165.1
GCF_004284235.1_prophage_3,-0.6616250890510028,0.09326633455773636,GCF_004284235.1
GCF_004284435.1_prophage_2,-0.5915234378515186,0.07549266836348476,GCF_004284435.1
GCF_004309665.1_prophage_7,-0.6472309414499748,0.24146827488737005,GCF_004309665.1
GCF_004331785.1_prophage_5,0.4753482250157164,-0.15996134574325424,GCF_004331785.1
GCF_004344805.1_prophage_1,-0.21296670683376134,0.22387009239195482,GCF_004344805.1
GCF_004344875.1_prophage_4,0.016608236289334576,-0.20812444002988656,GCF_004344875.1
GCF_004355105.2_prophage_5,-0.12091449464288913,-0.5071325736773271,GCF_004355105.2
GCF_004357845.1_prophage_3,0.4762553452105623,0.1747482070619444,GCF_004357845.1
GCF_004358365.1_prophage_4,-0.3075810999634669,0.13768628812835015,GCF_004358365.1
GCF_004358985.1_prophage_2,-0.29659475786444267,0.1306541602899049,GCF_004358985.1
GCF_004368015.1_prophage_4,-0.3141245566845268,0.1379184152689891,GCF_004368015.1
GCF_004377725.1_prophage_5,0.22112191862074687,-0.07207160367199625,GCF_004377725.1
GCF_004377895.1_prophage_4,0.11587104764277784,0.737379632778666,GCF_004377895.1
GCF_004377985.1_prophage_3,-0.14551962305953903,0.7831469239311621,GCF_004377985.1
GCF_004378205.1_prophage_1,-0.5376419454726621,0.654263910167574,GCF_004378205.1
GCF_004380335.1_prophage_4,-0.017610273413210264,0.2318514267578232,GCF_004380335.1
GCF_004380335.1_prophage_5,-0.23428779588829268,-0.08439255169614812,GCF_004380335.1
GCF_004380355.1_prophage_4,-0.12786312105974917,-0.47679324338587414,GCF_004380355.1
GCF_004380425.1_prophage_2,0.42905890740840696,-0.6327348303468969,GCF_004380425.1
GCF_004380545.1_prophage_2,0.5449848597917403,0.2513685635223787,GCF_004380545.1
GCF_004380855.1_prophage_6,-0.33281036509264944,0.06996483058438113,GCF_004380855.1
GCF_004405205.2_prophage_1,0.16851741865502087,-0.5850185388410695,GCF_004405205.2
GCF_004522275.1_prophage_3,0.6791442825460775,-0.4208139055123709,GCF_004522275.1
GCF_004522275.1_prophage_5,0.4617985141040048,0.1823747000899539,GCF_004522275.1
GCF_004522495.1_prophage_2,0.31038044653580577,0.1383152029081693,GCF_004522495.1
GCF_004522515.1_prophage_1,0.6052281343684335,-0.2571578035655312,GCF_004522515.1
GCF_004522775.1_prophage_4,0.012148608729700548,-0.8348452720529009,GCF_004522775.1
GCF_004522905.1_prophage_5,-0.027005589360044692,-0.708357189828356,GCF_004522905.1
GCF_004523095.1_prophage_2,0.43980371938479657,0.291445337801869,GCF_004523095.1
GCF_004523125.1_prophage_1,0.6699417274949692,-0.19768336497558942,GCF_004523125.1
GCF_004523445.1_prophage_1,-0.15966974657994354,-0.8196432281302156,GCF_004523445.1
GCF_004523515.1_prophage_2,0.05621801037067069,-0.6316395396329633,GCF_004523515.1
GCF_004523715.1_prophage_1,-0.23512024134504192,-0.3027026939936365,GCF_004523715.1
GCF_004566415.1_prophage_3,0.6976673888659465,-0.40485697552215155,GCF_004566415.1
GCF_004566465.1_prophage_3,0.4132411485322507,0.19296972543778204,GCF_004566465.1
GCF_004567005.1_prophage_2,0.473929368702119,-0.18965440300171743,GCF_004567005.1
GCF_004567075.1_prophage_10,-0.18209574319244543,0.2241011375902009,GCF_004567075.1
GCF_004567115.1_prophage_3,-0.02674561479324155,-0.216857155333143,GCF_004567115.1
GCF_004567225.1_prophage_6,-0.10799518522383035,0.11331219802430126,GCF_004567225.1
GCF_004567255.1_prophage_1,0.040004168829978225,0.004939809689585757,GCF_004567255.1
GCF_004567585.1_prophage_4,-0.3715714975468232,-0.7048252840364791,GCF_004567585.1
GCF_004567595.1_prophage_4,-0.4552087736862208,0.08914556406697179,GCF_004567595.1
GCF_004567675.1_prophage_3,0.409150817776792,-0.6161886301150706,GCF_004567675.1
GCF_004567725.1_prophage_3,-0.18205867901384926,0.22418142901973043,GCF_004567725.1
GCF_004567935.1_prophage_5,-0.12310292932743039,-0.32343074779506903,GCF_004567935.1
GCF_004567975.1_prophage_2,-0.27180202392280917,-0.7440483260537445,GCF_004567975.1
GCF_004568135.1_prophage_2,0.4359606229444994,0.18880584742656786,GCF_004568135.1
GCF_004568245.1_prophage_7,0.5164415742571642,-0.5829126305118166,GCF_004568245.1
GCF_004568255.1_prophage_7,-0.03286145356211458,0.4362856390825772,GCF_004568255.1
GCF_004568295.1_prophage_2,-0.21185765950594695,0.3154969937534739,GCF_004568295.1
GCF_004568345.1_prophage_3,-0.6584645162526094,0.1560760065963363,GCF_004568345.1
GCF_004568575.1_prophage_2,-0.024351817095543935,0.1792973097275793,GCF_004568575.1
GCF_004568605.1_prophage_5,0.033006976279483694,0.7542381040323002,GCF_004568605.1
GCF_004568605.1_prophage_8,0.43596062036342875,0.18880587845357338,GCF_004568605.1
GCF_004568615.1_prophage_5,-0.048044005475759315,0.4180924409205911,GCF_004568615.1
GCF_004568675.1_prophage_2,-0.512537672209311,-0.3148509120753257,GCF_004568675.1
GCF_004568895.1_prophage_8,-0.10799670741345402,0.113260860540991,GCF_004568895.1
GCF_004568925.1_prophage_2,0.05132864975410787,0.19863002378439967,GCF_004568925.1
GCF_004569695.1_prophage_1,0.4359606232047765,0.18880584415939544,GCF_004569695.1
GCF_004569745.1_prophage_4,-0.6522740133860249,0.25050676864661403,GCF_004569745.1
GCF_004569835.1_prophage_7,-0.5084403493878408,-0.6707859327474178,GCF_004569835.1
GCF_004569925.1_prophage_2,-0.0247078548223706,0.47300954069545725,GCF_004569925.1
GCF_004661615.1_prophage_5,0.1559726006638204,0.19679451368035533,GCF_004661615.1
GCF_004661695.1_prophage_2,0.46597579929776084,0.1956697516372949,GCF_004661695.1
GCF_004664255.1_prophage_1,-0.0018397853740850607,0.4150397212613124,GCF_004664255.1
GCF_004664415.1_prophage_1,0.1348919691221259,-0.6883729670224261,GCF_004664415.1
GCF_004664525.1_prophage_3,0.39075425859354945,0.49076425722817235,GCF_004664525.1
GCF_004664615.1_prophage_1,-0.13721542607987552,0.25229062519829737,GCF_004664615.1
GCF_004664615.1_prophage_4,0.36372742318511564,-0.6116162614690606,GCF_004664615.1
GCF_004681485.1_prophage_2,0.4315535924247933,0.5418852653196925,GCF_004681485.1
GCF_004681485.1_prophage_7,-0.04984562185963117,0.4676347183099831,GCF_004681485.1
GCF_004681485.1_prophage_8,-0.36266719016148236,0.3216082304895964,GCF_004681485.1
GCF_004745675.1_prophage_2,-0.4129021603772867,-0.09856650527981016,GCF_004745675.1
GCF_004745695.1_prophage_1,0.3511839197869137,0.791100687344099,GCF_004745695.1
GCF_004766675.1_prophage_8,-0.33757811771293467,0.2620878004567583,GCF_004766675.1
GCF_004766745.1_prophage_1,0.46657466383580554,0.18374908025493547,GCF_004766745.1
GCF_004766755.1_prophage_8,-0.00987797914434902,-0.19052661001398555,GCF_004766755.1
GCF_004766845.1_prophage_1,0.45856739538223074,-0.46702750069749793,GCF_004766845.1
GCF_004766855.1_prophage_3,-0.39277115754557246,0.16783062640289564,GCF_004766855.1
GCF_004766925.1_prophage_6,0.617088435069545,0.2324427476011194,GCF_004766925.1
GCF_004767305.1_prophage_7,0.5856423998905064,-0.5355150723023026,GCF_004767305.1
GCF_004767495.1_prophage_4,0.5119529324639537,0.5386901734536836,GCF_004767495.1
GCF_004767715.1_prophage_4,-0.030848354303065165,0.3794540391363276,GCF_004767715.1
GCF_004767725.1_prophage_3,-0.4465193914417747,0.0012286644034867273,GCF_004767725.1
GCF_004768045.1_prophage_2,-0.4465193583861966,0.0012284496989862401,GCF_004768045.1
GCF_004768245.1_prophage_1,-0.6916514109588512,0.22702895055579247,GCF_004768245.1
GCF_004792495.1_prophage_3,0.39223942872559653,-0.5921340807707204,GCF_004792495.1
GCF_004792775.1_prophage_3,0.32290308514046,0.09083399019121007,GCF_004792775.1
GCF_004793105.1_prophage_1,-0.45910298277267997,0.03329375699607406,GCF_004793105.1
GCF_004793325.1_prophage_3,0.11784251223247869,-0.7113764832980966,GCF_004793325.1
GCF_004795565.1_prophage_1,0.691025915712483,0.21939131263143336,GCF_004795565.1
GCF_004796805.1_prophage_4,0.2170655826551093,-0.7404955543372919,GCF_004796805.1
GCF_004796895.1_prophage_1,0.5929189639299655,0.46407992958942706,GCF_004796895.1
GCF_004796895.1_prophage_2,0.5720603429201476,-0.26467117211241903,GCF_004796895.1
GCF_004796905.1_prophage_4,0.4229749076382499,0.6000665577520047,GCF_004796905.1
GCF_004797675.1_prophage_1,0.30652961176887406,0.6819189487204755,GCF_004797675.1
GCF_004797955.1_prophage_1,0.36070154005364424,-0.38428662673615893,GCF_004797955.1
GCF_004801575.1_prophage_4,-0.181395286411284,-0.3036173088979037,GCF_004801575.1
GCF_004803005.1_prophage_4,-0.2272930784573813,-0.5517094190247112,GCF_004803005.1
GCF_004803985.1_prophage_2,0.6445018370764203,-0.2631248656586743,GCF_004803985.1
GCF_004804095.1_prophage_6,0.4857847778659789,-0.5970220674713168,GCF_004804095.1
GCF_004924255.1_prophage_1,0.11532390018643701,0.19618643557659965,GCF_004924255.1
GCF_004924275.1_prophage_2,-0.5386487802025085,-0.013898019488203475,GCF_004924275.1
GCF_004960095.1_prophage_3,0.7743851889628011,0.24049159455850896,GCF_004960095.1
GCF_004960505.1_prophage_6,0.3387683897521886,-0.4654655329020357,GCF_004960505.1
GCF_004960515.1_prophage_5,0.4193848735521745,0.17688498836881097,GCF_004960515.1
GCF_004960645.1_prophage_8,-0.09810858442310227,-0.3511505573539912,GCF_004960645.1
GCF_004960745.1_prophage_3,-0.8024642096535036,0.09042016437563567,GCF_004960745.1
GCF_004960805.1_prophage_3,0.7979925192825843,-0.044154099121388825,GCF_004960805.1
GCF_004960915.1_prophage_7,-0.15790933141599187,-0.5010585989391049,GCF_004960915.1
GCF_004961025.1_prophage_3,-0.6365176254901,0.07706493056311138,GCF_004961025.1
GCF_005037715.1_prophage_11,-0.0640902554006582,0.03405364936363418,GCF_005037715.1
GCF_005037715.1_prophage_7,-0.28011665909168165,0.17656156831180347,GCF_005037715.1
GCF_005037725.1_prophage_4,-0.07720478599659253,0.07383632110695604,GCF_005037725.1
GCF_005037845.1_prophage_11,0.0396250454763406,0.3126605929571125,GCF_005037845.1
GCF_005037915.1_prophage_2,-0.6295550096604412,-0.17726645806742103,GCF_005037915.1
GCF_005037995.1_prophage_1,-0.6573505321990014,-0.20252490835104664,GCF_005037995.1
GCF_005038345.1_prophage_3,-0.11978037737906808,-0.7065008194130118,GCF_005038345.1
GCF_005038395.1_prophage_1,0.1752048359810737,-0.10813927730993321,GCF_005038395.1
GCF_005038555.1_prophage_1,0.6218584042108908,-0.45168485161347127,GCF_005038555.1
GCF_005039015.1_prophage_2,0.8472951169489669,0.08202686367432567,GCF_005039015.1
GCF_005039375.1_prophage_1,0.13776215939219943,-0.03383414959109345,GCF_005039375.1
GCF_005040195.1_prophage_1,0.039432613909565685,-0.7105052815425272,GCF_005040195.1
GCF_005040195.1_prophage_8,-0.22141166274364124,-0.508832200008779,GCF_005040195.1
GCF_005040215.1_prophage_6,-0.21343592715311038,0.05210294505559029,GCF_005040215.1
GCF_005040235.1_prophage_3,-0.3905149694748851,0.07011247796787114,GCF_005040235.1
GCF_005040235.1_prophage_4,-0.17975407860622572,0.23990539587264403,GCF_005040235.1
GCF_005040525.1_prophage_3,-0.6368388976159555,0.3463649816157544,GCF_005040525.1
GCF_005040545.1_prophage_4,0.29160399116224667,0.6356221927819611,GCF_005040545.1
GCF_005040655.1_prophage_2,0.16791809730225643,0.36671170304628253,GCF_005040655.1
GCF_005040735.1_prophage_3,-0.39751947153700784,0.6875437398784725,GCF_005040735.1
GCF_005040735.1_prophage_9,-0.6666821827757192,-0.003501334165492444,GCF_005040735.1
GCF_005040745.1_prophage_5,0.4144480127847779,0.17709778787277705,GCF_005040745.1
GCF_005040835.1_prophage_6,0.18136583429961017,-0.5963037695207988,GCF_005040835.1
GCF_005041175.1_prophage_4,0.15862792946666884,0.710141834729294,GCF_005041175.1
GCF_005041375.1_prophage_5,0.5036616419056884,-0.27941535686990787,GCF_005041375.1
GCF_005041625.1_prophage_2,0.5225116238460898,0.21052766298226894,GCF_005041625.1
GCF_005041625.1_prophage_3,-0.40948129766597463,0.23332592482363645,GCF_005041625.1
GCF_005041625.1_prophage_5,0.32320544810724194,-0.6186835480007944,GCF_005041625.1
GCF_005041705.1_prophage_1,-0.011141988002924088,0.3979137959462033,GCF_005041705.1
GCF_005041785.1_prophage_3,0.5744263646673702,0.20649472556983783,GCF_005041785.1
GCF_005042035.1_prophage_4,0.14203718314880034,0.19036759625494132,GCF_005042035.1
GCF_005042055.1_prophage_1,-0.6527836676231037,0.23979136668623582,GCF_005042055.1
GCF_005042075.1_prophage_2,0.6442590604837689,0.21438667817799498,GCF_005042075.1
GCF_005042175.1_prophage_11,-0.025716406222395127,0.35102233506461816,GCF_005042175.1
GCF_005042225.1_prophage_3,0.6712756458904052,0.04267549204891053,GCF_005042225.1
GCF_005042235.1_prophage_6,-0.4794640477299619,-0.45406133484119987,GCF_005042235.1
GCF_005042495.1_prophage_3,-0.11743359189814387,-0.3649980730737977,GCF_005042495.1
GCF_005042585.1_prophage_4,0.41907777434839383,0.013833690522448306,GCF_005042585.1
GCF_005042705.1_prophage_2,-0.43638112752034597,-0.4950982742404467,GCF_005042705.1
GCF_005042785.1_prophage_3,0.7120368712341179,-0.4199241771672237,GCF_005042785.1
GCF_005043105.1_prophage_6,-0.20622423005133392,-0.38312814709201953,GCF_005043105.1
GCF_005043175.1_prophage_4,0.6213306021746038,-0.2666506725899115,GCF_005043175.1
GCF_005043215.1_prophage_5,0.47053522777770906,0.17861026701978833,GCF_005043215.1
GCF_005043335.1_prophage_2,-0.6195677894604406,-0.00880257247785024,GCF_005043335.1
GCF_005043335.1_prophage_3,0.6962815384039094,0.20183882797891328,GCF_005043335.1
GCF_005043425.1_prophage_7,-0.5074906058092792,-0.4762491874413323,GCF_005043425.1
GCF_005043715.1_prophage_2,0.6458645469243424,-0.2502020435090804,GCF_005043715.1
GCF_005043825.1_prophage_5,-0.4870151069400412,-0.5959556704458794,GCF_005043825.1
GCF_005043955.1_prophage_8,-0.655921575018937,0.1886142749536232,GCF_005043955.1
GCF_005044005.1_prophage_8,-0.49846656723619237,-0.46954561932899563,GCF_005044005.1
GCF_005044075.1_prophage_6,0.03929732339798345,-0.738218362561177,GCF_005044075.1
GCF_005044395.1_prophage_5,-0.19696495606664163,-0.7024718472840927,GCF_005044395.1
GCF_005044635.1_prophage_4,0.2604347822038959,0.8210204650118782,GCF_005044635.1
GCF_005044635.1_prophage_7,-0.009597247881728957,0.07908624350930307,GCF_005044635.1
GCF_005044775.1_prophage_8,0.2586727093595896,0.7868368923437685,GCF_005044775.1
GCF_005044995.1_prophage_1,-0.6115592561225612,-0.3235775297343018,GCF_005044995.1
GCF_005045155.1_prophage_4,0.45661411751962017,0.20020431647978823,GCF_005045155.1
GCF_005045425.1_prophage_3,-0.3194522316964664,0.20236190955012698,GCF_005045425.1
GCF_005045525.1_prophage_3,0.4619725187591785,-0.5276097407419313,GCF_005045525.1
GCF_005045575.1_prophage_2,-0.8371525942521875,-0.2392550243594873,GCF_005045575.1
GCF_005045715.1_prophage_5,0.8062924340675975,-0.14069885897182807,GCF_005045715.1
GCF_005045715.1_prophage_8,0.21751480869251225,-0.06484972050544974,GCF_005045715.1
GCF_005045735.1_prophage_1,-0.36547355736240206,0.6942076062211494,GCF_005045735.1
GCF_005045745.1_prophage_2,0.737003078899949,-0.10753968233312944,GCF_005045745.1
GCF_005045935.1_prophage_5,-0.46342859942184306,-0.09527475580319494,GCF_005045935.1
GCF_005046455.1_prophage_2,0.558827314644807,0.21206588080658775,GCF_005046455.1
GCF_005046545.1_prophage_5,-0.6628436617382021,-0.44221223474622867,GCF_005046545.1
GCF_005046555.1_prophage_1,0.06646685185153542,0.8572388938118447,GCF_005046555.1
GCF_005046555.1_prophage_3,0.03113707835642655,-0.8030525043142216,GCF_005046555.1
GCF_005046675.1_prophage_4,-0.17422005931480156,0.1289470838985192,GCF_005046675.1
GCF_005046895.1_prophage_7,-0.23619832823221093,-0.10079369916391592,GCF_005046895.1
GCF_005221605.1_prophage_7,0.17997100846544276,0.24581271823232034,GCF_005221605.1
GCF_005221645.1_prophage_16,-0.027512119233669603,-0.0646221882462041,GCF_005221645.1
GCF_005221685.1_prophage_1,0.24011682202531576,-0.04593801477008345,GCF_005221685.1
GCF_005221685.1_prophage_11,0.1799182102357274,0.20904836008543232,GCF_005221685.1
GCF_005221705.1_prophage_1,0.24028746080298344,-0.045793953985690805,GCF_005221705.1
GCF_005221705.1_prophage_10,-0.32782687020001794,0.67531857914115,GCF_005221705.1
GCF_005221745.1_prophage_2,-0.25468982997063355,0.18417249641573832,GCF_005221745.1
GCF_005221745.1_prophage_7,0.16629768611505355,0.25847826338581775,GCF_005221745.1
GCF_005221825.1_prophage_2,-0.2546898299706249,0.18417249641582076,GCF_005221825.1
GCF_005221865.1_prophage_4,0.1647938112973907,0.26118913278369416,GCF_005221865.1
GCF_005221865.1_prophage_5,0.4540017695904799,-0.13761951693709568,GCF_005221865.1
GCF_005221865.1_prophage_9,-0.18264412870601757,0.20674433033408765,GCF_005221865.1
GCF_005221885.1_prophage_6,0.20737380278254164,0.25478353635482626,GCF_005221885.1
GCF_005221945.1_prophage_9,-0.1826441287060544,0.20674433033408668,GCF_005221945.1
GCF_005221965.1_prophage_5,0.23784721283933138,0.5727651481771034,GCF_005221965.1
GCF_005221985.1_prophage_4,0.16479381129749313,0.2611891327835941,GCF_005221985.1
GCF_005222045.1_prophage_1,0.27527202271897583,0.3982184485674122,GCF_005222045.1
GCF_005222065.1_prophage_11,0.179918210235185,0.20904836008786049,GCF_005222065.1
GCF_005222305.1_prophage_13,-0.24863463219516457,0.20258457211874661,GCF_005222305.1
GCF_005222385.1_prophage_11,0.17991821023545493,0.20904836008665312,GCF_005222385.1
GCF_005222405.1_prophage_12,0.1819758482169431,0.25109013313781886,GCF_005222405.1
GCF_005222445.1_prophage_10,0.18327494782955425,0.2094410928282558,GCF_005222445.1
GCF_005380605.1_prophage_5,0.022117305517411107,-0.19451219707939235,GCF_005380605.1
GCF_005380685.1_prophage_5,0.5933769992727757,0.3978245686901098,GCF_005380685.1
GCF_005380765.1_prophage_2,-0.548963549522109,0.45570734931237417,GCF_005380765.1
GCF_005380845.1_prophage_3,0.5091104826309107,0.2213491765705724,GCF_005380845.1
GCF_005380865.1_prophage_7,-0.017745455426030173,0.009116868508066284,GCF_005380865.1
GCF_005380985.1_prophage_1,-0.7073862022910227,-0.18140190279655038,GCF_005380985.1
GCF_005381085.1_prophage_1,-0.002625497292053436,0.3767568587210784,GCF_005381085.1
GCF_005381125.1_prophage_6,-0.12831458329901205,0.2848799299879453,GCF_005381125.1
GCF_005381205.1_prophage_6,0.5030997059836978,0.24287203887367712,GCF_005381205.1
GCF_005381345.1_prophage_8,0.571164416193796,0.23443809821776473,GCF_005381345.1
GCF_005381525.1_prophage_4,0.7395170346699753,-0.3892864525926151,GCF_005381525.1
GCF_005381545.1_prophage_5,0.2815358978733218,0.7384669489570472,GCF_005381545.1
GCF_005381605.1_prophage_3,0.18627303979267765,0.708306417276351,GCF_005381605.1
GCF_005381985.1_prophage_2,0.21797821369172657,0.17085658393963588,GCF_005381985.1
GCF_005382065.1_prophage_4,-0.24608205123512814,-0.7675861701046707,GCF_005382065.1
GCF_005382325.1_prophage_7,0.17721269277602675,-0.6029799720952239,GCF_005382325.1
GCF_005382425.1_prophage_1,-0.7650952913348411,-0.29258768843750105,GCF_005382425.1
GCF_005382465.1_prophage_3,0.5756639392341637,-0.2613749445782275,GCF_005382465.1
GCF_005382545.1_prophage_2,-0.31734597432964273,0.7262038063446085,GCF_005382545.1
GCF_005382585.1_prophage_5,0.24429894098549818,-0.46294195779086506,GCF_005382585.1
GCF_005382655.1_prophage_3,0.0961410399143669,0.1923991600267398,GCF_005382655.1
GCF_005382705.1_prophage_3,0.48116688356813775,-0.21410209319760157,GCF_005382705.1
GCF_005382865.1_prophage_3,0.18029892697071281,-0.6124577721121186,GCF_005382865.1
GCF_005382885.1_prophage_8,0.6012768577331078,0.5120800919356875,GCF_005382885.1
GCF_005382905.1_prophage_2,0.1318874840140308,0.1676932775947248,GCF_005382905.1
GCF_005382965.1_prophage_2,0.18883046024335048,0.16870006488980158,GCF_005382965.1
GCF_005383065.1_prophage_6,-0.719073270757185,-0.18347460866802462,GCF_005383065.1
GCF_005383305.1_prophage_4,0.6628759352113032,-0.19437455971732617,GCF_005383305.1
GCF_005383325.1_prophage_3,0.4905974583888418,0.5694352605254979,GCF_005383325.1
GCF_005383345.1_prophage_1,-0.2202324423722684,-0.7573534906885765,GCF_005383345.1
GCF_005383385.1_prophage_1,0.3892763207081011,0.6504127736863422,GCF_005383385.1
GCF_005383385.1_prophage_2,-0.18280258958937315,0.22449159949922892,GCF_005383385.1
GCF_005383465.1_prophage_1,-0.3496037319893237,-0.4881438255328557,GCF_005383465.1
GCF_005383545.1_prophage_2,-0.10130152494995985,0.1753634367533906,GCF_005383545.1
GCF_005383545.1_prophage_4,0.5187244820937261,-0.47369316319020965,GCF_005383545.1
GCF_005383545.1_prophage_7,-0.134935818894394,0.7664056065287922,GCF_005383545.1
GCF_005383665.1_prophage_2,0.27969130985365365,0.10372471351425623,GCF_005383665.1
GCF_005383905.1_prophage_1,0.18096725627337923,0.1126507501569983,GCF_005383905.1
GCF_005383945.1_prophage_3,0.5337985201209107,0.2169121067235472,GCF_005383945.1
GCF_005384025.1_prophage_1,0.7001797775415779,-0.25040324293404065,GCF_005384025.1
GCF_005384045.1_prophage_1,-0.44560117747183425,-0.10294543620960533,GCF_005384045.1
GCF_005384045.1_prophage_4,0.2897064291499518,0.573562488001316,GCF_005384045.1
GCF_005384085.1_prophage_1,-0.5124857206319903,-0.06455773463193405,GCF_005384085.1
GCF_005384265.1_prophage_5,-0.09599853572609253,-0.3530149636396211,GCF_005384265.1
GCF_005384425.1_prophage_4,0.8076310714926322,-0.13318393824302788,GCF_005384425.1
GCF_005384465.1_prophage_3,0.8145475392479687,-0.17607564827477568,GCF_005384465.1
GCF_005384565.1_prophage_2,-0.18595458933352602,-0.17674045532580013,GCF_005384565.1
GCF_005385065.1_prophage_4,-0.2313604167078777,0.798470788869233,GCF_005385065.1
GCF_005385205.1_prophage_1,-0.16359268022228735,-0.14995925380833489,GCF_005385205.1
GCF_005385285.1_prophage_3,-0.5211896902122827,-0.05965864205736523,GCF_005385285.1
GCF_005385425.1_prophage_5,-0.2702037406965448,-0.11157014889108625,GCF_005385425.1
GCF_005385425.1_prophage_7,-0.7269701954248633,-0.3588183720455756,GCF_005385425.1
GCF_005385665.1_prophage_4,-0.6715174983516666,0.21954516583958666,GCF_005385665.1
GCF_005385865.1_prophage_5,-0.650172300229724,-0.3022142978595498,GCF_005385865.1
GCF_005385985.1_prophage_4,-0.6203141067700615,-0.129863588050989,GCF_005385985.1
GCF_005386105.1_prophage_7,0.31644805792336983,0.0949597253121254,GCF_005386105.1
GCF_005386125.1_prophage_1,-0.034504395997054134,0.8009058512635133,GCF_005386125.1
GCF_005386165.1_prophage_3,-0.10855709511783519,-0.30126009505064666,GCF_005386165.1
GCF_005386345.1_prophage_1,0.01661139705219464,0.3686440589644855,GCF_005386345.1
GCF_005386585.1_prophage_5,-0.0941622800080909,0.2654221730245003,GCF_005386585.1
GCF_005386745.1_prophage_3,0.4197747237236343,0.17166215493812628,GCF_005386745.1
GCF_005386965.1_prophage_4,0.25315527188354586,0.7309500862678218,GCF_005386965.1
GCF_005387025.1_prophage_5,0.6879650062331454,-0.4207871280974252,GCF_005387025.1
GCF_005387225.1_prophage_3,0.6248785321469746,-0.2675717344547123,GCF_005387225.1
GCF_005387405.1_prophage_2,0.18498721817241406,0.16860783629684656,GCF_005387405.1
GCF_005387445.1_prophage_2,-0.4952691629187235,-0.6383187355133105,GCF_005387445.1
GCF_005387705.1_prophage_5,-0.09760598900109488,0.8344419973266548,GCF_005387705.1
GCF_005387735.1_prophage_5,0.42263830841412703,0.20902274567770335,GCF_005387735.1
GCF_005387835.1_prophage_4,0.1780742198886358,-0.6619865120526307,GCF_005387835.1
GCF_005387885.1_prophage_6,-0.848915108367853,-0.05863927786073991,GCF_005387885.1
GCF_005387925.1_prophage_1,0.42701987742163877,-0.32138589341565477,GCF_005387925.1
GCF_005387925.1_prophage_3,-0.07042442723341735,0.40534326251607755,GCF_005387925.1
GCF_005388185.1_prophage_3,0.7416554576857907,0.189009567877922,GCF_005388185.1
GCF_005388245.1_prophage_1,-0.5857296249747211,0.558200136269716,GCF_005388245.1
GCF_005388305.1_prophage_4,-0.003648467056115628,-0.2190495663718768,GCF_005388305.1
GCF_005388385.1_prophage_2,-0.09846692516035584,-0.03506142742402333,GCF_005388385.1
GCF_005388385.1_prophage_8,-0.49917322616957094,-0.645998538086619,GCF_005388385.1
GCF_005388565.1_prophage_10,0.7043472762762204,-0.3618165359688486,GCF_005388565.1
GCF_005388625.1_prophage_3,0.36504404165930776,-0.6282372170243603,GCF_005388625.1
GCF_005388645.1_prophage_1,-0.22205512251183943,0.21640855410288978,GCF_005388645.1
GCF_005388645.1_prophage_2,0.2227177232720176,0.8181642312092858,GCF_005388645.1
GCF_005388785.1_prophage_1,0.19832029743032387,0.07118730364646302,GCF_005388785.1
GCF_005388905.1_prophage_1,0.19585166138116544,-0.6193945834271712,GCF_005388905.1
GCF_005388925.1_prophage_4,-0.30154901341604073,0.17250267223441615,GCF_005388925.1
GCF_005389005.1_prophage_5,-0.0887603065142442,-0.369637503869288,GCF_005389005.1
GCF_005389045.1_prophage_1,0.14169669552931416,-0.7019080239233509,GCF_005389045.1
GCF_005389085.1_prophage_3,0.4578975280632677,0.5712467724354342,GCF_005389085.1
GCF_005389105.1_prophage_2,0.03067492796381244,0.4759168421918135,GCF_005389105.1
GCF_005389185.1_prophage_1,0.12833173899501146,-0.700776919406235,GCF_005389185.1
GCF_005389185.1_prophage_4,0.30431624046468747,0.11574055368951845,GCF_005389185.1
GCF_005389385.1_prophage_7,-0.1827133825397877,0.22446322523157183,GCF_005389385.1
GCF_005389405.1_prophage_1,0.22762515523654062,0.1163290785426344,GCF_005389405.1
GCF_005389665.1_prophage_2,-0.47626746704368045,-0.06572436012466781,GCF_005389665.1
GCF_005389665.1_prophage_3,-0.5990178143511973,0.07340515427808274,GCF_005389665.1
GCF_005389745.1_prophage_1,0.7217016973802741,-0.3160175751104267,GCF_005389745.1
GCF_005389905.1_prophage_4,0.3078995367951672,-0.6332337176641957,GCF_005389905.1
GCF_005390205.1_prophage_4,0.1671511018444023,-0.6353061067816798,GCF_005390205.1
GCF_005390225.1_prophage_5,0.8278885347836761,-0.15613297808809043,GCF_005390225.1
GCF_005390365.1_prophage_6,-0.11290913857300255,0.162324195876828,GCF_005390365.1
GCF_005390705.1_prophage_3,-0.6948895149544677,0.09249126126894379,GCF_005390705.1
GCF_005390705.1_prophage_6,-0.6464341994541954,-0.015283068603575273,GCF_005390705.1
GCF_005390725.1_prophage_1,0.8275191798378423,-0.11663145623711564,GCF_005390725.1
GCF_005390725.1_prophage_4,-0.027448720098263574,-0.29979063650354587,GCF_005390725.1
GCF_005390725.1_prophage_5,0.577099917307112,0.3310043181658124,GCF_005390725.1
GCF_005390865.1_prophage_4,-0.3453418787157835,0.7023222666113812,GCF_005390865.1
GCF_005391065.1_prophage_5,0.1590432915757393,0.19946551453287284,GCF_005391065.1
GCF_005391105.1_prophage_5,-0.5875883371485091,0.25922249221687443,GCF_005391105.1
GCF_005391125.1_prophage_5,-0.18341339836202133,0.18353837443050963,GCF_005391125.1
GCF_005391165.1_prophage_4,-0.5937177067310561,-0.321268010687039,GCF_005391165.1
GCF_005391165.1_prophage_8,0.4767076027381811,0.1804472184036425,GCF_005391165.1
GCF_005391285.2_prophage_8,-0.26916046787486053,0.13790400426624555,GCF_005391285.2
GCF_005391305.1_prophage_6,-0.5245773074666559,-0.3683643643713115,GCF_005391305.1
GCF_005391885.1_prophage_5,0.23336494283253825,-0.042218531704961315,GCF_005391885.1
GCF_005391945.1_prophage_5,-0.6258567325560892,0.030857904440313656,GCF_005391945.1
GCF_005391965.1_prophage_8,-0.49966564681672665,-0.46640161783534434,GCF_005391965.1
GCF_005391985.1_prophage_2,0.127363824254786,-0.2691910308107779,GCF_005391985.1
GCF_005392245.1_prophage_2,0.4779272878278094,-0.08153556666005433,GCF_005392245.1
GCF_005392265.1_prophage_4,-0.4780118705290035,-0.050734947562466305,GCF_005392265.1
GCF_005392305.1_prophage_5,-0.3846287179821086,-0.5178702913241844,GCF_005392305.1
GCF_005392305.1_prophage_8,0.4230059843670589,0.14138135186394743,GCF_005392305.1
GCF_005392345.1_prophage_1,0.11742041636171578,-0.7130512795058139,GCF_005392345.1
GCF_005392385.1_prophage_2,0.7069254060339588,0.1535584906893167,GCF_005392385.1
GCF_005392385.1_prophage_4,-0.6450565443563064,-0.20340611792870963,GCF_005392385.1
GCF_005392505.1_prophage_1,-0.7047878911402868,-0.09680774583308771,GCF_005392505.1
GCF_005392585.1_prophage_3,-0.6223498802046772,0.08876008247657832,GCF_005392585.1
GCF_005392685.1_prophage_4,0.4268635711825516,-0.15948802994820166,GCF_005392685.1
GCF_005392725.1_prophage_1,-0.24733463069305808,-0.4064372795713082,GCF_005392725.1
GCF_005392765.1_prophage_10,-0.5419448200092696,-0.40732577553377897,GCF_005392765.1
GCF_005392785.1_prophage_1,-0.6029740618351348,-0.2663995394520834,GCF_005392785.1
GCF_005392845.1_prophage_1,0.18858707127834506,-0.7308382821055984,GCF_005392845.1
GCF_005392935.1_prophage_11,-0.0426853079906811,-0.21802378907639536,GCF_005392935.1
GCF_005393145.1_prophage_2,0.33399609155450266,-0.6215760005089803,GCF_005393145.1
GCF_005393365.1_prophage_1,0.3584885383286681,-0.6041937073149972,GCF_005393365.1
GCF_005393365.1_prophage_6,0.27462910055131357,-0.046988984248239,GCF_005393365.1
GCF_005393845.1_prophage_3,-0.4831884334578299,-0.09561143129892867,GCF_005393845.1
GCF_005393945.1_prophage_7,-0.10874175640034833,-0.3164843569620548,GCF_005393945.1
GCF_005393965.1_prophage_1,-0.3066224691986971,-0.4783210198514623,GCF_005393965.1
GCF_005394465.1_prophage_2,-0.594721459391437,-0.3153849713881693,GCF_005394465.1
GCF_005394585.1_prophage_1,-0.1666740681924956,0.11748747073398043,GCF_005394585.1
GCF_005394705.1_prophage_4,0.2842037455595193,-0.4961296893403008,GCF_005394705.1
GCF_005394725.1_prophage_3,0.5960994891812429,-0.3919568430183832,GCF_005394725.1
GCF_005394845.1_prophage_3,-0.2818707304262746,-0.2844859943690212,GCF_005394845.1
GCF_005394945.1_prophage_2,-0.621567385464803,0.05792937180402858,GCF_005394945.1
GCF_005394985.1_prophage_9,0.03549935253388442,0.7537102010490492,GCF_005394985.1
GCF_005395105.1_prophage_6,0.3682153110472146,0.10807812988531872,GCF_005395105.1
GCF_005395265.1_prophage_1,-0.028294811358763605,0.42767217469703767,GCF_005395265.1
GCF_005395385.1_prophage_9,0.36475131810129846,0.17063372530246454,GCF_005395385.1
GCF_005395545.1_prophage_2,-0.08923920308939971,-0.019297519523236623,GCF_005395545.1
GCF_005395585.1_prophage_4,-0.21073326125893355,0.7405107766241601,GCF_005395585.1
GCF_005395585.1_prophage_5,-0.6590700906865972,0.09852986043045728,GCF_005395585.1
GCF_005395745.1_prophage_3,-0.38846509804364254,0.1590643163278151,GCF_005395745.1
GCF_005395785.1_prophage_3,-0.24439787277267924,0.19437468807663283,GCF_005395785.1
GCF_005395945.1_prophage_3,-0.2895489151254945,-0.4988471180458464,GCF_005395945.1
GCF_005395945.1_prophage_4,0.12915004047875797,0.19787948600253938,GCF_005395945.1
GCF_005396025.1_prophage_4,0.40049054851143906,0.6873452479092194,GCF_005396025.1
GCF_005396165.1_prophage_5,-0.6085911832571741,0.027536901998857645,GCF_005396165.1
GCF_005396205.1_prophage_3,0.33695168859023317,0.18117492046341985,GCF_005396205.1
GCF_005396245.1_prophage_3,0.18862597724714475,-0.584055402543,GCF_005396245.1
GCF_005396405.1_prophage_2,-0.3079076641162785,0.1220313192669642,GCF_005396405.1
GCF_005396545.1_prophage_3,-0.12876107692584776,-0.3529451429541137,GCF_005396545.1
GCF_005396565.1_prophage_3,-0.5701931230463827,-0.015715017949321335,GCF_005396565.1
GCF_005396845.1_prophage_3,0.8180993625806586,0.25781896022252543,GCF_005396845.1
GCF_005396925.1_prophage_5,-0.6932139636911617,0.4904117971267557,GCF_005396925.1
GCF_005396985.1_prophage_7,0.4817713188421987,0.19208685374582068,GCF_005396985.1
GCF_005397085.1_prophage_4,-0.3975091708519436,0.6755159698723706,GCF_005397085.1
GCF_005397105.1_prophage_1,-0.6057564448211529,-0.12631039246871903,GCF_005397105.1
GCF_005397125.1_prophage_8,-0.5005206583869626,0.005524279329107027,GCF_005397125.1
GCF_005397145.1_prophage_8,-0.10590348195290251,-0.04606651166140885,GCF_005397145.1
GCF_005397165.1_prophage_6,0.46023075228375576,0.173185894319539,GCF_005397165.1
GCF_005397185.1_prophage_4,0.018110492746171738,-0.2094536474337855,GCF_005397185.1
GCF_005397225.1_prophage_1,-0.12915126849559305,-0.35267541233346383,GCF_005397225.1
GCF_005397245.1_prophage_2,-0.22056753060602682,0.22335885956373047,GCF_005397245.1
GCF_005397265.1_prophage_3,0.469293491005667,0.17088814283111914,GCF_005397265.1
GCF_005397325.1_prophage_4,-0.25544017277987396,-0.45306758433170274,GCF_005397325.1
GCF_005397405.1_prophage_7,0.2676743536937359,0.06433672074905054,GCF_005397405.1
GCF_005397465.1_prophage_4,0.36083467614786413,-0.6211485137306704,GCF_005397465.1
GCF_005397585.1_prophage_2,0.08775006160917338,0.2211928281720234,GCF_005397585.1
GCF_005397605.1_prophage_1,0.05981330835339351,-0.79487724377257,GCF_005397605.1
GCF_005397805.1_prophage_6,0.38495594537352684,0.14791947538475766,GCF_005397805.1
GCF_005397825.1_prophage_3,-0.4717524968634339,-0.11328971740393844,GCF_005397825.1
GCF_005397945.1_prophage_2,-0.58957631766963,-0.5425847737023813,GCF_005397945.1
GCF_005397985.1_prophage_1,0.2932066563389826,0.10281372704294676,GCF_005397985.1
GCF_005398085.1_prophage_2,0.1348587982619205,0.18662210086677467,GCF_005398085.1
GCF_005398165.1_prophage_5,0.3849559509241892,0.14791957166209588,GCF_005398165.1
GCF_005398245.1_prophage_1,0.27031832428030794,-0.6379833548886887,GCF_005398245.1
GCF_005398265.1_prophage_4,-0.5012545825255804,-0.05162585388086877,GCF_005398265.1
GCF_005398285.1_prophage_5,-0.11414658787635924,-0.6997837397416512,GCF_005398285.1
GCF_005398705.1_prophage_4,0.3386366671771577,-0.6210068905236598,GCF_005398705.1
GCF_005398725.1_prophage_7,0.34827908308990485,0.1901554358756965,GCF_005398725.1
GCF_005398745.1_prophage_4,0.3692428818445249,0.7368097918424752,GCF_005398745.1
GCF_005398785.1_prophage_8,0.3416324938727971,-0.6216975889755545,GCF_005398785.1
GCF_005398845.1_prophage_1,0.2932050635287545,0.10280977156276579,GCF_005398845.1
GCF_005398885.1_prophage_6,0.5316424939228975,-0.38093077053936353,GCF_005398885.1
GCF_005398945.1_prophage_2,-0.2928272314245962,0.19767768599422078,GCF_005398945.1
GCF_005399165.1_prophage_6,0.4206583357048384,-0.3791311281761071,GCF_005399165.1
GCF_005399165.1_prophage_8,0.5562577539700307,0.2354745237501266,GCF_005399165.1
GCF_005399205.1_prophage_3,0.12778645297458827,0.2886396422624214,GCF_005399205.1
GCF_005399245.1_prophage_1,0.3405339911479073,-0.6170009864785789,GCF_005399245.1
GCF_005399265.1_prophage_1,-0.0954084808031361,0.296920938820688,GCF_005399265.1
GCF_005399405.1_prophage_2,0.4399360630472632,-0.6333128790338828,GCF_005399405.1
GCF_005399645.1_prophage_6,-0.06001361147843714,-0.6972485927051799,GCF_005399645.1
GCF_005399885.1_prophage_3,-0.5334441373921147,0.06636365124259413,GCF_005399885.1
GCF_005399985.1_prophage_5,0.17337477778658958,-0.6346505311194917,GCF_005399985.1
GCF_005400085.1_prophage_4,-0.09456270417449299,0.11594768968609168,GCF_005400085.1
GCF_005400465.1_prophage_12,-0.7596722494476463,0.026501632345609056,GCF_005400465.1
GCF_005400765.1_prophage_1,-0.6176120271467876,0.017535958749927544,GCF_005400765.1
GCF_005401165.1_prophage_5,0.0029717901119143356,0.769715110915471,GCF_005401165.1
GCF_005401425.1_prophage_3,-0.6578941604929045,0.18931630699101643,GCF_005401425.1
GCF_005401425.1_prophage_4,0.4700416426058171,0.6172786783647255,GCF_005401425.1
GCF_005401685.1_prophage_4,-0.3198792016652665,-0.7459552828188121,GCF_005401685.1
GCF_005401785.1_prophage_8,0.4885893103970927,0.20331685624611673,GCF_005401785.1
GCF_005401925.1_prophage_5,0.4499013197963339,-0.6164557128720043,GCF_005401925.1
GCF_005402005.1_prophage_2,0.07829350005237201,0.7826170087776946,GCF_005402005.1
GCF_005402105.1_prophage_1,-0.6898015299139917,0.22408453004978887,GCF_005402105.1
GCF_005402385.1_prophage_1,-0.10493464349332127,0.2605808497587368,GCF_005402385.1
GCF_005502265.1_prophage_6,0.5143114866076323,0.3811061500981679,GCF_005502265.1
GCF_005508815.1_prophage_4,-0.21981662527528698,-0.008173473760232617,GCF_005508815.1
GCF_005670845.1_prophage_7,-0.0018522243383178654,0.7385222841473862,GCF_005670845.1
GCF_005670875.1_prophage_9,0.180427773188948,-0.594021039168927,GCF_005670875.1
GCF_005671055.1_prophage_1,0.22272321053879124,0.2496615140835651,GCF_005671055.1
GCF_005671115.1_prophage_5,-0.061440892293139225,0.10837629129329278,GCF_005671115.1
GCF_005671135.1_prophage_1,-0.42347079412713556,-0.6445694893697859,GCF_005671135.1
GCF_005671145.1_prophage_1,-0.2771208114372247,0.1713040803348658,GCF_005671145.1
GCF_005671145.1_prophage_6,0.0323390050897737,0.002853617129119029,GCF_005671145.1
GCF_005671315.1_prophage_3,-0.25609469771668975,-0.7522681194235931,GCF_005671315.1
GCF_005671315.1_prophage_6,-0.10516939539882215,0.8017328860037312,GCF_005671315.1
GCF_005673435.1_prophage_7,0.037039652047792374,0.47290679860235235,GCF_005673435.1
GCF_005844555.1_prophage_1,-0.4627623604812885,0.025592799215503715,GCF_005844555.1
GCF_005869145.1_prophage_5,-0.10733798871440665,0.16524409200298718,GCF_005869145.1
GCF_005885955.1_prophage_11,0.2355483226760441,0.24680841700329134,GCF_005885955.1
GCF_005885955.1_prophage_9,-0.1803924144048981,0.2029141404730713,GCF_005885955.1
GCF_005889615.1_prophage_1,-0.5980787186960974,-0.5702158444792722,GCF_005889615.1
GCF_005889655.1_prophage_6,-0.18044703292301315,-0.7662610457482183,GCF_005889655.1
GCF_006229365.1_prophage_2,-0.6622752541546174,0.38567558348801945,GCF_006229365.1
GCF_006229485.1_prophage_5,-0.6584611366931585,0.1561175981279757,GCF_006229485.1
GCF_006229525.1_prophage_2,-0.22275942973344232,-0.7729430839424901,GCF_006229525.1
GCF_006229635.1_prophage_5,-0.6563859422766593,0.22522913932022154,GCF_006229635.1
GCF_006229655.1_prophage_5,0.11853455020224976,0.09515605648672885,GCF_006229655.1
GCF_006229705.1_prophage_4,-0.5950960058219399,-0.2847626131729499,GCF_006229705.1
GCF_006229755.1_prophage_7,0.4359606213284521,0.18880586701609406,GCF_006229755.1
GCF_006229755.1_prophage_8,0.7978265043764068,-0.17912814444687594,GCF_006229755.1
GCF_006229795.1_prophage_7,0.43595276230127306,0.18876882697853894,GCF_006229795.1
GCF_006229965.1_prophage_4,-0.5029159560200741,-0.3931614332625441,GCF_006229965.1
GCF_006229965.1_prophage_6,0.05375410782542573,0.1727074761561179,GCF_006229965.1
GCF_006230035.1_prophage_1,0.10422687675214339,0.1981862277545789,GCF_006230035.1
GCF_006230075.1_prophage_2,-0.16007631869583563,-0.6756724793963865,GCF_006230075.1
GCF_006230195.1_prophage_4,-0.15970194068001473,-0.4664056942245539,GCF_006230195.1
GCF_006230245.1_prophage_1,-0.0666796539227086,0.06309887665957753,GCF_006230245.1
GCF_006230315.1_prophage_4,-0.353302775515747,0.6555077241805908,GCF_006230315.1
GCF_006230475.1_prophage_4,-0.19277457927891167,0.7124031351844173,GCF_006230475.1
GCF_006230715.1_prophage_5,-0.32389331386079734,-0.7340176743648551,GCF_006230715.1
GCF_006230715.1_prophage_8,-0.4199283229450141,-0.3091990551879305,GCF_006230715.1
GCF_006230745.1_prophage_8,-0.5507290605184779,-0.1966863960678405,GCF_006230745.1
GCF_006230825.1_prophage_3,-0.1374885448734017,-0.7784020382954221,GCF_006230825.1
GCF_006230855.1_prophage_6,0.6388663384534669,-0.44482639829897336,GCF_006230855.1
GCF_006230925.1_prophage_6,-0.6208976588773699,-0.34016908382812855,GCF_006230925.1
GCF_006230935.1_prophage_1,0.01633679314625774,0.35463342748109583,GCF_006230935.1
GCF_006231115.1_prophage_1,-0.046791991674449945,0.43565917170852547,GCF_006231115.1
GCF_006231155.1_prophage_2,-0.05340372596019055,0.5197912226911726,GCF_006231155.1
GCF_006231205.1_prophage_1,0.5355048674363235,0.4540080199253117,GCF_006231205.1
GCF_006231425.1_prophage_3,-0.3732903336654991,0.6912785633349258,GCF_006231425.1
GCF_006231525.1_prophage_3,-0.04133617343130754,-0.18995803724896435,GCF_006231525.1
GCF_006231735.1_prophage_3,0.6601127064587081,-0.2905644365882305,GCF_006231735.1
GCF_006231875.1_prophage_5,-0.44148265304533163,-0.7151257245441868,GCF_006231875.1
GCF_006232095.1_prophage_3,-0.5058037758731859,-0.4912542818131641,GCF_006232095.1
GCF_006232615.1_prophage_1,-0.7812023025016541,-0.3328393557735256,GCF_006232615.1
GCF_006232615.1_prophage_9,0.034604044850707366,0.4002748645241281,GCF_006232615.1
GCF_006232635.1_prophage_5,-0.2792554636725807,0.15241613615655322,GCF_006232635.1
GCF_006232745.1_prophage_2,0.018690369456873763,-0.6198255438632441,GCF_006232745.1
GCF_006232895.1_prophage_2,-0.45813191287368393,-0.0773887880751919,GCF_006232895.1
GCF_006232955.1_prophage_3,-0.3736983807003506,0.26318092602636284,GCF_006232955.1
GCF_006233125.1_prophage_3,-0.0832828251458078,0.1615820260373711,GCF_006233125.1
GCF_006233435.1_prophage_5,0.5963548577069926,0.6039728623555563,GCF_006233435.1
GCF_006233475.1_prophage_4,-0.5898706951734967,-0.3327014649739697,GCF_006233475.1
GCF_006233715.1_prophage_1,0.42596059207823,0.17373660870453086,GCF_006233715.1
GCF_006233995.1_prophage_5,0.7503570278479039,-0.2927242992834417,GCF_006233995.1
GCF_006233995.1_prophage_7,0.4776049249769512,0.5837233942965171,GCF_006233995.1
GCF_006234165.1_prophage_3,-0.40550487575544913,0.12137257094454929,GCF_006234165.1
GCF_006234175.1_prophage_5,-0.019256561831774856,0.33451006192325733,GCF_006234175.1
GCF_006234245.1_prophage_2,0.008419199072868776,0.13903207681935462,GCF_006234245.1
GCF_006234245.1_prophage_3,-0.5787502848191868,0.6216169386028353,GCF_006234245.1
GCF_006234255.1_prophage_7,-0.12264114066984272,0.015723897040026955,GCF_006234255.1
GCF_006234265.1_prophage_7,0.6766512951835163,-0.4021048194390507,GCF_006234265.1
GCF_006234355.1_prophage_7,-0.04981351506005604,0.468593974611678,GCF_006234355.1
GCF_006234575.1_prophage_6,-0.23782422516318638,0.20115899199446502,GCF_006234575.1
GCF_006234795.1_prophage_2,0.3955477581971055,0.7482976340646889,GCF_006234795.1
GCF_006234815.1_prophage_2,0.7803200740389428,-0.22718572962185118,GCF_006234815.1
GCF_006234855.1_prophage_4,-0.6584616620628199,0.1560910660659983,GCF_006234855.1
GCF_006234855.1_prophage_7,-0.1931115189306283,0.22707524115693942,GCF_006234855.1
GCF_006234905.1_prophage_6,-0.3531465004850853,0.6940252086387293,GCF_006234905.1
GCF_006234945.1_prophage_5,0.017183502549109633,0.45279730952419806,GCF_006234945.1
GCF_006234955.1_prophage_1,-0.23599896201753495,0.15486710151213287,GCF_006234955.1
GCF_006234975.1_prophage_2,-0.2662892610861753,-0.462588174084145,GCF_006234975.1
GCF_006235025.1_prophage_2,0.5462404860109047,0.2527252170432272,GCF_006235025.1
GCF_006235115.1_prophage_1,0.4359606275047484,0.18880578483386054,GCF_006235115.1
GCF_006235155.1_prophage_3,0.7197807698928119,-0.40219831250009336,GCF_006235155.1
GCF_006235245.1_prophage_2,0.6682766903876163,-0.00632004824830161,GCF_006235245.1
GCF_006235245.1_prophage_3,-0.6044069531071061,0.5895334955622913,GCF_006235245.1
GCF_006235255.1_prophage_6,-0.6584625464603817,0.15608846103896717,GCF_006235255.1
GCF_006235315.1_prophage_4,0.7940225547750625,-0.17634012677101493,GCF_006235315.1
GCF_006235575.1_prophage_4,0.22923931982330437,0.2650900646275929,GCF_006235575.1
GCF_006235655.1_prophage_3,0.7633906484836178,0.3322406326240437,GCF_006235655.1
GCF_006235735.1_prophage_2,-0.09259391135858695,0.10217511173227513,GCF_006235735.1
GCF_006235985.1_prophage_6,0.2637490245716871,0.7204973552174293,GCF_006235985.1
GCF_006236005.1_prophage_3,0.625629413836189,-0.41867066829479166,GCF_006236005.1
GCF_006236185.1_prophage_1,0.1492911272651367,0.10162009379089405,GCF_006236185.1
GCF_006236345.1_prophage_2,-0.10458239413821792,0.10484095261658345,GCF_006236345.1
GCF_006236395.1_prophage_1,-0.15987871756061864,0.21174974544112904,GCF_006236395.1
GCF_006236465.1_prophage_2,0.43728298014849293,0.5879917487758659,GCF_006236465.1
GCF_006236465.1_prophage_6,-0.2579617827949392,0.18990778203496972,GCF_006236465.1
GCF_006236605.1_prophage_2,0.41022603432141197,0.18929081313460333,GCF_006236605.1
GCF_006237055.1_prophage_3,0.6737664129780214,-0.14236813715921215,GCF_006237055.1
GCF_006237245.1_prophage_2,-0.22302695093889408,-0.13911524999933117,GCF_006237245.1
GCF_006237485.1_prophage_3,-0.18915410356795292,0.225497986133291,GCF_006237485.1
GCF_006237525.1_prophage_1,-0.6585074067650578,0.1559567927998928,GCF_006237525.1
GCF_006237735.1_prophage_1,-0.009277062812923672,-0.6976306522729251,GCF_006237735.1
GCF_006237795.1_prophage_6,-0.17253108212990428,0.2124682224829045,GCF_006237795.1
GCF_006237835.1_prophage_3,-0.60770439240515,-0.5572894293746273,GCF_006237835.1
GCF_006238305.1_prophage_7,0.06293159214841587,-0.7958378063623532,GCF_006238305.1
GCF_006238365.1_prophage_3,0.1826977793015818,0.14670117724051485,GCF_006238365.1
GCF_006238395.1_prophage_5,0.4384398030587873,0.1877211200901129,GCF_006238395.1
GCF_006238415.1_prophage_3,0.5051867822411068,-0.08776654545783312,GCF_006238415.1
GCF_006238415.1_prophage_6,-0.2477531706723854,0.17613348926854713,GCF_006238415.1
GCF_006238465.1_prophage_1,0.4540209483700789,0.18810836885183047,GCF_006238465.1
GCF_006239175.1_prophage_8,0.5478082695174294,0.5191559556412026,GCF_006239175.1
GCF_006240975.1_prophage_3,-0.1568117178699741,-0.8145741574976907,GCF_006240975.1
GCF_006240985.1_prophage_2,0.21579977502420233,0.19909152537712635,GCF_006240985.1
GCF_006241175.1_prophage_2,-0.142349595951507,0.11133266102966889,GCF_006241175.1
GCF_006297245.1_prophage_2,0.3722265375748829,0.18999691826556864,GCF_006297245.1
GCF_006297285.1_prophage_3,-0.7116122236878453,-0.45197857812546355,GCF_006297285.1
GCF_006297285.1_prophage_5,-0.18280258958937282,0.22449159949923028,GCF_006297285.1
GCF_006297295.1_prophage_2,-0.6581784246022224,0.15630796650319742,GCF_006297295.1
GCF_006297355.1_prophage_4,-0.019611664515500053,0.7818956208244404,GCF_006297355.1
GCF_006335105.1_prophage_1,-0.26367293042082907,-0.7308604429279816,GCF_006335105.1
GCF_006337025.1_prophage_6,-0.5295285703356396,-0.04662130159033756,GCF_006337025.1
GCF_006348985.1_prophage_2,-0.04611047808423394,-0.15577843834030514,GCF_006348985.1
GCF_006349805.1_prophage_5,-0.5746113607304926,0.0841617480694072,GCF_006349805.1
GCF_006349835.1_prophage_1,-0.6596491143543219,0.153744757732028,GCF_006349835.1
GCF_006350225.1_prophage_1,-0.585102190761199,0.08564841181407826,GCF_006350225.1
GCF_006350295.1_prophage_2,0.7454291380092793,0.1052928086449733,GCF_006350295.1
GCF_006350535.1_prophage_1,-0.16293791645175384,-0.3778501812722017,GCF_006350535.1
GCF_006351415.1_prophage_1,0.5329317759600397,0.21229106585546376,GCF_006351415.1
GCF_006351445.1_prophage_4,-0.1998728956141254,-0.7647272869125377,GCF_006351445.1
GCF_006352165.1_prophage_7,-0.4051842007593762,-0.13347194384290015,GCF_006352165.1
GCF_006370475.1_prophage_1,0.4610411683338241,-0.6371772392738333,GCF_006370475.1
GCF_006376625.1_prophage_2,0.4654252134033025,0.18804840483220747,GCF_006376625.1
GCF_006376625.1_prophage_5,-0.6086031267794444,0.16591872802252988,GCF_006376625.1
GCF_006382995.1_prophage_5,-0.04132133135231132,-0.8018943368130687,GCF_006382995.1
GCF_006384095.1_prophage_1,-0.04939646541675768,0.8573239888132359,GCF_006384095.1
GCF_006537505.2_prophage_5,0.6625215706708714,0.15329365903181755,GCF_006537505.2
GCF_006540675.2_prophage_1,0.38539239438808487,-0.6298652601448452,GCF_006540675.2
GCF_006542785.1_prophage_8,0.11866057288846078,-0.7095393778122245,GCF_006542785.1
GCF_006542795.1_prophage_3,-0.3379460097794896,0.18167943567601957,GCF_006542795.1
GCF_006542815.1_prophage_3,-0.3379460097794895,0.18167943567601946,GCF_006542815.1
GCF_006542815.1_prophage_8,0.7996712237271241,-0.21085141055104145,GCF_006542815.1
GCF_006542945.1_prophage_2,0.37927563877117415,-0.6218465837658372,GCF_006542945.1
GCF_006542965.1_prophage_1,-0.3796251356393229,-0.7007168474518053,GCF_006542965.1
GCF_006546495.1_prophage_4,-0.08133477942361439,-0.51052017674784,GCF_006546495.1
GCF_006777045.1_prophage_5,0.33845630158116297,0.6533907535986931,GCF_006777045.1
GCF_007012305.1_prophage_1,0.1042860999682549,0.24126137388359575,GCF_007012305.1
GCF_007107705.1_prophage_2,-0.1994228753698922,-0.31636286324881446,GCF_007107705.1
GCF_007109165.1_prophage_6,0.2249864172204817,0.2517294294058473,GCF_007109165.1
GCF_007109165.1_prophage_7,0.1075394818922528,-0.8026895434765611,GCF_007109165.1
GCF_007109305.1_prophage_5,0.17303461564538056,0.24300966719822256,GCF_007109305.1
GCF_007109345.1_prophage_8,0.4553408090345999,0.5137463869365367,GCF_007109345.1
GCF_007109385.1_prophage_5,0.17692712348619202,-0.09580298167166305,GCF_007109385.1
GCF_007109445.1_prophage_4,-0.029571712508477885,-0.5710912532501901,GCF_007109445.1
GCF_007109465.1_prophage_3,-0.07914796660964514,0.10454991075909971,GCF_007109465.1
GCF_007109465.1_prophage_4,0.22484086441371542,0.25252065514755945,GCF_007109465.1
GCF_007352595.1_prophage_1,0.36063892879744713,0.6536808603184378,GCF_007352595.1
GCF_007352605.1_prophage_4,-0.49357976157161915,-0.2196009265427843,GCF_007352605.1
GCF_007558405.1_prophage_4,-0.14957597697188593,0.7930713123721016,GCF_007558405.1
GCF_007558435.1_prophage_3,-0.5475325205063688,-0.33767395756360646,GCF_007558435.1
GCF_007558515.1_prophage_2,-0.0856788113454678,0.3024352657360194,GCF_007558515.1
GCF_007558555.1_prophage_4,-0.24055036362545065,-0.7270481548040298,GCF_007558555.1
GCF_007558705.1_prophage_4,-0.019115929165498292,-0.7786723873137271,GCF_007558705.1
GCF_007558735.1_prophage_5,-0.575068240079438,0.552920560794429,GCF_007558735.1
GCF_007558785.1_prophage_5,0.1547720891982736,0.2519228688220856,GCF_007558785.1
GCF_007623825.1_prophage_1,-0.5014462577604678,-0.4619610850778635,GCF_007623825.1
GCF_007625195.1_prophage_2,0.5269327560149264,0.538240659833644,GCF_007625195.1
GCF_007625195.1_prophage_3,-0.0547192933195793,-0.3839174948576138,GCF_007625195.1
GCF_007826925.1_prophage_3,-0.030594655394897825,0.10908632616051507,GCF_007826925.1
GCF_007833295.1_prophage_6,-0.1557132177951658,-0.5460181213850561,GCF_007833295.1
GCF_007833875.1_prophage_4,0.47501112555405417,-0.3218289076919648,GCF_007833875.1
GCF_007844405.1_prophage_3,0.34585918121002335,-0.621496396314224,GCF_007844405.1
GCF_007844465.1_prophage_4,-0.13168984813574375,0.25871165846855065,GCF_007844465.1
GCF_007844495.1_prophage_3,-0.5933524564897072,0.020469661574452888,GCF_007844495.1
GCF_007844575.1_prophage_2,0.1397234301035801,0.16169906440074744,GCF_007844575.1
GCF_007844615.1_prophage_1,0.4564387856179837,-0.6285822746585591,GCF_007844615.1
GCF_007844755.1_prophage_1,-0.6036224237761805,-0.013821223772051397,GCF_007844755.1
GCF_007954215.2_prophage_3,-0.45630248581466426,-0.07184246653159398,GCF_007954215.2
GCF_008033495.1_prophage_4,0.3518574855491968,-0.6215205885352616,GCF_008033495.1
GCF_008033575.1_prophage_2,0.19849419591327533,0.13290946625152117,GCF_008033575.1
GCF_008033585.1_prophage_3,0.22762515520678123,0.11632907849468005,GCF_008033585.1
GCF_008033655.1_prophage_1,-0.27101202311397465,0.22853358578848085,GCF_008033655.1
GCF_008040595.1_prophage_4,0.19666378380405822,-0.6601008872579316,GCF_008040595.1
GCF_008040885.1_prophage_3,0.635769010147073,-0.4705275647190921,GCF_008040885.1
GCF_008040945.1_prophage_3,-0.2999578629423137,-0.030590621792779275,GCF_008040945.1
GCF_008041295.1_prophage_3,-0.6521526974184192,0.36757187203937347,GCF_008041295.1
GCF_008041545.1_prophage_1,0.40731824237918446,0.5436080148245839,GCF_008041545.1
GCF_008041715.1_prophage_4,-0.6449003436117203,-0.21617095383454618,GCF_008041715.1
GCF_008041755.1_prophage_4,-0.6474628897350853,0.49418094281320873,GCF_008041755.1
GCF_008041775.1_prophage_5,-0.37128453683009816,0.30049275039513745,GCF_008041775.1
GCF_008080655.1_prophage_4,-0.12214155827952064,-0.46768164439484755,GCF_008080655.1
GCF_008080655.1_prophage_6,0.6078903614899674,-0.06247095038840148,GCF_008080655.1
GCF_008081955.1_prophage_1,-0.0594820268998468,-0.6002608487108052,GCF_008081955.1
GCF_008082755.1_prophage_7,-0.47880383810304494,-0.07196136850242935,GCF_008082755.1
GCF_008082825.1_prophage_6,-0.026719449819398132,0.34577477647051214,GCF_008082825.1
GCF_008120135.1_prophage_7,-0.4204816681018166,-0.6773655945600903,GCF_008120135.1
GCF_008120335.1_prophage_5,0.6663582859678978,-0.32282592662223547,GCF_008120335.1
GCF_008120475.1_prophage_2,0.6788551802907672,0.5320267055032765,GCF_008120475.1
GCF_008120475.1_prophage_9,0.11945911054365041,-0.5105070805835069,GCF_008120475.1
GCF_008122325.1_prophage_11,-0.016776726913183233,0.46495748751102167,GCF_008122325.1
GCF_008124105.1_prophage_3,-0.10767167066280148,-0.5133715378054976,GCF_008124105.1
GCF_008124245.1_prophage_6,0.021117725662651674,0.3026998819212881,GCF_008124245.1
GCF_008124285.1_prophage_2,-0.2981214632283654,0.12865335490516425,GCF_008124285.1
GCF_008124285.1_prophage_6,-0.1076703315845244,-0.5133714309559482,GCF_008124285.1
GCF_008326445.1_prophage_2,-0.5070349076622814,0.014800764933228334,GCF_008326445.1
GCF_008326485.1_prophage_7,0.6587400403961687,-0.39197559779520125,GCF_008326485.1
GCF_008329685.1_prophage_2,-0.4693863668039826,0.04674450392506895,GCF_008329685.1
GCF_008364875.1_prophage_4,0.6920492882840017,0.20609675001048194,GCF_008364875.1
GCF_008365155.1_prophage_2,-0.3736066214650909,-0.34912987587389077,GCF_008365155.1
GCF_008365175.1_prophage_3,0.7104177672774797,0.16576395786407688,GCF_008365175.1
GCF_008373455.1_prophage_2,-0.6688289816343955,-0.17227072608813068,GCF_008373455.1
GCF_008373595.1_prophage_8,0.6009113153365374,0.21979432300347673,GCF_008373595.1
GCF_008385365.1_prophage_3,-0.6238021324520155,-0.105811224555692,GCF_008385365.1
GCF_008385675.1_prophage_1,-0.6563437384609578,0.2205860169377942,GCF_008385675.1
GCF_008388375.1_prophage_3,0.24685536527805657,0.026889109239032264,GCF_008388375.1
GCF_008388495.1_prophage_3,-0.7230173417030423,-0.4313939822046485,GCF_008388495.1
GCF_008388605.1_prophage_1,0.1910981349290569,0.20082772019231832,GCF_008388605.1
GCF_008388675.1_prophage_2,0.4359707562769798,0.18879231109394445,GCF_008388675.1
GCF_008388895.1_prophage_5,0.007591124761225374,0.4633667457087352,GCF_008388895.1
GCF_008388975.1_prophage_1,0.11051023047033202,0.197144316629431,GCF_008388975.1
GCF_008388975.1_prophage_4,-0.025431775711174505,-0.7428939597222326,GCF_008388975.1
GCF_008389135.1_prophage_1,0.7037930207246882,0.4812829588410421,GCF_008389135.1
GCF_008389215.1_prophage_3,0.16664613946876983,-0.6443518209155971,GCF_008389215.1
GCF_008389335.1_prophage_7,-0.7525846056709345,-0.21583901280620169,GCF_008389335.1
GCF_008462425.1_prophage_12,-0.2523248036852675,0.1843794641969119,GCF_008462425.1
GCF_008462425.1_prophage_2,0.17319696950876462,0.2544769306271473,GCF_008462425.1
GCF_008502215.1_prophage_1,-0.5264795036760621,-0.5568160883310548,GCF_008502215.1
GCF_008632195.1_prophage_2,-0.4694006374756072,0.046621881406288625,GCF_008632195.1
GCF_008632275.1_prophage_4,-0.2461613024094973,-0.5484256243647,GCF_008632275.1
GCF_008632275.1_prophage_5,-0.13048353365786952,-0.7946122863205017,GCF_008632275.1
GCF_008632555.1_prophage_4,0.14828446572835002,-0.570947429190049,GCF_008632555.1
GCF_008633505.1_prophage_6,0.16663969213096852,-0.09538623729674263,GCF_008633505.1
GCF_008633645.1_prophage_1,0.48177027091316277,0.19209276772511732,GCF_008633645.1
GCF_008633665.1_prophage_4,0.17401096631585658,-0.6120156150037885,GCF_008633665.1
GCF_008633705.1_prophage_2,-0.5094577762184368,0.610622272568826,GCF_008633705.1
GCF_008633745.1_prophage_2,-0.12361814743002829,0.07135851894110425,GCF_008633745.1
GCF_008633825.1_prophage_1,0.17442409500076853,-0.6115434523638916,GCF_008633825.1
GCF_008633845.1_prophage_1,0.398065549958336,-0.01733492125395141,GCF_008633845.1
GCF_008634095.1_prophage_5,-0.04244485118515673,0.7287581071766921,GCF_008634095.1
GCF_008634165.1_prophage_4,0.6569702697427839,0.2147726416749816,GCF_008634165.1
GCF_008634405.1_prophage_3,0.4820825251942757,0.19231061934336546,GCF_008634405.1
GCF_008634425.1_prophage_4,-0.6120834847569846,-0.25895617327481685,GCF_008634425.1
GCF_008634505.1_prophage_1,-0.4322209082597222,-0.27227925981763923,GCF_008634505.1
GCF_008634665.1_prophage_2,-0.46970687032990255,-0.20455290355112854,GCF_008634665.1
GCF_008634855.1_prophage_5,0.5032720042835069,-0.24484808041404563,GCF_008634855.1
GCF_008634905.1_prophage_6,0.19593141414182982,-0.6027517035070068,GCF_008634905.1
GCF_008635005.1_prophage_7,0.16140223349639912,-0.17614187664116993,GCF_008635005.1
GCF_008635105.1_prophage_2,0.17119410675132532,-0.5790939434945738,GCF_008635105.1
GCF_008635295.1_prophage_2,0.7425248567875441,-0.10059080674091597,GCF_008635295.1
GCF_008635665.1_prophage_3,0.49703924643803615,0.18651856862288396,GCF_008635665.1
GCF_008635685.1_prophage_3,-0.10654011279467214,0.26987955334835106,GCF_008635685.1
GCF_008635895.1_prophage_2,-0.6054401376131873,-0.17552756077998435,GCF_008635895.1
GCF_008635915.1_prophage_5,0.011119734267155833,-0.22207728353648495,GCF_008635915.1
GCF_008635965.1_prophage_3,-0.3605554023434582,0.6959025282810588,GCF_008635965.1
GCF_008693295.1_prophage_4,0.4932949418936197,-0.6049760731543371,GCF_008693295.1
GCF_008727155.1_prophage_11,0.1850203220365136,0.2501566503518052,GCF_008727155.1
GCF_008727175.1_prophage_15,-0.37510494882970347,0.051241897360015824,GCF_008727175.1
GCF_008806645.1_prophage_4,0.47255304342424465,-0.5161867119994374,GCF_008806645.1
GCF_008824125.1_prophage_4,0.15149788339200904,0.13570342086118112,GCF_008824125.1
GCF_008925965.1_prophage_15,-0.13435246375493567,-0.18416585406849278,GCF_008925965.1
GCF_008926125.1_prophage_12,-0.35469272659124446,0.7102101956172575,GCF_008926125.1
GCF_008926145.1_prophage_2,-0.20672589054409518,0.06520635003041717,GCF_008926145.1
GCF_008926185.1_prophage_12,-0.22093001820179908,0.19773945389317021,GCF_008926185.1
GCF_008926305.1_prophage_11,-0.2486346321951648,0.2025845721187466,GCF_008926305.1
GCF_008931165.1_prophage_7,-0.20768604443281716,-0.308477657999956,GCF_008931165.1
GCF_008931185.1_prophage_12,0.192314323497242,0.24791449256414813,GCF_008931185.1
GCF_008931185.1_prophage_3,-0.1214133266861357,-0.004484362083638797,GCF_008931185.1
GCF_008933225.1_prophage_2,-0.4013738814177823,0.10123555907612843,GCF_008933225.1
GCF_009361745.1_prophage_3,-0.6179048271568288,-0.34414557280363567,GCF_009361745.1
GCF_009361835.1_prophage_5,0.19792514558478466,-0.6513172047093188,GCF_009361835.1
GCF_009361875.1_prophage_7,0.5567439570922836,0.4328293059484142,GCF_009361875.1
GCF_009361915.1_prophage_4,-0.4760409810115633,0.6778466145468428,GCF_009361915.1
GCF_009361925.1_prophage_3,-0.486193244943533,-0.1096394828445827,GCF_009361925.1
GCF_009362035.1_prophage_2,0.3410669485888752,-0.6913608193323126,GCF_009362035.1
GCF_009362065.1_prophage_3,-0.486193244945523,-0.10963948284062117,GCF_009362065.1
GCF_009393045.1_prophage_6,-0.3505328212553374,0.7517064104740899,GCF_009393045.1
GCF_009393275.1_prophage_3,-0.020142041717529775,0.42112450037888316,GCF_009393275.1
GCF_009393445.1_prophage_3,-0.41972752043406575,-0.02684330613438408,GCF_009393445.1
GCF_009393765.1_prophage_1,-0.6691640302556745,0.1777323053993423,GCF_009393765.1
GCF_009393765.1_prophage_3,-0.020142039523107013,0.42112450053899386,GCF_009393765.1
GCF_009393815.1_prophage_3,0.13563342825154154,-0.684688074192527,GCF_009393815.1
GCF_009393855.1_prophage_1,-0.45504233107389375,-0.6930853481755643,GCF_009393855.1
GCF_009394225.1_prophage_2,0.4819142089473424,-0.6237731986614782,GCF_009394225.1
GCF_009394305.1_prophage_4,0.20916708968114536,0.7516973529214749,GCF_009394305.1
GCF_009394345.1_prophage_4,-0.28309255931630517,0.596376180212842,GCF_009394345.1
GCF_009394395.1_prophage_3,-0.49114160887817937,0.14155101720380048,GCF_009394395.1
GCF_009394575.1_prophage_3,0.3862907748642673,-0.6787103508506279,GCF_009394575.1
GCF_009394595.1_prophage_5,0.7715465240334841,-0.06590930385502436,GCF_009394595.1
GCF_009394595.1_prophage_7,0.474946007384287,0.7140338656111647,GCF_009394595.1
GCF_009431955.1_prophage_14,0.08672104367593055,0.20250008507303147,GCF_009431955.1
GCF_009432415.1_prophage_4,0.18047183990906518,0.25079299803342675,GCF_009432415.1
GCF_009432795.1_prophage_15,0.24011080638686771,-0.045942999838176124,GCF_009432795.1
GCF_009432795.1_prophage_4,0.18052227696005285,0.25075834978493394,GCF_009432795.1
GCF_009433135.1_prophage_13,0.07647667963900208,0.22021348017089654,GCF_009433135.1
GCF_009495425.1_prophage_13,0.17867727693444982,0.2613838002784961,GCF_009495425.1
GCF_009495425.1_prophage_7,-0.18206436581670116,0.2067598001082587,GCF_009495425.1
GCF_009495455.1_prophage_3,-0.06724524855779537,-0.5781390307262981,GCF_009495455.1
GCF_009495455.1_prophage_4,0.6071638485628517,0.27153340164951056,GCF_009495455.1
GCF_009497625.2_prophage_1,-0.14736499978355672,-0.7380161980119591,GCF_009497625.2
GCF_009600735.1_prophage_1,0.22153619585349785,-0.13312737858224075,GCF_009600735.1
GCF_009647805.1_prophage_2,0.49730976991800574,0.2003110526477652,GCF_009647805.1
GCF_009647935.1_prophage_6,-0.12268739888650687,-0.7049443445560093,GCF_009647935.1
GCF_009648065.1_prophage_5,-0.254793847551961,-0.2010011970959237,GCF_009648065.1
GCF_009649305.1_prophage_3,0.20893270132825892,-0.456702674267823,GCF_009649305.1
GCF_009649395.1_prophage_1,0.21515894516061537,0.12158453343291359,GCF_009649395.1
GCF_009650035.1_prophage_13,-0.2213390914501713,0.15300609140549287,GCF_009650035.1
GCF_009664305.1_prophage_10,0.17624650458550478,0.2623534572079149,GCF_009664305.1
GCF_009709775.1_prophage_3,-0.14719350977738327,0.8377246524362618,GCF_009709775.1
GCF_009709945.1_prophage_10,0.45396614744153524,-0.6308581198930316,GCF_009709945.1
GCF_009709945.1_prophage_3,0.7915110438930683,-0.006308856597280191,GCF_009709945.1
GCF_009709945.1_prophage_6,-0.27671230627893945,0.19551471284131758,GCF_009709945.1
GCF_009709985.1_prophage_1,-0.14987563588824782,0.1303082085741233,GCF_009709985.1
GCF_009720095.1_prophage_2,0.22531535895068838,-0.593620183321884,GCF_009720095.1
GCF_009720095.1_prophage_6,-0.17600454545079378,0.796083929619475,GCF_009720095.1
GCF_009720605.1_prophage_3,-0.26854729905987945,0.18139331037750367,GCF_009720605.1
GCF_009729615.1_prophage_3,0.4828123694792143,0.03400471132322031,GCF_009729615.1
GCF_009729655.1_prophage_6,-0.4543046920588079,0.14903278471169462,GCF_009729655.1
GCF_009729755.1_prophage_2,0.729700095903767,0.12382002778747331,GCF_009729755.1
GCF_009738455.1_prophage_7,0.19127914312522096,0.2483524799002237,GCF_009738455.1
GCF_009741245.1_prophage_2,0.09342243387447945,0.794270312018404,GCF_009741245.1
GCF_009741245.1_prophage_3,0.5197177855484957,0.6728273273791948,GCF_009741245.1
GCF_009760995.1_prophage_3,-0.15478703396478868,0.04517468537877253,GCF_009760995.1
GCF_009761045.1_prophage_1,-0.48843920239223776,0.6700099030620511,GCF_009761045.1
GCF_009761075.1_prophage_2,-0.14390335839694174,0.07724423840245818,GCF_009761075.1
GCF_009761865.1_prophage_1,0.7923187352359599,-0.23154477960747805,GCF_009761865.1
GCF_009761965.1_prophage_4,0.43869266867252665,-0.6335347677094127,GCF_009761965.1
GCF_009761975.1_prophage_3,-0.22378057063454576,-0.12032732129116785,GCF_009761975.1
GCF_009762015.1_prophage_3,-0.5702401883200011,0.17491941455458374,GCF_009762015.1
GCF_009762015.1_prophage_8,-0.8488466166459956,0.21577105524704093,GCF_009762015.1
GCF_009762175.1_prophage_2,-0.5782932197096331,-0.014596162378490167,GCF_009762175.1
GCF_009762185.1_prophage_1,-0.4250391099947228,-0.6823564593504498,GCF_009762185.1
GCF_009762205.1_prophage_2,-0.5387680742023776,-0.39339181414289837,GCF_009762205.1
GCF_009766445.1_prophage_4,0.7115356267239542,0.19383195404633,GCF_009766445.1
GCF_009766455.1_prophage_1,0.3068389923476351,0.17587040859904304,GCF_009766455.1
GCF_009766675.1_prophage_2,0.13702633458184715,0.22335031256298535,GCF_009766675.1
GCF_009766725.1_prophage_2,-0.4752058744926365,-0.4050351283853757,GCF_009766725.1
GCF_009766725.1_prophage_4,0.40936910987329134,0.019216785932954252,GCF_009766725.1
GCF_009766925.1_prophage_1,0.18533764433778446,-0.6170336919233204,GCF_009766925.1
GCF_009767125.1_prophage_4,0.07732915367726549,0.38564843685079087,GCF_009767125.1
GCF_009767445.1_prophage_1,0.5708195609702796,0.5631771123114194,GCF_009767445.1
GCF_009767665.1_prophage_2,-0.15948389973010438,0.29758311669388876,GCF_009767665.1
GCF_009767735.1_prophage_1,0.5558976923251335,-0.3820139104992843,GCF_009767735.1
GCF_009767765.1_prophage_4,0.7009717882856433,-0.22169360624750523,GCF_009767765.1
GCF_009767765.1_prophage_5,0.3439065636561046,-0.6015492285543105,GCF_009767765.1
GCF_009767775.1_prophage_6,0.18861918871577793,-0.6159520809677423,GCF_009767775.1
GCF_009768365.1_prophage_4,0.32763926593856774,-0.6125192338863822,GCF_009768365.1
GCF_009768375.1_prophage_5,-0.362084677240705,0.16459954008759461,GCF_009768375.1
GCF_009768575.1_prophage_2,-0.684792333766665,-0.1398380134651117,GCF_009768575.1
GCF_009789815.1_prophage_3,0.3749747059163997,-0.12002826334032289,GCF_009789815.1
GCF_009789925.1_prophage_7,-0.35333271534798294,0.7341861653224981,GCF_009789925.1
GCF_009790025.1_prophage_3,0.4451563337613226,-0.6315123071139233,GCF_009790025.1
GCF_009790315.1_prophage_6,0.14111922438493138,-0.8286059701180459,GCF_009790315.1
GCF_009790485.1_prophage_1,0.7599756177180389,-0.15744076234809856,GCF_009790485.1
GCF_009790585.1_prophage_3,0.1277117104954735,0.24534722379969992,GCF_009790585.1
GCF_009790715.1_prophage_5,-0.5076927319644052,-0.33946641205662254,GCF_009790715.1
GCF_009790785.1_prophage_8,-0.49363789498580257,-0.07602306955925854,GCF_009790785.1
GCF_009790875.1_prophage_4,-0.23679530173857521,0.12029941830858613,GCF_009790875.1
GCF_009791125.1_prophage_3,-0.6234069762532461,0.3495854989907146,GCF_009791125.1
GCF_009791205.1_prophage_1,-0.35201109041957557,-0.5838036369400129,GCF_009791205.1
GCF_009793435.1_prophage_2,0.4789911166178284,0.1847803000573445,GCF_009793435.1
GCF_009793435.1_prophage_4,0.3384204133312841,-0.6154968836243705,GCF_009793435.1
GCF_009793445.1_prophage_5,0.46707022216487654,-0.6261581367737902,GCF_009793445.1
GCF_009793715.1_prophage_7,0.3171697908360183,0.569902664560002,GCF_009793715.1
GCF_009793855.1_prophage_1,0.4230889468096701,0.6202141040802986,GCF_009793855.1
GCF_009794015.1_prophage_6,0.6143525294001453,0.2137294673896709,GCF_009794015.1
GCF_009794395.1_prophage_6,0.6117891656434775,-0.42923587690189263,GCF_009794395.1
GCF_009794405.1_prophage_6,0.43439701193186614,-0.6096372672446991,GCF_009794405.1
GCF_009794435.1_prophage_3,-0.8419661802297222,-0.2048703453202621,GCF_009794435.1
GCF_009794435.1_prophage_6,0.4116400622839028,-0.6280174160064429,GCF_009794435.1
GCF_009794465.1_prophage_5,0.6585970050611344,0.5575156881542606,GCF_009794465.1
GCF_009794575.1_prophage_3,0.7160607083224962,-0.41330629221540116,GCF_009794575.1
GCF_009794595.1_prophage_1,0.6050135342254676,-0.21882615817213488,GCF_009794595.1
GCF_009794595.1_prophage_6,0.45788510303548896,0.3132629527143515,GCF_009794595.1
GCF_009794675.1_prophage_3,0.3715466682255344,-0.6782902323971554,GCF_009794675.1
GCF_009794805.1_prophage_2,0.2274469389767773,0.714728340002165,GCF_009794805.1
GCF_009794915.1_prophage_4,-0.6588920652684758,0.18914777729543492,GCF_009794915.1
GCF_009795025.1_prophage_3,0.3558734615371598,-0.6041895094345918,GCF_009795025.1
GCF_009795095.1_prophage_3,0.3420185305868749,-0.6165406927327142,GCF_009795095.1
GCF_009795195.1_prophage_1,-0.3813656770833502,0.43425490496382746,GCF_009795195.1
GCF_009795265.1_prophage_4,0.44020133315653975,-0.6155856071336403,GCF_009795265.1
GCF_009795505.1_prophage_3,0.49551129124669224,0.633369245178625,GCF_009795505.1
GCF_009795545.1_prophage_2,0.4398799727982715,-0.6293015741840505,GCF_009795545.1
GCF_009795575.1_prophage_2,-0.17551673013331898,-0.32043758451104404,GCF_009795575.1
GCF_009795605.1_prophage_2,-0.6514367780430615,0.0343458149727115,GCF_009795605.1
GCF_009798165.1_prophage_5,-0.0025625699194318317,0.840116752933838,GCF_009798165.1
GCF_009798405.1_prophage_6,0.3614015546875884,0.6401584381143642,GCF_009798405.1
GCF_009798525.1_prophage_5,0.31069104220829136,0.6607138048883786,GCF_009798525.1
GCF_009798535.1_prophage_6,-0.5018853113714354,-0.0689051155575624,GCF_009798535.1
GCF_009798885.1_prophage_3,0.44052723799853194,-0.6285986319759104,GCF_009798885.1
GCF_009799035.1_prophage_6,-0.24388117015746094,-0.4363436941811334,GCF_009799035.1
GCF_009799045.1_prophage_5,-0.30534203979068697,0.2419173239567582,GCF_009799045.1
GCF_009812255.1_prophage_1,0.6570800512219616,0.21365727290381856,GCF_009812255.1
GCF_009812255.1_prophage_6,-0.763841795534436,0.12496562500432093,GCF_009812255.1
GCF_009820185.1_prophage_2,0.21305042650667202,0.70607221028968,GCF_009820185.1
GCF_009820475.1_prophage_4,-0.3513768013974081,-0.6049690781191339,GCF_009820475.1
GCF_009820475.1_prophage_6,-0.29238627717093435,-0.7729218551216707,GCF_009820475.1
GCF_009820485.1_prophage_4,0.3489609871016751,-0.6084843917868361,GCF_009820485.1
GCF_009820635.1_prophage_1,-0.32433722801318043,0.17807890835508522,GCF_009820635.1
GCF_009820655.1_prophage_3,-0.02804816145453512,0.435803623686797,GCF_009820655.1
GCF_009820855.1_prophage_3,0.46124059668813955,0.1727104491799156,GCF_009820855.1
GCF_009820955.1_prophage_3,0.7852376378539155,-0.05167519686010824,GCF_009820955.1
GCF_009822205.1_prophage_4,0.2197288038922516,0.16730151295306414,GCF_009822205.1
GCF_009822445.1_prophage_1,0.35428184993857703,0.6183984160406317,GCF_009822445.1
GCF_009822485.1_prophage_3,0.3332931578279204,-0.6202905936643968,GCF_009822485.1
GCF_009822715.1_prophage_4,-0.22352433684292183,0.20213467423637974,GCF_009822715.1
GCF_009822775.1_prophage_4,0.06739985761819758,0.18515521054100118,GCF_009822775.1
GCF_009822955.1_prophage_4,-0.49914072910753143,0.06916383413256656,GCF_009822955.1
GCF_009823015.1_prophage_5,0.31394202374580443,0.6849454273694794,GCF_009823015.1
GCF_009823115.1_prophage_1,0.3984839619535059,-0.6552393579792691,GCF_009823115.1
GCF_009823195.1_prophage_7,0.0018735240472089573,0.40458845881571515,GCF_009823195.1
GCF_009823305.1_prophage_3,-0.007527122255949384,-0.8264442067142471,GCF_009823305.1
GCF_009833485.1_prophage_3,-0.2151477214084519,-0.3087677008261261,GCF_009833485.1
GCF_009848295.1_prophage_5,0.2919736558067813,0.15149564335529578,GCF_009848295.1
GCF_009867015.2_prophage_11,0.45665182538161325,0.01383308270809237,GCF_009867015.2
GCF_009874745.1_prophage_2,0.42545876776922487,-0.6287385719731526,GCF_009874745.1
GCF_009880325.1_prophage_4,-0.6846900281145564,-0.14013542381738187,GCF_009880325.1
GCF_009880595.1_prophage_5,0.32740829603876603,-0.6126966841230106,GCF_009880595.1
GCF_009880635.1_prophage_1,0.755151778401384,0.2239693201058858,GCF_009880635.1
GCF_009880745.1_prophage_4,-0.05241580004911794,-0.7666058275260031,GCF_009880745.1
GCF_009880855.1_prophage_7,0.45536943938885255,0.21302826631161884,GCF_009880855.1
GCF_009880955.1_prophage_4,0.6095903488657238,0.23485056880238692,GCF_009880955.1
GCF_009882595.1_prophage_5,-0.6103261469873635,0.4288456043156237,GCF_009882595.1
GCF_009882835.1_prophage_7,-0.060403290874761276,0.15620599741323613,GCF_009882835.1
GCF_009882875.1_prophage_1,0.031998744043677904,-0.5101224239943672,GCF_009882875.1
GCF_009898505.1_prophage_2,-0.6451381139159243,-0.1762531053589022,GCF_009898505.1
GCF_009898505.1_prophage_3,-0.09353557667378005,-0.17036807708832055,GCF_009898505.1
GCF_009898505.1_prophage_4,0.4251383637984289,0.18679712701078147,GCF_009898505.1
GCF_009898925.1_prophage_5,-0.22536865512770637,-0.1361840264486006,GCF_009898925.1
GCF_009899155.1_prophage_2,-0.6033754797145715,-0.2894136778279544,GCF_009899155.1
GCF_009899355.1_prophage_6,-0.21881476896580782,0.031849331730836046,GCF_009899355.1
GCF_009899425.1_prophage_5,0.5459780022864108,-0.42680734046332847,GCF_009899425.1
GCF_009899455.1_prophage_2,-0.1910848486826641,-0.009641003428941508,GCF_009899455.1
GCF_009905135.1_prophage_2,-0.1133551169553952,0.12874604557681732,GCF_009905135.1
GCF_009909775.1_prophage_3,0.11216029899849489,0.11368359030293206,GCF_009909775.1
GCF_009909835.1_prophage_7,-0.6393788316138764,-0.4782035925586125,GCF_009909835.1
GCF_009909915.1_prophage_2,0.4177028428299281,-0.6168585591786777,GCF_009909915.1
GCF_009913415.1_prophage_3,-0.25140480260570164,0.19397110240081678,GCF_009913415.1
GCF_009913725.1_prophage_3,-0.5287668306786122,0.23459009430815597,GCF_009913725.1
GCF_009914295.1_prophage_1,0.18616493794782085,-0.6426010013481888,GCF_009914295.1
GCF_009931235.1_prophage_3,-0.24863463219516505,0.20258457211874634,GCF_009931235.1
GCF_009951245.1_prophage_3,-0.12751235779906198,-0.8256060194741937,GCF_009951245.1
GCF_010078215.1_prophage_5,0.49187609668194265,0.20890038822804988,GCF_010078215.1
GCF_010365465.1_prophage_4,-0.47764380609637547,0.13305233710276188,GCF_010365465.1
GCF_010365525.1_prophage_3,-0.13717584512565073,0.08034443222858363,GCF_010365525.1
GCF_010590005.1_prophage_1,0.26108719894451327,0.6095216788044142,GCF_010590005.1
GCF_010590615.1_prophage_3,0.4831333999529913,0.6407921300954854,GCF_010590615.1
GCF_010590625.1_prophage_4,0.43596062681487086,0.18880579490445804,GCF_010590625.1
GCF_010597505.1_prophage_2,-0.02497393165774586,0.44788674109436144,GCF_010597505.1
GCF_010597655.1_prophage_4,0.4756395902928263,-0.6175357160193375,GCF_010597655.1
GCF_010597905.1_prophage_4,0.31156479760088424,0.16490259544644487,GCF_010597905.1
GCF_010597925.1_prophage_2,0.6504646211747815,0.4105643689972253,GCF_010597925.1
GCF_010598125.1_prophage_2,0.48172776057111444,0.19934629640030974,GCF_010598125.1
GCF_010598165.1_prophage_4,-0.32123447974842395,-0.30312308136585187,GCF_010598165.1
GCF_010598315.1_prophage_5,0.6467494834538705,-0.4316206599995587,GCF_010598315.1
GCF_010598565.1_prophage_6,0.10522198566581308,0.7351824659537052,GCF_010598565.1
GCF_010598725.1_prophage_2,0.342078869684353,0.12717097342475361,GCF_010598725.1
GCF_010598725.1_prophage_3,-0.1011470851807471,0.26978633224997833,GCF_010598725.1
GCF_010671855.1_prophage_1,0.04704124493655184,0.8414181097603755,GCF_010671855.1
GCF_010671855.1_prophage_6,0.549467297984089,-0.1723841731370138,GCF_010671855.1
GCF_010725305.1_prophage_1,0.188620934494622,-0.6074025050926758,GCF_010725305.1
GCF_010725305.1_prophage_5,0.2247440351481715,0.2522576087464721,GCF_010725305.1
GCF_010820755.1_prophage_6,-0.3521154013061012,0.715001764649963,GCF_010820755.1
GCF_010820755.1_prophage_8,-0.76153045532423,-0.11339432751106092,GCF_010820755.1
GCF_010820785.1_prophage_2,0.5111267704569171,0.17273172900918482,GCF_010820785.1
GCF_010820905.1_prophage_4,-0.028424825067521257,-0.0603961062348161,GCF_010820905.1
GCF_010820905.1_prophage_6,-0.008856768198851154,-0.7060551230851385,GCF_010820905.1
GCF_010915835.1_prophage_2,-0.17429743032726153,-0.6148415051755808,GCF_010915835.1
GCF_010974965.1_prophage_2,-0.5885921926660467,0.5842591783278492,GCF_010974965.1
GCF_011008555.1_prophage_8,-0.023071068363353316,0.38722461392359453,GCF_011008555.1
GCF_011008755.1_prophage_1,-0.4526483695940409,-0.0722866854106733,GCF_011008755.1
GCF_011028045.1_prophage_5,-0.2975167532640329,-0.6977849837839994,GCF_011028045.1
GCF_011029465.1_prophage_1,-0.14064926997524235,0.09674061796686823,GCF_011029465.1
GCF_011029785.1_prophage_7,0.4379991973860365,-0.6374406263105351,GCF_011029785.1
GCF_011032095.1_prophage_1,0.10906243106400289,0.19719883754145193,GCF_011032095.1
GCF_011032135.1_prophage_8,0.4699386439969564,0.04267098610853363,GCF_011032135.1
GCF_011032195.1_prophage_4,0.37888136229415076,0.5639913662487643,GCF_011032195.1
GCF_011032345.1_prophage_2,0.17155692103752623,-0.6146863164933415,GCF_011032345.1
GCF_011032445.1_prophage_1,0.4727325435141057,-0.25802522441239484,GCF_011032445.1
GCF_011032525.1_prophage_4,-0.587486197744021,0.5794827869010755,GCF_011032525.1
GCF_011032645.1_prophage_5,0.5748016736038599,0.21097538285609557,GCF_011032645.1
GCF_011032685.1_prophage_8,-0.6794526962686135,-0.1681149274189344,GCF_011032685.1
GCF_011032695.1_prophage_6,0.28214629561610705,0.6749413386701126,GCF_011032695.1
GCF_011033175.1_prophage_2,0.6995547650538596,0.4681825526480969,GCF_011033175.1
GCF_011033235.1_prophage_1,0.4861587030009043,0.20122498357072846,GCF_011033235.1
GCF_011043615.1_prophage_2,-0.13820875300429789,0.1900614080917875,GCF_011043615.1
GCF_011043635.1_prophage_6,0.12192407806365105,-0.64502322451509,GCF_011043635.1
GCF_011044235.1_prophage_6,-0.29812146322836547,0.1286533549051643,GCF_011044235.1
GCF_011045215.1_prophage_7,-0.10160574469939038,0.1646954573338797,GCF_011045215.1
GCF_011077535.1_prophage_3,-0.2302322852243845,0.8146732252387955,GCF_011077535.1
GCF_011077545.1_prophage_3,0.6805839081024078,-0.4569929167192195,GCF_011077545.1
GCF_011077925.1_prophage_1,-0.06022465735814865,0.40109031740375833,GCF_011077925.1
GCF_011078315.1_prophage_7,0.021181101922449777,-0.6676024607488044,GCF_011078315.1
GCF_011250605.1_prophage_2,-0.27599398447944845,-0.23631436280097437,GCF_011250605.1
GCF_011383085.1_prophage_1,-0.220206647459504,0.22021902196221563,GCF_011383085.1
GCF_011492985.1_prophage_1,0.03138706834453543,0.3470819713853579,GCF_011492985.1
GCF_011600875.1_prophage_1,-0.1827791804991363,0.03623215340971473,GCF_011600875.1
GCF_011601145.1_prophage_1,-0.05747183873916826,-0.3915176100295428,GCF_011601145.1
GCF_011601145.1_prophage_2,-0.4849125899684272,-0.08580342547913544,GCF_011601145.1
GCF_011603085.1_prophage_3,-0.23672276372196308,-0.7948944226192683,GCF_011603085.1
GCF_011604845.1_prophage_1,-0.1914224427106405,-0.4442159863726147,GCF_011604845.1
GCF_011605085.1_prophage_1,-0.5535920014872652,-0.6348987589550631,GCF_011605085.1
GCF_011605205.1_prophage_6,-0.32213944173246634,0.7252230570822454,GCF_011605205.1
GCF_011750995.1_prophage_1,-0.23037773813411952,-0.5322330023446226,GCF_011750995.1
GCF_011751215.1_prophage_3,0.4225285048704878,-0.6032898529900143,GCF_011751215.1
GCF_011751405.1_prophage_1,0.23154529572667107,-0.5452598054738553,GCF_011751405.1
GCF_011765445.1_prophage_2,-0.2996132103436122,0.12899168697956517,GCF_011765445.1
GCF_011881705.1_prophage_1,-0.2155877068593459,0.36556477510854174,GCF_011881705.1
GCF_012034375.1_prophage_5,0.46736775147063203,-0.6268579223535901,GCF_012034375.1
GCF_012056855.1_prophage_6,-0.14584745694491044,-0.11889495737863477,GCF_012056855.1
GCF_012056965.1_prophage_7,0.6574309995259512,-0.11283628305415075,GCF_012056965.1
GCF_012062995.1_prophage_3,0.36418147162778625,-0.6107541808686069,GCF_012062995.1
GCF_012063365.1_prophage_3,-0.46545153552413515,-0.08857926394632633,GCF_012063365.1
GCF_012221565.1_prophage_3,-0.46265331609680643,0.0722601977256741,GCF_012221565.1
GCF_012221565.1_prophage_5,-0.34152961167388574,0.7176049657503133,GCF_012221565.1
GCF_012275555.1_prophage_6,-0.35359848714174863,-0.7129345391846682,GCF_012275555.1
GCF_012275695.1_prophage_4,0.6661447605173403,0.40392809546934383,GCF_012275695.1
GCF_012371425.1_prophage_1,0.2865847991295898,0.8136210768945747,GCF_012371425.1
GCF_012934455.1_prophage_4,0.04175704613665865,0.21172851717699237,GCF_012934455.1
GCF_012934475.1_prophage_2,-0.4762844136240669,-0.0657402796338911,GCF_012934475.1
GCF_012934715.1_prophage_2,-0.3787723198423358,-0.701206929444588,GCF_012934715.1
GCF_012952545.1_prophage_1,0.21406874808449944,0.25832059891296444,GCF_012952545.1
GCF_012978145.1_prophage_1,0.3770587628055211,-0.6745717048740623,GCF_012978145.1
GCF_012978195.1_prophage_3,0.5225803185616177,-0.19477107073438213,GCF_012978195.1
GCF_012978305.1_prophage_1,0.5449409774466483,0.25147897773138217,GCF_012978305.1
GCF_012978375.1_prophage_2,-0.04787314485131091,0.1517952844792435,GCF_012978375.1
GCF_012978375.1_prophage_5,0.09816600418875994,0.7772517911714668,GCF_012978375.1
GCF_013007615.1_prophage_4,-0.3311457099826971,-0.7654872154535732,GCF_013007615.1
GCF_013030575.1_prophage_3,-0.31300634545995504,0.5440605926000228,GCF_013030575.1
GCF_013047105.1_prophage_1,-0.10450931341429077,-0.29477675318060625,GCF_013047105.1
GCF_013072745.1_prophage_9,-0.4396112560434852,-0.06604483329358035,GCF_013072745.1
GCF_013072925.1_prophage_1,-0.3908573257446923,-0.5017556125847824,GCF_013072925.1
GCF_013073225.1_prophage_3,-0.3110294388822992,0.03228372338283788,GCF_013073225.1
GCF_013073245.1_prophage_2,-0.49992036346369106,-0.09145749953432122,GCF_013073245.1
GCF_013073555.1_prophage_3,-0.6010766722691386,0.205432622395292,GCF_013073555.1
GCF_013073655.1_prophage_5,-0.5023919456589803,-0.35644991797347153,GCF_013073655.1
GCF_013073865.1_prophage_2,0.486005701466497,0.20121770122060634,GCF_013073865.1
GCF_013073925.1_prophage_4,0.12471531829963363,0.09038005795037664,GCF_013073925.1
GCF_013074045.1_prophage_4,-0.5016438131128618,-0.3560729707763032,GCF_013074045.1
GCF_013074055.1_prophage_1,0.4645978397746639,0.45732332640124934,GCF_013074055.1
GCF_013074195.1_prophage_2,0.05705869255146967,0.08370059896714208,GCF_013074195.1
GCF_013074285.1_prophage_5,0.5436957850471459,-0.02742299637785708,GCF_013074285.1
GCF_013074365.1_prophage_4,-0.4524947637327166,-0.07982633482327074,GCF_013074365.1
GCF_013084945.1_prophage_5,-0.15599592285424912,-0.19423335897581903,GCF_013084945.1
GCF_013085025.1_prophage_1,-0.2849204020421106,0.1899153493237684,GCF_013085025.1
GCF_013085905.2_prophage_9,-0.15281125216172756,0.8396438041108595,GCF_013085905.2
GCF_013131605.1_prophage_1,-0.01049621211683025,0.27102597896867825,GCF_013131605.1
GCF_013141925.1_prophage_12,-0.14889347410181314,0.011186546089864864,GCF_013141925.1
GCF_013166935.1_prophage_2,-0.039648549320730544,0.14715603627369583,GCF_013166935.1
GCF_013167035.1_prophage_2,-0.2886983234284997,0.3288988725566842,GCF_013167035.1
GCF_013167075.1_prophage_4,0.021125202181073353,0.30269736546552733,GCF_013167075.1
GCF_013167235.1_prophage_11,0.21158350257516273,0.25563240757098354,GCF_013167235.1
GCF_013167275.1_prophage_12,-0.1826353201741719,0.20674330738374389,GCF_013167275.1
GCF_013167335.1_prophage_8,0.1640567226712041,0.2558874393299008,GCF_013167335.1
GCF_013167495.1_prophage_9,0.8188323901640854,-0.1951753366119528,GCF_013167495.1
GCF_013167695.1_prophage_12,0.1920834836512498,0.24792256532079215,GCF_013167695.1
GCF_013167715.1_prophage_5,0.19806293536001313,0.25382599639565107,GCF_013167715.1
GCF_013167715.1_prophage_6,0.15610714652466876,0.2984050377196858,GCF_013167715.1
GCF_013167735.1_prophage_7,0.4460866789132624,-0.13989892949651425,GCF_013167735.1
GCF_013167755.1_prophage_5,-0.2522227764446837,0.12559746557988105,GCF_013167755.1
GCF_013167775.1_prophage_14,0.18198049375979425,0.2510965682445789,GCF_013167775.1
GCF_013167775.1_prophage_5,0.023178182211235597,0.21292113871022525,GCF_013167775.1
GCF_013167775.1_prophage_8,0.1895719329560996,0.2392963796080986,GCF_013167775.1
GCF_013167795.1_prophage_2,-0.36886562705583026,-0.5890763896615087,GCF_013167795.1
GCF_013167795.1_prophage_3,-0.38349947434147275,0.13014142099650866,GCF_013167795.1
GCF_013168055.1_prophage_1,0.2753138877736483,0.399226635785514,GCF_013168055.1
GCF_013168095.1_prophage_14,-0.39398211094089103,-0.2729515827269761,GCF_013168095.1
GCF_013168135.1_prophage_14,-0.24831488795790116,0.20243433249310552,GCF_013168135.1
GCF_013168155.1_prophage_16,-0.3654602997035782,-0.23326070567142493,GCF_013168155.1
GCF_013168195.1_prophage_16,-0.027720029696663314,-0.06337687594449519,GCF_013168195.1
GCF_013168235.1_prophage_12,0.20382082361982481,0.2615551805684038,GCF_013168235.1
GCF_013168255.1_prophage_5,-0.17391327672654017,0.2173924263435206,GCF_013168255.1
GCF_013169815.1_prophage_2,-0.6427729379544563,0.1688420979880183,GCF_013169815.1
GCF_013170525.1_prophage_4,0.4238230968487459,-0.2474579149640857,GCF_013170525.1
GCF_013170655.1_prophage_2,-0.33118625549545927,-0.662985859268939,GCF_013170655.1
GCF_013180955.1_prophage_2,-0.3627729226099002,0.552766890015171,GCF_013180955.1
GCF_013182685.1_prophage_1,-0.2843945706738403,0.18234700189123063,GCF_013182685.1
GCF_013182705.1_prophage_2,-0.21097842215596535,-0.33730877128064857,GCF_013182705.1
GCF_013182935.1_prophage_7,0.10325892214674011,0.7195056321767364,GCF_013182935.1
GCF_013183055.1_prophage_3,-0.15709350781122414,-0.5966955380659119,GCF_013183055.1
GCF_013183175.1_prophage_3,0.6412517872802448,-0.04853904362637916,GCF_013183175.1
GCF_013183235.1_prophage_7,0.30008713963399547,-0.48868018418190845,GCF_013183235.1
GCF_013183285.1_prophage_3,-0.48047949294328773,-0.06156569015733674,GCF_013183285.1
GCF_013183285.1_prophage_4,-0.4610043455918375,0.09379876086609477,GCF_013183285.1
GCF_013183305.1_prophage_8,0.23658210481590783,-0.5406198848305805,GCF_013183305.1
GCF_013183315.1_prophage_10,0.018562913922676824,0.4028027839944783,GCF_013183315.1
GCF_013183675.1_prophage_1,-0.01600204284680462,0.15676336733367777,GCF_013183675.1
GCF_013183725.1_prophage_6,-0.19731504274173753,-0.3409812292209451,GCF_013183725.1
GCF_013185345.1_prophage_1,-0.29117106248108593,-0.4164351284736001,GCF_013185345.1
GCF_013185455.1_prophage_1,0.07382620741035163,0.0286070623180338,GCF_013185455.1
GCF_013185455.1_prophage_5,-0.6372865008567363,0.014891211128895757,GCF_013185455.1
GCF_013185525.1_prophage_5,0.7146513597444255,-0.23750593486376698,GCF_013185525.1
GCF_013185625.1_prophage_4,-0.41301533068243274,0.6766234854516152,GCF_013185625.1
GCF_013185635.1_prophage_6,-0.40108331790191665,-0.6503084078773479,GCF_013185635.1
GCF_013185755.1_prophage_7,-0.6508540859344301,0.4879515576902757,GCF_013185755.1
GCF_013185885.1_prophage_3,0.3267026229100248,0.2672526843057911,GCF_013185885.1
GCF_013186735.1_prophage_2,-0.6379817889519929,-0.30886023549338515,GCF_013186735.1
GCF_013201505.1_prophage_1,0.22012932219110273,0.24615443781449745,GCF_013201505.1
GCF_013202035.1_prophage_10,-0.6925254322939403,-0.05053133007786732,GCF_013202035.1
GCF_013202035.1_prophage_9,-0.5197312816463266,0.5116172852342207,GCF_013202035.1
GCF_013282355.1_prophage_4,0.090257703214486,0.19439711745912405,GCF_013282355.1
GCF_013315675.1_prophage_3,-0.24989552404257376,0.3230363376234181,GCF_013315675.1
GCF_013315995.1_prophage_4,0.11809092691873671,0.19898937620357698,GCF_013315995.1
GCF_013340085.1_prophage_4,-0.42459500766364994,0.2985443560150182,GCF_013340085.1
GCF_013340115.1_prophage_1,-0.22602771816922543,0.3382333745441707,GCF_013340115.1
GCF_013341545.1_prophage_2,0.013026891957369379,0.7664879343475478,GCF_013341545.1
GCF_013342755.1_prophage_3,-0.430975777805482,-0.7144791662588783,GCF_013342755.1
GCF_013343595.1_prophage_3,0.704648582341452,-0.2588480565278584,GCF_013343595.1
GCF_013346965.1_prophage_3,-0.45574856780061956,0.020550087700689963,GCF_013346965.1
GCF_013347065.1_prophage_1,0.5008899395612454,0.0753649372551144,GCF_013347065.1
GCF_013357365.1_prophage_11,-0.10840774666461053,0.16016832540370293,GCF_013357365.1
GCF_013358935.1_prophage_5,0.1188882139087337,0.23344963252349674,GCF_013358935.1
GCF_013363225.1_prophage_4,0.5114597052253539,0.546196764213753,GCF_013363225.1
GCF_013368355.1_prophage_5,-0.18161650731437295,-0.019531641816144033,GCF_013368355.1
GCF_013369455.1_prophage_3,0.3261516997729594,-0.62507685402801,GCF_013369455.1
GCF_013369555.1_prophage_4,-0.1919610116110664,-0.29880629109962076,GCF_013369555.1
GCF_013369575.1_prophage_9,0.06922323937637964,-0.639364883786076,GCF_013369575.1
GCF_013369595.1_prophage_4,-0.45091968226933643,-0.05731092951673309,GCF_013369595.1
GCF_013369755.1_prophage_2,-0.26236914452000176,-0.09659442824958933,GCF_013369755.1
GCF_013370045.1_prophage_2,0.40864685658762623,-0.627145415585052,GCF_013370045.1
GCF_013370145.1_prophage_1,0.14503226157174015,0.1384457390523397,GCF_013370145.1
GCF_013370185.1_prophage_2,0.40749969548903336,-0.628119975087455,GCF_013370185.1
GCF_013370395.1_prophage_5,0.7406229951582924,-0.14176987405610014,GCF_013370395.1
GCF_013370585.1_prophage_1,0.2689511807394282,-0.08267684710430531,GCF_013370585.1
GCF_013370585.1_prophage_5,-0.18402417723997408,-0.2958533214499819,GCF_013370585.1
GCF_013370735.1_prophage_3,-0.17332381589570248,0.10079522656572763,GCF_013370735.1
GCF_013370805.1_prophage_3,0.15551318327926208,-0.6025921935255142,GCF_013370805.1
GCF_013372325.1_prophage_6,0.3773967990438203,0.19686672487108028,GCF_013372325.1
GCF_013372405.1_prophage_5,0.34579738315741376,0.15936305881611104,GCF_013372405.1
GCF_013374335.1_prophage_4,0.4430670841558059,-0.6337266966917638,GCF_013374335.1
GCF_013374895.1_prophage_5,-0.14053844898861842,0.046188854270181566,GCF_013374895.1
GCF_013374945.1_prophage_4,0.11465421104255494,-0.7025059979093723,GCF_013374945.1
GCF_013377805.1_prophage_3,0.3622863189595728,-0.6272244271263895,GCF_013377805.1
GCF_013389205.1_prophage_2,0.6463420362708042,-0.5122540493631205,GCF_013389205.1
GCF_013389265.1_prophage_1,0.5597882097854487,0.2589997847396154,GCF_013389265.1
GCF_013389265.1_prophage_4,0.5060505431355329,-0.5643350553573913,GCF_013389265.1
GCF_013389615.1_prophage_8,-0.4952757425503261,-0.6706365181381778,GCF_013389615.1
GCF_013391225.1_prophage_2,-0.495420841571243,-0.40803856786718373,GCF_013391225.1
GCF_013391275.1_prophage_2,0.15115286063410968,0.1971325843573955,GCF_013391275.1
GCF_013392285.1_prophage_5,0.4963074663771302,0.06313871354837987,GCF_013392285.1
GCF_013392345.1_prophage_3,0.5539151130645594,0.24072388774268066,GCF_013392345.1
GCF_013392425.1_prophage_1,0.18067158986259924,-0.6279445594403329,GCF_013392425.1
GCF_013392585.1_prophage_2,-0.5117232020330025,-0.6595608155404936,GCF_013392585.1
GCF_013392605.1_prophage_5,-0.4631913821807227,0.09315159612184175,GCF_013392605.1
GCF_013392665.1_prophage_4,0.3965343765236926,-0.6321278059782539,GCF_013392665.1
GCF_013394575.1_prophage_2,-0.3017357990566393,0.17260197531395444,GCF_013394575.1
GCF_013395595.1_prophage_3,-0.48229095518788756,0.11940702032249852,GCF_013395595.1
GCF_013395835.1_prophage_2,-0.043755513552153485,0.2679530774548842,GCF_013395835.1
GCF_013402855.1_prophage_4,0.09585332420895196,0.3997325648227393,GCF_013402855.1
GCF_013403165.1_prophage_1,-0.3916441770121656,-0.2660074122842835,GCF_013403165.1
GCF_013404195.1_prophage_3,-0.24354480740916484,-0.11630707980700168,GCF_013404195.1
GCF_013404235.1_prophage_1,-0.04049571684690719,0.45042812403954596,GCF_013404235.1
GCF_013404235.1_prophage_3,-0.48834519824906625,-0.03654405628802366,GCF_013404235.1
GCF_013404455.1_prophage_7,0.5265639519879018,-0.19003362236525442,GCF_013404455.1
GCF_013404535.1_prophage_1,0.2806060543166497,0.16278818171774714,GCF_013404535.1
GCF_013404565.1_prophage_3,0.1397485493035984,0.16166611206693124,GCF_013404565.1
GCF_013412845.1_prophage_1,0.3359701117581295,0.10454134169252326,GCF_013412845.1
GCF_013412915.1_prophage_4,0.11465850742257376,-0.13786680774192672,GCF_013412915.1
GCF_013412945.1_prophage_8,-0.5552591540097949,-0.5424316957164421,GCF_013412945.1
GCF_013413055.1_prophage_4,-0.22976769567760658,-0.07188174965075642,GCF_013413055.1
GCF_013413065.1_prophage_7,0.7831073484664473,-0.2014809415623637,GCF_013413065.1
GCF_013413135.1_prophage_2,-0.2270774965994051,0.36958734151530437,GCF_013413135.1
GCF_013413135.1_prophage_8,0.0011883343886090025,0.41669753013783123,GCF_013413135.1
GCF_013413215.1_prophage_2,-0.5475829363982195,-0.2476679229337801,GCF_013413215.1
GCF_013413285.1_prophage_7,0.6690343094311291,-0.0006418687051893962,GCF_013413285.1
GCF_013413415.1_prophage_2,-0.4718233699030598,-0.047203593610311956,GCF_013413415.1
GCF_013413565.1_prophage_3,-0.2308854186474414,0.2168393593456141,GCF_013413565.1
GCF_013413595.1_prophage_4,-0.12172172766011902,-0.30077735136730466,GCF_013413595.1
GCF_013413695.1_prophage_3,-0.3928289018923934,-0.3402834616120655,GCF_013413695.1
GCF_013413725.1_prophage_1,0.3622741107240329,-0.0026515178210719348,GCF_013413725.1
GCF_013413835.1_prophage_3,-0.06231169525847312,-0.6999560788109059,GCF_013413835.1
GCF_013414035.1_prophage_6,-0.6565103607071796,-0.009633252204380166,GCF_013414035.1
GCF_013414045.1_prophage_7,-0.22976769568852748,-0.07188174963070385,GCF_013414045.1
GCF_013414155.1_prophage_4,-0.5260560300612024,-0.5453187991210451,GCF_013414155.1
GCF_013421755.1_prophage_5,0.7948599539813294,0.036720652715958375,GCF_013421755.1
GCF_013421785.1_prophage_2,-0.22208789429128306,-0.686323095988023,GCF_013421785.1
GCF_013421875.1_prophage_2,0.6968467516333787,-0.23545793930298783,GCF_013421875.1
GCF_013422115.1_prophage_3,0.6923836273192159,-0.18088761685645602,GCF_013422115.1
GCF_013422365.1_prophage_1,-0.06184138812725004,0.7256442710566203,GCF_013422365.1
GCF_013422365.1_prophage_2,-0.40900087457537804,0.6679386049697402,GCF_013422365.1
GCF_013422465.1_prophage_5,0.613686005787245,-0.33480381323132224,GCF_013422465.1
GCF_013423565.1_prophage_1,-0.30168857222279555,0.2213727850945638,GCF_013423565.1
GCF_013424315.1_prophage_2,-0.19244235644732752,-0.4719914812229332,GCF_013424315.1
GCF_013424385.1_prophage_2,-0.47668060618641006,-0.08223481675702983,GCF_013424385.1
GCF_013424455.1_prophage_1,-0.045290361132566424,0.24923927746470714,GCF_013424455.1
GCF_013424665.1_prophage_1,-0.5222657011673361,-0.11694744562174995,GCF_013424665.1
GCF_013424765.1_prophage_9,-0.09970253549577139,-0.40947589570899545,GCF_013424765.1
GCF_013424915.1_prophage_2,0.12097149953025421,-0.059220918760105865,GCF_013424915.1
GCF_013425265.1_prophage_1,0.6936554877167243,-0.24039004703109687,GCF_013425265.1
GCF_013425935.1_prophage_1,-0.28655981720309315,0.22607903287848632,GCF_013425935.1
GCF_013601075.1_prophage_2,0.821165548928918,-0.1453206793459429,GCF_013601075.1
GCF_013601685.1_prophage_2,0.0803302999761189,0.23363614986982936,GCF_013601685.1
GCF_013601995.1_prophage_2,-0.5531989170174336,0.6418086047627434,GCF_013601995.1
GCF_013602005.1_prophage_5,0.04443801050319027,0.22644753353535066,GCF_013602005.1
GCF_013605085.1_prophage_7,0.5549663489535468,0.5253681730427768,GCF_013605085.1
GCF_013605475.1_prophage_1,0.39559987387532647,0.2012978196699318,GCF_013605475.1
GCF_013605475.1_prophage_2,-0.6628125743248651,0.09041821137230319,GCF_013605475.1
GCF_013605805.1_prophage_3,-0.18280258958937293,0.2244915994992292,GCF_013605805.1
GCF_013605925.1_prophage_2,-0.377441213182563,0.6859364471162465,GCF_013605925.1
GCF_013606025.1_prophage_8,0.3609200805742459,0.1976298340535375,GCF_013606025.1
GCF_013606725.1_prophage_10,-0.04870220649095253,0.25354606410922276,GCF_013606725.1
GCF_013606735.1_prophage_1,0.5703277021810086,-0.26674469912935633,GCF_013606735.1
GCF_013606925.1_prophage_6,-0.6569156250426993,0.15579708201443215,GCF_013606925.1
GCF_013607045.1_prophage_4,0.14080562493185242,0.7310983562381492,GCF_013607045.1
GCF_013607135.1_prophage_7,0.07266530475520776,0.23683236281886866,GCF_013607135.1
GCF_013607235.1_prophage_3,-0.1278920063066031,0.03171331751346137,GCF_013607235.1
GCF_013608285.1_prophage_3,-0.5384667284171258,0.6536344704772286,GCF_013608285.1
GCF_013608555.1_prophage_4,-0.1189478422594988,-0.3541600205101482,GCF_013608555.1
GCF_013608675.1_prophage_1,0.07463330227063383,0.1852783670164327,GCF_013608675.1
GCF_013608955.1_prophage_3,-0.549013415680702,0.14362466490269285,GCF_013608955.1
GCF_013609085.1_prophage_1,0.07337817553937231,0.15893894526994448,GCF_013609085.1
GCF_013609205.1_prophage_1,-0.5366035944793895,-0.34852975371935535,GCF_013609205.1
GCF_013609325.1_prophage_1,0.07463330227062401,0.18527836701646208,GCF_013609325.1
GCF_013618615.1_prophage_1,0.43858056946036705,-0.6325390613504246,GCF_013618615.1
GCF_013850805.1_prophage_4,0.2993118519563061,0.1053491669010787,GCF_013850805.1
GCF_013850835.1_prophage_3,0.6246641394113511,-0.24338329219423832,GCF_013850835.1
GCF_013850845.1_prophage_3,0.5386974292590985,-0.26696682051501647,GCF_013850845.1
GCF_013850905.1_prophage_5,-0.4419199853569696,0.22403020773453813,GCF_013850905.1
GCF_013851005.1_prophage_5,-0.17700988464988499,0.2636162570457069,GCF_013851005.1
GCF_013851135.1_prophage_7,-0.22432429105470075,-0.5753368138613236,GCF_013851135.1
GCF_013851185.1_prophage_2,-0.67673669892092,-0.430299773797558,GCF_013851185.1
GCF_013851255.1_prophage_5,-0.25057616938621624,-0.46990828363506876,GCF_013851255.1
GCF_014050335.1_prophage_1,-0.07868921271871282,-0.08739658631997206,GCF_014050335.1
GCF_014050415.1_prophage_1,-0.2381263706722919,0.21155071539615816,GCF_014050415.1
GCF_014058445.2_prophage_11,0.10194567809532741,0.22370884711671393,GCF_014058445.2
GCF_014058445.2_prophage_16,-0.2431774125690537,0.15080222080877953,GCF_014058445.2
GCF_014076685.2_prophage_5,-0.38325472162081087,0.08830716151967297,GCF_014076685.2
GCF_014117635.2_prophage_5,-0.4796326241539684,0.13259680258405324,GCF_014117635.2
GCF_014117645.2_prophage_2,-0.4859217604585304,-0.008956610994089212,GCF_014117645.2
GCF_014132535.1_prophage_4,-0.4136385118524181,-0.4651317234999567,GCF_014132535.1
GCF_014132555.1_prophage_5,0.02510871984699576,0.4518944745762221,GCF_014132555.1
GCF_014155105.1_prophage_4,-0.24658740381240615,0.16001319268485728,GCF_014155105.1
GCF_014155245.1_prophage_2,0.46064470366519067,0.02969335250758664,GCF_014155245.1
GCF_014168755.1_prophage_9,-0.2744522438021093,0.7462744422680124,GCF_014168755.1
GCF_014168775.1_prophage_6,0.18781239549439435,-0.5884345672015305,GCF_014168775.1
GCF_014169035.1_prophage_1,0.4800662362789093,-0.39016264645942333,GCF_014169035.1
GCF_014169415.1_prophage_4,0.3805702519117666,-0.6250137848888695,GCF_014169415.1
GCF_014169575.1_prophage_1,-0.28295806108793914,-0.6588009534700776,GCF_014169575.1
GCF_014170615.1_prophage_7,0.12141781921546473,0.21100015516719384,GCF_014170615.1
GCF_014170995.1_prophage_4,0.15546234828750144,0.24711640013713068,GCF_014170995.1
GCF_014216415.1_prophage_4,0.18262934232938016,0.7498299053515525,GCF_014216415.1
GCF_014216475.1_prophage_5,0.10817188698606969,0.34666731022949665,GCF_014216475.1
GCF_014216555.1_prophage_8,-0.4754927373647916,0.6070112825760164,GCF_014216555.1
GCF_014216715.1_prophage_8,0.1938717761722192,-0.46494433242809147,GCF_014216715.1
GCF_014216755.1_prophage_8,0.6786133594586664,0.34089244059514945,GCF_014216755.1
GCF_014216835.1_prophage_2,-0.05732229557848209,0.46220831290866227,GCF_014216835.1
GCF_014216955.1_prophage_6,-0.40105504978433676,-0.6993468817223925,GCF_014216955.1
GCF_014217015.1_prophage_4,-0.16004009646046857,0.6101135666849846,GCF_014217015.1
GCF_014217095.1_prophage_2,-0.3827115751704105,-0.0458768277240947,GCF_014217095.1
GCF_014235745.1_prophage_6,-0.08900668214398834,-0.7831198207944021,GCF_014235745.1
GCF_014263375.1_prophage_2,-0.4051842237391223,0.7299497416462447,GCF_014263375.1
GCF_014265895.1_prophage_2,-0.3076153212050724,0.12204051743989895,GCF_014265895.1
GCF_014295295.1_prophage_4,0.40931896991764793,-0.47640000433874174,GCF_014295295.1
GCF_014325365.1_prophage_9,0.0965918695520227,-0.7564397481124343,GCF_014325365.1
GCF_014332845.1_prophage_1,-0.1711769253553083,-0.17556602295036491,GCF_014332845.1
GCF_014332845.1_prophage_2,-0.0442508854670664,0.24353258110222825,GCF_014332845.1
GCF_014332875.1_prophage_3,0.5933208849345663,0.22487014268668168,GCF_014332875.1
GCF_014333955.1_prophage_2,0.4359606245529017,0.18880582651228764,GCF_014333955.1
GCF_014361285.1_prophage_1,0.42794719099906126,-0.556332545885592,GCF_014361285.1
GCF_014451125.1_prophage_4,0.46859075563873787,-0.6256024753908526,GCF_014451125.1
GCF_014490195.1_prophage_5,-0.11385439344017836,0.8483063138874994,GCF_014490195.1
GCF_014490375.1_prophage_2,0.47708052553917324,-0.6201761610652632,GCF_014490375.1
GCF_014493885.1_prophage_1,0.12425705815645563,-0.7261060615340138,GCF_014493885.1
GCF_014493885.1_prophage_4,0.12768755879543747,0.09871140250184816,GCF_014493885.1
GCF_014494135.1_prophage_2,0.46746733537299273,0.20104965152760432,GCF_014494135.1
GCF_014494185.1_prophage_3,0.5218030513791396,0.6079785863726574,GCF_014494185.1
GCF_014494245.1_prophage_1,-0.6023747217420397,-0.30861949858912835,GCF_014494245.1
GCF_014494455.1_prophage_2,-0.34156170570676425,0.7789229343498728,GCF_014494455.1
GCF_014494615.1_prophage_3,0.4343503883411111,-0.6043558530523571,GCF_014494615.1
GCF_014494845.1_prophage_3,0.7092398757074433,-0.15953940008104234,GCF_014494845.1
GCF_014494855.1_prophage_4,-0.41900696396746984,0.712285237267012,GCF_014494855.1
GCF_014495045.1_prophage_4,-0.6259808761221115,-0.3072044695072782,GCF_014495045.1
GCF_014495055.1_prophage_1,0.3776351115180454,-0.6232419806565616,GCF_014495055.1
GCF_014495085.1_prophage_9,0.6820524495963921,-0.28915119484270346,GCF_014495085.1
GCF_014495275.1_prophage_3,0.1519838820348888,0.6939702490903968,GCF_014495275.1
GCF_014495345.1_prophage_1,-0.6448894111395954,-0.19749120034135811,GCF_014495345.1
GCF_014495505.1_prophage_1,0.46140306133537917,0.21060685309737542,GCF_014495505.1
GCF_014526415.1_prophage_4,-0.37943812260836113,-0.6489093613069631,GCF_014526415.1
GCF_014526475.1_prophage_1,0.586091939531283,-0.49710464039640884,GCF_014526475.1
GCF_014527685.1_prophage_3,-0.5715037102535862,-0.13175158248376334,GCF_014527685.1
GCF_014527695.1_prophage_1,0.16471598333116358,-0.5824084192263416,GCF_014527695.1
GCF_014527695.1_prophage_4,0.3293046755521709,-0.6153585156134032,GCF_014527695.1
GCF_014527745.1_prophage_3,0.49510781835239914,0.05335008121673722,GCF_014527745.1
GCF_014527845.1_prophage_5,-0.6219391194721252,-0.18888522620707518,GCF_014527845.1
GCF_014527905.1_prophage_2,0.639462912268415,0.25017546234416993,GCF_014527905.1
GCF_014528595.1_prophage_2,-0.0427581037910212,0.2669282527018617,GCF_014528595.1
GCF_014528755.1_prophage_1,0.16906507331100426,-0.5742858013703256,GCF_014528755.1
GCF_014528785.1_prophage_1,0.004589394172481885,0.40232385089512734,GCF_014528785.1
GCF_014528785.1_prophage_9,0.24501209419567976,0.08990039030272916,GCF_014528785.1
GCF_014528945.1_prophage_7,0.27407669617930314,-0.3494713115004301,GCF_014528945.1
GCF_014529315.1_prophage_7,0.4236289186607783,-0.3712548380788895,GCF_014529315.1
GCF_014530555.1_prophage_5,-0.6584625965378589,0.1560883135958535,GCF_014530555.1
GCF_014622965.1_prophage_15,0.47578838233328197,0.5769824897469358,GCF_014622965.1
GCF_014623185.1_prophage_4,-0.26569813158409605,0.15288959775397595,GCF_014623185.1
GCF_014623185.1_prophage_8,0.1347147052747182,0.30642931469913764,GCF_014623185.1
GCF_014623205.1_prophage_13,0.7171979022738507,-0.24935844639720178,GCF_014623205.1
GCF_014623225.1_prophage_10,0.013070601496902038,0.44719086782174394,GCF_014623225.1
GCF_014623405.1_prophage_12,0.08059501746856597,0.3904146673186946,GCF_014623405.1
GCF_014623405.1_prophage_13,0.1687256715731825,-0.6195525727569888,GCF_014623405.1
GCF_014623405.1_prophage_4,0.1381424862813401,0.3060337864677869,GCF_014623405.1
GCF_014656605.1_prophage_6,-0.3643845099252297,0.6491491709677873,GCF_014656605.1
GCF_014705965.1_prophage_9,-0.1784973259797902,0.8194141813094733,GCF_014705965.1
GCF_014712365.1_prophage_1,-0.4583705971212413,0.056113878346691064,GCF_014712365.1
GCF_014712465.1_prophage_4,0.35145345347319684,-0.6217047462066256,GCF_014712465.1
GCF_014805805.1_prophage_2,-0.14491974785952827,-0.03895017561167158,GCF_014805805.1
GCF_014826015.1_prophage_2,-0.644151219990343,0.21194016242069574,GCF_014826015.1
GCF_014855725.1_prophage_6,0.3935954352747451,-0.6226663058786374,GCF_014855725.1
GCF_014855825.1_prophage_6,0.20944329223072997,0.13029521264845886,GCF_014855825.1
GCF_014857235.1_prophage_3,0.15522856036395855,0.20058379795762318,GCF_014857235.1
GCF_014857235.1_prophage_5,-0.519900632306869,-0.4406053701392482,GCF_014857235.1
GCF_014857585.1_prophage_2,0.019954750181798164,0.3034318031373018,GCF_014857585.1
GCF_014857765.1_prophage_5,0.5035982932184133,0.5833993973952469,GCF_014857765.1
GCF_014857785.1_prophage_2,0.46556395679569573,-0.626579922719005,GCF_014857785.1
GCF_014857865.1_prophage_1,0.4527623076296105,-0.6206411780918728,GCF_014857865.1
GCF_014857965.1_prophage_1,0.5007512462824487,0.26133270701455025,GCF_014857965.1
GCF_014858085.1_prophage_4,-0.6265574873731116,-0.007109031143054303,GCF_014858085.1
GCF_014860935.1_prophage_2,-0.6341256321144295,0.1373799862936903,GCF_014860935.1
GCF_014861045.1_prophage_6,0.0011496252312053997,0.00010845311637659628,GCF_014861045.1
GCF_014861045.1_prophage_8,-0.11022340433922755,0.2476742167410092,GCF_014861045.1
GCF_014861245.1_prophage_1,-0.4209462614097188,0.7420156011619119,GCF_014861245.1
GCF_014862015.1_prophage_1,-0.8502468314351582,0.10882611127355647,GCF_014862015.1
GCF_014862085.1_prophage_1,-0.4360376305212477,-0.684688002223472,GCF_014862085.1
GCF_014862255.1_prophage_1,0.582363874289677,-0.5100021144880834,GCF_014862255.1
GCF_014862345.1_prophage_2,-0.6246063484342642,0.10434781742497601,GCF_014862345.1
GCF_014862405.1_prophage_3,-0.22193094266173882,-0.7681098346270807,GCF_014862405.1
GCF_014862465.1_prophage_1,-0.6151810130392004,-0.2917855962646718,GCF_014862465.1
GCF_014862515.1_prophage_3,0.12194669845097722,0.13127881000132374,GCF_014862515.1
GCF_014862685.1_prophage_1,0.21428789264761683,0.17247649067583354,GCF_014862685.1
GCF_014862685.1_prophage_4,0.10991595758811364,0.8066709381867845,GCF_014862685.1
GCF_014862865.1_prophage_3,0.08120053174786915,-0.8262628411509028,GCF_014862865.1
GCF_014863015.1_prophage_4,-0.213068873397143,-0.00388797532380206,GCF_014863015.1
GCF_014863345.1_prophage_4,0.12194669845189501,0.1312788100021125,GCF_014863345.1
GCF_014863625.1_prophage_3,0.021117725663121447,0.3026998819215496,GCF_014863625.1
GCF_014863665.1_prophage_4,0.15149788339200804,0.13570342086118165,GCF_014863665.1
GCF_014863725.1_prophage_5,-0.12091510421288786,-0.5071325916685625,GCF_014863725.1
GCF_014878375.1_prophage_1,-0.5131388322344975,-0.31435720972083153,GCF_014878375.1
GCF_014878455.1_prophage_3,-0.35762007432184156,0.19525611509060284,GCF_014878455.1
GCF_014878675.1_prophage_1,-0.26523676619519,0.17133469379999192,GCF_014878675.1
GCF_014878785.1_prophage_7,-0.6584644564198285,0.15608284917350085,GCF_014878785.1
GCF_014878855.1_prophage_2,0.3172373599157416,0.07774029556992554,GCF_014878855.1
GCF_014879005.1_prophage_4,-0.15744270585991468,0.27098426765666817,GCF_014879005.1
GCF_014879175.1_prophage_8,-0.6584627217759556,0.15608794489562908,GCF_014879175.1
GCF_014879185.1_prophage_1,0.1765966884472522,0.6493963215907801,GCF_014879185.1
GCF_014893005.1_prophage_2,0.22014629975980776,0.24614512409533787,GCF_014893005.1
GCF_014893005.1_prophage_4,-0.6756332082436856,0.16092690696793158,GCF_014893005.1
GCF_014894765.1_prophage_2,-0.5421507828731821,0.5233439017549344,GCF_014894765.1
GCF_014894965.1_prophage_1,0.22585333196602375,-0.5556914254246371,GCF_014894965.1
GCF_014895395.1_prophage_2,0.2528785027014569,-0.7863366274208067,GCF_014895395.1
GCF_014895455.1_prophage_1,0.6663110996994052,0.21229071370409158,GCF_014895455.1
GCF_014896705.1_prophage_1,-0.14582762298495738,0.04953483927457076,GCF_014896705.1
GCF_014897685.1_prophage_1,-0.48707747384794003,-0.04049781563130354,GCF_014897685.1
GCF_014901185.1_prophage_5,0.134146278861613,0.2286167945602807,GCF_014901185.1
GCF_014903235.1_prophage_1,0.5232964754881797,0.39914867099353335,GCF_014903235.1
GCF_014903265.1_prophage_4,-0.09386471763080975,-0.34874039717914446,GCF_014903265.1
GCF_014903695.1_prophage_2,0.36555646140309533,-0.5977549760694106,GCF_014903695.1
GCF_014904055.2_prophage_1,-0.4817065172510239,-0.6804807119112155,GCF_014904055.2
GCF_014904075.2_prophage_1,0.1450343946852849,0.1384401318111154,GCF_014904075.2
GCF_014904115.2_prophage_1,-0.17804866147845366,-0.18125970595272375,GCF_014904115.2
GCF_014904265.2_prophage_2,0.6753051837115365,0.4027857901534189,GCF_014904265.2
GCF_014904375.2_prophage_1,-0.1235943172545485,-0.3692216547113346,GCF_014904375.2
GCF_014904515.2_prophage_2,-0.3298304685433669,-0.7611425783259014,GCF_014904515.2
GCF_014904535.2_prophage_4,-0.21151481048553802,-0.14029917374138184,GCF_014904535.2
GCF_014904635.2_prophage_2,0.8413627689666153,-0.04306511177758152,GCF_014904635.2
GCF_014926075.1_prophage_1,0.5252092611655833,-0.5232944749579258,GCF_014926075.1
GCF_014982605.1_prophage_2,-0.4815979449399002,-0.4153548787571407,GCF_014982605.1
GCF_014982605.1_prophage_6,-0.2109786371391423,-0.33730876499167933,GCF_014982605.1
GCF_015033265.1_prophage_2,0.03904508276505752,0.2116726009969781,GCF_015033265.1
GCF_015136895.1_prophage_1,0.2055927589240937,0.263181797008383,GCF_015136895.1
GCF_015136895.1_prophage_2,0.1782475882606198,-0.5709636025446317,GCF_015136895.1
GCF_015138955.1_prophage_2,0.1423128322465303,0.19846461231477258,GCF_015138955.1
GCF_015160215.1_prophage_3,-0.6302291276379167,-0.10456831146162929,GCF_015160215.1
GCF_015160295.1_prophage_3,0.48241321792080666,0.601357392368766,GCF_015160295.1
GCF_015160475.1_prophage_5,0.6555064956449961,0.21634139974802752,GCF_015160475.1
GCF_015160545.1_prophage_1,-0.2810444474383986,-0.2418343767247612,GCF_015160545.1
GCF_015160685.1_prophage_1,-0.5114017362824635,0.5054193275806659,GCF_015160685.1
GCF_015160735.1_prophage_1,-0.16984408532962825,-0.7845111698782138,GCF_015160735.1
GCF_015163155.1_prophage_5,-0.6477192979157601,0.3213206253179392,GCF_015163155.1
GCF_015163165.1_prophage_4,-0.1788993245005537,-0.3166681048448,GCF_015163165.1
GCF_015163175.1_prophage_1,0.05847968708829211,0.20113208288800657,GCF_015163175.1
GCF_015163275.1_prophage_1,-0.6168609237686727,-0.196017137900537,GCF_015163275.1
GCF_015163375.1_prophage_3,-0.22027802032806895,-0.046818282713576895,GCF_015163375.1
GCF_015163415.1_prophage_4,-0.2392467696641401,-0.7736322875320863,GCF_015163415.1
GCF_015208465.1_prophage_8,-0.058270401235628086,0.43849158038820873,GCF_015208465.1
GCF_015208575.1_prophage_5,-0.35526804689548175,0.2661037444252838,GCF_015208575.1
GCF_015208595.1_prophage_4,0.3522406022693,-0.4678318927264125,GCF_015208595.1
GCF_015209985.1_prophage_1,-0.019416966616114244,0.3735447896941414,GCF_015209985.1
GCF_015229195.1_prophage_1,-0.04858958553270889,0.48268574024937994,GCF_015229195.1
GCF_015229535.1_prophage_3,0.3259367605859926,-0.6270450562342013,GCF_015229535.1
GCF_015229605.1_prophage_5,-0.6146648499953257,-0.3197107312421439,GCF_015229605.1
GCF_015229675.1_prophage_7,0.4568436244899702,-0.4002635068679888,GCF_015229675.1
GCF_015229765.1_prophage_7,0.13185202230959872,0.15111020794659688,GCF_015229765.1
GCF_015229825.1_prophage_2,-0.47890192737298487,0.6664551782102212,GCF_015229825.1
GCF_015229835.1_prophage_1,0.5915978405247007,-0.42682355917874565,GCF_015229835.1
GCF_015230515.1_prophage_3,0.368991495463266,0.19304982794591705,GCF_015230515.1
GCF_015230515.1_prophage_7,-0.6755501069072795,-0.14800279508604366,GCF_015230515.1
GCF_015230575.1_prophage_2,0.49225767688606675,-0.2706975139438729,GCF_015230575.1
GCF_015230585.1_prophage_4,-0.4079751367486175,0.364036585701699,GCF_015230585.1
GCF_015230635.1_prophage_3,-0.43622631057526023,0.36546283626346354,GCF_015230635.1
GCF_015230775.1_prophage_2,-0.25689600376698085,0.17262481711457803,GCF_015230775.1
GCF_015230775.1_prophage_7,0.11734973140789422,0.7396347513261693,GCF_015230775.1
GCF_015230815.1_prophage_1,0.023194103057778803,-0.20153893208157656,GCF_015230815.1
GCF_015231025.1_prophage_5,-0.43110216009708,-0.26919127299823176,GCF_015231025.1
GCF_015277555.1_prophage_3,0.4563139980658788,0.5129061038250928,GCF_015277555.1
GCF_015277555.1_prophage_4,-0.5633198492513224,0.579397193554854,GCF_015277555.1
GCF_015316765.1_prophage_1,-0.40387982582397614,-0.721451998084069,GCF_015316765.1
GCF_015316775.1_prophage_1,0.17835879969447369,-0.6085577610131898,GCF_015316775.1
GCF_015316785.1_prophage_6,0.3296038511902719,-0.6169484931295485,GCF_015316785.1
GCF_015316985.1_prophage_2,0.16875498291276894,0.14348049173982413,GCF_015316985.1
GCF_015317095.1_prophage_2,0.1310527105321897,0.23607029139438857,GCF_015317095.1
GCF_015330075.1_prophage_3,0.21100677401633636,0.13374686464263827,GCF_015330075.1
GCF_015356615.1_prophage_5,-0.17681845371721344,0.6178687294737454,GCF_015356615.1
GCF_015356645.1_prophage_3,-0.18383500083056076,0.23961700707255465,GCF_015356645.1
GCF_015356665.1_prophage_2,0.14570010929166477,0.19176587112396803,GCF_015356665.1
GCF_015356665.1_prophage_4,0.40632491122747,-0.6156836376597201,GCF_015356665.1
GCF_015472085.1_prophage_1,-0.44612163311472514,0.6643475714401041,GCF_015472085.1
GCF_015476785.1_prophage_6,0.26505795267518806,0.5694274021351289,GCF_015476785.1
GCF_015509005.1_prophage_10,0.020786634345455322,-0.544252359155263,GCF_015509005.1
GCF_015534855.1_prophage_4,0.15149788339201,0.13570342086118453,GCF_015534855.1
GCF_015547695.1_prophage_3,0.1517703855144146,-0.6976344427977094,GCF_015547695.1
GCF_015548345.1_prophage_3,-0.3439282171418527,0.1672169874999873,GCF_015548345.1
GCF_015554645.1_prophage_6,0.1539198050225582,0.13303034690450727,GCF_015554645.1
GCF_015556015.1_prophage_3,-0.5882331884408226,-0.3367222571843009,GCF_015556015.1
GCF_015557745.1_prophage_1,-0.18504983124343385,-0.7468291313508798,GCF_015557745.1
GCF_015561295.1_prophage_3,-0.0520463649157324,-0.8318140394509134,GCF_015561295.1
GCF_015571535.1_prophage_7,0.7153652513927479,0.027803855859609077,GCF_015571535.1
GCF_015571655.1_prophage_5,0.5008087808933672,0.03738333732571777,GCF_015571655.1
GCF_015571695.1_prophage_3,0.4080122451318163,-0.6152230873951552,GCF_015571695.1
GCF_015571775.1_prophage_2,0.1443627235317697,0.16949445440876723,GCF_015571775.1
GCF_015571775.1_prophage_4,-0.11792670289116328,0.02249724831299116,GCF_015571775.1
GCF_015571815.1_prophage_1,0.13527441834571968,0.19499190632331026,GCF_015571815.1
GCF_015620255.1_prophage_4,-0.2737795243369366,0.21079039984860115,GCF_015620255.1
GCF_015620315.1_prophage_2,0.01877484163705976,0.21211323394060633,GCF_015620315.1
GCF_015620405.1_prophage_3,0.7578388802743332,-0.18263014000010883,GCF_015620405.1
GCF_015620545.1_prophage_1,-0.5387867240071329,0.1592641401954444,GCF_015620545.1
GCF_015644215.1_prophage_6,-0.47212136334117777,-0.058969702561436604,GCF_015644215.1
GCF_015644225.1_prophage_6,-0.3733302966844269,0.7662733319547783,GCF_015644225.1
GCF_015644305.1_prophage_3,0.025116016986565466,0.45188009706880916,GCF_015644305.1
GCF_015644395.1_prophage_10,-0.01571984893102476,0.2850525672101698,GCF_015644395.1
GCF_015644395.1_prophage_7,-0.18634760360263175,-0.16000613422313414,GCF_015644395.1
GCF_015644565.1_prophage_3,0.03622933019636136,0.7366124760541786,GCF_015644565.1
GCF_015645325.1_prophage_4,0.0835276787990449,-0.7079125728800357,GCF_015645325.1
GCF_015687115.1_prophage_3,0.025116015013784652,0.4518800972376571,GCF_015687115.1
GCF_015687295.1_prophage_4,-0.6342536540547177,0.5667958165426892,GCF_015687295.1
GCF_015687355.1_prophage_1,0.4228851700875272,-0.5949573335879763,GCF_015687355.1
GCF_015687395.1_prophage_4,-0.49626483426823925,-0.06791269650860647,GCF_015687395.1
GCF_015687505.1_prophage_7,-0.05936934957072985,0.09903462863554097,GCF_015687505.1
GCF_015690255.1_prophage_2,0.3304975347871989,0.19420650545022625,GCF_015690255.1
GCF_015690315.1_prophage_1,0.3304975347994771,0.19420650631425693,GCF_015690315.1
GCF_015693335.1_prophage_5,-0.457261583259632,-0.027960801096851017,GCF_015693335.1
GCF_015693335.1_prophage_7,0.6712956711013573,0.20437703842414637,GCF_015693335.1
GCF_015693345.1_prophage_3,0.37079922059248965,-0.6104993198123709,GCF_015693345.1
GCF_015693445.1_prophage_7,0.006259788138472426,-0.6817420426211194,GCF_015693445.1
GCF_015693445.1_prophage_8,0.37913618627064855,-0.621966379380463,GCF_015693445.1
GCF_015693465.1_prophage_9,-0.6173252999897741,-0.40895513936964606,GCF_015693465.1
GCF_015693475.1_prophage_7,0.05570993207167562,0.3855415775661565,GCF_015693475.1
GCF_015693595.1_prophage_3,0.11757585154877925,0.7919251410420243,GCF_015693595.1
GCF_015693595.1_prophage_5,0.7740320955672828,-0.17999034394245003,GCF_015693595.1
GCF_015693625.1_prophage_4,0.15583652789946295,0.21612939058326702,GCF_015693625.1
GCF_015693635.1_prophage_3,0.4210179593272464,-0.6303076644044167,GCF_015693635.1
GCF_015693635.1_prophage_4,0.1626768099540228,-0.5855266667765351,GCF_015693635.1
GCF_015693655.1_prophage_7,-0.027056325840998985,0.43915585748784053,GCF_015693655.1
GCF_015693675.1_prophage_3,0.35230717064196815,-0.6254255710340434,GCF_015693675.1
GCF_015693725.1_prophage_1,-0.12228925691346229,-0.7605958291690904,GCF_015693725.1
GCF_015693765.1_prophage_10,-0.5130526220001581,-0.3144279556215841,GCF_015693765.1
GCF_015693765.1_prophage_11,0.3794663188219399,0.7081395186057716,GCF_015693765.1
GCF_015694135.1_prophage_1,0.0974758842190317,-0.6226000017153978,GCF_015694135.1
GCF_015694135.1_prophage_6,-0.13925277814271006,0.02551298960508635,GCF_015694135.1
GCF_015698925.1_prophage_6,0.6144724646290108,0.244266317374552,GCF_015698925.1
GCF_015699225.1_prophage_1,0.10466317959009705,0.38803292907938325,GCF_015699225.1
GCF_015699315.1_prophage_2,0.5563892448421653,0.23596479572752257,GCF_015699315.1
GCF_015699425.1_prophage_1,0.24630284986821807,-0.5749359952529505,GCF_015699425.1
GCF_015699615.1_prophage_4,-0.6816959012106086,-0.15912240833222133,GCF_015699615.1
GCF_015699655.1_prophage_3,0.13341832398646802,0.1790256886946873,GCF_015699655.1
GCF_015699715.1_prophage_5,-0.6858037054883679,-0.14760128437353756,GCF_015699715.1
GCF_015699725.1_prophage_5,-0.21803651522919268,0.7013050700913368,GCF_015699725.1
GCF_015699775.1_prophage_1,0.32817790431208227,0.7122041203849739,GCF_015699775.1
GCF_015699875.1_prophage_4,-0.6809733655734798,-0.16090416873760383,GCF_015699875.1
GCF_015699915.1_prophage_4,0.683269131864241,-0.305124809594684,GCF_015699915.1
GCF_015700935.1_prophage_2,0.16286932329690812,0.22077479301201097,GCF_015700935.1
GCF_015712415.1_prophage_4,-0.616873234623591,-0.20303435622326327,GCF_015712415.1
GCF_015712595.1_prophage_1,-0.6102409847459676,-0.3225855662171144,GCF_015712595.1
GCF_015712615.1_prophage_1,-0.6136448554772455,-0.31801008322309643,GCF_015712615.1
GCF_015730585.1_prophage_1,0.6790829593586178,0.15576783809125144,GCF_015730585.1
GCF_015730605.1_prophage_1,0.6579837584592433,-0.25282635808937814,GCF_015730605.1
GCF_015730605.1_prophage_3,-0.045393310241346074,-0.7289697397693401,GCF_015730605.1
GCF_015730605.1_prophage_4,-0.434895691691644,0.049672271844035804,GCF_015730605.1
GCF_015730625.1_prophage_1,0.448959113633922,0.6210218613861705,GCF_015730625.1
GCF_015730805.1_prophage_5,-0.08484085241194438,-0.8294592172138117,GCF_015730805.1
GCF_015731345.1_prophage_3,-0.7066791455906095,0.3776050937214615,GCF_015731345.1
GCF_015731365.1_prophage_2,0.15876788662162228,0.8123587647966445,GCF_015731365.1
GCF_015731455.1_prophage_4,0.041521246952101715,0.3526413728318087,GCF_015731455.1
GCF_015731485.1_prophage_1,-0.4648104563760219,-0.026484538712798236,GCF_015731485.1
GCF_015731545.1_prophage_3,0.04152124148312336,0.35264137113046035,GCF_015731545.1
GCF_015912665.1_prophage_3,-0.6662140379524277,0.0997676185983532,GCF_015912665.1
GCF_015912685.1_prophage_2,-0.017331917691018897,0.8585495254886579,GCF_015912685.1
GCF_016019075.1_prophage_4,0.2638352220435914,-0.019454642125594637,GCF_016019075.1
GCF_016019125.1_prophage_3,-0.7256233396908186,0.4439497893231501,GCF_016019125.1
GCF_016019255.1_prophage_3,-0.2625694612855893,-0.7637564077893502,GCF_016019255.1
GCF_016019275.1_prophage_1,-0.5694294853459501,-0.5123221984332453,GCF_016019275.1
GCF_016026195.1_prophage_4,-0.21523984895768392,0.19458631177261249,GCF_016026195.1
GCF_016026335.1_prophage_4,-0.6134919509618625,-0.5626422672667737,GCF_016026335.1
GCF_016026375.1_prophage_12,0.3557857333457888,0.6418390436390728,GCF_016026375.1
GCF_016092025.1_prophage_1,0.15422828673505487,-0.5790419374101011,GCF_016092025.1
GCF_016092075.1_prophage_6,-0.6022687820499618,-0.35542161440625786,GCF_016092075.1
GCF_016092465.1_prophage_6,-0.049440908476972786,0.4348485784209484,GCF_016092465.1
GCF_016103245.1_prophage_1,-0.11692624136422253,0.816405936059803,GCF_016103245.1
GCF_016103265.1_prophage_2,0.5459739019521893,-0.48803693049312896,GCF_016103265.1
GCF_016103355.1_prophage_3,0.5053870167981903,0.2634038821266924,GCF_016103355.1
GCF_016123615.1_prophage_1,0.6218630867022248,-0.47272423738242325,GCF_016123615.1
GCF_016123785.1_prophage_1,-0.1760053328439835,-0.32363806625299957,GCF_016123785.1
GCF_016123785.1_prophage_5,0.5755960796170464,-0.5216828017779591,GCF_016123785.1
GCF_016123895.1_prophage_4,-0.6057117774246357,0.49716781767348966,GCF_016123895.1
GCF_016123945.1_prophage_1,-0.17142246890712642,0.2586049978631452,GCF_016123945.1
GCF_016124005.1_prophage_1,0.08209129700766557,-0.7275477612394748,GCF_016124005.1
GCF_016401355.1_prophage_6,-0.0856454268952624,-0.7850646309431709,GCF_016401355.1
GCF_016403825.1_prophage_6,0.30844671782943917,0.2134112374837692,GCF_016403825.1
GCF_016403945.1_prophage_2,0.5944884469834467,-0.24771007623613148,GCF_016403945.1
GCF_016403975.2_prophage_4,-0.2197922888661382,0.22990077095107322,GCF_016403975.2
GCF_016404305.1_prophage_4,-0.5964285803978824,-0.3106653494372488,GCF_016404305.1
GCF_016404385.1_prophage_7,0.3083789579465572,0.2133519732467757,GCF_016404385.1
GCF_016404525.1_prophage_2,0.36095136387099197,0.09367238561571437,GCF_016404525.1
GCF_016432805.1_prophage_2,-0.6440540861026061,0.21190144477827486,GCF_016432805.1
GCF_016433185.1_prophage_4,0.33732004539400756,0.6975956009034521,GCF_016433185.1
GCF_016433265.1_prophage_4,-0.012031666275760432,0.2663523952055593,GCF_016433265.1
GCF_016433265.1_prophage_6,0.25183316438951187,0.30282066513830436,GCF_016433265.1
GCF_016433315.1_prophage_5,-0.1436131192216708,0.09705055681400025,GCF_016433315.1
GCF_016446335.1_prophage_7,0.7444029214828648,0.36978315029253067,GCF_016446335.1
GCF_016456285.1_prophage_3,0.5792597730001997,0.23652908589523,GCF_016456285.1
GCF_016456335.1_prophage_4,0.8224169966216036,-0.030420365090214844,GCF_016456335.1
GCF_016456465.1_prophage_4,0.8170437029073802,-0.06845595834069641,GCF_016456465.1
GCF_016457435.1_prophage_2,0.3919063314494434,0.6334720901280312,GCF_016457435.1
GCF_016457505.1_prophage_5,0.025666130635773058,0.8115796139110387,GCF_016457505.1
GCF_016457515.1_prophage_1,-0.3570525742422335,-0.6452878958486392,GCF_016457515.1
GCF_016457515.1_prophage_2,0.32117180673789625,-0.48069568529880863,GCF_016457515.1
GCF_016457515.1_prophage_5,-0.23732715711687374,0.33277918094691533,GCF_016457515.1
GCF_016457585.1_prophage_2,-0.23730140399430644,0.3327394690327291,GCF_016457585.1
GCF_016457655.1_prophage_6,0.6927035505066753,-0.2409412769234697,GCF_016457655.1
GCF_016457845.1_prophage_2,0.27248008160697956,0.6909345536172999,GCF_016457845.1
GCF_016457905.1_prophage_2,0.028939180869672516,0.7396347835137578,GCF_016457905.1
GCF_016457905.1_prophage_3,-0.8175496286233882,-0.18841631020886968,GCF_016457905.1
GCF_016457965.1_prophage_1,0.6250283525658397,0.5010875525870901,GCF_016457965.1
GCF_016458155.1_prophage_4,0.014331385151072937,0.708254060998067,GCF_016458155.1
GCF_016458765.1_prophage_2,0.19798981092695805,-0.5750091398449613,GCF_016458765.1
GCF_016458905.1_prophage_4,0.2673660627781721,0.5604851786980903,GCF_016458905.1
GCF_016458945.1_prophage_10,-0.18265130591155204,0.2067442315655589,GCF_016458945.1
GCF_016482945.1_prophage_1,0.22592288559990362,-0.5522666923114712,GCF_016482945.1
GCF_016482975.1_prophage_2,0.06695475004584753,0.21655501313912906,GCF_016482975.1
GCF_016483015.1_prophage_4,0.12022663522857066,0.24477387213913662,GCF_016483015.1
GCF_016483025.1_prophage_1,0.09295542035821228,0.23842894899217942,GCF_016483025.1
GCF_016530575.1_prophage_5,-0.10799976863393483,0.11325578666974605,GCF_016530575.1
GCF_016530645.1_prophage_2,-0.03358879709850083,-0.2095956394880228,GCF_016530645.1
GCF_016530725.1_prophage_2,-0.2514398908610773,0.7938348833392699,GCF_016530725.1
GCF_016530725.1_prophage_3,-0.10799670741345413,0.11326086054099078,GCF_016530725.1
GCF_016587155.1_prophage_5,-0.335908555863504,0.7091459142358689,GCF_016587155.1
GCF_016587295.1_prophage_1,0.12185522760085822,0.24052424586656285,GCF_016587295.1
GCF_016615335.1_prophage_4,0.6584993555697467,-0.4938128590414231,GCF_016615335.1
GCF_016615365.1_prophage_3,0.07640121778961881,0.19299613794632864,GCF_016615365.1
GCF_016615565.1_prophage_2,0.8282363401091191,-0.15446721214191952,GCF_016615565.1
GCF_016616825.1_prophage_6,-0.07422291975579558,-0.8239802218730564,GCF_016616825.1
GCF_016617575.1_prophage_3,-0.5138355401847081,0.6454758260142022,GCF_016617575.1
GCF_016617575.1_prophage_5,-0.6733804779347584,-0.14619160180524254,GCF_016617575.1
GCF_016620485.1_prophage_6,0.6926154654560629,-0.23138977101505553,GCF_016620485.1
GCF_016621865.1_prophage_3,0.08500407511367769,-0.7963121895032474,GCF_016621865.1
GCF_016644125.1_prophage_3,0.6399827267020567,-0.4808617621980526,GCF_016644125.1
GCF_016644175.1_prophage_1,-0.18280258958937298,0.2244915994992295,GCF_016644175.1
GCF_016653075.1_prophage_3,0.4912736345544032,0.3808438816545686,GCF_016653075.1
GCF_016653125.1_prophage_6,0.4591745655843037,0.5101217510915126,GCF_016653125.1
GCF_016659085.1_prophage_4,-0.12056119651900427,-0.4590276922335048,GCF_016659085.1
GCF_016696665.1_prophage_5,0.3497543795814933,0.15950567095226537,GCF_016696665.1
GCF_016696665.1_prophage_9,-0.7499972436993171,-0.38808344764870895,GCF_016696665.1
GCF_016728085.1_prophage_3,0.4725954767742071,0.45309619247843924,GCF_016728085.1
GCF_016735835.1_prophage_1,-0.6339280001751885,0.007970737819516766,GCF_016735835.1
GCF_016758315.1_prophage_1,-0.19146807155802117,-0.04963380821505201,GCF_016758315.1
GCF_016760395.1_prophage_7,0.2788217701207177,0.193025914119669,GCF_016760395.1
GCF_016760655.1_prophage_2,0.17493691108064507,0.7253723218056931,GCF_016760655.1
GCF_016760815.1_prophage_3,0.6757228336855532,0.5055241188513805,GCF_016760815.1
GCF_016760865.1_prophage_9,-0.016003832558713436,0.284757600970423,GCF_016760865.1
GCF_016760915.1_prophage_7,-0.12520902687635002,0.11412931819871924,GCF_016760915.1
GCF_016760965.1_prophage_1,0.020188507344836397,0.841489846575682,GCF_016760965.1
GCF_016761015.1_prophage_5,-0.25821046999512837,-0.46240042423943856,GCF_016761015.1
GCF_016761255.1_prophage_4,-0.10002863313785858,-0.7835283319604675,GCF_016761255.1
GCF_016761385.1_prophage_8,-0.3612341453714548,0.7308741751803864,GCF_016761385.1
GCF_016761475.1_prophage_7,0.8186722674921971,-0.08094707213829479,GCF_016761475.1
GCF_016772855.1_prophage_1,0.2944504246196899,0.0972449704812766,GCF_016772855.1
GCF_016773465.1_prophage_1,0.49391878197064837,-0.16096944677663075,GCF_016773465.1
GCF_016773495.1_prophage_4,-0.018715877276432345,0.13604105687097742,GCF_016773495.1
GCF_016773535.1_prophage_6,0.1136076450984183,0.7804608520149332,GCF_016773535.1
GCF_016773635.1_prophage_8,-0.6695710720199299,-0.450843327945106,GCF_016773635.1
GCF_016773715.1_prophage_3,-0.03773330291059433,-0.8270690449826036,GCF_016773715.1
GCF_016773715.1_prophage_4,-0.13577164752226506,0.8087508556909904,GCF_016773715.1
GCF_016773735.1_prophage_4,0.7548074118846909,0.018651159736089273,GCF_016773735.1
GCF_016773755.1_prophage_6,-0.5906722074451743,-0.2967166466223661,GCF_016773755.1
GCF_016773775.1_prophage_5,-0.6362001930901087,0.05841894695081666,GCF_016773775.1
GCF_016773855.1_prophage_2,0.04640518072476222,-0.6518625549591678,GCF_016773855.1
GCF_016773855.1_prophage_5,0.48217793729743436,0.16483760389452629,GCF_016773855.1
GCF_016774655.1_prophage_1,0.31134393439385516,-0.6244865836137451,GCF_016774655.1
GCF_016775115.1_prophage_2,-0.6830785187133761,0.24863950181864408,GCF_016775115.1
GCF_016775865.1_prophage_2,-0.25227951886615796,0.22702027413127732,GCF_016775865.1
GCF_016775965.1_prophage_2,-0.49899752759317234,-0.07372529449953275,GCF_016775965.1
GCF_016776025.1_prophage_4,-0.1862010720984093,-0.28385554100948185,GCF_016776025.1
GCF_016776045.1_prophage_5,-0.42520321816148593,0.6665644702547873,GCF_016776045.1
GCF_016776165.1_prophage_6,-0.2744156674616163,0.20390427978452794,GCF_016776165.1
GCF_016776245.1_prophage_5,0.37108576279504774,0.6650346275988511,GCF_016776245.1
GCF_016776365.1_prophage_3,0.173995066189053,-0.4977694730926872,GCF_016776365.1
GCF_016776385.1_prophage_9,-0.22029573599285188,0.7750363355932266,GCF_016776385.1
GCF_016780575.1_prophage_2,0.04028264102037055,0.3167626671420217,GCF_016780575.1
GCF_016785425.1_prophage_3,0.14810255694784835,-0.5912447769652328,GCF_016785425.1
GCF_016785525.1_prophage_1,-0.0755028291135562,0.25659975272676605,GCF_016785525.1
GCF_016785705.1_prophage_2,0.624428260835499,0.19635502032411517,GCF_016785705.1
GCF_016785725.1_prophage_1,-0.10040306826917036,-0.3519710871600084,GCF_016785725.1
GCF_016785925.1_prophage_4,-0.06232923932160667,0.4981609553004504,GCF_016785925.1
GCF_016786025.1_prophage_2,0.09788136601236543,0.17661050898955993,GCF_016786025.1
GCF_016786075.1_prophage_6,-0.6425585453286805,0.10411246245110077,GCF_016786075.1
GCF_016792465.1_prophage_1,0.39155712700498324,-0.5920445880835686,GCF_016792465.1
GCF_016792525.1_prophage_4,0.1643285564714099,-0.5705211737271895,GCF_016792525.1
GCF_016792545.1_prophage_6,0.07114176885569283,0.07292929871253703,GCF_016792545.1
GCF_016803875.1_prophage_8,0.008296207871735009,-0.015325997368295303,GCF_016803875.1
GCF_016803915.1_prophage_10,0.07443902640637677,-0.6387556806308045,GCF_016803915.1
GCF_016803935.1_prophage_3,0.14259456360770825,0.19763608992652618,GCF_016803935.1
GCF_016809875.1_prophage_2,0.7379428929395004,-0.3908420230941701,GCF_016809875.1
GCF_016809895.1_prophage_4,-0.3576200743218411,0.19525611509060392,GCF_016809895.1
GCF_016809975.1_prophage_3,0.35360323466966226,-0.04537859634445708,GCF_016809975.1
GCF_016810095.1_prophage_2,-0.20713099001606872,-0.7267880154713643,GCF_016810095.1
GCF_016810115.1_prophage_2,-0.608599580582256,0.1659206155453322,GCF_016810115.1
GCF_016811195.1_prophage_6,-0.12394398591476337,-0.03835211446068181,GCF_016811195.1
GCF_016820315.1_prophage_6,0.2752951325456032,0.11738177743209502,GCF_016820315.1
GCF_016837655.1_prophage_4,-0.6003239058604338,-0.5700964558292627,GCF_016837655.1
GCF_016837805.1_prophage_6,0.007606556888257218,0.4633737386913315,GCF_016837805.1
GCF_016837845.1_prophage_1,0.00760669368517751,0.46337372603778526,GCF_016837845.1
GCF_016837965.1_prophage_1,-0.5858874699706743,-0.11644787918739953,GCF_016837965.1
GCF_016858605.1_prophage_1,-0.6556795340714725,0.22659905191592286,GCF_016858605.1
GCF_016858605.1_prophage_3,0.04437149065069806,0.2509252224540803,GCF_016858605.1
GCF_016858765.1_prophage_3,0.4793915422159865,-0.3330393902049868,GCF_016858765.1
GCF_016858885.1_prophage_1,-0.4717021527724894,-0.06699532765766202,GCF_016858885.1
GCF_016858925.1_prophage_2,-0.20130870998496564,-0.3194365514627881,GCF_016858925.1
GCF_016858985.1_prophage_3,-0.6279408055962626,0.5822606654939882,GCF_016858985.1
GCF_016859825.1_prophage_4,-0.7474313942321963,0.33543030563688264,GCF_016859825.1
GCF_016860225.1_prophage_5,0.15171104779724248,-0.6785354785214628,GCF_016860225.1
GCF_016864435.1_prophage_11,0.16543072660662755,0.2672889434484818,GCF_016864435.1
GCF_016878795.1_prophage_2,-0.280595830684495,0.22542254793782637,GCF_016878795.1
GCF_016888405.1_prophage_6,-0.6169420130383388,-0.2960502407073091,GCF_016888405.1
GCF_016889265.1_prophage_3,-0.2783004374913543,0.1716561393420894,GCF_016889265.1
GCF_016889545.1_prophage_6,-0.25473622103275806,0.14060153749199558,GCF_016889545.1
GCF_016889685.1_prophage_5,-0.2605499520340578,0.19097857729368006,GCF_016889685.1
GCF_016890005.1_prophage_2,-0.174365672934382,0.5928520320511333,GCF_016890005.1
GCF_016890005.1_prophage_4,-0.659131240809732,-0.15979254768113044,GCF_016890005.1
GCF_016890135.1_prophage_2,-0.6652865748813388,0.5272647378069718,GCF_016890135.1
GCF_016903275.1_prophage_5,0.0926209919449459,0.19491467715160404,GCF_016903275.1
GCF_016903435.1_prophage_2,-0.25819812717636104,0.20063893002064162,GCF_016903435.1
GCF_016903835.1_prophage_4,-0.2959454061191269,0.17221768073544733,GCF_016903835.1
GCF_016904115.1_prophage_5,0.17324571862177898,-0.6163936251291371,GCF_016904115.1
GCF_016904195.1_prophage_1,-0.09601144733807301,-0.35301036182236717,GCF_016904195.1
GCF_016904495.1_prophage_1,0.03586142186303748,0.2136074608520215,GCF_016904495.1
GCF_016904495.1_prophage_5,0.19352193689143765,0.1747527423286151,GCF_016904495.1
GCF_016904555.1_prophage_3,0.1667768359816806,-0.6374368973090987,GCF_016904555.1
GCF_016942475.1_prophage_5,-0.22451068073408942,-0.5439919588862953,GCF_016942475.1
GCF_016942535.1_prophage_4,0.514971437557475,0.5479265380878098,GCF_016942535.1
GCF_017088465.1_prophage_3,0.16025757467835924,-0.5745961107725552,GCF_017088465.1
GCF_017117405.1_prophage_1,0.5810147038703819,0.5708880870493498,GCF_017117405.1
GCF_017117485.1_prophage_4,0.08264475981540317,0.3155034507636508,GCF_017117485.1
GCF_017117515.1_prophage_3,-0.6297058627944313,0.025213501672684026,GCF_017117515.1
GCF_017117715.1_prophage_1,-0.6315069211343849,0.05423367536630452,GCF_017117715.1
GCF_017117845.1_prophage_2,-0.0016802390326966148,0.4146646563761366,GCF_017117845.1
GCF_017118145.1_prophage_2,0.22006310802029502,0.09129266706629129,GCF_017118145.1
GCF_017118175.1_prophage_3,-0.07408575444388268,0.2533944661589331,GCF_017118175.1
GCF_017118345.1_prophage_1,0.0480091075713419,-0.22313994603452103,GCF_017118345.1
GCF_017118535.1_prophage_2,-0.5633868019124422,0.1125639572755956,GCF_017118535.1
GCF_017118535.1_prophage_7,0.6693801502705363,0.17709373540676324,GCF_017118535.1
GCF_017118605.1_prophage_2,0.5578126450571562,0.2500821554522588,GCF_017118605.1
GCF_017118605.1_prophage_7,0.060635021479545415,-0.8301376847248778,GCF_017118605.1
GCF_017118805.1_prophage_4,-0.610506987740482,-0.3522443122158955,GCF_017118805.1
GCF_017118895.1_prophage_2,0.11338755813309072,0.779143588085618,GCF_017118895.1
GCF_017118965.1_prophage_1,-0.12106599788277922,0.45577330184557224,GCF_017118965.1
GCF_017150845.1_prophage_2,0.6314430053563025,-0.009900904784452788,GCF_017150845.1
GCF_017151225.1_prophage_2,-0.08325488205814378,0.26401905509740586,GCF_017151225.1
GCF_017160815.1_prophage_1,0.2119223209382255,-0.5622027917730512,GCF_017160815.1
GCF_017161345.1_prophage_3,0.5401971626261298,0.25023589431999005,GCF_017161345.1
GCF_017162595.1_prophage_1,-0.13576707803368276,0.5277167893996383,GCF_017162595.1
GCF_017162795.1_prophage_8,-0.5771866602632438,0.010097047804272561,GCF_017162795.1
GCF_017162825.1_prophage_2,-0.27199782896370206,0.19014409223559853,GCF_017162825.1
GCF_017162895.1_prophage_1,-0.5679750576612742,-0.16013196634213045,GCF_017162895.1
GCF_017163345.1_prophage_1,-0.48677662913492636,0.14407722478324203,GCF_017163345.1
GCF_017163535.1_prophage_2,-0.544798605107408,-0.15255960907947855,GCF_017163535.1
GCF_017163595.1_prophage_6,-8.457254940392703e-05,0.40667501295862407,GCF_017163595.1
GCF_017163645.1_prophage_7,-0.18188233524203024,-0.49643909407718606,GCF_017163645.1
GCF_017164175.1_prophage_2,-0.7642211041446038,0.2978311588147747,GCF_017164175.1
GCF_017164255.1_prophage_2,-0.6295744107110717,0.05598106382569172,GCF_017164255.1
GCF_017164335.1_prophage_8,0.06018065294186945,0.12171429748505609,GCF_017164335.1
GCF_017164395.1_prophage_1,0.038101979275677024,-0.26435266999000656,GCF_017164395.1
GCF_017164695.1_prophage_1,0.19704594954018725,-0.5778475998632396,GCF_017164695.1
GCF_017164775.1_prophage_13,0.1818189557783774,0.2506280581061421,GCF_017164775.1
GCF_017164775.1_prophage_7,0.07427578386421678,0.21593165615185692,GCF_017164775.1
GCF_017164895.1_prophage_8,0.6061104311501977,-0.4892586260127056,GCF_017164895.1
GCF_017164915.1_prophage_2,-0.3051831435546398,0.019223720120618504,GCF_017164915.1
GCF_017164955.1_prophage_16,-0.36573171052273584,-0.23318102699579568,GCF_017164955.1
GCF_017164955.1_prophage_6,0.45478396561050244,-0.13708897354093294,GCF_017164955.1
GCF_017164995.1_prophage_9,0.19536873674894703,0.24638106311045155,GCF_017164995.1
GCF_017165015.1_prophage_12,0.18334157759080522,0.20968862502459212,GCF_017165015.1
GCF_017165095.1_prophage_13,0.18727820272482112,0.25394992598105687,GCF_017165095.1
GCF_017165115.1_prophage_2,-0.3051831155060075,0.019223687018318225,GCF_017165115.1
GCF_017165135.1_prophage_12,0.18334157759028796,0.20968862502696917,GCF_017165135.1
GCF_017165135.1_prophage_14,-0.25046982782186955,0.20347913299140197,GCF_017165135.1
GCF_017165155.1_prophage_8,0.19513227194741273,0.2469008146211466,GCF_017165155.1
GCF_017165255.1_prophage_4,-0.24943377863283142,0.12740021744999094,GCF_017165255.1
GCF_017165275.1_prophage_13,0.1872794011889403,0.2539554917351049,GCF_017165275.1
GCF_017165335.1_prophage_12,0.18334221324238126,0.20968898972389804,GCF_017165335.1
GCF_017165335.1_prophage_8,0.19534058044265146,0.24639090609648825,GCF_017165335.1
GCF_017165375.1_prophage_3,-0.2529704523837705,0.18453134770990673,GCF_017165375.1
GCF_017165415.1_prophage_5,0.1781161896447798,0.26194624155256824,GCF_017165415.1
GCF_017167945.1_prophage_1,-0.11019998296316372,0.05813127355958592,GCF_017167945.1
GCF_017168615.1_prophage_6,0.6205749111323268,-0.539291110293152,GCF_017168615.1
GCF_017312795.1_prophage_1,-0.3493906420257554,0.11552482424400826,GCF_017312795.1
GCF_017312855.1_prophage_1,-0.6616155118875213,0.1762945268739543,GCF_017312855.1
GCF_017348835.2_prophage_2,-0.12638434128005874,0.1356249322701532,GCF_017348835.2
GCF_017356205.1_prophage_3,-0.1426600047112701,-0.2112598134319425,GCF_017356205.1
GCF_017356345.1_prophage_3,-0.11797148841230433,-0.36162688742665955,GCF_017356345.1
GCF_017357545.1_prophage_5,0.18354118750384987,0.20932474703687495,GCF_017357545.1
GCF_017357545.1_prophage_6,-0.17391327672654033,0.21739242634352046,GCF_017357545.1
GCF_017570685.1_prophage_1,-0.6042124926606693,-0.5571454565928878,GCF_017570685.1
GCF_017579865.1_prophage_2,0.17197653211806474,0.14141110624767636,GCF_017579865.1
GCF_017584325.1_prophage_3,0.6948409113768049,-0.2356182795859037,GCF_017584325.1
GCF_017592945.1_prophage_1,-0.21745817082671562,0.2266503290682795,GCF_017592945.1
GCF_017592995.1_prophage_1,-0.5452335419117786,-0.0014928891829360273,GCF_017592995.1
GCF_017593015.1_prophage_1,-0.4947257455111868,-0.571599369440514,GCF_017593015.1
GCF_017593225.1_prophage_3,0.7081331344371992,-0.2500047625727198,GCF_017593225.1
GCF_017593605.1_prophage_2,0.199488720217264,-0.5803181445997865,GCF_017593605.1
GCF_017593625.1_prophage_2,-0.0216377711690809,0.23589834772157448,GCF_017593625.1
GCF_017593645.1_prophage_7,-0.17883716602249342,0.3207212878699432,GCF_017593645.1
GCF_017594145.1_prophage_5,-0.025895628356889563,-0.3107315535222806,GCF_017594145.1
GCF_017594165.1_prophage_3,-0.48892417611457345,-0.08834862078338562,GCF_017594165.1
GCF_017594525.1_prophage_2,0.3813305824918006,-0.6243852559292116,GCF_017594525.1
GCF_017595145.1_prophage_1,0.5622279995312323,0.5048484257365508,GCF_017595145.1
GCF_017595385.1_prophage_1,0.4382985877124494,-0.6167348039821223,GCF_017595385.1
GCF_017595505.1_prophage_6,-0.07668808317621587,-0.6024121142630988,GCF_017595505.1
GCF_017595525.1_prophage_3,0.46496347668249777,0.21884196640549805,GCF_017595525.1
GCF_017597545.1_prophage_1,-0.4795004351178617,-0.0966093714561034,GCF_017597545.1
GCF_017597545.1_prophage_6,-0.5481418886646612,-0.35417908457321784,GCF_017597545.1
GCF_017597625.1_prophage_6,-0.5384285639401828,0.5255877618770266,GCF_017597625.1
GCF_017597975.1_prophage_3,-0.33164348933808196,0.263681548208996,GCF_017597975.1
GCF_017598005.1_prophage_1,0.15424021868732662,0.80946534582511,GCF_017598005.1
GCF_017598065.1_prophage_4,-0.33164370518914765,0.26367912502003465,GCF_017598065.1
GCF_017598205.1_prophage_3,-0.4518888789771169,-0.6072103930212378,GCF_017598205.1
GCF_017598355.1_prophage_1,-0.6439360540870213,-0.30009954971707975,GCF_017598355.1
GCF_017598385.1_prophage_2,0.479357023949858,0.7183479447633285,GCF_017598385.1
GCF_017598545.1_prophage_5,0.06477611552999436,-0.7603752392226583,GCF_017598545.1
GCF_017598645.1_prophage_3,-0.11030474495396521,0.1396743933083039,GCF_017598645.1
GCF_017598725.1_prophage_2,-0.5843073881016714,0.5339410407769193,GCF_017598725.1
GCF_017604265.1_prophage_2,0.02095458235388554,0.30295273999081757,GCF_017604265.1
GCF_017639025.1_prophage_2,0.1161247979730858,-0.004497655894159109,GCF_017639025.1
GCF_017639105.1_prophage_4,-0.2480465230001396,0.19527574602168302,GCF_017639105.1
GCF_017775115.1_prophage_6,-0.14779294528187306,-0.3626926746076036,GCF_017775115.1
GCF_017775135.1_prophage_6,-0.14958367888810042,-0.36605136662210247,GCF_017775135.1
GCF_017775225.1_prophage_7,-0.44742427299712967,-0.06463916444086669,GCF_017775225.1
GCF_017775675.1_prophage_4,-0.4029623231242907,0.6837330425492721,GCF_017775675.1
GCF_017775705.1_prophage_3,-0.039501041339979774,0.7063306833208943,GCF_017775705.1
GCF_017776035.1_prophage_4,-0.22976769567785568,-0.07188174965029873,GCF_017776035.1
GCF_017813585.1_prophage_3,-0.07325004751109986,0.7547057705670491,GCF_017813585.1
GCF_017813635.1_prophage_2,-0.30508909468579326,0.18311347138592912,GCF_017813635.1
GCF_017815815.1_prophage_5,-0.25724972436280447,0.22485627919917653,GCF_017815815.1
GCF_017893795.1_prophage_3,-0.030844146962979883,0.31645173495856316,GCF_017893795.1
GCF_017893885.1_prophage_4,-0.2039684431745785,-0.519014629350249,GCF_017893885.1
GCF_017896185.1_prophage_5,-0.12105573524113755,-0.5071352217874381,GCF_017896185.1
GCF_017896205.1_prophage_5,-0.12091421337088558,-0.5071325650380776,GCF_017896205.1
GCF_017896545.1_prophage_5,-0.6385685194981452,0.5007356884742221,GCF_017896545.1
GCF_017896725.1_prophage_2,-0.16414114480115688,-0.19458305303704726,GCF_017896725.1
GCF_017896725.1_prophage_3,0.4687916462411786,-0.6248749156702246,GCF_017896725.1
GCF_017896805.1_prophage_3,-0.12123741784191341,0.10791357289744549,GCF_017896805.1
GCF_017896885.1_prophage_1,-0.24282426197167983,-0.4795238297137822,GCF_017896885.1
GCF_017896885.1_prophage_5,0.35123619865727457,0.7436456189022878,GCF_017896885.1
GCF_017897065.1_prophage_4,-0.18280258958937293,0.22449159949923014,GCF_017897065.1
GCF_017897525.1_prophage_2,0.3489927016093176,-0.6199856960905127,GCF_017897525.1
GCF_017903455.1_prophage_1,0.2454255121186669,-0.5532436723255554,GCF_017903455.1
GCF_017939405.1_prophage_6,-0.4806719416759423,-0.09012081234933438,GCF_017939405.1
GCF_017939485.1_prophage_1,0.2606602177841116,-0.5099923335747527,GCF_017939485.1
GCF_018075305.1_prophage_9,-0.45652772453767265,-0.6496613758951439,GCF_018075305.1
GCF_018085225.1_prophage_5,-0.008489856289378105,-0.6951721600634168,GCF_018085225.1
GCF_018095025.1_prophage_3,0.30056361411457133,0.6690249489659355,GCF_018095025.1
GCF_018095065.1_prophage_6,-0.5425024743912673,0.1792631145436771,GCF_018095065.1
GCF_018095225.1_prophage_3,0.0169818414135393,0.4533821949464421,GCF_018095225.1
GCF_018141245.1_prophage_4,-0.2261722778572431,-0.2552368084663652,GCF_018141245.1
GCF_018224245.1_prophage_2,-0.47792970402300794,0.13298577776684664,GCF_018224245.1
GCF_018224745.1_prophage_2,0.13114324259355212,0.23151355566891044,GCF_018224745.1
GCF_018224745.1_prophage_3,0.03431266109290419,-0.7062252329931957,GCF_018224745.1
GCF_018279125.1_prophage_2,-0.18988451116455934,-0.29275525870762387,GCF_018279125.1
GCF_018279225.1_prophage_12,-0.3780738449112902,0.7203001915280397,GCF_018279225.1
GCF_018279225.1_prophage_3,0.4143452054116604,0.1871391303990475,GCF_018279225.1
GCF_018326165.1_prophage_1,0.15877608737031387,0.7436594662704247,GCF_018326165.1
GCF_018327605.1_prophage_5,-0.6581777179719599,0.15630781945033834,GCF_018327605.1
GCF_018344545.1_prophage_1,0.2935434516837736,0.16155563925380706,GCF_018344545.1
GCF_018344735.1_prophage_5,-0.02671613725633353,0.47474549218090784,GCF_018344735.1
GCF_018345005.1_prophage_3,-0.5420789353603694,-0.60726534170015,GCF_018345005.1
GCF_018345025.1_prophage_1,0.4286095574406324,-0.6247011486169867,GCF_018345025.1
GCF_018345025.1_prophage_3,-0.13636171490416835,0.09756684172607602,GCF_018345025.1
GCF_018345085.1_prophage_1,0.3810331401760798,-0.626176508403968,GCF_018345085.1
GCF_018345085.1_prophage_2,0.4608794100441053,-0.6282105420307711,GCF_018345085.1
GCF_018394415.1_prophage_1,0.27779788814190215,-0.4391439624838882,GCF_018394415.1
GCF_018397095.1_prophage_4,-0.1775037403446359,-0.08157983219661223,GCF_018397095.1
GCF_018415995.1_prophage_3,-0.06565644123064523,0.2764898386194203,GCF_018415995.1
GCF_018420635.1_prophage_1,0.28499302257750414,0.3461560492690424,GCF_018420635.1
GCF_018421215.1_prophage_3,-0.24420934196155586,-0.5058391390026951,GCF_018421215.1
GCF_018421985.1_prophage_3,-0.8474296379850843,-0.18454178871637059,GCF_018421985.1
GCF_018422955.1_prophage_1,0.5820805372674952,-0.39615322116969925,GCF_018422955.1
GCF_018423055.1_prophage_4,0.025116016123023586,0.45188009714271893,GCF_018423055.1
GCF_018424775.1_prophage_3,-0.6090035995179692,0.16967776719375285,GCF_018424775.1
GCF_018439005.1_prophage_2,-0.6581760248153604,0.15631293088589507,GCF_018439005.1
GCF_018439505.1_prophage_4,0.1395152468176612,-0.7626362596686799,GCF_018439505.1
GCF_018441485.1_prophage_4,-0.13187882741612184,-0.8148188816394276,GCF_018441485.1
GCF_018442445.1_prophage_1,-0.524768612836483,-0.5127492974867834,GCF_018442445.1
GCF_018444005.1_prophage_4,0.0850685071174129,-0.6794033463240804,GCF_018444005.1
GCF_018447635.1_prophage_6,0.8248068420953907,-0.10188399322088765,GCF_018447635.1
GCF_018456315.1_prophage_5,-0.8422344562383879,-0.050029696825783614,GCF_018456315.1
GCF_018456605.1_prophage_4,0.6036334573155672,0.6088845597186308,GCF_018456605.1
GCF_018456625.1_prophage_8,-0.343532318940519,-0.7110060124715231,GCF_018456625.1
GCF_018456635.1_prophage_5,0.6130508416306037,-0.23887663382938204,GCF_018456635.1
GCF_018456685.1_prophage_5,-0.5123848064913784,-0.06309854188255681,GCF_018456685.1
GCF_018456865.1_prophage_9,-0.24732465485037775,0.7581028925825597,GCF_018456865.1
GCF_018456955.1_prophage_3,0.44632492185338474,0.17303215843113876,GCF_018456955.1
GCF_018476565.1_prophage_2,0.5017975579313567,0.5303205046891871,GCF_018476565.1
GCF_018476595.1_prophage_6,0.14793885051397263,0.7934276252469512,GCF_018476595.1
GCF_018682915.1_prophage_2,0.3286938576586308,-0.7044467599663079,GCF_018682915.1
GCF_018683005.1_prophage_1,-0.39596205033408693,0.44300010500502635,GCF_018683005.1
GCF_018683045.1_prophage_5,0.5025282433390414,0.20980546414024567,GCF_018683045.1
GCF_018683095.1_prophage_3,-0.21722047548525544,0.2248758005535015,GCF_018683095.1
GCF_018683295.1_prophage_7,-0.26170910269856573,-0.7173248073756334,GCF_018683295.1
GCF_018683415.1_prophage_1,0.6078972409814378,-0.3478019366989418,GCF_018683415.1
GCF_018683415.1_prophage_4,0.4973896229936493,-0.7008619598169716,GCF_018683415.1
GCF_018683495.1_prophage_4,0.3391127865532281,0.10748746636862014,GCF_018683495.1
GCF_018683535.1_prophage_2,0.5459619292519328,0.38088582038997965,GCF_018683535.1
GCF_018687775.1_prophage_3,0.017249821368298335,0.33383910011965845,GCF_018687775.1
GCF_018728225.1_prophage_3,0.27603584473896187,-0.06828202253369352,GCF_018728225.1
GCF_018728225.1_prophage_5,-0.20552879994531245,0.7870277737895489,GCF_018728225.1
GCF_018728485.1_prophage_4,0.17068001545243505,-0.6175833942261089,GCF_018728485.1
GCF_018734065.1_prophage_2,-0.25905785032334605,0.22052599707399623,GCF_018734065.1
GCF_018784805.1_prophage_2,0.791835683247528,-0.006207708644079759,GCF_018784805.1
GCF_018789835.1_prophage_2,0.7479051459661314,-0.35951847876979454,GCF_018789835.1
GCF_018789975.1_prophage_2,0.3601573138104228,0.6524335585408569,GCF_018789975.1
GCF_018790095.1_prophage_5,-0.33243319119778486,0.1805672071788827,GCF_018790095.1
GCF_018790515.1_prophage_1,-0.48806692421419123,-0.05999252992920274,GCF_018790515.1
GCF_018790515.1_prophage_2,0.6850072824366221,0.43150447806436226,GCF_018790515.1
GCF_018790645.1_prophage_5,-0.3215812301567985,-0.6435176589577078,GCF_018790645.1
GCF_018790715.1_prophage_2,0.25135555746722227,0.7515516928666147,GCF_018790715.1
GCF_018790745.1_prophage_5,-0.24586653570234634,0.5884667746642739,GCF_018790745.1
GCF_018790895.1_prophage_1,0.10992858035070421,0.19939035224891577,GCF_018790895.1
GCF_018790915.1_prophage_3,0.45896766623205476,0.21793404226484067,GCF_018790915.1
GCF_018791675.1_prophage_1,0.4837811943224872,-0.15397590239886355,GCF_018791675.1
GCF_018862155.1_prophage_6,-0.2091165841023246,0.22092780909610557,GCF_018862155.1
GCF_018862595.1_prophage_2,0.27020296346349326,0.11831378164379953,GCF_018862595.1
GCF_018862815.1_prophage_6,0.3059448460949038,-0.6422783664909252,GCF_018862815.1
GCF_018862985.1_prophage_7,-0.6374962837692661,-0.28780610684509605,GCF_018862985.1
GCF_018863015.1_prophage_1,-0.4774641817492798,0.08992576816792722,GCF_018863015.1
GCF_018863035.1_prophage_4,-0.6154560934970005,-0.4839803173741487,GCF_018863035.1
GCF_018863045.1_prophage_4,-0.2942883392715692,0.2649904833631477,GCF_018863045.1
GCF_018863135.1_prophage_1,-0.6616277647653798,0.09325225106105163,GCF_018863135.1
GCF_018884265.1_prophage_1,-0.48428818450026734,-0.06250728685659676,GCF_018884265.1
GCF_018884265.1_prophage_6,0.14880206971991425,0.19655758117328193,GCF_018884265.1
GCF_018884285.1_prophage_1,-0.34336805487301436,0.6090169419932121,GCF_018884285.1
GCF_018884465.1_prophage_7,0.13837369042714662,0.17906230263438855,GCF_018884465.1
GCF_018884545.1_prophage_3,0.005994601767854684,0.40753211257714844,GCF_018884545.1
GCF_018884565.1_prophage_2,0.3409181845328164,-0.6253241160022102,GCF_018884565.1
GCF_018966965.1_prophage_1,0.4557438418460277,-0.1363213724338252,GCF_018966965.1
GCF_018972225.1_prophage_5,0.05840736204273545,0.2110018872745604,GCF_018972225.1
GCF_018972245.1_prophage_4,0.8137115576386018,-0.08395290582707177,GCF_018972245.1
GCF_018986775.1_prophage_2,-0.21676973274886252,0.201951183163982,GCF_018986775.1
GCF_018988385.1_prophage_4,0.11044635078033795,0.24114117157213788,GCF_018988385.1
GCF_019051295.1_prophage_2,-0.396816818452538,-0.49675490533813554,GCF_019051295.1
GCF_019051635.1_prophage_1,0.5938564071311907,0.44896588188439973,GCF_019051635.1
GCF_019051775.1_prophage_5,-0.21155061552139798,0.07779920695781722,GCF_019051775.1
GCF_019051795.1_prophage_5,0.6310095450872354,-0.45625945155831815,GCF_019051795.1
GCF_019052095.1_prophage_4,0.6625046905143208,0.15219051177446777,GCF_019052095.1
GCF_019053115.1_prophage_2,-0.17620833815956471,-0.33025669744392416,GCF_019053115.1
GCF_019054135.1_prophage_5,-0.4915135675940118,-0.673304733207781,GCF_019054135.1
GCF_019054175.1_prophage_1,0.10663948071193609,0.2409958487507614,GCF_019054175.1
GCF_019054575.1_prophage_1,0.4399717736098055,-0.6364626028157054,GCF_019054575.1
GCF_019054575.1_prophage_3,-0.14481053258997256,0.10020339494465966,GCF_019054575.1
GCF_019091005.1_prophage_2,0.14177602754993432,0.19769398824598997,GCF_019091005.1
GCF_019104245.1_prophage_2,-0.6202974252649563,-0.3189141007532689,GCF_019104245.1
GCF_019104255.1_prophage_1,0.1466998748629355,0.13827775908479445,GCF_019104255.1
GCF_019104285.1_prophage_4,0.46064336572254116,-0.6288889247416036,GCF_019104285.1
GCF_019104345.1_prophage_2,0.1392771759500695,0.1399965376968045,GCF_019104345.1
GCF_019104385.1_prophage_3,0.08305750279233784,0.21600401641147707,GCF_019104385.1
GCF_019104395.1_prophage_3,-0.6184381128021719,-0.32148353613146835,GCF_019104395.1
GCF_019104655.1_prophage_2,0.4336100647544751,-0.6344267372088019,GCF_019104655.1
GCF_019120735.1_prophage_3,0.03097922683848349,0.2506140948678663,GCF_019120735.1
GCF_019120795.1_prophage_1,-0.6185251992196902,-0.3213635723643667,GCF_019120795.1
GCF_019120815.1_prophage_1,0.1970256575059167,0.839161355045537,GCF_019120815.1
GCF_019121055.1_prophage_1,-0.08534523886368986,0.7446787686196344,GCF_019121055.1
GCF_019121055.1_prophage_2,-0.3847645636724833,0.06436860684407598,GCF_019121055.1
GCF_019148725.1_prophage_5,0.6162763821649209,-0.4631331304847178,GCF_019148725.1
GCF_019148725.1_prophage_6,0.6654888369002249,-0.008031964617130962,GCF_019148725.1
GCF_019148765.1_prophage_5,-0.10629798966870638,0.11776721380476618,GCF_019148765.1
GCF_019148845.1_prophage_3,0.020892476497168914,0.11476884999298,GCF_019148845.1
GCF_019148845.1_prophage_7,-0.2580289538161987,-0.49753639274297895,GCF_019148845.1
GCF_019201615.1_prophage_3,-0.30385850750893795,-0.04454223630867501,GCF_019201615.1
GCF_019201665.1_prophage_3,0.41071738431409294,0.25619905499687484,GCF_019201665.1
GCF_019201765.1_prophage_4,-0.1249170041918944,-0.35993570230624045,GCF_019201765.1
GCF_019201865.1_prophage_3,0.12449127738669517,0.2517907625434813,GCF_019201865.1
GCF_019202285.1_prophage_7,-0.10753872779053303,-0.7061226993125622,GCF_019202285.1
GCF_019202555.1_prophage_1,0.16217076753063706,-0.5727540258817452,GCF_019202555.1
GCF_019219395.1_prophage_2,-0.26196010970801836,-0.13273522297417098,GCF_019219395.1
GCF_019219605.1_prophage_2,0.4195458242471223,-0.6314557807787272,GCF_019219605.1
GCF_019249965.1_prophage_4,-0.25679632476731434,0.18780900949686372,GCF_019249965.1
GCF_019250015.1_prophage_3,0.8302155028497838,-0.12994999030251245,GCF_019250015.1
GCF_019280025.1_prophage_2,0.42788225490087284,0.15870701661530717,GCF_019280025.1
GCF_019281595.1_prophage_1,-0.5058451985500062,-0.1043500330686803,GCF_019281595.1
GCF_019281595.1_prophage_2,-0.5119791897479283,0.027870802201320134,GCF_019281595.1
GCF_019282105.1_prophage_1,-0.5987836680713977,0.20439341419064078,GCF_019282105.1
GCF_019282155.1_prophage_4,-0.473388659150469,0.6539423472934495,GCF_019282155.1
GCF_019282295.1_prophage_4,-0.29372572952881215,0.16436699035174263,GCF_019282295.1
GCF_019282315.1_prophage_1,-0.5952177576602244,0.060446862422723395,GCF_019282315.1
GCF_019282355.1_prophage_1,-0.49601790584220184,0.6603744987323816,GCF_019282355.1
GCF_019282405.1_prophage_5,0.629704559471857,-0.45531311104367533,GCF_019282405.1
GCF_019282515.1_prophage_1,0.0013726766610643194,0.4044985612160528,GCF_019282515.1
GCF_019282695.1_prophage_4,0.45260172835639917,-0.45051673394577624,GCF_019282695.1
GCF_019297265.1_prophage_7,-0.8093980012025214,0.03399925378942753,GCF_019297265.1
GCF_019297415.1_prophage_3,-0.6866447225975688,-0.17988470492119168,GCF_019297415.1
GCF_019297505.1_prophage_4,-0.6745168288360931,-0.17294846473271852,GCF_019297505.1
GCF_019297555.1_prophage_5,-0.10711877207619841,0.06426265108089459,GCF_019297555.1
GCF_019311925.1_prophage_4,-0.475806970633273,-0.057581573821122674,GCF_019311925.1
GCF_019312345.1_prophage_8,-0.08108244050786077,0.42771240337714445,GCF_019312345.1
GCF_019312485.1_prophage_1,0.7670907041265741,-0.3141920376431636,GCF_019312485.1
GCF_019350995.1_prophage_1,-0.6360181987652166,0.2385892098823123,GCF_019350995.1
GCF_019351035.1_prophage_3,0.6506372424299506,-0.014274573211725417,GCF_019351035.1
GCF_019351255.1_prophage_2,0.45293723868208047,-0.008662404496520485,GCF_019351255.1
GCF_019351275.1_prophage_3,0.2206819407828754,0.6489391583335412,GCF_019351275.1
GCF_019351335.1_prophage_2,0.17174764409430854,0.14149829173683937,GCF_019351335.1
GCF_019355495.1_prophage_9,-0.3091881329440377,-0.49459856278072534,GCF_019355495.1
GCF_019375055.2_prophage_3,0.03350240036887761,0.08029414116853327,GCF_019375055.2
GCF_019375055.2_prophage_8,-0.1852218463197044,-0.7750322227899333,GCF_019375055.2
GCF_019426265.1_prophage_4,-0.13004019048047635,0.13983990473025032,GCF_019426265.1
GCF_019428645.1_prophage_3,-0.530181060031949,-0.22588035673351164,GCF_019428645.1
GCF_019428665.1_prophage_4,0.7865543337748148,-0.09258361135853405,GCF_019428665.1
GCF_019428725.1_prophage_6,-0.7339437132093086,0.40300566848987807,GCF_019428725.1
GCF_019431315.1_prophage_5,0.35058358859178523,0.6010935037058999,GCF_019431315.1
GCF_019431335.1_prophage_11,-0.021570060680005543,0.08367062656646714,GCF_019431335.1
GCF_019431475.1_prophage_7,0.2910469221800185,0.7604246759549471,GCF_019431475.1
GCF_019436585.1_prophage_4,0.1901851992761099,0.7895522742321797,GCF_019436585.1
GCF_019436625.1_prophage_4,0.50747643708189,0.07468958670871405,GCF_019436625.1
GCF_019444045.1_prophage_1,-0.5780471989888334,0.28575198034822286,GCF_019444045.1
GCF_019458565.1_prophage_3,0.4428199122782843,-0.611507579369495,GCF_019458565.1
GCF_019459845.1_prophage_5,0.10238897340951975,0.8001656899939416,GCF_019459845.1
GCF_019460065.1_prophage_3,0.7446510230362984,-0.2065472478978436,GCF_019460065.1
GCF_019509185.1_prophage_3,0.7479959655740386,-0.30490108560471235,GCF_019509185.1
GCF_019509195.1_prophage_1,0.11854568036359675,-0.11020080289330658,GCF_019509195.1
GCF_019509195.1_prophage_6,0.17472417151242123,-0.6437572338765525,GCF_019509195.1
GCF_019509565.1_prophage_1,0.4830078310862907,-0.48650430540364364,GCF_019509565.1
GCF_019551855.1_prophage_4,0.021081902903984987,0.3024729104214115,GCF_019551855.1
GCF_019584115.1_prophage_3,-0.3996078216957953,-0.4382717152730314,GCF_019584115.1
GCF_019584345.1_prophage_3,0.10490015960238241,0.09248755824885697,GCF_019584345.1
GCF_019584445.1_prophage_2,0.14410166977521274,0.13680904398731006,GCF_019584445.1
GCF_019584445.1_prophage_3,-0.02249482555178409,0.1428903440577214,GCF_019584445.1
GCF_019584865.1_prophage_1,-0.12136087912644734,-0.7492309772296872,GCF_019584865.1
GCF_019584865.1_prophage_6,0.7295492276221526,0.45919111466401275,GCF_019584865.1
GCF_019585005.1_prophage_1,0.769765374149178,-0.11845722141837194,GCF_019585005.1
GCF_019585285.1_prophage_6,-0.21478559401295297,0.01893129576458918,GCF_019585285.1
GCF_019585305.1_prophage_1,0.1841391714189147,-0.6141644123922003,GCF_019585305.1
GCF_019585485.1_prophage_3,0.4837924654117425,0.24481778106459867,GCF_019585485.1
GCF_019585745.1_prophage_2,0.41153290411940135,0.6185162001780671,GCF_019585745.1
GCF_019585825.1_prophage_3,-0.49249263228664336,-0.047751796490209476,GCF_019585825.1
GCF_019585905.1_prophage_3,-0.24218916370024954,0.2533150589699786,GCF_019585905.1
GCF_019585925.1_prophage_2,-0.21558010360998406,0.2176428128744293,GCF_019585925.1
GCF_019585935.1_prophage_7,-0.4134219250063649,-0.6717302024390123,GCF_019585935.1
GCF_019587165.1_prophage_1,-0.4489610989582374,0.15375504605284218,GCF_019587165.1
GCF_019587225.1_prophage_2,0.18967293156566384,-0.12349928155257534,GCF_019587225.1
GCF_019587335.1_prophage_3,0.3921383918610254,0.7500881104568647,GCF_019587335.1
GCF_019587525.1_prophage_5,0.286141705228186,-0.6332675376105121,GCF_019587525.1
GCF_019587895.1_prophage_2,0.38400990581239114,-0.6310184597045491,GCF_019587895.1
GCF_019587985.1_prophage_5,-0.05554638159496005,0.2789593757605573,GCF_019587985.1
GCF_019645995.1_prophage_2,-0.12018809379014811,-0.4599885291249614,GCF_019645995.1
GCF_019655835.1_prophage_1,-0.13394773995733114,-0.31417953564113593,GCF_019655835.1
GCF_019660015.1_prophage_1,0.20333509609074535,-0.5915510569559257,GCF_019660015.1
GCF_019660785.1_prophage_3,-0.6945361591674968,0.2680299836052499,GCF_019660785.1
GCF_019660835.1_prophage_3,-0.7790063519469103,0.3705093772044193,GCF_019660835.1
GCF_019660925.1_prophage_3,-0.012492550966550654,0.6752255404424398,GCF_019660925.1
GCF_019683895.1_prophage_2,-0.6581760090379181,0.15631297871851427,GCF_019683895.1
GCF_019684015.1_prophage_5,0.1772745279964499,0.8259275658317614,GCF_019684015.1
GCF_019730465.1_prophage_5,-0.5554770666348696,0.12747329761038279,GCF_019730465.1
GCF_019731455.1_prophage_3,-0.15795631490241618,-0.3419412182722574,GCF_019731455.1
GCF_019772125.1_prophage_5,0.1997153991844968,-0.5832833841859962,GCF_019772125.1
GCF_019772145.1_prophage_2,0.159560818556211,0.23955920472220493,GCF_019772145.1
GCF_019780835.1_prophage_3,-0.24941880388354926,-0.4487186120440002,GCF_019780835.1
GCF_019780925.1_prophage_4,0.5969249021682471,-0.4221345313656696,GCF_019780925.1
GCF_019800285.1_prophage_7,0.2866042238703054,-0.7915252519980969,GCF_019800285.1
GCF_019834445.1_prophage_6,-0.10856114582206301,0.1122993488632058,GCF_019834445.1
GCF_019834455.1_prophage_1,-0.23578016685785202,-0.023230783733886234,GCF_019834455.1
GCF_019839425.1_prophage_3,-0.5429318292822107,-0.11114578013160342,GCF_019839425.1
GCF_019839945.1_prophage_2,0.37980616428487435,-0.39944525196472397,GCF_019839945.1
GCF_019840005.1_prophage_5,0.4500082976526655,-0.6257943921643967,GCF_019840005.1
GCF_019840065.1_prophage_6,0.5112321993608121,0.19877977791033843,GCF_019840065.1
GCF_019840545.1_prophage_1,-0.07777118741036308,0.10707797588324121,GCF_019840545.1
GCF_019840625.1_prophage_2,0.44323276619468754,0.17011761893824726,GCF_019840625.1
GCF_019840825.1_prophage_3,0.3648235758776974,0.13147403620415746,GCF_019840825.1
GCF_019840915.1_prophage_1,0.2712114241131471,0.11724987152883982,GCF_019840915.1
GCF_019840915.1_prophage_2,0.47333017573452346,0.6085248271175245,GCF_019840915.1
GCF_019841065.1_prophage_1,-0.516710052393314,0.31192227832965425,GCF_019841065.1
GCF_019841365.1_prophage_5,-0.4314181340984847,0.17532447948174934,GCF_019841365.1
GCF_019841475.1_prophage_8,0.32197798480408285,-0.6199326447923829,GCF_019841475.1
GCF_019841545.1_prophage_2,-0.5305316391920394,-0.40921119710575965,GCF_019841545.1
GCF_019841565.1_prophage_4,0.030561286145288514,0.3722217605129856,GCF_019841565.1
GCF_019841585.1_prophage_1,-0.0037185964199102557,0.7829518828845018,GCF_019841585.1
GCF_019841705.1_prophage_2,-0.6235826255424429,0.2057479388146977,GCF_019841705.1
GCF_019841865.1_prophage_3,0.004858007484113079,0.4055085846068966,GCF_019841865.1
GCF_019878055.1_prophage_5,0.661842119250894,-0.2589162322262583,GCF_019878055.1
GCF_019878145.1_prophage_1,0.435960629954201,0.18880574759823196,GCF_019878145.1
GCF_019878155.1_prophage_9,0.6199865571892208,-0.4715350159303227,GCF_019878155.1
GCF_019878665.1_prophage_2,-0.05963142992702091,0.1261769450869921,GCF_019878665.1
GCF_019879225.1_prophage_7,-0.09911415532334149,0.10621255773025287,GCF_019879225.1
GCF_019879285.1_prophage_3,0.6746112224124537,0.0682088679115211,GCF_019879285.1
GCF_019879405.1_prophage_4,-0.39163730825208304,0.6804052265017061,GCF_019879405.1
GCF_019879535.1_prophage_4,0.4383161310658294,-0.6358176694545558,GCF_019879535.1
GCF_019879625.1_prophage_3,-0.6313750936757282,-0.2783737593981892,GCF_019879625.1
GCF_019891035.1_prophage_3,-0.26130113598377974,0.15609648039470056,GCF_019891035.1
GCF_019891295.1_prophage_2,-0.4424545903234508,-0.03378703765980497,GCF_019891295.1
GCF_019891305.1_prophage_2,0.004426837337010642,-0.41438986757179447,GCF_019891305.1
GCF_019926445.1_prophage_1,0.46542687223926327,0.18803697106480888,GCF_019926445.1
GCF_019926495.1_prophage_1,-0.4531953230322841,-0.07624608841900352,GCF_019926495.1
GCF_019926495.1_prophage_3,0.6211523893125258,-0.42393236197026,GCF_019926495.1
GCF_019926525.1_prophage_6,0.5151286596422773,0.07799699815476446,GCF_019926525.1
GCF_019926805.1_prophage_3,0.4971053537603564,0.0634699152778532,GCF_019926805.1
GCF_019957205.1_prophage_8,0.345751398610005,-0.6234242607284831,GCF_019957205.1
GCF_019957355.1_prophage_6,-0.551801489082236,-0.47581742802488425,GCF_019957355.1
GCF_019957505.1_prophage_2,-0.522370663151156,0.04813474255506067,GCF_019957505.1
GCF_019958035.1_prophage_3,0.16006945518279198,-0.17084421946899236,GCF_019958035.1
GCF_019958115.1_prophage_1,-0.531005475802341,0.6629805721215372,GCF_019958115.1
GCF_019969545.1_prophage_9,-0.4810875563473813,0.03146902581015727,GCF_019969545.1
GCF_019970955.1_prophage_2,0.009174412577862893,0.33608015165096994,GCF_019970955.1
GCF_019971035.1_prophage_1,0.6174137956174657,0.5642128649694363,GCF_019971035.1
GCF_019971115.1_prophage_2,0.5994279004592566,-0.4994151623019794,GCF_019971115.1
GCF_019976835.1_prophage_6,-0.5187144086739452,0.6693675065511094,GCF_019976835.1
GCF_020005445.1_prophage_4,0.35590191985898645,-0.6260210201505887,GCF_020005445.1
GCF_020037245.1_prophage_3,0.0048611831204918386,0.3869110093052538,GCF_020037245.1
GCF_020051435.1_prophage_6,-0.007573013282593632,0.5087113143004711,GCF_020051435.1
GCF_020051595.1_prophage_6,0.4257419675594013,0.16017803052668866,GCF_020051595.1
GCF_020076285.1_prophage_2,0.005210022031239901,0.25647045388645845,GCF_020076285.1
GCF_020085025.1_prophage_3,-0.8421428876109501,0.11262630048548891,GCF_020085025.1
GCF_020085195.1_prophage_10,0.006712166755665112,0.15368948288589318,GCF_020085195.1
GCF_020085235.1_prophage_1,0.008782387426201953,0.7391988308204387,GCF_020085235.1
GCF_020085235.1_prophage_2,-0.011187453267687197,0.10369966659720364,GCF_020085235.1
GCF_020085555.1_prophage_2,0.28419852417319075,-0.6367565818819682,GCF_020085555.1
GCF_020085735.1_prophage_1,-0.2426838889822233,0.33017094787006246,GCF_020085735.1
GCF_020085895.1_prophage_4,-0.4688072138647942,-0.6463709093255662,GCF_020085895.1
GCF_020086055.1_prophage_5,-0.3387536574444139,0.729021599964074,GCF_020086055.1
GCF_020086165.1_prophage_2,0.5406482982375976,-0.5193191973988439,GCF_020086165.1
GCF_020086315.1_prophage_4,-0.5939179566385562,0.5536348873084889,GCF_020086315.1
GCF_020086365.1_prophage_1,0.513236283129534,0.5395254361136328,GCF_020086365.1
GCF_020105335.1_prophage_2,0.08984647938864734,0.20995603200476626,GCF_020105335.1
GCF_020105395.1_prophage_9,-0.47746500329456176,0.5445114436977311,GCF_020105395.1
GCF_020148165.1_prophage_6,-0.08169929558014034,-0.3002218941837827,GCF_020148165.1
GCF_020149665.1_prophage_4,-0.15377497247992122,0.07234451452274505,GCF_020149665.1
GCF_020149705.1_prophage_1,0.4315844883413494,-0.48007081079829833,GCF_020149705.1
GCF_020149705.1_prophage_4,0.6967964837102074,-0.21826210214856867,GCF_020149705.1
GCF_020162395.1_prophage_5,0.1613708904083353,0.20339862040914752,GCF_020162395.1
GCF_020162435.1_prophage_2,-0.4834220883837869,-0.016788208579549508,GCF_020162435.1
GCF_020162435.1_prophage_5,-0.16941228167144604,-0.3173319531426915,GCF_020162435.1
GCF_020162445.1_prophage_1,-0.18503290393782215,0.7783779159608535,GCF_020162445.1
GCF_020162445.1_prophage_5,0.47479553092119997,0.2020312680289347,GCF_020162445.1
GCF_020162475.1_prophage_1,-0.6397380937769312,0.14355265781892226,GCF_020162475.1
GCF_020162615.1_prophage_6,0.11831035168160597,-0.7078176757078496,GCF_020162615.1
GCF_020162695.1_prophage_5,-0.10039338573411623,0.07532880463833383,GCF_020162695.1
GCF_020162765.1_prophage_2,-0.4456324819748087,0.5801461376752917,GCF_020162765.1
GCF_020162795.1_prophage_2,-0.12104076538824018,-0.3427328874706056,GCF_020162795.1
GCF_020166635.1_prophage_6,-0.4559085321301349,-0.09198676750003722,GCF_020166635.1
GCF_020166655.1_prophage_2,0.3981825057462495,-0.6307542672011478,GCF_020166655.1
GCF_020166665.1_prophage_2,0.2413277379482685,0.15740121116497538,GCF_020166665.1
GCF_020168335.1_prophage_1,0.6432830641523526,-0.5019249224350603,GCF_020168335.1
GCF_020168375.1_prophage_1,-0.6919305071545092,0.22640226753853968,GCF_020168375.1
GCF_020168695.1_prophage_5,-0.1360288592804239,-0.3717169923416224,GCF_020168695.1
GCF_020168775.1_prophage_2,0.3463247088236754,-0.626073877657709,GCF_020168775.1
GCF_020169365.1_prophage_1,0.18819723463830007,0.14109500953956994,GCF_020169365.1
GCF_020215925.1_prophage_3,-0.10555710783687153,0.5225229665003511,GCF_020215925.1
GCF_020215945.1_prophage_6,0.5076506392076159,0.06814604170872629,GCF_020215945.1
GCF_020215945.1_prophage_9,0.7956665408553313,0.2703294766030039,GCF_020215945.1
GCF_020216205.1_prophage_3,-0.058592287860585374,-0.7262956617955967,GCF_020216205.1
GCF_020217445.1_prophage_7,0.16210880163262,-0.5758573686908836,GCF_020217445.1
GCF_020230345.1_prophage_1,-0.1866218418085911,-0.3161873988977396,GCF_020230345.1
GCF_020230435.1_prophage_1,-0.21366089619024103,0.20238125265183998,GCF_020230435.1
GCF_020251685.1_prophage_5,-0.5920586697906105,0.20533182175994813,GCF_020251685.1
GCF_020251725.1_prophage_5,0.628956507117336,-0.5293195622104623,GCF_020251725.1
GCF_020281995.1_prophage_1,0.3315138590161564,-0.6207611034824536,GCF_020281995.1
GCF_020282065.1_prophage_3,-0.13561005162842982,-0.45846425933044305,GCF_020282065.1
GCF_020282125.1_prophage_4,0.46130513504675413,0.21396996228991652,GCF_020282125.1
GCF_020282125.1_prophage_5,-0.5051347389546371,0.017846049064938776,GCF_020282125.1
GCF_020282185.1_prophage_4,0.27199146924377865,-0.5314765972805148,GCF_020282185.1
GCF_020282305.1_prophage_1,-0.5007840255138777,-0.04697167861242072,GCF_020282305.1
GCF_020381605.1_prophage_3,-0.09714685750600736,0.7476019472865622,GCF_020381605.1
GCF_020381685.1_prophage_3,-0.12711946884308986,-0.47851671167113946,GCF_020381685.1
GCF_020381985.1_prophage_3,0.10803683420429427,0.17469726566167149,GCF_020381985.1
GCF_020381995.1_prophage_5,0.4355334075314867,-0.5829513574576219,GCF_020381995.1
GCF_020406085.1_prophage_2,-0.4446611062228088,0.03277681336933452,GCF_020406085.1
GCF_020418405.1_prophage_1,-0.2576128960485979,-0.11706051105424065,GCF_020418405.1
GCF_020421655.1_prophage_2,-0.5064046670019764,-0.0847080399049167,GCF_020421655.1
GCF_020421745.1_prophage_7,0.7135742562530967,0.18617897465772645,GCF_020421745.1
GCF_020422265.1_prophage_1,-0.41257786996984114,-0.44394047929370367,GCF_020422265.1
GCF_020422525.1_prophage_5,-0.3613673129375076,-0.029048188841244185,GCF_020422525.1
GCF_020422745.1_prophage_2,0.06419902073479929,0.16517432379263078,GCF_020422745.1
GCF_020422745.1_prophage_6,-0.2306867561490804,0.7768599505742755,GCF_020422745.1
GCF_020423185.1_prophage_4,0.17639722641461766,0.2616250131736195,GCF_020423185.1
GCF_020423205.1_prophage_14,0.19229545134901843,0.24732561111613013,GCF_020423205.1
GCF_020423225.1_prophage_15,-0.3704468854132277,-0.2334580515631266,GCF_020423225.1
GCF_020443995.1_prophage_13,0.16864127454629038,0.250112055380121,GCF_020443995.1
GCF_020443995.1_prophage_14,0.17691636797459898,0.25106674610749397,GCF_020443995.1
GCF_020443995.1_prophage_5,0.17854212118300447,0.2614509081847934,GCF_020443995.1
GCF_020494055.1_prophage_2,0.34104774671559634,-0.6167952648656685,GCF_020494055.1
GCF_020514375.1_prophage_5,-0.4565679099505737,0.14461747372514278,GCF_020514375.1
GCF_020514385.1_prophage_7,0.6112078163905933,0.1985550586869393,GCF_020514385.1
GCF_020514555.1_prophage_2,-0.1913874282128989,-0.567765120762483,GCF_020514555.1
GCF_020514905.1_prophage_3,-0.15286647777755524,0.08691197724110415,GCF_020514905.1
GCF_020514905.1_prophage_7,0.10866269054791443,0.22721688549708485,GCF_020514905.1
GCF_020515295.1_prophage_6,0.040004168829920216,0.004939809689560617,GCF_020515295.1
GCF_020515315.1_prophage_4,-0.12703428683284163,-0.3425440335653417,GCF_020515315.1
GCF_020526745.1_prophage_5,-0.12970052799334084,-0.5172292021713539,GCF_020526745.1
GCF_020535205.1_prophage_4,-0.14664074805352267,0.08164761269627187,GCF_020535205.1
GCF_020552865.1_prophage_5,0.11547736767978148,0.76072141777493,GCF_020552865.1
GCF_020553665.1_prophage_3,0.1620425171912254,-0.7037795277493682,GCF_020553665.1
GCF_020594115.1_prophage_6,0.21874346566228542,0.17276280721371787,GCF_020594115.1
GCF_020594415.1_prophage_5,-0.057787461026259916,0.27974641306489234,GCF_020594415.1
GCF_020594495.1_prophage_4,-0.05778746102625993,0.2797464130648923,GCF_020594495.1
GCF_020662165.1_prophage_7,-0.18619289656746538,0.25881748422990636,GCF_020662165.1
GCF_020668375.1_prophage_2,-0.026641535843299313,0.3452154318696644,GCF_020668375.1
GCF_020668485.1_prophage_2,0.43004000419822763,-0.6294741151263872,GCF_020668485.1
GCF_020668575.1_prophage_3,0.3561893962281356,-0.6273283820077881,GCF_020668575.1
GCF_020668575.1_prophage_4,-0.2607158734913106,0.2160610445967874,GCF_020668575.1
GCF_020668755.1_prophage_2,-0.4651451232308085,-0.09037542583733495,GCF_020668755.1
GCF_020668895.1_prophage_7,-0.5825107403565476,-0.17703466000003684,GCF_020668895.1
GCF_020668915.1_prophage_2,-0.0015263185434673712,0.41134083319886394,GCF_020668915.1
GCF_020669055.1_prophage_2,-0.3008260592332271,0.15628040553906908,GCF_020669055.1
GCF_020669085.1_prophage_3,0.17294840704716918,-0.12578600701980072,GCF_020669085.1
GCF_020669155.1_prophage_5,-0.4849200913496675,-0.0751188186401183,GCF_020669155.1
GCF_020669215.1_prophage_4,0.24354491537335782,0.17545324814333876,GCF_020669215.1
GCF_020669315.1_prophage_4,-0.5427645539480469,-0.3634497297857623,GCF_020669315.1
GCF_020669315.1_prophage_5,0.10102857205544641,-0.8295531336423508,GCF_020669315.1
GCF_020669455.1_prophage_7,-0.6364893723303195,-0.2152160752677595,GCF_020669455.1
GCF_020669475.1_prophage_2,0.006761793222391602,-0.6848096812843893,GCF_020669475.1
GCF_020669475.1_prophage_7,0.08091408479413051,0.2791665514073245,GCF_020669475.1
GCF_020669685.1_prophage_1,-0.3531529941500389,-0.26263614293725895,GCF_020669685.1
GCF_020669725.1_prophage_1,-0.5403042851971117,-0.168193683593961,GCF_020669725.1
GCF_020669795.1_prophage_2,0.760070299771369,0.16946291558975624,GCF_020669795.1
GCF_020669945.1_prophage_1,0.47259887576738824,0.018350568381620774,GCF_020669945.1
GCF_020669985.1_prophage_5,0.28698664901774457,0.09670973082714893,GCF_020669985.1
GCF_020670065.1_prophage_6,-0.2889575275648251,0.2594458719983993,GCF_020670065.1
GCF_020683045.1_prophage_2,0.6900523740140706,-0.37934731576859376,GCF_020683045.1
GCF_020683085.1_prophage_1,-0.025691101945078017,0.16285224695876813,GCF_020683085.1
GCF_020731985.1_prophage_3,0.06397270055211554,0.16521548467318894,GCF_020731985.1
GCF_020732035.1_prophage_4,-0.5816949052445903,0.6093301733177269,GCF_020732035.1
GCF_020732055.1_prophage_2,-0.46080888904466805,0.08116397037803225,GCF_020732055.1
GCF_020732545.1_prophage_2,0.62917206009911,0.5391053418738688,GCF_020732545.1
GCF_020732585.1_prophage_4,-0.3266281352199648,0.1840907645614057,GCF_020732585.1
GCF_020732795.1_prophage_2,0.1095954858092873,0.19843148362878252,GCF_020732795.1
GCF_020732795.1_prophage_3,0.3089834659597687,0.6894530241022848,GCF_020732795.1
GCF_020733625.1_prophage_1,0.4613164703804616,0.5713659652417452,GCF_020733625.1
GCF_020733885.1_prophage_4,0.4215832529987627,-0.6295199176012544,GCF_020733885.1
GCF_020733955.1_prophage_5,0.29807062840287196,0.24848308439417374,GCF_020733955.1
GCF_020733955.1_prophage_6,-0.48485385514364526,0.1384280380923958,GCF_020733955.1
GCF_020734045.1_prophage_2,-0.2237033271265428,-0.3035991830270999,GCF_020734045.1
GCF_020741155.1_prophage_3,-0.17844155721899155,0.2257041106884408,GCF_020741155.1
GCF_020782285.1_prophage_5,0.47511545931279964,0.054568957294401775,GCF_020782285.1
GCF_020782405.1_prophage_3,-0.7133141273792317,0.45308226828193465,GCF_020782405.1
GCF_020782685.1_prophage_2,0.3314666227251172,-0.618959653721782,GCF_020782685.1
GCF_020782695.1_prophage_3,-0.5153419649373565,-0.3473605521151696,GCF_020782695.1
GCF_020819635.1_prophage_2,0.32381213562249245,-0.6194916284136718,GCF_020819635.1
GCF_020821775.1_prophage_2,-0.03149454791982698,0.7029249247691067,GCF_020821775.1
GCF_020821925.1_prophage_2,0.06564288739024607,0.29891608564177824,GCF_020821925.1
GCF_020827555.1_prophage_3,0.12421802450986348,0.7035119604929719,GCF_020827555.1
GCF_020827895.1_prophage_4,-0.27482425184215614,0.20848313243067132,GCF_020827895.1
GCF_020829045.1_prophage_2,0.10814736995215969,0.19318693885358587,GCF_020829045.1
GCF_020831395.1_prophage_2,-0.17677610558050103,0.2201300976293489,GCF_020831395.1
GCF_020858205.1_prophage_10,-0.0427316407988058,0.4653084323751503,GCF_020858205.1
GCF_020858625.1_prophage_3,0.4327069771677434,-0.61637776042586,GCF_020858625.1
GCF_020859015.1_prophage_5,-0.6175853705382641,0.5360178823408984,GCF_020859015.1
GCF_020859075.1_prophage_4,-0.5894643659758374,-0.3352133162162751,GCF_020859075.1
GCF_020859325.1_prophage_5,-0.7557549619179106,-0.36663039990367635,GCF_020859325.1
GCF_020859375.1_prophage_1,-0.18376371864469176,0.03530734629745352,GCF_020859375.1
GCF_020861305.1_prophage_3,0.00413337556269229,0.40553800553912295,GCF_020861305.1
GCF_020868245.1_prophage_7,0.5867051309868783,0.5240929540235902,GCF_020868245.1
GCF_020882935.1_prophage_7,0.3429929711535052,0.4560364666630143,GCF_020882935.1
GCF_020883255.1_prophage_4,0.06769476102912572,0.19606384175179284,GCF_020883255.1
GCF_020883355.1_prophage_2,0.1653610879198126,0.8398540175593843,GCF_020883355.1
GCF_020883395.1_prophage_1,0.40398817144607563,0.7479245948443182,GCF_020883395.1
GCF_020883515.1_prophage_5,0.4615641388429607,0.050878172390273306,GCF_020883515.1
GCF_020886495.2_prophage_6,-0.5189096304813392,0.5522318751299561,GCF_020886495.2
GCF_020886575.2_prophage_2,0.08028214801534732,0.0946038017832622,GCF_020886575.2
GCF_020886575.2_prophage_8,0.4787315157093992,0.07525189441057556,GCF_020886575.2
GCF_020905655.1_prophage_2,0.15148704102838562,0.13570490079808353,GCF_020905655.1
GCF_020907615.1_prophage_7,0.587328837553176,-0.3375152356059076,GCF_020907615.1
GCF_020907645.1_prophage_2,0.15167564085400492,0.2498599365883419,GCF_020907645.1
GCF_020907645.1_prophage_7,0.23129868011555177,0.6711231207213855,GCF_020907645.1
GCF_020966395.1_prophage_4,-0.5337804430399965,0.536870018612623,GCF_020966395.1
GCF_020966535.1_prophage_5,0.07595458743898041,0.35308659559821226,GCF_020966535.1
GCF_021028405.1_prophage_1,0.5828698738556408,-0.23321099830197883,GCF_021028405.1
GCF_021029505.1_prophage_4,-0.6297863727809949,-0.24942260568087488,GCF_021029505.1
GCF_021035545.1_prophage_1,-0.3336458251063251,-0.661362831885471,GCF_021035545.1
GCF_021035625.1_prophage_5,-0.024708587829751116,0.4730097606303218,GCF_021035625.1
GCF_021035665.1_prophage_1,0.2151610335483439,0.12158707114731411,GCF_021035665.1
GCF_021035695.1_prophage_1,-0.16842216751047764,0.25906708605523376,GCF_021035695.1
GCF_021108535.1_prophage_3,0.6926488675321993,-0.029343437306975296,GCF_021108535.1
GCF_021108575.1_prophage_1,0.7739759910837362,-0.07455821343242014,GCF_021108575.1
GCF_021108595.1_prophage_1,0.577173994827697,0.18644166803280876,GCF_021108595.1
GCF_021108595.1_prophage_2,-0.4914069212901576,-0.05279096025706846,GCF_021108595.1
GCF_021108815.1_prophage_1,0.4930441144750984,0.6563894555500493,GCF_021108815.1
GCF_021108825.1_prophage_1,-0.48032367184356173,-0.5945747519455673,GCF_021108825.1
GCF_021109335.1_prophage_3,-0.16603251709148245,-0.7369988654491461,GCF_021109335.1
GCF_021109555.1_prophage_7,0.28464870364137695,0.094361593135638,GCF_021109555.1
GCF_021109595.1_prophage_4,-0.6072108062782476,-0.036512610794759974,GCF_021109595.1
GCF_021109785.1_prophage_3,-0.6537030694136081,0.19058600676579684,GCF_021109785.1
GCF_021109815.1_prophage_1,-0.5922136752451599,0.10133872825771884,GCF_021109815.1
GCF_021109845.1_prophage_2,0.6140135069752722,-0.2599822833123563,GCF_021109845.1
GCF_021110035.1_prophage_3,0.4050849070597838,0.014254714207579266,GCF_021110035.1
GCF_021110035.1_prophage_4,0.10891272141939337,-0.7425349602571026,GCF_021110035.1
GCF_021110165.1_prophage_3,0.5333762444939745,-0.43966286528502707,GCF_021110165.1
GCF_021166015.1_prophage_13,0.19248011410644464,0.2486307361433132,GCF_021166015.1
GCF_021166015.1_prophage_16,-0.058010035813292206,0.2960015188322541,GCF_021166015.1
GCF_021166415.1_prophage_5,0.2376351851721071,0.5728755442799617,GCF_021166415.1
GCF_021167175.1_prophage_7,-0.3421456686109971,-0.1640329076947655,GCF_021167175.1
GCF_021167275.1_prophage_1,0.6647998839929308,0.21228220026836864,GCF_021167275.1
GCF_021167385.1_prophage_2,0.09995930931397384,0.1764281653878239,GCF_021167385.1
GCF_021167405.1_prophage_5,0.6936249499115886,-0.2385522584373232,GCF_021167405.1
GCF_021167655.1_prophage_3,0.20051772595983822,-0.5651565499016699,GCF_021167655.1
GCF_021167735.1_prophage_4,-0.38154767371334114,0.6838203178814611,GCF_021167735.1
GCF_021167815.1_prophage_2,0.7172832902172053,-0.24030551517886858,GCF_021167815.1
GCF_021167875.1_prophage_2,0.5213580479289234,-0.4520515386941289,GCF_021167875.1
GCF_021168125.1_prophage_6,-0.8157610803838423,0.11791589383291906,GCF_021168125.1
GCF_021168295.1_prophage_1,-0.06815176814357482,0.404577671820706,GCF_021168295.1
GCF_021168295.1_prophage_4,0.06379961951305443,0.43143387400491967,GCF_021168295.1
GCF_021168355.1_prophage_3,0.34737532765255325,-0.6187188358523642,GCF_021168355.1
GCF_021173045.1_prophage_1,-0.6587758264270674,0.16498981992855605,GCF_021173045.1
GCF_021188655.1_prophage_1,-0.25848279568172794,-0.46620435650719555,GCF_021188655.1
GCF_021188775.1_prophage_2,0.23470198554952387,-0.523806892894665,GCF_021188775.1
GCF_021207195.1_prophage_2,0.19010926576604628,-0.5829966679533701,GCF_021207195.1
GCF_021207275.1_prophage_3,0.025386479774959027,0.4535452118351534,GCF_021207275.1
GCF_021228455.1_prophage_5,-0.6512567650692423,0.39960281199191294,GCF_021228455.1
GCF_021228475.1_prophage_5,-0.6631029159003948,-0.15847753286854896,GCF_021228475.1
GCF_021228515.1_prophage_1,0.18115725957663767,0.13392758422130496,GCF_021228515.1
GCF_021229225.1_prophage_5,-0.2616306366599577,0.2184889926167056,GCF_021229225.1
GCF_021229225.1_prophage_6,-0.1815982833736035,-0.15210751970623873,GCF_021229225.1
GCF_021229355.1_prophage_4,0.4377618162547444,-0.638116687915992,GCF_021229355.1
GCF_021229425.1_prophage_3,-0.250491439167487,0.794137389848706,GCF_021229425.1
GCF_021229425.1_prophage_9,0.3774148295735756,0.19686718373889908,GCF_021229425.1
GCF_021229495.1_prophage_6,-0.540614413164998,-0.31065526720332054,GCF_021229495.1
GCF_021295415.1_prophage_1,-0.3071002492268074,0.12688985863358715,GCF_021295415.1
GCF_021295415.1_prophage_2,-0.3383713947289597,-0.7405844987482215,GCF_021295415.1
GCF_021295435.1_prophage_5,-0.07626467539285395,0.3739601706731763,GCF_021295435.1
GCF_021295475.1_prophage_5,0.473820935261226,0.20133800150874182,GCF_021295475.1
GCF_021295535.1_prophage_1,-0.21567466454673506,0.2175234894222411,GCF_021295535.1
GCF_021295635.1_prophage_7,-0.39665634300434144,0.1745650427265225,GCF_021295635.1
GCF_021311665.1_prophage_2,-0.14263421346958757,0.2627003205941046,GCF_021311665.1
GCF_021341935.1_prophage_1,0.15907724104723447,0.7260914418697757,GCF_021341935.1
GCF_021342075.1_prophage_1,-0.07339164748839873,-0.38932516191206595,GCF_021342075.1
GCF_021342095.1_prophage_5,0.6504029904615772,0.2528219664253784,GCF_021342095.1
GCF_021342185.1_prophage_1,0.07130769561903215,0.20921418469134434,GCF_021342185.1
GCF_021342295.1_prophage_2,0.20441954789195096,-0.4620407367279824,GCF_021342295.1
GCF_021342395.1_prophage_1,-0.31458214765206033,0.20147080739310333,GCF_021342395.1
GCF_021342455.1_prophage_3,0.15547968625549882,0.21617702950076215,GCF_021342455.1
GCF_021342505.1_prophage_3,0.051851333394148935,0.7873972513281061,GCF_021342505.1
GCF_021342585.1_prophage_5,0.7977566398132034,0.3239003778179007,GCF_021342585.1
GCF_021342585.1_prophage_9,0.08215056670048321,0.22727711129435943,GCF_021342585.1
GCF_021342655.1_prophage_2,0.16027853455056335,0.8316033841276868,GCF_021342655.1
GCF_021342855.1_prophage_4,-0.0013862919350173307,0.3807015611816748,GCF_021342855.1
GCF_021342965.1_prophage_3,-0.6210315254886106,0.49241878042953413,GCF_021342965.1
GCF_021343005.1_prophage_1,0.15008632995609128,0.24598785487228916,GCF_021343005.1
GCF_021343055.1_prophage_1,-0.5423349306613389,0.650970401172928,GCF_021343055.1
GCF_021343135.1_prophage_2,0.17577992103554166,-0.7392012118923235,GCF_021343135.1
GCF_021343195.1_prophage_6,0.8211844252355501,-0.14509874520814486,GCF_021343195.1
GCF_021343295.1_prophage_6,-0.39383488181339177,0.1529105901138515,GCF_021343295.1
GCF_021343455.1_prophage_1,-0.048049545201256934,0.8410618740782613,GCF_021343455.1
GCF_021343455.1_prophage_5,-0.2727303507541328,-0.08472805733097755,GCF_021343455.1
GCF_021343555.1_prophage_1,0.06789774569975078,0.11738032015520801,GCF_021343555.1
GCF_021343565.1_prophage_4,-0.656920311699384,0.15578338295142308,GCF_021343565.1
GCF_021343585.1_prophage_2,0.3535704887314023,-0.6216152672635049,GCF_021343585.1
GCF_021343695.1_prophage_6,0.007605895794172858,0.4633738231641609,GCF_021343695.1
GCF_021343735.1_prophage_7,0.4359606271009702,0.18880579075915244,GCF_021343735.1
GCF_021343765.1_prophage_3,-0.001310563806884823,0.38002590647993795,GCF_021343765.1
GCF_021343785.1_prophage_3,-0.4730893296473414,-0.04975256531168705,GCF_021343785.1
GCF_021343835.1_prophage_2,-0.25703448930080347,0.22959321170331598,GCF_021343835.1
GCF_021352385.1_prophage_1,0.47468272217710084,-0.4698856238019031,GCF_021352385.1
GCF_021352385.1_prophage_2,-0.22263052223055652,0.22156543047438687,GCF_021352385.1
GCF_021353525.1_prophage_1,0.22451903222035063,0.17778843596784935,GCF_021353525.1
GCF_021353655.1_prophage_1,-0.5160411177814833,-0.3844023825940714,GCF_021353655.1
GCF_021354215.1_prophage_1,-0.4812549507144514,-0.08430522557833542,GCF_021354215.1
GCF_021383885.1_prophage_1,0.5482668645442806,-0.17378597936747453,GCF_021383885.1
GCF_021398995.1_prophage_5,0.15809083097361212,0.22763412807527775,GCF_021398995.1
GCF_021416225.1_prophage_1,-0.40065734120581803,-0.7305317836149307,GCF_021416225.1
GCF_021416565.1_prophage_6,-0.019657592323452048,-0.2608703711738146,GCF_021416565.1
GCF_021417055.1_prophage_2,-0.6756398813032686,0.16092197913293985,GCF_021417055.1
GCF_021417145.1_prophage_3,-0.3557952071654663,0.1650768393092197,GCF_021417145.1
GCF_900014325.1_prophage_2,0.17322308536023542,-0.612895933777303,GCF_900014325.1
GCF_900015745.1_prophage_7,-0.5814107928802814,-0.32415677812782223,GCF_900015745.1
GCF_900015775.1_prophage_3,0.5705478516857004,0.5248201507353008,GCF_900015775.1
GCF_900015815.1_prophage_1,0.07126194554223336,0.4552530251840299,GCF_900015815.1
GCF_900015995.1_prophage_9,0.013882844475679185,0.3889475559532271,GCF_900015995.1
GCF_900016005.1_prophage_1,0.46897292527450996,0.19756349723878536,GCF_900016005.1
GCF_900016025.1_prophage_1,0.5748803628494163,0.4646738947456783,GCF_900016025.1
GCF_900016115.1_prophage_5,-0.09283907563880597,-0.7401810157595806,GCF_900016115.1
GCF_900016365.1_prophage_1,0.26150488758822676,0.07498102949992416,GCF_900016365.1
GCF_900041715.1_prophage_6,0.22503156421576573,0.2520052092655692,GCF_900041715.1
GCF_900042775.1_prophage_4,0.29681693141574916,0.10112887899156033,GCF_900042775.1
GCF_900087565.2_prophage_3,-0.4810436050722343,0.024399726891099573,GCF_900087565.2
GCF_900089795.1_prophage_3,0.5554981567240687,-0.023542217077404812,GCF_900089795.1
GCF_900096835.1_prophage_2,-0.30819865746929914,0.12792132982082863,GCF_900096835.1
GCF_900130215.1_prophage_2,-0.10164400549768537,-0.35989705605848615,GCF_900130215.1
GCF_900130215.1_prophage_3,-0.11636830469889267,0.19277273710132756,GCF_900130215.1
GCF_900149875.1_prophage_2,-0.5765512342177977,-0.5841400998718377,GCF_900149875.1
GCF_900149875.1_prophage_7,-0.7273720019817518,-0.34075886800194116,GCF_900149875.1
GCF_900149915.1_prophage_5,0.22937226214518233,0.2454233918574108,GCF_900149915.1
GCF_900166705.1_prophage_1,0.6328702203516373,-0.47174973047478247,GCF_900166705.1
GCF_900166765.1_prophage_3,0.4359606189590787,0.18880589494270322,GCF_900166765.1
GCF_900166825.1_prophage_4,0.03957497583793221,0.34973687305922413,GCF_900166825.1
GCF_900166835.1_prophage_5,0.7101647290809672,0.440942742413602,GCF_900166835.1
GCF_900166845.1_prophage_1,-0.097324799137246,0.2965978298572259,GCF_900166845.1
GCF_900166955.1_prophage_3,0.2640056834848362,0.17160480980152004,GCF_900166955.1
GCF_900166955.1_prophage_5,-0.11175438628527844,0.16300183371395366,GCF_900166955.1
GCF_900174625.1_prophage_4,-0.2971191235986472,0.15480832579608764,GCF_900174625.1
GCF_900174635.1_prophage_3,0.0067428638421153245,0.23490674076607804,GCF_900174635.1
GCF_900195345.1_prophage_2,-0.07688394264408648,-0.7103717183804156,GCF_900195345.1
GCF_900195345.1_prophage_9,0.28662911403750685,0.7158613593574161,GCF_900195345.1
GCF_900195385.1_prophage_1,0.18213029693220814,0.7582899717624635,GCF_900195385.1
GCF_900195535.1_prophage_2,0.4208873662822299,0.004474331651493315,GCF_900195535.1
GCF_900195615.1_prophage_6,-0.31338637985798967,0.6978449499182674,GCF_900195615.1
GCF_900195705.1_prophage_1,-0.42497588041424716,-0.42930137126057527,GCF_900195705.1
GCF_900195895.1_prophage_1,0.42929978768469856,-0.6360663714395074,GCF_900195895.1
GCF_900195905.1_prophage_5,-0.6414452410598156,0.5003800040659859,GCF_900195905.1
GCF_900195985.1_prophage_2,-0.496904947634531,-0.654678020668036,GCF_900195985.1
GCF_900195995.1_prophage_6,0.47283323169605496,-0.6250385586101559,GCF_900195995.1
GCF_900196115.1_prophage_3,-0.19964598623836421,-0.5580048409195251,GCF_900196115.1
GCF_900196145.1_prophage_3,0.26236956759232916,0.059092057701059485,GCF_900196145.1
GCF_900196225.1_prophage_1,-0.5314559288669697,-0.17035353650229867,GCF_900196225.1
GCF_900196275.1_prophage_10,0.7879915942030141,0.35023565088508174,GCF_900196275.1
GCF_900196315.1_prophage_5,0.4701487937203196,-0.7135171450812164,GCF_900196315.1
GCF_900196365.1_prophage_1,-0.6836683934353641,0.03195579904214363,GCF_900196365.1
GCF_900196475.1_prophage_6,-0.2015127352077706,-0.537030868713278,GCF_900196475.1
GCF_900196515.1_prophage_2,0.4253437378762718,-0.6334326654371225,GCF_900196515.1
GCF_900196635.1_prophage_1,0.7658567877940778,-0.13839770717037683,GCF_900196635.1
GCF_900196685.1_prophage_6,-0.6072682942128614,-0.4252714248794518,GCF_900196685.1
GCF_900196695.1_prophage_4,-0.14535197657444346,0.3029660735254613,GCF_900196695.1
GCF_900236065.1_prophage_6,-0.735960976473483,-0.34652705962068125,GCF_900236065.1
GCF_900382715.1_prophage_4,-0.22107463577994463,0.23022080973867726,GCF_900382715.1
GCF_900447915.1_prophage_3,0.10165307440694579,-0.8242050374114337,GCF_900447915.1
GCF_900448215.1_prophage_11,0.8324990202501528,0.15397094854931567,GCF_900448215.1
GCF_900448245.1_prophage_3,0.11022826139635072,0.1982342010275716,GCF_900448245.1
GCF_900448265.1_prophage_11,0.007851222810939999,0.19103555736427802,GCF_900448265.1
GCF_900448275.1_prophage_12,0.2762698435487594,0.3987669003995436,GCF_900448275.1
GCF_900448275.1_prophage_6,-0.03127982508093592,0.45710684971200083,GCF_900448275.1
GCF_900448415.1_prophage_8,-0.06874016205302208,-0.5135058840821968,GCF_900448415.1
GCF_900448455.1_prophage_9,0.5248060791435393,0.5391885055952766,GCF_900448455.1
GCF_900448555.1_prophage_2,0.5150073198505197,-0.24104256015014644,GCF_900448555.1
GCF_900448565.1_prophage_1,0.08911040645855033,0.13690330476048118,GCF_900448565.1
GCF_900448675.1_prophage_4,-0.005255270513029045,-0.6710023164344396,GCF_900448675.1
GCF_900448725.1_prophage_1,0.1593072653259354,-0.5745355925224991,GCF_900448725.1
GCF_900448835.1_prophage_10,0.08599561747180129,0.19004733097113974,GCF_900448835.1
GCF_900448835.1_prophage_12,-0.2700583054006383,-0.5821813326417838,GCF_900448835.1
GCF_900449005.1_prophage_4,0.17464853743120884,-0.5956341082343134,GCF_900449005.1
GCF_900449065.1_prophage_2,0.15656678963363763,0.14387476632723867,GCF_900449065.1
GCF_900449165.1_prophage_10,-0.4126358077715011,0.01533433033459198,GCF_900449165.1
GCF_900449215.1_prophage_1,-0.12969950951973444,-0.5172429931371205,GCF_900449215.1
GCF_900449245.1_prophage_9,0.39252224837093963,-0.6269716778933285,GCF_900449245.1
GCF_900449305.1_prophage_2,0.1503850851446984,0.22883323373984887,GCF_900449305.1
GCF_900449445.1_prophage_3,-0.17500728198212348,0.09159997313470714,GCF_900449445.1
GCF_900449455.1_prophage_12,0.24187698309727282,0.6747987227165343,GCF_900449455.1
GCF_900449455.1_prophage_2,0.02019383106978951,-0.6373118125885004,GCF_900449455.1
GCF_900449455.1_prophage_6,-0.2902566669022043,0.7720935427254095,GCF_900449455.1
GCF_900449475.1_prophage_16,0.5895429064764917,0.5886732172059784,GCF_900449475.1
GCF_900449495.1_prophage_2,0.011077540418170639,0.03623494890409705,GCF_900449495.1
GCF_900449645.1_prophage_1,0.11905832899312782,0.24639010888574153,GCF_900449645.1
GCF_900449665.1_prophage_4,-0.6862333542187944,0.3163751272304989,GCF_900449665.1
GCF_900449745.1_prophage_7,-0.14496771679471554,0.289082687846262,GCF_900449745.1
GCF_900449755.1_prophage_5,-0.06668080588631273,-0.5870079368087054,GCF_900449755.1
GCF_900449765.1_prophage_3,0.11334686318666469,0.20246343927443908,GCF_900449765.1
GCF_900449765.1_prophage_7,-0.047174519115697484,-0.3308545505030009,GCF_900449765.1
GCF_900449785.1_prophage_4,0.3534852525488427,-0.6208443520760987,GCF_900449785.1
GCF_900449835.1_prophage_10,-0.3911019803342085,-0.05186417309575685,GCF_900449835.1
GCF_900449875.1_prophage_3,0.1411841129167787,0.27030261791219706,GCF_900449875.1
GCF_900449905.1_prophage_11,0.06269423365343584,0.1989162825224902,GCF_900449905.1
GCF_900449935.1_prophage_6,-0.29812146322836525,0.12865335490516436,GCF_900449935.1
GCF_900449945.1_prophage_2,0.17236063269668658,0.2125925668072941,GCF_900449945.1
GCF_900449985.1_prophage_6,-0.245932251195971,0.15485522677065972,GCF_900449985.1
GCF_900450155.1_prophage_6,-0.2681685245080021,0.1619580748798907,GCF_900450155.1
GCF_900450215.1_prophage_2,0.09164095530075154,0.2393633791275361,GCF_900450215.1
GCF_900450315.1_prophage_7,-0.12103411514700697,-0.4320166009258542,GCF_900450315.1
GCF_900450385.1_prophage_3,-0.2041038727526554,0.8054706257041354,GCF_900450385.1
GCF_900450385.1_prophage_6,0.36495638149095794,-0.6114869676647007,GCF_900450385.1
GCF_900450495.1_prophage_3,-0.011275943032454303,-0.6558967214713064,GCF_900450495.1
GCF_900450515.1_prophage_6,-0.38218729448005406,0.6878349744154961,GCF_900450515.1
GCF_900450515.1_prophage_9,0.15321434357102495,0.28844589397537834,GCF_900450515.1
GCF_900478475.1_prophage_5,0.4634754728046759,-0.6276837592255758,GCF_900478475.1
GCF_900478525.1_prophage_5,-0.5281499309412493,-0.10615790295387326,GCF_900478525.1
GCF_900478655.1_prophage_4,-0.4704171205558456,-0.0737025989918735,GCF_900478655.1
GCF_900478765.1_prophage_2,0.6151191587712359,-0.5600777552618278,GCF_900478765.1
GCF_900478765.1_prophage_5,0.15604739206302834,0.19654915959919178,GCF_900478765.1
GCF_900478835.1_prophage_1,-0.19592183856269155,0.011658095332032695,GCF_900478835.1
GCF_900478845.1_prophage_6,0.4415091272726216,0.19069869872156947,GCF_900478845.1
GCF_900478865.1_prophage_3,0.7795528466922956,0.023872480505182814,GCF_900478865.1
GCF_900478875.1_prophage_6,-0.17401682116916103,0.2705498237534355,GCF_900478875.1
GCF_900478915.1_prophage_3,0.1846967716724241,-0.6189052152420361,GCF_900478915.1
GCF_900478945.1_prophage_3,0.42652506687718433,-0.6254817108421683,GCF_900478945.1
GCF_900479005.1_prophage_2,0.48881638926161397,0.019528991084725743,GCF_900479005.1
GCF_900479075.1_prophage_10,0.06185020395246137,0.020454059114754352,GCF_900479075.1
GCF_900479115.1_prophage_5,0.2141320246498734,-0.5588722699576174,GCF_900479115.1
GCF_900479145.1_prophage_9,0.2955412795429956,0.1707829833281391,GCF_900479145.1
GCF_900479215.1_prophage_1,0.16106964217485265,0.1001217073017174,GCF_900479215.1
GCF_900479285.1_prophage_1,-0.4337612194372694,0.6666773893976791,GCF_900479285.1
GCF_900479335.1_prophage_4,-0.2255105966029888,0.28521311363445667,GCF_900479335.1
GCF_900479345.1_prophage_10,0.4116884281165799,0.08860052560632851,GCF_900479345.1
GCF_900479345.1_prophage_3,-0.01022804782335334,-0.8086125012679711,GCF_900479345.1
GCF_900479395.1_prophage_1,0.0793799542524729,0.18288678429094293,GCF_900479395.1
GCF_900479395.1_prophage_4,-0.4290412295549912,-0.05811308295454544,GCF_900479395.1
GCF_900479425.1_prophage_1,0.5142635219152276,-0.45117361009893003,GCF_900479425.1
GCF_900479435.1_prophage_1,0.24488886250061934,-0.10660231937509032,GCF_900479435.1
GCF_900479465.1_prophage_2,0.5773208705248601,0.49772131137408726,GCF_900479465.1
GCF_900479485.1_prophage_3,-0.20818006007699152,-0.3042221270291483,GCF_900479485.1
GCF_900479515.1_prophage_5,0.45740064270782244,0.21960238342768731,GCF_900479515.1
GCF_900479595.1_prophage_9,-0.13036523543873502,0.0751314506297982,GCF_900479595.1
GCF_900479635.1_prophage_2,-0.2979478551477472,0.10765651706189011,GCF_900479635.1
GCF_900479685.1_prophage_2,0.1728767887156686,0.20845411050330795,GCF_900479685.1
GCF_900479805.1_prophage_4,-0.2799362288521177,-0.12757604246893797,GCF_900479805.1
GCF_900479815.1_prophage_2,-0.2419957128017764,0.7264819936527862,GCF_900479815.1
GCF_900479815.1_prophage_5,0.19679293453763877,-0.5719463379604248,GCF_900479815.1
GCF_900479845.1_prophage_10,-0.5595531253747609,-0.5574184431228398,GCF_900479845.1
GCF_900479845.1_prophage_12,-0.07835003298237887,-0.7952669351681866,GCF_900479845.1
GCF_900479855.1_prophage_8,-0.5128632316020771,-0.3105123570662371,GCF_900479855.1
GCF_900479865.1_prophage_11,-0.33618333123229316,-0.7292023072166008,GCF_900479865.1
GCF_900479945.1_prophage_7,0.6642453481549928,-0.22002188609216997,GCF_900479945.1
GCF_900479975.1_prophage_2,0.11967393803373434,0.25039666797372995,GCF_900479975.1
GCF_900479975.1_prophage_4,0.6794994780197802,-0.44809735823845354,GCF_900479975.1
GCF_900479995.1_prophage_6,0.21658798602878487,-0.036296387073968886,GCF_900479995.1
GCF_900479995.1_prophage_8,0.19714176726218616,0.28344999374694696,GCF_900479995.1
GCF_900480005.1_prophage_5,-0.09965423563776946,-0.047411888659085036,GCF_900480005.1
GCF_900480245.1_prophage_4,0.28268770490008366,-0.5178754733712158,GCF_900480245.1
GCF_900480275.1_prophage_3,0.46029542042560345,-0.6150289947420591,GCF_900480275.1
GCF_900480325.1_prophage_5,0.30301678958462575,-0.6380983917335281,GCF_900480325.1
GCF_900480525.1_prophage_3,0.10807918140926366,-0.7893297696847823,GCF_900480525.1
GCF_900480525.1_prophage_7,-0.07822517286301119,-0.3794964763932744,GCF_900480525.1
GCF_900480545.1_prophage_2,0.10718829310993588,0.1989048652763314,GCF_900480545.1
GCF_900480545.1_prophage_3,0.24583115330604538,0.09806001277540415,GCF_900480545.1
GCF_900480615.1_prophage_9,-0.04912181896505772,-0.4478171526689939,GCF_900480615.1
GCF_900480625.1_prophage_2,0.5589472915668061,0.261059753089683,GCF_900480625.1
GCF_900480675.1_prophage_8,-0.5048847872114092,-0.37650681368207944,GCF_900480675.1
GCF_900480785.1_prophage_5,-0.5211442862161147,0.31856635836755176,GCF_900480785.1
GCF_900480815.1_prophage_1,0.2453788839816109,-0.1033178737950525,GCF_900480815.1
GCF_900480925.1_prophage_2,-0.23528884927370383,0.15964693035114672,GCF_900480925.1
GCF_900480965.1_prophage_4,0.10803401310973706,0.1985319314094012,GCF_900480965.1
GCF_900481025.1_prophage_7,-0.03727677422942346,-0.06412622037719451,GCF_900481025.1
GCF_900481085.1_prophage_1,-0.3221542176109203,-0.7645377633083574,GCF_900481085.1
GCF_900481115.1_prophage_4,0.1430948596243976,0.19674068189953528,GCF_900481115.1
GCF_900481355.1_prophage_4,0.0175374760730963,0.14593757242881833,GCF_900481355.1
GCF_900481365.1_prophage_6,-0.074972975325601,-0.3701597276039656,GCF_900481365.1
GCF_900481365.1_prophage_7,-0.5213168674773888,0.6328160132280967,GCF_900481365.1
GCF_900481405.1_prophage_4,0.1317648764825489,0.19960154069704375,GCF_900481405.1
GCF_900481455.1_prophage_1,0.08890581134374308,-0.5510756828102921,GCF_900481455.1
GCF_900481455.1_prophage_11,-0.3247476812860296,0.17992217509320949,GCF_900481455.1
GCF_900481475.1_prophage_7,-0.06364322756460988,0.4938297782341611,GCF_900481475.1
GCF_900481505.1_prophage_6,0.5867029876350903,0.5612667511739255,GCF_900481505.1
GCF_900481545.1_prophage_2,0.32192470709239684,-0.6101614909235175,GCF_900481545.1
GCF_900481605.1_prophage_5,0.01754879015800589,0.14592688345421925,GCF_900481605.1
GCF_900481665.1_prophage_6,0.2685118624146702,0.6057943028725056,GCF_900481665.1
GCF_900481685.1_prophage_6,0.00731945835922098,0.4195120499169255,GCF_900481685.1
GCF_900481865.1_prophage_11,-0.09089660343755201,-0.3225536623315533,GCF_900481865.1
GCF_900481945.1_prophage_12,-0.06201328162578579,0.41601935562688486,GCF_900481945.1
GCF_900481945.1_prophage_6,-0.23317158900557935,0.20157807689701399,GCF_900481945.1
GCF_900481955.1_prophage_3,0.14461159604139612,0.19372685067139866,GCF_900481955.1
GCF_900481965.1_prophage_4,0.7276689859960582,0.2934295821961747,GCF_900481965.1
GCF_900482075.1_prophage_6,0.13729547655676255,0.6938348139331717,GCF_900482075.1
GCF_900482115.1_prophage_4,0.05130967146804957,0.21091235519842863,GCF_900482115.1
GCF_900482135.1_prophage_2,-0.55554508238353,-0.33649383978697595,GCF_900482135.1
GCF_900482235.1_prophage_10,0.12519232509692724,0.6980549013998861,GCF_900482235.1
GCF_900482235.1_prophage_9,-0.8585259519581745,0.029270699893046426,GCF_900482235.1
GCF_900482275.1_prophage_3,-0.5636404150366817,-0.5707798285597929,GCF_900482275.1
GCF_900482315.1_prophage_1,-0.545612564199135,-0.611482687563941,GCF_900482315.1
GCF_900482345.1_prophage_4,0.16162175843634236,0.09522490629557254,GCF_900482345.1
GCF_900482355.1_prophage_4,0.04947327402316173,-0.7270750290914809,GCF_900482355.1
GCF_900482415.1_prophage_2,-0.04916665860076133,0.8364584589323045,GCF_900482415.1
GCF_900482425.1_prophage_2,0.23981987193267185,0.16728883334033665,GCF_900482425.1
GCF_900482455.1_prophage_1,-0.09210913051545182,0.12584162010434682,GCF_900482455.1
GCF_900482635.1_prophage_8,-0.3709822373307122,0.7401562290628461,GCF_900482635.1
GCF_900488875.1_prophage_5,-0.22745160631733524,-0.5516996381415359,GCF_900488875.1
GCF_900488905.1_prophage_3,0.7786185672731692,-0.11645770200578395,GCF_900488905.1
GCF_900488905.1_prophage_6,-0.4964668524160438,0.016066480743576018,GCF_900488905.1
GCF_900488915.1_prophage_2,0.3788732500099026,-0.45996224237296923,GCF_900488915.1
GCF_900489045.1_prophage_2,0.44169728509212547,-0.635010168949674,GCF_900489045.1
GCF_900489155.1_prophage_1,-0.47963453526862515,0.13259392997697833,GCF_900489155.1
GCF_900489335.1_prophage_1,-0.6895410715286019,-0.1341646731506017,GCF_900489335.1
GCF_900489365.1_prophage_3,0.2751470402999099,-0.5295894022827504,GCF_900489365.1
GCF_900489385.1_prophage_3,-0.6767605280210597,0.16054468508887942,GCF_900489385.1
GCF_900489645.1_prophage_4,-0.48927191120659186,-0.07756501804017758,GCF_900489645.1
GCF_900489755.1_prophage_2,0.45320340841926077,-0.6240965951692945,GCF_900489755.1
GCF_900489815.1_prophage_3,0.5621851274853336,0.23905030319516216,GCF_900489815.1
GCF_900490155.1_prophage_8,-0.1315460493154519,0.2537664088066619,GCF_900490155.1
GCF_900490165.1_prophage_1,-0.003950274731250522,0.2611492332570952,GCF_900490165.1
GCF_900490205.1_prophage_3,0.6510530343303826,0.3816900769296714,GCF_900490205.1
GCF_900490225.1_prophage_3,-0.6305890709646561,-0.2752712957921703,GCF_900490225.1
GCF_900490305.1_prophage_8,0.7604960729715108,-0.17557554018079047,GCF_900490305.1
GCF_900490475.1_prophage_16,0.5727913517600298,-0.2616857918798301,GCF_900490475.1
GCF_900490615.1_prophage_6,0.7152819995793783,-0.20057547347087118,GCF_900490615.1
GCF_900490645.1_prophage_1,-0.13030346849012991,0.11153463094583961,GCF_900490645.1
GCF_900499425.1_prophage_2,-0.028322592120193647,-0.8265528500746893,GCF_900499425.1
GCF_900499435.1_prophage_3,0.18341160423574526,-0.6039226846963287,GCF_900499435.1
GCF_900499455.1_prophage_2,-0.4625406472635561,0.35309658551766593,GCF_900499455.1
GCF_900499725.1_prophage_2,-0.5939841104511299,0.18704700336644986,GCF_900499725.1
GCF_900499735.1_prophage_2,-0.6542433952102119,0.07544163329168385,GCF_900499735.1
GCF_900499775.1_prophage_2,0.21709768850084865,0.1690496983977747,GCF_900499775.1
GCF_900499805.1_prophage_3,-0.6513938986110024,0.10973140575556511,GCF_900499805.1
GCF_900499835.1_prophage_4,0.15170338866352226,0.13705075243274364,GCF_900499835.1
GCF_900499965.1_prophage_3,-0.4478874270329975,0.03429998547454471,GCF_900499965.1
GCF_900500295.1_prophage_4,-0.18961828981190698,-0.22578179348435512,GCF_900500295.1
GCF_900500325.1_prophage_6,0.3315524214691742,0.6815025484425202,GCF_900500325.1
GCF_900500335.1_prophage_2,-0.1281489084545784,-0.7453227367398383,GCF_900500335.1
GCF_900500485.1_prophage_1,0.077414257445642,0.4635757987556149,GCF_900500485.1
GCF_900520345.1_prophage_1,0.12669009748953042,0.22479957800825814,GCF_900520345.1
GCF_900520345.1_prophage_6,0.5491608418567329,-0.17305013039426073,GCF_900520345.1
GCF_900520395.1_prophage_3,0.22482425766713204,0.25178966272591913,GCF_900520395.1
GCF_900536385.1_prophage_5,-0.1503673161444261,-0.46172485134046215,GCF_900536385.1
GCF_900536575.1_prophage_1,-0.008136759047375798,0.4320555419950363,GCF_900536575.1
GCF_900536915.1_prophage_1,0.32454891854039275,0.18952480791885634,GCF_900536915.1
GCF_900536925.1_prophage_2,-0.1665163820188343,-0.27512859045588367,GCF_900536925.1
GCF_900536985.1_prophage_2,-0.04844159284921338,0.4247862538306897,GCF_900536985.1
GCF_900607785.1_prophage_5,-0.4310851706717023,-0.02000357222258183,GCF_900607785.1
GCF_900607785.1_prophage_9,-0.23879704698279525,0.1970370962564483,GCF_900607785.1
GCF_900608045.1_prophage_10,0.5675690079679288,0.2293201844234698,GCF_900608045.1
GCF_900608065.1_prophage_7,-0.3669960170837072,0.1544395060951364,GCF_900608065.1
GCF_900618235.1_prophage_2,0.15084829855019183,0.13686236851076453,GCF_900618235.1
GCF_900635165.1_prophage_5,0.10049223840173437,0.2400838795625876,GCF_900635165.1
GCF_900636075.1_prophage_10,-0.1276161230616023,-0.7443473143412699,GCF_900636075.1
GCF_900699165.1_prophage_3,0.20544893476904938,0.22458900828110137,GCF_900699165.1
GCF_900706885.1_prophage_1,-0.5578773503015106,-0.1476133661076523,GCF_900706885.1
GCF_900707035.1_prophage_6,0.6470655952112311,-0.1335663104701439,GCF_900707035.1
GCF_901212605.1_prophage_1,0.3361440014498446,0.4423993159953949,GCF_901212605.1
GCF_901212605.1_prophage_2,0.11495097114944999,-0.719694715076379,GCF_901212605.1
GCF_902006485.1_prophage_2,0.15148704102838828,0.13570490079802772,GCF_902006485.1
GCF_902159015.1_prophage_3,-0.1322726606483553,0.09081609661410069,GCF_902159015.1
GCF_902160875.1_prophage_3,0.0021673572559103003,0.4449221457400169,GCF_902160875.1
GCF_902163485.1_prophage_2,-0.15106362294945752,0.2801971843206071,GCF_902163485.1
GCF_902164305.1_prophage_4,-0.4070736341615227,0.13119853333745915,GCF_902164305.1
GCF_902164375.1_prophage_3,-0.392209024817617,0.15996802172857624,GCF_902164375.1
GCF_902164475.1_prophage_2,0.07137845607332316,0.739830994283651,GCF_902164475.1
GCF_902164555.1_prophage_6,0.4359606275969529,0.1888057834713897,GCF_902164555.1
GCF_902165065.1_prophage_5,-0.585491036353368,-0.3011501795157765,GCF_902165065.1
GCF_902168335.1_prophage_4,-0.5342875961256943,0.09751865426411896,GCF_902168335.1
GCF_902168365.1_prophage_7,0.055707744410017135,0.38553501745029517,GCF_902168365.1
GCF_902499785.1_prophage_2,-0.10526555875024925,0.12180345316050341,GCF_902499785.1
GCF_902499835.1_prophage_3,-0.8016380108415875,0.16789318136378442,GCF_902499835.1
GCF_902499855.1_prophage_3,-0.22310458440845182,0.7711119316915117,GCF_902499855.1
GCF_902499885.1_prophage_7,-0.6269023398495771,0.10299525766345914,GCF_902499885.1
GCF_902499935.1_prophage_1,-0.700647316953999,0.3025811787405649,GCF_902499935.1
GCF_902499935.1_prophage_5,-0.7333285274172361,-0.18951261814313802,GCF_902499935.1
GCF_902500125.1_prophage_7,0.41324114826550606,0.19296973190290925,GCF_902500125.1
GCF_902501765.1_prophage_7,0.2731365750966336,0.07873129127731854,GCF_902501765.1
GCF_902501915.1_prophage_1,0.6180973773236907,-0.5189696901474805,GCF_902501915.1
GCF_902502175.1_prophage_2,0.20202206720691251,0.2597576520960733,GCF_902502175.1
GCF_902503205.1_prophage_4,0.43697791927400104,-0.630228998429473,GCF_902503205.1
GCF_902503875.1_prophage_1,0.1500540929451809,0.24526174830295297,GCF_902503875.1
GCF_902504595.1_prophage_1,-0.39743119551846057,0.6861414854576386,GCF_902504595.1
GCF_902504835.1_prophage_1,0.10024050199324114,0.7370458748026728,GCF_902504835.1
GCF_902505045.1_prophage_2,-0.43985003652532834,-0.6892915417179551,GCF_902505045.1
GCF_902505165.1_prophage_2,-0.13262461526196118,0.20074610155634853,GCF_902505165.1
GCF_902505225.1_prophage_2,0.37962197157635513,-0.6727544164975455,GCF_902505225.1
GCF_902505275.1_prophage_3,-0.5077012251056909,-0.05360727310225249,GCF_902505275.1
GCF_902505505.1_prophage_3,0.7911519409795725,-0.2371585436140671,GCF_902505505.1
GCF_902668655.1_prophage_8,0.169534209350976,0.26733762315844606,GCF_902668655.1
GCF_902668695.1_prophage_1,-0.2905404782205036,0.7577104522570179,GCF_902668695.1
GCF_902703135.1_prophage_2,0.6409180534527946,-0.35187434747275514,GCF_902703135.1
GCF_902703145.1_prophage_3,-0.21103841884280425,0.3150846931670074,GCF_902703145.1
GCF_902703295.1_prophage_3,0.4132411482184118,0.1929697330443426,GCF_902703295.1
GCF_902703345.1_prophage_3,-0.18913043610719915,0.8272107416026063,GCF_902703345.1
GCF_902703355.1_prophage_6,0.7898113616671556,0.04032843857029034,GCF_902703355.1
GCF_902703355.1_prophage_7,0.1252664228807037,-0.6579775971493131,GCF_902703355.1
GCF_902705295.1_prophage_1,-0.2947161802233159,0.17249482882758613,GCF_902705295.1
GCF_902807065.1_prophage_1,-0.4759597480176679,-0.6609783081690953,GCF_902807065.1
GCF_902807115.1_prophage_3,-0.5243767385046133,0.4323163721398078,GCF_902807115.1
GCF_902810085.1_prophage_2,-0.4905841583797651,-0.0681394375416469,GCF_902810085.1
GCF_902810175.1_prophage_1,-0.07532508374342121,0.12027517235182182,GCF_902810175.1
GCF_902810225.1_prophage_4,0.10632920476885337,0.1948123882496,GCF_902810225.1
GCF_902810275.1_prophage_5,-0.4966284839891844,-0.060591858723254385,GCF_902810275.1
GCF_902859055.1_prophage_2,0.38180585447937565,0.09604061532642677,GCF_902859055.1
GCF_902859055.1_prophage_3,0.3348008582132101,-0.6177572936881756,GCF_902859055.1
GCF_902859065.1_prophage_1,-0.7062462556120863,-0.30300432389777826,GCF_902859065.1
GCF_902859125.1_prophage_2,-0.008129631438464102,-0.2143092155046238,GCF_902859125.1
GCF_902859135.1_prophage_3,0.3818058357934183,0.09604055343734431,GCF_902859135.1
GCF_902859195.1_prophage_1,0.5283944605689554,0.46254181359966773,GCF_902859195.1
GCF_902859215.1_prophage_2,0.33515561335876276,-0.6174824275628927,GCF_902859215.1
GCF_902859365.1_prophage_2,0.3384248058546426,-0.6150327010535782,GCF_902859365.1
GCF_902859375.1_prophage_4,0.7206962757218313,-0.4168789254830675,GCF_902859375.1
GCF_902859485.1_prophage_1,-0.5694704595675203,-0.4671919703155829,GCF_902859485.1
GCF_902859495.1_prophage_7,-0.5070073342827754,0.08067602246452543,GCF_902859495.1
GCF_902859515.1_prophage_3,0.3351647706071239,-0.6174767142796899,GCF_902859515.1
GCF_903932245.1_prophage_6,0.47950267560096127,-0.5095091031929998,GCF_903932245.1
GCF_904425475.1_prophage_1,-0.28655981720318563,0.22607903287890488,GCF_904425475.1
GCF_904809545.1_prophage_5,0.17582228814772502,-0.6225616667821452,GCF_904809545.1
GCF_904809545.1_prophage_7,0.6581001080499447,0.47858741886321277,GCF_904809545.1
GCF_904809665.1_prophage_1,0.32806533681977873,0.6786446791456548,GCF_904809665.1
GCF_904809675.1_prophage_4,-0.471833859395682,-0.5989236146696371,GCF_904809675.1
GCF_904809695.1_prophage_2,-0.031243497404068718,-0.7632146683767966,GCF_904809695.1
GCF_904809725.1_prophage_2,0.18342071927786083,-0.591680574806333,GCF_904809725.1
GCF_904809735.1_prophage_1,0.33861958095518746,-0.6212943902577297,GCF_904809735.1
GCF_904809915.1_prophage_2,-0.04119254390030123,0.2630286911550862,GCF_904809915.1
GCF_904809955.1_prophage_4,-0.5984615013234219,0.21173192289888496,GCF_904809955.1
GCF_904810025.1_prophage_3,0.3300516538865506,0.6604894207187773,GCF_904810025.1
GCF_904810065.1_prophage_5,0.5846565857362707,-0.2355854437618817,GCF_904810065.1
GCF_904810145.1_prophage_3,0.4184335728240253,0.19313089610648126,GCF_904810145.1
GCF_904810225.1_prophage_2,0.16078588983335704,0.25220537778075724,GCF_904810225.1
GCF_904810315.1_prophage_3,0.34831797243045165,-0.6240027790651619,GCF_904810315.1
GCF_904810375.1_prophage_1,-0.4611639257453868,-0.016927014573520523,GCF_904810375.1
GCF_904810375.1_prophage_3,-0.585491805868057,0.5389268037296147,GCF_904810375.1
GCF_904810405.1_prophage_6,-0.24912578827097465,0.21988455708491397,GCF_904810405.1
GCF_904810445.1_prophage_9,0.7366487206902703,0.36788641276098943,GCF_904810445.1
GCF_904830965.1_prophage_6,-0.3357435852182374,0.17535105389310138,GCF_904830965.1
GCF_904831805.1_prophage_9,-0.4387747690106976,-0.7033483536737641,GCF_904831805.1
GCF_904833135.1_prophage_3,0.23876425678691096,0.8045076255290675,GCF_904833135.1
GCF_904842245.1_prophage_3,-0.2418082431830888,0.20671804867022867,GCF_904842245.1
GCF_904842335.1_prophage_3,-0.6361926821537842,-0.1486242213717458,GCF_904842335.1
GCF_904842345.1_prophage_3,-0.030545728225843737,0.4514160819818001,GCF_904842345.1
GCF_904842475.1_prophage_7,0.6506427539892962,0.16372325040780863,GCF_904842475.1
GCF_904842485.1_prophage_5,-0.21903648622585617,0.8181431665023284,GCF_904842485.1
GCF_904842595.1_prophage_1,-0.09692333772841967,0.16770937554687038,GCF_904842595.1
GCF_904842595.1_prophage_8,-0.5454715711213337,0.2292574292473555,GCF_904842595.1
GCF_904842655.1_prophage_5,0.6644625793803537,-0.39005290325118824,GCF_904842655.1
GCF_904842675.1_prophage_4,0.4657839531228187,0.6992784732118054,GCF_904842675.1
GCF_904863385.1_prophage_1,0.5435099881914245,0.5809626413167572,GCF_904863385.1
GCF_904865835.1_prophage_2,0.22369408377308755,0.14103495516630354,GCF_904865835.1
GCF_904865835.1_prophage_3,0.3299262891145239,-0.6231825039318863,GCF_904865835.1
GCF_905133375.1_prophage_4,0.7067872770775075,-0.2749553674453441,GCF_905133375.1
GCF_905133545.1_prophage_5,-0.4861932449194736,-0.10963948289246235,GCF_905133545.1
GCF_905133545.1_prophage_9,0.6183104689828314,0.15334570187632546,GCF_905133545.1
GCF_905133615.1_prophage_5,0.3270452430878085,-0.7146418500820293,GCF_905133615.1
GCF_905133635.1_prophage_2,0.4709031020750401,-0.6265327869884575,GCF_905133635.1
GCF_905133635.1_prophage_4,-0.8697616900843433,-0.01716185274877367,GCF_905133635.1
GCF_905133675.1_prophage_2,-0.4906488406043326,-0.0015485405186095706,GCF_905133675.1
GCF_905133715.1_prophage_3,-0.5412593256824335,-0.32217331454075265,GCF_905133715.1
GCF_905133735.1_prophage_3,-0.03711157295383493,0.599489923137262,GCF_905133735.1
GCF_905133865.1_prophage_1,0.6162089005338589,-0.2524693003002317,GCF_905133865.1
GCF_905133965.1_prophage_3,0.0821719863664899,0.22725977104047,GCF_905133965.1
GCF_905134005.1_prophage_1,-0.6192099186442657,0.2031472219074842,GCF_905134005.1
GCF_905134045.1_prophage_4,-0.606978695717087,0.5627861849174574,GCF_905134045.1
GCF_905134045.1_prophage_8,-0.17271868419056782,-0.7438111021730799,GCF_905134045.1
GCF_905134045.1_prophage_9,-0.027030605949558844,0.2874377564796625,GCF_905134045.1
GCF_905134095.1_prophage_2,-0.015721367666845548,0.2850578326811743,GCF_905134095.1
GCF_905134175.1_prophage_3,0.1392812494104393,0.1616928929467821,GCF_905134175.1
GCF_905218875.1_prophage_7,0.3774148295629354,0.19686718413158483,GCF_905218875.1
GCF_905330065.1_prophage_3,0.12033680231145975,0.252627297830891,GCF_905330065.1
GCF_905330065.1_prophage_6,-0.6385366061820201,0.5612892902065776,GCF_905330065.1
GCF_905330275.1_prophage_4,0.11712270300915316,0.21847564012129164,GCF_905330275.1
GCF_905330655.1_prophage_10,-0.11193549231468715,0.24614622680421608,GCF_905330655.1
GCF_905330655.1_prophage_9,0.22522579418996003,-0.8066247213189721,GCF_905330655.1
GCF_905330875.1_prophage_1,0.03862519391131046,0.4472344923419245,GCF_905330875.1
GCF_905330995.1_prophage_6,-0.2739965206110284,0.17148498771869503,GCF_905330995.1
GCF_905332385.1_prophage_5,0.641614053452728,0.2211926169356701,GCF_905332385.1
GCF_907175065.1_prophage_7,0.2870837087120751,0.09711210234117765,GCF_907175065.1
GCF_907175075.1_prophage_2,-0.3247270081688391,0.25520295100496176,GCF_907175075.1
GCF_907175085.1_prophage_3,-0.19928809087010796,0.7214299960111412,GCF_907175085.1
GCF_907175125.1_prophage_9,0.8033201929664862,-0.25234888089635843,GCF_907175125.1
GCF_907175135.1_prophage_1,0.5992193925769201,0.2266067312591325,GCF_907175135.1
GCF_907175305.1_prophage_2,0.3916146906639925,-0.6287942908086551,GCF_907175305.1
GCF_907175305.1_prophage_4,-0.03742713969321662,0.4214290752906415,GCF_907175305.1
GCF_907175525.1_prophage_1,-0.544963083969254,0.5911870053445644,GCF_907175525.1
GCF_907175595.1_prophage_3,0.29928476597906195,0.12817092630859134,GCF_907175595.1
GCF_907175605.1_prophage_4,-0.05334588007433489,-0.7284443419205283,GCF_907175605.1
GCF_907175685.1_prophage_6,-0.12451720337008458,0.17141465565191122,GCF_907175685.1
GCF_907175795.1_prophage_1,-0.35166512859529325,0.761520628363259,GCF_907175795.1
GCF_907175815.1_prophage_1,0.1381805863861639,0.13155605126184,GCF_907175815.1
GCF_907175815.1_prophage_4,0.1525617442386348,0.1636555155204005,GCF_907175815.1
GCF_907175925.1_prophage_1,-0.0930996929124046,0.8164950747336377,GCF_907175925.1
GCF_907175975.1_prophage_2,-0.42660511984387717,0.048008810302784234,GCF_907175975.1
GCF_907176125.1_prophage_3,-0.48283948495361895,-0.03797910022644999,GCF_907176125.1
GCF_907275035.1_prophage_6,0.1604773789565005,0.15766021296495056,GCF_907275035.1
GCF_907275045.1_prophage_5,-0.8017715358933165,-0.10638536050072427,GCF_907275045.1
GCF_907275055.1_prophage_5,0.5998784195020228,0.5014605756899606,GCF_907275055.1
GCF_910591805.1_prophage_7,0.2632492325266099,0.2339298065541363,GCF_910591805.1
GCF_910592805.1_prophage_4,-0.19858412458689745,-0.6855692201729975,GCF_910592805.1
GCF_910592855.1_prophage_1,-0.8079038161025035,0.25488866198333093,GCF_910592855.1
GCF_910593615.1_prophage_3,-0.25386805978289806,0.14577491921080202,GCF_910593615.1
GCF_910593925.1_prophage_15,0.4868752400697647,-0.15349097842688283,GCF_910593925.1
GCF_910593925.1_prophage_6,0.09559260166354015,0.22163295598685756,GCF_910593925.1
GCF_910664815.1_prophage_4,0.1433791494607629,0.19563419405910853,GCF_910664815.1
GCF_910664855.1_prophage_7,0.16826826142158227,-0.7407674032941272,GCF_910664855.1
GCF_910664925.1_prophage_3,-0.3428865838004256,0.16289385399989484,GCF_910664925.1
GCF_910664935.1_prophage_2,0.6517302304745733,0.559481035448726,GCF_910664935.1
GCF_910664935.1_prophage_5,-0.1113605044122886,-0.3574994109709405,GCF_910664935.1
GCF_910664945.1_prophage_5,0.47358419673537555,-0.6196690246892713,GCF_910664945.1
GCF_910907455.1_prophage_1,0.3674550932880201,0.6316414059700702,GCF_910907455.1
GCF_916098175.1_prophage_4,-0.013595626792376695,0.26009604964887684,GCF_916098175.1
GCF_916159645.1_prophage_2,0.4582718321647829,-0.6282299905857921,GCF_916159645.1
GCF_916159685.1_prophage_1,-0.3264943392924723,0.11022549113399739,GCF_916159685.1
GCF_916159815.1_prophage_2,-0.4035213143593782,0.7316156233336399,GCF_916159815.1
GCF_916159975.1_prophage_11,0.6877414201289447,0.1404984434887229,GCF_916159975.1
GCF_916160005.1_prophage_7,0.07464634299760793,-0.7749523863590683,GCF_916160005.1
GCF_916160215.1_prophage_6,-0.10121317467128757,0.8502397561283679,GCF_916160215.1
GCF_916160225.1_prophage_4,0.05649881361215236,0.21332745595329777,GCF_916160225.1
GCF_916160385.1_prophage_1,-0.5409432578040283,0.0939579844228855,GCF_916160385.1
GCF_916160425.1_prophage_7,-0.04459201530772008,0.7604790415472624,GCF_916160425.1
GCF_916160705.1_prophage_3,0.6221013203458108,-0.2339026472132532,GCF_916160705.1
GCF_916160895.1_prophage_4,0.13251162763173688,-0.6872134859554375,GCF_916160895.1
GCF_916160945.1_prophage_2,0.23045932865492388,0.14619763983067982,GCF_916160945.1
GCF_921293325.1_prophage_1,0.412401282884108,0.1793379101993513,GCF_921293325.1
GCF_921293325.1_prophage_5,0.3400522401589785,-0.6023297509916301,GCF_921293325.1
GCF_921293335.1_prophage_4,-0.6577229343765879,0.06672662197790076,GCF_921293335.1
GCF_921293415.1_prophage_4,-0.6526069983729749,0.1672051013930298,GCF_921293415.1
GCF_921380995.1_prophage_3,-0.6276962571643532,-0.3033591518254945,GCF_921380995.1
