stage_b_order	assembly_id	accession	predecessor_resolution_status	terminal_state	source_object_relpath	source_package_bytes	source_package_sha256	source_fasta_member	source_fasta_bytes	source_decompressed_sha256	source_gff_member	source_gff_sha256	annotation_status	canonical_object_relpath	canonical_bgzf_relpath	canonical_bgzf_bytes	canonical_fasta_content_sha256	canonical_bgzf_sha256	fai_sha256	gzi_sha256	crosswalk_sha256	annotation_aliases_sha256	contig_count	total_bases	remote_identity_strength	remote_etag	remote_last_modified	download_attempts	range_resumes	validated_at_utc	row_sha256
1	asm-v1-0ff7aa363314edb290d72eab	GCF_000005845.2	EXACT_VERSION_RESOLVED	VALIDATED	source_objects/GCF_000005845.2	1790946	2d954ab625b463aefa20a10fda081d1661b08504747eeb6c29b8b1db9b22a3ca	ncbi_dataset/data/GCF_000005845.2/GCF_000005845.2_ASM584v2_genomic.fna	4699745	53bb6a51b6e92139ced1e38f74b7938781027c52200922ff03718c2237d23bb4	ncbi_dataset/data/GCF_000005845.2/genomic.gff	af8609c2ff73e4e23f2007b4938470d350fe8ee75dba832f908992855767fac8	ALIASES_VALIDATED_NO_TRANSFORMED_GFF	canonical_objects/GCF_000005845.2	canonical_objects/GCF_000005845.2/GCF_000005845.2.pansn.fa.gz	1314927	329fc1374b075caaf3c10cd1f158a7a810c78c443b628ab27b34a29689a04b47	29caafdd0a8f06088fd2ae1688d304f4dbd4d7e4cca5b544734c8be2d7698ca5	d7b2f9fe42b84c3189630e4ed3a8270206eb97cbd0b866c24a8483846c26037c	5c8a0a9b0cbdabd24e61571dc9d6d20e8d1806ba6ac8cbe8e9d372c149700d00	4c55a83e2684019c9156ec573f75cffe782fed684df1e5ab8bb80f919959aa98	9b35cf74e45ed9b46dafad05999abf0ea12ee04a0ac345fa6f82991dd2de1167	1	4641652	INSUFFICIENT_FOR_RANGE_RESUME	.	.	1	0	2026-07-24T22:34:32.283606Z	a15aa6cfd4246c423619b807052428b57b6b1e6096c3d069d2d1cdc6fd6fdf46
2	asm-v1-59248433db4b9fdb21544d3a	GCF_000812325.1	EXACT_VERSION_RESOLVED	VALIDATED	source_objects/GCF_000812325.1	2066665	2422d1183b187aa26486b462b1dd77c1f065b36b56f33b1c7549f5853df2b6ec	ncbi_dataset/data/GCF_000812325.1/GCF_000812325.1_ASM81232v1_genomic.fna	5291194	b805052a26485b9c33fa3baa260e26ceb7b35b868769c0aa6b5e67750b217af6	ncbi_dataset/data/GCF_000812325.1/genomic.gff	f2e93ac6343e5a209bed14be7c65f93f7c6826cc1e184fbd4f3c2729d9a8267e	ALIASES_VALIDATED_NO_TRANSFORMED_GFF	canonical_objects/GCF_000812325.1	canonical_objects/GCF_000812325.1/GCF_000812325.1.pansn.fa.gz	1501230	a4b277f5c2c0dbf791bf8d3d080687d6a7da71e78e2feaeed6bdac4ed419ce2e	04bd9d8bb7a275e90faef51d8f95f84d5dd77a9c75124aa34a002a0cf13a636c	c4db26c2b01c4a5ad2b834a5cf203da599c39aa4924f5eacffdb58541b510568	2c7e090b82f553ccc9c5436d9971cf8fda20d61b252c2bee5a13bad25005e4d0	2c6fd3af5eee0a599892e7f069ba0bfd833536ed7ae625f1e75813a7bb0d4c70	43d2c954a5cab62e7009209170eb7e5a6455a332ab581d5a5e4996d6b0ac2de9	237	5205271	INSUFFICIENT_FOR_RANGE_RESUME	.	.	1	0	2026-07-24T22:35:20.992064Z	ec97894d483ab408ae3d6f919e1bf030429ebb13bd019f838506aefdf6ece152
3	asm-v1-41a502eb976b3e61574ad8c6	GCF_002302315.1	EXACT_VERSION_RESOLVED	VALIDATED	source_objects/GCF_002302315.1	2085137	8a6d56df3750848468d99d77950dcb6afbcaa23ca3d17e594670cd0420f28630	ncbi_dataset/data/GCF_002302315.1/GCF_002302315.1_ASM230231v1_genomic.fna	5386206	a9d2ebbc4e31a576df68bf4af89e838f0abc7f1c575691adb86f06a8860af78d	ncbi_dataset/data/GCF_002302315.1/genomic.gff	cc0d6e4bfb1aa76324d9c91f78e3548584ffe0e173b088677669c505735e56c5	ALIASES_VALIDATED_NO_TRANSFORMED_GFF	canonical_objects/GCF_002302315.1	canonical_objects/GCF_002302315.1/GCF_002302315.1.pansn.fa.gz	1504775	0af323a469e24dde7f51a05b14d97b9530ceece0d67502bcbc908fabf8b82063	d1d2dbb06812d9c698d097f8388b24cd358e475fb3966bebeb281e601559c249	1c79eb0ec228b4a0805e3eba9cc28cd340515ddb6a88d45afe7f3c8a7d9bc1fa	47c3b7542f0fc8f784f35bcdd3b663614d9833c54df0dcb89aec51f3ceaf62c5	f64978acc15e2ea72c5bd1e50a88c29bc618e5055d3021370b58de6b7fe51cae	fec3efc63aee59c51359be0e2b92f0057d771bb6ce355338d18f291bb1d68b97	3	5319464	INSUFFICIENT_FOR_RANGE_RESUME	.	.	1	0	2026-07-24T22:35:23.248245Z	cddede182d7caeacdd933c3e730c8a3d7b7501f26f22f3b02c1b663e401b4090
4	asm-v1-f82a0d4920abbc2d92dcaada	GCF_004664255.1	EXACT_VERSION_RESOLVED	VALIDATED	source_objects/GCF_004664255.1	2034978	6e2e0aadfdac5029ea6f188fefcb65890726307562c7cc4db3e24e51572a6b87	ncbi_dataset/data/GCF_004664255.1/GCF_004664255.1_ASM466425v1_genomic.fna	5177030	4812b930cec47ee98875c9cccff30818c67dceb861428f34220f420dcde38bf2	ncbi_dataset/data/GCF_004664255.1/genomic.gff	13b153fa886274391f699210236bb2c90ea37a61c8247252f0b2c031d9e45210	ALIASES_VALIDATED_NO_TRANSFORMED_GFF	canonical_objects/GCF_004664255.1	canonical_objects/GCF_004664255.1/GCF_004664255.1.pansn.fa.gz	1454522	b9123487adb927288a40a2458c2470b180b6f83fae5bbd91cbdb055b0fe21583	f8b058d388a91cd25ba6e222f93a225801ca50ac7367f5e3bac035baebffcdf3	eec05b85badba0a8361e0612ea90e80a09b34f81850b613779a942c513362bfd	f22d187dd8dd35b997fa6d42004707b29ae6a2c4be92fe609e78d0625a5b0ad5	19ac1b7cfbbf4759907e5c416fcdb8e00cece6eed870f38a14b1f8f91324bc48	5806d2c74ea76b1f57da1017e03bda43ba408b1ed47e669cf1144dfb5597ced2	144	5096076	INSUFFICIENT_FOR_RANGE_RESUME	.	.	1	0	2026-07-24T22:35:25.879351Z	370855faef8393302a98218c1fa2ba48b9ea269ce1c00cda39a8b4f0fd9cb8b7
5	asm-v1-7d223c403273bacb796a6439	GCF_015644385.1	EXACT_VERSION_RESOLVED	VALIDATED	source_objects/GCF_015644385.1	2046069	3823adf6dd082e687df2234ae61666fb3659b30bc4367449405fc9f3faccbe34	ncbi_dataset/data/GCF_015644385.1/GCF_015644385.1_ASM1564438v1_genomic.fna	5201637	dc6bf098239e9ad33c77644e62896b59cde8b262e81a12708ec50d4497b7579a	ncbi_dataset/data/GCF_015644385.1/genomic.gff	8f129092348b6b14e99e006c4bac7488194f100a0ab38cdd23315cfd2fb9c9b0	ALIASES_VALIDATED_NO_TRANSFORMED_GFF	canonical_objects/GCF_015644385.1	canonical_objects/GCF_015644385.1/GCF_015644385.1.pansn.fa.gz	1465307	afc7dd061ef9a7b32af86c53ec919878aad52c7d1a054e2f4d786b69dd0891c9	eda00ad6203fb814d8ad6f7d58cc2c8da9215b061ac67c47b8aaebdadb906572	002694446fd5214a6bac64b6cc649ba97d6abd84f161c4fdc1cd272c2341a707	b98a83646b1741741f9e0842058f8ea5abbf5ad3344947b44a1785bbaa02d4f5	3c8ea86dc6ba73814ea67a763b267085ed10623e070503bac37b23145a1e5bae	32c0051b878d10613d0fc77191b25889a4fbbd4f5a496af59bdbb426bc375922	139	5121256	INSUFFICIENT_FOR_RANGE_RESUME	.	.	1	0	2026-07-24T22:35:28.223103Z	d68673e037d675f5717bb134b4dd5e983b2144125e941d4d06939978039af7cb
6	asm-v1-7f371c333ee496e64e13e7df	GCF_020829045.1	EXACT_VERSION_RESOLVED	VALIDATED	source_objects/GCF_020829045.1	2027488	63721e1a18238618110fd4972b7c244e158efb7bfc5c7811cc2223384f8b8780	ncbi_dataset/data/GCF_020829045.1/GCF_020829045.1_ASM2082904v1_genomic.fna	5247690	9b2ffd9a4ef4dfa9b1c554898ca52322d1e7b0d9e6c573763ef7e17d315d103c	ncbi_dataset/data/GCF_020829045.1/genomic.gff	a08ba499c7242105dc58d09711d0827cf0dac2b23f9f750f6ce0074caca3c8cd	ALIASES_VALIDATED_NO_TRANSFORMED_GFF	canonical_objects/GCF_020829045.1	canonical_objects/GCF_020829045.1/GCF_020829045.1.pansn.fa.gz	1463145	9b62d1dae67102a12229462640e679be1ea75556169257090e8fef4796c218b1	cfd7f44fb88c8bc457f23d91602cf55526d8319cdcdedd422e2659b20016aacf	38ab9b32ca74f9fc45a85576373a877e0e9deb49b5f8d90dc08169736921cc10	3f11c63059a7c2859685372721932c434495afff86e69723f1c7fdb05f32dca3	cca6244357a98acba290bd63f43cebfe290d52f1e065aac7b237f4bd8e9e5232	a0fe3915c35f2be7c33a13ace4f8a81d3af229ef71e7e242982349c1b45d6826	8	5182045	INSUFFICIENT_FOR_RANGE_RESUME	.	.	1	0	2026-07-24T22:35:30.632499Z	3cc4655db6b5822cb75d19152807f015c8ecae71bdebc67ad0c97f701e0f5b22
7	asm-v1-f12f2846b4339fa21373d4d3	GCF_921380995.1	EXACT_VERSION_RESOLVED	VALIDATED	source_objects/GCF_921380995.1	2063121	7df402b50da831353259a824e18ecc60398506f0e54d898485648ec6932bb247	ncbi_dataset/data/GCF_921380995.1/GCF_921380995.1_ED0666_genomic.fna	5313615	1b39e3f74427e6dd81083fe66b26958b1f50475f5c03bf4dd43aab63fb94ef56	ncbi_dataset/data/GCF_921380995.1/genomic.gff	8be95abbd4994b06763795a3a2e1347ae44212105eaf11b5d300520c378e11ac	ALIASES_VALIDATED_NO_TRANSFORMED_GFF	canonical_objects/GCF_921380995.1	canonical_objects/GCF_921380995.1/GCF_921380995.1.pansn.fa.gz	1492512	3c54360898c1091a08842725306e119d83df6fe1f1abfa9657f6adbe49eb5774	63eccca9fbdae27b72a22f488a632572ff0d7134a87fae8adc1b55f994563734	5ec2b4ff99e9bd5bb2b2ff094096810dd625a72429872d76d7d81cb0fc9af11b	a4402d279ca400d375f7bd95f46425de46798e423388f385ba69e7b42d1ca8ad	1c679b68675612f0b0c1f43b524aebf6f23c5b7cbc9a3e5219120a83b1767c38	9659f5c4d46b9bf80e7953442f2ac196456a5cc072cfe63d2b0c4dad2cd25aa8	159	5232387	INSUFFICIENT_FOR_RANGE_RESUME	.	.	1	0	2026-07-24T22:35:33.583708Z	36983443c7d23cda0444753ee84aa5f879e801baf6b230e50230a7415b9c95f4
8	asm-v1-2509fb2e423fed91316b5243	GCF_000167895.3	EXACT_VERSION_VALID_METADATA_UNAVAILABLE	VALIDATED	source_objects/GCF_000167895.3	2250915	c93f93b5a1bb283b3b58e7c3bddc3afda8de4395c57870656749c6b610b2a261	ncbi_dataset/data/GCF_000167895.3/GCF_000167895.3_ASM16789v3_genomic.fna	5750086	131902ebae6c29809d3038ab22eeee7fb04b127b418271dbc7d2680339516838	ncbi_dataset/data/GCF_000167895.3/genomic.gff	7b5bcde9636f2daa7d158bd0253eaa028692ddda6f72b46e2d0f710c1daffba6	QUARANTINED_SOURCE_GFF_NO_ALIAS_VIEW	canonical_objects/GCF_000167895.3	canonical_objects/GCF_000167895.3/GCF_000167895.3.pansn.fa.gz	1618499	a5c7bab946e942a4e236ee16499b71086b3d5b744ef3a71e047f2ad1f0643626	c40b787b6cb6ca7ca44c7f90700b4dfc33094f1e2132f6071d5243aaa6911bb1	11b5d8549779e4f4d5a294ac17a258f4036e702f7691efabb68d84a3a0d1cff7	6873782bf972c317d445ec9ca17ef446a904bebdb935c248d1d407b6623f5299	e219a89d53e089231a72baa5d1431fe58371aa10f3c500209663fdaec300869f	cd40aa389a30100c781d654e00f2807198c3c498d97099f6457427282fc8f296	265	5654428	INSUFFICIENT_FOR_RANGE_RESUME	.	.	1	0	2026-07-24T22:36:59.601307Z	0fc4743f6ca55fa6f1f385a9b3a11f22e2db2e249cab69b6559b131d144e7a94
9	asm-v1-f932ca427ea3912c33759383	GCF_001881595.4	EXACT_VERSION_RESOLVED	VALIDATED	source_objects/GCF_001881595.4	1970974	e4c4cb1ba6a0b277901d3f996a1118e820ae022c95e1e254c038e26ff6945d6a	ncbi_dataset/data/GCF_001881595.4/GCF_001881595.4_ASM188159v4_genomic.fna	5032088	63121b4879b617b430a02f22ee2504f03270d73c34369f99cab79053d20e39b3	ncbi_dataset/data/GCF_001881595.4/genomic.gff	5a592f724d00f398499bd494b4782c482c10ad9e04772d7503b7c44a1fbd869b	ALIASES_VALIDATED_NO_TRANSFORMED_GFF	canonical_objects/GCF_001881595.4	canonical_objects/GCF_001881595.4/GCF_001881595.4.pansn.fa.gz	1413336	1261a8605c6f92ff878995160e4e4f39dcf627286f8ba16825575ef8fd6aa4c1	19cd6d04bcc76fb646bc500edd1e9c5228ccc5bee09303f1c832510c2e8e9775	0b64a2f8e5e708ed1bf40d67c4687984ba9982e959e791afa28f58b149771f67	1bec5e1a03dc309b06754102a6d605a60270e2569fd48d801c46a4edcd9091aa	af74671695e74500ab71df53f49dd61b03e3055232d489f2ce6424b00f4320b2	bc28b0c26e992b560eb924a780632a256edd1e1f5487d3e0d586b4f73162e387	111	4957459	INSUFFICIENT_FOR_RANGE_RESUME	.	.	1	0	2026-07-24T22:37:02.099021Z	bd9b95da47f58a07bbfc006c31c306786251f46dd59ddf7e423ec0ee6cb11ca1
10	asm-v1-02150e6b828e27945ab71fa9	GCF_000498835.2	EXACT_VERSION_RESOLVED	VALIDATED	source_objects/GCF_000498835.2	2092095	7edd0d0d903facb5c38aea21cc77f9b57593381c59e04bb54dd2fabda538d53d	ncbi_dataset/data/GCF_000498835.2/GCF_000498835.2_LAU-EC4_genomic.fna	5401528	6eb62a5eab64a9fd24200c1f01322321956e3cc001576f1cf275faa3bcc95584	ncbi_dataset/data/GCF_000498835.2/genomic.gff	80aa0d5570a2518e7bcbe827bdab5bc4d342c486e4b16f1b99054056f3c5130c	ALIASES_VALIDATED_NO_TRANSFORMED_GFF	canonical_objects/GCF_000498835.2	canonical_objects/GCF_000498835.2/GCF_000498835.2.pansn.fa.gz	1517172	f5248af708a4b557a42b3c9b6b20cf0a96eb5e0dac6e1ef8ce836d5426fba6e1	17b4a7bdde24087ca45de5548c7b82a7608db0a539cb309803b86671eb7750a5	605a7108dd0a0090d38912a0f6a276bdf7327a7c994908c670472bd117ba2972	aec3e9c152bbf4c8a391ae22f134191ea1699970dc4cc6ecfe2894139775cbc3	5b07263a84fd4c29421297e887347516fb59e9972eddbe99286e9ead7e674c56	177e83c4ede08ed34242a1c6951ace86cde8999702266b39416ad884825bc2fd	156	5321624	INSUFFICIENT_FOR_RANGE_RESUME	.	.	1	0	2026-07-24T22:37:04.589769Z	cab23f87c821f624070436163b015d4150094c532d00040abe7b521c23fbfd92
11	asm-v1-32657c3828727c905b63ff98	GCF_015548345.1	EXACT_VERSION_RESOLVED	VALIDATED	source_objects/GCF_015548345.1	2025776	ef71ba93601eda3c4148a7b2935a50fba90becdb901a219d6022000000c48845	ncbi_dataset/data/GCF_015548345.1/GCF_015548345.1_ASM1554834v1_genomic.fna	5191685	6bc83faa6187079406b45c8abdfeed0eec1d6dcbf72672babdd346bfbc4137b1	ncbi_dataset/data/GCF_015548345.1/genomic.gff	87307062792ccc07d047cb557182ed07441877dd172dc8fb1d3b7eeaeb945304	ALIASES_VALIDATED_NO_TRANSFORMED_GFF	canonical_objects/GCF_015548345.1	canonical_objects/GCF_015548345.1/GCF_015548345.1.pansn.fa.gz	1460923	2c882af1c83897648415905bc264c79a93d7596330163932295212b2fac9efbc	9a0c35b1e6f11db4a44e197a27bf007f48f2cb1a7858fc5b5dbf3111c0a2b2ed	70cbafae233596bae39de222c24237ac519f275511ada421de2a6d82ec25a90e	6d7bb1cbb4816fd5df5531862bb27f97618052a0a3dcf80fc828c51bf74c89bd	5a192db6f14e782a4308133e2dc3bcf121899e4c45b242a4081563836f150acd	83125ff06018ec3883ec94471be0f7e481aa4a6558dc10dd310a87fe9f44993e	125	5111023	INSUFFICIENT_FOR_RANGE_RESUME	.	.	1	0	2026-07-25T00:06:00.201328Z	16618e3d50da55c6fde1b72728286faf511e4cc3709b0d63e15d03f7cf4f2fa7
12	asm-v1-4ece359b58a18776b323b359	GCF_019926545.1	EXACT_VERSION_RESOLVED	VALIDATED	source_objects/GCF_019926545.1	1996164	828a5bf2ccb4543c2e8b51d71bfb1b59d8c90de32ecebbfe54102b0b997a88c8	ncbi_dataset/data/GCF_019926545.1/GCF_019926545.1_ASM1992654v1_genomic.fna	5093750	51771f1e1c0fda7589042565920de92637b575006c2f173b39d22eb6e7ae41ed	ncbi_dataset/data/GCF_019926545.1/genomic.gff	6fc9f172bd66f99035cb2d57b94f942f06104a712f297008c4e357544bf43c40	ALIASES_VALIDATED_NO_TRANSFORMED_GFF	canonical_objects/GCF_019926545.1	canonical_objects/GCF_019926545.1/GCF_019926545.1.pansn.fa.gz	1433497	8e88100eb3a073919d31d7c9d5e488edb01881bdba95404eefee56e9697f2abb	33e455e8b5824400682f5aba0e5c5f7ff728967bc7895bee86d36b3e2367bb1b	95a5d09f7b9c413949da5944b7d57f4178cc8da61757be0218564fd5570afefb	1adc6055170d866f85531948a97c4cec72a2b7f2bdb50ae178278ba17ae1eee0	0fb2e03df8c9cec9d29dacf515ebeddbf0817050fa37552042230b1a8cfb032c	5d07bab0d8e0da912bf6b4bf96f1f2c9f2d7936a91afa6544f6596ca306b1380	125	5016211	INSUFFICIENT_FOR_RANGE_RESUME	.	.	1	0	2026-07-25T00:06:02.762806Z	bbd602d4cfb6734a756b3ed505963906ff8d37a8e177c000e880776f8983325b
13	asm-v1-3747cc3492718981db97affc	GCF_001614385.1	EXACT_VERSION_RESOLVED	VALIDATED	source_objects/GCF_001614385.1	2018027	394b9913084a1120d4a7362ac2eba9cfb92c99f3f07124c2d54e9712c9904141	ncbi_dataset/data/GCF_001614385.1/GCF_001614385.1_ASM161438v1_genomic.fna	5091318	b47f9e2fd96b3b3e22e5f100f7e9691a17fba85d6902027a49caccb1eedba503	ncbi_dataset/data/GCF_001614385.1/genomic.gff	7b36c8b932ad95772cefd6b29ac9b366833e58ca0b50a315ec9327d24f2b712f	ALIASES_VALIDATED_NO_TRANSFORMED_GFF	canonical_objects/GCF_001614385.1	canonical_objects/GCF_001614385.1/GCF_001614385.1.pansn.fa.gz	1451850	40afb30327d9ed33f3cc7027ce91b18a45fd4ea2e67668f80b4e9e396fb6a2c8	ee318d85268f2875678a4910b9017d8ec359dacf17d0b6f3311b8d1d8f3196da	bc498408d9360f890874149608bde8ae8836bdb0e04390a0e9126fb5ce87e3bc	eb4b6aecd22546c847dd2f0f0f4939b8018ec71ba09ed89ebf0d7cc35362a95e	b7d9cd3ba62e1c43f6678a99b2b1cfd210cec1488a5f8e1bcb3e590202218547	71da861b6d97c0a0807ec9f51069bba7e9d686b3d0492d3c08813ff58f839ba1	381	4990338	INSUFFICIENT_FOR_RANGE_RESUME	.	.	1	0	2026-07-25T00:06:06.337089Z	f43b59374306e9f6ab51e633f72e3bc96523da818e4f3cc138567783e8ee8bd8
14	asm-v1-719530b887dfd205060a628f	GCF_015551035.1	EXACT_VERSION_RESOLVED	VALIDATED	source_objects/GCF_015551035.1	1893298	40a23bb3ffa9ac03cb1f551a41b2e576df3ba049bb4a1424b39d9fe6f4878625	ncbi_dataset/data/GCF_015551035.1/GCF_015551035.1_ASM1555103v1_genomic.fna	4904049	e2a105d8b1a1a8510ef3dffc91838c12e7ce46c4b6b973130789a8610efef59a	ncbi_dataset/data/GCF_015551035.1/genomic.gff	68fe0edd0aee6c57cbf0517b1b52ba21f4b19ec382faf7e656bb82e9e12c3faf	ALIASES_VALIDATED_NO_TRANSFORMED_GFF	canonical_objects/GCF_015551035.1	canonical_objects/GCF_015551035.1/GCF_015551035.1.pansn.fa.gz	1377826	1a604c02cfd135f3ca1bf2775fba1da0120000666664d54ac435f1fd3f88f156	01dfaae1f17f200585e493ee3baf774c5b2437169ae83093cf67427779c10570	9d2273c38053fd1da8fc26cdf30483de63077b5e68ec90b1bed34914be83b77e	550486ab7ccba396433be4a2dbe8f63b2be66afc42d4fe2f6f40cf0fdd0d6b10	c37dc40a579bb63beb7bca7ad4e90ccc226b9b6702a9fd7805bc5d7d59e78c27	f2813a1f22e065e526cc43437cb40bd8c8ab7446aced0e62afa6f706893e861f	42	4838272	INSUFFICIENT_FOR_RANGE_RESUME	.	.	1	0	2026-07-25T00:06:08.480547Z	5b6fa124cae996d1ed0b01c53850fc8871cec93e2cd5837bec18e7a164acabd4
15	asm-v1-c27bf914b89e27d0dc27992c	GCF_021354235.1	EXACT_VERSION_RESOLVED	VALIDATED	source_objects/GCF_021354235.1	1989469	d22cd821c3a13e0af93fafa4df5966b82b1afbdfb2b9b5b58ffd839a1c719409	ncbi_dataset/data/GCF_021354235.1/GCF_021354235.1_ASM2135423v1_genomic.fna	4987952	1d525045833af43f953f3d905b805d1428756c4691fb50e141f150d0dee9ce65	ncbi_dataset/data/GCF_021354235.1/genomic.gff	fec19eb76246ec27a1185c95944d63018053e69693a8bab8eca4fd0fbd7c7dd3	ALIASES_VALIDATED_NO_TRANSFORMED_GFF	canonical_objects/GCF_021354235.1	canonical_objects/GCF_021354235.1/GCF_021354235.1.pansn.fa.gz	1404277	ae17628ff8aa76b3581cea64502ddd246dfee0fbb4ce32fe99b11c79fdce492b	e5f73f5b3e2afd2494704f31a38a39b291ae764e5f697c9e6d3e78a1e902c009	82deb3b8e2d670fb695e808de7bce5edbc1ba9f1b0eba6fda1a809840d176f0c	a539c590ed2edd5de0ddeed5556482f89cfad82ca6a8059aa11e8298681ce673	88adf61b6e483d20c9be0512790ba0354fb37615a035c4292fcb77c323edca90	20cb1c628085e644a0c263610a580af674611cb4b90e264ae4f79c8c59421e0c	335	4886206	INSUFFICIENT_FOR_RANGE_RESUME	.	.	1	0	2026-07-25T00:06:12.331729Z	9222f1a681fd3e22b2503626e6b5096e59b2d2496ddf7cf91d4dca824da0097a
16	asm-v1-929d3c84ca2e4a11e790b999	GCF_002485085.1	EXACT_VERSION_RESOLVED	VALIDATED	source_objects/GCF_002485085.1	2004681	977a8919bea31719ed0dbc605127cc2715530ffe6de5805b971b42a3444c694c	ncbi_dataset/data/GCF_002485085.1/GCF_002485085.1_ASM248508v1_genomic.fna	5095835	649d0c47668ce073c53b8240c88498346b8d47567a1fdb8a9030a10ccfe5b273	ncbi_dataset/data/GCF_002485085.1/genomic.gff	9a1b9a29280dc69067b2c31f1525fa877f41d198e58af2cbd78d8f4edd0a615d	ALIASES_VALIDATED_NO_TRANSFORMED_GFF	canonical_objects/GCF_002485085.1	canonical_objects/GCF_002485085.1/GCF_002485085.1.pansn.fa.gz	1435582	3c02df61f79fd6732315314a658944d03396ab51a58758e4169fc1b682b37799	1ac2c32935299a74732132f7b9f0b23fb709006ffdfd7de6629cf28776bf660e	c878cc63556a2cd5467cac6bbbe01555c25ae5f7807abb09028360745a1a314f	2e8e132e8fe0219e567010b1ad4f7f1bf75b1a3684466094bfd33b5976d9a463	a415b44390d2aedcfe30624418535669a984a2d7c895987be222ba8b6d5375f4	45f9ec7aabcabbe75a156403ae892b32667229dca9e1424f0e02b501f8a1f8c7	198	5008266	INSUFFICIENT_FOR_RANGE_RESUME	.	.	1	0	2026-07-25T00:06:15.192963Z	adbbd8bf0a0614cf467f557dc233ac33b3b4821165fe8878de14bd1248ab29db
17	asm-v1-331be33613f5ee0144844f5c	GCF_014712315.1	EXACT_VERSION_RESOLVED	VALIDATED	source_objects/GCF_014712315.1	2185298	2da4772493ce95eaa5ce2c2c58f87052bf79164e859467fa64888bd252340332	ncbi_dataset/data/GCF_014712315.1/GCF_014712315.1_ASM1471231v1_genomic.fna	5590817	7f6b2ceae3100230a9efef6ca8110d1f8654acbb38b4900773a9ace1f5bae5fd	ncbi_dataset/data/GCF_014712315.1/genomic.gff	5683d3f846b14cf0392e4c94a9d40090119423c51d3bf7c84934abf9970b8cd9	ALIASES_VALIDATED_NO_TRANSFORMED_GFF	canonical_objects/GCF_014712315.1	canonical_objects/GCF_014712315.1/GCF_014712315.1.pansn.fa.gz	1568219	083804075af2efc3a7467fc51462abaab287c8b50ec29e2c99db65b1a9b48613	87bb9a933cbb96ad99bb55dbcde46b888bd6e3d00fca9efd91ab81ddda780092	3f7732fadf33657b886afda9ecb76a43f2f143ab8dbd0533d47ca239e23ef2aa	b4334ef1bd87880a6008e00253764aa580b7fc6e598922451be4d236dd2b5ece	0030f9ceb11a36aef14e166c970744119a4241e5f204722234cd130f2efcd534	4434e526c8c63017d4191083b76c84700d954d4eeb83938e4792cbb79767dd4e	129	5506996	INSUFFICIENT_FOR_RANGE_RESUME	.	.	1	0	2026-07-25T00:06:17.598999Z	f528252be40a2dcb8687724da7b5adc87a254d56a85e73c43ab0f5ca15ce3b6c
18	asm-v1-f36d786b0ab3775223cf3d16	GCF_019120745.1	EXACT_VERSION_RESOLVED	VALIDATED	source_objects/GCF_019120745.1	1849996	bb22f9d4477969ee9a67c8d15c7696d2bbdd685cef245e6207d0023a69de4829	ncbi_dataset/data/GCF_019120745.1/GCF_019120745.1_ASM1912074v1_genomic.fna	4749085	ef606a0e3885208f3b1898d7d50e7a670cf03428fa49be485b4862f3947662ca	ncbi_dataset/data/GCF_019120745.1/genomic.gff	30857394e571ec267f15a07d3b48eeb7b7214b7d81afa35ac55d317b51019c59	ALIASES_VALIDATED_NO_TRANSFORMED_GFF	canonical_objects/GCF_019120745.1	canonical_objects/GCF_019120745.1/GCF_019120745.1.pansn.fa.gz	1332792	b11affa6346d48aa7347c5ea91711a869f159566e0c72ecf7b69c23be0c8906b	57b42ba12424e51229c038b37f54c0be7936d251c06935f49b444313ef98a1ac	6742f8d546ede437773947d6d487f25618f7ac75c22b035f4c940ada72e70d5a	c2243b46303f45771134388230689f00a2cf0fa59bd7aed6d0cf2524082aada7	8e46a895f8eda2b5f51d8eeb2e62dd01827255b01e19330cc0bd55da6aa936d3	df65914f3a626aa04bfccff998241e621c44ef8ef27497759ac2813574825472	63	4682911	INSUFFICIENT_FOR_RANGE_RESUME	.	.	1	0	2026-07-25T00:06:19.759207Z	09e4decfcc9dfd7ce3c8d6373b4aff6e9b071d9bc013c0a02de4a3add54d9df2
19	asm-v1-b7796a1fc230ab9bd7633b94	GCF_006350715.1	EXACT_VERSION_RESOLVED	VALIDATED	source_objects/GCF_006350715.1	2232635	8a6e1a5c5b7cf220da2e704e43c4a1389794ea97a5706c0f887712dee850cdfc	ncbi_dataset/data/GCF_006350715.1/GCF_006350715.1_ASM635071v1_genomic.fna	5495751	2fa0d229372b7244508cdbfcffdad045dd9a70feaed6b398960c8974c58c862c	ncbi_dataset/data/GCF_006350715.1/genomic.gff	468a38a9e1f4fd0361efc5c64ed1387d2f7628ec0652855ea8d5b26953ee96de	ALIASES_VALIDATED_NO_TRANSFORMED_GFF	canonical_objects/GCF_006350715.1	canonical_objects/GCF_006350715.1/GCF_006350715.1.pansn.fa.gz	1576242	2cba09a7d55672c5fb23ee2edc9117696d7cfb7d6aa39a70e8ffb2c0f98916bc	17ef1c3f7cd2bd405849d9d177fd833ac69e5ec1b48e8410ee503752e7ae3124	2954c67ea5c8602935abf4287448354433455487db1b3ea2c6797ba258659e0e	46133cdcd59b468e349c5a9478d7f2494f2ab59a67633b8cd47cefd808ad7bde	ff560cb0a701d4ddb646080bffa617902bf6c0d88038c697be9d096819ac8227	132c4cf63a00fd376fad652db4136dce40a6d8862e35474eef234edad81e8c95	791	5336228	INSUFFICIENT_FOR_RANGE_RESUME	.	.	1	0	2026-07-25T00:06:26.121865Z	21b6a420f135a0774b78c6e669a3f9ddd9c010201abded72ad7a1e1db930f92c
20	asm-v1-97a929e91ce540241ff20371	GCF_002522525.1	EXACT_VERSION_RESOLVED	VALIDATED	source_objects/GCF_002522525.1	1939378	2c17429b536e106c936509541549f9397bb74c04a108281d7d578a6d9e07ca86	ncbi_dataset/data/GCF_002522525.1/GCF_002522525.1_ASM252252v1_genomic.fna	4992733	cea18bf5097168b24c529e9104ac717e2a7c91f9e3fa0ac26d1bc8e52f8dc499	ncbi_dataset/data/GCF_002522525.1/genomic.gff	8835813f3f0e59f7d9c20e7e20adf5209f4b79476d396e0e2fd10901ee4f67ad	ALIASES_VALIDATED_NO_TRANSFORMED_GFF	canonical_objects/GCF_002522525.1	canonical_objects/GCF_002522525.1/GCF_002522525.1.pansn.fa.gz	1406387	4083732d0ab0003ba9efe729c2b017acea4db41212aec91d1b9706acbcbe7fec	73eda5055d9ec3f45377ea971f7c42789f63e3baba4d7c68e5af0a58e0b2f900	f8d0ada4f8031ed083d7bd7614fff87cfb7aeab44f614b630ed5c35e7c3adb82	04bda7f724d6e13a1683416340ee214e5e8f66bd1b0fccab57526b8d1e6aed6e	b322059fad560a51b37e23e7a836b2f051b976b7a1a3080bf3cfc23ea2243cc0	61e6bc79badaebde4a62da47f6635de13a67a9b2aa97fb83f14da4a3365961bd	108	4917698	INSUFFICIENT_FOR_RANGE_RESUME	.	.	1	0	2026-07-25T00:06:28.425951Z	90a06bf678df8372fded32f95a12b3424a501a5309bff9423ef1fddac2f89122
21	asm-v1-0bdf5b05c650023990a68d2d	GCF_018790115.1	EXACT_VERSION_RESOLVED	VALIDATED	source_objects/GCF_018790115.1	2080677	f373c9513e05a92929d2146a964e19a0cfebfe3b31d4c228940e09415b900662	ncbi_dataset/data/GCF_018790115.1/GCF_018790115.1_ASM1879011v1_genomic.fna	5278825	17d6c960d8cf31ce1ebf6b580ce63298a3a36aca51d36544e98c376e316669a7	ncbi_dataset/data/GCF_018790115.1/genomic.gff	3944d89dd8a6d3b062e7a9b7e0f728960231e1f4f11049e3bc0d0c2687bb473b	ALIASES_VALIDATED_NO_TRANSFORMED_GFF	canonical_objects/GCF_018790115.1	canonical_objects/GCF_018790115.1/GCF_018790115.1.pansn.fa.gz	1491700	78ee663ff5bcbc47ce45245d7b0c5a5190f3d964295472b913c49be99be606ff	203f88ccc8f8f7c0cbf5ed6c8628851708ee5f2c7719c3fa0204c02c16986b19	234a3b13ddf5a3628d0919fe5bf9caac44efbcfd4c65c002344d8ebfa4ff17a9	e77d8f01f4a90adbe420e356c50752718b1611d33952f6e705505e6a8febfa27	3a2f1bbd3b3bd61b4ee8019e029a1a6adb7a4be89b43878367cb1c110a83b485	e4469aacd422bb320353dff2df6e888166e41d363a665c92323b9f6b3eb2cae7	224	5191645	INSUFFICIENT_FOR_RANGE_RESUME	.	.	1	0	2026-07-25T00:06:31.218020Z	1256d721b07749c50da15b5d159b3b1d0af2f2aa713ddfaad52d0c06405f02ba
22	asm-v1-1e2c548ce4eee4bbd7812d4a	GCF_002442365.1	EXACT_VERSION_RESOLVED	VALIDATED	source_objects/GCF_002442365.1	1956368	e7d400ac52ce0ac88206d1b1b2a777d3832bd02730764187bdd09d00697d1347	ncbi_dataset/data/GCF_002442365.1/GCF_002442365.1_ASM244236v1_genomic.fna	4982082	ae421dc26a15ad60491d98fc9096c7f28b2e931b5304966aa567d57c853ecc1f	ncbi_dataset/data/GCF_002442365.1/genomic.gff	6bfaa50d6a1bd7a94fd5f63b8bde68c90d3432ebb2f5e93d3c9a62957d261805	ALIASES_VALIDATED_NO_TRANSFORMED_GFF	canonical_objects/GCF_002442365.1	canonical_objects/GCF_002442365.1/GCF_002442365.1.pansn.fa.gz	1407311	692d68ab7405d37289aef4a9a929f290066394f3c6c048ba57a53f19a90008c6	0034d6641d91c40dc92f815a256ab8b72b0c9c24ad36d5965550755b425ff95c	2754b9d2a08a57dceb248db881ec88b3ebbf6c056785c493945e856528fe4dbd	c2368a90f8be002941582d8c77665645c24110b6d5c12af6c0b3315563b5fde2	23eff5a27776c3786fe955c99b4e9bf8d646d29eb3326abf7019d6f7d9bf9621	6f6b3627ac71264f119e52fd54fa2c9be9411fb08ee4be6f5613bf3dd5674d56	114	4908468	INSUFFICIENT_FOR_RANGE_RESUME	.	.	1	0	2026-07-25T00:06:34.169074Z	8fc5cd79fba9196c238dffadf4de36373233e33712be4138e3af180073ed983c
23	asm-v1-faddf0606460939e473ac2c5	GCF_005885955.1	EXACT_VERSION_RESOLVED	VALIDATED	source_objects/GCF_005885955.1	2178042	548e4e8fe5433590d58e0f1c1d94468a66fcb4975b09b111bd803758262accbc	ncbi_dataset/data/GCF_005885955.1/GCF_005885955.1_ASM588595v1_genomic.fna	5639377	5d779f1a0ce6b89090a8418fbc5febc69589487a26ebb38d33658cb0375f854a	ncbi_dataset/data/GCF_005885955.1/genomic.gff	fb5bbbfda1f03b5cdc3a3330ff5f6eac6cffa5678dab5d1bc6674f92c2f7f4ff	QUARANTINED_SOURCE_GFF_NO_ALIAS_VIEW	canonical_objects/GCF_005885955.1	canonical_objects/GCF_005885955.1/GCF_005885955.1.pansn.fa.gz	1576341	690686964ef8ecd7fee779a305f40d1381fcd928bb1988d822527323d986d4f5	82b74bf5de59f53e29bca584abb1585b1b8a669df536c4f7f370ecfa182632b1	0f2bb5e86e2027da87bc45f6596526cadec3a2c87f97eb2bfa90090d226f1d8b	ba00758a71fee48d382e8bac8d8c6b75a6c8c473c608cb0d47a3da7370ca5cdc	30260996abc358d088a541c6d022940a2936997a19ad0b9824ba672bf0796ebb	cd40aa389a30100c781d654e00f2807198c3c498d97099f6457427282fc8f296	2	5569576	INSUFFICIENT_FOR_RANGE_RESUME	.	.	1	0	2026-07-25T00:06:36.504325Z	59ec6793fba9a989ed8cf8cccce1b3b1b4c83a0b5c5a94e679badd1982a5395c
24	asm-v1-90293848c2351417f7baaa74	GCF_002513075.1	EXACT_VERSION_RESOLVED	VALIDATED	source_objects/GCF_002513075.1	1954481	d17545af44da843f9ea632de75d8a572bce43d32a7dd6537ecd17383f1a4cc3f	ncbi_dataset/data/GCF_002513075.1/GCF_002513075.1_ASM251307v1_genomic.fna	5032223	55023b41d2be0b2fb607020dc0d0c16c747e37d0c305f0480fa8d1f0e93261e1	ncbi_dataset/data/GCF_002513075.1/genomic.gff	3f1cc02f0a3c83d244aaaf14110ba94b154a3c4ace7f125b435675e80c77b098	ALIASES_VALIDATED_NO_TRANSFORMED_GFF	canonical_objects/GCF_002513075.1	canonical_objects/GCF_002513075.1/GCF_002513075.1.pansn.fa.gz	1414484	949f962e5a1b64b7c80f154c750562482aba65c4b06f46f6cc2f68ffa1440316	c6237ccafaf69d0207916fa1ab7f4a9646b03ac5dcd72dcfbbc9709879e26e67	410d19bc96e1d58911b92dba59ded36836f6db5fae016bee55cb73b23fb66673	c2e08e719cf07ef405ba3c78c9846ce28aedb9afd427919296708d62841e0dda	ec5d424e2ea6630f6c61f8f821021fd38b5b3e9eeeb61609f3c07f61c25b5a03	0eaabcadcb4a970f5d382a465102da539c2e32d7a910c229d3ff8e2a080ab002	117	4955553	INSUFFICIENT_FOR_RANGE_RESUME	.	.	1	0	2026-07-25T00:06:40.174528Z	620890fa5308be9292ef0a68105e2c75bf15c0706d575e2b2da6401ba29367b9
25	asm-v1-3b4342f24d54b3c1a9b84d48	GCF_902810185.1	EXACT_VERSION_RESOLVED	VALIDATED	source_objects/GCF_902810185.1	1944487	7eeaa27e09d97cf45b6218f4911b79917eaa69d9c223208ece68a27ea7f5efac	ncbi_dataset/data/GCF_902810185.1/GCF_902810185.1_SC443_genomic.fna	5083979	0510f9940932e1d1a482722bbbdc269568651a05ccbfc82f9826a7dd63a5bb11	ncbi_dataset/data/GCF_902810185.1/genomic.gff	fddaec8ac1959d252588efc1546cd9bebe552e9b9f4356db3255384ee4df5770	ALIASES_VALIDATED_NO_TRANSFORMED_GFF	canonical_objects/GCF_902810185.1	canonical_objects/GCF_902810185.1/GCF_902810185.1.pansn.fa.gz	1422749	57b8ffc87b315ee95b8317e58fe80628a403f08c2859c2bd47557a12f9f370b7	f8dbe9973ba5dc441f827879af34b7652c6705c2f564a82ee4b60ebd19232abb	e3b4a8b14ad8bc14d3c614ebed3784f175b17cd96fa8be80f224179b06c725c5	1f0b416c465d2d575b90b130881da4a2553e0323347bb5dc35432d23d1df5263	aac0bcffb5aa40b496cb9cd66943fbab8f2e4b668322e5411a4db3f7dcadbdce	deeddff5089e4cf7443720b7f4d655a50959a287f57448e790c8cafc4b0d6371	2	5021047	INSUFFICIENT_FOR_RANGE_RESUME	.	.	1	0	2026-07-25T00:06:42.287487Z	20476aa979e23a584f6fd6098bd1cef3817bd5f2d3d1dd2e87b1fdb1082b60fc
26	asm-v1-0beedef08535e20c4790e6bb	GCF_005043025.1	EXACT_VERSION_RESOLVED	VALIDATED	source_objects/GCF_005043025.1	2072094	bbbe187625cca1cb8915803b16e9b35afe69545fb8970e08e019036da094d887	ncbi_dataset/data/GCF_005043025.1/GCF_005043025.1_ASM504302v1_genomic.fna	5278839	c30085073d8a59a6e44245463258abbb9a6332b5f0530d892afa4726636f9201	ncbi_dataset/data/GCF_005043025.1/genomic.gff	0e9aa0adc278885e55ca4a5857ccb8b0b505d065969c088fefb1e0823b2b9796	ALIASES_VALIDATED_NO_TRANSFORMED_GFF	canonical_objects/GCF_005043025.1	canonical_objects/GCF_005043025.1/GCF_005043025.1.pansn.fa.gz	1485348	82e9bbc93e74f2e48201b2827018ad981d3607868a49829e85809ec88d488795	b98522e432814ce264810feaa0c499557e25a0db094c715aece2c93a7d598267	77dda008de8fcb54a7425ea139a58b81fca744b6a96e1a672fc2707ae4858aa6	33314568f4803e1c34c6e7b23f901bcf5fa2d6943863103a047867d3c75c7ca9	ec8dc32d2a893dfdff9fedbc85381874205ae12bd805f8aaf324edf0a89d2bda	194d61bbd06dc7ad40a1217f15eef8e8992e8a746a48e12c4cc9434ea2a9d39d	120	5200889	INSUFFICIENT_FOR_RANGE_RESUME	.	.	1	0	2026-07-25T00:06:44.619521Z	c5c448a610816f576ff0322244ecb811dc72af1447d1d0dbcead5a38f217bd92
27	asm-v1-48766683d6315460b4013353	GCF_017595115.1	EXACT_VERSION_RESOLVED	VALIDATED	source_objects/GCF_017595115.1	2097986	799a9ac7975f2cc6570d604c8d3cc39e4d8d72ec402e0bc2d7b9070bdef225a7	ncbi_dataset/data/GCF_017595115.1/GCF_017595115.1_ASM1759511v1_genomic.fna	5366157	7c6b96771135e1160a592df6be336a4f8f5d8e64f8937031d6438cd8c54b3bd5	ncbi_dataset/data/GCF_017595115.1/genomic.gff	627fd9b7edaa41b238cb930245521ebfc19bdc0afe5da7cb29b0887abe0cd511	ALIASES_VALIDATED_NO_TRANSFORMED_GFF	canonical_objects/GCF_017595115.1	canonical_objects/GCF_017595115.1/GCF_017595115.1.pansn.fa.gz	1520908	f80175055b1aec1b80f33dd754e6f65c00babc6e1d599d88f313ce6e4cf3cb28	28a94137304dad6b35dd108ea487afa4e5db67c00f05ff07ea11aff59ac2f56d	8ee559d3e4343f28b1542d8c7ae63cd949a5a0971bda3bbee2d81ad6dc4b40e4	12338cfb7d0ea733404f309ac7e56a1d50f1d873dd00086ee7bf14d64e1042ec	2f57e4c49c9a66fe70a478e57a05167dfd0da343ad7497d46dfb86f271766329	cb635fc6fcf92caa0be00995a1b51a046b75ae1468fc07908a8f42124228a4c3	293	5273534	INSUFFICIENT_FOR_RANGE_RESUME	.	.	1	0	2026-07-25T00:06:47.777754Z	ffb252392ab38cc15adf58612f1d0691abd430a4916dcb078ed4143e4adedf8c
28	asm-v1-b71c4a8ef90f7c49f5f8d546	GCF_014528625.1	EXACT_VERSION_RESOLVED	VALIDATED	source_objects/GCF_014528625.1	2072203	f833110b3f60c78da7e770042bb895cf2755eecb4967ab0ecb9801d12a7701be	ncbi_dataset/data/GCF_014528625.1/GCF_014528625.1_ASM1452862v1_genomic.fna	5273760	379bd3e76dcb990c247309dfce7892727cfe7e176107f6c7a0868574ae9b1629	ncbi_dataset/data/GCF_014528625.1/genomic.gff	3733a68d9d2bb739b2cae562756d6e50c0b0347031d96ddb948db709e6a67655	ALIASES_VALIDATED_NO_TRANSFORMED_GFF	canonical_objects/GCF_014528625.1	canonical_objects/GCF_014528625.1/GCF_014528625.1.pansn.fa.gz	1486395	a9c79c7756bbbe6c9d516a81a7a9c9e01798ecc3b519afb6bfbd62a13efb4d37	a68ae366c43c0b8854cd0f0280f49651d5c0830a439f4a0ee85451a87aaa5005	d9b94c59699716699e398bb72efbfcf8d19aad5f44a6f0043c2da75f87ee920d	49ea01f98c3cbb37ec9281a06706d99a18c817edc7b67d1ebb4b7579dc975f1e	c9c0c2007f3f0c5f728cc1339d8061079959cc5603e356913e7f4acf8fccaa13	92f83083c7bd64b8a705799abc1a09012e62781d68674abf968df4ed02bc57cb	196	5185791	INSUFFICIENT_FOR_RANGE_RESUME	.	.	1	0	2026-07-25T00:06:50.573306Z	8860cff87b246bb166fbe5746ed9f65c468dc82cf23b7ec97730f2dd58c75448
29	asm-v1-31cd9173370fa4123f9ea13b	GCF_008041205.1	EXACT_VERSION_RESOLVED	VALIDATED	source_objects/GCF_008041205.1	2119678	ac235522b91ddd485ddd518bbe80f7d44455249e67bcbeb8dd2a188ea929740e	ncbi_dataset/data/GCF_008041205.1/GCF_008041205.1_ASM804120v1_genomic.fna	5409175	1c0e5220d3bc6465f37580b6e8d3648b26d717c2f491ebe4f9c1ff36b470fc55	ncbi_dataset/data/GCF_008041205.1/genomic.gff	e3aa497cab534869fc16cb31079d7b7fd36ad0a4b0eacf9d2a28530101ba4189	ALIASES_VALIDATED_NO_TRANSFORMED_GFF	canonical_objects/GCF_008041205.1	canonical_objects/GCF_008041205.1/GCF_008041205.1.pansn.fa.gz	1514325	2b386be3ad5eea4c27011c9668fb08d357d2714a5a667cfb9ef4c52de9aae8f4	415a15651b1ee4264fd88de1822a378ac314b5a222dbe62fa3812c4b855694f1	f073c7a4ee4e3f3fe3e28a825476c17abb37828d1e81beb315a573ce70eea020	3213aa96db842d35dd9614f2d0d60a8555cc940db2b5466258fb45b0916a4e39	49553b40c674567b6815f699bfd43b6f56b2cf46ef21f218d40421c82850189c	1572ef6a528a6c6aaee15f0498798c05f3c9c2c4f4bad20fff05a754d26ded94	171	5323000	INSUFFICIENT_FOR_RANGE_RESUME	.	.	1	0	2026-07-25T00:06:53.257224Z	2da889a9be068645dff45985ee5620b2b0d6bd026e4638a29a74e481905a4950
30	asm-v1-b419079f0ccf7758946a758e	GCF_009820795.1	EXACT_VERSION_RESOLVED	VALIDATED	source_objects/GCF_009820795.1	1935834	88efd15e2bfc87e07cfc59ec437d16de2110cbf79898dd8e1bc70cc465c7577b	ncbi_dataset/data/GCF_009820795.1/GCF_009820795.1_ASM982079v1_genomic.fna	4943617	6dadd7825228880b6df2e8fe4a3a78f8de4dede1fa9c4eb65f7fa46c94597a14	ncbi_dataset/data/GCF_009820795.1/genomic.gff	702d0f7afa58602db6a438bd91a558b4b1e57192cec34ac3ec1ee44913275207	ALIASES_VALIDATED_NO_TRANSFORMED_GFF	canonical_objects/GCF_009820795.1	canonical_objects/GCF_009820795.1/GCF_009820795.1.pansn.fa.gz	1387105	bc53fcc78affe56ca2146d668141916f1349330bb9e0b27b442b90baf1656aea	90ab7b2dd5afb8cca83826c32bc5b7532fb802be776a631e42d3a901285241d7	9c26410117c1652198812bc47c6055355ffe48e62a05fcb1477b4b9625a9c977	98b13a2404abe6d287ea823a26c5d39fb77a1035147174cc2654380a7281c5a7	b171f2b7ed7e7942f306b3a5925c1bbffe61cae6522571edaf8b0753c3a6524b	04bd10a598ece9000645715abf07e6761a09ca38d921fc6981b05ab36ed4723f	86	4872729	INSUFFICIENT_FOR_RANGE_RESUME	.	.	1	0	2026-07-25T00:06:55.418812Z	6ee9b91e5e4fdb01c5c6932a1b4316a595dce936944c5d68f738afe6575fc5da
31	asm-v1-9416d74da50a26741c416d3a	GCF_900479385.1	EXACT_VERSION_RESOLVED	VALIDATED	source_objects/GCF_900479385.1	1988350	faffa8a86b43ca2a6f559f1a67bd07b75e51a7696a78fca40f8343e95bbe01e0	ncbi_dataset/data/GCF_900479385.1/GCF_900479385.1_19084_1_68_genomic.fna	5096900	38c3e0837bd23bfcbef0f8b7c74311b9119ee265dbcd7ff65abf6dcfa52ca072	ncbi_dataset/data/GCF_900479385.1/genomic.gff	6f0d369c843bbac7fcc689c07a93bb06346fc7087f83118341e53b7dd44d27d5	ALIASES_VALIDATED_NO_TRANSFORMED_GFF	canonical_objects/GCF_900479385.1	canonical_objects/GCF_900479385.1/GCF_900479385.1.pansn.fa.gz	1427070	c551cf1da2405f62e44b53e93cfe9ee40f85f241b83866b933b52359d8c0a869	4ba4b077daf2f9fe4c2980212959262c63a87735f58fd0dd466194d194f97ca5	0dfa9b5fc6a59509daf3a8aa618da21ed8e06a258ca51ca94853d5aa6150cc23	49e52313e373064abc71a2cb0d41b29d9fc5d4397a77e84fe0bb6f6669babf7f	7db82380560bcb99c4bc3d41ada99d0a0f0f2689f8385267e848f098ecd8d331	0138f9128106d508d5ac54193c912a8d5bcfaff9018cf3aa8cb70c63773bc364	45	5030265	INSUFFICIENT_FOR_RANGE_RESUME	.	.	1	0	2026-07-25T00:06:57.794417Z	63b698184ce9926c0bc268777e048f6767c063ad14c9dd59ba4beb5c5cc879b7
32	asm-v1-b269b6f553a373270f84ba18	GCF_004767475.1	EXACT_VERSION_RESOLVED	VALIDATED	source_objects/GCF_004767475.1	1860437	7dc87ddfa58793cf7dd5743d86824bc5a490dc65acfa026f9e390c525e8bf697	ncbi_dataset/data/GCF_004767475.1/GCF_004767475.1_ASM476747v1_genomic.fna	4735880	4ef2f1eab37de2bb6ac7c6728c8dd9242243558fb8674733142286a8c519c176	ncbi_dataset/data/GCF_004767475.1/genomic.gff	7050626f2d6582f9c993868dd9e8a7f199291c870e0ce63de39ef6fa7e39702a	ALIASES_VALIDATED_NO_TRANSFORMED_GFF	canonical_objects/GCF_004767475.1	canonical_objects/GCF_004767475.1/GCF_004767475.1.pansn.fa.gz	1327223	3ef6ce6b827b7147031b92f3a9f5d7edc78499298a25e9c82b91cefaec4649a4	980536f0bd66b1a7a19e3ee9f8612491357ee3dc36f602e2ed8f4cd659fdd57d	c815e16c1d6240a6d3311f79ad136739131a9a356376c7736ec500eb8fd54505	38a20cd156d9a5798e4356b323473c0891d5856d8bc936baebf240c66ac32108	fb837dae5eeb3a59f1f86d274fbc3d9b70e44be3b8a38776d21f1bbcbaa0f74c	2d64eb6f0982ad3afd857e1c08563976bf3bbb8a3a2673a25e8b80513c041f0a	119	4664051	INSUFFICIENT_FOR_RANGE_RESUME	.	.	1	0	2026-07-25T00:07:00.046238Z	08a83018177d24a190fc6ce5094d7d90e750e1539b21aeb56391a1f170f25b8a
33	asm-v1-996e1b56b7867eb75e7abe84	GCF_002519245.1	EXACT_VERSION_RESOLVED	VALIDATED	source_objects/GCF_002519245.1	2014185	0d1faccc4dfc49f465e29c0536031512913767c6f2aa1786af76c1f94e7c6fd8	ncbi_dataset/data/GCF_002519245.1/GCF_002519245.1_ASM251924v1_genomic.fna	5082380	759a7aa01b0becf53b9e569b162d4fd9dfd199ecd8b64c4acf92a5fe24f8a3d3	ncbi_dataset/data/GCF_002519245.1/genomic.gff	501806eba89bccbcb656001a6be9e39f68020b014a49c0bf8f11d4e1bc081f91	ALIASES_VALIDATED_NO_TRANSFORMED_GFF	canonical_objects/GCF_002519245.1	canonical_objects/GCF_002519245.1/GCF_002519245.1.pansn.fa.gz	1436313	9552fcf9b74e14286e0b53a3380d7abf5650c69a8dc65867692e188f5d7c50f9	d8d9dd680ae8b000440e7575167f8d8f53fd3703eafee8c9a9d231d6af5e9a36	878252dd405d733484bc9d6e4de4c7cfb38a8d6b491779d08ede48eb5213a7f4	2526f9e88a5b053edc1044c14645c74dc581c872463f2d5ce05e868673365526	22f934f6a53effe7d664b408d4e4f2a41c5b686f9c0bc048cb56b74ec18e1d4d	89261c24f1a4006841d820400ffd2828955f5c75c6e899e41a1efba86340a10b	270	4985995	INSUFFICIENT_FOR_RANGE_RESUME	.	.	1	0	2026-07-25T00:07:02.922582Z	ff976e0b0945393fe7313fbd9ddf6b475af7dcd8561f4071edece54f95e294cb
34	asm-v1-9f93da8d24e49c1bd9dc1bfb	GCF_015644305.1	EXACT_VERSION_RESOLVED	VALIDATED	source_objects/GCF_015644305.1	2126099	674bd5cc850ada3c2386729b0c953344ed3aa13596fff091664d492666cb594a	ncbi_dataset/data/GCF_015644305.1/GCF_015644305.1_ASM1564430v1_genomic.fna	5437740	32c6598ec3be8bce62064ae50b5cb2a2e2ea026768fc044f5193927b470d6d8f	ncbi_dataset/data/GCF_015644305.1/genomic.gff	a16390b60da6dd3111838fe129dcbc6b14863425c718abdecff6992fbc7d365c	ALIASES_VALIDATED_NO_TRANSFORMED_GFF	canonical_objects/GCF_015644305.1	canonical_objects/GCF_015644305.1/GCF_015644305.1.pansn.fa.gz	1524891	3eac5080b5ae12c2155e2df58eb0ae2c4705d03417719d7dfc7d1856d4a7e6c8	28acf784ebb3d9b896a7a7f10f6b32b202e977884a24decf2faf1d9e53594c42	ce6b419a60bb50d79ecd981c208a7728a6283960b215294462e93abcd0ad22d1	d44d07aa8be636b7a37e9beebe954601feca66acfc6c4f7f4f41a28c7f30d767	8c1acd7cd7367417334f9dffe7c9b250e8002e43ca6e6c4affe33f2d6d6e6ff0	49d8aac011d87bcdad730f87888e9f560ab0f5ebefffa5aebfb34b6bfa122c47	135	5354871	INSUFFICIENT_FOR_RANGE_RESUME	.	.	1	0	2026-07-25T00:07:06.507410Z	a28d4d0a152a7a12baa33431f68ef5d79feef6cea68692cfc4436df22c751790
35	asm-v1-9bf79301d532e473a6d4d15e	GCF_001616285.1	EXACT_VERSION_RESOLVED	VALIDATED	source_objects/GCF_001616285.1	2050309	d57214dcbcf0b05d59278c719a7a1673467e9d284dae78531f77dc57fceb5949	ncbi_dataset/data/GCF_001616285.1/GCF_001616285.1_ASM161628v1_genomic.fna	5301430	680ca5df1e2bc9b8835b7216e5d403614376a362f84e9fe7961c4f11e4eab094	ncbi_dataset/data/GCF_001616285.1/genomic.gff	6a9a1d8adb5419a34ec9827d0fa3aaf03f8ed7a0c900129029b808236ff5bd44	ALIASES_VALIDATED_NO_TRANSFORMED_GFF	canonical_objects/GCF_001616285.1	canonical_objects/GCF_001616285.1/GCF_001616285.1.pansn.fa.gz	1490478	5dcb4d76674c4c65f6edf52aa3cca8f79c3d767bf47634a3fb427377a98759c7	bd9886a937b48adc685b384d69e17f4d8700573b207402739bd28a34790e51a0	cfe13f6cd43f79d64fce292b3c360f699d1d300bb962b9f9cf636e8ac360f528	b3530d30b2a730aef3f889e28e787cbc16da8a6a72fdb80f544351fb9042f260	89e4b4ad7fa8d83875266a36f5b890355efe0a59edf87fde3ea3a87d661445c3	2d91c9321c719c405f50865c4dec36d92678eba7441a7ba7475ecca297f0dc2b	109	5225138	INSUFFICIENT_FOR_RANGE_RESUME	.	.	1	0	2026-07-25T00:07:08.857178Z	968185c259b20f42ee62c30a249b0f516c99760501b8b22c94497d493c99231d
36	asm-v1-7f24d9da61537a483a8edeb9	GCF_001614645.1	EXACT_VERSION_RESOLVED	VALIDATED	source_objects/GCF_001614645.1	2015384	9cdd1f3c0276c2fd64377516c63e745e9c0c256e58d7b945cbab5e12283cde49	ncbi_dataset/data/GCF_001614645.1/GCF_001614645.1_ASM161464v1_genomic.fna	5208630	509463ac95fdc1dc303faefb538a7c230f6be2f458f7a7a466870b59edb6f35d	ncbi_dataset/data/GCF_001614645.1/genomic.gff	8a812f8fc5f790210d27d1a9add5375d17296da80e5014bc69116d718eb4f482	ALIASES_VALIDATED_NO_TRANSFORMED_GFF	canonical_objects/GCF_001614645.1	canonical_objects/GCF_001614645.1/GCF_001614645.1.pansn.fa.gz	1461199	4ac3ad27fef263f6615680575f35729e724d177787b6d24c83fc8e28af88cf7a	3729162a13aeaa0427481b5cb697bae17e4620b3218d31e216a19461e1f3226d	71d614e2a5e41e92864e924ddfa454369d6e6f2db7952162909ad81d5b1ca543	eb4aa49cc52a99c2d35f2b10ffcea5d3d464f65001ac7fc6dc96fbb6811aecae	1e6554e9c7c4e05196cc902194dc2e9c8d9c88c899a2def83e585f6d3cdbe386	08edeb500fe47689a9ba22a5e20aae80d29b834d36b4998d68f0dd8346a7ca67	68	5137717	INSUFFICIENT_FOR_RANGE_RESUME	.	.	1	0	2026-07-25T00:07:11.116993Z	81e217d9b06a1ec67d9b1720afa89041b439ae6502e384517e5a9dba812b3625
37	asm-v1-27d405b112a56b6388ddbef4	GCF_013370625.1	EXACT_VERSION_RESOLVED	VALIDATED	source_objects/GCF_013370625.1	2048430	8d96cfbffb9e054c0c4e6af4b1fff48520d62604f81c2b7203603895e62bbb20	ncbi_dataset/data/GCF_013370625.1/GCF_013370625.1_ASM1337062v1_genomic.fna	5150413	f6cb95dd8f979de66689e27143c1feee26faa81e57ab8c4d2612ec30b46f1e3e	ncbi_dataset/data/GCF_013370625.1/genomic.gff	2d01de228806a877ff2d80d041c8109389efa6a684f2e9e895632d614438fdcf	ALIASES_VALIDATED_NO_TRANSFORMED_GFF	canonical_objects/GCF_013370625.1	canonical_objects/GCF_013370625.1/GCF_013370625.1.pansn.fa.gz	1441848	ed174136b2380e8e63b6f00fa69a87887e0e77ca6e65c4de7fc1cfe5e9161fcd	4b8c0c393b3d93b0b54474d85aa5ee90f42083a74a12894051179e204bbf3ef6	92a954a6b54361348c2edab2c94ef173d6fea4f980877bdeb30dc17e594b2da1	60e3134e2758922369544649a78c5eee4b2f8e693dd18faef87580bd7ee5389f	a750c5192b2a0da0b96601316097cf65089f2f5406dca2763a7ead50e39377b6	9355be7622b89177cb3888dcb59dc19b0b52fbf5eaa0715e1087b392fdd87907	243	5057346	INSUFFICIENT_FOR_RANGE_RESUME	.	.	1	0	2026-07-25T00:07:13.919235Z	d64c643d9566cc19bb2fc0ccaf5c84f6c9b6c19313f134bdaa4f0d45ed9014a4
38	asm-v1-1373daf306e4c70962bf7651	GCF_013608825.1	EXACT_VERSION_RESOLVED	VALIDATED	source_objects/GCF_013608825.1	2369891	b90b334b7a20c4739f8f12ef7f3f9c756c49e7763cf8e806f74e7bfca12eae35	ncbi_dataset/data/GCF_013608825.1/GCF_013608825.1_ASM1360882v1_genomic.fna	5838213	544275a9863533e9c37e2a8c7f07b4dfffff1abf0f2d4056367792b5efa8a08f	ncbi_dataset/data/GCF_013608825.1/genomic.gff	646faead533782a9a036f952dc3eaec6706fa639bba78a28810b8faae30e6533	ALIASES_VALIDATED_NO_TRANSFORMED_GFF	canonical_objects/GCF_013608825.1	canonical_objects/GCF_013608825.1/GCF_013608825.1.pansn.fa.gz	1644813	00e689a745be7b6cd981ffbdebc95b417578acced5879cb3a0524ec9997da7b1	e96db9f92238687738b13019f80d0f5b59eba9bfedc9ec079834abf1c5bb3c58	238be95347e9778c54d60372428d27498ef47d14e8552c26def9c1d9fd50e4f0	6e201a152864a6a4c6365f4037187e2477753a41b9662bf955cdb047acc1c31e	f4933dd058723e0e2b886e2812dc573b80a98742c011fba239b1df809e9bbb80	6c05e3d8645a597a16f5d2943f28cc2b465c1e8eab7f2d51b1aec7d793df119d	895	5661677	INSUFFICIENT_FOR_RANGE_RESUME	.	.	1	0	2026-07-25T00:07:21.173261Z	2c3e67faf78c997358adefcb22c62f503a27176ce5da2cd5a60dda46f3a2ae9c
39	asm-v1-566c3eb2b8feeeb03a029d05	GCF_005043625.1	EXACT_VERSION_RESOLVED	VALIDATED	source_objects/GCF_005043625.1	2088484	27d40bd371602f062eb3b075b82070897cc8d3924943d5e7054fbdd3e89fa4b2	ncbi_dataset/data/GCF_005043625.1/GCF_005043625.1_ASM504362v1_genomic.fna	5328610	bd4e2d77d893d6fc3da2711c0a07b01f986c3b45ee29246eed7f46ac705c01b0	ncbi_dataset/data/GCF_005043625.1/genomic.gff	d39fff6dc522c5536e1286d70bbcbf6ecfc7727e6f3763af469ab33b5958f18a	ALIASES_VALIDATED_NO_TRANSFORMED_GFF	canonical_objects/GCF_005043625.1	canonical_objects/GCF_005043625.1/GCF_005043625.1.pansn.fa.gz	1498035	61d0e151988a02410e532d4f8712c67ec94fc51d14e985a081029fbe52d33446	33555c084910c9bff0a001652875a3f73b821f44fed3b896c1d4a658695490d7	dbf189a21fef7cd0d67c7a5a69467bcafe6496f54c43de6ef363e721f36244c4	a5994aa5b5239808c6a19013b914e78b00076586602a5027091b833227eeafa7	0a7d0148823dd1b929498d289834b053b219823acae9d6ab6f4c7490cce9cb5c	11db44d328403abf48ef9ac9c47ad79130c73dfba3860c86de2367f5afaba35e	143	5247426	INSUFFICIENT_FOR_RANGE_RESUME	.	.	1	0	2026-07-25T00:07:23.757344Z	ea810483b68c074ac0e8f5de29fc2c7d13193b3931b32a0c42028287f1a9db29
40	asm-v1-d8e1422596935b944b73500f	GCF_902163565.1	EXACT_VERSION_RESOLVED	VALIDATED	source_objects/GCF_902163565.1	2028078	806a70c3434ced60879dc45285fde6644fa46b8a234390f986bccef1e99eeadf	ncbi_dataset/data/GCF_902163565.1/GCF_902163565.1_25964_2_136_genomic.fna	5251926	75b31386bdd2ae8124b12b548f8547c20aa503e617a213ad59b4c9b7bf6620ad	ncbi_dataset/data/GCF_902163565.1/genomic.gff	7699dfcf3ede10fc753a06f9117a37398092824a512c823ed7b9dc5a0438d83d	ALIASES_VALIDATED_NO_TRANSFORMED_GFF	canonical_objects/GCF_902163565.1	canonical_objects/GCF_902163565.1/GCF_902163565.1.pansn.fa.gz	1475484	8f7413f8aaa8ca25cca7bfee445210e577631f85a684fcebe337a58e29bce745	901f6c75f04238de0bcd2967708e047d6144920cc1b2be86894115101b6327c5	b6b13bd8a81ab51addc97a84700e10054852b8db80a90b255494e0d06c6cb3a5	77ddbe9bc18459bc9acb7657c032f5c80aba861ee518e71641592aabe6b8a917	c074b2905fb115a404b76e481226eeb9aa3443173b50757198c74a526e07d68d	7b139405f84b1fde78dfe1bca6ca31170e8f42947f8bd91bed0b4be60d42845a	209	5167787	INSUFFICIENT_FOR_RANGE_RESUME	.	.	1	0	2026-07-25T00:07:26.589308Z	a1902751765cd59aadf434c6c8d37b5b55412ccd7e98b168ffa9963010b5005c
41	asm-v1-62a4d2082d3f90d6cb5304ca	GCF_006351505.1	EXACT_VERSION_RESOLVED	VALIDATED	source_objects/GCF_006351505.1	1920882	24308ca16914159ec87fa651b38bab67aadf28b2c711a6db7c2a4ecc58680758	ncbi_dataset/data/GCF_006351505.1/GCF_006351505.1_ASM635150v1_genomic.fna	4768060	0a907880ac12e5de776230c3208dc35bf0ac3766de1bc14e2a067418562895a3	ncbi_dataset/data/GCF_006351505.1/genomic.gff	62265bdea9fc899549709ce76abc529cbc794baba41566177e12185d221c79c0	ALIASES_VALIDATED_NO_TRANSFORMED_GFF	canonical_objects/GCF_006351505.1	canonical_objects/GCF_006351505.1/GCF_006351505.1.pansn.fa.gz	1357110	2bad354c45ac1025b88da5218c71ff44d5b7543830975d6a49f877449489b565	323fafbffd12600d86fc44c354b74447e84fb7a8fdc700ce1634db852f183302	60f61cf124b9c58cf258a9ad48e9f240554a5aaf339c47dff1d552c4198d6b86	5d39e6d9be865483f97be76338809f4c936a00f992a9ad543cf97efd5167b783	44d0a2b3b2906a920ac99f23f6d963df57031607edbfed55bfb8dc4eb8d1e326	cb14463d554e08a8f9b9279b4c3f354ee24f90cadec34dd05e977057e34d3ad7	558	4644516	INSUFFICIENT_FOR_RANGE_RESUME	.	.	1	0	2026-07-25T00:07:31.034301Z	b84daf7413512b8c9230b7e0206c988666b29ccc17c1ce97a483cffba4fb6bff
42	asm-v1-4fad43b6b8ac2a5931873b95	GCF_005039315.1	EXACT_VERSION_RESOLVED	VALIDATED	source_objects/GCF_005039315.1	2013522	d7b86f38cc99e24d4b0be76eb99072411f8dbe01332bbdc208ed7fec5526d3ec	ncbi_dataset/data/GCF_005039315.1/GCF_005039315.1_ASM503931v1_genomic.fna	5128707	23cd19c337a11200d53b42925400072f4b31cd1c3dd199410ea5954af3715595	ncbi_dataset/data/GCF_005039315.1/genomic.gff	b76a0f59008e17982207dd57ebfc2718023a1275049c8b71e76b702adc5a2080	ALIASES_VALIDATED_NO_TRANSFORMED_GFF	canonical_objects/GCF_005039315.1	canonical_objects/GCF_005039315.1/GCF_005039315.1.pansn.fa.gz	1449078	0798afc80646774c596c0d89465b8fe96e2f7635ba2ac3edbb380e73a2c52d9e	2b87d1d12b421e62e04f1d6d3102b7d70dc7e4a793f5719744fefd7ac0bf5363	3c4b1f1a4e2c9c78cc1a0e5ae66914d5868b14be1c55eaacec7f0f10dca7a1e3	eb4e6b543e5638e41c5b160d5b46bfbf742300a54996ff01838413b301326d19	f6b0dfc08654ba004ee57b1043c653016af36b7d1312a0b32cc23c9150f7af67	e5650d2664905e9440cd8bb5e4d16979dcbf8f3bac41cf5809102d610d51143d	117	5052530	INSUFFICIENT_FOR_RANGE_RESUME	.	.	1	0	2026-07-25T00:07:33.426506Z	0eea280f666b3bd3bd0bffaf1bdd9cb2a862e49ec947525bb658ea4c3e5fae13
43	asm-v1-ef21b6ec0b8c832cbedc2d93	GCF_005384385.1	EXACT_VERSION_RESOLVED	VALIDATED	source_objects/GCF_005384385.1	1961779	a41399d302500082c6a0c2d0063413e1ceecc1a549a494a30baf5d0b08fe4627	ncbi_dataset/data/GCF_005384385.1/GCF_005384385.1_ASM538438v1_genomic.fna	5052188	7a512d5d8e89dccb87907d0c164057f3dd15ebedcb7087141510fdb1ca75e521	ncbi_dataset/data/GCF_005384385.1/genomic.gff	be409cdb15dc526938588162a4ca2c55dec6abae4cd56655e7bd1a002fe1f2b9	ALIASES_VALIDATED_NO_TRANSFORMED_GFF	canonical_objects/GCF_005384385.1	canonical_objects/GCF_005384385.1/GCF_005384385.1.pansn.fa.gz	1413709	031c9100e875e7e94b8b31282cc387f773a6eb551ea98655de9e69d7b4e7f3dc	ca8423a7e98c917c4e8b32a899183e242f5cc1a09b0a932af6836ea2d9dcaf0c	723646127cdaed69b7e07cae291183602abdcb3ac0ccdf815572441dc60c6903	7f469cdf7b28b71c5497b07d9ed874a6789cc0d729e6014e304491c072f170a4	80a576d7e783c05d9c682be82c91503df960e69204aceda54697015a665f5912	e8bad9c78071bff617dc578a1fdd1500cd456e0bafac1de39bb40fafbd62e633	70	4983353	INSUFFICIENT_FOR_RANGE_RESUME	.	.	1	0	2026-07-25T00:07:35.735749Z	99d25b23cf149fee2787c7d64bf1b2a27abc4b357cf5f2e4447cc255234a041a
44	asm-v1-dcfffc170c5656770532cfc6	GCF_016530465.1	EXACT_VERSION_RESOLVED	VALIDATED	source_objects/GCF_016530465.1	1960158	22d759aca7501dab6c54109d5b572187a8ab89cab0227bff281489b60e22d984	ncbi_dataset/data/GCF_016530465.1/GCF_016530465.1_ASM1653046v1_genomic.fna	5011733	f77043fea6ffd0d7351deb8e98a79a3abbcf1f7cfb82a785e215524504468fc5	ncbi_dataset/data/GCF_016530465.1/genomic.gff	1423ecfddce77ced8321d0545cfa41a651258ed1a4a1dc6b0397200226672c20	ALIASES_VALIDATED_NO_TRANSFORMED_GFF	canonical_objects/GCF_016530465.1	canonical_objects/GCF_016530465.1/GCF_016530465.1.pansn.fa.gz	1409357	b707e6aeacb8a1955ef91282db6bc6587a2977e27a6cf931a6225a3cb5844b04	d87ccf4c783d319040e50c7d3f00c984c4bc9abdb9736a5ba678a28223ee4eb8	8e2047ce6a1ff3b7877aa915a884a9d19aa45797e5b2e0e3c3f92119f7edab00	62c1536cebf239f13e64943a4e247e85561dbe5a42ec9ffac8b5dcac2ac7718c	6aa9aeedfdc933c886c0346d92699af07a5cd5ca27d49069525efcc917121252	082dc7a1b748869bba9743ad4babfcefc9164970cf73e3f63dda337245466733	89	4939634	INSUFFICIENT_FOR_RANGE_RESUME	.	.	1	0	2026-07-25T00:07:38.067769Z	e1fe67c5f0c5cffcc376d7b410e94eb8296d8803c0282a3bb219c25489fc3dfb
45	asm-v1-9791d16f22febb6a4da01cdc	GCF_002152015.1	EXACT_VERSION_RESOLVED	VALIDATED	source_objects/GCF_002152015.1	1925314	5ebcff979135ac7fa14d5cb67ea7b2c179b5ae40cec9a2c913f1940f59253cdc	ncbi_dataset/data/GCF_002152015.1/GCF_002152015.1_ASM215201v1_genomic.fna	5117090	45ecaf33270cf96ab8a7f0826c9a65a6dd1bbb534c274a5d8284c677339377eb	ncbi_dataset/data/GCF_002152015.1/genomic.gff	ffd192bce8ea6c45a5c800589dd6a8df01177fbc051022016cfccad771295e73	ALIASES_VALIDATED_NO_TRANSFORMED_GFF	canonical_objects/GCF_002152015.1	canonical_objects/GCF_002152015.1/GCF_002152015.1.pansn.fa.gz	1391182	3884a382474c6e7ab341a9414f2465b754915974b0a19dc7ca8a0bb4eff0c895	906eaa921bd9444645b705805a0d2180ae6c8129a4133a5841620c34ea29afc6	e3f95384438d84494f8e94993852bc783b9651bad7358adf88063fe4aec2a35e	3fd59847e218d94bac8bd4b3acfe4dc09a3c2c6ba4984722dbc49fac579c5c3c	d23810d99092d8df1a3395973c719848323b4f5939b78df3ceacded08072c332	f5f9e8d0372e244876e2761ff551a4347481813cfbdad42530bd2120c14198ea	21	5051955	INSUFFICIENT_FOR_RANGE_RESUME	.	.	1	0	2026-07-25T00:07:41.209833Z	00ae143df1b5aef2f668a347694ec0864399ff1cdb6d574726746c3616525569
46	asm-v1-0e401af1329ee20675b75db8	GCF_018344735.1	EXACT_VERSION_RESOLVED	VALIDATED	source_objects/GCF_018344735.1	2047312	2643b637da3439b461fe00e9d6d5303bab79712cd822e5c518c4e5aeaa54e54f	ncbi_dataset/data/GCF_018344735.1/GCF_018344735.1_ASM1834473v1_genomic.fna	5246351	ecc64626ec2924865b79611f9d757ea805f692be480c0b9e15590981ef2d51b4	ncbi_dataset/data/GCF_018344735.1/genomic.gff	b9abeaf522435142669e14b0ed43d4ae6b8c7c0042c3d74941ad7cadd6b43859	ALIASES_VALIDATED_NO_TRANSFORMED_GFF	canonical_objects/GCF_018344735.1	canonical_objects/GCF_018344735.1/GCF_018344735.1.pansn.fa.gz	1468680	245e6e9eeb951604de77d53fad002feeb824b797761aad11b1ee1d3453e0b477	aa5d22ecb540ff5010b25ddc4ae760501e4b346477464caf65707c94598f4c3d	4862a6106e9f823cfc8e948d75aa1b0d26e047fb9504370a1b7f5f820e2f0c8a	24b191c7b976fae4217328b7c768d10fb7b051d1406d571ee6c95777a88aaa26	e5fa5d5f2b698ad5ab039644229c445b446bef41358fc72ac7fc90367db1252b	66a2c9bfa2f8ede7a356124bb32fd281e1e6aca17a32e67a8a20100dd090116f	105	5170649	INSUFFICIENT_FOR_RANGE_RESUME	.	.	1	0	2026-07-25T00:07:43.635440Z	9c10a5942874782e432aa7317c03c0ac3c5f9f811e85f38e2e091b7e13a83018
47	asm-v1-f8561f5b15e76623fe00d768	GCF_002513625.1	EXACT_VERSION_RESOLVED	VALIDATED	source_objects/GCF_002513625.1	1957321	2b7038301fb33e008e6f9fba716f13bc3759e8c00d1e7475157868f7fe5551b3	ncbi_dataset/data/GCF_002513625.1/GCF_002513625.1_ASM251362v1_genomic.fna	5051992	34c993a6918536684cd6a434ea4a016da221dbbbed7e1622b447b25beec2ca74	ncbi_dataset/data/GCF_002513625.1/genomic.gff	da3878b143eb706f619fdd679c592349139c21e7e1271c7261a210f3c9fbb1f8	ALIASES_VALIDATED_NO_TRANSFORMED_GFF	canonical_objects/GCF_002513625.1	canonical_objects/GCF_002513625.1/GCF_002513625.1.pansn.fa.gz	1419021	e42359ddd3dc39b31065439eeb744563f40eba2b5116b25f317de65f57be6421	ed3fda238850c21a5812f094da8e40b1a25787911470ab791d9ba8ba77ba5d2b	540b611f5d4b7600673e5c6b270fcf42c44e6f5f35855c6319474b4bdbf3dc1a	d5c49d67e0472039484593c187c4f887201d89beac47099ce10401327343050e	f22a33121733078a27d5ed1daa29a0a7a0b4162162450e06d8d1259a6fa28b1c	4eb2b9dce42859cc58e84bfcb108b92e6ec33a185b25fe35745292bfad922db5	83	4979652	INSUFFICIENT_FOR_RANGE_RESUME	.	.	1	0	2026-07-25T00:07:45.914934Z	40e351adf23a08db893ef6e0b288dfbeccbe796d45757f022aaaa6d2b593a565
48	asm-v1-9f5f3eeb65f0f80afca90db7	GCF_002229025.1	EXACT_VERSION_RESOLVED	VALIDATED	source_objects/GCF_002229025.1	2031349	3c343303f9a10cb0ca5170eb015ee88e233e2cad609b91422a7642cccfc81d6c	ncbi_dataset/data/GCF_002229025.1/GCF_002229025.1_ASM222902v1_genomic.fna	5200166	41131d6f371886afb57b0f86fc29df3d4f04bee43e853f1144e4cd85daa45989	ncbi_dataset/data/GCF_002229025.1/genomic.gff	c5001a6c4d6539a78ab6df089f0ef174ccf936ef210bc37e57e5432b4b04e998	ALIASES_VALIDATED_NO_TRANSFORMED_GFF	canonical_objects/GCF_002229025.1	canonical_objects/GCF_002229025.1/GCF_002229025.1.pansn.fa.gz	1467938	dd5bd2fa1a7768ab6697ebc9ee9b246f1f0dc34866f96973af7486ba18a71220	734a84dfa8f08149fbf1fec0e3bd8e79b49f3d35e23529232137b80fcb784c0b	2945e250434ece7c7741fa72bb3916ded612fc9951a6748d855a632281153c06	c44526217f5172f20360d39be7677bc012c59f38af47fabac1658398d9fe4dbf	c73abe7fb3369eb6c7a4479dcb1324f1b2391c09b9bc651eb0fb92230e4eff0f	114a0d20e322c3bc095d091b422b86876071a839680954fdb6466874eac5cb7c	172	5114588	INSUFFICIENT_FOR_RANGE_RESUME	.	.	1	0	2026-07-25T00:07:48.401415Z	541ef49df86c3d314edbf1a57c26530eedd5c2af3bbcb2b915f7af9801bd9a43
49	asm-v1-143198d8a00e3d1908061cae	GCF_000778685.1	EXACT_VERSION_RESOLVED	VALIDATED	source_objects/GCF_000778685.1	2009830	4b087b1f19caa05cc8e2459addb556d3da4c4f65c8f5a4e6237d5b2dbbee4695	ncbi_dataset/data/GCF_000778685.1/GCF_000778685.1_ASM77868v1_genomic.fna	5226699	26f795272cf849902141adb132436b2dd93ddbec250eed7b8707dab80fcc8fc5	ncbi_dataset/data/GCF_000778685.1/genomic.gff	2481d777855153583a73ee7c181b055a40a32fb88da0defa93aeccd8fd28f530	ALIASES_VALIDATED_NO_TRANSFORMED_GFF	canonical_objects/GCF_000778685.1	canonical_objects/GCF_000778685.1/GCF_000778685.1.pansn.fa.gz	1467383	2fde4696aab11b4e790e46869ca3cf6d3a0c963a06b5d6b1b55a66feeb7af414	a924de97d80a6eb02c203668c57aa7bd3635a526421e06c967da40627eef5464	98586a0c77ec6c9df7acd2567f55aff8b73fa0104b9bb25fd24ff3192a4f38dc	96430608e9330f14b0d25e97aa5d5cb45f941c936306c2aa64fa4c01d48c59f8	7f55b6a2ec6c457a79e7d1cc351f2c12d0ff6e61a9f17052cb2a3cf0191012fc	7b2be4d02ba478b0f693da652f1c96278d3c87efa2390afa0bd637245aec3390	91	5153084	INSUFFICIENT_FOR_RANGE_RESUME	.	.	1	0	2026-07-25T00:07:50.547003Z	3f05fa8923a7adaadc1e37cc499d91f51d0a430bb3e659afe26da422099290b8
50	asm-v1-26091108e767413baee190a2	GCF_020037245.1	EXACT_VERSION_RESOLVED	VALIDATED	source_objects/GCF_020037245.1	2116087	abce850ea61f1b1addeade334569ba75e74d63286ad56c41ab7b7e2ec1e96189	ncbi_dataset/data/GCF_020037245.1/GCF_020037245.1_ASM2003724v1_genomic.fna	5367373	d8f00707c2d5958f7bf517b8f2e74a8e8774d2ea965a9cbd5539ee0ba4e37322	ncbi_dataset/data/GCF_020037245.1/genomic.gff	a71ee6d55ec67e63aeb3fe922487fe3617e590198b25001c34c70600e10810f8	ALIASES_VALIDATED_NO_TRANSFORMED_GFF	canonical_objects/GCF_020037245.1	canonical_objects/GCF_020037245.1/GCF_020037245.1.pansn.fa.gz	1510987	1ed62d1cf8c89a897045c37596fb9ddb77ffadda754bd23429a5c5f94f6a52a3	dc3621f9fad1f2c2675c68d65ad9d5aebbb950fa0957a62acb3117876b33baad	65dd07bfc4b891a8a00dda4aa0b8414905144d34289b8f7bcbc7ea2b0dc21979	f8ddf2fab13949f6e14a789f9a95282adbbedc25ae0fc4fbb7881df4c0747126	50b890f36948c9d0873041affa16afd890ec10baca6f2ab7903a5dfab4f755c4	c01456e718dba8f6f87afcf9637308c11e1420e0ad04dec4f77be72758d9d2f4	292	5266223	INSUFFICIENT_FOR_RANGE_RESUME	.	.	1	0	2026-07-25T00:07:53.671491Z	e8dfabb8b8cb53a795dff884d093710a5bc8191244ee1e2069c3886b74ade4cc
51	asm-v1-1009a57e9d5acb3b90d6791b	GCF_003731035.1	EXACT_VERSION_RESOLVED	VALIDATED	source_objects/GCF_003731035.1	1952242	ec35fbcc1ddcd6dd6a909d138703d8355ceda172275a969d62122c616fb4a4de	ncbi_dataset/data/GCF_003731035.1/GCF_003731035.1_ASM373103v1_genomic.fna	4970522	9c1e24b46fad5844b1da4021e3c1eccc31074917734c2c015da4a4dd2a51074c	ncbi_dataset/data/GCF_003731035.1/genomic.gff	8762889d882efb567c09137bd36b9149c62c386a2e69e8c4b77f5f4dcdd1f724	ALIASES_VALIDATED_NO_TRANSFORMED_GFF	canonical_objects/GCF_003731035.1	canonical_objects/GCF_003731035.1/GCF_003731035.1.pansn.fa.gz	1397048	81d567ebf963fa5e87207c5f374f1a59fd22bf1a35f4aeffdc5a39fae4f73ad8	011b425144a3fb8d4d360fb52cdaf282ade5ee5d32995b25372a525a5c015caf	aa0fdcd6ea6fdaaa6c0e7291f56ef29e61295cdca11c33200990f38bba5b3cfb	7be0362492dd0c14277a41f314539a0e13744fdd13feb1d7bb48db2dceed59bc	2ea21e4ff0dcad74a452ae7837afa0db9bed8631571a8beed727b5125d60b847	0096ccdaecec9607176f443078e137bb8a782d9ac36504c7583da8e133c3b27c	89	4900505	INSUFFICIENT_FOR_RANGE_RESUME	.	.	1	0	2026-07-25T00:07:56.402018Z	fb7d83a1aba6b6e84cfd19896b4c17ae67b04e0ad57102f2afaba8bad6b062ab
52	asm-v1-c5fbc3318d26f8606d4ee374	GCF_000326585.1	EXACT_VERSION_RESOLVED	VALIDATED	source_objects/GCF_000326585.1	1982498	4083c3e11d13411963d174e86a87b980bbe3b68682fbce260231a4eb57d50435	ncbi_dataset/data/GCF_000326585.1/GCF_000326585.1_Esch_coli_KTE113_V1_genomic.fna	5097193	0365bad3d9bfbe91df32ee475e1e2762fc1885246676c5c561c7be5934981288	ncbi_dataset/data/GCF_000326585.1/genomic.gff	00147a952d9e412e441ebca15121a8dc5d465a7ee74012eed42d1e2b3452f45c	ALIASES_VALIDATED_NO_TRANSFORMED_GFF	canonical_objects/GCF_000326585.1	canonical_objects/GCF_000326585.1/GCF_000326585.1.pansn.fa.gz	1429525	a2761a5bbf007a868571ff43ecb89e9c42b6e4891aef397a40e79807ceacdc98	4605219c4c84fab1441e74a66a6d8f51ccd4df1fa4b8188bedca2f73d3a669b5	4b4604ea055de270206f6e64a0ef28a8a8bfbbcfc2b12cbe7304be972c7033be	3e786ef75206242cff567262dbaf9226fd63f8b8b59952fd4d62a0179656312e	b05b4b964be941a66b84fc15ad1c1f156cd3e0979a32eb7904671b6b31ddd481	4f7d62db3073a6178b851a7eb0109f42195dd7cd491429f18cc7b99dd69a3766	87	5026156	INSUFFICIENT_FOR_RANGE_RESUME	.	.	1	0	2026-07-25T00:07:58.723160Z	13cc86001060df5df796f6cdf66586a2c79f360a59659d2fdfff3872ec921283
53	asm-v1-076733fb9cacde0985dcd995	GCF_000780535.1	EXACT_VERSION_RESOLVED	VALIDATED	source_objects/GCF_000780535.1	2076623	bd1799a188c298a467bd2d7d228a9a33344cc36d016bcd320ebdcc7530062a46	ncbi_dataset/data/GCF_000780535.1/GCF_000780535.1_ASM78053v1_genomic.fna	5358869	89ab969ecab08c3657e26f2938e26274c0b9a239b897237d3737e5ad47819dac	ncbi_dataset/data/GCF_000780535.1/genomic.gff	5ecd69132e870d7c6bc4f03e74572f230f059540a73e6c43eeb16d0b43d5767c	ALIASES_VALIDATED_NO_TRANSFORMED_GFF	canonical_objects/GCF_000780535.1	canonical_objects/GCF_000780535.1/GCF_000780535.1.pansn.fa.gz	1519323	87986dc6985e019fe5c05bc10f7384317e50e5aab4560e4859b9df3d6c5fa1a7	3f9b831d8829feeb3d6356c170ac6b74f056c7e5344f57702481236c519827a9	6036d8246b4d6e1b4ce43f13998de44d7b860d9140390a9ae45988159cbf80f0	291efced21f4fb08eb9fcb9be140d923d5ab71268ab7925e53f710d422b1132f	c4cbf78fc8b2f8ee6768e0eea09cc316cb51ce957c46f3734e869f3f6c66c813	3cee65c2a8b486dc14ea07398f5ebad3055a2c10087c200c317f6402722b16ba	131	5279574	INSUFFICIENT_FOR_RANGE_RESUME	.	.	1	0	2026-07-25T00:08:01.335658Z	993ab1493278ad11d6bf83007f9e8b2e9340c464fd4f234c8a1473a9779e6d49
54	asm-v1-9577d304b0441e1eebff2e03	GCF_003570445.1	EXACT_VERSION_RESOLVED	VALIDATED	source_objects/GCF_003570445.1	2030185	cc0669192dab7ba709e0d4ba11c35756a97b0781260e082a5409ae531654ca63	ncbi_dataset/data/GCF_003570445.1/GCF_003570445.1_ASM357044v1_genomic.fna	5028784	b70866d7d12c1b734cc5f750eb05c0a37139a85b6f7ebedd39f4e638b0cc4908	ncbi_dataset/data/GCF_003570445.1/genomic.gff	0e45f8ab9f27e96e323c94d6998ee4bc93d1fa84876c3c1d349404c5ce4f142e	ALIASES_VALIDATED_NO_TRANSFORMED_GFF	canonical_objects/GCF_003570445.1	canonical_objects/GCF_003570445.1/GCF_003570445.1.pansn.fa.gz	1431454	a4698771a33014226e977896d45dbd953c34f949c31eec80430489e67be17431	91a62585fd20dda5e77035e66dd8c6324066a361fc874936fcc73a588566fc07	a4113322accebaea8f4a373607527273bff6272372c1c4cc8aeaa386e3121075	3c9c3f65e9f25abb7adffec53e7c1c1ed86a57ea6b0772bcdbf8b21c8b74a62b	0a025881518f75c793714f26893110c8049922d64bc7b0e7d8f0002490246725	48e0885b8769947837e888e6ce646167efd7d66c199fd1a6f3f58baf25de6ee7	382	4923554	INSUFFICIENT_FOR_RANGE_RESUME	.	.	1	0	2026-07-25T00:08:04.870798Z	598b389cae3f5bcff07b9d1d204b05cb08302162c8a99a1cf5b4dac33cf88f60
55	asm-v1-0d112d76668f2ca96d2d62e5	GCF_000447005.2	EXACT_VERSION_RESOLVED	VALIDATED	source_objects/GCF_000447005.2	2012550	1a79cb82daf358497aaa73edba886768be363bbc5536e6b995a11e7fbb1e8385	ncbi_dataset/data/GCF_000447005.2/GCF_000447005.2_ASM44700v2_genomic.fna	5098084	57308f2d12e8dea08fac95e1bbf2358f3f1963e951e4724b887ce8075c2aae3c	ncbi_dataset/data/GCF_000447005.2/genomic.gff	d72cf3e58f658a0876571b3f5f9439e4be80d811a3cbfb021d51270fcbced368	ALIASES_VALIDATED_NO_TRANSFORMED_GFF	canonical_objects/GCF_000447005.2	canonical_objects/GCF_000447005.2/GCF_000447005.2.pansn.fa.gz	1438509	97cca4c362933a9a178af9d93a7907a23710c76fb68894f7e70870300ccc5e69	a404e783b71e55c0e4fb6d0923b7a952501abae146f2e4485c0e4a8584b6a182	d659aff8a0e0c321d72dc2bcbea897f2942e015b74522f42951545bec80726b3	6a8bdb6374fbbf47292c1ffdbfa439070ae9ff452058ea5901ab1cd83b5328fb	9c888ea76dab9e3398c44322424c21f9e73f06aa9a80b49667dfe487f4de01a4	d9ed543cdc7319c1f28d4a4d316e8b2b69e57bc6aea41c914c4d5a5f913ecd7f	301	5009245	INSUFFICIENT_FOR_RANGE_RESUME	.	.	1	0	2026-07-25T00:08:07.956709Z	ffd8deb0d25ee566590c649828d0595fff78e0667a0e67c489993a11b0d11b32
56	asm-v1-651bbd15909672553530f486	GCF_013073765.1	EXACT_VERSION_RESOLVED	VALIDATED	source_objects/GCF_013073765.1	1941191	c329da9a593eaee1777941073e26c28b57c3cc92d34ebcfe75ea945a071d55cf	ncbi_dataset/data/GCF_013073765.1/GCF_013073765.1_ASM1307376v1_genomic.fna	4948750	d3949c2d0ab2e586dab8fd5f59709c59b4ac7a23d3b0a005c7769616f4ea25c6	ncbi_dataset/data/GCF_013073765.1/genomic.gff	d5cd4c19527c66cdc3ef761c55b4c2187192a9dc6de99a62706fe259a3a023f3	ALIASES_VALIDATED_NO_TRANSFORMED_GFF	canonical_objects/GCF_013073765.1	canonical_objects/GCF_013073765.1/GCF_013073765.1.pansn.fa.gz	1392729	9d903ca310cecf42c29d46202027bf955ea7bee61a35d5d87da1a0802c17fb63	034fe975ec57388d3c40bf88457a47029b95535b579529bc66cd17dee4c12c19	3d111ec9a158f7fdde6a8a623f85bff07d0850a4731ccb4ad74da982a730cbbb	5a0e6ece8201a850e757242434423c6251c5f13a3b8e07d937bb87208b7cc989	3caaf448856df3d63ca7cca202436a4c9c49c59cc3e3feae81fbdf254e0b98f5	dcade2bf66e32f22d29dcbb86064d6b53bfcaa84a382f8bb2fa392cf60bf8a5d	122	4875890	INSUFFICIENT_FOR_RANGE_RESUME	.	.	1	0	2026-07-25T00:08:10.385669Z	bdb6c65da38fb3c5b8eb02f06d3b14d53c4fb08e3b257b7c56037eea0eb873cd
57	asm-v1-d23ad41de9f39edda98054bf	GCF_005041275.1	EXACT_VERSION_RESOLVED	VALIDATED	source_objects/GCF_005041275.1	2115892	0b3fbe5471e3ac61c5f4a6cf8d1ef505f14f8c1cf7654149b0cf5a8257be5130	ncbi_dataset/data/GCF_005041275.1/GCF_005041275.1_ASM504127v1_genomic.fna	5380225	3a55f2433eb70f6dc79eddbda9e43f265ed58326319a58d146e0c38931337efc	ncbi_dataset/data/GCF_005041275.1/genomic.gff	632de9b532c64c5d1dc86a1e2c0738b30ed45987102f2a47d72fcc125238e950	ALIASES_VALIDATED_NO_TRANSFORMED_GFF	canonical_objects/GCF_005041275.1	canonical_objects/GCF_005041275.1/GCF_005041275.1.pansn.fa.gz	1517627	530b7a763dc96cd441501da3ec88d76812ed5910129a58ac0e5605f383cc5b6e	56674343c89027438296ece83283f67e77591aadada178990a07949b4711b327	979e0d5ae640c0ef65a090b93ad4f5a3718e841998fdd1c33c02ca29b266a18e	5c49d8c1a9e2921728c0b0b7bce078ecead0e24a3f0e8337060704f23d0e4b42	ae6130eef94063102f51ebeb03847775eb1455df23dcb42d87c9ac00ba6c63b8	ea86c3f4448761b6ffade6d1b19fea9678ed2e1e8778a805d7c3104c68dee2bd	145	5298328	INSUFFICIENT_FOR_RANGE_RESUME	.	.	1	0	2026-07-25T00:08:12.993251Z	050702076a1c0174b53929ede9b441f6cd8a339cd8cc92608e0b719778001848
58	asm-v1-78de2c22a7d89d63d5d4271a	GCF_014862465.1	EXACT_VERSION_RESOLVED	VALIDATED	source_objects/GCF_014862465.1	2216879	5da9e9ee47f391a1be3117aa5c72826ab9168f4cef05e6aefaf1c39ca335fa0d	ncbi_dataset/data/GCF_014862465.1/GCF_014862465.1_ASM1486246v1_genomic.fna	5602791	0403b3cec7eb093186b968af87310935025c9f04e7b3a0c8c89252d036aff63d	ncbi_dataset/data/GCF_014862465.1/genomic.gff	129c853a1e09ca15b582fb0fbc61180699cffd67ee387cd6663ee8a9a13cb9a8	ALIASES_VALIDATED_NO_TRANSFORMED_GFF	canonical_objects/GCF_014862465.1	canonical_objects/GCF_014862465.1/GCF_014862465.1.pansn.fa.gz	1565467	27dce9f8fc6fc7e0d54234eb7bd53231468e4ab142647ae7139d2d475323a18f	3309a057c8b258387165045cddef9767926e9a4946deff74e4beafb8c996fc0c	d37c51e80a77a285470b13e3fa34f48494377e555b1f3f088c0621414ea4d362	57e38ef939ea29b453f9365f14c738f907c13c0fa40f169bc3e431d26cc183f3	b43bd738d32e940c7d695fafd8c9b573bb737de7ffaea4c8f284fc6f89071718	1f2aa748188ea04fd59e187e707c94b4142b5e92ac97f5b98487e9fed6458432	611	5453201	INSUFFICIENT_FOR_RANGE_RESUME	.	.	1	0	2026-07-25T00:08:18.040956Z	9e38443f04667338237ce3447d4dfa3bc359ca0387befc5cb9752729b3361dca
59	asm-v1-1ed2c2f97484422a21c26931	GCF_900195795.1	EXACT_VERSION_RESOLVED	VALIDATED	source_objects/GCF_900195795.1	2177892	7029cf30980fa62a7524b5996a28bbd12bab09dcaa06276065d9a00ebb14e49e	ncbi_dataset/data/GCF_900195795.1/GCF_900195795.1_F2_5_genomic.fna	5455956	16b8c72b4774bb0bc680ecf0fe5e130b4e42a8586b9fa14ca7374a6f72e17a97	ncbi_dataset/data/GCF_900195795.1/genomic.gff	d113acdcf9388b676ca1cbfe559c79f8890a747b9c93d560d92716cc6fe0b983	ALIASES_VALIDATED_NO_TRANSFORMED_GFF	canonical_objects/GCF_900195795.1	canonical_objects/GCF_900195795.1/GCF_900195795.1.pansn.fa.gz	1558891	cf5d79a87d0fd0052aeab5bde186aa44417379eea777238774e8d7aacc603cd7	771e10e76bd690294e37f5833ce930ea1a51c225892f31cd281d13f7baf2b079	831a272c7ec9977116a7a78bb2659c16651128fd43d1534b020c3b2cf3423039	97cb274b3e4760e3f6ec74ace04ad871ca9e077b29369836bddf1d08cb9d321a	ab9f4872688ef2c0ba8e1969e86faa7b16a4d98df5891b97bd221dae55384ef9	241c133480b17acaca368d195b0e7e99c1edbae481350f53a83fdbfc9498bf73	595	5341293	INSUFFICIENT_FOR_RANGE_RESUME	.	.	1	0	2026-07-25T00:08:22.961830Z	e5fe49df0b64ce7605bd1822fcdc20ef16f0eece54e1aa36717e555b175622da
60	asm-v1-18ed471aa5e0a0b0ce6eaac3	GCF_014878375.1	EXACT_VERSION_RESOLVED	VALIDATED	source_objects/GCF_014878375.1	2111007	a721767813bef38b694a5a04ec1eb88585b9f014875ed01af73fca2f4da2fda8	ncbi_dataset/data/GCF_014878375.1/GCF_014878375.1_ASM1487837v1_genomic.fna	5386363	2c2c56c525c325b1cf8686a4242e13764eec03ab77dc67583a3e0d964ddaf599	ncbi_dataset/data/GCF_014878375.1/genomic.gff	bb6b1f3d71d0ea8f70e89c39c114fb1ce199d773b4a8d12a5c363e3d96c9529e	ALIASES_VALIDATED_NO_TRANSFORMED_GFF	canonical_objects/GCF_014878375.1	canonical_objects/GCF_014878375.1/GCF_014878375.1.pansn.fa.gz	1518837	6f8fd11d91985707c0c5f4dba8308232d541278a2aa6a0ef52ed043939b93bce	23bdaef19ae4876d3f1120f50c491d3227b2784cf51841d2658dbb195f894a5f	05e0042ecc172241f55095c0178bfe9d17d937f892f0ef39a9269affeda11767	e54e6c4d1240b490d07b6002c8266506bbfbe890e81b9b8fdc9d6508184e63d2	5e67e95bb444a9e05c48b5f855386f51c3a8b88f65f0397b8c80b42ef6d1638d	428441a6bd95bb65c4e8cff75fd9c009989e920a1f45276e0ac7fb584405d582	181	5304155	INSUFFICIENT_FOR_RANGE_RESUME	.	.	1	0	2026-07-25T00:08:25.525690Z	7a0d7fffb378f1d49765b6f71f7905dc65566998e385f6266062b76886992f21
61	asm-v1-336f2acfbe62b7b1a4830ea5	GCF_921293415.1	EXACT_VERSION_RESOLVED	VALIDATED	source_objects/GCF_921293415.1	2011037	f0bf2536fdf4dd9001c598072d5b9ff42ab8cb1f654367b814a6f279c4b43995	ncbi_dataset/data/GCF_921293415.1/GCF_921293415.1_EF0368_genomic.fna	5145203	d939f060d994f3edbee10a97ae3e8561a2ccd22209fc42d021b25cf13b30b301	ncbi_dataset/data/GCF_921293415.1/genomic.gff	59d01597149e0669001a94e244070c05d98e45db0e7cc897eecd36a870175191	ALIASES_VALIDATED_NO_TRANSFORMED_GFF	canonical_objects/GCF_921293415.1	canonical_objects/GCF_921293415.1/GCF_921293415.1.pansn.fa.gz	1449648	10b80e7993be5553fcf8ec40e6716a45be0d0cb0df18c5bc107fc47d452294f3	f5130377211b0c56b8953f376da441cb500960c2a7e15aa87d6e3e8241dfffdc	09024687eacb5eea29dd0e1605820497044f4a07a3ae252399d2b250c41254d6	ae390f0807ad759f1741822b2dc0782e3bc1c6e4c85a6d82878f2a534b877675	28d514f92ed33a236c8f607296050d26e4859ac8f0b6034e9e08063cd9a56590	6cc9005688c6dca002db4a22afab734de89891c1f5280f0b8b71d68c1d4ad0fc	166	5065368	INSUFFICIENT_FOR_RANGE_RESUME	.	.	1	0	2026-07-25T00:08:28.199558Z	b0488bb16a0e2f728af59ec3b9152c60389c498623c68b485bd3467eb3aa5787
62	asm-v1-bddc1aaccbace0b2820ff83b	GCF_006229985.1	EXACT_VERSION_RESOLVED	VALIDATED	source_objects/GCF_006229985.1	2091276	b4db7ac1304ce6cbb7d02ac06ceac3043c922f76301d8d2c7ffbc098a6f13700	ncbi_dataset/data/GCF_006229985.1/GCF_006229985.1_ASM622998v1_genomic.fna	5373077	41cc15f9e969ba755e08cef0f2ef6dec1e40db2f616842818d45899f3bb12ba6	ncbi_dataset/data/GCF_006229985.1/genomic.gff	990ea62eb32f483277a96a048d81659cd1e5ded8f0444e95d4780a3bc1168a80	ALIASES_VALIDATED_NO_TRANSFORMED_GFF	canonical_objects/GCF_006229985.1	canonical_objects/GCF_006229985.1/GCF_006229985.1.pansn.fa.gz	1511238	1dc4481b33db7e9e101271ed1ad6c38ddd43ceb8a9288b06cb2c2d3498955930	420ff09db5af68ccecef528c219a86e4b2f94d36bff5a064393f61c4afc004ea	a466fcaced15fdd46d0150ba07f3e89ae29566bacf1fa9dbbe1428e2a684b3e2	21fa96e3fdb7e90dcdc6ba07f151831d05b25fe8ff12e557c68290222c75f4f4	5abc49235515646102ecb6f8bb1df8863d844348b8d2d5540b09fa60cc8b4845	107b7cdc191cc223b78ac202b1df56e659364f5b0d70f9be51efffd8c0a60bb3	122	5292287	INSUFFICIENT_FOR_RANGE_RESUME	.	.	1	0	2026-07-25T00:08:30.584808Z	8c19f5a71a1c61e0ca83a5d5a37f210553d7d1fd95113e59e732e7db7485f09d
63	asm-v1-933e0d1ae268d9a3995122ec	GCF_005045505.1	EXACT_VERSION_RESOLVED	VALIDATED	source_objects/GCF_005045505.1	2154794	ac7ca05a49441e177614b630db5f50bca30f23aabc439c1bbd6b740c7c839608	ncbi_dataset/data/GCF_005045505.1/GCF_005045505.1_ASM504550v1_genomic.fna	5451786	d084f11fa64faea93b464afe0358d903fb161e1e84843722dd988c02b12e8d2b	ncbi_dataset/data/GCF_005045505.1/genomic.gff	5660832653a05812ecb3f290b371f32954680f986979138a5adc1bfd72c0d617	ALIASES_VALIDATED_NO_TRANSFORMED_GFF	canonical_objects/GCF_005045505.1	canonical_objects/GCF_005045505.1/GCF_005045505.1.pansn.fa.gz	1539526	432ff79d8b53b8ec6bc79389587bc2dc1c25c0b4eca7ca1fe56395a09230cf7f	0ecbc8cdd7187f7b533056dab70c8138bb6bafda518ccc48a3f5c107f8fd7060	87e2862f653bb53b020eb8ffed406da3397d183b0e1a813eb09faa8128a1478b	f5630574c6fe4735292edbe49c8649317ffa42373028eca9660bbe55431a2fd8	57f551877cc1ce359c8dafae52c932b48ac718d4f6d144f84a5257e9acd2e85a	771d5bd616b5c8fd9b966325a810b36c6a27477fc1109ea77429eea359f6d013	205	5362334	INSUFFICIENT_FOR_RANGE_RESUME	.	.	1	0	2026-07-25T00:08:33.474566Z	8c8882b4c8e27f7cd5c96cb3d669488cc9c65a254c63d160b317bce942b65144
64	asm-v1-522935574c5d69942f6c3e15	GCF_001660345.1	EXACT_VERSION_RESOLVED	VALIDATED	source_objects/GCF_001660345.1	1942947	598a38b54802dc1c853de0b7d7fe37e8e3a0359a2cc42cf1e3b909e151ab6115	ncbi_dataset/data/GCF_001660345.1/GCF_001660345.1_ASM166034v1_genomic.fna	5013058	45807895d021bd07d8d7689c7e96fca73bac42d629ee843a9e09d79d6fdae854	ncbi_dataset/data/GCF_001660345.1/genomic.gff	4fe7cf00124239ab3aa9889dfad2bd9331ebc4f90d94e2b46a7b738c5621f7ad	ALIASES_VALIDATED_NO_TRANSFORMED_GFF	canonical_objects/GCF_001660345.1	canonical_objects/GCF_001660345.1/GCF_001660345.1.pansn.fa.gz	1416079	c3eb519a638a1db8b2a75d318b41e8e79d2d9fe63d5b2bac584296c5092dbbbd	c69f79b215c3b2d19c4581cc0113cbdef037d9f7abdbcf4b48aa49ec8fb8374a	4a156094b91e37bacbdf392db7fa63c653997949b823a157de6b53bc52d7c391	6e66f402e2176b6029b436b7b75e5978d11046db2084b3a0bb1c09ce9b3c58c4	f5eb8fc24eb464e1120957401cc75ec94f9488830459f618bfbe0fac1664a483	07e86bf076240ab0d0e8a0aea609298d488aee2441a44fb966e4ec5dcf8b841c	96	4942407	INSUFFICIENT_FOR_RANGE_RESUME	.	.	1	0	2026-07-25T00:08:35.837387Z	75cb39e57f5fe4e02dba9efcc4637843ae73091da91d1d56884b6e2688f31371
65	asm-v1-2140f13568d46984b220b119	GCF_020162695.1	EXACT_VERSION_RESOLVED	VALIDATED	source_objects/GCF_020162695.1	1911931	fdfff231b88819a49784aebef3e95175f9c12c01fb25e9b5b7c9b6ed77f820cc	ncbi_dataset/data/GCF_020162695.1/GCF_020162695.1_ASM2016269v1_genomic.fna	4909473	54dbbbaff4a19463f3d3a6c08c070272219057b18ea07bfc96bc49e756d34602	ncbi_dataset/data/GCF_020162695.1/genomic.gff	c5c68a169cb0564bf7d4bf285ab05b0b6d0fbf89dd95641717f3350da3fc47f2	ALIASES_VALIDATED_NO_TRANSFORMED_GFF	canonical_objects/GCF_020162695.1	canonical_objects/GCF_020162695.1/GCF_020162695.1.pansn.fa.gz	1377700	8d74e302574ad3b6b997f39f1c735544bfb56773de1a0e6b883df3f0c7de81f6	9f856f1bb7a59c0fa854cab1a2fbe8ea1ad8417280508ab6b74877d336522289	0563ddf9d4231b0f773414c24d6aa47f936fba4b5d51a541b26fb3e4150dca67	f32cf1a0a6bae9aa9f46d255d03d5fa20964aa195bce292f0cf4fac3e917b659	dea9a9f0a662340bad8eb1f1c069c86c49457f72c1db7a8a9844c90b60908b56	6464f4e556a9e111f17c61cdc58758da02982ee4c087edd8b43955436959765b	119	4833682	INSUFFICIENT_FOR_RANGE_RESUME	.	.	1	0	2026-07-25T00:08:38.226416Z	1bb4e2769384c82ea02da51142e25606b2141e269d7556badb0a1691068c4f45
66	asm-v1-8cc38f4de03fef066edb312e	GCF_003981675.1	EXACT_VERSION_RESOLVED	VALIDATED	source_objects/GCF_003981675.1	2058485	6fb8969fde44770eec3660c7646e5a9ca360678aaa28c17255e7b8fe7a0da7a6	ncbi_dataset/data/GCF_003981675.1/GCF_003981675.1_ASM398167v1_genomic.fna	5221477	a0739c3b1d1c25b1ba399240d22230f9834bbf2eae34da0f40793bf8cadf19c2	ncbi_dataset/data/GCF_003981675.1/genomic.gff	7dd8f2d6ee9d8d0d813f18f29b539a7b808e5ef5bdddcb15f57c6a0a4e84b912	ALIASES_VALIDATED_NO_TRANSFORMED_GFF	canonical_objects/GCF_003981675.1	canonical_objects/GCF_003981675.1/GCF_003981675.1.pansn.fa.gz	1472567	a0e0ff1ad94640c0d299d1b10bc21d3e8afad7e575ba5e8ad2f386d76c238284	83776355b6492212299ea59a4e0f5c8f2bf3ff01488693d5e9abdce9ea421678	f3bcf9054cc85b8ce28873a96fd26242aef5187e65482f4e6882ae63f366b6e5	5a6d8efa6020c2d14b76697e78b12aca1cd09dc13b9d7865874986a40dde4ef2	9b14f4abf9c21253007e280b65ecaa3d8b33b3b6fc0bc03e2261f3d43924e0e2	e28b41b422103c18b3b836d2360a3d5a0138e3cf32b17654c4ecbc24029facf2	267	5132727	INSUFFICIENT_FOR_RANGE_RESUME	.	.	1	0	2026-07-25T00:08:41.181923Z	23488feefcdf4013506fff64c4f918d86b6f542c0665440637a61635c25152b2
67	asm-v1-744a78fc7ef5643c50983785	GCF_905330275.1	EXACT_VERSION_VALID_METADATA_UNAVAILABLE	VALIDATED	source_objects/GCF_905330275.1	1974579	a2b28234b97b636a68bd03e53f6df6c3abcbb6086f575326e220b310ca5ca013	ncbi_dataset/data/GCF_905330275.1/GCF_905330275.1_AI2858v1_genomic.fna	5347604	57381ebeffbaee9c61982bd1761d9bfa45aa567225831565d957cba4f2deefbf	ncbi_dataset/data/GCF_905330275.1/genomic.gff	a90be65466705b98e693e228da12b0ec9223b072046845e85bdf691018e48f9f	ALIASES_VALIDATED_NO_TRANSFORMED_GFF	canonical_objects/GCF_905330275.1	canonical_objects/GCF_905330275.1/GCF_905330275.1.pansn.fa.gz	1496537	d0230bb1074978d5af009e08ca40ed8ebd5ff61baac3b6af76290d06c93d2f03	2b56e842754c43dacadb230678520803470513875254e46b4eac35609850a698	7aa7c8bbb2c96901c3c88c4f402838af594ec56c0c653a76d43ed16defd5c3d3	28919654086a66060506fa15a64573d448e699b322ceeb90fe5f2ee8625025a9	8a75378e7a72d14f50f22e9c7b0562f43260af916eaef7b8671db42d27b74697	e077ae8cbcf0d079f3ac616e5acd07cd8f3f19f41c00d98ac9ac3944babe4376	9	5280851	INSUFFICIENT_FOR_RANGE_RESUME	.	.	1	0	2026-07-25T00:08:43.475660Z	b750fbecd9ba1eb73a42783a5b23b5187b1eec8ce22bc0af13ee66140e378aae
68	asm-v1-89345e76194e6b4fe931f0cf	GCF_001617565.1	EXACT_VERSION_RESOLVED	VALIDATED	source_objects/GCF_001617565.1	2136930	51853d3ae4ba9592dab55aae0634dae9b0e2a47ff1000ee406ac282b51ef3a0c	ncbi_dataset/data/GCF_001617565.1/GCF_001617565.1_ASM161756v1_genomic.fna	5486590	77729582f45722840b706bf9cea39825802c923844ea71f25a07ee9879091273	ncbi_dataset/data/GCF_001617565.1/genomic.gff	9ed9566cfffbdef9b796d967e68768709225985a1d240ffd2a0cdef4b89baab0	QUARANTINED_SOURCE_GFF_NO_ALIAS_VIEW	canonical_objects/GCF_001617565.1	canonical_objects/GCF_001617565.1/GCF_001617565.1.pansn.fa.gz	1536984	0a2ab1a71a3f0b2b8b0da3b090e9df8519619d8b7acb2e17bcc39a97b80e2327	ae5a476d6663073daf3ee5bfc06497ce360e3377ed78c2807bb227f5298540fc	bc09570a664da220f18c51575532eedb00f81beaa918592fbbdbcce5a678224e	838e64cbe107f00e30b0d41da3178cd42a5f9591ee11e8c1739987af1a69b579	5702b9500b9db51df7312751417a8820f0f2d7a3a517bd82e66da014efba24c9	cd40aa389a30100c781d654e00f2807198c3c498d97099f6457427282fc8f296	7	5418293	INSUFFICIENT_FOR_RANGE_RESUME	.	.	1	0	2026-07-25T00:08:45.583779Z	37afe0d50ba59cb6110ed8bea05c1b872ea3f7b6f4e8de4516a00cd26dc5793c
69	asm-v1-d5b07e7950fe930d28259eae	GCF_003983415.1	EXACT_VERSION_RESOLVED	VALIDATED	source_objects/GCF_003983415.1	2009092	c6d7bc126858aeb428110eb78b69ad72c5b853626f1b7cc20881304abec0af38	ncbi_dataset/data/GCF_003983415.1/GCF_003983415.1_ASM398341v1_genomic.fna	5100016	d0c1b3c7f96fbfb328be8cd0436515870e376f7e293bb17abde738aa086de407	ncbi_dataset/data/GCF_003983415.1/genomic.gff	89b319649e46c5f8ab067ec75f942236fcf8817fef327773fd4db7f3bcc622c4	ALIASES_VALIDATED_NO_TRANSFORMED_GFF	canonical_objects/GCF_003983415.1	canonical_objects/GCF_003983415.1/GCF_003983415.1.pansn.fa.gz	1438284	90037ccff9c6ad585bfbab8619700b2860f5d38426b770d23b12598a098c24a3	a786f2b8179ce399f7a8c882950bfb988c75b941c6cb762350829e825376b627	72e1c434b688fa4d7c9a72741fdabcb5be204c16237f58f3d654656b40b74b6a	5f5937bd79dbd4c129f6c354224a4ad0c39ee9789773eb707ed60f26565556ee	32910d63ca1fc41a56e71ad2243996eb7aa2d978a2a3c864ef4f0d8ec04cab21	d563b4d08038559086c504bc0a33014ddef5114819c81630d346abcfd8c05df1	221	5016974	INSUFFICIENT_FOR_RANGE_RESUME	.	.	1	0	2026-07-25T00:08:49.328063Z	9565b9f682703beadb0f4123b37c192a14b1be19709e27e7be5fcbd3167dd952
70	asm-v1-2298b23611278b990e0debe1	GCF_009899475.1	EXACT_VERSION_RESOLVED	VALIDATED	source_objects/GCF_009899475.1	2130614	fd5a8873edddc4e22e53b317ffd3ff4f3f99aad1b2f509fa30d7eec0e5ad7fdb	ncbi_dataset/data/GCF_009899475.1/GCF_009899475.1_ASM989947v1_genomic.fna	5439293	91f095c3e276b0e96a8e4566c0e1509fb8c2fc0cc9b9dcbbf61bf9eb3c1a2077	ncbi_dataset/data/GCF_009899475.1/genomic.gff	0ae230fb571362eb007b415406487c695554a5b42706bcdf04de5266a637c69b	ALIASES_VALIDATED_NO_TRANSFORMED_GFF	canonical_objects/GCF_009899475.1	canonical_objects/GCF_009899475.1/GCF_009899475.1.pansn.fa.gz	1532387	02910908f6e174dbd0a53a0cb0b0556342cb924f0a92cdc3a6b286f81acf7bcb	c7b7e933f49a81ba1035a738cd817cf7d1032e069f084bb2d37d6a4f947475a7	7fa1ec6267cbeea0000bb6bb860c21e5a51c95e7c898f269e9930810b96b981b	9c2da447b85b9fd87f8349d3d30ce7fa27f9894813f31d8aeaadb91a8fa781e1	cce16cce6d81fe9d273b00a9eb8a1826ccc37d72d859682acd64d5018d769b05	b3813df0a7cc5249a6c47a2a41dda1a4098d0959579589457f4353951a128657	231	5348632	INSUFFICIENT_FOR_RANGE_RESUME	.	.	1	0	2026-07-25T00:08:53.490191Z	47486e7a562c7bbbb86e7f632afb63b5b6ae2db8b1626f56f84dbd610d662040
71	asm-v1-b3f32cbb29e6bab46510769a	GCF_002511115.1	EXACT_VERSION_RESOLVED	VALIDATED	source_objects/GCF_002511115.1	1853905	e1753d4c6a0cbf3447e6df7d8ebd1bd18d0d1f26f3042b61bf6cc77e84ce1d97	ncbi_dataset/data/GCF_002511115.1/GCF_002511115.1_ASM251111v1_genomic.fna	4734688	c2244fbfcd340126afeba65323104b2530720cb30509857fdedbaff475dfb8a9	ncbi_dataset/data/GCF_002511115.1/genomic.gff	99f0593a575c1c1c8b5215b5606d6d57b118e0480928d5ea587bb82ebb98295a	ALIASES_VALIDATED_NO_TRANSFORMED_GFF	canonical_objects/GCF_002511115.1	canonical_objects/GCF_002511115.1/GCF_002511115.1.pansn.fa.gz	1335152	0241f896df3d2a5a3013b919a8bdc6a4971d17ac7cf618ac38c36dca53993fef	949bb35fe224d7d472319886be52e98deff4a76292c4a9693f690f6ac7ed4a30	e1497641a93916d24ceb9e1cb038254571ec8eaa5033894552611de3abff45d8	e5452d5ed4b168ffb5cb9ec40363d91bff0346b7039d29f9884618eb7c86f721	c9b552e1a41f00c43ce36957103dc668d45045fc5dddbd3dee9d6240001e4884	eab7f9276dc5a58dbc0a8f1e297ec5f7b620740d30d41739007cf9252c3c0da4	160	4656326	INSUFFICIENT_FOR_RANGE_RESUME	.	.	1	0	2026-07-25T00:08:56.881736Z	7ccc7f5e00c3600b1dcae92a863a0b23103a210d1eba536cfb1ad38b99e85056
72	asm-v1-6cc2cc6a6bd4874236c4e0b6	GCF_001521595.1	EXACT_VERSION_RESOLVED	VALIDATED	source_objects/GCF_001521595.1	2098444	4c32e5df3680416e8cca5a64a317617061f3939db5b7c16b640eb073485ff2ef	ncbi_dataset/data/GCF_001521595.1/GCF_001521595.1_ASM152159v1_genomic.fna	5275344	e795646455f08304541d40549561aa854a7a9517ce54e9ac639f5fd9a8163813	ncbi_dataset/data/GCF_001521595.1/genomic.gff	a57f0bac993def4065d69c6649dd3745a739a615aedc84053eed1224a3f94bf3	ALIASES_VALIDATED_NO_TRANSFORMED_GFF	canonical_objects/GCF_001521595.1	canonical_objects/GCF_001521595.1/GCF_001521595.1.pansn.fa.gz	1488246	51a71c4ed7a8976d2089f8dd7254dad4493062b759e7f7e1c52c6efc48332dcb	9cef2dc55e86de0f454ec4a433aaf44a413034e3a0ea9cbf8fbbe99afb4d6202	95f4e29f802f51b4c32720778e0ff57f355bd5c397dfc26db40e12cc0814385d	672638959676b298f8305cb3e661f013637ae30782b7aba5137934a87cee661c	2dce247949b05e92ab8d2d9ef7605f37e694c5889c8f71b1be20b3c79cf5712a	6beba1b39c0352895b82b8042ffaa143e639ef52a479a6f2e9fe2d37ffa4f426	257	5181005	INSUFFICIENT_FOR_RANGE_RESUME	.	.	1	0	2026-07-25T00:08:59.877025Z	dff3275edfd9353f6dd2ad0874133ea0060c84356d66dd95cb73fd68e97c5db0
73	asm-v1-0483ccd2aa538f10924521f5	GCF_019351215.1	EXACT_VERSION_RESOLVED	VALIDATED	source_objects/GCF_019351215.1	2063876	e6a94776fa2c05cae659349bfd2a7d89715588dcb9f8639ee7f200f7d0739e43	ncbi_dataset/data/GCF_019351215.1/GCF_019351215.1_ASM1935121v1_genomic.fna	5231338	fe895ba8b99ff3db333ad8fd98cd91c283db4630c6cc834951b56faf4ca4d872	ncbi_dataset/data/GCF_019351215.1/genomic.gff	5290c9422570ca6a3c55ab5d44edca208ae5be45327bc35d1a1d5111bfc58755	ALIASES_VALIDATED_NO_TRANSFORMED_GFF	canonical_objects/GCF_019351215.1	canonical_objects/GCF_019351215.1/GCF_019351215.1.pansn.fa.gz	1465502	3e3e4c69ddf1b000f79918ab4cb4d05a494a44dc0b9bc06ae63a44cdb73d2b20	a5c39efdf2698a54befcefc7c2900cad3fe27f1430b65b200118bf5655dcaf73	8d50ae31be22e7c9e615726697e277eda93dca87c3ff0a4a3b985c7cc6b2b858	4686738999141ca2cd7f6b45bac7a4bcbcd8594e9d41e93046caed4deaaa0900	868dae5ed2fcd0a4f808d4c2aff383559ceb4ef36c7cf9bc95005de82f2d3fe1	3087906190d12a5f3fcddbf315691bffc925fd3420587f4789895e30e6290493	190	5143869	INSUFFICIENT_FOR_RANGE_RESUME	.	.	1	0	2026-07-25T00:09:02.795809Z	c2e952f113648b74e89791f942f7ffacf8a51795d71a5847600cf020b3803e1c
74	asm-v1-4b6dd2bf16ed7e1796c82446	GCF_020731765.1	EXACT_VERSION_RESOLVED	VALIDATED	source_objects/GCF_020731765.1	1882828	d7bbeb9668a5f06c77159890d225a0285f9c9f842fc9f9ae25d7f91083bac9d3	ncbi_dataset/data/GCF_020731765.1/GCF_020731765.1_ASM2073176v1_genomic.fna	4828585	4a310fe2a9c930fedd4033f6d69aa0c2bebbe0c273fa14e3fe0db7b0e6eb006b	ncbi_dataset/data/GCF_020731765.1/genomic.gff	14865a5144c3af155e06b3b0d0852b6ae185783c0b384147c59c1f6a7a5d4eae	ALIASES_VALIDATED_NO_TRANSFORMED_GFF	canonical_objects/GCF_020731765.1	canonical_objects/GCF_020731765.1/GCF_020731765.1.pansn.fa.gz	1358310	b8c69ee83b3b3252af9fa7cfa3e76a56eae9843c645bf7be72e18476af546013	3211bdd185d82986f3723f97914e92703b6970147bf1099320d07078b6b35c8e	8c64d82e1ff6c448ccf726063a36eca74b45486d4a43304838e119bce8e5afdb	ce685c2a168da05549af4228bcb134c6bdb9423acda18fb0b49b4960ffc28ff5	28e79e9cdc75ae96c121dc8dde071b56ffc4a6012f11519fae3607e3d116b3cd	e10dc6d260df3527cdf5323bb558940a049d26bc950b73062c46159aa9e4a5b8	135	4756244	INSUFFICIENT_FOR_RANGE_RESUME	.	.	1	0	2026-07-25T00:09:05.213579Z	470dfb468e627994094b2066c4e85b71245e5c26783f8c9d66549dd2542f54ec
75	asm-v1-60267ac131a09d147996f037	GCF_001577325.1	EXACT_VERSION_RESOLVED	VALIDATED	source_objects/GCF_001577325.1	2033107	9e36167f581ae20db225611a94c035d19fc364d854a9201804d5077a4db65927	ncbi_dataset/data/GCF_001577325.1/GCF_001577325.1_ASM157732v1_genomic.fna	5262248	d116ee21550627e98ddf5990b51671d508d8b8dc60f93a6473667027ed6424f9	ncbi_dataset/data/GCF_001577325.1/genomic.gff	6f881c57627b3ecf049b801fa6a3987036231c8867125b0891523848b967d9f3	QUARANTINED_SOURCE_GFF_NO_ALIAS_VIEW	canonical_objects/GCF_001577325.1	canonical_objects/GCF_001577325.1/GCF_001577325.1.pansn.fa.gz	1470518	fa9bc044768b3129e57790a0c42cc5d1feb8130bbf68473647e155cbb749eb71	951afaaeacd9fb679fc909cf1542d6970b02e378bc3702834942999972ff4b8d	c7b6d7760a27750558be035c0ace2bdec5ee390083ee1e9b3d0f1cce7f1c8139	41daba9a8f668ff05e9f98bd216c1920befd6fc7951aad240621cfbfb56ee835	67330d91a7bf0e5d85f4e92ce3d0c7872eee6547b36fc1873f38321e208a87d4	cd40aa389a30100c781d654e00f2807198c3c498d97099f6457427282fc8f296	3	5197049	INSUFFICIENT_FOR_RANGE_RESUME	.	.	1	0	2026-07-25T00:09:07.194460Z	4725329f4ee746472b52a4320512e1e7af3eb35f9323793c184f36caec5f78ff
76	asm-v1-9b414d6deaabea3bbef2838b	GCF_000777675.1	EXACT_VERSION_RESOLVED	VALIDATED	source_objects/GCF_000777675.1	1936671	cae84c734d0e2fcfcb03a8185021e1d241696b46b53aba532c885678b8e2a613	ncbi_dataset/data/GCF_000777675.1/GCF_000777675.1_ASM77767v1_genomic.fna	4999487	96d625500c0f98586e48dc4aa3dd44b8ed2e547db7ac0550b72548d42fb09989	ncbi_dataset/data/GCF_000777675.1/genomic.gff	56fa34d88b77f0b11bc9e2f4b397b6f1e0537927547a8bb294b935f4a2db58a9	ALIASES_VALIDATED_NO_TRANSFORMED_GFF	canonical_objects/GCF_000777675.1	canonical_objects/GCF_000777675.1/GCF_000777675.1.pansn.fa.gz	1407328	e8e21c25c320c2ae3f4d4957a9c2d9c3e13903f0974642a54a06ab9f51ebbd13	198f42fa1fbd72d6055512b792a984e2deea49ee403195b8cae34bd73d05d063	24b99001351a99f6b1b22a04cc252936dcae0a9487e9588e218f1255e162782c	bea11c9628d66728a100b99ef5c269f7666cb1cbdbc2b05c781ae4dbb0df175e	2b31cd0d6f72613c4d1ff8047008c4e18f58a39c5ea13c39557acac89feaed28	38b3650f0660d7109ff7766e11d2eeba4634bbe50c3578150ceed93de444662f	102	4927547	INSUFFICIENT_FOR_RANGE_RESUME	.	.	1	0	2026-07-25T00:09:09.497437Z	591840b7654376919c50ca144cc73072d26fe634f058982285258bc5dd660460
77	asm-v1-131b25c56fa7a53a20f6acce	GCF_002109645.1	EXACT_VERSION_RESOLVED	VALIDATED	source_objects/GCF_002109645.1	1849696	34732352e1a55b5b0be292e095117814eb9f37ab802dd1f9979d3d0e1d57a9cb	ncbi_dataset/data/GCF_002109645.1/GCF_002109645.1_ASM210964v1_genomic.fna	4788172	2d8b0a88a8b1db7ebb3ca80a6bd91ab759f1b8adf9777dc4813b638f38a04ade	ncbi_dataset/data/GCF_002109645.1/genomic.gff	1dfade9748af58a3ec064a12afdbc7009593b184b737114db9f7ccbddbe3df45	ALIASES_VALIDATED_NO_TRANSFORMED_GFF	canonical_objects/GCF_002109645.1	canonical_objects/GCF_002109645.1/GCF_002109645.1.pansn.fa.gz	1340353	3df995c884804fc612af9145bed615b251aff1cfa55ded8dc2fc7c1e70472ea2	1c6a6a5e53c2cb2519e07b318ccf2c02dae687200f542dcacb5354288492dee7	b5782f826b33e87c98cfe600bd9582bd262c3a5e14e4aa9a78f66aa34fdeb545	8a95eda1dc2226ac660479f9dda07468688553cdd725b0f9d1c39edd149f5334	f47d782dd77677d6ba3196f02900ab966ee20b510455a0970e5c9b19bfe27267	195b460b9d2c6afc988fe04ae8de5a54a8f2f2ce9fd35d26f805a70a88c64f73	15	4727787	INSUFFICIENT_FOR_RANGE_RESUME	.	.	1	0	2026-07-25T00:09:11.547728Z	5fb3d102f3b472d831f2257877d17ac609451f3f12ff9c87250c050c32b9dfda
78	asm-v1-0811187b1ba0a0a2fd7ee853	GCF_003076715.1	EXACT_VERSION_RESOLVED	VALIDATED	source_objects/GCF_003076715.1	2046396	dc534cf0ac4d855ecfda0793c22afa46c3363e77999eac897da504ba1507e46f	ncbi_dataset/data/GCF_003076715.1/GCF_003076715.1_ASM307671v1_genomic.fna	5264094	e8107ffce89328fa3ebd5283782f469df57256436877c53ccaa561edaf6d8581	ncbi_dataset/data/GCF_003076715.1/genomic.gff	be45a5a8df23b1785016ffd92b725a4b580c1304ddf6d8fa32134571de38fa46	ALIASES_VALIDATED_NO_TRANSFORMED_GFF	canonical_objects/GCF_003076715.1	canonical_objects/GCF_003076715.1/GCF_003076715.1.pansn.fa.gz	1481966	5812721badfa8b5ebd1255342cc0edfc83e78dcc7dabb4839e5fcc928317077d	cb2b7417dcdec435ba9b2aeea7b232bfaa54aeb4cf8364b9162edca6114e2641	9e022f4ac0b95e6c86bc4c43543bad73473d536b2d310c52e26fef435137e114	3fe906a191ef8cbfcee3e970fe561363610b76ec2d6b9b4b2e0e4b095b3c855c	d884e31b0258434a1bf565bb43350a0fd79a195d38af260930673ab1ccad0c6c	058fc50e0735a9b38403a971a028c897d193d403f27bcd3fb01f1fe76fbe8d34	76	5192398	INSUFFICIENT_FOR_RANGE_RESUME	.	.	1	0	2026-07-25T00:09:14.860209Z	7b68e0443b9a4cc535a76ac39482e6adbbad9f6585c10e324b843c6f76818767
79	asm-v1-a6066364915f685488e5a06f	GCF_002518465.1	EXACT_VERSION_RESOLVED	VALIDATED	source_objects/GCF_002518465.1	1960572	17f758a6e3acbad8928213f48e3d82f8a342c488c94993c32fd2c81182a34a6c	ncbi_dataset/data/GCF_002518465.1/GCF_002518465.1_ASM251846v1_genomic.fna	5009103	abd67e4b0afc963bed09cb0cc99ef5b38ac6d511df52e1323ad3fbf0ae60630a	ncbi_dataset/data/GCF_002518465.1/genomic.gff	583813e5954cece9739fd32ce9ae1492e7e3ba5e93afabe3c6d54de8bf7206d6	ALIASES_VALIDATED_NO_TRANSFORMED_GFF	canonical_objects/GCF_002518465.1	canonical_objects/GCF_002518465.1/GCF_002518465.1.pansn.fa.gz	1406009	b54bd4616adbfe97e2cdf4d79f19c5b6499e117a977cfe8420188991b6f07511	53ab8f0aff79b8a6aee4f94eef51b4e4d476ef79d06e7ffc0f3e90a9492f8590	8ca9452f9931d8aca208e756e1dd0cc9d2850e86ef2de48f11122f683ca54d94	de4a54c5fe3ee90654704d48bc576bc4f880acf384987e9ec915ccc22a2111f3	ff86d4ee8a2e3e3f24cb490c2723aad440e22c665d260e1ddefb5215d36a5198	1240c737dc5c45cddd05af981865530ac68c52cf5a0a6d151f52624db13b448d	175	4925511	INSUFFICIENT_FOR_RANGE_RESUME	.	.	1	0	2026-07-25T00:09:17.348445Z	e298e096bcd179d5c29a210d3d6d3f1e5fc20acd908516c04059ae9e97c10827
80	asm-v1-1a6db70587c81767a83b4c01	GCF_000459215.1	EXACT_VERSION_RESOLVED	VALIDATED	source_objects/GCF_000459215.1	2105767	b768d94649845d22699ddb67ca845a091ec9987487095adf926604785555f8de	ncbi_dataset/data/GCF_000459215.1/GCF_000459215.1_Esch_coli_HVH_208_4-3112292_V1_genomic.fna	5446589	03527aa06b6c4730b804a195c7b10e9c2550b1702dc3cff4597cc854c6429d7b	ncbi_dataset/data/GCF_000459215.1/genomic.gff	6b956feb5402039335d1d2ec9c3a297da7eef0b879c7dd31840c4a715cdb0f42	ALIASES_VALIDATED_NO_TRANSFORMED_GFF	canonical_objects/GCF_000459215.1	canonical_objects/GCF_000459215.1/GCF_000459215.1.pansn.fa.gz	1523382	047351c88831fc4a6ff2b8e138f0cbddab8e4e7265c07bd578bfdc37e6c1f7b9	399f28f9910672274ec5b6aacc6186fe7b82a64b5175ba73e32ae0b7d5643df3	2dd0318f92f2da3c5307c5488950e027c78183c5c1e3af79ed17519ed214867c	a66096a8f02d274d9af644f575563ce69171d85cca1c4bc7dee2eaaf74079e93	eaabbb8b046963fa9318141ec8e6bf328bb32c732c392b0c1e931b762b40d54e	6a4b881f39c207c1da72e8d03a5ee0f8e7a5a36fec7b6854753f7b4c4797ad1a	14	5377926	INSUFFICIENT_FOR_RANGE_RESUME	.	.	1	0	2026-07-25T00:09:19.480700Z	c0f8f953df1f76965c7fd4bf0b94ad24641eabe79f28b08ac784a466ebd1a0b6
81	asm-v1-015b60cbe04a23c843a53259	GCF_900010055.1	EXACT_VERSION_RESOLVED	VALIDATED	source_objects/GCF_900010055.1	2111956	4f6c5f08955cbe2b84e7f852ca8d865358f382a2166006c65f43201e7c253172	ncbi_dataset/data/GCF_900010055.1/GCF_900010055.1_ED010_contigs_genomic.fna	5365068	9ca84f6dae33c8c4505366b54cb006f667694457326ff98346bd1c826bc730e9	ncbi_dataset/data/GCF_900010055.1/genomic.gff	ea174f1d4814e7c59bcf288aaade199e02bca479974e30a8d5329eceaaa911cc	ALIASES_VALIDATED_NO_TRANSFORMED_GFF	canonical_objects/GCF_900010055.1	canonical_objects/GCF_900010055.1/GCF_900010055.1.pansn.fa.gz	1524023	78e2911d25387097d561ec2ec55738a0c44126b7752e790d4e89062d2ef3cc39	d51516ed71c5661cec01318a0c6b267bbfae0fd3927f568ff2fb26d03dc61710	18629196373a6d7b15a7f8ae6db188267c692c77341ceaf7defc6bd59e8b64c9	44e5b62fdbb6ee3ea394111adc50288fa7e421012842c26e669268add8c696e7	d6939907d3ee9e83a80c59fc67ea387fad449c46f7c060eecc3fec3451a1ba05	bf819aca24c3724365656af878ce93df637bfbb9db2a7bfdba1aa7e8f3c250bd	307	5270484	INSUFFICIENT_FOR_RANGE_RESUME	.	.	1	0	2026-07-25T00:09:22.812441Z	a87e0004fad09f1175fa54deecb1641f81e6c811e82798d6b9211bf65f8ae85d
82	asm-v1-55b63d52e2d0b4376986fde8	GCF_002769075.1	EXACT_VERSION_RESOLVED	VALIDATED	source_objects/GCF_002769075.1	2220358	f99f8d351c2036fc063174e7e599aa0b50399da24ac70411e9dc65d21739558b	ncbi_dataset/data/GCF_002769075.1/GCF_002769075.1_ASM276907v1_genomic.fna	5649615	c15920fafea2d09b6b5b14658e81dfbc1adff5dac2cd92005513ad9f7df31228	ncbi_dataset/data/GCF_002769075.1/genomic.gff	729da45b4fd19ce7e4224860077f1cb1e40318f86b862edcdbe5e1cc06a631a7	ALIASES_VALIDATED_NO_TRANSFORMED_GFF	canonical_objects/GCF_002769075.1	canonical_objects/GCF_002769075.1/GCF_002769075.1.pansn.fa.gz	1590026	da61c3ebf1884d9c86207d18c032dabbdec92f2dc0388e6335b8375402001df5	b41133aa04ca625dc68662492f4ccdfc45f155ae88d481a8c0c72e640cab5d83	e314c528eb7222b51a5f0b131e7a8f5d9fefa1d0613e7f29e1e82ca36daaad3c	17ab32af862f7e5401fcc485d6326a1ad4ca2b16d30ee0465d93e316eb29b975	54e1e97f636ef7f87deb27178b59c0ef5ecdca7a7f09d6cf1db184055a0c97ef	88010d1b0b1448024ff92ca49adf1be632da653d14747a5e5ef3773cd91145bf	298	5553525	INSUFFICIENT_FOR_RANGE_RESUME	.	.	1	0	2026-07-25T00:09:26.069371Z	ca93ca584b4f5419687c4d87e61652e631a663c1932f6b3362ad98ba176ae208
83	asm-v1-2aca3a21673be9b7cfae16ad	GCF_009910015.1	EXACT_VERSION_RESOLVED	VALIDATED	source_objects/GCF_009910015.1	2170694	88b5dc50477f044faa61ff656665532b122ada9ac51b4dc1b583936f7eafaa76	ncbi_dataset/data/GCF_009910015.1/GCF_009910015.1_ASM991001v1_genomic.fna	5523394	64d09f1dfd52e46730fccf87df296e0521f0e09321a0dcba4b0ac71be73f4549	ncbi_dataset/data/GCF_009910015.1/genomic.gff	3a4c25ef959bb358df941d68a4b478ca162328d677ab9c7749e66739645afd44	ALIASES_VALIDATED_NO_TRANSFORMED_GFF	canonical_objects/GCF_009910015.1	canonical_objects/GCF_009910015.1/GCF_009910015.1.pansn.fa.gz	1567623	50339ca8ef11aa745db9d0ce04002039750a1db53b08b7cfb7c049318fa0754d	21ffe70a9d9779634ebd6e778bdaab7048debdf1bb4c3bf0618aec7c9195d35f	483c13c9a5a9b0c25b0a12c0cde6b3ccebabd4b1e789f9bacb61e595007e6bbf	f70d0a110198c94d727e8672b93940bf1785a3a16e08fd104c3dcb26dc349765	7c0c11278db83b1bab2467f1cbcd9dbc8b377845d575bb114bedb0079c42c148	c4af46f9454605af940f83e6f77f3aed941caa6e402651a3f5c34064599c98c4	355	5414819	INSUFFICIENT_FOR_RANGE_RESUME	.	.	1	0	2026-07-25T00:09:29.422914Z	f2bae05704b5e3c3f74a709cb6d85d004953bf42b034c5294011ced6c5fe6283
84	asm-v1-1493b2edb2f619df308b1b43	GCF_013370905.1	EXACT_VERSION_RESOLVED	VALIDATED	source_objects/GCF_013370905.1	2063428	ef74dcda6fddb715f0840ff5049bc07cc467a46bfd416c47b016b765ac6a8bbc	ncbi_dataset/data/GCF_013370905.1/GCF_013370905.1_ASM1337090v1_genomic.fna	5268899	0e67de1fbb4ac382b172b53b562b46042bc62ff9c2316f92031890d23613675d	ncbi_dataset/data/GCF_013370905.1/genomic.gff	a5afd5aa3f16f7080c685e9a826f6e2ff17dfec8c2239f5b939877a17550a727	ALIASES_VALIDATED_NO_TRANSFORMED_GFF	canonical_objects/GCF_013370905.1	canonical_objects/GCF_013370905.1/GCF_013370905.1.pansn.fa.gz	1477604	abd9b4790025a10d65502f518075f731350aa53c942f8ddc6e78ae63eb5d6220	31f6d121b5d0d37d4ef6f257e8e556cf93791a19679f85cc4ee03c359387556b	ef6d5029685306bde5b717a16547b204f74004d15b92b8c24d04986fd7a21293	57477e95311bb1c8a340e7e1e39070e23dac47da2cc89d27e72faa15dc7438b9	d519f3901f728f96c8fd4a04e5198b1acce4ada77e1d70af4a6c2067b498f3cf	c9403098bbb0fdc363135fa32a61d97226c393733d1ae886501219bfb173c88c	123	5188945	INSUFFICIENT_FOR_RANGE_RESUME	.	.	1	0	2026-07-25T00:09:31.827767Z	c967c645c8dbef20560a573e90fab7aeda130da198a0e89d21fe8cb2ef4762ea
85	asm-v1-9a6a8d1e4c43782a00230ed8	GCF_000619025.1	EXACT_VERSION_RESOLVED	VALIDATED	source_objects/GCF_000619025.1	2161238	fafcee634daeed0ea6f504e6b3e444f305740058bb0f5eb0939b1b539889aa81	ncbi_dataset/data/GCF_000619025.1/GCF_000619025.1_Ec2009C-4446_genomic.fna	5514202	2cbbfd3db6bb0d87c900a11cdb1d9ba5f6c3213fc8f70b48161609a803531db5	ncbi_dataset/data/GCF_000619025.1/genomic.gff	edc0f5bae201e00bbd20a34aaa86dd927de83f4cec8640af5550b2793140eb66	ALIASES_VALIDATED_NO_TRANSFORMED_GFF	canonical_objects/GCF_000619025.1	canonical_objects/GCF_000619025.1/GCF_000619025.1.pansn.fa.gz	1555173	388ad99c374ad4f21ecf564804102a58249d6b6c2d5fb7c643bf7d3bec57dabf	d8d303b7a677265bd53459dd5f47bca4e1f81649345dde31fd3d8366ac8c858c	a0a26ef5579b237f218accda5837edca5091fc072be55aa2485bfeff4859b06b	0670b8e4ef7cd2f580c5bfd410272c899e36283a74c7938f17decf8c73ecc085	ca4b99ee5ebd8b3bee39cef401dac85b6d6cd6b3ed849d89dd91f5d6470fc2d9	160f01f27d1314d31e39d96f948fbbda297ae184c11f4c85a4fbc4f5a9d9d36d	113	5434788	INSUFFICIENT_FOR_RANGE_RESUME	.	.	1	0	2026-07-25T00:09:35.394857Z	e5b02e00f5cd1230d4cf86ffbedfaa7ea16bd355da49b3e0d9b2738e6fee8d20
86	asm-v1-8febe80f14fecbdbe5f94fbd	GCF_016404105.1	EXACT_VERSION_RESOLVED	VALIDATED	source_objects/GCF_016404105.1	2183297	9a9bc0229c12febdf9a963097fc9af5b7c9a430476e572a92bcef0ffd5721e10	ncbi_dataset/data/GCF_016404105.1/GCF_016404105.1_ASM1640410v1_genomic.fna	5527194	8516c9bd201bb65baa81c6c306a01aabe6f634a0bb40fbed97ff4abcbb7204e1	ncbi_dataset/data/GCF_016404105.1/genomic.gff	1737aee0da6a6a3df27d93f0c1a9b9eacb6ee51c9c022aef9cda4c859dc791cf	ALIASES_VALIDATED_NO_TRANSFORMED_GFF	canonical_objects/GCF_016404105.1	canonical_objects/GCF_016404105.1/GCF_016404105.1.pansn.fa.gz	1561660	50853b8c505db5938e18df9c668fa776cb0674a9df9a6cdad7aca74bebc0ad78	99f878f644dd8e561e73dc0c08d0ea6bfc8eea6fad8c1a113dc778ec8d5d7de2	b48ce6be5f7128d8eae53e638523a4c5e721877de3f7755bb9fb692105303a30	59cbeeb4ed8beea758892d0930186afd3de10dce7aa30a938eeaa4345dcb7c19	715dec0659054fbbad5af80b6599ce4158923fe86217038d9ba0aa39eb1cce26	c4ed9622ad1d202f19b909b58fc5655ad8b7a60c107655a26d7ee0ae84a97a25	250	5434884	INSUFFICIENT_FOR_RANGE_RESUME	.	.	1	0	2026-07-25T00:09:39.531950Z	e6660cc15cbda7c5994fc4257f1ec028dad47d3bba151e7947f27fc7729d43b7
87	asm-v1-3264637aa0d7b8419b615ab5	GCF_902859475.1	EXACT_VERSION_RESOLVED	VALIDATED	source_objects/GCF_902859475.1	2020001	7b46b826affd6029648f2bb163bbbf58c4d01e03b6166ee3eee64c4bfa6417a1	ncbi_dataset/data/GCF_902859475.1/GCF_902859475.1_PBIO1289_genomic.fna	5215734	abd90688861902a9cfd187cbdc84341c5b0633c25e6f0a3f67d61bf398b94524	ncbi_dataset/data/GCF_902859475.1/genomic.gff	bef67ef6262f331404ef3c5f9bc35319935162c61e51542ad3f368fa3c57ed0e	ALIASES_VALIDATED_NO_TRANSFORMED_GFF	canonical_objects/GCF_902859475.1	canonical_objects/GCF_902859475.1/GCF_902859475.1.pansn.fa.gz	1460631	1dc1fd869041cb47c5737efbce576e0184dae394a9ea39376f103523656321be	b2dc7df5a64e81e802fdfd67e7c7924b4c8d95f47d32d5036a5489c565d438e3	3863b678907ea66705bafa5b3a393e16fd2a86b9d473fc5ef55fe884359fa814	c40f60ac42c39b71a0d7201a5e302c4f8ef6877c0fcd54e3031a708bfb4355ba	355a8bc8345ac985407927dfd51496bfc84c2346cb653630c3897afdd08636ee	ffc0a06acfd9b73f245babbeb654b67b34d604015e6c100411b74aa33680740a	124	5140749	INSUFFICIENT_FOR_RANGE_RESUME	.	.	1	0	2026-07-25T00:09:42.402769Z	a7c4df0c00151821c3f734e603860230384cc31406a182b714cd17799d3e4585
88	asm-v1-1f4252164a42759fdfc774db	GCF_019282095.1	EXACT_VERSION_RESOLVED	VALIDATED	source_objects/GCF_019282095.1	2064449	52b758a8fb4559edab0ee68731e6c3f24f5bb7c03484009359587dcfe676778d	ncbi_dataset/data/GCF_019282095.1/GCF_019282095.1_ASM1928209v1_genomic.fna	5254441	e987e218b6fbcbda14fb4edbd308eefbc3cbc5be36c6d456f6745d1d33bc5889	ncbi_dataset/data/GCF_019282095.1/genomic.gff	a4440914bae7dc82788e3a54c9cf66fb0b7309aee0f8085e01508edcbc9dbc42	ALIASES_VALIDATED_NO_TRANSFORMED_GFF	canonical_objects/GCF_019282095.1	canonical_objects/GCF_019282095.1/GCF_019282095.1.pansn.fa.gz	1479575	bd5e737ae420da2dd2f68dcd65cc4848ab5a4f930552e533010d5d487a0cb851	c2ccbfc52551e39af892f75696f9033e8e6ba93a7775a1fd70c2be66c1a0f469	9463f71c1873a2b3cf8909457e5f9aee926d2cf2ab2c2ac95fcf15541d8922a9	cf5608c02883e736ee2c9a730a83f022afc932f5a348c3b3918b18db7af1b3c6	62c79cf0b23676cd47dc9c1b27f9b95f21f3b9d5d6252db98db41aecf8780676	2dabd52c761e9fdccf6d818cda6518f2d7115f75acb8db2c3af2faa906a9394b	140	5173431	INSUFFICIENT_FOR_RANGE_RESUME	.	.	1	0	2026-07-25T00:09:44.967368Z	4ec349370705920c8af41211b5cc6be46176b77ee82511fb660170ebb10bfb82
89	asm-v1-a0b27b0dc780b0d8f3e2142a	GCF_000326905.1	EXACT_VERSION_RESOLVED	VALIDATED	source_objects/GCF_000326905.1	1965829	87e4eb086a7514e09ec9f7ddc5508daee8327e8f2dbd6447ae50dddc9c355945	ncbi_dataset/data/GCF_000326905.1/GCF_000326905.1_Esch_coli_KTE167_V1_genomic.fna	5045378	788967af3a72fff5c3a57d2d907bd5ffe92571008d5151f7562f45557de3b330	ncbi_dataset/data/GCF_000326905.1/genomic.gff	7539a506c1ca429b65a21a753dbdf5fe5fa779ba89ccfbc4445bcfd82c29aa15	ALIASES_VALIDATED_NO_TRANSFORMED_GFF	canonical_objects/GCF_000326905.1	canonical_objects/GCF_000326905.1/GCF_000326905.1.pansn.fa.gz	1421110	86b981b2d8e9d442474f4028663e78da7ce23d0c0c92518e0ad23cfb56897754	2187f0eb33928a76efab2ee22a95a70c074eb4fedb3f19b091e08d244d663155	b5e40e48d1fe3c0d6ae326db3113c27026548c68ec783e90a3347892d525f411	ed1e0cb95c51738738f64f569f4c8aef709cbf30466ad11480676eaf94fdad9c	754f66fc0a44163fcf09784b6a190e35f97a91803161978cf65ec904ff4cfe29	36ddb4b2ec86ba601879a701bb09fb350bcd468cfa51145d3348adc6dc2dcea7	108	4973442	INSUFFICIENT_FOR_RANGE_RESUME	.	.	1	0	2026-07-25T00:09:47.359986Z	7445882edfde617e0a643755f88d3d7e734137b5f12f72bed412fee985893bc8
90	asm-v1-cd4e5c61e9671ce18f9f184d	GCF_003357545.1	EXACT_VERSION_RESOLVED	VALIDATED	source_objects/GCF_003357545.1	2001721	330f2b9cf2a8cdbe21a27c10428a90ed809f7f042f4a7a81cf27ef4e2f242ab3	ncbi_dataset/data/GCF_003357545.1/GCF_003357545.1_ASM335754v1_genomic.fna	5088764	a1982a43e8d4a8b4bb2815f53d875bc02202212a270761a0fb4d67626a42d064	ncbi_dataset/data/GCF_003357545.1/genomic.gff	54b0855aeb3dd855545691b4681be3614a6a7a024622af09509119ea680ee373	ALIASES_VALIDATED_NO_TRANSFORMED_GFF	canonical_objects/GCF_003357545.1	canonical_objects/GCF_003357545.1/GCF_003357545.1.pansn.fa.gz	1432095	e35ce894718d95503902e82b2739ab63e242034233d06e90fd807255151de375	09d1654acbe086f9aee8390eca54b5fc3a1397f5ce09cb2c324b121b1f8fbe15	55377ff82e21a109baf4f6a5be307c70bbf80e351b72e191364715b8ffc0715f	9fcaa8acf8d0c372a1bbbf576b31dfe25c002ee5534790b922e84138a30090ed	d052810c5428dc8c9d2e7d8c3a812dea2fd6f7ebadf2790b7afe45142183a1e6	7f76bb91e1b34809fc1951ee9be9870c93e63e9f96ea74fe9e88aa91cc5752ab	151	5008130	INSUFFICIENT_FOR_RANGE_RESUME	.	.	1	0	2026-07-25T00:09:49.782097Z	d4e8eeacd68068c4e6c755295bd62871703573cf0d392068c6a63efc715c8f3e
91	asm-v1-40fdb64d006bb69fa2b33709	GCF_001753505.1	EXACT_VERSION_RESOLVED	VALIDATED	source_objects/GCF_001753505.1	2153450	d7459cd9ffefcc951c324771fdc358bb5bb9b9108852dc98611545459a6304f2	ncbi_dataset/data/GCF_001753505.1/GCF_001753505.1_ASM175350v1_genomic.fna	5578260	2546453846a8abe1f2f1efc0f412698abb4a63ef0e06726df8e1acd065c1e37e	ncbi_dataset/data/GCF_001753505.1/genomic.gff	760e2caa7b4d0e55aba4cdb6fcaa0e317308e29baa83ff331d67093e58e4c7ad	ALIASES_VALIDATED_NO_TRANSFORMED_GFF	canonical_objects/GCF_001753505.1	canonical_objects/GCF_001753505.1/GCF_001753505.1.pansn.fa.gz	1558511	7c9214e641d2f40a91d6d1031ffd773fb48439c8ce29cbafc350e4a585244a31	96bda5dca8336f5e1e345a41f13dc88af0dbe4b16cdc6c110d1cb83ec5350aa5	67c315cb3f7ee0860eda399affa73b42c8317b2c2b1a0b10bf22cd38708ea72a	9ac26f1337ea82c1a93383d1b5e96de098a2932eb1f90bb56078a068efc54742	3670d10a0cab28f981a436972c2ca2ca72b2186736c14901720824d60e40e263	b448b329d451a9fb903de2eb90e0871d304c70331093c07f406ffd8e871d798b	2	5509229	INSUFFICIENT_FOR_RANGE_RESUME	.	.	1	0	2026-07-25T00:09:51.873563Z	4ca724eadd10d684392c9db75fb96e8f5dc1bdd78528be0faa82010d28cff3f1
92	asm-v1-70c46b43f8d5689ac4ca9d32	GCF_003292995.1	EXACT_VERSION_RESOLVED	VALIDATED	source_objects/GCF_003292995.1	1984074	b1ac881f88d800d4454972af9220ad8d31d28ab94ea3523c91da9355eb0c278e	ncbi_dataset/data/GCF_003292995.1/GCF_003292995.1_ASM329299v1_genomic.fna	5062293	ff1e75773ff1230cd67c36263a23caad6491f63e8f811085a92220e56e540d43	ncbi_dataset/data/GCF_003292995.1/genomic.gff	df4de44a770872d6fa3893a6c2ec9598b3984fa90990b22a7b937e9259d1118f	ALIASES_VALIDATED_NO_TRANSFORMED_GFF	canonical_objects/GCF_003292995.1	canonical_objects/GCF_003292995.1/GCF_003292995.1.pansn.fa.gz	1419769	26435c04823c7b136a23b4e61b4698b8d99fea59cf5081768a1dc28724d467b6	d29e40b5a4ef82055b5134e9896d1b23b5d3026e5d925c15cec6279704faa728	27ca14bd542c747fb3316ffaac02029166cb8bb7a421333d66f80e69eacb4959	fabac6db7948dec0e8463c7ab0e8b8cee676bd6d862b867c55636e6f4f2d2ee2	91c43c9b57d6275dcf2fba35bccf2d4ac80206cdb401aa55816763eba4b6dbb3	798bfcd8cef73e103db1104d0b595b2ba7825fd7c17967d52f40548552e05267	161	4981995	INSUFFICIENT_FOR_RANGE_RESUME	.	.	1	0	2026-07-25T00:09:54.370330Z	05dd736f297e9f70386bca02bca886da4bac2b8f904b4d50352f3c1ffeadd48e
93	asm-v1-7b2d5205d47da07d2bdc3aca	GCF_001713625.1	EXACT_VERSION_RESOLVED	VALIDATED	source_objects/GCF_001713625.1	2151603	e897aaa2e92a9001cacea3605009910ba84ca4260b35054442a322465ec2548c	ncbi_dataset/data/GCF_001713625.1/GCF_001713625.1_ASM171362v1_genomic.fna	5507267	3c71e9f542659f58332ae1f8ca0ccc5e454215d52b089be4f3c84acc7dea6ad7	ncbi_dataset/data/GCF_001713625.1/genomic.gff	bcbdde3e617c5fff043f66528ee846b27809a4d84ee1833c7c7cd86ff59754d4	ALIASES_VALIDATED_NO_TRANSFORMED_GFF	canonical_objects/GCF_001713625.1	canonical_objects/GCF_001713625.1/GCF_001713625.1.pansn.fa.gz	1550549	49b5f3cd446c6312dbcaab0135263c913aa5833ace18aa487c113be44a4cc7f6	5c63c9198121901bd8102468629cc5d5057cd8b0d22ea4432666ed0505aef56c	064d838feb5555b7cbffaa5ac484f807714f44a12b16485a36a909362dedbd35	6ec5ef1deae8a25b6ebb926cab3bd1875394274254abaf126923588a8cedafae	743244b199196eebe9ca1eadb7025f830591be1abcfc25eea58a7ad8e2318bc6	feb3b04bfa1eb25396d1f532dbed793ebc7115ce7c4927e1b97df7f91cdd0c8c	166	5424442	INSUFFICIENT_FOR_RANGE_RESUME	.	.	1	0	2026-07-25T00:09:57.083065Z	4a34fe8dd271aa030832684cbf7811dd0fb8f4cf74826e117cf70f20fd471faf
94	asm-v1-7c7447d252747c1af5aa3549	GCF_010592655.1	EXACT_VERSION_RESOLVED	VALIDATED	source_objects/GCF_010592655.1	2050936	56c513cae672e9193ab80f785235c7e8c48290faf33e5dc5592cf4c03280c214	ncbi_dataset/data/GCF_010592655.1/GCF_010592655.1_ASM1059265v1_genomic.fna	5115993	a731c124235911823e095e60f869df2d67a3b5650feac20bcd276b01aeaff70b	ncbi_dataset/data/GCF_010592655.1/genomic.gff	61b6fb0db6e9a1577a18c18ecfcb835ae55d9a4f52457ee2ceea982f81072bcf	ALIASES_VALIDATED_NO_TRANSFORMED_GFF	canonical_objects/GCF_010592655.1	canonical_objects/GCF_010592655.1/GCF_010592655.1.pansn.fa.gz	1436828	fce9259e96c01f34bbb92d2752d0ae8e398467d9c73cd9138bd2f61e457bf728	03e0ef7a8e6e446da58ac806342b4249270a5506befecc21d07d670cae1a2c50	d4c56603f530143041326598a51e385443c3b71da434bb24ddf01b3a0eff7c6f	2bb8d520de4bf8aae4e797b3f206fc1afad2c9aace39614f73bf9e4ebb06902e	d6dbc17a89525f697f5ba8d7a51dd7d15a87f0a5309d6bae40c03ff489867335	adebdb6bd1deeaabd035b269ca282b0fe81e97b1828d374a6cc104c7733e3666	990	4958607	INSUFFICIENT_FOR_RANGE_RESUME	.	.	1	0	2026-07-25T00:10:05.212984Z	c9492b7d8bd81a05a926eac9344afec1c187ded133a1eb98770cc9a57bab274f
95	asm-v1-e44fa2d14858e37a359ef330	GCF_003322245.1	EXACT_VERSION_RESOLVED	VALIDATED	source_objects/GCF_003322245.1	1998306	c09e83a794bffa7f82e9e3afe0cb138ba9e302c02ed90897408119a037779907	ncbi_dataset/data/GCF_003322245.1/GCF_003322245.1_ASM332224v1_genomic.fna	5110921	a2917d80d4adca856de5125978e86adc511138007e4d62db8933499505e312f6	ncbi_dataset/data/GCF_003322245.1/genomic.gff	7cc0da246a507e575bd2347c76cc9ae6645060a361d3ecf1e94738bbb0a86deb	ALIASES_VALIDATED_NO_TRANSFORMED_GFF	canonical_objects/GCF_003322245.1	canonical_objects/GCF_003322245.1/GCF_003322245.1.pansn.fa.gz	1435821	4f8797e642aef168013a2ae9b92de57a67fc56cd2eb827e44848db018e31dc4b	86d062c2ccd805934dcf1007138c02b2e3ba746b47ad39fc75d8fceee9be1eda	a0a553f03357548f4e0f2d33fc70901cbc197ee272a7717a64bc14963a74f9ed	16a1115943fe8b605de40829989f5c9377e3c289af913f0d8f454642dc35b82a	168ab5591dee7f248fb03c146557ca44c48cb1d3ffe016011c3e290836520a2e	4a4448208634cc721620223aa80bd40b29e1163f2985c419cb49ed2f13095a3e	128	5030571	INSUFFICIENT_FOR_RANGE_RESUME	.	.	1	0	2026-07-25T00:10:07.635185Z	45fda65093164eb3cfc3e6d2c097d434a334c259ffe27129be665b2c82ecedcc
96	asm-v1-5e08d24b5750d124934c0884	GCF_900490675.1	EXACT_VERSION_RESOLVED	VALIDATED	source_objects/GCF_900490675.1	1812376	4cb9076f5a0199241ec775b83274cd2c56134bc3053d690e350e452ae2f8302c	ncbi_dataset/data/GCF_900490675.1/GCF_900490675.1_De_novo_assembly_of_KCRI_isolate_RDK01_163A_genomic.fna	4706541	1b4257139a019b473e9e6408eefee4398b74abf28647bd3afab2cfe83f6695c1	ncbi_dataset/data/GCF_900490675.1/genomic.gff	1ee18987b7dd5f0f6ef98739d33d35e074ead4baaf047cab9cb40376b3c05337	ALIASES_VALIDATED_NO_TRANSFORMED_GFF	canonical_objects/GCF_900490675.1	canonical_objects/GCF_900490675.1/GCF_900490675.1.pansn.fa.gz	1315886	15502d541a2a9ff5cc6ee681c14f679819f69d68f597089691f778ad2ecf6661	40cee93fcf62030eeb5fa8f7c03ca24b018d5ffbe0a2638d7c4b231de00dc4e7	dc0dcbed798bc6f62afd1364a4e8f415c743cc496f385f275c17325dd76b4177	18db589c8bed069b27caf733379028212de08dfc8ec30f91235570890cc94378	9468e0e429911c00d7b239abc1378820737680c83e7ad094e93a7b8bbc9805c3	0e79944f9c61880691692b2fd51b339b066e858491438c677cccb440ae9fa690	42	4644141	INSUFFICIENT_FOR_RANGE_RESUME	.	.	1	0	2026-07-25T00:10:09.680335Z	aada61d404f25efa1a671e8fd90710d643bf8f14d6e67b97d432014a39cc6c68
97	asm-v1-c3800f63c8daf18e6af0aaa1	GCF_017896545.1	EXACT_VERSION_RESOLVED	VALIDATED	source_objects/GCF_017896545.1	2119968	30a755b42df70a76b899bcbb32f6e15a93337b1627ad63829d5e048657187ae6	ncbi_dataset/data/GCF_017896545.1/GCF_017896545.1_ASM1789654v1_genomic.fna	5417037	875ed3332dd80c723553b37b665d5fe876bf2b15e4b290fb8379270382f113d8	ncbi_dataset/data/GCF_017896545.1/genomic.gff	a980256777f8b5c613245078ae5d223d680019b44d047995fc9151648c54178e	ALIASES_VALIDATED_NO_TRANSFORMED_GFF	canonical_objects/GCF_017896545.1	canonical_objects/GCF_017896545.1/GCF_017896545.1.pansn.fa.gz	1525265	58acbbef6b4bcf3b4a05f6124e6d19aa1a4786f0819f6e2ee588486556f27806	e2b45238730d12e69030569ab95fcca2e7925a8547a108c77d27849b7e8550e0	37b4dfc6ffb48a14cd5cb777c8c0a5d724e938e1724f28be000365b2096ec5a2	ff7cb24391f5141938ce9fe4790626d0987ddfaa08811bc68ac4a6f4d0c1ff45	e733e210b15f5c6b365127d3b19625588ceb149b9826b2022a5836bbcf642660	db30bdd0ec73341c65acac9e0a406fa37d4a39b484e8bbaeb7d0b729e3dedc09	167	5334077	INSUFFICIENT_FOR_RANGE_RESUME	.	.	1	0	2026-07-25T00:10:12.604660Z	55c3028ed9edf40b477e52815fbb7eb3e5e91c9f632dbd4e5b4b2c1b13a2bec5
98	asm-v1-75786090079b909933a0de52	GCF_900499395.1	EXACT_VERSION_RESOLVED	VALIDATED	source_objects/GCF_900499395.1	2056505	45c537398d48d39913827c76606e7a1484c4b418ec91a705d13c6c0eeb5f7f30	ncbi_dataset/data/GCF_900499395.1/GCF_900499395.1_941A_genomic.fna	5273289	478e0a8e3da4a267c22383a900eb81ce15824dac14c00c0fbab2decc38fac4bb	ncbi_dataset/data/GCF_900499395.1/genomic.gff	6b76fade91fec2cf3bf09f8765354c3976de3d4efe0c4b9b6a600449a0ca19ed	ALIASES_VALIDATED_NO_TRANSFORMED_GFF	canonical_objects/GCF_900499395.1	canonical_objects/GCF_900499395.1/GCF_900499395.1.pansn.fa.gz	1478514	35c4cf41aae96487ed76aea737898112fc2eed5a0f643230869790c54c246dde	0b0e1422c789c4312d30746bccaedf4dc24481ba1af903b455eed09255911d01	74b30734a87bb36956a154968603874e751de1cbd6740809ba6952f88b2ec229	075e2b24f523d698e83a2b8daf6c6aca884d468d378bebfa1b944dced7196fba	71b6c517501a6d9ba98d3c74811eae9f921f76735a96d023c7e8eddc0ea933f7	c8213f9dfcf0651a55e77f0831aacf405c6b91a9bbaa2f53f9202ca9c586c0fb	266	5187042	INSUFFICIENT_FOR_RANGE_RESUME	.	.	1	0	2026-07-25T00:10:16.676356Z	a032da5ff781a2c204c58a77f5cec9cb27ba1bd8b8cf5a78a4fef775259c927d
99	asm-v1-2064c286be6c3369f0dcc118	GCF_019957265.1	EXACT_VERSION_RESOLVED	VALIDATED	source_objects/GCF_019957265.1	1934503	ae8664ae8d9acc5da52e394f1a32b0fc75629042464bc15dec1c3ffaa481962f	ncbi_dataset/data/GCF_019957265.1/GCF_019957265.1_ASM1995726v1_genomic.fna	4854782	83377ebe22adf78ce16b2272fdc32e5aa93fc083a61f32d640cb92fe7fe65052	ncbi_dataset/data/GCF_019957265.1/genomic.gff	7d8f8e5be245af4c26547ffa4bebbda94f8579e2d2b1694bdae148ac90c3c576	ALIASES_VALIDATED_NO_TRANSFORMED_GFF	canonical_objects/GCF_019957265.1	canonical_objects/GCF_019957265.1/GCF_019957265.1.pansn.fa.gz	1368342	0a1eb3c7129179c7dc27389a2c6e59b920643ecadae1a5957702d54a6363cc97	473676097cd3aad65456f0bbb036fecf7d3bc9cd7bda1bc8bcdccdb68fdebeab	9a2df98cfc2bd907aaee700747d9aab77c8a66aa3cb5c750448ef31d772b28a8	5c4087cf13136cb0ddfd2458e87efae34a7d78f40913710fe0921b961881376c	55c78aeafdbc4a4b32152392b879259967105cf6f6bf361040ac1581ad4b75fc	0188f379b25031e5720a5ff8bff5bb0c2fff43dc03f937b2fffacb01920b9363	210	4769917	INSUFFICIENT_FOR_RANGE_RESUME	.	.	1	0	2026-07-25T00:10:19.478522Z	b956b0dd3a8d1b5d9ff0c9a57159f46031fd166852fe20d5440d335c199c4ba8
100	asm-v1-1ee856b1dec60d00372c00c8	GCF_003730815.1	EXACT_VERSION_RESOLVED	VALIDATED	source_objects/GCF_003730815.1	2134159	dacecf66ce7cd03095c0e4ab8482ac6f8e78cddedc16bc7ebb4a63964281a640	ncbi_dataset/data/GCF_003730815.1/GCF_003730815.1_ASM373081v1_genomic.fna	5457919	7f3d6f5945784150c4bdeaf3cd426fb6590df19a408e4aeead0f9bb812ca74c2	ncbi_dataset/data/GCF_003730815.1/genomic.gff	633d59b975d4481372fd48d0cfad82b3852dd6006e11a5e9872f2200d9d9f14c	ALIASES_VALIDATED_NO_TRANSFORMED_GFF	canonical_objects/GCF_003730815.1	canonical_objects/GCF_003730815.1/GCF_003730815.1.pansn.fa.gz	1532231	f60973ebb00b2aeb9649ce8350640690c69a22b5d9a7166b2f2dfab1c668589e	25a2f1ecbd2548dc787bf54c22ea4a76765f1abe262bcb7bdc6e114a6a90dc3f	2e240b55d438df212c5569d983c827c45839b7bf638e43c02a812180dfabe9c5	90ec525e7f327a38bd0cf1cc500fa3b021d6407b064e8c5b3d9277c30296f159	313df0c3dee66adc1384125a8cead146a4bba96444c51efd8d9468a50c522d0d	ad9fc0e7fb6a612e600a29ebc8d99cf8d00d435f19b0c53b43733a3944c994b4	104	5380425	INSUFFICIENT_FOR_RANGE_RESUME	.	.	1	0	2026-07-25T00:10:21.754972Z	3baf9d7f27a4d76516ea3e6f8055eda0de6de3720f80eaf06c2600426842c031
101	asm-v1-24884a4a86738e89bf871a7b	GCF_002810165.1	EXACT_VERSION_RESOLVED	VALIDATED	source_objects/GCF_002810165.1	1900551	aade3f436e9d2271ac3a379780dd614fa208cdd97637e1d968a977096874f61e	ncbi_dataset/data/GCF_002810165.1/GCF_002810165.1_ASM281016v1_genomic.fna	4836703	164b3dfc5ddc4f6e0b1fc963c44363b52dbe5dafa9e6f7e18ebc6cd142e1d9bc	ncbi_dataset/data/GCF_002810165.1/genomic.gff	e63ba684ac054a121ae6d51c22286da0239243f1c685e935df2ebd2c02ead375	ALIASES_VALIDATED_NO_TRANSFORMED_GFF	canonical_objects/GCF_002810165.1	canonical_objects/GCF_002810165.1/GCF_002810165.1.pansn.fa.gz	1360100	d23db2518ba9526783d1ad8359ad5bf533ff30fca9bce8f3b6eef4ede79c43bf	7a9db5785772ff68598db7701b59b74705eaefeae8c8b3101965119eacdaaaab	ca1320803f901f8cd08ae6a21b3a2389f24e96df931662b07b9690e7db9f0abd	813e0170f34401e4539cdc8e10873c6f9ff28b95a8bcfa474f05fbdbef6be6d6	b7dbe95ae581566cb0dab9dfafda208e7d289fefb57d9c89438eb46836b4a779	d253f26902d2efe043d4e2388b525203a60acc486c129df867aaf592451c2603	93	4766533	INSUFFICIENT_FOR_RANGE_RESUME	.	.	1	0	2026-07-25T00:29:55.838857Z	2e83270ad963a3acc3cf81da566e4b3f4db701039b0a20d54625b8da4d5d85bd
102	asm-v1-1a5ea6b6f5285231c2fbc597	GCF_003020885.1	EXACT_VERSION_RESOLVED	VALIDATED	source_objects/GCF_003020885.1	2074669	3742cdba5432286ea180fcadde557fbb89ba1184b511c30c53be6c89f117c2fe	ncbi_dataset/data/GCF_003020885.1/GCF_003020885.1_ASM302088v1_genomic.fna	5358903	37413bae67a94cd5df6f5510b4202aaa477cc4233b9baab012d055c42967c75c	ncbi_dataset/data/GCF_003020885.1/genomic.gff	2e1208e68e14cbb0ad437019ec3d8c1252edd4bb0ad2f8d3223b2fe58adbeef0	QUARANTINED_SOURCE_GFF_NO_ALIAS_VIEW	canonical_objects/GCF_003020885.1	canonical_objects/GCF_003020885.1/GCF_003020885.1.pansn.fa.gz	1498659	606c5a949e0b47805a7eeef2d128643fd8a930fa6243d46b836817c279e22940	f2291de545ee1dfc6a9bd445b4d3763145bbcabf9e7172b5b884e46d4ba102f6	dbe73edee20fe1f1bbbdd8b751c4c283ac56b422bc8520b9cb5daed63b4d0c94	2c73086fc324bdd7083917556301dd0e647d881c085c8aa9a425f5899a34b656	aa43fddc6a1508024d8ba22b105fdd818ea8e6f03abfcc9187b509f706f281f7	cd40aa389a30100c781d654e00f2807198c3c498d97099f6457427282fc8f296	3	5292507	INSUFFICIENT_FOR_RANGE_RESUME	.	.	1	0	2026-07-25T00:29:57.977384Z	aa5a714f44d63de831846170f43061dae3d8875c53306c30deb9b1ec13a05627
103	asm-v1-8ce69036cc24cd167b405305	GCF_019585745.1	EXACT_VERSION_RESOLVED	VALIDATED	source_objects/GCF_019585745.1	2012786	93986ccc8c77e8ab24091224d6f9db36c7c935dfacf7e64ae99c70a0b465a94c	ncbi_dataset/data/GCF_019585745.1/GCF_019585745.1_ASM1958574v1_genomic.fna	5143964	8a1be8fffcdd436cbfe28d81314b8b49e7fcae8240a0a702bec4387c04dd23a8	ncbi_dataset/data/GCF_019585745.1/genomic.gff	4643e78912f245ebf96577770d9990f0dda9257aa295f4d9afa5a0d84480ec90	ALIASES_VALIDATED_NO_TRANSFORMED_GFF	canonical_objects/GCF_019585745.1	canonical_objects/GCF_019585745.1/GCF_019585745.1.pansn.fa.gz	1441814	f4c461c68709d8f2645a3108a8f360e8e9df51e50c35f75b8c65b6b92dfd96c0	f732e66f0b80972ed8808e34750fc8bb1189b65d8291340f01c5624d133c4a3a	6021bb54e84d87a112a949a6a59dcee73a8bbcb9a739d848220ad7ce2ee73add	8dfb82e7227c4809257a7cb418f37f36ce47f64a806e0e9ee491f77a61925488	d16b0ed8f83c81ee57f00cf7c18e994d25dad28b4a2c8dbc6eb2e133dafe6051	4c0db4b0e90df55108f0a1f7570c9a46748516296e1f2d3dba3fb372bee2b22e	75	5071496	INSUFFICIENT_FOR_RANGE_RESUME	.	.	1	0	2026-07-25T00:30:00.249842Z	8c671f8b532fbb26b4862c2f29274735dbe35f6852c77acc4bc86764942ad6cc
104	asm-v1-0e779ade6c8e7f82046c984a	GCF_001519855.1	EXACT_VERSION_RESOLVED	VALIDATED	source_objects/GCF_001519855.1	2011368	6429c532a23d278429c7958a17054ff244dfd1520e2675727d05239eafef2fdd	ncbi_dataset/data/GCF_001519855.1/GCF_001519855.1_ASM151985v1_genomic.fna	5063455	9c934f9657cfe196156acd4459ef3a767942a5d653331a3ad017ee8ac43fd919	ncbi_dataset/data/GCF_001519855.1/genomic.gff	ba5727f0329ea84fbe9a9284b8eaeb833a21d9e3f588917059cb2b0091e3d9b1	ALIASES_VALIDATED_NO_TRANSFORMED_GFF	canonical_objects/GCF_001519855.1	canonical_objects/GCF_001519855.1/GCF_001519855.1.pansn.fa.gz	1443917	fdeb259f395d74a8c01a62f78319d301f662728157cd178a2902659029c19980	7976923bd6ed76e480cb97866918adff513ae84bb33819a31e9d38dfb69b96c4	d6779529f8d92c5ae12982bd51a51f6638376ce7f3210b76cf8b523246238b82	a2735ab2651b25915474f380cc292e883043696b826bf4cbce8cd3f0f64b087a	c6c32c5f6a54b19690cadd4a2b4aaea4db158e929f5f618c4131cf4f15713ec7	795f93a7a2cd7c5c5c2e95bec882c82fa1c729d543b7f11630c2862a09b77fa1	244	4973221	INSUFFICIENT_FOR_RANGE_RESUME	.	.	1	0	2026-07-25T00:30:03.092420Z	dd224ba7253678668ba8d830fda39ba69b90fa9144667451284665d5c8fb4610
105	asm-v1-9bd5c9688820f0df8a4a5318	GCF_003361255.1	EXACT_VERSION_RESOLVED	VALIDATED	source_objects/GCF_003361255.1	2137265	7ee0608898291d9fdd15940b65c8745c7b8cbd979741993818e91f9cd6319cab	ncbi_dataset/data/GCF_003361255.1/GCF_003361255.1_ASM336125v1_genomic.fna	5493598	e042c45d6abebf945000897c3503e342c7fd5681523c3d483cf582abcc76e1bc	ncbi_dataset/data/GCF_003361255.1/genomic.gff	ad7d4668fcb4d99a61259b6a72bdf9ee0bb1761cdcd9a0a66f02445011e8da6d	ALIASES_VALIDATED_NO_TRANSFORMED_GFF	canonical_objects/GCF_003361255.1	canonical_objects/GCF_003361255.1/GCF_003361255.1.pansn.fa.gz	1539932	ef9270698519163a5cbda60d67c3771bc8cf953ec11e7fe8408db62cd14cbb8a	b33656c1d7ac35b39597598e9b7118de6edc1788a7b8be8125c6389c84a01738	1af3d92fe470250ebffcce63eccb2f3dfb24571d2d26fde590908ad8e7f002a3	e702a6e75eaa9e4e3287e64cbab26dc9cdcd363d697f21fb6bc8df8bb6e6f378	704a561d54f60416a4ffb9d47f7553b48fd6cde8d125baad1ca715d1e71eb4a7	9690419e54787b2c684ef370ed7ced0f43cdca4380be86e86b8cc69bee526cca	184	5407256	INSUFFICIENT_FOR_RANGE_RESUME	.	.	1	0	2026-07-25T00:30:05.734943Z	c10b6130b3684673979f3f7d53113b5f097fbfa6f1b92941454220358092880c
106	asm-v1-65878115c623cd80a74374cb	GCF_020421595.1	EXACT_VERSION_RESOLVED	VALIDATED	source_objects/GCF_020421595.1	2026503	4896760b8f89c2292bb018655efac5214decdeacd336afca310f478b6382de21	ncbi_dataset/data/GCF_020421595.1/GCF_020421595.1_ASM2042159v1_genomic.fna	5188840	ccc13acc6761958b35f0f2127f476b99389321094fda3628d1c7e60e002abebb	ncbi_dataset/data/GCF_020421595.1/genomic.gff	f7bd089ee1f4fb83966c1839620240e03550298fcfe2ad6413e0808d26af18c9	ALIASES_VALIDATED_NO_TRANSFORMED_GFF	canonical_objects/GCF_020421595.1	canonical_objects/GCF_020421595.1/GCF_020421595.1.pansn.fa.gz	1461805	01d348364ea27b83e0c9416a6fdf9a3e7acb8d400622f033c0a77845b8e38895	1ab8e4545c71a8b82af902ec30ac88709102c3e2129c35536d8cb66171549998	d83b71019dce07fe790524c82b69912049ee7cea9ee3d7503f9597e40ab0838e	19341035eb7677dc989c34af5cb2a5efb4b5c09adedb27d0e9fefe93b6cfdf38	6f5b7663f029b0524a0cf5f1e2d17a468374885ca728a1a2768c5ebe1857af47	3dfe41a73facb4864f7d8bf57db4f609e3c434574b9390c8b2cb90c1997f73a9	102	5115774	INSUFFICIENT_FOR_RANGE_RESUME	.	.	1	0	2026-07-25T00:30:09.107074Z	ec074eda8a6f0aab5bba124436e08c73c15a4e8d16f96b29e98c3b3ba0a937a0
107	asm-v1-c96f80149734ca008fbf3ba9	GCF_020381905.1	EXACT_VERSION_RESOLVED	VALIDATED	source_objects/GCF_020381905.1	1940882	34ccb38560901bbb0321ff57d2b1584c0a0a6562a319e9835744abdd86aa93ae	ncbi_dataset/data/GCF_020381905.1/GCF_020381905.1_ASM2038190v1_genomic.fna	4968574	ac763f30414ffb5f1162cfeb59296d422737ccce181ce095a3d34fe9771d6497	ncbi_dataset/data/GCF_020381905.1/genomic.gff	9efa9e149b145b135501fbb68581e904470ccb8d47d1f178732f0f75b8b2e2f8	ALIASES_VALIDATED_NO_TRANSFORMED_GFF	canonical_objects/GCF_020381905.1	canonical_objects/GCF_020381905.1/GCF_020381905.1.pansn.fa.gz	1396142	5f70145a8ccc91b1287e9467136e07566f1d0f3332bb1489e366333d56164e01	a136df5631aa7873703f58619298c8bfaa4eb091b6ac2e198021f53c6c22ca89	47612f07fdcc5cf6e2ea605c790af5ece7b9ce34fc025927f26ab19601da496d	1cc9e7a816500187ce2c1c150cde42c39d36052cde913130de2d4c180dc90f30	97d5ee6c24c6943b828d4ffce47ebfb806a1900f1635d4fc3977756312817a6c	ac2f7708cf7011bbb7cfdd7b0e213755b351074ad2e9fd74d5816ca4635c9e69	92	4898288	INSUFFICIENT_FOR_RANGE_RESUME	.	.	1	0	2026-07-25T00:30:12.495163Z	bb9f6314e7f287b6b4b5ee7454f70abe35e667b5e776693cd1c67da2e1868184
108	asm-v1-85dd7d1cae0395a55d315e69	GCF_005384845.1	EXACT_VERSION_RESOLVED	VALIDATED	source_objects/GCF_005384845.1	1935148	53e35c9dd8cc6e368d7b9994d65ce37a6022f389625f320ff25044a082bc769a	ncbi_dataset/data/GCF_005384845.1/GCF_005384845.1_ASM538484v1_genomic.fna	4791578	067fce3c2338bb7c0da544f8ac4a310da8f0760c1e940879b908e8f9fb7bfe43	ncbi_dataset/data/GCF_005384845.1/genomic.gff	8facb2aae04dbe2be4e6460967c85b8b93d48e298f9805fbde4738857cc0acc3	ALIASES_VALIDATED_NO_TRANSFORMED_GFF	canonical_objects/GCF_005384845.1	canonical_objects/GCF_005384845.1/GCF_005384845.1.pansn.fa.gz	1356963	e79cb2b6a1224afb4aad7a69d84a6ad26064e180f165ecbf156aef1fc2588541	869eadb5b22ae8d14d8e060fed598dd54ed72c65e36a760b9f4dafb27b46d3f4	82760235b09871d087bf55c689ac642e6619195bb0bc0c924a667d1ec85e8f1d	7272d13ea78ee6ffb5ae752360fd2a1569d339ea2a0fa2dba7d473c20ece16ce	b30964590a9e1fdb929cc242365da37695eb099acdf2133733433522a1057d36	b2be81c0e1790e38c530dd604cabcc99997b16fa5c02da3e5758419b22caa9ec	601	4676950	INSUFFICIENT_FOR_RANGE_RESUME	.	.	1	0	2026-07-25T00:30:17.143071Z	4b898da5e28f8acdccf7021c53fe45f386defbfa6c42481aedaa80b47a4e6020
109	asm-v1-a24dfb20ff5bc2a1a66e43cc	GCF_020553415.1	EXACT_VERSION_RESOLVED	VALIDATED	source_objects/GCF_020553415.1	1820389	811d3765c4c6553b444e33e891dd0a8280fc3711c945d04263f0ec562f1891a0	ncbi_dataset/data/GCF_020553415.1/GCF_020553415.1_ASM2055341v1_genomic.fna	4674629	d6f1360ac7d03697a8f6f3ef616ed776b1a764a49f60156b10126e4117e3bacb	ncbi_dataset/data/GCF_020553415.1/genomic.gff	02331d5494ed4a1930ed5908eec43942e0e7ce3e1a8faea3a4ed197ce4dde075	ALIASES_VALIDATED_NO_TRANSFORMED_GFF	canonical_objects/GCF_020553415.1	canonical_objects/GCF_020553415.1/GCF_020553415.1.pansn.fa.gz	1312260	f7f1f08f21a6f3e731a5027325b053785831e91355cad39d180f17e8e363bb06	1f5961ea9d47f683fc708617228407735e167996c1fef35b531a973ac360db7f	89e0b1f40e4624e86082dcb2192d74d0b1eb9d33365261be0bcb9b7dc6c93e39	a5a26684b56ad68680138bd92fe628e721aa994befbdecb18ba1985011d5f670	652227186b89e115605f97f725fc01245afce74878e86339378e3fad68f4b009	cfb62617a40fc105dd911aea04cf490407f767c29d322024d51a079e74d9333d	71	4609953	INSUFFICIENT_FOR_RANGE_RESUME	.	.	1	0	2026-07-25T00:30:19.288314Z	295ea08919d6c411ac9c9b39f0dbd23a021433ced669e7ad364cf3fc341a4127
110	asm-v1-298fcbfe2065463c1c9d3743	GCF_003981865.1	EXACT_VERSION_RESOLVED	VALIDATED	source_objects/GCF_003981865.1	2001907	631dcf90cea0549d14416c3e31941719769565513912011ea3b0555a8bde117f	ncbi_dataset/data/GCF_003981865.1/GCF_003981865.1_ASM398186v1_genomic.fna	5101768	c20423283ef89986efec8c1dcae97edd1ba47973b70c9ac45985837682739c89	ncbi_dataset/data/GCF_003981865.1/genomic.gff	d4de177894f0f2b57323f2f877bf071c31a40933ac558d21960879dda60835e9	ALIASES_VALIDATED_NO_TRANSFORMED_GFF	canonical_objects/GCF_003981865.1	canonical_objects/GCF_003981865.1/GCF_003981865.1.pansn.fa.gz	1435191	bdc19b341fe89dc51eabeaf53c6e7258e7412d51fb774b4f7fb4b95c43f77311	7f1b853a584926f14ab691d6e6f7bd2c72fb04d34fd4b3cd864f9bfcf9d497ac	645334c1ec49e65b6e7a736c71ebf1c0ece475496fcac73c868547a3285e5b04	73c96c720e1978739eeb48f638152ec184bf0fbf7e8bfbbb2ed694cbb9df2542	c99208ed1b8f65291c16a3c8457e348c826e20edc556e9c542e1e5e303bc444e	1b45744f331b780e6abb03e5fa838c298827d48ddd873ba53e9d30bda1bbc703	232	5017703	INSUFFICIENT_FOR_RANGE_RESUME	.	.	1	0	2026-07-25T00:30:22.123759Z	a94a8841465fad6d6ee3535b04750cfff96b9c3609aad2d73bf2896db6aec63c
111	asm-v1-4d07dafb1c5678c161088735	GCF_900482585.1	EXACT_VERSION_RESOLVED	VALIDATED	source_objects/GCF_900482585.1	1996045	425cbcab1612082cd3394e833d932c37fb5e1723b57f1200be78d3f47f234234	ncbi_dataset/data/GCF_900482585.1/GCF_900482585.1_17651_4_79_genomic.fna	5122277	7bc327c5ec8fb7b5a707462903b7154ff662f95d7117b5942e45b72ae9e64307	ncbi_dataset/data/GCF_900482585.1/genomic.gff	40bdea7eade64d88ef8c32dd48bd1e887bf246778ef1c9a55493ea4ca3993231	ALIASES_VALIDATED_NO_TRANSFORMED_GFF	canonical_objects/GCF_900482585.1	canonical_objects/GCF_900482585.1/GCF_900482585.1.pansn.fa.gz	1435904	e1d0bcd76942cef95216e1f6c15c38fd116c2d3a9b0207833b6f39c1dc6f91a1	c72eac9c8f76b6c1787ea22f07993565ae74061caca2581bb40416532a57eaf3	377f96eb312e60e645a283099c76feacf4166e1cff7724a485221fce3b2f5299	980b7619b89a0f80606b39b5c73520261c01006463a934c5ffeb5ee8f78ef46a	3d800d9f740dfa5a6e46b30475fabaa04f4fdd14ae537bc7aa2bfe27c09b7c7e	f986b24d9e7fad69a1a6293e125703f304a82e2712744f0f14b02163fd6fdd4c	52	5054754	INSUFFICIENT_FOR_RANGE_RESUME	.	.	1	0	2026-07-25T00:30:24.628837Z	c98fe8a735bd29739bea727a6771047689d66861f16647dc3944cc53a5c1ffdb
112	asm-v1-bcd996b233020fcb4c0c376b	GCF_002486525.1	EXACT_VERSION_RESOLVED	VALIDATED	source_objects/GCF_002486525.1	2147684	0eed7879df5400c50da11736503746271343e8d08cb6e5cf056c6cd634096919	ncbi_dataset/data/GCF_002486525.1/GCF_002486525.1_ASM248652v1_genomic.fna	5472298	3346ec13a9f777952769ab89d87a905298293fd934e574e3da3b78a0e14e0aa3	ncbi_dataset/data/GCF_002486525.1/genomic.gff	7dedabe39deab86d48545aa762d2c3cd862a736d591eb2aea9fb50caa42a952c	ALIASES_VALIDATED_NO_TRANSFORMED_GFF	canonical_objects/GCF_002486525.1	canonical_objects/GCF_002486525.1/GCF_002486525.1.pansn.fa.gz	1535011	dd9a6d1238da3d275178d8026b53c8fbc024cfffe2e6ab6bf58d54acee2cadbe	28b0538d22a3e5182c42eb22f87f7514385ca155c6aea021f731dd7e7f24ebf4	f38cd834144809c9fc51bdae1b84d13da114073f0ba66fecd7bb291407612273	a852aa5ebc626a96fd3f2319659988f8ede3c15216b32bb1cea30e86db7ceb5d	4201bfb4f1c42431828e4bc039298f10fce70b53635262521798a4e73ce87a04	923e09bb45256159eb7f9c4cb9de59143d1b6bef094bc2339fa10956e4e65107	289	5368854	INSUFFICIENT_FOR_RANGE_RESUME	.	.	1	0	2026-07-25T00:30:28.293087Z	99b1e0a51139c29c3136df59895af1624161603524916999dafd2667b033bcf9
113	asm-v1-2477b7350a2afef10b320c9a	GCF_900478915.1	EXACT_VERSION_RESOLVED	VALIDATED	source_objects/GCF_900478915.1	1942184	0463738843c8c993113b3918fe575b82215fef50972826a527e4e098548d20cc	ncbi_dataset/data/GCF_900478915.1/GCF_900478915.1_17261_7_34_genomic.fna	4929887	3631aed956b4927daf2d66f126d5425807fb2f564353c1ededf7a908b48419fc	ncbi_dataset/data/GCF_900478915.1/genomic.gff	7095d54381b9bc78b70027880122796ee8aa9ac4ae4df7d98399972b3c123fbe	ALIASES_VALIDATED_NO_TRANSFORMED_GFF	canonical_objects/GCF_900478915.1	canonical_objects/GCF_900478915.1/GCF_900478915.1.pansn.fa.gz	1384421	891a1d15cb22ff56f150ba75fd73ddbffab77f0bed55a5c7cb3fef642ef580c9	7f91917734a38fda2e9d580cc53a745a1b56553db5404188869b9c8ea558c500	69da13f72c7591d163f3f077ec86c8a3252fa66abc406d295a1c85bb02d2f393	fb16dc37d781dc82cc9ddfa5ffdb0873ad13d6f3b37f357d993a78a0a31b322d	619474319c08daa9cc2539c57d04cfbc7744487cde380a5bd838dee08fc8c335	d2f2b292f8da56f6a1cb623b062b876971784eb43b6f9beb6740c537abb99b54	104	4860452	INSUFFICIENT_FOR_RANGE_RESUME	.	.	1	0	2026-07-25T00:30:31.496114Z	84bebed79f8c90e2c95637e3927cad958a740ef61e673dd0d70bc0ef87d1d61d
114	asm-v1-4a22d9738259a930686778a9	GCF_000457675.1	EXACT_VERSION_RESOLVED	VALIDATED	source_objects/GCF_000457675.1	2043758	34ae62cccf1bcfea3148d5a49a1441aba24e7ec6b947961522f9be7b3c6e9cd2	ncbi_dataset/data/GCF_000457675.1/GCF_000457675.1_Esch_coli_HVH_116_4-6879942_V1_genomic.fna	5308805	40a4e3df3eb2e63089de50ce29180daecf426d47affbf7149af90b7e809ca390	ncbi_dataset/data/GCF_000457675.1/genomic.gff	ed1a1708dcff3f5c90550999dc8bed53370e9f769957a6d537dbfd5990c66170	ALIASES_VALIDATED_NO_TRANSFORMED_GFF	canonical_objects/GCF_000457675.1	canonical_objects/GCF_000457675.1/GCF_000457675.1.pansn.fa.gz	1479650	465c6b402b4f3cfeccc3756c69ed58fcaab739dbdba80a66e1983bd6114c6b2b	55dd3a8968637d9b8b962741bb01235945bf9d56bb8ea32a7661918cdbf54aef	a3276919dad30af9e563170ec25357f83169a611858ed71b9dd67dc272b0f901	1f4eb0122319b0e2ba6c2c7c9c3c4efa153050e198ee6401a5ec457c98bebdd0	be727fb9d6f574695dc5e89ca98cacd8153d19c673e017e40bcbc1686c262b08	8e06f6ef533f661d9e9b7d7198fb75fcfb2416534212d8693224a3732717edd5	13	5241945	INSUFFICIENT_FOR_RANGE_RESUME	.	.	1	0	2026-07-25T00:30:34.179992Z	5b30d4672739039771f8d5482b4fda9a699139e5726165217028f8c2e966bb74
115	asm-v1-e36c28d65775cdb54db5ec18	GCF_001621575.1	EXACT_VERSION_RESOLVED	VALIDATED	source_objects/GCF_001621575.1	2129108	b21b4fb538a66c81adb48142c8b3e5a61fe7e0b1e103f0d7edaca5f7c3e7c441	ncbi_dataset/data/GCF_001621575.1/GCF_001621575.1_ASM162157v1_genomic.fna	5360680	b8f2eb1a9f32703026abb17778f40df47a2ca29b276c61e250606df312a7fce5	ncbi_dataset/data/GCF_001621575.1/genomic.gff	375fb7e773cc47db5d56197ebf9354c27e5eb367e64c5580b5a29ac11da9541a	ALIASES_VALIDATED_NO_TRANSFORMED_GFF	canonical_objects/GCF_001621575.1	canonical_objects/GCF_001621575.1/GCF_001621575.1.pansn.fa.gz	1508910	5645b7954ffd83e72d5285a04272162862b86c88be9f2d6645f8801702dc7093	a148a483d0b8d403e215a0917ac931633813d7705b31b5e509fa188ba898dd6d	88d0fd988e2b3bf3592ec3c7515e659d688e5575ee172e192ab5456fcbf99a6f	9faa685a2fb9efec368cc8ca22843fb12befecfd36b0586675d8e62047007a40	7412aec9f765da5e784779cad086c749d4eab83de7136415b894f01ff79a36d1	620d676800fe712f864cc0170f336264399315d921c48e504de9dcc43bd0b09c	283	5262321	INSUFFICIENT_FOR_RANGE_RESUME	.	.	1	0	2026-07-25T00:30:38.537019Z	a2fcbd771570a951e52ed777074be6068b508bd4f6e407a7b40eb36c0e7c1edb
116	asm-v1-17eb83e66f68b28af50bb52a	GCF_009789895.1	EXACT_VERSION_RESOLVED	VALIDATED	source_objects/GCF_009789895.1	2051525	9d7b04bb21762ef8b383efaba352c0d174f5bd8fb0c539f139944460fb62af5d	ncbi_dataset/data/GCF_009789895.1/GCF_009789895.1_ASM978989v1_genomic.fna	5267618	79b685cc55b06bdfe3786d782b630cf6d7bc4a8dad664de8c444e8d1abcfba33	ncbi_dataset/data/GCF_009789895.1/genomic.gff	81699947bc9e7c53a361e477760633d9ed7a4ee787b9456f94fc2d143ceef49a	ALIASES_VALIDATED_NO_TRANSFORMED_GFF	canonical_objects/GCF_009789895.1	canonical_objects/GCF_009789895.1/GCF_009789895.1.pansn.fa.gz	1478830	c1724feeadde60c9d3538442af657877c2c97ad984c5517f97bd4101f83acf41	31de3fccb66927c5c3e72fae88a6eb886bb097315c1cd62d00ee7f1439fe70e8	7948804457708077081c072ad45df9ff2ba20546a0456eceac1ec61db4cf9242	373b793ebcb97b5194c6edd2c494216fd03efe2dd0a8c1dbd5f032732648415d	4a484b5aae10dc33dc084cffacb5fe10e73b05796a3ce1bd5770732e4962c575	ce75c93ca5ca50d50b0761529a3d71b4a09f4583373e34047f1c347e4d3fa088	138	5186949	INSUFFICIENT_FOR_RANGE_RESUME	.	.	1	0	2026-07-25T00:30:40.944790Z	b1e901013ae54e3437a0fe255bea6f151202f4525b19d086d7866278b9e3f515
117	asm-v1-7de306702c997388812a641d	GCF_004566835.1	EXACT_VERSION_RESOLVED	VALIDATED	source_objects/GCF_004566835.1	2156869	048d27685a93d56fa4057f815abe5354bddb19bad5cd8aa040d01f44de061194	ncbi_dataset/data/GCF_004566835.1/GCF_004566835.1_ASM456683v1_genomic.fna	5499241	652adde7c375b3ac23d975215f95967dcdb2ea1d5db366f5e651c18d93ad2aab	ncbi_dataset/data/GCF_004566835.1/genomic.gff	4b56aceaa74dbd8b82bb3ff6282bdb0a1b20730c10f3511e42b737fd624e570d	ALIASES_VALIDATED_NO_TRANSFORMED_GFF	canonical_objects/GCF_004566835.1	canonical_objects/GCF_004566835.1/GCF_004566835.1.pansn.fa.gz	1544426	5ca2d5bacf9c53ce32ceea783da6d0e9ec386cebd34a3d8c6406d86f48781ed0	29d331aa09122c4d1291ba1bcd5b9b186059936ddb5e8a35db12e0c40955e33a	a2ce0cea7687902f346614b2f5a90efa169a50cf69f73fa8465cba937e72864c	1a998f8d4139288c854310ccf939163ddc91a754a1946d6b40ac0399b9d07bd6	9f0f69e98ada2340a8d22a89543cf57cb3c8fb5c3ae0a039372de6db5f233be5	7f16fcf76680dd84652388be874c3d4e0191b2bfd3f49c6d8aff86170af696ef	86	5421391	INSUFFICIENT_FOR_RANGE_RESUME	.	.	1	0	2026-07-25T00:30:43.210574Z	4e26a5001415bf344a630b18806af41e990c5c102a1ce6a53e8b7df157963d9c
118	asm-v1-3236ddb3f9c2fffea22a4966	GCF_020023255.1	EXACT_VERSION_RESOLVED	VALIDATED	source_objects/GCF_020023255.1	1799346	08dbd680a0941c9b1d108555242eecbe0fc3afb96055b81c3c35bbc7405debfd	ncbi_dataset/data/GCF_020023255.1/GCF_020023255.1_ASM2002325v1_genomic.fna	4647562	831170b876d27e21547dad9e63b63d48fb310d4018940c76783ab4f1b9f3f8a4	ncbi_dataset/data/GCF_020023255.1/genomic.gff	cd838de07988bb47adb25dd3542bf4346f37bb2f209a644c7da293c829bdf740	ALIASES_VALIDATED_NO_TRANSFORMED_GFF	canonical_objects/GCF_020023255.1	canonical_objects/GCF_020023255.1/GCF_020023255.1.pansn.fa.gz	1300842	4dba082531a990411bb9b993e0dc8bc77ed8a1d67f3a9f2460d5b6b57b7b0c04	2b9160fc149865d6c186b9741d15a5daa20bf68778833616ef49a453377410ad	50769254c3eaad92d30c804156f7282f5b9c4411faa74f0a8b8647b461499154	ab42dca22d2a07fd89d6ae21e8468381eff6ee93ea0e9668c437fdd933d4836c	fac090e63589f6adf96c029f022916cf4cf4cbdfddfc8f38fcae32a5b7f418c2	50779de888166c9886139f96c18c1638805d4540890d66c5a87a79eb026f380b	1	4590098	INSUFFICIENT_FOR_RANGE_RESUME	.	.	1	0	2026-07-25T00:30:45.365112Z	df5a66da50889c9d5be8f0b51d6fe3d9b406929990fabf693dc2895559744ed3
119	asm-v1-0f647648184c8aa43ecf3f31	GCF_002194865.1	EXACT_VERSION_RESOLVED	VALIDATED	source_objects/GCF_002194865.1	2176969	2b2eeba1e6fc564b12f3f6861a4d815c27bbe7c5c6b8e5fcb1de4c66d0340739	ncbi_dataset/data/GCF_002194865.1/GCF_002194865.1_ASM219486v1_genomic.fna	5538080	835bed6e3b41c37c5f0c81d285fa99052d58e5e244f439a91a4d480c74663a35	ncbi_dataset/data/GCF_002194865.1/genomic.gff	a88dd920a3e1e2f42c0d12388a8e4994a02d22bc872ab42c2dbef902d436acac	ALIASES_VALIDATED_NO_TRANSFORMED_GFF	canonical_objects/GCF_002194865.1	canonical_objects/GCF_002194865.1/GCF_002194865.1.pansn.fa.gz	1554007	609acab013f577d690a39551e96a82e4687ce3fed9e6ab00b7dbd7b286dc9220	035da30c892a0a0085daa2830eb01cc52673783702c6b133d48e166e0848ca41	89e0a87cdcb6998ea8825b3702da31284a8355a0a434932c231e742cfe2270a4	1b0c9a12cd67a53d099e7e408107ed0ffd09ca9f82350414d1dc05687a0b5561	95602a96cb3db5a71c51e428fc15ff90767686116e3e9260b47a25bd52291968	5d6555cd0b58c7d2da44bf7e43e9c176fc35bcec0922ef35114868bbb5b22570	314	5427318	INSUFFICIENT_FOR_RANGE_RESUME	.	.	1	0	2026-07-25T00:30:48.494145Z	cba42bf1e5a034568afc5fb193c40250b90db04e1186e73c9336b2d033058d2b
120	asm-v1-2b81d9b41ff19ed11b140548	GCF_009882745.1	EXACT_VERSION_RESOLVED	VALIDATED	source_objects/GCF_009882745.1	1991653	d77a4c9e37d7555171e81fae1a6664bc914c687ef82cbbb7d4700c96be6a2e70	ncbi_dataset/data/GCF_009882745.1/GCF_009882745.1_ASM988274v1_genomic.fna	5074779	b22dfea94c1f3be1517e437194cc3141e7d97e5fdafaa78642a8eac0695ef8ba	ncbi_dataset/data/GCF_009882745.1/genomic.gff	7057f8f573274f8226ea8bffcfc35da346ba697fef0db073d2f74e6a33587454	ALIASES_VALIDATED_NO_TRANSFORMED_GFF	canonical_objects/GCF_009882745.1	canonical_objects/GCF_009882745.1/GCF_009882745.1.pansn.fa.gz	1423358	f9d62d96ebac1caaaa4ac9f024032443fc27d6985d98bb9c2104a26cfc2dd463	08f671aa5a62ac318cd077fa4b3c3bf1fc5b65c555e93615cd9c5ace992c0e9c	26f8bfecefbdcf7beb26571d546eab83952141ecf70dcc9b7b7054f963af90b4	03ab84b01dec77a660dce2347f4e7710065fd59f91c47708e3d7dfcb56552a0c	3dfaaab32c7475edfcb1ab234188436327e944d71bb37cfaac5a42c6b64e472a	a7a74810b5405ab9135eaed72420db442ec44fdef43bd3371e047081a8fb320d	135	4995753	INSUFFICIENT_FOR_RANGE_RESUME	.	.	1	0	2026-07-25T00:30:50.950310Z	422116f3bd462cb0848751176c2749bb7bb6786fd13224c07e4d8100b698804d
121	asm-v1-960926141466b4e293efda88	GCF_003302025.1	EXACT_VERSION_RESOLVED	VALIDATED	source_objects/GCF_003302025.1	1983521	7eebc8a28b3cd746108e29879ec236752226d37ab03e08bb95354d4b2a6314ae	ncbi_dataset/data/GCF_003302025.1/GCF_003302025.1_ASM330202v1_genomic.fna	5117512	839fa0fc13811534cd8e6c907adc91433fc5407a1f9d334246bf5af6b282e9dc	ncbi_dataset/data/GCF_003302025.1/genomic.gff	6a342ca356816745ab71ebc8b9086131a52450929f4e805bed24268276791e1a	ALIASES_VALIDATED_NO_TRANSFORMED_GFF	canonical_objects/GCF_003302025.1	canonical_objects/GCF_003302025.1/GCF_003302025.1.pansn.fa.gz	1437575	74d3c4244395a5e365e900143e3f1414720f266c4c211fbf9bd45124cd236640	afd7eb39fedcd9069d1df8b39ab05c53e13c1a6eefd3cdecbf711ef0517fe52a	91c9af552289176839b554b5dc919bd374301ade59cac7f239e4a5c491c27249	a367f8ac60a647452e87c5d476660455fe918886a6322e0f3e0e27ae969cbcf3	fca4d8d628794c35b025bd84b6451b7bac75e709571f1648207ef50871e6ef4f	d881cfbb10ecd626a7eb8acf6111fe5e8468a7c642700124dee3808dcf5acc4d	99	5045094	INSUFFICIENT_FOR_RANGE_RESUME	.	.	1	0	2026-07-25T00:30:53.271359Z	26814ea97271c07fa59799515c8a2c23ba3493350f17011830fd37085c73f60e
122	asm-v1-884e9cbf277967272674f92a	GCF_002465545.1	EXACT_VERSION_RESOLVED	VALIDATED	source_objects/GCF_002465545.1	2124966	aac8f420f03f2810593b80d4e8ba34a2fe5d3aad1e09a9b4456271231be502e3	ncbi_dataset/data/GCF_002465545.1/GCF_002465545.1_ASM246554v1_genomic.fna	5409389	04d0a2b862c92479148dfa483374f2682c1a981e4ffa767a565edcba34418367	ncbi_dataset/data/GCF_002465545.1/genomic.gff	13eaec01991d38832364e2874786fb83f50dc3a87cb0436c38f7e47e3ab9d606	ALIASES_VALIDATED_NO_TRANSFORMED_GFF	canonical_objects/GCF_002465545.1	canonical_objects/GCF_002465545.1/GCF_002465545.1.pansn.fa.gz	1520949	0bdfcf13880840f80c475abfe179466a128489993066adc1dc153ea4898f7cd1	efdb78e92d2ccc3418f04c41bee359c6bd8bca10a0ccab9304f0b400f3e1be9e	a7ec3fe78ae7c2b770fa046fbde2162d3d3c83d4cbb8b9bb9b62245298486501	9989f642304738e07a8be1bed20dbe001568f67bfa09379f19148c645a5d760b	54c2e7e0722e5c1f14d5ddad3888b3b6eae47dde864ba92e93b38fe14e4412e8	e4d5661d33d8881187377dfd34edb28f16c5d58c52ddf1fec6a2cec01972f8c2	310	5304710	INSUFFICIENT_FOR_RANGE_RESUME	.	.	1	0	2026-07-25T00:30:56.529164Z	5c00d5eb9c5d91d75b074d3374aaf5ca144fadf030cce407780277f4f20eaf6e
123	asm-v1-27ffeb5df0a1195913f68e5b	GCF_006542825.1	EXACT_VERSION_RESOLVED	VALIDATED	source_objects/GCF_006542825.1	2070103	02ac4221b0e39d574d3b6b20b0184a5a3d87dc2fa7458b7d1c4b174b72cd1b25	ncbi_dataset/data/GCF_006542825.1/GCF_006542825.1_ASM654282v1_genomic.fna	5321142	997b6d793976460ab7dab8dc57001b6afbe1158116f244e71f0ff6045c756971	ncbi_dataset/data/GCF_006542825.1/genomic.gff	c78ca65885a65af84eabeb8ad132cb6cd6b0950862136cec5b23daa0ea210770	ALIASES_VALIDATED_NO_TRANSFORMED_GFF	canonical_objects/GCF_006542825.1	canonical_objects/GCF_006542825.1/GCF_006542825.1.pansn.fa.gz	1498080	0f2ca77e99570bedfe3759428560041af32a6286743f9257dfac65ecf6727069	8d4c7d892de8a5f28011ae59a95d41c67e50ebc75212eb9b579a9603002683e7	035327c8c0d8657192752a5e61806704a5e245c7d31520ba558cf2604f663983	12dc2dfa9d42b9362a8383d61fffefdda303d564c429fcb97c53c484d63d5b7d	ccb00e7a414cfd5d755a5bba19697ffd2e5b36555771628c421afa14f5afdd13	38698dac13cbce8defbc14b81787ba89d1726c158c6875da5d826b1b9866f452	89	5247057	INSUFFICIENT_FOR_RANGE_RESUME	.	.	1	0	2026-07-25T00:30:58.684085Z	bb6cbd2cb972d4b5f696e04d6fd9ab50c450bb73b445d74f73ef863ba8d83d00
124	asm-v1-0307af4fec82c862fe2d0a40	GCF_009931235.1	EXACT_VERSION_RESOLVED	VALIDATED	source_objects/GCF_009931235.1	2214664	73877b83a3fb08c1853c9c50417290f5073d468eab74baa7d3aad6eeff10d9f2	ncbi_dataset/data/GCF_009931235.1/GCF_009931235.1_ASM993123v1_genomic.fna	5732228	8d6bdfb9a7864367d7ffd483f28f123cd57656ce14f072e603979be9c024fbde	ncbi_dataset/data/GCF_009931235.1/genomic.gff	885e8a7cd9673a4f87799efa3b4a37205da53d34b4377fc8db26a0de9b5d7558	QUARANTINED_SOURCE_GFF_NO_ALIAS_VIEW	canonical_objects/GCF_009931235.1	canonical_objects/GCF_009931235.1/GCF_009931235.1.pansn.fa.gz	1603464	1fae1549beec6e8b8d257523217161b660fc075f3c5d558589afc78c0c6c8ae0	34db665ad26146cd28278a92b050fb722da6268d8073bca0212c911587c87829	2d183faa3101431483d69fc83585572334c5b5a93cfd4e2b6bb8a18a3a07fdd2	bb06fb26911f6e6c6da38c7e9cfa513064220c615c4501a1f3898edb7e5e5549	ef6afbadb02430b8baef9dbbfc7ff535eafb390ab7293bcfede2c4df19e63430	cd40aa389a30100c781d654e00f2807198c3c498d97099f6457427282fc8f296	5	5661009	INSUFFICIENT_FOR_RANGE_RESUME	.	.	1	0	2026-07-25T00:31:00.794589Z	f8769cedcf4ed2655fd42b7dcccddee6cca4031c6621c74606169f132410d530
125	asm-v1-8717ab0873cc28f3479226d9	GCF_000835055.1	EXACT_VERSION_RESOLVED	VALIDATED	source_objects/GCF_000835055.1	2189744	115c6db4c98f498bfc79d3c90635a2ea30547bc4b274e00aec7e519eb65802aa	ncbi_dataset/data/GCF_000835055.1/GCF_000835055.1_734_3_genomic.fna	5541038	c41b47483fb49535e524f9f3619d86796ff6846fb73608fb78101dcabbbbb0d9	ncbi_dataset/data/GCF_000835055.1/genomic.gff	51813dc7073e67e9e4412246c039bdfdcd7ab631a078998511bbe5533260d557	ALIASES_VALIDATED_NO_TRANSFORMED_GFF	canonical_objects/GCF_000835055.1	canonical_objects/GCF_000835055.1/GCF_000835055.1.pansn.fa.gz	1570839	b58a21f6aae01c7567599aff9b6970b612e98b6cc317f305b80fe435cf87a37a	d0897309a924d88327094ca025787fcf451c1d62ebed327bbb5277032c2d35b4	b84d6e16387808376d3a09b592964593ab85f348f5fde93bca1fbaed8f373fe2	569f0729eae11cb5ce3651543c31dc4fa712c20e99e24c9d9970331e79945814	831381b9c54cc58c332df2cc601f11fd50292ff0aa85da4924909120113bf3ad	f95163f4735735aaa717f41256679e7612fea458f86dc836de1ae671d81b4f44	226	5449636	INSUFFICIENT_FOR_RANGE_RESUME	.	.	1	0	2026-07-25T00:31:03.627061Z	932a9f06c3a4db8dcc8c0ece740d70e746a224d991b3445991781fb2bc4ae652
126	asm-v1-16bf0309255fcc117fbef284	GCF_003293975.1	EXACT_VERSION_RESOLVED	VALIDATED	source_objects/GCF_003293975.1	2151173	5edb731bae3affb883af80d0f44785b722c34c14cd7b4f51c47d9ef09ccf6b43	ncbi_dataset/data/GCF_003293975.1/GCF_003293975.1_ASM329397v1_genomic.fna	5390349	6db02bd436cbd2b850655904ff41783a0612c9d3b7642bf372ce5fb88bf86f2d	ncbi_dataset/data/GCF_003293975.1/genomic.gff	bd7331f40e7be67effdb2f81fe4bc0b25cc333d7c1176f9d3c596e727a5fc11d	ALIASES_VALIDATED_NO_TRANSFORMED_GFF	canonical_objects/GCF_003293975.1	canonical_objects/GCF_003293975.1/GCF_003293975.1.pansn.fa.gz	1520075	72419d34a4a4b2beeb2a5acf79889dbcd484acfc089ef8f3c8e959f268cf4c74	eb584de2cb9bb70713ef97f4d6b1313a75603239698a13db69ca22097af5fb8c	4b488f3041bd7835c5bb622c939fd8d2a761c24192953f9b4a6934fc1cda6b2c	62f1e53bcc032ec6dcf6c52c99afef6ef19af96f9c6f17d20dcfa0518f13539f	84789cdfc7d79cdfe5184854f20c807e8c99c51127b51289a7d10a40d2042ae1	14e3cae6d528e98d56ee9df8538c9208b49a52cd3f68e72e45e7de5e5bb486f4	295	5288007	INSUFFICIENT_FOR_RANGE_RESUME	.	.	1	0	2026-07-25T00:31:06.671372Z	69819a77492051576a82a9a3878d0832f7ea4900be4fe50448e14a05b3ba9cda
127	asm-v1-d8699cbe6ec8c87f76f740d8	GCF_002116465.1	EXACT_VERSION_RESOLVED	VALIDATED	source_objects/GCF_002116465.1	2042525	4ee9ee7e2d1e705fe644576bdad561f47dca4479c10deca0a8da0ec78bcf3a2a	ncbi_dataset/data/GCF_002116465.1/GCF_002116465.1_ASM211646v1_genomic.fna	5199200	290276541460541a34a20a192906a76dc26fc63692bd45f6c105c1bdc0281d24	ncbi_dataset/data/GCF_002116465.1/genomic.gff	df8357b629b6bff42595eaaf86a6726aac7df249117d3a2ba244b9639547c944	ALIASES_VALIDATED_NO_TRANSFORMED_GFF	canonical_objects/GCF_002116465.1	canonical_objects/GCF_002116465.1/GCF_002116465.1.pansn.fa.gz	1459833	50cc8c6dc4247dd7aee4b254c7d2267fd236dd6c27fdb9d03bd0aab2200fa8f3	6072f3007accfe1d094ffe579233f025f1440ce0e962993f135761290cde2590	93acd0ef4bb946972353242f01b9e6b15725782422be3e066e3216ea2839480d	6a70db798bf28765b35f8777caec92ef89ee6df5082aa8c355df039bb8cb9589	0be95861ffb3e141a4e8d74f108be73cdeb5b9fb28122afb896174bbda66d732	6d295f07d7701dc95c051bbc57d2af1837c926b1e5850fab2b327b2ad1fde05f	219	5107541	INSUFFICIENT_FOR_RANGE_RESUME	.	.	1	0	2026-07-25T00:31:09.394054Z	2ebb5eecaebe44b2b69b22f901a6a13abe1eedfe1a84553dbdf7125f982cbe78
128	asm-v1-986bef7dd17a4c1212022400	GCF_002228865.1	EXACT_VERSION_RESOLVED	VALIDATED	source_objects/GCF_002228865.1	2039561	1e06763f66654173e99ce77942aec2e358cd0462ff026698ab8c1b144733e89b	ncbi_dataset/data/GCF_002228865.1/GCF_002228865.1_ASM222886v1_genomic.fna	5232557	851383a7fbf204aa149e3e470387189dec3392d3534c9c7bee5c63be04fa93df	ncbi_dataset/data/GCF_002228865.1/genomic.gff	686c2b21c93dd3d1b679ca8a8a4803144b6291195a60594c0b89ca77a844663b	ALIASES_VALIDATED_NO_TRANSFORMED_GFF	canonical_objects/GCF_002228865.1	canonical_objects/GCF_002228865.1/GCF_002228865.1.pansn.fa.gz	1471817	d67ee465b387b0ae9241afa31299c7fc3c7d768a78e174615f597350924a2281	0fb64383a693b7a142b42079f8e298c2de7ae3ce7c0be72e5ad72e7facdcb8aa	41c2eabea6aeb3a731c013c0114b00efbfba335bf12e37a48b8c816ccd1210cb	65002b5005dc9f061341a779c2a3086c558468cd4f30bf04d10e99b3ce19994d	c68c01ccc5cedc0743390ad3f35f2aad881e43dea230ae17241d579189e2887f	a825130044b2244ea7d0431198adcc12467da86b511536454f1322d87eca1deb	198	5143372	INSUFFICIENT_FOR_RANGE_RESUME	.	.	1	0	2026-07-25T00:31:13.309759Z	8844cca3e4cf98f03bfb9cdf4678a85c94c3e13edabea1300336356b48e7c7cf
129	asm-v1-6287145e977ba39b2f4904fb	GCF_002486585.1	EXACT_VERSION_RESOLVED	VALIDATED	source_objects/GCF_002486585.1	2205445	d5f976d67668b2cce816d562fc9ddea8c9db29ba101a2c547e9c0cf1a8d4fb19	ncbi_dataset/data/GCF_002486585.1/GCF_002486585.1_ASM248658v1_genomic.fna	5587897	af27d88c9e5f66c2bc052e4bb503477629001e005c6a5451b2e530816c611ffa	ncbi_dataset/data/GCF_002486585.1/genomic.gff	d3564b6200c4509f8817f026723c3325a4b7b842b9f825902a2e5c5d9fdc608d	ALIASES_VALIDATED_NO_TRANSFORMED_GFF	canonical_objects/GCF_002486585.1	canonical_objects/GCF_002486585.1/GCF_002486585.1.pansn.fa.gz	1570399	0e41c37db638f04667748d41514979d27c962df3ed398dc53da6c2e8854c58fc	d7ee27e2ff713a0cb22d22fc8d01f98e53155c2447930db622f66cade36ae2a2	63626d98dff84075734e768612dd84a4ff71c2094002954d2c4134d911c126cc	0cb26aaf98dae43ea6c4a693a93e95965ee8d11c0f924a28518a1dab58f6f36c	24cd0de2b33973f8ee35262d9c58c24828eeb5115bf0dba1652a1da2e7a65dba	ae67d82982605945ccd83183525b55fcf3a418772008946f9049e072bf53ae15	389	5470525	INSUFFICIENT_FOR_RANGE_RESUME	.	.	1	0	2026-07-25T00:31:16.780340Z	bc5a194fca9da089b9321403377a5d4700783aaa7d762b7ef2c163c2b8df7610
130	asm-v1-142986f77d03a686f89f864f	GCF_002244095.1	EXACT_VERSION_RESOLVED	VALIDATED	source_objects/GCF_002244095.1	2037045	c3255c1aa17665daa47349544942e271778e726ae13b8c28116f38d751d3b2b2	ncbi_dataset/data/GCF_002244095.1/GCF_002244095.1_ASM224409v1_genomic.fna	5300386	d28c2b5d294ff0af50b528d450ccb60fd84042364fd5e18fc68e2ced36ded879	ncbi_dataset/data/GCF_002244095.1/genomic.gff	4e50ff4a18b235a829fb31c8b873e64347b26ca29a2956e5b52cfb29788859b9	ALIASES_VALIDATED_NO_TRANSFORMED_GFF	canonical_objects/GCF_002244095.1	canonical_objects/GCF_002244095.1/GCF_002244095.1.pansn.fa.gz	1472725	3d0f3e72e73cd581ee2f06d64e1c53f7d94f0856c547eae5a53c326f73ae6851	565d52d8dc0dd516fee4afce3a459554fcc0466b614ab12b2fe161afaf4febb8	1cacb83c6c17fa5f860bc482856519cd704e10ffd043d35c075d4fac0e8b95f7	ccdb1f814334e588c7c1e7394831f53c92b7be39ad008ab2fc53541ed0e3fc6d	35f54f23bb58b06705b3b9341b15abfcd651bde0471499692b6e2b7640d6d4fc	8c057c0679061ec49f9a4dffef2724635d9bacf7a24cb627e2618ecbc3154670	10	5233976	INSUFFICIENT_FOR_RANGE_RESUME	.	.	1	0	2026-07-25T00:31:18.937618Z	ccdfc18cbdb20c50d10c8222afeb921275402746429394690c888fc9356e69db
131	asm-v1-b6740c491b81f01cd73f2f3b	GCF_001651605.1	EXACT_VERSION_RESOLVED	VALIDATED	source_objects/GCF_001651605.1	2110490	e69874bc96dda709d01587afea37e741fd20e6de5effb5d2d51e82ea7b37d44a	ncbi_dataset/data/GCF_001651605.1/GCF_001651605.1_ASM165160v1_genomic.fna	5341056	b57d1e22d02f7ab6b77efb0733e600058528ad34f793814d322957f64b8a0df8	ncbi_dataset/data/GCF_001651605.1/genomic.gff	d0c6649e91d5edb3a6acb1d0f59c9768b5e49190b6dc76ecf7666b686b7627b1	ALIASES_VALIDATED_NO_TRANSFORMED_GFF	canonical_objects/GCF_001651605.1	canonical_objects/GCF_001651605.1/GCF_001651605.1.pansn.fa.gz	1520603	e0159e3a0a4b5fc605a6b1dc6d79857f6fbf04c88b65962c8af19fd81b21998c	1ecf196a82c931fe30dd3a41ef0b9d2be5c26f908f4ee49fb28af628f83c0194	90de1cc6346f974aa965f2c004f575c161ef8749d5a93aac865e7917dedacebc	33dd467682c593ff687d1662ccbdda8af41c36250cbb1b2a9bfe5716afb522ef	29e57cf91b64ed9e1415fb016db31688b9693744a5008968c4fafa52293a34da	2fbc59f52c3cfb4637be3aba57ab70b41c45499d57fb6900c692a14978739aee	293	5247585	INSUFFICIENT_FOR_RANGE_RESUME	.	.	1	0	2026-07-25T00:31:22.038663Z	7498a9051893b88b6ef7d5474f1b3a6c0bc36390ed1286ae9ed2a5ec434a0101
132	asm-v1-7763d434f05211d40bf09374	GCF_019834335.1	EXACT_VERSION_RESOLVED	VALIDATED	source_objects/GCF_019834335.1	1924589	0806db633bc80ed7aaafa163d0937c85216a6ab01ab3afa940d78bfb72c1a958	ncbi_dataset/data/GCF_019834335.1/GCF_019834335.1_ASM1983433v1_genomic.fna	4890198	2cb88d9909386a29e339abda4c51d3e38c9e6f0fdf82617c783663e8a24b9d88	ncbi_dataset/data/GCF_019834335.1/genomic.gff	d08fc26370db7658d2529fd4f2988db03b4665cb03bb94e66bebb239d6fac871	ALIASES_VALIDATED_NO_TRANSFORMED_GFF	canonical_objects/GCF_019834335.1	canonical_objects/GCF_019834335.1/GCF_019834335.1.pansn.fa.gz	1380108	38dbf18642285b663ea9acfddb7e7a0fb8486b14ac0a6e68994b8d762fbf9357	0c6beba248f20dbdabddcf93cdf74e396c60bc9e2ad543cb96e93d8158e59fc4	474611192c50bf43a13709e55c101f851d645d6b768f3bf085c466380ac55581	4da724b0c03e75f12aec35b784664a66c39060aed79356dd909501772eb8044e	275c32c1c06c6a44f15c66a220ac70c288022aa169a9951e4f31a29028cf7def	868f8f87380d35af3ddc8a9000a5a36bfabbe2722343b78ee07cda245419bf9d	113	4816526	INSUFFICIENT_FOR_RANGE_RESUME	.	.	1	0	2026-07-25T00:31:24.945055Z	dbe000f4076c837079eca42ede87dddae000649e6d933e9a44433939862058fd
133	asm-v1-d1e21fa56ef7d896d57e2fdb	GCF_001266305.1	EXACT_VERSION_RESOLVED	VALIDATED	source_objects/GCF_001266305.1	1946854	292945d462a099846070c51de5210416d4908135cb38ad6be854922ecbaf9875	ncbi_dataset/data/GCF_001266305.1/GCF_001266305.1_303301_genomic.fna	4982375	274ae71031bf1572461a85186f504106f16c58dab03bdcecd148243afb0ff099	ncbi_dataset/data/GCF_001266305.1/genomic.gff	bf396dd33458eef3f3774cf371645143f8c70e7e12d9079465aa02c7f00e5f8b	ALIASES_VALIDATED_NO_TRANSFORMED_GFF	canonical_objects/GCF_001266305.1	canonical_objects/GCF_001266305.1/GCF_001266305.1.pansn.fa.gz	1399200	1d87607f1baec3875a9444d29132c04e5d633a298c63c8717bdb86e0d3afe4b2	2132e52abc37aae75b83c3bf6e8ca7810a93c76cb8cb40904cadd09872da0937	4e0f0d23ce6a5e33f50159c66d0c39485bf4a893c96a8f544167918b44811124	9a0b949a814f22fff5683f27ea0bfaac60289f8dc0ee38b5c24db7629579ed8e	e61e680d8a943b5361eb56b360df251b90e92f49843c1ccf8dc59b0d5822048d	5dbf127b63b23fc6a932739f0025fa2dedee62c5380e974fd73d62bee5119b2e	100	4911832	INSUFFICIENT_FOR_RANGE_RESUME	.	.	1	0	2026-07-25T00:31:27.268731Z	d72b48cf46a3adda71bc122f68c8c60b174749b138a2aaf48fc2f2254baf39e4
134	asm-v1-0a76d9b911a6a0840bc2ee29	GCF_000357825.2	EXACT_VERSION_RESOLVED	VALIDATED	source_objects/GCF_000357825.2	2049576	08d69a452c52d8562693f49249560812e49ce8d7051562bfefe89d071969d219	ncbi_dataset/data/GCF_000357825.2/GCF_000357825.2_ASM35782v2_genomic.fna	5224637	fcebdf268e5d2bb74a4abfe369dad12b95a06e65122e8ea315e0d02c8fdb7802	ncbi_dataset/data/GCF_000357825.2/genomic.gff	399064ffd7ebf639d2f94039ec431327ef5267fa5b5a1a0cf5e44890af4c9397	ALIASES_VALIDATED_NO_TRANSFORMED_GFF	canonical_objects/GCF_000357825.2	canonical_objects/GCF_000357825.2/GCF_000357825.2.pansn.fa.gz	1467697	fb14b1e4f7c00796b41e0a071ff34e1a5ed1cca4a16db02274fd829a907c88b5	c3df8474ec35cf3b0987eef7a3069d3b0731e0907c118f7a19d958b60f02a060	2fedfede266c607ee278b095211762cd926358f737ab95072680a40693c0c753	31885e3c114c4ad65aa1a137129ed114a276cea6ac2a206db888654f5fffcc10	7d729d4a37d4d5a5077b77512ac506da1fd4ad0a427a852665543e9a11bf1866	fcc938f415a2529c4d8724bed8a2bfb73d2f3354408b83138678981e577319fb	132	5146878	INSUFFICIENT_FOR_RANGE_RESUME	.	.	1	0	2026-07-25T00:31:31.686918Z	fca6b30bbbd95713302c06eab4aa71c9c72671654b9b6fa81facc0053a024913
135	asm-v1-17523ce0779de995164d5409	GCF_009767495.1	EXACT_VERSION_RESOLVED	VALIDATED	source_objects/GCF_009767495.1	2164455	09f70eba609299fefb265c6a1dc80e65d877c2f8d87cfc0171a839afa91f2d47	ncbi_dataset/data/GCF_009767495.1/GCF_009767495.1_ASM976749v1_genomic.fna	5489854	522c33899e2014cbc55c447652a33f59bd6c390f42828b91730084c823a242ac	ncbi_dataset/data/GCF_009767495.1/genomic.gff	0d2565985fb3db5f3e1d4d75471fdbddbe5cdf915719473096db2bc740524708	ALIASES_VALIDATED_NO_TRANSFORMED_GFF	canonical_objects/GCF_009767495.1	canonical_objects/GCF_009767495.1/GCF_009767495.1.pansn.fa.gz	1543309	09dc894abf4375c8dda90345cc5577c45749c8a07a6107c768774ba957d8e6cc	59bd1a0f12531a3be22be61ee8e905bf36b38d2daadfdc5b031ddc3f7c11c3d5	baf1c72f3949f508c9e217335869405ecee3ccbea0fceeb29894b1ad04a620b1	de05e9c3352cafa29c98fc16f2d5d812f942dd612a4d513cca70584e71a23ea1	0dfc7b1fa0c98fd106eb1f4472c44a4c644a6f457861a5d31906a634486b3c9d	1aab64187cb641beeb2a0f326f22132b7879bff037275457dace2a3f9ce12fb5	293	5388842	INSUFFICIENT_FOR_RANGE_RESUME	.	.	1	0	2026-07-25T00:31:34.908907Z	3e14fcb7f805cd820b97548df5707b8ef715efaaeab10b8e23c76403445fa358
136	asm-v1-6c180b8cdc6ac8e7c2b6a14b	GCF_003988295.1	EXACT_VERSION_RESOLVED	VALIDATED	source_objects/GCF_003988295.1	1936548	aca9aa8cbde7780b16d3c61d8b60f9612a61e8635faf20f90a250f389c1a5830	ncbi_dataset/data/GCF_003988295.1/GCF_003988295.1_ASM398829v1_genomic.fna	4928034	aba79190d2b4cf4926e45132c4b721a0a5643f9e8649bf7d02c73941ebf108e4	ncbi_dataset/data/GCF_003988295.1/genomic.gff	0eccd4dc21e9d9ca2af12b36db38709ee6b463ced6bb6fd8dd4d6d3e7f29b995	ALIASES_VALIDATED_NO_TRANSFORMED_GFF	canonical_objects/GCF_003988295.1	canonical_objects/GCF_003988295.1/GCF_003988295.1.pansn.fa.gz	1389370	f3cf1fd2793942ee3da2709a2c68d2a7d290d1cfb350831c6eeff9725b6473f6	720ec657d36d591edea00d2679116233f1c976860f1c66251ca83fa54b2de37f	0c6157616d43c73682d1e10b86c817d5975b8a45a0c38461c367910f73490fb5	e793dc1839364e48ac904e3f9f9629cc0a8491a05ae7f35446fd643cd2afc276	577b32931094131534eb7a45c05b442148f822ecc25586c77f550f70ff8eb8f5	553aa5abe0ee0dfff246a9c6eb85801017aaa4cb851b349033134ff631b1482a	173	4846940	INSUFFICIENT_FOR_RANGE_RESUME	.	.	1	0	2026-07-25T00:31:37.418890Z	751d220203b6f505a20fe9fed2e4a2a2d99f392c7b292f6967a9a2ae0bbad222
137	asm-v1-abfbd4db0f259e1ee306f78b	GCF_016404405.2	EXACT_VERSION_RESOLVED	VALIDATED	source_objects/GCF_016404405.2	2033272	05e71829b81592d60bbefbcbd41221229ee048d7b4f10b577fc01d3cdcadd8d0	ncbi_dataset/data/GCF_016404405.2/GCF_016404405.2_ASM1640440v2_genomic.fna	5259974	db24b9d8cef28d49efee24ac8b85b8b826ac77444a443a990229328c32c8c15d	ncbi_dataset/data/GCF_016404405.2/genomic.gff	41da77f25c52a28c08b0ab59508e8c24a9a2b3d284e14cf953339691b4341b1c	QUARANTINED_SOURCE_GFF_NO_ALIAS_VIEW	canonical_objects/GCF_016404405.2	canonical_objects/GCF_016404405.2/GCF_016404405.2.pansn.fa.gz	1472156	8e0ca342921e0f24da7537ac4623c9f335f50fd70a984bb3d89cf862fc8001bd	216c7d33fb116f050da4b404191b6012c1d3da24f94bd953534d856c275c8491	59e42987a676c33e5682f648b3fa3a601daec59e1fb8e2f30367edb3d31e31a9	04c5dd745a5ec275010114716236fafe27b12141c3c0747b6ef59498a1a5b16e	1e00539738ec6117b56533931d5804b0b84e802ec3280d361b52018165a14b97	cd40aa389a30100c781d654e00f2807198c3c498d97099f6457427282fc8f296	5	5194698	INSUFFICIENT_FOR_RANGE_RESUME	.	.	1	0	2026-07-25T00:31:39.405110Z	cbc8bdc2635b5dfe14c4700eddd1666240661919ed87c3ccc06a9e8dc7946981
138	asm-v1-df9111add03570ec13656b9d	GCF_009794305.1	EXACT_VERSION_RESOLVED	VALIDATED	source_objects/GCF_009794305.1	2063480	a260b52223312345a56f07c458dd47498bfa532992e80885348e27bd0e5b8e2d	ncbi_dataset/data/GCF_009794305.1/GCF_009794305.1_ASM979430v1_genomic.fna	5185025	5d841c9b74e1cf345d693a31e4a63c49fa0ff4c9d99f32c9f6bdb2603b53cd32	ncbi_dataset/data/GCF_009794305.1/genomic.gff	dc474893e9d6a160f82440080eefbdb1ae6ee4f692fa59a0cdc43ad2bf16b10d	ALIASES_VALIDATED_NO_TRANSFORMED_GFF	canonical_objects/GCF_009794305.1	canonical_objects/GCF_009794305.1/GCF_009794305.1.pansn.fa.gz	1452701	d56a69c6d01e405bed4183579e4f7d37e231d84fb5439372b924eab8049c607b	7439691085371ed0200da79c93426b1a39aa536f5ff54bed114879894ba1fc5a	5d55e95dd61251e5a284c1bd42661ce85e84b06b3690671778e43f1691c1ae65	46187942eb14bbec6ab6d1469f247598daefbb5ddbe7c34e17b7f29e035aa186	c14382acf9b0007776c0e146f3d1f7f3dfe99c87c1414992a116bb3044f504ec	41dce7d14aea60274a956aaa5f31e2d7f71d2ce686743aa184575d43c087f1aa	473	5066983	INSUFFICIENT_FOR_RANGE_RESUME	.	.	1	0	2026-07-25T00:31:43.391407Z	0c7dec3c1da57a654d1214216cccc943b6d41bf06312b38becc2a67f9322ea6a
139	asm-v1-3a984168f4ad9d7283a4d001	GCF_000355215.2	EXACT_VERSION_RESOLVED	VALIDATED	source_objects/GCF_000355215.2	2157829	e03dbcaba98c89b242d4b0b032da2116f6335fb391f45007b9b2103704faf23e	ncbi_dataset/data/GCF_000355215.2/GCF_000355215.2_ASM35521v2_genomic.fna	5536510	f708e22ba8f4b655caf9bf85cc908019c2741557a9653f94dd391bcc705ca0f2	ncbi_dataset/data/GCF_000355215.2/genomic.gff	14a6a89eeed83fa8543492f4410b6bcc795dfd986a82e15ee9562f772f1843a7	ALIASES_VALIDATED_NO_TRANSFORMED_GFF	canonical_objects/GCF_000355215.2	canonical_objects/GCF_000355215.2/GCF_000355215.2.pansn.fa.gz	1557529	1d93bded128c7f15b85d6fc48917d05c91b1fc149908d65bb9de24fa7b978a93	6f3d4354885a1b05ee8b93965a4c5c69cec76a0d2137aea386c7034acaccd30e	953653d936288802bd85af187a6774ef840cbb0b5be9f9a8c90585778a40d893	c62011a6319ed538b1bf4a554e7d8f13ef70505fc81e80f4965390fb551b5378	d161e89f785d0104d8526403c11c4a188d16b86dc250e21c4df5b56c71a17749	a29efaa3d4cdc3a8fc3a55993947ad701559e9ef77170ac17c3fc6715a99a9df	62	5462017	INSUFFICIENT_FOR_RANGE_RESUME	.	.	1	0	2026-07-25T00:31:45.604066Z	7d08185ef54eacfe111da8def4db7baa96d7c28c0de1f675f67335925f8c6323
140	asm-v1-a42990e47f3da958ee4e7624	GCF_001191045.1	EXACT_VERSION_RESOLVED	VALIDATED	source_objects/GCF_001191045.1	2162117	6907f26e7ab02316e500fd8c8dc83a8712485d3b975c6b3a0755fa5f7ca1aa4e	ncbi_dataset/data/GCF_001191045.1/GCF_001191045.1_CFSAN026843_01-NGE.clc_genomic.fna	5505402	564c6fe0e23e84663614bdcc054c7c1ffde6e9493b748872a40abf7cc5d700b8	ncbi_dataset/data/GCF_001191045.1/genomic.gff	b08570a6d09104b1312807bd90e34355ddc91148eb6fd7c6d1396f3902da45fc	ALIASES_VALIDATED_NO_TRANSFORMED_GFF	canonical_objects/GCF_001191045.1	canonical_objects/GCF_001191045.1/GCF_001191045.1.pansn.fa.gz	1552472	57e70b7c9dc916347151a6638ded3aec40a3d23398ae8238deb52492f47ae13c	08cfa57e76f25b9a73dc7067e6e4d34c8041496f228d1b6fd67d7eeb8d55e31c	9373a223604e4c86cc0b11df4fc2bdeb09fdc353f0666c3a2a72d4cbfd29807d	7132b7eafc738068e2f9278886e4bbc75c53561ea84be02a1c8aa4b40ea964ac	2b70239ef2f2de2c27daca2d28d000f4c2aea17ee1a36bdbdf2b47eb648da914	e0cbbdf58ebd8ed777530f73718653a6e8416f96a5b1df18ef9c2dd6dd9946be	157	5417462	INSUFFICIENT_FOR_RANGE_RESUME	.	.	1	0	2026-07-25T00:31:48.497051Z	9b29737caf78b6c25b983e4a6a4a4a73b340d4cfb66145e2fd03f7006e43cbb9
141	asm-v1-a9b4343b0d826aeabe2b47f7	GCF_016403925.1	EXACT_VERSION_RESOLVED	VALIDATED	source_objects/GCF_016403925.1	2110438	3e8a9015cb7ae1b27c95a86d31163b4562709513022159681bb0b458c485c5ea	ncbi_dataset/data/GCF_016403925.1/GCF_016403925.1_ASM1640392v1_genomic.fna	5385392	723670433713a9c9a9f40f956fda292f458750e4c63dd2ad30c9901ea91cc8e1	ncbi_dataset/data/GCF_016403925.1/genomic.gff	3fc86dd6441454856594f5e7a5615fc96f9b71b4fe40afe3fa545cc03204c0be	ALIASES_VALIDATED_NO_TRANSFORMED_GFF	canonical_objects/GCF_016403925.1	canonical_objects/GCF_016403925.1/GCF_016403925.1.pansn.fa.gz	1516236	efb891a96c08afcda4411dca395bcaa98fe75e29bf28599dad6c9a233b8a82bf	ee336af0f86c41fb0bd26607831a02f0cad9189b8143372da5468215b16fcc9a	1ef16faf360a4f0c86c05ce06d5194ffcd03eb8ddee0881bd9b5560606aa66fa	902d8ed2a68dcb8ae4ce75d245e5560c9bce1ab02c099f838a1a33c20746d25c	b06007afb5e0ce60e0468c90c172bdb0fa0e89acbe962395e5668a566ae59bd0	2ef2a0132e7ed22bdef08a04e25a01da3c7a0dc77fbf52955ec39cc13af337d5	156	5303107	INSUFFICIENT_FOR_RANGE_RESUME	.	.	1	0	2026-07-25T00:31:52.174673Z	3ff23c556e63ad52413c975faf46f3dc3b6c33a112f6c5be92a920cbcdd50713
142	asm-v1-daa0b6c0cab38878a41557da	GCF_013391275.1	EXACT_VERSION_RESOLVED	VALIDATED	source_objects/GCF_013391275.1	1819687	fa6d942007f23895bb47077479f2b97e19548c28a01876a3d8f7fca4905a1f84	ncbi_dataset/data/GCF_013391275.1/GCF_013391275.1_ASM1339127v1_genomic.fna	4655941	10bcd3cc55d5bfb33410ea149aff1442415b891ad2f84487d05b70c4caaf7d77	ncbi_dataset/data/GCF_013391275.1/genomic.gff	fb2d54aaa04c67451285e2d76fbdbc2d4eb148763afee60994e0275b563afcc7	ALIASES_VALIDATED_NO_TRANSFORMED_GFF	canonical_objects/GCF_013391275.1	canonical_objects/GCF_013391275.1/GCF_013391275.1.pansn.fa.gz	1306615	2d148772eef31b0c8d9e262cc2230f2e3228c2f8cf3d3ef7493143160846cef1	d038b0348f4031139fa00a2220ed6de99f752398a832e158a6d56f2e504a89a4	c6ef6a528ef7279458471be892d0df791a6fa42ff4b56f1714ad30a2968da910	9a336f943808f66bbad40622e8be91046292f3af260cc9275a127197e4c5b7e9	e0da49a281f565548c8a72ebc8586900429c08d1769a682e0f38128a9c6b26d0	4994ebfe9d00ce5903ce6aa1bf14e2ebd21552dfe98cdf67b21ff625cde27aef	64	4590816	INSUFFICIENT_FOR_RANGE_RESUME	.	.	1	0	2026-07-25T00:31:54.156372Z	de732a37cab97e6875c2009beea3cb66706d6c350178c7c705aa80a96c47b9d5
143	asm-v1-c5d18cfe99c6552dfdf066d3	GCF_003076695.1	EXACT_VERSION_RESOLVED	VALIDATED	source_objects/GCF_003076695.1	2050674	cdfcc70560d1c35e42fb0582c42bda2c3d03b486a94f4926031b474cfcdefaba	ncbi_dataset/data/GCF_003076695.1/GCF_003076695.1_ASM307669v1_genomic.fna	5272223	5b83a51b1bb93b241c7e67684ba789dc534332bbcedbcbc7792ca73862140a6a	ncbi_dataset/data/GCF_003076695.1/genomic.gff	ce8fac4d9050592394a6d123bb9826e03b81dbc5c0f726277cc21b2132e5c83d	ALIASES_VALIDATED_NO_TRANSFORMED_GFF	canonical_objects/GCF_003076695.1	canonical_objects/GCF_003076695.1/GCF_003076695.1.pansn.fa.gz	1480170	b68c090029502145581d6809d37447fe27b9cd14652c283c01d504788acf3654	fc93f064c0f3df4fc962134e985ab0cee6d4a44ddc080b642a2b4ea897298331	55657fec94e65986d720406fd17c0bf33ebd86ae3236cf17a53ff257c2105867	9e83a9aff2340acc0277ba5cdf7cd5a08e231fcf1a13436f43fbf9391cefc8b5	9a2fee46d12ffe0d653c47259febefc74a8a41d0e487e4a79287e68a3134794a	21c813a917bd893aee87583b2b10a88903fc69507ac01c1c04fe64cc731999c2	82	5199890	INSUFFICIENT_FOR_RANGE_RESUME	.	.	1	0	2026-07-25T00:31:56.400697Z	590ea56c9496a86b080aaf42a4eed71d6c535781ee172f53a64b53ac193a6bab
144	asm-v1-9887cf063f106a45194bca4a	GCF_013395855.1	EXACT_VERSION_RESOLVED	VALIDATED	source_objects/GCF_013395855.1	1829873	f925416e9ddccac426dae42d0b3165b79a64d0482c84ddc271736f1588c93240	ncbi_dataset/data/GCF_013395855.1/GCF_013395855.1_ASM1339585v1_genomic.fna	4656459	9192b4e69ab4cff6910a9b739ab29c7d401967d387d46a33e4c01caa46ed8094	ncbi_dataset/data/GCF_013395855.1/genomic.gff	c73a6b7022d70a3601df916c002d70cafa72744d605ba1ee18cf965642c49405	ALIASES_VALIDATED_NO_TRANSFORMED_GFF	canonical_objects/GCF_013395855.1	canonical_objects/GCF_013395855.1/GCF_013395855.1.pansn.fa.gz	1306765	270581040d7be3852c484d5811f7367ae2f9da2ca476f10079c5daf6dba97336	2e23043bcd6d75bd22b444d6ea1c2018ad7c3b933d05a9450575f02e7919acdd	67347f4195e72a8b64aaabaec91a0ad97141a2cf35ab32f58332219d72e1a311	ce3831aa7b02f671bd2dca6f437c7e0c841d8c7facbe50c27fe58150224a753b	315dc22b1e867d49c5ed4e7f06f6f92f796e8c5147efda179a6b1b4def30212f	5e81590d72b7b192ac418d8816f2387aba477211b21e366b1e41dc589a568661	82	4589072	INSUFFICIENT_FOR_RANGE_RESUME	.	.	1	0	2026-07-25T00:31:58.600107Z	6632fc92a4bb65b4926647e0faef726b867d5ae2bc659fea1a43e8b2cba6beef
145	asm-v1-1c586f3261fd7828299f36a7	GCF_900096855.1	EXACT_VERSION_RESOLVED	VALIDATED	source_objects/GCF_900096855.1	1805497	8b3c8afbb8f19a782acf0906ceba0ca164d94f8c4e63b33afbc9cb21cdb072d4	ncbi_dataset/data/GCF_900096855.1/GCF_900096855.1_Ecoli_AG100_Sample2_Wildtype_Assembly_genomic.fna	4696160	fbd1c8136227ed8c75773e477fe5fa790dd00c23fffc1070746c6c8acf5bda72	ncbi_dataset/data/GCF_900096855.1/genomic.gff	3aafdd41aa1660113c38fcf90a0f21fa695abdd6e9d4775a78893b280812c2c5	ALIASES_VALIDATED_NO_TRANSFORMED_GFF	canonical_objects/GCF_900096855.1	canonical_objects/GCF_900096855.1/GCF_900096855.1.pansn.fa.gz	1314988	dbfc70043974afbb646cdd23e9a700d08f5b1d46ad6804ebfc18fb420736df12	28439014e270fe81d258730fdade19ae609ea94feb33b1179377430b2f6b5903	6dca2769aa32cf924a037c333df3735456d6d202a22d97f6ce4d700a89c7828e	d07e34bd3ed31882feedeb868aced9fea27942633608ba91f35a990408aa5485	c382013c1e930c31081776a51fb8a09c8dffd3ad5d7907b8d343c490811fb35b	9fc7fda906cc7b7f1ff88a9fefeb150478cbee8302701516e3c535df1ef4037a	1	4638126	INSUFFICIENT_FOR_RANGE_RESUME	.	.	1	0	2026-07-25T00:32:00.587348Z	bdf5e370a44060a77a3894a781dd84b08d6983c501c607b8361e09bcfb632992
146	asm-v1-72a3f526c86d42bad9304c43	GCF_003731535.1	EXACT_VERSION_RESOLVED	VALIDATED	source_objects/GCF_003731535.1	1957467	217c23b4f00d820d788f4ac3abb74edf35b5a0d1b5f2976dffd133ac3c4cecc7	ncbi_dataset/data/GCF_003731535.1/GCF_003731535.1_ASM373153v1_genomic.fna	4993902	181558356bd48ed06984d8ddb55703a59532e048c12841ebd93a2d0a505e9d7d	ncbi_dataset/data/GCF_003731535.1/genomic.gff	074b20dee0c1516e43dda544458c551bc8b464749c8c2416aa587cb560f4e334	ALIASES_VALIDATED_NO_TRANSFORMED_GFF	canonical_objects/GCF_003731535.1	canonical_objects/GCF_003731535.1/GCF_003731535.1.pansn.fa.gz	1401012	680a578073a08002dcca8ceba4cb3aabe782a3bac8112e5e44b72ae792a40579	9d1e39b7713d870370deafe55c9a5719baafe1cf9ec4fb4a6937488a3b2da486	0b36e55849ba37df1ca2bb1702a1b35a59372f7d4e1fb20e03b6e1e578e9bd98	554d8a3f2d396e6060a6130cb53e62873c9ae35b4ad617498c2f8794b607cd5e	2f5f73f6a21a752442bcff0974344d0ad6786f93ab7a434b968dbd3279b6adf6	56c6ae3f45d1208f09ec97808f5b978ba8222fb4913b608b9ce79a0029d4e84c	79	4924567	INSUFFICIENT_FOR_RANGE_RESUME	.	.	1	0	2026-07-25T00:32:02.740453Z	2068d341800369bec78e0cd1e67a5e4a9eda0aa780db6c70f31cc4a04a661bd4
147	asm-v1-67822918509697f85e599e9f	GCF_016103185.1	EXACT_VERSION_RESOLVED	VALIDATED	source_objects/GCF_016103185.1	2003789	e3e8102a9236b5638c9ee53d4bad3c51627d021476d70da000767cc43ddd2fc0	ncbi_dataset/data/GCF_016103185.1/GCF_016103185.1_ASM1610318v1_genomic.fna	5059667	39f5c2eee138b2a8b1f5e99e0bc2bc5085240f2228c37fb91b8452e33ca1b0cc	ncbi_dataset/data/GCF_016103185.1/genomic.gff	ce35119d65f911b929dee9e67d7e5644683be6efab01102015eb77e3bbf59714	ALIASES_VALIDATED_NO_TRANSFORMED_GFF	canonical_objects/GCF_016103185.1	canonical_objects/GCF_016103185.1/GCF_016103185.1.pansn.fa.gz	1426249	614f9de2cdf3a9390c0e33a7684912b80a9a1c1a48c7842c5063a03010841118	df439aa168be7f14dd293c261c2833e27f3367e2d30ac584c82d26e5a558e3fb	e27cfc38b499912232d4644fe129b635e23cb3b12fab1436bc4c4b0148c0e45b	ba08c1f7572be565ff6e03839404d951da452f4178d3cf572c8ad1caaaccef05	33a86839cec3fbe8d56760f743e51322ce843fc0c5704d08cc7527b85ba85e5d	94703f734a1a21de6fc28cc33473e93eb5c66e3e5df897d6e2b99cd625aba5cf	202	4970777	INSUFFICIENT_FOR_RANGE_RESUME	.	.	1	0	2026-07-25T00:32:05.400752Z	b3d92f19307631608bd767efa8041d581301e96c4bdb72451a82c1455497dbdf
148	asm-v1-71bc82a3050b9f6ac3f5ecc3	GCF_009393955.1	EXACT_VERSION_RESOLVED	VALIDATED	source_objects/GCF_009393955.1	1887109	081dce31f8356f896e01c9ee8cea9b355ed3affa40c8fd24aa82f61fa7b1fd75	ncbi_dataset/data/GCF_009393955.1/GCF_009393955.1_ASM939395v1_genomic.fna	4769697	5231a6fe4dcb2ebe9a3234bece7de74287d0492c2709a6016b037f8d9e460b81	ncbi_dataset/data/GCF_009393955.1/genomic.gff	f0f341ad3419ef521b127b55c42521ce5ddd899df65de2e1a6dfba519bdd48ee	ALIASES_VALIDATED_NO_TRANSFORMED_GFF	canonical_objects/GCF_009393955.1	canonical_objects/GCF_009393955.1/GCF_009393955.1.pansn.fa.gz	1349515	53c0f0fb029a83596a48269ba6269f64f489e2703337b5343a152a3f01b516dc	4876d7e9c8a8a5f5a4d8ba79718b6241ec94605084ba16db08cd96bf921ac055	c94f8d79bc645a10250d87b511d570cda922a2e6526b4cb7736bfc2687638d09	1b178420763b9ce2b391bee0630f8234bc07a864843de8993d4a91a97064ce76	5e436cd3f26bdd09fce37d2af2ed873af16327d9cfcf3fdd50499193e0d6a1be	a84fec03a5fdcacb4ef2737461b4cb5b3b7245f2e47f1df7e51cee1d3f0d872a	165	4692401	INSUFFICIENT_FOR_RANGE_RESUME	.	.	1	0	2026-07-25T00:32:08.164132Z	720720ee2e70c7bcbcafd5700e24de47c96dc947080d1acd806138f36fed52ba
149	asm-v1-9594569602a4cf1fd69342a0	GCF_002227115.1	EXACT_VERSION_RESOLVED	VALIDATED	source_objects/GCF_002227115.1	1956921	15fbb20da553571079c96b6f91de38b9317e7e2610ba05bb0484893ffcde1a71	ncbi_dataset/data/GCF_002227115.1/GCF_002227115.1_ASM222711v1_genomic.fna	4981915	a7f81dab8c01b86ebfcbb21ec2cf73b5dfd3cac171f5613d75146f3b5f6db20c	ncbi_dataset/data/GCF_002227115.1/genomic.gff	2160764b7a9455b81b42626de1361ddf0714b81125fe699b34b5e1425b403e8e	ALIASES_VALIDATED_NO_TRANSFORMED_GFF	canonical_objects/GCF_002227115.1	canonical_objects/GCF_002227115.1/GCF_002227115.1.pansn.fa.gz	1409134	aa7065f03733bda47aaebb17b2c5eb270f2764de9700cfd12c16bafec1f214b8	6bd856351b6c94ff06a17fe461a1f358cb910252b6dce6d4058da7e5c034e17f	41d8e96ac7e37f262bd92d3308b508a5fddefa42c08aab1b2f66b6a89863e877	4be29fc539630d54298ac30ed3f2ee3784b964cfa701f0f3cbd8ab1928f1759d	549a4bb12394aa585e233a68cec0955403de1e9812c578072ffd4d63947e271f	f8bc4ca378e616cdc076e86401d3c900e9a03fad5536c35401fea94f4a885686	156	4901007	INSUFFICIENT_FOR_RANGE_RESUME	.	.	1	0	2026-07-25T00:32:10.624057Z	26881e09c874807fdfb5c51409733d713db42aa53280bb0a2682da3d857e9c57
150	asm-v1-0cb8995ce8fda20d7521d4b7	GCF_002542255.1	EXACT_VERSION_RESOLVED	VALIDATED	source_objects/GCF_002542255.1	1840751	f45cb94698318c3035a7ed50603854f4ba45846c4b99c5c4736ffcb00f12b30c	ncbi_dataset/data/GCF_002542255.1/GCF_002542255.1_ASM254225v1_genomic.fna	4726926	1e81f2ba36143222bbc5ae0420a71ef12b839fae77179e96fad2598070de086d	ncbi_dataset/data/GCF_002542255.1/genomic.gff	cb8e4eac7a851e7c8ab74e517deb5e29d2546a275bcd7b436b94f192e115366a	ALIASES_VALIDATED_NO_TRANSFORMED_GFF	canonical_objects/GCF_002542255.1	canonical_objects/GCF_002542255.1/GCF_002542255.1.pansn.fa.gz	1329669	1c7b59f6ce640cecf84360f41461c0f0678af1f37857a99636163e2720aba85e	ba74ca9933e05271bf0c5115ded47c242274f72d0a3530b87f4dca3addadd7ed	0db8dc687f909f5ddb31d0ea6b0701544260e70486e99abb3599d53ba6365e06	9b27c5016cd3aaf3f7af26b79639905a883d5fcbca3f193d81148bb496b0bf12	4c42c6e23c425c7a9ddbb5b6b04fc0f27fee544387d65fe9de17b12f61eef084	8b3d24b159db2a896557da49bf74d7f3751a9538a124fb39ebb57b7e9a60330f	96	4656651	INSUFFICIENT_FOR_RANGE_RESUME	.	.	1	0	2026-07-25T00:32:12.831434Z	ee9055233e63b42d87aea54c21d097aa1501b14ace2f17f46a5cf016bafe737e
151	asm-v1-4ab65706b153b317807e5275	GCF_004569685.1	EXACT_VERSION_RESOLVED	VALIDATED	source_objects/GCF_004569685.1	2028801	21e824579f6f1ba2ae49e8de3be2ad391784f8f1d91c07a35e77a3c5715fb61f	ncbi_dataset/data/GCF_004569685.1/GCF_004569685.1_ASM456968v1_genomic.fna	5177206	33f3737f3340a88c325c042e145e9f974c95f1c086ac34ca94744d7cdb7f2857	ncbi_dataset/data/GCF_004569685.1/genomic.gff	c694621fbad252d41b8a0254ceb49e9f662f2d047f847054ab1a54cabceaa75c	ALIASES_VALIDATED_NO_TRANSFORMED_GFF	canonical_objects/GCF_004569685.1	canonical_objects/GCF_004569685.1/GCF_004569685.1.pansn.fa.gz	1449924	f91cb9b6ec58e154a7c0263f58bc6dae6b36029bebb80dc5b56ad305ae299603	7b23656d2578377f9ad83781e1b4623eff5512cf1e3e7e52e7816f9ae5becb08	b9e10b449b4e412feda09d3f2fd3845730df06cbe63abef113d2cf5f87c3990b	e51061f5175acbb969b4559c940ca688525b753c2f557f3ed658e32c8b18a2cb	ac6dd8475fe6cd443220379a05e7a6fe8bdfe382d7a3dca7fa6964290fc13829	f75057a03ce589d711942718ce67bebf037c228adfa7d57db6171ce3bdbb8a41	85	5103360	INSUFFICIENT_FOR_RANGE_RESUME	.	.	1	0	2026-07-25T00:32:15.253310Z	f07b0827bc5b89d759814b7c62f7ebc77ece4c7b588f211d4ecd291c7b4af700
152	asm-v1-b4bb1eb5088087d24887adba	GCF_013395785.1	EXACT_VERSION_RESOLVED	VALIDATED	source_objects/GCF_013395785.1	1887725	4c0147a56c184719397de67d97b4dff089987e5f6f46d464e71a8fd1db42d28b	ncbi_dataset/data/GCF_013395785.1/GCF_013395785.1_ASM1339578v1_genomic.fna	4724410	5a8be4f18f90a62187716bba725f5d80749f1aa76b83d1555447fb5340179693	ncbi_dataset/data/GCF_013395785.1/genomic.gff	e3dab808ed3250e3aa207fe5a70732b0033b5d5295f2d107ea3f61826ff8499a	ALIASES_VALIDATED_NO_TRANSFORMED_GFF	canonical_objects/GCF_013395785.1	canonical_objects/GCF_013395785.1/GCF_013395785.1.pansn.fa.gz	1335970	b665f0ea303c71d7be37a50036d1dff94bd816174343b9bdbf496e39526e170a	adc839d6804d0df8e77be85de1a80d1009ff234b786459a0ba12b51fb542b4b9	c65e3eff4682a6f04cb5e04aa20f2612081f4298d384cf4896f2a3f7ed45a2d7	2263f4f384e60a9833e254f60a08477dad7f9c98cf579e91ef0a210f5557cec0	3c68ceed8c8466b8f3f39931a1fe47a04a2a9526290e0ee43b11a81c941c165f	827e7f323f20f51933a681d20712dbd7becbf9f9cf92d19574c46a388c5e23f2	238	4637393	INSUFFICIENT_FOR_RANGE_RESUME	.	.	1	0	2026-07-25T00:32:18.813645Z	022d1fb6462047b0e8e07ddab3f7ea509e08b107746f07bc042909ea5cf07440
153	asm-v1-9daa521098b910404e99f280	GCF_011404355.1	EXACT_VERSION_RESOLVED	VALIDATED	source_objects/GCF_011404355.1	1843171	5be60d56e0da829dae1d5e849e73fee70a9c54f8a8ba29f7fe45f4a520a73509	ncbi_dataset/data/GCF_011404355.1/GCF_011404355.1_ASM1140435v1_genomic.fna	4770544	02c8d797c24066ed37ebdc810cd98ce405dcb3b90a16c79c867c43471079217e	ncbi_dataset/data/GCF_011404355.1/genomic.gff	98787803cca90a9b6ab03259778a74ff01e19181ce438a43a56ecc6c101ccdfc	QUARANTINED_SOURCE_GFF_NO_ALIAS_VIEW	canonical_objects/GCF_011404355.1	canonical_objects/GCF_011404355.1/GCF_011404355.1.pansn.fa.gz	1332208	da2f5131c9085d2974522da5398a3c00737d006440d92358de36db93cfc2014c	9e22e63fefae222fa823ae8f89e40ce454c4741f05d888d871def8515f15c73e	0bf05262e92dcd7c2f26c0feae79a41ef50229835010f88da2177b7ea5dc494c	b658cc52852bd4f619f52a159306aa8e7b793f1f8a132e5d760abaf4f91b41a7	aec964862a5dd1d9e868ee08c71390bbfbe60189ad7affa9a04de7df6070accd	cd40aa389a30100c781d654e00f2807198c3c498d97099f6457427282fc8f296	1	4711570	INSUFFICIENT_FOR_RANGE_RESUME	.	.	1	0	2026-07-25T00:32:20.655991Z	d009c8a6201f4a590e3a03fa1574e6e27c8d83b5a6ac88ae2338c88fbb2263b6
154	asm-v1-3aa8868f7fb61285bc0ad479	GCF_002228265.1	EXACT_VERSION_RESOLVED	VALIDATED	source_objects/GCF_002228265.1	2180850	5b10b890abbfe28aafa6693fb60e77a848a4ec7ec448894b78a2c96a06006fe0	ncbi_dataset/data/GCF_002228265.1/GCF_002228265.1_ASM222826v1_genomic.fna	5468019	7190d59691ea6533febe9d03ddeff015fc24ebcc77a1f17ddd3dc0b57ffeef2a	ncbi_dataset/data/GCF_002228265.1/genomic.gff	2c7dacc55afa1681d0d072c6cd12314bfb5c86051bcda137fc47489670819bb8	ALIASES_VALIDATED_NO_TRANSFORMED_GFF	canonical_objects/GCF_002228265.1	canonical_objects/GCF_002228265.1/GCF_002228265.1.pansn.fa.gz	1541549	6bfe296cdd134ae2e9a58f0e142a1cd14b6c957e709f98e633fd0703a4261c2c	22601789a407839ba43662b505cb4cba411c21567241eb1501a91de3e89acef5	133a14e3a2ba618c73d7f443d0040d611e456e0575b1814ef6ab3fdca944231e	8e71d321fdfbfa824fc02e52f8f1082869cff9cdf2a8e46cd988b62c072b98b4	457f8005249dc6700c55e2dfdfe3d5dc463c54437ab51fce0cba5f816e03c1d1	735b3971c2face3e1a470ce6c9e2c7f9dc8c078e2ec7c99d8bfb752b50ed797d	495	5338958	INSUFFICIENT_FOR_RANGE_RESUME	.	.	1	0	2026-07-25T00:32:25.737545Z	205ba84045cf86000a3cdfb22c2682e0b00daff4563cb54bcf8accc699e9d01f
155	asm-v1-d7742285fb1f99a81d7682c3	GCF_004523615.1	EXACT_VERSION_RESOLVED	VALIDATED	source_objects/GCF_004523615.1	2055922	e421f63e6bdf2c09c7d021473e2fd86187a8e9d00538cb1617c814b59d6e583c	ncbi_dataset/data/GCF_004523615.1/GCF_004523615.1_ASM452361v1_genomic.fna	5265915	2ca16949a46d1b583b6dc46e57b5841e3e2ee8bff997a0615dffcbff1631aa4d	ncbi_dataset/data/GCF_004523615.1/genomic.gff	9a60230d2dfa90592c2c2311f7fd7e2afedf8d3bcbd72063653bf8f07610c6a5	ALIASES_VALIDATED_NO_TRANSFORMED_GFF	canonical_objects/GCF_004523615.1	canonical_objects/GCF_004523615.1/GCF_004523615.1.pansn.fa.gz	1483425	0268118d992d56ab7a4f3cb4ce20b7efca01517d113cffaec960e777a956cf95	ada2fbeaf34239480433719dcfde69d55c59a295844628bcd27e4795b00cad44	6169d85ad303b56b6e1b8432e7f32184b88ebe281f3941a555aa3b3b43254174	22f0281233e8b57903dc6f3572b8cf8d371cc0c0a46382ef4f34e20a6420aa69	a4d65a3c6a74a5a1c547dc6f4ac59dbd72fac285c205251e694df5ddbfb932fd	f32e6467c2d81e09bf8dd994b34ca1c05314211c8c4e12a752d3ab4222cea4e1	211	5181728	INSUFFICIENT_FOR_RANGE_RESUME	.	.	1	0	2026-07-25T00:32:28.409171Z	35c52af1f79ef912f5362b9530014b0509b4e86ec0708ddd9b3c40846d96bae0
156	asm-v1-6bd4d9bfbee2807c2d28da41	GCF_019051815.1	EXACT_VERSION_RESOLVED	VALIDATED	source_objects/GCF_019051815.1	1928949	a770528a950d170cffc932a2d54967f32966c79ea89d3a4979069b870cc6162b	ncbi_dataset/data/GCF_019051815.1/GCF_019051815.1_ASM1905181v1_genomic.fna	4917351	be6a0157553b777830eefc64b8b58c76a5b23adc15cc5bb71b6b409cec66369b	ncbi_dataset/data/GCF_019051815.1/genomic.gff	1103a1a39f85b901277b2df4f44733ce1ec2a91d99f1ae19e2753f6d1e47d31f	ALIASES_VALIDATED_NO_TRANSFORMED_GFF	canonical_objects/GCF_019051815.1	canonical_objects/GCF_019051815.1/GCF_019051815.1.pansn.fa.gz	1384003	d66bf852b77fe0965d7c203b805bd567a8c6eab52d7ac87eb24059e88f89901e	85a3f5fe1548e45587c181a92f8b10384055e93e0562b51d8f32e54bf41ee5a5	e7517a6b4fa563a06a8c25a03f89ee06be8d8fc504080295c136f62c67f78c5d	48734981c768662e27a73f3f19a8ab761c026903bd8f2f71ffd00865b5d7e40c	6fe6d97784eb0fad811f37b671af4db124274ab5f9c2c8c21647d7acdca7dff4	a8faaea152ff5c17834818c4549e0a6eb7e0ca7b5920d1f0f4c0dfd55f55ef56	115	4844043	INSUFFICIENT_FOR_RANGE_RESUME	.	.	1	0	2026-07-25T00:32:31.031244Z	e833ed1cf76bf7e25fc208c487795b291343347b3dbaa3c0ea4869dd3e3bd3eb
157	asm-v1-c047e5f771444de0422a57e5	GCF_016760895.1	EXACT_VERSION_RESOLVED	VALIDATED	source_objects/GCF_016760895.1	2023541	9034e4293ced836d20d66091eeabedf6777ef03f84899572063c51f69da453b3	ncbi_dataset/data/GCF_016760895.1/GCF_016760895.1_ASM1676089v1_genomic.fna	5164221	5d1e1de03892b3bfa87125c9d9834cedbb2d7faf7b7b7ebc267198bc1909c60c	ncbi_dataset/data/GCF_016760895.1/genomic.gff	d51f1326fe4af5988e040529e4c800d888a425eb151d3f693a6628a1ec143b26	ALIASES_VALIDATED_NO_TRANSFORMED_GFF	canonical_objects/GCF_016760895.1	canonical_objects/GCF_016760895.1/GCF_016760895.1.pansn.fa.gz	1453511	ebb389df3a2055e2e7ebe0fa917fd6d3947573685cecacabc7c48dee98b35380	87fe6759a8c722b1bd95f6fa7b7cf6333c31db1392a6ddaa87715a127e205eaf	e45d988708742f9eb8b418cc359ecae48f445d8a036814b62a41e1f142dd0b4c	f8a92b25e38e596ec57b80b8b5304c7253b8c817e4081c491e150c35784e25c8	64352ca18ad8a348f2d8baf518cd4b4945b257ea6970f8fdc02ec1e6d4843758	13e6d3c922d05264bce10d55dae516d10d592a99cb760997356f62a6614be4e8	106	5087660	INSUFFICIENT_FOR_RANGE_RESUME	.	.	1	0	2026-07-25T00:32:33.421884Z	b4a32dd1ac901141c465a5d8c59ea209aca48b64729e2688390fa48de8415696
158	asm-v1-fc1afbd0594cbb2a1342b694	GCF_900500215.1	EXACT_VERSION_RESOLVED	VALIDATED	source_objects/GCF_900500215.1	1971181	d3113aabfc1e319adb426d7dba303bec71bacf6bb3fe7141afca8e2acfe1b78f	ncbi_dataset/data/GCF_900500215.1/GCF_900500215.1_383A_genomic.fna	5092835	80f2776c2db53a6e4db1b77eec4a773078f318b871eaa41d1ce7ecdc828e9c8e	ncbi_dataset/data/GCF_900500215.1/genomic.gff	b9ace4522559e0d70cfaec6b136c2f8167a760d49db67381c4c868d5f1c8b0cd	ALIASES_VALIDATED_NO_TRANSFORMED_GFF	canonical_objects/GCF_900500215.1	canonical_objects/GCF_900500215.1/GCF_900500215.1.pansn.fa.gz	1432007	bc58b936ca44e492f597761ac1ac10996853336fee7b54f151a60be4e7c7bec4	c8dc9eca2699c2343dfd7690f3d837004a7b077a6d8aff7482109a5a9133a004	4e4521da22bcb2fd726e3c11845a6ff312872a0cf2eb8bd0226b84f5aa8a6e50	803b8ee268f436c14a4a25837df16aec3bdc4689d3f59caddee7266ec120352c	e6ec0a65136b320aff847d62bda70f13c5568e46f6a700f988a754153643da73	36d787de87ad2468806647b7b4b634dbc445c2e0c6ef7cd50f898c29622bf0c2	137	5019075	INSUFFICIENT_FOR_RANGE_RESUME	.	.	1	0	2026-07-25T00:32:35.821515Z	650edde3cfd7dd870ec060ce85e347e14352e3065b6b77fa56dbea33e4bf727e
159	asm-v1-d2870626a38c7d19f84e1736	GCF_001894065.1	EXACT_VERSION_RESOLVED	VALIDATED	source_objects/GCF_001894065.1	1962315	0bf98d279ef68d80dbcbaa6e121e3365f940c925ec1ecd4e895d6058e4a9522e	ncbi_dataset/data/GCF_001894065.1/GCF_001894065.1_ASM189406v1_genomic.fna	4957674	2c6b0e733c5796fafaccce6f0f603130b9fc714ffe9b6ed55569d922e60b5960	ncbi_dataset/data/GCF_001894065.1/genomic.gff	f78725addac2aec3a569108b0e896bec026485e3dd4a05ae3af5d6cfaebc69cb	ALIASES_VALIDATED_NO_TRANSFORMED_GFF	canonical_objects/GCF_001894065.1	canonical_objects/GCF_001894065.1/GCF_001894065.1.pansn.fa.gz	1399364	69c4b83ca4e5e9001070579a2af4eb70ec1ec58c24b638a0de0f3c16c04bc7d0	b269fdafa8a02d63968602b68e961495166cbd4b2863fe2c8713c0b0bfd976e8	adae1143c7190c88a4cebc0ce899be37b0f5ecacbd16386e9abd7ea5f1987978	23fb46bf383cc0abe3f3bebd3060895f91dde7cc69bd62cf3816baea39b642f5	68eb6c0f04116e603db4446a689158e5b9bee58704baa056a844f37090e19e8d	e8a219e89ec10e7c326767b5c848abc35f34e2036fc357eab8c1aa4bf7db92fc	157	4879751	INSUFFICIENT_FOR_RANGE_RESUME	.	.	1	0	2026-07-25T00:32:39.435530Z	3fa9f74d15eaa3f904e4b1f9e81e373c7f60ee44c062dc5b9fcd776e621bdb97
160	asm-v1-671d29f08a35bff2ae4493b4	GCF_005399985.1	EXACT_VERSION_RESOLVED	VALIDATED	source_objects/GCF_005399985.1	1903797	83bf749c7d07997b0e07b2db730ac08e9e2c54f29eb24ab011e0ef89062afc4f	ncbi_dataset/data/GCF_005399985.1/GCF_005399985.1_ASM539998v1_genomic.fna	4883675	bfe2aa7c8f965ea803d1596515946ced090a04fcc13db4c680968e4e014d6538	ncbi_dataset/data/GCF_005399985.1/genomic.gff	efc8891f16e9ad562ddd615616b491514efaf1ced5bd7f2bca4f308ae2d7c170	ALIASES_VALIDATED_NO_TRANSFORMED_GFF	canonical_objects/GCF_005399985.1	canonical_objects/GCF_005399985.1/GCF_005399985.1.pansn.fa.gz	1369769	85f88e4baf987dae7e83ab0c8f1562523f29e0ac7226a522bbce7ccdaee916ed	5bc092ee35d7011519009164c375503274043d39988bc59963f615512fbb6757	555a7643410ca9fd4ff3fab5263b4de8c37d41f7d4e5a5012f6ab2e9c8d08c89	9815b6ecd26e1a4af723466c23070662c579d5f46c362c31d7e667bf8cc08f48	1ee41925d7223dab5b0731a13167521b77add7e43d600aafe1d83460031f469e	96a3ce5e4b2ebeaaafc11e11899d63cc3a4264aa3e22c9f2b117c064c94b61a4	44	4819414	INSUFFICIENT_FOR_RANGE_RESUME	.	.	1	0	2026-07-25T00:32:42.450361Z	1f893208396fc548435d14db71c8b62ba71a2b09339d7468ad60499c8cdcf58e
161	asm-v1-c20b549839b9eb1c52c15967	GCF_900520305.1	EXACT_VERSION_RESOLVED	VALIDATED	source_objects/GCF_900520305.1	1912485	b6df628c60d3c1bb1039949a9dd4a12fb902a95fbfc9adad0c166e8fcf94154b	ncbi_dataset/data/GCF_900520305.1/GCF_900520305.1_ASM90052030v1_genomic.fna	4953455	04d8700a9947dc208d85c532b308fcf336e4aaa52de8779e9fa612a50039b59f	ncbi_dataset/data/GCF_900520305.1/genomic.gff	be2b779529a49153258672947324cbd602b8980322613688374a4c61ef508aac	ALIASES_VALIDATED_NO_TRANSFORMED_GFF	canonical_objects/GCF_900520305.1	canonical_objects/GCF_900520305.1/GCF_900520305.1.pansn.fa.gz	1382595	bf4a2574fe378dd583c337917fffa0869a281227988f39194b7e27c03ba9875b	98a88ee9a24f217f23dc27913bf5ef4e1722b814748725ee3416773eded0a7dc	f010b115d83dc4279cc3aee6cd64472e78934d660048962b9678e64c8309e985	50f20f93ee8ae1b424dcb9c2c08586d7cb5bbb83fd9fc05d1e050787ee60df3d	7750778e0e4d241db054f724275084e5f95a53242031c136f84b643cce9f1d61	8cf48247644ec78476a7aa5cda903b6396d41e3715366aa8e7c6f488ca880d10	3	4892013	INSUFFICIENT_FOR_RANGE_RESUME	.	.	1	0	2026-07-25T00:32:44.721881Z	eb374f446f2cf4b9d69d2e9fc591f42d32f0712f60146a961b2f337836e29fd8
162	asm-v1-6b197b73c518c38364bb48a4	GCF_000627985.1	EXACT_VERSION_RESOLVED	VALIDATED	source_objects/GCF_000627985.1	2086251	d40be947acfc18146dff8973d5a1086558d82544fd22742b61cd1fae794c732f	ncbi_dataset/data/GCF_000627985.1/GCF_000627985.1_ASM62798v1_genomic.fna	5341080	a61144557023a48ffb5794626f1abd7c33cc13eeb66f048ea39e67c399ad2d5b	ncbi_dataset/data/GCF_000627985.1/genomic.gff	82276df5742e3a1f3fdb66efdb54953657e0d2d998e040730241ed45f9027e6d	ALIASES_VALIDATED_NO_TRANSFORMED_GFF	canonical_objects/GCF_000627985.1	canonical_objects/GCF_000627985.1/GCF_000627985.1.pansn.fa.gz	1495408	0a2c31c358847f5016deb0c70a333223a6e99776523594f71e3a7c1dfb3ed197	ec8590eb076978dbba3d81f52f0036e417d3e4b5baa13d96208c85ac690a6fcd	6d7af62cac7050782d4b220cbab968d7025d640706043b1858eb4c7c10cf5608	39ac67f6e39e51f04478d72436f81665fee197c23a5eceeb2c999205432008a6	e256121c9dbe30aa82e447ecdff733b84c01de9f82876a2e0bf38bcba724cec4	3e31329be579b5104d0cf7ee0241418d9d357f3d1dfac2a30a71784be3fff5b8	155	5258795	INSUFFICIENT_FOR_RANGE_RESUME	.	.	1	0	2026-07-25T00:32:47.265775Z	0812b75d846127ed6f8d137be8ae2dcded58c58c33fbc6b3266a1ab9987dfd01
163	asm-v1-21d9b2c6c0587a9370f09f45	GCF_002972665.1	EXACT_VERSION_RESOLVED	VALIDATED	source_objects/GCF_002972665.1	2043555	1e5dda211680fc729cd9b482f76698a17f17391006c1df95e99ee9e526d80f8b	ncbi_dataset/data/GCF_002972665.1/GCF_002972665.1_ASM297266v1_genomic.fna	5289495	2700b49c1471e381130353772cd20820847c6c367326c2dba20d1d8e0c44ab11	ncbi_dataset/data/GCF_002972665.1/genomic.gff	bf737d61b79d6e1db0d068ef30a9f279ae2444ea5904e60f11a3f38e0b757cdb	ALIASES_VALIDATED_NO_TRANSFORMED_GFF	canonical_objects/GCF_002972665.1	canonical_objects/GCF_002972665.1/GCF_002972665.1.pansn.fa.gz	1484431	c672da615cca1428fa8e811e8cfb6e4bea31f7b1073eab648e965566c715ac18	4720cbcce1db42aef77bd4fa8009a57c7f429473420e046382b1fa02d8d5cf26	af9403668cb1a43aee8f871d4a6b465c0f9b11fa737ce88e5cb370f2a2150345	339d1140f1a9b21ad34a471c8ba05a71d99cc74c46bdd045e5ce94c16061079c	79436c75d355232e91cc6516e18100fcc82e0eaec0c92e66fea371c11e98dc18	40f6cfdbd0da04919692cda7eedb87d5bcc404c7aacc6ecaa658b818feff25d0	91	5213908	INSUFFICIENT_FOR_RANGE_RESUME	.	.	1	0	2026-07-25T00:32:49.667738Z	f3998acb7c67ca4d484af842301e30d5985e1103b5181216b1daa1aea54d78fa
164	asm-v1-6ce480372bf3ad66f7e004ad	GCF_013183145.1	EXACT_VERSION_RESOLVED	VALIDATED	source_objects/GCF_013183145.1	2041479	2fe4e8787a1ea0d3af26fa8ca8663c0bc84d52af408f84cfd3efe245246742da	ncbi_dataset/data/GCF_013183145.1/GCF_013183145.1_ASM1318314v1_genomic.fna	5262469	158d0563bf4df237851f9e33f2fd0dafe346695eda9c70f0a55ff9e6b1e95b4d	ncbi_dataset/data/GCF_013183145.1/genomic.gff	d47aaff481bad945940c16735b59ece36af83dc87922d4eb2d7d32addc58f933	ALIASES_VALIDATED_NO_TRANSFORMED_GFF	canonical_objects/GCF_013183145.1	canonical_objects/GCF_013183145.1/GCF_013183145.1.pansn.fa.gz	1478858	a129954c247225dde223a3469a84f7f6e1d9efc31ca88ad52eca7a56ed10841f	f6da9df81e9c64bb53cace512afb04aa6b5a30c54ff2335289862cbbd7c4939f	348c3ff75a78429a748bc5b1ff83e9d8b4f8bf377711ff5f8611141b98275434	35382f751505573fbe01572c2f1a4c0fe87bfc9ab8da9cfccdd909833fccd97c	5967a05ea32a4a1ed5751883f42a8fa29d02f5ffaf39dc221f08c6fe59ca75e4	a16e126f700f716f9c3d13aec330773dbe06a390930c153276eed094bd1c887a	146	5184161	INSUFFICIENT_FOR_RANGE_RESUME	.	.	1	0	2026-07-25T00:32:52.003110Z	1a680cf047499143ef2c023f53e8a73d5706db7fcb9fda8b2e9949e3d3450951
165	asm-v1-9ec6aa9b3ddb397fa0fc8b45	GCF_000458295.1	EXACT_VERSION_RESOLVED	VALIDATED	source_objects/GCF_000458295.1	2018954	691a5c8696796d6294321ee3d7e2c2c221474caf4bad5d910b1884aedc3e72e4	ncbi_dataset/data/GCF_000458295.1/GCF_000458295.1_Esch_coli_HVH_154_4-5636698_V1_genomic.fna	5408337	a7495ee75ae203c7de14d4440905ea07d2df7451d2765a83ccc8627f934ffc76	ncbi_dataset/data/GCF_000458295.1/genomic.gff	86f0c930d45f539f5019d9dddc67ab982600a7c04cbdc16521b19e4398934fd0	ALIASES_VALIDATED_NO_TRANSFORMED_GFF	canonical_objects/GCF_000458295.1	canonical_objects/GCF_000458295.1/GCF_000458295.1.pansn.fa.gz	1454325	4069fd64cfeb0655b317d050924d0103ebf31e0b418451976efa40c0c6f87046	0f69b6c5aae76f8033ad07cfda8a291a6c7e2e9051486a501965cd273c334478	3ac972bcf915bd478b408e26a247c858a6c63b2ad2aacacc8f3aa7a78778dff2	738463a8cd148017935a05a322d11680cde92744dfae6485eb103b647f1c9780	4d3c2dbd0a37cc9d494f13e600b841f4f4e3e72facb7ed5f7ffc27f99b021843	ce16ba6ee195ab9d917cae2b4d5704e1bf8692b551871577036ff16c9a24edde	49	5336566	INSUFFICIENT_FOR_RANGE_RESUME	.	.	1	0	2026-07-25T00:32:54.109329Z	4eabcbce006cf7e5f20dd60d3e51f51cd3c38a4197cc7503718f320b088c687d
166	asm-v1-525e010bb1e5cd7110d7652a	GCF_020216385.1	EXACT_VERSION_RESOLVED	VALIDATED	source_objects/GCF_020216385.1	2128305	62f4fa524be2af3977f14468a7c8a6aa3930f18c615bde886ae357af2bd9a66b	ncbi_dataset/data/GCF_020216385.1/GCF_020216385.1_ASM2021638v1_genomic.fna	5405848	acc68d7ffeededc0ef1b2002328ce7f7012235c08980127ac26afb3ace01f7a6	ncbi_dataset/data/GCF_020216385.1/genomic.gff	7c295225907fece384561b5f30a07a85b68623ed8023c71f022f1ca346bc5a3b	ALIASES_VALIDATED_NO_TRANSFORMED_GFF	canonical_objects/GCF_020216385.1	canonical_objects/GCF_020216385.1/GCF_020216385.1.pansn.fa.gz	1535560	39083940fc482b22bb147628782a5acf2a840cf98656c96417c3d8b22a4899a3	11d3788f07f4ec237a6ca539beb5938139cd0030b1fad47e61127e50a67e1511	40f74728082921cbb6daf4e0062aa6844b06441a01e7610c17e5c5e58af05e3f	6b4629867d2d2c787cbd2e11286f5f3936e02a267abe01d7dfb1eee8e6c3a7a5	220ef3086f1bc8c74a9b3ae79248060432313fd597f8f05149a0763cdcc37c93	16aabbebe39f28c4069323b619636476a6612bd427423796ccb040395992c10c	324	5311572	INSUFFICIENT_FOR_RANGE_RESUME	.	.	1	0	2026-07-25T00:32:57.388637Z	a6007d117f04aed7ee3b454f43d0a9d73840388886c11d3ad6818097fdb80ab4
167	asm-v1-85cc85619bca5de60bb0b83b	GCF_002464385.1	EXACT_VERSION_RESOLVED	VALIDATED	source_objects/GCF_002464385.1	1950306	15e0f336ea817200811d3d75a5d307514e6845a9ca0b927128d6ce2645b3af15	ncbi_dataset/data/GCF_002464385.1/GCF_002464385.1_ASM246438v1_genomic.fna	4969774	f44dbe294dadbdee4620d0f77c287106048e92d19b7f246c32b600a7f53c8b19	ncbi_dataset/data/GCF_002464385.1/genomic.gff	72a4ae39f3c215c9acca5aeda07e12d7fbd78902b0f420224e0e8fe4aad55995	ALIASES_VALIDATED_NO_TRANSFORMED_GFF	canonical_objects/GCF_002464385.1	canonical_objects/GCF_002464385.1/GCF_002464385.1.pansn.fa.gz	1397370	11e4e9958349b913afbb97c185d6d42aee6404045abc3b43a3807bacf48f761b	2f3fb4adf9276c033b917a8754622fde2f35b229bab1a44c99eef3e062b27b0c	450398c114b4a35a6c110a8d6547d9acb60d538fc8f913cd907f00d7f1520062	062dd604ad90a9c94744da40ed2fc6495cb9b354642411875aec56cd5dc4548c	abaf4a758222e682b358db3de9d02e5ac9d9221c920368adbcc95cbe10a93ec4	feeef9ae8e72a373a2848c0e8aaa339a4dd6a1ca89945fd357278d90a836f533	186	4885257	INSUFFICIENT_FOR_RANGE_RESUME	.	.	1	0	2026-07-25T00:33:00.257626Z	c2d63aa9cbb67d6500e47befeddc502cbb17bd6e176f9a66122f21386cc532b1
168	asm-v1-abcce0dad804e0f11d0a6204	GCF_004010615.1	EXACT_VERSION_RESOLVED	VALIDATED	source_objects/GCF_004010615.1	2160082	e8ff7faae2e2b73e77e067ef9e2ab40ef633dbb4d6ebe8a248ee7de7e96822c1	ncbi_dataset/data/GCF_004010615.1/GCF_004010615.1_ASM401061v1_genomic.fna	5634763	bf199d02989ceff42e7fb510e4292af6b97e4f75bef27756a39fb2928e4a3672	ncbi_dataset/data/GCF_004010615.1/genomic.gff	c4a8a293cfc290a990ab612a7ee50b7ef65ac7e110e30504418ea560662c3079	QUARANTINED_SOURCE_GFF_NO_ALIAS_VIEW	canonical_objects/GCF_004010615.1	canonical_objects/GCF_004010615.1/GCF_004010615.1.pansn.fa.gz	1575458	64e0c91df0c5ca12d148b177ea7cb4f71a49f76e0aaea2b12617d5198c2c2560	83ec9a80db996ff7a12ec2b2c8237be7f8eaefcf07f2ba2dde63ed689671e148	44eb30894476b727e2fc36c4c6cf16a75ba26cf98905aaf632a7b75dabed8c73	638d0a75949449b420b0ce1ea5c1b0e33f22cd4010aa713109ab1c6f97524b09	b5c25e570234d57ab4411a3e1e0768f62a7c718499c81cd8a0ed83db90a42c0a	cd40aa389a30100c781d654e00f2807198c3c498d97099f6457427282fc8f296	3	5564973	INSUFFICIENT_FOR_RANGE_RESUME	.	.	1	0	2026-07-25T00:33:02.324674Z	87194ac4fd98f5c2fd990c1b5b47db88154e79a316e81ab836041b1fa31a2358
169	asm-v1-d40763a09bac929d9cdaecad	GCF_006233005.1	EXACT_VERSION_RESOLVED	VALIDATED	source_objects/GCF_006233005.1	2094637	014f1303881205610d28593656e89813f8a0a288c7b008b3891585f24a341c48	ncbi_dataset/data/GCF_006233005.1/GCF_006233005.1_ASM623300v1_genomic.fna	5376978	4f5b3ef940779d47a97ad1682e3ff697cc64e966e0de5bc7b20eb667a166da46	ncbi_dataset/data/GCF_006233005.1/genomic.gff	02d27758718a016a797a169715dc5eda28483939eee2dccc585fec6824f36c6d	ALIASES_VALIDATED_NO_TRANSFORMED_GFF	canonical_objects/GCF_006233005.1	canonical_objects/GCF_006233005.1/GCF_006233005.1.pansn.fa.gz	1512066	1471768ca148cee39bbe0dfbc33536e0b4a34d4088306e6dbb00db97c1a3458d	faff60f68aeee24c0fb6266c4eaa0cecdb70567cf0d40385dfba666f4b5aa194	fc1e7770f77615e5b3db2be7f9cc5674c0d4fa4683aef4810b3f80db912499c4	17b2dfec94c0390d3ce7acd67202c04fd2b3258fdd540ae978e1ebb7f93e1867	2ec49a933a5952694e37507969a55031843b5050771f4eae9dcff098d9ba21b5	e493ab9a57f3ab4c9f2c24035644cca1e9b9600e540c10b3612658207a6123cc	171	5291057	INSUFFICIENT_FOR_RANGE_RESUME	.	.	1	0	2026-07-25T00:33:04.851451Z	454b73ac8ed62b95c2235d609b455c61df8b01150ece606af90dfddb2c868d7e
170	asm-v1-b434218142397fecd80f996a	GCF_019104325.1	EXACT_VERSION_RESOLVED	VALIDATED	source_objects/GCF_019104325.1	2012144	9d59793af95fbff88f6ba41623f887751fb28eac8b7daade526da081b55440a3	ncbi_dataset/data/GCF_019104325.1/GCF_019104325.1_ASM1910432v1_genomic.fna	5136979	47c06b2b1dfc6ad0c5ddfba11023b037698088e2604c34bed9d628668f1af678	ncbi_dataset/data/GCF_019104325.1/genomic.gff	fd2b8aeab4d75d37aa2696cd155b4d721f7d09b12754e56e572e414f0f992462	ALIASES_VALIDATED_NO_TRANSFORMED_GFF	canonical_objects/GCF_019104325.1	canonical_objects/GCF_019104325.1/GCF_019104325.1.pansn.fa.gz	1449977	1c42c31366c208c44ab701a00528e9393f6d30305b3340dad923f12340f81aec	40f1fdd82150973c3b771cf0548bdac6d2bb04e6a4703dc72a89a9f179be6b91	8c4219ebb4e6e1308dc17764265687b162347f9beb25e5f9fa40e584eb76fd57	d1faa657db7fd63d380fc04d09853ba3c1c662d9987dccf24798b6e5450505e1	82517222ebf057ce5a022a8dc23940af19b639afdf7bee66cd41816fa341bf9e	764d446ed825eaefaded08ee27940709a18d75342bd604f70695698fb1bc085d	179	5052036	INSUFFICIENT_FOR_RANGE_RESUME	.	.	1	0	2026-07-25T00:33:07.798665Z	214f36ec36bf43bae671afb8be3e47dcb107636ac58923652d0b24c6bd2ff9a1
171	asm-v1-da44379cbe9ca54c4d93669c	GCF_000599645.1	EXACT_VERSION_RESOLVED	VALIDATED	source_objects/GCF_000599645.1	1906532	68ef935f0595289d0abd54f3c239b9f7bc6c176b17f721a690e7a3da730ba164	ncbi_dataset/data/GCF_000599645.1/GCF_000599645.1_ASM59964v1_genomic.fna	4936702	d4f82d6046f33c1ff76f66bf77ff7a8c17c9cea5095bb40abc2b9f093645c00d	ncbi_dataset/data/GCF_000599645.1/genomic.gff	3c1668e7635bfd170e73979e321bfd79278357613e8e90303111a1d37f41361c	ALIASES_VALIDATED_NO_TRANSFORMED_GFF	canonical_objects/GCF_000599645.1	canonical_objects/GCF_000599645.1/GCF_000599645.1.pansn.fa.gz	1374597	542cf59261097fb70930b63aff9d86d4fc872afaa838e0d652b5367fd996f99d	5f5ec031ab2deff085d02f794c2060ec4c23e262b3cc30a7e31cbc0cd886ff4d	61546f7728ade2a30cdb9ab9e3c3704379df65ff16cca35153c831020b9b9f75	b6494b77b59d58630ceae93ed25a948ade96b36cad3d1d887fcf05003d6910a4	43f44192a4d7b89fa1bb28ea0ad8f76a7a08613801de2163514d2839213e408b	e0b88e84e59a04c3e6d406ed7f0c6140d09f7f534b76b64e6fcab296cfd63589	1	4875682	INSUFFICIENT_FOR_RANGE_RESUME	.	.	1	0	2026-07-25T00:33:10.026792Z	ada5b859dd78e6d4c4378501715c24702e5675658d91dc357822b3892cdb8fe7
172	asm-v1-53be697b70771fd341069a5f	GCF_003956205.1	EXACT_VERSION_RESOLVED	VALIDATED	source_objects/GCF_003956205.1	2071276	bad3c57bdee3e087a1f2a86019a8c67eae82dfd1870b3cbd75cb44abb015054f	ncbi_dataset/data/GCF_003956205.1/GCF_003956205.1_ASM395620v1_genomic.fna	5402624	022d7591c00467d48c034852c49476471eb3d9cc11d6b2502ef89648db625477	ncbi_dataset/data/GCF_003956205.1/genomic.gff	c55be6d5407c5ded6733fec73e93c6e50a3f45e2c951c39324346b98f32d9814	QUARANTINED_SOURCE_GFF_NO_ALIAS_VIEW	canonical_objects/GCF_003956205.1	canonical_objects/GCF_003956205.1/GCF_003956205.1.pansn.fa.gz	1511282	7e5e71508fb86f8685e2f61eeb64b1749d1660c042cd742d441b96782c8259ff	f2b2017b46295e9b99c45498bdd1d2b92ed74e8189519d3b1ddebb1635f91156	d11346c66afa313f534ba0024ada210843b235b1ed5e98008ee3310238e49003	0c828f3af9da824cd81b7e6b7ce441006fa040c1facdc331e4575ccbbc19feed	f876a82d1c568ce027b01a4222c76a83d3c7085b0a2eea6c4daa696a29e221ad	cd40aa389a30100c781d654e00f2807198c3c498d97099f6457427282fc8f296	3	5335684	INSUFFICIENT_FOR_RANGE_RESUME	.	.	1	0	2026-07-25T00:33:12.145439Z	bb3782ec5689fa3dc5f0b216a14e6f2e7c5a4e835db3c878c835a6d801997e21
173	asm-v1-c52edecc41d224878443e024	GCF_014169035.1	EXACT_VERSION_RESOLVED	VALIDATED	source_objects/GCF_014169035.1	2027041	896bbd3fa83da6730743bb024e67829939c1ae2b956e0bcfda3ee474c39eef77	ncbi_dataset/data/GCF_014169035.1/GCF_014169035.1_ASM1416903v1_genomic.fna	5268708	ea75fc8f3e20dd80241fc07884bca98c082aff065625cd66fe2260635eb4124e	ncbi_dataset/data/GCF_014169035.1/genomic.gff	a1b2d2de6816a7916536df7ac56c74488e9b5f88abe19dba651daad6c3b83c31	QUARANTINED_SOURCE_GFF_NO_ALIAS_VIEW	canonical_objects/GCF_014169035.1	canonical_objects/GCF_014169035.1/GCF_014169035.1.pansn.fa.gz	1473108	5ada017025e269df90690cf4ee5e3077f9b69897e2b03717044a4a9494135b6b	99b0a9abc9c0d34f273f1bb5218e01e78c8c790f8d0eb55106fa212e7f68a2d5	d9c4a773c1de0a44b8eec33bb20cd8d444263e9b70283267c71349527d27a3d4	c19d9cab6cbc49c756b3d50876638d778eaa6118fd7932c4840b19a2b21424b4	5ae5edb1424833834125306a313dd3f73254e1b09403b20476f7a4c9672ae0c6	cd40aa389a30100c781d654e00f2807198c3c498d97099f6457427282fc8f296	6	5203078	INSUFFICIENT_FOR_RANGE_RESUME	.	.	1	0	2026-07-25T00:33:14.265188Z	cc7c06c58b657a1051d44b735eef26f7640fb39ef435e8d894f045d0877ac446
174	asm-v1-c49cd3be967d30963e201306	GCF_900016095.1	EXACT_VERSION_RESOLVED	VALIDATED	source_objects/GCF_900016095.1	2158671	2e3e3f0021a79abf61e7c97ec98d89ccd60db253d894df00575ea21c92cf6ef2	ncbi_dataset/data/GCF_900016095.1/GCF_900016095.1_ED377_contigs_genomic.fna	5502645	92a4b0b2a01e2675a332f4ea5635302fe0a25611afa7e82b32eb3cbdddf8032d	ncbi_dataset/data/GCF_900016095.1/genomic.gff	f453d47fe1775ca26759906450ffbb6b602861daaebaa262d7ff0ee4b4920a08	ALIASES_VALIDATED_NO_TRANSFORMED_GFF	canonical_objects/GCF_900016095.1	canonical_objects/GCF_900016095.1/GCF_900016095.1.pansn.fa.gz	1551849	97beb2c7eb50eb8eab6eb4883f41c8da3b93e5a40b887d0acbee8bd107e90650	d4214081e606d5e9d6e1d85a56c59b48214b13d2bbaa9eb10f63fd8a75f9bd52	5a6d93543f700fc7f21b88dc45eb86445be1ae8b89d6bdbc4c178a4a68ee6dc6	5b4fe2ae87bdf4ec05c5c8dd11fd7c14b2dc735d409b5013d6e6b11ad68a8d86	c6c0264df7547e2b9f4958ed4030461d4b09e9804b872d3ed8c0d6c2b4a2b65f	f65bad44c9e9341a1ee0f00d6f5d5d80d5adba5c3e97b7fe6b862b8014e9d667	180	5418095	INSUFFICIENT_FOR_RANGE_RESUME	.	.	1	0	2026-07-25T00:33:16.926553Z	7c738ed60ef94d0c4fd1ae8713be8e4c567e9d0e11b0cfc2b15677b34e4a7968
175	asm-v1-1010c8c011cee49be636cb73	GCF_900015375.1	EXACT_VERSION_RESOLVED	VALIDATED	source_objects/GCF_900015375.1	2120444	d7a83600dc61b69e0877ce50f8895645a8a2fc8b14c708fa09b394adcf53e6f7	ncbi_dataset/data/GCF_900015375.1/GCF_900015375.1_ED668_contigs_genomic.fna	5395650	e2515ef71f60823a6df29bc1028db1d5b4c9c2e9650cdd213360d0596c4eb246	ncbi_dataset/data/GCF_900015375.1/genomic.gff	063086778f60c6b5c7e28c229f7208359ba59d7c7519f90766a5db51800ae687	ALIASES_VALIDATED_NO_TRANSFORMED_GFF	canonical_objects/GCF_900015375.1	canonical_objects/GCF_900015375.1/GCF_900015375.1.pansn.fa.gz	1529937	7e0439e9234657744e8f90281b87f20863dcb43e58def264dbced8f8f0008850	d49d6d7b0be322f63e7edc59f3967167f7efa545889b9ff5eb5480e918972fd7	785575370e896318e2d100012a3ca79e4f873801beefa93c2b177c911c3747e3	e5cc23ff589d9adc4105163e3610fada54ca34bb70abca73d4ba68dacfee48bb	91d2c5c18fb5009820de8619b5bb2c16c8a1a57f6f5c79c1493358dd5c2b120a	2d9b8787fdff6004385f16c9d40b8cb5c91ca33685f7b3a1fb73f7301e6735b8	252	5305775	INSUFFICIENT_FOR_RANGE_RESUME	.	.	1	0	2026-07-25T00:33:19.704311Z	c637074601a29a8a01744f1cfb526669873cae26ed17830cc241ce0f9413840b
176	asm-v1-e660ce4d8282f147259e8521	GCF_000351505.1	EXACT_VERSION_RESOLVED	VALIDATED	source_objects/GCF_000351505.1	2034485	d1a09e70a905ca097868ae3c9e6ed8f551b13c3ca662e361a3d7f7bd5f36f8b1	ncbi_dataset/data/GCF_000351505.1/GCF_000351505.1_Esch_coli_KTE55_V1_genomic.fna	5286745	26b26a0df2b9d70147cc1207a3bd697b11a6e373f9c88db99003f61bfd324b42	ncbi_dataset/data/GCF_000351505.1/genomic.gff	9fec0828d18301165a6fa0dab326c68cfd6bd96d3fbb86e3bd22d71dd401cd6a	ALIASES_VALIDATED_NO_TRANSFORMED_GFF	canonical_objects/GCF_000351505.1	canonical_objects/GCF_000351505.1/GCF_000351505.1.pansn.fa.gz	1473276	51bc996e7de4a63975cbc215c533176b571a02a26b581ed5eb2b7c8a43485006	68bf916ea033984b2b5607a0b3d8fca2b903465539c4c304e239281ea4dc2131	e0eb9c714b3a6499bc6cca024ec83607c8b06c551c7aedf1f013a97f55c4bdbf	f17a6e00d43e3192f86e8942061e0e6c8ad6f16e2eb337de23b3fb7bb9ba1439	4566a2ce123ea8f77679a7841e76d15d2a7437d180e829003431019f959caa63	f32561c0a786b46991b03055ce0bf64fe8adc215400dea93576b239d09146b10	11	5220513	INSUFFICIENT_FOR_RANGE_RESUME	.	.	1	0	2026-07-25T00:33:22.835057Z	8655c393b5a996561716a5a9e4cf59d06cb4ebba93c99b836b53b12c20fc6e50
177	asm-v1-318e5142cdd30348e9d7b1d7	GCF_904809765.1	EXACT_VERSION_RESOLVED	VALIDATED	source_objects/GCF_904809765.1	2121396	94353a19da56bf22c0a63f8eb4bd6e3a2769c5cc72551b538328a356b4718926	ncbi_dataset/data/GCF_904809765.1/GCF_904809765.1_24742_1_309_genomic.fna	5431908	fbe574412769510880a4fa21c798c4467580e9fe418699d38244593d6e6ce08b	ncbi_dataset/data/GCF_904809765.1/genomic.gff	3347171097f6e3f099fdbe25334e1ee22436348e3757d9f3042d13fd0a268514	ALIASES_VALIDATED_NO_TRANSFORMED_GFF	canonical_objects/GCF_904809765.1	canonical_objects/GCF_904809765.1/GCF_904809765.1.pansn.fa.gz	1524041	c9781a75b0890808c560814366414f2a323b980aa50d2827a612db58ea259fde	e354f82b3f4e46be9e33587dabba88aa57a10b20549103d46979299a5d88e3bc	b2ed687dcc64867db51325bf7042653cba28d578c330654ded111f2173b9cdf3	d3015cb3e4888a2f26efa74feaa6f451306cd2737f5fff99b045983d4096d329	77baa021d426a5cf32191c6b2ab3d4b1e5cfd63e0aaa65c2cc263be453b830cb	c6770fa4148bef59a1fa021d4f57f90bac6e9b51e7ef324186c9b9dd0f8ff138	132	5353438	INSUFFICIENT_FOR_RANGE_RESUME	.	.	1	0	2026-07-25T00:33:26.380478Z	2228854e07d7c2b29d16f4aa006cb95b4bbb260d490079cdaf5c94bfaf225c17
178	asm-v1-cbb48126638d0d5dd8c16f2c	GCF_015693755.1	EXACT_VERSION_RESOLVED	VALIDATED	source_objects/GCF_015693755.1	1949288	a0287222df53a7d4e5ad9f2b39dabbcfa59fdf38b520d8ada7a5345b15c21453	ncbi_dataset/data/GCF_015693755.1/GCF_015693755.1_ASM1569375v1_genomic.fna	4949339	6cbac3b794349e3f65d435baaa84f2e1e676bbd1d89119145fda126be5b346ed	ncbi_dataset/data/GCF_015693755.1/genomic.gff	0272a034dd6a6d1c9cb770bd0971e7852f3634ae4d0b025f030c0479c66df84f	ALIASES_VALIDATED_NO_TRANSFORMED_GFF	canonical_objects/GCF_015693755.1	canonical_objects/GCF_015693755.1/GCF_015693755.1.pansn.fa.gz	1398451	93951f74c02c96e7ec9fb111fecd12097330d7955e15560f78d1b3aacfa7f4e7	252f88e3ac3d35d394701f75a5d258c5357064ee4a2e1255615e3e7a0359dd49	a356232d4dcbc1142d7a91624d533f4d451de3b1e5ede095f45db0697576ff92	45ce5d570d2a914c3fe1d54cf37da80f12d321058e6f761778b5fe32af4378fa	d372656455ae949f5cbc11a49d19dbbd64c27b283aa5211454114728678e0cde	8cf6ac9d70e7097c6a99123de0972fcf1066e7e46573fe4057089765ed2cf17b	178	4867755	INSUFFICIENT_FOR_RANGE_RESUME	.	.	1	0	2026-07-25T00:33:28.802897Z	96ac3a6f6a5530836159125f8da4d675941e663d3a6f5a882cb1ee2258d66e9b
179	asm-v1-5c4b39abe3b38497b26224d8	GCF_021341955.1	EXACT_VERSION_RESOLVED	VALIDATED	source_objects/GCF_021341955.1	2103712	d0b48666e6f74807aa7850788a0550ab4b364198ca15f7c6d89836d3af2f1c30	ncbi_dataset/data/GCF_021341955.1/GCF_021341955.1_ASM2134195v1_genomic.fna	5373454	f39003640c7fdd19d28b82475efe8bee0cd7533ae7970290a05e947ec1e6a17f	ncbi_dataset/data/GCF_021341955.1/genomic.gff	487eb285fa996c3d4faf461f2bfae50f9bfe15f32b2f1c18b760381a804b1727	ALIASES_VALIDATED_NO_TRANSFORMED_GFF	canonical_objects/GCF_021341955.1	canonical_objects/GCF_021341955.1/GCF_021341955.1.pansn.fa.gz	1507705	f47b29b860fee19fbab4a3d28123dfd51838ff469075c6310193f91574c6a9aa	a97181130ff1b3d852027203cbc8958181a90b99ee394294e621d0fce5b236cc	2b3e46fa19b9f1217e013afd1794c17cfbb31fe34812ebf499d5be22cb3bd679	8b6d283847af4429476a79637281b7f5968cc13bb7aa34c553085ffac3b9b2a2	0c34b4ae13144258fa0de650b13683a202cc101a016de6bef3692ed3b3a61b7c	9b1f02275125b13556a0c6a0f35d97773f94ff221f3bd8d00cf02c90925a30d7	123	5292608	INSUFFICIENT_FOR_RANGE_RESUME	.	.	1	0	2026-07-25T00:33:31.354981Z	2bf12a05a251ce99dc56706ac972cdd61d4fbb51884194f497ed6ad088b3aadd
180	asm-v1-e3d94b015c2c07dcc06cab55	GCF_003292875.1	EXACT_VERSION_RESOLVED	VALIDATED	source_objects/GCF_003292875.1	2059368	e39ac1e9b874b2925f3692c7758143aa14df1504326ce392330a48f3841e7f5b	ncbi_dataset/data/GCF_003292875.1/GCF_003292875.1_ASM329287v1_genomic.fna	5189195	f91a48381c32194695579c5c640dd13e351bbdb529e2db9de96209646575802a	ncbi_dataset/data/GCF_003292875.1/genomic.gff	cbdee2c5421740fdab659161b5c99db4172c40ac8d26cbaa25a67db61acd69c3	ALIASES_VALIDATED_NO_TRANSFORMED_GFF	canonical_objects/GCF_003292875.1	canonical_objects/GCF_003292875.1/GCF_003292875.1.pansn.fa.gz	1462838	ef816372b783fd32afe89c95f7ea23af9c04dc4fc74bb11e97b62040c30988cd	5d88ea7de1adb9eeeaf42813475a5a4b35a96b0230e5fcbf750fe993d09feb00	7d03590a9a14917051272319099134ded336ca5a6482ca37fb1beab7782a31fd	f6cdcff5ec9ca37c7d2c33453c299bf96220458a0ee07e380d6880f47917663e	9c6a4ae438365b1abe32abd19cd0a07b1ceb905e83c366998340b0066167de9c	65fef2a49d48d3e020bcbe9690d65db2872741042457b393864218768f02fabe	373	5084290	INSUFFICIENT_FOR_RANGE_RESUME	.	.	1	0	2026-07-25T00:33:34.766757Z	03964c27f7f9a5b4623e5cbfe6a1d24fb291ef74a5a4d76515bb3331283cbd14
181	asm-v1-b9f037fe1f1d19e481d31039	GCF_000647475.1	EXACT_VERSION_RESOLVED	VALIDATED	source_objects/GCF_000647475.1	2016625	ed9b0cc947e58c547272f92fca6a2287accbdde0e0233f6bf9cc3390048fb53f	ncbi_dataset/data/GCF_000647475.1/GCF_000647475.1_I-151_clc_bio_denovo_genomic.fna	5222139	c16c343738a00eec360a1c5c1c30fa3ff2ed760490b6bdac6a1f21f87a8130ba	ncbi_dataset/data/GCF_000647475.1/genomic.gff	96b48a135d5ad7164954bd8ea9d8823b46f09ffa6df6853d1b91b2ce04531139	ALIASES_VALIDATED_NO_TRANSFORMED_GFF	canonical_objects/GCF_000647475.1	canonical_objects/GCF_000647475.1/GCF_000647475.1.pansn.fa.gz	1461531	9d9cf551392741c768689f4ef841eea5965ae54156bc7b738451e660ff5ca967	c9630b63d23645fb63a3069091a76822879fe6c310b4f07d7bac6a645ef405fd	d37edc738ee86a442d919acaa548aef112da9ac1c298303f4d3623ce58da884b	c9fc379e23cf119ba6ecdfa080d01d0bb449da2019f86df741e31d12d19d6450	9954a37d6c33328ddf0508213671eed2e0e26555c9d17f1f492da867dda70677	b7c82522a81b4cd440b83fd44263fc43eec70e074ef64589bc26e24a9d23713f	187	5138655	INSUFFICIENT_FOR_RANGE_RESUME	.	.	1	0	2026-07-25T00:33:37.930999Z	4e78022973c57b78b0bab035a22c09194b8ec17412a2b024c59b7dc6a5bf28ab
182	asm-v1-c2b4dece194a16291f6270a0	GCF_003293265.1	EXACT_VERSION_RESOLVED	VALIDATED	source_objects/GCF_003293265.1	1906212	f24f01d427ad341b9412cd23a99a16a2344f5f26fdf66dbde49b1dff012f87a0	ncbi_dataset/data/GCF_003293265.1/GCF_003293265.1_ASM329326v1_genomic.fna	4864271	03d4f27ff5332f9867c360247793e7f4bf782a9250ad1a2c83a3c9d429a6de6b	ncbi_dataset/data/GCF_003293265.1/genomic.gff	c3841eeeeac14b86c255e0b0d0cdff15901fb4b4fc9b8ed3d00ceda4175e6973	ALIASES_VALIDATED_NO_TRANSFORMED_GFF	canonical_objects/GCF_003293265.1	canonical_objects/GCF_003293265.1/GCF_003293265.1.pansn.fa.gz	1373481	1eb9353d69060a5563873d5bbad93a1c434e9924936feb00b3de9d4cb35a5964	9de5ab647447feb03c523947d9ff1bcc340c5530903d0ae3e41900e63e85ff50	9dae071a159dfb492b587ad2a0f5ea0db6f8fcec019dff50c2ef811a7fc730b4	0cb140a9f2fccb58d21e1c41da1c37491aa885649b8b71c93321b525d751388a	f639ab5fe9ead3b0f285209a12518d9188fa30f56f9f3f2897f0327e70db3a26	e4e250bb0e30afe22ff9748ef8f706ea5534d175a93392bfd11878c875e97da9	143	4788383	INSUFFICIENT_FOR_RANGE_RESUME	.	.	1	0	2026-07-25T00:33:40.829569Z	f29f221b7cbf1e9d10bf8ae30402f48f25164f166ad34671bb61f148f50c1f18
183	asm-v1-93e0f514730fb93e33760692	GCF_002467555.1	EXACT_VERSION_RESOLVED	VALIDATED	source_objects/GCF_002467555.1	1905301	a96c00962f1f8f47a419ff2970f5d9764ecdfb6949553ff06a268a77bc9640c4	ncbi_dataset/data/GCF_002467555.1/GCF_002467555.1_ASM246755v1_genomic.fna	4896693	375fc732877509a34c2257b72ba38b24043ecf772909467a4a44e1708afe0368	ncbi_dataset/data/GCF_002467555.1/genomic.gff	7bac4ec1437a7051b08b1f725846cf49e67e45b854eb047ae4142c4a746d1c1a	ALIASES_VALIDATED_NO_TRANSFORMED_GFF	canonical_objects/GCF_002467555.1	canonical_objects/GCF_002467555.1/GCF_002467555.1.pansn.fa.gz	1378894	085d77ccc20aae473ab2f4638b821f80eb027f244111d73c852f3ae87c38dd7c	a154ed8ed072c3e3b89e9523367f0e8456f260538127c5686dc68cd084fe19d6	15f75bc4096aa60265dedf5292f0ed1e0d100dd522a6cdf287730fb6e7e49de0	d52ca5644c591fa70bde8355a06ff26941a1f16a110082b3d87b4cc3f5b1e7e0	c79b4c83861472b60f68ca087d75d2a7a62f79fe6aa8a14cc8ea3e052e230422	d100522550cb661a26f29c3695ec8241588ccb3e71eaef7fbd79ccf1f94bef10	108	4823068	INSUFFICIENT_FOR_RANGE_RESUME	.	.	1	0	2026-07-25T00:33:43.043623Z	d3fb9df52823151909137051fb788740748e69106ea36cecf45be28d8af6722b
184	asm-v1-a1676ab352c410050bf8e59b	GCF_904810175.1	EXACT_VERSION_RESOLVED	VALIDATED	source_objects/GCF_904810175.1	1951799	c9ad7c0dc8068bee24441ccb9b49ed887bd60bc1774a22a6195a08233a892899	ncbi_dataset/data/GCF_904810175.1/GCF_904810175.1_24742_1_49_genomic.fna	4991673	0a0384014c9ed08db5816274887a50e7a36fee06f0cda57e89b4cab534f7ab1d	ncbi_dataset/data/GCF_904810175.1/genomic.gff	76a6ab806079d53d4eaf7337a710832a95885992993b5a2072f2396f1173bc2a	ALIASES_VALIDATED_NO_TRANSFORMED_GFF	canonical_objects/GCF_904810175.1	canonical_objects/GCF_904810175.1/GCF_904810175.1.pansn.fa.gz	1399361	0b72e6317377a2ef1b70b8695fcff11001f012708c41b99744682ccefe6226b3	62abf261de5d716864d9b5d5e5edfb9d5b23a886873bc524ff5608035d1976c2	e2f6f30a881f37d5fb4d407e3fc16dcd88b4795504bb8069967ded9b5dddc425	28fee128f2294f9b447197a5e4ae4f0e73a822c8e01e5420f54a1d41c5c5e800	c39e0dbdad9d45d8e9d2842beced7a0576d8b19cba9483a7e33a4451fe42e2a6	92c36ada52ef571e4423832615a7cf9633ad096dc06285474a1f6f878ea803cc	62	4924630	INSUFFICIENT_FOR_RANGE_RESUME	.	.	1	0	2026-07-25T00:33:45.834074Z	8827164ce4a4579b8094a42ab890d77e4d9ee79894ba3a56e30132005444630d
185	asm-v1-251de39be7e1c44540c9e3da	GCF_003367575.1	EXACT_VERSION_RESOLVED	VALIDATED	source_objects/GCF_003367575.1	1935775	a93d79689f0a256fb78b46923fa517d550fe4d9466ad9e0f1fc74ba05383c947	ncbi_dataset/data/GCF_003367575.1/GCF_003367575.1_ASM336757v1_genomic.fna	5000252	15c087a2a7681b1da1f608694f2e4a30fcff33dc3974d9c624ac4300b3ebe040	ncbi_dataset/data/GCF_003367575.1/genomic.gff	5357561a6d61ab71e9f753a659f10701029f2ef584a75d8cc18e4b3397724fae	ALIASES_VALIDATED_NO_TRANSFORMED_GFF	canonical_objects/GCF_003367575.1	canonical_objects/GCF_003367575.1/GCF_003367575.1.pansn.fa.gz	1400037	6118dfd143e1cea1a5b8c0ff78b978cbcbfa6a43c939c644d20d9e9f0751f2ad	5cabf53206cc1256cfffac1b34872d38675eb3d691618f1da07eb2fa78156aab	1a814d4db19e12f5929dcaee4085d5e46aca1f5aaa48ed9b2908ffa88345b022	64a07f574d825a2bf85dd6107965b2b6940821dd04e24b8b09d9c6399d122bfc	5a0d6f6947b45663655362ef6dd068e00bf5b861e531cf12a2090607f1deb80f	30f2f755d8c186160007021e93177cb7d15bf3e053dbf773f0eb1266ed52cea3	2	4938383	INSUFFICIENT_FOR_RANGE_RESUME	.	.	1	0	2026-07-25T00:33:47.841188Z	b83a1eb725922bf88266dbd1b9e9d34dc3eadeb72ed42d69ebc56d41de69a5dd
186	asm-v1-2e65102e92a297031a2b0cf7	GCF_009880525.1	EXACT_VERSION_RESOLVED	VALIDATED	source_objects/GCF_009880525.1	1906846	97c2b38ec71a2a4591c55fe724d41fd9dd94f9e91412d27db16d5986057043ab	ncbi_dataset/data/GCF_009880525.1/GCF_009880525.1_ASM988052v1_genomic.fna	4934373	04bad4cacf757ba748cdaaa03ec0cb65ca1d658c5290cbaab9039c4a294d8918	ncbi_dataset/data/GCF_009880525.1/genomic.gff	2c5a959cc5e17af66ec62f721fabf2d7a2a77f64b257381e6f802793c1e529e5	ALIASES_VALIDATED_NO_TRANSFORMED_GFF	canonical_objects/GCF_009880525.1	canonical_objects/GCF_009880525.1/GCF_009880525.1.pansn.fa.gz	1382517	da793faaa3a96ee48e70ecf1b0d2da726b8ef560fd6bc2f9fdcb1e8917b3f038	8ac165f7820fc1fbc4a246c7020322de6642f3bffb894040a7fd8ba4969e798f	237e74bf15f58835a8361dc18908d820e79b37137f1a28fda3c8efd00074e879	ebdac29f6bfc459843f4b012c5b1cc5803e75ace65fd0ebbe8c40eabd687bce1	1037c2863f4d4e8e0b1aeee6a5ebe98086751d53d44716cfa34ca043f7485330	c4016c982460ae76bb59e968ea35ef0d5fb2873ddc01b66f6becad6132e95db7	50	4867399	INSUFFICIENT_FOR_RANGE_RESUME	.	.	1	0	2026-07-25T00:33:49.980025Z	2d9d8cb9cbe7bc075cb577a8a2a9d67c78f3e9e16e8914c3312677ccc3ff9954
187	asm-v1-ea4bee677ba1d5d62e3305c9	GCF_000752535.1	EXACT_VERSION_RESOLVED	VALIDATED	source_objects/GCF_000752535.1	2089709	2195600729d77c8ac2ea40c1ec6c9be4de501d30c7f1810dcfca2c3df9b6afdc	ncbi_dataset/data/GCF_000752535.1/GCF_000752535.1_FHI67_genomic.fna	5348491	fda37405ca3c3566f15cb5b8bb5439e5d2084678a3fbdc1636f426d156e19be4	ncbi_dataset/data/GCF_000752535.1/genomic.gff	72dd35f65cbe0a80224c23705d9e458cb22721370616f90b86a585c37ca903eb	ALIASES_VALIDATED_NO_TRANSFORMED_GFF	canonical_objects/GCF_000752535.1	canonical_objects/GCF_000752535.1/GCF_000752535.1.pansn.fa.gz	1503990	836b52d12c661196d59575598709a37b9571aec6d0bb8574de7c0eb6b17ab5ce	d21d55d864763c48347d2f82f146cf04361ad8dc4c19685fd684559953c58925	61314b98d3b869c475412e338fa8af7d80f2bb74e2cb9c08d25461c53cddaff4	b88228182030c69ab64bccae179b9920ea9cc037c98da221e5238e27d398ef0c	3352c39b177a316b43a2f02c2f75ac832788d4160dc6df9df3d1c4506dbc1f5f	ec84be7ff305fc79ff676f2fe5eccad7b130e014ff95e65dd897eb09917a6574	169	5269023	INSUFFICIENT_FOR_RANGE_RESUME	.	.	1	0	2026-07-25T00:33:52.555788Z	773e884c51d25fbc404e22cbbe76ae445da45c3dbb679140fcadc6a71cff4e1e
188	asm-v1-227c65ff97217d46d0fb82f9	GCF_011045875.1	EXACT_VERSION_RESOLVED	VALIDATED	source_objects/GCF_011045875.1	1877559	49412a37583acc958efa3aa07266d300128e649962388eeb15d0eff53c28174b	ncbi_dataset/data/GCF_011045875.1/GCF_011045875.1_ASM1104587v1_genomic.fna	4852830	58e36724567e4e4574e2e080815800f685b0018c42efeee4e6dc99e82a097ed1	ncbi_dataset/data/GCF_011045875.1/genomic.gff	098efb4ff77554252712e53c7e7203a27a80008694015ec90bb09b71e331b972	QUARANTINED_SOURCE_GFF_NO_ALIAS_VIEW	canonical_objects/GCF_011045875.1	canonical_objects/GCF_011045875.1/GCF_011045875.1.pansn.fa.gz	1355583	0218f9ce40d4467d1cece4d6d1c6e419364b0c4351d75eff452338a1c2126ce5	2c48d6fab5b943ac39e86ea61cb959fe44c31d69deec3f451762695a31382657	b7179ee14df64bc6e85013fb3227f65f95a4adc5a7f5c392c38faeb567fd7452	157eba7a828378c979c231715fbb0ab37581c8840af133d7f90619efe2aa2b12	1309eb3763124ce1c9ca649bcd345f8c6a59657d6027650b9658e9dd8a570f2b	cd40aa389a30100c781d654e00f2807198c3c498d97099f6457427282fc8f296	6	4792435	INSUFFICIENT_FOR_RANGE_RESUME	.	.	1	0	2026-07-25T00:33:54.484442Z	e64e93045beb50b070ffeb8e8d15136f00f721a29a3c8ce5a7c346cfae3dbfb9
189	asm-v1-0aabc5465be171c5c89e39af	GCF_000442065.2	EXACT_VERSION_RESOLVED	VALIDATED	source_objects/GCF_000442065.2	1962189	fff7252eaa4e0a7926f8ac62ad509908a799cc34e7a36aabae21fb90fb590405	ncbi_dataset/data/GCF_000442065.2/GCF_000442065.2_Escherichia_coli_O127_H6_str._E2348_69_substr._CVDNalr_genomic.fna	5020594	f32155adeefa7376c1452d34c2078648020571858741c81155b3572f97f8d6d1	ncbi_dataset/data/GCF_000442065.2/genomic.gff	bbae1cde277c6ebe6d25da4362fba5a81851a57fd9792eec0a4946a2ba149b1c	ALIASES_VALIDATED_NO_TRANSFORMED_GFF	canonical_objects/GCF_000442065.2	canonical_objects/GCF_000442065.2/GCF_000442065.2.pansn.fa.gz	1416145	06f604e44b2c394fdd1833bf76dadafb3ac2d921eaaf2b0cd1c141bb70ce2abd	b2055a76584066b875376b30b950f85dfa1174012db5362a03215309bb2a7cd1	8d522820f1108f007d77fe8a07fe998904c2b138d5f836f19ec50bad3a42d898	2fda8e16300e9bddc2fdd8751f479c4f86c8dea8d0be4fe04948b64bf0e1847e	7949d4ca4040a591bc95ded73b2c8bbaf735bde12b5dcb922a3fd8a416c1db46	7cfc8bf3b28bd8f72d95731f0410faa2aee6af41ac7d086c1822ba0853bc3c94	127	4940841	INSUFFICIENT_FOR_RANGE_RESUME	.	.	1	0	2026-07-25T00:33:56.930341Z	244c08bf21938d13e8e6693a85b29f52e7e6719f393074b8b822d9b5632b003a
190	asm-v1-86c6da29c0e6a3cf2268ff28	GCF_003686895.1	EXACT_VERSION_RESOLVED	VALIDATED	source_objects/GCF_003686895.1	1909378	6411b3d1bfcc7828cfd8dd9ab4b727df5de884bc61b4eac33ee805e75342b67e	ncbi_dataset/data/GCF_003686895.1/GCF_003686895.1_ASM368689v1_genomic.fna	4879521	21a4ac4b13b7a6188739da03f5eb10f4ebf2f07bef63c8360fa9084db56b05e0	ncbi_dataset/data/GCF_003686895.1/genomic.gff	a10dd9e878fc57ce28daa4db9ebbd84e485bfc0e40df979f7a7bd5fde96de138	ALIASES_VALIDATED_NO_TRANSFORMED_GFF	canonical_objects/GCF_003686895.1	canonical_objects/GCF_003686895.1/GCF_003686895.1.pansn.fa.gz	1368563	c91c19769bd3911f87a2abc25906ba5923fb9de2fbde1fdfbc0ddc1fa04811e1	27f737de79aeaa1a65e0cd5655c5b3c95b7aa937c785fec5b83d9c23def3321e	e44dc291465bc8833f2f943d8fe95a9344e26668ec46c637ea2518448623997a	3518c32196470f7b6d1d899354488c1b3f510d928864eb9e5ac54050aa0af67c	cee110b7898f462fca38352e0da778e97d1b2cf56ebe32b0cd907f3f5850b778	54c752e5cab0a317d3811f9f71cc375bc1ced856fee529d71d83f9d9bc2ff1f8	108	4806927	INSUFFICIENT_FOR_RANGE_RESUME	.	.	1	0	2026-07-25T00:33:59.276042Z	b2d4f0c683a5eaa24bc00ad8b0d8e4931cb5b6c9fb9bc13522e738fcf90cdf7f
191	asm-v1-11b8c4a57bf5d44058fd6440	GCF_010820865.1	EXACT_VERSION_RESOLVED	VALIDATED	source_objects/GCF_010820865.1	2140465	7903234e67058d02a6c7b88cfb48db4d6fe9c3cada82e9e7c54ce382c2630b18	ncbi_dataset/data/GCF_010820865.1/GCF_010820865.1_ASM1082086v1_genomic.fna	5462848	3798d66ed487e9df1bb3e8eccb2bca62429ca854ce7a1ac9ed094d736ccce5d6	ncbi_dataset/data/GCF_010820865.1/genomic.gff	a081fc6dfdac40bd2bf37bccea178848829dcf7ffcc6b7bece20909ffef306b4	ALIASES_VALIDATED_NO_TRANSFORMED_GFF	canonical_objects/GCF_010820865.1	canonical_objects/GCF_010820865.1/GCF_010820865.1.pansn.fa.gz	1533204	caa5b5526e3de430a1092bee44ebed3f1e91924a2f1e76aa221439ed9b77c985	422ec4ee6980f5822332228486e30530c770134eae80f4c98d410412dbc0bc4f	ae35a53a9dfa811ce45e28bfc27534162d428344814027a07a0cacb2730bba45	9467924224671efeb5f4cccd1103b4925fd7d3d080057c144cf5b3190e5252c2	d81a3d37c4ab590d1a04962e8bd906cebefde9ab262bd1a03c96ed0e6ee611b6	c3f4f238ab03ee78b04f92f87b99e3595b12ab94803d2a9475ba01a194d5d44f	106	5380421	INSUFFICIENT_FOR_RANGE_RESUME	.	.	1	0	2026-07-25T00:34:01.744885Z	44fd6dfd0264af5318b670f9280db9142495311094c14be66e267d0c50c2b5a4
192	asm-v1-48824786b3fbe77253cb7c00	GCF_003322845.1	EXACT_VERSION_RESOLVED	VALIDATED	source_objects/GCF_003322845.1	2012179	378fb926860fbd077261429abdb176da1f332fc53056cbed57d66666c0116a24	ncbi_dataset/data/GCF_003322845.1/GCF_003322845.1_ASM332284v1_genomic.fna	5134090	e0020ef534bca78cbac31a52015150e05450f0614b0f43fc71e3e05157865271	ncbi_dataset/data/GCF_003322845.1/genomic.gff	818b91254ead8108f3677343caea75df0d496eb44ab241d7de76a5572cfd0ab7	ALIASES_VALIDATED_NO_TRANSFORMED_GFF	canonical_objects/GCF_003322845.1	canonical_objects/GCF_003322845.1/GCF_003322845.1.pansn.fa.gz	1441846	462098b93e7597233139cbce41f432122bad6575ffdb38cc1d713efedabff9d4	b089c2a10b0ec15d55baf72bc462762d502848e049cd0ed970412e30ea123abc	28b42c86b4ae6b7b1db6143ce9a593a60359b93312d86517005da87a127348fd	abab939827d5d8c75cef042d9529aecbcbf633efb8595f414827d76d0e99f0e1	50677798d8fb465f53ebc8bcdf5b9b8f3bd5b974ffebe89147936a78c2af5e98	4ec6aedb4ceaf773469347bd1bbde6c7d441494948fb2a0e2cfc7e418adf1143	128	5053453	INSUFFICIENT_FOR_RANGE_RESUME	.	.	1	0	2026-07-25T00:34:03.992959Z	febfc44c4d2ce9a227548fd8031b6fd8f1bb1d68df89c71d476231db5a699a41
193	asm-v1-ae7305ab4241714005ede296	GCF_900499545.1	EXACT_VERSION_RESOLVED	VALIDATED	source_objects/GCF_900499545.1	2037353	31a073471670e76888cb9931290d9001faf6e058199562e433b9659c0736c49a	ncbi_dataset/data/GCF_900499545.1/GCF_900499545.1_1155A_genomic.fna	5232846	2f87b91d365017a3d905a0647d5be04d0c63f262a8342551e3fd74a002245bb4	ncbi_dataset/data/GCF_900499545.1/genomic.gff	47ad613688ad09bc136251fff4ad8f355d5a3aad955b728a5097dfe392e9515c	ALIASES_VALIDATED_NO_TRANSFORMED_GFF	canonical_objects/GCF_900499545.1	canonical_objects/GCF_900499545.1/GCF_900499545.1.pansn.fa.gz	1471312	5b5af86797d3a4bb0ee968cf01150a78f4bf7887dd528fc0a9f4d15e806302f3	978b6da7e307468fa590c12abd68f4166e17491c19e705b1108d424dabfde182	f40004702655c672d8827296877a80c23eff0a44658416db8a27b07123ac8828	77ff9f0f8476142967190c19629bcdee75cc7372b3401f0d5b653a97358ec368	293ebfcc87128315ec37aff8920e94fd8f455245fd7dfc5583a2195553278c44	92c786872edfe07f1704332eb52691c24f2bfefad37329d9f9e483318c160bec	215	5150945	INSUFFICIENT_FOR_RANGE_RESUME	.	.	1	0	2026-07-25T00:34:06.698228Z	f9e691954560c5903ab93e7d223059d334d377fa6388a82a1c6d10b81cace171
194	asm-v1-acfac73f6f18d0a18daba2e3	GCF_003328195.1	EXACT_VERSION_RESOLVED	VALIDATED	source_objects/GCF_003328195.1	1834800	c2783950f9308a4ebe8c7f9711f9f415b1d40c18aa73b59ea14738314ad83327	ncbi_dataset/data/GCF_003328195.1/GCF_003328195.1_ASM332819v1_genomic.fna	4726479	8d4d111a54be91b14292d872f409f92c64a3e3626908b2139ee7fd161877c3de	ncbi_dataset/data/GCF_003328195.1/genomic.gff	7a760365ecdcf0c4fbe2d1361c91737d24c397a7fb6be25e1ab2875321b0952f	ALIASES_VALIDATED_NO_TRANSFORMED_GFF	canonical_objects/GCF_003328195.1	canonical_objects/GCF_003328195.1/GCF_003328195.1.pansn.fa.gz	1327277	639ad467469b94a917b736376a8f47eb714a4cb1c0d2065e8ff968bf7651ce0f	332fce169fbc836e2b4e2b04e8ba30e0e715614c98ccd93300a42baee217f9a5	a172f44248fd99d06c42b3407e49b701c2a56df4bb3cd3da43db3e9c08405d32	05b37712c2e539b3786ab7769d20d3ee5f9630b7a8cbff68f53836ee584ba135	a2756634ecae81ecd9db6188c40885671d7301857ba1fe6ce22ef854fef36f92	fa40b1e3c2bd2e629fba14ce15916b8db2c37512e6f5cfe758c3813ba0b9d08d	64	4662289	INSUFFICIENT_FOR_RANGE_RESUME	.	.	1	0	2026-07-25T00:34:08.784402Z	cc3c2b48d0c7ad6bf5174fb7389e9d4d88bab3b2525a20a133a16bf8c193673c
195	asm-v1-932a752d0845586a1e984fd9	GCF_002770195.1	EXACT_VERSION_RESOLVED	VALIDATED	source_objects/GCF_002770195.1	2205422	d38485708c4a2572083e56355418c7dfcb401781ccdfb62846383e6da5a83478	ncbi_dataset/data/GCF_002770195.1/GCF_002770195.1_ASM277019v1_genomic.fna	5610339	274e470cd107aa6db1453eb00456ea7a9bb8e44eb5894fd00ca054162db860bf	ncbi_dataset/data/GCF_002770195.1/genomic.gff	722dce9bf9c92a34c6325da6571e9c83f3eb7f9942cc7e03b709ef773eab69df	ALIASES_VALIDATED_NO_TRANSFORMED_GFF	canonical_objects/GCF_002770195.1	canonical_objects/GCF_002770195.1/GCF_002770195.1.pansn.fa.gz	1581889	0f2a02071c29cc17098b817b59a83271757f7e702ef4c1e33c6bc9e1c320266e	421e8dee2a776f3246f02f8540b494f63c44e0ac5fa7917a4333c0959889b51f	c8c2d9d1b4aa445176d1d7d1c6dab9774d7a677f8c0bf80f5e9a1f93dfe36d71	54b40718e8982ef623e52cc47f3fad70053e0cef3ad7ac916a61f6e93815406f	de7fdc08fb14f6d004da0251653ba148e7872e85762f4d3b1917d0bfe221cdc0	1d456938d080ae7d2b980681a624ec7f9fc7a94d6f90a9390288367dc2494cb0	302	5514974	INSUFFICIENT_FOR_RANGE_RESUME	.	.	1	0	2026-07-25T00:34:11.999922Z	da93a554e99a99708ddc90222d52d5dfc926eb247c83938521cc36b41ef9ce93
196	asm-v1-9542c6dd974a38a34bb4d4e6	GCF_002016465.1	EXACT_VERSION_RESOLVED	VALIDATED	source_objects/GCF_002016465.1	2058695	8449fbe3bad138b417ab7a302766f6fc2696238f14a321a3714c2bc517c7d5f3	ncbi_dataset/data/GCF_002016465.1/GCF_002016465.1_ASM201646v1_genomic.fna	5303408	55cce5ba2a6ba8aeb77778cee9d2c89fa8e7f988987f0461e1eb7128a1f76dc1	ncbi_dataset/data/GCF_002016465.1/genomic.gff	e20bb2626c9228ec45aa372816057fdb4b4c9b6b180bcd8be07187fb10f9c0a0	ALIASES_VALIDATED_NO_TRANSFORMED_GFF	canonical_objects/GCF_002016465.1	canonical_objects/GCF_002016465.1/GCF_002016465.1.pansn.fa.gz	1484359	de1714f3ba2d1efc1d5167607d1401d32b18859eb7f3c9b446342eb7b89c66a9	97839a68ffe008ebc1b0c4b4dedf78a60e66e6422b09875a4ec8600e7c6aca09	8a1f224afc5ef8de44d2d2ffeea7205583bbac0959d120aa9d5993f0e5806a8e	1d80e60f2308e7be62f81faa46d34863ecd6964da97866b0903e55a4628f39ef	e2e22b7c83d5dcc8c54ab98d4c9ae4eb3e2a666f0eba05d4e6e24aa374524abf	c89cfef20c9d6d55b85a629ca33b1b51743bc430311c65c1aee715522240cf97	102	5224377	INSUFFICIENT_FOR_RANGE_RESUME	.	.	1	0	2026-07-25T00:34:14.310787Z	d0b3314cd39c01e69b4703792739e42a01e2bb07154a819d7ab565bed74dd4ae
197	asm-v1-a99c50eaabc68b451ea0e9e0	GCF_002941745.1	EXACT_VERSION_RESOLVED	VALIDATED	source_objects/GCF_002941745.1	1880849	a765d9018f2cc535abd639e5ad273bddc351a267492a5f19ef840c796f73be52	ncbi_dataset/data/GCF_002941745.1/GCF_002941745.1_ASM294174v1_genomic.fna	4756992	70f393e62c9a07c8c83fb2153dbdd90e89bce1ddde500b2229999c7535c1c59e	ncbi_dataset/data/GCF_002941745.1/genomic.gff	8baa446937eb92f367c340563e842e0305909b45870ee9b4c3f48449055933d9	ALIASES_VALIDATED_NO_TRANSFORMED_GFF	canonical_objects/GCF_002941745.1	canonical_objects/GCF_002941745.1/GCF_002941745.1.pansn.fa.gz	1341228	36fa64b10a7a61cf811be1099e00b54e6d40a03bffc0604779386f81b2b73a65	5dc8b25114cd36d62af7fe0f1e842445c8cd4e2a228f8f91a313e9ffa30502fd	8db26ed87056655bf4c86a5786edf358837976a21764401d88bee7b290fb3811	2d7c4107d1140a7c11bca46590e950855bba930e15075628fa5fd4e5ac00b5f4	476bff7cd786fff9df15f832e1691efd33b41b437e9fe2f400eac38180f2cbc4	e07dc36e7b7161019617bbd14cd39aadbab58451dc3994a7a05f650bf0ddb873	169	4682599	INSUFFICIENT_FOR_RANGE_RESUME	.	.	1	0	2026-07-25T00:34:16.802919Z	7b18d124fc902bcab40a65c4ef178902a11c7f2c97cd344638d5df42611ae5ea
198	asm-v1-2b95a7e9b3579b1fd79292d7	GCF_002190145.1	EXACT_VERSION_RESOLVED	VALIDATED	source_objects/GCF_002190145.1	2162521	4b4f9f35f960bf89f5aab0f7f9b3b96600841684b76985bad11583ad971d1685	ncbi_dataset/data/GCF_002190145.1/GCF_002190145.1_ASM219014v1_genomic.fna	5408065	4f08c278c3d9db0f3705395c5af67352d13fe6b75ce876dbb6186b5fe2da7a39	ncbi_dataset/data/GCF_002190145.1/genomic.gff	87581a7099e05668668fcba5d10dd47f8aed9ba75d446e3c70ff5deb7ec1d871	ALIASES_VALIDATED_NO_TRANSFORMED_GFF	canonical_objects/GCF_002190145.1	canonical_objects/GCF_002190145.1/GCF_002190145.1.pansn.fa.gz	1524201	1f83b2af4b2408197f095237c5161f829075123795b53d0dfe6c00bcfc0c47fa	a11739d4d092fbf6db4f7e6948d082325e1ea0f431a2329410fd165030676f76	b265e4a4adfba778839393464d55fe09f6a8c64add88ed697c18a8455c39a2db	74ea12af48478e6f724be30e26612652250cba48ea461fcfcc026cc0b68c946a	f5b4ff3d0bb1d0b2b6dcf9791e9294a7a55b1b551a66be449da93f97b2dba1c0	d12793a6e1a33a3872492b7642cb8182e4c81e1532629cce8a330250a794fa4f	573	5285092	INSUFFICIENT_FOR_RANGE_RESUME	.	.	1	0	2026-07-25T00:34:21.500274Z	e75f6af87011825e5da185e44717335534825d2d52e4bda426c73640e141a188
199	asm-v1-b840ad14ed80de1c0eb43e49	GCF_003301195.1	EXACT_VERSION_RESOLVED	VALIDATED	source_objects/GCF_003301195.1	2035494	c0fb92300681c19e30118fa7f337e969dc6c6199820d2373f022372b8c1bc7d3	ncbi_dataset/data/GCF_003301195.1/GCF_003301195.1_ASM330119v1_genomic.fna	5239069	e542a75b3060b95b9d2d80500b0752363e05ce56055576176f710bc2d74a768a	ncbi_dataset/data/GCF_003301195.1/genomic.gff	891470de63e56cdbb71ea0c843c9dd23f2a3a43129044e52550faf2ccec0db02	ALIASES_VALIDATED_NO_TRANSFORMED_GFF	canonical_objects/GCF_003301195.1	canonical_objects/GCF_003301195.1/GCF_003301195.1.pansn.fa.gz	1469137	37493d25736242b4d6fb446c4174de85e89f3c1d71169d8387a0ea9bdcde580e	4fdedc4981f27a36cc0ca153ba0ed53608144f79a0656504e093c4491c3011f6	7c3b0d5e6eec98cdae62e030697bb73479937f063b4fa2734b214e211d5cde63	27c8d40eef624c7858b86fde5d210486a17b23f15254c793201c1d8a75ce8992	1d365c6fb905cf5cda04493cc3fa48fab4f7a57539b0674f155320acd83af216	87dd0f4637eb1739c6badcb1ed1601127c0087bfc34bb04436c3bd8c6a8af6d7	120	5163067	INSUFFICIENT_FOR_RANGE_RESUME	.	.	1	0	2026-07-25T00:34:23.771868Z	e15d091d66aae3a26b7841dbf0e34bba901b5a27010523b1a0ed8a12916ff01c
200	asm-v1-e7da4bfdf25794a3ad901670	GCF_017163155.1	EXACT_VERSION_RESOLVED	VALIDATED	source_objects/GCF_017163155.1	2036215	0d5c8d242367550fdc3839a7753714c74b5778b358786581e0b598cd81f80cc8	ncbi_dataset/data/GCF_017163155.1/GCF_017163155.1_ASM1716315v1_genomic.fna	5158164	6f6b8bca93fa60ef3282c57907798491825296341b5342ef6870a74accc4cca8	ncbi_dataset/data/GCF_017163155.1/genomic.gff	71a8df351c5210a3ce8af6e20a9172b55f9ac4080e25463cafaba9ae2f3ae858	ALIASES_VALIDATED_NO_TRANSFORMED_GFF	canonical_objects/GCF_017163155.1	canonical_objects/GCF_017163155.1/GCF_017163155.1.pansn.fa.gz	1452177	998c44b959e30397119435528b08398c69f4fa9a349ec8108bd8550ab11d3cbf	c06d4bbe7f36789d96ca8ca59c7b4774b0140380388e4aacdc82c997cd7a5fab	c1c9ece7288e8ded4ce8884735296d710b4d43f369ec67cba0d7f0eecf1348d5	4548055b4e64add374eb592e8fb9452d4e065cf6a8c0d5360aefc2888a1bbc13	2695ed0d3e45a5c41b789512614c9b1775855cf4b26ea70b2467327bdc422c6b	9865d208a56432a984f38dcc07e4d2ca97ded4e7bd66f1af3a515bfef2bdba2f	214	5069963	INSUFFICIENT_FOR_RANGE_RESUME	.	.	1	0	2026-07-25T00:34:26.523946Z	044ade4bf10e90c7db2ae85342026c3518af4a95ca279744c8d2b1c26dc8f980
201	asm-v1-c43684c9dbdb5a5e26cba308	GCF_003145395.1	EXACT_VERSION_RESOLVED	VALIDATED	source_objects/GCF_003145395.1	1913005	5d705ebc67ec2f2b164270f543addbc5f0547b2be9876f4fc28a52d3439f120f	ncbi_dataset/data/GCF_003145395.1/GCF_003145395.1_ASM314539v1_genomic.fna	4908369	3550254f71f612792a2fdb80b05040ba82470361605c877f1ae3c0a559c9ee12	ncbi_dataset/data/GCF_003145395.1/genomic.gff	9c8219824fc892da51ee4c8b1b91f7651b309c14fd2e38a9256385f87c479877	ALIASES_VALIDATED_NO_TRANSFORMED_GFF	canonical_objects/GCF_003145395.1	canonical_objects/GCF_003145395.1/GCF_003145395.1.pansn.fa.gz	1388343	e7b0dd7a70344937408913476a30f88c2b3e355b0e8dca520ae326139afc924d	90bc5b72e079e6338d7bc2d9c78beac9583fdafcf156d0ad24da812015bc4bf4	1c5fb242b09ad38cc5e012365a5ddd23082b306d7354badf86055a46cdf18848	bf8f6a2538a0bd2a369413c512d582bca66460394105aa757da325739bd65dbf	f3a7058f841ad54351ada8ef2fa2c9db489cbd7ea3bb7f3b5d77913091cac423	376765534bf5b852950cfb44994d7077a9dd566dbda14006060723f6b16b114e	194	4828326	INSUFFICIENT_FOR_RANGE_RESUME	.	.	1	0	2026-07-25T00:34:29.278995Z	92d329652ca32414d1d0425c8f0e92866d4676b94f9d66a4da0af72a3c405168
202	asm-v1-34d0671f7c40e156a9d1f1ca	GCF_003300725.1	EXACT_VERSION_RESOLVED	VALIDATED	source_objects/GCF_003300725.1	2121774	8ecbcb021922ae96534d06e2f89b40e3301514b620173246605c4ee991d71db9	ncbi_dataset/data/GCF_003300725.1/GCF_003300725.1_ASM330072v1_genomic.fna	5463559	d1c2f92eef9de2280582b5d8c00316c1b9baad7dcf6f6030e70f8df3831c2ed6	ncbi_dataset/data/GCF_003300725.1/genomic.gff	c486c348a166096015906ee2727fa1c09f6dde62d3376760a107d074b5a80acd	ALIASES_VALIDATED_NO_TRANSFORMED_GFF	canonical_objects/GCF_003300725.1	canonical_objects/GCF_003300725.1/GCF_003300725.1.pansn.fa.gz	1536797	e7fde73f1c1376039c96a93cc4e174a5cd7a44c066303b96f50ccec9e7b34b35	05d2662ea653078fd3344a83e3eebe850de7dcfef62eb3f596f1eee742f76abd	924765760543b5145366d40e5e099992be4018b1b5987b35633454731d438032	3075f29c339d8f542ef47d6e2ef2531554058ad805c22709f1ee8a1646fe57a7	550775cdb0b962b509935c1ea7999470f17fd75dadd420d7ad58f731fc794ff7	c8028c26c8ed9dbaa8fca37821e66663aed0dce1a02f80d6fcba1c6bda7a9906	134	5383473	INSUFFICIENT_FOR_RANGE_RESUME	.	.	1	0	2026-07-25T00:34:31.606514Z	636bd32050b6940560302b73614740f33a2088b9edbd29531e9cc061c20cb81a
203	asm-v1-b9d064afc50c71795e451717	GCF_001650275.1	EXACT_VERSION_RESOLVED	VALIDATED	source_objects/GCF_001650275.1	2225280	f90216e03139f37ec08c00ab7b86182bd963238858bd442caaf67cbfa8622b12	ncbi_dataset/data/GCF_001650275.1/GCF_001650275.1_ASM165027v1_genomic.fna	5822238	16e2eff7a38358a2cd7e3a93c5cc2e5ff2528dfd2b32048ee912acfa0b74077d	ncbi_dataset/data/GCF_001650275.1/genomic.gff	07016560f310875c927aa51ba26cf832b76ea81f7db3d03bdb5da88d69a5b8c0	ALIASES_VALIDATED_NO_TRANSFORMED_GFF	canonical_objects/GCF_001650275.1	canonical_objects/GCF_001650275.1/GCF_001650275.1.pansn.fa.gz	1627327	8efc8a47b7792c544f4cfdc161d5cca32aebc5eecfa91eeec70e9bd99ea0b107	521745f9d804bfafc99b289734419205578ad53580aa5aa51542544dda335307	bb1263d0480e984365c589c50c49b7d246f5aa2308a8b39a3ccdb14f46f28784	988e41be6b0771c01d192dd76df41d43d9f003426e815d13dfb34440e4385494	40c3fda72ec3bf25a37f12655dd41b64cf793018d12338614b26131410887fdc	5550125969a2ace7cd1aab572ecefb43ff6c9076e738e3fb24dfed10183b2958	2	5750190	INSUFFICIENT_FOR_RANGE_RESUME	.	.	1	0	2026-07-25T00:34:33.846470Z	e07498d61e31a2f5d7b8f55a5da756d404aba06dcda2aa937b0eb635ac2334ea
204	asm-v1-2ade9e30895b6899f2395a42	GCF_014494815.1	EXACT_VERSION_RESOLVED	VALIDATED	source_objects/GCF_014494815.1	2027431	ff9df2ada6bffb386420da399dc028d9cc57d75b878ff51b98a6c7a944a843b5	ncbi_dataset/data/GCF_014494815.1/GCF_014494815.1_ASM1449481v1_genomic.fna	5168307	8073971db8a34022768b7b3da53cca8672d905dd280b41e2d1ba27a003cc2af4	ncbi_dataset/data/GCF_014494815.1/genomic.gff	19dfbb2268f71b8619d9b7c72055208547f300a26c5080e6333b8e36e740703a	ALIASES_VALIDATED_NO_TRANSFORMED_GFF	canonical_objects/GCF_014494815.1	canonical_objects/GCF_014494815.1/GCF_014494815.1.pansn.fa.gz	1457291	bdc983c20f0ceb6b933c2dc77c48af46f8046981911341c6e694417a3bde6466	1b1799efce26df1944b1f963a8219492ac66dc4d422173d0559689f1097da0dd	15afc5d6c778a74627af7131c2db1ee2dd0f992f4f0870b91ef251bc9a4c5978	44b97347b9dd5cb85bd291f14d003c43e801f218401d2fdd5c407274fa1e337b	b5bc33b0ad3e1d018c8f07ab2c8bc3e7091bfe7a3e1de7cdced53a780580d474	15e09e1aa6d1893ce4bd917a9d15a8fc030cc52d0f36b3b9f27f9fcf68cba49d	161	5090539	INSUFFICIENT_FOR_RANGE_RESUME	.	.	1	0	2026-07-25T00:34:37.174258Z	7d2d5d6eac1eb7b1c5c9154c422cb5c2252cbe97990f7eb157acb5296aaee745
205	asm-v1-487cefffd27b4f2fa0a3d6ad	GCF_002535515.1	EXACT_VERSION_RESOLVED	VALIDATED	source_objects/GCF_002535515.1	1926391	ab46813bb6810bf799f2482fb78060528b137a643a50a20f5ac73a581f58b17b	ncbi_dataset/data/GCF_002535515.1/GCF_002535515.1_ASM253551v1_genomic.fna	4929453	897af125cb661038102cfdc7fd76b57edb58f3aba0fde3755fa94f1a7e1fd524	ncbi_dataset/data/GCF_002535515.1/genomic.gff	0a6170aa5f4c3ce008c96ea025e38b649370dd2a573ed35f4ade76a305d33177	ALIASES_VALIDATED_NO_TRANSFORMED_GFF	canonical_objects/GCF_002535515.1	canonical_objects/GCF_002535515.1/GCF_002535515.1.pansn.fa.gz	1388632	c3ccbca8413bd2687ca6ea2e1c63eeba93af6e77a02ef3ae0a1dbca4d2a353e1	b54886be2912c2366db1006a520533156cfc5f04e57306c2bd9ba813045f305b	9c7578a7d16f3c9c3fabc9fea3b65cb70fcf0972274f37d421bd0b0c8a8ba282	4d4532a2a33c7f69922d2f24960ca40b1ba1736466b7ba0d97e415231df316a0	0e25973e3af1ed432a652a5f21790804fc4810aae5c2e3e7db63e9c7674f7caf	3e1793551527221787d61aac0cd90a916a62bfdf2f4223398873e1196a54eb58	137	4851535	INSUFFICIENT_FOR_RANGE_RESUME	.	.	1	0	2026-07-25T00:34:39.560617Z	ed324eb59353e9b40a2bd623d36bf5f2ced0680d53cf0ed3efd773b1fcf01b48
206	asm-v1-1087ba8246184de84baf972d	GCF_000798075.1	EXACT_VERSION_RESOLVED	VALIDATED	source_objects/GCF_000798075.1	2034259	8392ffae829590fdedbf3c9fdd916e45a75c19fb1f5723d869027450ced19251	ncbi_dataset/data/GCF_000798075.1/GCF_000798075.1_Escherichia_coli_CVM_N33849PS_v._1.0_genomic.fna	5183440	50403be3c30bf1ed63317234b877ac10e0c1f8e947008cf49e0491447e397532	ncbi_dataset/data/GCF_000798075.1/genomic.gff	d41be6b7d9b9767eb2601787e52590dd6d95abf8ad5c253b64353fad05008f38	ALIASES_VALIDATED_NO_TRANSFORMED_GFF	canonical_objects/GCF_000798075.1	canonical_objects/GCF_000798075.1/GCF_000798075.1.pansn.fa.gz	1460549	dcfdb17cd9ec59e74b665064880a4e4cd4c960077a4f6f7dc89713a31ec64b25	d8ac3dcc5410de740025e3be62a5cb61fb84c046e20a8bbb9d7007c52b6a3c8f	2b9001e3e2dfcb3117eedb8a75408e32d97055c69a6e85a8c0312b159996ed2c	a0071e594f6f7ce941ca18c862c95bc379e79bce935bf2feea72a6ff15981ebb	e06dd2657e393a276567132629ee41b302ae7c2435152308bfd24138e24e6c1e	f7f81a6f5fde7a5550870594b80dd0b9f07191d659af1ae8190d6ed27f3ccf44	143	5104369	INSUFFICIENT_FOR_RANGE_RESUME	.	.	1	0	2026-07-25T00:34:42.239882Z	b58811e50cddacc551f9e623b608be82346edcd524b26484cfc5f9403b024e55
207	asm-v1-469917b627b97794c94884a7	GCF_002232295.1	EXACT_VERSION_RESOLVED	VALIDATED	source_objects/GCF_002232295.1	2007095	f7e013909c9ace9b33a37de9c3e2e605afb9936d86125cab0c42226be40e5116	ncbi_dataset/data/GCF_002232295.1/GCF_002232295.1_ASM223229v1_genomic.fna	5126090	aedc3c525b6ce3e4f2641cee1fd1f41a944e6223c24ad9fa1128850dd074f5f1	ncbi_dataset/data/GCF_002232295.1/genomic.gff	b0a925afc8c73d14983d49590e4a770646e8c9b113d068bc9eff5237a6ed4938	ALIASES_VALIDATED_NO_TRANSFORMED_GFF	canonical_objects/GCF_002232295.1	canonical_objects/GCF_002232295.1/GCF_002232295.1.pansn.fa.gz	1444220	9d850794a2660ae94b8c892d0937aee5a534f41c1893fcedb48298c4cf205512	bec83a0d42fd0636b3cd0e5211aecb425dcd2f07c68748dad4a870a0f48bee26	4f05929b6bd7185d03ddbb2e05b45d1b09909ea9cc1e09d5e8474b5514948687	8c48f4f3944bb06f52c5f64c05bad10a91dc939c2c76942af7a2e33eb5553067	96bf13d627118c382dfe5978448e3d41858c6bb6851e162874f21b147744fb80	5ead8f073e11a05e23a2dc52b2b3807ca34c824f62dfa62d5131b2a96b71846d	213	5036291	INSUFFICIENT_FOR_RANGE_RESUME	.	.	1	0	2026-07-25T00:34:44.880841Z	d0e9462a21ff8c164fe87b548c9c3b1280a92871ab77843747c0b6cf38836717
208	asm-v1-0f589d0ad3399b913d7301ff	GCF_004569745.1	EXACT_VERSION_RESOLVED	VALIDATED	source_objects/GCF_004569745.1	1953421	a7fb15691668bcee6dc442aead0c57b0924d0b95c09ba6284e75b2dd6821dd60	ncbi_dataset/data/GCF_004569745.1/GCF_004569745.1_ASM456974v1_genomic.fna	4954618	493f5a946ff8044f99c3a90df1449989aba8f3f7dce7f9040a2bc6eac8faab73	ncbi_dataset/data/GCF_004569745.1/genomic.gff	446b8b77b847f925daed26a157b69eb96595228329cce4fbd89372728670fd9f	ALIASES_VALIDATED_NO_TRANSFORMED_GFF	canonical_objects/GCF_004569745.1	canonical_objects/GCF_004569745.1/GCF_004569745.1.pansn.fa.gz	1399686	8c0312740bd45427360f080e3ff8b807a368dc18f486266771b783f7dcb0f6e6	f8ca3bca808cf016ced895103a4ad1c411bf5fc001d89b0196a792a5d5b0e69b	d3952170586cbfa1e22d2dd99045bc52669c5c0861cd2ae2054f919d7d5d93df	5a0b7dbfe265600584dbf28a48fb1f94677d7f6ac0aa14fd0069896ba0e327e9	c980fb9457f6b86204eb39cb1df25fc90a31d2b1246ae1b701539b31fad7fe18	8de16e85bd9059d3e4db8cea02309e54b793ed2b0e013b426d52eb9f164a22e6	133	4878206	INSUFFICIENT_FOR_RANGE_RESUME	.	.	1	0	2026-07-25T00:34:47.307083Z	8e541df29c1f0fc58dfceb22f7ceaf4dc6c72c90f1c4f2ea5bf5ecef9d5aa4aa
209	asm-v1-98aa3254a5f904b54ecde55b	GCF_000418675.1	EXACT_VERSION_RESOLVED	VALIDATED	source_objects/GCF_000418675.1	2045259	3f9461b05d5b6acdf4daaf33194fcca63cf8b55578af849469f034adaaea527f	ncbi_dataset/data/GCF_000418675.1/GCF_000418675.1_E_coliMC19-1.0_genomic.fna	5208658	68aadb6cd7180e12977f0b21eff38715321df685f703ca3bf83698b7a9cf8cc0	ncbi_dataset/data/GCF_000418675.1/genomic.gff	456226e4f3ca1b9814222c1b68b7c4668b95655ff50498d891ebde82d3e94069	ALIASES_VALIDATED_NO_TRANSFORMED_GFF	canonical_objects/GCF_000418675.1	canonical_objects/GCF_000418675.1/GCF_000418675.1.pansn.fa.gz	1473253	d9156ac979e9cb15109e4c3c5b87d8c0fa4b3f8cc2e5f5a5fafbacdc83843803	5452cdb952895b0dd6c622f10cdad7219a80d10faf01b5cf197344c9916517c9	277c662610bf57859be072b056c7058a1b9b1120cc9de530b96a821154165e1b	930f6ebad1f7baee242bf625839ca33532268285dc29af6e3cc81605b796d881	23425d5c5928d867ee80ca588b66a4be6f4e207f3b624e33363adc359f3a7819	1362ea4c9f492e9396bbe6a2b816c659dcc877bceebbe3a2d586eed5e8655fce	298	5117598	INSUFFICIENT_FOR_RANGE_RESUME	.	.	1	0	2026-07-25T00:34:50.271166Z	5ce09b35f409ac6e13a1625f0e8ef56bf7b2718ec94a4b03332ce86d2947997e
210	asm-v1-b395fefb26507a3867cdc025	GCF_006232215.1	EXACT_VERSION_RESOLVED	VALIDATED	source_objects/GCF_006232215.1	2071548	6ea28a1acb5271224db7dd5db556b080356c6c46cf7889bfbdd33249ec95403b	ncbi_dataset/data/GCF_006232215.1/GCF_006232215.1_ASM623221v1_genomic.fna	5225949	ee1046ab46cc49fbd757cb893cde65863792ae27cf77f2b140043d68dc65ca21	ncbi_dataset/data/GCF_006232215.1/genomic.gff	0dcce043e104f1e60181d97cfa84dfcca7dff73f91781aab62480cd3c25fe1e0	ALIASES_VALIDATED_NO_TRANSFORMED_GFF	canonical_objects/GCF_006232215.1	canonical_objects/GCF_006232215.1/GCF_006232215.1.pansn.fa.gz	1480446	cad4f04041757f9f0503b4f0e0a9a8a696ed0db3a657155bea4ae818e27404a2	18e9d4051fef1b310d27e967865a30df4c21ebcb01a5a086361957b5d93339f9	80d6640aef02e7b16de30bda45c5fa10059611307001a8b9fd06726608dcc118	063cab1ef47e57e56a2aff07798fad0500b8153ae7aa1a16c5f0303e5e708589	3e28717965b4a49c6b43636a09afd8f2de6c5e6106042689692b71a4a89ec437	3e9c00b7785e303856c0f94e76e9aa706a13761359514b201e6fb33ed9361199	194	5138455	INSUFFICIENT_FOR_RANGE_RESUME	.	.	1	0	2026-07-25T00:34:52.901137Z	03aa4de7371fd854ee21c09df3d0e674e8d334c944c70a83bb7a771338719d83
211	asm-v1-1b5c11f5e878ed54a8ff1c94	GCF_006238305.1	EXACT_VERSION_RESOLVED	VALIDATED	source_objects/GCF_006238305.1	2126527	2d276d1eb28af4e43ee37e229c4ba97dafc200e6ff6404c728fd21fb71c41dfb	ncbi_dataset/data/GCF_006238305.1/GCF_006238305.1_ASM623830v1_genomic.fna	5383852	1dbfebca16355b0f2842b1be1780469e19fa2336b51c21b6178fe7894c1e0514	ncbi_dataset/data/GCF_006238305.1/genomic.gff	16f7b59e270a116afffbff292bdfa9fc189cc736a201f0ef51708991c0d7d614	ALIASES_VALIDATED_NO_TRANSFORMED_GFF	canonical_objects/GCF_006238305.1	canonical_objects/GCF_006238305.1/GCF_006238305.1.pansn.fa.gz	1517453	9d168c3f9454a2e1504fdcae785b1d60fc8a1583a7cc8f44ddccddb830f20365	321066811ff930df2addf9e9b8fbcf46b7829ba4f0d8c57cdc9f44bceda869fb	87abbf8852b2b86abfae146e30a12664ad7c2551f1732ff7ef217d0e0a6704f1	71bab6315a051ff78e597470e5ddc8f31fcb08ab17886a5c86ad860af0db9454	d3a6d03a028a7dd49e8e1a07d975b125fc72dca64b7654e65cca6f6d7817a8be	46dec847e170ced989e3889e31caafb343be1c61171dc5624cc62320e8935074	220	5291306	INSUFFICIENT_FOR_RANGE_RESUME	.	.	1	0	2026-07-25T00:34:55.849488Z	eeb0de6f44994c4435de7afa74fbf041c1d7a0ab4b9f5f25f67d918d1ebe202a
212	asm-v1-adebdca2d15598736d402d59	GCF_000492235.1	EXACT_VERSION_RESOLVED	VALIDATED	source_objects/GCF_000492235.1	1904754	1e4e4f7db5bda8c75d435125b7206edd77e4a50d84843bb738b3dda69ffb5df2	ncbi_dataset/data/GCF_000492235.1/GCF_000492235.1_Esch_coli_BIDMC_39_V1_genomic.fna	4945521	26567e192312f51bfb65ff4a00408223d25a63a257bd2643e3ab611a649d6297	ncbi_dataset/data/GCF_000492235.1/genomic.gff	8d947a4ccfb7cba2d30da6234944f1b9b0fd9f2ac98e1592105e78979a7ef780	ALIASES_VALIDATED_NO_TRANSFORMED_GFF	canonical_objects/GCF_000492235.1	canonical_objects/GCF_000492235.1/GCF_000492235.1.pansn.fa.gz	1376623	198ca99e674b861be8fea6a48701182d325063afe1e622aa80b94279de8758e5	27b5dd19f9b7a810a924832b1ba7b1ee13603e93211376166f139e665a400e1e	35f6c30a84a1bc229ffcd19a6cf094e864de5031679c34b22fcf17ed16e76146	93c05cc43dd0924c71ccf920ec1921e162f04310fda75b13b0d6fed4ba3fbb17	2c43ac52faa1fd99e1765b7131f4eca99795b54fa5d4a86cc77b4decabbfe390	c41a1c94ba23473d6b58b14b4e89dec309d1ba8200c5d6a2af9d9de228e3d2e1	17	4882922	INSUFFICIENT_FOR_RANGE_RESUME	.	.	1	0	2026-07-25T00:34:57.896369Z	208e76fba147d62226b156da5d6cc5f679dfe9c6629d73cd0be3af43b97b7a55
213	asm-v1-90acba1100ca68f6ef5b6ad4	GCF_003981055.1	EXACT_VERSION_RESOLVED	VALIDATED	source_objects/GCF_003981055.1	1996589	362dd8fe25ee0bd86cdff854b7e56c0e71febd5e09efa0051bf4dc7f9dd50578	ncbi_dataset/data/GCF_003981055.1/GCF_003981055.1_ASM398105v1_genomic.fna	5125499	3deea387e4df886cc1dc8579917bcb4f0425132a593ed2092feb9bee119a77d5	ncbi_dataset/data/GCF_003981055.1/genomic.gff	1cb209df2b2c3b13233bd5b9aab561d2a69c973278fcbd813a3d476fb509c416	ALIASES_VALIDATED_NO_TRANSFORMED_GFF	canonical_objects/GCF_003981055.1	canonical_objects/GCF_003981055.1/GCF_003981055.1.pansn.fa.gz	1451701	f3949e01218f36f6674aff8c9a85a880f7db3d91d8922c65b72958a5a90fd3a0	af94f0e4e39f190e4667182b49045d4d5ede25d6ad3fba774299feaf22a216a0	08970ae33432fc094addd8ec5de32a993c4b745221d8a223cc86925eac967cc2	efd29fe8e2eeb49d20d1f8cda28cc0c1e1f398792bf6836c735c77da847f2d2d	cfaa498be8e30b0bb75fa3732af6f94b76b3cc868cd9f337956126fd1c4413a7	c260be37e9445706fa05580bc6af25c7f915b2fcdb71c4e9370cb23a50c6c460	151	5048535	INSUFFICIENT_FOR_RANGE_RESUME	.	.	1	0	2026-07-25T00:35:00.339647Z	64a1d570597bf48184d5688ccb970ad8c70f3406f7a932a794afac7621c78914
214	asm-v1-2471af85075afccac0f2d72c	GCF_005395665.1	EXACT_VERSION_RESOLVED	VALIDATED	source_objects/GCF_005395665.1	2241876	e1bc63d081c47f9cf56d5bf549020b54b8fcabfe50d9540cc84ef5f0c67bfc7f	ncbi_dataset/data/GCF_005395665.1/GCF_005395665.1_ASM539566v1_genomic.fna	5635884	cbaf8fe53e60a36b9a4b3dcbfd2e1677b5d091c223d6976fbc799eea1eab012f	ncbi_dataset/data/GCF_005395665.1/genomic.gff	a4581618a465aaa3f87475cceba713263ee926ab6569a0c33636fcc5a13d45d8	ALIASES_VALIDATED_NO_TRANSFORMED_GFF	canonical_objects/GCF_005395665.1	canonical_objects/GCF_005395665.1/GCF_005395665.1.pansn.fa.gz	1592660	468641d8fa5b6672d1e5f4421259bb5b3adede37a50a11b611dca2a627911059	5b198662b12ea32fa3cbf836f2fa3dd20975e87de8dcd85f3d44750e96b542bc	329f35d90395ab5e3521b388985e68e3edcfe0c0119e59a7454102f641c4e418	07aea08a123e4281e3c77b02cbfed29fbc6892576f0172dba2e578029a6ace7c	782bea5e3c413be59f8289f2791e39889f690537e367eaf47134f3ecd96eea3e	3d6f82dcfccddb4d2709e7d670d1f2054487d7dace11049178055b60810ae2ce	379	5530917	INSUFFICIENT_FOR_RANGE_RESUME	.	.	1	0	2026-07-25T00:35:03.913712Z	41f109a1298c2eb9afbbbb18c31de1b8852b5b0254d1bd8b31ecba8102448a10
215	asm-v1-5e76c4a1f13a39d05d1e564d	GCF_015163255.1	EXACT_VERSION_RESOLVED	VALIDATED	source_objects/GCF_015163255.1	2040385	6195f1b109bbc14b5803a9ae0d2884bf0101e6ec86adbac82abc4d252324be80	ncbi_dataset/data/GCF_015163255.1/GCF_015163255.1_ASM1516325v1_genomic.fna	5240799	05883efe97b4f304b24161cf3d7010763ff3b00ebf3db280bf77c8da2d5680db	ncbi_dataset/data/GCF_015163255.1/genomic.gff	7be89ab7fb2caf08096cbfe54fed8a4cca1f6710c7711b0854bcbf22d9851d49	ALIASES_VALIDATED_NO_TRANSFORMED_GFF	canonical_objects/GCF_015163255.1	canonical_objects/GCF_015163255.1/GCF_015163255.1.pansn.fa.gz	1479209	aefd5444fa0ea946a65e941b350a04ad6c0cb55a2a4faa1aff3a22c9f51ac545	a07c94be453e45dcb39bce99f48b9ff0aaabd223764c90b18162ab4f4e813807	cdaa6773950ff93fd83a2f081d2a27c4bbb7df81c70aeaff165632e5ebf2c049	c716d33fa4534327a1d84ded54bbf5464e6f47de9c7e986ac2fe56e0ac0c3f0e	96242853b0f571921d669c2da093c542a733bdbc59f06d8fe2768e9a24748627	7caeaeacf994f5308f77d76ff1994fa3cfc484e2e00c5d37b2abbe25a4881b1c	134	5164617	INSUFFICIENT_FOR_RANGE_RESUME	.	.	1	0	2026-07-25T00:35:06.269242Z	ce6567fd01b6d729d5a5a4f1d113e2ce9a81797b555fd5efbcb84c0331b993f3
216	asm-v1-8c48396916a6bcce041bacb3	GCF_000357005.2	EXACT_VERSION_RESOLVED	VALIDATED	source_objects/GCF_000357005.2	2021027	e5079b3eaf6480455e8b22a1e2b4625283e4167827dc5465744afec2fbdbc8d0	ncbi_dataset/data/GCF_000357005.2/GCF_000357005.2_ASM35700v2_genomic.fna	5149495	636cc1a6cc6767902a966e0f5e16f5ce9fd2f45d12c8eede78650c753b8178f5	ncbi_dataset/data/GCF_000357005.2/genomic.gff	ccf74e2625b55fecbb0b50e412bc997653a9f41df5aa2388fe00e019e582ed14	ALIASES_VALIDATED_NO_TRANSFORMED_GFF	canonical_objects/GCF_000357005.2	canonical_objects/GCF_000357005.2/GCF_000357005.2.pansn.fa.gz	1447901	1d76682447ced3d354a267d80c7f76642884efa603e23afdbdb15e3b0a2e8dfd	cb6d064255bd22d7462f74bea902a4ca531fdeaffbe43eeb620af52bbb75badb	770727593433c546afd66bc71ff1ea30f52bd74a1b654debe0521eaea6dfad95	9c777013be21813899dc092c670d7b06a63c6eb6ebcd39c3966552bf8b1e5f37	c35a9778122a1245a37bdab97d4f2528a4e4ba5257bdb4cf9b1af6b45de5d6c0	6290684232ab1c358b6c5e347f6b675b12e5f3e4e127058bae837d53d1015ac9	117	5074185	INSUFFICIENT_FOR_RANGE_RESUME	.	.	1	0	2026-07-25T00:35:08.539604Z	e4a6ec0a4b9e655d61a400ff13bd3a000bea6586d1cd8d066c98144e61cff267
217	asm-v1-9e376289712aa9224cd79fb9	GCF_006349805.1	EXACT_VERSION_RESOLVED	VALIDATED	source_objects/GCF_006349805.1	1976766	0d4853f7ddbf77e10345d209b1207051221a378275a1b1e3078f5e3f2ed6e1e6	ncbi_dataset/data/GCF_006349805.1/GCF_006349805.1_ASM634980v1_genomic.fna	4950527	fe79164772679b1e79408896f46bfe8f1c90c090844b86b69c7344b9e15380c9	ncbi_dataset/data/GCF_006349805.1/genomic.gff	d743ec22fac624e4b07751eb3068682f1eef0aa020a4bd22e57430e175c4e686	ALIASES_VALIDATED_NO_TRANSFORMED_GFF	canonical_objects/GCF_006349805.1	canonical_objects/GCF_006349805.1/GCF_006349805.1.pansn.fa.gz	1399238	8a9d95cb4d2f1a3685735b9a98ed2c477401e2c5a662f18781102d27b876f77f	92a12e29fc6495012b95b2769989e9be62c98dd2a61198c8224c31590a5085bf	6f74f1cf640fbf7b8bf9ea2dea29d71316d9a70ec47f3c96602866ef79020469	011e51bea84b1b20afe5431a58a3248a13a01659ab614cfbcdfeb337ab2d42ef	af71b104463ebf80a9e62a889e688c4e98ef3ee1aa9bfafb75231fb9d482cc5f	b2c75e601f407f374f65062533a14a50b664bfcbde572d4976216c43f291eec3	268	4858357	INSUFFICIENT_FOR_RANGE_RESUME	.	.	1	0	2026-07-25T00:35:11.303212Z	239f500966577bbfd016a540c12fb20fe7073fe4b23f45cde486ab78bd1a0973
218	asm-v1-c14fa6f47d5e10d3086ba4cb	GCF_013369795.1	EXACT_VERSION_RESOLVED	VALIDATED	source_objects/GCF_013369795.1	2057753	94d0fcaa928d0cf78334570d752f5a3ff8eb7f189d0f5fdfbfdb90a48992c390	ncbi_dataset/data/GCF_013369795.1/GCF_013369795.1_ASM1336979v1_genomic.fna	5221591	9986d862461db538ac7d09aa0e8e47e1e9c51db6def0a0f6ac13b287ce72cbc7	ncbi_dataset/data/GCF_013369795.1/genomic.gff	300a7839af979dfd37ec171a49106ecd2821636162ff28664bec7e1d96f9064c	ALIASES_VALIDATED_NO_TRANSFORMED_GFF	canonical_objects/GCF_013369795.1	canonical_objects/GCF_013369795.1/GCF_013369795.1.pansn.fa.gz	1472085	e8fdef36187e75d051efeb3f412c8b9619045394c64e5a61c7e1de15531e6b04	2bcb0335c2340aaecc0f34bd1f4836a9338b940e61151aebd2c239a440eb66bb	2d649a0be08a41565037d2dbea675a98da2015a5fd69a5293605b58fc5c5e1cc	bff9b3a0de2b4e27b754d526cdc75655180e60dfcd73aab57082ffdcde932b44	ab07025da317b0f8811a0ff0db3247d1c1df34bf23b96f7c186beecec678ae68	b5e6574905014c23dcf84bc4d735c32cb3d9e1f322eb26a156baaa9e55e5b1a0	180	5135283	INSUFFICIENT_FOR_RANGE_RESUME	.	.	1	0	2026-07-25T00:35:13.841840Z	6be69ab61a12b8dcc90acbd2a22028381e10bfb3fe5635d20889724e8477e77a
219	asm-v1-4b514eabdef5be1146b365d2	GCF_004661505.1	EXACT_VERSION_RESOLVED	VALIDATED	source_objects/GCF_004661505.1	2084597	c25bddf5c65dde6f660d6edd4477fa5281ac4e25b235e5f494daed9d15f8ea41	ncbi_dataset/data/GCF_004661505.1/GCF_004661505.1_ASM466150v1_genomic.fna	5287595	d8d99ac73a501e0bda7eab5bd2bfe2bd0b077898f6c0a108b6512e77e369ad82	ncbi_dataset/data/GCF_004661505.1/genomic.gff	399ee7f9a99c263bf745042b43034216a7ef539197d0a220d4f8e7217ccd8632	ALIASES_VALIDATED_NO_TRANSFORMED_GFF	canonical_objects/GCF_004661505.1	canonical_objects/GCF_004661505.1/GCF_004661505.1.pansn.fa.gz	1480138	12ec6bdf631f64f2ef1849f63e0defb641bfe2054709f87b558813f724c0f3c1	4b21b90445f7f72c30588eaade87c92072beb31c83649e2db235f0c9b34f43dd	07be66b72d9df96656f13ba08873bb7812e7f8d9e76c8df20ab676ccd4c7cc1a	000d2893e81bc604158418270c1f17565715bfc12a19bb5c571ae552cdc04640	8bc277112af2ae418e2498ee7db8eb574e4dc1641463352410426531d48aca87	9c05c4118ba85fe2847f131c58759439d91d7c634e10dad79f47296a1db14995	156	5203852	INSUFFICIENT_FOR_RANGE_RESUME	.	.	1	0	2026-07-25T00:35:16.438739Z	4ea257e23dd36f5125f4201e4a8393583f156e07d6c019e2be04a1dbeded56d3
220	asm-v1-5540b4d951213758baba1bf7	GCF_002465635.1	EXACT_VERSION_RESOLVED	VALIDATED	source_objects/GCF_002465635.1	1946003	9ba8c36cbe1e5770d85cfb340473a9c5a8c82c156ed64e0dc45707dd2bbe17e8	ncbi_dataset/data/GCF_002465635.1/GCF_002465635.1_ASM246563v1_genomic.fna	4983681	9aa8b6414ed501bac75da985d0ab061aaba792ad85077d30464c0fe8ae62abc0	ncbi_dataset/data/GCF_002465635.1/genomic.gff	94d2920c43cab40028f4dbe0f90dadd4ae55f47da4469736e7e19ff6737ca851	ALIASES_VALIDATED_NO_TRANSFORMED_GFF	canonical_objects/GCF_002465635.1	canonical_objects/GCF_002465635.1/GCF_002465635.1.pansn.fa.gz	1402766	afd6e128e3a7a1a7a9d4a74a91e5373128bcaaa6007fc9e933458d6610e2757e	d8e4833e24e11ae0b6bf097edf3245b5381daa67bbed2f7274753e59eeb192dc	8a9e63badb0ce1e0b84839fd8bf68510de891fa2485c0b69d339497fd9ea230e	8dd0a60718a4ca52b3d3f72f8f501912695445334e26522731d59f5a18c19297	3e29d9b41107ee03229c0364d2430e844386bd4066c7c11a6999dadf2c83e6e1	1d2cd2bce656a788b45df328b6ade32ba909cb49110082f4d865800810a7a562	161	4902458	INSUFFICIENT_FOR_RANGE_RESUME	.	.	1	0	2026-07-25T00:35:18.814953Z	38ee90580234b4065e28d808425367b1127e1a1f655066f45f9fe716651b075f
221	asm-v1-8997c58fbb60b536268b3049	GCF_016889485.1	EXACT_VERSION_RESOLVED	VALIDATED	source_objects/GCF_016889485.1	1910356	4ebff1672aada1edc4429f21f234016743280ad2ee6364b4b93998c2735d0148	ncbi_dataset/data/GCF_016889485.1/GCF_016889485.1_ASM1688948v1_genomic.fna	4922162	2c493ee6ce7a30807d155482cdf7f450de7c4e85e7c83c24a488ddd2b850d245	ncbi_dataset/data/GCF_016889485.1/genomic.gff	00c0d1f1a5010e358beb4fd9d66c2db1f1c9ae5eecbda1d20b2aebf0b81bb256	ALIASES_VALIDATED_NO_TRANSFORMED_GFF	canonical_objects/GCF_016889485.1	canonical_objects/GCF_016889485.1/GCF_016889485.1.pansn.fa.gz	1377021	86060b713d840732c08767a0ee9cd99278eecebdc3dfbc81f9f50bed81e4f5dd	216d10b763488a371e1da501c299b7eac146004726ebb8da38a85f056ff9e60f	d2e48a70e2705e775d3c5a759deb0ebd6ed9c158737dd75c9b17bff7b945abb2	6eadc6ec9e96af43a0b989639bf0e35bdb06868605100991497e9c46cb2c21ce	7b0e6693b472e365a4afd3d7f96b4e948285baec3c839624d3674a6443461022	b51aa0db1557a7f762757ff2e78df3a4a1f260df653f69bb9c284f3e30c09556	1	4861324	INSUFFICIENT_FOR_RANGE_RESUME	.	.	1	0	2026-07-25T00:35:20.980137Z	6a47b5d1f7b72a0c26ee3bd2343dc35a3a6418368079f361442b4ef3ecfbd53b
222	asm-v1-f2a7f6f4b54fc711fad82f46	GCF_006236075.1	EXACT_VERSION_RESOLVED	VALIDATED	source_objects/GCF_006236075.1	2017251	a31fec4c39d7bc4f40c6a67bafa0d81624be064475d662bf8983c1929a21af0a	ncbi_dataset/data/GCF_006236075.1/GCF_006236075.1_ASM623607v1_genomic.fna	5163093	c13dbb52aafd39579d8b6bb3e60242e10fcdf86684b19917fd9dcde8c08c7718	ncbi_dataset/data/GCF_006236075.1/genomic.gff	ab7268f31968726594d2183ae2d8f48b9526a7c6a9d900056b11b8a3ee1f31ca	ALIASES_VALIDATED_NO_TRANSFORMED_GFF	canonical_objects/GCF_006236075.1	canonical_objects/GCF_006236075.1/GCF_006236075.1.pansn.fa.gz	1453432	a200aac4a6ccb060e937fdb147ab549575fbf5ce4f9b0dc844cc48952513d8ae	404d48a44fc32eaaa54ac3b00dbf78ba79ba7dc0d7846cc7d350b8c565c10b8f	451e34d61dfe2b261c602a748559b38db69f189e2aa8d28991cdce8eb04cc384	0cd20460b2733fabd630a6b4446f37f38ab659aa3e6e1f8f2def3c6dead551c3	b8642fbc830a2ba000fead9dd522178afb37b08fd1eb9107fd45ffbed754fe8f	b465158965dd1526ea63f5d1c3a00640c9c23ddb59dddcd57bbe4818e2af66c8	128	5084197	INSUFFICIENT_FOR_RANGE_RESUME	.	.	1	0	2026-07-25T00:35:24.447915Z	555a79b0b627c149553d8e41e43117af6f1ca8db9d9ec7b8e3e4886584237fcc
223	asm-v1-bd027f5882869e232004133b	GCF_015160015.1	EXACT_VERSION_RESOLVED	VALIDATED	source_objects/GCF_015160015.1	2172542	f23e29cb89ddba8a21d5219d7c6f07d3f32fcc5f2a1ae37b32e8231ae5ea881b	ncbi_dataset/data/GCF_015160015.1/GCF_015160015.1_ASM1516001v1_genomic.fna	5467060	a40e1dae7b0e74cc8da8278f89a2d00566fc626ad08caa669337a0c7a08e3b5b	ncbi_dataset/data/GCF_015160015.1/genomic.gff	8b8c10e3332a6c465638a76b4e413764e7497c762dff0a009b83d3825ec06cea	ALIASES_VALIDATED_NO_TRANSFORMED_GFF	canonical_objects/GCF_015160015.1	canonical_objects/GCF_015160015.1/GCF_015160015.1.pansn.fa.gz	1548623	b71dfb04e2690ad2f0ac6708f861bcab033f4d6fe814efe9e42dc22964e121ab	c4e3b9b2a5c64956daf7e9c28e41af7193a3f46735f1ca20c40a51381e746876	b361f38ba75b55d9931fc3bdf665795d25058ad131133325d724606230fcde7f	6e8975ce5fc5fdcaf808c1b36caa87c25a9f61fb612b02a46d2495f1c57e7cbc	0affff3d3a1a7683e898d9e8bea8694da1cce52b06c6c133d3c5e3e1f6592c64	98da2e05aac9a1c5fd83b8a336cc88dcb30eac94859aa1e3a1dfaaab6a414c89	300	5360714	INSUFFICIENT_FOR_RANGE_RESUME	.	.	1	0	2026-07-25T00:35:27.616740Z	510c6efecd05ab5775547b2f7731f926b92a6bb8964a4f210e123f701216d5f7
224	asm-v1-fc463dcc32b702691badb65a	GCF_001679985.1	EXACT_VERSION_RESOLVED	VALIDATED	source_objects/GCF_001679985.1	2121187	35f8374d21678d4e5b6edc42d328367d5ecefaae93bc86eceb22ed73e412ddb2	ncbi_dataset/data/GCF_001679985.1/GCF_001679985.1_ASM167998v1_genomic.fna	5492575	88b53ac5cd97ccac5de6e30f5db3d5f056aa35217fe2137b72f315f6d65bb2cd	ncbi_dataset/data/GCF_001679985.1/genomic.gff	8449c8e7fcb9062f1c4b475b987aedfaf329c66a244bbea94974d874946e5824	QUARANTINED_SOURCE_GFF_NO_ALIAS_VIEW	canonical_objects/GCF_001679985.1	canonical_objects/GCF_001679985.1/GCF_001679985.1.pansn.fa.gz	1536527	102a445f8fc7dccfd2ba1005fa4cb1793a22374d2b5416736fe2f42ca6365ced	ef75424c952f813e1ac9dd04311ffe8d7e8aac9d0669544600af1e8463e3ab58	291fbd522f03479ffe08644c75f5313a8e37827d6f86255e10853a614c9a0a9a	b1270b24f93b071d44a479305eb931c29b78c8bf833c6922a905fa9c52a47aab	d4092b19067049d0c520398626bc33c270426ca582307b92424edb1a2e930590	cd40aa389a30100c781d654e00f2807198c3c498d97099f6457427282fc8f296	6	5424193	INSUFFICIENT_FOR_RANGE_RESUME	.	.	1	0	2026-07-25T00:35:29.756823Z	f17bd44871120474114c05f4a202fe10e66898dadc05ca16dd05d3f9ba4632f9
225	asm-v1-785f476bb99126a1fb2e85d7	GCF_003830805.1	EXACT_VERSION_RESOLVED	VALIDATED	source_objects/GCF_003830805.1	1955565	c35f0d22d9454cdda17f67b7078f1aeac522df829cbbb32c2c056c778126e3b8	ncbi_dataset/data/GCF_003830805.1/GCF_003830805.1_ASM383080v1_genomic.fna	4987511	b9508f0340a91434cc55841ad2c010e35fe0edd8a1544bccc9a8438a75fbb5a1	ncbi_dataset/data/GCF_003830805.1/genomic.gff	3bcdedce3cf096947eebcec3343bd34ffda73039cfb42e520b9ee962d875d31e	ALIASES_VALIDATED_NO_TRANSFORMED_GFF	canonical_objects/GCF_003830805.1	canonical_objects/GCF_003830805.1/GCF_003830805.1.pansn.fa.gz	1410462	c8aa3631161f92463edc6061a5bbbda81fc65937aeba55a280027050b1958bef	92ae8cc93f2774cf0f04c2bc2f763d485f154ebed824b1447729e965cecab9d7	4a2ca23f1d2dd310cbc3b2b3bb2f5000fa29a61202c54fd6ac4f04e6826a6702	200ea9b5208ff07423caae9bcc523f1275ad166f558846d0238e257f34f2fb14	f60048f8d9412227701d1abdbf9d8020230c892c2db58700e24b57a4ae927c23	700ba196a4140291ae893badb0d30ffb788734de66d024e9e0604ca59e58b906	143	4908274	INSUFFICIENT_FOR_RANGE_RESUME	.	.	1	0	2026-07-25T00:35:32.159120Z	059fcb4cd707d072f3907834092ad311fb95ac3c101f7fbb6193779d0ea766cd
226	asm-v1-918cbf37faf9a5e48b7b1254	GCF_020422075.1	EXACT_VERSION_RESOLVED	VALIDATED	source_objects/GCF_020422075.1	2131942	bb0c7db135805052302276d4699b03c88a20eb0735ddcaf97f22d1b52af10f22	ncbi_dataset/data/GCF_020422075.1/GCF_020422075.1_ASM2042207v1_genomic.fna	5458969	dede9be49292b04b8b5ea91491b6b1c4acd3872825d5af8733a38c9bf7ee915b	ncbi_dataset/data/GCF_020422075.1/genomic.gff	4502386780e2582e1677956453e7b8653779ca978dc8f14fff6498ec03df4626	ALIASES_VALIDATED_NO_TRANSFORMED_GFF	canonical_objects/GCF_020422075.1	canonical_objects/GCF_020422075.1/GCF_020422075.1.pansn.fa.gz	1534960	6fc39ff172770d115097d7962fbf322daf5f2bfb2524207f20633e457986a9ee	0a0d32cea3f5b3264c5d2360357f24ca50cdf65a715d1d2cdefeb0c9100c7e51	9f84d926e38de6bea2faff6c1f671183f0962942adcf7ad1c90f88621cb3a77f	843337dba1ca5dc84a371ecf96aa4fa9374d8880f0a36cfa389e856d61d28442	60f998062095330c508993131721cc76493a98bf85db43b069419078a490831e	670c5eedec242749ecf17b3ad8d9f936585e11332d86839ada74b5d18248fccd	130	5380067	INSUFFICIENT_FOR_RANGE_RESUME	.	.	1	0	2026-07-25T00:35:34.781764Z	84bb75dd32d5558e9fc48695c937360235e8d348a414f4e6da32089be5633642
227	asm-v1-83b56d79dac7c3acefc206ec	GCF_900196545.1	EXACT_VERSION_RESOLVED	VALIDATED	source_objects/GCF_900196545.1	1912361	8e65344971f0a131aadf27248b605aa6577eef32a8ce8778a99f394c21f679e1	ncbi_dataset/data/GCF_900196545.1/GCF_900196545.1_F2_74_genomic.fna	4909403	b13f3a3fb021e0db7944767842b14183e583008466e3d86364f6ff151aaa633f	ncbi_dataset/data/GCF_900196545.1/genomic.gff	cfa1ebfe82aad424923c9387b7bb13c333f7653e8493b88285700f1c409a9e47	ALIASES_VALIDATED_NO_TRANSFORMED_GFF	canonical_objects/GCF_900196545.1	canonical_objects/GCF_900196545.1/GCF_900196545.1.pansn.fa.gz	1377023	467fdc4c8c7fbee9d65ced29f9597e137238ba0e8aecade8b0282c4917681544	f5d857c1ad106aa26b21771875073ee1f76087fe3bcc4fa27c02819f0017165a	6e99196aed16d190ec9e71793669a0c6743ea1f015b0092cafaafa9fad328c76	0326f2956d75a839827bef015f595d8006621708e89605c372bcf0d945a8a245	c9c8c9f60e3d3685472617530bafcbb1da2dd0e10d6da10a5db67e95d41c2032	7c9089393e3dd0cf02460d244a24afff5a700ffb7c6a8ad8a0af0659a27ccf9e	84	4842034	INSUFFICIENT_FOR_RANGE_RESUME	.	.	1	0	2026-07-25T00:35:37.146808Z	2a57427650b7f28296afc1a56c218085c341f006884f73180c8d65bfa473211b
228	asm-v1-aef61d5b7b7e4899afad402e	GCF_017594025.1	EXACT_VERSION_RESOLVED	VALIDATED	source_objects/GCF_017594025.1	1960229	d5191cc7c8bf2e6e854694ad88237a3e99f1b1d7ee8b59550f77a4fe14d40f38	ncbi_dataset/data/GCF_017594025.1/GCF_017594025.1_ASM1759402v1_genomic.fna	5002643	eb81497ad08030957d261def4577b798539e0b1eb4e46d304da2a100a4059ca5	ncbi_dataset/data/GCF_017594025.1/genomic.gff	5187700cc2c9b1cfb5029ac9728a8ec2cbc2275322988be46b8a55a30973ca73	ALIASES_VALIDATED_NO_TRANSFORMED_GFF	canonical_objects/GCF_017594025.1	canonical_objects/GCF_017594025.1/GCF_017594025.1.pansn.fa.gz	1410274	f720f78fa485a7a6d66a5e9938660ba361e07ef64d88bcce5ae058dd13da7664	c520e924df21412eedb12f6b655ee5da5fe9cb14bce136034d8042bacffd6f32	4bb99118f587b560ae95b48aa43f88d36da726faf1e40804625e4671374b1980	49d83b41e2f66b7144c916bb4bd2a88597ad4dcd1ad4410a7461c90f0b294b65	64e11a0a294af8513ce29eb4e872a98a259bfc4131d61c40c4efaa1340fe9eda	c7f8042dd147480386197550b5e9a74d2ed3f5d3e29f991cb02ea43b711ea511	184	4923527	INSUFFICIENT_FOR_RANGE_RESUME	.	.	1	0	2026-07-25T00:35:39.822762Z	299b3dcc59a1840307d5cab92afecb7e6c1dc4a8359110d7abfeb0cbc5cef7c5
229	asm-v1-6da6858d69b9477a0b54990e	GCF_905219285.1	EXACT_VERSION_VALID_METADATA_UNAVAILABLE	VALIDATED	source_objects/GCF_905219285.1	1932124	680a589f699bd0fc8ca231363a19f315513cdbab980c601e3e45323ec29cba7a	ncbi_dataset/data/GCF_905219285.1/GCF_905219285.1_AI2715v1_genomic.fna	5214063	59e4ea59046b71917031aef68756b35367f8f09cad80a529ad39b970f0de46c6	ncbi_dataset/data/GCF_905219285.1/genomic.gff	3b9b4370980383c5b741594407259929f9a3582e7ebd188b6f9ee65876aa51e8	ALIASES_VALIDATED_NO_TRANSFORMED_GFF	canonical_objects/GCF_905219285.1	canonical_objects/GCF_905219285.1/GCF_905219285.1.pansn.fa.gz	1458791	05efc6c65cb5977ff227ee2514eac5702123c2b68662aeb4704e103b0d588c68	32a50c48ffb532cf3b2a0c755708ff23694260b5285759cbdce774a91d59353a	296a4b3fb7e0fa16735cf324a4eda5897ed5a80ae2f932d3e716f07130adde57	c4b8488226458b30e558589048f74edb3c305c9ceaff77a32624e7c9433fa0e6	6d3a417ebf64209a4c0efbd67c8a5ed9090c9e2c3baf6a910d28f661e8acdc95	075b6ad8b9b8868c320cb0310bbb3dc3de82aeaf0a0da1f1456f4fd67a62fe25	6	5149210	INSUFFICIENT_FOR_RANGE_RESUME	.	.	1	0	2026-07-25T00:35:41.927665Z	d55b29a3a1f0b4e32fe8a45e0541f10475532ec34921f4fd643b3d519d94ae1a
230	asm-v1-00eac9e94937816c22038819	GCF_000304075.2	EXACT_VERSION_RESOLVED	VALIDATED	source_objects/GCF_000304075.2	1964061	7d5ab9d0445de53e5795a5538ccfb111dcf54db19719384298bcb4be480ec5ce	ncbi_dataset/data/GCF_000304075.2/GCF_000304075.2_ASM30407v2_genomic.fna	4977651	4f1012aa44b69364a1ad5fb86f313559d0c40b5e5c8ece8e0b0b093495be7aa7	ncbi_dataset/data/GCF_000304075.2/genomic.gff	83e5ee93c2fd1ce77880f95f8c21562baa4c857f36afd7b141b4ff61b2df9e16	ALIASES_VALIDATED_NO_TRANSFORMED_GFF	canonical_objects/GCF_000304075.2	canonical_objects/GCF_000304075.2/GCF_000304075.2.pansn.fa.gz	1400479	311e20e93da032c8db8371193e3f27df824b8486abd598471f890f1714f526fc	53761d673f99a65c7a2a254f59249db9a6c9f54d70b23371ea1b60400e2dcf7f	645b20bbca00959e77bde3422aa0f600a44f9e60e640e5da420b9e5f00ec9af1	b385d9154867939f901ec123ccef23808224477007222c19602c547d7ac9f807	94cac6a3caaf372d6a414fabaadbdc056bca219ef30dbd7f781e707ab7667ae3	36f54837744a93d7b52dd874d196188dcc9bfe0da6a05faa791f1cb4be772f49	206	4897883	INSUFFICIENT_FOR_RANGE_RESUME	.	.	1	0	2026-07-25T00:35:44.620085Z	22cc023ef556cfc792cca9c5504b0bd2f455bb266e3434b10b311ea64ba0ff0a
231	asm-v1-ce199643b3194febab988878	GCF_005399365.1	EXACT_VERSION_RESOLVED	VALIDATED	source_objects/GCF_005399365.1	1975054	668f823ad5c6788ff6514a4a557f94cc8566ccb47b84104cc4c1d8101d6de496	ncbi_dataset/data/GCF_005399365.1/GCF_005399365.1_ASM539936v1_genomic.fna	5070615	23e176a7175e002fe83c8f8319b8f033640a42947adbcf1c81071c6f91d557e1	ncbi_dataset/data/GCF_005399365.1/genomic.gff	89384c0f59ee5ec33cbaeae983cecc6031b9dc17bb87aae3fdd5a085427d3de8	ALIASES_VALIDATED_NO_TRANSFORMED_GFF	canonical_objects/GCF_005399365.1	canonical_objects/GCF_005399365.1/GCF_005399365.1.pansn.fa.gz	1426110	e90ffbbdd16c7872bc4ea74670ee53e438448b57dc5ca89fa7e5c543d2135ceb	a15888269a5dba8af470d50bbea7bfd1eba554517b02f5a634f492205b9f410c	77be3bb147ee6a90f46f28f4e28a47e0e97d85c5a325a57b31e6ccd42c0a2316	5064259c3edcc60a035a1a679e945a58817692d1f4fc4a628b86fbb3b31b4a24	83bbc05640a1aa81cc94baf1f451fa88d6193ef21d6ba42c887468367f1ad37a	fa608248a7159770919b5eca5995a9bcbdee5a4218e810c17a3867a1379624ff	80	5000798	INSUFFICIENT_FOR_RANGE_RESUME	.	.	1	0	2026-07-25T00:35:47.157185Z	72f180c2c6a06214af47ff89b04e2e2a016892a888ad8150177c510341c0002f
232	asm-v1-841c375a803c197a12a8f03d	GCF_004767025.1	EXACT_VERSION_RESOLVED	VALIDATED	source_objects/GCF_004767025.1	1946491	51f70b0a2d557ca5fd57e45362e9e3ae2117fab7831c2ff98ae69dbcdc684129	ncbi_dataset/data/GCF_004767025.1/GCF_004767025.1_ASM476702v1_genomic.fna	4978260	8b297b4e9cf7fca927a76cdfb238dea51310d59430c33f7a0db96292704ae3bd	ncbi_dataset/data/GCF_004767025.1/genomic.gff	3d715e8437ee6817e2da05745113827eafee55550a23f7eef8c31566b153ab17	ALIASES_VALIDATED_NO_TRANSFORMED_GFF	canonical_objects/GCF_004767025.1	canonical_objects/GCF_004767025.1/GCF_004767025.1.pansn.fa.gz	1395849	87eccd404d3777cb986e5abb7e0d1ad8272bfedae9532391283d5e9111d3749b	b2d29a7ae2ba79db26bbd0302aa8736d9394559c0fc5cf49b7b4db693b6baff0	4eb02f0fb7324ca5f68423a3e2d91667066b8931eb0ea297c517d72e1b6365f3	bb47c1a1f64642f88174106ea84483b31ade1be0373552fa2ac5da81aec7b90e	b9ddd683cd110032490b8e08e2a630588e7ca86a0792e0024247e2f544b4d2a0	f1189c92ba8c5c3306c7b59c97b00ef18601d2579f6167b9a3ccc387cb716e38	80	4907087	INSUFFICIENT_FOR_RANGE_RESUME	.	.	1	0	2026-07-25T00:35:49.364058Z	40afed0ae4429e5aa039324fffd2efb3dc18b3610aa5bdee128025aa8635ed93
233	asm-v1-61db54ba4e39c8f285245707	GCF_019800285.1	EXACT_VERSION_RESOLVED	VALIDATED	source_objects/GCF_019800285.1	2016190	b84e44ea391d28a8f8bc793ff83d268483c2bfb252d043263e8ed799f245d3e0	ncbi_dataset/data/GCF_019800285.1/GCF_019800285.1_ASM1980028v1_genomic.fna	5140821	dfb76135abc47f7932476676942b2e780d198a49a5da8430ee20d275dadea7b3	ncbi_dataset/data/GCF_019800285.1/genomic.gff	eff7dc13b1344d56a78b51011dd8ba6e93a75888206c8ed0003332d121c6202f	ALIASES_VALIDATED_NO_TRANSFORMED_GFF	canonical_objects/GCF_019800285.1	canonical_objects/GCF_019800285.1/GCF_019800285.1.pansn.fa.gz	1450364	5728491c26d243c7edeba9dd858d1e91349e3916df57f4009cac0b03a14d8ff2	d5427e9d4392c06161ce5238a232eb1c7750f70da9bf96865e68dbb5e30784b7	3b6292d53fa83eb8969c259ff358a7a7ee2fd228ee943054f7a2b0d4fec23a2b	5c810d0f03f9727056dde7d0cebfdc6359f68b41d62712018edb9900a9601ed9	8ab89debef8161d1b7ff0aa5221265bc36972a9fdc99559b11aee3c9c491f413	281a856a25be99397bf74b7f5d99228e8e6871c4a1be07024656fa703a39f8e5	150	5062723	INSUFFICIENT_FOR_RANGE_RESUME	.	.	1	0	2026-07-25T00:35:51.886022Z	dcbf92dfc451b3e1beea3f95d0f46337812cb4770f899306cdccd49f4e7e87fb
234	asm-v1-daff540eed20faf035ab67de	GCF_002973095.1	EXACT_VERSION_RESOLVED	VALIDATED	source_objects/GCF_002973095.1	2071120	41ee250cf5e5e86e1502b52d66dc8061328efc6a76810f20bae60c7abd063d43	ncbi_dataset/data/GCF_002973095.1/GCF_002973095.1_ASM297309v1_genomic.fna	5325687	28620b91daf959885cf576d8a8a5150da473959a518b5bfeb6d3285d9ec73260	ncbi_dataset/data/GCF_002973095.1/genomic.gff	3432c200d4f182637ba1d4c89c21dec8f8435a030e05e0dfe22b4184ec708e14	ALIASES_VALIDATED_NO_TRANSFORMED_GFF	canonical_objects/GCF_002973095.1	canonical_objects/GCF_002973095.1/GCF_002973095.1.pansn.fa.gz	1499197	2736fb560d32a0467a78e35c46c37afe2a5901459dd8bbd440554921019adefb	d937dc36a5f0489d7026d602780c7f48e19ef8d3e518bb539f8b37ebcb5e97fb	bc339d2ee3b391de20b7bda2c1421b686baec27aa9b63c0f3d0fc5d98a4c5018	7f1ab3be0a00f34aec91463672a1ed745d8028ceb8699f49f3da559dfc7aa19d	760a54c09ce09d64cf0486d1b9928befb1cba428434ba48ba59b3dd839cb7ae2	ada4dcff9ab25052d72251dbb9367c4d651dd291bb18fb82108c9bd7207145a0	178	5243080	INSUFFICIENT_FOR_RANGE_RESUME	.	.	1	0	2026-07-25T00:35:55.399125Z	6aca1eb507f4f10f44778abedc1b4f036eb68b7194379a7e3d63b535471465ff
235	asm-v1-6321be3cb6ddc12340c51230	GCF_002916665.1	EXACT_VERSION_RESOLVED	VALIDATED	source_objects/GCF_002916665.1	2214429	10bfd1c5948cea626ef18cac9c420e85e410197a878007a90d01f34fd842acd1	ncbi_dataset/data/GCF_002916665.1/GCF_002916665.1_ASM291666v1_genomic.fna	5675975	be75e73f95fe79fd236ea9be78f4ba9f8b024c101504ded0f7d88d76df2746e0	ncbi_dataset/data/GCF_002916665.1/genomic.gff	92179bb73401c36ca200fed8985a899fbcb0094a8edf358ba0cbee4d4ea6e491	ALIASES_VALIDATED_NO_TRANSFORMED_GFF	canonical_objects/GCF_002916665.1	canonical_objects/GCF_002916665.1/GCF_002916665.1.pansn.fa.gz	1598849	919a99f4b07edd9e5f2fea664dba3a767a0e40e9367e9faeced62e4c63dd4c7d	9ec829aafcea0db4635fc0fccd0708c668b1d53f2f2a76a4e2150a2015025ac3	20dc7393af3887b4aa88ca9b3fdd3a467c0076832670d37f40070317fd428df4	5d2c91cf19b85d57c64a447c71a4990ad8957f2d00fdcb8c2ecbe0d7cd6a126b	7ddbd82556e8757f54077d487af54ab5cf2b27a4e1a483a7f55be696b64deba4	5588ce542dd300b4de9f0b03b3788bf7e7943b9ba54e012090bab8da75c75f35	328	5568632	INSUFFICIENT_FOR_RANGE_RESUME	.	.	1	0	2026-07-25T00:35:58.602687Z	ca0b8bbd145b3bfec657839038a75299eb202d5ba000785d166cb088e52ee080
236	asm-v1-3fc6bceeacc02a88735246cc	GCF_021108615.1	EXACT_VERSION_RESOLVED	VALIDATED	source_objects/GCF_021108615.1	2074224	664acadc4c37da99465b65859cc4ca4bd9bb19db5e24c44d489390b5108e7b55	ncbi_dataset/data/GCF_021108615.1/GCF_021108615.1_ASM2110861v1_genomic.fna	5262792	0b7dfdb0bb768b1056839fc6e090531c34006ab8899812eb6d86045feba0bdf4	ncbi_dataset/data/GCF_021108615.1/genomic.gff	4267e7db6a908d0976ddad8c4e5a9e4e5940ceca2c689d617fd5315781854fb5	ALIASES_VALIDATED_NO_TRANSFORMED_GFF	canonical_objects/GCF_021108615.1	canonical_objects/GCF_021108615.1/GCF_021108615.1.pansn.fa.gz	1485177	f64f56e38539664b38f4076dddfa8cb50523bf279712988c35193e5674996a52	8e7d5bfac92d36e67af98a94d75bd3a0c8d0c79c1c0d376a3342372b552aef5b	e5f79bf6f719c8f85cf5d85918c36b7b66b36c3a99c17769c8263b7ab18cf5e2	174e56fe2e5750c91dbcd4b9f85445334b951ffd6871ecabdf8d02dd85f69009	80a91c2c62846730e72758989b672b37f8b184fe7e72b823570d59ac4ffe46b4	90d819b21e573c0055de1496671465d16a7755a2e71d2296c9feffca27163dab	274	5165109	INSUFFICIENT_FOR_RANGE_RESUME	.	.	1	0	2026-07-25T00:36:01.641734Z	851a290cf10bce1be56dde875f41cb66f658de8dbe1ebd7b9e6d71ddd2f79795
237	asm-v1-1b37e39248808415785eea31	GCF_011045235.1	EXACT_VERSION_RESOLVED	VALIDATED	source_objects/GCF_011045235.1	1893685	808eba4ecdd333f3dde36617739a4d2f8ee84b31b4a8afb1b4edf1acffb6fcc7	ncbi_dataset/data/GCF_011045235.1/GCF_011045235.1_ASM1104523v1_genomic.fna	4927041	5234bbc135efd0d4dbc6fb8a6b7994e0123a00e009a477cc645d7862344ae1eb	ncbi_dataset/data/GCF_011045235.1/genomic.gff	26c1b2a10143997c337fa31bd645fd929cf9006e143c644fb28c56c609a63de6	ALIASES_VALIDATED_NO_TRANSFORMED_GFF	canonical_objects/GCF_011045235.1	canonical_objects/GCF_011045235.1/GCF_011045235.1.pansn.fa.gz	1376332	b672a659453abad9c0d1a3310a6b47330d2d9c8d9add185aad0df3dfd7678de7	319a5aa9b3c2c28c69391ddc6d6cf6a87810f9ed337d32878aec44486b6366de	06194d6dc15b013542e772113f3b33cb0d3779548a52f5a883ca01809067d5dd	b91702874f7d524cbbf5cbc6d1d65713fb7a1cb05064781a8311a2c79f1d2b55	8cc6254d233e02257f9a1ec7e2a8e54741a10e1adf807c0d492dd731d50aa896	cb8b44342eeaa2d899373919b923514897bb44ce0544c0204c57aa077bd693ed	1	4866137	INSUFFICIENT_FOR_RANGE_RESUME	.	.	1	0	2026-07-25T00:36:04.268913Z	fdb8b8a1ca407ddbd1773ac1da2636a0550f5cde24d8b425f539f1757b76b362
238	asm-v1-913fdb86e3099e72eeb62d05	GCF_019841145.1	EXACT_VERSION_RESOLVED	VALIDATED	source_objects/GCF_019841145.1	2100442	1332a6df729e52583036dc998477a67c9768d6888de82d6694538bca2f4bc41d	ncbi_dataset/data/GCF_019841145.1/GCF_019841145.1_ASM1984114v1_genomic.fna	5277024	b4907871bac67ba795ab1a49fbb2957df767690f4ec39c9f64fa1ce908dc2ac7	ncbi_dataset/data/GCF_019841145.1/genomic.gff	dfbd25723efdd81debf53d8ee21ab5a22b104db2fc770806716b7fb6c2a1fef8	ALIASES_VALIDATED_NO_TRANSFORMED_GFF	canonical_objects/GCF_019841145.1	canonical_objects/GCF_019841145.1/GCF_019841145.1.pansn.fa.gz	1501965	d5e37578a87fde9d9399534ae7d23afd83b3776faba5afd9fab606610a3a2a0c	83cd2d709214a84e70753b2cd038e8eebc8a067cb56a7514ff6ce75dad38e3ef	ab534dc65cdec97ff03727cac716da5f0ba7b4da611e88b7f1a622ff92c05da1	d476541cfe8f8b0d3705541949ec0802f25eac660fa30e1c6d4d1457130f007f	b36d1e9c0cab626f73c52fed7788d55f0fea8ef8942c2c00cb42c0f4f0676503	c6318fd74d224690c768137c6437b0de06d32ef9b9de9132e2a2d180f84bd421	326	5180483	INSUFFICIENT_FOR_RANGE_RESUME	.	.	1	0	2026-07-25T00:36:07.563863Z	7e7ca05113f6aff10995426773e23204cfe61660ffe306da657c182e3519d40c
239	asm-v1-3cffdd1f3de98796b9642a95	GCF_002769655.1	EXACT_VERSION_RESOLVED	VALIDATED	source_objects/GCF_002769655.1	2224571	debc08be4e8f44d7585346b8ba4b730ed50bd0599bcfb3df3e5985c101c9f877	ncbi_dataset/data/GCF_002769655.1/GCF_002769655.1_ASM276965v1_genomic.fna	5624658	aec66f4a9950d738a88011855095515a87c28f12f60c86353d733e36365c04d2	ncbi_dataset/data/GCF_002769655.1/genomic.gff	788424b506fd85ce424f468002f8112eb7b30aaecf92c828112961895f80eb84	ALIASES_VALIDATED_NO_TRANSFORMED_GFF	canonical_objects/GCF_002769655.1	canonical_objects/GCF_002769655.1/GCF_002769655.1.pansn.fa.gz	1591191	3efa3e2527740da4e937e1829a3fd9a17b7ee4df2bcd28bd8c05690845a57944	6c9b131e52e712de0e3df0243deaea69e7e15fbd714c6e54b1d8e04dd6c81a4e	1eec679dd494fa1e31362971b69d49493152feb11a2b09cc65bdcb5bd0ec9df1	d7acd19a461185547d097b29bf03e867d806ce17b3a09986c59e7483a3dcf18d	94cb0377cc180a767fe2d013a92a2e09efafec7a95f5d4638d30bf90670fcc01	bcb0bf7d799354aa8398aeae907a6aed760f67d06ba1fce65e22b19836398d49	415	5519362	INSUFFICIENT_FOR_RANGE_RESUME	.	.	1	0	2026-07-25T00:36:11.447410Z	e31b1980600b44024ee10355765ce746403e742b3fe3cec85482b44dfef7a307
240	asm-v1-2d1440e268020c876299457a	GCF_014855895.1	EXACT_VERSION_RESOLVED	VALIDATED	source_objects/GCF_014855895.1	2037291	f855e00139b1c6256bd5bc4a4415d011f0970115e368eb7ec612bbb55e399a7f	ncbi_dataset/data/GCF_014855895.1/GCF_014855895.1_ASM1485589v1_genomic.fna	5233396	d7dbc909c0188904d340a2083206eac18eff890ffb500c6f8907edafb7cdbf29	ncbi_dataset/data/GCF_014855895.1/genomic.gff	ae9c4410ac1e49409f8ed4e1c181d75e63e7317e0fcd878a70afa8e8a6614954	ALIASES_VALIDATED_NO_TRANSFORMED_GFF	canonical_objects/GCF_014855895.1	canonical_objects/GCF_014855895.1/GCF_014855895.1.pansn.fa.gz	1472802	6567aa067680211b159f2296ae5ba01df78ec1d5b4fd3273fd7c56d5f3c8c3f4	fddbb56a9a1eeb47671f31087c071f49e7571bd303d28cde0b4ee6f46d8609be	aeebca4e03845fc17461472e84960565126d60bd43d5f58f904f566f5a673e7a	cc9047a1ec0492fbf1b6e14678ff3f5c0e3fc0f5bbe3333e00887cc74157d017	c884dea43879a7bf35b7d4235caae255ce4b111feab91e64ff1f3e0c0879c098	1bd3b924246dbf27b438b47cba7ffd3c48b2b2c6c9ed0617aa6b0e9b8ba779d1	91	5160111	INSUFFICIENT_FOR_RANGE_RESUME	.	.	1	0	2026-07-25T00:36:13.739833Z	2ec843150ba13db88471816b251a670cfcf7b7b0069209e041eb81e7f4d9ba0d
241	asm-v1-840dd8decda2b1d411157d40	GCF_006350385.1	EXACT_VERSION_RESOLVED	VALIDATED	source_objects/GCF_006350385.1	1909976	fa87f3af3bfa9384e7f6481a75df847813a43e7abf1f5272b2bb7c227b9abc68	ncbi_dataset/data/GCF_006350385.1/GCF_006350385.1_ASM635038v1_genomic.fna	4761887	f1b9c871710db320d47b1222b032dbed2f4af1f26710097492853e79e06fb39d	ncbi_dataset/data/GCF_006350385.1/genomic.gff	e8e877a275b0b322b919b10f1b0ca1b9f4f58732d45362e1c7bea49bd141fbc2	ALIASES_VALIDATED_NO_TRANSFORMED_GFF	canonical_objects/GCF_006350385.1	canonical_objects/GCF_006350385.1/GCF_006350385.1.pansn.fa.gz	1344952	562db392c19b48822863a76465232de12e9cee72ab2478ae6557c61b76a45b0f	d321a10b7617806ef021008267e594ad89d585810bb7d8db2b15b8f72c8fa87a	58005df26dcee850b63fe7ee638b557be9b0f66b0706a3d93416a6ce6e99cd52	232cdd26657bcfe521640d066fe6233fd932efa44b0b87652767b5655403859a	58a428a206af3a639a50146cd7b9648d6bde60153e4dfc9c10fae5fd490b23fc	b806896c455d9532d41b509cb3530da51710156f23953510767a8d2297038f78	299	4668423	INSUFFICIENT_FOR_RANGE_RESUME	.	.	1	0	2026-07-25T00:36:16.958957Z	8e4d4fde799dff8f542ca0d0c3ef24e9a7cec678551ae193fddcb7b30e46b2d6
242	asm-v1-aaba6e48e97c5b702c1a7345	GCF_009627495.1	EXACT_VERSION_RESOLVED	VALIDATED	source_objects/GCF_009627495.1	2121191	fb3bbf18d0606edf95fdbf41c42411ce4be945f64a0e509c8c4a6800e5effd0c	ncbi_dataset/data/GCF_009627495.1/GCF_009627495.1_ASM962749v1_genomic.fna	5496598	3b69c28c0563a0e798487db2de6f1bec0cea0aff272fdbcc06493fccc94ca835	ncbi_dataset/data/GCF_009627495.1/genomic.gff	987948242382dcc65bb95b1d6ea37158a9efb1f74b3d6111e9920e5df1df5a3d	ALIASES_VALIDATED_NO_TRANSFORMED_GFF	canonical_objects/GCF_009627495.1	canonical_objects/GCF_009627495.1/GCF_009627495.1.pansn.fa.gz	1537335	b28dcaf66977e21b5d6e0f3db26cb579bf1c7eb0d2b9b52dbf4e569f1ef9f433	eebfedfc35da2ae0318eca43516d3edbcf957abeca6e5395904900fefe01405b	453c9dc5ca2eb406bfe066f143606904d5239d376c0f56d2dae67650900080d7	6e10704fa4271870de0825720d54553f28fd34c519c48ead2607b68923fbeca0	0201a811bae9c7e050f0a816a020b9a7c4fb025413551815da804c83e730c365	cc6717e792ce77e0f45398c6b7d301fcef555dbd213ab8f83d1ec2bf63c617ee	2	5428573	INSUFFICIENT_FOR_RANGE_RESUME	.	.	1	0	2026-07-25T00:36:19.046084Z	d4da5e76c11d5fdf31da020da6958b28cbac7274df827363b6441c119ebead08
243	asm-v1-b9c8f681f0af8d6b4cbfe0e0	GCF_003829865.1	EXACT_VERSION_RESOLVED	VALIDATED	source_objects/GCF_003829865.1	1927612	69ad70577bf761ab81a5b53ecd3eb7938d0674d35a8e50b8c5db3e2499a7b922	ncbi_dataset/data/GCF_003829865.1/GCF_003829865.1_ASM382986v1_genomic.fna	4927875	28edb2f7955e0a37915d24f4dd264ab00ac467646c539db178cc3f3bd3a41804	ncbi_dataset/data/GCF_003829865.1/genomic.gff	c86614f6a0efcad7a34e62143b5612f831b06b8aa2fd47405fea1fad20b805f3	ALIASES_VALIDATED_NO_TRANSFORMED_GFF	canonical_objects/GCF_003829865.1	canonical_objects/GCF_003829865.1/GCF_003829865.1.pansn.fa.gz	1383372	ad8f14b09c4d443428d4efa0f4ed287590540890f992949bb55dc47e3a285ecc	176d315589b3f5212a9b45e671517ef39fbd5b025575071525ec02249a49856c	22688db78bd08aed5f349f55a47f883e8e682bac6dce974cf669c1b631952b7e	018bca6c45f568faad0f0fbf6d29908a1ffe68d497484f8849fbf93390af7ae5	e3b690381b126995e892e6a5e4ddfda2f51046bc4e5d5f07961d7fdde1615c72	66084a1017df679d9fe40ab3fd22bf0214e77063faaebe6705f7db9e3bcfcc93	157	4848604	INSUFFICIENT_FOR_RANGE_RESUME	.	.	1	0	2026-07-25T00:36:21.858650Z	ed8236684475acbe43f8fa1c116e8d24ce51b1c9919e2323e5887c27f596ae4d
244	asm-v1-a8899c54ac12f5d2fa71619f	GCF_002810895.1	EXACT_VERSION_RESOLVED	VALIDATED	source_objects/GCF_002810895.1	1954453	913b3867c05f72a7424bbe651d0cb50ec4ba89d0e678c7c82e6781aaedb556df	ncbi_dataset/data/GCF_002810895.1/GCF_002810895.1_ASM281089v1_genomic.fna	5026023	bfb0a95dcd1ba8eea98a406bcc0379c158eda82adb33151d4cddc55556fbe8b8	ncbi_dataset/data/GCF_002810895.1/genomic.gff	1a9ca7fee85e117f871607129dc13d129416c57428d8a086c42b511bdf4af1c6	ALIASES_VALIDATED_NO_TRANSFORMED_GFF	canonical_objects/GCF_002810895.1	canonical_objects/GCF_002810895.1/GCF_002810895.1.pansn.fa.gz	1408969	10c0b8d2163509c626995de7130a0c6ce449ce012eb891d361cf696a8c79eec3	dfe8a382d0ae4fb2e940c90836eb569adcd11914a0874c66a009d8afd88b13ed	23ad1e179005fa77bad0fabce9a15c6f0603177ecff48e501228a41bb164589b	93c2913ea29f8d035f7114e2e57135f5d21476f2759818cd9a8263ae22d1017c	04321a09465aaea43dcc7c14567d3bc5e213d72ed2bd78494097917b4fa4d781	04b3c454e5d98ec13486dd170482fc97497b2eae463cb257ea184d2327635da6	105	4951314	INSUFFICIENT_FOR_RANGE_RESUME	.	.	1	0	2026-07-25T00:36:24.346296Z	eba3e3dd79b507c34f0cee89c801fab5f4846f8fff48edf60ffb69e243b9deea
245	asm-v1-69c25f89fc43848d200c20c2	GCF_014170995.1	EXACT_VERSION_RESOLVED	VALIDATED	source_objects/GCF_014170995.1	1920259	16065f8cf82dfb89c357ddf36bebe78c516e9c940cf2a00c42688b771ab6c8e5	ncbi_dataset/data/GCF_014170995.1/GCF_014170995.1_ASM1417099v1_genomic.fna	4966412	cd470c458deb34207fd3d3c458833dc6d0ab5a427a8671141d909958eb3e3902	ncbi_dataset/data/GCF_014170995.1/genomic.gff	21f870747c61128da4a1a61882a873092587ce176645aef718d72ec37d001fc7	ALIASES_VALIDATED_NO_TRANSFORMED_GFF	canonical_objects/GCF_014170995.1	canonical_objects/GCF_014170995.1/GCF_014170995.1.pansn.fa.gz	1388382	a1f76389169a9a0e6a1fa0e88fefd388c3caddfdbd89daa23a8f17bff07cb4c1	d5e8933f4b004826668fc4ff0ba6d64c2858aa2ffa0ed29ebad8efb675f45a61	96f9019b289556ba8ad844025ee877891935c0b238df07e806c4766203eadb18	cec90f418f676b9b275978fd5426e64df0e99a861c4916988a53fc608f1f27ae	2815f2f341871989c1a9bc1dd0e53e83fc3e723d6bc8899e9bc67503ea82294f	8a4b7f312d1a62a00c71ddee80d87e67a5e7b48ddf95962a244a61ca80bfa1ec	2	4904970	INSUFFICIENT_FOR_RANGE_RESUME	.	.	1	0	2026-07-25T00:36:27.405586Z	834bd182430092ef436b154a3b2a4a9676171389677e8efd1c4b930707ad68bd
246	asm-v1-3c45ab2d84c2cf1a0fdef8a4	GCF_000781295.1	EXACT_VERSION_RESOLVED	VALIDATED	source_objects/GCF_000781295.1	1994959	f967301396d54b7aa2ccfbc3e6f7550a1b4558d5ce6648bb19fc0322abea5e3e	ncbi_dataset/data/GCF_000781295.1/GCF_000781295.1_ASM78129v1_genomic.fna	5165160	e61ce8ef274b2a49d40bf00a6d4d067c55fcb6983d70780a4e1e3cf0b629971a	ncbi_dataset/data/GCF_000781295.1/genomic.gff	d1eef23def40f0a24ca7cb4b3380ae1b73ecbdbb516987c2d12079fa4908239e	ALIASES_VALIDATED_NO_TRANSFORMED_GFF	canonical_objects/GCF_000781295.1	canonical_objects/GCF_000781295.1/GCF_000781295.1.pansn.fa.gz	1451996	9a86f4fbe7ba887913cf066988a6110e3d02223ca899e645aae59c87a5544071	c581c9e27286a09a98c1685c987cf713bf4a00ce4393a31cccc9728264e86c3d	248faf6a8f96494d60ed9088e443c1f5227ed30694d04a104dd66500423bfc85	3e32575664c7c5f4cadb6ffc1d80393ad6ac27fc197e4176056e097f59c229c0	97ec7ca4ce3ca12492776a684f29b5ff2c2cd00f640f19ee8181188d3911b7db	cce3deb4f017af7a4f94092045e96e59416f39423cf49be75f8927f0c3d42f0c	65	5094941	INSUFFICIENT_FOR_RANGE_RESUME	.	.	1	0	2026-07-25T00:36:29.654052Z	9baf92a5f6babaed3ed036949711ba5e96a01affd0cf9f2aad54110f535073a9
247	asm-v1-8fc2312ecd77fdae4f169593	GCF_002767435.1	EXACT_VERSION_RESOLVED	VALIDATED	source_objects/GCF_002767435.1	2170512	dfd6b036021bbd7e896a9bcebf997ef1e55bfb102a1715e8fb5bd595d8a42998	ncbi_dataset/data/GCF_002767435.1/GCF_002767435.1_ASM276743v1_genomic.fna	5521774	b749e03a3572fefbcc0efffa128f62168d672e3810431a03c656cd07e92ffe90	ncbi_dataset/data/GCF_002767435.1/genomic.gff	4fee190acaa924587907c3d5420a5061251237f6fd93542b3698c67015296286	ALIASES_VALIDATED_NO_TRANSFORMED_GFF	canonical_objects/GCF_002767435.1	canonical_objects/GCF_002767435.1/GCF_002767435.1.pansn.fa.gz	1553445	305d4e4b759d06dcca471014003138d44db78a27d0758bf5a5e16613eac38236	144969a61feb9896e0e56a5e8820b5be6d88fdebc75dee7b66a3afe1cef48056	7ea5f325c1cb76a29dbe16179c49bfce1c98d36b2a9a1aa5c9dcd8b996e04d8f	4fac627cc506b3998d5e6bc5a50988a1dc03fdf4e7b4c9848d5300433bec2b96	f7ebbf1254a20784eb170889734305b67e0a710da437826abad7bda0f8b4e723	82fa43263793ae069eaf9a8eaaa64678904804fb48c552e52e23abb15d0cbf5c	277	5429124	INSUFFICIENT_FOR_RANGE_RESUME	.	.	1	0	2026-07-25T00:36:32.667559Z	1ba9d18cdb5924b79f8e27d0eceaba56a30f7e94251b03a8c00c2bbc149a943b
248	asm-v1-aae4222b88812cba293725ab	GCF_003982245.1	EXACT_VERSION_RESOLVED	VALIDATED	source_objects/GCF_003982245.1	2060975	882db3ef5df48322e07ca5afb0cd1d95bc04693693b212617931435147e4e397	ncbi_dataset/data/GCF_003982245.1/GCF_003982245.1_ASM398224v1_genomic.fna	5256951	86de14f58dc18fb6d42c7fea78a67fa1666c8883b6fb753d2d8749c1f04db1ac	ncbi_dataset/data/GCF_003982245.1/genomic.gff	58cf60f0fe635f0976e669024e0f887afc1b768b9b5223d0d568f164c4481859	ALIASES_VALIDATED_NO_TRANSFORMED_GFF	canonical_objects/GCF_003982245.1	canonical_objects/GCF_003982245.1/GCF_003982245.1.pansn.fa.gz	1484239	4ce11cefa0d8cb0a9e90459b9d83acf936873738d7671bffd465aeeafd2bfe22	c8c4ceb74a1c9b42167ba2c591a55af7a429846938ff6b61677c9bd7a5e182ce	6d9dd879b9f9ab6965d553a29d86212eddee05497df837478a6658b500c89860	9fbb42e1b61d832157a6adb2654c141ddc1b2d84068be33f4a462b79ce8c0877	0dbdaf58a22f8a41a511f95ca7e5051538105db7fe8e216435e4b2d100475727	02ac7160740dd3089391a37cb7a295f78103cca905c3e6417694ffe22000d179	249	5169413	INSUFFICIENT_FOR_RANGE_RESUME	.	.	1	0	2026-07-25T00:36:35.415485Z	fe1314e38b3e2577737213d12ae27df49d6afb0b743ea70490b1accba216b868
249	asm-v1-a9edfd2922de17b79502771a	GCF_900479215.1	EXACT_VERSION_RESOLVED	VALIDATED	source_objects/GCF_900479215.1	2063793	6fc4062711eeb4bd69f254cf2763e0183f45d27bf3db81092f9d7859d1e930c6	ncbi_dataset/data/GCF_900479215.1/GCF_900479215.1_17261_7_53_genomic.fna	5219950	a736af5b9aaa7719d9438a15f1f17734905d2423363a9a11f7febc13d7ba7258	ncbi_dataset/data/GCF_900479215.1/genomic.gff	66202e1276d9c43b495bb72eee49d9bcb7bf665324642a42634195e7b022cc69	ALIASES_VALIDATED_NO_TRANSFORMED_GFF	canonical_objects/GCF_900479215.1	canonical_objects/GCF_900479215.1/GCF_900479215.1.pansn.fa.gz	1469902	902d824370d166cbcc1b9776dee3ae024186c2daac34b34e0acb6639414bbe02	634562f4f1a581fafcd2ddc3dc1088747b2c855e6ff0a35697232ff91043655f	3e9564cd68749209d68c8562b763a8fb1fd856fbea4c85279f5226b02b79e3ad	7bb7db718ca5402c7eadc64fc17fe18a5c705030ef6155e1f240d781cef46429	6025d5335f6b2f006315368b3b2804efa8ccb1346521243b35eccc36cb03e181	11d00c6cd7d5b6f204d0ddf7a6bd132183922f40478daba9f531a5d57200bc5c	164	5141981	INSUFFICIENT_FOR_RANGE_RESUME	.	.	1	0	2026-07-25T00:36:37.874637Z	9b127c24249eb4009193f1121bb66624ec8f2f62990e1a9187c2ced8ee3789c7
250	asm-v1-1322c63cb70c80ecaa9387c5	GCF_020089695.1	EXACT_VERSION_RESOLVED	VALIDATED	source_objects/GCF_020089695.1	2152851	1ee9a76b1301330b34651516320e6038e2d756a67cb3966e5d8b3a469d63ff7b	ncbi_dataset/data/GCF_020089695.1/GCF_020089695.1_ASM2008969v1_genomic.fna	5493043	5bc59c8c0e15791bd948b40d2bc8cbe330ca996649c52d49b319f97be9d60bea	ncbi_dataset/data/GCF_020089695.1/genomic.gff	ef520da2886f20593f4709f9d0ea9343f110cd5dc8a68d28ad4f12b30cf060cf	ALIASES_VALIDATED_NO_TRANSFORMED_GFF	canonical_objects/GCF_020089695.1	canonical_objects/GCF_020089695.1/GCF_020089695.1.pansn.fa.gz	1541109	312b539235dd18505f98a4727c7f48fa01f6db37280b36ad31d549e81a4b9b30	16c58ba26e9e0c0e8ba1a29406e8721be815f80ed313a5cd1f14edf6fcad85d1	b10a75844ff85312b2a3abe6175363368b17fd6c6182824f6799bfff145a5ec6	a0e84c94d320e18edff3189d96eae88d52b9fa61e557f16a314b80a870dabb6b	fe36006102a5320ee6e1290ad518903489dee371e3796bef18756750fb4f846b	9cbf49b34f9f9116033feabb1e414de816d905e565a789168e2ed06f1277053a	183	5403751	INSUFFICIENT_FOR_RANGE_RESUME	.	.	1	0	2026-07-25T00:36:40.633011Z	68bee852d02cd7539db56c48bdafe2d3f04ce3778b5fa4b3d095192b433e4ccc
251	asm-v1-9d9a64dc3cf8cbe52c16ff37	GCF_003337025.1	EXACT_VERSION_RESOLVED	VALIDATED	source_objects/GCF_003337025.1	2180679	e14d01e5d8fd14dbca52d0a43c96219b440716d8767c54ced59df9a51446aaa5	ncbi_dataset/data/GCF_003337025.1/GCF_003337025.1_ASM333702v1_genomic.fna	5616058	0142370ace974863e41b5daacdc079019b55507b27c47bad8a7bd7dfaf8938c2	ncbi_dataset/data/GCF_003337025.1/genomic.gff	fc7e1f2299ba4982824222e88aa21b356b5a7f45e66bde410eeed0cf341aa5bd	ALIASES_VALIDATED_NO_TRANSFORMED_GFF	canonical_objects/GCF_003337025.1	canonical_objects/GCF_003337025.1/GCF_003337025.1.pansn.fa.gz	1575941	7758be05a1e4f15e089d7254d7721445b7d95e0064355b02c3d07ba758b59d8a	ca79d29bf281f1e57c89cee12ca9c2f10652622cf2bbddb329ee3fb22a458f6a	4bbc52d58f969bf6e096916c0cd188ebebcf388f4de3331a9017b96a831b4199	acac8142e75b53bd095ad61fd5523bec4f928ef8ccc87722769c4bc7205110b1	e1b91fe0b46b0d6529abc913555746d56207ef365ecd7867aa950cbc5e1ac983	99c59015132d98dfd6be704876ea0a085b16ea90c818093711dda9654faac2a5	186	5524030	INSUFFICIENT_FOR_RANGE_RESUME	.	.	1	0	2026-07-25T01:45:25.805728Z	af23cdaa73ec10c28d1873baa6f15bff37b5863b453745038921fdb19a071ba4
252	asm-v1-2c6d9d9e99b74e54885df6b1	GCF_016903995.1	EXACT_VERSION_RESOLVED	VALIDATED	source_objects/GCF_016903995.1	1947671	ec106f55235ce179ab582e7512687baada2619b26905f9060dba6233bb9b6b26	ncbi_dataset/data/GCF_016903995.1/GCF_016903995.1_ASM1690399v1_genomic.fna	5030404	de00b5e2bf91dbfbc446a994df04589789f10dfce1a4766bfe5750bfe024ad85	ncbi_dataset/data/GCF_016903995.1/genomic.gff	6c6710870b78a499ade5ea39b2b83111b350021e4c8772de78f08d108d2e1df9	QUARANTINED_SOURCE_GFF_NO_ALIAS_VIEW	canonical_objects/GCF_016903995.1	canonical_objects/GCF_016903995.1/GCF_016903995.1.pansn.fa.gz	1406556	ee6fff162c2837c41fd10c6c5496c93d1b48ea6fe669bccc4d4ff4ac4a2ccb4d	3dd519e3c2bdcdbb18c282c27e68f15d0cce72ea3b4db8af12627feaa3739a6c	8c0b6fe0e3f2a896082651e7f3390dd3d164c1168cc40258e9c3496d34a45eba	dfbc0099187a06b103a6da979374a6395aea213144b6cbe36435dd9b47311e62	fc56b5747ad5c5e80fac862bcc79eae8b6369313c3c2e8210d4e8a70d911d57c	cd40aa389a30100c781d654e00f2807198c3c498d97099f6457427282fc8f296	11	4967391	INSUFFICIENT_FOR_RANGE_RESUME	.	.	1	0	2026-07-25T01:45:28.499786Z	57332267dc4e928068b3227021801a04d15f94abe8374d675ced2b0a7fa4032c
253	asm-v1-fd88367c435c1255c28d3807	GCF_016761285.1	EXACT_VERSION_RESOLVED	VALIDATED	source_objects/GCF_016761285.1	2078959	31e9fb11cc36791b287b358aa437afd20010cdb9002a3d766ee39906f01b0af6	ncbi_dataset/data/GCF_016761285.1/GCF_016761285.1_ASM1676128v1_genomic.fna	5291305	03a5fe6bb259a043f273bfebd5c1d3743fdaccaf083c30cd2ace615256b45f53	ncbi_dataset/data/GCF_016761285.1/genomic.gff	aede9c76f35daea77a23a6e0ea2065375c22adaf621aec50bda215e41787100f	ALIASES_VALIDATED_NO_TRANSFORMED_GFF	canonical_objects/GCF_016761285.1	canonical_objects/GCF_016761285.1/GCF_016761285.1.pansn.fa.gz	1492803	0a9e30c92196fb8d7406685801271e1cef73507da34826239c5452e91c6eb5ce	78192741938e6f04d253e087ad397d992941421a48004728c2a1e5dc77d5ed3a	01aa6ae991731d999ca0ee80104a4db69134eb5d4aa4fe9e5f52f8b102da26b8	5da31b546f77375b7f0d215a612616545a13e50239d7776597f25fa94c17ffb0	414496e997487e74f33dc07d2082b166b0f3f88cb71ca4077bdd774787a0d8e5	2067deb8867642cde92f3cb38ec697e3a019e98099d216e8be0cff009fbc00ef	123	5211152	INSUFFICIENT_FOR_RANGE_RESUME	.	.	1	0	2026-07-25T01:45:30.966155Z	0e94a67b5ff1b3811bfb34c23b0aa87eec84de321bbda6d16ebb1e9121c851f9
254	asm-v1-eeb9d09438712d3941cbbf12	GCF_001619145.1	EXACT_VERSION_RESOLVED	VALIDATED	source_objects/GCF_001619145.1	2127099	465b850cd3a87eb6ae517d2db0c3082f06a63595589458479f754febc6e88541	ncbi_dataset/data/GCF_001619145.1/GCF_001619145.1_ASM161914v1_genomic.fna	5381773	a7734bbdb6499490971eb9c7709c16e8090caf058229e820a545802902457830	ncbi_dataset/data/GCF_001619145.1/genomic.gff	0f215814a5c057abf009b5de05b8f82e08231b5a25e4ff6e4581789796cc91b6	ALIASES_VALIDATED_NO_TRANSFORMED_GFF	canonical_objects/GCF_001619145.1	canonical_objects/GCF_001619145.1/GCF_001619145.1.pansn.fa.gz	1530729	71e3e78af296fff3fd70f165ddb0748798e31c5483b3c8e6eeebe18ed8d024b4	3ccd6a3c42ee75c15a1ede81240966128e78153776531a4273508f0cb17beca7	0f40a0284159bc9ee34652dbecde8e807e8fba6708a480fd1b9bbeb6ddf4ebba	e51cc655e5ea0fcb57c4211ded94b7267188c7bae089fab308e258a43d3e388d	163bddb3f4450a90fe534b283b35b5335ffb91d33aef8135e4bdb79f5d1e8258	325c9cd8c0a944f134c692be2987bd7fdcd8193b4907025097d69af362105b93	392	5281192	INSUFFICIENT_FOR_RANGE_RESUME	.	.	1	0	2026-07-25T01:45:34.755728Z	0750c131bf760d3b22277fc95afd631cecb0600783ca57c201f9c3e765b22c6f
255	asm-v1-768d16bf92553595997d77a7	GCF_900480335.1	EXACT_VERSION_RESOLVED	VALIDATED	source_objects/GCF_900480335.1	1963123	c5848f59c3f5f3e2a542e47a2dd4544182b4ea8bcb442a49f72d8f05e24a5905	ncbi_dataset/data/GCF_900480335.1/GCF_900480335.1_17328_2_74_genomic.fna	5039848	ee508790c06b8b31b53ddacfa8fc9374d371a95f6578c033e5ff204754f48611	ncbi_dataset/data/GCF_900480335.1/genomic.gff	57d7755a273f7b115b6a387a4042e773b853abbc648d16996af805f33b209475	ALIASES_VALIDATED_NO_TRANSFORMED_GFF	canonical_objects/GCF_900480335.1	canonical_objects/GCF_900480335.1/GCF_900480335.1.pansn.fa.gz	1413941	95a67b4cdc3dcd97cad0f5774f6b42e39829e2ec792801a9aa65f6dc7bd9c756	6507ddc09d65eb45b5baeb514ebcde2c26c9406223f4cb18a5a83cbb7c937ed9	1982ba2e717a0e72b5df6cae52cf25da739ff58deea3189ccba11d4fd5eaf615	5e1cb456213b78be97e2abeea8e7279f442b90d34d119c396c6dc10b2077bc0d	94ad08d9183a8a5fb5820d52d0e6a5c5b13d11a5c63b8892760f385d4281ab6a	559d5e46dabcdba20a3d1123e91d57854c3d08a3766d965dc4ba6026d69f671d	54	4973176	INSUFFICIENT_FOR_RANGE_RESUME	.	.	1	0	2026-07-25T01:45:36.798770Z	172c67bd63f9096a600d82cc20a19e7ef853817db6a7ae90ca215c4b41f65d47
256	asm-v1-ed9ec5cfa5f50955ee309979	GCF_019104435.1	EXACT_VERSION_RESOLVED	VALIDATED	source_objects/GCF_019104435.1	2163998	c138ab4787fedea415165355abf4455251a87cc14ddcaf99bd69dbdf6a800625	ncbi_dataset/data/GCF_019104435.1/GCF_019104435.1_ASM1910443v1_genomic.fna	5509242	0d3f771bf36feef426471efb036702b85ca5c8ccc143ce0856986fa5b5aec868	ncbi_dataset/data/GCF_019104435.1/genomic.gff	bbfb7124986e66a9d5e00faa330651045a76e167a338fa7ce2bfd8413b160d4e	ALIASES_VALIDATED_NO_TRANSFORMED_GFF	canonical_objects/GCF_019104435.1	canonical_objects/GCF_019104435.1/GCF_019104435.1.pansn.fa.gz	1550928	d88a5e8442ea1e9885274cd4fad26ec7c2e6f29b870592baac77b1147496ecf9	45343102c7eda662fd93ea28f5240f899bae9a505ef5725ea36bc57ba072019d	8a966eb5765ea61fdb865ee7ae374e20cc07c27fd99c286b71bcb5c05f4ebc2f	3325b065643226554d22e07ca1567875e6b98ca2e340c1341b62196eb2ff7163	d2528b012123b5bed580e3055ebb4db11ead62f66f4a2f99cabfc42b5663bd5b	8beb1e8a7886662ce5ad05996a601e7a1bed3f0caea466441030a9831bda87e6	228	5413818	INSUFFICIENT_FOR_RANGE_RESUME	.	.	1	0	2026-07-25T01:45:39.673062Z	59036fe0a4cf4f1093726290a36a0ce7ce19e45a3beb43d4d310115c1a474919
257	asm-v1-4776c24df11c745be4519bc1	GCF_001638135.1	EXACT_VERSION_RESOLVED	VALIDATED	source_objects/GCF_001638135.1	2134799	1d67cf6c71bcb8fb87095e7f9a23a0317a5a6bd7a8a7ddba39457cdd1d16be5a	ncbi_dataset/data/GCF_001638135.1/GCF_001638135.1_ASM163813v1_genomic.fna	5477925	2fc8c84d32fe399f51529515dcd714afe1e3a45c907f31b146798fcbfc4ec180	ncbi_dataset/data/GCF_001638135.1/genomic.gff	9fe777e3a3a59a40e6260c5d6b693e2bcd59a0ddfb2bc742198ad2e283258b55	ALIASES_VALIDATED_NO_TRANSFORMED_GFF	canonical_objects/GCF_001638135.1	canonical_objects/GCF_001638135.1/GCF_001638135.1.pansn.fa.gz	1538276	7494b63b6efafb7b818c74337ed5bc02ab7a0d20b27b0252e7a85ee29e0a67c4	b63698f39efdaebaea4bb1bfc90c1701155b6f1e165511e8670de0c9177e4cca	413696604cab2b9c66ffc9949970998ef7eb7b138a1df078be93655fd74118ed	e81f3f9179d7f339ba0ca9906603d66c1c45986ef98c3e36352074f8c5e7d990	3cfdc39ae6e607a3340f3d8d32c28947aaea9f53f3241f2f2d39ba941b9c7d48	a4e1ab09fdfa1989f9c1f084491f88ec76ef8b0b424ccd516aa1e58cf2d06ef3	254	5387206	INSUFFICIENT_FOR_RANGE_RESUME	.	.	1	0	2026-07-25T01:45:42.586964Z	11815e2b988442bbbe5d2534c60de0f366a1a4bbd560b898a9b43bbabf15aac2
258	asm-v1-0f01314c322ac959500299df	GCF_020786115.1	EXACT_VERSION_RESOLVED	VALIDATED	source_objects/GCF_020786115.1	2117658	c0a01df085150d5cc904dc1cfde96aae4d4642f155dfda2c067868ce09be601a	ncbi_dataset/data/GCF_020786115.1/GCF_020786115.1_ASM2078611v1_genomic.fna	5437012	d154a921eb67333a42e6961eef52dd8e9cca53b2509bc4b1cc65b49aef8a9e0d	ncbi_dataset/data/GCF_020786115.1/genomic.gff	e1cbec550935bd212739705d6d4f0b9942e01f210543403c0e447763b91b8792	ALIASES_VALIDATED_NO_TRANSFORMED_GFF	canonical_objects/GCF_020786115.1	canonical_objects/GCF_020786115.1/GCF_020786115.1.pansn.fa.gz	1529808	574b6c8d7eac576ecccc8a8797114339ebf8366905a0afb966f7307d1605b46b	d1c918f3f415a69a2b0b47e28f956ffcdb14950814192f5410cc3f090052e44c	13f9785392324eda469abfea2c6e742803a9e92394ef3b5b5ddcb1a6774a45d5	5cb54e8bb3eaa3f3e1eca280608835557d012c66732140f14388097e1e3c1499	bdf729c85507d913ff372948cc90725ce0e7fc3255165bf192c7b0f55ae48e22	d6a0a94ce063a32c990e7800afd6dc6e6947ed7caca56896e971fe02b352b1f6	186	5350986	INSUFFICIENT_FOR_RANGE_RESUME	.	.	1	0	2026-07-25T01:45:45.250635Z	2ef251fa4d62f08ef3ce9f23f1dd0892d6953816f306c8626eb843a8497213fc
259	asm-v1-42d4f9428bd8b819edd0e8b4	GCF_000773575.1	EXACT_VERSION_RESOLVED	VALIDATED	source_objects/GCF_000773575.1	1962069	b2f20e73df4883cfafdeef788d45466537b5887a02096bf627e846955d12d4f3	ncbi_dataset/data/GCF_000773575.1/GCF_000773575.1_ASM77357v1_genomic.fna	4965553	b6d3537703bac9ed241e69f14cb071e9a1b50048128cd2944b74f09b0ad41ba4	ncbi_dataset/data/GCF_000773575.1/genomic.gff	4d6f4cb9c32e52da2d024de195b5b5df5989216c1cbec40af9de68d35ec3d963	ALIASES_VALIDATED_NO_TRANSFORMED_GFF	canonical_objects/GCF_000773575.1	canonical_objects/GCF_000773575.1/GCF_000773575.1.pansn.fa.gz	1397262	ec9fa809d0df80880f92576ca4e36e97d4376d133f3d60f63db0ea19ed80b07c	656a5b0da98c35a10cf864e5da8bf2ad4f66ea48159134f54639cf9b573031e6	1edc68b3ed861bad724569bbbda3265a8f497168e9d8fcb96f9efb2283be6359	bf25dcf8f4e783a0acc93e5a1dce20fd6c1ea61cfc41222dc671d9896a8e155d	c6ea72e1e0117ece069fd83b17d53304b1816d9fb62fcdd7be88c9cf006d0d1b	306e63fcfbf1446a29dc0025f73768bf45755d16f8943abc987b8e84f1d74194	309	4872979	INSUFFICIENT_FOR_RANGE_RESUME	.	.	1	0	2026-07-25T01:45:48.245151Z	77e129516e663b618254d515b7214621880b47852af13c232ce5e526816ab794
260	asm-v1-d57b682a832268f12fbd1503	GCF_000267105.1	EXACT_VERSION_RESOLVED	VALIDATED	source_objects/GCF_000267105.1	2181163	fc20872474104a8b34d1c93638e91170856b6365155430c60800c5bf6dc22be7	ncbi_dataset/data/GCF_000267105.1/GCF_000267105.1_ASM26710v1_genomic.fna	5600058	6e25dd746451169bcd20592ec32bd7a08c76931de6af24696152cea2cc704a8b	ncbi_dataset/data/GCF_000267105.1/genomic.gff	87386e99a4f209f86a764eebc5532256f88bee8a7ba647488e7b5bd765e81163	ALIASES_VALIDATED_NO_TRANSFORMED_GFF	canonical_objects/GCF_000267105.1	canonical_objects/GCF_000267105.1/GCF_000267105.1.pansn.fa.gz	1571211	c1aca0086b89e827c095e8193344501d09b427a315091407cde69cae4a2a60b9	0bffbc052811e0a4d91ac2ed4378dd4538ca645ea6628397a43f06cc90948138	b32ccb92991a0e4508ee1b0d46836262a7bb415eef76b72264d0a81d5072d99f	a82c0d15c5a26d45efb0c3f5868fccfb80910b3608a4ea249d63accf4b27b570	8043340342bc8697f51423b6cf60b5947774ad72cb79df85a8937f070136bc76	b9c09317e7bd413abb5e31f4de00861a6716752a59997f47b504be1774d086a9	66	5525229	INSUFFICIENT_FOR_RANGE_RESUME	.	.	1	0	2026-07-25T01:45:50.604587Z	774863d14e8ef0d0f483eb89b3add1db1763181399e9fb24b369a40acb5ff255
261	asm-v1-c03f5c5ccf99e5baaa2e8f50	GCF_008389185.1	EXACT_VERSION_RESOLVED	VALIDATED	source_objects/GCF_008389185.1	2073683	ac83021f625f8508a0b32e5eddeea20e370f108c86b9938794cc664204a66006	ncbi_dataset/data/GCF_008389185.1/GCF_008389185.1_ASM838918v1_genomic.fna	5290753	1433c5a7b8733108f63eb59b6c8a0dd254c87ef958667df1f7e4bb47e81d0dfe	ncbi_dataset/data/GCF_008389185.1/genomic.gff	3e778c65a67307ef0f4bc9dc781e0c0a640847f6105a59bc779966f01f78cb5d	ALIASES_VALIDATED_NO_TRANSFORMED_GFF	canonical_objects/GCF_008389185.1	canonical_objects/GCF_008389185.1/GCF_008389185.1.pansn.fa.gz	1491244	cdcf85ddcdd21bb39a70c292702ecca8bb81d72b80782e4ae3996a9bc0ec6ead	f7ffaa83c61eee9f7c5020346cef4a019b619800caff322297f95a19f68d187e	d466516244c88277ea079c3555ebf27bc8988a8392d281f00bace02ca7a88989	1a963732d10e5481c88ca8cef1f76a938604e43c21d54459262d26e483ee8715	23a55a78b4916fca36a0e00f5ac1b26e9db8b28e2703248b231e8c85abbecf2a	5440a86913181ca9f9654d49b49aef7273bab558bbe600521f235abbd5150ae9	121	5213417	INSUFFICIENT_FOR_RANGE_RESUME	.	.	1	0	2026-07-25T01:45:53.100803Z	fc9d75c8c499466f57cf71ae284c93620181d5c3d2b1c869a8bd6679a807f3e7
262	asm-v1-23c6f96eef9fec00ed672ac6	GCF_000753155.1	EXACT_VERSION_RESOLVED	VALIDATED	source_objects/GCF_000753155.1	2081131	d70ca670c86465f56134aa30bbfb0ba31feb7a3ef151ef453857e13f8e2f148d	ncbi_dataset/data/GCF_000753155.1/GCF_000753155.1_FHI88_genomic.fna	5322282	502ed36b2f8d8e837b33e598546bec8d11d4d5521aebedc20c97f693a4027476	ncbi_dataset/data/GCF_000753155.1/genomic.gff	ace1319f1039de950c67bb876f4f00f4af94bda389e45224bc46d624696c8465	ALIASES_VALIDATED_NO_TRANSFORMED_GFF	canonical_objects/GCF_000753155.1	canonical_objects/GCF_000753155.1/GCF_000753155.1.pansn.fa.gz	1498936	a9479a225408660dbc1cda0a45628049e935a5e467790457ff75badef51e5feb	592cfc19b6e0dc45de6036c9f5f0a938fc6d68818bb6e9e8dd950a350109c620	fd627b56000c6f10d4e91530d0749d26c15833736c6e8f56465eba0f7711f618	88c095cddb0083206533a79121b337489341ed74bd78017ae7cdd2bfcd4fcd86	257a4e4ce364217d68a07b3321175fa7e9f5afd74004b58ab5197f29c110fe58	fda251640ed32cf4f43f27397f6dc2fd05da586b62ee1067dd2ff78b0508c984	189	5241544	INSUFFICIENT_FOR_RANGE_RESUME	.	.	1	0	2026-07-25T01:45:55.817058Z	77e8c0389d2ca8acef8729fdfaee1f8956ecb3229c782a88e9f5e5b988048bd6
263	asm-v1-bd37a05c4725b3184ca2f214	GCF_902505045.1	EXACT_VERSION_RESOLVED	VALIDATED	source_objects/GCF_902505045.1	1996008	25c8f87e07119fec3fc1d3254ae3d7a286ea3f59888aee13679d99e82f00ee2b	ncbi_dataset/data/GCF_902505045.1/GCF_902505045.1_V47D42_genomic.fna	5089148	b92e8f6c093dec97588766059f7638ad619c033c35858a0ed98c674a938b7abb	ncbi_dataset/data/GCF_902505045.1/genomic.gff	a9f7d0f848122f24f9ff5d39c7915ba9efcbab04a856a50c2418509103cb19ac	ALIASES_VALIDATED_NO_TRANSFORMED_GFF	canonical_objects/GCF_902505045.1	canonical_objects/GCF_902505045.1/GCF_902505045.1.pansn.fa.gz	1437653	fbf1fb7b7f9a6bc8306fb758e764546937537adac2d6123d673afc37c2b6ea2d	de8532a705e87cf29ad3fbcfd39a6003e50aa02e78bf2f6b7bca8b3cb61fde61	38b0c0732a0964ae982fcb4d3760e5e440e9568a5980f9d1968159b72e6a4c77	9906eabef8072837c63db2b6affdb044d81cbb532c61e2828bede890d22f5fa0	e9df8d5b1c9234b020161900f740f7a34348f4fd57a491d943a1b797e506776c	6681165822b4605189deab241dca2bd820a8744b895676f43e91823c92a6b253	301	4998818	INSUFFICIENT_FOR_RANGE_RESUME	.	.	1	0	2026-07-25T01:45:58.883350Z	80bd4937d94ed39afd7577d48613ca3d18ed4c71655cc438d51b120344519800
264	asm-v1-49df749027aab3002e60f147	GCF_000249175.1	EXACT_VERSION_RESOLVED	VALIDATED	source_objects/GCF_000249175.1	2036845	839ce6bce48e524c7d00d2c7e59fe952faaeabd38c984b1bd63a2c4930856bd0	ncbi_dataset/data/GCF_000249175.1/GCF_000249175.1_ASM24917v2_genomic.fna	5203727	c40f25c2f73b1a34a44ad72fdf233935f2973f4df98d63b4b1a25fffb24c6de1	ncbi_dataset/data/GCF_000249175.1/genomic.gff	0c347cdc428d482958adae09a14e21217f31d90bc6b7c74631159d25fa8fc0ba	ALIASES_VALIDATED_NO_TRANSFORMED_GFF	canonical_objects/GCF_000249175.1	canonical_objects/GCF_000249175.1/GCF_000249175.1.pansn.fa.gz	1460417	f411af1310d6aba995c64cc7eb77f0cb05eeacf03fe099279a4c1d70cab4ad0b	b118ed89135506e8a929e622d811882ef9a35ebf07aa900de6705fb71b3e8d18	f5a426b49a34f65389732fca277dd178b7b136006e14c4662a5dad0c33f176e7	0cee372fa8764f3c14f0cda906767b5207e58f52d9d594d95b394b58c3b14ec5	45e7fee43cbffea3d92d9e54db5784e8537f0242cdc78e6946138c6b0371644b	f85354798b47ac00bc38091e0bb6d58f7b2c51497dbb79e88857c1798b0486c7	54	5134451	INSUFFICIENT_FOR_RANGE_RESUME	.	.	1	0	2026-07-25T01:46:01.054052Z	c48a8a5b3aecc3449ad4e48197f9ca4de4fa8fe0b1c193b3220fd6a5e014e6ce
265	asm-v1-30d91a67b662c22e304d60cc	GCF_005393525.1	EXACT_VERSION_RESOLVED	VALIDATED	source_objects/GCF_005393525.1	1967320	6d0c8b9880b5cadbf2d0edd78e70a0aeec7cf0bf4c938ccaf66acc017fe7a3d8	ncbi_dataset/data/GCF_005393525.1/GCF_005393525.1_ASM539352v1_genomic.fna	5026840	f7514e1072548046a48d81a0a6ad4d5e7b6d97e08a1c5e6c3c349a4a95ad0e68	ncbi_dataset/data/GCF_005393525.1/genomic.gff	f39f08c517f3abbf9c5c491fbb1885199724f526c001d451b875d378c8adc8ea	ALIASES_VALIDATED_NO_TRANSFORMED_GFF	canonical_objects/GCF_005393525.1	canonical_objects/GCF_005393525.1/GCF_005393525.1.pansn.fa.gz	1410855	abeca345617375c0034b0d5871ab60843a85e965848a22bba205b93c6f2edda8	212e2d83922dbb678bacc16deab5bdeebe3ccb88f6d38357ff4396cf2bfc07b2	99708c6b5e02a8d5efe4fb04ed364d574f538221a2253ad0a48c9a54f7669fb4	93a1231c4d115588634e3912a7b02523902261116e7388c296facde9f94055a9	f49e49b94753d6030935523c18838f505d72b37fe6bce149a15b957ac4ad7ffc	3b86bf3010d9b4470a3ba6c1185ec42b475f7d8278e3bb592120467ae0505eb5	92	4956196	INSUFFICIENT_FOR_RANGE_RESUME	.	.	1	0	2026-07-25T01:46:03.210435Z	23cddb46d31f3a4fb414dd655720cd14721f512812d23447c09adeab21eca221
266	asm-v1-19d5772a9ecdc4e627e3a02b	GCF_020162325.1	EXACT_VERSION_RESOLVED	VALIDATED	source_objects/GCF_020162325.1	2042997	cef173f846b66d9f4c5aa892dc9c93d549016d8e69e920b99938738de6ca0af8	ncbi_dataset/data/GCF_020162325.1/GCF_020162325.1_ASM2016232v1_genomic.fna	5208062	64b2ffcd2c77491aa9b1f60ca239c78bd736792a23e95edbe33dc76b9da16f96	ncbi_dataset/data/GCF_020162325.1/genomic.gff	ac02f7bb08bb09d915370ac027144d7e21bb337c58dd598e327744656f8563a7	ALIASES_VALIDATED_NO_TRANSFORMED_GFF	canonical_objects/GCF_020162325.1	canonical_objects/GCF_020162325.1/GCF_020162325.1.pansn.fa.gz	1472267	8e4793febd0924d3c03ee9dbb6d298cab640b48c55fac70fa1d1fad12bf4f1dc	f7d3908091c73e3375cd49165e79cc38ace160a3299ca0b9b4f2a9aaea722941	857e37ea5de226fb7b92781632082b9af294ce475246dd288d01f99cd59d2a73	45d34780f902bdffe7f77b7f7487c76b874f962e247c53a74d07a6eb7a5a7911	c609db9e466b94d293d167cecf223b65e28fc8bb13db7aca64012abaafd893f5	937bcad42f82bbe4aeea06fda1775ac013a2cd343548100558d451c72cb202f7	225	5115120	INSUFFICIENT_FOR_RANGE_RESUME	.	.	1	0	2026-07-25T01:46:06.067105Z	b4893c9bc37dec205f1547ec6b86ce68cc9dc0643cbe63b148d1bc68221bb6cd
267	asm-v1-a24edf952db79e3913d9b826	GCF_003306715.1	EXACT_VERSION_RESOLVED	VALIDATED	source_objects/GCF_003306715.1	2010247	0c687b3be382cb6688964eb9b6212957fd195725164626e31e46dbbcb85aabfb	ncbi_dataset/data/GCF_003306715.1/GCF_003306715.1_ASM330671v1_genomic.fna	5174608	ff73859e8d7fd3d4afca00dca59fe4b110b6fb63100c5497fb7f82901baef9a5	ncbi_dataset/data/GCF_003306715.1/genomic.gff	cfae28fc2d2e5e48afe33d875abf3425fbf14b9cea1dc40463411ad3907d27ad	ALIASES_VALIDATED_NO_TRANSFORMED_GFF	canonical_objects/GCF_003306715.1	canonical_objects/GCF_003306715.1/GCF_003306715.1.pansn.fa.gz	1451523	1b0107a38fdb827b83ef557afabbc81ae42ee1d6ffe81e57f520935f3b501efd	a75eddde8097488335c941be8eebc8d33e11099c080c121652f82846ab58bd2e	136a2883d2957051c6e2e1320acbd8f5c6fdc66d79da9d754771dc237b9c9e44	759967c11a8639c92a56eab67345c78d66bd8ae92f0c2054c8c8340997e206a4	abb0adc22cd3d5ef99fbae7bc6eaed925d431b90e28468bd8d56616a136bcc9e	301d382979193ba4f8cc676a7d877d71c95ee8e5800b05607cc6ec0a14658c3e	102	5101106	INSUFFICIENT_FOR_RANGE_RESUME	.	.	1	0	2026-07-25T01:46:08.311006Z	b63c0345072ed3794bd9eb9048f96f1e06f35d01d58cdef11f0da4e55b9e5fb6
268	asm-v1-867b57e7bbb1826b15ea7193	GCF_902705595.1	EXACT_VERSION_RESOLVED	VALIDATED	source_objects/GCF_902705595.1	2094175	6f5ff999bf5054f64f3c2d0cf3ab75661cd89957bf97609a6fabc1fa075298ce	ncbi_dataset/data/GCF_902705595.1/GCF_902705595.1_21839_KR2730_genomic.fna	5340801	37a72ab18c635461dd9cafaf31cbfb13aaf79142d3c9f4f84566370bb569e4ae	ncbi_dataset/data/GCF_902705595.1/genomic.gff	68cade992797559bb20749fec04537c2723949fcbe231819a1f7a87262bfe624	ALIASES_VALIDATED_NO_TRANSFORMED_GFF	canonical_objects/GCF_902705595.1	canonical_objects/GCF_902705595.1/GCF_902705595.1.pansn.fa.gz	1498654	75327906ad22b16e29569e1ef6b3ceb70c8a5b3d16a631145e2b84524eb98208	8a70781a84b475f24aba5a2a92cec9d2d22db1de087e95ca8014b1899b9f4c13	fbb1424a1b5a23ea3176c913287f6b6be69234174203d5a761f4de0b9c1b7ca8	53b82d720bea5f65f153e8074930af790dde5e04ffb0c2cf970eb893d02dde4a	e1b2f40f92d718e1165cbe5fbb2019866257ab56d30b799b9e6a1ca638e9d34e	4c6aa83f2a2321137764175ef5b0f23d36d731d83d82afadfec653ff0b757e53	220	5256280	INSUFFICIENT_FOR_RANGE_RESUME	.	.	1	0	2026-07-25T01:46:11.040939Z	c459749723d393672670c5a10e54aa17d44fd50034a20ee05ccc8dbb0386a1ae
269	asm-v1-98889a94678a2c59bfc3acff	GCF_900500585.1	EXACT_VERSION_RESOLVED	VALIDATED	source_objects/GCF_900500585.1	2019799	2ff5cd69348b6801a506adfe6f79133604d1f3931ff6117aae48b52aed3c03af	ncbi_dataset/data/GCF_900500585.1/GCF_900500585.1_547A_genomic.fna	5175993	1a33296a34e01c06f9d618668e7d787f14c893920618bff6547e7ed78c56799b	ncbi_dataset/data/GCF_900500585.1/genomic.gff	0bf1836c319244edc651bc12f570905cd6bdc86a72b37e530cd0bc552697ad3c	ALIASES_VALIDATED_NO_TRANSFORMED_GFF	canonical_objects/GCF_900500585.1	canonical_objects/GCF_900500585.1/GCF_900500585.1.pansn.fa.gz	1458947	83901d297e84e5c0944ca9ddd1aa05c08e3e648f923f8c31d480eeb953a0f760	27f46c5c523e2aa3e82f7c2f4e4a45801123ea0a1c9001c911cb2d122972cdcb	e2d8c786f0041d0246cdf852d5b17784e514bd587b69165fe8f643fea681a7cd	fab9953ae7d7f71d112a1e03c0f44e088de3c442faf085df56b56ac4555a62d7	2aa768887b3b0651da8ed7f8aef0a20cb60c064c9425678dccaa3b790a72f4a7	b4fd8fa32a78c3789cf6f449062496a9bbd58d804defe389f0a3681c6f35c11d	244	5092697	INSUFFICIENT_FOR_RANGE_RESUME	.	.	1	0	2026-07-25T01:46:13.956947Z	46fa2f8153d2cf8d2b42e45528cc33d138286b44f7d08b0c1d23f306272b94a6
270	asm-v1-0a79a08f6bf844da60ce6d16	GCF_004960695.1	EXACT_VERSION_RESOLVED	VALIDATED	source_objects/GCF_004960695.1	2124252	5e6975680551ff5cd5759dd7fd1efe3bcc2c575cc0cb2d1f3cf5723ff21e66a5	ncbi_dataset/data/GCF_004960695.1/GCF_004960695.1_ASM496069v1_genomic.fna	5418154	05df40e72819101128ec360b49bb49c30378a9dcd8a0ced459c1f7a21d44c238	ncbi_dataset/data/GCF_004960695.1/genomic.gff	93397a667b5747522fff236a55845584d6af5ddc5ef2fc1bc5e750b9e1a67e5c	ALIASES_VALIDATED_NO_TRANSFORMED_GFF	canonical_objects/GCF_004960695.1	canonical_objects/GCF_004960695.1/GCF_004960695.1.pansn.fa.gz	1523173	7f1eaaf8503add6052f53681ef18544d4b8f0cf4d3059873151bb142a9b167c6	2c6249dde2f01c49119f21cb6006116934ae71f4927b2ea8503037944130fcf4	3aa1571d0b1e765ed9ca15c5ff98fe3c93a73fdd2a64df0db510acae0bd4a08a	037b5412c7991dda92fb241761f991078cb2d105622d185745ded97e3ef9a291	6a649881241a9a18e4506afc4e9583d0060f141c5fc3057f4e672569b1f607f0	f64d0e811694be3010a53704d49e8fb4179ea60edcd738e7b27f1695f1becc40	148	5332838	INSUFFICIENT_FOR_RANGE_RESUME	.	.	1	0	2026-07-25T01:46:16.395796Z	770ad58a8f72e35b3822c8a133ec475096384e112c5fa005da38e7eabba64e49
271	asm-v1-440f626bd12d8bcd30143187	GCF_002515365.1	EXACT_VERSION_RESOLVED	VALIDATED	source_objects/GCF_002515365.1	2122209	c1cd1adadcb4348c155b02139315527cc0ddc9f8030794934f49cc8a2204e913	ncbi_dataset/data/GCF_002515365.1/GCF_002515365.1_ASM251536v1_genomic.fna	5414049	eb0f3eebf23f85efabb2575dc1dc1c059ca9035a4022a48467ae6fd7ed36304e	ncbi_dataset/data/GCF_002515365.1/genomic.gff	0845e04e3b94d92fb927fdb00a6e2290a3556ce9c439252d73add8c659b2ebdb	ALIASES_VALIDATED_NO_TRANSFORMED_GFF	canonical_objects/GCF_002515365.1	canonical_objects/GCF_002515365.1/GCF_002515365.1.pansn.fa.gz	1519861	80d8965ef3c1acd5ddd3ed6001c94737e9f77c7785c87bbb4310a64e84558cf1	5ad69781dfbb3695509ae3215911871f1ea508798a8791ea46e161260b895874	c9f61561307ee223e5e73533bdbbaea68c2e4339f07d14da34267af7d13d567b	108b74c606c9ac7ee5bed6b7f2c070b83c327b814f0163f901ccb17ea908930f	2e3737a438443e9e4e34b642e36c388739345e5fd0a4e4ce68a9a3b0e5aa7cca	30cd247f66f16ba0d2bd029a875bac1d373d8fc37b2073c5cd5cded92c77ab8d	233	5318231	INSUFFICIENT_FOR_RANGE_RESUME	.	.	1	0	2026-07-25T01:46:20.298782Z	8cc3a5351404e12dd7f378a89f8bed82e0b9d2630c4fe7bdcdedab137c1f81df
272	asm-v1-88c15c14f17ec5bb011a8f9d	GCF_900479335.1	EXACT_VERSION_RESOLVED	VALIDATED	source_objects/GCF_900479335.1	1868243	c8a8d6f789e9b2660e47b1f315a43b10d11a3d7db38deaf0bd0e09b606ddc100	ncbi_dataset/data/GCF_900479335.1/GCF_900479335.1_19084_1_54_genomic.fna	4799501	0bdd0a3a173a55d7974202075406051e73081f07d10b8f32bc596adfc3bb8d51	ncbi_dataset/data/GCF_900479335.1/genomic.gff	9eec6a0252c9e82df4da73af9bf6092dbff0de74334d23e7f5cf6803962bc1d9	ALIASES_VALIDATED_NO_TRANSFORMED_GFF	canonical_objects/GCF_900479335.1	canonical_objects/GCF_900479335.1/GCF_900479335.1.pansn.fa.gz	1348100	15f4fe6931b70fe26fee18a1af73da2984d1268bb2cf5efc267606b2e6c9e04b	b70eb5ef2545b8ea82d361705b59ff0959c82c87462caa14aad35b163a5d083d	519aa172979c5991df17dcb41ffeeaeaea7159d9cf34653e42052212043ebfaf	e0674d24c85a5c3293abc981e963612435ea2746f9f3359bda93429d24e49b72	65e5aa5809cf85e80ad503d1154b088156035baf9d1ba414353396d65b0fed7d	9ea88babedcf9640abd99769237704af7b71217341beed15999d205b8e04e977	33	4737526	INSUFFICIENT_FOR_RANGE_RESUME	.	.	1	0	2026-07-25T01:46:22.444174Z	cde5827a42872fa8293d7f513bb19dcbb5518840ebd7dab4581ead06fb732012
273	asm-v1-c2d70e5b3877dc8d93595966	GCF_015731485.1	EXACT_VERSION_RESOLVED	VALIDATED	source_objects/GCF_015731485.1	1932951	68c49fe1ac28606f3c1d49e1fe8b9f58cc5693d323a041def0dfd1c81a8da856	ncbi_dataset/data/GCF_015731485.1/GCF_015731485.1_ASM1573148v1_genomic.fna	4918256	0022cfd99e12143d48ebe3fc9b78cc76a90861a95025e22733f756c65315ba10	ncbi_dataset/data/GCF_015731485.1/genomic.gff	471f2e56832e33a1dd6db4892d46cd23bc788fae3cccea38c5fb4e0d057cc529	ALIASES_VALIDATED_NO_TRANSFORMED_GFF	canonical_objects/GCF_015731485.1	canonical_objects/GCF_015731485.1/GCF_015731485.1.pansn.fa.gz	1386085	a08c61aa77143559d4155b370ccee0a1f79be2c73b5d91f36e5b5dadbbaca00f	c3d40542a85511e99e49fbe05a8750673fe148546e55b056a3d064db3c3138e3	2886877c41d1430be4057a3434cbb10521708a3a921b57da234a4d0d0c71864a	c776e42858437ad7067bd92d328e06e7aab220b434a647cf2fe853282d6ef852	8ad1d1c79ebeea0c83fa0fff0bac4c7e2b0c543fedf13b322f598a1ff54d5fe7	a1f748c26a2ae6028af4694c19b3c375264a8d3e1b755af6538687135883f6ea	170	4837640	INSUFFICIENT_FOR_RANGE_RESUME	.	.	1	0	2026-07-25T01:46:26.928860Z	259369780d51ec404889599e56b07743e13bc9f72aa9304a7c19b7f67d4895da
274	asm-v1-79248dd83d3d9d3b9eca811c	GCF_003000615.1	EXACT_VERSION_RESOLVED	VALIDATED	source_objects/GCF_003000615.1	1895193	d2bb5b88719411fb8b89b712bfc1e471ab645dead88d72dc48dae3754d10c6a3	ncbi_dataset/data/GCF_003000615.1/GCF_003000615.1_ASM300061v1_genomic.fna	4907245	8e4eb2cb26a5097af98a41d911a24093472a9c87f739a467c4536c01e9e36965	ncbi_dataset/data/GCF_003000615.1/genomic.gff	aa0e30fe55454e672fd7d32d7eea815070ddefcb8b84bdc58f9bc8b5e910f407	ALIASES_VALIDATED_NO_TRANSFORMED_GFF	canonical_objects/GCF_003000615.1	canonical_objects/GCF_003000615.1/GCF_003000615.1.pansn.fa.gz	1373139	0de591713278d54f5faa59191d2aafc94b420795142be0848c7d1d172f7ece13	516677a28edfa5110c7c1ad831ab6a9d16ce07f4d0f8a746f3be97f320e2d0cd	ace93c0f3605704ca8276d7f9f8107aebb13e10361873d4b2938c28fe7ad6b06	aa071977c9d276dbcc74c29862b0435be40bc6dcc1704fe744ed439cd52e3e93	33863a54cd2cd87b7c0f7f07e3d16835fc2220658202d68808599486385e5889	c07deb70ecf422d3acfbfd800123672278a3f1aa5d621f1efbf272c2d9707b29	7	4845968	INSUFFICIENT_FOR_RANGE_RESUME	.	.	1	0	2026-07-25T01:46:28.990717Z	c4da1dc4e03c69dc578c022725797e42c8517b44b3a443d6eb250ca1dc2c79cd
275	asm-v1-5add3116b9219622335fb0ba	GCF_000781575.1	EXACT_VERSION_RESOLVED	VALIDATED	source_objects/GCF_000781575.1	2024931	7aac4286d2c89390d1a9a5f46159f220280688f75edc72ddb81153489eee0488	ncbi_dataset/data/GCF_000781575.1/GCF_000781575.1_ASM78157v1_genomic.fna	5249499	c5879fee4fdde717008f076c52e725e3864577f25b4a72c7877524bdacbd9c9b	ncbi_dataset/data/GCF_000781575.1/genomic.gff	62fe133aa064ee0107e9e22400bb150e651b60175bdf54070bdc47fb07257d2b	ALIASES_VALIDATED_NO_TRANSFORMED_GFF	canonical_objects/GCF_000781575.1	canonical_objects/GCF_000781575.1/GCF_000781575.1.pansn.fa.gz	1480141	c59ded2e868bea38ce7c119b346f409c107f885251c52f995cc73df2a49da1d5	4fafbd22efb10d4f1d3aa7b72f6421a987e0f1293683879c4e439a0eac87a2ee	1dc0992db6634a1b2e2a6f77e92d4250219efe1fb83cc640a0a97401e9c513e9	fa0bd9d8d48bd87736b5e3f9f978647baa8627493af5e66d935fe26b04f4f9a9	cac53d598729a55d5ab7a3f9e919bb4c533074033b18b4114318d5d195c8b7de	88d1a128c3dc33b3908cc50c585e1630f8abc9badf9534b2161737706f4d8566	61	5177915	INSUFFICIENT_FOR_RANGE_RESUME	.	.	1	0	2026-07-25T01:46:31.226071Z	78933f1f8cd73b3d94406ebae4a0ae40c84f1d47b13e4e5ebd7c853eaa10545b
276	asm-v1-50914b2c8759af457b43ee2a	GCF_009832985.1	EXACT_VERSION_RESOLVED	VALIDATED	source_objects/GCF_009832985.1	1778868	13945b9e12316ddc8d1baa748e6158cdd143a445d4d862832777ffba26b4aa33	ncbi_dataset/data/GCF_009832985.1/GCF_009832985.1_ASM983298v1_genomic.fna	4587272	c8d24ae5a8415db923e1d492fe0da8c67d0cb60a2c06e68488adb657e1054bc7	ncbi_dataset/data/GCF_009832985.1/genomic.gff	a790e691f62782565af0fe590b504d600b88017149c826eb52e366bb86480826	ALIASES_VALIDATED_NO_TRANSFORMED_GFF	canonical_objects/GCF_009832985.1	canonical_objects/GCF_009832985.1/GCF_009832985.1.pansn.fa.gz	1282293	309bf3d064d569a32d7bf85b26019ab438bba6ba9e5ae8342dc44bfb31795545	5f0fe599960b862d5f1ce7c4cf1f9b24a6ca9a96b5dcb07b40c2a5bf811f287e	a46737ef0e6d23b0aa2b50aa146b67c94ea8dfb2c08bcf9f3a968b7b7078cb94	8bdb86b42a582932829ec19df13741e69ac336438eac6a0e5552fd18e260d66a	f3b7cdbc2f331fb1960ceb1b5b141a7251f5af473a9b9cecdf397d5efffe6643	65526b794cd5112e949fbe19c14d0af98c7f3fd4ecf547afcf9482dbb551d86a	1	4530564	INSUFFICIENT_FOR_RANGE_RESUME	.	.	1	0	2026-07-25T01:46:33.052577Z	606cf03c42391c491f65b2bc2931f226bad9d66b2070f1ded5b638ce2483526c
277	asm-v1-290cb22eed746f9ee9b7a10e	GCF_000355295.1	EXACT_VERSION_RESOLVED	VALIDATED	source_objects/GCF_000355295.1	2160779	6a752cf17ccdf2df46003e771c0f1ac960d4e89afa0f8cedb62d044e28f574f8	ncbi_dataset/data/GCF_000355295.1/GCF_000355295.1_ASM35529v1_genomic.fna	5556871	f8c59a3fb76996e8820aeb7d3cafb6aacb914a997ff5cbd9e1e7b047971f5f98	ncbi_dataset/data/GCF_000355295.1/genomic.gff	8775ebb127c93e19b71d8541032c6436a61bc5ae95bc282bac70eb29b4df8ae2	ALIASES_VALIDATED_NO_TRANSFORMED_GFF	canonical_objects/GCF_000355295.1	canonical_objects/GCF_000355295.1/GCF_000355295.1.pansn.fa.gz	1556702	470ed4bbae996e45cd0d6e99bb517db53a47798131a7cdaa0ec2e3a14a68ea41	b934d6124b9118f693554d98c784dbaf675a3d2105cdac67f8436f90e5d331ff	b14b489ae7dcef0175003ccc188377d427c77dc5eddda5afcfd352311a7a165b	2826fdd32953da1187c08e493958e2cb8e78ef72cbbde5834fabd90e5ba0a284	8a8c52577485f342e38d0df2678547e8ff55cccf67cfca4dc00fed5c2d06fc9c	4d1d353939c7e4f96ed73010c32ac2e30dff844d0a9c36dace1d1309ae8f8813	51	5483164	INSUFFICIENT_FOR_RANGE_RESUME	.	.	1	0	2026-07-25T01:46:35.332367Z	d16c8f9c7bde7c69b0d57696fddd62158d43d1db7429afde19ea46fbfe26cc98
278	asm-v1-51260a43254d97eb9630c009	GCF_916160245.1	EXACT_VERSION_RESOLVED	VALIDATED	source_objects/GCF_916160245.1	2029309	e4c7d464d690498bc080a8f2748dbfebc108b5ff2bb16045d76ee6013cd496dd	ncbi_dataset/data/GCF_916160245.1/GCF_916160245.1_004022_INSP43_genomic.fna	5259597	7f480b492cbf73852eacebd8f744dbf202e0711c2988fd1c06389914abf9017d	ncbi_dataset/data/GCF_916160245.1/genomic.gff	109fc10fa1f37a2643dd8dcd28025e387762b96b6f281d1c7b2afb149573d45c	ALIASES_VALIDATED_NO_TRANSFORMED_GFF	canonical_objects/GCF_916160245.1	canonical_objects/GCF_916160245.1/GCF_916160245.1.pansn.fa.gz	1472907	4f59a7ecbb2cfc5da878abda604df74eaeb91c625602c346160a90af302bc0d3	f4c1986131fe6eae4d310c164ba0b01abb4cfab0f20d393139efaf2642a2a380	61a5740c6f32c4d903debfe53aa72e7e350ab6489402b5c3b9fcb7f3b60df9eb	f06cb567470ab4f9458aee59c25cf5bd0b43dd7fbfa9c64533a13bb838656d0d	d6555cb94ea571c7e49a89dd6bccf6b030e314033418dee411705274b75fb3d8	213e2c7175fc558a8ac913f90d9b4edc5b243fe9c8c0991bbc60879601b18f87	151	5182364	INSUFFICIENT_FOR_RANGE_RESUME	.	.	1	0	2026-07-25T01:46:38.063348Z	4d1ea4e1e633f1fcaf0d16f4399d03168d2bc36a6738777a76cb0527a92dac63
279	asm-v1-e467281da1b1763eedd68b61	GCF_003360075.1	EXACT_VERSION_RESOLVED	VALIDATED	source_objects/GCF_003360075.1	2144278	2ef706da0771c16de4468f202b2375c5336f2f4845b4ef4b4085d4276ab97018	ncbi_dataset/data/GCF_003360075.1/GCF_003360075.1_ASM336007v1_genomic.fna	5469172	7792519d56135131750133355515971e5414e5427587d7383823a6199caa55a5	ncbi_dataset/data/GCF_003360075.1/genomic.gff	7c1660984dbd95ad52ca56e21883268e1deba80402c1231b581e339fb8b32c28	ALIASES_VALIDATED_NO_TRANSFORMED_GFF	canonical_objects/GCF_003360075.1	canonical_objects/GCF_003360075.1/GCF_003360075.1.pansn.fa.gz	1555288	513cbb44f9a3d107ac4fdacc7b8199c91c146d9e8f0bfadbd51a0cb60308414b	524878e3e2aa479944a9c9b367994ec079494ea679dfe3dce10709c3873522a4	b0f32e292e5ead4e18b101f08970545322ced487e616bb0782a7edbd61884cad	0e3716baba9c02a7d615b5cdb4e45acc2e3d1194006745ef2e39364070e4c415	423e3a819a986f28c200a948a99e7e5febb9daeea8cba8a32eef35c5886e3103	9a114933ef7c92dba217b3269be8a8df5a94b1c28ec4f18c3d618a7342080eac	299	5371484	INSUFFICIENT_FOR_RANGE_RESUME	.	.	1	0	2026-07-25T01:46:41.220662Z	e6dc0950ef3f5fc02cda247a6446d30057bd955aeb3bd80df92e66d2d72ae871
280	asm-v1-9357230709ddd13bc76e6564	GCF_000358855.2	EXACT_VERSION_RESOLVED	VALIDATED	source_objects/GCF_000358855.2	2072191	71e166b9cb0768fb40d2a2a9d607f6226ba75a4d612c0784e69816a2c3c54ecd	ncbi_dataset/data/GCF_000358855.2/GCF_000358855.2_ASM35885v2_genomic.fna	5284635	bcd1cd0a00ce13f6664db0a5387067dddf491503a834e15851e52cff8454e78e	ncbi_dataset/data/GCF_000358855.2/genomic.gff	cc4fd8b2f5e49712ab092cb99f24e8c02a46d4b8827c48e27ba8f2013c998885	ALIASES_VALIDATED_NO_TRANSFORMED_GFF	canonical_objects/GCF_000358855.2	canonical_objects/GCF_000358855.2/GCF_000358855.2.pansn.fa.gz	1487733	5a432490e205f046269d2252e87c2e19c510d317a27370d323071d15dc6b3148	acc249e98f037ce1c183d14ad8834fc9ca7fe5f50b56c9e61e2a29fef260dc4e	d3fb0794673bd2c27a7548a1038a90374f1e1e8dd1d4128b44af601546b0c765	30ec77ddc258d18f5fcc2692b33fbdd84bbfefee7e7fe647ff2525e863c926ac	351cedbac8f431b3126212876915a5a8e0ac6de90422ecbe7c97e2b97e2192e1	be2ff2dd09c7d80daa932625af55562ffc8c534eddfac438ab11612dc08140ba	135	5205842	INSUFFICIENT_FOR_RANGE_RESUME	.	.	1	0	2026-07-25T01:46:43.705685Z	a55ae208c80860acfcc43c97ebb0c6fc7ab33621b9268305890d563bbe31bfe7
281	asm-v1-558318ed742439fceb68aaf9	GCF_002535305.1	EXACT_VERSION_RESOLVED	VALIDATED	source_objects/GCF_002535305.1	1982360	b2989e9ec9294c617dffe29ccf319b56121f6b50fb595dd592b76e86c35bb92a	ncbi_dataset/data/GCF_002535305.1/GCF_002535305.1_ASM253530v1_genomic.fna	5102977	379adca07f7d4e2fd681c3c6e0a1859f04a8d060ed74820085977c0661148237	ncbi_dataset/data/GCF_002535305.1/genomic.gff	9f6351d3632fde0c1860f74d221094ca02a8a7e18d7041c1073c43a278c5dc42	ALIASES_VALIDATED_NO_TRANSFORMED_GFF	canonical_objects/GCF_002535305.1	canonical_objects/GCF_002535305.1/GCF_002535305.1.pansn.fa.gz	1434629	f9f1f4f22da04a1e4529b5768af5f44f1be10d36abc74058ea54133b8a5befed	7ec39d38b730c59ed95a6ab917974146fd179608e1c1516b5410681bf0dd64d9	a5af1eeda2f57babb393f77575a7b19daafa6f1395e1906ed56eb9118a67dc93	e1d3f765528f2e7565ac27aa0fc019ecff5492fc1e1c58953e51961748363d8b	c937637aace4269410ec5b6a45f0df3a45f781247d17754d96087696121edb84	3eadb4b56f8cb0d2131f2973d5005d2df64533d0029c992bb54c830b6b54d3c7	109	5026466	INSUFFICIENT_FOR_RANGE_RESUME	.	.	1	0	2026-07-25T01:46:46.866169Z	6e21ca287974d490c3d61c2409979a49f8ee678d173c86acccdbf500cdde07eb
282	asm-v1-67da02a897b87fd4da88f9c1	GCF_000408345.1	EXACT_VERSION_RESOLVED	VALIDATED	source_objects/GCF_000408345.1	1944347	7369dbba3219f69e2f0db2fafe3d9ccbf8c59fb38ee09a605f92e7cb5242fd5f	ncbi_dataset/data/GCF_000408345.1/GCF_000408345.1_Esch_coli_KTE61_V1_genomic.fna	5092915	229282427f74c11411f34177d4edced723b974fb63618cea0bf4f501ab156e34	ncbi_dataset/data/GCF_000408345.1/genomic.gff	63ba25cdda5bfdcd74cf860db785dd8158b922c6014a152ffcf4c0d3fbfb6925	ALIASES_VALIDATED_NO_TRANSFORMED_GFF	canonical_objects/GCF_000408345.1	canonical_objects/GCF_000408345.1/GCF_000408345.1.pansn.fa.gz	1405062	d8073d22e026a5c03f72b293a82bcb03dd1f72f04c2c5ea8b4add2f763c40a52	5f72d95511c8abd2ff1747efc42ecf353ed504d575dfdc3674936c7c6b33dfbc	1aebb31fb7e9a5cd207371fb0e9bc382cf62adf4dcdaa962746f91c727741e3d	303e05601d2a4ad233b4fd9bc9487da574894fffcfbd6006ed8121f27bfbe640	5675d24b4aaec33bdc2a18ac15e1d90b96b8c53c29b6cd501becf17220c7f2c8	648e32e494054318a2198e9dc7be279189f535fa829727d03c0858df17a64758	10	5029164	INSUFFICIENT_FOR_RANGE_RESUME	.	.	1	0	2026-07-25T01:46:48.974499Z	5863fe79030cbc9941ed6740dc72823ffa32367034e66ae5b182cc5b68142810
283	asm-v1-bbcbe6071ff2c3f9c7695392	GCF_001893525.1	EXACT_VERSION_RESOLVED	VALIDATED	source_objects/GCF_001893525.1	2120239	396a106494011671c66f49136a811af3de0e73f40021454b01b248d549f13266	ncbi_dataset/data/GCF_001893525.1/GCF_001893525.1_ASM189352v1_genomic.fna	5410823	88ffdf0216564d4ad2f16ac0bbea76bd853bb5573a82c4dbafff4a4e96327aea	ncbi_dataset/data/GCF_001893525.1/genomic.gff	6b2512b8b0da90b2af2fc478cf1afbf5a3e6310847eaa714e7ff17b46a5c74fb	ALIASES_VALIDATED_NO_TRANSFORMED_GFF	canonical_objects/GCF_001893525.1	canonical_objects/GCF_001893525.1/GCF_001893525.1.pansn.fa.gz	1523815	05716701f2bc85ef22ba65b1d2b91c9cccd009379b9aaf5c676beb0c8cafc078	e9a659198a69672066ff5040c943b1bea0b7cff50fb6f64aa0a1d1d503ae71c7	96c60cffdbab63bd487f89c193d5ac1c7145afd8b8bf5659d2cc0aa4b043ec67	cba2346a80fa18e36cdc96d6311c65adf935b1a48cccf5475e325ff0106154ab	792ea5d4e137acae20f56a7cb88d77ec0d0a33817725d92dcbe50bcf865de7d0	c7aa3a24bc31100ca9b31b2e0f093061b79559b4e474e73650ab5a08a83b6772	169	5326019	INSUFFICIENT_FOR_RANGE_RESUME	.	.	1	0	2026-07-25T01:46:51.832806Z	4dad4e9c01002dc940fc685f07d526257f75d807b6108f467368040e380981c2
284	asm-v1-77c60127224b5c9d5253f12e	GCF_002231955.1	EXACT_VERSION_RESOLVED	VALIDATED	source_objects/GCF_002231955.1	1971692	1adc15ad3ebba29174ae04f683edbc06f370913eb068d97b8cb86021d13d26d6	ncbi_dataset/data/GCF_002231955.1/GCF_002231955.1_ASM223195v1_genomic.fna	5036227	6504ad9ab3cb8d9a6010b803ad8f6e74da2c2895df45c9fb7bbe1e3f09e36d25	ncbi_dataset/data/GCF_002231955.1/genomic.gff	99f5f8e0bdc233da468b3e71eb07876f2bf88ac95d2e3246b78a7939ce955bb4	ALIASES_VALIDATED_NO_TRANSFORMED_GFF	canonical_objects/GCF_002231955.1	canonical_objects/GCF_002231955.1/GCF_002231955.1.pansn.fa.gz	1415392	cee0e657761ab0231dfe90cb82e307d9b66110180b814f98c18a47a2fe7e0593	ddec275f0ef8539f1d8b0fb52ea3d9633e262807eb1d60ee611fc6e2261f64b6	c557622eede0997d0914b66790afaa1af0325f554b502711ef1ab3ff0390b29b	e30a404a98d52abb16a90bdbee97351d14398a613e47adf056c452fd87d5393b	58db4c42fc5c73dd607fc8561acedd5d5bbc0546766c61415ebad204b771176a	d0b2a866214462a17520ddeeeac6d3deeb14e26c60fd2ea73b922f9b42684f32	153	4955013	INSUFFICIENT_FOR_RANGE_RESUME	.	.	1	0	2026-07-25T01:46:54.303058Z	71ee97aed8d9c878e90000093f1264c3f652c51c3f58c80aad90e408a129372a
285	asm-v1-83cccab8624f2777c034314a	GCF_014529205.1	EXACT_VERSION_RESOLVED	VALIDATED	source_objects/GCF_014529205.1	1911942	342a3004edb629921668bd552b444caaec554f6e4e02066fc60d10f058623d50	ncbi_dataset/data/GCF_014529205.1/GCF_014529205.1_ASM1452920v1_genomic.fna	4903536	a1e39a258d986c53e83c586906515d7c250305c4ae907922fe6416fef264ef1d	ncbi_dataset/data/GCF_014529205.1/genomic.gff	69c1897e7f4b3e5ddb7926b9d30c586576a0143e31535f1849408c0a3ba9de11	ALIASES_VALIDATED_NO_TRANSFORMED_GFF	canonical_objects/GCF_014529205.1	canonical_objects/GCF_014529205.1/GCF_014529205.1.pansn.fa.gz	1377389	26cc558ec508de9e846b0c860b5994103dcc8ef1cfdf30072b077cd5947432b1	b89cf7a36775ec15d0860de448a6e76505fe5598220bcf88ef5a1da53d5d24b0	01389ff4f72df16e166e7b8b03d2033c658572b572169df7b1861aa6dd4573cb	d304cd7217c9cb638cd81e73201416bf0cb66fcc9878bb11ff1782a7d8cfd867	7d6ef3859af4d18c341fb67cc11f7ffb966dbff2626262defc0a7a132aef6c6f	fe7d256cf0ae941a0cb6752d8cb76940172c4cef8fbba2a90aa258c2512bdaec	139	4826826	INSUFFICIENT_FOR_RANGE_RESUME	.	.	1	0	2026-07-25T01:46:56.692962Z	57bdc65f98c58fcb3f49f91f343cf47461c95ee6666ebbee59d940fbbad4e117
286	asm-v1-1acc33ccc3248e241b4f4182	GCF_003028135.1	EXACT_VERSION_RESOLVED	VALIDATED	source_objects/GCF_003028135.1	2190799	10e78e646f2869e4e9a1a7ff8cff800f8d69021f5696517a83fe80757e089484	ncbi_dataset/data/GCF_003028135.1/GCF_003028135.1_ASM302813v1_genomic.fna	5473348	f7f5b8e3ac3f5604ef268409a6a19eaba3f8f59a928a442d915cb88930089f72	ncbi_dataset/data/GCF_003028135.1/genomic.gff	9fc5ce16c40106c33a9111c1c1ebc764f5083f5b49af8582707772ef4756bd27	ALIASES_VALIDATED_NO_TRANSFORMED_GFF	canonical_objects/GCF_003028135.1	canonical_objects/GCF_003028135.1/GCF_003028135.1.pansn.fa.gz	1553325	cbf016b13c40ad3e6d1bd3acaa8644c6613f89b4d884a29274b23a2fbd6ec020	26118f01a1202508921275483eb46624d0b2caf2e9805259169142f6f4014210	6254ca54f8119fdd829c8fbde1c0a8530601ab25239cc3942394aa81771452db	c2e095e97bb93b89b204406ae2f72eb374b9df0869fe0de823ec3d8fba3cd5db	dc9e220a70626f827d45bab993b667741ba81d8b077f87e86f9dd3b6151cab54	259f060b42f1169a373927d2bab25b557c907e76fd0b77aa14e66990f210e4d1	386	5360293	INSUFFICIENT_FOR_RANGE_RESUME	.	.	1	0	2026-07-25T01:47:00.277313Z	6d005f56683a8eb4f9c9f70b49f9caeddd56bf2220c5e32f967864eb2f3daeb0
287	asm-v1-19ea10328c1d097f07cf9688	GCF_900479575.1	EXACT_VERSION_RESOLVED	VALIDATED	source_objects/GCF_900479575.1	2035107	568ae35aa62140d32988f1fa948a59973d0b30c15396950fe81281673ea91b8b	ncbi_dataset/data/GCF_900479575.1/GCF_900479575.1_19084_1_74_genomic.fna	5154646	6d6f5de78e4fb33daa2248673251157ea488915e5f282133b311ee5d40f32a94	ncbi_dataset/data/GCF_900479575.1/genomic.gff	cddeeb7dc3a3ca53c4b6588007ec6817a98fe8e364addbef8b4c952c7d06ea9f	ALIASES_VALIDATED_NO_TRANSFORMED_GFF	canonical_objects/GCF_900479575.1	canonical_objects/GCF_900479575.1/GCF_900479575.1.pansn.fa.gz	1455450	a64875b9194426cbfb55f70151fa96e5a5f5efa5b9639c98fcdfa09476d2af03	108cf269c9714d3805f3139d1f9596d0be2fc14f589f142cfcfdaced4496974a	659ce8e807821596e6505f0987ff2b4c3c2b609878526ffb13892c5c41e5ce4b	fd87a5f8302c0846968269987c0ada392056f3ea7c0d15775c30dae0770d22d4	cde5a18e937ae1634eafbbb213aac9cbab92af9d9ba6bb2c42f38a1da95c8ada	651a97b69e32306e475980259c8dcd550a08f1d083cf5e5879308c75495fd4c4	143	5079215	INSUFFICIENT_FOR_RANGE_RESUME	.	.	1	0	2026-07-25T01:47:03.658992Z	657a3a64d56e17bcd61681ace025965d6d8c60df9b4a6b85d083552794991f50
288	asm-v1-4e5289b322d7ae454236b288	GCF_005388405.1	EXACT_VERSION_RESOLVED	VALIDATED	source_objects/GCF_005388405.1	1953846	8fae8f2689ba652564aed40d2e4bdd1aa7542677f248818c2ee34767259f5673	ncbi_dataset/data/GCF_005388405.1/GCF_005388405.1_ASM538840v1_genomic.fna	5000948	0f77dc36eac4df5e369551668119974641731733b624775c0ed2b216627c6701	ncbi_dataset/data/GCF_005388405.1/genomic.gff	e984770812ae12f1bd6d2109179ba7048d0e61e33b4c949e9c4a293a3b9be40c	ALIASES_VALIDATED_NO_TRANSFORMED_GFF	canonical_objects/GCF_005388405.1	canonical_objects/GCF_005388405.1/GCF_005388405.1.pansn.fa.gz	1403449	06dc5a5e3ee9fa79a603362dd6034fc07ae6e6329467bfbf8384184761917364	6a87ed8ae24b7951a0d28dfe5eab56212ad36fa2bf261629f965ec13a9b39e7b	7c221a5bc2bc03fd825cf96a11bc0d23dde8f0fd243ef0b3d0af493c7ee34731	583a41e44e300b061f9c951ab13a1d5b1a7e29fb0e2f2514c418cfd0e5575d31	0e043a07d586f7eecf276277b76483310291ca4abaa13fd6cf21e461e804440a	293a09dd164e4449c2549d657912a0f00f12869c14dc397dc3e283e90b6e6f6a	106	4929418	INSUFFICIENT_FOR_RANGE_RESUME	.	.	1	0	2026-07-25T01:47:06.294868Z	e2d4afb9eaa6cf2e261630cd74c7207a11f637837da888004dc65e77cbed0af5
289	asm-v1-197eab9d5ef59ffa9db8df55	GCF_009822305.1	EXACT_VERSION_RESOLVED	VALIDATED	source_objects/GCF_009822305.1	1930383	7f793b85708363e4e9a568d51541407e7f1593bf9ced1712c3ab93347c6ee88d	ncbi_dataset/data/GCF_009822305.1/GCF_009822305.1_ASM982230v1_genomic.fna	4952395	187ff784e0f57a416b0e5c9080c0f7d89d74e6999eff8df38c39c70d430cb1fd	ncbi_dataset/data/GCF_009822305.1/genomic.gff	9e6194311b853882b3f9195cd6a4e493da2d816ea80ce7ee018ff23a2f122ffb	ALIASES_VALIDATED_NO_TRANSFORMED_GFF	canonical_objects/GCF_009822305.1	canonical_objects/GCF_009822305.1/GCF_009822305.1.pansn.fa.gz	1393061	052bf351fe5959133bba35acef11b5b6605abb5ff9448b1785228c2d045e9cd4	a724f6c6b5eb97ac3f34849e81c6ca8e882aef5c63ae630a611002616848799d	fee61b48b1f9534caef51ee1f26e2bede306bbda7784b41d4890fd0bc2bbfe2b	d16783bc07ecc4e4f432482435226835c4a13c34eb0cee75f25e2c9a5249996a	1f0a2e1d7cd61337bddd12c69028995e734356178f46e1ce17e30c6aa0c5c2e8	b47243ef68df3a541c7608dec7e1f67c44d5f71d8cfea4f855a3a423a89346f3	127	4876906	INSUFFICIENT_FOR_RANGE_RESUME	.	.	1	0	2026-07-25T01:47:08.611598Z	9df322d5c62b64d9e8dc843ffccb3212864d21b3025a022710d0707df826f856
290	asm-v1-c5645796b19fef7a2a410d2d	GCF_020668725.1	EXACT_VERSION_RESOLVED	VALIDATED	source_objects/GCF_020668725.1	1807927	e16b235ed7775d80b5a578108a5012b0771bf9425d4df3aeec7266ea1fc4d165	ncbi_dataset/data/GCF_020668725.1/GCF_020668725.1_ASM2066872v1_genomic.fna	4635962	28f8e13f81d958350e4ce3cb5cc67b88dca619da8cdd8caa91005b88f86c9aac	ncbi_dataset/data/GCF_020668725.1/genomic.gff	e09b29427697e47fc6fb92bfeefb395f3c6bb94d53fb6d63df544b32f8a36d2a	ALIASES_VALIDATED_NO_TRANSFORMED_GFF	canonical_objects/GCF_020668725.1	canonical_objects/GCF_020668725.1/GCF_020668725.1.pansn.fa.gz	1306431	940b6d58b11779b344f4669452e4c75460db0878a3b78186de0bba6f2fe89bcd	7c5d277ce9139d4c90ca0a4b5e17265f6f46869505779dad521070e111bfdfff	ff6ca3596d42cea8cd613474d3b4e60d6afe72d3914b0eddb8518edd37f00d11	c4f812e570af0d366c118e9c816b2ff7258e18b76304f98321ead34cb5906506	0559542e69c906fe9adfbc109609d5df73263d0d2e24b5842aee11d393a08bb7	94b15e37218cdf412e2fb145bc2c3eed5d9a464580351eea656e8b8cd6eb18b3	109	4568231	INSUFFICIENT_FOR_RANGE_RESUME	.	.	1	0	2026-07-25T01:47:10.863744Z	ade01f2c909cb95c256e41dc05c14eeaf8fd1816d64037a6303345e7c7e8ea27
291	asm-v1-e368999420202b5c02a831d5	GCF_002764815.1	EXACT_VERSION_RESOLVED	VALIDATED	source_objects/GCF_002764815.1	2182623	3c8aaa5c6318549ca3dbac0343fc8f7cd9669e95ae5a72d63750354b8c5090ab	ncbi_dataset/data/GCF_002764815.1/GCF_002764815.1_ASM276481v1_genomic.fna	5546394	fb6ef65eceb792abc2598f1eb28b8e1be05c7e642363d9764f9b8fc01141a331	ncbi_dataset/data/GCF_002764815.1/genomic.gff	c68a34ff6fb499c8204423c86459621817a06de7616fe3ca45fbea13156ec7f5	ALIASES_VALIDATED_NO_TRANSFORMED_GFF	canonical_objects/GCF_002764815.1	canonical_objects/GCF_002764815.1/GCF_002764815.1.pansn.fa.gz	1563574	438518d4ea29a460bd5b9388d844498386ec2ec0073adb30481a23a9b40406b4	8ffd9e73a5cc5ae9ffbda9aee579e5243b3ea2e7575ab04701b071f210a66e59	f412d5266972f36aafb65130ef092fe7d821b688f8e8f0295dc6f5c3523e553a	81a4843d5bfc4c0e8bc7c402cce11c655f4c2fdd632c4404a9eca4f3744ff07a	6df4f23d6142e6523f5c7734d79f47fcd7e22f39f36ffb01ba183096340615c8	86942e1329c6293fa1639742d466abbfbe615911b3298f7af3a568f32f0301ea	333	5448490	INSUFFICIENT_FOR_RANGE_RESUME	.	.	1	0	2026-07-25T01:47:14.212080Z	ddb53e9aed443a18720ea61ca005d05b862bf903729fd94277b92b0a6f6bf3cb
292	asm-v1-16ced651eb89ff82be725cad	GCF_006230075.1	EXACT_VERSION_RESOLVED	VALIDATED	source_objects/GCF_006230075.1	1959828	06af716e67a174a43ec31b2b0f8af54f1837bc4ae919f2056ab88f046f92f2f8	ncbi_dataset/data/GCF_006230075.1/GCF_006230075.1_ASM623007v1_genomic.fna	5024236	01fa73d98443962753314af7f2e91f35181e1f7fa4349ca2068df189b212b274	ncbi_dataset/data/GCF_006230075.1/genomic.gff	3bc63649db75551170ed9b3d0646a0b9d3c4a796e675b184ffd36cdf151cfd1e	ALIASES_VALIDATED_NO_TRANSFORMED_GFF	canonical_objects/GCF_006230075.1	canonical_objects/GCF_006230075.1/GCF_006230075.1.pansn.fa.gz	1415107	125430323518a227084ec066a6be224998cb3d4239e383f50d543d9f1cb180dd	1ee85071813413027771996c005eab558e3ce0176f937a2484336b3b813197b6	b713c0d1557a11266ce3650bec080e3fc70a823dc9549b883422490143ce56d5	76d1e20473685e464e5c49698b691436f616626e9133bd6abd3758b84b755bea	c90f0fe5b50483486d623eda6d6e4e6fb04ce0aaad5f4d1e3b8dcf7e69ec940c	8970713240aa17f5b8c10b2ee6988f590c646c6d41303c8b50d508ff51691f88	126	4947317	INSUFFICIENT_FOR_RANGE_RESUME	.	.	1	0	2026-07-25T01:47:16.540361Z	825a9cb9d21f252ef4d702385f84b39e88bdc66a4488625cef15f8142edf8f3e
293	asm-v1-1b3ff37b1da36ee421815114	GCF_009793765.1	EXACT_VERSION_RESOLVED	VALIDATED	source_objects/GCF_009793765.1	1899315	9d2e2ab2c3c3876c66bb0f5171562b46d2dd34948580e7a94803f107edc6cf03	ncbi_dataset/data/GCF_009793765.1/GCF_009793765.1_ASM979376v1_genomic.fna	4854488	b3a40394a71e0e39f3dee0418220d337b437d79b464ad0e5b69873ab1d6367eb	ncbi_dataset/data/GCF_009793765.1/genomic.gff	d48c4b67e135b8ca1e205ede7fd7a5a3446de9402160309e693c074ad5ed50be	ALIASES_VALIDATED_NO_TRANSFORMED_GFF	canonical_objects/GCF_009793765.1	canonical_objects/GCF_009793765.1/GCF_009793765.1.pansn.fa.gz	1361707	537dbf6232727fc1466bcf22163f0cd39450e37f27fd76f545f2e17fc6f634d0	4299bdfa995f173bbe1a83288922c534e34fe27a3c48464a05edfb5a8194fd58	a80e77fd5723bcd22dcb7ad1437b298a41a66dc79be95e28bfc6ddf25595f2ad	953ac02529f10a126c6b669238f969a1406df58ff05b24060061ba137b626d90	2c2059c5fa5ab27c26941c4cd89c6d5adad5ecfed9b77926f050e6d6700c5134	cbf4e78bff1b62068ad379686fec25db9116b396a4dffda1752aefce3839a6b1	83	4784992	INSUFFICIENT_FOR_RANGE_RESUME	.	.	1	0	2026-07-25T01:47:18.778739Z	82aad35c7928860b71fb7f3a7d884b6e3d9f937a25544f54eda5940a01690c87
294	asm-v1-16afd55818c81906e9dc2e09	GCF_003302995.1	EXACT_VERSION_RESOLVED	VALIDATED	source_objects/GCF_003302995.1	2043464	e4b6431fbd972c091443410c69305913aa60934fb2f312fa0c6f7d081e1024bd	ncbi_dataset/data/GCF_003302995.1/GCF_003302995.1_ASM330299v1_genomic.fna	5281993	4436d2467e3d9c557d13d7ac91b564f138bba1b30ad16d2a418ccab30d0acfeb	ncbi_dataset/data/GCF_003302995.1/genomic.gff	b960acd1f6bbffb85cfd4252ee46b74a03037cad88c06fbca51d138114152330	ALIASES_VALIDATED_NO_TRANSFORMED_GFF	canonical_objects/GCF_003302995.1	canonical_objects/GCF_003302995.1/GCF_003302995.1.pansn.fa.gz	1483805	c1e8d58b108c8c0d7451f7e001fba1f5b603fbeb6d916fa50978a4bb3de90009	88a27b564146a83695eb9369d998f8c9e2cf86bbbdd741c59a9367598716ecdd	97328f280ba6ca10289f3fd41d09e90991d422f494f9ab7e57d3c0c389b159ef	4149542777bfb5c728c087a6e03595813f0b5c2b37627138ecb7719267decb70	857702738ee598369d5f38d972d2b2775ef7398b2448df81908c76ca3c4995fb	db40c7af282c42a1335ebef1f063e8cd1909f0ee1afc5469c10dbeacab518681	115	5205940	INSUFFICIENT_FOR_RANGE_RESUME	.	.	1	0	2026-07-25T01:47:21.212067Z	e3bc2da2e12129fb9c3524ca179bd993e5c075ea19cbabf4f38b7877a2676337
295	asm-v1-98c1131f6bc3c4466715ed4d	GCF_002056065.1	EXACT_VERSION_RESOLVED	VALIDATED	source_objects/GCF_002056065.1	1853341	01ddec0676ec6c7ff9713cbeb4bd5da24154c03b638fa1246046b957f352b1e5	ncbi_dataset/data/GCF_002056065.1/GCF_002056065.1_ASM205606v1_genomic.fna	4793639	bf0ae9507ba4a6534af4b49f65933f1266b1746c9d72b8eae71d95a05b899b1e	ncbi_dataset/data/GCF_002056065.1/genomic.gff	e7364007e832a8659dc1e0fe7b7c05cd44d1c4e70c3816433b1dc190d0284ff2	QUARANTINED_SOURCE_GFF_NO_ALIAS_VIEW	canonical_objects/GCF_002056065.1	canonical_objects/GCF_002056065.1/GCF_002056065.1.pansn.fa.gz	1340308	4e96bdd61258047695125b8a5917a030d9bef4d8e090c62c20e0b00cdb205a6b	afc053b1d23a0f56b4d08b7cec6cb9169f3d668dfb69867078afab1fb5e23d2e	7a7207ffb87d2a094e794f2445847d02e16f874545a4c4c3a58e8271444398b5	a45530987aa3d632a342f9b0736c1d5d7ba60c2e4966cdb1e5d581866726f515	e8ba439444d8743f50088f329d7050877ecebf90c7ecd54195734932bb2689ee	cd40aa389a30100c781d654e00f2807198c3c498d97099f6457427282fc8f296	3	4734219	INSUFFICIENT_FOR_RANGE_RESUME	.	.	1	0	2026-07-25T01:47:23.266587Z	26d361e972f4af8281ad3f48e605186bf655c1451009c7886bb8db2c804bed82
296	asm-v1-8c54890ee6bf86c97d3e8516	GCF_900195745.1	EXACT_VERSION_RESOLVED	VALIDATED	source_objects/GCF_900195745.1	1881551	b96d2c33e3e4c544f22035fa3d999767532828bad20ff60d9faf08b5f21331ce	ncbi_dataset/data/GCF_900195745.1/GCF_900195745.1_F2_1_genomic.fna	4794617	cf1f072696f71dd321a2a8e86f3628fa6582e007cf0b9c391c27cdeb5a488f22	ncbi_dataset/data/GCF_900195745.1/genomic.gff	a8bd1508764389e3f9f69be2b397ceb5b98d624237c169ad1c2f2c94b3f8661c	ALIASES_VALIDATED_NO_TRANSFORMED_GFF	canonical_objects/GCF_900195745.1	canonical_objects/GCF_900195745.1/GCF_900195745.1.pansn.fa.gz	1357037	8ee32b3bf06577cd9b91ed907da7804e602b9bd7accf1cf86effc9301d71cbc4	5c3d4a233342b853edfbda9b627c607c54df0fc578d9db93c11c81cd788263ed	a043339c02b73a676ad1186391cac88629001387367d816d123b44301378c789	ec8aff582220920812dd87673cf2c8d774beb0a64f50f68f5f2de9d7f2dc6d38	b5519459ce166debb0af648215cf6993dfc373c3c2ca652a207887711810d923	a498cab54c1948612f20f5f73dad6c9978d0b231b8a9fe0a966b20bc181ebff4	200	4719521	INSUFFICIENT_FOR_RANGE_RESUME	.	.	1	0	2026-07-25T01:47:25.969199Z	79a2acd9603d0e43d9483fe58bb774f37a5ccce1ec078702ab1a1e3e9ef91f0b
297	asm-v1-638647d33a5d68cccf489f18	GCF_001571915.1	EXACT_VERSION_RESOLVED	VALIDATED	source_objects/GCF_001571915.1	2096628	266324070b8e5cd0848217b20a48965911978a7bb5f310e17b109de1455283b5	ncbi_dataset/data/GCF_001571915.1/GCF_001571915.1_ASM157191v1_genomic.fna	5317803	d50a5aba6ddef2900ebd55864355b6f0a9c5fc6b0c67a0f7fad2f49058d56479	ncbi_dataset/data/GCF_001571915.1/genomic.gff	4f0b278cdcf83f262e7b7fba08ad11baaa527b677b2a3f0862169b814b837f6b	ALIASES_VALIDATED_NO_TRANSFORMED_GFF	canonical_objects/GCF_001571915.1	canonical_objects/GCF_001571915.1/GCF_001571915.1.pansn.fa.gz	1497142	4d1a14db8f8546743f7af2435f0002919e1f63f8b78a4b76367e35390f5592f4	d93d4162dfbbc36e4ac4b2f753e70410a0a9a72707076954ea960f20eed5b198	dc33b2b96c94a3f5c5248b9227320b74cbb3779de52bffb2356c9b53e3982c76	a3484d74a66bd46f1432501b28e559f4cc71fca9fd709d7ac9b0f1c763a6d87e	561dc94267a267fb10536659fe866057ed0c261a0e827ca826cbd6703b47b870	ebd23484128bf39da34d7237a470ab92dab2dbcd1ffde2dbd31292c9c3e44284	194	5230645	INSUFFICIENT_FOR_RANGE_RESUME	.	.	1	0	2026-07-25T01:47:28.637364Z	3af51dcba55763032a264376fe717a030d4ad3a0221d78675b1de552839c29dc
298	asm-v1-a45a9f73ddb47af7a637bfff	GCF_002165115.2	EXACT_VERSION_RESOLVED	VALIDATED	source_objects/GCF_002165115.2	1980011	22c680e7b1210b0c265805a75b00cdd2f4f165a6d2fc4973b6aef852e67ba7f6	ncbi_dataset/data/GCF_002165115.2/GCF_002165115.2_ASM216511v2_genomic.fna	5115970	2b2651109d8de1f3d9eeeb5ca4cab1addcb790eabccc25816fcdbcba19481faa	ncbi_dataset/data/GCF_002165115.2/genomic.gff	a8dcd2d6aafa75259b831f5b3ac3cba13ae483a9a8675926620fca0b8f9aaaee	QUARANTINED_SOURCE_GFF_NO_ALIAS_VIEW	canonical_objects/GCF_002165115.2	canonical_objects/GCF_002165115.2/GCF_002165115.2.pansn.fa.gz	1432524	213801cd34039dad63a4bfee57635bb7371703177ba3a50c4939a4a81a503020	d700a3bd9675e627cd50b684772187c5f87edee9cdcb22733e7dd0846b7771d6	eac8660cab707f22743de5fa0086ffdbe9b30516579b9a7e970b9ab8087f591d	1c4dbd5371760530f77bd746b5fc77c6edaa63bdcf3e08dd2c7518cacbc79604	320dabf10928b8f30a615e48ae55924e066464a896ae86ae6243430ebbc26b9b	cd40aa389a30100c781d654e00f2807198c3c498d97099f6457427282fc8f296	7	5052208	INSUFFICIENT_FOR_RANGE_RESUME	.	.	1	0	2026-07-25T01:47:30.721300Z	e04ed9cfc9ce4575c518210035e932e4c72bd2f98ef0089690e2d7e904905fe4
299	asm-v1-7103693dc2ca5e5799eaab6e	GCF_016905495.1	EXACT_VERSION_RESOLVED	VALIDATED	source_objects/GCF_016905495.1	2092424	4eba4983d99465cbf08f16e4e25de31f7e8e0d0868178b2f642f5c9828636ea1	ncbi_dataset/data/GCF_016905495.1/GCF_016905495.1_ASM1690549v1_genomic.fna	5286818	b04a8f63a672618c4d10e8dccda403386eff1b8b3f4bdbbed7e6ac817b69b7e2	ncbi_dataset/data/GCF_016905495.1/genomic.gff	5ab49acc6ae952f01edacdeab59b86d60f67d8fd9fb27ed8a2ce2a7e5f08ef59	ALIASES_VALIDATED_NO_TRANSFORMED_GFF	canonical_objects/GCF_016905495.1	canonical_objects/GCF_016905495.1/GCF_016905495.1.pansn.fa.gz	1497503	d64025fb8d6d49cd897b1837e652a2132798f5d38d3f2a826edb8abfc9111c63	0c5ea3d40a0ebf9fc028ccf5840c7ccd90679fc181099f870fb520be302580aa	0a6f320269d7729f81dc6ae6d457bce81900d9749cbfce8b1f764513dde9b7f0	3ad19a57b4b8bd79ced9f9f98dc9c3b73a5ff791e29b72494b40502442a0b1b6	e44bd4845a3aee87c06731cb1bcb9a1bbc0d5ae15b3a1e91acef7e81e1c3af18	5ca59c624ef0bf016c62798b6448040a48b5a3bc10497aa10d8b7743f4d36e1c	292	5186569	INSUFFICIENT_FOR_RANGE_RESUME	.	.	1	0	2026-07-25T01:47:33.817880Z	d5d17878369658f594841ef5b3453dbcf96dc88bd438a67d17fbdd9a6109f9a3
300	asm-v1-161adb1e63556b42ce19503e	GCF_002194715.1	EXACT_VERSION_RESOLVED	VALIDATED	source_objects/GCF_002194715.1	2173056	00f3ea82464bddb1c733f9c6f5ff150c779c6ec4ed91e64c63215e9a4a498b2f	ncbi_dataset/data/GCF_002194715.1/GCF_002194715.1_ASM219471v1_genomic.fna	5529541	8699b2451230396b82e72bdd9673a4692fc130a11369250bb58be8e29c326d15	ncbi_dataset/data/GCF_002194715.1/genomic.gff	b36b8683feb1549d0ae8a2951f1115e8e5327f49ae98d1a0283015e348403026	ALIASES_VALIDATED_NO_TRANSFORMED_GFF	canonical_objects/GCF_002194715.1	canonical_objects/GCF_002194715.1/GCF_002194715.1.pansn.fa.gz	1555636	86e7bd638e4653c2761dd7259d82cbfc98fe34e8c4c08b638ee7407a67ddc889	5582303bb0d2c055b5a783f1ff26b5549a0fbf6946484b65b3dc01dc1016833f	60cf119fc048165386c746f81e0871675fa9be19daf53d0162b8fc03c1fb001a	ffea1228a22911b468257a2ead098531dc6493262118ec5d300a63b041dac283	8adf6499cb29692b7c3c4d6f3e7b19c0e4bd61366855b2d3475d77b134067a70	f145e528843763ae23e5a5084262c38b9482ae2ca65b6346435c9c19c033a348	316	5418601	INSUFFICIENT_FOR_RANGE_RESUME	.	.	1	0	2026-07-25T01:47:37.039405Z	0b27fbd4461c584724759221d6ae7d6a480f36b00b143363b4185558bb0c4cad
301	asm-v1-6934978087480b93c176ca79	GCF_002002235.1	EXACT_VERSION_RESOLVED	VALIDATED	source_objects/GCF_002002235.1	1901586	16992e5c9cb7fdfa71b3f0ebce9344f52e82921cef61bfc9f714b3a6f5543f77	ncbi_dataset/data/GCF_002002235.1/GCF_002002235.1_ASM200223v1_genomic.fna	4807099	a07464d5e4c2a169b75186afb38aa76e8858c5fb24610e51384048f49b177d1f	ncbi_dataset/data/GCF_002002235.1/genomic.gff	b0ce4576442ceb26a42053867944c6012ca31818b57ec321c1fc11b3cbad3de1	ALIASES_VALIDATED_NO_TRANSFORMED_GFF	canonical_objects/GCF_002002235.1	canonical_objects/GCF_002002235.1/GCF_002002235.1.pansn.fa.gz	1358294	7c492e91c90da599179a6469e4855263eaa554e31bc7e39e97008eeb73ec624c	8302d12841e0d13ad2e2dbc7b337da39a94a677f4ff638f71e4cf30ddf325a08	a0b2bfa5a13c72ea46c08ab850aea0ca3567c1696fac2fa14a0626458e68afd3	0704db8bc8df6e4d90f2180a92e3259b8c318d4db343dc8991276ab42390253b	13badc4dccfebb4439cb85d5465648d34cffcd850b662642efac160f18576cda	c505b19dc1ff38e278e3fa1acf482d6871aa5cfb5a03e88f4e2c17aadfac7270	214	4723664	INSUFFICIENT_FOR_RANGE_RESUME	.	.	1	0	2026-07-25T01:47:39.912194Z	280181c3a12a7c36092fb4c507b46512a692e92bb401969e2159d55d9fe6493a
302	asm-v1-ab8c8fbeeba7f504a11347d9	GCF_001402805.1	EXACT_VERSION_RESOLVED	VALIDATED	source_objects/GCF_001402805.1	1891411	f1ea470eab9776ce349c9aad9e7f7fb71867cd06fae82c04ead9272b7100a996	ncbi_dataset/data/GCF_001402805.1/GCF_001402805.1_ASM140280v1_genomic.fna	4838334	887255cf764eb865850bf83e09a0beac003f05c380dba2fe1d1a4e4835267d99	ncbi_dataset/data/GCF_001402805.1/genomic.gff	f92550ef4ea6db1cb56ffbc2d30187ff3482c11eb688a3e0b583bf167854845c	ALIASES_VALIDATED_NO_TRANSFORMED_GFF	canonical_objects/GCF_001402805.1	canonical_objects/GCF_001402805.1/GCF_001402805.1.pansn.fa.gz	1359025	81ff03210f4697136db7047b788dacb47da352bc8193df9d4504f762275baead	c13468f4a6e68a6f01a5501772ed66daf9700557f226033d4b4ba80fbc1f0f33	b2155efbdf4bf94cb526b9f1e6ffb6415b0f1ff87d183400dfb4ca5dc3b2eb34	3aa68c532781c9fb3ce38f9c262470ab8797330591bc3e82019cc04170b369dd	fc2f7832a4b97162f0786fcbeeda2f591d97faddfae4968d58949c5d633327d9	74a91f00e510f50c9d16c15667510532614e6e58447809a79248027c71482d0e	91	4770117	INSUFFICIENT_FOR_RANGE_RESUME	.	.	1	0	2026-07-25T01:47:42.014272Z	38eb7bf05018bf214b5861dc0adf14bbcf43f0153b96ed7e2fd82974cd152e3f
303	asm-v1-cee358232e223e147a344f01	GCF_000703265.1	EXACT_VERSION_RESOLVED	VALIDATED	source_objects/GCF_000703265.1	1968424	eb4ebca1cc91613569b7421c418e7e242f9d3c57a6595209fa6d37da090a142a	ncbi_dataset/data/GCF_000703265.1/GCF_000703265.1_Ec2009C-3740_genomic.fna	5091390	1ffbc757517bccdf0e653392a9c04337282ed130573851204ce72c3b46500f25	ncbi_dataset/data/GCF_000703265.1/genomic.gff	6cdba6536dbc85bceb2c91b4c3f44797eeca41df73c0893f9e546f4092e59846	ALIASES_VALIDATED_NO_TRANSFORMED_GFF	canonical_objects/GCF_000703265.1	canonical_objects/GCF_000703265.1/GCF_000703265.1.pansn.fa.gz	1424344	765bb048bbc9d5e425222d4b8f488d11ef76b225a763cf2a7ed78ad7b9b068bf	6e3b4af2db2f6ad640bf97a0718b2b65c556a6fda859f2a8f4aae634628de97d	f213589eef3960b85486379fae93c8e8db651b6b7a34d68093a21611935649cf	1e71a015a8b273566df2da044495215417d33274b53550533b154c8f00239a5c	b6a48b854480d36d118c2f532cf3967449978dd80ecd0358487000d39c1127d8	c26129193f7d5d206e85f02f5fdaf2435412ecc5a4dcadb5e1269981cf283612	3	5028239	INSUFFICIENT_FOR_RANGE_RESUME	.	.	1	0	2026-07-25T01:47:44.037126Z	88f853cbed2722dea775dd4b7c222eec8aef12d777d2b902ba7d880562051201
304	asm-v1-29d13d661dec836662c356df	GCF_009910465.1	EXACT_VERSION_RESOLVED	VALIDATED	source_objects/GCF_009910465.1	1920944	3008c2a8ac0f5b090f1611ee851979bbda952e78ee873c85f4469ec9425f0bf7	ncbi_dataset/data/GCF_009910465.1/GCF_009910465.1_ASM991046v1_genomic.fna	4946457	336257e14dd3827b293b465bee946bc8b19d659383e4c93997fdce09bff1b4a6	ncbi_dataset/data/GCF_009910465.1/genomic.gff	5870c9f94d37636af89cd86fadf7320a051f1c2f862dd32b9ee85b6ee323ad1f	ALIASES_VALIDATED_NO_TRANSFORMED_GFF	canonical_objects/GCF_009910465.1	canonical_objects/GCF_009910465.1/GCF_009910465.1.pansn.fa.gz	1384686	0b990ededfbd6b5fd8ef25024942baa35a85be61f24818a24b2bac70b7bd893f	2827e371ac75815e460625d37a522d9ce020caabaf57b2442d19923edcf04e86	dfe7be89b707f18b9f9decbabd6754a2729901dc4b92f280adff0bbf4338f6ef	0fc975eab48719f6bf3eefc6c20c220961777a5b96f58b7d812af49efe8ba587	792c4a06400804a0c9cbffa4c449867b3493ca1e387723af342b30fc03d372b9	511ba24acf7c5c46ca474a8164030899d128788f9b7e07ae306f4636b185a86a	78	4876494	INSUFFICIENT_FOR_RANGE_RESUME	.	.	1	0	2026-07-25T01:47:46.243498Z	9800f646501e94866f1784769e807485444329dc25e0cf26024d8067ec13b0b9
305	asm-v1-7c0a7387943917c1a90842f3	GCF_004661495.1	EXACT_VERSION_RESOLVED	VALIDATED	source_objects/GCF_004661495.1	2007843	3f63a4c52d554374c6149ee10178bc1ebd5a619d40fe5ba464e9c88e9cd4a9a9	ncbi_dataset/data/GCF_004661495.1/GCF_004661495.1_ASM466149v1_genomic.fna	5123401	4f380d6eddc0e6f04bb0aaca73f9d44a2b01c91b3b56e1e6ba1481d549627a91	ncbi_dataset/data/GCF_004661495.1/genomic.gff	d88460ad1edce75a50e985d1c1927b66c6760f96e69bde55ddae239244b6eb0f	ALIASES_VALIDATED_NO_TRANSFORMED_GFF	canonical_objects/GCF_004661495.1	canonical_objects/GCF_004661495.1/GCF_004661495.1.pansn.fa.gz	1432570	af0d065223a696ecb1ce93acb703c44796cd3ae47bbed166158080c832766e28	2ae9b2f0015b898a152df76b882309e7bb11620b575d9d1d2ee8cee6289e1363	157031b871c7c2662f5e209f0664c0dc9acf2a636d23faee1ef546cca165226b	bc999c9f833a6bdba78d98a462077c2c4e95b015cba1653bc967a49c6afc0267	d46c84a4d31281e4302c25573ca41da5a953ce989f71f7a042ee741a2f968090	7db9e8358fb6df45f911a0720e0fe842732c08539da8c19afe59cecfff7befa1	100	5047935	INSUFFICIENT_FOR_RANGE_RESUME	.	.	1	0	2026-07-25T01:47:48.427950Z	d1e96ebce131a6665403df59cdb7540e2917ff631348fceb0b3f8f91cd6362ca
306	asm-v1-7f98386806518753240242da	GCF_002233475.1	EXACT_VERSION_RESOLVED	VALIDATED	source_objects/GCF_002233475.1	1889891	40183573065f84b85283458960ce538f978eacee8ee965fc499d2cae6fe69e8a	ncbi_dataset/data/GCF_002233475.1/GCF_002233475.1_ASM223347v1_genomic.fna	4854820	a8ded615365f0a361b63f39f8076d42cc9e4d5b9e1e3df132d886fcd21e3f5b8	ncbi_dataset/data/GCF_002233475.1/genomic.gff	e7a3c1eba8b6a073284db12e2a02c0291d488152c2e044e15ee0330d5ba68bcc	ALIASES_VALIDATED_NO_TRANSFORMED_GFF	canonical_objects/GCF_002233475.1	canonical_objects/GCF_002233475.1/GCF_002233475.1.pansn.fa.gz	1364069	1858c4a59834f101ebce5708798a74a44efb26db4cfef7a0204119fb9a9f9158	6f23770b7e20127af9d0c2e121d87b9a4de637d4b2ed8c5802fb4cba5898d484	9ff0f96e5722257c231082e4bfbb71a25a3a9c4e9a49ccec8a8066957a3974ef	053104631b697696873eee224115803e9abd75d8a80e80b4ac381bac915f9868	75bfce5f153861922e9319045d55b6f3d7db601830974367ea9e36ad98f9f5b3	0a92779435294d6a948880a9e3d6f3b91f50f89e6344d3a8040d2d493c3601b9	93	4783350	INSUFFICIENT_FOR_RANGE_RESUME	.	.	1	0	2026-07-25T01:47:50.612085Z	c5bcb3db6e54c397205632f6c4116403a2e182b6af17f4e18e644a15457c8b01
307	asm-v1-90b202368fd6c0d1e2441417	GCF_021342755.1	EXACT_VERSION_RESOLVED	VALIDATED	source_objects/GCF_021342755.1	1970533	5d18a76a910932e664f2b757fc87fce725171b7cb34b1b93129ba012daacee6e	ncbi_dataset/data/GCF_021342755.1/GCF_021342755.1_ASM2134275v1_genomic.fna	5039193	7c7592476236efe678da4943143b32be483c515d9c4c5ce616cb8d1b413c99f5	ncbi_dataset/data/GCF_021342755.1/genomic.gff	1c860081c041be32e4c11b818ac9843ed3577c6098a18ef2cec74078dcde79b3	ALIASES_VALIDATED_NO_TRANSFORMED_GFF	canonical_objects/GCF_021342755.1	canonical_objects/GCF_021342755.1/GCF_021342755.1.pansn.fa.gz	1415991	c9bf6879cc68c529f86bf1107e459c66edef6dc324b099bc6a517953deac9f49	cc76dc82bf6ba7ef14a556bc0547b1e47ca039599d5a576776dda15c0026a0f2	50ebac5a21b27b65af7647cb2f23c040618ef5835a417bbe977a207ca5c47cd3	062cf364ff285ab5dea82b891f6f68dd0fef9496a5e871084582e91bcf49686c	b216cdafd055bd885dc60a8d92ed769d21605083762568c81ab0e2e3be914c5d	1c736138b072a97602bcf716b2280faf3327ab0a2e2c21ba3d05efeb82c83644	90	4966245	INSUFFICIENT_FOR_RANGE_RESUME	.	.	1	0	2026-07-25T01:47:52.915558Z	6f81f4e9c54bee05d506eaca9cc89335789647081d5855297fea62451a97611c
308	asm-v1-149dc7a235438ec794b3434c	GCF_003301875.1	EXACT_VERSION_RESOLVED	VALIDATED	source_objects/GCF_003301875.1	2008495	5dbfabc34a96536ff55ac36419165bc5e4c3df981d873d7f0f267835c4be245d	ncbi_dataset/data/GCF_003301875.1/GCF_003301875.1_ASM330187v1_genomic.fna	5108121	cecf643fa59d23d5a0bfa8b29f4b986f0c6af31442db05e297012a24d48a5e15	ncbi_dataset/data/GCF_003301875.1/genomic.gff	00acd9a13462e28d09110d97ace0495c31c695874e831cc5bc550d6fae0ace24	ALIASES_VALIDATED_NO_TRANSFORMED_GFF	canonical_objects/GCF_003301875.1	canonical_objects/GCF_003301875.1/GCF_003301875.1.pansn.fa.gz	1440539	6bf8a65b23cb2e611171c3086b90e6327eb2cd9f9245b4e46fac3f8f946afa61	b79f8985a52dabaeab6fdb35793ca8f555ca8be9d125390bf6959bb1b5759495	51ed4d0a6d326f5c8654d3d23879b0b4368ac5999b483fa16984cb23289468f4	f8d5b2e1ba37677ed80aeb5b5b62aba05b6cc97bef356ada81981609b7fe5d93	fd2cb69754970e9631bf06474a5b17c3bee2859120dd38f8fe9404c1ff7147cc	9ef0726a940e9a6549184eb50ea0c1dbed2c25a758a674298bbfb02e19edeffb	220	5020745	INSUFFICIENT_FOR_RANGE_RESUME	.	.	1	0	2026-07-25T01:47:55.778051Z	11172982ff0efc6b7f8d9a337ed13f589fcefce665b52603f15e40b0f950e441
309	asm-v1-35d8b5c370bbb919ae83bb8a	GCF_003318595.1	EXACT_VERSION_RESOLVED	VALIDATED	source_objects/GCF_003318595.1	2129142	627e0c1aed3121305d2cdf4d88f5e6fb5a306b03b71148020e6f99bf391c4346	ncbi_dataset/data/GCF_003318595.1/GCF_003318595.1_ASM331859v1_genomic.fna	5361546	879a4103c62580bb016d5844043b0c2a142d1c6a81027b4ccc3912187023dca2	ncbi_dataset/data/GCF_003318595.1/genomic.gff	749b2bae004aae737bf4ae4d62b7d85d386cf56439f0d5249428129a1866cccd	ALIASES_VALIDATED_NO_TRANSFORMED_GFF	canonical_objects/GCF_003318595.1	canonical_objects/GCF_003318595.1/GCF_003318595.1.pansn.fa.gz	1513113	262244721dcdd5f7556ec044331fdfe93b2bd4c511f19f20a45b1b21e1616f80	a4594aefb1d38d5a84d0a6400203ad8c55c26b8d8da2ccdca85b148fc457bb54	b40a9b12f72f8196656260e6554b8bd636220af136ae6724eacb0d5cf047f555	bd0c11ea14e4bfe2e125bfcc9a9bfab05771ba44a9aee4867664055b623b1452	3ac66bfe0fbaee903651e28e57c4ecb5f97326e91740f562450c29d7396d2f6b	b68aa58576fbb6120bb1c24aced747e11b818a2b28492f14793b100d869ffb41	324	5265535	INSUFFICIENT_FOR_RANGE_RESUME	.	.	1	0	2026-07-25T01:47:59.062140Z	ee19f3f66d601b87c33de125f1c0ac489bc8577c1365097ac3b59fdab7276467
310	asm-v1-4a57ed85227bc796bf48c302	GCF_008388475.1	EXACT_VERSION_RESOLVED	VALIDATED	source_objects/GCF_008388475.1	2021242	0b2201f834b4de6b53fe98279fcd98855f2c515682bd2e18a6b35dbd58d38df7	ncbi_dataset/data/GCF_008388475.1/GCF_008388475.1_ASM838847v1_genomic.fna	5174582	01f2828899363cf8d00f69b45eb106af9a249bf52b1fc4807c933a2f7d18c074	ncbi_dataset/data/GCF_008388475.1/genomic.gff	1d299e71a18f28a425dbe33584816774fb1affcb228415f60b6b6cd744f39d89	ALIASES_VALIDATED_NO_TRANSFORMED_GFF	canonical_objects/GCF_008388475.1	canonical_objects/GCF_008388475.1/GCF_008388475.1.pansn.fa.gz	1450674	697d201bd4ad2deb54612b3dc4d23da1d4dbd5d83fa2615bd468e0d43c5a6a2f	a20d36296acc2949473cba3d906190389e4ffb4a5c9b940904dd2424444079b5	ee9cf8d77a97bd166572016a8783debb7d4a1e37ec6dc46382da28a441a3b418	c0cf64800b92d065331769cd918345acbfda280f4ce46e63230c07c4020c1986	c96654fe848e54552b5434af5fe90acc612564da4e5a22ec4e217ca61ffe53ec	9339d279396217cdb8d89189f6e9bb1611f20e4f0d8160f02dd70af174a6cc8d	151	5096262	INSUFFICIENT_FOR_RANGE_RESUME	.	.	1	0	2026-07-25T01:48:01.419925Z	302a7ac29328af9bd60b9a24a09996f69d53dfe6273031f5f2e7217ecbaacc9b
311	asm-v1-eca9eee0b48c78b133e952e4	GCF_003302895.1	EXACT_VERSION_RESOLVED	VALIDATED	source_objects/GCF_003302895.1	2005993	09f0ab7055b5ca3c94b5b7f4266653fbebbe48424f4af288a58b917e31ec0295	ncbi_dataset/data/GCF_003302895.1/GCF_003302895.1_ASM330289v1_genomic.fna	5113243	568a57b7047550be2f7dc67a44430268c426f32f3d98914aa04b60c36c85ad45	ncbi_dataset/data/GCF_003302895.1/genomic.gff	ba11d9390bdcc42506db0c0443167030ef513018d814248c045ade4efd237d33	ALIASES_VALIDATED_NO_TRANSFORMED_GFF	canonical_objects/GCF_003302895.1	canonical_objects/GCF_003302895.1/GCF_003302895.1.pansn.fa.gz	1432378	6829670abfb04a9222e722267bfdaf909be0ea3ecc515e7c6e5b61fab3c6c651	28182ae5c2e543fb5a3d44e90b747807be9c003793ef20e745331a826e882209	5eeb44121aaea82d41992bec114a5043165b9007b833ed5aebd17c558d533761	88ff31451b5a19633eabedaa45c5d5b816001f862746c5328e9006cfaddb16c1	7f91fe190637e23d974bdca7902b58c08b16358658753c86ab36175826439bb5	865684e364a07fdb39c51408833cd2cf29f1bc002eb93f9d326e56838c12f349	227	5025065	INSUFFICIENT_FOR_RANGE_RESUME	.	.	1	0	2026-07-25T01:48:04.250330Z	cce0e3b1cc5549096c87860a5b614d327b12dd313b549a93873131a500ebfe70
312	asm-v1-6ab9265ec1bebca054946981	GCF_001942085.1	EXACT_VERSION_RESOLVED	VALIDATED	source_objects/GCF_001942085.1	2037959	803dfe51368d31d9c71db6cf4c7fa8d0e94464abe7c632bbc10298979385775d	ncbi_dataset/data/GCF_001942085.1/GCF_001942085.1_ASM194208v1_genomic.fna	5186103	740d3760e3464b59f3720503a55760bba832c2dee1745584e48f984a10fe216d	ncbi_dataset/data/GCF_001942085.1/genomic.gff	0494c34ebca595540e9879f4a1ef620e5602115d6616baf444d5de09e6acff42	ALIASES_VALIDATED_NO_TRANSFORMED_GFF	canonical_objects/GCF_001942085.1	canonical_objects/GCF_001942085.1/GCF_001942085.1.pansn.fa.gz	1466372	2e8b1230e6061dbf8a377a36dd7fc8aad7fe96cd842c7aa62ca6781731b30d1d	a40f318d01e205d5e11ef7b13d500896d81aa9a408d972e752b330aee2ae5b6f	edb6d304f570add296d869b24c8d4c115cec2ef5f5759577d87c8ca48b447de8	620d9d831f5818db5fa545a2c365d244a997ac12811551fe72ba5867118dfef6	4b042cf522826753b34c2714718f62261d3b825314af23fad687189d3bd1ce0c	b274cf5474c0eca13c117709e8bd80fcab58ac747e076b03dca214b24f483dab	262	5092298	INSUFFICIENT_FOR_RANGE_RESUME	.	.	1	0	2026-07-25T01:48:07.083538Z	42e30f3391ae785ca06123b93add94109187923c4fbeefd17daf817d05d44479
313	asm-v1-5ee4d28b46a20e414235fb9e	GCF_014862275.1	EXACT_VERSION_RESOLVED	VALIDATED	source_objects/GCF_014862275.1	1990029	d326b7cab4c967858828e3d2000bd41f528243b406f5710fcd67044ddf257038	ncbi_dataset/data/GCF_014862275.1/GCF_014862275.1_ASM1486227v1_genomic.fna	5045818	37371502f9a65ba2adb40b87410e72365bd6d0ea7c9fd8cb12fc0b84073a7b17	ncbi_dataset/data/GCF_014862275.1/genomic.gff	58b695e529cb79519d296f4f151cbb5b479561005985b897abb43319013b37e0	ALIASES_VALIDATED_NO_TRANSFORMED_GFF	canonical_objects/GCF_014862275.1	canonical_objects/GCF_014862275.1/GCF_014862275.1.pansn.fa.gz	1419334	e8b0078f08e592b44fe509751d7281b7d27379631186a2d43c407c9e8db9867a	0bd072cebb0f0b5b52e55cc11443c232eb1c2fc333db3aa2994fcb708e1d61d9	3769019ab5318bdcf189c4f15cf8fb56a0eda84213e30442d4f39cf26f8c84b3	69d1934953120ec6f69b2dcf677640d460b02ea8ed0e625e5574660d17d5ab71	a4ca60105be9413b10fdd485bde7ba6c017f67e83748f44b26986c0a6fa547c1	fcbce44704f16493c002a3148271f5d03d71b2948f70e73510effd32dd0bda4d	282	4947281	INSUFFICIENT_FOR_RANGE_RESUME	.	.	1	0	2026-07-25T01:48:10.061517Z	38177f85665b73df1aee247fe5a98f0fb45214b37371698f69b1649368f12173
314	asm-v1-0f2b1f62b29c5ba8049ac46f	GCF_017594325.1	EXACT_VERSION_RESOLVED	VALIDATED	source_objects/GCF_017594325.1	2112134	1b043415770cf6aa5c24074860f76dd1ae47cc9f5a4c316e79c6c44a2cd5fafb	ncbi_dataset/data/GCF_017594325.1/GCF_017594325.1_ASM1759432v1_genomic.fna	5467528	0dc1101ac6a462be70ba011fec71a6d1f19d717169e465324c4f6d27a833790d	ncbi_dataset/data/GCF_017594325.1/genomic.gff	a8b6c146c4b3f05ff63b7cd9d3a427d01359d14e992d4155909e588bb9d62ae5	ALIASES_VALIDATED_NO_TRANSFORMED_GFF	canonical_objects/GCF_017594325.1	canonical_objects/GCF_017594325.1/GCF_017594325.1.pansn.fa.gz	1533946	e8a09e0bc35b08c760d1f9b3e10de1f79aa26f461dbeb2b2c1111a12c4f19314	bd0b8a04faa17170b4b8b446736086b0cd72305dc06683715e8f8f6ed3b3629a	2a83c21060336d282de5145bc765c9fe75b052f36cc89c80e3104aead6b0d61a	01bf6d4a49873dee2742f214d19fdae601973c1dd21b6c722548da91af83718b	2b6b226e123f1a382cc59159efbbd17bf897a1ebca46ce200a29668bf6ca1fff	4a396acf885b728fb6776e5c0cf067b879467293a17dd4437f847c21c369e39e	124	5388334	INSUFFICIENT_FOR_RANGE_RESUME	.	.	1	0	2026-07-25T01:48:12.571755Z	16d5457ec7fda1561fbd31db05c111b5f606befb9395d50cd613e5344f9143e7
315	asm-v1-ce8c548dd5b3541ee02e5e4a	GCF_014117345.2	EXACT_VERSION_RESOLVED	VALIDATED	source_objects/GCF_014117345.2	1971951	e99cbdd467d2ab393bef6f08d5b83e889310f72632239c32dcf59166c9225ce5	ncbi_dataset/data/GCF_014117345.2/GCF_014117345.2_ASM1411734v2_genomic.fna	5109601	619068468bb3515e4b7ccc587f0793e8a53918f2e9a0c36d1b9acc4ce22967a9	ncbi_dataset/data/GCF_014117345.2/genomic.gff	3ad06ee7e27e2d6d373f13738e0053549e5b312c9a5696a7405ca21c5c014528	QUARANTINED_SOURCE_GFF_NO_ALIAS_VIEW	canonical_objects/GCF_014117345.2	canonical_objects/GCF_014117345.2/GCF_014117345.2.pansn.fa.gz	1431240	e95495295efeceb74aa1f608435dafa54e905efd8b73301bd9fb4ad09cc6c725	96965a045f5283cf9357745b3df6dd486f2dbc22c2e84839a59c43fb8d2b9a34	0d010094692bbacd52138fe8f8c300418b57c0b3c96773352351345e368edd0e	212d1af122e8d109faec8a4d52672c5b8ed26b19217d943dc5d8d839f98ed5a7	d92bf670eb947d73252ca263d91d8a7ac67905cc8194ab1ecedeceba6caa6213	cd40aa389a30100c781d654e00f2807198c3c498d97099f6457427282fc8f296	3	5046283	INSUFFICIENT_FOR_RANGE_RESUME	.	.	1	0	2026-07-25T01:48:14.846678Z	53b0c0295999c98dda5762a6cd3dcfa181d789e60445bec32dc46458a8a4c464
316	asm-v1-1742798f78b5945129c1a5a8	GCF_003328095.1	EXACT_VERSION_RESOLVED	VALIDATED	source_objects/GCF_003328095.1	1981568	2d1d94a4be6805eed9f77ac643500511dcab6802f5e1af1f621c88c935046247	ncbi_dataset/data/GCF_003328095.1/GCF_003328095.1_ASM332809v1_genomic.fna	5108609	85c49aae67043efec1f82afd15e21eb627b9d4e1188051e5d9975a4f58b98acb	ncbi_dataset/data/GCF_003328095.1/genomic.gff	57e99bd39f0397cb03de26e82cf97a8a48d831bb94825c8caf47dff14a33e2cb	ALIASES_VALIDATED_NO_TRANSFORMED_GFF	canonical_objects/GCF_003328095.1	canonical_objects/GCF_003328095.1/GCF_003328095.1.pansn.fa.gz	1434315	6a5806590f6f9a842219f9cac2d5768cef7bfc5d30f427770ac0ef0be31cb2f4	31be4eafc6853b4a2d8c054e67a955b19830afe02cee28fe591ce6f3f123e3f7	f0e16b5db5f412da05a64115101c16a2bccfa28c4ac39c4de0c44bac144a1c4d	91bbec6856ddf8918381a0b5561be9434373f4feae5650f131b5f7f8d91ef104	6547d0adb1d8559605c6ff28a53559c1d7842508cb36af92c94975dfd16e9513	a6fe48c304a4e71df2321b17ba9119005aba89e75e1f32c6a815f4873b744a7d	81	5038307	INSUFFICIENT_FOR_RANGE_RESUME	.	.	1	0	2026-07-25T01:48:17.069827Z	ca1794af33f0b8779c30cdaa53f2a1c84edfa3d02cee699ae7a2cea8082456c8
317	asm-v1-0c9901123d4adabb8a8ead06	GCF_017165455.1	EXACT_VERSION_RESOLVED	VALIDATED	source_objects/GCF_017165455.1	2204766	d0aedb67686d3196400711e0cd1e9dc10c81fdb16c004438df13ccf26b573d73	ncbi_dataset/data/GCF_017165455.1/GCF_017165455.1_ASM1716545v1_genomic.fna	5704652	cd26dfacc24c8222e16bf07511f16345af0376cafec5c2ff1f6516681ae4c157	ncbi_dataset/data/GCF_017165455.1/genomic.gff	ab69f45cc7acfe4c660abd5cf128551301ea95e9463f62dba01bf44ecf47264c	QUARANTINED_SOURCE_GFF_NO_ALIAS_VIEW	canonical_objects/GCF_017165455.1	canonical_objects/GCF_017165455.1/GCF_017165455.1.pansn.fa.gz	1595189	5603a285f58a1a6a11f2a05fcb7ad6f4cec8bb27b9140234ab184969bf39ed91	1818ebcb0227ee6d56efa74e536ae2a2a6af485a63cc6b021722f01995e864e8	55b34161e99e772725a898d204d52051802cabebed1caed897fed8a0e09e1245	ac76a1306ef94bc902ec3dd31a94037fa050bf96bb5f3be993150d5afe7592ac	467180ae322ca4be91cdef9e50def79b6820b8dcbf67b8b17d4ea33d30d564b2	cd40aa389a30100c781d654e00f2807198c3c498d97099f6457427282fc8f296	4	5633885	INSUFFICIENT_FOR_RANGE_RESUME	.	.	1	0	2026-07-25T01:48:19.224196Z	03e19070bf20c63bcf189694e3ae418c3cd1244d4ec5eba8a3dd50d8257e983a
318	asm-v1-b709ccd27fbe6f0951eea1e3	GCF_900499255.1	EXACT_VERSION_RESOLVED	VALIDATED	source_objects/GCF_900499255.1	2160057	febfbcf815a879ed56b349b96eaf5f39eabc2b07a842875afd81c3ee91ce98a6	ncbi_dataset/data/GCF_900499255.1/GCF_900499255.1_933A_genomic.fna	5490673	4f92495e595837b74163e2878b43d9f091776948d8f3966ac6e2f37b953b7f43	ncbi_dataset/data/GCF_900499255.1/genomic.gff	29f0e9e83b1ece87417786e6588c7b5faadc3dd94b23b9bfa3346126bf58ee23	ALIASES_VALIDATED_NO_TRANSFORMED_GFF	canonical_objects/GCF_900499255.1	canonical_objects/GCF_900499255.1/GCF_900499255.1.pansn.fa.gz	1554172	fd9605310102173af3ca2dd7d199fb2f9af8a5a206410ff485159374a833f21c	69a5301f553f65d7ae75f161e8d0f43b5e03b009212b8a9b122b4e16f58150ea	d8e71ebf6d58daff1f96adba7d9a2d0c598e458c3ffdd2cb9b793dd55cf5753e	dcdda635cf4deffa2e40889a70f87836d747451d067f0fa35b129da80fc1bdea	0a3d815074da29d5ac4382b92c1afb3b327dca89cbd18adc25857fb9b00be134	128574bcd443d24ab711d7d7e14183ee831bf1a127522b4892cf98e440df5bfe	311	5398161	INSUFFICIENT_FOR_RANGE_RESUME	.	.	1	0	2026-07-25T01:48:22.459646Z	33b9d5b3c518156a54d7de809ae2895c750152e0a7acdf138c3c97dc3430bf28
319	asm-v1-debe4843d6c69c07134dcd78	GCF_003469495.1	EXACT_VERSION_RESOLVED	VALIDATED	source_objects/GCF_003469495.1	1836613	024f4acb8ace385d405a5d69a781a4266fc113544bb08176dbe7bf15629d2c2d	ncbi_dataset/data/GCF_003469495.1/GCF_003469495.1_ASM346949v1_genomic.fna	4663435	184fbabba0e3bed45ded72d19ca5146c9cbb3e10c3776770c56f1380aa27d0ea	ncbi_dataset/data/GCF_003469495.1/genomic.gff	70a9c6a670c7035989daeb827a8e398434d823e2041db5728ab8df04f2c978dd	ALIASES_VALIDATED_NO_TRANSFORMED_GFF	canonical_objects/GCF_003469495.1	canonical_objects/GCF_003469495.1/GCF_003469495.1.pansn.fa.gz	1318424	4a13c53e1caea250eb6d83a6608c12bc9167c135c7d8ca9f9aec3e0676053eef	d0d87418799d6e90a9adbf89a8ee841676ce946c4dbbad142d705b2e64f037c3	c1ce2f19998d2411391b550126ff42445ba37cf0273c29ca156f6f372baa62dd	fd9b26c252f326250d2091635937ae2a8883ca2bacd290fdbd1e5b373d619476	0c6d20e90ec9520254c5fe64663a4598228e901d0bc424cb8a2c952e1eaa3c19	f6013d24b4f75e3f1dcc69a3112b08152da4e995ff605f2d6e7c7b27730971bb	139	4591896	INSUFFICIENT_FOR_RANGE_RESUME	.	.	1	0	2026-07-25T01:48:25.386484Z	644560118b2f29f8ee94af2efb7e35674f0933983b9f0a28e8dc1ad81024d33b
320	asm-v1-5f5a37cb9f23de875fd864bb	GCF_017595435.1	EXACT_VERSION_RESOLVED	VALIDATED	source_objects/GCF_017595435.1	2182359	2c696d1967b38223e2e16b8318e1f7635e35a8d049ce8889fb3b794e57f7c3ad	ncbi_dataset/data/GCF_017595435.1/GCF_017595435.1_ASM1759543v1_genomic.fna	5545601	37933616989f2790af923348f12d6f9b5b531a0dbbf881b2748f49753993e3fc	ncbi_dataset/data/GCF_017595435.1/genomic.gff	b160406676883e85ae3e20a342c82fb80d1aca29a1e01c19b8814f2d2a1676f5	ALIASES_VALIDATED_NO_TRANSFORMED_GFF	canonical_objects/GCF_017595435.1	canonical_objects/GCF_017595435.1/GCF_017595435.1.pansn.fa.gz	1574990	6bc74bb5b6a8ece5e4acdfe1507e8e5f5d5c90e2e6cf8f2e4f2f57e0621d9073	a46878cee75c654606785b018b39f1786b7738b430c7b6b56a05dd83a3bf1139	781192741463efb72afe04e28dd14183bcd7ccecfa09bb0ef7a014dca95e9292	b533c1b8dd8c5fc5710c4060acba744b47ca79eaee0f14ccb50cdfb5a3c5a9fd	2bf02d1280e58e40d21108d1955537d97940c660c4925fe9ae6265805e5c7f4a	5da5c7a353b91c27cdf12cb06e6504a4dbcabc94cb5d10e68214bfcca4643bbf	353	5445693	INSUFFICIENT_FOR_RANGE_RESUME	.	.	1	0	2026-07-25T01:48:28.815982Z	e3314fc13b6b0e8893a07941afa3aa2058d5ff2ca1a1212a4106915f72e6c8f4
321	asm-v1-a1aca1b02b3c8aca5e2e48d9	GCF_001911755.1	EXACT_VERSION_RESOLVED	VALIDATED	source_objects/GCF_001911755.1	1988634	664bc43c6207f8a061e9a67a931c67e7d24f4930f44757dc46f2e34374850e51	ncbi_dataset/data/GCF_001911755.1/GCF_001911755.1_ASM191175v1_genomic.fna	5064471	64fdf4d4875742d09e45dda66550f9fc99fc39e111249cddc6c4d77845d63daf	ncbi_dataset/data/GCF_001911755.1/genomic.gff	e087f9ed5faf497b3830ffc34f3d2e08a63ff91353f399b1277f6d5a647ecfd3	ALIASES_VALIDATED_NO_TRANSFORMED_GFF	canonical_objects/GCF_001911755.1	canonical_objects/GCF_001911755.1/GCF_001911755.1.pansn.fa.gz	1417532	a211edfd5c6f8a4db5ff387fff80953c2a67104755ffc935bd117cbadd3ed23e	467942b393f90168a95afa12cd91f1772f3fbdf387481d72c555b9cb406fdca9	ff02a4f2a3c850d34ae3028d97f7f53c98ec2e30b6d9c2d99c35776e4f94e3e4	6f1e603b918a48ac3dc295ffa8ef5b02c6ad69597146995941cc949eefce5db6	e475e38ce4f8605a62262317920a6b59cf6509d32a342c7c77513ba19b42ff63	5db7ca2fc76cdc4323f3b2bb0656617267df2f0417d18332e2265b37dcb5c87f	134	4988884	INSUFFICIENT_FOR_RANGE_RESUME	.	.	1	0	2026-07-25T01:48:31.452901Z	16a0b6a5a16ee3d1252efe47ada37eee9dcc85bdede457913051ba3624a25dfe
322	asm-v1-56589925f46a0fbaa7ec9742	GCF_009600715.1	EXACT_VERSION_RESOLVED	VALIDATED	source_objects/GCF_009600715.1	2154812	4bc75069842a63b4ad9542bf5ace3b429f5b9779c90f22d115ab266f6a58c974	ncbi_dataset/data/GCF_009600715.1/GCF_009600715.1_ASM960071v1_genomic.fna	5487580	939f98f5598fe28f1d0d6358eaeb127e232217134c21b29f7d5f73b770aeaaa9	ncbi_dataset/data/GCF_009600715.1/genomic.gff	b2d5a653ccf940b3478c7ae1278ca000a994fca6e6126adbf2d67f7b465de344	ALIASES_VALIDATED_NO_TRANSFORMED_GFF	canonical_objects/GCF_009600715.1	canonical_objects/GCF_009600715.1/GCF_009600715.1.pansn.fa.gz	1550899	ac1ae745d36a3faba49c5d93818bd87dd4687b1f9e3ee69cfa2ebf0759a45572	b68b0e290aa2a6dcd187c8ca1afa995fec9e32d4daf3ae90e90309d00092fcf0	40a07c7df6e6994809aebb0d974e544adbffa3f2852c5cd78600a02f4dae56fd	abd3477a3f688d2b7383c192262669a2520c6bec5d1a5643f3f06679551b13d5	c470cf35d491bf0ebd82642ef07a571421f4e718b7e95825526a076ef0a3df2b	12063cf59a25ccb311a1693dd1adf2b48c26b33d44773b59d42151021ff4f5ec	428	5376499	INSUFFICIENT_FOR_RANGE_RESUME	.	.	1	0	2026-07-25T01:48:35.114455Z	ed58138b07e33a32d3e15e078a69420ac442c7f895cdca64a7d625c0558d1fba
323	asm-v1-2a338c67bfcd7d1fb9b97c81	GCF_002228035.1	EXACT_VERSION_RESOLVED	VALIDATED	source_objects/GCF_002228035.1	2125057	58eb275b15086cbfa7f457354db9f4fb30d1c6c6023886bb9d48af9db87b9559	ncbi_dataset/data/GCF_002228035.1/GCF_002228035.1_ASM222803v1_genomic.fna	5359228	309dae8d728c4fc4f5c1a47c37f49f3ba4fe7409a14996f21dd6439b0625324d	ncbi_dataset/data/GCF_002228035.1/genomic.gff	5312f83a605ad4d10e95666b281a0f717dcb92dba816ee8f5c3a6b8657df0da0	ALIASES_VALIDATED_NO_TRANSFORMED_GFF	canonical_objects/GCF_002228035.1	canonical_objects/GCF_002228035.1/GCF_002228035.1.pansn.fa.gz	1510008	85ec85d3222043fa040f3350f9ab91e472245eafdd19606ecf30f9a72368ca5d	47926258c2b178ef8289767bc8965e51e01a85e516eba5fbbacfbe3944bee503	7ebac6ddeac0b74c0ca1685479060a31a124ce723f76eaf93832e4b15646b854	f256ea5dced2902a9673405c3f662c7ffe3dfbf4a88ad11fd9e50005be491090	3541a2a46420baebb0625deeeaff543f17671f5eaee682f44855d3492736b733	0afe1ac34b6a3ae65bf5012d1ffd9c00551aa0f174b0fc752aa21bb676bd4550	392	5244276	INSUFFICIENT_FOR_RANGE_RESUME	.	.	1	0	2026-07-25T01:48:38.751376Z	d542998c3f48c5bd05fb9feed8783e966068ca30685f28c836263a88001d5dbb
324	asm-v1-48516cf757f867f9c612801a	GCF_009899125.1	EXACT_VERSION_RESOLVED	VALIDATED	source_objects/GCF_009899125.1	1983951	b9ba95a49f9e1f447a993f03285da7368111bd48755bf2a982e6ee1e342c6ef4	ncbi_dataset/data/GCF_009899125.1/GCF_009899125.1_ASM989912v1_genomic.fna	4981961	e586288b15656f48728fd3104436eb0d9dc2f0d6173741ea4c432841757533e3	ncbi_dataset/data/GCF_009899125.1/genomic.gff	a9a45d320ce46f9439db61c1f705714b35b4fd52c4016587a1f59b1713634836	ALIASES_VALIDATED_NO_TRANSFORMED_GFF	canonical_objects/GCF_009899125.1	canonical_objects/GCF_009899125.1/GCF_009899125.1.pansn.fa.gz	1418606	3c8834dd86a7c36663c0a1350eb4bad65c6319986b7ebd1f46eae98bc54abb0d	e6ffec829fd7092d640622734f98aea1460e2ccd32e2dd7eaf8795ebcab9f721	4d34d306a62466976a3e12e558ab3f08ae339aec2269209f7995c63913e8b1dd	4963ca797f83dd21f05cc5c7e63aa9322e8a547493744fabc80196271f8d9a0b	06537ef40edfc6bdfa6bc9a0c65a95d5161ec0ed9693153679f8c3a72103c5f0	fc34646387dec3f2730beb1a106389e6e7ee2f8a4399a0234a3af8a3b0360590	310	4889477	INSUFFICIENT_FOR_RANGE_RESUME	.	.	1	0	2026-07-25T01:48:42.079651Z	9114bf338301f1021029d94570f3ff74c2220045c204814f7d12aaa4bcfb0e6b
325	asm-v1-218763b60aac8f808a938aa0	GCF_002469155.1	EXACT_VERSION_RESOLVED	VALIDATED	source_objects/GCF_002469155.1	1946644	da10d818a5da845edc1f2b817744fcbf773ccfb268098d66c0acbfc40b4b82ee	ncbi_dataset/data/GCF_002469155.1/GCF_002469155.1_ASM246915v1_genomic.fna	4991862	61eb38d330e56b8b4fe759ace6223c4bbb1a4cd4786d2fbb125550ccfbd5b2f3	ncbi_dataset/data/GCF_002469155.1/genomic.gff	8545358c7baa027ee27ba9f98a81923729795053758b5bdb0bc77e6f76b27118	ALIASES_VALIDATED_NO_TRANSFORMED_GFF	canonical_objects/GCF_002469155.1	canonical_objects/GCF_002469155.1/GCF_002469155.1.pansn.fa.gz	1397410	0a1f0d83cdd5cef6051dbfdf1067132c8d4a2a2b93965463c89031838d5d3462	c6a736d1a26ababd13ab0250f48e2df0b44ce4e1201c5c9330603fc34fe1a553	2cf2cf965afc219519eace84b36355958a2e92511756b8489853e4ab1cd9dcfe	edfe41365dd39145c31fe39bd4167b25e704b87b03ce1774a5104ffd9b4a403c	3cbbe72df5634e7c2ed43e397f4fde1c7f04086629a09cdfe4d81e3554a8e757	8ea8714e7835828acb22aa92e78f7ac05d9a0ba80ed8f0bec7a8f2fafa589613	143	4912472	INSUFFICIENT_FOR_RANGE_RESUME	.	.	1	0	2026-07-25T01:48:44.494892Z	6377781cbe4d649c0226aabbee71252fc4ffb470195231f52fd918e3a45e6371
326	asm-v1-2b28613b62139cb4aac040d2	GCF_006352105.1	EXACT_VERSION_RESOLVED	VALIDATED	source_objects/GCF_006352105.1	2108386	7803b1e08f447c49b96b518a1c708a50e4e50cfa9d220f00d712658c0cec8a9e	ncbi_dataset/data/GCF_006352105.1/GCF_006352105.1_ASM635210v1_genomic.fna	5398314	d05c91a6365e10222983781fb2767cc2d09f5a972d74047da69478ea84249794	ncbi_dataset/data/GCF_006352105.1/genomic.gff	fa36ce047af9fc0e4eeb28f881a83332bfe1d09685bad4ac08fdc04001ae4e06	ALIASES_VALIDATED_NO_TRANSFORMED_GFF	canonical_objects/GCF_006352105.1	canonical_objects/GCF_006352105.1/GCF_006352105.1.pansn.fa.gz	1518720	85ee9beb9b3ee8b3e4ce9412e1d8f27304d76cd8e7ee29021a5278ac7df68a61	efc84298ecbf862b8e2b395c6544fcaedad93bf7548c06a5398544de29570973	80c36bd94b5ef2630104ce98e7d555142a76c0e634dff1a4d014dc20339b4eb5	38e6c4d8caf75e3c2197971aadd3fa7836957973d30e41ddb1bf9c39ddb6244b	3e1529c8b2ccfc4c35851637eac7cd12aba63d7f745ca872e042c6d881f1f0c0	58fc6d65ab9a6daa046f34f72d81acec5278ecacacfc8ee584a51053eb6ccddf	164	5312597	INSUFFICIENT_FOR_RANGE_RESUME	.	.	1	0	2026-07-25T01:48:47.022367Z	6ca61c96bf41943bea2a28426e5ae40eb7f13f3866b22bf8999530a4f4b13d6d
327	asm-v1-41706c0fafaa3caf67fa34de	GCF_009820835.1	EXACT_VERSION_RESOLVED	VALIDATED	source_objects/GCF_009820835.1	1804923	a6951bd6602592649c686f7a99764d67c44b11df9a941d81d49321819a3a9afa	ncbi_dataset/data/GCF_009820835.1/GCF_009820835.1_ASM982083v1_genomic.fna	4598567	0f997094d1f7c0012e12943bcc84cb03a616ed374830d952765fbc6b515e9839	ncbi_dataset/data/GCF_009820835.1/genomic.gff	4ebcaefa2c0873c1fcbf1513f9398d5bb505c61e1413436966817f476c7ee095	ALIASES_VALIDATED_NO_TRANSFORMED_GFF	canonical_objects/GCF_009820835.1	canonical_objects/GCF_009820835.1/GCF_009820835.1.pansn.fa.gz	1293605	4a3a848a9ed6b57edc67cb6a9c3b0856070fba1e48601a67cc6040021ed76498	b22dd2e0de801000b49ac361a160958112a424d35d874058cda3e5cdbcd58398	1b846704477d2652c771d8c9f61d3b4043f8331a7b418e15f57d1eb600c0bc8c	938849df00151de80e203cda3d4c02a33dc0f3c9c17d99c47c658f8f1554995f	7c7a584d6639106e821cafd8d93d37f7b3c377a2bd5a6c164dcc8a4a6b45bb1b	88e95dbb7ff40ceccc742b90ae30a194b3d256876adbf47de8d58f1b23880f48	124	4527588	INSUFFICIENT_FOR_RANGE_RESUME	.	.	1	0	2026-07-25T01:48:49.355797Z	46216a5911723065bffb7c93dc3ad723c14df26eaa367468ab69c0791981bec2
328	asm-v1-6ace243349e2a6002cc04c0c	GCF_001506145.1	EXACT_VERSION_RESOLVED	VALIDATED	source_objects/GCF_001506145.1	2212352	733729a44e97ac34800c8bbfbcba74d99c23cd891b03035d8e95322337daf1b7	ncbi_dataset/data/GCF_001506145.1/GCF_001506145.1_703450_genomic.fna	5616275	252a80747ef44f55a64493126d48241d0bd1b0f7c225576ec12eb29743e50247	ncbi_dataset/data/GCF_001506145.1/genomic.gff	8e1ad7a557af4beb130f29b75cd3b294e54384ea3d674ba425d5d839ca66dec1	ALIASES_VALIDATED_NO_TRANSFORMED_GFF	canonical_objects/GCF_001506145.1	canonical_objects/GCF_001506145.1/GCF_001506145.1.pansn.fa.gz	1585304	ddbb5c3c7ef36cab3c2bddfabc02459d8be7911594c380dccdca89ffeca4b6a8	3f228701ce40df275a5fda59ef2639fa5f50062fde3170f9a943bfa707e78038	a14e921d926dd684e08c756dd0aa1d941f1a0e9dd286828581b2290297ddf402	b0bf24cd9e7d4007a7a73a5c2e240aab0710e5cd411e9d49898e4c04b1124568	fca5a4fefe05d802aa960125149ed628d7fa056df9031f4cec40312a0f9ac415	498b7814d017f47def8bfb182e7958da41757eb1475ec8519ee018bdb4aaed0d	289	5520644	INSUFFICIENT_FOR_RANGE_RESUME	.	.	1	0	2026-07-25T01:48:52.617669Z	8591eee43081fa87cc9a2d6b25d6a6382ff0e38bcf5725bedcfbb18d38dc663b
329	asm-v1-23cdc1691b517333b3cb2592	GCF_002546515.1	EXACT_VERSION_RESOLVED	VALIDATED	source_objects/GCF_002546515.1	1841989	4399f71882a3c82d17f942f82a22a2465a062ede704d7643ff35370b5a35962c	ncbi_dataset/data/GCF_002546515.1/GCF_002546515.1_ASM254651v1_genomic.fna	4693247	3301b16a96c273eb14eca4a79e566b9db68979f6262609f582be642e5d295a94	ncbi_dataset/data/GCF_002546515.1/genomic.gff	f19a0b9b44e409e22e65a76e48b34ceab3b218278187ebd32f7ee9dec519e4a8	ALIASES_VALIDATED_NO_TRANSFORMED_GFF	canonical_objects/GCF_002546515.1	canonical_objects/GCF_002546515.1/GCF_002546515.1.pansn.fa.gz	1322872	ad3cbcc320342fcdc097f321c249e945f2f283b6217e04d7f97ec25180b745d0	544e45fe85aea4ec66f527265269446f237856e50dfddc212ecb75a0e86d4449	e0d3ec46fc5e486d535c8582933433ad1d6c0e67b40987128ebfe3b8cbd6f69d	694db924076f0f606bec508beb4b4ace7ab22771bffdff98015db81394ae3bed	c4b9f317540ed441ab0a46121e326dbbe499216606ae341401c86dead83f813c	45132133063b013223b0012a63a17296db697c9c0c558733b776dd53003461da	157	4615765	INSUFFICIENT_FOR_RANGE_RESUME	.	.	1	0	2026-07-25T01:48:54.979151Z	cd266a8b877f662970b9827a60fb4c54dfdac0969bcaf8dc50af2a0d744f6d3f
330	asm-v1-307fa61f9afcf4c060a787f6	GCF_000350765.1	EXACT_VERSION_RESOLVED	VALIDATED	source_objects/GCF_000350765.1	2033058	a62d90137096e4f04ae789bf799d05519439bdbdfb034213242d47152cabc5de	ncbi_dataset/data/GCF_000350765.1/GCF_000350765.1_Esch_coli_KTE16_V1_genomic.fna	5273111	057b23ddad3d75055e5863e8450a8200393e4907281994a34e16905dd94728d6	ncbi_dataset/data/GCF_000350765.1/genomic.gff	4bb3b3a4e884794849974a166ae733b9fac162d5ed97bb4570e5da8fbd26554c	ALIASES_VALIDATED_NO_TRANSFORMED_GFF	canonical_objects/GCF_000350765.1	canonical_objects/GCF_000350765.1/GCF_000350765.1.pansn.fa.gz	1472929	572c20281cff9e29fccd3976fc6fda9c99edaa3c21e7b4bc6d50793070d208d0	d07a0211a10b09c5fe0715d153015e06d87bf40995934fd07fec9a1142cbf71a	070fa298eea49b51ee6ef5f4422e6eff2b51ee90c1a8063607042c19bf349aa6	8ca7c702c98982488996ac0fb7c32c97369554d41a2e39418e7f634fabf3e6eb	d91fd3c61beda0af815d45be97489c95d15414764c139a468a55a92ec5005c65	dbc30a09e423faf2eeb5cece3d55afbbc55c00f9e0cc28f64b85e1efd2a94c46	13	5206869	INSUFFICIENT_FOR_RANGE_RESUME	.	.	1	0	2026-07-25T01:48:57.194399Z	0093dd3b2408e05acfffd59375aae253792c49bc614684b00d273275ff1f9938
331	asm-v1-4dadc70b362e44beda023683	GCF_016123575.1	EXACT_VERSION_RESOLVED	VALIDATED	source_objects/GCF_016123575.1	1978573	2d90f631449418d820c66f72e13701e7cf12a3c3de9ed3c55b567a92790677e6	ncbi_dataset/data/GCF_016123575.1/GCF_016123575.1_ASM1612357v1_genomic.fna	5046477	3e3b7ab41b695445ceed41f35951f8f825facf80792a721996de90d6e7350aea	ncbi_dataset/data/GCF_016123575.1/genomic.gff	20fae03620201d9d2590514364b0705eb918362c3a5dbe9b72366c1cc9627ff1	ALIASES_VALIDATED_NO_TRANSFORMED_GFF	canonical_objects/GCF_016123575.1	canonical_objects/GCF_016123575.1/GCF_016123575.1.pansn.fa.gz	1416816	b2bfe700082641bb39d3e03e2a32289b22c4e4bc72a708891565f5f23eab5888	9285782ee6a0e56f8086ff6b4bf89e125667ecb356a1fc0cdac4fcc8b4989983	c7b59d4305d715f20f4eefe51f83b47ef6c6f6cc046716736fe1d43ded0722d7	8c8d54fec9e0af95d56c82fad0aafb9537a1f75af7d588ffa334d4249a3c7ad0	c5a75b0e80d93094bc5c6036cc5e0f287336e0963b2b040b735589c14592f29b	742d9aa9a29bd299d7ee499d29e921c6dce6ad7a4b8c2ab772fa5e2dc0faa0ce	133	4971905	INSUFFICIENT_FOR_RANGE_RESUME	.	.	1	0	2026-07-25T01:48:59.825071Z	7531c66ff3bf4e7151d743713e3ea0ad5f1735a85df73cf0cd0a6b7f1b93133d
332	asm-v1-65c95e6668df4d76065b0afe	GCF_003361965.1	EXACT_VERSION_RESOLVED	VALIDATED	source_objects/GCF_003361965.1	2135863	905d1a59eb0ec01b70cf6788d5e7830f73c4e8da0a06248cc399ed63eb01c121	ncbi_dataset/data/GCF_003361965.1/GCF_003361965.1_ASM336196v1_genomic.fna	5479596	0a38f4666c39bf5b9118f7d54ce7df381957acd876abd0500dfc2b5ae9fdab77	ncbi_dataset/data/GCF_003361965.1/genomic.gff	3f1607499ec71c058cab5c926cf1834c89973e00fed4dbdae05c59370ecbb6ca	ALIASES_VALIDATED_NO_TRANSFORMED_GFF	canonical_objects/GCF_003361965.1	canonical_objects/GCF_003361965.1/GCF_003361965.1.pansn.fa.gz	1541236	b2eadfa02b4c2601608818f0195d19057ad00e046954beb9fce7f9a0f9b47456	f9cf0776e74e67fa338004651317cadf218d335c1ba3f4a02ec58870fd860d34	5964ba9061da6189be56209ce9faae42a60962e8fecf8422f85d503bfc51eae0	2e0841c82032b5281c8abb6660aa7b7d26569500a0f83e7d4dbac21f262970b3	13068638ff7b27c9a5dce2cf6ad36ba80cb5c4b8961824917c16c9073114b270	a42b8b2cf7915861cfc8e2afc391585f19697ae5059e22c2c2a4e68d98a7a557	211	5391115	INSUFFICIENT_FOR_RANGE_RESUME	.	.	1	0	2026-07-25T01:49:02.680246Z	1cd41921e1a1a5596f4ad08c92a0f3f62de5f92c69d5f5c132d508f43038d7af
333	asm-v1-07dbab52654a6dd0ff316c13	GCF_005395245.1	EXACT_VERSION_RESOLVED	VALIDATED	source_objects/GCF_005395245.1	1922081	00ca199718b0f6e9147fc6a992dfc29eae5d2f8e26fcbc4067e9503b8f612edc	ncbi_dataset/data/GCF_005395245.1/GCF_005395245.1_ASM539524v1_genomic.fna	4883593	8e449ea474fc30101dc4ab0166095f4486d1993b17d725d5243b03b8700d0e90	ncbi_dataset/data/GCF_005395245.1/genomic.gff	eb01f5a93157aebfed8b74f389daaa6f9942ec1c2176fd8a46a5e003c7c021f9	ALIASES_VALIDATED_NO_TRANSFORMED_GFF	canonical_objects/GCF_005395245.1	canonical_objects/GCF_005395245.1/GCF_005395245.1.pansn.fa.gz	1373554	0edbe370ea708a40fda990e64b961883610d78a64da414b25cdb98f31bf37a84	f749701e553a3a265a7c39ede8d290464895676b7b2d5bf9012fce384a4937c6	72eb6ef6ff23e1d4f44751fc5e1635db027466201369146508584e0dcc39051b	b3e9984cae9e7c14240f16e05078ad7dd454d6f212f7bf365ce1bdacda37f729	57d57cbaa6f9438ae4a19ece3c9df2679424f354a81318153859673eb15c8cae	8520d80d93118f2f975425eec13e421ebccf407f344b5a4dfccdf412270fca8a	141	4810004	INSUFFICIENT_FOR_RANGE_RESUME	.	.	1	0	2026-07-25T01:49:05.589775Z	3b6a87905e16f517722f0643620f833be0c6669305135b1dd0e648d781322fc8
334	asm-v1-ba10d552b7e3f48bd87ccd8f	GCF_003018655.1	EXACT_VERSION_RESOLVED	VALIDATED	source_objects/GCF_003018655.1	1996576	9e5a6177eee1cdbd232f937a3344b0b4d4af14c8de4b61b8de5bfa845e623edc	ncbi_dataset/data/GCF_003018655.1/GCF_003018655.1_ASM301865v1_genomic.fna	5232629	ef1ec463d686a046b3c4ef67a4f476b9d8827038a6ca06f4c4382168a54da4f1	ncbi_dataset/data/GCF_003018655.1/genomic.gff	aea0efab75ec0cb6929a5d287be6c2c7e9eceb675b6d947bbe96f52d95abf82b	ALIASES_VALIDATED_NO_TRANSFORMED_GFF	canonical_objects/GCF_003018655.1	canonical_objects/GCF_003018655.1/GCF_003018655.1.pansn.fa.gz	1459809	9c7943031755a4439e42470019980b5ff3d24968518f7f5c09b3e63740dd9723	8e02873148fbe93465ef80c9f50ae75f28eefae7aefdc6d460a4fecc93c0990b	7d4e59f306db0911ccbf1df03fbd4b7eb1483afa59ad489363a740ff19dd7df0	e81247667b837989573a6e04200314619a125e995af75d26fdee831233f3b6c2	69725f83bdc9340dd57afac25fe7a509aa8378a6a5749fa347d91716125e3aba	89889fbcc189a081e2a9a89e66e1c46ec18055e88326bff49ed75d77fb255258	1	5167951	INSUFFICIENT_FOR_RANGE_RESUME	.	.	1	0	2026-07-25T01:49:07.617724Z	fae4a4e58c658ba55d21cd673ef899a11ece9800e89be03a3bfaca9a9864ffb1
335	asm-v1-e403dd022d5e0fd72bffb5cb	GCF_900499355.1	EXACT_VERSION_RESOLVED	VALIDATED	source_objects/GCF_900499355.1	2089112	64d51081d0e64668493db4e485a630019f8c08c4d906704d0d004e0b109f983d	ncbi_dataset/data/GCF_900499355.1/GCF_900499355.1_370D_genomic.fna	5387571	ad1aba67f5a820f53f70035dc77d03b5b4701665837f61abe2f3622a86d44adf	ncbi_dataset/data/GCF_900499355.1/genomic.gff	80ef7e50f88fe772f960344c181c609a35ad369df755f8f7084c54541818a1c8	ALIASES_VALIDATED_NO_TRANSFORMED_GFF	canonical_objects/GCF_900499355.1	canonical_objects/GCF_900499355.1/GCF_900499355.1.pansn.fa.gz	1513636	19cdb2e665d3a189ddee7fac7c2ab6843d7eedc469402b77c3c5ddeda4546879	2d6a4754537e9d5f54fd2148e4c98131746975ea1824d2282cc750918fe31eff	0da25de1ffbcaea32c1b33a8f07c2c5a21e28061f563c65cc4d02951d4a6b94f	4d46bf6c1fa5bb76d8882f39b012770f08991ef512a792ad9d3cb6a6cec07549	3c3ad84d975ca9f2e6d76e8d5f834dfdf70c382f83d78ddfdb574fe06d7bb1b8	de8eed388ad00aad2774c334ecef532e29ed13b0d759eb4f6d2ada04c45ffdcb	263	5300153	INSUFFICIENT_FOR_RANGE_RESUME	.	.	1	0	2026-07-25T01:49:10.485910Z	583d175311872fb52dd981a7545e35ad4c36b729ad4105d6e1d0a8344a087207
336	asm-v1-c03a9846f7040f1e31988dda	GCF_003730645.1	EXACT_VERSION_RESOLVED	VALIDATED	source_objects/GCF_003730645.1	2075004	d5ded7f73e6dab63cb4cedb72d00cfb73e476ba4f643f2563ee6889bfa04c72f	ncbi_dataset/data/GCF_003730645.1/GCF_003730645.1_ASM373064v1_genomic.fna	5307759	429ba2b09a58fc41b1494da8ea6865ba2a46ac0d9fe8211c245f1276e69d223c	ncbi_dataset/data/GCF_003730645.1/genomic.gff	5d9b214f1b3ccff10f056de67e0de73f206ba925afad314d39fd41db6082a600	ALIASES_VALIDATED_NO_TRANSFORMED_GFF	canonical_objects/GCF_003730645.1	canonical_objects/GCF_003730645.1/GCF_003730645.1.pansn.fa.gz	1487971	968cb2ecc783e71c1d02cc5bd0587a3bada3508a257064c4577dbeee26109d1a	f5691d3e42f2885c70cf784a1888713210a009c3f57d83fc588a9037efce10d8	1617cc44ba104bb76a07bbe0bbdbd4b0793ec0ed95987343aa39582fa2ec1b02	583dc848c758c0a70f8708e1d9401dd4a6e08beedf66acb287a3dd2c84a5bb23	ce7f00d1b37d5a1b9b43160395fb3414e1f848c32fa19e9a9155a8c35cc5d869	4fd150c7aef1eacfef185be525b45910e117d4a97b831d88e6d57726359ee827	112	5231333	INSUFFICIENT_FOR_RANGE_RESUME	.	.	1	0	2026-07-25T01:49:12.786589Z	c23de3222b4b2443aca9e38db33fa1f9b959e287d35fa9e52d6db437ce1a5711
337	asm-v1-7da5142920ae69dcebdc948a	GCF_000819245.1	EXACT_VERSION_RESOLVED	VALIDATED	source_objects/GCF_000819245.1	1918811	90c9a0550f628beaeb2ddf164adcc406e42574ebe470cd74b26578d994d13768	ncbi_dataset/data/GCF_000819245.1/GCF_000819245.1_Escherichia_coli_CVM_N37069PS_v1.0_genomic.fna	4858608	482e0694feb2a0f2def78b325daf72f4d1d2815981ca61aac35bd490189a9f2e	ncbi_dataset/data/GCF_000819245.1/genomic.gff	c256d1101f0cd3def48d41e086511ef9405c61836422bc9d779985cbc23fdc30	ALIASES_VALIDATED_NO_TRANSFORMED_GFF	canonical_objects/GCF_000819245.1	canonical_objects/GCF_000819245.1/GCF_000819245.1.pansn.fa.gz	1366697	0c03a7ae1f77f27e76f2cc36906be7ef1028b5994ec7e2e542337e23028dc765	f1efaf70c55bb50703b8572e0e9ec5f4d8424c3f31d7b5e366e7637ee4964572	8711d40a5d87018d9415b1408a2ca7b91babda2621d3e381155dac1e52bc93e8	a41d8426ff21a731d488c0a82a818302e6ff067b3a9f4cc782a8ac9f01678f59	70b2a2953400cd1fefbc5791d485477729aff72b5c56046146f89f85fba6c8a8	ddaf8ca7a1d67750151efa8ae3bb95c2935f4b3d730a4a3fefc9f66d5853f5a3	187	4778879	INSUFFICIENT_FOR_RANGE_RESUME	.	.	1	0	2026-07-25T01:49:15.236534Z	90a400e2e48bca7dc00cc649c210c325b13a5d2e2ed37a0fbf5b8047586311dd
338	asm-v1-460b5765df02ac7c8a5f339e	GCF_011603145.1	EXACT_VERSION_RESOLVED	VALIDATED	source_objects/GCF_011603145.1	1951743	deeadb0b5a8c00142dcc9f33fc0a2e6817be6f3691ea2caf06249ec15578aed7	ncbi_dataset/data/GCF_011603145.1/GCF_011603145.1_ASM1160314v1_genomic.fna	5031348	aa870809d51f0b92fe24d2a8c2ab88dc3961818c82b2e309c8f0424ab1d45aa2	ncbi_dataset/data/GCF_011603145.1/genomic.gff	0e67b34562b0e5a630da7d571d4f3c942d3a10cb814b72acc04c75e1ae4e3ba6	ALIASES_VALIDATED_NO_TRANSFORMED_GFF	canonical_objects/GCF_011603145.1	canonical_objects/GCF_011603145.1/GCF_011603145.1.pansn.fa.gz	1409542	1537ce5525b1ca67d7201f72279a5c12b76d39fd9e02373ae6de5aa6f2e1c7a1	9e10420f458cbb3c3676b08d012e1b811a47504ea24a33dd40edd9f6dfee397a	dbcd0efe2fe9f3fee189d4cd3f5f23e5e24869b17c8f58ed28b1f7291bcaed8a	5929151a5fb622be00868a7df4081cf13b6a1edd5db9b5c7708cae68227258f2	b1de982ab636899c35ff48f5bd721d0ff6c7894d1c582cf804d69f199e263cc8	8ad548d8d39b070b640a52436b4504e3c931d4e69a5a882a4819c612010eddd1	90	4960569	INSUFFICIENT_FOR_RANGE_RESUME	.	.	1	0	2026-07-25T01:49:17.401713Z	2c5ed041d759e6ba7f6a6cfc2a659adb718ca2f96637bd5da87313096a244ce5
339	asm-v1-443a03a5fe9071813b78a50b	GCF_003027835.1	EXACT_VERSION_RESOLVED	VALIDATED	source_objects/GCF_003027835.1	1964356	910cdaa354c0da93438a1e16ba77f75098253c1d8b4efdd098fed68e66033960	ncbi_dataset/data/GCF_003027835.1/GCF_003027835.1_ASM302783v1_genomic.fna	5001604	6f457e3365ffb870971b4bbef2696f21dc431ca867b80a627b523b1cd9108dfa	ncbi_dataset/data/GCF_003027835.1/genomic.gff	2bf0e166bc950e3ff6fa7659b84b100d1a5efca54cf21d8db7ea657dfaecf890	ALIASES_VALIDATED_NO_TRANSFORMED_GFF	canonical_objects/GCF_003027835.1	canonical_objects/GCF_003027835.1/GCF_003027835.1.pansn.fa.gz	1401418	a3d39875fa3180359c5d28ac7a4b68042552783c5e211f170d6d2babd19049a4	bc4d0dc6824a61b8691ca0e9a3d30888949232d11add8e1343cd57ff4ab637c3	d5816e734584dd6963480c8f7ce4af7ee1d96131d9610875cf23dd2687d5033e	3d24df6dc6a8061c62b3cf6e4de6e6dbd32491603cc08f4434c019a78b9aa7a9	651b86f846ec3b75832c3bb17b7471815b2757654e39fae2698c4ce378a7ebdd	b29a4ca78580efa6fe1d923919fc0efdda31160c3ab47718603f41fef8995302	133	4923531	INSUFFICIENT_FOR_RANGE_RESUME	.	.	1	0	2026-07-25T01:49:19.823567Z	7c5f71185330c06486718737c2cfda79384b7b3f101dbdb0dd6a1b458a737068
340	asm-v1-a1f9126f1276f3afd13b66c7	GCF_002485405.1	EXACT_VERSION_RESOLVED	VALIDATED	source_objects/GCF_002485405.1	2016248	e62bb44a17cfbe69b75427689066623abce15e2fc66c83c37b226442c91f0678	ncbi_dataset/data/GCF_002485405.1/GCF_002485405.1_ASM248540v1_genomic.fna	5119984	7db20604e75e7ff3b5daf8cd54c9b274d8ee96b6a25d58e10a41d7dbae8df228	ncbi_dataset/data/GCF_002485405.1/genomic.gff	3c772636ef199130685460307c3750bf3b6c5ccec2906160485143f5df116bfe	ALIASES_VALIDATED_NO_TRANSFORMED_GFF	canonical_objects/GCF_002485405.1	canonical_objects/GCF_002485405.1/GCF_002485405.1.pansn.fa.gz	1441190	e198dcd1a36d160598d3740c72bffa787b45ffa41461dccc036b97c0c7b4763e	e02539fbd03174475b06eb081797f23b391100e5900bb1092c6f04c297da817f	3d4b8db6b6047d5914e6283a5af2199ac06b44058ad5977b3c45bf1758ea83e6	198102d6fe081a89ba1210c400a93a7c07f1be9c31c92ad710efbbd9cbcf0f11	2f7781560bce5e518f75b6fb9481cc981aa011201639d0df131efacea7315627	9b598f2fe16f14639a79cb815756e4fcb73b935e426409e153e728e1e4e2c0b3	300	5019551	INSUFFICIENT_FOR_RANGE_RESUME	.	.	1	0	2026-07-25T01:49:22.965842Z	f0d9d50f1c6b05e3fe5e81c0cb2680b740bfcc98d2696242e850612a4e4bcca0
341	asm-v1-5e32489ef6f61bf8f4000519	GCF_003303815.1	EXACT_VERSION_RESOLVED	VALIDATED	source_objects/GCF_003303815.1	2044720	bb05b8529a17294f86611ecf1c2994e339c7d13d35255a83c9d057c3bec1f4f4	ncbi_dataset/data/GCF_003303815.1/GCF_003303815.1_ASM330381v1_genomic.fna	5269899	40c5312daa6b4ea9b9d7330b8a412e8f59ecd0834e0d7b12ef5f7b4ee173f82a	ncbi_dataset/data/GCF_003303815.1/genomic.gff	5f7616052b45faac8c3e429e8eed8842972075525adf3a20d46e236c207b9ac3	ALIASES_VALIDATED_NO_TRANSFORMED_GFF	canonical_objects/GCF_003303815.1	canonical_objects/GCF_003303815.1/GCF_003303815.1.pansn.fa.gz	1476567	21a6d2d0ca0076f62bcb72e4dadc381a57aea7412950d3e873ec464ee268d518	5cc62de4d4cac1ee196e0b01eb17b5838fa66373e2e337465cd1d3432f13faa9	0947e7672b02b9b770f0584d020abd564614f84c9c443a102bf4a493e73e1a2a	054e061c9d044162cd99813b57b821767253aacda99dc175590dbb4b73cca160	f270077736f879d321893f1ecdfd32b33359567b14d4a373bf7827347cbc2e94	bc0cd0a70b1668e4a18ce44a6dd95446feca9adf51ef00aaedaddbe64bfded2a	131	5192486	INSUFFICIENT_FOR_RANGE_RESUME	.	.	1	0	2026-07-25T01:49:25.695476Z	2352245df013897c92969b256a5ff6684d68b95914ab74b175f9744ba19740ed
342	asm-v1-d1ac73798e7bd76d77e6ce8f	GCF_002534845.1	EXACT_VERSION_RESOLVED	VALIDATED	source_objects/GCF_002534845.1	1876239	560a9eb9333405739ece7c144222299e9888ae171a6d20a15ca8ba5d21fa57cc	ncbi_dataset/data/GCF_002534845.1/GCF_002534845.1_ASM253484v1_genomic.fna	4846250	4d8fd46bc9b21403440b2207d8de5d5ff8ed1a9eee6a7a49635f9b209d0d720d	ncbi_dataset/data/GCF_002534845.1/genomic.gff	59b764ffe5f13888a56212f2677cc2a663a014b1b160ad36b11afafc9b7752a1	ALIASES_VALIDATED_NO_TRANSFORMED_GFF	canonical_objects/GCF_002534845.1	canonical_objects/GCF_002534845.1/GCF_002534845.1.pansn.fa.gz	1359168	aeacf26b3e31a62f19c97b145c5771086ba274c1ea59635f5aff54ba26320388	f7496550d230c6e60e1596dbcf00fea97e6de1f25bc03b13e2c2365c9bd354fb	1db3c13719f242f1dd06daafaabf63c103ac843165154099957f14746524c916	7a010390a6a970f904f5ce3b9cefb25b58be9b66ab5f342dcba366a929234cf3	7b1d8c6d259d4456aa36c25a4772cc4e50c400b480b89c4aa6c2e177f26364ec	f517fd9e5c4c288f934f480587711b228e9442125b486c1757d1eb20c8515fca	67	4778102	INSUFFICIENT_FOR_RANGE_RESUME	.	.	1	0	2026-07-25T01:49:28.820936Z	6374d2dd24c58e30e7fcb16999db54d1d16010d3fbc02220b56d6810892488bc
343	asm-v1-b6a514216bdfcea1b6aed45d	GCF_900482185.1	EXACT_VERSION_RESOLVED	VALIDATED	source_objects/GCF_900482185.1	1930140	e1bcbf20575a4fc03ad0cc3c963fadc14375ee2e06e558adac95701fe0087438	ncbi_dataset/data/GCF_900482185.1/GCF_900482185.1_17651_3_79_genomic.fna	4935289	895aac2ed5b28d3619dfc2f54bfa49c44dbc809a53094698dbef36c27da66d98	ncbi_dataset/data/GCF_900482185.1/genomic.gff	0ecb2db5cc8065e21e700084f9a03b943b388f4b38f32bee2d7581395726c261	ALIASES_VALIDATED_NO_TRANSFORMED_GFF	canonical_objects/GCF_900482185.1	canonical_objects/GCF_900482185.1/GCF_900482185.1.pansn.fa.gz	1384998	5063316d2e40503c9b6760a6c0924f3b5e0142b36cf892e1e090b1e0e1b7c9ad	c3fb8d524ca4e5448119f10f7ae6b76bcfd5be1e152a33e4c99c02559436dd04	23f5313f7e9bf5284ac8956fcbd588d1914b89b57493036944cdcc9d671ec9b7	cc98e18a3812ba4bc777b49c4d0a137b48e8185c429a84f4ed4c7a7af64dcd5d	a8629f912673e8f30ca0fe8501c568a4c6671d55ff4f66686007f66d266513e1	a399251ae9e2d8641ba7923fe29f7e06976c83603d50eaff6b0f5f62fcecfc35	66	4868917	INSUFFICIENT_FOR_RANGE_RESUME	.	.	1	0	2026-07-25T01:49:30.977425Z	d1b98c716fce5304ce2982465f413decd18d0f2a92153631868740c1f100715e
344	asm-v1-8bbff006bbc9369db3c47532	GCF_001521415.1	EXACT_VERSION_RESOLVED	VALIDATED	source_objects/GCF_001521415.1	1943577	98cd3cf409b5a97993745884d6a73390c0e69a80724bbde8d82f6e71e026a4b2	ncbi_dataset/data/GCF_001521415.1/GCF_001521415.1_ASM152141v1_genomic.fna	4959629	635f667cb8687ce8285f23f82180a8ac984caff5a145635decd89988011c8ea5	ncbi_dataset/data/GCF_001521415.1/genomic.gff	de28e92821d49a1c6b3dd62f3872f41dc63294bbc898092fb8e6ecb9da29eb9d	ALIASES_VALIDATED_NO_TRANSFORMED_GFF	canonical_objects/GCF_001521415.1	canonical_objects/GCF_001521415.1/GCF_001521415.1.pansn.fa.gz	1404707	63626fc30e6c35f72ad62759e93c180d2b15c75410c22cc6787c876bd6fc4592	c016959232d05d1854968c8305a8b609a32dad1ff9d581cc942ccf640bac7490	f3c9d1493f8a736d59b9a2ffced2add8523a9c7952bf7518eb754940df8d2cf7	801c0eb7a783046e041829cb01c091c83a5d7ea4af42d500e973c2fcd2fe0031	dd565749d96bdcb784995c02f3c095515078715e6e39f2eac1fa6531d6ec7dc6	85fd4b93cbe954bdf26043da1ca7f0930f597c18303e8dc0ef38bd57c0ba0f8e	147	4881745	INSUFFICIENT_FOR_RANGE_RESUME	.	.	1	0	2026-07-25T01:49:33.436220Z	1df194982a7ab6c0bd8865f986ccd2909fd200822fa1a98b91ec5a6629fb51c0
345	asm-v1-3813dccdbc3f18b41577c3d5	GCF_001519485.1	EXACT_VERSION_RESOLVED	VALIDATED	source_objects/GCF_001519485.1	2103264	97ec7914f323383ef28c7cb9def9eb8b3654760054fb30c19c75ce1b69dd15fc	ncbi_dataset/data/GCF_001519485.1/GCF_001519485.1_ASM151948v1_genomic.fna	5326927	7042b16efb823ca500817ecfb6802dca54cca3ae35a9fb0fa8148688f584acd6	ncbi_dataset/data/GCF_001519485.1/genomic.gff	916f97ac0e69392fdb3b53cb2f4695d5e69c4399c638d11d33a578ff8e295975	ALIASES_VALIDATED_NO_TRANSFORMED_GFF	canonical_objects/GCF_001519485.1	canonical_objects/GCF_001519485.1/GCF_001519485.1.pansn.fa.gz	1503630	8e29ee7dfdd3cbf46f0fb7c1bbc209ea8fe01866e96baf48aa984dafe9e1c578	239682395fda89f3c99f2d7d9513e816970ea9b8102ea13a9c08574207623471	8043d1b1d56ad90415c74ad8e67bd36f01255e150b207e8ee881740e0e196736	e512588f7a03c283e869a81b0bb1462330596b7de2719b4bc1f58a097f9a329a	b6f68defc5dc5d2af4ac62bd948d0e7684cfd5362d2dd723a30f25e4850f2540	953ce86baaabd46503c5deaf2ee85499eb3dc403f45715dd7c8b36adf6a5b9c0	199	5238576	INSUFFICIENT_FOR_RANGE_RESUME	.	.	1	0	2026-07-25T01:49:36.019126Z	d6c404614980af548738bd6b0b994aacaa20592b8331876eed57e92a2f65bfd7
346	asm-v1-59418e84eb5efb3a168b3146	GCF_000006665.1	EXACT_VERSION_RESOLVED	VALIDATED	source_objects/GCF_000006665.1	2196684	41d3da47563b9aa624f0f8dba67ed1e7311f839f50e90a7bf3b541d83f7da884	ncbi_dataset/data/GCF_000006665.1/GCF_000006665.1_ASM666v1_genomic.fna	5690931	84ae40b897e1c7651612a3f62c8d5050e604608d8e573d07c193f9c37462af23	ncbi_dataset/data/GCF_000006665.1/genomic.gff	365ffcc06f051f94dbfe5e866bf085f8033c572144f7c89116cd861b50958edf	ALIASES_VALIDATED_NO_TRANSFORMED_GFF	canonical_objects/GCF_000006665.1	canonical_objects/GCF_000006665.1/GCF_000006665.1.pansn.fa.gz	1606728	6830e4436936b48e9c81f47b57dc65576ba9598aed7e1cc9e372926f23e7f459	3b5ab168e2749509cf008aaa7ffe82bc6b6a4c3c29e019cadf39763a281a7f17	ac6d56b0b145a74d00d1a6f0953c818d57a34162475e4693934c7b71498eff48	e64ecb57995cd7e7f34685638c4fadf86b9c6d6867dde9d796d7f931d2dab558	a88187164ebc7c001daa1c27971f338cbd9e33c0c0c90f5de7efb25850411f80	62d0632b3945ac23da731ebf133b08f881e4af47213176117d6b71360a925d77	2	5620522	INSUFFICIENT_FOR_RANGE_RESUME	.	.	1	0	2026-07-25T01:49:38.198824Z	20691c61dd1a242e2353e3e5fed8ceb5b460a32329c497867d64776c5146b456
347	asm-v1-4820b1db114f21d54c17a5a1	GCF_015699425.1	EXACT_VERSION_RESOLVED	VALIDATED	source_objects/GCF_015699425.1	2149744	d069efa12832a8f8a011cc929d4ef58d9804567df70b2b2ef44682327f4a5ab7	ncbi_dataset/data/GCF_015699425.1/GCF_015699425.1_ASM1569942v1_genomic.fna	5448342	8e3dfaffbc465be4b8810e12f523783b8b848f527e319cbf3cfe6c5dade0b759	ncbi_dataset/data/GCF_015699425.1/genomic.gff	faabfb9fe298b46036b49c1ef3522002fe08441fffd505173ecb4861c0794862	ALIASES_VALIDATED_NO_TRANSFORMED_GFF	canonical_objects/GCF_015699425.1	canonical_objects/GCF_015699425.1/GCF_015699425.1.pansn.fa.gz	1533706	465cc054556c4e6eebfefc4bb3030b0a343c6ec7061ab2386b71b010ad8aac48	6168a89238d4e46fff874cd189c428b04de2a182aaba426e9b2d080d04a1b4f7	83f80a1a03f83c692416d4817abca25d1cef85ceb20844bb9466e675b41bcce8	2fa4181754c19840338dfcbb0d6684b6e5c76ec47f591b6ea78e8b387918599b	07c8eddab87b0c7c58c3f278f603038ea292afe0029247e43df5aeb53963c95e	fefbf6cb9a35082c62a546aacf41f70bb8b56e55770952bd1b31765c70344e67	306	5349640	INSUFFICIENT_FOR_RANGE_RESUME	.	.	1	0	2026-07-25T01:49:41.268225Z	4356beb8e20767bd3d833bed951901c598e8aca6a639b441dec037530b30b3c9
348	asm-v1-20beacdfe9a0ee56ab59a2e6	GCF_020051575.1	EXACT_VERSION_RESOLVED	VALIDATED	source_objects/GCF_020051575.1	2031902	077acc7aa120b1035c1d64cae651cb842d139caf51eea626ee69f2b5e1b2a8cf	ncbi_dataset/data/GCF_020051575.1/GCF_020051575.1_ASM2005157v1_genomic.fna	5187233	1f5300335f7540b761e9e86aa24eca0eeee6eb5d0bae53626877d2bc89fa815f	ncbi_dataset/data/GCF_020051575.1/genomic.gff	8ab0d1b902a3369d8cc4dd8445c4791632bdf782b165c3f7ab60967b3c63b973	ALIASES_VALIDATED_NO_TRANSFORMED_GFF	canonical_objects/GCF_020051575.1	canonical_objects/GCF_020051575.1/GCF_020051575.1.pansn.fa.gz	1459810	3c1e00df34ebc168537a7e946d38cdcb5f60bfb4234dd22e65b134a2c5c9a7c6	ce91555ce767c31e105f2f3b10584f3df2a3c770f1b15a7af014547c8592edb2	30a8362486cba037f61b3dd5bdf4a6fc1f628cbac12b4d38486b5b4174f42100	7debe1f77cb162a3e0d52ec902be14efac9732742015d675e2e089c8ba18c491	57e0e258ac2e4c13f52911668755a2d5ef80515ad8f0ef2bd158a1fdbfb52401	2301629704bcfd566fa45e11604b755fdc4bf40f5ee90b0faed6ffaa07c58444	251	5091065	INSUFFICIENT_FOR_RANGE_RESUME	.	.	1	0	2026-07-25T01:49:44.033546Z	a4131e76b96704f951b362cf2f8b714346d24a3ea62db7442c5c2c916746fa1a
349	asm-v1-012bb7dc8dc7430dfd79e25d	GCF_000797675.1	EXACT_VERSION_RESOLVED	VALIDATED	source_objects/GCF_000797675.1	2080523	244c9f608ca52ca1916e013d6a4a21f25118293368b9ad4a0c1a09aeac5f3f42	ncbi_dataset/data/GCF_000797675.1/GCF_000797675.1_Escherichia_coli_CVM_N38663PS_v._1.0_genomic.fna	5288623	f27abb3e07604e48285484ef42af72c92b116d0e1dfef140593c95c1a31b839e	ncbi_dataset/data/GCF_000797675.1/genomic.gff	c7234fe32a461e657b4e265222ac4fb3752f837047dde5a0a94ca31ab993a9f6	ALIASES_VALIDATED_NO_TRANSFORMED_GFF	canonical_objects/GCF_000797675.1	canonical_objects/GCF_000797675.1/GCF_000797675.1.pansn.fa.gz	1494189	ad6200e8afcacff943ceac030e592131cc4c37d1b0341e1ae1f8649dd5c69989	ca31aa847f796a56c289d004c3e67e70c5be94adc422737a12b61c592fcb0fad	4a3c5fa0db7b178b96100a763ab40e68ca27f26fe228417ffaede215839b2132	46244d16bd72b57e493421d42a4e25fdc82f4bb9495936bbd2d695faaf7a6358	ffcf7df05f93d056a2f43b9060c6b3e6d7074dd6df3347a9dc6cfcbeec8bd127	1fd89f4163ae1d44d829c50a551eecddf3d832e9b79653c27bc73a0def104336	185	5203794	INSUFFICIENT_FOR_RANGE_RESUME	.	.	1	0	2026-07-25T01:49:46.720690Z	bd1a29b2e04643cc4f551ab8badaa7aa1f9bd8c7c708ee2697421d0d5261137e
350	asm-v1-2ddd58feec0d6e3eb206d409	GCF_016123675.1	EXACT_VERSION_RESOLVED	VALIDATED	source_objects/GCF_016123675.1	2202134	4d2db2776b4d5309703f05a58d592ff1885ae302fb136413a913e51540da1b35	ncbi_dataset/data/GCF_016123675.1/GCF_016123675.1_ASM1612367v1_genomic.fna	5562972	d848caaf849c59a143562efeac5b976406ec3fe857e78adcfac2755043f5a5a9	ncbi_dataset/data/GCF_016123675.1/genomic.gff	4de210335099bcc720230e4aa7c42c4787999eb58095bf9f67c1c07e13edb668	ALIASES_VALIDATED_NO_TRANSFORMED_GFF	canonical_objects/GCF_016123675.1	canonical_objects/GCF_016123675.1/GCF_016123675.1.pansn.fa.gz	1563637	25facf11059b92efd367fe87c5e71f95899a7ea2fa0ebe756273f18e761a6c56	066a5fbab99ff5d442ec8997fc6fff0e0be195cf0946d1791bbfcacbcdd3a8d7	252a168fc9ac517bcf821b99943b4ba17de1ea528850be23697d04e8d3e93d1e	6e3e68229953a777f9285907676e92c7a98f73eb1f9e1dde34afd7bef5ce7ed1	e69426873845db206b81f37c10d6186dec64313796da219b81ad3596220daada	5d95378c42e80f283d9e2629dd28573aa9e7919a6afdd73bdcd4ee8b888b4c73	366	5451479	INSUFFICIENT_FOR_RANGE_RESUME	.	.	1	0	2026-07-25T01:49:50.241088Z	69029a46bf5f68c0cf4541117224e7fd373c373fe84e5f24e393ac532bd7513e
351	asm-v1-d946162c4ce5d45ef69a5f96	GCF_001285365.1	EXACT_VERSION_RESOLVED	VALIDATED	source_objects/GCF_001285365.1	1965275	115557a974e8dcc3fcdacb181d446bb35a6faa56f3bcff430164c65697b2d80f	ncbi_dataset/data/GCF_001285365.1/GCF_001285365.1_8205_3_7_genomic.fna	5030083	0bd659166cb6f07480a3f25a57a3abea33016976fbe9762e61f5ae31fd48e1f1	ncbi_dataset/data/GCF_001285365.1/genomic.gff	16cb504378b58d239926f08efa9ff012c6bcc09ed1f0af54a7a1488cc31ee37c	ALIASES_VALIDATED_NO_TRANSFORMED_GFF	canonical_objects/GCF_001285365.1	canonical_objects/GCF_001285365.1/GCF_001285365.1.pansn.fa.gz	1411402	1eda15c7cd7e691103186ff934ffe3f34ecdf5b5800749a0bd06f1cb16b4d520	c425b4e6ad676cdc82994676ffbe3e7470bf9e5d440af0b85127fbadf5344ab4	051c2b05a9d35c28466c418862c3c24541b6f1c51eda8cf1a915fa124915c924	06c26a32d54e7743332616b2b2d2ba355a48f52d259ced508e8fe1bee95613ea	efc6453f8dd0d22272a298c33fd1e621fcd0ac27007501e15b47a6d22baadffa	7c3b3526bf1f356395c150132646a4dbd73f325010001445eed064aff7854cde	111	4959050	INSUFFICIENT_FOR_RANGE_RESUME	.	.	1	0	2026-07-25T01:49:52.679971Z	bf8697d50478fb45db2c2d9c426f7c09e383c3e0bfa76362f0080a9b8e9a7ca2
352	asm-v1-70609e525b618ab06840fadb	GCF_019202505.1	EXACT_VERSION_RESOLVED	VALIDATED	source_objects/GCF_019202505.1	1903272	af2cacbaa0566bd06327b724af810e09a8e908e3625a80cd09d011b8f661b1e7	ncbi_dataset/data/GCF_019202505.1/GCF_019202505.1_ASM1920250v1_genomic.fna	4850708	9debe92e1f68db196b9c9953e909ccfa2c82c18503d5393847a2f49a1f9c00ef	ncbi_dataset/data/GCF_019202505.1/genomic.gff	9feb5d2abb6c490b5c233a3e7228eff8d94544b7213f23b1d1b4f206caeb2002	ALIASES_VALIDATED_NO_TRANSFORMED_GFF	canonical_objects/GCF_019202505.1	canonical_objects/GCF_019202505.1/GCF_019202505.1.pansn.fa.gz	1379398	8fcead2578b225f2ea8450ecb8b646865aadc7cfe4ddcf89807551ef929704ee	ad90f428ed2725d8de7395afb8491be750e666449de3364d020c133acbd19a12	fcefc00683e4269d2c02b342ca7a22f67728e11290434d1ca11ed4593d0cc36b	b2a56bb802bc54be3b74633b40dd22689d1d727ab80814edae844245e544a861	7e492affb37798440b593fd1f83f6c1468bdba8372478a73f167d869cb099960	6e28cf50bc302dc47a16f6ec0ce373be4a97e80e0a7d0c5c580b71b9fd491ace	98	4782365	INSUFFICIENT_FOR_RANGE_RESUME	.	.	1	0	2026-07-25T01:49:54.791192Z	7112327badba6dc26712401fcf6fbe30015673982db99ac1b5710cd6170801e6
353	asm-v1-dd0362739728b36eace6b0cb	GCF_003291305.1	EXACT_VERSION_RESOLVED	VALIDATED	source_objects/GCF_003291305.1	1887712	e31692a78190c629781fef40abd06c8710bcaec3fc16c4a30ba2b21572825b7d	ncbi_dataset/data/GCF_003291305.1/GCF_003291305.1_ASM329130v1_genomic.fna	4829899	f2896971e9689e951f2e2bfb9be3ef3ddbf91d7bb3a1c9e718d026e9e2fc5baf	ncbi_dataset/data/GCF_003291305.1/genomic.gff	366eb8b215723e1c6f73c82aeca2dd80904fbf725db9d3f667b47ba299b0c748	ALIASES_VALIDATED_NO_TRANSFORMED_GFF	canonical_objects/GCF_003291305.1	canonical_objects/GCF_003291305.1/GCF_003291305.1.pansn.fa.gz	1359295	1cf4639464b9717cb12d56170f52fa433df4a74c0452bbb04ca0b43533ea6599	81d736d19bbc6b7734f4250d75a3a31997851b887d0301622ae57a11dd6f4823	66c459ca52bc4ecbf93e03e7c586ed97a0b2a573d5042c0511280b515ba07b12	85acc948f04c449c8bf93f7d15c83b7d2f2e7a1929364ff8455f5e00e13c86b0	1294b3ae51a093a843d2695b9658fd5bea7ef1732d81c615317cc90902a0b71d	981df0e88f869574b9b9b6482eb016c5865da9b5c66d65c3f71e2ae8d58a28fc	125	4756415	INSUFFICIENT_FOR_RANGE_RESUME	.	.	1	0	2026-07-25T01:49:57.187467Z	0d6eb4b3478808505387c90f538605c1ff7845092f333ba89957f4e85c023899
354	asm-v1-b398cd81bf42467c63c7bf2b	GCF_002518045.1	EXACT_VERSION_RESOLVED	VALIDATED	source_objects/GCF_002518045.1	1960368	214b967accd50df60e37bef359fd16130665d8c8fb74c24d9c3bc6900edc6429	ncbi_dataset/data/GCF_002518045.1/GCF_002518045.1_ASM251804v1_genomic.fna	5021243	2c67efec49c8c31c5a0f489531f562cadf95ea766cc44c56316dcc60ec25aa7e	ncbi_dataset/data/GCF_002518045.1/genomic.gff	8df03149de693b15e26982bd8356be501491fccf39f590e115a8b1b083922266	ALIASES_VALIDATED_NO_TRANSFORMED_GFF	canonical_objects/GCF_002518045.1	canonical_objects/GCF_002518045.1/GCF_002518045.1.pansn.fa.gz	1410871	980421052cad582acfbdcbe89f1de0faeb34a9492717a5f071fad60f6549e7fa	3561970c92cc64d6a06b9a505a2667e0cf5922dbffca18cfdad51f055d8706fb	0f689624fdeb71f5c6f06fad495dc2562c2bad6248c8ace86cb1c65deaa9f05a	c70132f88d7e2c7e6e0efe3e309022b73013b862681f271f083aacf749877873	820ecbf9b99f05d532af8dc537e8f3652a21cc0e7b106e250dfaa4e1d0ce6df4	a32d1fa5fd17582c3163136e856f3f6d93ee499cebf8e5eb7a1ba2b1b73742db	128	4943360	INSUFFICIENT_FOR_RANGE_RESUME	.	.	1	0	2026-07-25T01:49:59.463982Z	ac3818b62b5c84fe4032efa42729f0ed00014205ba7a1a21766d242a2b78128e
355	asm-v1-8c95891294b59a9f5e76eee5	GCF_006236345.1	EXACT_VERSION_RESOLVED	VALIDATED	source_objects/GCF_006236345.1	2048862	cfdd77ffd857dae262c3b922715634b9b7a82b193c36cdaf024c8b369a79aa42	ncbi_dataset/data/GCF_006236345.1/GCF_006236345.1_ASM623634v1_genomic.fna	5245385	354061c016fa443a53888ea7debc3dd5dc3fa923a9c6b63eb2a86d7d169acdd3	ncbi_dataset/data/GCF_006236345.1/genomic.gff	132d6c62cfcad8f84b354baf056d21e75ad7eadd3b8162846014bd5cf4405dd6	ALIASES_VALIDATED_NO_TRANSFORMED_GFF	canonical_objects/GCF_006236345.1	canonical_objects/GCF_006236345.1/GCF_006236345.1.pansn.fa.gz	1474077	a29193c0898bce63510eb05301909a138da7811bd95b60ecf02e62216e2c410c	57aa79220b9f711394f36d68731d14e52690df9a4058721268d3df6d1bbfc00a	cb5ffe0f288369ff51539a4f8d4628726654648fa1d64b583f333a4997182872	7db59b525fd323290beec8c37c01a1c4b98dca5f659d7577931b91706f385bb9	b154a53bfb7a1167f79876ea317d2febf60defffbb01d4eb15bcd0d4568581c2	e3c165dfd77eedf09ca3ef11eddf30e60ae25fa05568dec723403a7420339879	147	5163379	INSUFFICIENT_FOR_RANGE_RESUME	.	.	1	0	2026-07-25T01:50:01.927711Z	6f3c7a9d02091b94f5a898cefc79f5174d7e519106dcf85dcaee2e855ca27a4b
356	asm-v1-2ecf37892fc85eff30c13fb0	GCF_000326745.1	EXACT_VERSION_RESOLVED	VALIDATED	source_objects/GCF_000326745.1	2007241	383a35caf4dc6b9653f72f26a9793c46178569438253ad0ced1acd0b2626380e	ncbi_dataset/data/GCF_000326745.1/GCF_000326745.1_Esch_coli_KTE157_V1_genomic.fna	5139190	43c8a0fd8eb2cebd0cd130cbac63823ab296141205b1dc639357d2829e0d067e	ncbi_dataset/data/GCF_000326745.1/genomic.gff	bf241beb7c65f322e868e060d8a7c839b588c1d743a02c4f6df28c6238256d39	ALIASES_VALIDATED_NO_TRANSFORMED_GFF	canonical_objects/GCF_000326745.1	canonical_objects/GCF_000326745.1/GCF_000326745.1.pansn.fa.gz	1444261	127d5b885bac201b525152ab0fbe3bfa2db451d493480c368bf80f3dda6318ee	8f8b3e53b9df7fe84658e63dc7dafdfab4ca73bc3ed18f946a7ce23cbdccb99d	acf2a7f187400b61cc39a01860876c1a830ba844f8491183a0336de5a346bd5b	42f0614ec89d5b04f849b2e77e5acbb376c3c81b682f15f8832ce0951722cdf1	31d72031656e3630634b4252fb73609f9119017ca9496689e3b04b575597e0f0	1e994219e7702e899b2732fff21e379d53751f09578f711a678976bd67d0a208	127	5063872	INSUFFICIENT_FOR_RANGE_RESUME	.	.	1	0	2026-07-25T01:50:04.213738Z	4093aed947bf043fd6b66fd25e6441f686e0fa4eadcc1ca104c9151de894f0fd
357	asm-v1-778193d82b9eee57a4783484	GCF_002461055.1	EXACT_VERSION_RESOLVED	VALIDATED	source_objects/GCF_002461055.1	2036089	6d8ee525b5d1aa68c5696ab28361355f4d2172bd01a2492b43a2a0f774fd5ae6	ncbi_dataset/data/GCF_002461055.1/GCF_002461055.1_ASM246105v1_genomic.fna	5197147	69cda82f960ca116f7bb6b58d66a0533872477d3c1a41739964bf9cc0428d3ed	ncbi_dataset/data/GCF_002461055.1/genomic.gff	7c66b4a74774c91ad0938c168d7704711a0e04819e88b1006135724621f995ee	ALIASES_VALIDATED_NO_TRANSFORMED_GFF	canonical_objects/GCF_002461055.1	canonical_objects/GCF_002461055.1/GCF_002461055.1.pansn.fa.gz	1457852	9b44eb820c927cb2a0569560e0a6293f61fc333f94e772010b76de1ac430d170	9bf9e728331fb7d4788ef83b9051ad188eee2b760617d1ea9d6c8cf4a1d36500	7a1d6c30a03c339c9d334f6f10c9a0d55d72efa037b6b4802b500e4fc24bbfa6	a26d0d7669c783e5f42fddf8c1ea310fc515705509ded68b1b8c80380d66cb88	ccc3c8635a72fd434b928d3700215fac6818352906970b4b7a3e37e4c5cc0ec5	4d9c3c9afa2c78e556eb56e5b8263d6262e8811c2b0e00e5f85de7fa10211a4c	196	5108618	INSUFFICIENT_FOR_RANGE_RESUME	.	.	1	0	2026-07-25T01:50:07.289773Z	50fa1b6de7e109cfe77f8b010c1c30baee88ef8e09a4def80529171b49ab7561
358	asm-v1-a43fa92d874556cf4d181a6f	GCF_014169415.1	EXACT_VERSION_RESOLVED	VALIDATED	source_objects/GCF_014169415.1	2145964	3c47f2e6288e2bb09cf94502b2625a0143b703a5259dc00dc4ee742b8bcb88ba	ncbi_dataset/data/GCF_014169415.1/GCF_014169415.1_ASM1416941v1_genomic.fna	5578806	f42a90e7aa88cb2a41c84600c6dd15a18502343f9aa3f076313fe0674144ed2d	ncbi_dataset/data/GCF_014169415.1/genomic.gff	6f566cdb77b3825d6a84a87f2b8b9a5282744a3431dff578548d002e9630b793	QUARANTINED_SOURCE_GFF_NO_ALIAS_VIEW	canonical_objects/GCF_014169415.1	canonical_objects/GCF_014169415.1/GCF_014169415.1.pansn.fa.gz	1559444	9fa6ba1f3f653d1aee30c550cbb0b7396b47f411cac1b33363f63c398dc219b1	656e385fb7789095dedf89eb4f9eed831146949a719d953679ab7458d8cb106a	08d0c953c946e04f5ab4a956b2ed487e9dd3688ceb54e1a70d7303656ede3b51	736e19e2d3b8f69790865522c0a9701e9839a228dd514b17cab60a27a376186a	5b274c2cc02ec25f5cb3260f88474658d2d9fe378a7acfc07bdae71969c56680	cd40aa389a30100c781d654e00f2807198c3c498d97099f6457427282fc8f296	10	5508947	INSUFFICIENT_FOR_RANGE_RESUME	.	.	1	0	2026-07-25T01:50:09.821656Z	1b2c4944ca11273341b0edc84767b30392818a1e756c117f9418b60902fe0723
359	asm-v1-cf71428e17b3c6f9f7a3f240	GCF_000356785.2	EXACT_VERSION_RESOLVED	VALIDATED	source_objects/GCF_000356785.2	2082554	bda6c31f05a021ab1cc2c0dd176aff72ddc70332b609d1c874037fbe2ce39338	ncbi_dataset/data/GCF_000356785.2/GCF_000356785.2_ASM35678v2_genomic.fna	5306085	f2a6ea1bac6093a2636d638be2b959cfa8e326b1c2f1f703646c3754139e9ea8	ncbi_dataset/data/GCF_000356785.2/genomic.gff	8b7ad1a1167d553c5794d0ecad15ce5d4c026aa2fce0162e05440b640d7fe86d	ALIASES_VALIDATED_NO_TRANSFORMED_GFF	canonical_objects/GCF_000356785.2	canonical_objects/GCF_000356785.2/GCF_000356785.2.pansn.fa.gz	1492322	d3e4baf18a401742f5032d7e510ee3b52f85af7c44bd86b9276f493dbf133897	c6b4ae8775d1bac4d3ddf346ed7860c8da35b1583d9069c35ff5337bee803824	b2749e593e205158c9f146ce107f72dcf7d0b1d4dafec7e341340446ddbc2fc4	1e63d90df56ebc96531cf95d9bd6ddfcae01bd3185c6fc6a68263e01cbf7a23d	c40f5afb807fde2210cab22a3b57ec5b7c272dd00c1364ee996a7db37990d373	be3794054802b1ca98c3368bc1f60cbc55f7b5234f9ea8bf2b4c6cfa679fa95b	133	5227220	INSUFFICIENT_FOR_RANGE_RESUME	.	.	1	0	2026-07-25T01:50:12.382822Z	67f1d2af3840e5c34ba2f79bb7a44e74d069f346c13743fe48eaf1f6568d5b04
360	asm-v1-1e66db7c13ee900b66568d9e	GCF_016457665.1	EXACT_VERSION_RESOLVED	VALIDATED	source_objects/GCF_016457665.1	2013976	08f297d25cd5560c1e307c0915b5a6b8deb2ef3ca909a1004d69d91999aa14d5	ncbi_dataset/data/GCF_016457665.1/GCF_016457665.1_ASM1645766v1_genomic.fna	5153068	b5ad2d83e1863953af11f1bd2bbf5d3bdd6a8adb248cec1aec708101b5758883	ncbi_dataset/data/GCF_016457665.1/genomic.gff	d25de66f8309327a4fae54b1fbdeb9f27e390db8335caf745aaef8014b965817	ALIASES_VALIDATED_NO_TRANSFORMED_GFF	canonical_objects/GCF_016457665.1	canonical_objects/GCF_016457665.1/GCF_016457665.1.pansn.fa.gz	1447399	e922f1d0f58fa55aba7be2cb2d85a5c8b6b5a5f18a87e002025b7ee855849fb9	7028d4c6200ebd50d5127c125dbde1c54a936c9b73ae70d5eb54eb618093c070	9d30ffdf5f461b52c2b035e4612e6973896869de94e4d4e85d3da75572d89f06	1e50afb3208145c1ce3b8d7a10254725cd52408ab5993a91b689eafbe17f4324	f7b8e2c91aaf71b7fc93db2630a9aba0a4d53beb16333a6c0b4f4112dcfd573c	d4e1b80dc78db3017af776645b21a1e84bb7f0e1ae92bc25e843315707b556bc	105	5079860	INSUFFICIENT_FOR_RANGE_RESUME	.	.	1	0	2026-07-25T01:50:14.650837Z	0ea91c0ae3f2cf838fd6179a90432daebcb9bac037f0e035253dac71fd0532a3
361	asm-v1-17aece16733cf2e75724a49e	GCF_011306375.1	EXACT_VERSION_RESOLVED	VALIDATED	source_objects/GCF_011306375.1	2181283	4e0bedf12e8263a4005a8bf294974fbe280f4bef8520b649bec7f4b157e0b773	ncbi_dataset/data/GCF_011306375.1/GCF_011306375.1_ASM1130637v1_genomic.fna	5641809	1b5921216adb295b106aae56090919dc47aff18713eec0de4b0e580f202a83e5	ncbi_dataset/data/GCF_011306375.1/genomic.gff	f2de0fc45bb26e7f08471a28df8f4472a72b5d203bd3f651f3e29defcab0e042	ALIASES_VALIDATED_NO_TRANSFORMED_GFF	canonical_objects/GCF_011306375.1	canonical_objects/GCF_011306375.1/GCF_011306375.1.pansn.fa.gz	1575950	c725475bd35e05e2b8555f5ef25c7a394e03e9d8174cb2b43929b0ca7dfc74dc	049548479381c39d8305f80e18f9173e72208f53198592ea6da0b2795e115837	1d7e6570516a79103929af400f7cef844a43f013e7a5c2f24f5d828406ec3dc0	cd4740550c94f2a480cdbeab450fa83943829213e1152e5c395d75e1ceb4c5ee	5a426f549931c7d055fd5da2c972d8aa78ba8241365fc210cd67f1b5bb31a7ce	9b9234e8596580cd7038eb003edaf6582e240269c55217efb8bb92a2278553c6	1	5572079	INSUFFICIENT_FOR_RANGE_RESUME	.	.	1	0	2026-07-25T01:50:17.043715Z	68a6a5897537ff864ad3b982d11d2dd14bc7984f5ae3b38f6b33c713a84c77c2
362	asm-v1-7651ccbf9f7f91abe7ba9740	GCF_002193375.1	EXACT_VERSION_RESOLVED	VALIDATED	source_objects/GCF_002193375.1	1976481	102b3a8166e3d9500c6addf21fce9b67aaa0bf1b407bb45dde275a804e71b457	ncbi_dataset/data/GCF_002193375.1/GCF_002193375.1_ASM219337v1_genomic.fna	5038562	5717514d20765ad3bc5b967cafcd134248f4b708b07757b088a1cf388f7653f4	ncbi_dataset/data/GCF_002193375.1/genomic.gff	d387dcfdbc0bef234545df71a22191710bdfa03961f59b960d80503e0c07c853	ALIASES_VALIDATED_NO_TRANSFORMED_GFF	canonical_objects/GCF_002193375.1	canonical_objects/GCF_002193375.1/GCF_002193375.1.pansn.fa.gz	1411773	753392eab21cb32aeb461140244f5718a17260224beca2d26764947c52ff7ef9	d27c66d4090bb777c9f293e82952739be9783921155fc6f53bd77834ab334926	8714787f18ba123fc5a1b2a05f97e6ddf16e08bb90fd080442c6a6f2d4cbf6e1	c2d66c49344e78bf3d676ca35fec75ff4b9fead75d8b5ac57b4172c3471629bb	d2ba0576c87adb688c6b692363978502fa38e3c68b2e59718641b1121fef2439	3d8f2ab3fad7976afd7b189efc6862bf6ff3395448a4f43f25f630282f07b55b	73	4967334	INSUFFICIENT_FOR_RANGE_RESUME	.	.	1	0	2026-07-25T01:50:19.328744Z	74347ac322749dd489d300ffb732140ca15a336ede7517d8fab8b7bde67f32b2
363	asm-v1-4a58e602fada75e05f9f8cf9	GCF_900479985.1	EXACT_VERSION_RESOLVED	VALIDATED	source_objects/GCF_900479985.1	2085362	68b524e986f47db8dcb21d3005e5a94191ec8f2458348c2d0cf6f27e8a1f5583	ncbi_dataset/data/GCF_900479985.1/GCF_900479985.1_17328_2_10_genomic.fna	5239323	ab84630880298f7ddae7393a48d794f5abcc2ecaa7e32b1c83e7011e4e802a71	ncbi_dataset/data/GCF_900479985.1/genomic.gff	8e7529c4a2c8d124447f04f9209b52945d8d25f33dd823f3bbbc6d0ae425c597	ALIASES_VALIDATED_NO_TRANSFORMED_GFF	canonical_objects/GCF_900479985.1	canonical_objects/GCF_900479985.1/GCF_900479985.1.pansn.fa.gz	1491854	d89a6256dcd633b999287cba68a7ed7c7134816f59a094548c85a48d7f8b4f34	0ab562205c9dbd4aadf020b664352addae0625c591a77faf5d3aaf064898c13b	adc889efbc22f5af595561b52ebcd8464a69a96213d7b956f9c1d06f73115bc9	82747ef5f948932867c7fbe8744a3a526446b3eb9a9dd6200bf4bfe50c3a7205	02654dc9bae16daf8ace3e708944bc37463b1752c38cee4b40dbcdf02e544332	5a7d40ebf317628f2c684014e58736cdcc4b1390f08a4a4222161e8f215ec2de	243	5154600	INSUFFICIENT_FOR_RANGE_RESUME	.	.	1	0	2026-07-25T01:50:22.141678Z	0bb1a99e104b8d8227d304203d231c0130b54e38e68c07a4d68dd76d6080c7de
364	asm-v1-ceb588ef84380789e4f2fad4	GCF_016735895.1	EXACT_VERSION_RESOLVED	VALIDATED	source_objects/GCF_016735895.1	2016249	6f4c707cb12a7b75bd10efbe993e158311ebdf8e0acf6c25360bfe2d476d1fe9	ncbi_dataset/data/GCF_016735895.1/GCF_016735895.1_ASM1673589v1_genomic.fna	5137286	c9e93075f82237c1688328f4c319c0feb357e9567cd58c01ab0b99764da84236	ncbi_dataset/data/GCF_016735895.1/genomic.gff	5e652bb9ca50aae3cdf457c28b55ab378d74d06bbbc5fb56ebc5ba7c3cb7a760	ALIASES_VALIDATED_NO_TRANSFORMED_GFF	canonical_objects/GCF_016735895.1	canonical_objects/GCF_016735895.1/GCF_016735895.1.pansn.fa.gz	1442661	8f0452cee6ffb97793d36e6cbd80d64ace43fd0a7f78f0c1298c5bda28ec5f80	092cba2439afc2392a5f34ca85fb0d619f8aeeaef43446bd7afc93d46237ee61	32cc7f79097b2c8d9993a48827118c7f216735ac145ade94988138ca4eea96eb	afe71059a5d1fd4e63cc095800dced499c3191d983be7777cd912fd6c51a3de7	846fefecb5dccabbfb61b4f20dc64db9fdca23cee18744efd6b914a2da5af63c	a12c8e741f217fa37597e16bd0131ceab8761a5e9fe249836900eb5c625c5fdb	105	5064272	INSUFFICIENT_FOR_RANGE_RESUME	.	.	1	0	2026-07-25T01:50:24.488804Z	96eb477243b7a77ab54bb2e88d9af8efb9cbcb17c6a5af8d8ad2b6f8aadb3a1d
365	asm-v1-530cc11c7c063c16fb8b23b9	GCF_020515715.1	EXACT_VERSION_RESOLVED	VALIDATED	source_objects/GCF_020515715.1	2125061	d3437817a57ed3e1a40b35e3113d9e9dd8c084870bd69700a3fedaf6ed88c7ac	ncbi_dataset/data/GCF_020515715.1/GCF_020515715.1_ASM2051571v1_genomic.fna	5439022	f8528d7f776edcd3d62174c68e644f6044bb1ea0628d06b28806af15789a9144	ncbi_dataset/data/GCF_020515715.1/genomic.gff	304cebd56dda0b47eb31f054ba32c1fdbccc6a8d54bd9777be73c01e304d62bf	ALIASES_VALIDATED_NO_TRANSFORMED_GFF	canonical_objects/GCF_020515715.1	canonical_objects/GCF_020515715.1/GCF_020515715.1.pansn.fa.gz	1524986	a9f7b47c7f7957af53303e74470f58846c5d1d5afb652d0fc26f7013e8caec8a	ef672b176892fcbff99da73a32e9c5ec90d3fd9213d4a62523fb7fcb37079d52	ca342942c5c9f0a5cb3122038d879ac72dc759478e53fbaefe248845b7a20c93	7fcb6aafb1f1e3dcf3d15c8866d53acd5e2d0d7b208fa55667e4851a027b8a58	768a06a3af487c3e43d22d0b22f489683e06d029f0b5ac3d5f85747d24544266	11f395df1e91705075f8e42f43c396443636fbad5d473278a71e32b669c656dd	156	5356392	INSUFFICIENT_FOR_RANGE_RESUME	.	.	1	0	2026-07-25T01:50:27.666986Z	5ef63d90bc014f4b6aa49f0e6de040c49a5c2ec858bcc48a9315117ddbeceac7
366	asm-v1-6b980c99a755a7542c345f67	GCF_002456795.1	EXACT_VERSION_RESOLVED	VALIDATED	source_objects/GCF_002456795.1	2039824	d7b38310cf5e18cfd00d2ffe6bf2b42e4a61039a3366a32d067e207e6e1af2af	ncbi_dataset/data/GCF_002456795.1/GCF_002456795.1_ASM245679v1_genomic.fna	5137617	d39a2d1b0763aaffb39960edc7b9baae82422f169bd19221aa10fdb685f8086d	ncbi_dataset/data/GCF_002456795.1/genomic.gff	047a720b5b95cb4edbc1d8d300174e24a88962ab2e01dea89da43a647adb5a6e	ALIASES_VALIDATED_NO_TRANSFORMED_GFF	canonical_objects/GCF_002456795.1	canonical_objects/GCF_002456795.1/GCF_002456795.1.pansn.fa.gz	1442415	e0babf4ad3c8e3e02a9e0bcb7cbffc7c945c355e45e17701a7b2e4784356a3c0	cd870a4184842d03378af0d60f8b376ded64d34594f08d5275388e074dbfe15a	c6c3ddd5a0a40bea28420f303914277e62a6da244ec71605b9cc3c14fc9835d5	61cde3a6369c7522f5886d6aa6dab0d0993db5fde7d66f7e995783177497dbe2	5bcc1e12a401d05eea7630b5fbf592ca11715d9fe618057246a21713791963a6	7bfb4de3cf14e5af2e16fc71d381082880037751edb8b7d4110d1fbafd4b20ee	368	5029169	INSUFFICIENT_FOR_RANGE_RESUME	.	.	1	0	2026-07-25T01:50:31.069473Z	278b75e81f2776901c30a491ed68ad441340e44470f2f10a1c056a7a2b4f908a
367	asm-v1-700cb62fdf5f5b8856e85097	GCF_008033655.1	EXACT_VERSION_RESOLVED	VALIDATED	source_objects/GCF_008033655.1	1940799	4b2427af6e22bf13c109dffccdf1e7d9f8dbda1b3d91fa653c085cca1c6e19a6	ncbi_dataset/data/GCF_008033655.1/GCF_008033655.1_ASM803365v1_genomic.fna	4994901	a11df89b55313fd2cdd01f6843313add633dc49860538bffdbd073a66b420ce1	ncbi_dataset/data/GCF_008033655.1/genomic.gff	a199f2c5a2788a9c9da6633f51d2b2f53c3dce5d4eab1f34b24d9a6399d66d14	ALIASES_VALIDATED_NO_TRANSFORMED_GFF	canonical_objects/GCF_008033655.1	canonical_objects/GCF_008033655.1/GCF_008033655.1.pansn.fa.gz	1410936	fa54783deafadf060d0e9a0b526aa81b2c7f8f775df9bb156a6d60689bd3d36e	fbe702bd0f9e73b5abe70c6a088d5a301756fc093fb46bb097e461e865b49d2b	45b1efa30d32d4230650eb0dcb931e36554671f3b25a0af5a73725750dccc207	74e9c372642bf1d40a0efccadeab305291d7c07e19421d299c1768475e97eb66	ae4d5f0a8f2e9b7b46c13ad09feb0564e0af771695a1f81883617267d14d0e55	ac31c9922ae9a0c46a9c3a1c2211a5255f420059495a2875d250ad5c0fc15dc7	117	4922075	INSUFFICIENT_FOR_RANGE_RESUME	.	.	1	0	2026-07-25T01:50:33.311881Z	6c30b12915897f43c694c5c810bf5a290d22a98fad42113ca406519bb398b415
368	asm-v1-5171c829c68a5e2c5bbafdbb	GCF_019219385.1	EXACT_VERSION_RESOLVED	VALIDATED	source_objects/GCF_019219385.1	2014067	47bc64b2a6e4e373a6d40b3df5bf85ee6a0519ca5c4b806fa0d00db5260e495a	ncbi_dataset/data/GCF_019219385.1/GCF_019219385.1_ASM1921938v1_genomic.fna	5051213	9d92711fcaa70ec0202b66e031eeaf60200474ea3437baa3aa9375cbf94fff38	ncbi_dataset/data/GCF_019219385.1/genomic.gff	c165c5c5efc82a9092aa00771f906d341789a03eff5d0aa2c333c50b3a87f6ca	ALIASES_VALIDATED_NO_TRANSFORMED_GFF	canonical_objects/GCF_019219385.1	canonical_objects/GCF_019219385.1/GCF_019219385.1.pansn.fa.gz	1410757	75963862edc08d9f561707c34b46b085e6eff6cb21b3dfb5aa8738b4075bfd28	de525de3acbb99fcfb30f7b2e1396be3a7926d021db38bc6f68d86252d4c7981	10a277dc525a3fa42299a9c81b836bc1e82bc09953716779454dae3ce7e5ab61	06c8a90ca2fd261203aa2a40b33f877e5759f0f4d46d29ddb5ba6def41ced13a	e728c8c63a483c0714d9de405e29859468a6d2ccb40443f26f204c0c3255231d	218a8694f8e950450a3b98dfcecfa9cde38024bb2c671274ded2597af638caac	412	4940914	INSUFFICIENT_FOR_RANGE_RESUME	.	.	1	0	2026-07-25T01:50:36.920533Z	ae3a9082b5546a92b13203f0048d3bef6eca010a986f598553dfe487d1a68c3e
369	asm-v1-4a21bb69e1f44a91a7d952fd	GCF_020282125.1	EXACT_VERSION_RESOLVED	VALIDATED	source_objects/GCF_020282125.1	2098954	3aa8beeceecc9699094108b5159e3c3756b48ff0945f433fdfa6a32c0a3af8a2	ncbi_dataset/data/GCF_020282125.1/GCF_020282125.1_ASM2028212v1_genomic.fna	5355098	b8a97166b417db8ebb7717d1874ef503cb64e4a851aee9ff9e6646d1a3a47933	ncbi_dataset/data/GCF_020282125.1/genomic.gff	5090968723dec88cc629546b866105b2e0465c71d7f25b2b895220d018fceb05	ALIASES_VALIDATED_NO_TRANSFORMED_GFF	canonical_objects/GCF_020282125.1	canonical_objects/GCF_020282125.1/GCF_020282125.1.pansn.fa.gz	1508209	f9b84161dc629063b1d5a4505d6b336b6baa89a8d6fbc1e7211482b77f33f3f8	c4a1ed91e5a9b34f5f43aee492b4c8503cd28c6c280039a73330151133dc4d40	0b7aacba4887a7d5b2cb454f41367d61659ae6c361c56a371dd0ef7055fd3cff	5b9b2d42074f1f287ae7f4c1c13694f29e29e83db61d0a5824607995417114c5	d88b36ace0f35758a5b14d187987e5feca2244595028008b466b99a3d183badd	f3e11c6e024bf76399bc29dd4069b41b982e0a45496038fb49970016251af580	110	5278830	INSUFFICIENT_FOR_RANGE_RESUME	.	.	1	0	2026-07-25T01:50:39.353802Z	6d453ce0742104974ec9e1f113a50bbd21fa54297fc0b8a218da7fdc01148498
370	asm-v1-7e53c51d9fda873a6cdc1e80	GCF_018884405.1	EXACT_VERSION_RESOLVED	VALIDATED	source_objects/GCF_018884405.1	2001429	7c6a3dd68557fd5f491e18c116ed58587d1dc191f9475ab1b9cd45c5933bf3c3	ncbi_dataset/data/GCF_018884405.1/GCF_018884405.1_ASM1888440v1_genomic.fna	5202979	aeb0c3909278f2722516896475c1cc099e5542376cd57fa13a33ab7c82eaff55	ncbi_dataset/data/GCF_018884405.1/genomic.gff	c06eb927289bca022b59a3f46e510d5f301917f5faa65b8d5b58aef2052169de	QUARANTINED_SOURCE_GFF_NO_ALIAS_VIEW	canonical_objects/GCF_018884405.1	canonical_objects/GCF_018884405.1/GCF_018884405.1.pansn.fa.gz	1454962	d312e8fd4a777ec9ff01d1c475322726b3ae6c2615748cd355b017f572954ca7	2b2f00b814a9544cc808c349abd94bc4747f0584119400394fa4da11ab101db6	a1a45b4af3df2e50632730e283fdcba939bc11f490b40dfc0b21b7fba47b5078	8b94bcf13e2721f556ea90017442ea0106e742dd67f477efdf8d7c01d7a41ce1	695cda86b3e8253f93a4960ffd47d9242820de290f97de8af896e0cae55cfcdb	cd40aa389a30100c781d654e00f2807198c3c498d97099f6457427282fc8f296	4	5138413	INSUFFICIENT_FOR_RANGE_RESUME	.	.	1	0	2026-07-25T01:50:41.753657Z	f53d3f80e1b2742ee9d18a912bc9edfeb687084125b0389c40d667fd9df2ec9c
371	asm-v1-e4c9094195605948fa3d4061	GCF_004793095.1	EXACT_VERSION_RESOLVED	VALIDATED	source_objects/GCF_004793095.1	1858068	af61eed081918be0a3ff8c2be887a85a1a2af81b9fb0842844a2eeead85ae5de	ncbi_dataset/data/GCF_004793095.1/GCF_004793095.1_ASM479309v1_genomic.fna	4663253	db43f98395da18cf12c507c979beea709747df31b946f923f2a5ebc62b078d2d	ncbi_dataset/data/GCF_004793095.1/genomic.gff	7b6587fe954fe8a14b5e8439e38e6b4a1a221ccc37fe139eb5470f48a55d22af	ALIASES_VALIDATED_NO_TRANSFORMED_GFF	canonical_objects/GCF_004793095.1	canonical_objects/GCF_004793095.1/GCF_004793095.1.pansn.fa.gz	1322951	29ab799fa40ddf76375e3241517901173cc2dbb00b27b31c3752a37b08176cab	9ab4427603558edec5edc0e4df499d1b3488d1b6f541f4c957ce7d6df76ab510	3986ba28df07a736ba9820ce96f8bea9d51b780282b6ec20405070c2d0d1e6e5	4f821bb388fdfb999245a6e62cb8ec2a1e817096bdcb2a3152faa387cf561b58	5f9218447705aa857c0c397bf2e9229f030a21a688f5b8b7489b11ad04912bac	d11f7747b670723c19b9734dd57fd265d8d8be20e77123ef4e4acd2add942d9a	294	4571397	INSUFFICIENT_FOR_RANGE_RESUME	.	.	1	0	2026-07-25T01:50:44.915009Z	52a7c9089ecd7320196d48587433b1bae7c9ee4f9c0b12cbf0e3c1b1ca420242
372	asm-v1-9986c1d51c0a98687bb0ddd0	GCF_017570645.1	EXACT_VERSION_RESOLVED	VALIDATED	source_objects/GCF_017570645.1	2113449	5d90750a371f173cb901e3f07e71935e2732037994eb9d6904b7df14f8db6de4	ncbi_dataset/data/GCF_017570645.1/GCF_017570645.1_ASM1757064v1_genomic.fna	5470821	afa8df431f4f8d33d008bd92769dcf81a5ae97c18e63b6107794c84ec4238307	ncbi_dataset/data/GCF_017570645.1/genomic.gff	ebc4614bde904b6766d108b612777025dad4cce07606841c9929ca8d84492cc9	QUARANTINED_SOURCE_GFF_NO_ALIAS_VIEW	canonical_objects/GCF_017570645.1	canonical_objects/GCF_017570645.1/GCF_017570645.1.pansn.fa.gz	1530535	8a805a8e175313904a1cfd63880c26af6a37f0ffe9d1d92dee0a3bd528ad7b31	f52d4c5eb3ca35200cc4889c3c228949fc3839c56d171cd2872a4660c7ee04ee	ce71de770ef7afc918e8c41a0521a5bdcd434b1c8d552075e710368da089a684	4f156ed6567e9ece752f01baaa8c29b074aa8c4ea7ca114ce0f5569d8d941246	e2d4751f7f9a823fe22cde539f7c8c5b4cab5b62e30c10977876acb05afb3d55	cd40aa389a30100c781d654e00f2807198c3c498d97099f6457427282fc8f296	5	5402822	INSUFFICIENT_FOR_RANGE_RESUME	.	.	1	0	2026-07-25T01:50:46.933080Z	435a861713345dac4894f764a04f817248333d30b40114547b4c3d934fee39f2
373	asm-v1-71a9c4840191bd54eea3a78b	GCF_003362335.1	EXACT_VERSION_RESOLVED	VALIDATED	source_objects/GCF_003362335.1	2137983	961c11852fac4792f6a5fcc4b111a1e55bac03e1439c3fff0fcf71da47efb29d	ncbi_dataset/data/GCF_003362335.1/GCF_003362335.1_ASM336233v1_genomic.fna	5480048	a0772f8658e8ac6aec204e7870991886ac7da91969f62052ffe6d79ef47114b3	ncbi_dataset/data/GCF_003362335.1/genomic.gff	93e8a1cc15eeae94a25217c4cd29ecbc9cc69cec86e754156518242db54b49b3	ALIASES_VALIDATED_NO_TRANSFORMED_GFF	canonical_objects/GCF_003362335.1	canonical_objects/GCF_003362335.1/GCF_003362335.1.pansn.fa.gz	1547746	ee04d0c9c411c342d3d92d6102c9e0594d05658cbcce1f45866724f0a0c91035	907cfeaa7c9101cfdd9093e125b5fadad11c706f2df01b913569d9a15d6f84fd	e14dd2370c82a46da59a9b6249e726cdd8a27afa919cb11dba26a1833f5e0913	33dc85b27c826f1ea1983b6a816c001b19e7ee959b98214498da3f7ca78292f9	d2cf3b088bca59c0824688ea302c4ecd6a2344bbe8f775e9280be4df42e9a4fe	cc882a5701a225b62976c1702ab0b5867a38c4116f4f2f21ff48bfaa9f72275b	211	5391564	INSUFFICIENT_FOR_RANGE_RESUME	.	.	1	0	2026-07-25T01:50:49.735241Z	367db621ecdf1b8c23957db133646e727425e3ff1ef37b847e85084e08116888
374	asm-v1-13de48947f80d6d56fad2916	GCF_005398085.1	EXACT_VERSION_RESOLVED	VALIDATED	source_objects/GCF_005398085.1	2178150	8072e5f412ab9dca6ff7fbb49aee2c2dd1a061b0c324775784204c0db1265596	ncbi_dataset/data/GCF_005398085.1/GCF_005398085.1_ASM539808v1_genomic.fna	5592543	8fe2d7be0664142ca57bdb3715518c69031de5bbb3664ccf9c56c7a051451641	ncbi_dataset/data/GCF_005398085.1/genomic.gff	32d529c88aca38dd010b118d6e4d878b123e1f8f2c7e0880923c30a2195dca0c	ALIASES_VALIDATED_NO_TRANSFORMED_GFF	canonical_objects/GCF_005398085.1	canonical_objects/GCF_005398085.1/GCF_005398085.1.pansn.fa.gz	1571874	36dddc5cd1563ffc4dada55b86fd407a40b3599b9c8d7c1fb72366b0c14984b2	262757405905739bd2fca0025e0f03ded1b061637a9e9a8bb12ad9dd89f0029c	016959878f049ba75c93d553cff1d36c8b68a379c0747d5a208ee55cc82d428b	b6dfa89b23eafb95f376699e5713e45465d4ccf0d7ffda672b558ec7f97f1c1a	b14ce9c2e7be51f05bac3d10f4c0f112cfdd9d1ad6fb09f4e6fd785d505de56c	e1592b1800aa301e6f3710e3e7ac6363d654c907716eb2c871356fbd34bdacd9	144	5510735	INSUFFICIENT_FOR_RANGE_RESUME	.	.	1	0	2026-07-25T01:50:52.312000Z	d6b450b0da60c81ba0ac30f490e61262e6ee83ddb6b9fb30199e3dfd04399db3
375	asm-v1-4ead0a2c605c2029381083cc	GCF_000618345.1	EXACT_VERSION_RESOLVED	VALIDATED	source_objects/GCF_000618345.1	2089096	f1f4e8151fa8f6e93e2b566947972edbcc5aa4eac2d72d292b468f20003f0fed	ncbi_dataset/data/GCF_000618345.1/GCF_000618345.1_EcK1845_genomic.fna	5363412	bc7726d4f2e0313908cb707da1c736055d691aa54c4a760ead5b48d646c0772b	ncbi_dataset/data/GCF_000618345.1/genomic.gff	c6355aa7b277fa70a8101e868229b0551d876408ee7da6462fe28281f9ab3f93	ALIASES_VALIDATED_NO_TRANSFORMED_GFF	canonical_objects/GCF_000618345.1	canonical_objects/GCF_000618345.1/GCF_000618345.1.pansn.fa.gz	1501739	c6bea7c3c15e74b649fd8f8e10a53d406c9a7cda97a894b1f5303524f9cb2ac9	3bc9e1fb28df54124dd394eef810347a1c3edc0fc3e5ef116d8ac0ef21b32a6d	5876f8c5689cd6d0444f2b16d34794f5990746545e849184bcad2e7011aec169	e641126998d6f3b422e813f3a66f6f4b04fb4d21b758498cf896db717e8cbc53	da964755f0691e45b7b8138507f6b177768fc9387ae7d7ea3ca9e16237d6f885	df6be6bd5eb581eaa219a1cf114135092ccafcd560ed97abae5803d8cc067141	110	5286822	INSUFFICIENT_FOR_RANGE_RESUME	.	.	1	0	2026-07-25T01:50:54.634573Z	32d387e525af82d78d9995d76e21f6abe9ecb72529d7436846acc81019708c25
376	asm-v1-aa1befed48e800405d325581	GCF_002537165.1	EXACT_VERSION_RESOLVED	VALIDATED	source_objects/GCF_002537165.1	1884762	11d41594874fbb056b3460a7471111d14b20481e8f566416fc9aa1535373d9d4	ncbi_dataset/data/GCF_002537165.1/GCF_002537165.1_ASM253716v1_genomic.fna	4854334	f9367bf927f9076a31ff5968550a2de04645b1da7d116c88158e84e9ff1d0bb1	ncbi_dataset/data/GCF_002537165.1/genomic.gff	8e480eb862b945f0446f1e4aa286605a092098fd275b6c3e186724edd6e61904	ALIASES_VALIDATED_NO_TRANSFORMED_GFF	canonical_objects/GCF_002537165.1	canonical_objects/GCF_002537165.1/GCF_002537165.1.pansn.fa.gz	1361976	8f7122b3f49b5244ba0b433479297031bae8eac345608a56b7ed2defa9609abf	12a6a2f06c3e827c7a9fd775c01d03f7e1fcb6ab91708ef98794cb2bd770db1b	15bf92e6bf2c0dfa36932f56f502ecc549b25c60e379aceae54397d3a081a9dd	4b58af19970304730a75b05e1fdb5a79812064a393f7065f8330ef05d2c8c914	b75776de13cc8aaae6b61a8c462d1d3158632f76d06e03e86145dc13d3ee2607	e400ed9dfe6fc3e61e6c9e1acc13b4a7c1c5b7cd0395bc46d5c4e8f398a8c5f2	91	4783121	INSUFFICIENT_FOR_RANGE_RESUME	.	.	1	0	2026-07-25T01:50:56.802052Z	5c18b2359a7c29c1d773f3c8c28cca1484ab20b4c2082af849b5763f9459cfc2
377	asm-v1-3ad19b310706e67e6783f2a1	GCF_001901215.1	EXACT_VERSION_RESOLVED	VALIDATED	source_objects/GCF_001901215.1	2072945	771c8d9d65c8eed189c79a7d86fa4d86bf38a2b9366070e11cb8f74395e12271	ncbi_dataset/data/GCF_001901215.1/GCF_001901215.1_ASM190121v1_genomic.fna	5394098	3772c1176010e300b4a6348fd0d18b64ae06645b4856d85a8fb2425f38af4a25	ncbi_dataset/data/GCF_001901215.1/genomic.gff	f1fa1b8ed968158e81879a9cf69bef4876892649960d970a3eadfafadf7fb92f	QUARANTINED_SOURCE_GFF_NO_ALIAS_VIEW	canonical_objects/GCF_001901215.1	canonical_objects/GCF_001901215.1/GCF_001901215.1.pansn.fa.gz	1508894	f8a6d3340779e92bf33917e3fdc25ef772604fd7fcb2372555e754e699705657	b694a344a8712d00a0209e6dc7db08e4b8b9526a324e14a3535a5834e04a9236	c41bb10d87acfc98149ff44583d851d45f53a27cd7d97aa0e9ec2df80c752fd2	dfed6537583d26e2fbcd6e64abba45dda73704d0af89a8708e82e5d51f8769d9	7f20f60dc0dc585e8b3448f6c0400270d62a3da4b81d57623b662706415bf234	cd40aa389a30100c781d654e00f2807198c3c498d97099f6457427282fc8f296	5	5327147	INSUFFICIENT_FOR_RANGE_RESUME	.	.	1	0	2026-07-25T01:50:58.787995Z	9dae31b3d16530fc007b685e3f825cbe147a6431bf661dc2be1a3c79bf1fe414
378	asm-v1-c34b2c693c942fa2b9aa518b	GCF_013186555.1	EXACT_VERSION_RESOLVED	VALIDATED	source_objects/GCF_013186555.1	2049854	a59a8cc12f61887059a4eee1d821ca2b032c9e3d2b946949e96000c01bed8d58	ncbi_dataset/data/GCF_013186555.1/GCF_013186555.1_ASM1318655v1_genomic.fna	5198803	c38b4122b031b6ace52372afa6cb5f79c9f1151c688847bce57f9af2a5ce8429	ncbi_dataset/data/GCF_013186555.1/genomic.gff	fac7d3d56a4a787d55fc7625a741021cd9f4a3910ac4cba96b8cff7bc802f679	ALIASES_VALIDATED_NO_TRANSFORMED_GFF	canonical_objects/GCF_013186555.1	canonical_objects/GCF_013186555.1/GCF_013186555.1.pansn.fa.gz	1463095	71add3084a77033fe58dfd475668be6a1a44c75871dca2c4ba8fc061be0618d9	39909ed167137bd21459167196cb0c2dd61302a3548b66a884ad0b46dd9cd5b6	c2fedabf188b22594ec931c841caea84866ea0aca3ad3feeeccbb3997fec97bd	9abb49881a82881d09875e0a68c32265efc31ad680ea19608b9aef05a340f85d	e2aa094d1a7bb1b2d5f5bf07b6bc0c479b33047a598309ecd48c3092c9a964b0	38e379b02e83ffa39df36c1f7ae8cc7ce59a06453aba426ece9bbd511500f4b8	151	5117348	INSUFFICIENT_FOR_RANGE_RESUME	.	.	1	0	2026-07-25T01:51:01.279542Z	401b644b26eef79616cdbb161ecfe19db207ccaddbe126df75fa3068b6256357
379	asm-v1-568520616dd4748759638398	GCF_001606755.1	EXACT_VERSION_RESOLVED	VALIDATED	source_objects/GCF_001606755.1	2251617	19dfda847882fcb92a153eebd46238d95fef4deab6e1a5275f44cb74fb7bb228	ncbi_dataset/data/GCF_001606755.1/GCF_001606755.1_ASM160675v1_genomic.fna	5697271	96b7cd42adf5c67a276ef5d38c1264ce6c4d8525e8f1018294a18b07efa11033	ncbi_dataset/data/GCF_001606755.1/genomic.gff	3647b1e77a43e25fc06c201c5f039ed14d70d2e1be9aa9e4bb90547a196bd478	ALIASES_VALIDATED_NO_TRANSFORMED_GFF	canonical_objects/GCF_001606755.1	canonical_objects/GCF_001606755.1/GCF_001606755.1.pansn.fa.gz	1603383	44ad709416690a2701a6a350e7a3f32a31743d5bb78ca1a9396fd1c3b0c88ba1	2942c279d4c3271d10924813b2c3b27416537d21317418512dd538d289b26f9a	4d1e4291d933af6f27bd746ea3bd1a36a376cac8f736f854d26623742ef53625	e6696a3ad7558cb58669f612fb6150713682d6334b2afb3d15de65d1ba0e58e9	80624989af8a0853722c0133bb1fa4546402f9946ee6a0c75bab4f73cdb0013a	5439b0b7499567de89836a91afbb1753c064d8e9018adea9e80696fab2a30095	197	5606911	INSUFFICIENT_FOR_RANGE_RESUME	.	.	1	0	2026-07-25T01:51:03.957555Z	b7018ad0ebbbe85a92cc69b4d1c078480cbf352f6ba18b41f75eafdb4458be2b
380	asm-v1-a4474c2417a3e468e66b2350	GCF_006349865.1	EXACT_VERSION_RESOLVED	VALIDATED	source_objects/GCF_006349865.1	1898163	0ca4e1e35a646ae9e692153abaf93382bf07eff199b6288b0e18fee80b7fd1e2	ncbi_dataset/data/GCF_006349865.1/GCF_006349865.1_ASM634986v1_genomic.fna	4732594	b3ac96b44cbbae0404150c332662c9afb52e08d6f38dcbfef458adbf092c60c6	ncbi_dataset/data/GCF_006349865.1/genomic.gff	6b5294084672943eb02912ef1868dd83008ba2894cb7115ae2b58e901c5b6d79	ALIASES_VALIDATED_NO_TRANSFORMED_GFF	canonical_objects/GCF_006349865.1	canonical_objects/GCF_006349865.1/GCF_006349865.1.pansn.fa.gz	1349613	426a834da0487cc1e905d1bcb4b2c4b03b2ba03c99c68cbde70839b146db439f	bb90d99e75ae34c39e8f920af2069dec1d1c8e1249c3753fdc9ca27c7c00b510	e0bbf315d0a75e3151983b7231d999cbb8083e5ca92f0ab8de6bd0a072845a0a	8f9626336489d0676cbb563a14dcfa9274e99f2f72f150b96ffd745303a6a49f	c8025caa6743f571dcab12d7e94ea74e473c26128b3c25e70d0d87a6f3ef4b8f	556c2a1f2b09738403099d19687a80ec3408eccb9a868572bd5151aa5f5730b9	507	4615302	INSUFFICIENT_FOR_RANGE_RESUME	.	.	1	0	2026-07-25T01:51:08.049217Z	0dcae2132b7101fbff34a73b0cc6b8c6bcee0daf0d849dbafb90c8d1b64b4092
381	asm-v1-d88fad96c20fa0a341d61dba	GCF_004522495.1	EXACT_VERSION_RESOLVED	VALIDATED	source_objects/GCF_004522495.1	2009824	2f2ccdb085f617b45a2bbbfd1f7634373eadc0619906e52c2a30e5d5e9cd50dc	ncbi_dataset/data/GCF_004522495.1/GCF_004522495.1_ASM452249v1_genomic.fna	5164342	a4d4786e62f033fb29e6330fd4f082d929563776156cc92725e7b2fd62dde0db	ncbi_dataset/data/GCF_004522495.1/genomic.gff	d1ccb85b5a6ac261f8bc1da1a60bfd745c7d5645535216f5d5aac4ed49adf3e7	ALIASES_VALIDATED_NO_TRANSFORMED_GFF	canonical_objects/GCF_004522495.1	canonical_objects/GCF_004522495.1/GCF_004522495.1.pansn.fa.gz	1452461	c3a669ba76858db0439af6eb3cb5fcf1fd860c9b9b779891544bce22340cb4d3	aa5d0dbba3a20a6e3e522b65782c5bb6b6e3dcb11d27e47c06fcfd65b68de467	0276cd399bb6ca6ea2d8e76500aa81271c5f22587f115535222a457cc126ffc9	71845589559e97475f20daa432876e106b25a452fb9038a95b431a08f053b31e	8c3ac28a099edf28889b5239528ffb5e78ab3d859b03b088437f03f7d013d015	1aaaab4d3b5b78324919ef73a9f94df6cc6595a4ca27ba6ac34d83e8651e9845	147	5084100	INSUFFICIENT_FOR_RANGE_RESUME	.	.	1	0	2026-07-25T01:51:10.762062Z	3bbb7a18be842fec00ad6cfe216eea0f1a9151254d132998562d03530ddf1b7e
382	asm-v1-76a582cc893868264c4bcb65	GCF_001558995.2	EXACT_VERSION_RESOLVED	VALIDATED	source_objects/GCF_001558995.2	2187421	afca66b4b8e4b30f155a5864c806cc56302e924c969099f3b29a109578debc70	ncbi_dataset/data/GCF_001558995.2/GCF_001558995.2_ASM155899v2_genomic.fna	5644445	92e0a4db7b63c1a07e6070a9b67298439c6430c1ff561b713fe30d8c3cf33238	ncbi_dataset/data/GCF_001558995.2/genomic.gff	0d9df83643660881965c7b29e3220a2cf5d4c8d804ead26035f39357633108a7	QUARANTINED_SOURCE_GFF_NO_ALIAS_VIEW	canonical_objects/GCF_001558995.2	canonical_objects/GCF_001558995.2/GCF_001558995.2.pansn.fa.gz	1577877	09924d63be585c598930c277570273ffc826c8a6675e71367f7671d91a5bd891	e91b0c15166d702fa153750e5305e6d12fc1d398a8d649f9182456b088394137	eaa5444b9dab048882c4dd480544f914d9252140378f2fc7cd17f9c60b1ad4c9	51f674219781104ec8dac8b04f42caf14a1d8fde0368278cbde9167828823d7b	951ba349e9bf97111a7651eae1f568e79cc90c443339df4723cdf7c29c307baf	cd40aa389a30100c781d654e00f2807198c3c498d97099f6457427282fc8f296	2	5574593	INSUFFICIENT_FOR_RANGE_RESUME	.	.	1	0	2026-07-25T01:51:12.832211Z	9d44715da82f0d91ed970997e36d92551966e8187a7f67abdcee086dced0bef8
383	asm-v1-29d786897fd84e0bbf0fbfb5	GCF_003304555.1	EXACT_VERSION_RESOLVED	VALIDATED	source_objects/GCF_003304555.1	1902301	1f1b655e518c7fc670b36e768bc245feb35084b0a841d3174ecbaa8038f13277	ncbi_dataset/data/GCF_003304555.1/GCF_003304555.1_ASM330455v1_genomic.fna	4825863	9dc9acabd3f5c29df9296e0f9489b732ab8b5b9b4a11c66b3f5633673434e4fb	ncbi_dataset/data/GCF_003304555.1/genomic.gff	bf76f1f61b28941545a24e651c3e64c7d108401b8a19a020d8921f6e517c2a23	ALIASES_VALIDATED_NO_TRANSFORMED_GFF	canonical_objects/GCF_003304555.1	canonical_objects/GCF_003304555.1/GCF_003304555.1.pansn.fa.gz	1363828	4cf7ab8a5da0f9de4e9b3c36d2ccde087e52939fb434434ee544a988eaa22a89	02e0c5c01a159c1da7a869965e4e9c622ec00c324021321edd98658d8a5dc0be	91dc4598e367dc921cc8affb0cb5d549d86425d348f5b093487676ba13c6b7ce	1610d677c751ea1026ca5af9bd2ccd7e0fbf9d97a2bbd6945dc8b080d9f9aded	57000f82581f5ed43d10dc5623b3dc0a1dc1e251276c919be86d0a60d6981017	e5eb280bed9fb3285624ca0834982ec7e0b1a4d695cdf589f0a6dbf3ab323314	205	4743803	INSUFFICIENT_FOR_RANGE_RESUME	.	.	1	0	2026-07-25T01:51:15.313998Z	35dca8d0f43f0b74b1806ad8eb412cc706836dc2d65f41d9430519670844e941
384	asm-v1-2f8a86ef394373d50cda1f19	GCF_900166865.1	EXACT_VERSION_RESOLVED	VALIDATED	source_objects/GCF_900166865.1	2378676	772919a0f7e1edbd019eb5ab11474ec98a7fc346d8971103e426be68d48bfaac	ncbi_dataset/data/GCF_900166865.1/GCF_900166865.1_Isolate_15_genomic.fna	5934041	014aab39d3455cdea408cdb213e2d6dc73d81aec78bf20318a9d0eb11fcbdb96	ncbi_dataset/data/GCF_900166865.1/genomic.gff	b9b99131dee1c062f17c8b976e3743fb1e73e4ab6436642e7931e85d909ade49	ALIASES_VALIDATED_NO_TRANSFORMED_GFF	canonical_objects/GCF_900166865.1	canonical_objects/GCF_900166865.1/GCF_900166865.1.pansn.fa.gz	1633765	3cc22831df15b46e5dd72a1ccff9306dae9a4280b4117eb39d3ee10ea7bb9bf2	0b3bbd620ebf0c63208cc24c5834f60e3d88a5e276587e3d58fbf5695a2d0d62	83cf273524708bf828f59e376236b3b101324c4bfcca7a7516cc17c77c203de8	af9465c08046423d205b262121b84be981e4df1f40f306ae1f98e56b09a67856	9cc29f70eed050045889df1e2359c9d9d72fd12fc13914c3067f0d76191c3646	2bb4a7dfacbf9e86dbc63cda6be36a8fd6f894455d480aedca6b960cb7536af4	1628	5734613	INSUFFICIENT_FOR_RANGE_RESUME	.	.	1	0	2026-07-25T01:51:31.741290Z	dd471ab9add2c209ad4de33ac2db28011bba4cda9a3f330c2f4caa08af948d33
385	asm-v1-1f08e78e7fd112b5332734e1	GCF_018683135.1	EXACT_VERSION_RESOLVED	VALIDATED	source_objects/GCF_018683135.1	1989923	1455ace90c209ceed1a2db496a933ab919ca799fdaeae2abb4aa4e1a6ad2bdcb	ncbi_dataset/data/GCF_018683135.1/GCF_018683135.1_ASM1868313v1_genomic.fna	5087549	da1c898cc06df3ab28c4b464a20af226636fb189ea13d39cf8890e0806f8d77c	ncbi_dataset/data/GCF_018683135.1/genomic.gff	222bc8d8b1e2de0b597b2148573fc1eb586c4746ac17e28a155f234409d57840	ALIASES_VALIDATED_NO_TRANSFORMED_GFF	canonical_objects/GCF_018683135.1	canonical_objects/GCF_018683135.1/GCF_018683135.1.pansn.fa.gz	1437403	d06899f382aa8031f6d85a7de8ba195350a9927eb2ff339e175c7b182978f64e	90609a40cb59c8effffda79ae6720c6caf17b031b499a8c4c8e3462238af5f2a	75785239a714b7ee74afe43f74df4f627712a40a6ae88a531bacb40f15524214	c359de7fe17addc619f0205fb329ddd7d0f745db0bb7a07695edf8111fbbf9b2	dccc5d6bd588991d6050a21357865ce8cd8719bfe5c413c8d2647be915282c7b	f139a81ee93880f3d30b175dbdef34d4ccde620ef490673c3c1dfc3b7b5ede8e	186	5007484	INSUFFICIENT_FOR_RANGE_RESUME	.	.	1	0	2026-07-25T01:51:34.323586Z	d1c1f73fd008bd9ba3725c77205913fa5b41791ee08c293627d47d7349d5ae57
386	asm-v1-a38e0b96cc45a4b0586232bf	GCF_002243915.1	EXACT_VERSION_RESOLVED	VALIDATED	source_objects/GCF_002243915.1	1968871	f628ff530c5c37641a58d6a2ae4f418641d58c6dfc634302d77881bc79d0c688	ncbi_dataset/data/GCF_002243915.1/GCF_002243915.1_ASM224391v1_genomic.fna	5112792	dacd55ba72a772b212b320f0d536856a8afa6801ec0b670392d62a155bacba6d	ncbi_dataset/data/GCF_002243915.1/genomic.gff	9da199c3dcccadbcde00772c96531f9b8fb2e9adbf82a86c1907dd08ed4fc8d2	ALIASES_VALIDATED_NO_TRANSFORMED_GFF	canonical_objects/GCF_002243915.1	canonical_objects/GCF_002243915.1/GCF_002243915.1.pansn.fa.gz	1417800	8eeeff4764239636c4f95b2be61b573a70b4bbdd4dd0bc6c8e3af8cc3a5f0b17	fa62593bc568335f1685d46e0acd0556342ef0364675d464b137f60e278a7843	707fa9715e2dd8d5993f218697bff8446def61d119e4a9ca656b7beda2e16ca9	e14f4873c8e2e7d396181ef6955336bc559bbfaf7dfba194cab1ecbd839dc442	37380f51498cb226ada67073274803286aa5dbce1ce00fe2938d4014c6462f37	0a0fbc8e402d82ea728642670b659089bec298db095d2b6414bab6bfee178c23	14	5048320	INSUFFICIENT_FOR_RANGE_RESUME	.	.	1	0	2026-07-25T01:51:36.665262Z	5db32f160c9587e30b2da583ee29adb57c2d6444d2a55562a252145e9f2ec475
387	asm-v1-96cff4a44cfae278d77af8d8	GCF_002849195.1	EXACT_VERSION_RESOLVED	VALIDATED	source_objects/GCF_002849195.1	1830815	c6a6ddf77bc65617bb3becd89bc8982627eff4c28699c0b23c009c8fc20629e1	ncbi_dataset/data/GCF_002849195.1/GCF_002849195.1_ASM284919v1_genomic.fna	4687540	0283ddb160720563b480caef9753a2faba4441c8067c5d40035979f46b1084a5	ncbi_dataset/data/GCF_002849195.1/genomic.gff	00cbf924d37eba24da0eafe6b3f339863b2ae8ac96bc85bff4db48de975b6775	ALIASES_VALIDATED_NO_TRANSFORMED_GFF	canonical_objects/GCF_002849195.1	canonical_objects/GCF_002849195.1/GCF_002849195.1.pansn.fa.gz	1315743	4f5c1c3a5b1ad71b0661132e53b57470e12231e709f0bfe0220d52e31e9b2cd4	4595dbcd3762966892da63a379ca1f4b6d8591a08ae7da038b06e8699bf04208	8d42d48bbd77150c301593951dc6b71e7642b0c7c6483d0de08cc00f3f72b5c1	2ad0bf5aee61ba2bd6fc7a7d5d069201f336740980bb6cb13dbc7d4fd08ffd04	8dd3f016b48be6b80dd84928d96aabfd2e5b1c01a72d1c0c9dced1da855c8c7b	7b3254e51bd074d70c8dc0105f31fd6f0d600251d32a865fea4eab54264dce8d	59	4622443	INSUFFICIENT_FOR_RANGE_RESUME	.	.	1	0	2026-07-25T01:51:39.056564Z	2e6ff8187e2eb79c4dbfb7543c59b6da68f4ac81afa9c9623e029c267b965da9
388	asm-v1-ac6bdea9b5ee3ac072e464ca	GCF_021413285.1	EXACT_VERSION_RESOLVED	VALIDATED	source_objects/GCF_021413285.1	1822591	669e78682cb5e94d870b365ec6056b380804ac85403a3a332119aa4bebeed2cb	ncbi_dataset/data/GCF_021413285.1/GCF_021413285.1_ASM2141328v1_genomic.fna	4607228	2aec3ddcac3f96c38800552763448cf66314f2d1affb917632fd94fe9b18d821	ncbi_dataset/data/GCF_021413285.1/genomic.gff	ff40402de913cf9673d95e8169d46342ba8342e6c4143efe1c7fdfb85d29675e	ALIASES_VALIDATED_NO_TRANSFORMED_GFF	canonical_objects/GCF_021413285.1	canonical_objects/GCF_021413285.1/GCF_021413285.1.pansn.fa.gz	1295229	416381f4821bad3cf1159d1f75ff847d546198283db16163cbb4e8f3ac977bd8	4d4d1eb8b635b9f01a52c6285a7695cda88418a2cbcde44e49f306038fe99752	bf1135c40bf2a1f6f4fb5f83576452733edde57498036c15ec1e2df3586ab96f	0699f028462406c0da6b5f05bdc15a1ac0ca4d48677a85cf5c03af7909730d6a	fe4fe78957509043e314d4ce31251c18e30071ff1ed44ccf4d9f2bbfdf2a59da	9ae418a01a3c1765c88fbed4bf6088f37ca5b761198098d4c5e21bc4ef0198ad	106	4539619	INSUFFICIENT_FOR_RANGE_RESUME	.	.	1	0	2026-07-25T01:51:41.446416Z	2401844b35eb34bd3331fbdfdf8c4a08a39195eee6f8f05cdf0a1b5f7f4adbf7
389	asm-v1-ac0910a8f28d1e1b44682a5b	GCF_902668645.1	EXACT_VERSION_RESOLVED	VALIDATED	source_objects/GCF_902668645.1	2071195	058c5589651ca769102ac9dff80fb951acd7d8c89d72dda284103d36a1f9fb3f	ncbi_dataset/data/GCF_902668645.1/GCF_902668645.1_EC1_5_assembly_genomic.fna	5410995	da9a3144ec92a3ec9e7efe1e842fee35aaeef04db8b3b895cb61d95afec210fb	ncbi_dataset/data/GCF_902668645.1/genomic.gff	7f95138290b2b226af0be3ea56f8bb700143f63d0bbf118a24547bea2a372cbc	ALIASES_VALIDATED_NO_TRANSFORMED_GFF	canonical_objects/GCF_902668645.1	canonical_objects/GCF_902668645.1/GCF_902668645.1.pansn.fa.gz	1512056	dc80548e38f77fe386335eb50115f903bff5c67d7f6f42073dc4f9ec9f10add9	ea9e5c8b0889d2040c6592d9fdec2cc8ed7c5a86c7fb498565fdff91dc775c1e	281275df1341aa6c47ce2a93085bb7658657dde87646b7c96bc3ca05da24a057	79eb47a9510dec89bb08a313155105d9099a07304c9ca9c6080af5a988e812d2	3945092bc57e1d52df30c979e94744a310b9a354fdad6f3b9c18cc1bc485f379	f7ac9b835c6f15eac369fdbe8e75010e1c45d937f1fd48f98e4cf1fa3a9745ae	2	5344025	INSUFFICIENT_FOR_RANGE_RESUME	.	.	1	0	2026-07-25T01:51:43.609306Z	bee176fe3a028726acea8b94ba1543afebb0273425cdf9ab5add17bae13cd1e4
390	asm-v1-cefb29a8697dc455fdd48d37	GCF_002226715.1	EXACT_VERSION_RESOLVED	VALIDATED	source_objects/GCF_002226715.1	2016614	8e1707a91616daefea4a468189bff70fa0cec39b234312a5a4b999026dc38e0e	ncbi_dataset/data/GCF_002226715.1/GCF_002226715.1_ASM222671v1_genomic.fna	5146106	96017dd44125a489cd231b3dc172bb08bb5eabbe3ceb80cddf431b788c6ad0b3	ncbi_dataset/data/GCF_002226715.1/genomic.gff	14b9ce6bd4408b558cd40342c4cca244b4ae9096aa1adc997fb28c1f50f01c48	ALIASES_VALIDATED_NO_TRANSFORMED_GFF	canonical_objects/GCF_002226715.1	canonical_objects/GCF_002226715.1/GCF_002226715.1.pansn.fa.gz	1449606	8d60e6923bbb1d7547a88efa598dae069854f5c8dbb8225c82ef8be396aae3a2	1a6d25e3b92eb615c5a338ada0f8e8140185757c1c5cacb2db8e84950c759f97	4a47ec946dd795546ce79eec4941e992c7ed415e5d8b5c9fac29a0af0563a970	d535af4faec1861b04bacfa83bc8a968a592c2a2fd26f064b373134d9d439583	21575c2e60b3a293748cca3ab9959add9795069b65c6915e1b4746468f5778e1	96a3240ac546be78ef31f93024e528b7fc0fd1e01e8363fbed121cc3b56e14e7	206	5057359	INSUFFICIENT_FOR_RANGE_RESUME	.	.	1	0	2026-07-25T01:51:46.309064Z	71d9e42299bfcc5260c3843c8302df7451598d41f31b651c34b9ee7b3d1ffc9e
391	asm-v1-f2d5cf407777a9fd3b276112	GCF_000511425.1	EXACT_VERSION_RESOLVED	VALIDATED	source_objects/GCF_000511425.1	1940423	4de7acd73c46d84fed30c0b9e313dd0c3ed2a9046c5cf7c1b3fcaad57b1afe3a	ncbi_dataset/data/GCF_000511425.1/GCF_000511425.1_Ecoli148_genomic.fna	4967414	a3ab9893ef2e0c613dff8d776c9ba4a7040df3b341d674ad09fec969b552e819	ncbi_dataset/data/GCF_000511425.1/genomic.gff	4ec0001470a8a7f04749d2ff17acede2f328196eed2e3bd9aabac5772575eb8e	ALIASES_VALIDATED_NO_TRANSFORMED_GFF	canonical_objects/GCF_000511425.1	canonical_objects/GCF_000511425.1/GCF_000511425.1.pansn.fa.gz	1409976	d7bddd1ab1365e20f797edd880987713d2ba97561288ded46ace991927fbea72	a61a57a3206c5574f4baf5bfc8d7dc9fb40f2bbc7b761e266a66b99b7ee8ea20	94320710192231afa09301e913e86bbe4266df960c687ee3907c26529b7ba3af	6f4a1695b98870e16bfdc7a2af9d31962a173a968a08b57e98bda33b269240b6	ca86321a6f63ab4f38d5cb2f19f05da85d534f4ae4cefa3269e29c2d8ddd48dd	e05281c2accb573aae5d5d2df1df68e7f2dfa94a09f02a3b5ee7b8cf9edcea02	269	4884171	INSUFFICIENT_FOR_RANGE_RESUME	.	.	1	0	2026-07-25T01:51:49.476543Z	8b6bd9e70d6ed4102e21018308bf9a95be5d1992e4ba971981561baf7d5573a8
392	asm-v1-c27bb89c09b274471543bf38	GCF_016761175.1	EXACT_VERSION_RESOLVED	VALIDATED	source_objects/GCF_016761175.1	2082916	afbfeda514d3797ae94fbf2520417c63b300748362dfdbfcffd51376a0d1198b	ncbi_dataset/data/GCF_016761175.1/GCF_016761175.1_ASM1676117v1_genomic.fna	5313455	bd4bab1af6c304d9a00450fbb50352adc2d5b6467ccd7a7b9a727e8d936052b5	ncbi_dataset/data/GCF_016761175.1/genomic.gff	5a783c31efa81d16cd01a6ec82e949434f980046d6f9319285849462ff0a596c	ALIASES_VALIDATED_NO_TRANSFORMED_GFF	canonical_objects/GCF_016761175.1	canonical_objects/GCF_016761175.1/GCF_016761175.1.pansn.fa.gz	1494045	55dae1926f107fec422a644ce4d2e38fe6abb55795579c6bc7dd08e0c722754f	2b77eb764092925e8002f5e37dbe84ce06e52eed70b4be237122f539c6b31591	37a4dfe77af7d7709c7c05f42c7de0337d00a986d9ce1adc10f5b6d261e35274	761863d5125e63cb13bcd762a0ed7bc85c44763fd9c71f663eb30cca8b933431	19d69e3a2a60e0cebd382e72dfb54159c4100c29d6f31d0b92893f62b3018e66	4da848314b4e1a4bc9858386881ef4685cdf59eff482c51d6ce9dae5b30b314d	86	5237487	INSUFFICIENT_FOR_RANGE_RESUME	.	.	1	0	2026-07-25T01:51:51.710630Z	71e43af522db1294a243604b824d5167bebe021b86bec668a8c77affb990020b
393	asm-v1-79ce99ef40e59c37277459ce	GCF_002324625.1	EXACT_VERSION_RESOLVED	VALIDATED	source_objects/GCF_002324625.1	1860862	9069c26e477ad5b87a6ff0522126e0a9ebf4fcbcc87e5b00c52bc5cba71c25a1	ncbi_dataset/data/GCF_002324625.1/GCF_002324625.1_ASM232462v1_genomic.fna	4717339	58cb980af151fc4f031da357755e9902b919c26a72551d895c96b46e7ccd62b1	ncbi_dataset/data/GCF_002324625.1/genomic.gff	cd872d3868f2baec11c37c25199b1560fe74e42f0772d037d22cf054c5fab62f	ALIASES_VALIDATED_NO_TRANSFORMED_GFF	canonical_objects/GCF_002324625.1	canonical_objects/GCF_002324625.1/GCF_002324625.1.pansn.fa.gz	1324462	d8920527cf97b1bd2ce2fb0119b1262f156e6d4ba548bd29ddf09f90da228c0c	38bea9b5f2d5f5a881d4eb1f99f52ea2082305d5326c5541bee3aaa90255f070	dfb0082e826c5eacebb89bd71177f37b55ae7500a8c1292a1645c417ce6cc43b	29a5832b95e7cf13375d67e38e7408a356f32fb315a3d327c7361372303e916e	202ed8e47592271baab2cbc683523799d7454903fed4d505a28957408918f6c3	f595a6f5fe1a4ed3a066babea6666096559ccdf252e7595e2b69b4b52185c28f	126	4643859	INSUFFICIENT_FOR_RANGE_RESUME	.	.	1	0	2026-07-25T01:51:53.959922Z	213733bf5094de73bd792fd6ef228f3307655bc7d817dd192083fb94f76500fe
394	asm-v1-616ee2f2f9ee01e6bd23ee0c	GCF_011603175.1	EXACT_VERSION_RESOLVED	VALIDATED	source_objects/GCF_011603175.1	1980562	b577dbd7cb50d0080e05254cbfbd4f51a30c85d9112d7ec7a9cd3b99ffb0956e	ncbi_dataset/data/GCF_011603175.1/GCF_011603175.1_ASM1160317v1_genomic.fna	5107706	4d49f1ad18ff90c0527c1d4b90fe2d168be5ebacd539789c1cdeac5e2cdc0a01	ncbi_dataset/data/GCF_011603175.1/genomic.gff	34a2858be03a83fe1e3b0b57b31e54422b643e04714d85e36f75b39859f1511b	ALIASES_VALIDATED_NO_TRANSFORMED_GFF	canonical_objects/GCF_011603175.1	canonical_objects/GCF_011603175.1/GCF_011603175.1.pansn.fa.gz	1433742	62d7e10f09ff85d1f79a4642cb0027f79ee6ab6fd3c6633140ac98e6e97c5dc6	5bfb65a4ffc4ccd121c6db66109e255cc1f4010ee57956bf942544d0ea10d948	ab83983c591ce81f632def67bd816aaea9d3e38ae4a5eb2f8fc3c65e01bab9c3	e8bbe7e13b89c6abd77042328edf0cd0563c400c716455ba63eb26a6a1a1c17c	ee2c85dc5ca7de1a1681a15373bab5ea7cb43783f6c70c593228c8d39f5ebd40	05651243b24fa0de9e763c7a91ff97b09019d22bf801f1dc6f0f6bcc7e0b6886	105	5034954	INSUFFICIENT_FOR_RANGE_RESUME	.	.	1	0	2026-07-25T01:51:57.138209Z	9c3f05b12ce2f31af6718d75da0ac14f986d84b932ebe2694e41f57fdb5fe92d
395	asm-v1-ee69676a9a64a37646c67d88	GCF_019879625.1	EXACT_VERSION_RESOLVED	VALIDATED	source_objects/GCF_019879625.1	2064330	c8e80912cab1da899060e6e9a29914243b18b5bbdb98593391d67c8b92216199	ncbi_dataset/data/GCF_019879625.1/GCF_019879625.1_ASM1987962v1_genomic.fna	5239318	4f60595e54573512f9a5f34d786503b76407cade584c287411836010b7d61d50	ncbi_dataset/data/GCF_019879625.1/genomic.gff	caac78de154f282c065cc65c7cc14a40ea3bd003c448f2db2333b87759c8c221	ALIASES_VALIDATED_NO_TRANSFORMED_GFF	canonical_objects/GCF_019879625.1	canonical_objects/GCF_019879625.1/GCF_019879625.1.pansn.fa.gz	1473778	7951eb4b56b02a64f2250579610e98d64c6bcc77cf2169f8190d203d5f2bd2dd	715f2b07afde085dae5790ebe4d22ef7100c3cd617a7b529064ab646eae1d2d1	e091a233ad7a03a2004b7d146e083317ea537a4ea7565e92cd8e1cdbfad0ce6d	ffb7c5ec16381cf98d022ecf23fe2c1b45b1ad164b0ecd3b52e7a897da9ce3ce	e83f0bd5326515399c2c9c051990dc413d1da2135637514b31677f4426a66292	b8f46e3d0de46a9699168f1ec1007994cd8a07969255135d2c7a6ced66949a6c	202	5150832	INSUFFICIENT_FOR_RANGE_RESUME	.	.	1	0	2026-07-25T01:51:59.868562Z	7ac35251cabb451f56fada5514e6186848eec9c9d2b301f599afc3e305be3a59
396	asm-v1-ea048295b97a58f520602364	GCF_003297955.1	EXACT_VERSION_RESOLVED	VALIDATED	source_objects/GCF_003297955.1	2029543	c81dd94cec2cde7cf2310f123c3b6a452462fb1c021f3dbc3108ff2bf170c507	ncbi_dataset/data/GCF_003297955.1/GCF_003297955.1_ASM329795v1_genomic.fna	5230452	0750c6599c4f5434a7be0cc42578b79826df7cefff9ca5f8aabedf102528ac49	ncbi_dataset/data/GCF_003297955.1/genomic.gff	00f50bf0cb125b9e93dc3dc4070ae620a4882e8f5f180869780e8c3b3c454ddd	ALIASES_VALIDATED_NO_TRANSFORMED_GFF	canonical_objects/GCF_003297955.1	canonical_objects/GCF_003297955.1/GCF_003297955.1.pansn.fa.gz	1471623	fd9f841e287c93f38c6ac3754c3298c10ccdb9c21679e1c20e1c8ad8c4198e1f	7eaab56168b770ca57b10d1ed9b6e46a427814a71ad9c5667568d90262bd64fe	2420134a5f4bc0b461fb13e0878f9df2ff3f24583762871ba37656899479ef7d	fd83fcb458d8c68d74f377799623ef8e2822c7536d57917492290193c250996e	f7431627b14a14dd3a8768ea7950c22ca61e888d79e104b3f5b25c65345ae023	8b1325cfca21511ab64a4e7c81a1872076075807a24b67ae610674181c1df0b7	150	5151728	INSUFFICIENT_FOR_RANGE_RESUME	.	.	1	0	2026-07-25T01:52:02.186725Z	ce24f9a6d41fc00a648762d01c7cbb6020143cb6d8491261bbd043d72fe7bcb5
397	asm-v1-6e4e1faa655cd8c08e268d6b	GCF_005392285.1	EXACT_VERSION_RESOLVED	VALIDATED	source_objects/GCF_005392285.1	2099268	bc15ee945ad67fc27ab4de3bc239be6c8cc3a94b60827459c21923b324d0f552	ncbi_dataset/data/GCF_005392285.1/GCF_005392285.1_ASM539228v1_genomic.fna	5351380	149bdc1dc9a0e2b300bad2ffe01b0876f39c0373f63e4b00572af911ec5a75e3	ncbi_dataset/data/GCF_005392285.1/genomic.gff	7f8cc9015a94322ecb2c8b833716019dd128e79bb731471ba49faa6d97d2a23f	ALIASES_VALIDATED_NO_TRANSFORMED_GFF	canonical_objects/GCF_005392285.1	canonical_objects/GCF_005392285.1/GCF_005392285.1.pansn.fa.gz	1495270	4debaa6ae8b9a0e9918d61f96c44cc2c3aae9ba19abaeaf76c9f8e8e418f0f79	80e0bc9d4a0e72747572a34a387809622e5d8474353db1c4a063e427d7b088d1	8006075d6e5840550a359149cecb067dc61be6f4effae03c55e1ce324e98b827	929405169d9cfb3e01b107e4393ef5ca9ac4841846c7639424baa4437a1700cf	cb84d2a71001de21abecee91ebdef996b18c83f672dc39940400f668ff474e77	c929193dce57681c8f4ed6b310f06aa55ccfd8bf2a26edde984efd678867ce48	164	5270008	INSUFFICIENT_FOR_RANGE_RESUME	.	.	1	0	2026-07-25T01:52:04.667847Z	0e4884c4fa7fc5227ac3cb29fc05ffa0fa5b5b785f53f49beec4b3cdde438d1f
398	asm-v1-e03a3366fe60350b4cd6d242	GCF_921294225.1	EXACT_VERSION_RESOLVED	VALIDATED	source_objects/GCF_921294225.1	2045743	a848afbad78e07f375c7572dcc8ccc677b623e8fd64f8776c724ce5e1b8e5b57	ncbi_dataset/data/GCF_921294225.1/GCF_921294225.1_ED0258_genomic.fna	5245765	9c1c20a1004151c2755b3ad02fd05c8997d29c071fcc86053a54c84aece01ea3	ncbi_dataset/data/GCF_921294225.1/genomic.gff	bd6738c31ebefd8d996a7af8397a7aef755652c2a4ae2b52a242974c6f0a8f85	ALIASES_VALIDATED_NO_TRANSFORMED_GFF	canonical_objects/GCF_921294225.1	canonical_objects/GCF_921294225.1/GCF_921294225.1.pansn.fa.gz	1479868	0bc5ababa582ea94ef1eb472119892be359b19dc532aa2f53c61f160a50fef21	4873bd51009c77e857595294d6f615659a3f953550306a001d9072f8e143ed82	958e7659d8cb15731aa47811ebf0de416809b4c9f0a1dcf8f3fb75290f05d894	3ce74f4ec7b9c48d597306eab7bbe40a7638adfbbdc812d451e2e3eafd5b9843	52cbdd5cb13b994f7445eb8d0adeb04279334e1ff235f8761a36c35e8d628a89	4389c81a27b18050d60f114dd5806c79a27070652291e47428a2d4214d6a92c0	151	5168252	INSUFFICIENT_FOR_RANGE_RESUME	.	.	1	0	2026-07-25T01:52:07.201514Z	6afca5a0d27cb4772885983b33f4d6ff3907793db13af17d928a277ec2578ba9
399	asm-v1-11a68912dbb00eeec41bbf61	GCF_015620665.1	EXACT_VERSION_RESOLVED	VALIDATED	source_objects/GCF_015620665.1	1871575	df794fd12d244cd61e4e1c65c46e2e28cf450a478087384e9e0c1f882a489339	ncbi_dataset/data/GCF_015620665.1/GCF_015620665.1_ASM1562066v1_genomic.fna	4784455	6d9306d2f4f0564847591654341e930ffe523f7efc27449cc4bc9ede77bafaf8	ncbi_dataset/data/GCF_015620665.1/genomic.gff	23a9afbbe3b17272d121aff8d57e955825c1ac1aefdbf2de85c33b4a5dbb4af0	ALIASES_VALIDATED_NO_TRANSFORMED_GFF	canonical_objects/GCF_015620665.1	canonical_objects/GCF_015620665.1/GCF_015620665.1.pansn.fa.gz	1346650	c054fc812a4bb0b9ccb627369eadf91fe6a401bd7ff4e398fc7551eb78909140	da02bea28625f5aeb90acc068f70ccfdacda7b083087835576e48d0500520fb8	04c3de04b14536f4d1c34312160cdcf742271e7dda33756edcf8cc2e7b4124ef	4ceb770166855762dc619a2ba9475e0ef7ac2b3e0711a4dba61f3cbebda6383e	fbfa17abb99ade574a9f1978bd788a9c813551b7aafbdf297d96d97f42402582	9956456dc3c66d21b92e57def749cc01c1b536c3d594d4ec14f09a871eced18d	165	4705666	INSUFFICIENT_FOR_RANGE_RESUME	.	.	1	0	2026-07-25T01:52:09.570319Z	90fef4d89ac273f01736a32b72e9c2c97793ab607bfdfb1efb423f3d7f763029
400	asm-v1-e08e205370be66d4043abcfd	GCF_016457315.1	EXACT_VERSION_RESOLVED	VALIDATED	source_objects/GCF_016457315.1	1958380	b7df200e7cca915135606d04c48edd5c54f85c3a3928b1932eafa580aa2361dc	ncbi_dataset/data/GCF_016457315.1/GCF_016457315.1_ASM1645731v1_genomic.fna	5035265	7167c201355c598f934d4c954ea34ec53f031eb9c9bd9dbbbc62671ebc054920	ncbi_dataset/data/GCF_016457315.1/genomic.gff	ea75e0ee28b1e8d123bb6ac565efa74742a6ab405d102433a42055a474dd0036	ALIASES_VALIDATED_NO_TRANSFORMED_GFF	canonical_objects/GCF_016457315.1	canonical_objects/GCF_016457315.1/GCF_016457315.1.pansn.fa.gz	1417567	54a412ab72420226367b8cea9c64862e7669ce2d4daf406aa799e014e65ba774	f28917c616e04a6c87358b2a3273429b0fe6884dcd03d09b8469f2ba2c4fe792	79008d550ee9a2a50162546594d31c04c8d180a43dbed280abcb3e04f0e030b2	5bb32e685190f8d725ceb9bf8936c2407bbafe2b62e0cde6fe9323455f672673	f6f98d3dc8abd6fbc0bd08ad6bb430dd6dc6474ff7a6054b22144b60dd4ed11c	73d5469bfbc978b6faab5e46b38ae72c5036d61f59b63cbfc8f0f97eebb88269	77	4966078	INSUFFICIENT_FOR_RANGE_RESUME	.	.	1	0	2026-07-25T01:52:11.916288Z	107ad7e0ba4ae05b2e38e32877a14a5495e7b3dd9e7044486af0f5d0dac69dc8
401	asm-v1-8339d58a31a0b817dc4918aa	GCF_000357905.2	EXACT_VERSION_RESOLVED	VALIDATED	source_objects/GCF_000357905.2	2077125	4a48a57763d84e6eeda0b0991df833c66280880d5db97044bea1d6b957aa6ce9	ncbi_dataset/data/GCF_000357905.2/GCF_000357905.2_ASM35790v2_genomic.fna	5275841	af24bf8c4b8badc10c04f20684e36ee63bf25c78746140dc0386ea572e49f5e7	ncbi_dataset/data/GCF_000357905.2/genomic.gff	9ad12f367dcdf5e3ad79028c024d21c356ad777613464f852d56f5da137501f0	ALIASES_VALIDATED_NO_TRANSFORMED_GFF	canonical_objects/GCF_000357905.2	canonical_objects/GCF_000357905.2/GCF_000357905.2.pansn.fa.gz	1484917	99101d1cc8d3ea5d84d5ca236f56b7d025160114e912f084ab47a2ae64cca39a	92c56662c61850a20d7c5fa2da6ba04602f89d7f115256f2c40984ded8b36f10	72c95ebec8051d06c4811880925c454a3f7c2c2f9eaaa75579f2c604cafac35e	91505997396c9acd72af83273ba896d7a0b64922ff5665de6ab9be228ae46700	3bd51653cb1e6cbc15c3d0abcde9d224bd32fa0d9cb6b1a171e2a55ff8a4c7f7	3826dd0f1b17e87396cc6c6d421c58be6441a7938ba638ffb92ae663d7394269	193	5191276	INSUFFICIENT_FOR_RANGE_RESUME	.	.	1	0	2026-07-25T01:52:15.415932Z	6e6259e087b8364f25ee050327b4297a2c65910565c13fa34a464f80f7e251c5
402	asm-v1-114e4e9bf911261c7212e725	GCF_009394435.1	EXACT_VERSION_RESOLVED	VALIDATED	source_objects/GCF_009394435.1	1977896	5145d68ea3182e2a9b3a44140bc97219fad8cf1f2ed5c62eeb82457a5f054b7d	ncbi_dataset/data/GCF_009394435.1/GCF_009394435.1_ASM939443v1_genomic.fna	5044588	67dbba34980082d1bdb0e815a225182452c8486bf8880d904a4835634a015233	ncbi_dataset/data/GCF_009394435.1/genomic.gff	c012b163a0d3cc6fd6c3d2d484cd588592f285c06b5b450bec1d82d48f3491a4	ALIASES_VALIDATED_NO_TRANSFORMED_GFF	canonical_objects/GCF_009394435.1	canonical_objects/GCF_009394435.1/GCF_009394435.1.pansn.fa.gz	1414672	4d94acf76f7f11b2ccc33328d77ccccb34009a720129126104639c206a9ec362	a0d5ecbdd0dff64d26b683d4388c96f0cf6be8d4138990b33b76d1955cb6cfa0	24fb3539012a910898cedb053557a13726325198375873b947ee81c1ac18267f	fe343cb228a05e9bf458e75fc1443f03f909cdb53db6c990374f77e51796d360	1165083f0e9d281554bee31e5f5d2123e6afef19ca6e61024af452fa1b720c1e	432c90d064003f6e3d3a1c1050d562f2eb0478fc5f2a58ea74dbc6e5426aea9b	435	4933325	INSUFFICIENT_FOR_RANGE_RESUME	.	.	1	0	2026-07-25T01:52:19.362479Z	8059f617e449084326f96883a044130bcdf674905b8100dfbf59d3fb8ee903d8
403	asm-v1-4a5440b5b24ad9bc4104da86	GCF_014862785.1	EXACT_VERSION_RESOLVED	VALIDATED	source_objects/GCF_014862785.1	2224217	31c2b0cc25f8a68ec63228bfc92e12346a0c7572f096e2e3ecbe3d7385b7690f	ncbi_dataset/data/GCF_014862785.1/GCF_014862785.1_ASM1486278v1_genomic.fna	5650671	e85dbf1eacb7affd8cec0a6e383c5a35fd739e0fbc773bc06f554b1c892ef003	ncbi_dataset/data/GCF_014862785.1/genomic.gff	540644606ca952869723d4fd0e5d9a8469d14ae6c14d1cc0637e7ffcfb6417c9	ALIASES_VALIDATED_NO_TRANSFORMED_GFF	canonical_objects/GCF_014862785.1	canonical_objects/GCF_014862785.1/GCF_014862785.1.pansn.fa.gz	1600334	8a2ab052bfe19c1c9a98b5de8719ef0604323fef320628d32151f34becb61c18	fbc68a98103c5d736056e0b80add6eed8fec943c1a25f048caab68798380a537	f69c137ae3439e08333b24e7ac8e4cbd165aa4516b53416ad1240852da74d508	73407c24797964992c13e0fd960802707a695e4271fd6db58d681911313cad86	51fd31f4f9193b5c88f4f2cadc05b51e2d82f6b0b129502949fe1df1ec4a9f30	47a767b29423070524f88dfa35d646ac5855b77b36cbdeaca5b5bc3c7a484246	341	5536394	INSUFFICIENT_FOR_RANGE_RESUME	.	.	1	0	2026-07-25T01:52:22.914694Z	cc8f4affa57ab654e6dd5b6ed5aed59c934e26c428415f4d332a2a592853af4a
404	asm-v1-de8e575c88db3bd3b4e600e1	GCF_902859485.1	EXACT_VERSION_RESOLVED	VALIDATED	source_objects/GCF_902859485.1	2019645	fb7e6279f3eddcdfd4ecbe3e5edeaab7095bc1f9599609c42a5d19af657f68a7	ncbi_dataset/data/GCF_902859485.1/GCF_902859485.1_PBIO874_genomic.fna	5234736	2f713f759ae31a49c7484c7732bbee62ac4b7569d4af4736a6a36a5b9aeb9768	ncbi_dataset/data/GCF_902859485.1/genomic.gff	c1dfc31837b2a85427ec9b525c9848c98137c63ef4b0cfbdaa4297fd01d4d4c7	ALIASES_VALIDATED_NO_TRANSFORMED_GFF	canonical_objects/GCF_902859485.1	canonical_objects/GCF_902859485.1/GCF_902859485.1.pansn.fa.gz	1463498	f0d7e554f2beb9a10e91d2ff5f3290ea5d7da3c0d9609ea171542ac71f0eca36	802dd8826194fbe64721c6b89430566a162afe1ac34ad87183099991589df45f	1508430027b5939b1591994f74fa14c1a84e3500c1d74c1a8184990814ce6ec4	90bb0a0cbd2dff07fd51394e5ae2cf7592140c7e521c8e16fc03f65ea46a51ae	76725c924c2f032a5381da720c6ed94b2d85c04e92242b7de67b3024b87fbf05	3b33906f8c2b216658925c9b5cb3e12845a42bf9d44448d94042b56e28c44d4a	119	5160061	INSUFFICIENT_FOR_RANGE_RESUME	.	.	1	0	2026-07-25T01:52:25.321585Z	e03a2faa68381172d1d346317d9caf720c0e62a84b714bb41b30ac82565519a9
405	asm-v1-bb5ba595e32601563d2430f8	GCF_005382185.1	EXACT_VERSION_RESOLVED	VALIDATED	source_objects/GCF_005382185.1	2028189	2914b7440baca30c3d617cc1343d213ba317dbb6fdd790449e4a6f2261d9e2d3	ncbi_dataset/data/GCF_005382185.1/GCF_005382185.1_ASM538218v1_genomic.fna	5196085	99028bd9e40c959bd1ccb49dc10ed31fd2c42c1466416c048eac2a9f41843773	ncbi_dataset/data/GCF_005382185.1/genomic.gff	9e5c6e5926131c8dc49175e845edf5ecd47a0d0646518b41d3acadb7e86d0732	ALIASES_VALIDATED_NO_TRANSFORMED_GFF	canonical_objects/GCF_005382185.1	canonical_objects/GCF_005382185.1/GCF_005382185.1.pansn.fa.gz	1458767	680517c92b20ef23f6b3ca37a57491d9ea779cf90f9afa1c981911f89fe44115	06dcdd62bdec2670ea38d02e667e348b8b4279156a5778de2c54bac395038b1d	c21a2ca3b570928b1aad1b7f8660b2df33bd98c4939694299115250f5bf4f783	725a11a28ed178ac47ca2af73208d467546b97e8f2dad5230e524c3b94ad92f3	caa5f47217a6482d6b06f78721de530dff86354dcfbfd6218dd4e3e47799853f	680013385fd28d5e955439fb5edcd84651b23d8e3699f5c8cdba0d1f6ab59b35	72	5125287	INSUFFICIENT_FOR_RANGE_RESUME	.	.	1	0	2026-07-25T01:52:27.782908Z	0d217ee172083928616efab1705a959f40dd0180384f62ec8f440b37f87bcc53
406	asm-v1-f7d85e5a03d6fcf399e3760c	GCF_900481275.1	EXACT_VERSION_RESOLVED	VALIDATED	source_objects/GCF_900481275.1	2078284	d437847df35b08997439fc4000a4aa19e389f95dc6a1129a53994a39d02cd772	ncbi_dataset/data/GCF_900481275.1/GCF_900481275.1_17870_6_2_genomic.fna	5326066	b854e891326330a4c38dd484da80213d609285bf1bfed77ddf42c1c3c952a66d	ncbi_dataset/data/GCF_900481275.1/genomic.gff	4014e54edc62d2166dfa66574fde52f6001c9d586ad225b0940db14342597360	ALIASES_VALIDATED_NO_TRANSFORMED_GFF	canonical_objects/GCF_900481275.1	canonical_objects/GCF_900481275.1/GCF_900481275.1.pansn.fa.gz	1493180	2c28e8c582fbe903ff170d22d715ce3b5b70f387bda87374de28e50833e7ec03	78c0d09d39fdb346260ba03a4cb3bc6c4e513f4584d39f59887234a896cb04ea	99f786c26a2c9d5680fdcdefd5da9c1d852f3cf981045ea0874e259f794acfb9	3e51dc9774b126b5c42c5e5fa79d417a16c09779f17f983b7d46deb29da762b3	88ca62f9f39c49831ab57116c5e09c4f5770c86a101d105999e8ec0e0b367a81	475e95fc250aea1917f6bfd9b7606676131b8885802767a04b788084e2bb6ac8	79	5253799	INSUFFICIENT_FOR_RANGE_RESUME	.	.	1	0	2026-07-25T01:52:30.046455Z	90d485c7f236941649247e7af4e2012819f09f1ed88bf1f60d56f6b406a121ec
407	asm-v1-89a2437ba8118954aa2e9d45	GCF_009393735.1	EXACT_VERSION_RESOLVED	VALIDATED	source_objects/GCF_009393735.1	2006539	4e1986cefa82497ef471a1a1f51c14090e3a5605f5e684e37ab4e317c5655298	ncbi_dataset/data/GCF_009393735.1/GCF_009393735.1_ASM939373v1_genomic.fna	5069252	3b73250d3d32c03d2806d105dcd079c86c6b5afd62510b574d8501fe7ef0a9dc	ncbi_dataset/data/GCF_009393735.1/genomic.gff	14ba7ad0a21d686b01eae42bdd01ac695adf868ae025eb684c99e1e317def4c4	ALIASES_VALIDATED_NO_TRANSFORMED_GFF	canonical_objects/GCF_009393735.1	canonical_objects/GCF_009393735.1/GCF_009393735.1.pansn.fa.gz	1424882	158db5d97b00eb68231ac4b10550bbc8d36eab031232b2815d5a9a74793ac9de	91bbd5e679a097e873a65fff3c290c1ace23cacc8b56762d4312452ad6419883	d2e2d6a932e108a879c9fe9c165584a4c3979e0a7f5efbe2318e92606945d883	d5eec33fe41e35e0f6ce4e8b05b3bc09116dd3b35368e4b9dfbf993ee160232d	86b1a78bc9ce6e84ec55f12edd9fff81b9dafdf84ee10c00aef1421a62404735	1734e48f91c1431bd2b1572e9b47f3300e9126f3aea789f1f2d8987d844bc021	288	4974481	INSUFFICIENT_FOR_RANGE_RESUME	.	.	1	0	2026-07-25T01:52:33.631554Z	bd4891be93975d14f0bb5e2282695b3094295b212f40d2ef196dcb21f697c8f1
408	asm-v1-d5c101b35eef5af61cb426b6	GCF_904809595.1	EXACT_VERSION_RESOLVED	VALIDATED	source_objects/GCF_904809595.1	1856241	cd4524fc92755097fb151f4c1b5f7f78f5e0893d698f6535005cbf815565d6c2	ncbi_dataset/data/GCF_904809595.1/GCF_904809595.1_24742_1_34_genomic.fna	4775837	410d7ee140778b5e3bea63620a2f44efac1074909452e74a0b6e2f58628a9453	ncbi_dataset/data/GCF_904809595.1/genomic.gff	5cf5e4015df82bb3c4d4f72edb308e35ef9bec4e407d11237b07312d8f5587f2	ALIASES_VALIDATED_NO_TRANSFORMED_GFF	canonical_objects/GCF_904809595.1	canonical_objects/GCF_904809595.1/GCF_904809595.1.pansn.fa.gz	1343032	d9cd1965da8b053bcc855a7d614768ac28a2eff30409e43e3e44bd31ca1ef188	ee10d18f393369d0db61131c326344b1e4b7855204eeb97c4898c2d8d99cb729	093adcc8125557014675d1244cf266904ad6e33d3916280b2d0fa659568dded1	6d5405e3e80068dbd61b09be681931fc39f39d8219c66859e721bdf187ffa1c1	259513be17235e2fa7e29c499379382dbd1b07f84f539789d3acc574ce710e43	9c135c41aa301202a0d5af2d21a12e7221e3cadd9b5fc49ae2a1fb107cc82a73	25	4714715	INSUFFICIENT_FOR_RANGE_RESUME	.	.	1	0	2026-07-25T01:52:35.713656Z	35fd3e5d71ba88458a35a311b561a568ba074982b020e35af7eb86260453e00a
409	asm-v1-9b16d3a4aafdb9a573e50e9a	GCF_009822935.1	EXACT_VERSION_RESOLVED	VALIDATED	source_objects/GCF_009822935.1	1974603	c56469eeaa0805b00d17812f45e5b3de436685b4caa1738945a398e74bd538ac	ncbi_dataset/data/GCF_009822935.1/GCF_009822935.1_ASM982293v1_genomic.fna	5041291	e639e56813f217b8815c201251b68b1c7962478173f8a61a1b31b446adcb89cc	ncbi_dataset/data/GCF_009822935.1/genomic.gff	279a34eec717d9e9f99cd2501843019e23edcf0d16954d2c360b04cec5b07e85	ALIASES_VALIDATED_NO_TRANSFORMED_GFF	canonical_objects/GCF_009822935.1	canonical_objects/GCF_009822935.1/GCF_009822935.1.pansn.fa.gz	1416618	cb9c59db360261821139881969bfd98268cbebcaae7a77500a1f8a1bf83570c2	195ae229edf971b96e0751101c93472e6f676489548b702be8459651085c5c1d	ab7436e71f79956b40245ee52a8059dcabaf1375b67b9e52f5243a64d2b2cd25	018a6be65ada8f957a714cecd2d9f71b6cb6887b57dfec54950bd1b6d2860bd3	d80d5a20a4803db0fa796ea86e814920415b4583b2ce46f492711997fb5976da	e7ec2553167aec0d0ddb444674af773349cb69290cebb78e6b3b311fc2ee2a1f	240	4952792	INSUFFICIENT_FOR_RANGE_RESUME	.	.	1	0	2026-07-25T01:52:38.467759Z	12046ab3dcbc67b5f779dfbae7c9305cc01eadb223b3aa05d601c03fbc1e9d7f
410	asm-v1-f6e46b2bb2a58351ea3f6cdb	GCF_015699095.1	EXACT_VERSION_RESOLVED	VALIDATED	source_objects/GCF_015699095.1	2132769	2442dce84d3aecc5a710a74e03213b428525307fc731f059574b208dd0f01a39	ncbi_dataset/data/GCF_015699095.1/GCF_015699095.1_ASM1569909v1_genomic.fna	5403809	afef2c4037e1ccdfde240f952c29405ff58ee60619a5da52067489677127307c	ncbi_dataset/data/GCF_015699095.1/genomic.gff	fa9037c4a2d772082355ae5a1586f91a58ab192ca456ba20076c8f9d9a12fe71	ALIASES_VALIDATED_NO_TRANSFORMED_GFF	canonical_objects/GCF_015699095.1	canonical_objects/GCF_015699095.1/GCF_015699095.1.pansn.fa.gz	1524717	6edac00857a51200773f34a26413565ffc7433cb693331783bb824c78a97df5c	e98ea12a98471c53acd19450ab715076bf7dcff5a72ea2dd1d8bd74ac6e0c126	74ea7b4e7caa72fd59127ace86b41b53fcf5fb4eed7a20204ed520dd5533fc09	9cb4f7a2ccf2558fb9e0f5af87618ad80a6c2fe2aba3ebdc80e278852369864a	7db2d34f625b0cee0157d8613c8eec9c88d2990138464ce377c936c7f5a10a63	fd2040a28d1f31f09ae936845070bb8c4987d781db01ce53018c6db0644cd91c	248	5311613	INSUFFICIENT_FOR_RANGE_RESUME	.	.	1	0	2026-07-25T01:52:41.409787Z	ea11e1fcc7e96e940f2dd9818ee79165a0ecd5c9705e25e9b0c1e4fc06789f3a
411	asm-v1-e4647a9635e25e8fffbb8244	GCF_002207405.1	EXACT_VERSION_RESOLVED	VALIDATED	source_objects/GCF_002207405.1	1991425	5c657eba12ee6ec7237259b5a3315570bdde1dfdf0eb57e3de8306e956c33ead	ncbi_dataset/data/GCF_002207405.1/GCF_002207405.1_ASM220740v1_genomic.fna	5093512	72219b0b47ed954d52f18b20a366eee8003f0f416aabd5db5a47b9760f1ae47b	ncbi_dataset/data/GCF_002207405.1/genomic.gff	0d5577921dfc1282698f7f128ed569dca17f538d229518c4513f1f8ca4d7731d	ALIASES_VALIDATED_NO_TRANSFORMED_GFF	canonical_objects/GCF_002207405.1	canonical_objects/GCF_002207405.1/GCF_002207405.1.pansn.fa.gz	1436449	0afd521abe308119e49b386a8732162ed6bbda6c6e3292e5bc649341ac4300f0	bb830876cbefa03f76a4fc137bd031382565ac3064541c4757a35de6e7202769	53d6ff2fb50b8be6082234d6e5fec05561599a55808ce832db9b20dc20c940dd	4132358e1f719f031b4cb59cd84e5b1ef855b5877a1a3eaee34a3861014c47d0	ef8cbed206ff3b258fd0e8875eb9e570e73df3cbe36871ea0d5aace9e8dfdecb	6bf0cda02f79baede23d2c648cf77363fcb876a57231326bd449c457a4eab3f0	200	5015125	INSUFFICIENT_FOR_RANGE_RESUME	.	.	1	0	2026-07-25T01:52:44.435628Z	4e07b84228791d23aabb9167fd6f924bf636746755d5ea080a0eac0973aa26df
412	asm-v1-fcb76295d0d19d00d559724d	GCF_002326895.1	EXACT_VERSION_RESOLVED	VALIDATED	source_objects/GCF_002326895.1	2184517	9433924f5061f2d4e694afd375e2e34f54e3d9fbc5282265666719479ebd112c	ncbi_dataset/data/GCF_002326895.1/GCF_002326895.1_ASM232689v1_genomic.fna	5491488	2625fc58d4ee5d13105ce5c8f1ed076ebafd97e67806ffe7289b0e40f36f2820	ncbi_dataset/data/GCF_002326895.1/genomic.gff	69720cbafe3fcfe20f097a4dfacf34641edcd32a66f8ce1c7c8af881bac5d310	ALIASES_VALIDATED_NO_TRANSFORMED_GFF	canonical_objects/GCF_002326895.1	canonical_objects/GCF_002326895.1/GCF_002326895.1.pansn.fa.gz	1555184	c51f72189b812b96cfc1d67a3f38ee66f51a4844c02bc236c4156e04f221b4da	245703a2a7029ff3604e0e50ed09c86cf1889a04aeae7830813e37d365786598	bf2ee4bcef10d863524d3775beff3f4094c9236fafc5f71dd574836a8ff4a086	423e6dcefc9304415c42713cd6567d4d15f393ac1c8ad1f3510c7d7738f4e54a	c48da77f50f1271ca28d2a9bf23112793532f48f7caad8a4496c11bd9b6a76ad	8d31ea3af929c7da6e0e1703dee15aa757b08b4eb70477d2a8bf0b5c8cba06fb	317	5385209	INSUFFICIENT_FOR_RANGE_RESUME	.	.	1	0	2026-07-25T01:52:47.702903Z	87002115279a1b5c33b117955604e2a2ca22e4c1134dc141321801a07e273fb0
413	asm-v1-f4915932145a36e4854bb986	GCF_002142675.1	EXACT_VERSION_RESOLVED	VALIDATED	source_objects/GCF_002142675.1	2194612	b0af21d34195fc0c026ef64294f515eae3d09bec6a3b791e2e846677b4e6f596	ncbi_dataset/data/GCF_002142675.1/GCF_002142675.1_ASM214267v1_genomic.fna	5699282	a47634244849e3fde047c5930d02a9f0544de2e821365b60809332cc779587b2	ncbi_dataset/data/GCF_002142675.1/genomic.gff	1aae5357e29b87614d0dc16ca0f94746e886f290bcd917e85f44f0d5e4f0fdd8	QUARANTINED_SOURCE_GFF_NO_ALIAS_VIEW	canonical_objects/GCF_002142675.1	canonical_objects/GCF_002142675.1/GCF_002142675.1.pansn.fa.gz	1592633	5dbe2190ed5ae28e56a039cee469ef90072bb015c1556f5757d81d8572a6f3b8	18a5163488725d4f76fee1f1ceca5a38444792dd5a99c438c13eb7ad789c5cec	afed8b914214e50eb599492101c06378abae531aea19b50cae208cca71a2352a	824b4fb66c3c3be6af2913b9cf53bb7de1fcf156162f40bc09705cb330cd40cd	c416fe0be523445daaff97b3a120552b0dd32de09e731f025d5b41158158c355	cd40aa389a30100c781d654e00f2807198c3c498d97099f6457427282fc8f296	5	5628524	INSUFFICIENT_FOR_RANGE_RESUME	.	.	1	0	2026-07-25T01:52:49.765753Z	f79f128654c034ab8562a5e635efccb7a9ee24c8b2fb446cdf051773151ad9a3
414	asm-v1-c73ca3ccf31f982e942f5a30	GCF_000235165.1	EXACT_VERSION_RESOLVED	VALIDATED	source_objects/GCF_000235165.1	2107373	88495d82f32c2df717f571bda22a91a0295f1c7ac088391cdc21288c245ac6ab	ncbi_dataset/data/GCF_000235165.1/GCF_000235165.1_Esch_coli_11-4522_V2_genomic.fna	5470467	0a9c4c864fd338a5d01df2b8cb3bb1521dc898a4485cd4c2b77f93a5ee3a0786	ncbi_dataset/data/GCF_000235165.1/genomic.gff	0dc9758d212b3d1c7f1d0d5bd87a62f0f8de0cecd04bc6af930b00deb3bcff0a	ALIASES_VALIDATED_NO_TRANSFORMED_GFF	canonical_objects/GCF_000235165.1	canonical_objects/GCF_000235165.1/GCF_000235165.1.pansn.fa.gz	1526357	d0011957e486f3d16c480b5c3e9c67aacd85188f690df89abff3b592e07adc69	b375d99cb3f758c878e7c1deeee481cb8009b80025f910c7654e4568d256207b	6bbc7dc101ed89888d33f7004fd916c63cc761da786a57becb4f655a47a300bb	764d6fd61847301f50e8d09f1f12f471394f210490c0f31a09ee8f597b3dd989	25f65089ae3c8119d116276587eee14b895ebbc5fb7b927dd220a6f4511fdf5c	fc85314e85407b58430b66fedf359711c0892f6ffb58f205411a159fedf4ce33	8	5402160	INSUFFICIENT_FOR_RANGE_RESUME	.	.	1	0	2026-07-25T01:52:52.018106Z	5335e597a66c66246774acd562858f050e47367239a7ecb4b31fcbb2f4763cef
415	asm-v1-ae9cd6f3034a66747fe96565	GCF_009794435.1	EXACT_VERSION_RESOLVED	VALIDATED	source_objects/GCF_009794435.1	1925536	c892d8029448427e37da56673f47f7cb73015ecab355ff859a81e7dcdedc3883	ncbi_dataset/data/GCF_009794435.1/GCF_009794435.1_ASM979443v1_genomic.fna	4912511	8b555bb182b20d2a2e92f47c2223aef869af8a7fb622a8fbceed4fecee5364c4	ncbi_dataset/data/GCF_009794435.1/genomic.gff	a05fa6991c21ba2a364fa2f4ed69d9e09d0e5ea32c0ed215a8e0ea20ede02435	ALIASES_VALIDATED_NO_TRANSFORMED_GFF	canonical_objects/GCF_009794435.1	canonical_objects/GCF_009794435.1/GCF_009794435.1.pansn.fa.gz	1379774	2c110ab0d58ff4c1eec4cdc082fed7118226fa5386c19a573d9bd920e79b8d3e	5e4b14dad3e43460402dc403da2dbec67b3aea5f74cac29e47f12d83d91369c9	be9a84b52ab7a75904d5fdbe7d06925fe7aebbd758ff4e2ff8f05448e30be74b	c6ab4880bc3e7a78ab2cfaad687b695300d2baecc69f768e70115ab29110f2f1	ec14785bc1d7ccf7d338d28d8c5820f0e8ed8b362e1573d24c2e1dd152083a8b	8f8eea33e667165f3726a792631d0032778178d5c7aa35118bbf73cf05c66f66	108	4839519	INSUFFICIENT_FOR_RANGE_RESUME	.	.	1	0	2026-07-25T01:52:54.209991Z	7062af93b4310e02a10fbd17cbb510851331641c125ea19ceff842c4ca46bdc6
416	asm-v1-3a4bab1d549eb4111194838c	GCF_003982645.1	EXACT_VERSION_RESOLVED	VALIDATED	source_objects/GCF_003982645.1	1853040	4f11d800c5c086ef84b3848bd385d0b01860b9be4d1251f5c4e2e5561df2f4af	ncbi_dataset/data/GCF_003982645.1/GCF_003982645.1_ASM398264v1_genomic.fna	4762800	a36e8ea2fc93d9497966d025f9d3cb22e8ab341181e747a7a99531b200b2ffc3	ncbi_dataset/data/GCF_003982645.1/genomic.gff	7c03cba25e31e17a8349a3868d7bf584aa7b4ae6a3de8a20cfbf5954bb17b2d7	ALIASES_VALIDATED_NO_TRANSFORMED_GFF	canonical_objects/GCF_003982645.1	canonical_objects/GCF_003982645.1/GCF_003982645.1.pansn.fa.gz	1340925	4e765962c26d26cbb9a1be184309733cc32ebd1aeaaea559ad186fce1e0bfc8e	84d676a155f55d98212d6536b8cee9e555fa7161ea91a39141e5ad0b97de1a9b	dfe268e45f98fbbe4d8556fea34a891625fe4785b1ee6fb69b96d562ef94290d	762cf8829479dc60a171214922e4072dd33cd86244b5aa235223ed7f4063439c	1b063fb9b91dd0ca3c57109613b25ab130eb725fee2cecab162f2246c608a60e	40085b22f5c843ad03824bfd65a434f2a38d37f45c1f75254fbd3c1eafd4f0bd	96	4695331	INSUFFICIENT_FOR_RANGE_RESUME	.	.	1	0	2026-07-25T01:52:56.349253Z	9b2ff32ff2443b13f2e1b018abfbbe578854835051ccb5c585971f6026012a9f
417	asm-v1-cfc21d17dbf3e699eeb7aa12	GCF_000013265.1	EXACT_VERSION_RESOLVED	VALIDATED	source_objects/GCF_000013265.1	2023986	f6bccc66b01c87c6a46a386677932a6cc4a7c154d296d0823d04170a290a6adb	ncbi_dataset/data/GCF_000013265.1/GCF_000013265.1_ASM1326v1_genomic.fna	5244846	81c3f1807af638bce3f95c15a8d87ee24184b02777d52fb05634e00b55429124	ncbi_dataset/data/GCF_000013265.1/genomic.gff	863905c099299f04050b2f079968199bc9df29941f1f578bba1b164b5213e7bd	ALIASES_VALIDATED_NO_TRANSFORMED_GFF	canonical_objects/GCF_000013265.1	canonical_objects/GCF_000013265.1/GCF_000013265.1.pansn.fa.gz	1466687	75f062020b149e27abf3554fbaf7deb93ef80690912696fdcfac89d194c3d597	2f103e6bca857a6afe8bd6a00f11830e0e2c50b1f58b3e4fb805f98e24b53129	725862b0c304ec900b19d22116a59fe991bd9fe394a0d726c7924d9752720afb	d55a625f78242f3261d09abdf71aa567b31fd661eafad8f08f18f0d8a526f105	3f378cf247312ece1e46b3964a85aeddc75076acf97b5e03863e8eeae85e61ca	400057f8950169714a6bc6c6d06fc19dc3fb8bd142a3eae25eeddf5da7aad22e	2	5179971	INSUFFICIENT_FOR_RANGE_RESUME	.	.	1	0	2026-07-25T01:52:58.429047Z	5fe1a787fc26ea7b553daf404046c292160dc9bcfd99783835c4455efcec849e
418	asm-v1-af1bc4668d6daca22503ca17	GCF_900196695.1	EXACT_VERSION_RESOLVED	VALIDATED	source_objects/GCF_900196695.1	1945197	b586e61cb782528adb051ec2e68f6c3fd71e5dd3f18cfc973a0561aa44ac5853	ncbi_dataset/data/GCF_900196695.1/GCF_900196695.1_F2_93_genomic.fna	4974557	ab64d394aaed0952a7eb9b4b2c0b042f6ee4a02ca2f1fde6434e637aedd14e49	ncbi_dataset/data/GCF_900196695.1/genomic.gff	d8f7eff01f56e0e5f47c9749037907438e40f07ef54c477f3c197f09dc35c2c0	ALIASES_VALIDATED_NO_TRANSFORMED_GFF	canonical_objects/GCF_900196695.1	canonical_objects/GCF_900196695.1/GCF_900196695.1.pansn.fa.gz	1402215	83b16ec4ae9c838afa2a6aa79d0dd370a15cdef27d3e2a0312f375a6ec205a02	7758093e13afd09889d9ad4980c9deed81a577b2db0b5284d93781a610978853	46bce2f4513cac5c05b0b00434a8f9742539d9351fd162fcd7412cb6d328b943	09b5af6afa590060816828ac77146a80255956a144ac34787046a0cdcc879d3c	3357b216616ea8de2f2fea7032abaf6f664a9841ff49a0f00dd8616f45d32709	9c0953fa00d8d9a98c1bcac3f95ea3aca11a88d11316d1df01e20519219fed70	163	4900019	INSUFFICIENT_FOR_RANGE_RESUME	.	.	1	0	2026-07-25T01:53:00.787855Z	c4ba3677b74b3bccc6059fb034494a7b8397f8939b0fbccdfc66743c7e3f9563
419	asm-v1-65c20863a500036cb9328f1d	GCF_015699215.1	EXACT_VERSION_RESOLVED	VALIDATED	source_objects/GCF_015699215.1	2116008	9670b9100d58ef49f0b35611e66b3d6ba8305b306a7b21e83a00751784243e20	ncbi_dataset/data/GCF_015699215.1/GCF_015699215.1_ASM1569921v1_genomic.fna	5402373	432f95a5277255fc51756d98cf535f7c2aa6c3155a2750fabd162e7abfde6d31	ncbi_dataset/data/GCF_015699215.1/genomic.gff	31bfb124a842674dfe6c348935dffeab02d89291947e10b80be9e612a7d43b03	ALIASES_VALIDATED_NO_TRANSFORMED_GFF	canonical_objects/GCF_015699215.1	canonical_objects/GCF_015699215.1/GCF_015699215.1.pansn.fa.gz	1524054	7ce0745458ceac3031953ed8248ebe53b9f295e9ba7a8251d7a629307b347acd	11522a7b68bc9b92fe9accefbd092161bd1829f0e36e0d53696b0b21bde5e5db	2b4e768a84d33fecb7e038d86b45c056e7221d55f2ea02250c1171190dc9868d	9d2e88f539d88275f8b0b500f328c245b1f6118f3b6cf6544d5607a2e1774508	a8559b80fccc9ffd6e2fd95a7797f26613fe9e7aa577426c8273b3cdbc2f1108	7f3d643fa031a738793047702dc41b2dd34eae2eba30a22f8f856899bdd3e295	172	5318048	INSUFFICIENT_FOR_RANGE_RESUME	.	.	1	0	2026-07-25T01:53:03.266964Z	395ecc75340fa417b5bca060fec63f277984aaa2a5d8a37227718aeef83b38ac
420	asm-v1-3bc6c0b000497d8321b588d4	GCF_015620555.1	EXACT_VERSION_RESOLVED	VALIDATED	source_objects/GCF_015620555.1	2097297	aa7328f3c49c5a337ecbc591cfe06014c111b945cd7c0f7b36a0d717d0087d30	ncbi_dataset/data/GCF_015620555.1/GCF_015620555.1_ASM1562055v1_genomic.fna	5392709	2cd4e1d34784d838f098be6ea956ec5f07e4ae9d409dd9697097dc854c178aff	ncbi_dataset/data/GCF_015620555.1/genomic.gff	2ed665489622c5b29f244afc44b6055cb01cf5cbaac7d6e7517a89741e37aac8	ALIASES_VALIDATED_NO_TRANSFORMED_GFF	canonical_objects/GCF_015620555.1	canonical_objects/GCF_015620555.1/GCF_015620555.1.pansn.fa.gz	1515630	5c2925faa3c3c6e70930f3233f20ecb8cde08fdb4e50bb32f598d83224b303e1	53a9c1cb33da329612624ba58119e970b84787fbff59ee778a1b0df5365c077e	55745884dcf2d3780eeea8d111c2ee1625f3c67d3b230878bc5a395b914fff2c	bb4739719a4473333772ff167cfa75be75f02002e880f9d1ed8b5b60f570f479	4abfddd8e05fe8ce8e3786c6dbe23bf0576208e9583e4ca597fa228bcf2c7224	968b3029c085b2640bec9bbcc2c40a081d7ceba0be5ec2641dda6fd196f4f7bd	176	5305138	INSUFFICIENT_FOR_RANGE_RESUME	.	.	1	0	2026-07-25T01:53:06.008568Z	c905d84a8cf059e79a843a8884ec46d31b920ad12af7ed5c99710f72284dbe16
421	asm-v1-984f48467964c5240c929442	GCF_003982995.1	EXACT_VERSION_RESOLVED	VALIDATED	source_objects/GCF_003982995.1	2030581	184ed8682c09ce62271a5a5b70a5610e59fafd1aa98da907a01c04242e5d9660	ncbi_dataset/data/GCF_003982995.1/GCF_003982995.1_ASM398299v1_genomic.fna	5186235	818513a28cba83933a79a631350ae774c732bc25eef2d0b432aec1a6648c9803	ncbi_dataset/data/GCF_003982995.1/genomic.gff	e48da4d9dc70c3689f91331234123a4bf188990403aa4fc4dc4be4e07bd75c06	ALIASES_VALIDATED_NO_TRANSFORMED_GFF	canonical_objects/GCF_003982995.1	canonical_objects/GCF_003982995.1/GCF_003982995.1.pansn.fa.gz	1462855	3dd0d141e347876b3b6be3a32e53feb920eebf7422d60c3258ec718c38868725	675845da6a07ff97580c21ed59c4f3a29d489536e4b1c153ebddda4e8e514516	fc1058985b92d1776c8e930a801a4396b440fcf9b08a1ecabd39c6344eec82c5	68fac5d94ec7cd2c28787b49e75fede855e5875f180c8b7a6cf4fbd0e3cf465b	b65a4becfda4b39210b5f0dd4e9ae0bf70d87cf84223cce96375052dc55479ca	92bed9c65dba316fbed69bf842a5765d2048abfc007f1f7fdb962902b4311747	206	5103495	INSUFFICIENT_FOR_RANGE_RESUME	.	.	1	0	2026-07-25T01:53:08.988099Z	a432fc33f9cb1db11d3dba562a0d49490d7e7c51fd0031fc8c069828816478b2
422	asm-v1-b9d4f8bbc705fd57a10baca1	GCF_002144185.1	EXACT_VERSION_RESOLVED	VALIDATED	source_objects/GCF_002144185.1	2204786	8cb8dcaefd4b18a1667d49beea28e48eb5e9e571876f035c76041ac10e303b73	ncbi_dataset/data/GCF_002144185.1/GCF_002144185.1_ASM214418v1_genomic.fna	5563553	542887f2ee060db3d57cd05a6fd29b51d19e5cbb89e70654d98c41f2fc88185b	ncbi_dataset/data/GCF_002144185.1/genomic.gff	d406f86dcff3e9a28617409e2a03f6f7619b372a6be027cf57728f79023deb80	ALIASES_VALIDATED_NO_TRANSFORMED_GFF	canonical_objects/GCF_002144185.1	canonical_objects/GCF_002144185.1/GCF_002144185.1.pansn.fa.gz	1570896	f54585c9a31b3e9d153e6a67e09efa80f78d7768aebe1883fc2dbaa2d9fd6a3e	9100ebac5f39fbb9f1e3a6d1c41678ed48f85fa429cfe16f3f7e13ca93efe268	ac4e6758fd4e70b23bd31ed7132426b2301cd627da0c6e967f92ce656a543360	91259711d22251d4065f63722941c45cbb3308e9a52c6c979eb3644abd48e170	e400f928e41b9d6f43a846ee7a58e065fe073e0989d712a02d816041f1f23209	aadcaa453b318e742f884c5b36400e3356b826d6134df847cfba6c7d5104ee42	220	5473706	INSUFFICIENT_FOR_RANGE_RESUME	.	.	1	0	2026-07-25T01:53:11.918443Z	8a892d9c67b628f5664f34ad4a385842a7ceb8c7fb2132a00c252346ae2f5e60
423	asm-v1-0bc39706c04c8eaacc8100c0	GCF_902505295.1	EXACT_VERSION_RESOLVED	VALIDATED	source_objects/GCF_902505295.1	2135014	760b57e251243bc2f73698bc4c0e24d4e356f215324f829313c5033d87c237fd	ncbi_dataset/data/GCF_902505295.1/GCF_902505295.1_BB1446_hybrid_assembly_v1_genomic.fna	5534781	98208eeb02bfc8fe9ba2bf3be462be8b354060c7ef3ddbc2a521b09d7310cb23	ncbi_dataset/data/GCF_902505295.1/genomic.gff	9be7ec9584da9b90515a9829a8aa5969d7acb4d5fdb5322420ffc33ff8b05456	ALIASES_VALIDATED_NO_TRANSFORMED_GFF	canonical_objects/GCF_902505295.1	canonical_objects/GCF_902505295.1/GCF_902505295.1.pansn.fa.gz	1546927	3f32c3ba28e566f5d69f00b6e49b71a7f81ee65819aa3082d234c9c507571be4	fb877ca6ef314a48d62dffe67b1f522e32332341a2e043c9c0dffa2ffad8e7da	cfaef194251fb4b5f7f9a6d28832010c0c60b812b41b840935bdde07e59cd0c7	68093f1735eacd745e1c5af3775eb06e5bd8d250a701e06c419e38ea5a1b8730	240ada6af1928bd77f4382a0fbeef9787d574cb3648df0d7d105e4b856c12662	d8897fd640b911bb6de28fa0eb53efd9548215e0f10f52d58be08099ac066cdf	18	5464931	INSUFFICIENT_FOR_RANGE_RESUME	.	.	1	0	2026-07-25T01:53:14.003302Z	99865d18be2d0f7e115bdd1189235b9bc9f301c4ed78d76a1aea5a71f6f5dea2
424	asm-v1-268534bd035906f61a5ec131	GCF_003172135.1	EXACT_VERSION_RESOLVED	VALIDATED	source_objects/GCF_003172135.1	1869422	64392662055bd8e2b1b878d0d091175ae3208ae8506cbd9af3a187d60a2736eb	ncbi_dataset/data/GCF_003172135.1/GCF_003172135.1_ASM317213v1_genomic.fna	4753627	4cd3359d3356c05e6c135521838998913764abf0a1465d0011950e8b4e4fc4c8	ncbi_dataset/data/GCF_003172135.1/genomic.gff	fe5a6ab9b1d10e84dac996a98371b1458352d6aa6c2c155822db5f02c8fe7029	ALIASES_VALIDATED_NO_TRANSFORMED_GFF	canonical_objects/GCF_003172135.1	canonical_objects/GCF_003172135.1/GCF_003172135.1.pansn.fa.gz	1335417	c4610221ba31310402c4850a569c650dc5f3d24fc83fc681dc31f5d5ae8bedff	d9d03c8cbd4343421bbc759d3e22981be2f6fa7bb5b7a17bffd9867ac7065eef	c33c21f7197212b16d47dd8c5b67db99982ee47f370cd144dfad3d5d5bf504c9	ea242ced7280ed6f4fc9238e6b819004e50d6a339f9b571429c1ddc4d45ae550	e8f79d398b8ee91ccf93af77122bf236b094a6d185454dd17a48bd2771bf2a31	712705e458026f51ee2195f2b3d0d1687b56db110786b54690b3330365012a52	137	4681856	INSUFFICIENT_FOR_RANGE_RESUME	.	.	1	0	2026-07-25T01:53:16.526481Z	c155857b6934538ff0dec17f4d4bf18a8f79930f93816417a6e522da8d7fa9cd
425	asm-v1-97203801c987a58f3439e9c1	GCF_003601935.1	EXACT_VERSION_RESOLVED	VALIDATED	source_objects/GCF_003601935.1	2022536	8889c153f519f1131de9d1caa381f8b2b84c56e9e83a95951a03d43e4757cfde	ncbi_dataset/data/GCF_003601935.1/GCF_003601935.1_ASM360193v1_genomic.fna	5141634	69dd66a802f8473218592f6937c668121d1b48d7fda676c030990b61c4a427dc	ncbi_dataset/data/GCF_003601935.1/genomic.gff	a160aa84ce94c0c14d648f7f705ccc6776aca1bd2324266dccee0b13a17d202d	ALIASES_VALIDATED_NO_TRANSFORMED_GFF	canonical_objects/GCF_003601935.1	canonical_objects/GCF_003601935.1/GCF_003601935.1.pansn.fa.gz	1441626	24cc3b9fbfdf5fee71c7b6614f1e58b5d9dc8316378ed2611cdcd107b1bd1ea2	7960d01fa3e4a6c0808b4782af7edebb2256c86b7d5002aacfcfa531698bfbb4	b3a7e84b7ae7bcf5215582b6664773a8ac028280a443120738e7d10a3dbc2756	cfd4145b84f726454ff7f2d9681ac158da6096eedc970a31e697bfe1bdaa06a6	d25abe81f94291f3bc6369cf30f4a92d3d7dc0b4f5f839fc9cf7f368124ce494	ce0bceb0083c2a390c075eff5448ec70608be1e53ee370d1a9ce894368447dad	212	5054715	INSUFFICIENT_FOR_RANGE_RESUME	.	.	1	0	2026-07-25T01:53:19.278681Z	f7fdb1d747e11eae11e954cc09e06e038c62713435836b72e0fb1e96e3f7e6a3
426	asm-v1-d1b09d1e51d575a7007452b4	GCF_902807245.1	EXACT_VERSION_RESOLVED	VALIDATED	source_objects/GCF_902807245.1	1953988	06a857f25501f248937e42cc56b82f75229069dca3b8ec4daa1c35722d829f02	ncbi_dataset/data/GCF_902807245.1/GCF_902807245.1_PBIO1937_genomic.fna	5006669	de2767fca8e959bc60a394ebf08275d7730a999ee3ece0c5bb5bd9621147ff27	ncbi_dataset/data/GCF_902807245.1/genomic.gff	cec588d5574860031f34450308b418f35a2cc9d39289aadc2df50da1e7b48ca3	ALIASES_VALIDATED_NO_TRANSFORMED_GFF	canonical_objects/GCF_902807245.1	canonical_objects/GCF_902807245.1/GCF_902807245.1.pansn.fa.gz	1412995	c2ba4170b33c1741b5cbd99b9c4fcd0fea8c0aa9ef9f9bd87c016444901626c4	380a4ab3c91091a8b6088e9eb120b1309c9b059886b127bbcd33b8187cb86ab0	fae0d2b3b20410ad8892b9d44565f2dd78840d75824e5573d5920268e9a03658	bce17cdc6ff2812abf262c49a2479aacf31de2bc8a17f580f780009d905b57fd	11775bc3bfc1e65e8ef76f2095a9cf3fef521747807d53359d5ff72ea2016819	a922f0cf2a195290bb6942a6f1df98442f57dcb900a5c9e124899d082242b0da	197	4928030	INSUFFICIENT_FOR_RANGE_RESUME	.	.	1	0	2026-07-25T01:53:21.873213Z	27c958f6439d07afa7510950f72127bceddaf38c84c4ce32139683b0ffd3b331
427	asm-v1-7734f3e1baed94c625414dfe	GCF_001183685.1	EXACT_VERSION_RESOLVED	VALIDATED	source_objects/GCF_001183685.1	1809047	727ec211b2530c05ae719b5da09bdb4a6b2a6a4d61cd3092200b0deeed7e841d	ncbi_dataset/data/GCF_001183685.1/GCF_001183685.1_ASM118368v1_genomic.fna	4667218	4221adebc74f5df2fe7bafba54a83294000ec116629c5a0374fdbaa3ee4a6c3a	ncbi_dataset/data/GCF_001183685.1/genomic.gff	2e9494ac620f21afad0a1e6ff833c294b8821658f58f4e10ab79b60dd5cf7dce	ALIASES_VALIDATED_NO_TRANSFORMED_GFF	canonical_objects/GCF_001183685.1	canonical_objects/GCF_001183685.1/GCF_001183685.1.pansn.fa.gz	1305792	80f253ddf5e1dce28e2b3d9c4de09642fa9f1af7877dc2235a1ad6365eebc4c6	40645e907676ac2ae2d4cc1969cc4a2702a216747596f928abd27a1563be3ad3	c6d3db41a124db0294ff3bdfae52fb9b7b7b74bdd0f6686fcf9afcbfc3c9a86a	a5183cb4da277075ea9fee26a832d95ee5410ab9b940f2cd449089eff290caeb	adc08d935d223c0c8da12621b4ef2341f2842b3b8180c493135449bcba89b577	ca5897aca3ff81d6c7fd702a62c549296b2e2e29a2cc736700126c3cff371c99	1	4609522	INSUFFICIENT_FOR_RANGE_RESUME	.	.	1	0	2026-07-25T01:53:23.710423Z	1e1d5c411ccf614ff4258eeb123ae197c08507767958443fea181c0a2dff0cef
428	asm-v1-a7143b87f66a00267a517cfa	GCF_016761155.1	EXACT_VERSION_RESOLVED	VALIDATED	source_objects/GCF_016761155.1	1976279	04019c47c0d8415244faa5ccee470e6ba83c6bd9a512bd5d0aa4aaf5f39fecfa	ncbi_dataset/data/GCF_016761155.1/GCF_016761155.1_ASM1676115v1_genomic.fna	5045821	a4ac193483a502a16a680d5434c3d4c4a38c23d6c7a2251329c010513e5e748c	ncbi_dataset/data/GCF_016761155.1/genomic.gff	84e4cc6f94fded87f776b9e57d8f5645e94a9612db0fc28ff30d1e894dabb753	ALIASES_VALIDATED_NO_TRANSFORMED_GFF	canonical_objects/GCF_016761155.1	canonical_objects/GCF_016761155.1/GCF_016761155.1.pansn.fa.gz	1414509	b409c45457cdeda8a88df09f1e11b2c52f99b499a2c6bd7366eaa9da6bf96397	d35bb056e86ae583baee310163b3e202a862080e8afa3cc164ef475940b7c2f6	e8f8be5de2a768c86e2afe717db3a1d1ea7f79d67525f957a2ed23d13689665c	6ec8b36306b3925ed07d8145addf8b1bf118bf32d9ce95ef936c4ca9ca23c587	e05c326ae6e27b1b2d2c4739e2b4ecacc8b21142d2929dfe2901128680572ea0	bcfd30957372507a7413146c4bb334c0aa7a0a7e2a03419c7ce64770fc9c0dc1	92	4972440	INSUFFICIENT_FOR_RANGE_RESUME	.	.	1	0	2026-07-25T01:53:26.027925Z	6ea8dbb9679ddf9e8160cb66b2860fc636adadf2414f989fdbbb9578c0b6ac34
429	asm-v1-c88b3449b9ea7ed890cd2a28	GCF_017118895.1	EXACT_VERSION_RESOLVED	VALIDATED	source_objects/GCF_017118895.1	1871162	46fbda2aa81ec20d97937469b30986771add902da1832dca7786471403a53d9f	ncbi_dataset/data/GCF_017118895.1/GCF_017118895.1_ASM1711889v1_genomic.fna	4850836	cec8fcff5526c35e62879d561204a0c72223c1f6e2de49b016b51201aed83768	ncbi_dataset/data/GCF_017118895.1/genomic.gff	37baa3e10deaad9aa5cc1fe485cee355576346bdb93221cc11d1ed0a7f918826	ALIASES_VALIDATED_NO_TRANSFORMED_GFF	canonical_objects/GCF_017118895.1	canonical_objects/GCF_017118895.1/GCF_017118895.1.pansn.fa.gz	1362798	fce982f3f1d6ac4dfe59ddf52ab55efaf391e410d512c8d1d53ab67c4b3fb2c2	9e3676590a2d7ca1f7adbc5e1f715711a1114f2481c2009285fc90e5d1f35854	1f1f774213780e7223dd853b2b59ea564c892d9b4e5980d937029d2365742e94	e07836f62f4b9e9a61a097c79079092928d43dfebf7b4b7de4caa045aceedd26	0bb19199c3c72a31645068b493627108b4be3a14025d7dfad2607271bc8b71ce	fd2565a6cbb89255290a0113201dcb28c73865c38b84e132e5cb22b262285957	55	4785880	INSUFFICIENT_FOR_RANGE_RESUME	.	.	1	0	2026-07-25T01:53:28.370407Z	f91ded360d8c63b149175b159f0898aa507cd17cab4a288c1acfb1d53d83b48e
430	asm-v1-927a995c6d1d92b6e802e601	GCF_902859225.1	EXACT_VERSION_RESOLVED	VALIDATED	source_objects/GCF_902859225.1	1989405	52f6d54f60dd508de59f6ac1ad6bb129706f584746cd487ba53f9eb28db09143	ncbi_dataset/data/GCF_902859225.1/GCF_902859225.1_PBIO871_genomic.fna	5155455	348c4ec2ce50323d0d29f46e63182a8ac81461749ae238fa84a87032e0715965	ncbi_dataset/data/GCF_902859225.1/genomic.gff	b60f99142f9f71ff3962cec53caf1ac5ecd12607264adc503372e9cac26b6dba	ALIASES_VALIDATED_NO_TRANSFORMED_GFF	canonical_objects/GCF_902859225.1	canonical_objects/GCF_902859225.1/GCF_902859225.1.pansn.fa.gz	1442313	03cefb3d222c269b11656c062536594c317af0cc23974ef3e82494c302b6bb13	ed0001b2e741b296e2bb541209d2f531746723c8c8228c4a8055436f91d88c52	c8db0175c67177e09c0fa3599238689262ea4e9e6a6e7b1b033009fd73388d5e	b81aee6a74e2a344e5bf0b2c1475ce5bb0a3ad43f0f255e233c466f79ccf079f	1fc0f70afdf283eae84531ced3c73cbd542051e77712578163e394fb6b26b75c	c1279e93aa1820f475dab0e30598338784de9ff80fc208d38458b0f3eb633a6a	107	5082774	INSUFFICIENT_FOR_RANGE_RESUME	.	.	1	0	2026-07-25T01:53:30.601059Z	0ad780368b3c8f9520dfd6435120c1816fab059a706661cd17561a5fe03d16c0
431	asm-v1-312f1d95b01bbb72f5c28303	GCF_003303085.1	EXACT_VERSION_RESOLVED	VALIDATED	source_objects/GCF_003303085.1	2044705	bd933ec9912e7b97e6e993ec387704f554cfd75d0812e438b980774bfc67d294	ncbi_dataset/data/GCF_003303085.1/GCF_003303085.1_ASM330308v1_genomic.fna	5283145	f1c970401c06a33c2c688f1dd84657bf8b0f9fb4f7cbb5fedb257ac9c7adbecf	ncbi_dataset/data/GCF_003303085.1/genomic.gff	bc50c55541792b27263160eace0e0fc8e772a932f7d8b030fe3fbc54f180441b	ALIASES_VALIDATED_NO_TRANSFORMED_GFF	canonical_objects/GCF_003303085.1	canonical_objects/GCF_003303085.1/GCF_003303085.1.pansn.fa.gz	1485122	c37f99cf69da96a15c4a6c2268783bfb00de3f543a5a852cb70fcdd3f20d75e8	1c47d688edecca35fdb64ae070b72116fb9578d344ce3d2574b493a5490612bd	d10ddebe04738eb70c75da6c840c199e0466e3799e07ced0e0885956d21b4f6a	c02160591c5098b5c7ce40c576ff8a7f4271350d10b17288d44c11bcee9acfe4	a634d2be1a38ae18e79e530c1eda538c1c906beaef011fddd1248fbf8eeab76a	d49f648956e7b949f52dd9eb806e4319d1c82b3a0c69f4373a601fb21d6ec485	121	5206510	INSUFFICIENT_FOR_RANGE_RESUME	.	.	1	0	2026-07-25T01:53:33.268651Z	ef376320d2b80588a4039db25d906184fe120bbe85d1b9b0654649d0786292fc
432	asm-v1-22af52489f36cb98d51963d8	GCF_006237245.1	EXACT_VERSION_RESOLVED	VALIDATED	source_objects/GCF_006237245.1	1837274	5e55465439bf6c41e88707ed2b0cfe84cda1444828efb8aef47efb3e3a5e80d1	ncbi_dataset/data/GCF_006237245.1/GCF_006237245.1_ASM623724v1_genomic.fna	4693764	ed7fc5e5466f98809806ec3640d0babda5b80e799d0b7253118a399ef12f8bd3	ncbi_dataset/data/GCF_006237245.1/genomic.gff	55253a79382c45941eb7a81ee441af61c86c3a0bc58236d6a84f9d048eaaaa93	ALIASES_VALIDATED_NO_TRANSFORMED_GFF	canonical_objects/GCF_006237245.1	canonical_objects/GCF_006237245.1/GCF_006237245.1.pansn.fa.gz	1321201	66f02a99db75e13930c66f124648f36f1c66c07cf31a0b83d67126811e14b85a	ea428ca524722cc8cf04801294156bf2c28d0bf268ab146c914f8c2604a6490e	7f230cbe74019283e521e74c1c9748aa3743eba6567fcf49b9ea584e9089c3f2	0d36580779b18885e6078115c34b5f6f62cc256ae1fa1ee0634ca78fb3055333	7c57aaa05ff2d3037c54f994773552e39c820dff6f82c8be6972e4cc995d067f	afbebdf2b84accb57b68afff473bff65f5374e75a9d29aaf87fafcfa7adc6ad2	107	4623360	INSUFFICIENT_FOR_RANGE_RESUME	.	.	1	0	2026-07-25T01:53:35.547131Z	4974b154915cad434940474fc0aa43a65cc898df736acbd8372b7f0a811eacc9
433	asm-v1-d89e2fa9d3eba1bc650d4a3b	GCF_900607785.1	EXACT_VERSION_RESOLVED	VALIDATED	source_objects/GCF_900607785.1	2084053	046c7a3e6302aa735f9e0a9aa6ccaea345411bf5355916e5c7ebadbd7aa5ccb0	ncbi_dataset/data/GCF_900607785.1/GCF_900607785.1_ecoli012_genomic.fna	5383762	13f06531e85946a81fdb462d3cc97dbf3d66792141690db9d355ef99e4265f9d	ncbi_dataset/data/GCF_900607785.1/genomic.gff	0ae5b08cc2b5de8354fe17e61d070212249044e5b6b63da83a4fe017b42f7c6a	ALIASES_VALIDATED_NO_TRANSFORMED_GFF	canonical_objects/GCF_900607785.1	canonical_objects/GCF_900607785.1/GCF_900607785.1.pansn.fa.gz	1507349	fd57cc8efe3909f3fd733bc0e6716a725cbcf8b32a871f494c7f416c614980a6	a75e6d5fbebf92c97986c8cb406443d03fdd965c524fddf480e6550a00a23b73	4670704d2835f862d21456b8d596580ba18a8fe461b366c0fa1e1320a8833ec1	c0941db4a03d8a9f1e454ca5daeb4e678a531bd18afd7d82ebcb5f6338173b09	79b7516cb4bd1b8ed9c3acd1a624f2ac7d75ab25b9ea1a3808e12a0ae1d77e94	9eb138ada5a2bb88019cd3f363c42b624ab23e356efea6d8a01e40d893443875	8	5316628	INSUFFICIENT_FOR_RANGE_RESUME	.	.	1	0	2026-07-25T01:53:37.807060Z	c9b7a59dab29bedfa70c7fba4c61795b17d14d7e4a54d94880d87d58c7e47064
434	asm-v1-c1c1348688188455e7e84313	GCF_004120975.1	EXACT_VERSION_RESOLVED	VALIDATED	source_objects/GCF_004120975.1	2061485	ff830b15d66ba553f97188519b3fa7af3d8ba03371486643e2d6df068b9c29b7	ncbi_dataset/data/GCF_004120975.1/GCF_004120975.1_ASM412097v1_genomic.fna	5236276	ebfa999074ed101b4313c7a0ae8a98636d687ec4750f7353e329c2cee7c98593	ncbi_dataset/data/GCF_004120975.1/genomic.gff	0d72e597c471ce4921f431db3d87c2ef2c5b7d8f50606a4fad3bd47f851a7053	ALIASES_VALIDATED_NO_TRANSFORMED_GFF	canonical_objects/GCF_004120975.1	canonical_objects/GCF_004120975.1/GCF_004120975.1.pansn.fa.gz	1469661	3dd0e532353ed19ab343467a9dccc32fbba5eb144fb51ce302004b817c8ee3ea	bb121e9b87621661fd458d759f1de50cae0f34b4fabdd5c6d619e64e5a6b2c41	78a4fc5f398e0e85e5e1c81ddb233547c98b3bf7a383c6d482ae167a891d7e7e	d15408be53bd7581551b2e249bf2505b18e3112c2aa685d62ff81ea53ce53dec	4722ea68b35610ea26fefa1bfde487d57d7b20e4ee1ff7b3fcb442c4a9e584b6	6ddbdf0dd1ac2fd32cc3935e40a595f8bf61d4b5ce801ebe6a716aa465a3b455	156	5153903	INSUFFICIENT_FOR_RANGE_RESUME	.	.	1	0	2026-07-25T01:53:40.212441Z	c6733a6aeccd6a48a77cb3f08162b11cd18dbfea513846cced9feb8bebd71427
435	asm-v1-7f1e31f59b7a151f029431f3	GCF_016761275.1	EXACT_VERSION_RESOLVED	VALIDATED	source_objects/GCF_016761275.1	1995698	fe4ff06c55b7f9ab8a2824fa84c59cf5aa5f52f30ee419af4066a1422821bda3	ncbi_dataset/data/GCF_016761275.1/GCF_016761275.1_ASM1676127v1_genomic.fna	5081025	f61de3c46b7f9291554115c0cc221651cfc5cbf5ae2497425b5b0ff592bd0167	ncbi_dataset/data/GCF_016761275.1/genomic.gff	252595d64b01d18ea713732ff9202c49563254a7229d14096ce6c869f892d400	ALIASES_VALIDATED_NO_TRANSFORMED_GFF	canonical_objects/GCF_016761275.1	canonical_objects/GCF_016761275.1/GCF_016761275.1.pansn.fa.gz	1431639	38b82fba0427c9c4d8e504c144c2524585107c126d68319682cb8dec3f85f7a0	549e28cd4e503b5beaaec26303cf75f4ab5846391585673c2d23fec76bcd9fdd	903729d370104f86b4409feeda14e5855aa7a7b5899ce574712ca195ab063b42	f71415310d60e0a96699c72f1491380ac2d08bb450af157a9fda29c0bb594844	e7882a9fe75c1181b961a178726a2b19ee78ca4d0eed04481e46a402802c25cd	482f35fb9acd280b25ee9b96e4921c6e6fa25df4b682306f90829cd9f519a71e	113	5004684	INSUFFICIENT_FOR_RANGE_RESUME	.	.	1	0	2026-07-25T01:53:42.427618Z	2fbc7bb61cd0b42a50685e964b8b320cc49957ccf54b23a850e4e7b119ee9184
436	asm-v1-a2d20445d211b3f0f331062b	GCF_019050495.1	EXACT_VERSION_RESOLVED	VALIDATED	source_objects/GCF_019050495.1	1910967	bd4fb75258cc5d2363f1eb6cbffc5b1601ac510718554b62bdd397feadf18f94	ncbi_dataset/data/GCF_019050495.1/GCF_019050495.1_ASM1905049v1_genomic.fna	4872868	f5e0b7e438d6c0c76238c7aaa4b7c09817229c654d614359feef1009c9f3251c	ncbi_dataset/data/GCF_019050495.1/genomic.gff	9fce8c40dcda0ad03e18b5f6af83f4fb4efae916173cca949a06f9cd552acd92	ALIASES_VALIDATED_NO_TRANSFORMED_GFF	canonical_objects/GCF_019050495.1	canonical_objects/GCF_019050495.1/GCF_019050495.1.pansn.fa.gz	1376431	7c22053a2e99a12edf968e5218dfb645a07ccf0d30061180ee4151dc629fca5b	075e4ce8c64ec757443aa189238f99f362d9380a54a9f2728acbdb5786301405	8710d4a5acde69ed40731553fef8a245020d7a7258b01f695ea285c545dd1f9e	9ad9f0de6b6d181e17c7a0fbcae6ac024ab0a328ca6e0bcff5be8c9931ca4abc	ccbc8f450f938d6a332140eddec916e82987e567302926812fc782109c76aad3	46a5fb456f13563048685fc049132d07c264f49afeb4ea9a0d04b4e6416c19bb	115	4800089	INSUFFICIENT_FOR_RANGE_RESUME	.	.	1	0	2026-07-25T01:53:44.773825Z	364582f6c13f8f0e38b464f7e4652761a5386e35b727310ed2c8be7e9e694338
437	asm-v1-668a181b6acf419148e550ce	GCF_013047075.1	EXACT_VERSION_RESOLVED	VALIDATED	source_objects/GCF_013047075.1	2022340	3753cad8c5fa214cf9e14f0347903968cf001e47e50501e5e3a1ed18952e062b	ncbi_dataset/data/GCF_013047075.1/GCF_013047075.1_ASM1304707v1_genomic.fna	5196852	1dcd11b7d423cbb7e1ac69b2320a100607097de7b4f0a974ae31404c69ac6cc1	ncbi_dataset/data/GCF_013047075.1/genomic.gff	d099485f6d671ea0ecf2b61262ed3be7b36ae0c7062ea9c60668c4b15587d9aa	ALIASES_VALIDATED_NO_TRANSFORMED_GFF	canonical_objects/GCF_013047075.1	canonical_objects/GCF_013047075.1/GCF_013047075.1.pansn.fa.gz	1467277	bedcabc73b7ab07956bc5322bdba9b0a6f2194d28a6958ad2753dfdbce8c4b8d	435dacb92b0b299f2bb6acd06d84570a4a2080eb29b8e7df738b143364110e1f	e9f3d0c4e5488a74d22dadf205cfe711ccb401ae51dd194c617d078d57916fea	4356203fde9f05222edd0a237756dcec6b78bd819b6e7902cc3cfd7e0d480711	03d20a44bd3823deef64246bfabf59e7c589bf64c6223d7d5b77b111f0200386	1a04933a19e4aafc0a88131d507c301a7e121db929cbc4369dc92e5a78280df8	256	5103339	INSUFFICIENT_FOR_RANGE_RESUME	.	.	1	0	2026-07-25T01:53:47.566522Z	f9ce6d93feda4aca47b0ab0a5cb777984b9774b73dea848eb273c3592898c0ab
438	asm-v1-da3213f3f0c903de301404fa	GCF_003172455.1	EXACT_VERSION_RESOLVED	VALIDATED	source_objects/GCF_003172455.1	1830125	f4cf148510c81703467da1ca09cb36508c9b582dda0338335edd98e738738dfb	ncbi_dataset/data/GCF_003172455.1/GCF_003172455.1_ASM317245v1_genomic.fna	4659267	334b41c9c41a7dec776a917b50cb1c021aacba0fa54edd92c80bad5547bc6b25	ncbi_dataset/data/GCF_003172455.1/genomic.gff	a64e9348a99c339bfea24920cce442e646be0984d729fd6c72cde96e4c421c17	ALIASES_VALIDATED_NO_TRANSFORMED_GFF	canonical_objects/GCF_003172455.1	canonical_objects/GCF_003172455.1/GCF_003172455.1.pansn.fa.gz	1310535	69c978e6aa95eda236137aa70a18fe0625e94ff20788fbeb335113a5df4e048d	3c8ff25d0f05b5eb2184905d946d535ac2823c3eb1d531fee31b7a13af7237ef	a648d3d5780f24973c6f9fa0e8ab8ce2dd1027c909db556b3240a3f69ec2c381	bb6ba67cbb3447cc79ef2973491b60af8209bb7d2348b0603f88063713af9ced	a494677de80a4fa8e3d86915ba21c2f2812e8671903dd8ae5d1ef847c2e4d2e9	90741535d649cd6d63db637d3264d96fc2aa3151f282b234a7246b510e84b080	117	4590701	INSUFFICIENT_FOR_RANGE_RESUME	.	.	1	0	2026-07-25T01:53:49.873490Z	71d66e2917093bd939bfc5b9c7795d133ed4446b20e3bffc072c48ac37c263aa
439	asm-v1-60d66ffd21f359d64c48a82e	GCF_016530575.1	EXACT_VERSION_RESOLVED	VALIDATED	source_objects/GCF_016530575.1	2048468	9bf7c5bff8c0781bac04f7ba937b89cde06e2d2bbbf181872ad6fc6e22d311eb	ncbi_dataset/data/GCF_016530575.1/GCF_016530575.1_ASM1653057v1_genomic.fna	5213808	6aee4cbdd3186a9a6208044fa8d108e701fb0d273ecefe4b63f5a6e65a397456	ncbi_dataset/data/GCF_016530575.1/genomic.gff	8beb71bcff883a34e8b08fa62314236c861651dd52a57b5a297b7b23a0cf0cbb	ALIASES_VALIDATED_NO_TRANSFORMED_GFF	canonical_objects/GCF_016530575.1	canonical_objects/GCF_016530575.1/GCF_016530575.1.pansn.fa.gz	1459641	5ceb190ba8d82e2a2eabe113420e338028f7c7e3d96a1fc4831e9fe00d9bcae0	3d013175d1247f59eeb897e9e9f05354cdcc6849a57492bae2b78e046b580be0	6033d0cbb3b0dac4a20bbfb0fb0cda9e3dad0eda021c6a5f5dfa50c8867c95ff	47967f1c03c27bd523c2d5c02f1d5b513957067f6d7077306bb3bdc199058801	66267aa2224d2c11380c17c6adbf6239f0f476a6a532be5f51df44f1f7998cff	6afb5550dc97170bad49b35e1aefc5b637b83c4d631bda809c399115dbc5a306	202	5123222	INSUFFICIENT_FOR_RANGE_RESUME	.	.	1	0	2026-07-25T01:53:52.455427Z	8894f0133a5d29a1b31725f57dae218158ab19b5d270f4f23d4d35eab278afb9
440	asm-v1-7ef9e5aaf88fbc247475bc89	GCF_015690315.1	EXACT_VERSION_RESOLVED	VALIDATED	source_objects/GCF_015690315.1	2032077	d1d991f876722dda47946c68666e0eb42eedfc9ca1d9a5232ce13668340bce9b	ncbi_dataset/data/GCF_015690315.1/GCF_015690315.1_ASM1569031v1_genomic.fna	5155570	86c837a8df928389b71cb0c6fc89a617c2d4f37d7991a5a89200a1ba437458e0	ncbi_dataset/data/GCF_015690315.1/genomic.gff	044d8712335cd17ae8eabc4a6834b358342cf350efadf3ae168b1e93a6b9384e	ALIASES_VALIDATED_NO_TRANSFORMED_GFF	canonical_objects/GCF_015690315.1	canonical_objects/GCF_015690315.1/GCF_015690315.1.pansn.fa.gz	1448214	33f30a8eb82f244670c88ea2f016afd1666e92b941c1bc06cc79596981f31dc3	8a2fded8be991ec3ad7bc3b198ce1aa8c94a4ce04e2a4127d56a85ee95b57cc7	cc0c08ac58dde4dde9de01f691d67c48743f201679ad0328ae407212ceef8dca	e23d28c757a07c2122853926f25bf8f777f08574715e3fc719121f8a82d13727	b99fc6746326544783d8cf4c3ba0cf0286da1c812d629268bc68a8db496854ce	c56221907c462151cb1c0f05ccaea1a4262dd4f1ae6f9f9d5b98ef9060b7ce17	146	5074944	INSUFFICIENT_FOR_RANGE_RESUME	.	.	1	0	2026-07-25T01:53:54.877675Z	17d6b6e6a318110b882e648b18edb35a85c66df3b0468c8d2486c97557d81a1e
441	asm-v1-a6c5e2b74af380f9fb567d3f	GCF_002011985.1	EXACT_VERSION_RESOLVED	VALIDATED	source_objects/GCF_002011985.1	2127457	fbeb1f5348ec89c836186160ae2d50ed8a3b5c6c9823633db378e10b7945b539	ncbi_dataset/data/GCF_002011985.1/GCF_002011985.1_ASM201198v1_genomic.fna	5539858	af7ebc201f727c537f48fa40cad891cda1a9cae6604c6725386b7650f244a8bf	ncbi_dataset/data/GCF_002011985.1/genomic.gff	6585576eafc1e308c2bb60996a38b9b6b60e045727de1c4b644bf6f5bdb25393	QUARANTINED_SOURCE_GFF_NO_ALIAS_VIEW	canonical_objects/GCF_002011985.1	canonical_objects/GCF_002011985.1/GCF_002011985.1.pansn.fa.gz	1546703	882210e941e5b308dae42c3f45086094393ff33975edad8f764eabccaac14b6a	a1038e1bd36b23ee4d85dfaf0d7506622b308d05934ff15929ca435ab9162a38	426436d2e167710ba8751496bef25fa661a20014cd7c02fa221c636ab788a5c8	7703ee6c5bcbec65471a3b42d353538c1d987773548eb882c02168845163642c	389f5585533ff4cd431b368725604b422e09ab23ed12e2d7fac5f08315ba8f91	cd40aa389a30100c781d654e00f2807198c3c498d97099f6457427282fc8f296	4	5471138	INSUFFICIENT_FOR_RANGE_RESUME	.	.	1	0	2026-07-25T01:53:57.181827Z	ccfdfcef3ef0e7d0237fb7da47236ebaddbdfdb3aa203a5011111f8240094cb2
442	asm-v1-4d55e018b913a217219eb1bb	GCF_000408365.1	EXACT_VERSION_RESOLVED	VALIDATED	source_objects/GCF_000408365.1	2040832	3611096a5a7b8ffd5c7826266556b7eccd5e9241657c3b22cb37a094d0b87adc	ncbi_dataset/data/GCF_000408365.1/GCF_000408365.1_Esch_coli_KTE64_V1_genomic.fna	5334136	938c9ce4a99f913e42ad5433a1c11b8ad6cdb05108c1651d613f06bfe11b8230	ncbi_dataset/data/GCF_000408365.1/genomic.gff	668d12f02d3871339981755b81f6b8e5b7ba5d866633efd26947d1c3bb76dcf3	ALIASES_VALIDATED_NO_TRANSFORMED_GFF	canonical_objects/GCF_000408365.1	canonical_objects/GCF_000408365.1/GCF_000408365.1.pansn.fa.gz	1472033	87f3a113bf086074a6f7d3e82c76635fbd01a4f449cd8240a6108271c7ea46a1	3b96e5bf5b0d53f26a5cc43ee70f819afe4461813bcd9eacb42aae880d7fa422	4d60057bc336df0edff9481285bb07cb22fdcaa48994ba53258f4494e95f3f10	b502514d66e943e581700dc231dd1d6440b2a9e2e839acc48e48935ee11aa223	97d06f6648b49aacdd9734b825a68615a89ac00f3eeda94e9aac902cb2c2c801	1ec2ee7814138761ef55ffa9f9ff8f3cf15ac6dd2daf07438d1aba8c7410e3ce	15	5266965	INSUFFICIENT_FOR_RANGE_RESUME	.	.	1	0	2026-07-25T01:53:59.352475Z	77288ac4a4b0a221a34685d66f414625c119790177d742cc3e8b7a626b053fcc
443	asm-v1-20314228c1c2accf3584e6fb	GCF_002542395.1	EXACT_VERSION_RESOLVED	VALIDATED	source_objects/GCF_002542395.1	2148457	1c51aef503d16a2507d8d2226f78f53cbab3e43e8079d9a508e9df7d3465d5ad	ncbi_dataset/data/GCF_002542395.1/GCF_002542395.1_ASM254239v1_genomic.fna	5387852	35c8b6909b5eae22f9b79994d74a73fba1e8409ae81ac338a31adc82a0353bbd	ncbi_dataset/data/GCF_002542395.1/genomic.gff	482ba530d737449a94e2eea2151c47fde30ad602399e094a8ac49426fc8d13b2	ALIASES_VALIDATED_NO_TRANSFORMED_GFF	canonical_objects/GCF_002542395.1	canonical_objects/GCF_002542395.1/GCF_002542395.1.pansn.fa.gz	1520718	92e89e2c909e4d380bde2a1857c43734492b481b8f414ed367c3e9f255fb1413	ff27062794bbd86120994de8e38c025144135afbccf72f83ae5908006e3f0302	502409e6005a4f858a4199aa7f3b8e41c45360df09f596fc1d4000fa6ada321d	c50510d43b5e7ea3e96aa69e7b529226f23344a8e4b13adca64884dac86bb55f	04c902d9c77d9aeef15640c6b5e4f99748ca7d6b7c172df7379c21d01e899f12	879be20847bf4cb6e38657adf33689daa465afe231f9408e182534ac9173656b	417	5269532	INSUFFICIENT_FOR_RANGE_RESUME	.	.	1	0	2026-07-25T01:54:02.968400Z	e255f96e5e8a66c5d81d3fd97e8675c2c664b494784969249966ebfdf3f3c68c
444	asm-v1-d15ff8941f843fc938ba3670	GCF_002229875.1	EXACT_VERSION_RESOLVED	VALIDATED	source_objects/GCF_002229875.1	1995955	5f29ad16a1e6d96b1eef554d1cbb3a322e0c1fede5fa681acdefe0da3b049f41	ncbi_dataset/data/GCF_002229875.1/GCF_002229875.1_ASM222987v1_genomic.fna	5064881	b1fe711500067249c0a8e7a11074f6bd0944e7d9cbdf609f657c7dac83003883	ncbi_dataset/data/GCF_002229875.1/genomic.gff	a422923f1c17b8a64649fc93708f6070e4a5f859f36565db49c91e4033522f4f	ALIASES_VALIDATED_NO_TRANSFORMED_GFF	canonical_objects/GCF_002229875.1	canonical_objects/GCF_002229875.1/GCF_002229875.1.pansn.fa.gz	1424103	f7ff99ac3176b07f09c0ab7747dbd0a7cd923fd11cc9b5b95e080fa6308596f4	ed7c51749d6e79f2083d6b45805a756495d23d3cb172e6176877ee61c9c4a14b	f2c5f429d40ca6eaea853d3ddec11ee3fc2fde1e3435f4f91241191eabe77da0	a1ac0eea5089be1fd567c0881acb86010df3ae095c5d43306c6116edc8f1d97b	aeb5df61c1b68868c316dad6e4c4cc96a75c3c195ae90158867662e9850ce5d8	82289798a56e7028d72af07bc7954b522d808b22b77a9358850f68158f491741	270	4968695	INSUFFICIENT_FOR_RANGE_RESUME	.	.	1	0	2026-07-25T01:54:05.906805Z	b7e9068797814b7dc938c4a625d2b012f65ff996a118848df307d82593e18c6d
445	asm-v1-be5b81926f338af9e0c4aa98	GCF_002195175.1	EXACT_VERSION_RESOLVED	VALIDATED	source_objects/GCF_002195175.1	2181186	5a2a52d9389b7b74e8957cc0e13e52aa541341358545529fdcd69ea8aa32b24e	ncbi_dataset/data/GCF_002195175.1/GCF_002195175.1_ASM219517v1_genomic.fna	5540552	aa117aaceb6bb1daeb8c377c95f5fd2e8e72daa791b62dd9a50aba66b955c7d6	ncbi_dataset/data/GCF_002195175.1/genomic.gff	02113ed5af842393a2469b0f6d17ff085b6cee9f143b283e7587913dc0140266	ALIASES_VALIDATED_NO_TRANSFORMED_GFF	canonical_objects/GCF_002195175.1	canonical_objects/GCF_002195175.1/GCF_002195175.1.pansn.fa.gz	1553596	6a4a953717cb8588ee63ea1cd6daa9f44241609e10590b59b71c0ed67b356757	b6503df991c5e6bba34a67387cd8c6b8f4526b7d95e42ebc6d188d9b8c3c2b30	877074d5434da36016a2da80625df33391f2408d62680af39aa9bcdf8129edcf	e2b9b0f0deb5c299be85225bf7139d174b43b7caa506f196c4867e2ee2906ea0	2770448383a1baa894d06525fcd5231a281c2e2e068954e126d0a0c4bf2952eb	7b07b7ccf8a191e50dda55861e442e53a7c23cf1f1bdccba161be0dd289b10a3	318	5429208	INSUFFICIENT_FOR_RANGE_RESUME	.	.	1	0	2026-07-25T01:54:09.139583Z	75543d021bd74b28623ac68bde8ff58a041f484d8aad4875198efab7af984b75
446	asm-v1-f1b2c5720be3bbd21096b72f	GCF_001860505.1	EXACT_VERSION_RESOLVED	VALIDATED	source_objects/GCF_001860505.1	1891493	eb71d3a12bca3e985dcc1bb4198dde34db0c2cd3c204fb15f70a1ecdb568b5e0	ncbi_dataset/data/GCF_001860505.1/GCF_001860505.1_ASM186050v1_genomic.fna	4899827	44a5eb6c02e6c828bd7341f74e22f960df8a569332276b053be77d5b1b243ada	ncbi_dataset/data/GCF_001860505.1/genomic.gff	0c519bd6ea9087f9b4f69cdd43ce191d8997e50031ec1af6ec47b0df4f8607f8	QUARANTINED_SOURCE_GFF_NO_ALIAS_VIEW	canonical_objects/GCF_001860505.1	canonical_objects/GCF_001860505.1/GCF_001860505.1.pansn.fa.gz	1369459	68fb186a289db68160f07cc3a18cbf8ee25a2f82f8591f076ea0436825d2ef04	a6d8f0a7a9d375fea487c1a0829b559d84328b5aa016a774915c81030e2c332a	a99c62eeda262514bf463513709360228f54495791f7566f7ace0b40763102b0	f6eb29d463370bb00ceeb510537404c72ad461321edd84a99f9ffd906d71e389	72d76229478921e05e51d330af752fbe9bac27214a20f8c71b8a89300476d5e9	cd40aa389a30100c781d654e00f2807198c3c498d97099f6457427282fc8f296	1	4839266	INSUFFICIENT_FOR_RANGE_RESUME	.	.	1	0	2026-07-25T01:54:11.046163Z	e388739f81505eb9f1cbdb41e89e301e8e792d1a351a72c4c9afa65b640ba669
447	asm-v1-e5e9f926ac4f750b4c2d8291	GCF_001617075.1	EXACT_VERSION_RESOLVED	VALIDATED	source_objects/GCF_001617075.1	1879830	7f217c4d0f20f6079f7b7f1487e743610220f2937a67f665db440da1b28a0a5b	ncbi_dataset/data/GCF_001617075.1/GCF_001617075.1_ASM161707v1_genomic.fna	4850323	91b6356542c33d1679a5ccf6344cdfba03ce7936a07134e814b4473c418d39aa	ncbi_dataset/data/GCF_001617075.1/genomic.gff	cacaf3cdddd2c05a69bbf9d78d2e9bb805cfb11917d397e63ad91c68233d564a	ALIASES_VALIDATED_NO_TRANSFORMED_GFF	canonical_objects/GCF_001617075.1	canonical_objects/GCF_001617075.1/GCF_001617075.1.pansn.fa.gz	1364092	9a630a897025a978de4998a9ea190655811492058798295a83a1448ae4943eb8	4d187ab8f681d813485bf02bc2e20ae64a50362988f1742a1d7846b47b1c807d	27df4717b5d2e427d20950b80771c8692a8a5c279606379d3d369fcd632a60cf	d56cd1592d8cbbe36427c0ae498658a47ead47b28c924d918113a8be332e8f42	051c056be0eb30ded6c32fc382734d1b1804e12dbbb63ab9ab1b3aff2cfadcbd	204c6eb44a2d8098d84fff41935545188d7f0b6ff64af0fc8f67cf847ff09278	54	4785089	INSUFFICIENT_FOR_RANGE_RESUME	.	.	1	0	2026-07-25T01:54:13.175366Z	60d142fb1cd453ef241d4edc0486d4fc31439d9e94d0e6b952240499b1b5a819
448	asm-v1-1cec32957065adc4b8c14389	GCF_002229215.1	EXACT_VERSION_RESOLVED	VALIDATED	source_objects/GCF_002229215.1	1946061	8ee0f7d91e1477a2e8a9649d309ffe150cbc9019bfbe38dcda87c45230131667	ncbi_dataset/data/GCF_002229215.1/GCF_002229215.1_ASM222921v1_genomic.fna	4983471	618c1c9c3daf48a94b67c8b1b03465081221477ad216c6f8814fe5657f555626	ncbi_dataset/data/GCF_002229215.1/genomic.gff	8975191f4e5556890e5334d07acd454f8e8d0afdc96b6a8896d5648c90957f28	ALIASES_VALIDATED_NO_TRANSFORMED_GFF	canonical_objects/GCF_002229215.1	canonical_objects/GCF_002229215.1/GCF_002229215.1.pansn.fa.gz	1399842	3725d473f2ea533f54a465c95ba02c413985b153675061459559280bb1c638c3	5564a201e2127a8eab742f300079e477c85192dd757edbbb94f16cd1c369f14b	1065aef8a55991a5270c65e699b23d3ddcff6f824b351b6e18349474892cca76	868e8117e40463dba080baf3b64e2d12a9ee94f226e6ee3e86fc13e9583832c5	a90b9f0103facfe713dd8dd5543c42881cdef7f6f0698ae7a5807362f006abdf	688ee56054f199c505f0c91be253efeb81775f12c516b913f68eb992821306ba	144	4904079	INSUFFICIENT_FOR_RANGE_RESUME	.	.	1	0	2026-07-25T01:54:15.498570Z	1179d0a94bb5b6a6a89acabbba577bc6ae4791dc84111ad4931b661b3ede80ec
449	asm-v1-eded3ae759757fc79914fe7e	GCF_001692795.1	EXACT_VERSION_RESOLVED	VALIDATED	source_objects/GCF_001692795.1	1978501	bf5cf1c57236a4f736b26dcf89d3fd39fd400b116eb3ce8b3ba66cc88647b8a3	ncbi_dataset/data/GCF_001692795.1/GCF_001692795.1_ASM169279v1_genomic.fna	5130115	20918561fca7a1f1cd195360f7f36e899d35aeabd0854c04473802eb416ba2a0	ncbi_dataset/data/GCF_001692795.1/genomic.gff	0752ad1201563d61450f4275c4020ff7b51e78b63c57808877a0697b9184d2ef	ALIASES_VALIDATED_NO_TRANSFORMED_GFF	canonical_objects/GCF_001692795.1	canonical_objects/GCF_001692795.1/GCF_001692795.1.pansn.fa.gz	1433992	0b9ca361f466e95b4d9368f5014c494ea35084f4a9925af2992609adf3862bb3	58aee3af8444d98007281e64382105f0d73991e3adeb25d8623038973f839648	542148937b4d0a13960e02b6efc02c712044b1c336d1f7bb4516381a0197b7b2	55fa9f98518b27ae40bfcd0fb2274790614011badea11bd3a81b3b3291c9686c	b44429f90c6597ec091b49d3c8870a8ded9a9b8f9a31d85be95ac6903af3d0f8	02a0c8c84fbacad55cc82b2dc82a9e7364a72dbe8ad969e70ea324e15d2d719e	4	5066411	INSUFFICIENT_FOR_RANGE_RESUME	.	.	1	0	2026-07-25T01:54:17.531948Z	36c0f2d80db41fdc7650214cd3b2aabaca03528696b414fe5c02b3275e1dac0e
450	asm-v1-670be4bfcc55b0f8a3f55554	GCF_000700625.1	EXACT_VERSION_RESOLVED	VALIDATED	source_objects/GCF_000700625.1	2047697	24d703c529199a20d105fc8864f9c8eeebab65dd097d6209c4b33a0cdcc02b8b	ncbi_dataset/data/GCF_000700625.1/GCF_000700625.1_ASM70062v1_genomic.fna	5214212	14fb9431b879d87f852227bb20ae541243d44e07a892e534ca65415d3960b898	ncbi_dataset/data/GCF_000700625.1/genomic.gff	1372b42a6f9ef51e9cff58a1a689f6e1934de3d14d454110d7cce8651d07f120	ALIASES_VALIDATED_NO_TRANSFORMED_GFF	canonical_objects/GCF_000700625.1	canonical_objects/GCF_000700625.1/GCF_000700625.1.pansn.fa.gz	1462754	8ac01872f0c4d09275db7f9a9684c13366f7098ccbab1a7a5d20d23097c1d2b7	0967bd5f6b7d5934fc3f06d24bcae47402077fac37b868871bf5723d306ec2a0	317429e763e0a308e8188bb0484a68fabb70d27073962041200726f5a49b517b	10c29b6afb4937195cf2cd51a5eb9f9106ccd943c4e060486b9ce6a7daa3e546	f0cd7ecae755fb924f7fa77de9497f9e5ac92d6e1f984f2f85a257157f0d485c	495dbf8dd24002e2c3b7d1fb2b0e79a77e020db86329495177dab28a3968e516	171	5131792	INSUFFICIENT_FOR_RANGE_RESUME	.	.	1	0	2026-07-25T01:54:19.975599Z	9df801b234385da2c115e37cee4be35b5fe3af89be0a2e9a920dff3ed025c2cc
451	asm-v1-d23792868fad83e95f73492e	GCF_005043925.1	EXACT_VERSION_RESOLVED	VALIDATED	source_objects/GCF_005043925.1	2239963	9b2117843c9d2f288a1d9c3db66833519f92c407f96a6f5fa830076520be97ec	ncbi_dataset/data/GCF_005043925.1/GCF_005043925.1_ASM504392v1_genomic.fna	5664752	5e3dd5b142c1b5a527f28a446865dbe95ef7c1df4a129fdfd0cb5b6940a9d4bd	ncbi_dataset/data/GCF_005043925.1/genomic.gff	a93a583cd9e075ebb43845a49cf40321e14ecd7edb09a4dd1d3ce57554f7a182	ALIASES_VALIDATED_NO_TRANSFORMED_GFF	canonical_objects/GCF_005043925.1	canonical_objects/GCF_005043925.1/GCF_005043925.1.pansn.fa.gz	1599580	acf82953fb1ddcdf17c4a20fc3af5258d349cae2260910824c7647d99cf3d25b	af83cea54a1c85fb1960513b51da482506ba10d1baff15b229ec8edb57dab869	e13e4e123dd4217b4e82aeaed9dac676759ed7c7877a1bf1bb436ffacffdf4e4	50f90f858b8dd5262eb74da874b071918517988fec15b40d8f48c5b8d3951e77	20a927d79f2086a67a059bebf493c17bae53381c74186735eab53146dce7dc39	5d2ed2ea8d660606210e1b97336fb63ffe659ee4f836bb69049760693b9df254	243	5568249	INSUFFICIENT_FOR_RANGE_RESUME	.	.	1	0	2026-07-25T01:54:23.231294Z	4f62e55b135adf7340dad54fa798a50d5c2bdfac7e10c4af84269b8860d1debc
452	asm-v1-e770147d3287464ca3bb02d5	GCF_001650605.1	EXACT_VERSION_RESOLVED	VALIDATED	source_objects/GCF_001650605.1	2258733	1189951979dcb4eed192a84d8bc8bec691be23d5838607f07a507c3a23cbd474	ncbi_dataset/data/GCF_001650605.1/GCF_001650605.1_ASM165060v1_genomic.fna	5783368	15f5fb772157f496ccf2ae9f2e68dc44fb39be53fd8de7a82481b3f63b898147	ncbi_dataset/data/GCF_001650605.1/genomic.gff	ff3c59f0accd56c68e5352bc55eab98f26ea8bf99f59454fb4bc07f7c731bf5d	ALIASES_VALIDATED_NO_TRANSFORMED_GFF	canonical_objects/GCF_001650605.1	canonical_objects/GCF_001650605.1/GCF_001650605.1.pansn.fa.gz	1631612	77e5cde5de28f2e18beb2dac9f53f4b36530db12ca7bfa277ea9feeaf7121da8	da1d522c48aba7d7b4c277092a00d8141e304405bef7114b115c23b336ecb1bb	66912de920f598e80e1a64e9ed7e9f4da112d009f7fab13f572d81bbb084a3fc	4f6a647c29090ce7304e16c80ba886d8890e70aaae8fa8c28892efe5f1a9a544	1eddb4f27be744f247e850fc6e5ae6f75a0318caee624bda68241f233d0afb6f	f8157f5c95095256e46de03cf234b1c15917487fdeb62b51a0c7f8b8ab3282f0	292	5685110	INSUFFICIENT_FOR_RANGE_RESUME	.	.	1	0	2026-07-25T01:54:26.434928Z	b529cf940c1b7b2c28561c21231e706678d34ef06430507c311d671a09397b2b
453	asm-v1-22584a5ce8b7fc67556df551	GCF_009767245.1	EXACT_VERSION_RESOLVED	VALIDATED	source_objects/GCF_009767245.1	1919912	9c5731b710f7c7ff21433574ffa3165f10cd4fac3892a004cef4c295fdc4ddd8	ncbi_dataset/data/GCF_009767245.1/GCF_009767245.1_ASM976724v1_genomic.fna	4885988	1f3a1a5145451dc7a310016218f149d039d46b60b9b0a00b935fd05665b946ed	ncbi_dataset/data/GCF_009767245.1/genomic.gff	74cf86bd6b54e32e5760665b656f4cc8ac608b8729903afe7fc277a9b343129c	ALIASES_VALIDATED_NO_TRANSFORMED_GFF	canonical_objects/GCF_009767245.1	canonical_objects/GCF_009767245.1/GCF_009767245.1.pansn.fa.gz	1370853	315f4fed5fa8075f19f2f63f75ebc44e552f4973fb8163235dc44b46aad79338	32c130d1adbf3d4b3dabf1daa9f2601786000220607912ccabbf8f196338e246	11ccc804c9a04285e8c6a6f05090230cb66d208676b117c5e9e0e1afc6e28f82	1d18e13d82016acd458da7b22d3d45b89e9e033757c005d8cb5b276d4cd05b58	34e96774ca72e136517ebfaf28dab8af89e54556ff8a942002e24639cf99ed38	ccea68e23ca1399365d974c0e7739ad49dc5a463bb1bf1b5e9983d126020ca02	151	4808540	INSUFFICIENT_FOR_RANGE_RESUME	.	.	1	0	2026-07-25T01:54:28.787339Z	90cfb28e8863d6eef0ae7c10f434cffdc08e4efbb48d997c267edbde5a8c12c3
454	asm-v1-616cd4c3e02a370b3c2757de	GCF_011077775.1	EXACT_VERSION_RESOLVED	VALIDATED	source_objects/GCF_011077775.1	2132285	ae911379a6927379274e32aa93c7278127af3bfd191e276e7342c1ed0f5cf137	ncbi_dataset/data/GCF_011077775.1/GCF_011077775.1_ASM1107777v1_genomic.fna	5399853	66ac7bb9a8dbdd4e01247df0d8c44efab46d6e2ce34a3bcd46a19f527d7be816	ncbi_dataset/data/GCF_011077775.1/genomic.gff	28c4849008cb765ef70a58fd7212691a56b3517ed3eceb47994639a506ac8c9c	ALIASES_VALIDATED_NO_TRANSFORMED_GFF	canonical_objects/GCF_011077775.1	canonical_objects/GCF_011077775.1/GCF_011077775.1.pansn.fa.gz	1516559	48799568bb4e866a6faeea32ade0acb0662edbf645bccfcb28a62def99b8981a	3cc1573d4623a6d325f7e10dff22d6b7eceb805294a45aae0a32ed8b95d31d7f	95458fcbe3712098f305a2c315f4be5b19f72250944e1b9d17bd025ccbaa5f22	6962b9e42c34a133fee5bf019808c1778c715de25d3c7d3116534ac50af3315d	582b1ba724a963df33cd7a842dc46f5b288da1d09cd2b05bf4f4d680a0763b80	1667b792b56fc4f8539a2a08439a1e8f412fb146fc10f24628006d2e461c4f51	499	5275455	INSUFFICIENT_FOR_RANGE_RESUME	.	.	1	0	2026-07-25T01:54:32.977946Z	840ae006b74fa2443e319eee2ba784b9d1565561c4c1a37c2638a3a0b051b70f
455	asm-v1-0de0d1f9b39d837c4d9bb02a	GCF_000354455.1	EXACT_VERSION_RESOLVED	VALIDATED	source_objects/GCF_000354455.1	2017119	1a199c1ee06ae07f435ad2d270634ed662c039f52d4717ecf5fda91912b9bfbd	ncbi_dataset/data/GCF_000354455.1/GCF_000354455.1_ASM35445v1_genomic.fna	5128421	89ca24022eb410e57d73d23bb87e4ae6662cd6688e3d8bdf2dd6ea0fd89adce1	ncbi_dataset/data/GCF_000354455.1/genomic.gff	b47841ad997e0c815af066c8b26fd6ede3022e74c8e21d5851933c8f2072af61	ALIASES_VALIDATED_NO_TRANSFORMED_GFF	canonical_objects/GCF_000354455.1	canonical_objects/GCF_000354455.1/GCF_000354455.1.pansn.fa.gz	1447224	ae992c24b2f4a43ec54216e0d86f4f828f77fdc2462dfadf98bbb3101fbb54be	f5ef996abc4e794da5393047bf639ea27148b6d8534f8e35831daababc0d2953	90a14de91ac65013965b27b9e408a4ee5e3d066ccdf09d5b00d6c8381b2d7803	74f9d62de3d70b5db4fd24443a30143392ead8695a37bae7f02711e9f10b4b11	1c03a708fe483853eb5ae70b12eb09f9d1457d66cadbb971354755d9276bc46e	c368d5fad3243f560d18dcda25cf8dbabd5f5e2876cc2ce948d6849a2d4adeb5	111	5054520	INSUFFICIENT_FOR_RANGE_RESUME	.	.	1	0	2026-07-25T01:54:35.420822Z	c74fa1c49ac696432a194e6676349bec7d5e1cbbbf11806b0ae044d01ca76d77
456	asm-v1-ff1fea8245b2b47bdfd6ae1a	GCF_005394825.1	EXACT_VERSION_RESOLVED	VALIDATED	source_objects/GCF_005394825.1	2095417	b7ec27219eeaf6f59ffb4e8c267f971909d447cf7bb2cae898d719b780965013	ncbi_dataset/data/GCF_005394825.1/GCF_005394825.1_ASM539482v1_genomic.fna	5310604	bb2b1b70e62f842ab74bd27ce48700d7b4059b68bd9744533c056f8a17337e37	ncbi_dataset/data/GCF_005394825.1/genomic.gff	e04c59b1e501013dd0c6a7c745d61ae2d23b4840b5f3e0515617a77ea8e3066e	ALIASES_VALIDATED_NO_TRANSFORMED_GFF	canonical_objects/GCF_005394825.1	canonical_objects/GCF_005394825.1/GCF_005394825.1.pansn.fa.gz	1499761	01b94ac6b80d306490af00711e63a263386fcefd9a792d4b93941eb80cea23a6	6eac0436b77777471693908d13e8c5cbcf70928c5a5f3bc49cea0daba60574a9	3d1333d8d29c743cd4dc1a92aaa22fea95c3fae6e7dcea788df4dc5f2846db64	3a56bf5e076a4e734f7bc9cb6b5818a6578a97d607b13522a2f5cc279b0f0018	8ae2be765f30c5f23615d9108970f432c8d64e8b0be9f5eee7724e5e5926a053	2c18ea4d8ab910004f2939089a131f397b5930132aff49b116cda6945ac843a4	220	5224511	INSUFFICIENT_FOR_RANGE_RESUME	.	.	1	0	2026-07-25T01:54:38.205215Z	79febf7ecf9bebe1d231aef08542623829448ffd8c29869585a3c3f0c9c8778a
457	asm-v1-14bbb82151fcd42276d8cd26	GCF_002001975.1	EXACT_VERSION_RESOLVED	VALIDATED	source_objects/GCF_002001975.1	2205682	ce712faa2e52cbce828170e44c88f94a8279f89cbb3cd9b5cd90701fdf954e16	ncbi_dataset/data/GCF_002001975.1/GCF_002001975.1_ASM200197v1_genomic.fna	5572085	97ce45c55ea16e83a3f73d834cf86bfc4369b3a63831fd61deaa49fe31c8ee03	ncbi_dataset/data/GCF_002001975.1/genomic.gff	8fb520cd7e864ccb0256f3c89d310d8d89c378824e5695985a72e9c8a2d8aaf6	ALIASES_VALIDATED_NO_TRANSFORMED_GFF	canonical_objects/GCF_002001975.1	canonical_objects/GCF_002001975.1/GCF_002001975.1.pansn.fa.gz	1570232	780010391f1edfdc9c08cd6fd5ab311e3a093c5e72a12c49c4b352861f427895	6fe358b771252e16ff45aa437778d922e42e62a841ec9c31334b03f3a43146ec	8ab246fc842d4a9bdbcd6fa75a4e82b4cd37586bc76be93285d3e7ce40c94f8f	995a7812106cf63f3005b44c49596aeb24faa07b44a3d24f3a61f140284cad5f	c917a3d6157b26d46ad47dc1870f9881e270351e27914386ec6443aa7b7fd2d6	4453d67a9fb4cb46703c14250d74ac1649789ff7fac6c9df1a846f4a45fda22f	337	5466066	INSUFFICIENT_FOR_RANGE_RESUME	.	.	1	0	2026-07-25T01:54:41.598624Z	1921417d164662c446ccd78a1f20613d3126510bed88b5926bdceff18c74796a
458	asm-v1-6c5f0a3600b33441028c0542	GCF_005381345.1	EXACT_VERSION_RESOLVED	VALIDATED	source_objects/GCF_005381345.1	2087683	88ed22fea2725f8966f78a2b226e5327584fdda17fbcc38b1412841643bd4ab5	ncbi_dataset/data/GCF_005381345.1/GCF_005381345.1_ASM538134v1_genomic.fna	5335348	64b466215b3cc540f48ea8ce3b8912a622e70bfb7e6053e344b00eab8c6abe7d	ncbi_dataset/data/GCF_005381345.1/genomic.gff	d9cc316380cf038b10abdd93d71556961ef82bac781c1c32a4d9a07fe1902e5e	ALIASES_VALIDATED_NO_TRANSFORMED_GFF	canonical_objects/GCF_005381345.1	canonical_objects/GCF_005381345.1/GCF_005381345.1.pansn.fa.gz	1501273	9b67c60a1b00e567fbbea8595d6e2ebf46ac8d8bab0476239950131de5583b94	a7589e7ec3510131f0645eddbc8a66319a3405d6609f638147c08a58423f3e8d	8718c796217add84038ceb3257b7410bc71bf5e57052b0bd1f39341021e4779c	95646619afa81da73a4da77391c9706a8cf35813a2da82d452303eed61e67c69	82ef67fa75344e3956a61d615732833187cbc4fa1bd77f5fab96d61e3396d490	2ca5243a0dc064e81cd2a481caa639ec9cb03410d0fc555bfa0d50f0f2c346e2	148	5256839	INSUFFICIENT_FOR_RANGE_RESUME	.	.	1	0	2026-07-25T01:54:44.112197Z	cbddbd7edb863d0e4579ce00c736f3777da246809e2695562f63db6001746cc0
459	asm-v1-9cb80c3766966455799db3ca	GCF_000352925.1	EXACT_VERSION_RESOLVED	VALIDATED	source_objects/GCF_000352925.1	1901198	00d2b31da9d936a3d435d736fecfae1f4cc7a4a5de6e8156cfde69f6918e7db3	ncbi_dataset/data/GCF_000352925.1/GCF_000352925.1_Esch_coli_KTE196_V1_genomic.fna	4978955	e45ed217a6e8804ef789f3a3095d3582e0004b85a0e796181fac607c44b92021	ncbi_dataset/data/GCF_000352925.1/genomic.gff	d3a70a4e49e48ece1329be80c0eb2db592fc57f2832a68a6d0652b46b52af8ec	ALIASES_VALIDATED_NO_TRANSFORMED_GFF	canonical_objects/GCF_000352925.1	canonical_objects/GCF_000352925.1/GCF_000352925.1.pansn.fa.gz	1384640	f9293a6310c7e2a77c98401853556ad4ff70f29537f04a9c919fdde2f171c52d	96a6a65efa8794bc5cd33b627a533ca782833d3651bb81855fd1c03b99e2c79f	52ca012c56b89f3a5a586fdcccceefb45233312707888a4e2b51d719e991b715	9c78072c2bb5fce8e388e5386c53fd1eddde1f8d55c38b5ab993d72f83ea31be	961e97f568637d1b9178a0d2655f42f17de0ac79ee355969923a59e4816d8824	9176d29bd4e88f8ebc6107b84159bcafb11b6bb471dad9a0a3fcc8887b535489	4	4917133	INSUFFICIENT_FOR_RANGE_RESUME	.	.	1	0	2026-07-25T01:54:46.129199Z	8f8c6d133b259aaf9d6a918f9c8137f3cdbe1f68a1e89c33ab9f3f8c0da4b984
460	asm-v1-4b5d78f9e3ef47552c26d4b6	GCF_001749125.1	EXACT_VERSION_RESOLVED	VALIDATED	source_objects/GCF_001749125.1	2033154	402ca80cf2946f07c0ce406d67614bd6d1395d2876e8705449cfef4a01401be0	ncbi_dataset/data/GCF_001749125.1/GCF_001749125.1_ASM174912v1_genomic.fna	5189215	34417e1e2fed962476dd55e0f2c0da0981a96e34376d4963a4103c581e5defb3	ncbi_dataset/data/GCF_001749125.1/genomic.gff	047c5059c4fb61904680dea25b2041ea9e428f28a57ff94edba6d29404f52873	ALIASES_VALIDATED_NO_TRANSFORMED_GFF	canonical_objects/GCF_001749125.1	canonical_objects/GCF_001749125.1/GCF_001749125.1.pansn.fa.gz	1456589	8ee0c3f09fbf4c84bed49408274e441d0055abedd6972f667126e887096b1edc	b75dc3063f118cce69be205b0576708f5b3a782c16d3583002f0fb9a35ee6434	467cc857924e59981beed9b037e57d684b961dd31fbdb2fae4a54f53e6f4d137	dbefbcc6e927925ce99bea782e9f7468e632d2a1cf88349461b95bc56453281e	83e3e331341fdff04b8326a58d0d321a71edc5c36bfa7e9efb7a4b34f6e38ae7	031de6cd6eb2d8b5867444992319e9c5da96692803b56c2c311c22518e1ccea5	165	5110406	INSUFFICIENT_FOR_RANGE_RESUME	.	.	1	0	2026-07-25T01:54:48.953905Z	008015d678d88ffa43ee557164d30b290f288cd42b9fcbf52d4ead923219c7d3
461	asm-v1-c06a81e9422c6e06632b2e26	GCF_002573065.1	EXACT_VERSION_RESOLVED	VALIDATED	source_objects/GCF_002573065.1	1965758	eb7392302b4f33b04f4d4ffb456906e9150bb5dd5b7227ffdd124122146055f2	ncbi_dataset/data/GCF_002573065.1/GCF_002573065.1_ASM257306v1_genomic.fna	5033728	b2adc241d50f42c9a140c28baa06defc03177c3b4f0ed068577a2feb4e0af744	ncbi_dataset/data/GCF_002573065.1/genomic.gff	9d21b23c00971483f8ad4d6dd023dc8bfdf95e5d66ea70fcf0abe82c8367b3c2	ALIASES_VALIDATED_NO_TRANSFORMED_GFF	canonical_objects/GCF_002573065.1	canonical_objects/GCF_002573065.1/GCF_002573065.1.pansn.fa.gz	1412775	53a967b75d1627a913adabc39ad80e3e28702a658bcdcfbf38107fc370d03ab4	e149266d7f5db44d0deea5b05703e1d333f4c0dd170b53879622cb02c2af7232	660aa96def82d29c8fe96814023a83427aa0eeec6ac2e430367224c2f3a4bc38	7a0ce6a6ddf0beb261cd0c4d6795fe9e7253d8170ba2cbf86a63282b9fcbdc83	9b539b12c26baf18c2c82bb91ddfa8761d587bb29e2060a504cb6169b342b4f2	04083faac5200a94426a212db323e3c68f2b5fc2c29b76ad4f4fb283da681e17	65	4964881	INSUFFICIENT_FOR_RANGE_RESUME	.	.	1	0	2026-07-25T01:54:51.576564Z	f07d5ba7a008bb35bcc8174a9605e2a3831914d8b2e9967b3975f940f94f9b53
462	asm-v1-ab4149e1162f01c5723ce826	GCF_002514845.1	EXACT_VERSION_RESOLVED	VALIDATED	source_objects/GCF_002514845.1	2294109	ca30a73af1962621a3e7522463aa0feb527e4932ef2288aedcf6c4dd4d7b3f3c	ncbi_dataset/data/GCF_002514845.1/GCF_002514845.1_ASM251484v1_genomic.fna	5734493	31acfbcec45c40bc7df4367a0e9ad68220629390279525f476e73269742f3b8a	ncbi_dataset/data/GCF_002514845.1/genomic.gff	3f7c8e87ae874835bef1ea6827c88a420de0af1a16690969880dc79967347e75	ALIASES_VALIDATED_NO_TRANSFORMED_GFF	canonical_objects/GCF_002514845.1	canonical_objects/GCF_002514845.1/GCF_002514845.1.pansn.fa.gz	1618687	45b90b0c7715462bf8e5a1d0b327895efbd6941f76ba1f727dcd621f0b4db56c	07cadf7f6b6a7312d81885a9303bcae136d230238335c024ac64d9f561643fdf	4a227276deed4a47138ff1ad70d885491787d65ed190f4adf3c7666927ac103f	8c76bca68a17e6f22391fcfd918ead062f12faba241bffc68fd30327c07ae6e2	80c41b5c43a9c1e90953e5a89736f66f699527c8594e9f59483a4f4bf33b122d	10f382e83850cb9829ad0bd362c6961b152a179933d2b4163c638099cbc03a6d	569	5592993	INSUFFICIENT_FOR_RANGE_RESUME	.	.	1	0	2026-07-25T01:54:56.315613Z	e0bf9319dcc6d15641cb6ee3e78f69a57c84fa1ce0038b955cdbfca3b1967365
463	asm-v1-d76edc58b0901a5f0ff27503	GCF_019587525.1	EXACT_VERSION_RESOLVED	VALIDATED	source_objects/GCF_019587525.1	2087852	78ca8888ec59d3a91c56f2903ca12ec6f4991bb2383a1c85767b12de66353a26	ncbi_dataset/data/GCF_019587525.1/GCF_019587525.1_ASM1958752v1_genomic.fna	5346049	6d3f8c48e12e8de434182821e738ebacb6ccd6be4712027ed4b1642ca5d0ec30	ncbi_dataset/data/GCF_019587525.1/genomic.gff	1efe132950e4f2267afa974d1b14cfb369dba0082d5e3e5b8c3b04752a78ee70	ALIASES_VALIDATED_NO_TRANSFORMED_GFF	canonical_objects/GCF_019587525.1	canonical_objects/GCF_019587525.1/GCF_019587525.1.pansn.fa.gz	1501608	460bd902a9cf5d481460c1dfd252be1581b0fda1d70dcc3faa669e960081744e	f896da3f33f7f6f139d5c362a34e0361a6efd653769265dc61343afdef43c5fe	ee773cc1e823b5e534c998297cdf8dde405e77e60352a919a63bf410682698ed	da4609814ddcb5935eefb1af1845311dc7a88218b31390a64de194852d19b0ed	31e587ac86028a870047611e254ff2764baf5bf648308dd8eccd28544f5ec608	a0df2744a5b441460af51ff8209a735deb85500067a1f53d008bfb07f5d79dac	134	5264121	INSUFFICIENT_FOR_RANGE_RESUME	.	.	1	0	2026-07-25T01:54:58.779065Z	30def0ab121d6efef2514ef107a1738da850340c731f61934ea01be3f0a185d7
464	asm-v1-7db4d11dc461fc271a9cda6f	GCF_002233095.1	EXACT_VERSION_RESOLVED	VALIDATED	source_objects/GCF_002233095.1	1946289	3f6a8572c7c3714e8facc35b4cf877c90a5292b620bbd76fd92a550735541ec1	ncbi_dataset/data/GCF_002233095.1/GCF_002233095.1_ASM223309v1_genomic.fna	4954710	0c842d60ff643f8e5f920858b9147ad5fd71a9a1642e88428fbc9648ca1be20e	ncbi_dataset/data/GCF_002233095.1/genomic.gff	ba326f27890a267c0770177a28c326b338428ff1ecb06e6447e373416caaf95b	ALIASES_VALIDATED_NO_TRANSFORMED_GFF	canonical_objects/GCF_002233095.1	canonical_objects/GCF_002233095.1/GCF_002233095.1.pansn.fa.gz	1392434	11c24042b7af51d140ff6d354c1b84bb5294eed073890e9471f086b8e59923f9	44aa8d19008f676507b813591e078d0280ec5b1b6d496cef7f55c88e019ab657	5bc6d61f9c8d21206c22d21dc4c2955d4e16c9dd44c2d57efc0c8b15102f18f3	95d59876aca730a1b3d5ecdd911e18ffa018ed09868df1474a66b8d6cb132e6f	c35e1fa62d68d7f5fd8bab2613978138df148465238a6bebc9e0ee5acd5cc08f	e6d260cbff2ee2b830212aa36a2edad370ddc6bdeee5e6afe6701d230c0dba02	250	4862517	INSUFFICIENT_FOR_RANGE_RESUME	.	.	1	0	2026-07-25T01:55:01.672469Z	5a60dfad9dc3f17b81a071b26f9be0371b95b8a40770d08241f4f433c138a101
465	asm-v1-abbf0859a394555d334d4a5f	GCF_003361455.1	EXACT_VERSION_RESOLVED	VALIDATED	source_objects/GCF_003361455.1	2187930	060d55bbad897006477a23e0409030bc81d2671d972c79431337be8d7ee66810	ncbi_dataset/data/GCF_003361455.1/GCF_003361455.1_ASM336145v1_genomic.fna	5595828	8d833af0e933812fe879ca1ebf8b999078f33c2ba9f3debfb44babf322781fb7	ncbi_dataset/data/GCF_003361455.1/genomic.gff	2180c26ca69d6eaadb793b2effdd1e91e87120e0730672142e50b61b5dca53b0	ALIASES_VALIDATED_NO_TRANSFORMED_GFF	canonical_objects/GCF_003361455.1	canonical_objects/GCF_003361455.1/GCF_003361455.1.pansn.fa.gz	1574850	1b3eced6bc0df44920303ad418d1b1f72e344c769a14235ffee93342d90f5752	1adb5d7860c92252568d91954d4ab7a8cdc3de11d95ab648ddb06cf012105ed9	8ddc070875370f737e54395fc15368bc777a403426197713d237ee54dc1608ad	103624fd59aac9dcca816680a1aa96fa1a6dff04815f3444dbdb82b9a4aae92c	b82bb543695abe9266ce6fbd814a8871ec90df6a9336ec79b72b6ca964f56d70	f6b03d7125ab91e66344b0a2fc8957735b6426aa2d889a86849e2159d9b6771f	245	5502043	INSUFFICIENT_FOR_RANGE_RESUME	.	.	1	0	2026-07-25T01:55:05.571551Z	73b23381803414e79c8f28737ee810977b02132a3c138933fd7f86c5f7bb5eb4
466	asm-v1-a170831ce681196503053c52	GCF_004170625.1	EXACT_VERSION_RESOLVED	VALIDATED	source_objects/GCF_004170625.1	1825669	a4a3510fe8518e86bebaa40a2fae1335f259f7794564c7fea93ef72c46871fe2	ncbi_dataset/data/GCF_004170625.1/GCF_004170625.1_ASM417062v1_genomic.fna	4687171	ecbea1c2f6db7691a8005e1b9c1cc5d953e90bb144ab619fc41aa831164d15b4	ncbi_dataset/data/GCF_004170625.1/genomic.gff	fd36290afebdcbfeb9195fe05c4fec688fe5eb3e88b56c62280f2c0de0e61eb2	ALIASES_VALIDATED_NO_TRANSFORMED_GFF	canonical_objects/GCF_004170625.1	canonical_objects/GCF_004170625.1/GCF_004170625.1.pansn.fa.gz	1313471	654df339c59936ec918481a42ad88940d9b433dd930ebf993e9986e0351efe41	ffef2356b5df02e013a8d07d2da35308e25b7a58606d3a88d3b42f41383a5e68	3cee9ff38120d1e10a48135c481af79a1c710ca605f70918fca72657b1caee45	2673a0506edd1ea23e3199e5135fdd4b2b80506f0f3cd91be4ff9fe48410e89e	2976aa008b54a0834b24da5ed6fc33996f025f11a4b4b365061a2f5c5ac92c56	1cad67f1bb97ee52eca0d67e98e47de97e61c874ec83f547a30f6111188679ce	139	4616306	INSUFFICIENT_FOR_RANGE_RESUME	.	.	1	0	2026-07-25T01:55:08.055846Z	e30223710075ba2fc536b16060f7a6ee2419ed1b1e4c2638a51bdc7d03d4ffde
467	asm-v1-52300cb6428e0b2ccf998c25	GCF_018069725.1	EXACT_VERSION_RESOLVED	VALIDATED	source_objects/GCF_018069725.1	1840608	845761375343f49274e85f4a8c54ced2d507333c63c20738aa3e9d1f8c2a74a4	ncbi_dataset/data/GCF_018069725.1/GCF_018069725.1_ASM1806972v1_genomic.fna	5297021	9623f6918b544a707f8da4733c38f2e4fd876e4341f721c2c070e685cda45642	ncbi_dataset/data/GCF_018069725.1/genomic.gff	e9dd4c6c91a5ad47a1ee692a838fb809337204fa8021a22b04a1126192ba030f	ALIASES_VALIDATED_NO_TRANSFORMED_GFF	canonical_objects/GCF_018069725.1	canonical_objects/GCF_018069725.1/GCF_018069725.1.pansn.fa.gz	1337005	b40df93dc45588bece0be7584bb67d75e48a8e7aa0a02b2d22e12192990169f0	fd077fcc1a13f7e6551407fafc0bbf0d2086a7fc886656612c0409c4a6fd6360	394d395c2a7856ad86a84de82f914a2e447db523b49c9b4c532aa15f3e65a063	280450868de34589d6b896debed06b130b68df12c438b11e16a635f767c35924	077bb950542314ad3d51ba492e8eb344569450c085da321a8935d764256d4b5e	82995941f1cf9e23c357aafe0eaa516041973636ad66aea1bcc35c056cc0648f	1	5231571	INSUFFICIENT_FOR_RANGE_RESUME	.	.	1	0	2026-07-25T01:55:10.131079Z	8af488d29aaf7da4627aba02c20197873da436cb352f348da6e4387584524986
468	asm-v1-222ae3cf6cab61dbc2fe0224	GCF_001412975.1	EXACT_VERSION_RESOLVED	VALIDATED	source_objects/GCF_001412975.1	1869573	d9be0027775a949ba85e9a5511619ab89f02e5a5bbd6be76d8195094cab35586	ncbi_dataset/data/GCF_001412975.1/GCF_001412975.1_ASM141297v1_genomic.fna	4812960	fc015391cc326594e9862357723f9ba4148fb3742eb89a47c3d55864d9200335	ncbi_dataset/data/GCF_001412975.1/genomic.gff	9b6211888660dc2f0baf006a1c47538d8ec692f5e5c8185749f3ec4dcabaa363	ALIASES_VALIDATED_NO_TRANSFORMED_GFF	canonical_objects/GCF_001412975.1	canonical_objects/GCF_001412975.1/GCF_001412975.1.pansn.fa.gz	1349221	c76b7aeceffae9b8b321272030efde1326f8ba9d9218b40ac561cde3ed98c325	a8d20b648d6a0e6aa8285e1e8856d277ba226948a5c78d184b967b8f22172482	a0e367bc7d560e46125336364c1d7f041b99446a5b97d78954b6b533533c32f3	6cef92de91145becb690771031cbd1ffced24d879afbb259fd3d4c7df62ba3c4	241e6642189e168998d0e8156f2640de3ce4f9bd398437c6073c688e3d70a123	2a84b09aba12a02e8e3045d7260823b2a5907f41f6f4f1db0822d71a94aec3f3	124	4741442	INSUFFICIENT_FOR_RANGE_RESUME	.	.	1	0	2026-07-25T01:55:12.578756Z	45697fc2376a5120a478f6b2979005b1880435cfc05f9a950db6a55c5053e89d
469	asm-v1-a3bdbf90109577f7e77fbb5e	GCF_002319515.1	EXACT_VERSION_RESOLVED	VALIDATED	source_objects/GCF_002319515.1	2044506	3d57285ab1d5503b866ee1cc75dc5041e80262a28e96148da376014a3f273b14	ncbi_dataset/data/GCF_002319515.1/GCF_002319515.1_ASM231951v1_genomic.fna	5202166	7df157dcbd5305cd99c0f46be47e7be98dea89ce67d903074a8f137b1160906e	ncbi_dataset/data/GCF_002319515.1/genomic.gff	32ed92c0f2573f3b30a9e19504c2fe82e4d7697c1ce9ffa56d8b5af0883be852	ALIASES_VALIDATED_NO_TRANSFORMED_GFF	canonical_objects/GCF_002319515.1	canonical_objects/GCF_002319515.1/GCF_002319515.1.pansn.fa.gz	1455620	5e9bd4e1eef4cba59143ddf976e784d6a06d80814d636894b476a47ce1f0dda2	0dc7a0fe1bd9fba0e9161f130ee15b8d816f7050b85de85988cf37679341f637	6097a94c476cf6906526494afc513912830974014b5e623221e45839c057f2dc	14de5e21baebf8e5dc619c7615acba6e741a1101a9ba551f62d187c451ef283f	f752b28ddaf83ee219859b594d9898595465f667530a5b2bc91d83e20663df99	5e641d1dd979d65c4fd30c27504a98683b15290cc17877a325d1ef1c66f3960d	143	5120590	INSUFFICIENT_FOR_RANGE_RESUME	.	.	1	0	2026-07-25T01:55:14.964667Z	9f2764a3ec96b5ec898540c0d32eda244ba204cfc2f23ec25ddd84be4cc2e75d
470	asm-v1-4974185f1ac0a03dff7005fe	GCF_021109055.1	EXACT_VERSION_RESOLVED	VALIDATED	source_objects/GCF_021109055.1	2053479	36b242b3b860767ce3bc2c8993b3542b424301783944e70d6d890f07fa946e73	ncbi_dataset/data/GCF_021109055.1/GCF_021109055.1_ASM2110905v1_genomic.fna	5276081	abef2d32c1d7c7d5e99b1cc160543a759f5be3d92eba897e8efceba2db044879	ncbi_dataset/data/GCF_021109055.1/genomic.gff	20240f754bd25a87357f272dd6e782e321726e6469dc2fa0ca0877231e9fd1fb	ALIASES_VALIDATED_NO_TRANSFORMED_GFF	canonical_objects/GCF_021109055.1	canonical_objects/GCF_021109055.1/GCF_021109055.1.pansn.fa.gz	1490196	e0cb3287ccced72b0ff54f8cb3a1ccdd43f1a363490fd237a7be7798bb1aec4e	44bd4c852598efc00a5ad46242094b0bbe3f27786d5985c31411e346c3386b69	eb7355b9ca1a2a237548ab1620a3b1c86142f0ac988d6225e7f02324720b01b9	d8621d4738609363c6c65387e4ebafa90a160341f9dc7694707c42d832954227	c0eeb1679f22724e2017a48f60b0cdaded953bfb732ddf1e5f0b3872b26c6dbd	be3dbbab10840cdf9544bcdffc85a5aac3459325cbfb7abedab48651778bbffb	190	5187696	INSUFFICIENT_FOR_RANGE_RESUME	.	.	1	0	2026-07-25T01:55:17.591457Z	30ff51bae5e117db57830982826bac3a01cd94804983b6d3370f7d1ca0ab056a
471	asm-v1-8cf1b3bb317a8f9a0dc66d90	GCF_001749065.1	EXACT_VERSION_RESOLVED	VALIDATED	source_objects/GCF_001749065.1	2048324	9377c63c837e1d913fc389ff9052b8146ceaad80daeec2e5709943d67f91f33a	ncbi_dataset/data/GCF_001749065.1/GCF_001749065.1_ASM174906v1_genomic.fna	5213742	5a8ec49dfd92bd9fe655a0dffee143b851c0de7194d99912d958bbc80a08b1d7	ncbi_dataset/data/GCF_001749065.1/genomic.gff	07c1b0bb17dc76f92ae994d74e648e32d8b4238a60156f47d472d889a5fe5150	ALIASES_VALIDATED_NO_TRANSFORMED_GFF	canonical_objects/GCF_001749065.1	canonical_objects/GCF_001749065.1/GCF_001749065.1.pansn.fa.gz	1462562	8c8d651c0d651014ee09389e596fd748190bdc33299b02bf3d02b7c9b5dbd0ed	7727323c508491fbd313bf77a3d65e07cf74118965b8b898114573611751be9a	c2f5c88ba3e710564f8286901cddd85374ff8bb5f27e240686e6bf07c3a93505	d80512bba58265b50669ca71ab8f1465b08f7f36fbc69cc129827b164bef56d2	4a35c13db89c804d0916603962104f7da4a9db896df9b169949976a262992326	b46f5b2f915cb9260f1a920830b2040408b3807e6c38148c983ad10536e0cae7	178	5133112	INSUFFICIENT_FOR_RANGE_RESUME	.	.	1	0	2026-07-25T01:55:20.398400Z	29633bc7d71380d87319d6cc081b831914ab930131085e1f46f7313a1fd3b3aa
472	asm-v1-fed353279c6c0cb11580438a	GCF_003981665.1	EXACT_VERSION_RESOLVED	VALIDATED	source_objects/GCF_003981665.1	2102817	df2b9353f4cb44da9f0581e446dd017381764e4d5ce1b4afc99e58fddf8b53f8	ncbi_dataset/data/GCF_003981665.1/GCF_003981665.1_ASM398166v1_genomic.fna	5378543	a854fb6d1728a392b0ad9357ed634997d9cb0be33ec18bdc48c4bf60aed002ba	ncbi_dataset/data/GCF_003981665.1/genomic.gff	fdfd887ee77fe5403acd13abfd7530e97e891df901a08ae02541f58e3117c4e7	ALIASES_VALIDATED_NO_TRANSFORMED_GFF	canonical_objects/GCF_003981665.1	canonical_objects/GCF_003981665.1/GCF_003981665.1.pansn.fa.gz	1517887	37055db5dea6759d21355afcc38641f8ee4ba39e6c94984a8db4215bfc7d37e1	81253fa8d99eef68accfec1265216705ed6ee78a8b7b8e029b836f8e773d76b6	8c075bb7862fe907910e58b55c8fa9c485f1e0bbbb4612f5d7bf7fa3d9b9ae07	4721dbe08eeb2bbc39cdfc1b178194546f9a076896e48bc4df994848913bc4e5	c30e29f67a4a5de50930c37ecbccc522dd7372dd2bad0fd630b08ede11c5926e	a5d4f34084994986ff3675b369d4ceb198c3a4411d7dfb15f966e5a721dd5616	216	5292516	INSUFFICIENT_FOR_RANGE_RESUME	.	.	1	0	2026-07-25T01:55:23.112318Z	3a11156523ad97a31cb7e2515041ddcadf916f289b8d7ec6f19f89a915245602
473	asm-v1-8a6fcded4ba80487b7fcf3f5	GCF_005391865.1	EXACT_VERSION_RESOLVED	VALIDATED	source_objects/GCF_005391865.1	2042423	40dd4234e16e4ea0fa707656b8abf390b071144c7af95219f39325f4bce2d916	ncbi_dataset/data/GCF_005391865.1/GCF_005391865.1_ASM539186v1_genomic.fna	5212754	3886831a955130597dfac8edbdaf645053cbf5e5f8d363eba9946837e8d84ff5	ncbi_dataset/data/GCF_005391865.1/genomic.gff	d8e04ad0e745029a11fe7eba6b8312f588d3091ae15e16687cbddb2db970261e	ALIASES_VALIDATED_NO_TRANSFORMED_GFF	canonical_objects/GCF_005391865.1	canonical_objects/GCF_005391865.1/GCF_005391865.1.pansn.fa.gz	1468499	565cfaad9d46e2c8afcd5375d071553ec333e883c457c90cbc47a8575873b934	3dc3bc941d3dc351e0203aa2742091854b7d8bfc6d51539f839c6d4c07efe907	1a9aa2ff0d0363ee8969c92175a7a7aa929cd4bee8db9b2334f5c8fb5d9ebbe7	b6f9da48d23b2d275b695488cb77a73cb6343daf7b653e8527e2d222c9bbdc50	55d1a7e6f9f9956a0b54d975819e391e38db3b8e084b54111777add6cd8d6a42	1e9d4d091c88690eb9699f0b62f23e62ef5f2b970beb64a7edd0745bf8ee7fbe	117	5137368	INSUFFICIENT_FOR_RANGE_RESUME	.	.	1	0	2026-07-25T01:55:25.444979Z	ba16bac468fdde0d11e78c0c0c9dd31448066c771cad7836cebeb0d636bfecb6
474	asm-v1-aac885873ed0420a1870089d	GCF_005396145.1	EXACT_VERSION_RESOLVED	VALIDATED	source_objects/GCF_005396145.1	1889927	269d0dc51836a538901fb2b69188209676a1a88d252730e74838ec2d19ca78b8	ncbi_dataset/data/GCF_005396145.1/GCF_005396145.1_ASM539614v1_genomic.fna	4817549	b80cd15e938a71336e02d19a7e6424fff31975b184821a2753661152d47c1eca	ncbi_dataset/data/GCF_005396145.1/genomic.gff	a8635c69d6a240de17786adce49357855a0ef757c96d25c5e3a195d554b9b771	ALIASES_VALIDATED_NO_TRANSFORMED_GFF	canonical_objects/GCF_005396145.1	canonical_objects/GCF_005396145.1/GCF_005396145.1.pansn.fa.gz	1353894	a8659cbc410a8a7a42f2a72d943855215ec16bfd8d9a23ee666f4093a8f3e6d5	975cc7d60da364d7ec23408830fcf07e61eba4e61eb118bd37a9faa8e4d0b13b	a8e522b4d492116fc5d6cf33cb3ef8459d83a9012e8d53311f96a3c030ffb5cb	6d7dd11e05f19b8e835cbb77f120cb65dc56cf864913eab08bc902510a3e2240	9080ad1d1a16fa2f5d812e6aed471acd7f0a8f5a7527671d20e07ae3f0930be5	618855126ddf99fc322adeec8f7a1e68cca95d3dbd8130be4d8853b7dd3c7db3	79	4750704	INSUFFICIENT_FOR_RANGE_RESUME	.	.	1	0	2026-07-25T01:55:27.634364Z	107d2fea1454e7b3ad48b4c133984ac23a4fd7965aa53e0f189c07ba25d5a5b4
475	asm-v1-4f8fb07f418349a9285f2676	GCF_003388915.1	EXACT_VERSION_RESOLVED	VALIDATED	source_objects/GCF_003388915.1	2023831	6b1cc978036450cfd4376021555c3f0007cb77f6c7a06a3c82af8a2b08daf60d	ncbi_dataset/data/GCF_003388915.1/GCF_003388915.1_ASM338891v1_genomic.fna	5134550	47531d068c4591fe0030f6cb9bfed0cec1e86a4cca8a225a88d11fd5b8f83ab7	ncbi_dataset/data/GCF_003388915.1/genomic.gff	fdf45c038c823365d2510379049b325268a61f7b3c37203f30fab2fbfa9ba1f5	ALIASES_VALIDATED_NO_TRANSFORMED_GFF	canonical_objects/GCF_003388915.1	canonical_objects/GCF_003388915.1/GCF_003388915.1.pansn.fa.gz	1455630	90906651e266efd82b9389785659457f1c034f32a0c811f7515c4142de6b2013	08e7e2a5de228ff6382faf94a3f873e6fd36b763d98c0b4e83c8777a077a2960	9b6e03477abc7e6a3a82189c0cc1b3de123663a6d2599b2c06822b34d54525b5	519925d386ec7475eeda495985b3740fcec336138360eea75ae6a3654025587f	979e6733878aa5932f22072639c4b9489f7f9b594eb7ed01af9b84b1b2bd8253	fa88350a4db340f1cb6e8295c75923c25c79ed91dc476dbe8d6a672f33ff0171	227	5045426	INSUFFICIENT_FOR_RANGE_RESUME	.	.	1	0	2026-07-25T01:55:30.414819Z	a25d675b3511077c2ce893f338085ff472087e6b8fd909a8ad6b75a07237f5fc
476	asm-v1-a7108c348b27fa122d76a443	GCF_014494025.1	EXACT_VERSION_RESOLVED	VALIDATED	source_objects/GCF_014494025.1	2120651	32e859ec1e8fe1826fffd3d1ce8ef71f534657e5d4951e530a477c5215f63d7f	ncbi_dataset/data/GCF_014494025.1/GCF_014494025.1_ASM1449402v1_genomic.fna	5447455	1a4d2de4677a4d58e0d9f1a15f3a8f1e5be90cc36c43f90efdc6e90d3af64d7a	ncbi_dataset/data/GCF_014494025.1/genomic.gff	b37cc12518e309bda54aade4900d08842a5219b694cc0b3fa8082c30f7a9a57d	ALIASES_VALIDATED_NO_TRANSFORMED_GFF	canonical_objects/GCF_014494025.1	canonical_objects/GCF_014494025.1/GCF_014494025.1.pansn.fa.gz	1534319	65c4473bcb4b5d4d6de18c9bcbf3d900717d66476ccb8f06f3a70a4af708f91f	c6082fec6f79907f4f6c3e0ea2a97bb9ee31536e170c6a72dac447bcd472fce2	f748d37ff12a2fe422e263e607d40eca3b3e2c2b091e1df39a7e56e3bebcc34d	00ebd0cd3c682441ea90f6bdee8c83aea9977e8ff85824e95f7911dd3ed7c95b	a8a679bd4a0871a80e92154dfd0990088d8f62ef5f60eb4cdbab6b48b789e29f	1b997dd28ea940cf7650ac4362c852fcffba0701a764e33bfc6313fab0082957	169	5365541	INSUFFICIENT_FOR_RANGE_RESUME	.	.	1	0	2026-07-25T01:55:32.885443Z	710b5ebca10a1d5c2d0f1d978406fdc7fc990f1da92ba1c406c6e2216566e646
477	asm-v1-aec709c110ce9461a8271938	GCF_002226735.1	EXACT_VERSION_RESOLVED	VALIDATED	source_objects/GCF_002226735.1	2047740	7168eb9a2a3ea1aa7bc36cb4944cfaee1e230c0cc27473028835818532d21f67	ncbi_dataset/data/GCF_002226735.1/GCF_002226735.1_ASM222673v1_genomic.fna	5264115	b4a007c22bf810a3c29ce37d7a7bbb5e8c2a3b521facc8ef3225231bfbcb9e43	ncbi_dataset/data/GCF_002226735.1/genomic.gff	e6292f71151b204132749ab62c4fa86bda1282a973a16245802f4ede70c10210	ALIASES_VALIDATED_NO_TRANSFORMED_GFF	canonical_objects/GCF_002226735.1	canonical_objects/GCF_002226735.1/GCF_002226735.1.pansn.fa.gz	1475702	a9412d137582bdfbfa7f45de2b12dd50ba3226376fe10a5a62ee2feeeb2341da	81c95c7d55f331c282fe21f72cdb0cee801649b8f955c696a302feada1cdd0fc	30cbc9da54390305ac6c0397d47ca48113cda33b43de1334d78d4fb9065b5e09	263c0773c4e536bd60965ca743264d0017b38ae9d1a956cb271281177cde1c86	a8e406cec7fc0027f987bdab6f42f6e460ae9310b86322096eb29259589fe889	d2978f7ae3bd9c09b36a16cf431b06f39d8bd34b812adfe86597b4421ce5adde	97	5187085	INSUFFICIENT_FOR_RANGE_RESUME	.	.	1	0	2026-07-25T01:55:35.274520Z	551fd608cab8e5bf0685a0a5cec71234d561af0ba69a24ef58aa64631cd7a4bb
478	asm-v1-84987a1dcd4d37eb77b5e649	GCF_016126995.1	EXACT_VERSION_RESOLVED	VALIDATED	source_objects/GCF_016126995.1	2106884	4a148041d23a1fdcb862975cc6734915260380d7b289b16f094774b8c9ad6b1d	ncbi_dataset/data/GCF_016126995.1/GCF_016126995.1_ASM1612699v1_genomic.fna	5468811	2a62c1a766cbcc0b7d5a05a6c877593d2da82e4c0203b5a7230740e9d15f8ed4	ncbi_dataset/data/GCF_016126995.1/genomic.gff	e56a86864195b0e6226f5819b4837c5a8c6fd04cf8577f2ac880d9a43897486a	QUARANTINED_SOURCE_GFF_NO_ALIAS_VIEW	canonical_objects/GCF_016126995.1	canonical_objects/GCF_016126995.1/GCF_016126995.1.pansn.fa.gz	1528797	6fb1b15f40b38e6c55df242cf92a9a25e958575753317e2a7237239ac32616e4	19e5868f18b968600393b891bd3b924fdcdb8fb8c98dbac2eda767c0159c891a	05511a3aa20416f817678dabfbda7de8963c0301607d61f63cd0a975f5b0cd05	a25462eff80b3f7dab8fd4c1f58a6a97f3db2b9340453a4dc64223a0b48ab4b2	9d510d01b91b0e1f8e9484a00d01fc0d9825e8581368806e612b7ef8d7ad376c	cd40aa389a30100c781d654e00f2807198c3c498d97099f6457427282fc8f296	4	5400968	INSUFFICIENT_FOR_RANGE_RESUME	.	.	1	0	2026-07-25T01:55:37.984298Z	ee0adf8f5eef7233ef1c8ba9df6bd2ee11fb3b4c7e730708e22f27b59bded33c
479	asm-v1-d13ecfa0ba00446c2da253e4	GCF_009822095.1	EXACT_VERSION_RESOLVED	VALIDATED	source_objects/GCF_009822095.1	2248813	f0a298175b238cc7554c7355d23442dbb20e585c480b9ef450146e44b56e577f	ncbi_dataset/data/GCF_009822095.1/GCF_009822095.1_ASM982209v1_genomic.fna	5647062	b717ee16e8cc59df856c71736eb291b65f154d6385b19326b6ddde4e921d22af	ncbi_dataset/data/GCF_009822095.1/genomic.gff	5c9134d4b47ea8bf7d35c3c9e07c28bdce0cbc9e6b13a46148aaa10fc6ce5261	ALIASES_VALIDATED_NO_TRANSFORMED_GFF	canonical_objects/GCF_009822095.1	canonical_objects/GCF_009822095.1/GCF_009822095.1.pansn.fa.gz	1604393	e401b28d0359872b23266af203202e25eb2f2f844e9de1869ab2e6f11976f976	922f7a35e00ec55fb3d8eaa81ee7a30d1fde66788f3f6cebd3f0102a7f0ea341	3f902c06a95a77a5d082713d51017d6c3bb9c46c5401ca6d1987b94630af6109	c98cae82b2eef00a92368ee104f88ac5842eca38b596ce6450cde7618c3a8325	efcef0dc6dfc1ab9c89c089a2fb09f64858e7f07c3765479653225f4e4b73903	0e6bc958da9818d08593ba759f3b5ea7ccfe326a346f14e6e1977901d023b0ed	567	5513077	INSUFFICIENT_FOR_RANGE_RESUME	.	.	1	0	2026-07-25T01:55:42.846878Z	6ed08260bfe2bcffb15eb087b23a8e5602a4a0b0bf949a23207c072c8fb73426
480	asm-v1-8765d8bea6f7c49a5a30dd92	GCF_004767245.1	EXACT_VERSION_RESOLVED	VALIDATED	source_objects/GCF_004767245.1	1942555	0d8aa1eca8daca8116617a450d0ac7dbd520a97d468f3b2d0a84a9d2747c33ee	ncbi_dataset/data/GCF_004767245.1/GCF_004767245.1_ASM476724v1_genomic.fna	4950963	ad6490509a180f8d0f7d1ff2802d181f31321d4989fc21e49a5900fa1e30ab19	ncbi_dataset/data/GCF_004767245.1/genomic.gff	655dcd5ff5a096a52d49b7b1b87049cf6b30c7aff0c3a43255cd566d7e262170	ALIASES_VALIDATED_NO_TRANSFORMED_GFF	canonical_objects/GCF_004767245.1	canonical_objects/GCF_004767245.1/GCF_004767245.1.pansn.fa.gz	1391569	1fd622e42e3af27fc89ba87b37860ac4adf078dd1352497669dc5ed6d108e24d	731baee4e8feb3306723d33815f714f15a0cfe770d9d45db453e46b595e89108	37f2d2cbbe38bb8156c650dce4c625bc3b4912fb2cb67497d42b74078b4eec5b	130473469902c30b32e6bf6cc12d016b6477a51761cd71b8046eceae7aad2c77	3c0a64c34c50fd329803772420fbfaf07fe97a22745325b7582ddb533ba0f0ee	37f436e0f69debec7a4f78779d4bc6901e402c1527dbf58cb0fefb7c189f04e2	94	4879287	INSUFFICIENT_FOR_RANGE_RESUME	.	.	1	0	2026-07-25T01:55:45.315612Z	2e6a67e836acd511ccd13e766ddd5824468f9550cd720caa94f7a87216c7e701
481	asm-v1-59af0276d1d55e2cd01420f5	GCF_002511275.1	EXACT_VERSION_RESOLVED	VALIDATED	source_objects/GCF_002511275.1	2092713	6d372a41c279d3c73d28665b9d549496281557901f47e284b8fd6596de989390	ncbi_dataset/data/GCF_002511275.1/GCF_002511275.1_ASM251127v1_genomic.fna	5289727	167bfd95a49e1772176bff8c99e5c600d0b02a56fdda5bf0d614aa417a61f32c	ncbi_dataset/data/GCF_002511275.1/genomic.gff	b51b8b5be7e063f0b161d29ad93ddd116c16e31f13cdd8efdd4b40d59066fb0d	ALIASES_VALIDATED_NO_TRANSFORMED_GFF	canonical_objects/GCF_002511275.1	canonical_objects/GCF_002511275.1/GCF_002511275.1.pansn.fa.gz	1491647	eb556739dfc6b42d00eb66c6dc01dcb8edef6a3b83828113ce0c79bb558df32a	9097bc2788f34ea1a93ad7d4ac5ee76f93b607b0a22cee5e059bad6d0dad2cbf	ea93f274dab5e8fa85eb77df4812ba357cea9575551e3bab741f37d401f86870	d30dc598e0adf1c1ae956ed5f885b09cf1c09383523bfa09217358f1ecc00dd2	4b617f757b9b7ea0d6c65d9a937c4211dd91f3f987693d4953c9fd8ef5b11431	13d5b87950d1e718a96a1ac47e08269ffbce005f020879fa1f61c1f084d380d9	340	5182133	INSUFFICIENT_FOR_RANGE_RESUME	.	.	1	0	2026-07-25T01:55:49.078714Z	9761bd59ed2e0cdaab7618e350349ce7613ec87ae628e048b60f76fff86d6afb
482	asm-v1-62559bf4f135a73e19e2c950	GCF_021353995.1	EXACT_VERSION_RESOLVED	VALIDATED	source_objects/GCF_021353995.1	1981109	624deb462cc9ee1d39121482aeebc593f1475e6f9ccdd9523fdcc0f8c334661f	ncbi_dataset/data/GCF_021353995.1/GCF_021353995.1_ASM2135399v1_genomic.fna	4989768	59158674a866451862099e981292be648e47520df7df1a7d7e8b0ad58534966f	ncbi_dataset/data/GCF_021353995.1/genomic.gff	58b7b5de84d364a83076c736c97667396c98665c41be176373fa152da2c88c85	ALIASES_VALIDATED_NO_TRANSFORMED_GFF	canonical_objects/GCF_021353995.1	canonical_objects/GCF_021353995.1/GCF_021353995.1.pansn.fa.gz	1407889	2a482420cce6ce9eda1d941ab214523404ccceffcdf58983f06d1c3f6d73d023	4084c2880ad85e26f6e029c2e533ca98fb2dc6a66c5e77c6e1c242af06bc514a	41c56f55d89e439a1fb7a3e0cb4d3678d0054f00fe38fc5ec39e974bdc10ee86	a26c77b58048faa11ab6992d4e3d9636ade753a55e0cfeb6bf47fcce86629283	6d72ba4a96676bd47c6f7391b41c4f915cd9f91b1f5bbda4e3c246b0a6caa23e	6da82a42a212e406ce0789ea99b804e61919364dddd197083dc84984954c8f33	254	4897748	INSUFFICIENT_FOR_RANGE_RESUME	.	.	1	0	2026-07-25T01:55:52.554610Z	04ec63146c42a64e23b89a48ca086625dfc5fba419d4a36feaa788806674e1b3
483	asm-v1-204df3a397f087d40c332e08	GCF_000091005.1	EXACT_VERSION_RESOLVED	VALIDATED	source_objects/GCF_000091005.1	2302729	57a0a4ffb666f596e886139666d2b719e8b62583c85aaf005c046c56579e6901	ncbi_dataset/data/GCF_000091005.1/GCF_000091005.1_ASM9100v1_genomic.fna	5929128	3dca469a0ca8651b11a561f5cd38515078ebc5ccb19c11aeaa156f23ca014922	ncbi_dataset/data/GCF_000091005.1/genomic.gff	8ac37fa0e7307ed2234440be6f1c88c154db1c70f7fcd929c56d3dfb10f9c6cb	ALIASES_VALIDATED_NO_TRANSFORMED_GFF	canonical_objects/GCF_000091005.1	canonical_objects/GCF_000091005.1/GCF_000091005.1.pansn.fa.gz	1659725	977136bc4a7988968b0ce4ebe5c690b913250e34ead315aef60d987349178eb6	c3a75155579f56b1042de8e6e0a042cf3178062f380b1d61594b063bdb0c815b	6b0988cb645c9893e875f287208cbb51418bce96813f213b4d20b7593fa367dd	d7480aa52f5b78b517eb90c6245bde58c81ef597243f82b622dd9d3635822256	e975fa1cd3e6cd6ba31cafdb133c4a28a418a73151f0be4cc2a6d9826f053a24	2e1ae653316fbb89d76f8285af1292d321dffc46840fd2fece61cec5b19e2114	5	5855531	INSUFFICIENT_FOR_RANGE_RESUME	.	.	1	0	2026-07-25T01:55:54.837753Z	070a598361ca06f1c8787923bb8f62b4db6256c023f4cafd53eaf9d5c4903f1a
484	asm-v1-96b867030703332160e0506d	GCF_003981255.1	EXACT_VERSION_RESOLVED	VALIDATED	source_objects/GCF_003981255.1	2051040	69ce3545dfef973f38636ce0a62edd708681d8cf259332b1d099b66cdeb298b6	ncbi_dataset/data/GCF_003981255.1/GCF_003981255.1_ASM398125v1_genomic.fna	5261753	e566b9a39347427c02922efcd2cde026795775294119b280318aabd40c9389f6	ncbi_dataset/data/GCF_003981255.1/genomic.gff	b45e616620c25ee6fc3943a528c5714da94bf04b29eac4d19da316a9abf171a2	ALIASES_VALIDATED_NO_TRANSFORMED_GFF	canonical_objects/GCF_003981255.1	canonical_objects/GCF_003981255.1/GCF_003981255.1.pansn.fa.gz	1482848	500546c01d4a47709b530476a0571262660e7bad11a72cfc24def3dc7e27f87f	963839fa94b78872ba23e88ab5b91156100912968889b7966991c6db876e2950	e2e82c184c290aa858794011ae7de0625eab60d18f24e3c8e057211871b76c49	5c9419e742e31f3b7578f3cf7ce8ffb97082c91e34bc6d8f455546446f3627b6	cc25e45b7f87deac40b1710a3b110d601b9a46f7877d41e5d94e09ad9343eb3c	8a67d439db2a79484625185d59047906714f3b4f906d812d57490388d5eaf951	179	5180545	INSUFFICIENT_FOR_RANGE_RESUME	.	.	1	0	2026-07-25T01:55:57.340474Z	dad9b636d4b16fa20407e2cb296b7eec7e9e0fe58f05074e45d5ebbd6d1cad7d
485	asm-v1-1bc4be8a585bf34e2faa0568	GCF_003304855.1	EXACT_VERSION_RESOLVED	VALIDATED	source_objects/GCF_003304855.1	1951995	8489d4a52315882c0333a2ab5acf2ce0579ef46ad683c1c1086d65f20cd2a4f1	ncbi_dataset/data/GCF_003304855.1/GCF_003304855.1_ASM330485v1_genomic.fna	4999602	d1f49cd114505c8a46953e20671cdf48d2e0df61b3b43387c0ab5b60f667805c	ncbi_dataset/data/GCF_003304855.1/genomic.gff	052258d5d4e66004955c320ca197384e651aa6190114fe4840080e5cec138a6a	ALIASES_VALIDATED_NO_TRANSFORMED_GFF	canonical_objects/GCF_003304855.1	canonical_objects/GCF_003304855.1/GCF_003304855.1.pansn.fa.gz	1405559	2baa9abf64349bfdcebd4c64f354a6ae8b582086f00bc315ad238bf86ecd03ee	254590e6c8f89921c419b3adc9e35bd702271f0b48da7435153339af89e64755	d64e3664d8719a457f1e27f2650281dd1592b4532e9311f9d08b3ca546e2c01d	949b9952339cc50128ee171d3eac20e473c7b9329641635039d7e8182ed64a24	7cd76b76cd3bfaa7f53025796233f9ef24e576690fe8b31a49cbd0eec303ab16	107d31308411bccd2d873f8db317f4c02fa0230217f36bdb35ad5af38f9654ea	157	4920699	INSUFFICIENT_FOR_RANGE_RESUME	.	.	1	0	2026-07-25T01:55:59.843023Z	8efe7bb93276c89d1e686eace3954773a07325ec10e455c87111cd3dba21cc64
486	asm-v1-9b0467daf858ce5b14231940	GCF_000457285.1	EXACT_VERSION_RESOLVED	VALIDATED	source_objects/GCF_000457285.1	2019852	89aaade58b418ba8cd1f9b015297a9ee3322db6956c175d97c270c72e9c07e67	ncbi_dataset/data/GCF_000457285.1/GCF_000457285.1_Esch_coli_HVH_90_4-3191362_V1_genomic.fna	5244246	09c196fc89f19921966799fba7806d6011167165ed28c761873d6c1fe3d8521d	ncbi_dataset/data/GCF_000457285.1/genomic.gff	ce14f70320c434e71ba5f1c88625acf228c7b11dc4cebc8cce75de6b887670b0	ALIASES_VALIDATED_NO_TRANSFORMED_GFF	canonical_objects/GCF_000457285.1	canonical_objects/GCF_000457285.1/GCF_000457285.1.pansn.fa.gz	1461724	54bc0d42e1826243bf008191cda364c1390c34575aee5f43ae8556237e6937b2	90a2473c71e842df359adf865efdac98800099d1487bc22cc58d73d43133c9d9	7fb99a633b9b104cd5c8e0bbee8edd934d566915deec2866dcccc12d9790f6e9	3247a3458a65f7f17bcfa2786685aa0bec5cce822a0fe0a30a84d2eada3d8aaf	dd8f282bec8b84c559ac07faee110a7301fda60e8dacf6d05e97f6026eff86d5	493e917126fc11f8043590a076f2c638d75dbac892cfc14cb4e6c1f00ccca247	5	5179002	INSUFFICIENT_FOR_RANGE_RESUME	.	.	1	0	2026-07-25T01:56:02.177852Z	090f69475bb85b975d0cdfde990476d77ae39188cc00cb438d2f654769246527
487	asm-v1-88eb89a66cddebd728567ba5	GCF_004284265.1	EXACT_VERSION_RESOLVED	VALIDATED	source_objects/GCF_004284265.1	2031788	fa4bfc5463fd1945fa85ce7ee6684bdbf862c56bc174fa3341e47119459463c6	ncbi_dataset/data/GCF_004284265.1/GCF_004284265.1_ASM428426v1_genomic.fna	5150401	3ff35b397628784bca44aafc1a2d27af67d005f0979f2fb143c52fbcb55b55f8	ncbi_dataset/data/GCF_004284265.1/genomic.gff	48de1c6f7d943346dabb6f0e2a6c6146468c72018f0daf9e258ea99224943f22	ALIASES_VALIDATED_NO_TRANSFORMED_GFF	canonical_objects/GCF_004284265.1	canonical_objects/GCF_004284265.1/GCF_004284265.1.pansn.fa.gz	1445593	b154ee2871f4ddb65625857fa9735e9b83543d5bfc5d93b6a7dd106521f43d39	7c4da7731820321877cb09352d13558cb79521949f81e760f83529d8b9fee48f	13ff21e06489d16c3ff1de8bbd632bc0f8e1d9dfc673e69c37f85ded1aa34d19	85b03b14fd5855dbece753c8263ca7b2d86242850ecd7288445a2a5ae18cdcf9	b29a73c09b5a91457f7a19cab22b363fb905f74063eee7c1eae18561a3f4731f	d652f0d05339a948f18c017dbaecea1815f0e3434937ff282960d3057c9ce6c3	177	5066664	INSUFFICIENT_FOR_RANGE_RESUME	.	.	1	0	2026-07-25T01:56:04.572345Z	ce1946d72e1e01cf8f6f85d4ffdd0ff36b92ebfbdf073eca2c7793554b86f7fe
488	asm-v1-a1224d267cd99625772a94ac	GCF_900195505.1	EXACT_VERSION_RESOLVED	VALIDATED	source_objects/GCF_900195505.1	1924953	5709d2c49b2bc1bf274a8ea5586d000bc1e185fa566bf4ef37361c9eb35f795b	ncbi_dataset/data/GCF_900195505.1/GCF_900195505.1_F1_5A_genomic.fna	4884054	9561b7429cd54ccb86e39bdcf45184b49bd2d4181e96d3206fd945a6bbce607b	ncbi_dataset/data/GCF_900195505.1/genomic.gff	2aa747d0cf45d66b2e8e1d6814f1b4fbaefd32fc99e5817d10c2d28a646945c2	ALIASES_VALIDATED_NO_TRANSFORMED_GFF	canonical_objects/GCF_900195505.1	canonical_objects/GCF_900195505.1/GCF_900195505.1.pansn.fa.gz	1389422	c04ff09f23cf24ec443125828a85933005638ee5d54583f79af4a05c31c4fc4a	449621cb7149a1ad47e41825dd78abeeaaa5228982e71c87d2bd473160e9d93f	d8957be1c89fa5cf3fba809f1991ff11ebe240db1cc3b437f176b99fb99e9537	cf1d970d350fbb4f97853456f1b92ff528ce04dbb85d93131de7ee746ee9d177	4510376fa4a430dcff78eee5d8354f270834f55adf75550013dc6d452ca80e73	ecfbd5a11af1053f16a7e37b13d174de8f22e5bf83c9dee374951f499e860050	307	4799051	INSUFFICIENT_FOR_RANGE_RESUME	.	.	1	0	2026-07-25T01:56:07.617640Z	f30cd8c94a170828429e0bead70acf81c52a14979a1e19c6676c60c211a052a4
489	asm-v1-7898359d21256164f5e5ca5f	GCF_907175235.1	EXACT_VERSION_RESOLVED	VALIDATED	source_objects/GCF_907175235.1	2164324	c4ed71dd062637c29455f9ad02c620f9f22688e8672c275188d69b9bd1829058	ncbi_dataset/data/GCF_907175235.1/GCF_907175235.1_PAR24_10_genomic.fna	5474997	65947af5bd33c30986c0fcad627c2f4b3af71021b9261d10dd38610098abf9a4	ncbi_dataset/data/GCF_907175235.1/genomic.gff	d10445b7d3669d5b6d8d5c40eeeadd5a867b4dbd16960901c0d30e0256a550b2	ALIASES_VALIDATED_NO_TRANSFORMED_GFF	canonical_objects/GCF_907175235.1	canonical_objects/GCF_907175235.1/GCF_907175235.1.pansn.fa.gz	1523751	3d007aa03c4e4dfef5f4ba0ce162d98955a5aa87a0f12bb0ae27ab37a4ac0419	a309bd7805d6612dae5a0c4ac5a827345313d8e77ec9c379a9b540b4a410eeac	0262b0ee96877c5128aa0bf42ca73f1e67c8a0749c7f7b7c9acbcbcd248f77ca	5265fd7784bdb4ee71bbf59857da78eef511c4b4b75be18ebbccab0618da6f60	6a8c92c8f649aff7f70b6b1981a0f1f5d1f8f56ccf595380d859052090e7c36b	870cb0bcf45fec6901fd4a4b8d55180cc005486a14bcd8a97d34f6b8012362fc	961	5319635	INSUFFICIENT_FOR_RANGE_RESUME	.	.	1	0	2026-07-25T01:56:15.567846Z	ebe127d667b6b79e49b98a8b106a0225684608e5eaae74b373c88acf95c606db
490	asm-v1-7c14da53b0a83b96244aac57	GCF_000397705.1	EXACT_VERSION_RESOLVED	VALIDATED	source_objects/GCF_000397705.1	1967186	a6fae9ea89667545a16d4124326828e561a4c2e4e933b31e9464e690b2f71b32	ncbi_dataset/data/GCF_000397705.1/GCF_000397705.1_Ec72_E3F4_TOP2662-4_120714_genomic.fna	5051701	5f827a9c8d6e7b8992068fce8d2a946755381dc75bb5cd145a742b5cb1509bf9	ncbi_dataset/data/GCF_000397705.1/genomic.gff	9fa3a65b7a9e85a224b97dba013ac812d72df75c83254667ae9abf136061400c	ALIASES_VALIDATED_NO_TRANSFORMED_GFF	canonical_objects/GCF_000397705.1	canonical_objects/GCF_000397705.1/GCF_000397705.1.pansn.fa.gz	1430162	eaba8c848002b1d4fd3b018a31d4e00704febffcb6e260983605721199fa6a95	c4520b244dbb579c365c93eae4686ac82480c8a53b7e62b2eb9a471e7a018c73	a8addcf3998bf1c80a1974fb5964f296f54cc356d584a09b0efeb8708a1d9752	a6abd7cbe8ad978dbe609552fe83573b1918ccddd2b6964b97ea411bde33b6b3	23231b01f3510fc3707ca77f4af4c1e31eb9b89d2f8e8de44dd3acece74f6f3d	1f5b36e8f9196a7d2fd7b5a3c091d63b488c2f6d7eeebd818254e7545e2e78ad	152	4977211	INSUFFICIENT_FOR_RANGE_RESUME	.	.	1	0	2026-07-25T01:56:17.972354Z	6682390788177b3cef67120896dd06d925cc7c969ae3001356cd7cb083b3f318
491	asm-v1-d399f2fcbef5fba789a5361a	GCF_002268255.1	EXACT_VERSION_RESOLVED	VALIDATED	source_objects/GCF_002268255.1	1974194	7a95e9765b57f32a478e92d3e250fc62ab8f934b7ba6694659c20022e9b31010	ncbi_dataset/data/GCF_002268255.1/GCF_002268255.1_ASM226825v1_genomic.fna	5034733	56636176ded735831b6b4dba179f704bc6b03c5b4db2ec2b6ecfcf3e0cc00eb8	ncbi_dataset/data/GCF_002268255.1/genomic.gff	279ed9b4c152786b365193c8aa6b9f6fc05a4c4df937428c56597b445e063ebc	ALIASES_VALIDATED_NO_TRANSFORMED_GFF	canonical_objects/GCF_002268255.1	canonical_objects/GCF_002268255.1/GCF_002268255.1.pansn.fa.gz	1417715	1a80c613760daa7748fc8df3d56b4ac47754d7724bb2bab78e42575a4490ab65	244976da9fb34e5d23faba6640fde6c1729b3c7f6d435eae79e65643c9aa9a8f	44f93849c60bacb8179061b77a7c130cdba65bfc327c321e715592e81086d217	bc5614b82f279d972e8bfcb4f819ab8e626f18dea62a571fb47a9d80b55d0a7a	162fb6c8bfe26957e2248f4227ed6da25c75cf0b45d6098c358933b8b24ee6bd	bc372a34fce09d406f9847874b880d51f1fe07359f202c115f8dbff4af110bc6	136	4959572	INSUFFICIENT_FOR_RANGE_RESUME	.	.	1	0	2026-07-25T01:56:20.863963Z	0d9ecd1f6a057901a0764f317a4b9dc7a5950b19d484d4ae486192820964319d
492	asm-v1-ea9c4fd547d67553ef96d78e	GCF_004380655.1	EXACT_VERSION_RESOLVED	VALIDATED	source_objects/GCF_004380655.1	2068667	7f3d7efe0fc66b42b1091d88c5588569be0ff21f2c19b086cbe0878e20f55117	ncbi_dataset/data/GCF_004380655.1/GCF_004380655.1_ASM438065v1_genomic.fna	5289644	0cca574ae5579a54330e926c1521d09ac10e72d76c5b0420d58facde96b31802	ncbi_dataset/data/GCF_004380655.1/genomic.gff	fc4ee087d17cfaa420acdb54d490c9d8a35fcc422d943130cf40f62c5c780d2d	ALIASES_VALIDATED_NO_TRANSFORMED_GFF	canonical_objects/GCF_004380655.1	canonical_objects/GCF_004380655.1/GCF_004380655.1.pansn.fa.gz	1485290	bea9c7a2027dadbfebbac82f891624c244b98a9170ac72aca55c8549e53582da	4e4ce73e6d7366016c3088e190c3d591def1176e34757150a199cbee8084d0ac	514425cdb44702386ea429c337c75f7e3f24058428b3d5872a7b4dce05734eb0	dfa65e63e1838f7ad6c28ca180080f498599c083d65710088844f8768c4215ed	8a0de1f5dfbb359458f9625ee45bdae679b3df95e708583613ad805454775ad6	f39f2dac2d032e4c062b6ed13ecef61712b97437a35d6aa4d0f0c731d5b9ff4e	132	5213033	INSUFFICIENT_FOR_RANGE_RESUME	.	.	1	0	2026-07-25T01:56:23.249779Z	c181a57920d51e813c7b01ea9b0905934935167b033166c3eb11056d50dd3ad9
493	asm-v1-139b80f71f530d06aab2fc1d	GCF_003980755.1	EXACT_VERSION_RESOLVED	VALIDATED	source_objects/GCF_003980755.1	1916370	80b0b41a46986e5fa78c38b2496da9d9d31c3812b5b5212628db1fdc079cbf65	ncbi_dataset/data/GCF_003980755.1/GCF_003980755.1_ASM398075v1_genomic.fna	4908501	fc3747ffe74676a1bb079ca61d560d3eab4d1ec1e66ffa23315b9fcc0e0c2c06	ncbi_dataset/data/GCF_003980755.1/genomic.gff	3d5ff30dc04e9c525442cd8c5ebd8ab806997c4d30f7ac26b56ad2e55a8a9ec0	ALIASES_VALIDATED_NO_TRANSFORMED_GFF	canonical_objects/GCF_003980755.1	canonical_objects/GCF_003980755.1/GCF_003980755.1.pansn.fa.gz	1381216	4e38f1c385d17e68fc1c72f355ae2231a34f9c13f45b99dd263543e89bbe832b	8798990050465d49ef2a4c4f519eddbce78df21248bfe1a1ef703d5a3a596332	117d8897895c6d238fcee4977aec0f521488fa571dc86a274eb649af8d900d80	986a3b8b23323bfdc352af613c071092285fc1118726003abe15f5fc5c539375	a283a30851fecc5ae6e007e29e935237d71d2315a7fd6c1b3f2dd6a6493dc04c	b52462a5be014c13049a668e7f7a57f22b485a2946d044e7efa3139c26c61c67	182	4831378	INSUFFICIENT_FOR_RANGE_RESUME	.	.	1	0	2026-07-25T01:56:25.607384Z	f144a9ca38dbf9f855e66d63f7ad06490826d0acf60e992751352db24a08761a
494	asm-v1-1e9986576c2600ec296bc48e	GCF_001285325.1	EXACT_VERSION_RESOLVED	VALIDATED	source_objects/GCF_001285325.1	2031248	0946016f5c4b350d4a05ed5d01066e36a345be26e74816b7ef944a4debc9fc28	ncbi_dataset/data/GCF_001285325.1/GCF_001285325.1_7748_7_23_genomic.fna	5163962	6c32f22c9a59f008780995292d70f39c4f23455a0265031223b70152ca4d41c3	ncbi_dataset/data/GCF_001285325.1/genomic.gff	a0efd45ccd50dedf7c2ca3e94237c722d2013131a6be6eea538d96eff79c80de	ALIASES_VALIDATED_NO_TRANSFORMED_GFF	canonical_objects/GCF_001285325.1	canonical_objects/GCF_001285325.1/GCF_001285325.1.pansn.fa.gz	1450597	3cdc7c0423e59d2a55d4fbaa56571d1a0d7666c6565896c8a41f382fb58e8b5a	66b6f644156e36c028d4ce5bbc512dd4d9c8bde7e697e924ee75e2c6b953fd7d	d0cbabf58d48a7a5b32cba350900b1fc6709d13f20bddce4935cec6c28bca3f5	f51a17b581f6ddc0bcdea59f6dd77c17a5c1800dd4005f2d10fe473de00271d0	e36d50186cfe0c5fb2b161afbb472c6cb7104cfe14f678c44fbd3de63c80dcc5	23fc2f64b63bf14e4ca273987fc874d81ffd032d9497aebdda61aabb585abeb1	215	5081636	INSUFFICIENT_FOR_RANGE_RESUME	.	.	1	0	2026-07-25T01:56:28.334678Z	7d67a29319794c14309d95300b4f87d7244592bdf706b217bf836057a3e6ad33
495	asm-v1-80d4e3c3befa01fbb23de416	GCF_001614905.1	EXACT_VERSION_RESOLVED	VALIDATED	source_objects/GCF_001614905.1	2091430	c63a34872a09a15915037b926a477378b296f6ac49aa7a56d29554c948930045	ncbi_dataset/data/GCF_001614905.1/GCF_001614905.1_ASM161490v1_genomic.fna	5409857	f0cb7df8f2c3336cdfcdab6b51b13b64d8ce9be6af12852e1b85089788a11713	ncbi_dataset/data/GCF_001614905.1/genomic.gff	f87db74547e427c7ff45b4b754135d9b91438703115b517cb0ad0c87776df9e1	ALIASES_VALIDATED_NO_TRANSFORMED_GFF	canonical_objects/GCF_001614905.1	canonical_objects/GCF_001614905.1/GCF_001614905.1.pansn.fa.gz	1518057	e62496596a5e916a8f2be20163db94653d3c2aad75ab65a5b41d6d95e2a5a1ce	01628d7e421da0e0bada97988009c713dcd720787a6bee747c13817979d74967	6d096e5a8b0e6dbda7c4e359f3f8afc504bee1033593dab0464cda95a1b53c6f	05266d382f697576fd97afcf24d4b2ef8ac6aea07be303c815791aa6f7880026	956a4f2eb04e0e963a8b84253f91a0940772ec735215a328640daf8b59aef5d7	61963d2cb9db9c0472b411c3119b87306be0ac0e8896a672b6b17e8b1be82bbe	103	5333033	INSUFFICIENT_FOR_RANGE_RESUME	.	.	1	0	2026-07-25T01:56:30.710764Z	9791b0a5d412c4d8fcc616caf4001905777f823f6c4a6e5bde3c69d3f23aa747
496	asm-v1-5657d79e4df4f0341ec1ff9d	GCF_009794365.1	EXACT_VERSION_RESOLVED	VALIDATED	source_objects/GCF_009794365.1	1917008	864abbd2675bbc97c7ca8290434b27f9a8989afafdd9549be094449494bd4598	ncbi_dataset/data/GCF_009794365.1/GCF_009794365.1_ASM979436v1_genomic.fna	4895024	70cd0cdfa952135e50a85e6aae1274901f2561dac96e9a9eb799dbd4a915db13	ncbi_dataset/data/GCF_009794365.1/genomic.gff	78987f907cc80f6543b43a6f4ebaf9f0d3e80eeb5f4769e72833551ebbea99d1	ALIASES_VALIDATED_NO_TRANSFORMED_GFF	canonical_objects/GCF_009794365.1	canonical_objects/GCF_009794365.1/GCF_009794365.1.pansn.fa.gz	1373373	8b1c4c2cf967d6f902980e7224b60d3bf349f859f626a4d9b8d41c40bc6ec21b	aab750743150812069c7d74bd3d6af14fa8b1765da0585dbb626e408ad74fc53	13fe97c7d732eda77ca883657472f93c557c87b5b3c5783e2e4e7e6781806e8b	2221560315938d1fd0f963fc5cb949a2ffb5e136d45a87c44ac5625474fe4fcf	949f87712c0799416b7891fde5ad89b9263bc94755eb357c5d0a9b4567d218cc	d4055e8ab6106dfe4e1055741a6a58cb32eab589b35d9603c19f05d86bce4f90	73	4826245	INSUFFICIENT_FOR_RANGE_RESUME	.	.	1	0	2026-07-25T01:56:32.766666Z	91142509719dd7ff03be04ddbddd48bf83c33e219eb43a524cd7620cbcbc9752
497	asm-v1-92d8492dfdf99fc4500111fe	GCF_002223665.1	EXACT_VERSION_RESOLVED	VALIDATED	source_objects/GCF_002223665.1	2135211	a06f10b0157c3bdd778790c540bd9c522f53df08f39db885531ef9dbdd4945b3	ncbi_dataset/data/GCF_002223665.1/GCF_002223665.1_ASM222366v1_genomic.fna	5468687	2b0b9c485f84e05f65798d750979756d2d2e7334728e75fd62d9907cfb19743b	ncbi_dataset/data/GCF_002223665.1/genomic.gff	3842211bd9844b947d547975c155f32fa34f78eef853fc9db547d1e82df082e0	ALIASES_VALIDATED_NO_TRANSFORMED_GFF	canonical_objects/GCF_002223665.1	canonical_objects/GCF_002223665.1/GCF_002223665.1.pansn.fa.gz	1534787	c6994d83762838608959edca46c33d0349aeac62375a7b3b75c071e0b6c640a8	1ef908c3105422f7ffaed945c1da8612ab3ca92d2af6aeeb8073ded1aa9005a4	93922b5951a3bb38662eb296d03420a9b59560b28eef5bf543a939b72448a6a5	51f43db0f9e964530b763f0bbd53142abeb70e95ce54e10ac4b99beed16f812e	da51c65a09f3486459355a61451e3321cbb9775aeb0310afaaf1d919c6b5c6c0	d41bded38226174bd3fc92d376cb038d041dfcf1907375efcd800f3a86f0f40d	123	5389561	INSUFFICIENT_FOR_RANGE_RESUME	.	.	1	0	2026-07-25T01:56:35.243431Z	4797c0d30a904d22ab03437fe6e90c7c2ecda5263c7217f3216df4eea46931ac
498	asm-v1-e3c6c0f72874b00fd58354df	GCF_001615695.1	EXACT_VERSION_RESOLVED	VALIDATED	source_objects/GCF_001615695.1	1902690	a778728788a4c7a5fa7cfe7e6e43abc017342eaa16847e1e04f5a489590da473	ncbi_dataset/data/GCF_001615695.1/GCF_001615695.1_ASM161569v1_genomic.fna	4899830	347400cbc4ca1d7c6fbc841370c8382df27e6745d751f8f992451de7b208775f	ncbi_dataset/data/GCF_001615695.1/genomic.gff	65c54f4b330c3e6b4fd7f8a3029085978e863b08994f0bc38970e3b78e78c32e	ALIASES_VALIDATED_NO_TRANSFORMED_GFF	canonical_objects/GCF_001615695.1	canonical_objects/GCF_001615695.1/GCF_001615695.1.pansn.fa.gz	1376996	9a90158323f9efa9c794ba64f491e2c8c25d34eabae29c9576b0afbbfa93308e	da7d4d432c9152bd29f816e922d694678d66fa4b384f3aa66ec4de79da7cf647	505e5a1b8c8921fa3b4d10918df86a324e89cc75d95819e284e5ca52b7accb00	396bcb102940ebd0bb89e04a33bb168dfa5b811572c393db057c37dffb31045e	690eb49d2ccc4d3601aaff4fcea169bd31571d7aacb5dfed85c8443d5886f102	4b71d2511f9ef2c03bdc8135d0debdff25ac41816f778d99953f26a4cc8efb9d	84	4830994	INSUFFICIENT_FOR_RANGE_RESUME	.	.	1	0	2026-07-25T01:56:37.491486Z	1e7fecfe961eeb287dd79dcdc02cfa84d13506d43eca4de80d00ebd29e3ffb01
499	asm-v1-231c75f0dfc8406801a45dce	GCF_000305355.1	EXACT_VERSION_RESOLVED	VALIDATED	source_objects/GCF_000305355.1	1884501	1765925f07beb1ee6cf4f043472b0aa7e66abb6b2157a376f9f7f605c889d7c6	ncbi_dataset/data/GCF_000305355.1/GCF_000305355.1_ASM30535v1_genomic.fna	4798878	220634334e0c17f6c977f747be4a806175d3fb57755540acd64b85c1d5c15e57	ncbi_dataset/data/GCF_000305355.1/genomic.gff	50e723f1aa824db5c7c1040310ae2e79047812000f4b29c1cc8374ebf3d8cb7b	ALIASES_VALIDATED_NO_TRANSFORMED_GFF	canonical_objects/GCF_000305355.1	canonical_objects/GCF_000305355.1/GCF_000305355.1.pansn.fa.gz	1349508	b169f9a92b4847a791e17f93c94a7453926ce597391c556c788169856c1d133c	6b85b00d3640d5aa79aed2ac2cd7a248c59ba9b3c332e3687eea6a5e00816529	01c1ce14ba83552b5325fa1dacac284a3824c2addbfcbc486901b5ab4b131563	0ac4f3aab610f49e761594f7b6fef2cbe3d1f39a35852d683b158b0044db0edf	72ebd1f72a507815b1b1703cae0e90f196db01891d2055583207769f4a8c26f5	f22b1f6762a8c00bcfa129339265b48fb78b1166db2874ad045f8fa54f8f57a3	116	4729351	INSUFFICIENT_FOR_RANGE_RESUME	.	.	1	0	2026-07-25T01:56:39.825697Z	3e3fa976db9d3917899ce994984a688e26e6259228b7a4c1ee6b67be0f784330
500	asm-v1-9722faee2cc20d8d82760656	GCF_006238575.1	EXACT_VERSION_RESOLVED	VALIDATED	source_objects/GCF_006238575.1	1914180	721f46d202869eb29acb3793e1992e4174252c5ff256dca266cb700e2bacdf3b	ncbi_dataset/data/GCF_006238575.1/GCF_006238575.1_ASM623857v1_genomic.fna	4769677	907aa6d9021c4137b776020baf32378747f3c557c5ec579b64349389d55a67b9	ncbi_dataset/data/GCF_006238575.1/genomic.gff	a5dd9db6eed478839871d47cf2e3f65c2a770e4f99dfbae1c9484089b5dcfb8e	ALIASES_VALIDATED_NO_TRANSFORMED_GFF	canonical_objects/GCF_006238575.1	canonical_objects/GCF_006238575.1/GCF_006238575.1.pansn.fa.gz	1356024	9121fc6663c2a27f0ab0856a370bfb2a8448d3639644ba073815358c1aa638ce	396f0a56d5d6062ace12e5d3827cfcef7855da1766bb3d801d3e5e9ceaeb31ff	f3d158edb3fea70b81ebab14b6a5f38f18f90e667b9cefca3ee712c0c09aecc6	fd5c232785437c43025167c33bba3cb40c1666a88139ce25496a5e06f0d4b984	ff90616e6b8dfdb1e10ae15976692975df5094175e9ad174c069fb606671cd9e	7d5e8532fa0867691633cc3ddffa3a6b1d561ca7b5bdae44bdc4b0c7df30b170	401	4663354	INSUFFICIENT_FOR_RANGE_RESUME	.	.	1	0	2026-07-25T01:56:43.353263Z	67a4b8f77ba28164dfebe23d7b4de2f76a02841c06c80f85d19a93a1de73d3ec
