cohort_order	accession	storage_release_id	storage_root	source_object_relpath	source_inventory_sha256	canonical_object_relpath	canonical_inventory_sha256	reuse_status	predecessor_digest_match	row_sha256
1	GCF_000005845.2	canonical-cohort-010-v1-e71484de9994fc28	/home/erikg/phind-data/ecoli26k/v1/releases/run-10-assembly-acquisition/canonical-cohort-010-v1-e71484de9994fc28	source_objects/GCF_000005845.2	6d5a7e7080f225c2879a3cb9c2b153a3eaa70ceff9077c42984c5c01a97d742c	canonical_objects/GCF_000005845.2	3e776adb1b4d21479e361d336dc79a8739758cf527a5f7abf19d03929f5fe509	REUSED_PREDECESSOR_BY_DIGEST	PASS	4b5b878bbe7b6455f33024e7f2cb02efb7b3e9d257bd9793519043ee0150942f
2	GCF_000812325.1	canonical-cohort-010-v1-e71484de9994fc28	/home/erikg/phind-data/ecoli26k/v1/releases/run-10-assembly-acquisition/canonical-cohort-010-v1-e71484de9994fc28	source_objects/GCF_000812325.1	150ff02f2857c9a2597ac02e5e2a847a9765792faf8acd36d55639f8d87bacaa	canonical_objects/GCF_000812325.1	901aacb42cd1a4b17ab51a85d3a9c43b71f4710909d6057045779a0eb15a17a2	REUSED_PREDECESSOR_BY_DIGEST	PASS	d2207ee3b520dff7c34fa17089c6fc338c6d14ec82e60633f954a314d15d0901
3	GCF_002302315.1	canonical-cohort-010-v1-e71484de9994fc28	/home/erikg/phind-data/ecoli26k/v1/releases/run-10-assembly-acquisition/canonical-cohort-010-v1-e71484de9994fc28	source_objects/GCF_002302315.1	417677ad21d2e2128c9bf63264af73c203928137e487a22fe0684e63775d965c	canonical_objects/GCF_002302315.1	e995a78411f0156bc81d019eb738e51c35e1c4a38e86936eabb701753af78f8a	REUSED_PREDECESSOR_BY_DIGEST	PASS	05d9228c443e80c8142b8ce6802fa7b127efe47965b1a4ee693164a387741dd8
4	GCF_004664255.1	canonical-cohort-010-v1-e71484de9994fc28	/home/erikg/phind-data/ecoli26k/v1/releases/run-10-assembly-acquisition/canonical-cohort-010-v1-e71484de9994fc28	source_objects/GCF_004664255.1	ab5d31114bb57a5663109dda74b8b7129f9cd94c02d888ec77d6227040c51fe0	canonical_objects/GCF_004664255.1	c8e657585f41be6f69ea53d6d0700d862428d0a7d5af814275393e1f9d3a6880	REUSED_PREDECESSOR_BY_DIGEST	PASS	6deb3e2f7509729157bbb97c86fd6fa1711b338885322441027c98627b4c7f5b
5	GCF_015644385.1	canonical-cohort-010-v1-e71484de9994fc28	/home/erikg/phind-data/ecoli26k/v1/releases/run-10-assembly-acquisition/canonical-cohort-010-v1-e71484de9994fc28	source_objects/GCF_015644385.1	3bdac97e9b946efcfd1a0e53ca0262a3a9b5b60458a37e1ce2287b3c362f2c45	canonical_objects/GCF_015644385.1	bce9afd4ff3b8184fb1c929f814e36192020bdc904c5fc712a1853a80a1b2e81	REUSED_PREDECESSOR_BY_DIGEST	PASS	b2183aa139e54edd05d26bcd396c0d9463bb3380e315f0446d348d0a53f4b307
6	GCF_020829045.1	canonical-cohort-010-v1-e71484de9994fc28	/home/erikg/phind-data/ecoli26k/v1/releases/run-10-assembly-acquisition/canonical-cohort-010-v1-e71484de9994fc28	source_objects/GCF_020829045.1	a74b6da33c02da6464daceff6f4e3a8284015b9359e95383ee5e05cdcb0fdb34	canonical_objects/GCF_020829045.1	b6b16f24a0b6a30a7fb18f85b2b847317f15f9dbaa44e0fec48aa77d54f143de	REUSED_PREDECESSOR_BY_DIGEST	PASS	37a45fbde65e909d0dd36a5a0e0e19656a0aaaf7a819ed76c7d68513d35d7d37
7	GCF_921380995.1	canonical-cohort-010-v1-e71484de9994fc28	/home/erikg/phind-data/ecoli26k/v1/releases/run-10-assembly-acquisition/canonical-cohort-010-v1-e71484de9994fc28	source_objects/GCF_921380995.1	13cc5dd8e8de98d0406a70230ec8ad36e728a3cfc14ad1a1bf43bf7314812660	canonical_objects/GCF_921380995.1	44089dae3e9dbfe4604701d239ad1bea44365ab1d133d6ad48cb7e25dfc912f5	REUSED_PREDECESSOR_BY_DIGEST	PASS	28066aad49afb6255e292eeacd452334586fa253c624c5323182ea9d356f122d
8	GCF_000167895.3	canonical-cohort-010-v1-e71484de9994fc28	/home/erikg/phind-data/ecoli26k/v1/releases/run-10-assembly-acquisition/canonical-cohort-010-v1-e71484de9994fc28	source_objects/GCF_000167895.3	2e0e9119cb27abeacadc8ee00ae3741268a9c0fe5a9c69a2ca1c03ecbad31b0b	canonical_objects/GCF_000167895.3	066794c99203511aae7f08e57e82f504423c2b23efcc8819f86a6c9f6645cbb7	REUSED_PREDECESSOR_BY_DIGEST	PASS	9a93aa9b86f276ab4b615af1f5fda091b4e5a18376b8c426a816065a77831c0f
9	GCF_001881595.4	canonical-cohort-010-v1-e71484de9994fc28	/home/erikg/phind-data/ecoli26k/v1/releases/run-10-assembly-acquisition/canonical-cohort-010-v1-e71484de9994fc28	source_objects/GCF_001881595.4	07fafc6106a8adbaffd44be833ee930ba338c0fe9f8228e0fed7be56d29ee5a6	canonical_objects/GCF_001881595.4	7440aa0087ffd1d213a938e2cca9c5b1255d54bb11dd8c0775154c059280254b	REUSED_PREDECESSOR_BY_DIGEST	PASS	132190ed8014af1f9e50befee78f5ee4dafe9cae69edba23db319433ac874b22
10	GCF_000498835.2	canonical-cohort-010-v1-e71484de9994fc28	/home/erikg/phind-data/ecoli26k/v1/releases/run-10-assembly-acquisition/canonical-cohort-010-v1-e71484de9994fc28	source_objects/GCF_000498835.2	0029d53bb7d5b491fd95517937bb031940cdd6fb07198fb4a673fee539a8cafa	canonical_objects/GCF_000498835.2	66f4fe3e05cf5bb0a61d2df02c5b2a7cffd32e2107751c37020bb5bed6b7d914	REUSED_PREDECESSOR_BY_DIGEST	PASS	9a4cc79f8b52ca5d82153e6a19c274c64fae72f9aa5c4a26aabc4ee4f46347bd
11	GCF_015548345.1	canonical-cohort-100-v1-6be4c0dde65f31d0	/home/erikg/phind-data/ecoli26k/v1/releases/prepare-canonical-cohort-100/canonical-cohort-100-v1-6be4c0dde65f31d0	source_objects/GCF_015548345.1	a77c6005707758a690de82b21591f1f2c2ac8c6fcd9e00f09d41631d7e109377	canonical_objects/GCF_015548345.1	e820dd3b1e16f5977edf4c7a3be86f28cfa495fa5cf0a95344523302116cd447	REUSED_PREDECESSOR_BY_DIGEST	PASS	b12faf5e506303aa563c6ebbd9eb182f8d229a2a9313c3171f172eab6457b903
12	GCF_019926545.1	canonical-cohort-100-v1-6be4c0dde65f31d0	/home/erikg/phind-data/ecoli26k/v1/releases/prepare-canonical-cohort-100/canonical-cohort-100-v1-6be4c0dde65f31d0	source_objects/GCF_019926545.1	c0b69b5c56a2fd4e99c442febfc729506544a018ed22b5c3d6d9d3c9fa3da019	canonical_objects/GCF_019926545.1	13b465d8d913e4ff3d41b3bfc15fc3c538a8103ba5c29f17997503b84f4d48b3	REUSED_PREDECESSOR_BY_DIGEST	PASS	e543e99246951da09c556fe94a3a291acd8134de80d643ab6127fcf15f3a6ad7
13	GCF_001614385.1	canonical-cohort-100-v1-6be4c0dde65f31d0	/home/erikg/phind-data/ecoli26k/v1/releases/prepare-canonical-cohort-100/canonical-cohort-100-v1-6be4c0dde65f31d0	source_objects/GCF_001614385.1	38f29e1a7384c2537fd995d6ac4cc151450dc2f225762ed52a6d7c0782d0dbcc	canonical_objects/GCF_001614385.1	fd8c50c030b8481e1bec0bf62777aca599d3e1dfca112a36d3e8f66aee415a9c	REUSED_PREDECESSOR_BY_DIGEST	PASS	badd33087c5146375e5b8997189946fb290e3a6bb29415527c71f310f4f74ad5
14	GCF_015551035.1	canonical-cohort-100-v1-6be4c0dde65f31d0	/home/erikg/phind-data/ecoli26k/v1/releases/prepare-canonical-cohort-100/canonical-cohort-100-v1-6be4c0dde65f31d0	source_objects/GCF_015551035.1	75e05a9d64136872ba3c99d065c2fdf4451a008a3835ba6f63e02d1825a2f91b	canonical_objects/GCF_015551035.1	d6c38d9d9ab1d7133d17db11d3a166fc0d432fbb030496264964845a93889305	REUSED_PREDECESSOR_BY_DIGEST	PASS	ab5f7d2ee60f7f988b790f8357f41b99e28c5a1c48861e13d815540cc42f6924
15	GCF_021354235.1	canonical-cohort-100-v1-6be4c0dde65f31d0	/home/erikg/phind-data/ecoli26k/v1/releases/prepare-canonical-cohort-100/canonical-cohort-100-v1-6be4c0dde65f31d0	source_objects/GCF_021354235.1	1b236e7ba00e3849717d1a29b1cde05eeb7797b1f280d5be9fa78135fb79d3dc	canonical_objects/GCF_021354235.1	a770112519dc66ef6f5b54dc776bc5053671314a068e5c96646ae5fb4fd646cd	REUSED_PREDECESSOR_BY_DIGEST	PASS	64ea596406efcc7924610d7c32c9b45944bbae34e18ddf92b304b96fd9e69e6d
16	GCF_002485085.1	canonical-cohort-100-v1-6be4c0dde65f31d0	/home/erikg/phind-data/ecoli26k/v1/releases/prepare-canonical-cohort-100/canonical-cohort-100-v1-6be4c0dde65f31d0	source_objects/GCF_002485085.1	f07a6be815e2f1e2faef2d62dd24210fd29c410ba96db54e136b21afe8671c48	canonical_objects/GCF_002485085.1	c5818b1eae8140a830d05eb3ca3123eff69f6af984fef5b09456e17a4e298fca	REUSED_PREDECESSOR_BY_DIGEST	PASS	c455d57d376e79e7e0b9abe9ffabb5a7ff5c8c1e6f55f230fd048fd5242ce540
17	GCF_014712315.1	canonical-cohort-100-v1-6be4c0dde65f31d0	/home/erikg/phind-data/ecoli26k/v1/releases/prepare-canonical-cohort-100/canonical-cohort-100-v1-6be4c0dde65f31d0	source_objects/GCF_014712315.1	968e822b9035551ee23e9122c72cbaa97de4e0130806f7b26b507b0617c318c2	canonical_objects/GCF_014712315.1	7531e33eb0dc117119935fb2aff954df0b77ce36d729da40c8730703caaeb40e	REUSED_PREDECESSOR_BY_DIGEST	PASS	5e9cad8d4452771ff978218350240bd26da50cf61f46b740f6208b9c68d69ba6
18	GCF_019120745.1	canonical-cohort-100-v1-6be4c0dde65f31d0	/home/erikg/phind-data/ecoli26k/v1/releases/prepare-canonical-cohort-100/canonical-cohort-100-v1-6be4c0dde65f31d0	source_objects/GCF_019120745.1	a0be3b3a941cecacc051161ffa7b4155ffe740f8a591c25f4b91202e245d2b16	canonical_objects/GCF_019120745.1	03e56907db7aaec085aa0e65886ecf46813366c9ebc1abbc5bf5fc540171cb86	REUSED_PREDECESSOR_BY_DIGEST	PASS	11ef3c075d396fd9f14ba92237cefbb741de20b2d27ed2d017e61a9b9ab3f1f6
19	GCF_006350715.1	canonical-cohort-100-v1-6be4c0dde65f31d0	/home/erikg/phind-data/ecoli26k/v1/releases/prepare-canonical-cohort-100/canonical-cohort-100-v1-6be4c0dde65f31d0	source_objects/GCF_006350715.1	5e66032f1287eb33d2ffcabb449f226142bde5e025e6d44756248bc87af5c9f8	canonical_objects/GCF_006350715.1	45fad596860f04737ba46f351a61492e715e20d4b54cb9c918819dbdc21f00ef	REUSED_PREDECESSOR_BY_DIGEST	PASS	627a29d1210b8af3290864f43915d9755bbea3d88a952ab0facfccb187160b5e
20	GCF_002522525.1	canonical-cohort-100-v1-6be4c0dde65f31d0	/home/erikg/phind-data/ecoli26k/v1/releases/prepare-canonical-cohort-100/canonical-cohort-100-v1-6be4c0dde65f31d0	source_objects/GCF_002522525.1	83885a5159465c5d9408ef77427f4074f2e0d1de4aef2258ab046a781fd4b861	canonical_objects/GCF_002522525.1	828e9517d269bb18bfefc8fcfbdf43b60571c8343d9364bbf685550d98ec42a6	REUSED_PREDECESSOR_BY_DIGEST	PASS	0bb7b7383e2c803514eea8e34c4f45ca8f82ba4377969b5e7f15f43614febd99
21	GCF_018790115.1	canonical-cohort-100-v1-6be4c0dde65f31d0	/home/erikg/phind-data/ecoli26k/v1/releases/prepare-canonical-cohort-100/canonical-cohort-100-v1-6be4c0dde65f31d0	source_objects/GCF_018790115.1	96e375b7e6382646de44e609131785e82e197611227de506647297327759222a	canonical_objects/GCF_018790115.1	656f911e0a13d8b90b8ec43c8b24c3852e27be8844ece938adb58568a610353d	REUSED_PREDECESSOR_BY_DIGEST	PASS	dbf00a6cc39e14c56623af3f8ec1d560d28e579cbc08c7652177e8c02f203eba
22	GCF_002442365.1	canonical-cohort-100-v1-6be4c0dde65f31d0	/home/erikg/phind-data/ecoli26k/v1/releases/prepare-canonical-cohort-100/canonical-cohort-100-v1-6be4c0dde65f31d0	source_objects/GCF_002442365.1	3eb746f5989f18de61fe997485dd868b1df0720c7c965d86ea44cf6a1f09cabe	canonical_objects/GCF_002442365.1	b5d79c946cfb735a4c0d518b7279755db96aa4f5c3ab217210f8ef151075d576	REUSED_PREDECESSOR_BY_DIGEST	PASS	da31ef55016a201cf5e9e545193500a5ed1f460f0516e845aadc7405af2e1939
23	GCF_005885955.1	canonical-cohort-100-v1-6be4c0dde65f31d0	/home/erikg/phind-data/ecoli26k/v1/releases/prepare-canonical-cohort-100/canonical-cohort-100-v1-6be4c0dde65f31d0	source_objects/GCF_005885955.1	aef995d9b4e896dd42333aefa7476d89d7e931141b6e9afc900a77990b8710c5	canonical_objects/GCF_005885955.1	af060462f03b47bcc46720e47bfccc81f078202949398aa2958010eaf44d2fdc	REUSED_PREDECESSOR_BY_DIGEST	PASS	5ff532f910e55df1e1e5b7f011df66846acc5ff7becb9cff89dd025c53fa91a9
24	GCF_002513075.1	canonical-cohort-100-v1-6be4c0dde65f31d0	/home/erikg/phind-data/ecoli26k/v1/releases/prepare-canonical-cohort-100/canonical-cohort-100-v1-6be4c0dde65f31d0	source_objects/GCF_002513075.1	8e43eeabc1a8a5055e4791414102d2d0d349851f330425e04ef6f9bb9708745b	canonical_objects/GCF_002513075.1	fac664a916136296a16f98c4c04d9b3d5ef4d3c845e4545a2223cb32d3c83966	REUSED_PREDECESSOR_BY_DIGEST	PASS	b60cc056ec38accb133b90512c6348e73cef3eba4e967a56f7417b50319c38cb
25	GCF_902810185.1	canonical-cohort-100-v1-6be4c0dde65f31d0	/home/erikg/phind-data/ecoli26k/v1/releases/prepare-canonical-cohort-100/canonical-cohort-100-v1-6be4c0dde65f31d0	source_objects/GCF_902810185.1	5ede165c0d601cba3f32415055ecf386a03689d02158458d383c6ad3b215bd04	canonical_objects/GCF_902810185.1	31d07eb3801f392c4de8a5d084793adbfa733eba0502a5a5a027b14146bdd2cc	REUSED_PREDECESSOR_BY_DIGEST	PASS	453ee8c460e61cbf964838459f80349f0baa9e15b9727102cb88d4c80110f10d
26	GCF_005043025.1	canonical-cohort-100-v1-6be4c0dde65f31d0	/home/erikg/phind-data/ecoli26k/v1/releases/prepare-canonical-cohort-100/canonical-cohort-100-v1-6be4c0dde65f31d0	source_objects/GCF_005043025.1	82c6db2b5dd2fc0d092a2a4ae6658a1202b0b83fe5529ca7c33a061c394fe788	canonical_objects/GCF_005043025.1	a9d34fe43f33622cb02aad9108f6021c52b659275d3e28c9dea960f598d9ed8e	REUSED_PREDECESSOR_BY_DIGEST	PASS	14a1e98cb01db1f3469d08ac2128716aa7311a4c5846b1a93ef5276411ab7928
27	GCF_017595115.1	canonical-cohort-100-v1-6be4c0dde65f31d0	/home/erikg/phind-data/ecoli26k/v1/releases/prepare-canonical-cohort-100/canonical-cohort-100-v1-6be4c0dde65f31d0	source_objects/GCF_017595115.1	43a20b505200443ddb8bcf97c412bc96bb025b990b91370271fc5b5998636920	canonical_objects/GCF_017595115.1	fd8ff5522205d996bd62e0b9b1a96a502d2dcdf6946fcf8344b72443a493bc25	REUSED_PREDECESSOR_BY_DIGEST	PASS	6aaec1b936b1f8df340b9d90bd465d464a0cd3e4b7f4cfbcc439255dad08cea1
28	GCF_014528625.1	canonical-cohort-100-v1-6be4c0dde65f31d0	/home/erikg/phind-data/ecoli26k/v1/releases/prepare-canonical-cohort-100/canonical-cohort-100-v1-6be4c0dde65f31d0	source_objects/GCF_014528625.1	9aa00a0a152d6b33eacbf11342db2dd251631c77a25d035794c6b763f2522f11	canonical_objects/GCF_014528625.1	fdb0e4da3f59095c8244103f7f0856056661c1e4b892fc1cf8a0b84bbfcdfc02	REUSED_PREDECESSOR_BY_DIGEST	PASS	dbd6fd88a3651b85157610c3eb7b3e9697e942f19b5af2eeba9ecb15752ad5d0
29	GCF_008041205.1	canonical-cohort-100-v1-6be4c0dde65f31d0	/home/erikg/phind-data/ecoli26k/v1/releases/prepare-canonical-cohort-100/canonical-cohort-100-v1-6be4c0dde65f31d0	source_objects/GCF_008041205.1	26dda5238b187eb7c558aab6fb57fd336b9afe2e33bd84926f7dc9b093a8d9fa	canonical_objects/GCF_008041205.1	497de45d06e35e629505113e7b489f95eed7d87254ae5e0decb35d15d4391251	REUSED_PREDECESSOR_BY_DIGEST	PASS	83ddcfd8e02d61eeea052754dabded01871d98045306be1533016d2f89207725
30	GCF_009820795.1	canonical-cohort-100-v1-6be4c0dde65f31d0	/home/erikg/phind-data/ecoli26k/v1/releases/prepare-canonical-cohort-100/canonical-cohort-100-v1-6be4c0dde65f31d0	source_objects/GCF_009820795.1	0566296ed03f586d80dc0fe8aec1efbe2868058108a6e61966fb19ee9b10dd74	canonical_objects/GCF_009820795.1	aae568a7e3047bc0b498f3dc86d98ed542a3afeb34c36178a4b7e7903ab3c834	REUSED_PREDECESSOR_BY_DIGEST	PASS	badc0ab91745bc7e28b7ac91d4756cb738db0c7c38e9c688477f2787f000c953
31	GCF_900479385.1	canonical-cohort-100-v1-6be4c0dde65f31d0	/home/erikg/phind-data/ecoli26k/v1/releases/prepare-canonical-cohort-100/canonical-cohort-100-v1-6be4c0dde65f31d0	source_objects/GCF_900479385.1	a1bef99387533fa8efdaf3f14e5a25554b3e6004c5b9eb4d0eb39f9959ab0abd	canonical_objects/GCF_900479385.1	1cb989f2be10d83914d53b895e3b82ded79125abf7497e3759eb0a1eb2f2dd9e	REUSED_PREDECESSOR_BY_DIGEST	PASS	10109ab39066adaa6bc042e7ba07ca08eda26f8409e059f552ad6d3f109a8e83
32	GCF_004767475.1	canonical-cohort-100-v1-6be4c0dde65f31d0	/home/erikg/phind-data/ecoli26k/v1/releases/prepare-canonical-cohort-100/canonical-cohort-100-v1-6be4c0dde65f31d0	source_objects/GCF_004767475.1	cc2bb84168ac08913b0f616104a13eab339d6e27a50bfdafa49feb2a9e056eaf	canonical_objects/GCF_004767475.1	e320e3bdf1fcfd88ac52ecd1e8c47f75b87e92fa5e38b545e681341146e64445	REUSED_PREDECESSOR_BY_DIGEST	PASS	7e3bf5bf9ee84931e6496cd98c04686f6e819a789dcd8cff2e69dd0d48f94420
33	GCF_002519245.1	canonical-cohort-100-v1-6be4c0dde65f31d0	/home/erikg/phind-data/ecoli26k/v1/releases/prepare-canonical-cohort-100/canonical-cohort-100-v1-6be4c0dde65f31d0	source_objects/GCF_002519245.1	078de2db5f5eba422859af00bbd659f184940e4e5d467bf0ccccebe422222aee	canonical_objects/GCF_002519245.1	043371a0c35bbfeb737f26f45848c88f97825dc2ffaa292ffdf887694c45d9c5	REUSED_PREDECESSOR_BY_DIGEST	PASS	e1e49bd07946cf5d57f5ff67123db5acb41e3268dd42ad64df9736ac34f3cd6a
34	GCF_015644305.1	canonical-cohort-100-v1-6be4c0dde65f31d0	/home/erikg/phind-data/ecoli26k/v1/releases/prepare-canonical-cohort-100/canonical-cohort-100-v1-6be4c0dde65f31d0	source_objects/GCF_015644305.1	baff73741eae718bddda18e43df85caf697c248ab1a4b0520e974c8a0e017765	canonical_objects/GCF_015644305.1	1e3aecaa04419674f583707e47edc616813d0b2be63daa62c278489af7525b40	REUSED_PREDECESSOR_BY_DIGEST	PASS	1144b2821b54b73447b814180aaf096a21b9b9fd9d880e42534461c8b3883d3c
35	GCF_001616285.1	canonical-cohort-100-v1-6be4c0dde65f31d0	/home/erikg/phind-data/ecoli26k/v1/releases/prepare-canonical-cohort-100/canonical-cohort-100-v1-6be4c0dde65f31d0	source_objects/GCF_001616285.1	7e7d059d08e1e0da8546e7b523bbe8b5f91f7683a31a94c73520acf3d6bb76e2	canonical_objects/GCF_001616285.1	84121e43a50b0e6b9083b808c3cca8e0b44e669d7bfc8e5ab86cf644508579bc	REUSED_PREDECESSOR_BY_DIGEST	PASS	0baa58ccaf5b048ec6d0ec9d5d5fb2dc2ec1f194dce622153bbd6043df658774
36	GCF_001614645.1	canonical-cohort-100-v1-6be4c0dde65f31d0	/home/erikg/phind-data/ecoli26k/v1/releases/prepare-canonical-cohort-100/canonical-cohort-100-v1-6be4c0dde65f31d0	source_objects/GCF_001614645.1	4dd6559ee94d8af35ead86322c29f14ca16de3be21815b364601d194edc05db7	canonical_objects/GCF_001614645.1	7dae0a547d9702f1fc406501bbeae0d99fa0b9cd019a835d243c0f8747f160e5	REUSED_PREDECESSOR_BY_DIGEST	PASS	509eb1cde4d41d1be974c26e6ea3c98818ef3ae10aef592dc9d52259ea23ccf6
37	GCF_013370625.1	canonical-cohort-100-v1-6be4c0dde65f31d0	/home/erikg/phind-data/ecoli26k/v1/releases/prepare-canonical-cohort-100/canonical-cohort-100-v1-6be4c0dde65f31d0	source_objects/GCF_013370625.1	8515fc2731857e756a8d2bb167b1ccecde2841ce48713d44180c66784ebea497	canonical_objects/GCF_013370625.1	8b3dc0c65f6768afe0313d5dbe2111f58ff7d5ac68b98939559fac4d4595a515	REUSED_PREDECESSOR_BY_DIGEST	PASS	274f99f454e3f88c150de2859b6a186d548b5677d33178ef36cdd5aa14052682
38	GCF_013608825.1	canonical-cohort-100-v1-6be4c0dde65f31d0	/home/erikg/phind-data/ecoli26k/v1/releases/prepare-canonical-cohort-100/canonical-cohort-100-v1-6be4c0dde65f31d0	source_objects/GCF_013608825.1	4bf98b7d89b33cc94284fe13dacd7235cec6233b13d2340eb0c6838f3a3ca62f	canonical_objects/GCF_013608825.1	1883612caa607a05f86f17a82241b49d6c7bd41d4bf17027e064f3717f4da793	REUSED_PREDECESSOR_BY_DIGEST	PASS	5178bf6c6449292c22f3fbd5651390051f13ec904855dd4dd4b39b381beca7c5
39	GCF_005043625.1	canonical-cohort-100-v1-6be4c0dde65f31d0	/home/erikg/phind-data/ecoli26k/v1/releases/prepare-canonical-cohort-100/canonical-cohort-100-v1-6be4c0dde65f31d0	source_objects/GCF_005043625.1	3ae198ef59e2e0002bf60041d389d6ed31b93e82491fc8f4297c42b7b07f156e	canonical_objects/GCF_005043625.1	fb1500672a9d0efcbc67d5580118d56baca7d9a42983dc1263b0dd6828a4eb52	REUSED_PREDECESSOR_BY_DIGEST	PASS	3a5131fa9ad98f0e72802eb2ad2af9479cbb46dabb7605d52df40ee77c563cbc
40	GCF_902163565.1	canonical-cohort-100-v1-6be4c0dde65f31d0	/home/erikg/phind-data/ecoli26k/v1/releases/prepare-canonical-cohort-100/canonical-cohort-100-v1-6be4c0dde65f31d0	source_objects/GCF_902163565.1	111692d58f6e1700c7a1ce4c62ad071c1e18eafb9a8dfaf6135654caecf66a91	canonical_objects/GCF_902163565.1	fca7ee9dc0a0069153e08577bac0e4481b606f4482e198bf845e04e7efe0f629	REUSED_PREDECESSOR_BY_DIGEST	PASS	d79c0875853efdef81ba7410890b62643a677ac514da4a052562fc457061ab36
41	GCF_006351505.1	canonical-cohort-100-v1-6be4c0dde65f31d0	/home/erikg/phind-data/ecoli26k/v1/releases/prepare-canonical-cohort-100/canonical-cohort-100-v1-6be4c0dde65f31d0	source_objects/GCF_006351505.1	a557d4241b6a3da2aea74d1004f48c457f3da53768a8ad9c81a43cf70a395ae6	canonical_objects/GCF_006351505.1	cd0d07311f99c44d3ef3f8bede02c8424af0d6dfeaf0a3877eeb24c77fd7944e	REUSED_PREDECESSOR_BY_DIGEST	PASS	b3442b6bc43f6bf82523a541d7560223aa641c5010b1063f93d1f1aead2c3680
42	GCF_005039315.1	canonical-cohort-100-v1-6be4c0dde65f31d0	/home/erikg/phind-data/ecoli26k/v1/releases/prepare-canonical-cohort-100/canonical-cohort-100-v1-6be4c0dde65f31d0	source_objects/GCF_005039315.1	b401b907289658cbc98b22e99aeb878f767ccbe3864be56ab8e19ed5ca93f04f	canonical_objects/GCF_005039315.1	f49e3efca10e14f7f73553d9a14ef40929a764e31d780f190fac858299113e29	REUSED_PREDECESSOR_BY_DIGEST	PASS	5e9b1a44c31343cab922e27d1d532a8c4c65f3d24cf3b50bd92d400eabdf605c
43	GCF_005384385.1	canonical-cohort-100-v1-6be4c0dde65f31d0	/home/erikg/phind-data/ecoli26k/v1/releases/prepare-canonical-cohort-100/canonical-cohort-100-v1-6be4c0dde65f31d0	source_objects/GCF_005384385.1	185782fa6fbe1570f519c726d34deedeb48e57c54f58334314a39780cee37ded	canonical_objects/GCF_005384385.1	5d99bf9b09d63255d2d44a3a57038f7b3aa9c87618af36a97a3adecd2d17b901	REUSED_PREDECESSOR_BY_DIGEST	PASS	54d85097a1ff22f347f1f9ef7bea6e4c8f3778d37d2feafbb65ac083ab86a809
44	GCF_016530465.1	canonical-cohort-100-v1-6be4c0dde65f31d0	/home/erikg/phind-data/ecoli26k/v1/releases/prepare-canonical-cohort-100/canonical-cohort-100-v1-6be4c0dde65f31d0	source_objects/GCF_016530465.1	e68ba2b227c850a1a4f8fdb9ca20bc143a0aed773ed9bae634c28849a051d3d7	canonical_objects/GCF_016530465.1	32f42f44338e69bf7988ee4a2acbd0933b3f581f18baf944a70583674d1ed112	REUSED_PREDECESSOR_BY_DIGEST	PASS	d95c49b10c2e499ee3f530f8b9f604888d00b2634f210b9a416bd39ea231dd41
45	GCF_002152015.1	canonical-cohort-100-v1-6be4c0dde65f31d0	/home/erikg/phind-data/ecoli26k/v1/releases/prepare-canonical-cohort-100/canonical-cohort-100-v1-6be4c0dde65f31d0	source_objects/GCF_002152015.1	66aa5060ef3b3388948b37b1b4f94ad6c5b06875fbc32067a33d1b90059061d8	canonical_objects/GCF_002152015.1	84dff3383b301e88f61b88d2cc265a4f08a25a8b45db84048c752e9924bd7fa1	REUSED_PREDECESSOR_BY_DIGEST	PASS	1ecab3ba97a3a23098dbeabc5008f52d6b4deee8556143bdfb3537f228ee9399
46	GCF_018344735.1	canonical-cohort-100-v1-6be4c0dde65f31d0	/home/erikg/phind-data/ecoli26k/v1/releases/prepare-canonical-cohort-100/canonical-cohort-100-v1-6be4c0dde65f31d0	source_objects/GCF_018344735.1	9fa9a520b75c6f68517695067c055ec51808a7f157e18dfd67da6a3b1a78b308	canonical_objects/GCF_018344735.1	98c89c415bafb4b5c546f21fd7e98528185a814226309d705384078fb10ea607	REUSED_PREDECESSOR_BY_DIGEST	PASS	1619312a1d0317eaf1d6bd2b2a3488838eb6bd134b6921aa1ffebde42a13ec43
47	GCF_002513625.1	canonical-cohort-100-v1-6be4c0dde65f31d0	/home/erikg/phind-data/ecoli26k/v1/releases/prepare-canonical-cohort-100/canonical-cohort-100-v1-6be4c0dde65f31d0	source_objects/GCF_002513625.1	db4c90954612a38cdf8590364928cf9cd351e1ca433c1075b885db3b7e23fca9	canonical_objects/GCF_002513625.1	d1e90be82618d0073ed002b3d894de41f65bd4d3a3a98b3c55cae196d6a97207	REUSED_PREDECESSOR_BY_DIGEST	PASS	e99a24dab1b04f3fe101a2bb096af30a64a56b31bf014c6d4691e3b61b8918d2
48	GCF_002229025.1	canonical-cohort-100-v1-6be4c0dde65f31d0	/home/erikg/phind-data/ecoli26k/v1/releases/prepare-canonical-cohort-100/canonical-cohort-100-v1-6be4c0dde65f31d0	source_objects/GCF_002229025.1	107929a5a145646fdd8eeb532fea168902ec6535f04d09a8a46bf99f57224e19	canonical_objects/GCF_002229025.1	8e0e330ba1073cc2daf4175da053acf3e0bfa4713d2905979f0305dc57d268be	REUSED_PREDECESSOR_BY_DIGEST	PASS	cb47d962a65e14c3db2759b422969d17993d781e2ac4edc82b023ade67092c4e
49	GCF_000778685.1	canonical-cohort-100-v1-6be4c0dde65f31d0	/home/erikg/phind-data/ecoli26k/v1/releases/prepare-canonical-cohort-100/canonical-cohort-100-v1-6be4c0dde65f31d0	source_objects/GCF_000778685.1	6c28925e42b3dbc1fdc36b514473705c2ea979363cc56a453ee87e1e41c953c6	canonical_objects/GCF_000778685.1	c996307480858714910c45989d23020bd5b28f88fca1c303b1fde454495a2178	REUSED_PREDECESSOR_BY_DIGEST	PASS	fff2666c0a8d2924d0db738f3cc8314aa7119d3c8125ce179f669c5ba1d88996
50	GCF_020037245.1	canonical-cohort-100-v1-6be4c0dde65f31d0	/home/erikg/phind-data/ecoli26k/v1/releases/prepare-canonical-cohort-100/canonical-cohort-100-v1-6be4c0dde65f31d0	source_objects/GCF_020037245.1	9f506fdefd8376681a3d733720f708e22c65d842d71ad4dc6063b91959d79680	canonical_objects/GCF_020037245.1	efae84011bcc131b5daeef2d6ae613f941908d127dde0e2af5a29fb76443203c	REUSED_PREDECESSOR_BY_DIGEST	PASS	d824c287314f978379d6031044517dfd152818b7a0a941268e1d1aa9f4020f5d
51	GCF_003731035.1	canonical-cohort-100-v1-6be4c0dde65f31d0	/home/erikg/phind-data/ecoli26k/v1/releases/prepare-canonical-cohort-100/canonical-cohort-100-v1-6be4c0dde65f31d0	source_objects/GCF_003731035.1	c818a307a67ba6df2cfc5c5999a46435b73b6d3b094c4004346be4907619ba3b	canonical_objects/GCF_003731035.1	158fc8372195fb656b7fbf917bb99390c3d7be9ca93deda12c9a55441dbb6cd3	REUSED_PREDECESSOR_BY_DIGEST	PASS	a68853c398ac294a2fc7c4c2c261069aa13e3c4018ef8f11b5fef6899daa6fea
52	GCF_000326585.1	canonical-cohort-100-v1-6be4c0dde65f31d0	/home/erikg/phind-data/ecoli26k/v1/releases/prepare-canonical-cohort-100/canonical-cohort-100-v1-6be4c0dde65f31d0	source_objects/GCF_000326585.1	fb9c50daa1e6600a7785fa175c18c641f78b48f66c2247f9a92c04a23a3cdc22	canonical_objects/GCF_000326585.1	bac9e2de7a4be25e36173c5a4e8a4243ae52856ad87b8ec29b32248e84cb3817	REUSED_PREDECESSOR_BY_DIGEST	PASS	20863c519afe7c9a24b602b964a06bcccca2bf589a6a8c696d3842d24f5d0ccd
53	GCF_000780535.1	canonical-cohort-100-v1-6be4c0dde65f31d0	/home/erikg/phind-data/ecoli26k/v1/releases/prepare-canonical-cohort-100/canonical-cohort-100-v1-6be4c0dde65f31d0	source_objects/GCF_000780535.1	0fca7cfdbd58c2068de6174edefda0c7398a29506f940f21e5839e9b98a19780	canonical_objects/GCF_000780535.1	48779ee5db3ff6cfb4fe34d594ad64d3600256fbd085e2e5399908b45351cbf0	REUSED_PREDECESSOR_BY_DIGEST	PASS	f7dcc50f194bb7e2845d93fc89158a834cab63783dc2fc63c4fa72ebe65b59e4
54	GCF_003570445.1	canonical-cohort-100-v1-6be4c0dde65f31d0	/home/erikg/phind-data/ecoli26k/v1/releases/prepare-canonical-cohort-100/canonical-cohort-100-v1-6be4c0dde65f31d0	source_objects/GCF_003570445.1	f4b2556d24e8c3366c091f70e4b2c0a48269b3ac8175ca0f41df645ea75b0302	canonical_objects/GCF_003570445.1	1a13d80a22fb9bf799a5803cbf18b008a39c7fe846c11bba88dc1322b652c74e	REUSED_PREDECESSOR_BY_DIGEST	PASS	2fbd0bda2f336e10832a65955a46ebba3ad1a72a4dabc79b0b65f47427920213
55	GCF_000447005.2	canonical-cohort-100-v1-6be4c0dde65f31d0	/home/erikg/phind-data/ecoli26k/v1/releases/prepare-canonical-cohort-100/canonical-cohort-100-v1-6be4c0dde65f31d0	source_objects/GCF_000447005.2	97a285c51d3cf8857f339d3facc076fed5f96f8d19e8e4af3ab89b2e732c1e39	canonical_objects/GCF_000447005.2	4b36ca7f0c0dfedfdd278795f58b0a79084fe7ce25261351e7bc36b1976cb562	REUSED_PREDECESSOR_BY_DIGEST	PASS	a7d08b05f24827fc5aa300c09b4331065dd86310e8b84376e731d4d9f1834bc3
56	GCF_013073765.1	canonical-cohort-100-v1-6be4c0dde65f31d0	/home/erikg/phind-data/ecoli26k/v1/releases/prepare-canonical-cohort-100/canonical-cohort-100-v1-6be4c0dde65f31d0	source_objects/GCF_013073765.1	92262ddbf3a2974859c4d4fd78245d1ddf68b6de7b1c2afca5f8eff217857a2b	canonical_objects/GCF_013073765.1	4ed9006f75914099ddcc52ba1df1581960fb38b3b5260c41a0b135cf2d0fb55a	REUSED_PREDECESSOR_BY_DIGEST	PASS	4c7d1592344fca3e376df716584ca08b896c2a1393e5130e5acfc95b1d8d5015
57	GCF_005041275.1	canonical-cohort-100-v1-6be4c0dde65f31d0	/home/erikg/phind-data/ecoli26k/v1/releases/prepare-canonical-cohort-100/canonical-cohort-100-v1-6be4c0dde65f31d0	source_objects/GCF_005041275.1	e200adf6ed1d712ee7fa08379010abe096b0e3164fcaa160dfacc65172e639cd	canonical_objects/GCF_005041275.1	400077c1de1d316cd67cf935de4536eacacc699e4bf2dd85a8a18ba2a6ffe68f	REUSED_PREDECESSOR_BY_DIGEST	PASS	922f9eff960e91965968c402fd0440ca81001847bc95c9c7a2fde43ae71fd531
58	GCF_014862465.1	canonical-cohort-100-v1-6be4c0dde65f31d0	/home/erikg/phind-data/ecoli26k/v1/releases/prepare-canonical-cohort-100/canonical-cohort-100-v1-6be4c0dde65f31d0	source_objects/GCF_014862465.1	84cfa4f22e1f530eeddbf19e95817424cd1ca096aee651baf23420b9a86b3141	canonical_objects/GCF_014862465.1	a15b15c4e996c696c5cc8c42435ff3b65ebe09386b28e07d2e982f889c927b7a	REUSED_PREDECESSOR_BY_DIGEST	PASS	a295b8e73be15b8341ec4ce5d388e5f38d6e564852a8f805910813cf1a27ec30
59	GCF_900195795.1	canonical-cohort-100-v1-6be4c0dde65f31d0	/home/erikg/phind-data/ecoli26k/v1/releases/prepare-canonical-cohort-100/canonical-cohort-100-v1-6be4c0dde65f31d0	source_objects/GCF_900195795.1	685e07137024e1f396b875c7a2022c21c1e849bc10d4c91ce0d7a83cab6658ed	canonical_objects/GCF_900195795.1	bba4dbba47293592d9f68d2c226b703289b64d9ba60d71e6c6656050ebe88965	REUSED_PREDECESSOR_BY_DIGEST	PASS	016721afc95d27f4fa374e2900af695f34f09b408751f4dfee2c308c6a594806
60	GCF_014878375.1	canonical-cohort-100-v1-6be4c0dde65f31d0	/home/erikg/phind-data/ecoli26k/v1/releases/prepare-canonical-cohort-100/canonical-cohort-100-v1-6be4c0dde65f31d0	source_objects/GCF_014878375.1	963ecbbef763e596884f407483282a7a27c676d3233a3dadaba50c0dbab85c8b	canonical_objects/GCF_014878375.1	c102a6362337381d2bf97718fed0206957b98af2f01960de5dd59f6c938d1db3	REUSED_PREDECESSOR_BY_DIGEST	PASS	8e8e3ad2952382cd535807b66abbe3e0d927d29d4d962b40504e339013da4b8a
61	GCF_921293415.1	canonical-cohort-100-v1-6be4c0dde65f31d0	/home/erikg/phind-data/ecoli26k/v1/releases/prepare-canonical-cohort-100/canonical-cohort-100-v1-6be4c0dde65f31d0	source_objects/GCF_921293415.1	89a0e689ebf5e799d670a7b55e8e7ff3c11bc86d1a2939885dcc10d237b4fea1	canonical_objects/GCF_921293415.1	7457fc6e15ba75308f580c7a7918ea7d7e301f9b24cb415d6c0102d4eee76173	REUSED_PREDECESSOR_BY_DIGEST	PASS	bb3003a4b02714f127993a83871c3c6438525d470ea595399c9c33ff896ba0f9
62	GCF_006229985.1	canonical-cohort-100-v1-6be4c0dde65f31d0	/home/erikg/phind-data/ecoli26k/v1/releases/prepare-canonical-cohort-100/canonical-cohort-100-v1-6be4c0dde65f31d0	source_objects/GCF_006229985.1	fdd79905a4929b2c775b4c696312567c66add553f5a65569b33e11f68e4b7af9	canonical_objects/GCF_006229985.1	6244df33655554fa0b45381df3ae42a1e391a0b65b2945103ba44d9709f36c60	REUSED_PREDECESSOR_BY_DIGEST	PASS	a9f04c3a1a3bb4d35033f73ea18da37d8f4d27f9a5c6326f250ee544f91ee09e
63	GCF_005045505.1	canonical-cohort-100-v1-6be4c0dde65f31d0	/home/erikg/phind-data/ecoli26k/v1/releases/prepare-canonical-cohort-100/canonical-cohort-100-v1-6be4c0dde65f31d0	source_objects/GCF_005045505.1	9ed2ee49482be54435e86f21c04ac988fe87d30c4c04a6a09fba515bb1fbe3d5	canonical_objects/GCF_005045505.1	6fba5cfeb5a4a281465681bc9e392c189994f2961dba46fe94b78dce1ab9ebb1	REUSED_PREDECESSOR_BY_DIGEST	PASS	b5396329d46bdc81fd8acef7d494f9bc0bcaab1d3b6074bbcc9abc3c0eff9a60
64	GCF_001660345.1	canonical-cohort-100-v1-6be4c0dde65f31d0	/home/erikg/phind-data/ecoli26k/v1/releases/prepare-canonical-cohort-100/canonical-cohort-100-v1-6be4c0dde65f31d0	source_objects/GCF_001660345.1	0d94cf810e0d6fb54842c9d86f768eb248cee3ab4b7f96ac8e01b755246ab8c3	canonical_objects/GCF_001660345.1	5b9b58afdd3e54467a4acccb10d2940af7869d22ec33de64f1dbff87f69538f9	REUSED_PREDECESSOR_BY_DIGEST	PASS	e318d31848e34c8d2307c029b6549f7746019dee5a28e5d08016b290ea6fb2d8
65	GCF_020162695.1	canonical-cohort-100-v1-6be4c0dde65f31d0	/home/erikg/phind-data/ecoli26k/v1/releases/prepare-canonical-cohort-100/canonical-cohort-100-v1-6be4c0dde65f31d0	source_objects/GCF_020162695.1	93866f9ef83b7943a6fc383548154903e2f7d6269a2fd6c2853dfeafc65cd7f0	canonical_objects/GCF_020162695.1	8d5aabf7a4b41b2cae473d3b00c7ed232463c0881572f4d6ad03c9578cab7d2f	REUSED_PREDECESSOR_BY_DIGEST	PASS	6c21b5ed0fecd3f7278dd2d9e09cc507c76d9da386f9b7dd4d119c7adc819a84
66	GCF_003981675.1	canonical-cohort-100-v1-6be4c0dde65f31d0	/home/erikg/phind-data/ecoli26k/v1/releases/prepare-canonical-cohort-100/canonical-cohort-100-v1-6be4c0dde65f31d0	source_objects/GCF_003981675.1	b547523447e79f97d8072eaadb39b7ba9d4ed99b6414632cc37c0b87b151ca5f	canonical_objects/GCF_003981675.1	b43f6e765328b73baf666453f6686df48dcab62e03ba1bf127108f7bb3a489b5	REUSED_PREDECESSOR_BY_DIGEST	PASS	ff9a2e501edb7af3b92bfcdc411d49e7b1218d3c37e713769c688213be9acec1
67	GCF_905330275.1	canonical-cohort-100-v1-6be4c0dde65f31d0	/home/erikg/phind-data/ecoli26k/v1/releases/prepare-canonical-cohort-100/canonical-cohort-100-v1-6be4c0dde65f31d0	source_objects/GCF_905330275.1	b14d4c9af0b2a01a1175037d20433591af607cb6ac3fc54261f07e6f3a43c245	canonical_objects/GCF_905330275.1	ea2308f2d68d04c08fcf28d0e6fdd1e28201065f9fd6ba823eab6d3a4c2fa27a	REUSED_PREDECESSOR_BY_DIGEST	PASS	90a698297babb0bf8f13e2898a48058cce99a320a28207abeedd851c21a6d147
68	GCF_001617565.1	canonical-cohort-100-v1-6be4c0dde65f31d0	/home/erikg/phind-data/ecoli26k/v1/releases/prepare-canonical-cohort-100/canonical-cohort-100-v1-6be4c0dde65f31d0	source_objects/GCF_001617565.1	41bf689aceb1c3e191dc75b4e11ff4b602464bf267e9234cc48d534613e26eca	canonical_objects/GCF_001617565.1	5dec183527ea1197752e1c18104c23af467ae35df941e0e2c95e9a930c00060a	REUSED_PREDECESSOR_BY_DIGEST	PASS	5c7c278e373e32678516bedeeade71924a302b7a256886cadbc1967babcd4ed6
69	GCF_003983415.1	canonical-cohort-100-v1-6be4c0dde65f31d0	/home/erikg/phind-data/ecoli26k/v1/releases/prepare-canonical-cohort-100/canonical-cohort-100-v1-6be4c0dde65f31d0	source_objects/GCF_003983415.1	c2760e41ab947616be9590b823cfb37196da3c612cb75bce35c905cf5c9c2481	canonical_objects/GCF_003983415.1	b647be173d31b0fe3499700f0a3a7dc767e292a44657fb31296ab9908d82e784	REUSED_PREDECESSOR_BY_DIGEST	PASS	a7f2dd76ece7b2dd3c4671a561d7dc44cf28da07a7e39255d2a67de2692082b5
70	GCF_009899475.1	canonical-cohort-100-v1-6be4c0dde65f31d0	/home/erikg/phind-data/ecoli26k/v1/releases/prepare-canonical-cohort-100/canonical-cohort-100-v1-6be4c0dde65f31d0	source_objects/GCF_009899475.1	f000bda397b9b3fdbfdc9002cb22d3752cd87c646d8cb44dc2a1fc1697d1f24e	canonical_objects/GCF_009899475.1	eb490255cd32a2a33615fe342d41fcc0adee72e6eb4a91b7a747c9f65d2c5830	REUSED_PREDECESSOR_BY_DIGEST	PASS	04e5db30469c5c4f402f2fbd452f6420b581c12fc357d8a3abd77da8b1b6392e
71	GCF_002511115.1	canonical-cohort-100-v1-6be4c0dde65f31d0	/home/erikg/phind-data/ecoli26k/v1/releases/prepare-canonical-cohort-100/canonical-cohort-100-v1-6be4c0dde65f31d0	source_objects/GCF_002511115.1	2ea8c9bbdb353a904afc83248ac1ceb7930c996ef4f86111b7664617b0feab89	canonical_objects/GCF_002511115.1	2e1a58fdab5563bbc1d15453b80de4f21e6d9933235acd7066178fd4484c40a1	REUSED_PREDECESSOR_BY_DIGEST	PASS	4334b1a0787c4ddd973c0f7effc34d0c9e13e43737f75107227c1293311247e1
72	GCF_001521595.1	canonical-cohort-100-v1-6be4c0dde65f31d0	/home/erikg/phind-data/ecoli26k/v1/releases/prepare-canonical-cohort-100/canonical-cohort-100-v1-6be4c0dde65f31d0	source_objects/GCF_001521595.1	8b718fa0d87c1be2c0f0dac59216fbf6480156a974b9e0e58c13197bfe262b33	canonical_objects/GCF_001521595.1	1473f563f8a30abefa0eb378765979a5c5d8be7a9e8c6b87015d3b4056cd5423	REUSED_PREDECESSOR_BY_DIGEST	PASS	6a17ad9f03c5fe833e775372f7f7e4899e6f49f3251860510ceb61bd3531e76f
73	GCF_019351215.1	canonical-cohort-100-v1-6be4c0dde65f31d0	/home/erikg/phind-data/ecoli26k/v1/releases/prepare-canonical-cohort-100/canonical-cohort-100-v1-6be4c0dde65f31d0	source_objects/GCF_019351215.1	00f7057d7dee5a397fef899489f56b33497191a688f905b3be7af338b0d14158	canonical_objects/GCF_019351215.1	fd1cde2c6b3173f9b115e7281161cd051f413a74212ea71e517aeea5152e4c50	REUSED_PREDECESSOR_BY_DIGEST	PASS	c0adea4e9c86e94558b128d573fb74e5fd74676516b9b963fd0c26b44ba4bbf7
74	GCF_020731765.1	canonical-cohort-100-v1-6be4c0dde65f31d0	/home/erikg/phind-data/ecoli26k/v1/releases/prepare-canonical-cohort-100/canonical-cohort-100-v1-6be4c0dde65f31d0	source_objects/GCF_020731765.1	77dbcfec282a2118f4daaa4bd84f1abde06b4d516baceb4675dbe2ae50343adf	canonical_objects/GCF_020731765.1	b42f7f9d3dfaa8eb15c2314005445b9c9770c38ed7f22e5bc6e4024ebddd1d92	REUSED_PREDECESSOR_BY_DIGEST	PASS	9db646684669834956916cc11d21e782dddb1568e71e8a0843410a717ffbe004
75	GCF_001577325.1	canonical-cohort-100-v1-6be4c0dde65f31d0	/home/erikg/phind-data/ecoli26k/v1/releases/prepare-canonical-cohort-100/canonical-cohort-100-v1-6be4c0dde65f31d0	source_objects/GCF_001577325.1	a569fff72be7d1fe90af1511597c85a487b0a55b04f3bdad7326dfeb5b9014b8	canonical_objects/GCF_001577325.1	703035c09b943e532baf2a0ada9386236aa9bc57a6ff9428771be354472456f1	REUSED_PREDECESSOR_BY_DIGEST	PASS	25071831cda809e15aca2d774d0ecee510e21570b2ba7d010cf76fbac7c68e17
76	GCF_000777675.1	canonical-cohort-100-v1-6be4c0dde65f31d0	/home/erikg/phind-data/ecoli26k/v1/releases/prepare-canonical-cohort-100/canonical-cohort-100-v1-6be4c0dde65f31d0	source_objects/GCF_000777675.1	59fe136456f9da762212d7443530819bec26221f5d5024f155d7c6bdf666ea59	canonical_objects/GCF_000777675.1	c35aa37be27667231533e7b30daf5c0b56cb008439de0eeaebc943477799b006	REUSED_PREDECESSOR_BY_DIGEST	PASS	8d0ceb5db2eda971993e9ffb563c00390c76fb77980a2efe8864aeb551a08b35
77	GCF_002109645.1	canonical-cohort-100-v1-6be4c0dde65f31d0	/home/erikg/phind-data/ecoli26k/v1/releases/prepare-canonical-cohort-100/canonical-cohort-100-v1-6be4c0dde65f31d0	source_objects/GCF_002109645.1	fedc43c0f5c37548a4fe0e1f7f5aaf33134d59df8cced6d06c7df08987635564	canonical_objects/GCF_002109645.1	b0141dabeeb651c7db73984dc9adab852842da6a586bc7e94aded2154c685dbb	REUSED_PREDECESSOR_BY_DIGEST	PASS	0c48598f9d19ee89d91a74c87c7b6c0cd27dc90abe46608d1644bff3a0ce3024
78	GCF_003076715.1	canonical-cohort-100-v1-6be4c0dde65f31d0	/home/erikg/phind-data/ecoli26k/v1/releases/prepare-canonical-cohort-100/canonical-cohort-100-v1-6be4c0dde65f31d0	source_objects/GCF_003076715.1	dbd8799fda5f64b837922c0523d5b8c49cb315349b1df4eebcddce0e3e3e7eea	canonical_objects/GCF_003076715.1	cb45dc3b290eb5ffa67fec6d4e099318c4b596d3f53b5db1abb5be79c150bd70	REUSED_PREDECESSOR_BY_DIGEST	PASS	3545da7208094049a6ae6484f7aa325769d80e57ed0abe122d86b2d03e6546ae
79	GCF_002518465.1	canonical-cohort-100-v1-6be4c0dde65f31d0	/home/erikg/phind-data/ecoli26k/v1/releases/prepare-canonical-cohort-100/canonical-cohort-100-v1-6be4c0dde65f31d0	source_objects/GCF_002518465.1	39423df100a8afc92f18dfd2a904b63b1eb3829f4b8ddaae746c593677565a86	canonical_objects/GCF_002518465.1	ed177f60665ad7c8bfeeae537f3bb2e815398bb7c6f7fc43f3aa07eb9aa86bb8	REUSED_PREDECESSOR_BY_DIGEST	PASS	68105d7b58dcac38f84dcb58870090e25d4b24f2e534c28d92439111338da327
80	GCF_000459215.1	canonical-cohort-100-v1-6be4c0dde65f31d0	/home/erikg/phind-data/ecoli26k/v1/releases/prepare-canonical-cohort-100/canonical-cohort-100-v1-6be4c0dde65f31d0	source_objects/GCF_000459215.1	53bb34c74f2bbc82740fdb9b07902085d505ad87fb64223fba45b299d3160b88	canonical_objects/GCF_000459215.1	2fe354fcbd4d07697c1301f3d45f76b684a0f0801118acdd2bca6b9be577d01c	REUSED_PREDECESSOR_BY_DIGEST	PASS	b4a9cf8dc329b96ab2752a39d9ef8d0e898ce0539296c8d04178e05652c51509
81	GCF_900010055.1	canonical-cohort-100-v1-6be4c0dde65f31d0	/home/erikg/phind-data/ecoli26k/v1/releases/prepare-canonical-cohort-100/canonical-cohort-100-v1-6be4c0dde65f31d0	source_objects/GCF_900010055.1	2c97648861d9b0f7525bf15137dfd32946c888e2a5812ed0857205ad1c95cae8	canonical_objects/GCF_900010055.1	757ecc1bd20abbbcb2147536bc078b592fe99329f136b70f73158b3e351512e2	REUSED_PREDECESSOR_BY_DIGEST	PASS	ad28a79b2ef110c738c380b4e407fa842af3c26a87eb8989f91be55b71ba48ec
82	GCF_002769075.1	canonical-cohort-100-v1-6be4c0dde65f31d0	/home/erikg/phind-data/ecoli26k/v1/releases/prepare-canonical-cohort-100/canonical-cohort-100-v1-6be4c0dde65f31d0	source_objects/GCF_002769075.1	3fe3da21b535c995441d432ef96ec04d5f8651f6d1d5f7c1abe19543e9f28a5d	canonical_objects/GCF_002769075.1	5f46b13d09c2d34ef12a515204cf5c1e5e34677db5c0c0da503b2bd0dcbf7e57	REUSED_PREDECESSOR_BY_DIGEST	PASS	4d52bdf4df92971a3506d9e4aabfd703067a823d61765f3ef8e33b087da92752
83	GCF_009910015.1	canonical-cohort-100-v1-6be4c0dde65f31d0	/home/erikg/phind-data/ecoli26k/v1/releases/prepare-canonical-cohort-100/canonical-cohort-100-v1-6be4c0dde65f31d0	source_objects/GCF_009910015.1	c2410310b732f50311f89290053a0287b0b5e86afc70c148cddd966856a30f7a	canonical_objects/GCF_009910015.1	a4a2f3d5bc7dc96004e52f39e77c5cdc188269fa8b3044b759f9e83c01161f0e	REUSED_PREDECESSOR_BY_DIGEST	PASS	13d75fc6f9c718ae34d7da7570aacb77afc7228087c2e6c84ac81edd55e465be
84	GCF_013370905.1	canonical-cohort-100-v1-6be4c0dde65f31d0	/home/erikg/phind-data/ecoli26k/v1/releases/prepare-canonical-cohort-100/canonical-cohort-100-v1-6be4c0dde65f31d0	source_objects/GCF_013370905.1	f2c00fffc4235f698420c8178816cf25b25e05daa24784a1df797da555566025	canonical_objects/GCF_013370905.1	b7438047d4ecf5647633d20a9daf16435cd8b3d29c6afea922d678979fd5391f	REUSED_PREDECESSOR_BY_DIGEST	PASS	35a5ab5989b3a5bf0f6b13bcc08f738448375618af295d381441a3e0f71387d7
85	GCF_000619025.1	canonical-cohort-100-v1-6be4c0dde65f31d0	/home/erikg/phind-data/ecoli26k/v1/releases/prepare-canonical-cohort-100/canonical-cohort-100-v1-6be4c0dde65f31d0	source_objects/GCF_000619025.1	0714527d0952ff61e2cd43ec0ed8f154f3b4e7ea123557e7682fbd93ff0a9c74	canonical_objects/GCF_000619025.1	8727e442b648ebb1bb4cb4b189c6dc679fc30aa3ef2c3ec8bc82b5d29e394dd8	REUSED_PREDECESSOR_BY_DIGEST	PASS	c752b098efd8ae5b29410ed1da9db4ca59184f6a2d3566b7c3fd1d5cb0257042
86	GCF_016404105.1	canonical-cohort-100-v1-6be4c0dde65f31d0	/home/erikg/phind-data/ecoli26k/v1/releases/prepare-canonical-cohort-100/canonical-cohort-100-v1-6be4c0dde65f31d0	source_objects/GCF_016404105.1	ea3ef7dbff9d4559c62aebe7041f60202c72bf1227c729f3cbfbbf854223ea5a	canonical_objects/GCF_016404105.1	fe76847b864a5f12fb130c892be2508079285046d6a502fe36b3e1159bcacf94	REUSED_PREDECESSOR_BY_DIGEST	PASS	923b859798ed2b9221c89473b1bea4e53c9ca1e78b0ac999f2b092a76c234573
87	GCF_902859475.1	canonical-cohort-100-v1-6be4c0dde65f31d0	/home/erikg/phind-data/ecoli26k/v1/releases/prepare-canonical-cohort-100/canonical-cohort-100-v1-6be4c0dde65f31d0	source_objects/GCF_902859475.1	61dbcae260476ee77c34b645ba97e9d07b315d318bb8dede4f9ccce218af3f35	canonical_objects/GCF_902859475.1	b2aaade0cbfa24df0d460bef70bb0fa42e71a445682d5a074976aa99536626fe	REUSED_PREDECESSOR_BY_DIGEST	PASS	cf2e796bd47b28790e60560810108fd7226e40a3cfb618cb48b021441c542b04
88	GCF_019282095.1	canonical-cohort-100-v1-6be4c0dde65f31d0	/home/erikg/phind-data/ecoli26k/v1/releases/prepare-canonical-cohort-100/canonical-cohort-100-v1-6be4c0dde65f31d0	source_objects/GCF_019282095.1	c0e281043b49577dacb1164fcd0c42e9e87fda5b2efb439e0352c0c7e1edca3d	canonical_objects/GCF_019282095.1	53e90f04f4433c706e1061ebcdef08a3be25ca4e8cfb5bf982130cf589684064	REUSED_PREDECESSOR_BY_DIGEST	PASS	8c19044dc89621dcc147d1d49998d9e96afe679e81018d5548f6279392c81526
89	GCF_000326905.1	canonical-cohort-100-v1-6be4c0dde65f31d0	/home/erikg/phind-data/ecoli26k/v1/releases/prepare-canonical-cohort-100/canonical-cohort-100-v1-6be4c0dde65f31d0	source_objects/GCF_000326905.1	06a3b5d00d7567bb83f5597e461f16ef2431752ea08d30447ce629d5c1e8affb	canonical_objects/GCF_000326905.1	2181a02867cd0c90f7e530fce790df0b5e8adf670780ed220aa8928fae5d1ec0	REUSED_PREDECESSOR_BY_DIGEST	PASS	8246659912f329d29a160bd164a23e51f52e3bf35dda7c940f7bebbdc9905cc6
90	GCF_003357545.1	canonical-cohort-100-v1-6be4c0dde65f31d0	/home/erikg/phind-data/ecoli26k/v1/releases/prepare-canonical-cohort-100/canonical-cohort-100-v1-6be4c0dde65f31d0	source_objects/GCF_003357545.1	764780fd7e1be2198f9c2091e3fb998cc9ef6656879b99807603bfbc70ae617a	canonical_objects/GCF_003357545.1	f3def6b24edbadab19e69644b8b7f4b2618a2ca9b9644757758468d9404eec2e	REUSED_PREDECESSOR_BY_DIGEST	PASS	4a85cebc8ddc80e3451a56949a43d6070211601e044e574395daed27b1bd1b9f
91	GCF_001753505.1	canonical-cohort-100-v1-6be4c0dde65f31d0	/home/erikg/phind-data/ecoli26k/v1/releases/prepare-canonical-cohort-100/canonical-cohort-100-v1-6be4c0dde65f31d0	source_objects/GCF_001753505.1	cc0305dffcf5be7e5f6b89685145c22e27c4ec5d4130b93a8e414221f49615f2	canonical_objects/GCF_001753505.1	cff241bfc953873b04c960ebdd28c428bbda3d0171da1d39fe1d061cfb6dcd5d	REUSED_PREDECESSOR_BY_DIGEST	PASS	7677f05584fb661de891fe549157bb75af5c88b51c0aeea7c4d235811a561048
92	GCF_003292995.1	canonical-cohort-100-v1-6be4c0dde65f31d0	/home/erikg/phind-data/ecoli26k/v1/releases/prepare-canonical-cohort-100/canonical-cohort-100-v1-6be4c0dde65f31d0	source_objects/GCF_003292995.1	6b51aa48ad9a2a5c35de5f4c064e333d800b4ca0d2dc2252ac406f3bc89b6b63	canonical_objects/GCF_003292995.1	d581e8c4463047e9dda99dfc7508a7b12f2382f33f6199494f8f56445fd09d89	REUSED_PREDECESSOR_BY_DIGEST	PASS	b1afc89ca9a1a832381bade39dd2ddba9f816987e3749107a18ab1e979b59857
93	GCF_001713625.1	canonical-cohort-100-v1-6be4c0dde65f31d0	/home/erikg/phind-data/ecoli26k/v1/releases/prepare-canonical-cohort-100/canonical-cohort-100-v1-6be4c0dde65f31d0	source_objects/GCF_001713625.1	dddba4d82d040212bf370403815cd8218c3099d29d87e2f840b49001ad55975d	canonical_objects/GCF_001713625.1	8f288514fd8fb2d6baf4c441a74da715950dfd87379b14761ce4d609be9f75a4	REUSED_PREDECESSOR_BY_DIGEST	PASS	84a43e91b700524ba24449aaa71ec7a5404312cc54ebc0db03de32da019e8e85
94	GCF_010592655.1	canonical-cohort-100-v1-6be4c0dde65f31d0	/home/erikg/phind-data/ecoli26k/v1/releases/prepare-canonical-cohort-100/canonical-cohort-100-v1-6be4c0dde65f31d0	source_objects/GCF_010592655.1	99ca7e4e4bbb537828d5fcba1019421889817fa28f203f69cc9be638ce99edda	canonical_objects/GCF_010592655.1	9c61de003d0fa67f90fbfe32fb390dbb82f580f507beaad856827ef121b61838	REUSED_PREDECESSOR_BY_DIGEST	PASS	36f431c86a6f05427c5e2bd63d057fe68d421a87dd57debd833810ae8755689e
95	GCF_003322245.1	canonical-cohort-100-v1-6be4c0dde65f31d0	/home/erikg/phind-data/ecoli26k/v1/releases/prepare-canonical-cohort-100/canonical-cohort-100-v1-6be4c0dde65f31d0	source_objects/GCF_003322245.1	eb3da64c28cd4db540bc03434631427eb1983e072168950c625e1cf58602d021	canonical_objects/GCF_003322245.1	edc5d6ce7549335691966031144547f143f91a1b5b064526e97b016c5c1bb260	REUSED_PREDECESSOR_BY_DIGEST	PASS	4e1074bd174296ee13886cf93dd77b0f8bf33d09b3f6b8b375d64774037225ec
96	GCF_900490675.1	canonical-cohort-100-v1-6be4c0dde65f31d0	/home/erikg/phind-data/ecoli26k/v1/releases/prepare-canonical-cohort-100/canonical-cohort-100-v1-6be4c0dde65f31d0	source_objects/GCF_900490675.1	e2ca38f046b67dcd78a63ee4fe3b94d1f3f8a15cd879a09e6428ecec45b13f46	canonical_objects/GCF_900490675.1	d3183de9baac98739af74b17859bd6e376029b10b0e1c881b6c1121719346be6	REUSED_PREDECESSOR_BY_DIGEST	PASS	e5cd37d20bf68ca108dbd6651bcef46d0bd93c746a95d32496695ff2eb43e514
97	GCF_017896545.1	canonical-cohort-100-v1-6be4c0dde65f31d0	/home/erikg/phind-data/ecoli26k/v1/releases/prepare-canonical-cohort-100/canonical-cohort-100-v1-6be4c0dde65f31d0	source_objects/GCF_017896545.1	b54248e644bc2d0170e4eedaf0f27c3bfda9d1fb7c739a60eae51d1621ed7381	canonical_objects/GCF_017896545.1	bcc73c7731b818128a6dc5d21453deeb992c9251d8941fdf1b01954a575528a8	REUSED_PREDECESSOR_BY_DIGEST	PASS	b9d3c5e4d64b5be5b837538f860be7e8e442f7d8675bb46ff8a14cea2ffccd08
98	GCF_900499395.1	canonical-cohort-100-v1-6be4c0dde65f31d0	/home/erikg/phind-data/ecoli26k/v1/releases/prepare-canonical-cohort-100/canonical-cohort-100-v1-6be4c0dde65f31d0	source_objects/GCF_900499395.1	aec402380c2a9e9861cea466941ea0fdd37ca63a6cc45a487bae7a94b55f315e	canonical_objects/GCF_900499395.1	424cfe5e982646193efdb803a6c05d4700a142fc4ff0ffc00a93f179763ea5dd	REUSED_PREDECESSOR_BY_DIGEST	PASS	aa3364586964c23a0a686957e3d6436e93389d13ae2780d58190b54ba3aa8d40
99	GCF_019957265.1	canonical-cohort-100-v1-6be4c0dde65f31d0	/home/erikg/phind-data/ecoli26k/v1/releases/prepare-canonical-cohort-100/canonical-cohort-100-v1-6be4c0dde65f31d0	source_objects/GCF_019957265.1	2e93ba5d581582bed1cbbbd32012ea5229c7b33e46cf684756abd46ae65b0f23	canonical_objects/GCF_019957265.1	9abe16a264a01e69ca2d7da53f21a5ea393ec99df7f8bef0051a93569dceea5c	REUSED_PREDECESSOR_BY_DIGEST	PASS	8c951cfb335a64728606c92c54f35b8635d5c9fede7976e95f27bdcd3a91d11c
100	GCF_003730815.1	canonical-cohort-100-v1-6be4c0dde65f31d0	/home/erikg/phind-data/ecoli26k/v1/releases/prepare-canonical-cohort-100/canonical-cohort-100-v1-6be4c0dde65f31d0	source_objects/GCF_003730815.1	46d2fc5895e4eca0fda7208ffa6ebb466542137731e06892fcb72d8c7d6d5b88	canonical_objects/GCF_003730815.1	56eb3d8d6fb5086db0b262b4bb99329a6778894ab3105b248ed8cae3b37e28c3	REUSED_PREDECESSOR_BY_DIGEST	PASS	d8923dc14b325fc949123f4e40daead4ad1d0663849a9e6c7d7d4a07c359b06b
101	GCF_002810165.1	canonical-cohort-250-v1-a6184d7d6ee08bda	/home/erikg/phind-data/ecoli26k/v1/releases/prepare-canonical-cohort-250/canonical-cohort-250-v1-a6184d7d6ee08bda	source_objects/GCF_002810165.1	208033ebdb28f2ad9a9050ad7097b1f7969cade43675e8c14066d4c48c55868e	canonical_objects/GCF_002810165.1	ce011580627fedf434d1f958e6ced9cfb42a7cc59760104c2daae3f3ba3bfe8f	REUSED_PREDECESSOR_BY_DIGEST	PASS	75e8957939a78befc08a9c0c60a053f162e951ed5e81e02eb62689ae65d5309e
102	GCF_003020885.1	canonical-cohort-250-v1-a6184d7d6ee08bda	/home/erikg/phind-data/ecoli26k/v1/releases/prepare-canonical-cohort-250/canonical-cohort-250-v1-a6184d7d6ee08bda	source_objects/GCF_003020885.1	43f83aee8b3ca4de8a84d5ac4065aa22d784591ba3c952dcd9dbe765ea0bf7fa	canonical_objects/GCF_003020885.1	cbea093f2028871bf16d15d00d975e894341962b43738b8d2fd054b6eca6c9bd	REUSED_PREDECESSOR_BY_DIGEST	PASS	8557e2237762c42685dd28a571e138156f261209b56c47ac325fbe7925793c54
103	GCF_019585745.1	canonical-cohort-250-v1-a6184d7d6ee08bda	/home/erikg/phind-data/ecoli26k/v1/releases/prepare-canonical-cohort-250/canonical-cohort-250-v1-a6184d7d6ee08bda	source_objects/GCF_019585745.1	82032a4d16ed253419c4aae460567867907dc55eabd1370f2d8ba338920858c8	canonical_objects/GCF_019585745.1	d6dbe97884cc97e8e2eeee48da73f6adeaaced96121564a39159f494406e233d	REUSED_PREDECESSOR_BY_DIGEST	PASS	23a2e570bb27cb57d4bc1d793f8f2cddb83e919a50e2d02f0aa9a1acd34ff261
104	GCF_001519855.1	canonical-cohort-250-v1-a6184d7d6ee08bda	/home/erikg/phind-data/ecoli26k/v1/releases/prepare-canonical-cohort-250/canonical-cohort-250-v1-a6184d7d6ee08bda	source_objects/GCF_001519855.1	91673e9065828521643b01412a3eb58449ff8dcc540ae6d790af26b4fb0a8b27	canonical_objects/GCF_001519855.1	3e01cd8c7a1a31bcf5f5565470752bf9c5fee3feb580500992ef48d0044eb5cf	REUSED_PREDECESSOR_BY_DIGEST	PASS	1e1a8d1340ec3bc8ae0f7706a80917cab542fc12b573cf0d10f78ef5c4c9993f
105	GCF_003361255.1	canonical-cohort-250-v1-a6184d7d6ee08bda	/home/erikg/phind-data/ecoli26k/v1/releases/prepare-canonical-cohort-250/canonical-cohort-250-v1-a6184d7d6ee08bda	source_objects/GCF_003361255.1	861d7402b715bddb6e762e468a093a780facc0210420bc1896a8c31570f60013	canonical_objects/GCF_003361255.1	4c7177e65e6d952f2b928b77ec4d48bdf853626ad04d8352999863ca814dee63	REUSED_PREDECESSOR_BY_DIGEST	PASS	937ce87adfe0c360730e208ccf685645dd9036d36c1ec6b9ce7b6b493776f757
106	GCF_020421595.1	canonical-cohort-250-v1-a6184d7d6ee08bda	/home/erikg/phind-data/ecoli26k/v1/releases/prepare-canonical-cohort-250/canonical-cohort-250-v1-a6184d7d6ee08bda	source_objects/GCF_020421595.1	cdc6e9b3dc83fff67ee798d351c3db711cedb64991286502ebf5cd77131a4101	canonical_objects/GCF_020421595.1	b7af12bee756fcb676badf3044d5b9fb6f948bbb7b62ba6bb91af4c963ab86ab	REUSED_PREDECESSOR_BY_DIGEST	PASS	4cf808fa930e811df5c23c9aad0da9cdb5a8a1f60b0e7cda6685247394252990
107	GCF_020381905.1	canonical-cohort-250-v1-a6184d7d6ee08bda	/home/erikg/phind-data/ecoli26k/v1/releases/prepare-canonical-cohort-250/canonical-cohort-250-v1-a6184d7d6ee08bda	source_objects/GCF_020381905.1	7af351d315e9f6c38cb74867191e73fbd66ec9904b830a52093d5895dd467eaf	canonical_objects/GCF_020381905.1	a1f6a00e771feec720df4167c504be758e10865445546ba86abda2e9aa04a77b	REUSED_PREDECESSOR_BY_DIGEST	PASS	c511e4ea5a29b3d7e2cbb7121afb4e420ddbbb30f26c1b4e418cad8f8a1f3028
108	GCF_005384845.1	canonical-cohort-250-v1-a6184d7d6ee08bda	/home/erikg/phind-data/ecoli26k/v1/releases/prepare-canonical-cohort-250/canonical-cohort-250-v1-a6184d7d6ee08bda	source_objects/GCF_005384845.1	4c5aeefabf022e90b9768b3cc37c59b75437108ea1dcaeb6167ae780b553c75c	canonical_objects/GCF_005384845.1	ba508afb4fec3e801bb44a8a01f8d31c0b165a8688d3868be85ae66b7bffa6dd	REUSED_PREDECESSOR_BY_DIGEST	PASS	c78116a26035503bc571cced5d879c8450ad3c8dfd7e07a5342ec663113257b3
109	GCF_020553415.1	canonical-cohort-250-v1-a6184d7d6ee08bda	/home/erikg/phind-data/ecoli26k/v1/releases/prepare-canonical-cohort-250/canonical-cohort-250-v1-a6184d7d6ee08bda	source_objects/GCF_020553415.1	bedb80b157bfcce10f9c66f187395f7580617d483c569845447d5143407ca6b9	canonical_objects/GCF_020553415.1	91eef75a248526f5a617ab2f75528e0ca9c279f1f19fb64e509e8b0774687c92	REUSED_PREDECESSOR_BY_DIGEST	PASS	eca79a2bf7a77ab890fb26a78422e75f28cc19e1fc11650eb523ec6e33eb98cf
110	GCF_003981865.1	canonical-cohort-250-v1-a6184d7d6ee08bda	/home/erikg/phind-data/ecoli26k/v1/releases/prepare-canonical-cohort-250/canonical-cohort-250-v1-a6184d7d6ee08bda	source_objects/GCF_003981865.1	cc1510aba8aaf1eb30e3d7ec7f372c5acb2f3c48e497ba1d024d43f18ceb6a60	canonical_objects/GCF_003981865.1	dde680004def7a832178b6ec27dbbda0ba8ada2f1aa369e22c97ea0b1db2c4f2	REUSED_PREDECESSOR_BY_DIGEST	PASS	a4f1d03fedf494edd268a6647572830cd86e9aa139d92c822a1cd6cc3a5ce1cd
111	GCF_900482585.1	canonical-cohort-250-v1-a6184d7d6ee08bda	/home/erikg/phind-data/ecoli26k/v1/releases/prepare-canonical-cohort-250/canonical-cohort-250-v1-a6184d7d6ee08bda	source_objects/GCF_900482585.1	e40fe50071477ac1f052adc8a1ebe0a33eb345c9a5666e15a6d3348ff795f95e	canonical_objects/GCF_900482585.1	31aef0ff954fbd06bafcb0c8e533ae56764fa30c8fbf04226f9a987441cdaafa	REUSED_PREDECESSOR_BY_DIGEST	PASS	9233e64855d73ad9c930c75ccaf65bbdc9e01052ed495440e236e7fcdda0bf4e
112	GCF_002486525.1	canonical-cohort-250-v1-a6184d7d6ee08bda	/home/erikg/phind-data/ecoli26k/v1/releases/prepare-canonical-cohort-250/canonical-cohort-250-v1-a6184d7d6ee08bda	source_objects/GCF_002486525.1	fefa4a97f4e6ea862e63368ff1cbdf44fb7e05cf6d78aeaa9c5a7f94f6e8f1be	canonical_objects/GCF_002486525.1	9c4f020196feb902ef6be66883328e7ec169e80b7931b2d9273a7ca02ffe8ba8	REUSED_PREDECESSOR_BY_DIGEST	PASS	a42498c8affc871a5f016a7e942bfbefe2ebb9e5c02793c760277a3f261d3509
113	GCF_900478915.1	canonical-cohort-250-v1-a6184d7d6ee08bda	/home/erikg/phind-data/ecoli26k/v1/releases/prepare-canonical-cohort-250/canonical-cohort-250-v1-a6184d7d6ee08bda	source_objects/GCF_900478915.1	7038fb7e7e8d461723711502ce6b98a77f53012ee8436fb020017767e9223ddf	canonical_objects/GCF_900478915.1	2c437c5e6c822f572f8eddb954f02926c45f9b921aef09d2f03c11c147f73a05	REUSED_PREDECESSOR_BY_DIGEST	PASS	8a06d581b3d414b4ac843c9488c69628ede21c64f9a7077719eb5f3c80f7d386
114	GCF_000457675.1	canonical-cohort-250-v1-a6184d7d6ee08bda	/home/erikg/phind-data/ecoli26k/v1/releases/prepare-canonical-cohort-250/canonical-cohort-250-v1-a6184d7d6ee08bda	source_objects/GCF_000457675.1	83b810140e2905a0f2902a96b4abefa0ce898c13958c5266bdcef189a6100c5a	canonical_objects/GCF_000457675.1	4bde1875dfe8dfb2dfbfc9ea42ad09f7cfa2cc1499fa1f72f5c7627c43d6d376	REUSED_PREDECESSOR_BY_DIGEST	PASS	c2af175a25d89efe3745353f9ab8ae331f9ab1367250014c9ef9364877c6ef49
115	GCF_001621575.1	canonical-cohort-250-v1-a6184d7d6ee08bda	/home/erikg/phind-data/ecoli26k/v1/releases/prepare-canonical-cohort-250/canonical-cohort-250-v1-a6184d7d6ee08bda	source_objects/GCF_001621575.1	275182e4d8ff50f13a52451639486d9b222eb318959aa19404300d53ff77a897	canonical_objects/GCF_001621575.1	068838e3676242a7c3f93483c35d77a467c4eac5e8d8b4d07c5b7ab71c027377	REUSED_PREDECESSOR_BY_DIGEST	PASS	189d98ed6ad73bc35d46f3b61586114410e7d107b7f5f28057d2a3d557af1dfe
116	GCF_009789895.1	canonical-cohort-250-v1-a6184d7d6ee08bda	/home/erikg/phind-data/ecoli26k/v1/releases/prepare-canonical-cohort-250/canonical-cohort-250-v1-a6184d7d6ee08bda	source_objects/GCF_009789895.1	834b802072d751ba4eaf44241ffe7d1760a40aacb9d4d97006af7913887216ea	canonical_objects/GCF_009789895.1	ef4268084a28cefa4d1dd8429d374c9f1b330ab594bee9e6220c92d4cdc040f5	REUSED_PREDECESSOR_BY_DIGEST	PASS	23327a0c6cd167fc153d4e30d2379e66a45821f33d2557a9469192da638480ed
117	GCF_004566835.1	canonical-cohort-250-v1-a6184d7d6ee08bda	/home/erikg/phind-data/ecoli26k/v1/releases/prepare-canonical-cohort-250/canonical-cohort-250-v1-a6184d7d6ee08bda	source_objects/GCF_004566835.1	6724b198ac888dcf3ee838af9e47c2a9d480ccf7d9c3b089d360166d00587eab	canonical_objects/GCF_004566835.1	a2bf3bd25865547836b4a659886a103f5e6aff8294a30d1c82bcf6039327c97e	REUSED_PREDECESSOR_BY_DIGEST	PASS	9c930115b0ce622719bfd4d129c6dcd8a34b5706efd6ea81ca6f5d2f75dcfdfb
118	GCF_020023255.1	canonical-cohort-250-v1-a6184d7d6ee08bda	/home/erikg/phind-data/ecoli26k/v1/releases/prepare-canonical-cohort-250/canonical-cohort-250-v1-a6184d7d6ee08bda	source_objects/GCF_020023255.1	74a62f51a8b71f3a9d29df7b8ea4eb95c5b323647cb5bcacb0d3bc6c5a191c97	canonical_objects/GCF_020023255.1	1526e34facba9e043e60ab0c60908d4e2a432405f0a7defa26f04df97b4e6249	REUSED_PREDECESSOR_BY_DIGEST	PASS	b43036394c8530f9ec6f259b9d3afda2c7171444b7c1f9a66a47bfe03f443ec0
119	GCF_002194865.1	canonical-cohort-250-v1-a6184d7d6ee08bda	/home/erikg/phind-data/ecoli26k/v1/releases/prepare-canonical-cohort-250/canonical-cohort-250-v1-a6184d7d6ee08bda	source_objects/GCF_002194865.1	d111a2ba094870f660a7a3f4c939401b88b9991e2bfe1b970d553c378eff6617	canonical_objects/GCF_002194865.1	8ab50ab299b605d81566e5203927770e7bb1a5ee31294ac033e507809e891da6	REUSED_PREDECESSOR_BY_DIGEST	PASS	e393fda4b15e95fced22ff1dffd4355511843e79c8de42d59d086d17a4070c4d
120	GCF_009882745.1	canonical-cohort-250-v1-a6184d7d6ee08bda	/home/erikg/phind-data/ecoli26k/v1/releases/prepare-canonical-cohort-250/canonical-cohort-250-v1-a6184d7d6ee08bda	source_objects/GCF_009882745.1	e0212d7230a703ec53a7af29e701fd600fb8ccf0fa95579805de099ea7bcbae6	canonical_objects/GCF_009882745.1	eae1d939ac51fd72f7544cf8337724a4883c0356f5cf312c8bbe7c84939b5afc	REUSED_PREDECESSOR_BY_DIGEST	PASS	f43848c8539a199b0b61a79762aa9ebe363b8abc8de6538165ca1cd62893fb89
121	GCF_003302025.1	canonical-cohort-250-v1-a6184d7d6ee08bda	/home/erikg/phind-data/ecoli26k/v1/releases/prepare-canonical-cohort-250/canonical-cohort-250-v1-a6184d7d6ee08bda	source_objects/GCF_003302025.1	1a082c3fe3f058114750497b89c3e0b41bcc9765d48da741133a383ee9aafa61	canonical_objects/GCF_003302025.1	6a8bce1eafc13efa57e120ff5b832b5ef627ad0f0bb006eaa19ac1d425628cfb	REUSED_PREDECESSOR_BY_DIGEST	PASS	a2f7e7d530a34cfbd3a3f6e22c3ad1fe696bdbca32876d99b060434f3c21d27a
122	GCF_002465545.1	canonical-cohort-250-v1-a6184d7d6ee08bda	/home/erikg/phind-data/ecoli26k/v1/releases/prepare-canonical-cohort-250/canonical-cohort-250-v1-a6184d7d6ee08bda	source_objects/GCF_002465545.1	d174576c35d289467f85f8e8b9939f6de4f7167cf298eb96b7d88f408a50186b	canonical_objects/GCF_002465545.1	1979fff508bb34ae38205fb591ab2a669e25ac33a743d81c7e35efd1a4ec20a1	REUSED_PREDECESSOR_BY_DIGEST	PASS	844b84b935f9ced62d3b371390ba6c34723d1a74369ac8bd27a2def13bd04c74
123	GCF_006542825.1	canonical-cohort-250-v1-a6184d7d6ee08bda	/home/erikg/phind-data/ecoli26k/v1/releases/prepare-canonical-cohort-250/canonical-cohort-250-v1-a6184d7d6ee08bda	source_objects/GCF_006542825.1	106e27bdd942c11b3b9b1d953df905241e11cb56b19b5ac461e30909a9046350	canonical_objects/GCF_006542825.1	60660a99344d56c4cce490296bb2c4061abed9b3f6ec2f579a3e1b6a2d01156b	REUSED_PREDECESSOR_BY_DIGEST	PASS	f2f50e390a38a4cd08c1e799e54007b4d934fe52ee7bb3793b5e0202a2791c38
124	GCF_009931235.1	canonical-cohort-250-v1-a6184d7d6ee08bda	/home/erikg/phind-data/ecoli26k/v1/releases/prepare-canonical-cohort-250/canonical-cohort-250-v1-a6184d7d6ee08bda	source_objects/GCF_009931235.1	57de7790f91b297a586db13225f3e84ee15bb1dff680a0b7f3358c83ca0dc6b4	canonical_objects/GCF_009931235.1	a1ad5f41add4695925b14b97a6060be918fa33eaf43ee08a00fbf108c4a2d316	REUSED_PREDECESSOR_BY_DIGEST	PASS	f349eff6024e32101ea8734d3f74aa60ff7048c2c3c989415d4271e33ee6061d
125	GCF_000835055.1	canonical-cohort-250-v1-a6184d7d6ee08bda	/home/erikg/phind-data/ecoli26k/v1/releases/prepare-canonical-cohort-250/canonical-cohort-250-v1-a6184d7d6ee08bda	source_objects/GCF_000835055.1	91e025ccaaadc9eb689270a169bb35061932a557db41589625847f785d9c95fb	canonical_objects/GCF_000835055.1	c773c1d0ca70a396a2734d996bdc656ccb27ead040dd7a72c9934cb38c787cc5	REUSED_PREDECESSOR_BY_DIGEST	PASS	83483963daf00a9a9facd3589227ec21f1cdf24b7f960fab05f5f6507fcf69cb
126	GCF_003293975.1	canonical-cohort-250-v1-a6184d7d6ee08bda	/home/erikg/phind-data/ecoli26k/v1/releases/prepare-canonical-cohort-250/canonical-cohort-250-v1-a6184d7d6ee08bda	source_objects/GCF_003293975.1	34cb7d8d2bfb0a2aa16cc59eca698a8e244d9254f0ac6fef5780cfbfbfb9955d	canonical_objects/GCF_003293975.1	5060b616d6e39b7e2f59778bca0f91a11878c6ea45b7148a791faf59ebfef544	REUSED_PREDECESSOR_BY_DIGEST	PASS	7378d4be26c66e9192df580619d3a2f70099a6e50c7de9df9e2d38c7eb11a69b
127	GCF_002116465.1	canonical-cohort-250-v1-a6184d7d6ee08bda	/home/erikg/phind-data/ecoli26k/v1/releases/prepare-canonical-cohort-250/canonical-cohort-250-v1-a6184d7d6ee08bda	source_objects/GCF_002116465.1	3349d9e0ac3f3652c4a6f765da8b33937f1101079470c20dfada6ebaa2ce03d8	canonical_objects/GCF_002116465.1	ed48c056ede48bcd4649e6e52dd8c7390855c3e08902c0a02c340d55b2e42f67	REUSED_PREDECESSOR_BY_DIGEST	PASS	09714810e9344807c588f67517bcaa5e07ec8b25edc349a08beb42a6bdd9f31c
128	GCF_002228865.1	canonical-cohort-250-v1-a6184d7d6ee08bda	/home/erikg/phind-data/ecoli26k/v1/releases/prepare-canonical-cohort-250/canonical-cohort-250-v1-a6184d7d6ee08bda	source_objects/GCF_002228865.1	46d231f0d17deaae561dce78ea130c73c8173994b9dc553f3bddaec2efe64d78	canonical_objects/GCF_002228865.1	8df566bd862e49c339da5bdca89759739c18cc7922712dcca215bdc34ce74d0d	REUSED_PREDECESSOR_BY_DIGEST	PASS	afee35d29bfbd713ad491377fac361c317730a7414591b76faa7485dddedfd1c
129	GCF_002486585.1	canonical-cohort-250-v1-a6184d7d6ee08bda	/home/erikg/phind-data/ecoli26k/v1/releases/prepare-canonical-cohort-250/canonical-cohort-250-v1-a6184d7d6ee08bda	source_objects/GCF_002486585.1	d9698de8d3594d67e0703828502a31ab72e7f95c04aa109c8a314b502d26b1cb	canonical_objects/GCF_002486585.1	722826e7966c50e3fd7bde95b2a7c98165af1420a1f9d7c6e8d8bdcd1423bae8	REUSED_PREDECESSOR_BY_DIGEST	PASS	96358cc111ad6161b8c6f71909e1d8877424c1198c9bb34a9217a484a94bdfc7
130	GCF_002244095.1	canonical-cohort-250-v1-a6184d7d6ee08bda	/home/erikg/phind-data/ecoli26k/v1/releases/prepare-canonical-cohort-250/canonical-cohort-250-v1-a6184d7d6ee08bda	source_objects/GCF_002244095.1	895000aceebab933b64c7587e68f539ebb4307c102884abc95af6190cfa24514	canonical_objects/GCF_002244095.1	45e925a83a5141b04c4d5c8bd215c7ec7f61af25a97a3fc153463018787464d8	REUSED_PREDECESSOR_BY_DIGEST	PASS	8d5e111e6bf30253df6aecbbc655b700fccd51689706f3580f4c42de6e5bb51f
131	GCF_001651605.1	canonical-cohort-250-v1-a6184d7d6ee08bda	/home/erikg/phind-data/ecoli26k/v1/releases/prepare-canonical-cohort-250/canonical-cohort-250-v1-a6184d7d6ee08bda	source_objects/GCF_001651605.1	75a62df56022033aaf63da7141a77c25fbea5cf2f038a5853801055385e2e6f3	canonical_objects/GCF_001651605.1	64f424733f04c92e5df6f722e045e64c0d7e7366e6f0dd58dc24ba454e6ef7fc	REUSED_PREDECESSOR_BY_DIGEST	PASS	9854080eb7cfd94fff7bd178076e845cce42061254309d69c83b177f60d42515
132	GCF_019834335.1	canonical-cohort-250-v1-a6184d7d6ee08bda	/home/erikg/phind-data/ecoli26k/v1/releases/prepare-canonical-cohort-250/canonical-cohort-250-v1-a6184d7d6ee08bda	source_objects/GCF_019834335.1	5dc0440fed7fa9d1d0251a95987c2941a22ead77d4615e64922a10f0af50bb9f	canonical_objects/GCF_019834335.1	cd089e19c1b8b8d776ff26cea23ebb58b9a71ca42444520812ab1e7f3a7c6055	REUSED_PREDECESSOR_BY_DIGEST	PASS	a146223885da9f142d1cff358005a231602f57372550c673481ab44940ff59cc
133	GCF_001266305.1	canonical-cohort-250-v1-a6184d7d6ee08bda	/home/erikg/phind-data/ecoli26k/v1/releases/prepare-canonical-cohort-250/canonical-cohort-250-v1-a6184d7d6ee08bda	source_objects/GCF_001266305.1	e561f1dae0d0029ab569ea8b5add509fa50f2206a4d80749cf6e6ce1c76e89c6	canonical_objects/GCF_001266305.1	e8f8787ebe5b6b18ba66dce5488a106e2a9e224c9c9d5ea13ee0654909bb4fad	REUSED_PREDECESSOR_BY_DIGEST	PASS	bfc31c83fffba6eb8e4286b159546118d8c3b369e1ca25b7ead1e7cf08930a86
134	GCF_000357825.2	canonical-cohort-250-v1-a6184d7d6ee08bda	/home/erikg/phind-data/ecoli26k/v1/releases/prepare-canonical-cohort-250/canonical-cohort-250-v1-a6184d7d6ee08bda	source_objects/GCF_000357825.2	62124e2de86388855087c3d83faace10d11b7ee7db81cc68cb74bacc69a89fec	canonical_objects/GCF_000357825.2	854f16893f597edb47d1749cdbd0f69d51599820af3a97b9ee62a966396baf7f	REUSED_PREDECESSOR_BY_DIGEST	PASS	3933c1e82162a9c1fb372c69e5eba4205a7f3003e9b8f63b7e2973bdc0652f45
135	GCF_009767495.1	canonical-cohort-250-v1-a6184d7d6ee08bda	/home/erikg/phind-data/ecoli26k/v1/releases/prepare-canonical-cohort-250/canonical-cohort-250-v1-a6184d7d6ee08bda	source_objects/GCF_009767495.1	ad44a01fffaeac72657af0e541d2596b9f46daa972acee0800dd3b10844a40ab	canonical_objects/GCF_009767495.1	78dc52daedc104a667aa76fad17a2520f271e9fc3b9f9b14023a82579ab088b8	REUSED_PREDECESSOR_BY_DIGEST	PASS	6c2664df937ebd0a9594af3c64029073cbb22bcd98c16d3bd084b4763c253b3b
136	GCF_003988295.1	canonical-cohort-250-v1-a6184d7d6ee08bda	/home/erikg/phind-data/ecoli26k/v1/releases/prepare-canonical-cohort-250/canonical-cohort-250-v1-a6184d7d6ee08bda	source_objects/GCF_003988295.1	9f4f709291ffe8edf52e396e5930a317f4bd8e944721329ce56de338a21cdc27	canonical_objects/GCF_003988295.1	bb8acc1d4cec219e8a2d538cbc74d11242d8bdc3b332bf22fdb429b94ef64a17	REUSED_PREDECESSOR_BY_DIGEST	PASS	41df0df091e8ea535cf1de94d521bbe7d641fc98c4080a9e406af086015bdbb0
137	GCF_016404405.2	canonical-cohort-250-v1-a6184d7d6ee08bda	/home/erikg/phind-data/ecoli26k/v1/releases/prepare-canonical-cohort-250/canonical-cohort-250-v1-a6184d7d6ee08bda	source_objects/GCF_016404405.2	06fc985ee75efe713d6ad4a051510213cd3def7d495a10a0973bc9df29f7a262	canonical_objects/GCF_016404405.2	4fd1c400e9c36f570485021ab23b4acd5d07bae053876039e7784efa371eff18	REUSED_PREDECESSOR_BY_DIGEST	PASS	11f35a275c9669d12177bbab20d88e06c844775d1a7aed2bef9f979c6e2a79af
138	GCF_009794305.1	canonical-cohort-250-v1-a6184d7d6ee08bda	/home/erikg/phind-data/ecoli26k/v1/releases/prepare-canonical-cohort-250/canonical-cohort-250-v1-a6184d7d6ee08bda	source_objects/GCF_009794305.1	7e0a0a28b4301926626c29c0484ec66b46354bd1cd53d000882a50ad7c11cd23	canonical_objects/GCF_009794305.1	2f15906649e84d7782e557a18fb860d32667db362ca59f4570fa190935f12670	REUSED_PREDECESSOR_BY_DIGEST	PASS	79295b69daf035a1db15adc0ea4210dc1bdc4c1d6a84579e7deff747939df77a
139	GCF_000355215.2	canonical-cohort-250-v1-a6184d7d6ee08bda	/home/erikg/phind-data/ecoli26k/v1/releases/prepare-canonical-cohort-250/canonical-cohort-250-v1-a6184d7d6ee08bda	source_objects/GCF_000355215.2	f23eed1e59ff094b9296e51453fd1e5a790cc126c58441132eec55cd66038d7a	canonical_objects/GCF_000355215.2	ce17ebe6372c421daa87a5ddf6b228b3741507818decdff983ddf35f21696099	REUSED_PREDECESSOR_BY_DIGEST	PASS	0ee1ac0c2b7dd74df19bdddc2147e85e6fb6ac1f4eaffd87f8df96b29f67865e
140	GCF_001191045.1	canonical-cohort-250-v1-a6184d7d6ee08bda	/home/erikg/phind-data/ecoli26k/v1/releases/prepare-canonical-cohort-250/canonical-cohort-250-v1-a6184d7d6ee08bda	source_objects/GCF_001191045.1	1ec5813938a444d940fc1fef421188670b51ce5f25bc710c0778bc4f2d7fe29d	canonical_objects/GCF_001191045.1	23c2d09285e2e741f403c0d93f9318919f5e60c08eb1dc03c8f67dc99b87c6ce	REUSED_PREDECESSOR_BY_DIGEST	PASS	542f253036054b4c85aae78dbfb63547895259aa5dd840a72fcd5d7402c8ac86
141	GCF_016403925.1	canonical-cohort-250-v1-a6184d7d6ee08bda	/home/erikg/phind-data/ecoli26k/v1/releases/prepare-canonical-cohort-250/canonical-cohort-250-v1-a6184d7d6ee08bda	source_objects/GCF_016403925.1	2e80f683af3f0febfeb4da00b94aa5c67f7c88cbc892d389edb2070d9214438a	canonical_objects/GCF_016403925.1	86e6550c4a0d4f0216f5fb55d8abc5434510efac0d8fc3918247c15f79f8b359	REUSED_PREDECESSOR_BY_DIGEST	PASS	4abb4b691649335d97fc5ab023baec02fef2cfa9c13528afd9d8f6a02fdf702d
142	GCF_013391275.1	canonical-cohort-250-v1-a6184d7d6ee08bda	/home/erikg/phind-data/ecoli26k/v1/releases/prepare-canonical-cohort-250/canonical-cohort-250-v1-a6184d7d6ee08bda	source_objects/GCF_013391275.1	29d5d9a7a8884150402a8fdb53dd0539eb79d60b20b753f07a9f675d120a0bc1	canonical_objects/GCF_013391275.1	cc11daaa17b6f5a3d2c60332d6d04d83c38a0b7f7a342bd49719f39e13a1ba51	REUSED_PREDECESSOR_BY_DIGEST	PASS	730f31840001cf608d1918d405a03f933daaa8ba67cba5be0b3e66e59fe80ced
143	GCF_003076695.1	canonical-cohort-250-v1-a6184d7d6ee08bda	/home/erikg/phind-data/ecoli26k/v1/releases/prepare-canonical-cohort-250/canonical-cohort-250-v1-a6184d7d6ee08bda	source_objects/GCF_003076695.1	59c981532bc2a272e553d2897e7931ccc5a510bd0c0b2dbaabad950d56dc9da5	canonical_objects/GCF_003076695.1	1c4c630a01ac9381cd2b1607f611540936766e846993e2c17c445c7bc1b4dd26	REUSED_PREDECESSOR_BY_DIGEST	PASS	09e7da713fedeba686aa55c6edb8449db53c7eef080124b1eff8f2f5019e42f4
144	GCF_013395855.1	canonical-cohort-250-v1-a6184d7d6ee08bda	/home/erikg/phind-data/ecoli26k/v1/releases/prepare-canonical-cohort-250/canonical-cohort-250-v1-a6184d7d6ee08bda	source_objects/GCF_013395855.1	f0b2d8d94d3b631ffe208a6599c1a56c7ec62e0d9297063ba3d671ab35c4bb84	canonical_objects/GCF_013395855.1	0e83bad1d08a78907000a7dfd2341eafd60019dc58b93c89de6c6f976923bdc9	REUSED_PREDECESSOR_BY_DIGEST	PASS	f5cd170513792669407d50f31f5721848d780920690c304f25e40b7369669bc1
145	GCF_900096855.1	canonical-cohort-250-v1-a6184d7d6ee08bda	/home/erikg/phind-data/ecoli26k/v1/releases/prepare-canonical-cohort-250/canonical-cohort-250-v1-a6184d7d6ee08bda	source_objects/GCF_900096855.1	7ad34a22f87738351fd686e3b22b11b00782ec15163aca282f325625a8cc80c1	canonical_objects/GCF_900096855.1	666b55cf536783019d26f2bafd7209ce9580810a9e856f63f0fac5024d8c5a12	REUSED_PREDECESSOR_BY_DIGEST	PASS	5f818ad536816e7a55b38c4871dc7c0ae01aab7193942bf08fe51e419965a717
146	GCF_003731535.1	canonical-cohort-250-v1-a6184d7d6ee08bda	/home/erikg/phind-data/ecoli26k/v1/releases/prepare-canonical-cohort-250/canonical-cohort-250-v1-a6184d7d6ee08bda	source_objects/GCF_003731535.1	d2cc2978b4d8c7e277c4bb1381bef7584619f944536f78d6a9c76abd7f9c613f	canonical_objects/GCF_003731535.1	6ade66067a4410b43e6244c71a1a41f68f4ca43434e0a113a1a39f2b9cf3d339	REUSED_PREDECESSOR_BY_DIGEST	PASS	de7cf7012542bac387ccd223d64d4a2edf2e12aadc28e1592c0c2223dedd8656
147	GCF_016103185.1	canonical-cohort-250-v1-a6184d7d6ee08bda	/home/erikg/phind-data/ecoli26k/v1/releases/prepare-canonical-cohort-250/canonical-cohort-250-v1-a6184d7d6ee08bda	source_objects/GCF_016103185.1	3e580e20628835b5290c38b061541ef0513c9bac6bfe8473ff48f64620d2af90	canonical_objects/GCF_016103185.1	27eff76dc3ef96e7e738d44b5dbdf592e8c8daf185ffa2eacafcb03363e767df	REUSED_PREDECESSOR_BY_DIGEST	PASS	d533b99cc803886b56755a27f4b672398f2af670427dab067b89cc9ea173154d
148	GCF_009393955.1	canonical-cohort-250-v1-a6184d7d6ee08bda	/home/erikg/phind-data/ecoli26k/v1/releases/prepare-canonical-cohort-250/canonical-cohort-250-v1-a6184d7d6ee08bda	source_objects/GCF_009393955.1	18a9008ac8d96e607216b282b52c7bbbcdd0041ea1144072658d1c563370e1f3	canonical_objects/GCF_009393955.1	79ab5c05571a0f16e0b99e4064baf6653fe017e610982d9cfbb8e255ea296166	REUSED_PREDECESSOR_BY_DIGEST	PASS	5a1c8539649c521cfdbea22916271e3507a2ba491c5be3a6ce4809a15407aa78
149	GCF_002227115.1	canonical-cohort-250-v1-a6184d7d6ee08bda	/home/erikg/phind-data/ecoli26k/v1/releases/prepare-canonical-cohort-250/canonical-cohort-250-v1-a6184d7d6ee08bda	source_objects/GCF_002227115.1	73e4894cc62eb9bec646f78177b28f4e9db49836a3d2489d86744c8a08237809	canonical_objects/GCF_002227115.1	fbce240b36ea7e360949276513d6d54568d8bc22befb0e802895aef54e57b0f7	REUSED_PREDECESSOR_BY_DIGEST	PASS	91c6b3f51c59b56e1f30fe7569370f7008fa7f128f81f60751ccadcc7fac35a3
150	GCF_002542255.1	canonical-cohort-250-v1-a6184d7d6ee08bda	/home/erikg/phind-data/ecoli26k/v1/releases/prepare-canonical-cohort-250/canonical-cohort-250-v1-a6184d7d6ee08bda	source_objects/GCF_002542255.1	406449b0e3b145a1437c961f6799e48332f5e9fdf2c551aa1b281369aab85792	canonical_objects/GCF_002542255.1	e14fee55440a399dd2200fdf745b531701abc0013f414bd592358f8a72e65b99	REUSED_PREDECESSOR_BY_DIGEST	PASS	f073af7239746b7ed76e53cca8923d33bfce174ba3ee944a7c43dd2e646d613d
151	GCF_004569685.1	canonical-cohort-250-v1-a6184d7d6ee08bda	/home/erikg/phind-data/ecoli26k/v1/releases/prepare-canonical-cohort-250/canonical-cohort-250-v1-a6184d7d6ee08bda	source_objects/GCF_004569685.1	637db85b47e3475209302b6dd764699825a67a6b8da4681cab59a6d7e7c25a4c	canonical_objects/GCF_004569685.1	c394f2f1039c0b418e4e0d858c0fa5f0eed82d68fb22dc310eab3eac85a77800	REUSED_PREDECESSOR_BY_DIGEST	PASS	246599da9ba506fad3fff798ff56f723443912b4e30a70eb85b2baa57a13e22f
152	GCF_013395785.1	canonical-cohort-250-v1-a6184d7d6ee08bda	/home/erikg/phind-data/ecoli26k/v1/releases/prepare-canonical-cohort-250/canonical-cohort-250-v1-a6184d7d6ee08bda	source_objects/GCF_013395785.1	1c95a2a419f9c45c4c0fd366c5d6b551590fee216f77ee593e58c6c37514a715	canonical_objects/GCF_013395785.1	ba85bfe554ba4d103772656fc31e8f519b25b8133a4937fa6f07754d120edc0c	REUSED_PREDECESSOR_BY_DIGEST	PASS	c5d7e3438c69f2ddfa712008b68c729b133e3e0b8ec84a47ae00268023c47839
153	GCF_011404355.1	canonical-cohort-250-v1-a6184d7d6ee08bda	/home/erikg/phind-data/ecoli26k/v1/releases/prepare-canonical-cohort-250/canonical-cohort-250-v1-a6184d7d6ee08bda	source_objects/GCF_011404355.1	cd5056e2516b7ca428ebb3e2646be568bda01c3f81b94e4569f51fbcd35e70f6	canonical_objects/GCF_011404355.1	98c2bb2a42c9fc309de32457c2ab7b5036980b4b0625940a5940992625152df1	REUSED_PREDECESSOR_BY_DIGEST	PASS	7db649d2c5471b2dd4acce58861abba03325acca9e79020e1b479459059b84be
154	GCF_002228265.1	canonical-cohort-250-v1-a6184d7d6ee08bda	/home/erikg/phind-data/ecoli26k/v1/releases/prepare-canonical-cohort-250/canonical-cohort-250-v1-a6184d7d6ee08bda	source_objects/GCF_002228265.1	34b2a68c912a44417086f36018492eec862144bcf8ae5e9d4afc0713dbd4b465	canonical_objects/GCF_002228265.1	7d0154b052bcc9eabd811cf2fe2dfd5b3953045744c512b5cea2bd5993ee095e	REUSED_PREDECESSOR_BY_DIGEST	PASS	64d1cfa08a320e2efca380097ab9934e803adce13b074357f7e229c74b497e05
155	GCF_004523615.1	canonical-cohort-250-v1-a6184d7d6ee08bda	/home/erikg/phind-data/ecoli26k/v1/releases/prepare-canonical-cohort-250/canonical-cohort-250-v1-a6184d7d6ee08bda	source_objects/GCF_004523615.1	22f02aabbe618ba088ff2ea7fca9827df7e25e09121a3e0c3dc45d7fc6f8c854	canonical_objects/GCF_004523615.1	5a78dc77d2aee27dbe9439f24532c5a0a65bbaabaee95b8b1d0f9b5b041e3772	REUSED_PREDECESSOR_BY_DIGEST	PASS	d5f478e0a40627ad8ef48fe4eee0ae9ed0677ea6f2ddff9e027c98340c4caa07
156	GCF_019051815.1	canonical-cohort-250-v1-a6184d7d6ee08bda	/home/erikg/phind-data/ecoli26k/v1/releases/prepare-canonical-cohort-250/canonical-cohort-250-v1-a6184d7d6ee08bda	source_objects/GCF_019051815.1	90a900f3efe324830786af05f40ca6e19db75f1a468d8babbd01874a0a9a8442	canonical_objects/GCF_019051815.1	53dae98dc5366ff4db3803b1761fdbc778410de9c2c81e79792d245af7759364	REUSED_PREDECESSOR_BY_DIGEST	PASS	5d14849a8e535829d7dc169248292d55b95301a15e4306df73ab319978e3da6c
157	GCF_016760895.1	canonical-cohort-250-v1-a6184d7d6ee08bda	/home/erikg/phind-data/ecoli26k/v1/releases/prepare-canonical-cohort-250/canonical-cohort-250-v1-a6184d7d6ee08bda	source_objects/GCF_016760895.1	781713090eeadf708892538a5b93a7e55382ebe1a323f4559f8d22b3257075f4	canonical_objects/GCF_016760895.1	1314eb183021302f69c626b31cd585a209542853d19dbbf4f019e1c4e16ef275	REUSED_PREDECESSOR_BY_DIGEST	PASS	81cb8690465e8ea2a2a836b12f402cda517ac1a7f0287c984409f7b416ace2b4
158	GCF_900500215.1	canonical-cohort-250-v1-a6184d7d6ee08bda	/home/erikg/phind-data/ecoli26k/v1/releases/prepare-canonical-cohort-250/canonical-cohort-250-v1-a6184d7d6ee08bda	source_objects/GCF_900500215.1	409980c84adee7fa6f09d436294cc284ae7c27dcbaa6bedbfc9bee608d2bcc17	canonical_objects/GCF_900500215.1	16ccf10d348d719554324e2f6021c4b42352766e3ee4ac712ad43ce9ab339e72	REUSED_PREDECESSOR_BY_DIGEST	PASS	96599f159a05f793db27c3ab371de2abbfeb9a39cf46f4581e745dc30f54d768
159	GCF_001894065.1	canonical-cohort-250-v1-a6184d7d6ee08bda	/home/erikg/phind-data/ecoli26k/v1/releases/prepare-canonical-cohort-250/canonical-cohort-250-v1-a6184d7d6ee08bda	source_objects/GCF_001894065.1	43a0a3c8ba100b6cbe6ebfe261b26f1705c855d93dfce9d80907c1ea4a8f86cd	canonical_objects/GCF_001894065.1	8a6c31d23fb6e1451ba9bc121068ddaaff1bd01b6dc489836627e3584d8816e6	REUSED_PREDECESSOR_BY_DIGEST	PASS	0344ae950256abc46de0243d284144d9dde7c7acc09d1b19bddb356f42edc2a5
160	GCF_005399985.1	canonical-cohort-250-v1-a6184d7d6ee08bda	/home/erikg/phind-data/ecoli26k/v1/releases/prepare-canonical-cohort-250/canonical-cohort-250-v1-a6184d7d6ee08bda	source_objects/GCF_005399985.1	a8eb3f452b10d9d85e8077910bc7e7375fdfae39c796c2f7bd83a61b75ffb784	canonical_objects/GCF_005399985.1	2f50fdd3780f721618c3e461becc2a46f8d7892a5860b3abf454856579414200	REUSED_PREDECESSOR_BY_DIGEST	PASS	20e2b7bf8f7b5c86f0a02332877ac0deed05d551d0986b492ba6efb35c15321b
161	GCF_900520305.1	canonical-cohort-250-v1-a6184d7d6ee08bda	/home/erikg/phind-data/ecoli26k/v1/releases/prepare-canonical-cohort-250/canonical-cohort-250-v1-a6184d7d6ee08bda	source_objects/GCF_900520305.1	ffa04d641d4f1a8bf8283bd29c62c7d85be5b98f7f4c4ab129e61cca0207dc28	canonical_objects/GCF_900520305.1	75f74ac6fb36a1987a2174e26a67d42c084a439795c03fb73502560da9334feb	REUSED_PREDECESSOR_BY_DIGEST	PASS	abdafb86b2435627a402736122cd626d8aa6d35f3a06bdb89a30a7ef1e1d3aa3
162	GCF_000627985.1	canonical-cohort-250-v1-a6184d7d6ee08bda	/home/erikg/phind-data/ecoli26k/v1/releases/prepare-canonical-cohort-250/canonical-cohort-250-v1-a6184d7d6ee08bda	source_objects/GCF_000627985.1	a8c15766d9d144e7119833c1dfa393096d1cd1774f65b0c4aa53f11526157ed1	canonical_objects/GCF_000627985.1	fb6e24323dfcef305c0706f82dbf28902089b9cc8ae1f4c0b92e0d65a24a7644	REUSED_PREDECESSOR_BY_DIGEST	PASS	965405804990ce526d8b7ae4f139a86dafa2f4e8d9c8b5cec3af722131daadb1
163	GCF_002972665.1	canonical-cohort-250-v1-a6184d7d6ee08bda	/home/erikg/phind-data/ecoli26k/v1/releases/prepare-canonical-cohort-250/canonical-cohort-250-v1-a6184d7d6ee08bda	source_objects/GCF_002972665.1	3ce158096c0eca0b80836050017c665f572d45da5bc3f33edf76aca08052b02e	canonical_objects/GCF_002972665.1	93787be4a189bd83b0d2d5abce09f69746ecf69297ece909df50a2d8db86d277	REUSED_PREDECESSOR_BY_DIGEST	PASS	6a9a6274a6610f8bc900257cad229f167a9184ba783f88c6bbf3693f1558b537
164	GCF_013183145.1	canonical-cohort-250-v1-a6184d7d6ee08bda	/home/erikg/phind-data/ecoli26k/v1/releases/prepare-canonical-cohort-250/canonical-cohort-250-v1-a6184d7d6ee08bda	source_objects/GCF_013183145.1	4db6bf9509c899097c44fde3ee46d1ae882e3d7739843a330cf41b68e58261cb	canonical_objects/GCF_013183145.1	a99be28af8ed680206c684bca4c3a8cfcc598e5bf98856300ee6bd541aa71281	REUSED_PREDECESSOR_BY_DIGEST	PASS	076ef4e43752e20a3d211cfc611b443ea3ef0fee5dcd96093ad02d2e746ceb4b
165	GCF_000458295.1	canonical-cohort-250-v1-a6184d7d6ee08bda	/home/erikg/phind-data/ecoli26k/v1/releases/prepare-canonical-cohort-250/canonical-cohort-250-v1-a6184d7d6ee08bda	source_objects/GCF_000458295.1	0da6882ca1bec4e475fc7cd0c6d3f733b894c1f2093eb487052d7cee9d428710	canonical_objects/GCF_000458295.1	72fc47fe19250f0081bbade1767eb107a402288e21950e783936cf8c768d4a59	REUSED_PREDECESSOR_BY_DIGEST	PASS	152ebf20b8b32ae2ed42ec61287c1fb0916aa1bcfef01ccd7b530ee2b85a0253
166	GCF_020216385.1	canonical-cohort-250-v1-a6184d7d6ee08bda	/home/erikg/phind-data/ecoli26k/v1/releases/prepare-canonical-cohort-250/canonical-cohort-250-v1-a6184d7d6ee08bda	source_objects/GCF_020216385.1	f8bf0cc6d15afdf402d3e355ed388e32d0616918d55d11445e5e57ef0ba82ead	canonical_objects/GCF_020216385.1	b5872f74ae955ea331472cbcd6675efea46988a9982e1f3f8896c99f99fb9b3a	REUSED_PREDECESSOR_BY_DIGEST	PASS	06541fd43a833974e7be2500ba0a33c57a5ced4b980517c9884130116a326953
167	GCF_002464385.1	canonical-cohort-250-v1-a6184d7d6ee08bda	/home/erikg/phind-data/ecoli26k/v1/releases/prepare-canonical-cohort-250/canonical-cohort-250-v1-a6184d7d6ee08bda	source_objects/GCF_002464385.1	f0d0c308ba103280178a77a8adc4a1af4a5df1b0ba21690eb74f0b0d093c5c2d	canonical_objects/GCF_002464385.1	5b5f6586ca3fb37034325b0d3ecca0c8079b7bd10803757ce232f81fd0791cc5	REUSED_PREDECESSOR_BY_DIGEST	PASS	122f44bb2eb1154011c6144d7a1a38292beb9abb8f27bc1eb221dc71b1f071e7
168	GCF_004010615.1	canonical-cohort-250-v1-a6184d7d6ee08bda	/home/erikg/phind-data/ecoli26k/v1/releases/prepare-canonical-cohort-250/canonical-cohort-250-v1-a6184d7d6ee08bda	source_objects/GCF_004010615.1	60a0d64e277922cdc27a38c0322cd7a1411f5e6d81afd48862cdff274e47d204	canonical_objects/GCF_004010615.1	33941fe44a895d05995d1d8368cb923baa18a3d9bed40293183ec58c0a144507	REUSED_PREDECESSOR_BY_DIGEST	PASS	9f561d098a34b16950610ec0296e3a0c98d5b36219a221411f6fcfdae2260876
169	GCF_006233005.1	canonical-cohort-250-v1-a6184d7d6ee08bda	/home/erikg/phind-data/ecoli26k/v1/releases/prepare-canonical-cohort-250/canonical-cohort-250-v1-a6184d7d6ee08bda	source_objects/GCF_006233005.1	73c738ce80140e1a82d1df53613dfb3e2209143c6205e35eb11001c0667296d9	canonical_objects/GCF_006233005.1	633281e69683e22b22039531098ae5ed159698b6d99f03c87c1a67501af675b9	REUSED_PREDECESSOR_BY_DIGEST	PASS	f2267e75a8bcccd37977b74e0c19bb1da147baec11defcd2a020d81d8f7a0c67
170	GCF_019104325.1	canonical-cohort-250-v1-a6184d7d6ee08bda	/home/erikg/phind-data/ecoli26k/v1/releases/prepare-canonical-cohort-250/canonical-cohort-250-v1-a6184d7d6ee08bda	source_objects/GCF_019104325.1	7fb97e6a73421f98effe2c4e646de7a195a8de0a3bdb7f6599e68c4d8ec559f3	canonical_objects/GCF_019104325.1	67bc03caa42c9900f55c8b8a868ef1ce59895e2ab6313b9308b4e340433e8928	REUSED_PREDECESSOR_BY_DIGEST	PASS	2c5de6bde6dcc64fff3e53772786b0b32162e7236343a3a28df4d7c6f6e0c083
171	GCF_000599645.1	canonical-cohort-250-v1-a6184d7d6ee08bda	/home/erikg/phind-data/ecoli26k/v1/releases/prepare-canonical-cohort-250/canonical-cohort-250-v1-a6184d7d6ee08bda	source_objects/GCF_000599645.1	7e609d93434170a8160d85ad8f9b79e820298bbd8f6842dc81c5e829d19f6a0b	canonical_objects/GCF_000599645.1	089a90202e2df1a532bf693d0ada3632a32a46e925119639f6c5bb6e6101eb0b	REUSED_PREDECESSOR_BY_DIGEST	PASS	21d7e36b8c0933969013447082277c226638a5b55bd1c9555edc4583b4a0df4c
172	GCF_003956205.1	canonical-cohort-250-v1-a6184d7d6ee08bda	/home/erikg/phind-data/ecoli26k/v1/releases/prepare-canonical-cohort-250/canonical-cohort-250-v1-a6184d7d6ee08bda	source_objects/GCF_003956205.1	1d1d63991230e9cbfd9dea3a3935d8b1d8cd60901accd1b6efaa262aa83e9c19	canonical_objects/GCF_003956205.1	d412df92aa9491f1a6085280975af8ecab9e6f14b40827623c98a6797f145baa	REUSED_PREDECESSOR_BY_DIGEST	PASS	367d5ec8526bd36145b6cf9dd1d4f1f2d3c5ef85ddc3284412ae09533154e2a1
173	GCF_014169035.1	canonical-cohort-250-v1-a6184d7d6ee08bda	/home/erikg/phind-data/ecoli26k/v1/releases/prepare-canonical-cohort-250/canonical-cohort-250-v1-a6184d7d6ee08bda	source_objects/GCF_014169035.1	237285257c5cffd2bbcd05431ca2f41aa31bdac0f176d3f9466e570f38dfe90b	canonical_objects/GCF_014169035.1	a64a18db4c23119a071f90d9f952128f3fef1a5e1016e78c22a5bce030b8fb1a	REUSED_PREDECESSOR_BY_DIGEST	PASS	ad98403c23381aa18abf0cba8729f6d072a7aba82a45d8446052eb1f82d55ed4
174	GCF_900016095.1	canonical-cohort-250-v1-a6184d7d6ee08bda	/home/erikg/phind-data/ecoli26k/v1/releases/prepare-canonical-cohort-250/canonical-cohort-250-v1-a6184d7d6ee08bda	source_objects/GCF_900016095.1	b1af2665fa6d02189db973f814e3f91c20d53656f7fd90b8b650d809edf9ed85	canonical_objects/GCF_900016095.1	9b35dd5ecc8aa4c1f8ba669ed2e81a2689a8d1a30aef6c8dec5535947792dfbe	REUSED_PREDECESSOR_BY_DIGEST	PASS	80681cc01f23d9215cf21793dad76792cc2a01d528c80c8567d5d3d494fd0b96
175	GCF_900015375.1	canonical-cohort-250-v1-a6184d7d6ee08bda	/home/erikg/phind-data/ecoli26k/v1/releases/prepare-canonical-cohort-250/canonical-cohort-250-v1-a6184d7d6ee08bda	source_objects/GCF_900015375.1	c4a2fd9c5380a321cf5b8ae573b819d0421fe2cc857b058cf0a688ef94653f4c	canonical_objects/GCF_900015375.1	ccbc04e4d1aaba9be7a599811c8ae93592cd57f3db35f90879ff6600a915cc26	REUSED_PREDECESSOR_BY_DIGEST	PASS	f7ade987d5f76f5d5b39d0b7f82f189ae1607e7dd86cbeb4df2ff4b04e0d0c0e
176	GCF_000351505.1	canonical-cohort-250-v1-a6184d7d6ee08bda	/home/erikg/phind-data/ecoli26k/v1/releases/prepare-canonical-cohort-250/canonical-cohort-250-v1-a6184d7d6ee08bda	source_objects/GCF_000351505.1	1777beb630f174b045f9171bfd4734286d043e2ce53afefee9f5737acc567bde	canonical_objects/GCF_000351505.1	12288efceb6cba91daecbe119f4a5c78c28d156085a4643bbf5be99e8175e931	REUSED_PREDECESSOR_BY_DIGEST	PASS	c127d4e6f3305fc51f877ffe4e7d53731db2cb89abe0f9225c4026d22b30cedb
177	GCF_904809765.1	canonical-cohort-250-v1-a6184d7d6ee08bda	/home/erikg/phind-data/ecoli26k/v1/releases/prepare-canonical-cohort-250/canonical-cohort-250-v1-a6184d7d6ee08bda	source_objects/GCF_904809765.1	65ebfad81051fa443c80cad644979f8d80bf895b9e3680419e3df297dc49dcdb	canonical_objects/GCF_904809765.1	8079ebbf3e737fa3e15bd69de61a6e6ef1fcd312115b8ad473f32c3c073b9700	REUSED_PREDECESSOR_BY_DIGEST	PASS	04ab0cae8857d70bdd1a834166f6c5ccef1431280bc4dc5627ba4b0b16504fe6
178	GCF_015693755.1	canonical-cohort-250-v1-a6184d7d6ee08bda	/home/erikg/phind-data/ecoli26k/v1/releases/prepare-canonical-cohort-250/canonical-cohort-250-v1-a6184d7d6ee08bda	source_objects/GCF_015693755.1	0ff713094c83644705e9577ce9f5fd671f678a5546888bde81992a3d1f1b977c	canonical_objects/GCF_015693755.1	ca5b5a90945ab92db7d021a67820db87943a90e872b26e189590614aee7b4f12	REUSED_PREDECESSOR_BY_DIGEST	PASS	dff9584d5e00cef9b7dcabdd91b969aae4f180e2269583d6c1e613af91464c8c
179	GCF_021341955.1	canonical-cohort-250-v1-a6184d7d6ee08bda	/home/erikg/phind-data/ecoli26k/v1/releases/prepare-canonical-cohort-250/canonical-cohort-250-v1-a6184d7d6ee08bda	source_objects/GCF_021341955.1	ac6b8d149c3499d5b67a18ea2811af2b0288a8a72f3b82c1a261b9b5ffbf5f01	canonical_objects/GCF_021341955.1	2f6ea09525f31ace1230974f0ccfcc4c807d7cbcd961de2de231ee43cd2105f6	REUSED_PREDECESSOR_BY_DIGEST	PASS	e4c22c67d1fbbbbd5c929b3d9b9e6fb6cda677caf2ea2dced37b6dbf6a2741ee
180	GCF_003292875.1	canonical-cohort-250-v1-a6184d7d6ee08bda	/home/erikg/phind-data/ecoli26k/v1/releases/prepare-canonical-cohort-250/canonical-cohort-250-v1-a6184d7d6ee08bda	source_objects/GCF_003292875.1	5e0539d064df90025d3259cbe8fe112d8e671d9a1299b0baa83370636c99d9f6	canonical_objects/GCF_003292875.1	bbb0f81f5b20f7c8ef2912dbcd92e95463517c1650d262a6ff7ae3e5faa9532a	REUSED_PREDECESSOR_BY_DIGEST	PASS	b09492f72e66661c01f7d81cabb7e86f8595127c39943d7ca7f38bb5f1fca3d2
181	GCF_000647475.1	canonical-cohort-250-v1-a6184d7d6ee08bda	/home/erikg/phind-data/ecoli26k/v1/releases/prepare-canonical-cohort-250/canonical-cohort-250-v1-a6184d7d6ee08bda	source_objects/GCF_000647475.1	67a68062be6900eba02756ebca8f0334750d848af0131aaf4761378b08cdf11a	canonical_objects/GCF_000647475.1	cf3a83b0a55f65ce05ba8aa3030efa107011fde5b76d61c064a33b5ba4b4c813	REUSED_PREDECESSOR_BY_DIGEST	PASS	f49a0366a3ff1ab29d20b872aa5c0a133aecf0cad3fcb851306916455087fc8b
182	GCF_003293265.1	canonical-cohort-250-v1-a6184d7d6ee08bda	/home/erikg/phind-data/ecoli26k/v1/releases/prepare-canonical-cohort-250/canonical-cohort-250-v1-a6184d7d6ee08bda	source_objects/GCF_003293265.1	05015937509480e066b03ac56e2d4416c32e726f55c69c28fbde4d9341cda830	canonical_objects/GCF_003293265.1	2530446e6aecec8b2c0a0cd6d97a97e57c30303d15c2dfc20f2c7735b01e3a7e	REUSED_PREDECESSOR_BY_DIGEST	PASS	b06afcd4bae6cd767630763a6b9abf94799a51ddf02aa60f3b3dceb86fd90fe4
183	GCF_002467555.1	canonical-cohort-250-v1-a6184d7d6ee08bda	/home/erikg/phind-data/ecoli26k/v1/releases/prepare-canonical-cohort-250/canonical-cohort-250-v1-a6184d7d6ee08bda	source_objects/GCF_002467555.1	7925c64413f343a4638133f7c01117f3242fc8847873cdadea650ead9a8f348f	canonical_objects/GCF_002467555.1	f865446e077fc86f6e819b7b2c9bfce37394efd16944cd12c27daa6b1816dd59	REUSED_PREDECESSOR_BY_DIGEST	PASS	006badf2ef49fa06630de962d3056faee68ef28f89eae1802ac5c9a9d5c2263b
184	GCF_904810175.1	canonical-cohort-250-v1-a6184d7d6ee08bda	/home/erikg/phind-data/ecoli26k/v1/releases/prepare-canonical-cohort-250/canonical-cohort-250-v1-a6184d7d6ee08bda	source_objects/GCF_904810175.1	47a5ff4d988bca82e36b2c9c0f6a4c2408541e68a6c54ecd7c2c7115620c121e	canonical_objects/GCF_904810175.1	5eb50d67b19fdbea68cd27979a1a5d85de1af9dd2af7e38b4633b3c47f96f0d3	REUSED_PREDECESSOR_BY_DIGEST	PASS	26525343415876381c5bf65f9ca02bcd049f343dbcd94a8874f99d5fdce6ae35
185	GCF_003367575.1	canonical-cohort-250-v1-a6184d7d6ee08bda	/home/erikg/phind-data/ecoli26k/v1/releases/prepare-canonical-cohort-250/canonical-cohort-250-v1-a6184d7d6ee08bda	source_objects/GCF_003367575.1	95bb0dce437963f89c677f32857c290f21eb0562b876ea8ec0fcc8fcec794c77	canonical_objects/GCF_003367575.1	5fc30f74cfffe5a49954e42e07b1a1e7473bbedb681b1629bdbb3b455ccd0559	REUSED_PREDECESSOR_BY_DIGEST	PASS	d054374d9a06266261a3ae9b1b5498768ec71192a1e6c1b4208e935d1bd43609
186	GCF_009880525.1	canonical-cohort-250-v1-a6184d7d6ee08bda	/home/erikg/phind-data/ecoli26k/v1/releases/prepare-canonical-cohort-250/canonical-cohort-250-v1-a6184d7d6ee08bda	source_objects/GCF_009880525.1	9eab070deff0054a0b3d736f1d061378fcb335bac748a3f26da26c4b948e3085	canonical_objects/GCF_009880525.1	8a03ca498d7b828e0dd04a36ed533b6169ddf4d1033de43912d1b61ca54ffe83	REUSED_PREDECESSOR_BY_DIGEST	PASS	b1f28d9bd16cfc675521629b54eb73878f389b67e6d3b2a3af97ef2df6486d3f
187	GCF_000752535.1	canonical-cohort-250-v1-a6184d7d6ee08bda	/home/erikg/phind-data/ecoli26k/v1/releases/prepare-canonical-cohort-250/canonical-cohort-250-v1-a6184d7d6ee08bda	source_objects/GCF_000752535.1	6dfba6724182402a7aba664897a2dda6a378f3fa74748a89db3c82322c69b671	canonical_objects/GCF_000752535.1	d94ea27c32eadb04b2984e7bdd281e1c447b8b2bde51858e225eb266b6d94a6b	REUSED_PREDECESSOR_BY_DIGEST	PASS	3446a61d5c89d2a3536631fc20bb7010c100f80fbb67ade42d207a9869911d7d
188	GCF_011045875.1	canonical-cohort-250-v1-a6184d7d6ee08bda	/home/erikg/phind-data/ecoli26k/v1/releases/prepare-canonical-cohort-250/canonical-cohort-250-v1-a6184d7d6ee08bda	source_objects/GCF_011045875.1	40fe7a89cbf6ca325ef896461841c88a1987acf4f95af22473195aef4408a2a0	canonical_objects/GCF_011045875.1	2719117e39ad5c2e5f436bf631fb630852d80bc81ac78d0825fd16468c270972	REUSED_PREDECESSOR_BY_DIGEST	PASS	e1a8e9bd19709f7319ff15afed3fde16b0b30f2269ad5325f4061fc751443065
189	GCF_000442065.2	canonical-cohort-250-v1-a6184d7d6ee08bda	/home/erikg/phind-data/ecoli26k/v1/releases/prepare-canonical-cohort-250/canonical-cohort-250-v1-a6184d7d6ee08bda	source_objects/GCF_000442065.2	c38fd3082b0fdc8d9d53ad71abbaba81ed7218f3d84df7bb87f1e23dac45f9bc	canonical_objects/GCF_000442065.2	efb4a8a357b4c4a62f51131b1cdecc305695b2e522b9e150c02148a9eab0d904	REUSED_PREDECESSOR_BY_DIGEST	PASS	ccc6499af3f2bfb41730c1041135a198cecee08fd9684b414b58c89deaf4dc9d
190	GCF_003686895.1	canonical-cohort-250-v1-a6184d7d6ee08bda	/home/erikg/phind-data/ecoli26k/v1/releases/prepare-canonical-cohort-250/canonical-cohort-250-v1-a6184d7d6ee08bda	source_objects/GCF_003686895.1	3feb6038716b0e8d8227d0dbb95862d0a810924b49f45dac95f3d9f84259f6b5	canonical_objects/GCF_003686895.1	148d2d3fc7bb2ab0721a589c07273238ded47d80d5dbdabc314c92cb2e1b38d7	REUSED_PREDECESSOR_BY_DIGEST	PASS	6f6146553bdedaf1d568e66a0fa22e9742ca0f86b16d3546218b8bd7acbbc75a
191	GCF_010820865.1	canonical-cohort-250-v1-a6184d7d6ee08bda	/home/erikg/phind-data/ecoli26k/v1/releases/prepare-canonical-cohort-250/canonical-cohort-250-v1-a6184d7d6ee08bda	source_objects/GCF_010820865.1	79fda3b01236e7950c40db4997598c0b6382e3f63626f42d9037a0919764aa83	canonical_objects/GCF_010820865.1	33bd797edc00749d41da6a270939217a10705a78af9480207473697c263e9074	REUSED_PREDECESSOR_BY_DIGEST	PASS	63856dcf443586fe8b829588451abc66bd4e43a3df6854cb067b9de29ef9a1f6
192	GCF_003322845.1	canonical-cohort-250-v1-a6184d7d6ee08bda	/home/erikg/phind-data/ecoli26k/v1/releases/prepare-canonical-cohort-250/canonical-cohort-250-v1-a6184d7d6ee08bda	source_objects/GCF_003322845.1	77101ceaf7a8e827b76c6b13e6162c7ad1e28222d6d01954140b554862201089	canonical_objects/GCF_003322845.1	d1b985b628368774ebaeba3d2c0cf8a0ab5e703690b6e273956389f126737744	REUSED_PREDECESSOR_BY_DIGEST	PASS	3ab3394629833f09efb2d7a0ea57bd410c7078239f87d747dce12f0f6de42766
193	GCF_900499545.1	canonical-cohort-250-v1-a6184d7d6ee08bda	/home/erikg/phind-data/ecoli26k/v1/releases/prepare-canonical-cohort-250/canonical-cohort-250-v1-a6184d7d6ee08bda	source_objects/GCF_900499545.1	3ab8bb85be79b785c7f8ba61a6f41482712e8ffa0bc05462fc5a0f9d29966c26	canonical_objects/GCF_900499545.1	cad87f092688e0c50eb0d200e912b6d660d11e8ee6f56c4d1164c7e531ae7aa3	REUSED_PREDECESSOR_BY_DIGEST	PASS	c5bb7fc5a2eddbfadcc2a3d7250831b2a8a3b42a01b536f798488b90481dba99
194	GCF_003328195.1	canonical-cohort-250-v1-a6184d7d6ee08bda	/home/erikg/phind-data/ecoli26k/v1/releases/prepare-canonical-cohort-250/canonical-cohort-250-v1-a6184d7d6ee08bda	source_objects/GCF_003328195.1	46d58535896fb0d55dccd3812f2352dacd33da210436e0e4fa299ec0e63ce95b	canonical_objects/GCF_003328195.1	b81088bc57c32b458e118eefba801e36c6961fd735add524f9971b1fdfca0e76	REUSED_PREDECESSOR_BY_DIGEST	PASS	dcf05bea9157acdb4343f762f25fec43f36ec4b8e44ffa6d480815a48db5d185
195	GCF_002770195.1	canonical-cohort-250-v1-a6184d7d6ee08bda	/home/erikg/phind-data/ecoli26k/v1/releases/prepare-canonical-cohort-250/canonical-cohort-250-v1-a6184d7d6ee08bda	source_objects/GCF_002770195.1	ee31eb3099f966afb1cb3bb831f7c519428412a5da8410931624633ef87604af	canonical_objects/GCF_002770195.1	67434ce7bd9424f28cb8df7dd302d1dcef52a0cabbdd9fcc58c72d4096a3ee47	REUSED_PREDECESSOR_BY_DIGEST	PASS	8d4142db5341697d364ef24e2e06b70f822526474df300808e43c540bcf878de
196	GCF_002016465.1	canonical-cohort-250-v1-a6184d7d6ee08bda	/home/erikg/phind-data/ecoli26k/v1/releases/prepare-canonical-cohort-250/canonical-cohort-250-v1-a6184d7d6ee08bda	source_objects/GCF_002016465.1	0062939ea650535a1d859eedb6dcb392224a21124c96046c681119e0dccbabb9	canonical_objects/GCF_002016465.1	6633ec336b4c3c307de92ff8c94cfe7cc40294befbe7263a17b66a130a108510	REUSED_PREDECESSOR_BY_DIGEST	PASS	d4384f2e510ccdcdef66b193ff67a05451e38b00e59ffa5c89c11dcb86af0464
197	GCF_002941745.1	canonical-cohort-250-v1-a6184d7d6ee08bda	/home/erikg/phind-data/ecoli26k/v1/releases/prepare-canonical-cohort-250/canonical-cohort-250-v1-a6184d7d6ee08bda	source_objects/GCF_002941745.1	315378077aca9d80367e297147cef5b25ad6cad6f4e4c485a8457613bbde6e2b	canonical_objects/GCF_002941745.1	304ea9268da7c1f8c5df47d7d854acacead6da4e8c37ce328b31c1a6b130449c	REUSED_PREDECESSOR_BY_DIGEST	PASS	7de89723b3dc209a1ceb3ae4c100a70a45e3bce685f56e82ce2cc4f67d31f6c3
198	GCF_002190145.1	canonical-cohort-250-v1-a6184d7d6ee08bda	/home/erikg/phind-data/ecoli26k/v1/releases/prepare-canonical-cohort-250/canonical-cohort-250-v1-a6184d7d6ee08bda	source_objects/GCF_002190145.1	bb906fd0d94ff3a66c135a422f0a3b3bca0fda834d2c7f50ee0a83660b832319	canonical_objects/GCF_002190145.1	3e2221b117ad2d3b0fe052a6bcb810990ae8c8aa0b36d9f90bac2109f65ff3ac	REUSED_PREDECESSOR_BY_DIGEST	PASS	4588f01e025cf591a0a6a984d90421f1bb1997d20b7e006bb3bd0ab72f0fd7bd
199	GCF_003301195.1	canonical-cohort-250-v1-a6184d7d6ee08bda	/home/erikg/phind-data/ecoli26k/v1/releases/prepare-canonical-cohort-250/canonical-cohort-250-v1-a6184d7d6ee08bda	source_objects/GCF_003301195.1	30dad3f9da0cb07cb62b50fb21c7c23bf025f3b8c04ab81a2672b10592a387eb	canonical_objects/GCF_003301195.1	a1b2e8cced9f7a0a9be9e786405fbde83ed4be9c09ad0be1ddaf769720b963bd	REUSED_PREDECESSOR_BY_DIGEST	PASS	acd2f545da52b2fbf88ababa8ff8d3eb56ba9fd39b711792af5f8296964cd5c4
200	GCF_017163155.1	canonical-cohort-250-v1-a6184d7d6ee08bda	/home/erikg/phind-data/ecoli26k/v1/releases/prepare-canonical-cohort-250/canonical-cohort-250-v1-a6184d7d6ee08bda	source_objects/GCF_017163155.1	6d2b11a4e407aa19b2b426d1c3cee1c87185967488efe3a815df9642aeefd9fb	canonical_objects/GCF_017163155.1	b5e7f0db66b8166535bc368a82798df6d124c0bb7f99ee6315529365362b2352	REUSED_PREDECESSOR_BY_DIGEST	PASS	c76709631216546e354db5646ad4a61e72c8414fa5f9e59930d9675d7b1b7098
201	GCF_003145395.1	canonical-cohort-250-v1-a6184d7d6ee08bda	/home/erikg/phind-data/ecoli26k/v1/releases/prepare-canonical-cohort-250/canonical-cohort-250-v1-a6184d7d6ee08bda	source_objects/GCF_003145395.1	231bd41fb5157f25fc94308b1a69d161617c59fdcfc7b1f833a04ab02aa196b2	canonical_objects/GCF_003145395.1	a9d378fecc847b61469a9d181cc00a7d436748b8494d5330a6fb5afe7d02023f	REUSED_PREDECESSOR_BY_DIGEST	PASS	1dc2fb77d7f79329b4939117a87ff20f2f0f9460a35f1d42b73b6ace9f3d8998
202	GCF_003300725.1	canonical-cohort-250-v1-a6184d7d6ee08bda	/home/erikg/phind-data/ecoli26k/v1/releases/prepare-canonical-cohort-250/canonical-cohort-250-v1-a6184d7d6ee08bda	source_objects/GCF_003300725.1	69cdc9a409906da581ebf0053b5713129b3d6d709a6a7187dcdec2740be81346	canonical_objects/GCF_003300725.1	f4beb28196edfbf4e3e3fe733fdb56200d7c96b50763c8e367d36cea7ed42458	REUSED_PREDECESSOR_BY_DIGEST	PASS	e1e90aa4512906075b5154211e473de85197d7534ef6116b8494dd6518353d7d
203	GCF_001650275.1	canonical-cohort-250-v1-a6184d7d6ee08bda	/home/erikg/phind-data/ecoli26k/v1/releases/prepare-canonical-cohort-250/canonical-cohort-250-v1-a6184d7d6ee08bda	source_objects/GCF_001650275.1	6c4a7b8ebbe347a9e4a55d41b12be224acbd672c33914204c174a53bd08af400	canonical_objects/GCF_001650275.1	12eac4cb26a16a33e80902e3c232d9f0bfd7ca0f0e36c9ac7f2e394c67598ef7	REUSED_PREDECESSOR_BY_DIGEST	PASS	ebcbad909bba6c3f7f487d24cd4d1cd696cca6344b4542e341d81ed66b6c14de
204	GCF_014494815.1	canonical-cohort-250-v1-a6184d7d6ee08bda	/home/erikg/phind-data/ecoli26k/v1/releases/prepare-canonical-cohort-250/canonical-cohort-250-v1-a6184d7d6ee08bda	source_objects/GCF_014494815.1	56c082a2c6948be2d9c68644ea0596dd8cf52a7f485eed22248ce4c74388928d	canonical_objects/GCF_014494815.1	85a813b3efd115b2eb3eddb4b7e557cd192fbb198a9a5ea135ddd2c7fb7bd54c	REUSED_PREDECESSOR_BY_DIGEST	PASS	c145f3f4b91b69230168819fba4318345d9ee60ef1259db78fa8df4e7338ae6a
205	GCF_002535515.1	canonical-cohort-250-v1-a6184d7d6ee08bda	/home/erikg/phind-data/ecoli26k/v1/releases/prepare-canonical-cohort-250/canonical-cohort-250-v1-a6184d7d6ee08bda	source_objects/GCF_002535515.1	358ce27832d64214a609d963f0ee9adb5c96ee9ec2c361e1999035e201bf82f3	canonical_objects/GCF_002535515.1	467ebf278e1f8e7f589f7c284997755d0190f9c6845f4c4b5b04841efc047dee	REUSED_PREDECESSOR_BY_DIGEST	PASS	45d78b8023dfd43fc9550b73c6be4dd16276a197531148f8c11c650d4bfecbf2
206	GCF_000798075.1	canonical-cohort-250-v1-a6184d7d6ee08bda	/home/erikg/phind-data/ecoli26k/v1/releases/prepare-canonical-cohort-250/canonical-cohort-250-v1-a6184d7d6ee08bda	source_objects/GCF_000798075.1	02e4ddf613051e7df8b77f87fe926de42e7948d3e177807c32ff7c8c3fa73eb9	canonical_objects/GCF_000798075.1	81cd9c4eccf798097c69e15417f9fe1f9e96ea10627715b38312da61f8a2d2b9	REUSED_PREDECESSOR_BY_DIGEST	PASS	36ee166bb376889fd927be1291c4ba62e3da09d85bee5501bc0190def41af611
207	GCF_002232295.1	canonical-cohort-250-v1-a6184d7d6ee08bda	/home/erikg/phind-data/ecoli26k/v1/releases/prepare-canonical-cohort-250/canonical-cohort-250-v1-a6184d7d6ee08bda	source_objects/GCF_002232295.1	00580b70822e3467410ffad835e0ea4c756d0bbcb29f97d0a5f26b77a64c2f4e	canonical_objects/GCF_002232295.1	29ba02d444cf7b80e974c556ce6d7f2a7fc7da67427675c430acae95713ef14c	REUSED_PREDECESSOR_BY_DIGEST	PASS	5897a44474570c4088d3a008a82e84f00943ca14ddcc11aabf17cee13142aec5
208	GCF_004569745.1	canonical-cohort-250-v1-a6184d7d6ee08bda	/home/erikg/phind-data/ecoli26k/v1/releases/prepare-canonical-cohort-250/canonical-cohort-250-v1-a6184d7d6ee08bda	source_objects/GCF_004569745.1	c904b857260552bc9ee43919059e516f4bab89c0fcd806b061b9ade581727952	canonical_objects/GCF_004569745.1	f9e38d93647389f2510e132c62eab1627a4f6f87816512c8cd16ef4db8a9f87d	REUSED_PREDECESSOR_BY_DIGEST	PASS	9ad5870839a66b1d6dcb9a9b86096c9f4cd62bd604a81fcd93f1f41a54af5d47
209	GCF_000418675.1	canonical-cohort-250-v1-a6184d7d6ee08bda	/home/erikg/phind-data/ecoli26k/v1/releases/prepare-canonical-cohort-250/canonical-cohort-250-v1-a6184d7d6ee08bda	source_objects/GCF_000418675.1	dda0df02a34c3569c3ff101adfceb7a9c9ef11942af002e6b288b3a2fed66266	canonical_objects/GCF_000418675.1	026974b1564d71fbb4e23f9a2669c8966c1bf1198048679c325137874e59eaa5	REUSED_PREDECESSOR_BY_DIGEST	PASS	5e863fdba610b3e7639effce225f2cb2250c122d0b7960b8e8522322ac14b9a1
210	GCF_006232215.1	canonical-cohort-250-v1-a6184d7d6ee08bda	/home/erikg/phind-data/ecoli26k/v1/releases/prepare-canonical-cohort-250/canonical-cohort-250-v1-a6184d7d6ee08bda	source_objects/GCF_006232215.1	3cf8dea39fbf85c3fa3005959353ed621cfe6703ff4f7cdac5ca7e680fb2774e	canonical_objects/GCF_006232215.1	69d1abe72cc060cdaef168449829ba90a2cfd07afdb9521c2eb50fa7fa3571d8	REUSED_PREDECESSOR_BY_DIGEST	PASS	7b4c51e4980e8ad0512dc16bc4736fc4d43d7ccb7e6568275f4e7aeac5a55327
211	GCF_006238305.1	canonical-cohort-250-v1-a6184d7d6ee08bda	/home/erikg/phind-data/ecoli26k/v1/releases/prepare-canonical-cohort-250/canonical-cohort-250-v1-a6184d7d6ee08bda	source_objects/GCF_006238305.1	77e0ad420a340dfc550bc3f70b6d91cf232c92d1ad2fb48df0cc5283bcddb483	canonical_objects/GCF_006238305.1	95489a109bf4f52578f2767aa8f459e47d144243ae9dde665c5126b29c87091c	REUSED_PREDECESSOR_BY_DIGEST	PASS	91b8e8069d47d23d947c8a51645b92363739d9771f013e2016aed6cc8325228f
212	GCF_000492235.1	canonical-cohort-250-v1-a6184d7d6ee08bda	/home/erikg/phind-data/ecoli26k/v1/releases/prepare-canonical-cohort-250/canonical-cohort-250-v1-a6184d7d6ee08bda	source_objects/GCF_000492235.1	7a6ea3a955076d6c846c81877a373095928000663caf7e1c6581e9b1279c2b16	canonical_objects/GCF_000492235.1	5ffd25434c1bc1a124060d849a0a7939b745b7567f27d57055d1087b90d7c61d	REUSED_PREDECESSOR_BY_DIGEST	PASS	c761c2bc7efd035fd8c93861713d5a1e55950b7d8fd2c6a93380291ac0fed2f2
213	GCF_003981055.1	canonical-cohort-250-v1-a6184d7d6ee08bda	/home/erikg/phind-data/ecoli26k/v1/releases/prepare-canonical-cohort-250/canonical-cohort-250-v1-a6184d7d6ee08bda	source_objects/GCF_003981055.1	9daf4b7eb5034e1b9b52e2f9c571ffc56328767e43c3875df3233dd92c06052e	canonical_objects/GCF_003981055.1	faf7d933634f22c65bcf59b283bb590b695fe4c6ada87e0f0dfa464ce7ebab3f	REUSED_PREDECESSOR_BY_DIGEST	PASS	5ca47ca686442bebe3c5c70b7b5fe12f6e88764d333de20affa548f2e95f5415
214	GCF_005395665.1	canonical-cohort-250-v1-a6184d7d6ee08bda	/home/erikg/phind-data/ecoli26k/v1/releases/prepare-canonical-cohort-250/canonical-cohort-250-v1-a6184d7d6ee08bda	source_objects/GCF_005395665.1	86ab403c5d3fe86402053245f8766c40773c0c59246d8ac445dc4f5d5bd8dd87	canonical_objects/GCF_005395665.1	c1fa603d7a1441a1324721dbe98ccd875311236c24f010582ff3947cd7b5c27f	REUSED_PREDECESSOR_BY_DIGEST	PASS	039ea3e28992aaecb65b35bb87f245d41325185b6a08076fd2b8b575525628b5
215	GCF_015163255.1	canonical-cohort-250-v1-a6184d7d6ee08bda	/home/erikg/phind-data/ecoli26k/v1/releases/prepare-canonical-cohort-250/canonical-cohort-250-v1-a6184d7d6ee08bda	source_objects/GCF_015163255.1	704f7e6207605242fb00ec55ad9e5546c8a9f9a22c2d6ab11eb5e15f3342b130	canonical_objects/GCF_015163255.1	e7b865b3d062ab4268f4963291fae1ea06337901344b292aee910587503782e3	REUSED_PREDECESSOR_BY_DIGEST	PASS	05aa2b44e3349146cf625caad5ce61b2a17c0a920d9b4a0f232ef0ecc2d5621e
216	GCF_000357005.2	canonical-cohort-250-v1-a6184d7d6ee08bda	/home/erikg/phind-data/ecoli26k/v1/releases/prepare-canonical-cohort-250/canonical-cohort-250-v1-a6184d7d6ee08bda	source_objects/GCF_000357005.2	fa844cd2e7593022acf13902130f0cb29d950e14a44d1dcb9edcdc1412926f4a	canonical_objects/GCF_000357005.2	d06b1aabb134a2fae9978b0225b30516238fd2459ae15ce8e0b2596fc86c30eb	REUSED_PREDECESSOR_BY_DIGEST	PASS	012ce599a525dec3b04513b5977b9204a72669895e65c50912bea9ca6c9614a1
217	GCF_006349805.1	canonical-cohort-250-v1-a6184d7d6ee08bda	/home/erikg/phind-data/ecoli26k/v1/releases/prepare-canonical-cohort-250/canonical-cohort-250-v1-a6184d7d6ee08bda	source_objects/GCF_006349805.1	c9a4a17185163d97db801f2f508d7f69c670303770fcfb2f911a08e4e90eae57	canonical_objects/GCF_006349805.1	5c3221d04d951c0c388d7c70334afa102b717dde2ca89a2cc189f2f5a6e340e4	REUSED_PREDECESSOR_BY_DIGEST	PASS	ef22dffc07c626cd796ade54cec7b85e207dbc316345a17dd04e8620ef8fdf40
218	GCF_013369795.1	canonical-cohort-250-v1-a6184d7d6ee08bda	/home/erikg/phind-data/ecoli26k/v1/releases/prepare-canonical-cohort-250/canonical-cohort-250-v1-a6184d7d6ee08bda	source_objects/GCF_013369795.1	239654d12ceb5d253a0b9027b324ae612f98867fb97dd1e682617daf6ad3ca26	canonical_objects/GCF_013369795.1	01b169c98d11b52764901483df5b1ad38b664311d44a1e9a4a58606228a92c71	REUSED_PREDECESSOR_BY_DIGEST	PASS	e80640906a59dd0bcef2dde401b48f14d22d629761718b5c0d7224d63c3dcb9e
219	GCF_004661505.1	canonical-cohort-250-v1-a6184d7d6ee08bda	/home/erikg/phind-data/ecoli26k/v1/releases/prepare-canonical-cohort-250/canonical-cohort-250-v1-a6184d7d6ee08bda	source_objects/GCF_004661505.1	49c0561b54aea5df62025b2fb62fb5fa50da84dc4f0128358d5a4b9c416269ca	canonical_objects/GCF_004661505.1	b4e336fb8794beaf3c291aba0fc4653b538f3faf73ce03f9e0047492bdf178a5	REUSED_PREDECESSOR_BY_DIGEST	PASS	46caa510a236ae449080461f31e6b40d0a2f5c0c4aee867d6964eb8c528c2d3c
220	GCF_002465635.1	canonical-cohort-250-v1-a6184d7d6ee08bda	/home/erikg/phind-data/ecoli26k/v1/releases/prepare-canonical-cohort-250/canonical-cohort-250-v1-a6184d7d6ee08bda	source_objects/GCF_002465635.1	2e8da9ebcb364d958c6e8a7eeeefc2ff730e6904ebefc4c10f3338603dcb5015	canonical_objects/GCF_002465635.1	a660f735279d598826390eb3de6d2eaa00f37c5a88a72b689c376904a972a573	REUSED_PREDECESSOR_BY_DIGEST	PASS	dbf2f06d63653b70863a1bec56d34d9ab604550d43f0436d92de50c319baad3d
221	GCF_016889485.1	canonical-cohort-250-v1-a6184d7d6ee08bda	/home/erikg/phind-data/ecoli26k/v1/releases/prepare-canonical-cohort-250/canonical-cohort-250-v1-a6184d7d6ee08bda	source_objects/GCF_016889485.1	ffc45834681ce70a52072d6063f28ab7fb033155f6d7864a8e949ba24d8b4a61	canonical_objects/GCF_016889485.1	98d2b5525a2589531f258427c29d940bad010f70702d6b6cabbbf88eba4fca5d	REUSED_PREDECESSOR_BY_DIGEST	PASS	a0a46dea45314697edc0da797c45e0c062302a653af5520a8890ab908d4f4ea8
222	GCF_006236075.1	canonical-cohort-250-v1-a6184d7d6ee08bda	/home/erikg/phind-data/ecoli26k/v1/releases/prepare-canonical-cohort-250/canonical-cohort-250-v1-a6184d7d6ee08bda	source_objects/GCF_006236075.1	df3395df8708408673464706e60b8a1130ceb4514e3cc2031debf991da482883	canonical_objects/GCF_006236075.1	847c9e805df2dfe7c19ec82c31bf9f061bbe9db491fea62664dd31a3825a804e	REUSED_PREDECESSOR_BY_DIGEST	PASS	fe448487eb73f6f71a0fe736ea7af670aebabc03f7b30a70d26839e6096e80b6
223	GCF_015160015.1	canonical-cohort-250-v1-a6184d7d6ee08bda	/home/erikg/phind-data/ecoli26k/v1/releases/prepare-canonical-cohort-250/canonical-cohort-250-v1-a6184d7d6ee08bda	source_objects/GCF_015160015.1	7890c627d97e81ca4eb07aeffc679a290b2185ffc38a459c78637c0f9dbf7b1d	canonical_objects/GCF_015160015.1	976907f15408fbc0579fc46f3152711f4f092a040eebca9f1a580f6c914fc7a0	REUSED_PREDECESSOR_BY_DIGEST	PASS	b68bc377c2cd14ac0475b572ec00ecf09b5f9e477b3aadaad27d1f34a22dc4f7
224	GCF_001679985.1	canonical-cohort-250-v1-a6184d7d6ee08bda	/home/erikg/phind-data/ecoli26k/v1/releases/prepare-canonical-cohort-250/canonical-cohort-250-v1-a6184d7d6ee08bda	source_objects/GCF_001679985.1	0544f6b1dd76452e649c710a9f7cb64756644fe62d521b0c516a7e7fbe234aca	canonical_objects/GCF_001679985.1	94641f0971ea6bd4f40350bf1a56deddc59ac6cb5211dcc7d3027608d88b10ac	REUSED_PREDECESSOR_BY_DIGEST	PASS	512c789b1d630a84c8c5c69188d05edb2be85603a2d5c4eeab79b9f7b8863d19
225	GCF_003830805.1	canonical-cohort-250-v1-a6184d7d6ee08bda	/home/erikg/phind-data/ecoli26k/v1/releases/prepare-canonical-cohort-250/canonical-cohort-250-v1-a6184d7d6ee08bda	source_objects/GCF_003830805.1	4f10fdde0f29b83889a1abc2d86b76f35a54c0b154cce5119e6eb4289c60ae02	canonical_objects/GCF_003830805.1	9df494c3131223e4b44e60a1eca2bd4bcb8f1a94d0aa1cf3e24592fe1f85e2d8	REUSED_PREDECESSOR_BY_DIGEST	PASS	8f25c8a4f19c7aa1b671c1ae95640d1fccb325434647988740c327e798d17dc4
226	GCF_020422075.1	canonical-cohort-250-v1-a6184d7d6ee08bda	/home/erikg/phind-data/ecoli26k/v1/releases/prepare-canonical-cohort-250/canonical-cohort-250-v1-a6184d7d6ee08bda	source_objects/GCF_020422075.1	e706090319d84b4e31562e1492571389f5457ac425d6d4bd3208da20149c9173	canonical_objects/GCF_020422075.1	14a7374a2913595a9099009031ea0b74e75fcf394d63200541fb684ea368211f	REUSED_PREDECESSOR_BY_DIGEST	PASS	60b5b3fa3f601ed162ef0c1817b8f58cad5127c48f9551578f7daeeb4592b8d2
227	GCF_900196545.1	canonical-cohort-250-v1-a6184d7d6ee08bda	/home/erikg/phind-data/ecoli26k/v1/releases/prepare-canonical-cohort-250/canonical-cohort-250-v1-a6184d7d6ee08bda	source_objects/GCF_900196545.1	f7750735859ad5e07a802a508a7afcd0397572d0a424546c09528641102015a6	canonical_objects/GCF_900196545.1	52be5a861df77bf3a76693cfd7b44fac93578319406bc73197eb6ffc2e2284ad	REUSED_PREDECESSOR_BY_DIGEST	PASS	9d862c99a7aa45499472d752cdc40e16afcf3aec3d5c111df32c0cdc7ad5b81b
228	GCF_017594025.1	canonical-cohort-250-v1-a6184d7d6ee08bda	/home/erikg/phind-data/ecoli26k/v1/releases/prepare-canonical-cohort-250/canonical-cohort-250-v1-a6184d7d6ee08bda	source_objects/GCF_017594025.1	6566b98c44f8b928acf745801563183740e620ca0ff99bd92528e965d1f0141f	canonical_objects/GCF_017594025.1	74f096248f1172b8f2e0a30f5413d82c584a89aea31797051837e6354edcc123	REUSED_PREDECESSOR_BY_DIGEST	PASS	1bbfe07df35e70ae3cb326062bb7c908d246587606c14c354a2b4dba22718a81
229	GCF_905219285.1	canonical-cohort-250-v1-a6184d7d6ee08bda	/home/erikg/phind-data/ecoli26k/v1/releases/prepare-canonical-cohort-250/canonical-cohort-250-v1-a6184d7d6ee08bda	source_objects/GCF_905219285.1	66a5d81fe7cf75eb6c39cba41b5fa43d7d3b582deeff0fa038683bc0a30d5876	canonical_objects/GCF_905219285.1	7ae2ff4ab251a556fb6626c861b869a2e9d8d4c10bb7d79ec33c2171fa8b12b5	REUSED_PREDECESSOR_BY_DIGEST	PASS	788d0148a040b400dca58f172d1f3fa107f55ce1e3e441424abecec76bc6e4b0
230	GCF_000304075.2	canonical-cohort-250-v1-a6184d7d6ee08bda	/home/erikg/phind-data/ecoli26k/v1/releases/prepare-canonical-cohort-250/canonical-cohort-250-v1-a6184d7d6ee08bda	source_objects/GCF_000304075.2	1861298fff2dc5d7c4f6fcee71460f2a090097610c2549e6e4f5f876e854b135	canonical_objects/GCF_000304075.2	dc21978b06a091524da2bc7d02c71d0e0d319d28c69e0e1081ff61df8e7e20b0	REUSED_PREDECESSOR_BY_DIGEST	PASS	17ecbefbdf99bd12812bb52b7e687eef9ddc61df0345aac46125d0e55b349b1d
231	GCF_005399365.1	canonical-cohort-250-v1-a6184d7d6ee08bda	/home/erikg/phind-data/ecoli26k/v1/releases/prepare-canonical-cohort-250/canonical-cohort-250-v1-a6184d7d6ee08bda	source_objects/GCF_005399365.1	75e2907ef9e450c3354201ba08441c8053e27a3936ec21f96f137d1cfcaf501b	canonical_objects/GCF_005399365.1	17215ac884c41f709fe96248f9336afeeb575ff43594e4ecab127379d556ac9b	REUSED_PREDECESSOR_BY_DIGEST	PASS	51a5263d3cf7d1948da3f55b4b383f93bf5c83e50410dc1efaf6a4ecd1fce179
232	GCF_004767025.1	canonical-cohort-250-v1-a6184d7d6ee08bda	/home/erikg/phind-data/ecoli26k/v1/releases/prepare-canonical-cohort-250/canonical-cohort-250-v1-a6184d7d6ee08bda	source_objects/GCF_004767025.1	39aa5b2b3222bc2aeb227e99a5b0721e4bf19db00c7e98213e54898f5321102d	canonical_objects/GCF_004767025.1	9d09554c512ce4ced06077788cb1451065764c063b88b04f950586369c3ea41b	REUSED_PREDECESSOR_BY_DIGEST	PASS	12b9e2e0b868132fa4f8c4d0229e5daf8e0157921719c0cb86e62f2bfa0005ac
233	GCF_019800285.1	canonical-cohort-250-v1-a6184d7d6ee08bda	/home/erikg/phind-data/ecoli26k/v1/releases/prepare-canonical-cohort-250/canonical-cohort-250-v1-a6184d7d6ee08bda	source_objects/GCF_019800285.1	6c5df8b37373d98b75bf51452beacd19b48292d8e97c2db3fa7fccf7c0af44ff	canonical_objects/GCF_019800285.1	40b6d61ee04ce7c9528e2b3c62721f25c0bd3f9f09f8314bf6ed420f71a5e70d	REUSED_PREDECESSOR_BY_DIGEST	PASS	a02675a31a62b9d6153177dfc3aed04ba2da0ed678fd372a0ea03b5a3ce28952
234	GCF_002973095.1	canonical-cohort-250-v1-a6184d7d6ee08bda	/home/erikg/phind-data/ecoli26k/v1/releases/prepare-canonical-cohort-250/canonical-cohort-250-v1-a6184d7d6ee08bda	source_objects/GCF_002973095.1	52642fa954433244ab93437d8e53ea7f214e620f2e7e841609fb616769fb0ef7	canonical_objects/GCF_002973095.1	21b57c9fbce26d429e0fad399741a58aed2fb1fd64b4c0ae93ea3e46acdcb53a	REUSED_PREDECESSOR_BY_DIGEST	PASS	e2686b157c00c36571d5514841299113d18f4a5c43551837c6dcf1fe73d8699b
235	GCF_002916665.1	canonical-cohort-250-v1-a6184d7d6ee08bda	/home/erikg/phind-data/ecoli26k/v1/releases/prepare-canonical-cohort-250/canonical-cohort-250-v1-a6184d7d6ee08bda	source_objects/GCF_002916665.1	4178f251e290790caaff2f301c285603b3554fcd855a023473464c6bad9e0d03	canonical_objects/GCF_002916665.1	68617c4b987daee4804f83a16001aff38310230002eaf513f069ef444df36936	REUSED_PREDECESSOR_BY_DIGEST	PASS	27cb9ed61be64a0759cdcc7e3c51328e9999a37ef6c4b17311a5474331c31d99
236	GCF_021108615.1	canonical-cohort-250-v1-a6184d7d6ee08bda	/home/erikg/phind-data/ecoli26k/v1/releases/prepare-canonical-cohort-250/canonical-cohort-250-v1-a6184d7d6ee08bda	source_objects/GCF_021108615.1	039811b41422a412168237050b97055b902ee888584a7065f8c4eb5dd18ef127	canonical_objects/GCF_021108615.1	bc8ea57249b3793cda4e859fe3da302554a12946a1bbae4f5e09d0cfc6ec31fd	REUSED_PREDECESSOR_BY_DIGEST	PASS	db2898863c451fc64fb30395803a902e7aa1dee10200d367ce794ec3cc3d16a3
237	GCF_011045235.1	canonical-cohort-250-v1-a6184d7d6ee08bda	/home/erikg/phind-data/ecoli26k/v1/releases/prepare-canonical-cohort-250/canonical-cohort-250-v1-a6184d7d6ee08bda	source_objects/GCF_011045235.1	a423a114ec9d0513c985d374e6511311205f0dd5166e94d270188c1093739cf3	canonical_objects/GCF_011045235.1	12935671aa02d780f038a83db23c4bb53513b43e6b26c924f544b9e54cc1194f	REUSED_PREDECESSOR_BY_DIGEST	PASS	48c24082e1316951bf555b05f9c4ea001d2bdda7f79889be1e9f4ff6ee12bfe1
238	GCF_019841145.1	canonical-cohort-250-v1-a6184d7d6ee08bda	/home/erikg/phind-data/ecoli26k/v1/releases/prepare-canonical-cohort-250/canonical-cohort-250-v1-a6184d7d6ee08bda	source_objects/GCF_019841145.1	6bbddc86418390468ab1c98cb16fa35de06bb4f65888d2e549c81ada2db76710	canonical_objects/GCF_019841145.1	95b858e25d7b3d7937fb7536d8d0d3d46c170eaa108d9c4909d7f104cda65632	REUSED_PREDECESSOR_BY_DIGEST	PASS	267ac8795462b3997241b7fdfac5f92896c019c43ab906321fc4145de91dfe10
239	GCF_002769655.1	canonical-cohort-250-v1-a6184d7d6ee08bda	/home/erikg/phind-data/ecoli26k/v1/releases/prepare-canonical-cohort-250/canonical-cohort-250-v1-a6184d7d6ee08bda	source_objects/GCF_002769655.1	623d0ac3766dc507875ddd19fcf7081fdbf2d906ec53139692f95235daf60b1d	canonical_objects/GCF_002769655.1	72ee444b49755a268b42c8b3dbd6b488ed54b4e27433cb9c6c3d11144c43d009	REUSED_PREDECESSOR_BY_DIGEST	PASS	407b50207f96e75970ed2bf41f8b3edf6d13e4a3ff5422b4522592d8dbe8c587
240	GCF_014855895.1	canonical-cohort-250-v1-a6184d7d6ee08bda	/home/erikg/phind-data/ecoli26k/v1/releases/prepare-canonical-cohort-250/canonical-cohort-250-v1-a6184d7d6ee08bda	source_objects/GCF_014855895.1	010e995c27336214b4e1fe5bafeffe8850228c727ed19dc13b4b21a1287f59c5	canonical_objects/GCF_014855895.1	0d48b985fde8fc66e7af498b9fd1d06cc03bce2f59124a038acf1d92e713a295	REUSED_PREDECESSOR_BY_DIGEST	PASS	c3a62657f8d0c9ca174114461f885637bbf326e9625b34c5407cf508fded23e0
241	GCF_006350385.1	canonical-cohort-250-v1-a6184d7d6ee08bda	/home/erikg/phind-data/ecoli26k/v1/releases/prepare-canonical-cohort-250/canonical-cohort-250-v1-a6184d7d6ee08bda	source_objects/GCF_006350385.1	0725558d533789797126ff05b2c87962f5d010530c3c786e9c87f240452027f3	canonical_objects/GCF_006350385.1	6c0981ccaf95580dd678e79f18c6bfec918da85769f5ed1f95d49ab1394a0e7e	REUSED_PREDECESSOR_BY_DIGEST	PASS	a1be330b7923d5418ff441384afe5f914c11b27447bb37af8ca3927337682413
242	GCF_009627495.1	canonical-cohort-250-v1-a6184d7d6ee08bda	/home/erikg/phind-data/ecoli26k/v1/releases/prepare-canonical-cohort-250/canonical-cohort-250-v1-a6184d7d6ee08bda	source_objects/GCF_009627495.1	f21972e914aa36397e1dfe0d56f3b994527076ca01156f96cf2cd36eba933ee6	canonical_objects/GCF_009627495.1	37c218c8a877a133e1ca1f3d9f7723ef499b0f7732f1304ee012c91b04622813	REUSED_PREDECESSOR_BY_DIGEST	PASS	0bf04a0ce721978a555c50247d8eebe22f9e5dea7998d0125f91cb61e871f563
243	GCF_003829865.1	canonical-cohort-250-v1-a6184d7d6ee08bda	/home/erikg/phind-data/ecoli26k/v1/releases/prepare-canonical-cohort-250/canonical-cohort-250-v1-a6184d7d6ee08bda	source_objects/GCF_003829865.1	97b9caf8a4a10fc95062614d0e5ad8270bd6817067cc8d91fd40206259cc814b	canonical_objects/GCF_003829865.1	fc9ca14aab823f386329b7e2fc4aa0e769b46707b7efc5183f016f28170ff12b	REUSED_PREDECESSOR_BY_DIGEST	PASS	fdebd9e9243d542c4abd904f439a230e393d1778612d3fff73c29c470dfebfe5
244	GCF_002810895.1	canonical-cohort-250-v1-a6184d7d6ee08bda	/home/erikg/phind-data/ecoli26k/v1/releases/prepare-canonical-cohort-250/canonical-cohort-250-v1-a6184d7d6ee08bda	source_objects/GCF_002810895.1	cdba8a98304431fe043b4dea138de031aaa94d29cdfc68e256f9ba494bd2c51f	canonical_objects/GCF_002810895.1	3675391fd1eee6e81795421eb852a43bea01a24c764add428f951ebdccd575b1	REUSED_PREDECESSOR_BY_DIGEST	PASS	e4ef6070dfc666091dc176d6a7c1c1f7500e3d93139d4bd68c0bd2e747d386dd
245	GCF_014170995.1	canonical-cohort-250-v1-a6184d7d6ee08bda	/home/erikg/phind-data/ecoli26k/v1/releases/prepare-canonical-cohort-250/canonical-cohort-250-v1-a6184d7d6ee08bda	source_objects/GCF_014170995.1	cc45fe9d3bb5b68df77af8909e6011f3d09a9a4a4174beae11de1c4c3c571984	canonical_objects/GCF_014170995.1	7277251385a4074916a420124f1c72ab65d29552aeeaef0596273a3c4d2e8f09	REUSED_PREDECESSOR_BY_DIGEST	PASS	2dae509480f6d252c00de718c9f1e6d69b66a7ee38e05243fe49f091ce191c11
246	GCF_000781295.1	canonical-cohort-250-v1-a6184d7d6ee08bda	/home/erikg/phind-data/ecoli26k/v1/releases/prepare-canonical-cohort-250/canonical-cohort-250-v1-a6184d7d6ee08bda	source_objects/GCF_000781295.1	78f33cef9dfa9253b5df2ec1ba5d17bb171e0ec365579f148b215e8371880ce7	canonical_objects/GCF_000781295.1	97e708ddc215cf1afddccfc3a94a57688ef834df782aa45e44f3d457314f5056	REUSED_PREDECESSOR_BY_DIGEST	PASS	69c53e0c2c3d1ab6e1c72afcc1b9e5daac8d2999d0e07251d20560552ed0a929
247	GCF_002767435.1	canonical-cohort-250-v1-a6184d7d6ee08bda	/home/erikg/phind-data/ecoli26k/v1/releases/prepare-canonical-cohort-250/canonical-cohort-250-v1-a6184d7d6ee08bda	source_objects/GCF_002767435.1	1f33ae641f6e13bf72855c782f2aa1d490ba4c9bd0f7c7d618c85139888efc15	canonical_objects/GCF_002767435.1	7181015629eb8307cc397a618068b6fe736f8f185d7b74544490d661c90a5ff9	REUSED_PREDECESSOR_BY_DIGEST	PASS	375aca1ba4e778368e16617bf23e7212939c9b75b5ef61fb4414ff22c295beff
248	GCF_003982245.1	canonical-cohort-250-v1-a6184d7d6ee08bda	/home/erikg/phind-data/ecoli26k/v1/releases/prepare-canonical-cohort-250/canonical-cohort-250-v1-a6184d7d6ee08bda	source_objects/GCF_003982245.1	1847376ba10c2f49a1054656cbcfc0e5d9196ddd362dbfc41ff4e5dce2d78d77	canonical_objects/GCF_003982245.1	02da51204234f924efdbb50871f5a6bc021e5d30f42a9279ea8cbe07c9bf3c71	REUSED_PREDECESSOR_BY_DIGEST	PASS	1423a176caeb631b851164e23082cc21196d5f1613a824f69fc56d4621799699
249	GCF_900479215.1	canonical-cohort-250-v1-a6184d7d6ee08bda	/home/erikg/phind-data/ecoli26k/v1/releases/prepare-canonical-cohort-250/canonical-cohort-250-v1-a6184d7d6ee08bda	source_objects/GCF_900479215.1	580ac800f20e5b5a4c0e83503250cda7c17dfbfbc7e7b6bb7ed9ea0f47f155ff	canonical_objects/GCF_900479215.1	2b3cdbd35c886ddc3feff9c3ccefc2fb374ed7c4d21548c71a009bdccec2b774	REUSED_PREDECESSOR_BY_DIGEST	PASS	ad2098f5c054a1bd2bd46e9889d85d45b3349cf001ab38ab038185d34626f2fa
250	GCF_020089695.1	canonical-cohort-250-v1-a6184d7d6ee08bda	/home/erikg/phind-data/ecoli26k/v1/releases/prepare-canonical-cohort-250/canonical-cohort-250-v1-a6184d7d6ee08bda	source_objects/GCF_020089695.1	51b81ce0dac6a2fe04bd8e43e280759dc758c504244e3a8272c0efbcded83fec	canonical_objects/GCF_020089695.1	e62cc9f12e7c300e24681cef8ba6c243d5fce139294e35f6664a5f42ea73c98d	REUSED_PREDECESSOR_BY_DIGEST	PASS	1248c2c9e2368fc4ee9c2717aa42fbdeed75473e17bb6f6b2e3ff1558100be5d
251	GCF_003337025.1	SELF	.	source_objects/GCF_003337025.1	4ed99d8bfcd0d0499210aa8bc709d2db4ee2a90fe7bfdbf6e252ded2727e2139	canonical_objects/GCF_003337025.1	1e7ef3c9a8b7e14881962bfa7a413613021fb1b1773f9618e49796b2aa4abdd9	CREATED_OR_CHECKSUM_RESUMED	NOT_APPLICABLE_NEW_OBJECT	e3efd76e794b40e926aa4cb1d8f7dbd53f94b9835c6beab8a27e3aa1111596a4
252	GCF_016903995.1	SELF	.	source_objects/GCF_016903995.1	067434a879c1c9aacc9dff2b316e4d64b04572d44877df39e3ba9e4ba540c007	canonical_objects/GCF_016903995.1	57598d1773a790ae1c1b79d8d493d8b1f697dc98477b3f90d76f4cfc754f26ab	CREATED_OR_CHECKSUM_RESUMED	NOT_APPLICABLE_NEW_OBJECT	3ad00620bdfb8702cdcfd506008abd094d2fa6220534770acbb979ed8c1352f4
253	GCF_016761285.1	SELF	.	source_objects/GCF_016761285.1	b4a8e8c36d51b8181fa4db07f7310e06b1345ace32c144ba3ea4411bfb919779	canonical_objects/GCF_016761285.1	e753db4013c99f7885d47ff3b8ac18750b0b577742e9e29ada962ba9bb136dbe	CREATED_OR_CHECKSUM_RESUMED	NOT_APPLICABLE_NEW_OBJECT	77ba13a9bd75e43e78be4b7efe5540df4211f051c8daebb1ad7e1ba7c6d47f80
254	GCF_001619145.1	SELF	.	source_objects/GCF_001619145.1	7834e53a9d5fb619002d28162153b907bc848be4e3160b6c5d17fb75de45f43d	canonical_objects/GCF_001619145.1	afdda164acf63337c1383e6b5365b9d88fa38dc4d2e2c4784fb4e33c978d5295	CREATED_OR_CHECKSUM_RESUMED	NOT_APPLICABLE_NEW_OBJECT	da429d64a5b2ca33557c287b322201483daf351d055b4cacedd682c02ed09c3b
255	GCF_900480335.1	SELF	.	source_objects/GCF_900480335.1	dc5862c63bd25e94aa1757a0e00a3a242dfed646efe42cf003e07f14541dd446	canonical_objects/GCF_900480335.1	d224378103af69719e790b0357ac4bd876b784346478aa6bcf3862364d2b8b0e	CREATED_OR_CHECKSUM_RESUMED	NOT_APPLICABLE_NEW_OBJECT	b5388272bad3a85da4afcc700af95fcd63eef1f7c532cda25cf9009876b7cd36
256	GCF_019104435.1	SELF	.	source_objects/GCF_019104435.1	6c60bbb8fa9dede30029ca9e4b8018cdd9bfbf3d0103666f8cd2369ca4904e0e	canonical_objects/GCF_019104435.1	cda952b3d58ba5b71e395bbfc422fe9d116dfcf8de11fa77682d1ec1921f896b	CREATED_OR_CHECKSUM_RESUMED	NOT_APPLICABLE_NEW_OBJECT	849be8004c66a787748f42e34fa48dbefd46638feb69719f119ef4c9dee7ac5e
257	GCF_001638135.1	SELF	.	source_objects/GCF_001638135.1	4bd63cc1dab2fa5b617e013762dbd2d0b00ddd07ba4a88551cd089a922ed1aa3	canonical_objects/GCF_001638135.1	9d61798cc308db63c0fb8bdb8ae23f74de5fe518f698ac4ff187dc0ff9c26c82	CREATED_OR_CHECKSUM_RESUMED	NOT_APPLICABLE_NEW_OBJECT	bbb31159491adb95dcd02d9fca03d33aaf0a340727c7f7ed240ca04ea2cb357b
258	GCF_020786115.1	SELF	.	source_objects/GCF_020786115.1	6160b3f5c75239fef716e8f5da65948aac8b263936d1b114a9fa438a8e6ca7ae	canonical_objects/GCF_020786115.1	7793ffb0467e9d304061fe596f0c5472db14436b2193e0b1e3b4ea73e25e5d1a	CREATED_OR_CHECKSUM_RESUMED	NOT_APPLICABLE_NEW_OBJECT	446044015419ab69bfd363381297a050e5c01c057ee093a14f5ca5985600ea3a
259	GCF_000773575.1	SELF	.	source_objects/GCF_000773575.1	77e31fd8ea9dcac5989f2de9dedd537e662dbd0731f751dd07e48cc55fb21cce	canonical_objects/GCF_000773575.1	618b685a4f077930f275ce2ef60c55f4bd9e5acc2574826a9a254ee708f8e104	CREATED_OR_CHECKSUM_RESUMED	NOT_APPLICABLE_NEW_OBJECT	324f0adfb4f61da7c5cb1e950a0e6049b4508fafe6052cfe23e2b3186cae7258
260	GCF_000267105.1	SELF	.	source_objects/GCF_000267105.1	b64c9d1cbd0926ffe0356a97ac8bc38c172f7e4edd6656168df9627c41913e9b	canonical_objects/GCF_000267105.1	e2324fe5c1b55a882f133d9ac24e69be28406f1e060ce068de3b5dee883e032b	CREATED_OR_CHECKSUM_RESUMED	NOT_APPLICABLE_NEW_OBJECT	bd622602197226f60df235a11a2593e5817e66dbf52fd8f11ecacb28bc15e437
261	GCF_008389185.1	SELF	.	source_objects/GCF_008389185.1	ced9bc1f58b4125232ebe11758a994d24eb66af80461d3e5d88781d739da2b14	canonical_objects/GCF_008389185.1	f3ce712e108b0b9cea580ba9fffc0dcf7286c3dbbb33904e386272a6c70ba392	CREATED_OR_CHECKSUM_RESUMED	NOT_APPLICABLE_NEW_OBJECT	726d08d457f299263d488b62b24d9f064b89658013b4ff9d75c85a797d35ece8
262	GCF_000753155.1	SELF	.	source_objects/GCF_000753155.1	ea95be84570d2406c91b8d48d09feb86a704865940bfff9e1dc671d9ffccc340	canonical_objects/GCF_000753155.1	8fcd0ee6dd082d18ab03819e6571a255f0f47464eaa05cb17ed6635b10de8b00	CREATED_OR_CHECKSUM_RESUMED	NOT_APPLICABLE_NEW_OBJECT	23d9f5775221f1e968aaec2e900b17d892f5a1bb1c953c3a75b48dd72ac6320f
263	GCF_902505045.1	SELF	.	source_objects/GCF_902505045.1	d74683b7bf2d94b11ef3963d4cc23884c542fc941914a3900439a931c6273b82	canonical_objects/GCF_902505045.1	d023f63e9961eb2eecc5194be6bdd45f788020f52176b0259364eaedf0644c7a	CREATED_OR_CHECKSUM_RESUMED	NOT_APPLICABLE_NEW_OBJECT	a5a29a0c2e3f3e12498904655b3c7b1262422ddd790f2e932e858a372908bc0b
264	GCF_000249175.1	SELF	.	source_objects/GCF_000249175.1	08cacf6bb809ab3f41631eafb50191c25c7153d274a502ba17a37c1a65759838	canonical_objects/GCF_000249175.1	34e8c08f893fa3262fa12093115ef2ad84547521dd012328dca57d5c458dae48	CREATED_OR_CHECKSUM_RESUMED	NOT_APPLICABLE_NEW_OBJECT	3bc9c862d3de3fa24a2c28059a27c450e32fd2d73192568de5a1b15729355e9b
265	GCF_005393525.1	SELF	.	source_objects/GCF_005393525.1	75d4201c02714cb705cacd8b6cf444f1a81e75edadb13955b96b0126fba8d9da	canonical_objects/GCF_005393525.1	c708d1d1ace1e04218cc753db3827a26a3a3182fcfecabe2b3d6a8f16b45c655	CREATED_OR_CHECKSUM_RESUMED	NOT_APPLICABLE_NEW_OBJECT	4c2a32f5eff76945593e7ff23f2f5605173b6d3fef25b886919a8b320ecca189
266	GCF_020162325.1	SELF	.	source_objects/GCF_020162325.1	3648acd0b796ad28fc4ebe6d740aa989efd95ea203f33559f5ec3a59bbe57158	canonical_objects/GCF_020162325.1	9d257c8bfc32070395c38534195f9588b01785f274349d82d9e67dd0fce91ba3	CREATED_OR_CHECKSUM_RESUMED	NOT_APPLICABLE_NEW_OBJECT	8e04ef92358d62ba86849bcfb906fdd316d0693bce6e47215cabc884759a134b
267	GCF_003306715.1	SELF	.	source_objects/GCF_003306715.1	861be7a2279072315716ad00259cca904a3e371c5b73ba47e622e40cc46d198c	canonical_objects/GCF_003306715.1	d31bdc5d1716a1bacdee7a8fed377ae1434b58216c2e8df0371527bef23dbcca	CREATED_OR_CHECKSUM_RESUMED	NOT_APPLICABLE_NEW_OBJECT	4abd538f6f9a86ceff863aa9f475c2985836264afb466f4307acfd2881e038f7
268	GCF_902705595.1	SELF	.	source_objects/GCF_902705595.1	570edea5d3b251c018f80b4efb1ab0314e130f9169542fa197845795f7cfe80c	canonical_objects/GCF_902705595.1	754b981c37a8c790b920a37482a5cf62cf600340ce254ec74c739f40f655f21d	CREATED_OR_CHECKSUM_RESUMED	NOT_APPLICABLE_NEW_OBJECT	7e6f1a481fced0f9c15cc5a6223c0766679ea9d049f90201152ebfc7886c0e7d
269	GCF_900500585.1	SELF	.	source_objects/GCF_900500585.1	ba9df41e8e89e8baf82af07e297337d2e1160892e5459335107eb869be8a0e05	canonical_objects/GCF_900500585.1	92a45e2c4801ee8361e57c485b0eebb8e08cfe69fab9d9771f53f614163dd0f7	CREATED_OR_CHECKSUM_RESUMED	NOT_APPLICABLE_NEW_OBJECT	4b8c9e715530f3cd9edb312aa6bdd902e3a61a346dd6f04b65e320641dcefa1a
270	GCF_004960695.1	SELF	.	source_objects/GCF_004960695.1	c5437ec34e8635a67f86a81377ccf1048fcd7b3273c4a2fed1cab5076a08915f	canonical_objects/GCF_004960695.1	4d36e359e027ba859e2efe43b3d93c180a0518731158ae4ff833807453ac2960	CREATED_OR_CHECKSUM_RESUMED	NOT_APPLICABLE_NEW_OBJECT	7ba091398b2fb996b626837df9da31f4b01985505058d12cc682338ffc112118
271	GCF_002515365.1	SELF	.	source_objects/GCF_002515365.1	08a204587c9921ac7605e1b4802e96bb06998bec3252286f566b4bea39b86e3a	canonical_objects/GCF_002515365.1	755d233efefb739ebb98e85d7b19a43eb4fd575c96a9b57a6b06e5cc3edae49f	CREATED_OR_CHECKSUM_RESUMED	NOT_APPLICABLE_NEW_OBJECT	fa1b5fc6403b7ac56b36fa818c10556a9914c94388e5395f5609b481930640a0
272	GCF_900479335.1	SELF	.	source_objects/GCF_900479335.1	36c2743427a5468dfc7b1941c1852c0cbf15cc6b935aa2d10a0741e85cb084cd	canonical_objects/GCF_900479335.1	f6948b3c4269798213426ea8c1282f94c507af816c86662719d9db0f24bba89e	CREATED_OR_CHECKSUM_RESUMED	NOT_APPLICABLE_NEW_OBJECT	4ddfef2c407ba480e1610cfa944c92343e20f28f0c0674dae3fadd68ba90349d
273	GCF_015731485.1	SELF	.	source_objects/GCF_015731485.1	603a7afeb316fc5941355ad744caed2ee042bc5aef84a5c9fd03b2026120864a	canonical_objects/GCF_015731485.1	9801949601aac8aa3f802df80d042e9ed5563f1332045cb00daa5c5eac248ce7	CREATED_OR_CHECKSUM_RESUMED	NOT_APPLICABLE_NEW_OBJECT	9a265f14e27730130253b3ee9ca28be2b2300bb808deb541eae13753f2e2f8cf
274	GCF_003000615.1	SELF	.	source_objects/GCF_003000615.1	648c926d7543ec0c33c0a76f1bee05c0eb534e0b34959596b82c992f22417735	canonical_objects/GCF_003000615.1	fafd2670a4b5783dfcfbffff9e8df93c9ef0b68396fd9eccd27cc1c009e22751	CREATED_OR_CHECKSUM_RESUMED	NOT_APPLICABLE_NEW_OBJECT	0c81b081ae79151fdc43a3c865cdb2db2568580bd0162e9ba7336079a08644e5
275	GCF_000781575.1	SELF	.	source_objects/GCF_000781575.1	b1707fbf2b896b45dd1018816701062c579aff82c7fe1b3a7d7d501f5991c13f	canonical_objects/GCF_000781575.1	b0b4a656e63d7badb523bdb6562e7ba5bda1de50ef32c33b546dc855fcca888f	CREATED_OR_CHECKSUM_RESUMED	NOT_APPLICABLE_NEW_OBJECT	8bf0a72f938c34a03ee620136890ca6b9a2667499e6380c8d47e2f7dec2b5439
276	GCF_009832985.1	SELF	.	source_objects/GCF_009832985.1	f68b84caa784dc1648f5876f0d5af00adc8b70d51be42e5b865de58a1fc18254	canonical_objects/GCF_009832985.1	d590a1b2149f2eb59ac1d5905ef53c1f24c8cff25157509feabb8c5064c7283d	CREATED_OR_CHECKSUM_RESUMED	NOT_APPLICABLE_NEW_OBJECT	b12e5982e855f79b272dd4361fbfc0689ca21f36ea503d5a99abbb044df76a28
277	GCF_000355295.1	SELF	.	source_objects/GCF_000355295.1	758bb2cbb9f55908ec336c17ca45c70432f8b3b697f00ef025ab5304ce0bf171	canonical_objects/GCF_000355295.1	79b8c1c3de622f22c602594d0c70f18b1a2ae487318238dedc2cb8d13c678c4f	CREATED_OR_CHECKSUM_RESUMED	NOT_APPLICABLE_NEW_OBJECT	57bd21f37bfe80eb9fccbc8e7b31829e57b3c9b60225d4c02b87d6dd3d720ca8
278	GCF_916160245.1	SELF	.	source_objects/GCF_916160245.1	96513e36043dd534e47fee20983b2b4e742ab37b65ef88c7524ad3dd938c0c2d	canonical_objects/GCF_916160245.1	0c30a8becaecae60ab0048bec58a564b869f3447d87f896d247fab4f1461cc8d	CREATED_OR_CHECKSUM_RESUMED	NOT_APPLICABLE_NEW_OBJECT	7a7b73c99c948b0412d414550c4ab978e895c03189f242255a33757cdda48829
279	GCF_003360075.1	SELF	.	source_objects/GCF_003360075.1	d2d5af39a88fa07d7a091f5f0579bed9a9ae4cac0d4d94f18e386ca26eee0c43	canonical_objects/GCF_003360075.1	01b634dee84a392f3ae2a5a988e075fcb0d3fa4739ebe747408a5dcfd222f411	CREATED_OR_CHECKSUM_RESUMED	NOT_APPLICABLE_NEW_OBJECT	c5e3149878e25627c3ffbee1d0e53a47347f4305b8e7f6b8c678e1416a02cbb3
280	GCF_000358855.2	SELF	.	source_objects/GCF_000358855.2	1de9c2a1b252b0b004486422f98b74283ad9a97998df7eac036c03fefe9c5fed	canonical_objects/GCF_000358855.2	e230ed79c77087dc5ed069f43ec3338b1d20d25fe6681f30a41ce0cd7ef4c312	CREATED_OR_CHECKSUM_RESUMED	NOT_APPLICABLE_NEW_OBJECT	6867615b82b6296f58daf1072ff0256bec3a447bfaa5cc8cbb792ccfe672f881
281	GCF_002535305.1	SELF	.	source_objects/GCF_002535305.1	a34857ccbc9ffa3a1b0409e0f4524b071f243a73be35f1e66ea461b7dd57907a	canonical_objects/GCF_002535305.1	3043ce260f73b328fbe9ba0bd0920428db178c139ce07e80bb4150fdeb6e1bd1	CREATED_OR_CHECKSUM_RESUMED	NOT_APPLICABLE_NEW_OBJECT	200e8dac046f07865d4b164a572f0702028e4a7155bc53a32c4df32031e003d3
282	GCF_000408345.1	SELF	.	source_objects/GCF_000408345.1	34952f7be3765421e386680d8e528486a62bf94eace24e0c9a1b18e78340380b	canonical_objects/GCF_000408345.1	59790600573ecd00114a56506e6c9f3d87abe299ae66e0bd6a79efa6c0b6cfab	CREATED_OR_CHECKSUM_RESUMED	NOT_APPLICABLE_NEW_OBJECT	302c22c61342b93dd530b256781caa16644d9187c7da4c5296d7fcd1eefe007b
283	GCF_001893525.1	SELF	.	source_objects/GCF_001893525.1	172a62fa6e3113555cb241d4feb5555290f977de423a08ade9428f4ec1f9f878	canonical_objects/GCF_001893525.1	497587b12312413eb1eedf8b6c0a01985f1c4c207d7ccfd6ce2c355dcaa5f6c2	CREATED_OR_CHECKSUM_RESUMED	NOT_APPLICABLE_NEW_OBJECT	93e2c84401a219fd72db3ddf62de51c37e58ee68014414652f42de1cabd4f20d
284	GCF_002231955.1	SELF	.	source_objects/GCF_002231955.1	f8c1af56b0c2c99d7ae39e6b914d09394ca3e745301997646cfa00cd4cc95817	canonical_objects/GCF_002231955.1	6020245edff53f7a9c70a41efdc53be59762b2266595f77bb0161acee5fddfb4	CREATED_OR_CHECKSUM_RESUMED	NOT_APPLICABLE_NEW_OBJECT	8e496959ec6ef33b44fc6bfbae7e83dc68836b0442b3a891d9f660a16773640b
285	GCF_014529205.1	SELF	.	source_objects/GCF_014529205.1	72326751b32ed648f93917f2260ca7cea23876ba9127f67ce33e788794076c43	canonical_objects/GCF_014529205.1	d8682d7856bf45e364cf245c9e91ff4580e166762c248d94602a771094d88475	CREATED_OR_CHECKSUM_RESUMED	NOT_APPLICABLE_NEW_OBJECT	cfc631bcf9fab6f0f7ddd8f6ca5c0745d19dce6d827221ee2fcb5e07d122c655
286	GCF_003028135.1	SELF	.	source_objects/GCF_003028135.1	3d65ec3f59b8bf5ddf2f5401f1ebde4a12cc7c69e2792146057f2891827cfdbb	canonical_objects/GCF_003028135.1	dbf9beedabad91e2fc2dafa76d4fc517584bec4c31bda226ccc05da4db8dcccd	CREATED_OR_CHECKSUM_RESUMED	NOT_APPLICABLE_NEW_OBJECT	fae784d078767c46e6a8a54468011055cbdcd093a0c58f95dc81257ae68fc7bb
287	GCF_900479575.1	SELF	.	source_objects/GCF_900479575.1	a0b639efbff92e70e998b7d76d4cc1f87ca18ab91f09f36ef2d576e9d0221947	canonical_objects/GCF_900479575.1	0c87a4b987bb71d5167fad51c59191dfe50e5a12e5b804ff503c4e858ce6d976	CREATED_OR_CHECKSUM_RESUMED	NOT_APPLICABLE_NEW_OBJECT	bc712b7a43056485c68e769ac1fd446f3e3c47351a368b3cfec2a93ffd697453
288	GCF_005388405.1	SELF	.	source_objects/GCF_005388405.1	a90aa4f01246531fb6747d7113b778da1fa172b0adec7bbf88d98ae188ac6b37	canonical_objects/GCF_005388405.1	b6452dd5ccc38310c1b92d9ae9b6cb0a84b610ad1a8b18c994cd434bb9ed6f39	CREATED_OR_CHECKSUM_RESUMED	NOT_APPLICABLE_NEW_OBJECT	e993277224bb1fb93af76e23dde21ac44eb0d3e84aa36bffc88da90fac9f5d82
289	GCF_009822305.1	SELF	.	source_objects/GCF_009822305.1	36c38d234c8783cb82b388a80a581b08626f6c105d829571f495df39a1e9f619	canonical_objects/GCF_009822305.1	ede5fa930dc81ab918a21f16e80fa2d94a2bfb9f54d8e13af621efdc267dd175	CREATED_OR_CHECKSUM_RESUMED	NOT_APPLICABLE_NEW_OBJECT	d5a804fe50035d2b58e36593f0c807d79036f90108e0903ddd0931a3afb1d3ba
290	GCF_020668725.1	SELF	.	source_objects/GCF_020668725.1	86b63d8d5dc5f14080cb195acf09be35adbc7d478b9aed3cd76ae59e1b1a8e11	canonical_objects/GCF_020668725.1	6437f1aab971b5652a60471031bd95b10100171b1407bfefdd17d98efd557b97	CREATED_OR_CHECKSUM_RESUMED	NOT_APPLICABLE_NEW_OBJECT	0f676bf15fff5afe47c40ffdfbf6297849778a583f1390f122b5bc7e94f8136a
291	GCF_002764815.1	SELF	.	source_objects/GCF_002764815.1	b09f5f193b2a29a046ed2ce9112ff7aa7d0815b85e91f0fde2676b06753d3985	canonical_objects/GCF_002764815.1	d715fb74c94597f708e1a8af070eae934456bc0f65cbff11157b04d2785fb649	CREATED_OR_CHECKSUM_RESUMED	NOT_APPLICABLE_NEW_OBJECT	4e4caa00064b7927057cba20443514db291e34573b08741b61ae061c4a7c8690
292	GCF_006230075.1	SELF	.	source_objects/GCF_006230075.1	6f3cb1ec908f43083832bd922a86c170736b3254f064bce6e0156b3531a051f4	canonical_objects/GCF_006230075.1	6ca5d68a9d515451f274a61261b98bf7a47a95d2be23b5d4f8835acc149c3ad7	CREATED_OR_CHECKSUM_RESUMED	NOT_APPLICABLE_NEW_OBJECT	1845669d2d594006255d66b34352488c75320e3d29bd9a25a21759219bb4b0de
293	GCF_009793765.1	SELF	.	source_objects/GCF_009793765.1	616f9a8f7a334849c707d790bd6958bee151d5f21ce8bf9d9ac15978872e95d3	canonical_objects/GCF_009793765.1	5a52d6f944b5716ec877c2a94cbe6e86ac30b6fd7fa50e3b1690ba70a7967ca9	CREATED_OR_CHECKSUM_RESUMED	NOT_APPLICABLE_NEW_OBJECT	c88580deee503664ace3db590f2ee620481c71d61ccb15574dd371be3e04e9f7
294	GCF_003302995.1	SELF	.	source_objects/GCF_003302995.1	3ecf276956919461274b80e39678cd5ef811230ec27560a2b1f7ba4ed928f49b	canonical_objects/GCF_003302995.1	04f6b48ad901d8e7378d7ed1a7830f02b7943c83507566af343c937f4ff8f9a9	CREATED_OR_CHECKSUM_RESUMED	NOT_APPLICABLE_NEW_OBJECT	ff30140c440d26db94b9bcb6e2bc3b8257582e9597625d71eb9bd7950170c6a4
295	GCF_002056065.1	SELF	.	source_objects/GCF_002056065.1	e52a06ee21aec149a48411c4bc2ffc35cecab370bc9e6b49de837c148654725e	canonical_objects/GCF_002056065.1	89f1e92ca79230f77629aa10f1b1cc0b25fdff88570df91b4e42eade8b582e0d	CREATED_OR_CHECKSUM_RESUMED	NOT_APPLICABLE_NEW_OBJECT	7de2f200786c7e7d5ba1db354e3ea2bf7c873f52540409a1ed5d5f5d56439670
296	GCF_900195745.1	SELF	.	source_objects/GCF_900195745.1	751de7e5f74318bfe8b5a69832c06b4336cc147e99d3256eb6907612a4a859b7	canonical_objects/GCF_900195745.1	6e23b0201c4d9785b49a4e9e7cc3c83ed8b77ccbca1a80878be937d347eec7b4	CREATED_OR_CHECKSUM_RESUMED	NOT_APPLICABLE_NEW_OBJECT	ca28fe17b36f2b16d7cf8cf418aed779760a9671659566f19438d585a78136e7
297	GCF_001571915.1	SELF	.	source_objects/GCF_001571915.1	444900b6cb4f2c70780516713b127841418be333f395f507b4ad03836a222d03	canonical_objects/GCF_001571915.1	be738e502973841d9059fc2d632d5c80c6f21535ddf7837ce2b369741f4256da	CREATED_OR_CHECKSUM_RESUMED	NOT_APPLICABLE_NEW_OBJECT	e30cd02de616f2f149b284778fa28d93036ea46604392e0e9375ba4a4a910765
298	GCF_002165115.2	SELF	.	source_objects/GCF_002165115.2	4f169e75a746d53a6cbc49fbf319c80f9e1f9deac4bddb35eff7fa25b19cf1dc	canonical_objects/GCF_002165115.2	7facd5f4976a332b7e167f34141e03f42522b9b7ebd17f20d319dac0c3f44563	CREATED_OR_CHECKSUM_RESUMED	NOT_APPLICABLE_NEW_OBJECT	344100a2e7603be19f68788300cb4eb264019d495a7fc34ebd56adaa547e7afe
299	GCF_016905495.1	SELF	.	source_objects/GCF_016905495.1	9d40428d7c0c1e64147171104f834aaefff5281ef9f43491f06f9a7b87ed1e47	canonical_objects/GCF_016905495.1	3e69a99e17bb1e22bfcadd305e24ce9f6455f3c7b1996c1d68b2af79dfd02902	CREATED_OR_CHECKSUM_RESUMED	NOT_APPLICABLE_NEW_OBJECT	f791cb2a7c770bc5437ae8394d5e9a94d68dbce8aa3ff5c0dbb57b4fee54eb2e
300	GCF_002194715.1	SELF	.	source_objects/GCF_002194715.1	22e692648a0cf94cc66ac381e349a00e8d69efdfec5077de084ccba26d182a10	canonical_objects/GCF_002194715.1	68052a87626357a3bd23b62c6e46cbb886320b367a52eb4ff01d92cf2d080436	CREATED_OR_CHECKSUM_RESUMED	NOT_APPLICABLE_NEW_OBJECT	014df3c01977f00a5822ffc0bdaae7628356fd59195c405129d9c3f30e58d062
301	GCF_002002235.1	SELF	.	source_objects/GCF_002002235.1	8f6e1878b642a97838ca77ee871bd21bfd053058d97a7dfaabf0d60f734b97b2	canonical_objects/GCF_002002235.1	7e847ed36499e364eceac22fe0458c71f300a8f602790bd2b7fdb9d7ddb3bfd8	CREATED_OR_CHECKSUM_RESUMED	NOT_APPLICABLE_NEW_OBJECT	66de5d1432b4a410b529a4002f9914da7e5b7c255c8c8864909a3c1b956fabe8
302	GCF_001402805.1	SELF	.	source_objects/GCF_001402805.1	ff470cd30b61556c756a888f88d372e82ee4986fa22ee275b17c632ac681c654	canonical_objects/GCF_001402805.1	3ee9328a24f5298eb3647478746512c5de7b5ddeacb526b8efc19208d100f272	CREATED_OR_CHECKSUM_RESUMED	NOT_APPLICABLE_NEW_OBJECT	b94d2ba4f953b6809da0ec6e3ab2d34a0727716d5bbae31b75e1c68e80a690ea
303	GCF_000703265.1	SELF	.	source_objects/GCF_000703265.1	c69102a76fdbc53f78a9be38f6a9c4751165f28c62abba064a3791322865f03e	canonical_objects/GCF_000703265.1	614c3d56dcce7e21c3fc78d6371f0cc5219db77a0894f203416988f3261dea00	CREATED_OR_CHECKSUM_RESUMED	NOT_APPLICABLE_NEW_OBJECT	94de3f0b04b567d503c4eea92944d14d26094218711d49f835125a40d78d9972
304	GCF_009910465.1	SELF	.	source_objects/GCF_009910465.1	ed46544f1e2870e6331f41d99d6ee366e3a6503da48a521f7bfa7432b18d802d	canonical_objects/GCF_009910465.1	30a13eac9f341858df7ad3af954a0e70e4ca3e72fff931c072e69561cb78bdf2	CREATED_OR_CHECKSUM_RESUMED	NOT_APPLICABLE_NEW_OBJECT	999176f9627c563849bd5d46183630f1c84839693b076f24a9a855db3667a29c
305	GCF_004661495.1	SELF	.	source_objects/GCF_004661495.1	da950467b16db47121e8477b6555da139903d4ef8595b656df7925473f5e8ecd	canonical_objects/GCF_004661495.1	7c098992acc34d6a798f5603610e85ec6eacb3e6b54436b94cff4791cdbf7991	CREATED_OR_CHECKSUM_RESUMED	NOT_APPLICABLE_NEW_OBJECT	6d7d88afa1f88a1df7006bcb16d75eb45a44309c5b5f5698fa70d7fe2cc33de6
306	GCF_002233475.1	SELF	.	source_objects/GCF_002233475.1	ea3803c80a4f1423ff177beb506b7a9446f816083e91f51dea17b5dc485d62f9	canonical_objects/GCF_002233475.1	0a40de0df6ddccf83ae753e67f376379646e48c5df089e29cb453944f5cf5aa0	CREATED_OR_CHECKSUM_RESUMED	NOT_APPLICABLE_NEW_OBJECT	fa5a13eabcbc4701f455d17943a9a8688a35a3e5998cc3ab1c9cfb74a8081d89
307	GCF_021342755.1	SELF	.	source_objects/GCF_021342755.1	5774a3be1cbf11c4ea76457e7f58352d916c580e02e5a211873bb4c5b9ab9c36	canonical_objects/GCF_021342755.1	5148f4f2009a8bffe641eaf0e5c6b4ad064303ad431ad1990b35f1144b6035e2	CREATED_OR_CHECKSUM_RESUMED	NOT_APPLICABLE_NEW_OBJECT	18af613a0cd163917f70d796f5e03b0988152d803a76f0d43b9ac0477d800c1c
308	GCF_003301875.1	SELF	.	source_objects/GCF_003301875.1	4b13ad9dc1c2d597fd77b21476c67f2efb336aac2c8771bc48835680d4fc08ef	canonical_objects/GCF_003301875.1	d4a3afdec8653e9b39eaf2f65a04ef4744d91a14083a57b705f464c6426c368a	CREATED_OR_CHECKSUM_RESUMED	NOT_APPLICABLE_NEW_OBJECT	b47f4319357f3673d1117c1e009bfd65aed2929451f39dd9a996903bf217f617
309	GCF_003318595.1	SELF	.	source_objects/GCF_003318595.1	cd03c5ed7263c53caf03b1dbce141adb613391e26a6e1b7b09cd95507702da55	canonical_objects/GCF_003318595.1	88df05dbd96642984906ef789740f8ec52a844467c327b2c649d1d2c275f5d7b	CREATED_OR_CHECKSUM_RESUMED	NOT_APPLICABLE_NEW_OBJECT	ebfd14caab75bf9819062224eb3c50a15a90bf8476db650c8ba343fe03a7de21
310	GCF_008388475.1	SELF	.	source_objects/GCF_008388475.1	6bad25c3a0fefe0ec0333c5e5afcedd748ccdfe826304379be859e155852a397	canonical_objects/GCF_008388475.1	45367c3ca20bad9f7db53414f05ea9c06f73a1f59b2318cf11bf60a884f3ea5a	CREATED_OR_CHECKSUM_RESUMED	NOT_APPLICABLE_NEW_OBJECT	628e23167a9b5a66a04f775f3e05629563c007a4c9a50515e87e3e5a4340f34c
311	GCF_003302895.1	SELF	.	source_objects/GCF_003302895.1	17f3bf15ce195c08392c9d3b2c028665a9a160b9ed84279308fde462eb739c92	canonical_objects/GCF_003302895.1	bd2d91ba3e7e45d831adf1f165a285846a64b1ba327e5f34b0dbfe3012322d84	CREATED_OR_CHECKSUM_RESUMED	NOT_APPLICABLE_NEW_OBJECT	5e218a3146a70eb74aacf4c222933e7fb8fdf03414346d10691a3c85d5431a94
312	GCF_001942085.1	SELF	.	source_objects/GCF_001942085.1	e490fb88a8166459f62b30069b49b68dd54207a0d4e25528261ae77e9faf29df	canonical_objects/GCF_001942085.1	41018b680fdfc2e84f46694301726a7d69585213161b1f95bce9f43ac719bc44	CREATED_OR_CHECKSUM_RESUMED	NOT_APPLICABLE_NEW_OBJECT	75f210ee916e8714077dbd905e0cdeb0cc7f3b833e18b49e9e527d654d169803
313	GCF_014862275.1	SELF	.	source_objects/GCF_014862275.1	d0c84473d27b47513dafe0bc3eb64c324e3ae5a9af21ec3b54b8602ae36caa1b	canonical_objects/GCF_014862275.1	89cbe336792ace51fc9455e0611ec443dd7596872a71455179c518658daaf8eb	CREATED_OR_CHECKSUM_RESUMED	NOT_APPLICABLE_NEW_OBJECT	0476456d32b318b9cc39243df7ebb9a59f6e2fbddaeb714fcb3f3337ea9eab01
314	GCF_017594325.1	SELF	.	source_objects/GCF_017594325.1	05ca27ef906012a0ab3b2f5fd64dfec366e23d34749133ab28f51635f6c0db32	canonical_objects/GCF_017594325.1	7516108b5d4ada1cae2d55086f321f0d87d93803230ada707bb547f263e3a17e	CREATED_OR_CHECKSUM_RESUMED	NOT_APPLICABLE_NEW_OBJECT	dd7c19fbe56aab01a28839743ffa847839fcb6e123fb929f9450c09d3a20ed2f
315	GCF_014117345.2	SELF	.	source_objects/GCF_014117345.2	ce698d4a5a09bb7f3d38af8ddd50f687c673c00f551838f1488cc13bfba1990e	canonical_objects/GCF_014117345.2	9c0650d0e98c63109035ce2dfa49fcb351dccc437c376efb3e04e60ac8f4cb91	CREATED_OR_CHECKSUM_RESUMED	NOT_APPLICABLE_NEW_OBJECT	1bbf04b55948259c9fc751b8b27c9ffa9890297452bb7b9d2194f84b457fd297
316	GCF_003328095.1	SELF	.	source_objects/GCF_003328095.1	9af12ea9892d7c89f00e264fd713e80cc5c8abd9e9baa04879a882f7e470af15	canonical_objects/GCF_003328095.1	b36dd3bb2a115bcde81169ea4ad0b8d852abfd5275592578a9724e43c617f562	CREATED_OR_CHECKSUM_RESUMED	NOT_APPLICABLE_NEW_OBJECT	04dc51451e7f1cc5bd63eb3c5068d70869d7ea089ffdb778024d38a68f36a844
317	GCF_017165455.1	SELF	.	source_objects/GCF_017165455.1	56064bc3f43a848bdc8b1a07713d7189a1a66c36a1d535e87d08f07f274cd286	canonical_objects/GCF_017165455.1	72073d906907943cdf82a3dc6adfebf95807b898b6252f22a9358aa149e027ee	CREATED_OR_CHECKSUM_RESUMED	NOT_APPLICABLE_NEW_OBJECT	18ec996011ffc40bee308b7d72ec9a068be055d22e5e7b6c88e0c56f8467f041
318	GCF_900499255.1	SELF	.	source_objects/GCF_900499255.1	12f17acd695c30e112905e9213420aa8f63edf8ce33fa4e02f57207883c67281	canonical_objects/GCF_900499255.1	b5c46fd0b19eaf4dcb6b68781e205596ad093cb45484b32c6a4e53fec98630ca	CREATED_OR_CHECKSUM_RESUMED	NOT_APPLICABLE_NEW_OBJECT	e8d64119a8c98b1e2b79625e8bbc7532f4012c129a8a328686e7cc144fe4b0b1
319	GCF_003469495.1	SELF	.	source_objects/GCF_003469495.1	0bf1f87ffbf2bcbe9285a0d577b36961e9791f8fcd6aa36bd2107e590a2515cf	canonical_objects/GCF_003469495.1	644effa2552304ac324ed0b7e41b9aad643c812c9e430e774a46ba2aca9e4311	CREATED_OR_CHECKSUM_RESUMED	NOT_APPLICABLE_NEW_OBJECT	b93084fa494caecd1df3980a20a0366eb6945c0af9a7a2801f0d7119681529dd
320	GCF_017595435.1	SELF	.	source_objects/GCF_017595435.1	46a7ff8c647d57b9b21a7d086e9acb5bebcaeda091ed7bb4e1e16bf44cd0a835	canonical_objects/GCF_017595435.1	74090b5f1129927f0d9c83b8a5252481990cf5be51f04f83cb345e50218977d7	CREATED_OR_CHECKSUM_RESUMED	NOT_APPLICABLE_NEW_OBJECT	25b0a50b9b14569e4c17dd5d4bc112d4e7a9fadb0a8efb291d599410edaa300a
321	GCF_001911755.1	SELF	.	source_objects/GCF_001911755.1	0c23364509f82357a81ea4138559d005371b64384b42c6a6bc13c0d0e858bb47	canonical_objects/GCF_001911755.1	5883848601d4f1b960aa03281bd49de4a6a63f95e91a0d6c34d55d1ae73f943f	CREATED_OR_CHECKSUM_RESUMED	NOT_APPLICABLE_NEW_OBJECT	85fb8e7161e7702072e8c0e5614894e05ea7f7b4dae38e154f91272680d9ab2a
322	GCF_009600715.1	SELF	.	source_objects/GCF_009600715.1	c40ed2dab57dbb6a30db0ee4a9b49031a0dfcc4e29403d09186360fd23b1c0a3	canonical_objects/GCF_009600715.1	b185f3ce962eadb3d6628fb12ccc09d1323bb16348d8adc6cfc39c7ede036f77	CREATED_OR_CHECKSUM_RESUMED	NOT_APPLICABLE_NEW_OBJECT	dd3e7d4a777eb006c554eeab2265711576d75082924b167a563146561d9fdbd5
323	GCF_002228035.1	SELF	.	source_objects/GCF_002228035.1	b21314c08cc4e9cace79fb23ed78cfd6a30e4f9be7d4eca670a5cf22c5a56ab5	canonical_objects/GCF_002228035.1	81be7c17711f2b47532252217558fdb8e9f852d39442f57054f64406a0befbd9	CREATED_OR_CHECKSUM_RESUMED	NOT_APPLICABLE_NEW_OBJECT	f5a383795e1194090aa466448441e9979ebe541b5b77e07bb91f92021f3fa1b0
324	GCF_009899125.1	SELF	.	source_objects/GCF_009899125.1	a8ca245125260bcb6f9a4816176b13e376a19e888dc1658680e9e3a7ae4e25e5	canonical_objects/GCF_009899125.1	efc07a55265d8ee46f6321d886ecc4e84bf79186def06aaa6ed57114bc2a2559	CREATED_OR_CHECKSUM_RESUMED	NOT_APPLICABLE_NEW_OBJECT	034c5c4d9281b43f6556f221ca95c262390ed9af1c0671af471b89c0b5d35e51
325	GCF_002469155.1	SELF	.	source_objects/GCF_002469155.1	389bc87f4396765e8a1bd77300251aa5cfb8558bcbad16f5aa949c17bed9d6fc	canonical_objects/GCF_002469155.1	a9242bd606ee484768fcc86b21d0db80de425591130c203217cdb4b817b5ba1c	CREATED_OR_CHECKSUM_RESUMED	NOT_APPLICABLE_NEW_OBJECT	12865006f3383d62101c63b8f11d9fbae7ffaadd2b06d8246794736590885b27
326	GCF_006352105.1	SELF	.	source_objects/GCF_006352105.1	f44e21afbaa7e1a5d126a91f5b51a10aebba7baf7414c363a40d45e8bf50c25e	canonical_objects/GCF_006352105.1	2b503cbd909a95790b90a37d23732e4cd26391f28521b84d92e22595c6d1cc38	CREATED_OR_CHECKSUM_RESUMED	NOT_APPLICABLE_NEW_OBJECT	502cef4267d8c8fb41a6d95236439197b5be78a16807ec6541365fd81570706d
327	GCF_009820835.1	SELF	.	source_objects/GCF_009820835.1	abbf052fafb576ff080033e386f818ab4202266698f71fabb601a8aa1d223313	canonical_objects/GCF_009820835.1	4b4b5791abffafa98ff5067e4583b6d64799c2f71d0d36cc03fe1f4731b41a78	CREATED_OR_CHECKSUM_RESUMED	NOT_APPLICABLE_NEW_OBJECT	e1d292d1cb147de47ccb694676b24008da80ec54d3c2c08534da7f83ddf7ee35
328	GCF_001506145.1	SELF	.	source_objects/GCF_001506145.1	e81bada142f35cbc206b1d48ed6ae40e1fe4b60c0546d81a735415fcb01031a5	canonical_objects/GCF_001506145.1	83461c0e5b50605beff99e5a3bdfb4722c093902b065e1785fff8fa696a987a8	CREATED_OR_CHECKSUM_RESUMED	NOT_APPLICABLE_NEW_OBJECT	fc49631e13ee210b1f9ca255a507aae6e0c44598928d264204da4557c4f5f895
329	GCF_002546515.1	SELF	.	source_objects/GCF_002546515.1	2fb5acb1d99c78a6ba252148011c2d2b1b6e02544dd17fda74d646117b84afa7	canonical_objects/GCF_002546515.1	0ed44b54cd3b5e4efcc58bc169e764251f889277525c786e89b681517540ee54	CREATED_OR_CHECKSUM_RESUMED	NOT_APPLICABLE_NEW_OBJECT	96741406c6687ce65812f72987160d788a9b8c655441f1bc0fc5b1738cc6aba8
330	GCF_000350765.1	SELF	.	source_objects/GCF_000350765.1	b71bed0fb72f5fdb2e9c22468446f42cf3b6c42070f678aa9920b6d5054b2a8b	canonical_objects/GCF_000350765.1	6deb464563273475aa69c8e7817b0f02fa8a80de6bd48adf1cf1c0f34861cfb5	CREATED_OR_CHECKSUM_RESUMED	NOT_APPLICABLE_NEW_OBJECT	9bd6cceac24bfbe0c5ce63f06aa6323375dcf74dc91b6fcaf0d20b8ae39baad2
331	GCF_016123575.1	SELF	.	source_objects/GCF_016123575.1	7d764235e51379f4c3c794a13036d60465151699fef7bc2a0da0db01504b5fc2	canonical_objects/GCF_016123575.1	e553512d8bc15993190a9b36a96fa8a31f24e4b96421ab6dcfb794cb84150d26	CREATED_OR_CHECKSUM_RESUMED	NOT_APPLICABLE_NEW_OBJECT	e4043472dc063e77fb992cb21d437be0cf7c30e5fc7b167ab127fa711dfc90dc
332	GCF_003361965.1	SELF	.	source_objects/GCF_003361965.1	1fb48431d05f7f0a745b053d1b58d160fad4f2ce754b7a4138ffccae8581ab65	canonical_objects/GCF_003361965.1	616f67845f89cccf82b06b5f4ec43b895b405455173f132571b7097ea47826cb	CREATED_OR_CHECKSUM_RESUMED	NOT_APPLICABLE_NEW_OBJECT	6ca85efe77ec6923af752c167e1791dd0f524b2c06fed61e01600ae8d9d48249
333	GCF_005395245.1	SELF	.	source_objects/GCF_005395245.1	8bdb0ceed7028bad724b6bc4065b8a48f3fc9a61c79327d36f1cf17ace27406d	canonical_objects/GCF_005395245.1	8c1ad6cc1e47250c21f573f1d6da85253cd1337b38db9d475434dd5a2fff032a	CREATED_OR_CHECKSUM_RESUMED	NOT_APPLICABLE_NEW_OBJECT	b4902b8d296b36ad5e6526a00330e4fb6b6b1dcbed6940fd7a872942babbac80
334	GCF_003018655.1	SELF	.	source_objects/GCF_003018655.1	e36fe5b46a6dff4784415a504413a2604693b3e55c1e289638cbd91a01630e40	canonical_objects/GCF_003018655.1	3a1c1149e1ec53c7b47cbf46f681edc9706b94e489e9ae00d25d374ade5209cb	CREATED_OR_CHECKSUM_RESUMED	NOT_APPLICABLE_NEW_OBJECT	2ec80bd68113fa4617b744c6d5182f246ee7fb1b3a36ef53e8a90884f81b1898
335	GCF_900499355.1	SELF	.	source_objects/GCF_900499355.1	08518e9b12d15246c95e374494ef9ed45daab3d541911dd3e77d8e51906819c4	canonical_objects/GCF_900499355.1	9f89f9b48e789fde99331f6de627b0abd66e88bd14a4280124c29d60c8338834	CREATED_OR_CHECKSUM_RESUMED	NOT_APPLICABLE_NEW_OBJECT	0bc4f2d04979756c53e542d4cc6ce53a92d93c7d1cddaefcf7c9e74b328bed20
336	GCF_003730645.1	SELF	.	source_objects/GCF_003730645.1	b05cdb8d5840e149a4f4179ea1e2fdef72abbbc8f878a58c49e55cb011c75674	canonical_objects/GCF_003730645.1	c8891c91e90e53629576f8ab60177fcc89f11844f2071806ce491f9c52dfa247	CREATED_OR_CHECKSUM_RESUMED	NOT_APPLICABLE_NEW_OBJECT	37d733194e77dea02cd8950d7fb0eda9efeb6afc3677d7e4c77f05b16477da22
337	GCF_000819245.1	SELF	.	source_objects/GCF_000819245.1	70fdc51af953224db803b476f6fe89f02cf46e683fa6e351f72d4b6b4b5b8509	canonical_objects/GCF_000819245.1	c7b546b6f5e9b26dc0ced072e631557c6e3667d2fc8ecb92478f2f17143a8f01	CREATED_OR_CHECKSUM_RESUMED	NOT_APPLICABLE_NEW_OBJECT	143ff2b307c2031de959b0c66dcafafd9ad095147968ef55606dc171a2726651
338	GCF_011603145.1	SELF	.	source_objects/GCF_011603145.1	8d88fc8dff9487dddb07ed3ffba07fdd569e8bcf3a6af8d6d4c42776fa8e9a9c	canonical_objects/GCF_011603145.1	1a280434cfc81ce2354f440658b73a726ad734685f5b18d3014bfd1c4038e02e	CREATED_OR_CHECKSUM_RESUMED	NOT_APPLICABLE_NEW_OBJECT	6712d9d0d3c5e90f213f9667b4a731a210f67a479323e4c85c194a9c06985d10
339	GCF_003027835.1	SELF	.	source_objects/GCF_003027835.1	3d7bf9beccc3d31109c10fe164d8603347e29a8419146272844947438ce7c31f	canonical_objects/GCF_003027835.1	133b10e6d463531a20158dc3e8a61da5b7ed4c6a26f32c842f25f49778843c89	CREATED_OR_CHECKSUM_RESUMED	NOT_APPLICABLE_NEW_OBJECT	4e2c0d983b9c695bb06194822072da421874f3737f7f90887bd5bc252c37fe1b
340	GCF_002485405.1	SELF	.	source_objects/GCF_002485405.1	18432f28875174fdcbaa0899b8a0106725f1587275825f264879fca7f58b7f85	canonical_objects/GCF_002485405.1	f05751db8f735b2645bd00eb469346cc16c4f32bdfcf9c8c62c2ed803e018e2c	CREATED_OR_CHECKSUM_RESUMED	NOT_APPLICABLE_NEW_OBJECT	f16d6395ebad1eb32f30a3006286cea4b3984aa342305ca1112a9565eeb82eb9
341	GCF_003303815.1	SELF	.	source_objects/GCF_003303815.1	7db991312498304a990f9df74989fe2e87ef9798ca8e14d53472b68958e11ae1	canonical_objects/GCF_003303815.1	3fc7b31a01a51119659c4356e2e2a70a5f844a27fcafa47b9052fcd08c55fb09	CREATED_OR_CHECKSUM_RESUMED	NOT_APPLICABLE_NEW_OBJECT	8b9170a5583b7020bac3febd9e9604355c47c61ad5215ea12dbf0de1d7d1bc65
342	GCF_002534845.1	SELF	.	source_objects/GCF_002534845.1	6b2dda8975f3447a7a78ab86d576e9f249772e5c86fb99ebb970ae53d73dbce8	canonical_objects/GCF_002534845.1	5e70675373d4bc5869dad7ef3ba6d05fb089eb01c7368b784a5f6683cc5f6fcb	CREATED_OR_CHECKSUM_RESUMED	NOT_APPLICABLE_NEW_OBJECT	d7a331f3323d6cd48de4ed8c4f09a3b605ca3ede30a07cd2e6fd549e9a8df340
343	GCF_900482185.1	SELF	.	source_objects/GCF_900482185.1	28c0621ec22a33a5822aff6e5d53bf120fe25e0e733a47114654bfabab6d1b25	canonical_objects/GCF_900482185.1	2890827f2409c22cf85422c9594023d7908058d06b35f6fe0e94a1686f4c0bbb	CREATED_OR_CHECKSUM_RESUMED	NOT_APPLICABLE_NEW_OBJECT	d30b7cd2c919a1b63fa36c120e87cbec3250c8a9ef10bdc1d830678e53202380
344	GCF_001521415.1	SELF	.	source_objects/GCF_001521415.1	c7d467193f2a5f0961ab1a06e5152183bfd92f005a1ffc73ceec652fce6c682e	canonical_objects/GCF_001521415.1	f4507d55fe7d04840e1787c315156084953e2d37d9f32e5f499eb67dc131e67a	CREATED_OR_CHECKSUM_RESUMED	NOT_APPLICABLE_NEW_OBJECT	fce3727602ce20b67e69a2b5a245f8c69610965257f8a811566ad634336e8a67
345	GCF_001519485.1	SELF	.	source_objects/GCF_001519485.1	42841499ab3ebf7653749c1e0be1e2b6f658bc66f82894bfaa9e9bfd9111fef1	canonical_objects/GCF_001519485.1	98c023df6155354b3595491aab357b30bb1456ed4a4583dcfe9e2f0b4df519f0	CREATED_OR_CHECKSUM_RESUMED	NOT_APPLICABLE_NEW_OBJECT	b4e4a9ff2628a7d8065721b345f0e8ddc5cd514ee565477cc8663734b259bc2e
346	GCF_000006665.1	SELF	.	source_objects/GCF_000006665.1	feb4a6ee1b7e222fb5c01e7ec5825b2af41a5df0a7ba1c8c4117185d6b4c94ee	canonical_objects/GCF_000006665.1	523e7857dd087997310c19b6945d08cf188d83f04b0947448e1dd6776ea44369	CREATED_OR_CHECKSUM_RESUMED	NOT_APPLICABLE_NEW_OBJECT	3e8b6f0a82d09cc9b2f2e2183616f2b5d10ddcee7a8b85827f43a89184987e31
347	GCF_015699425.1	SELF	.	source_objects/GCF_015699425.1	0026945a14c314f892114e3fc1616968fca7c3648bb0e91aa616fee9261509e5	canonical_objects/GCF_015699425.1	88f91414cbbf4dbec9bdf9139058f5659bb5683896deae4ee2fe5df89aaf171b	CREATED_OR_CHECKSUM_RESUMED	NOT_APPLICABLE_NEW_OBJECT	e895725d614d403dfb9003ccd790a07df14e01cc9c405ca845fe3ad3c2129e4a
348	GCF_020051575.1	SELF	.	source_objects/GCF_020051575.1	2307f7e09e9958e8df8148dea6b43162118e812098fbc6263b7b7ec42e9bd292	canonical_objects/GCF_020051575.1	6e0ece28d719a6a97c00d67404b9190336c6793c52a6482c0e19fbf9f5e58c98	CREATED_OR_CHECKSUM_RESUMED	NOT_APPLICABLE_NEW_OBJECT	eb3c64e29b032ac34b0cde2f4d585f47a0b12feb0f1979ef05e3c53b6a6241b4
349	GCF_000797675.1	SELF	.	source_objects/GCF_000797675.1	23fd27b8ba12c5e7623f394674a1c34e8e5b802081ac50dd16151807797b9557	canonical_objects/GCF_000797675.1	cd50d079d24535476cde5aa6ec27c945b18f7dcc6bd55f49f0dbb0a4bdf185b4	CREATED_OR_CHECKSUM_RESUMED	NOT_APPLICABLE_NEW_OBJECT	da0fee9e394a25521b35fbffbf4a254d4978a7a87b20526b534ba48b193fc982
350	GCF_016123675.1	SELF	.	source_objects/GCF_016123675.1	71b5f043a4ceaf76ba7de1acea28718183bd867ecadff8f4a691646affee32e0	canonical_objects/GCF_016123675.1	d65a3b9ad6724100c9c7905262cdd053ff4f0ec990ed898928001981e012c79a	CREATED_OR_CHECKSUM_RESUMED	NOT_APPLICABLE_NEW_OBJECT	fcd1fcd30f41ffd0cbbf577043e25d5771d00816fa97811504997461cf4b2f27
351	GCF_001285365.1	SELF	.	source_objects/GCF_001285365.1	7dfe762c8ccdda97a1bb12781e9b60a4f3b8a3c43b07b94ccad043b21dade32b	canonical_objects/GCF_001285365.1	16c357cc7311619d5476ff063843cd4404ff0f7934faa89f7d69211a43339f8d	CREATED_OR_CHECKSUM_RESUMED	NOT_APPLICABLE_NEW_OBJECT	62df0cb7ebc2f2709f8872cfd117043f80b759adc4317874cc85033a8f099fcb
352	GCF_019202505.1	SELF	.	source_objects/GCF_019202505.1	b44653ac4cd28922bd107ac8904995ead162279f15aeb062f5bb8d544eae520c	canonical_objects/GCF_019202505.1	a263eeace6bc6ad3e0e7d164654b223031abdddbcb9b71427724263b8cf1d281	CREATED_OR_CHECKSUM_RESUMED	NOT_APPLICABLE_NEW_OBJECT	b517cdd7de0b87ed72cf6a6c9b7d9379e4382f1de2f18f1af00f4f90a76af4c3
353	GCF_003291305.1	SELF	.	source_objects/GCF_003291305.1	3f8062fcfb8962b71da2638030813260cc01cc165cc0ecea756f979bcc8305b5	canonical_objects/GCF_003291305.1	ece83c2e013fdff737752fd95fcdc51bbede9c258bf6bc59501e649568210cb9	CREATED_OR_CHECKSUM_RESUMED	NOT_APPLICABLE_NEW_OBJECT	4a5cc88ad98e15a0f8c0a1132d02da8df418dc90805f517096f623678eeff5de
354	GCF_002518045.1	SELF	.	source_objects/GCF_002518045.1	d5ae0b041410b278f8903bc2608cb6adae96f4d260c46427777308e9dd3fdac7	canonical_objects/GCF_002518045.1	76784630df194c0297207cb423676946785d34461f3e6ef185abb5a968046770	CREATED_OR_CHECKSUM_RESUMED	NOT_APPLICABLE_NEW_OBJECT	704167eb7db39d17f8df4681852c3e1e65be21d98f8d39dee18b31c535d3e3e2
355	GCF_006236345.1	SELF	.	source_objects/GCF_006236345.1	28642e801a2231ad08f5269acb9afd499d99f3708d77702866e3e9811a041e03	canonical_objects/GCF_006236345.1	581720acf0ec27b78a5f94912b6f3b8f4addc9dff34d5e15c3ce32eb58af94c4	CREATED_OR_CHECKSUM_RESUMED	NOT_APPLICABLE_NEW_OBJECT	ae4eb1dd8accf103915bed26e324fa3fe69cd1765b3b5c6850d0e79d39c55c9a
356	GCF_000326745.1	SELF	.	source_objects/GCF_000326745.1	94a82b257dd37077566ebda5c449201248ffc51359fae90b435899f56675f1d9	canonical_objects/GCF_000326745.1	13b088b1d0a19120ae5b46c91dcfa41f39cbc9151a0958b20d859e4e3e1bfc57	CREATED_OR_CHECKSUM_RESUMED	NOT_APPLICABLE_NEW_OBJECT	354e0f4ced9e752c9969aaac0accb88f91013da49a9956d835de277987dbbe8f
357	GCF_002461055.1	SELF	.	source_objects/GCF_002461055.1	e030b3eeeae819a307fdb90e0eb8a71603931d279955722b9bc9147139df5d98	canonical_objects/GCF_002461055.1	dcb34fd29cd3d4173fbbe0bb340095486d8ce7b7624d24b4e885994df87182c5	CREATED_OR_CHECKSUM_RESUMED	NOT_APPLICABLE_NEW_OBJECT	3894207ae16a33ab874d0cf2aefa8e9d79c92faf8e0f9c705085a720a4b36765
358	GCF_014169415.1	SELF	.	source_objects/GCF_014169415.1	f11a1299c3b87b84a83b66ac732414c049c60a69abed6111ef965c98d707092f	canonical_objects/GCF_014169415.1	246cbc7a9723418afa8537e285aca45671e7431bb7fb31a83ab24449228b5803	CREATED_OR_CHECKSUM_RESUMED	NOT_APPLICABLE_NEW_OBJECT	21611ea5ae0c34229c09ee284ffbc38f5220fa55acb7d9f44611ba28c85ac30e
359	GCF_000356785.2	SELF	.	source_objects/GCF_000356785.2	976417dd25959bd786ba77935cdeb55ea958a35693b73700c95848e0ccc51428	canonical_objects/GCF_000356785.2	47bcdc9819671c864963f209f6a74685313cb3185a39124255496847445dcb5e	CREATED_OR_CHECKSUM_RESUMED	NOT_APPLICABLE_NEW_OBJECT	da81ae263cf9c65551d98a7514ebe5ade7889380e358e2e5363d2693777cf314
360	GCF_016457665.1	SELF	.	source_objects/GCF_016457665.1	e796ad039ff33c2c3d0abbcd5cfdab24cd32ba84fafa1c026b7c69cb86f9649a	canonical_objects/GCF_016457665.1	bba3b8a7e4370243f1e5ef035a6bc06a09f03b6c0eef4af6e228039e4e6d884b	CREATED_OR_CHECKSUM_RESUMED	NOT_APPLICABLE_NEW_OBJECT	7b95854cd1980a19d43b28b3d1fbcd1ea1916589d35e894d1d2d36a8738ec9c0
361	GCF_011306375.1	SELF	.	source_objects/GCF_011306375.1	4d1c778b0de79cf6ed05ff76de169bf0aa021ced880c3d537b5f77eef96b7f77	canonical_objects/GCF_011306375.1	59b9d25d51b47d2b0eebd066686a13575e989b2c1cf9f390f38e3d9f98886960	CREATED_OR_CHECKSUM_RESUMED	NOT_APPLICABLE_NEW_OBJECT	54ddcb520984a3ad74e7aaac86a1d5330d76c11551cdceaea51cc7cc783f6c0a
362	GCF_002193375.1	SELF	.	source_objects/GCF_002193375.1	25e96c3ca8f71efe291a6ca8fde1dbe3a73d375354e5430262189e6159330451	canonical_objects/GCF_002193375.1	97cc322f6b184d1874348133fe384969e20483b545f802ed9ab55e5c21b6f20d	CREATED_OR_CHECKSUM_RESUMED	NOT_APPLICABLE_NEW_OBJECT	445a170b0fb26be3c36d4c38eac088e56a1dde56682897daf77df50c181e747f
363	GCF_900479985.1	SELF	.	source_objects/GCF_900479985.1	7bec663cbc3b4e7a9afe0f4ba1ea2586cac1dee784cfaca25c89d77ec359fa41	canonical_objects/GCF_900479985.1	ef2aef4159a119ebd32f142afd0fd5fdcd71cb9e255e8a954a60dfeb5728ed9a	CREATED_OR_CHECKSUM_RESUMED	NOT_APPLICABLE_NEW_OBJECT	51f2f2197e796ea9164d4ff545fb653a9a92d0aa5f009f415223058b88aac492
364	GCF_016735895.1	SELF	.	source_objects/GCF_016735895.1	83e4fbf5c760519584caaacf2f873512a2cc1c11f9e0e39d7688fd49fcb221d0	canonical_objects/GCF_016735895.1	5d5a938f550f926a6374c441faddd0544d9a74a0cae3c195ba78e1814bd21320	CREATED_OR_CHECKSUM_RESUMED	NOT_APPLICABLE_NEW_OBJECT	3eea1f7e7139d971983d2e2b5f1db8bcedae21ad28bbfbcf1ab04dc754a8c2eb
365	GCF_020515715.1	SELF	.	source_objects/GCF_020515715.1	43b7aa0fb4e3cb06e25ef0d76afd0031b245333b6f37b54a6bed0d20ce763e29	canonical_objects/GCF_020515715.1	3397cd1374c11a9ccaaf5e1c92a63994b756795f0092753fb9d525314f113235	CREATED_OR_CHECKSUM_RESUMED	NOT_APPLICABLE_NEW_OBJECT	a2e46d19a272f875f04f433010ba4e3000ffc060061055bc9c2e53beb1fa423e
366	GCF_002456795.1	SELF	.	source_objects/GCF_002456795.1	0ec20d28fa82d97764a2725f18e115d3677ab8b08825e97d92e6b3acb8a7e3eb	canonical_objects/GCF_002456795.1	7978d649887e734ee1faafbf54c501445ec9133e8cacbd2a021913ca7af3c946	CREATED_OR_CHECKSUM_RESUMED	NOT_APPLICABLE_NEW_OBJECT	aca0ecbb7a5f749dce33ad2545b95d0d2b7dad1e5219fafdf8c8595550944f9c
367	GCF_008033655.1	SELF	.	source_objects/GCF_008033655.1	968e0b9b9bedccf35837beba1c298796ccf42ca9d666e2e8205cc321ac27c8f0	canonical_objects/GCF_008033655.1	5f82f14966c5c16a6b39430761d37c0d41555436f67c3010c0d75757687a83bc	CREATED_OR_CHECKSUM_RESUMED	NOT_APPLICABLE_NEW_OBJECT	4698279e75586017fefb695360b911ff12d24d4ad3eb2aa26b40efc3d15266d9
368	GCF_019219385.1	SELF	.	source_objects/GCF_019219385.1	e6b4124ef42bdfbacaaa5007210d57d28b62d9d03a4333b5014604550eb7231e	canonical_objects/GCF_019219385.1	63498c85f30a1ff049242dd2032c51f544da05c5c4467484c23159cbc0584072	CREATED_OR_CHECKSUM_RESUMED	NOT_APPLICABLE_NEW_OBJECT	cd49c7ec9b66c64ef247a8d12e509bda0e4682bc1f4536b9e7d5b317bc3058eb
369	GCF_020282125.1	SELF	.	source_objects/GCF_020282125.1	502f1bd1e02f5c94f7a1a3a08efc43bbe5c04fe990c084881f34c57bf32cbef1	canonical_objects/GCF_020282125.1	c8916e31306cc07b779f211231e080491d00de5e79424163b0c281eea366676c	CREATED_OR_CHECKSUM_RESUMED	NOT_APPLICABLE_NEW_OBJECT	5250468ac9c243f5d9be5caf9ae2ac851e1ddcb2c0cc9e83aeb84cdf8c3d5afb
370	GCF_018884405.1	SELF	.	source_objects/GCF_018884405.1	a494ca7487d863ba8b99f164b888520c51fa60c9d65725c99a8a40ca62f5c44a	canonical_objects/GCF_018884405.1	8a2b550f92131f317d6d1a408b79cfc2c14519cb04bef7517923e7d487e701ce	CREATED_OR_CHECKSUM_RESUMED	NOT_APPLICABLE_NEW_OBJECT	f3755df4056276c5a4878e7f47a2f9795af3331b686c76a38c1fb3fd28ec50ce
371	GCF_004793095.1	SELF	.	source_objects/GCF_004793095.1	f4e4002d09d14bf58da7870dca40290f14351ff73f18122790cce94fc7ebcbaa	canonical_objects/GCF_004793095.1	4cdb598f3a71ad7820615fa3f0e63e580a208e5ece9c5f658dd4a24f134f3d99	CREATED_OR_CHECKSUM_RESUMED	NOT_APPLICABLE_NEW_OBJECT	3da543aa365991b684cb11341e43e54e4198d278416118fa7d7084b7b550f9c0
372	GCF_017570645.1	SELF	.	source_objects/GCF_017570645.1	1a85bdb755d94569a14cd91dab9158cc8c0d608e0300cc1242e6ae674a7e3286	canonical_objects/GCF_017570645.1	3db5c214f7e83093c76a9478887584c828d059aeeead825cbf6d2f366f18fe3f	CREATED_OR_CHECKSUM_RESUMED	NOT_APPLICABLE_NEW_OBJECT	417b9a661af59c99362b66132a279b169d9cf6bac170eea1742e9c8564961caf
373	GCF_003362335.1	SELF	.	source_objects/GCF_003362335.1	6ce0c3b206e5447baa67a473e016b9f1a588bd62a9a95d8987ff58e451585ceb	canonical_objects/GCF_003362335.1	da28bb7a9e8fb28875117ccc44861ad0ceecadec546e5cb8a9e18d41708b26c7	CREATED_OR_CHECKSUM_RESUMED	NOT_APPLICABLE_NEW_OBJECT	00b8fecfe538e469fc1457b60167d99a05cb741ab8004b987735da6440435f74
374	GCF_005398085.1	SELF	.	source_objects/GCF_005398085.1	580d3a3b2ea87ad457e0a02ffddfc9256f64403d90ffee7eb8201fc1842bf66a	canonical_objects/GCF_005398085.1	71d514dab1a78e2e6cc24a037462049a4fbac84353e27aab61c2c12143642f3d	CREATED_OR_CHECKSUM_RESUMED	NOT_APPLICABLE_NEW_OBJECT	014e764f4d83d06ab267139335a5809fdf2f0ac57424fe17a17cfbc9fffb7d1a
375	GCF_000618345.1	SELF	.	source_objects/GCF_000618345.1	da9acf7cdd93d36c2a21cb9a66a9aac665eced46c4f1977cfb2351ef248b42bb	canonical_objects/GCF_000618345.1	09d61ee99bd23bccba34abd7673ce5b8b0b8ea53a84ce246dce23218ef128758	CREATED_OR_CHECKSUM_RESUMED	NOT_APPLICABLE_NEW_OBJECT	2dc255dbd3a88d5a338c31a351cecd3e092648975fab60a32973a80cd44cc1be
376	GCF_002537165.1	SELF	.	source_objects/GCF_002537165.1	7e47103c61baf02d6c49d4591b4a290ea65cb8e643c898ab02f17bc8c33a0038	canonical_objects/GCF_002537165.1	9549c313e7e5ed099ccae893004085a3a3ee7f794f3f170ef564745b4072e2c0	CREATED_OR_CHECKSUM_RESUMED	NOT_APPLICABLE_NEW_OBJECT	a054e432f746009ccbda4e66dea4b753b229cfe38aaf311e3dacde85d09e2fa8
377	GCF_001901215.1	SELF	.	source_objects/GCF_001901215.1	6306a2b60148a77330f02df66a0753d453493fa911200076d7e00fefd6458947	canonical_objects/GCF_001901215.1	10571f7d8ef5e3e5193af4c05404517b1866113de1e840667efb1eb4ca1bf144	CREATED_OR_CHECKSUM_RESUMED	NOT_APPLICABLE_NEW_OBJECT	59f050cf1254486bfcd23c4ca456519c6e8ecfc2f8789ef7ebff410dbc65ee02
378	GCF_013186555.1	SELF	.	source_objects/GCF_013186555.1	aa6c5eff8d86614061a544e14e9d0a5191826b7b13cdce74ddd8bc3ce8e6c70b	canonical_objects/GCF_013186555.1	dba61918ca5d50f80326083b46b0b602e2f4975fa70a968097432f38d634e33f	CREATED_OR_CHECKSUM_RESUMED	NOT_APPLICABLE_NEW_OBJECT	0d2a1275284881e860139e863a8ebc980964d591495fd198b82446e4a81a828e
379	GCF_001606755.1	SELF	.	source_objects/GCF_001606755.1	6625e50c18a84a53cafc11bbf258de3b046d6f23f27e6a1c9c4b25e8926ab070	canonical_objects/GCF_001606755.1	a66e334b7dbbd0341767a498929d237d238dad3ec4b1237054fcc779bf845d22	CREATED_OR_CHECKSUM_RESUMED	NOT_APPLICABLE_NEW_OBJECT	a3b9c18a485f953f6f7c4a08ce6fa1d4f2a866ea4a4eb9e25880df14c0cc07cd
380	GCF_006349865.1	SELF	.	source_objects/GCF_006349865.1	23a322aee72a29bf12f11556d7f5f1f32a57850aa8ca79a902e46b0eacc82e28	canonical_objects/GCF_006349865.1	abcd3e7187b180c31f0964a8a1f582a34b69ce7a73834d8b4a4ed2ac90bd1eb4	CREATED_OR_CHECKSUM_RESUMED	NOT_APPLICABLE_NEW_OBJECT	091f60485a7694a050c425969c8fbfa29ba62a7c8b06e2e1100fab0e94ecf172
381	GCF_004522495.1	SELF	.	source_objects/GCF_004522495.1	f8d09540faedc9124b93d86c9ca408458c82573351b71899af79374a549c3fc7	canonical_objects/GCF_004522495.1	03114472d642250bf163f4fb7fadd5d548f757a3d481913322efb755438ee57a	CREATED_OR_CHECKSUM_RESUMED	NOT_APPLICABLE_NEW_OBJECT	fea2c0c222dbd4fd66b748c60e2fae9f67e53f31544ba06fafa035d531f5104d
382	GCF_001558995.2	SELF	.	source_objects/GCF_001558995.2	8bf6a1d76cfa8b9cccf17961a09730b9e5091158ca0466ecae8d7d5bf1e4b3cf	canonical_objects/GCF_001558995.2	ffb09e40c34df52605d7a8544a7a199502d8a59aa73be708017385fb96f6aaf2	CREATED_OR_CHECKSUM_RESUMED	NOT_APPLICABLE_NEW_OBJECT	787dd63b96348f72e159de1794efc82897450539c135bdfaad215e4188b76979
383	GCF_003304555.1	SELF	.	source_objects/GCF_003304555.1	fe767cb91139fc4ffcd400657da995dd2d0d81c03dc1f17b68880ffbfb8ca754	canonical_objects/GCF_003304555.1	51ee95fc50e658587533b25be9dc135782d7ce52688aad4b76d9f68dd176dfd7	CREATED_OR_CHECKSUM_RESUMED	NOT_APPLICABLE_NEW_OBJECT	9de4520d2a8a5401141ac2e34c94023ca6b991357cbcb786441cb3bc5fa94b78
384	GCF_900166865.1	SELF	.	source_objects/GCF_900166865.1	84664049aae41af71204002426af1ad189e54d6d1d77ae99b50ce64e5043f23b	canonical_objects/GCF_900166865.1	3431eded18bcf2fccb9bd620c57295f53bdb7578b0b9674f16d06eec5d8317c3	CREATED_OR_CHECKSUM_RESUMED	NOT_APPLICABLE_NEW_OBJECT	1020f96cff5eafb184499b963269a49fcfb993a8966b3204795e0dcccd8f2d6c
385	GCF_018683135.1	SELF	.	source_objects/GCF_018683135.1	27b03b491ca19e422a59db35310192cbedf00a64fbb5a9b251fc387540bb2116	canonical_objects/GCF_018683135.1	b9e6c6bc94834855e18cd2c1f33b6e915cceba044dd544b3471c3ef8993b002c	CREATED_OR_CHECKSUM_RESUMED	NOT_APPLICABLE_NEW_OBJECT	ef86e1b38f83acc1b6749ac680e3416cf5cc8dfec4dd9f991654c28091f732ad
386	GCF_002243915.1	SELF	.	source_objects/GCF_002243915.1	8d0d70941e8389607c017782004c7cb101fbeb40f2df8e42e8a2da44f84e7ce7	canonical_objects/GCF_002243915.1	4304b2992ee3346a5a6a4cc32009071762b43e4abc65ca61e99212cf1d329376	CREATED_OR_CHECKSUM_RESUMED	NOT_APPLICABLE_NEW_OBJECT	1eb685e1206e9dd3d1e332bc257956ad947be8a01d685fef58a8a3b300edb79d
387	GCF_002849195.1	SELF	.	source_objects/GCF_002849195.1	4bd0a313aeabbb9e5ad18beb12e486203bec0dfeb4557fd3a4c1e7153850c9d0	canonical_objects/GCF_002849195.1	f12d0f741927af6f33e7ee18035cf50d28900a6f3d3aebc3ad588bf3bb5bd436	CREATED_OR_CHECKSUM_RESUMED	NOT_APPLICABLE_NEW_OBJECT	a79405e41f317beecab7ed475a057e3ca44ad3056e8f175c65ffd174014d8548
388	GCF_021413285.1	SELF	.	source_objects/GCF_021413285.1	5a444991d74256a85db65aff9bb8f9f40d4340c46e5d859834a612ef8dfc548c	canonical_objects/GCF_021413285.1	135f8b7d4259d5b9081d16b436b73fc64890cbfd89a6b77aab3e563011abd962	CREATED_OR_CHECKSUM_RESUMED	NOT_APPLICABLE_NEW_OBJECT	00b9d07ee1838eb4fd4e286e0bc64571b6ef617346bf1097a8a728812158e64a
389	GCF_902668645.1	SELF	.	source_objects/GCF_902668645.1	c370278bd19de48e43b5eafa79b418de540f1f6af2b8fe54ae3bbb0639de79d7	canonical_objects/GCF_902668645.1	836da1e8a764b0b421c2c0c058c4c2fdae63a6f494d0661cadd206dc2918d4bd	CREATED_OR_CHECKSUM_RESUMED	NOT_APPLICABLE_NEW_OBJECT	6aad11e58e84f3f443124496eb64960b7a63cbaa22af50dd63fb1170005e81e8
390	GCF_002226715.1	SELF	.	source_objects/GCF_002226715.1	13f953578ee4507ac38eaa38fc9240cd1a8420e020d2a51443ec67813ab1ce5a	canonical_objects/GCF_002226715.1	a41727f7b8b878e2c8b4fd8cceae50a89216b9eeb1c780e70b57a34926e701e2	CREATED_OR_CHECKSUM_RESUMED	NOT_APPLICABLE_NEW_OBJECT	6d6b6a0793fa33e310ad077910883751b08a0662ca3537ade89fc6808e7bdee1
391	GCF_000511425.1	SELF	.	source_objects/GCF_000511425.1	6eb198b24667dbe7816e545e5279fc7be90642a5db2e734eececd5f06a7e236f	canonical_objects/GCF_000511425.1	faad4188861535764a24a3edfc087cb06865c1fe235a352f2b60c7e498f59236	CREATED_OR_CHECKSUM_RESUMED	NOT_APPLICABLE_NEW_OBJECT	123e34e7ee497a92b41598b526f0b1cbd7d43e21bb5dcd619b31a8920f154dac
392	GCF_016761175.1	SELF	.	source_objects/GCF_016761175.1	1e9018e0fcc10aec191078f78906f7b51040a3f7d9edd47bcbb83d176865ceba	canonical_objects/GCF_016761175.1	e75fdce229b889acaaeff0c7e8c329e5d155141c983b75d9d3dc51e2167546fc	CREATED_OR_CHECKSUM_RESUMED	NOT_APPLICABLE_NEW_OBJECT	cff28d9c68d5492ec956d317131dc666012f102f38eaf9b60b7c1fb13e5705e6
393	GCF_002324625.1	SELF	.	source_objects/GCF_002324625.1	f5d61bbc542c2dbbcbd72b3258c373c94cda91739cae11104c77836915a40a45	canonical_objects/GCF_002324625.1	d06579fd747de07b3ef2305d502366aa60c61bc3e4f9430f46a2f1fd59d43753	CREATED_OR_CHECKSUM_RESUMED	NOT_APPLICABLE_NEW_OBJECT	5322e1294ed690dd6df55a9b0ced87d310d8211a500da06eea835b01ee5df3ba
394	GCF_011603175.1	SELF	.	source_objects/GCF_011603175.1	d3b9505648ec0b9886afdd6ca64e7a9f8cefa9f61b8dc4e626679e339829bb0b	canonical_objects/GCF_011603175.1	df1755e55c94867c7ec50640b79cf6953796b61e2102b9160ad6e2a7ebb8fef1	CREATED_OR_CHECKSUM_RESUMED	NOT_APPLICABLE_NEW_OBJECT	9a6144933f4a31b48617df8759eca6459d9ecfe1edc208ac4c5a695d7a5ee423
395	GCF_019879625.1	SELF	.	source_objects/GCF_019879625.1	a3382010bc2b08d9ab3fa2e9d4d810d08e0a08f1c672fdc0a4da8f8b56f35dcd	canonical_objects/GCF_019879625.1	92e0e930a6fe3d881af9b837a7f193627c9f3bcbb26d1b59dbe47f5191d8fe03	CREATED_OR_CHECKSUM_RESUMED	NOT_APPLICABLE_NEW_OBJECT	84a4fb008afdb1b93141c97a00b87f9b7c5b4cc7b9dec31d9175ab2d6c8a540b
396	GCF_003297955.1	SELF	.	source_objects/GCF_003297955.1	029b96a16691ccf0774ba71dd2868b22a3dc0399bea5e575e57a1fcd121b5926	canonical_objects/GCF_003297955.1	ae3646892df53c465c3288313fcca9ecffb46dace42f258715dcb3e731e8032c	CREATED_OR_CHECKSUM_RESUMED	NOT_APPLICABLE_NEW_OBJECT	9cdbb778ef62c6fb74c5a50013878bbceb1536dd4d7d220b9f0364f43cf691b0
397	GCF_005392285.1	SELF	.	source_objects/GCF_005392285.1	c84d9c64b8d8acf7a61f078b08e92585d4fa1c42133bfd964d43e62ad42f4722	canonical_objects/GCF_005392285.1	8f5f5547d2d7dc906b72a56f91588b49915b33cab57b78fc1a3ad0c535f9e0f7	CREATED_OR_CHECKSUM_RESUMED	NOT_APPLICABLE_NEW_OBJECT	f6fbebe2bef03ce81f9c57a495be1ffe9c949dfc3a6220636c801e2ec7831892
398	GCF_921294225.1	SELF	.	source_objects/GCF_921294225.1	c6c844d05df35855d4b9e152f2367792e230ef08194ae56fc7c3342530df2dd5	canonical_objects/GCF_921294225.1	af5a2e4953278ac8c6b5a527b77a793552e81d892d67acbc328f4bbe57b07dd0	CREATED_OR_CHECKSUM_RESUMED	NOT_APPLICABLE_NEW_OBJECT	3cfdd5069e23a639412ed2c690d393c9c4a4c1c243af1d975f4ae8a6e8a51edb
399	GCF_015620665.1	SELF	.	source_objects/GCF_015620665.1	fb7af87422356f62eb97b695bcbe63d07798bc47acf90de079f0b7950245db71	canonical_objects/GCF_015620665.1	862651715f2947908386b8d9b406e1bf232d53ec105724fc8e02df8120acbc64	CREATED_OR_CHECKSUM_RESUMED	NOT_APPLICABLE_NEW_OBJECT	395d2d7a760d31bb16263382516069bcfe94b0f60dba430f1aba5c5d0c495783
400	GCF_016457315.1	SELF	.	source_objects/GCF_016457315.1	9c4bd5964fa4d93f022dfc25228319702add8e813a3fe0721707b6bd81a7f19f	canonical_objects/GCF_016457315.1	83dc1bd40836faf417fe8526f96eea4e9dde4d3cb5757fd9f8191da972bda74d	CREATED_OR_CHECKSUM_RESUMED	NOT_APPLICABLE_NEW_OBJECT	e6be7d0e9a37e583d9a4e22c3b167b72cfecff84ec1ec346ad7fbc1bba6ede52
401	GCF_000357905.2	SELF	.	source_objects/GCF_000357905.2	fa14c50c3ad6d942860cc01390972e97f2935fa17d7472b37056365818fe47ef	canonical_objects/GCF_000357905.2	da9b2be518aed7a22072996552b8c6e4337ee3462b98bc6fea921309c1e4015b	CREATED_OR_CHECKSUM_RESUMED	NOT_APPLICABLE_NEW_OBJECT	fa13132e24cbbb84f2f9ee63b27616cbd793843a24f604b21ac9cf48df46572a
402	GCF_009394435.1	SELF	.	source_objects/GCF_009394435.1	7f55d0d7e22613ba093247b211a283dea0f8da9752544306db8dacce63f15851	canonical_objects/GCF_009394435.1	a20cb51b95e804fb96d64b0d0d68da2e89211bbed7e022d687b8eba6b4bae94f	CREATED_OR_CHECKSUM_RESUMED	NOT_APPLICABLE_NEW_OBJECT	6c059997b555cac12e976ef0adb1221a03683df5e16b3bcbcb138216854dfdf7
403	GCF_014862785.1	SELF	.	source_objects/GCF_014862785.1	7c9fbe5d9fbb7df21c6d322255659c856f0f46ac2ca6146efb85ae206ef1af19	canonical_objects/GCF_014862785.1	6eff1b649ed1746f9763099758901ef4a105287eb02324645a241a2c9aa3090e	CREATED_OR_CHECKSUM_RESUMED	NOT_APPLICABLE_NEW_OBJECT	f4ada78296a2e2acb9941e3dfa61cf1c610415a708044155d215ac2510c57bc3
404	GCF_902859485.1	SELF	.	source_objects/GCF_902859485.1	0f52272bda75876912e3d1ccb7f2618c070e424d152073dab3c89d1f6ce246cf	canonical_objects/GCF_902859485.1	7dd4c8963ef9a734c5e670e5318755a88bf4c2beb05ae42f6a22012bf6e7930f	CREATED_OR_CHECKSUM_RESUMED	NOT_APPLICABLE_NEW_OBJECT	5fb52b9a552bbf4b8ff72de096303f8686e47c672d4496809317bd4fb0c04b4f
405	GCF_005382185.1	SELF	.	source_objects/GCF_005382185.1	09f0200a7c727150f5c5e3f69d00cf4c9d3a0d0746b9b575388e4e13068bb58c	canonical_objects/GCF_005382185.1	17df12b18854ce73552c66d4320de01ccbd58180ff56d9424e7227e2faf64a97	CREATED_OR_CHECKSUM_RESUMED	NOT_APPLICABLE_NEW_OBJECT	ca738fe4e98d18973a65a876e7eaaf9b90e80d26585fc85339ff5c4826899776
406	GCF_900481275.1	SELF	.	source_objects/GCF_900481275.1	053229089ec4ec8a88e11e2e3f03f75d79d4233385ad0facb34239d9e42f80e8	canonical_objects/GCF_900481275.1	ae2b4f44aff3a8f76e4738d816d0e076d271f5c6351ae4e7cbd4764e59f9ec4c	CREATED_OR_CHECKSUM_RESUMED	NOT_APPLICABLE_NEW_OBJECT	bc7d87c4663758039b55d09feb869524603df2be5e660716ab9838b406314607
407	GCF_009393735.1	SELF	.	source_objects/GCF_009393735.1	3d65cec2ec09ef4245d981e3fbe28edfb5f05184e0a13034546f2d902dbc4794	canonical_objects/GCF_009393735.1	1da7b94185afe472a5701d3e3593011e9e5e14923252db02b47e10e7dedece71	CREATED_OR_CHECKSUM_RESUMED	NOT_APPLICABLE_NEW_OBJECT	b45ae482edd83e96ca2b1cbc10a4aa6fb6ca7f43b68be1cb7e9a0372b0269893
408	GCF_904809595.1	SELF	.	source_objects/GCF_904809595.1	7058a5f9f41cfdc28c94d60a6043fa979661c3386d99d2c39ad53d0ab6a8684a	canonical_objects/GCF_904809595.1	feae323768c52193ee5a667ed4e1863daa0fa9dbe75df6d0460e4963ba168a05	CREATED_OR_CHECKSUM_RESUMED	NOT_APPLICABLE_NEW_OBJECT	e09c1289a2e03e10044cbf428b3d6b10d93b589c2df88b8c70dd66ca53f28df9
409	GCF_009822935.1	SELF	.	source_objects/GCF_009822935.1	62f5112267d9443f55cfd84ebe65873b1478e16578ead0a603acd90241e3ff79	canonical_objects/GCF_009822935.1	f4c6ea48d29fc197500161813320df03532b7067c5577a628df3763f1686336e	CREATED_OR_CHECKSUM_RESUMED	NOT_APPLICABLE_NEW_OBJECT	bdc6c3507bbe727896cc3b0c836da3cf722d8f6622e2b073b0380f7da0003080
410	GCF_015699095.1	SELF	.	source_objects/GCF_015699095.1	a05f48dd526bef95abef8dfa4df088dc9233d57ed903c5cd8480262572ab24bb	canonical_objects/GCF_015699095.1	259eba8813b0902c3994d4966c8d2388452ac867f6c349fc39d647de50eeeba9	CREATED_OR_CHECKSUM_RESUMED	NOT_APPLICABLE_NEW_OBJECT	9fea88d4935d4363284b34adfc592bd95deae39717f8f4dfe9fa8127db530e1e
411	GCF_002207405.1	SELF	.	source_objects/GCF_002207405.1	c1dc7d5684ec3092d7a3e6a7e6fde4f4768ad876a6d75d0531fd7b81edf6ba53	canonical_objects/GCF_002207405.1	3e86daa2978c9a7798190999bb50cc6d3befc4a7e63609109b36aa96cb73ccf6	CREATED_OR_CHECKSUM_RESUMED	NOT_APPLICABLE_NEW_OBJECT	8f51f5799b481c55f89f7ef3962a518d301901b997d3bc6732c31649e91423a3
412	GCF_002326895.1	SELF	.	source_objects/GCF_002326895.1	ef0ab22e8af4db9f38b26c243583790b7f9be7850ef4736488ef60833cbbe949	canonical_objects/GCF_002326895.1	27cebb2009facc13ddbb411d0ac7ff9eb4c4b67d1e37322916d0f1f67611aed3	CREATED_OR_CHECKSUM_RESUMED	NOT_APPLICABLE_NEW_OBJECT	98423c3145eb071ada37ebffcc08a146d67a90d5a32ec09f7316b71279f5255e
413	GCF_002142675.1	SELF	.	source_objects/GCF_002142675.1	29a903e572dfdfdbb5cdbaa7477bf06e68886a9cf62c8ecb2789bbdbf7e264ef	canonical_objects/GCF_002142675.1	d1b4914318ac7bfc1f03e4e74259998dd5dd71d9aefa460c12e76013df70a313	CREATED_OR_CHECKSUM_RESUMED	NOT_APPLICABLE_NEW_OBJECT	49e108d9a1c90d94533e6e4a2f657f4cbc0109fa83d02ccdf4859317ce442a0b
414	GCF_000235165.1	SELF	.	source_objects/GCF_000235165.1	426fe2c9903b8a200e1b83b40bc04b29fa8661af7af130c76db77c4354489b68	canonical_objects/GCF_000235165.1	db0736d34da43064b9a265c43e9d9489beb5844e93a58b0e481dcd022ba2c05d	CREATED_OR_CHECKSUM_RESUMED	NOT_APPLICABLE_NEW_OBJECT	ee704355c6777b7472ef46564af6d034f338226bb5b9d985501388b08f129b43
415	GCF_009794435.1	SELF	.	source_objects/GCF_009794435.1	c3db254f528f1773e86806e7d88b3b392c6bb31ed35bc0fb49ce3c78118c1528	canonical_objects/GCF_009794435.1	ba567ec241e71b2f59c8b7d24d744ca2f68a7a9d51c26819c5e31112593a2069	CREATED_OR_CHECKSUM_RESUMED	NOT_APPLICABLE_NEW_OBJECT	5e664a22293ad308dd25c7ceecbbee435153f4239e992c973c14e31aabaee486
416	GCF_003982645.1	SELF	.	source_objects/GCF_003982645.1	9778ec72108672e6092b2eb3bddb1c72d9c35bea4da448b96608c709804c7770	canonical_objects/GCF_003982645.1	c6a85da23637b60f7a10f72a59d4eef33551bf894ee0e6b433498b63ed7d2cf7	CREATED_OR_CHECKSUM_RESUMED	NOT_APPLICABLE_NEW_OBJECT	b3678310569a5faeea9d669730480be4bc5d99bc455598a600a6415cba3be834
417	GCF_000013265.1	SELF	.	source_objects/GCF_000013265.1	42ae0a11e26dd1ca3830c7d4af1cfb30cbba5e3d3ca7598202827c69de119bc8	canonical_objects/GCF_000013265.1	9470ca8677bd6d9ace4b043a78056b0f7aa8582c288c933c483c9726e174ff28	CREATED_OR_CHECKSUM_RESUMED	NOT_APPLICABLE_NEW_OBJECT	e93b0a827b8cd0c4c7623c8b47e427963b81e0144b8c16f0820d989a7a38488a
418	GCF_900196695.1	SELF	.	source_objects/GCF_900196695.1	a294af116f5eebe00af0495d8ba2da7f5a409f530a07f5558568bc12f9add4f4	canonical_objects/GCF_900196695.1	0649028033b12c6f8a061e71fe4ac308f69f19d760bf14f789efa82878b471f4	CREATED_OR_CHECKSUM_RESUMED	NOT_APPLICABLE_NEW_OBJECT	d9a9d0f67dd5217854bb0407c1e9623f7248439ea780b36a6a77ab9d44c59310
419	GCF_015699215.1	SELF	.	source_objects/GCF_015699215.1	c01f5a0da4aedc3687ea8470ae3a9140216d9d69e65d24dd228e150d3946f78b	canonical_objects/GCF_015699215.1	7aa6adbfb53787a26361fa4f6194a939a7ace36345d2e402166d99de1a4986c7	CREATED_OR_CHECKSUM_RESUMED	NOT_APPLICABLE_NEW_OBJECT	d0566610eea05420dcdc1244b8fd7f582b4a7e67cd945d9075c272cb19042ad4
420	GCF_015620555.1	SELF	.	source_objects/GCF_015620555.1	5bee0bdc706af9a3db2db4e6fd809b293db282d3b5b1bb1f09cf7d0b504c88d8	canonical_objects/GCF_015620555.1	c824490ec177e2953ae14d4567eb3e521b07276dad64738d21cb36703fe362e9	CREATED_OR_CHECKSUM_RESUMED	NOT_APPLICABLE_NEW_OBJECT	b3bcfbc51923b91ebebc8cfc5181d7e91edff97b44091e7e57970d40b0d64d02
421	GCF_003982995.1	SELF	.	source_objects/GCF_003982995.1	3330f0c9a2bffa32849417e05c54a9eaeafdcf21195e6a47dc56489556636e5f	canonical_objects/GCF_003982995.1	91e5cf1b95842e812c98194b9b44a50974d6729a1d511b7a52923d071bd29e8c	CREATED_OR_CHECKSUM_RESUMED	NOT_APPLICABLE_NEW_OBJECT	d53f26bcd3f0ac1635dfb0f6e09111c9ecc7e76ea9125211e299c49810bc662d
422	GCF_002144185.1	SELF	.	source_objects/GCF_002144185.1	b11cbca2d7959232b9fed49489d7fc10552daa268d9a215cbf34f567a7fd80bb	canonical_objects/GCF_002144185.1	3a1d7aba079f58b4bdc1683c840ef9db9ddaf1b23977914eeb4eb5599e02fb66	CREATED_OR_CHECKSUM_RESUMED	NOT_APPLICABLE_NEW_OBJECT	e5d57c92627ae714f0dd9629ad77e526aaef86ebbefdcb8cb9ed3d2fad195393
423	GCF_902505295.1	SELF	.	source_objects/GCF_902505295.1	f1209f449c67dd9ba2a9d64afe6f9fa39b09bc6d2d88eb4a637b895d4a38449d	canonical_objects/GCF_902505295.1	c3fc09fd61c1abfc1d4a3596356582a24bbfb18ae23964fb4634a27629e2de9c	CREATED_OR_CHECKSUM_RESUMED	NOT_APPLICABLE_NEW_OBJECT	f36b6ef0925ce4f5c2ee61c3ca57900332623ce579ff63e0efa84e656664c34e
424	GCF_003172135.1	SELF	.	source_objects/GCF_003172135.1	e49928cfee040a533c54974b4a92532e89cc603266aa51d47d3dc23d28b74b28	canonical_objects/GCF_003172135.1	ed58156d7b4770882c21abbe18d78ccc298d1f61a2b43c40eec940afca02a288	CREATED_OR_CHECKSUM_RESUMED	NOT_APPLICABLE_NEW_OBJECT	669de6d93289b3d46cbec7c9329f5a9b74609290acae465cbcc925fbec6b1e5d
425	GCF_003601935.1	SELF	.	source_objects/GCF_003601935.1	3fe85a897b3c800ec05631d9b95f908bd6262a0ac7e6f02fcb5c7546a3b00a41	canonical_objects/GCF_003601935.1	af94cfd307a94872df276483bb6bda1e07d529db376fabb7714846697463862e	CREATED_OR_CHECKSUM_RESUMED	NOT_APPLICABLE_NEW_OBJECT	9f350875dc707305c052577efb2bc15d568532784769c0186ee6da8873c26718
426	GCF_902807245.1	SELF	.	source_objects/GCF_902807245.1	34e6041ecdee0408a9d355da4b8852acc2928bad9e6fc9984293c0397cbd3b13	canonical_objects/GCF_902807245.1	33db2291aa5017576cbc7b392359c8518e333b76c28b971d6e35564194a60655	CREATED_OR_CHECKSUM_RESUMED	NOT_APPLICABLE_NEW_OBJECT	6c428c3823e697685b0e8bafe7e5c31b05fa326db20de54258085306aab00156
427	GCF_001183685.1	SELF	.	source_objects/GCF_001183685.1	d8a04cf1a7ba527a3fa4e8d770414af39162d9db7939dcbb1d8283d3a591567f	canonical_objects/GCF_001183685.1	5c5a365950ace4be96fea16c251698c2dade1f8514885c093ba7eae5e6d20d9b	CREATED_OR_CHECKSUM_RESUMED	NOT_APPLICABLE_NEW_OBJECT	a08de15b262b54cde6fcecc5a1a9831d0e454b43af5bd0a89c5915423cfbe845
428	GCF_016761155.1	SELF	.	source_objects/GCF_016761155.1	d498a110b19c7415d0b156f596de6244906ca7b70ac93e48141466f1de88661f	canonical_objects/GCF_016761155.1	1c7445882700d05ba15fe4ad1f860bbc17bc89c3c4c9330635d63ccd6a01f58b	CREATED_OR_CHECKSUM_RESUMED	NOT_APPLICABLE_NEW_OBJECT	fcab92c77b48a4c0223f5e73d99b81cbbb446d2da907683aa0eee8451c861303
429	GCF_017118895.1	SELF	.	source_objects/GCF_017118895.1	6d615586b0bc1a8c2624fa755422597166f8910958b9fe70343b10f42427c1d2	canonical_objects/GCF_017118895.1	869816b8f31a625cd0c13a00dd07c21195973fda7e3de765a76f037ad0334d61	CREATED_OR_CHECKSUM_RESUMED	NOT_APPLICABLE_NEW_OBJECT	cebbfe11b7e1b93cdfc18729412385c077e36986c1147241eda4b19cd73c7b42
430	GCF_902859225.1	SELF	.	source_objects/GCF_902859225.1	9326993391a5cff0c35762e6a8c0459a4faaf88b03383b1f401f5c55909d437f	canonical_objects/GCF_902859225.1	e33f0b0dbb02d5496356620ac12e330718e56290fcd3963d316cc5e6c1c61f53	CREATED_OR_CHECKSUM_RESUMED	NOT_APPLICABLE_NEW_OBJECT	0aa3d571524859d399d0baa35dee2d55995e873d838d112e054af01656d9b910
431	GCF_003303085.1	SELF	.	source_objects/GCF_003303085.1	5f425435feb8045309a18d89c46bc2036a17673c9c38c131da5066e2b6dc9369	canonical_objects/GCF_003303085.1	87a4a9cdad560526ce1410d67d88fe81849aae759fb1ed22cee4e9fcd630fd01	CREATED_OR_CHECKSUM_RESUMED	NOT_APPLICABLE_NEW_OBJECT	e77ccc636073bfe8c83e849665bc51a9e3d1f43b03fcdb96f724e34bb0be63d5
432	GCF_006237245.1	SELF	.	source_objects/GCF_006237245.1	e56b8907eed1d7fef2d3700ce992b55ed4b7991c626b7753fb693a29a35484db	canonical_objects/GCF_006237245.1	3894287ecafc54026d75a7a9fc62e3fddd5af1933de77682c0caedcd240cfc23	CREATED_OR_CHECKSUM_RESUMED	NOT_APPLICABLE_NEW_OBJECT	dc719bd3840226d9a035ae7b13c3cd556491a64a575bca7dfa446ca8094c4896
433	GCF_900607785.1	SELF	.	source_objects/GCF_900607785.1	1b53b6e3915bd1bc9076ad98e586f50c9949e10639c47f81e25c8aa1daf537c3	canonical_objects/GCF_900607785.1	04a1f55b68ae81cc10cc913fe6caab8714914364f2131e48df6a97d9c5099c6d	CREATED_OR_CHECKSUM_RESUMED	NOT_APPLICABLE_NEW_OBJECT	0d1f5f9ced449eaf2da714d82593d07ea6b2d0badf422716a71b491c0c6487b8
434	GCF_004120975.1	SELF	.	source_objects/GCF_004120975.1	2da6454b10d743c83b08ffd8178e0f84b88688749b654d8402417184d3146804	canonical_objects/GCF_004120975.1	059151c3d77d019ca99fb8a833013287193456ac3c4c2b7762afae5a9eacab8d	CREATED_OR_CHECKSUM_RESUMED	NOT_APPLICABLE_NEW_OBJECT	ee8ede36adfaf6a8adc6a73c4f79c5392f7c9bd5cb7aa671926c4ea6db1dde87
435	GCF_016761275.1	SELF	.	source_objects/GCF_016761275.1	e6bec7b012eda6f014d858de8dff826db26559bbcd837aa0f803e0df160fd6dc	canonical_objects/GCF_016761275.1	1e134c9fac53c80f6a94aecdab94f6c2e0ad8288128e58781b7282aa84713664	CREATED_OR_CHECKSUM_RESUMED	NOT_APPLICABLE_NEW_OBJECT	c0a6879a3fdae92a82505d13af28f23a501ab8a89753a11b9dea49cf9d3c0332
436	GCF_019050495.1	SELF	.	source_objects/GCF_019050495.1	249a1de5a87c2ed2ccd5ae608c2c65f34c123d95d34f9d00466200a361d72116	canonical_objects/GCF_019050495.1	cbbafe1de5dab1f7c821e37b82aaa0f8a7b2854046b5090d04d1d9d47181a0c6	CREATED_OR_CHECKSUM_RESUMED	NOT_APPLICABLE_NEW_OBJECT	072bc14b39bbfede9bebe865e64ebf4506e4b33fd6b7da4fe36a3713786ea864
437	GCF_013047075.1	SELF	.	source_objects/GCF_013047075.1	45e82f895964e1ca3a3b0832abef928f21a8a040091b61b2750ac083690494d0	canonical_objects/GCF_013047075.1	b57fb252bdd16015c94afb44137946d74f7666510e6b50dc8aa0c50665cde815	CREATED_OR_CHECKSUM_RESUMED	NOT_APPLICABLE_NEW_OBJECT	f11ed5728ee84a07b602bc9b26f7b669eecd1c2047281148ecdc910a0121aafb
438	GCF_003172455.1	SELF	.	source_objects/GCF_003172455.1	128050f752e4ad6796e2a6465524df3204705dfe4618dbfceb9902d63f8526b4	canonical_objects/GCF_003172455.1	99940c8ed3820853ae836d2bd1489ba6c3d31f8cf47d210a11e299688b084a95	CREATED_OR_CHECKSUM_RESUMED	NOT_APPLICABLE_NEW_OBJECT	b1e48f2f6db9c14d821a582f47249807dc405723b972428b0bc2ed930cd9802b
439	GCF_016530575.1	SELF	.	source_objects/GCF_016530575.1	4e003b18dbe36fd66d1a13a42e57aa6807e9a7ba86dd3912b55f3eb61f51a806	canonical_objects/GCF_016530575.1	1888315e76be05ad14f9a90e126810828c4ff04bc770542dd3739a91fedb2a38	CREATED_OR_CHECKSUM_RESUMED	NOT_APPLICABLE_NEW_OBJECT	454330eb78928d312ec4c94791fb2f81360bc147e995e2d492da98799fc34652
440	GCF_015690315.1	SELF	.	source_objects/GCF_015690315.1	d214e35117e58c1640bea2cf3690bfd0ad10fa9a1b09eda5c4de05da92b2f6a3	canonical_objects/GCF_015690315.1	eec235469d02d483ea55d082f14c99b6e8aca22c486d5e0ec9c64bcd75534af0	CREATED_OR_CHECKSUM_RESUMED	NOT_APPLICABLE_NEW_OBJECT	5dec98b5b53e63974d7e3f291e567ab62b1f58edfb3ad25d079e68c39aef8bab
441	GCF_002011985.1	SELF	.	source_objects/GCF_002011985.1	186cca60f80f2a47a03c03bbcfb9f4800968d6182e2a0aa98267cb953e849242	canonical_objects/GCF_002011985.1	af5192956b2d3d96ffe01551224b904910e469b3201d2aada2057a8363c42769	CREATED_OR_CHECKSUM_RESUMED	NOT_APPLICABLE_NEW_OBJECT	a639d3ddf57bfb6862139395cf8ea32732a4b1174d24d3355f6747c4014ba5d4
442	GCF_000408365.1	SELF	.	source_objects/GCF_000408365.1	2996905971707bc34f47eb35e0afeee3be5650daa318adf67e4421c7ccae7780	canonical_objects/GCF_000408365.1	fd3c2fa0643cf9d1505d27c6ec7e2379fce9b552df4c63ca92e06080b53a6af1	CREATED_OR_CHECKSUM_RESUMED	NOT_APPLICABLE_NEW_OBJECT	6667f8a53d0bc72519fdde84bdfbd350ed675b37eac13145c93304193c4d55fb
443	GCF_002542395.1	SELF	.	source_objects/GCF_002542395.1	d4e7c2baf9b2b29ee3974b50b3c62568c667065f6e773b45c5d3bdec5ced1e17	canonical_objects/GCF_002542395.1	fc00a76fc49ed0ba4905a903a7f679099eddba4dd949a275c0dccf7fc37b77c4	CREATED_OR_CHECKSUM_RESUMED	NOT_APPLICABLE_NEW_OBJECT	e0f185f626b02da8e4365d57442ef1bd1e16d4899f9208cf9baa09f063331203
444	GCF_002229875.1	SELF	.	source_objects/GCF_002229875.1	af3894378df43a0fd4225504256ea18b6f99640eeb35504c821fe5b86d169e3e	canonical_objects/GCF_002229875.1	6132123fed4cec364447900fd39b480a0a9c66f41d1dcfb829aee2597cf04ed3	CREATED_OR_CHECKSUM_RESUMED	NOT_APPLICABLE_NEW_OBJECT	6375e21f58fb7a313b272e9765693670b5714fcfe86fe2d9102f8d53fb749aaf
445	GCF_002195175.1	SELF	.	source_objects/GCF_002195175.1	d4e3efb9bc8d5697dbc21a64b408bc92b08a026cdcfd0df362090fb21293f7f3	canonical_objects/GCF_002195175.1	9d05d440e76e9b7a6e11664726f7f63e19f08cb629ffe7bddb92d26dd1384042	CREATED_OR_CHECKSUM_RESUMED	NOT_APPLICABLE_NEW_OBJECT	980126855d6865d1b6857ceacbeefa57b0d67bcfa15441d08f99f6a414aeceea
446	GCF_001860505.1	SELF	.	source_objects/GCF_001860505.1	10caa63518d85a8e6774876f417f744e23e38bf66726d0dd923c7b62bbe45610	canonical_objects/GCF_001860505.1	9ea93f30cce3e82e67c5307804144ed41b613b6d2856da92276723be5cb46566	CREATED_OR_CHECKSUM_RESUMED	NOT_APPLICABLE_NEW_OBJECT	30f1660069461f8cfb9699d7d7f1fb0264f2a44e6059608f020b3d35209acadc
447	GCF_001617075.1	SELF	.	source_objects/GCF_001617075.1	b06853963e3c2adb9edb818a4f7509817f2843db0b8cefd16791335073df4eae	canonical_objects/GCF_001617075.1	e57ac29ac604dd1db021723e01a851644dd52067b16019754126ced8b400ce2f	CREATED_OR_CHECKSUM_RESUMED	NOT_APPLICABLE_NEW_OBJECT	f71fc0ee3747bbb981a106d3eb2b197720c63961d4d4524e0b02d87a6e845dbc
448	GCF_002229215.1	SELF	.	source_objects/GCF_002229215.1	79822ea0febcb108048393c247299a3a64525dfc6b678e32a8140154719cc92a	canonical_objects/GCF_002229215.1	8a52100fdefff7bdfc127ea00d8a58b963896a98fa5fae80070b17b1c6667a4d	CREATED_OR_CHECKSUM_RESUMED	NOT_APPLICABLE_NEW_OBJECT	c2d49ba6fd50e6d13432ba5a5c7cdeb4ecd412281ca2f9a719b4d409f20e73f8
449	GCF_001692795.1	SELF	.	source_objects/GCF_001692795.1	888b81a71ded25975cd8a536014d429028965655158eb0c64a4129814a470e49	canonical_objects/GCF_001692795.1	b415e5422933b8bfd3cf423c1b523dc32cb0943f62faa5d62f8313a1201ec48d	CREATED_OR_CHECKSUM_RESUMED	NOT_APPLICABLE_NEW_OBJECT	deff38fd7ddb5c371fef6f1142d10bf843d4cb2293a018e26c87ebeebe11e35d
450	GCF_000700625.1	SELF	.	source_objects/GCF_000700625.1	2551e5d9866dfbd9103408768d9c6e6a23b1b94165feaf812201b114bf851e18	canonical_objects/GCF_000700625.1	1ecc5ef9437e14cf288bb33205beee2a5ad09d1f68a8b5e96d90a1b936f7a938	CREATED_OR_CHECKSUM_RESUMED	NOT_APPLICABLE_NEW_OBJECT	09aa9f4474795e88539e4dbc8217ad9001fdde6047679acc54c3066b64b03fd3
451	GCF_005043925.1	SELF	.	source_objects/GCF_005043925.1	8962080067b29a4a04f387ac69d83ca682828627ca3ad3ffbf3e25700cc75bdc	canonical_objects/GCF_005043925.1	6bb71986e693d56ca3467276da02a33caa97b2afae640d4f24b0b9b08b9ff60f	CREATED_OR_CHECKSUM_RESUMED	NOT_APPLICABLE_NEW_OBJECT	6b4fcde00a7769b048ace3a77e3f243a3a34627998d747ddb4bccb615663edd3
452	GCF_001650605.1	SELF	.	source_objects/GCF_001650605.1	59dabf184f07d31a6a329735f1e589c838daf4f39b61e17c81a45f664677acdf	canonical_objects/GCF_001650605.1	1fd996f3df85edcbaad1df1c8c9d1d1a4397e0659870df1e166397e5f3242e10	CREATED_OR_CHECKSUM_RESUMED	NOT_APPLICABLE_NEW_OBJECT	60962a1471c5a9a3f9c49998f3486609d899ec6c430a2dd99f45af90d1695e68
453	GCF_009767245.1	SELF	.	source_objects/GCF_009767245.1	5a8d48d32897e5d60fbb55ddf9f9be380e593b5b252367e95eb10eb54582a5c6	canonical_objects/GCF_009767245.1	7b271bc2795a2151c7613840ddbfc4d7688d7ac941cc4861f403279c52310beb	CREATED_OR_CHECKSUM_RESUMED	NOT_APPLICABLE_NEW_OBJECT	02328898eecaf9f05b46090140e5b1a5e9ac102f84ad4a7927ad3c79e3dc4174
454	GCF_011077775.1	SELF	.	source_objects/GCF_011077775.1	5a3fc815c98294488e7a270c33e1b74b44f502becb476fe258c6a683dfab7b5f	canonical_objects/GCF_011077775.1	edc0413d9c20fab30b181e7746b9a3506f38ae202b16778a8b019351c8c2d4bc	CREATED_OR_CHECKSUM_RESUMED	NOT_APPLICABLE_NEW_OBJECT	6333b88a9243f502f6ab226a947ff9727733ac7585a7b737fa0dbca7e3b8205f
455	GCF_000354455.1	SELF	.	source_objects/GCF_000354455.1	cf34989ce367479c47f6ec0e8ab5604a96ec894ae8763104713b9892ebe911e3	canonical_objects/GCF_000354455.1	bb022e42696b04fa00d9b1c8f919f282280090962ce343f4d303b88820187723	CREATED_OR_CHECKSUM_RESUMED	NOT_APPLICABLE_NEW_OBJECT	25fe960a4cfca419a3766d928ad4b4a46c0bb340dd6375d97c2d1cc610881da9
456	GCF_005394825.1	SELF	.	source_objects/GCF_005394825.1	50b1b83413f5bba5ceff736199cf10f2dde09b881a2fa494f225469fc5a00bb2	canonical_objects/GCF_005394825.1	75b7b051dab7e977ad521284f163b9a82839a3c6469483b230e8e3fce45bbc8b	CREATED_OR_CHECKSUM_RESUMED	NOT_APPLICABLE_NEW_OBJECT	421c835779b283093d32a06008c684dc9e451e551a168f983038618fbcfd86d0
457	GCF_002001975.1	SELF	.	source_objects/GCF_002001975.1	89144ea02ab6fb8bcc7137d22d6e4e9d65926a7dcf0d54422a5ef581d581bd38	canonical_objects/GCF_002001975.1	b30c239cdd3ab0bb93362f98c536d25eaabb50cace31c0ed11cf01f8529b900c	CREATED_OR_CHECKSUM_RESUMED	NOT_APPLICABLE_NEW_OBJECT	b371e8e0d964f8f34fad428c097d415f10cf740ac339e22ada28e06fb60d98ce
458	GCF_005381345.1	SELF	.	source_objects/GCF_005381345.1	a33feab756a21d4ea3e34759014a46560c96173b12db4e5733aac4f7acc47aad	canonical_objects/GCF_005381345.1	2facf6b3ab62fb5e6d281f9834f3e26351ccbdf4427f88652b0bc1e8cb58a1e2	CREATED_OR_CHECKSUM_RESUMED	NOT_APPLICABLE_NEW_OBJECT	b4be1a1af67e25e47500ffe25c74d4ebca92301639fcb9fc6a87d811d009f7a0
459	GCF_000352925.1	SELF	.	source_objects/GCF_000352925.1	d20cabce3e1ed2d60977fcd52e332ddb1203451076e2d5f3c83d908ff9ca7342	canonical_objects/GCF_000352925.1	2555d9d7e1da6916f2bacb0bafa341f20370afa89a65346cba3984bd1ea3d935	CREATED_OR_CHECKSUM_RESUMED	NOT_APPLICABLE_NEW_OBJECT	6897fae0be47b7f56afd21298bb83f7cd1fb5852f32d1a4f8c325008b687e2e7
460	GCF_001749125.1	SELF	.	source_objects/GCF_001749125.1	dfadfa72f230483053db345b7bfbb7871c7f95307f45e49038cc277941044e0c	canonical_objects/GCF_001749125.1	1732a26f7b976cba888c81d27e7d8e334630e3f3ee564c185990c9a1ee76587a	CREATED_OR_CHECKSUM_RESUMED	NOT_APPLICABLE_NEW_OBJECT	975da80c021e2ae51e1c98d3d9234105a39935f712e5f92bae9592fd63661cf8
461	GCF_002573065.1	SELF	.	source_objects/GCF_002573065.1	10c77b4133fa44bcae6555b229102b4f45a25cd0880e6f2c8cfb1094c177a4fc	canonical_objects/GCF_002573065.1	f198f3d2232f990771d902c03ec0293527908fd85487fdfbc2158883c4667376	CREATED_OR_CHECKSUM_RESUMED	NOT_APPLICABLE_NEW_OBJECT	e0f67391062fd8777338ecb54a44e79b5be9c8333bff219d2448a0c1d8f07949
462	GCF_002514845.1	SELF	.	source_objects/GCF_002514845.1	5838a40b52c97a6609b64286597ad0ea232af4fde87aff081f8a47fc01d64988	canonical_objects/GCF_002514845.1	92a5a0737577b327e0c8ca2e6ba73aaee08a27c1375634ee63f438161012d264	CREATED_OR_CHECKSUM_RESUMED	NOT_APPLICABLE_NEW_OBJECT	c704ae3b1c8d6984c7e08985005d0a6eeee3a1f85ed615e90a0c32fe2d126ab2
463	GCF_019587525.1	SELF	.	source_objects/GCF_019587525.1	d8b5e9b5fa527737898b8bfd3d5df0da339d45f6061a5c67f9b536d4709f297c	canonical_objects/GCF_019587525.1	e51c67ce12e41ecd818ba5c6ef9c36d386f24769c017f17ea344654ce2a13eab	CREATED_OR_CHECKSUM_RESUMED	NOT_APPLICABLE_NEW_OBJECT	4b1c84f42224ab855f2c77f5f22844c5bf1db8f11f85c1c95334b78f0e360e7e
464	GCF_002233095.1	SELF	.	source_objects/GCF_002233095.1	4833bba53b1ea08ac31f88b60567014b0e2a74bda008ef4f8a100d4ff6e62ab0	canonical_objects/GCF_002233095.1	d5ce4aad8374c64b6b99e31ace04ba86a59662bd691cae5bd3035f7f1a1af617	CREATED_OR_CHECKSUM_RESUMED	NOT_APPLICABLE_NEW_OBJECT	8182a73fec20c2dfb417c769d423d2852d044afbee048845853823c1125bbf26
465	GCF_003361455.1	SELF	.	source_objects/GCF_003361455.1	4bb0a98f0dd83cdb599d306aa12b4ce54d7ccceb804328a3f70f9ecfa13a1110	canonical_objects/GCF_003361455.1	c7537dc66e6473cd945fda55ec08741b902db543ac839a21940b3cd4158fd942	CREATED_OR_CHECKSUM_RESUMED	NOT_APPLICABLE_NEW_OBJECT	41ec74d9e4857ff77889bad94f4b90ba3eaa990524436b1ceb839c19e1b0bb02
466	GCF_004170625.1	SELF	.	source_objects/GCF_004170625.1	6510888add02a39d3aae5e299de1c7e19c9ebaac124f708d7a864756d305a9f4	canonical_objects/GCF_004170625.1	91a804db3bd8e1d433861797245e7966d192914bc8f32c9aa793f2576775177e	CREATED_OR_CHECKSUM_RESUMED	NOT_APPLICABLE_NEW_OBJECT	0bd086225e7293a60ce9c086b0b7031332107b1a80f141f4143f2b9839be6473
467	GCF_018069725.1	SELF	.	source_objects/GCF_018069725.1	3e3d22015a68eefec2f76b00b0d369e82948b492e7accaad670e77acab3a1442	canonical_objects/GCF_018069725.1	155b9d4c45d6325adcd72743cfedeb78345eed1565f88c61fa16cd7655166bf4	CREATED_OR_CHECKSUM_RESUMED	NOT_APPLICABLE_NEW_OBJECT	27023f07436ca3360a589323adbe9005163ae57fe365139dd3aeab538e7b7489
468	GCF_001412975.1	SELF	.	source_objects/GCF_001412975.1	857f52ce21b0f899475174f9e5504cca57457caefc6b28067e57514e3b261847	canonical_objects/GCF_001412975.1	89a645735c30dddc85a263ddc5faf32f353c3e0d89b22ba58aaf945f955a2c1c	CREATED_OR_CHECKSUM_RESUMED	NOT_APPLICABLE_NEW_OBJECT	b8a571e390095312809c6ce1be731c6ae3b63917af5a1bc20e191824ad1bfa8f
469	GCF_002319515.1	SELF	.	source_objects/GCF_002319515.1	bb1f0b7ba4d22a2a3312efb1e29999fedc99306ade1f5a56be62970a9b7732ef	canonical_objects/GCF_002319515.1	1bad831edbd260ab82cf27d5fd2a13960d703bfa5d38b5e46fd6b93761442947	CREATED_OR_CHECKSUM_RESUMED	NOT_APPLICABLE_NEW_OBJECT	5e9731dbde24d964f6e6b4e3aea478ee5d275191c46cd14008e0735b78267f12
470	GCF_021109055.1	SELF	.	source_objects/GCF_021109055.1	065d3b7f552f970b13066876c03b82bf47dc50b7297d59fc77f427a9e5628cc0	canonical_objects/GCF_021109055.1	4232484979fb8c42b994f3c9b95181ba568fb140d1b1cc4a2491363565e0589b	CREATED_OR_CHECKSUM_RESUMED	NOT_APPLICABLE_NEW_OBJECT	4c6327238f5aa87ba63dc9b8628acf5ecc95977ae0e0f64ec4426448b90cb956
471	GCF_001749065.1	SELF	.	source_objects/GCF_001749065.1	2fc7ef0b8c62a0bfc0622bb5b587d233a944b2e121790c53b9f0c3949c0ecec9	canonical_objects/GCF_001749065.1	9ec99930b660eca1395a00b6a320ac7821765a90eb8f6b8c2d4feda84ca6f38c	CREATED_OR_CHECKSUM_RESUMED	NOT_APPLICABLE_NEW_OBJECT	8e1cd3cf18cf79db99d5ca753ddd66805aac6c6b128ae9b83f503f7793d0207b
472	GCF_003981665.1	SELF	.	source_objects/GCF_003981665.1	8fdcdcd7c086d28cf63e2e3471fd77fa6d6dad49bf68972e3506e843c6882c14	canonical_objects/GCF_003981665.1	b48b5ee2ab15214d225ae18293bfa50109fe1187eac41e9321f2fcbfc202110e	CREATED_OR_CHECKSUM_RESUMED	NOT_APPLICABLE_NEW_OBJECT	05709df14d11a867f2f6c1205700c3d11ea063e376372578f0bb63555a65da93
473	GCF_005391865.1	SELF	.	source_objects/GCF_005391865.1	7571c160177677e2bf6062d4720db4fa51e86cef760d2e4a0bc4e1518a55de80	canonical_objects/GCF_005391865.1	775dab3e868bb9838bacb22213df691e42d22500f3d6cb56f6bc899538da23c3	CREATED_OR_CHECKSUM_RESUMED	NOT_APPLICABLE_NEW_OBJECT	e6efec2bf37d3dcee3f002c1488d29baed1c89732116ab6279a913822754e485
474	GCF_005396145.1	SELF	.	source_objects/GCF_005396145.1	3f4a3e9bd1edbe4586f09c6379885de40b6532c8541acdf2693487af2b911732	canonical_objects/GCF_005396145.1	a71136d56507c2a3b15241bb612a9b4e3bd0253678dcc974f09354f54b2f05d8	CREATED_OR_CHECKSUM_RESUMED	NOT_APPLICABLE_NEW_OBJECT	96b8ea0385048a63525972112c416b347f3276cb7a6f7a6ca6c7a4d944f0f18a
475	GCF_003388915.1	SELF	.	source_objects/GCF_003388915.1	34eb764589546040543a0e76601c9bc4070359d3dca98920f381683b43f53a14	canonical_objects/GCF_003388915.1	65eca195e40e4e9b1d85a7498ba06a849ca554bc8816afa7e2964ea2bac0a0ca	CREATED_OR_CHECKSUM_RESUMED	NOT_APPLICABLE_NEW_OBJECT	80b1e5847b0f54ba1874a11bb1226872bd07178f6619485871c7625d7752c5ec
476	GCF_014494025.1	SELF	.	source_objects/GCF_014494025.1	1222064aed1d2fa9245a75d1e945ebc29e5b82c5666aa04b80cc518b1c520ca7	canonical_objects/GCF_014494025.1	d68def90b73bd0d46a6ed74fa3cfa4884192c70baf806145855b6482a9296a2d	CREATED_OR_CHECKSUM_RESUMED	NOT_APPLICABLE_NEW_OBJECT	770c13d3b02851c633044705fc11d12a00f49cf3e9c3228afd12c8e9cea8ca3f
477	GCF_002226735.1	SELF	.	source_objects/GCF_002226735.1	cc57be8d800e79f5e6f7bce51aec797307adf6ce757e04fdaacd28f115c8860f	canonical_objects/GCF_002226735.1	6d96e085582d4cc8a612b8a0ec4be6a80b8832008386fb82863bbca3b4fc77d5	CREATED_OR_CHECKSUM_RESUMED	NOT_APPLICABLE_NEW_OBJECT	d00b93d19a9a3c0b69e4e7684520ef0a53189a358a53929ba0b504161bc3ca9f
478	GCF_016126995.1	SELF	.	source_objects/GCF_016126995.1	92ac080dee87e618e131572d32b4fccb66544f89706f021a4072eb65f7ec4aa0	canonical_objects/GCF_016126995.1	7d4bef5e79151c0924f602482c5fc8d7ff176c03c2355708e0326eb72c73071a	CREATED_OR_CHECKSUM_RESUMED	NOT_APPLICABLE_NEW_OBJECT	675a2ca005fad5741395253bae348cacde0520b8c262ff806eb8d93db91d86de
479	GCF_009822095.1	SELF	.	source_objects/GCF_009822095.1	28847dec703381069c6904ed397bc1227241e1d92061a79dfccab0ea5e61842d	canonical_objects/GCF_009822095.1	bc130630a30a50d0beaef4d7d1bb0f30ef3907bef1a106563726746e8bcaabba	CREATED_OR_CHECKSUM_RESUMED	NOT_APPLICABLE_NEW_OBJECT	293916233d5b95f6b1eedae925f77ddedc2f51e72a73fb4cf36e855fa2b16e71
480	GCF_004767245.1	SELF	.	source_objects/GCF_004767245.1	373fda0b1e2d863727580936bacec02433f32f334bdef32a53e36b81722f575a	canonical_objects/GCF_004767245.1	d09b7def522487e3d493e966b88f4252694734a13e0f6061b096bd3244744090	CREATED_OR_CHECKSUM_RESUMED	NOT_APPLICABLE_NEW_OBJECT	9027a5269e3c20b25f7500ad0bcaa965df90fab393322dc2421f1e8d4225ee19
481	GCF_002511275.1	SELF	.	source_objects/GCF_002511275.1	54eb5464103482ea4b0413e7c06d2cc0a3bbf59f0f554ea29e206926b50fa74c	canonical_objects/GCF_002511275.1	7f8706ac0f4fac8810cb953c592e124f937f750c4710f94a336d720467673b93	CREATED_OR_CHECKSUM_RESUMED	NOT_APPLICABLE_NEW_OBJECT	1182a498d224d1018e91caede1b03e7d6e1dbaa4d135456aaee8c8839b6ae52c
482	GCF_021353995.1	SELF	.	source_objects/GCF_021353995.1	bbb755d4a133940cf316e71fe19f8834d44d8c0c89b21bfc32a95763c1039465	canonical_objects/GCF_021353995.1	3b38dbd87905bc696c03cc8199cefc1cfd0f3ca56e0cd4d67cd8d21d052196ec	CREATED_OR_CHECKSUM_RESUMED	NOT_APPLICABLE_NEW_OBJECT	e0d35cb00b9be5457a94a00ce9b0d89249b6fe2f93b86c59c228312d4ec2e5de
483	GCF_000091005.1	SELF	.	source_objects/GCF_000091005.1	909ac4662b601841b9e9832526e6f6c013194db0539ac2f5fc99afa4bb51efc2	canonical_objects/GCF_000091005.1	d7f377428bb2d6a8851ec6181a3ff4271e8c74aa03d6ff905092e5a8412a2900	CREATED_OR_CHECKSUM_RESUMED	NOT_APPLICABLE_NEW_OBJECT	33278339d1862d35901d25dba7bf77b9bed7e84862ccebb3b712499f7902479a
484	GCF_003981255.1	SELF	.	source_objects/GCF_003981255.1	1cf39514187f63b31b7ad4fe2d1b5379a148c96fe3c2f1926641b0f49332f644	canonical_objects/GCF_003981255.1	821eebdd44d9a1377f6316a9b634eb9231894770a73fccd93106671c9e175e16	CREATED_OR_CHECKSUM_RESUMED	NOT_APPLICABLE_NEW_OBJECT	04bc18941004583a6ce2869b348eac758a96e7e645353ba8dbd0dff0c825e494
485	GCF_003304855.1	SELF	.	source_objects/GCF_003304855.1	43d4459e3eb08bb31e910258f61294f9df408b347f91a8fc73e907f25f836e19	canonical_objects/GCF_003304855.1	6dc34746c841ce131091fcd4c737369ad7a30718bc5ab885429389433dc09b70	CREATED_OR_CHECKSUM_RESUMED	NOT_APPLICABLE_NEW_OBJECT	ac6ad6733a3fb12515401d3c99da314633b2137beb6cc53a676d8984865abbf4
486	GCF_000457285.1	SELF	.	source_objects/GCF_000457285.1	74d58df1b96b9409c4894ed0bf3fc824adf7b918491520547e5ba139a1b7b217	canonical_objects/GCF_000457285.1	51e79a168c7a241ff0027774db3d3146f1751a953823239c479fb214258efd95	CREATED_OR_CHECKSUM_RESUMED	NOT_APPLICABLE_NEW_OBJECT	e9c30139acf0ab12e510e0718d333e340ace5224b8e6820e5d48c73e01302eff
487	GCF_004284265.1	SELF	.	source_objects/GCF_004284265.1	c2b95f9e67eefcd9fb9eadc209d83d71cd9b280177c26035a97fad7c9d609370	canonical_objects/GCF_004284265.1	7fac65ee0e04c36784628cc14101441d9603ce153bdd6da86a4f0790ee720a3e	CREATED_OR_CHECKSUM_RESUMED	NOT_APPLICABLE_NEW_OBJECT	b31028ca08c2371ef4e5cadb7bc7d12acb1f511e118ffef139f0d142903a1f11
488	GCF_900195505.1	SELF	.	source_objects/GCF_900195505.1	c511308b57f7e89a97612783ad7da50db3b91313fb17020bd016b2c2f1ea4fbe	canonical_objects/GCF_900195505.1	bf394cceaa3a8d0c8b8041ab4c564c3ee35897b6c61e97518b49bd22c885dfef	CREATED_OR_CHECKSUM_RESUMED	NOT_APPLICABLE_NEW_OBJECT	1d71c31b945736cb74ef97d71ae15cb6e23bdee712825eca36eed26a4372c045
489	GCF_907175235.1	SELF	.	source_objects/GCF_907175235.1	e75fbe2642c3f0900171a2554855975d296a6f9b3d53b2b87b1d9b79f51d232a	canonical_objects/GCF_907175235.1	1e600668909b1b50cc4baaf3083a2e6b9a521e43dad4e76fda559fb3a418939a	CREATED_OR_CHECKSUM_RESUMED	NOT_APPLICABLE_NEW_OBJECT	59d496d320769bf1f3f8bb85db6f5d26e207bc82ddd1c02ed769d857da0d5cf1
490	GCF_000397705.1	SELF	.	source_objects/GCF_000397705.1	a4d7180da6a792e1aadffedede4e6fb8c694a6061332ac7a526f0a4ef37f9b91	canonical_objects/GCF_000397705.1	dbc5c2f9cc4be7679b0b7d789a3c372fd007a5e45fa2a978c536c17ca946397e	CREATED_OR_CHECKSUM_RESUMED	NOT_APPLICABLE_NEW_OBJECT	e252f30fbe0e7192cd40b50a1f83e599e518a0f68d51ab031339ccee2e4959f7
491	GCF_002268255.1	SELF	.	source_objects/GCF_002268255.1	b2c838ac62648397311f08214853fef686373a91d2e868ba22193647c112a136	canonical_objects/GCF_002268255.1	90e1d65190b3fe57262f6203bb728243e45f0c57e7931b5e784ab4a0d1f74094	CREATED_OR_CHECKSUM_RESUMED	NOT_APPLICABLE_NEW_OBJECT	cf8e0aee52549979234b6508cd90f431533f306afe5cb9a0c124d3d480bbb033
492	GCF_004380655.1	SELF	.	source_objects/GCF_004380655.1	187bd07f03512c3d72f1dead5dfa3801c4bf992cb68a6c656f4a07291754727b	canonical_objects/GCF_004380655.1	92acbd05c14e80dbd4b7ef097f4aaf45b6f9d964fbd089adf2fec9abc446e60c	CREATED_OR_CHECKSUM_RESUMED	NOT_APPLICABLE_NEW_OBJECT	0e16320ecdcac74decaafe950aa31223c1278db6b16e0eb848b1cc3f05a47e5c
493	GCF_003980755.1	SELF	.	source_objects/GCF_003980755.1	d9f6b9ef06162a6f127466b6cc9f358d60a41fe1fc31669a11087863bf2ea2e6	canonical_objects/GCF_003980755.1	512448e5b9e8cdfaf2039d716974d05e376b469e150418501d6a40ce57105cc4	CREATED_OR_CHECKSUM_RESUMED	NOT_APPLICABLE_NEW_OBJECT	2c84417727ee6210f273e1d4f2c458e924fdd70946da52f27fc48a3819feeb96
494	GCF_001285325.1	SELF	.	source_objects/GCF_001285325.1	2366eb476e2fca1ae9f8c976ec51c7df4d6f88da43ae015fd12c5d5b0f9fa85b	canonical_objects/GCF_001285325.1	b39c91aade40161760bd7be0bbba0bb6b974d65aa2a459826e6de56e9e419c20	CREATED_OR_CHECKSUM_RESUMED	NOT_APPLICABLE_NEW_OBJECT	01362de437d447f559a86214198d26de2838632c548a1456798905c227bec081
495	GCF_001614905.1	SELF	.	source_objects/GCF_001614905.1	df9bf63db6c0a001cbc493445c4adf54c333aace86eff265d66c357e3c4ad452	canonical_objects/GCF_001614905.1	5cf8c411d3168563dd19a390a597de03ccdeba86a7690ebc96e33f073cd16294	CREATED_OR_CHECKSUM_RESUMED	NOT_APPLICABLE_NEW_OBJECT	b2150020e0ec80a7f08ec4cc9a5ddc4a31238f7ea91eea862e1265de80f55130
496	GCF_009794365.1	SELF	.	source_objects/GCF_009794365.1	1fa28e15e02d0f33735f0c48039daf582de03afee27d691d0eff38ff739f86da	canonical_objects/GCF_009794365.1	a473933aa256de47db745a4a3b044e1a4e95ee36a29bbe615f3696937ed43779	CREATED_OR_CHECKSUM_RESUMED	NOT_APPLICABLE_NEW_OBJECT	7d52e3200e1515ace484a0830e84aecd27a657010352d21b0f1f973e9e63a58e
497	GCF_002223665.1	SELF	.	source_objects/GCF_002223665.1	72c40c44b1755a1c86c973413c44a5fea932db23f3722855d3b447e332c3c490	canonical_objects/GCF_002223665.1	6e2fa12e35c497cb7c741fa37fb43eef7a826f84f1ed0ca47e536e55550992ad	CREATED_OR_CHECKSUM_RESUMED	NOT_APPLICABLE_NEW_OBJECT	cfe679a839dd1a6c4b57700e36c1a3c1ba0853d5e866d0a3d56946d9114f53dc
498	GCF_001615695.1	SELF	.	source_objects/GCF_001615695.1	fbedc3d116f79f6243454ee51ffbf94cb9ba9019ff060ca7ea85329bcfd86c57	canonical_objects/GCF_001615695.1	5a1056f50f8e1f1d1143ed39112583a6fee9f809874d1eb9b295f6e6b53d760c	CREATED_OR_CHECKSUM_RESUMED	NOT_APPLICABLE_NEW_OBJECT	92ae5b563067d7066a9bb7cc6f7b99619d512a30e39085b940c54fb046152d0e
499	GCF_000305355.1	SELF	.	source_objects/GCF_000305355.1	7e61b3cfe654e372c2af235512c0df6a144b4299a24e1abe5a41f3d6883fed82	canonical_objects/GCF_000305355.1	bf76ad92f4f9e58d8fd8283982c46e2708973358207c858186570e17477f6765	CREATED_OR_CHECKSUM_RESUMED	NOT_APPLICABLE_NEW_OBJECT	6950d44df1233a9c1da8937b7872fce262e1e636e773e21d922135fe8744f552
500	GCF_006238575.1	SELF	.	source_objects/GCF_006238575.1	930fa38d0bad0ccab45ddaa7d74eb0f3f9479001384c2a6d7fb8015196e12cb6	canonical_objects/GCF_006238575.1	aa17029ec0da049dcf80761fbbe19e70eb2c73853f0513098ca860cbed0667c4	CREATED_OR_CHECKSUM_RESUMED	NOT_APPLICABLE_NEW_OBJECT	63ef4a80f9a5354d30659d0bf3e2a27608342dcf4431a5986c68f7d723ba6b15
