CONFIRMED DRR050994 [near-complete analogue] 4 baits
CONFIRMED DRR050995 [near-complete analogue] 2 baits
CONFIRMED DRR050997 [near-complete analogue] 2 baits
CONFIRMED DRR051000 [near-complete analogue] 2 baits
CONFIRMED DRR051002 [near-complete analogue] 2 baits
CONFIRMED DRR051003 [near-complete analogue] 4 baits
CONFIRMED DRR051004 [near-complete analogue] 2 baits
CONFIRMED DRR051005 [near-complete analogue] 2 baits
CONFIRMED DRR051006 [near-complete analogue] 2 baits
CONFIRMED DRR051010 [near-complete analogue] 4 baits
CONFIRMED DRR051011 [module-only homology] 1 baits
CONFIRMED DRR051012 [near-complete analogue] 3 baits
CONFIRMED DRR051013 [near-complete analogue] 4 baits
CONFIRMED DRR051014 [near-complete analogue] 2 baits
CONFIRMED DRR051017 [near-complete analogue] 4 baits
CONFIRMED DRR051018 [near-complete analogue] 3 baits
CONFIRMED DRR051019 [near-complete analogue] 2 baits
CONFIRMED DRR051020 [near-complete analogue] 2 baits
CONFIRMED DRR051021 [near-complete analogue] 4 baits
CONFIRMED DRR051022 [near-complete analogue] 3 baits
CONFIRMED DRR051027 [near-complete analogue] 5 baits
CONFIRMED DRR051028 [near-complete analogue] 2 baits
CONFIRMED DRR051029 [near-complete analogue] 3 baits
CONFIRMED DRR051031 [near-complete analogue] 2 baits
CONFIRMED DRR051032 [near-complete analogue] 2 baits
CONFIRMED DRR051035 [near-complete analogue] 3 baits
CONFIRMED DRR051036 [near-complete analogue] 2 baits
CONFIRMED DRR051039 [near-complete analogue] 2 baits
CONFIRMED DRR051041 [near-complete analogue] 2 baits
CONFIRMED DRR051042 [near-complete analogue] 2 baits
CONFIRMED DRR051043 [near-complete analogue] 4 baits
CONFIRMED DRR051045 [near-complete analogue] 6 baits
CONFIRMED DRR051046 [near-complete analogue] 4 baits
CONFIRMED DRR061430 [junction/synteny supported] 1 baits
CONFIRMED DRR061431 [near-complete analogue] 2 baits
CONFIRMED DRR061432 [near-complete analogue] 2 baits
CONFIRMED DRR061433 [near-complete analogue] 2 baits
CONFIRMED DRR061434 [module-only homology] 1 baits
CONFIRMED DRR061435 [module-only homology] 1 baits
CONFIRMED DRR061436 [near-complete analogue] 4 baits
CONFIRMED DRR061438 [near-complete analogue] 2 baits
CONFIRMED DRR061439 [module-only homology] 1 baits
CONFIRMED DRR061440 [near-complete analogue] 4 baits
CONFIRMED DRR061441 [module-only homology] 1 baits
CONFIRMED DRR061442 [near-complete analogue] 2 baits
CONFIRMED DRR061444 [module-only homology] 1 baits
CONFIRMED DRR061445 [junction/synteny supported] 1 baits
CONFIRMED DRR061446 [near-complete analogue] 4 baits
CONFIRMED DRR061447 [near-complete analogue] 4 baits
CONFIRMED DRR061448 [near-complete analogue] 2 baits
CONFIRMED DRR061449 [near-complete analogue] 3 baits
CONFIRMED DRR061450 [near-complete analogue] 4 baits
CONFIRMED DRR061451 [near-complete analogue] 2 baits
CONFIRMED DRR061453 [near-complete analogue] 3 baits
CONFIRMED DRR061454 [near-complete analogue] 2 baits
CONFIRMED DRR061455 [near-complete analogue] 2 baits
CONFIRMED DRR061456 [near-complete analogue] 4 baits
CONFIRMED DRR061457 [near-complete analogue] 2 baits
CONFIRMED DRR061458 [near-complete analogue] 4 baits
CONFIRMED DRR061459 [near-complete analogue] 2 baits
CONFIRMED DRR061460 [near-complete analogue] 4 baits
CONFIRMED DRR061461 [near-complete analogue] 4 baits
CONFIRMED DRR061462 [near-complete analogue] 4 baits
CONFIRMED DRR061463 [near-complete analogue] 4 baits
CONFIRMED DRR061464 [near-complete analogue] 3 baits
CONFIRMED DRR061465 [module-only homology] 1 baits
CONFIRMED DRR061466 [near-complete analogue] 4 baits
CONFIRMED DRR061467 [near-complete analogue] 3 baits
CONFIRMED DRR061468 [near-complete analogue] 2 baits
CONFIRMED DRR061469 [module-only homology] 1 baits
CONFIRMED DRR061470 [near-complete analogue] 2 baits
CONFIRMED DRR061471 [near-complete analogue] 2 baits
CONFIRMED DRR061472 [module-only homology] 1 baits
CONFIRMED DRR061473 [near-complete analogue] 4 baits
CONFIRMED DRR061475 [near-complete analogue] 4 baits
CONFIRMED DRR061477 [module-only homology] 1 baits
CONFIRMED DRR061478 [near-complete analogue] 4 baits
CONFIRMED DRR061479 [near-complete analogue] 4 baits
CONFIRMED DRR061480 [near-complete analogue] 2 baits
CONFIRMED DRR061481 [near-complete analogue] 4 baits
CONFIRMED DRR061482 [near-complete analogue] 4 baits
CONFIRMED DRR061483 [near-complete analogue] 2 baits
CONFIRMED DRR061484 [near-complete analogue] 2 baits
CONFIRMED DRR061485 [near-complete analogue] 4 baits
CONFIRMED DRR061486 [near-complete analogue] 4 baits
CONFIRMED DRR061487 [near-complete analogue] 2 baits
CONFIRMED DRR061488 [near-complete analogue] 2 baits
CONFIRMED DRR061489 [near-complete analogue] 3 baits
CONFIRMED DRR061490 [near-complete analogue] 2 baits
CONFIRMED DRR061491 [near-complete analogue] 4 baits
CONFIRMED DRR061492 [module-only homology] 1 baits
CONFIRMED DRR061493 [near-complete analogue] 4 baits
CONFIRMED DRR065946 [module-only homology] 1 baits
CONFIRMED DRR076810 [module-only homology] 1 baits
CONFIRMED DRR076812 [module-only homology] 1 baits
CONFIRMED DRR076813 [module-only homology] 1 baits
CONFIRMED DRR076814 [module-only homology] 1 baits
CONFIRMED DRR076815 [module-only homology] 1 baits
CONFIRMED DRR076816 [module-only homology] 1 baits
CONFIRMED DRR076821 [module-only homology] 1 baits
CONFIRMED DRR076823 [module-only homology] 1 baits
CONFIRMED DRR076825 [near-complete analogue] 2 baits
CONFIRMED DRR076827 [near-complete analogue] 2 baits
CONFIRMED DRR076828 [near-complete analogue] 2 baits
CONFIRMED DRR076833 [near-complete analogue] 2 baits
CONFIRMED DRR076835 [near-complete analogue] 2 baits
CONFIRMED DRR076837 [near-complete analogue] 2 baits
CONFIRMED DRR076838 [near-complete analogue] 2 baits
CONFIRMED DRR076841 [module-only homology] 1 baits
CONFIRMED DRR076844 [module-only homology] 1 baits
CONFIRMED DRR076847 [module-only homology] 1 baits
CONFIRMED DRR076857 [module-only homology] 1 baits
CONFIRMED DRR076858 [module-only homology] 1 baits
CONFIRMED DRR076861 [module-only homology] 1 baits
CONFIRMED DRR076862 [module-only homology] 1 baits
CONFIRMED DRR076863 [module-only homology] 1 baits
CONFIRMED DRR076865 [module-only homology] 1 baits
CONFIRMED DRR076867 [near-complete analogue] 2 baits
CONFIRMED DRR076868 [module-only homology] 1 baits
CONFIRMED DRR076870 [near-complete analogue] 4 baits
CONFIRMED DRR076872 [near-complete analogue] 4 baits
CONFIRMED DRR076874 [near-complete analogue] 4 baits
CONFIRMED DRR076876 [near-complete analogue] 4 baits
CONFIRMED DRR076878 [near-complete analogue] 4 baits
CONFIRMED DRR076879 [near-complete analogue] 4 baits
CONFIRMED DRR076881 [near-complete analogue] 4 baits
CONFIRMED DRR076882 [near-complete analogue] 4 baits
CONFIRMED DRR076883 [near-complete analogue] 4 baits
CONFIRMED DRR076884 [near-complete analogue] 4 baits
CONFIRMED DRR076885 [module-only homology] 1 baits
CONFIRMED DRR076888 [module-only homology] 1 baits
CONFIRMED DRR076892 [module-only homology] 1 baits
CONFIRMED DRR076893 [module-only homology] 1 baits
CONFIRMED DRR076897 [module-only homology] 1 baits
CONFIRMED DRR076900 [module-only homology] 1 baits
CONFIRMED DRR076902 [module-only homology] 1 baits
CONFIRMED DRR076904 [module-only homology] 1 baits
CONFIRMED DRR076909 [module-only homology] 1 baits
CONFIRMED DRR076910 [module-only homology] 1 baits
CONFIRMED DRR076911 [module-only homology] 1 baits
CONFIRMED DRR076913 [module-only homology] 1 baits
CONFIRMED DRR076917 [near-complete analogue] 3 baits
CONFIRMED DRR076920 [near-complete analogue] 3 baits
CONFIRMED DRR076924 [module-only homology] 1 baits
CONFIRMED DRR076930 [near-complete analogue] 3 baits
CONFIRMED DRR076932 [near-complete analogue] 3 baits
CONFIRMED DRR076934 [near-complete analogue] 3 baits
CONFIRMED DRR076938 [near-complete analogue] 3 baits
CONFIRMED DRR076941 [near-complete analogue] 3 baits
CONFIRMED DRR082430 [module-only homology] 1 baits
CONFIRMED DRR082431 [module-only homology] 1 baits
CONFIRMED DRR082432 [near-complete analogue] 2 baits
CONFIRMED DRR082433 [near-complete analogue] 2 baits
CONFIRMED DRR082434 [near-complete analogue] 2 baits
CONFIRMED DRR082435 [near-complete analogue] 2 baits
CONFIRMED DRR082437 [near-complete analogue] 2 baits
CONFIRMED DRR082438 [near-complete analogue] 2 baits
CONFIRMED DRR082439 [module-only homology] 1 baits
CONFIRMED DRR082440 [near-complete analogue] 2 baits
CONFIRMED DRR082441 [near-complete analogue] 4 baits
CONFIRMED DRR082442 [near-complete analogue] 4 baits
CONFIRMED DRR082443 [near-complete analogue] 4 baits
CONFIRMED DRR082444 [near-complete analogue] 4 baits
CONFIRMED DRR082445 [near-complete analogue] 4 baits
CONFIRMED DRR082446 [near-complete analogue] 4 baits
CONFIRMED DRR082447 [near-complete analogue] 4 baits
CONFIRMED DRR082448 [near-complete analogue] 4 baits
CONFIRMED DRR082449 [near-complete analogue] 4 baits
CONFIRMED DRR082450 [near-complete analogue] 4 baits
CONFIRMED DRR082451 [near-complete analogue] 4 baits
CONFIRMED DRR082452 [near-complete analogue] 4 baits
CONFIRMED DRR082453 [near-complete analogue] 4 baits
CONFIRMED DRR082454 [near-complete analogue] 4 baits
CONFIRMED DRR089862 [module-only homology] 1 baits
CONFIRMED DRR089863 [module-only homology] 1 baits
CONFIRMED DRR092860 [near-complete analogue] 2 baits
CONFIRMED DRR092862 [near-complete analogue] 2 baits
CONFIRMED DRR092863 [near-complete analogue] 2 baits
CONFIRMED DRR092865 [module-only homology] 1 baits
CONFIRMED DRR092867 [near-complete analogue] 2 baits
CONFIRMED DRR092868 [module-only homology] 1 baits
CONFIRMED DRR092870 [near-complete analogue] 2 baits
CONFIRMED DRR092872 [near-complete analogue] 2 baits
CONFIRMED DRR092873 [module-only homology] 1 baits
CONFIRMED DRR092874 [module-only homology] 1 baits
CONFIRMED DRR092875 [module-only homology] 1 baits
CONFIRMED DRR092877 [near-complete analogue] 2 baits
CONFIRMED DRR092878 [module-only homology] 1 baits
CONFIRMED DRR092881 [module-only homology] 1 baits
CONFIRMED DRR092882 [near-complete analogue] 2 baits
CONFIRMED DRR092884 [module-only homology] 1 baits
CONFIRMED DRR092885 [module-only homology] 1 baits
CONFIRMED DRR092887 [near-complete analogue] 2 baits
CONFIRMED DRR092888 [near-complete analogue] 2 baits
CONFIRMED DRR092889 [near-complete analogue] 2 baits
CONFIRMED DRR092890 [near-complete analogue] 2 baits
CONFIRMED DRR092891 [near-complete analogue] 2 baits
CONFIRMED DRR092892 [module-only homology] 1 baits
CONFIRMED DRR092893 [near-complete analogue] 2 baits
CONFIRMED DRR092894 [module-only homology] 1 baits
CONFIRMED DRR102547 [module-only homology] 1 baits
CONFIRMED DRR102562 [module-only homology] 1 baits
CONFIRMED DRR102566 [near-complete analogue] 4 baits
CONFIRMED DRR102570 [near-complete analogue] 4 baits
CONFIRMED DRR102605 [module-only homology] 1 baits
CONFIRMED DRR102615 [near-complete analogue] 2 baits
CONFIRMED DRR102666 [near-complete analogue] 3 baits
CONFIRMED DRR102674 [near-complete analogue] 4 baits
CONFIRMED DRR102692 [near-complete analogue] 2 baits
CONFIRMED DRR102703 [near-complete analogue] 2 baits
CONFIRMED DRR102739 [near-complete analogue] 4 baits
CONFIRMED DRR102742 [module-only homology] 1 baits
CONFIRMED DRR102756 [module-only homology] 1 baits
CONFIRMED DRR102776 [module-only homology] 1 baits
CONFIRMED DRR102778 [near-complete analogue] 2 baits
CONFIRMED DRR102852 [module-only homology] 1 baits
CONFIRMED DRR102928 [near-complete analogue] 3 baits
CONFIRMED DRR102936 [near-complete analogue] 2 baits
CONFIRMED DRR102937 [near-complete analogue] 8 baits
CONFIRMED DRR102942 [module-only homology] 1 baits
CONFIRMED DRR102961 [module-only homology] 1 baits
CONFIRMED DRR102991 [near-complete analogue] 2 baits
CONFIRMED DRR102992 [near-complete analogue] 2 baits
CONFIRMED DRR103057 [module-only homology] 1 baits
CONFIRMED DRR103059 [near-complete analogue] 5 baits
CONFIRMED DRR103067 [module-only homology] 1 baits
CONFIRMED DRR103075 [module-only homology] 1 baits
CONFIRMED DRR103079 [module-only homology] 1 baits
CONFIRMED DRR103082 [near-complete analogue] 3 baits
CONFIRMED DRR103094 [junction/synteny supported] 1 baits
CONFIRMED DRR103108 [near-complete analogue] 3 baits
CONFIRMED DRR103140 [near-complete analogue] 4 baits
CONFIRMED DRR103193 [module-only homology] 1 baits
CONFIRMED DRR103202 [module-only homology] 1 baits
CONFIRMED DRR103305 [near-complete analogue] 2 baits
CONFIRMED DRR103316 [module-only homology] 1 baits
CONFIRMED DRR103317 [near-complete analogue] 4 baits
CONFIRMED DRR120565 [module-only homology] 1 baits
CONFIRMED DRR120569 [near-complete analogue] 2 baits
CONFIRMED DRR120582 [near-complete analogue] 2 baits
CONFIRMED DRR120597 [near-complete analogue] 2 baits
CONFIRMED DRR120602 [near-complete analogue] 2 baits
CONFIRMED DRR120603 [near-complete analogue] 2 baits
CONFIRMED DRR120604 [near-complete analogue] 2 baits
CONFIRMED DRR129827 [module-only homology] 1 baits
CONFIRMED DRR129828 [module-only homology] 1 baits
CONFIRMED DRR129829 [module-only homology] 1 baits
CONFIRMED DRR129830 [module-only homology] 1 baits
CONFIRMED DRR129831 [module-only homology] 1 baits
CONFIRMED DRR129832 [module-only homology] 1 baits
CONFIRMED DRR129833 [near-complete analogue] 2 baits
CONFIRMED DRR129834 [near-complete analogue] 2 baits
CONFIRMED DRR129835 [near-complete analogue] 2 baits
CONFIRMED DRR129836 [near-complete analogue] 2 baits
CONFIRMED DRR129837 [near-complete analogue] 3 baits
CONFIRMED DRR129838 [module-only homology] 1 baits
CONFIRMED DRR159812 [near-complete analogue] 2 baits
CONFIRMED DRR159822 [module-only homology] 1 baits
CONFIRMED DRR159834 [module-only homology] 1 baits
CONFIRMED DRR159859 [junction/synteny supported] 1 baits
CONFIRMED DRR159903 [module-only homology] 1 baits
CONFIRMED DRR162762 [near-complete analogue] 3 baits
CONFIRMED DRR192198 [near-complete analogue] 3 baits
CONFIRMED DRR192207 [near-complete analogue] 3 baits
CONFIRMED DRR192219 [near-complete analogue] 2 baits
CONFIRMED DRR192224 [near-complete analogue] 2 baits
CONFIRMED DRR192225 [near-complete analogue] 2 baits
CONFIRMED DRR192227 [near-complete analogue] 2 baits
CONFIRMED DRR192229 [near-complete analogue] 2 baits
CONFIRMED DRR192234 [near-complete analogue] 2 baits
CONFIRMED DRR193889 [near-complete analogue] 3 baits
CONFIRMED DRR193892 [near-complete analogue] 3 baits
CONFIRMED DRR193904 [module-only homology] 1 baits
CONFIRMED DRR193909 [module-only homology] 1 baits
CONFIRMED DRR193912 [module-only homology] 1 baits
CONFIRMED DRR193914 [near-complete analogue] 2 baits
CONFIRMED DRR193920 [module-only homology] 1 baits
CONFIRMED DRR204859 [module-only homology] 1 baits
CONFIRMED DRR221028 [module-only homology] 1 baits
CONFIRMED DRR239344 [near-complete analogue] 3 baits
CONFIRMED DRR245496 [module-only homology] 1 baits
CONFIRMED DRR245499 [module-only homology] 1 baits
CONFIRMED DRR245500 [module-only homology] 1 baits
CONFIRMED DRR245502 [module-only homology] 1 baits
CONFIRMED DRR245503 [near-complete analogue] 2 baits
CONFIRMED DRR245504 [near-complete analogue] 2 baits
CONFIRMED DRR245505 [module-only homology] 1 baits
CONFIRMED DRR245508 [module-only homology] 1 baits
CONFIRMED DRR245509 [junction/synteny supported] 1 baits
CONFIRMED DRR245511 [junction/synteny supported] 1 baits
CONFIRMED DRR245512 [module-only homology] 1 baits
CONFIRMED DRR254594 [near-complete analogue] 2 baits
CONFIRMED DRR275197 [module-only homology] 1 baits
CONFIRMED DRR275198 [module-only homology] 1 baits
CONFIRMED DRR275200 [module-only homology] 1 baits
CONFIRMED DRR275202 [module-only homology] 1 baits
CONFIRMED DRR275203 [module-only homology] 1 baits
CONFIRMED DRR275204 [junction/synteny supported] 1 baits
CONFIRMED DRR275205 [module-only homology] 1 baits
CONFIRMED DRR275208 [near-complete analogue] 3 baits
CONFIRMED DRR275209 [module-only homology] 1 baits
CONFIRMED DRR275212 [near-complete analogue] 4 baits
CONFIRMED DRR275217 [module-only homology] 1 baits
CONFIRMED DRR275219 [module-only homology] 1 baits
CONFIRMED DRR275220 [near-complete analogue] 3 baits
CONFIRMED DRR275223 [module-only homology] 1 baits
CONFIRMED DRR275225 [module-only homology] 1 baits
CONFIRMED DRR275226 [near-complete analogue] 2 baits
CONFIRMED DRR275227 [near-complete analogue] 2 baits
CONFIRMED DRR275232 [module-only homology] 1 baits
CONFIRMED DRR275240 [junction/synteny supported] 1 baits
CONFIRMED DRR275243 [near-complete analogue] 2 baits
CONFIRMED DRR275244 [near-complete analogue] 3 baits
CONFIRMED DRR275247 [near-complete analogue] 4 baits
CONFIRMED DRR275248 [near-complete analogue] 7 baits
CONFIRMED DRR275249 [junction/synteny supported] 1 baits
CONFIRMED DRR275251 [near-complete analogue] 2 baits
CONFIRMED DRR275252 [module-only homology] 1 baits
CONFIRMED DRR275256 [near-complete analogue] 3 baits
CONFIRMED DRR275257 [module-only homology] 1 baits
CONFIRMED DRR275259 [module-only homology] 1 baits
CONFIRMED DRR275261 [module-only homology] 1 baits
CONFIRMED DRR275266 [near-complete analogue] 2 baits
CONFIRMED DRR345532 [junction/synteny supported] 1 baits
CONFIRMED DRR345533 [junction/synteny supported] 1 baits
CONFIRMED DRR395205 [near-complete analogue] 4 baits
CONFIRMED DRR395206 [junction/synteny supported] 1 baits
CONFIRMED DRR395207 [near-complete analogue] 5 baits
CONFIRMED DRR395208 [near-complete analogue] 6 baits
CONFIRMED DRR395209 [near-complete analogue] 6 baits
CONFIRMED DRR395210 [near-complete analogue] 7 baits
CONFIRMED DRR395211 [near-complete analogue] 4 baits
CONFIRMED DRR395212 [near-complete analogue] 6 baits
CONFIRMED DRR395213 [junction/synteny supported] 1 baits
CONFIRMED DRR395214 [junction/synteny supported] 1 baits
CONFIRMED DRR395215 [near-complete analogue] 2 baits
CONFIRMED DRR395216 [near-complete analogue] 2 baits
CONFIRMED DRR395217 [near-complete analogue] 6 baits
CONFIRMED DRR395218 [near-complete analogue] 5 baits
CONFIRMED DRR395219 [near-complete analogue] 6 baits
CONFIRMED DRR395220 [near-complete analogue] 6 baits
CONFIRMED DRR395221 [near-complete analogue] 5 baits
CONFIRMED DRR395222 [near-complete analogue] 6 baits
CONFIRMED DRR395223 [near-complete analogue] 6 baits
CONFIRMED DRR395224 [near-complete analogue] 2 baits
CONFIRMED DRR395225 [near-complete analogue] 6 baits
CONFIRMED DRR395226 [near-complete analogue] 2 baits
CONFIRMED DRR395227 [junction/synteny supported] 1 baits
CONFIRMED DRR395228 [near-complete analogue] 6 baits
CONFIRMED DRR395229 [near-complete analogue] 6 baits
CONFIRMED DRR395230 [near-complete analogue] 6 baits
CONFIRMED DRR395231 [near-complete analogue] 5 baits
CONFIRMED DRR395232 [near-complete analogue] 6 baits
CONFIRMED DRR395233 [near-complete analogue] 6 baits
CONFIRMED DRR395234 [near-complete analogue] 5 baits
CONFIRMED DRR395235 [near-complete analogue] 4 baits
CONFIRMED DRR395236 [near-complete analogue] 6 baits
CONFIRMED DRR395237 [near-complete analogue] 2 baits
CONFIRMED DRR395238 [near-complete analogue] 6 baits
CONFIRMED DRR395239 [near-complete analogue] 5 baits
CONFIRMED DRR395240 [near-complete analogue] 5 baits
CONFIRMED DRR395241 [near-complete analogue] 6 baits
CONFIRMED DRR398638 [near-complete analogue] 3 baits
CONFIRMED DRR398639 [near-complete analogue] 3 baits
CONFIRMED DRR398649 [module-only homology] 1 baits
CONFIRMED DRR398650 [module-only homology] 1 baits
CONFIRMED DRR398658 [near-complete analogue] 3 baits
CONFIRMED DRR398660 [module-only homology] 1 baits
CONFIRMED DRR398693 [module-only homology] 1 baits
CONFIRMED DRR398696 [near-complete analogue] 2 baits
CONFIRMED DRR415709 [module-only homology] 1 baits
CONFIRMED DRR415710 [near-complete analogue] 5 baits
CONFIRMED DRR415711 [near-complete analogue] 2 baits
CONFIRMED DRR415712 [near-complete analogue] 2 baits
CONFIRMED DRR415713 [junction/synteny supported] 1 baits
CONFIRMED DRR415714 [module-only homology] 1 baits
CONFIRMED DRR415715 [near-complete analogue] 2 baits
CONFIRMED DRR415716 [near-complete analogue] 3 baits
CONFIRMED DRR415717 [module-only homology] 1 baits
CONFIRMED DRR415718 [near-complete analogue] 2 baits
CONFIRMED DRR415719 [module-only homology] 1 baits
CONFIRMED DRR415720 [module-only homology] 1 baits
CONFIRMED DRR415721 [near-complete analogue] 2 baits
CONFIRMED DRR415722 [near-complete analogue] 2 baits
CONFIRMED DRR415723 [module-only homology] 1 baits
CONFIRMED DRR415725 [module-only homology] 1 baits
CONFIRMED DRR415726 [near-complete analogue] 2 baits
CONFIRMED DRR415727 [near-complete analogue] 2 baits
CONFIRMED DRR415728 [near-complete analogue] 2 baits
CONFIRMED DRR415729 [near-complete analogue] 4 baits
CONFIRMED DRR415730 [near-complete analogue] 4 baits
CONFIRMED DRR415731 [near-complete analogue] 2 baits
CONFIRMED DRR415732 [module-only homology] 1 baits
CONFIRMED DRR415733 [near-complete analogue] 4 baits
CONFIRMED DRR415734 [near-complete analogue] 4 baits
CONFIRMED DRR415735 [near-complete analogue] 4 baits
CONFIRMED DRR415736 [near-complete analogue] 3 baits
CONFIRMED DRR415737 [near-complete analogue] 4 baits
CONFIRMED DRR415738 [near-complete analogue] 4 baits
CONFIRMED DRR415739 [near-complete analogue] 4 baits
CONFIRMED DRR415741 [near-complete analogue] 3 baits
CONFIRMED DRR415742 [near-complete analogue] 2 baits
CONFIRMED DRR415743 [module-only homology] 1 baits
CONFIRMED DRR415744 [near-complete analogue] 3 baits
CONFIRMED DRR415746 [near-complete analogue] 2 baits
CONFIRMED DRR415747 [near-complete analogue] 2 baits
CONFIRMED DRR415748 [module-only homology] 1 baits
CONFIRMED DRR415752 [near-complete analogue] 3 baits
CONFIRMED DRR415753 [module-only homology] 1 baits
CONFIRMED DRR415754 [module-only homology] 1 baits
CONFIRMED DRR415755 [near-complete analogue] 3 baits
CONFIRMED DRR415756 [near-complete analogue] 2 baits
CONFIRMED DRR415757 [module-only homology] 1 baits
CONFIRMED DRR415760 [near-complete analogue] 3 baits
CONFIRMED DRR415761 [near-complete analogue] 3 baits
CONFIRMED DRR415762 [near-complete analogue] 2 baits
CONFIRMED DRR415763 [module-only homology] 1 baits
CONFIRMED DRR415764 [module-only homology] 1 baits
CONFIRMED DRR415765 [near-complete analogue] 2 baits
CONFIRMED DRR415767 [module-only homology] 1 baits
CONFIRMED DRR424509 [junction/synteny supported] 1 baits
CONFIRMED DRR424510 [module-only homology] 1 baits
CONFIRMED DRR424512 [module-only homology] 1 baits
CONFIRMED DRR424514 [near-complete analogue] 3 baits
CONFIRMED DRR424515 [near-complete analogue] 3 baits
CONFIRMED DRR424517 [module-only homology] 1 baits
CONFIRMED DRR518148 [near-complete analogue] 2 baits
CONFIRMED DRR518149 [near-complete analogue] 2 baits
CONFIRMED DRR518150 [near-complete analogue] 2 baits
CONFIRMED DRR518151 [near-complete analogue] 3 baits
CONFIRMED DRR518152 [near-complete analogue] 3 baits
CONFIRMED DRR518153 [module-only homology] 1 baits
CONFIRMED DRR518154 [near-complete analogue] 2 baits
CONFIRMED DRR518155 [near-complete analogue] 2 baits
CONFIRMED DRR518156 [near-complete analogue] 4 baits
CONFIRMED DRR518157 [module-only homology] 1 baits
CONFIRMED DRR518158 [module-only homology] 1 baits
CONFIRMED DRR538097 [near-complete analogue] 6 baits
CONFIRMED DRR538215 [near-complete analogue] 4 baits
CONFIRMED DRR539909 [module-only homology] 1 baits
CONFIRMED DRR539913 [module-only homology] 1 baits
CONFIRMED DRR539914 [module-only homology] 1 baits
CONFIRMED DRR539915 [module-only homology] 1 baits
CONFIRMED DRR539916 [module-only homology] 1 baits
CONFIRMED DRR539922 [module-only homology] 1 baits
CONFIRMED DRR539923 [module-only homology] 1 baits
CONFIRMED DRR539925 [module-only homology] 1 baits
CONFIRMED DRR539926 [module-only homology] 1 baits
CONFIRMED DRR539927 [near-complete analogue] 4 baits
CONFIRMED DRR539928 [module-only homology] 1 baits
CONFIRMED DRR539929 [module-only homology] 1 baits
CONFIRMED DRR539930 [junction/synteny supported] 1 baits
CONFIRMED DRR539931 [module-only homology] 1 baits
CONFIRMED DRR539932 [module-only homology] 1 baits
CONFIRMED DRR539935 [junction/synteny supported] 1 baits
CONFIRMED DRR539936 [module-only homology] 1 baits
CONFIRMED DRR539937 [module-only homology] 1 baits
CONFIRMED DRR539939 [module-only homology] 1 baits
CONFIRMED DRR548028 [near-complete analogue] 2 baits
CONFIRMED DRR548029 [near-complete analogue] 4 baits
CONFIRMED DRR548031 [near-complete analogue] 3 baits
CONFIRMED DRR567440 [module-only homology] 1 baits
CONFIRMED DRR567441 [near-complete analogue] 2 baits
CONFIRMED DRR567443 [module-only homology] 1 baits
CONFIRMED DRR567444 [module-only homology] 1 baits
CONFIRMED DRR618971 [module-only homology] 1 baits
CONFIRMED DRR618972 [module-only homology] 1 baits
CONFIRMED DRR618973 [module-only homology] 1 baits
CONFIRMED DRR619635 [module-only homology] 1 baits
CONFIRMED DRR668313 [module-only homology] 1 baits
CONFIRMED DRR668314 [module-only homology] 1 baits
CONFIRMED DRR668315 [near-complete analogue] 4 baits
CONFIRMED DRR668316 [module-only homology] 1 baits
CONFIRMED DRR668317 [module-only homology] 1 baits
CONFIRMED DRR668318 [near-complete analogue] 6 baits
CONFIRMED DRR668319 [near-complete analogue] 2 baits
CONFIRMED DRR668321 [module-only homology] 1 baits
CONFIRMED DRR794459 [near-complete analogue] 2 baits
CONFIRMED DRR794460 [near-complete analogue] 2 baits
CONFIRMED DRR794463 [module-only homology] 1 baits
CONFIRMED DRR794464 [module-only homology] 1 baits
CONFIRMED DRR794465 [near-complete analogue] 3 baits
CONFIRMED DRR794466 [near-complete analogue] 2 baits
CONFIRMED DRR794467 [junction/synteny supported] 1 baits
CONFIRMED DRR794468 [junction/synteny supported] 1 baits
CONFIRMED DRR794469 [near-complete analogue] 3 baits
CONFIRMED DRR794470 [near-complete analogue] 2 baits
CONFIRMED DRR794473 [junction/synteny supported] 1 baits
CONFIRMED DRR794474 [junction/synteny supported] 1 baits
CONFIRMED DRR794475 [near-complete analogue] 3 baits
CONFIRMED DRR794476 [near-complete analogue] 3 baits
CONFIRMED DRR794477 [near-complete analogue] 3 baits
CONFIRMED DRR794478 [near-complete analogue] 3 baits
CONFIRMED DRR794479 [near-complete analogue] 6 baits
CONFIRMED DRR794480 [near-complete analogue] 7 baits
CONFIRMED DRR794481 [module-only homology] 1 baits
CONFIRMED DRR794482 [module-only homology] 1 baits
CONFIRMED DRR794483 [near-complete analogue] 3 baits
CONFIRMED DRR794484 [near-complete analogue] 3 baits
CONFIRMED DRR794485 [near-complete analogue] 6 baits
CONFIRMED DRR794486 [near-complete analogue] 6 baits
CONFIRMED ERR018562 [near-complete analogue] 2 baits
CONFIRMED ERR10227733 [module-only homology] 1 baits
CONFIRMED ERR10627649 [module-only homology] 1 baits
CONFIRMED ERR10627659 [near-complete analogue] 3 baits
CONFIRMED ERR10627660 [module-only homology] 1 baits
CONFIRMED ERR10639965 [module-only homology] 1 baits
CONFIRMED ERR10639969 [near-complete analogue] 2 baits
CONFIRMED ERR10639980 [near-complete analogue] 3 baits
CONFIRMED ERR10639981 [near-complete analogue] 4 baits
CONFIRMED ERR10639988 [near-complete analogue] 3 baits
CONFIRMED ERR10639989 [near-complete analogue] 2 baits
CONFIRMED ERR10639991 [near-complete analogue] 2 baits
CONFIRMED ERR10639992 [near-complete analogue] 2 baits
CONFIRMED ERR10639994 [near-complete analogue] 2 baits
CONFIRMED ERR10639997 [module-only homology] 1 baits
CONFIRMED ERR10640009 [near-complete analogue] 2 baits
CONFIRMED ERR10640010 [near-complete analogue] 2 baits
CONFIRMED ERR10640011 [near-complete analogue] 2 baits
CONFIRMED ERR10640013 [module-only homology] 1 baits
CONFIRMED ERR10640015 [near-complete analogue] 2 baits
CONFIRMED ERR10640016 [module-only homology] 1 baits
CONFIRMED ERR10640020 [near-complete analogue] 2 baits
CONFIRMED ERR10640024 [near-complete analogue] 2 baits
CONFIRMED ERR10640027 [near-complete analogue] 3 baits
CONFIRMED ERR10640031 [near-complete analogue] 2 baits
CONFIRMED ERR10640032 [junction/synteny supported] 1 baits
CONFIRMED ERR10640035 [module-only homology] 1 baits
CONFIRMED ERR10640036 [module-only homology] 1 baits
CONFIRMED ERR10640038 [near-complete analogue] 2 baits
CONFIRMED ERR10640039 [module-only homology] 1 baits
CONFIRMED ERR10640041 [near-complete analogue] 3 baits
CONFIRMED ERR10640043 [junction/synteny supported] 1 baits
CONFIRMED ERR10640047 [module-only homology] 1 baits
CONFIRMED ERR10640048 [near-complete analogue] 3 baits
CONFIRMED ERR10640049 [near-complete analogue] 2 baits
CONFIRMED ERR10640052 [near-complete analogue] 4 baits
CONFIRMED ERR10640053 [module-only homology] 1 baits
CONFIRMED ERR10640056 [near-complete analogue] 2 baits
CONFIRMED ERR10640060 [module-only homology] 1 baits
CONFIRMED ERR10640064 [module-only homology] 1 baits
CONFIRMED ERR10640065 [module-only homology] 1 baits
CONFIRMED ERR10640066 [near-complete analogue] 3 baits
CONFIRMED ERR10640067 [near-complete analogue] 3 baits
CONFIRMED ERR10640068 [module-only homology] 1 baits
CONFIRMED ERR10711851 [near-complete analogue] 7 baits
CONFIRMED ERR10711852 [near-complete analogue] 3 baits
CONFIRMED ERR10711855 [near-complete analogue] 2 baits
CONFIRMED ERR10711862 [near-complete analogue] 3 baits
CONFIRMED ERR10711874 [near-complete analogue] 2 baits
CONFIRMED ERR10711876 [near-complete analogue] 2 baits
CONFIRMED ERR10711901 [near-complete analogue] 5 baits
CONFIRMED ERR10711925 [near-complete analogue] 6 baits
CONFIRMED ERR10711927 [near-complete analogue] 3 baits
CONFIRMED ERR10711933 [module-only homology] 1 baits
CONFIRMED ERR10711944 [near-complete analogue] 2 baits
CONFIRMED ERR10711945 [module-only homology] 1 baits
CONFIRMED ERR10711948 [module-only homology] 1 baits
CONFIRMED ERR10712000 [near-complete analogue] 2 baits
CONFIRMED ERR10712012 [junction/synteny supported] 1 baits
CONFIRMED ERR10712028 [near-complete analogue] 10 baits
CONFIRMED ERR10712029 [near-complete analogue] 2 baits
CONFIRMED ERR10712031 [near-complete analogue] 6 baits
CONFIRMED ERR10712043 [near-complete analogue] 5 baits
CONFIRMED ERR10712046 [near-complete analogue] 5 baits
CONFIRMED ERR10712056 [near-complete analogue] 4 baits
CONFIRMED ERR10712058 [near-complete analogue] 5 baits
CONFIRMED ERR10712072 [near-complete analogue] 3 baits
CONFIRMED ERR10712094 [junction/synteny supported] 1 baits
CONFIRMED ERR10712110 [near-complete analogue] 3 baits
CONFIRMED ERR10712115 [module-only homology] 1 baits
CONFIRMED ERR10712116 [near-complete analogue] 3 baits
CONFIRMED ERR10712128 [near-complete analogue] 3 baits
CONFIRMED ERR10712158 [near-complete analogue] 4 baits
CONFIRMED ERR10712163 [module-only homology] 1 baits
CONFIRMED ERR10712167 [near-complete analogue] 3 baits
CONFIRMED ERR10712190 [module-only homology] 1 baits
CONFIRMED ERR10712192 [near-complete analogue] 3 baits
CONFIRMED ERR10712206 [near-complete analogue] 2 baits
CONFIRMED ERR10712246 [junction/synteny supported] 1 baits
CONFIRMED ERR10712273 [near-complete analogue] 7 baits
CONFIRMED ERR10712282 [module-only homology] 1 baits
CONFIRMED ERR10712284 [near-complete analogue] 8 baits
CONFIRMED ERR10712299 [near-complete analogue] 4 baits
CONFIRMED ERR10712300 [near-complete analogue] 3 baits
CONFIRMED ERR10712313 [near-complete analogue] 7 baits
CONFIRMED ERR10712319 [near-complete analogue] 2 baits
CONFIRMED ERR10712325 [module-only homology] 1 baits
CONFIRMED ERR10712334 [module-only homology] 1 baits
CONFIRMED ERR10712354 [near-complete analogue] 3 baits
CONFIRMED ERR10712373 [near-complete analogue] 7 baits
CONFIRMED ERR10712375 [module-only homology] 1 baits
CONFIRMED ERR10712376 [near-complete analogue] 2 baits
CONFIRMED ERR10712389 [near-complete analogue] 2 baits
CONFIRMED ERR10712404 [module-only homology] 1 baits
CONFIRMED ERR10712411 [junction/synteny supported] 1 baits
CONFIRMED ERR1079206 [near-complete analogue] 3 baits
CONFIRMED ERR1079207 [module-only homology] 1 baits
CONFIRMED ERR1079208 [module-only homology] 1 baits
CONFIRMED ERR1079210 [near-complete analogue] 2 baits
CONFIRMED ERR1079211 [module-only homology] 1 baits
CONFIRMED ERR1079212 [module-only homology] 1 baits
CONFIRMED ERR1079213 [near-complete analogue] 5 baits
CONFIRMED ERR1079214 [module-only homology] 1 baits
CONFIRMED ERR1079215 [module-only homology] 1 baits
CONFIRMED ERR1079216 [near-complete analogue] 5 baits
CONFIRMED ERR1079217 [module-only homology] 1 baits
CONFIRMED ERR1079218 [near-complete analogue] 5 baits
CONFIRMED ERR1079219 [near-complete analogue] 5 baits
CONFIRMED ERR10862843 [near-complete analogue] 3 baits
CONFIRMED ERR10862846 [near-complete analogue] 6 baits
CONFIRMED ERR10862849 [module-only homology] 1 baits
CONFIRMED ERR10862852 [near-complete analogue] 3 baits
CONFIRMED ERR10862855 [near-complete analogue] 6 baits
CONFIRMED ERR10862868 [module-only homology] 1 baits
CONFIRMED ERR10862909 [near-complete analogue] 4 baits
CONFIRMED ERR10862928 [near-complete analogue] 2 baits
CONFIRMED ERR10862979 [near-complete analogue] 2 baits
CONFIRMED ERR10862981 [module-only homology] 1 baits
CONFIRMED ERR10862982 [module-only homology] 1 baits
CONFIRMED ERR10862985 [module-only homology] 1 baits
CONFIRMED ERR10913166 [module-only homology] 1 baits
CONFIRMED ERR10913174 [near-complete analogue] 4 baits
CONFIRMED ERR10913176 [module-only homology] 1 baits
CONFIRMED ERR10913181 [junction/synteny supported] 1 baits
CONFIRMED ERR10921087 [module-only homology] 1 baits
CONFIRMED ERR10921093 [near-complete analogue] 2 baits
CONFIRMED ERR10921107 [module-only homology] 1 baits
CONFIRMED ERR10921116 [near-complete analogue] 4 baits
CONFIRMED ERR10921119 [near-complete analogue] 4 baits
CONFIRMED ERR10921121 [near-complete analogue] 4 baits
CONFIRMED ERR10921124 [module-only homology] 1 baits
CONFIRMED ERR10921125 [junction/synteny supported] 1 baits
CONFIRMED ERR10921131 [near-complete analogue] 4 baits
CONFIRMED ERR10921133 [module-only homology] 1 baits
CONFIRMED ERR10921148 [near-complete analogue] 4 baits
CONFIRMED ERR10921151 [near-complete analogue] 4 baits
CONFIRMED ERR10921156 [near-complete analogue] 4 baits
CONFIRMED ERR10921163 [module-only homology] 1 baits
CONFIRMED ERR10934130 [near-complete analogue] 3 baits
CONFIRMED ERR10992766 [near-complete analogue] 2 baits
CONFIRMED ERR10992767 [near-complete analogue] 3 baits
CONFIRMED ERR10992768 [module-only homology] 1 baits
CONFIRMED ERR10992769 [near-complete analogue] 3 baits
CONFIRMED ERR10992770 [near-complete analogue] 4 baits
CONFIRMED ERR10992772 [module-only homology] 1 baits
CONFIRMED ERR10992773 [near-complete analogue] 3 baits
CONFIRMED ERR10992774 [module-only homology] 1 baits
CONFIRMED ERR10992775 [near-complete analogue] 3 baits
CONFIRMED ERR10992777 [near-complete analogue] 3 baits
CONFIRMED ERR10992778 [near-complete analogue] 5 baits
CONFIRMED ERR10992782 [near-complete analogue] 4 baits
CONFIRMED ERR10992783 [module-only homology] 1 baits
CONFIRMED ERR10992784 [module-only homology] 1 baits
CONFIRMED ERR10992786 [near-complete analogue] 6 baits
CONFIRMED ERR10992787 [module-only homology] 1 baits
CONFIRMED ERR10992788 [near-complete analogue] 2 baits
CONFIRMED ERR10992789 [near-complete analogue] 4 baits
CONFIRMED ERR10992790 [near-complete analogue] 2 baits
CONFIRMED ERR10992791 [near-complete analogue] 3 baits
CONFIRMED ERR10992793 [near-complete analogue] 3 baits
CONFIRMED ERR10992794 [near-complete analogue] 3 baits
CONFIRMED ERR10992795 [near-complete analogue] 2 baits
CONFIRMED ERR10992796 [near-complete analogue] 3 baits
CONFIRMED ERR10992797 [near-complete analogue] 2 baits
CONFIRMED ERR10992798 [module-only homology] 1 baits
CONFIRMED ERR10992799 [near-complete analogue] 3 baits
CONFIRMED ERR10992800 [near-complete analogue] 5 baits
CONFIRMED ERR10992801 [module-only homology] 1 baits
CONFIRMED ERR10992802 [near-complete analogue] 2 baits
CONFIRMED ERR10992803 [near-complete analogue] 4 baits
CONFIRMED ERR10992804 [near-complete analogue] 5 baits
CONFIRMED ERR10992805 [module-only homology] 1 baits
CONFIRMED ERR10992806 [near-complete analogue] 3 baits
CONFIRMED ERR10992807 [near-complete analogue] 7 baits
CONFIRMED ERR10992808 [near-complete analogue] 2 baits
CONFIRMED ERR10992809 [module-only homology] 1 baits
CONFIRMED ERR10992810 [module-only homology] 1 baits
CONFIRMED ERR10992811 [near-complete analogue] 2 baits
CONFIRMED ERR10992812 [near-complete analogue] 2 baits
CONFIRMED ERR10992813 [near-complete analogue] 6 baits
CONFIRMED ERR10992814 [near-complete analogue] 2 baits
CONFIRMED ERR10992815 [module-only homology] 1 baits
CONFIRMED ERR10992817 [module-only homology] 1 baits
CONFIRMED ERR10992818 [module-only homology] 1 baits
CONFIRMED ERR10992819 [near-complete analogue] 6 baits
CONFIRMED ERR10992820 [near-complete analogue] 2 baits
CONFIRMED ERR10992821 [near-complete analogue] 7 baits
CONFIRMED ERR10992822 [module-only homology] 1 baits
CONFIRMED ERR11181261 [module-only homology] 1 baits
CONFIRMED ERR11181262 [module-only homology] 1 baits
CONFIRMED ERR11181263 [module-only homology] 1 baits
CONFIRMED ERR11181264 [module-only homology] 1 baits
CONFIRMED ERR11181265 [module-only homology] 1 baits
CONFIRMED ERR11181594 [module-only homology] 1 baits
CONFIRMED ERR11181595 [module-only homology] 1 baits
CONFIRMED ERR11181596 [module-only homology] 1 baits
CONFIRMED ERR11181597 [module-only homology] 1 baits
CONFIRMED ERR11200797 [near-complete analogue] 2 baits
CONFIRMED ERR11812193 [near-complete analogue] 4 baits
CONFIRMED ERR11812516 [module-only homology] 1 baits
CONFIRMED ERR11812672 [near-complete analogue] 4 baits
CONFIRMED ERR11812991 [near-complete analogue] 3 baits
CONFIRMED ERR11813069 [near-complete analogue] 4 baits
CONFIRMED ERR11813555 [module-only homology] 1 baits
CONFIRMED ERR11818510 [near-complete analogue] 3 baits
CONFIRMED ERR11818511 [near-complete analogue] 3 baits
CONFIRMED ERR11840976 [module-only homology] 1 baits
CONFIRMED ERR11841144 [near-complete analogue] 5 baits
CONFIRMED ERR11841701 [module-only homology] 1 baits
CONFIRMED ERR11968320 [near-complete analogue] 4 baits
CONFIRMED ERR11968322 [near-complete analogue] 2 baits
CONFIRMED ERR11968323 [module-only homology] 1 baits
CONFIRMED ERR11968469 [module-only homology] 1 baits
CONFIRMED ERR11968470 [module-only homology] 1 baits
CONFIRMED ERR11968471 [module-only homology] 1 baits
CONFIRMED ERR11968472 [module-only homology] 1 baits
CONFIRMED ERR11968473 [module-only homology] 1 baits
CONFIRMED ERR11968474 [module-only homology] 1 baits
CONFIRMED ERR11968475 [module-only homology] 1 baits
CONFIRMED ERR11968476 [module-only homology] 1 baits
CONFIRMED ERR11968477 [module-only homology] 1 baits
CONFIRMED ERR11968478 [module-only homology] 1 baits
CONFIRMED ERR11968479 [module-only homology] 1 baits
CONFIRMED ERR11968480 [module-only homology] 1 baits
CONFIRMED ERR11968481 [module-only homology] 1 baits
CONFIRMED ERR11968482 [near-complete analogue] 2 baits
CONFIRMED ERR11968483 [module-only homology] 1 baits
CONFIRMED ERR11968484 [module-only homology] 1 baits
CONFIRMED ERR11968485 [module-only homology] 1 baits
CONFIRMED ERR11968486 [near-complete analogue] 2 baits
CONFIRMED ERR12019239 [near-complete analogue] 3 baits
CONFIRMED ERR12019240 [module-only homology] 1 baits
CONFIRMED ERR12019241 [near-complete analogue] 2 baits
CONFIRMED ERR12019242 [module-only homology] 1 baits
CONFIRMED ERR12019243 [module-only homology] 1 baits
CONFIRMED ERR12019244 [module-only homology] 1 baits
CONFIRMED ERR12019246 [module-only homology] 1 baits
CONFIRMED ERR12019247 [near-complete analogue] 3 baits
CONFIRMED ERR12019249 [module-only homology] 1 baits
CONFIRMED ERR12019250 [module-only homology] 1 baits
CONFIRMED ERR12019251 [module-only homology] 1 baits
CONFIRMED ERR12019252 [near-complete analogue] 3 baits
CONFIRMED ERR12019253 [module-only homology] 1 baits
CONFIRMED ERR12019254 [near-complete analogue] 3 baits
CONFIRMED ERR12019256 [near-complete analogue] 3 baits
CONFIRMED ERR12019257 [near-complete analogue] 2 baits
CONFIRMED ERR12019260 [module-only homology] 1 baits
CONFIRMED ERR12019262 [module-only homology] 1 baits
CONFIRMED ERR12019263 [near-complete analogue] 2 baits
CONFIRMED ERR12019264 [near-complete analogue] 3 baits
CONFIRMED ERR12054092 [module-only homology] 1 baits
CONFIRMED ERR12054094 [module-only homology] 1 baits
CONFIRMED ERR12054096 [module-only homology] 1 baits
CONFIRMED ERR12054097 [junction/synteny supported] 1 baits
CONFIRMED ERR12054098 [module-only homology] 1 baits
CONFIRMED ERR12054099 [module-only homology] 1 baits
CONFIRMED ERR12054100 [module-only homology] 1 baits
CONFIRMED ERR12054101 [module-only homology] 1 baits
CONFIRMED ERR12054102 [near-complete analogue] 3 baits
CONFIRMED ERR12054103 [junction/synteny supported] 1 baits
CONFIRMED ERR12054105 [module-only homology] 1 baits
CONFIRMED ERR12054106 [module-only homology] 1 baits
CONFIRMED ERR12054107 [module-only homology] 1 baits
CONFIRMED ERR12054108 [near-complete analogue] 3 baits
CONFIRMED ERR12186877 [near-complete analogue] 2 baits
CONFIRMED ERR12186878 [near-complete analogue] 4 baits
CONFIRMED ERR12186879 [module-only homology] 1 baits
CONFIRMED ERR12186880 [near-complete analogue] 2 baits
CONFIRMED ERR12186881 [module-only homology] 1 baits
CONFIRMED ERR12186882 [module-only homology] 1 baits
CONFIRMED ERR12186883 [module-only homology] 1 baits
CONFIRMED ERR12186884 [module-only homology] 1 baits
CONFIRMED ERR12186885 [near-complete analogue] 2 baits
CONFIRMED ERR12186887 [near-complete analogue] 2 baits
CONFIRMED ERR12186888 [near-complete analogue] 2 baits
CONFIRMED ERR12186889 [near-complete analogue] 2 baits
CONFIRMED ERR12186890 [near-complete analogue] 2 baits
CONFIRMED ERR12186891 [module-only homology] 1 baits
CONFIRMED ERR12186892 [near-complete analogue] 5 baits
CONFIRMED ERR12186893 [near-complete analogue] 3 baits
CONFIRMED ERR12186894 [near-complete analogue] 4 baits
CONFIRMED ERR12186896 [module-only homology] 1 baits
CONFIRMED ERR12186897 [near-complete analogue] 2 baits
CONFIRMED ERR12186898 [module-only homology] 1 baits
CONFIRMED ERR12186899 [near-complete analogue] 4 baits
CONFIRMED ERR12186900 [junction/synteny supported] 1 baits
CONFIRMED ERR12186901 [module-only homology] 1 baits
CONFIRMED ERR12186902 [near-complete analogue] 2 baits
CONFIRMED ERR12186903 [module-only homology] 1 baits
CONFIRMED ERR12186904 [near-complete analogue] 4 baits
CONFIRMED ERR12186905 [near-complete analogue] 2 baits
CONFIRMED ERR12186906 [near-complete analogue] 3 baits
CONFIRMED ERR12186907 [near-complete analogue] 4 baits
CONFIRMED ERR12186908 [near-complete analogue] 5 baits
CONFIRMED ERR12186909 [near-complete analogue] 5 baits
CONFIRMED ERR12186911 [near-complete analogue] 4 baits
CONFIRMED ERR12186912 [near-complete analogue] 3 baits
CONFIRMED ERR12186913 [module-only homology] 1 baits
CONFIRMED ERR12186914 [near-complete analogue] 5 baits
CONFIRMED ERR12186915 [module-only homology] 1 baits
CONFIRMED ERR12246855 [near-complete analogue] 2 baits
CONFIRMED ERR12246857 [near-complete analogue] 4 baits
CONFIRMED ERR12246861 [module-only homology] 1 baits
CONFIRMED ERR12246894 [module-only homology] 1 baits
CONFIRMED ERR12246896 [module-only homology] 1 baits
CONFIRMED ERR12246899 [near-complete analogue] 3 baits
CONFIRMED ERR12246901 [near-complete analogue] 3 baits
CONFIRMED ERR12246915 [near-complete analogue] 2 baits
CONFIRMED ERR12246916 [module-only homology] 1 baits
CONFIRMED ERR12247230 [near-complete analogue] 3 baits
CONFIRMED ERR12249897 [near-complete analogue] 2 baits
CONFIRMED ERR12249899 [module-only homology] 1 baits
CONFIRMED ERR12251483 [module-only homology] 1 baits
CONFIRMED ERR12251487 [near-complete analogue] 2 baits
CONFIRMED ERR12251488 [near-complete analogue] 2 baits
CONFIRMED ERR12251522 [module-only homology] 1 baits
CONFIRMED ERR12251615 [near-complete analogue] 5 baits
CONFIRMED ERR12251617 [module-only homology] 1 baits
CONFIRMED ERR12251620 [module-only homology] 1 baits
CONFIRMED ERR12251623 [near-complete analogue] 3 baits
CONFIRMED ERR12251627 [module-only homology] 1 baits
CONFIRMED ERR12251628 [module-only homology] 1 baits
CONFIRMED ERR12251629 [near-complete analogue] 2 baits
CONFIRMED ERR12251630 [module-only homology] 1 baits
CONFIRMED ERR12251638 [module-only homology] 1 baits
CONFIRMED ERR1229297 [junction/synteny supported] 1 baits
CONFIRMED ERR12331388 [module-only homology] 1 baits
CONFIRMED ERR12331389 [module-only homology] 1 baits
CONFIRMED ERR12331390 [junction/synteny supported] 1 baits
CONFIRMED ERR12331391 [near-complete analogue] 3 baits
CONFIRMED ERR12331392 [near-complete analogue] 2 baits
CONFIRMED ERR12331393 [near-complete analogue] 2 baits
CONFIRMED ERR12331398 [near-complete analogue] 2 baits
CONFIRMED ERR12331400 [module-only homology] 1 baits
CONFIRMED ERR12331404 [near-complete analogue] 8 baits
CONFIRMED ERR12331406 [near-complete analogue] 3 baits
CONFIRMED ERR12331410 [near-complete analogue] 3 baits
CONFIRMED ERR12331413 [near-complete analogue] 2 baits
CONFIRMED ERR12331414 [module-only homology] 1 baits
CONFIRMED ERR12331418 [near-complete analogue] 2 baits
CONFIRMED ERR12331420 [near-complete analogue] 8 baits
CONFIRMED ERR12331423 [module-only homology] 1 baits
CONFIRMED ERR12331424 [near-complete analogue] 2 baits
CONFIRMED ERR12331425 [near-complete analogue] 2 baits
CONFIRMED ERR12331427 [module-only homology] 1 baits
CONFIRMED ERR12331428 [module-only homology] 1 baits
CONFIRMED ERR12331429 [near-complete analogue] 2 baits
CONFIRMED ERR12331431 [module-only homology] 1 baits
CONFIRMED ERR12331432 [near-complete analogue] 2 baits
CONFIRMED ERR12331437 [near-complete analogue] 4 baits
CONFIRMED ERR12331440 [module-only homology] 1 baits
CONFIRMED ERR12331443 [module-only homology] 1 baits
CONFIRMED ERR12331444 [near-complete analogue] 3 baits
CONFIRMED ERR12331445 [near-complete analogue] 2 baits
CONFIRMED ERR12331446 [near-complete analogue] 2 baits
CONFIRMED ERR12331449 [module-only homology] 1 baits
CONFIRMED ERR12331451 [near-complete analogue] 5 baits
CONFIRMED ERR12331453 [near-complete analogue] 2 baits
CONFIRMED ERR12331456 [module-only homology] 1 baits
CONFIRMED ERR12331457 [module-only homology] 1 baits
CONFIRMED ERR12331458 [junction/synteny supported] 1 baits
CONFIRMED ERR12331460 [near-complete analogue] 2 baits
CONFIRMED ERR12331461 [near-complete analogue] 5 baits
CONFIRMED ERR12331462 [near-complete analogue] 4 baits
CONFIRMED ERR12331466 [near-complete analogue] 2 baits
CONFIRMED ERR12331468 [near-complete analogue] 2 baits
CONFIRMED ERR12331470 [module-only homology] 1 baits
CONFIRMED ERR12342456 [near-complete analogue] 2 baits
CONFIRMED ERR12342457 [module-only homology] 1 baits
CONFIRMED ERR12342458 [near-complete analogue] 2 baits
CONFIRMED ERR12342459 [near-complete analogue] 2 baits
CONFIRMED ERR12342464 [module-only homology] 1 baits
CONFIRMED ERR12342465 [near-complete analogue] 2 baits
CONFIRMED ERR12342504 [module-only homology] 1 baits
CONFIRMED ERR12342505 [module-only homology] 1 baits
CONFIRMED ERR12342506 [module-only homology] 1 baits
CONFIRMED ERR12342507 [module-only homology] 1 baits
CONFIRMED ERR12342508 [near-complete analogue] 3 baits
CONFIRMED ERR12342509 [near-complete analogue] 3 baits
CONFIRMED ERR12342515 [module-only homology] 1 baits
CONFIRMED ERR12342516 [module-only homology] 1 baits
CONFIRMED ERR12342520 [near-complete analogue] 4 baits
CONFIRMED ERR12344570 [module-only homology] 1 baits
CONFIRMED ERR12344571 [module-only homology] 1 baits
CONFIRMED ERR12659510 [near-complete analogue] 4 baits
CONFIRMED ERR12659576 [near-complete analogue] 4 baits
CONFIRMED ERR12659577 [near-complete analogue] 4 baits
CONFIRMED ERR12659578 [near-complete analogue] 4 baits
CONFIRMED ERR12659579 [near-complete analogue] 3 baits
CONFIRMED ERR12659580 [near-complete analogue] 4 baits
CONFIRMED ERR12659581 [near-complete analogue] 4 baits
CONFIRMED ERR12659582 [module-only homology] 1 baits
CONFIRMED ERR12662586 [near-complete analogue] 3 baits
CONFIRMED ERR12662587 [near-complete analogue] 3 baits
CONFIRMED ERR12735335 [near-complete analogue] 2 baits
CONFIRMED ERR12735379 [near-complete analogue] 3 baits
CONFIRMED ERR12735405 [module-only homology] 1 baits
CONFIRMED ERR12735429 [module-only homology] 1 baits
CONFIRMED ERR12735471 [near-complete analogue] 4 baits
CONFIRMED ERR12735505 [near-complete analogue] 3 baits
CONFIRMED ERR12735675 [near-complete analogue] 3 baits
CONFIRMED ERR12735691 [near-complete analogue] 3 baits
CONFIRMED ERR12735708 [near-complete analogue] 4 baits
CONFIRMED ERR12735852 [near-complete analogue] 3 baits
CONFIRMED ERR12735879 [near-complete analogue] 2 baits
CONFIRMED ERR12735912 [module-only homology] 1 baits
CONFIRMED ERR12735932 [module-only homology] 1 baits
CONFIRMED ERR12735936 [module-only homology] 1 baits
CONFIRMED ERR1276256 [near-complete analogue] 3 baits
CONFIRMED ERR1276257 [near-complete analogue] 4 baits
CONFIRMED ERR1276258 [near-complete analogue] 2 baits
CONFIRMED ERR1276259 [module-only homology] 1 baits
CONFIRMED ERR1276260 [near-complete analogue] 2 baits
CONFIRMED ERR1276261 [near-complete analogue] 2 baits
CONFIRMED ERR1276262 [near-complete analogue] 2 baits
CONFIRMED ERR1276263 [module-only homology] 1 baits
CONFIRMED ERR1276264 [near-complete analogue] 4 baits
CONFIRMED ERR1276265 [near-complete analogue] 4 baits
CONFIRMED ERR1276266 [near-complete analogue] 4 baits
CONFIRMED ERR1276267 [near-complete analogue] 2 baits
CONFIRMED ERR1276268 [near-complete analogue] 3 baits
CONFIRMED ERR1276269 [near-complete analogue] 4 baits
CONFIRMED ERR1276270 [near-complete analogue] 4 baits
CONFIRMED ERR1276271 [near-complete analogue] 4 baits
CONFIRMED ERR1276272 [near-complete analogue] 4 baits
CONFIRMED ERR1276273 [module-only homology] 1 baits
CONFIRMED ERR1276274 [near-complete analogue] 2 baits
CONFIRMED ERR1276275 [near-complete analogue] 2 baits
CONFIRMED ERR1276276 [near-complete analogue] 4 baits
CONFIRMED ERR1276277 [near-complete analogue] 3 baits
CONFIRMED ERR1276278 [near-complete analogue] 2 baits
CONFIRMED ERR12813217 [near-complete analogue] 4 baits
CONFIRMED ERR12830639 [module-only homology] 1 baits
CONFIRMED ERR12830655 [near-complete analogue] 3 baits
CONFIRMED ERR12863784 [module-only homology] 1 baits
CONFIRMED ERR12863923 [module-only homology] 1 baits
CONFIRMED ERR12863994 [module-only homology] 1 baits
CONFIRMED ERR12864106 [near-complete analogue] 3 baits
CONFIRMED ERR12864360 [junction/synteny supported] 1 baits
CONFIRMED ERR12864403 [module-only homology] 1 baits
CONFIRMED ERR12864504 [near-complete analogue] 3 baits
CONFIRMED ERR12864604 [module-only homology] 1 baits
CONFIRMED ERR12864614 [module-only homology] 1 baits
CONFIRMED ERR12864698 [near-complete analogue] 4 baits
CONFIRMED ERR12945248 [module-only homology] 1 baits
CONFIRMED ERR12945250 [module-only homology] 1 baits
CONFIRMED ERR12945252 [module-only homology] 1 baits
CONFIRMED ERR12945253 [module-only homology] 1 baits
CONFIRMED ERR12945257 [near-complete analogue] 2 baits
CONFIRMED ERR12945258 [module-only homology] 1 baits
CONFIRMED ERR12945259 [module-only homology] 1 baits
CONFIRMED ERR12945260 [module-only homology] 1 baits
CONFIRMED ERR12945261 [near-complete analogue] 3 baits
CONFIRMED ERR12945262 [near-complete analogue] 2 baits
CONFIRMED ERR12945264 [module-only homology] 1 baits
CONFIRMED ERR12945265 [module-only homology] 1 baits
CONFIRMED ERR12945268 [near-complete analogue] 2 baits
CONFIRMED ERR12945269 [near-complete analogue] 2 baits
CONFIRMED ERR12945273 [module-only homology] 1 baits
CONFIRMED ERR12945274 [module-only homology] 1 baits
CONFIRMED ERR12945275 [module-only homology] 1 baits
CONFIRMED ERR12945283 [module-only homology] 1 baits
CONFIRMED ERR12945288 [near-complete analogue] 2 baits
CONFIRMED ERR12948928 [near-complete analogue] 3 baits
CONFIRMED ERR12949003 [module-only homology] 1 baits
CONFIRMED ERR13298013 [module-only homology] 1 baits
CONFIRMED ERR13298014 [module-only homology] 1 baits
CONFIRMED ERR13298015 [near-complete analogue] 2 baits
CONFIRMED ERR13298016 [module-only homology] 1 baits
CONFIRMED ERR13298017 [near-complete analogue] 2 baits
CONFIRMED ERR13298018 [near-complete analogue] 2 baits
CONFIRMED ERR13298019 [near-complete analogue] 2 baits
CONFIRMED ERR13298020 [module-only homology] 1 baits
CONFIRMED ERR13298037 [module-only homology] 1 baits
CONFIRMED ERR13363281 [near-complete analogue] 2 baits
CONFIRMED ERR13363302 [near-complete analogue] 3 baits
CONFIRMED ERR13363303 [module-only homology] 1 baits
CONFIRMED ERR13363304 [module-only homology] 1 baits
CONFIRMED ERR13363306 [module-only homology] 1 baits
CONFIRMED ERR13363307 [module-only homology] 1 baits
CONFIRMED ERR13363629 [near-complete analogue] 2 baits
CONFIRMED ERR13363630 [near-complete analogue] 2 baits
CONFIRMED ERR13363632 [module-only homology] 1 baits
CONFIRMED ERR13363633 [module-only homology] 1 baits
CONFIRMED ERR13363634 [module-only homology] 1 baits
CONFIRMED ERR13363635 [module-only homology] 1 baits
CONFIRMED ERR13482204 [module-only homology] 1 baits
CONFIRMED ERR13482206 [near-complete analogue] 2 baits
CONFIRMED ERR13482211 [near-complete analogue] 2 baits
CONFIRMED ERR13482213 [near-complete analogue] 2 baits
CONFIRMED ERR13482222 [near-complete analogue] 2 baits
CONFIRMED ERR13482238 [near-complete analogue] 3 baits
CONFIRMED ERR13482250 [near-complete analogue] 2 baits
CONFIRMED ERR13482261 [module-only homology] 1 baits
CONFIRMED ERR13482266 [junction/synteny supported] 1 baits
CONFIRMED ERR13482279 [near-complete analogue] 3 baits
CONFIRMED ERR13482283 [junction/synteny supported] 1 baits
CONFIRMED ERR13482294 [near-complete analogue] 4 baits
CONFIRMED ERR13482309 [near-complete analogue] 2 baits
CONFIRMED ERR13482310 [module-only homology] 1 baits
CONFIRMED ERR13482312 [near-complete analogue] 4 baits
CONFIRMED ERR13482313 [near-complete analogue] 4 baits
CONFIRMED ERR13482314 [module-only homology] 1 baits
CONFIRMED ERR13482322 [junction/synteny supported] 1 baits
CONFIRMED ERR13482324 [module-only homology] 1 baits
CONFIRMED ERR13482325 [near-complete analogue] 2 baits
CONFIRMED ERR13482338 [module-only homology] 1 baits
CONFIRMED ERR13482349 [near-complete analogue] 2 baits
CONFIRMED ERR13482351 [near-complete analogue] 2 baits
CONFIRMED ERR13482352 [near-complete analogue] 2 baits
CONFIRMED ERR13482355 [near-complete analogue] 3 baits
CONFIRMED ERR13482362 [module-only homology] 1 baits
CONFIRMED ERR13482363 [near-complete analogue] 2 baits
CONFIRMED ERR13482364 [near-complete analogue] 4 baits
CONFIRMED ERR13482365 [near-complete analogue] 2 baits
CONFIRMED ERR13482366 [module-only homology] 1 baits
CONFIRMED ERR13482367 [module-only homology] 1 baits
CONFIRMED ERR13482379 [near-complete analogue] 4 baits
CONFIRMED ERR13482381 [near-complete analogue] 2 baits
CONFIRMED ERR13482384 [near-complete analogue] 4 baits
CONFIRMED ERR13482387 [near-complete analogue] 2 baits
CONFIRMED ERR13482388 [near-complete analogue] 4 baits
CONFIRMED ERR13482400 [module-only homology] 1 baits
CONFIRMED ERR13482402 [module-only homology] 1 baits
CONFIRMED ERR13482404 [near-complete analogue] 4 baits
CONFIRMED ERR13482407 [near-complete analogue] 2 baits
CONFIRMED ERR13482408 [near-complete analogue] 2 baits
CONFIRMED ERR13482409 [near-complete analogue] 5 baits
CONFIRMED ERR13482411 [near-complete analogue] 4 baits
CONFIRMED ERR13482412 [near-complete analogue] 3 baits
CONFIRMED ERR13482413 [near-complete analogue] 2 baits
CONFIRMED ERR13482420 [module-only homology] 1 baits
CONFIRMED ERR13482432 [near-complete analogue] 2 baits
CONFIRMED ERR13482433 [near-complete analogue] 4 baits
CONFIRMED ERR13482435 [near-complete analogue] 2 baits
CONFIRMED ERR13482440 [near-complete analogue] 2 baits
CONFIRMED ERR13482441 [near-complete analogue] 2 baits
CONFIRMED ERR1359224 [module-only homology] 1 baits
CONFIRMED ERR13620772 [near-complete analogue] 4 baits
CONFIRMED ERR13620802 [module-only homology] 1 baits
CONFIRMED ERR13620810 [module-only homology] 1 baits
CONFIRMED ERR13620825 [module-only homology] 1 baits
CONFIRMED ERR13620872 [module-only homology] 1 baits
CONFIRMED ERR13620874 [module-only homology] 1 baits
CONFIRMED ERR13620912 [near-complete analogue] 2 baits
CONFIRMED ERR13620921 [near-complete analogue] 2 baits
CONFIRMED ERR13620925 [junction/synteny supported] 1 baits
CONFIRMED ERR13620932 [module-only homology] 1 baits
CONFIRMED ERR13620946 [module-only homology] 1 baits
CONFIRMED ERR13620954 [near-complete analogue] 3 baits
CONFIRMED ERR13620967 [module-only homology] 1 baits
CONFIRMED ERR13620973 [near-complete analogue] 2 baits
CONFIRMED ERR13620974 [near-complete analogue] 2 baits
CONFIRMED ERR13620976 [near-complete analogue] 4 baits
CONFIRMED ERR13620997 [near-complete analogue] 2 baits
CONFIRMED ERR13621006 [module-only homology] 1 baits
CONFIRMED ERR13621014 [near-complete analogue] 3 baits
CONFIRMED ERR13621027 [module-only homology] 1 baits
CONFIRMED ERR13621032 [module-only homology] 1 baits
CONFIRMED ERR13621039 [module-only homology] 1 baits
CONFIRMED ERR13621061 [near-complete analogue] 2 baits
CONFIRMED ERR13621072 [near-complete analogue] 3 baits
CONFIRMED ERR13621079 [near-complete analogue] 2 baits
CONFIRMED ERR13621081 [module-only homology] 1 baits
CONFIRMED ERR13621103 [junction/synteny supported] 1 baits
CONFIRMED ERR13621125 [near-complete analogue] 6 baits
CONFIRMED ERR13621126 [near-complete analogue] 2 baits
CONFIRMED ERR13621138 [junction/synteny supported] 1 baits
CONFIRMED ERR13621182 [module-only homology] 1 baits
CONFIRMED ERR13621193 [junction/synteny supported] 1 baits
CONFIRMED ERR13621211 [module-only homology] 1 baits
CONFIRMED ERR13621224 [module-only homology] 1 baits
CONFIRMED ERR13621230 [near-complete analogue] 4 baits
CONFIRMED ERR13621233 [junction/synteny supported] 1 baits
CONFIRMED ERR13621254 [module-only homology] 1 baits
CONFIRMED ERR13621263 [near-complete analogue] 2 baits
CONFIRMED ERR13621282 [near-complete analogue] 5 baits
CONFIRMED ERR13621284 [module-only homology] 1 baits
CONFIRMED ERR13621291 [near-complete analogue] 2 baits
CONFIRMED ERR13621299 [near-complete analogue] 3 baits
CONFIRMED ERR13621318 [module-only homology] 1 baits
CONFIRMED ERR13621356 [near-complete analogue] 2 baits
CONFIRMED ERR13621371 [junction/synteny supported] 1 baits
CONFIRMED ERR1407278 [near-complete analogue] 3 baits
CONFIRMED ERR1407279 [module-only homology] 1 baits
CONFIRMED ERR1407280 [near-complete analogue] 3 baits
CONFIRMED ERR14088897 [near-complete analogue] 2 baits
CONFIRMED ERR14088898 [near-complete analogue] 2 baits
CONFIRMED ERR14088899 [module-only homology] 1 baits
CONFIRMED ERR14088900 [near-complete analogue] 2 baits
CONFIRMED ERR14088901 [module-only homology] 1 baits
CONFIRMED ERR14088902 [near-complete analogue] 3 baits
CONFIRMED ERR14294518 [near-complete analogue] 4 baits
CONFIRMED ERR14693796 [near-complete analogue] 3 baits
CONFIRMED ERR14700159 [module-only homology] 1 baits
CONFIRMED ERR14707587 [module-only homology] 1 baits
CONFIRMED ERR14707589 [near-complete analogue] 2 baits
CONFIRMED ERR14707590 [module-only homology] 1 baits
CONFIRMED ERR14707616 [module-only homology] 1 baits
CONFIRMED ERR14707617 [junction/synteny supported] 1 baits
CONFIRMED ERR14707619 [module-only homology] 1 baits
CONFIRMED ERR1474546 [near-complete analogue] 4 baits
CONFIRMED ERR14882587 [junction/synteny supported] 1 baits
CONFIRMED ERR14883044 [junction/synteny supported] 1 baits
CONFIRMED ERR14884509 [junction/synteny supported] 1 baits
CONFIRMED ERR14886226 [junction/synteny supported] 1 baits
CONFIRMED ERR15137662 [module-only homology] 1 baits
CONFIRMED ERR15207043 [module-only homology] 1 baits
CONFIRMED ERR15207045 [module-only homology] 1 baits
CONFIRMED ERR15207047 [module-only homology] 1 baits
CONFIRMED ERR15207048 [module-only homology] 1 baits
CONFIRMED ERR15207049 [module-only homology] 1 baits
CONFIRMED ERR15207050 [module-only homology] 1 baits
CONFIRMED ERR15207053 [module-only homology] 1 baits
CONFIRMED ERR15207056 [module-only homology] 1 baits
CONFIRMED ERR15207059 [module-only homology] 1 baits
CONFIRMED ERR15207060 [module-only homology] 1 baits
CONFIRMED ERR15207061 [module-only homology] 1 baits
CONFIRMED ERR15207063 [module-only homology] 1 baits
CONFIRMED ERR15207067 [module-only homology] 1 baits
CONFIRMED ERR15207068 [module-only homology] 1 baits
CONFIRMED ERR15207069 [module-only homology] 1 baits
CONFIRMED ERR15207072 [module-only homology] 1 baits
CONFIRMED ERR15207073 [module-only homology] 1 baits
CONFIRMED ERR15207075 [module-only homology] 1 baits
CONFIRMED ERR15207076 [module-only homology] 1 baits
CONFIRMED ERR15207077 [module-only homology] 1 baits
CONFIRMED ERR15207079 [near-complete analogue] 3 baits
CONFIRMED ERR15207080 [module-only homology] 1 baits
CONFIRMED ERR15207081 [module-only homology] 1 baits
CONFIRMED ERR15207082 [module-only homology] 1 baits
CONFIRMED ERR15207083 [module-only homology] 1 baits
CONFIRMED ERR15207084 [module-only homology] 1 baits
CONFIRMED ERR15207086 [module-only homology] 1 baits
CONFIRMED ERR15207088 [module-only homology] 1 baits
CONFIRMED ERR15207093 [module-only homology] 1 baits
CONFIRMED ERR15207094 [module-only homology] 1 baits
CONFIRMED ERR15207095 [module-only homology] 1 baits
CONFIRMED ERR15207097 [module-only homology] 1 baits
CONFIRMED ERR15207098 [module-only homology] 1 baits
CONFIRMED ERR15207099 [module-only homology] 1 baits
CONFIRMED ERR15207100 [module-only homology] 1 baits
CONFIRMED ERR15207102 [module-only homology] 1 baits
CONFIRMED ERR15207103 [near-complete analogue] 4 baits
CONFIRMED ERR15207104 [module-only homology] 1 baits
CONFIRMED ERR15207105 [near-complete analogue] 3 baits
CONFIRMED ERR15207107 [module-only homology] 1 baits
CONFIRMED ERR15207110 [module-only homology] 1 baits
CONFIRMED ERR15207111 [module-only homology] 1 baits
CONFIRMED ERR15207115 [module-only homology] 1 baits
CONFIRMED ERR15207117 [module-only homology] 1 baits
CONFIRMED ERR15207119 [module-only homology] 1 baits
CONFIRMED ERR15207120 [module-only homology] 1 baits
CONFIRMED ERR15207123 [module-only homology] 1 baits
CONFIRMED ERR15242858 [near-complete analogue] 2 baits
CONFIRMED ERR15242859 [module-only homology] 1 baits
CONFIRMED ERR15242863 [near-complete analogue] 3 baits
CONFIRMED ERR15242864 [near-complete analogue] 5 baits
CONFIRMED ERR15242866 [near-complete analogue] 5 baits
CONFIRMED ERR15242868 [near-complete analogue] 2 baits
CONFIRMED ERR15242874 [near-complete analogue] 2 baits
CONFIRMED ERR15242876 [near-complete analogue] 2 baits
CONFIRMED ERR15242878 [module-only homology] 1 baits
CONFIRMED ERR15242883 [module-only homology] 1 baits
CONFIRMED ERR15242891 [near-complete analogue] 3 baits
CONFIRMED ERR15242895 [module-only homology] 1 baits
CONFIRMED ERR15242897 [near-complete analogue] 2 baits
CONFIRMED ERR15242899 [near-complete analogue] 3 baits
CONFIRMED ERR15242900 [module-only homology] 1 baits
CONFIRMED ERR15242902 [near-complete analogue] 3 baits
CONFIRMED ERR15242903 [near-complete analogue] 3 baits
CONFIRMED ERR15242904 [module-only homology] 1 baits
CONFIRMED ERR15242906 [module-only homology] 1 baits
CONFIRMED ERR15242907 [module-only homology] 1 baits
CONFIRMED ERR15242910 [module-only homology] 1 baits
CONFIRMED ERR15242912 [near-complete analogue] 3 baits
CONFIRMED ERR15242914 [near-complete analogue] 2 baits
CONFIRMED ERR15422787 [near-complete analogue] 3 baits
CONFIRMED ERR15422799 [module-only homology] 1 baits
CONFIRMED ERR15422800 [near-complete analogue] 4 baits
CONFIRMED ERR15422803 [module-only homology] 1 baits
CONFIRMED ERR15422817 [module-only homology] 1 baits
CONFIRMED ERR15422824 [near-complete analogue] 3 baits
CONFIRMED ERR15422828 [module-only homology] 1 baits
CONFIRMED ERR15422845 [module-only homology] 1 baits
CONFIRMED ERR15422846 [module-only homology] 1 baits
CONFIRMED ERR15422847 [module-only homology] 1 baits
CONFIRMED ERR15422849 [module-only homology] 1 baits
CONFIRMED ERR15422851 [module-only homology] 1 baits
CONFIRMED ERR15422853 [near-complete analogue] 6 baits
CONFIRMED ERR15422858 [near-complete analogue] 7 baits
CONFIRMED ERR15422862 [near-complete analogue] 4 baits
CONFIRMED ERR15422866 [module-only homology] 1 baits
CONFIRMED ERR15422877 [module-only homology] 1 baits
CONFIRMED ERR15422879 [near-complete analogue] 3 baits
CONFIRMED ERR15422880 [module-only homology] 1 baits
CONFIRMED ERR15422881 [near-complete analogue] 3 baits
CONFIRMED ERR15422883 [module-only homology] 1 baits
CONFIRMED ERR15422886 [module-only homology] 1 baits
CONFIRMED ERR15422888 [near-complete analogue] 2 baits
CONFIRMED ERR15422890 [near-complete analogue] 4 baits
CONFIRMED ERR15422894 [near-complete analogue] 2 baits
CONFIRMED ERR15422898 [module-only homology] 1 baits
CONFIRMED ERR15422902 [near-complete analogue] 2 baits
CONFIRMED ERR15423275 [near-complete analogue] 4 baits
CONFIRMED ERR15423277 [near-complete analogue] 5 baits
CONFIRMED ERR15423843 [near-complete analogue] 8 baits
CONFIRMED ERR15423877 [module-only homology] 1 baits
CONFIRMED ERR15423970 [junction/synteny supported] 1 baits
CONFIRMED ERR15424147 [near-complete analogue] 3 baits
CONFIRMED ERR15424153 [module-only homology] 1 baits
CONFIRMED ERR15424156 [near-complete analogue] 2 baits
CONFIRMED ERR15424166 [module-only homology] 1 baits
CONFIRMED ERR15424172 [module-only homology] 1 baits
CONFIRMED ERR15424179 [module-only homology] 1 baits
CONFIRMED ERR15424208 [near-complete analogue] 3 baits
CONFIRMED ERR15424211 [near-complete analogue] 8 baits
CONFIRMED ERR15424214 [near-complete analogue] 4 baits
CONFIRMED ERR15424221 [near-complete analogue] 6 baits
CONFIRMED ERR15424222 [near-complete analogue] 3 baits
CONFIRMED ERR15424226 [near-complete analogue] 4 baits
CONFIRMED ERR15424228 [near-complete analogue] 3 baits
CONFIRMED ERR15424232 [module-only homology] 1 baits
CONFIRMED ERR15424439 [near-complete analogue] 3 baits
CONFIRMED ERR15424440 [near-complete analogue] 4 baits
CONFIRMED ERR15424441 [near-complete analogue] 4 baits
CONFIRMED ERR15424444 [module-only homology] 1 baits
CONFIRMED ERR15424445 [near-complete analogue] 2 baits
CONFIRMED ERR15426953 [near-complete analogue] 2 baits
CONFIRMED ERR15426954 [near-complete analogue] 2 baits
CONFIRMED ERR15466627 [module-only homology] 1 baits
CONFIRMED ERR15466628 [module-only homology] 1 baits
CONFIRMED ERR15466632 [near-complete analogue] 2 baits
CONFIRMED ERR15466633 [near-complete analogue] 2 baits
CONFIRMED ERR15466637 [module-only homology] 1 baits
CONFIRMED ERR15466649 [near-complete analogue] 3 baits
CONFIRMED ERR15466650 [module-only homology] 1 baits
CONFIRMED ERR15466652 [near-complete analogue] 2 baits
CONFIRMED ERR15466654 [near-complete analogue] 2 baits
CONFIRMED ERR15466655 [module-only homology] 1 baits
CONFIRMED ERR15466659 [near-complete analogue] 3 baits
CONFIRMED ERR15466662 [module-only homology] 1 baits
CONFIRMED ERR15466663 [near-complete analogue] 3 baits
CONFIRMED ERR15466665 [near-complete analogue] 2 baits
CONFIRMED ERR15466666 [near-complete analogue] 2 baits
CONFIRMED ERR15466669 [near-complete analogue] 3 baits
CONFIRMED ERR15466671 [module-only homology] 1 baits
CONFIRMED ERR15466672 [near-complete analogue] 2 baits
CONFIRMED ERR15466822 [near-complete analogue] 3 baits
CONFIRMED ERR15466823 [module-only homology] 1 baits
CONFIRMED ERR15466827 [near-complete analogue] 2 baits
CONFIRMED ERR15466830 [near-complete analogue] 4 baits
CONFIRMED ERR15466832 [module-only homology] 1 baits
CONFIRMED ERR15466836 [module-only homology] 1 baits
CONFIRMED ERR15466837 [near-complete analogue] 5 baits
CONFIRMED ERR15466839 [module-only homology] 1 baits
CONFIRMED ERR15466842 [module-only homology] 1 baits
CONFIRMED ERR15466843 [near-complete analogue] 2 baits
CONFIRMED ERR15466844 [module-only homology] 1 baits
CONFIRMED ERR15466847 [junction/synteny supported] 1 baits
CONFIRMED ERR15466849 [module-only homology] 1 baits
CONFIRMED ERR15466851 [module-only homology] 1 baits
CONFIRMED ERR15466852 [near-complete analogue] 4 baits
CONFIRMED ERR15466853 [module-only homology] 1 baits
CONFIRMED ERR15466859 [near-complete analogue] 2 baits
CONFIRMED ERR15466862 [near-complete analogue] 4 baits
CONFIRMED ERR15466864 [module-only homology] 1 baits
CONFIRMED ERR15466867 [near-complete analogue] 2 baits
CONFIRMED ERR15466868 [module-only homology] 1 baits
CONFIRMED ERR15466869 [module-only homology] 1 baits
CONFIRMED ERR15466873 [near-complete analogue] 2 baits
CONFIRMED ERR15466875 [module-only homology] 1 baits
CONFIRMED ERR15479743 [module-only homology] 1 baits
CONFIRMED ERR15479768 [module-only homology] 1 baits
CONFIRMED ERR15479772 [near-complete analogue] 2 baits
CONFIRMED ERR15479781 [near-complete analogue] 3 baits
CONFIRMED ERR15479785 [module-only homology] 1 baits
CONFIRMED ERR15479798 [module-only homology] 1 baits
CONFIRMED ERR15479799 [module-only homology] 1 baits
CONFIRMED ERR15516511 [module-only homology] 1 baits
CONFIRMED ERR15521499 [junction/synteny supported] 1 baits
CONFIRMED ERR15531307 [module-only homology] 1 baits
CONFIRMED ERR15531310 [near-complete analogue] 3 baits
CONFIRMED ERR15531311 [near-complete analogue] 3 baits
CONFIRMED ERR15531312 [near-complete analogue] 5 baits
CONFIRMED ERR15531313 [near-complete analogue] 5 baits
CONFIRMED ERR15531314 [near-complete analogue] 5 baits
CONFIRMED ERR15531315 [near-complete analogue] 3 baits
CONFIRMED ERR15531317 [near-complete analogue] 3 baits
CONFIRMED ERR15531318 [junction/synteny supported] 1 baits
CONFIRMED ERR15531319 [near-complete analogue] 5 baits
CONFIRMED ERR15531320 [near-complete analogue] 2 baits
CONFIRMED ERR15531321 [near-complete analogue] 2 baits
CONFIRMED ERR15531322 [near-complete analogue] 2 baits
CONFIRMED ERR15531323 [module-only homology] 1 baits
CONFIRMED ERR15531324 [module-only homology] 1 baits
CONFIRMED ERR15531325 [module-only homology] 1 baits
CONFIRMED ERR15531327 [near-complete analogue] 3 baits
CONFIRMED ERR15531328 [near-complete analogue] 3 baits
CONFIRMED ERR15531329 [module-only homology] 1 baits
CONFIRMED ERR15531330 [near-complete analogue] 2 baits
CONFIRMED ERR15531331 [module-only homology] 1 baits
CONFIRMED ERR15531332 [module-only homology] 1 baits
CONFIRMED ERR15531333 [module-only homology] 1 baits
CONFIRMED ERR15531334 [module-only homology] 1 baits
CONFIRMED ERR15531337 [near-complete analogue] 4 baits
CONFIRMED ERR15531338 [module-only homology] 1 baits
CONFIRMED ERR15531339 [near-complete analogue] 4 baits
CONFIRMED ERR15531340 [module-only homology] 1 baits
CONFIRMED ERR15531341 [junction/synteny supported] 1 baits
CONFIRMED ERR15531342 [junction/synteny supported] 1 baits
CONFIRMED ERR15531343 [near-complete analogue] 3 baits
CONFIRMED ERR15531344 [module-only homology] 1 baits
CONFIRMED ERR15531345 [module-only homology] 1 baits
CONFIRMED ERR15531346 [module-only homology] 1 baits
CONFIRMED ERR15531347 [module-only homology] 1 baits
CONFIRMED ERR15531348 [module-only homology] 1 baits
CONFIRMED ERR15531349 [near-complete analogue] 3 baits
CONFIRMED ERR15531350 [module-only homology] 1 baits
CONFIRMED ERR15531351 [module-only homology] 1 baits
CONFIRMED ERR15531352 [module-only homology] 1 baits
CONFIRMED ERR15531353 [junction/synteny supported] 1 baits
CONFIRMED ERR15531354 [near-complete analogue] 2 baits
CONFIRMED ERR15531355 [module-only homology] 1 baits
CONFIRMED ERR15569418 [near-complete analogue] 2 baits
CONFIRMED ERR1560026 [module-only homology] 1 baits
CONFIRMED ERR1560027 [module-only homology] 1 baits
CONFIRMED ERR1560028 [module-only homology] 1 baits
CONFIRMED ERR1560029 [module-only homology] 1 baits
CONFIRMED ERR1560030 [module-only homology] 1 baits
CONFIRMED ERR1560031 [module-only homology] 1 baits
CONFIRMED ERR1560032 [module-only homology] 1 baits
CONFIRMED ERR1560033 [module-only homology] 1 baits
CONFIRMED ERR1560034 [module-only homology] 1 baits
CONFIRMED ERR1560035 [module-only homology] 1 baits
CONFIRMED ERR1560036 [module-only homology] 1 baits
CONFIRMED ERR1560037 [module-only homology] 1 baits
CONFIRMED ERR1560038 [module-only homology] 1 baits
CONFIRMED ERR1560039 [module-only homology] 1 baits
CONFIRMED ERR1560040 [module-only homology] 1 baits
CONFIRMED ERR1560041 [module-only homology] 1 baits
CONFIRMED ERR15665823 [near-complete analogue] 4 baits
CONFIRMED ERR15665842 [near-complete analogue] 2 baits
CONFIRMED ERR15665849 [near-complete analogue] 2 baits
CONFIRMED ERR15665851 [near-complete analogue] 3 baits
CONFIRMED ERR15665852 [module-only homology] 1 baits
CONFIRMED ERR15665862 [near-complete analogue] 3 baits
CONFIRMED ERR15665867 [module-only homology] 1 baits
CONFIRMED ERR15665868 [module-only homology] 1 baits
CONFIRMED ERR15665871 [near-complete analogue] 6 baits
CONFIRMED ERR15665872 [near-complete analogue] 3 baits
CONFIRMED ERR15665873 [module-only homology] 1 baits
CONFIRMED ERR15665878 [near-complete analogue] 2 baits
CONFIRMED ERR15665881 [module-only homology] 1 baits
CONFIRMED ERR15665900 [module-only homology] 1 baits
CONFIRMED ERR15665901 [near-complete analogue] 2 baits
CONFIRMED ERR15665902 [module-only homology] 1 baits
CONFIRMED ERR15665903 [near-complete analogue] 2 baits
CONFIRMED ERR15665905 [near-complete analogue] 2 baits
CONFIRMED ERR15665915 [near-complete analogue] 4 baits
CONFIRMED ERR15745354 [module-only homology] 1 baits
CONFIRMED ERR15745359 [module-only homology] 1 baits
CONFIRMED ERR15745360 [module-only homology] 1 baits
CONFIRMED ERR15745376 [module-only homology] 1 baits
CONFIRMED ERR15745393 [module-only homology] 1 baits
CONFIRMED ERR15745407 [module-only homology] 1 baits
CONFIRMED ERR15745439 [module-only homology] 1 baits
CONFIRMED ERR15745446 [module-only homology] 1 baits
CONFIRMED ERR15745447 [module-only homology] 1 baits
CONFIRMED ERR15745453 [junction/synteny supported] 1 baits
CONFIRMED ERR15745461 [module-only homology] 1 baits
CONFIRMED ERR15745463 [module-only homology] 1 baits
CONFIRMED ERR15745464 [module-only homology] 1 baits
CONFIRMED ERR15745478 [module-only homology] 1 baits
CONFIRMED ERR15745479 [near-complete analogue] 2 baits
CONFIRMED ERR15745482 [near-complete analogue] 3 baits
CONFIRMED ERR15745484 [near-complete analogue] 2 baits
CONFIRMED ERR15745492 [module-only homology] 1 baits
CONFIRMED ERR15745493 [near-complete analogue] 3 baits
CONFIRMED ERR15745502 [near-complete analogue] 3 baits
CONFIRMED ERR15745506 [near-complete analogue] 3 baits
CONFIRMED ERR15745512 [near-complete analogue] 2 baits
CONFIRMED ERR15745514 [near-complete analogue] 2 baits
CONFIRMED ERR15745521 [near-complete analogue] 2 baits
CONFIRMED ERR15745523 [near-complete analogue] 2 baits
CONFIRMED ERR15745532 [near-complete analogue] 2 baits
CONFIRMED ERR15745541 [near-complete analogue] 2 baits
CONFIRMED ERR15745546 [near-complete analogue] 2 baits
CONFIRMED ERR15745549 [near-complete analogue] 3 baits
CONFIRMED ERR15745561 [junction/synteny supported] 1 baits
CONFIRMED ERR15745562 [junction/synteny supported] 1 baits
CONFIRMED ERR15745569 [near-complete analogue] 3 baits
CONFIRMED ERR15879819 [module-only homology] 1 baits
CONFIRMED ERR16058391 [near-complete analogue] 3 baits
CONFIRMED ERR16058396 [junction/synteny supported] 1 baits
CONFIRMED ERR16058471 [near-complete analogue] 2 baits
CONFIRMED ERR16058505 [near-complete analogue] 2 baits
CONFIRMED ERR16058692 [near-complete analogue] 4 baits
CONFIRMED ERR16058699 [near-complete analogue] 3 baits
CONFIRMED ERR16058743 [near-complete analogue] 4 baits
CONFIRMED ERR16058763 [near-complete analogue] 3 baits
CONFIRMED ERR16058786 [near-complete analogue] 3 baits
CONFIRMED ERR16058791 [near-complete analogue] 2 baits
CONFIRMED ERR1912615 [module-only homology] 1 baits
CONFIRMED ERR1912617 [module-only homology] 1 baits
CONFIRMED ERR1912618 [near-complete analogue] 4 baits
CONFIRMED ERR1912619 [near-complete analogue] 2 baits
CONFIRMED ERR1912620 [module-only homology] 1 baits
CONFIRMED ERR1912621 [module-only homology] 1 baits
CONFIRMED ERR1912623 [module-only homology] 1 baits
CONFIRMED ERR1912624 [near-complete analogue] 2 baits
CONFIRMED ERR1912626 [near-complete analogue] 3 baits
CONFIRMED ERR1912627 [near-complete analogue] 2 baits
CONFIRMED ERR1912628 [module-only homology] 1 baits
CONFIRMED ERR1912629 [near-complete analogue] 2 baits
CONFIRMED ERR1912630 [module-only homology] 1 baits
CONFIRMED ERR1912631 [near-complete analogue] 2 baits
CONFIRMED ERR1912632 [module-only homology] 1 baits
CONFIRMED ERR1912633 [near-complete analogue] 4 baits
CONFIRMED ERR1912634 [near-complete analogue] 3 baits
CONFIRMED ERR1912635 [near-complete analogue] 3 baits
CONFIRMED ERR1912636 [module-only homology] 1 baits
CONFIRMED ERR1912637 [near-complete analogue] 3 baits
CONFIRMED ERR1912638 [module-only homology] 1 baits
CONFIRMED ERR1912639 [module-only homology] 1 baits
CONFIRMED ERR1937837 [module-only homology] 1 baits
CONFIRMED ERR1937838 [module-only homology] 1 baits
CONFIRMED ERR1937840 [near-complete analogue] 4 baits
CONFIRMED ERR1937842 [near-complete analogue] 4 baits
CONFIRMED ERR1937843 [near-complete analogue] 4 baits
CONFIRMED ERR1937844 [near-complete analogue] 2 baits
CONFIRMED ERR1937845 [module-only homology] 1 baits
CONFIRMED ERR1937848 [near-complete analogue] 2 baits
CONFIRMED ERR1937850 [near-complete analogue] 2 baits
CONFIRMED ERR1937851 [near-complete analogue] 4 baits
CONFIRMED ERR1937853 [module-only homology] 1 baits
CONFIRMED ERR1937854 [near-complete analogue] 3 baits
CONFIRMED ERR1937855 [module-only homology] 1 baits
CONFIRMED ERR1937856 [near-complete analogue] 2 baits
CONFIRMED ERR1937858 [near-complete analogue] 3 baits
CONFIRMED ERR1937859 [near-complete analogue] 4 baits
CONFIRMED ERR1937862 [near-complete analogue] 2 baits
CONFIRMED ERR1937863 [near-complete analogue] 2 baits
CONFIRMED ERR1937867 [near-complete analogue] 2 baits
CONFIRMED ERR1937870 [near-complete analogue] 2 baits
CONFIRMED ERR1937871 [module-only homology] 1 baits
CONFIRMED ERR1937872 [near-complete analogue] 4 baits
CONFIRMED ERR1937873 [module-only homology] 1 baits
CONFIRMED ERR1937874 [module-only homology] 1 baits
CONFIRMED ERR1937877 [near-complete analogue] 5 baits
CONFIRMED ERR1937878 [near-complete analogue] 6 baits
CONFIRMED ERR1937881 [near-complete analogue] 3 baits
CONFIRMED ERR1937882 [near-complete analogue] 2 baits
CONFIRMED ERR1937883 [module-only homology] 1 baits
CONFIRMED ERR1937885 [near-complete analogue] 2 baits
CONFIRMED ERR1937886 [near-complete analogue] 6 baits
CONFIRMED ERR1937887 [near-complete analogue] 4 baits
CONFIRMED ERR1937888 [near-complete analogue] 6 baits
CONFIRMED ERR1937889 [module-only homology] 1 baits
CONFIRMED ERR1937891 [near-complete analogue] 6 baits
CONFIRMED ERR1937893 [near-complete analogue] 2 baits
CONFIRMED ERR1937894 [module-only homology] 1 baits
CONFIRMED ERR1937895 [near-complete analogue] 4 baits
CONFIRMED ERR1937896 [near-complete analogue] 3 baits
CONFIRMED ERR1937898 [near-complete analogue] 5 baits
CONFIRMED ERR1937899 [near-complete analogue] 4 baits
CONFIRMED ERR1937901 [module-only homology] 1 baits
CONFIRMED ERR1937902 [near-complete analogue] 4 baits
CONFIRMED ERR1937903 [near-complete analogue] 5 baits
CONFIRMED ERR1937904 [near-complete analogue] 4 baits
CONFIRMED ERR1937907 [near-complete analogue] 2 baits
CONFIRMED ERR1937908 [near-complete analogue] 2 baits
CONFIRMED ERR1937910 [near-complete analogue] 2 baits
CONFIRMED ERR1937911 [module-only homology] 1 baits
CONFIRMED ERR1937913 [near-complete analogue] 2 baits
CONFIRMED ERR1937914 [near-complete analogue] 4 baits
CONFIRMED ERR1937918 [near-complete analogue] 4 baits
CONFIRMED ERR1937924 [near-complete analogue] 5 baits
CONFIRMED ERR1937926 [near-complete analogue] 2 baits
CONFIRMED ERR1937929 [module-only homology] 1 baits
CONFIRMED ERR1937933 [near-complete analogue] 2 baits
CONFIRMED ERR1955595 [module-only homology] 1 baits
CONFIRMED ERR1995411 [module-only homology] 1 baits
CONFIRMED ERR1995413 [near-complete analogue] 2 baits
CONFIRMED ERR1995418 [junction/synteny supported] 1 baits
CONFIRMED ERR1995419 [near-complete analogue] 3 baits
CONFIRMED ERR1995420 [near-complete analogue] 2 baits
CONFIRMED ERR1995422 [near-complete analogue] 2 baits
CONFIRMED ERR1995428 [module-only homology] 1 baits
CONFIRMED ERR1995429 [near-complete analogue] 2 baits
CONFIRMED ERR1995434 [near-complete analogue] 2 baits
CONFIRMED ERR1995435 [junction/synteny supported] 1 baits
CONFIRMED ERR1995439 [module-only homology] 1 baits
CONFIRMED ERR1995440 [module-only homology] 1 baits
CONFIRMED ERR1995447 [module-only homology] 1 baits
CONFIRMED ERR1995449 [module-only homology] 1 baits
CONFIRMED ERR1995453 [module-only homology] 1 baits
CONFIRMED ERR1995454 [near-complete analogue] 2 baits
CONFIRMED ERR1995455 [near-complete analogue] 2 baits
CONFIRMED ERR1995461 [module-only homology] 1 baits
CONFIRMED ERR1995466 [module-only homology] 1 baits
CONFIRMED ERR1995467 [module-only homology] 1 baits
CONFIRMED ERR1995469 [module-only homology] 1 baits
CONFIRMED ERR1995470 [near-complete analogue] 3 baits
CONFIRMED ERR1995471 [module-only homology] 1 baits
CONFIRMED ERR1995472 [module-only homology] 1 baits
CONFIRMED ERR1995477 [module-only homology] 1 baits
CONFIRMED ERR1995478 [near-complete analogue] 3 baits
CONFIRMED ERR1995483 [module-only homology] 1 baits
CONFIRMED ERR1995485 [module-only homology] 1 baits
CONFIRMED ERR1995486 [module-only homology] 1 baits
CONFIRMED ERR1995489 [module-only homology] 1 baits
CONFIRMED ERR1995494 [module-only homology] 1 baits
CONFIRMED ERR1995495 [module-only homology] 1 baits
CONFIRMED ERR1995496 [module-only homology] 1 baits
CONFIRMED ERR1995501 [junction/synteny supported] 1 baits
CONFIRMED ERR2001830 [module-only homology] 1 baits
CONFIRMED ERR2010878 [near-complete analogue] 3 baits
CONFIRMED ERR2010885 [module-only homology] 1 baits
CONFIRMED ERR2010886 [near-complete analogue] 4 baits
CONFIRMED ERR2010887 [near-complete analogue] 3 baits
CONFIRMED ERR2010890 [junction/synteny supported] 1 baits
CONFIRMED ERR2010893 [module-only homology] 1 baits
CONFIRMED ERR2010896 [near-complete analogue] 2 baits
CONFIRMED ERR2010897 [module-only homology] 1 baits
CONFIRMED ERR2010900 [junction/synteny supported] 1 baits
CONFIRMED ERR2010906 [near-complete analogue] 2 baits
CONFIRMED ERR2010908 [module-only homology] 1 baits
CONFIRMED ERR2010909 [module-only homology] 1 baits
CONFIRMED ERR2010912 [module-only homology] 1 baits
CONFIRMED ERR2010917 [near-complete analogue] 2 baits
CONFIRMED ERR2010918 [near-complete analogue] 2 baits
CONFIRMED ERR2010919 [near-complete analogue] 3 baits
CONFIRMED ERR2010920 [near-complete analogue] 2 baits
CONFIRMED ERR2010921 [near-complete analogue] 2 baits
CONFIRMED ERR2010923 [near-complete analogue] 2 baits
CONFIRMED ERR2010925 [module-only homology] 1 baits
CONFIRMED ERR2010926 [near-complete analogue] 2 baits
CONFIRMED ERR2010931 [near-complete analogue] 2 baits
CONFIRMED ERR2010936 [near-complete analogue] 2 baits
CONFIRMED ERR2010937 [near-complete analogue] 2 baits
CONFIRMED ERR2010939 [module-only homology] 1 baits
CONFIRMED ERR2010943 [module-only homology] 1 baits
CONFIRMED ERR2010944 [module-only homology] 1 baits
CONFIRMED ERR2010950 [junction/synteny supported] 1 baits
CONFIRMED ERR2010956 [module-only homology] 1 baits
CONFIRMED ERR2010957 [near-complete analogue] 2 baits
CONFIRMED ERR2010958 [module-only homology] 1 baits
CONFIRMED ERR2010960 [module-only homology] 1 baits
CONFIRMED ERR2010962 [near-complete analogue] 2 baits
CONFIRMED ERR2010978 [module-only homology] 1 baits
CONFIRMED ERR2013707 [module-only homology] 1 baits
CONFIRMED ERR2013708 [module-only homology] 1 baits
CONFIRMED ERR2013712 [module-only homology] 1 baits
CONFIRMED ERR2013713 [module-only homology] 1 baits
CONFIRMED ERR2013719 [near-complete analogue] 2 baits
CONFIRMED ERR2013721 [near-complete analogue] 2 baits
CONFIRMED ERR2019090 [module-only homology] 1 baits
CONFIRMED ERR2019100 [module-only homology] 1 baits
CONFIRMED ERR2019101 [near-complete analogue] 4 baits
CONFIRMED ERR2019102 [near-complete analogue] 2 baits
CONFIRMED ERR2019104 [module-only homology] 1 baits
CONFIRMED ERR2019105 [near-complete analogue] 2 baits
CONFIRMED ERR2019109 [module-only homology] 1 baits
CONFIRMED ERR2019118 [module-only homology] 1 baits
CONFIRMED ERR2019123 [junction/synteny supported] 1 baits
CONFIRMED ERR2019124 [junction/synteny supported] 1 baits
CONFIRMED ERR2019137 [module-only homology] 1 baits
CONFIRMED ERR2019141 [near-complete analogue] 2 baits
CONFIRMED ERR2019148 [module-only homology] 1 baits
CONFIRMED ERR2019149 [module-only homology] 1 baits
CONFIRMED ERR2019151 [module-only homology] 1 baits
CONFIRMED ERR2019159 [near-complete analogue] 4 baits
CONFIRMED ERR2019164 [near-complete analogue] 2 baits
CONFIRMED ERR2019170 [module-only homology] 1 baits
CONFIRMED ERR2019177 [module-only homology] 1 baits
CONFIRMED ERR2019180 [module-only homology] 1 baits
CONFIRMED ERR2019182 [junction/synteny supported] 1 baits
CONFIRMED ERR2019184 [near-complete analogue] 2 baits
CONFIRMED ERR2019190 [module-only homology] 1 baits
CONFIRMED ERR2019192 [near-complete analogue] 2 baits
CONFIRMED ERR2019193 [module-only homology] 1 baits
CONFIRMED ERR2019197 [module-only homology] 1 baits
CONFIRMED ERR2019207 [module-only homology] 1 baits
CONFIRMED ERR2019209 [module-only homology] 1 baits
CONFIRMED ERR2019212 [module-only homology] 1 baits
CONFIRMED ERR2019219 [near-complete analogue] 2 baits
CONFIRMED ERR2019236 [module-only homology] 1 baits
CONFIRMED ERR2019249 [junction/synteny supported] 1 baits
CONFIRMED ERR2019267 [near-complete analogue] 2 baits
CONFIRMED ERR2019269 [near-complete analogue] 3 baits
CONFIRMED ERR2019270 [near-complete analogue] 6 baits
CONFIRMED ERR2023112 [module-only homology] 1 baits
CONFIRMED ERR2088799 [module-only homology] 1 baits
CONFIRMED ERR2097819 [module-only homology] 1 baits
CONFIRMED ERR2146801 [near-complete analogue] 3 baits
CONFIRMED ERR2146805 [module-only homology] 1 baits
CONFIRMED ERR2146806 [module-only homology] 1 baits
CONFIRMED ERR2146807 [module-only homology] 1 baits
CONFIRMED ERR2184786 [near-complete analogue] 4 baits
CONFIRMED ERR2232602 [near-complete analogue] 2 baits
CONFIRMED ERR2232608 [near-complete analogue] 4 baits
CONFIRMED ERR2232610 [near-complete analogue] 2 baits
CONFIRMED ERR2232618 [module-only homology] 1 baits
CONFIRMED ERR2232622 [near-complete analogue] 5 baits
CONFIRMED ERR2232625 [module-only homology] 1 baits
CONFIRMED ERR2232627 [near-complete analogue] 3 baits
CONFIRMED ERR2232630 [near-complete analogue] 2 baits
CONFIRMED ERR2232632 [near-complete analogue] 4 baits
CONFIRMED ERR2232634 [near-complete analogue] 3 baits
CONFIRMED ERR2232638 [module-only homology] 1 baits
CONFIRMED ERR2232641 [junction/synteny supported] 1 baits
CONFIRMED ERR2232643 [near-complete analogue] 2 baits
CONFIRMED ERR2232648 [near-complete analogue] 3 baits
CONFIRMED ERR2232653 [near-complete analogue] 2 baits
CONFIRMED ERR2232655 [near-complete analogue] 2 baits
CONFIRMED ERR2232657 [near-complete analogue] 2 baits
CONFIRMED ERR2232660 [near-complete analogue] 3 baits
CONFIRMED ERR2232663 [near-complete analogue] 4 baits
CONFIRMED ERR2232669 [near-complete analogue] 2 baits
CONFIRMED ERR2232671 [near-complete analogue] 3 baits
CONFIRMED ERR2232672 [near-complete analogue] 2 baits
CONFIRMED ERR2232679 [module-only homology] 1 baits
CONFIRMED ERR2232683 [near-complete analogue] 2 baits
CONFIRMED ERR2232685 [near-complete analogue] 2 baits
CONFIRMED ERR2232687 [near-complete analogue] 2 baits
CONFIRMED ERR2232688 [near-complete analogue] 3 baits
CONFIRMED ERR2232697 [near-complete analogue] 4 baits
CONFIRMED ERR2232709 [near-complete analogue] 2 baits
CONFIRMED ERR2232711 [near-complete analogue] 2 baits
CONFIRMED ERR2232712 [near-complete analogue] 5 baits
CONFIRMED ERR2232715 [module-only homology] 1 baits
CONFIRMED ERR2232718 [near-complete analogue] 2 baits
CONFIRMED ERR2232719 [near-complete analogue] 3 baits
CONFIRMED ERR2232722 [near-complete analogue] 4 baits
CONFIRMED ERR2232723 [near-complete analogue] 2 baits
CONFIRMED ERR2232727 [near-complete analogue] 4 baits
CONFIRMED ERR2232728 [near-complete analogue] 2 baits
CONFIRMED ERR2232729 [near-complete analogue] 5 baits
CONFIRMED ERR2232732 [near-complete analogue] 3 baits
CONFIRMED ERR2232733 [near-complete analogue] 4 baits
CONFIRMED ERR2232734 [near-complete analogue] 3 baits
CONFIRMED ERR2232739 [near-complete analogue] 2 baits
CONFIRMED ERR2232740 [near-complete analogue] 2 baits
CONFIRMED ERR2232741 [near-complete analogue] 4 baits
CONFIRMED ERR2232742 [near-complete analogue] 2 baits
CONFIRMED ERR2232743 [near-complete analogue] 3 baits
CONFIRMED ERR2232744 [near-complete analogue] 3 baits
CONFIRMED ERR2232748 [near-complete analogue] 2 baits
CONFIRMED ERR2232749 [near-complete analogue] 2 baits
CONFIRMED ERR2232750 [near-complete analogue] 3 baits
CONFIRMED ERR2232751 [near-complete analogue] 3 baits
CONFIRMED ERR2232752 [near-complete analogue] 2 baits
CONFIRMED ERR2232754 [near-complete analogue] 2 baits
CONFIRMED ERR2232755 [near-complete analogue] 2 baits
CONFIRMED ERR2232756 [near-complete analogue] 2 baits
CONFIRMED ERR2232757 [near-complete analogue] 3 baits
CONFIRMED ERR2232760 [near-complete analogue] 4 baits
CONFIRMED ERR2232763 [near-complete analogue] 2 baits
CONFIRMED ERR2232764 [near-complete analogue] 2 baits
CONFIRMED ERR2265582 [near-complete analogue] 3 baits
CONFIRMED ERR2265583 [near-complete analogue] 3 baits
CONFIRMED ERR2265584 [near-complete analogue] 4 baits
CONFIRMED ERR2265585 [near-complete analogue] 4 baits
CONFIRMED ERR230397 [module-only homology] 1 baits
CONFIRMED ERR230450 [near-complete analogue] 2 baits
CONFIRMED ERR2632193 [near-complete analogue] 3 baits
CONFIRMED ERR2632196 [near-complete analogue] 2 baits
CONFIRMED ERR2632198 [near-complete analogue] 3 baits
CONFIRMED ERR2632201 [junction/synteny supported] 1 baits
CONFIRMED ERR2632202 [near-complete analogue] 4 baits
CONFIRMED ERR2632206 [module-only homology] 1 baits
CONFIRMED ERR2632213 [module-only homology] 1 baits
CONFIRMED ERR2632214 [junction/synteny supported] 1 baits
CONFIRMED ERR2632216 [module-only homology] 1 baits
CONFIRMED ERR2632218 [near-complete analogue] 2 baits
CONFIRMED ERR2632221 [near-complete analogue] 2 baits
CONFIRMED ERR2632222 [near-complete analogue] 2 baits
CONFIRMED ERR2632223 [module-only homology] 1 baits
CONFIRMED ERR2632224 [near-complete analogue] 2 baits
CONFIRMED ERR2632225 [near-complete analogue] 2 baits
CONFIRMED ERR2632227 [near-complete analogue] 2 baits
CONFIRMED ERR2632230 [module-only homology] 1 baits
CONFIRMED ERR2632231 [module-only homology] 1 baits
CONFIRMED ERR2632233 [near-complete analogue] 3 baits
CONFIRMED ERR2642354 [near-complete analogue] 5 baits
CONFIRMED ERR2680426 [near-complete analogue] 4 baits
CONFIRMED ERR2680427 [near-complete analogue] 4 baits
CONFIRMED ERR2680428 [near-complete analogue] 2 baits
CONFIRMED ERR2680429 [near-complete analogue] 2 baits
CONFIRMED ERR2680430 [near-complete analogue] 4 baits
CONFIRMED ERR2680431 [module-only homology] 1 baits
CONFIRMED ERR2680432 [near-complete analogue] 2 baits
CONFIRMED ERR2680434 [near-complete analogue] 2 baits
CONFIRMED ERR2681678 [near-complete analogue] 3 baits
CONFIRMED ERR2681679 [near-complete analogue] 4 baits
CONFIRMED ERR2681680 [near-complete analogue] 2 baits
CONFIRMED ERR2681681 [near-complete analogue] 2 baits
CONFIRMED ERR2681685 [module-only homology] 1 baits
CONFIRMED ERR2681686 [near-complete analogue] 3 baits
CONFIRMED ERR2740769 [near-complete analogue] 4 baits
CONFIRMED ERR2740770 [near-complete analogue] 4 baits
CONFIRMED ERR2740771 [module-only homology] 1 baits
CONFIRMED ERR2740772 [module-only homology] 1 baits
CONFIRMED ERR2740773 [module-only homology] 1 baits
CONFIRMED ERR2740774 [near-complete analogue] 4 baits
CONFIRMED ERR2740776 [near-complete analogue] 4 baits
CONFIRMED ERR2740777 [near-complete analogue] 4 baits
CONFIRMED ERR2740778 [near-complete analogue] 3 baits
CONFIRMED ERR2740779 [near-complete analogue] 4 baits
CONFIRMED ERR2740780 [module-only homology] 1 baits
CONFIRMED ERR2740781 [near-complete analogue] 4 baits
CONFIRMED ERR2740782 [module-only homology] 1 baits
CONFIRMED ERR2740783 [module-only homology] 1 baits
CONFIRMED ERR2740784 [near-complete analogue] 4 baits
CONFIRMED ERR2740785 [near-complete analogue] 3 baits
CONFIRMED ERR2740786 [near-complete analogue] 3 baits
CONFIRMED ERR2740787 [near-complete analogue] 4 baits
CONFIRMED ERR2754043 [near-complete analogue] 4 baits
CONFIRMED ERR2754044 [near-complete analogue] 4 baits
CONFIRMED ERR279204 [near-complete analogue] 2 baits
CONFIRMED ERR279206 [near-complete analogue] 2 baits
CONFIRMED ERR279251 [near-complete analogue] 2 baits
CONFIRMED ERR279253 [near-complete analogue] 2 baits
CONFIRMED ERR279257 [near-complete analogue] 2 baits
CONFIRMED ERR279269 [near-complete analogue] 2 baits
CONFIRMED ERR2812325 [module-only homology] 1 baits
CONFIRMED ERR2817244 [module-only homology] 1 baits
CONFIRMED ERR2817250 [module-only homology] 1 baits
CONFIRMED ERR2817252 [module-only homology] 1 baits
CONFIRMED ERR2820183 [module-only homology] 1 baits
CONFIRMED ERR2820196 [near-complete analogue] 2 baits
CONFIRMED ERR3097840 [module-only homology] 1 baits
CONFIRMED ERR3097841 [near-complete analogue] 2 baits
CONFIRMED ERR3097842 [module-only homology] 1 baits
CONFIRMED ERR3097843 [junction/synteny supported] 1 baits
CONFIRMED ERR3097846 [module-only homology] 1 baits
CONFIRMED ERR3097849 [module-only homology] 1 baits
CONFIRMED ERR3097851 [module-only homology] 1 baits
CONFIRMED ERR3097853 [module-only homology] 1 baits
CONFIRMED ERR3097854 [module-only homology] 1 baits
CONFIRMED ERR3097855 [near-complete analogue] 2 baits
CONFIRMED ERR3097856 [module-only homology] 1 baits
CONFIRMED ERR3097858 [module-only homology] 1 baits
CONFIRMED ERR3097859 [near-complete analogue] 2 baits
CONFIRMED ERR3097861 [near-complete analogue] 2 baits
CONFIRMED ERR3097864 [near-complete analogue] 2 baits
CONFIRMED ERR3097866 [module-only homology] 1 baits
CONFIRMED ERR3097867 [near-complete analogue] 2 baits
CONFIRMED ERR3097868 [module-only homology] 1 baits
CONFIRMED ERR3097869 [module-only homology] 1 baits
CONFIRMED ERR3097870 [junction/synteny supported] 1 baits
CONFIRMED ERR3097871 [module-only homology] 1 baits
CONFIRMED ERR3097872 [module-only homology] 1 baits
CONFIRMED ERR3097873 [junction/synteny supported] 1 baits
CONFIRMED ERR3097874 [junction/synteny supported] 1 baits
CONFIRMED ERR3097875 [module-only homology] 1 baits
CONFIRMED ERR3097878 [module-only homology] 1 baits
CONFIRMED ERR314309 [near-complete analogue] 2 baits
CONFIRMED ERR314310 [near-complete analogue] 3 baits
CONFIRMED ERR314331 [near-complete analogue] 3 baits
CONFIRMED ERR314332 [near-complete analogue] 3 baits
CONFIRMED ERR314339 [near-complete analogue] 3 baits
CONFIRMED ERR314349 [near-complete analogue] 3 baits
CONFIRMED ERR314386 [module-only homology] 1 baits
CONFIRMED ERR314389 [near-complete analogue] 5 baits
CONFIRMED ERR314391 [module-only homology] 1 baits
CONFIRMED ERR314392 [near-complete analogue] 2 baits
CONFIRMED ERR314394 [near-complete analogue] 2 baits
CONFIRMED ERR316950 [near-complete analogue] 4 baits
CONFIRMED ERR316952 [junction/synteny supported] 1 baits
CONFIRMED ERR316957 [near-complete analogue] 4 baits
CONFIRMED ERR316999 [near-complete analogue] 4 baits
CONFIRMED ERR317001 [near-complete analogue] 3 baits
CONFIRMED ERR317008 [near-complete analogue] 4 baits
CONFIRMED ERR3317606 [module-only homology] 1 baits
CONFIRMED ERR3317608 [module-only homology] 1 baits
CONFIRMED ERR3317611 [near-complete analogue] 2 baits
CONFIRMED ERR3317613 [near-complete analogue] 5 baits
CONFIRMED ERR3317620 [near-complete analogue] 2 baits
CONFIRMED ERR3317621 [module-only homology] 1 baits
CONFIRMED ERR3317622 [near-complete analogue] 4 baits
CONFIRMED ERR3317626 [module-only homology] 1 baits
CONFIRMED ERR3317627 [module-only homology] 1 baits
CONFIRMED ERR3317633 [module-only homology] 1 baits
CONFIRMED ERR3317636 [near-complete analogue] 6 baits
CONFIRMED ERR3317639 [module-only homology] 1 baits
CONFIRMED ERR3317641 [module-only homology] 1 baits
CONFIRMED ERR3317642 [near-complete analogue] 2 baits
CONFIRMED ERR3317644 [near-complete analogue] 2 baits
CONFIRMED ERR3317646 [near-complete analogue] 2 baits
CONFIRMED ERR3317649 [near-complete analogue] 2 baits
CONFIRMED ERR3317650 [near-complete analogue] 3 baits
CONFIRMED ERR3317652 [near-complete analogue] 2 baits
CONFIRMED ERR3317656 [module-only homology] 1 baits
CONFIRMED ERR3317659 [near-complete analogue] 2 baits
CONFIRMED ERR3317662 [near-complete analogue] 3 baits
CONFIRMED ERR3317663 [near-complete analogue] 2 baits
CONFIRMED ERR3317664 [near-complete analogue] 4 baits
CONFIRMED ERR3317666 [near-complete analogue] 3 baits
CONFIRMED ERR3317667 [module-only homology] 1 baits
CONFIRMED ERR3317668 [module-only homology] 1 baits
CONFIRMED ERR3317670 [near-complete analogue] 3 baits
CONFIRMED ERR3317677 [near-complete analogue] 2 baits
CONFIRMED ERR3317681 [near-complete analogue] 2 baits
CONFIRMED ERR3317682 [module-only homology] 1 baits
CONFIRMED ERR3317689 [near-complete analogue] 3 baits
CONFIRMED ERR3317691 [near-complete analogue] 2 baits
CONFIRMED ERR3317696 [near-complete analogue] 3 baits
CONFIRMED ERR3317698 [near-complete analogue] 3 baits
CONFIRMED ERR3331253 [near-complete analogue] 2 baits
CONFIRMED ERR3331254 [near-complete analogue] 2 baits
CONFIRMED ERR3331255 [near-complete analogue] 2 baits
CONFIRMED ERR3331256 [near-complete analogue] 2 baits
CONFIRMED ERR3331257 [near-complete analogue] 3 baits
CONFIRMED ERR3331258 [near-complete analogue] 2 baits
CONFIRMED ERR3331259 [near-complete analogue] 2 baits
CONFIRMED ERR3331260 [near-complete analogue] 2 baits
CONFIRMED ERR3331261 [near-complete analogue] 2 baits
CONFIRMED ERR3331262 [near-complete analogue] 2 baits
CONFIRMED ERR3331263 [near-complete analogue] 2 baits
CONFIRMED ERR3331264 [near-complete analogue] 2 baits
CONFIRMED ERR3331265 [near-complete analogue] 2 baits
CONFIRMED ERR3331266 [module-only homology] 1 baits
CONFIRMED ERR3331267 [module-only homology] 1 baits
CONFIRMED ERR3331268 [module-only homology] 1 baits
CONFIRMED ERR3331269 [module-only homology] 1 baits
CONFIRMED ERR3331270 [module-only homology] 1 baits
CONFIRMED ERR3331271 [module-only homology] 1 baits
CONFIRMED ERR3331272 [module-only homology] 1 baits
CONFIRMED ERR3331273 [module-only homology] 1 baits
CONFIRMED ERR3331274 [module-only homology] 1 baits
CONFIRMED ERR3331275 [module-only homology] 1 baits
CONFIRMED ERR3331276 [module-only homology] 1 baits
CONFIRMED ERR3331277 [module-only homology] 1 baits
CONFIRMED ERR3393043 [module-only homology] 1 baits
CONFIRMED ERR3393046 [module-only homology] 1 baits
CONFIRMED ERR3393052 [module-only homology] 1 baits
CONFIRMED ERR3393110 [module-only homology] 1 baits
CONFIRMED ERR3393116 [near-complete analogue] 3 baits
CONFIRMED ERR3393145 [near-complete analogue] 4 baits
CONFIRMED ERR3393150 [near-complete analogue] 2 baits
CONFIRMED ERR3393151 [junction/synteny supported] 1 baits
CONFIRMED ERR3393178 [module-only homology] 1 baits
CONFIRMED ERR3393196 [module-only homology] 1 baits
CONFIRMED ERR3393219 [near-complete analogue] 2 baits
CONFIRMED ERR3393225 [module-only homology] 1 baits
CONFIRMED ERR3393231 [near-complete analogue] 2 baits
CONFIRMED ERR3393238 [module-only homology] 1 baits
CONFIRMED ERR3393245 [junction/synteny supported] 1 baits
CONFIRMED ERR3393249 [junction/synteny supported] 1 baits
CONFIRMED ERR3393267 [module-only homology] 1 baits
CONFIRMED ERR3393270 [near-complete analogue] 2 baits
CONFIRMED ERR3393274 [near-complete analogue] 2 baits
CONFIRMED ERR3393289 [module-only homology] 1 baits
CONFIRMED ERR3393305 [module-only homology] 1 baits
CONFIRMED ERR3393318 [near-complete analogue] 2 baits
CONFIRMED ERR3393319 [module-only homology] 1 baits
CONFIRMED ERR3393333 [module-only homology] 1 baits
CONFIRMED ERR3393339 [module-only homology] 1 baits
CONFIRMED ERR3393352 [module-only homology] 1 baits
CONFIRMED ERR3393354 [module-only homology] 1 baits
CONFIRMED ERR3393365 [near-complete analogue] 4 baits
CONFIRMED ERR3393421 [near-complete analogue] 2 baits
CONFIRMED ERR3500697 [module-only homology] 1 baits
CONFIRMED ERR3500698 [module-only homology] 1 baits
CONFIRMED ERR3500699 [module-only homology] 1 baits
CONFIRMED ERR3500700 [module-only homology] 1 baits
CONFIRMED ERR3500701 [module-only homology] 1 baits
CONFIRMED ERR3500702 [module-only homology] 1 baits
CONFIRMED ERR3500703 [module-only homology] 1 baits
CONFIRMED ERR3500704 [module-only homology] 1 baits
CONFIRMED ERR3500705 [module-only homology] 1 baits
CONFIRMED ERR3500706 [module-only homology] 1 baits
CONFIRMED ERR3500707 [module-only homology] 1 baits
CONFIRMED ERR3500708 [module-only homology] 1 baits
CONFIRMED ERR3500709 [module-only homology] 1 baits
CONFIRMED ERR3500710 [module-only homology] 1 baits
CONFIRMED ERR3500711 [module-only homology] 1 baits
CONFIRMED ERR3500712 [module-only homology] 1 baits
CONFIRMED ERR3500713 [module-only homology] 1 baits
CONFIRMED ERR3500714 [module-only homology] 1 baits
CONFIRMED ERR3500715 [module-only homology] 1 baits
CONFIRMED ERR3500716 [module-only homology] 1 baits
CONFIRMED ERR3500717 [module-only homology] 1 baits
CONFIRMED ERR3500718 [module-only homology] 1 baits
CONFIRMED ERR3500719 [module-only homology] 1 baits
CONFIRMED ERR3500720 [module-only homology] 1 baits
CONFIRMED ERR3500721 [module-only homology] 1 baits
CONFIRMED ERR3500722 [near-complete analogue] 2 baits
CONFIRMED ERR3500723 [near-complete analogue] 2 baits
CONFIRMED ERR3500725 [near-complete analogue] 2 baits
CONFIRMED ERR3500726 [near-complete analogue] 2 baits
CONFIRMED ERR3500727 [near-complete analogue] 2 baits
CONFIRMED ERR3500728 [near-complete analogue] 2 baits
CONFIRMED ERR3500729 [near-complete analogue] 2 baits
CONFIRMED ERR3500730 [near-complete analogue] 2 baits
CONFIRMED ERR3500731 [near-complete analogue] 2 baits
CONFIRMED ERR3500732 [near-complete analogue] 2 baits
CONFIRMED ERR3500733 [near-complete analogue] 2 baits
CONFIRMED ERR3500734 [near-complete analogue] 2 baits
CONFIRMED ERR3500735 [near-complete analogue] 2 baits
CONFIRMED ERR3500736 [near-complete analogue] 2 baits
CONFIRMED ERR3500737 [near-complete analogue] 2 baits
CONFIRMED ERR3500738 [near-complete analogue] 2 baits
CONFIRMED ERR3500739 [near-complete analogue] 2 baits
CONFIRMED ERR3500740 [near-complete analogue] 2 baits
CONFIRMED ERR3515821 [near-complete analogue] 3 baits
CONFIRMED ERR3515822 [near-complete analogue] 2 baits
CONFIRMED ERR3515823 [near-complete analogue] 2 baits
CONFIRMED ERR3515825 [module-only homology] 1 baits
CONFIRMED ERR3515826 [near-complete analogue] 2 baits
CONFIRMED ERR3515827 [module-only homology] 1 baits
CONFIRMED ERR3515828 [module-only homology] 1 baits
CONFIRMED ERR3515829 [near-complete analogue] 2 baits
CONFIRMED ERR3515831 [module-only homology] 1 baits
CONFIRMED ERR3515832 [module-only homology] 1 baits
CONFIRMED ERR3515833 [module-only homology] 1 baits
CONFIRMED ERR3515834 [module-only homology] 1 baits
CONFIRMED ERR3515835 [module-only homology] 1 baits
CONFIRMED ERR3515836 [module-only homology] 1 baits
CONFIRMED ERR3515837 [module-only homology] 1 baits
CONFIRMED ERR3515838 [module-only homology] 1 baits
CONFIRMED ERR3515839 [module-only homology] 1 baits
CONFIRMED ERR3548401 [module-only homology] 1 baits
CONFIRMED ERR3550078 [module-only homology] 1 baits
CONFIRMED ERR3550079 [module-only homology] 1 baits
CONFIRMED ERR3580750 [near-complete analogue] 4 baits
CONFIRMED ERR361023 [near-complete analogue] 2 baits
CONFIRMED ERR361024 [near-complete analogue] 4 baits
CONFIRMED ERR361025 [near-complete analogue] 3 baits
CONFIRMED ERR361026 [module-only homology] 1 baits
CONFIRMED ERR361028 [near-complete analogue] 3 baits
CONFIRMED ERR361029 [near-complete analogue] 6 baits
CONFIRMED ERR361030 [module-only homology] 1 baits
CONFIRMED ERR361031 [module-only homology] 1 baits
CONFIRMED ERR361032 [module-only homology] 1 baits
CONFIRMED ERR361033 [near-complete analogue] 3 baits
CONFIRMED ERR3654333 [near-complete analogue] 2 baits
CONFIRMED ERR3654334 [module-only homology] 1 baits
CONFIRMED ERR3712371 [near-complete analogue] 2 baits
CONFIRMED ERR3712440 [module-only homology] 1 baits
CONFIRMED ERR3712445 [module-only homology] 1 baits
CONFIRMED ERR3712465 [module-only homology] 1 baits
CONFIRMED ERR3712479 [near-complete analogue] 2 baits
CONFIRMED ERR3712480 [near-complete analogue] 2 baits
CONFIRMED ERR3712490 [module-only homology] 1 baits
CONFIRMED ERR3712504 [near-complete analogue] 2 baits
CONFIRMED ERR3712525 [junction/synteny supported] 1 baits
CONFIRMED ERR3712547 [near-complete analogue] 2 baits
CONFIRMED ERR3712556 [junction/synteny supported] 1 baits
CONFIRMED ERR3712571 [near-complete analogue] 2 baits
CONFIRMED ERR3712603 [near-complete analogue] 4 baits
CONFIRMED ERR3712639 [near-complete analogue] 3 baits
CONFIRMED ERR3712654 [module-only homology] 1 baits
CONFIRMED ERR3712673 [near-complete analogue] 2 baits
CONFIRMED ERR3712694 [near-complete analogue] 2 baits
CONFIRMED ERR3712707 [module-only homology] 1 baits
CONFIRMED ERR3712723 [module-only homology] 1 baits
CONFIRMED ERR3712745 [module-only homology] 1 baits
CONFIRMED ERR3712770 [near-complete analogue] 8 baits
CONFIRMED ERR3712773 [near-complete analogue] 2 baits
CONFIRMED ERR3712779 [near-complete analogue] 4 baits
CONFIRMED ERR3712812 [module-only homology] 1 baits
CONFIRMED ERR3712828 [near-complete analogue] 2 baits
CONFIRMED ERR3712841 [near-complete analogue] 2 baits
CONFIRMED ERR3712842 [module-only homology] 1 baits
CONFIRMED ERR3712854 [module-only homology] 1 baits
CONFIRMED ERR3712880 [module-only homology] 1 baits
CONFIRMED ERR3712896 [near-complete analogue] 5 baits
CONFIRMED ERR3712911 [near-complete analogue] 3 baits
CONFIRMED ERR3712938 [junction/synteny supported] 1 baits
CONFIRMED ERR3712945 [near-complete analogue] 2 baits
CONFIRMED ERR3712960 [near-complete analogue] 3 baits
CONFIRMED ERR3712988 [near-complete analogue] 3 baits
CONFIRMED ERR3713039 [near-complete analogue] 2 baits
CONFIRMED ERR3713064 [module-only homology] 1 baits
CONFIRMED ERR3713116 [module-only homology] 1 baits
CONFIRMED ERR3713125 [module-only homology] 1 baits
CONFIRMED ERR3713141 [module-only homology] 1 baits
CONFIRMED ERR3713145 [near-complete analogue] 2 baits
CONFIRMED ERR3713146 [near-complete analogue] 4 baits
CONFIRMED ERR4027021 [near-complete analogue] 2 baits
CONFIRMED ERR4027023 [module-only homology] 1 baits
CONFIRMED ERR4027024 [junction/synteny supported] 1 baits
CONFIRMED ERR4027026 [module-only homology] 1 baits
CONFIRMED ERR4027028 [module-only homology] 1 baits
CONFIRMED ERR4027029 [near-complete analogue] 2 baits
CONFIRMED ERR4027033 [module-only homology] 1 baits
CONFIRMED ERR4027035 [module-only homology] 1 baits
CONFIRMED ERR4220634 [module-only homology] 1 baits
CONFIRMED ERR4220635 [near-complete analogue] 2 baits
CONFIRMED ERR4220636 [near-complete analogue] 2 baits
CONFIRMED ERR4220638 [near-complete analogue] 2 baits
CONFIRMED ERR4220640 [module-only homology] 1 baits
CONFIRMED ERR4220641 [module-only homology] 1 baits
CONFIRMED ERR4220642 [near-complete analogue] 2 baits
CONFIRMED ERR4220643 [module-only homology] 1 baits
CONFIRMED ERR4220644 [module-only homology] 1 baits
CONFIRMED ERR4220645 [near-complete analogue] 2 baits
CONFIRMED ERR4220646 [near-complete analogue] 2 baits
CONFIRMED ERR4220648 [module-only homology] 1 baits
CONFIRMED ERR4220651 [module-only homology] 1 baits
CONFIRMED ERR4220653 [near-complete analogue] 2 baits
CONFIRMED ERR4220655 [near-complete analogue] 2 baits
CONFIRMED ERR4229489 [near-complete analogue] 4 baits
CONFIRMED ERR4229774 [module-only homology] 1 baits
CONFIRMED ERR4254572 [junction/synteny supported] 1 baits
CONFIRMED ERR4300391 [near-complete analogue] 5 baits
CONFIRMED ERR4300392 [near-complete analogue] 3 baits
CONFIRMED ERR4300395 [module-only homology] 1 baits
CONFIRMED ERR4300397 [near-complete analogue] 4 baits
CONFIRMED ERR4301002 [near-complete analogue] 2 baits
CONFIRMED ERR4301003 [module-only homology] 1 baits
CONFIRMED ERR4301004 [near-complete analogue] 2 baits
CONFIRMED ERR4301005 [near-complete analogue] 4 baits
CONFIRMED ERR4301010 [near-complete analogue] 3 baits
CONFIRMED ERR4301011 [near-complete analogue] 2 baits
CONFIRMED ERR4301016 [module-only homology] 1 baits
CONFIRMED ERR4301017 [module-only homology] 1 baits
CONFIRMED ERR4301019 [near-complete analogue] 2 baits
CONFIRMED ERR4301021 [near-complete analogue] 2 baits
CONFIRMED ERR4301046 [module-only homology] 1 baits
CONFIRMED ERR4301048 [near-complete analogue] 4 baits
CONFIRMED ERR4301049 [near-complete analogue] 4 baits
CONFIRMED ERR4301051 [near-complete analogue] 6 baits
CONFIRMED ERR4301053 [module-only homology] 1 baits
CONFIRMED ERR4301054 [near-complete analogue] 2 baits
CONFIRMED ERR4301058 [near-complete analogue] 3 baits
CONFIRMED ERR4301059 [near-complete analogue] 2 baits
CONFIRMED ERR4301061 [module-only homology] 1 baits
CONFIRMED ERR4301063 [near-complete analogue] 2 baits
CONFIRMED ERR4301064 [near-complete analogue] 6 baits
CONFIRMED ERR4301065 [module-only homology] 1 baits
CONFIRMED ERR4301066 [module-only homology] 1 baits
CONFIRMED ERR4301068 [near-complete analogue] 4 baits
CONFIRMED ERR4301069 [module-only homology] 1 baits
CONFIRMED ERR4301070 [module-only homology] 1 baits
CONFIRMED ERR4301074 [near-complete analogue] 4 baits
CONFIRMED ERR4301075 [module-only homology] 1 baits
CONFIRMED ERR4301077 [near-complete analogue] 2 baits
CONFIRMED ERR4301078 [near-complete analogue] 2 baits
CONFIRMED ERR4301079 [near-complete analogue] 2 baits
CONFIRMED ERR4301080 [module-only homology] 1 baits
CONFIRMED ERR4301082 [junction/synteny supported] 1 baits
CONFIRMED ERR4301083 [near-complete analogue] 4 baits
CONFIRMED ERR4301085 [near-complete analogue] 2 baits
CONFIRMED ERR4301086 [module-only homology] 1 baits
CONFIRMED ERR4301089 [near-complete analogue] 2 baits
CONFIRMED ERR4301090 [module-only homology] 1 baits
CONFIRMED ERR4301091 [module-only homology] 1 baits
CONFIRMED ERR4301092 [near-complete analogue] 2 baits
CONFIRMED ERR4301093 [module-only homology] 1 baits
CONFIRMED ERR4301094 [near-complete analogue] 2 baits
CONFIRMED ERR4301097 [module-only homology] 1 baits
CONFIRMED ERR4301099 [junction/synteny supported] 1 baits
CONFIRMED ERR4301100 [near-complete analogue] 2 baits
CONFIRMED ERR4301101 [near-complete analogue] 7 baits
CONFIRMED ERR4301102 [near-complete analogue] 6 baits
CONFIRMED ERR4301111 [near-complete analogue] 2 baits
CONFIRMED ERR4301112 [near-complete analogue] 4 baits
CONFIRMED ERR4301113 [near-complete analogue] 2 baits
CONFIRMED ERR4301116 [junction/synteny supported] 1 baits
CONFIRMED ERR4304269 [module-only homology] 1 baits
CONFIRMED ERR4314090 [near-complete analogue] 2 baits
CONFIRMED ERR4314091 [near-complete analogue] 2 baits
CONFIRMED ERR4314107 [near-complete analogue] 3 baits
CONFIRMED ERR4314108 [near-complete analogue] 3 baits
CONFIRMED ERR4314109 [near-complete analogue] 2 baits
CONFIRMED ERR4314110 [near-complete analogue] 2 baits
CONFIRMED ERR4314111 [module-only homology] 1 baits
CONFIRMED ERR4314112 [module-only homology] 1 baits
CONFIRMED ERR4314115 [near-complete analogue] 2 baits
CONFIRMED ERR4314116 [near-complete analogue] 2 baits
CONFIRMED ERR4314119 [near-complete analogue] 4 baits
CONFIRMED ERR4314120 [near-complete analogue] 4 baits
CONFIRMED ERR4314121 [near-complete analogue] 2 baits
CONFIRMED ERR4314122 [near-complete analogue] 2 baits
CONFIRMED ERR4314123 [near-complete analogue] 2 baits
CONFIRMED ERR4314124 [near-complete analogue] 2 baits
CONFIRMED ERR4314125 [module-only homology] 1 baits
CONFIRMED ERR4314126 [module-only homology] 1 baits
CONFIRMED ERR4314127 [near-complete analogue] 2 baits
CONFIRMED ERR4314128 [near-complete analogue] 2 baits
CONFIRMED ERR4314129 [near-complete analogue] 4 baits
CONFIRMED ERR4314130 [near-complete analogue] 4 baits
CONFIRMED ERR4314131 [near-complete analogue] 5 baits
CONFIRMED ERR4314132 [near-complete analogue] 4 baits
CONFIRMED ERR4342165 [module-only homology] 1 baits
CONFIRMED ERR4342166 [module-only homology] 1 baits
CONFIRMED ERR4342168 [module-only homology] 1 baits
CONFIRMED ERR4342169 [module-only homology] 1 baits
CONFIRMED ERR4342171 [module-only homology] 1 baits
CONFIRMED ERR4342172 [module-only homology] 1 baits
CONFIRMED ERR4342173 [near-complete analogue] 6 baits
CONFIRMED ERR4342174 [near-complete analogue] 3 baits
CONFIRMED ERR4342175 [module-only homology] 1 baits
CONFIRMED ERR4342176 [near-complete analogue] 6 baits
CONFIRMED ERR4342177 [near-complete analogue] 2 baits
CONFIRMED ERR4342178 [near-complete analogue] 2 baits
CONFIRMED ERR4342179 [module-only homology] 1 baits
CONFIRMED ERR4342183 [module-only homology] 1 baits
CONFIRMED ERR4342184 [near-complete analogue] 2 baits
CONFIRMED ERR4342185 [near-complete analogue] 2 baits
CONFIRMED ERR4342186 [near-complete analogue] 2 baits
CONFIRMED ERR4342187 [module-only homology] 1 baits
CONFIRMED ERR4342188 [near-complete analogue] 2 baits
CONFIRMED ERR4342189 [module-only homology] 1 baits
CONFIRMED ERR4342190 [near-complete analogue] 2 baits
CONFIRMED ERR4342191 [near-complete analogue] 2 baits
CONFIRMED ERR436158 [module-only homology] 1 baits
CONFIRMED ERR436161 [near-complete analogue] 2 baits
CONFIRMED ERR436162 [near-complete analogue] 2 baits
CONFIRMED ERR436164 [module-only homology] 1 baits
CONFIRMED ERR436165 [junction/synteny supported] 1 baits
CONFIRMED ERR436168 [module-only homology] 1 baits
CONFIRMED ERR436169 [near-complete analogue] 7 baits
CONFIRMED ERR436171 [near-complete analogue] 2 baits
CONFIRMED ERR436173 [near-complete analogue] 6 baits
CONFIRMED ERR436174 [junction/synteny supported] 1 baits
CONFIRMED ERR436176 [module-only homology] 1 baits
CONFIRMED ERR436177 [near-complete analogue] 5 baits
CONFIRMED ERR436179 [near-complete analogue] 2 baits
CONFIRMED ERR436182 [near-complete analogue] 5 baits
CONFIRMED ERR436183 [near-complete analogue] 3 baits
CONFIRMED ERR436184 [module-only homology] 1 baits
CONFIRMED ERR436186 [near-complete analogue] 2 baits
CONFIRMED ERR436187 [near-complete analogue] 5 baits
CONFIRMED ERR436189 [module-only homology] 1 baits
CONFIRMED ERR436190 [module-only homology] 1 baits
CONFIRMED ERR436192 [near-complete analogue] 3 baits
CONFIRMED ERR436193 [near-complete analogue] 2 baits
CONFIRMED ERR436195 [near-complete analogue] 5 baits
CONFIRMED ERR436197 [near-complete analogue] 3 baits
CONFIRMED ERR436199 [near-complete analogue] 2 baits
CONFIRMED ERR436200 [near-complete analogue] 5 baits
CONFIRMED ERR436202 [near-complete analogue] 5 baits
CONFIRMED ERR436203 [near-complete analogue] 3 baits
CONFIRMED ERR436204 [near-complete analogue] 2 baits
CONFIRMED ERR436205 [module-only homology] 1 baits
CONFIRMED ERR436206 [near-complete analogue] 2 baits
CONFIRMED ERR436208 [near-complete analogue] 2 baits
CONFIRMED ERR436209 [module-only homology] 1 baits
CONFIRMED ERR436210 [junction/synteny supported] 1 baits
CONFIRMED ERR436212 [module-only homology] 1 baits
CONFIRMED ERR4372110 [module-only homology] 1 baits
CONFIRMED ERR4372111 [module-only homology] 1 baits
CONFIRMED ERR4372112 [module-only homology] 1 baits
CONFIRMED ERR4372113 [module-only homology] 1 baits
CONFIRMED ERR4372114 [module-only homology] 1 baits
CONFIRMED ERR4372115 [module-only homology] 1 baits
CONFIRMED ERR4372116 [module-only homology] 1 baits
CONFIRMED ERR4372117 [module-only homology] 1 baits
CONFIRMED ERR4372118 [module-only homology] 1 baits
CONFIRMED ERR4372119 [module-only homology] 1 baits
CONFIRMED ERR4372120 [module-only homology] 1 baits
CONFIRMED ERR4372121 [module-only homology] 1 baits
CONFIRMED ERR4372122 [module-only homology] 1 baits
CONFIRMED ERR4372123 [module-only homology] 1 baits
CONFIRMED ERR4372124 [near-complete analogue] 3 baits
CONFIRMED ERR4372125 [module-only homology] 1 baits
CONFIRMED ERR4372130 [module-only homology] 1 baits
CONFIRMED ERR4372132 [module-only homology] 1 baits
CONFIRMED ERR4372133 [module-only homology] 1 baits
CONFIRMED ERR4372134 [module-only homology] 1 baits
CONFIRMED ERR4372135 [module-only homology] 1 baits
CONFIRMED ERR4372137 [module-only homology] 1 baits
CONFIRMED ERR4372139 [module-only homology] 1 baits
CONFIRMED ERR4372142 [module-only homology] 1 baits
CONFIRMED ERR4372143 [module-only homology] 1 baits
CONFIRMED ERR4372144 [module-only homology] 1 baits
CONFIRMED ERR4372145 [module-only homology] 1 baits
CONFIRMED ERR4372146 [module-only homology] 1 baits
CONFIRMED ERR4372148 [module-only homology] 1 baits
CONFIRMED ERR4372149 [module-only homology] 1 baits
CONFIRMED ERR4372151 [module-only homology] 1 baits
CONFIRMED ERR4386633 [junction/synteny supported] 1 baits
CONFIRMED ERR445591 [near-complete analogue] 3 baits
CONFIRMED ERR445592 [near-complete analogue] 4 baits
CONFIRMED ERR445593 [module-only homology] 1 baits
CONFIRMED ERR445594 [near-complete analogue] 2 baits
CONFIRMED ERR445595 [near-complete analogue] 3 baits
CONFIRMED ERR445596 [near-complete analogue] 4 baits
CONFIRMED ERR445597 [near-complete analogue] 2 baits
CONFIRMED ERR445598 [near-complete analogue] 6 baits
CONFIRMED ERR445599 [near-complete analogue] 2 baits
CONFIRMED ERR445600 [near-complete analogue] 5 baits
CONFIRMED ERR445601 [module-only homology] 1 baits
CONFIRMED ERR445602 [near-complete analogue] 4 baits
CONFIRMED ERR445603 [near-complete analogue] 3 baits
CONFIRMED ERR445604 [near-complete analogue] 5 baits
CONFIRMED ERR445605 [module-only homology] 1 baits
CONFIRMED ERR445606 [near-complete analogue] 5 baits
CONFIRMED ERR445607 [near-complete analogue] 4 baits
CONFIRMED ERR445608 [near-complete analogue] 5 baits
CONFIRMED ERR445609 [near-complete analogue] 6 baits
CONFIRMED ERR445610 [near-complete analogue] 4 baits
CONFIRMED ERR445611 [near-complete analogue] 3 baits
CONFIRMED ERR445612 [near-complete analogue] 3 baits
CONFIRMED ERR445613 [near-complete analogue] 2 baits
CONFIRMED ERR445616 [near-complete analogue] 2 baits
CONFIRMED ERR445617 [module-only homology] 1 baits
CONFIRMED ERR445618 [module-only homology] 1 baits
CONFIRMED ERR445619 [near-complete analogue] 2 baits
CONFIRMED ERR445620 [junction/synteny supported] 1 baits
CONFIRMED ERR445621 [module-only homology] 1 baits
CONFIRMED ERR445622 [near-complete analogue] 5 baits
CONFIRMED ERR445624 [module-only homology] 1 baits
CONFIRMED ERR445625 [near-complete analogue] 2 baits
CONFIRMED ERR445626 [near-complete analogue] 6 baits
CONFIRMED ERR445627 [near-complete analogue] 3 baits
CONFIRMED ERR445628 [near-complete analogue] 6 baits
CONFIRMED ERR445629 [near-complete analogue] 2 baits
CONFIRMED ERR445630 [near-complete analogue] 2 baits
CONFIRMED ERR445631 [near-complete analogue] 4 baits
CONFIRMED ERR445632 [module-only homology] 1 baits
CONFIRMED ERR445633 [near-complete analogue] 5 baits
CONFIRMED ERR445634 [near-complete analogue] 4 baits
CONFIRMED ERR445635 [near-complete analogue] 5 baits
CONFIRMED ERR445636 [module-only homology] 1 baits
CONFIRMED ERR4467443 [module-only homology] 1 baits
CONFIRMED ERR4467735 [module-only homology] 1 baits
CONFIRMED ERR4467738 [module-only homology] 1 baits
CONFIRMED ERR4467739 [module-only homology] 1 baits
CONFIRMED ERR4467743 [module-only homology] 1 baits
CONFIRMED ERR4467747 [module-only homology] 1 baits
CONFIRMED ERR474051 [near-complete analogue] 4 baits
CONFIRMED ERR474066 [near-complete analogue] 4 baits
CONFIRMED ERR474076 [near-complete analogue] 4 baits
CONFIRMED ERR474080 [near-complete analogue] 4 baits
CONFIRMED ERR474096 [near-complete analogue] 3 baits
CONFIRMED ERR474098 [module-only homology] 1 baits
CONFIRMED ERR474099 [near-complete analogue] 4 baits
CONFIRMED ERR474114 [near-complete analogue] 4 baits
CONFIRMED ERR474120 [near-complete analogue] 2 baits
CONFIRMED ERR474128 [near-complete analogue] 2 baits
CONFIRMED ERR474133 [near-complete analogue] 2 baits
CONFIRMED ERR474145 [near-complete analogue] 5 baits
CONFIRMED ERR474151 [near-complete analogue] 2 baits
CONFIRMED ERR474158 [near-complete analogue] 4 baits
CONFIRMED ERR474163 [module-only homology] 1 baits
CONFIRMED ERR474167 [near-complete analogue] 2 baits
CONFIRMED ERR474169 [near-complete analogue] 4 baits
CONFIRMED ERR474180 [near-complete analogue] 2 baits
CONFIRMED ERR474192 [module-only homology] 1 baits
CONFIRMED ERR474196 [near-complete analogue] 3 baits
CONFIRMED ERR474209 [near-complete analogue] 4 baits
CONFIRMED ERR474218 [near-complete analogue] 2 baits
CONFIRMED ERR474233 [module-only homology] 1 baits
CONFIRMED ERR474239 [near-complete analogue] 2 baits
CONFIRMED ERR474255 [near-complete analogue] 2 baits
CONFIRMED ERR474265 [near-complete analogue] 3 baits
CONFIRMED ERR474268 [near-complete analogue] 4 baits
CONFIRMED ERR474275 [near-complete analogue] 3 baits
CONFIRMED ERR4777405 [module-only homology] 1 baits
CONFIRMED ERR4777418 [module-only homology] 1 baits
CONFIRMED ERR4843234 [module-only homology] 1 baits
CONFIRMED ERR4843242 [near-complete analogue] 2 baits
CONFIRMED ERR4843249 [module-only homology] 1 baits
CONFIRMED ERR4843285 [near-complete analogue] 2 baits
CONFIRMED ERR4843292 [module-only homology] 1 baits
CONFIRMED ERR4843315 [junction/synteny supported] 1 baits
CONFIRMED ERR4843395 [near-complete analogue] 2 baits
CONFIRMED ERR4843424 [module-only homology] 1 baits
CONFIRMED ERR4843431 [near-complete analogue] 4 baits
CONFIRMED ERR4843458 [near-complete analogue] 2 baits
CONFIRMED ERR4843463 [junction/synteny supported] 1 baits
CONFIRMED ERR4843466 [near-complete analogue] 2 baits
CONFIRMED ERR4843471 [module-only homology] 1 baits
CONFIRMED ERR4843473 [near-complete analogue] 5 baits
CONFIRMED ERR4843475 [module-only homology] 1 baits
CONFIRMED ERR4843510 [near-complete analogue] 5 baits
CONFIRMED ERR4843523 [near-complete analogue] 4 baits
CONFIRMED ERR4843588 [module-only homology] 1 baits
CONFIRMED ERR4843600 [module-only homology] 1 baits
CONFIRMED ERR4843612 [module-only homology] 1 baits
CONFIRMED ERR4843615 [module-only homology] 1 baits
CONFIRMED ERR4843622 [near-complete analogue] 2 baits
CONFIRMED ERR4843630 [module-only homology] 1 baits
CONFIRMED ERR4843672 [module-only homology] 1 baits
CONFIRMED ERR4843676 [near-complete analogue] 2 baits
CONFIRMED ERR4843684 [module-only homology] 1 baits
CONFIRMED ERR4843699 [module-only homology] 1 baits
CONFIRMED ERR4843712 [near-complete analogue] 2 baits
CONFIRMED ERR4843715 [module-only homology] 1 baits
CONFIRMED ERR4843779 [module-only homology] 1 baits
CONFIRMED ERR4843805 [near-complete analogue] 6 baits
CONFIRMED ERR4843821 [near-complete analogue] 4 baits
CONFIRMED ERR486696 [near-complete analogue] 4 baits
CONFIRMED ERR486703 [near-complete analogue] 2 baits
CONFIRMED ERR486710 [near-complete analogue] 6 baits
CONFIRMED ERR486712 [near-complete analogue] 2 baits
CONFIRMED ERR486718 [near-complete analogue] 2 baits
CONFIRMED ERR501405 [near-complete analogue] 2 baits
CONFIRMED ERR501406 [near-complete analogue] 4 baits
CONFIRMED ERR501407 [near-complete analogue] 4 baits
CONFIRMED ERR501408 [module-only homology] 1 baits
CONFIRMED ERR5014182 [module-only homology] 1 baits
CONFIRMED ERR5014192 [module-only homology] 1 baits
CONFIRMED ERR5014207 [module-only homology] 1 baits
CONFIRMED ERR5014208 [module-only homology] 1 baits
CONFIRMED ERR5014218 [near-complete analogue] 3 baits
CONFIRMED ERR5014253 [module-only homology] 1 baits
CONFIRMED ERR5014257 [near-complete analogue] 4 baits
CONFIRMED ERR5014258 [module-only homology] 1 baits
CONFIRMED ERR5014274 [junction/synteny supported] 1 baits
CONFIRMED ERR5014279 [module-only homology] 1 baits
CONFIRMED ERR5014306 [near-complete analogue] 2 baits
CONFIRMED ERR5014325 [module-only homology] 1 baits
CONFIRMED ERR5014334 [near-complete analogue] 4 baits
CONFIRMED ERR5014356 [junction/synteny supported] 1 baits
CONFIRMED ERR5014366 [module-only homology] 1 baits
CONFIRMED ERR5014382 [near-complete analogue] 2 baits
CONFIRMED ERR5014390 [near-complete analogue] 2 baits
CONFIRMED ERR5014402 [near-complete analogue] 2 baits
CONFIRMED ERR5014419 [module-only homology] 1 baits
CONFIRMED ERR5014423 [junction/synteny supported] 1 baits
CONFIRMED ERR5014428 [junction/synteny supported] 1 baits
CONFIRMED ERR5014432 [junction/synteny supported] 1 baits
CONFIRMED ERR5014463 [near-complete analogue] 2 baits
CONFIRMED ERR5014467 [junction/synteny supported] 1 baits
CONFIRMED ERR5014468 [module-only homology] 1 baits
CONFIRMED ERR5014473 [module-only homology] 1 baits
CONFIRMED ERR5014486 [module-only homology] 1 baits
CONFIRMED ERR5014498 [junction/synteny supported] 1 baits
CONFIRMED ERR5014509 [module-only homology] 1 baits
CONFIRMED ERR5014515 [near-complete analogue] 2 baits
CONFIRMED ERR5014529 [near-complete analogue] 2 baits
CONFIRMED ERR5014535 [module-only homology] 1 baits
CONFIRMED ERR5014546 [module-only homology] 1 baits
CONFIRMED ERR5014547 [module-only homology] 1 baits
CONFIRMED ERR5014554 [module-only homology] 1 baits
CONFIRMED ERR5014561 [module-only homology] 1 baits
CONFIRMED ERR5014565 [module-only homology] 1 baits
CONFIRMED ERR5014625 [near-complete analogue] 2 baits
CONFIRMED ERR5234130 [junction/synteny supported] 1 baits
CONFIRMED ERR5311640 [near-complete analogue] 4 baits
CONFIRMED ERR5465086 [near-complete analogue] 3 baits
CONFIRMED ERR6876153 [module-only homology] 1 baits
CONFIRMED ERR6876155 [module-only homology] 1 baits
CONFIRMED ERR6876156 [near-complete analogue] 5 baits
CONFIRMED ERR6876157 [module-only homology] 1 baits
CONFIRMED ERR6876158 [near-complete analogue] 4 baits
CONFIRMED ERR6876159 [near-complete analogue] 3 baits
CONFIRMED ERR6876160 [near-complete analogue] 4 baits
CONFIRMED ERR6876161 [near-complete analogue] 2 baits
CONFIRMED ERR6876162 [near-complete analogue] 4 baits
CONFIRMED ERR6876163 [module-only homology] 1 baits
CONFIRMED ERR6876164 [module-only homology] 1 baits
CONFIRMED ERR6876165 [near-complete analogue] 3 baits
CONFIRMED ERR6876166 [module-only homology] 1 baits
CONFIRMED ERR6876167 [near-complete analogue] 2 baits
CONFIRMED ERR6876168 [module-only homology] 1 baits
CONFIRMED ERR6876170 [module-only homology] 1 baits
CONFIRMED ERR6876171 [near-complete analogue] 4 baits
CONFIRMED ERR6876172 [near-complete analogue] 2 baits
CONFIRMED ERR6876173 [near-complete analogue] 2 baits
CONFIRMED ERR6876174 [near-complete analogue] 2 baits
CONFIRMED ERR6876175 [near-complete analogue] 4 baits
CONFIRMED ERR6876176 [near-complete analogue] 4 baits
CONFIRMED ERR6876178 [module-only homology] 1 baits
CONFIRMED ERR6876179 [near-complete analogue] 4 baits
CONFIRMED ERR6876180 [module-only homology] 1 baits
CONFIRMED ERR6876181 [near-complete analogue] 2 baits
CONFIRMED ERR6876182 [near-complete analogue] 2 baits
CONFIRMED ERR7449561 [near-complete analogue] 3 baits
CONFIRMED ERR7565106 [near-complete analogue] 4 baits
CONFIRMED ERR7565107 [module-only homology] 1 baits
CONFIRMED ERR775884 [near-complete analogue] 4 baits
CONFIRMED ERR775905 [near-complete analogue] 3 baits
CONFIRMED ERR775913 [near-complete analogue] 4 baits
CONFIRMED ERR775924 [near-complete analogue] 3 baits
CONFIRMED ERR775928 [near-complete analogue] 4 baits
CONFIRMED ERR775930 [near-complete analogue] 5 baits
CONFIRMED ERR775949 [near-complete analogue] 2 baits
CONFIRMED ERR775954 [near-complete analogue] 3 baits
CONFIRMED ERR775956 [near-complete analogue] 5 baits
CONFIRMED ERR775965 [near-complete analogue] 2 baits
CONFIRMED ERR775978 [near-complete analogue] 4 baits
CONFIRMED ERR775984 [near-complete analogue] 4 baits
CONFIRMED ERR775998 [near-complete analogue] 4 baits
CONFIRMED ERR776013 [near-complete analogue] 4 baits
CONFIRMED ERR776020 [near-complete analogue] 4 baits
CONFIRMED ERR776023 [near-complete analogue] 4 baits
CONFIRMED ERR776024 [near-complete analogue] 4 baits
CONFIRMED ERR776025 [near-complete analogue] 3 baits
CONFIRMED ERR776032 [near-complete analogue] 3 baits
CONFIRMED ERR776042 [module-only homology] 1 baits
CONFIRMED ERR776060 [near-complete analogue] 4 baits
CONFIRMED ERR776064 [module-only homology] 1 baits
CONFIRMED ERR776070 [near-complete analogue] 2 baits
CONFIRMED ERR776099 [near-complete analogue] 4 baits
CONFIRMED ERR776100 [near-complete analogue] 4 baits
CONFIRMED ERR780255 [near-complete analogue] 6 baits
CONFIRMED ERR780259 [near-complete analogue] 6 baits
CONFIRMED ERR780260 [near-complete analogue] 6 baits
CONFIRMED ERR780266 [near-complete analogue] 2 baits
CONFIRMED ERR780268 [near-complete analogue] 6 baits
CONFIRMED ERR780272 [near-complete analogue] 4 baits
CONFIRMED ERR830492 [near-complete analogue] 4 baits
CONFIRMED ERR830494 [near-complete analogue] 4 baits
CONFIRMED ERR830515 [near-complete analogue] 4 baits
CONFIRMED ERR830516 [near-complete analogue] 4 baits
CONFIRMED ERR830520 [near-complete analogue] 3 baits
CONFIRMED ERR830541 [near-complete analogue] 4 baits
CONFIRMED ERR830545 [near-complete analogue] 4 baits
CONFIRMED ERR830549 [near-complete analogue] 4 baits
CONFIRMED ERR830550 [near-complete analogue] 4 baits
CONFIRMED ERR830564 [near-complete analogue] 4 baits
CONFIRMED ERR830597 [near-complete analogue] 4 baits
CONFIRMED ERR830600 [near-complete analogue] 4 baits
CONFIRMED ERR830614 [near-complete analogue] 6 baits
CONFIRMED ERR830620 [near-complete analogue] 4 baits
CONFIRMED ERR830621 [near-complete analogue] 4 baits
CONFIRMED ERR830630 [near-complete analogue] 4 baits
CONFIRMED ERR830631 [near-complete analogue] 2 baits
CONFIRMED ERR830637 [near-complete analogue] 3 baits
CONFIRMED ERR8573643 [near-complete analogue] 5 baits
CONFIRMED ERR8573653 [near-complete analogue] 3 baits
CONFIRMED ERR8573664 [near-complete analogue] 2 baits
CONFIRMED ERR8574030 [module-only homology] 1 baits
CONFIRMED ERR8574064 [module-only homology] 1 baits
CONFIRMED ERR8574589 [near-complete analogue] 4 baits
CONFIRMED ERR8574740 [near-complete analogue] 4 baits
CONFIRMED ERR8574755 [near-complete analogue] 2 baits
CONFIRMED ERR8650589 [module-only homology] 1 baits
CONFIRMED ERR8650651 [near-complete analogue] 4 baits
CONFIRMED ERR8650675 [near-complete analogue] 3 baits
CONFIRMED ERR8650692 [near-complete analogue] 2 baits
CONFIRMED ERR8650728 [near-complete analogue] 2 baits
CONFIRMED ERR8650756 [near-complete analogue] 4 baits
CONFIRMED ERR8650784 [module-only homology] 1 baits
CONFIRMED ERR8650847 [near-complete analogue] 2 baits
CONFIRMED ERR8650852 [near-complete analogue] 2 baits
CONFIRMED ERR8650859 [near-complete analogue] 3 baits
CONFIRMED ERR8650876 [near-complete analogue] 2 baits
CONFIRMED ERR8650877 [near-complete analogue] 3 baits
CONFIRMED ERR8650904 [near-complete analogue] 2 baits
CONFIRMED ERR8651065 [near-complete analogue] 3 baits
CONFIRMED ERR8651104 [module-only homology] 1 baits
CONFIRMED ERR8651123 [near-complete analogue] 3 baits
CONFIRMED ERR8651137 [module-only homology] 1 baits
CONFIRMED ERR8651149 [module-only homology] 1 baits
CONFIRMED ERR8651150 [module-only homology] 1 baits
CONFIRMED ERR8651158 [module-only homology] 1 baits
CONFIRMED ERR8651176 [near-complete analogue] 4 baits
CONFIRMED ERR8651192 [module-only homology] 1 baits
CONFIRMED ERR8651236 [module-only homology] 1 baits
CONFIRMED ERR8651259 [junction/synteny supported] 1 baits
CONFIRMED ERR8651273 [near-complete analogue] 2 baits
CONFIRMED ERR8651281 [near-complete analogue] 4 baits
CONFIRMED ERR8651319 [near-complete analogue] 2 baits
CONFIRMED ERR8651322 [near-complete analogue] 2 baits
CONFIRMED ERR8651348 [module-only homology] 1 baits
CONFIRMED ERR8651362 [junction/synteny supported] 1 baits
CONFIRMED ERR8651447 [near-complete analogue] 3 baits
CONFIRMED ERR8651448 [module-only homology] 1 baits
CONFIRMED ERR8651525 [near-complete analogue] 2 baits
CONFIRMED ERR8651552 [module-only homology] 1 baits
CONFIRMED ERR8651556 [near-complete analogue] 4 baits
CONFIRMED ERR8651563 [near-complete analogue] 2 baits
CONFIRMED ERR8651656 [near-complete analogue] 3 baits
CONFIRMED ERR8651676 [near-complete analogue] 2 baits
CONFIRMED ERR8651688 [near-complete analogue] 4 baits
CONFIRMED ERR8651711 [module-only homology] 1 baits
CONFIRMED ERR8651720 [module-only homology] 1 baits
CONFIRMED ERR8651857 [module-only homology] 1 baits
CONFIRMED ERR8651894 [near-complete analogue] 3 baits
CONFIRMED ERR8651944 [module-only homology] 1 baits
CONFIRMED ERR8651993 [near-complete analogue] 7 baits
CONFIRMED ERR8683555 [near-complete analogue] 2 baits
CONFIRMED ERR8683581 [near-complete analogue] 2 baits
CONFIRMED ERR8683584 [near-complete analogue] 2 baits
CONFIRMED ERR8683594 [near-complete analogue] 2 baits
CONFIRMED ERR8683614 [module-only homology] 1 baits
CONFIRMED ERR8683635 [near-complete analogue] 4 baits
CONFIRMED ERR8683643 [near-complete analogue] 2 baits
CONFIRMED ERR8683646 [near-complete analogue] 2 baits
CONFIRMED ERR8683675 [module-only homology] 1 baits
CONFIRMED ERR8684312 [module-only homology] 1 baits
CONFIRMED ERR8684319 [near-complete analogue] 2 baits
CONFIRMED ERR8684352 [near-complete analogue] 2 baits
CONFIRMED ERR8684357 [module-only homology] 1 baits
CONFIRMED ERR8684366 [module-only homology] 1 baits
CONFIRMED ERR8684370 [module-only homology] 1 baits
CONFIRMED ERR8684375 [module-only homology] 1 baits
CONFIRMED ERR8684392 [junction/synteny supported] 1 baits
CONFIRMED ERR8684406 [near-complete analogue] 2 baits
CONFIRMED ERR8684435 [module-only homology] 1 baits
CONFIRMED ERR8684460 [near-complete analogue] 3 baits
CONFIRMED ERR8684468 [module-only homology] 1 baits
CONFIRMED ERR8684470 [near-complete analogue] 3 baits
CONFIRMED ERR8684477 [near-complete analogue] 2 baits
CONFIRMED ERR8684479 [near-complete analogue] 2 baits
CONFIRMED ERR8684509 [near-complete analogue] 2 baits
CONFIRMED ERR8684511 [near-complete analogue] 2 baits
CONFIRMED ERR8684516 [near-complete analogue] 4 baits
CONFIRMED ERR8684564 [near-complete analogue] 4 baits
CONFIRMED ERR8684574 [near-complete analogue] 4 baits
CONFIRMED ERR8684576 [near-complete analogue] 2 baits
CONFIRMED ERR8684583 [near-complete analogue] 2 baits
CONFIRMED ERR8684812 [near-complete analogue] 2 baits
CONFIRMED ERR8684845 [module-only homology] 1 baits
CONFIRMED ERR8684859 [near-complete analogue] 3 baits
CONFIRMED ERR8684864 [near-complete analogue] 3 baits
CONFIRMED ERR8684887 [near-complete analogue] 3 baits
CONFIRMED ERR8684914 [near-complete analogue] 3 baits
CONFIRMED ERR8684917 [near-complete analogue] 3 baits
CONFIRMED ERR8684928 [near-complete analogue] 3 baits
CONFIRMED ERR8684962 [near-complete analogue] 2 baits
CONFIRMED ERR8684981 [near-complete analogue] 2 baits
CONFIRMED ERR8684990 [near-complete analogue] 2 baits
CONFIRMED ERR8684994 [near-complete analogue] 2 baits
CONFIRMED ERR8685486 [module-only homology] 1 baits
CONFIRMED ERR8685498 [near-complete analogue] 3 baits
CONFIRMED ERR8702896 [module-only homology] 1 baits
CONFIRMED ERR8702917 [module-only homology] 1 baits
CONFIRMED ERR8702942 [near-complete analogue] 2 baits
CONFIRMED ERR8702978 [near-complete analogue] 4 baits
CONFIRMED ERR8703348 [near-complete analogue] 3 baits
CONFIRMED ERR8703388 [near-complete analogue] 3 baits
CONFIRMED ERR8703413 [near-complete analogue] 4 baits
CONFIRMED ERR8703614 [near-complete analogue] 3 baits
CONFIRMED ERR8703633 [near-complete analogue] 2 baits
CONFIRMED ERR8703646 [module-only homology] 1 baits
CONFIRMED ERR8703654 [near-complete analogue] 3 baits
CONFIRMED ERR8703670 [module-only homology] 1 baits
CONFIRMED ERR8703704 [near-complete analogue] 3 baits
CONFIRMED ERR8703706 [module-only homology] 1 baits
CONFIRMED ERR871394 [module-only homology] 1 baits
CONFIRMED ERR871396 [near-complete analogue] 2 baits
CONFIRMED ERR871400 [near-complete analogue] 4 baits
CONFIRMED ERR871405 [near-complete analogue] 4 baits
CONFIRMED ERR8958453 [near-complete analogue] 4 baits
CONFIRMED ERR8958458 [near-complete analogue] 4 baits
CONFIRMED ERR8958459 [module-only homology] 1 baits
CONFIRMED ERR8958463 [near-complete analogue] 4 baits
CONFIRMED ERR8958469 [near-complete analogue] 4 baits
CONFIRMED ERR8958471 [near-complete analogue] 4 baits
CONFIRMED ERR8958510 [near-complete analogue] 4 baits
CONFIRMED ERR8958564 [near-complete analogue] 4 baits
CONFIRMED ERR8958596 [near-complete analogue] 4 baits
CONFIRMED ERR8958607 [near-complete analogue] 4 baits
CONFIRMED ERR8958665 [near-complete analogue] 4 baits
CONFIRMED ERR905826 [near-complete analogue] 4 baits
CONFIRMED ERR9127551 [near-complete analogue] 4 baits
CONFIRMED ERR9127552 [near-complete analogue] 4 baits
CONFIRMED ERR9285206 [near-complete analogue] 4 baits
CONFIRMED ERR9384950 [module-only homology] 1 baits
CONFIRMED ERR9385130 [near-complete analogue] 4 baits
CONFIRMED ERR9385215 [near-complete analogue] 4 baits
CONFIRMED ERR9629627 [near-complete analogue] 3 baits
CONFIRMED ERR9629660 [near-complete analogue] 2 baits
CONFIRMED ERR9629907 [near-complete analogue] 4 baits
CONFIRMED ERR9709907 [module-only homology] 1 baits
CONFIRMED ERR9709908 [module-only homology] 1 baits
CONFIRMED ERR9709909 [module-only homology] 1 baits
CONFIRMED ERR9709910 [module-only homology] 1 baits
CONFIRMED ERR9709911 [module-only homology] 1 baits
CONFIRMED ERR9709912 [module-only homology] 1 baits
CONFIRMED ERR9709913 [module-only homology] 1 baits
CONFIRMED ERR9709914 [module-only homology] 1 baits
CONFIRMED ERR9709915 [module-only homology] 1 baits
CONFIRMED ERR9709916 [module-only homology] 1 baits
CONFIRMED ERR9709917 [module-only homology] 1 baits
CONFIRMED ERR9709918 [module-only homology] 1 baits
CONFIRMED ERR9709919 [module-only homology] 1 baits
CONFIRMED ERR9709920 [module-only homology] 1 baits
CONFIRMED ERR9709921 [module-only homology] 1 baits
CONFIRMED ERR9709922 [module-only homology] 1 baits
CONFIRMED ERR9709923 [module-only homology] 1 baits
CONFIRMED ERR9709924 [module-only homology] 1 baits
CONFIRMED ERR9709925 [module-only homology] 1 baits
CONFIRMED ERR9709926 [module-only homology] 1 baits
CONFIRMED ERR9709927 [module-only homology] 1 baits
CONFIRMED ERR9709928 [module-only homology] 1 baits
CONFIRMED ERR9709929 [module-only homology] 1 baits
CONFIRMED ERR9709930 [module-only homology] 1 baits
CONFIRMED ERR9709931 [module-only homology] 1 baits
CONFIRMED ERR9709932 [module-only homology] 1 baits
CONFIRMED ERR9709933 [module-only homology] 1 baits
CONFIRMED ERR9709934 [module-only homology] 1 baits
CONFIRMED ERR9709935 [module-only homology] 1 baits
CONFIRMED ERR9709936 [module-only homology] 1 baits
CONFIRMED ERR9709937 [module-only homology] 1 baits
CONFIRMED ERR9709938 [module-only homology] 1 baits
CONFIRMED ERR9709939 [module-only homology] 1 baits
CONFIRMED ERR9709940 [module-only homology] 1 baits
CONFIRMED ERR9709941 [module-only homology] 1 baits
CONFIRMED ERR9845270 [near-complete analogue] 5 baits
CONFIRMED ERR9845293 [module-only homology] 1 baits
CONFIRMED ERR9845300 [near-complete analogue] 3 baits
CONFIRMED ERR9845323 [module-only homology] 1 baits
CONFIRMED ERR9845325 [near-complete analogue] 2 baits
CONFIRMED ERR9845326 [near-complete analogue] 5 baits
CONFIRMED ERR9845357 [near-complete analogue] 2 baits
CONFIRMED ERR9845369 [near-complete analogue] 2 baits
CONFIRMED ERR9845377 [near-complete analogue] 4 baits
CONFIRMED ERR9845378 [near-complete analogue] 4 baits
CONFIRMED ERR9845452 [near-complete analogue] 3 baits
CONFIRMED ERR9845477 [near-complete analogue] 4 baits
CONFIRMED ERR9845512 [near-complete analogue] 2 baits
CONFIRMED ERR9845551 [near-complete analogue] 2 baits
CONFIRMED ERR9845563 [near-complete analogue] 3 baits
CONFIRMED ERR9845577 [near-complete analogue] 4 baits
CONFIRMED ERR9845591 [near-complete analogue] 4 baits
CONFIRMED ERR9845593 [near-complete analogue] 3 baits
CONFIRMED ERR9845594 [module-only homology] 1 baits
CONFIRMED ERR9845596 [near-complete analogue] 3 baits
CONFIRMED ERR9845602 [module-only homology] 1 baits
CONFIRMED ERR9845634 [module-only homology] 1 baits
CONFIRMED ERR9845661 [near-complete analogue] 2 baits
CONFIRMED ERR9845667 [near-complete analogue] 5 baits
CONFIRMED ERR9845673 [module-only homology] 1 baits
CONFIRMED ERR9845674 [near-complete analogue] 4 baits
CONFIRMED ERR9845691 [module-only homology] 1 baits
CONFIRMED ERR9845714 [near-complete analogue] 2 baits
CONFIRMED ERR9845749 [near-complete analogue] 2 baits
CONFIRMED ERR9845765 [near-complete analogue] 4 baits
CONFIRMED ERR9845774 [module-only homology] 1 baits
CONFIRMED ERR9845782 [near-complete analogue] 2 baits
CONFIRMED ERR9845790 [near-complete analogue] 4 baits
CONFIRMED ERR9845797 [near-complete analogue] 3 baits
CONFIRMED ERR9845804 [near-complete analogue] 4 baits
CONFIRMED ERR9845806 [near-complete analogue] 2 baits
CONFIRMED ERR9845811 [near-complete analogue] 4 baits
CONFIRMED ERR9845837 [near-complete analogue] 2 baits
CONFIRMED ERR9845843 [near-complete analogue] 4 baits
CONFIRMED ERR9845853 [module-only homology] 1 baits
CONFIRMED ERR9845864 [near-complete analogue] 4 baits
CONFIRMED ERR9845876 [near-complete analogue] 4 baits
CONFIRMED ERR9845883 [near-complete analogue] 5 baits
CONFIRMED ERR9845894 [module-only homology] 1 baits
CONFIRMED ERR9845912 [near-complete analogue] 4 baits
CONFIRMED ERR9845940 [near-complete analogue] 3 baits
CONFIRMED ERR9845942 [near-complete analogue] 2 baits
CONFIRMED ERR9845949 [near-complete analogue] 3 baits
CONFIRMED ERR9845965 [module-only homology] 1 baits
CONFIRMED ERR9845967 [near-complete analogue] 2 baits
CONFIRMED ERR9845971 [near-complete analogue] 3 baits
CONFIRMED ERR9845973 [near-complete analogue] 4 baits
CONFIRMED ERR9951991 [module-only homology] 1 baits
CONFIRMED ERR9979369 [near-complete analogue] 2 baits
CONFIRMED ERR9979371 [near-complete analogue] 2 baits
CONFIRMED ERR9979373 [module-only homology] 1 baits
CONFIRMED ERR9979374 [near-complete analogue] 3 baits
CONFIRMED ERR9979376 [module-only homology] 1 baits
CONFIRMED ERR9979378 [module-only homology] 1 baits
CONFIRMED ERR9979379 [module-only homology] 1 baits
CONFIRMED ERR9979380 [near-complete analogue] 3 baits
CONFIRMED ERR9979382 [module-only homology] 1 baits
CONFIRMED ERR9979383 [module-only homology] 1 baits
CONFIRMED ERR9979384 [module-only homology] 1 baits
CONFIRMED ERR9979386 [near-complete analogue] 2 baits
CONFIRMED ERR9979387 [junction/synteny supported] 1 baits
CONFIRMED SRR062269 [near-complete analogue] 4 baits
CONFIRMED SRR063734 [near-complete analogue] 6 baits
CONFIRMED SRR063740 [near-complete analogue] 3 baits
CONFIRMED SRR063742 [near-complete analogue] 8 baits
CONFIRMED SRR064649 [junction/synteny supported] 1 baits
CONFIRMED SRR070457 [near-complete analogue] 3 baits
CONFIRMED SRR088912 [near-complete analogue] 3 baits
CONFIRMED SRR088924 [module-only homology] 1 baits
CONFIRMED SRR094140 [near-complete analogue] 3 baits
CONFIRMED SRR094153 [module-only homology] 1 baits
CONFIRMED SRR094161 [module-only homology] 1 baits
CONFIRMED SRR094167 [near-complete analogue] 2 baits
CONFIRMED SRR094168 [near-complete analogue] 2 baits
CONFIRMED SRR094169 [module-only homology] 1 baits
CONFIRMED SRR094961 [junction/synteny supported] 1 baits
CONFIRMED SRR096912 [near-complete analogue] 2 baits
CONFIRMED SRR096914 [module-only homology] 1 baits
CONFIRMED SRR10024308 [near-complete analogue] 2 baits
CONFIRMED SRR1010893 [module-only homology] 1 baits
CONFIRMED SRR1010894 [module-only homology] 1 baits
CONFIRMED SRR1010954 [module-only homology] 1 baits
CONFIRMED SRR1010955 [module-only homology] 1 baits
CONFIRMED SRR1010958 [near-complete analogue] 4 baits
CONFIRMED SRR1010959 [near-complete analogue] 4 baits
CONFIRMED SRR10126888 [module-only homology] 1 baits
CONFIRMED SRR10126891 [near-complete analogue] 2 baits
CONFIRMED SRR10126892 [near-complete analogue] 2 baits
CONFIRMED SRR10126893 [near-complete analogue] 3 baits
CONFIRMED SRR10126894 [module-only homology] 1 baits
CONFIRMED SRR10126896 [near-complete analogue] 2 baits
CONFIRMED SRR10126897 [near-complete analogue] 3 baits
CONFIRMED SRR10126899 [near-complete analogue] 2 baits
CONFIRMED SRR10126900 [module-only homology] 1 baits
CONFIRMED SRR10126901 [module-only homology] 1 baits
CONFIRMED SRR10126902 [near-complete analogue] 4 baits
CONFIRMED SRR10126903 [near-complete analogue] 2 baits
CONFIRMED SRR10126904 [module-only homology] 1 baits
CONFIRMED SRR10126906 [near-complete analogue] 2 baits
CONFIRMED SRR10126907 [near-complete analogue] 2 baits
CONFIRMED SRR10126908 [near-complete analogue] 2 baits
CONFIRMED SRR10148551 [near-complete analogue] 4 baits
CONFIRMED SRR10231204 [module-only homology] 1 baits
CONFIRMED SRR10231895 [module-only homology] 1 baits
CONFIRMED SRR10242855 [near-complete analogue] 3 baits
CONFIRMED SRR10242856 [near-complete analogue] 3 baits
CONFIRMED SRR10242857 [near-complete analogue] 3 baits
CONFIRMED SRR10242858 [near-complete analogue] 3 baits
CONFIRMED SRR10242859 [near-complete analogue] 3 baits
CONFIRMED SRR10242860 [near-complete analogue] 3 baits
CONFIRMED SRR10242861 [near-complete analogue] 2 baits
CONFIRMED SRR10242862 [near-complete analogue] 3 baits
CONFIRMED SRR10242863 [module-only homology] 1 baits
CONFIRMED SRR10242864 [module-only homology] 1 baits
CONFIRMED SRR10242865 [module-only homology] 1 baits
CONFIRMED SRR10242866 [module-only homology] 1 baits
CONFIRMED SRR10242867 [module-only homology] 1 baits
CONFIRMED SRR10242870 [module-only homology] 1 baits
CONFIRMED SRR10242871 [near-complete analogue] 4 baits
CONFIRMED SRR10242872 [junction/synteny supported] 1 baits
CONFIRMED SRR10242873 [near-complete analogue] 4 baits
CONFIRMED SRR10242874 [module-only homology] 1 baits
CONFIRMED SRR10242875 [near-complete analogue] 3 baits
CONFIRMED SRR10242876 [near-complete analogue] 2 baits
CONFIRMED SRR10242877 [module-only homology] 1 baits
CONFIRMED SRR10242879 [module-only homology] 1 baits
CONFIRMED SRR10242880 [module-only homology] 1 baits
CONFIRMED SRR10242881 [near-complete analogue] 3 baits
CONFIRMED SRR10242882 [near-complete analogue] 3 baits
CONFIRMED SRR10242883 [near-complete analogue] 3 baits
CONFIRMED SRR10242884 [module-only homology] 1 baits
CONFIRMED SRR10242885 [module-only homology] 1 baits
CONFIRMED SRR10247405 [near-complete analogue] 2 baits
CONFIRMED SRR10383450 [module-only homology] 1 baits
CONFIRMED SRR10383453 [near-complete analogue] 3 baits
CONFIRMED SRR10383454 [near-complete analogue] 2 baits
CONFIRMED SRR10383456 [near-complete analogue] 3 baits
CONFIRMED SRR10383459 [module-only homology] 1 baits
CONFIRMED SRR10383460 [near-complete analogue] 2 baits
CONFIRMED SRR10383461 [module-only homology] 1 baits
CONFIRMED SRR10383462 [near-complete analogue] 2 baits
CONFIRMED SRR10383465 [module-only homology] 1 baits
CONFIRMED SRR10383466 [near-complete analogue] 2 baits
CONFIRMED SRR10425492 [near-complete analogue] 5 baits
CONFIRMED SRR10425494 [module-only homology] 1 baits
CONFIRMED SRR10425495 [near-complete analogue] 6 baits
CONFIRMED SRR10425496 [module-only homology] 1 baits
CONFIRMED SRR10425498 [module-only homology] 1 baits
CONFIRMED SRR10425500 [near-complete analogue] 5 baits
CONFIRMED SRR10425501 [module-only homology] 1 baits
CONFIRMED SRR10425502 [near-complete analogue] 2 baits
CONFIRMED SRR10425506 [module-only homology] 1 baits
CONFIRMED SRR10425507 [module-only homology] 1 baits
CONFIRMED SRR10438129 [near-complete analogue] 4 baits
CONFIRMED SRR10438130 [near-complete analogue] 4 baits
CONFIRMED SRR10438131 [near-complete analogue] 2 baits
CONFIRMED SRR10438132 [near-complete analogue] 2 baits
CONFIRMED SRR10438133 [near-complete analogue] 4 baits
CONFIRMED SRR10438134 [near-complete analogue] 4 baits
CONFIRMED SRR10438135 [near-complete analogue] 2 baits
CONFIRMED SRR10438136 [near-complete analogue] 4 baits
CONFIRMED SRR10438137 [near-complete analogue] 2 baits
CONFIRMED SRR10438138 [near-complete analogue] 2 baits
CONFIRMED SRR10438139 [module-only homology] 1 baits
CONFIRMED SRR10438140 [near-complete analogue] 2 baits
CONFIRMED SRR10438141 [near-complete analogue] 2 baits
CONFIRMED SRR10438142 [near-complete analogue] 2 baits
CONFIRMED SRR10438143 [near-complete analogue] 2 baits
CONFIRMED SRR10438144 [near-complete analogue] 2 baits
CONFIRMED SRR10438145 [near-complete analogue] 2 baits
CONFIRMED SRR10438146 [near-complete analogue] 2 baits
CONFIRMED SRR10438147 [near-complete analogue] 2 baits
CONFIRMED SRR10438150 [near-complete analogue] 2 baits
CONFIRMED SRR10438151 [near-complete analogue] 2 baits
CONFIRMED SRR10438152 [module-only homology] 1 baits
CONFIRMED SRR10438153 [module-only homology] 1 baits
CONFIRMED SRR10438154 [near-complete analogue] 4 baits
CONFIRMED SRR10438155 [near-complete analogue] 4 baits
CONFIRMED SRR10438156 [near-complete analogue] 4 baits
CONFIRMED SRR10438157 [near-complete analogue] 4 baits
CONFIRMED SRR10438158 [near-complete analogue] 4 baits
CONFIRMED SRR10438159 [near-complete analogue] 4 baits
CONFIRMED SRR10438160 [near-complete analogue] 4 baits
CONFIRMED SRR10438161 [near-complete analogue] 4 baits
CONFIRMED SRR10438162 [near-complete analogue] 2 baits
CONFIRMED SRR10438163 [near-complete analogue] 2 baits
CONFIRMED SRR10484340 [module-only homology] 1 baits
CONFIRMED SRR10541863 [junction/synteny supported] 1 baits
CONFIRMED SRR1055185 [module-only homology] 1 baits
CONFIRMED SRR10579955 [module-only homology] 1 baits
CONFIRMED SRR10584148 [module-only homology] 1 baits
CONFIRMED SRR10687735 [near-complete analogue] 2 baits
CONFIRMED SRR10752475 [near-complete analogue] 3 baits
CONFIRMED SRR10843356 [module-only homology] 1 baits
CONFIRMED SRR10878359 [near-complete analogue] 3 baits
CONFIRMED SRR10878360 [module-only homology] 1 baits
CONFIRMED SRR10878361 [module-only homology] 1 baits
CONFIRMED SRR10878363 [near-complete analogue] 3 baits
CONFIRMED SRR10878367 [near-complete analogue] 2 baits
CONFIRMED SRR10878368 [near-complete analogue] 2 baits
CONFIRMED SRR10878369 [near-complete analogue] 2 baits
CONFIRMED SRR10878372 [module-only homology] 1 baits
CONFIRMED SRR10878373 [near-complete analogue] 2 baits
CONFIRMED SRR10878375 [near-complete analogue] 2 baits
CONFIRMED SRR10878376 [near-complete analogue] 2 baits
CONFIRMED SRR10878379 [near-complete analogue] 3 baits
CONFIRMED SRR10878380 [near-complete analogue] 4 baits
CONFIRMED SRR10878381 [module-only homology] 1 baits
CONFIRMED SRR10878382 [near-complete analogue] 2 baits
CONFIRMED SRR10878383 [junction/synteny supported] 1 baits
CONFIRMED SRR10878384 [near-complete analogue] 2 baits
CONFIRMED SRR10905448 [near-complete analogue] 2 baits
CONFIRMED SRR10905450 [near-complete analogue] 3 baits
CONFIRMED SRR10905454 [near-complete analogue] 2 baits
CONFIRMED SRR10905455 [near-complete analogue] 2 baits
CONFIRMED SRR10905519 [near-complete analogue] 2 baits
CONFIRMED SRR10905534 [near-complete analogue] 2 baits
CONFIRMED SRR10905535 [near-complete analogue] 2 baits
CONFIRMED SRR10905542 [near-complete analogue] 3 baits
CONFIRMED SRR10905571 [module-only homology] 1 baits
CONFIRMED SRR10905599 [junction/synteny supported] 1 baits
CONFIRMED SRR10905602 [near-complete analogue] 2 baits
CONFIRMED SRR10905612 [near-complete analogue] 3 baits
CONFIRMED SRR10905621 [module-only homology] 1 baits
CONFIRMED SRR10905622 [module-only homology] 1 baits
CONFIRMED SRR10905641 [near-complete analogue] 4 baits
CONFIRMED SRR10905644 [near-complete analogue] 6 baits
CONFIRMED SRR10905672 [near-complete analogue] 2 baits
CONFIRMED SRR10905701 [near-complete analogue] 8 baits
CONFIRMED SRR10905704 [near-complete analogue] 2 baits
CONFIRMED SRR10905710 [near-complete analogue] 2 baits
CONFIRMED SRR10905715 [module-only homology] 1 baits
CONFIRMED SRR10905720 [near-complete analogue] 2 baits
CONFIRMED SRR10905721 [module-only homology] 1 baits
CONFIRMED SRR10905722 [module-only homology] 1 baits
CONFIRMED SRR10905724 [near-complete analogue] 3 baits
CONFIRMED SRR10905745 [module-only homology] 1 baits
CONFIRMED SRR10905759 [near-complete analogue] 5 baits
CONFIRMED SRR10905792 [near-complete analogue] 4 baits
CONFIRMED SRR10905794 [near-complete analogue] 2 baits
CONFIRMED SRR10905798 [near-complete analogue] 3 baits
CONFIRMED SRR10905799 [near-complete analogue] 2 baits
CONFIRMED SRR10905801 [near-complete analogue] 6 baits
CONFIRMED SRR10905806 [near-complete analogue] 4 baits
CONFIRMED SRR10905807 [near-complete analogue] 5 baits
CONFIRMED SRR10905812 [near-complete analogue] 4 baits
CONFIRMED SRR10905818 [module-only homology] 1 baits
CONFIRMED SRR10905823 [near-complete analogue] 2 baits
CONFIRMED SRR10905859 [near-complete analogue] 3 baits
CONFIRMED SRR10905936 [near-complete analogue] 2 baits
CONFIRMED SRR10905965 [near-complete analogue] 3 baits
CONFIRMED SRR10906018 [module-only homology] 1 baits
CONFIRMED SRR10906083 [module-only homology] 1 baits
CONFIRMED SRR10906084 [near-complete analogue] 6 baits
CONFIRMED SRR10906108 [module-only homology] 1 baits
CONFIRMED SRR10906109 [module-only homology] 1 baits
CONFIRMED SRR10918381 [module-only homology] 1 baits
CONFIRMED SRR10947643 [near-complete analogue] 2 baits
CONFIRMED SRR10963194 [near-complete analogue] 2 baits
CONFIRMED SRR11023976 [near-complete analogue] 3 baits
CONFIRMED SRR11023978 [module-only homology] 1 baits
CONFIRMED SRR11023980 [module-only homology] 1 baits
CONFIRMED SRR11023981 [module-only homology] 1 baits
CONFIRMED SRR11023984 [module-only homology] 1 baits
CONFIRMED SRR11023985 [module-only homology] 1 baits
CONFIRMED SRR11023986 [module-only homology] 1 baits
CONFIRMED SRR11023988 [junction/synteny supported] 1 baits
CONFIRMED SRR11031357 [module-only homology] 1 baits
CONFIRMED SRR11031358 [near-complete analogue] 3 baits
CONFIRMED SRR11031359 [module-only homology] 1 baits
CONFIRMED SRR11031360 [module-only homology] 1 baits
CONFIRMED SRR11031361 [module-only homology] 1 baits
CONFIRMED SRR11031362 [module-only homology] 1 baits
CONFIRMED SRR11031364 [junction/synteny supported] 1 baits
CONFIRMED SRR11031365 [module-only homology] 1 baits
CONFIRMED SRR11031366 [near-complete analogue] 6 baits
CONFIRMED SRR11031368 [module-only homology] 1 baits
CONFIRMED SRR11031369 [module-only homology] 1 baits
CONFIRMED SRR11031370 [module-only homology] 1 baits
CONFIRMED SRR11031372 [near-complete analogue] 2 baits
CONFIRMED SRR11031374 [junction/synteny supported] 1 baits
CONFIRMED SRR11031375 [module-only homology] 1 baits
CONFIRMED SRR11031376 [module-only homology] 1 baits
CONFIRMED SRR11031377 [near-complete analogue] 2 baits
CONFIRMED SRR11031378 [module-only homology] 1 baits
CONFIRMED SRR11031379 [module-only homology] 1 baits
CONFIRMED SRR11031380 [near-complete analogue] 3 baits
CONFIRMED SRR11046872 [module-only homology] 1 baits
CONFIRMED SRR11046873 [module-only homology] 1 baits
CONFIRMED SRR11046874 [junction/synteny supported] 1 baits
CONFIRMED SRR11046875 [junction/synteny supported] 1 baits
CONFIRMED SRR11046876 [near-complete analogue] 2 baits
CONFIRMED SRR11046877 [junction/synteny supported] 1 baits
CONFIRMED SRR11046878 [junction/synteny supported] 1 baits
CONFIRMED SRR11048733 [module-only homology] 1 baits
CONFIRMED SRR11048734 [module-only homology] 1 baits
CONFIRMED SRR11048735 [near-complete analogue] 3 baits
CONFIRMED SRR11048736 [module-only homology] 1 baits
CONFIRMED SRR11048737 [module-only homology] 1 baits
CONFIRMED SRR11048738 [module-only homology] 1 baits
CONFIRMED SRR11048739 [module-only homology] 1 baits
CONFIRMED SRR11146887 [near-complete analogue] 3 baits
CONFIRMED SRR11146888 [near-complete analogue] 3 baits
CONFIRMED SRR11146889 [near-complete analogue] 3 baits
CONFIRMED SRR11146890 [module-only homology] 1 baits
CONFIRMED SRR11146891 [near-complete analogue] 2 baits
CONFIRMED SRR11146892 [near-complete analogue] 2 baits
CONFIRMED SRR11146893 [near-complete analogue] 3 baits
CONFIRMED SRR11146894 [near-complete analogue] 3 baits
CONFIRMED SRR11146895 [near-complete analogue] 3 baits
CONFIRMED SRR11146896 [near-complete analogue] 3 baits
CONFIRMED SRR11146897 [near-complete analogue] 3 baits
CONFIRMED SRR11146898 [near-complete analogue] 3 baits
CONFIRMED SRR11146899 [near-complete analogue] 3 baits
CONFIRMED SRR11146900 [near-complete analogue] 3 baits
CONFIRMED SRR11146901 [near-complete analogue] 3 baits
CONFIRMED SRR11148634 [near-complete analogue] 3 baits
CONFIRMED SRR11148635 [near-complete analogue] 3 baits
CONFIRMED SRR11148636 [near-complete analogue] 3 baits
CONFIRMED SRR11148637 [module-only homology] 1 baits
CONFIRMED SRR11148638 [near-complete analogue] 2 baits
CONFIRMED SRR11148639 [near-complete analogue] 2 baits
CONFIRMED SRR11148640 [near-complete analogue] 3 baits
CONFIRMED SRR11148641 [near-complete analogue] 3 baits
CONFIRMED SRR11148642 [near-complete analogue] 3 baits
CONFIRMED SRR11148643 [near-complete analogue] 3 baits
CONFIRMED SRR11148644 [near-complete analogue] 3 baits
CONFIRMED SRR11148645 [near-complete analogue] 3 baits
CONFIRMED SRR11148646 [near-complete analogue] 3 baits
CONFIRMED SRR11148647 [near-complete analogue] 3 baits
CONFIRMED SRR11148648 [near-complete analogue] 3 baits
CONFIRMED SRR11149265 [module-only homology] 1 baits
CONFIRMED SRR11341591 [near-complete analogue] 3 baits
CONFIRMED SRR11341594 [near-complete analogue] 3 baits
CONFIRMED SRR11341595 [near-complete analogue] 4 baits
CONFIRMED SRR11341597 [near-complete analogue] 4 baits
CONFIRMED SRR11341598 [module-only homology] 1 baits
CONFIRMED SRR11341600 [module-only homology] 1 baits
CONFIRMED SRR11341601 [junction/synteny supported] 1 baits
CONFIRMED SRR11341603 [module-only homology] 1 baits
CONFIRMED SRR11341604 [near-complete analogue] 3 baits
CONFIRMED SRR11341607 [module-only homology] 1 baits
CONFIRMED SRR11341609 [module-only homology] 1 baits
CONFIRMED SRR11341610 [module-only homology] 1 baits
CONFIRMED SRR11341611 [module-only homology] 1 baits
CONFIRMED SRR11341612 [module-only homology] 1 baits
CONFIRMED SRR11341614 [module-only homology] 1 baits
CONFIRMED SRR11341620 [junction/synteny supported] 1 baits
CONFIRMED SRR11341621 [near-complete analogue] 2 baits
CONFIRMED SRR11341622 [module-only homology] 1 baits
CONFIRMED SRR11341625 [near-complete analogue] 2 baits
CONFIRMED SRR11341626 [near-complete analogue] 2 baits
CONFIRMED SRR11341627 [module-only homology] 1 baits
CONFIRMED SRR11341629 [module-only homology] 1 baits
CONFIRMED SRR11341630 [near-complete analogue] 4 baits
CONFIRMED SRR11341631 [module-only homology] 1 baits
CONFIRMED SRR11341632 [module-only homology] 1 baits
CONFIRMED SRR11341633 [module-only homology] 1 baits
CONFIRMED SRR11341636 [near-complete analogue] 2 baits
CONFIRMED SRR11341637 [module-only homology] 1 baits
CONFIRMED SRR11341638 [near-complete analogue] 2 baits
CONFIRMED SRR11341639 [near-complete analogue] 2 baits
CONFIRMED SRR11341640 [module-only homology] 1 baits
CONFIRMED SRR11341642 [near-complete analogue] 3 baits
CONFIRMED SRR11341643 [near-complete analogue] 2 baits
CONFIRMED SRR11341645 [module-only homology] 1 baits
CONFIRMED SRR11341647 [near-complete analogue] 2 baits
CONFIRMED SRR11341648 [module-only homology] 1 baits
CONFIRMED SRR11341649 [near-complete analogue] 2 baits
CONFIRMED SRR11341650 [near-complete analogue] 2 baits
CONFIRMED SRR11341651 [near-complete analogue] 2 baits
CONFIRMED SRR11341652 [module-only homology] 1 baits
CONFIRMED SRR11341655 [near-complete analogue] 2 baits
CONFIRMED SRR11341656 [near-complete analogue] 2 baits
CONFIRMED SRR1146255 [module-only homology] 1 baits
CONFIRMED SRR11484424 [module-only homology] 1 baits
CONFIRMED SRR11484518 [module-only homology] 1 baits
CONFIRMED SRR11487918 [near-complete analogue] 4 baits
CONFIRMED SRR11531458 [module-only homology] 1 baits
CONFIRMED SRR11531466 [module-only homology] 1 baits
CONFIRMED SRR11561262 [junction/synteny supported] 1 baits
CONFIRMED SRR11606888 [module-only homology] 1 baits
CONFIRMED SRR11606889 [module-only homology] 1 baits
CONFIRMED SRR11658085 [near-complete analogue] 2 baits
CONFIRMED SRR11658086 [module-only homology] 1 baits
CONFIRMED SRR11658090 [junction/synteny supported] 1 baits
CONFIRMED SRR11658096 [near-complete analogue] 4 baits
CONFIRMED SRR11658098 [near-complete analogue] 2 baits
CONFIRMED SRR11658113 [module-only homology] 1 baits
CONFIRMED SRR11658119 [junction/synteny supported] 1 baits
CONFIRMED SRR11658126 [module-only homology] 1 baits
CONFIRMED SRR11658131 [near-complete analogue] 2 baits
CONFIRMED SRR11658134 [near-complete analogue] 2 baits
CONFIRMED SRR11658136 [near-complete analogue] 2 baits
CONFIRMED SRR11658140 [near-complete analogue] 4 baits
CONFIRMED SRR11658144 [near-complete analogue] 2 baits
CONFIRMED SRR11658145 [module-only homology] 1 baits
CONFIRMED SRR11658155 [near-complete analogue] 3 baits
CONFIRMED SRR11658160 [module-only homology] 1 baits
CONFIRMED SRR11658167 [near-complete analogue] 2 baits
CONFIRMED SRR11658172 [module-only homology] 1 baits
CONFIRMED SRR11658175 [near-complete analogue] 3 baits
CONFIRMED SRR11658178 [junction/synteny supported] 1 baits
CONFIRMED SRR11658180 [module-only homology] 1 baits
CONFIRMED SRR11658181 [junction/synteny supported] 1 baits
CONFIRMED SRR11658184 [junction/synteny supported] 1 baits
CONFIRMED SRR11658185 [near-complete analogue] 2 baits
CONFIRMED SRR11658217 [module-only homology] 1 baits
CONFIRMED SRR11658220 [module-only homology] 1 baits
CONFIRMED SRR11658224 [near-complete analogue] 3 baits
CONFIRMED SRR11658234 [near-complete analogue] 3 baits
CONFIRMED SRR11658243 [near-complete analogue] 3 baits
CONFIRMED SRR11658273 [module-only homology] 1 baits
CONFIRMED SRR11658279 [near-complete analogue] 2 baits
CONFIRMED SRR11658283 [near-complete analogue] 4 baits
CONFIRMED SRR11658286 [near-complete analogue] 2 baits
CONFIRMED SRR11658291 [module-only homology] 1 baits
CONFIRMED SRR11658292 [module-only homology] 1 baits
CONFIRMED SRR11658294 [near-complete analogue] 2 baits
CONFIRMED SRR11658295 [near-complete analogue] 3 baits
CONFIRMED SRR11658297 [near-complete analogue] 2 baits
CONFIRMED SRR11658302 [near-complete analogue] 2 baits
CONFIRMED SRR1180816 [near-complete analogue] 2 baits
CONFIRMED SRR1180965 [near-complete analogue] 2 baits
CONFIRMED SRR11852235 [module-only homology] 1 baits
CONFIRMED SRR11852236 [module-only homology] 1 baits
CONFIRMED SRR11852237 [module-only homology] 1 baits
CONFIRMED SRR11852239 [module-only homology] 1 baits
CONFIRMED SRR11852240 [module-only homology] 1 baits
CONFIRMED SRR11852241 [module-only homology] 1 baits
CONFIRMED SRR11852242 [module-only homology] 1 baits
CONFIRMED SRR11852243 [module-only homology] 1 baits
CONFIRMED SRR11852244 [module-only homology] 1 baits
CONFIRMED SRR11852245 [module-only homology] 1 baits
CONFIRMED SRR11852246 [module-only homology] 1 baits
CONFIRMED SRR11852247 [module-only homology] 1 baits
CONFIRMED SRR11852248 [module-only homology] 1 baits
CONFIRMED SRR11852250 [module-only homology] 1 baits
CONFIRMED SRR11852251 [module-only homology] 1 baits
CONFIRMED SRR11852252 [module-only homology] 1 baits
CONFIRMED SRR11852253 [module-only homology] 1 baits
CONFIRMED SRR11852254 [module-only homology] 1 baits
CONFIRMED SRR11852255 [module-only homology] 1 baits
CONFIRMED SRR11852256 [module-only homology] 1 baits
CONFIRMED SRR11852257 [module-only homology] 1 baits
CONFIRMED SRR11852258 [module-only homology] 1 baits
CONFIRMED SRR11852259 [module-only homology] 1 baits
CONFIRMED SRR11852261 [module-only homology] 1 baits
CONFIRMED SRR11852262 [module-only homology] 1 baits
CONFIRMED SRR11852263 [module-only homology] 1 baits
CONFIRMED SRR11852264 [module-only homology] 1 baits
CONFIRMED SRR11852265 [module-only homology] 1 baits
CONFIRMED SRR11852266 [module-only homology] 1 baits
CONFIRMED SRR11852267 [module-only homology] 1 baits
CONFIRMED SRR11852268 [module-only homology] 1 baits
CONFIRMED SRR11852269 [module-only homology] 1 baits
CONFIRMED SRR11852270 [module-only homology] 1 baits
CONFIRMED SRR11852271 [near-complete analogue] 3 baits
CONFIRMED SRR11852272 [module-only homology] 1 baits
CONFIRMED SRR11852273 [module-only homology] 1 baits
CONFIRMED SRR11852274 [module-only homology] 1 baits
CONFIRMED SRR11852275 [module-only homology] 1 baits
CONFIRMED SRR11852276 [module-only homology] 1 baits
CONFIRMED SRR11852277 [near-complete analogue] 3 baits
CONFIRMED SRR11852278 [near-complete analogue] 3 baits
CONFIRMED SRR11852279 [near-complete analogue] 3 baits
CONFIRMED SRR11852281 [near-complete analogue] 3 baits
CONFIRMED SRR11852282 [near-complete analogue] 3 baits
CONFIRMED SRR11852283 [module-only homology] 1 baits
CONFIRMED SRR11852284 [near-complete analogue] 3 baits
CONFIRMED SRR11852285 [near-complete analogue] 3 baits
CONFIRMED SRR11852286 [module-only homology] 1 baits
CONFIRMED SRR11852288 [near-complete analogue] 3 baits
CONFIRMED SRR11852293 [near-complete analogue] 3 baits
CONFIRMED SRR11852294 [near-complete analogue] 3 baits
CONFIRMED SRR1186335 [near-complete analogue] 2 baits
CONFIRMED SRR1186342 [module-only homology] 1 baits
CONFIRMED SRR1186350 [near-complete analogue] 2 baits
CONFIRMED SRR1186353 [module-only homology] 1 baits
CONFIRMED SRR1186402 [near-complete analogue] 2 baits
CONFIRMED SRR1186460 [module-only homology] 1 baits
CONFIRMED SRR1186477 [module-only homology] 1 baits
CONFIRMED SRR1186592 [module-only homology] 1 baits
CONFIRMED SRR1186593 [near-complete analogue] 2 baits
CONFIRMED SRR1186634 [module-only homology] 1 baits
CONFIRMED SRR1186635 [module-only homology] 1 baits
CONFIRMED SRR1186638 [module-only homology] 1 baits
CONFIRMED SRR1186639 [module-only homology] 1 baits
CONFIRMED SRR1186647 [module-only homology] 1 baits
CONFIRMED SRR1186654 [module-only homology] 1 baits
CONFIRMED SRR1186657 [module-only homology] 1 baits
CONFIRMED SRR1186664 [module-only homology] 1 baits
CONFIRMED SRR1186670 [module-only homology] 1 baits
CONFIRMED SRR1186726 [near-complete analogue] 2 baits
CONFIRMED SRR1186735 [near-complete analogue] 2 baits
CONFIRMED SRR1186737 [module-only homology] 1 baits
CONFIRMED SRR1186801 [module-only homology] 1 baits
CONFIRMED SRR1187751 [near-complete analogue] 2 baits
CONFIRMED SRR1187781 [near-complete analogue] 2 baits
CONFIRMED SRR11892818 [near-complete analogue] 5 baits
CONFIRMED SRR11892853 [near-complete analogue] 2 baits
CONFIRMED SRR1191648 [near-complete analogue] 4 baits
CONFIRMED SRR1191652 [near-complete analogue] 2 baits
CONFIRMED SRR1191659 [near-complete analogue] 3 baits
CONFIRMED SRR12398585 [module-only homology] 1 baits
CONFIRMED SRR12398586 [module-only homology] 1 baits
CONFIRMED SRR12398587 [module-only homology] 1 baits
CONFIRMED SRR12398588 [module-only homology] 1 baits
CONFIRMED SRR12398589 [module-only homology] 1 baits
CONFIRMED SRR12398590 [module-only homology] 1 baits
CONFIRMED SRR12398591 [module-only homology] 1 baits
CONFIRMED SRR12398592 [module-only homology] 1 baits
CONFIRMED SRR12398593 [near-complete analogue] 3 baits
CONFIRMED SRR12398594 [near-complete analogue] 2 baits
CONFIRMED SRR12398595 [module-only homology] 1 baits
CONFIRMED SRR12398598 [module-only homology] 1 baits
CONFIRMED SRR12398599 [module-only homology] 1 baits
CONFIRMED SRR12398600 [module-only homology] 1 baits
CONFIRMED SRR12398601 [module-only homology] 1 baits
CONFIRMED SRR124115 [module-only homology] 1 baits
CONFIRMED SRR124116 [near-complete analogue] 4 baits
CONFIRMED SRR124125 [near-complete analogue] 3 baits
CONFIRMED SRR12425868 [near-complete analogue] 2 baits
CONFIRMED SRR12425869 [near-complete analogue] 2 baits
CONFIRMED SRR12464830 [near-complete analogue] 2 baits
CONFIRMED SRR12464848 [near-complete analogue] 5 baits
CONFIRMED SRR12464864 [near-complete analogue] 7 baits
CONFIRMED SRR12464886 [near-complete analogue] 2 baits
CONFIRMED SRR12464890 [module-only homology] 1 baits
CONFIRMED SRR12464971 [near-complete analogue] 2 baits
CONFIRMED SRR12465105 [near-complete analogue] 2 baits
CONFIRMED SRR12465108 [module-only homology] 1 baits
CONFIRMED SRR12569219 [near-complete analogue] 3 baits
CONFIRMED SRR12569222 [near-complete analogue] 3 baits
CONFIRMED SRR12569223 [near-complete analogue] 3 baits
CONFIRMED SRR12569231 [module-only homology] 1 baits
CONFIRMED SRR12569233 [module-only homology] 1 baits
CONFIRMED SRR12569242 [module-only homology] 1 baits
CONFIRMED SRR12569243 [module-only homology] 1 baits
CONFIRMED SRR12569938 [near-complete analogue] 2 baits
CONFIRMED SRR12569943 [module-only homology] 1 baits
CONFIRMED SRR12569947 [module-only homology] 1 baits
CONFIRMED SRR12569950 [near-complete analogue] 2 baits
CONFIRMED SRR12569952 [module-only homology] 1 baits
CONFIRMED SRR12569955 [module-only homology] 1 baits
CONFIRMED SRR12569956 [module-only homology] 1 baits
CONFIRMED SRR12569957 [near-complete analogue] 3 baits
CONFIRMED SRR12569962 [module-only homology] 1 baits
CONFIRMED SRR12569973 [module-only homology] 1 baits
CONFIRMED SRR12569977 [module-only homology] 1 baits
CONFIRMED SRR12569981 [module-only homology] 1 baits
CONFIRMED SRR12569983 [module-only homology] 1 baits
CONFIRMED SRR12569987 [near-complete analogue] 3 baits
CONFIRMED SRR12569988 [near-complete analogue] 2 baits
CONFIRMED SRR12569993 [near-complete analogue] 4 baits
CONFIRMED SRR12569998 [near-complete analogue] 3 baits
CONFIRMED SRR12570004 [near-complete analogue] 2 baits
CONFIRMED SRR12570005 [near-complete analogue] 2 baits
CONFIRMED SRR12570008 [module-only homology] 1 baits
CONFIRMED SRR12570014 [near-complete analogue] 2 baits
CONFIRMED SRR12570022 [module-only homology] 1 baits
CONFIRMED SRR12570024 [near-complete analogue] 2 baits
CONFIRMED SRR12570032 [near-complete analogue] 3 baits
CONFIRMED SRR12570033 [module-only homology] 1 baits
CONFIRMED SRR12570042 [near-complete analogue] 2 baits
CONFIRMED SRR12704988 [near-complete analogue] 4 baits
CONFIRMED SRR1272843 [module-only homology] 1 baits
CONFIRMED SRR1272846 [near-complete analogue] 2 baits
CONFIRMED SRR12744009 [module-only homology] 1 baits
CONFIRMED SRR12744035 [module-only homology] 1 baits
CONFIRMED SRR12744056 [module-only homology] 1 baits
CONFIRMED SRR12744059 [module-only homology] 1 baits
CONFIRMED SRR12744062 [near-complete analogue] 2 baits
CONFIRMED SRR12744067 [module-only homology] 1 baits
CONFIRMED SRR12747129 [near-complete analogue] 2 baits
CONFIRMED SRR12789465 [module-only homology] 1 baits
CONFIRMED SRR12789468 [module-only homology] 1 baits
CONFIRMED SRR12789471 [module-only homology] 1 baits
CONFIRMED SRR12789475 [module-only homology] 1 baits
CONFIRMED SRR12789476 [module-only homology] 1 baits
CONFIRMED SRR12789477 [module-only homology] 1 baits
CONFIRMED SRR12809169 [module-only homology] 1 baits
CONFIRMED SRR12809170 [module-only homology] 1 baits
CONFIRMED SRR12809171 [near-complete analogue] 2 baits
CONFIRMED SRR12809172 [module-only homology] 1 baits
CONFIRMED SRR12809173 [module-only homology] 1 baits
CONFIRMED SRR12809174 [module-only homology] 1 baits
CONFIRMED SRR12817466 [module-only homology] 1 baits
CONFIRMED SRR12817467 [module-only homology] 1 baits
CONFIRMED SRR12885725 [near-complete analogue] 3 baits
CONFIRMED SRR12885729 [module-only homology] 1 baits
CONFIRMED SRR12885731 [module-only homology] 1 baits
CONFIRMED SRR12885732 [near-complete analogue] 2 baits
CONFIRMED SRR12885735 [module-only homology] 1 baits
CONFIRMED SRR12885737 [module-only homology] 1 baits
CONFIRMED SRR12885738 [module-only homology] 1 baits
CONFIRMED SRR12885742 [module-only homology] 1 baits
CONFIRMED SRR12885745 [module-only homology] 1 baits
CONFIRMED SRR12885749 [module-only homology] 1 baits
CONFIRMED SRR12885750 [junction/synteny supported] 1 baits
CONFIRMED SRR12885751 [module-only homology] 1 baits
CONFIRMED SRR12885752 [module-only homology] 1 baits
CONFIRMED SRR12885753 [module-only homology] 1 baits
CONFIRMED SRR13000327 [near-complete analogue] 3 baits
CONFIRMED SRR13000401 [junction/synteny supported] 1 baits
CONFIRMED SRR13296940 [near-complete analogue] 2 baits
CONFIRMED SRR13296941 [near-complete analogue] 2 baits
CONFIRMED SRR13296942 [near-complete analogue] 2 baits
CONFIRMED SRR13333450 [near-complete analogue] 3 baits
CONFIRMED SRR13389397 [module-only homology] 1 baits
CONFIRMED SRR13389399 [module-only homology] 1 baits
CONFIRMED SRR13389400 [junction/synteny supported] 1 baits
CONFIRMED SRR13389401 [module-only homology] 1 baits
CONFIRMED SRR13389403 [module-only homology] 1 baits
CONFIRMED SRR13389406 [module-only homology] 1 baits
CONFIRMED SRR13389407 [near-complete analogue] 2 baits
CONFIRMED SRR13389408 [near-complete analogue] 4 baits
CONFIRMED SRR13389410 [module-only homology] 1 baits
CONFIRMED SRR13389413 [module-only homology] 1 baits
CONFIRMED SRR13389414 [module-only homology] 1 baits
CONFIRMED SRR13389419 [module-only homology] 1 baits
CONFIRMED SRR13608624 [module-only homology] 1 baits
CONFIRMED SRR13608631 [module-only homology] 1 baits
CONFIRMED SRR13668360 [module-only homology] 1 baits
CONFIRMED SRR13693572 [module-only homology] 1 baits
CONFIRMED SRR13708342 [near-complete analogue] 2 baits
CONFIRMED SRR13708343 [near-complete analogue] 2 baits
CONFIRMED SRR13708344 [near-complete analogue] 2 baits
CONFIRMED SRR13708347 [module-only homology] 1 baits
CONFIRMED SRR13708349 [near-complete analogue] 2 baits
CONFIRMED SRR13708352 [module-only homology] 1 baits
CONFIRMED SRR13708355 [module-only homology] 1 baits
CONFIRMED SRR13708356 [near-complete analogue] 3 baits
CONFIRMED SRR13708357 [near-complete analogue] 2 baits
CONFIRMED SRR13708359 [near-complete analogue] 3 baits
CONFIRMED SRR13708361 [near-complete analogue] 2 baits
CONFIRMED SRR13708362 [module-only homology] 1 baits
CONFIRMED SRR13708363 [near-complete analogue] 5 baits
CONFIRMED SRR13708366 [near-complete analogue] 2 baits
CONFIRMED SRR13708368 [near-complete analogue] 3 baits
CONFIRMED SRR13708371 [module-only homology] 1 baits
CONFIRMED SRR13708372 [near-complete analogue] 2 baits
CONFIRMED SRR13708373 [module-only homology] 1 baits
CONFIRMED SRR13708374 [module-only homology] 1 baits
CONFIRMED SRR13708375 [module-only homology] 1 baits
CONFIRMED SRR13708376 [module-only homology] 1 baits
CONFIRMED SRR13708377 [module-only homology] 1 baits
CONFIRMED SRR13708379 [module-only homology] 1 baits
CONFIRMED SRR13708380 [near-complete analogue] 2 baits
CONFIRMED SRR13708382 [near-complete analogue] 2 baits
CONFIRMED SRR13708386 [near-complete analogue] 2 baits
CONFIRMED SRR13708387 [near-complete analogue] 2 baits
CONFIRMED SRR13708390 [near-complete analogue] 2 baits
CONFIRMED SRR13708391 [near-complete analogue] 2 baits
CONFIRMED SRR13708395 [near-complete analogue] 2 baits
CONFIRMED SRR13848065 [module-only homology] 1 baits
CONFIRMED SRR13848073 [module-only homology] 1 baits
CONFIRMED SRR13848078 [module-only homology] 1 baits
CONFIRMED SRR13848079 [near-complete analogue] 5 baits
CONFIRMED SRR13848081 [near-complete analogue] 4 baits
CONFIRMED SRR13848083 [module-only homology] 1 baits
CONFIRMED SRR13848084 [module-only homology] 1 baits
CONFIRMED SRR13848085 [module-only homology] 1 baits
CONFIRMED SRR13848086 [module-only homology] 1 baits
CONFIRMED SRR13848087 [module-only homology] 1 baits
CONFIRMED SRR13848089 [module-only homology] 1 baits
CONFIRMED SRR13848090 [near-complete analogue] 5 baits
CONFIRMED SRR13848095 [near-complete analogue] 2 baits
CONFIRMED SRR13848096 [near-complete analogue] 2 baits
CONFIRMED SRR13848099 [module-only homology] 1 baits
CONFIRMED SRR13848101 [module-only homology] 1 baits
CONFIRMED SRR13848102 [near-complete analogue] 2 baits
CONFIRMED SRR13848103 [module-only homology] 1 baits
CONFIRMED SRR13848104 [module-only homology] 1 baits
CONFIRMED SRR13848109 [near-complete analogue] 2 baits
CONFIRMED SRR13848110 [near-complete analogue] 2 baits
CONFIRMED SRR13848111 [junction/synteny supported] 1 baits
CONFIRMED SRR13848112 [near-complete analogue] 5 baits
CONFIRMED SRR13848113 [module-only homology] 1 baits
CONFIRMED SRR13848114 [module-only homology] 1 baits
CONFIRMED SRR13848117 [module-only homology] 1 baits
CONFIRMED SRR13848118 [near-complete analogue] 2 baits
CONFIRMED SRR13848122 [near-complete analogue] 2 baits
CONFIRMED SRR13848124 [near-complete analogue] 2 baits
CONFIRMED SRR13848125 [module-only homology] 1 baits
CONFIRMED SRR13848126 [module-only homology] 1 baits
CONFIRMED SRR13848128 [module-only homology] 1 baits
CONFIRMED SRR13848129 [near-complete analogue] 3 baits
CONFIRMED SRR13848130 [near-complete analogue] 6 baits
CONFIRMED SRR13848131 [junction/synteny supported] 1 baits
CONFIRMED SRR13848132 [module-only homology] 1 baits
CONFIRMED SRR13848133 [module-only homology] 1 baits
CONFIRMED SRR13893503 [junction/synteny supported] 1 baits
CONFIRMED SRR13893506 [module-only homology] 1 baits
CONFIRMED SRR13893508 [near-complete analogue] 3 baits
CONFIRMED SRR13893509 [near-complete analogue] 5 baits
CONFIRMED SRR13893510 [module-only homology] 1 baits
CONFIRMED SRR13893610 [near-complete analogue] 2 baits
CONFIRMED SRR13893621 [module-only homology] 1 baits
CONFIRMED SRR13893632 [module-only homology] 1 baits
CONFIRMED SRR13893634 [near-complete analogue] 4 baits
CONFIRMED SRR13893635 [module-only homology] 1 baits
CONFIRMED SRR13893636 [near-complete analogue] 2 baits
CONFIRMED SRR13893638 [near-complete analogue] 6 baits
CONFIRMED SRR13893640 [module-only homology] 1 baits
CONFIRMED SRR13893642 [near-complete analogue] 2 baits
CONFIRMED SRR13893643 [module-only homology] 1 baits
CONFIRMED SRR13893644 [module-only homology] 1 baits
CONFIRMED SRR13893645 [module-only homology] 1 baits
CONFIRMED SRR13893646 [module-only homology] 1 baits
CONFIRMED SRR13893651 [near-complete analogue] 4 baits
CONFIRMED SRR13893673 [near-complete analogue] 2 baits
CONFIRMED SRR13893729 [near-complete analogue] 2 baits
CONFIRMED SRR13893730 [near-complete analogue] 3 baits
CONFIRMED SRR13893731 [module-only homology] 1 baits
CONFIRMED SRR13893733 [near-complete analogue] 3 baits
CONFIRMED SRR13893735 [near-complete analogue] 3 baits
CONFIRMED SRR13893736 [near-complete analogue] 3 baits
CONFIRMED SRR13893737 [near-complete analogue] 5 baits
CONFIRMED SRR13893738 [module-only homology] 1 baits
CONFIRMED SRR13893739 [near-complete analogue] 2 baits
CONFIRMED SRR13893744 [near-complete analogue] 2 baits
CONFIRMED SRR13893745 [near-complete analogue] 4 baits
CONFIRMED SRR13893746 [module-only homology] 1 baits
CONFIRMED SRR13893747 [module-only homology] 1 baits
CONFIRMED SRR13893748 [near-complete analogue] 2 baits
CONFIRMED SRR13893750 [near-complete analogue] 5 baits
CONFIRMED SRR13893751 [module-only homology] 1 baits
CONFIRMED SRR13893752 [module-only homology] 1 baits
CONFIRMED SRR13893753 [module-only homology] 1 baits
CONFIRMED SRR13893757 [near-complete analogue] 2 baits
CONFIRMED SRR13893759 [near-complete analogue] 2 baits
CONFIRMED SRR13893764 [module-only homology] 1 baits
CONFIRMED SRR13893767 [module-only homology] 1 baits
CONFIRMED SRR13893778 [near-complete analogue] 6 baits
CONFIRMED SRR13995194 [near-complete analogue] 2 baits
CONFIRMED SRR14136372 [junction/synteny supported] 1 baits
CONFIRMED SRR14229529 [near-complete analogue] 2 baits
CONFIRMED SRR14229530 [near-complete analogue] 2 baits
CONFIRMED SRR14229531 [near-complete analogue] 2 baits
CONFIRMED SRR14229532 [module-only homology] 1 baits
CONFIRMED SRR14229533 [near-complete analogue] 2 baits
CONFIRMED SRR14229534 [near-complete analogue] 3 baits
CONFIRMED SRR14229535 [module-only homology] 1 baits
CONFIRMED SRR14229536 [near-complete analogue] 2 baits
CONFIRMED SRR14229537 [near-complete analogue] 2 baits
CONFIRMED SRR14229538 [near-complete analogue] 2 baits
CONFIRMED SRR14272530 [near-complete analogue] 4 baits
CONFIRMED SRR14272531 [near-complete analogue] 3 baits
CONFIRMED SRR14272532 [near-complete analogue] 7 baits
CONFIRMED SRR14272538 [near-complete analogue] 3 baits
CONFIRMED SRR14272539 [module-only homology] 1 baits
CONFIRMED SRR14272540 [module-only homology] 1 baits
CONFIRMED SRR14272541 [module-only homology] 1 baits
CONFIRMED SRR14272547 [junction/synteny supported] 1 baits
CONFIRMED SRR14272562 [module-only homology] 1 baits
CONFIRMED SRR14272564 [module-only homology] 1 baits
CONFIRMED SRR14272565 [near-complete analogue] 2 baits
CONFIRMED SRR14272573 [module-only homology] 1 baits
CONFIRMED SRR14272574 [module-only homology] 1 baits
CONFIRMED SRR14272580 [module-only homology] 1 baits
CONFIRMED SRR14272583 [module-only homology] 1 baits
CONFIRMED SRR14272586 [junction/synteny supported] 1 baits
CONFIRMED SRR14272587 [near-complete analogue] 4 baits
CONFIRMED SRR14272589 [module-only homology] 1 baits
CONFIRMED SRR14272595 [module-only homology] 1 baits
CONFIRMED SRR14272597 [near-complete analogue] 4 baits
CONFIRMED SRR14272599 [module-only homology] 1 baits
CONFIRMED SRR14272602 [near-complete analogue] 2 baits
CONFIRMED SRR14272603 [module-only homology] 1 baits
CONFIRMED SRR14272605 [near-complete analogue] 2 baits
CONFIRMED SRR14272606 [near-complete analogue] 2 baits
CONFIRMED SRR14272609 [module-only homology] 1 baits
CONFIRMED SRR14272611 [junction/synteny supported] 1 baits
CONFIRMED SRR14272613 [module-only homology] 1 baits
CONFIRMED SRR14272616 [module-only homology] 1 baits
CONFIRMED SRR14272620 [near-complete analogue] 2 baits
CONFIRMED SRR14272621 [module-only homology] 1 baits
CONFIRMED SRR14272622 [near-complete analogue] 4 baits
CONFIRMED SRR14310591 [near-complete analogue] 2 baits
CONFIRMED SRR14310597 [near-complete analogue] 3 baits
CONFIRMED SRR14310602 [junction/synteny supported] 1 baits
CONFIRMED SRR14492019 [near-complete analogue] 2 baits
CONFIRMED SRR14514764 [module-only homology] 1 baits
CONFIRMED SRR14514765 [near-complete analogue] 3 baits
CONFIRMED SRR14514767 [near-complete analogue] 3 baits
CONFIRMED SRR14514768 [near-complete analogue] 4 baits
CONFIRMED SRR14514769 [near-complete analogue] 2 baits
CONFIRMED SRR14514770 [near-complete analogue] 5 baits
CONFIRMED SRR14514771 [module-only homology] 1 baits
CONFIRMED SRR14514772 [near-complete analogue] 2 baits
CONFIRMED SRR14514773 [near-complete analogue] 5 baits
CONFIRMED SRR14514774 [near-complete analogue] 2 baits
CONFIRMED SRR14514775 [near-complete analogue] 2 baits
CONFIRMED SRR14514776 [near-complete analogue] 3 baits
CONFIRMED SRR14514777 [near-complete analogue] 6 baits
CONFIRMED SRR14514778 [near-complete analogue] 4 baits
CONFIRMED SRR14514779 [module-only homology] 1 baits
CONFIRMED SRR14514780 [near-complete analogue] 2 baits
CONFIRMED SRR14514782 [module-only homology] 1 baits
CONFIRMED SRR14514783 [near-complete analogue] 3 baits
CONFIRMED SRR14514784 [module-only homology] 1 baits
CONFIRMED SRR14514785 [near-complete analogue] 2 baits
CONFIRMED SRR14514786 [near-complete analogue] 5 baits
CONFIRMED SRR14514787 [near-complete analogue] 4 baits
CONFIRMED SRR14514788 [module-only homology] 1 baits
CONFIRMED SRR14514789 [module-only homology] 1 baits
CONFIRMED SRR14514790 [near-complete analogue] 2 baits
CONFIRMED SRR14514791 [near-complete analogue] 2 baits
CONFIRMED SRR14514792 [near-complete analogue] 6 baits
CONFIRMED SRR14514793 [module-only homology] 1 baits
CONFIRMED SRR14514794 [near-complete analogue] 3 baits
CONFIRMED SRR14514795 [near-complete analogue] 2 baits
CONFIRMED SRR14514796 [module-only homology] 1 baits
CONFIRMED SRR14514797 [near-complete analogue] 2 baits
CONFIRMED SRR14514798 [module-only homology] 1 baits
CONFIRMED SRR14514799 [near-complete analogue] 3 baits
CONFIRMED SRR14514801 [module-only homology] 1 baits
CONFIRMED SRR14514802 [module-only homology] 1 baits
CONFIRMED SRR14514803 [near-complete analogue] 3 baits
CONFIRMED SRR14514805 [module-only homology] 1 baits
CONFIRMED SRR14514806 [module-only homology] 1 baits
CONFIRMED SRR14514807 [near-complete analogue] 2 baits
CONFIRMED SRR14514808 [near-complete analogue] 2 baits
CONFIRMED SRR14514810 [near-complete analogue] 2 baits
CONFIRMED SRR14514811 [module-only homology] 1 baits
CONFIRMED SRR14514812 [near-complete analogue] 2 baits
CONFIRMED SRR14514813 [near-complete analogue] 2 baits
CONFIRMED SRR14514814 [near-complete analogue] 2 baits
CONFIRMED SRR14514815 [near-complete analogue] 3 baits
CONFIRMED SRR14514816 [module-only homology] 1 baits
CONFIRMED SRR14514817 [near-complete analogue] 3 baits
CONFIRMED SRR14514818 [near-complete analogue] 2 baits
CONFIRMED SRR14514819 [near-complete analogue] 2 baits
CONFIRMED SRR14514820 [module-only homology] 1 baits
CONFIRMED SRR14514821 [near-complete analogue] 5 baits
CONFIRMED SRR14514822 [junction/synteny supported] 1 baits
CONFIRMED SRR14514823 [module-only homology] 1 baits
CONFIRMED SRR14514824 [near-complete analogue] 5 baits
CONFIRMED SRR14519412 [near-complete analogue] 2 baits
CONFIRMED SRR14519413 [near-complete analogue] 3 baits
CONFIRMED SRR14519415 [module-only homology] 1 baits
CONFIRMED SRR14519417 [near-complete analogue] 2 baits
CONFIRMED SRR14519419 [near-complete analogue] 2 baits
CONFIRMED SRR14519420 [near-complete analogue] 2 baits
CONFIRMED SRR14519423 [near-complete analogue] 2 baits
CONFIRMED SRR14519428 [near-complete analogue] 2 baits
CONFIRMED SRR14519429 [near-complete analogue] 2 baits
CONFIRMED SRR14519431 [near-complete analogue] 4 baits
CONFIRMED SRR14519432 [module-only homology] 1 baits
CONFIRMED SRR14519434 [near-complete analogue] 3 baits
CONFIRMED SRR14519439 [near-complete analogue] 2 baits
CONFIRMED SRR14519440 [near-complete analogue] 2 baits
CONFIRMED SRR14519441 [near-complete analogue] 3 baits
CONFIRMED SRR14519443 [module-only homology] 1 baits
CONFIRMED SRR14519445 [module-only homology] 1 baits
CONFIRMED SRR14519446 [near-complete analogue] 2 baits
CONFIRMED SRR14519447 [near-complete analogue] 2 baits
CONFIRMED SRR14519448 [near-complete analogue] 3 baits
CONFIRMED SRR14519451 [near-complete analogue] 2 baits
CONFIRMED SRR14519458 [near-complete analogue] 2 baits
CONFIRMED SRR14519461 [near-complete analogue] 2 baits
CONFIRMED SRR14519467 [near-complete analogue] 2 baits
CONFIRMED SRR14519471 [near-complete analogue] 2 baits
CONFIRMED SRR14519473 [near-complete analogue] 2 baits
CONFIRMED SRR14519474 [near-complete analogue] 2 baits
CONFIRMED SRR14519475 [near-complete analogue] 4 baits
CONFIRMED SRR14519477 [near-complete analogue] 4 baits
CONFIRMED SRR14519478 [near-complete analogue] 4 baits
CONFIRMED SRR14519480 [near-complete analogue] 4 baits
CONFIRMED SRR14519481 [near-complete analogue] 2 baits
CONFIRMED SRR14519484 [near-complete analogue] 2 baits
CONFIRMED SRR14519485 [near-complete analogue] 2 baits
CONFIRMED SRR14519488 [near-complete analogue] 2 baits
CONFIRMED SRR14519491 [near-complete analogue] 2 baits
CONFIRMED SRR14519495 [near-complete analogue] 3 baits
CONFIRMED SRR14519499 [near-complete analogue] 5 baits
CONFIRMED SRR14519501 [near-complete analogue] 4 baits
CONFIRMED SRR14519505 [near-complete analogue] 3 baits
CONFIRMED SRR14519514 [near-complete analogue] 4 baits
CONFIRMED SRR14519515 [near-complete analogue] 4 baits
CONFIRMED SRR14519517 [module-only homology] 1 baits
CONFIRMED SRR14519521 [near-complete analogue] 4 baits
CONFIRMED SRR14519523 [near-complete analogue] 3 baits
CONFIRMED SRR14519524 [near-complete analogue] 2 baits
CONFIRMED SRR14519526 [module-only homology] 1 baits
CONFIRMED SRR14519530 [near-complete analogue] 4 baits
CONFIRMED SRR14519533 [near-complete analogue] 2 baits
CONFIRMED SRR14519536 [near-complete analogue] 4 baits
CONFIRMED SRR14519538 [near-complete analogue] 2 baits
CONFIRMED SRR14519545 [near-complete analogue] 2 baits
CONFIRMED SRR14519547 [near-complete analogue] 2 baits
CONFIRMED SRR14519548 [module-only homology] 1 baits
CONFIRMED SRR14519552 [module-only homology] 1 baits
CONFIRMED SRR14519556 [module-only homology] 1 baits
CONFIRMED SRR14519557 [near-complete analogue] 2 baits
CONFIRMED SRR14519559 [near-complete analogue] 2 baits
CONFIRMED SRR14519562 [near-complete analogue] 4 baits
CONFIRMED SRR14519564 [near-complete analogue] 2 baits
CONFIRMED SRR14675523 [module-only homology] 1 baits
CONFIRMED SRR14675524 [module-only homology] 1 baits
CONFIRMED SRR14675525 [module-only homology] 1 baits
CONFIRMED SRR14681353 [near-complete analogue] 3 baits
CONFIRMED SRR14681358 [module-only homology] 1 baits
CONFIRMED SRR14681362 [module-only homology] 1 baits
CONFIRMED SRR14681363 [near-complete analogue] 3 baits
CONFIRMED SRR14681364 [module-only homology] 1 baits
CONFIRMED SRR14681365 [module-only homology] 1 baits
CONFIRMED SRR14681369 [near-complete analogue] 4 baits
CONFIRMED SRR14681374 [near-complete analogue] 4 baits
CONFIRMED SRR14681376 [near-complete analogue] 2 baits
CONFIRMED SRR14681378 [near-complete analogue] 2 baits
CONFIRMED SRR14681379 [module-only homology] 1 baits
CONFIRMED SRR14681381 [near-complete analogue] 3 baits
CONFIRMED SRR14681386 [module-only homology] 1 baits
CONFIRMED SRR14681390 [near-complete analogue] 4 baits
CONFIRMED SRR14681396 [near-complete analogue] 3 baits
CONFIRMED SRR14681399 [module-only homology] 1 baits
CONFIRMED SRR14681401 [near-complete analogue] 2 baits
CONFIRMED SRR14681402 [module-only homology] 1 baits
CONFIRMED SRR14681405 [near-complete analogue] 3 baits
CONFIRMED SRR14681406 [module-only homology] 1 baits
CONFIRMED SRR14681409 [near-complete analogue] 5 baits
CONFIRMED SRR14681411 [module-only homology] 1 baits
CONFIRMED SRR14681413 [near-complete analogue] 4 baits
CONFIRMED SRR14681415 [near-complete analogue] 2 baits
CONFIRMED SRR14681418 [near-complete analogue] 3 baits
CONFIRMED SRR14681420 [near-complete analogue] 3 baits
CONFIRMED SRR14681421 [near-complete analogue] 3 baits
CONFIRMED SRR14681424 [near-complete analogue] 4 baits
CONFIRMED SRR14681425 [module-only homology] 1 baits
CONFIRMED SRR14681432 [module-only homology] 1 baits
CONFIRMED SRR14681438 [module-only homology] 1 baits
CONFIRMED SRR14681440 [module-only homology] 1 baits
CONFIRMED SRR14681444 [module-only homology] 1 baits
CONFIRMED SRR14681447 [near-complete analogue] 4 baits
CONFIRMED SRR14681450 [module-only homology] 1 baits
CONFIRMED SRR14681453 [near-complete analogue] 2 baits
CONFIRMED SRR14681455 [near-complete analogue] 2 baits
CONFIRMED SRR14681462 [module-only homology] 1 baits
CONFIRMED SRR14763817 [module-only homology] 1 baits
CONFIRMED SRR14763818 [near-complete analogue] 4 baits
CONFIRMED SRR14763819 [near-complete analogue] 2 baits
CONFIRMED SRR14763820 [near-complete analogue] 2 baits
CONFIRMED SRR14763821 [near-complete analogue] 2 baits
CONFIRMED SRR15054628 [near-complete analogue] 4 baits
CONFIRMED SRR15054633 [near-complete analogue] 2 baits
CONFIRMED SRR15054641 [near-complete analogue] 4 baits
CONFIRMED SRR15054650 [module-only homology] 1 baits
CONFIRMED SRR15055275 [module-only homology] 1 baits
CONFIRMED SRR1509643 [near-complete analogue] 3 baits
CONFIRMED SRR15102826 [near-complete analogue] 2 baits
CONFIRMED SRR15102828 [near-complete analogue] 2 baits
CONFIRMED SRR15102856 [module-only homology] 1 baits
CONFIRMED SRR15102997 [near-complete analogue] 4 baits
CONFIRMED SRR15103002 [module-only homology] 1 baits
CONFIRMED SRR15249486 [module-only homology] 1 baits
CONFIRMED SRR15277995 [near-complete analogue] 2 baits
CONFIRMED SRR15277998 [near-complete analogue] 4 baits
CONFIRMED SRR15277999 [near-complete analogue] 2 baits
CONFIRMED SRR15311801 [near-complete analogue] 2 baits
CONFIRMED SRR15311802 [near-complete analogue] 2 baits
CONFIRMED SRR15311803 [module-only homology] 1 baits
CONFIRMED SRR15372341 [module-only homology] 1 baits
CONFIRMED SRR15600648 [module-only homology] 1 baits
CONFIRMED SRR15600649 [module-only homology] 1 baits
CONFIRMED SRR15600650 [module-only homology] 1 baits
CONFIRMED SRR15600651 [near-complete analogue] 3 baits
CONFIRMED SRR1562082 [module-only homology] 1 baits
CONFIRMED SRR15670930 [near-complete analogue] 3 baits
CONFIRMED SRR15686316 [near-complete analogue] 13 baits
CONFIRMED SRR15686317 [near-complete analogue] 7 baits
CONFIRMED SRR15686318 [near-complete analogue] 8 baits
CONFIRMED SRR15686319 [near-complete analogue] 16 baits
CONFIRMED SRR15686320 [near-complete analogue] 14 baits
CONFIRMED SRR15686321 [near-complete analogue] 15 baits
CONFIRMED SRR15686322 [near-complete analogue] 15 baits
CONFIRMED SRR15686323 [near-complete analogue] 7 baits
CONFIRMED SRR15686324 [near-complete analogue] 7 baits
CONFIRMED SRR15686325 [near-complete analogue] 7 baits
CONFIRMED SRR15686326 [near-complete analogue] 8 baits
CONFIRMED SRR15686327 [near-complete analogue] 16 baits
CONFIRMED SRR15686328 [near-complete analogue] 11 baits
CONFIRMED SRR15686329 [near-complete analogue] 6 baits
CONFIRMED SRR15686330 [near-complete analogue] 14 baits
CONFIRMED SRR15686331 [near-complete analogue] 11 baits
CONFIRMED SRR15686332 [near-complete analogue] 11 baits
CONFIRMED SRR15686333 [near-complete analogue] 14 baits
CONFIRMED SRR15783398 [near-complete analogue] 2 baits
CONFIRMED SRR15783402 [module-only homology] 1 baits
CONFIRMED SRR15783404 [module-only homology] 1 baits
CONFIRMED SRR15783405 [near-complete analogue] 4 baits
CONFIRMED SRR15783406 [module-only homology] 1 baits
CONFIRMED SRR15783412 [module-only homology] 1 baits
CONFIRMED SRR15783413 [module-only homology] 1 baits
CONFIRMED SRR15783414 [near-complete analogue] 2 baits
CONFIRMED SRR15927288 [near-complete analogue] 4 baits
CONFIRMED SRR15927289 [near-complete analogue] 4 baits
CONFIRMED SRR15927290 [near-complete analogue] 6 baits
CONFIRMED SRR15927291 [near-complete analogue] 4 baits
CONFIRMED SRR15927292 [near-complete analogue] 4 baits
CONFIRMED SRR15927293 [near-complete analogue] 3 baits
CONFIRMED SRR15927294 [near-complete analogue] 4 baits
CONFIRMED SRR15927295 [near-complete analogue] 4 baits
CONFIRMED SRR15927296 [near-complete analogue] 7 baits
CONFIRMED SRR15927297 [near-complete analogue] 3 baits
CONFIRMED SRR15927298 [near-complete analogue] 4 baits
CONFIRMED SRR15927299 [near-complete analogue] 3 baits
CONFIRMED SRR15927300 [near-complete analogue] 3 baits
CONFIRMED SRR15927301 [near-complete analogue] 4 baits
CONFIRMED SRR15927302 [near-complete analogue] 3 baits
CONFIRMED SRR15927303 [module-only homology] 1 baits
CONFIRMED SRR15927304 [near-complete analogue] 2 baits
CONFIRMED SRR15927306 [near-complete analogue] 5 baits
CONFIRMED SRR15927308 [near-complete analogue] 3 baits
CONFIRMED SRR15927309 [module-only homology] 1 baits
CONFIRMED SRR15927311 [near-complete analogue] 4 baits
CONFIRMED SRR15927312 [near-complete analogue] 3 baits
CONFIRMED SRR15927314 [near-complete analogue] 2 baits
CONFIRMED SRR15927316 [near-complete analogue] 2 baits
CONFIRMED SRR15927317 [module-only homology] 1 baits
CONFIRMED SRR15927318 [near-complete analogue] 6 baits
CONFIRMED SRR15927319 [junction/synteny supported] 1 baits
CONFIRMED SRR15927320 [near-complete analogue] 5 baits
CONFIRMED SRR15927321 [near-complete analogue] 4 baits
CONFIRMED SRR15927322 [near-complete analogue] 3 baits
CONFIRMED SRR15927323 [near-complete analogue] 4 baits
CONFIRMED SRR15929428 [near-complete analogue] 2 baits
CONFIRMED SRR15929429 [near-complete analogue] 2 baits
CONFIRMED SRR15929430 [near-complete analogue] 2 baits
CONFIRMED SRR16048129 [near-complete analogue] 2 baits
CONFIRMED SRR1631568 [junction/synteny supported] 1 baits
CONFIRMED SRR16542767 [module-only homology] 1 baits
CONFIRMED SRR16542768 [module-only homology] 1 baits
CONFIRMED SRR16542769 [near-complete analogue] 3 baits
CONFIRMED SRR16542770 [near-complete analogue] 2 baits
CONFIRMED SRR16542771 [near-complete analogue] 2 baits
CONFIRMED SRR16542772 [near-complete analogue] 2 baits
CONFIRMED SRR16542773 [module-only homology] 1 baits
CONFIRMED SRR16542774 [module-only homology] 1 baits
CONFIRMED SRR16542775 [module-only homology] 1 baits
CONFIRMED SRR16542776 [junction/synteny supported] 1 baits
CONFIRMED SRR16542777 [near-complete analogue] 2 baits
CONFIRMED SRR16542778 [module-only homology] 1 baits
CONFIRMED SRR16542779 [near-complete analogue] 3 baits
CONFIRMED SRR16542780 [near-complete analogue] 2 baits
CONFIRMED SRR16542781 [near-complete analogue] 2 baits
CONFIRMED SRR16542782 [near-complete analogue] 2 baits
CONFIRMED SRR16542783 [module-only homology] 1 baits
CONFIRMED SRR16542784 [near-complete analogue] 3 baits
CONFIRMED SRR16542785 [module-only homology] 1 baits
CONFIRMED SRR16542786 [near-complete analogue] 3 baits
CONFIRMED SRR16542788 [junction/synteny supported] 1 baits
CONFIRMED SRR16542789 [module-only homology] 1 baits
CONFIRMED SRR16542791 [near-complete analogue] 2 baits
CONFIRMED SRR16542792 [module-only homology] 1 baits
CONFIRMED SRR16542793 [near-complete analogue] 3 baits
CONFIRMED SRR16542794 [junction/synteny supported] 1 baits
CONFIRMED SRR16542796 [near-complete analogue] 2 baits
CONFIRMED SRR1658081 [module-only homology] 1 baits
CONFIRMED SRR1658098 [near-complete analogue] 2 baits
CONFIRMED SRR16639088 [near-complete analogue] 2 baits
CONFIRMED SRR16639089 [near-complete analogue] 3 baits
CONFIRMED SRR16639095 [near-complete analogue] 3 baits
CONFIRMED SRR16639096 [module-only homology] 1 baits
CONFIRMED SRR16639098 [near-complete analogue] 4 baits
CONFIRMED SRR16639099 [near-complete analogue] 5 baits
CONFIRMED SRR16674743 [near-complete analogue] 4 baits
CONFIRMED SRR16674744 [module-only homology] 1 baits
CONFIRMED SRR16674748 [module-only homology] 1 baits
CONFIRMED SRR16694234 [near-complete analogue] 2 baits
CONFIRMED SRR16763814 [near-complete analogue] 2 baits
CONFIRMED SRR16764781 [module-only homology] 1 baits
CONFIRMED SRR16889643 [near-complete analogue] 3 baits
CONFIRMED SRR16889644 [near-complete analogue] 2 baits
CONFIRMED SRR16889645 [near-complete analogue] 3 baits
CONFIRMED SRR16889646 [near-complete analogue] 3 baits
CONFIRMED SRR16952363 [module-only homology] 1 baits
CONFIRMED SRR17085831 [module-only homology] 1 baits
CONFIRMED SRR17085832 [near-complete analogue] 4 baits
CONFIRMED SRR17085833 [module-only homology] 1 baits
CONFIRMED SRR17085834 [near-complete analogue] 3 baits
CONFIRMED SRR17085835 [module-only homology] 1 baits
CONFIRMED SRR17085836 [near-complete analogue] 3 baits
CONFIRMED SRR17235646 [near-complete analogue] 4 baits
CONFIRMED SRR17235654 [module-only homology] 1 baits
CONFIRMED SRR17235655 [module-only homology] 1 baits
CONFIRMED SRR17235680 [module-only homology] 1 baits
CONFIRMED SRR17235681 [near-complete analogue] 2 baits
CONFIRMED SRR17235688 [module-only homology] 1 baits
CONFIRMED SRR17235764 [module-only homology] 1 baits
CONFIRMED SRR17235791 [near-complete analogue] 4 baits
CONFIRMED SRR17235795 [near-complete analogue] 9 baits
CONFIRMED SRR17235798 [near-complete analogue] 7 baits
CONFIRMED SRR17235807 [near-complete analogue] 3 baits
CONFIRMED SRR17235809 [junction/synteny supported] 1 baits
CONFIRMED SRR17235811 [near-complete analogue] 4 baits
CONFIRMED SRR17235848 [near-complete analogue] 2 baits
CONFIRMED SRR17235861 [module-only homology] 1 baits
CONFIRMED SRR17235880 [near-complete analogue] 3 baits
CONFIRMED SRR17235916 [near-complete analogue] 4 baits
CONFIRMED SRR17235962 [near-complete analogue] 3 baits
CONFIRMED SRR17235993 [near-complete analogue] 5 baits
CONFIRMED SRR17236001 [near-complete analogue] 3 baits
CONFIRMED SRR17236042 [near-complete analogue] 2 baits
CONFIRMED SRR17236081 [near-complete analogue] 3 baits
CONFIRMED SRR17236106 [near-complete analogue] 3 baits
CONFIRMED SRR17236110 [module-only homology] 1 baits
CONFIRMED SRR17236112 [near-complete analogue] 2 baits
CONFIRMED SRR17236154 [near-complete analogue] 2 baits
CONFIRMED SRR17238035 [near-complete analogue] 3 baits
CONFIRMED SRR17238037 [module-only homology] 1 baits
CONFIRMED SRR17238039 [module-only homology] 1 baits
CONFIRMED SRR17238043 [module-only homology] 1 baits
CONFIRMED SRR17238056 [near-complete analogue] 2 baits
CONFIRMED SRR17238057 [module-only homology] 1 baits
CONFIRMED SRR17238058 [module-only homology] 1 baits
CONFIRMED SRR17238061 [near-complete analogue] 4 baits
CONFIRMED SRR17238063 [near-complete analogue] 2 baits
CONFIRMED SRR17258760 [near-complete analogue] 4 baits
CONFIRMED SRR17258761 [near-complete analogue] 4 baits
CONFIRMED SRR17258762 [near-complete analogue] 4 baits
CONFIRMED SRR17258763 [near-complete analogue] 4 baits
CONFIRMED SRR17258764 [near-complete analogue] 4 baits
CONFIRMED SRR17258765 [near-complete analogue] 4 baits
CONFIRMED SRR17276500 [near-complete analogue] 4 baits
CONFIRMED SRR17276517 [near-complete analogue] 2 baits
CONFIRMED SRR17276527 [near-complete analogue] 3 baits
CONFIRMED SRR17276549 [module-only homology] 1 baits
CONFIRMED SRR17276574 [near-complete analogue] 2 baits
CONFIRMED SRR17276579 [junction/synteny supported] 1 baits
CONFIRMED SRR17276606 [module-only homology] 1 baits
CONFIRMED SRR17276623 [module-only homology] 1 baits
CONFIRMED SRR17276625 [module-only homology] 1 baits
CONFIRMED SRR17276656 [module-only homology] 1 baits
CONFIRMED SRR17276676 [near-complete analogue] 3 baits
CONFIRMED SRR17276678 [near-complete analogue] 3 baits
CONFIRMED SRR17276687 [near-complete analogue] 4 baits
CONFIRMED SRR17276691 [near-complete analogue] 4 baits
CONFIRMED SRR17276697 [near-complete analogue] 2 baits
CONFIRMED SRR17276723 [near-complete analogue] 2 baits
CONFIRMED SRR17276772 [module-only homology] 1 baits
CONFIRMED SRR17276795 [near-complete analogue] 4 baits
CONFIRMED SRR17276839 [junction/synteny supported] 1 baits
CONFIRMED SRR17276866 [near-complete analogue] 4 baits
CONFIRMED SRR17276892 [near-complete analogue] 2 baits
CONFIRMED SRR17276909 [near-complete analogue] 2 baits
CONFIRMED SRR17276934 [near-complete analogue] 2 baits
CONFIRMED SRR17276948 [near-complete analogue] 2 baits
CONFIRMED SRR17276981 [module-only homology] 1 baits
CONFIRMED SRR17277008 [module-only homology] 1 baits
CONFIRMED SRR17277011 [near-complete analogue] 2 baits
CONFIRMED SRR17277039 [module-only homology] 1 baits
CONFIRMED SRR17305976 [module-only homology] 1 baits
CONFIRMED SRR17349243 [near-complete analogue] 2 baits
CONFIRMED SRR17349247 [near-complete analogue] 4 baits
CONFIRMED SRR17529610 [near-complete analogue] 5 baits
CONFIRMED SRR17529611 [near-complete analogue] 5 baits
CONFIRMED SRR17529612 [module-only homology] 1 baits
CONFIRMED SRR17529613 [near-complete analogue] 6 baits
CONFIRMED SRR17529614 [near-complete analogue] 6 baits
CONFIRMED SRR17529615 [near-complete analogue] 3 baits
CONFIRMED SRR17529616 [near-complete analogue] 4 baits
CONFIRMED SRR17529617 [module-only homology] 1 baits
CONFIRMED SRR17529618 [near-complete analogue] 7 baits
CONFIRMED SRR17529619 [near-complete analogue] 6 baits
CONFIRMED SRR17529620 [near-complete analogue] 3 baits
CONFIRMED SRR17529621 [near-complete analogue] 6 baits
CONFIRMED SRR17529622 [near-complete analogue] 7 baits
CONFIRMED SRR17529623 [module-only homology] 1 baits
CONFIRMED SRR17529624 [module-only homology] 1 baits
CONFIRMED SRR17529625 [near-complete analogue] 4 baits
CONFIRMED SRR17529626 [module-only homology] 1 baits
CONFIRMED SRR17529627 [near-complete analogue] 7 baits
CONFIRMED SRR17529628 [near-complete analogue] 7 baits
CONFIRMED SRR17529631 [near-complete analogue] 2 baits
CONFIRMED SRR17529632 [near-complete analogue] 6 baits
CONFIRMED SRR17720005 [near-complete analogue] 2 baits
CONFIRMED SRR17720006 [module-only homology] 1 baits
CONFIRMED SRR17720008 [module-only homology] 1 baits
CONFIRMED SRR17720010 [near-complete analogue] 4 baits
CONFIRMED SRR17720011 [module-only homology] 1 baits
CONFIRMED SRR17883263 [module-only homology] 1 baits
CONFIRMED SRR17883264 [near-complete analogue] 2 baits
CONFIRMED SRR17883265 [module-only homology] 1 baits
CONFIRMED SRR17883267 [near-complete analogue] 2 baits
CONFIRMED SRR17883268 [near-complete analogue] 3 baits
CONFIRMED SRR17883271 [near-complete analogue] 2 baits
CONFIRMED SRR17883273 [module-only homology] 1 baits
CONFIRMED SRR17883274 [near-complete analogue] 3 baits
CONFIRMED SRR17883277 [near-complete analogue] 4 baits
CONFIRMED SRR17883280 [near-complete analogue] 4 baits
CONFIRMED SRR17883281 [near-complete analogue] 4 baits
CONFIRMED SRR17883285 [module-only homology] 1 baits
CONFIRMED SRR17883289 [module-only homology] 1 baits
CONFIRMED SRR17883290 [module-only homology] 1 baits
CONFIRMED SRR17883291 [near-complete analogue] 2 baits
CONFIRMED SRR17883292 [near-complete analogue] 5 baits
CONFIRMED SRR17883294 [module-only homology] 1 baits
CONFIRMED SRR17883295 [module-only homology] 1 baits
CONFIRMED SRR17883297 [junction/synteny supported] 1 baits
CONFIRMED SRR17883299 [near-complete analogue] 2 baits
CONFIRMED SRR17883300 [module-only homology] 1 baits
CONFIRMED SRR17883301 [near-complete analogue] 3 baits
CONFIRMED SRR17883302 [near-complete analogue] 4 baits
CONFIRMED SRR17883303 [module-only homology] 1 baits
CONFIRMED SRR17883305 [module-only homology] 1 baits
CONFIRMED SRR17883306 [module-only homology] 1 baits
CONFIRMED SRR17883308 [module-only homology] 1 baits
CONFIRMED SRR17883309 [near-complete analogue] 2 baits
CONFIRMED SRR17883312 [module-only homology] 1 baits
CONFIRMED SRR17883313 [module-only homology] 1 baits
CONFIRMED SRR17883318 [near-complete analogue] 2 baits
CONFIRMED SRR17883322 [near-complete analogue] 4 baits
CONFIRMED SRR17883323 [module-only homology] 1 baits
CONFIRMED SRR17883325 [near-complete analogue] 3 baits
CONFIRMED SRR17883326 [module-only homology] 1 baits
CONFIRMED SRR17883327 [module-only homology] 1 baits
CONFIRMED SRR17883328 [near-complete analogue] 3 baits
CONFIRMED SRR17883329 [near-complete analogue] 4 baits
CONFIRMED SRR17883333 [module-only homology] 1 baits
CONFIRMED SRR17883334 [near-complete analogue] 2 baits
CONFIRMED SRR17883335 [near-complete analogue] 3 baits
CONFIRMED SRR17883336 [module-only homology] 1 baits
CONFIRMED SRR17883338 [near-complete analogue] 2 baits
CONFIRMED SRR17883340 [near-complete analogue] 5 baits
CONFIRMED SRR17883341 [module-only homology] 1 baits
CONFIRMED SRR17883348 [module-only homology] 1 baits
CONFIRMED SRR17883350 [module-only homology] 1 baits
CONFIRMED SRR17883351 [junction/synteny supported] 1 baits
CONFIRMED SRR17883353 [near-complete analogue] 2 baits
CONFIRMED SRR17886403 [near-complete analogue] 4 baits
CONFIRMED SRR17909485 [near-complete analogue] 2 baits
CONFIRMED SRR17909486 [near-complete analogue] 2 baits
CONFIRMED SRR17909487 [module-only homology] 1 baits
CONFIRMED SRR17956781 [module-only homology] 1 baits
CONFIRMED SRR17956786 [module-only homology] 1 baits
CONFIRMED SRR17956798 [module-only homology] 1 baits
CONFIRMED SRR17956799 [module-only homology] 1 baits
CONFIRMED SRR17956802 [near-complete analogue] 3 baits
CONFIRMED SRR18229838 [module-only homology] 1 baits
CONFIRMED SRR18335112 [module-only homology] 1 baits
CONFIRMED SRR18335113 [near-complete analogue] 2 baits
CONFIRMED SRR18335115 [near-complete analogue] 4 baits
CONFIRMED SRR18335116 [near-complete analogue] 2 baits
CONFIRMED SRR18335117 [near-complete analogue] 2 baits
CONFIRMED SRR18335121 [near-complete analogue] 2 baits
CONFIRMED SRR18335122 [near-complete analogue] 3 baits
CONFIRMED SRR18335123 [near-complete analogue] 4 baits
CONFIRMED SRR18335124 [near-complete analogue] 3 baits
CONFIRMED SRR18335125 [near-complete analogue] 2 baits
CONFIRMED SRR18335126 [near-complete analogue] 2 baits
CONFIRMED SRR18335127 [module-only homology] 1 baits
CONFIRMED SRR18335128 [near-complete analogue] 2 baits
CONFIRMED SRR18335129 [near-complete analogue] 2 baits
CONFIRMED SRR18335130 [near-complete analogue] 2 baits
CONFIRMED SRR18335131 [module-only homology] 1 baits
CONFIRMED SRR18335132 [near-complete analogue] 2 baits
CONFIRMED SRR18335133 [near-complete analogue] 3 baits
CONFIRMED SRR18335135 [module-only homology] 1 baits
CONFIRMED SRR18335136 [near-complete analogue] 3 baits
CONFIRMED SRR18335138 [near-complete analogue] 4 baits
CONFIRMED SRR18335139 [near-complete analogue] 2 baits
CONFIRMED SRR18335140 [module-only homology] 1 baits
CONFIRMED SRR18335141 [near-complete analogue] 2 baits
CONFIRMED SRR18335142 [near-complete analogue] 2 baits
CONFIRMED SRR18335143 [near-complete analogue] 4 baits
CONFIRMED SRR18335144 [near-complete analogue] 3 baits
CONFIRMED SRR18335145 [near-complete analogue] 2 baits
CONFIRMED SRR18335146 [module-only homology] 1 baits
CONFIRMED SRR18335147 [near-complete analogue] 3 baits
CONFIRMED SRR18335151 [near-complete analogue] 2 baits
CONFIRMED SRR18335152 [junction/synteny supported] 1 baits
CONFIRMED SRR18335154 [near-complete analogue] 3 baits
CONFIRMED SRR18335156 [module-only homology] 1 baits
CONFIRMED SRR18335157 [module-only homology] 1 baits
CONFIRMED SRR18335158 [near-complete analogue] 2 baits
CONFIRMED SRR18335161 [junction/synteny supported] 1 baits
CONFIRMED SRR18335163 [near-complete analogue] 2 baits
CONFIRMED SRR18335164 [near-complete analogue] 2 baits
CONFIRMED SRR18335165 [near-complete analogue] 2 baits
CONFIRMED SRR18335166 [junction/synteny supported] 1 baits
CONFIRMED SRR18335167 [module-only homology] 1 baits
CONFIRMED SRR18335168 [near-complete analogue] 2 baits
CONFIRMED SRR18335170 [module-only homology] 1 baits
CONFIRMED SRR18439251 [near-complete analogue] 2 baits
CONFIRMED SRR18439252 [near-complete analogue] 2 baits
CONFIRMED SRR18439255 [module-only homology] 1 baits
CONFIRMED SRR18439256 [module-only homology] 1 baits
CONFIRMED SRR18439257 [near-complete analogue] 2 baits
CONFIRMED SRR18439258 [near-complete analogue] 2 baits
CONFIRMED SRR18560464 [module-only homology] 1 baits
CONFIRMED SRR18560465 [near-complete analogue] 2 baits
CONFIRMED SRR18560466 [near-complete analogue] 2 baits
CONFIRMED SRR18560467 [module-only homology] 1 baits
CONFIRMED SRR18560468 [near-complete analogue] 2 baits
CONFIRMED SRR18560469 [near-complete analogue] 2 baits
CONFIRMED SRR18560470 [near-complete analogue] 2 baits
CONFIRMED SRR18560471 [near-complete analogue] 2 baits
CONFIRMED SRR18560473 [near-complete analogue] 2 baits
CONFIRMED SRR18560474 [near-complete analogue] 2 baits
CONFIRMED SRR18560475 [near-complete analogue] 2 baits
CONFIRMED SRR18560476 [near-complete analogue] 2 baits
CONFIRMED SRR18560477 [near-complete analogue] 2 baits
CONFIRMED SRR18560478 [near-complete analogue] 2 baits
CONFIRMED SRR18560479 [near-complete analogue] 2 baits
CONFIRMED SRR18560480 [near-complete analogue] 2 baits
CONFIRMED SRR18560481 [near-complete analogue] 2 baits
CONFIRMED SRR18560482 [near-complete analogue] 2 baits
CONFIRMED SRR18560483 [near-complete analogue] 3 baits
CONFIRMED SRR18560484 [module-only homology] 1 baits
CONFIRMED SRR18560485 [junction/synteny supported] 1 baits
CONFIRMED SRR18560486 [near-complete analogue] 2 baits
CONFIRMED SRR18560487 [near-complete analogue] 2 baits
CONFIRMED SRR18560488 [near-complete analogue] 3 baits
CONFIRMED SRR18560489 [near-complete analogue] 2 baits
CONFIRMED SRR18560490 [near-complete analogue] 3 baits
CONFIRMED SRR18560491 [near-complete analogue] 2 baits
CONFIRMED SRR18560492 [near-complete analogue] 2 baits
CONFIRMED SRR18592169 [module-only homology] 1 baits
CONFIRMED SRR18592170 [near-complete analogue] 2 baits
CONFIRMED SRR18592171 [near-complete analogue] 3 baits
CONFIRMED SRR18689084 [module-only homology] 1 baits
CONFIRMED SRR18689097 [near-complete analogue] 2 baits
CONFIRMED SRR18748588 [module-only homology] 1 baits
CONFIRMED SRR18847748 [module-only homology] 1 baits
CONFIRMED SRR18847753 [near-complete analogue] 2 baits
CONFIRMED SRR18847756 [near-complete analogue] 2 baits
CONFIRMED SRR18847757 [module-only homology] 1 baits
CONFIRMED SRR18847849 [near-complete analogue] 2 baits
CONFIRMED SRR18847870 [near-complete analogue] 3 baits
CONFIRMED SRR18847874 [module-only homology] 1 baits
CONFIRMED SRR18847878 [near-complete analogue] 2 baits
CONFIRMED SRR18849467 [near-complete analogue] 2 baits
CONFIRMED SRR18856269 [near-complete analogue] 2 baits
CONFIRMED SRR18856273 [module-only homology] 1 baits
CONFIRMED SRR18918225 [near-complete analogue] 2 baits
CONFIRMED SRR18918232 [module-only homology] 1 baits
CONFIRMED SRR18919286 [near-complete analogue] 2 baits
CONFIRMED SRR18919314 [near-complete analogue] 2 baits
CONFIRMED SRR18919477 [module-only homology] 1 baits
CONFIRMED SRR19008429 [module-only homology] 1 baits
CONFIRMED SRR19008436 [near-complete analogue] 2 baits
CONFIRMED SRR19008437 [near-complete analogue] 2 baits
CONFIRMED SRR19008438 [near-complete analogue] 2 baits
CONFIRMED SRR19044072 [near-complete analogue] 3 baits
CONFIRMED SRR19044076 [module-only homology] 1 baits
CONFIRMED SRR19046483 [near-complete analogue] 3 baits
CONFIRMED SRR19046490 [near-complete analogue] 2 baits
CONFIRMED SRR19090809 [near-complete analogue] 2 baits
CONFIRMED SRR19091033 [junction/synteny supported] 1 baits
CONFIRMED SRR19091381 [near-complete analogue] 2 baits
CONFIRMED SRR19115582 [near-complete analogue] 2 baits
CONFIRMED SRR19115584 [near-complete analogue] 2 baits
CONFIRMED SRR19115589 [junction/synteny supported] 1 baits
CONFIRMED SRR19115594 [near-complete analogue] 2 baits
CONFIRMED SRR19115606 [module-only homology] 1 baits
CONFIRMED SRR19115626 [near-complete analogue] 4 baits
CONFIRMED SRR19158420 [module-only homology] 1 baits
CONFIRMED SRR19158423 [near-complete analogue] 3 baits
CONFIRMED SRR19165470 [near-complete analogue] 2 baits
CONFIRMED SRR19165471 [module-only homology] 1 baits
CONFIRMED SRR19165476 [near-complete analogue] 4 baits
CONFIRMED SRR19165477 [near-complete analogue] 3 baits
CONFIRMED SRR19165483 [near-complete analogue] 2 baits
CONFIRMED SRR19165487 [module-only homology] 1 baits
CONFIRMED SRR19165488 [module-only homology] 1 baits
CONFIRMED SRR19165491 [module-only homology] 1 baits
CONFIRMED SRR19165496 [near-complete analogue] 3 baits
CONFIRMED SRR19165498 [module-only homology] 1 baits
CONFIRMED SRR19165500 [near-complete analogue] 4 baits
CONFIRMED SRR19165501 [near-complete analogue] 3 baits
CONFIRMED SRR19165504 [near-complete analogue] 2 baits
CONFIRMED SRR19165505 [near-complete analogue] 2 baits
CONFIRMED SRR19165523 [near-complete analogue] 2 baits
CONFIRMED SRR19165529 [module-only homology] 1 baits
CONFIRMED SRR19165532 [near-complete analogue] 3 baits
CONFIRMED SRR19165534 [near-complete analogue] 2 baits
CONFIRMED SRR19165535 [near-complete analogue] 2 baits
CONFIRMED SRR19165537 [near-complete analogue] 3 baits
CONFIRMED SRR19165545 [near-complete analogue] 2 baits
CONFIRMED SRR19165548 [near-complete analogue] 2 baits
CONFIRMED SRR19165549 [near-complete analogue] 2 baits
CONFIRMED SRR19165551 [near-complete analogue] 2 baits
CONFIRMED SRR19165552 [near-complete analogue] 2 baits
CONFIRMED SRR19165553 [module-only homology] 1 baits
CONFIRMED SRR19165560 [module-only homology] 1 baits
CONFIRMED SRR19165564 [near-complete analogue] 2 baits
CONFIRMED SRR19165567 [near-complete analogue] 2 baits
CONFIRMED SRR19165572 [near-complete analogue] 2 baits
CONFIRMED SRR19165581 [junction/synteny supported] 1 baits
CONFIRMED SRR19165585 [module-only homology] 1 baits
CONFIRMED SRR19165589 [near-complete analogue] 3 baits
CONFIRMED SRR19165766 [junction/synteny supported] 1 baits
CONFIRMED SRR19165770 [near-complete analogue] 2 baits
CONFIRMED SRR19165771 [module-only homology] 1 baits
CONFIRMED SRR19165774 [near-complete analogue] 3 baits
CONFIRMED SRR19165775 [near-complete analogue] 4 baits
CONFIRMED SRR19165777 [near-complete analogue] 2 baits
CONFIRMED SRR19165780 [near-complete analogue] 2 baits
CONFIRMED SRR19165783 [near-complete analogue] 2 baits
CONFIRMED SRR19165785 [module-only homology] 1 baits
CONFIRMED SRR19165786 [module-only homology] 1 baits
CONFIRMED SRR19165793 [junction/synteny supported] 1 baits
CONFIRMED SRR19165795 [module-only homology] 1 baits
CONFIRMED SRR19165796 [near-complete analogue] 2 baits
CONFIRMED SRR19165797 [module-only homology] 1 baits
CONFIRMED SRR19165808 [module-only homology] 1 baits
CONFIRMED SRR19165815 [near-complete analogue] 2 baits
CONFIRMED SRR19165820 [near-complete analogue] 3 baits
CONFIRMED SRR19165822 [module-only homology] 1 baits
CONFIRMED SRR19165829 [near-complete analogue] 3 baits
CONFIRMED SRR19369807 [module-only homology] 1 baits
CONFIRMED SRR19369825 [near-complete analogue] 2 baits
CONFIRMED SRR19369830 [junction/synteny supported] 1 baits
CONFIRMED SRR19369840 [junction/synteny supported] 1 baits
CONFIRMED SRR19369849 [near-complete analogue] 3 baits
CONFIRMED SRR19369853 [near-complete analogue] 2 baits
CONFIRMED SRR19370163 [near-complete analogue] 2 baits
CONFIRMED SRR19370174 [near-complete analogue] 3 baits
CONFIRMED SRR19370175 [near-complete analogue] 2 baits
CONFIRMED SRR19370179 [junction/synteny supported] 1 baits
CONFIRMED SRR19370217 [near-complete analogue] 3 baits
CONFIRMED SRR19370219 [near-complete analogue] 3 baits
CONFIRMED SRR19370230 [near-complete analogue] 3 baits
CONFIRMED SRR19370240 [module-only homology] 1 baits
CONFIRMED SRR19370555 [near-complete analogue] 3 baits
CONFIRMED SRR19370556 [near-complete analogue] 3 baits
CONFIRMED SRR19370560 [module-only homology] 1 baits
CONFIRMED SRR19370572 [module-only homology] 1 baits
CONFIRMED SRR19370576 [near-complete analogue] 3 baits
CONFIRMED SRR19370577 [module-only homology] 1 baits
CONFIRMED SRR19412715 [module-only homology] 1 baits
CONFIRMED SRR19412716 [module-only homology] 1 baits
CONFIRMED SRR19429160 [near-complete analogue] 5 baits
CONFIRMED SRR19450127 [near-complete analogue] 2 baits
CONFIRMED SRR19450128 [near-complete analogue] 2 baits
CONFIRMED SRR19450129 [module-only homology] 1 baits
CONFIRMED SRR19633112 [module-only homology] 1 baits
CONFIRMED SRR19633117 [near-complete analogue] 3 baits
CONFIRMED SRR19633118 [near-complete analogue] 2 baits
CONFIRMED SRR19633124 [near-complete analogue] 3 baits
CONFIRMED SRR19633125 [module-only homology] 1 baits
CONFIRMED SRR19633126 [junction/synteny supported] 1 baits
CONFIRMED SRR19633127 [module-only homology] 1 baits
CONFIRMED SRR19633129 [junction/synteny supported] 1 baits
CONFIRMED SRR19633132 [near-complete analogue] 4 baits
CONFIRMED SRR19633133 [near-complete analogue] 2 baits
CONFIRMED SRR19633134 [module-only homology] 1 baits
CONFIRMED SRR19633135 [near-complete analogue] 3 baits
CONFIRMED SRR19633136 [near-complete analogue] 2 baits
CONFIRMED SRR19633137 [near-complete analogue] 2 baits
CONFIRMED SRR19633139 [near-complete analogue] 2 baits
CONFIRMED SRR19633141 [near-complete analogue] 2 baits
CONFIRMED SRR19633143 [near-complete analogue] 2 baits
CONFIRMED SRR19633145 [near-complete analogue] 4 baits
CONFIRMED SRR19633148 [near-complete analogue] 2 baits
CONFIRMED SRR19633150 [near-complete analogue] 3 baits
CONFIRMED SRR19633151 [module-only homology] 1 baits
CONFIRMED SRR19633157 [near-complete analogue] 2 baits
CONFIRMED SRR19633159 [module-only homology] 1 baits
CONFIRMED SRR19633160 [module-only homology] 1 baits
CONFIRMED SRR19633161 [near-complete analogue] 2 baits
CONFIRMED SRR19633162 [near-complete analogue] 2 baits
CONFIRMED SRR19633163 [module-only homology] 1 baits
CONFIRMED SRR19633164 [near-complete analogue] 2 baits
CONFIRMED SRR19633165 [near-complete analogue] 2 baits
CONFIRMED SRR19633166 [near-complete analogue] 3 baits
CONFIRMED SRR19633171 [near-complete analogue] 2 baits
CONFIRMED SRR19633182 [near-complete analogue] 2 baits
CONFIRMED SRR19633183 [module-only homology] 1 baits
CONFIRMED SRR19633184 [module-only homology] 1 baits
CONFIRMED SRR19633185 [module-only homology] 1 baits
CONFIRMED SRR19633190 [near-complete analogue] 4 baits
CONFIRMED SRR19633192 [near-complete analogue] 4 baits
CONFIRMED SRR19633194 [near-complete analogue] 2 baits
CONFIRMED SRR19633197 [module-only homology] 1 baits
CONFIRMED SRR19633198 [near-complete analogue] 2 baits
CONFIRMED SRR19633199 [module-only homology] 1 baits
CONFIRMED SRR19633200 [near-complete analogue] 2 baits
CONFIRMED SRR19633201 [module-only homology] 1 baits
CONFIRMED SRR19633204 [module-only homology] 1 baits
CONFIRMED SRR19633205 [junction/synteny supported] 1 baits
CONFIRMED SRR19633207 [near-complete analogue] 2 baits
CONFIRMED SRR19633210 [near-complete analogue] 5 baits
CONFIRMED SRR19633212 [module-only homology] 1 baits
CONFIRMED SRR19633213 [near-complete analogue] 2 baits
CONFIRMED SRR19633217 [near-complete analogue] 3 baits
CONFIRMED SRR19633220 [near-complete analogue] 3 baits
CONFIRMED SRR19716076 [junction/synteny supported] 1 baits
CONFIRMED SRR19716077 [near-complete analogue] 2 baits
CONFIRMED SRR19716084 [junction/synteny supported] 1 baits
CONFIRMED SRR19716085 [module-only homology] 1 baits
CONFIRMED SRR19716086 [near-complete analogue] 2 baits
CONFIRMED SRR19716087 [near-complete analogue] 2 baits
CONFIRMED SRR19716091 [module-only homology] 1 baits
CONFIRMED SRR19716092 [module-only homology] 1 baits
CONFIRMED SRR19716093 [module-only homology] 1 baits
CONFIRMED SRR19716095 [near-complete analogue] 5 baits
CONFIRMED SRR19716096 [module-only homology] 1 baits
CONFIRMED SRR19716099 [module-only homology] 1 baits
CONFIRMED SRR19716104 [module-only homology] 1 baits
CONFIRMED SRR19716107 [junction/synteny supported] 1 baits
CONFIRMED SRR19716108 [module-only homology] 1 baits
CONFIRMED SRR19716109 [module-only homology] 1 baits
CONFIRMED SRR19716110 [near-complete analogue] 3 baits
CONFIRMED SRR19716111 [module-only homology] 1 baits
CONFIRMED SRR19716114 [junction/synteny supported] 1 baits
CONFIRMED SRR19716120 [module-only homology] 1 baits
CONFIRMED SRR19716122 [junction/synteny supported] 1 baits
CONFIRMED SRR19716123 [module-only homology] 1 baits
CONFIRMED SRR19716125 [module-only homology] 1 baits
CONFIRMED SRR19716127 [near-complete analogue] 2 baits
CONFIRMED SRR19716128 [module-only homology] 1 baits
CONFIRMED SRR19716130 [module-only homology] 1 baits
CONFIRMED SRR19716136 [junction/synteny supported] 1 baits
CONFIRMED SRR19975622 [junction/synteny supported] 1 baits
CONFIRMED SRR19975623 [junction/synteny supported] 1 baits
CONFIRMED SRR19981258 [module-only homology] 1 baits
CONFIRMED SRR19981260 [module-only homology] 1 baits
CONFIRMED SRR20048904 [module-only homology] 1 baits
CONFIRMED SRR20048905 [module-only homology] 1 baits
CONFIRMED SRR20048908 [near-complete analogue] 2 baits
CONFIRMED SRR20048910 [module-only homology] 1 baits
CONFIRMED SRR20048913 [near-complete analogue] 2 baits
CONFIRMED SRR20048914 [near-complete analogue] 2 baits
CONFIRMED SRR20048915 [near-complete analogue] 2 baits
CONFIRMED SRR20048917 [near-complete analogue] 2 baits
CONFIRMED SRR20048920 [near-complete analogue] 2 baits
CONFIRMED SRR20048924 [near-complete analogue] 2 baits
CONFIRMED SRR20048925 [near-complete analogue] 2 baits
CONFIRMED SRR20048926 [module-only homology] 1 baits
CONFIRMED SRR20048930 [near-complete analogue] 3 baits
CONFIRMED SRR20048932 [module-only homology] 1 baits
CONFIRMED SRR20048934 [near-complete analogue] 4 baits
CONFIRMED SRR20048936 [module-only homology] 1 baits
CONFIRMED SRR20048937 [near-complete analogue] 3 baits
CONFIRMED SRR20048947 [module-only homology] 1 baits
CONFIRMED SRR20048949 [module-only homology] 1 baits
CONFIRMED SRR20048950 [module-only homology] 1 baits
CONFIRMED SRR20048953 [near-complete analogue] 3 baits
CONFIRMED SRR20048956 [near-complete analogue] 3 baits
CONFIRMED SRR20462396 [near-complete analogue] 4 baits
CONFIRMED SRR20462397 [near-complete analogue] 4 baits
CONFIRMED SRR20462398 [near-complete analogue] 4 baits
CONFIRMED SRR20462399 [near-complete analogue] 5 baits
CONFIRMED SRR20462400 [near-complete analogue] 5 baits
CONFIRMED SRR20462401 [near-complete analogue] 4 baits
CONFIRMED SRR20462402 [near-complete analogue] 6 baits
CONFIRMED SRR20462403 [near-complete analogue] 5 baits
CONFIRMED SRR20462404 [near-complete analogue] 4 baits
CONFIRMED SRR20462405 [near-complete analogue] 5 baits
CONFIRMED SRR20462406 [near-complete analogue] 4 baits
CONFIRMED SRR20462407 [near-complete analogue] 4 baits
CONFIRMED SRR20462408 [near-complete analogue] 2 baits
CONFIRMED SRR20462409 [module-only homology] 1 baits
CONFIRMED SRR20462410 [near-complete analogue] 4 baits
CONFIRMED SRR20462411 [module-only homology] 1 baits
CONFIRMED SRR20462412 [near-complete analogue] 2 baits
CONFIRMED SRR20462413 [near-complete analogue] 6 baits
CONFIRMED SRR20462414 [near-complete analogue] 2 baits
CONFIRMED SRR20462416 [near-complete analogue] 4 baits
CONFIRMED SRR20462417 [module-only homology] 1 baits
CONFIRMED SRR20462418 [module-only homology] 1 baits
CONFIRMED SRR20462419 [module-only homology] 1 baits
CONFIRMED SRR20563507 [near-complete analogue] 4 baits
CONFIRMED SRR20563508 [module-only homology] 1 baits
CONFIRMED SRR20563509 [module-only homology] 1 baits
CONFIRMED SRR20601652 [module-only homology] 1 baits
CONFIRMED SRR20710732 [module-only homology] 1 baits
CONFIRMED SRR20710755 [module-only homology] 1 baits
CONFIRMED SRR20972886 [near-complete analogue] 4 baits
CONFIRMED SRR20972887 [module-only homology] 1 baits
CONFIRMED SRR20972889 [near-complete analogue] 2 baits
CONFIRMED SRR20972890 [near-complete analogue] 4 baits
CONFIRMED SRR20972891 [near-complete analogue] 3 baits
CONFIRMED SRR20972894 [near-complete analogue] 2 baits
CONFIRMED SRR20972895 [module-only homology] 1 baits
CONFIRMED SRR20972896 [near-complete analogue] 2 baits
CONFIRMED SRR20972897 [module-only homology] 1 baits
CONFIRMED SRR21135945 [near-complete analogue] 2 baits
CONFIRMED SRR21135947 [near-complete analogue] 4 baits
CONFIRMED SRR21135948 [near-complete analogue] 3 baits
CONFIRMED SRR21135950 [module-only homology] 1 baits
CONFIRMED SRR2127337 [near-complete analogue] 3 baits
CONFIRMED SRR2127369 [near-complete analogue] 3 baits
CONFIRMED SRR2127407 [near-complete analogue] 3 baits
CONFIRMED SRR2127427 [module-only homology] 1 baits
CONFIRMED SRR2127494 [near-complete analogue] 2 baits
CONFIRMED SRR2127506 [near-complete analogue] 2 baits
CONFIRMED SRR2131488 [near-complete analogue] 2 baits
CONFIRMED SRR2135053 [near-complete analogue] 2 baits
CONFIRMED SRR2135071 [near-complete analogue] 3 baits
CONFIRMED SRR2135106 [near-complete analogue] 2 baits
CONFIRMED SRR2135279 [near-complete analogue] 2 baits
CONFIRMED SRR2135462 [near-complete analogue] 2 baits
CONFIRMED SRR2135500 [near-complete analogue] 2 baits
CONFIRMED SRR21387203 [module-only homology] 1 baits
CONFIRMED SRR21391056 [near-complete analogue] 2 baits
CONFIRMED SRR21391057 [near-complete analogue] 2 baits
CONFIRMED SRR21391058 [module-only homology] 1 baits
CONFIRMED SRR21391059 [near-complete analogue] 4 baits
CONFIRMED SRR21391060 [module-only homology] 1 baits
CONFIRMED SRR21391061 [module-only homology] 1 baits
CONFIRMED SRR21654340 [module-only homology] 1 baits
CONFIRMED SRR21721693 [module-only homology] 1 baits
CONFIRMED SRR21727704 [module-only homology] 1 baits
CONFIRMED SRR21840174 [near-complete analogue] 2 baits
CONFIRMED SRR21927637 [module-only homology] 1 baits
CONFIRMED SRR21927640 [near-complete analogue] 2 baits
CONFIRMED SRR21927643 [near-complete analogue] 2 baits
CONFIRMED SRR21927650 [module-only homology] 1 baits
CONFIRMED SRR21927653 [module-only homology] 1 baits
CONFIRMED SRR21927655 [near-complete analogue] 3 baits
CONFIRMED SRR21927658 [module-only homology] 1 baits
CONFIRMED SRR21990037 [near-complete analogue] 2 baits
CONFIRMED SRR21990041 [junction/synteny supported] 1 baits
CONFIRMED SRR21990066 [junction/synteny supported] 1 baits
CONFIRMED SRR21990076 [module-only homology] 1 baits
CONFIRMED SRR21990081 [module-only homology] 1 baits
CONFIRMED SRR21990096 [near-complete analogue] 5 baits
CONFIRMED SRR21990099 [module-only homology] 1 baits
CONFIRMED SRR21990105 [near-complete analogue] 2 baits
CONFIRMED SRR21990106 [module-only homology] 1 baits
CONFIRMED SRR21990107 [module-only homology] 1 baits
CONFIRMED SRR21990127 [near-complete analogue] 2 baits
CONFIRMED SRR21990129 [near-complete analogue] 2 baits
CONFIRMED SRR21990197 [module-only homology] 1 baits
CONFIRMED SRR21990198 [near-complete analogue] 2 baits
CONFIRMED SRR21990201 [module-only homology] 1 baits
CONFIRMED SRR21990206 [near-complete analogue] 2 baits
CONFIRMED SRR21990236 [near-complete analogue] 2 baits
CONFIRMED SRR21990268 [near-complete analogue] 2 baits
CONFIRMED SRR21990274 [near-complete analogue] 2 baits
CONFIRMED SRR21990277 [near-complete analogue] 3 baits
CONFIRMED SRR21990299 [near-complete analogue] 2 baits
CONFIRMED SRR21990312 [near-complete analogue] 2 baits
CONFIRMED SRR21990314 [near-complete analogue] 2 baits
CONFIRMED SRR21990321 [module-only homology] 1 baits
CONFIRMED SRR21990324 [module-only homology] 1 baits
CONFIRMED SRR21990331 [module-only homology] 1 baits
CONFIRMED SRR21990353 [module-only homology] 1 baits
CONFIRMED SRR21990361 [module-only homology] 1 baits
CONFIRMED SRR21990371 [module-only homology] 1 baits
CONFIRMED SRR21990375 [module-only homology] 1 baits
CONFIRMED SRR21990385 [module-only homology] 1 baits
CONFIRMED SRR21990388 [module-only homology] 1 baits
CONFIRMED SRR21990391 [module-only homology] 1 baits
CONFIRMED SRR21990400 [junction/synteny supported] 1 baits
CONFIRMED SRR21990406 [module-only homology] 1 baits
CONFIRMED SRR21990423 [module-only homology] 1 baits
CONFIRMED SRR21990425 [module-only homology] 1 baits
CONFIRMED SRR21990426 [module-only homology] 1 baits
CONFIRMED SRR21990446 [near-complete analogue] 2 baits
CONFIRMED SRR21990447 [module-only homology] 1 baits
CONFIRMED SRR21990450 [module-only homology] 1 baits
CONFIRMED SRR21990463 [module-only homology] 1 baits
CONFIRMED SRR21990464 [near-complete analogue] 3 baits
CONFIRMED SRR21990474 [near-complete analogue] 3 baits
CONFIRMED SRR21990476 [near-complete analogue] 2 baits
CONFIRMED SRR22013161 [module-only homology] 1 baits
CONFIRMED SRR22013162 [module-only homology] 1 baits
CONFIRMED SRR22013163 [near-complete analogue] 2 baits
CONFIRMED SRR22013164 [near-complete analogue] 2 baits
CONFIRMED SRR22013165 [module-only homology] 1 baits
CONFIRMED SRR22013166 [module-only homology] 1 baits
CONFIRMED SRR22013169 [module-only homology] 1 baits
CONFIRMED SRR22013172 [module-only homology] 1 baits
CONFIRMED SRR22013174 [module-only homology] 1 baits
CONFIRMED SRR22013175 [near-complete analogue] 2 baits
CONFIRMED SRR22013176 [near-complete analogue] 2 baits
CONFIRMED SRR22013177 [near-complete analogue] 2 baits
CONFIRMED SRR22013178 [module-only homology] 1 baits
CONFIRMED SRR22013179 [module-only homology] 1 baits
CONFIRMED SRR22013180 [near-complete analogue] 3 baits
CONFIRMED SRR22013181 [near-complete analogue] 2 baits
CONFIRMED SRR22013182 [near-complete analogue] 3 baits
CONFIRMED SRR22013183 [near-complete analogue] 3 baits
CONFIRMED SRR22013184 [near-complete analogue] 2 baits
CONFIRMED SRR22013185 [near-complete analogue] 2 baits
CONFIRMED SRR22013186 [module-only homology] 1 baits
CONFIRMED SRR22013187 [module-only homology] 1 baits
CONFIRMED SRR22013188 [module-only homology] 1 baits
CONFIRMED SRR22013189 [near-complete analogue] 3 baits
CONFIRMED SRR22013190 [module-only homology] 1 baits
CONFIRMED SRR22013191 [near-complete analogue] 2 baits
CONFIRMED SRR22013192 [near-complete analogue] 2 baits
CONFIRMED SRR22013194 [junction/synteny supported] 1 baits
CONFIRMED SRR22013195 [module-only homology] 1 baits
CONFIRMED SRR22013197 [module-only homology] 1 baits
CONFIRMED SRR22013198 [near-complete analogue] 2 baits
CONFIRMED SRR22013199 [module-only homology] 1 baits
CONFIRMED SRR22013200 [near-complete analogue] 4 baits
CONFIRMED SRR22013201 [module-only homology] 1 baits
CONFIRMED SRR22013202 [module-only homology] 1 baits
CONFIRMED SRR22013203 [module-only homology] 1 baits
CONFIRMED SRR22013204 [module-only homology] 1 baits
CONFIRMED SRR22013205 [near-complete analogue] 3 baits
CONFIRMED SRR22013206 [near-complete analogue] 3 baits
CONFIRMED SRR22227558 [near-complete analogue] 2 baits
CONFIRMED SRR22227559 [near-complete analogue] 2 baits
CONFIRMED SRR22231017 [near-complete analogue] 2 baits
CONFIRMED SRR22231018 [module-only homology] 1 baits
CONFIRMED SRR22231027 [module-only homology] 1 baits
CONFIRMED SRR22359381 [module-only homology] 1 baits
CONFIRMED SRR22359383 [module-only homology] 1 baits
CONFIRMED SRR2239577 [near-complete analogue] 2 baits
CONFIRMED SRR2239579 [module-only homology] 1 baits
CONFIRMED SRR2239582 [junction/synteny supported] 1 baits
CONFIRMED SRR2239585 [module-only homology] 1 baits
CONFIRMED SRR2239595 [module-only homology] 1 baits
CONFIRMED SRR2239596 [module-only homology] 1 baits
CONFIRMED SRR2239598 [near-complete analogue] 2 baits
CONFIRMED SRR2239599 [module-only homology] 1 baits
CONFIRMED SRR2239602 [module-only homology] 1 baits
CONFIRMED SRR2239603 [module-only homology] 1 baits
CONFIRMED SRR2239606 [module-only homology] 1 baits
CONFIRMED SRR2239608 [module-only homology] 1 baits
CONFIRMED SRR2239609 [module-only homology] 1 baits
CONFIRMED SRR2239610 [module-only homology] 1 baits
CONFIRMED SRR2239611 [junction/synteny supported] 1 baits
CONFIRMED SRR2239612 [near-complete analogue] 2 baits
CONFIRMED SRR2239614 [near-complete analogue] 3 baits
CONFIRMED SRR2239615 [module-only homology] 1 baits
CONFIRMED SRR2239616 [module-only homology] 1 baits
CONFIRMED SRR2239618 [module-only homology] 1 baits
CONFIRMED SRR2239620 [junction/synteny supported] 1 baits
CONFIRMED SRR2239621 [near-complete analogue] 6 baits
CONFIRMED SRR2239623 [junction/synteny supported] 1 baits
CONFIRMED SRR2239626 [module-only homology] 1 baits
CONFIRMED SRR2239628 [module-only homology] 1 baits
CONFIRMED SRR2239629 [module-only homology] 1 baits
CONFIRMED SRR2239633 [junction/synteny supported] 1 baits
CONFIRMED SRR2239635 [module-only homology] 1 baits
CONFIRMED SRR2239638 [module-only homology] 1 baits
CONFIRMED SRR2239641 [junction/synteny supported] 1 baits
CONFIRMED SRR2239643 [near-complete analogue] 5 baits
CONFIRMED SRR2239644 [module-only homology] 1 baits
CONFIRMED SRR2239645 [module-only homology] 1 baits
CONFIRMED SRR2239647 [near-complete analogue] 5 baits
CONFIRMED SRR2239648 [module-only homology] 1 baits
CONFIRMED SRR22405898 [near-complete analogue] 2 baits
CONFIRMED SRR22405899 [near-complete analogue] 2 baits
CONFIRMED SRR22405900 [near-complete analogue] 2 baits
CONFIRMED SRR22405901 [near-complete analogue] 3 baits
CONFIRMED SRR22405902 [near-complete analogue] 2 baits
CONFIRMED SRR22405903 [near-complete analogue] 3 baits
CONFIRMED SRR22405904 [near-complete analogue] 2 baits
CONFIRMED SRR22405905 [near-complete analogue] 2 baits
CONFIRMED SRR22405906 [near-complete analogue] 3 baits
CONFIRMED SRR22405907 [module-only homology] 1 baits
CONFIRMED SRR22405908 [near-complete analogue] 5 baits
CONFIRMED SRR22405909 [near-complete analogue] 2 baits
CONFIRMED SRR22405910 [near-complete analogue] 3 baits
CONFIRMED SRR22405911 [near-complete analogue] 3 baits
CONFIRMED SRR22405912 [near-complete analogue] 2 baits
CONFIRMED SRR22405913 [near-complete analogue] 2 baits
CONFIRMED SRR22405914 [near-complete analogue] 2 baits
CONFIRMED SRR22405915 [near-complete analogue] 3 baits
CONFIRMED SRR22405916 [near-complete analogue] 2 baits
CONFIRMED SRR22405917 [near-complete analogue] 3 baits
CONFIRMED SRR22405918 [near-complete analogue] 2 baits
CONFIRMED SRR22405919 [near-complete analogue] 3 baits
CONFIRMED SRR22405920 [near-complete analogue] 3 baits
CONFIRMED SRR22405921 [near-complete analogue] 3 baits
CONFIRMED SRR22405922 [near-complete analogue] 3 baits
CONFIRMED SRR22405923 [near-complete analogue] 2 baits
CONFIRMED SRR22405924 [near-complete analogue] 2 baits
CONFIRMED SRR22405925 [near-complete analogue] 2 baits
CONFIRMED SRR22405926 [near-complete analogue] 3 baits
CONFIRMED SRR22405927 [near-complete analogue] 3 baits
CONFIRMED SRR22405928 [near-complete analogue] 2 baits
CONFIRMED SRR22405929 [near-complete analogue] 2 baits
CONFIRMED SRR22405930 [module-only homology] 1 baits
CONFIRMED SRR22405931 [near-complete analogue] 5 baits
CONFIRMED SRR22405932 [near-complete analogue] 4 baits
CONFIRMED SRR22405933 [near-complete analogue] 3 baits
CONFIRMED SRR22405934 [near-complete analogue] 2 baits
CONFIRMED SRR22405935 [near-complete analogue] 2 baits
CONFIRMED SRR22405936 [near-complete analogue] 3 baits
CONFIRMED SRR22405937 [near-complete analogue] 3 baits
CONFIRMED SRR22405938 [near-complete analogue] 2 baits
CONFIRMED SRR22405939 [near-complete analogue] 3 baits
CONFIRMED SRR22405940 [near-complete analogue] 3 baits
CONFIRMED SRR22405941 [near-complete analogue] 2 baits
CONFIRMED SRR22405942 [near-complete analogue] 2 baits
CONFIRMED SRR22405943 [near-complete analogue] 2 baits
CONFIRMED SRR22456532 [near-complete analogue] 4 baits
CONFIRMED SRR22456533 [near-complete analogue] 4 baits
CONFIRMED SRR22456538 [module-only homology] 1 baits
CONFIRMED SRR22456540 [near-complete analogue] 2 baits
CONFIRMED SRR22456541 [module-only homology] 1 baits
CONFIRMED SRR22929205 [module-only homology] 1 baits
CONFIRMED SRR22929206 [module-only homology] 1 baits
CONFIRMED SRR22967800 [near-complete analogue] 3 baits
CONFIRMED SRR22967809 [module-only homology] 1 baits
CONFIRMED SRR23037561 [near-complete analogue] 2 baits
CONFIRMED SRR23037563 [near-complete analogue] 4 baits
CONFIRMED SRR23037564 [near-complete analogue] 2 baits
CONFIRMED SRR23037565 [near-complete analogue] 4 baits
CONFIRMED SRR23037567 [near-complete analogue] 3 baits
CONFIRMED SRR23037568 [module-only homology] 1 baits
CONFIRMED SRR23037569 [module-only homology] 1 baits
CONFIRMED SRR23037570 [module-only homology] 1 baits
CONFIRMED SRR23037571 [near-complete analogue] 3 baits
CONFIRMED SRR23037572 [near-complete analogue] 3 baits
CONFIRMED SRR23037573 [near-complete analogue] 3 baits
CONFIRMED SRR23037575 [near-complete analogue] 3 baits
CONFIRMED SRR23037576 [near-complete analogue] 4 baits
CONFIRMED SRR23037577 [junction/synteny supported] 1 baits
CONFIRMED SRR23037578 [near-complete analogue] 4 baits
CONFIRMED SRR23037579 [near-complete analogue] 3 baits
CONFIRMED SRR23037580 [near-complete analogue] 3 baits
CONFIRMED SRR23037581 [near-complete analogue] 3 baits
CONFIRMED SRR23037582 [near-complete analogue] 2 baits
CONFIRMED SRR23037583 [near-complete analogue] 3 baits
CONFIRMED SRR23037584 [module-only homology] 1 baits
CONFIRMED SRR23037586 [near-complete analogue] 3 baits
CONFIRMED SRR23037587 [near-complete analogue] 3 baits
CONFIRMED SRR23037588 [module-only homology] 1 baits
CONFIRMED SRR23037589 [near-complete analogue] 3 baits
CONFIRMED SRR23037590 [near-complete analogue] 4 baits
CONFIRMED SRR23037591 [near-complete analogue] 2 baits
CONFIRMED SRR23037592 [near-complete analogue] 4 baits
CONFIRMED SRR23037593 [near-complete analogue] 7 baits
CONFIRMED SRR23037594 [near-complete analogue] 2 baits
CONFIRMED SRR23037595 [module-only homology] 1 baits
CONFIRMED SRR23037596 [near-complete analogue] 3 baits
CONFIRMED SRR23037599 [near-complete analogue] 2 baits
CONFIRMED SRR23037600 [near-complete analogue] 4 baits
CONFIRMED SRR23037601 [near-complete analogue] 6 baits
CONFIRMED SRR23037603 [module-only homology] 1 baits
CONFIRMED SRR23037604 [near-complete analogue] 2 baits
CONFIRMED SRR23037605 [module-only homology] 1 baits
CONFIRMED SRR23037606 [near-complete analogue] 4 baits
CONFIRMED SRR23037608 [near-complete analogue] 4 baits
CONFIRMED SRR23037610 [near-complete analogue] 4 baits
CONFIRMED SRR23128770 [module-only homology] 1 baits
CONFIRMED SRR23128779 [junction/synteny supported] 1 baits
CONFIRMED SRR23130376 [module-only homology] 1 baits
CONFIRMED SRR23130384 [module-only homology] 1 baits
CONFIRMED SRR23130385 [module-only homology] 1 baits
CONFIRMED SRR23130390 [near-complete analogue] 2 baits
CONFIRMED SRR23130399 [module-only homology] 1 baits
CONFIRMED SRR23199589 [near-complete analogue] 5 baits
CONFIRMED SRR23350436 [module-only homology] 1 baits
CONFIRMED SRR23446116 [module-only homology] 1 baits
CONFIRMED SRR23446117 [module-only homology] 1 baits
CONFIRMED SRR23497658 [module-only homology] 1 baits
CONFIRMED SRR23570605 [near-complete analogue] 2 baits
CONFIRMED SRR23706931 [near-complete analogue] 3 baits
CONFIRMED SRR23707137 [near-complete analogue] 2 baits
CONFIRMED SRR23707189 [near-complete analogue] 3 baits
CONFIRMED SRR23707216 [near-complete analogue] 2 baits
CONFIRMED SRR23711533 [near-complete analogue] 3 baits
CONFIRMED SRR23711620 [near-complete analogue] 2 baits
CONFIRMED SRR23712156 [module-only homology] 1 baits
CONFIRMED SRR23712158 [near-complete analogue] 3 baits
CONFIRMED SRR23731339 [near-complete analogue] 2 baits
CONFIRMED SRR23823733 [module-only homology] 1 baits
CONFIRMED SRR23851420 [near-complete analogue] 3 baits
CONFIRMED SRR23851423 [junction/synteny supported] 1 baits
CONFIRMED SRR23851426 [near-complete analogue] 3 baits
CONFIRMED SRR23851430 [module-only homology] 1 baits
CONFIRMED SRR23851437 [module-only homology] 1 baits
CONFIRMED SRR23851438 [module-only homology] 1 baits
CONFIRMED SRR23851446 [near-complete analogue] 2 baits
CONFIRMED SRR23851451 [junction/synteny supported] 1 baits
CONFIRMED SRR23851452 [near-complete analogue] 3 baits
CONFIRMED SRR23851455 [module-only homology] 1 baits
CONFIRMED SRR23851462 [near-complete analogue] 2 baits
CONFIRMED SRR23851466 [near-complete analogue] 2 baits
CONFIRMED SRR23852932 [near-complete analogue] 2 baits
CONFIRMED SRR23854159 [near-complete analogue] 3 baits
CONFIRMED SRR23866963 [near-complete analogue] 2 baits
CONFIRMED SRR23866968 [module-only homology] 1 baits
CONFIRMED SRR23866970 [near-complete analogue] 2 baits
CONFIRMED SRR23866972 [near-complete analogue] 2 baits
CONFIRMED SRR23866974 [junction/synteny supported] 1 baits
CONFIRMED SRR23866976 [near-complete analogue] 2 baits
CONFIRMED SRR23866978 [near-complete analogue] 2 baits
CONFIRMED SRR23866983 [near-complete analogue] 2 baits
CONFIRMED SRR23866987 [junction/synteny supported] 1 baits
CONFIRMED SRR23866989 [module-only homology] 1 baits
CONFIRMED SRR23866994 [near-complete analogue] 2 baits
CONFIRMED SRR23866995 [module-only homology] 1 baits
CONFIRMED SRR23866999 [near-complete analogue] 2 baits
CONFIRMED SRR23867001 [module-only homology] 1 baits
CONFIRMED SRR23867006 [module-only homology] 1 baits
CONFIRMED SRR23867007 [module-only homology] 1 baits
CONFIRMED SRR23867011 [module-only homology] 1 baits
CONFIRMED SRR23867014 [near-complete analogue] 3 baits
CONFIRMED SRR23867019 [module-only homology] 1 baits
CONFIRMED SRR23867116 [near-complete analogue] 2 baits
CONFIRMED SRR23867119 [module-only homology] 1 baits
CONFIRMED SRR23867120 [near-complete analogue] 3 baits
CONFIRMED SRR23867128 [near-complete analogue] 2 baits
CONFIRMED SRR23867130 [module-only homology] 1 baits
CONFIRMED SRR23867133 [module-only homology] 1 baits
CONFIRMED SRR23867135 [near-complete analogue] 2 baits
CONFIRMED SRR23867138 [junction/synteny supported] 1 baits
CONFIRMED SRR23867143 [junction/synteny supported] 1 baits
CONFIRMED SRR23867147 [near-complete analogue] 2 baits
CONFIRMED SRR23867148 [module-only homology] 1 baits
CONFIRMED SRR23867149 [module-only homology] 1 baits
CONFIRMED SRR23867150 [near-complete analogue] 5 baits
CONFIRMED SRR23867151 [near-complete analogue] 3 baits
CONFIRMED SRR23873538 [near-complete analogue] 2 baits
CONFIRMED SRR23873539 [near-complete analogue] 2 baits
CONFIRMED SRR23873542 [near-complete analogue] 2 baits
CONFIRMED SRR23873544 [junction/synteny supported] 1 baits
CONFIRMED SRR23873546 [near-complete analogue] 2 baits
CONFIRMED SRR23873551 [module-only homology] 1 baits
CONFIRMED SRR23873552 [near-complete analogue] 2 baits
CONFIRMED SRR23873553 [near-complete analogue] 3 baits
CONFIRMED SRR23873554 [near-complete analogue] 2 baits
CONFIRMED SRR23873555 [near-complete analogue] 2 baits
CONFIRMED SRR23873558 [module-only homology] 1 baits
CONFIRMED SRR23873561 [near-complete analogue] 2 baits
CONFIRMED SRR23873562 [module-only homology] 1 baits
CONFIRMED SRR23873563 [junction/synteny supported] 1 baits
CONFIRMED SRR23873565 [near-complete analogue] 3 baits
CONFIRMED SRR23873566 [near-complete analogue] 3 baits
CONFIRMED SRR23873567 [near-complete analogue] 3 baits
CONFIRMED SRR23873568 [module-only homology] 1 baits
CONFIRMED SRR23873569 [module-only homology] 1 baits
CONFIRMED SRR23873570 [junction/synteny supported] 1 baits
CONFIRMED SRR23873573 [module-only homology] 1 baits
CONFIRMED SRR23873577 [near-complete analogue] 2 baits
CONFIRMED SRR23873578 [module-only homology] 1 baits
CONFIRMED SRR23873579 [near-complete analogue] 2 baits
CONFIRMED SRR23873580 [near-complete analogue] 4 baits
CONFIRMED SRR23873581 [near-complete analogue] 2 baits
CONFIRMED SRR23873582 [near-complete analogue] 2 baits
CONFIRMED SRR23873586 [near-complete analogue] 2 baits
CONFIRMED SRR23873587 [near-complete analogue] 3 baits
CONFIRMED SRR23873589 [near-complete analogue] 3 baits
CONFIRMED SRR23873590 [near-complete analogue] 2 baits
CONFIRMED SRR24165917 [near-complete analogue] 2 baits
CONFIRMED SRR24173860 [module-only homology] 1 baits
CONFIRMED SRR24189526 [near-complete analogue] 3 baits
CONFIRMED SRR24189527 [module-only homology] 1 baits
CONFIRMED SRR24189531 [near-complete analogue] 2 baits
CONFIRMED SRR24189532 [near-complete analogue] 5 baits
CONFIRMED SRR24189540 [near-complete analogue] 2 baits
CONFIRMED SRR24204283 [module-only homology] 1 baits
CONFIRMED SRR24204285 [near-complete analogue] 8 baits
CONFIRMED SRR24204286 [near-complete analogue] 3 baits
CONFIRMED SRR24204290 [module-only homology] 1 baits
CONFIRMED SRR24204291 [junction/synteny supported] 1 baits
CONFIRMED SRR24204303 [module-only homology] 1 baits
CONFIRMED SRR24204310 [near-complete analogue] 4 baits
CONFIRMED SRR24204316 [near-complete analogue] 3 baits
CONFIRMED SRR24204319 [near-complete analogue] 3 baits
CONFIRMED SRR24204332 [near-complete analogue] 2 baits
CONFIRMED SRR24204338 [near-complete analogue] 2 baits
CONFIRMED SRR24204356 [near-complete analogue] 2 baits
CONFIRMED SRR24204357 [module-only homology] 1 baits
CONFIRMED SRR24204365 [near-complete analogue] 3 baits
CONFIRMED SRR24204366 [module-only homology] 1 baits
CONFIRMED SRR24204370 [near-complete analogue] 4 baits
CONFIRMED SRR24204385 [near-complete analogue] 2 baits
CONFIRMED SRR24204387 [near-complete analogue] 3 baits
CONFIRMED SRR24204388 [module-only homology] 1 baits
CONFIRMED SRR24204390 [module-only homology] 1 baits
CONFIRMED SRR24332798 [module-only homology] 1 baits
CONFIRMED SRR24332805 [near-complete analogue] 2 baits
CONFIRMED SRR24332823 [near-complete analogue] 3 baits
CONFIRMED SRR24332826 [module-only homology] 1 baits
CONFIRMED SRR24332839 [near-complete analogue] 2 baits
CONFIRMED SRR24332840 [module-only homology] 1 baits
CONFIRMED SRR24332846 [near-complete analogue] 4 baits
CONFIRMED SRR24332879 [module-only homology] 1 baits
CONFIRMED SRR24332882 [near-complete analogue] 2 baits
CONFIRMED SRR24332891 [module-only homology] 1 baits
CONFIRMED SRR24332894 [near-complete analogue] 2 baits
CONFIRMED SRR24332895 [near-complete analogue] 3 baits
CONFIRMED SRR24332902 [near-complete analogue] 2 baits
CONFIRMED SRR24332906 [module-only homology] 1 baits
CONFIRMED SRR24332908 [module-only homology] 1 baits
CONFIRMED SRR24332911 [module-only homology] 1 baits
CONFIRMED SRR24332913 [near-complete analogue] 3 baits
CONFIRMED SRR24415991 [near-complete analogue] 5 baits
CONFIRMED SRR24415996 [near-complete analogue] 5 baits
CONFIRMED SRR24434193 [near-complete analogue] 3 baits
CONFIRMED SRR24523591 [module-only homology] 1 baits
CONFIRMED SRR24523593 [near-complete analogue] 3 baits
CONFIRMED SRR24523606 [module-only homology] 1 baits
CONFIRMED SRR24523612 [module-only homology] 1 baits
CONFIRMED SRR24523614 [module-only homology] 1 baits
CONFIRMED SRR24523617 [module-only homology] 1 baits
CONFIRMED SRR24523621 [module-only homology] 1 baits
CONFIRMED SRR24523627 [near-complete analogue] 2 baits
CONFIRMED SRR24523628 [near-complete analogue] 2 baits
CONFIRMED SRR24523632 [near-complete analogue] 5 baits
CONFIRMED SRR24523633 [module-only homology] 1 baits
CONFIRMED SRR24523636 [module-only homology] 1 baits
CONFIRMED SRR24523639 [module-only homology] 1 baits
CONFIRMED SRR24658709 [module-only homology] 1 baits
CONFIRMED SRR24668154 [module-only homology] 1 baits
CONFIRMED SRR24791784 [near-complete analogue] 3 baits
CONFIRMED SRR24837710 [module-only homology] 1 baits
CONFIRMED SRR24837713 [near-complete analogue] 4 baits
CONFIRMED SRR24837714 [near-complete analogue] 2 baits
CONFIRMED SRR24908483 [near-complete analogue] 2 baits
CONFIRMED SRR24908486 [near-complete analogue] 4 baits
CONFIRMED SRR24951825 [near-complete analogue] 2 baits
CONFIRMED SRR24951832 [near-complete analogue] 2 baits
CONFIRMED SRR24951834 [near-complete analogue] 2 baits
CONFIRMED SRR24951850 [junction/synteny supported] 1 baits
CONFIRMED SRR24951853 [near-complete analogue] 2 baits
CONFIRMED SRR24951854 [module-only homology] 1 baits
CONFIRMED SRR24951856 [module-only homology] 1 baits
CONFIRMED SRR24951858 [near-complete analogue] 2 baits
CONFIRMED SRR24951861 [near-complete analogue] 3 baits
CONFIRMED SRR24951864 [near-complete analogue] 2 baits
CONFIRMED SRR24951867 [near-complete analogue] 4 baits
CONFIRMED SRR24951872 [near-complete analogue] 2 baits
CONFIRMED SRR24951874 [near-complete analogue] 2 baits
CONFIRMED SRR24951878 [module-only homology] 1 baits
CONFIRMED SRR24951882 [module-only homology] 1 baits
CONFIRMED SRR24951886 [module-only homology] 1 baits
CONFIRMED SRR24951899 [module-only homology] 1 baits
CONFIRMED SRR24951900 [near-complete analogue] 4 baits
CONFIRMED SRR24951905 [near-complete analogue] 2 baits
CONFIRMED SRR24951913 [junction/synteny supported] 1 baits
CONFIRMED SRR24951914 [near-complete analogue] 3 baits
CONFIRMED SRR24951916 [module-only homology] 1 baits
CONFIRMED SRR24951919 [near-complete analogue] 3 baits
CONFIRMED SRR24951920 [module-only homology] 1 baits
CONFIRMED SRR24951924 [module-only homology] 1 baits
CONFIRMED SRR24951926 [near-complete analogue] 2 baits
CONFIRMED SRR24951927 [module-only homology] 1 baits
CONFIRMED SRR24951934 [near-complete analogue] 2 baits
CONFIRMED SRR24951936 [near-complete analogue] 2 baits
CONFIRMED SRR24951938 [near-complete analogue] 2 baits
CONFIRMED SRR24951939 [near-complete analogue] 2 baits
CONFIRMED SRR24951940 [near-complete analogue] 2 baits
CONFIRMED SRR24951945 [module-only homology] 1 baits
CONFIRMED SRR24951948 [module-only homology] 1 baits
CONFIRMED SRR24951953 [near-complete analogue] 2 baits
CONFIRMED SRR24951954 [near-complete analogue] 3 baits
CONFIRMED SRR24951955 [near-complete analogue] 2 baits
CONFIRMED SRR24951956 [module-only homology] 1 baits
CONFIRMED SRR24951967 [near-complete analogue] 2 baits
CONFIRMED SRR24951973 [module-only homology] 1 baits
CONFIRMED SRR24951976 [module-only homology] 1 baits
CONFIRMED SRR24951979 [module-only homology] 1 baits
CONFIRMED SRR24951987 [module-only homology] 1 baits
CONFIRMED SRR25056923 [module-only homology] 1 baits
CONFIRMED SRR25132459 [module-only homology] 1 baits
CONFIRMED SRR25132554 [module-only homology] 1 baits
CONFIRMED SRR25132630 [module-only homology] 1 baits
CONFIRMED SRR25132632 [module-only homology] 1 baits
CONFIRMED SRR25132774 [module-only homology] 1 baits
CONFIRMED SRR25132784 [module-only homology] 1 baits
CONFIRMED SRR25145096 [module-only homology] 1 baits
CONFIRMED SRR25281240 [junction/synteny supported] 1 baits
CONFIRMED SRR25281244 [module-only homology] 1 baits
CONFIRMED SRR25282073 [junction/synteny supported] 1 baits
CONFIRMED SRR25282078 [module-only homology] 1 baits
CONFIRMED SRR25282079 [module-only homology] 1 baits
CONFIRMED SRR25282080 [junction/synteny supported] 1 baits
CONFIRMED SRR25282087 [junction/synteny supported] 1 baits
CONFIRMED SRR25293659 [module-only homology] 1 baits
CONFIRMED SRR25293661 [module-only homology] 1 baits
CONFIRMED SRR25293775 [junction/synteny supported] 1 baits
CONFIRMED SRR25293787 [module-only homology] 1 baits
CONFIRMED SRR25293792 [junction/synteny supported] 1 baits
CONFIRMED SRR25293818 [module-only homology] 1 baits
CONFIRMED SRR25293890 [junction/synteny supported] 1 baits
CONFIRMED SRR25293909 [junction/synteny supported] 1 baits
CONFIRMED SRR25293911 [module-only homology] 1 baits
CONFIRMED SRR25294080 [near-complete analogue] 2 baits
CONFIRMED SRR25294083 [near-complete analogue] 2 baits
CONFIRMED SRR25294116 [module-only homology] 1 baits
CONFIRMED SRR25294127 [junction/synteny supported] 1 baits
CONFIRMED SRR25294128 [near-complete analogue] 2 baits
CONFIRMED SRR25294130 [near-complete analogue] 2 baits
CONFIRMED SRR25294132 [near-complete analogue] 2 baits
CONFIRMED SRR25356341 [module-only homology] 1 baits
CONFIRMED SRR25360082 [near-complete analogue] 3 baits
CONFIRMED SRR25405080 [module-only homology] 1 baits
CONFIRMED SRR25405081 [module-only homology] 1 baits
CONFIRMED SRR25405082 [near-complete analogue] 2 baits
CONFIRMED SRR25405086 [module-only homology] 1 baits
CONFIRMED SRR25405090 [near-complete analogue] 2 baits
CONFIRMED SRR25405092 [module-only homology] 1 baits
CONFIRMED SRR25405093 [module-only homology] 1 baits
CONFIRMED SRR25405096 [module-only homology] 1 baits
CONFIRMED SRR25424197 [near-complete analogue] 3 baits
CONFIRMED SRR25424198 [near-complete analogue] 3 baits
CONFIRMED SRR25424199 [near-complete analogue] 3 baits
CONFIRMED SRR25424200 [near-complete analogue] 3 baits
CONFIRMED SRR25424201 [near-complete analogue] 3 baits
CONFIRMED SRR25424202 [near-complete analogue] 3 baits
CONFIRMED SRR25424203 [near-complete analogue] 3 baits
CONFIRMED SRR25424204 [near-complete analogue] 3 baits
CONFIRMED SRR25424205 [near-complete analogue] 3 baits
CONFIRMED SRR25424206 [near-complete analogue] 3 baits
CONFIRMED SRR25424207 [near-complete analogue] 3 baits
CONFIRMED SRR25424208 [module-only homology] 1 baits
CONFIRMED SRR25424209 [module-only homology] 1 baits
CONFIRMED SRR25424210 [near-complete analogue] 3 baits
CONFIRMED SRR25424211 [near-complete analogue] 3 baits
CONFIRMED SRR25424212 [near-complete analogue] 3 baits
CONFIRMED SRR25424213 [near-complete analogue] 3 baits
CONFIRMED SRR25424214 [near-complete analogue] 3 baits
CONFIRMED SRR25424215 [near-complete analogue] 3 baits
CONFIRMED SRR25424216 [near-complete analogue] 3 baits
CONFIRMED SRR25424217 [near-complete analogue] 3 baits
CONFIRMED SRR25424218 [near-complete analogue] 3 baits
CONFIRMED SRR25424219 [near-complete analogue] 3 baits
CONFIRMED SRR25424220 [near-complete analogue] 3 baits
CONFIRMED SRR25424221 [near-complete analogue] 3 baits
CONFIRMED SRR25424222 [near-complete analogue] 3 baits
CONFIRMED SRR25424223 [near-complete analogue] 3 baits
CONFIRMED SRR25424224 [near-complete analogue] 3 baits
CONFIRMED SRR25424225 [near-complete analogue] 3 baits
CONFIRMED SRR25424226 [near-complete analogue] 3 baits
CONFIRMED SRR25424228 [module-only homology] 1 baits
CONFIRMED SRR25431019 [module-only homology] 1 baits
CONFIRMED SRR25500367 [near-complete analogue] 2 baits
CONFIRMED SRR25500368 [near-complete analogue] 2 baits
CONFIRMED SRR25599673 [module-only homology] 1 baits
CONFIRMED SRR25599674 [module-only homology] 1 baits
CONFIRMED SRR25599675 [near-complete analogue] 2 baits
CONFIRMED SRR25599676 [module-only homology] 1 baits
CONFIRMED SRR25599677 [module-only homology] 1 baits
CONFIRMED SRR25599678 [module-only homology] 1 baits
CONFIRMED SRR25599679 [near-complete analogue] 3 baits
CONFIRMED SRR25599682 [module-only homology] 1 baits
CONFIRMED SRR25599683 [module-only homology] 1 baits
CONFIRMED SRR25608257 [near-complete analogue] 2 baits
CONFIRMED SRR25608258 [near-complete analogue] 3 baits
CONFIRMED SRR25608259 [module-only homology] 1 baits
CONFIRMED SRR25608260 [module-only homology] 1 baits
CONFIRMED SRR25608262 [near-complete analogue] 3 baits
CONFIRMED SRR25608263 [module-only homology] 1 baits
CONFIRMED SRR25608264 [near-complete analogue] 2 baits
CONFIRMED SRR25608266 [near-complete analogue] 2 baits
CONFIRMED SRR25608267 [near-complete analogue] 3 baits
CONFIRMED SRR25608268 [module-only homology] 1 baits
CONFIRMED SRR25608270 [module-only homology] 1 baits
CONFIRMED SRR25608271 [module-only homology] 1 baits
CONFIRMED SRR25608273 [near-complete analogue] 2 baits
CONFIRMED SRR25608274 [module-only homology] 1 baits
CONFIRMED SRR25608276 [module-only homology] 1 baits
CONFIRMED SRR25608277 [module-only homology] 1 baits
CONFIRMED SRR25828948 [near-complete analogue] 2 baits
CONFIRMED SRR25828951 [near-complete analogue] 4 baits
CONFIRMED SRR26036452 [module-only homology] 1 baits
CONFIRMED SRR26036453 [near-complete analogue] 3 baits
CONFIRMED SRR26036454 [near-complete analogue] 3 baits
CONFIRMED SRR26036455 [near-complete analogue] 3 baits
CONFIRMED SRR26036456 [module-only homology] 1 baits
CONFIRMED SRR26036457 [near-complete analogue] 2 baits
CONFIRMED SRR26036458 [near-complete analogue] 3 baits
CONFIRMED SRR26036471 [near-complete analogue] 2 baits
CONFIRMED SRR26036472 [near-complete analogue] 3 baits
CONFIRMED SRR26036473 [near-complete analogue] 2 baits
CONFIRMED SRR26036474 [near-complete analogue] 3 baits
CONFIRMED SRR26036475 [near-complete analogue] 2 baits
CONFIRMED SRR26036476 [near-complete analogue] 2 baits
CONFIRMED SRR26036477 [near-complete analogue] 3 baits
CONFIRMED SRR26087471 [near-complete analogue] 2 baits
CONFIRMED SRR26203452 [near-complete analogue] 3 baits
CONFIRMED SRR26217378 [near-complete analogue] 2 baits
CONFIRMED SRR26358884 [junction/synteny supported] 1 baits
CONFIRMED SRR26358885 [near-complete analogue] 3 baits
CONFIRMED SRR26358886 [module-only homology] 1 baits
CONFIRMED SRR26358887 [near-complete analogue] 3 baits
CONFIRMED SRR26358888 [module-only homology] 1 baits
CONFIRMED SRR26358889 [module-only homology] 1 baits
CONFIRMED SRR26358890 [near-complete analogue] 6 baits
CONFIRMED SRR26358891 [near-complete analogue] 3 baits
CONFIRMED SRR26358892 [module-only homology] 1 baits
CONFIRMED SRR26358894 [near-complete analogue] 3 baits
CONFIRMED SRR26358895 [near-complete analogue] 5 baits
CONFIRMED SRR26358897 [near-complete analogue] 2 baits
CONFIRMED SRR26358898 [module-only homology] 1 baits
CONFIRMED SRR26358899 [near-complete analogue] 3 baits
CONFIRMED SRR26358900 [near-complete analogue] 2 baits
CONFIRMED SRR26358901 [near-complete analogue] 3 baits
CONFIRMED SRR26358902 [near-complete analogue] 4 baits
CONFIRMED SRR26358903 [module-only homology] 1 baits
CONFIRMED SRR26358904 [module-only homology] 1 baits
CONFIRMED SRR26358905 [near-complete analogue] 4 baits
CONFIRMED SRR26358907 [near-complete analogue] 3 baits
CONFIRMED SRR26358908 [near-complete analogue] 2 baits
CONFIRMED SRR26358910 [near-complete analogue] 4 baits
CONFIRMED SRR26358911 [near-complete analogue] 2 baits
CONFIRMED SRR26358912 [near-complete analogue] 4 baits
CONFIRMED SRR26358913 [module-only homology] 1 baits
CONFIRMED SRR26358914 [near-complete analogue] 2 baits
CONFIRMED SRR26358915 [junction/synteny supported] 1 baits
CONFIRMED SRR26358916 [near-complete analogue] 4 baits
CONFIRMED SRR26358917 [near-complete analogue] 5 baits
CONFIRMED SRR26358918 [junction/synteny supported] 1 baits
CONFIRMED SRR26358919 [near-complete analogue] 2 baits
CONFIRMED SRR26358920 [module-only homology] 1 baits
CONFIRMED SRR26358921 [junction/synteny supported] 1 baits
CONFIRMED SRR26358922 [module-only homology] 1 baits
CONFIRMED SRR26358923 [near-complete analogue] 3 baits
CONFIRMED SRR26358924 [module-only homology] 1 baits
CONFIRMED SRR26358926 [near-complete analogue] 2 baits
CONFIRMED SRR26358928 [near-complete analogue] 2 baits
CONFIRMED SRR26358929 [near-complete analogue] 3 baits
CONFIRMED SRR26358931 [module-only homology] 1 baits
CONFIRMED SRR26358932 [module-only homology] 1 baits
CONFIRMED SRR26358933 [near-complete analogue] 3 baits
CONFIRMED SRR26434296 [module-only homology] 1 baits
CONFIRMED SRR26510612 [near-complete analogue] 2 baits
CONFIRMED SRR26557594 [module-only homology] 1 baits
CONFIRMED SRR26637804 [junction/synteny supported] 1 baits
CONFIRMED SRR26638093 [junction/synteny supported] 1 baits
CONFIRMED SRR26639499 [near-complete analogue] 2 baits
CONFIRMED SRR26640444 [near-complete analogue] 3 baits
CONFIRMED SRR26640606 [near-complete analogue] 2 baits
CONFIRMED SRR26640643 [junction/synteny supported] 1 baits
CONFIRMED SRR26640652 [junction/synteny supported] 1 baits
CONFIRMED SRR26664859 [module-only homology] 1 baits
CONFIRMED SRR26664860 [module-only homology] 1 baits
CONFIRMED SRR26664865 [module-only homology] 1 baits
CONFIRMED SRR26664868 [module-only homology] 1 baits
CONFIRMED SRR26892073 [near-complete analogue] 2 baits
CONFIRMED SRR26892079 [module-only homology] 1 baits
CONFIRMED SRR26892087 [near-complete analogue] 3 baits
CONFIRMED SRR26892089 [module-only homology] 1 baits
CONFIRMED SRR27198636 [module-only homology] 1 baits
CONFIRMED SRR27241878 [near-complete analogue] 2 baits
CONFIRMED SRR27305613 [near-complete analogue] 4 baits
CONFIRMED SRR27326111 [near-complete analogue] 2 baits
CONFIRMED SRR27326114 [module-only homology] 1 baits
CONFIRMED SRR27326115 [module-only homology] 1 baits
CONFIRMED SRR27326118 [module-only homology] 1 baits
CONFIRMED SRR27326119 [near-complete analogue] 2 baits
CONFIRMED SRR27326120 [junction/synteny supported] 1 baits
CONFIRMED SRR27326121 [module-only homology] 1 baits
CONFIRMED SRR27326122 [near-complete analogue] 2 baits
CONFIRMED SRR27326124 [near-complete analogue] 2 baits
CONFIRMED SRR27326125 [module-only homology] 1 baits
CONFIRMED SRR27326126 [junction/synteny supported] 1 baits
CONFIRMED SRR27535584 [near-complete analogue] 2 baits
CONFIRMED SRR27535586 [module-only homology] 1 baits
CONFIRMED SRR27535587 [near-complete analogue] 2 baits
CONFIRMED SRR27535588 [near-complete analogue] 3 baits
CONFIRMED SRR27535589 [near-complete analogue] 5 baits
CONFIRMED SRR27535590 [module-only homology] 1 baits
CONFIRMED SRR27535591 [module-only homology] 1 baits
CONFIRMED SRR27678039 [module-only homology] 1 baits
CONFIRMED SRR27788998 [near-complete analogue] 4 baits
CONFIRMED SRR28048062 [module-only homology] 1 baits
CONFIRMED SRR28048063 [near-complete analogue] 2 baits
CONFIRMED SRR28048064 [near-complete analogue] 2 baits
CONFIRMED SRR28048065 [near-complete analogue] 2 baits
CONFIRMED SRR28048070 [module-only homology] 1 baits
CONFIRMED SRR28048075 [near-complete analogue] 2 baits
CONFIRMED SRR28048077 [near-complete analogue] 2 baits
CONFIRMED SRR28048078 [module-only homology] 1 baits
CONFIRMED SRR28048079 [near-complete analogue] 2 baits
CONFIRMED SRR28048080 [module-only homology] 1 baits
CONFIRMED SRR28048081 [near-complete analogue] 2 baits
CONFIRMED SRR28048082 [near-complete analogue] 2 baits
CONFIRMED SRR28048083 [near-complete analogue] 2 baits
CONFIRMED SRR28048084 [near-complete analogue] 2 baits
CONFIRMED SRR28048085 [near-complete analogue] 2 baits
CONFIRMED SRR28200276 [near-complete analogue] 3 baits
CONFIRMED SRR28200277 [near-complete analogue] 3 baits
CONFIRMED SRR28200278 [near-complete analogue] 2 baits
CONFIRMED SRR28239408 [module-only homology] 1 baits
CONFIRMED SRR28239409 [module-only homology] 1 baits
CONFIRMED SRR28240429 [module-only homology] 1 baits
CONFIRMED SRR28240430 [module-only homology] 1 baits
CONFIRMED SRR28273986 [module-only homology] 1 baits
CONFIRMED SRR28370642 [near-complete analogue] 4 baits
CONFIRMED SRR28370651 [near-complete analogue] 5 baits
CONFIRMED SRR28370659 [near-complete analogue] 5 baits
CONFIRMED SRR28370668 [near-complete analogue] 5 baits
CONFIRMED SRR28420678 [module-only homology] 1 baits
CONFIRMED SRR28504747 [near-complete analogue] 2 baits
CONFIRMED SRR28559271 [module-only homology] 1 baits
CONFIRMED SRR28567118 [near-complete analogue] 2 baits
CONFIRMED SRR28595394 [module-only homology] 1 baits
CONFIRMED SRR28622107 [module-only homology] 1 baits
CONFIRMED SRR28732120 [module-only homology] 1 baits
CONFIRMED SRR28732121 [module-only homology] 1 baits
CONFIRMED SRR28732122 [module-only homology] 1 baits
CONFIRMED SRR28732123 [module-only homology] 1 baits
CONFIRMED SRR28732124 [module-only homology] 1 baits
CONFIRMED SRR28732125 [module-only homology] 1 baits
CONFIRMED SRR28732130 [module-only homology] 1 baits
CONFIRMED SRR28732131 [module-only homology] 1 baits
CONFIRMED SRR28733676 [module-only homology] 1 baits
CONFIRMED SRR28801151 [near-complete analogue] 2 baits
CONFIRMED SRR28801154 [near-complete analogue] 3 baits
CONFIRMED SRR28808087 [near-complete analogue] 2 baits
CONFIRMED SRR28808088 [near-complete analogue] 2 baits
CONFIRMED SRR28808092 [near-complete analogue] 2 baits
CONFIRMED SRR28808095 [near-complete analogue] 2 baits
CONFIRMED SRR28808104 [module-only homology] 1 baits
CONFIRMED SRR28808123 [module-only homology] 1 baits
CONFIRMED SRR28808125 [module-only homology] 1 baits
CONFIRMED SRR28808130 [near-complete analogue] 2 baits
CONFIRMED SRR28808142 [near-complete analogue] 2 baits
CONFIRMED SRR28808146 [near-complete analogue] 2 baits
CONFIRMED SRR28808147 [junction/synteny supported] 1 baits
CONFIRMED SRR28808148 [near-complete analogue] 2 baits
CONFIRMED SRR28808149 [junction/synteny supported] 1 baits
CONFIRMED SRR28808154 [module-only homology] 1 baits
CONFIRMED SRR28808164 [module-only homology] 1 baits
CONFIRMED SRR28808171 [module-only homology] 1 baits
CONFIRMED SRR28808172 [near-complete analogue] 2 baits
CONFIRMED SRR28808173 [junction/synteny supported] 1 baits
CONFIRMED SRR28808176 [near-complete analogue] 2 baits
CONFIRMED SRR28808179 [junction/synteny supported] 1 baits
CONFIRMED SRR28808183 [near-complete analogue] 2 baits
CONFIRMED SRR28808184 [near-complete analogue] 2 baits
CONFIRMED SRR28808186 [module-only homology] 1 baits
CONFIRMED SRR28808195 [junction/synteny supported] 1 baits
CONFIRMED SRR28808196 [module-only homology] 1 baits
CONFIRMED SRR28808198 [near-complete analogue] 2 baits
CONFIRMED SRR28808202 [junction/synteny supported] 1 baits
CONFIRMED SRR28808210 [junction/synteny supported] 1 baits
CONFIRMED SRR28808225 [near-complete analogue] 3 baits
CONFIRMED SRR29037619 [module-only homology] 1 baits
CONFIRMED SRR29037620 [module-only homology] 1 baits
CONFIRMED SRR29037622 [module-only homology] 1 baits
CONFIRMED SRR29037625 [module-only homology] 1 baits
CONFIRMED SRR29037626 [near-complete analogue] 3 baits
CONFIRMED SRR29037627 [near-complete analogue] 4 baits
CONFIRMED SRR29037629 [near-complete analogue] 2 baits
CONFIRMED SRR29037630 [near-complete analogue] 2 baits
CONFIRMED SRR29037631 [module-only homology] 1 baits
CONFIRMED SRR29037633 [near-complete analogue] 2 baits
CONFIRMED SRR29037635 [junction/synteny supported] 1 baits
CONFIRMED SRR29037636 [module-only homology] 1 baits
CONFIRMED SRR29037637 [near-complete analogue] 2 baits
CONFIRMED SRR29061778 [near-complete analogue] 2 baits
CONFIRMED SRR29061786 [near-complete analogue] 4 baits
CONFIRMED SRR29061788 [near-complete analogue] 4 baits
CONFIRMED SRR29061789 [near-complete analogue] 2 baits
CONFIRMED SRR29061791 [near-complete analogue] 6 baits
CONFIRMED SRR29061796 [near-complete analogue] 4 baits
CONFIRMED SRR29061800 [near-complete analogue] 4 baits
CONFIRMED SRR29061807 [module-only homology] 1 baits
CONFIRMED SRR29061809 [near-complete analogue] 3 baits
CONFIRMED SRR29061811 [near-complete analogue] 3 baits
CONFIRMED SRR29061814 [module-only homology] 1 baits
CONFIRMED SRR29061822 [near-complete analogue] 2 baits
CONFIRMED SRR29061826 [near-complete analogue] 3 baits
CONFIRMED SRR29061827 [module-only homology] 1 baits
CONFIRMED SRR29061834 [module-only homology] 1 baits
CONFIRMED SRR29061837 [module-only homology] 1 baits
CONFIRMED SRR29061842 [module-only homology] 1 baits
CONFIRMED SRR29061844 [near-complete analogue] 4 baits
CONFIRMED SRR29061845 [module-only homology] 1 baits
CONFIRMED SRR29061848 [near-complete analogue] 6 baits
CONFIRMED SRR29061855 [near-complete analogue] 3 baits
CONFIRMED SRR29061856 [junction/synteny supported] 1 baits
CONFIRMED SRR29061859 [junction/synteny supported] 1 baits
CONFIRMED SRR29061860 [near-complete analogue] 2 baits
CONFIRMED SRR29061861 [near-complete analogue] 3 baits
CONFIRMED SRR29061865 [module-only homology] 1 baits
CONFIRMED SRR29061868 [near-complete analogue] 3 baits
CONFIRMED SRR29061873 [near-complete analogue] 3 baits
CONFIRMED SRR29061876 [near-complete analogue] 8 baits
CONFIRMED SRR29061882 [module-only homology] 1 baits
CONFIRMED SRR29061883 [module-only homology] 1 baits
CONFIRMED SRR29061885 [near-complete analogue] 3 baits
CONFIRMED SRR29061889 [junction/synteny supported] 1 baits
CONFIRMED SRR29061892 [near-complete analogue] 2 baits
CONFIRMED SRR29061894 [near-complete analogue] 6 baits
CONFIRMED SRR29061895 [near-complete analogue] 2 baits
CONFIRMED SRR29061896 [near-complete analogue] 3 baits
CONFIRMED SRR29061897 [near-complete analogue] 4 baits
CONFIRMED SRR29061898 [near-complete analogue] 4 baits
CONFIRMED SRR29061901 [module-only homology] 1 baits
CONFIRMED SRR29061906 [near-complete analogue] 3 baits
CONFIRMED SRR29061907 [module-only homology] 1 baits
CONFIRMED SRR29061908 [near-complete analogue] 2 baits
CONFIRMED SRR29061915 [near-complete analogue] 2 baits
CONFIRMED SRR29061925 [module-only homology] 1 baits
CONFIRMED SRR29061928 [near-complete analogue] 2 baits
CONFIRMED SRR29061936 [near-complete analogue] 6 baits
CONFIRMED SRR29061938 [near-complete analogue] 3 baits
CONFIRMED SRR29061939 [near-complete analogue] 5 baits
CONFIRMED SRR29061940 [near-complete analogue] 3 baits
CONFIRMED SRR29202108 [module-only homology] 1 baits
CONFIRMED SRR29246702 [near-complete analogue] 2 baits
CONFIRMED SRR292678 [near-complete analogue] 4 baits
CONFIRMED SRR292770 [near-complete analogue] 5 baits
CONFIRMED SRR292862 [near-complete analogue] 4 baits
CONFIRMED SRR29542927 [module-only homology] 1 baits
CONFIRMED SRR29598438 [near-complete analogue] 2 baits
CONFIRMED SRR29598454 [near-complete analogue] 3 baits
CONFIRMED SRR29598462 [module-only homology] 1 baits
CONFIRMED SRR29598487 [near-complete analogue] 2 baits
CONFIRMED SRR29598511 [module-only homology] 1 baits
CONFIRMED SRR29598515 [near-complete analogue] 2 baits
CONFIRMED SRR29598610 [module-only homology] 1 baits
CONFIRMED SRR29598613 [near-complete analogue] 3 baits
CONFIRMED SRR29598622 [near-complete analogue] 2 baits
CONFIRMED SRR29622275 [near-complete analogue] 2 baits
CONFIRMED SRR29636541 [near-complete analogue] 4 baits
CONFIRMED SRR29636546 [module-only homology] 1 baits
CONFIRMED SRR29636547 [module-only homology] 1 baits
CONFIRMED SRR29636559 [near-complete analogue] 3 baits
CONFIRMED SRR29636563 [near-complete analogue] 4 baits
CONFIRMED SRR29636564 [near-complete analogue] 3 baits
CONFIRMED SRR29636567 [near-complete analogue] 6 baits
CONFIRMED SRR29636568 [module-only homology] 1 baits
CONFIRMED SRR29636573 [near-complete analogue] 4 baits
CONFIRMED SRR29636579 [module-only homology] 1 baits
CONFIRMED SRR29636582 [near-complete analogue] 3 baits
CONFIRMED SRR29636584 [module-only homology] 1 baits
CONFIRMED SRR29636586 [module-only homology] 1 baits
CONFIRMED SRR29636588 [module-only homology] 1 baits
CONFIRMED SRR29636591 [near-complete analogue] 6 baits
CONFIRMED SRR29636597 [near-complete analogue] 2 baits
CONFIRMED SRR29636600 [module-only homology] 1 baits
CONFIRMED SRR29636608 [near-complete analogue] 2 baits
CONFIRMED SRR29636617 [near-complete analogue] 2 baits
CONFIRMED SRR29636621 [junction/synteny supported] 1 baits
CONFIRMED SRR29636624 [near-complete analogue] 5 baits
CONFIRMED SRR29636631 [near-complete analogue] 6 baits
CONFIRMED SRR29636633 [module-only homology] 1 baits
CONFIRMED SRR29636634 [near-complete analogue] 2 baits
CONFIRMED SRR29636636 [module-only homology] 1 baits
CONFIRMED SRR29636642 [near-complete analogue] 2 baits
CONFIRMED SRR29636649 [module-only homology] 1 baits
CONFIRMED SRR29636652 [near-complete analogue] 4 baits
CONFIRMED SRR29636660 [module-only homology] 1 baits
CONFIRMED SRR29636666 [module-only homology] 1 baits
CONFIRMED SRR29636670 [near-complete analogue] 4 baits
CONFIRMED SRR29636672 [near-complete analogue] 3 baits
CONFIRMED SRR29636683 [module-only homology] 1 baits
CONFIRMED SRR29636684 [near-complete analogue] 5 baits
CONFIRMED SRR29636691 [module-only homology] 1 baits
CONFIRMED SRR29636696 [near-complete analogue] 2 baits
CONFIRMED SRR29636697 [near-complete analogue] 2 baits
CONFIRMED SRR29636705 [near-complete analogue] 2 baits
CONFIRMED SRR29636715 [near-complete analogue] 5 baits
CONFIRMED SRR29636717 [module-only homology] 1 baits
CONFIRMED SRR29636728 [near-complete analogue] 3 baits
CONFIRMED SRR29636731 [near-complete analogue] 4 baits
CONFIRMED SRR29636733 [near-complete analogue] 3 baits
CONFIRMED SRR29636743 [near-complete analogue] 2 baits
CONFIRMED SRR29636754 [module-only homology] 1 baits
CONFIRMED SRR29636768 [module-only homology] 1 baits
CONFIRMED SRR29636769 [junction/synteny supported] 1 baits
CONFIRMED SRR29733253 [near-complete analogue] 4 baits
CONFIRMED SRR29733254 [near-complete analogue] 4 baits
CONFIRMED SRR29733255 [module-only homology] 1 baits
CONFIRMED SRR29859752 [module-only homology] 1 baits
CONFIRMED SRR29859760 [module-only homology] 1 baits
CONFIRMED SRR29859763 [module-only homology] 1 baits
CONFIRMED SRR29859774 [module-only homology] 1 baits
CONFIRMED SRR29859782 [module-only homology] 1 baits
CONFIRMED SRR29859785 [module-only homology] 1 baits
CONFIRMED SRR29949535 [module-only homology] 1 baits
CONFIRMED SRR30126923 [near-complete analogue] 5 baits
CONFIRMED SRR30126925 [near-complete analogue] 5 baits
CONFIRMED SRR30178613 [near-complete analogue] 2 baits
CONFIRMED SRR30178625 [module-only homology] 1 baits
CONFIRMED SRR30178691 [near-complete analogue] 2 baits
CONFIRMED SRR30178709 [module-only homology] 1 baits
CONFIRMED SRR30178742 [near-complete analogue] 7 baits
CONFIRMED SRR30178761 [near-complete analogue] 4 baits
CONFIRMED SRR30178787 [module-only homology] 1 baits
CONFIRMED SRR30178795 [junction/synteny supported] 1 baits
CONFIRMED SRR30178802 [module-only homology] 1 baits
CONFIRMED SRR30178836 [near-complete analogue] 2 baits
CONFIRMED SRR30178897 [near-complete analogue] 2 baits
CONFIRMED SRR30178947 [near-complete analogue] 3 baits
CONFIRMED SRR30179064 [near-complete analogue] 4 baits
CONFIRMED SRR30179070 [near-complete analogue] 2 baits
CONFIRMED SRR30179088 [module-only homology] 1 baits
CONFIRMED SRR30179222 [module-only homology] 1 baits
CONFIRMED SRR30179251 [module-only homology] 1 baits
CONFIRMED SRR30179256 [near-complete analogue] 3 baits
CONFIRMED SRR30179287 [near-complete analogue] 2 baits
CONFIRMED SRR30179326 [near-complete analogue] 2 baits
CONFIRMED SRR30179331 [near-complete analogue] 2 baits
CONFIRMED SRR30179332 [near-complete analogue] 2 baits
CONFIRMED SRR30179350 [near-complete analogue] 2 baits
CONFIRMED SRR30179351 [near-complete analogue] 3 baits
CONFIRMED SRR30200307 [module-only homology] 1 baits
CONFIRMED SRR30200308 [module-only homology] 1 baits
CONFIRMED SRR30361544 [near-complete analogue] 3 baits
CONFIRMED SRR30408856 [module-only homology] 1 baits
CONFIRMED SRR30408858 [module-only homology] 1 baits
CONFIRMED SRR30408859 [near-complete analogue] 2 baits
CONFIRMED SRR30408861 [near-complete analogue] 3 baits
CONFIRMED SRR30408864 [module-only homology] 1 baits
CONFIRMED SRR30408866 [module-only homology] 1 baits
CONFIRMED SRR30408867 [near-complete analogue] 2 baits
CONFIRMED SRR30408869 [near-complete analogue] 4 baits
CONFIRMED SRR30408871 [near-complete analogue] 2 baits
CONFIRMED SRR30408874 [near-complete analogue] 5 baits
CONFIRMED SRR30408875 [module-only homology] 1 baits
CONFIRMED SRR30408878 [near-complete analogue] 2 baits
CONFIRMED SRR30408879 [module-only homology] 1 baits
CONFIRMED SRR30408880 [near-complete analogue] 2 baits
CONFIRMED SRR30408883 [module-only homology] 1 baits
CONFIRMED SRR30408888 [module-only homology] 1 baits
CONFIRMED SRR30408892 [module-only homology] 1 baits
CONFIRMED SRR30408894 [module-only homology] 1 baits
CONFIRMED SRR30408896 [near-complete analogue] 2 baits
CONFIRMED SRR30408908 [near-complete analogue] 5 baits
CONFIRMED SRR30408911 [near-complete analogue] 4 baits
CONFIRMED SRR30408913 [near-complete analogue] 4 baits
CONFIRMED SRR30408925 [module-only homology] 1 baits
CONFIRMED SRR30408941 [near-complete analogue] 4 baits
CONFIRMED SRR30408943 [module-only homology] 1 baits
CONFIRMED SRR30408950 [module-only homology] 1 baits
CONFIRMED SRR30408952 [near-complete analogue] 2 baits
CONFIRMED SRR30408953 [near-complete analogue] 4 baits
CONFIRMED SRR30408954 [module-only homology] 1 baits
CONFIRMED SRR30408956 [module-only homology] 1 baits
CONFIRMED SRR30408957 [near-complete analogue] 2 baits
CONFIRMED SRR30408959 [near-complete analogue] 2 baits
CONFIRMED SRR30408960 [near-complete analogue] 2 baits
CONFIRMED SRR30408961 [module-only homology] 1 baits
CONFIRMED SRR30408962 [module-only homology] 1 baits
CONFIRMED SRR30408964 [near-complete analogue] 5 baits
CONFIRMED SRR30408966 [module-only homology] 1 baits
CONFIRMED SRR30408967 [near-complete analogue] 2 baits
CONFIRMED SRR30408972 [near-complete analogue] 3 baits
CONFIRMED SRR30408973 [near-complete analogue] 2 baits
CONFIRMED SRR30408976 [near-complete analogue] 3 baits
CONFIRMED SRR30408978 [module-only homology] 1 baits
CONFIRMED SRR30408979 [near-complete analogue] 2 baits
CONFIRMED SRR30408980 [near-complete analogue] 3 baits
CONFIRMED SRR30408983 [near-complete analogue] 3 baits
CONFIRMED SRR30421267 [junction/synteny supported] 1 baits
CONFIRMED SRR30655744 [module-only homology] 1 baits
CONFIRMED SRR30655745 [module-only homology] 1 baits
CONFIRMED SRR30655746 [module-only homology] 1 baits
CONFIRMED SRR30655748 [module-only homology] 1 baits
CONFIRMED SRR30655749 [module-only homology] 1 baits
CONFIRMED SRR30655751 [near-complete analogue] 5 baits
CONFIRMED SRR30655752 [near-complete analogue] 5 baits
CONFIRMED SRR30655753 [near-complete analogue] 5 baits
CONFIRMED SRR30655754 [near-complete analogue] 4 baits
CONFIRMED SRR30655755 [near-complete analogue] 5 baits
CONFIRMED SRR30786323 [module-only homology] 1 baits
CONFIRMED SRR30799036 [module-only homology] 1 baits
CONFIRMED SRR30896060 [junction/synteny supported] 1 baits
CONFIRMED SRR30896071 [near-complete analogue] 2 baits
CONFIRMED SRR30896073 [near-complete analogue] 4 baits
CONFIRMED SRR30896082 [near-complete analogue] 2 baits
CONFIRMED SRR30896091 [near-complete analogue] 2 baits
CONFIRMED SRR30896096 [near-complete analogue] 2 baits
CONFIRMED SRR30896102 [near-complete analogue] 4 baits
CONFIRMED SRR30896116 [near-complete analogue] 4 baits
CONFIRMED SRR30896146 [near-complete analogue] 3 baits
CONFIRMED SRR30896197 [near-complete analogue] 3 baits
CONFIRMED SRR30896198 [module-only homology] 1 baits
CONFIRMED SRR30896212 [near-complete analogue] 2 baits
CONFIRMED SRR30896220 [near-complete analogue] 3 baits
CONFIRMED SRR30896234 [near-complete analogue] 3 baits
CONFIRMED SRR30896245 [near-complete analogue] 2 baits
CONFIRMED SRR30896259 [module-only homology] 1 baits
CONFIRMED SRR30896260 [near-complete analogue] 2 baits
CONFIRMED SRR30896272 [near-complete analogue] 2 baits
CONFIRMED SRR30896277 [module-only homology] 1 baits
CONFIRMED SRR30896289 [module-only homology] 1 baits
CONFIRMED SRR30896307 [near-complete analogue] 3 baits
CONFIRMED SRR30896353 [near-complete analogue] 2 baits
CONFIRMED SRR30896361 [module-only homology] 1 baits
CONFIRMED SRR30896371 [module-only homology] 1 baits
CONFIRMED SRR30896373 [near-complete analogue] 2 baits
CONFIRMED SRR30896381 [near-complete analogue] 3 baits
CONFIRMED SRR30896404 [near-complete analogue] 2 baits
CONFIRMED SRR30896407 [near-complete analogue] 2 baits
CONFIRMED SRR30896408 [module-only homology] 1 baits
CONFIRMED SRR30896419 [near-complete analogue] 3 baits
CONFIRMED SRR30896434 [near-complete analogue] 3 baits
CONFIRMED SRR30896445 [near-complete analogue] 5 baits
CONFIRMED SRR30896476 [module-only homology] 1 baits
CONFIRMED SRR30896479 [near-complete analogue] 8 baits
CONFIRMED SRR30896483 [module-only homology] 1 baits
CONFIRMED SRR30896507 [near-complete analogue] 4 baits
CONFIRMED SRR30896508 [near-complete analogue] 2 baits
CONFIRMED SRR30896512 [near-complete analogue] 2 baits
CONFIRMED SRR30896524 [near-complete analogue] 4 baits
CONFIRMED SRR30896526 [near-complete analogue] 2 baits
CONFIRMED SRR30896528 [module-only homology] 1 baits
CONFIRMED SRR30896529 [near-complete analogue] 4 baits
CONFIRMED SRR30896538 [near-complete analogue] 2 baits
CONFIRMED SRR30896569 [near-complete analogue] 5 baits
CONFIRMED SRR30896571 [module-only homology] 1 baits
CONFIRMED SRR30896575 [near-complete analogue] 5 baits
CONFIRMED SRR30896579 [near-complete analogue] 2 baits
CONFIRMED SRR30896583 [module-only homology] 1 baits
CONFIRMED SRR30896590 [near-complete analogue] 3 baits
CONFIRMED SRR30905178 [module-only homology] 1 baits
CONFIRMED SRR30992946 [module-only homology] 1 baits
CONFIRMED SRR30992947 [near-complete analogue] 4 baits
CONFIRMED SRR30992948 [near-complete analogue] 2 baits
CONFIRMED SRR30992950 [module-only homology] 1 baits
CONFIRMED SRR30992952 [near-complete analogue] 2 baits
CONFIRMED SRR30992953 [module-only homology] 1 baits
CONFIRMED SRR30993006 [near-complete analogue] 3 baits
CONFIRMED SRR30993007 [near-complete analogue] 2 baits
CONFIRMED SRR30993008 [module-only homology] 1 baits
CONFIRMED SRR31072982 [module-only homology] 1 baits
CONFIRMED SRR31072983 [module-only homology] 1 baits
CONFIRMED SRR31072984 [module-only homology] 1 baits
CONFIRMED SRR31072986 [near-complete analogue] 3 baits
CONFIRMED SRR31072987 [module-only homology] 1 baits
CONFIRMED SRR31072988 [module-only homology] 1 baits
CONFIRMED SRR31072989 [module-only homology] 1 baits
CONFIRMED SRR31072994 [module-only homology] 1 baits
CONFIRMED SRR31072998 [module-only homology] 1 baits
CONFIRMED SRR31072999 [module-only homology] 1 baits
CONFIRMED SRR31073000 [module-only homology] 1 baits
CONFIRMED SRR31073002 [module-only homology] 1 baits
CONFIRMED SRR31073003 [near-complete analogue] 4 baits
CONFIRMED SRR31073004 [module-only homology] 1 baits
CONFIRMED SRR31073005 [near-complete analogue] 4 baits
CONFIRMED SRR31073006 [module-only homology] 1 baits
CONFIRMED SRR31073007 [near-complete analogue] 4 baits
CONFIRMED SRR31073008 [module-only homology] 1 baits
CONFIRMED SRR31073009 [module-only homology] 1 baits
CONFIRMED SRR31073010 [module-only homology] 1 baits
CONFIRMED SRR31073016 [module-only homology] 1 baits
CONFIRMED SRR31073017 [module-only homology] 1 baits
CONFIRMED SRR3112254 [near-complete analogue] 2 baits
CONFIRMED SRR3112258 [near-complete analogue] 2 baits
CONFIRMED SRR3112262 [near-complete analogue] 3 baits
CONFIRMED SRR3112264 [near-complete analogue] 2 baits
CONFIRMED SRR3112265 [near-complete analogue] 3 baits
CONFIRMED SRR3112266 [near-complete analogue] 2 baits
CONFIRMED SRR3112268 [near-complete analogue] 4 baits
CONFIRMED SRR3112270 [module-only homology] 1 baits
CONFIRMED SRR3112315 [near-complete analogue] 2 baits
CONFIRMED SRR3112329 [near-complete analogue] 2 baits
CONFIRMED SRR3112332 [near-complete analogue] 3 baits
CONFIRMED SRR3112334 [module-only homology] 1 baits
CONFIRMED SRR31134601 [module-only homology] 1 baits
CONFIRMED SRR31214302 [module-only homology] 1 baits
CONFIRMED SRR31360497 [near-complete analogue] 5 baits
CONFIRMED SRR31360498 [near-complete analogue] 2 baits
CONFIRMED SRR31417665 [module-only homology] 1 baits
CONFIRMED SRR31417666 [near-complete analogue] 4 baits
CONFIRMED SRR31417667 [near-complete analogue] 4 baits
CONFIRMED SRR31417668 [near-complete analogue] 3 baits
CONFIRMED SRR31417669 [near-complete analogue] 3 baits
CONFIRMED SRR31417670 [near-complete analogue] 4 baits
CONFIRMED SRR31417671 [near-complete analogue] 2 baits
CONFIRMED SRR31417672 [module-only homology] 1 baits
CONFIRMED SRR31417673 [module-only homology] 1 baits
CONFIRMED SRR31417674 [near-complete analogue] 3 baits
CONFIRMED SRR31417675 [near-complete analogue] 3 baits
CONFIRMED SRR31417676 [module-only homology] 1 baits
CONFIRMED SRR31417679 [near-complete analogue] 4 baits
CONFIRMED SRR31417680 [near-complete analogue] 4 baits
CONFIRMED SRR31417685 [module-only homology] 1 baits
CONFIRMED SRR31417686 [module-only homology] 1 baits
CONFIRMED SRR31417687 [module-only homology] 1 baits
CONFIRMED SRR31417688 [near-complete analogue] 3 baits
CONFIRMED SRR31417689 [near-complete analogue] 3 baits
CONFIRMED SRR31417690 [near-complete analogue] 2 baits
CONFIRMED SRR31417697 [near-complete analogue] 2 baits
CONFIRMED SRR31417698 [near-complete analogue] 2 baits
CONFIRMED SRR31417699 [near-complete analogue] 2 baits
CONFIRMED SRR31417700 [near-complete analogue] 2 baits
CONFIRMED SRR31417701 [near-complete analogue] 2 baits
CONFIRMED SRR31417702 [near-complete analogue] 3 baits
CONFIRMED SRR31417703 [near-complete analogue] 3 baits
CONFIRMED SRR31417704 [near-complete analogue] 3 baits
CONFIRMED SRR31417705 [near-complete analogue] 3 baits
CONFIRMED SRR31417706 [near-complete analogue] 3 baits
CONFIRMED SRR31417707 [near-complete analogue] 3 baits
CONFIRMED SRR31417710 [near-complete analogue] 2 baits
CONFIRMED SRR31417711 [near-complete analogue] 2 baits
CONFIRMED SRR31417712 [module-only homology] 1 baits
CONFIRMED SRR31417713 [near-complete analogue] 3 baits
CONFIRMED SRR31417714 [near-complete analogue] 3 baits
CONFIRMED SRR31417718 [near-complete analogue] 3 baits
CONFIRMED SRR31417719 [near-complete analogue] 3 baits
CONFIRMED SRR31417720 [near-complete analogue] 4 baits
CONFIRMED SRR31417721 [near-complete analogue] 4 baits
CONFIRMED SRR31417729 [near-complete analogue] 2 baits
CONFIRMED SRR31417730 [near-complete analogue] 2 baits
CONFIRMED SRR31417731 [module-only homology] 1 baits
CONFIRMED SRR31417732 [module-only homology] 1 baits
CONFIRMED SRR31417736 [near-complete analogue] 2 baits
CONFIRMED SRR31417737 [near-complete analogue] 2 baits
CONFIRMED SRR31417742 [near-complete analogue] 2 baits
CONFIRMED SRR31417743 [near-complete analogue] 2 baits
CONFIRMED SRR31417744 [near-complete analogue] 2 baits
CONFIRMED SRR31417745 [near-complete analogue] 2 baits
CONFIRMED SRR3143692 [near-complete analogue] 2 baits
CONFIRMED SRR31540345 [near-complete analogue] 2 baits
CONFIRMED SRR31540346 [near-complete analogue] 2 baits
CONFIRMED SRR31540347 [near-complete analogue] 2 baits
CONFIRMED SRR31540348 [near-complete analogue] 2 baits
CONFIRMED SRR31540349 [near-complete analogue] 2 baits
CONFIRMED SRR31540351 [near-complete analogue] 2 baits
CONFIRMED SRR31540353 [near-complete analogue] 2 baits
CONFIRMED SRR31540354 [near-complete analogue] 2 baits
CONFIRMED SRR31540356 [near-complete analogue] 2 baits
CONFIRMED SRR31540357 [near-complete analogue] 2 baits
CONFIRMED SRR31540358 [near-complete analogue] 2 baits
CONFIRMED SRR31564833 [junction/synteny supported] 1 baits
CONFIRMED SRR31564840 [near-complete analogue] 7 baits
CONFIRMED SRR31666668 [module-only homology] 1 baits
CONFIRMED SRR31666669 [near-complete analogue] 2 baits
CONFIRMED SRR31666685 [module-only homology] 1 baits
CONFIRMED SRR31736492 [module-only homology] 1 baits
CONFIRMED SRR31736493 [module-only homology] 1 baits
CONFIRMED SRR31736494 [module-only homology] 1 baits
CONFIRMED SRR31736495 [junction/synteny supported] 1 baits
CONFIRMED SRR31736496 [module-only homology] 1 baits
CONFIRMED SRR31736497 [module-only homology] 1 baits
CONFIRMED SRR31768880 [near-complete analogue] 6 baits
CONFIRMED SRR31768881 [near-complete analogue] 6 baits
CONFIRMED SRR31768882 [near-complete analogue] 6 baits
CONFIRMED SRR31768883 [near-complete analogue] 6 baits
CONFIRMED SRR31768884 [near-complete analogue] 6 baits
CONFIRMED SRR31768885 [module-only homology] 1 baits
CONFIRMED SRR31768886 [module-only homology] 1 baits
CONFIRMED SRR31768887 [module-only homology] 1 baits
CONFIRMED SRR31768888 [module-only homology] 1 baits
CONFIRMED SRR31807355 [module-only homology] 1 baits
CONFIRMED SRR31896175 [near-complete analogue] 4 baits
CONFIRMED SRR31896181 [near-complete analogue] 4 baits
CONFIRMED SRR31896192 [near-complete analogue] 4 baits
CONFIRMED SRR31896193 [module-only homology] 1 baits
CONFIRMED SRR31896194 [module-only homology] 1 baits
CONFIRMED SRR31896195 [module-only homology] 1 baits
CONFIRMED SRR31896196 [module-only homology] 1 baits
CONFIRMED SRR31896197 [module-only homology] 1 baits
CONFIRMED SRR31896198 [near-complete analogue] 4 baits
CONFIRMED SRR31896199 [near-complete analogue] 4 baits
CONFIRMED SRR31896200 [near-complete analogue] 4 baits
CONFIRMED SRR31896201 [near-complete analogue] 4 baits
CONFIRMED SRR31896202 [near-complete analogue] 5 baits
CONFIRMED SRR31896230 [module-only homology] 1 baits
CONFIRMED SRR31896231 [module-only homology] 1 baits
CONFIRMED SRR31896232 [module-only homology] 1 baits
CONFIRMED SRR31958547 [module-only homology] 1 baits
CONFIRMED SRR31976423 [module-only homology] 1 baits
CONFIRMED SRR32030088 [module-only homology] 1 baits
CONFIRMED SRR32030092 [module-only homology] 1 baits
CONFIRMED SRR32030147 [near-complete analogue] 4 baits
CONFIRMED SRR32041517 [near-complete analogue] 2 baits
CONFIRMED SRR32145672 [near-complete analogue] 3 baits
CONFIRMED SRR3222296 [near-complete analogue] 2 baits
CONFIRMED SRR32224524 [module-only homology] 1 baits
CONFIRMED SRR32224529 [module-only homology] 1 baits
CONFIRMED SRR32224532 [module-only homology] 1 baits
CONFIRMED SRR32224534 [module-only homology] 1 baits
CONFIRMED SRR32224540 [module-only homology] 1 baits
CONFIRMED SRR32224551 [module-only homology] 1 baits
CONFIRMED SRR32224562 [module-only homology] 1 baits
CONFIRMED SRR32224573 [module-only homology] 1 baits
CONFIRMED SRR32224584 [module-only homology] 1 baits
CONFIRMED SRR32224585 [module-only homology] 1 baits
CONFIRMED SRR32362980 [junction/synteny supported] 1 baits
CONFIRMED SRR32363019 [near-complete analogue] 3 baits
CONFIRMED SRR32363030 [module-only homology] 1 baits
CONFIRMED SRR32363046 [module-only homology] 1 baits
CONFIRMED SRR32363054 [near-complete analogue] 3 baits
CONFIRMED SRR32363064 [near-complete analogue] 5 baits
CONFIRMED SRR32363065 [near-complete analogue] 3 baits
CONFIRMED SRR32363069 [near-complete analogue] 4 baits
CONFIRMED SRR32363077 [near-complete analogue] 2 baits
CONFIRMED SRR32363079 [near-complete analogue] 2 baits
CONFIRMED SRR32363081 [near-complete analogue] 4 baits
CONFIRMED SRR32363101 [module-only homology] 1 baits
CONFIRMED SRR32363105 [module-only homology] 1 baits
CONFIRMED SRR32363106 [module-only homology] 1 baits
CONFIRMED SRR32363161 [module-only homology] 1 baits
CONFIRMED SRR32363169 [module-only homology] 1 baits
CONFIRMED SRR32363178 [module-only homology] 1 baits
CONFIRMED SRR32363193 [module-only homology] 1 baits
CONFIRMED SRR32363209 [near-complete analogue] 2 baits
CONFIRMED SRR32363211 [near-complete analogue] 4 baits
CONFIRMED SRR32363212 [near-complete analogue] 4 baits
CONFIRMED SRR32363226 [near-complete analogue] 2 baits
CONFIRMED SRR32363237 [module-only homology] 1 baits
CONFIRMED SRR32363240 [module-only homology] 1 baits
CONFIRMED SRR32363242 [module-only homology] 1 baits
CONFIRMED SRR32363256 [near-complete analogue] 3 baits
CONFIRMED SRR32363258 [near-complete analogue] 4 baits
CONFIRMED SRR32363292 [near-complete analogue] 3 baits
CONFIRMED SRR32363298 [near-complete analogue] 3 baits
CONFIRMED SRR32363305 [module-only homology] 1 baits
CONFIRMED SRR32363315 [near-complete analogue] 5 baits
CONFIRMED SRR32363320 [near-complete analogue] 3 baits
CONFIRMED SRR32363329 [near-complete analogue] 3 baits
CONFIRMED SRR32363337 [module-only homology] 1 baits
CONFIRMED SRR32363346 [near-complete analogue] 4 baits
CONFIRMED SRR32363411 [near-complete analogue] 2 baits
CONFIRMED SRR32363414 [near-complete analogue] 4 baits
CONFIRMED SRR32363420 [near-complete analogue] 4 baits
CONFIRMED SRR32363427 [near-complete analogue] 3 baits
CONFIRMED SRR32363442 [near-complete analogue] 4 baits
CONFIRMED SRR32363444 [near-complete analogue] 2 baits
CONFIRMED SRR32363450 [near-complete analogue] 4 baits
CONFIRMED SRR32363453 [near-complete analogue] 5 baits
CONFIRMED SRR32363460 [near-complete analogue] 5 baits
CONFIRMED SRR32363462 [near-complete analogue] 6 baits
CONFIRMED SRR32363467 [module-only homology] 1 baits
CONFIRMED SRR32363468 [module-only homology] 1 baits
CONFIRMED SRR32418916 [module-only homology] 1 baits
CONFIRMED SRR3242018 [near-complete analogue] 4 baits
CONFIRMED SRR32476177 [near-complete analogue] 4 baits
CONFIRMED SRR32476178 [near-complete analogue] 2 baits
CONFIRMED SRR32476180 [module-only homology] 1 baits
CONFIRMED SRR32476181 [near-complete analogue] 3 baits
CONFIRMED SRR32478464 [near-complete analogue] 2 baits
CONFIRMED SRR32478465 [near-complete analogue] 2 baits
CONFIRMED SRR32478483 [module-only homology] 1 baits
CONFIRMED SRR32478486 [near-complete analogue] 2 baits
CONFIRMED SRR32478487 [near-complete analogue] 2 baits
CONFIRMED SRR32478488 [near-complete analogue] 3 baits
CONFIRMED SRR32478489 [near-complete analogue] 4 baits
CONFIRMED SRR32478492 [near-complete analogue] 2 baits
CONFIRMED SRR32478506 [near-complete analogue] 2 baits
CONFIRMED SRR32478507 [near-complete analogue] 2 baits
CONFIRMED SRR32478523 [near-complete analogue] 3 baits
CONFIRMED SRR32478560 [module-only homology] 1 baits
CONFIRMED SRR32478561 [near-complete analogue] 2 baits
CONFIRMED SRR32478585 [near-complete analogue] 4 baits
CONFIRMED SRR32478587 [near-complete analogue] 3 baits
CONFIRMED SRR32478588 [near-complete analogue] 2 baits
CONFIRMED SRR32478589 [near-complete analogue] 2 baits
CONFIRMED SRR32478590 [near-complete analogue] 2 baits
CONFIRMED SRR32478592 [near-complete analogue] 3 baits
CONFIRMED SRR32515354 [module-only homology] 1 baits
CONFIRMED SRR32515360 [module-only homology] 1 baits
CONFIRMED SRR32684272 [module-only homology] 1 baits
CONFIRMED SRR32688184 [module-only homology] 1 baits
CONFIRMED SRR32688188 [module-only homology] 1 baits
CONFIRMED SRR32688191 [near-complete analogue] 4 baits
CONFIRMED SRR32887913 [module-only homology] 1 baits
CONFIRMED SRR32887916 [module-only homology] 1 baits
CONFIRMED SRR32887917 [near-complete analogue] 4 baits
CONFIRMED SRR3290650 [near-complete analogue] 2 baits
CONFIRMED SRR33014975 [near-complete analogue] 2 baits
CONFIRMED SRR33014977 [near-complete analogue] 2 baits
CONFIRMED SRR33014978 [near-complete analogue] 3 baits
CONFIRMED SRR33037180 [near-complete analogue] 2 baits
CONFIRMED SRR33037181 [near-complete analogue] 2 baits
CONFIRMED SRR33037182 [near-complete analogue] 2 baits
CONFIRMED SRR33037183 [near-complete analogue] 2 baits
CONFIRMED SRR33037186 [near-complete analogue] 2 baits
CONFIRMED SRR33296605 [near-complete analogue] 5 baits
CONFIRMED SRR33296614 [near-complete analogue] 5 baits
CONFIRMED SRR33296615 [near-complete analogue] 5 baits
CONFIRMED SRR33346696 [junction/synteny supported] 1 baits
CONFIRMED SRR33346697 [junction/synteny supported] 1 baits
CONFIRMED SRR33346698 [near-complete analogue] 3 baits
CONFIRMED SRR33346702 [near-complete analogue] 2 baits
CONFIRMED SRR33346710 [near-complete analogue] 2 baits
CONFIRMED SRR33346712 [near-complete analogue] 3 baits
CONFIRMED SRR33346713 [near-complete analogue] 2 baits
CONFIRMED SRR33346714 [module-only homology] 1 baits
CONFIRMED SRR33346716 [module-only homology] 1 baits
CONFIRMED SRR33346717 [module-only homology] 1 baits
CONFIRMED SRR33346718 [module-only homology] 1 baits
CONFIRMED SRR33366297 [near-complete analogue] 4 baits
CONFIRMED SRR33366299 [near-complete analogue] 3 baits
CONFIRMED SRR33366301 [near-complete analogue] 2 baits
CONFIRMED SRR33366307 [near-complete analogue] 3 baits
CONFIRMED SRR33366309 [near-complete analogue] 2 baits
CONFIRMED SRR33366312 [near-complete analogue] 2 baits
CONFIRMED SRR33366313 [module-only homology] 1 baits
CONFIRMED SRR33366315 [module-only homology] 1 baits
CONFIRMED SRR33366317 [near-complete analogue] 2 baits
CONFIRMED SRR33366318 [module-only homology] 1 baits
CONFIRMED SRR33366319 [near-complete analogue] 2 baits
CONFIRMED SRR33366321 [module-only homology] 1 baits
CONFIRMED SRR33447000 [near-complete analogue] 2 baits
CONFIRMED SRR33666351 [near-complete analogue] 2 baits
CONFIRMED SRR33666352 [near-complete analogue] 2 baits
CONFIRMED SRR33666360 [near-complete analogue] 2 baits
CONFIRMED SRR33679768 [near-complete analogue] 2 baits
CONFIRMED SRR33679769 [near-complete analogue] 2 baits
CONFIRMED SRR33679770 [near-complete analogue] 3 baits
CONFIRMED SRR33679771 [module-only homology] 1 baits
CONFIRMED SRR33679772 [module-only homology] 1 baits
CONFIRMED SRR33679773 [near-complete analogue] 3 baits
CONFIRMED SRR33679774 [module-only homology] 1 baits
CONFIRMED SRR33679775 [near-complete analogue] 3 baits
CONFIRMED SRR33679776 [near-complete analogue] 2 baits
CONFIRMED SRR33679777 [near-complete analogue] 2 baits
CONFIRMED SRR33679778 [near-complete analogue] 2 baits
CONFIRMED SRR33679779 [near-complete analogue] 3 baits
CONFIRMED SRR33690885 [near-complete analogue] 3 baits
CONFIRMED SRR33690886 [near-complete analogue] 2 baits
CONFIRMED SRR33690887 [near-complete analogue] 2 baits
CONFIRMED SRR33690888 [near-complete analogue] 2 baits
CONFIRMED SRR33690889 [near-complete analogue] 3 baits
CONFIRMED SRR33690890 [module-only homology] 1 baits
CONFIRMED SRR33690891 [near-complete analogue] 2 baits
CONFIRMED SRR33690892 [near-complete analogue] 2 baits
CONFIRMED SRR33690893 [near-complete analogue] 2 baits
CONFIRMED SRR33690894 [near-complete analogue] 2 baits
CONFIRMED SRR33690895 [near-complete analogue] 3 baits
CONFIRMED SRR33690896 [near-complete analogue] 2 baits
CONFIRMED SRR33690897 [module-only homology] 1 baits
CONFIRMED SRR33789249 [near-complete analogue] 5 baits
CONFIRMED SRR33793258 [junction/synteny supported] 1 baits
CONFIRMED SRR33816031 [near-complete analogue] 2 baits
CONFIRMED SRR33841262 [near-complete analogue] 2 baits
CONFIRMED SRR3385574 [module-only homology] 1 baits
CONFIRMED SRR33966192 [module-only homology] 1 baits
CONFIRMED SRR33966194 [module-only homology] 1 baits
CONFIRMED SRR33966196 [module-only homology] 1 baits
CONFIRMED SRR33966198 [near-complete analogue] 2 baits
CONFIRMED SRR33966203 [module-only homology] 1 baits
CONFIRMED SRR33966213 [module-only homology] 1 baits
CONFIRMED SRR34028555 [near-complete analogue] 2 baits
CONFIRMED SRR34078637 [module-only homology] 1 baits
CONFIRMED SRR34146799 [module-only homology] 1 baits
CONFIRMED SRR34177222 [near-complete analogue] 2 baits
CONFIRMED SRR34177224 [module-only homology] 1 baits
CONFIRMED SRR34177228 [module-only homology] 1 baits
CONFIRMED SRR34177231 [module-only homology] 1 baits
CONFIRMED SRR34177239 [module-only homology] 1 baits
CONFIRMED SRR34492909 [module-only homology] 1 baits
CONFIRMED SRR34492911 [near-complete analogue] 4 baits
CONFIRMED SRR34492915 [near-complete analogue] 2 baits
CONFIRMED SRR34504553 [near-complete analogue] 4 baits
CONFIRMED SRR34504561 [module-only homology] 1 baits
CONFIRMED SRR34504574 [near-complete analogue] 4 baits
CONFIRMED SRR34504581 [near-complete analogue] 6 baits
CONFIRMED SRR34530215 [module-only homology] 1 baits
CONFIRMED SRR34585844 [near-complete analogue] 3 baits
CONFIRMED SRR34585845 [near-complete analogue] 2 baits
CONFIRMED SRR34585846 [near-complete analogue] 3 baits
CONFIRMED SRR34585847 [module-only homology] 1 baits
CONFIRMED SRR3465539 [module-only homology] 1 baits
CONFIRMED SRR34748677 [module-only homology] 1 baits
CONFIRMED SRR34748678 [near-complete analogue] 3 baits
CONFIRMED SRR34748679 [near-complete analogue] 4 baits
CONFIRMED SRR34748680 [near-complete analogue] 3 baits
CONFIRMED SRR34748681 [near-complete analogue] 4 baits
CONFIRMED SRR34748682 [near-complete analogue] 2 baits
CONFIRMED SRR34748683 [near-complete analogue] 2 baits
CONFIRMED SRR34748684 [near-complete analogue] 4 baits
CONFIRMED SRR34748686 [junction/synteny supported] 1 baits
CONFIRMED SRR34748688 [near-complete analogue] 3 baits
CONFIRMED SRR34748689 [module-only homology] 1 baits
CONFIRMED SRR34748690 [module-only homology] 1 baits
CONFIRMED SRR34748691 [near-complete analogue] 4 baits
CONFIRMED SRR34748692 [near-complete analogue] 2 baits
CONFIRMED SRR34748693 [near-complete analogue] 2 baits
CONFIRMED SRR34748694 [near-complete analogue] 4 baits
CONFIRMED SRR34854852 [module-only homology] 1 baits
CONFIRMED SRR34854853 [near-complete analogue] 2 baits
CONFIRMED SRR34854855 [module-only homology] 1 baits
CONFIRMED SRR34854856 [module-only homology] 1 baits
CONFIRMED SRR34854857 [module-only homology] 1 baits
CONFIRMED SRR34854858 [near-complete analogue] 2 baits
CONFIRMED SRR34854860 [module-only homology] 1 baits
CONFIRMED SRR34854861 [module-only homology] 1 baits
CONFIRMED SRR34854862 [module-only homology] 1 baits
CONFIRMED SRR34854863 [module-only homology] 1 baits
CONFIRMED SRR34854864 [module-only homology] 1 baits
CONFIRMED SRR34854865 [near-complete analogue] 3 baits
CONFIRMED SRR34854866 [module-only homology] 1 baits
CONFIRMED SRR34854867 [module-only homology] 1 baits
CONFIRMED SRR34854868 [module-only homology] 1 baits
CONFIRMED SRR34854869 [module-only homology] 1 baits
CONFIRMED SRR34854870 [near-complete analogue] 3 baits
CONFIRMED SRR34854871 [near-complete analogue] 2 baits
CONFIRMED SRR34854872 [near-complete analogue] 4 baits
CONFIRMED SRR34854873 [module-only homology] 1 baits
CONFIRMED SRR34854874 [near-complete analogue] 2 baits
CONFIRMED SRR34854875 [near-complete analogue] 5 baits
CONFIRMED SRR34854876 [module-only homology] 1 baits
CONFIRMED SRR34854877 [module-only homology] 1 baits
CONFIRMED SRR34854878 [near-complete analogue] 2 baits
CONFIRMED SRR34854879 [near-complete analogue] 2 baits
CONFIRMED SRR34854881 [near-complete analogue] 2 baits
CONFIRMED SRR34854882 [module-only homology] 1 baits
CONFIRMED SRR3492227 [module-only homology] 1 baits
CONFIRMED SRR3492228 [module-only homology] 1 baits
CONFIRMED SRR35022184 [module-only homology] 1 baits
CONFIRMED SRR35022185 [near-complete analogue] 2 baits
CONFIRMED SRR35022186 [module-only homology] 1 baits
CONFIRMED SRR35022187 [module-only homology] 1 baits
CONFIRMED SRR35131961 [module-only homology] 1 baits
CONFIRMED SRR35258995 [near-complete analogue] 3 baits
CONFIRMED SRR35285107 [module-only homology] 1 baits
CONFIRMED SRR35332963 [module-only homology] 1 baits
CONFIRMED SRR35332964 [module-only homology] 1 baits
CONFIRMED SRR35332965 [module-only homology] 1 baits
CONFIRMED SRR35332966 [near-complete analogue] 2 baits
CONFIRMED SRR35332967 [module-only homology] 1 baits
CONFIRMED SRR35332969 [module-only homology] 1 baits
CONFIRMED SRR35332971 [module-only homology] 1 baits
CONFIRMED SRR35332972 [module-only homology] 1 baits
CONFIRMED SRR35332973 [module-only homology] 1 baits
CONFIRMED SRR35332974 [module-only homology] 1 baits
CONFIRMED SRR35332975 [near-complete analogue] 2 baits
CONFIRMED SRR35332976 [module-only homology] 1 baits
CONFIRMED SRR35332978 [near-complete analogue] 2 baits
CONFIRMED SRR35332979 [near-complete analogue] 2 baits
CONFIRMED SRR35332980 [module-only homology] 1 baits
CONFIRMED SRR35332981 [near-complete analogue] 2 baits
CONFIRMED SRR35332982 [near-complete analogue] 3 baits
CONFIRMED SRR35332983 [module-only homology] 1 baits
CONFIRMED SRR353761 [near-complete analogue] 2 baits
CONFIRMED SRR3545421 [module-only homology] 1 baits
CONFIRMED SRR3545428 [near-complete analogue] 4 baits
CONFIRMED SRR3545429 [near-complete analogue] 4 baits
CONFIRMED SRR3545434 [module-only homology] 1 baits
CONFIRMED SRR3545436 [module-only homology] 1 baits
CONFIRMED SRR3545443 [module-only homology] 1 baits
CONFIRMED SRR3545444 [near-complete analogue] 2 baits
CONFIRMED SRR3545456 [near-complete analogue] 2 baits
CONFIRMED SRR3545461 [module-only homology] 1 baits
CONFIRMED SRR3545462 [near-complete analogue] 2 baits
CONFIRMED SRR35832635 [module-only homology] 1 baits
CONFIRMED SRR35832636 [near-complete analogue] 3 baits
CONFIRMED SRR35832637 [near-complete analogue] 3 baits
CONFIRMED SRR35832638 [module-only homology] 1 baits
CONFIRMED SRR35832641 [near-complete analogue] 2 baits
CONFIRMED SRR35832652 [near-complete analogue] 2 baits
CONFIRMED SRR35832663 [near-complete analogue] 2 baits
CONFIRMED SRR35832674 [near-complete analogue] 7 baits
CONFIRMED SRR35832685 [near-complete analogue] 4 baits
CONFIRMED SRR35832686 [module-only homology] 1 baits
CONFIRMED SRR35913976 [module-only homology] 1 baits
CONFIRMED SRR35920869 [junction/synteny supported] 1 baits
CONFIRMED SRR35985691 [module-only homology] 1 baits
CONFIRMED SRR35985692 [module-only homology] 1 baits
CONFIRMED SRR36148234 [near-complete analogue] 2 baits
CONFIRMED SRR36203910 [module-only homology] 1 baits
CONFIRMED SRR36203911 [near-complete analogue] 2 baits
CONFIRMED SRR36203917 [module-only homology] 1 baits
CONFIRMED SRR36203921 [module-only homology] 1 baits
CONFIRMED SRR36203925 [near-complete analogue] 2 baits
CONFIRMED SRR36203928 [module-only homology] 1 baits
CONFIRMED SRR36203938 [module-only homology] 1 baits
CONFIRMED SRR36203941 [module-only homology] 1 baits
CONFIRMED SRR36203942 [module-only homology] 1 baits
CONFIRMED SRR36203951 [junction/synteny supported] 1 baits
CONFIRMED SRR36203958 [junction/synteny supported] 1 baits
CONFIRMED SRR36203959 [junction/synteny supported] 1 baits
CONFIRMED SRR36332048 [module-only homology] 1 baits
CONFIRMED SRR36544931 [module-only homology] 1 baits
CONFIRMED SRR36568097 [module-only homology] 1 baits
CONFIRMED SRR387477 [near-complete analogue] 5 baits
CONFIRMED SRR387487 [near-complete analogue] 4 baits
CONFIRMED SRR387491 [junction/synteny supported] 1 baits
CONFIRMED SRR387492 [near-complete analogue] 3 baits
CONFIRMED SRR390737 [near-complete analogue] 2 baits
CONFIRMED SRR390738 [near-complete analogue] 2 baits
CONFIRMED SRR392636 [module-only homology] 1 baits
CONFIRMED SRR392637 [module-only homology] 1 baits
CONFIRMED SRR394006 [near-complete analogue] 2 baits
CONFIRMED SRR396619 [near-complete analogue] 2 baits
CONFIRMED SRR396620 [module-only homology] 1 baits
CONFIRMED SRR396621 [near-complete analogue] 4 baits
CONFIRMED SRR396624 [near-complete analogue] 2 baits
CONFIRMED SRR396680 [module-only homology] 1 baits
CONFIRMED SRR396681 [module-only homology] 1 baits
CONFIRMED SRR4025854 [near-complete analogue] 2 baits
CONFIRMED SRR4025855 [near-complete analogue] 2 baits
CONFIRMED SRR4025857 [module-only homology] 1 baits
CONFIRMED SRR4025862 [near-complete analogue] 2 baits
CONFIRMED SRR4027838 [module-only homology] 1 baits
CONFIRMED SRR4027843 [module-only homology] 1 baits
CONFIRMED SRR4028046 [module-only homology] 1 baits
CONFIRMED SRR4028053 [module-only homology] 1 baits
CONFIRMED SRR427072 [module-only homology] 1 baits
CONFIRMED SRR446712 [junction/synteny supported] 1 baits
CONFIRMED SRR446713 [junction/synteny supported] 1 baits
CONFIRMED SRR446797 [near-complete analogue] 3 baits
CONFIRMED SRR446857 [near-complete analogue] 3 baits
CONFIRMED SRR446858 [near-complete analogue] 3 baits
CONFIRMED SRR446896 [near-complete analogue] 2 baits
CONFIRMED SRR446911 [module-only homology] 1 baits
CONFIRMED SRR446915 [module-only homology] 1 baits
CONFIRMED SRR446940 [module-only homology] 1 baits
CONFIRMED SRR446990 [module-only homology] 1 baits
CONFIRMED SRR447076 [module-only homology] 1 baits
CONFIRMED SRR447085 [near-complete analogue] 3 baits
CONFIRMED SRR447088 [near-complete analogue] 2 baits
CONFIRMED SRR447091 [near-complete analogue] 2 baits
CONFIRMED SRR447111 [module-only homology] 1 baits
CONFIRMED SRR447114 [module-only homology] 1 baits
CONFIRMED SRR490739 [module-only homology] 1 baits
CONFIRMED SRR490740 [module-only homology] 1 baits
CONFIRMED SRR490741 [module-only homology] 1 baits
CONFIRMED SRR490949 [module-only homology] 1 baits
CONFIRMED SRR490950 [near-complete analogue] 3 baits
CONFIRMED SRR497016 [near-complete analogue] 5 baits
CONFIRMED SRR501455 [near-complete analogue] 5 baits
CONFIRMED SRR504305 [module-only homology] 1 baits
CONFIRMED SRR504750 [module-only homology] 1 baits
CONFIRMED SRR5167858 [near-complete analogue] 2 baits
CONFIRMED SRR5167859 [near-complete analogue] 2 baits
CONFIRMED SRR5168210 [near-complete analogue] 2 baits
CONFIRMED SRR5168211 [near-complete analogue] 2 baits
CONFIRMED SRR5168215 [module-only homology] 1 baits
CONFIRMED SRR5168216 [module-only homology] 1 baits
CONFIRMED SRR5168233 [near-complete analogue] 2 baits
CONFIRMED SRR5168234 [near-complete analogue] 2 baits
CONFIRMED SRR5279325 [module-only homology] 1 baits
CONFIRMED SRR5279329 [module-only homology] 1 baits
CONFIRMED SRR5279332 [module-only homology] 1 baits
CONFIRMED SRR537188 [module-only homology] 1 baits
CONFIRMED SRR5470262 [near-complete analogue] 2 baits
CONFIRMED SRR575717 [near-complete analogue] 3 baits
CONFIRMED SRR575718 [near-complete analogue] 3 baits
CONFIRMED SRR576622 [near-complete analogue] 4 baits
CONFIRMED SRR576629 [near-complete analogue] 4 baits
CONFIRMED SRR576635 [near-complete analogue] 4 baits
CONFIRMED SRR576637 [near-complete analogue] 4 baits
CONFIRMED SRR576992 [near-complete analogue] 4 baits
CONFIRMED SRR576997 [near-complete analogue] 5 baits
CONFIRMED SRR576998 [near-complete analogue] 4 baits
CONFIRMED SRR6007619 [near-complete analogue] 2 baits
CONFIRMED SRR6007620 [module-only homology] 1 baits
CONFIRMED SRR6061962 [module-only homology] 1 baits
CONFIRMED SRR6061977 [junction/synteny supported] 1 baits
CONFIRMED SRR6061985 [module-only homology] 1 baits
CONFIRMED SRR6076831 [near-complete analogue] 2 baits
CONFIRMED SRR6076832 [near-complete analogue] 2 baits
CONFIRMED SRR6076833 [module-only homology] 1 baits
CONFIRMED SRR6118140 [near-complete analogue] 2 baits
CONFIRMED SRR6118141 [near-complete analogue] 4 baits
CONFIRMED SRR6118142 [near-complete analogue] 4 baits
CONFIRMED SRR6118143 [near-complete analogue] 4 baits
CONFIRMED SRR6118144 [near-complete analogue] 4 baits
CONFIRMED SRR6118145 [near-complete analogue] 4 baits
CONFIRMED SRR6118146 [near-complete analogue] 2 baits
CONFIRMED SRR630963 [near-complete analogue] 4 baits
CONFIRMED SRR633626 [near-complete analogue] 2 baits
CONFIRMED SRR633653 [near-complete analogue] 3 baits
CONFIRMED SRR633718 [near-complete analogue] 2 baits
CONFIRMED SRR633723 [near-complete analogue] 2 baits
CONFIRMED SRR633748 [near-complete analogue] 3 baits
CONFIRMED SRR633772 [near-complete analogue] 3 baits
CONFIRMED SRR633833 [near-complete analogue] 3 baits
CONFIRMED SRR633911 [near-complete analogue] 2 baits
CONFIRMED SRR633926 [near-complete analogue] 3 baits
CONFIRMED SRR633928 [module-only homology] 1 baits
CONFIRMED SRR633936 [near-complete analogue] 2 baits
CONFIRMED SRR633938 [near-complete analogue] 4 baits
CONFIRMED SRR633950 [near-complete analogue] 2 baits
CONFIRMED SRR633960 [module-only homology] 1 baits
CONFIRMED SRR633964 [near-complete analogue] 3 baits
CONFIRMED SRR638574 [near-complete analogue] 3 baits
CONFIRMED SRR638663 [near-complete analogue] 3 baits
CONFIRMED SRR638704 [near-complete analogue] 4 baits
CONFIRMED SRR639328 [near-complete analogue] 3 baits
CONFIRMED SRR639329 [near-complete analogue] 3 baits
CONFIRMED SRR639948 [near-complete analogue] 3 baits
CONFIRMED SRR639949 [near-complete analogue] 4 baits
CONFIRMED SRR639950 [module-only homology] 1 baits
CONFIRMED SRR639952 [near-complete analogue] 4 baits
CONFIRMED SRR639953 [module-only homology] 1 baits
CONFIRMED SRR639957 [module-only homology] 1 baits
CONFIRMED SRR639963 [near-complete analogue] 2 baits
CONFIRMED SRR639965 [module-only homology] 1 baits
CONFIRMED SRR639983 [module-only homology] 1 baits
CONFIRMED SRR640028 [near-complete analogue] 3 baits
CONFIRMED SRR640031 [module-only homology] 1 baits
CONFIRMED SRR640037 [near-complete analogue] 2 baits
CONFIRMED SRR640043 [module-only homology] 1 baits
CONFIRMED SRR640044 [module-only homology] 1 baits
CONFIRMED SRR640051 [module-only homology] 1 baits
CONFIRMED SRR640068 [near-complete analogue] 2 baits
CONFIRMED SRR640069 [near-complete analogue] 4 baits
CONFIRMED SRR640074 [module-only homology] 1 baits
CONFIRMED SRR640082 [module-only homology] 1 baits
CONFIRMED SRR640086 [near-complete analogue] 2 baits
CONFIRMED SRR640087 [near-complete analogue] 2 baits
CONFIRMED SRR640105 [near-complete analogue] 2 baits
CONFIRMED SRR640112 [near-complete analogue] 3 baits
CONFIRMED SRR640113 [module-only homology] 1 baits
CONFIRMED SRR640115 [module-only homology] 1 baits
CONFIRMED SRR640117 [near-complete analogue] 3 baits
CONFIRMED SRR640122 [module-only homology] 1 baits
CONFIRMED SRR640128 [near-complete analogue] 2 baits
CONFIRMED SRR640135 [near-complete analogue] 3 baits
CONFIRMED SRR640137 [near-complete analogue] 2 baits
CONFIRMED SRR640940 [near-complete analogue] 2 baits
CONFIRMED SRR640942 [near-complete analogue] 2 baits
CONFIRMED SRR640950 [module-only homology] 1 baits
CONFIRMED SRR641808 [module-only homology] 1 baits
CONFIRMED SRR641816 [near-complete analogue] 2 baits
CONFIRMED SRR641826 [module-only homology] 1 baits
CONFIRMED SRR641834 [module-only homology] 1 baits
CONFIRMED SRR641861 [module-only homology] 1 baits
CONFIRMED SRR641876 [near-complete analogue] 3 baits
CONFIRMED SRR641877 [module-only homology] 1 baits
CONFIRMED SRR641882 [near-complete analogue] 3 baits
CONFIRMED SRR641883 [near-complete analogue] 4 baits
CONFIRMED SRR641886 [module-only homology] 1 baits
CONFIRMED SRR641897 [near-complete analogue] 2 baits
CONFIRMED SRR641902 [module-only homology] 1 baits
CONFIRMED SRR641908 [module-only homology] 1 baits
CONFIRMED SRR641909 [near-complete analogue] 3 baits
CONFIRMED SRR641924 [near-complete analogue] 3 baits
CONFIRMED SRR641929 [near-complete analogue] 3 baits
CONFIRMED SRR641930 [near-complete analogue] 2 baits
CONFIRMED SRR641936 [module-only homology] 1 baits
CONFIRMED SRR641939 [near-complete analogue] 3 baits
CONFIRMED SRR641948 [near-complete analogue] 2 baits
CONFIRMED SRR642245 [module-only homology] 1 baits
CONFIRMED SRR642247 [near-complete analogue] 2 baits
CONFIRMED SRR642252 [near-complete analogue] 2 baits
CONFIRMED SRR642253 [module-only homology] 1 baits
CONFIRMED SRR642272 [module-only homology] 1 baits
CONFIRMED SRR643052 [near-complete analogue] 2 baits
CONFIRMED SRR643057 [near-complete analogue] 3 baits
CONFIRMED SRR643059 [module-only homology] 1 baits
CONFIRMED SRR643064 [near-complete analogue] 5 baits
CONFIRMED SRR643069 [module-only homology] 1 baits
CONFIRMED SRR6458658 [near-complete analogue] 4 baits
CONFIRMED SRR646316 [near-complete analogue] 3 baits
CONFIRMED SRR646320 [near-complete analogue] 3 baits
CONFIRMED SRR646321 [near-complete analogue] 3 baits
CONFIRMED SRR646327 [near-complete analogue] 3 baits
CONFIRMED SRR646338 [near-complete analogue] 3 baits
CONFIRMED SRR646536 [near-complete analogue] 4 baits
CONFIRMED SRR646537 [near-complete analogue] 4 baits
CONFIRMED SRR646546 [near-complete analogue] 2 baits
CONFIRMED SRR646547 [near-complete analogue] 2 baits
CONFIRMED SRR646548 [near-complete analogue] 2 baits
CONFIRMED SRR646549 [near-complete analogue] 2 baits
CONFIRMED SRR646550 [near-complete analogue] 2 baits
CONFIRMED SRR646551 [near-complete analogue] 2 baits
CONFIRMED SRR646552 [near-complete analogue] 2 baits
CONFIRMED SRR646553 [near-complete analogue] 2 baits
CONFIRMED SRR646554 [near-complete analogue] 2 baits
CONFIRMED SRR647212 [module-only homology] 1 baits
CONFIRMED SRR647215 [near-complete analogue] 3 baits
CONFIRMED SRR647232 [near-complete analogue] 2 baits
CONFIRMED SRR647243 [near-complete analogue] 3 baits
CONFIRMED SRR647253 [near-complete analogue] 2 baits
CONFIRMED SRR647262 [near-complete analogue] 4 baits
CONFIRMED SRR647278 [near-complete analogue] 2 baits
CONFIRMED SRR647287 [module-only homology] 1 baits
CONFIRMED SRR647296 [near-complete analogue] 2 baits
CONFIRMED SRR647297 [near-complete analogue] 4 baits
CONFIRMED SRR647301 [near-complete analogue] 2 baits
CONFIRMED SRR647314 [near-complete analogue] 2 baits
CONFIRMED SRR647323 [near-complete analogue] 4 baits
CONFIRMED SRR647327 [module-only homology] 1 baits
CONFIRMED SRR647527 [near-complete analogue] 2 baits
CONFIRMED SRR647540 [near-complete analogue] 3 baits
CONFIRMED SRR647543 [near-complete analogue] 3 baits
CONFIRMED SRR647547 [near-complete analogue] 4 baits
CONFIRMED SRR6504025 [module-only homology] 1 baits
CONFIRMED SRR6513355 [near-complete analogue] 2 baits
CONFIRMED SRR652383 [near-complete analogue] 3 baits
CONFIRMED SRR652386 [near-complete analogue] 2 baits
CONFIRMED SRR652398 [near-complete analogue] 3 baits
CONFIRMED SRR652410 [near-complete analogue] 2 baits
CONFIRMED SRR6651799 [module-only homology] 1 baits
CONFIRMED SRR6701918 [near-complete analogue] 4 baits
CONFIRMED SRR6706474 [module-only homology] 1 baits
CONFIRMED SRR6891407 [near-complete analogue] 2 baits
CONFIRMED SRR6891408 [near-complete analogue] 2 baits
CONFIRMED SRR6891409 [near-complete analogue] 2 baits
CONFIRMED SRR6891410 [near-complete analogue] 2 baits
CONFIRMED SRR6891411 [near-complete analogue] 2 baits
CONFIRMED SRR6891412 [near-complete analogue] 2 baits
CONFIRMED SRR6891413 [near-complete analogue] 2 baits
CONFIRMED SRR6891415 [near-complete analogue] 2 baits
CONFIRMED SRR6891419 [near-complete analogue] 2 baits
CONFIRMED SRR6891424 [near-complete analogue] 2 baits
CONFIRMED SRR6891425 [near-complete analogue] 2 baits
CONFIRMED SRR6891426 [near-complete analogue] 2 baits
CONFIRMED SRR6891427 [near-complete analogue] 2 baits
CONFIRMED SRR6891428 [near-complete analogue] 2 baits
CONFIRMED SRR6891429 [near-complete analogue] 2 baits
CONFIRMED SRR6891430 [near-complete analogue] 2 baits
CONFIRMED SRR6891432 [near-complete analogue] 2 baits
CONFIRMED SRR6891433 [near-complete analogue] 2 baits
CONFIRMED SRR6891435 [near-complete analogue] 2 baits
CONFIRMED SRR6891436 [junction/synteny supported] 1 baits
CONFIRMED SRR6891437 [near-complete analogue] 2 baits
CONFIRMED SRR6891438 [near-complete analogue] 2 baits
CONFIRMED SRR6891441 [near-complete analogue] 2 baits
CONFIRMED SRR6891442 [near-complete analogue] 2 baits
CONFIRMED SRR6891443 [near-complete analogue] 2 baits
CONFIRMED SRR6891445 [near-complete analogue] 2 baits
CONFIRMED SRR6891447 [near-complete analogue] 2 baits
CONFIRMED SRR6891450 [near-complete analogue] 2 baits
CONFIRMED SRR6891452 [near-complete analogue] 2 baits
CONFIRMED SRR6891454 [near-complete analogue] 2 baits
CONFIRMED SRR6891455 [near-complete analogue] 2 baits
CONFIRMED SRR6891457 [near-complete analogue] 2 baits
CONFIRMED SRR6891459 [near-complete analogue] 2 baits
CONFIRMED SRR6891460 [near-complete analogue] 2 baits
CONFIRMED SRR6891461 [junction/synteny supported] 1 baits
CONFIRMED SRR6891462 [near-complete analogue] 2 baits
CONFIRMED SRR6891464 [near-complete analogue] 2 baits
CONFIRMED SRR6891465 [junction/synteny supported] 1 baits
CONFIRMED SRR6891466 [junction/synteny supported] 1 baits
CONFIRMED SRR6891468 [near-complete analogue] 2 baits
CONFIRMED SRR6891469 [near-complete analogue] 2 baits
CONFIRMED SRR6891470 [near-complete analogue] 2 baits
CONFIRMED SRR6891472 [near-complete analogue] 2 baits
CONFIRMED SRR6891473 [near-complete analogue] 2 baits
CONFIRMED SRR6891475 [near-complete analogue] 2 baits
CONFIRMED SRR6891476 [near-complete analogue] 2 baits
CONFIRMED SRR6891477 [near-complete analogue] 2 baits
CONFIRMED SRR6891478 [near-complete analogue] 2 baits
CONFIRMED SRR6891479 [near-complete analogue] 2 baits
CONFIRMED SRR6891480 [near-complete analogue] 2 baits
CONFIRMED SRR6891481 [near-complete analogue] 2 baits
CONFIRMED SRR6891482 [near-complete analogue] 2 baits
CONFIRMED SRR6891483 [module-only homology] 1 baits
CONFIRMED SRR6891485 [near-complete analogue] 4 baits
CONFIRMED SRR6891486 [junction/synteny supported] 1 baits
CONFIRMED SRR6891487 [near-complete analogue] 2 baits
CONFIRMED SRR6891488 [near-complete analogue] 4 baits
CONFIRMED SRR6891492 [near-complete analogue] 2 baits
CONFIRMED SRR6891493 [near-complete analogue] 2 baits
CONFIRMED SRR6892677 [near-complete analogue] 2 baits
CONFIRMED SRR6892678 [module-only homology] 1 baits
CONFIRMED SRR6892680 [near-complete analogue] 2 baits
CONFIRMED SRR6892681 [near-complete analogue] 3 baits
CONFIRMED SRR6892684 [near-complete analogue] 2 baits
CONFIRMED SRR6892685 [module-only homology] 1 baits
CONFIRMED SRR6892686 [module-only homology] 1 baits
CONFIRMED SRR6892688 [near-complete analogue] 3 baits
CONFIRMED SRR6892691 [module-only homology] 1 baits
CONFIRMED SRR6892693 [module-only homology] 1 baits
CONFIRMED SRR6892696 [near-complete analogue] 2 baits
CONFIRMED SRR6892700 [near-complete analogue] 2 baits
CONFIRMED SRR6892701 [near-complete analogue] 2 baits
CONFIRMED SRR6892703 [module-only homology] 1 baits
CONFIRMED SRR6892713 [module-only homology] 1 baits
CONFIRMED SRR6892715 [module-only homology] 1 baits
CONFIRMED SRR6892716 [near-complete analogue] 3 baits
CONFIRMED SRR6892717 [near-complete analogue] 2 baits
CONFIRMED SRR6892719 [module-only homology] 1 baits
CONFIRMED SRR6892720 [module-only homology] 1 baits
CONFIRMED SRR6892722 [near-complete analogue] 3 baits
CONFIRMED SRR6892725 [near-complete analogue] 3 baits
CONFIRMED SRR6892726 [near-complete analogue] 2 baits
CONFIRMED SRR6892728 [near-complete analogue] 2 baits
CONFIRMED SRR6892729 [near-complete analogue] 2 baits
CONFIRMED SRR6892730 [near-complete analogue] 3 baits
CONFIRMED SRR6892732 [near-complete analogue] 3 baits
CONFIRMED SRR6892733 [near-complete analogue] 3 baits
CONFIRMED SRR6892734 [near-complete analogue] 3 baits
CONFIRMED SRR6892742 [near-complete analogue] 2 baits
CONFIRMED SRR6892743 [module-only homology] 1 baits
CONFIRMED SRR6892746 [module-only homology] 1 baits
CONFIRMED SRR6892747 [module-only homology] 1 baits
CONFIRMED SRR6892748 [module-only homology] 1 baits
CONFIRMED SRR6892753 [near-complete analogue] 2 baits
CONFIRMED SRR6892759 [near-complete analogue] 2 baits
CONFIRMED SRR6892760 [near-complete analogue] 3 baits
CONFIRMED SRR6892764 [near-complete analogue] 3 baits
CONFIRMED SRR6892765 [near-complete analogue] 2 baits
CONFIRMED SRR6892769 [near-complete analogue] 3 baits
CONFIRMED SRR6892772 [near-complete analogue] 4 baits
CONFIRMED SRR6892776 [near-complete analogue] 2 baits
CONFIRMED SRR6892789 [module-only homology] 1 baits
CONFIRMED SRR6892799 [module-only homology] 1 baits
CONFIRMED SRR6892805 [module-only homology] 1 baits
CONFIRMED SRR6892809 [near-complete analogue] 3 baits
CONFIRMED SRR6900306 [near-complete analogue] 2 baits
CONFIRMED SRR6900328 [near-complete analogue] 4 baits
CONFIRMED SRR6903160 [near-complete analogue] 2 baits
CONFIRMED SRR6903161 [near-complete analogue] 3 baits
CONFIRMED SRR7064572 [module-only homology] 1 baits
CONFIRMED SRR7084789 [module-only homology] 1 baits
CONFIRMED SRR710098 [module-only homology] 1 baits
CONFIRMED SRR710099 [module-only homology] 1 baits
CONFIRMED SRR710100 [module-only homology] 1 baits
CONFIRMED SRR7659114 [module-only homology] 1 baits
CONFIRMED SRR7659115 [module-only homology] 1 baits
CONFIRMED SRR7699084 [module-only homology] 1 baits
CONFIRMED SRR7699085 [module-only homology] 1 baits
CONFIRMED SRR770089 [near-complete analogue] 6 baits
CONFIRMED SRR770091 [near-complete analogue] 2 baits
CONFIRMED SRR770106 [near-complete analogue] 4 baits
CONFIRMED SRR770118 [near-complete analogue] 3 baits
CONFIRMED SRR770119 [module-only homology] 1 baits
CONFIRMED SRR770126 [near-complete analogue] 3 baits
CONFIRMED SRR770130 [junction/synteny supported] 1 baits
CONFIRMED SRR770134 [near-complete analogue] 6 baits
CONFIRMED SRR770142 [module-only homology] 1 baits
CONFIRMED SRR770146 [near-complete analogue] 4 baits
CONFIRMED SRR770148 [near-complete analogue] 4 baits
CONFIRMED SRR770170 [near-complete analogue] 2 baits
CONFIRMED SRR770173 [near-complete analogue] 3 baits
CONFIRMED SRR7758856 [module-only homology] 1 baits
CONFIRMED SRR7758857 [module-only homology] 1 baits
CONFIRMED SRR7758860 [module-only homology] 1 baits
CONFIRMED SRR7758864 [module-only homology] 1 baits
CONFIRMED SRR7758865 [module-only homology] 1 baits
CONFIRMED SRR7758866 [module-only homology] 1 baits
CONFIRMED SRR7758868 [module-only homology] 1 baits
CONFIRMED SRR7758872 [module-only homology] 1 baits
CONFIRMED SRR7758873 [near-complete analogue] 2 baits
CONFIRMED SRR7758875 [module-only homology] 1 baits
CONFIRMED SRR7758879 [module-only homology] 1 baits
CONFIRMED SRR7758880 [module-only homology] 1 baits
CONFIRMED SRR7758881 [module-only homology] 1 baits
CONFIRMED SRR7758882 [near-complete analogue] 2 baits
CONFIRMED SRR7758885 [module-only homology] 1 baits
CONFIRMED SRR7758888 [module-only homology] 1 baits
CONFIRMED SRR7758892 [module-only homology] 1 baits
CONFIRMED SRR7758893 [module-only homology] 1 baits
CONFIRMED SRR7758894 [module-only homology] 1 baits
CONFIRMED SRR7758896 [module-only homology] 1 baits
CONFIRMED SRR7758897 [module-only homology] 1 baits
CONFIRMED SRR7758898 [module-only homology] 1 baits
CONFIRMED SRR7758900 [module-only homology] 1 baits
CONFIRMED SRR7758902 [module-only homology] 1 baits
CONFIRMED SRR7758908 [module-only homology] 1 baits
CONFIRMED SRR7758909 [module-only homology] 1 baits
CONFIRMED SRR7758913 [module-only homology] 1 baits
CONFIRMED SRR7758919 [module-only homology] 1 baits
CONFIRMED SRR7758921 [module-only homology] 1 baits
CONFIRMED SRR7758923 [module-only homology] 1 baits
CONFIRMED SRR7758925 [module-only homology] 1 baits
CONFIRMED SRR7758927 [module-only homology] 1 baits
CONFIRMED SRR7758928 [module-only homology] 1 baits
CONFIRMED SRR7758930 [near-complete analogue] 2 baits
CONFIRMED SRR7758933 [module-only homology] 1 baits
CONFIRMED SRR7758937 [junction/synteny supported] 1 baits
CONFIRMED SRR7758938 [module-only homology] 1 baits
CONFIRMED SRR7758940 [module-only homology] 1 baits
CONFIRMED SRR7758941 [module-only homology] 1 baits
CONFIRMED SRR7758942 [module-only homology] 1 baits
CONFIRMED SRR7758944 [module-only homology] 1 baits
CONFIRMED SRR7758946 [module-only homology] 1 baits
CONFIRMED SRR7758947 [module-only homology] 1 baits
CONFIRMED SRR7758951 [module-only homology] 1 baits
CONFIRMED SRR7758952 [module-only homology] 1 baits
CONFIRMED SRR7758954 [module-only homology] 1 baits
CONFIRMED SRR7758956 [module-only homology] 1 baits
CONFIRMED SRR7758959 [module-only homology] 1 baits
CONFIRMED SRR7758960 [module-only homology] 1 baits
CONFIRMED SRR7758961 [module-only homology] 1 baits
CONFIRMED SRR7758965 [module-only homology] 1 baits
CONFIRMED SRR7758966 [module-only homology] 1 baits
CONFIRMED SRR7758968 [module-only homology] 1 baits
CONFIRMED SRR7758969 [module-only homology] 1 baits
CONFIRMED SRR7812244 [module-only homology] 1 baits
CONFIRMED SRR7812245 [module-only homology] 1 baits
CONFIRMED SRR7812250 [module-only homology] 1 baits
CONFIRMED SRR7812251 [module-only homology] 1 baits
CONFIRMED SRR7812252 [module-only homology] 1 baits
CONFIRMED SRR7828257 [module-only homology] 1 baits
CONFIRMED SRR784027 [near-complete analogue] 6 baits
CONFIRMED SRR784051 [near-complete analogue] 2 baits
CONFIRMED SRR784129 [near-complete analogue] 4 baits
CONFIRMED SRR784130 [near-complete analogue] 4 baits
CONFIRMED SRR784150 [module-only homology] 1 baits
CONFIRMED SRR784175 [near-complete analogue] 4 baits
CONFIRMED SRR784240 [near-complete analogue] 3 baits
CONFIRMED SRR784241 [module-only homology] 1 baits
CONFIRMED SRR784286 [near-complete analogue] 3 baits
CONFIRMED SRR784311 [near-complete analogue] 2 baits
CONFIRMED SRR784334 [near-complete analogue] 6 baits
CONFIRMED SRR784402 [module-only homology] 1 baits
CONFIRMED SRR784451 [near-complete analogue] 3 baits
CONFIRMED SRR784477 [near-complete analogue] 4 baits
CONFIRMED SRR784678 [near-complete analogue] 2 baits
CONFIRMED SRR784681 [near-complete analogue] 3 baits
CONFIRMED SRR784823 [junction/synteny supported] 1 baits
CONFIRMED SRR784825 [junction/synteny supported] 1 baits
CONFIRMED SRR784923 [near-complete analogue] 3 baits
CONFIRMED SRR784924 [near-complete analogue] 3 baits
CONFIRMED SRR784987 [near-complete analogue] 3 baits
CONFIRMED SRR784988 [near-complete analogue] 3 baits
CONFIRMED SRR785445 [module-only homology] 1 baits
CONFIRMED SRR785446 [module-only homology] 1 baits
CONFIRMED SRR785469 [near-complete analogue] 4 baits
CONFIRMED SRR785470 [near-complete analogue] 4 baits
CONFIRMED SRR785471 [near-complete analogue] 2 baits
CONFIRMED SRR785472 [near-complete analogue] 2 baits
CONFIRMED SRR785596 [near-complete analogue] 4 baits
CONFIRMED SRR785597 [near-complete analogue] 3 baits
CONFIRMED SRR785736 [module-only homology] 1 baits
CONFIRMED SRR785738 [module-only homology] 1 baits
CONFIRMED SRR785838 [module-only homology] 1 baits
CONFIRMED SRR785839 [module-only homology] 1 baits
CONFIRMED SRR785945 [near-complete analogue] 4 baits
CONFIRMED SRR785946 [near-complete analogue] 4 baits
CONFIRMED SRR786081 [near-complete analogue] 2 baits
CONFIRMED SRR786082 [near-complete analogue] 2 baits
CONFIRMED SRR786109 [near-complete analogue] 4 baits
CONFIRMED SRR786110 [near-complete analogue] 4 baits
CONFIRMED SRR786213 [near-complete analogue] 6 baits
CONFIRMED SRR786214 [near-complete analogue] 6 baits
CONFIRMED SRR786324 [module-only homology] 1 baits
CONFIRMED SRR786325 [module-only homology] 1 baits
CONFIRMED SRR786336 [near-complete analogue] 6 baits
CONFIRMED SRR786337 [near-complete analogue] 6 baits
CONFIRMED SRR786434 [module-only homology] 1 baits
CONFIRMED SRR7879865 [module-only homology] 1 baits
CONFIRMED SRR7879868 [module-only homology] 1 baits
CONFIRMED SRR7879870 [module-only homology] 1 baits
CONFIRMED SRR7879871 [module-only homology] 1 baits
CONFIRMED SRR7879872 [near-complete analogue] 3 baits
CONFIRMED SRR7879873 [module-only homology] 1 baits
CONFIRMED SRR7879874 [near-complete analogue] 3 baits
CONFIRMED SRR7879877 [near-complete analogue] 2 baits
CONFIRMED SRR7879879 [module-only homology] 1 baits
CONFIRMED SRR7879880 [module-only homology] 1 baits
CONFIRMED SRR7879885 [near-complete analogue] 3 baits
CONFIRMED SRR7879887 [near-complete analogue] 4 baits
CONFIRMED SRR7879888 [near-complete analogue] 2 baits
CONFIRMED SRR7879891 [near-complete analogue] 2 baits
CONFIRMED SRR7879893 [near-complete analogue] 2 baits
CONFIRMED SRR7879894 [near-complete analogue] 2 baits
CONFIRMED SRR7879896 [near-complete analogue] 3 baits
CONFIRMED SRR7879897 [near-complete analogue] 4 baits
CONFIRMED SRR7879898 [near-complete analogue] 2 baits
CONFIRMED SRR7879899 [near-complete analogue] 7 baits
CONFIRMED SRR7879900 [near-complete analogue] 3 baits
CONFIRMED SRR7879901 [near-complete analogue] 3 baits
CONFIRMED SRR7879902 [near-complete analogue] 4 baits
CONFIRMED SRR7879903 [near-complete analogue] 4 baits
CONFIRMED SRR7879905 [near-complete analogue] 3 baits
CONFIRMED SRR7879906 [near-complete analogue] 4 baits
CONFIRMED SRR7879912 [near-complete analogue] 2 baits
CONFIRMED SRR7879913 [near-complete analogue] 6 baits
CONFIRMED SRR7879914 [near-complete analogue] 5 baits
CONFIRMED SRR7879916 [near-complete analogue] 3 baits
CONFIRMED SRR7879917 [near-complete analogue] 3 baits
CONFIRMED SRR7879918 [near-complete analogue] 3 baits
CONFIRMED SRR7879919 [near-complete analogue] 3 baits
CONFIRMED SRR7879920 [near-complete analogue] 3 baits
CONFIRMED SRR7879922 [near-complete analogue] 4 baits
CONFIRMED SRR7879923 [near-complete analogue] 3 baits
CONFIRMED SRR7879924 [near-complete analogue] 2 baits
CONFIRMED SRR7879925 [near-complete analogue] 4 baits
CONFIRMED SRR7879927 [module-only homology] 1 baits
CONFIRMED SRR7879928 [near-complete analogue] 3 baits
CONFIRMED SRR7879932 [near-complete analogue] 2 baits
CONFIRMED SRR7879935 [near-complete analogue] 8 baits
CONFIRMED SRR7879938 [module-only homology] 1 baits
CONFIRMED SRR7879939 [near-complete analogue] 2 baits
CONFIRMED SRR7879941 [near-complete analogue] 2 baits
CONFIRMED SRR7879944 [near-complete analogue] 4 baits
CONFIRMED SRR7879945 [module-only homology] 1 baits
CONFIRMED SRR7879947 [near-complete analogue] 5 baits
CONFIRMED SRR7879954 [module-only homology] 1 baits
CONFIRMED SRR7879955 [near-complete analogue] 3 baits
CONFIRMED SRR7879956 [module-only homology] 1 baits
CONFIRMED SRR7879958 [near-complete analogue] 2 baits
CONFIRMED SRR7879959 [near-complete analogue] 3 baits
CONFIRMED SRR7879963 [near-complete analogue] 4 baits
CONFIRMED SRR7879965 [near-complete analogue] 3 baits
CONFIRMED SRR800450 [module-only homology] 1 baits
CONFIRMED SRR800460 [near-complete analogue] 4 baits
CONFIRMED SRR800462 [near-complete analogue] 2 baits
CONFIRMED SRR800485 [near-complete analogue] 3 baits
CONFIRMED SRR800507 [module-only homology] 1 baits
CONFIRMED SRR800522 [near-complete analogue] 2 baits
CONFIRMED SRR800530 [near-complete analogue] 3 baits
CONFIRMED SRR800539 [near-complete analogue] 4 baits
CONFIRMED SRR800552 [near-complete analogue] 3 baits
CONFIRMED SRR800562 [module-only homology] 1 baits
CONFIRMED SRR800585 [near-complete analogue] 2 baits
CONFIRMED SRR800591 [near-complete analogue] 4 baits
CONFIRMED SRR800594 [near-complete analogue] 3 baits
CONFIRMED SRR8071933 [near-complete analogue] 2 baits
CONFIRMED SRR8095551 [near-complete analogue] 2 baits
CONFIRMED SRR8095623 [module-only homology] 1 baits
CONFIRMED SRR8182925 [near-complete analogue] 2 baits
CONFIRMED SRR8292234 [near-complete analogue] 3 baits
CONFIRMED SRR8306311 [near-complete analogue] 4 baits
CONFIRMED SRR8306314 [near-complete analogue] 3 baits
CONFIRMED SRR8306315 [near-complete analogue] 6 baits
CONFIRMED SRR8306317 [module-only homology] 1 baits
CONFIRMED SRR8439561 [module-only homology] 1 baits
CONFIRMED SRR8603160 [near-complete analogue] 3 baits
CONFIRMED SRR8603161 [near-complete analogue] 6 baits
CONFIRMED SRR8603162 [near-complete analogue] 3 baits
CONFIRMED SRR8603164 [module-only homology] 1 baits
CONFIRMED SRR8723230 [module-only homology] 1 baits
CONFIRMED SRR8723232 [near-complete analogue] 3 baits
CONFIRMED SRR8723233 [module-only homology] 1 baits
CONFIRMED SRR8723234 [junction/synteny supported] 1 baits
CONFIRMED SRR8723235 [near-complete analogue] 2 baits
CONFIRMED SRR8723241 [junction/synteny supported] 1 baits
CONFIRMED SRR8723242 [junction/synteny supported] 1 baits
CONFIRMED SRR8723243 [junction/synteny supported] 1 baits
CONFIRMED SRR8723244 [module-only homology] 1 baits
CONFIRMED SRR8723246 [near-complete analogue] 2 baits
CONFIRMED SRR8723247 [module-only homology] 1 baits
CONFIRMED SRR8723249 [module-only homology] 1 baits
CONFIRMED SRR8723250 [near-complete analogue] 3 baits
CONFIRMED SRR8723251 [module-only homology] 1 baits
CONFIRMED SRR8723252 [module-only homology] 1 baits
CONFIRMED SRR8723253 [near-complete analogue] 2 baits
CONFIRMED SRR8723257 [module-only homology] 1 baits
CONFIRMED SRR8723258 [junction/synteny supported] 1 baits
CONFIRMED SRR8723261 [module-only homology] 1 baits
CONFIRMED SRR8723262 [module-only homology] 1 baits
CONFIRMED SRR8723269 [near-complete analogue] 2 baits
CONFIRMED SRR8723270 [junction/synteny supported] 1 baits
CONFIRMED SRR8723272 [near-complete analogue] 3 baits
CONFIRMED SRR8723274 [module-only homology] 1 baits
CONFIRMED SRR8723275 [near-complete analogue] 3 baits
CONFIRMED SRR8739674 [module-only homology] 1 baits
CONFIRMED SRR8767496 [module-only homology] 1 baits
CONFIRMED SRR8767535 [module-only homology] 1 baits
CONFIRMED SRR8767537 [junction/synteny supported] 1 baits
CONFIRMED SRR8767548 [near-complete analogue] 2 baits
CONFIRMED SRR8767568 [module-only homology] 1 baits
CONFIRMED SRR8869627 [near-complete analogue] 2 baits
CONFIRMED SRR8869628 [near-complete analogue] 2 baits
CONFIRMED SRR8869629 [module-only homology] 1 baits
CONFIRMED SRR8869630 [module-only homology] 1 baits
CONFIRMED SRR8869631 [near-complete analogue] 4 baits
CONFIRMED SRR8869634 [module-only homology] 1 baits
CONFIRMED SRR8869636 [module-only homology] 1 baits
CONFIRMED SRR8869640 [near-complete analogue] 2 baits
CONFIRMED SRR8869641 [junction/synteny supported] 1 baits
CONFIRMED SRR8869642 [near-complete analogue] 2 baits
CONFIRMED SRR8869643 [module-only homology] 1 baits
CONFIRMED SRR8869644 [near-complete analogue] 2 baits
CONFIRMED SRR8871582 [near-complete analogue] 2 baits
CONFIRMED SRR8871593 [near-complete analogue] 7 baits
CONFIRMED SRR8871614 [module-only homology] 1 baits
CONFIRMED SRR8871636 [near-complete analogue] 4 baits
CONFIRMED SRR8871647 [near-complete analogue] 3 baits
CONFIRMED SRR8871655 [module-only homology] 1 baits
CONFIRMED SRR8871656 [near-complete analogue] 2 baits
CONFIRMED SRR8871658 [junction/synteny supported] 1 baits
CONFIRMED SRR8871670 [near-complete analogue] 5 baits
CONFIRMED SRR8871674 [module-only homology] 1 baits
CONFIRMED SRR8871678 [near-complete analogue] 2 baits
CONFIRMED SRR8871679 [module-only homology] 1 baits
CONFIRMED SRR8871685 [module-only homology] 1 baits
CONFIRMED SRR8871694 [module-only homology] 1 baits
CONFIRMED SRR8871710 [module-only homology] 1 baits
CONFIRMED SRR8871711 [near-complete analogue] 2 baits
CONFIRMED SRR8871715 [module-only homology] 1 baits
CONFIRMED SRR8871737 [module-only homology] 1 baits
CONFIRMED SRR8871738 [near-complete analogue] 3 baits
CONFIRMED SRR8871740 [module-only homology] 1 baits
CONFIRMED SRR8871748 [module-only homology] 1 baits
CONFIRMED SRR8871749 [module-only homology] 1 baits
CONFIRMED SRR8871766 [near-complete analogue] 7 baits
CONFIRMED SRR8871768 [near-complete analogue] 2 baits
CONFIRMED SRR8871782 [near-complete analogue] 5 baits
CONFIRMED SRR8871784 [near-complete analogue] 6 baits
CONFIRMED SRR8871785 [near-complete analogue] 3 baits
CONFIRMED SRR8871793 [module-only homology] 1 baits
CONFIRMED SRR8871796 [module-only homology] 1 baits
CONFIRMED SRR8871805 [near-complete analogue] 3 baits
CONFIRMED SRR8871817 [near-complete analogue] 3 baits
CONFIRMED SRR8871821 [module-only homology] 1 baits
CONFIRMED SRR8871835 [near-complete analogue] 2 baits
CONFIRMED SRR8871838 [near-complete analogue] 6 baits
CONFIRMED SRR8871841 [module-only homology] 1 baits
CONFIRMED SRR8871842 [module-only homology] 1 baits
CONFIRMED SRR8871852 [module-only homology] 1 baits
CONFIRMED SRR8871854 [near-complete analogue] 4 baits
CONFIRMED SRR8871859 [near-complete analogue] 3 baits
CONFIRMED SRR8871873 [near-complete analogue] 3 baits
CONFIRMED SRR8871882 [module-only homology] 1 baits
CONFIRMED SRR8871891 [near-complete analogue] 4 baits
CONFIRMED SRR8871896 [module-only homology] 1 baits
CONFIRMED SRR9017242 [junction/synteny supported] 1 baits
CONFIRMED SRR9047942 [near-complete analogue] 3 baits
CONFIRMED SRR9047943 [module-only homology] 1 baits
CONFIRMED SRR9087223 [module-only homology] 1 baits
CONFIRMED SRR926308 [near-complete analogue] 5 baits
CONFIRMED SRR926309 [near-complete analogue] 4 baits
CONFIRMED SRR926310 [near-complete analogue] 5 baits
CONFIRMED SRR927395 [near-complete analogue] 5 baits
CONFIRMED SRR927398 [near-complete analogue] 4 baits
CONFIRMED SRR941214 [module-only homology] 1 baits
CONFIRMED SRR941215 [module-only homology] 1 baits
CONFIRMED SRR941217 [module-only homology] 1 baits
CONFIRMED SRR941218 [module-only homology] 1 baits
CONFIRMED SRR957819 [near-complete analogue] 4 baits
CONFIRMED SRR957820 [near-complete analogue] 4 baits
CONFIRMED SRR957821 [near-complete analogue] 4 baits
CONFIRMED SRR957822 [near-complete analogue] 3 baits
CONFIRMED SRR957823 [near-complete analogue] 4 baits
CONFIRMED SRR957824 [near-complete analogue] 4 baits
CONFIRMED SRR957829 [near-complete analogue] 4 baits
CONFIRMED SRR957830 [near-complete analogue] 4 baits
CONFIRMED SRR957831 [near-complete analogue] 4 baits
CONFIRMED SRR957832 [near-complete analogue] 4 baits
CONFIRMED SRR957833 [near-complete analogue] 4 baits
CONFIRMED SRR957834 [near-complete analogue] 4 baits
CONFIRMED SRR957835 [near-complete analogue] 4 baits
CONFIRMED SRR957836 [near-complete analogue] 4 baits
CONFIRMED SRR957837 [near-complete analogue] 4 baits
CONFIRMED SRR957838 [near-complete analogue] 4 baits
CONFIRMED SRR957839 [near-complete analogue] 4 baits
CONFIRMED SRR957840 [near-complete analogue] 4 baits
CONFIRMED SRR957845 [near-complete analogue] 4 baits
CONFIRMED SRR957846 [near-complete analogue] 3 baits
CONFIRMED SRR957847 [near-complete analogue] 4 baits
CONFIRMED SRR957848 [near-complete analogue] 4 baits
CONFIRMED SRR957849 [near-complete analogue] 4 baits
CONFIRMED SRR957850 [near-complete analogue] 4 baits
CONFIRMED SRR957851 [near-complete analogue] 4 baits
CONFIRMED SRR957852 [near-complete analogue] 4 baits
CONFIRMED SRR957853 [near-complete analogue] 4 baits
CONFIRMED SRR957854 [near-complete analogue] 4 baits
CONFIRMED SRR957855 [near-complete analogue] 4 baits
CONFIRMED SRR957856 [near-complete analogue] 4 baits
CONFIRMED SRR957857 [near-complete analogue] 4 baits
CONFIRMED SRR957858 [near-complete analogue] 4 baits
CONFIRMED SRR957859 [near-complete analogue] 4 baits
CONFIRMED SRR957860 [near-complete analogue] 4 baits
CONFIRMED SRR957868 [near-complete analogue] 4 baits
CONFIRMED SRR957869 [near-complete analogue] 4 baits
CONFIRMED SRR958222 [near-complete analogue] 6 baits
CONFIRMED SRR958223 [near-complete analogue] 6 baits
CONFIRMED SRR958229 [near-complete analogue] 2 baits
CONFIRMED SRR958230 [near-complete analogue] 3 baits
CONFIRMED SRR958254 [near-complete analogue] 2 baits
CONFIRMED SRR958255 [module-only homology] 1 baits
CONFIRMED SRR958264 [near-complete analogue] 4 baits
CONFIRMED SRR958265 [near-complete analogue] 4 baits
CONFIRMED SRR958289 [module-only homology] 1 baits
CONFIRMED SRR958290 [near-complete analogue] 2 baits
CONFIRMED SRR958303 [near-complete analogue] 4 baits
CONFIRMED SRR958304 [near-complete analogue] 3 baits
CONFIRMED SRR958315 [near-complete analogue] 6 baits
CONFIRMED SRR958316 [near-complete analogue] 6 baits
CONFIRMED SRR958329 [near-complete analogue] 2 baits
CONFIRMED SRR958330 [near-complete analogue] 3 baits
CONFIRMED SRR958356 [near-complete analogue] 3 baits
CONFIRMED SRR958357 [near-complete analogue] 3 baits
CONFIRMED SRR958360 [near-complete analogue] 4 baits
CONFIRMED SRR958361 [near-complete analogue] 4 baits
CONFIRMED SRR958400 [near-complete analogue] 2 baits
CONFIRMED SRR958401 [near-complete analogue] 2 baits
CONFIRMED SRR958406 [near-complete analogue] 3 baits
CONFIRMED SRR958407 [near-complete analogue] 3 baits
CONFIRMED SRR958517 [module-only homology] 1 baits
CONFIRMED SRR958518 [module-only homology] 1 baits
CONFIRMED SRR958546 [module-only homology] 1 baits
CONFIRMED SRR958547 [module-only homology] 1 baits
CONFIRMED SRR958570 [near-complete analogue] 4 baits
CONFIRMED SRR958571 [near-complete analogue] 4 baits
CONFIRMED SRR958610 [near-complete analogue] 2 baits
CONFIRMED SRR958611 [near-complete analogue] 2 baits
CONFIRMED SRR958616 [near-complete analogue] 4 baits
CONFIRMED SRR958617 [near-complete analogue] 3 baits
CONFIRMED SRR958637 [near-complete analogue] 6 baits
CONFIRMED SRR958638 [near-complete analogue] 6 baits
CONFIRMED SRR958757 [module-only homology] 1 baits
CONFIRMED SRR958758 [module-only homology] 1 baits
CONFIRMED SRR958779 [near-complete analogue] 5 baits
CONFIRMED SRR958780 [near-complete analogue] 5 baits
CONFIRMED SRR9588124 [near-complete analogue] 2 baits
CONFIRMED SRR9588125 [module-only homology] 1 baits
CONFIRMED SRR9588126 [module-only homology] 1 baits
CONFIRMED SRR9588127 [near-complete analogue] 2 baits
CONFIRMED SRR9588128 [junction/synteny supported] 1 baits
CONFIRMED SRR9588129 [module-only homology] 1 baits
CONFIRMED SRR9588130 [junction/synteny supported] 1 baits
CONFIRMED SRR9588131 [junction/synteny supported] 1 baits
CONFIRMED SRR9588286 [junction/synteny supported] 1 baits
CONFIRMED SRR958970 [near-complete analogue] 3 baits
CONFIRMED SRR958971 [near-complete analogue] 3 baits
CONFIRMED SRR9663515 [module-only homology] 1 baits
CONFIRMED SRR9663516 [near-complete analogue] 5 baits
CONFIRMED SRR9663517 [module-only homology] 1 baits
CONFIRMED SRR9663518 [module-only homology] 1 baits
CONFIRMED SRR9663521 [near-complete analogue] 3 baits
CONFIRMED SRR9663522 [junction/synteny supported] 1 baits
CONFIRMED SRR9663523 [module-only homology] 1 baits
CONFIRMED SRR9663524 [near-complete analogue] 2 baits
CONFIRMED SRR9663526 [near-complete analogue] 3 baits
CONFIRMED SRR9663527 [near-complete analogue] 4 baits
CONFIRMED SRR9663528 [near-complete analogue] 4 baits
CONFIRMED SRR9663530 [near-complete analogue] 2 baits
CONFIRMED SRR9663532 [module-only homology] 1 baits
CONFIRMED SRR9663533 [module-only homology] 1 baits
CONFIRMED SRR9663534 [module-only homology] 1 baits
CONFIRMED SRR9663535 [module-only homology] 1 baits
CONFIRMED SRR9663536 [module-only homology] 1 baits
CONFIRMED SRR9663537 [near-complete analogue] 3 baits
CONFIRMED SRR9663539 [near-complete analogue] 4 baits
CONFIRMED SRR9663541 [module-only homology] 1 baits
CONFIRMED SRR9663544 [module-only homology] 1 baits
CONFIRMED SRR9663545 [module-only homology] 1 baits
CONFIRMED SRR9663546 [near-complete analogue] 4 baits
CONFIRMED SRR9696902 [junction/synteny supported] 1 baits
CONFIRMED SRR9696922 [near-complete analogue] 2 baits
CONFIRMED SRR9696954 [near-complete analogue] 2 baits
CONFIRMED SRR9697014 [near-complete analogue] 5 baits
CONFIRMED SRR9913818 [module-only homology] 1 baits
CONFIRMED SRR9914133 [module-only homology] 1 baits
CONFIRMED SRR9984633 [near-complete analogue] 5 baits
CONFIRMED SRR9984754 [module-only homology] 1 baits
CONFIRMED SRR999494 [module-only homology] 1 baits
CONFIRMED SRR999495 [near-complete analogue] 2 baits
6399 accessions confirmed -> /mnt/nvme3n1/erikg/phind-genome-work/ecoli_screen/confirm/confirm_E1E2.jsonl
