panel: 113 baits, 115512 distinct canonical 31-mers
12000 runs (0 already screened), 12000 to do
  HIT DRR021572: 1 baits >= 0.7 ['ECBAIT_HOST_CONTROL_01']
  HIT DRR021571: 1 baits >= 0.7 ['ECBAIT_HOST_CONTROL_01']
  HIT DRR021575: 1 baits >= 0.7 ['ECBAIT_HOST_CONTROL_01']
  HIT DRR021573: 1 baits >= 0.7 ['ECBAIT_HOST_CONTROL_01']
  HIT DRR021576: 1 baits >= 0.7 ['ECBAIT_HOST_CONTROL_01']
  HIT DRR021582: 1 baits >= 0.7 ['ECBAIT_HOST_CONTROL_01']
  HIT DRR021581: 1 baits >= 0.7 ['ECBAIT_HOST_CONTROL_01']
  HIT DRR021578: 1 baits >= 0.7 ['ECBAIT_HOST_CONTROL_01']
  HIT DRR021583: 1 baits >= 0.7 ['ECBAIT_HOST_CONTROL_01']
  HIT DRR021585: 1 baits >= 0.7 ['ECBAIT_HOST_CONTROL_01']
  HIT DRR021586: 1 baits >= 0.7 ['ECBAIT_HOST_CONTROL_01']
  HIT DRR021587: 1 baits >= 0.7 ['ECBAIT_HOST_CONTROL_01']
  HIT DRR021589: 1 baits >= 0.7 ['ECBAIT_HOST_CONTROL_01']
  HIT DRR021590: 1 baits >= 0.7 ['ECBAIT_HOST_CONTROL_01']
  HIT DRR021588: 1 baits >= 0.7 ['ECBAIT_HOST_CONTROL_01']
  HIT DRR021591: 1 baits >= 0.7 ['ECBAIT_HOST_CONTROL_01']
  HIT DRR021594: 1 baits >= 0.7 ['ECBAIT_HOST_CONTROL_01']
  HIT DRR021593: 1 baits >= 0.7 ['ECBAIT_HOST_CONTROL_01']
  HIT DRR021595: 1 baits >= 0.7 ['ECBAIT_HOST_CONTROL_01']
  HIT DRR021596: 1 baits >= 0.7 ['ECBAIT_HOST_CONTROL_01']
  HIT DRR021599: 1 baits >= 0.7 ['ECBAIT_HOST_CONTROL_01']
  HIT DRR021597: 1 baits >= 0.7 ['ECBAIT_HOST_CONTROL_01']
  HIT DRR021600: 1 baits >= 0.7 ['ECBAIT_HOST_CONTROL_01']
  HIT DRR021598: 1 baits >= 0.7 ['ECBAIT_HOST_CONTROL_01']
  HIT DRR021601: 1 baits >= 0.7 ['ECBAIT_HOST_CONTROL_01']
  HIT DRR021604: 1 baits >= 0.7 ['ECBAIT_HOST_CONTROL_01']
  HIT DRR021602: 1 baits >= 0.7 ['ECBAIT_HOST_CONTROL_01']
  HIT DRR021605: 1 baits >= 0.7 ['ECBAIT_HOST_CONTROL_01']
  HIT DRR021606: 1 baits >= 0.7 ['ECBAIT_HOST_CONTROL_01']
  HIT DRR021607: 1 baits >= 0.7 ['ECBAIT_HOST_CONTROL_01']
  HIT DRR021608: 1 baits >= 0.7 ['ECBAIT_HOST_CONTROL_01']
  HIT DRR021609: 1 baits >= 0.7 ['ECBAIT_HOST_CONTROL_01']
  HIT DRR021612: 1 baits >= 0.7 ['ECBAIT_HOST_CONTROL_01']
  HIT DRR021610: 1 baits >= 0.7 ['ECBAIT_HOST_CONTROL_01']
  HIT DRR021614: 1 baits >= 0.7 ['ECBAIT_HOST_CONTROL_01']
  HIT DRR021617: 1 baits >= 0.7 ['ECBAIT_HOST_CONTROL_01']
  HIT DRR021622: 1 baits >= 0.7 ['ECBAIT_HOST_CONTROL_01']
  HIT DRR021621: 1 baits >= 0.7 ['ECBAIT_HOST_CONTROL_01']
  HIT DRR021619: 1 baits >= 0.7 ['ECBAIT_HOST_CONTROL_01']
  HIT DRR021624: 1 baits >= 0.7 ['ECBAIT_HOST_CONTROL_01']
  HIT DRR021625: 1 baits >= 0.7 ['ECBAIT_HOST_CONTROL_01']
  HIT DRR021626: 1 baits >= 0.7 ['ECBAIT_HOST_CONTROL_01']
  HIT DRR021628: 1 baits >= 0.7 ['ECBAIT_HOST_CONTROL_01']
  HIT DRR021629: 1 baits >= 0.7 ['ECBAIT_HOST_CONTROL_01']
  HIT DRR021631: 1 baits >= 0.7 ['ECBAIT_HOST_CONTROL_01']
  HIT DRR021632: 1 baits >= 0.7 ['ECBAIT_HOST_CONTROL_01']
  HIT DRR021633: 1 baits >= 0.7 ['ECBAIT_HOST_CONTROL_01']
  HIT DRR021634: 1 baits >= 0.7 ['ECBAIT_HOST_CONTROL_01']
  50/12000 processed (48 screened, 48 hit-accessions) 17s budget=0.1GB
  HIT DRR021636: 1 baits >= 0.7 ['ECBAIT_HOST_CONTROL_01']
  HIT DRR021637: 1 baits >= 0.7 ['ECBAIT_HOST_CONTROL_01']
  HIT DRR021635: 1 baits >= 0.7 ['ECBAIT_HOST_CONTROL_01']
  HIT DRR021639: 1 baits >= 0.7 ['ECBAIT_HOST_CONTROL_01']
  HIT DRR021640: 1 baits >= 0.7 ['ECBAIT_HOST_CONTROL_01']
  HIT DRR021643: 1 baits >= 0.7 ['ECBAIT_HOST_CONTROL_01']
  HIT DRR021641: 1 baits >= 0.7 ['ECBAIT_HOST_CONTROL_01']
  HIT DRR021644: 1 baits >= 0.7 ['ECBAIT_HOST_CONTROL_01']
  HIT DRR021646: 1 baits >= 0.7 ['ECBAIT_HOST_CONTROL_01']
  HIT DRR050994: 4 baits >= 0.7 ['ECBAIT_10_0002_JUNCTION_01', 'ECBAIT_10_0002_JUNCTION_02', 'ECBAIT_10_0002_MEMBER_INTERIOR_01', 'ECBAIT_10_0057_MEMBER_INTERIOR_01']
  HIT DRR021649: 1 baits >= 0.7 ['ECBAIT_HOST_CONTROL_01']
  HIT DRR050995: 2 baits >= 0.7 ['ECBAIT_10_0002_MEMBER_INTERIOR_01', 'ECBAIT_10_0057_MEMBER_INTERIOR_01']
  HIT DRR050997: 2 baits >= 0.7 ['ECBAIT_10_0002_MEMBER_INTERIOR_01', 'ECBAIT_10_0057_MEMBER_INTERIOR_01']
  HIT DRR051002: 2 baits >= 0.7 ['ECBAIT_10_0002_MEMBER_INTERIOR_01', 'ECBAIT_10_0057_MEMBER_INTERIOR_01']
  HIT DRR051000: 2 baits >= 0.7 ['ECBAIT_10_0002_MEMBER_INTERIOR_01', 'ECBAIT_10_0057_MEMBER_INTERIOR_01']
  HIT DRR051003: 4 baits >= 0.7 ['ECBAIT_10_0002_JUNCTION_01', 'ECBAIT_10_0002_JUNCTION_02', 'ECBAIT_10_0002_MEMBER_INTERIOR_01', 'ECBAIT_10_0057_MEMBER_INTERIOR_01']
  HIT DRR051004: 2 baits >= 0.7 ['ECBAIT_10_0002_MEMBER_INTERIOR_01', 'ECBAIT_10_0057_MEMBER_INTERIOR_01']
  HIT DRR051006: 2 baits >= 0.7 ['ECBAIT_10_0002_MEMBER_INTERIOR_01', 'ECBAIT_10_0057_MEMBER_INTERIOR_01']
  HIT DRR051005: 2 baits >= 0.7 ['ECBAIT_10_0002_MEMBER_INTERIOR_01', 'ECBAIT_10_0057_MEMBER_INTERIOR_01']
  HIT DRR051010: 4 baits >= 0.7 ['ECBAIT_10_0002_JUNCTION_01', 'ECBAIT_10_0002_JUNCTION_02', 'ECBAIT_10_0002_MEMBER_INTERIOR_01', 'ECBAIT_10_0057_MEMBER_INTERIOR_01']
  HIT DRR051013: 4 baits >= 0.7 ['ECBAIT_10_0002_JUNCTION_01', 'ECBAIT_10_0002_JUNCTION_02', 'ECBAIT_10_0002_MEMBER_INTERIOR_01', 'ECBAIT_10_0057_MEMBER_INTERIOR_01']
  HIT DRR051012: 3 baits >= 0.7 ['ECBAIT_0_0000_JUNCTION_02', 'ECBAIT_10_0002_MEMBER_INTERIOR_01', 'ECBAIT_10_0057_MEMBER_INTERIOR_01']
  HIT DRR051011: 1 baits >= 0.7 ['ECBAIT_10_0057_MEMBER_INTERIOR_01']
  HIT DRR051014: 2 baits >= 0.7 ['ECBAIT_10_0002_MEMBER_INTERIOR_01', 'ECBAIT_10_0057_MEMBER_INTERIOR_01']
  HIT DRR051019: 2 baits >= 0.7 ['ECBAIT_10_0002_MEMBER_INTERIOR_01', 'ECBAIT_10_0057_MEMBER_INTERIOR_01']
  HIT DRR051017: 4 baits >= 0.7 ['ECBAIT_10_0002_JUNCTION_01', 'ECBAIT_10_0002_JUNCTION_02', 'ECBAIT_10_0002_MEMBER_INTERIOR_01', 'ECBAIT_10_0057_MEMBER_INTERIOR_01']
  HIT DRR051018: 3 baits >= 0.7 ['ECBAIT_10_0002_MEMBER_INTERIOR_01', 'ECBAIT_10_0057_MEMBER_INTERIOR_01', 'ECBAIT_10_0172_MEMBER_INTERIOR_01']
  HIT DRR051020: 2 baits >= 0.7 ['ECBAIT_10_0002_MEMBER_INTERIOR_01', 'ECBAIT_10_0057_MEMBER_INTERIOR_01']
  HIT DRR051021: 4 baits >= 0.7 ['ECBAIT_10_0002_JUNCTION_01', 'ECBAIT_10_0002_JUNCTION_02', 'ECBAIT_10_0002_MEMBER_INTERIOR_01', 'ECBAIT_10_0057_MEMBER_INTERIOR_01']
  HIT DRR051022: 3 baits >= 0.7 ['ECBAIT_10_0002_MEMBER_INTERIOR_01', 'ECBAIT_10_0057_MEMBER_INTERIOR_01', 'ECBAIT_10_0172_MEMBER_INTERIOR_01']
  HIT DRR051027: 5 baits >= 0.7 ['ECBAIT_0_0052_JUNCTION_01', 'ECBAIT_10_0002_JUNCTION_01', 'ECBAIT_10_0002_JUNCTION_02', 'ECBAIT_10_0002_MEMBER_INTERIOR_01']
  HIT DRR051028: 2 baits >= 0.7 ['ECBAIT_10_0002_MEMBER_INTERIOR_01', 'ECBAIT_10_0057_MEMBER_INTERIOR_01']
  HIT DRR051029: 3 baits >= 0.7 ['ECBAIT_10_0002_MEMBER_INTERIOR_01', 'ECBAIT_10_0057_MEMBER_INTERIOR_01', 'ECBAIT_10_0172_MEMBER_INTERIOR_01']
  HIT DRR051031: 2 baits >= 0.7 ['ECBAIT_10_0002_MEMBER_INTERIOR_01', 'ECBAIT_10_0057_MEMBER_INTERIOR_01']
  HIT DRR051032: 2 baits >= 0.7 ['ECBAIT_10_0002_MEMBER_INTERIOR_01', 'ECBAIT_10_0057_MEMBER_INTERIOR_01']
  HIT DRR051035: 3 baits >= 0.7 ['ECBAIT_10_0002_MEMBER_INTERIOR_01', 'ECBAIT_10_0057_MEMBER_INTERIOR_01', 'ECBAIT_10_0172_MEMBER_INTERIOR_01']
  HIT DRR051036: 2 baits >= 0.7 ['ECBAIT_10_0002_MEMBER_INTERIOR_01', 'ECBAIT_10_0057_MEMBER_INTERIOR_01']
  HIT DRR051039: 2 baits >= 0.7 ['ECBAIT_10_0002_MEMBER_INTERIOR_01', 'ECBAIT_10_0057_MEMBER_INTERIOR_01']
  HIT DRR051041: 2 baits >= 0.7 ['ECBAIT_10_0002_MEMBER_INTERIOR_01', 'ECBAIT_10_0057_MEMBER_INTERIOR_01']
  HIT DRR051042: 2 baits >= 0.7 ['ECBAIT_10_0002_MEMBER_INTERIOR_01', 'ECBAIT_10_0057_MEMBER_INTERIOR_01']
  HIT DRR051043: 4 baits >= 0.7 ['ECBAIT_10_0002_JUNCTION_01', 'ECBAIT_10_0002_JUNCTION_02', 'ECBAIT_10_0002_MEMBER_INTERIOR_01', 'ECBAIT_10_0057_MEMBER_INTERIOR_01']
  HIT DRR051045: 6 baits >= 0.7 ['ECBAIT_0_0046_MEMBER_INTERIOR_01', 'ECBAIT_10_0002_MEMBER_INTERIOR_01', 'ECBAIT_10_0057_MEMBER_INTERIOR_01', 'ECBAIT_1_0022_JUNCTION_02']
  HIT DRR051046: 4 baits >= 0.7 ['ECBAIT_0_0046_JUNCTION_02', 'ECBAIT_0_0046_MEMBER_INTERIOR_01', 'ECBAIT_10_0002_MEMBER_INTERIOR_01', 'ECBAIT_10_0057_MEMBER_INTERIOR_01']
  HIT DRR061430: 1 baits >= 0.7 ['ECBAIT_10_0151_JUNCTION_03']
  HIT DRR061431: 2 baits >= 0.7 ['ECBAIT_10_0002_MEMBER_INTERIOR_01', 'ECBAIT_10_0057_MEMBER_INTERIOR_01']
  HIT DRR061432: 2 baits >= 0.7 ['ECBAIT_10_0002_MEMBER_INTERIOR_01', 'ECBAIT_10_0057_MEMBER_INTERIOR_01']
  HIT DRR061433: 2 baits >= 0.7 ['ECBAIT_10_0002_MEMBER_INTERIOR_01', 'ECBAIT_10_0057_MEMBER_INTERIOR_01']
  HIT DRR061434: 2 baits >= 0.7 ['ECBAIT_10_0057_MEMBER_INTERIOR_01', 'ECBAIT_HOST_CONTROL_02']
  HIT DRR061436: 4 baits >= 0.7 ['ECBAIT_10_0002_JUNCTION_01', 'ECBAIT_10_0002_JUNCTION_02', 'ECBAIT_10_0002_MEMBER_INTERIOR_01', 'ECBAIT_10_0057_MEMBER_INTERIOR_01']
  HIT DRR061438: 2 baits >= 0.7 ['ECBAIT_10_0002_MEMBER_INTERIOR_01', 'ECBAIT_10_0057_MEMBER_INTERIOR_01']
  100/12000 processed (98 screened, 98 hit-accessions) 33s budget=0.1GB
  HIT DRR061435: 1 baits >= 0.7 ['ECBAIT_10_0057_MEMBER_INTERIOR_01']
  HIT DRR061439: 1 baits >= 0.7 ['ECBAIT_10_0172_MEMBER_INTERIOR_01']
  HIT DRR061440: 4 baits >= 0.7 ['ECBAIT_10_0002_JUNCTION_01', 'ECBAIT_10_0002_JUNCTION_02', 'ECBAIT_10_0002_MEMBER_INTERIOR_01', 'ECBAIT_10_0057_MEMBER_INTERIOR_01']
  HIT DRR061441: 1 baits >= 0.7 ['ECBAIT_10_0057_MEMBER_INTERIOR_01']
  HIT DRR061442: 2 baits >= 0.7 ['ECBAIT_10_0057_MEMBER_INTERIOR_01', 'ECBAIT_10_0172_MEMBER_INTERIOR_01']
  HIT DRR061444: 1 baits >= 0.7 ['ECBAIT_10_0057_MEMBER_INTERIOR_01']
  HIT DRR061446: 4 baits >= 0.7 ['ECBAIT_10_0002_JUNCTION_01', 'ECBAIT_10_0002_JUNCTION_02', 'ECBAIT_10_0002_MEMBER_INTERIOR_01', 'ECBAIT_10_0057_MEMBER_INTERIOR_01']
  HIT DRR061445: 1 baits >= 0.7 ['ECBAIT_0_0091_JUNCTION_02']
  HIT DRR061447: 4 baits >= 0.7 ['ECBAIT_10_0002_JUNCTION_01', 'ECBAIT_10_0002_JUNCTION_02', 'ECBAIT_10_0002_MEMBER_INTERIOR_01', 'ECBAIT_10_0057_MEMBER_INTERIOR_01']
  HIT DRR061449: 3 baits >= 0.7 ['ECBAIT_10_0002_JUNCTION_01', 'ECBAIT_10_0002_MEMBER_INTERIOR_01', 'ECBAIT_10_0057_MEMBER_INTERIOR_01']
  HIT DRR061448: 2 baits >= 0.7 ['ECBAIT_10_0002_MEMBER_INTERIOR_01', 'ECBAIT_10_0057_MEMBER_INTERIOR_01']
  HIT DRR061450: 4 baits >= 0.7 ['ECBAIT_10_0002_JUNCTION_01', 'ECBAIT_10_0002_JUNCTION_02', 'ECBAIT_10_0002_MEMBER_INTERIOR_01', 'ECBAIT_10_0057_MEMBER_INTERIOR_01']
  HIT DRR061451: 2 baits >= 0.7 ['ECBAIT_10_0002_MEMBER_INTERIOR_01', 'ECBAIT_10_0057_MEMBER_INTERIOR_01']
  HIT DRR061453: 3 baits >= 0.7 ['ECBAIT_10_0002_MEMBER_INTERIOR_01', 'ECBAIT_10_0057_MEMBER_INTERIOR_01', 'ECBAIT_10_0172_MEMBER_INTERIOR_01']
  HIT DRR061454: 2 baits >= 0.7 ['ECBAIT_10_0057_MEMBER_INTERIOR_01', 'ECBAIT_10_0172_MEMBER_INTERIOR_01']
  HIT DRR061455: 2 baits >= 0.7 ['ECBAIT_0_0052_JUNCTION_03', 'ECBAIT_10_0002_MEMBER_INTERIOR_01']
  HIT DRR061456: 4 baits >= 0.7 ['ECBAIT_10_0002_JUNCTION_01', 'ECBAIT_10_0002_JUNCTION_02', 'ECBAIT_10_0002_MEMBER_INTERIOR_01', 'ECBAIT_10_0057_MEMBER_INTERIOR_01']
  HIT DRR061457: 2 baits >= 0.7 ['ECBAIT_10_0002_MEMBER_INTERIOR_01', 'ECBAIT_10_0057_MEMBER_INTERIOR_01']
  HIT DRR061458: 4 baits >= 0.7 ['ECBAIT_10_0002_JUNCTION_01', 'ECBAIT_10_0002_JUNCTION_02', 'ECBAIT_10_0002_MEMBER_INTERIOR_01', 'ECBAIT_10_0057_MEMBER_INTERIOR_01']
  HIT DRR061460: 4 baits >= 0.7 ['ECBAIT_10_0002_JUNCTION_01', 'ECBAIT_10_0002_JUNCTION_02', 'ECBAIT_10_0002_MEMBER_INTERIOR_01', 'ECBAIT_10_0057_MEMBER_INTERIOR_01']
  HIT DRR061459: 2 baits >= 0.7 ['ECBAIT_10_0057_MEMBER_INTERIOR_01', 'ECBAIT_10_0172_MEMBER_INTERIOR_01']
  HIT DRR061461: 4 baits >= 0.7 ['ECBAIT_10_0002_JUNCTION_01', 'ECBAIT_10_0002_JUNCTION_02', 'ECBAIT_10_0002_MEMBER_INTERIOR_01', 'ECBAIT_10_0057_MEMBER_INTERIOR_01']
  HIT DRR061462: 4 baits >= 0.7 ['ECBAIT_10_0002_JUNCTION_01', 'ECBAIT_10_0002_JUNCTION_02', 'ECBAIT_10_0002_MEMBER_INTERIOR_01', 'ECBAIT_10_0057_MEMBER_INTERIOR_01']
  HIT DRR061463: 4 baits >= 0.7 ['ECBAIT_10_0002_JUNCTION_01', 'ECBAIT_10_0002_JUNCTION_02', 'ECBAIT_10_0002_MEMBER_INTERIOR_01', 'ECBAIT_10_0057_MEMBER_INTERIOR_01']
  HIT DRR061464: 4 baits >= 0.7 ['ECBAIT_10_0002_JUNCTION_01', 'ECBAIT_10_0002_JUNCTION_02', 'ECBAIT_10_0057_MEMBER_INTERIOR_01', 'ECBAIT_HOST_CONTROL_01']
  HIT DRR061465: 1 baits >= 0.7 ['ECBAIT_10_0057_MEMBER_INTERIOR_01']
  HIT DRR061467: 4 baits >= 0.7 ['ECBAIT_10_0002_JUNCTION_01', 'ECBAIT_10_0002_JUNCTION_02', 'ECBAIT_10_0057_MEMBER_INTERIOR_01', 'ECBAIT_HOST_CONTROL_01']
  HIT DRR061466: 4 baits >= 0.7 ['ECBAIT_10_0002_JUNCTION_01', 'ECBAIT_10_0002_JUNCTION_02', 'ECBAIT_10_0002_MEMBER_INTERIOR_01', 'ECBAIT_10_0057_MEMBER_INTERIOR_01']
  HIT DRR061468: 2 baits >= 0.7 ['ECBAIT_10_0057_MEMBER_INTERIOR_01', 'ECBAIT_10_0172_MEMBER_INTERIOR_01']
  HIT DRR061469: 1 baits >= 0.7 ['ECBAIT_10_0057_MEMBER_INTERIOR_01']
  HIT DRR061470: 2 baits >= 0.7 ['ECBAIT_10_0057_MEMBER_INTERIOR_01', 'ECBAIT_10_0172_MEMBER_INTERIOR_01']
  HIT DRR061471: 3 baits >= 0.7 ['ECBAIT_10_0057_MEMBER_INTERIOR_01', 'ECBAIT_10_0172_MEMBER_INTERIOR_01', 'ECBAIT_HOST_CONTROL_01']
  HIT DRR061472: 1 baits >= 0.7 ['ECBAIT_10_0151_MEMBER_INTERIOR_01']
  HIT DRR061475: 4 baits >= 0.7 ['ECBAIT_10_0002_JUNCTION_01', 'ECBAIT_10_0002_JUNCTION_02', 'ECBAIT_10_0002_MEMBER_INTERIOR_01', 'ECBAIT_10_0057_MEMBER_INTERIOR_01']
  HIT DRR061473: 4 baits >= 0.7 ['ECBAIT_10_0002_JUNCTION_01', 'ECBAIT_10_0002_JUNCTION_02', 'ECBAIT_10_0002_MEMBER_INTERIOR_01', 'ECBAIT_10_0057_MEMBER_INTERIOR_01']
  HIT DRR061477: 2 baits >= 0.7 ['ECBAIT_10_0057_MEMBER_INTERIOR_01', 'ECBAIT_HOST_CONTROL_01']
  HIT DRR061479: 5 baits >= 0.7 ['ECBAIT_0_0000_INTERIOR_MODULE_01', 'ECBAIT_0_0000_JUNCTION_02', 'ECBAIT_0_0000_MEMBER_INTERIOR_01', 'ECBAIT_10_0057_MEMBER_INTERIOR_01']
  HIT DRR061480: 2 baits >= 0.7 ['ECBAIT_10_0057_MEMBER_INTERIOR_01', 'ECBAIT_10_0172_MEMBER_INTERIOR_01']
  HIT DRR061478: 5 baits >= 0.7 ['ECBAIT_0_0000_INTERIOR_MODULE_01', 'ECBAIT_0_0000_JUNCTION_02', 'ECBAIT_0_0000_MEMBER_INTERIOR_01', 'ECBAIT_10_0057_MEMBER_INTERIOR_01']
  HIT DRR061481: 4 baits >= 0.7 ['ECBAIT_10_0002_JUNCTION_01', 'ECBAIT_10_0002_JUNCTION_02', 'ECBAIT_10_0002_MEMBER_INTERIOR_01', 'ECBAIT_10_0057_MEMBER_INTERIOR_01']
  HIT DRR061483: 2 baits >= 0.7 ['ECBAIT_10_0002_MEMBER_INTERIOR_01', 'ECBAIT_10_0057_MEMBER_INTERIOR_01']
  HIT DRR061484: 2 baits >= 0.7 ['ECBAIT_10_0002_MEMBER_INTERIOR_01', 'ECBAIT_10_0057_MEMBER_INTERIOR_01']
  HIT DRR061482: 4 baits >= 0.7 ['ECBAIT_10_0002_JUNCTION_01', 'ECBAIT_10_0002_JUNCTION_02', 'ECBAIT_10_0002_MEMBER_INTERIOR_01', 'ECBAIT_10_0057_MEMBER_INTERIOR_01']
  HIT DRR061485: 4 baits >= 0.7 ['ECBAIT_10_0002_JUNCTION_01', 'ECBAIT_10_0002_JUNCTION_02', 'ECBAIT_10_0002_MEMBER_INTERIOR_01', 'ECBAIT_10_0057_MEMBER_INTERIOR_01']
  HIT DRR061486: 4 baits >= 0.7 ['ECBAIT_10_0002_JUNCTION_01', 'ECBAIT_10_0002_JUNCTION_02', 'ECBAIT_10_0002_MEMBER_INTERIOR_01', 'ECBAIT_10_0057_MEMBER_INTERIOR_01']
  HIT DRR061488: 2 baits >= 0.7 ['ECBAIT_10_0057_MEMBER_INTERIOR_01', 'ECBAIT_10_0172_MEMBER_INTERIOR_01']
  HIT DRR061487: 2 baits >= 0.7 ['ECBAIT_10_0002_MEMBER_INTERIOR_01', 'ECBAIT_10_0057_MEMBER_INTERIOR_01']
  HIT DRR061489: 4 baits >= 0.7 ['ECBAIT_10_0002_JUNCTION_01', 'ECBAIT_10_0002_JUNCTION_02', 'ECBAIT_10_0057_MEMBER_INTERIOR_01', 'ECBAIT_HOST_CONTROL_01']
  HIT DRR061490: 2 baits >= 0.7 ['ECBAIT_10_0057_MEMBER_INTERIOR_01', 'ECBAIT_10_0172_MEMBER_INTERIOR_01']
  150/12000 processed (148 screened, 147 hit-accessions) 50s budget=0.2GB
  HIT DRR061492: 1 baits >= 0.7 ['ECBAIT_10_0057_MEMBER_INTERIOR_01']
  HIT DRR061493: 4 baits >= 0.7 ['ECBAIT_10_0002_JUNCTION_01', 'ECBAIT_10_0002_JUNCTION_02', 'ECBAIT_10_0002_MEMBER_INTERIOR_01', 'ECBAIT_10_0057_MEMBER_INTERIOR_01']
  HIT DRR061491: 4 baits >= 0.7 ['ECBAIT_10_0002_JUNCTION_01', 'ECBAIT_10_0002_JUNCTION_02', 'ECBAIT_10_0002_MEMBER_INTERIOR_01', 'ECBAIT_10_0057_MEMBER_INTERIOR_01']
  HIT DRR065946: 2 baits >= 0.7 ['ECBAIT_10_0057_MEMBER_INTERIOR_01', 'ECBAIT_POSCON_LAMBDA_01']
  HIT DRR076810: 1 baits >= 0.7 ['ECBAIT_10_0002_MEMBER_INTERIOR_01']
  HIT DRR076812: 1 baits >= 0.7 ['ECBAIT_10_0002_MEMBER_INTERIOR_01']
  HIT DRR076813: 1 baits >= 0.7 ['ECBAIT_10_0002_MEMBER_INTERIOR_01']
  HIT DRR076814: 1 baits >= 0.7 ['ECBAIT_10_0002_MEMBER_INTERIOR_01']
  HIT DRR076815: 1 baits >= 0.7 ['ECBAIT_10_0002_MEMBER_INTERIOR_01']
  HIT DRR076816: 1 baits >= 0.7 ['ECBAIT_10_0002_MEMBER_INTERIOR_01']
  HIT DRR076821: 1 baits >= 0.7 ['ECBAIT_10_0002_MEMBER_INTERIOR_01']
  HIT DRR076823: 1 baits >= 0.7 ['ECBAIT_10_0002_MEMBER_INTERIOR_01']
  HIT DRR076825: 2 baits >= 0.7 ['ECBAIT_10_0002_MEMBER_INTERIOR_01', 'ECBAIT_10_0044_MEMBER_INTERIOR_01']
  HIT DRR076828: 2 baits >= 0.7 ['ECBAIT_10_0002_MEMBER_INTERIOR_01', 'ECBAIT_10_0044_MEMBER_INTERIOR_01']
  HIT DRR076827: 2 baits >= 0.7 ['ECBAIT_10_0002_MEMBER_INTERIOR_01', 'ECBAIT_10_0044_MEMBER_INTERIOR_01']
  HIT DRR076833: 2 baits >= 0.7 ['ECBAIT_10_0002_MEMBER_INTERIOR_01', 'ECBAIT_10_0044_MEMBER_INTERIOR_01']
  HIT DRR076835: 2 baits >= 0.7 ['ECBAIT_10_0002_MEMBER_INTERIOR_01', 'ECBAIT_10_0044_MEMBER_INTERIOR_01']
  HIT DRR076841: 1 baits >= 0.7 ['ECBAIT_10_0002_MEMBER_INTERIOR_01']
  HIT DRR076838: 2 baits >= 0.7 ['ECBAIT_10_0002_MEMBER_INTERIOR_01', 'ECBAIT_10_0044_MEMBER_INTERIOR_01']
  HIT DRR076837: 2 baits >= 0.7 ['ECBAIT_10_0002_MEMBER_INTERIOR_01', 'ECBAIT_10_0044_MEMBER_INTERIOR_01']
  HIT DRR076847: 1 baits >= 0.7 ['ECBAIT_10_0002_MEMBER_INTERIOR_01']
  HIT DRR076844: 1 baits >= 0.7 ['ECBAIT_10_0002_MEMBER_INTERIOR_01']
  HIT DRR076857: 1 baits >= 0.7 ['ECBAIT_10_0044_MEMBER_INTERIOR_01']
  HIT DRR076861: 1 baits >= 0.7 ['ECBAIT_10_0044_MEMBER_INTERIOR_01']
  HIT DRR076858: 1 baits >= 0.7 ['ECBAIT_10_0044_MEMBER_INTERIOR_01']
  HIT DRR076862: 1 baits >= 0.7 ['ECBAIT_10_0044_MEMBER_INTERIOR_01']
  HIT DRR076863: 1 baits >= 0.7 ['ECBAIT_10_0044_MEMBER_INTERIOR_01']
  HIT DRR076867: 2 baits >= 0.7 ['ECBAIT_10_0002_MEMBER_INTERIOR_01', 'ECBAIT_10_0044_MEMBER_INTERIOR_01']
  HIT DRR076865: 1 baits >= 0.7 ['ECBAIT_10_0044_MEMBER_INTERIOR_01']
  HIT DRR076868: 1 baits >= 0.7 ['ECBAIT_10_0044_MEMBER_INTERIOR_01']
  HIT DRR076870: 4 baits >= 0.7 ['ECBAIT_0_0000_JUNCTION_01', 'ECBAIT_10_0002_MEMBER_INTERIOR_01', 'ECBAIT_10_0044_INTERIOR_MODULE_01', 'ECBAIT_10_0044_MEMBER_INTERIOR_01']
  HIT DRR076872: 4 baits >= 0.7 ['ECBAIT_0_0000_JUNCTION_01', 'ECBAIT_10_0002_MEMBER_INTERIOR_01', 'ECBAIT_10_0044_INTERIOR_MODULE_01', 'ECBAIT_10_0044_MEMBER_INTERIOR_01']
  HIT DRR076874: 4 baits >= 0.7 ['ECBAIT_0_0000_JUNCTION_01', 'ECBAIT_10_0002_MEMBER_INTERIOR_01', 'ECBAIT_10_0044_INTERIOR_MODULE_01', 'ECBAIT_10_0044_MEMBER_INTERIOR_01']
  HIT DRR076876: 4 baits >= 0.7 ['ECBAIT_0_0000_JUNCTION_01', 'ECBAIT_10_0002_MEMBER_INTERIOR_01', 'ECBAIT_10_0044_INTERIOR_MODULE_01', 'ECBAIT_10_0044_MEMBER_INTERIOR_01']
  HIT DRR076878: 4 baits >= 0.7 ['ECBAIT_0_0000_JUNCTION_01', 'ECBAIT_10_0002_MEMBER_INTERIOR_01', 'ECBAIT_10_0044_INTERIOR_MODULE_01', 'ECBAIT_10_0044_MEMBER_INTERIOR_01']
  HIT DRR076879: 4 baits >= 0.7 ['ECBAIT_0_0000_JUNCTION_01', 'ECBAIT_10_0002_MEMBER_INTERIOR_01', 'ECBAIT_10_0044_INTERIOR_MODULE_01', 'ECBAIT_10_0044_MEMBER_INTERIOR_01']
  HIT DRR076881: 4 baits >= 0.7 ['ECBAIT_0_0000_JUNCTION_01', 'ECBAIT_10_0002_MEMBER_INTERIOR_01', 'ECBAIT_10_0044_INTERIOR_MODULE_01', 'ECBAIT_10_0044_MEMBER_INTERIOR_01']
  HIT DRR076882: 4 baits >= 0.7 ['ECBAIT_0_0000_JUNCTION_01', 'ECBAIT_10_0002_MEMBER_INTERIOR_01', 'ECBAIT_10_0044_INTERIOR_MODULE_01', 'ECBAIT_10_0044_MEMBER_INTERIOR_01']
  HIT DRR076883: 4 baits >= 0.7 ['ECBAIT_0_0000_JUNCTION_01', 'ECBAIT_10_0002_MEMBER_INTERIOR_01', 'ECBAIT_10_0044_INTERIOR_MODULE_01', 'ECBAIT_10_0044_MEMBER_INTERIOR_01']
  HIT DRR076884: 4 baits >= 0.7 ['ECBAIT_0_0000_JUNCTION_01', 'ECBAIT_10_0002_MEMBER_INTERIOR_01', 'ECBAIT_10_0044_INTERIOR_MODULE_01', 'ECBAIT_10_0044_MEMBER_INTERIOR_01']
  HIT DRR076885: 1 baits >= 0.7 ['ECBAIT_10_0002_MEMBER_INTERIOR_01']
  HIT DRR076888: 1 baits >= 0.7 ['ECBAIT_10_0002_MEMBER_INTERIOR_01']
  200/12000 processed (195 screened, 189 hit-accessions) 65s budget=0.3GB
  HIT DRR076892: 1 baits >= 0.7 ['ECBAIT_10_0002_MEMBER_INTERIOR_01']
  HIT DRR076897: 1 baits >= 0.7 ['ECBAIT_10_0002_MEMBER_INTERIOR_01']
  HIT DRR076893: 1 baits >= 0.7 ['ECBAIT_10_0002_MEMBER_INTERIOR_01']
  HIT DRR076900: 1 baits >= 0.7 ['ECBAIT_10_0002_MEMBER_INTERIOR_01']
  HIT DRR076902: 1 baits >= 0.7 ['ECBAIT_10_0002_MEMBER_INTERIOR_01']
  HIT DRR076909: 1 baits >= 0.7 ['ECBAIT_10_0002_MEMBER_INTERIOR_01']
  HIT DRR076904: 1 baits >= 0.7 ['ECBAIT_10_0002_MEMBER_INTERIOR_01']
  HIT DRR076910: 1 baits >= 0.7 ['ECBAIT_10_0002_MEMBER_INTERIOR_01']
  HIT DRR076911: 1 baits >= 0.7 ['ECBAIT_10_0002_MEMBER_INTERIOR_01']
  HIT DRR076913: 1 baits >= 0.7 ['ECBAIT_10_0002_MEMBER_INTERIOR_01']
  HIT DRR076917: 3 baits >= 0.7 ['ECBAIT_0_0000_JUNCTION_01', 'ECBAIT_10_0002_MEMBER_INTERIOR_01', 'ECBAIT_10_0044_MEMBER_INTERIOR_01']
  HIT DRR076920: 3 baits >= 0.7 ['ECBAIT_0_0000_JUNCTION_01', 'ECBAIT_10_0002_MEMBER_INTERIOR_01', 'ECBAIT_10_0044_MEMBER_INTERIOR_01']
  HIT DRR076924: 1 baits >= 0.7 ['ECBAIT_10_0002_MEMBER_INTERIOR_01']
  HIT DRR076930: 3 baits >= 0.7 ['ECBAIT_0_0000_JUNCTION_01', 'ECBAIT_10_0002_MEMBER_INTERIOR_01', 'ECBAIT_10_0044_MEMBER_INTERIOR_01']
  HIT DRR076932: 3 baits >= 0.7 ['ECBAIT_0_0000_JUNCTION_01', 'ECBAIT_10_0002_MEMBER_INTERIOR_01', 'ECBAIT_10_0044_MEMBER_INTERIOR_01']
  HIT DRR076934: 3 baits >= 0.7 ['ECBAIT_0_0000_JUNCTION_01', 'ECBAIT_10_0002_MEMBER_INTERIOR_01', 'ECBAIT_10_0044_MEMBER_INTERIOR_01']
  HIT DRR076938: 3 baits >= 0.7 ['ECBAIT_0_0000_JUNCTION_01', 'ECBAIT_10_0002_MEMBER_INTERIOR_01', 'ECBAIT_10_0044_MEMBER_INTERIOR_01']
  HIT DRR082430: 1 baits >= 0.7 ['ECBAIT_10_0002_MEMBER_INTERIOR_01']
  HIT DRR076941: 3 baits >= 0.7 ['ECBAIT_0_0000_JUNCTION_01', 'ECBAIT_10_0002_MEMBER_INTERIOR_01', 'ECBAIT_10_0044_MEMBER_INTERIOR_01']
  HIT DRR082431: 1 baits >= 0.7 ['ECBAIT_10_0002_MEMBER_INTERIOR_01']
  HIT DRR082432: 2 baits >= 0.7 ['ECBAIT_10_0002_MEMBER_INTERIOR_01', 'ECBAIT_10_0044_MEMBER_INTERIOR_01']
  HIT DRR082433: 2 baits >= 0.7 ['ECBAIT_10_0002_MEMBER_INTERIOR_01', 'ECBAIT_10_0044_MEMBER_INTERIOR_01']
  HIT DRR082435: 2 baits >= 0.7 ['ECBAIT_10_0002_MEMBER_INTERIOR_01', 'ECBAIT_10_0044_MEMBER_INTERIOR_01']
  HIT DRR082434: 2 baits >= 0.7 ['ECBAIT_10_0002_MEMBER_INTERIOR_01', 'ECBAIT_10_0044_MEMBER_INTERIOR_01']
  HIT DRR082437: 2 baits >= 0.7 ['ECBAIT_10_0002_MEMBER_INTERIOR_01', 'ECBAIT_10_0044_MEMBER_INTERIOR_01']
  HIT DRR082438: 2 baits >= 0.7 ['ECBAIT_10_0002_MEMBER_INTERIOR_01', 'ECBAIT_10_0044_MEMBER_INTERIOR_01']
  HIT DRR082439: 1 baits >= 0.7 ['ECBAIT_10_0044_MEMBER_INTERIOR_01']
  HIT DRR082440: 2 baits >= 0.7 ['ECBAIT_10_0002_MEMBER_INTERIOR_01', 'ECBAIT_10_0044_MEMBER_INTERIOR_01']
  HIT DRR082441: 4 baits >= 0.7 ['ECBAIT_0_0000_JUNCTION_01', 'ECBAIT_10_0002_MEMBER_INTERIOR_01', 'ECBAIT_10_0044_INTERIOR_MODULE_01', 'ECBAIT_10_0044_MEMBER_INTERIOR_01']
  HIT DRR082442: 4 baits >= 0.7 ['ECBAIT_0_0000_JUNCTION_01', 'ECBAIT_10_0002_MEMBER_INTERIOR_01', 'ECBAIT_10_0044_INTERIOR_MODULE_01', 'ECBAIT_10_0044_MEMBER_INTERIOR_01']
  HIT DRR082443: 4 baits >= 0.7 ['ECBAIT_0_0000_JUNCTION_01', 'ECBAIT_10_0002_MEMBER_INTERIOR_01', 'ECBAIT_10_0044_INTERIOR_MODULE_01', 'ECBAIT_10_0044_MEMBER_INTERIOR_01']
  HIT DRR082444: 4 baits >= 0.7 ['ECBAIT_0_0000_JUNCTION_01', 'ECBAIT_10_0002_MEMBER_INTERIOR_01', 'ECBAIT_10_0044_INTERIOR_MODULE_01', 'ECBAIT_10_0044_MEMBER_INTERIOR_01']
  HIT DRR082445: 4 baits >= 0.7 ['ECBAIT_0_0000_JUNCTION_01', 'ECBAIT_10_0002_MEMBER_INTERIOR_01', 'ECBAIT_10_0044_INTERIOR_MODULE_01', 'ECBAIT_10_0044_MEMBER_INTERIOR_01']
  HIT DRR082446: 4 baits >= 0.7 ['ECBAIT_0_0000_JUNCTION_01', 'ECBAIT_10_0002_MEMBER_INTERIOR_01', 'ECBAIT_10_0044_INTERIOR_MODULE_01', 'ECBAIT_10_0044_MEMBER_INTERIOR_01']
  HIT DRR082447: 4 baits >= 0.7 ['ECBAIT_0_0000_JUNCTION_01', 'ECBAIT_10_0002_MEMBER_INTERIOR_01', 'ECBAIT_10_0044_INTERIOR_MODULE_01', 'ECBAIT_10_0044_MEMBER_INTERIOR_01']
  HIT DRR082448: 4 baits >= 0.7 ['ECBAIT_0_0000_JUNCTION_01', 'ECBAIT_10_0002_MEMBER_INTERIOR_01', 'ECBAIT_10_0044_INTERIOR_MODULE_01', 'ECBAIT_10_0044_MEMBER_INTERIOR_01']
  HIT DRR082449: 4 baits >= 0.7 ['ECBAIT_0_0000_JUNCTION_01', 'ECBAIT_10_0002_MEMBER_INTERIOR_01', 'ECBAIT_10_0044_INTERIOR_MODULE_01', 'ECBAIT_10_0044_MEMBER_INTERIOR_01']
  HIT DRR082450: 4 baits >= 0.7 ['ECBAIT_0_0000_JUNCTION_01', 'ECBAIT_10_0002_MEMBER_INTERIOR_01', 'ECBAIT_10_0044_INTERIOR_MODULE_01', 'ECBAIT_10_0044_MEMBER_INTERIOR_01']
  HIT DRR082451: 4 baits >= 0.7 ['ECBAIT_0_0000_JUNCTION_01', 'ECBAIT_10_0002_MEMBER_INTERIOR_01', 'ECBAIT_10_0044_INTERIOR_MODULE_01', 'ECBAIT_10_0044_MEMBER_INTERIOR_01']
  HIT DRR082452: 4 baits >= 0.7 ['ECBAIT_0_0000_JUNCTION_01', 'ECBAIT_10_0002_MEMBER_INTERIOR_01', 'ECBAIT_10_0044_INTERIOR_MODULE_01', 'ECBAIT_10_0044_MEMBER_INTERIOR_01']
  HIT DRR082454: 4 baits >= 0.7 ['ECBAIT_0_0000_JUNCTION_01', 'ECBAIT_10_0002_MEMBER_INTERIOR_01', 'ECBAIT_10_0044_INTERIOR_MODULE_01', 'ECBAIT_10_0044_MEMBER_INTERIOR_01']
  HIT DRR082453: 4 baits >= 0.7 ['ECBAIT_0_0000_JUNCTION_01', 'ECBAIT_10_0002_MEMBER_INTERIOR_01', 'ECBAIT_10_0044_INTERIOR_MODULE_01', 'ECBAIT_10_0044_MEMBER_INTERIOR_01']
  HIT DRR089863: 1 baits >= 0.7 ['ECBAIT_10_0057_MEMBER_INTERIOR_01']
  HIT DRR089862: 1 baits >= 0.7 ['ECBAIT_10_0057_MEMBER_INTERIOR_01']
  HIT DRR090516: 1 baits >= 0.7 ['ECBAIT_HOST_CONTROL_01']
  250/12000 processed (243 screened, 234 hit-accessions) 81s budget=0.4GB
  HIT DRR090517: 1 baits >= 0.7 ['ECBAIT_HOST_CONTROL_01']
  HIT DRR090519: 1 baits >= 0.7 ['ECBAIT_HOST_CONTROL_01']
  HIT DRR090520: 1 baits >= 0.7 ['ECBAIT_HOST_CONTROL_01']
  HIT DRR090521: 1 baits >= 0.7 ['ECBAIT_HOST_CONTROL_01']
  HIT DRR090522: 1 baits >= 0.7 ['ECBAIT_HOST_CONTROL_01']
  HIT DRR090523: 2 baits >= 0.7 ['ECBAIT_HOST_CONTROL_01', 'ECBAIT_POSCON_LAMBDA_01']
  HIT DRR090524: 1 baits >= 0.7 ['ECBAIT_HOST_CONTROL_01']
  HIT DRR090525: 1 baits >= 0.7 ['ECBAIT_HOST_CONTROL_01']
  HIT DRR090526: 1 baits >= 0.7 ['ECBAIT_HOST_CONTROL_01']
  HIT DRR090527: 1 baits >= 0.7 ['ECBAIT_HOST_CONTROL_01']
  HIT DRR090528: 1 baits >= 0.7 ['ECBAIT_HOST_CONTROL_01']
  HIT DRR090530: 1 baits >= 0.7 ['ECBAIT_HOST_CONTROL_01']
  HIT DRR090531: 1 baits >= 0.7 ['ECBAIT_HOST_CONTROL_01']
  HIT DRR090532: 1 baits >= 0.7 ['ECBAIT_HOST_CONTROL_01']
  HIT DRR092862: 2 baits >= 0.7 ['ECBAIT_10_0002_MEMBER_INTERIOR_01', 'ECBAIT_10_0057_MEMBER_INTERIOR_01']
  HIT DRR092860: 2 baits >= 0.7 ['ECBAIT_10_0002_MEMBER_INTERIOR_01', 'ECBAIT_10_0057_MEMBER_INTERIOR_01']
  HIT DRR092863: 2 baits >= 0.7 ['ECBAIT_10_0002_MEMBER_INTERIOR_01', 'ECBAIT_10_0057_MEMBER_INTERIOR_01']
  HIT DRR092865: 1 baits >= 0.7 ['ECBAIT_10_0057_MEMBER_INTERIOR_01']
  HIT DRR092870: 2 baits >= 0.7 ['ECBAIT_10_0002_MEMBER_INTERIOR_01', 'ECBAIT_10_0057_MEMBER_INTERIOR_01']
  HIT DRR092868: 1 baits >= 0.7 ['ECBAIT_10_0057_MEMBER_INTERIOR_01']
  HIT DRR092872: 2 baits >= 0.7 ['ECBAIT_10_0002_MEMBER_INTERIOR_01', 'ECBAIT_10_0057_MEMBER_INTERIOR_01']
  HIT DRR092867: 2 baits >= 0.7 ['ECBAIT_10_0002_MEMBER_INTERIOR_01', 'ECBAIT_10_0057_MEMBER_INTERIOR_01']
  HIT DRR092873: 1 baits >= 0.7 ['ECBAIT_10_0057_MEMBER_INTERIOR_01']
  HIT DRR092875: 2 baits >= 0.7 ['ECBAIT_10_0057_MEMBER_INTERIOR_01', 'ECBAIT_HOST_CONTROL_02']
  HIT DRR092874: 2 baits >= 0.7 ['ECBAIT_10_0057_MEMBER_INTERIOR_01', 'ECBAIT_HOST_CONTROL_02']
  HIT DRR092877: 2 baits >= 0.7 ['ECBAIT_10_0002_MEMBER_INTERIOR_01', 'ECBAIT_10_0057_MEMBER_INTERIOR_01']
  HIT DRR092878: 1 baits >= 0.7 ['ECBAIT_10_0057_MEMBER_INTERIOR_01']
  HIT DRR092882: 2 baits >= 0.7 ['ECBAIT_10_0002_MEMBER_INTERIOR_01', 'ECBAIT_10_0057_MEMBER_INTERIOR_01']
  HIT DRR092881: 1 baits >= 0.7 ['ECBAIT_10_0057_MEMBER_INTERIOR_01']
  HIT DRR092884: 1 baits >= 0.7 ['ECBAIT_10_0057_MEMBER_INTERIOR_01']
  HIT DRR092887: 2 baits >= 0.7 ['ECBAIT_10_0002_MEMBER_INTERIOR_01', 'ECBAIT_10_0057_MEMBER_INTERIOR_01']
  HIT DRR092885: 2 baits >= 0.7 ['ECBAIT_10_0057_MEMBER_INTERIOR_01', 'ECBAIT_HOST_CONTROL_02']
  HIT DRR092889: 2 baits >= 0.7 ['ECBAIT_10_0002_MEMBER_INTERIOR_01', 'ECBAIT_10_0057_MEMBER_INTERIOR_01']
  HIT DRR092888: 2 baits >= 0.7 ['ECBAIT_10_0002_MEMBER_INTERIOR_01', 'ECBAIT_10_0057_MEMBER_INTERIOR_01']
  HIT DRR092891: 2 baits >= 0.7 ['ECBAIT_10_0002_MEMBER_INTERIOR_01', 'ECBAIT_10_0057_MEMBER_INTERIOR_01']
  HIT DRR092890: 2 baits >= 0.7 ['ECBAIT_10_0002_MEMBER_INTERIOR_01', 'ECBAIT_10_0057_MEMBER_INTERIOR_01']
  HIT DRR092892: 2 baits >= 0.7 ['ECBAIT_10_0057_MEMBER_INTERIOR_01', 'ECBAIT_HOST_CONTROL_02']
  HIT DRR092893: 2 baits >= 0.7 ['ECBAIT_10_0002_MEMBER_INTERIOR_01', 'ECBAIT_10_0057_MEMBER_INTERIOR_01']
  HIT DRR092894: 1 baits >= 0.7 ['ECBAIT_10_0057_MEMBER_INTERIOR_01']
  HIT DRR099179: 1 baits >= 0.7 ['ECBAIT_HOST_CONTROL_01']
  HIT DRR099178: 1 baits >= 0.7 ['ECBAIT_HOST_CONTROL_01']
  HIT DRR099180: 1 baits >= 0.7 ['ECBAIT_HOST_CONTROL_01']
  HIT DRR099182: 1 baits >= 0.7 ['ECBAIT_HOST_CONTROL_01']
  HIT DRR099181: 1 baits >= 0.7 ['ECBAIT_HOST_CONTROL_01']
  HIT DRR099183: 1 baits >= 0.7 ['ECBAIT_HOST_CONTROL_01']
  HIT DRR099184: 1 baits >= 0.7 ['ECBAIT_HOST_CONTROL_01']
  HIT DRR099186: 1 baits >= 0.7 ['ECBAIT_HOST_CONTROL_01']
  HIT DRR099185: 1 baits >= 0.7 ['ECBAIT_HOST_CONTROL_01']
  300/12000 processed (293 screened, 282 hit-accessions) 97s budget=0.4GB
  HIT DRR099187: 1 baits >= 0.7 ['ECBAIT_HOST_CONTROL_01']
  HIT DRR099188: 1 baits >= 0.7 ['ECBAIT_HOST_CONTROL_01']
  HIT DRR099189: 1 baits >= 0.7 ['ECBAIT_HOST_CONTROL_01']
  HIT DRR099192: 1 baits >= 0.7 ['ECBAIT_HOST_CONTROL_01']
  HIT DRR099190: 1 baits >= 0.7 ['ECBAIT_HOST_CONTROL_01']
  HIT DRR099191: 1 baits >= 0.7 ['ECBAIT_HOST_CONTROL_01']
  HIT DRR099193: 1 baits >= 0.7 ['ECBAIT_HOST_CONTROL_01']
  HIT DRR102547: 1 baits >= 0.7 ['ECBAIT_10_0057_MEMBER_INTERIOR_01']
  HIT DRR102559: 1 baits >= 0.7 ['ECBAIT_HOST_CONTROL_01']
  HIT DRR102562: 1 baits >= 0.7 ['ECBAIT_10_0057_MEMBER_INTERIOR_01']
  HIT DRR102570: 5 baits >= 0.7 ['ECBAIT_0_0000_JUNCTION_02', 'ECBAIT_0_0000_MEMBER_INTERIOR_01', 'ECBAIT_0_0014_MEMBER_INTERIOR_01', 'ECBAIT_10_0057_MEMBER_INTERIOR_01']
  HIT DRR102566: 5 baits >= 0.7 ['ECBAIT_0_0000_INTERIOR_MODULE_01', 'ECBAIT_0_0000_JUNCTION_02', 'ECBAIT_0_0000_MEMBER_INTERIOR_01', 'ECBAIT_10_0057_MEMBER_INTERIOR_01']
  HIT DRR102605: 1 baits >= 0.7 ['ECBAIT_10_0057_MEMBER_INTERIOR_01']
  HIT DRR102650: 1 baits >= 0.7 ['ECBAIT_HOST_CONTROL_01']
  HIT DRR102615: 2 baits >= 0.7 ['ECBAIT_0_0052_JUNCTION_03', 'ECBAIT_0_0054_MEMBER_INTERIOR_01']
  HIT DRR102666: 3 baits >= 0.7 ['ECBAIT_10_0002_MEMBER_INTERIOR_01', 'ECBAIT_10_0172_MEMBER_INTERIOR_01', 'ECBAIT_1_0004_JUNCTION_01']
  HIT DRR102674: 5 baits >= 0.7 ['ECBAIT_0_0000_INTERIOR_MODULE_01', 'ECBAIT_0_0000_JUNCTION_02', 'ECBAIT_0_0000_MEMBER_INTERIOR_01', 'ECBAIT_10_0057_MEMBER_INTERIOR_01']
  HIT DRR102692: 2 baits >= 0.7 ['ECBAIT_10_0057_MEMBER_INTERIOR_01', 'ECBAIT_10_0172_MEMBER_INTERIOR_01']
  HIT DRR102703: 2 baits >= 0.7 ['ECBAIT_0_0000_JUNCTION_02', 'ECBAIT_1_0004_JUNCTION_01']
  HIT DRR102707: 1 baits >= 0.7 ['ECBAIT_HOST_CONTROL_01']
  HIT DRR102739: 4 baits >= 0.7 ['ECBAIT_0_0052_JUNCTION_01', 'ECBAIT_0_0054_MEMBER_INTERIOR_01', 'ECBAIT_10_0057_MEMBER_INTERIOR_01', 'ECBAIT_1_0004_JUNCTION_02']
  HIT DRR102742: 1 baits >= 0.7 ['ECBAIT_10_0057_MEMBER_INTERIOR_01']
  HIT DRR102756: 2 baits >= 0.7 ['ECBAIT_10_0057_MEMBER_INTERIOR_01', 'ECBAIT_HOST_CONTROL_02']
  HIT DRR102776: 1 baits >= 0.7 ['ECBAIT_10_0151_MEMBER_INTERIOR_01']
  HIT DRR102778: 2 baits >= 0.7 ['ECBAIT_10_0151_JUNCTION_03', 'ECBAIT_10_0172_MEMBER_INTERIOR_01']
  HIT DRR102789: 1 baits >= 0.7 ['ECBAIT_HOST_CONTROL_02']
  HIT DRR102852: 1 baits >= 0.7 ['ECBAIT_10_0057_MEMBER_INTERIOR_01']
  HIT DRR102928: 3 baits >= 0.7 ['ECBAIT_0_0052_JUNCTION_03', 'ECBAIT_0_0054_MEMBER_INTERIOR_01', 'ECBAIT_10_0057_MEMBER_INTERIOR_01']
  HIT DRR102936: 3 baits >= 0.7 ['ECBAIT_0_0000_JUNCTION_02', 'ECBAIT_0_0000_MEMBER_INTERIOR_01', 'ECBAIT_HOST_CONTROL_02']
  HIT DRR102937: 9 baits >= 0.7 ['ECBAIT_0_0000_JUNCTION_02', 'ECBAIT_0_0000_MEMBER_INTERIOR_01', 'ECBAIT_0_0046_MEMBER_INTERIOR_01', 'ECBAIT_10_0057_MEMBER_INTERIOR_01']
  HIT DRR102942: 2 baits >= 0.7 ['ECBAIT_10_0057_MEMBER_INTERIOR_01', 'ECBAIT_HOST_CONTROL_02']
  HIT DRR102961: 2 baits >= 0.7 ['ECBAIT_10_0057_MEMBER_INTERIOR_01', 'ECBAIT_HOST_CONTROL_01']
  HIT DRR102963: 1 baits >= 0.7 ['ECBAIT_HOST_CONTROL_01']
  HIT DRR102971: 1 baits >= 0.7 ['ECBAIT_HOST_CONTROL_01']
  HIT DRR102991: 3 baits >= 0.7 ['ECBAIT_0_0000_JUNCTION_02', 'ECBAIT_10_0002_MEMBER_INTERIOR_01', 'ECBAIT_HOST_CONTROL_01']
  HIT DRR103030: 1 baits >= 0.7 ['ECBAIT_HOST_CONTROL_01']
  HIT DRR102992: 2 baits >= 0.7 ['ECBAIT_0_0000_JUNCTION_02', 'ECBAIT_0_0000_MEMBER_INTERIOR_01']
  HIT DRR103057: 2 baits >= 0.7 ['ECBAIT_0_0054_MEMBER_INTERIOR_01', 'ECBAIT_HOST_CONTROL_02']
  HIT DRR103059: 5 baits >= 0.7 ['ECBAIT_0_0000_JUNCTION_02', 'ECBAIT_0_0046_MEMBER_INTERIOR_01', 'ECBAIT_10_0057_MEMBER_INTERIOR_01', 'ECBAIT_10_0172_MEMBER_INTERIOR_01']
  HIT DRR103067: 1 baits >= 0.7 ['ECBAIT_10_0172_MEMBER_INTERIOR_01']
  HIT DRR103075: 2 baits >= 0.7 ['ECBAIT_10_0057_MEMBER_INTERIOR_01', 'ECBAIT_HOST_CONTROL_01']
  HIT DRR103079: 1 baits >= 0.7 ['ECBAIT_10_0057_MEMBER_INTERIOR_01']
  HIT DRR103082: 3 baits >= 0.7 ['ECBAIT_0_0068_JUNCTION_03', 'ECBAIT_0_0068_MEMBER_INTERIOR_01', 'ECBAIT_10_0002_MEMBER_INTERIOR_01']
  350/12000 processed (343 screened, 325 hit-accessions) 113s budget=0.5GB
  HIT DRR103108: 4 baits >= 0.7 ['ECBAIT_0_0000_JUNCTION_02', 'ECBAIT_0_0000_MEMBER_INTERIOR_01', 'ECBAIT_10_0002_MEMBER_INTERIOR_01', 'ECBAIT_HOST_CONTROL_01']
  HIT DRR103094: 1 baits >= 0.7 ['ECBAIT_0_0000_JUNCTION_02']
  HIT DRR103140: 4 baits >= 0.7 ['ECBAIT_0_0046_JUNCTION_02', 'ECBAIT_0_0046_MEMBER_INTERIOR_01', 'ECBAIT_10_0057_MEMBER_INTERIOR_01', 'ECBAIT_1_0022_JUNCTION_03']
  HIT DRR103193: 1 baits >= 0.7 ['ECBAIT_10_0002_MEMBER_INTERIOR_01']
  HIT DRR103202: 1 baits >= 0.7 ['ECBAIT_10_0057_MEMBER_INTERIOR_01']
  HIT DRR103305: 2 baits >= 0.7 ['ECBAIT_0_0000_JUNCTION_02', 'ECBAIT_10_0172_MEMBER_INTERIOR_01']
  HIT DRR103301: 1 baits >= 0.7 ['ECBAIT_HOST_CONTROL_01']
  HIT DRR103316: 1 baits >= 0.7 ['ECBAIT_10_0057_MEMBER_INTERIOR_01']
  HIT DRR103317: 5 baits >= 0.7 ['ECBAIT_0_0000_JUNCTION_02', 'ECBAIT_0_0000_MEMBER_INTERIOR_01', 'ECBAIT_10_0057_MEMBER_INTERIOR_01', 'ECBAIT_10_0172_MEMBER_INTERIOR_01']
  HIT DRR120565: 1 baits >= 0.7 ['ECBAIT_10_0057_MEMBER_INTERIOR_01']
  HIT DRR120569: 2 baits >= 0.7 ['ECBAIT_10_0002_MEMBER_INTERIOR_01', 'ECBAIT_10_0057_MEMBER_INTERIOR_01']
  HIT DRR120582: 2 baits >= 0.7 ['ECBAIT_10_0002_MEMBER_INTERIOR_01', 'ECBAIT_10_0057_MEMBER_INTERIOR_01']
  HIT DRR120603: 2 baits >= 0.7 ['ECBAIT_10_0002_MEMBER_INTERIOR_01', 'ECBAIT_10_0057_MEMBER_INTERIOR_01']
  HIT DRR120597: 2 baits >= 0.7 ['ECBAIT_10_0002_MEMBER_INTERIOR_01', 'ECBAIT_10_0057_MEMBER_INTERIOR_01']
  HIT DRR120602: 2 baits >= 0.7 ['ECBAIT_10_0002_MEMBER_INTERIOR_01', 'ECBAIT_10_0057_MEMBER_INTERIOR_01']
  HIT DRR120604: 2 baits >= 0.7 ['ECBAIT_10_0002_MEMBER_INTERIOR_01', 'ECBAIT_10_0057_MEMBER_INTERIOR_01']
  HIT DRR129828: 3 baits >= 0.7 ['ECBAIT_10_0057_MEMBER_INTERIOR_01', 'ECBAIT_HOST_CONTROL_01', 'ECBAIT_POSCON_LAMBDA_01']
  HIT DRR129829: 3 baits >= 0.7 ['ECBAIT_10_0057_MEMBER_INTERIOR_01', 'ECBAIT_HOST_CONTROL_01', 'ECBAIT_POSCON_LAMBDA_01']
  HIT DRR129827: 3 baits >= 0.7 ['ECBAIT_10_0057_MEMBER_INTERIOR_01', 'ECBAIT_HOST_CONTROL_01', 'ECBAIT_POSCON_LAMBDA_01']
  HIT DRR129830: 3 baits >= 0.7 ['ECBAIT_10_0057_MEMBER_INTERIOR_01', 'ECBAIT_HOST_CONTROL_01', 'ECBAIT_POSCON_LAMBDA_01']
  HIT DRR129832: 2 baits >= 0.7 ['ECBAIT_10_0172_MEMBER_INTERIOR_01', 'ECBAIT_HOST_CONTROL_01']
  HIT DRR129833: 3 baits >= 0.7 ['ECBAIT_10_0057_MEMBER_INTERIOR_01', 'ECBAIT_10_0172_MEMBER_INTERIOR_01', 'ECBAIT_HOST_CONTROL_01']
  HIT DRR129831: 2 baits >= 0.7 ['ECBAIT_10_0002_MEMBER_INTERIOR_01', 'ECBAIT_HOST_CONTROL_01']
  HIT DRR129835: 3 baits >= 0.7 ['ECBAIT_10_0057_MEMBER_INTERIOR_01', 'ECBAIT_10_0172_MEMBER_INTERIOR_01', 'ECBAIT_HOST_CONTROL_01']
  HIT DRR129834: 3 baits >= 0.7 ['ECBAIT_10_0057_MEMBER_INTERIOR_01', 'ECBAIT_10_0172_MEMBER_INTERIOR_01', 'ECBAIT_HOST_CONTROL_01']
  HIT DRR129836: 3 baits >= 0.7 ['ECBAIT_0_0000_MEMBER_INTERIOR_01', 'ECBAIT_10_0057_MEMBER_INTERIOR_01', 'ECBAIT_HOST_CONTROL_01']
  HIT DRR129837: 3 baits >= 0.7 ['ECBAIT_1_0004_JUNCTION_02', 'ECBAIT_1_0026_JUNCTION_01', 'ECBAIT_1_0026_MEMBER_INTERIOR_01']
  HIT DRR129838: 2 baits >= 0.7 ['ECBAIT_10_0057_MEMBER_INTERIOR_01', 'ECBAIT_HOST_CONTROL_01']
  HIT DRR159834: 2 baits >= 0.7 ['ECBAIT_10_0057_MEMBER_INTERIOR_01', 'ECBAIT_HOST_CONTROL_01']
  HIT DRR159812: 2 baits >= 0.7 ['ECBAIT_0_0052_JUNCTION_03', 'ECBAIT_10_0057_MEMBER_INTERIOR_01']
  HIT DRR159822: 1 baits >= 0.7 ['ECBAIT_10_0044_MEMBER_INTERIOR_01']
  HIT DRR159903: 2 baits >= 0.7 ['ECBAIT_10_0057_MEMBER_INTERIOR_01', 'ECBAIT_HOST_CONTROL_01']
  HIT DRR159859: 1 baits >= 0.7 ['ECBAIT_1_0004_JUNCTION_01']
  HIT DRR159905: 1 baits >= 0.7 ['ECBAIT_HOST_CONTROL_01']
  HIT DRR192214: 1 baits >= 0.7 ['ECBAIT_HOST_CONTROL_01']
  HIT DRR162762: 3 baits >= 0.7 ['ECBAIT_0_0000_JUNCTION_02', 'ECBAIT_10_0002_MEMBER_INTERIOR_01', 'ECBAIT_10_0057_MEMBER_INTERIOR_01']
  HIT DRR192207: 3 baits >= 0.7 ['ECBAIT_10_0002_MEMBER_INTERIOR_01', 'ECBAIT_10_0057_MEMBER_INTERIOR_01', 'ECBAIT_1_0004_MEMBER_INTERIOR_01']
  HIT DRR192198: 3 baits >= 0.7 ['ECBAIT_10_0002_JUNCTION_01', 'ECBAIT_10_0002_JUNCTION_02', 'ECBAIT_10_0057_MEMBER_INTERIOR_01']
  HIT DRR192219: 2 baits >= 0.7 ['ECBAIT_10_0002_MEMBER_INTERIOR_01', 'ECBAIT_10_0057_MEMBER_INTERIOR_01']
  HIT DRR192217: 1 baits >= 0.7 ['ECBAIT_HOST_CONTROL_02']
  HIT DRR192224: 2 baits >= 0.7 ['ECBAIT_10_0002_MEMBER_INTERIOR_01', 'ECBAIT_10_0057_MEMBER_INTERIOR_01']
  HIT DRR192225: 2 baits >= 0.7 ['ECBAIT_10_0002_MEMBER_INTERIOR_01', 'ECBAIT_10_0057_MEMBER_INTERIOR_01']
  HIT DRR192229: 2 baits >= 0.7 ['ECBAIT_10_0002_MEMBER_INTERIOR_01', 'ECBAIT_10_0057_MEMBER_INTERIOR_01']
  HIT DRR192234: 2 baits >= 0.7 ['ECBAIT_10_0002_MEMBER_INTERIOR_01', 'ECBAIT_10_0057_MEMBER_INTERIOR_01']
  HIT DRR192227: 2 baits >= 0.7 ['ECBAIT_10_0002_MEMBER_INTERIOR_01', 'ECBAIT_10_0057_MEMBER_INTERIOR_01']
  HIT DRR193889: 3 baits >= 0.7 ['ECBAIT_10_0002_MEMBER_INTERIOR_01', 'ECBAIT_10_0057_MEMBER_INTERIOR_01', 'ECBAIT_10_0172_MEMBER_INTERIOR_01']
  400/12000 processed (391 screened, 371 hit-accessions) 129s budget=0.6GB
  HIT DRR193904: 1 baits >= 0.7 ['ECBAIT_10_0057_MEMBER_INTERIOR_01']
  HIT DRR193892: 3 baits >= 0.7 ['ECBAIT_10_0002_JUNCTION_01', 'ECBAIT_10_0002_JUNCTION_02', 'ECBAIT_10_0057_MEMBER_INTERIOR_01']
  HIT DRR193908: 1 baits >= 0.7 ['ECBAIT_HOST_CONTROL_02']
  HIT DRR193912: 1 baits >= 0.7 ['ECBAIT_10_0057_MEMBER_INTERIOR_01']
  HIT DRR193909: 1 baits >= 0.7 ['ECBAIT_10_0057_MEMBER_INTERIOR_01']
  HIT DRR193914: 2 baits >= 0.7 ['ECBAIT_10_0002_MEMBER_INTERIOR_01', 'ECBAIT_10_0057_MEMBER_INTERIOR_01']
  HIT DRR193920: 1 baits >= 0.7 ['ECBAIT_10_0002_MEMBER_INTERIOR_01']
  HIT DRR217203: 1 baits >= 0.7 ['ECBAIT_HOST_CONTROL_01']
  HIT DRR217204: 1 baits >= 0.7 ['ECBAIT_HOST_CONTROL_01']
  HIT DRR204859: 1 baits >= 0.7 ['ECBAIT_10_0002_MEMBER_INTERIOR_01']
  HIT DRR217205: 1 baits >= 0.7 ['ECBAIT_HOST_CONTROL_01']
  HIT DRR217206: 1 baits >= 0.7 ['ECBAIT_HOST_CONTROL_01']
  HIT DRR217207: 1 baits >= 0.7 ['ECBAIT_HOST_CONTROL_01']
  HIT DRR217208: 1 baits >= 0.7 ['ECBAIT_HOST_CONTROL_01']
  HIT DRR217209: 1 baits >= 0.7 ['ECBAIT_HOST_CONTROL_01']
  HIT DRR217211: 1 baits >= 0.7 ['ECBAIT_HOST_CONTROL_01']
  HIT DRR217210: 1 baits >= 0.7 ['ECBAIT_HOST_CONTROL_01']
  HIT DRR217212: 1 baits >= 0.7 ['ECBAIT_HOST_CONTROL_01']
  HIT DRR217213: 1 baits >= 0.7 ['ECBAIT_HOST_CONTROL_01']
  HIT DRR217214: 1 baits >= 0.7 ['ECBAIT_HOST_CONTROL_01']
  HIT DRR217215: 1 baits >= 0.7 ['ECBAIT_HOST_CONTROL_01']
  HIT DRR217217: 1 baits >= 0.7 ['ECBAIT_HOST_CONTROL_01']
  HIT DRR217216: 1 baits >= 0.7 ['ECBAIT_HOST_CONTROL_01']
  HIT DRR217219: 1 baits >= 0.7 ['ECBAIT_HOST_CONTROL_01']
  HIT DRR217218: 1 baits >= 0.7 ['ECBAIT_HOST_CONTROL_01']
  HIT DRR217220: 1 baits >= 0.7 ['ECBAIT_HOST_CONTROL_01']
  HIT DRR217221: 1 baits >= 0.7 ['ECBAIT_HOST_CONTROL_01']
  HIT DRR217223: 1 baits >= 0.7 ['ECBAIT_HOST_CONTROL_01']
  HIT DRR217224: 1 baits >= 0.7 ['ECBAIT_HOST_CONTROL_01']
  HIT DRR217222: 1 baits >= 0.7 ['ECBAIT_HOST_CONTROL_01']
  HIT DRR217225: 1 baits >= 0.7 ['ECBAIT_HOST_CONTROL_01']
  HIT DRR217226: 1 baits >= 0.7 ['ECBAIT_HOST_CONTROL_01']
  HIT DRR217228: 1 baits >= 0.7 ['ECBAIT_HOST_CONTROL_01']
  HIT DRR217227: 1 baits >= 0.7 ['ECBAIT_HOST_CONTROL_01']
  HIT DRR217229: 1 baits >= 0.7 ['ECBAIT_HOST_CONTROL_01']
  HIT DRR217232: 1 baits >= 0.7 ['ECBAIT_HOST_CONTROL_01']
  HIT DRR217230: 1 baits >= 0.7 ['ECBAIT_HOST_CONTROL_01']
  HIT DRR217231: 1 baits >= 0.7 ['ECBAIT_HOST_CONTROL_01']
  HIT DRR217233: 1 baits >= 0.7 ['ECBAIT_HOST_CONTROL_01']
  HIT DRR217234: 1 baits >= 0.7 ['ECBAIT_HOST_CONTROL_01']
  HIT DRR217237: 1 baits >= 0.7 ['ECBAIT_HOST_CONTROL_01']
  HIT DRR217236: 1 baits >= 0.7 ['ECBAIT_HOST_CONTROL_01']
  HIT DRR217235: 1 baits >= 0.7 ['ECBAIT_HOST_CONTROL_01']
  HIT DRR217240: 1 baits >= 0.7 ['ECBAIT_HOST_CONTROL_01']
  HIT DRR217238: 1 baits >= 0.7 ['ECBAIT_HOST_CONTROL_01']
  HIT DRR217241: 1 baits >= 0.7 ['ECBAIT_HOST_CONTROL_01']
  HIT DRR217239: 1 baits >= 0.7 ['ECBAIT_HOST_CONTROL_01']
  HIT DRR217243: 2 baits >= 0.7 ['ECBAIT_HOST_CONTROL_01', 'ECBAIT_POSCON_LAMBDA_01']
  HIT DRR217242: 2 baits >= 0.7 ['ECBAIT_HOST_CONTROL_01', 'ECBAIT_POSCON_LAMBDA_01']
  450/12000 processed (441 screened, 420 hit-accessions) 146s budget=0.7GB
  HIT DRR217247: 1 baits >= 0.7 ['ECBAIT_HOST_CONTROL_01']
  HIT DRR221026: 1 baits >= 0.7 ['ECBAIT_HOST_CONTROL_01']
  HIT DRR221028: 1 baits >= 0.7 ['ECBAIT_10_0057_MEMBER_INTERIOR_01']
  HIT DRR221030: 1 baits >= 0.7 ['ECBAIT_HOST_CONTROL_01']
  HIT DRR239344: 3 baits >= 0.7 ['ECBAIT_10_0002_JUNCTION_01', 'ECBAIT_10_0002_JUNCTION_02', 'ECBAIT_10_0057_MEMBER_INTERIOR_01']
  HIT DRR245496: 2 baits >= 0.7 ['ECBAIT_10_0172_MEMBER_INTERIOR_01', 'ECBAIT_HOST_CONTROL_01']
  HIT DRR245499: 1 baits >= 0.7 ['ECBAIT_10_0002_MEMBER_INTERIOR_01']
  HIT DRR245500: 1 baits >= 0.7 ['ECBAIT_10_0002_MEMBER_INTERIOR_01']
  HIT DRR245502: 2 baits >= 0.7 ['ECBAIT_10_0002_MEMBER_INTERIOR_01', 'ECBAIT_HOST_CONTROL_01']
  HIT DRR245503: 2 baits >= 0.7 ['ECBAIT_0_0000_JUNCTION_02', 'ECBAIT_10_0002_MEMBER_INTERIOR_01']
  HIT DRR245504: 2 baits >= 0.7 ['ECBAIT_0_0000_JUNCTION_02', 'ECBAIT_10_0002_MEMBER_INTERIOR_01']
  HIT DRR245505: 2 baits >= 0.7 ['ECBAIT_10_0002_MEMBER_INTERIOR_01', 'ECBAIT_HOST_CONTROL_01']
  HIT DRR245508: 1 baits >= 0.7 ['ECBAIT_10_0057_MEMBER_INTERIOR_01']
  HIT DRR245507: 1 baits >= 0.7 ['ECBAIT_HOST_CONTROL_01']
  HIT DRR245509: 1 baits >= 0.7 ['ECBAIT_1_0004_JUNCTION_01']
  HIT DRR245511: 1 baits >= 0.7 ['ECBAIT_0_0000_JUNCTION_02']
  HIT DRR245512: 1 baits >= 0.7 ['ECBAIT_10_0002_MEMBER_INTERIOR_01']
  HIT DRR254585: 1 baits >= 0.7 ['ECBAIT_HOST_CONTROL_01']
  HIT DRR254594: 2 baits >= 0.7 ['ECBAIT_10_0002_MEMBER_INTERIOR_01', 'ECBAIT_10_0057_MEMBER_INTERIOR_01']
  500/12000 processed (491 screened, 439 hit-accessions) 161s budget=0.8GB
  HIT DRR275197: 1 baits >= 0.7 ['ECBAIT_10_0002_MEMBER_INTERIOR_01']
  HIT DRR275198: 1 baits >= 0.7 ['ECBAIT_10_0057_MEMBER_INTERIOR_01']
  HIT DRR275200: 1 baits >= 0.7 ['ECBAIT_10_0002_MEMBER_INTERIOR_01']
  HIT DRR275202: 2 baits >= 0.7 ['ECBAIT_10_0002_MEMBER_INTERIOR_01', 'ECBAIT_HOST_CONTROL_01']
  HIT DRR275203: 2 baits >= 0.7 ['ECBAIT_10_0002_MEMBER_INTERIOR_01', 'ECBAIT_HOST_CONTROL_01']
  HIT DRR275204: 2 baits >= 0.7 ['ECBAIT_0_0052_JUNCTION_03', 'ECBAIT_HOST_CONTROL_01']
  HIT DRR275205: 2 baits >= 0.7 ['ECBAIT_0_0052_MEMBER_INTERIOR_01', 'ECBAIT_HOST_CONTROL_01']
  HIT DRR275208: 4 baits >= 0.7 ['ECBAIT_0_0000_JUNCTION_01', 'ECBAIT_10_0044_INTERIOR_MODULE_01', 'ECBAIT_10_0044_MEMBER_INTERIOR_01', 'ECBAIT_HOST_CONTROL_01']
  HIT DRR275209: 1 baits >= 0.7 ['ECBAIT_10_0057_MEMBER_INTERIOR_01']
  HIT DRR275212: 5 baits >= 0.7 ['ECBAIT_10_0044_INTERIOR_MODULE_01', 'ECBAIT_10_0044_MEMBER_INTERIOR_01', 'ECBAIT_10_0172_JUNCTION_03', 'ECBAIT_10_0178_JUNCTION_02']
  HIT DRR275210: 1 baits >= 0.7 ['ECBAIT_HOST_CONTROL_01']
  HIT DRR275214: 1 baits >= 0.7 ['ECBAIT_HOST_CONTROL_01']
  HIT DRR275217: 2 baits >= 0.7 ['ECBAIT_10_0172_MEMBER_INTERIOR_01', 'ECBAIT_HOST_CONTROL_01']
  HIT DRR275219: 1 baits >= 0.7 ['ECBAIT_10_0172_MEMBER_INTERIOR_01']
  HIT DRR275220: 3 baits >= 0.7 ['ECBAIT_10_0002_MEMBER_INTERIOR_01', 'ECBAIT_10_0044_MEMBER_INTERIOR_01', 'ECBAIT_10_0178_JUNCTION_02']
  HIT DRR275223: 2 baits >= 0.7 ['ECBAIT_10_0044_INTERIOR_MODULE_01', 'ECBAIT_HOST_CONTROL_02']
  HIT DRR275225: 1 baits >= 0.7 ['ECBAIT_10_0057_MEMBER_INTERIOR_01']
  HIT DRR275226: 2 baits >= 0.7 ['ECBAIT_10_0002_MEMBER_INTERIOR_01', 'ECBAIT_10_0044_MEMBER_INTERIOR_01']
  HIT DRR275227: 2 baits >= 0.7 ['ECBAIT_10_0002_MEMBER_INTERIOR_01', 'ECBAIT_10_0044_MEMBER_INTERIOR_01']
  HIT DRR275228: 1 baits >= 0.7 ['ECBAIT_HOST_CONTROL_01']
  HIT DRR275232: 1 baits >= 0.7 ['ECBAIT_10_0057_MEMBER_INTERIOR_01']
  HIT DRR275238: 1 baits >= 0.7 ['ECBAIT_HOST_CONTROL_01']
  HIT DRR275239: 1 baits >= 0.7 ['ECBAIT_HOST_CONTROL_01']
  HIT DRR275240: 2 baits >= 0.7 ['ECBAIT_0_0052_JUNCTION_03', 'ECBAIT_HOST_CONTROL_01']
  HIT DRR275243: 2 baits >= 0.7 ['ECBAIT_0_0000_MEMBER_INTERIOR_01', 'ECBAIT_10_0057_MEMBER_INTERIOR_01']
  HIT DRR275244: 4 baits >= 0.7 ['ECBAIT_0_0000_JUNCTION_01', 'ECBAIT_10_0044_INTERIOR_MODULE_01', 'ECBAIT_10_0044_MEMBER_INTERIOR_01', 'ECBAIT_HOST_CONTROL_01']
  HIT DRR275247: 4 baits >= 0.7 ['ECBAIT_0_0046_JUNCTION_02', 'ECBAIT_0_0046_MEMBER_INTERIOR_01', 'ECBAIT_10_0002_MEMBER_INTERIOR_01', 'ECBAIT_1_0022_JUNCTION_03']
  HIT DRR275248: 8 baits >= 0.7 ['ECBAIT_10_0002_MEMBER_INTERIOR_01', 'ECBAIT_10_0044_INTERIOR_MODULE_01', 'ECBAIT_10_0044_MEMBER_INTERIOR_01', 'ECBAIT_10_0172_JUNCTION_03']
  HIT DRR275249: 1 baits >= 0.7 ['ECBAIT_0_0052_JUNCTION_03']
  HIT DRR275251: 2 baits >= 0.7 ['ECBAIT_0_0000_JUNCTION_02', 'ECBAIT_10_0057_MEMBER_INTERIOR_01']
  HIT DRR275252: 1 baits >= 0.7 ['ECBAIT_10_0057_MEMBER_INTERIOR_01']
  HIT DRR275256: 3 baits >= 0.7 ['ECBAIT_10_0044_INTERIOR_MODULE_01', 'ECBAIT_10_0044_MEMBER_INTERIOR_01', 'ECBAIT_10_0178_JUNCTION_02']
  HIT DRR275257: 1 baits >= 0.7 ['ECBAIT_10_0044_INTERIOR_MODULE_01']
  HIT DRR275259: 2 baits >= 0.7 ['ECBAIT_10_0044_INTERIOR_MODULE_01', 'ECBAIT_HOST_CONTROL_02']
  HIT DRR275261: 1 baits >= 0.7 ['ECBAIT_10_0057_MEMBER_INTERIOR_01']
  HIT DRR275264: 1 baits >= 0.7 ['ECBAIT_HOST_CONTROL_01']
  550/12000 processed (538 screened, 475 hit-accessions) 176s budget=0.9GB
  HIT DRR275266: 2 baits >= 0.7 ['ECBAIT_0_0068_JUNCTION_03', 'ECBAIT_0_0068_MEMBER_INTERIOR_01']
  HIT DRR337805: 1 baits >= 0.7 ['ECBAIT_HOST_CONTROL_02']
  HIT DRR337806: 1 baits >= 0.7 ['ECBAIT_HOST_CONTROL_02']
  HIT DRR345532: 1 baits >= 0.7 ['ECBAIT_0_0000_JUNCTION_02']
  HIT DRR351055: 1 baits >= 0.7 ['ECBAIT_HOST_CONTROL_01']
  HIT DRR345533: 1 baits >= 0.7 ['ECBAIT_0_0000_JUNCTION_02']
  HIT DRR351056: 1 baits >= 0.7 ['ECBAIT_HOST_CONTROL_01']
  HIT DRR351057: 1 baits >= 0.7 ['ECBAIT_HOST_CONTROL_01']
  HIT DRR351058: 1 baits >= 0.7 ['ECBAIT_HOST_CONTROL_01']
  HIT DRR351059: 1 baits >= 0.7 ['ECBAIT_HOST_CONTROL_01']
  HIT DRR351060: 1 baits >= 0.7 ['ECBAIT_HOST_CONTROL_01']
  HIT DRR351061: 1 baits >= 0.7 ['ECBAIT_HOST_CONTROL_01']
  HIT DRR351062: 1 baits >= 0.7 ['ECBAIT_HOST_CONTROL_01']
  HIT DRR351063: 1 baits >= 0.7 ['ECBAIT_HOST_CONTROL_01']
  HIT DRR351064: 1 baits >= 0.7 ['ECBAIT_HOST_CONTROL_01']
  HIT DRR351065: 1 baits >= 0.7 ['ECBAIT_HOST_CONTROL_01']
  HIT DRR351066: 1 baits >= 0.7 ['ECBAIT_HOST_CONTROL_01']
  HIT DRR351067: 1 baits >= 0.7 ['ECBAIT_HOST_CONTROL_01']
  HIT DRR351068: 1 baits >= 0.7 ['ECBAIT_HOST_CONTROL_01']
  HIT DRR351069: 1 baits >= 0.7 ['ECBAIT_HOST_CONTROL_01']
  HIT DRR351070: 1 baits >= 0.7 ['ECBAIT_HOST_CONTROL_01']
  HIT DRR351071: 1 baits >= 0.7 ['ECBAIT_HOST_CONTROL_01']
  HIT DRR351072: 1 baits >= 0.7 ['ECBAIT_HOST_CONTROL_01']
  HIT DRR351074: 1 baits >= 0.7 ['ECBAIT_HOST_CONTROL_01']
  HIT DRR351073: 1 baits >= 0.7 ['ECBAIT_HOST_CONTROL_01']
  HIT DRR351075: 1 baits >= 0.7 ['ECBAIT_HOST_CONTROL_01']
  HIT DRR351077: 1 baits >= 0.7 ['ECBAIT_HOST_CONTROL_01']
  HIT DRR351078: 1 baits >= 0.7 ['ECBAIT_HOST_CONTROL_01']
  HIT DRR351076: 1 baits >= 0.7 ['ECBAIT_HOST_CONTROL_01']
  HIT DRR351079: 1 baits >= 0.7 ['ECBAIT_HOST_CONTROL_01']
  HIT DRR351080: 1 baits >= 0.7 ['ECBAIT_HOST_CONTROL_01']
  HIT DRR351082: 1 baits >= 0.7 ['ECBAIT_HOST_CONTROL_01']
  HIT DRR351081: 1 baits >= 0.7 ['ECBAIT_HOST_CONTROL_01']
  HIT DRR351083: 1 baits >= 0.7 ['ECBAIT_HOST_CONTROL_01']
  HIT DRR351085: 1 baits >= 0.7 ['ECBAIT_HOST_CONTROL_01']
  HIT DRR351084: 1 baits >= 0.7 ['ECBAIT_HOST_CONTROL_01']
  HIT DRR351086: 1 baits >= 0.7 ['ECBAIT_HOST_CONTROL_01']
  HIT DRR351087: 1 baits >= 0.7 ['ECBAIT_HOST_CONTROL_01']
  HIT DRR351089: 1 baits >= 0.7 ['ECBAIT_HOST_CONTROL_01']
  HIT DRR351088: 1 baits >= 0.7 ['ECBAIT_HOST_CONTROL_01']
  HIT DRR351090: 1 baits >= 0.7 ['ECBAIT_HOST_CONTROL_01']
  HIT DRR351091: 1 baits >= 0.7 ['ECBAIT_HOST_CONTROL_01']
  HIT DRR351092: 1 baits >= 0.7 ['ECBAIT_HOST_CONTROL_01']
  600/12000 processed (585 screened, 518 hit-accessions) 191s budget=1.0GB
  HIT DRR351094: 1 baits >= 0.7 ['ECBAIT_HOST_CONTROL_01']
  HIT DRR351093: 1 baits >= 0.7 ['ECBAIT_HOST_CONTROL_01']
  HIT DRR351095: 1 baits >= 0.7 ['ECBAIT_HOST_CONTROL_01']
  HIT DRR351096: 1 baits >= 0.7 ['ECBAIT_HOST_CONTROL_01']
  HIT DRR351098: 1 baits >= 0.7 ['ECBAIT_HOST_CONTROL_01']
  HIT DRR351097: 1 baits >= 0.7 ['ECBAIT_HOST_CONTROL_01']
  HIT DRR351099: 1 baits >= 0.7 ['ECBAIT_HOST_CONTROL_01']
  HIT DRR351100: 1 baits >= 0.7 ['ECBAIT_HOST_CONTROL_01']
  HIT DRR351102: 1 baits >= 0.7 ['ECBAIT_HOST_CONTROL_01']
  HIT DRR351101: 1 baits >= 0.7 ['ECBAIT_HOST_CONTROL_01']
  HIT DRR351103: 1 baits >= 0.7 ['ECBAIT_HOST_CONTROL_01']
  HIT DRR351104: 1 baits >= 0.7 ['ECBAIT_HOST_CONTROL_01']
  HIT DRR395206: 1 baits >= 0.7 ['ECBAIT_0_0000_JUNCTION_02']
  HIT DRR395205: 5 baits >= 0.7 ['ECBAIT_10_0002_MEMBER_INTERIOR_01', 'ECBAIT_10_0044_MEMBER_INTERIOR_01', 'ECBAIT_10_0178_JUNCTION_02', 'ECBAIT_10_0178_MEMBER_INTERIOR_01']
  HIT DRR395207: 6 baits >= 0.7 ['ECBAIT_10_0044_INTERIOR_MODULE_01', 'ECBAIT_10_0044_MEMBER_INTERIOR_01', 'ECBAIT_10_0178_INTERIOR_MODULE_01', 'ECBAIT_10_0178_JUNCTION_02']
  HIT DRR395208: 7 baits >= 0.7 ['ECBAIT_10_0002_MEMBER_INTERIOR_01', 'ECBAIT_10_0044_INTERIOR_MODULE_01', 'ECBAIT_10_0044_MEMBER_INTERIOR_01', 'ECBAIT_10_0178_INTERIOR_MODULE_01']
  HIT DRR395210: 8 baits >= 0.7 ['ECBAIT_0_0014_MEMBER_INTERIOR_01', 'ECBAIT_10_0002_MEMBER_INTERIOR_01', 'ECBAIT_10_0044_INTERIOR_MODULE_01', 'ECBAIT_10_0044_MEMBER_INTERIOR_01']
  HIT DRR395211: 5 baits >= 0.7 ['ECBAIT_10_0002_MEMBER_INTERIOR_01', 'ECBAIT_10_0044_MEMBER_INTERIOR_01', 'ECBAIT_10_0178_JUNCTION_02', 'ECBAIT_10_0178_MEMBER_INTERIOR_01']
  HIT DRR395209: 7 baits >= 0.7 ['ECBAIT_10_0002_MEMBER_INTERIOR_01', 'ECBAIT_10_0044_INTERIOR_MODULE_01', 'ECBAIT_10_0044_MEMBER_INTERIOR_01', 'ECBAIT_10_0178_INTERIOR_MODULE_01']
  HIT DRR395212: 7 baits >= 0.7 ['ECBAIT_10_0002_MEMBER_INTERIOR_01', 'ECBAIT_10_0044_INTERIOR_MODULE_01', 'ECBAIT_10_0044_MEMBER_INTERIOR_01', 'ECBAIT_10_0178_INTERIOR_MODULE_01']
  HIT DRR395214: 1 baits >= 0.7 ['ECBAIT_0_0000_JUNCTION_02']
  HIT DRR395215: 2 baits >= 0.7 ['ECBAIT_0_0000_JUNCTION_02', 'ECBAIT_10_0044_MEMBER_INTERIOR_01']
  HIT DRR395213: 1 baits >= 0.7 ['ECBAIT_0_0000_JUNCTION_02']
  HIT DRR395216: 2 baits >= 0.7 ['ECBAIT_0_0000_JUNCTION_02', 'ECBAIT_10_0044_MEMBER_INTERIOR_01']
  HIT DRR395217: 7 baits >= 0.7 ['ECBAIT_10_0002_MEMBER_INTERIOR_01', 'ECBAIT_10_0044_INTERIOR_MODULE_01', 'ECBAIT_10_0044_MEMBER_INTERIOR_01', 'ECBAIT_10_0178_INTERIOR_MODULE_01']
  HIT DRR395218: 6 baits >= 0.7 ['ECBAIT_10_0002_MEMBER_INTERIOR_01', 'ECBAIT_10_0044_INTERIOR_MODULE_01', 'ECBAIT_10_0044_MEMBER_INTERIOR_01', 'ECBAIT_10_0178_INTERIOR_MODULE_01']
  HIT DRR395219: 7 baits >= 0.7 ['ECBAIT_10_0002_MEMBER_INTERIOR_01', 'ECBAIT_10_0044_INTERIOR_MODULE_01', 'ECBAIT_10_0044_MEMBER_INTERIOR_01', 'ECBAIT_10_0178_INTERIOR_MODULE_01']
  HIT DRR395220: 7 baits >= 0.7 ['ECBAIT_10_0002_MEMBER_INTERIOR_01', 'ECBAIT_10_0044_INTERIOR_MODULE_01', 'ECBAIT_10_0044_MEMBER_INTERIOR_01', 'ECBAIT_10_0178_INTERIOR_MODULE_01']
  HIT DRR395221: 6 baits >= 0.7 ['ECBAIT_10_0002_MEMBER_INTERIOR_01', 'ECBAIT_10_0044_INTERIOR_MODULE_01', 'ECBAIT_10_0044_MEMBER_INTERIOR_01', 'ECBAIT_10_0178_JUNCTION_02']
  HIT DRR395222: 7 baits >= 0.7 ['ECBAIT_10_0002_MEMBER_INTERIOR_01', 'ECBAIT_10_0044_INTERIOR_MODULE_01', 'ECBAIT_10_0044_MEMBER_INTERIOR_01', 'ECBAIT_10_0178_INTERIOR_MODULE_01']
  HIT DRR395223: 7 baits >= 0.7 ['ECBAIT_10_0002_MEMBER_INTERIOR_01', 'ECBAIT_10_0044_INTERIOR_MODULE_01', 'ECBAIT_10_0044_MEMBER_INTERIOR_01', 'ECBAIT_10_0178_INTERIOR_MODULE_01']
  HIT DRR395224: 2 baits >= 0.7 ['ECBAIT_0_0000_JUNCTION_02', 'ECBAIT_10_0044_INTERIOR_MODULE_01']
  HIT DRR395225: 7 baits >= 0.7 ['ECBAIT_10_0002_MEMBER_INTERIOR_01', 'ECBAIT_10_0044_INTERIOR_MODULE_01', 'ECBAIT_10_0044_MEMBER_INTERIOR_01', 'ECBAIT_10_0178_INTERIOR_MODULE_01']
  HIT DRR395226: 2 baits >= 0.7 ['ECBAIT_0_0000_JUNCTION_02', 'ECBAIT_10_0044_MEMBER_INTERIOR_01']
  HIT DRR395227: 1 baits >= 0.7 ['ECBAIT_0_0000_JUNCTION_02']
  HIT DRR395229: 7 baits >= 0.7 ['ECBAIT_10_0002_MEMBER_INTERIOR_01', 'ECBAIT_10_0044_INTERIOR_MODULE_01', 'ECBAIT_10_0044_MEMBER_INTERIOR_01', 'ECBAIT_10_0178_INTERIOR_MODULE_01']
  HIT DRR395228: 7 baits >= 0.7 ['ECBAIT_10_0002_MEMBER_INTERIOR_01', 'ECBAIT_10_0044_INTERIOR_MODULE_01', 'ECBAIT_10_0044_MEMBER_INTERIOR_01', 'ECBAIT_10_0178_INTERIOR_MODULE_01']
  HIT DRR395230: 7 baits >= 0.7 ['ECBAIT_10_0002_MEMBER_INTERIOR_01', 'ECBAIT_10_0044_INTERIOR_MODULE_01', 'ECBAIT_10_0044_MEMBER_INTERIOR_01', 'ECBAIT_10_0178_INTERIOR_MODULE_01']
  HIT DRR395231: 5 baits >= 0.7 ['ECBAIT_10_0002_MEMBER_INTERIOR_01', 'ECBAIT_10_0044_MEMBER_INTERIOR_01', 'ECBAIT_10_0178_INTERIOR_MODULE_01', 'ECBAIT_10_0178_JUNCTION_02']
  HIT DRR395232: 6 baits >= 0.7 ['ECBAIT_10_0002_MEMBER_INTERIOR_01', 'ECBAIT_10_0044_INTERIOR_MODULE_01', 'ECBAIT_10_0044_MEMBER_INTERIOR_01', 'ECBAIT_10_0178_INTERIOR_MODULE_01']
  HIT DRR395234: 6 baits >= 0.7 ['ECBAIT_10_0002_MEMBER_INTERIOR_01', 'ECBAIT_10_0044_INTERIOR_MODULE_01', 'ECBAIT_10_0044_MEMBER_INTERIOR_01', 'ECBAIT_10_0178_INTERIOR_MODULE_01']
  HIT DRR395233: 7 baits >= 0.7 ['ECBAIT_10_0002_MEMBER_INTERIOR_01', 'ECBAIT_10_0044_INTERIOR_MODULE_01', 'ECBAIT_10_0044_MEMBER_INTERIOR_01', 'ECBAIT_10_0178_INTERIOR_MODULE_01']
  HIT DRR395235: 5 baits >= 0.7 ['ECBAIT_10_0002_MEMBER_INTERIOR_01', 'ECBAIT_10_0044_INTERIOR_MODULE_01', 'ECBAIT_10_0044_MEMBER_INTERIOR_01', 'ECBAIT_10_0178_JUNCTION_02']
  HIT DRR395236: 7 baits >= 0.7 ['ECBAIT_10_0002_MEMBER_INTERIOR_01', 'ECBAIT_10_0044_INTERIOR_MODULE_01', 'ECBAIT_10_0044_MEMBER_INTERIOR_01', 'ECBAIT_10_0178_INTERIOR_MODULE_01']
  HIT DRR395237: 2 baits >= 0.7 ['ECBAIT_0_0000_JUNCTION_02', 'ECBAIT_10_0172_JUNCTION_02']
  HIT DRR395239: 6 baits >= 0.7 ['ECBAIT_10_0002_MEMBER_INTERIOR_01', 'ECBAIT_10_0044_INTERIOR_MODULE_01', 'ECBAIT_10_0044_MEMBER_INTERIOR_01', 'ECBAIT_10_0178_JUNCTION_02']
  HIT DRR395238: 7 baits >= 0.7 ['ECBAIT_10_0002_MEMBER_INTERIOR_01', 'ECBAIT_10_0044_INTERIOR_MODULE_01', 'ECBAIT_10_0044_MEMBER_INTERIOR_01', 'ECBAIT_10_0178_INTERIOR_MODULE_01']
  HIT DRR395240: 6 baits >= 0.7 ['ECBAIT_10_0002_MEMBER_INTERIOR_01', 'ECBAIT_10_0044_MEMBER_INTERIOR_01', 'ECBAIT_10_0178_INTERIOR_MODULE_01', 'ECBAIT_10_0178_JUNCTION_02']
  HIT DRR398639: 3 baits >= 0.7 ['ECBAIT_10_0002_MEMBER_INTERIOR_01', 'ECBAIT_10_0057_MEMBER_INTERIOR_01', 'ECBAIT_10_0172_MEMBER_INTERIOR_01']
  HIT DRR398638: 3 baits >= 0.7 ['ECBAIT_10_0002_MEMBER_INTERIOR_01', 'ECBAIT_10_0057_MEMBER_INTERIOR_01', 'ECBAIT_10_0172_MEMBER_INTERIOR_01']
  650/12000 processed (635 screened, 568 hit-accessions) 207s budget=1.0GB
  HIT DRR395241: 7 baits >= 0.7 ['ECBAIT_10_0002_MEMBER_INTERIOR_01', 'ECBAIT_10_0044_INTERIOR_MODULE_01', 'ECBAIT_10_0044_MEMBER_INTERIOR_01', 'ECBAIT_10_0178_INTERIOR_MODULE_01']
  HIT DRR398649: 1 baits >= 0.7 ['ECBAIT_10_0057_MEMBER_INTERIOR_01']
  HIT DRR398650: 1 baits >= 0.7 ['ECBAIT_10_0057_MEMBER_INTERIOR_01']
  HIT DRR398660: 1 baits >= 0.7 ['ECBAIT_10_0057_MEMBER_INTERIOR_01']
  HIT DRR398658: 3 baits >= 0.7 ['ECBAIT_10_0002_MEMBER_INTERIOR_01', 'ECBAIT_10_0057_MEMBER_INTERIOR_01', 'ECBAIT_10_0172_MEMBER_INTERIOR_01']
  HIT DRR398693: 2 baits >= 0.7 ['ECBAIT_10_0057_MEMBER_INTERIOR_01', 'ECBAIT_HOST_CONTROL_02']
  HIT DRR398696: 2 baits >= 0.7 ['ECBAIT_10_0002_MEMBER_INTERIOR_01', 'ECBAIT_10_0057_MEMBER_INTERIOR_01']
  HIT DRR415709: 2 baits >= 0.7 ['ECBAIT_10_0057_MEMBER_INTERIOR_01', 'ECBAIT_HOST_CONTROL_01']
  HIT DRR415710: 5 baits >= 0.7 ['ECBAIT_10_0002_JUNCTION_01', 'ECBAIT_10_0002_MEMBER_INTERIOR_01', 'ECBAIT_10_0057_MEMBER_INTERIOR_01', 'ECBAIT_10_0172_MEMBER_INTERIOR_01']
  HIT DRR415711: 2 baits >= 0.7 ['ECBAIT_10_0057_MEMBER_INTERIOR_01', 'ECBAIT_10_0172_MEMBER_INTERIOR_01']
  HIT DRR415712: 2 baits >= 0.7 ['ECBAIT_10_0172_MEMBER_INTERIOR_01', 'ECBAIT_1_0004_JUNCTION_01']
  HIT DRR415713: 2 baits >= 0.7 ['ECBAIT_1_0004_JUNCTION_02', 'ECBAIT_HOST_CONTROL_01']
  HIT DRR415714: 1 baits >= 0.7 ['ECBAIT_10_0057_MEMBER_INTERIOR_01']
  HIT DRR415715: 2 baits >= 0.7 ['ECBAIT_0_0000_JUNCTION_02', 'ECBAIT_10_0057_MEMBER_INTERIOR_01']
  HIT DRR415716: 4 baits >= 0.7 ['ECBAIT_0_0000_JUNCTION_02', 'ECBAIT_10_0002_MEMBER_INTERIOR_01', 'ECBAIT_10_0057_MEMBER_INTERIOR_01', 'ECBAIT_HOST_CONTROL_01']
  HIT DRR415717: 2 baits >= 0.7 ['ECBAIT_10_0057_MEMBER_INTERIOR_01', 'ECBAIT_HOST_CONTROL_01']
  HIT DRR415718: 3 baits >= 0.7 ['ECBAIT_0_0000_MEMBER_INTERIOR_01', 'ECBAIT_10_0057_MEMBER_INTERIOR_01', 'ECBAIT_HOST_CONTROL_01']
  HIT DRR415719: 2 baits >= 0.7 ['ECBAIT_10_0057_MEMBER_INTERIOR_01', 'ECBAIT_HOST_CONTROL_01']
  HIT DRR415720: 2 baits >= 0.7 ['ECBAIT_0_0000_MEMBER_INTERIOR_01', 'ECBAIT_HOST_CONTROL_01']
  HIT DRR415721: 2 baits >= 0.7 ['ECBAIT_10_0057_MEMBER_INTERIOR_01', 'ECBAIT_10_0172_MEMBER_INTERIOR_01']
  HIT DRR415722: 2 baits >= 0.7 ['ECBAIT_10_0057_MEMBER_INTERIOR_01', 'ECBAIT_10_0172_MEMBER_INTERIOR_01']
  HIT DRR415723: 1 baits >= 0.7 ['ECBAIT_10_0057_MEMBER_INTERIOR_01']
  HIT DRR415726: 2 baits >= 0.7 ['ECBAIT_0_0000_JUNCTION_02', 'ECBAIT_1_0004_JUNCTION_01']
  HIT DRR415725: 1 baits >= 0.7 ['ECBAIT_10_0057_MEMBER_INTERIOR_01']
  HIT DRR415727: 2 baits >= 0.7 ['ECBAIT_10_0057_MEMBER_INTERIOR_01', 'ECBAIT_10_0172_MEMBER_INTERIOR_01']
  HIT DRR415728: 2 baits >= 0.7 ['ECBAIT_10_0057_MEMBER_INTERIOR_01', 'ECBAIT_10_0172_MEMBER_INTERIOR_01']
  HIT DRR415729: 4 baits >= 0.7 ['ECBAIT_10_0002_JUNCTION_01', 'ECBAIT_10_0002_MEMBER_INTERIOR_01', 'ECBAIT_10_0057_MEMBER_INTERIOR_01', 'ECBAIT_10_0172_MEMBER_INTERIOR_01']
  HIT DRR415730: 4 baits >= 0.7 ['ECBAIT_10_0002_JUNCTION_01', 'ECBAIT_10_0002_MEMBER_INTERIOR_01', 'ECBAIT_10_0057_MEMBER_INTERIOR_01', 'ECBAIT_10_0172_MEMBER_INTERIOR_01']
  HIT DRR415731: 2 baits >= 0.7 ['ECBAIT_10_0057_MEMBER_INTERIOR_01', 'ECBAIT_10_0172_MEMBER_INTERIOR_01']
  HIT DRR415732: 1 baits >= 0.7 ['ECBAIT_10_0057_MEMBER_INTERIOR_01']
  HIT DRR415733: 4 baits >= 0.7 ['ECBAIT_10_0002_JUNCTION_01', 'ECBAIT_10_0002_MEMBER_INTERIOR_01', 'ECBAIT_10_0057_MEMBER_INTERIOR_01', 'ECBAIT_10_0172_MEMBER_INTERIOR_01']
  HIT DRR415734: 4 baits >= 0.7 ['ECBAIT_10_0002_JUNCTION_01', 'ECBAIT_10_0002_MEMBER_INTERIOR_01', 'ECBAIT_10_0057_MEMBER_INTERIOR_01', 'ECBAIT_10_0172_MEMBER_INTERIOR_01']
  HIT DRR415735: 4 baits >= 0.7 ['ECBAIT_10_0002_JUNCTION_01', 'ECBAIT_10_0002_MEMBER_INTERIOR_01', 'ECBAIT_10_0057_MEMBER_INTERIOR_01', 'ECBAIT_10_0172_MEMBER_INTERIOR_01']
  HIT DRR415736: 3 baits >= 0.7 ['ECBAIT_0_0000_JUNCTION_02', 'ECBAIT_10_0057_MEMBER_INTERIOR_01', 'ECBAIT_10_0172_MEMBER_INTERIOR_01']
  HIT DRR415737: 4 baits >= 0.7 ['ECBAIT_10_0002_JUNCTION_01', 'ECBAIT_10_0002_MEMBER_INTERIOR_01', 'ECBAIT_10_0057_MEMBER_INTERIOR_01', 'ECBAIT_10_0172_MEMBER_INTERIOR_01']
  HIT DRR415738: 4 baits >= 0.7 ['ECBAIT_10_0002_JUNCTION_01', 'ECBAIT_10_0002_MEMBER_INTERIOR_01', 'ECBAIT_10_0057_MEMBER_INTERIOR_01', 'ECBAIT_10_0172_MEMBER_INTERIOR_01']
  HIT DRR415739: 4 baits >= 0.7 ['ECBAIT_10_0002_JUNCTION_01', 'ECBAIT_10_0002_MEMBER_INTERIOR_01', 'ECBAIT_10_0057_MEMBER_INTERIOR_01', 'ECBAIT_10_0172_MEMBER_INTERIOR_01']
  HIT DRR415741: 3 baits >= 0.7 ['ECBAIT_10_0002_JUNCTION_01', 'ECBAIT_10_0002_MEMBER_INTERIOR_01', 'ECBAIT_10_0057_MEMBER_INTERIOR_01']
  HIT DRR415742: 2 baits >= 0.7 ['ECBAIT_0_0000_JUNCTION_02', 'ECBAIT_1_0004_JUNCTION_01']
  HIT DRR415743: 2 baits >= 0.7 ['ECBAIT_10_0172_MEMBER_INTERIOR_01', 'ECBAIT_HOST_CONTROL_02']
  HIT DRR415744: 3 baits >= 0.7 ['ECBAIT_0_0000_JUNCTION_02', 'ECBAIT_10_0057_MEMBER_INTERIOR_01', 'ECBAIT_10_0172_MEMBER_INTERIOR_01']
  HIT DRR415746: 2 baits >= 0.7 ['ECBAIT_0_0000_JUNCTION_02', 'ECBAIT_1_0004_JUNCTION_01']
  HIT DRR415747: 2 baits >= 0.7 ['ECBAIT_0_0000_JUNCTION_02', 'ECBAIT_1_0004_JUNCTION_01']
  HIT DRR415748: 1 baits >= 0.7 ['ECBAIT_10_0057_MEMBER_INTERIOR_01']
  HIT DRR415752: 3 baits >= 0.7 ['ECBAIT_10_0002_JUNCTION_01', 'ECBAIT_10_0002_MEMBER_INTERIOR_01', 'ECBAIT_10_0057_MEMBER_INTERIOR_01']
  HIT DRR415753: 1 baits >= 0.7 ['ECBAIT_10_0057_MEMBER_INTERIOR_01']
  HIT DRR415754: 1 baits >= 0.7 ['ECBAIT_10_0151_MEMBER_INTERIOR_01']
  700/12000 processed (685 screened, 615 hit-accessions) 223s budget=1.1GB
  HIT DRR415755: 4 baits >= 0.7 ['ECBAIT_10_0057_MEMBER_INTERIOR_01', 'ECBAIT_10_0172_MEMBER_INTERIOR_01', 'ECBAIT_1_0004_JUNCTION_02', 'ECBAIT_HOST_CONTROL_01']
  HIT DRR415756: 2 baits >= 0.7 ['ECBAIT_10_0057_MEMBER_INTERIOR_01', 'ECBAIT_10_0172_MEMBER_INTERIOR_01']
  HIT DRR415757: 2 baits >= 0.7 ['ECBAIT_10_0057_MEMBER_INTERIOR_01', 'ECBAIT_HOST_CONTROL_01']
  HIT DRR415760: 3 baits >= 0.7 ['ECBAIT_10_0002_JUNCTION_01', 'ECBAIT_10_0002_MEMBER_INTERIOR_01', 'ECBAIT_10_0057_MEMBER_INTERIOR_01']
  HIT DRR415761: 3 baits >= 0.7 ['ECBAIT_10_0002_MEMBER_INTERIOR_01', 'ECBAIT_10_0057_MEMBER_INTERIOR_01', 'ECBAIT_10_0172_MEMBER_INTERIOR_01']
  HIT DRR415762: 2 baits >= 0.7 ['ECBAIT_0_0046_MEMBER_INTERIOR_01', 'ECBAIT_1_0022_JUNCTION_03']
  HIT DRR415763: 2 baits >= 0.7 ['ECBAIT_10_0172_MEMBER_INTERIOR_01', 'ECBAIT_HOST_CONTROL_01']
  HIT DRR415764: 2 baits >= 0.7 ['ECBAIT_10_0057_MEMBER_INTERIOR_01', 'ECBAIT_HOST_CONTROL_01']
  HIT DRR415765: 3 baits >= 0.7 ['ECBAIT_10_0057_MEMBER_INTERIOR_01', 'ECBAIT_10_0172_MEMBER_INTERIOR_01', 'ECBAIT_HOST_CONTROL_01']
  HIT DRR415767: 1 baits >= 0.7 ['ECBAIT_10_0172_MEMBER_INTERIOR_01']
  HIT DRR424509: 2 baits >= 0.7 ['ECBAIT_10_0172_JUNCTION_03', 'ECBAIT_HOST_CONTROL_01']
  HIT DRR424510: 2 baits >= 0.7 ['ECBAIT_10_0002_MEMBER_INTERIOR_01', 'ECBAIT_HOST_CONTROL_01']
  HIT DRR424511: 1 baits >= 0.7 ['ECBAIT_HOST_CONTROL_01']
  HIT DRR424512: 2 baits >= 0.7 ['ECBAIT_0_0052_MEMBER_INTERIOR_01', 'ECBAIT_HOST_CONTROL_01']
  HIT DRR424513: 1 baits >= 0.7 ['ECBAIT_HOST_CONTROL_01']
  HIT DRR424514: 4 baits >= 0.7 ['ECBAIT_0_0052_MEMBER_INTERIOR_01', 'ECBAIT_10_0044_INTERIOR_MODULE_01', 'ECBAIT_10_0044_MEMBER_INTERIOR_01', 'ECBAIT_HOST_CONTROL_01']
  HIT DRR424515: 4 baits >= 0.7 ['ECBAIT_0_0052_MEMBER_INTERIOR_01', 'ECBAIT_10_0044_INTERIOR_MODULE_01', 'ECBAIT_10_0044_MEMBER_INTERIOR_01', 'ECBAIT_HOST_CONTROL_01']
  HIT DRR424516: 1 baits >= 0.7 ['ECBAIT_HOST_CONTROL_01']
  HIT DRR424517: 2 baits >= 0.7 ['ECBAIT_0_0046_MEMBER_INTERIOR_01', 'ECBAIT_HOST_CONTROL_01']
  HIT DRR424518: 1 baits >= 0.7 ['ECBAIT_HOST_CONTROL_01']
  HIT DRR518148: 2 baits >= 0.7 ['ECBAIT_10_0038_MEMBER_INTERIOR_01', 'ECBAIT_10_0057_MEMBER_INTERIOR_01']
  HIT DRR518149: 2 baits >= 0.7 ['ECBAIT_10_0038_MEMBER_INTERIOR_01', 'ECBAIT_10_0057_MEMBER_INTERIOR_01']
  HIT DRR518150: 2 baits >= 0.7 ['ECBAIT_10_0038_MEMBER_INTERIOR_01', 'ECBAIT_10_0057_MEMBER_INTERIOR_01']
  HIT DRR518151: 3 baits >= 0.7 ['ECBAIT_0_0052_JUNCTION_03', 'ECBAIT_10_0038_MEMBER_INTERIOR_01', 'ECBAIT_10_0057_MEMBER_INTERIOR_01']
  HIT DRR518152: 3 baits >= 0.7 ['ECBAIT_0_0052_JUNCTION_03', 'ECBAIT_10_0038_MEMBER_INTERIOR_01', 'ECBAIT_10_0057_MEMBER_INTERIOR_01']
  HIT DRR518153: 1 baits >= 0.7 ['ECBAIT_10_0038_MEMBER_INTERIOR_01']
  HIT DRR518155: 2 baits >= 0.7 ['ECBAIT_10_0057_MEMBER_INTERIOR_01', 'ECBAIT_10_0151_MEMBER_INTERIOR_01']
  HIT DRR518154: 2 baits >= 0.7 ['ECBAIT_10_0002_JUNCTION_03', 'ECBAIT_10_0057_MEMBER_INTERIOR_01']
  HIT DRR518156: 4 baits >= 0.7 ['ECBAIT_0_0000_JUNCTION_02', 'ECBAIT_10_0057_MEMBER_INTERIOR_01', 'ECBAIT_10_0151_JUNCTION_03', 'ECBAIT_10_0151_MEMBER_INTERIOR_01']
  HIT DRR518157: 2 baits >= 0.7 ['ECBAIT_10_0151_MEMBER_INTERIOR_01', 'ECBAIT_HOST_CONTROL_02']
  HIT DRR518158: 1 baits >= 0.7 ['ECBAIT_10_0057_MEMBER_INTERIOR_01']
  HIT DRR538017: 1 baits >= 0.7 ['ECBAIT_HOST_CONTROL_02']
  HIT DRR538097: 7 baits >= 0.7 ['ECBAIT_0_0000_JUNCTION_02', 'ECBAIT_0_0000_MEMBER_INTERIOR_01', 'ECBAIT_0_0014_JUNCTION_02', 'ECBAIT_0_0014_MEMBER_INTERIOR_01']
  HIT DRR538135: 1 baits >= 0.7 ['ECBAIT_HOST_CONTROL_02']
  HIT DRR538215: 5 baits >= 0.7 ['ECBAIT_0_0000_MEMBER_INTERIOR_01', 'ECBAIT_0_0014_JUNCTION_02', 'ECBAIT_0_0014_MEMBER_INTERIOR_01', 'ECBAIT_1_0004_JUNCTION_01']
  HIT DRR539909: 2 baits >= 0.7 ['ECBAIT_10_0057_MEMBER_INTERIOR_01', 'ECBAIT_HOST_CONTROL_01']
  HIT DRR539914: 2 baits >= 0.7 ['ECBAIT_10_0057_MEMBER_INTERIOR_01', 'ECBAIT_HOST_CONTROL_01']
  HIT DRR539913: 1 baits >= 0.7 ['ECBAIT_10_0057_MEMBER_INTERIOR_01']
  HIT DRR539915: 2 baits >= 0.7 ['ECBAIT_10_0057_MEMBER_INTERIOR_01', 'ECBAIT_HOST_CONTROL_01']
  HIT DRR539916: 1 baits >= 0.7 ['ECBAIT_10_0057_MEMBER_INTERIOR_01']
  HIT DRR539918: 1 baits >= 0.7 ['ECBAIT_HOST_CONTROL_01']
  HIT DRR539919: 1 baits >= 0.7 ['ECBAIT_HOST_CONTROL_01']
  750/12000 processed (734 screened, 657 hit-accessions) 239s budget=1.2GB
  HIT DRR539922: 1 baits >= 0.7 ['ECBAIT_10_0057_MEMBER_INTERIOR_01']
  HIT DRR539923: 2 baits >= 0.7 ['ECBAIT_10_0057_MEMBER_INTERIOR_01', 'ECBAIT_HOST_CONTROL_01']
  HIT DRR539925: 1 baits >= 0.7 ['ECBAIT_10_0057_MEMBER_INTERIOR_01']
  HIT DRR539926: 2 baits >= 0.7 ['ECBAIT_10_0057_MEMBER_INTERIOR_01', 'ECBAIT_HOST_CONTROL_01']
  HIT DRR539927: 5 baits >= 0.7 ['ECBAIT_0_0000_JUNCTION_02', 'ECBAIT_0_0000_MEMBER_INTERIOR_01', 'ECBAIT_0_0052_JUNCTION_03', 'ECBAIT_10_0057_MEMBER_INTERIOR_01']
  HIT DRR539928: 2 baits >= 0.7 ['ECBAIT_10_0057_MEMBER_INTERIOR_01', 'ECBAIT_HOST_CONTROL_01']
  HIT DRR539929: 1 baits >= 0.7 ['ECBAIT_0_0071_INTERIOR_MODULE_01']
  HIT DRR539930: 1 baits >= 0.7 ['ECBAIT_1_0004_JUNCTION_01']
  HIT DRR539931: 1 baits >= 0.7 ['ECBAIT_10_0057_MEMBER_INTERIOR_01']
  HIT DRR539932: 1 baits >= 0.7 ['ECBAIT_0_0071_INTERIOR_MODULE_01']
  HIT DRR539935: 1 baits >= 0.7 ['ECBAIT_0_0000_JUNCTION_02']
  HIT DRR539936: 1 baits >= 0.7 ['ECBAIT_0_0000_MEMBER_INTERIOR_01']
  HIT DRR539937: 1 baits >= 0.7 ['ECBAIT_10_0057_MEMBER_INTERIOR_01']
  HIT DRR539940: 1 baits >= 0.7 ['ECBAIT_HOST_CONTROL_01']
  HIT DRR539939: 2 baits >= 0.7 ['ECBAIT_10_0057_MEMBER_INTERIOR_01', 'ECBAIT_HOST_CONTROL_01']
  HIT DRR548028: 2 baits >= 0.7 ['ECBAIT_10_0002_MEMBER_INTERIOR_01', 'ECBAIT_10_0057_MEMBER_INTERIOR_01']
  HIT DRR548029: 4 baits >= 0.7 ['ECBAIT_10_0002_JUNCTION_01', 'ECBAIT_10_0002_JUNCTION_02', 'ECBAIT_10_0002_MEMBER_INTERIOR_01', 'ECBAIT_10_0057_MEMBER_INTERIOR_01']
  HIT DRR548031: 3 baits >= 0.7 ['ECBAIT_10_0002_MEMBER_INTERIOR_01', 'ECBAIT_10_0057_MEMBER_INTERIOR_01', 'ECBAIT_10_0172_MEMBER_INTERIOR_01']
  HIT DRR567440: 1 baits >= 0.7 ['ECBAIT_10_0057_MEMBER_INTERIOR_01']
  HIT DRR567441: 2 baits >= 0.7 ['ECBAIT_10_0038_MEMBER_INTERIOR_01', 'ECBAIT_10_0057_MEMBER_INTERIOR_01']
  HIT DRR567443: 1 baits >= 0.7 ['ECBAIT_10_0057_MEMBER_INTERIOR_01']
  HIT DRR567444: 1 baits >= 0.7 ['ECBAIT_10_0057_MEMBER_INTERIOR_01']
  HIT DRR618971: 1 baits >= 0.7 ['ECBAIT_10_0057_MEMBER_INTERIOR_01']
  HIT DRR618972: 1 baits >= 0.7 ['ECBAIT_10_0057_MEMBER_INTERIOR_01']
  HIT DRR618973: 1 baits >= 0.7 ['ECBAIT_10_0057_MEMBER_INTERIOR_01']
  HIT DRR619635: 1 baits >= 0.7 ['ECBAIT_10_0057_MEMBER_INTERIOR_01']
  HIT DRR668313: 1 baits >= 0.7 ['ECBAIT_10_0057_MEMBER_INTERIOR_01']
  HIT DRR668315: 4 baits >= 0.7 ['ECBAIT_0_0000_JUNCTION_01', 'ECBAIT_10_0002_MEMBER_INTERIOR_01', 'ECBAIT_10_0044_INTERIOR_MODULE_01', 'ECBAIT_10_0044_MEMBER_INTERIOR_01']
  HIT DRR668314: 1 baits >= 0.7 ['ECBAIT_10_0002_MEMBER_INTERIOR_01']
  HIT DRR668316: 2 baits >= 0.7 ['ECBAIT_10_0057_MEMBER_INTERIOR_01', 'ECBAIT_HOST_CONTROL_01']
  HIT DRR668317: 1 baits >= 0.7 ['ECBAIT_10_0044_MEMBER_INTERIOR_01']
  HIT DRR668319: 2 baits >= 0.7 ['ECBAIT_10_0002_MEMBER_INTERIOR_01', 'ECBAIT_1_0022_MEMBER_INTERIOR_01']
  HIT DRR668318: 7 baits >= 0.7 ['ECBAIT_0_0059_JUNCTION_01', 'ECBAIT_0_0059_JUNCTION_02', 'ECBAIT_0_0059_JUNCTION_03', 'ECBAIT_0_0059_MEMBER_INTERIOR_01']
  800/12000 processed (784 screened, 690 hit-accessions) 255s budget=1.3GB
  HIT DRR668321: 1 baits >= 0.7 ['ECBAIT_10_0057_MEMBER_INTERIOR_01']
  HIT DRR794460: 2 baits >= 0.7 ['ECBAIT_10_0044_MEMBER_INTERIOR_01', 'ECBAIT_10_0178_JUNCTION_02']
  HIT DRR794459: 2 baits >= 0.7 ['ECBAIT_10_0044_MEMBER_INTERIOR_01', 'ECBAIT_10_0178_JUNCTION_02']
  HIT DRR794463: 1 baits >= 0.7 ['ECBAIT_10_0057_MEMBER_INTERIOR_01']
  HIT DRR794464: 1 baits >= 0.7 ['ECBAIT_10_0057_MEMBER_INTERIOR_01']
  HIT DRR794465: 4 baits >= 0.7 ['ECBAIT_10_0172_JUNCTION_03', 'ECBAIT_10_0178_MEMBER_INTERIOR_01', 'ECBAIT_1_0004_JUNCTION_02', 'ECBAIT_HOST_CONTROL_01']
  HIT DRR794466: 3 baits >= 0.7 ['ECBAIT_10_0172_JUNCTION_03', 'ECBAIT_1_0004_JUNCTION_02', 'ECBAIT_HOST_CONTROL_01']
  HIT DRR794467: 1 baits >= 0.7 ['ECBAIT_1_0022_JUNCTION_03']
  HIT DRR794468: 1 baits >= 0.7 ['ECBAIT_1_0022_JUNCTION_03']
  HIT DRR794469: 3 baits >= 0.7 ['ECBAIT_10_0002_MEMBER_INTERIOR_01', 'ECBAIT_10_0057_MEMBER_INTERIOR_01', 'ECBAIT_10_0172_JUNCTION_03']
  HIT DRR794470: 2 baits >= 0.7 ['ECBAIT_10_0002_MEMBER_INTERIOR_01', 'ECBAIT_10_0057_MEMBER_INTERIOR_01']
  HIT DRR794473: 1 baits >= 0.7 ['ECBAIT_1_0004_JUNCTION_01']
  HIT DRR794474: 1 baits >= 0.7 ['ECBAIT_1_0004_JUNCTION_01']
  HIT DRR794475: 3 baits >= 0.7 ['ECBAIT_10_0002_MEMBER_INTERIOR_01', 'ECBAIT_10_0044_MEMBER_INTERIOR_01', 'ECBAIT_10_0172_MEMBER_INTERIOR_01']
  HIT DRR794476: 3 baits >= 0.7 ['ECBAIT_10_0002_MEMBER_INTERIOR_01', 'ECBAIT_10_0044_MEMBER_INTERIOR_01', 'ECBAIT_10_0172_MEMBER_INTERIOR_01']
  HIT DRR794477: 3 baits >= 0.7 ['ECBAIT_0_0046_MEMBER_INTERIOR_01', 'ECBAIT_10_0057_MEMBER_INTERIOR_01', 'ECBAIT_1_0022_JUNCTION_03']
  HIT DRR794478: 3 baits >= 0.7 ['ECBAIT_0_0046_MEMBER_INTERIOR_01', 'ECBAIT_10_0057_MEMBER_INTERIOR_01', 'ECBAIT_1_0022_JUNCTION_03']
  HIT DRR794480: 8 baits >= 0.7 ['ECBAIT_10_0002_MEMBER_INTERIOR_01', 'ECBAIT_10_0044_INTERIOR_MODULE_01', 'ECBAIT_10_0044_MEMBER_INTERIOR_01', 'ECBAIT_10_0172_JUNCTION_03']
  HIT DRR794479: 7 baits >= 0.7 ['ECBAIT_10_0044_INTERIOR_MODULE_01', 'ECBAIT_10_0044_MEMBER_INTERIOR_01', 'ECBAIT_10_0172_JUNCTION_03', 'ECBAIT_10_0178_JUNCTION_02']
  HIT DRR794481: 2 baits >= 0.7 ['ECBAIT_10_0002_MEMBER_INTERIOR_01', 'ECBAIT_HOST_CONTROL_01']
  HIT DRR794482: 2 baits >= 0.7 ['ECBAIT_10_0002_MEMBER_INTERIOR_01', 'ECBAIT_HOST_CONTROL_01']
  HIT DRR794483: 3 baits >= 0.7 ['ECBAIT_10_0172_MEMBER_INTERIOR_01', 'ECBAIT_1_0004_JUNCTION_02', 'ECBAIT_1_0026_JUNCTION_01']
  HIT DRR794484: 3 baits >= 0.7 ['ECBAIT_10_0172_MEMBER_INTERIOR_01', 'ECBAIT_1_0004_JUNCTION_02', 'ECBAIT_1_0026_JUNCTION_01']
  HIT DRR794485: 6 baits >= 0.7 ['ECBAIT_0_0046_JUNCTION_01', 'ECBAIT_0_0046_JUNCTION_02', 'ECBAIT_0_0046_MEMBER_INTERIOR_01', 'ECBAIT_10_0002_MEMBER_INTERIOR_01']
  HIT DRR794486: 6 baits >= 0.7 ['ECBAIT_0_0046_JUNCTION_01', 'ECBAIT_0_0046_JUNCTION_02', 'ECBAIT_0_0046_MEMBER_INTERIOR_01', 'ECBAIT_10_0002_MEMBER_INTERIOR_01']
  HIT DRR817610: 1 baits >= 0.7 ['ECBAIT_HOST_CONTROL_01']
  HIT DRR817611: 1 baits >= 0.7 ['ECBAIT_HOST_CONTROL_01']
  HIT ERR022075: 1 baits >= 0.7 ['ECBAIT_HOST_CONTROL_01']
  HIT ERR018562: 2 baits >= 0.7 ['ECBAIT_10_0002_MEMBER_INTERIOR_01', 'ECBAIT_10_0044_MEMBER_INTERIOR_01']
  HIT ERR10227733: 1 baits >= 0.7 ['ECBAIT_10_0057_MEMBER_INTERIOR_01']
  850/12000 processed (822 screened, 720 hit-accessions) 267s budget=1.3GB
  HIT ERR10311720: 1 baits >= 0.7 ['ECBAIT_HOST_CONTROL_01']
  HIT ERR10311755: 1 baits >= 0.7 ['ECBAIT_HOST_CONTROL_01']
  HIT ERR10311747: 1 baits >= 0.7 ['ECBAIT_HOST_CONTROL_01']
  HIT ERR10311741: 1 baits >= 0.7 ['ECBAIT_HOST_CONTROL_01']
  HIT ERR10311778: 1 baits >= 0.7 ['ECBAIT_HOST_CONTROL_01']
  HIT ERR10311820: 1 baits >= 0.7 ['ECBAIT_HOST_CONTROL_01']
  HIT ERR10311819: 1 baits >= 0.7 ['ECBAIT_HOST_CONTROL_01']
  HIT ERR10311843: 1 baits >= 0.7 ['ECBAIT_HOST_CONTROL_01']
  HIT ERR10311844: 1 baits >= 0.7 ['ECBAIT_HOST_CONTROL_01']
  HIT ERR10311901: 1 baits >= 0.7 ['ECBAIT_HOST_CONTROL_01']
  HIT ERR10311886: 1 baits >= 0.7 ['ECBAIT_HOST_CONTROL_01']
  HIT ERR10311854: 1 baits >= 0.7 ['ECBAIT_HOST_CONTROL_01']
  HIT ERR10311903: 1 baits >= 0.7 ['ECBAIT_HOST_CONTROL_01']
  HIT ERR10311936: 1 baits >= 0.7 ['ECBAIT_HOST_CONTROL_01']
  HIT ERR10311914: 1 baits >= 0.7 ['ECBAIT_HOST_CONTROL_01']
  HIT ERR10311926: 1 baits >= 0.7 ['ECBAIT_HOST_CONTROL_01']
  HIT ERR10311964: 1 baits >= 0.7 ['ECBAIT_HOST_CONTROL_01']
  HIT ERR10311940: 1 baits >= 0.7 ['ECBAIT_HOST_CONTROL_01']
  HIT ERR10312082: 1 baits >= 0.7 ['ECBAIT_HOST_CONTROL_01']
  HIT ERR10311945: 1 baits >= 0.7 ['ECBAIT_HOST_CONTROL_01']
  HIT ERR10627649: 2 baits >= 0.7 ['ECBAIT_10_0057_MEMBER_INTERIOR_01', 'ECBAIT_HOST_CONTROL_01']
  HIT ERR10627659: 3 baits >= 0.7 ['ECBAIT_0_0052_JUNCTION_03', 'ECBAIT_10_0057_MEMBER_INTERIOR_01', 'ECBAIT_1_0026_JUNCTION_01']
  HIT ERR10627660: 2 baits >= 0.7 ['ECBAIT_10_0172_MEMBER_INTERIOR_01', 'ECBAIT_HOST_CONTROL_01']
  HIT ERR10639961: 1 baits >= 0.7 ['ECBAIT_HOST_CONTROL_01']
  HIT ERR10639963: 1 baits >= 0.7 ['ECBAIT_HOST_CONTROL_01']
  HIT ERR10639964: 1 baits >= 0.7 ['ECBAIT_HOST_CONTROL_01']
  HIT ERR10639965: 2 baits >= 0.7 ['ECBAIT_10_0002_MEMBER_INTERIOR_01', 'ECBAIT_HOST_CONTROL_01']
  HIT ERR10639969: 3 baits >= 0.7 ['ECBAIT_0_0046_JUNCTION_02', 'ECBAIT_0_0046_MEMBER_INTERIOR_01', 'ECBAIT_HOST_CONTROL_01']
  HIT ERR10639971: 1 baits >= 0.7 ['ECBAIT_HOST_CONTROL_01']
  HIT ERR10639976: 1 baits >= 0.7 ['ECBAIT_HOST_CONTROL_01']
  HIT ERR10639977: 1 baits >= 0.7 ['ECBAIT_HOST_CONTROL_01']
  HIT ERR10639980: 4 baits >= 0.7 ['ECBAIT_0_0046_JUNCTION_02', 'ECBAIT_0_0046_MEMBER_INTERIOR_01', 'ECBAIT_10_0002_MEMBER_INTERIOR_01', 'ECBAIT_HOST_CONTROL_01']
  HIT ERR10639981: 5 baits >= 0.7 ['ECBAIT_0_0046_JUNCTION_02', 'ECBAIT_0_0046_MEMBER_INTERIOR_01', 'ECBAIT_10_0002_INTERIOR_MODULE_01', 'ECBAIT_10_0002_MEMBER_INTERIOR_01']
  HIT ERR10639984: 1 baits >= 0.7 ['ECBAIT_HOST_CONTROL_01']
  HIT ERR10639985: 1 baits >= 0.7 ['ECBAIT_HOST_CONTROL_01']
  HIT ERR10639988: 4 baits >= 0.7 ['ECBAIT_0_0046_JUNCTION_02', 'ECBAIT_0_0046_MEMBER_INTERIOR_01', 'ECBAIT_10_0002_MEMBER_INTERIOR_01', 'ECBAIT_HOST_CONTROL_01']
  900/12000 processed (872 screened, 756 hit-accessions) 283s budget=1.4GB
  HIT ERR10639989: 3 baits >= 0.7 ['ECBAIT_10_0002_MEMBER_INTERIOR_01', 'ECBAIT_10_0172_JUNCTION_03', 'ECBAIT_HOST_CONTROL_01']
  HIT ERR10639991: 3 baits >= 0.7 ['ECBAIT_0_0046_JUNCTION_02', 'ECBAIT_0_0046_MEMBER_INTERIOR_01', 'ECBAIT_HOST_CONTROL_01']
  HIT ERR10639992: 3 baits >= 0.7 ['ECBAIT_0_0046_JUNCTION_02', 'ECBAIT_0_0046_MEMBER_INTERIOR_01', 'ECBAIT_HOST_CONTROL_01']
  HIT ERR10639993: 1 baits >= 0.7 ['ECBAIT_HOST_CONTROL_01']
  HIT ERR10639994: 3 baits >= 0.7 ['ECBAIT_0_0046_JUNCTION_02', 'ECBAIT_0_0046_MEMBER_INTERIOR_01', 'ECBAIT_HOST_CONTROL_01']
  HIT ERR10639997: 2 baits >= 0.7 ['ECBAIT_10_0002_MEMBER_INTERIOR_01', 'ECBAIT_HOST_CONTROL_01']
  HIT ERR10640001: 1 baits >= 0.7 ['ECBAIT_HOST_CONTROL_01']
  HIT ERR10640002: 1 baits >= 0.7 ['ECBAIT_HOST_CONTROL_01']
  HIT ERR10640003: 1 baits >= 0.7 ['ECBAIT_HOST_CONTROL_01']
  HIT ERR10640005: 1 baits >= 0.7 ['ECBAIT_HOST_CONTROL_01']
  HIT ERR10640009: 3 baits >= 0.7 ['ECBAIT_0_0046_JUNCTION_02', 'ECBAIT_0_0046_MEMBER_INTERIOR_01', 'ECBAIT_HOST_CONTROL_01']
  HIT ERR10640010: 3 baits >= 0.7 ['ECBAIT_0_0046_JUNCTION_02', 'ECBAIT_0_0046_MEMBER_INTERIOR_01', 'ECBAIT_HOST_CONTROL_01']
  HIT ERR10640011: 3 baits >= 0.7 ['ECBAIT_0_0046_JUNCTION_02', 'ECBAIT_0_0046_MEMBER_INTERIOR_01', 'ECBAIT_HOST_CONTROL_01']
  HIT ERR10640013: 2 baits >= 0.7 ['ECBAIT_10_0002_MEMBER_INTERIOR_01', 'ECBAIT_HOST_CONTROL_01']
  HIT ERR10640016: 2 baits >= 0.7 ['ECBAIT_10_0002_MEMBER_INTERIOR_01', 'ECBAIT_HOST_CONTROL_01']
  HIT ERR10640015: 3 baits >= 0.7 ['ECBAIT_0_0046_JUNCTION_02', 'ECBAIT_0_0046_MEMBER_INTERIOR_01', 'ECBAIT_HOST_CONTROL_01']
  HIT ERR10640017: 1 baits >= 0.7 ['ECBAIT_HOST_CONTROL_01']
  HIT ERR10640020: 3 baits >= 0.7 ['ECBAIT_0_0046_JUNCTION_02', 'ECBAIT_0_0046_MEMBER_INTERIOR_01', 'ECBAIT_HOST_CONTROL_01']
  HIT ERR10640024: 3 baits >= 0.7 ['ECBAIT_10_0002_MEMBER_INTERIOR_01', 'ECBAIT_10_0172_JUNCTION_02', 'ECBAIT_HOST_CONTROL_01']
  HIT ERR10640025: 1 baits >= 0.7 ['ECBAIT_HOST_CONTROL_01']
  HIT ERR10640027: 4 baits >= 0.7 ['ECBAIT_0_0046_JUNCTION_02', 'ECBAIT_0_0046_MEMBER_INTERIOR_01', 'ECBAIT_10_0002_MEMBER_INTERIOR_01', 'ECBAIT_HOST_CONTROL_01']
  HIT ERR10640030: 1 baits >= 0.7 ['ECBAIT_HOST_CONTROL_01']
  HIT ERR10640031: 3 baits >= 0.7 ['ECBAIT_10_0002_MEMBER_INTERIOR_01', 'ECBAIT_10_0172_JUNCTION_02', 'ECBAIT_HOST_CONTROL_01']
  HIT ERR10640034: 1 baits >= 0.7 ['ECBAIT_HOST_CONTROL_01']
  HIT ERR10640032: 2 baits >= 0.7 ['ECBAIT_10_0172_JUNCTION_03', 'ECBAIT_HOST_CONTROL_01']
  HIT ERR10640035: 2 baits >= 0.7 ['ECBAIT_10_0002_MEMBER_INTERIOR_01', 'ECBAIT_HOST_CONTROL_01']
  HIT ERR10640036: 2 baits >= 0.7 ['ECBAIT_10_0002_MEMBER_INTERIOR_01', 'ECBAIT_HOST_CONTROL_01']
  HIT ERR10640037: 1 baits >= 0.7 ['ECBAIT_HOST_CONTROL_01']
  HIT ERR10640039: 2 baits >= 0.7 ['ECBAIT_10_0002_MEMBER_INTERIOR_01', 'ECBAIT_HOST_CONTROL_01']
  HIT ERR10640038: 3 baits >= 0.7 ['ECBAIT_0_0052_JUNCTION_03', 'ECBAIT_10_0002_MEMBER_INTERIOR_01', 'ECBAIT_HOST_CONTROL_01']
  HIT ERR10640041: 4 baits >= 0.7 ['ECBAIT_0_0046_JUNCTION_02', 'ECBAIT_0_0046_MEMBER_INTERIOR_01', 'ECBAIT_10_0002_MEMBER_INTERIOR_01', 'ECBAIT_HOST_CONTROL_01']
  HIT ERR10640043: 2 baits >= 0.7 ['ECBAIT_10_0172_JUNCTION_03', 'ECBAIT_HOST_CONTROL_01']
  HIT ERR10640047: 2 baits >= 0.7 ['ECBAIT_10_0002_MEMBER_INTERIOR_01', 'ECBAIT_HOST_CONTROL_01']
  HIT ERR10640045: 1 baits >= 0.7 ['ECBAIT_HOST_CONTROL_01']
  HIT ERR10640048: 4 baits >= 0.7 ['ECBAIT_0_0046_JUNCTION_02', 'ECBAIT_0_0046_MEMBER_INTERIOR_01', 'ECBAIT_10_0002_MEMBER_INTERIOR_01', 'ECBAIT_HOST_CONTROL_01']
  HIT ERR10640049: 3 baits >= 0.7 ['ECBAIT_0_0052_JUNCTION_03', 'ECBAIT_10_0002_MEMBER_INTERIOR_01', 'ECBAIT_HOST_CONTROL_01']
  HIT ERR10640052: 5 baits >= 0.7 ['ECBAIT_0_0046_JUNCTION_02', 'ECBAIT_0_0046_MEMBER_INTERIOR_01', 'ECBAIT_10_0002_INTERIOR_MODULE_01', 'ECBAIT_10_0002_MEMBER_INTERIOR_01']
  HIT ERR10640053: 2 baits >= 0.7 ['ECBAIT_10_0002_MEMBER_INTERIOR_01', 'ECBAIT_HOST_CONTROL_01']
  HIT ERR10640056: 3 baits >= 0.7 ['ECBAIT_0_0052_JUNCTION_03', 'ECBAIT_10_0002_MEMBER_INTERIOR_01', 'ECBAIT_HOST_CONTROL_01']
  HIT ERR10640058: 1 baits >= 0.7 ['ECBAIT_HOST_CONTROL_01']
  HIT ERR10640060: 2 baits >= 0.7 ['ECBAIT_10_0002_MEMBER_INTERIOR_01', 'ECBAIT_HOST_CONTROL_01']
  HIT ERR10640062: 1 baits >= 0.7 ['ECBAIT_HOST_CONTROL_01']
  HIT ERR10640064: 2 baits >= 0.7 ['ECBAIT_10_0002_MEMBER_INTERIOR_01', 'ECBAIT_HOST_CONTROL_01']
  HIT ERR10640066: 4 baits >= 0.7 ['ECBAIT_0_0052_JUNCTION_03', 'ECBAIT_10_0002_MEMBER_INTERIOR_01', 'ECBAIT_10_0057_MEMBER_INTERIOR_01', 'ECBAIT_HOST_CONTROL_01']
  HIT ERR10640065: 2 baits >= 0.7 ['ECBAIT_10_0002_MEMBER_INTERIOR_01', 'ECBAIT_HOST_CONTROL_01']
  HIT ERR10640067: 4 baits >= 0.7 ['ECBAIT_0_0046_JUNCTION_02', 'ECBAIT_0_0046_MEMBER_INTERIOR_01', 'ECBAIT_10_0002_MEMBER_INTERIOR_01', 'ECBAIT_HOST_CONTROL_01']
  HIT ERR10640068: 2 baits >= 0.7 ['ECBAIT_10_0002_MEMBER_INTERIOR_01', 'ECBAIT_HOST_CONTROL_01']
  HIT ERR10711851: 7 baits >= 0.7 ['ECBAIT_0_0046_MEMBER_INTERIOR_01', 'ECBAIT_10_0002_MEMBER_INTERIOR_01', 'ECBAIT_10_0044_INTERIOR_MODULE_01', 'ECBAIT_10_0044_MEMBER_INTERIOR_01']
  HIT ERR10711852: 3 baits >= 0.7 ['ECBAIT_10_0002_MEMBER_INTERIOR_01', 'ECBAIT_10_0044_MEMBER_INTERIOR_01', 'ECBAIT_10_0057_MEMBER_INTERIOR_01']
  HIT ERR10711855: 3 baits >= 0.7 ['ECBAIT_10_0002_MEMBER_INTERIOR_01', 'ECBAIT_1_0004_JUNCTION_02', 'ECBAIT_HOST_CONTROL_01']
  950/12000 processed (922 screened, 806 hit-accessions) 299s budget=1.5GB
  HIT ERR10711862: 3 baits >= 0.7 ['ECBAIT_10_0002_MEMBER_INTERIOR_01', 'ECBAIT_10_0044_MEMBER_INTERIOR_01', 'ECBAIT_1_0004_JUNCTION_02']
  HIT ERR10711874: 2 baits >= 0.7 ['ECBAIT_10_0002_MEMBER_INTERIOR_01', 'ECBAIT_10_0044_MEMBER_INTERIOR_01']
  HIT ERR10711876: 2 baits >= 0.7 ['ECBAIT_10_0057_MEMBER_INTERIOR_01', 'ECBAIT_1_0004_JUNCTION_02']
  HIT ERR10711899: 1 baits >= 0.7 ['ECBAIT_HOST_CONTROL_01']
  HIT ERR10711901: 5 baits >= 0.7 ['ECBAIT_10_0002_MEMBER_INTERIOR_01', 'ECBAIT_10_0044_INTERIOR_MODULE_01', 'ECBAIT_10_0044_MEMBER_INTERIOR_01', 'ECBAIT_10_0178_JUNCTION_03']
  HIT ERR10711925: 7 baits >= 0.7 ['ECBAIT_0_0000_JUNCTION_02', 'ECBAIT_0_0046_JUNCTION_01', 'ECBAIT_0_0046_MEMBER_INTERIOR_01', 'ECBAIT_10_0002_MEMBER_INTERIOR_01']
  HIT ERR10711927: 3 baits >= 0.7 ['ECBAIT_10_0002_MEMBER_INTERIOR_01', 'ECBAIT_10_0044_MEMBER_INTERIOR_01', 'ECBAIT_1_0004_JUNCTION_02']
  HIT ERR10711944: 2 baits >= 0.7 ['ECBAIT_10_0044_MEMBER_INTERIOR_01', 'ECBAIT_10_0178_JUNCTION_02']
  HIT ERR10711933: 1 baits >= 0.7 ['ECBAIT_10_0057_MEMBER_INTERIOR_01']
  HIT ERR10711945: 2 baits >= 0.7 ['ECBAIT_10_0002_MEMBER_INTERIOR_01', 'ECBAIT_HOST_CONTROL_01']
  HIT ERR10711948: 2 baits >= 0.7 ['ECBAIT_10_0002_MEMBER_INTERIOR_01', 'ECBAIT_HOST_CONTROL_01']
  HIT ERR10712012: 1 baits >= 0.7 ['ECBAIT_0_0000_JUNCTION_02']
  HIT ERR10712028: 10 baits >= 0.7 ['ECBAIT_0_0046_MEMBER_INTERIOR_01', 'ECBAIT_0_0052_JUNCTION_03', 'ECBAIT_10_0002_MEMBER_INTERIOR_01', 'ECBAIT_10_0044_INTERIOR_MODULE_01']
  HIT ERR10712000: 2 baits >= 0.7 ['ECBAIT_10_0002_MEMBER_INTERIOR_01', 'ECBAIT_10_0044_MEMBER_INTERIOR_01']
  HIT ERR10712029: 2 baits >= 0.7 ['ECBAIT_0_0000_JUNCTION_01', 'ECBAIT_10_0002_MEMBER_INTERIOR_01']
  HIT ERR10712043: 6 baits >= 0.7 ['ECBAIT_10_0002_MEMBER_INTERIOR_01', 'ECBAIT_10_0044_INTERIOR_MODULE_01', 'ECBAIT_10_0044_MEMBER_INTERIOR_01', 'ECBAIT_10_0178_JUNCTION_02']
  HIT ERR10712031: 7 baits >= 0.7 ['ECBAIT_10_0002_MEMBER_INTERIOR_01', 'ECBAIT_10_0044_INTERIOR_MODULE_01', 'ECBAIT_10_0044_MEMBER_INTERIOR_01', 'ECBAIT_10_0178_JUNCTION_02']
  HIT ERR10712046: 5 baits >= 0.7 ['ECBAIT_10_0002_MEMBER_INTERIOR_01', 'ECBAIT_10_0044_INTERIOR_MODULE_01', 'ECBAIT_10_0044_MEMBER_INTERIOR_01', 'ECBAIT_10_0178_JUNCTION_02']
  HIT ERR10712056: 4 baits >= 0.7 ['ECBAIT_10_0002_MEMBER_INTERIOR_01', 'ECBAIT_10_0178_JUNCTION_02', 'ECBAIT_10_0178_MEMBER_INTERIOR_01', 'ECBAIT_1_0004_JUNCTION_01']
  HIT ERR10712072: 4 baits >= 0.7 ['ECBAIT_0_0046_MEMBER_INTERIOR_01', 'ECBAIT_10_0002_MEMBER_INTERIOR_01', 'ECBAIT_1_0022_JUNCTION_03', 'ECBAIT_HOST_CONTROL_01']
  HIT ERR10712058: 5 baits >= 0.7 ['ECBAIT_0_0046_MEMBER_INTERIOR_01', 'ECBAIT_10_0002_MEMBER_INTERIOR_01', 'ECBAIT_10_0044_MEMBER_INTERIOR_01', 'ECBAIT_10_0178_JUNCTION_03']
  HIT ERR10712094: 1 baits >= 0.7 ['ECBAIT_0_0000_JUNCTION_02']
  HIT ERR10712115: 2 baits >= 0.7 ['ECBAIT_10_0002_MEMBER_INTERIOR_01', 'ECBAIT_HOST_CONTROL_01']
  HIT ERR10712110: 3 baits >= 0.7 ['ECBAIT_0_0000_JUNCTION_01', 'ECBAIT_10_0002_MEMBER_INTERIOR_01', 'ECBAIT_10_0044_MEMBER_INTERIOR_01']
  HIT ERR10712116: 3 baits >= 0.7 ['ECBAIT_10_0002_MEMBER_INTERIOR_01', 'ECBAIT_10_0044_INTERIOR_MODULE_01', 'ECBAIT_10_0044_MEMBER_INTERIOR_01']
  HIT ERR10712128: 4 baits >= 0.7 ['ECBAIT_10_0044_INTERIOR_MODULE_01', 'ECBAIT_10_0044_MEMBER_INTERIOR_01', 'ECBAIT_10_0172_JUNCTION_03', 'ECBAIT_HOST_CONTROL_01']
  HIT ERR10712158: 4 baits >= 0.7 ['ECBAIT_10_0002_MEMBER_INTERIOR_01', 'ECBAIT_10_0178_JUNCTION_02', 'ECBAIT_10_0178_MEMBER_INTERIOR_01', 'ECBAIT_1_0004_JUNCTION_01']
  HIT ERR10712163: 1 baits >= 0.7 ['ECBAIT_10_0002_MEMBER_INTERIOR_01']
  HIT ERR10712167: 4 baits >= 0.7 ['ECBAIT_10_0002_MEMBER_INTERIOR_01', 'ECBAIT_10_0172_MEMBER_INTERIOR_01', 'ECBAIT_1_0004_JUNCTION_02', 'ECBAIT_HOST_CONTROL_01']
  HIT ERR10712192: 3 baits >= 0.7 ['ECBAIT_10_0002_MEMBER_INTERIOR_01', 'ECBAIT_10_0044_MEMBER_INTERIOR_01', 'ECBAIT_1_0004_JUNCTION_02']
  HIT ERR10712190: 1 baits >= 0.7 ['ECBAIT_10_0002_MEMBER_INTERIOR_01']
  HIT ERR10712193: 1 baits >= 0.7 ['ECBAIT_HOST_CONTROL_01']
  HIT ERR10712273: 7 baits >= 0.7 ['ECBAIT_10_0002_MEMBER_INTERIOR_01', 'ECBAIT_10_0044_INTERIOR_MODULE_01', 'ECBAIT_10_0044_MEMBER_INTERIOR_01', 'ECBAIT_10_0172_JUNCTION_03']
  HIT ERR10712246: 1 baits >= 0.7 ['ECBAIT_10_0178_JUNCTION_02']
  HIT ERR10712206: 2 baits >= 0.7 ['ECBAIT_10_0057_MEMBER_INTERIOR_01', 'ECBAIT_1_0004_JUNCTION_02']
  HIT ERR10712282: 1 baits >= 0.7 ['ECBAIT_10_0002_MEMBER_INTERIOR_01']
  HIT ERR10712299: 4 baits >= 0.7 ['ECBAIT_10_0002_MEMBER_INTERIOR_01', 'ECBAIT_10_0178_JUNCTION_02', 'ECBAIT_10_0178_MEMBER_INTERIOR_01', 'ECBAIT_1_0004_JUNCTION_01']
  HIT ERR10712284: 9 baits >= 0.7 ['ECBAIT_0_0046_MEMBER_INTERIOR_01', 'ECBAIT_10_0002_MEMBER_INTERIOR_01', 'ECBAIT_10_0044_INTERIOR_MODULE_01', 'ECBAIT_10_0044_MEMBER_INTERIOR_01']
  HIT ERR10712300: 3 baits >= 0.7 ['ECBAIT_10_0002_MEMBER_INTERIOR_01', 'ECBAIT_10_0044_MEMBER_INTERIOR_01', 'ECBAIT_1_0004_JUNCTION_02']
  HIT ERR10712313: 7 baits >= 0.7 ['ECBAIT_10_0002_MEMBER_INTERIOR_01', 'ECBAIT_10_0044_INTERIOR_MODULE_01', 'ECBAIT_10_0044_MEMBER_INTERIOR_01', 'ECBAIT_10_0178_INTERIOR_MODULE_01']
  HIT ERR10712319: 2 baits >= 0.7 ['ECBAIT_0_0046_MEMBER_INTERIOR_01', 'ECBAIT_1_0022_JUNCTION_03']
  HIT ERR10712325: 1 baits >= 0.7 ['ECBAIT_10_0002_MEMBER_INTERIOR_01']
  HIT ERR10712334: 1 baits >= 0.7 ['ECBAIT_10_0002_MEMBER_INTERIOR_01']
  HIT ERR10712354: 4 baits >= 0.7 ['ECBAIT_0_0000_JUNCTION_02', 'ECBAIT_10_0044_INTERIOR_MODULE_01', 'ECBAIT_10_0172_MEMBER_INTERIOR_01', 'ECBAIT_POSCON_LAMBDA_01']
  1000/12000 processed (972 screened, 850 hit-accessions) 316s budget=1.6GB
  HIT ERR10712373: 7 baits >= 0.7 ['ECBAIT_10_0002_MEMBER_INTERIOR_01', 'ECBAIT_10_0044_INTERIOR_MODULE_01', 'ECBAIT_10_0044_MEMBER_INTERIOR_01', 'ECBAIT_10_0178_INTERIOR_MODULE_01']
  HIT ERR10712376: 2 baits >= 0.7 ['ECBAIT_10_0178_JUNCTION_02', 'ECBAIT_1_0004_JUNCTION_01']
  HIT ERR10712375: 1 baits >= 0.7 ['ECBAIT_10_0002_MEMBER_INTERIOR_01']
  HIT ERR10712389: 3 baits >= 0.7 ['ECBAIT_10_0002_MEMBER_INTERIOR_01', 'ECBAIT_10_0044_MEMBER_INTERIOR_01', 'ECBAIT_HOST_CONTROL_01']
  HIT ERR10712404: 2 baits >= 0.7 ['ECBAIT_10_0002_MEMBER_INTERIOR_01', 'ECBAIT_HOST_CONTROL_01']
  HIT ERR10712411: 2 baits >= 0.7 ['ECBAIT_1_0022_JUNCTION_03', 'ECBAIT_HOST_CONTROL_01']
  HIT ERR1079206: 3 baits >= 0.7 ['ECBAIT_0_0046_MEMBER_INTERIOR_01', 'ECBAIT_10_0057_MEMBER_INTERIOR_01', 'ECBAIT_1_0022_JUNCTION_03']
  HIT ERR1079208: 1 baits >= 0.7 ['ECBAIT_10_0002_MEMBER_INTERIOR_01']
  HIT ERR1079207: 1 baits >= 0.7 ['ECBAIT_10_0057_MEMBER_INTERIOR_01']
  HIT ERR1079210: 2 baits >= 0.7 ['ECBAIT_10_0002_MEMBER_INTERIOR_01', 'ECBAIT_10_0057_MEMBER_INTERIOR_01']
  HIT ERR1079211: 1 baits >= 0.7 ['ECBAIT_10_0057_MEMBER_INTERIOR_01']
  HIT ERR1079212: 1 baits >= 0.7 ['ECBAIT_10_0057_MEMBER_INTERIOR_01']
  HIT ERR1079213: 5 baits >= 0.7 ['ECBAIT_0_0000_JUNCTION_02', 'ECBAIT_0_0046_MEMBER_INTERIOR_01', 'ECBAIT_10_0002_MEMBER_INTERIOR_01', 'ECBAIT_10_0057_MEMBER_INTERIOR_01']
  HIT ERR1079214: 1 baits >= 0.7 ['ECBAIT_10_0057_MEMBER_INTERIOR_01']
  HIT ERR1079217: 1 baits >= 0.7 ['ECBAIT_10_0057_MEMBER_INTERIOR_01']
  HIT ERR1079215: 1 baits >= 0.7 ['ECBAIT_10_0057_MEMBER_INTERIOR_01']
  HIT ERR1079216: 5 baits >= 0.7 ['ECBAIT_0_0000_JUNCTION_02', 'ECBAIT_0_0046_MEMBER_INTERIOR_01', 'ECBAIT_10_0002_MEMBER_INTERIOR_01', 'ECBAIT_10_0057_MEMBER_INTERIOR_01']
  HIT ERR1079218: 5 baits >= 0.7 ['ECBAIT_0_0000_JUNCTION_02', 'ECBAIT_0_0046_MEMBER_INTERIOR_01', 'ECBAIT_10_0002_MEMBER_INTERIOR_01', 'ECBAIT_10_0057_MEMBER_INTERIOR_01']
  HIT ERR1079219: 5 baits >= 0.7 ['ECBAIT_0_0000_JUNCTION_02', 'ECBAIT_0_0046_MEMBER_INTERIOR_01', 'ECBAIT_10_0002_MEMBER_INTERIOR_01', 'ECBAIT_10_0057_MEMBER_INTERIOR_01']
  HIT ERR10862843: 3 baits >= 0.7 ['ECBAIT_10_0002_JUNCTION_01', 'ECBAIT_10_0002_MEMBER_INTERIOR_01', 'ECBAIT_10_0057_MEMBER_INTERIOR_01']
  HIT ERR10862846: 7 baits >= 0.7 ['ECBAIT_0_0000_INTERIOR_MODULE_01', 'ECBAIT_0_0000_JUNCTION_02', 'ECBAIT_0_0000_MEMBER_INTERIOR_01', 'ECBAIT_10_0002_JUNCTION_01']
  HIT ERR10862852: 3 baits >= 0.7 ['ECBAIT_0_0000_JUNCTION_02', 'ECBAIT_0_0000_MEMBER_INTERIOR_01', 'ECBAIT_10_0057_MEMBER_INTERIOR_01']
  HIT ERR10862855: 6 baits >= 0.7 ['ECBAIT_0_0054_MEMBER_INTERIOR_01', 'ECBAIT_10_0002_MEMBER_INTERIOR_01', 'ECBAIT_10_0057_MEMBER_INTERIOR_01', 'ECBAIT_10_0172_MEMBER_INTERIOR_01']
  HIT ERR10862849: 1 baits >= 0.7 ['ECBAIT_10_0057_MEMBER_INTERIOR_01']
  HIT ERR10862868: 2 baits >= 0.7 ['ECBAIT_10_0057_MEMBER_INTERIOR_01', 'ECBAIT_HOST_CONTROL_01']
  HIT ERR10862909: 5 baits >= 0.7 ['ECBAIT_0_0000_INTERIOR_MODULE_01', 'ECBAIT_0_0000_JUNCTION_02', 'ECBAIT_0_0000_MEMBER_INTERIOR_01', 'ECBAIT_10_0057_MEMBER_INTERIOR_01']
  HIT ERR10862922: 1 baits >= 0.7 ['ECBAIT_HOST_CONTROL_02']
  HIT ERR10862928: 2 baits >= 0.7 ['ECBAIT_10_0002_MEMBER_INTERIOR_01', 'ECBAIT_10_0057_MEMBER_INTERIOR_01']
  HIT ERR10862979: 2 baits >= 0.7 ['ECBAIT_0_0014_JUNCTION_01', 'ECBAIT_10_0038_MEMBER_INTERIOR_01']
  HIT ERR10862982: 1 baits >= 0.7 ['ECBAIT_10_0057_MEMBER_INTERIOR_01']
  HIT ERR10862981: 2 baits >= 0.7 ['ECBAIT_10_0172_MEMBER_INTERIOR_01', 'ECBAIT_HOST_CONTROL_01']
  HIT ERR10862985: 2 baits >= 0.7 ['ECBAIT_10_0057_MEMBER_INTERIOR_01', 'ECBAIT_HOST_CONTROL_01']
  HIT ERR10913166: 1 baits >= 0.7 ['ECBAIT_10_0057_MEMBER_INTERIOR_01']
  HIT ERR10913176: 1 baits >= 0.7 ['ECBAIT_10_0057_MEMBER_INTERIOR_01']
  HIT ERR10913174: 4 baits >= 0.7 ['ECBAIT_10_0057_MEMBER_INTERIOR_01', 'ECBAIT_1_0004_INTERIOR_MODULE_01', 'ECBAIT_1_0004_JUNCTION_01', 'ECBAIT_1_0022_JUNCTION_03']
  HIT ERR10913179: 1 baits >= 0.7 ['ECBAIT_HOST_CONTROL_01']
  HIT ERR10913181: 1 baits >= 0.7 ['ECBAIT_0_0014_JUNCTION_01']
  HIT ERR10913190: 1 baits >= 0.7 ['ECBAIT_HOST_CONTROL_01']
  HIT ERR10921087: 2 baits >= 0.7 ['ECBAIT_10_0057_MEMBER_INTERIOR_01', 'ECBAIT_HOST_CONTROL_01']
  1050/12000 processed (1022 screened, 889 hit-accessions) 332s budget=1.7GB
  HIT ERR10921092: 1 baits >= 0.7 ['ECBAIT_HOST_CONTROL_01']
  HIT ERR10921096: 1 baits >= 0.7 ['ECBAIT_HOST_CONTROL_01']
  HIT ERR10921093: 2 baits >= 0.7 ['ECBAIT_10_0002_JUNCTION_01', 'ECBAIT_10_0002_JUNCTION_02']
  HIT ERR10921111: 1 baits >= 0.7 ['ECBAIT_HOST_CONTROL_01']
  HIT ERR10921107: 1 baits >= 0.7 ['ECBAIT_10_0057_MEMBER_INTERIOR_01']
  HIT ERR10921116: 4 baits >= 0.7 ['ECBAIT_0_0046_JUNCTION_02', 'ECBAIT_0_0046_MEMBER_INTERIOR_01', 'ECBAIT_1_0022_JUNCTION_02', 'ECBAIT_1_0022_JUNCTION_03']
  HIT ERR10921119: 4 baits >= 0.7 ['ECBAIT_0_0046_JUNCTION_02', 'ECBAIT_0_0046_MEMBER_INTERIOR_01', 'ECBAIT_1_0022_JUNCTION_02', 'ECBAIT_1_0022_JUNCTION_03']
  HIT ERR10921121: 4 baits >= 0.7 ['ECBAIT_0_0046_JUNCTION_02', 'ECBAIT_0_0046_MEMBER_INTERIOR_01', 'ECBAIT_1_0022_JUNCTION_02', 'ECBAIT_1_0022_JUNCTION_03']
  HIT ERR10921125: 1 baits >= 0.7 ['ECBAIT_0_0000_JUNCTION_02']
  HIT ERR10921124: 2 baits >= 0.7 ['ECBAIT_0_0000_MEMBER_INTERIOR_01', 'ECBAIT_HOST_CONTROL_01']
  HIT ERR10921131: 4 baits >= 0.7 ['ECBAIT_0_0046_JUNCTION_02', 'ECBAIT_0_0046_MEMBER_INTERIOR_01', 'ECBAIT_1_0022_JUNCTION_02', 'ECBAIT_1_0022_JUNCTION_03']
  HIT ERR10921133: 1 baits >= 0.7 ['ECBAIT_10_0057_MEMBER_INTERIOR_01']
  HIT ERR10921148: 4 baits >= 0.7 ['ECBAIT_0_0046_JUNCTION_02', 'ECBAIT_0_0046_MEMBER_INTERIOR_01', 'ECBAIT_1_0022_JUNCTION_02', 'ECBAIT_1_0022_JUNCTION_03']
  HIT ERR10921156: 4 baits >= 0.7 ['ECBAIT_0_0046_JUNCTION_02', 'ECBAIT_0_0046_MEMBER_INTERIOR_01', 'ECBAIT_1_0022_JUNCTION_02', 'ECBAIT_1_0022_JUNCTION_03']
  HIT ERR10921151: 4 baits >= 0.7 ['ECBAIT_0_0046_JUNCTION_02', 'ECBAIT_0_0046_MEMBER_INTERIOR_01', 'ECBAIT_1_0022_JUNCTION_02', 'ECBAIT_1_0022_JUNCTION_03']
  HIT ERR10921159: 1 baits >= 0.7 ['ECBAIT_HOST_CONTROL_01']
  HIT ERR10921163: 1 baits >= 0.7 ['ECBAIT_10_0057_MEMBER_INTERIOR_01']
  HIT ERR10934130: 4 baits >= 0.7 ['ECBAIT_0_0000_INTERIOR_MODULE_01', 'ECBAIT_0_0000_JUNCTION_02', 'ECBAIT_0_0000_MEMBER_INTERIOR_01', 'ECBAIT_HOST_CONTROL_02']
  HIT ERR10992766: 2 baits >= 0.7 ['ECBAIT_10_0002_MEMBER_INTERIOR_01', 'ECBAIT_10_0057_MEMBER_INTERIOR_01']
  HIT ERR10992767: 4 baits >= 0.7 ['ECBAIT_0_0000_JUNCTION_02', 'ECBAIT_0_0000_MEMBER_INTERIOR_01', 'ECBAIT_10_0057_MEMBER_INTERIOR_01', 'ECBAIT_HOST_CONTROL_02']
  HIT ERR10992768: 2 baits >= 0.7 ['ECBAIT_10_0057_MEMBER_INTERIOR_01', 'ECBAIT_HOST_CONTROL_02']
  HIT ERR10992769: 3 baits >= 0.7 ['ECBAIT_10_0002_JUNCTION_01', 'ECBAIT_10_0002_JUNCTION_02', 'ECBAIT_10_0057_MEMBER_INTERIOR_01']
  HIT ERR10992770: 5 baits >= 0.7 ['ECBAIT_0_0054_MEMBER_INTERIOR_01', 'ECBAIT_10_0002_MEMBER_INTERIOR_01', 'ECBAIT_10_0057_MEMBER_INTERIOR_01', 'ECBAIT_10_0172_MEMBER_INTERIOR_01']
  HIT ERR10992772: 2 baits >= 0.7 ['ECBAIT_10_0057_MEMBER_INTERIOR_01', 'ECBAIT_HOST_CONTROL_02']
  HIT ERR10992773: 3 baits >= 0.7 ['ECBAIT_0_0000_JUNCTION_02', 'ECBAIT_10_0057_MEMBER_INTERIOR_01', 'ECBAIT_10_0151_JUNCTION_03']
  HIT ERR10992774: 2 baits >= 0.7 ['ECBAIT_10_0057_MEMBER_INTERIOR_01', 'ECBAIT_HOST_CONTROL_02']
  HIT ERR10992775: 4 baits >= 0.7 ['ECBAIT_0_0000_JUNCTION_02', 'ECBAIT_0_0000_MEMBER_INTERIOR_01', 'ECBAIT_10_0057_MEMBER_INTERIOR_01', 'ECBAIT_HOST_CONTROL_02']
  HIT ERR10992776: 1 baits >= 0.7 ['ECBAIT_HOST_CONTROL_02']
  HIT ERR10992777: 4 baits >= 0.7 ['ECBAIT_0_0000_JUNCTION_02', 'ECBAIT_0_0000_MEMBER_INTERIOR_01', 'ECBAIT_10_0057_MEMBER_INTERIOR_01', 'ECBAIT_HOST_CONTROL_02']
  HIT ERR10992778: 6 baits >= 0.7 ['ECBAIT_0_0000_JUNCTION_02', 'ECBAIT_0_0000_MEMBER_INTERIOR_01', 'ECBAIT_0_0014_JUNCTION_02', 'ECBAIT_0_0014_MEMBER_INTERIOR_01']
  HIT ERR10992779: 1 baits >= 0.7 ['ECBAIT_HOST_CONTROL_02']
  HIT ERR10992780: 1 baits >= 0.7 ['ECBAIT_HOST_CONTROL_02']
  HIT ERR10992782: 5 baits >= 0.7 ['ECBAIT_0_0000_MEMBER_INTERIOR_01', 'ECBAIT_0_0014_MEMBER_INTERIOR_01', 'ECBAIT_10_0002_JUNCTION_01', 'ECBAIT_10_0057_MEMBER_INTERIOR_01']
  HIT ERR10992783: 1 baits >= 0.7 ['ECBAIT_10_0057_MEMBER_INTERIOR_01']
  HIT ERR10992784: 2 baits >= 0.7 ['ECBAIT_10_0057_MEMBER_INTERIOR_01', 'ECBAIT_HOST_CONTROL_02']
  HIT ERR10992786: 6 baits >= 0.7 ['ECBAIT_0_0000_MEMBER_INTERIOR_01', 'ECBAIT_10_0002_MEMBER_INTERIOR_01', 'ECBAIT_10_0057_MEMBER_INTERIOR_01', 'ECBAIT_10_0151_JUNCTION_03']
  1100/12000 processed (1072 screened, 925 hit-accessions) 349s budget=1.8GB
  HIT ERR10992787: 1 baits >= 0.7 ['ECBAIT_10_0057_MEMBER_INTERIOR_01']
  HIT ERR10992788: 3 baits >= 0.7 ['ECBAIT_0_0000_JUNCTION_02', 'ECBAIT_0_0000_MEMBER_INTERIOR_01', 'ECBAIT_HOST_CONTROL_02']
  HIT ERR10992789: 4 baits >= 0.7 ['ECBAIT_10_0057_MEMBER_INTERIOR_01', 'ECBAIT_10_0151_JUNCTION_03', 'ECBAIT_10_0172_MEMBER_INTERIOR_01', 'ECBAIT_1_0004_JUNCTION_02']
  HIT ERR10992790: 2 baits >= 0.7 ['ECBAIT_0_0052_JUNCTION_03', 'ECBAIT_10_0057_MEMBER_INTERIOR_01']
  HIT ERR10992791: 4 baits >= 0.7 ['ECBAIT_0_0000_JUNCTION_02', 'ECBAIT_0_0000_MEMBER_INTERIOR_01', 'ECBAIT_10_0057_MEMBER_INTERIOR_01', 'ECBAIT_HOST_CONTROL_02']
  HIT ERR10992793: 3 baits >= 0.7 ['ECBAIT_10_0002_JUNCTION_03', 'ECBAIT_10_0057_MEMBER_INTERIOR_01', 'ECBAIT_1_0004_JUNCTION_02']
  HIT ERR10992794: 3 baits >= 0.7 ['ECBAIT_0_0000_JUNCTION_02', 'ECBAIT_0_0000_MEMBER_INTERIOR_01', 'ECBAIT_10_0057_MEMBER_INTERIOR_01']
  HIT ERR10992795: 2 baits >= 0.7 ['ECBAIT_10_0057_MEMBER_INTERIOR_01', 'ECBAIT_10_0151_JUNCTION_03']
  HIT ERR10992796: 3 baits >= 0.7 ['ECBAIT_10_0002_JUNCTION_02', 'ECBAIT_10_0057_MEMBER_INTERIOR_01', 'ECBAIT_10_0151_JUNCTION_03']
  HIT ERR10992797: 3 baits >= 0.7 ['ECBAIT_0_0046_JUNCTION_02', 'ECBAIT_10_0057_MEMBER_INTERIOR_01', 'ECBAIT_HOST_CONTROL_02']
  HIT ERR10992798: 2 baits >= 0.7 ['ECBAIT_10_0057_MEMBER_INTERIOR_01', 'ECBAIT_HOST_CONTROL_01']
  HIT ERR10992799: 4 baits >= 0.7 ['ECBAIT_0_0000_JUNCTION_02', 'ECBAIT_0_0000_MEMBER_INTERIOR_01', 'ECBAIT_10_0057_MEMBER_INTERIOR_01', 'ECBAIT_HOST_CONTROL_02']
  HIT ERR10992800: 6 baits >= 0.7 ['ECBAIT_0_0000_JUNCTION_02', 'ECBAIT_0_0000_MEMBER_INTERIOR_01', 'ECBAIT_10_0002_JUNCTION_01', 'ECBAIT_10_0002_JUNCTION_02']
  HIT ERR10992801: 1 baits >= 0.7 ['ECBAIT_10_0057_MEMBER_INTERIOR_01']
  HIT ERR10992802: 2 baits >= 0.7 ['ECBAIT_10_0002_JUNCTION_03', 'ECBAIT_1_0004_JUNCTION_02']
  HIT ERR10992803: 5 baits >= 0.7 ['ECBAIT_0_0000_INTERIOR_MODULE_01', 'ECBAIT_0_0000_JUNCTION_02', 'ECBAIT_0_0000_MEMBER_INTERIOR_01', 'ECBAIT_10_0057_MEMBER_INTERIOR_01']
  HIT ERR10992804: 6 baits >= 0.7 ['ECBAIT_0_0000_INTERIOR_MODULE_01', 'ECBAIT_0_0000_JUNCTION_02', 'ECBAIT_0_0000_MEMBER_INTERIOR_01', 'ECBAIT_0_0052_JUNCTION_03']
  HIT ERR10992805: 1 baits >= 0.7 ['ECBAIT_10_0151_MEMBER_INTERIOR_01']
  HIT ERR10992806: 4 baits >= 0.7 ['ECBAIT_0_0000_INTERIOR_MODULE_01', 'ECBAIT_0_0000_JUNCTION_02', 'ECBAIT_0_0000_MEMBER_INTERIOR_01', 'ECBAIT_HOST_CONTROL_02']
  HIT ERR10992808: 2 baits >= 0.7 ['ECBAIT_10_0002_MEMBER_INTERIOR_01', 'ECBAIT_10_0057_MEMBER_INTERIOR_01']
  HIT ERR10992807: 8 baits >= 0.7 ['ECBAIT_0_0000_JUNCTION_02', 'ECBAIT_0_0000_MEMBER_INTERIOR_01', 'ECBAIT_0_0014_JUNCTION_02', 'ECBAIT_0_0014_MEMBER_INTERIOR_01']
  HIT ERR10992809: 1 baits >= 0.7 ['ECBAIT_10_0057_MEMBER_INTERIOR_01']
  HIT ERR10992810: 1 baits >= 0.7 ['ECBAIT_10_0057_MEMBER_INTERIOR_01']
  HIT ERR10992811: 2 baits >= 0.7 ['ECBAIT_10_0002_MEMBER_INTERIOR_01', 'ECBAIT_1_0004_JUNCTION_01']
  HIT ERR10992812: 2 baits >= 0.7 ['ECBAIT_10_0002_MEMBER_INTERIOR_01', 'ECBAIT_10_0057_MEMBER_INTERIOR_01']
  HIT ERR10992813: 7 baits >= 0.7 ['ECBAIT_0_0000_INTERIOR_MODULE_01', 'ECBAIT_0_0000_JUNCTION_02', 'ECBAIT_0_0000_MEMBER_INTERIOR_01', 'ECBAIT_10_0002_JUNCTION_01']
  HIT ERR10992815: 2 baits >= 0.7 ['ECBAIT_10_0057_MEMBER_INTERIOR_01', 'ECBAIT_HOST_CONTROL_02']
  HIT ERR10992814: 3 baits >= 0.7 ['ECBAIT_0_0000_JUNCTION_02', 'ECBAIT_0_0000_MEMBER_INTERIOR_01', 'ECBAIT_HOST_CONTROL_02']
  HIT ERR10992817: 2 baits >= 0.7 ['ECBAIT_10_0172_MEMBER_INTERIOR_01', 'ECBAIT_HOST_CONTROL_01']
  HIT ERR10992818: 1 baits >= 0.7 ['ECBAIT_10_0057_MEMBER_INTERIOR_01']
  HIT ERR10992819: 7 baits >= 0.7 ['ECBAIT_0_0000_JUNCTION_02', 'ECBAIT_0_0000_MEMBER_INTERIOR_01', 'ECBAIT_0_0014_JUNCTION_02', 'ECBAIT_0_0014_MEMBER_INTERIOR_01']
  HIT ERR10992820: 2 baits >= 0.7 ['ECBAIT_10_0172_MEMBER_INTERIOR_01', 'ECBAIT_1_0004_JUNCTION_01']
  HIT ERR10992821: 8 baits >= 0.7 ['ECBAIT_0_0000_INTERIOR_MODULE_01', 'ECBAIT_0_0000_JUNCTION_02', 'ECBAIT_0_0000_MEMBER_INTERIOR_01', 'ECBAIT_0_0046_JUNCTION_02']
  HIT ERR10992822: 1 baits >= 0.7 ['ECBAIT_10_0057_MEMBER_INTERIOR_01']
  HIT ERR10992823: 1 baits >= 0.7 ['ECBAIT_HOST_CONTROL_01']
  HIT ERR11181261: 1 baits >= 0.7 ['ECBAIT_10_0057_MEMBER_INTERIOR_01']
  HIT ERR11181262: 1 baits >= 0.7 ['ECBAIT_10_0057_MEMBER_INTERIOR_01']
  HIT ERR11181263: 1 baits >= 0.7 ['ECBAIT_10_0057_MEMBER_INTERIOR_01']
  HIT ERR11181264: 1 baits >= 0.7 ['ECBAIT_10_0057_MEMBER_INTERIOR_01']
  HIT ERR11181265: 1 baits >= 0.7 ['ECBAIT_10_0057_MEMBER_INTERIOR_01']
  1150/12000 processed (1122 screened, 965 hit-accessions) 364s budget=1.8GB
  HIT ERR11181594: 1 baits >= 0.7 ['ECBAIT_10_0057_MEMBER_INTERIOR_01']
  HIT ERR11181595: 1 baits >= 0.7 ['ECBAIT_10_0057_MEMBER_INTERIOR_01']
  HIT ERR11181596: 1 baits >= 0.7 ['ECBAIT_10_0057_MEMBER_INTERIOR_01']
  HIT ERR11766840: 1 baits >= 0.7 ['ECBAIT_HOST_CONTROL_01']
  HIT ERR11181597: 1 baits >= 0.7 ['ECBAIT_10_0057_MEMBER_INTERIOR_01']
  HIT ERR11200797: 2 baits >= 0.7 ['ECBAIT_10_0057_MEMBER_INTERIOR_01', 'ECBAIT_10_0172_MEMBER_INTERIOR_01']
  HIT ERR11766841: 1 baits >= 0.7 ['ECBAIT_HOST_CONTROL_01']
  HIT ERR11766867: 1 baits >= 0.7 ['ECBAIT_HOST_CONTROL_01']
  HIT ERR11766859: 1 baits >= 0.7 ['ECBAIT_HOST_CONTROL_01']
  HIT ERR11766889: 1 baits >= 0.7 ['ECBAIT_HOST_CONTROL_01']
  HIT ERR11766896: 1 baits >= 0.7 ['ECBAIT_HOST_CONTROL_01']
  HIT ERR11766929: 1 baits >= 0.7 ['ECBAIT_HOST_CONTROL_01']
  HIT ERR11766928: 1 baits >= 0.7 ['ECBAIT_HOST_CONTROL_01']
  HIT ERR11766933: 1 baits >= 0.7 ['ECBAIT_HOST_CONTROL_01']
  HIT ERR11766939: 1 baits >= 0.7 ['ECBAIT_HOST_CONTROL_01']
  HIT ERR11766993: 1 baits >= 0.7 ['ECBAIT_HOST_CONTROL_01']
  HIT ERR11766986: 1 baits >= 0.7 ['ECBAIT_HOST_CONTROL_01']
  HIT ERR11766957: 1 baits >= 0.7 ['ECBAIT_HOST_CONTROL_01']
  HIT ERR11766994: 1 baits >= 0.7 ['ECBAIT_HOST_CONTROL_01']
  HIT ERR11766995: 1 baits >= 0.7 ['ECBAIT_HOST_CONTROL_01']
  HIT ERR11767047: 1 baits >= 0.7 ['ECBAIT_HOST_CONTROL_01']
  HIT ERR11766996: 1 baits >= 0.7 ['ECBAIT_HOST_CONTROL_01']
  HIT ERR11767062: 1 baits >= 0.7 ['ECBAIT_HOST_CONTROL_01']
  HIT ERR11767108: 1 baits >= 0.7 ['ECBAIT_HOST_CONTROL_01']
  HIT ERR11767118: 1 baits >= 0.7 ['ECBAIT_HOST_CONTROL_01']
  HIT ERR11767095: 1 baits >= 0.7 ['ECBAIT_HOST_CONTROL_01']
  HIT ERR11767119: 1 baits >= 0.7 ['ECBAIT_HOST_CONTROL_01']
  HIT ERR11767120: 1 baits >= 0.7 ['ECBAIT_HOST_CONTROL_01']
  HIT ERR11767132: 1 baits >= 0.7 ['ECBAIT_HOST_CONTROL_01']
  HIT ERR11767137: 1 baits >= 0.7 ['ECBAIT_HOST_CONTROL_01']
  HIT ERR11767138: 1 baits >= 0.7 ['ECBAIT_HOST_CONTROL_01']
  HIT ERR11767179: 1 baits >= 0.7 ['ECBAIT_HOST_CONTROL_01']
  HIT ERR11767180: 1 baits >= 0.7 ['ECBAIT_HOST_CONTROL_01']
  HIT ERR11767195: 1 baits >= 0.7 ['ECBAIT_HOST_CONTROL_01']
  HIT ERR11767219: 1 baits >= 0.7 ['ECBAIT_HOST_CONTROL_01']
  HIT ERR11767248: 1 baits >= 0.7 ['ECBAIT_HOST_CONTROL_01']
  HIT ERR11767247: 1 baits >= 0.7 ['ECBAIT_HOST_CONTROL_01']
  HIT ERR11767276: 1 baits >= 0.7 ['ECBAIT_HOST_CONTROL_01']
  HIT ERR11767278: 1 baits >= 0.7 ['ECBAIT_HOST_CONTROL_01']
  HIT ERR11767290: 1 baits >= 0.7 ['ECBAIT_HOST_CONTROL_01']
  HIT ERR11767312: 1 baits >= 0.7 ['ECBAIT_HOST_CONTROL_01']
  HIT ERR11767292: 1 baits >= 0.7 ['ECBAIT_HOST_CONTROL_01']
  HIT ERR11767316: 1 baits >= 0.7 ['ECBAIT_HOST_CONTROL_01']
  HIT ERR11767322: 1 baits >= 0.7 ['ECBAIT_HOST_CONTROL_01']
  HIT ERR11812193: 5 baits >= 0.7 ['ECBAIT_0_0046_JUNCTION_02', 'ECBAIT_0_0046_MEMBER_INTERIOR_01', 'ECBAIT_10_0057_MEMBER_INTERIOR_01', 'ECBAIT_1_0022_JUNCTION_03']
  HIT ERR11767331: 1 baits >= 0.7 ['ECBAIT_HOST_CONTROL_01']
  HIT ERR11812296: 1 baits >= 0.7 ['ECBAIT_HOST_CONTROL_01']
  HIT ERR11812516: 2 baits >= 0.7 ['ECBAIT_10_0172_MEMBER_INTERIOR_01', 'ECBAIT_HOST_CONTROL_02']
  1200/12000 processed (1172 screened, 1013 hit-accessions) 381s budget=1.9GB
  HIT ERR11812672: 4 baits >= 0.7 ['ECBAIT_0_0000_MEMBER_INTERIOR_01', 'ECBAIT_10_0057_MEMBER_INTERIOR_01', 'ECBAIT_1_0004_INTERIOR_MODULE_01', 'ECBAIT_1_0004_JUNCTION_01']
  HIT ERR11812991: 4 baits >= 0.7 ['ECBAIT_0_0000_JUNCTION_02', 'ECBAIT_0_0000_MEMBER_INTERIOR_01', 'ECBAIT_10_0057_MEMBER_INTERIOR_01', 'ECBAIT_HOST_CONTROL_02']
  HIT ERR11813069: 5 baits >= 0.7 ['ECBAIT_0_0000_MEMBER_INTERIOR_01', 'ECBAIT_0_0054_MEMBER_INTERIOR_01', 'ECBAIT_10_0057_MEMBER_INTERIOR_01', 'ECBAIT_1_0004_MEMBER_INTERIOR_01']
  HIT ERR11813206: 1 baits >= 0.7 ['ECBAIT_HOST_CONTROL_01']
  HIT ERR11813555: 2 baits >= 0.7 ['ECBAIT_10_0057_MEMBER_INTERIOR_01', 'ECBAIT_HOST_CONTROL_01']
  HIT ERR11818510: 3 baits >= 0.7 ['ECBAIT_10_0002_JUNCTION_01', 'ECBAIT_10_0002_JUNCTION_02', 'ECBAIT_10_0057_MEMBER_INTERIOR_01']
  HIT ERR11818511: 3 baits >= 0.7 ['ECBAIT_10_0002_JUNCTION_01', 'ECBAIT_10_0002_JUNCTION_02', 'ECBAIT_10_0057_MEMBER_INTERIOR_01']
  HIT ERR11840976: 2 baits >= 0.7 ['ECBAIT_10_0057_MEMBER_INTERIOR_01', 'ECBAIT_HOST_CONTROL_02']
  HIT ERR11841144: 6 baits >= 0.7 ['ECBAIT_0_0000_INTERIOR_MODULE_01', 'ECBAIT_0_0000_JUNCTION_02', 'ECBAIT_0_0000_MEMBER_INTERIOR_01', 'ECBAIT_0_0054_MEMBER_INTERIOR_01']
  HIT ERR11841701: 1 baits >= 0.7 ['ECBAIT_10_0057_MEMBER_INTERIOR_01']
  HIT ERR11968321: 1 baits >= 0.7 ['ECBAIT_HOST_CONTROL_01']
  HIT ERR11968322: 3 baits >= 0.7 ['ECBAIT_0_0000_JUNCTION_02', 'ECBAIT_10_0057_MEMBER_INTERIOR_01', 'ECBAIT_HOST_CONTROL_01']
  HIT ERR11968320: 4 baits >= 0.7 ['ECBAIT_10_0002_MEMBER_INTERIOR_01', 'ECBAIT_10_0057_MEMBER_INTERIOR_01', 'ECBAIT_10_0151_MEMBER_INTERIOR_01', 'ECBAIT_10_0172_MEMBER_INTERIOR_01']
  HIT ERR11968323: 2 baits >= 0.7 ['ECBAIT_10_0057_MEMBER_INTERIOR_01', 'ECBAIT_HOST_CONTROL_01']
  HIT ERR11968469: 2 baits >= 0.7 ['ECBAIT_10_0172_MEMBER_INTERIOR_01', 'ECBAIT_HOST_CONTROL_01']
  HIT ERR11968470: 2 baits >= 0.7 ['ECBAIT_10_0172_MEMBER_INTERIOR_01', 'ECBAIT_HOST_CONTROL_01']
  HIT ERR11968471: 2 baits >= 0.7 ['ECBAIT_10_0172_MEMBER_INTERIOR_01', 'ECBAIT_HOST_CONTROL_01']
  HIT ERR11968472: 2 baits >= 0.7 ['ECBAIT_10_0172_MEMBER_INTERIOR_01', 'ECBAIT_HOST_CONTROL_01']
  HIT ERR11968473: 2 baits >= 0.7 ['ECBAIT_10_0172_MEMBER_INTERIOR_01', 'ECBAIT_HOST_CONTROL_01']
  HIT ERR11968474: 2 baits >= 0.7 ['ECBAIT_10_0172_MEMBER_INTERIOR_01', 'ECBAIT_HOST_CONTROL_01']
  HIT ERR11968475: 2 baits >= 0.7 ['ECBAIT_10_0172_MEMBER_INTERIOR_01', 'ECBAIT_HOST_CONTROL_01']
  HIT ERR11968476: 2 baits >= 0.7 ['ECBAIT_10_0172_MEMBER_INTERIOR_01', 'ECBAIT_HOST_CONTROL_01']
  HIT ERR11968477: 2 baits >= 0.7 ['ECBAIT_10_0172_MEMBER_INTERIOR_01', 'ECBAIT_HOST_CONTROL_01']
  HIT ERR11968478: 2 baits >= 0.7 ['ECBAIT_10_0172_MEMBER_INTERIOR_01', 'ECBAIT_HOST_CONTROL_01']
  HIT ERR11968479: 2 baits >= 0.7 ['ECBAIT_10_0172_MEMBER_INTERIOR_01', 'ECBAIT_HOST_CONTROL_01']
  HIT ERR11968480: 2 baits >= 0.7 ['ECBAIT_10_0172_MEMBER_INTERIOR_01', 'ECBAIT_HOST_CONTROL_01']
  HIT ERR11968481: 2 baits >= 0.7 ['ECBAIT_10_0172_MEMBER_INTERIOR_01', 'ECBAIT_HOST_CONTROL_01']
  HIT ERR11968483: 1 baits >= 0.7 ['ECBAIT_10_0172_MEMBER_INTERIOR_01']
  HIT ERR11968482: 3 baits >= 0.7 ['ECBAIT_10_0057_MEMBER_INTERIOR_01', 'ECBAIT_10_0172_MEMBER_INTERIOR_01', 'ECBAIT_HOST_CONTROL_01']
  HIT ERR11968484: 1 baits >= 0.7 ['ECBAIT_10_0057_MEMBER_INTERIOR_01']
  HIT ERR11968485: 1 baits >= 0.7 ['ECBAIT_10_0172_MEMBER_INTERIOR_01']
  HIT ERR11968486: 2 baits >= 0.7 ['ECBAIT_10_0057_MEMBER_INTERIOR_01', 'ECBAIT_10_0172_MEMBER_INTERIOR_01']
  HIT ERR12019240: 2 baits >= 0.7 ['ECBAIT_10_0057_MEMBER_INTERIOR_01', 'ECBAIT_HOST_CONTROL_02']
  HIT ERR12019239: 4 baits >= 0.7 ['ECBAIT_0_0091_JUNCTION_03', 'ECBAIT_0_0091_MEMBER_INTERIOR_01', 'ECBAIT_10_0057_MEMBER_INTERIOR_01', 'ECBAIT_HOST_CONTROL_01']
  HIT ERR12019241: 3 baits >= 0.7 ['ECBAIT_10_0057_MEMBER_INTERIOR_01', 'ECBAIT_10_0172_MEMBER_INTERIOR_01', 'ECBAIT_HOST_CONTROL_01']
  HIT ERR12019242: 1 baits >= 0.7 ['ECBAIT_10_0057_MEMBER_INTERIOR_01']
  HIT ERR12019243: 2 baits >= 0.7 ['ECBAIT_10_0057_MEMBER_INTERIOR_01', 'ECBAIT_HOST_CONTROL_02']
  HIT ERR12019244: 1 baits >= 0.7 ['ECBAIT_10_0057_MEMBER_INTERIOR_01']
  HIT ERR12019245: 1 baits >= 0.7 ['ECBAIT_HOST_CONTROL_01']
  HIT ERR12019246: 2 baits >= 0.7 ['ECBAIT_10_0057_MEMBER_INTERIOR_01', 'ECBAIT_HOST_CONTROL_01']
  HIT ERR12019247: 4 baits >= 0.7 ['ECBAIT_0_0091_JUNCTION_03', 'ECBAIT_0_0091_MEMBER_INTERIOR_01', 'ECBAIT_10_0057_MEMBER_INTERIOR_01', 'ECBAIT_HOST_CONTROL_01']
  1250/12000 processed (1222 screened, 1054 hit-accessions) 397s budget=2.0GB
  HIT ERR12019248: 1 baits >= 0.7 ['ECBAIT_HOST_CONTROL_01']
  HIT ERR12019249: 1 baits >= 0.7 ['ECBAIT_10_0057_MEMBER_INTERIOR_01']
  HIT ERR12019250: 2 baits >= 0.7 ['ECBAIT_10_0057_MEMBER_INTERIOR_01', 'ECBAIT_HOST_CONTROL_01']
  HIT ERR12019251: 2 baits >= 0.7 ['ECBAIT_10_0057_MEMBER_INTERIOR_01', 'ECBAIT_HOST_CONTROL_01']
  HIT ERR12019252: 4 baits >= 0.7 ['ECBAIT_0_0091_JUNCTION_03', 'ECBAIT_0_0091_MEMBER_INTERIOR_01', 'ECBAIT_10_0057_MEMBER_INTERIOR_01', 'ECBAIT_HOST_CONTROL_01']
  HIT ERR12019253: 2 baits >= 0.7 ['ECBAIT_10_0057_MEMBER_INTERIOR_01', 'ECBAIT_HOST_CONTROL_01']
  HIT ERR12019254: 4 baits >= 0.7 ['ECBAIT_0_0091_JUNCTION_03', 'ECBAIT_0_0091_MEMBER_INTERIOR_01', 'ECBAIT_10_0057_MEMBER_INTERIOR_01', 'ECBAIT_HOST_CONTROL_01']
  HIT ERR12019255: 1 baits >= 0.7 ['ECBAIT_HOST_CONTROL_01']
  HIT ERR12019256: 4 baits >= 0.7 ['ECBAIT_0_0091_JUNCTION_03', 'ECBAIT_0_0091_MEMBER_INTERIOR_01', 'ECBAIT_10_0057_MEMBER_INTERIOR_01', 'ECBAIT_HOST_CONTROL_01']
  HIT ERR12019257: 3 baits >= 0.7 ['ECBAIT_10_0002_JUNCTION_01', 'ECBAIT_10_0002_JUNCTION_02', 'ECBAIT_HOST_CONTROL_01']
  HIT ERR12019259: 1 baits >= 0.7 ['ECBAIT_HOST_CONTROL_01']
  HIT ERR12019260: 1 baits >= 0.7 ['ECBAIT_10_0057_MEMBER_INTERIOR_01']
  HIT ERR12019262: 2 baits >= 0.7 ['ECBAIT_10_0057_MEMBER_INTERIOR_01', 'ECBAIT_HOST_CONTROL_01']
  HIT ERR12019263: 3 baits >= 0.7 ['ECBAIT_10_0002_JUNCTION_02', 'ECBAIT_10_0057_MEMBER_INTERIOR_01', 'ECBAIT_HOST_CONTROL_01']
  HIT ERR12019264: 4 baits >= 0.7 ['ECBAIT_10_0002_JUNCTION_01', 'ECBAIT_10_0002_JUNCTION_02', 'ECBAIT_10_0057_MEMBER_INTERIOR_01', 'ECBAIT_HOST_CONTROL_01']
  HIT ERR12054092: 2 baits >= 0.7 ['ECBAIT_10_0057_MEMBER_INTERIOR_01', 'ECBAIT_HOST_CONTROL_01']
  HIT ERR12054094: 2 baits >= 0.7 ['ECBAIT_10_0057_MEMBER_INTERIOR_01', 'ECBAIT_HOST_CONTROL_01']
  HIT ERR12054096: 1 baits >= 0.7 ['ECBAIT_10_0057_MEMBER_INTERIOR_01']
  HIT ERR12054098: 2 baits >= 0.7 ['ECBAIT_10_0057_MEMBER_INTERIOR_01', 'ECBAIT_HOST_CONTROL_01']
  HIT ERR12054097: 2 baits >= 0.7 ['ECBAIT_1_0004_JUNCTION_01', 'ECBAIT_HOST_CONTROL_01']
  HIT ERR12054099: 2 baits >= 0.7 ['ECBAIT_10_0057_MEMBER_INTERIOR_01', 'ECBAIT_HOST_CONTROL_01']
  HIT ERR12054100: 2 baits >= 0.7 ['ECBAIT_10_0057_MEMBER_INTERIOR_01', 'ECBAIT_HOST_CONTROL_01']
  HIT ERR12054101: 2 baits >= 0.7 ['ECBAIT_10_0057_MEMBER_INTERIOR_01', 'ECBAIT_HOST_CONTROL_01']
  HIT ERR12054102: 4 baits >= 0.7 ['ECBAIT_0_0000_JUNCTION_02', 'ECBAIT_0_0000_MEMBER_INTERIOR_01', 'ECBAIT_10_0057_MEMBER_INTERIOR_01', 'ECBAIT_HOST_CONTROL_01']
  HIT ERR12054104: 1 baits >= 0.7 ['ECBAIT_HOST_CONTROL_01']
  HIT ERR12054103: 2 baits >= 0.7 ['ECBAIT_1_0004_JUNCTION_01', 'ECBAIT_HOST_CONTROL_01']
  HIT ERR12054105: 1 baits >= 0.7 ['ECBAIT_10_0057_MEMBER_INTERIOR_01']
  HIT ERR12054106: 1 baits >= 0.7 ['ECBAIT_10_0057_MEMBER_INTERIOR_01']
  HIT ERR12054108: 4 baits >= 0.7 ['ECBAIT_10_0002_JUNCTION_01', 'ECBAIT_10_0002_JUNCTION_02', 'ECBAIT_10_0057_MEMBER_INTERIOR_01', 'ECBAIT_HOST_CONTROL_01']
  HIT ERR12054107: 1 baits >= 0.7 ['ECBAIT_10_0057_MEMBER_INTERIOR_01']
  HIT ERR12054109: 1 baits >= 0.7 ['ECBAIT_HOST_CONTROL_01']
  HIT ERR12186876: 1 baits >= 0.7 ['ECBAIT_HOST_CONTROL_01']
  HIT ERR12186877: 3 baits >= 0.7 ['ECBAIT_0_0000_JUNCTION_02', 'ECBAIT_10_0057_MEMBER_INTERIOR_01', 'ECBAIT_HOST_CONTROL_01']
  HIT ERR12186878: 4 baits >= 0.7 ['ECBAIT_0_0000_JUNCTION_01', 'ECBAIT_10_0002_MEMBER_INTERIOR_01', 'ECBAIT_10_0044_INTERIOR_MODULE_01', 'ECBAIT_10_0044_MEMBER_INTERIOR_01']
  HIT ERR12186879: 1 baits >= 0.7 ['ECBAIT_10_0057_MEMBER_INTERIOR_01']
  HIT ERR12186880: 3 baits >= 0.7 ['ECBAIT_10_0002_MEMBER_INTERIOR_01', 'ECBAIT_10_0172_MEMBER_INTERIOR_01', 'ECBAIT_HOST_CONTROL_01']
  HIT ERR12186881: 2 baits >= 0.7 ['ECBAIT_10_0002_MEMBER_INTERIOR_01', 'ECBAIT_HOST_CONTROL_01']
  HIT ERR12186882: 1 baits >= 0.7 ['ECBAIT_10_0057_MEMBER_INTERIOR_01']
  HIT ERR12186883: 2 baits >= 0.7 ['ECBAIT_10_0057_MEMBER_INTERIOR_01', 'ECBAIT_HOST_CONTROL_01']
  HIT ERR12186885: 3 baits >= 0.7 ['ECBAIT_0_0046_JUNCTION_02', 'ECBAIT_0_0046_MEMBER_INTERIOR_01', 'ECBAIT_HOST_CONTROL_01']
  HIT ERR12186884: 2 baits >= 0.7 ['ECBAIT_10_0044_MEMBER_INTERIOR_01', 'ECBAIT_HOST_CONTROL_01']
  HIT ERR12186886: 1 baits >= 0.7 ['ECBAIT_HOST_CONTROL_01']
  HIT ERR12186887: 2 baits >= 0.7 ['ECBAIT_0_0000_JUNCTION_02', 'ECBAIT_10_0172_MEMBER_INTERIOR_01']
  HIT ERR12186888: 3 baits >= 0.7 ['ECBAIT_0_0000_JUNCTION_01', 'ECBAIT_10_0002_MEMBER_INTERIOR_01', 'ECBAIT_HOST_CONTROL_01']
  HIT ERR12186889: 2 baits >= 0.7 ['ECBAIT_0_0000_JUNCTION_02', 'ECBAIT_10_0172_MEMBER_INTERIOR_01']
  1300/12000 processed (1272 screened, 1099 hit-accessions) 412s budget=2.1GB
  HIT ERR12186890: 3 baits >= 0.7 ['ECBAIT_10_0057_MEMBER_INTERIOR_01', 'ECBAIT_1_0026_MEMBER_INTERIOR_01', 'ECBAIT_HOST_CONTROL_02']
  HIT ERR12186891: 2 baits >= 0.7 ['ECBAIT_10_0002_MEMBER_INTERIOR_01', 'ECBAIT_HOST_CONTROL_01']
  HIT ERR12186892: 6 baits >= 0.7 ['ECBAIT_0_0046_JUNCTION_02', 'ECBAIT_0_0046_MEMBER_INTERIOR_01', 'ECBAIT_10_0002_MEMBER_INTERIOR_01', 'ECBAIT_10_0044_INTERIOR_MODULE_01']
  HIT ERR12186893: 3 baits >= 0.7 ['ECBAIT_10_0002_MEMBER_INTERIOR_01', 'ECBAIT_10_0057_MEMBER_INTERIOR_01', 'ECBAIT_1_0004_JUNCTION_01']
  HIT ERR12186894: 5 baits >= 0.7 ['ECBAIT_0_0046_JUNCTION_02', 'ECBAIT_0_0046_MEMBER_INTERIOR_01', 'ECBAIT_10_0172_JUNCTION_02', 'ECBAIT_10_0172_JUNCTION_03']
  HIT ERR12186895: 1 baits >= 0.7 ['ECBAIT_HOST_CONTROL_01']
  HIT ERR12186896: 2 baits >= 0.7 ['ECBAIT_10_0057_MEMBER_INTERIOR_01', 'ECBAIT_HOST_CONTROL_01']
  HIT ERR12186897: 2 baits >= 0.7 ['ECBAIT_10_0044_MEMBER_INTERIOR_01', 'ECBAIT_10_0057_MEMBER_INTERIOR_01']
  HIT ERR12186898: 2 baits >= 0.7 ['ECBAIT_10_0002_MEMBER_INTERIOR_01', 'ECBAIT_HOST_CONTROL_01']
  HIT ERR12186899: 5 baits >= 0.7 ['ECBAIT_0_0046_JUNCTION_02', 'ECBAIT_0_0046_MEMBER_INTERIOR_01', 'ECBAIT_10_0044_INTERIOR_MODULE_01', 'ECBAIT_10_0044_MEMBER_INTERIOR_01']
  HIT ERR12186900: 1 baits >= 0.7 ['ECBAIT_0_0000_JUNCTION_02']
  HIT ERR12186901: 1 baits >= 0.7 ['ECBAIT_10_0002_MEMBER_INTERIOR_01']
  HIT ERR12186902: 2 baits >= 0.7 ['ECBAIT_0_0000_JUNCTION_02', 'ECBAIT_10_0057_MEMBER_INTERIOR_01']
  HIT ERR12186905: 3 baits >= 0.7 ['ECBAIT_10_0002_MEMBER_INTERIOR_01', 'ECBAIT_10_0057_MEMBER_INTERIOR_01', 'ECBAIT_HOST_CONTROL_01']
  HIT ERR12186903: 1 baits >= 0.7 ['ECBAIT_10_0057_MEMBER_INTERIOR_01']
  HIT ERR12186904: 5 baits >= 0.7 ['ECBAIT_0_0046_JUNCTION_02', 'ECBAIT_0_0046_MEMBER_INTERIOR_01', 'ECBAIT_10_0044_INTERIOR_MODULE_01', 'ECBAIT_10_0044_MEMBER_INTERIOR_01']
  HIT ERR12186906: 3 baits >= 0.7 ['ECBAIT_10_0002_MEMBER_INTERIOR_01', 'ECBAIT_10_0044_INTERIOR_MODULE_01', 'ECBAIT_10_0044_MEMBER_INTERIOR_01']
  HIT ERR12186907: 5 baits >= 0.7 ['ECBAIT_0_0000_JUNCTION_01', 'ECBAIT_10_0044_INTERIOR_MODULE_01', 'ECBAIT_10_0044_JUNCTION_02', 'ECBAIT_10_0044_MEMBER_INTERIOR_01']
  HIT ERR12186909: 6 baits >= 0.7 ['ECBAIT_0_0046_JUNCTION_02', 'ECBAIT_0_0046_MEMBER_INTERIOR_01', 'ECBAIT_10_0044_INTERIOR_MODULE_01', 'ECBAIT_10_0044_MEMBER_INTERIOR_01']
  HIT ERR12186908: 6 baits >= 0.7 ['ECBAIT_0_0000_JUNCTION_01', 'ECBAIT_10_0002_MEMBER_INTERIOR_01', 'ECBAIT_10_0044_INTERIOR_MODULE_01', 'ECBAIT_10_0044_JUNCTION_02']
  HIT ERR12186912: 4 baits >= 0.7 ['ECBAIT_0_0046_JUNCTION_02', 'ECBAIT_0_0046_MEMBER_INTERIOR_01', 'ECBAIT_10_0044_MEMBER_INTERIOR_01', 'ECBAIT_HOST_CONTROL_01']
  HIT ERR12186913: 1 baits >= 0.7 ['ECBAIT_10_0172_MEMBER_INTERIOR_01']
  HIT ERR12186911: 5 baits >= 0.7 ['ECBAIT_0_0000_JUNCTION_02', 'ECBAIT_10_0044_INTERIOR_MODULE_01', 'ECBAIT_10_0044_MEMBER_INTERIOR_01', 'ECBAIT_10_0057_MEMBER_INTERIOR_01']
  HIT ERR12186914: 6 baits >= 0.7 ['ECBAIT_0_0046_JUNCTION_02', 'ECBAIT_0_0046_MEMBER_INTERIOR_01', 'ECBAIT_0_0052_JUNCTION_03', 'ECBAIT_10_0044_INTERIOR_MODULE_01']
  HIT ERR12186915: 1 baits >= 0.7 ['ECBAIT_10_0172_MEMBER_INTERIOR_01']
  HIT ERR12246855: 2 baits >= 0.7 ['ECBAIT_10_0002_MEMBER_INTERIOR_01', 'ECBAIT_10_0057_MEMBER_INTERIOR_01']
  HIT ERR12246836: 1 baits >= 0.7 ['ECBAIT_HOST_CONTROL_02']
  HIT ERR12246857: 5 baits >= 0.7 ['ECBAIT_0_0000_INTERIOR_MODULE_01', 'ECBAIT_0_0000_JUNCTION_02', 'ECBAIT_0_0000_MEMBER_INTERIOR_01', 'ECBAIT_10_0057_MEMBER_INTERIOR_01']
  HIT ERR12246861: 2 baits >= 0.7 ['ECBAIT_10_0057_MEMBER_INTERIOR_01', 'ECBAIT_HOST_CONTROL_01']
  HIT ERR12246894: 1 baits >= 0.7 ['ECBAIT_10_0057_MEMBER_INTERIOR_01']
  HIT ERR12246896: 2 baits >= 0.7 ['ECBAIT_10_0057_MEMBER_INTERIOR_01', 'ECBAIT_HOST_CONTROL_02']
  HIT ERR12246899: 3 baits >= 0.7 ['ECBAIT_0_0000_JUNCTION_02', 'ECBAIT_10_0057_MEMBER_INTERIOR_01', 'ECBAIT_10_0151_JUNCTION_03']
  HIT ERR12246901: 4 baits >= 0.7 ['ECBAIT_0_0046_MEMBER_INTERIOR_01', 'ECBAIT_10_0057_MEMBER_INTERIOR_01', 'ECBAIT_1_0022_JUNCTION_03', 'ECBAIT_HOST_CONTROL_01']
  HIT ERR12246902: 1 baits >= 0.7 ['ECBAIT_HOST_CONTROL_01']
  HIT ERR12246913: 1 baits >= 0.7 ['ECBAIT_HOST_CONTROL_01']
  HIT ERR12246915: 2 baits >= 0.7 ['ECBAIT_10_0057_MEMBER_INTERIOR_01', 'ECBAIT_10_0172_MEMBER_INTERIOR_01']
  HIT ERR12246916: 2 baits >= 0.7 ['ECBAIT_10_0057_MEMBER_INTERIOR_01', 'ECBAIT_HOST_CONTROL_01']
  HIT ERR12247230: 3 baits >= 0.7 ['ECBAIT_10_0002_JUNCTION_01', 'ECBAIT_10_0002_JUNCTION_02', 'ECBAIT_10_0057_MEMBER_INTERIOR_01']
  HIT ERR12249897: 2 baits >= 0.7 ['ECBAIT_10_0057_MEMBER_INTERIOR_01', 'ECBAIT_10_0172_MEMBER_INTERIOR_01']
  HIT ERR12249899: 1 baits >= 0.7 ['ECBAIT_10_0057_MEMBER_INTERIOR_01']
  HIT ERR12251480: 1 baits >= 0.7 ['ECBAIT_HOST_CONTROL_01']
  1350/12000 processed (1322 screened, 1140 hit-accessions) 429s budget=2.2GB
  HIT ERR12251483: 1 baits >= 0.7 ['ECBAIT_10_0057_MEMBER_INTERIOR_01']
  HIT ERR12251488: 2 baits >= 0.7 ['ECBAIT_0_0091_JUNCTION_02', 'ECBAIT_10_0057_MEMBER_INTERIOR_01']
  HIT ERR12251487: 3 baits >= 0.7 ['ECBAIT_10_0002_JUNCTION_01', 'ECBAIT_10_0057_MEMBER_INTERIOR_01', 'ECBAIT_HOST_CONTROL_01']
  HIT ERR12251615: 6 baits >= 0.7 ['ECBAIT_0_0071_INTERIOR_MODULE_01', 'ECBAIT_0_0071_JUNCTION_01', 'ECBAIT_0_0071_JUNCTION_02', 'ECBAIT_0_0071_JUNCTION_03']
  HIT ERR12251522: 1 baits >= 0.7 ['ECBAIT_10_0057_MEMBER_INTERIOR_01']
  HIT ERR12251616: 1 baits >= 0.7 ['ECBAIT_HOST_CONTROL_01']
  HIT ERR12251617: 1 baits >= 0.7 ['ECBAIT_10_0057_MEMBER_INTERIOR_01']
  HIT ERR12251618: 1 baits >= 0.7 ['ECBAIT_HOST_CONTROL_01']
  HIT ERR12251620: 1 baits >= 0.7 ['ECBAIT_10_0057_MEMBER_INTERIOR_01']
  HIT ERR12251623: 3 baits >= 0.7 ['ECBAIT_10_0002_MEMBER_INTERIOR_01', 'ECBAIT_10_0057_MEMBER_INTERIOR_01', 'ECBAIT_10_0172_MEMBER_INTERIOR_01']
  HIT ERR12251627: 1 baits >= 0.7 ['ECBAIT_10_0057_MEMBER_INTERIOR_01']
  HIT ERR12251628: 1 baits >= 0.7 ['ECBAIT_10_0057_MEMBER_INTERIOR_01']
  HIT ERR12251629: 2 baits >= 0.7 ['ECBAIT_10_0002_MEMBER_INTERIOR_01', 'ECBAIT_10_0057_MEMBER_INTERIOR_01']
  HIT ERR12251630: 2 baits >= 0.7 ['ECBAIT_10_0057_MEMBER_INTERIOR_01', 'ECBAIT_HOST_CONTROL_01']
  HIT ERR12251638: 1 baits >= 0.7 ['ECBAIT_10_0057_MEMBER_INTERIOR_01']
  HIT ERR1229297: 1 baits >= 0.7 ['ECBAIT_10_0002_JUNCTION_01']
  HIT ERR1229299: 2 baits >= 0.7 ['ECBAIT_HOST_CONTROL_01', 'ECBAIT_POSCON_LAMBDA_01']
  HIT ERR1229300: 2 baits >= 0.7 ['ECBAIT_HOST_CONTROL_01', 'ECBAIT_POSCON_LAMBDA_01']
  HIT ERR1229301: 2 baits >= 0.7 ['ECBAIT_HOST_CONTROL_01', 'ECBAIT_POSCON_LAMBDA_01']
  HIT ERR12331383: 1 baits >= 0.7 ['ECBAIT_HOST_CONTROL_01']
  HIT ERR1229302: 2 baits >= 0.7 ['ECBAIT_HOST_CONTROL_01', 'ECBAIT_POSCON_LAMBDA_01']
  HIT ERR12331384: 1 baits >= 0.7 ['ECBAIT_HOST_CONTROL_01']
  HIT ERR12331385: 1 baits >= 0.7 ['ECBAIT_HOST_CONTROL_01']
  HIT ERR12331388: 1 baits >= 0.7 ['ECBAIT_10_0057_MEMBER_INTERIOR_01']
  HIT ERR12331389: 1 baits >= 0.7 ['ECBAIT_10_0057_MEMBER_INTERIOR_01']
  HIT ERR12331391: 3 baits >= 0.7 ['ECBAIT_0_0000_JUNCTION_02', 'ECBAIT_10_0057_MEMBER_INTERIOR_01', 'ECBAIT_10_0151_JUNCTION_03']
  HIT ERR12331390: 1 baits >= 0.7 ['ECBAIT_10_0151_JUNCTION_03']
  HIT ERR12331392: 2 baits >= 0.7 ['ECBAIT_10_0002_MEMBER_INTERIOR_01', 'ECBAIT_10_0057_MEMBER_INTERIOR_01']
  HIT ERR12331393: 2 baits >= 0.7 ['ECBAIT_10_0002_MEMBER_INTERIOR_01', 'ECBAIT_10_0057_MEMBER_INTERIOR_01']
  HIT ERR12331394: 1 baits >= 0.7 ['ECBAIT_HOST_CONTROL_01']
  HIT ERR12331398: 2 baits >= 0.7 ['ECBAIT_0_0046_MEMBER_INTERIOR_01', 'ECBAIT_10_0151_JUNCTION_03']
  HIT ERR12331400: 2 baits >= 0.7 ['ECBAIT_10_0057_MEMBER_INTERIOR_01', 'ECBAIT_HOST_CONTROL_01']
  HIT ERR12331404: 9 baits >= 0.7 ['ECBAIT_0_0000_INTERIOR_MODULE_01', 'ECBAIT_0_0000_JUNCTION_02', 'ECBAIT_0_0000_MEMBER_INTERIOR_01', 'ECBAIT_0_0046_JUNCTION_02']
  HIT ERR12331406: 5 baits >= 0.7 ['ECBAIT_10_0002_JUNCTION_01', 'ECBAIT_10_0002_JUNCTION_02', 'ECBAIT_10_0057_MEMBER_INTERIOR_01', 'ECBAIT_HOST_CONTROL_01']
  HIT ERR12331412: 1 baits >= 0.7 ['ECBAIT_HOST_CONTROL_01']
  HIT ERR12331410: 3 baits >= 0.7 ['ECBAIT_10_0002_MEMBER_INTERIOR_01', 'ECBAIT_10_0057_MEMBER_INTERIOR_01', 'ECBAIT_10_0172_MEMBER_INTERIOR_01']
  HIT ERR12331414: 2 baits >= 0.7 ['ECBAIT_10_0057_MEMBER_INTERIOR_01', 'ECBAIT_HOST_CONTROL_01']
  HIT ERR12331413: 2 baits >= 0.7 ['ECBAIT_10_0002_MEMBER_INTERIOR_01', 'ECBAIT_10_0057_MEMBER_INTERIOR_01']
  HIT ERR12331418: 2 baits >= 0.7 ['ECBAIT_0_0052_JUNCTION_01', 'ECBAIT_0_0052_JUNCTION_03']
  HIT ERR12331423: 2 baits >= 0.7 ['ECBAIT_10_0057_MEMBER_INTERIOR_01', 'ECBAIT_HOST_CONTROL_01']
  1400/12000 processed (1372 screened, 1180 hit-accessions) 445s budget=2.3GB
  HIT ERR12331419: 1 baits >= 0.7 ['ECBAIT_HOST_CONTROL_02']
  HIT ERR12331420: 9 baits >= 0.7 ['ECBAIT_0_0000_INTERIOR_MODULE_01', 'ECBAIT_0_0000_JUNCTION_02', 'ECBAIT_0_0000_MEMBER_INTERIOR_01', 'ECBAIT_0_0046_JUNCTION_02']
  HIT ERR12331424: 2 baits >= 0.7 ['ECBAIT_0_0054_MEMBER_INTERIOR_01', 'ECBAIT_10_0057_MEMBER_INTERIOR_01']
  HIT ERR12331427: 1 baits >= 0.7 ['ECBAIT_10_0057_MEMBER_INTERIOR_01']
  HIT ERR12331428: 1 baits >= 0.7 ['ECBAIT_10_0057_MEMBER_INTERIOR_01']
  HIT ERR12331429: 2 baits >= 0.7 ['ECBAIT_10_0057_MEMBER_INTERIOR_01', 'ECBAIT_10_0172_MEMBER_INTERIOR_01']
  HIT ERR12331425: 2 baits >= 0.7 ['ECBAIT_10_0002_MEMBER_INTERIOR_01', 'ECBAIT_10_0057_MEMBER_INTERIOR_01']
  HIT ERR12331433: 1 baits >= 0.7 ['ECBAIT_HOST_CONTROL_01']
  HIT ERR12331432: 2 baits >= 0.7 ['ECBAIT_10_0002_MEMBER_INTERIOR_01', 'ECBAIT_10_0057_MEMBER_INTERIOR_01']
  HIT ERR12331431: 2 baits >= 0.7 ['ECBAIT_10_0057_MEMBER_INTERIOR_01', 'ECBAIT_HOST_CONTROL_02']
  HIT ERR12331435: 1 baits >= 0.7 ['ECBAIT_HOST_CONTROL_01']
  HIT ERR12331437: 5 baits >= 0.7 ['ECBAIT_10_0002_JUNCTION_01', 'ECBAIT_10_0002_JUNCTION_02', 'ECBAIT_10_0057_INTERIOR_MODULE_01', 'ECBAIT_10_0057_JUNCTION_03']
  HIT ERR12331440: 1 baits >= 0.7 ['ECBAIT_10_0057_MEMBER_INTERIOR_01']
  HIT ERR12331444: 4 baits >= 0.7 ['ECBAIT_10_0002_JUNCTION_01', 'ECBAIT_10_0002_JUNCTION_02', 'ECBAIT_10_0057_MEMBER_INTERIOR_01', 'ECBAIT_HOST_CONTROL_01']
  HIT ERR12331443: 1 baits >= 0.7 ['ECBAIT_0_0046_MEMBER_INTERIOR_01']
  HIT ERR12331445: 3 baits >= 0.7 ['ECBAIT_10_0002_JUNCTION_01', 'ECBAIT_10_0002_JUNCTION_02', 'ECBAIT_HOST_CONTROL_01']
  HIT ERR12331446: 3 baits >= 0.7 ['ECBAIT_10_0002_JUNCTION_01', 'ECBAIT_10_0002_JUNCTION_02', 'ECBAIT_HOST_CONTROL_01']
  HIT ERR12331449: 2 baits >= 0.7 ['ECBAIT_10_0057_MEMBER_INTERIOR_01', 'ECBAIT_HOST_CONTROL_01']
  HIT ERR12331451: 5 baits >= 0.7 ['ECBAIT_10_0002_JUNCTION_01', 'ECBAIT_10_0002_JUNCTION_02', 'ECBAIT_10_0002_MEMBER_INTERIOR_01', 'ECBAIT_10_0057_MEMBER_INTERIOR_01']
  HIT ERR12331453: 2 baits >= 0.7 ['ECBAIT_10_0002_MEMBER_INTERIOR_01', 'ECBAIT_10_0057_MEMBER_INTERIOR_01']
  HIT ERR12331452: 1 baits >= 0.7 ['ECBAIT_HOST_CONTROL_01']
  HIT ERR12331455: 1 baits >= 0.7 ['ECBAIT_HOST_CONTROL_01']
  HIT ERR12331456: 1 baits >= 0.7 ['ECBAIT_10_0057_MEMBER_INTERIOR_01']
  HIT ERR12331457: 1 baits >= 0.7 ['ECBAIT_10_0057_MEMBER_INTERIOR_01']
  HIT ERR12331458: 2 baits >= 0.7 ['ECBAIT_0_0094_JUNCTION_01', 'ECBAIT_HOST_CONTROL_01']
  HIT ERR12331460: 3 baits >= 0.7 ['ECBAIT_10_0002_JUNCTION_01', 'ECBAIT_10_0002_JUNCTION_02', 'ECBAIT_HOST_CONTROL_01']
  HIT ERR12331462: 4 baits >= 0.7 ['ECBAIT_0_0046_JUNCTION_02', 'ECBAIT_0_0046_MEMBER_INTERIOR_01', 'ECBAIT_1_0022_JUNCTION_03', 'ECBAIT_1_0022_MEMBER_INTERIOR_01']
  HIT ERR12331461: 6 baits >= 0.7 ['ECBAIT_0_0071_INTERIOR_MODULE_01', 'ECBAIT_0_0071_JUNCTION_01', 'ECBAIT_0_0071_JUNCTION_02', 'ECBAIT_0_0071_JUNCTION_03']
  HIT ERR12331466: 2 baits >= 0.7 ['ECBAIT_0_0000_MEMBER_INTERIOR_01', 'ECBAIT_10_0057_MEMBER_INTERIOR_01']
  HIT ERR12331470: 2 baits >= 0.7 ['ECBAIT_10_0057_MEMBER_INTERIOR_01', 'ECBAIT_HOST_CONTROL_02']
  HIT ERR12331468: 2 baits >= 0.7 ['ECBAIT_0_0000_JUNCTION_02', 'ECBAIT_1_0004_JUNCTION_01']
  HIT ERR12342456: 3 baits >= 0.7 ['ECBAIT_10_0057_MEMBER_INTERIOR_01', 'ECBAIT_10_0172_MEMBER_INTERIOR_01', 'ECBAIT_HOST_CONTROL_01']
  HIT ERR12342457: 2 baits >= 0.7 ['ECBAIT_10_0057_MEMBER_INTERIOR_01', 'ECBAIT_HOST_CONTROL_01']
  HIT ERR12342458: 2 baits >= 0.7 ['ECBAIT_0_0000_MEMBER_INTERIOR_01', 'ECBAIT_10_0057_MEMBER_INTERIOR_01']
  HIT ERR12342459: 2 baits >= 0.7 ['ECBAIT_0_0000_MEMBER_INTERIOR_01', 'ECBAIT_10_0057_MEMBER_INTERIOR_01']
  HIT ERR12342460: 1 baits >= 0.7 ['ECBAIT_HOST_CONTROL_01']
  HIT ERR12342461: 1 baits >= 0.7 ['ECBAIT_HOST_CONTROL_01']
  HIT ERR12342464: 1 baits >= 0.7 ['ECBAIT_10_0057_MEMBER_INTERIOR_01']
  HIT ERR12342465: 2 baits >= 0.7 ['ECBAIT_10_0002_MEMBER_INTERIOR_01', 'ECBAIT_10_0057_MEMBER_INTERIOR_01']
  HIT ERR12342504: 2 baits >= 0.7 ['ECBAIT_10_0057_MEMBER_INTERIOR_01', 'ECBAIT_HOST_CONTROL_01']
  HIT ERR12342505: 2 baits >= 0.7 ['ECBAIT_10_0057_MEMBER_INTERIOR_01', 'ECBAIT_HOST_CONTROL_01']
  HIT ERR12342506: 1 baits >= 0.7 ['ECBAIT_10_0057_MEMBER_INTERIOR_01']
  HIT ERR12342508: 4 baits >= 0.7 ['ECBAIT_10_0002_JUNCTION_01', 'ECBAIT_10_0002_JUNCTION_02', 'ECBAIT_10_0057_MEMBER_INTERIOR_01', 'ECBAIT_HOST_CONTROL_02']
  1450/12000 processed (1422 screened, 1223 hit-accessions) 461s budget=2.4GB
  HIT ERR12342507: 1 baits >= 0.7 ['ECBAIT_10_0057_MEMBER_INTERIOR_01']
  HIT ERR12342509: 4 baits >= 0.7 ['ECBAIT_10_0002_JUNCTION_01', 'ECBAIT_10_0002_JUNCTION_02', 'ECBAIT_10_0057_MEMBER_INTERIOR_01', 'ECBAIT_HOST_CONTROL_02']
  HIT ERR12342512: 1 baits >= 0.7 ['ECBAIT_HOST_CONTROL_02']
  HIT ERR12342514: 1 baits >= 0.7 ['ECBAIT_HOST_CONTROL_02']
  HIT ERR12342515: 1 baits >= 0.7 ['ECBAIT_10_0057_MEMBER_INTERIOR_01']
  HIT ERR12342516: 1 baits >= 0.7 ['ECBAIT_10_0057_MEMBER_INTERIOR_01']
  HIT ERR12342520: 5 baits >= 0.7 ['ECBAIT_0_0000_INTERIOR_MODULE_01', 'ECBAIT_0_0000_JUNCTION_02', 'ECBAIT_0_0000_MEMBER_INTERIOR_01', 'ECBAIT_10_0057_MEMBER_INTERIOR_01']
  HIT ERR12344570: 1 baits >= 0.7 ['ECBAIT_10_0151_MEMBER_INTERIOR_01']
  HIT ERR12344571: 1 baits >= 0.7 ['ECBAIT_10_0151_MEMBER_INTERIOR_01']
  HIT ERR12659510: 4 baits >= 0.7 ['ECBAIT_0_0000_INTERIOR_MODULE_01', 'ECBAIT_0_0000_JUNCTION_02', 'ECBAIT_0_0000_MEMBER_INTERIOR_01', 'ECBAIT_10_0057_MEMBER_INTERIOR_01']
  HIT ERR12659576: 4 baits >= 0.7 ['ECBAIT_0_0000_INTERIOR_MODULE_01', 'ECBAIT_0_0000_JUNCTION_02', 'ECBAIT_0_0000_MEMBER_INTERIOR_01', 'ECBAIT_10_0057_MEMBER_INTERIOR_01']
  HIT ERR12659577: 4 baits >= 0.7 ['ECBAIT_0_0000_INTERIOR_MODULE_01', 'ECBAIT_0_0000_JUNCTION_02', 'ECBAIT_0_0000_MEMBER_INTERIOR_01', 'ECBAIT_10_0057_MEMBER_INTERIOR_01']
  HIT ERR12659578: 4 baits >= 0.7 ['ECBAIT_0_0000_INTERIOR_MODULE_01', 'ECBAIT_0_0000_JUNCTION_02', 'ECBAIT_0_0000_MEMBER_INTERIOR_01', 'ECBAIT_10_0057_MEMBER_INTERIOR_01']
  HIT ERR12659579: 3 baits >= 0.7 ['ECBAIT_0_0000_JUNCTION_02', 'ECBAIT_0_0000_MEMBER_INTERIOR_01', 'ECBAIT_10_0057_MEMBER_INTERIOR_01']
  HIT ERR12659580: 4 baits >= 0.7 ['ECBAIT_0_0000_INTERIOR_MODULE_01', 'ECBAIT_0_0000_JUNCTION_02', 'ECBAIT_0_0000_MEMBER_INTERIOR_01', 'ECBAIT_10_0057_MEMBER_INTERIOR_01']
  HIT ERR12659581: 4 baits >= 0.7 ['ECBAIT_0_0000_INTERIOR_MODULE_01', 'ECBAIT_0_0000_JUNCTION_02', 'ECBAIT_0_0000_MEMBER_INTERIOR_01', 'ECBAIT_10_0057_MEMBER_INTERIOR_01']
  HIT ERR12659582: 1 baits >= 0.7 ['ECBAIT_10_0057_MEMBER_INTERIOR_01']
  HIT ERR12662586: 3 baits >= 0.7 ['ECBAIT_10_0002_JUNCTION_01', 'ECBAIT_10_0002_JUNCTION_02', 'ECBAIT_10_0057_MEMBER_INTERIOR_01']
  HIT ERR12662587: 3 baits >= 0.7 ['ECBAIT_10_0002_JUNCTION_01', 'ECBAIT_10_0002_JUNCTION_02', 'ECBAIT_10_0057_MEMBER_INTERIOR_01']
  HIT ERR12735335: 2 baits >= 0.7 ['ECBAIT_0_0000_JUNCTION_02', 'ECBAIT_0_0000_MEMBER_INTERIOR_01']
  HIT ERR12735379: 3 baits >= 0.7 ['ECBAIT_10_0002_MEMBER_INTERIOR_01', 'ECBAIT_10_0057_MEMBER_INTERIOR_01', 'ECBAIT_10_0172_MEMBER_INTERIOR_01']
  HIT ERR12735429: 1 baits >= 0.7 ['ECBAIT_10_0057_MEMBER_INTERIOR_01']
  HIT ERR12735405: 1 baits >= 0.7 ['ECBAIT_10_0057_MEMBER_INTERIOR_01']
  HIT ERR12735471: 4 baits >= 0.7 ['ECBAIT_10_0002_JUNCTION_01', 'ECBAIT_10_0002_JUNCTION_02', 'ECBAIT_10_0002_MEMBER_INTERIOR_01', 'ECBAIT_10_0057_MEMBER_INTERIOR_01']
  HIT ERR12735476: 1 baits >= 0.7 ['ECBAIT_HOST_CONTROL_02']
  HIT ERR12735610: 1 baits >= 0.7 ['ECBAIT_HOST_CONTROL_01']
  HIT ERR12735505: 3 baits >= 0.7 ['ECBAIT_0_0000_JUNCTION_02', 'ECBAIT_0_0000_MEMBER_INTERIOR_01', 'ECBAIT_10_0057_MEMBER_INTERIOR_01']
  HIT ERR12735675: 3 baits >= 0.7 ['ECBAIT_0_0046_JUNCTION_01', 'ECBAIT_0_0046_MEMBER_INTERIOR_01', 'ECBAIT_10_0057_MEMBER_INTERIOR_01']
  HIT ERR12735691: 3 baits >= 0.7 ['ECBAIT_0_0000_JUNCTION_02', 'ECBAIT_0_0000_MEMBER_INTERIOR_01', 'ECBAIT_10_0057_MEMBER_INTERIOR_01']
  HIT ERR12735701: 1 baits >= 0.7 ['ECBAIT_HOST_CONTROL_01']
  HIT ERR12735708: 4 baits >= 0.7 ['ECBAIT_0_0000_JUNCTION_02', 'ECBAIT_0_0000_MEMBER_INTERIOR_01', 'ECBAIT_10_0057_MEMBER_INTERIOR_01', 'ECBAIT_10_0151_MEMBER_INTERIOR_01']
  HIT ERR12735852: 4 baits >= 0.7 ['ECBAIT_0_0000_JUNCTION_02', 'ECBAIT_0_0000_MEMBER_INTERIOR_01', 'ECBAIT_10_0057_MEMBER_INTERIOR_01', 'ECBAIT_HOST_CONTROL_02']
  HIT ERR12735879: 2 baits >= 0.7 ['ECBAIT_10_0057_MEMBER_INTERIOR_01', 'ECBAIT_10_0172_MEMBER_INTERIOR_01']
  HIT ERR12735932: 2 baits >= 0.7 ['ECBAIT_10_0057_MEMBER_INTERIOR_01', 'ECBAIT_HOST_CONTROL_02']
  HIT ERR12735912: 1 baits >= 0.7 ['ECBAIT_10_0057_MEMBER_INTERIOR_01']
  HIT ERR12735936: 2 baits >= 0.7 ['ECBAIT_10_0057_MEMBER_INTERIOR_01', 'ECBAIT_HOST_CONTROL_02']
  HIT ERR1276256: 3 baits >= 0.7 ['ECBAIT_0_0046_MEMBER_INTERIOR_01', 'ECBAIT_10_0151_JUNCTION_03', 'ECBAIT_1_0026_JUNCTION_01']
  1500/12000 processed (1472 screened, 1260 hit-accessions) 477s budget=2.5GB
  HIT ERR1276257: 5 baits >= 0.7 ['ECBAIT_10_0002_MEMBER_INTERIOR_01', 'ECBAIT_10_0057_MEMBER_INTERIOR_01', 'ECBAIT_10_0151_MEMBER_INTERIOR_01', 'ECBAIT_10_0172_MEMBER_INTERIOR_01']
  HIT ERR1276258: 2 baits >= 0.7 ['ECBAIT_0_0046_MEMBER_INTERIOR_01', 'ECBAIT_10_0151_JUNCTION_03']
  HIT ERR1276259: 1 baits >= 0.7 ['ECBAIT_0_0046_MEMBER_INTERIOR_01']
  HIT ERR1276260: 2 baits >= 0.7 ['ECBAIT_0_0046_MEMBER_INTERIOR_01', 'ECBAIT_10_0172_MEMBER_INTERIOR_01']
  HIT ERR1276262: 2 baits >= 0.7 ['ECBAIT_0_0046_MEMBER_INTERIOR_01', 'ECBAIT_1_0026_JUNCTION_01']
  HIT ERR1276261: 2 baits >= 0.7 ['ECBAIT_0_0046_MEMBER_INTERIOR_01', 'ECBAIT_10_0057_MEMBER_INTERIOR_01']
  HIT ERR1276263: 1 baits >= 0.7 ['ECBAIT_0_0046_MEMBER_INTERIOR_01']
  HIT ERR1276264: 5 baits >= 0.7 ['ECBAIT_10_0002_MEMBER_INTERIOR_01', 'ECBAIT_10_0057_MEMBER_INTERIOR_01', 'ECBAIT_10_0151_MEMBER_INTERIOR_01', 'ECBAIT_10_0172_MEMBER_INTERIOR_01']
  HIT ERR1276266: 5 baits >= 0.7 ['ECBAIT_10_0002_MEMBER_INTERIOR_01', 'ECBAIT_10_0057_MEMBER_INTERIOR_01', 'ECBAIT_10_0151_MEMBER_INTERIOR_01', 'ECBAIT_10_0172_MEMBER_INTERIOR_01']
  HIT ERR1276265: 5 baits >= 0.7 ['ECBAIT_10_0002_MEMBER_INTERIOR_01', 'ECBAIT_10_0057_MEMBER_INTERIOR_01', 'ECBAIT_10_0151_MEMBER_INTERIOR_01', 'ECBAIT_10_0172_MEMBER_INTERIOR_01']
  HIT ERR1276267: 2 baits >= 0.7 ['ECBAIT_0_0046_MEMBER_INTERIOR_01', 'ECBAIT_1_0026_JUNCTION_01']
  HIT ERR1276268: 4 baits >= 0.7 ['ECBAIT_10_0002_MEMBER_INTERIOR_01', 'ECBAIT_10_0057_MEMBER_INTERIOR_01', 'ECBAIT_10_0172_MEMBER_INTERIOR_01', 'ECBAIT_HOST_CONTROL_02']
  HIT ERR1276270: 5 baits >= 0.7 ['ECBAIT_10_0002_MEMBER_INTERIOR_01', 'ECBAIT_10_0057_MEMBER_INTERIOR_01', 'ECBAIT_10_0151_MEMBER_INTERIOR_01', 'ECBAIT_10_0172_MEMBER_INTERIOR_01']
  HIT ERR1276269: 5 baits >= 0.7 ['ECBAIT_10_0002_MEMBER_INTERIOR_01', 'ECBAIT_10_0057_MEMBER_INTERIOR_01', 'ECBAIT_10_0151_MEMBER_INTERIOR_01', 'ECBAIT_10_0172_MEMBER_INTERIOR_01']
  HIT ERR1276271: 5 baits >= 0.7 ['ECBAIT_10_0002_MEMBER_INTERIOR_01', 'ECBAIT_10_0057_MEMBER_INTERIOR_01', 'ECBAIT_10_0151_MEMBER_INTERIOR_01', 'ECBAIT_10_0172_MEMBER_INTERIOR_01']
  HIT ERR1276272: 5 baits >= 0.7 ['ECBAIT_10_0002_MEMBER_INTERIOR_01', 'ECBAIT_10_0057_MEMBER_INTERIOR_01', 'ECBAIT_10_0151_MEMBER_INTERIOR_01', 'ECBAIT_10_0172_MEMBER_INTERIOR_01']
  HIT ERR1276273: 1 baits >= 0.7 ['ECBAIT_0_0046_MEMBER_INTERIOR_01']
  HIT ERR1276274: 2 baits >= 0.7 ['ECBAIT_0_0046_MEMBER_INTERIOR_01', 'ECBAIT_10_0057_MEMBER_INTERIOR_01']
  HIT ERR1276275: 2 baits >= 0.7 ['ECBAIT_0_0046_MEMBER_INTERIOR_01', 'ECBAIT_1_0026_JUNCTION_01']
  HIT ERR1276276: 5 baits >= 0.7 ['ECBAIT_10_0002_MEMBER_INTERIOR_01', 'ECBAIT_10_0057_MEMBER_INTERIOR_01', 'ECBAIT_10_0151_MEMBER_INTERIOR_01', 'ECBAIT_10_0172_MEMBER_INTERIOR_01']
  HIT ERR1276277: 3 baits >= 0.7 ['ECBAIT_0_0046_MEMBER_INTERIOR_01', 'ECBAIT_10_0002_JUNCTION_01', 'ECBAIT_10_0151_MEMBER_INTERIOR_01']
  HIT ERR1276278: 2 baits >= 0.7 ['ECBAIT_10_0002_JUNCTION_01', 'ECBAIT_10_0151_MEMBER_INTERIOR_01']
  HIT ERR12813217: 5 baits >= 0.7 ['ECBAIT_0_0000_INTERIOR_MODULE_01', 'ECBAIT_0_0000_JUNCTION_02', 'ECBAIT_0_0000_MEMBER_INTERIOR_01', 'ECBAIT_10_0057_MEMBER_INTERIOR_01']
  HIT ERR12830628: 1 baits >= 0.7 ['ECBAIT_HOST_CONTROL_01']
  HIT ERR12830639: 1 baits >= 0.7 ['ECBAIT_10_0057_MEMBER_INTERIOR_01']
  HIT ERR12830655: 3 baits >= 0.7 ['ECBAIT_10_0002_MEMBER_INTERIOR_01', 'ECBAIT_10_0057_MEMBER_INTERIOR_01', 'ECBAIT_10_0172_MEMBER_INTERIOR_01']
  HIT ERR12863784: 2 baits >= 0.7 ['ECBAIT_10_0057_MEMBER_INTERIOR_01', 'ECBAIT_HOST_CONTROL_01']
  HIT ERR12863923: 2 baits >= 0.7 ['ECBAIT_10_0057_MEMBER_INTERIOR_01', 'ECBAIT_HOST_CONTROL_01']
  HIT ERR12863994: 2 baits >= 0.7 ['ECBAIT_10_0057_MEMBER_INTERIOR_01', 'ECBAIT_HOST_CONTROL_01']
  HIT ERR12864308: 1 baits >= 0.7 ['ECBAIT_HOST_CONTROL_01']
  HIT ERR12864335: 1 baits >= 0.7 ['ECBAIT_HOST_CONTROL_01']
  HIT ERR12864106: 3 baits >= 0.7 ['ECBAIT_0_0000_MEMBER_INTERIOR_01', 'ECBAIT_10_0057_MEMBER_INTERIOR_01', 'ECBAIT_10_0172_MEMBER_INTERIOR_01']
  HIT ERR12864360: 1 baits >= 0.7 ['ECBAIT_0_0052_JUNCTION_03']
  HIT ERR12864403: 2 baits >= 0.7 ['ECBAIT_10_0057_MEMBER_INTERIOR_01', 'ECBAIT_HOST_CONTROL_02']
  HIT ERR12864604: 2 baits >= 0.7 ['ECBAIT_10_0057_MEMBER_INTERIOR_01', 'ECBAIT_HOST_CONTROL_02']
  HIT ERR12864504: 4 baits >= 0.7 ['ECBAIT_0_0000_INTERIOR_MODULE_01', 'ECBAIT_0_0000_JUNCTION_02', 'ECBAIT_0_0000_MEMBER_INTERIOR_01', 'ECBAIT_HOST_CONTROL_02']
  HIT ERR12864614: 1 baits >= 0.7 ['ECBAIT_0_0094_MEMBER_INTERIOR_01']
  HIT ERR12864698: 5 baits >= 0.7 ['ECBAIT_0_0000_INTERIOR_MODULE_01', 'ECBAIT_0_0000_JUNCTION_02', 'ECBAIT_0_0000_MEMBER_INTERIOR_01', 'ECBAIT_10_0057_MEMBER_INTERIOR_01']
  HIT ERR12945248: 1 baits >= 0.7 ['ECBAIT_10_0057_MEMBER_INTERIOR_01']
  HIT ERR12945252: 2 baits >= 0.7 ['ECBAIT_10_0057_MEMBER_INTERIOR_01', 'ECBAIT_HOST_CONTROL_02']
  HIT ERR12945250: 2 baits >= 0.7 ['ECBAIT_10_0057_MEMBER_INTERIOR_01', 'ECBAIT_POSCON_LAMBDA_01']
  HIT ERR12945253: 1 baits >= 0.7 ['ECBAIT_10_0057_MEMBER_INTERIOR_01']
  HIT ERR12945257: 2 baits >= 0.7 ['ECBAIT_10_0057_MEMBER_INTERIOR_01', 'ECBAIT_10_0172_MEMBER_INTERIOR_01']
  HIT ERR12945258: 1 baits >= 0.7 ['ECBAIT_10_0057_MEMBER_INTERIOR_01']
  HIT ERR12945259: 1 baits >= 0.7 ['ECBAIT_10_0057_MEMBER_INTERIOR_01']
  HIT ERR12945260: 1 baits >= 0.7 ['ECBAIT_10_0057_MEMBER_INTERIOR_01']
  HIT ERR12945261: 3 baits >= 0.7 ['ECBAIT_10_0057_MEMBER_INTERIOR_01', 'ECBAIT_10_0172_MEMBER_INTERIOR_01', 'ECBAIT_1_0004_JUNCTION_02']
  HIT ERR12945264: 1 baits >= 0.7 ['ECBAIT_10_0057_MEMBER_INTERIOR_01']
  1550/12000 processed (1522 screened, 1308 hit-accessions) 492s budget=2.5GB
  HIT ERR12945262: 2 baits >= 0.7 ['ECBAIT_10_0057_MEMBER_INTERIOR_01', 'ECBAIT_10_0172_MEMBER_INTERIOR_01']
  HIT ERR12945268: 2 baits >= 0.7 ['ECBAIT_10_0002_MEMBER_INTERIOR_01', 'ECBAIT_10_0057_MEMBER_INTERIOR_01']
  HIT ERR12945273: 1 baits >= 0.7 ['ECBAIT_10_0057_MEMBER_INTERIOR_01']
  HIT ERR12945269: 2 baits >= 0.7 ['ECBAIT_10_0057_MEMBER_INTERIOR_01', 'ECBAIT_1_0004_MEMBER_INTERIOR_01']
  HIT ERR12945265: 1 baits >= 0.7 ['ECBAIT_10_0057_MEMBER_INTERIOR_01']
  HIT ERR12945274: 1 baits >= 0.7 ['ECBAIT_10_0057_MEMBER_INTERIOR_01']
  HIT ERR12945283: 1 baits >= 0.7 ['ECBAIT_10_0057_MEMBER_INTERIOR_01']
  HIT ERR12945275: 1 baits >= 0.7 ['ECBAIT_10_0057_MEMBER_INTERIOR_01']
  HIT ERR12948928: 4 baits >= 0.7 ['ECBAIT_0_0000_JUNCTION_02', 'ECBAIT_0_0000_MEMBER_INTERIOR_01', 'ECBAIT_10_0057_MEMBER_INTERIOR_01', 'ECBAIT_HOST_CONTROL_02']
  HIT ERR12945288: 2 baits >= 0.7 ['ECBAIT_10_0002_MEMBER_INTERIOR_01', 'ECBAIT_10_0057_MEMBER_INTERIOR_01']
  HIT ERR12949003: 2 baits >= 0.7 ['ECBAIT_10_0057_MEMBER_INTERIOR_01', 'ECBAIT_HOST_CONTROL_02']
  HIT ERR13298015: 3 baits >= 0.7 ['ECBAIT_10_0057_MEMBER_INTERIOR_01', 'ECBAIT_1_0004_JUNCTION_01', 'ECBAIT_HOST_CONTROL_01']
  HIT ERR13298013: 2 baits >= 0.7 ['ECBAIT_10_0057_MEMBER_INTERIOR_01', 'ECBAIT_HOST_CONTROL_01']
  HIT ERR13298014: 1 baits >= 0.7 ['ECBAIT_10_0057_MEMBER_INTERIOR_01']
  HIT ERR13298016: 2 baits >= 0.7 ['ECBAIT_10_0057_MEMBER_INTERIOR_01', 'ECBAIT_HOST_CONTROL_01']
  HIT ERR13298019: 3 baits >= 0.7 ['ECBAIT_10_0057_MEMBER_INTERIOR_01', 'ECBAIT_1_0004_JUNCTION_01', 'ECBAIT_HOST_CONTROL_01']
  HIT ERR13298017: 3 baits >= 0.7 ['ECBAIT_10_0057_MEMBER_INTERIOR_01', 'ECBAIT_1_0004_JUNCTION_01', 'ECBAIT_HOST_CONTROL_01']
  HIT ERR13298018: 3 baits >= 0.7 ['ECBAIT_10_0057_MEMBER_INTERIOR_01', 'ECBAIT_1_0004_JUNCTION_01', 'ECBAIT_HOST_CONTROL_01']
  HIT ERR13298020: 2 baits >= 0.7 ['ECBAIT_10_0057_MEMBER_INTERIOR_01', 'ECBAIT_HOST_CONTROL_01']
  HIT ERR13298037: 1 baits >= 0.7 ['ECBAIT_0_0000_MEMBER_INTERIOR_01']
  HIT ERR13298042: 1 baits >= 0.7 ['ECBAIT_HOST_CONTROL_01']
  HIT ERR13298052: 1 baits >= 0.7 ['ECBAIT_HOST_CONTROL_01']
  HIT ERR13363281: 2 baits >= 0.7 ['ECBAIT_0_0054_MEMBER_INTERIOR_01', 'ECBAIT_10_0057_MEMBER_INTERIOR_01']
  HIT ERR13363302: 3 baits >= 0.7 ['ECBAIT_10_0002_MEMBER_INTERIOR_01', 'ECBAIT_10_0057_MEMBER_INTERIOR_01', 'ECBAIT_10_0172_MEMBER_INTERIOR_01']
  HIT ERR13363303: 2 baits >= 0.7 ['ECBAIT_10_0057_MEMBER_INTERIOR_01', 'ECBAIT_HOST_CONTROL_01']
  HIT ERR13363304: 1 baits >= 0.7 ['ECBAIT_10_0057_MEMBER_INTERIOR_01']
  HIT ERR13363306: 2 baits >= 0.7 ['ECBAIT_10_0057_MEMBER_INTERIOR_01', 'ECBAIT_HOST_CONTROL_01']
  HIT ERR13363307: 1 baits >= 0.7 ['ECBAIT_10_0057_MEMBER_INTERIOR_01']
  HIT ERR13363629: 2 baits >= 0.7 ['ECBAIT_0_0054_MEMBER_INTERIOR_01', 'ECBAIT_10_0057_MEMBER_INTERIOR_01']
  HIT ERR13363630: 2 baits >= 0.7 ['ECBAIT_10_0057_MEMBER_INTERIOR_01', 'ECBAIT_10_0172_MEMBER_INTERIOR_01']
  HIT ERR13363632: 2 baits >= 0.7 ['ECBAIT_10_0057_MEMBER_INTERIOR_01', 'ECBAIT_HOST_CONTROL_01']
  HIT ERR13363633: 1 baits >= 0.7 ['ECBAIT_10_0057_MEMBER_INTERIOR_01']
  HIT ERR13363634: 2 baits >= 0.7 ['ECBAIT_10_0057_MEMBER_INTERIOR_01', 'ECBAIT_HOST_CONTROL_01']
  HIT ERR13363635: 1 baits >= 0.7 ['ECBAIT_10_0057_MEMBER_INTERIOR_01']
  HIT ERR13482204: 2 baits >= 0.7 ['ECBAIT_10_0057_MEMBER_INTERIOR_01', 'ECBAIT_HOST_CONTROL_01']
  HIT ERR13482206: 2 baits >= 0.7 ['ECBAIT_10_0002_MEMBER_INTERIOR_01', 'ECBAIT_10_0057_MEMBER_INTERIOR_01']
  HIT ERR13482213: 2 baits >= 0.7 ['ECBAIT_0_0054_MEMBER_INTERIOR_01', 'ECBAIT_10_0057_MEMBER_INTERIOR_01']
  HIT ERR13482211: 3 baits >= 0.7 ['ECBAIT_10_0002_JUNCTION_01', 'ECBAIT_10_0057_MEMBER_INTERIOR_01', 'ECBAIT_HOST_CONTROL_01']
  HIT ERR13482220: 1 baits >= 0.7 ['ECBAIT_HOST_CONTROL_01']
  HIT ERR13482222: 2 baits >= 0.7 ['ECBAIT_10_0002_MEMBER_INTERIOR_01', 'ECBAIT_10_0057_MEMBER_INTERIOR_01']
  HIT ERR13482249: 1 baits >= 0.7 ['ECBAIT_HOST_CONTROL_01']
  HIT ERR13482238: 3 baits >= 0.7 ['ECBAIT_10_0002_JUNCTION_01', 'ECBAIT_10_0002_JUNCTION_02', 'ECBAIT_10_0002_MEMBER_INTERIOR_01']
  HIT ERR13482250: 2 baits >= 0.7 ['ECBAIT_0_0054_MEMBER_INTERIOR_01', 'ECBAIT_10_0057_MEMBER_INTERIOR_01']
  1600/12000 processed (1572 screened, 1351 hit-accessions) 508s budget=2.6GB
  HIT ERR13482279: 4 baits >= 0.7 ['ECBAIT_10_0002_JUNCTION_01', 'ECBAIT_10_0057_MEMBER_INTERIOR_01', 'ECBAIT_1_0004_JUNCTION_01', 'ECBAIT_HOST_CONTROL_01']
  HIT ERR13482266: 1 baits >= 0.7 ['ECBAIT_0_0000_JUNCTION_02']
  HIT ERR13482261: 1 baits >= 0.7 ['ECBAIT_10_0057_MEMBER_INTERIOR_01']
  HIT ERR13482283: 1 baits >= 0.7 ['ECBAIT_10_0151_JUNCTION_03']
  HIT ERR13482308: 1 baits >= 0.7 ['ECBAIT_HOST_CONTROL_01']
  HIT ERR13482294: 4 baits >= 0.7 ['ECBAIT_10_0002_JUNCTION_01', 'ECBAIT_10_0002_JUNCTION_02', 'ECBAIT_10_0002_MEMBER_INTERIOR_01', 'ECBAIT_10_0057_MEMBER_INTERIOR_01']
  HIT ERR13482309: 2 baits >= 0.7 ['ECBAIT_10_0002_MEMBER_INTERIOR_01', 'ECBAIT_10_0057_MEMBER_INTERIOR_01']
  HIT ERR13482310: 2 baits >= 0.7 ['ECBAIT_10_0057_MEMBER_INTERIOR_01', 'ECBAIT_HOST_CONTROL_01']
  HIT ERR13482312: 4 baits >= 0.7 ['ECBAIT_0_0054_MEMBER_INTERIOR_01', 'ECBAIT_10_0002_MEMBER_INTERIOR_01', 'ECBAIT_10_0057_MEMBER_INTERIOR_01', 'ECBAIT_10_0172_MEMBER_INTERIOR_01']
  HIT ERR13482313: 4 baits >= 0.7 ['ECBAIT_0_0054_MEMBER_INTERIOR_01', 'ECBAIT_10_0002_MEMBER_INTERIOR_01', 'ECBAIT_10_0057_MEMBER_INTERIOR_01', 'ECBAIT_10_0172_MEMBER_INTERIOR_01']
  HIT ERR13482314: 2 baits >= 0.7 ['ECBAIT_10_0057_MEMBER_INTERIOR_01', 'ECBAIT_HOST_CONTROL_01']
  HIT ERR13482322: 1 baits >= 0.7 ['ECBAIT_10_0151_JUNCTION_03']
  HIT ERR13482324: 2 baits >= 0.7 ['ECBAIT_10_0057_MEMBER_INTERIOR_01', 'ECBAIT_HOST_CONTROL_01']
  HIT ERR13482325: 2 baits >= 0.7 ['ECBAIT_10_0057_MEMBER_INTERIOR_01', 'ECBAIT_10_0172_MEMBER_INTERIOR_01']
  HIT ERR13482338: 1 baits >= 0.7 ['ECBAIT_10_0057_MEMBER_INTERIOR_01']
  HIT ERR13482349: 2 baits >= 0.7 ['ECBAIT_10_0002_JUNCTION_02', 'ECBAIT_10_0057_MEMBER_INTERIOR_01']
  HIT ERR13482351: 3 baits >= 0.7 ['ECBAIT_10_0057_MEMBER_INTERIOR_01', 'ECBAIT_10_0172_MEMBER_INTERIOR_01', 'ECBAIT_HOST_CONTROL_01']
  HIT ERR13482352: 2 baits >= 0.7 ['ECBAIT_10_0002_MEMBER_INTERIOR_01', 'ECBAIT_10_0057_MEMBER_INTERIOR_01']
  HIT ERR13482355: 3 baits >= 0.7 ['ECBAIT_10_0002_MEMBER_INTERIOR_01', 'ECBAIT_10_0057_MEMBER_INTERIOR_01', 'ECBAIT_10_0172_MEMBER_INTERIOR_01']
  HIT ERR13482362: 2 baits >= 0.7 ['ECBAIT_10_0057_MEMBER_INTERIOR_01', 'ECBAIT_HOST_CONTROL_01']
  HIT ERR13482363: 2 baits >= 0.7 ['ECBAIT_10_0002_MEMBER_INTERIOR_01', 'ECBAIT_10_0057_MEMBER_INTERIOR_01']
  HIT ERR13482365: 2 baits >= 0.7 ['ECBAIT_10_0002_MEMBER_INTERIOR_01', 'ECBAIT_10_0057_MEMBER_INTERIOR_01']
  HIT ERR13482364: 5 baits >= 0.7 ['ECBAIT_10_0002_JUNCTION_01', 'ECBAIT_10_0002_JUNCTION_02', 'ECBAIT_10_0057_INTERIOR_MODULE_01', 'ECBAIT_10_0057_JUNCTION_03']
  HIT ERR13482366: 2 baits >= 0.7 ['ECBAIT_10_0057_MEMBER_INTERIOR_01', 'ECBAIT_HOST_CONTROL_01']
  HIT ERR13482367: 1 baits >= 0.7 ['ECBAIT_10_0002_MEMBER_INTERIOR_01']
  HIT ERR13482381: 2 baits >= 0.7 ['ECBAIT_10_0057_MEMBER_INTERIOR_01', 'ECBAIT_10_0172_MEMBER_INTERIOR_01']
  HIT ERR13482379: 5 baits >= 0.7 ['ECBAIT_10_0002_JUNCTION_01', 'ECBAIT_10_0002_JUNCTION_02', 'ECBAIT_10_0057_INTERIOR_MODULE_01', 'ECBAIT_10_0057_JUNCTION_03']
  HIT ERR13482387: 2 baits >= 0.7 ['ECBAIT_10_0002_MEMBER_INTERIOR_01', 'ECBAIT_10_0057_MEMBER_INTERIOR_01']
  HIT ERR13482384: 5 baits >= 0.7 ['ECBAIT_10_0002_JUNCTION_01', 'ECBAIT_10_0002_JUNCTION_02', 'ECBAIT_10_0057_INTERIOR_MODULE_01', 'ECBAIT_10_0057_JUNCTION_03']
  HIT ERR13482388: 4 baits >= 0.7 ['ECBAIT_10_0002_JUNCTION_01', 'ECBAIT_10_0002_JUNCTION_02', 'ECBAIT_10_0002_MEMBER_INTERIOR_01', 'ECBAIT_10_0057_MEMBER_INTERIOR_01']
  HIT ERR13482399: 1 baits >= 0.7 ['ECBAIT_HOST_CONTROL_01']
  HIT ERR13482400: 2 baits >= 0.7 ['ECBAIT_10_0057_MEMBER_INTERIOR_01', 'ECBAIT_HOST_CONTROL_01']
  HIT ERR13482402: 1 baits >= 0.7 ['ECBAIT_10_0057_MEMBER_INTERIOR_01']
  HIT ERR13482401: 1 baits >= 0.7 ['ECBAIT_HOST_CONTROL_02']
  HIT ERR13482404: 4 baits >= 0.7 ['ECBAIT_10_0002_JUNCTION_01', 'ECBAIT_10_0002_JUNCTION_02', 'ECBAIT_10_0002_MEMBER_INTERIOR_01', 'ECBAIT_10_0057_MEMBER_INTERIOR_01']
  HIT ERR13482407: 2 baits >= 0.7 ['ECBAIT_10_0002_MEMBER_INTERIOR_01', 'ECBAIT_10_0057_MEMBER_INTERIOR_01']
  HIT ERR13482408: 2 baits >= 0.7 ['ECBAIT_10_0002_MEMBER_INTERIOR_01', 'ECBAIT_10_0057_MEMBER_INTERIOR_01']
  HIT ERR13482409: 6 baits >= 0.7 ['ECBAIT_10_0002_JUNCTION_01', 'ECBAIT_10_0002_JUNCTION_02', 'ECBAIT_10_0057_INTERIOR_MODULE_01', 'ECBAIT_10_0057_JUNCTION_03']
  HIT ERR13482412: 3 baits >= 0.7 ['ECBAIT_10_0002_MEMBER_INTERIOR_01', 'ECBAIT_10_0057_MEMBER_INTERIOR_01', 'ECBAIT_10_0172_MEMBER_INTERIOR_01']
  HIT ERR13482413: 3 baits >= 0.7 ['ECBAIT_10_0002_JUNCTION_01', 'ECBAIT_10_0057_MEMBER_INTERIOR_01', 'ECBAIT_HOST_CONTROL_01']
  HIT ERR13482411: 5 baits >= 0.7 ['ECBAIT_10_0002_JUNCTION_01', 'ECBAIT_10_0002_JUNCTION_02', 'ECBAIT_10_0057_INTERIOR_MODULE_01', 'ECBAIT_10_0057_JUNCTION_03']
  HIT ERR13482420: 2 baits >= 0.7 ['ECBAIT_10_0057_MEMBER_INTERIOR_01', 'ECBAIT_HOST_CONTROL_01']
  HIT ERR13482432: 3 baits >= 0.7 ['ECBAIT_10_0002_JUNCTION_01', 'ECBAIT_10_0002_JUNCTION_02', 'ECBAIT_HOST_CONTROL_01']
  HIT ERR13482433: 4 baits >= 0.7 ['ECBAIT_10_0002_JUNCTION_01', 'ECBAIT_10_0002_JUNCTION_02', 'ECBAIT_10_0002_MEMBER_INTERIOR_01', 'ECBAIT_10_0057_MEMBER_INTERIOR_01']
  HIT ERR13482435: 2 baits >= 0.7 ['ECBAIT_10_0002_MEMBER_INTERIOR_01', 'ECBAIT_10_0057_MEMBER_INTERIOR_01']
  HIT ERR13482440: 2 baits >= 0.7 ['ECBAIT_10_0002_MEMBER_INTERIOR_01', 'ECBAIT_10_0057_MEMBER_INTERIOR_01']
  HIT ERR1351681: 1 baits >= 0.7 ['ECBAIT_HOST_CONTROL_01']
  1650/12000 processed (1622 screened, 1398 hit-accessions) 524s budget=2.7GB
  HIT ERR13482441: 2 baits >= 0.7 ['ECBAIT_10_0057_MEMBER_INTERIOR_01', 'ECBAIT_10_0172_MEMBER_INTERIOR_01']
  HIT ERR1351682: 1 baits >= 0.7 ['ECBAIT_HOST_CONTROL_01']
  HIT ERR1351683: 1 baits >= 0.7 ['ECBAIT_HOST_CONTROL_01']
  HIT ERR1351685: 1 baits >= 0.7 ['ECBAIT_HOST_CONTROL_01']
  HIT ERR1351684: 1 baits >= 0.7 ['ECBAIT_HOST_CONTROL_01']
  HIT ERR1359224: 2 baits >= 0.7 ['ECBAIT_10_0057_MEMBER_INTERIOR_01', 'ECBAIT_HOST_CONTROL_01']
  HIT ERR13620769: 1 baits >= 0.7 ['ECBAIT_HOST_CONTROL_01']
  HIT ERR13620772: 5 baits >= 0.7 ['ECBAIT_0_0071_INTERIOR_MODULE_01', 'ECBAIT_0_0071_MEMBER_INTERIOR_01', 'ECBAIT_10_0002_JUNCTION_01', 'ECBAIT_10_0057_MEMBER_INTERIOR_01']
  HIT ERR13620802: 2 baits >= 0.7 ['ECBAIT_10_0057_MEMBER_INTERIOR_01', 'ECBAIT_HOST_CONTROL_01']
  HIT ERR13620810: 2 baits >= 0.7 ['ECBAIT_10_0057_MEMBER_INTERIOR_01', 'ECBAIT_HOST_CONTROL_01']
  HIT ERR13620825: 1 baits >= 0.7 ['ECBAIT_10_0057_MEMBER_INTERIOR_01']
  HIT ERR13620871: 1 baits >= 0.7 ['ECBAIT_HOST_CONTROL_01']
  HIT ERR13620872: 1 baits >= 0.7 ['ECBAIT_10_0057_MEMBER_INTERIOR_01']
  HIT ERR13620874: 2 baits >= 0.7 ['ECBAIT_10_0057_MEMBER_INTERIOR_01', 'ECBAIT_HOST_CONTROL_01']
  HIT ERR13620906: 1 baits >= 0.7 ['ECBAIT_HOST_CONTROL_01']
  HIT ERR13620921: 3 baits >= 0.7 ['ECBAIT_10_0002_JUNCTION_01', 'ECBAIT_10_0002_JUNCTION_02', 'ECBAIT_HOST_CONTROL_01']
  HIT ERR13620912: 2 baits >= 0.7 ['ECBAIT_10_0002_JUNCTION_01', 'ECBAIT_10_0057_MEMBER_INTERIOR_01']
  HIT ERR13620932: 2 baits >= 0.7 ['ECBAIT_10_0057_MEMBER_INTERIOR_01', 'ECBAIT_HOST_CONTROL_01']
  HIT ERR13620925: 2 baits >= 0.7 ['ECBAIT_1_0004_JUNCTION_01', 'ECBAIT_HOST_CONTROL_01']
  HIT ERR13620944: 1 baits >= 0.7 ['ECBAIT_HOST_CONTROL_01']
  HIT ERR13620946: 2 baits >= 0.7 ['ECBAIT_10_0057_MEMBER_INTERIOR_01', 'ECBAIT_HOST_CONTROL_01']
  HIT ERR13620954: 4 baits >= 0.7 ['ECBAIT_10_0002_JUNCTION_01', 'ECBAIT_10_0002_JUNCTION_02', 'ECBAIT_10_0057_MEMBER_INTERIOR_01', 'ECBAIT_HOST_CONTROL_01']
  HIT ERR13620967: 2 baits >= 0.7 ['ECBAIT_10_0057_MEMBER_INTERIOR_01', 'ECBAIT_HOST_CONTROL_01']
  HIT ERR13620973: 2 baits >= 0.7 ['ECBAIT_10_0057_MEMBER_INTERIOR_01', 'ECBAIT_10_0172_MEMBER_INTERIOR_01']
  HIT ERR13620974: 2 baits >= 0.7 ['ECBAIT_10_0002_JUNCTION_01', 'ECBAIT_10_0057_MEMBER_INTERIOR_01']
  HIT ERR13620976: 5 baits >= 0.7 ['ECBAIT_10_0002_JUNCTION_01', 'ECBAIT_10_0002_JUNCTION_02', 'ECBAIT_10_0057_INTERIOR_MODULE_01', 'ECBAIT_10_0057_JUNCTION_03']
  HIT ERR13620985: 1 baits >= 0.7 ['ECBAIT_HOST_CONTROL_01']
  HIT ERR13620997: 3 baits >= 0.7 ['ECBAIT_10_0002_JUNCTION_01', 'ECBAIT_10_0057_MEMBER_INTERIOR_01', 'ECBAIT_HOST_CONTROL_01']
  HIT ERR13621006: 1 baits >= 0.7 ['ECBAIT_10_0057_MEMBER_INTERIOR_01']
  HIT ERR13621014: 3 baits >= 0.7 ['ECBAIT_10_0002_JUNCTION_01', 'ECBAIT_10_0002_JUNCTION_02', 'ECBAIT_10_0057_MEMBER_INTERIOR_01']
  HIT ERR13621027: 2 baits >= 0.7 ['ECBAIT_10_0057_MEMBER_INTERIOR_01', 'ECBAIT_HOST_CONTROL_01']
  HIT ERR13621032: 1 baits >= 0.7 ['ECBAIT_10_0057_MEMBER_INTERIOR_01']
  HIT ERR13621072: 4 baits >= 0.7 ['ECBAIT_0_0071_INTERIOR_MODULE_01', 'ECBAIT_10_0002_JUNCTION_01', 'ECBAIT_10_0057_MEMBER_INTERIOR_01', 'ECBAIT_HOST_CONTROL_01']
  HIT ERR13621039: 2 baits >= 0.7 ['ECBAIT_10_0057_MEMBER_INTERIOR_01', 'ECBAIT_HOST_CONTROL_01']
  HIT ERR13621061: 3 baits >= 0.7 ['ECBAIT_10_0002_JUNCTION_01', 'ECBAIT_10_0002_JUNCTION_02', 'ECBAIT_HOST_CONTROL_01']
  HIT ERR13621076: 1 baits >= 0.7 ['ECBAIT_HOST_CONTROL_01']
  HIT ERR13621079: 2 baits >= 0.7 ['ECBAIT_10_0057_MEMBER_INTERIOR_01', 'ECBAIT_10_0172_MEMBER_INTERIOR_01']
  HIT ERR13621103: 1 baits >= 0.7 ['ECBAIT_0_0052_JUNCTION_03']
  HIT ERR13621081: 2 baits >= 0.7 ['ECBAIT_10_0057_MEMBER_INTERIOR_01', 'ECBAIT_HOST_CONTROL_01']
  HIT ERR13621125: 7 baits >= 0.7 ['ECBAIT_0_0000_JUNCTION_02', 'ECBAIT_10_0002_JUNCTION_01', 'ECBAIT_10_0002_JUNCTION_02', 'ECBAIT_10_0057_INTERIOR_MODULE_01']
  HIT ERR13621126: 2 baits >= 0.7 ['ECBAIT_10_0057_MEMBER_INTERIOR_01', 'ECBAIT_1_0004_JUNCTION_01']
  HIT ERR13621182: 1 baits >= 0.7 ['ECBAIT_10_0057_MEMBER_INTERIOR_01']
  HIT ERR13621138: 1 baits >= 0.7 ['ECBAIT_1_0004_JUNCTION_01']
  HIT ERR13621193: 2 baits >= 0.7 ['ECBAIT_10_0002_JUNCTION_02', 'ECBAIT_HOST_CONTROL_01']
  HIT ERR13621211: 2 baits >= 0.7 ['ECBAIT_10_0057_MEMBER_INTERIOR_01', 'ECBAIT_HOST_CONTROL_01']
  HIT ERR13621230: 5 baits >= 0.7 ['ECBAIT_10_0002_JUNCTION_01', 'ECBAIT_10_0002_JUNCTION_02', 'ECBAIT_10_0057_INTERIOR_MODULE_01', 'ECBAIT_10_0057_JUNCTION_03']
  HIT ERR13621224: 2 baits >= 0.7 ['ECBAIT_10_0057_MEMBER_INTERIOR_01', 'ECBAIT_HOST_CONTROL_01']
  HIT ERR13621233: 2 baits >= 0.7 ['ECBAIT_0_0052_JUNCTION_01', 'ECBAIT_HOST_CONTROL_01']
  HIT ERR13621263: 3 baits >= 0.7 ['ECBAIT_10_0002_JUNCTION_01', 'ECBAIT_10_0057_MEMBER_INTERIOR_01', 'ECBAIT_HOST_CONTROL_01']
  1700/12000 processed (1672 screened, 1447 hit-accessions) 541s budget=2.8GB
  HIT ERR13621282: 6 baits >= 0.7 ['ECBAIT_0_0071_INTERIOR_MODULE_01', 'ECBAIT_0_0071_JUNCTION_01', 'ECBAIT_0_0071_JUNCTION_02', 'ECBAIT_0_0071_JUNCTION_03']
  HIT ERR13621254: 1 baits >= 0.7 ['ECBAIT_10_0057_MEMBER_INTERIOR_01']
  HIT ERR13621284: 2 baits >= 0.7 ['ECBAIT_10_0057_MEMBER_INTERIOR_01', 'ECBAIT_HOST_CONTROL_01']
  HIT ERR13621299: 3 baits >= 0.7 ['ECBAIT_10_0002_JUNCTION_01', 'ECBAIT_10_0002_JUNCTION_02', 'ECBAIT_10_0057_MEMBER_INTERIOR_01']
  HIT ERR13621318: 1 baits >= 0.7 ['ECBAIT_10_0057_MEMBER_INTERIOR_01']
  HIT ERR13621291: 2 baits >= 0.7 ['ECBAIT_0_0000_JUNCTION_02', 'ECBAIT_10_0057_MEMBER_INTERIOR_01']
  HIT ERR13621356: 3 baits >= 0.7 ['ECBAIT_10_0002_JUNCTION_01', 'ECBAIT_10_0057_MEMBER_INTERIOR_01', 'ECBAIT_HOST_CONTROL_01']
  HIT ERR13621371: 2 baits >= 0.7 ['ECBAIT_0_0052_JUNCTION_01', 'ECBAIT_HOST_CONTROL_01']
  HIT ERR1407279: 2 baits >= 0.7 ['ECBAIT_10_0057_MEMBER_INTERIOR_01', 'ECBAIT_HOST_CONTROL_01']
  HIT ERR1407278: 4 baits >= 0.7 ['ECBAIT_0_0046_MEMBER_INTERIOR_01', 'ECBAIT_10_0057_MEMBER_INTERIOR_01', 'ECBAIT_1_0022_JUNCTION_03', 'ECBAIT_HOST_CONTROL_01']
  HIT ERR1407280: 3 baits >= 0.7 ['ECBAIT_0_0052_JUNCTION_03', 'ECBAIT_0_0054_MEMBER_INTERIOR_01', 'ECBAIT_10_0057_MEMBER_INTERIOR_01']
  HIT ERR14088897: 3 baits >= 0.7 ['ECBAIT_0_0000_JUNCTION_02', 'ECBAIT_10_0057_MEMBER_INTERIOR_01', 'ECBAIT_HOST_CONTROL_01']
  HIT ERR14088899: 2 baits >= 0.7 ['ECBAIT_10_0057_MEMBER_INTERIOR_01', 'ECBAIT_HOST_CONTROL_01']
  HIT ERR14088898: 3 baits >= 0.7 ['ECBAIT_0_0000_JUNCTION_02', 'ECBAIT_10_0057_MEMBER_INTERIOR_01', 'ECBAIT_HOST_CONTROL_01']
  HIT ERR14088900: 3 baits >= 0.7 ['ECBAIT_10_0044_INTERIOR_MODULE_01', 'ECBAIT_10_0057_MEMBER_INTERIOR_01', 'ECBAIT_HOST_CONTROL_01']
  HIT ERR14088901: 2 baits >= 0.7 ['ECBAIT_10_0057_MEMBER_INTERIOR_01', 'ECBAIT_HOST_CONTROL_01']
  HIT ERR14225636: 1 baits >= 0.7 ['ECBAIT_HOST_CONTROL_01']
  HIT ERR14294518: 5 baits >= 0.7 ['ECBAIT_0_0000_INTERIOR_MODULE_01', 'ECBAIT_0_0000_JUNCTION_02', 'ECBAIT_0_0000_MEMBER_INTERIOR_01', 'ECBAIT_10_0057_MEMBER_INTERIOR_01']
  HIT ERR14088902: 4 baits >= 0.7 ['ECBAIT_0_0000_JUNCTION_01', 'ECBAIT_10_0044_INTERIOR_MODULE_01', 'ECBAIT_10_0057_MEMBER_INTERIOR_01', 'ECBAIT_HOST_CONTROL_01']
  HIT ERR14693796: 4 baits >= 0.7 ['ECBAIT_10_0002_JUNCTION_01', 'ECBAIT_10_0002_JUNCTION_02', 'ECBAIT_10_0057_MEMBER_INTERIOR_01', 'ECBAIT_HOST_CONTROL_01']
  HIT ERR14700159: 2 baits >= 0.7 ['ECBAIT_10_0172_MEMBER_INTERIOR_01', 'ECBAIT_HOST_CONTROL_01']
  HIT ERR14707587: 1 baits >= 0.7 ['ECBAIT_10_0172_MEMBER_INTERIOR_01']
  HIT ERR14707588: 1 baits >= 0.7 ['ECBAIT_HOST_CONTROL_01']
  HIT ERR14707589: 3 baits >= 0.7 ['ECBAIT_10_0002_MEMBER_INTERIOR_01', 'ECBAIT_1_0004_JUNCTION_01', 'ECBAIT_HOST_CONTROL_01']
  HIT ERR14707590: 1 baits >= 0.7 ['ECBAIT_10_0057_MEMBER_INTERIOR_01']
  HIT ERR14707616: 1 baits >= 0.7 ['ECBAIT_10_0057_MEMBER_INTERIOR_01']
  HIT ERR14707617: 2 baits >= 0.7 ['ECBAIT_1_0004_JUNCTION_01', 'ECBAIT_HOST_CONTROL_01']
  HIT ERR14707618: 1 baits >= 0.7 ['ECBAIT_HOST_CONTROL_01']
  HIT ERR14707619: 1 baits >= 0.7 ['ECBAIT_10_0172_MEMBER_INTERIOR_01']
  HIT ERR1474546: 5 baits >= 0.7 ['ECBAIT_0_0000_INTERIOR_MODULE_01', 'ECBAIT_0_0000_JUNCTION_02', 'ECBAIT_0_0000_MEMBER_INTERIOR_01', 'ECBAIT_10_0057_MEMBER_INTERIOR_01']
  HIT ERR14882587: 2 baits >= 0.7 ['ECBAIT_0_0000_JUNCTION_02', 'ECBAIT_HOST_CONTROL_01']
  HIT ERR14883044: 2 baits >= 0.7 ['ECBAIT_0_0000_JUNCTION_02', 'ECBAIT_HOST_CONTROL_01']
  HIT ERR14884509: 2 baits >= 0.7 ['ECBAIT_0_0000_JUNCTION_02', 'ECBAIT_HOST_CONTROL_01']
  HIT ERR14886226: 2 baits >= 0.7 ['ECBAIT_0_0000_JUNCTION_02', 'ECBAIT_HOST_CONTROL_01']
  1750/12000 processed (1721 screened, 1481 hit-accessions) 556s budget=2.9GB
  HIT ERR15137662: 1 baits >= 0.7 ['ECBAIT_10_0057_MEMBER_INTERIOR_01']
  1800/12000 processed (1724 screened, 1482 hit-accessions) 558s budget=2.9GB
  HIT ERR15207045: 1 baits >= 0.7 ['ECBAIT_10_0057_MEMBER_INTERIOR_01']
  HIT ERR15207048: 1 baits >= 0.7 ['ECBAIT_10_0057_MEMBER_INTERIOR_01']
  HIT ERR15207043: 1 baits >= 0.7 ['ECBAIT_10_0057_MEMBER_INTERIOR_01']
  HIT ERR15207047: 1 baits >= 0.7 ['ECBAIT_10_0057_MEMBER_INTERIOR_01']
  HIT ERR15207049: 1 baits >= 0.7 ['ECBAIT_10_0057_MEMBER_INTERIOR_01']
  HIT ERR15207050: 1 baits >= 0.7 ['ECBAIT_10_0057_MEMBER_INTERIOR_01']
  HIT ERR15207053: 1 baits >= 0.7 ['ECBAIT_10_0057_MEMBER_INTERIOR_01']
  HIT ERR15207056: 1 baits >= 0.7 ['ECBAIT_10_0057_MEMBER_INTERIOR_01']
  HIT ERR15207059: 1 baits >= 0.7 ['ECBAIT_10_0057_MEMBER_INTERIOR_01']
  HIT ERR15207060: 1 baits >= 0.7 ['ECBAIT_10_0057_MEMBER_INTERIOR_01']
  HIT ERR15207061: 1 baits >= 0.7 ['ECBAIT_10_0057_MEMBER_INTERIOR_01']
  HIT ERR15207063: 1 baits >= 0.7 ['ECBAIT_10_0057_MEMBER_INTERIOR_01']
  HIT ERR15207067: 1 baits >= 0.7 ['ECBAIT_10_0057_MEMBER_INTERIOR_01']
  HIT ERR15207068: 1 baits >= 0.7 ['ECBAIT_10_0057_MEMBER_INTERIOR_01']
  HIT ERR15207069: 1 baits >= 0.7 ['ECBAIT_10_0057_MEMBER_INTERIOR_01']
  HIT ERR15207072: 1 baits >= 0.7 ['ECBAIT_10_0057_MEMBER_INTERIOR_01']
  HIT ERR15207073: 1 baits >= 0.7 ['ECBAIT_10_0057_MEMBER_INTERIOR_01']
  HIT ERR15207076: 1 baits >= 0.7 ['ECBAIT_10_0057_MEMBER_INTERIOR_01']
  HIT ERR15207075: 1 baits >= 0.7 ['ECBAIT_10_0057_MEMBER_INTERIOR_01']
  HIT ERR15207077: 1 baits >= 0.7 ['ECBAIT_10_0057_MEMBER_INTERIOR_01']
  HIT ERR15207081: 1 baits >= 0.7 ['ECBAIT_10_0057_MEMBER_INTERIOR_01']
  HIT ERR15207079: 3 baits >= 0.7 ['ECBAIT_0_0000_JUNCTION_02', 'ECBAIT_0_0000_MEMBER_INTERIOR_01', 'ECBAIT_10_0057_MEMBER_INTERIOR_01']
  HIT ERR15207080: 1 baits >= 0.7 ['ECBAIT_10_0057_MEMBER_INTERIOR_01']
  HIT ERR15207082: 1 baits >= 0.7 ['ECBAIT_10_0057_MEMBER_INTERIOR_01']
  HIT ERR15207084: 1 baits >= 0.7 ['ECBAIT_10_0057_MEMBER_INTERIOR_01']
  HIT ERR15207083: 1 baits >= 0.7 ['ECBAIT_10_0057_MEMBER_INTERIOR_01']
  HIT ERR15207086: 1 baits >= 0.7 ['ECBAIT_10_0057_MEMBER_INTERIOR_01']
  HIT ERR15207088: 1 baits >= 0.7 ['ECBAIT_10_0057_MEMBER_INTERIOR_01']
  HIT ERR15207095: 1 baits >= 0.7 ['ECBAIT_10_0057_MEMBER_INTERIOR_01']
  HIT ERR15207093: 1 baits >= 0.7 ['ECBAIT_10_0057_MEMBER_INTERIOR_01']
  HIT ERR15207094: 1 baits >= 0.7 ['ECBAIT_10_0057_MEMBER_INTERIOR_01']
  HIT ERR15207097: 1 baits >= 0.7 ['ECBAIT_10_0057_MEMBER_INTERIOR_01']
  1850/12000 processed (1756 screened, 1514 hit-accessions) 569s budget=2.9GB
  HIT ERR15207098: 1 baits >= 0.7 ['ECBAIT_10_0057_MEMBER_INTERIOR_01']
  HIT ERR15207099: 1 baits >= 0.7 ['ECBAIT_10_0057_MEMBER_INTERIOR_01']
  HIT ERR15207102: 1 baits >= 0.7 ['ECBAIT_10_0057_MEMBER_INTERIOR_01']
  HIT ERR15207100: 1 baits >= 0.7 ['ECBAIT_10_0057_MEMBER_INTERIOR_01']
  HIT ERR15207104: 1 baits >= 0.7 ['ECBAIT_10_0057_MEMBER_INTERIOR_01']
  HIT ERR15207103: 4 baits >= 0.7 ['ECBAIT_0_0000_INTERIOR_MODULE_01', 'ECBAIT_0_0000_JUNCTION_02', 'ECBAIT_0_0000_MEMBER_INTERIOR_01', 'ECBAIT_10_0057_MEMBER_INTERIOR_01']
  HIT ERR15207105: 3 baits >= 0.7 ['ECBAIT_0_0000_JUNCTION_02', 'ECBAIT_0_0000_MEMBER_INTERIOR_01', 'ECBAIT_10_0057_MEMBER_INTERIOR_01']
  HIT ERR15207107: 1 baits >= 0.7 ['ECBAIT_10_0057_MEMBER_INTERIOR_01']
  HIT ERR15207111: 1 baits >= 0.7 ['ECBAIT_10_0057_MEMBER_INTERIOR_01']
  HIT ERR15207115: 1 baits >= 0.7 ['ECBAIT_10_0057_MEMBER_INTERIOR_01']
  HIT ERR15207110: 1 baits >= 0.7 ['ECBAIT_10_0057_MEMBER_INTERIOR_01']
  HIT ERR15207117: 1 baits >= 0.7 ['ECBAIT_10_0057_MEMBER_INTERIOR_01']
  HIT ERR15207119: 1 baits >= 0.7 ['ECBAIT_10_0057_MEMBER_INTERIOR_01']
  HIT ERR15207120: 1 baits >= 0.7 ['ECBAIT_10_0057_MEMBER_INTERIOR_01']
  HIT ERR15207123: 1 baits >= 0.7 ['ECBAIT_10_0057_MEMBER_INTERIOR_01']
  HIT ERR15242859: 1 baits >= 0.7 ['ECBAIT_10_0057_MEMBER_INTERIOR_01']
  HIT ERR15242858: 2 baits >= 0.7 ['ECBAIT_10_0002_MEMBER_INTERIOR_01', 'ECBAIT_10_0057_MEMBER_INTERIOR_01']
  HIT ERR15242863: 3 baits >= 0.7 ['ECBAIT_10_0002_MEMBER_INTERIOR_01', 'ECBAIT_10_0057_MEMBER_INTERIOR_01', 'ECBAIT_10_0172_MEMBER_INTERIOR_01']
  HIT ERR15242864: 5 baits >= 0.7 ['ECBAIT_10_0002_JUNCTION_01', 'ECBAIT_10_0002_MEMBER_INTERIOR_01', 'ECBAIT_10_0057_MEMBER_INTERIOR_01', 'ECBAIT_10_0172_MEMBER_INTERIOR_01']
  HIT ERR15242866: 5 baits >= 0.7 ['ECBAIT_10_0002_JUNCTION_01', 'ECBAIT_10_0002_MEMBER_INTERIOR_01', 'ECBAIT_10_0057_MEMBER_INTERIOR_01', 'ECBAIT_10_0151_MEMBER_INTERIOR_01']
  HIT ERR15242868: 2 baits >= 0.7 ['ECBAIT_10_0057_MEMBER_INTERIOR_01', 'ECBAIT_10_0172_MEMBER_INTERIOR_01']
  HIT ERR15242874: 2 baits >= 0.7 ['ECBAIT_0_0046_MEMBER_INTERIOR_01', 'ECBAIT_10_0057_MEMBER_INTERIOR_01']
  HIT ERR15242876: 2 baits >= 0.7 ['ECBAIT_0_0046_MEMBER_INTERIOR_01', 'ECBAIT_10_0057_MEMBER_INTERIOR_01']
  HIT ERR15242878: 1 baits >= 0.7 ['ECBAIT_10_0057_MEMBER_INTERIOR_01']
  HIT ERR15242883: 1 baits >= 0.7 ['ECBAIT_10_0002_MEMBER_INTERIOR_01']
  HIT ERR15242891: 3 baits >= 0.7 ['ECBAIT_10_0002_MEMBER_INTERIOR_01', 'ECBAIT_10_0057_MEMBER_INTERIOR_01', 'ECBAIT_1_0004_JUNCTION_02']
  HIT ERR15242895: 1 baits >= 0.7 ['ECBAIT_10_0151_MEMBER_INTERIOR_01']
  HIT ERR15242897: 3 baits >= 0.7 ['ECBAIT_10_0057_MEMBER_INTERIOR_01', 'ECBAIT_10_0151_MEMBER_INTERIOR_01', 'ECBAIT_POSCON_LAMBDA_01']
  HIT ERR15242900: 1 baits >= 0.7 ['ECBAIT_0_0046_MEMBER_INTERIOR_01']
  HIT ERR15242899: 3 baits >= 0.7 ['ECBAIT_0_0046_MEMBER_INTERIOR_01', 'ECBAIT_10_0057_MEMBER_INTERIOR_01', 'ECBAIT_10_0151_MEMBER_INTERIOR_01']
  HIT ERR15242903: 3 baits >= 0.7 ['ECBAIT_0_0046_MEMBER_INTERIOR_01', 'ECBAIT_10_0057_MEMBER_INTERIOR_01', 'ECBAIT_1_0026_JUNCTION_01']
  HIT ERR15242902: 3 baits >= 0.7 ['ECBAIT_0_0046_MEMBER_INTERIOR_01', 'ECBAIT_10_0151_MEMBER_INTERIOR_01', 'ECBAIT_10_0172_MEMBER_INTERIOR_01']
  HIT ERR15242904: 1 baits >= 0.7 ['ECBAIT_0_0046_MEMBER_INTERIOR_01']
  HIT ERR15242906: 1 baits >= 0.7 ['ECBAIT_0_0046_MEMBER_INTERIOR_01']
  HIT ERR15242907: 1 baits >= 0.7 ['ECBAIT_0_0046_MEMBER_INTERIOR_01']
  HIT ERR15242910: 1 baits >= 0.7 ['ECBAIT_10_0151_MEMBER_INTERIOR_01']
  HIT ERR15242912: 3 baits >= 0.7 ['ECBAIT_0_0046_MEMBER_INTERIOR_01', 'ECBAIT_10_0057_MEMBER_INTERIOR_01', 'ECBAIT_10_0151_MEMBER_INTERIOR_01']
  1900/12000 processed (1798 screened, 1551 hit-accessions) 583s budget=3.0GB
  HIT ERR15368118: 1 baits >= 0.7 ['ECBAIT_HOST_CONTROL_01']
  HIT ERR15242914: 2 baits >= 0.7 ['ECBAIT_0_0046_MEMBER_INTERIOR_01', 'ECBAIT_10_0057_MEMBER_INTERIOR_01']
  HIT ERR15422787: 3 baits >= 0.7 ['ECBAIT_0_0054_MEMBER_INTERIOR_01', 'ECBAIT_10_0002_MEMBER_INTERIOR_01', 'ECBAIT_10_0057_MEMBER_INTERIOR_01']
  HIT ERR15422799: 2 baits >= 0.7 ['ECBAIT_10_0057_MEMBER_INTERIOR_01', 'ECBAIT_HOST_CONTROL_02']
  HIT ERR15422800: 4 baits >= 0.7 ['ECBAIT_10_0002_JUNCTION_01', 'ECBAIT_10_0002_JUNCTION_02', 'ECBAIT_10_0002_MEMBER_INTERIOR_01', 'ECBAIT_10_0057_MEMBER_INTERIOR_01']
  HIT ERR15422803: 2 baits >= 0.7 ['ECBAIT_10_0057_MEMBER_INTERIOR_01', 'ECBAIT_HOST_CONTROL_02']
  HIT ERR15422817: 1 baits >= 0.7 ['ECBAIT_10_0057_MEMBER_INTERIOR_01']
  HIT ERR15422824: 3 baits >= 0.7 ['ECBAIT_10_0057_MEMBER_INTERIOR_01', 'ECBAIT_10_0151_JUNCTION_03', 'ECBAIT_1_0004_JUNCTION_01']
  HIT ERR15422846: 1 baits >= 0.7 ['ECBAIT_10_0057_MEMBER_INTERIOR_01']
  HIT ERR15422828: 2 baits >= 0.7 ['ECBAIT_10_0057_MEMBER_INTERIOR_01', 'ECBAIT_HOST_CONTROL_02']
  HIT ERR15422845: 1 baits >= 0.7 ['ECBAIT_10_0057_MEMBER_INTERIOR_01']
  HIT ERR15422847: 1 baits >= 0.7 ['ECBAIT_10_0057_MEMBER_INTERIOR_01']
  HIT ERR15422851: 1 baits >= 0.7 ['ECBAIT_10_0057_MEMBER_INTERIOR_01']
  HIT ERR15422849: 2 baits >= 0.7 ['ECBAIT_10_0057_MEMBER_INTERIOR_01', 'ECBAIT_HOST_CONTROL_01']
  HIT ERR15422853: 7 baits >= 0.7 ['ECBAIT_0_0000_JUNCTION_02', 'ECBAIT_0_0000_MEMBER_INTERIOR_01', 'ECBAIT_0_0014_JUNCTION_02', 'ECBAIT_0_0014_MEMBER_INTERIOR_01']
  HIT ERR15422862: 4 baits >= 0.7 ['ECBAIT_0_0000_JUNCTION_02', 'ECBAIT_0_0000_MEMBER_INTERIOR_01', 'ECBAIT_0_0054_MEMBER_INTERIOR_01', 'ECBAIT_10_0057_MEMBER_INTERIOR_01']
  HIT ERR15422858: 8 baits >= 0.7 ['ECBAIT_0_0000_JUNCTION_02', 'ECBAIT_0_0000_MEMBER_INTERIOR_01', 'ECBAIT_0_0014_JUNCTION_02', 'ECBAIT_0_0014_MEMBER_INTERIOR_01']
  HIT ERR15422866: 1 baits >= 0.7 ['ECBAIT_10_0057_MEMBER_INTERIOR_01']
  HIT ERR15422877: 2 baits >= 0.7 ['ECBAIT_10_0057_MEMBER_INTERIOR_01', 'ECBAIT_HOST_CONTROL_01']
  HIT ERR15422879: 3 baits >= 0.7 ['ECBAIT_0_0000_JUNCTION_02', 'ECBAIT_0_0000_MEMBER_INTERIOR_01', 'ECBAIT_10_0057_MEMBER_INTERIOR_01']
  HIT ERR15422880: 2 baits >= 0.7 ['ECBAIT_10_0057_MEMBER_INTERIOR_01', 'ECBAIT_HOST_CONTROL_01']
  HIT ERR15422881: 4 baits >= 0.7 ['ECBAIT_0_0000_JUNCTION_02', 'ECBAIT_0_0000_MEMBER_INTERIOR_01', 'ECBAIT_0_0014_MEMBER_INTERIOR_01', 'ECBAIT_HOST_CONTROL_02']
  HIT ERR15422883: 1 baits >= 0.7 ['ECBAIT_10_0057_MEMBER_INTERIOR_01']
  HIT ERR15422886: 1 baits >= 0.7 ['ECBAIT_10_0057_MEMBER_INTERIOR_01']
  HIT ERR15422888: 3 baits >= 0.7 ['ECBAIT_0_0000_JUNCTION_02', 'ECBAIT_10_0057_MEMBER_INTERIOR_01', 'ECBAIT_HOST_CONTROL_02']
  HIT ERR15422890: 4 baits >= 0.7 ['ECBAIT_0_0000_INTERIOR_MODULE_01', 'ECBAIT_0_0000_JUNCTION_02', 'ECBAIT_0_0000_MEMBER_INTERIOR_01', 'ECBAIT_10_0057_MEMBER_INTERIOR_01']
  HIT ERR15422894: 2 baits >= 0.7 ['ECBAIT_10_0057_MEMBER_INTERIOR_01', 'ECBAIT_1_0004_JUNCTION_01']
  HIT ERR15422898: 2 baits >= 0.7 ['ECBAIT_10_0057_MEMBER_INTERIOR_01', 'ECBAIT_HOST_CONTROL_01']
  HIT ERR15422902: 3 baits >= 0.7 ['ECBAIT_10_0057_MEMBER_INTERIOR_01', 'ECBAIT_10_0172_MEMBER_INTERIOR_01', 'ECBAIT_HOST_CONTROL_02']
  HIT ERR15423275: 5 baits >= 0.7 ['ECBAIT_0_0000_JUNCTION_02', 'ECBAIT_0_0000_MEMBER_INTERIOR_01', 'ECBAIT_10_0057_MEMBER_INTERIOR_01', 'ECBAIT_10_0172_MEMBER_INTERIOR_01']
  HIT ERR15423843: 9 baits >= 0.7 ['ECBAIT_0_0000_INTERIOR_MODULE_01', 'ECBAIT_0_0000_JUNCTION_02', 'ECBAIT_0_0000_MEMBER_INTERIOR_01', 'ECBAIT_10_0002_JUNCTION_01']
  HIT ERR15423277: 5 baits >= 0.7 ['ECBAIT_10_0002_JUNCTION_01', 'ECBAIT_10_0002_JUNCTION_02', 'ECBAIT_10_0002_MEMBER_INTERIOR_01', 'ECBAIT_10_0057_MEMBER_INTERIOR_01']
  HIT ERR15423877: 2 baits >= 0.7 ['ECBAIT_10_0057_MEMBER_INTERIOR_01', 'ECBAIT_HOST_CONTROL_02']
  HIT ERR15424147: 3 baits >= 0.7 ['ECBAIT_0_0000_JUNCTION_02', 'ECBAIT_10_0057_MEMBER_INTERIOR_01', 'ECBAIT_1_0004_JUNCTION_01']
  HIT ERR15423970: 1 baits >= 0.7 ['ECBAIT_10_0151_JUNCTION_03']
  HIT ERR15424153: 1 baits >= 0.7 ['ECBAIT_10_0057_MEMBER_INTERIOR_01']
  HIT ERR15424156: 3 baits >= 0.7 ['ECBAIT_10_0002_JUNCTION_01', 'ECBAIT_10_0002_JUNCTION_02', 'ECBAIT_HOST_CONTROL_01']
  HIT ERR15424166: 1 baits >= 0.7 ['ECBAIT_10_0057_MEMBER_INTERIOR_01']
  HIT ERR15424172: 1 baits >= 0.7 ['ECBAIT_10_0057_MEMBER_INTERIOR_01']
  HIT ERR15424179: 1 baits >= 0.7 ['ECBAIT_10_0057_MEMBER_INTERIOR_01']
  HIT ERR15424208: 3 baits >= 0.7 ['ECBAIT_10_0002_JUNCTION_01', 'ECBAIT_10_0002_MEMBER_INTERIOR_01', 'ECBAIT_10_0057_MEMBER_INTERIOR_01']
  HIT ERR15424214: 4 baits >= 0.7 ['ECBAIT_0_0000_JUNCTION_02', 'ECBAIT_0_0000_MEMBER_INTERIOR_01', 'ECBAIT_0_0054_MEMBER_INTERIOR_01', 'ECBAIT_10_0057_MEMBER_INTERIOR_01']
  HIT ERR15424211: 9 baits >= 0.7 ['ECBAIT_0_0000_JUNCTION_02', 'ECBAIT_0_0000_MEMBER_INTERIOR_01', 'ECBAIT_0_0014_JUNCTION_02', 'ECBAIT_0_0014_MEMBER_INTERIOR_01']
  HIT ERR15424221: 7 baits >= 0.7 ['ECBAIT_0_0000_INTERIOR_MODULE_01', 'ECBAIT_0_0000_JUNCTION_02', 'ECBAIT_0_0000_MEMBER_INTERIOR_01', 'ECBAIT_10_0002_JUNCTION_01']
  HIT ERR15424222: 3 baits >= 0.7 ['ECBAIT_0_0000_JUNCTION_02', 'ECBAIT_0_0000_MEMBER_INTERIOR_01', 'ECBAIT_10_0057_MEMBER_INTERIOR_01']
  1950/12000 processed (1848 screened, 1596 hit-accessions) 600s budget=3.1GB
  HIT ERR15424226: 5 baits >= 0.7 ['ECBAIT_0_0000_JUNCTION_02', 'ECBAIT_0_0000_MEMBER_INTERIOR_01', 'ECBAIT_0_0014_MEMBER_INTERIOR_01', 'ECBAIT_10_0172_MEMBER_INTERIOR_01']
  HIT ERR15424228: 3 baits >= 0.7 ['ECBAIT_0_0000_MEMBER_INTERIOR_01', 'ECBAIT_0_0054_MEMBER_INTERIOR_01', 'ECBAIT_10_0057_MEMBER_INTERIOR_01']
  HIT ERR15424232: 1 baits >= 0.7 ['ECBAIT_10_0057_MEMBER_INTERIOR_01']
  HIT ERR15424439: 4 baits >= 0.7 ['ECBAIT_0_0000_JUNCTION_02', 'ECBAIT_0_0000_MEMBER_INTERIOR_01', 'ECBAIT_10_0057_MEMBER_INTERIOR_01', 'ECBAIT_HOST_CONTROL_02']
  HIT ERR15424440: 5 baits >= 0.7 ['ECBAIT_0_0000_INTERIOR_MODULE_01', 'ECBAIT_0_0000_JUNCTION_02', 'ECBAIT_0_0000_MEMBER_INTERIOR_01', 'ECBAIT_10_0057_MEMBER_INTERIOR_01']
  HIT ERR15424441: 4 baits >= 0.7 ['ECBAIT_0_0000_INTERIOR_MODULE_01', 'ECBAIT_0_0000_JUNCTION_02', 'ECBAIT_0_0000_MEMBER_INTERIOR_01', 'ECBAIT_10_0057_MEMBER_INTERIOR_01']
  HIT ERR15424444: 1 baits >= 0.7 ['ECBAIT_10_0057_MEMBER_INTERIOR_01']
  HIT ERR15424445: 2 baits >= 0.7 ['ECBAIT_10_0057_MEMBER_INTERIOR_01', 'ECBAIT_1_0004_JUNCTION_01']
  HIT ERR15426953: 3 baits >= 0.7 ['ECBAIT_10_0057_MEMBER_INTERIOR_01', 'ECBAIT_10_0172_MEMBER_INTERIOR_01', 'ECBAIT_HOST_CONTROL_02']
  HIT ERR15426954: 3 baits >= 0.7 ['ECBAIT_10_0002_JUNCTION_01', 'ECBAIT_10_0002_JUNCTION_02', 'ECBAIT_HOST_CONTROL_01']
  HIT ERR15466627: 2 baits >= 0.7 ['ECBAIT_10_0057_MEMBER_INTERIOR_01', 'ECBAIT_HOST_CONTROL_01']
  HIT ERR15466628: 1 baits >= 0.7 ['ECBAIT_10_0057_MEMBER_INTERIOR_01']
  HIT ERR15466632: 2 baits >= 0.7 ['ECBAIT_10_0002_MEMBER_INTERIOR_01', 'ECBAIT_10_0057_MEMBER_INTERIOR_01']
  HIT ERR15466633: 2 baits >= 0.7 ['ECBAIT_0_0046_MEMBER_INTERIOR_01', 'ECBAIT_10_0151_MEMBER_INTERIOR_01']
  HIT ERR15466637: 1 baits >= 0.7 ['ECBAIT_10_0057_MEMBER_INTERIOR_01']
  HIT ERR15466641: 1 baits >= 0.7 ['ECBAIT_HOST_CONTROL_01']
  HIT ERR15466643: 1 baits >= 0.7 ['ECBAIT_HOST_CONTROL_01']
  HIT ERR15466645: 1 baits >= 0.7 ['ECBAIT_HOST_CONTROL_01']
  HIT ERR15466647: 1 baits >= 0.7 ['ECBAIT_HOST_CONTROL_01']
  HIT ERR15466649: 3 baits >= 0.7 ['ECBAIT_0_0000_JUNCTION_02', 'ECBAIT_10_0057_MEMBER_INTERIOR_01', 'ECBAIT_10_0151_JUNCTION_03']
  HIT ERR15466650: 1 baits >= 0.7 ['ECBAIT_10_0057_MEMBER_INTERIOR_01']
  HIT ERR15466652: 2 baits >= 0.7 ['ECBAIT_10_0002_MEMBER_INTERIOR_01', 'ECBAIT_10_0057_MEMBER_INTERIOR_01']
  HIT ERR15466654: 2 baits >= 0.7 ['ECBAIT_0_0000_JUNCTION_02', 'ECBAIT_10_0057_MEMBER_INTERIOR_01']
  HIT ERR15466655: 1 baits >= 0.7 ['ECBAIT_10_0057_MEMBER_INTERIOR_01']
  HIT ERR15466659: 4 baits >= 0.7 ['ECBAIT_0_0046_MEMBER_INTERIOR_01', 'ECBAIT_10_0057_MEMBER_INTERIOR_01', 'ECBAIT_1_0022_JUNCTION_03', 'ECBAIT_HOST_CONTROL_02']
  HIT ERR15466661: 1 baits >= 0.7 ['ECBAIT_HOST_CONTROL_01']
  HIT ERR15466662: 2 baits >= 0.7 ['ECBAIT_10_0057_MEMBER_INTERIOR_01', 'ECBAIT_HOST_CONTROL_01']
  HIT ERR15466663: 3 baits >= 0.7 ['ECBAIT_10_0002_JUNCTION_01', 'ECBAIT_10_0002_JUNCTION_02', 'ECBAIT_10_0057_MEMBER_INTERIOR_01']
  HIT ERR15466665: 3 baits >= 0.7 ['ECBAIT_10_0057_MEMBER_INTERIOR_01', 'ECBAIT_10_0172_MEMBER_INTERIOR_01', 'ECBAIT_HOST_CONTROL_01']
  HIT ERR15466666: 2 baits >= 0.7 ['ECBAIT_10_0057_MEMBER_INTERIOR_01', 'ECBAIT_10_0172_MEMBER_INTERIOR_01']
  HIT ERR15466669: 4 baits >= 0.7 ['ECBAIT_0_0046_MEMBER_INTERIOR_01', 'ECBAIT_10_0057_MEMBER_INTERIOR_01', 'ECBAIT_1_0022_JUNCTION_03', 'ECBAIT_HOST_CONTROL_02']
  HIT ERR15466670: 1 baits >= 0.7 ['ECBAIT_HOST_CONTROL_01']
  HIT ERR15466671: 1 baits >= 0.7 ['ECBAIT_10_0002_MEMBER_INTERIOR_01']
  HIT ERR15466672: 2 baits >= 0.7 ['ECBAIT_10_0057_MEMBER_INTERIOR_01', 'ECBAIT_10_0151_JUNCTION_03']
  HIT ERR15466822: 3 baits >= 0.7 ['ECBAIT_10_0057_MEMBER_INTERIOR_01', 'ECBAIT_10_0151_JUNCTION_03', 'ECBAIT_10_0172_MEMBER_INTERIOR_01']
  HIT ERR15466823: 1 baits >= 0.7 ['ECBAIT_10_0057_MEMBER_INTERIOR_01']
  HIT ERR15466824: 1 baits >= 0.7 ['ECBAIT_HOST_CONTROL_01']
  HIT ERR15466827: 2 baits >= 0.7 ['ECBAIT_10_0057_MEMBER_INTERIOR_01', 'ECBAIT_10_0172_MEMBER_INTERIOR_01']
  HIT ERR15466830: 4 baits >= 0.7 ['ECBAIT_10_0002_JUNCTION_01', 'ECBAIT_10_0002_MEMBER_INTERIOR_01', 'ECBAIT_10_0057_MEMBER_INTERIOR_01', 'ECBAIT_10_0172_MEMBER_INTERIOR_01']
  HIT ERR15466831: 1 baits >= 0.7 ['ECBAIT_HOST_CONTROL_01']
  HIT ERR15466832: 1 baits >= 0.7 ['ECBAIT_10_0151_MEMBER_INTERIOR_01']
  HIT ERR15466836: 1 baits >= 0.7 ['ECBAIT_10_0057_MEMBER_INTERIOR_01']
  HIT ERR15466837: 5 baits >= 0.7 ['ECBAIT_10_0002_MEMBER_INTERIOR_01', 'ECBAIT_10_0057_MEMBER_INTERIOR_01', 'ECBAIT_10_0151_MEMBER_INTERIOR_01', 'ECBAIT_10_0172_MEMBER_INTERIOR_01']
  2000/12000 processed (1898 screened, 1639 hit-accessions) 617s budget=3.2GB
  HIT ERR15466838: 1 baits >= 0.7 ['ECBAIT_HOST_CONTROL_01']
  HIT ERR15466839: 1 baits >= 0.7 ['ECBAIT_10_0057_MEMBER_INTERIOR_01']
  HIT ERR15466840: 1 baits >= 0.7 ['ECBAIT_HOST_CONTROL_01']
  HIT ERR15466842: 1 baits >= 0.7 ['ECBAIT_10_0057_MEMBER_INTERIOR_01']
  HIT ERR15466843: 3 baits >= 0.7 ['ECBAIT_10_0057_MEMBER_INTERIOR_01', 'ECBAIT_10_0172_MEMBER_INTERIOR_01', 'ECBAIT_HOST_CONTROL_01']
  HIT ERR15466844: 2 baits >= 0.7 ['ECBAIT_10_0057_MEMBER_INTERIOR_01', 'ECBAIT_HOST_CONTROL_01']
  HIT ERR15466847: 1 baits >= 0.7 ['ECBAIT_1_0004_JUNCTION_01']
  HIT ERR15466849: 1 baits >= 0.7 ['ECBAIT_10_0057_MEMBER_INTERIOR_01']
  HIT ERR15466852: 4 baits >= 0.7 ['ECBAIT_10_0057_MEMBER_INTERIOR_01', 'ECBAIT_10_0151_JUNCTION_03', 'ECBAIT_10_0151_MEMBER_INTERIOR_01', 'ECBAIT_10_0172_MEMBER_INTERIOR_01']
  HIT ERR15466851: 1 baits >= 0.7 ['ECBAIT_10_0057_MEMBER_INTERIOR_01']
  HIT ERR15466853: 2 baits >= 0.7 ['ECBAIT_10_0057_MEMBER_INTERIOR_01', 'ECBAIT_HOST_CONTROL_01']
  HIT ERR15466859: 2 baits >= 0.7 ['ECBAIT_10_0151_JUNCTION_03', 'ECBAIT_1_0004_JUNCTION_01']
  HIT ERR15466862: 5 baits >= 0.7 ['ECBAIT_0_0000_MEMBER_INTERIOR_01', 'ECBAIT_0_0054_MEMBER_INTERIOR_01', 'ECBAIT_10_0057_MEMBER_INTERIOR_01', 'ECBAIT_10_0172_MEMBER_INTERIOR_01']
  HIT ERR15466867: 2 baits >= 0.7 ['ECBAIT_0_0000_JUNCTION_02', 'ECBAIT_0_0052_JUNCTION_03']
  HIT ERR15466864: 2 baits >= 0.7 ['ECBAIT_10_0057_MEMBER_INTERIOR_01', 'ECBAIT_HOST_CONTROL_01']
  HIT ERR15466868: 1 baits >= 0.7 ['ECBAIT_10_0057_MEMBER_INTERIOR_01']
  HIT ERR15466869: 1 baits >= 0.7 ['ECBAIT_10_0057_MEMBER_INTERIOR_01']
  HIT ERR15466875: 2 baits >= 0.7 ['ECBAIT_10_0057_MEMBER_INTERIOR_01', 'ECBAIT_HOST_CONTROL_01']
  HIT ERR15466873: 3 baits >= 0.7 ['ECBAIT_0_0000_JUNCTION_02', 'ECBAIT_0_0000_MEMBER_INTERIOR_01', 'ECBAIT_HOST_CONTROL_02']
  HIT ERR15479743: 2 baits >= 0.7 ['ECBAIT_10_0057_MEMBER_INTERIOR_01', 'ECBAIT_HOST_CONTROL_01']
  HIT ERR15479772: 3 baits >= 0.7 ['ECBAIT_10_0057_MEMBER_INTERIOR_01', 'ECBAIT_1_0004_JUNCTION_01', 'ECBAIT_HOST_CONTROL_01']
  HIT ERR15479768: 1 baits >= 0.7 ['ECBAIT_10_0057_MEMBER_INTERIOR_01']
  HIT ERR15479781: 4 baits >= 0.7 ['ECBAIT_0_0000_JUNCTION_02', 'ECBAIT_0_0000_MEMBER_INTERIOR_01', 'ECBAIT_10_0057_MEMBER_INTERIOR_01', 'ECBAIT_HOST_CONTROL_01']
  HIT ERR15479785: 1 baits >= 0.7 ['ECBAIT_10_0057_MEMBER_INTERIOR_01']
  HIT ERR15479799: 1 baits >= 0.7 ['ECBAIT_10_0057_MEMBER_INTERIOR_01']
  HIT ERR15479798: 2 baits >= 0.7 ['ECBAIT_10_0057_MEMBER_INTERIOR_01', 'ECBAIT_HOST_CONTROL_01']
  HIT ERR15516511: 1 baits >= 0.7 ['ECBAIT_10_0057_MEMBER_INTERIOR_01']
  HIT ERR15531306: 1 baits >= 0.7 ['ECBAIT_HOST_CONTROL_02']
  HIT ERR15521499: 2 baits >= 0.7 ['ECBAIT_0_0000_JUNCTION_02', 'ECBAIT_HOST_CONTROL_02']
  HIT ERR15531307: 2 baits >= 0.7 ['ECBAIT_10_0057_MEMBER_INTERIOR_01', 'ECBAIT_HOST_CONTROL_02']
  HIT ERR15531308: 1 baits >= 0.7 ['ECBAIT_HOST_CONTROL_01']
  HIT ERR15531309: 1 baits >= 0.7 ['ECBAIT_HOST_CONTROL_01']
  HIT ERR15531310: 4 baits >= 0.7 ['ECBAIT_0_0046_MEMBER_INTERIOR_01', 'ECBAIT_10_0057_MEMBER_INTERIOR_01', 'ECBAIT_1_0022_JUNCTION_03', 'ECBAIT_HOST_CONTROL_02']
  HIT ERR15531311: 4 baits >= 0.7 ['ECBAIT_0_0046_MEMBER_INTERIOR_01', 'ECBAIT_10_0057_MEMBER_INTERIOR_01', 'ECBAIT_1_0022_JUNCTION_03', 'ECBAIT_HOST_CONTROL_02']
  HIT ERR15531312: 6 baits >= 0.7 ['ECBAIT_0_0000_INTERIOR_MODULE_01', 'ECBAIT_0_0000_JUNCTION_02', 'ECBAIT_0_0000_MEMBER_INTERIOR_01', 'ECBAIT_0_0052_JUNCTION_03']
  HIT ERR15531313: 6 baits >= 0.7 ['ECBAIT_0_0000_INTERIOR_MODULE_01', 'ECBAIT_0_0000_JUNCTION_02', 'ECBAIT_0_0000_MEMBER_INTERIOR_01', 'ECBAIT_0_0052_JUNCTION_03']
  HIT ERR15531314: 6 baits >= 0.7 ['ECBAIT_0_0000_INTERIOR_MODULE_01', 'ECBAIT_0_0000_JUNCTION_02', 'ECBAIT_0_0000_MEMBER_INTERIOR_01', 'ECBAIT_0_0052_JUNCTION_03']
  HIT ERR15531315: 3 baits >= 0.7 ['ECBAIT_0_0052_JUNCTION_03', 'ECBAIT_0_0054_MEMBER_INTERIOR_01', 'ECBAIT_10_0057_MEMBER_INTERIOR_01']
  HIT ERR15531317: 3 baits >= 0.7 ['ECBAIT_0_0052_JUNCTION_03', 'ECBAIT_0_0054_MEMBER_INTERIOR_01', 'ECBAIT_10_0057_MEMBER_INTERIOR_01']
  HIT ERR15531318: 1 baits >= 0.7 ['ECBAIT_0_0000_JUNCTION_02']
  HIT ERR15531319: 6 baits >= 0.7 ['ECBAIT_0_0000_INTERIOR_MODULE_01', 'ECBAIT_0_0000_JUNCTION_02', 'ECBAIT_0_0000_MEMBER_INTERIOR_01', 'ECBAIT_0_0052_JUNCTION_03']
  HIT ERR15531320: 2 baits >= 0.7 ['ECBAIT_10_0002_MEMBER_INTERIOR_01', 'ECBAIT_10_0057_MEMBER_INTERIOR_01']
  HIT ERR15531321: 2 baits >= 0.7 ['ECBAIT_0_0000_JUNCTION_02', 'ECBAIT_10_0172_MEMBER_INTERIOR_01']
  HIT ERR15531322: 2 baits >= 0.7 ['ECBAIT_10_0002_MEMBER_INTERIOR_01', 'ECBAIT_10_0057_MEMBER_INTERIOR_01']
  HIT ERR15531324: 1 baits >= 0.7 ['ECBAIT_10_0057_MEMBER_INTERIOR_01']
  HIT ERR15531323: 1 baits >= 0.7 ['ECBAIT_10_0057_MEMBER_INTERIOR_01']
  2050/12000 processed (1948 screened, 1685 hit-accessions) 632s budget=3.3GB
  HIT ERR15531325: 1 baits >= 0.7 ['ECBAIT_10_0057_MEMBER_INTERIOR_01']
  HIT ERR15531327: 4 baits >= 0.7 ['ECBAIT_0_0000_JUNCTION_02', 'ECBAIT_0_0000_MEMBER_INTERIOR_01', 'ECBAIT_10_0057_MEMBER_INTERIOR_01', 'ECBAIT_HOST_CONTROL_02']
  HIT ERR15531326: 1 baits >= 0.7 ['ECBAIT_HOST_CONTROL_01']
  HIT ERR15531328: 3 baits >= 0.7 ['ECBAIT_0_0052_JUNCTION_03', 'ECBAIT_0_0054_MEMBER_INTERIOR_01', 'ECBAIT_10_0057_MEMBER_INTERIOR_01']
  HIT ERR15531329: 1 baits >= 0.7 ['ECBAIT_10_0057_MEMBER_INTERIOR_01']
  HIT ERR15531330: 2 baits >= 0.7 ['ECBAIT_0_0000_MEMBER_INTERIOR_01', 'ECBAIT_10_0057_MEMBER_INTERIOR_01']
  HIT ERR15531331: 2 baits >= 0.7 ['ECBAIT_10_0057_MEMBER_INTERIOR_01', 'ECBAIT_HOST_CONTROL_01']
  HIT ERR15531332: 1 baits >= 0.7 ['ECBAIT_10_0057_MEMBER_INTERIOR_01']
  HIT ERR15531333: 1 baits >= 0.7 ['ECBAIT_10_0057_MEMBER_INTERIOR_01']
  HIT ERR15531334: 1 baits >= 0.7 ['ECBAIT_10_0057_MEMBER_INTERIOR_01']
  HIT ERR15531338: 1 baits >= 0.7 ['ECBAIT_10_0057_MEMBER_INTERIOR_01']
  HIT ERR15531337: 4 baits >= 0.7 ['ECBAIT_0_0000_JUNCTION_02', 'ECBAIT_10_0057_MEMBER_INTERIOR_01', 'ECBAIT_10_0151_JUNCTION_03', 'ECBAIT_10_0172_MEMBER_INTERIOR_01']
  HIT ERR15531339: 5 baits >= 0.7 ['ECBAIT_0_0000_INTERIOR_MODULE_01', 'ECBAIT_0_0000_JUNCTION_02', 'ECBAIT_0_0000_MEMBER_INTERIOR_01', 'ECBAIT_10_0057_MEMBER_INTERIOR_01']
  HIT ERR15531340: 1 baits >= 0.7 ['ECBAIT_10_0057_MEMBER_INTERIOR_01']
  HIT ERR15531341: 1 baits >= 0.7 ['ECBAIT_0_0000_JUNCTION_02']
  HIT ERR15531342: 2 baits >= 0.7 ['ECBAIT_0_0000_JUNCTION_02', 'ECBAIT_HOST_CONTROL_01']
  HIT ERR15531343: 3 baits >= 0.7 ['ECBAIT_0_0000_JUNCTION_02', 'ECBAIT_0_0000_MEMBER_INTERIOR_01', 'ECBAIT_10_0057_MEMBER_INTERIOR_01']
  HIT ERR15531344: 1 baits >= 0.7 ['ECBAIT_10_0057_MEMBER_INTERIOR_01']
  HIT ERR15531346: 1 baits >= 0.7 ['ECBAIT_10_0057_MEMBER_INTERIOR_01']
  HIT ERR15531347: 1 baits >= 0.7 ['ECBAIT_10_0057_MEMBER_INTERIOR_01']
  HIT ERR15531345: 1 baits >= 0.7 ['ECBAIT_10_0057_MEMBER_INTERIOR_01']
  HIT ERR15531348: 1 baits >= 0.7 ['ECBAIT_10_0057_MEMBER_INTERIOR_01']
  HIT ERR15531349: 3 baits >= 0.7 ['ECBAIT_10_0057_MEMBER_INTERIOR_01', 'ECBAIT_10_0151_JUNCTION_03', 'ECBAIT_10_0172_MEMBER_INTERIOR_01']
  HIT ERR15531351: 1 baits >= 0.7 ['ECBAIT_10_0057_MEMBER_INTERIOR_01']
  HIT ERR15531350: 1 baits >= 0.7 ['ECBAIT_10_0057_MEMBER_INTERIOR_01']
  HIT ERR15531352: 2 baits >= 0.7 ['ECBAIT_10_0057_MEMBER_INTERIOR_01', 'ECBAIT_HOST_CONTROL_01']
  HIT ERR15531353: 1 baits >= 0.7 ['ECBAIT_1_0004_JUNCTION_01']
  HIT ERR15531355: 1 baits >= 0.7 ['ECBAIT_10_0057_MEMBER_INTERIOR_01']
  HIT ERR15531354: 2 baits >= 0.7 ['ECBAIT_10_0002_MEMBER_INTERIOR_01', 'ECBAIT_10_0057_MEMBER_INTERIOR_01']
  HIT ERR15569415: 1 baits >= 0.7 ['ECBAIT_HOST_CONTROL_01']
  HIT ERR15569416: 1 baits >= 0.7 ['ECBAIT_HOST_CONTROL_01']
  HIT ERR15569417: 1 baits >= 0.7 ['ECBAIT_HOST_CONTROL_01']
  HIT ERR15569418: 3 baits >= 0.7 ['ECBAIT_10_0002_JUNCTION_01', 'ECBAIT_10_0057_MEMBER_INTERIOR_01', 'ECBAIT_HOST_CONTROL_01']
  HIT ERR1560026: 2 baits >= 0.7 ['ECBAIT_10_0057_MEMBER_INTERIOR_01', 'ECBAIT_HOST_CONTROL_02']
  HIT ERR1560027: 2 baits >= 0.7 ['ECBAIT_10_0057_MEMBER_INTERIOR_01', 'ECBAIT_HOST_CONTROL_02']
  HIT ERR1560028: 2 baits >= 0.7 ['ECBAIT_10_0057_MEMBER_INTERIOR_01', 'ECBAIT_HOST_CONTROL_02']
  HIT ERR1560029: 2 baits >= 0.7 ['ECBAIT_10_0057_MEMBER_INTERIOR_01', 'ECBAIT_HOST_CONTROL_02']
  HIT ERR1560030: 2 baits >= 0.7 ['ECBAIT_10_0057_MEMBER_INTERIOR_01', 'ECBAIT_HOST_CONTROL_02']
  HIT ERR1560031: 2 baits >= 0.7 ['ECBAIT_10_0057_MEMBER_INTERIOR_01', 'ECBAIT_HOST_CONTROL_02']
  HIT ERR1560032: 2 baits >= 0.7 ['ECBAIT_10_0057_MEMBER_INTERIOR_01', 'ECBAIT_HOST_CONTROL_02']
  HIT ERR1560033: 2 baits >= 0.7 ['ECBAIT_10_0057_MEMBER_INTERIOR_01', 'ECBAIT_HOST_CONTROL_02']
  HIT ERR1560034: 2 baits >= 0.7 ['ECBAIT_10_0057_MEMBER_INTERIOR_01', 'ECBAIT_HOST_CONTROL_02']
  HIT ERR1560035: 2 baits >= 0.7 ['ECBAIT_10_0057_MEMBER_INTERIOR_01', 'ECBAIT_HOST_CONTROL_02']
  HIT ERR1560036: 2 baits >= 0.7 ['ECBAIT_10_0057_MEMBER_INTERIOR_01', 'ECBAIT_HOST_CONTROL_02']
  HIT ERR1560037: 2 baits >= 0.7 ['ECBAIT_10_0057_MEMBER_INTERIOR_01', 'ECBAIT_HOST_CONTROL_02']
  HIT ERR1560038: 2 baits >= 0.7 ['ECBAIT_10_0057_MEMBER_INTERIOR_01', 'ECBAIT_HOST_CONTROL_02']
  HIT ERR1560039: 2 baits >= 0.7 ['ECBAIT_10_0057_MEMBER_INTERIOR_01', 'ECBAIT_HOST_CONTROL_02']
  HIT ERR1560041: 2 baits >= 0.7 ['ECBAIT_10_0057_MEMBER_INTERIOR_01', 'ECBAIT_HOST_CONTROL_02']
  2100/12000 processed (1998 screened, 1733 hit-accessions) 649s budget=3.4GB
  HIT ERR1560040: 2 baits >= 0.7 ['ECBAIT_10_0057_MEMBER_INTERIOR_01', 'ECBAIT_HOST_CONTROL_02']
  HIT ERR15665823: 4 baits >= 0.7 ['ECBAIT_0_0054_MEMBER_INTERIOR_01', 'ECBAIT_10_0057_MEMBER_INTERIOR_01', 'ECBAIT_10_0172_MEMBER_INTERIOR_01', 'ECBAIT_1_0004_MEMBER_INTERIOR_01']
  HIT ERR15665842: 2 baits >= 0.7 ['ECBAIT_10_0057_MEMBER_INTERIOR_01', 'ECBAIT_10_0172_MEMBER_INTERIOR_01']
  HIT ERR15665849: 2 baits >= 0.7 ['ECBAIT_10_0057_MEMBER_INTERIOR_01', 'ECBAIT_10_0172_MEMBER_INTERIOR_01']
  HIT ERR15665851: 3 baits >= 0.7 ['ECBAIT_10_0002_MEMBER_INTERIOR_01', 'ECBAIT_10_0057_MEMBER_INTERIOR_01', 'ECBAIT_10_0172_MEMBER_INTERIOR_01']
  HIT ERR15665852: 2 baits >= 0.7 ['ECBAIT_10_0057_MEMBER_INTERIOR_01', 'ECBAIT_HOST_CONTROL_01']
  HIT ERR15665862: 3 baits >= 0.7 ['ECBAIT_10_0002_MEMBER_INTERIOR_01', 'ECBAIT_10_0057_MEMBER_INTERIOR_01', 'ECBAIT_10_0172_MEMBER_INTERIOR_01']
  HIT ERR15665867: 2 baits >= 0.7 ['ECBAIT_10_0057_MEMBER_INTERIOR_01', 'ECBAIT_HOST_CONTROL_01']
  HIT ERR15665868: 2 baits >= 0.7 ['ECBAIT_10_0057_MEMBER_INTERIOR_01', 'ECBAIT_HOST_CONTROL_01']
  HIT ERR15665871: 7 baits >= 0.7 ['ECBAIT_0_0000_JUNCTION_02', 'ECBAIT_0_0000_MEMBER_INTERIOR_01', 'ECBAIT_0_0014_JUNCTION_02', 'ECBAIT_0_0014_MEMBER_INTERIOR_01']
  HIT ERR15665872: 3 baits >= 0.7 ['ECBAIT_10_0002_JUNCTION_01', 'ECBAIT_10_0057_MEMBER_INTERIOR_01', 'ECBAIT_1_0004_INTERIOR_MODULE_01']
  HIT ERR15665873: 2 baits >= 0.7 ['ECBAIT_10_0057_MEMBER_INTERIOR_01', 'ECBAIT_HOST_CONTROL_02']
  HIT ERR15665878: 2 baits >= 0.7 ['ECBAIT_10_0002_MEMBER_INTERIOR_01', 'ECBAIT_10_0057_MEMBER_INTERIOR_01']
  HIT ERR15665881: 1 baits >= 0.7 ['ECBAIT_10_0057_MEMBER_INTERIOR_01']
  HIT ERR15665900: 1 baits >= 0.7 ['ECBAIT_10_0057_MEMBER_INTERIOR_01']
  HIT ERR15665901: 2 baits >= 0.7 ['ECBAIT_10_0057_MEMBER_INTERIOR_01', 'ECBAIT_10_0172_MEMBER_INTERIOR_01']
  HIT ERR15665903: 3 baits >= 0.7 ['ECBAIT_10_0057_MEMBER_INTERIOR_01', 'ECBAIT_10_0172_MEMBER_INTERIOR_01', 'ECBAIT_HOST_CONTROL_02']
  HIT ERR15665902: 1 baits >= 0.7 ['ECBAIT_10_0057_MEMBER_INTERIOR_01']
  HIT ERR15665905: 3 baits >= 0.7 ['ECBAIT_10_0057_MEMBER_INTERIOR_01', 'ECBAIT_10_0172_MEMBER_INTERIOR_01', 'ECBAIT_HOST_CONTROL_02']
  HIT ERR15665915: 5 baits >= 0.7 ['ECBAIT_0_0052_JUNCTION_03', 'ECBAIT_0_0054_MEMBER_INTERIOR_01', 'ECBAIT_10_0172_MEMBER_INTERIOR_01', 'ECBAIT_1_0026_JUNCTION_01']
  HIT ERR15745354: 1 baits >= 0.7 ['ECBAIT_10_0057_MEMBER_INTERIOR_01']
  HIT ERR15745359: 1 baits >= 0.7 ['ECBAIT_0_0094_MEMBER_INTERIOR_01']
  HIT ERR15745360: 1 baits >= 0.7 ['ECBAIT_0_0094_MEMBER_INTERIOR_01']
  HIT ERR15745376: 1 baits >= 0.7 ['ECBAIT_0_0094_MEMBER_INTERIOR_01']
  HIT ERR15745393: 1 baits >= 0.7 ['ECBAIT_0_0094_MEMBER_INTERIOR_01']
  HIT ERR15745407: 2 baits >= 0.7 ['ECBAIT_10_0057_MEMBER_INTERIOR_01', 'ECBAIT_HOST_CONTROL_01']
  HIT ERR15745439: 1 baits >= 0.7 ['ECBAIT_10_0057_MEMBER_INTERIOR_01']
  HIT ERR15745446: 2 baits >= 0.7 ['ECBAIT_10_0057_MEMBER_INTERIOR_01', 'ECBAIT_HOST_CONTROL_01']
  HIT ERR15745453: 2 baits >= 0.7 ['ECBAIT_0_0094_JUNCTION_01', 'ECBAIT_HOST_CONTROL_01']
  HIT ERR15745447: 2 baits >= 0.7 ['ECBAIT_10_0057_MEMBER_INTERIOR_01', 'ECBAIT_HOST_CONTROL_01']
  HIT ERR15745461: 1 baits >= 0.7 ['ECBAIT_10_0057_MEMBER_INTERIOR_01']
  HIT ERR15745463: 1 baits >= 0.7 ['ECBAIT_10_0057_MEMBER_INTERIOR_01']
  HIT ERR15745464: 1 baits >= 0.7 ['ECBAIT_10_0057_MEMBER_INTERIOR_01']
  HIT ERR15745472: 1 baits >= 0.7 ['ECBAIT_HOST_CONTROL_01']
  HIT ERR15745467: 1 baits >= 0.7 ['ECBAIT_HOST_CONTROL_01']
  HIT ERR15745478: 2 baits >= 0.7 ['ECBAIT_10_0057_MEMBER_INTERIOR_01', 'ECBAIT_HOST_CONTROL_01']
  HIT ERR15745479: 2 baits >= 0.7 ['ECBAIT_10_0002_MEMBER_INTERIOR_01', 'ECBAIT_10_0057_MEMBER_INTERIOR_01']
  HIT ERR15745482: 3 baits >= 0.7 ['ECBAIT_10_0002_MEMBER_INTERIOR_01', 'ECBAIT_10_0057_MEMBER_INTERIOR_01', 'ECBAIT_10_0172_MEMBER_INTERIOR_01']
  HIT ERR15745484: 2 baits >= 0.7 ['ECBAIT_10_0057_MEMBER_INTERIOR_01', 'ECBAIT_10_0172_MEMBER_INTERIOR_01']
  HIT ERR15745492: 1 baits >= 0.7 ['ECBAIT_0_0094_MEMBER_INTERIOR_01']
  HIT ERR15745493: 3 baits >= 0.7 ['ECBAIT_10_0002_JUNCTION_02', 'ECBAIT_10_0002_MEMBER_INTERIOR_01', 'ECBAIT_10_0057_MEMBER_INTERIOR_01']
  HIT ERR15745502: 3 baits >= 0.7 ['ECBAIT_10_0002_MEMBER_INTERIOR_01', 'ECBAIT_10_0057_MEMBER_INTERIOR_01', 'ECBAIT_10_0172_MEMBER_INTERIOR_01']
  HIT ERR15745506: 3 baits >= 0.7 ['ECBAIT_10_0002_MEMBER_INTERIOR_01', 'ECBAIT_10_0057_MEMBER_INTERIOR_01', 'ECBAIT_10_0172_MEMBER_INTERIOR_01']
  2150/12000 processed (2048 screened, 1776 hit-accessions) 665s budget=3.5GB
  HIT ERR15745512: 3 baits >= 0.7 ['ECBAIT_10_0002_JUNCTION_01', 'ECBAIT_10_0002_JUNCTION_02', 'ECBAIT_HOST_CONTROL_01']
  HIT ERR15745514: 2 baits >= 0.7 ['ECBAIT_10_0002_MEMBER_INTERIOR_01', 'ECBAIT_10_0057_MEMBER_INTERIOR_01']
  HIT ERR15745521: 2 baits >= 0.7 ['ECBAIT_10_0002_MEMBER_INTERIOR_01', 'ECBAIT_10_0057_MEMBER_INTERIOR_01']
  HIT ERR15745523: 2 baits >= 0.7 ['ECBAIT_10_0002_MEMBER_INTERIOR_01', 'ECBAIT_10_0057_MEMBER_INTERIOR_01']
  HIT ERR15745532: 2 baits >= 0.7 ['ECBAIT_10_0002_MEMBER_INTERIOR_01', 'ECBAIT_10_0057_MEMBER_INTERIOR_01']
  HIT ERR15745541: 2 baits >= 0.7 ['ECBAIT_10_0002_MEMBER_INTERIOR_01', 'ECBAIT_10_0057_MEMBER_INTERIOR_01']
  HIT ERR15745546: 2 baits >= 0.7 ['ECBAIT_10_0002_MEMBER_INTERIOR_01', 'ECBAIT_10_0057_MEMBER_INTERIOR_01']
  HIT ERR15745549: 3 baits >= 0.7 ['ECBAIT_10_0002_MEMBER_INTERIOR_01', 'ECBAIT_10_0057_MEMBER_INTERIOR_01', 'ECBAIT_10_0172_MEMBER_INTERIOR_01']
  HIT ERR15745561: 2 baits >= 0.7 ['ECBAIT_0_0094_JUNCTION_01', 'ECBAIT_HOST_CONTROL_01']
  HIT ERR15745562: 2 baits >= 0.7 ['ECBAIT_0_0094_JUNCTION_01', 'ECBAIT_HOST_CONTROL_01']
  HIT ERR15745569: 4 baits >= 0.7 ['ECBAIT_0_0000_INTERIOR_MODULE_01', 'ECBAIT_0_0000_JUNCTION_02', 'ECBAIT_0_0000_MEMBER_INTERIOR_01', 'ECBAIT_HOST_CONTROL_02']
  HIT ERR15879819: 2 baits >= 0.7 ['ECBAIT_0_0067_MEMBER_INTERIOR_01', 'ECBAIT_HOST_CONTROL_01']
  HIT ERR16058396: 1 baits >= 0.7 ['ECBAIT_0_0000_JUNCTION_02']
  HIT ERR16058391: 4 baits >= 0.7 ['ECBAIT_0_0000_JUNCTION_02', 'ECBAIT_0_0000_MEMBER_INTERIOR_01', 'ECBAIT_10_0172_MEMBER_INTERIOR_01', 'ECBAIT_HOST_CONTROL_02']
  HIT ERR16058471: 2 baits >= 0.7 ['ECBAIT_0_0000_JUNCTION_02', 'ECBAIT_10_0057_MEMBER_INTERIOR_01']
  HIT ERR16058692: 4 baits >= 0.7 ['ECBAIT_10_0002_JUNCTION_01', 'ECBAIT_10_0002_MEMBER_INTERIOR_01', 'ECBAIT_10_0057_MEMBER_INTERIOR_01', 'ECBAIT_10_0172_MEMBER_INTERIOR_01']
  HIT ERR16058505: 2 baits >= 0.7 ['ECBAIT_10_0002_MEMBER_INTERIOR_01', 'ECBAIT_10_0057_MEMBER_INTERIOR_01']
  HIT ERR16058699: 3 baits >= 0.7 ['ECBAIT_10_0002_JUNCTION_01', 'ECBAIT_10_0002_JUNCTION_02', 'ECBAIT_10_0057_MEMBER_INTERIOR_01']
  HIT ERR16058743: 4 baits >= 0.7 ['ECBAIT_10_0002_MEMBER_INTERIOR_01', 'ECBAIT_10_0057_MEMBER_INTERIOR_01', 'ECBAIT_10_0151_MEMBER_INTERIOR_01', 'ECBAIT_10_0172_MEMBER_INTERIOR_01']
  HIT ERR16058763: 3 baits >= 0.7 ['ECBAIT_10_0002_JUNCTION_02', 'ECBAIT_10_0057_MEMBER_INTERIOR_01', 'ECBAIT_10_0172_MEMBER_INTERIOR_01']
  HIT ERR16058786: 3 baits >= 0.7 ['ECBAIT_10_0002_JUNCTION_02', 'ECBAIT_10_0057_MEMBER_INTERIOR_01', 'ECBAIT_10_0172_MEMBER_INTERIOR_01']
  2200/12000 processed (2071 screened, 1797 hit-accessions) 673s budget=3.5GB
  HIT ERR16058791: 2 baits >= 0.7 ['ECBAIT_10_0002_MEMBER_INTERIOR_01', 'ECBAIT_10_0057_MEMBER_INTERIOR_01']
  HIT ERR1638141: 2 baits >= 0.7 ['ECBAIT_HOST_CONTROL_01', 'ECBAIT_POSCON_LAMBDA_01']
  HIT ERR1638166: 2 baits >= 0.7 ['ECBAIT_HOST_CONTROL_01', 'ECBAIT_POSCON_LAMBDA_01']
  HIT ERR1638181: 1 baits >= 0.7 ['ECBAIT_HOST_CONTROL_01']
  HIT ERR1638182: 2 baits >= 0.7 ['ECBAIT_HOST_CONTROL_01', 'ECBAIT_POSCON_LAMBDA_01']
  HIT ERR1638183: 2 baits >= 0.7 ['ECBAIT_HOST_CONTROL_01', 'ECBAIT_POSCON_LAMBDA_01']
  HIT ERR1638184: 2 baits >= 0.7 ['ECBAIT_HOST_CONTROL_01', 'ECBAIT_POSCON_LAMBDA_01']
  HIT ERR1638197: 2 baits >= 0.7 ['ECBAIT_HOST_CONTROL_01', 'ECBAIT_POSCON_LAMBDA_01']
  HIT ERR1638196: 2 baits >= 0.7 ['ECBAIT_HOST_CONTROL_01', 'ECBAIT_POSCON_LAMBDA_01']
  HIT ERR1638451: 2 baits >= 0.7 ['ECBAIT_HOST_CONTROL_01', 'ECBAIT_POSCON_LAMBDA_01']
  2250/12000 processed (2083 screened, 1807 hit-accessions) 678s budget=3.5GB
  HIT ERR1744103: 1 baits >= 0.7 ['ECBAIT_HOST_CONTROL_01']
  HIT ERR1744102: 1 baits >= 0.7 ['ECBAIT_HOST_CONTROL_01']
  HIT ERR1744104: 1 baits >= 0.7 ['ECBAIT_HOST_CONTROL_01']
  HIT ERR1777393: 1 baits >= 0.7 ['ECBAIT_HOST_CONTROL_01']
  HIT ERR1777394: 1 baits >= 0.7 ['ECBAIT_HOST_CONTROL_01']
  HIT ERR1912613: 1 baits >= 0.7 ['ECBAIT_HOST_CONTROL_01']
  2300/12000 processed (2090 screened, 1813 hit-accessions) 681s budget=3.6GB
  HIT ERR1912614: 1 baits >= 0.7 ['ECBAIT_HOST_CONTROL_01']
  HIT ERR1912615: 1 baits >= 0.7 ['ECBAIT_10_0057_MEMBER_INTERIOR_01']
  HIT ERR1912617: 1 baits >= 0.7 ['ECBAIT_10_0057_MEMBER_INTERIOR_01']
  HIT ERR1912618: 4 baits >= 0.7 ['ECBAIT_0_0059_JUNCTION_01', 'ECBAIT_0_0059_JUNCTION_02', 'ECBAIT_0_0059_JUNCTION_03', 'ECBAIT_0_0059_MEMBER_INTERIOR_01']
  HIT ERR1912619: 3 baits >= 0.7 ['ECBAIT_10_0038_MEMBER_INTERIOR_01', 'ECBAIT_10_0057_MEMBER_INTERIOR_01', 'ECBAIT_HOST_CONTROL_01']
  HIT ERR1912620: 1 baits >= 0.7 ['ECBAIT_10_0057_MEMBER_INTERIOR_01']
  HIT ERR1912621: 1 baits >= 0.7 ['ECBAIT_10_0057_MEMBER_INTERIOR_01']
  HIT ERR1912623: 1 baits >= 0.7 ['ECBAIT_10_0057_MEMBER_INTERIOR_01']
  HIT ERR1912626: 3 baits >= 0.7 ['ECBAIT_0_0000_JUNCTION_02', 'ECBAIT_10_0057_MEMBER_INTERIOR_01', 'ECBAIT_10_0172_MEMBER_INTERIOR_01']
  HIT ERR1912624: 2 baits >= 0.7 ['ECBAIT_10_0057_MEMBER_INTERIOR_01', 'ECBAIT_10_0172_MEMBER_INTERIOR_01']
  HIT ERR1912627: 2 baits >= 0.7 ['ECBAIT_0_0000_JUNCTION_02', 'ECBAIT_10_0057_MEMBER_INTERIOR_01']
  HIT ERR1912628: 1 baits >= 0.7 ['ECBAIT_10_0002_MEMBER_INTERIOR_01']
  HIT ERR1912629: 2 baits >= 0.7 ['ECBAIT_0_0000_JUNCTION_02', 'ECBAIT_10_0057_MEMBER_INTERIOR_01']
  HIT ERR1912630: 1 baits >= 0.7 ['ECBAIT_10_0002_MEMBER_INTERIOR_01']
  HIT ERR1912631: 3 baits >= 0.7 ['ECBAIT_10_0057_MEMBER_INTERIOR_01', 'ECBAIT_1_0022_JUNCTION_03', 'ECBAIT_HOST_CONTROL_01']
  HIT ERR1912632: 2 baits >= 0.7 ['ECBAIT_10_0057_MEMBER_INTERIOR_01', 'ECBAIT_HOST_CONTROL_01']
  HIT ERR1912633: 4 baits >= 0.7 ['ECBAIT_10_0002_JUNCTION_01', 'ECBAIT_10_0002_JUNCTION_02', 'ECBAIT_10_0002_MEMBER_INTERIOR_01', 'ECBAIT_10_0057_MEMBER_INTERIOR_01']
  HIT ERR1912634: 4 baits >= 0.7 ['ECBAIT_10_0002_JUNCTION_01', 'ECBAIT_10_0002_JUNCTION_02', 'ECBAIT_10_0057_MEMBER_INTERIOR_01', 'ECBAIT_HOST_CONTROL_01']
  HIT ERR1912635: 4 baits >= 0.7 ['ECBAIT_10_0002_JUNCTION_01', 'ECBAIT_10_0002_JUNCTION_02', 'ECBAIT_10_0057_MEMBER_INTERIOR_01', 'ECBAIT_HOST_CONTROL_01']
  HIT ERR1912636: 2 baits >= 0.7 ['ECBAIT_10_0172_MEMBER_INTERIOR_01', 'ECBAIT_HOST_CONTROL_01']
  HIT ERR1912637: 4 baits >= 0.7 ['ECBAIT_0_0000_JUNCTION_02', 'ECBAIT_0_0000_MEMBER_INTERIOR_01', 'ECBAIT_10_0057_MEMBER_INTERIOR_01', 'ECBAIT_HOST_CONTROL_02']
  HIT ERR1912638: 1 baits >= 0.7 ['ECBAIT_10_0057_MEMBER_INTERIOR_01']
  HIT ERR1937840: 4 baits >= 0.7 ['ECBAIT_10_0002_JUNCTION_01', 'ECBAIT_10_0002_JUNCTION_02', 'ECBAIT_10_0002_MEMBER_INTERIOR_01', 'ECBAIT_10_0057_MEMBER_INTERIOR_01']
  HIT ERR1912639: 1 baits >= 0.7 ['ECBAIT_0_0000_MEMBER_INTERIOR_01']
  HIT ERR1937838: 1 baits >= 0.7 ['ECBAIT_10_0057_MEMBER_INTERIOR_01']
  HIT ERR1937837: 1 baits >= 0.7 ['ECBAIT_10_0057_MEMBER_INTERIOR_01']
  HIT ERR1937843: 4 baits >= 0.7 ['ECBAIT_10_0002_JUNCTION_01', 'ECBAIT_10_0002_JUNCTION_02', 'ECBAIT_10_0002_MEMBER_INTERIOR_01', 'ECBAIT_10_0057_MEMBER_INTERIOR_01']
  HIT ERR1937845: 2 baits >= 0.7 ['ECBAIT_10_0057_MEMBER_INTERIOR_01', 'ECBAIT_HOST_CONTROL_01']
  HIT ERR1937844: 2 baits >= 0.7 ['ECBAIT_10_0002_MEMBER_INTERIOR_01', 'ECBAIT_10_0057_MEMBER_INTERIOR_01']
  HIT ERR1937842: 4 baits >= 0.7 ['ECBAIT_10_0002_JUNCTION_01', 'ECBAIT_10_0002_JUNCTION_02', 'ECBAIT_10_0002_MEMBER_INTERIOR_01', 'ECBAIT_10_0057_MEMBER_INTERIOR_01']
  HIT ERR1937848: 2 baits >= 0.7 ['ECBAIT_10_0002_MEMBER_INTERIOR_01', 'ECBAIT_10_0057_MEMBER_INTERIOR_01']
  HIT ERR1937850: 2 baits >= 0.7 ['ECBAIT_10_0002_MEMBER_INTERIOR_01', 'ECBAIT_10_0057_MEMBER_INTERIOR_01']
  HIT ERR1937851: 4 baits >= 0.7 ['ECBAIT_10_0002_JUNCTION_01', 'ECBAIT_10_0002_JUNCTION_02', 'ECBAIT_10_0002_MEMBER_INTERIOR_01', 'ECBAIT_10_0057_MEMBER_INTERIOR_01']
  HIT ERR1937853: 1 baits >= 0.7 ['ECBAIT_10_0057_MEMBER_INTERIOR_01']
  HIT ERR1937855: 2 baits >= 0.7 ['ECBAIT_10_0057_MEMBER_INTERIOR_01', 'ECBAIT_HOST_CONTROL_01']
  HIT ERR1937856: 2 baits >= 0.7 ['ECBAIT_10_0002_MEMBER_INTERIOR_01', 'ECBAIT_10_0057_MEMBER_INTERIOR_01']
  HIT ERR1937854: 3 baits >= 0.7 ['ECBAIT_10_0002_JUNCTION_02', 'ECBAIT_10_0002_MEMBER_INTERIOR_01', 'ECBAIT_10_0057_MEMBER_INTERIOR_01']
  HIT ERR1937858: 3 baits >= 0.7 ['ECBAIT_10_0002_MEMBER_INTERIOR_01', 'ECBAIT_10_0057_MEMBER_INTERIOR_01', 'ECBAIT_10_0172_MEMBER_INTERIOR_01']
  HIT ERR1937862: 2 baits >= 0.7 ['ECBAIT_10_0002_MEMBER_INTERIOR_01', 'ECBAIT_10_0057_MEMBER_INTERIOR_01']
  HIT ERR1937863: 2 baits >= 0.7 ['ECBAIT_10_0002_MEMBER_INTERIOR_01', 'ECBAIT_10_0057_MEMBER_INTERIOR_01']
  HIT ERR1937867: 3 baits >= 0.7 ['ECBAIT_10_0002_MEMBER_INTERIOR_01', 'ECBAIT_10_0057_MEMBER_INTERIOR_01', 'ECBAIT_HOST_CONTROL_01']
  HIT ERR1937859: 4 baits >= 0.7 ['ECBAIT_10_0002_JUNCTION_01', 'ECBAIT_10_0002_JUNCTION_02', 'ECBAIT_10_0002_MEMBER_INTERIOR_01', 'ECBAIT_10_0057_MEMBER_INTERIOR_01']
  HIT ERR1937870: 3 baits >= 0.7 ['ECBAIT_10_0057_MEMBER_INTERIOR_01', 'ECBAIT_1_0004_JUNCTION_01', 'ECBAIT_HOST_CONTROL_01']
  HIT ERR1937871: 2 baits >= 0.7 ['ECBAIT_10_0057_MEMBER_INTERIOR_01', 'ECBAIT_HOST_CONTROL_01']
  HIT ERR1937873: 1 baits >= 0.7 ['ECBAIT_10_0057_MEMBER_INTERIOR_01']
  HIT ERR1937872: 5 baits >= 0.7 ['ECBAIT_0_0000_INTERIOR_MODULE_01', 'ECBAIT_0_0000_JUNCTION_02', 'ECBAIT_0_0000_MEMBER_INTERIOR_01', 'ECBAIT_10_0057_MEMBER_INTERIOR_01']
  HIT ERR1937874: 2 baits >= 0.7 ['ECBAIT_10_0057_MEMBER_INTERIOR_01', 'ECBAIT_HOST_CONTROL_02']
  2350/12000 processed (2140 screened, 1860 hit-accessions) 698s budget=3.6GB
  HIT ERR1937877: 6 baits >= 0.7 ['ECBAIT_0_0000_INTERIOR_MODULE_01', 'ECBAIT_0_0000_JUNCTION_02', 'ECBAIT_0_0000_MEMBER_INTERIOR_01', 'ECBAIT_10_0002_JUNCTION_03']
  HIT ERR1937881: 4 baits >= 0.7 ['ECBAIT_0_0000_JUNCTION_02', 'ECBAIT_0_0000_MEMBER_INTERIOR_01', 'ECBAIT_10_0057_MEMBER_INTERIOR_01', 'ECBAIT_HOST_CONTROL_02']
  HIT ERR1937878: 7 baits >= 0.7 ['ECBAIT_0_0000_JUNCTION_02', 'ECBAIT_0_0000_MEMBER_INTERIOR_01', 'ECBAIT_0_0014_MEMBER_INTERIOR_01', 'ECBAIT_0_0054_MEMBER_INTERIOR_01']
  HIT ERR1937882: 3 baits >= 0.7 ['ECBAIT_10_0057_MEMBER_INTERIOR_01', 'ECBAIT_10_0172_MEMBER_INTERIOR_01', 'ECBAIT_HOST_CONTROL_02']
  HIT ERR1937883: 1 baits >= 0.7 ['ECBAIT_10_0057_MEMBER_INTERIOR_01']
  HIT ERR1937885: 3 baits >= 0.7 ['ECBAIT_0_0000_MEMBER_INTERIOR_01', 'ECBAIT_10_0057_MEMBER_INTERIOR_01', 'ECBAIT_HOST_CONTROL_01']
  HIT ERR1937886: 7 baits >= 0.7 ['ECBAIT_0_0000_JUNCTION_02', 'ECBAIT_0_0000_MEMBER_INTERIOR_01', 'ECBAIT_0_0014_JUNCTION_02', 'ECBAIT_0_0014_MEMBER_INTERIOR_01']
  HIT ERR1937887: 4 baits >= 0.7 ['ECBAIT_10_0002_JUNCTION_01', 'ECBAIT_10_0002_JUNCTION_02', 'ECBAIT_10_0002_MEMBER_INTERIOR_01', 'ECBAIT_10_0057_MEMBER_INTERIOR_01']
  HIT ERR1937888: 7 baits >= 0.7 ['ECBAIT_0_0000_JUNCTION_02', 'ECBAIT_0_0000_MEMBER_INTERIOR_01', 'ECBAIT_0_0014_JUNCTION_02', 'ECBAIT_0_0014_MEMBER_INTERIOR_01']
  HIT ERR1937891: 7 baits >= 0.7 ['ECBAIT_0_0000_JUNCTION_02', 'ECBAIT_0_0000_MEMBER_INTERIOR_01', 'ECBAIT_0_0014_JUNCTION_02', 'ECBAIT_0_0014_MEMBER_INTERIOR_01']
  HIT ERR1937889: 2 baits >= 0.7 ['ECBAIT_0_0000_MEMBER_INTERIOR_01', 'ECBAIT_HOST_CONTROL_01']
  HIT ERR1937893: 2 baits >= 0.7 ['ECBAIT_10_0057_MEMBER_INTERIOR_01', 'ECBAIT_10_0172_MEMBER_INTERIOR_01']
  HIT ERR1937894: 2 baits >= 0.7 ['ECBAIT_10_0057_MEMBER_INTERIOR_01', 'ECBAIT_HOST_CONTROL_02']
  HIT ERR1937895: 5 baits >= 0.7 ['ECBAIT_10_0172_MEMBER_INTERIOR_01', 'ECBAIT_1_0004_JUNCTION_02', 'ECBAIT_1_0026_JUNCTION_01', 'ECBAIT_1_0026_MEMBER_INTERIOR_01']
  HIT ERR1937896: 4 baits >= 0.7 ['ECBAIT_0_0000_JUNCTION_02', 'ECBAIT_0_0000_MEMBER_INTERIOR_01', 'ECBAIT_10_0057_MEMBER_INTERIOR_01', 'ECBAIT_HOST_CONTROL_02']
  HIT ERR1937898: 6 baits >= 0.7 ['ECBAIT_0_0000_JUNCTION_02', 'ECBAIT_0_0000_MEMBER_INTERIOR_01', 'ECBAIT_0_0014_JUNCTION_02', 'ECBAIT_0_0014_MEMBER_INTERIOR_01']
  HIT ERR1937899: 5 baits >= 0.7 ['ECBAIT_0_0000_INTERIOR_MODULE_01', 'ECBAIT_0_0000_JUNCTION_02', 'ECBAIT_0_0000_MEMBER_INTERIOR_01', 'ECBAIT_10_0057_MEMBER_INTERIOR_01']
  HIT ERR1937900: 1 baits >= 0.7 ['ECBAIT_HOST_CONTROL_01']
  HIT ERR1937901: 2 baits >= 0.7 ['ECBAIT_10_0057_MEMBER_INTERIOR_01', 'ECBAIT_HOST_CONTROL_01']
  HIT ERR1937902: 4 baits >= 0.7 ['ECBAIT_10_0002_JUNCTION_01', 'ECBAIT_10_0002_JUNCTION_02', 'ECBAIT_10_0002_MEMBER_INTERIOR_01', 'ECBAIT_10_0057_MEMBER_INTERIOR_01']
  HIT ERR1937903: 6 baits >= 0.7 ['ECBAIT_0_0000_JUNCTION_02', 'ECBAIT_0_0000_MEMBER_INTERIOR_01', 'ECBAIT_0_0014_MEMBER_INTERIOR_01', 'ECBAIT_10_0002_JUNCTION_01']
  HIT ERR1937904: 4 baits >= 0.7 ['ECBAIT_10_0002_JUNCTION_01', 'ECBAIT_10_0002_JUNCTION_02', 'ECBAIT_10_0002_MEMBER_INTERIOR_01', 'ECBAIT_10_0057_MEMBER_INTERIOR_01']
  HIT ERR1937907: 2 baits >= 0.7 ['ECBAIT_10_0002_MEMBER_INTERIOR_01', 'ECBAIT_10_0057_MEMBER_INTERIOR_01']
  HIT ERR1937908: 2 baits >= 0.7 ['ECBAIT_10_0002_MEMBER_INTERIOR_01', 'ECBAIT_10_0057_MEMBER_INTERIOR_01']
  HIT ERR1937910: 2 baits >= 0.7 ['ECBAIT_10_0002_MEMBER_INTERIOR_01', 'ECBAIT_10_0057_MEMBER_INTERIOR_01']
  HIT ERR1937911: 1 baits >= 0.7 ['ECBAIT_10_0057_MEMBER_INTERIOR_01']
  HIT ERR1937913: 2 baits >= 0.7 ['ECBAIT_10_0002_MEMBER_INTERIOR_01', 'ECBAIT_10_0057_MEMBER_INTERIOR_01']
  HIT ERR1937914: 4 baits >= 0.7 ['ECBAIT_10_0002_JUNCTION_01', 'ECBAIT_10_0002_JUNCTION_02', 'ECBAIT_10_0002_MEMBER_INTERIOR_01', 'ECBAIT_10_0057_MEMBER_INTERIOR_01']
  HIT ERR1937918: 4 baits >= 0.7 ['ECBAIT_10_0002_JUNCTION_01', 'ECBAIT_10_0002_JUNCTION_02', 'ECBAIT_10_0002_MEMBER_INTERIOR_01', 'ECBAIT_10_0057_MEMBER_INTERIOR_01']
  HIT ERR1937926: 2 baits >= 0.7 ['ECBAIT_10_0002_MEMBER_INTERIOR_01', 'ECBAIT_10_0057_MEMBER_INTERIOR_01']
  HIT ERR1937924: 6 baits >= 0.7 ['ECBAIT_0_0000_JUNCTION_02', 'ECBAIT_0_0000_MEMBER_INTERIOR_01', 'ECBAIT_0_0014_JUNCTION_02', 'ECBAIT_0_0014_MEMBER_INTERIOR_01']
  HIT ERR1937929: 2 baits >= 0.7 ['ECBAIT_10_0057_MEMBER_INTERIOR_01', 'ECBAIT_HOST_CONTROL_01']
  HIT ERR1937930: 1 baits >= 0.7 ['ECBAIT_HOST_CONTROL_01']
  HIT ERR1937933: 2 baits >= 0.7 ['ECBAIT_10_0002_MEMBER_INTERIOR_01', 'ECBAIT_10_0057_MEMBER_INTERIOR_01']
  HIT ERR1955595: 1 baits >= 0.7 ['ECBAIT_10_0057_MEMBER_INTERIOR_01']
  HIT ERR1995409: 1 baits >= 0.7 ['ECBAIT_HOST_CONTROL_01']
  HIT ERR1995411: 1 baits >= 0.7 ['ECBAIT_10_0057_MEMBER_INTERIOR_01']
  HIT ERR1995413: 2 baits >= 0.7 ['ECBAIT_0_0071_INTERIOR_MODULE_01', 'ECBAIT_10_0057_MEMBER_INTERIOR_01']
  HIT ERR1995414: 1 baits >= 0.7 ['ECBAIT_HOST_CONTROL_01']
  HIT ERR1995418: 1 baits >= 0.7 ['ECBAIT_0_0052_JUNCTION_03']
  HIT ERR1995419: 3 baits >= 0.7 ['ECBAIT_10_0002_JUNCTION_01', 'ECBAIT_10_0002_JUNCTION_02', 'ECBAIT_1_0004_JUNCTION_01']
  HIT ERR1995420: 3 baits >= 0.7 ['ECBAIT_10_0057_MEMBER_INTERIOR_01', 'ECBAIT_1_0004_JUNCTION_01', 'ECBAIT_HOST_CONTROL_01']
  2400/12000 processed (2190 screened, 1902 hit-accessions) 713s budget=3.7GB
  HIT ERR1995422: 3 baits >= 0.7 ['ECBAIT_0_0000_JUNCTION_02', 'ECBAIT_1_0004_JUNCTION_01', 'ECBAIT_HOST_CONTROL_01']
  HIT ERR1995428: 2 baits >= 0.7 ['ECBAIT_10_0057_MEMBER_INTERIOR_01', 'ECBAIT_HOST_CONTROL_01']
  HIT ERR1995429: 3 baits >= 0.7 ['ECBAIT_0_0000_JUNCTION_02', 'ECBAIT_1_0004_JUNCTION_01', 'ECBAIT_HOST_CONTROL_01']
  HIT ERR1995430: 1 baits >= 0.7 ['ECBAIT_HOST_CONTROL_01']
  HIT ERR1995434: 2 baits >= 0.7 ['ECBAIT_0_0091_JUNCTION_03', 'ECBAIT_0_0091_MEMBER_INTERIOR_01']
  HIT ERR1995435: 1 baits >= 0.7 ['ECBAIT_0_0000_JUNCTION_02']
  HIT ERR1995436: 1 baits >= 0.7 ['ECBAIT_HOST_CONTROL_01']
  HIT ERR1995438: 1 baits >= 0.7 ['ECBAIT_HOST_CONTROL_01']
  HIT ERR1995439: 1 baits >= 0.7 ['ECBAIT_10_0057_MEMBER_INTERIOR_01']
  HIT ERR1995440: 2 baits >= 0.7 ['ECBAIT_10_0057_MEMBER_INTERIOR_01', 'ECBAIT_HOST_CONTROL_01']
  HIT ERR1995441: 2 baits >= 0.7 ['ECBAIT_HOST_CONTROL_01', 'ECBAIT_POSCON_LAMBDA_01']
  HIT ERR1995443: 1 baits >= 0.7 ['ECBAIT_HOST_CONTROL_01']
  HIT ERR1995447: 2 baits >= 0.7 ['ECBAIT_10_0057_MEMBER_INTERIOR_01', 'ECBAIT_HOST_CONTROL_01']
  HIT ERR1995448: 1 baits >= 0.7 ['ECBAIT_HOST_CONTROL_01']
  HIT ERR1995449: 1 baits >= 0.7 ['ECBAIT_10_0057_MEMBER_INTERIOR_01']
  HIT ERR1995451: 1 baits >= 0.7 ['ECBAIT_HOST_CONTROL_01']
  HIT ERR1995453: 1 baits >= 0.7 ['ECBAIT_10_0057_MEMBER_INTERIOR_01']
  HIT ERR1995454: 2 baits >= 0.7 ['ECBAIT_10_0057_MEMBER_INTERIOR_01', 'ECBAIT_1_0004_JUNCTION_01']
  HIT ERR1995455: 2 baits >= 0.7 ['ECBAIT_0_0052_JUNCTION_03', 'ECBAIT_10_0057_MEMBER_INTERIOR_01']
  HIT ERR1995458: 1 baits >= 0.7 ['ECBAIT_HOST_CONTROL_01']
  HIT ERR1995461: 2 baits >= 0.7 ['ECBAIT_0_0014_MEMBER_INTERIOR_01', 'ECBAIT_HOST_CONTROL_01']
  HIT ERR1995464: 1 baits >= 0.7 ['ECBAIT_HOST_CONTROL_01']
  HIT ERR1995465: 1 baits >= 0.7 ['ECBAIT_HOST_CONTROL_01']
  HIT ERR1995466: 1 baits >= 0.7 ['ECBAIT_10_0057_MEMBER_INTERIOR_01']
  HIT ERR1995467: 2 baits >= 0.7 ['ECBAIT_10_0057_MEMBER_INTERIOR_01', 'ECBAIT_HOST_CONTROL_01']
  HIT ERR1995469: 2 baits >= 0.7 ['ECBAIT_10_0057_MEMBER_INTERIOR_01', 'ECBAIT_HOST_CONTROL_01']
  HIT ERR1995470: 3 baits >= 0.7 ['ECBAIT_0_0014_MEMBER_INTERIOR_01', 'ECBAIT_10_0002_JUNCTION_01', 'ECBAIT_10_0057_MEMBER_INTERIOR_01']
  HIT ERR1995472: 1 baits >= 0.7 ['ECBAIT_10_0057_MEMBER_INTERIOR_01']
  HIT ERR1995471: 2 baits >= 0.7 ['ECBAIT_10_0057_MEMBER_INTERIOR_01', 'ECBAIT_HOST_CONTROL_01']
  HIT ERR1995473: 1 baits >= 0.7 ['ECBAIT_HOST_CONTROL_01']
  HIT ERR1995477: 1 baits >= 0.7 ['ECBAIT_10_0057_MEMBER_INTERIOR_01']
  HIT ERR1995479: 1 baits >= 0.7 ['ECBAIT_HOST_CONTROL_01']
  HIT ERR1995478: 3 baits >= 0.7 ['ECBAIT_0_0000_JUNCTION_02', 'ECBAIT_0_0000_MEMBER_INTERIOR_01', 'ECBAIT_10_0172_MEMBER_INTERIOR_01']
  HIT ERR1995480: 1 baits >= 0.7 ['ECBAIT_HOST_CONTROL_01']
  HIT ERR1995483: 1 baits >= 0.7 ['ECBAIT_10_0057_MEMBER_INTERIOR_01']
  HIT ERR1995485: 2 baits >= 0.7 ['ECBAIT_10_0057_MEMBER_INTERIOR_01', 'ECBAIT_HOST_CONTROL_01']
  HIT ERR1995486: 2 baits >= 0.7 ['ECBAIT_10_0057_MEMBER_INTERIOR_01', 'ECBAIT_HOST_CONTROL_01']
  HIT ERR1995489: 1 baits >= 0.7 ['ECBAIT_10_0057_MEMBER_INTERIOR_01']
  HIT ERR1995494: 1 baits >= 0.7 ['ECBAIT_10_0057_MEMBER_INTERIOR_01']
  HIT ERR1995495: 2 baits >= 0.7 ['ECBAIT_10_0057_MEMBER_INTERIOR_01', 'ECBAIT_HOST_CONTROL_01']
  HIT ERR1995501: 1 baits >= 0.7 ['ECBAIT_10_0151_JUNCTION_03']
  HIT ERR1995496: 1 baits >= 0.7 ['ECBAIT_10_0057_MEMBER_INTERIOR_01']
  HIT ERR2001830: 1 baits >= 0.7 ['ECBAIT_10_0057_MEMBER_INTERIOR_01']
  2450/12000 processed (2240 screened, 1945 hit-accessions) 729s budget=3.8GB
  HIT ERR2010880: 1 baits >= 0.7 ['ECBAIT_HOST_CONTROL_01']
  HIT ERR2010878: 3 baits >= 0.7 ['ECBAIT_0_0046_JUNCTION_01', 'ECBAIT_0_0046_MEMBER_INTERIOR_01', 'ECBAIT_1_0022_JUNCTION_03']
  HIT ERR2010879: 1 baits >= 0.7 ['ECBAIT_HOST_CONTROL_01']
  HIT ERR2010882: 1 baits >= 0.7 ['ECBAIT_HOST_CONTROL_01']
  HIT ERR2010887: 3 baits >= 0.7 ['ECBAIT_0_0046_JUNCTION_01', 'ECBAIT_0_0046_MEMBER_INTERIOR_01', 'ECBAIT_1_0022_JUNCTION_03']
  HIT ERR2010885: 2 baits >= 0.7 ['ECBAIT_10_0057_MEMBER_INTERIOR_01', 'ECBAIT_HOST_CONTROL_01']
  HIT ERR2010886: 5 baits >= 0.7 ['ECBAIT_0_0051_MEMBER_INTERIOR_01', 'ECBAIT_0_0052_JUNCTION_03', 'ECBAIT_10_0038_MEMBER_INTERIOR_01', 'ECBAIT_10_0057_MEMBER_INTERIOR_01']
  HIT ERR2010890: 1 baits >= 0.7 ['ECBAIT_1_0004_JUNCTION_01']
  HIT ERR2010892: 1 baits >= 0.7 ['ECBAIT_HOST_CONTROL_01']
  HIT ERR2010894: 1 baits >= 0.7 ['ECBAIT_HOST_CONTROL_01']
  HIT ERR2010893: 1 baits >= 0.7 ['ECBAIT_10_0057_MEMBER_INTERIOR_01']
  HIT ERR2010896: 3 baits >= 0.7 ['ECBAIT_10_0057_MEMBER_INTERIOR_01', 'ECBAIT_10_0172_MEMBER_INTERIOR_01', 'ECBAIT_HOST_CONTROL_01']
  HIT ERR2010895: 1 baits >= 0.7 ['ECBAIT_HOST_CONTROL_01']
  HIT ERR2010897: 1 baits >= 0.7 ['ECBAIT_10_0172_MEMBER_INTERIOR_01']
  HIT ERR2010900: 1 baits >= 0.7 ['ECBAIT_1_0004_JUNCTION_01']
  HIT ERR2010904: 1 baits >= 0.7 ['ECBAIT_HOST_CONTROL_01']
  HIT ERR2010906: 2 baits >= 0.7 ['ECBAIT_0_0052_JUNCTION_03', 'ECBAIT_10_0057_MEMBER_INTERIOR_01']
  HIT ERR2010909: 2 baits >= 0.7 ['ECBAIT_10_0057_MEMBER_INTERIOR_01', 'ECBAIT_HOST_CONTROL_01']
  HIT ERR2010908: 2 baits >= 0.7 ['ECBAIT_10_0057_MEMBER_INTERIOR_01', 'ECBAIT_HOST_CONTROL_01']
  HIT ERR2010917: 2 baits >= 0.7 ['ECBAIT_10_0057_MEMBER_INTERIOR_01', 'ECBAIT_10_0172_MEMBER_INTERIOR_01']
  HIT ERR2010912: 2 baits >= 0.7 ['ECBAIT_10_0057_MEMBER_INTERIOR_01', 'ECBAIT_HOST_CONTROL_01']
  HIT ERR2010918: 2 baits >= 0.7 ['ECBAIT_10_0057_MEMBER_INTERIOR_01', 'ECBAIT_10_0172_MEMBER_INTERIOR_01']
  HIT ERR2010919: 3 baits >= 0.7 ['ECBAIT_0_0052_JUNCTION_01', 'ECBAIT_0_0052_JUNCTION_03', 'ECBAIT_10_0057_MEMBER_INTERIOR_01']
  HIT ERR2010921: 2 baits >= 0.7 ['ECBAIT_10_0057_MEMBER_INTERIOR_01', 'ECBAIT_10_0172_MEMBER_INTERIOR_01']
  HIT ERR2010920: 2 baits >= 0.7 ['ECBAIT_0_0052_JUNCTION_01', 'ECBAIT_0_0052_JUNCTION_03']
  HIT ERR2010923: 2 baits >= 0.7 ['ECBAIT_10_0057_MEMBER_INTERIOR_01', 'ECBAIT_10_0172_MEMBER_INTERIOR_01']
  HIT ERR2010925: 2 baits >= 0.7 ['ECBAIT_10_0057_MEMBER_INTERIOR_01', 'ECBAIT_HOST_CONTROL_01']
  HIT ERR2010926: 2 baits >= 0.7 ['ECBAIT_10_0057_MEMBER_INTERIOR_01', 'ECBAIT_10_0172_MEMBER_INTERIOR_01']
  HIT ERR2010931: 2 baits >= 0.7 ['ECBAIT_10_0057_MEMBER_INTERIOR_01', 'ECBAIT_10_0172_MEMBER_INTERIOR_01']
  HIT ERR2010936: 2 baits >= 0.7 ['ECBAIT_10_0057_MEMBER_INTERIOR_01', 'ECBAIT_10_0172_MEMBER_INTERIOR_01']
  HIT ERR2010937: 2 baits >= 0.7 ['ECBAIT_10_0057_MEMBER_INTERIOR_01', 'ECBAIT_10_0172_MEMBER_INTERIOR_01']
  HIT ERR2010939: 1 baits >= 0.7 ['ECBAIT_10_0057_MEMBER_INTERIOR_01']
  HIT ERR2010941: 1 baits >= 0.7 ['ECBAIT_HOST_CONTROL_01']
  HIT ERR2010942: 1 baits >= 0.7 ['ECBAIT_HOST_CONTROL_01']
  HIT ERR2010940: 1 baits >= 0.7 ['ECBAIT_HOST_CONTROL_01']
  HIT ERR2010943: 1 baits >= 0.7 ['ECBAIT_10_0057_MEMBER_INTERIOR_01']
  HIT ERR2010944: 2 baits >= 0.7 ['ECBAIT_10_0057_MEMBER_INTERIOR_01', 'ECBAIT_HOST_CONTROL_01']
  HIT ERR2010946: 1 baits >= 0.7 ['ECBAIT_HOST_CONTROL_01']
  HIT ERR2010948: 1 baits >= 0.7 ['ECBAIT_HOST_CONTROL_01']
  HIT ERR2010950: 1 baits >= 0.7 ['ECBAIT_1_0004_JUNCTION_01']
  HIT ERR2010956: 1 baits >= 0.7 ['ECBAIT_10_0172_MEMBER_INTERIOR_01']
  2500/12000 processed (2290 screened, 1986 hit-accessions) 745s budget=3.9GB
  HIT ERR2010957: 2 baits >= 0.7 ['ECBAIT_10_0057_MEMBER_INTERIOR_01', 'ECBAIT_10_0172_MEMBER_INTERIOR_01']
  HIT ERR2010958: 2 baits >= 0.7 ['ECBAIT_10_0151_MEMBER_INTERIOR_01', 'ECBAIT_HOST_CONTROL_01']
  HIT ERR2010960: 1 baits >= 0.7 ['ECBAIT_10_0151_MEMBER_INTERIOR_01']
  HIT ERR2010962: 2 baits >= 0.7 ['ECBAIT_10_0057_MEMBER_INTERIOR_01', 'ECBAIT_10_0172_MEMBER_INTERIOR_01']
  HIT ERR2010967: 1 baits >= 0.7 ['ECBAIT_HOST_CONTROL_01']
  HIT ERR2010970: 1 baits >= 0.7 ['ECBAIT_HOST_CONTROL_01']
  HIT ERR2010969: 1 baits >= 0.7 ['ECBAIT_HOST_CONTROL_01']
  HIT ERR2010977: 1 baits >= 0.7 ['ECBAIT_HOST_CONTROL_01']
  HIT ERR2010978: 1 baits >= 0.7 ['ECBAIT_10_0172_MEMBER_INTERIOR_01']
  HIT ERR2013707: 1 baits >= 0.7 ['ECBAIT_10_0057_MEMBER_INTERIOR_01']
  HIT ERR2013708: 1 baits >= 0.7 ['ECBAIT_10_0057_MEMBER_INTERIOR_01']
  HIT ERR2013712: 1 baits >= 0.7 ['ECBAIT_10_0057_MEMBER_INTERIOR_01']
  HIT ERR2013713: 2 baits >= 0.7 ['ECBAIT_10_0057_MEMBER_INTERIOR_01', 'ECBAIT_HOST_CONTROL_01']
  HIT ERR2013715: 1 baits >= 0.7 ['ECBAIT_HOST_CONTROL_01']
  HIT ERR2013718: 1 baits >= 0.7 ['ECBAIT_HOST_CONTROL_01']
  HIT ERR2013719: 2 baits >= 0.7 ['ECBAIT_0_0014_MEMBER_INTERIOR_01', 'ECBAIT_10_0151_JUNCTION_03']
  HIT ERR2013721: 2 baits >= 0.7 ['ECBAIT_0_0014_MEMBER_INTERIOR_01', 'ECBAIT_10_0151_JUNCTION_03']
  HIT ERR2013725: 1 baits >= 0.7 ['ECBAIT_HOST_CONTROL_01']
  HIT ERR2013726: 1 baits >= 0.7 ['ECBAIT_HOST_CONTROL_01']
  HIT ERR2013728: 1 baits >= 0.7 ['ECBAIT_HOST_CONTROL_01']
  HIT ERR2019090: 1 baits >= 0.7 ['ECBAIT_10_0057_MEMBER_INTERIOR_01']
  HIT ERR2019091: 1 baits >= 0.7 ['ECBAIT_HOST_CONTROL_01']
  2550/12000 processed (2340 screened, 2008 hit-accessions) 761s budget=3.9GB
  HIT ERR2019100: 1 baits >= 0.7 ['ECBAIT_10_0057_MEMBER_INTERIOR_01']
  HIT ERR2019101: 5 baits >= 0.7 ['ECBAIT_0_0071_INTERIOR_MODULE_01', 'ECBAIT_0_0071_MEMBER_INTERIOR_01', 'ECBAIT_10_0002_JUNCTION_01', 'ECBAIT_10_0057_MEMBER_INTERIOR_01']
  HIT ERR2019102: 3 baits >= 0.7 ['ECBAIT_10_0002_JUNCTION_01', 'ECBAIT_10_0057_MEMBER_INTERIOR_01', 'ECBAIT_HOST_CONTROL_01']
  HIT ERR2019105: 3 baits >= 0.7 ['ECBAIT_0_0000_JUNCTION_02', 'ECBAIT_10_0057_MEMBER_INTERIOR_01', 'ECBAIT_HOST_CONTROL_01']
  HIT ERR2019104: 1 baits >= 0.7 ['ECBAIT_10_0057_MEMBER_INTERIOR_01']
  HIT ERR2019118: 1 baits >= 0.7 ['ECBAIT_10_0057_MEMBER_INTERIOR_01']
  HIT ERR2019109: 2 baits >= 0.7 ['ECBAIT_10_0057_MEMBER_INTERIOR_01', 'ECBAIT_HOST_CONTROL_01']
  HIT ERR2019123: 1 baits >= 0.7 ['ECBAIT_0_0000_JUNCTION_02']
  HIT ERR2019124: 1 baits >= 0.7 ['ECBAIT_0_0000_JUNCTION_02']
  HIT ERR2019126: 1 baits >= 0.7 ['ECBAIT_HOST_CONTROL_01']
  HIT ERR2019137: 2 baits >= 0.7 ['ECBAIT_10_0057_MEMBER_INTERIOR_01', 'ECBAIT_HOST_CONTROL_01']
  HIT ERR2019141: 2 baits >= 0.7 ['ECBAIT_0_0052_JUNCTION_03', 'ECBAIT_10_0057_MEMBER_INTERIOR_01']
  HIT ERR2019148: 2 baits >= 0.7 ['ECBAIT_10_0057_MEMBER_INTERIOR_01', 'ECBAIT_HOST_CONTROL_01']
  HIT ERR2019149: 1 baits >= 0.7 ['ECBAIT_10_0057_MEMBER_INTERIOR_01']
  HIT ERR2019151: 2 baits >= 0.7 ['ECBAIT_10_0057_MEMBER_INTERIOR_01', 'ECBAIT_HOST_CONTROL_01']
  HIT ERR2019157: 1 baits >= 0.7 ['ECBAIT_HOST_CONTROL_01']
  HIT ERR2019163: 1 baits >= 0.7 ['ECBAIT_HOST_CONTROL_01']
  HIT ERR2019159: 4 baits >= 0.7 ['ECBAIT_0_0052_JUNCTION_03', 'ECBAIT_0_0071_INTERIOR_MODULE_01', 'ECBAIT_10_0002_JUNCTION_01', 'ECBAIT_10_0057_MEMBER_INTERIOR_01']
  HIT ERR2019164: 2 baits >= 0.7 ['ECBAIT_10_0057_MEMBER_INTERIOR_01', 'ECBAIT_10_0172_MEMBER_INTERIOR_01']
  HIT ERR2019165: 1 baits >= 0.7 ['ECBAIT_HOST_CONTROL_01']
  HIT ERR2019170: 2 baits >= 0.7 ['ECBAIT_10_0057_MEMBER_INTERIOR_01', 'ECBAIT_HOST_CONTROL_01']
  HIT ERR2019174: 1 baits >= 0.7 ['ECBAIT_HOST_CONTROL_01']
  HIT ERR2019176: 1 baits >= 0.7 ['ECBAIT_HOST_CONTROL_01']
  HIT ERR2019177: 2 baits >= 0.7 ['ECBAIT_10_0057_MEMBER_INTERIOR_01', 'ECBAIT_HOST_CONTROL_01']
  HIT ERR2019180: 1 baits >= 0.7 ['ECBAIT_10_0057_MEMBER_INTERIOR_01']
  HIT ERR2019182: 2 baits >= 0.7 ['ECBAIT_10_0002_JUNCTION_01', 'ECBAIT_HOST_CONTROL_01']
  HIT ERR2019184: 2 baits >= 0.7 ['ECBAIT_0_0000_JUNCTION_02', 'ECBAIT_10_0057_MEMBER_INTERIOR_01']
  HIT ERR2019190: 1 baits >= 0.7 ['ECBAIT_10_0057_MEMBER_INTERIOR_01']
  HIT ERR2019192: 2 baits >= 0.7 ['ECBAIT_10_0002_JUNCTION_01', 'ECBAIT_10_0002_JUNCTION_03']
  HIT ERR2019197: 1 baits >= 0.7 ['ECBAIT_10_0057_MEMBER_INTERIOR_01']
  HIT ERR2019193: 2 baits >= 0.7 ['ECBAIT_10_0057_MEMBER_INTERIOR_01', 'ECBAIT_HOST_CONTROL_01']
  HIT ERR2019195: 1 baits >= 0.7 ['ECBAIT_HOST_CONTROL_02']
  HIT ERR2019207: 2 baits >= 0.7 ['ECBAIT_10_0057_MEMBER_INTERIOR_01', 'ECBAIT_HOST_CONTROL_01']
  HIT ERR2019209: 2 baits >= 0.7 ['ECBAIT_10_0057_MEMBER_INTERIOR_01', 'ECBAIT_HOST_CONTROL_01']
  HIT ERR2019212: 1 baits >= 0.7 ['ECBAIT_10_0057_MEMBER_INTERIOR_01']
  HIT ERR2019219: 2 baits >= 0.7 ['ECBAIT_10_0057_MEMBER_INTERIOR_01', 'ECBAIT_1_0004_JUNCTION_01']
  HIT ERR2019228: 1 baits >= 0.7 ['ECBAIT_HOST_CONTROL_01']
  HIT ERR2019229: 1 baits >= 0.7 ['ECBAIT_HOST_CONTROL_01']
  HIT ERR2019231: 1 baits >= 0.7 ['ECBAIT_HOST_CONTROL_01']
  HIT ERR2019236: 2 baits >= 0.7 ['ECBAIT_10_0057_MEMBER_INTERIOR_01', 'ECBAIT_HOST_CONTROL_01']
  HIT ERR2019249: 2 baits >= 0.7 ['ECBAIT_0_0000_JUNCTION_02', 'ECBAIT_HOST_CONTROL_01']
  2600/12000 processed (2389 screened, 2049 hit-accessions) 777s budget=4.0GB
  HIT ERR2019257: 1 baits >= 0.7 ['ECBAIT_HOST_CONTROL_01']
  HIT ERR2019267: 2 baits >= 0.7 ['ECBAIT_0_0059_MEMBER_INTERIOR_01', 'ECBAIT_10_0057_MEMBER_INTERIOR_01']
  HIT ERR2019269: 3 baits >= 0.7 ['ECBAIT_0_0071_INTERIOR_MODULE_01', 'ECBAIT_0_0071_MEMBER_INTERIOR_01', 'ECBAIT_10_0057_MEMBER_INTERIOR_01']
  HIT ERR2019270: 7 baits >= 0.7 ['ECBAIT_0_0000_JUNCTION_02', 'ECBAIT_0_0046_JUNCTION_01', 'ECBAIT_0_0046_MEMBER_INTERIOR_01', 'ECBAIT_10_0002_MEMBER_INTERIOR_01']
  HIT ERR2023112: 1 baits >= 0.7 ['ECBAIT_10_0057_MEMBER_INTERIOR_01']
  HIT ERR2023113: 1 baits >= 0.7 ['ECBAIT_HOST_CONTROL_01']
  HIT ERR2088799: 2 baits >= 0.7 ['ECBAIT_10_0057_MEMBER_INTERIOR_01', 'ECBAIT_HOST_CONTROL_01']
  HIT ERR2097819: 2 baits >= 0.7 ['ECBAIT_10_0057_MEMBER_INTERIOR_01', 'ECBAIT_HOST_CONTROL_02']
  HIT ERR2137852: 1 baits >= 0.7 ['ECBAIT_HOST_CONTROL_01']
  HIT ERR2146801: 4 baits >= 0.7 ['ECBAIT_10_0002_JUNCTION_01', 'ECBAIT_10_0002_JUNCTION_02', 'ECBAIT_10_0057_MEMBER_INTERIOR_01', 'ECBAIT_HOST_CONTROL_01']
  HIT ERR2137851: 1 baits >= 0.7 ['ECBAIT_HOST_CONTROL_01']
  HIT ERR2146805: 1 baits >= 0.7 ['ECBAIT_10_0057_MEMBER_INTERIOR_01']
  HIT ERR2146806: 1 baits >= 0.7 ['ECBAIT_10_0057_MEMBER_INTERIOR_01']
  HIT ERR2146807: 1 baits >= 0.7 ['ECBAIT_10_0057_MEMBER_INTERIOR_01']
  HIT ERR2184786: 4 baits >= 0.7 ['ECBAIT_0_0000_JUNCTION_01', 'ECBAIT_10_0002_MEMBER_INTERIOR_01', 'ECBAIT_10_0044_INTERIOR_MODULE_01', 'ECBAIT_10_0044_MEMBER_INTERIOR_01']
  HIT ERR2204345: 1 baits >= 0.7 ['ECBAIT_HOST_CONTROL_01']
  HIT ERR2232602: 2 baits >= 0.7 ['ECBAIT_10_0002_MEMBER_INTERIOR_01', 'ECBAIT_10_0057_MEMBER_INTERIOR_01']
  HIT ERR2232608: 4 baits >= 0.7 ['ECBAIT_10_0002_JUNCTION_01', 'ECBAIT_10_0002_JUNCTION_02', 'ECBAIT_10_0002_MEMBER_INTERIOR_01', 'ECBAIT_10_0057_MEMBER_INTERIOR_01']
  HIT ERR2232610: 2 baits >= 0.7 ['ECBAIT_10_0002_MEMBER_INTERIOR_01', 'ECBAIT_10_0057_MEMBER_INTERIOR_01']
  HIT ERR2232618: 1 baits >= 0.7 ['ECBAIT_10_0057_MEMBER_INTERIOR_01']
  HIT ERR2232622: 5 baits >= 0.7 ['ECBAIT_10_0002_JUNCTION_01', 'ECBAIT_10_0002_JUNCTION_02', 'ECBAIT_10_0002_MEMBER_INTERIOR_01', 'ECBAIT_10_0057_MEMBER_INTERIOR_01']
  HIT ERR2232625: 2 baits >= 0.7 ['ECBAIT_10_0172_MEMBER_INTERIOR_01', 'ECBAIT_HOST_CONTROL_01']
  HIT ERR2232627: 4 baits >= 0.7 ['ECBAIT_10_0002_MEMBER_INTERIOR_01', 'ECBAIT_10_0057_MEMBER_INTERIOR_01', 'ECBAIT_10_0172_MEMBER_INTERIOR_01', 'ECBAIT_HOST_CONTROL_01']
  HIT ERR2232630: 2 baits >= 0.7 ['ECBAIT_10_0002_MEMBER_INTERIOR_01', 'ECBAIT_10_0057_MEMBER_INTERIOR_01']
  HIT ERR2232632: 4 baits >= 0.7 ['ECBAIT_10_0002_JUNCTION_01', 'ECBAIT_10_0002_JUNCTION_02', 'ECBAIT_10_0002_MEMBER_INTERIOR_01', 'ECBAIT_10_0057_MEMBER_INTERIOR_01']
  HIT ERR2232634: 3 baits >= 0.7 ['ECBAIT_10_0002_MEMBER_INTERIOR_01', 'ECBAIT_10_0057_MEMBER_INTERIOR_01', 'ECBAIT_10_0172_MEMBER_INTERIOR_01']
  HIT ERR2232638: 1 baits >= 0.7 ['ECBAIT_10_0057_MEMBER_INTERIOR_01']
  2650/12000 processed (2438 screened, 2076 hit-accessions) 792s budget=4.1GB
  HIT ERR2232641: 2 baits >= 0.7 ['ECBAIT_0_0000_JUNCTION_02', 'ECBAIT_HOST_CONTROL_01']
  HIT ERR2232643: 2 baits >= 0.7 ['ECBAIT_10_0002_MEMBER_INTERIOR_01', 'ECBAIT_10_0057_MEMBER_INTERIOR_01']
  HIT ERR2232648: 4 baits >= 0.7 ['ECBAIT_10_0002_MEMBER_INTERIOR_01', 'ECBAIT_10_0057_MEMBER_INTERIOR_01', 'ECBAIT_10_0172_MEMBER_INTERIOR_01', 'ECBAIT_HOST_CONTROL_02']
  HIT ERR2232653: 2 baits >= 0.7 ['ECBAIT_10_0002_MEMBER_INTERIOR_01', 'ECBAIT_10_0057_MEMBER_INTERIOR_01']
  HIT ERR2232655: 2 baits >= 0.7 ['ECBAIT_10_0002_MEMBER_INTERIOR_01', 'ECBAIT_10_0057_MEMBER_INTERIOR_01']
  HIT ERR2232660: 3 baits >= 0.7 ['ECBAIT_10_0002_MEMBER_INTERIOR_01', 'ECBAIT_10_0057_MEMBER_INTERIOR_01', 'ECBAIT_10_0172_MEMBER_INTERIOR_01']
  HIT ERR2232657: 2 baits >= 0.7 ['ECBAIT_10_0057_MEMBER_INTERIOR_01', 'ECBAIT_10_0172_MEMBER_INTERIOR_01']
  HIT ERR2232663: 4 baits >= 0.7 ['ECBAIT_10_0002_JUNCTION_01', 'ECBAIT_10_0002_JUNCTION_02', 'ECBAIT_10_0002_MEMBER_INTERIOR_01', 'ECBAIT_10_0057_MEMBER_INTERIOR_01']
  HIT ERR2232669: 2 baits >= 0.7 ['ECBAIT_0_0000_MEMBER_INTERIOR_01', 'ECBAIT_10_0057_MEMBER_INTERIOR_01']
  HIT ERR2232671: 3 baits >= 0.7 ['ECBAIT_10_0002_MEMBER_INTERIOR_01', 'ECBAIT_10_0057_MEMBER_INTERIOR_01', 'ECBAIT_10_0172_MEMBER_INTERIOR_01']
  HIT ERR2232672: 2 baits >= 0.7 ['ECBAIT_10_0002_MEMBER_INTERIOR_01', 'ECBAIT_10_0057_MEMBER_INTERIOR_01']
  HIT ERR2232679: 1 baits >= 0.7 ['ECBAIT_0_0014_MEMBER_INTERIOR_01']
  HIT ERR2232683: 2 baits >= 0.7 ['ECBAIT_10_0002_MEMBER_INTERIOR_01', 'ECBAIT_10_0057_MEMBER_INTERIOR_01']
  HIT ERR2232685: 2 baits >= 0.7 ['ECBAIT_10_0057_MEMBER_INTERIOR_01', 'ECBAIT_10_0172_MEMBER_INTERIOR_01']
  HIT ERR2232687: 2 baits >= 0.7 ['ECBAIT_10_0002_MEMBER_INTERIOR_01', 'ECBAIT_10_0057_MEMBER_INTERIOR_01']
  HIT ERR2232688: 3 baits >= 0.7 ['ECBAIT_10_0002_JUNCTION_01', 'ECBAIT_10_0002_MEMBER_INTERIOR_01', 'ECBAIT_10_0057_MEMBER_INTERIOR_01']
  HIT ERR2232697: 4 baits >= 0.7 ['ECBAIT_10_0002_JUNCTION_01', 'ECBAIT_10_0002_JUNCTION_02', 'ECBAIT_10_0002_MEMBER_INTERIOR_01', 'ECBAIT_10_0057_MEMBER_INTERIOR_01']
  HIT ERR2232709: 2 baits >= 0.7 ['ECBAIT_10_0002_MEMBER_INTERIOR_01', 'ECBAIT_10_0057_MEMBER_INTERIOR_01']
  HIT ERR2232711: 2 baits >= 0.7 ['ECBAIT_10_0002_MEMBER_INTERIOR_01', 'ECBAIT_10_0057_MEMBER_INTERIOR_01']
  HIT ERR2232712: 5 baits >= 0.7 ['ECBAIT_10_0002_JUNCTION_01', 'ECBAIT_10_0002_JUNCTION_02', 'ECBAIT_10_0002_MEMBER_INTERIOR_01', 'ECBAIT_10_0057_MEMBER_INTERIOR_01']
  HIT ERR2232715: 1 baits >= 0.7 ['ECBAIT_10_0057_MEMBER_INTERIOR_01']
  HIT ERR2232718: 2 baits >= 0.7 ['ECBAIT_10_0002_MEMBER_INTERIOR_01', 'ECBAIT_10_0057_MEMBER_INTERIOR_01']
  HIT ERR2232719: 3 baits >= 0.7 ['ECBAIT_10_0002_MEMBER_INTERIOR_01', 'ECBAIT_10_0057_MEMBER_INTERIOR_01', 'ECBAIT_10_0172_MEMBER_INTERIOR_01']
  HIT ERR2232722: 4 baits >= 0.7 ['ECBAIT_10_0002_JUNCTION_01', 'ECBAIT_10_0002_JUNCTION_02', 'ECBAIT_10_0002_MEMBER_INTERIOR_01', 'ECBAIT_10_0057_MEMBER_INTERIOR_01']
  HIT ERR2232723: 3 baits >= 0.7 ['ECBAIT_10_0057_MEMBER_INTERIOR_01', 'ECBAIT_10_0172_MEMBER_INTERIOR_01', 'ECBAIT_HOST_CONTROL_02']
  HIT ERR2232727: 4 baits >= 0.7 ['ECBAIT_10_0002_JUNCTION_01', 'ECBAIT_10_0002_JUNCTION_02', 'ECBAIT_10_0002_MEMBER_INTERIOR_01', 'ECBAIT_10_0057_MEMBER_INTERIOR_01']
  HIT ERR2232728: 2 baits >= 0.7 ['ECBAIT_10_0002_MEMBER_INTERIOR_01', 'ECBAIT_10_0057_MEMBER_INTERIOR_01']
  HIT ERR2232729: 5 baits >= 0.7 ['ECBAIT_0_0046_MEMBER_INTERIOR_01', 'ECBAIT_10_0002_MEMBER_INTERIOR_01', 'ECBAIT_10_0057_MEMBER_INTERIOR_01', 'ECBAIT_1_0022_JUNCTION_02']
  HIT ERR2232732: 3 baits >= 0.7 ['ECBAIT_10_0002_MEMBER_INTERIOR_01', 'ECBAIT_10_0057_MEMBER_INTERIOR_01', 'ECBAIT_10_0172_MEMBER_INTERIOR_01']
  HIT ERR2232733: 4 baits >= 0.7 ['ECBAIT_10_0002_JUNCTION_01', 'ECBAIT_10_0002_JUNCTION_02', 'ECBAIT_10_0002_MEMBER_INTERIOR_01', 'ECBAIT_10_0057_MEMBER_INTERIOR_01']
  HIT ERR2232734: 3 baits >= 0.7 ['ECBAIT_10_0002_JUNCTION_02', 'ECBAIT_10_0002_MEMBER_INTERIOR_01', 'ECBAIT_10_0057_MEMBER_INTERIOR_01']
  HIT ERR2232739: 2 baits >= 0.7 ['ECBAIT_10_0002_MEMBER_INTERIOR_01', 'ECBAIT_10_0057_MEMBER_INTERIOR_01']
  HIT ERR2232740: 2 baits >= 0.7 ['ECBAIT_10_0002_MEMBER_INTERIOR_01', 'ECBAIT_10_0057_MEMBER_INTERIOR_01']
  HIT ERR2232741: 4 baits >= 0.7 ['ECBAIT_10_0002_JUNCTION_01', 'ECBAIT_10_0002_JUNCTION_02', 'ECBAIT_10_0002_MEMBER_INTERIOR_01', 'ECBAIT_10_0057_MEMBER_INTERIOR_01']
  HIT ERR2232742: 2 baits >= 0.7 ['ECBAIT_10_0002_MEMBER_INTERIOR_01', 'ECBAIT_10_0057_MEMBER_INTERIOR_01']
  HIT ERR2232743: 3 baits >= 0.7 ['ECBAIT_10_0002_MEMBER_INTERIOR_01', 'ECBAIT_10_0057_MEMBER_INTERIOR_01', 'ECBAIT_10_0172_MEMBER_INTERIOR_01']
  HIT ERR2232744: 3 baits >= 0.7 ['ECBAIT_10_0002_MEMBER_INTERIOR_01', 'ECBAIT_10_0057_MEMBER_INTERIOR_01', 'ECBAIT_10_0172_MEMBER_INTERIOR_01']
  HIT ERR2232748: 2 baits >= 0.7 ['ECBAIT_10_0002_JUNCTION_01', 'ECBAIT_10_0057_MEMBER_INTERIOR_01']
  HIT ERR2232749: 2 baits >= 0.7 ['ECBAIT_10_0002_MEMBER_INTERIOR_01', 'ECBAIT_10_0057_MEMBER_INTERIOR_01']
  HIT ERR2232750: 3 baits >= 0.7 ['ECBAIT_10_0002_MEMBER_INTERIOR_01', 'ECBAIT_10_0057_MEMBER_INTERIOR_01', 'ECBAIT_10_0172_MEMBER_INTERIOR_01']
  HIT ERR2232751: 3 baits >= 0.7 ['ECBAIT_10_0002_MEMBER_INTERIOR_01', 'ECBAIT_10_0057_MEMBER_INTERIOR_01', 'ECBAIT_10_0172_MEMBER_INTERIOR_01']
  HIT ERR2232752: 2 baits >= 0.7 ['ECBAIT_10_0002_MEMBER_INTERIOR_01', 'ECBAIT_10_0057_MEMBER_INTERIOR_01']
  HIT ERR2232754: 3 baits >= 0.7 ['ECBAIT_10_0057_MEMBER_INTERIOR_01', 'ECBAIT_10_0172_MEMBER_INTERIOR_01', 'ECBAIT_HOST_CONTROL_02']
  HIT ERR2232755: 2 baits >= 0.7 ['ECBAIT_10_0002_MEMBER_INTERIOR_01', 'ECBAIT_10_0057_MEMBER_INTERIOR_01']
  HIT ERR2232756: 2 baits >= 0.7 ['ECBAIT_10_0002_MEMBER_INTERIOR_01', 'ECBAIT_10_0057_MEMBER_INTERIOR_01']
  HIT ERR2232757: 3 baits >= 0.7 ['ECBAIT_10_0002_MEMBER_INTERIOR_01', 'ECBAIT_10_0057_MEMBER_INTERIOR_01', 'ECBAIT_10_0172_MEMBER_INTERIOR_01']
  HIT ERR2232760: 4 baits >= 0.7 ['ECBAIT_10_0002_JUNCTION_01', 'ECBAIT_10_0002_JUNCTION_02', 'ECBAIT_10_0002_MEMBER_INTERIOR_01', 'ECBAIT_10_0057_MEMBER_INTERIOR_01']
  HIT ERR2232763: 2 baits >= 0.7 ['ECBAIT_10_0002_MEMBER_INTERIOR_01', 'ECBAIT_10_0057_MEMBER_INTERIOR_01']
  HIT ERR2232764: 2 baits >= 0.7 ['ECBAIT_10_0002_MEMBER_INTERIOR_01', 'ECBAIT_10_0057_MEMBER_INTERIOR_01']
  HIT ERR2265581: 1 baits >= 0.7 ['ECBAIT_HOST_CONTROL_01']
  2700/12000 processed (2488 screened, 2126 hit-accessions) 807s budget=4.2GB
  HIT ERR2265582: 3 baits >= 0.7 ['ECBAIT_0_0052_JUNCTION_03', 'ECBAIT_0_0054_MEMBER_INTERIOR_01', 'ECBAIT_10_0057_MEMBER_INTERIOR_01']
  HIT ERR2265584: 5 baits >= 0.7 ['ECBAIT_0_0000_INTERIOR_MODULE_01', 'ECBAIT_0_0000_JUNCTION_02', 'ECBAIT_0_0000_MEMBER_INTERIOR_01', 'ECBAIT_10_0057_MEMBER_INTERIOR_01']
  HIT ERR2265583: 3 baits >= 0.7 ['ECBAIT_0_0052_JUNCTION_03', 'ECBAIT_0_0054_MEMBER_INTERIOR_01', 'ECBAIT_10_0057_MEMBER_INTERIOR_01']
  HIT ERR2265585: 5 baits >= 0.7 ['ECBAIT_0_0000_INTERIOR_MODULE_01', 'ECBAIT_0_0000_JUNCTION_02', 'ECBAIT_0_0000_MEMBER_INTERIOR_01', 'ECBAIT_10_0057_MEMBER_INTERIOR_01']
  HIT ERR2265586: 1 baits >= 0.7 ['ECBAIT_HOST_CONTROL_01']
  HIT ERR230397: 2 baits >= 0.7 ['ECBAIT_10_0002_MEMBER_INTERIOR_01', 'ECBAIT_HOST_CONTROL_01']
  HIT ERR230450: 3 baits >= 0.7 ['ECBAIT_10_0002_MEMBER_INTERIOR_01', 'ECBAIT_10_0057_MEMBER_INTERIOR_01', 'ECBAIT_HOST_CONTROL_01']
  HIT ERR2531854: 2 baits >= 0.7 ['ECBAIT_HOST_CONTROL_01', 'ECBAIT_POSCON_LAMBDA_01']
  HIT ERR2531853: 2 baits >= 0.7 ['ECBAIT_HOST_CONTROL_01', 'ECBAIT_POSCON_LAMBDA_01']
  HIT ERR2632192: 1 baits >= 0.7 ['ECBAIT_HOST_CONTROL_01']
  HIT ERR2632193: 3 baits >= 0.7 ['ECBAIT_10_0002_JUNCTION_01', 'ECBAIT_10_0002_MEMBER_INTERIOR_01', 'ECBAIT_10_0057_MEMBER_INTERIOR_01']
  HIT ERR2632196: 3 baits >= 0.7 ['ECBAIT_10_0002_JUNCTION_02', 'ECBAIT_10_0151_JUNCTION_03', 'ECBAIT_HOST_CONTROL_02']
  HIT ERR2632198: 3 baits >= 0.7 ['ECBAIT_0_0000_MEMBER_INTERIOR_01', 'ECBAIT_10_0057_MEMBER_INTERIOR_01', 'ECBAIT_10_0172_MEMBER_INTERIOR_01']
  HIT ERR2632202: 5 baits >= 0.7 ['ECBAIT_10_0002_JUNCTION_01', 'ECBAIT_10_0002_JUNCTION_02', 'ECBAIT_10_0057_INTERIOR_MODULE_01', 'ECBAIT_10_0057_JUNCTION_03']
  HIT ERR2632201: 1 baits >= 0.7 ['ECBAIT_10_0151_JUNCTION_03']
  HIT ERR2632206: 1 baits >= 0.7 ['ECBAIT_10_0057_MEMBER_INTERIOR_01']
  HIT ERR2632212: 1 baits >= 0.7 ['ECBAIT_HOST_CONTROL_01']
  HIT ERR2632213: 2 baits >= 0.7 ['ECBAIT_10_0057_MEMBER_INTERIOR_01', 'ECBAIT_HOST_CONTROL_02']
  HIT ERR2632214: 1 baits >= 0.7 ['ECBAIT_1_0026_JUNCTION_01']
  HIT ERR2632216: 1 baits >= 0.7 ['ECBAIT_10_0057_MEMBER_INTERIOR_01']
  HIT ERR2632218: 2 baits >= 0.7 ['ECBAIT_10_0057_MEMBER_INTERIOR_01', 'ECBAIT_10_0151_MEMBER_INTERIOR_01']
  HIT ERR2632222: 2 baits >= 0.7 ['ECBAIT_0_0000_JUNCTION_02', 'ECBAIT_10_0057_MEMBER_INTERIOR_01']
  HIT ERR2632221: 2 baits >= 0.7 ['ECBAIT_10_0002_MEMBER_INTERIOR_01', 'ECBAIT_10_0057_MEMBER_INTERIOR_01']
  HIT ERR2632224: 2 baits >= 0.7 ['ECBAIT_0_0054_MEMBER_INTERIOR_01', 'ECBAIT_10_0057_MEMBER_INTERIOR_01']
  HIT ERR2632223: 1 baits >= 0.7 ['ECBAIT_10_0057_MEMBER_INTERIOR_01']
  HIT ERR2632227: 2 baits >= 0.7 ['ECBAIT_0_0054_MEMBER_INTERIOR_01', 'ECBAIT_10_0057_MEMBER_INTERIOR_01']
  HIT ERR2632225: 2 baits >= 0.7 ['ECBAIT_0_0054_MEMBER_INTERIOR_01', 'ECBAIT_10_0057_MEMBER_INTERIOR_01']
  HIT ERR2632230: 2 baits >= 0.7 ['ECBAIT_10_0057_MEMBER_INTERIOR_01', 'ECBAIT_HOST_CONTROL_01']
  HIT ERR2632231: 2 baits >= 0.7 ['ECBAIT_10_0057_MEMBER_INTERIOR_01', 'ECBAIT_HOST_CONTROL_01']
  HIT ERR2632233: 3 baits >= 0.7 ['ECBAIT_0_0052_JUNCTION_03', 'ECBAIT_0_0054_MEMBER_INTERIOR_01', 'ECBAIT_10_0057_MEMBER_INTERIOR_01']
  2750/12000 processed (2520 screened, 2156 hit-accessions) 818s budget=4.2GB
  HIT ERR2642354: 6 baits >= 0.7 ['ECBAIT_0_0000_JUNCTION_02', 'ECBAIT_0_0000_MEMBER_INTERIOR_01', 'ECBAIT_0_0014_JUNCTION_02', 'ECBAIT_0_0014_MEMBER_INTERIOR_01']
  HIT ERR2680426: 5 baits >= 0.7 ['ECBAIT_10_0002_JUNCTION_01', 'ECBAIT_10_0002_JUNCTION_02', 'ECBAIT_10_0002_MEMBER_INTERIOR_01', 'ECBAIT_10_0057_MEMBER_INTERIOR_01']
  HIT ERR2680427: 4 baits >= 0.7 ['ECBAIT_10_0002_JUNCTION_01', 'ECBAIT_10_0002_JUNCTION_02', 'ECBAIT_10_0002_MEMBER_INTERIOR_01', 'ECBAIT_10_0057_MEMBER_INTERIOR_01']
  HIT ERR2680428: 2 baits >= 0.7 ['ECBAIT_10_0002_MEMBER_INTERIOR_01', 'ECBAIT_10_0057_MEMBER_INTERIOR_01']
  HIT ERR2680429: 2 baits >= 0.7 ['ECBAIT_10_0002_MEMBER_INTERIOR_01', 'ECBAIT_10_0057_MEMBER_INTERIOR_01']
  HIT ERR2680430: 4 baits >= 0.7 ['ECBAIT_10_0002_JUNCTION_01', 'ECBAIT_10_0002_JUNCTION_02', 'ECBAIT_10_0002_MEMBER_INTERIOR_01', 'ECBAIT_10_0057_MEMBER_INTERIOR_01']
  HIT ERR2680431: 1 baits >= 0.7 ['ECBAIT_10_0057_MEMBER_INTERIOR_01']
  HIT ERR2680432: 3 baits >= 0.7 ['ECBAIT_10_0057_MEMBER_INTERIOR_01', 'ECBAIT_10_0172_MEMBER_INTERIOR_01', 'ECBAIT_HOST_CONTROL_01']
  HIT ERR2680434: 2 baits >= 0.7 ['ECBAIT_10_0002_MEMBER_INTERIOR_01', 'ECBAIT_10_0057_MEMBER_INTERIOR_01']
  HIT ERR2681678: 4 baits >= 0.7 ['ECBAIT_0_0046_MEMBER_INTERIOR_01', 'ECBAIT_10_0057_MEMBER_INTERIOR_01', 'ECBAIT_1_0022_JUNCTION_03', 'ECBAIT_HOST_CONTROL_01']
  HIT ERR2681679: 4 baits >= 0.7 ['ECBAIT_0_0000_JUNCTION_02', 'ECBAIT_0_0046_MEMBER_INTERIOR_01', 'ECBAIT_10_0057_MEMBER_INTERIOR_01', 'ECBAIT_1_0022_JUNCTION_03']
  HIT ERR2681680: 3 baits >= 0.7 ['ECBAIT_10_0002_MEMBER_INTERIOR_01', 'ECBAIT_10_0172_JUNCTION_02', 'ECBAIT_HOST_CONTROL_01']
  HIT ERR2681681: 3 baits >= 0.7 ['ECBAIT_10_0002_MEMBER_INTERIOR_01', 'ECBAIT_1_0004_JUNCTION_02', 'ECBAIT_HOST_CONTROL_01']
  HIT ERR2681682: 1 baits >= 0.7 ['ECBAIT_HOST_CONTROL_01']
  HIT ERR2681684: 1 baits >= 0.7 ['ECBAIT_HOST_CONTROL_01']
  HIT ERR2681685: 1 baits >= 0.7 ['ECBAIT_10_0057_MEMBER_INTERIOR_01']
  HIT ERR2681686: 3 baits >= 0.7 ['ECBAIT_10_0057_MEMBER_INTERIOR_01', 'ECBAIT_10_0151_JUNCTION_03', 'ECBAIT_10_0172_MEMBER_INTERIOR_01']
  HIT ERR2740769: 4 baits >= 0.7 ['ECBAIT_0_0000_JUNCTION_01', 'ECBAIT_10_0002_MEMBER_INTERIOR_01', 'ECBAIT_10_0044_INTERIOR_MODULE_01', 'ECBAIT_10_0044_MEMBER_INTERIOR_01']
  HIT ERR2740770: 4 baits >= 0.7 ['ECBAIT_0_0000_JUNCTION_01', 'ECBAIT_10_0002_MEMBER_INTERIOR_01', 'ECBAIT_10_0044_INTERIOR_MODULE_01', 'ECBAIT_10_0044_MEMBER_INTERIOR_01']
  HIT ERR2740772: 1 baits >= 0.7 ['ECBAIT_10_0057_MEMBER_INTERIOR_01']
  HIT ERR2740771: 1 baits >= 0.7 ['ECBAIT_10_0002_MEMBER_INTERIOR_01']
  HIT ERR2740773: 1 baits >= 0.7 ['ECBAIT_10_0002_MEMBER_INTERIOR_01']
  HIT ERR2740774: 4 baits >= 0.7 ['ECBAIT_0_0000_JUNCTION_01', 'ECBAIT_10_0002_MEMBER_INTERIOR_01', 'ECBAIT_10_0044_INTERIOR_MODULE_01', 'ECBAIT_10_0044_MEMBER_INTERIOR_01']
  HIT ERR2740776: 4 baits >= 0.7 ['ECBAIT_0_0000_JUNCTION_01', 'ECBAIT_10_0002_MEMBER_INTERIOR_01', 'ECBAIT_10_0044_INTERIOR_MODULE_01', 'ECBAIT_10_0044_MEMBER_INTERIOR_01']
  HIT ERR2740778: 3 baits >= 0.7 ['ECBAIT_0_0000_JUNCTION_01', 'ECBAIT_10_0002_MEMBER_INTERIOR_01', 'ECBAIT_10_0044_MEMBER_INTERIOR_01']
  HIT ERR2740777: 4 baits >= 0.7 ['ECBAIT_0_0000_JUNCTION_01', 'ECBAIT_10_0002_MEMBER_INTERIOR_01', 'ECBAIT_10_0044_INTERIOR_MODULE_01', 'ECBAIT_10_0044_MEMBER_INTERIOR_01']
  HIT ERR2740779: 4 baits >= 0.7 ['ECBAIT_0_0000_JUNCTION_01', 'ECBAIT_10_0002_MEMBER_INTERIOR_01', 'ECBAIT_10_0044_INTERIOR_MODULE_01', 'ECBAIT_10_0044_MEMBER_INTERIOR_01']
  HIT ERR2740780: 1 baits >= 0.7 ['ECBAIT_10_0002_MEMBER_INTERIOR_01']
  HIT ERR2740782: 1 baits >= 0.7 ['ECBAIT_10_0002_MEMBER_INTERIOR_01']
  HIT ERR2740781: 4 baits >= 0.7 ['ECBAIT_0_0000_JUNCTION_01', 'ECBAIT_10_0002_MEMBER_INTERIOR_01', 'ECBAIT_10_0044_INTERIOR_MODULE_01', 'ECBAIT_10_0044_MEMBER_INTERIOR_01']
  HIT ERR2740783: 1 baits >= 0.7 ['ECBAIT_10_0002_MEMBER_INTERIOR_01']
  HIT ERR2740784: 4 baits >= 0.7 ['ECBAIT_0_0000_JUNCTION_01', 'ECBAIT_10_0002_MEMBER_INTERIOR_01', 'ECBAIT_10_0044_INTERIOR_MODULE_01', 'ECBAIT_10_0044_MEMBER_INTERIOR_01']
  HIT ERR2740785: 3 baits >= 0.7 ['ECBAIT_0_0000_JUNCTION_01', 'ECBAIT_10_0002_MEMBER_INTERIOR_01', 'ECBAIT_10_0044_MEMBER_INTERIOR_01']
  HIT ERR2740786: 3 baits >= 0.7 ['ECBAIT_0_0000_JUNCTION_01', 'ECBAIT_10_0002_MEMBER_INTERIOR_01', 'ECBAIT_10_0044_MEMBER_INTERIOR_01']
  HIT ERR2740787: 4 baits >= 0.7 ['ECBAIT_0_0000_JUNCTION_01', 'ECBAIT_10_0002_MEMBER_INTERIOR_01', 'ECBAIT_10_0044_INTERIOR_MODULE_01', 'ECBAIT_10_0044_MEMBER_INTERIOR_01']
  HIT ERR2754043: 4 baits >= 0.7 ['ECBAIT_0_0000_JUNCTION_01', 'ECBAIT_10_0002_MEMBER_INTERIOR_01', 'ECBAIT_10_0044_INTERIOR_MODULE_01', 'ECBAIT_10_0044_MEMBER_INTERIOR_01']
  HIT ERR2754044: 4 baits >= 0.7 ['ECBAIT_0_0000_JUNCTION_01', 'ECBAIT_10_0002_MEMBER_INTERIOR_01', 'ECBAIT_10_0044_INTERIOR_MODULE_01', 'ECBAIT_10_0044_MEMBER_INTERIOR_01']
  HIT ERR279204: 2 baits >= 0.7 ['ECBAIT_10_0002_MEMBER_INTERIOR_01', 'ECBAIT_10_0057_MEMBER_INTERIOR_01']
  HIT ERR279206: 2 baits >= 0.7 ['ECBAIT_10_0002_MEMBER_INTERIOR_01', 'ECBAIT_10_0057_MEMBER_INTERIOR_01']
  HIT ERR279251: 2 baits >= 0.7 ['ECBAIT_10_0057_MEMBER_INTERIOR_01', 'ECBAIT_10_0172_MEMBER_INTERIOR_01']
  HIT ERR279253: 3 baits >= 0.7 ['ECBAIT_10_0057_MEMBER_INTERIOR_01', 'ECBAIT_10_0172_MEMBER_INTERIOR_01', 'ECBAIT_HOST_CONTROL_02']
  HIT ERR279257: 3 baits >= 0.7 ['ECBAIT_10_0057_MEMBER_INTERIOR_01', 'ECBAIT_10_0172_MEMBER_INTERIOR_01', 'ECBAIT_HOST_CONTROL_02']
  2800/12000 processed (2566 screened, 2198 hit-accessions) 834s budget=4.3GB
  HIT ERR279269: 3 baits >= 0.7 ['ECBAIT_10_0002_MEMBER_INTERIOR_01', 'ECBAIT_10_0057_MEMBER_INTERIOR_01', 'ECBAIT_HOST_CONTROL_01']
  HIT ERR2812325: 1 baits >= 0.7 ['ECBAIT_10_0057_MEMBER_INTERIOR_01']
  HIT ERR2817244: 1 baits >= 0.7 ['ECBAIT_10_0057_MEMBER_INTERIOR_01']
  HIT ERR2817245: 1 baits >= 0.7 ['ECBAIT_HOST_CONTROL_01']
  HIT ERR2817246: 1 baits >= 0.7 ['ECBAIT_HOST_CONTROL_01']
  HIT ERR2817250: 1 baits >= 0.7 ['ECBAIT_10_0057_MEMBER_INTERIOR_01']
  HIT ERR2817252: 2 baits >= 0.7 ['ECBAIT_10_0057_MEMBER_INTERIOR_01', 'ECBAIT_HOST_CONTROL_01']
  HIT ERR2817251: 1 baits >= 0.7 ['ECBAIT_HOST_CONTROL_01']
  HIT ERR2820183: 1 baits >= 0.7 ['ECBAIT_10_0057_MEMBER_INTERIOR_01']
  HIT ERR2820196: 2 baits >= 0.7 ['ECBAIT_0_0000_MEMBER_INTERIOR_01', 'ECBAIT_10_0057_MEMBER_INTERIOR_01']
  HIT ERR3097839: 1 baits >= 0.7 ['ECBAIT_HOST_CONTROL_01']
  HIT ERR3097840: 2 baits >= 0.7 ['ECBAIT_10_0057_MEMBER_INTERIOR_01', 'ECBAIT_HOST_CONTROL_01']
  HIT ERR3097841: 3 baits >= 0.7 ['ECBAIT_10_0057_MEMBER_INTERIOR_01', 'ECBAIT_10_0172_MEMBER_INTERIOR_01', 'ECBAIT_HOST_CONTROL_01']
  HIT ERR3097843: 1 baits >= 0.7 ['ECBAIT_1_0004_JUNCTION_01']
  HIT ERR3097842: 1 baits >= 0.7 ['ECBAIT_10_0057_MEMBER_INTERIOR_01']
  HIT ERR3097844: 1 baits >= 0.7 ['ECBAIT_HOST_CONTROL_01']
  HIT ERR3097845: 1 baits >= 0.7 ['ECBAIT_HOST_CONTROL_01']
  HIT ERR3097846: 2 baits >= 0.7 ['ECBAIT_10_0057_MEMBER_INTERIOR_01', 'ECBAIT_HOST_CONTROL_01']
  HIT ERR3097848: 1 baits >= 0.7 ['ECBAIT_HOST_CONTROL_01']
  HIT ERR3097849: 2 baits >= 0.7 ['ECBAIT_10_0057_MEMBER_INTERIOR_01', 'ECBAIT_HOST_CONTROL_01']
  HIT ERR3097850: 1 baits >= 0.7 ['ECBAIT_HOST_CONTROL_01']
  HIT ERR3097851: 2 baits >= 0.7 ['ECBAIT_10_0057_MEMBER_INTERIOR_01', 'ECBAIT_HOST_CONTROL_01']
  HIT ERR3097853: 2 baits >= 0.7 ['ECBAIT_10_0057_MEMBER_INTERIOR_01', 'ECBAIT_HOST_CONTROL_01']
  HIT ERR3097854: 1 baits >= 0.7 ['ECBAIT_10_0057_MEMBER_INTERIOR_01']
  HIT ERR3097856: 2 baits >= 0.7 ['ECBAIT_10_0057_MEMBER_INTERIOR_01', 'ECBAIT_HOST_CONTROL_01']
  HIT ERR3097855: 2 baits >= 0.7 ['ECBAIT_0_0000_JUNCTION_02', 'ECBAIT_10_0057_MEMBER_INTERIOR_01']
  HIT ERR3097858: 1 baits >= 0.7 ['ECBAIT_10_0151_MEMBER_INTERIOR_01']
  HIT ERR3097859: 2 baits >= 0.7 ['ECBAIT_0_0000_JUNCTION_02', 'ECBAIT_10_0057_MEMBER_INTERIOR_01']
  HIT ERR3097861: 2 baits >= 0.7 ['ECBAIT_0_0014_JUNCTION_01', 'ECBAIT_0_0014_JUNCTION_02']
  HIT ERR3097862: 1 baits >= 0.7 ['ECBAIT_HOST_CONTROL_02']
  HIT ERR3097863: 1 baits >= 0.7 ['ECBAIT_HOST_CONTROL_01']
  HIT ERR3097865: 1 baits >= 0.7 ['ECBAIT_HOST_CONTROL_01']
  HIT ERR3097864: 2 baits >= 0.7 ['ECBAIT_10_0038_JUNCTION_01', 'ECBAIT_10_0038_MEMBER_INTERIOR_01']
  HIT ERR3097866: 1 baits >= 0.7 ['ECBAIT_10_0057_MEMBER_INTERIOR_01']
  HIT ERR3097867: 2 baits >= 0.7 ['ECBAIT_10_0002_JUNCTION_01', 'ECBAIT_10_0057_MEMBER_INTERIOR_01']
  HIT ERR3097869: 2 baits >= 0.7 ['ECBAIT_10_0057_MEMBER_INTERIOR_01', 'ECBAIT_HOST_CONTROL_01']
  HIT ERR3097868: 1 baits >= 0.7 ['ECBAIT_10_0057_MEMBER_INTERIOR_01']
  HIT ERR3097870: 1 baits >= 0.7 ['ECBAIT_0_0014_JUNCTION_02']
  HIT ERR3097871: 1 baits >= 0.7 ['ECBAIT_10_0057_MEMBER_INTERIOR_01']
  HIT ERR3097873: 1 baits >= 0.7 ['ECBAIT_0_0014_JUNCTION_01']
  2850/12000 processed (2615 screened, 2238 hit-accessions) 849s budget=4.4GB
  HIT ERR3097872: 1 baits >= 0.7 ['ECBAIT_0_0054_MEMBER_INTERIOR_01']
  HIT ERR3097874: 1 baits >= 0.7 ['ECBAIT_0_0014_JUNCTION_01']
  HIT ERR3097875: 2 baits >= 0.7 ['ECBAIT_10_0057_MEMBER_INTERIOR_01', 'ECBAIT_HOST_CONTROL_01']
  HIT ERR3097876: 1 baits >= 0.7 ['ECBAIT_HOST_CONTROL_01']
  HIT ERR3097877: 1 baits >= 0.7 ['ECBAIT_HOST_CONTROL_01']
  HIT ERR3097878: 2 baits >= 0.7 ['ECBAIT_10_0057_MEMBER_INTERIOR_01', 'ECBAIT_HOST_CONTROL_01']
  HIT ERR314309: 2 baits >= 0.7 ['ECBAIT_10_0057_MEMBER_INTERIOR_01', 'ECBAIT_10_0172_MEMBER_INTERIOR_01']
  HIT ERR314310: 3 baits >= 0.7 ['ECBAIT_10_0002_MEMBER_INTERIOR_01', 'ECBAIT_10_0057_MEMBER_INTERIOR_01', 'ECBAIT_10_0172_MEMBER_INTERIOR_01']
  HIT ERR314331: 4 baits >= 0.7 ['ECBAIT_0_0054_MEMBER_INTERIOR_01', 'ECBAIT_10_0057_MEMBER_INTERIOR_01', 'ECBAIT_10_0172_MEMBER_INTERIOR_01', 'ECBAIT_HOST_CONTROL_01']
  HIT ERR314332: 4 baits >= 0.7 ['ECBAIT_0_0054_MEMBER_INTERIOR_01', 'ECBAIT_10_0057_MEMBER_INTERIOR_01', 'ECBAIT_10_0172_MEMBER_INTERIOR_01', 'ECBAIT_HOST_CONTROL_01']
  HIT ERR314339: 3 baits >= 0.7 ['ECBAIT_10_0002_JUNCTION_01', 'ECBAIT_10_0057_MEMBER_INTERIOR_01', 'ECBAIT_1_0004_INTERIOR_MODULE_01']
  HIT ERR314349: 3 baits >= 0.7 ['ECBAIT_10_0002_MEMBER_INTERIOR_01', 'ECBAIT_10_0057_MEMBER_INTERIOR_01', 'ECBAIT_10_0172_MEMBER_INTERIOR_01']
  HIT ERR314386: 2 baits >= 0.7 ['ECBAIT_10_0057_MEMBER_INTERIOR_01', 'ECBAIT_HOST_CONTROL_01']
  HIT ERR314389: 6 baits >= 0.7 ['ECBAIT_0_0000_JUNCTION_02', 'ECBAIT_0_0000_MEMBER_INTERIOR_01', 'ECBAIT_0_0014_JUNCTION_02', 'ECBAIT_0_0014_MEMBER_INTERIOR_01']
  HIT ERR314391: 2 baits >= 0.7 ['ECBAIT_10_0057_MEMBER_INTERIOR_01', 'ECBAIT_HOST_CONTROL_02']
  HIT ERR314392: 3 baits >= 0.7 ['ECBAIT_10_0057_MEMBER_INTERIOR_01', 'ECBAIT_10_0172_MEMBER_INTERIOR_01', 'ECBAIT_HOST_CONTROL_02']
  HIT ERR314394: 3 baits >= 0.7 ['ECBAIT_10_0057_MEMBER_INTERIOR_01', 'ECBAIT_10_0172_MEMBER_INTERIOR_01', 'ECBAIT_HOST_CONTROL_02']
  HIT ERR316950: 5 baits >= 0.7 ['ECBAIT_0_0052_JUNCTION_03', 'ECBAIT_0_0054_MEMBER_INTERIOR_01', 'ECBAIT_10_0172_MEMBER_INTERIOR_01', 'ECBAIT_1_0026_JUNCTION_01']
  HIT ERR316952: 1 baits >= 0.7 ['ECBAIT_1_0004_JUNCTION_01']
  HIT ERR316957: 5 baits >= 0.7 ['ECBAIT_0_0052_JUNCTION_03', 'ECBAIT_0_0054_MEMBER_INTERIOR_01', 'ECBAIT_10_0172_MEMBER_INTERIOR_01', 'ECBAIT_1_0026_JUNCTION_01']
  HIT ERR316999: 5 baits >= 0.7 ['ECBAIT_0_0000_JUNCTION_02', 'ECBAIT_0_0000_MEMBER_INTERIOR_01', 'ECBAIT_10_0151_MEMBER_INTERIOR_01', 'ECBAIT_1_0004_JUNCTION_02']
  HIT ERR317001: 3 baits >= 0.7 ['ECBAIT_10_0002_MEMBER_INTERIOR_01', 'ECBAIT_10_0057_MEMBER_INTERIOR_01', 'ECBAIT_10_0172_MEMBER_INTERIOR_01']
  HIT ERR317008: 4 baits >= 0.7 ['ECBAIT_0_0054_MEMBER_INTERIOR_01', 'ECBAIT_10_0002_MEMBER_INTERIOR_01', 'ECBAIT_10_0057_MEMBER_INTERIOR_01', 'ECBAIT_10_0172_MEMBER_INTERIOR_01']
  HIT ERR3317606: 2 baits >= 0.7 ['ECBAIT_10_0057_MEMBER_INTERIOR_01', 'ECBAIT_HOST_CONTROL_01']
  HIT ERR3317608: 1 baits >= 0.7 ['ECBAIT_10_0057_MEMBER_INTERIOR_01']
  HIT ERR3317611: 2 baits >= 0.7 ['ECBAIT_10_0038_JUNCTION_01', 'ECBAIT_10_0038_MEMBER_INTERIOR_01']
  HIT ERR3317613: 5 baits >= 0.7 ['ECBAIT_0_0000_JUNCTION_02', 'ECBAIT_10_0057_MEMBER_INTERIOR_01', 'ECBAIT_10_0151_JUNCTION_03', 'ECBAIT_10_0172_MEMBER_INTERIOR_01']
  HIT ERR3317620: 2 baits >= 0.7 ['ECBAIT_10_0002_MEMBER_INTERIOR_01', 'ECBAIT_10_0057_MEMBER_INTERIOR_01']
  HIT ERR3317621: 1 baits >= 0.7 ['ECBAIT_10_0057_MEMBER_INTERIOR_01']
  HIT ERR3317622: 5 baits >= 0.7 ['ECBAIT_10_0172_MEMBER_INTERIOR_01', 'ECBAIT_1_0004_JUNCTION_02', 'ECBAIT_1_0026_JUNCTION_01', 'ECBAIT_1_0026_MEMBER_INTERIOR_01']
  HIT ERR3317627: 2 baits >= 0.7 ['ECBAIT_10_0057_MEMBER_INTERIOR_01', 'ECBAIT_HOST_CONTROL_01']
  HIT ERR3317626: 1 baits >= 0.7 ['ECBAIT_10_0172_MEMBER_INTERIOR_01']
  HIT ERR3317633: 1 baits >= 0.7 ['ECBAIT_10_0057_MEMBER_INTERIOR_01']
  HIT ERR3317636: 7 baits >= 0.7 ['ECBAIT_0_0046_MEMBER_INTERIOR_01', 'ECBAIT_0_0054_MEMBER_INTERIOR_01', 'ECBAIT_10_0057_MEMBER_INTERIOR_01', 'ECBAIT_10_0172_MEMBER_INTERIOR_01']
  HIT ERR3317639: 1 baits >= 0.7 ['ECBAIT_10_0057_MEMBER_INTERIOR_01']
  HIT ERR3317641: 1 baits >= 0.7 ['ECBAIT_10_0057_MEMBER_INTERIOR_01']
  HIT ERR3317642: 2 baits >= 0.7 ['ECBAIT_10_0057_MEMBER_INTERIOR_01', 'ECBAIT_10_0172_MEMBER_INTERIOR_01']
  HIT ERR3317644: 2 baits >= 0.7 ['ECBAIT_10_0038_MEMBER_INTERIOR_01', 'ECBAIT_10_0151_MEMBER_INTERIOR_01']
  HIT ERR3317646: 2 baits >= 0.7 ['ECBAIT_10_0057_MEMBER_INTERIOR_01', 'ECBAIT_1_0004_JUNCTION_01']
  HIT ERR3317649: 3 baits >= 0.7 ['ECBAIT_0_0046_MEMBER_INTERIOR_01', 'ECBAIT_1_0022_JUNCTION_03', 'ECBAIT_HOST_CONTROL_01']
  HIT ERR3317650: 3 baits >= 0.7 ['ECBAIT_10_0002_JUNCTION_01', 'ECBAIT_10_0002_JUNCTION_02', 'ECBAIT_10_0057_MEMBER_INTERIOR_01']
  HIT ERR3317652: 2 baits >= 0.7 ['ECBAIT_10_0002_JUNCTION_01', 'ECBAIT_10_0057_MEMBER_INTERIOR_01']
  HIT ERR3317656: 2 baits >= 0.7 ['ECBAIT_10_0057_MEMBER_INTERIOR_01', 'ECBAIT_HOST_CONTROL_01']
  HIT ERR3317659: 2 baits >= 0.7 ['ECBAIT_1_0004_JUNCTION_02', 'ECBAIT_1_0026_JUNCTION_01']
  HIT ERR3317662: 4 baits >= 0.7 ['ECBAIT_10_0002_MEMBER_INTERIOR_01', 'ECBAIT_10_0057_MEMBER_INTERIOR_01', 'ECBAIT_1_0004_JUNCTION_01', 'ECBAIT_HOST_CONTROL_01']
  2900/12000 processed (2665 screened, 2283 hit-accessions) 865s budget=4.5GB
  HIT ERR3317663: 3 baits >= 0.7 ['ECBAIT_0_0054_MEMBER_INTERIOR_01', 'ECBAIT_10_0057_MEMBER_INTERIOR_01', 'ECBAIT_HOST_CONTROL_01']
  HIT ERR3317664: 4 baits >= 0.7 ['ECBAIT_10_0002_MEMBER_INTERIOR_01', 'ECBAIT_10_0038_MEMBER_INTERIOR_01', 'ECBAIT_10_0057_MEMBER_INTERIOR_01', 'ECBAIT_1_0004_JUNCTION_02']
  HIT ERR3317666: 4 baits >= 0.7 ['ECBAIT_10_0057_MEMBER_INTERIOR_01', 'ECBAIT_10_0172_MEMBER_INTERIOR_01', 'ECBAIT_1_0004_JUNCTION_02', 'ECBAIT_HOST_CONTROL_01']
  HIT ERR3317667: 2 baits >= 0.7 ['ECBAIT_10_0057_MEMBER_INTERIOR_01', 'ECBAIT_HOST_CONTROL_01']
  HIT ERR3317668: 1 baits >= 0.7 ['ECBAIT_10_0057_MEMBER_INTERIOR_01']
  HIT ERR3317670: 3 baits >= 0.7 ['ECBAIT_0_0054_MEMBER_INTERIOR_01', 'ECBAIT_10_0002_MEMBER_INTERIOR_01', 'ECBAIT_10_0057_MEMBER_INTERIOR_01']
  HIT ERR3317681: 3 baits >= 0.7 ['ECBAIT_10_0057_MEMBER_INTERIOR_01', 'ECBAIT_10_0172_JUNCTION_01', 'ECBAIT_HOST_CONTROL_01']
  HIT ERR3317677: 2 baits >= 0.7 ['ECBAIT_0_0052_JUNCTION_03', 'ECBAIT_10_0057_MEMBER_INTERIOR_01']
  HIT ERR3317682: 2 baits >= 0.7 ['ECBAIT_10_0057_MEMBER_INTERIOR_01', 'ECBAIT_HOST_CONTROL_01']
  HIT ERR3317689: 4 baits >= 0.7 ['ECBAIT_0_0000_JUNCTION_02', 'ECBAIT_0_0000_MEMBER_INTERIOR_01', 'ECBAIT_1_0004_JUNCTION_01', 'ECBAIT_HOST_CONTROL_01']
  HIT ERR3317691: 3 baits >= 0.7 ['ECBAIT_0_0052_JUNCTION_03', 'ECBAIT_10_0057_MEMBER_INTERIOR_01', 'ECBAIT_HOST_CONTROL_02']
  HIT ERR3317696: 4 baits >= 0.7 ['ECBAIT_10_0002_MEMBER_INTERIOR_01', 'ECBAIT_10_0057_MEMBER_INTERIOR_01', 'ECBAIT_1_0004_JUNCTION_02', 'ECBAIT_HOST_CONTROL_01']
  HIT ERR3317698: 4 baits >= 0.7 ['ECBAIT_0_0000_JUNCTION_02', 'ECBAIT_10_0057_MEMBER_INTERIOR_01', 'ECBAIT_1_0004_JUNCTION_01', 'ECBAIT_HOST_CONTROL_01']
  HIT ERR3331253: 3 baits >= 0.7 ['ECBAIT_10_0172_MEMBER_INTERIOR_01', 'ECBAIT_1_0004_JUNCTION_02', 'ECBAIT_HOST_CONTROL_01']
  HIT ERR3331254: 3 baits >= 0.7 ['ECBAIT_10_0172_MEMBER_INTERIOR_01', 'ECBAIT_1_0004_JUNCTION_02', 'ECBAIT_HOST_CONTROL_01']
  HIT ERR3331255: 3 baits >= 0.7 ['ECBAIT_10_0002_MEMBER_INTERIOR_01', 'ECBAIT_10_0172_MEMBER_INTERIOR_01', 'ECBAIT_HOST_CONTROL_01']
  HIT ERR3331256: 3 baits >= 0.7 ['ECBAIT_10_0172_MEMBER_INTERIOR_01', 'ECBAIT_1_0004_JUNCTION_02', 'ECBAIT_HOST_CONTROL_01']
  HIT ERR3331257: 4 baits >= 0.7 ['ECBAIT_10_0057_MEMBER_INTERIOR_01', 'ECBAIT_10_0172_MEMBER_INTERIOR_01', 'ECBAIT_1_0004_JUNCTION_02', 'ECBAIT_HOST_CONTROL_01']
  HIT ERR3331259: 3 baits >= 0.7 ['ECBAIT_10_0172_MEMBER_INTERIOR_01', 'ECBAIT_1_0004_JUNCTION_02', 'ECBAIT_HOST_CONTROL_01']
  HIT ERR3331258: 3 baits >= 0.7 ['ECBAIT_10_0172_MEMBER_INTERIOR_01', 'ECBAIT_1_0004_JUNCTION_02', 'ECBAIT_HOST_CONTROL_01']
  HIT ERR3331260: 3 baits >= 0.7 ['ECBAIT_10_0172_MEMBER_INTERIOR_01', 'ECBAIT_1_0004_JUNCTION_02', 'ECBAIT_HOST_CONTROL_01']
  HIT ERR3331261: 3 baits >= 0.7 ['ECBAIT_10_0172_MEMBER_INTERIOR_01', 'ECBAIT_1_0004_JUNCTION_02', 'ECBAIT_HOST_CONTROL_01']
  HIT ERR3331262: 3 baits >= 0.7 ['ECBAIT_10_0172_MEMBER_INTERIOR_01', 'ECBAIT_1_0004_JUNCTION_02', 'ECBAIT_HOST_CONTROL_01']
  HIT ERR3331263: 3 baits >= 0.7 ['ECBAIT_10_0172_MEMBER_INTERIOR_01', 'ECBAIT_1_0004_JUNCTION_02', 'ECBAIT_HOST_CONTROL_01']
  HIT ERR3331264: 3 baits >= 0.7 ['ECBAIT_10_0172_MEMBER_INTERIOR_01', 'ECBAIT_1_0004_JUNCTION_02', 'ECBAIT_HOST_CONTROL_01']
  HIT ERR3331265: 3 baits >= 0.7 ['ECBAIT_10_0172_MEMBER_INTERIOR_01', 'ECBAIT_1_0004_JUNCTION_02', 'ECBAIT_HOST_CONTROL_01']
  HIT ERR3331267: 2 baits >= 0.7 ['ECBAIT_10_0057_MEMBER_INTERIOR_01', 'ECBAIT_HOST_CONTROL_02']
  HIT ERR3331266: 2 baits >= 0.7 ['ECBAIT_10_0057_MEMBER_INTERIOR_01', 'ECBAIT_HOST_CONTROL_02']
  HIT ERR3331268: 2 baits >= 0.7 ['ECBAIT_10_0057_MEMBER_INTERIOR_01', 'ECBAIT_HOST_CONTROL_02']
  HIT ERR3331269: 2 baits >= 0.7 ['ECBAIT_10_0057_MEMBER_INTERIOR_01', 'ECBAIT_HOST_CONTROL_02']
  HIT ERR3331270: 2 baits >= 0.7 ['ECBAIT_10_0057_MEMBER_INTERIOR_01', 'ECBAIT_HOST_CONTROL_02']
  HIT ERR3331271: 2 baits >= 0.7 ['ECBAIT_10_0057_MEMBER_INTERIOR_01', 'ECBAIT_HOST_CONTROL_02']
  HIT ERR3331272: 2 baits >= 0.7 ['ECBAIT_10_0057_MEMBER_INTERIOR_01', 'ECBAIT_HOST_CONTROL_02']
  HIT ERR3331273: 2 baits >= 0.7 ['ECBAIT_10_0057_MEMBER_INTERIOR_01', 'ECBAIT_HOST_CONTROL_02']
  HIT ERR3331274: 2 baits >= 0.7 ['ECBAIT_10_0057_MEMBER_INTERIOR_01', 'ECBAIT_HOST_CONTROL_02']
  HIT ERR3331275: 2 baits >= 0.7 ['ECBAIT_10_0057_MEMBER_INTERIOR_01', 'ECBAIT_HOST_CONTROL_02']
  HIT ERR3331276: 2 baits >= 0.7 ['ECBAIT_10_0057_MEMBER_INTERIOR_01', 'ECBAIT_HOST_CONTROL_02']
  HIT ERR3331277: 2 baits >= 0.7 ['ECBAIT_10_0057_MEMBER_INTERIOR_01', 'ECBAIT_HOST_CONTROL_02']
  HIT ERR3393043: 2 baits >= 0.7 ['ECBAIT_10_0057_MEMBER_INTERIOR_01', 'ECBAIT_HOST_CONTROL_01']
  HIT ERR3393045: 1 baits >= 0.7 ['ECBAIT_HOST_CONTROL_01']
  HIT ERR3393046: 2 baits >= 0.7 ['ECBAIT_10_0057_MEMBER_INTERIOR_01', 'ECBAIT_HOST_CONTROL_01']
  HIT ERR3393052: 2 baits >= 0.7 ['ECBAIT_10_0057_MEMBER_INTERIOR_01', 'ECBAIT_HOST_CONTROL_01']
  HIT ERR3393100: 1 baits >= 0.7 ['ECBAIT_HOST_CONTROL_01']
  HIT ERR3393103: 1 baits >= 0.7 ['ECBAIT_HOST_CONTROL_01']
  HIT ERR3393109: 1 baits >= 0.7 ['ECBAIT_HOST_CONTROL_01']
  HIT ERR3393110: 1 baits >= 0.7 ['ECBAIT_10_0057_MEMBER_INTERIOR_01']
  2950/12000 processed (2715 screened, 2329 hit-accessions) 881s budget=4.6GB
  HIT ERR3393116: 4 baits >= 0.7 ['ECBAIT_0_0000_MEMBER_INTERIOR_01', 'ECBAIT_10_0002_MEMBER_INTERIOR_01', 'ECBAIT_10_0044_MEMBER_INTERIOR_01', 'ECBAIT_HOST_CONTROL_01']
  HIT ERR3393145: 4 baits >= 0.7 ['ECBAIT_0_0046_JUNCTION_01', 'ECBAIT_0_0046_MEMBER_INTERIOR_01', 'ECBAIT_10_0057_MEMBER_INTERIOR_01', 'ECBAIT_1_0022_JUNCTION_02']
  HIT ERR3393150: 3 baits >= 0.7 ['ECBAIT_10_0057_MEMBER_INTERIOR_01', 'ECBAIT_10_0172_MEMBER_INTERIOR_01', 'ECBAIT_HOST_CONTROL_01']
  HIT ERR3393151: 2 baits >= 0.7 ['ECBAIT_0_0000_JUNCTION_02', 'ECBAIT_HOST_CONTROL_01']
  HIT ERR3393154: 1 baits >= 0.7 ['ECBAIT_HOST_CONTROL_01']
  HIT ERR3393178: 1 baits >= 0.7 ['ECBAIT_10_0057_MEMBER_INTERIOR_01']
  HIT ERR3393196: 1 baits >= 0.7 ['ECBAIT_10_0057_MEMBER_INTERIOR_01']
  HIT ERR3393217: 1 baits >= 0.7 ['ECBAIT_HOST_CONTROL_02']
  HIT ERR3393219: 3 baits >= 0.7 ['ECBAIT_10_0151_JUNCTION_03', 'ECBAIT_1_0004_JUNCTION_01', 'ECBAIT_HOST_CONTROL_02']
  HIT ERR3393225: 1 baits >= 0.7 ['ECBAIT_10_0057_MEMBER_INTERIOR_01']
  HIT ERR3393231: 2 baits >= 0.7 ['ECBAIT_10_0057_MEMBER_INTERIOR_01', 'ECBAIT_10_0172_MEMBER_INTERIOR_01']
  HIT ERR3393238: 1 baits >= 0.7 ['ECBAIT_10_0057_MEMBER_INTERIOR_01']
  HIT ERR3393245: 1 baits >= 0.7 ['ECBAIT_0_0000_JUNCTION_02']
  HIT ERR3393249: 1 baits >= 0.7 ['ECBAIT_0_0000_JUNCTION_02']
  HIT ERR3393250: 1 baits >= 0.7 ['ECBAIT_HOST_CONTROL_01']
  HIT ERR3393267: 2 baits >= 0.7 ['ECBAIT_10_0057_MEMBER_INTERIOR_01', 'ECBAIT_HOST_CONTROL_01']
  HIT ERR3393269: 1 baits >= 0.7 ['ECBAIT_HOST_CONTROL_01']
  HIT ERR3393270: 2 baits >= 0.7 ['ECBAIT_0_0052_JUNCTION_03', 'ECBAIT_10_0057_MEMBER_INTERIOR_01']
  HIT ERR3393274: 2 baits >= 0.7 ['ECBAIT_0_0046_MEMBER_INTERIOR_01', 'ECBAIT_1_0022_JUNCTION_03']
  HIT ERR3393284: 1 baits >= 0.7 ['ECBAIT_HOST_CONTROL_01']
  HIT ERR3393289: 2 baits >= 0.7 ['ECBAIT_10_0057_MEMBER_INTERIOR_01', 'ECBAIT_HOST_CONTROL_01']
  HIT ERR3393302: 1 baits >= 0.7 ['ECBAIT_HOST_CONTROL_01']
  HIT ERR3393291: 1 baits >= 0.7 ['ECBAIT_HOST_CONTROL_01']
  HIT ERR3393304: 1 baits >= 0.7 ['ECBAIT_HOST_CONTROL_01']
  HIT ERR3393305: 1 baits >= 0.7 ['ECBAIT_10_0057_MEMBER_INTERIOR_01']
  HIT ERR3393318: 3 baits >= 0.7 ['ECBAIT_10_0002_JUNCTION_01', 'ECBAIT_10_0057_MEMBER_INTERIOR_01', 'ECBAIT_HOST_CONTROL_01']
  HIT ERR3393319: 1 baits >= 0.7 ['ECBAIT_10_0057_MEMBER_INTERIOR_01']
  HIT ERR3393333: 2 baits >= 0.7 ['ECBAIT_10_0057_MEMBER_INTERIOR_01', 'ECBAIT_HOST_CONTROL_02']
  HIT ERR3393352: 2 baits >= 0.7 ['ECBAIT_10_0057_MEMBER_INTERIOR_01', 'ECBAIT_HOST_CONTROL_01']
  HIT ERR3393339: 2 baits >= 0.7 ['ECBAIT_10_0057_MEMBER_INTERIOR_01', 'ECBAIT_HOST_CONTROL_01']
  HIT ERR3393354: 1 baits >= 0.7 ['ECBAIT_10_0057_MEMBER_INTERIOR_01']
  HIT ERR3393365: 5 baits >= 0.7 ['ECBAIT_0_0000_JUNCTION_02', 'ECBAIT_0_0000_MEMBER_INTERIOR_01', 'ECBAIT_0_0052_JUNCTION_03', 'ECBAIT_10_0057_MEMBER_INTERIOR_01']
  HIT ERR3393366: 1 baits >= 0.7 ['ECBAIT_HOST_CONTROL_01']
  HIT ERR3393368: 1 baits >= 0.7 ['ECBAIT_HOST_CONTROL_01']
  HIT ERR3393391: 1 baits >= 0.7 ['ECBAIT_HOST_CONTROL_01']
  HIT ERR3393401: 1 baits >= 0.7 ['ECBAIT_HOST_CONTROL_01']
  HIT ERR3393421: 2 baits >= 0.7 ['ECBAIT_10_0002_JUNCTION_01', 'ECBAIT_10_0002_JUNCTION_02']
  HIT ERR3393429: 1 baits >= 0.7 ['ECBAIT_HOST_CONTROL_01']
  HIT ERR3500697: 1 baits >= 0.7 ['ECBAIT_10_0057_MEMBER_INTERIOR_01']
  HIT ERR3500698: 1 baits >= 0.7 ['ECBAIT_10_0057_MEMBER_INTERIOR_01']
  3000/12000 processed (2765 screened, 2369 hit-accessions) 897s budget=4.7GB
  HIT ERR3500699: 1 baits >= 0.7 ['ECBAIT_10_0057_MEMBER_INTERIOR_01']
  HIT ERR3500700: 1 baits >= 0.7 ['ECBAIT_10_0057_MEMBER_INTERIOR_01']
  HIT ERR3500701: 1 baits >= 0.7 ['ECBAIT_10_0057_MEMBER_INTERIOR_01']
  HIT ERR3500702: 2 baits >= 0.7 ['ECBAIT_10_0057_MEMBER_INTERIOR_01', 'ECBAIT_HOST_CONTROL_01']
  HIT ERR3500703: 1 baits >= 0.7 ['ECBAIT_10_0057_MEMBER_INTERIOR_01']
  HIT ERR3500704: 1 baits >= 0.7 ['ECBAIT_10_0057_MEMBER_INTERIOR_01']
  HIT ERR3500705: 2 baits >= 0.7 ['ECBAIT_10_0057_MEMBER_INTERIOR_01', 'ECBAIT_HOST_CONTROL_01']
  HIT ERR3500706: 1 baits >= 0.7 ['ECBAIT_10_0057_MEMBER_INTERIOR_01']
  HIT ERR3500707: 1 baits >= 0.7 ['ECBAIT_10_0057_MEMBER_INTERIOR_01']
  HIT ERR3500708: 1 baits >= 0.7 ['ECBAIT_10_0057_MEMBER_INTERIOR_01']
  HIT ERR3500709: 1 baits >= 0.7 ['ECBAIT_10_0057_MEMBER_INTERIOR_01']
  HIT ERR3500710: 1 baits >= 0.7 ['ECBAIT_10_0057_MEMBER_INTERIOR_01']
  HIT ERR3500712: 1 baits >= 0.7 ['ECBAIT_10_0057_MEMBER_INTERIOR_01']
  HIT ERR3500711: 1 baits >= 0.7 ['ECBAIT_10_0057_MEMBER_INTERIOR_01']
  HIT ERR3500713: 1 baits >= 0.7 ['ECBAIT_10_0057_MEMBER_INTERIOR_01']
  HIT ERR3500714: 1 baits >= 0.7 ['ECBAIT_10_0057_MEMBER_INTERIOR_01']
  HIT ERR3500716: 1 baits >= 0.7 ['ECBAIT_10_0057_MEMBER_INTERIOR_01']
  HIT ERR3500715: 1 baits >= 0.7 ['ECBAIT_10_0057_MEMBER_INTERIOR_01']
  HIT ERR3500718: 2 baits >= 0.7 ['ECBAIT_10_0057_MEMBER_INTERIOR_01', 'ECBAIT_HOST_CONTROL_01']
  HIT ERR3500717: 1 baits >= 0.7 ['ECBAIT_10_0057_MEMBER_INTERIOR_01']
  HIT ERR3500719: 1 baits >= 0.7 ['ECBAIT_10_0057_MEMBER_INTERIOR_01']
  HIT ERR3500720: 1 baits >= 0.7 ['ECBAIT_10_0057_MEMBER_INTERIOR_01']
  HIT ERR3500721: 1 baits >= 0.7 ['ECBAIT_10_0057_MEMBER_INTERIOR_01']
  HIT ERR3500722: 2 baits >= 0.7 ['ECBAIT_0_0000_MEMBER_INTERIOR_01', 'ECBAIT_10_0057_MEMBER_INTERIOR_01']
  HIT ERR3500723: 2 baits >= 0.7 ['ECBAIT_0_0000_MEMBER_INTERIOR_01', 'ECBAIT_10_0057_MEMBER_INTERIOR_01']
  HIT ERR3500724: 1 baits >= 0.7 ['ECBAIT_HOST_CONTROL_01']
  HIT ERR3500726: 2 baits >= 0.7 ['ECBAIT_0_0000_MEMBER_INTERIOR_01', 'ECBAIT_10_0057_MEMBER_INTERIOR_01']
  HIT ERR3500725: 2 baits >= 0.7 ['ECBAIT_0_0000_MEMBER_INTERIOR_01', 'ECBAIT_10_0057_MEMBER_INTERIOR_01']
  HIT ERR3500727: 2 baits >= 0.7 ['ECBAIT_0_0000_MEMBER_INTERIOR_01', 'ECBAIT_10_0057_MEMBER_INTERIOR_01']
  HIT ERR3500728: 2 baits >= 0.7 ['ECBAIT_0_0000_MEMBER_INTERIOR_01', 'ECBAIT_10_0057_MEMBER_INTERIOR_01']
  HIT ERR3500730: 2 baits >= 0.7 ['ECBAIT_0_0000_MEMBER_INTERIOR_01', 'ECBAIT_10_0057_MEMBER_INTERIOR_01']
  HIT ERR3500729: 2 baits >= 0.7 ['ECBAIT_0_0000_MEMBER_INTERIOR_01', 'ECBAIT_10_0057_MEMBER_INTERIOR_01']
  HIT ERR3500731: 2 baits >= 0.7 ['ECBAIT_0_0000_MEMBER_INTERIOR_01', 'ECBAIT_10_0057_MEMBER_INTERIOR_01']
  HIT ERR3500732: 2 baits >= 0.7 ['ECBAIT_0_0000_MEMBER_INTERIOR_01', 'ECBAIT_10_0057_MEMBER_INTERIOR_01']
  HIT ERR3500733: 2 baits >= 0.7 ['ECBAIT_0_0000_MEMBER_INTERIOR_01', 'ECBAIT_10_0057_MEMBER_INTERIOR_01']
  HIT ERR3500734: 2 baits >= 0.7 ['ECBAIT_0_0000_MEMBER_INTERIOR_01', 'ECBAIT_10_0057_MEMBER_INTERIOR_01']
  HIT ERR3500736: 2 baits >= 0.7 ['ECBAIT_0_0000_MEMBER_INTERIOR_01', 'ECBAIT_10_0057_MEMBER_INTERIOR_01']
  HIT ERR3500735: 2 baits >= 0.7 ['ECBAIT_0_0000_MEMBER_INTERIOR_01', 'ECBAIT_10_0057_MEMBER_INTERIOR_01']
  HIT ERR3500738: 2 baits >= 0.7 ['ECBAIT_0_0000_MEMBER_INTERIOR_01', 'ECBAIT_10_0057_MEMBER_INTERIOR_01']
  HIT ERR3500737: 2 baits >= 0.7 ['ECBAIT_0_0000_MEMBER_INTERIOR_01', 'ECBAIT_10_0057_MEMBER_INTERIOR_01']
  HIT ERR3500740: 2 baits >= 0.7 ['ECBAIT_0_0000_MEMBER_INTERIOR_01', 'ECBAIT_10_0057_MEMBER_INTERIOR_01']
  HIT ERR3500739: 2 baits >= 0.7 ['ECBAIT_0_0000_MEMBER_INTERIOR_01', 'ECBAIT_10_0057_MEMBER_INTERIOR_01']
  HIT ERR3515822: 2 baits >= 0.7 ['ECBAIT_10_0057_MEMBER_INTERIOR_01', 'ECBAIT_10_0172_MEMBER_INTERIOR_01']
  HIT ERR3515821: 3 baits >= 0.7 ['ECBAIT_0_0052_JUNCTION_01', 'ECBAIT_0_0052_JUNCTION_03', 'ECBAIT_10_0057_MEMBER_INTERIOR_01']
  HIT ERR3515823: 2 baits >= 0.7 ['ECBAIT_10_0057_MEMBER_INTERIOR_01', 'ECBAIT_10_0172_MEMBER_INTERIOR_01']
  HIT ERR3515824: 1 baits >= 0.7 ['ECBAIT_HOST_CONTROL_01']
  HIT ERR3515825: 2 baits >= 0.7 ['ECBAIT_10_0057_MEMBER_INTERIOR_01', 'ECBAIT_HOST_CONTROL_01']
  HIT ERR3515827: 2 baits >= 0.7 ['ECBAIT_10_0057_MEMBER_INTERIOR_01', 'ECBAIT_HOST_CONTROL_01']
  HIT ERR3515826: 3 baits >= 0.7 ['ECBAIT_10_0002_JUNCTION_02', 'ECBAIT_10_0057_MEMBER_INTERIOR_01', 'ECBAIT_HOST_CONTROL_01']
  HIT ERR3515828: 2 baits >= 0.7 ['ECBAIT_10_0057_MEMBER_INTERIOR_01', 'ECBAIT_HOST_CONTROL_01']
  3050/12000 processed (2815 screened, 2419 hit-accessions) 913s budget=4.7GB
  HIT ERR3515829: 3 baits >= 0.7 ['ECBAIT_10_0002_JUNCTION_01', 'ECBAIT_10_0057_MEMBER_INTERIOR_01', 'ECBAIT_HOST_CONTROL_01']
  HIT ERR3515830: 1 baits >= 0.7 ['ECBAIT_HOST_CONTROL_01']
  HIT ERR3515831: 2 baits >= 0.7 ['ECBAIT_10_0057_MEMBER_INTERIOR_01', 'ECBAIT_HOST_CONTROL_01']
  HIT ERR3515832: 2 baits >= 0.7 ['ECBAIT_10_0057_MEMBER_INTERIOR_01', 'ECBAIT_HOST_CONTROL_01']
  HIT ERR3515833: 2 baits >= 0.7 ['ECBAIT_10_0057_MEMBER_INTERIOR_01', 'ECBAIT_HOST_CONTROL_01']
  HIT ERR3515834: 2 baits >= 0.7 ['ECBAIT_10_0057_MEMBER_INTERIOR_01', 'ECBAIT_HOST_CONTROL_01']
  HIT ERR3515836: 2 baits >= 0.7 ['ECBAIT_10_0057_MEMBER_INTERIOR_01', 'ECBAIT_HOST_CONTROL_01']
  HIT ERR3515835: 2 baits >= 0.7 ['ECBAIT_10_0057_MEMBER_INTERIOR_01', 'ECBAIT_HOST_CONTROL_01']
  HIT ERR3515837: 2 baits >= 0.7 ['ECBAIT_10_0057_MEMBER_INTERIOR_01', 'ECBAIT_HOST_CONTROL_01']
  HIT ERR3515838: 2 baits >= 0.7 ['ECBAIT_10_0057_MEMBER_INTERIOR_01', 'ECBAIT_HOST_CONTROL_01']
  HIT ERR3515839: 2 baits >= 0.7 ['ECBAIT_10_0057_MEMBER_INTERIOR_01', 'ECBAIT_HOST_CONTROL_01']
  HIT ERR3548401: 2 baits >= 0.7 ['ECBAIT_10_0057_MEMBER_INTERIOR_01', 'ECBAIT_HOST_CONTROL_01']
  HIT ERR3550073: 1 baits >= 0.7 ['ECBAIT_HOST_CONTROL_01']
  HIT ERR3550078: 1 baits >= 0.7 ['ECBAIT_10_0057_MEMBER_INTERIOR_01']
  HIT ERR3550079: 1 baits >= 0.7 ['ECBAIT_0_0094_MEMBER_INTERIOR_01']
  HIT ERR3580750: 5 baits >= 0.7 ['ECBAIT_0_0000_INTERIOR_MODULE_01', 'ECBAIT_0_0000_JUNCTION_02', 'ECBAIT_0_0000_MEMBER_INTERIOR_01', 'ECBAIT_10_0057_MEMBER_INTERIOR_01']
  HIT ERR361025: 4 baits >= 0.7 ['ECBAIT_0_0000_JUNCTION_02', 'ECBAIT_0_0000_MEMBER_INTERIOR_01', 'ECBAIT_10_0172_MEMBER_INTERIOR_01', 'ECBAIT_HOST_CONTROL_02']
  HIT ERR361023: 2 baits >= 0.7 ['ECBAIT_0_0054_MEMBER_INTERIOR_01', 'ECBAIT_10_0057_MEMBER_INTERIOR_01']
  HIT ERR361024: 5 baits >= 0.7 ['ECBAIT_0_0000_INTERIOR_MODULE_01', 'ECBAIT_0_0000_JUNCTION_02', 'ECBAIT_0_0000_MEMBER_INTERIOR_01', 'ECBAIT_10_0057_MEMBER_INTERIOR_01']
  HIT ERR361026: 2 baits >= 0.7 ['ECBAIT_10_0057_MEMBER_INTERIOR_01', 'ECBAIT_HOST_CONTROL_02']
  HIT ERR361028: 4 baits >= 0.7 ['ECBAIT_0_0000_JUNCTION_02', 'ECBAIT_0_0000_MEMBER_INTERIOR_01', 'ECBAIT_10_0057_MEMBER_INTERIOR_01', 'ECBAIT_HOST_CONTROL_02']
  HIT ERR361029: 7 baits >= 0.7 ['ECBAIT_0_0000_INTERIOR_MODULE_01', 'ECBAIT_0_0000_JUNCTION_02', 'ECBAIT_0_0000_MEMBER_INTERIOR_01', 'ECBAIT_10_0002_JUNCTION_01']
  HIT ERR361030: 1 baits >= 0.7 ['ECBAIT_10_0057_MEMBER_INTERIOR_01']
  HIT ERR361031: 2 baits >= 0.7 ['ECBAIT_10_0057_MEMBER_INTERIOR_01', 'ECBAIT_HOST_CONTROL_02']
  HIT ERR361032: 1 baits >= 0.7 ['ECBAIT_10_0057_MEMBER_INTERIOR_01']
  HIT ERR361033: 4 baits >= 0.7 ['ECBAIT_0_0000_JUNCTION_02', 'ECBAIT_0_0000_MEMBER_INTERIOR_01', 'ECBAIT_10_0057_MEMBER_INTERIOR_01', 'ECBAIT_HOST_CONTROL_02']
  HIT ERR3654333: 2 baits >= 0.7 ['ECBAIT_10_0057_MEMBER_INTERIOR_01', 'ECBAIT_10_0172_MEMBER_INTERIOR_01']
  HIT ERR3654334: 2 baits >= 0.7 ['ECBAIT_10_0057_MEMBER_INTERIOR_01', 'ECBAIT_HOST_CONTROL_01']
  HIT ERR3654336: 1 baits >= 0.7 ['ECBAIT_HOST_CONTROL_01']
  HIT ERR3712371: 3 baits >= 0.7 ['ECBAIT_10_0057_MEMBER_INTERIOR_01', 'ECBAIT_10_0172_MEMBER_INTERIOR_01', 'ECBAIT_HOST_CONTROL_02']
  HIT ERR3712440: 1 baits >= 0.7 ['ECBAIT_10_0057_MEMBER_INTERIOR_01']
  HIT ERR3712465: 1 baits >= 0.7 ['ECBAIT_0_0046_MEMBER_INTERIOR_01']
  HIT ERR3712479: 2 baits >= 0.7 ['ECBAIT_10_0057_MEMBER_INTERIOR_01', 'ECBAIT_10_0172_MEMBER_INTERIOR_01']
  HIT ERR3712445: 1 baits >= 0.7 ['ECBAIT_0_0046_MEMBER_INTERIOR_01']
  3100/12000 processed (2863 screened, 2453 hit-accessions) 928s budget=4.8GB
  HIT ERR3712480: 2 baits >= 0.7 ['ECBAIT_0_0046_MEMBER_INTERIOR_01', 'ECBAIT_10_0151_JUNCTION_03']
  HIT ERR3712490: 1 baits >= 0.7 ['ECBAIT_0_0046_MEMBER_INTERIOR_01']
  HIT ERR3712504: 2 baits >= 0.7 ['ECBAIT_10_0057_MEMBER_INTERIOR_01', 'ECBAIT_10_0172_MEMBER_INTERIOR_01']
  HIT ERR3712525: 1 baits >= 0.7 ['ECBAIT_0_0000_JUNCTION_02']
  HIT ERR3712546: 1 baits >= 0.7 ['ECBAIT_HOST_CONTROL_01']
  HIT ERR3712547: 2 baits >= 0.7 ['ECBAIT_10_0057_MEMBER_INTERIOR_01', 'ECBAIT_1_0004_JUNCTION_01']
  HIT ERR3712556: 1 baits >= 0.7 ['ECBAIT_10_0002_JUNCTION_01']
  HIT ERR3712571: 3 baits >= 0.7 ['ECBAIT_10_0002_JUNCTION_01', 'ECBAIT_10_0002_JUNCTION_02', 'ECBAIT_HOST_CONTROL_01']
  HIT ERR3712603: 4 baits >= 0.7 ['ECBAIT_0_0091_JUNCTION_02', 'ECBAIT_0_0091_MEMBER_INTERIOR_01', 'ECBAIT_10_0057_MEMBER_INTERIOR_01', 'ECBAIT_1_0004_JUNCTION_01']
  HIT ERR3712639: 4 baits >= 0.7 ['ECBAIT_0_0091_JUNCTION_03', 'ECBAIT_0_0091_MEMBER_INTERIOR_01', 'ECBAIT_10_0057_MEMBER_INTERIOR_01', 'ECBAIT_HOST_CONTROL_01']
  HIT ERR3712654: 1 baits >= 0.7 ['ECBAIT_10_0172_MEMBER_INTERIOR_01']
  HIT ERR3712673: 2 baits >= 0.7 ['ECBAIT_10_0057_MEMBER_INTERIOR_01', 'ECBAIT_10_0172_MEMBER_INTERIOR_01']
  HIT ERR3712707: 1 baits >= 0.7 ['ECBAIT_10_0057_MEMBER_INTERIOR_01']
  HIT ERR3712694: 2 baits >= 0.7 ['ECBAIT_10_0057_MEMBER_INTERIOR_01', 'ECBAIT_10_0172_MEMBER_INTERIOR_01']
  HIT ERR3712723: 1 baits >= 0.7 ['ECBAIT_10_0057_MEMBER_INTERIOR_01']
  HIT ERR3712745: 1 baits >= 0.7 ['ECBAIT_10_0057_MEMBER_INTERIOR_01']
  HIT ERR3712770: 9 baits >= 0.7 ['ECBAIT_0_0000_INTERIOR_MODULE_01', 'ECBAIT_0_0000_JUNCTION_02', 'ECBAIT_0_0000_MEMBER_INTERIOR_01', 'ECBAIT_0_0046_JUNCTION_02']
  HIT ERR3712773: 2 baits >= 0.7 ['ECBAIT_10_0057_MEMBER_INTERIOR_01', 'ECBAIT_10_0151_JUNCTION_03']
  HIT ERR3712777: 1 baits >= 0.7 ['ECBAIT_HOST_CONTROL_01']
  HIT ERR3712779: 4 baits >= 0.7 ['ECBAIT_0_0046_MEMBER_INTERIOR_01', 'ECBAIT_10_0002_JUNCTION_01', 'ECBAIT_10_0057_MEMBER_INTERIOR_01', 'ECBAIT_10_0151_MEMBER_INTERIOR_01']
  HIT ERR3712799: 1 baits >= 0.7 ['ECBAIT_HOST_CONTROL_01']
  HIT ERR3712812: 2 baits >= 0.7 ['ECBAIT_10_0057_MEMBER_INTERIOR_01', 'ECBAIT_HOST_CONTROL_01']
  HIT ERR3712821: 1 baits >= 0.7 ['ECBAIT_HOST_CONTROL_01']
  HIT ERR3712823: 1 baits >= 0.7 ['ECBAIT_HOST_CONTROL_01']
  HIT ERR3712828: 3 baits >= 0.7 ['ECBAIT_10_0002_JUNCTION_01', 'ECBAIT_10_0002_JUNCTION_02', 'ECBAIT_HOST_CONTROL_01']
  HIT ERR3712841: 3 baits >= 0.7 ['ECBAIT_10_0002_JUNCTION_01', 'ECBAIT_10_0002_JUNCTION_02', 'ECBAIT_HOST_CONTROL_01']
  HIT ERR3712842: 1 baits >= 0.7 ['ECBAIT_10_0057_MEMBER_INTERIOR_01']
  HIT ERR3712854: 1 baits >= 0.7 ['ECBAIT_10_0057_MEMBER_INTERIOR_01']
  HIT ERR3712880: 1 baits >= 0.7 ['ECBAIT_10_0057_MEMBER_INTERIOR_01']
  HIT ERR3712896: 5 baits >= 0.7 ['ECBAIT_0_0000_JUNCTION_02', 'ECBAIT_10_0057_MEMBER_INTERIOR_01', 'ECBAIT_10_0151_JUNCTION_03', 'ECBAIT_10_0172_MEMBER_INTERIOR_01']
  HIT ERR3712911: 4 baits >= 0.7 ['ECBAIT_10_0002_JUNCTION_01', 'ECBAIT_10_0002_JUNCTION_02', 'ECBAIT_1_0004_JUNCTION_01', 'ECBAIT_HOST_CONTROL_01']
  HIT ERR3712938: 2 baits >= 0.7 ['ECBAIT_0_0000_JUNCTION_02', 'ECBAIT_HOST_CONTROL_01']
  HIT ERR3712945: 2 baits >= 0.7 ['ECBAIT_10_0002_MEMBER_INTERIOR_01', 'ECBAIT_10_0057_MEMBER_INTERIOR_01']
  HIT ERR3712960: 4 baits >= 0.7 ['ECBAIT_0_0052_JUNCTION_03', 'ECBAIT_10_0057_MEMBER_INTERIOR_01', 'ECBAIT_10_0172_MEMBER_INTERIOR_01', 'ECBAIT_HOST_CONTROL_01']
  HIT ERR3712988: 3 baits >= 0.7 ['ECBAIT_0_0046_MEMBER_INTERIOR_01', 'ECBAIT_10_0151_MEMBER_INTERIOR_01', 'ECBAIT_1_0026_JUNCTION_01']
  HIT ERR3713008: 1 baits >= 0.7 ['ECBAIT_HOST_CONTROL_01']
  HIT ERR3713039: 2 baits >= 0.7 ['ECBAIT_10_0057_MEMBER_INTERIOR_01', 'ECBAIT_10_0172_MEMBER_INTERIOR_01']
  HIT ERR3713064: 2 baits >= 0.7 ['ECBAIT_10_0057_MEMBER_INTERIOR_01', 'ECBAIT_HOST_CONTROL_01']
  HIT ERR3713116: 2 baits >= 0.7 ['ECBAIT_10_0172_MEMBER_INTERIOR_01', 'ECBAIT_HOST_CONTROL_01']
  HIT ERR3713128: 1 baits >= 0.7 ['ECBAIT_HOST_CONTROL_01']
  HIT ERR3713125: 1 baits >= 0.7 ['ECBAIT_10_0057_MEMBER_INTERIOR_01']
  HIT ERR3713141: 1 baits >= 0.7 ['ECBAIT_10_0172_MEMBER_INTERIOR_01']
  HIT ERR3713145: 2 baits >= 0.7 ['ECBAIT_0_0046_MEMBER_INTERIOR_01', 'ECBAIT_10_0151_MEMBER_INTERIOR_01']
  3150/12000 processed (2912 screened, 2496 hit-accessions) 944s budget=4.9GB
  HIT ERR3713146: 5 baits >= 0.7 ['ECBAIT_10_0002_MEMBER_INTERIOR_01', 'ECBAIT_10_0057_MEMBER_INTERIOR_01', 'ECBAIT_10_0151_MEMBER_INTERIOR_01', 'ECBAIT_10_0172_MEMBER_INTERIOR_01']
  HIT ERR3713170: 1 baits >= 0.7 ['ECBAIT_HOST_CONTROL_01']
  HIT ERR4027019: 1 baits >= 0.7 ['ECBAIT_HOST_CONTROL_01']
  HIT ERR4027021: 3 baits >= 0.7 ['ECBAIT_0_0000_JUNCTION_02', 'ECBAIT_10_0057_MEMBER_INTERIOR_01', 'ECBAIT_HOST_CONTROL_01']
  HIT ERR4027023: 1 baits >= 0.7 ['ECBAIT_10_0057_MEMBER_INTERIOR_01']
  HIT ERR4027024: 1 baits >= 0.7 ['ECBAIT_1_0004_JUNCTION_01']
  HIT ERR4027025: 1 baits >= 0.7 ['ECBAIT_HOST_CONTROL_01']
  HIT ERR4027026: 2 baits >= 0.7 ['ECBAIT_10_0057_MEMBER_INTERIOR_01', 'ECBAIT_HOST_CONTROL_02']
  HIT ERR4027027: 1 baits >= 0.7 ['ECBAIT_HOST_CONTROL_01']
  HIT ERR4027028: 1 baits >= 0.7 ['ECBAIT_10_0057_MEMBER_INTERIOR_01']
  HIT ERR4027029: 2 baits >= 0.7 ['ECBAIT_0_0046_JUNCTION_02', 'ECBAIT_0_0046_MEMBER_INTERIOR_01']
  HIT ERR4027030: 1 baits >= 0.7 ['ECBAIT_HOST_CONTROL_01']
  HIT ERR4027033: 1 baits >= 0.7 ['ECBAIT_0_0046_MEMBER_INTERIOR_01']
  HIT ERR4027035: 1 baits >= 0.7 ['ECBAIT_10_0057_MEMBER_INTERIOR_01']
  HIT ERR4027036: 1 baits >= 0.7 ['ECBAIT_HOST_CONTROL_01']
  HIT ERR4193255: 1 baits >= 0.7 ['ECBAIT_HOST_CONTROL_01']
  HIT ERR4220633: 1 baits >= 0.7 ['ECBAIT_HOST_CONTROL_01']
  HIT ERR4220634: 2 baits >= 0.7 ['ECBAIT_10_0044_MEMBER_INTERIOR_01', 'ECBAIT_HOST_CONTROL_01']
  HIT ERR4220635: 3 baits >= 0.7 ['ECBAIT_10_0044_INTERIOR_MODULE_01', 'ECBAIT_10_0057_MEMBER_INTERIOR_01', 'ECBAIT_HOST_CONTROL_01']
  HIT ERR4220636: 3 baits >= 0.7 ['ECBAIT_0_0000_JUNCTION_02', 'ECBAIT_10_0057_MEMBER_INTERIOR_01', 'ECBAIT_HOST_CONTROL_01']
  HIT ERR4220637: 1 baits >= 0.7 ['ECBAIT_HOST_CONTROL_01']
  HIT ERR4220638: 3 baits >= 0.7 ['ECBAIT_0_0000_JUNCTION_02', 'ECBAIT_10_0057_MEMBER_INTERIOR_01', 'ECBAIT_HOST_CONTROL_01']
  HIT ERR4220640: 2 baits >= 0.7 ['ECBAIT_10_0044_MEMBER_INTERIOR_01', 'ECBAIT_HOST_CONTROL_01']
  HIT ERR4220641: 1 baits >= 0.7 ['ECBAIT_0_0071_INTERIOR_MODULE_01']
  HIT ERR4220642: 3 baits >= 0.7 ['ECBAIT_0_0000_JUNCTION_02', 'ECBAIT_10_0057_MEMBER_INTERIOR_01', 'ECBAIT_HOST_CONTROL_01']
  HIT ERR4220643: 2 baits >= 0.7 ['ECBAIT_10_0002_MEMBER_INTERIOR_01', 'ECBAIT_HOST_CONTROL_01']
  HIT ERR4220644: 2 baits >= 0.7 ['ECBAIT_10_0044_MEMBER_INTERIOR_01', 'ECBAIT_HOST_CONTROL_01']
  HIT ERR4220645: 3 baits >= 0.7 ['ECBAIT_0_0000_JUNCTION_02', 'ECBAIT_10_0057_MEMBER_INTERIOR_01', 'ECBAIT_HOST_CONTROL_01']
  HIT ERR4220646: 3 baits >= 0.7 ['ECBAIT_0_0000_JUNCTION_02', 'ECBAIT_10_0057_MEMBER_INTERIOR_01', 'ECBAIT_HOST_CONTROL_01']
  HIT ERR4220647: 1 baits >= 0.7 ['ECBAIT_HOST_CONTROL_01']
  HIT ERR4220649: 1 baits >= 0.7 ['ECBAIT_HOST_CONTROL_01']
  HIT ERR4220648: 2 baits >= 0.7 ['ECBAIT_10_0057_MEMBER_INTERIOR_01', 'ECBAIT_HOST_CONTROL_01']
  HIT ERR4220650: 1 baits >= 0.7 ['ECBAIT_HOST_CONTROL_01']
  HIT ERR4220651: 2 baits >= 0.7 ['ECBAIT_10_0057_MEMBER_INTERIOR_01', 'ECBAIT_HOST_CONTROL_01']
  HIT ERR4220653: 2 baits >= 0.7 ['ECBAIT_10_0002_MEMBER_INTERIOR_01', 'ECBAIT_10_0044_MEMBER_INTERIOR_01']
  HIT ERR4220652: 1 baits >= 0.7 ['ECBAIT_HOST_CONTROL_01']
  3200/12000 processed (2962 screened, 2532 hit-accessions) 959s budget=5.0GB
  HIT ERR4220654: 1 baits >= 0.7 ['ECBAIT_HOST_CONTROL_01']
  HIT ERR4220655: 3 baits >= 0.7 ['ECBAIT_0_0000_JUNCTION_02', 'ECBAIT_10_0057_MEMBER_INTERIOR_01', 'ECBAIT_HOST_CONTROL_01']
  HIT ERR4229489: 5 baits >= 0.7 ['ECBAIT_0_0059_JUNCTION_01', 'ECBAIT_0_0059_JUNCTION_02', 'ECBAIT_0_0059_JUNCTION_03', 'ECBAIT_0_0059_MEMBER_INTERIOR_01']
  HIT ERR4229774: 2 baits >= 0.7 ['ECBAIT_10_0057_MEMBER_INTERIOR_01', 'ECBAIT_HOST_CONTROL_01']
  HIT ERR4254572: 1 baits >= 0.7 ['ECBAIT_1_0004_JUNCTION_01']
  HIT ERR4300391: 6 baits >= 0.7 ['ECBAIT_0_0000_INTERIOR_MODULE_01', 'ECBAIT_0_0000_JUNCTION_02', 'ECBAIT_0_0000_MEMBER_INTERIOR_01', 'ECBAIT_10_0057_MEMBER_INTERIOR_01']
  HIT ERR4300393: 1 baits >= 0.7 ['ECBAIT_HOST_CONTROL_01']
  HIT ERR4300392: 4 baits >= 0.7 ['ECBAIT_0_0000_JUNCTION_02', 'ECBAIT_10_0002_JUNCTION_02', 'ECBAIT_10_0151_JUNCTION_03', 'ECBAIT_HOST_CONTROL_02']
  HIT ERR4300395: 1 baits >= 0.7 ['ECBAIT_10_0057_MEMBER_INTERIOR_01']
  HIT ERR4300397: 5 baits >= 0.7 ['ECBAIT_0_0000_INTERIOR_MODULE_01', 'ECBAIT_0_0000_JUNCTION_02', 'ECBAIT_0_0000_MEMBER_INTERIOR_01', 'ECBAIT_10_0057_MEMBER_INTERIOR_01']
  HIT ERR4301002: 2 baits >= 0.7 ['ECBAIT_0_0014_JUNCTION_01', 'ECBAIT_0_0014_JUNCTION_02']
  HIT ERR4301003: 1 baits >= 0.7 ['ECBAIT_10_0057_MEMBER_INTERIOR_01']
  HIT ERR4301004: 3 baits >= 0.7 ['ECBAIT_0_0000_MEMBER_INTERIOR_01', 'ECBAIT_1_0004_JUNCTION_02', 'ECBAIT_HOST_CONTROL_02']
  HIT ERR4301005: 4 baits >= 0.7 ['ECBAIT_10_0002_JUNCTION_01', 'ECBAIT_10_0002_JUNCTION_02', 'ECBAIT_10_0002_MEMBER_INTERIOR_01', 'ECBAIT_10_0057_MEMBER_INTERIOR_01']
  HIT ERR4301010: 3 baits >= 0.7 ['ECBAIT_0_0000_JUNCTION_02', 'ECBAIT_10_0151_JUNCTION_03', 'ECBAIT_1_0004_JUNCTION_01']
  HIT ERR4301011: 2 baits >= 0.7 ['ECBAIT_10_0002_JUNCTION_01', 'ECBAIT_10_0002_JUNCTION_02']
  HIT ERR4301016: 2 baits >= 0.7 ['ECBAIT_10_0057_MEMBER_INTERIOR_01', 'ECBAIT_HOST_CONTROL_01']
  HIT ERR4301013: 1 baits >= 0.7 ['ECBAIT_HOST_CONTROL_01']
  HIT ERR4301017: 2 baits >= 0.7 ['ECBAIT_10_0057_MEMBER_INTERIOR_01', 'ECBAIT_HOST_CONTROL_01']
  HIT ERR4301019: 2 baits >= 0.7 ['ECBAIT_10_0002_MEMBER_INTERIOR_01', 'ECBAIT_10_0057_MEMBER_INTERIOR_01']
  HIT ERR4301021: 2 baits >= 0.7 ['ECBAIT_10_0002_MEMBER_INTERIOR_01', 'ECBAIT_10_0057_MEMBER_INTERIOR_01']
  HIT ERR4301046: 2 baits >= 0.7 ['ECBAIT_10_0057_MEMBER_INTERIOR_01', 'ECBAIT_HOST_CONTROL_01']
  HIT ERR4301048: 4 baits >= 0.7 ['ECBAIT_0_0000_JUNCTION_01', 'ECBAIT_10_0002_MEMBER_INTERIOR_01', 'ECBAIT_10_0044_INTERIOR_MODULE_01', 'ECBAIT_10_0057_MEMBER_INTERIOR_01']
  HIT ERR4301049: 4 baits >= 0.7 ['ECBAIT_10_0002_MEMBER_INTERIOR_01', 'ECBAIT_10_0178_JUNCTION_02', 'ECBAIT_10_0178_MEMBER_INTERIOR_01', 'ECBAIT_1_0004_JUNCTION_01']
  HIT ERR4301051: 6 baits >= 0.7 ['ECBAIT_0_0046_JUNCTION_02', 'ECBAIT_0_0046_MEMBER_INTERIOR_01', 'ECBAIT_10_0002_MEMBER_INTERIOR_01', 'ECBAIT_10_0057_MEMBER_INTERIOR_01']
  HIT ERR4301053: 1 baits >= 0.7 ['ECBAIT_10_0151_MEMBER_INTERIOR_01']
  HIT ERR4301054: 3 baits >= 0.7 ['ECBAIT_10_0002_MEMBER_INTERIOR_01', 'ECBAIT_10_0044_MEMBER_INTERIOR_01', 'ECBAIT_HOST_CONTROL_01']
  HIT ERR4301058: 4 baits >= 0.7 ['ECBAIT_10_0044_INTERIOR_MODULE_01', 'ECBAIT_10_0044_MEMBER_INTERIOR_01', 'ECBAIT_10_0178_MEMBER_INTERIOR_01', 'ECBAIT_HOST_CONTROL_01']
  HIT ERR4301059: 3 baits >= 0.7 ['ECBAIT_10_0002_MEMBER_INTERIOR_01', 'ECBAIT_10_0172_JUNCTION_03', 'ECBAIT_HOST_CONTROL_01']
  HIT ERR4301061: 1 baits >= 0.7 ['ECBAIT_10_0057_MEMBER_INTERIOR_01']
  HIT ERR4301063: 2 baits >= 0.7 ['ECBAIT_10_0002_MEMBER_INTERIOR_01', 'ECBAIT_10_0044_MEMBER_INTERIOR_01']
  HIT ERR4301064: 7 baits >= 0.7 ['ECBAIT_10_0002_MEMBER_INTERIOR_01', 'ECBAIT_10_0044_INTERIOR_MODULE_01', 'ECBAIT_10_0044_MEMBER_INTERIOR_01', 'ECBAIT_10_0178_INTERIOR_MODULE_01']
  HIT ERR4301065: 2 baits >= 0.7 ['ECBAIT_10_0002_MEMBER_INTERIOR_01', 'ECBAIT_HOST_CONTROL_01']
  HIT ERR4301066: 1 baits >= 0.7 ['ECBAIT_10_0002_MEMBER_INTERIOR_01']
  HIT ERR4301068: 5 baits >= 0.7 ['ECBAIT_10_0002_MEMBER_INTERIOR_01', 'ECBAIT_10_0044_INTERIOR_MODULE_01', 'ECBAIT_10_0044_MEMBER_INTERIOR_01', 'ECBAIT_10_0178_JUNCTION_02']
  HIT ERR4301069: 2 baits >= 0.7 ['ECBAIT_10_0002_MEMBER_INTERIOR_01', 'ECBAIT_HOST_CONTROL_01']
  HIT ERR4301070: 2 baits >= 0.7 ['ECBAIT_10_0002_MEMBER_INTERIOR_01', 'ECBAIT_HOST_CONTROL_01']
  HIT ERR4301074: 4 baits >= 0.7 ['ECBAIT_0_0000_JUNCTION_02', 'ECBAIT_0_0052_INTERIOR_MODULE_01', 'ECBAIT_10_0057_MEMBER_INTERIOR_01', 'ECBAIT_10_0151_JUNCTION_03']
  HIT ERR4301075: 2 baits >= 0.7 ['ECBAIT_10_0002_MEMBER_INTERIOR_01', 'ECBAIT_HOST_CONTROL_01']
  HIT ERR4301077: 3 baits >= 0.7 ['ECBAIT_10_0002_MEMBER_INTERIOR_01', 'ECBAIT_10_0172_JUNCTION_03', 'ECBAIT_HOST_CONTROL_01']
  HIT ERR4301078: 3 baits >= 0.7 ['ECBAIT_0_0000_JUNCTION_02', 'ECBAIT_10_0057_MEMBER_INTERIOR_01', 'ECBAIT_HOST_CONTROL_01']
  3250/12000 processed (3012 screened, 2573 hit-accessions) 975s budget=5.0GB
  HIT ERR4301079: 3 baits >= 0.7 ['ECBAIT_10_0002_MEMBER_INTERIOR_01', 'ECBAIT_10_0172_JUNCTION_03', 'ECBAIT_HOST_CONTROL_01']
  HIT ERR4301080: 2 baits >= 0.7 ['ECBAIT_10_0002_MEMBER_INTERIOR_01', 'ECBAIT_HOST_CONTROL_01']
  HIT ERR4301082: 1 baits >= 0.7 ['ECBAIT_10_0178_JUNCTION_02']
  HIT ERR4301083: 5 baits >= 0.7 ['ECBAIT_0_0046_JUNCTION_02', 'ECBAIT_0_0046_MEMBER_INTERIOR_01', 'ECBAIT_10_0044_INTERIOR_MODULE_01', 'ECBAIT_10_0044_MEMBER_INTERIOR_01']
  HIT ERR4301085: 2 baits >= 0.7 ['ECBAIT_10_0002_MEMBER_INTERIOR_01', 'ECBAIT_10_0044_MEMBER_INTERIOR_01']
  HIT ERR4301086: 2 baits >= 0.7 ['ECBAIT_10_0002_MEMBER_INTERIOR_01', 'ECBAIT_HOST_CONTROL_01']
  HIT ERR4301089: 3 baits >= 0.7 ['ECBAIT_10_0002_MEMBER_INTERIOR_01', 'ECBAIT_10_0172_JUNCTION_03', 'ECBAIT_HOST_CONTROL_01']
  HIT ERR4301091: 2 baits >= 0.7 ['ECBAIT_10_0002_MEMBER_INTERIOR_01', 'ECBAIT_HOST_CONTROL_01']
  HIT ERR4301090: 2 baits >= 0.7 ['ECBAIT_10_0002_MEMBER_INTERIOR_01', 'ECBAIT_HOST_CONTROL_01']
  HIT ERR4301092: 3 baits >= 0.7 ['ECBAIT_10_0002_MEMBER_INTERIOR_01', 'ECBAIT_10_0172_JUNCTION_03', 'ECBAIT_HOST_CONTROL_01']
  HIT ERR4301093: 2 baits >= 0.7 ['ECBAIT_10_0002_MEMBER_INTERIOR_01', 'ECBAIT_HOST_CONTROL_01']
  HIT ERR4301094: 3 baits >= 0.7 ['ECBAIT_10_0002_MEMBER_INTERIOR_01', 'ECBAIT_10_0172_JUNCTION_03', 'ECBAIT_HOST_CONTROL_01']
  HIT ERR4301097: 2 baits >= 0.7 ['ECBAIT_10_0002_MEMBER_INTERIOR_01', 'ECBAIT_HOST_CONTROL_01']
  HIT ERR4301096: 1 baits >= 0.7 ['ECBAIT_HOST_CONTROL_01']
  HIT ERR4301099: 2 baits >= 0.7 ['ECBAIT_0_0000_JUNCTION_02', 'ECBAIT_HOST_CONTROL_01']
  HIT ERR4301100: 3 baits >= 0.7 ['ECBAIT_10_0002_MEMBER_INTERIOR_01', 'ECBAIT_10_0172_JUNCTION_03', 'ECBAIT_HOST_CONTROL_01']
  HIT ERR4301101: 7 baits >= 0.7 ['ECBAIT_0_0046_MEMBER_INTERIOR_01', 'ECBAIT_10_0002_MEMBER_INTERIOR_01', 'ECBAIT_10_0044_INTERIOR_MODULE_01', 'ECBAIT_10_0044_MEMBER_INTERIOR_01']
  HIT ERR4301103: 1 baits >= 0.7 ['ECBAIT_HOST_CONTROL_01']
  HIT ERR4301102: 6 baits >= 0.7 ['ECBAIT_0_0046_MEMBER_INTERIOR_01', 'ECBAIT_10_0002_MEMBER_INTERIOR_01', 'ECBAIT_10_0044_INTERIOR_MODULE_01', 'ECBAIT_10_0044_MEMBER_INTERIOR_01']
  HIT ERR4301104: 1 baits >= 0.7 ['ECBAIT_HOST_CONTROL_01']
  HIT ERR4301110: 1 baits >= 0.7 ['ECBAIT_HOST_CONTROL_02']
  HIT ERR4301111: 2 baits >= 0.7 ['ECBAIT_10_0002_MEMBER_INTERIOR_01', 'ECBAIT_10_0057_MEMBER_INTERIOR_01']
  HIT ERR4301112: 4 baits >= 0.7 ['ECBAIT_10_0002_JUNCTION_01', 'ECBAIT_10_0002_JUNCTION_02', 'ECBAIT_10_0002_MEMBER_INTERIOR_01', 'ECBAIT_10_0057_MEMBER_INTERIOR_01']
  HIT ERR4301113: 3 baits >= 0.7 ['ECBAIT_10_0057_MEMBER_INTERIOR_01', 'ECBAIT_10_0172_MEMBER_INTERIOR_01', 'ECBAIT_HOST_CONTROL_02']
  HIT ERR4301116: 2 baits >= 0.7 ['ECBAIT_1_0026_JUNCTION_01', 'ECBAIT_HOST_CONTROL_01']
  HIT ERR4301120: 1 baits >= 0.7 ['ECBAIT_HOST_CONTROL_01']
  HIT ERR4304269: 2 baits >= 0.7 ['ECBAIT_10_0057_MEMBER_INTERIOR_01', 'ECBAIT_HOST_CONTROL_01']
  HIT ERR4314090: 3 baits >= 0.7 ['ECBAIT_10_0044_INTERIOR_MODULE_01', 'ECBAIT_10_0044_MEMBER_INTERIOR_01', 'ECBAIT_HOST_CONTROL_01']
  HIT ERR4314107: 4 baits >= 0.7 ['ECBAIT_10_0002_MEMBER_INTERIOR_01', 'ECBAIT_10_0044_INTERIOR_MODULE_01', 'ECBAIT_10_0044_MEMBER_INTERIOR_01', 'ECBAIT_HOST_CONTROL_01']
  HIT ERR4314091: 3 baits >= 0.7 ['ECBAIT_10_0044_INTERIOR_MODULE_01', 'ECBAIT_10_0044_MEMBER_INTERIOR_01', 'ECBAIT_HOST_CONTROL_01']
  HIT ERR4314108: 4 baits >= 0.7 ['ECBAIT_10_0002_MEMBER_INTERIOR_01', 'ECBAIT_10_0044_INTERIOR_MODULE_01', 'ECBAIT_10_0044_MEMBER_INTERIOR_01', 'ECBAIT_HOST_CONTROL_01']
  HIT ERR4314109: 3 baits >= 0.7 ['ECBAIT_10_0044_INTERIOR_MODULE_01', 'ECBAIT_10_0044_MEMBER_INTERIOR_01', 'ECBAIT_HOST_CONTROL_01']
  HIT ERR4314110: 3 baits >= 0.7 ['ECBAIT_10_0044_INTERIOR_MODULE_01', 'ECBAIT_10_0044_MEMBER_INTERIOR_01', 'ECBAIT_HOST_CONTROL_01']
  HIT ERR4314111: 1 baits >= 0.7 ['ECBAIT_10_0002_MEMBER_INTERIOR_01']
  HIT ERR4314112: 1 baits >= 0.7 ['ECBAIT_10_0002_MEMBER_INTERIOR_01']
  HIT ERR4314115: 3 baits >= 0.7 ['ECBAIT_10_0044_INTERIOR_MODULE_01', 'ECBAIT_10_0044_MEMBER_INTERIOR_01', 'ECBAIT_HOST_CONTROL_01']
  HIT ERR4314116: 3 baits >= 0.7 ['ECBAIT_10_0044_INTERIOR_MODULE_01', 'ECBAIT_10_0044_MEMBER_INTERIOR_01', 'ECBAIT_HOST_CONTROL_01']
  HIT ERR4314119: 5 baits >= 0.7 ['ECBAIT_0_0052_JUNCTION_03', 'ECBAIT_10_0044_INTERIOR_MODULE_01', 'ECBAIT_10_0044_MEMBER_INTERIOR_01', 'ECBAIT_10_0057_MEMBER_INTERIOR_01']
  HIT ERR4314120: 5 baits >= 0.7 ['ECBAIT_0_0052_JUNCTION_03', 'ECBAIT_10_0044_INTERIOR_MODULE_01', 'ECBAIT_10_0044_MEMBER_INTERIOR_01', 'ECBAIT_10_0057_MEMBER_INTERIOR_01']
  HIT ERR4314121: 3 baits >= 0.7 ['ECBAIT_10_0044_INTERIOR_MODULE_01', 'ECBAIT_10_0044_MEMBER_INTERIOR_01', 'ECBAIT_HOST_CONTROL_01']
  HIT ERR4314122: 3 baits >= 0.7 ['ECBAIT_10_0044_INTERIOR_MODULE_01', 'ECBAIT_10_0044_MEMBER_INTERIOR_01', 'ECBAIT_HOST_CONTROL_01']
  HIT ERR4314124: 3 baits >= 0.7 ['ECBAIT_10_0044_INTERIOR_MODULE_01', 'ECBAIT_10_0044_MEMBER_INTERIOR_01', 'ECBAIT_HOST_CONTROL_01']
  HIT ERR4314123: 3 baits >= 0.7 ['ECBAIT_10_0044_INTERIOR_MODULE_01', 'ECBAIT_10_0044_MEMBER_INTERIOR_01', 'ECBAIT_HOST_CONTROL_01']
  HIT ERR4314125: 1 baits >= 0.7 ['ECBAIT_10_0002_MEMBER_INTERIOR_01']
  HIT ERR4314128: 3 baits >= 0.7 ['ECBAIT_10_0044_INTERIOR_MODULE_01', 'ECBAIT_10_0044_MEMBER_INTERIOR_01', 'ECBAIT_HOST_CONTROL_01']
  HIT ERR4314126: 1 baits >= 0.7 ['ECBAIT_10_0002_MEMBER_INTERIOR_01']
  3300/12000 processed (3062 screened, 2619 hit-accessions) 991s budget=5.1GB
  HIT ERR4314127: 3 baits >= 0.7 ['ECBAIT_10_0044_INTERIOR_MODULE_01', 'ECBAIT_10_0044_MEMBER_INTERIOR_01', 'ECBAIT_HOST_CONTROL_01']
  HIT ERR4314129: 5 baits >= 0.7 ['ECBAIT_10_0002_MEMBER_INTERIOR_01', 'ECBAIT_10_0044_INTERIOR_MODULE_01', 'ECBAIT_10_0044_JUNCTION_03', 'ECBAIT_10_0044_MEMBER_INTERIOR_01']
  HIT ERR4314130: 5 baits >= 0.7 ['ECBAIT_10_0002_MEMBER_INTERIOR_01', 'ECBAIT_10_0044_INTERIOR_MODULE_01', 'ECBAIT_10_0044_JUNCTION_03', 'ECBAIT_10_0044_MEMBER_INTERIOR_01']
  HIT ERR4314131: 6 baits >= 0.7 ['ECBAIT_0_0052_JUNCTION_03', 'ECBAIT_10_0002_MEMBER_INTERIOR_01', 'ECBAIT_10_0044_INTERIOR_MODULE_01', 'ECBAIT_10_0044_MEMBER_INTERIOR_01']
  HIT ERR4314132: 5 baits >= 0.7 ['ECBAIT_0_0052_JUNCTION_03', 'ECBAIT_10_0044_INTERIOR_MODULE_01', 'ECBAIT_10_0044_MEMBER_INTERIOR_01', 'ECBAIT_10_0057_MEMBER_INTERIOR_01']
  HIT ERR4342165: 1 baits >= 0.7 ['ECBAIT_10_0057_MEMBER_INTERIOR_01']
  HIT ERR4342166: 1 baits >= 0.7 ['ECBAIT_10_0057_MEMBER_INTERIOR_01']
  HIT ERR4342168: 1 baits >= 0.7 ['ECBAIT_10_0057_MEMBER_INTERIOR_01']
  HIT ERR4342169: 2 baits >= 0.7 ['ECBAIT_10_0057_MEMBER_INTERIOR_01', 'ECBAIT_HOST_CONTROL_02']
  HIT ERR4342170: 1 baits >= 0.7 ['ECBAIT_HOST_CONTROL_01']
  HIT ERR4342171: 1 baits >= 0.7 ['ECBAIT_0_0054_MEMBER_INTERIOR_01']
  HIT ERR4342172: 2 baits >= 0.7 ['ECBAIT_10_0057_MEMBER_INTERIOR_01', 'ECBAIT_HOST_CONTROL_01']
  HIT ERR4342173: 7 baits >= 0.7 ['ECBAIT_0_0000_JUNCTION_02', 'ECBAIT_0_0000_MEMBER_INTERIOR_01', 'ECBAIT_0_0014_MEMBER_INTERIOR_01', 'ECBAIT_0_0054_MEMBER_INTERIOR_01']
  HIT ERR4342175: 1 baits >= 0.7 ['ECBAIT_10_0057_MEMBER_INTERIOR_01']
  HIT ERR4342174: 3 baits >= 0.7 ['ECBAIT_0_0052_JUNCTION_03', 'ECBAIT_0_0054_MEMBER_INTERIOR_01', 'ECBAIT_10_0057_MEMBER_INTERIOR_01']
  HIT ERR4342176: 7 baits >= 0.7 ['ECBAIT_0_0000_JUNCTION_02', 'ECBAIT_0_0000_MEMBER_INTERIOR_01', 'ECBAIT_0_0014_MEMBER_INTERIOR_01', 'ECBAIT_0_0054_MEMBER_INTERIOR_01']
  HIT ERR4342177: 2 baits >= 0.7 ['ECBAIT_0_0054_MEMBER_INTERIOR_01', 'ECBAIT_10_0057_MEMBER_INTERIOR_01']
  HIT ERR4342179: 1 baits >= 0.7 ['ECBAIT_10_0057_MEMBER_INTERIOR_01']
  HIT ERR4342178: 3 baits >= 0.7 ['ECBAIT_0_0000_JUNCTION_02', 'ECBAIT_10_0057_MEMBER_INTERIOR_01', 'ECBAIT_HOST_CONTROL_01']
  HIT ERR4342183: 2 baits >= 0.7 ['ECBAIT_10_0057_MEMBER_INTERIOR_01', 'ECBAIT_HOST_CONTROL_02']
  HIT ERR4342184: 2 baits >= 0.7 ['ECBAIT_0_0000_MEMBER_INTERIOR_01', 'ECBAIT_10_0057_MEMBER_INTERIOR_01']
  HIT ERR4342186: 2 baits >= 0.7 ['ECBAIT_0_0000_MEMBER_INTERIOR_01', 'ECBAIT_10_0057_MEMBER_INTERIOR_01']
  HIT ERR4342185: 2 baits >= 0.7 ['ECBAIT_0_0000_MEMBER_INTERIOR_01', 'ECBAIT_10_0057_MEMBER_INTERIOR_01']
  HIT ERR4342187: 2 baits >= 0.7 ['ECBAIT_10_0057_MEMBER_INTERIOR_01', 'ECBAIT_HOST_CONTROL_01']
  HIT ERR4342188: 2 baits >= 0.7 ['ECBAIT_10_0057_MEMBER_INTERIOR_01', 'ECBAIT_10_0151_JUNCTION_03']
  HIT ERR4342189: 1 baits >= 0.7 ['ECBAIT_10_0057_MEMBER_INTERIOR_01']
  HIT ERR4342190: 2 baits >= 0.7 ['ECBAIT_10_0002_JUNCTION_01', 'ECBAIT_10_0057_MEMBER_INTERIOR_01']
  HIT ERR4342191: 2 baits >= 0.7 ['ECBAIT_10_0002_MEMBER_INTERIOR_01', 'ECBAIT_10_0057_MEMBER_INTERIOR_01']
  HIT ERR436158: 2 baits >= 0.7 ['ECBAIT_0_0052_MEMBER_INTERIOR_01', 'ECBAIT_HOST_CONTROL_01']
  HIT ERR436161: 3 baits >= 0.7 ['ECBAIT_10_0044_MEMBER_INTERIOR_01', 'ECBAIT_10_0172_JUNCTION_02', 'ECBAIT_HOST_CONTROL_01']
  HIT ERR436162: 3 baits >= 0.7 ['ECBAIT_10_0044_JUNCTION_02', 'ECBAIT_10_0044_JUNCTION_03', 'ECBAIT_HOST_CONTROL_01']
  HIT ERR436163: 1 baits >= 0.7 ['ECBAIT_HOST_CONTROL_01']
  HIT ERR436164: 2 baits >= 0.7 ['ECBAIT_0_0052_MEMBER_INTERIOR_01', 'ECBAIT_HOST_CONTROL_01']
  HIT ERR436165: 2 baits >= 0.7 ['ECBAIT_1_0004_JUNCTION_01', 'ECBAIT_HOST_CONTROL_01']
  HIT ERR436168: 2 baits >= 0.7 ['ECBAIT_0_0052_MEMBER_INTERIOR_01', 'ECBAIT_HOST_CONTROL_01']
  HIT ERR436169: 8 baits >= 0.7 ['ECBAIT_10_0044_INTERIOR_MODULE_01', 'ECBAIT_10_0044_MEMBER_INTERIOR_01', 'ECBAIT_10_0172_JUNCTION_03', 'ECBAIT_10_0178_INTERIOR_MODULE_01']
  HIT ERR436171: 3 baits >= 0.7 ['ECBAIT_0_0000_JUNCTION_01', 'ECBAIT_10_0044_INTERIOR_MODULE_01', 'ECBAIT_HOST_CONTROL_01']
  HIT ERR436173: 6 baits >= 0.7 ['ECBAIT_0_0000_JUNCTION_01', 'ECBAIT_0_0046_JUNCTION_02', 'ECBAIT_0_0046_MEMBER_INTERIOR_01', 'ECBAIT_10_0002_MEMBER_INTERIOR_01']
  HIT ERR436174: 1 baits >= 0.7 ['ECBAIT_0_0000_JUNCTION_02']
  HIT ERR436175: 1 baits >= 0.7 ['ECBAIT_HOST_CONTROL_01']
  3350/12000 processed (3111 screened, 2659 hit-accessions) 1007s budget=5.2GB
  HIT ERR436177: 6 baits >= 0.7 ['ECBAIT_10_0044_MEMBER_INTERIOR_01', 'ECBAIT_10_0172_JUNCTION_03', 'ECBAIT_10_0178_INTERIOR_MODULE_01', 'ECBAIT_10_0178_JUNCTION_02']
  HIT ERR436176: 2 baits >= 0.7 ['ECBAIT_0_0052_MEMBER_INTERIOR_01', 'ECBAIT_HOST_CONTROL_01']
  HIT ERR436179: 2 baits >= 0.7 ['ECBAIT_10_0044_MEMBER_INTERIOR_01', 'ECBAIT_1_0004_JUNCTION_02']
  HIT ERR436181: 1 baits >= 0.7 ['ECBAIT_HOST_CONTROL_01']
  HIT ERR436182: 6 baits >= 0.7 ['ECBAIT_10_0044_MEMBER_INTERIOR_01', 'ECBAIT_10_0172_JUNCTION_03', 'ECBAIT_10_0178_INTERIOR_MODULE_01', 'ECBAIT_10_0178_JUNCTION_02']
  HIT ERR436183: 3 baits >= 0.7 ['ECBAIT_0_0000_JUNCTION_02', 'ECBAIT_10_0002_MEMBER_INTERIOR_01', 'ECBAIT_10_0057_MEMBER_INTERIOR_01']
  HIT ERR436184: 1 baits >= 0.7 ['ECBAIT_10_0002_MEMBER_INTERIOR_01']
  HIT ERR436186: 3 baits >= 0.7 ['ECBAIT_10_0002_MEMBER_INTERIOR_01', 'ECBAIT_10_0044_MEMBER_INTERIOR_01', 'ECBAIT_HOST_CONTROL_01']
  HIT ERR436187: 6 baits >= 0.7 ['ECBAIT_10_0002_MEMBER_INTERIOR_01', 'ECBAIT_10_0044_MEMBER_INTERIOR_01', 'ECBAIT_10_0178_INTERIOR_MODULE_01', 'ECBAIT_10_0178_JUNCTION_02']
  HIT ERR436189: 2 baits >= 0.7 ['ECBAIT_0_0000_MEMBER_INTERIOR_01', 'ECBAIT_HOST_CONTROL_01']
  HIT ERR436188: 1 baits >= 0.7 ['ECBAIT_HOST_CONTROL_01']
  HIT ERR436190: 2 baits >= 0.7 ['ECBAIT_0_0052_MEMBER_INTERIOR_01', 'ECBAIT_HOST_CONTROL_01']
  HIT ERR436192: 4 baits >= 0.7 ['ECBAIT_10_0002_MEMBER_INTERIOR_01', 'ECBAIT_10_0044_MEMBER_INTERIOR_01', 'ECBAIT_10_0172_JUNCTION_02', 'ECBAIT_HOST_CONTROL_01']
  HIT ERR436193: 3 baits >= 0.7 ['ECBAIT_0_0000_JUNCTION_01', 'ECBAIT_10_0044_INTERIOR_MODULE_01', 'ECBAIT_HOST_CONTROL_01']
  HIT ERR436195: 6 baits >= 0.7 ['ECBAIT_10_0044_MEMBER_INTERIOR_01', 'ECBAIT_10_0172_JUNCTION_03', 'ECBAIT_10_0178_INTERIOR_MODULE_01', 'ECBAIT_10_0178_JUNCTION_02']
  HIT ERR436198: 1 baits >= 0.7 ['ECBAIT_HOST_CONTROL_01']
  HIT ERR436197: 4 baits >= 0.7 ['ECBAIT_10_0002_MEMBER_INTERIOR_01', 'ECBAIT_10_0044_MEMBER_INTERIOR_01', 'ECBAIT_10_0172_JUNCTION_02', 'ECBAIT_HOST_CONTROL_01']
  HIT ERR436199: 2 baits >= 0.7 ['ECBAIT_10_0002_MEMBER_INTERIOR_01', 'ECBAIT_10_0057_MEMBER_INTERIOR_01']
  HIT ERR436201: 1 baits >= 0.7 ['ECBAIT_HOST_CONTROL_01']
  HIT ERR436200: 6 baits >= 0.7 ['ECBAIT_10_0044_INTERIOR_MODULE_01', 'ECBAIT_10_0044_MEMBER_INTERIOR_01', 'ECBAIT_10_0172_JUNCTION_03', 'ECBAIT_10_0178_INTERIOR_MODULE_01']
  HIT ERR436202: 6 baits >= 0.7 ['ECBAIT_10_0044_MEMBER_INTERIOR_01', 'ECBAIT_10_0172_JUNCTION_03', 'ECBAIT_10_0178_INTERIOR_MODULE_01', 'ECBAIT_10_0178_JUNCTION_02']
  HIT ERR436203: 4 baits >= 0.7 ['ECBAIT_10_0002_MEMBER_INTERIOR_01', 'ECBAIT_10_0044_MEMBER_INTERIOR_01', 'ECBAIT_10_0172_JUNCTION_02', 'ECBAIT_HOST_CONTROL_01']
  HIT ERR436205: 1 baits >= 0.7 ['ECBAIT_10_0172_MEMBER_INTERIOR_01']
  HIT ERR436204: 2 baits >= 0.7 ['ECBAIT_10_0002_MEMBER_INTERIOR_01', 'ECBAIT_10_0172_MEMBER_INTERIOR_01']
  HIT ERR436207: 1 baits >= 0.7 ['ECBAIT_HOST_CONTROL_01']
  HIT ERR436206: 3 baits >= 0.7 ['ECBAIT_0_0052_MEMBER_INTERIOR_01', 'ECBAIT_10_0002_MEMBER_INTERIOR_01', 'ECBAIT_HOST_CONTROL_01']
  HIT ERR436209: 1 baits >= 0.7 ['ECBAIT_10_0002_MEMBER_INTERIOR_01']
  HIT ERR436210: 1 baits >= 0.7 ['ECBAIT_1_0004_JUNCTION_01']
  HIT ERR436208: 3 baits >= 0.7 ['ECBAIT_10_0044_MEMBER_INTERIOR_01', 'ECBAIT_10_0172_JUNCTION_02', 'ECBAIT_HOST_CONTROL_01']
  HIT ERR436211: 1 baits >= 0.7 ['ECBAIT_HOST_CONTROL_01']
  HIT ERR436212: 1 baits >= 0.7 ['ECBAIT_10_0057_MEMBER_INTERIOR_01']
  HIT ERR4372110: 1 baits >= 0.7 ['ECBAIT_0_0094_MEMBER_INTERIOR_01']
  HIT ERR4372111: 1 baits >= 0.7 ['ECBAIT_0_0094_MEMBER_INTERIOR_01']
  HIT ERR4372112: 1 baits >= 0.7 ['ECBAIT_0_0094_MEMBER_INTERIOR_01']
  HIT ERR4372115: 1 baits >= 0.7 ['ECBAIT_0_0094_MEMBER_INTERIOR_01']
  HIT ERR4372113: 1 baits >= 0.7 ['ECBAIT_0_0094_MEMBER_INTERIOR_01']
  HIT ERR4372114: 1 baits >= 0.7 ['ECBAIT_0_0094_MEMBER_INTERIOR_01']
  HIT ERR4372116: 1 baits >= 0.7 ['ECBAIT_0_0094_MEMBER_INTERIOR_01']
  HIT ERR4372117: 1 baits >= 0.7 ['ECBAIT_0_0094_MEMBER_INTERIOR_01']
  HIT ERR4372118: 1 baits >= 0.7 ['ECBAIT_0_0094_MEMBER_INTERIOR_01']
  HIT ERR4372119: 1 baits >= 0.7 ['ECBAIT_0_0094_MEMBER_INTERIOR_01']
  HIT ERR4372120: 1 baits >= 0.7 ['ECBAIT_0_0094_MEMBER_INTERIOR_01']
  HIT ERR4372121: 1 baits >= 0.7 ['ECBAIT_0_0094_MEMBER_INTERIOR_01']
  HIT ERR4372122: 1 baits >= 0.7 ['ECBAIT_0_0094_MEMBER_INTERIOR_01']
  3400/12000 processed (3161 screened, 2703 hit-accessions) 1023s budget=5.3GB
  HIT ERR4372123: 1 baits >= 0.7 ['ECBAIT_10_0057_MEMBER_INTERIOR_01']
  HIT ERR4372124: 3 baits >= 0.7 ['ECBAIT_0_0000_JUNCTION_02', 'ECBAIT_10_0057_MEMBER_INTERIOR_01', 'ECBAIT_10_0151_JUNCTION_03']
  HIT ERR4372125: 1 baits >= 0.7 ['ECBAIT_0_0094_MEMBER_INTERIOR_01']
  HIT ERR4372126: 1 baits >= 0.7 ['ECBAIT_HOST_CONTROL_01']
  HIT ERR4372132: 1 baits >= 0.7 ['ECBAIT_0_0094_MEMBER_INTERIOR_01']
  HIT ERR4372130: 1 baits >= 0.7 ['ECBAIT_0_0094_MEMBER_INTERIOR_01']
  HIT ERR4372134: 1 baits >= 0.7 ['ECBAIT_0_0094_MEMBER_INTERIOR_01']
  HIT ERR4372133: 1 baits >= 0.7 ['ECBAIT_0_0094_MEMBER_INTERIOR_01']
  HIT ERR4372135: 1 baits >= 0.7 ['ECBAIT_0_0094_MEMBER_INTERIOR_01']
  HIT ERR4372137: 1 baits >= 0.7 ['ECBAIT_0_0094_MEMBER_INTERIOR_01']
  HIT ERR4372142: 2 baits >= 0.7 ['ECBAIT_10_0057_MEMBER_INTERIOR_01', 'ECBAIT_HOST_CONTROL_01']
  HIT ERR4372139: 1 baits >= 0.7 ['ECBAIT_0_0094_MEMBER_INTERIOR_01']
  HIT ERR4372144: 1 baits >= 0.7 ['ECBAIT_0_0094_MEMBER_INTERIOR_01']
  HIT ERR4372143: 1 baits >= 0.7 ['ECBAIT_0_0094_MEMBER_INTERIOR_01']
  HIT ERR4372145: 1 baits >= 0.7 ['ECBAIT_0_0094_MEMBER_INTERIOR_01']
  HIT ERR4372146: 1 baits >= 0.7 ['ECBAIT_0_0094_MEMBER_INTERIOR_01']
  HIT ERR4372148: 1 baits >= 0.7 ['ECBAIT_0_0094_MEMBER_INTERIOR_01']
  HIT ERR4372149: 1 baits >= 0.7 ['ECBAIT_0_0094_MEMBER_INTERIOR_01']
  HIT ERR4372150: 1 baits >= 0.7 ['ECBAIT_HOST_CONTROL_01']
  HIT ERR4372151: 1 baits >= 0.7 ['ECBAIT_0_0094_MEMBER_INTERIOR_01']
  HIT ERR4386633: 1 baits >= 0.7 ['ECBAIT_1_0004_JUNCTION_01']
  HIT ERR445591: 4 baits >= 0.7 ['ECBAIT_0_0000_JUNCTION_02', 'ECBAIT_0_0000_MEMBER_INTERIOR_01', 'ECBAIT_10_0057_MEMBER_INTERIOR_01', 'ECBAIT_HOST_CONTROL_02']
  HIT ERR445592: 5 baits >= 0.7 ['ECBAIT_0_0000_INTERIOR_MODULE_01', 'ECBAIT_0_0000_JUNCTION_02', 'ECBAIT_0_0000_MEMBER_INTERIOR_01', 'ECBAIT_10_0057_MEMBER_INTERIOR_01']
  HIT ERR445593: 1 baits >= 0.7 ['ECBAIT_10_0057_MEMBER_INTERIOR_01']
  HIT ERR445595: 4 baits >= 0.7 ['ECBAIT_0_0000_JUNCTION_02', 'ECBAIT_0_0000_MEMBER_INTERIOR_01', 'ECBAIT_10_0057_MEMBER_INTERIOR_01', 'ECBAIT_HOST_CONTROL_02']
  HIT ERR445594: 2 baits >= 0.7 ['ECBAIT_10_0057_MEMBER_INTERIOR_01', 'ECBAIT_10_0172_MEMBER_INTERIOR_01']
  HIT ERR445597: 2 baits >= 0.7 ['ECBAIT_0_0054_MEMBER_INTERIOR_01', 'ECBAIT_10_0057_MEMBER_INTERIOR_01']
  HIT ERR445596: 5 baits >= 0.7 ['ECBAIT_0_0000_INTERIOR_MODULE_01', 'ECBAIT_0_0000_JUNCTION_02', 'ECBAIT_0_0000_MEMBER_INTERIOR_01', 'ECBAIT_10_0057_MEMBER_INTERIOR_01']
  HIT ERR445598: 7 baits >= 0.7 ['ECBAIT_0_0000_JUNCTION_02', 'ECBAIT_0_0000_MEMBER_INTERIOR_01', 'ECBAIT_0_0014_JUNCTION_02', 'ECBAIT_0_0014_MEMBER_INTERIOR_01']
  HIT ERR445599: 2 baits >= 0.7 ['ECBAIT_10_0057_MEMBER_INTERIOR_01', 'ECBAIT_10_0172_MEMBER_INTERIOR_01']
  HIT ERR445601: 2 baits >= 0.7 ['ECBAIT_10_0057_MEMBER_INTERIOR_01', 'ECBAIT_HOST_CONTROL_02']
  HIT ERR445600: 5 baits >= 0.7 ['ECBAIT_0_0000_INTERIOR_MODULE_01', 'ECBAIT_0_0000_JUNCTION_02', 'ECBAIT_0_0000_MEMBER_INTERIOR_01', 'ECBAIT_10_0057_MEMBER_INTERIOR_01']
  HIT ERR445603: 4 baits >= 0.7 ['ECBAIT_0_0000_JUNCTION_02', 'ECBAIT_0_0000_MEMBER_INTERIOR_01', 'ECBAIT_10_0057_MEMBER_INTERIOR_01', 'ECBAIT_HOST_CONTROL_02']
  HIT ERR445602: 5 baits >= 0.7 ['ECBAIT_0_0000_INTERIOR_MODULE_01', 'ECBAIT_0_0000_JUNCTION_02', 'ECBAIT_0_0000_MEMBER_INTERIOR_01', 'ECBAIT_10_0057_MEMBER_INTERIOR_01']
  HIT ERR445605: 2 baits >= 0.7 ['ECBAIT_10_0057_MEMBER_INTERIOR_01', 'ECBAIT_HOST_CONTROL_02']
  HIT ERR445606: 6 baits >= 0.7 ['ECBAIT_0_0000_INTERIOR_MODULE_01', 'ECBAIT_0_0000_JUNCTION_02', 'ECBAIT_0_0000_MEMBER_INTERIOR_01', 'ECBAIT_0_0052_JUNCTION_03']
  HIT ERR445604: 6 baits >= 0.7 ['ECBAIT_0_0000_JUNCTION_02', 'ECBAIT_0_0014_JUNCTION_02', 'ECBAIT_0_0014_MEMBER_INTERIOR_01', 'ECBAIT_0_0054_MEMBER_INTERIOR_01']
  HIT ERR445607: 5 baits >= 0.7 ['ECBAIT_0_0000_JUNCTION_02', 'ECBAIT_0_0000_MEMBER_INTERIOR_01', 'ECBAIT_0_0014_MEMBER_INTERIOR_01', 'ECBAIT_10_0057_MEMBER_INTERIOR_01']
  HIT ERR445608: 6 baits >= 0.7 ['ECBAIT_0_0000_JUNCTION_02', 'ECBAIT_0_0000_MEMBER_INTERIOR_01', 'ECBAIT_0_0014_JUNCTION_02', 'ECBAIT_0_0014_MEMBER_INTERIOR_01']
  HIT ERR445609: 7 baits >= 0.7 ['ECBAIT_0_0000_INTERIOR_MODULE_01', 'ECBAIT_0_0000_JUNCTION_02', 'ECBAIT_0_0000_MEMBER_INTERIOR_01', 'ECBAIT_10_0002_JUNCTION_01']
  HIT ERR445611: 3 baits >= 0.7 ['ECBAIT_0_0000_JUNCTION_02', 'ECBAIT_0_0000_MEMBER_INTERIOR_01', 'ECBAIT_10_0057_MEMBER_INTERIOR_01']
  HIT ERR445610: 5 baits >= 0.7 ['ECBAIT_0_0000_INTERIOR_MODULE_01', 'ECBAIT_0_0000_JUNCTION_02', 'ECBAIT_0_0000_MEMBER_INTERIOR_01', 'ECBAIT_10_0057_MEMBER_INTERIOR_01']
  HIT ERR445612: 4 baits >= 0.7 ['ECBAIT_0_0000_JUNCTION_02', 'ECBAIT_0_0000_MEMBER_INTERIOR_01', 'ECBAIT_10_0057_MEMBER_INTERIOR_01', 'ECBAIT_HOST_CONTROL_02']
  HIT ERR445613: 2 baits >= 0.7 ['ECBAIT_0_0046_MEMBER_INTERIOR_01', 'ECBAIT_10_0151_JUNCTION_03']
  HIT ERR445615: 1 baits >= 0.7 ['ECBAIT_HOST_CONTROL_01']
  3450/12000 processed (3210 screened, 2748 hit-accessions) 1039s budget=5.3GB
  HIT ERR445617: 1 baits >= 0.7 ['ECBAIT_10_0151_MEMBER_INTERIOR_01']
  HIT ERR445619: 2 baits >= 0.7 ['ECBAIT_10_0057_MEMBER_INTERIOR_01', 'ECBAIT_10_0151_JUNCTION_03']
  HIT ERR445618: 2 baits >= 0.7 ['ECBAIT_10_0057_MEMBER_INTERIOR_01', 'ECBAIT_HOST_CONTROL_02']
  HIT ERR445616: 2 baits >= 0.7 ['ECBAIT_10_0057_MEMBER_INTERIOR_01', 'ECBAIT_10_0151_JUNCTION_03']
  HIT ERR445621: 2 baits >= 0.7 ['ECBAIT_10_0057_MEMBER_INTERIOR_01', 'ECBAIT_HOST_CONTROL_02']
  HIT ERR445622: 5 baits >= 0.7 ['ECBAIT_0_0000_INTERIOR_MODULE_01', 'ECBAIT_0_0000_JUNCTION_02', 'ECBAIT_0_0000_MEMBER_INTERIOR_01', 'ECBAIT_10_0057_MEMBER_INTERIOR_01']
  HIT ERR445620: 1 baits >= 0.7 ['ECBAIT_0_0000_JUNCTION_02']
  HIT ERR445626: 7 baits >= 0.7 ['ECBAIT_0_0000_JUNCTION_02', 'ECBAIT_0_0000_MEMBER_INTERIOR_01', 'ECBAIT_0_0014_JUNCTION_02', 'ECBAIT_0_0014_MEMBER_INTERIOR_01']
  HIT ERR445624: 1 baits >= 0.7 ['ECBAIT_10_0057_MEMBER_INTERIOR_01']
  HIT ERR445625: 2 baits >= 0.7 ['ECBAIT_10_0057_MEMBER_INTERIOR_01', 'ECBAIT_1_0004_JUNCTION_01']
  HIT ERR445627: 3 baits >= 0.7 ['ECBAIT_0_0000_JUNCTION_02', 'ECBAIT_10_0057_MEMBER_INTERIOR_01', 'ECBAIT_10_0151_JUNCTION_03']
  HIT ERR445629: 2 baits >= 0.7 ['ECBAIT_0_0000_JUNCTION_02', 'ECBAIT_10_0057_MEMBER_INTERIOR_01']
  HIT ERR445628: 7 baits >= 0.7 ['ECBAIT_0_0000_JUNCTION_02', 'ECBAIT_0_0000_MEMBER_INTERIOR_01', 'ECBAIT_0_0014_JUNCTION_02', 'ECBAIT_0_0014_MEMBER_INTERIOR_01']
  HIT ERR445630: 2 baits >= 0.7 ['ECBAIT_0_0000_JUNCTION_02', 'ECBAIT_10_0057_MEMBER_INTERIOR_01']
  HIT ERR445631: 5 baits >= 0.7 ['ECBAIT_0_0000_INTERIOR_MODULE_01', 'ECBAIT_0_0000_JUNCTION_02', 'ECBAIT_0_0000_MEMBER_INTERIOR_01', 'ECBAIT_10_0057_MEMBER_INTERIOR_01']
  HIT ERR445632: 1 baits >= 0.7 ['ECBAIT_10_0057_MEMBER_INTERIOR_01']
  HIT ERR445633: 6 baits >= 0.7 ['ECBAIT_0_0000_JUNCTION_02', 'ECBAIT_0_0000_MEMBER_INTERIOR_01', 'ECBAIT_0_0014_JUNCTION_02', 'ECBAIT_0_0014_MEMBER_INTERIOR_01']
  HIT ERR445634: 4 baits >= 0.7 ['ECBAIT_0_0000_JUNCTION_02', 'ECBAIT_0_0000_MEMBER_INTERIOR_01', 'ECBAIT_10_0057_MEMBER_INTERIOR_01', 'ECBAIT_1_0004_MEMBER_INTERIOR_01']
  HIT ERR445635: 6 baits >= 0.7 ['ECBAIT_0_0000_JUNCTION_02', 'ECBAIT_0_0000_MEMBER_INTERIOR_01', 'ECBAIT_0_0014_JUNCTION_02', 'ECBAIT_0_0014_MEMBER_INTERIOR_01']
  HIT ERR445636: 1 baits >= 0.7 ['ECBAIT_10_0057_MEMBER_INTERIOR_01']
  HIT ERR4467443: 2 baits >= 0.7 ['ECBAIT_10_0057_MEMBER_INTERIOR_01', 'ECBAIT_HOST_CONTROL_01']
  HIT ERR4467735: 2 baits >= 0.7 ['ECBAIT_10_0057_MEMBER_INTERIOR_01', 'ECBAIT_HOST_CONTROL_01']
  HIT ERR4467738: 2 baits >= 0.7 ['ECBAIT_10_0057_MEMBER_INTERIOR_01', 'ECBAIT_HOST_CONTROL_01']
  HIT ERR4467739: 2 baits >= 0.7 ['ECBAIT_10_0057_MEMBER_INTERIOR_01', 'ECBAIT_HOST_CONTROL_01']
  HIT ERR4467741: 1 baits >= 0.7 ['ECBAIT_HOST_CONTROL_01']
  HIT ERR4467743: 2 baits >= 0.7 ['ECBAIT_10_0057_MEMBER_INTERIOR_01', 'ECBAIT_HOST_CONTROL_01']
  HIT ERR4467747: 1 baits >= 0.7 ['ECBAIT_0_0000_MEMBER_INTERIOR_01']
  3500/12000 processed (3260 screened, 2775 hit-accessions) 1054s budget=5.4GB
  HIT ERR474066: 4 baits >= 0.7 ['ECBAIT_10_0002_JUNCTION_01', 'ECBAIT_10_0002_JUNCTION_02', 'ECBAIT_10_0002_MEMBER_INTERIOR_01', 'ECBAIT_10_0057_MEMBER_INTERIOR_01']
  HIT ERR474051: 4 baits >= 0.7 ['ECBAIT_10_0002_JUNCTION_01', 'ECBAIT_10_0002_JUNCTION_02', 'ECBAIT_10_0002_MEMBER_INTERIOR_01', 'ECBAIT_10_0057_MEMBER_INTERIOR_01']
  HIT ERR474076: 4 baits >= 0.7 ['ECBAIT_10_0002_JUNCTION_01', 'ECBAIT_10_0002_JUNCTION_02', 'ECBAIT_10_0002_MEMBER_INTERIOR_01', 'ECBAIT_10_0057_MEMBER_INTERIOR_01']
  HIT ERR474080: 4 baits >= 0.7 ['ECBAIT_10_0002_JUNCTION_01', 'ECBAIT_10_0002_JUNCTION_02', 'ECBAIT_10_0002_MEMBER_INTERIOR_01', 'ECBAIT_10_0057_MEMBER_INTERIOR_01']
  HIT ERR474096: 3 baits >= 0.7 ['ECBAIT_0_0000_JUNCTION_02', 'ECBAIT_10_0151_JUNCTION_03', 'ECBAIT_10_0172_MEMBER_INTERIOR_01']
  HIT ERR474098: 1 baits >= 0.7 ['ECBAIT_10_0002_MEMBER_INTERIOR_01']
  HIT ERR474099: 4 baits >= 0.7 ['ECBAIT_10_0002_JUNCTION_01', 'ECBAIT_10_0002_JUNCTION_02', 'ECBAIT_10_0002_MEMBER_INTERIOR_01', 'ECBAIT_10_0057_MEMBER_INTERIOR_01']
  HIT ERR474114: 4 baits >= 0.7 ['ECBAIT_10_0002_JUNCTION_01', 'ECBAIT_10_0002_JUNCTION_02', 'ECBAIT_10_0002_MEMBER_INTERIOR_01', 'ECBAIT_10_0057_MEMBER_INTERIOR_01']
  HIT ERR474120: 2 baits >= 0.7 ['ECBAIT_10_0002_MEMBER_INTERIOR_01', 'ECBAIT_10_0057_MEMBER_INTERIOR_01']
  HIT ERR474133: 2 baits >= 0.7 ['ECBAIT_10_0002_MEMBER_INTERIOR_01', 'ECBAIT_10_0057_MEMBER_INTERIOR_01']
  HIT ERR474128: 2 baits >= 0.7 ['ECBAIT_10_0002_MEMBER_INTERIOR_01', 'ECBAIT_10_0057_MEMBER_INTERIOR_01']
  HIT ERR474151: 2 baits >= 0.7 ['ECBAIT_10_0002_MEMBER_INTERIOR_01', 'ECBAIT_10_0057_MEMBER_INTERIOR_01']
  HIT ERR474145: 6 baits >= 0.7 ['ECBAIT_10_0002_JUNCTION_01', 'ECBAIT_10_0002_JUNCTION_02', 'ECBAIT_10_0057_INTERIOR_MODULE_01', 'ECBAIT_10_0057_JUNCTION_03']
  HIT ERR474158: 4 baits >= 0.7 ['ECBAIT_10_0002_JUNCTION_01', 'ECBAIT_10_0002_JUNCTION_02', 'ECBAIT_10_0002_MEMBER_INTERIOR_01', 'ECBAIT_10_0057_MEMBER_INTERIOR_01']
  HIT ERR474163: 2 baits >= 0.7 ['ECBAIT_0_0046_MEMBER_INTERIOR_01', 'ECBAIT_HOST_CONTROL_02']
  HIT ERR474167: 2 baits >= 0.7 ['ECBAIT_10_0002_MEMBER_INTERIOR_01', 'ECBAIT_10_0057_MEMBER_INTERIOR_01']
  HIT ERR474169: 4 baits >= 0.7 ['ECBAIT_10_0002_JUNCTION_01', 'ECBAIT_10_0002_JUNCTION_02', 'ECBAIT_10_0002_MEMBER_INTERIOR_01', 'ECBAIT_10_0057_MEMBER_INTERIOR_01']
  HIT ERR474180: 2 baits >= 0.7 ['ECBAIT_10_0057_MEMBER_INTERIOR_01', 'ECBAIT_10_0172_MEMBER_INTERIOR_01']
  HIT ERR474192: 1 baits >= 0.7 ['ECBAIT_10_0057_MEMBER_INTERIOR_01']
  HIT ERR474209: 4 baits >= 0.7 ['ECBAIT_10_0002_JUNCTION_01', 'ECBAIT_10_0002_JUNCTION_02', 'ECBAIT_10_0002_MEMBER_INTERIOR_01', 'ECBAIT_10_0057_MEMBER_INTERIOR_01']
  HIT ERR474196: 3 baits >= 0.7 ['ECBAIT_0_0000_JUNCTION_02', 'ECBAIT_10_0057_MEMBER_INTERIOR_01', 'ECBAIT_10_0151_JUNCTION_03']
  HIT ERR474218: 2 baits >= 0.7 ['ECBAIT_10_0002_MEMBER_INTERIOR_01', 'ECBAIT_10_0057_MEMBER_INTERIOR_01']
  HIT ERR474239: 2 baits >= 0.7 ['ECBAIT_10_0002_MEMBER_INTERIOR_01', 'ECBAIT_10_0057_MEMBER_INTERIOR_01']
  HIT ERR474233: 2 baits >= 0.7 ['ECBAIT_10_0057_MEMBER_INTERIOR_01', 'ECBAIT_HOST_CONTROL_02']
  HIT ERR474255: 2 baits >= 0.7 ['ECBAIT_10_0002_MEMBER_INTERIOR_01', 'ECBAIT_10_0057_MEMBER_INTERIOR_01']
  HIT ERR474265: 3 baits >= 0.7 ['ECBAIT_0_0000_JUNCTION_02', 'ECBAIT_0_0000_MEMBER_INTERIOR_01', 'ECBAIT_10_0057_MEMBER_INTERIOR_01']
  HIT ERR474268: 4 baits >= 0.7 ['ECBAIT_10_0002_JUNCTION_01', 'ECBAIT_10_0002_JUNCTION_02', 'ECBAIT_10_0002_MEMBER_INTERIOR_01', 'ECBAIT_10_0057_MEMBER_INTERIOR_01']
  HIT ERR474275: 3 baits >= 0.7 ['ECBAIT_10_0002_JUNCTION_01', 'ECBAIT_10_0002_MEMBER_INTERIOR_01', 'ECBAIT_10_0057_MEMBER_INTERIOR_01']
  HIT ERR4777405: 1 baits >= 0.7 ['ECBAIT_10_0057_MEMBER_INTERIOR_01']
  HIT ERR4777418: 1 baits >= 0.7 ['ECBAIT_10_0057_MEMBER_INTERIOR_01']
  HIT ERR4843234: 2 baits >= 0.7 ['ECBAIT_10_0057_MEMBER_INTERIOR_01', 'ECBAIT_HOST_CONTROL_02']
  HIT ERR4843243: 1 baits >= 0.7 ['ECBAIT_HOST_CONTROL_01']
  HIT ERR4843242: 2 baits >= 0.7 ['ECBAIT_10_0002_MEMBER_INTERIOR_01', 'ECBAIT_10_0057_MEMBER_INTERIOR_01']
  HIT ERR4843249: 1 baits >= 0.7 ['ECBAIT_10_0057_MEMBER_INTERIOR_01']
  HIT ERR4843274: 1 baits >= 0.7 ['ECBAIT_HOST_CONTROL_01']
  HIT ERR4843285: 3 baits >= 0.7 ['ECBAIT_0_0000_JUNCTION_02', 'ECBAIT_10_0057_MEMBER_INTERIOR_01', 'ECBAIT_HOST_CONTROL_01']
  HIT ERR4843292: 2 baits >= 0.7 ['ECBAIT_10_0057_MEMBER_INTERIOR_01', 'ECBAIT_HOST_CONTROL_01']
  HIT ERR4843305: 1 baits >= 0.7 ['ECBAIT_HOST_CONTROL_01']
  HIT ERR4843315: 2 baits >= 0.7 ['ECBAIT_1_0004_JUNCTION_01', 'ECBAIT_HOST_CONTROL_01']
  HIT ERR4843360: 1 baits >= 0.7 ['ECBAIT_HOST_CONTROL_01']
  HIT ERR4843381: 1 baits >= 0.7 ['ECBAIT_HOST_CONTROL_01']
  HIT ERR4843424: 1 baits >= 0.7 ['ECBAIT_10_0057_MEMBER_INTERIOR_01']
  HIT ERR4843395: 3 baits >= 0.7 ['ECBAIT_0_0054_MEMBER_INTERIOR_01', 'ECBAIT_1_0004_JUNCTION_01', 'ECBAIT_HOST_CONTROL_02']
  HIT ERR4843411: 1 baits >= 0.7 ['ECBAIT_HOST_CONTROL_01']
  HIT ERR4843431: 5 baits >= 0.7 ['ECBAIT_10_0044_MEMBER_INTERIOR_01', 'ECBAIT_10_0172_JUNCTION_02', 'ECBAIT_10_0172_JUNCTION_03', 'ECBAIT_10_0178_MEMBER_INTERIOR_01']
  HIT ERR4843463: 1 baits >= 0.7 ['ECBAIT_0_0052_JUNCTION_03']
  3550/12000 processed (3310 screened, 2821 hit-accessions) 1070s budget=5.5GB
  HIT ERR4843458: 2 baits >= 0.7 ['ECBAIT_10_0057_MEMBER_INTERIOR_01', 'ECBAIT_1_0032_MEMBER_INTERIOR_01']
  HIT ERR4843466: 2 baits >= 0.7 ['ECBAIT_0_0014_JUNCTION_01', 'ECBAIT_0_0052_JUNCTION_03']
  HIT ERR4843471: 2 baits >= 0.7 ['ECBAIT_10_0057_MEMBER_INTERIOR_01', 'ECBAIT_HOST_CONTROL_01']
  HIT ERR4843473: 5 baits >= 0.7 ['ECBAIT_0_0059_JUNCTION_01', 'ECBAIT_0_0059_JUNCTION_02', 'ECBAIT_0_0059_JUNCTION_03', 'ECBAIT_0_0059_MEMBER_INTERIOR_01']
  HIT ERR4843475: 1 baits >= 0.7 ['ECBAIT_10_0057_MEMBER_INTERIOR_01']
  HIT ERR4843510: 6 baits >= 0.7 ['ECBAIT_0_0059_JUNCTION_01', 'ECBAIT_0_0059_JUNCTION_02', 'ECBAIT_0_0059_JUNCTION_03', 'ECBAIT_0_0059_MEMBER_INTERIOR_01']
  HIT ERR4843520: 1 baits >= 0.7 ['ECBAIT_HOST_CONTROL_01']
  HIT ERR4843523: 4 baits >= 0.7 ['ECBAIT_0_0059_JUNCTION_01', 'ECBAIT_0_0059_JUNCTION_02', 'ECBAIT_0_0059_JUNCTION_03', 'ECBAIT_0_0059_MEMBER_INTERIOR_01']
  HIT ERR4843540: 1 baits >= 0.7 ['ECBAIT_HOST_CONTROL_01']
  HIT ERR4843588: 2 baits >= 0.7 ['ECBAIT_10_0057_MEMBER_INTERIOR_01', 'ECBAIT_HOST_CONTROL_01']
  HIT ERR4843567: 1 baits >= 0.7 ['ECBAIT_HOST_CONTROL_01']
  HIT ERR4843600: 2 baits >= 0.7 ['ECBAIT_10_0057_MEMBER_INTERIOR_01', 'ECBAIT_HOST_CONTROL_01']
  HIT ERR4843612: 2 baits >= 0.7 ['ECBAIT_10_0057_MEMBER_INTERIOR_01', 'ECBAIT_HOST_CONTROL_01']
  HIT ERR4843615: 1 baits >= 0.7 ['ECBAIT_10_0002_MEMBER_INTERIOR_01']
  HIT ERR4843622: 3 baits >= 0.7 ['ECBAIT_10_0057_MEMBER_INTERIOR_01', 'ECBAIT_1_0004_JUNCTION_01', 'ECBAIT_HOST_CONTROL_01']
  HIT ERR4843630: 2 baits >= 0.7 ['ECBAIT_10_0057_MEMBER_INTERIOR_01', 'ECBAIT_HOST_CONTROL_01']
  HIT ERR4843632: 1 baits >= 0.7 ['ECBAIT_HOST_CONTROL_01']
  HIT ERR4843672: 1 baits >= 0.7 ['ECBAIT_10_0057_MEMBER_INTERIOR_01']
  HIT ERR4843676: 2 baits >= 0.7 ['ECBAIT_10_0057_MEMBER_INTERIOR_01', 'ECBAIT_1_0004_JUNCTION_01']
  HIT ERR4843680: 1 baits >= 0.7 ['ECBAIT_HOST_CONTROL_01']
  HIT ERR4843679: 1 baits >= 0.7 ['ECBAIT_HOST_CONTROL_01']
  HIT ERR4843684: 1 baits >= 0.7 ['ECBAIT_10_0057_MEMBER_INTERIOR_01']
  HIT ERR4843699: 2 baits >= 0.7 ['ECBAIT_10_0057_MEMBER_INTERIOR_01', 'ECBAIT_HOST_CONTROL_01']
  HIT ERR4843712: 2 baits >= 0.7 ['ECBAIT_0_0046_MEMBER_INTERIOR_01', 'ECBAIT_10_0057_MEMBER_INTERIOR_01']
  HIT ERR4843715: 1 baits >= 0.7 ['ECBAIT_10_0057_MEMBER_INTERIOR_01']
  HIT ERR4843725: 1 baits >= 0.7 ['ECBAIT_HOST_CONTROL_01']
  HIT ERR4843779: 2 baits >= 0.7 ['ECBAIT_10_0057_MEMBER_INTERIOR_01', 'ECBAIT_HOST_CONTROL_01']
  HIT ERR4843783: 1 baits >= 0.7 ['ECBAIT_HOST_CONTROL_01']
  HIT ERR4843791: 1 baits >= 0.7 ['ECBAIT_HOST_CONTROL_01']
  HIT ERR4843797: 1 baits >= 0.7 ['ECBAIT_HOST_CONTROL_01']
  HIT ERR4843805: 7 baits >= 0.7 ['ECBAIT_0_0059_JUNCTION_01', 'ECBAIT_0_0059_JUNCTION_02', 'ECBAIT_0_0059_JUNCTION_03', 'ECBAIT_0_0059_MEMBER_INTERIOR_01']
  HIT ERR4843814: 1 baits >= 0.7 ['ECBAIT_HOST_CONTROL_01']
  HIT ERR4843817: 1 baits >= 0.7 ['ECBAIT_HOST_CONTROL_01']
  HIT ERR4843821: 4 baits >= 0.7 ['ECBAIT_0_0059_JUNCTION_01', 'ECBAIT_0_0059_JUNCTION_02', 'ECBAIT_10_0057_MEMBER_INTERIOR_01', 'ECBAIT_1_0004_JUNCTION_01']
  HIT ERR486696: 4 baits >= 0.7 ['ECBAIT_10_0002_JUNCTION_01', 'ECBAIT_10_0002_JUNCTION_02', 'ECBAIT_10_0002_MEMBER_INTERIOR_01', 'ECBAIT_10_0057_MEMBER_INTERIOR_01']
  HIT ERR486703: 2 baits >= 0.7 ['ECBAIT_10_0057_MEMBER_INTERIOR_01', 'ECBAIT_10_0172_MEMBER_INTERIOR_01']
  HIT ERR486712: 2 baits >= 0.7 ['ECBAIT_10_0002_MEMBER_INTERIOR_01', 'ECBAIT_10_0057_MEMBER_INTERIOR_01']
  HIT ERR486710: 7 baits >= 0.7 ['ECBAIT_0_0091_INTERIOR_MODULE_01', 'ECBAIT_0_0091_JUNCTION_02', 'ECBAIT_0_0091_JUNCTION_03', 'ECBAIT_0_0091_MEMBER_INTERIOR_01']
  HIT ERR486718: 2 baits >= 0.7 ['ECBAIT_10_0002_MEMBER_INTERIOR_01', 'ECBAIT_10_0057_MEMBER_INTERIOR_01']
  HIT ERR501405: 2 baits >= 0.7 ['ECBAIT_10_0002_MEMBER_INTERIOR_01', 'ECBAIT_10_0057_MEMBER_INTERIOR_01']
  HIT ERR501407: 4 baits >= 0.7 ['ECBAIT_10_0002_JUNCTION_01', 'ECBAIT_10_0002_JUNCTION_02', 'ECBAIT_10_0002_MEMBER_INTERIOR_01', 'ECBAIT_10_0057_MEMBER_INTERIOR_01']
  HIT ERR501406: 4 baits >= 0.7 ['ECBAIT_10_0002_JUNCTION_01', 'ECBAIT_10_0002_JUNCTION_02', 'ECBAIT_10_0002_MEMBER_INTERIOR_01', 'ECBAIT_10_0057_MEMBER_INTERIOR_01']
  HIT ERR501408: 1 baits >= 0.7 ['ECBAIT_10_0057_MEMBER_INTERIOR_01']
  3600/12000 processed (3360 screened, 2864 hit-accessions) 1086s budget=5.6GB
  HIT ERR5014182: 2 baits >= 0.7 ['ECBAIT_10_0057_MEMBER_INTERIOR_01', 'ECBAIT_HOST_CONTROL_01']
  HIT ERR5014192: 2 baits >= 0.7 ['ECBAIT_10_0057_MEMBER_INTERIOR_01', 'ECBAIT_HOST_CONTROL_01']
  HIT ERR5014207: 2 baits >= 0.7 ['ECBAIT_10_0057_MEMBER_INTERIOR_01', 'ECBAIT_HOST_CONTROL_02']
  HIT ERR5014208: 2 baits >= 0.7 ['ECBAIT_10_0057_MEMBER_INTERIOR_01', 'ECBAIT_HOST_CONTROL_01']
  HIT ERR5014218: 3 baits >= 0.7 ['ECBAIT_0_0046_MEMBER_INTERIOR_01', 'ECBAIT_10_0002_MEMBER_INTERIOR_01', 'ECBAIT_1_0022_JUNCTION_03']
  HIT ERR5014236: 1 baits >= 0.7 ['ECBAIT_HOST_CONTROL_01']
  HIT ERR5014238: 1 baits >= 0.7 ['ECBAIT_HOST_CONTROL_01']
  HIT ERR5014239: 1 baits >= 0.7 ['ECBAIT_HOST_CONTROL_01']
  HIT ERR5014246: 1 baits >= 0.7 ['ECBAIT_HOST_CONTROL_01']
  HIT ERR5014253: 2 baits >= 0.7 ['ECBAIT_10_0057_MEMBER_INTERIOR_01', 'ECBAIT_HOST_CONTROL_01']
  HIT ERR5014258: 1 baits >= 0.7 ['ECBAIT_10_0057_MEMBER_INTERIOR_01']
  HIT ERR5014257: 5 baits >= 0.7 ['ECBAIT_0_0000_JUNCTION_02', 'ECBAIT_0_0052_JUNCTION_01', 'ECBAIT_0_0052_JUNCTION_03', 'ECBAIT_10_0057_MEMBER_INTERIOR_01']
  HIT ERR5014274: 2 baits >= 0.7 ['ECBAIT_1_0004_JUNCTION_01', 'ECBAIT_HOST_CONTROL_01']
  HIT ERR5014279: 2 baits >= 0.7 ['ECBAIT_10_0057_MEMBER_INTERIOR_01', 'ECBAIT_HOST_CONTROL_01']
  HIT ERR5014306: 2 baits >= 0.7 ['ECBAIT_0_0000_MEMBER_INTERIOR_01', 'ECBAIT_10_0057_MEMBER_INTERIOR_01']
  HIT ERR5014325: 2 baits >= 0.7 ['ECBAIT_10_0172_MEMBER_INTERIOR_01', 'ECBAIT_HOST_CONTROL_01']
  HIT ERR5014334: 4 baits >= 0.7 ['ECBAIT_0_0046_JUNCTION_02', 'ECBAIT_0_0046_MEMBER_INTERIOR_01', 'ECBAIT_1_0022_JUNCTION_03', 'ECBAIT_1_0022_MEMBER_INTERIOR_01']
  HIT ERR5014339: 1 baits >= 0.7 ['ECBAIT_HOST_CONTROL_01']
  HIT ERR5014356: 1 baits >= 0.7 ['ECBAIT_0_0000_JUNCTION_02']
  HIT ERR5014366: 1 baits >= 0.7 ['ECBAIT_1_0026_MEMBER_INTERIOR_01']
  HIT ERR5014382: 3 baits >= 0.7 ['ECBAIT_0_0054_MEMBER_INTERIOR_01', 'ECBAIT_10_0172_MEMBER_INTERIOR_01', 'ECBAIT_HOST_CONTROL_01']
  HIT ERR5014390: 2 baits >= 0.7 ['ECBAIT_10_0002_JUNCTION_01', 'ECBAIT_10_0057_MEMBER_INTERIOR_01']
  HIT ERR5014402: 2 baits >= 0.7 ['ECBAIT_0_0000_MEMBER_INTERIOR_01', 'ECBAIT_10_0057_MEMBER_INTERIOR_01']
  HIT ERR5014419: 2 baits >= 0.7 ['ECBAIT_10_0057_MEMBER_INTERIOR_01', 'ECBAIT_HOST_CONTROL_01']
  HIT ERR5014423: 2 baits >= 0.7 ['ECBAIT_1_0004_JUNCTION_01', 'ECBAIT_HOST_CONTROL_01']
  HIT ERR5014428: 2 baits >= 0.7 ['ECBAIT_1_0004_JUNCTION_01', 'ECBAIT_HOST_CONTROL_01']
  HIT ERR5014432: 2 baits >= 0.7 ['ECBAIT_1_0004_JUNCTION_01', 'ECBAIT_HOST_CONTROL_01']
  HIT ERR5014463: 2 baits >= 0.7 ['ECBAIT_10_0057_MEMBER_INTERIOR_01', 'ECBAIT_10_0172_MEMBER_INTERIOR_01']
  HIT ERR5014467: 2 baits >= 0.7 ['ECBAIT_1_0004_JUNCTION_01', 'ECBAIT_HOST_CONTROL_01']
  HIT ERR5014468: 1 baits >= 0.7 ['ECBAIT_10_0172_MEMBER_INTERIOR_01']
  HIT ERR5014473: 1 baits >= 0.7 ['ECBAIT_10_0172_MEMBER_INTERIOR_01']
  HIT ERR5014486: 1 baits >= 0.7 ['ECBAIT_10_0057_MEMBER_INTERIOR_01']
  HIT ERR5014498: 1 baits >= 0.7 ['ECBAIT_0_0000_JUNCTION_02']
  HIT ERR5014509: 2 baits >= 0.7 ['ECBAIT_10_0057_MEMBER_INTERIOR_01', 'ECBAIT_HOST_CONTROL_01']
  HIT ERR5014511: 1 baits >= 0.7 ['ECBAIT_HOST_CONTROL_01']
  HIT ERR5014515: 2 baits >= 0.7 ['ECBAIT_0_0000_MEMBER_INTERIOR_01', 'ECBAIT_10_0057_MEMBER_INTERIOR_01']
  HIT ERR5014529: 3 baits >= 0.7 ['ECBAIT_10_0002_MEMBER_INTERIOR_01', 'ECBAIT_10_0057_MEMBER_INTERIOR_01', 'ECBAIT_HOST_CONTROL_01']
  HIT ERR5014535: 2 baits >= 0.7 ['ECBAIT_10_0057_MEMBER_INTERIOR_01', 'ECBAIT_HOST_CONTROL_02']
  HIT ERR5014546: 1 baits >= 0.7 ['ECBAIT_10_0002_MEMBER_INTERIOR_01']
  HIT ERR5014547: 1 baits >= 0.7 ['ECBAIT_10_0002_MEMBER_INTERIOR_01']
  HIT ERR5014554: 2 baits >= 0.7 ['ECBAIT_10_0057_MEMBER_INTERIOR_01', 'ECBAIT_HOST_CONTROL_01']
  3650/12000 processed (3410 screened, 2905 hit-accessions) 1102s budget=5.6GB
  HIT ERR5014557: 1 baits >= 0.7 ['ECBAIT_HOST_CONTROL_01']
  HIT ERR5014561: 1 baits >= 0.7 ['ECBAIT_10_0057_MEMBER_INTERIOR_01']
  HIT ERR5014565: 1 baits >= 0.7 ['ECBAIT_10_0057_MEMBER_INTERIOR_01']
  HIT ERR5014625: 2 baits >= 0.7 ['ECBAIT_10_0057_MEMBER_INTERIOR_01', 'ECBAIT_1_0004_JUNCTION_01']
  HIT ERR5234130: 1 baits >= 0.7 ['ECBAIT_1_0004_JUNCTION_01']
  HIT ERR5311640: 5 baits >= 0.7 ['ECBAIT_0_0000_JUNCTION_02', 'ECBAIT_0_0000_MEMBER_INTERIOR_01', 'ECBAIT_10_0057_MEMBER_INTERIOR_01', 'ECBAIT_10_0172_MEMBER_INTERIOR_01']
  HIT ERR5465086: 4 baits >= 0.7 ['ECBAIT_10_0002_JUNCTION_01', 'ECBAIT_10_0002_JUNCTION_02', 'ECBAIT_10_0057_MEMBER_INTERIOR_01', 'ECBAIT_HOST_CONTROL_01']
  HIT ERR5762270: 1 baits >= 0.7 ['ECBAIT_HOST_CONTROL_01']
  HIT ERR5762271: 1 baits >= 0.7 ['ECBAIT_HOST_CONTROL_01']
  HIT ERR5762273: 1 baits >= 0.7 ['ECBAIT_HOST_CONTROL_01']
  HIT ERR5762272: 1 baits >= 0.7 ['ECBAIT_HOST_CONTROL_01']
  HIT ERR5762274: 1 baits >= 0.7 ['ECBAIT_HOST_CONTROL_01']
  HIT ERR5883740: 1 baits >= 0.7 ['ECBAIT_HOST_CONTROL_01']
  HIT ERR5883742: 1 baits >= 0.7 ['ECBAIT_HOST_CONTROL_01']
  HIT ERR5883741: 1 baits >= 0.7 ['ECBAIT_HOST_CONTROL_01']
  HIT ERR5883743: 1 baits >= 0.7 ['ECBAIT_HOST_CONTROL_01']
  HIT ERR5883744: 1 baits >= 0.7 ['ECBAIT_HOST_CONTROL_01']
  HIT ERR5883745: 1 baits >= 0.7 ['ECBAIT_HOST_CONTROL_01']
  HIT ERR6786105: 1 baits >= 0.7 ['ECBAIT_HOST_CONTROL_01']
  HIT ERR6786106: 1 baits >= 0.7 ['ECBAIT_HOST_CONTROL_01']
  HIT ERR6786107: 1 baits >= 0.7 ['ECBAIT_HOST_CONTROL_01']
  HIT ERR6876153: 1 baits >= 0.7 ['ECBAIT_10_0057_MEMBER_INTERIOR_01']
  HIT ERR6876154: 1 baits >= 0.7 ['ECBAIT_HOST_CONTROL_02']
  HIT ERR6876155: 2 baits >= 0.7 ['ECBAIT_10_0057_MEMBER_INTERIOR_01', 'ECBAIT_HOST_CONTROL_02']
  HIT ERR6876156: 6 baits >= 0.7 ['ECBAIT_0_0000_JUNCTION_02', 'ECBAIT_0_0000_MEMBER_INTERIOR_01', 'ECBAIT_0_0014_MEMBER_INTERIOR_01', 'ECBAIT_0_0054_MEMBER_INTERIOR_01']
  HIT ERR6876157: 1 baits >= 0.7 ['ECBAIT_10_0057_MEMBER_INTERIOR_01']
  HIT ERR6876158: 4 baits >= 0.7 ['ECBAIT_10_0002_JUNCTION_01', 'ECBAIT_10_0002_MEMBER_INTERIOR_01', 'ECBAIT_10_0057_MEMBER_INTERIOR_01', 'ECBAIT_10_0172_MEMBER_INTERIOR_01']
  HIT ERR6876159: 3 baits >= 0.7 ['ECBAIT_10_0002_MEMBER_INTERIOR_01', 'ECBAIT_10_0057_MEMBER_INTERIOR_01', 'ECBAIT_10_0172_MEMBER_INTERIOR_01']
  HIT ERR6876161: 2 baits >= 0.7 ['ECBAIT_10_0057_MEMBER_INTERIOR_01', 'ECBAIT_10_0172_MEMBER_INTERIOR_01']
  HIT ERR6876160: 4 baits >= 0.7 ['ECBAIT_0_0000_INTERIOR_MODULE_01', 'ECBAIT_0_0000_JUNCTION_02', 'ECBAIT_0_0000_MEMBER_INTERIOR_01', 'ECBAIT_10_0057_MEMBER_INTERIOR_01']
  HIT ERR6876162: 4 baits >= 0.7 ['ECBAIT_10_0002_JUNCTION_01', 'ECBAIT_10_0002_JUNCTION_02', 'ECBAIT_10_0002_MEMBER_INTERIOR_01', 'ECBAIT_10_0057_MEMBER_INTERIOR_01']
  HIT ERR6876163: 1 baits >= 0.7 ['ECBAIT_10_0057_MEMBER_INTERIOR_01']
  HIT ERR6876166: 2 baits >= 0.7 ['ECBAIT_10_0057_MEMBER_INTERIOR_01', 'ECBAIT_HOST_CONTROL_01']
  HIT ERR6876164: 1 baits >= 0.7 ['ECBAIT_10_0057_MEMBER_INTERIOR_01']
  HIT ERR6876165: 3 baits >= 0.7 ['ECBAIT_10_0002_MEMBER_INTERIOR_01', 'ECBAIT_10_0057_MEMBER_INTERIOR_01', 'ECBAIT_10_0172_MEMBER_INTERIOR_01']
  HIT ERR6876167: 2 baits >= 0.7 ['ECBAIT_10_0002_MEMBER_INTERIOR_01', 'ECBAIT_10_0057_MEMBER_INTERIOR_01']
  HIT ERR6876168: 1 baits >= 0.7 ['ECBAIT_10_0057_MEMBER_INTERIOR_01']
  HIT ERR6876170: 1 baits >= 0.7 ['ECBAIT_10_0172_MEMBER_INTERIOR_01']
  HIT ERR6876171: 4 baits >= 0.7 ['ECBAIT_0_0000_JUNCTION_02', 'ECBAIT_0_0000_MEMBER_INTERIOR_01', 'ECBAIT_10_0057_MEMBER_INTERIOR_01', 'ECBAIT_10_0172_MEMBER_INTERIOR_01']
  HIT ERR6876172: 2 baits >= 0.7 ['ECBAIT_10_0002_MEMBER_INTERIOR_01', 'ECBAIT_10_0057_MEMBER_INTERIOR_01']
  HIT ERR6876173: 2 baits >= 0.7 ['ECBAIT_10_0002_MEMBER_INTERIOR_01', 'ECBAIT_10_0057_MEMBER_INTERIOR_01']
  3700/12000 processed (3460 screened, 2946 hit-accessions) 1117s budget=5.7GB
  HIT ERR6876174: 2 baits >= 0.7 ['ECBAIT_10_0002_MEMBER_INTERIOR_01', 'ECBAIT_10_0057_MEMBER_INTERIOR_01']
  HIT ERR6876175: 4 baits >= 0.7 ['ECBAIT_10_0002_JUNCTION_01', 'ECBAIT_10_0002_JUNCTION_02', 'ECBAIT_10_0002_MEMBER_INTERIOR_01', 'ECBAIT_10_0057_MEMBER_INTERIOR_01']
  HIT ERR6876176: 4 baits >= 0.7 ['ECBAIT_10_0002_JUNCTION_01', 'ECBAIT_10_0002_JUNCTION_02', 'ECBAIT_10_0002_MEMBER_INTERIOR_01', 'ECBAIT_10_0057_MEMBER_INTERIOR_01']
  HIT ERR6876178: 1 baits >= 0.7 ['ECBAIT_10_0057_MEMBER_INTERIOR_01']
  HIT ERR6876179: 4 baits >= 0.7 ['ECBAIT_10_0002_JUNCTION_01', 'ECBAIT_10_0002_JUNCTION_02', 'ECBAIT_10_0002_MEMBER_INTERIOR_01', 'ECBAIT_10_0057_MEMBER_INTERIOR_01']
  HIT ERR6876180: 1 baits >= 0.7 ['ECBAIT_10_0057_MEMBER_INTERIOR_01']
  HIT ERR6876182: 2 baits >= 0.7 ['ECBAIT_10_0002_MEMBER_INTERIOR_01', 'ECBAIT_10_0057_MEMBER_INTERIOR_01']
  HIT ERR6876181: 2 baits >= 0.7 ['ECBAIT_10_0002_MEMBER_INTERIOR_01', 'ECBAIT_10_0057_MEMBER_INTERIOR_01']
  HIT ERR7449561: 3 baits >= 0.7 ['ECBAIT_10_0002_JUNCTION_01', 'ECBAIT_10_0002_JUNCTION_02', 'ECBAIT_10_0057_MEMBER_INTERIOR_01']
  HIT ERR7565106: 5 baits >= 0.7 ['ECBAIT_0_0000_JUNCTION_02', 'ECBAIT_0_0000_MEMBER_INTERIOR_01', 'ECBAIT_10_0057_MEMBER_INTERIOR_01', 'ECBAIT_10_0172_MEMBER_INTERIOR_01']
  HIT ERR7565107: 2 baits >= 0.7 ['ECBAIT_10_0057_MEMBER_INTERIOR_01', 'ECBAIT_HOST_CONTROL_01']
  HIT ERR7565116: 1 baits >= 0.7 ['ECBAIT_HOST_CONTROL_01']
  HIT ERR775884: 4 baits >= 0.7 ['ECBAIT_10_0002_JUNCTION_01', 'ECBAIT_10_0002_JUNCTION_02', 'ECBAIT_10_0002_MEMBER_INTERIOR_01', 'ECBAIT_10_0057_MEMBER_INTERIOR_01']
  HIT ERR7565114: 1 baits >= 0.7 ['ECBAIT_HOST_CONTROL_01']
  HIT ERR775905: 4 baits >= 0.7 ['ECBAIT_0_0000_INTERIOR_MODULE_01', 'ECBAIT_0_0000_JUNCTION_02', 'ECBAIT_0_0000_MEMBER_INTERIOR_01', 'ECBAIT_HOST_CONTROL_02']
  HIT ERR775913: 4 baits >= 0.7 ['ECBAIT_10_0002_JUNCTION_01', 'ECBAIT_10_0002_JUNCTION_02', 'ECBAIT_10_0002_MEMBER_INTERIOR_01', 'ECBAIT_10_0057_MEMBER_INTERIOR_01']
  HIT ERR775910: 1 baits >= 0.7 ['ECBAIT_HOST_CONTROL_01']
  HIT ERR775924: 3 baits >= 0.7 ['ECBAIT_10_0002_JUNCTION_02', 'ECBAIT_10_0002_MEMBER_INTERIOR_01', 'ECBAIT_10_0057_MEMBER_INTERIOR_01']
  HIT ERR775928: 4 baits >= 0.7 ['ECBAIT_10_0002_JUNCTION_01', 'ECBAIT_10_0002_JUNCTION_02', 'ECBAIT_10_0002_MEMBER_INTERIOR_01', 'ECBAIT_10_0057_MEMBER_INTERIOR_01']
  HIT ERR775930: 6 baits >= 0.7 ['ECBAIT_0_0054_MEMBER_INTERIOR_01', 'ECBAIT_10_0002_MEMBER_INTERIOR_01', 'ECBAIT_10_0057_MEMBER_INTERIOR_01', 'ECBAIT_10_0172_MEMBER_INTERIOR_01']
  HIT ERR775949: 2 baits >= 0.7 ['ECBAIT_10_0002_MEMBER_INTERIOR_01', 'ECBAIT_10_0057_MEMBER_INTERIOR_01']
  HIT ERR775954: 3 baits >= 0.7 ['ECBAIT_10_0151_JUNCTION_03', 'ECBAIT_10_0172_MEMBER_INTERIOR_01', 'ECBAIT_1_0004_JUNCTION_02']
  HIT ERR775956: 6 baits >= 0.7 ['ECBAIT_0_0000_JUNCTION_02', 'ECBAIT_0_0000_MEMBER_INTERIOR_01', 'ECBAIT_0_0014_JUNCTION_02', 'ECBAIT_10_0057_MEMBER_INTERIOR_01']
  HIT ERR775965: 2 baits >= 0.7 ['ECBAIT_10_0002_MEMBER_INTERIOR_01', 'ECBAIT_10_0057_MEMBER_INTERIOR_01']
  HIT ERR775978: 4 baits >= 0.7 ['ECBAIT_10_0002_JUNCTION_01', 'ECBAIT_10_0002_JUNCTION_02', 'ECBAIT_10_0002_MEMBER_INTERIOR_01', 'ECBAIT_10_0057_MEMBER_INTERIOR_01']
  HIT ERR775984: 4 baits >= 0.7 ['ECBAIT_10_0002_JUNCTION_01', 'ECBAIT_10_0002_JUNCTION_02', 'ECBAIT_10_0002_MEMBER_INTERIOR_01', 'ECBAIT_10_0057_MEMBER_INTERIOR_01']
  HIT ERR775998: 4 baits >= 0.7 ['ECBAIT_10_0002_JUNCTION_01', 'ECBAIT_10_0002_JUNCTION_02', 'ECBAIT_10_0002_MEMBER_INTERIOR_01', 'ECBAIT_10_0057_MEMBER_INTERIOR_01']
  HIT ERR776013: 4 baits >= 0.7 ['ECBAIT_10_0002_JUNCTION_01', 'ECBAIT_10_0002_JUNCTION_02', 'ECBAIT_10_0002_MEMBER_INTERIOR_01', 'ECBAIT_10_0057_MEMBER_INTERIOR_01']
  HIT ERR776020: 4 baits >= 0.7 ['ECBAIT_10_0002_JUNCTION_01', 'ECBAIT_10_0002_JUNCTION_02', 'ECBAIT_10_0002_MEMBER_INTERIOR_01', 'ECBAIT_10_0057_MEMBER_INTERIOR_01']
  HIT ERR776021: 1 baits >= 0.7 ['ECBAIT_HOST_CONTROL_01']
  HIT ERR776023: 4 baits >= 0.7 ['ECBAIT_10_0002_JUNCTION_01', 'ECBAIT_10_0002_JUNCTION_02', 'ECBAIT_10_0002_MEMBER_INTERIOR_01', 'ECBAIT_10_0057_MEMBER_INTERIOR_01']
  HIT ERR776024: 4 baits >= 0.7 ['ECBAIT_10_0002_JUNCTION_01', 'ECBAIT_10_0002_JUNCTION_02', 'ECBAIT_10_0002_MEMBER_INTERIOR_01', 'ECBAIT_10_0057_MEMBER_INTERIOR_01']
  HIT ERR776025: 3 baits >= 0.7 ['ECBAIT_10_0002_JUNCTION_01', 'ECBAIT_10_0002_JUNCTION_02', 'ECBAIT_10_0057_MEMBER_INTERIOR_01']
  HIT ERR776032: 4 baits >= 0.7 ['ECBAIT_0_0000_INTERIOR_MODULE_01', 'ECBAIT_0_0000_JUNCTION_02', 'ECBAIT_0_0000_MEMBER_INTERIOR_01', 'ECBAIT_HOST_CONTROL_02']
  HIT ERR776042: 1 baits >= 0.7 ['ECBAIT_10_0002_MEMBER_INTERIOR_01']
  HIT ERR776060: 4 baits >= 0.7 ['ECBAIT_10_0002_JUNCTION_01', 'ECBAIT_10_0002_JUNCTION_02', 'ECBAIT_10_0002_MEMBER_INTERIOR_01', 'ECBAIT_10_0057_MEMBER_INTERIOR_01']
  HIT ERR776061: 1 baits >= 0.7 ['ECBAIT_HOST_CONTROL_01']
  HIT ERR776064: 1 baits >= 0.7 ['ECBAIT_10_0057_MEMBER_INTERIOR_01']
  HIT ERR776070: 2 baits >= 0.7 ['ECBAIT_10_0002_MEMBER_INTERIOR_01', 'ECBAIT_10_0057_MEMBER_INTERIOR_01']
  HIT ERR776099: 4 baits >= 0.7 ['ECBAIT_10_0002_JUNCTION_01', 'ECBAIT_10_0002_JUNCTION_02', 'ECBAIT_10_0002_MEMBER_INTERIOR_01', 'ECBAIT_10_0057_MEMBER_INTERIOR_01']
  HIT ERR776100: 4 baits >= 0.7 ['ECBAIT_10_0002_JUNCTION_01', 'ECBAIT_10_0002_JUNCTION_02', 'ECBAIT_10_0002_MEMBER_INTERIOR_01', 'ECBAIT_10_0057_MEMBER_INTERIOR_01']
  HIT ERR780255: 6 baits >= 0.7 ['ECBAIT_0_0046_JUNCTION_02', 'ECBAIT_0_0046_MEMBER_INTERIOR_01', 'ECBAIT_10_0002_JUNCTION_01', 'ECBAIT_10_0002_JUNCTION_02']
  HIT ERR780259: 6 baits >= 0.7 ['ECBAIT_0_0046_JUNCTION_02', 'ECBAIT_0_0046_MEMBER_INTERIOR_01', 'ECBAIT_10_0002_JUNCTION_01', 'ECBAIT_10_0002_JUNCTION_02']
  HIT ERR780260: 6 baits >= 0.7 ['ECBAIT_0_0046_JUNCTION_02', 'ECBAIT_0_0046_MEMBER_INTERIOR_01', 'ECBAIT_10_0002_JUNCTION_01', 'ECBAIT_10_0002_JUNCTION_02']
  3750/12000 processed (3508 screened, 2990 hit-accessions) 1133s budget=5.8GB
  HIT ERR780266: 2 baits >= 0.7 ['ECBAIT_10_0002_MEMBER_INTERIOR_01', 'ECBAIT_10_0057_MEMBER_INTERIOR_01']
  HIT ERR780268: 6 baits >= 0.7 ['ECBAIT_0_0046_JUNCTION_02', 'ECBAIT_0_0046_MEMBER_INTERIOR_01', 'ECBAIT_10_0002_JUNCTION_01', 'ECBAIT_10_0002_JUNCTION_02']
  HIT ERR780272: 4 baits >= 0.7 ['ECBAIT_10_0002_JUNCTION_01', 'ECBAIT_10_0002_JUNCTION_02', 'ECBAIT_10_0002_MEMBER_INTERIOR_01', 'ECBAIT_10_0057_MEMBER_INTERIOR_01']
  HIT ERR830492: 4 baits >= 0.7 ['ECBAIT_10_0002_JUNCTION_01', 'ECBAIT_10_0002_JUNCTION_02', 'ECBAIT_10_0002_MEMBER_INTERIOR_01', 'ECBAIT_10_0057_MEMBER_INTERIOR_01']
  HIT ERR830494: 4 baits >= 0.7 ['ECBAIT_10_0002_JUNCTION_01', 'ECBAIT_10_0002_JUNCTION_02', 'ECBAIT_10_0002_MEMBER_INTERIOR_01', 'ECBAIT_10_0057_MEMBER_INTERIOR_01']
  HIT ERR830515: 4 baits >= 0.7 ['ECBAIT_10_0002_JUNCTION_01', 'ECBAIT_10_0002_JUNCTION_02', 'ECBAIT_10_0002_MEMBER_INTERIOR_01', 'ECBAIT_10_0057_MEMBER_INTERIOR_01']
  HIT ERR830516: 4 baits >= 0.7 ['ECBAIT_10_0002_JUNCTION_01', 'ECBAIT_10_0002_JUNCTION_02', 'ECBAIT_10_0002_MEMBER_INTERIOR_01', 'ECBAIT_10_0057_MEMBER_INTERIOR_01']
  HIT ERR830520: 3 baits >= 0.7 ['ECBAIT_10_0002_JUNCTION_01', 'ECBAIT_10_0002_JUNCTION_02', 'ECBAIT_10_0057_MEMBER_INTERIOR_01']
  HIT ERR830541: 4 baits >= 0.7 ['ECBAIT_10_0002_JUNCTION_01', 'ECBAIT_10_0002_JUNCTION_02', 'ECBAIT_10_0002_MEMBER_INTERIOR_01', 'ECBAIT_10_0057_MEMBER_INTERIOR_01']
  HIT ERR830545: 4 baits >= 0.7 ['ECBAIT_10_0002_JUNCTION_01', 'ECBAIT_10_0002_JUNCTION_02', 'ECBAIT_10_0002_MEMBER_INTERIOR_01', 'ECBAIT_10_0057_MEMBER_INTERIOR_01']
  HIT ERR830550: 4 baits >= 0.7 ['ECBAIT_10_0002_JUNCTION_01', 'ECBAIT_10_0002_JUNCTION_02', 'ECBAIT_10_0002_MEMBER_INTERIOR_01', 'ECBAIT_10_0057_MEMBER_INTERIOR_01']
  HIT ERR830549: 4 baits >= 0.7 ['ECBAIT_10_0002_JUNCTION_01', 'ECBAIT_10_0002_JUNCTION_02', 'ECBAIT_10_0002_MEMBER_INTERIOR_01', 'ECBAIT_10_0057_MEMBER_INTERIOR_01']
  HIT ERR830564: 4 baits >= 0.7 ['ECBAIT_10_0002_JUNCTION_01', 'ECBAIT_10_0002_JUNCTION_02', 'ECBAIT_10_0002_MEMBER_INTERIOR_01', 'ECBAIT_10_0057_MEMBER_INTERIOR_01']
  HIT ERR830597: 4 baits >= 0.7 ['ECBAIT_10_0002_JUNCTION_01', 'ECBAIT_10_0002_JUNCTION_02', 'ECBAIT_10_0002_MEMBER_INTERIOR_01', 'ECBAIT_10_0057_MEMBER_INTERIOR_01']
  HIT ERR830614: 6 baits >= 0.7 ['ECBAIT_0_0046_JUNCTION_02', 'ECBAIT_0_0046_MEMBER_INTERIOR_01', 'ECBAIT_10_0002_JUNCTION_01', 'ECBAIT_10_0002_JUNCTION_02']
  HIT ERR830600: 4 baits >= 0.7 ['ECBAIT_10_0002_JUNCTION_01', 'ECBAIT_10_0002_JUNCTION_02', 'ECBAIT_10_0002_MEMBER_INTERIOR_01', 'ECBAIT_10_0057_MEMBER_INTERIOR_01']
  HIT ERR830620: 4 baits >= 0.7 ['ECBAIT_10_0002_JUNCTION_01', 'ECBAIT_10_0002_JUNCTION_02', 'ECBAIT_10_0002_MEMBER_INTERIOR_01', 'ECBAIT_10_0057_MEMBER_INTERIOR_01']
  HIT ERR830621: 4 baits >= 0.7 ['ECBAIT_10_0002_JUNCTION_01', 'ECBAIT_10_0002_JUNCTION_02', 'ECBAIT_10_0002_MEMBER_INTERIOR_01', 'ECBAIT_10_0057_MEMBER_INTERIOR_01']
  HIT ERR830630: 4 baits >= 0.7 ['ECBAIT_10_0002_JUNCTION_01', 'ECBAIT_10_0002_JUNCTION_02', 'ECBAIT_10_0002_MEMBER_INTERIOR_01', 'ECBAIT_10_0057_MEMBER_INTERIOR_01']
  HIT ERR830631: 2 baits >= 0.7 ['ECBAIT_10_0002_JUNCTION_01', 'ECBAIT_10_0151_MEMBER_INTERIOR_01']
  HIT ERR830637: 3 baits >= 0.7 ['ECBAIT_10_0002_JUNCTION_01', 'ECBAIT_10_0002_MEMBER_INTERIOR_01', 'ECBAIT_10_0057_MEMBER_INTERIOR_01']
  HIT ERR8573643: 6 baits >= 0.7 ['ECBAIT_0_0000_JUNCTION_02', 'ECBAIT_0_0000_MEMBER_INTERIOR_01', 'ECBAIT_0_0054_MEMBER_INTERIOR_01', 'ECBAIT_10_0057_MEMBER_INTERIOR_01']
  HIT ERR8573653: 4 baits >= 0.7 ['ECBAIT_0_0000_JUNCTION_02', 'ECBAIT_0_0000_MEMBER_INTERIOR_01', 'ECBAIT_10_0057_MEMBER_INTERIOR_01', 'ECBAIT_HOST_CONTROL_02']
  HIT ERR8573664: 3 baits >= 0.7 ['ECBAIT_0_0052_JUNCTION_03', 'ECBAIT_10_0057_MEMBER_INTERIOR_01', 'ECBAIT_HOST_CONTROL_02']
  HIT ERR8574030: 1 baits >= 0.7 ['ECBAIT_10_0057_MEMBER_INTERIOR_01']
  HIT ERR8574064: 2 baits >= 0.7 ['ECBAIT_10_0057_MEMBER_INTERIOR_01', 'ECBAIT_HOST_CONTROL_02']
  HIT ERR8574263: 1 baits >= 0.7 ['ECBAIT_HOST_CONTROL_01']
  HIT ERR8574589: 4 baits >= 0.7 ['ECBAIT_0_0052_JUNCTION_03', 'ECBAIT_0_0054_MEMBER_INTERIOR_01', 'ECBAIT_10_0002_MEMBER_INTERIOR_01', 'ECBAIT_10_0057_MEMBER_INTERIOR_01']
  HIT ERR8574703: 1 baits >= 0.7 ['ECBAIT_HOST_CONTROL_01']
  HIT ERR8574740: 5 baits >= 0.7 ['ECBAIT_0_0046_JUNCTION_02', 'ECBAIT_0_0046_MEMBER_INTERIOR_01', 'ECBAIT_10_0057_MEMBER_INTERIOR_01', 'ECBAIT_1_0022_JUNCTION_03']
  HIT ERR8574755: 2 baits >= 0.7 ['ECBAIT_0_0000_MEMBER_INTERIOR_01', 'ECBAIT_10_0057_MEMBER_INTERIOR_01']
  HIT ERR8650589: 2 baits >= 0.7 ['ECBAIT_10_0057_MEMBER_INTERIOR_01', 'ECBAIT_HOST_CONTROL_01']
  HIT ERR8650651: 4 baits >= 0.7 ['ECBAIT_10_0002_JUNCTION_01', 'ECBAIT_10_0002_JUNCTION_02', 'ECBAIT_10_0002_MEMBER_INTERIOR_01', 'ECBAIT_10_0057_MEMBER_INTERIOR_01']
  HIT ERR8650675: 3 baits >= 0.7 ['ECBAIT_10_0002_MEMBER_INTERIOR_01', 'ECBAIT_10_0057_MEMBER_INTERIOR_01', 'ECBAIT_10_0172_MEMBER_INTERIOR_01']
  HIT ERR8650692: 2 baits >= 0.7 ['ECBAIT_10_0002_MEMBER_INTERIOR_01', 'ECBAIT_10_0057_MEMBER_INTERIOR_01']
  HIT ERR8650728: 3 baits >= 0.7 ['ECBAIT_10_0002_JUNCTION_01', 'ECBAIT_10_0002_JUNCTION_02', 'ECBAIT_HOST_CONTROL_01']
  HIT ERR8650756: 4 baits >= 0.7 ['ECBAIT_10_0002_JUNCTION_01', 'ECBAIT_10_0002_JUNCTION_02', 'ECBAIT_10_0002_MEMBER_INTERIOR_01', 'ECBAIT_10_0057_MEMBER_INTERIOR_01']
  HIT ERR8650784: 2 baits >= 0.7 ['ECBAIT_10_0057_MEMBER_INTERIOR_01', 'ECBAIT_HOST_CONTROL_01']
  HIT ERR8650847: 2 baits >= 0.7 ['ECBAIT_10_0002_MEMBER_INTERIOR_01', 'ECBAIT_10_0057_MEMBER_INTERIOR_01']
  HIT ERR8650859: 3 baits >= 0.7 ['ECBAIT_10_0151_JUNCTION_03', 'ECBAIT_10_0172_MEMBER_INTERIOR_01', 'ECBAIT_1_0004_JUNCTION_02']
  HIT ERR8650852: 2 baits >= 0.7 ['ECBAIT_10_0057_MEMBER_INTERIOR_01', 'ECBAIT_10_0172_MEMBER_INTERIOR_01']
  HIT ERR8650876: 2 baits >= 0.7 ['ECBAIT_10_0002_MEMBER_INTERIOR_01', 'ECBAIT_10_0057_MEMBER_INTERIOR_01']
  HIT ERR8650877: 3 baits >= 0.7 ['ECBAIT_10_0002_MEMBER_INTERIOR_01', 'ECBAIT_10_0057_MEMBER_INTERIOR_01', 'ECBAIT_10_0172_MEMBER_INTERIOR_01']
  HIT ERR8650904: 2 baits >= 0.7 ['ECBAIT_10_0057_MEMBER_INTERIOR_01', 'ECBAIT_1_0004_MEMBER_INTERIOR_01']
  HIT ERR8651001: 1 baits >= 0.7 ['ECBAIT_HOST_CONTROL_01']
  HIT ERR8651059: 1 baits >= 0.7 ['ECBAIT_HOST_CONTROL_01']
  3800/12000 processed (3558 screened, 3036 hit-accessions) 1149s budget=5.9GB
  HIT ERR8651065: 3 baits >= 0.7 ['ECBAIT_0_0046_MEMBER_INTERIOR_01', 'ECBAIT_10_0057_MEMBER_INTERIOR_01', 'ECBAIT_1_0022_JUNCTION_03']
  HIT ERR8651104: 2 baits >= 0.7 ['ECBAIT_10_0057_MEMBER_INTERIOR_01', 'ECBAIT_HOST_CONTROL_01']
  HIT ERR8651123: 3 baits >= 0.7 ['ECBAIT_10_0002_MEMBER_INTERIOR_01', 'ECBAIT_10_0057_MEMBER_INTERIOR_01', 'ECBAIT_10_0172_MEMBER_INTERIOR_01']
  HIT ERR8651137: 1 baits >= 0.7 ['ECBAIT_10_0057_MEMBER_INTERIOR_01']
  HIT ERR8651149: 2 baits >= 0.7 ['ECBAIT_10_0057_MEMBER_INTERIOR_01', 'ECBAIT_HOST_CONTROL_02']
  HIT ERR8651150: 2 baits >= 0.7 ['ECBAIT_10_0057_MEMBER_INTERIOR_01', 'ECBAIT_HOST_CONTROL_02']
  HIT ERR8651158: 2 baits >= 0.7 ['ECBAIT_10_0057_MEMBER_INTERIOR_01', 'ECBAIT_HOST_CONTROL_01']
  HIT ERR8651176: 4 baits >= 0.7 ['ECBAIT_0_0000_INTERIOR_MODULE_01', 'ECBAIT_0_0000_JUNCTION_02', 'ECBAIT_0_0000_MEMBER_INTERIOR_01', 'ECBAIT_10_0057_MEMBER_INTERIOR_01']
  HIT ERR8651192: 2 baits >= 0.7 ['ECBAIT_10_0057_MEMBER_INTERIOR_01', 'ECBAIT_HOST_CONTROL_02']
  HIT ERR8651236: 1 baits >= 0.7 ['ECBAIT_10_0057_MEMBER_INTERIOR_01']
  HIT ERR8651259: 2 baits >= 0.7 ['ECBAIT_10_0002_JUNCTION_01', 'ECBAIT_HOST_CONTROL_01']
  HIT ERR8651273: 3 baits >= 0.7 ['ECBAIT_10_0002_JUNCTION_01', 'ECBAIT_10_0002_JUNCTION_02', 'ECBAIT_HOST_CONTROL_01']
  HIT ERR8651281: 5 baits >= 0.7 ['ECBAIT_0_0000_INTERIOR_MODULE_01', 'ECBAIT_0_0000_JUNCTION_02', 'ECBAIT_0_0000_MEMBER_INTERIOR_01', 'ECBAIT_10_0057_MEMBER_INTERIOR_01']
  HIT ERR8651319: 3 baits >= 0.7 ['ECBAIT_10_0002_JUNCTION_01', 'ECBAIT_10_0057_MEMBER_INTERIOR_01', 'ECBAIT_HOST_CONTROL_01']
  HIT ERR8651322: 2 baits >= 0.7 ['ECBAIT_0_0052_JUNCTION_03', 'ECBAIT_10_0057_MEMBER_INTERIOR_01']
  HIT ERR8651348: 2 baits >= 0.7 ['ECBAIT_10_0057_MEMBER_INTERIOR_01', 'ECBAIT_HOST_CONTROL_01']
  HIT ERR8651362: 2 baits >= 0.7 ['ECBAIT_10_0002_JUNCTION_01', 'ECBAIT_HOST_CONTROL_01']
  HIT ERR8651448: 2 baits >= 0.7 ['ECBAIT_10_0057_MEMBER_INTERIOR_01', 'ECBAIT_HOST_CONTROL_01']
  HIT ERR8651447: 4 baits >= 0.7 ['ECBAIT_10_0002_JUNCTION_01', 'ECBAIT_10_0002_JUNCTION_02', 'ECBAIT_10_0057_MEMBER_INTERIOR_01', 'ECBAIT_HOST_CONTROL_01']
  HIT ERR8651450: 1 baits >= 0.7 ['ECBAIT_HOST_CONTROL_01']
  HIT ERR8651481: 1 baits >= 0.7 ['ECBAIT_HOST_CONTROL_01']
  HIT ERR8651552: 1 baits >= 0.7 ['ECBAIT_10_0057_MEMBER_INTERIOR_01']
  HIT ERR8651525: 2 baits >= 0.7 ['ECBAIT_10_0057_MEMBER_INTERIOR_01', 'ECBAIT_10_0172_MEMBER_INTERIOR_01']
  HIT ERR8651556: 4 baits >= 0.7 ['ECBAIT_10_0002_JUNCTION_01', 'ECBAIT_10_0002_JUNCTION_02', 'ECBAIT_10_0002_MEMBER_INTERIOR_01', 'ECBAIT_10_0057_MEMBER_INTERIOR_01']
  HIT ERR8651563: 2 baits >= 0.7 ['ECBAIT_10_0002_MEMBER_INTERIOR_01', 'ECBAIT_10_0057_MEMBER_INTERIOR_01']
  HIT ERR8651656: 3 baits >= 0.7 ['ECBAIT_10_0002_MEMBER_INTERIOR_01', 'ECBAIT_10_0057_MEMBER_INTERIOR_01', 'ECBAIT_10_0172_MEMBER_INTERIOR_01']
  HIT ERR8651676: 2 baits >= 0.7 ['ECBAIT_10_0057_MEMBER_INTERIOR_01', 'ECBAIT_10_0172_MEMBER_INTERIOR_01']
  HIT ERR8651688: 4 baits >= 0.7 ['ECBAIT_10_0002_JUNCTION_01', 'ECBAIT_10_0002_JUNCTION_02', 'ECBAIT_10_0002_MEMBER_INTERIOR_01', 'ECBAIT_10_0057_MEMBER_INTERIOR_01']
  HIT ERR8651711: 1 baits >= 0.7 ['ECBAIT_10_0057_MEMBER_INTERIOR_01']
  HIT ERR8651720: 2 baits >= 0.7 ['ECBAIT_10_0057_MEMBER_INTERIOR_01', 'ECBAIT_HOST_CONTROL_01']
  HIT ERR8651857: 1 baits >= 0.7 ['ECBAIT_10_0057_MEMBER_INTERIOR_01']
  HIT ERR8651894: 4 baits >= 0.7 ['ECBAIT_10_0002_JUNCTION_01', 'ECBAIT_10_0002_JUNCTION_02', 'ECBAIT_10_0057_MEMBER_INTERIOR_01', 'ECBAIT_HOST_CONTROL_01']
  HIT ERR8651940: 1 baits >= 0.7 ['ECBAIT_HOST_CONTROL_01']
  HIT ERR8651944: 2 baits >= 0.7 ['ECBAIT_10_0057_MEMBER_INTERIOR_01', 'ECBAIT_HOST_CONTROL_01']
  HIT ERR8651958: 1 baits >= 0.7 ['ECBAIT_HOST_CONTROL_01']
  HIT ERR8651959: 1 baits >= 0.7 ['ECBAIT_HOST_CONTROL_01']
  HIT ERR8651993: 8 baits >= 0.7 ['ECBAIT_0_0000_JUNCTION_02', 'ECBAIT_0_0052_JUNCTION_03', 'ECBAIT_10_0002_JUNCTION_01', 'ECBAIT_10_0002_JUNCTION_02']
  HIT ERR8683555: 2 baits >= 0.7 ['ECBAIT_10_0002_MEMBER_INTERIOR_01', 'ECBAIT_10_0057_MEMBER_INTERIOR_01']
  HIT ERR8683581: 2 baits >= 0.7 ['ECBAIT_10_0002_MEMBER_INTERIOR_01', 'ECBAIT_10_0057_MEMBER_INTERIOR_01']
  HIT ERR8683584: 2 baits >= 0.7 ['ECBAIT_10_0002_MEMBER_INTERIOR_01', 'ECBAIT_10_0057_MEMBER_INTERIOR_01']
  HIT ERR8683594: 2 baits >= 0.7 ['ECBAIT_10_0002_MEMBER_INTERIOR_01', 'ECBAIT_10_0057_MEMBER_INTERIOR_01']
  HIT ERR8683614: 1 baits >= 0.7 ['ECBAIT_10_0057_MEMBER_INTERIOR_01']
  HIT ERR8683635: 4 baits >= 0.7 ['ECBAIT_10_0057_MEMBER_INTERIOR_01', 'ECBAIT_10_0151_JUNCTION_03', 'ECBAIT_10_0151_MEMBER_INTERIOR_01', 'ECBAIT_10_0172_MEMBER_INTERIOR_01']
  HIT ERR8683643: 2 baits >= 0.7 ['ECBAIT_10_0002_MEMBER_INTERIOR_01', 'ECBAIT_10_0057_MEMBER_INTERIOR_01']
  HIT ERR8683646: 2 baits >= 0.7 ['ECBAIT_10_0057_MEMBER_INTERIOR_01', 'ECBAIT_10_0172_MEMBER_INTERIOR_01']
  HIT ERR8683675: 1 baits >= 0.7 ['ECBAIT_10_0057_MEMBER_INTERIOR_01']
  3850/12000 processed (3608 screened, 3082 hit-accessions) 1165s budget=5.9GB
  HIT ERR8684312: 1 baits >= 0.7 ['ECBAIT_10_0057_MEMBER_INTERIOR_01']
  HIT ERR8684319: 2 baits >= 0.7 ['ECBAIT_10_0057_MEMBER_INTERIOR_01', 'ECBAIT_10_0172_MEMBER_INTERIOR_01']
  HIT ERR8684352: 3 baits >= 0.7 ['ECBAIT_10_0057_MEMBER_INTERIOR_01', 'ECBAIT_10_0172_MEMBER_INTERIOR_01', 'ECBAIT_HOST_CONTROL_02']
  HIT ERR8684357: 1 baits >= 0.7 ['ECBAIT_10_0057_MEMBER_INTERIOR_01']
  HIT ERR8684366: 2 baits >= 0.7 ['ECBAIT_10_0057_MEMBER_INTERIOR_01', 'ECBAIT_HOST_CONTROL_02']
  HIT ERR8684375: 1 baits >= 0.7 ['ECBAIT_10_0057_MEMBER_INTERIOR_01']
  HIT ERR8684370: 2 baits >= 0.7 ['ECBAIT_10_0057_MEMBER_INTERIOR_01', 'ECBAIT_HOST_CONTROL_02']
  HIT ERR8684392: 1 baits >= 0.7 ['ECBAIT_1_0004_JUNCTION_01']
  HIT ERR8684406: 3 baits >= 0.7 ['ECBAIT_10_0002_MEMBER_INTERIOR_01', 'ECBAIT_10_0057_MEMBER_INTERIOR_01', 'ECBAIT_HOST_CONTROL_01']
  HIT ERR8684435: 2 baits >= 0.7 ['ECBAIT_10_0057_MEMBER_INTERIOR_01', 'ECBAIT_HOST_CONTROL_01']
  HIT ERR8684460: 3 baits >= 0.7 ['ECBAIT_0_0000_MEMBER_INTERIOR_01', 'ECBAIT_10_0057_MEMBER_INTERIOR_01', 'ECBAIT_10_0172_MEMBER_INTERIOR_01']
  HIT ERR8684468: 2 baits >= 0.7 ['ECBAIT_10_0002_MEMBER_INTERIOR_01', 'ECBAIT_HOST_CONTROL_01']
  HIT ERR8684470: 3 baits >= 0.7 ['ECBAIT_10_0057_MEMBER_INTERIOR_01', 'ECBAIT_10_0151_JUNCTION_03', 'ECBAIT_1_0004_JUNCTION_02']
  HIT ERR8684477: 2 baits >= 0.7 ['ECBAIT_10_0057_MEMBER_INTERIOR_01', 'ECBAIT_10_0172_MEMBER_INTERIOR_01']
  HIT ERR8684479: 2 baits >= 0.7 ['ECBAIT_10_0057_MEMBER_INTERIOR_01', 'ECBAIT_10_0172_MEMBER_INTERIOR_01']
  HIT ERR8684509: 2 baits >= 0.7 ['ECBAIT_10_0002_MEMBER_INTERIOR_01', 'ECBAIT_10_0057_MEMBER_INTERIOR_01']
  HIT ERR8684511: 2 baits >= 0.7 ['ECBAIT_10_0002_MEMBER_INTERIOR_01', 'ECBAIT_10_0057_MEMBER_INTERIOR_01']
  HIT ERR8684516: 4 baits >= 0.7 ['ECBAIT_10_0002_JUNCTION_01', 'ECBAIT_10_0002_JUNCTION_02', 'ECBAIT_10_0002_MEMBER_INTERIOR_01', 'ECBAIT_10_0057_MEMBER_INTERIOR_01']
  HIT ERR8684564: 4 baits >= 0.7 ['ECBAIT_10_0002_JUNCTION_01', 'ECBAIT_10_0002_JUNCTION_02', 'ECBAIT_10_0002_MEMBER_INTERIOR_01', 'ECBAIT_10_0057_MEMBER_INTERIOR_01']
  HIT ERR8684574: 4 baits >= 0.7 ['ECBAIT_10_0002_JUNCTION_01', 'ECBAIT_10_0002_JUNCTION_02', 'ECBAIT_10_0002_MEMBER_INTERIOR_01', 'ECBAIT_10_0057_MEMBER_INTERIOR_01']
  HIT ERR8684576: 2 baits >= 0.7 ['ECBAIT_10_0057_MEMBER_INTERIOR_01', 'ECBAIT_10_0151_MEMBER_INTERIOR_01']
  HIT ERR8684583: 2 baits >= 0.7 ['ECBAIT_10_0057_MEMBER_INTERIOR_01', 'ECBAIT_10_0151_MEMBER_INTERIOR_01']
  HIT ERR8684845: 2 baits >= 0.7 ['ECBAIT_10_0057_MEMBER_INTERIOR_01', 'ECBAIT_HOST_CONTROL_01']
  HIT ERR8684812: 2 baits >= 0.7 ['ECBAIT_10_0002_MEMBER_INTERIOR_01', 'ECBAIT_10_0057_MEMBER_INTERIOR_01']
  HIT ERR8684859: 3 baits >= 0.7 ['ECBAIT_10_0002_JUNCTION_02', 'ECBAIT_10_0002_MEMBER_INTERIOR_01', 'ECBAIT_10_0057_MEMBER_INTERIOR_01']
  HIT ERR8684864: 3 baits >= 0.7 ['ECBAIT_10_0002_JUNCTION_02', 'ECBAIT_10_0002_MEMBER_INTERIOR_01', 'ECBAIT_10_0057_MEMBER_INTERIOR_01']
  HIT ERR8684914: 4 baits >= 0.7 ['ECBAIT_0_0000_JUNCTION_02', 'ECBAIT_0_0000_MEMBER_INTERIOR_01', 'ECBAIT_10_0057_MEMBER_INTERIOR_01', 'ECBAIT_HOST_CONTROL_02']
  HIT ERR8684887: 3 baits >= 0.7 ['ECBAIT_10_0002_JUNCTION_02', 'ECBAIT_10_0002_MEMBER_INTERIOR_01', 'ECBAIT_10_0057_MEMBER_INTERIOR_01']
  HIT ERR8684917: 4 baits >= 0.7 ['ECBAIT_0_0000_JUNCTION_02', 'ECBAIT_0_0000_MEMBER_INTERIOR_01', 'ECBAIT_10_0057_MEMBER_INTERIOR_01', 'ECBAIT_HOST_CONTROL_02']
  HIT ERR8684928: 4 baits >= 0.7 ['ECBAIT_0_0000_JUNCTION_02', 'ECBAIT_0_0000_MEMBER_INTERIOR_01', 'ECBAIT_10_0057_MEMBER_INTERIOR_01', 'ECBAIT_HOST_CONTROL_02']
  HIT ERR8684962: 2 baits >= 0.7 ['ECBAIT_10_0002_MEMBER_INTERIOR_01', 'ECBAIT_10_0057_MEMBER_INTERIOR_01']
  HIT ERR8684981: 2 baits >= 0.7 ['ECBAIT_10_0002_MEMBER_INTERIOR_01', 'ECBAIT_10_0057_MEMBER_INTERIOR_01']
  HIT ERR8684990: 2 baits >= 0.7 ['ECBAIT_10_0002_MEMBER_INTERIOR_01', 'ECBAIT_10_0057_MEMBER_INTERIOR_01']
  HIT ERR8685486: 1 baits >= 0.7 ['ECBAIT_10_0057_MEMBER_INTERIOR_01']
  HIT ERR8684994: 2 baits >= 0.7 ['ECBAIT_10_0002_MEMBER_INTERIOR_01', 'ECBAIT_10_0057_MEMBER_INTERIOR_01']
  HIT ERR8685498: 3 baits >= 0.7 ['ECBAIT_10_0002_JUNCTION_02', 'ECBAIT_10_0002_MEMBER_INTERIOR_01', 'ECBAIT_10_0057_MEMBER_INTERIOR_01']
  HIT ERR8702896: 1 baits >= 0.7 ['ECBAIT_10_0057_MEMBER_INTERIOR_01']
  HIT ERR8702917: 1 baits >= 0.7 ['ECBAIT_10_0038_MEMBER_INTERIOR_01']
  HIT ERR8702942: 2 baits >= 0.7 ['ECBAIT_10_0002_MEMBER_INTERIOR_01', 'ECBAIT_10_0057_MEMBER_INTERIOR_01']
  HIT ERR8702978: 4 baits >= 0.7 ['ECBAIT_0_0046_JUNCTION_02', 'ECBAIT_0_0046_MEMBER_INTERIOR_01', 'ECBAIT_1_0022_JUNCTION_02', 'ECBAIT_1_0022_JUNCTION_03']
  HIT ERR8703348: 3 baits >= 0.7 ['ECBAIT_10_0002_MEMBER_INTERIOR_01', 'ECBAIT_10_0057_MEMBER_INTERIOR_01', 'ECBAIT_10_0172_MEMBER_INTERIOR_01']
  HIT ERR8703388: 3 baits >= 0.7 ['ECBAIT_10_0002_JUNCTION_01', 'ECBAIT_10_0002_MEMBER_INTERIOR_01', 'ECBAIT_10_0057_MEMBER_INTERIOR_01']
  HIT ERR8703413: 4 baits >= 0.7 ['ECBAIT_10_0002_JUNCTION_01', 'ECBAIT_10_0002_JUNCTION_02', 'ECBAIT_10_0002_MEMBER_INTERIOR_01', 'ECBAIT_10_0057_MEMBER_INTERIOR_01']
  HIT ERR8703614: 3 baits >= 0.7 ['ECBAIT_10_0002_MEMBER_INTERIOR_01', 'ECBAIT_10_0057_MEMBER_INTERIOR_01', 'ECBAIT_10_0172_MEMBER_INTERIOR_01']
  HIT ERR8703633: 3 baits >= 0.7 ['ECBAIT_10_0002_MEMBER_INTERIOR_01', 'ECBAIT_10_0172_MEMBER_INTERIOR_01', 'ECBAIT_HOST_CONTROL_01']
  HIT ERR8703646: 1 baits >= 0.7 ['ECBAIT_10_0057_MEMBER_INTERIOR_01']
  HIT ERR8703654: 3 baits >= 0.7 ['ECBAIT_10_0002_MEMBER_INTERIOR_01', 'ECBAIT_10_0057_MEMBER_INTERIOR_01', 'ECBAIT_10_0172_MEMBER_INTERIOR_01']
  HIT ERR8703670: 1 baits >= 0.7 ['ECBAIT_10_0057_MEMBER_INTERIOR_01']
  HIT ERR8703704: 3 baits >= 0.7 ['ECBAIT_0_0052_JUNCTION_01', 'ECBAIT_0_0052_JUNCTION_03', 'ECBAIT_10_0057_MEMBER_INTERIOR_01']
  3900/12000 processed (3658 screened, 3131 hit-accessions) 1181s budget=6.0GB
  HIT ERR8703706: 1 baits >= 0.7 ['ECBAIT_10_0057_MEMBER_INTERIOR_01']
  HIT ERR871394: 1 baits >= 0.7 ['ECBAIT_10_0057_MEMBER_INTERIOR_01']
  HIT ERR871396: 2 baits >= 0.7 ['ECBAIT_10_0002_JUNCTION_02', 'ECBAIT_10_0057_MEMBER_INTERIOR_01']
  HIT ERR871400: 4 baits >= 0.7 ['ECBAIT_10_0002_JUNCTION_01', 'ECBAIT_10_0002_JUNCTION_02', 'ECBAIT_10_0002_MEMBER_INTERIOR_01', 'ECBAIT_10_0057_MEMBER_INTERIOR_01']
  HIT ERR871405: 4 baits >= 0.7 ['ECBAIT_10_0002_JUNCTION_01', 'ECBAIT_10_0002_JUNCTION_02', 'ECBAIT_10_0002_MEMBER_INTERIOR_01', 'ECBAIT_10_0057_MEMBER_INTERIOR_01']
  HIT ERR885454: 1 baits >= 0.7 ['ECBAIT_HOST_CONTROL_01']
  HIT ERR8958453: 5 baits >= 0.7 ['ECBAIT_0_0000_INTERIOR_MODULE_01', 'ECBAIT_0_0000_JUNCTION_02', 'ECBAIT_0_0000_MEMBER_INTERIOR_01', 'ECBAIT_10_0057_MEMBER_INTERIOR_01']
  HIT ERR8958458: 5 baits >= 0.7 ['ECBAIT_0_0000_INTERIOR_MODULE_01', 'ECBAIT_0_0000_JUNCTION_02', 'ECBAIT_0_0000_MEMBER_INTERIOR_01', 'ECBAIT_10_0057_MEMBER_INTERIOR_01']
  HIT ERR8958459: 2 baits >= 0.7 ['ECBAIT_0_0000_MEMBER_INTERIOR_01', 'ECBAIT_HOST_CONTROL_02']
  HIT ERR8958463: 5 baits >= 0.7 ['ECBAIT_0_0000_INTERIOR_MODULE_01', 'ECBAIT_0_0000_JUNCTION_02', 'ECBAIT_0_0000_MEMBER_INTERIOR_01', 'ECBAIT_10_0057_MEMBER_INTERIOR_01']
  HIT ERR8958469: 5 baits >= 0.7 ['ECBAIT_0_0000_INTERIOR_MODULE_01', 'ECBAIT_0_0000_JUNCTION_02', 'ECBAIT_0_0000_MEMBER_INTERIOR_01', 'ECBAIT_10_0057_MEMBER_INTERIOR_01']
  HIT ERR8958471: 5 baits >= 0.7 ['ECBAIT_0_0000_INTERIOR_MODULE_01', 'ECBAIT_0_0000_JUNCTION_02', 'ECBAIT_0_0000_MEMBER_INTERIOR_01', 'ECBAIT_10_0057_MEMBER_INTERIOR_01']
  HIT ERR8958510: 5 baits >= 0.7 ['ECBAIT_0_0000_INTERIOR_MODULE_01', 'ECBAIT_0_0000_JUNCTION_02', 'ECBAIT_0_0000_MEMBER_INTERIOR_01', 'ECBAIT_10_0057_MEMBER_INTERIOR_01']
  HIT ERR8958596: 5 baits >= 0.7 ['ECBAIT_0_0000_INTERIOR_MODULE_01', 'ECBAIT_0_0000_JUNCTION_02', 'ECBAIT_0_0000_MEMBER_INTERIOR_01', 'ECBAIT_10_0057_MEMBER_INTERIOR_01']
  HIT ERR8958607: 5 baits >= 0.7 ['ECBAIT_0_0000_INTERIOR_MODULE_01', 'ECBAIT_0_0000_JUNCTION_02', 'ECBAIT_0_0000_MEMBER_INTERIOR_01', 'ECBAIT_10_0057_MEMBER_INTERIOR_01']
  HIT ERR8958564: 5 baits >= 0.7 ['ECBAIT_0_0000_INTERIOR_MODULE_01', 'ECBAIT_0_0000_JUNCTION_02', 'ECBAIT_0_0000_MEMBER_INTERIOR_01', 'ECBAIT_10_0057_MEMBER_INTERIOR_01']
  HIT ERR8958665: 5 baits >= 0.7 ['ECBAIT_0_0000_INTERIOR_MODULE_01', 'ECBAIT_0_0000_JUNCTION_02', 'ECBAIT_0_0000_MEMBER_INTERIOR_01', 'ECBAIT_10_0057_MEMBER_INTERIOR_01']
  HIT ERR905826: 4 baits >= 0.7 ['ECBAIT_10_0002_JUNCTION_01', 'ECBAIT_10_0002_JUNCTION_02', 'ECBAIT_10_0002_MEMBER_INTERIOR_01', 'ECBAIT_10_0057_MEMBER_INTERIOR_01']
  HIT ERR9127551: 5 baits >= 0.7 ['ECBAIT_0_0000_INTERIOR_MODULE_01', 'ECBAIT_0_0000_JUNCTION_02', 'ECBAIT_0_0000_MEMBER_INTERIOR_01', 'ECBAIT_10_0057_MEMBER_INTERIOR_01']
  HIT ERR9127552: 5 baits >= 0.7 ['ECBAIT_0_0000_INTERIOR_MODULE_01', 'ECBAIT_0_0000_JUNCTION_02', 'ECBAIT_0_0000_MEMBER_INTERIOR_01', 'ECBAIT_10_0057_MEMBER_INTERIOR_01']
  HIT ERR9285206: 5 baits >= 0.7 ['ECBAIT_0_0000_INTERIOR_MODULE_01', 'ECBAIT_0_0000_JUNCTION_02', 'ECBAIT_0_0000_MEMBER_INTERIOR_01', 'ECBAIT_10_0057_MEMBER_INTERIOR_01']
  HIT ERR9385130: 4 baits >= 0.7 ['ECBAIT_0_0000_JUNCTION_02', 'ECBAIT_0_0000_MEMBER_INTERIOR_01', 'ECBAIT_0_0054_MEMBER_INTERIOR_01', 'ECBAIT_10_0057_MEMBER_INTERIOR_01']
  HIT ERR9384950: 2 baits >= 0.7 ['ECBAIT_10_0057_MEMBER_INTERIOR_01', 'ECBAIT_HOST_CONTROL_02']
  HIT ERR9385215: 5 baits >= 0.7 ['ECBAIT_0_0000_INTERIOR_MODULE_01', 'ECBAIT_0_0000_JUNCTION_02', 'ECBAIT_0_0000_MEMBER_INTERIOR_01', 'ECBAIT_10_0057_MEMBER_INTERIOR_01']
  HIT ERR9629627: 4 baits >= 0.7 ['ECBAIT_0_0000_JUNCTION_02', 'ECBAIT_0_0000_MEMBER_INTERIOR_01', 'ECBAIT_10_0057_MEMBER_INTERIOR_01', 'ECBAIT_HOST_CONTROL_02']
  HIT ERR9629660: 3 baits >= 0.7 ['ECBAIT_0_0052_JUNCTION_03', 'ECBAIT_10_0057_MEMBER_INTERIOR_01', 'ECBAIT_HOST_CONTROL_02']
  HIT ERR9629907: 4 baits >= 0.7 ['ECBAIT_0_0000_JUNCTION_02', 'ECBAIT_0_0052_JUNCTION_01', 'ECBAIT_10_0057_MEMBER_INTERIOR_01', 'ECBAIT_1_0004_JUNCTION_01']
  HIT ERR9709907: 1 baits >= 0.7 ['ECBAIT_10_0057_MEMBER_INTERIOR_01']
  HIT ERR9709908: 1 baits >= 0.7 ['ECBAIT_10_0057_MEMBER_INTERIOR_01']
  HIT ERR9709910: 1 baits >= 0.7 ['ECBAIT_10_0057_MEMBER_INTERIOR_01']
  HIT ERR9709909: 1 baits >= 0.7 ['ECBAIT_10_0057_MEMBER_INTERIOR_01']
  HIT ERR9709911: 1 baits >= 0.7 ['ECBAIT_10_0057_MEMBER_INTERIOR_01']
  HIT ERR9709912: 1 baits >= 0.7 ['ECBAIT_10_0057_MEMBER_INTERIOR_01']
  HIT ERR9709914: 1 baits >= 0.7 ['ECBAIT_10_0057_MEMBER_INTERIOR_01']
  HIT ERR9709913: 1 baits >= 0.7 ['ECBAIT_10_0057_MEMBER_INTERIOR_01']
  HIT ERR9709915: 1 baits >= 0.7 ['ECBAIT_10_0057_MEMBER_INTERIOR_01']
  HIT ERR9709916: 1 baits >= 0.7 ['ECBAIT_10_0057_MEMBER_INTERIOR_01']
  HIT ERR9709918: 1 baits >= 0.7 ['ECBAIT_10_0057_MEMBER_INTERIOR_01']
  HIT ERR9709917: 1 baits >= 0.7 ['ECBAIT_10_0057_MEMBER_INTERIOR_01']
  HIT ERR9709919: 1 baits >= 0.7 ['ECBAIT_10_0057_MEMBER_INTERIOR_01']
  HIT ERR9709920: 1 baits >= 0.7 ['ECBAIT_10_0057_MEMBER_INTERIOR_01']
  3950/12000 processed (3699 screened, 3172 hit-accessions) 1195s budget=6.1GB
  HIT ERR9709921: 1 baits >= 0.7 ['ECBAIT_10_0057_MEMBER_INTERIOR_01']
  HIT ERR9709922: 1 baits >= 0.7 ['ECBAIT_10_0057_MEMBER_INTERIOR_01']
  HIT ERR9709923: 1 baits >= 0.7 ['ECBAIT_10_0057_MEMBER_INTERIOR_01']
  HIT ERR9709924: 1 baits >= 0.7 ['ECBAIT_10_0057_MEMBER_INTERIOR_01']
  HIT ERR9709925: 1 baits >= 0.7 ['ECBAIT_10_0057_MEMBER_INTERIOR_01']
  HIT ERR9709926: 1 baits >= 0.7 ['ECBAIT_10_0057_MEMBER_INTERIOR_01']
  HIT ERR9709927: 1 baits >= 0.7 ['ECBAIT_10_0057_MEMBER_INTERIOR_01']
  HIT ERR9709928: 1 baits >= 0.7 ['ECBAIT_10_0057_MEMBER_INTERIOR_01']
  HIT ERR9709930: 1 baits >= 0.7 ['ECBAIT_10_0057_MEMBER_INTERIOR_01']
  HIT ERR9709929: 1 baits >= 0.7 ['ECBAIT_10_0057_MEMBER_INTERIOR_01']
  HIT ERR9709931: 1 baits >= 0.7 ['ECBAIT_10_0057_MEMBER_INTERIOR_01']
  HIT ERR9709932: 1 baits >= 0.7 ['ECBAIT_10_0057_MEMBER_INTERIOR_01']
  HIT ERR9709933: 1 baits >= 0.7 ['ECBAIT_10_0057_MEMBER_INTERIOR_01']
  HIT ERR9709934: 1 baits >= 0.7 ['ECBAIT_10_0057_MEMBER_INTERIOR_01']
  HIT ERR9709935: 1 baits >= 0.7 ['ECBAIT_10_0057_MEMBER_INTERIOR_01']
  HIT ERR9709936: 1 baits >= 0.7 ['ECBAIT_10_0057_MEMBER_INTERIOR_01']
  HIT ERR9709938: 1 baits >= 0.7 ['ECBAIT_10_0057_MEMBER_INTERIOR_01']
  HIT ERR9709937: 1 baits >= 0.7 ['ECBAIT_10_0057_MEMBER_INTERIOR_01']
  HIT ERR9709939: 1 baits >= 0.7 ['ECBAIT_10_0057_MEMBER_INTERIOR_01']
  HIT ERR9709941: 1 baits >= 0.7 ['ECBAIT_10_0057_MEMBER_INTERIOR_01']
  HIT ERR9709940: 1 baits >= 0.7 ['ECBAIT_10_0057_MEMBER_INTERIOR_01']
  HIT ERR9845270: 6 baits >= 0.7 ['ECBAIT_0_0046_MEMBER_INTERIOR_01', 'ECBAIT_10_0057_MEMBER_INTERIOR_01', 'ECBAIT_10_0151_MEMBER_INTERIOR_01', 'ECBAIT_10_0172_MEMBER_INTERIOR_01']
  HIT ERR9845293: 1 baits >= 0.7 ['ECBAIT_10_0057_MEMBER_INTERIOR_01']
  HIT ERR9845325: 3 baits >= 0.7 ['ECBAIT_0_0000_JUNCTION_02', 'ECBAIT_10_0057_MEMBER_INTERIOR_01', 'ECBAIT_HOST_CONTROL_02']
  HIT ERR9845323: 2 baits >= 0.7 ['ECBAIT_10_0057_MEMBER_INTERIOR_01', 'ECBAIT_HOST_CONTROL_02']
  HIT ERR9845300: 3 baits >= 0.7 ['ECBAIT_10_0002_JUNCTION_02', 'ECBAIT_10_0057_MEMBER_INTERIOR_01', 'ECBAIT_10_0151_JUNCTION_03']
  HIT ERR9845326: 6 baits >= 0.7 ['ECBAIT_0_0000_JUNCTION_02', 'ECBAIT_0_0000_MEMBER_INTERIOR_01', 'ECBAIT_0_0059_JUNCTION_01', 'ECBAIT_0_0059_JUNCTION_02']
  HIT ERR9845357: 2 baits >= 0.7 ['ECBAIT_10_0002_MEMBER_INTERIOR_01', 'ECBAIT_10_0057_MEMBER_INTERIOR_01']
  HIT ERR9845369: 2 baits >= 0.7 ['ECBAIT_10_0057_MEMBER_INTERIOR_01', 'ECBAIT_10_0172_MEMBER_INTERIOR_01']
  HIT ERR9845375: 1 baits >= 0.7 ['ECBAIT_HOST_CONTROL_02']
  HIT ERR9845377: 4 baits >= 0.7 ['ECBAIT_10_0002_JUNCTION_01', 'ECBAIT_10_0002_JUNCTION_02', 'ECBAIT_10_0002_MEMBER_INTERIOR_01', 'ECBAIT_10_0057_MEMBER_INTERIOR_01']
  HIT ERR9845378: 5 baits >= 0.7 ['ECBAIT_0_0000_INTERIOR_MODULE_01', 'ECBAIT_0_0000_JUNCTION_02', 'ECBAIT_0_0000_MEMBER_INTERIOR_01', 'ECBAIT_10_0057_MEMBER_INTERIOR_01']
  HIT ERR9845477: 5 baits >= 0.7 ['ECBAIT_0_0000_INTERIOR_MODULE_01', 'ECBAIT_0_0000_JUNCTION_02', 'ECBAIT_0_0000_MEMBER_INTERIOR_01', 'ECBAIT_10_0057_MEMBER_INTERIOR_01']
  HIT ERR9845452: 4 baits >= 0.7 ['ECBAIT_0_0000_INTERIOR_MODULE_01', 'ECBAIT_0_0000_JUNCTION_02', 'ECBAIT_0_0000_MEMBER_INTERIOR_01', 'ECBAIT_HOST_CONTROL_02']
  HIT ERR9845512: 2 baits >= 0.7 ['ECBAIT_10_0002_MEMBER_INTERIOR_01', 'ECBAIT_10_0057_MEMBER_INTERIOR_01']
  HIT ERR9845551: 2 baits >= 0.7 ['ECBAIT_10_0057_MEMBER_INTERIOR_01', 'ECBAIT_1_0004_JUNCTION_01']
  HIT ERR9845563: 3 baits >= 0.7 ['ECBAIT_10_0002_MEMBER_INTERIOR_01', 'ECBAIT_10_0057_MEMBER_INTERIOR_01', 'ECBAIT_10_0172_MEMBER_INTERIOR_01']
  HIT ERR9845577: 5 baits >= 0.7 ['ECBAIT_0_0000_INTERIOR_MODULE_01', 'ECBAIT_0_0000_JUNCTION_02', 'ECBAIT_0_0000_MEMBER_INTERIOR_01', 'ECBAIT_10_0057_MEMBER_INTERIOR_01']
  HIT ERR9845588: 1 baits >= 0.7 ['ECBAIT_HOST_CONTROL_01']
  HIT ERR9845591: 5 baits >= 0.7 ['ECBAIT_0_0000_INTERIOR_MODULE_01', 'ECBAIT_0_0000_JUNCTION_02', 'ECBAIT_0_0000_MEMBER_INTERIOR_01', 'ECBAIT_10_0057_MEMBER_INTERIOR_01']
  HIT ERR9845593: 4 baits >= 0.7 ['ECBAIT_0_0000_JUNCTION_02', 'ECBAIT_0_0000_MEMBER_INTERIOR_01', 'ECBAIT_10_0057_MEMBER_INTERIOR_01', 'ECBAIT_HOST_CONTROL_02']
  HIT ERR9845594: 1 baits >= 0.7 ['ECBAIT_10_0057_MEMBER_INTERIOR_01']
  HIT ERR9845596: 4 baits >= 0.7 ['ECBAIT_0_0000_JUNCTION_02', 'ECBAIT_0_0000_MEMBER_INTERIOR_01', 'ECBAIT_10_0057_MEMBER_INTERIOR_01', 'ECBAIT_HOST_CONTROL_02']
  HIT ERR9845602: 1 baits >= 0.7 ['ECBAIT_10_0057_MEMBER_INTERIOR_01']
  HIT ERR9845614: 1 baits >= 0.7 ['ECBAIT_HOST_CONTROL_02']
  HIT ERR9845634: 2 baits >= 0.7 ['ECBAIT_10_0057_MEMBER_INTERIOR_01', 'ECBAIT_HOST_CONTROL_02']
  HIT ERR9845661: 3 baits >= 0.7 ['ECBAIT_0_0000_JUNCTION_02', 'ECBAIT_0_0000_MEMBER_INTERIOR_01', 'ECBAIT_HOST_CONTROL_02']
  HIT ERR9845667: 5 baits >= 0.7 ['ECBAIT_0_0000_INTERIOR_MODULE_01', 'ECBAIT_0_0000_JUNCTION_02', 'ECBAIT_0_0000_MEMBER_INTERIOR_01', 'ECBAIT_10_0057_MEMBER_INTERIOR_01']
  4000/12000 processed (3749 screened, 3220 hit-accessions) 1211s budget=6.2GB
  HIT ERR9845673: 2 baits >= 0.7 ['ECBAIT_10_0057_MEMBER_INTERIOR_01', 'ECBAIT_HOST_CONTROL_02']
  HIT ERR9845674: 4 baits >= 0.7 ['ECBAIT_0_0000_JUNCTION_02', 'ECBAIT_10_0151_JUNCTION_03', 'ECBAIT_1_0004_INTERIOR_MODULE_01', 'ECBAIT_1_0004_JUNCTION_01']
  HIT ERR9845691: 2 baits >= 0.7 ['ECBAIT_10_0172_MEMBER_INTERIOR_01', 'ECBAIT_HOST_CONTROL_02']
  HIT ERR9845714: 2 baits >= 0.7 ['ECBAIT_0_0000_JUNCTION_02', 'ECBAIT_10_0057_MEMBER_INTERIOR_01']
  HIT ERR9845749: 2 baits >= 0.7 ['ECBAIT_0_0000_JUNCTION_02', 'ECBAIT_10_0172_MEMBER_INTERIOR_01']
  HIT ERR9845765: 4 baits >= 0.7 ['ECBAIT_0_0000_JUNCTION_02', 'ECBAIT_10_0057_MEMBER_INTERIOR_01', 'ECBAIT_10_0151_JUNCTION_03', 'ECBAIT_10_0172_MEMBER_INTERIOR_01']
  HIT ERR9845774: 2 baits >= 0.7 ['ECBAIT_10_0057_MEMBER_INTERIOR_01', 'ECBAIT_HOST_CONTROL_02']
  HIT ERR9845782: 2 baits >= 0.7 ['ECBAIT_10_0002_MEMBER_INTERIOR_01', 'ECBAIT_10_0057_MEMBER_INTERIOR_01']
  HIT ERR9845790: 4 baits >= 0.7 ['ECBAIT_0_0000_JUNCTION_02', 'ECBAIT_10_0057_MEMBER_INTERIOR_01', 'ECBAIT_10_0151_JUNCTION_03', 'ECBAIT_1_0004_JUNCTION_01']
  HIT ERR9845797: 3 baits >= 0.7 ['ECBAIT_0_0000_JUNCTION_02', 'ECBAIT_10_0151_JUNCTION_03', 'ECBAIT_10_0172_MEMBER_INTERIOR_01']
  HIT ERR9845804: 5 baits >= 0.7 ['ECBAIT_0_0000_JUNCTION_02', 'ECBAIT_0_0000_MEMBER_INTERIOR_01', 'ECBAIT_10_0057_MEMBER_INTERIOR_01', 'ECBAIT_1_0026_JUNCTION_01']
  HIT ERR9845806: 2 baits >= 0.7 ['ECBAIT_10_0002_MEMBER_INTERIOR_01', 'ECBAIT_10_0057_MEMBER_INTERIOR_01']
  HIT ERR9845811: 5 baits >= 0.7 ['ECBAIT_0_0000_INTERIOR_MODULE_01', 'ECBAIT_0_0000_JUNCTION_02', 'ECBAIT_0_0000_MEMBER_INTERIOR_01', 'ECBAIT_10_0057_MEMBER_INTERIOR_01']
  HIT ERR9845837: 2 baits >= 0.7 ['ECBAIT_10_0151_JUNCTION_03', 'ECBAIT_10_0172_MEMBER_INTERIOR_01']
  HIT ERR9845843: 5 baits >= 0.7 ['ECBAIT_0_0000_INTERIOR_MODULE_01', 'ECBAIT_0_0000_JUNCTION_02', 'ECBAIT_0_0000_MEMBER_INTERIOR_01', 'ECBAIT_10_0057_MEMBER_INTERIOR_01']
  HIT ERR9845853: 1 baits >= 0.7 ['ECBAIT_10_0057_MEMBER_INTERIOR_01']
  HIT ERR9845864: 5 baits >= 0.7 ['ECBAIT_0_0000_INTERIOR_MODULE_01', 'ECBAIT_0_0000_JUNCTION_02', 'ECBAIT_0_0000_MEMBER_INTERIOR_01', 'ECBAIT_10_0057_MEMBER_INTERIOR_01']
  HIT ERR9845876: 5 baits >= 0.7 ['ECBAIT_0_0000_INTERIOR_MODULE_01', 'ECBAIT_0_0000_JUNCTION_02', 'ECBAIT_0_0000_MEMBER_INTERIOR_01', 'ECBAIT_10_0057_MEMBER_INTERIOR_01']
  HIT ERR9845883: 6 baits >= 0.7 ['ECBAIT_0_0000_JUNCTION_02', 'ECBAIT_0_0000_MEMBER_INTERIOR_01', 'ECBAIT_0_0014_JUNCTION_02', 'ECBAIT_10_0057_MEMBER_INTERIOR_01']
  HIT ERR9845894: 1 baits >= 0.7 ['ECBAIT_10_0057_MEMBER_INTERIOR_01']
  HIT ERR9845897: 1 baits >= 0.7 ['ECBAIT_HOST_CONTROL_01']
  HIT ERR9845912: 4 baits >= 0.7 ['ECBAIT_10_0002_JUNCTION_01', 'ECBAIT_10_0002_JUNCTION_02', 'ECBAIT_10_0002_MEMBER_INTERIOR_01', 'ECBAIT_10_0057_MEMBER_INTERIOR_01']
  HIT ERR9845942: 2 baits >= 0.7 ['ECBAIT_10_0002_MEMBER_INTERIOR_01', 'ECBAIT_10_0057_MEMBER_INTERIOR_01']
  HIT ERR9845940: 3 baits >= 0.7 ['ECBAIT_0_0000_JUNCTION_02', 'ECBAIT_0_0000_MEMBER_INTERIOR_01', 'ECBAIT_10_0057_MEMBER_INTERIOR_01']
  HIT ERR9845949: 3 baits >= 0.7 ['ECBAIT_0_0052_JUNCTION_01', 'ECBAIT_0_0052_JUNCTION_03', 'ECBAIT_10_0057_MEMBER_INTERIOR_01']
  HIT ERR9845965: 1 baits >= 0.7 ['ECBAIT_10_0057_MEMBER_INTERIOR_01']
  HIT ERR9845967: 2 baits >= 0.7 ['ECBAIT_10_0057_MEMBER_INTERIOR_01', 'ECBAIT_10_0172_MEMBER_INTERIOR_01']
  HIT ERR9845971: 3 baits >= 0.7 ['ECBAIT_0_0000_JUNCTION_02', 'ECBAIT_0_0000_MEMBER_INTERIOR_01', 'ECBAIT_10_0057_MEMBER_INTERIOR_01']
  HIT ERR9845973: 5 baits >= 0.7 ['ECBAIT_0_0000_INTERIOR_MODULE_01', 'ECBAIT_0_0000_JUNCTION_02', 'ECBAIT_0_0000_MEMBER_INTERIOR_01', 'ECBAIT_10_0057_MEMBER_INTERIOR_01']
  HIT ERR9951991: 2 baits >= 0.7 ['ECBAIT_0_0067_MEMBER_INTERIOR_01', 'ECBAIT_HOST_CONTROL_01']
  HIT ERR9979368: 1 baits >= 0.7 ['ECBAIT_HOST_CONTROL_01']
  HIT ERR9979369: 2 baits >= 0.7 ['ECBAIT_10_0002_MEMBER_INTERIOR_01', 'ECBAIT_10_0057_MEMBER_INTERIOR_01']
  HIT ERR9979371: 2 baits >= 0.7 ['ECBAIT_10_0002_MEMBER_INTERIOR_01', 'ECBAIT_10_0057_MEMBER_INTERIOR_01']
  HIT ERR9979374: 4 baits >= 0.7 ['ECBAIT_10_0002_JUNCTION_01', 'ECBAIT_10_0002_JUNCTION_02', 'ECBAIT_10_0057_MEMBER_INTERIOR_01', 'ECBAIT_HOST_CONTROL_01']
  HIT ERR9979373: 1 baits >= 0.7 ['ECBAIT_10_0057_MEMBER_INTERIOR_01']
  HIT ERR9979372: 1 baits >= 0.7 ['ECBAIT_HOST_CONTROL_01']
  HIT ERR9979376: 2 baits >= 0.7 ['ECBAIT_10_0057_MEMBER_INTERIOR_01', 'ECBAIT_HOST_CONTROL_01']
  HIT ERR9979378: 1 baits >= 0.7 ['ECBAIT_10_0057_MEMBER_INTERIOR_01']
  HIT ERR9979379: 1 baits >= 0.7 ['ECBAIT_10_0057_MEMBER_INTERIOR_01']
  HIT ERR9979380: 3 baits >= 0.7 ['ECBAIT_10_0002_JUNCTION_01', 'ECBAIT_10_0002_JUNCTION_02', 'ECBAIT_10_0057_MEMBER_INTERIOR_01']
  HIT ERR9979382: 2 baits >= 0.7 ['ECBAIT_10_0057_MEMBER_INTERIOR_01', 'ECBAIT_HOST_CONTROL_01']
  HIT ERR9979383: 2 baits >= 0.7 ['ECBAIT_10_0057_MEMBER_INTERIOR_01', 'ECBAIT_HOST_CONTROL_01']
  HIT ERR9979384: 2 baits >= 0.7 ['ECBAIT_10_0057_MEMBER_INTERIOR_01', 'ECBAIT_HOST_CONTROL_02']
  4050/12000 processed (3799 screened, 3263 hit-accessions) 1227s budget=6.3GB
  HIT ERR9979385: 1 baits >= 0.7 ['ECBAIT_HOST_CONTROL_02']
  HIT ERR9979386: 2 baits >= 0.7 ['ECBAIT_10_0057_MEMBER_INTERIOR_01', 'ECBAIT_10_0172_MEMBER_INTERIOR_01']
  HIT ERR9979387: 1 baits >= 0.7 ['ECBAIT_0_0000_JUNCTION_02']
  HIT SRR029319: 1 baits >= 0.7 ['ECBAIT_HOST_CONTROL_01']
  HIT SRR029321: 1 baits >= 0.7 ['ECBAIT_HOST_CONTROL_01']
  HIT SRR029322: 1 baits >= 0.7 ['ECBAIT_HOST_CONTROL_01']
  HIT SRR062269: 5 baits >= 0.7 ['ECBAIT_0_0000_JUNCTION_02', 'ECBAIT_0_0000_MEMBER_INTERIOR_01', 'ECBAIT_0_0014_MEMBER_INTERIOR_01', 'ECBAIT_10_0057_MEMBER_INTERIOR_01']
  HIT SRR063734: 7 baits >= 0.7 ['ECBAIT_10_0002_MEMBER_INTERIOR_01', 'ECBAIT_10_0044_INTERIOR_MODULE_01', 'ECBAIT_10_0044_MEMBER_INTERIOR_01', 'ECBAIT_10_0178_INTERIOR_MODULE_01']
  HIT SRR063740: 4 baits >= 0.7 ['ECBAIT_10_0002_MEMBER_INTERIOR_01', 'ECBAIT_10_0044_INTERIOR_MODULE_01', 'ECBAIT_10_0044_JUNCTION_03', 'ECBAIT_HOST_CONTROL_01']
  HIT SRR063742: 9 baits >= 0.7 ['ECBAIT_10_0044_INTERIOR_MODULE_01', 'ECBAIT_10_0044_MEMBER_INTERIOR_01', 'ECBAIT_10_0172_JUNCTION_02', 'ECBAIT_10_0172_JUNCTION_03']
  HIT SRR070457: 4 baits >= 0.7 ['ECBAIT_0_0000_JUNCTION_02', 'ECBAIT_0_0052_JUNCTION_03', 'ECBAIT_10_0057_MEMBER_INTERIOR_01', 'ECBAIT_HOST_CONTROL_01']
  HIT SRR064649: 1 baits >= 0.7 ['ECBAIT_0_0000_JUNCTION_02']
  HIT SRR070466: 1 baits >= 0.7 ['ECBAIT_HOST_CONTROL_01']
  HIT SRR088912: 4 baits >= 0.7 ['ECBAIT_0_0000_JUNCTION_02', 'ECBAIT_0_0000_MEMBER_INTERIOR_01', 'ECBAIT_10_0057_MEMBER_INTERIOR_01', 'ECBAIT_HOST_CONTROL_02']
  HIT SRR088924: 2 baits >= 0.7 ['ECBAIT_10_0057_MEMBER_INTERIOR_01', 'ECBAIT_HOST_CONTROL_01']
  HIT SRR094140: 3 baits >= 0.7 ['ECBAIT_0_0000_JUNCTION_01', 'ECBAIT_10_0002_MEMBER_INTERIOR_01', 'ECBAIT_10_0044_MEMBER_INTERIOR_01']
  HIT SRR094167: 3 baits >= 0.7 ['ECBAIT_10_0002_MEMBER_INTERIOR_01', 'ECBAIT_10_0057_MEMBER_INTERIOR_01', 'ECBAIT_HOST_CONTROL_02']
  HIT SRR094153: 1 baits >= 0.7 ['ECBAIT_10_0044_MEMBER_INTERIOR_01']
  HIT SRR094161: 1 baits >= 0.7 ['ECBAIT_10_0002_MEMBER_INTERIOR_01']
  HIT SRR094168: 3 baits >= 0.7 ['ECBAIT_10_0002_MEMBER_INTERIOR_01', 'ECBAIT_10_0057_MEMBER_INTERIOR_01', 'ECBAIT_HOST_CONTROL_02']
  HIT SRR094169: 1 baits >= 0.7 ['ECBAIT_10_0057_MEMBER_INTERIOR_01']
  HIT SRR094961: 1 baits >= 0.7 ['ECBAIT_10_0172_JUNCTION_02']
  HIT SRR096912: 2 baits >= 0.7 ['ECBAIT_0_0000_MEMBER_INTERIOR_01', 'ECBAIT_10_0172_MEMBER_INTERIOR_01']
  HIT SRR096914: 2 baits >= 0.7 ['ECBAIT_10_0002_MEMBER_INTERIOR_01', 'ECBAIT_HOST_CONTROL_01']
  HIT SRR10024308: 3 baits >= 0.7 ['ECBAIT_10_0057_MEMBER_INTERIOR_01', 'ECBAIT_1_0004_JUNCTION_02', 'ECBAIT_HOST_CONTROL_01']
  HIT SRR10032546: 1 baits >= 0.7 ['ECBAIT_HOST_CONTROL_01']
  HIT SRR1010893: 2 baits >= 0.7 ['ECBAIT_0_0000_MEMBER_INTERIOR_01', 'ECBAIT_HOST_CONTROL_02']
  HIT SRR1010954: 1 baits >= 0.7 ['ECBAIT_10_0057_MEMBER_INTERIOR_01']
  HIT SRR1010894: 2 baits >= 0.7 ['ECBAIT_0_0000_MEMBER_INTERIOR_01', 'ECBAIT_HOST_CONTROL_02']
  HIT SRR1010955: 1 baits >= 0.7 ['ECBAIT_10_0057_MEMBER_INTERIOR_01']
  HIT SRR1010958: 5 baits >= 0.7 ['ECBAIT_0_0000_INTERIOR_MODULE_01', 'ECBAIT_0_0000_JUNCTION_02', 'ECBAIT_0_0000_MEMBER_INTERIOR_01', 'ECBAIT_10_0057_MEMBER_INTERIOR_01']
  HIT SRR1010959: 5 baits >= 0.7 ['ECBAIT_0_0000_INTERIOR_MODULE_01', 'ECBAIT_0_0000_JUNCTION_02', 'ECBAIT_0_0000_MEMBER_INTERIOR_01', 'ECBAIT_10_0057_MEMBER_INTERIOR_01']
  HIT SRR10126888: 2 baits >= 0.7 ['ECBAIT_10_0172_MEMBER_INTERIOR_01', 'ECBAIT_HOST_CONTROL_01']
  HIT SRR10126891: 2 baits >= 0.7 ['ECBAIT_10_0002_MEMBER_INTERIOR_01', 'ECBAIT_10_0057_MEMBER_INTERIOR_01']
  HIT SRR10126892: 2 baits >= 0.7 ['ECBAIT_0_0054_MEMBER_INTERIOR_01', 'ECBAIT_10_0057_MEMBER_INTERIOR_01']
  HIT SRR10126893: 3 baits >= 0.7 ['ECBAIT_0_0000_JUNCTION_02', 'ECBAIT_0_0000_MEMBER_INTERIOR_01', 'ECBAIT_10_0057_MEMBER_INTERIOR_01']
  HIT SRR10126894: 2 baits >= 0.7 ['ECBAIT_10_0057_MEMBER_INTERIOR_01', 'ECBAIT_HOST_CONTROL_01']
  HIT SRR10126895: 1 baits >= 0.7 ['ECBAIT_HOST_CONTROL_01']
  HIT SRR10126896: 3 baits >= 0.7 ['ECBAIT_10_0002_MEMBER_INTERIOR_01', 'ECBAIT_10_0172_MEMBER_INTERIOR_01', 'ECBAIT_HOST_CONTROL_01']
  HIT SRR10126897: 4 baits >= 0.7 ['ECBAIT_10_0002_JUNCTION_01', 'ECBAIT_10_0002_JUNCTION_02', 'ECBAIT_1_0004_JUNCTION_01', 'ECBAIT_HOST_CONTROL_01']
  HIT SRR10126900: 1 baits >= 0.7 ['ECBAIT_10_0057_MEMBER_INTERIOR_01']
  HIT SRR10126899: 2 baits >= 0.7 ['ECBAIT_10_0002_MEMBER_INTERIOR_01', 'ECBAIT_10_0057_MEMBER_INTERIOR_01']
  4100/12000 processed (3847 screened, 3305 hit-accessions) 1242s budget=6.4GB
  HIT SRR10126901: 1 baits >= 0.7 ['ECBAIT_10_0172_MEMBER_INTERIOR_01']
  HIT SRR10126902: 4 baits >= 0.7 ['ECBAIT_0_0000_JUNCTION_02', 'ECBAIT_10_0002_JUNCTION_01', 'ECBAIT_10_0057_MEMBER_INTERIOR_01', 'ECBAIT_10_0151_JUNCTION_03']
  HIT SRR10126903: 2 baits >= 0.7 ['ECBAIT_10_0002_MEMBER_INTERIOR_01', 'ECBAIT_10_0057_MEMBER_INTERIOR_01']
  HIT SRR10126904: 1 baits >= 0.7 ['ECBAIT_10_0057_MEMBER_INTERIOR_01']
  HIT SRR10126906: 2 baits >= 0.7 ['ECBAIT_0_0000_JUNCTION_02', 'ECBAIT_10_0057_MEMBER_INTERIOR_01']
  HIT SRR10126907: 2 baits >= 0.7 ['ECBAIT_10_0002_MEMBER_INTERIOR_01', 'ECBAIT_1_0004_JUNCTION_02']
  HIT SRR10126908: 2 baits >= 0.7 ['ECBAIT_10_0002_MEMBER_INTERIOR_01', 'ECBAIT_10_0057_MEMBER_INTERIOR_01']
  HIT SRR10148551: 4 baits >= 0.7 ['ECBAIT_0_0000_JUNCTION_02', 'ECBAIT_10_0002_JUNCTION_01', 'ECBAIT_10_0057_MEMBER_INTERIOR_01', 'ECBAIT_1_0004_JUNCTION_01']
  HIT SRR10201365: 1 baits >= 0.7 ['ECBAIT_HOST_CONTROL_01']
  HIT SRR10201366: 1 baits >= 0.7 ['ECBAIT_HOST_CONTROL_01']
  HIT SRR10206165: 1 baits >= 0.7 ['ECBAIT_HOST_CONTROL_01']
  HIT SRR10205831: 1 baits >= 0.7 ['ECBAIT_HOST_CONTROL_01']
  HIT SRR10206169: 1 baits >= 0.7 ['ECBAIT_HOST_CONTROL_01']
  HIT SRR10207367: 1 baits >= 0.7 ['ECBAIT_HOST_CONTROL_01']
  HIT SRR10206176: 1 baits >= 0.7 ['ECBAIT_HOST_CONTROL_01']
  HIT SRR10207504: 1 baits >= 0.7 ['ECBAIT_HOST_CONTROL_01']
  HIT SRR10207505: 1 baits >= 0.7 ['ECBAIT_HOST_CONTROL_01']
  HIT SRR10208299: 1 baits >= 0.7 ['ECBAIT_HOST_CONTROL_01']
  HIT SRR10208300: 1 baits >= 0.7 ['ECBAIT_HOST_CONTROL_01']
  HIT SRR10208301: 1 baits >= 0.7 ['ECBAIT_HOST_CONTROL_01']
  HIT SRR10208303: 1 baits >= 0.7 ['ECBAIT_HOST_CONTROL_01']
  HIT SRR10208304: 1 baits >= 0.7 ['ECBAIT_HOST_CONTROL_01']
  HIT SRR10208305: 1 baits >= 0.7 ['ECBAIT_HOST_CONTROL_01']
  HIT SRR10211335: 1 baits >= 0.7 ['ECBAIT_HOST_CONTROL_01']
  HIT SRR10211353: 1 baits >= 0.7 ['ECBAIT_HOST_CONTROL_01']
  HIT SRR10231204: 1 baits >= 0.7 ['ECBAIT_10_0057_MEMBER_INTERIOR_01']
  HIT SRR10231895: 1 baits >= 0.7 ['ECBAIT_10_0057_MEMBER_INTERIOR_01']
  HIT SRR10242855: 3 baits >= 0.7 ['ECBAIT_10_0002_MEMBER_INTERIOR_01', 'ECBAIT_10_0057_MEMBER_INTERIOR_01', 'ECBAIT_1_0004_JUNCTION_02']
  HIT SRR10242856: 3 baits >= 0.7 ['ECBAIT_10_0002_MEMBER_INTERIOR_01', 'ECBAIT_10_0057_MEMBER_INTERIOR_01', 'ECBAIT_1_0004_JUNCTION_02']
  HIT SRR10242857: 3 baits >= 0.7 ['ECBAIT_10_0002_MEMBER_INTERIOR_01', 'ECBAIT_10_0057_MEMBER_INTERIOR_01', 'ECBAIT_1_0004_JUNCTION_02']
  HIT SRR10242858: 3 baits >= 0.7 ['ECBAIT_10_0002_MEMBER_INTERIOR_01', 'ECBAIT_10_0057_MEMBER_INTERIOR_01', 'ECBAIT_1_0004_JUNCTION_02']
  HIT SRR10242859: 3 baits >= 0.7 ['ECBAIT_10_0002_MEMBER_INTERIOR_01', 'ECBAIT_10_0057_MEMBER_INTERIOR_01', 'ECBAIT_1_0004_JUNCTION_02']
  HIT SRR10242860: 3 baits >= 0.7 ['ECBAIT_10_0002_MEMBER_INTERIOR_01', 'ECBAIT_10_0057_MEMBER_INTERIOR_01', 'ECBAIT_1_0004_JUNCTION_02']
  HIT SRR10242861: 2 baits >= 0.7 ['ECBAIT_0_0000_JUNCTION_02', 'ECBAIT_10_0057_MEMBER_INTERIOR_01']
  HIT SRR10242862: 3 baits >= 0.7 ['ECBAIT_10_0002_MEMBER_INTERIOR_01', 'ECBAIT_10_0057_MEMBER_INTERIOR_01', 'ECBAIT_1_0004_JUNCTION_02']
  HIT SRR10242863: 1 baits >= 0.7 ['ECBAIT_10_0057_MEMBER_INTERIOR_01']
  HIT SRR10242864: 1 baits >= 0.7 ['ECBAIT_10_0057_MEMBER_INTERIOR_01']
  HIT SRR10242865: 1 baits >= 0.7 ['ECBAIT_10_0057_MEMBER_INTERIOR_01']
  HIT SRR10242866: 1 baits >= 0.7 ['ECBAIT_10_0057_MEMBER_INTERIOR_01']
  HIT SRR10242867: 1 baits >= 0.7 ['ECBAIT_10_0057_MEMBER_INTERIOR_01']
  HIT SRR10242868: 1 baits >= 0.7 ['ECBAIT_HOST_CONTROL_01']
  HIT SRR10242869: 1 baits >= 0.7 ['ECBAIT_HOST_CONTROL_01']
  HIT SRR10242870: 1 baits >= 0.7 ['ECBAIT_0_0000_MEMBER_INTERIOR_01']
  HIT SRR10242871: 4 baits >= 0.7 ['ECBAIT_10_0002_JUNCTION_01', 'ECBAIT_10_0002_JUNCTION_02', 'ECBAIT_10_0002_MEMBER_INTERIOR_01', 'ECBAIT_10_0057_MEMBER_INTERIOR_01']
  4150/12000 processed (3897 screened, 3349 hit-accessions) 1258s budget=6.4GB
  HIT SRR10242872: 1 baits >= 0.7 ['ECBAIT_10_0002_JUNCTION_01']
  HIT SRR10242873: 4 baits >= 0.7 ['ECBAIT_10_0002_MEMBER_INTERIOR_01', 'ECBAIT_10_0057_MEMBER_INTERIOR_01', 'ECBAIT_1_0004_JUNCTION_01', 'ECBAIT_1_0004_JUNCTION_02']
  HIT SRR10242874: 2 baits >= 0.7 ['ECBAIT_10_0057_MEMBER_INTERIOR_01', 'ECBAIT_HOST_CONTROL_01']
  HIT SRR10242875: 3 baits >= 0.7 ['ECBAIT_0_0000_JUNCTION_02', 'ECBAIT_10_0057_MEMBER_INTERIOR_01', 'ECBAIT_1_0004_JUNCTION_01']
  HIT SRR10242877: 2 baits >= 0.7 ['ECBAIT_10_0057_MEMBER_INTERIOR_01', 'ECBAIT_HOST_CONTROL_01']
  HIT SRR10242876: 2 baits >= 0.7 ['ECBAIT_0_0000_JUNCTION_02', 'ECBAIT_10_0057_MEMBER_INTERIOR_01']
  HIT SRR10242878: 1 baits >= 0.7 ['ECBAIT_HOST_CONTROL_01']
  HIT SRR10242879: 1 baits >= 0.7 ['ECBAIT_10_0057_MEMBER_INTERIOR_01']
  HIT SRR10242881: 3 baits >= 0.7 ['ECBAIT_10_0002_MEMBER_INTERIOR_01', 'ECBAIT_10_0057_MEMBER_INTERIOR_01', 'ECBAIT_1_0004_JUNCTION_02']
  HIT SRR10242880: 1 baits >= 0.7 ['ECBAIT_10_0057_MEMBER_INTERIOR_01']
  HIT SRR10242882: 3 baits >= 0.7 ['ECBAIT_10_0002_MEMBER_INTERIOR_01', 'ECBAIT_10_0057_MEMBER_INTERIOR_01', 'ECBAIT_1_0004_JUNCTION_02']
  HIT SRR10242883: 3 baits >= 0.7 ['ECBAIT_10_0002_MEMBER_INTERIOR_01', 'ECBAIT_10_0057_MEMBER_INTERIOR_01', 'ECBAIT_1_0004_JUNCTION_02']
  HIT SRR10242884: 1 baits >= 0.7 ['ECBAIT_10_0057_MEMBER_INTERIOR_01']
  HIT SRR10242885: 1 baits >= 0.7 ['ECBAIT_10_0057_MEMBER_INTERIOR_01']
  HIT SRR10247063: 2 baits >= 0.7 ['ECBAIT_HOST_CONTROL_01', 'ECBAIT_POSCON_LAMBDA_01']
  HIT SRR10247064: 2 baits >= 0.7 ['ECBAIT_HOST_CONTROL_01', 'ECBAIT_POSCON_LAMBDA_01']
  HIT SRR10247065: 1 baits >= 0.7 ['ECBAIT_HOST_CONTROL_01']
  HIT SRR10247066: 2 baits >= 0.7 ['ECBAIT_HOST_CONTROL_01', 'ECBAIT_POSCON_LAMBDA_01']
  HIT SRR10247067: 2 baits >= 0.7 ['ECBAIT_HOST_CONTROL_01', 'ECBAIT_POSCON_LAMBDA_01']
  HIT SRR10247068: 2 baits >= 0.7 ['ECBAIT_HOST_CONTROL_01', 'ECBAIT_POSCON_LAMBDA_01']
  HIT SRR10247069: 2 baits >= 0.7 ['ECBAIT_HOST_CONTROL_01', 'ECBAIT_POSCON_LAMBDA_01']
  HIT SRR10247070: 2 baits >= 0.7 ['ECBAIT_HOST_CONTROL_01', 'ECBAIT_POSCON_LAMBDA_01']
  HIT SRR10247071: 2 baits >= 0.7 ['ECBAIT_HOST_CONTROL_01', 'ECBAIT_POSCON_LAMBDA_01']
  HIT SRR10247073: 2 baits >= 0.7 ['ECBAIT_HOST_CONTROL_01', 'ECBAIT_POSCON_LAMBDA_01']
  HIT SRR10247072: 2 baits >= 0.7 ['ECBAIT_HOST_CONTROL_01', 'ECBAIT_POSCON_LAMBDA_01']
  HIT SRR10247405: 3 baits >= 0.7 ['ECBAIT_10_0057_MEMBER_INTERIOR_01', 'ECBAIT_10_0151_JUNCTION_03', 'ECBAIT_HOST_CONTROL_02']
  HIT SRR10358464: 1 baits >= 0.7 ['ECBAIT_HOST_CONTROL_01']
  HIT SRR10358463: 1 baits >= 0.7 ['ECBAIT_HOST_CONTROL_01']
  HIT SRR10358465: 1 baits >= 0.7 ['ECBAIT_HOST_CONTROL_01']
  HIT SRR10358467: 1 baits >= 0.7 ['ECBAIT_HOST_CONTROL_01']
  HIT SRR10358466: 1 baits >= 0.7 ['ECBAIT_HOST_CONTROL_01']
  HIT SRR10358468: 1 baits >= 0.7 ['ECBAIT_HOST_CONTROL_01']
  HIT SRR10358469: 1 baits >= 0.7 ['ECBAIT_HOST_CONTROL_01']
  HIT SRR10358470: 1 baits >= 0.7 ['ECBAIT_HOST_CONTROL_01']
  HIT SRR10358472: 1 baits >= 0.7 ['ECBAIT_HOST_CONTROL_01']
  HIT SRR10358471: 1 baits >= 0.7 ['ECBAIT_HOST_CONTROL_01']
  HIT SRR10358473: 1 baits >= 0.7 ['ECBAIT_HOST_CONTROL_01']
  HIT SRR10358474: 1 baits >= 0.7 ['ECBAIT_HOST_CONTROL_01']
  HIT SRR10358476: 1 baits >= 0.7 ['ECBAIT_HOST_CONTROL_01']
  HIT SRR10358475: 1 baits >= 0.7 ['ECBAIT_HOST_CONTROL_01']
  HIT SRR10358477: 1 baits >= 0.7 ['ECBAIT_HOST_CONTROL_01']
  HIT SRR10358478: 1 baits >= 0.7 ['ECBAIT_HOST_CONTROL_01']
  HIT SRR10358479: 1 baits >= 0.7 ['ECBAIT_HOST_CONTROL_01']
  HIT SRR10358480: 1 baits >= 0.7 ['ECBAIT_HOST_CONTROL_01']
  HIT SRR10358481: 1 baits >= 0.7 ['ECBAIT_HOST_CONTROL_01']
  HIT SRR10358482: 1 baits >= 0.7 ['ECBAIT_HOST_CONTROL_01']
  HIT SRR10358485: 1 baits >= 0.7 ['ECBAIT_HOST_CONTROL_01']
  HIT SRR10358484: 1 baits >= 0.7 ['ECBAIT_HOST_CONTROL_01']
  HIT SRR10358483: 1 baits >= 0.7 ['ECBAIT_HOST_CONTROL_01']
  4200/12000 processed (3947 screened, 3398 hit-accessions) 1274s budget=6.5GB
  HIT SRR10358486: 1 baits >= 0.7 ['ECBAIT_HOST_CONTROL_01']
  HIT SRR10358487: 1 baits >= 0.7 ['ECBAIT_HOST_CONTROL_01']
  HIT SRR10358489: 1 baits >= 0.7 ['ECBAIT_HOST_CONTROL_01']
  HIT SRR10358488: 1 baits >= 0.7 ['ECBAIT_HOST_CONTROL_01']
  HIT SRR10358490: 1 baits >= 0.7 ['ECBAIT_HOST_CONTROL_01']
  HIT SRR10383450: 2 baits >= 0.7 ['ECBAIT_10_0057_MEMBER_INTERIOR_01', 'ECBAIT_HOST_CONTROL_02']
  HIT SRR10358491: 1 baits >= 0.7 ['ECBAIT_HOST_CONTROL_01']
  HIT SRR10383453: 3 baits >= 0.7 ['ECBAIT_10_0002_JUNCTION_01', 'ECBAIT_10_0002_JUNCTION_02', 'ECBAIT_10_0057_MEMBER_INTERIOR_01']
  HIT SRR10383454: 2 baits >= 0.7 ['ECBAIT_10_0002_MEMBER_INTERIOR_01', 'ECBAIT_10_0057_MEMBER_INTERIOR_01']
  HIT SRR10383456: 4 baits >= 0.7 ['ECBAIT_0_0000_JUNCTION_02', 'ECBAIT_0_0000_MEMBER_INTERIOR_01', 'ECBAIT_10_0057_MEMBER_INTERIOR_01', 'ECBAIT_HOST_CONTROL_02']
  HIT SRR10383459: 1 baits >= 0.7 ['ECBAIT_10_0057_MEMBER_INTERIOR_01']
  HIT SRR10383460: 2 baits >= 0.7 ['ECBAIT_10_0002_MEMBER_INTERIOR_01', 'ECBAIT_10_0057_MEMBER_INTERIOR_01']
  HIT SRR10383462: 2 baits >= 0.7 ['ECBAIT_0_0054_MEMBER_INTERIOR_01', 'ECBAIT_10_0057_MEMBER_INTERIOR_01']
  HIT SRR10383461: 1 baits >= 0.7 ['ECBAIT_10_0057_MEMBER_INTERIOR_01']
  HIT SRR10383465: 1 baits >= 0.7 ['ECBAIT_10_0057_MEMBER_INTERIOR_01']
  HIT SRR10383466: 2 baits >= 0.7 ['ECBAIT_10_0002_MEMBER_INTERIOR_01', 'ECBAIT_10_0057_MEMBER_INTERIOR_01']
  HIT SRR10394547: 1 baits >= 0.7 ['ECBAIT_HOST_CONTROL_01']
  HIT SRR10394548: 1 baits >= 0.7 ['ECBAIT_HOST_CONTROL_01']
  HIT SRR10394549: 1 baits >= 0.7 ['ECBAIT_HOST_CONTROL_01']
  HIT SRR10394550: 1 baits >= 0.7 ['ECBAIT_HOST_CONTROL_01']
  HIT SRR10394551: 1 baits >= 0.7 ['ECBAIT_HOST_CONTROL_01']
  HIT SRR10394552: 1 baits >= 0.7 ['ECBAIT_HOST_CONTROL_01']
  HIT SRR10394553: 1 baits >= 0.7 ['ECBAIT_HOST_CONTROL_01']
  HIT SRR10394554: 1 baits >= 0.7 ['ECBAIT_HOST_CONTROL_01']
  HIT SRR10394555: 1 baits >= 0.7 ['ECBAIT_HOST_CONTROL_01']
  HIT SRR10394556: 1 baits >= 0.7 ['ECBAIT_HOST_CONTROL_01']
  HIT SRR10394557: 1 baits >= 0.7 ['ECBAIT_HOST_CONTROL_01']
  HIT SRR10394558: 1 baits >= 0.7 ['ECBAIT_HOST_CONTROL_01']
  HIT SRR10394559: 1 baits >= 0.7 ['ECBAIT_HOST_CONTROL_01']
  HIT SRR10394560: 1 baits >= 0.7 ['ECBAIT_HOST_CONTROL_01']
  HIT SRR10394562: 1 baits >= 0.7 ['ECBAIT_HOST_CONTROL_01']
  HIT SRR10394561: 1 baits >= 0.7 ['ECBAIT_HOST_CONTROL_01']
  HIT SRR10394563: 1 baits >= 0.7 ['ECBAIT_HOST_CONTROL_01']
  HIT SRR10394564: 1 baits >= 0.7 ['ECBAIT_HOST_CONTROL_01']
  HIT SRR10394565: 1 baits >= 0.7 ['ECBAIT_HOST_CONTROL_01']
  HIT SRR10394566: 1 baits >= 0.7 ['ECBAIT_HOST_CONTROL_01']
  HIT SRR10394591: 1 baits >= 0.7 ['ECBAIT_HOST_CONTROL_01']
  HIT SRR10411458: 1 baits >= 0.7 ['ECBAIT_HOST_CONTROL_01']
  HIT SRR10411508: 1 baits >= 0.7 ['ECBAIT_HOST_CONTROL_01']
  HIT SRR10425492: 5 baits >= 0.7 ['ECBAIT_10_0002_MEMBER_INTERIOR_01', 'ECBAIT_10_0044_INTERIOR_MODULE_01', 'ECBAIT_10_0044_MEMBER_INTERIOR_01', 'ECBAIT_10_0178_INTERIOR_MODULE_01']
  HIT SRR10425494: 1 baits >= 0.7 ['ECBAIT_10_0057_MEMBER_INTERIOR_01']
  HIT SRR10425496: 1 baits >= 0.7 ['ECBAIT_10_0057_MEMBER_INTERIOR_01']
  HIT SRR10425495: 6 baits >= 0.7 ['ECBAIT_10_0002_MEMBER_INTERIOR_01', 'ECBAIT_10_0044_INTERIOR_MODULE_01', 'ECBAIT_10_0044_MEMBER_INTERIOR_01', 'ECBAIT_10_0178_INTERIOR_MODULE_01']
  HIT SRR10425498: 1 baits >= 0.7 ['ECBAIT_10_0057_MEMBER_INTERIOR_01']
  HIT SRR10425500: 5 baits >= 0.7 ['ECBAIT_10_0002_MEMBER_INTERIOR_01', 'ECBAIT_10_0044_INTERIOR_MODULE_01', 'ECBAIT_10_0044_MEMBER_INTERIOR_01', 'ECBAIT_10_0178_INTERIOR_MODULE_01']
  HIT SRR10425501: 2 baits >= 0.7 ['ECBAIT_10_0002_MEMBER_INTERIOR_01', 'ECBAIT_HOST_CONTROL_01']
  4250/12000 processed (3997 screened, 3444 hit-accessions) 1290s budget=6.6GB
  HIT SRR10425503: 1 baits >= 0.7 ['ECBAIT_HOST_CONTROL_02']
  HIT SRR10425502: 3 baits >= 0.7 ['ECBAIT_10_0002_MEMBER_INTERIOR_01', 'ECBAIT_10_0057_MEMBER_INTERIOR_01', 'ECBAIT_HOST_CONTROL_01']
  HIT SRR10425506: 1 baits >= 0.7 ['ECBAIT_10_0057_MEMBER_INTERIOR_01']
  HIT SRR10425507: 1 baits >= 0.7 ['ECBAIT_10_0057_MEMBER_INTERIOR_01']
  HIT SRR10438129: 5 baits >= 0.7 ['ECBAIT_0_0000_INTERIOR_MODULE_01', 'ECBAIT_0_0000_JUNCTION_02', 'ECBAIT_0_0000_MEMBER_INTERIOR_01', 'ECBAIT_10_0057_MEMBER_INTERIOR_01']
  HIT SRR10438130: 5 baits >= 0.7 ['ECBAIT_0_0000_INTERIOR_MODULE_01', 'ECBAIT_0_0000_JUNCTION_02', 'ECBAIT_0_0000_MEMBER_INTERIOR_01', 'ECBAIT_10_0057_MEMBER_INTERIOR_01']
  HIT SRR10438131: 2 baits >= 0.7 ['ECBAIT_10_0002_MEMBER_INTERIOR_01', 'ECBAIT_10_0057_MEMBER_INTERIOR_01']
  HIT SRR10438132: 2 baits >= 0.7 ['ECBAIT_10_0002_MEMBER_INTERIOR_01', 'ECBAIT_10_0057_MEMBER_INTERIOR_01']
  HIT SRR10438133: 5 baits >= 0.7 ['ECBAIT_0_0000_INTERIOR_MODULE_01', 'ECBAIT_0_0000_JUNCTION_02', 'ECBAIT_0_0000_MEMBER_INTERIOR_01', 'ECBAIT_10_0057_MEMBER_INTERIOR_01']
  HIT SRR10438135: 2 baits >= 0.7 ['ECBAIT_10_0002_MEMBER_INTERIOR_01', 'ECBAIT_10_0057_MEMBER_INTERIOR_01']
  HIT SRR10438134: 5 baits >= 0.7 ['ECBAIT_0_0000_INTERIOR_MODULE_01', 'ECBAIT_0_0000_JUNCTION_02', 'ECBAIT_0_0000_MEMBER_INTERIOR_01', 'ECBAIT_10_0057_MEMBER_INTERIOR_01']
  HIT SRR10438136: 5 baits >= 0.7 ['ECBAIT_0_0000_INTERIOR_MODULE_01', 'ECBAIT_0_0000_JUNCTION_02', 'ECBAIT_0_0000_MEMBER_INTERIOR_01', 'ECBAIT_10_0057_MEMBER_INTERIOR_01']
  HIT SRR10438137: 2 baits >= 0.7 ['ECBAIT_10_0002_MEMBER_INTERIOR_01', 'ECBAIT_10_0057_MEMBER_INTERIOR_01']
  HIT SRR10438138: 2 baits >= 0.7 ['ECBAIT_10_0002_MEMBER_INTERIOR_01', 'ECBAIT_10_0057_MEMBER_INTERIOR_01']
  HIT SRR10438139: 1 baits >= 0.7 ['ECBAIT_10_0057_MEMBER_INTERIOR_01']
  HIT SRR10438140: 2 baits >= 0.7 ['ECBAIT_10_0002_MEMBER_INTERIOR_01', 'ECBAIT_10_0057_MEMBER_INTERIOR_01']
  HIT SRR10438141: 2 baits >= 0.7 ['ECBAIT_10_0002_MEMBER_INTERIOR_01', 'ECBAIT_10_0057_MEMBER_INTERIOR_01']
  HIT SRR10438142: 2 baits >= 0.7 ['ECBAIT_10_0002_MEMBER_INTERIOR_01', 'ECBAIT_10_0057_MEMBER_INTERIOR_01']
  HIT SRR10438143: 2 baits >= 0.7 ['ECBAIT_10_0002_MEMBER_INTERIOR_01', 'ECBAIT_10_0057_MEMBER_INTERIOR_01']
  HIT SRR10438144: 2 baits >= 0.7 ['ECBAIT_10_0002_MEMBER_INTERIOR_01', 'ECBAIT_10_0057_MEMBER_INTERIOR_01']
  HIT SRR10438145: 2 baits >= 0.7 ['ECBAIT_10_0002_MEMBER_INTERIOR_01', 'ECBAIT_10_0057_MEMBER_INTERIOR_01']
  HIT SRR10438146: 2 baits >= 0.7 ['ECBAIT_10_0002_MEMBER_INTERIOR_01', 'ECBAIT_10_0057_MEMBER_INTERIOR_01']
  HIT SRR10438147: 2 baits >= 0.7 ['ECBAIT_10_0002_MEMBER_INTERIOR_01', 'ECBAIT_10_0057_MEMBER_INTERIOR_01']
  HIT SRR10438150: 2 baits >= 0.7 ['ECBAIT_10_0002_MEMBER_INTERIOR_01', 'ECBAIT_10_0057_MEMBER_INTERIOR_01']
  HIT SRR10438151: 2 baits >= 0.7 ['ECBAIT_10_0002_MEMBER_INTERIOR_01', 'ECBAIT_10_0057_MEMBER_INTERIOR_01']
  HIT SRR10438152: 1 baits >= 0.7 ['ECBAIT_10_0057_MEMBER_INTERIOR_01']
  HIT SRR10438153: 1 baits >= 0.7 ['ECBAIT_10_0057_MEMBER_INTERIOR_01']
  HIT SRR10438154: 5 baits >= 0.7 ['ECBAIT_0_0000_INTERIOR_MODULE_01', 'ECBAIT_0_0000_JUNCTION_02', 'ECBAIT_0_0000_MEMBER_INTERIOR_01', 'ECBAIT_10_0057_MEMBER_INTERIOR_01']
  HIT SRR10438155: 5 baits >= 0.7 ['ECBAIT_0_0000_INTERIOR_MODULE_01', 'ECBAIT_0_0000_JUNCTION_02', 'ECBAIT_0_0000_MEMBER_INTERIOR_01', 'ECBAIT_10_0057_MEMBER_INTERIOR_01']
  HIT SRR10438156: 5 baits >= 0.7 ['ECBAIT_0_0000_INTERIOR_MODULE_01', 'ECBAIT_0_0000_JUNCTION_02', 'ECBAIT_0_0000_MEMBER_INTERIOR_01', 'ECBAIT_10_0057_MEMBER_INTERIOR_01']
  HIT SRR10438157: 5 baits >= 0.7 ['ECBAIT_0_0000_INTERIOR_MODULE_01', 'ECBAIT_0_0000_JUNCTION_02', 'ECBAIT_0_0000_MEMBER_INTERIOR_01', 'ECBAIT_10_0057_MEMBER_INTERIOR_01']
  HIT SRR10438158: 5 baits >= 0.7 ['ECBAIT_0_0000_INTERIOR_MODULE_01', 'ECBAIT_0_0000_JUNCTION_02', 'ECBAIT_0_0000_MEMBER_INTERIOR_01', 'ECBAIT_10_0057_MEMBER_INTERIOR_01']
  HIT SRR10438159: 5 baits >= 0.7 ['ECBAIT_0_0000_INTERIOR_MODULE_01', 'ECBAIT_0_0000_JUNCTION_02', 'ECBAIT_0_0000_MEMBER_INTERIOR_01', 'ECBAIT_10_0057_MEMBER_INTERIOR_01']
  HIT SRR10438160: 5 baits >= 0.7 ['ECBAIT_0_0000_INTERIOR_MODULE_01', 'ECBAIT_0_0000_JUNCTION_02', 'ECBAIT_0_0000_MEMBER_INTERIOR_01', 'ECBAIT_10_0057_MEMBER_INTERIOR_01']
  HIT SRR10438161: 5 baits >= 0.7 ['ECBAIT_0_0000_INTERIOR_MODULE_01', 'ECBAIT_0_0000_JUNCTION_02', 'ECBAIT_0_0000_MEMBER_INTERIOR_01', 'ECBAIT_10_0057_MEMBER_INTERIOR_01']
  HIT SRR10438162: 2 baits >= 0.7 ['ECBAIT_10_0002_MEMBER_INTERIOR_01', 'ECBAIT_10_0057_MEMBER_INTERIOR_01']
  HIT SRR10438163: 2 baits >= 0.7 ['ECBAIT_10_0002_MEMBER_INTERIOR_01', 'ECBAIT_10_0057_MEMBER_INTERIOR_01']
  HIT SRR10484340: 1 baits >= 0.7 ['ECBAIT_10_0057_MEMBER_INTERIOR_01']
  HIT SRR10526378: 1 baits >= 0.7 ['ECBAIT_HOST_CONTROL_01']
  HIT SRR10539047: 1 baits >= 0.7 ['ECBAIT_HOST_CONTROL_01']
  HIT SRR10541863: 2 baits >= 0.7 ['ECBAIT_10_0002_JUNCTION_01', 'ECBAIT_HOST_CONTROL_01']
  HIT SRR1055185: 2 baits >= 0.7 ['ECBAIT_10_0057_MEMBER_INTERIOR_01', 'ECBAIT_HOST_CONTROL_02']
  HIT SRR10572760: 1 baits >= 0.7 ['ECBAIT_HOST_CONTROL_01']
  HIT SRR10579955: 1 baits >= 0.7 ['ECBAIT_10_0057_MEMBER_INTERIOR_01']
  HIT SRR10584146: 2 baits >= 0.7 ['ECBAIT_HOST_CONTROL_01', 'ECBAIT_POSCON_LAMBDA_01']
  4300/12000 processed (4047 screened, 3489 hit-accessions) 1307s budget=6.7GB
  HIT SRR10584147: 2 baits >= 0.7 ['ECBAIT_HOST_CONTROL_01', 'ECBAIT_POSCON_LAMBDA_01']
  HIT SRR10584148: 3 baits >= 0.7 ['ECBAIT_0_0067_MEMBER_INTERIOR_01', 'ECBAIT_HOST_CONTROL_01', 'ECBAIT_POSCON_LAMBDA_01']
  HIT SRR10687735: 2 baits >= 0.7 ['ECBAIT_0_0094_MEMBER_INTERIOR_01', 'ECBAIT_10_0057_MEMBER_INTERIOR_01']
  HIT SRR10752475: 3 baits >= 0.7 ['ECBAIT_10_0002_JUNCTION_01', 'ECBAIT_10_0002_JUNCTION_02', 'ECBAIT_10_0002_MEMBER_INTERIOR_01']
  HIT SRR10843356: 2 baits >= 0.7 ['ECBAIT_10_0057_MEMBER_INTERIOR_01', 'ECBAIT_HOST_CONTROL_01']
  HIT SRR10878359: 3 baits >= 0.7 ['ECBAIT_10_0002_JUNCTION_01', 'ECBAIT_10_0002_JUNCTION_02', 'ECBAIT_10_0057_MEMBER_INTERIOR_01']
  HIT SRR10878360: 1 baits >= 0.7 ['ECBAIT_10_0057_MEMBER_INTERIOR_01']
  HIT SRR10878361: 1 baits >= 0.7 ['ECBAIT_10_0038_MEMBER_INTERIOR_01']
  HIT SRR10878363: 3 baits >= 0.7 ['ECBAIT_10_0002_MEMBER_INTERIOR_01', 'ECBAIT_10_0057_MEMBER_INTERIOR_01', 'ECBAIT_10_0172_MEMBER_INTERIOR_01']
  4350/12000 processed (4097 screened, 3498 hit-accessions) 1322s budget=6.7GB
  HIT SRR10878367: 3 baits >= 0.7 ['ECBAIT_0_0052_JUNCTION_03', 'ECBAIT_10_0057_MEMBER_INTERIOR_01', 'ECBAIT_HOST_CONTROL_01']
  HIT SRR10878368: 2 baits >= 0.7 ['ECBAIT_10_0002_MEMBER_INTERIOR_01', 'ECBAIT_10_0057_MEMBER_INTERIOR_01']
  HIT SRR10878369: 2 baits >= 0.7 ['ECBAIT_10_0002_MEMBER_INTERIOR_01', 'ECBAIT_10_0057_MEMBER_INTERIOR_01']
  HIT SRR10878371: 1 baits >= 0.7 ['ECBAIT_HOST_CONTROL_01']
  HIT SRR10878370: 1 baits >= 0.7 ['ECBAIT_HOST_CONTROL_01']
  HIT SRR10878372: 1 baits >= 0.7 ['ECBAIT_10_0057_MEMBER_INTERIOR_01']
  HIT SRR10878373: 2 baits >= 0.7 ['ECBAIT_10_0002_MEMBER_INTERIOR_01', 'ECBAIT_10_0057_MEMBER_INTERIOR_01']
  HIT SRR10878375: 2 baits >= 0.7 ['ECBAIT_10_0002_MEMBER_INTERIOR_01', 'ECBAIT_10_0057_MEMBER_INTERIOR_01']
  HIT SRR10878376: 2 baits >= 0.7 ['ECBAIT_10_0002_MEMBER_INTERIOR_01', 'ECBAIT_10_0057_MEMBER_INTERIOR_01']
  HIT SRR10878377: 1 baits >= 0.7 ['ECBAIT_HOST_CONTROL_02']
  HIT SRR10878379: 3 baits >= 0.7 ['ECBAIT_10_0002_MEMBER_INTERIOR_01', 'ECBAIT_10_0057_MEMBER_INTERIOR_01', 'ECBAIT_10_0172_MEMBER_INTERIOR_01']
  HIT SRR10878380: 5 baits >= 0.7 ['ECBAIT_0_0000_JUNCTION_02', 'ECBAIT_0_0000_MEMBER_INTERIOR_01', 'ECBAIT_10_0172_MEMBER_INTERIOR_01', 'ECBAIT_1_0004_JUNCTION_02']
  HIT SRR10878382: 2 baits >= 0.7 ['ECBAIT_10_0002_MEMBER_INTERIOR_01', 'ECBAIT_10_0057_MEMBER_INTERIOR_01']
  HIT SRR10878381: 1 baits >= 0.7 ['ECBAIT_10_0057_MEMBER_INTERIOR_01']
  HIT SRR10878383: 1 baits >= 0.7 ['ECBAIT_1_0004_JUNCTION_01']
  HIT SRR10878384: 2 baits >= 0.7 ['ECBAIT_10_0002_MEMBER_INTERIOR_01', 'ECBAIT_10_0057_MEMBER_INTERIOR_01']
  HIT SRR10878385: 1 baits >= 0.7 ['ECBAIT_HOST_CONTROL_01']
  HIT SRR10905448: 2 baits >= 0.7 ['ECBAIT_10_0002_MEMBER_INTERIOR_01', 'ECBAIT_10_0057_MEMBER_INTERIOR_01']
  HIT SRR10905450: 4 baits >= 0.7 ['ECBAIT_0_0000_JUNCTION_02', 'ECBAIT_0_0000_MEMBER_INTERIOR_01', 'ECBAIT_10_0057_MEMBER_INTERIOR_01', 'ECBAIT_HOST_CONTROL_02']
  HIT SRR10905519: 2 baits >= 0.7 ['ECBAIT_0_0000_JUNCTION_02', 'ECBAIT_1_0004_INTERIOR_MODULE_01']
  HIT SRR10905454: 2 baits >= 0.7 ['ECBAIT_10_0002_MEMBER_INTERIOR_01', 'ECBAIT_10_0057_MEMBER_INTERIOR_01']
  HIT SRR10905455: 2 baits >= 0.7 ['ECBAIT_10_0002_MEMBER_INTERIOR_01', 'ECBAIT_10_0057_MEMBER_INTERIOR_01']
  HIT SRR10905534: 2 baits >= 0.7 ['ECBAIT_10_0002_MEMBER_INTERIOR_01', 'ECBAIT_10_0057_MEMBER_INTERIOR_01']
  HIT SRR10905542: 4 baits >= 0.7 ['ECBAIT_0_0046_MEMBER_INTERIOR_01', 'ECBAIT_10_0057_MEMBER_INTERIOR_01', 'ECBAIT_1_0022_JUNCTION_03', 'ECBAIT_HOST_CONTROL_01']
  HIT SRR10905535: 2 baits >= 0.7 ['ECBAIT_10_0002_MEMBER_INTERIOR_01', 'ECBAIT_10_0057_MEMBER_INTERIOR_01']
  HIT SRR10905571: 2 baits >= 0.7 ['ECBAIT_10_0057_MEMBER_INTERIOR_01', 'ECBAIT_HOST_CONTROL_02']
  HIT SRR10905599: 2 baits >= 0.7 ['ECBAIT_1_0004_JUNCTION_02', 'ECBAIT_HOST_CONTROL_02']
  HIT SRR10905612: 4 baits >= 0.7 ['ECBAIT_0_0000_JUNCTION_02', 'ECBAIT_0_0000_MEMBER_INTERIOR_01', 'ECBAIT_10_0172_MEMBER_INTERIOR_01', 'ECBAIT_HOST_CONTROL_02']
  HIT SRR10905602: 2 baits >= 0.7 ['ECBAIT_10_0002_MEMBER_INTERIOR_01', 'ECBAIT_10_0057_MEMBER_INTERIOR_01']
  HIT SRR10905621: 2 baits >= 0.7 ['ECBAIT_10_0057_MEMBER_INTERIOR_01', 'ECBAIT_HOST_CONTROL_02']
  HIT SRR10905622: 1 baits >= 0.7 ['ECBAIT_10_0057_MEMBER_INTERIOR_01']
  HIT SRR10905641: 4 baits >= 0.7 ['ECBAIT_10_0002_JUNCTION_01', 'ECBAIT_10_0002_JUNCTION_02', 'ECBAIT_10_0002_MEMBER_INTERIOR_01', 'ECBAIT_10_0057_MEMBER_INTERIOR_01']
  HIT SRR10905672: 2 baits >= 0.7 ['ECBAIT_0_0014_MEMBER_INTERIOR_01', 'ECBAIT_10_0057_MEMBER_INTERIOR_01']
  HIT SRR10905644: 7 baits >= 0.7 ['ECBAIT_0_0000_INTERIOR_MODULE_01', 'ECBAIT_0_0000_JUNCTION_02', 'ECBAIT_0_0000_MEMBER_INTERIOR_01', 'ECBAIT_10_0002_JUNCTION_01']
  HIT SRR10905701: 9 baits >= 0.7 ['ECBAIT_0_0046_MEMBER_INTERIOR_01', 'ECBAIT_0_0059_JUNCTION_01', 'ECBAIT_0_0059_JUNCTION_02', 'ECBAIT_0_0059_JUNCTION_03']
  HIT SRR10905704: 2 baits >= 0.7 ['ECBAIT_10_0002_MEMBER_INTERIOR_01', 'ECBAIT_10_0057_MEMBER_INTERIOR_01']
  HIT SRR10905715: 1 baits >= 0.7 ['ECBAIT_10_0057_MEMBER_INTERIOR_01']
  HIT SRR10905710: 2 baits >= 0.7 ['ECBAIT_10_0151_JUNCTION_03', 'ECBAIT_10_0172_MEMBER_INTERIOR_01']
  HIT SRR10905720: 2 baits >= 0.7 ['ECBAIT_10_0057_MEMBER_INTERIOR_01', 'ECBAIT_10_0151_JUNCTION_03']
  HIT SRR10905721: 2 baits >= 0.7 ['ECBAIT_10_0057_MEMBER_INTERIOR_01', 'ECBAIT_HOST_CONTROL_02']
  HIT SRR10905722: 2 baits >= 0.7 ['ECBAIT_10_0057_MEMBER_INTERIOR_01', 'ECBAIT_HOST_CONTROL_01']
  HIT SRR10905724: 3 baits >= 0.7 ['ECBAIT_0_0000_JUNCTION_02', 'ECBAIT_10_0057_MEMBER_INTERIOR_01', 'ECBAIT_10_0151_JUNCTION_03']
  HIT SRR10905771: 1 baits >= 0.7 ['ECBAIT_HOST_CONTROL_02']
  4400/12000 processed (4147 screened, 3541 hit-accessions) 1339s budget=6.8GB
  HIT SRR10905759: 6 baits >= 0.7 ['ECBAIT_0_0046_MEMBER_INTERIOR_01', 'ECBAIT_10_0057_MEMBER_INTERIOR_01', 'ECBAIT_1_0022_JUNCTION_02', 'ECBAIT_1_0022_JUNCTION_03']
  HIT SRR10905745: 1 baits >= 0.7 ['ECBAIT_0_0094_MEMBER_INTERIOR_01']
  HIT SRR10905798: 4 baits >= 0.7 ['ECBAIT_0_0000_JUNCTION_02', 'ECBAIT_0_0000_MEMBER_INTERIOR_01', 'ECBAIT_10_0057_MEMBER_INTERIOR_01', 'ECBAIT_HOST_CONTROL_02']
  HIT SRR10905792: 5 baits >= 0.7 ['ECBAIT_0_0000_INTERIOR_MODULE_01', 'ECBAIT_0_0000_JUNCTION_02', 'ECBAIT_0_0000_MEMBER_INTERIOR_01', 'ECBAIT_10_0057_MEMBER_INTERIOR_01']
  HIT SRR10905794: 2 baits >= 0.7 ['ECBAIT_10_0002_MEMBER_INTERIOR_01', 'ECBAIT_10_0057_MEMBER_INTERIOR_01']
  HIT SRR10905799: 2 baits >= 0.7 ['ECBAIT_10_0002_MEMBER_INTERIOR_01', 'ECBAIT_10_0057_MEMBER_INTERIOR_01']
  HIT SRR10905801: 7 baits >= 0.7 ['ECBAIT_0_0000_INTERIOR_MODULE_01', 'ECBAIT_0_0000_JUNCTION_02', 'ECBAIT_0_0000_MEMBER_INTERIOR_01', 'ECBAIT_10_0002_JUNCTION_01']
  HIT SRR10905807: 6 baits >= 0.7 ['ECBAIT_0_0000_INTERIOR_MODULE_01', 'ECBAIT_0_0000_JUNCTION_02', 'ECBAIT_0_0000_MEMBER_INTERIOR_01', 'ECBAIT_10_0002_JUNCTION_03']
  HIT SRR10905806: 5 baits >= 0.7 ['ECBAIT_0_0000_INTERIOR_MODULE_01', 'ECBAIT_0_0000_JUNCTION_02', 'ECBAIT_0_0000_MEMBER_INTERIOR_01', 'ECBAIT_10_0057_MEMBER_INTERIOR_01']
  HIT SRR10905812: 5 baits >= 0.7 ['ECBAIT_0_0000_INTERIOR_MODULE_01', 'ECBAIT_0_0000_JUNCTION_02', 'ECBAIT_0_0000_MEMBER_INTERIOR_01', 'ECBAIT_10_0057_MEMBER_INTERIOR_01']
  HIT SRR10905859: 4 baits >= 0.7 ['ECBAIT_0_0000_JUNCTION_02', 'ECBAIT_0_0000_MEMBER_INTERIOR_01', 'ECBAIT_10_0057_MEMBER_INTERIOR_01', 'ECBAIT_HOST_CONTROL_02']
  HIT SRR10905818: 1 baits >= 0.7 ['ECBAIT_10_0057_MEMBER_INTERIOR_01']
  HIT SRR10905823: 2 baits >= 0.7 ['ECBAIT_10_0002_MEMBER_INTERIOR_01', 'ECBAIT_10_0057_MEMBER_INTERIOR_01']
  HIT SRR10905936: 2 baits >= 0.7 ['ECBAIT_10_0002_MEMBER_INTERIOR_01', 'ECBAIT_10_0057_MEMBER_INTERIOR_01']
  HIT SRR10906018: 2 baits >= 0.7 ['ECBAIT_10_0057_MEMBER_INTERIOR_01', 'ECBAIT_HOST_CONTROL_02']
  HIT SRR10905965: 4 baits >= 0.7 ['ECBAIT_0_0000_INTERIOR_MODULE_01', 'ECBAIT_0_0000_JUNCTION_02', 'ECBAIT_0_0000_MEMBER_INTERIOR_01', 'ECBAIT_HOST_CONTROL_02']
  HIT SRR10906083: 1 baits >= 0.7 ['ECBAIT_10_0057_MEMBER_INTERIOR_01']
  HIT SRR10906084: 7 baits >= 0.7 ['ECBAIT_0_0000_INTERIOR_MODULE_01', 'ECBAIT_0_0000_JUNCTION_02', 'ECBAIT_0_0000_MEMBER_INTERIOR_01', 'ECBAIT_10_0057_MEMBER_INTERIOR_01']
  HIT SRR10906109: 2 baits >= 0.7 ['ECBAIT_10_0057_MEMBER_INTERIOR_01', 'ECBAIT_HOST_CONTROL_02']
  HIT SRR10906108: 2 baits >= 0.7 ['ECBAIT_10_0057_MEMBER_INTERIOR_01', 'ECBAIT_HOST_CONTROL_02']
  HIT SRR10918381: 1 baits >= 0.7 ['ECBAIT_10_0057_MEMBER_INTERIOR_01']
  HIT SRR10947643: 2 baits >= 0.7 ['ECBAIT_10_0057_MEMBER_INTERIOR_01', 'ECBAIT_1_0004_MEMBER_INTERIOR_01']
  HIT SRR11023976: 3 baits >= 0.7 ['ECBAIT_0_0052_JUNCTION_01', 'ECBAIT_0_0052_JUNCTION_03', 'ECBAIT_10_0057_MEMBER_INTERIOR_01']
  HIT SRR10963194: 3 baits >= 0.7 ['ECBAIT_10_0057_MEMBER_INTERIOR_01', 'ECBAIT_1_0022_JUNCTION_03', 'ECBAIT_HOST_CONTROL_01']
  HIT SRR11023977: 1 baits >= 0.7 ['ECBAIT_HOST_CONTROL_01']
  HIT SRR11023978: 1 baits >= 0.7 ['ECBAIT_10_0057_MEMBER_INTERIOR_01']
  HIT SRR11023979: 1 baits >= 0.7 ['ECBAIT_HOST_CONTROL_01']
  HIT SRR11023980: 2 baits >= 0.7 ['ECBAIT_10_0057_MEMBER_INTERIOR_01', 'ECBAIT_HOST_CONTROL_01']
  HIT SRR11023981: 1 baits >= 0.7 ['ECBAIT_10_0057_MEMBER_INTERIOR_01']
  HIT SRR11023982: 1 baits >= 0.7 ['ECBAIT_HOST_CONTROL_01']
  HIT SRR11023983: 1 baits >= 0.7 ['ECBAIT_HOST_CONTROL_01']
  HIT SRR11023984: 1 baits >= 0.7 ['ECBAIT_10_0057_MEMBER_INTERIOR_01']
  HIT SRR11023986: 1 baits >= 0.7 ['ECBAIT_10_0057_MEMBER_INTERIOR_01']
  HIT SRR11023985: 2 baits >= 0.7 ['ECBAIT_10_0057_MEMBER_INTERIOR_01', 'ECBAIT_HOST_CONTROL_01']
  HIT SRR11023988: 1 baits >= 0.7 ['ECBAIT_0_0000_JUNCTION_02']
  HIT SRR11031357: 2 baits >= 0.7 ['ECBAIT_10_0057_MEMBER_INTERIOR_01', 'ECBAIT_HOST_CONTROL_01']
  HIT SRR11031358: 4 baits >= 0.7 ['ECBAIT_10_0057_MEMBER_INTERIOR_01', 'ECBAIT_10_0172_MEMBER_INTERIOR_01', 'ECBAIT_1_0004_JUNCTION_01', 'ECBAIT_HOST_CONTROL_01']
  HIT SRR11031359: 1 baits >= 0.7 ['ECBAIT_10_0057_MEMBER_INTERIOR_01']
  HIT SRR11031361: 2 baits >= 0.7 ['ECBAIT_10_0057_MEMBER_INTERIOR_01', 'ECBAIT_HOST_CONTROL_01']
  HIT SRR11031360: 2 baits >= 0.7 ['ECBAIT_10_0057_MEMBER_INTERIOR_01', 'ECBAIT_HOST_CONTROL_01']
  HIT SRR11031362: 1 baits >= 0.7 ['ECBAIT_10_0057_MEMBER_INTERIOR_01']
  HIT SRR11031366: 7 baits >= 0.7 ['ECBAIT_0_0059_JUNCTION_01', 'ECBAIT_0_0059_JUNCTION_02', 'ECBAIT_0_0059_JUNCTION_03', 'ECBAIT_0_0059_MEMBER_INTERIOR_01']
  HIT SRR11031364: 1 baits >= 0.7 ['ECBAIT_0_0000_JUNCTION_02']
  HIT SRR11031365: 1 baits >= 0.7 ['ECBAIT_0_0071_INTERIOR_MODULE_01']
  HIT SRR11031369: 2 baits >= 0.7 ['ECBAIT_10_0057_MEMBER_INTERIOR_01', 'ECBAIT_HOST_CONTROL_01']
  HIT SRR11031370: 1 baits >= 0.7 ['ECBAIT_10_0057_MEMBER_INTERIOR_01']
  4450/12000 processed (4197 screened, 3587 hit-accessions) 1354s budget=6.9GB
  HIT SRR11031368: 2 baits >= 0.7 ['ECBAIT_10_0057_MEMBER_INTERIOR_01', 'ECBAIT_HOST_CONTROL_01']
  HIT SRR11031371: 1 baits >= 0.7 ['ECBAIT_HOST_CONTROL_02']
  HIT SRR11031372: 3 baits >= 0.7 ['ECBAIT_10_0172_MEMBER_INTERIOR_01', 'ECBAIT_1_0004_JUNCTION_01', 'ECBAIT_HOST_CONTROL_01']
  HIT SRR11031374: 1 baits >= 0.7 ['ECBAIT_1_0004_JUNCTION_01']
  HIT SRR11031375: 2 baits >= 0.7 ['ECBAIT_10_0057_MEMBER_INTERIOR_01', 'ECBAIT_HOST_CONTROL_01']
  HIT SRR11031377: 3 baits >= 0.7 ['ECBAIT_0_0000_JUNCTION_02', 'ECBAIT_10_0057_MEMBER_INTERIOR_01', 'ECBAIT_HOST_CONTROL_02']
  HIT SRR11031376: 2 baits >= 0.7 ['ECBAIT_10_0057_MEMBER_INTERIOR_01', 'ECBAIT_HOST_CONTROL_01']
  HIT SRR11031378: 1 baits >= 0.7 ['ECBAIT_10_0057_MEMBER_INTERIOR_01']
  HIT SRR11031379: 2 baits >= 0.7 ['ECBAIT_10_0172_MEMBER_INTERIOR_01', 'ECBAIT_HOST_CONTROL_01']
  HIT SRR11031380: 4 baits >= 0.7 ['ECBAIT_10_0057_MEMBER_INTERIOR_01', 'ECBAIT_10_0172_MEMBER_INTERIOR_01', 'ECBAIT_1_0004_JUNCTION_01', 'ECBAIT_HOST_CONTROL_01']
  HIT SRR11031382: 1 baits >= 0.7 ['ECBAIT_HOST_CONTROL_01']
  HIT SRR11046872: 1 baits >= 0.7 ['ECBAIT_10_0057_MEMBER_INTERIOR_01']
  HIT SRR11046871: 1 baits >= 0.7 ['ECBAIT_HOST_CONTROL_01']
  HIT SRR11046873: 2 baits >= 0.7 ['ECBAIT_10_0057_MEMBER_INTERIOR_01', 'ECBAIT_HOST_CONTROL_01']
  HIT SRR11046876: 2 baits >= 0.7 ['ECBAIT_10_0151_JUNCTION_03', 'ECBAIT_10_0172_MEMBER_INTERIOR_01']
  HIT SRR11046875: 2 baits >= 0.7 ['ECBAIT_10_0002_JUNCTION_01', 'ECBAIT_HOST_CONTROL_01']
  HIT SRR11046874: 2 baits >= 0.7 ['ECBAIT_10_0002_JUNCTION_01', 'ECBAIT_HOST_CONTROL_01']
  HIT SRR11046877: 2 baits >= 0.7 ['ECBAIT_10_0002_JUNCTION_01', 'ECBAIT_HOST_CONTROL_01']
  HIT SRR11046878: 2 baits >= 0.7 ['ECBAIT_10_0002_JUNCTION_01', 'ECBAIT_HOST_CONTROL_01']
  HIT SRR11048733: 2 baits >= 0.7 ['ECBAIT_10_0057_MEMBER_INTERIOR_01', 'ECBAIT_HOST_CONTROL_01']
  HIT SRR11048734: 2 baits >= 0.7 ['ECBAIT_10_0057_MEMBER_INTERIOR_01', 'ECBAIT_HOST_CONTROL_01']
  HIT SRR11048735: 4 baits >= 0.7 ['ECBAIT_10_0002_JUNCTION_01', 'ECBAIT_10_0002_JUNCTION_02', 'ECBAIT_10_0057_MEMBER_INTERIOR_01', 'ECBAIT_HOST_CONTROL_01']
  HIT SRR11048736: 2 baits >= 0.7 ['ECBAIT_10_0057_MEMBER_INTERIOR_01', 'ECBAIT_HOST_CONTROL_01']
  HIT SRR11048737: 2 baits >= 0.7 ['ECBAIT_10_0057_MEMBER_INTERIOR_01', 'ECBAIT_HOST_CONTROL_01']
  HIT SRR11048738: 2 baits >= 0.7 ['ECBAIT_10_0057_MEMBER_INTERIOR_01', 'ECBAIT_HOST_CONTROL_01']
  HIT SRR11048739: 2 baits >= 0.7 ['ECBAIT_10_0057_MEMBER_INTERIOR_01', 'ECBAIT_HOST_CONTROL_01']
  HIT SRR11048740: 1 baits >= 0.7 ['ECBAIT_HOST_CONTROL_02']
  HIT SRR11146888: 3 baits >= 0.7 ['ECBAIT_10_0002_MEMBER_INTERIOR_01', 'ECBAIT_10_0057_MEMBER_INTERIOR_01', 'ECBAIT_10_0172_MEMBER_INTERIOR_01']
  HIT SRR11146887: 3 baits >= 0.7 ['ECBAIT_10_0002_MEMBER_INTERIOR_01', 'ECBAIT_10_0057_MEMBER_INTERIOR_01', 'ECBAIT_10_0172_MEMBER_INTERIOR_01']
  HIT SRR11146889: 3 baits >= 0.7 ['ECBAIT_10_0002_MEMBER_INTERIOR_01', 'ECBAIT_10_0057_MEMBER_INTERIOR_01', 'ECBAIT_10_0172_MEMBER_INTERIOR_01']
  HIT SRR11146891: 3 baits >= 0.7 ['ECBAIT_10_0057_MEMBER_INTERIOR_01', 'ECBAIT_10_0070_MEMBER_INTERIOR_01', 'ECBAIT_HOST_CONTROL_01']
  HIT SRR11146892: 3 baits >= 0.7 ['ECBAIT_10_0057_MEMBER_INTERIOR_01', 'ECBAIT_10_0070_MEMBER_INTERIOR_01', 'ECBAIT_HOST_CONTROL_01']
  HIT SRR11146893: 3 baits >= 0.7 ['ECBAIT_10_0002_MEMBER_INTERIOR_01', 'ECBAIT_10_0057_MEMBER_INTERIOR_01', 'ECBAIT_10_0172_MEMBER_INTERIOR_01']
  HIT SRR11146890: 2 baits >= 0.7 ['ECBAIT_10_0057_MEMBER_INTERIOR_01', 'ECBAIT_HOST_CONTROL_01']
  HIT SRR11146895: 3 baits >= 0.7 ['ECBAIT_10_0002_MEMBER_INTERIOR_01', 'ECBAIT_10_0057_MEMBER_INTERIOR_01', 'ECBAIT_10_0172_MEMBER_INTERIOR_01']
  HIT SRR11146894: 3 baits >= 0.7 ['ECBAIT_10_0002_MEMBER_INTERIOR_01', 'ECBAIT_10_0057_MEMBER_INTERIOR_01', 'ECBAIT_10_0172_MEMBER_INTERIOR_01']
  HIT SRR11146896: 3 baits >= 0.7 ['ECBAIT_10_0002_MEMBER_INTERIOR_01', 'ECBAIT_10_0057_MEMBER_INTERIOR_01', 'ECBAIT_10_0172_MEMBER_INTERIOR_01']
  HIT SRR11146897: 3 baits >= 0.7 ['ECBAIT_10_0002_MEMBER_INTERIOR_01', 'ECBAIT_10_0057_MEMBER_INTERIOR_01', 'ECBAIT_10_0172_MEMBER_INTERIOR_01']
  HIT SRR11146898: 3 baits >= 0.7 ['ECBAIT_10_0002_MEMBER_INTERIOR_01', 'ECBAIT_10_0057_MEMBER_INTERIOR_01', 'ECBAIT_10_0172_MEMBER_INTERIOR_01']
  HIT SRR11146899: 3 baits >= 0.7 ['ECBAIT_10_0002_MEMBER_INTERIOR_01', 'ECBAIT_10_0057_MEMBER_INTERIOR_01', 'ECBAIT_10_0172_MEMBER_INTERIOR_01']
  HIT SRR11146900: 3 baits >= 0.7 ['ECBAIT_10_0002_MEMBER_INTERIOR_01', 'ECBAIT_10_0057_MEMBER_INTERIOR_01', 'ECBAIT_10_0172_MEMBER_INTERIOR_01']
  HIT SRR11146901: 3 baits >= 0.7 ['ECBAIT_10_0002_MEMBER_INTERIOR_01', 'ECBAIT_10_0057_MEMBER_INTERIOR_01', 'ECBAIT_10_0172_MEMBER_INTERIOR_01']
  HIT SRR11148634: 3 baits >= 0.7 ['ECBAIT_10_0002_MEMBER_INTERIOR_01', 'ECBAIT_10_0057_MEMBER_INTERIOR_01', 'ECBAIT_10_0172_MEMBER_INTERIOR_01']
  HIT SRR11148635: 3 baits >= 0.7 ['ECBAIT_10_0002_MEMBER_INTERIOR_01', 'ECBAIT_10_0057_MEMBER_INTERIOR_01', 'ECBAIT_10_0172_MEMBER_INTERIOR_01']
  HIT SRR11148636: 3 baits >= 0.7 ['ECBAIT_10_0002_MEMBER_INTERIOR_01', 'ECBAIT_10_0057_MEMBER_INTERIOR_01', 'ECBAIT_10_0172_MEMBER_INTERIOR_01']
  4500/12000 processed (4246 screened, 3632 hit-accessions) 1371s budget=7.1GB
  HIT SRR11148638: 3 baits >= 0.7 ['ECBAIT_10_0057_MEMBER_INTERIOR_01', 'ECBAIT_10_0070_MEMBER_INTERIOR_01', 'ECBAIT_HOST_CONTROL_01']
  HIT SRR11148637: 2 baits >= 0.7 ['ECBAIT_10_0057_MEMBER_INTERIOR_01', 'ECBAIT_HOST_CONTROL_01']
  HIT SRR11148639: 3 baits >= 0.7 ['ECBAIT_10_0057_MEMBER_INTERIOR_01', 'ECBAIT_10_0070_MEMBER_INTERIOR_01', 'ECBAIT_HOST_CONTROL_01']
  HIT SRR11148640: 3 baits >= 0.7 ['ECBAIT_10_0002_MEMBER_INTERIOR_01', 'ECBAIT_10_0057_MEMBER_INTERIOR_01', 'ECBAIT_10_0172_MEMBER_INTERIOR_01']
  HIT SRR11148641: 3 baits >= 0.7 ['ECBAIT_10_0002_MEMBER_INTERIOR_01', 'ECBAIT_10_0057_MEMBER_INTERIOR_01', 'ECBAIT_10_0172_MEMBER_INTERIOR_01']
  HIT SRR11148642: 3 baits >= 0.7 ['ECBAIT_10_0002_MEMBER_INTERIOR_01', 'ECBAIT_10_0057_MEMBER_INTERIOR_01', 'ECBAIT_10_0172_MEMBER_INTERIOR_01']
  HIT SRR11148643: 3 baits >= 0.7 ['ECBAIT_10_0002_MEMBER_INTERIOR_01', 'ECBAIT_10_0057_MEMBER_INTERIOR_01', 'ECBAIT_10_0172_MEMBER_INTERIOR_01']
  HIT SRR11148644: 3 baits >= 0.7 ['ECBAIT_10_0002_MEMBER_INTERIOR_01', 'ECBAIT_10_0057_MEMBER_INTERIOR_01', 'ECBAIT_10_0172_MEMBER_INTERIOR_01']
  HIT SRR11148645: 3 baits >= 0.7 ['ECBAIT_10_0002_MEMBER_INTERIOR_01', 'ECBAIT_10_0057_MEMBER_INTERIOR_01', 'ECBAIT_10_0172_MEMBER_INTERIOR_01']
  HIT SRR11148646: 3 baits >= 0.7 ['ECBAIT_10_0002_MEMBER_INTERIOR_01', 'ECBAIT_10_0057_MEMBER_INTERIOR_01', 'ECBAIT_10_0172_MEMBER_INTERIOR_01']
  HIT SRR11148647: 3 baits >= 0.7 ['ECBAIT_10_0002_MEMBER_INTERIOR_01', 'ECBAIT_10_0057_MEMBER_INTERIOR_01', 'ECBAIT_10_0172_MEMBER_INTERIOR_01']
  HIT SRR11148648: 3 baits >= 0.7 ['ECBAIT_10_0002_MEMBER_INTERIOR_01', 'ECBAIT_10_0057_MEMBER_INTERIOR_01', 'ECBAIT_10_0172_MEMBER_INTERIOR_01']
  HIT SRR11149265: 1 baits >= 0.7 ['ECBAIT_10_0057_MEMBER_INTERIOR_01']
  HIT SRR11341591: 3 baits >= 0.7 ['ECBAIT_0_0014_MEMBER_INTERIOR_01', 'ECBAIT_10_0057_MEMBER_INTERIOR_01', 'ECBAIT_10_0172_MEMBER_INTERIOR_01']
  HIT SRR11341594: 4 baits >= 0.7 ['ECBAIT_0_0000_MEMBER_INTERIOR_01', 'ECBAIT_0_0054_MEMBER_INTERIOR_01', 'ECBAIT_10_0057_MEMBER_INTERIOR_01', 'ECBAIT_HOST_CONTROL_02']
  HIT SRR11341597: 4 baits >= 0.7 ['ECBAIT_0_0091_INTERIOR_MODULE_01', 'ECBAIT_0_0091_JUNCTION_03', 'ECBAIT_0_0091_MEMBER_INTERIOR_01', 'ECBAIT_10_0057_MEMBER_INTERIOR_01']
  HIT SRR11341595: 5 baits >= 0.7 ['ECBAIT_0_0000_INTERIOR_MODULE_01', 'ECBAIT_0_0000_JUNCTION_02', 'ECBAIT_0_0000_MEMBER_INTERIOR_01', 'ECBAIT_10_0057_MEMBER_INTERIOR_01']
  HIT SRR11341598: 1 baits >= 0.7 ['ECBAIT_10_0057_MEMBER_INTERIOR_01']
  HIT SRR11341600: 2 baits >= 0.7 ['ECBAIT_10_0057_MEMBER_INTERIOR_01', 'ECBAIT_HOST_CONTROL_01']
  HIT SRR11341601: 1 baits >= 0.7 ['ECBAIT_1_0004_JUNCTION_01']
  HIT SRR11341603: 1 baits >= 0.7 ['ECBAIT_10_0057_MEMBER_INTERIOR_01']
  HIT SRR11341604: 3 baits >= 0.7 ['ECBAIT_0_0000_JUNCTION_02', 'ECBAIT_10_0002_JUNCTION_02', 'ECBAIT_10_0057_MEMBER_INTERIOR_01']
  HIT SRR11341607: 1 baits >= 0.7 ['ECBAIT_10_0057_MEMBER_INTERIOR_01']
  HIT SRR11341609: 1 baits >= 0.7 ['ECBAIT_10_0057_MEMBER_INTERIOR_01']
  HIT SRR11341610: 1 baits >= 0.7 ['ECBAIT_10_0057_MEMBER_INTERIOR_01']
  HIT SRR11341611: 2 baits >= 0.7 ['ECBAIT_10_0057_MEMBER_INTERIOR_01', 'ECBAIT_HOST_CONTROL_01']
  HIT SRR11341612: 2 baits >= 0.7 ['ECBAIT_10_0057_MEMBER_INTERIOR_01', 'ECBAIT_HOST_CONTROL_01']
  HIT SRR11341613: 1 baits >= 0.7 ['ECBAIT_HOST_CONTROL_01']
  HIT SRR11341614: 1 baits >= 0.7 ['ECBAIT_10_0057_MEMBER_INTERIOR_01']
  HIT SRR11341616: 1 baits >= 0.7 ['ECBAIT_HOST_CONTROL_01']
  HIT SRR11341620: 2 baits >= 0.7 ['ECBAIT_0_0000_JUNCTION_02', 'ECBAIT_HOST_CONTROL_01']
  HIT SRR11341621: 2 baits >= 0.7 ['ECBAIT_10_0057_MEMBER_INTERIOR_01', 'ECBAIT_10_0172_MEMBER_INTERIOR_01']
  HIT SRR11341623: 1 baits >= 0.7 ['ECBAIT_HOST_CONTROL_01']
  HIT SRR11341622: 1 baits >= 0.7 ['ECBAIT_10_0057_MEMBER_INTERIOR_01']
  HIT SRR11341625: 2 baits >= 0.7 ['ECBAIT_10_0057_MEMBER_INTERIOR_01', 'ECBAIT_10_0172_MEMBER_INTERIOR_01']
  HIT SRR11341626: 3 baits >= 0.7 ['ECBAIT_10_0002_JUNCTION_01', 'ECBAIT_10_0002_JUNCTION_02', 'ECBAIT_HOST_CONTROL_01']
  HIT SRR11341628: 1 baits >= 0.7 ['ECBAIT_HOST_CONTROL_01']
  HIT SRR11341627: 2 baits >= 0.7 ['ECBAIT_10_0057_MEMBER_INTERIOR_01', 'ECBAIT_HOST_CONTROL_01']
  HIT SRR11341629: 2 baits >= 0.7 ['ECBAIT_10_0057_MEMBER_INTERIOR_01', 'ECBAIT_HOST_CONTROL_01']
  HIT SRR11341630: 4 baits >= 0.7 ['ECBAIT_0_0000_JUNCTION_02', 'ECBAIT_10_0002_JUNCTION_02', 'ECBAIT_10_0057_MEMBER_INTERIOR_01', 'ECBAIT_10_0151_JUNCTION_03']
  HIT SRR11341632: 2 baits >= 0.7 ['ECBAIT_10_0057_MEMBER_INTERIOR_01', 'ECBAIT_HOST_CONTROL_01']
  HIT SRR11341631: 1 baits >= 0.7 ['ECBAIT_10_0057_MEMBER_INTERIOR_01']
  HIT SRR11341633: 2 baits >= 0.7 ['ECBAIT_10_0057_MEMBER_INTERIOR_01', 'ECBAIT_HOST_CONTROL_01']
  4550/12000 processed (4296 screened, 3675 hit-accessions) 1386s budget=7.1GB
  HIT SRR11341637: 1 baits >= 0.7 ['ECBAIT_10_0057_MEMBER_INTERIOR_01']
  HIT SRR11341636: 3 baits >= 0.7 ['ECBAIT_10_0002_JUNCTION_01', 'ECBAIT_10_0002_JUNCTION_02', 'ECBAIT_HOST_CONTROL_01']
  HIT SRR11341638: 2 baits >= 0.7 ['ECBAIT_10_0002_MEMBER_INTERIOR_01', 'ECBAIT_10_0057_MEMBER_INTERIOR_01']
  HIT SRR11341639: 2 baits >= 0.7 ['ECBAIT_10_0002_MEMBER_INTERIOR_01', 'ECBAIT_10_0057_MEMBER_INTERIOR_01']
  HIT SRR11341640: 1 baits >= 0.7 ['ECBAIT_10_0057_MEMBER_INTERIOR_01']
  HIT SRR11341642: 3 baits >= 0.7 ['ECBAIT_0_0052_JUNCTION_03', 'ECBAIT_10_0057_MEMBER_INTERIOR_01', 'ECBAIT_10_0151_JUNCTION_03']
  HIT SRR11341643: 2 baits >= 0.7 ['ECBAIT_10_0002_MEMBER_INTERIOR_01', 'ECBAIT_10_0057_MEMBER_INTERIOR_01']
  HIT SRR11341645: 1 baits >= 0.7 ['ECBAIT_10_0057_MEMBER_INTERIOR_01']
  HIT SRR11341646: 1 baits >= 0.7 ['ECBAIT_HOST_CONTROL_01']
  HIT SRR11341647: 2 baits >= 0.7 ['ECBAIT_10_0002_MEMBER_INTERIOR_01', 'ECBAIT_10_0057_MEMBER_INTERIOR_01']
  HIT SRR11341648: 2 baits >= 0.7 ['ECBAIT_10_0057_MEMBER_INTERIOR_01', 'ECBAIT_HOST_CONTROL_01']
  HIT SRR11341649: 3 baits >= 0.7 ['ECBAIT_0_0000_JUNCTION_02', 'ECBAIT_10_0057_MEMBER_INTERIOR_01', 'ECBAIT_HOST_CONTROL_01']
  HIT SRR11341650: 2 baits >= 0.7 ['ECBAIT_10_0002_MEMBER_INTERIOR_01', 'ECBAIT_10_0057_MEMBER_INTERIOR_01']
  HIT SRR11341651: 3 baits >= 0.7 ['ECBAIT_0_0000_JUNCTION_02', 'ECBAIT_10_0057_MEMBER_INTERIOR_01', 'ECBAIT_HOST_CONTROL_01']
  HIT SRR11341652: 2 baits >= 0.7 ['ECBAIT_10_0057_MEMBER_INTERIOR_01', 'ECBAIT_HOST_CONTROL_01']
  HIT SRR11341655: 2 baits >= 0.7 ['ECBAIT_0_0014_MEMBER_INTERIOR_01', 'ECBAIT_10_0057_MEMBER_INTERIOR_01']
  HIT SRR11341656: 3 baits >= 0.7 ['ECBAIT_0_0000_JUNCTION_02', 'ECBAIT_10_0057_MEMBER_INTERIOR_01', 'ECBAIT_HOST_CONTROL_01']
  HIT SRR11341658: 1 baits >= 0.7 ['ECBAIT_HOST_CONTROL_02']
  HIT SRR1146255: 2 baits >= 0.7 ['ECBAIT_10_0057_MEMBER_INTERIOR_01', 'ECBAIT_HOST_CONTROL_02']
  HIT SRR11476986: 1 baits >= 0.7 ['ECBAIT_HOST_CONTROL_02']
  HIT SRR11476987: 1 baits >= 0.7 ['ECBAIT_HOST_CONTROL_02']
  HIT SRR11484424: 2 baits >= 0.7 ['ECBAIT_10_0057_MEMBER_INTERIOR_01', 'ECBAIT_HOST_CONTROL_01']
  HIT SRR11484518: 1 baits >= 0.7 ['ECBAIT_10_0057_MEMBER_INTERIOR_01']
  HIT SRR11487918: 5 baits >= 0.7 ['ECBAIT_0_0000_INTERIOR_MODULE_01', 'ECBAIT_0_0000_JUNCTION_02', 'ECBAIT_0_0000_MEMBER_INTERIOR_01', 'ECBAIT_10_0057_MEMBER_INTERIOR_01']
  HIT SRR11531458: 1 baits >= 0.7 ['ECBAIT_10_0057_MEMBER_INTERIOR_01']
  HIT SRR11531466: 1 baits >= 0.7 ['ECBAIT_10_0057_MEMBER_INTERIOR_01']
  4600/12000 processed (4346 screened, 3701 hit-accessions) 1402s budget=7.2GB
  HIT SRR11561258: 1 baits >= 0.7 ['ECBAIT_HOST_CONTROL_01']
  HIT SRR11561260: 1 baits >= 0.7 ['ECBAIT_HOST_CONTROL_01']
  HIT SRR11561261: 1 baits >= 0.7 ['ECBAIT_HOST_CONTROL_01']
  HIT SRR11561262: 2 baits >= 0.7 ['ECBAIT_0_0052_JUNCTION_03', 'ECBAIT_HOST_CONTROL_01']
  HIT SRR11561264: 1 baits >= 0.7 ['ECBAIT_HOST_CONTROL_01']
  HIT SRR11561265: 1 baits >= 0.7 ['ECBAIT_HOST_CONTROL_01']
  HIT SRR11606888: 2 baits >= 0.7 ['ECBAIT_10_0057_MEMBER_INTERIOR_01', 'ECBAIT_HOST_CONTROL_01']
  HIT SRR11606889: 2 baits >= 0.7 ['ECBAIT_10_0057_MEMBER_INTERIOR_01', 'ECBAIT_HOST_CONTROL_01']
  HIT SRR11658084: 1 baits >= 0.7 ['ECBAIT_HOST_CONTROL_01']
  HIT SRR11658085: 3 baits >= 0.7 ['ECBAIT_10_0057_MEMBER_INTERIOR_01', 'ECBAIT_1_0004_JUNCTION_02', 'ECBAIT_HOST_CONTROL_01']
  HIT SRR11658086: 1 baits >= 0.7 ['ECBAIT_10_0057_MEMBER_INTERIOR_01']
  HIT SRR11658090: 1 baits >= 0.7 ['ECBAIT_0_0000_JUNCTION_02']
  HIT SRR11658093: 1 baits >= 0.7 ['ECBAIT_HOST_CONTROL_01']
  HIT SRR11658096: 4 baits >= 0.7 ['ECBAIT_10_0002_MEMBER_INTERIOR_01', 'ECBAIT_10_0057_MEMBER_INTERIOR_01', 'ECBAIT_10_0172_MEMBER_INTERIOR_01', 'ECBAIT_1_0004_JUNCTION_02']
  HIT SRR11658098: 2 baits >= 0.7 ['ECBAIT_0_0046_JUNCTION_01', 'ECBAIT_1_0022_JUNCTION_03']
  HIT SRR11658106: 1 baits >= 0.7 ['ECBAIT_HOST_CONTROL_01']
  HIT SRR11658110: 1 baits >= 0.7 ['ECBAIT_HOST_CONTROL_01']
  HIT SRR11658113: 1 baits >= 0.7 ['ECBAIT_10_0172_MEMBER_INTERIOR_01']
  HIT SRR11658119: 1 baits >= 0.7 ['ECBAIT_0_0000_JUNCTION_02']
  HIT SRR11658124: 1 baits >= 0.7 ['ECBAIT_HOST_CONTROL_01']
  HIT SRR11658126: 2 baits >= 0.7 ['ECBAIT_10_0172_MEMBER_INTERIOR_01', 'ECBAIT_HOST_CONTROL_02']
  HIT SRR11658131: 2 baits >= 0.7 ['ECBAIT_0_0046_MEMBER_INTERIOR_01', 'ECBAIT_1_0022_JUNCTION_03']
  HIT SRR11658134: 3 baits >= 0.7 ['ECBAIT_10_0057_MEMBER_INTERIOR_01', 'ECBAIT_1_0004_JUNCTION_02', 'ECBAIT_HOST_CONTROL_01']
  HIT SRR11658136: 2 baits >= 0.7 ['ECBAIT_0_0000_MEMBER_INTERIOR_01', 'ECBAIT_10_0002_MEMBER_INTERIOR_01']
  HIT SRR11658139: 1 baits >= 0.7 ['ECBAIT_HOST_CONTROL_01']
  HIT SRR11658142: 1 baits >= 0.7 ['ECBAIT_HOST_CONTROL_01']
  HIT SRR11658140: 5 baits >= 0.7 ['ECBAIT_10_0002_MEMBER_INTERIOR_01', 'ECBAIT_10_0057_MEMBER_INTERIOR_01', 'ECBAIT_10_0172_MEMBER_INTERIOR_01', 'ECBAIT_1_0004_JUNCTION_01']
  HIT SRR11658144: 2 baits >= 0.7 ['ECBAIT_0_0000_MEMBER_INTERIOR_01', 'ECBAIT_1_0004_JUNCTION_01']
  HIT SRR11658145: 1 baits >= 0.7 ['ECBAIT_10_0172_MEMBER_INTERIOR_01']
  HIT SRR11658160: 2 baits >= 0.7 ['ECBAIT_10_0057_MEMBER_INTERIOR_01', 'ECBAIT_HOST_CONTROL_01']
  HIT SRR11658155: 4 baits >= 0.7 ['ECBAIT_0_0000_JUNCTION_02', 'ECBAIT_10_0057_MEMBER_INTERIOR_01', 'ECBAIT_1_0004_JUNCTION_02', 'ECBAIT_HOST_CONTROL_01']
  HIT SRR11658167: 3 baits >= 0.7 ['ECBAIT_0_0014_MEMBER_INTERIOR_01', 'ECBAIT_10_0057_MEMBER_INTERIOR_01', 'ECBAIT_HOST_CONTROL_01']
  HIT SRR11658172: 2 baits >= 0.7 ['ECBAIT_10_0172_MEMBER_INTERIOR_01', 'ECBAIT_HOST_CONTROL_01']
  HIT SRR11658175: 3 baits >= 0.7 ['ECBAIT_10_0002_MEMBER_INTERIOR_01', 'ECBAIT_10_0057_MEMBER_INTERIOR_01', 'ECBAIT_10_0172_MEMBER_INTERIOR_01']
  HIT SRR11658178: 2 baits >= 0.7 ['ECBAIT_1_0004_JUNCTION_01', 'ECBAIT_HOST_CONTROL_01']
  HIT SRR11658181: 1 baits >= 0.7 ['ECBAIT_1_0004_JUNCTION_01']
  HIT SRR11658180: 1 baits >= 0.7 ['ECBAIT_10_0172_MEMBER_INTERIOR_01']
  HIT SRR11658184: 2 baits >= 0.7 ['ECBAIT_1_0004_JUNCTION_01', 'ECBAIT_HOST_CONTROL_01']
  HIT SRR11658192: 1 baits >= 0.7 ['ECBAIT_HOST_CONTROL_01']
  HIT SRR11658189: 1 baits >= 0.7 ['ECBAIT_HOST_CONTROL_01']
  HIT SRR11658185: 3 baits >= 0.7 ['ECBAIT_10_0057_MEMBER_INTERIOR_01', 'ECBAIT_10_0172_MEMBER_INTERIOR_01', 'ECBAIT_HOST_CONTROL_01']
  4650/12000 processed (4396 screened, 3742 hit-accessions) 1417s budget=7.3GB
  HIT SRR11658215: 1 baits >= 0.7 ['ECBAIT_HOST_CONTROL_02']
  HIT SRR11658212: 1 baits >= 0.7 ['ECBAIT_HOST_CONTROL_01']
  HIT SRR11658193: 1 baits >= 0.7 ['ECBAIT_HOST_CONTROL_01']
  HIT SRR11658217: 1 baits >= 0.7 ['ECBAIT_10_0002_MEMBER_INTERIOR_01']
  HIT SRR11658220: 1 baits >= 0.7 ['ECBAIT_10_0057_MEMBER_INTERIOR_01']
  HIT SRR11658224: 4 baits >= 0.7 ['ECBAIT_0_0000_JUNCTION_02', 'ECBAIT_10_0057_MEMBER_INTERIOR_01', 'ECBAIT_1_0004_JUNCTION_02', 'ECBAIT_HOST_CONTROL_01']
  HIT SRR11658235: 1 baits >= 0.7 ['ECBAIT_HOST_CONTROL_01']
  HIT SRR11658234: 3 baits >= 0.7 ['ECBAIT_10_0002_JUNCTION_01', 'ECBAIT_10_0002_MEMBER_INTERIOR_01', 'ECBAIT_10_0057_MEMBER_INTERIOR_01']
  HIT SRR11658237: 1 baits >= 0.7 ['ECBAIT_HOST_CONTROL_01']
  HIT SRR11658243: 4 baits >= 0.7 ['ECBAIT_0_0000_JUNCTION_02', 'ECBAIT_10_0057_MEMBER_INTERIOR_01', 'ECBAIT_1_0004_JUNCTION_02', 'ECBAIT_HOST_CONTROL_01']
  HIT SRR11658273: 2 baits >= 0.7 ['ECBAIT_10_0057_MEMBER_INTERIOR_01', 'ECBAIT_HOST_CONTROL_01']
  HIT SRR11658279: 2 baits >= 0.7 ['ECBAIT_0_0000_JUNCTION_02', 'ECBAIT_10_0172_MEMBER_INTERIOR_01']
  HIT SRR11658283: 4 baits >= 0.7 ['ECBAIT_0_0000_INTERIOR_MODULE_01', 'ECBAIT_0_0000_JUNCTION_02', 'ECBAIT_0_0000_MEMBER_INTERIOR_01', 'ECBAIT_10_0057_MEMBER_INTERIOR_01']
  HIT SRR11658286: 2 baits >= 0.7 ['ECBAIT_10_0057_MEMBER_INTERIOR_01', 'ECBAIT_10_0172_MEMBER_INTERIOR_01']
  HIT SRR11658291: 2 baits >= 0.7 ['ECBAIT_10_0057_MEMBER_INTERIOR_01', 'ECBAIT_HOST_CONTROL_01']
  HIT SRR11658292: 2 baits >= 0.7 ['ECBAIT_10_0057_MEMBER_INTERIOR_01', 'ECBAIT_HOST_CONTROL_01']
  HIT SRR11658294: 3 baits >= 0.7 ['ECBAIT_10_0057_MEMBER_INTERIOR_01', 'ECBAIT_10_0172_MEMBER_INTERIOR_01', 'ECBAIT_HOST_CONTROL_01']
  HIT SRR11658295: 4 baits >= 0.7 ['ECBAIT_0_0000_JUNCTION_02', 'ECBAIT_0_0000_MEMBER_INTERIOR_01', 'ECBAIT_10_0057_MEMBER_INTERIOR_01', 'ECBAIT_HOST_CONTROL_01']
  HIT SRR11658296: 1 baits >= 0.7 ['ECBAIT_HOST_CONTROL_01']
  HIT SRR11658297: 3 baits >= 0.7 ['ECBAIT_10_0057_MEMBER_INTERIOR_01', 'ECBAIT_1_0004_JUNCTION_02', 'ECBAIT_HOST_CONTROL_01']
  HIT SRR11658302: 2 baits >= 0.7 ['ECBAIT_0_0052_JUNCTION_03', 'ECBAIT_10_0057_MEMBER_INTERIOR_01']
  HIT SRR1180816: 2 baits >= 0.7 ['ECBAIT_10_0002_MEMBER_INTERIOR_01', 'ECBAIT_10_0057_MEMBER_INTERIOR_01']
  HIT SRR1180965: 2 baits >= 0.7 ['ECBAIT_10_0002_MEMBER_INTERIOR_01', 'ECBAIT_10_0057_MEMBER_INTERIOR_01']
  HIT SRR11852232: 1 baits >= 0.7 ['ECBAIT_HOST_CONTROL_01']
  HIT SRR11852233: 1 baits >= 0.7 ['ECBAIT_HOST_CONTROL_01']
  HIT SRR11852235: 2 baits >= 0.7 ['ECBAIT_10_0057_MEMBER_INTERIOR_01', 'ECBAIT_HOST_CONTROL_01']
  HIT SRR11852234: 1 baits >= 0.7 ['ECBAIT_HOST_CONTROL_01']
  HIT SRR11852236: 2 baits >= 0.7 ['ECBAIT_10_0057_MEMBER_INTERIOR_01', 'ECBAIT_HOST_CONTROL_01']
  HIT SRR11852237: 2 baits >= 0.7 ['ECBAIT_10_0057_MEMBER_INTERIOR_01', 'ECBAIT_HOST_CONTROL_01']
  HIT SRR11852240: 2 baits >= 0.7 ['ECBAIT_10_0057_MEMBER_INTERIOR_01', 'ECBAIT_HOST_CONTROL_01']
  HIT SRR11852239: 2 baits >= 0.7 ['ECBAIT_10_0057_MEMBER_INTERIOR_01', 'ECBAIT_HOST_CONTROL_01']
  HIT SRR11852241: 2 baits >= 0.7 ['ECBAIT_10_0057_MEMBER_INTERIOR_01', 'ECBAIT_HOST_CONTROL_01']
  HIT SRR11852242: 2 baits >= 0.7 ['ECBAIT_10_0057_MEMBER_INTERIOR_01', 'ECBAIT_HOST_CONTROL_01']
  HIT SRR11852243: 2 baits >= 0.7 ['ECBAIT_10_0057_MEMBER_INTERIOR_01', 'ECBAIT_HOST_CONTROL_01']
  HIT SRR11852244: 2 baits >= 0.7 ['ECBAIT_10_0057_MEMBER_INTERIOR_01', 'ECBAIT_HOST_CONTROL_01']
  HIT SRR11852245: 2 baits >= 0.7 ['ECBAIT_10_0057_MEMBER_INTERIOR_01', 'ECBAIT_HOST_CONTROL_01']
  HIT SRR11852246: 2 baits >= 0.7 ['ECBAIT_10_0057_MEMBER_INTERIOR_01', 'ECBAIT_HOST_CONTROL_01']
  HIT SRR11852247: 2 baits >= 0.7 ['ECBAIT_10_0057_MEMBER_INTERIOR_01', 'ECBAIT_HOST_CONTROL_01']
  HIT SRR11852248: 2 baits >= 0.7 ['ECBAIT_10_0057_MEMBER_INTERIOR_01', 'ECBAIT_HOST_CONTROL_01']
  HIT SRR11852249: 1 baits >= 0.7 ['ECBAIT_HOST_CONTROL_01']
  HIT SRR11852250: 2 baits >= 0.7 ['ECBAIT_10_0057_MEMBER_INTERIOR_01', 'ECBAIT_HOST_CONTROL_01']
  HIT SRR11852251: 2 baits >= 0.7 ['ECBAIT_10_0057_MEMBER_INTERIOR_01', 'ECBAIT_HOST_CONTROL_01']
  HIT SRR11852252: 2 baits >= 0.7 ['ECBAIT_10_0057_MEMBER_INTERIOR_01', 'ECBAIT_HOST_CONTROL_01']
  HIT SRR11852253: 2 baits >= 0.7 ['ECBAIT_10_0057_MEMBER_INTERIOR_01', 'ECBAIT_HOST_CONTROL_01']
  HIT SRR11852254: 2 baits >= 0.7 ['ECBAIT_10_0057_MEMBER_INTERIOR_01', 'ECBAIT_HOST_CONTROL_01']
  HIT SRR11852255: 2 baits >= 0.7 ['ECBAIT_10_0057_MEMBER_INTERIOR_01', 'ECBAIT_HOST_CONTROL_01']
  4700/12000 processed (4446 screened, 3788 hit-accessions) 1434s budget=7.3GB
  HIT SRR11852256: 2 baits >= 0.7 ['ECBAIT_10_0057_MEMBER_INTERIOR_01', 'ECBAIT_HOST_CONTROL_01']
  HIT SRR11852257: 2 baits >= 0.7 ['ECBAIT_10_0057_MEMBER_INTERIOR_01', 'ECBAIT_HOST_CONTROL_01']
  HIT SRR11852258: 2 baits >= 0.7 ['ECBAIT_10_0057_MEMBER_INTERIOR_01', 'ECBAIT_HOST_CONTROL_01']
  HIT SRR11852259: 2 baits >= 0.7 ['ECBAIT_10_0057_MEMBER_INTERIOR_01', 'ECBAIT_HOST_CONTROL_01']
  HIT SRR11852260: 1 baits >= 0.7 ['ECBAIT_HOST_CONTROL_01']
  HIT SRR11852261: 2 baits >= 0.7 ['ECBAIT_10_0057_MEMBER_INTERIOR_01', 'ECBAIT_HOST_CONTROL_01']
  HIT SRR11852262: 2 baits >= 0.7 ['ECBAIT_10_0057_MEMBER_INTERIOR_01', 'ECBAIT_HOST_CONTROL_01']
  HIT SRR11852263: 2 baits >= 0.7 ['ECBAIT_10_0057_MEMBER_INTERIOR_01', 'ECBAIT_HOST_CONTROL_01']
  HIT SRR11852265: 2 baits >= 0.7 ['ECBAIT_10_0057_MEMBER_INTERIOR_01', 'ECBAIT_HOST_CONTROL_01']
  HIT SRR11852264: 2 baits >= 0.7 ['ECBAIT_10_0057_MEMBER_INTERIOR_01', 'ECBAIT_HOST_CONTROL_01']
  HIT SRR11852266: 2 baits >= 0.7 ['ECBAIT_10_0057_MEMBER_INTERIOR_01', 'ECBAIT_HOST_CONTROL_01']
  HIT SRR11852267: 2 baits >= 0.7 ['ECBAIT_10_0057_MEMBER_INTERIOR_01', 'ECBAIT_HOST_CONTROL_01']
  HIT SRR11852268: 2 baits >= 0.7 ['ECBAIT_10_0057_MEMBER_INTERIOR_01', 'ECBAIT_HOST_CONTROL_01']
  HIT SRR11852269: 2 baits >= 0.7 ['ECBAIT_10_0057_MEMBER_INTERIOR_01', 'ECBAIT_HOST_CONTROL_01']
  HIT SRR11852270: 2 baits >= 0.7 ['ECBAIT_10_0057_MEMBER_INTERIOR_01', 'ECBAIT_HOST_CONTROL_01']
  HIT SRR11852271: 3 baits >= 0.7 ['ECBAIT_0_0046_JUNCTION_02', 'ECBAIT_0_0046_MEMBER_INTERIOR_01', 'ECBAIT_1_0022_JUNCTION_03']
  HIT SRR11852272: 2 baits >= 0.7 ['ECBAIT_10_0057_MEMBER_INTERIOR_01', 'ECBAIT_HOST_CONTROL_01']
  HIT SRR11852273: 2 baits >= 0.7 ['ECBAIT_10_0057_MEMBER_INTERIOR_01', 'ECBAIT_HOST_CONTROL_01']
  HIT SRR11852274: 2 baits >= 0.7 ['ECBAIT_10_0057_MEMBER_INTERIOR_01', 'ECBAIT_HOST_CONTROL_01']
  HIT SRR11852275: 2 baits >= 0.7 ['ECBAIT_10_0057_MEMBER_INTERIOR_01', 'ECBAIT_HOST_CONTROL_01']
  HIT SRR11852276: 1 baits >= 0.7 ['ECBAIT_10_0002_MEMBER_INTERIOR_01']
  HIT SRR11852277: 3 baits >= 0.7 ['ECBAIT_0_0068_JUNCTION_03', 'ECBAIT_0_0068_MEMBER_INTERIOR_01', 'ECBAIT_10_0002_MEMBER_INTERIOR_01']
  HIT SRR11852278: 3 baits >= 0.7 ['ECBAIT_0_0068_JUNCTION_03', 'ECBAIT_0_0068_MEMBER_INTERIOR_01', 'ECBAIT_10_0002_MEMBER_INTERIOR_01']
  HIT SRR11852279: 3 baits >= 0.7 ['ECBAIT_0_0068_JUNCTION_03', 'ECBAIT_0_0068_MEMBER_INTERIOR_01', 'ECBAIT_10_0002_MEMBER_INTERIOR_01']
  HIT SRR11852281: 3 baits >= 0.7 ['ECBAIT_0_0068_JUNCTION_03', 'ECBAIT_0_0068_MEMBER_INTERIOR_01', 'ECBAIT_10_0002_MEMBER_INTERIOR_01']
  HIT SRR11852282: 3 baits >= 0.7 ['ECBAIT_0_0046_JUNCTION_02', 'ECBAIT_0_0046_MEMBER_INTERIOR_01', 'ECBAIT_1_0022_JUNCTION_03']
  HIT SRR11852283: 1 baits >= 0.7 ['ECBAIT_0_0068_MEMBER_INTERIOR_01']
  HIT SRR11852284: 3 baits >= 0.7 ['ECBAIT_0_0068_JUNCTION_03', 'ECBAIT_0_0068_MEMBER_INTERIOR_01', 'ECBAIT_10_0002_MEMBER_INTERIOR_01']
  HIT SRR11852285: 3 baits >= 0.7 ['ECBAIT_0_0068_JUNCTION_03', 'ECBAIT_0_0068_MEMBER_INTERIOR_01', 'ECBAIT_10_0002_MEMBER_INTERIOR_01']
  HIT SRR11852286: 1 baits >= 0.7 ['ECBAIT_10_0002_MEMBER_INTERIOR_01']
  HIT SRR11852288: 3 baits >= 0.7 ['ECBAIT_0_0046_JUNCTION_02', 'ECBAIT_0_0046_MEMBER_INTERIOR_01', 'ECBAIT_1_0022_JUNCTION_03']
  HIT SRR11852289: 1 baits >= 0.7 ['ECBAIT_HOST_CONTROL_01']
  HIT SRR11852290: 1 baits >= 0.7 ['ECBAIT_HOST_CONTROL_01']
  HIT SRR11852291: 1 baits >= 0.7 ['ECBAIT_HOST_CONTROL_01']
  HIT SRR11852293: 3 baits >= 0.7 ['ECBAIT_0_0046_JUNCTION_02', 'ECBAIT_0_0046_MEMBER_INTERIOR_01', 'ECBAIT_1_0022_JUNCTION_03']
  HIT SRR11852292: 1 baits >= 0.7 ['ECBAIT_HOST_CONTROL_01']
  HIT SRR11852294: 3 baits >= 0.7 ['ECBAIT_0_0046_JUNCTION_02', 'ECBAIT_0_0046_MEMBER_INTERIOR_01', 'ECBAIT_1_0022_JUNCTION_03']
  HIT SRR1186335: 3 baits >= 0.7 ['ECBAIT_10_0057_MEMBER_INTERIOR_01', 'ECBAIT_10_0172_MEMBER_INTERIOR_01', 'ECBAIT_HOST_CONTROL_01']
  HIT SRR1186342: 2 baits >= 0.7 ['ECBAIT_10_0057_MEMBER_INTERIOR_01', 'ECBAIT_HOST_CONTROL_01']
  HIT SRR1186350: 2 baits >= 0.7 ['ECBAIT_10_0057_MEMBER_INTERIOR_01', 'ECBAIT_10_0172_MEMBER_INTERIOR_01']
  HIT SRR1186353: 2 baits >= 0.7 ['ECBAIT_10_0172_MEMBER_INTERIOR_01', 'ECBAIT_HOST_CONTROL_01']
  HIT SRR1186402: 2 baits >= 0.7 ['ECBAIT_10_0002_MEMBER_INTERIOR_01', 'ECBAIT_10_0057_MEMBER_INTERIOR_01']
  HIT SRR1186490: 1 baits >= 0.7 ['ECBAIT_HOST_CONTROL_01']
  HIT SRR1186477: 2 baits >= 0.7 ['ECBAIT_10_0057_MEMBER_INTERIOR_01', 'ECBAIT_HOST_CONTROL_01']
  HIT SRR1186460: 1 baits >= 0.7 ['ECBAIT_10_0172_MEMBER_INTERIOR_01']
  HIT SRR1186589: 1 baits >= 0.7 ['ECBAIT_HOST_CONTROL_01']
  HIT SRR1186634: 1 baits >= 0.7 ['ECBAIT_10_0038_MEMBER_INTERIOR_01']
  HIT SRR1186592: 2 baits >= 0.7 ['ECBAIT_10_0172_MEMBER_INTERIOR_01', 'ECBAIT_HOST_CONTROL_01']
  HIT SRR1186635: 2 baits >= 0.7 ['ECBAIT_10_0057_MEMBER_INTERIOR_01', 'ECBAIT_HOST_CONTROL_01']
  HIT SRR1186593: 3 baits >= 0.7 ['ECBAIT_10_0057_MEMBER_INTERIOR_01', 'ECBAIT_10_0172_MEMBER_INTERIOR_01', 'ECBAIT_HOST_CONTROL_01']
  4750/12000 processed (4496 screened, 3838 hit-accessions) 1449s budget=7.4GB
  HIT SRR1186638: 1 baits >= 0.7 ['ECBAIT_10_0172_MEMBER_INTERIOR_01']
  HIT SRR1186639: 2 baits >= 0.7 ['ECBAIT_10_0057_MEMBER_INTERIOR_01', 'ECBAIT_HOST_CONTROL_01']
  HIT SRR1186654: 2 baits >= 0.7 ['ECBAIT_10_0172_MEMBER_INTERIOR_01', 'ECBAIT_HOST_CONTROL_01']
  HIT SRR1186647: 2 baits >= 0.7 ['ECBAIT_10_0057_MEMBER_INTERIOR_01', 'ECBAIT_HOST_CONTROL_01']
  HIT SRR1186657: 2 baits >= 0.7 ['ECBAIT_10_0002_MEMBER_INTERIOR_01', 'ECBAIT_HOST_CONTROL_01']
  HIT SRR1186664: 2 baits >= 0.7 ['ECBAIT_10_0057_MEMBER_INTERIOR_01', 'ECBAIT_HOST_CONTROL_01']
  HIT SRR1186661: 1 baits >= 0.7 ['ECBAIT_HOST_CONTROL_01']
  HIT SRR1186670: 2 baits >= 0.7 ['ECBAIT_10_0057_MEMBER_INTERIOR_01', 'ECBAIT_HOST_CONTROL_01']
  HIT SRR1186723: 1 baits >= 0.7 ['ECBAIT_HOST_CONTROL_01']
  HIT SRR1186735: 3 baits >= 0.7 ['ECBAIT_10_0038_JUNCTION_01', 'ECBAIT_10_0038_MEMBER_INTERIOR_01', 'ECBAIT_HOST_CONTROL_01']
  HIT SRR1186726: 2 baits >= 0.7 ['ECBAIT_10_0057_MEMBER_INTERIOR_01', 'ECBAIT_10_0172_MEMBER_INTERIOR_01']
  HIT SRR1186737: 1 baits >= 0.7 ['ECBAIT_10_0057_MEMBER_INTERIOR_01']
  HIT SRR1186738: 1 baits >= 0.7 ['ECBAIT_HOST_CONTROL_01']
  HIT SRR1186782: 1 baits >= 0.7 ['ECBAIT_HOST_CONTROL_01']
  HIT SRR1186796: 1 baits >= 0.7 ['ECBAIT_HOST_CONTROL_01']
  HIT SRR1186801: 1 baits >= 0.7 ['ECBAIT_10_0057_MEMBER_INTERIOR_01']
  HIT SRR1187751: 2 baits >= 0.7 ['ECBAIT_10_0002_MEMBER_INTERIOR_01', 'ECBAIT_10_0057_MEMBER_INTERIOR_01']
  HIT SRR1187781: 2 baits >= 0.7 ['ECBAIT_10_0002_MEMBER_INTERIOR_01', 'ECBAIT_10_0057_MEMBER_INTERIOR_01']
  HIT SRR11892818: 6 baits >= 0.7 ['ECBAIT_0_0046_MEMBER_INTERIOR_01', 'ECBAIT_10_0057_MEMBER_INTERIOR_01', 'ECBAIT_1_0022_JUNCTION_02', 'ECBAIT_1_0022_JUNCTION_03']
  HIT SRR11892853: 2 baits >= 0.7 ['ECBAIT_0_0046_MEMBER_INTERIOR_01', 'ECBAIT_1_0022_JUNCTION_03']
  HIT SRR1191648: 4 baits >= 0.7 ['ECBAIT_0_0000_JUNCTION_02', 'ECBAIT_0_0000_MEMBER_INTERIOR_01', 'ECBAIT_10_0057_MEMBER_INTERIOR_01', 'ECBAIT_10_0172_MEMBER_INTERIOR_01']
  HIT SRR1191650: 1 baits >= 0.7 ['ECBAIT_HOST_CONTROL_01']
  HIT SRR1191652: 3 baits >= 0.7 ['ECBAIT_10_0057_MEMBER_INTERIOR_01', 'ECBAIT_10_0172_MEMBER_INTERIOR_01', 'ECBAIT_HOST_CONTROL_01']
  HIT SRR1191659: 3 baits >= 0.7 ['ECBAIT_0_0000_JUNCTION_02', 'ECBAIT_0_0000_MEMBER_INTERIOR_01', 'ECBAIT_10_0057_MEMBER_INTERIOR_01']
  HIT SRR12009490: 1 baits >= 0.7 ['ECBAIT_HOST_CONTROL_01']
  HIT SRR12398585: 1 baits >= 0.7 ['ECBAIT_10_0002_MEMBER_INTERIOR_01']
  HIT SRR12398586: 1 baits >= 0.7 ['ECBAIT_10_0002_MEMBER_INTERIOR_01']
  HIT SRR12398587: 1 baits >= 0.7 ['ECBAIT_10_0002_MEMBER_INTERIOR_01']
  HIT SRR12398588: 1 baits >= 0.7 ['ECBAIT_10_0002_MEMBER_INTERIOR_01']
  HIT SRR12398589: 1 baits >= 0.7 ['ECBAIT_10_0002_MEMBER_INTERIOR_01']
  HIT SRR12398590: 1 baits >= 0.7 ['ECBAIT_10_0002_MEMBER_INTERIOR_01']
  HIT SRR12398592: 1 baits >= 0.7 ['ECBAIT_10_0002_MEMBER_INTERIOR_01']
  HIT SRR12398591: 1 baits >= 0.7 ['ECBAIT_10_0002_MEMBER_INTERIOR_01']
  HIT SRR12398593: 3 baits >= 0.7 ['ECBAIT_0_0000_JUNCTION_01', 'ECBAIT_10_0002_MEMBER_INTERIOR_01', 'ECBAIT_10_0044_MEMBER_INTERIOR_01']
  HIT SRR12398594: 2 baits >= 0.7 ['ECBAIT_10_0002_MEMBER_INTERIOR_01', 'ECBAIT_10_0044_MEMBER_INTERIOR_01']
  HIT SRR12398595: 1 baits >= 0.7 ['ECBAIT_10_0002_MEMBER_INTERIOR_01']
  HIT SRR12398599: 1 baits >= 0.7 ['ECBAIT_10_0002_MEMBER_INTERIOR_01']
  HIT SRR12398600: 1 baits >= 0.7 ['ECBAIT_10_0002_MEMBER_INTERIOR_01']
  HIT SRR12398598: 1 baits >= 0.7 ['ECBAIT_10_0002_MEMBER_INTERIOR_01']
  4800/12000 processed (4546 screened, 3877 hit-accessions) 1465s budget=7.5GB
  HIT SRR12398601: 1 baits >= 0.7 ['ECBAIT_10_0002_MEMBER_INTERIOR_01']
  HIT SRR124115: 1 baits >= 0.7 ['ECBAIT_10_0057_MEMBER_INTERIOR_01']
  HIT SRR124116: 4 baits >= 0.7 ['ECBAIT_0_0046_JUNCTION_02', 'ECBAIT_0_0046_MEMBER_INTERIOR_01', 'ECBAIT_10_0057_MEMBER_INTERIOR_01', 'ECBAIT_1_0022_JUNCTION_03']
  HIT SRR124125: 3 baits >= 0.7 ['ECBAIT_0_0000_JUNCTION_02', 'ECBAIT_10_0057_MEMBER_INTERIOR_01', 'ECBAIT_10_0172_MEMBER_INTERIOR_01']
  HIT SRR12425868: 3 baits >= 0.7 ['ECBAIT_10_0057_MEMBER_INTERIOR_01', 'ECBAIT_10_0172_MEMBER_INTERIOR_01', 'ECBAIT_HOST_CONTROL_02']
  HIT SRR12425869: 2 baits >= 0.7 ['ECBAIT_10_0057_MEMBER_INTERIOR_01', 'ECBAIT_10_0172_MEMBER_INTERIOR_01']
  HIT SRR12464830: 2 baits >= 0.7 ['ECBAIT_10_0002_MEMBER_INTERIOR_01', 'ECBAIT_10_0057_MEMBER_INTERIOR_01']
  HIT SRR12464864: 8 baits >= 0.7 ['ECBAIT_0_0000_JUNCTION_02', 'ECBAIT_0_0000_MEMBER_INTERIOR_01', 'ECBAIT_0_0014_JUNCTION_02', 'ECBAIT_0_0014_MEMBER_INTERIOR_01']
  HIT SRR12464848: 5 baits >= 0.7 ['ECBAIT_0_0000_JUNCTION_02', 'ECBAIT_0_0052_JUNCTION_03', 'ECBAIT_10_0057_MEMBER_INTERIOR_01', 'ECBAIT_10_0151_JUNCTION_03']
  HIT SRR12464869: 1 baits >= 0.7 ['ECBAIT_HOST_CONTROL_02']
  HIT SRR12464886: 2 baits >= 0.7 ['ECBAIT_0_0052_JUNCTION_01', 'ECBAIT_1_0004_MEMBER_INTERIOR_01']
  HIT SRR12464890: 2 baits >= 0.7 ['ECBAIT_10_0057_MEMBER_INTERIOR_01', 'ECBAIT_HOST_CONTROL_02']
  4850/12000 processed (4596 screened, 3889 hit-accessions) 1479s budget=7.6GB
  HIT SRR12464971: 2 baits >= 0.7 ['ECBAIT_10_0057_MEMBER_INTERIOR_01', 'ECBAIT_10_0172_MEMBER_INTERIOR_01']
  HIT SRR12465105: 2 baits >= 0.7 ['ECBAIT_10_0057_MEMBER_INTERIOR_01', 'ECBAIT_10_0172_MEMBER_INTERIOR_01']
  HIT SRR12465108: 2 baits >= 0.7 ['ECBAIT_10_0057_MEMBER_INTERIOR_01', 'ECBAIT_HOST_CONTROL_02']
  HIT SRR12569219: 3 baits >= 0.7 ['ECBAIT_10_0002_MEMBER_INTERIOR_01', 'ECBAIT_10_0057_MEMBER_INTERIOR_01', 'ECBAIT_10_0172_MEMBER_INTERIOR_01']
  HIT SRR12569222: 4 baits >= 0.7 ['ECBAIT_10_0002_JUNCTION_01', 'ECBAIT_10_0002_JUNCTION_02', 'ECBAIT_10_0057_MEMBER_INTERIOR_01', 'ECBAIT_HOST_CONTROL_01']
  HIT SRR12569223: 4 baits >= 0.7 ['ECBAIT_10_0002_JUNCTION_01', 'ECBAIT_10_0002_JUNCTION_02', 'ECBAIT_10_0057_MEMBER_INTERIOR_01', 'ECBAIT_HOST_CONTROL_01']
  HIT SRR12569233: 2 baits >= 0.7 ['ECBAIT_10_0057_MEMBER_INTERIOR_01', 'ECBAIT_HOST_CONTROL_01']
  HIT SRR12569231: 2 baits >= 0.7 ['ECBAIT_10_0057_MEMBER_INTERIOR_01', 'ECBAIT_HOST_CONTROL_01']
  HIT SRR12569242: 1 baits >= 0.7 ['ECBAIT_10_0057_MEMBER_INTERIOR_01']
  HIT SRR12569243: 2 baits >= 0.7 ['ECBAIT_10_0057_MEMBER_INTERIOR_01', 'ECBAIT_HOST_CONTROL_01']
  HIT SRR12569938: 3 baits >= 0.7 ['ECBAIT_10_0002_JUNCTION_01', 'ECBAIT_10_0002_JUNCTION_02', 'ECBAIT_HOST_CONTROL_01']
  HIT SRR12569943: 2 baits >= 0.7 ['ECBAIT_10_0057_MEMBER_INTERIOR_01', 'ECBAIT_HOST_CONTROL_01']
  HIT SRR12569947: 2 baits >= 0.7 ['ECBAIT_10_0057_MEMBER_INTERIOR_01', 'ECBAIT_HOST_CONTROL_01']
  HIT SRR12569952: 2 baits >= 0.7 ['ECBAIT_10_0057_MEMBER_INTERIOR_01', 'ECBAIT_HOST_CONTROL_01']
  HIT SRR12569955: 2 baits >= 0.7 ['ECBAIT_10_0057_MEMBER_INTERIOR_01', 'ECBAIT_HOST_CONTROL_01']
  HIT SRR12569950: 3 baits >= 0.7 ['ECBAIT_10_0002_JUNCTION_01', 'ECBAIT_10_0002_JUNCTION_02', 'ECBAIT_HOST_CONTROL_01']
  HIT SRR12569956: 1 baits >= 0.7 ['ECBAIT_10_0057_MEMBER_INTERIOR_01']
  HIT SRR12569962: 1 baits >= 0.7 ['ECBAIT_0_0046_MEMBER_INTERIOR_01']
  HIT SRR12569957: 4 baits >= 0.7 ['ECBAIT_10_0002_JUNCTION_01', 'ECBAIT_10_0002_JUNCTION_02', 'ECBAIT_10_0057_MEMBER_INTERIOR_01', 'ECBAIT_HOST_CONTROL_01']
  HIT SRR12569973: 2 baits >= 0.7 ['ECBAIT_10_0057_MEMBER_INTERIOR_01', 'ECBAIT_HOST_CONTROL_01']
  HIT SRR12569974: 1 baits >= 0.7 ['ECBAIT_HOST_CONTROL_01']
  HIT SRR12569981: 2 baits >= 0.7 ['ECBAIT_10_0057_MEMBER_INTERIOR_01', 'ECBAIT_HOST_CONTROL_01']
  HIT SRR12569977: 1 baits >= 0.7 ['ECBAIT_10_0057_MEMBER_INTERIOR_01']
  HIT SRR12569983: 2 baits >= 0.7 ['ECBAIT_10_0057_MEMBER_INTERIOR_01', 'ECBAIT_HOST_CONTROL_01']
  HIT SRR12569987: 3 baits >= 0.7 ['ECBAIT_10_0002_MEMBER_INTERIOR_01', 'ECBAIT_10_0057_MEMBER_INTERIOR_01', 'ECBAIT_10_0172_MEMBER_INTERIOR_01']
  HIT SRR12569993: 4 baits >= 0.7 ['ECBAIT_0_0091_JUNCTION_02', 'ECBAIT_0_0091_MEMBER_INTERIOR_01', 'ECBAIT_10_0057_MEMBER_INTERIOR_01', 'ECBAIT_1_0004_JUNCTION_01']
  HIT SRR12569988: 2 baits >= 0.7 ['ECBAIT_10_0057_MEMBER_INTERIOR_01', 'ECBAIT_10_0172_MEMBER_INTERIOR_01']
  HIT SRR12569996: 1 baits >= 0.7 ['ECBAIT_HOST_CONTROL_01']
  HIT SRR12569998: 3 baits >= 0.7 ['ECBAIT_0_0046_MEMBER_INTERIOR_01', 'ECBAIT_10_0057_MEMBER_INTERIOR_01', 'ECBAIT_1_0026_JUNCTION_01']
  HIT SRR12570004: 2 baits >= 0.7 ['ECBAIT_10_0057_MEMBER_INTERIOR_01', 'ECBAIT_10_0172_MEMBER_INTERIOR_01']
  HIT SRR12570005: 2 baits >= 0.7 ['ECBAIT_10_0057_MEMBER_INTERIOR_01', 'ECBAIT_10_0172_MEMBER_INTERIOR_01']
  HIT SRR12570008: 2 baits >= 0.7 ['ECBAIT_10_0057_MEMBER_INTERIOR_01', 'ECBAIT_HOST_CONTROL_01']
  HIT SRR12570014: 3 baits >= 0.7 ['ECBAIT_10_0002_JUNCTION_01', 'ECBAIT_10_0002_JUNCTION_02', 'ECBAIT_HOST_CONTROL_01']
  HIT SRR12570024: 2 baits >= 0.7 ['ECBAIT_0_0046_MEMBER_INTERIOR_01', 'ECBAIT_10_0151_MEMBER_INTERIOR_01']
  HIT SRR12570022: 2 baits >= 0.7 ['ECBAIT_10_0057_MEMBER_INTERIOR_01', 'ECBAIT_HOST_CONTROL_01']
  HIT SRR12570032: 3 baits >= 0.7 ['ECBAIT_0_0046_MEMBER_INTERIOR_01', 'ECBAIT_10_0057_MEMBER_INTERIOR_01', 'ECBAIT_10_0151_MEMBER_INTERIOR_01']
  HIT SRR12570033: 1 baits >= 0.7 ['ECBAIT_10_0057_MEMBER_INTERIOR_01']
  HIT SRR12704988: 4 baits >= 0.7 ['ECBAIT_0_0000_INTERIOR_MODULE_01', 'ECBAIT_0_0000_MEMBER_INTERIOR_01', 'ECBAIT_0_0054_MEMBER_INTERIOR_01', 'ECBAIT_10_0057_MEMBER_INTERIOR_01']
  HIT SRR12570042: 2 baits >= 0.7 ['ECBAIT_0_0046_MEMBER_INTERIOR_01', 'ECBAIT_1_0026_JUNCTION_01']
  HIT SRR1272511: 1 baits >= 0.7 ['ECBAIT_HOST_CONTROL_01']
  HIT SRR1272843: 1 baits >= 0.7 ['ECBAIT_10_0002_MEMBER_INTERIOR_01']
  HIT SRR1272846: 2 baits >= 0.7 ['ECBAIT_10_0002_MEMBER_INTERIOR_01', 'ECBAIT_10_0172_MEMBER_INTERIOR_01']
  HIT SRR1272859: 1 baits >= 0.7 ['ECBAIT_HOST_CONTROL_01']
  HIT SRR12744009: 1 baits >= 0.7 ['ECBAIT_10_0057_MEMBER_INTERIOR_01']
  HIT SRR12744056: 1 baits >= 0.7 ['ECBAIT_10_0057_MEMBER_INTERIOR_01']
  HIT SRR12744035: 1 baits >= 0.7 ['ECBAIT_10_0057_MEMBER_INTERIOR_01']
  4900/12000 processed (4645 screened, 3935 hit-accessions) 1494s budget=7.6GB
  HIT SRR12744059: 2 baits >= 0.7 ['ECBAIT_10_0057_MEMBER_INTERIOR_01', 'ECBAIT_HOST_CONTROL_02']
  HIT SRR12744062: 3 baits >= 0.7 ['ECBAIT_0_0046_MEMBER_INTERIOR_01', 'ECBAIT_1_0004_JUNCTION_02', 'ECBAIT_HOST_CONTROL_02']
  HIT SRR12747129: 3 baits >= 0.7 ['ECBAIT_10_0002_JUNCTION_01', 'ECBAIT_10_0002_JUNCTION_02', 'ECBAIT_HOST_CONTROL_01']
  HIT SRR12744067: 2 baits >= 0.7 ['ECBAIT_10_0057_MEMBER_INTERIOR_01', 'ECBAIT_HOST_CONTROL_02']
  HIT SRR12789464: 1 baits >= 0.7 ['ECBAIT_HOST_CONTROL_01']
  HIT SRR12789465: 1 baits >= 0.7 ['ECBAIT_10_0057_MEMBER_INTERIOR_01']
  HIT SRR12789467: 1 baits >= 0.7 ['ECBAIT_HOST_CONTROL_01']
  HIT SRR12789466: 1 baits >= 0.7 ['ECBAIT_HOST_CONTROL_01']
  HIT SRR12789468: 2 baits >= 0.7 ['ECBAIT_10_0057_MEMBER_INTERIOR_01', 'ECBAIT_HOST_CONTROL_01']
  HIT SRR12789469: 1 baits >= 0.7 ['ECBAIT_HOST_CONTROL_01']
  HIT SRR12789470: 1 baits >= 0.7 ['ECBAIT_HOST_CONTROL_01']
  HIT SRR12789471: 2 baits >= 0.7 ['ECBAIT_10_0057_MEMBER_INTERIOR_01', 'ECBAIT_HOST_CONTROL_01']
  HIT SRR12789472: 1 baits >= 0.7 ['ECBAIT_HOST_CONTROL_01']
  HIT SRR12789474: 1 baits >= 0.7 ['ECBAIT_HOST_CONTROL_01']
  HIT SRR12789475: 2 baits >= 0.7 ['ECBAIT_10_0057_MEMBER_INTERIOR_01', 'ECBAIT_HOST_CONTROL_01']
  HIT SRR12789473: 1 baits >= 0.7 ['ECBAIT_HOST_CONTROL_01']
  HIT SRR12789476: 2 baits >= 0.7 ['ECBAIT_10_0057_MEMBER_INTERIOR_01', 'ECBAIT_HOST_CONTROL_01']
  HIT SRR12809168: 1 baits >= 0.7 ['ECBAIT_HOST_CONTROL_01']
  HIT SRR12809169: 2 baits >= 0.7 ['ECBAIT_10_0002_MEMBER_INTERIOR_01', 'ECBAIT_HOST_CONTROL_01']
  HIT SRR12789477: 2 baits >= 0.7 ['ECBAIT_10_0057_MEMBER_INTERIOR_01', 'ECBAIT_HOST_CONTROL_01']
  HIT SRR12809170: 2 baits >= 0.7 ['ECBAIT_10_0002_MEMBER_INTERIOR_01', 'ECBAIT_HOST_CONTROL_01']
  HIT SRR12809171: 3 baits >= 0.7 ['ECBAIT_10_0002_MEMBER_INTERIOR_01', 'ECBAIT_10_0057_MEMBER_INTERIOR_01', 'ECBAIT_HOST_CONTROL_01']
  HIT SRR12809174: 2 baits >= 0.7 ['ECBAIT_10_0002_MEMBER_INTERIOR_01', 'ECBAIT_HOST_CONTROL_01']
  HIT SRR12809172: 2 baits >= 0.7 ['ECBAIT_10_0002_MEMBER_INTERIOR_01', 'ECBAIT_HOST_CONTROL_01']
  HIT SRR12809173: 2 baits >= 0.7 ['ECBAIT_10_0002_MEMBER_INTERIOR_01', 'ECBAIT_HOST_CONTROL_01']
  HIT SRR12817466: 1 baits >= 0.7 ['ECBAIT_10_0057_MEMBER_INTERIOR_01']
  HIT SRR12817467: 1 baits >= 0.7 ['ECBAIT_10_0057_MEMBER_INTERIOR_01']
  HIT SRR12885725: 3 baits >= 0.7 ['ECBAIT_0_0046_MEMBER_INTERIOR_01', 'ECBAIT_10_0057_MEMBER_INTERIOR_01', 'ECBAIT_1_0022_MEMBER_INTERIOR_01']
  HIT SRR12885729: 1 baits >= 0.7 ['ECBAIT_10_0057_MEMBER_INTERIOR_01']
  HIT SRR12885731: 2 baits >= 0.7 ['ECBAIT_10_0057_MEMBER_INTERIOR_01', 'ECBAIT_HOST_CONTROL_01']
  HIT SRR12885732: 2 baits >= 0.7 ['ECBAIT_0_0000_MEMBER_INTERIOR_01', 'ECBAIT_10_0002_MEMBER_INTERIOR_01']
  HIT SRR12885735: 1 baits >= 0.7 ['ECBAIT_10_0057_MEMBER_INTERIOR_01']
  HIT SRR12885736: 1 baits >= 0.7 ['ECBAIT_HOST_CONTROL_01']
  HIT SRR12885738: 1 baits >= 0.7 ['ECBAIT_10_0057_MEMBER_INTERIOR_01']
  HIT SRR12885737: 1 baits >= 0.7 ['ECBAIT_10_0057_MEMBER_INTERIOR_01']
  HIT SRR12885740: 1 baits >= 0.7 ['ECBAIT_HOST_CONTROL_01']
  HIT SRR12885742: 1 baits >= 0.7 ['ECBAIT_10_0057_MEMBER_INTERIOR_01']
  HIT SRR12885744: 1 baits >= 0.7 ['ECBAIT_HOST_CONTROL_02']
  4950/12000 processed (4694 screened, 3973 hit-accessions) 1510s budget=7.7GB
  HIT SRR12885745: 2 baits >= 0.7 ['ECBAIT_10_0057_MEMBER_INTERIOR_01', 'ECBAIT_HOST_CONTROL_01']
  HIT SRR12885749: 1 baits >= 0.7 ['ECBAIT_10_0057_MEMBER_INTERIOR_01']
  HIT SRR12885750: 1 baits >= 0.7 ['ECBAIT_1_0004_JUNCTION_01']
  HIT SRR12885752: 1 baits >= 0.7 ['ECBAIT_10_0057_MEMBER_INTERIOR_01']
  HIT SRR12885751: 1 baits >= 0.7 ['ECBAIT_10_0057_MEMBER_INTERIOR_01']
  HIT SRR12885753: 1 baits >= 0.7 ['ECBAIT_10_0057_MEMBER_INTERIOR_01']
  HIT SRR13000327: 3 baits >= 0.7 ['ECBAIT_0_0046_JUNCTION_02', 'ECBAIT_0_0046_MEMBER_INTERIOR_01', 'ECBAIT_1_0022_JUNCTION_03']
  HIT SRR13000401: 1 baits >= 0.7 ['ECBAIT_0_0000_JUNCTION_02']
  HIT SRR13296940: 3 baits >= 0.7 ['ECBAIT_0_0014_MEMBER_INTERIOR_01', 'ECBAIT_10_0057_MEMBER_INTERIOR_01', 'ECBAIT_HOST_CONTROL_01']
  HIT SRR13296941: 3 baits >= 0.7 ['ECBAIT_0_0014_MEMBER_INTERIOR_01', 'ECBAIT_10_0057_MEMBER_INTERIOR_01', 'ECBAIT_HOST_CONTROL_01']
  HIT SRR13333450: 3 baits >= 0.7 ['ECBAIT_0_0000_JUNCTION_02', 'ECBAIT_10_0057_MEMBER_INTERIOR_01', 'ECBAIT_10_0151_JUNCTION_03']
  HIT SRR13389397: 1 baits >= 0.7 ['ECBAIT_10_0057_MEMBER_INTERIOR_01']
  HIT SRR13389398: 1 baits >= 0.7 ['ECBAIT_HOST_CONTROL_01']
  HIT SRR13389399: 1 baits >= 0.7 ['ECBAIT_10_0057_MEMBER_INTERIOR_01']
  HIT SRR13296942: 3 baits >= 0.7 ['ECBAIT_0_0014_MEMBER_INTERIOR_01', 'ECBAIT_10_0057_MEMBER_INTERIOR_01', 'ECBAIT_HOST_CONTROL_01']
  HIT SRR13389400: 1 baits >= 0.7 ['ECBAIT_0_0000_JUNCTION_02']
  HIT SRR13389401: 1 baits >= 0.7 ['ECBAIT_10_0057_MEMBER_INTERIOR_01']
  HIT SRR13389403: 1 baits >= 0.7 ['ECBAIT_10_0057_MEMBER_INTERIOR_01']
  HIT SRR13389404: 1 baits >= 0.7 ['ECBAIT_HOST_CONTROL_01']
  HIT SRR13389405: 1 baits >= 0.7 ['ECBAIT_HOST_CONTROL_01']
  HIT SRR13389406: 1 baits >= 0.7 ['ECBAIT_10_0057_MEMBER_INTERIOR_01']
  HIT SRR13389407: 2 baits >= 0.7 ['ECBAIT_0_0000_JUNCTION_02', 'ECBAIT_0_0000_MEMBER_INTERIOR_01']
  HIT SRR13389408: 5 baits >= 0.7 ['ECBAIT_0_0000_JUNCTION_02', 'ECBAIT_0_0046_JUNCTION_01', 'ECBAIT_0_0046_MEMBER_INTERIOR_01', 'ECBAIT_1_0022_JUNCTION_03']
  HIT SRR13389410: 1 baits >= 0.7 ['ECBAIT_10_0057_MEMBER_INTERIOR_01']
  HIT SRR13389414: 1 baits >= 0.7 ['ECBAIT_10_0057_MEMBER_INTERIOR_01']
  HIT SRR13389413: 1 baits >= 0.7 ['ECBAIT_10_0057_MEMBER_INTERIOR_01']
  HIT SRR13389415: 1 baits >= 0.7 ['ECBAIT_HOST_CONTROL_01']
  HIT SRR13389417: 1 baits >= 0.7 ['ECBAIT_HOST_CONTROL_01']
  HIT SRR13389419: 1 baits >= 0.7 ['ECBAIT_10_0057_MEMBER_INTERIOR_01']
  HIT SRR13389420: 1 baits >= 0.7 ['ECBAIT_HOST_CONTROL_01']
  HIT SRR13487015: 1 baits >= 0.7 ['ECBAIT_HOST_CONTROL_01']
  HIT SRR13487016: 1 baits >= 0.7 ['ECBAIT_HOST_CONTROL_01']
  HIT SRR13487017: 1 baits >= 0.7 ['ECBAIT_HOST_CONTROL_01']
  HIT SRR13487018: 1 baits >= 0.7 ['ECBAIT_HOST_CONTROL_01']
  HIT SRR13487019: 1 baits >= 0.7 ['ECBAIT_HOST_CONTROL_01']
  HIT SRR13487020: 1 baits >= 0.7 ['ECBAIT_HOST_CONTROL_01']
  HIT SRR13487022: 1 baits >= 0.7 ['ECBAIT_HOST_CONTROL_01']
  HIT SRR13487021: 1 baits >= 0.7 ['ECBAIT_HOST_CONTROL_01']
  5000/12000 processed (4742 screened, 4011 hit-accessions) 1526s budget=7.8GB
  HIT SRR13518489: 1 baits >= 0.7 ['ECBAIT_HOST_CONTROL_01']
  HIT SRR13518490: 1 baits >= 0.7 ['ECBAIT_HOST_CONTROL_01']
  HIT SRR13518493: 1 baits >= 0.7 ['ECBAIT_HOST_CONTROL_01']
  HIT SRR13518491: 1 baits >= 0.7 ['ECBAIT_HOST_CONTROL_01']
  HIT SRR13518492: 1 baits >= 0.7 ['ECBAIT_HOST_CONTROL_01']
  HIT SRR13518494: 1 baits >= 0.7 ['ECBAIT_HOST_CONTROL_01']
  HIT SRR13518495: 1 baits >= 0.7 ['ECBAIT_HOST_CONTROL_01']
  HIT SRR13518496: 1 baits >= 0.7 ['ECBAIT_HOST_CONTROL_01']
  HIT SRR13518497: 1 baits >= 0.7 ['ECBAIT_HOST_CONTROL_01']
  HIT SRR13518498: 1 baits >= 0.7 ['ECBAIT_HOST_CONTROL_01']
  HIT SRR13518500: 1 baits >= 0.7 ['ECBAIT_HOST_CONTROL_01']
  HIT SRR13518499: 1 baits >= 0.7 ['ECBAIT_HOST_CONTROL_01']
  HIT SRR13518501: 1 baits >= 0.7 ['ECBAIT_HOST_CONTROL_01']
  HIT SRR13518502: 1 baits >= 0.7 ['ECBAIT_HOST_CONTROL_01']
  HIT SRR13518503: 1 baits >= 0.7 ['ECBAIT_HOST_CONTROL_01']
  HIT SRR13518504: 1 baits >= 0.7 ['ECBAIT_HOST_CONTROL_01']
  HIT SRR13518506: 1 baits >= 0.7 ['ECBAIT_HOST_CONTROL_01']
  HIT SRR13518505: 1 baits >= 0.7 ['ECBAIT_HOST_CONTROL_01']
  HIT SRR13518508: 1 baits >= 0.7 ['ECBAIT_HOST_CONTROL_01']
  HIT SRR13518507: 1 baits >= 0.7 ['ECBAIT_HOST_CONTROL_01']
  HIT SRR13518509: 1 baits >= 0.7 ['ECBAIT_HOST_CONTROL_01']
  HIT SRR13518510: 1 baits >= 0.7 ['ECBAIT_HOST_CONTROL_01']
  HIT SRR13518511: 1 baits >= 0.7 ['ECBAIT_HOST_CONTROL_01']
  HIT SRR13518512: 1 baits >= 0.7 ['ECBAIT_HOST_CONTROL_01']
  HIT SRR13518513: 1 baits >= 0.7 ['ECBAIT_HOST_CONTROL_01']
  HIT SRR13518514: 1 baits >= 0.7 ['ECBAIT_HOST_CONTROL_01']
  HIT SRR13518515: 1 baits >= 0.7 ['ECBAIT_HOST_CONTROL_01']
  HIT SRR13518516: 1 baits >= 0.7 ['ECBAIT_HOST_CONTROL_01']
  HIT SRR13518517: 1 baits >= 0.7 ['ECBAIT_HOST_CONTROL_01']
  HIT SRR13518518: 1 baits >= 0.7 ['ECBAIT_HOST_CONTROL_01']
  HIT SRR13518519: 1 baits >= 0.7 ['ECBAIT_HOST_CONTROL_01']
  HIT SRR13518520: 1 baits >= 0.7 ['ECBAIT_HOST_CONTROL_01']
  HIT SRR13518521: 1 baits >= 0.7 ['ECBAIT_HOST_CONTROL_01']
  HIT SRR13518522: 1 baits >= 0.7 ['ECBAIT_HOST_CONTROL_01']
  HIT SRR13518523: 1 baits >= 0.7 ['ECBAIT_HOST_CONTROL_01']
  HIT SRR13518524: 1 baits >= 0.7 ['ECBAIT_HOST_CONTROL_01']
  HIT SRR13518525: 1 baits >= 0.7 ['ECBAIT_HOST_CONTROL_01']
  HIT SRR13518526: 1 baits >= 0.7 ['ECBAIT_HOST_CONTROL_01']
  HIT SRR13518527: 1 baits >= 0.7 ['ECBAIT_HOST_CONTROL_01']
  HIT SRR13518528: 1 baits >= 0.7 ['ECBAIT_HOST_CONTROL_01']
  HIT SRR13608631: 2 baits >= 0.7 ['ECBAIT_10_0057_MEMBER_INTERIOR_01', 'ECBAIT_HOST_CONTROL_02']
  HIT SRR13608624: 2 baits >= 0.7 ['ECBAIT_10_0057_MEMBER_INTERIOR_01', 'ECBAIT_HOST_CONTROL_02']
  HIT SRR13644675: 1 baits >= 0.7 ['ECBAIT_HOST_CONTROL_01']
  HIT SRR13644676: 1 baits >= 0.7 ['ECBAIT_HOST_CONTROL_01']
  HIT SRR13644677: 1 baits >= 0.7 ['ECBAIT_HOST_CONTROL_01']
  HIT SRR13693572: 1 baits >= 0.7 ['ECBAIT_10_0057_MEMBER_INTERIOR_01']
  HIT SRR13668360: 1 baits >= 0.7 ['ECBAIT_10_0057_MEMBER_INTERIOR_01']
  5050/12000 processed (4792 screened, 4058 hit-accessions) 1541s budget=7.9GB
  HIT SRR13708342: 2 baits >= 0.7 ['ECBAIT_10_0002_JUNCTION_01', 'ECBAIT_10_0002_JUNCTION_02']
  HIT SRR13708343: 2 baits >= 0.7 ['ECBAIT_10_0002_JUNCTION_01', 'ECBAIT_10_0002_JUNCTION_02']
  HIT SRR13708344: 2 baits >= 0.7 ['ECBAIT_10_0002_JUNCTION_01', 'ECBAIT_10_0002_JUNCTION_02']
  HIT SRR13708347: 1 baits >= 0.7 ['ECBAIT_10_0172_MEMBER_INTERIOR_01']
  HIT SRR13708349: 2 baits >= 0.7 ['ECBAIT_10_0057_MEMBER_INTERIOR_01', 'ECBAIT_10_0172_MEMBER_INTERIOR_01']
  HIT SRR13708352: 1 baits >= 0.7 ['ECBAIT_10_0057_MEMBER_INTERIOR_01']
  HIT SRR13708355: 1 baits >= 0.7 ['ECBAIT_10_0172_MEMBER_INTERIOR_01']
  HIT SRR13708356: 3 baits >= 0.7 ['ECBAIT_0_0046_MEMBER_INTERIOR_01', 'ECBAIT_10_0151_JUNCTION_03', 'ECBAIT_10_0151_MEMBER_INTERIOR_01']
  HIT SRR13708359: 4 baits >= 0.7 ['ECBAIT_10_0002_JUNCTION_01', 'ECBAIT_10_0002_JUNCTION_02', 'ECBAIT_10_0057_MEMBER_INTERIOR_01', 'ECBAIT_HOST_CONTROL_01']
  HIT SRR13708361: 2 baits >= 0.7 ['ECBAIT_10_0002_JUNCTION_01', 'ECBAIT_10_0002_JUNCTION_02']
  HIT SRR13708357: 2 baits >= 0.7 ['ECBAIT_10_0002_JUNCTION_01', 'ECBAIT_10_0002_JUNCTION_02']
  HIT SRR13708362: 1 baits >= 0.7 ['ECBAIT_10_0172_MEMBER_INTERIOR_01']
  HIT SRR13708366: 2 baits >= 0.7 ['ECBAIT_10_0057_MEMBER_INTERIOR_01', 'ECBAIT_10_0172_MEMBER_INTERIOR_01']
  HIT SRR13708368: 3 baits >= 0.7 ['ECBAIT_0_0000_JUNCTION_02', 'ECBAIT_10_0057_MEMBER_INTERIOR_01', 'ECBAIT_10_0172_MEMBER_INTERIOR_01']
  HIT SRR13708363: 6 baits >= 0.7 ['ECBAIT_0_0000_JUNCTION_02', 'ECBAIT_0_0000_MEMBER_INTERIOR_01', 'ECBAIT_0_0054_MEMBER_INTERIOR_01', 'ECBAIT_10_0002_JUNCTION_01']
  HIT SRR13708371: 1 baits >= 0.7 ['ECBAIT_10_0172_MEMBER_INTERIOR_01']
  HIT SRR13708373: 1 baits >= 0.7 ['ECBAIT_10_0172_MEMBER_INTERIOR_01']
  HIT SRR13708372: 2 baits >= 0.7 ['ECBAIT_10_0002_JUNCTION_01', 'ECBAIT_10_0002_JUNCTION_02']
  HIT SRR13708374: 1 baits >= 0.7 ['ECBAIT_10_0172_MEMBER_INTERIOR_01']
  HIT SRR13708375: 1 baits >= 0.7 ['ECBAIT_10_0172_MEMBER_INTERIOR_01']
  HIT SRR13708377: 1 baits >= 0.7 ['ECBAIT_10_0172_MEMBER_INTERIOR_01']
  HIT SRR13708379: 1 baits >= 0.7 ['ECBAIT_0_0046_MEMBER_INTERIOR_01']
  HIT SRR13708376: 1 baits >= 0.7 ['ECBAIT_10_0172_MEMBER_INTERIOR_01']
  HIT SRR13708380: 2 baits >= 0.7 ['ECBAIT_10_0002_JUNCTION_01', 'ECBAIT_10_0002_JUNCTION_02']
  HIT SRR13708386: 2 baits >= 0.7 ['ECBAIT_10_0002_JUNCTION_01', 'ECBAIT_10_0002_JUNCTION_02']
  HIT SRR13708382: 2 baits >= 0.7 ['ECBAIT_10_0002_JUNCTION_01', 'ECBAIT_10_0002_JUNCTION_02']
  HIT SRR13708387: 2 baits >= 0.7 ['ECBAIT_10_0002_JUNCTION_01', 'ECBAIT_10_0002_JUNCTION_02']
  HIT SRR13708390: 2 baits >= 0.7 ['ECBAIT_10_0002_JUNCTION_01', 'ECBAIT_10_0002_JUNCTION_02']
  HIT SRR13708395: 2 baits >= 0.7 ['ECBAIT_10_0002_JUNCTION_01', 'ECBAIT_10_0002_JUNCTION_02']
  HIT SRR13848067: 1 baits >= 0.7 ['ECBAIT_HOST_CONTROL_01']
  HIT SRR13848065: 2 baits >= 0.7 ['ECBAIT_10_0057_MEMBER_INTERIOR_01', 'ECBAIT_HOST_CONTROL_01']
  HIT SRR13708391: 2 baits >= 0.7 ['ECBAIT_10_0002_JUNCTION_01', 'ECBAIT_10_0002_JUNCTION_02']
  HIT SRR13848068: 1 baits >= 0.7 ['ECBAIT_HOST_CONTROL_01']
  HIT SRR13848073: 2 baits >= 0.7 ['ECBAIT_10_0057_MEMBER_INTERIOR_01', 'ECBAIT_HOST_CONTROL_01']
  HIT SRR13848077: 1 baits >= 0.7 ['ECBAIT_HOST_CONTROL_02']
  HIT SRR13848076: 1 baits >= 0.7 ['ECBAIT_HOST_CONTROL_02']
  HIT SRR13848078: 2 baits >= 0.7 ['ECBAIT_10_0057_MEMBER_INTERIOR_01', 'ECBAIT_HOST_CONTROL_01']
  HIT SRR13848079: 6 baits >= 0.7 ['ECBAIT_0_0091_INTERIOR_MODULE_01', 'ECBAIT_0_0091_JUNCTION_02', 'ECBAIT_0_0091_JUNCTION_03', 'ECBAIT_0_0091_MEMBER_INTERIOR_01']
  HIT SRR13848081: 5 baits >= 0.7 ['ECBAIT_10_0002_JUNCTION_01', 'ECBAIT_10_0002_JUNCTION_02', 'ECBAIT_10_0057_INTERIOR_MODULE_01', 'ECBAIT_10_0057_JUNCTION_03']
  HIT SRR13848083: 2 baits >= 0.7 ['ECBAIT_10_0057_MEMBER_INTERIOR_01', 'ECBAIT_HOST_CONTROL_01']
  HIT SRR13848084: 2 baits >= 0.7 ['ECBAIT_10_0057_MEMBER_INTERIOR_01', 'ECBAIT_HOST_CONTROL_01']
  HIT SRR13848085: 2 baits >= 0.7 ['ECBAIT_10_0057_MEMBER_INTERIOR_01', 'ECBAIT_HOST_CONTROL_01']
  HIT SRR13848086: 2 baits >= 0.7 ['ECBAIT_10_0057_MEMBER_INTERIOR_01', 'ECBAIT_HOST_CONTROL_01']
  5100/12000 processed (4842 screened, 4101 hit-accessions) 1558s budget=8.0GB
  HIT SRR13848087: 2 baits >= 0.7 ['ECBAIT_10_0057_MEMBER_INTERIOR_01', 'ECBAIT_HOST_CONTROL_01']
  HIT SRR13848088: 1 baits >= 0.7 ['ECBAIT_HOST_CONTROL_01']
  HIT SRR13848089: 1 baits >= 0.7 ['ECBAIT_10_0057_MEMBER_INTERIOR_01']
  HIT SRR13848090: 6 baits >= 0.7 ['ECBAIT_0_0091_INTERIOR_MODULE_01', 'ECBAIT_0_0091_JUNCTION_02', 'ECBAIT_0_0091_JUNCTION_03', 'ECBAIT_0_0091_MEMBER_INTERIOR_01']
  HIT SRR13848093: 1 baits >= 0.7 ['ECBAIT_HOST_CONTROL_01']
  HIT SRR13848095: 2 baits >= 0.7 ['ECBAIT_0_0000_MEMBER_INTERIOR_01', 'ECBAIT_10_0057_MEMBER_INTERIOR_01']
  HIT SRR13848096: 2 baits >= 0.7 ['ECBAIT_0_0000_JUNCTION_02', 'ECBAIT_10_0057_MEMBER_INTERIOR_01']
  HIT SRR13848098: 1 baits >= 0.7 ['ECBAIT_HOST_CONTROL_01']
  HIT SRR13848097: 1 baits >= 0.7 ['ECBAIT_HOST_CONTROL_01']
  HIT SRR13848101: 2 baits >= 0.7 ['ECBAIT_10_0057_MEMBER_INTERIOR_01', 'ECBAIT_HOST_CONTROL_01']
  HIT SRR13848102: 3 baits >= 0.7 ['ECBAIT_0_0059_JUNCTION_02', 'ECBAIT_0_0059_JUNCTION_03', 'ECBAIT_HOST_CONTROL_01']
  HIT SRR13848103: 1 baits >= 0.7 ['ECBAIT_10_0057_MEMBER_INTERIOR_01']
  HIT SRR13848099: 2 baits >= 0.7 ['ECBAIT_10_0057_MEMBER_INTERIOR_01', 'ECBAIT_HOST_CONTROL_01']
  HIT SRR13848104: 1 baits >= 0.7 ['ECBAIT_10_0057_MEMBER_INTERIOR_01']
  HIT SRR13848108: 1 baits >= 0.7 ['ECBAIT_HOST_CONTROL_01']
  HIT SRR13848109: 2 baits >= 0.7 ['ECBAIT_0_0052_JUNCTION_03', 'ECBAIT_10_0057_MEMBER_INTERIOR_01']
  HIT SRR13848111: 1 baits >= 0.7 ['ECBAIT_1_0004_JUNCTION_01']
  HIT SRR13848110: 3 baits >= 0.7 ['ECBAIT_10_0002_JUNCTION_01', 'ECBAIT_10_0002_JUNCTION_02', 'ECBAIT_HOST_CONTROL_01']
  HIT SRR13848113: 2 baits >= 0.7 ['ECBAIT_10_0057_MEMBER_INTERIOR_01', 'ECBAIT_HOST_CONTROL_01']
  HIT SRR13848112: 6 baits >= 0.7 ['ECBAIT_0_0091_INTERIOR_MODULE_01', 'ECBAIT_0_0091_JUNCTION_02', 'ECBAIT_0_0091_JUNCTION_03', 'ECBAIT_0_0091_MEMBER_INTERIOR_01']
  HIT SRR13848114: 2 baits >= 0.7 ['ECBAIT_10_0057_MEMBER_INTERIOR_01', 'ECBAIT_HOST_CONTROL_01']
  HIT SRR13848117: 1 baits >= 0.7 ['ECBAIT_10_0057_MEMBER_INTERIOR_01']
  HIT SRR13848116: 1 baits >= 0.7 ['ECBAIT_HOST_CONTROL_02']
  HIT SRR13848118: 2 baits >= 0.7 ['ECBAIT_0_0000_MEMBER_INTERIOR_01', 'ECBAIT_10_0057_MEMBER_INTERIOR_01']
  HIT SRR13848122: 2 baits >= 0.7 ['ECBAIT_0_0000_JUNCTION_02', 'ECBAIT_10_0057_MEMBER_INTERIOR_01']
  HIT SRR13848124: 2 baits >= 0.7 ['ECBAIT_0_0000_JUNCTION_02', 'ECBAIT_10_0057_MEMBER_INTERIOR_01']
  HIT SRR13848125: 1 baits >= 0.7 ['ECBAIT_10_0057_MEMBER_INTERIOR_01']
  HIT SRR13848126: 1 baits >= 0.7 ['ECBAIT_10_0057_MEMBER_INTERIOR_01']
  HIT SRR13848127: 1 baits >= 0.7 ['ECBAIT_HOST_CONTROL_01']
  HIT SRR13848128: 2 baits >= 0.7 ['ECBAIT_10_0057_MEMBER_INTERIOR_01', 'ECBAIT_HOST_CONTROL_01']
  HIT SRR13848129: 4 baits >= 0.7 ['ECBAIT_10_0002_JUNCTION_01', 'ECBAIT_10_0002_JUNCTION_02', 'ECBAIT_10_0057_MEMBER_INTERIOR_01', 'ECBAIT_HOST_CONTROL_01']
  HIT SRR13848130: 7 baits >= 0.7 ['ECBAIT_0_0059_JUNCTION_01', 'ECBAIT_0_0059_JUNCTION_02', 'ECBAIT_0_0059_JUNCTION_03', 'ECBAIT_0_0059_MEMBER_INTERIOR_01']
  HIT SRR13848131: 1 baits >= 0.7 ['ECBAIT_1_0004_JUNCTION_01']
  HIT SRR13848132: 2 baits >= 0.7 ['ECBAIT_10_0057_MEMBER_INTERIOR_01', 'ECBAIT_HOST_CONTROL_01']
  HIT SRR13848133: 2 baits >= 0.7 ['ECBAIT_10_0057_MEMBER_INTERIOR_01', 'ECBAIT_HOST_CONTROL_01']
  HIT SRR13893500: 1 baits >= 0.7 ['ECBAIT_HOST_CONTROL_01']
  HIT SRR13893506: 1 baits >= 0.7 ['ECBAIT_10_0057_MEMBER_INTERIOR_01']
  HIT SRR13893508: 4 baits >= 0.7 ['ECBAIT_0_0091_JUNCTION_03', 'ECBAIT_0_0091_MEMBER_INTERIOR_01', 'ECBAIT_10_0057_MEMBER_INTERIOR_01', 'ECBAIT_HOST_CONTROL_01']
  HIT SRR13893509: 6 baits >= 0.7 ['ECBAIT_0_0000_JUNCTION_02', 'ECBAIT_0_0000_MEMBER_INTERIOR_01', 'ECBAIT_0_0014_MEMBER_INTERIOR_01', 'ECBAIT_10_0057_MEMBER_INTERIOR_01']
  HIT SRR13893510: 1 baits >= 0.7 ['ECBAIT_10_0057_MEMBER_INTERIOR_01']
  5150/12000 processed (4892 screened, 4141 hit-accessions) 1576s budget=8.3GB
  HIT SRR13893503: 2 baits >= 0.7 ['ECBAIT_10_0002_JUNCTION_02', 'ECBAIT_HOST_CONTROL_01']
  HIT SRR13893634: 4 baits >= 0.7 ['ECBAIT_10_0002_JUNCTION_01', 'ECBAIT_10_0002_JUNCTION_02', 'ECBAIT_10_0002_MEMBER_INTERIOR_01', 'ECBAIT_10_0057_MEMBER_INTERIOR_01']
  HIT SRR13893610: 2 baits >= 0.7 ['ECBAIT_10_0057_MEMBER_INTERIOR_01', 'ECBAIT_10_0172_MEMBER_INTERIOR_01']
  HIT SRR13893632: 1 baits >= 0.7 ['ECBAIT_10_0057_MEMBER_INTERIOR_01']
  HIT SRR13893621: 1 baits >= 0.7 ['ECBAIT_10_0057_MEMBER_INTERIOR_01']
  HIT SRR13893635: 1 baits >= 0.7 ['ECBAIT_10_0057_MEMBER_INTERIOR_01']
  HIT SRR13893636: 2 baits >= 0.7 ['ECBAIT_1_0004_JUNCTION_02', 'ECBAIT_1_0004_MEMBER_INTERIOR_01']
  HIT SRR13893638: 6 baits >= 0.7 ['ECBAIT_0_0046_MEMBER_INTERIOR_01', 'ECBAIT_10_0002_MEMBER_INTERIOR_01', 'ECBAIT_10_0057_MEMBER_INTERIOR_01', 'ECBAIT_1_0022_JUNCTION_02']
  HIT SRR13893640: 1 baits >= 0.7 ['ECBAIT_10_0057_MEMBER_INTERIOR_01']
  HIT SRR13893641: 1 baits >= 0.7 ['ECBAIT_HOST_CONTROL_01']
  HIT SRR13893642: 2 baits >= 0.7 ['ECBAIT_10_0002_MEMBER_INTERIOR_01', 'ECBAIT_10_0057_MEMBER_INTERIOR_01']
  HIT SRR13893643: 1 baits >= 0.7 ['ECBAIT_10_0057_MEMBER_INTERIOR_01']
  HIT SRR13893644: 2 baits >= 0.7 ['ECBAIT_10_0057_MEMBER_INTERIOR_01', 'ECBAIT_HOST_CONTROL_01']
  HIT SRR13893645: 1 baits >= 0.7 ['ECBAIT_10_0057_MEMBER_INTERIOR_01']
  HIT SRR13893646: 1 baits >= 0.7 ['ECBAIT_10_0057_MEMBER_INTERIOR_01']
  HIT SRR13893651: 4 baits >= 0.7 ['ECBAIT_10_0002_JUNCTION_01', 'ECBAIT_10_0002_JUNCTION_02', 'ECBAIT_10_0002_MEMBER_INTERIOR_01', 'ECBAIT_10_0057_MEMBER_INTERIOR_01']
  HIT SRR13893729: 3 baits >= 0.7 ['ECBAIT_10_0002_JUNCTION_01', 'ECBAIT_10_0002_JUNCTION_02', 'ECBAIT_HOST_CONTROL_01']
  HIT SRR13893695: 1 baits >= 0.7 ['ECBAIT_HOST_CONTROL_01']
  HIT SRR13893730: 3 baits >= 0.7 ['ECBAIT_10_0002_MEMBER_INTERIOR_01', 'ECBAIT_10_0057_MEMBER_INTERIOR_01', 'ECBAIT_10_0172_MEMBER_INTERIOR_01']
  HIT SRR13893733: 3 baits >= 0.7 ['ECBAIT_0_0000_JUNCTION_02', 'ECBAIT_0_0000_MEMBER_INTERIOR_01', 'ECBAIT_10_0172_MEMBER_INTERIOR_01']
  HIT SRR13893731: 1 baits >= 0.7 ['ECBAIT_10_0057_MEMBER_INTERIOR_01']
  HIT SRR13893673: 2 baits >= 0.7 ['ECBAIT_10_0002_MEMBER_INTERIOR_01', 'ECBAIT_10_0057_MEMBER_INTERIOR_01']
  HIT SRR13893735: 4 baits >= 0.7 ['ECBAIT_10_0002_JUNCTION_01', 'ECBAIT_10_0002_JUNCTION_02', 'ECBAIT_10_0057_MEMBER_INTERIOR_01', 'ECBAIT_HOST_CONTROL_01']
  HIT SRR13893736: 3 baits >= 0.7 ['ECBAIT_10_0038_JUNCTION_01', 'ECBAIT_10_0038_MEMBER_INTERIOR_01', 'ECBAIT_10_0057_MEMBER_INTERIOR_01']
  HIT SRR13893737: 6 baits >= 0.7 ['ECBAIT_0_0000_INTERIOR_MODULE_01', 'ECBAIT_0_0000_JUNCTION_02', 'ECBAIT_0_0000_MEMBER_INTERIOR_01', 'ECBAIT_10_0057_MEMBER_INTERIOR_01']
  HIT SRR13893738: 1 baits >= 0.7 ['ECBAIT_10_0057_MEMBER_INTERIOR_01']
  HIT SRR13893739: 3 baits >= 0.7 ['ECBAIT_10_0002_JUNCTION_01', 'ECBAIT_10_0002_JUNCTION_02', 'ECBAIT_HOST_CONTROL_01']
  HIT SRR13893745: 4 baits >= 0.7 ['ECBAIT_10_0057_MEMBER_INTERIOR_01', 'ECBAIT_10_0151_JUNCTION_03', 'ECBAIT_10_0151_MEMBER_INTERIOR_01', 'ECBAIT_10_0172_MEMBER_INTERIOR_01']
  HIT SRR13893744: 2 baits >= 0.7 ['ECBAIT_10_0002_MEMBER_INTERIOR_01', 'ECBAIT_10_0057_MEMBER_INTERIOR_01']
  HIT SRR13893746: 2 baits >= 0.7 ['ECBAIT_10_0151_MEMBER_INTERIOR_01', 'ECBAIT_HOST_CONTROL_02']
  HIT SRR13893747: 2 baits >= 0.7 ['ECBAIT_10_0057_MEMBER_INTERIOR_01', 'ECBAIT_HOST_CONTROL_01']
  HIT SRR13893748: 2 baits >= 0.7 ['ECBAIT_10_0057_MEMBER_INTERIOR_01', 'ECBAIT_10_0172_MEMBER_INTERIOR_01']
  HIT SRR13893750: 6 baits >= 0.7 ['ECBAIT_0_0000_JUNCTION_02', 'ECBAIT_0_0000_MEMBER_INTERIOR_01', 'ECBAIT_0_0014_MEMBER_INTERIOR_01', 'ECBAIT_10_0057_MEMBER_INTERIOR_01']
  HIT SRR13893751: 1 baits >= 0.7 ['ECBAIT_10_0057_MEMBER_INTERIOR_01']
  HIT SRR13893752: 2 baits >= 0.7 ['ECBAIT_10_0057_MEMBER_INTERIOR_01', 'ECBAIT_HOST_CONTROL_01']
  HIT SRR13893753: 2 baits >= 0.7 ['ECBAIT_10_0057_MEMBER_INTERIOR_01', 'ECBAIT_HOST_CONTROL_01']
  HIT SRR13893757: 2 baits >= 0.7 ['ECBAIT_10_0002_MEMBER_INTERIOR_01', 'ECBAIT_10_0057_MEMBER_INTERIOR_01']
  HIT SRR13893759: 3 baits >= 0.7 ['ECBAIT_10_0057_MEMBER_INTERIOR_01', 'ECBAIT_10_0172_MEMBER_INTERIOR_01', 'ECBAIT_HOST_CONTROL_02']
  HIT SRR13893767: 1 baits >= 0.7 ['ECBAIT_1_0004_MEMBER_INTERIOR_01']
  HIT SRR13893764: 1 baits >= 0.7 ['ECBAIT_10_0057_MEMBER_INTERIOR_01']
  5200/12000 processed (4941 screened, 4181 hit-accessions) 1596s budget=8.9GB
  HIT SRR13995194: 3 baits >= 0.7 ['ECBAIT_0_0000_JUNCTION_02', 'ECBAIT_10_0057_MEMBER_INTERIOR_01', 'ECBAIT_HOST_CONTROL_01']
  HIT SRR13893778: 6 baits >= 0.7 ['ECBAIT_0_0046_MEMBER_INTERIOR_01', 'ECBAIT_10_0002_MEMBER_INTERIOR_01', 'ECBAIT_10_0057_MEMBER_INTERIOR_01', 'ECBAIT_1_0022_JUNCTION_02']
  HIT SRR14136372: 1 baits >= 0.7 ['ECBAIT_0_0014_JUNCTION_01']
  HIT SRR14229529: 2 baits >= 0.7 ['ECBAIT_10_0002_MEMBER_INTERIOR_01', 'ECBAIT_10_0057_MEMBER_INTERIOR_01']
  HIT SRR14229530: 2 baits >= 0.7 ['ECBAIT_10_0002_MEMBER_INTERIOR_01', 'ECBAIT_10_0057_MEMBER_INTERIOR_01']
  HIT SRR14229531: 2 baits >= 0.7 ['ECBAIT_10_0002_MEMBER_INTERIOR_01', 'ECBAIT_10_0057_MEMBER_INTERIOR_01']
  HIT SRR14229532: 1 baits >= 0.7 ['ECBAIT_10_0057_MEMBER_INTERIOR_01']
  HIT SRR14229533: 2 baits >= 0.7 ['ECBAIT_10_0002_MEMBER_INTERIOR_01', 'ECBAIT_10_0057_MEMBER_INTERIOR_01']
  HIT SRR14229534: 3 baits >= 0.7 ['ECBAIT_10_0002_JUNCTION_01', 'ECBAIT_10_0002_MEMBER_INTERIOR_01', 'ECBAIT_10_0057_MEMBER_INTERIOR_01']
  HIT SRR14229535: 1 baits >= 0.7 ['ECBAIT_10_0057_MEMBER_INTERIOR_01']
  HIT SRR14229536: 2 baits >= 0.7 ['ECBAIT_10_0002_MEMBER_INTERIOR_01', 'ECBAIT_10_0057_MEMBER_INTERIOR_01']
  HIT SRR14229537: 2 baits >= 0.7 ['ECBAIT_10_0002_MEMBER_INTERIOR_01', 'ECBAIT_10_0057_MEMBER_INTERIOR_01']
  HIT SRR14229538: 2 baits >= 0.7 ['ECBAIT_10_0002_MEMBER_INTERIOR_01', 'ECBAIT_10_0057_MEMBER_INTERIOR_01']
  HIT SRR14272522: 1 baits >= 0.7 ['ECBAIT_HOST_CONTROL_01']
  HIT SRR14272524: 1 baits >= 0.7 ['ECBAIT_HOST_CONTROL_01']
  HIT SRR14272525: 1 baits >= 0.7 ['ECBAIT_HOST_CONTROL_01']
  HIT SRR14272530: 5 baits >= 0.7 ['ECBAIT_0_0000_JUNCTION_02', 'ECBAIT_0_0000_MEMBER_INTERIOR_01', 'ECBAIT_0_0014_MEMBER_INTERIOR_01', 'ECBAIT_10_0057_MEMBER_INTERIOR_01']
  HIT SRR14272531: 4 baits >= 0.7 ['ECBAIT_0_0046_MEMBER_INTERIOR_01', 'ECBAIT_10_0057_MEMBER_INTERIOR_01', 'ECBAIT_1_0022_JUNCTION_03', 'ECBAIT_HOST_CONTROL_01']
  HIT SRR14272532: 8 baits >= 0.7 ['ECBAIT_0_0000_JUNCTION_02', 'ECBAIT_0_0000_MEMBER_INTERIOR_01', 'ECBAIT_0_0014_MEMBER_INTERIOR_01', 'ECBAIT_0_0052_JUNCTION_01']
  HIT SRR14272539: 1 baits >= 0.7 ['ECBAIT_10_0057_MEMBER_INTERIOR_01']
  HIT SRR14272538: 4 baits >= 0.7 ['ECBAIT_0_0000_JUNCTION_02', 'ECBAIT_10_0057_MEMBER_INTERIOR_01', 'ECBAIT_10_0172_MEMBER_INTERIOR_01', 'ECBAIT_HOST_CONTROL_01']
  HIT SRR14272540: 2 baits >= 0.7 ['ECBAIT_10_0057_MEMBER_INTERIOR_01', 'ECBAIT_HOST_CONTROL_02']
  HIT SRR14272541: 1 baits >= 0.7 ['ECBAIT_10_0057_MEMBER_INTERIOR_01']
  HIT SRR14272547: 2 baits >= 0.7 ['ECBAIT_0_0052_JUNCTION_01', 'ECBAIT_HOST_CONTROL_01']
  HIT SRR14272550: 1 baits >= 0.7 ['ECBAIT_HOST_CONTROL_01']
  HIT SRR14272552: 1 baits >= 0.7 ['ECBAIT_HOST_CONTROL_01']
  HIT SRR14272560: 1 baits >= 0.7 ['ECBAIT_HOST_CONTROL_01']
  HIT SRR14272561: 1 baits >= 0.7 ['ECBAIT_HOST_CONTROL_01']
  HIT SRR14272562: 2 baits >= 0.7 ['ECBAIT_10_0057_MEMBER_INTERIOR_01', 'ECBAIT_HOST_CONTROL_01']
  HIT SRR14272564: 2 baits >= 0.7 ['ECBAIT_10_0057_MEMBER_INTERIOR_01', 'ECBAIT_HOST_CONTROL_01']
  HIT SRR14272565: 2 baits >= 0.7 ['ECBAIT_0_0000_JUNCTION_02', 'ECBAIT_1_0004_JUNCTION_01']
  HIT SRR14272573: 1 baits >= 0.7 ['ECBAIT_10_0057_MEMBER_INTERIOR_01']
  HIT SRR14272574: 1 baits >= 0.7 ['ECBAIT_10_0057_MEMBER_INTERIOR_01']
  HIT SRR14272583: 1 baits >= 0.7 ['ECBAIT_10_0057_MEMBER_INTERIOR_01']
  HIT SRR14272580: 1 baits >= 0.7 ['ECBAIT_0_0094_MEMBER_INTERIOR_01']
  5250/12000 processed (4991 screened, 4216 hit-accessions) 1614s budget=9.0GB
  HIT SRR14272586: 2 baits >= 0.7 ['ECBAIT_10_0002_JUNCTION_01', 'ECBAIT_HOST_CONTROL_01']
  HIT SRR14272587: 5 baits >= 0.7 ['ECBAIT_0_0000_JUNCTION_02', 'ECBAIT_0_0000_MEMBER_INTERIOR_01', 'ECBAIT_0_0014_MEMBER_INTERIOR_01', 'ECBAIT_10_0057_MEMBER_INTERIOR_01']
  HIT SRR14272589: 1 baits >= 0.7 ['ECBAIT_10_0057_MEMBER_INTERIOR_01']
  HIT SRR14272595: 1 baits >= 0.7 ['ECBAIT_10_0057_MEMBER_INTERIOR_01']
  HIT SRR14272597: 5 baits >= 0.7 ['ECBAIT_0_0000_INTERIOR_MODULE_01', 'ECBAIT_0_0000_JUNCTION_02', 'ECBAIT_0_0000_MEMBER_INTERIOR_01', 'ECBAIT_10_0057_MEMBER_INTERIOR_01']
  HIT SRR14272599: 1 baits >= 0.7 ['ECBAIT_10_0057_MEMBER_INTERIOR_01']
  HIT SRR14272600: 1 baits >= 0.7 ['ECBAIT_HOST_CONTROL_01']
  HIT SRR14272602: 3 baits >= 0.7 ['ECBAIT_0_0052_JUNCTION_01', 'ECBAIT_10_0057_MEMBER_INTERIOR_01', 'ECBAIT_HOST_CONTROL_01']
  HIT SRR14272603: 1 baits >= 0.7 ['ECBAIT_10_0057_MEMBER_INTERIOR_01']
  HIT SRR14272605: 2 baits >= 0.7 ['ECBAIT_0_0000_JUNCTION_02', 'ECBAIT_10_0057_MEMBER_INTERIOR_01']
  HIT SRR14272606: 2 baits >= 0.7 ['ECBAIT_0_0000_JUNCTION_02', 'ECBAIT_10_0057_MEMBER_INTERIOR_01']
  HIT SRR14272609: 2 baits >= 0.7 ['ECBAIT_10_0057_MEMBER_INTERIOR_01', 'ECBAIT_HOST_CONTROL_01']
  HIT SRR14272611: 2 baits >= 0.7 ['ECBAIT_0_0000_JUNCTION_02', 'ECBAIT_HOST_CONTROL_01']
  HIT SRR14272613: 2 baits >= 0.7 ['ECBAIT_0_0094_MEMBER_INTERIOR_01', 'ECBAIT_HOST_CONTROL_01']
  HIT SRR14272616: 2 baits >= 0.7 ['ECBAIT_10_0057_MEMBER_INTERIOR_01', 'ECBAIT_HOST_CONTROL_02']
  HIT SRR14272618: 1 baits >= 0.7 ['ECBAIT_HOST_CONTROL_01']
  HIT SRR14272620: 2 baits >= 0.7 ['ECBAIT_0_0000_JUNCTION_02', 'ECBAIT_10_0057_MEMBER_INTERIOR_01']
  HIT SRR14272621: 1 baits >= 0.7 ['ECBAIT_10_0002_MEMBER_INTERIOR_01']
  HIT SRR14272622: 5 baits >= 0.7 ['ECBAIT_0_0000_JUNCTION_02', 'ECBAIT_0_0000_MEMBER_INTERIOR_01', 'ECBAIT_10_0057_MEMBER_INTERIOR_01', 'ECBAIT_10_0172_MEMBER_INTERIOR_01']
  HIT SRR14310591: 2 baits >= 0.7 ['ECBAIT_0_0000_MEMBER_INTERIOR_01', 'ECBAIT_10_0172_MEMBER_INTERIOR_01']
  HIT SRR14310597: 4 baits >= 0.7 ['ECBAIT_0_0000_JUNCTION_02', 'ECBAIT_10_0057_MEMBER_INTERIOR_01', 'ECBAIT_10_0172_MEMBER_INTERIOR_01', 'ECBAIT_HOST_CONTROL_01']
  HIT SRR14310602: 2 baits >= 0.7 ['ECBAIT_1_0004_JUNCTION_02', 'ECBAIT_HOST_CONTROL_01']
  HIT SRR14325253: 1 baits >= 0.7 ['ECBAIT_HOST_CONTROL_01']
  HIT SRR14492019: 3 baits >= 0.7 ['ECBAIT_0_0000_JUNCTION_02', 'ECBAIT_1_0004_JUNCTION_02', 'ECBAIT_HOST_CONTROL_01']
  HIT SRR14514764: 1 baits >= 0.7 ['ECBAIT_10_0002_MEMBER_INTERIOR_01']
  HIT SRR14514765: 4 baits >= 0.7 ['ECBAIT_10_0002_MEMBER_INTERIOR_01', 'ECBAIT_10_0044_MEMBER_INTERIOR_01', 'ECBAIT_10_0172_JUNCTION_02', 'ECBAIT_HOST_CONTROL_01']
  HIT SRR14514767: 4 baits >= 0.7 ['ECBAIT_10_0002_MEMBER_INTERIOR_01', 'ECBAIT_10_0044_MEMBER_INTERIOR_01', 'ECBAIT_10_0172_JUNCTION_02', 'ECBAIT_HOST_CONTROL_01']
  HIT SRR14514766: 1 baits >= 0.7 ['ECBAIT_HOST_CONTROL_01']
  HIT SRR14514768: 5 baits >= 0.7 ['ECBAIT_10_0044_MEMBER_INTERIOR_01', 'ECBAIT_10_0178_INTERIOR_MODULE_01', 'ECBAIT_10_0178_MEMBER_INTERIOR_01', 'ECBAIT_1_0004_JUNCTION_02']
  HIT SRR14514769: 3 baits >= 0.7 ['ECBAIT_0_0052_MEMBER_INTERIOR_01', 'ECBAIT_10_0172_JUNCTION_02', 'ECBAIT_HOST_CONTROL_01']
  HIT SRR14514770: 5 baits >= 0.7 ['ECBAIT_10_0002_MEMBER_INTERIOR_01', 'ECBAIT_10_0044_INTERIOR_MODULE_01', 'ECBAIT_10_0044_MEMBER_INTERIOR_01', 'ECBAIT_10_0178_JUNCTION_02']
  HIT SRR14514771: 1 baits >= 0.7 ['ECBAIT_10_0002_MEMBER_INTERIOR_01']
  HIT SRR14514772: 3 baits >= 0.7 ['ECBAIT_0_0052_MEMBER_INTERIOR_01', 'ECBAIT_10_0002_MEMBER_INTERIOR_01', 'ECBAIT_HOST_CONTROL_01']
  HIT SRR14514773: 5 baits >= 0.7 ['ECBAIT_10_0044_INTERIOR_MODULE_01', 'ECBAIT_10_0044_MEMBER_INTERIOR_01', 'ECBAIT_10_0178_INTERIOR_MODULE_01', 'ECBAIT_10_0178_JUNCTION_02']
  HIT SRR14514774: 2 baits >= 0.7 ['ECBAIT_0_0000_JUNCTION_01', 'ECBAIT_10_0002_MEMBER_INTERIOR_01']
  HIT SRR14514775: 2 baits >= 0.7 ['ECBAIT_0_0000_JUNCTION_01', 'ECBAIT_10_0002_MEMBER_INTERIOR_01']
  HIT SRR14514776: 3 baits >= 0.7 ['ECBAIT_10_0002_MEMBER_INTERIOR_01', 'ECBAIT_10_0044_MEMBER_INTERIOR_01', 'ECBAIT_1_0004_JUNCTION_02']
  HIT SRR14514777: 7 baits >= 0.7 ['ECBAIT_10_0002_MEMBER_INTERIOR_01', 'ECBAIT_10_0044_INTERIOR_MODULE_01', 'ECBAIT_10_0044_MEMBER_INTERIOR_01', 'ECBAIT_10_0178_JUNCTION_02']
  HIT SRR14514779: 1 baits >= 0.7 ['ECBAIT_10_0002_MEMBER_INTERIOR_01']
  HIT SRR14514778: 5 baits >= 0.7 ['ECBAIT_10_0044_MEMBER_INTERIOR_01', 'ECBAIT_10_0172_JUNCTION_03', 'ECBAIT_10_0178_JUNCTION_03', 'ECBAIT_10_0178_MEMBER_INTERIOR_01']
  HIT SRR14514780: 2 baits >= 0.7 ['ECBAIT_0_0000_JUNCTION_01', 'ECBAIT_10_0002_MEMBER_INTERIOR_01']
  5300/12000 processed (5040 screened, 4257 hit-accessions) 1629s budget=9.1GB
  HIT SRR14514783: 4 baits >= 0.7 ['ECBAIT_10_0044_MEMBER_INTERIOR_01', 'ECBAIT_10_0178_INTERIOR_MODULE_01', 'ECBAIT_10_0178_MEMBER_INTERIOR_01', 'ECBAIT_HOST_CONTROL_01']
  HIT SRR14514784: 1 baits >= 0.7 ['ECBAIT_10_0002_MEMBER_INTERIOR_01']
  HIT SRR14514782: 2 baits >= 0.7 ['ECBAIT_0_0052_MEMBER_INTERIOR_01', 'ECBAIT_HOST_CONTROL_01']
  HIT SRR14514785: 2 baits >= 0.7 ['ECBAIT_0_0000_JUNCTION_01', 'ECBAIT_10_0002_MEMBER_INTERIOR_01']
  HIT SRR14514786: 6 baits >= 0.7 ['ECBAIT_10_0044_MEMBER_INTERIOR_01', 'ECBAIT_10_0172_JUNCTION_03', 'ECBAIT_10_0178_INTERIOR_MODULE_01', 'ECBAIT_10_0178_JUNCTION_02']
  HIT SRR14514787: 4 baits >= 0.7 ['ECBAIT_10_0044_MEMBER_INTERIOR_01', 'ECBAIT_10_0057_MEMBER_INTERIOR_01', 'ECBAIT_10_0178_JUNCTION_02', 'ECBAIT_10_0178_MEMBER_INTERIOR_01']
  HIT SRR14514788: 1 baits >= 0.7 ['ECBAIT_10_0002_MEMBER_INTERIOR_01']
  HIT SRR14514789: 1 baits >= 0.7 ['ECBAIT_10_0002_MEMBER_INTERIOR_01']
  HIT SRR14514790: 2 baits >= 0.7 ['ECBAIT_0_0000_JUNCTION_01', 'ECBAIT_10_0002_MEMBER_INTERIOR_01']
  HIT SRR14514791: 2 baits >= 0.7 ['ECBAIT_10_0002_MEMBER_INTERIOR_01', 'ECBAIT_10_0044_MEMBER_INTERIOR_01']
  HIT SRR14514792: 7 baits >= 0.7 ['ECBAIT_10_0002_MEMBER_INTERIOR_01', 'ECBAIT_10_0044_INTERIOR_MODULE_01', 'ECBAIT_10_0044_MEMBER_INTERIOR_01', 'ECBAIT_10_0178_INTERIOR_MODULE_01']
  HIT SRR14514793: 1 baits >= 0.7 ['ECBAIT_10_0002_MEMBER_INTERIOR_01']
  HIT SRR14514794: 4 baits >= 0.7 ['ECBAIT_10_0002_MEMBER_INTERIOR_01', 'ECBAIT_10_0044_MEMBER_INTERIOR_01', 'ECBAIT_10_0172_JUNCTION_02', 'ECBAIT_HOST_CONTROL_01']
  HIT SRR14514796: 2 baits >= 0.7 ['ECBAIT_0_0046_MEMBER_INTERIOR_01', 'ECBAIT_HOST_CONTROL_01']
  HIT SRR14514795: 2 baits >= 0.7 ['ECBAIT_10_0002_MEMBER_INTERIOR_01', 'ECBAIT_10_0044_MEMBER_INTERIOR_01']
  HIT SRR14514797: 2 baits >= 0.7 ['ECBAIT_0_0000_JUNCTION_01', 'ECBAIT_10_0002_MEMBER_INTERIOR_01']
  HIT SRR14514798: 1 baits >= 0.7 ['ECBAIT_10_0002_MEMBER_INTERIOR_01']
  HIT SRR14514800: 1 baits >= 0.7 ['ECBAIT_HOST_CONTROL_01']
  HIT SRR14514799: 3 baits >= 0.7 ['ECBAIT_10_0002_MEMBER_INTERIOR_01', 'ECBAIT_10_0044_MEMBER_INTERIOR_01', 'ECBAIT_1_0004_JUNCTION_02']
  HIT SRR14514801: 1 baits >= 0.7 ['ECBAIT_10_0002_MEMBER_INTERIOR_01']
  HIT SRR14514802: 1 baits >= 0.7 ['ECBAIT_10_0002_MEMBER_INTERIOR_01']
  HIT SRR14514806: 1 baits >= 0.7 ['ECBAIT_10_0057_MEMBER_INTERIOR_01']
  HIT SRR14514803: 4 baits >= 0.7 ['ECBAIT_10_0044_INTERIOR_MODULE_01', 'ECBAIT_10_0044_MEMBER_INTERIOR_01', 'ECBAIT_10_0178_INTERIOR_MODULE_01', 'ECBAIT_HOST_CONTROL_01']
  HIT SRR14514805: 2 baits >= 0.7 ['ECBAIT_10_0002_MEMBER_INTERIOR_01', 'ECBAIT_HOST_CONTROL_01']
  HIT SRR14514807: 3 baits >= 0.7 ['ECBAIT_10_0044_MEMBER_INTERIOR_01', 'ECBAIT_10_0172_JUNCTION_03', 'ECBAIT_HOST_CONTROL_01']
  HIT SRR14514810: 2 baits >= 0.7 ['ECBAIT_0_0000_JUNCTION_01', 'ECBAIT_10_0002_MEMBER_INTERIOR_01']
  HIT SRR14514809: 1 baits >= 0.7 ['ECBAIT_HOST_CONTROL_01']
  HIT SRR14514808: 3 baits >= 0.7 ['ECBAIT_0_0052_MEMBER_INTERIOR_01', 'ECBAIT_10_0002_MEMBER_INTERIOR_01', 'ECBAIT_HOST_CONTROL_01']
  HIT SRR14514811: 1 baits >= 0.7 ['ECBAIT_10_0002_MEMBER_INTERIOR_01']
  HIT SRR14514813: 3 baits >= 0.7 ['ECBAIT_0_0052_MEMBER_INTERIOR_01', 'ECBAIT_10_0002_MEMBER_INTERIOR_01', 'ECBAIT_HOST_CONTROL_01']
  HIT SRR14514812: 2 baits >= 0.7 ['ECBAIT_0_0000_JUNCTION_01', 'ECBAIT_10_0002_MEMBER_INTERIOR_01']
  HIT SRR14514814: 3 baits >= 0.7 ['ECBAIT_10_0044_MEMBER_INTERIOR_01', 'ECBAIT_10_0178_INTERIOR_MODULE_01', 'ECBAIT_HOST_CONTROL_01']
  HIT SRR14514815: 3 baits >= 0.7 ['ECBAIT_10_0002_MEMBER_INTERIOR_01', 'ECBAIT_10_0044_MEMBER_INTERIOR_01', 'ECBAIT_1_0004_JUNCTION_02']
  HIT SRR14514816: 1 baits >= 0.7 ['ECBAIT_10_0002_MEMBER_INTERIOR_01']
  HIT SRR14514817: 4 baits >= 0.7 ['ECBAIT_10_0002_MEMBER_INTERIOR_01', 'ECBAIT_10_0044_MEMBER_INTERIOR_01', 'ECBAIT_10_0172_JUNCTION_02', 'ECBAIT_HOST_CONTROL_01']
  HIT SRR14514818: 3 baits >= 0.7 ['ECBAIT_10_0002_INTERIOR_MODULE_01', 'ECBAIT_10_0044_INTERIOR_MODULE_01', 'ECBAIT_HOST_CONTROL_01']
  HIT SRR14514819: 2 baits >= 0.7 ['ECBAIT_0_0000_JUNCTION_01', 'ECBAIT_10_0002_MEMBER_INTERIOR_01']
  HIT SRR14514820: 1 baits >= 0.7 ['ECBAIT_10_0002_MEMBER_INTERIOR_01']
  HIT SRR14514821: 6 baits >= 0.7 ['ECBAIT_10_0002_MEMBER_INTERIOR_01', 'ECBAIT_10_0044_INTERIOR_MODULE_01', 'ECBAIT_10_0044_MEMBER_INTERIOR_01', 'ECBAIT_10_0178_JUNCTION_02']
  HIT SRR14514822: 2 baits >= 0.7 ['ECBAIT_0_0000_JUNCTION_01', 'ECBAIT_HOST_CONTROL_01']
  HIT SRR14514823: 1 baits >= 0.7 ['ECBAIT_10_0002_MEMBER_INTERIOR_01']
  HIT SRR14519413: 3 baits >= 0.7 ['ECBAIT_10_0002_MEMBER_INTERIOR_01', 'ECBAIT_10_0057_MEMBER_INTERIOR_01', 'ECBAIT_10_0172_MEMBER_INTERIOR_01']
  HIT SRR14519412: 2 baits >= 0.7 ['ECBAIT_10_0002_MEMBER_INTERIOR_01', 'ECBAIT_10_0057_MEMBER_INTERIOR_01']
  HIT SRR14514824: 6 baits >= 0.7 ['ECBAIT_10_0002_MEMBER_INTERIOR_01', 'ECBAIT_10_0044_INTERIOR_MODULE_01', 'ECBAIT_10_0044_MEMBER_INTERIOR_01', 'ECBAIT_10_0178_INTERIOR_MODULE_01']
  HIT SRR14519415: 2 baits >= 0.7 ['ECBAIT_10_0057_MEMBER_INTERIOR_01', 'ECBAIT_HOST_CONTROL_02']
  HIT SRR14519419: 2 baits >= 0.7 ['ECBAIT_10_0057_MEMBER_INTERIOR_01', 'ECBAIT_10_0172_MEMBER_INTERIOR_01']
  HIT SRR14519417: 2 baits >= 0.7 ['ECBAIT_10_0002_MEMBER_INTERIOR_01', 'ECBAIT_10_0057_MEMBER_INTERIOR_01']
  HIT SRR14519420: 2 baits >= 0.7 ['ECBAIT_10_0002_MEMBER_INTERIOR_01', 'ECBAIT_10_0057_MEMBER_INTERIOR_01']
  HIT SRR14519423: 2 baits >= 0.7 ['ECBAIT_10_0002_MEMBER_INTERIOR_01', 'ECBAIT_10_0057_MEMBER_INTERIOR_01']
  HIT SRR14519429: 2 baits >= 0.7 ['ECBAIT_10_0002_MEMBER_INTERIOR_01', 'ECBAIT_10_0057_MEMBER_INTERIOR_01']
  5350/12000 processed (5090 screened, 4307 hit-accessions) 1646s budget=9.1GB
  HIT SRR14519428: 2 baits >= 0.7 ['ECBAIT_10_0002_MEMBER_INTERIOR_01', 'ECBAIT_10_0057_MEMBER_INTERIOR_01']
  HIT SRR14519431: 4 baits >= 0.7 ['ECBAIT_10_0002_JUNCTION_01', 'ECBAIT_10_0002_JUNCTION_02', 'ECBAIT_10_0002_MEMBER_INTERIOR_01', 'ECBAIT_10_0057_MEMBER_INTERIOR_01']
  HIT SRR14519432: 1 baits >= 0.7 ['ECBAIT_10_0057_MEMBER_INTERIOR_01']
  HIT SRR14519434: 3 baits >= 0.7 ['ECBAIT_10_0002_MEMBER_INTERIOR_01', 'ECBAIT_10_0057_MEMBER_INTERIOR_01', 'ECBAIT_10_0172_MEMBER_INTERIOR_01']
  HIT SRR14519439: 2 baits >= 0.7 ['ECBAIT_10_0002_MEMBER_INTERIOR_01', 'ECBAIT_10_0057_MEMBER_INTERIOR_01']
  HIT SRR14519440: 2 baits >= 0.7 ['ECBAIT_10_0002_MEMBER_INTERIOR_01', 'ECBAIT_10_0057_MEMBER_INTERIOR_01']
  HIT SRR14519441: 3 baits >= 0.7 ['ECBAIT_0_0052_JUNCTION_01', 'ECBAIT_10_0002_MEMBER_INTERIOR_01', 'ECBAIT_10_0057_MEMBER_INTERIOR_01']
  HIT SRR14519446: 2 baits >= 0.7 ['ECBAIT_10_0002_MEMBER_INTERIOR_01', 'ECBAIT_10_0057_MEMBER_INTERIOR_01']
  HIT SRR14519445: 1 baits >= 0.7 ['ECBAIT_10_0057_MEMBER_INTERIOR_01']
  HIT SRR14519443: 2 baits >= 0.7 ['ECBAIT_10_0057_MEMBER_INTERIOR_01', 'ECBAIT_HOST_CONTROL_02']
  HIT SRR14519447: 2 baits >= 0.7 ['ECBAIT_10_0002_MEMBER_INTERIOR_01', 'ECBAIT_10_0057_MEMBER_INTERIOR_01']
  HIT SRR14519451: 2 baits >= 0.7 ['ECBAIT_10_0002_MEMBER_INTERIOR_01', 'ECBAIT_10_0057_MEMBER_INTERIOR_01']
  HIT SRR14519458: 2 baits >= 0.7 ['ECBAIT_10_0002_MEMBER_INTERIOR_01', 'ECBAIT_10_0057_MEMBER_INTERIOR_01']
  HIT SRR14519448: 3 baits >= 0.7 ['ECBAIT_10_0002_MEMBER_INTERIOR_01', 'ECBAIT_10_0057_MEMBER_INTERIOR_01', 'ECBAIT_10_0172_MEMBER_INTERIOR_01']
  HIT SRR14519461: 2 baits >= 0.7 ['ECBAIT_10_0002_MEMBER_INTERIOR_01', 'ECBAIT_10_0057_MEMBER_INTERIOR_01']
  HIT SRR14519467: 2 baits >= 0.7 ['ECBAIT_10_0002_MEMBER_INTERIOR_01', 'ECBAIT_10_0057_MEMBER_INTERIOR_01']
  HIT SRR14519471: 2 baits >= 0.7 ['ECBAIT_10_0002_MEMBER_INTERIOR_01', 'ECBAIT_10_0057_MEMBER_INTERIOR_01']
  HIT SRR14519473: 2 baits >= 0.7 ['ECBAIT_10_0002_JUNCTION_01', 'ECBAIT_10_0002_MEMBER_INTERIOR_01']
  HIT SRR14519474: 2 baits >= 0.7 ['ECBAIT_10_0002_MEMBER_INTERIOR_01', 'ECBAIT_10_0057_MEMBER_INTERIOR_01']
  HIT SRR14519475: 4 baits >= 0.7 ['ECBAIT_10_0002_JUNCTION_01', 'ECBAIT_10_0002_JUNCTION_02', 'ECBAIT_10_0002_MEMBER_INTERIOR_01', 'ECBAIT_10_0057_MEMBER_INTERIOR_01']
  HIT SRR14519477: 4 baits >= 0.7 ['ECBAIT_10_0002_JUNCTION_01', 'ECBAIT_10_0002_JUNCTION_02', 'ECBAIT_10_0002_MEMBER_INTERIOR_01', 'ECBAIT_10_0057_MEMBER_INTERIOR_01']
  HIT SRR14519478: 4 baits >= 0.7 ['ECBAIT_10_0002_JUNCTION_01', 'ECBAIT_10_0002_JUNCTION_02', 'ECBAIT_10_0002_MEMBER_INTERIOR_01', 'ECBAIT_10_0057_MEMBER_INTERIOR_01']
  HIT SRR14519480: 4 baits >= 0.7 ['ECBAIT_10_0002_JUNCTION_01', 'ECBAIT_10_0002_JUNCTION_02', 'ECBAIT_10_0002_MEMBER_INTERIOR_01', 'ECBAIT_10_0057_MEMBER_INTERIOR_01']
  HIT SRR14519481: 2 baits >= 0.7 ['ECBAIT_10_0002_MEMBER_INTERIOR_01', 'ECBAIT_10_0057_MEMBER_INTERIOR_01']
  HIT SRR14519484: 2 baits >= 0.7 ['ECBAIT_10_0002_MEMBER_INTERIOR_01', 'ECBAIT_10_0057_MEMBER_INTERIOR_01']
  HIT SRR14519485: 2 baits >= 0.7 ['ECBAIT_10_0002_MEMBER_INTERIOR_01', 'ECBAIT_10_0057_MEMBER_INTERIOR_01']
  HIT SRR14519488: 2 baits >= 0.7 ['ECBAIT_10_0002_MEMBER_INTERIOR_01', 'ECBAIT_10_0057_MEMBER_INTERIOR_01']
  HIT SRR14519491: 2 baits >= 0.7 ['ECBAIT_10_0002_MEMBER_INTERIOR_01', 'ECBAIT_10_0057_MEMBER_INTERIOR_01']
  HIT SRR14519495: 3 baits >= 0.7 ['ECBAIT_10_0002_MEMBER_INTERIOR_01', 'ECBAIT_10_0057_MEMBER_INTERIOR_01', 'ECBAIT_10_0172_MEMBER_INTERIOR_01']
  HIT SRR14519499: 5 baits >= 0.7 ['ECBAIT_10_0002_JUNCTION_01', 'ECBAIT_10_0002_JUNCTION_02', 'ECBAIT_10_0002_MEMBER_INTERIOR_01', 'ECBAIT_10_0057_MEMBER_INTERIOR_01']
  HIT SRR14519501: 4 baits >= 0.7 ['ECBAIT_10_0002_JUNCTION_01', 'ECBAIT_10_0002_JUNCTION_02', 'ECBAIT_10_0002_MEMBER_INTERIOR_01', 'ECBAIT_10_0057_MEMBER_INTERIOR_01']
  HIT SRR14519515: 4 baits >= 0.7 ['ECBAIT_10_0002_JUNCTION_01', 'ECBAIT_10_0002_JUNCTION_02', 'ECBAIT_10_0002_MEMBER_INTERIOR_01', 'ECBAIT_10_0057_MEMBER_INTERIOR_01']
  HIT SRR14519505: 3 baits >= 0.7 ['ECBAIT_10_0002_MEMBER_INTERIOR_01', 'ECBAIT_10_0057_MEMBER_INTERIOR_01', 'ECBAIT_10_0172_MEMBER_INTERIOR_01']
  HIT SRR14519514: 4 baits >= 0.7 ['ECBAIT_10_0002_JUNCTION_01', 'ECBAIT_10_0002_JUNCTION_02', 'ECBAIT_10_0002_MEMBER_INTERIOR_01', 'ECBAIT_10_0057_MEMBER_INTERIOR_01']
  HIT SRR14519517: 1 baits >= 0.7 ['ECBAIT_10_0057_MEMBER_INTERIOR_01']
  HIT SRR14519523: 3 baits >= 0.7 ['ECBAIT_0_0052_JUNCTION_01', 'ECBAIT_0_0052_JUNCTION_03', 'ECBAIT_10_0057_MEMBER_INTERIOR_01']
  HIT SRR14519521: 4 baits >= 0.7 ['ECBAIT_10_0002_JUNCTION_01', 'ECBAIT_10_0002_JUNCTION_02', 'ECBAIT_10_0002_MEMBER_INTERIOR_01', 'ECBAIT_10_0057_MEMBER_INTERIOR_01']
  HIT SRR14519524: 2 baits >= 0.7 ['ECBAIT_10_0002_MEMBER_INTERIOR_01', 'ECBAIT_10_0057_MEMBER_INTERIOR_01']
  HIT SRR14519526: 1 baits >= 0.7 ['ECBAIT_10_0057_MEMBER_INTERIOR_01']
  HIT SRR14519533: 2 baits >= 0.7 ['ECBAIT_10_0002_MEMBER_INTERIOR_01', 'ECBAIT_10_0057_MEMBER_INTERIOR_01']
  HIT SRR14519530: 4 baits >= 0.7 ['ECBAIT_10_0002_JUNCTION_01', 'ECBAIT_10_0002_JUNCTION_02', 'ECBAIT_10_0002_MEMBER_INTERIOR_01', 'ECBAIT_10_0057_MEMBER_INTERIOR_01']
  HIT SRR14519536: 4 baits >= 0.7 ['ECBAIT_10_0002_JUNCTION_01', 'ECBAIT_10_0002_JUNCTION_02', 'ECBAIT_10_0002_MEMBER_INTERIOR_01', 'ECBAIT_10_0057_MEMBER_INTERIOR_01']
  HIT SRR14519538: 2 baits >= 0.7 ['ECBAIT_10_0002_MEMBER_INTERIOR_01', 'ECBAIT_10_0057_MEMBER_INTERIOR_01']
  HIT SRR14519545: 2 baits >= 0.7 ['ECBAIT_10_0002_MEMBER_INTERIOR_01', 'ECBAIT_10_0057_MEMBER_INTERIOR_01']
  HIT SRR14519547: 2 baits >= 0.7 ['ECBAIT_10_0002_MEMBER_INTERIOR_01', 'ECBAIT_10_0057_MEMBER_INTERIOR_01']
  HIT SRR14519548: 2 baits >= 0.7 ['ECBAIT_10_0057_MEMBER_INTERIOR_01', 'ECBAIT_HOST_CONTROL_02']
  HIT SRR14519552: 1 baits >= 0.7 ['ECBAIT_10_0057_MEMBER_INTERIOR_01']
  HIT SRR14519556: 1 baits >= 0.7 ['ECBAIT_10_0057_MEMBER_INTERIOR_01']
  HIT SRR14519557: 2 baits >= 0.7 ['ECBAIT_10_0002_MEMBER_INTERIOR_01', 'ECBAIT_10_0057_MEMBER_INTERIOR_01']
  HIT SRR14519559: 2 baits >= 0.7 ['ECBAIT_10_0002_MEMBER_INTERIOR_01', 'ECBAIT_10_0057_MEMBER_INTERIOR_01']
  5400/12000 processed (5140 screened, 4357 hit-accessions) 1662s budget=9.2GB
  HIT SRR14519562: 4 baits >= 0.7 ['ECBAIT_10_0002_JUNCTION_01', 'ECBAIT_10_0002_JUNCTION_02', 'ECBAIT_10_0002_MEMBER_INTERIOR_01', 'ECBAIT_10_0057_MEMBER_INTERIOR_01']
  HIT SRR14519564: 2 baits >= 0.7 ['ECBAIT_10_0002_MEMBER_INTERIOR_01', 'ECBAIT_10_0057_MEMBER_INTERIOR_01']
  HIT SRR14576004: 1 baits >= 0.7 ['ECBAIT_HOST_CONTROL_01']
  HIT SRR14576005: 1 baits >= 0.7 ['ECBAIT_HOST_CONTROL_01']
  HIT SRR14576008: 1 baits >= 0.7 ['ECBAIT_HOST_CONTROL_01']
  HIT SRR14576007: 1 baits >= 0.7 ['ECBAIT_HOST_CONTROL_01']
  HIT SRR14576006: 1 baits >= 0.7 ['ECBAIT_HOST_CONTROL_01']
  HIT SRR14576009: 1 baits >= 0.7 ['ECBAIT_HOST_CONTROL_01']
  HIT SRR14576010: 1 baits >= 0.7 ['ECBAIT_HOST_CONTROL_01']
  HIT SRR14576012: 1 baits >= 0.7 ['ECBAIT_HOST_CONTROL_01']
  HIT SRR14576011: 1 baits >= 0.7 ['ECBAIT_HOST_CONTROL_01']
  HIT SRR14576013: 1 baits >= 0.7 ['ECBAIT_HOST_CONTROL_01']
  HIT SRR14576014: 1 baits >= 0.7 ['ECBAIT_HOST_CONTROL_01']
  HIT SRR14576015: 1 baits >= 0.7 ['ECBAIT_HOST_CONTROL_01']
  HIT SRR14576016: 1 baits >= 0.7 ['ECBAIT_HOST_CONTROL_01']
  HIT SRR14576017: 1 baits >= 0.7 ['ECBAIT_HOST_CONTROL_01']
  HIT SRR14576018: 1 baits >= 0.7 ['ECBAIT_HOST_CONTROL_01']
  HIT SRR14576019: 1 baits >= 0.7 ['ECBAIT_HOST_CONTROL_01']
  HIT SRR14576020: 1 baits >= 0.7 ['ECBAIT_HOST_CONTROL_01']
  HIT SRR14576021: 1 baits >= 0.7 ['ECBAIT_HOST_CONTROL_01']
  HIT SRR14585607: 1 baits >= 0.7 ['ECBAIT_HOST_CONTROL_01']
  HIT SRR14585608: 1 baits >= 0.7 ['ECBAIT_HOST_CONTROL_01']
  HIT SRR14585610: 1 baits >= 0.7 ['ECBAIT_HOST_CONTROL_01']
  HIT SRR14585609: 1 baits >= 0.7 ['ECBAIT_HOST_CONTROL_01']
  HIT SRR14585611: 1 baits >= 0.7 ['ECBAIT_HOST_CONTROL_01']
  HIT SRR14585612: 1 baits >= 0.7 ['ECBAIT_HOST_CONTROL_01']
  HIT SRR14585613: 1 baits >= 0.7 ['ECBAIT_HOST_CONTROL_01']
  HIT SRR14585624: 1 baits >= 0.7 ['ECBAIT_HOST_CONTROL_01']
  HIT SRR14585631: 1 baits >= 0.7 ['ECBAIT_HOST_CONTROL_01']
  HIT SRR14585632: 1 baits >= 0.7 ['ECBAIT_HOST_CONTROL_01']
  HIT SRR14585633: 1 baits >= 0.7 ['ECBAIT_HOST_CONTROL_01']
  HIT SRR14585634: 1 baits >= 0.7 ['ECBAIT_HOST_CONTROL_01']
  HIT SRR14585635: 1 baits >= 0.7 ['ECBAIT_HOST_CONTROL_01']
  HIT SRR14585636: 1 baits >= 0.7 ['ECBAIT_HOST_CONTROL_01']
  HIT SRR14675524: 1 baits >= 0.7 ['ECBAIT_10_0057_MEMBER_INTERIOR_01']
  HIT SRR14675523: 1 baits >= 0.7 ['ECBAIT_10_0057_MEMBER_INTERIOR_01']
  HIT SRR14675525: 1 baits >= 0.7 ['ECBAIT_10_0057_MEMBER_INTERIOR_01']
  HIT SRR14675527: 1 baits >= 0.7 ['ECBAIT_HOST_CONTROL_01']
  HIT SRR14681353: 3 baits >= 0.7 ['ECBAIT_0_0000_JUNCTION_02', 'ECBAIT_10_0057_MEMBER_INTERIOR_01', 'ECBAIT_10_0151_JUNCTION_03']
  HIT SRR14681362: 2 baits >= 0.7 ['ECBAIT_10_0057_MEMBER_INTERIOR_01', 'ECBAIT_HOST_CONTROL_01']
  HIT SRR14681358: 1 baits >= 0.7 ['ECBAIT_10_0151_MEMBER_INTERIOR_01']
  HIT SRR14681363: 3 baits >= 0.7 ['ECBAIT_10_0002_MEMBER_INTERIOR_01', 'ECBAIT_10_0057_MEMBER_INTERIOR_01', 'ECBAIT_10_0172_MEMBER_INTERIOR_01']
  HIT SRR14681364: 2 baits >= 0.7 ['ECBAIT_10_0057_MEMBER_INTERIOR_01', 'ECBAIT_HOST_CONTROL_01']
  HIT SRR14681365: 2 baits >= 0.7 ['ECBAIT_10_0057_MEMBER_INTERIOR_01', 'ECBAIT_HOST_CONTROL_01']
  HIT SRR14681369: 4 baits >= 0.7 ['ECBAIT_0_0000_JUNCTION_02', 'ECBAIT_0_0052_JUNCTION_03', 'ECBAIT_10_0057_MEMBER_INTERIOR_01', 'ECBAIT_10_0151_JUNCTION_03']
  HIT SRR14681374: 5 baits >= 0.7 ['ECBAIT_0_0000_JUNCTION_02', 'ECBAIT_0_0000_MEMBER_INTERIOR_01', 'ECBAIT_0_0052_JUNCTION_03', 'ECBAIT_10_0057_MEMBER_INTERIOR_01']
  HIT SRR14681376: 3 baits >= 0.7 ['ECBAIT_10_0057_MEMBER_INTERIOR_01', 'ECBAIT_10_0172_MEMBER_INTERIOR_01', 'ECBAIT_HOST_CONTROL_01']
  HIT SRR14681379: 1 baits >= 0.7 ['ECBAIT_10_0057_MEMBER_INTERIOR_01']
  5450/12000 processed (5190 screened, 4405 hit-accessions) 1678s budget=9.3GB
  HIT SRR14681378: 3 baits >= 0.7 ['ECBAIT_10_0057_MEMBER_INTERIOR_01', 'ECBAIT_10_0172_MEMBER_INTERIOR_01', 'ECBAIT_HOST_CONTROL_01']
  HIT SRR14681381: 4 baits >= 0.7 ['ECBAIT_0_0000_INTERIOR_MODULE_01', 'ECBAIT_0_0000_JUNCTION_02', 'ECBAIT_0_0000_MEMBER_INTERIOR_01', 'ECBAIT_HOST_CONTROL_02']
  HIT SRR14681386: 2 baits >= 0.7 ['ECBAIT_10_0057_MEMBER_INTERIOR_01', 'ECBAIT_HOST_CONTROL_02']
  HIT SRR14681390: 5 baits >= 0.7 ['ECBAIT_0_0000_INTERIOR_MODULE_01', 'ECBAIT_0_0000_JUNCTION_02', 'ECBAIT_0_0000_MEMBER_INTERIOR_01', 'ECBAIT_10_0057_MEMBER_INTERIOR_01']
  HIT SRR14681396: 3 baits >= 0.7 ['ECBAIT_10_0057_MEMBER_INTERIOR_01', 'ECBAIT_10_0151_JUNCTION_03', 'ECBAIT_10_0172_MEMBER_INTERIOR_01']
  HIT SRR14681399: 1 baits >= 0.7 ['ECBAIT_10_0057_MEMBER_INTERIOR_01']
  HIT SRR14681401: 2 baits >= 0.7 ['ECBAIT_10_0002_MEMBER_INTERIOR_01', 'ECBAIT_10_0057_MEMBER_INTERIOR_01']
  HIT SRR14681402: 1 baits >= 0.7 ['ECBAIT_10_0057_MEMBER_INTERIOR_01']
  HIT SRR14681405: 4 baits >= 0.7 ['ECBAIT_10_0002_JUNCTION_01', 'ECBAIT_10_0057_MEMBER_INTERIOR_01', 'ECBAIT_10_0172_MEMBER_INTERIOR_01', 'ECBAIT_HOST_CONTROL_01']
  HIT SRR14681406: 1 baits >= 0.7 ['ECBAIT_10_0057_MEMBER_INTERIOR_01']
  HIT SRR14681409: 6 baits >= 0.7 ['ECBAIT_0_0000_JUNCTION_02', 'ECBAIT_0_0000_MEMBER_INTERIOR_01', 'ECBAIT_0_0052_JUNCTION_01', 'ECBAIT_0_0052_JUNCTION_03']
  HIT SRR14681411: 1 baits >= 0.7 ['ECBAIT_10_0057_MEMBER_INTERIOR_01']
  HIT SRR14681413: 5 baits >= 0.7 ['ECBAIT_0_0054_MEMBER_INTERIOR_01', 'ECBAIT_10_0002_MEMBER_INTERIOR_01', 'ECBAIT_10_0057_MEMBER_INTERIOR_01', 'ECBAIT_1_0026_JUNCTION_01']
  HIT SRR14681415: 3 baits >= 0.7 ['ECBAIT_0_0046_MEMBER_INTERIOR_01', 'ECBAIT_1_0004_JUNCTION_02', 'ECBAIT_HOST_CONTROL_02']
  HIT SRR14681418: 4 baits >= 0.7 ['ECBAIT_10_0002_MEMBER_INTERIOR_01', 'ECBAIT_10_0057_MEMBER_INTERIOR_01', 'ECBAIT_10_0172_MEMBER_INTERIOR_01', 'ECBAIT_HOST_CONTROL_01']
  HIT SRR14681419: 1 baits >= 0.7 ['ECBAIT_HOST_CONTROL_01']
  HIT SRR14681420: 4 baits >= 0.7 ['ECBAIT_10_0002_MEMBER_INTERIOR_01', 'ECBAIT_10_0057_MEMBER_INTERIOR_01', 'ECBAIT_10_0172_MEMBER_INTERIOR_01', 'ECBAIT_HOST_CONTROL_01']
  HIT SRR14681421: 4 baits >= 0.7 ['ECBAIT_10_0002_MEMBER_INTERIOR_01', 'ECBAIT_10_0057_MEMBER_INTERIOR_01', 'ECBAIT_10_0172_MEMBER_INTERIOR_01', 'ECBAIT_HOST_CONTROL_01']
  HIT SRR14681424: 5 baits >= 0.7 ['ECBAIT_0_0000_INTERIOR_MODULE_01', 'ECBAIT_0_0000_JUNCTION_02', 'ECBAIT_0_0000_MEMBER_INTERIOR_01', 'ECBAIT_10_0057_MEMBER_INTERIOR_01']
  HIT SRR14681425: 1 baits >= 0.7 ['ECBAIT_10_0057_MEMBER_INTERIOR_01']
  HIT SRR14681432: 1 baits >= 0.7 ['ECBAIT_10_0057_MEMBER_INTERIOR_01']
  HIT SRR14681436: 1 baits >= 0.7 ['ECBAIT_HOST_CONTROL_01']
  HIT SRR14681438: 1 baits >= 0.7 ['ECBAIT_10_0057_MEMBER_INTERIOR_01']
  HIT SRR14681440: 1 baits >= 0.7 ['ECBAIT_0_0000_MEMBER_INTERIOR_01']
  HIT SRR14681444: 1 baits >= 0.7 ['ECBAIT_10_0057_MEMBER_INTERIOR_01']
  HIT SRR14681447: 5 baits >= 0.7 ['ECBAIT_0_0054_MEMBER_INTERIOR_01', 'ECBAIT_10_0002_MEMBER_INTERIOR_01', 'ECBAIT_10_0057_MEMBER_INTERIOR_01', 'ECBAIT_1_0026_JUNCTION_01']
  HIT SRR14681450: 2 baits >= 0.7 ['ECBAIT_10_0057_MEMBER_INTERIOR_01', 'ECBAIT_HOST_CONTROL_01']
  HIT SRR14681453: 2 baits >= 0.7 ['ECBAIT_10_0002_MEMBER_INTERIOR_01', 'ECBAIT_10_0057_MEMBER_INTERIOR_01']
  HIT SRR14681455: 2 baits >= 0.7 ['ECBAIT_10_0002_MEMBER_INTERIOR_01', 'ECBAIT_10_0057_MEMBER_INTERIOR_01']
  HIT SRR14681462: 2 baits >= 0.7 ['ECBAIT_10_0057_MEMBER_INTERIOR_01', 'ECBAIT_HOST_CONTROL_02']
  HIT SRR14763817: 1 baits >= 0.7 ['ECBAIT_10_0057_MEMBER_INTERIOR_01']
  HIT SRR14763819: 2 baits >= 0.7 ['ECBAIT_10_0002_MEMBER_INTERIOR_01', 'ECBAIT_10_0057_MEMBER_INTERIOR_01']
  HIT SRR14763818: 4 baits >= 0.7 ['ECBAIT_10_0002_JUNCTION_01', 'ECBAIT_10_0002_JUNCTION_02', 'ECBAIT_10_0002_MEMBER_INTERIOR_01', 'ECBAIT_10_0057_MEMBER_INTERIOR_01']
  HIT SRR14763820: 2 baits >= 0.7 ['ECBAIT_10_0002_MEMBER_INTERIOR_01', 'ECBAIT_10_0057_MEMBER_INTERIOR_01']
  HIT SRR14763821: 2 baits >= 0.7 ['ECBAIT_10_0002_MEMBER_INTERIOR_01', 'ECBAIT_10_0057_MEMBER_INTERIOR_01']
  HIT SRR14828587: 1 baits >= 0.7 ['ECBAIT_HOST_CONTROL_01']
  HIT SRR14791320: 1 baits >= 0.7 ['ECBAIT_HOST_CONTROL_01']
  HIT SRR14828588: 1 baits >= 0.7 ['ECBAIT_HOST_CONTROL_01']
  HIT SRR14828589: 1 baits >= 0.7 ['ECBAIT_HOST_CONTROL_01']
  HIT SRR14828591: 1 baits >= 0.7 ['ECBAIT_HOST_CONTROL_01']
  HIT SRR14828590: 1 baits >= 0.7 ['ECBAIT_HOST_CONTROL_01']
  HIT SRR14828593: 1 baits >= 0.7 ['ECBAIT_HOST_CONTROL_01']
  HIT SRR14828592: 1 baits >= 0.7 ['ECBAIT_HOST_CONTROL_01']
  HIT SRR14828594: 1 baits >= 0.7 ['ECBAIT_HOST_CONTROL_01']
  5500/12000 processed (5240 screened, 4449 hit-accessions) 1694s budget=9.4GB
  HIT SRR14828595: 1 baits >= 0.7 ['ECBAIT_HOST_CONTROL_01']
  HIT SRR14828597: 1 baits >= 0.7 ['ECBAIT_HOST_CONTROL_01']
  HIT SRR14828596: 1 baits >= 0.7 ['ECBAIT_HOST_CONTROL_01']
  HIT SRR14828598: 1 baits >= 0.7 ['ECBAIT_HOST_CONTROL_01']
  HIT SRR14828599: 1 baits >= 0.7 ['ECBAIT_HOST_CONTROL_01']
  HIT SRR14828601: 1 baits >= 0.7 ['ECBAIT_HOST_CONTROL_01']
  HIT SRR14828600: 1 baits >= 0.7 ['ECBAIT_HOST_CONTROL_01']
  HIT SRR14828603: 1 baits >= 0.7 ['ECBAIT_HOST_CONTROL_01']
  HIT SRR14828604: 1 baits >= 0.7 ['ECBAIT_HOST_CONTROL_01']
  HIT SRR14828605: 1 baits >= 0.7 ['ECBAIT_HOST_CONTROL_01']
  HIT SRR14828606: 1 baits >= 0.7 ['ECBAIT_HOST_CONTROL_01']
  HIT SRR14828607: 1 baits >= 0.7 ['ECBAIT_HOST_CONTROL_01']
  HIT SRR14828608: 1 baits >= 0.7 ['ECBAIT_HOST_CONTROL_01']
  HIT SRR14994018: 1 baits >= 0.7 ['ECBAIT_HOST_CONTROL_01']
  HIT SRR15039634: 1 baits >= 0.7 ['ECBAIT_HOST_CONTROL_01']
  HIT SRR15039635: 1 baits >= 0.7 ['ECBAIT_HOST_CONTROL_01']
  HIT SRR15054633: 2 baits >= 0.7 ['ECBAIT_0_0046_MEMBER_INTERIOR_01', 'ECBAIT_1_0022_JUNCTION_03']
  HIT SRR15054628: 5 baits >= 0.7 ['ECBAIT_0_0000_INTERIOR_MODULE_01', 'ECBAIT_0_0000_JUNCTION_02', 'ECBAIT_0_0000_MEMBER_INTERIOR_01', 'ECBAIT_10_0057_MEMBER_INTERIOR_01']
  HIT SRR15039660: 1 baits >= 0.7 ['ECBAIT_HOST_CONTROL_01']
  HIT SRR15054641: 5 baits >= 0.7 ['ECBAIT_0_0000_INTERIOR_MODULE_01', 'ECBAIT_0_0000_JUNCTION_02', 'ECBAIT_0_0000_MEMBER_INTERIOR_01', 'ECBAIT_10_0057_MEMBER_INTERIOR_01']
  HIT SRR15039661: 1 baits >= 0.7 ['ECBAIT_HOST_CONTROL_01']
  HIT SRR15054650: 2 baits >= 0.7 ['ECBAIT_10_0057_MEMBER_INTERIOR_01', 'ECBAIT_HOST_CONTROL_01']
  HIT SRR15055275: 1 baits >= 0.7 ['ECBAIT_10_0057_MEMBER_INTERIOR_01']
  HIT SRR15055372: 1 baits >= 0.7 ['ECBAIT_HOST_CONTROL_01']
  HIT SRR1509643: 3 baits >= 0.7 ['ECBAIT_0_0000_JUNCTION_01', 'ECBAIT_10_0002_MEMBER_INTERIOR_01', 'ECBAIT_10_0044_MEMBER_INTERIOR_01']
  HIT SRR15102805: 1 baits >= 0.7 ['ECBAIT_HOST_CONTROL_01']
  HIT SRR15102826: 3 baits >= 0.7 ['ECBAIT_0_0000_JUNCTION_02', 'ECBAIT_1_0004_JUNCTION_02', 'ECBAIT_HOST_CONTROL_01']
  HIT SRR15102828: 3 baits >= 0.7 ['ECBAIT_0_0000_JUNCTION_02', 'ECBAIT_10_0057_MEMBER_INTERIOR_01', 'ECBAIT_HOST_CONTROL_01']
  HIT SRR15102843: 1 baits >= 0.7 ['ECBAIT_HOST_CONTROL_01']
  HIT SRR15102856: 2 baits >= 0.7 ['ECBAIT_10_0057_MEMBER_INTERIOR_01', 'ECBAIT_HOST_CONTROL_01']
  HIT SRR15102997: 5 baits >= 0.7 ['ECBAIT_0_0059_JUNCTION_01', 'ECBAIT_0_0059_JUNCTION_02', 'ECBAIT_0_0059_MEMBER_INTERIOR_01', 'ECBAIT_10_0057_MEMBER_INTERIOR_01']
  HIT SRR15103002: 2 baits >= 0.7 ['ECBAIT_10_0151_MEMBER_INTERIOR_01', 'ECBAIT_HOST_CONTROL_01']
  HIT SRR15103003: 1 baits >= 0.7 ['ECBAIT_HOST_CONTROL_01']
  HIT SRR15249486: 1 baits >= 0.7 ['ECBAIT_10_0057_MEMBER_INTERIOR_01']
  HIT SRR15277995: 2 baits >= 0.7 ['ECBAIT_10_0002_MEMBER_INTERIOR_01', 'ECBAIT_10_0044_MEMBER_INTERIOR_01']
  HIT SRR15277998: 4 baits >= 0.7 ['ECBAIT_0_0000_JUNCTION_01', 'ECBAIT_10_0002_MEMBER_INTERIOR_01', 'ECBAIT_10_0044_INTERIOR_MODULE_01', 'ECBAIT_10_0044_MEMBER_INTERIOR_01']
  HIT SRR15277999: 2 baits >= 0.7 ['ECBAIT_10_0002_MEMBER_INTERIOR_01', 'ECBAIT_10_0044_MEMBER_INTERIOR_01']
  HIT SRR15305616: 1 baits >= 0.7 ['ECBAIT_HOST_CONTROL_01']
  HIT SRR15305617: 1 baits >= 0.7 ['ECBAIT_HOST_CONTROL_01']
  5550/12000 processed (5288 screened, 4488 hit-accessions) 1709s budget=9.5GB
  HIT SRR15311801: 3 baits >= 0.7 ['ECBAIT_0_0000_JUNCTION_02', 'ECBAIT_10_0057_MEMBER_INTERIOR_01', 'ECBAIT_HOST_CONTROL_01']
  HIT SRR15311803: 1 baits >= 0.7 ['ECBAIT_10_0057_MEMBER_INTERIOR_01']
  HIT SRR15372341: 2 baits >= 0.7 ['ECBAIT_10_0057_MEMBER_INTERIOR_01', 'ECBAIT_HOST_CONTROL_02']
  HIT SRR15311802: 3 baits >= 0.7 ['ECBAIT_0_0000_JUNCTION_02', 'ECBAIT_10_0057_MEMBER_INTERIOR_01', 'ECBAIT_HOST_CONTROL_01']
  HIT SRR15422061: 1 baits >= 0.7 ['ECBAIT_HOST_CONTROL_01']
  HIT SRR15422063: 1 baits >= 0.7 ['ECBAIT_HOST_CONTROL_01']
  HIT SRR15422062: 1 baits >= 0.7 ['ECBAIT_HOST_CONTROL_01']
  HIT SRR15422075: 1 baits >= 0.7 ['ECBAIT_HOST_CONTROL_01']
  HIT SRR15422080: 1 baits >= 0.7 ['ECBAIT_HOST_CONTROL_01']
  HIT SRR15422085: 1 baits >= 0.7 ['ECBAIT_HOST_CONTROL_01']
  HIT SRR15422088: 1 baits >= 0.7 ['ECBAIT_HOST_CONTROL_01']
  HIT SRR15422095: 1 baits >= 0.7 ['ECBAIT_HOST_CONTROL_01']
  HIT SRR15422097: 1 baits >= 0.7 ['ECBAIT_HOST_CONTROL_01']
  HIT SRR15422098: 1 baits >= 0.7 ['ECBAIT_HOST_CONTROL_01']
  HIT SRR15422100: 1 baits >= 0.7 ['ECBAIT_HOST_CONTROL_01']
  HIT SRR15422099: 1 baits >= 0.7 ['ECBAIT_HOST_CONTROL_01']
  HIT SRR15422101: 1 baits >= 0.7 ['ECBAIT_HOST_CONTROL_01']
  HIT SRR15422102: 1 baits >= 0.7 ['ECBAIT_HOST_CONTROL_01']
  HIT SRR15600648: 1 baits >= 0.7 ['ECBAIT_10_0044_MEMBER_INTERIOR_01']
  HIT SRR15600649: 1 baits >= 0.7 ['ECBAIT_10_0044_MEMBER_INTERIOR_01']
  HIT SRR15600650: 1 baits >= 0.7 ['ECBAIT_10_0044_MEMBER_INTERIOR_01']
  HIT SRR1562082: 2 baits >= 0.7 ['ECBAIT_0_0067_MEMBER_INTERIOR_01', 'ECBAIT_HOST_CONTROL_01']
  HIT SRR15600651: 3 baits >= 0.7 ['ECBAIT_10_0002_MEMBER_INTERIOR_01', 'ECBAIT_10_0044_INTERIOR_MODULE_01', 'ECBAIT_10_0044_MEMBER_INTERIOR_01']
  HIT SRR15670930: 3 baits >= 0.7 ['ECBAIT_10_0057_MEMBER_INTERIOR_01', 'ECBAIT_10_0151_JUNCTION_03', 'ECBAIT_1_0004_JUNCTION_01']
  HIT SRR15686316: 14 baits >= 0.7 ['ECBAIT_0_0000_JUNCTION_02', 'ECBAIT_0_0014_MEMBER_INTERIOR_01', 'ECBAIT_0_0046_MEMBER_INTERIOR_01', 'ECBAIT_0_0051_MEMBER_INTERIOR_01']
  HIT SRR15686317: 9 baits >= 0.7 ['ECBAIT_0_0046_JUNCTION_02', 'ECBAIT_0_0046_MEMBER_INTERIOR_01', 'ECBAIT_0_0052_JUNCTION_01', 'ECBAIT_0_0052_JUNCTION_03']
  HIT SRR15686318: 9 baits >= 0.7 ['ECBAIT_0_0046_JUNCTION_02', 'ECBAIT_0_0046_MEMBER_INTERIOR_01', 'ECBAIT_0_0052_JUNCTION_01', 'ECBAIT_0_0052_JUNCTION_03']
  HIT SRR15686319: 17 baits >= 0.7 ['ECBAIT_0_0000_JUNCTION_02', 'ECBAIT_0_0014_MEMBER_INTERIOR_01', 'ECBAIT_0_0046_JUNCTION_02', 'ECBAIT_0_0046_MEMBER_INTERIOR_01']
  HIT SRR15686320: 15 baits >= 0.7 ['ECBAIT_0_0000_JUNCTION_02', 'ECBAIT_0_0014_MEMBER_INTERIOR_01', 'ECBAIT_0_0046_JUNCTION_02', 'ECBAIT_0_0046_MEMBER_INTERIOR_01']
  HIT SRR15686321: 16 baits >= 0.7 ['ECBAIT_0_0014_MEMBER_INTERIOR_01', 'ECBAIT_0_0046_JUNCTION_02', 'ECBAIT_0_0046_MEMBER_INTERIOR_01', 'ECBAIT_0_0051_MEMBER_INTERIOR_01']
  HIT SRR15686323: 8 baits >= 0.7 ['ECBAIT_0_0000_JUNCTION_02', 'ECBAIT_0_0046_JUNCTION_02', 'ECBAIT_0_0046_MEMBER_INTERIOR_01', 'ECBAIT_10_0002_JUNCTION_01']
  HIT SRR15686322: 16 baits >= 0.7 ['ECBAIT_0_0000_JUNCTION_02', 'ECBAIT_0_0000_MEMBER_INTERIOR_01', 'ECBAIT_0_0046_JUNCTION_02', 'ECBAIT_0_0046_MEMBER_INTERIOR_01']
  HIT SRR15686324: 8 baits >= 0.7 ['ECBAIT_0_0000_JUNCTION_02', 'ECBAIT_0_0014_MEMBER_INTERIOR_01', 'ECBAIT_0_0052_JUNCTION_01', 'ECBAIT_0_0052_JUNCTION_03']
  HIT SRR15686325: 8 baits >= 0.7 ['ECBAIT_0_0000_JUNCTION_02', 'ECBAIT_0_0046_JUNCTION_02', 'ECBAIT_0_0046_MEMBER_INTERIOR_01', 'ECBAIT_10_0002_JUNCTION_01']
  HIT SRR15686326: 9 baits >= 0.7 ['ECBAIT_0_0000_JUNCTION_02', 'ECBAIT_0_0014_MEMBER_INTERIOR_01', 'ECBAIT_0_0046_JUNCTION_02', 'ECBAIT_0_0046_MEMBER_INTERIOR_01']
  HIT SRR15686328: 12 baits >= 0.7 ['ECBAIT_0_0000_JUNCTION_02', 'ECBAIT_0_0000_MEMBER_INTERIOR_01', 'ECBAIT_0_0046_JUNCTION_02', 'ECBAIT_0_0046_MEMBER_INTERIOR_01']
  HIT SRR15686327: 17 baits >= 0.7 ['ECBAIT_0_0000_JUNCTION_02', 'ECBAIT_0_0046_JUNCTION_02', 'ECBAIT_0_0046_MEMBER_INTERIOR_01', 'ECBAIT_0_0052_JUNCTION_03']
  HIT SRR15686329: 7 baits >= 0.7 ['ECBAIT_0_0000_JUNCTION_02', 'ECBAIT_0_0067_JUNCTION_02', 'ECBAIT_0_0094_MEMBER_INTERIOR_01', 'ECBAIT_10_0057_MEMBER_INTERIOR_01']
  HIT SRR15686330: 15 baits >= 0.7 ['ECBAIT_0_0000_JUNCTION_02', 'ECBAIT_0_0000_MEMBER_INTERIOR_01', 'ECBAIT_0_0046_JUNCTION_02', 'ECBAIT_0_0046_MEMBER_INTERIOR_01']
  HIT SRR15686332: 12 baits >= 0.7 ['ECBAIT_0_0000_JUNCTION_02', 'ECBAIT_0_0000_MEMBER_INTERIOR_01', 'ECBAIT_0_0046_JUNCTION_02', 'ECBAIT_0_0046_MEMBER_INTERIOR_01']
  HIT SRR15686331: 11 baits >= 0.7 ['ECBAIT_0_0000_JUNCTION_02', 'ECBAIT_0_0000_MEMBER_INTERIOR_01', 'ECBAIT_0_0046_MEMBER_INTERIOR_01', 'ECBAIT_0_0052_JUNCTION_03']
  HIT SRR15686333: 15 baits >= 0.7 ['ECBAIT_0_0000_JUNCTION_02', 'ECBAIT_0_0014_MEMBER_INTERIOR_01', 'ECBAIT_0_0046_MEMBER_INTERIOR_01', 'ECBAIT_0_0052_JUNCTION_01']
  HIT SRR15783398: 4 baits >= 0.7 ['ECBAIT_0_0000_JUNCTION_02', 'ECBAIT_0_0052_JUNCTION_03', 'ECBAIT_HOST_CONTROL_01', 'ECBAIT_POSCON_LAMBDA_01']
  HIT SRR15783399: 1 baits >= 0.7 ['ECBAIT_POSCON_LAMBDA_01']
  HIT SRR15783400: 1 baits >= 0.7 ['ECBAIT_POSCON_LAMBDA_01']
  HIT SRR15783402: 1 baits >= 0.7 ['ECBAIT_10_0057_MEMBER_INTERIOR_01']
  HIT SRR15783404: 2 baits >= 0.7 ['ECBAIT_10_0057_MEMBER_INTERIOR_01', 'ECBAIT_POSCON_LAMBDA_01']
  HIT SRR15783403: 1 baits >= 0.7 ['ECBAIT_HOST_CONTROL_01']
  5600/12000 processed (5338 screened, 4536 hit-accessions) 1727s budget=9.7GB
  HIT SRR15783405: 5 baits >= 0.7 ['ECBAIT_0_0059_JUNCTION_01', 'ECBAIT_0_0059_JUNCTION_02', 'ECBAIT_0_0059_JUNCTION_03', 'ECBAIT_0_0059_MEMBER_INTERIOR_01']
  HIT SRR15783406: 1 baits >= 0.7 ['ECBAIT_10_0057_MEMBER_INTERIOR_01']
  HIT SRR15783407: 1 baits >= 0.7 ['ECBAIT_HOST_CONTROL_02']
  HIT SRR15783412: 1 baits >= 0.7 ['ECBAIT_10_0057_MEMBER_INTERIOR_01']
  HIT SRR15783413: 2 baits >= 0.7 ['ECBAIT_10_0057_MEMBER_INTERIOR_01', 'ECBAIT_POSCON_LAMBDA_01']
  HIT SRR15783414: 3 baits >= 0.7 ['ECBAIT_0_0014_MEMBER_INTERIOR_01', 'ECBAIT_10_0057_MEMBER_INTERIOR_01', 'ECBAIT_HOST_CONTROL_01']
  HIT SRR15808550: 1 baits >= 0.7 ['ECBAIT_HOST_CONTROL_01']
  HIT SRR15808551: 1 baits >= 0.7 ['ECBAIT_HOST_CONTROL_01']
  HIT SRR15927288: 5 baits >= 0.7 ['ECBAIT_0_0000_JUNCTION_02', 'ECBAIT_0_0000_MEMBER_INTERIOR_01', 'ECBAIT_10_0057_MEMBER_INTERIOR_01', 'ECBAIT_10_0172_MEMBER_INTERIOR_01']
  HIT SRR15927289: 5 baits >= 0.7 ['ECBAIT_0_0000_JUNCTION_02', 'ECBAIT_0_0000_MEMBER_INTERIOR_01', 'ECBAIT_10_0057_MEMBER_INTERIOR_01', 'ECBAIT_10_0172_MEMBER_INTERIOR_01']
  HIT SRR15927290: 7 baits >= 0.7 ['ECBAIT_0_0000_JUNCTION_02', 'ECBAIT_0_0000_MEMBER_INTERIOR_01', 'ECBAIT_0_0014_JUNCTION_02', 'ECBAIT_0_0014_MEMBER_INTERIOR_01']
  HIT SRR15927292: 5 baits >= 0.7 ['ECBAIT_0_0000_JUNCTION_02', 'ECBAIT_0_0000_MEMBER_INTERIOR_01', 'ECBAIT_10_0057_MEMBER_INTERIOR_01', 'ECBAIT_10_0172_MEMBER_INTERIOR_01']
  HIT SRR15927291: 5 baits >= 0.7 ['ECBAIT_0_0000_JUNCTION_02', 'ECBAIT_0_0000_MEMBER_INTERIOR_01', 'ECBAIT_0_0014_MEMBER_INTERIOR_01', 'ECBAIT_10_0057_MEMBER_INTERIOR_01']
  HIT SRR15927293: 4 baits >= 0.7 ['ECBAIT_0_0000_JUNCTION_02', 'ECBAIT_0_0000_MEMBER_INTERIOR_01', 'ECBAIT_10_0057_MEMBER_INTERIOR_01', 'ECBAIT_HOST_CONTROL_02']
  HIT SRR15927294: 5 baits >= 0.7 ['ECBAIT_0_0000_JUNCTION_02', 'ECBAIT_0_0000_MEMBER_INTERIOR_01', 'ECBAIT_10_0057_MEMBER_INTERIOR_01', 'ECBAIT_10_0172_MEMBER_INTERIOR_01']
  HIT SRR15927296: 8 baits >= 0.7 ['ECBAIT_0_0000_JUNCTION_02', 'ECBAIT_0_0000_MEMBER_INTERIOR_01', 'ECBAIT_0_0014_JUNCTION_02', 'ECBAIT_0_0014_MEMBER_INTERIOR_01']
  HIT SRR15927295: 5 baits >= 0.7 ['ECBAIT_0_0000_JUNCTION_02', 'ECBAIT_0_0000_MEMBER_INTERIOR_01', 'ECBAIT_10_0057_MEMBER_INTERIOR_01', 'ECBAIT_10_0172_MEMBER_INTERIOR_01']
  HIT SRR15927297: 4 baits >= 0.7 ['ECBAIT_0_0000_MEMBER_INTERIOR_01', 'ECBAIT_0_0014_MEMBER_INTERIOR_01', 'ECBAIT_10_0172_MEMBER_INTERIOR_01', 'ECBAIT_HOST_CONTROL_02']
  HIT SRR15927298: 5 baits >= 0.7 ['ECBAIT_0_0000_JUNCTION_02', 'ECBAIT_0_0000_MEMBER_INTERIOR_01', 'ECBAIT_0_0014_MEMBER_INTERIOR_01', 'ECBAIT_10_0057_MEMBER_INTERIOR_01']
  HIT SRR15927299: 4 baits >= 0.7 ['ECBAIT_0_0000_JUNCTION_02', 'ECBAIT_0_0000_MEMBER_INTERIOR_01', 'ECBAIT_10_0057_MEMBER_INTERIOR_01', 'ECBAIT_HOST_CONTROL_02']
  HIT SRR15927300: 4 baits >= 0.7 ['ECBAIT_0_0000_JUNCTION_02', 'ECBAIT_0_0000_MEMBER_INTERIOR_01', 'ECBAIT_0_0014_MEMBER_INTERIOR_01', 'ECBAIT_HOST_CONTROL_02']
  HIT SRR15927301: 5 baits >= 0.7 ['ECBAIT_0_0000_JUNCTION_02', 'ECBAIT_0_0000_MEMBER_INTERIOR_01', 'ECBAIT_10_0057_MEMBER_INTERIOR_01', 'ECBAIT_10_0172_MEMBER_INTERIOR_01']
  HIT SRR15927302: 4 baits >= 0.7 ['ECBAIT_0_0000_MEMBER_INTERIOR_01', 'ECBAIT_10_0057_MEMBER_INTERIOR_01', 'ECBAIT_10_0172_MEMBER_INTERIOR_01', 'ECBAIT_HOST_CONTROL_02']
  HIT SRR15927304: 3 baits >= 0.7 ['ECBAIT_0_0014_JUNCTION_02', 'ECBAIT_1_0004_JUNCTION_01', 'ECBAIT_HOST_CONTROL_02']
  HIT SRR15927303: 2 baits >= 0.7 ['ECBAIT_10_0057_MEMBER_INTERIOR_01', 'ECBAIT_HOST_CONTROL_02']
  HIT SRR15927305: 1 baits >= 0.7 ['ECBAIT_HOST_CONTROL_02']
  HIT SRR15927306: 6 baits >= 0.7 ['ECBAIT_0_0000_JUNCTION_02', 'ECBAIT_0_0000_MEMBER_INTERIOR_01', 'ECBAIT_0_0052_JUNCTION_01', 'ECBAIT_0_0054_MEMBER_INTERIOR_01']
  HIT SRR15927308: 4 baits >= 0.7 ['ECBAIT_0_0000_JUNCTION_02', 'ECBAIT_0_0000_MEMBER_INTERIOR_01', 'ECBAIT_10_0057_MEMBER_INTERIOR_01', 'ECBAIT_HOST_CONTROL_02']
  HIT SRR15927309: 2 baits >= 0.7 ['ECBAIT_10_0172_MEMBER_INTERIOR_01', 'ECBAIT_HOST_CONTROL_02']
  HIT SRR15927310: 1 baits >= 0.7 ['ECBAIT_HOST_CONTROL_02']
  HIT SRR15927311: 5 baits >= 0.7 ['ECBAIT_0_0000_JUNCTION_02', 'ECBAIT_0_0000_MEMBER_INTERIOR_01', 'ECBAIT_10_0057_MEMBER_INTERIOR_01', 'ECBAIT_10_0172_MEMBER_INTERIOR_01']
  HIT SRR15927312: 4 baits >= 0.7 ['ECBAIT_0_0000_MEMBER_INTERIOR_01', 'ECBAIT_10_0057_MEMBER_INTERIOR_01', 'ECBAIT_10_0172_MEMBER_INTERIOR_01', 'ECBAIT_HOST_CONTROL_02']
  HIT SRR15927314: 3 baits >= 0.7 ['ECBAIT_0_0000_MEMBER_INTERIOR_01', 'ECBAIT_10_0057_MEMBER_INTERIOR_01', 'ECBAIT_HOST_CONTROL_02']
  HIT SRR15927315: 1 baits >= 0.7 ['ECBAIT_HOST_CONTROL_02']
  HIT SRR15927316: 3 baits >= 0.7 ['ECBAIT_0_0000_MEMBER_INTERIOR_01', 'ECBAIT_10_0057_MEMBER_INTERIOR_01', 'ECBAIT_HOST_CONTROL_02']
  HIT SRR15927317: 2 baits >= 0.7 ['ECBAIT_0_0054_MEMBER_INTERIOR_01', 'ECBAIT_HOST_CONTROL_02']
  HIT SRR15927319: 2 baits >= 0.7 ['ECBAIT_0_0000_JUNCTION_02', 'ECBAIT_HOST_CONTROL_02']
  HIT SRR15927318: 7 baits >= 0.7 ['ECBAIT_0_0000_JUNCTION_02', 'ECBAIT_0_0000_MEMBER_INTERIOR_01', 'ECBAIT_0_0014_MEMBER_INTERIOR_01', 'ECBAIT_10_0057_MEMBER_INTERIOR_01']
  HIT SRR15927320: 6 baits >= 0.7 ['ECBAIT_0_0000_JUNCTION_02', 'ECBAIT_0_0000_MEMBER_INTERIOR_01', 'ECBAIT_0_0014_JUNCTION_02', 'ECBAIT_0_0014_MEMBER_INTERIOR_01']
  HIT SRR15927321: 5 baits >= 0.7 ['ECBAIT_0_0000_JUNCTION_02', 'ECBAIT_0_0000_MEMBER_INTERIOR_01', 'ECBAIT_0_0014_MEMBER_INTERIOR_01', 'ECBAIT_10_0057_MEMBER_INTERIOR_01']
  HIT SRR15927323: 5 baits >= 0.7 ['ECBAIT_0_0000_JUNCTION_02', 'ECBAIT_0_0000_MEMBER_INTERIOR_01', 'ECBAIT_10_0057_MEMBER_INTERIOR_01', 'ECBAIT_10_0172_MEMBER_INTERIOR_01']
  HIT SRR15927322: 4 baits >= 0.7 ['ECBAIT_0_0000_JUNCTION_02', 'ECBAIT_0_0000_MEMBER_INTERIOR_01', 'ECBAIT_10_0057_MEMBER_INTERIOR_01', 'ECBAIT_HOST_CONTROL_02']
  HIT SRR15929428: 2 baits >= 0.7 ['ECBAIT_10_0002_MEMBER_INTERIOR_01', 'ECBAIT_10_0057_MEMBER_INTERIOR_01']
  HIT SRR15929429: 2 baits >= 0.7 ['ECBAIT_10_0002_MEMBER_INTERIOR_01', 'ECBAIT_10_0057_MEMBER_INTERIOR_01']
  5650/12000 processed (5388 screened, 4580 hit-accessions) 1743s budget=9.8GB
  HIT SRR15929430: 2 baits >= 0.7 ['ECBAIT_10_0002_MEMBER_INTERIOR_01', 'ECBAIT_10_0057_MEMBER_INTERIOR_01']
  HIT SRR16048129: 2 baits >= 0.7 ['ECBAIT_0_0046_MEMBER_INTERIOR_01', 'ECBAIT_1_0022_JUNCTION_03']
  HIT SRR16193628: 1 baits >= 0.7 ['ECBAIT_HOST_CONTROL_01']
  HIT SRR1631215: 1 baits >= 0.7 ['ECBAIT_POSCON_LAMBDA_01']
  HIT SRR1631430: 1 baits >= 0.7 ['ECBAIT_POSCON_LAMBDA_01']
  HIT SRR1631568: 2 baits >= 0.7 ['ECBAIT_0_0000_JUNCTION_02', 'ECBAIT_POSCON_LAMBDA_01']
  HIT SRR16493692: 1 baits >= 0.7 ['ECBAIT_HOST_CONTROL_01']
  HIT SRR16493693: 1 baits >= 0.7 ['ECBAIT_HOST_CONTROL_01']
  HIT SRR16493694: 1 baits >= 0.7 ['ECBAIT_HOST_CONTROL_01']
  HIT SRR16493695: 1 baits >= 0.7 ['ECBAIT_HOST_CONTROL_01']
  HIT SRR16493696: 1 baits >= 0.7 ['ECBAIT_HOST_CONTROL_01']
  HIT SRR16493697: 1 baits >= 0.7 ['ECBAIT_HOST_CONTROL_01']
  HIT SRR16493698: 1 baits >= 0.7 ['ECBAIT_HOST_CONTROL_01']
  HIT SRR16493699: 1 baits >= 0.7 ['ECBAIT_HOST_CONTROL_01']
  HIT SRR16493700: 1 baits >= 0.7 ['ECBAIT_HOST_CONTROL_01']
  5700/12000 processed (5437 screened, 4595 hit-accessions) 1758s budget=9.9GB
  HIT SRR16493701: 1 baits >= 0.7 ['ECBAIT_HOST_CONTROL_01']
  HIT SRR16493702: 1 baits >= 0.7 ['ECBAIT_HOST_CONTROL_01']
  HIT SRR16493703: 1 baits >= 0.7 ['ECBAIT_HOST_CONTROL_01']
  HIT SRR16493704: 1 baits >= 0.7 ['ECBAIT_HOST_CONTROL_01']
  HIT SRR16493705: 1 baits >= 0.7 ['ECBAIT_HOST_CONTROL_01']
  HIT SRR16493706: 1 baits >= 0.7 ['ECBAIT_HOST_CONTROL_01']
  HIT SRR16493707: 1 baits >= 0.7 ['ECBAIT_HOST_CONTROL_01']
  HIT SRR16493708: 1 baits >= 0.7 ['ECBAIT_HOST_CONTROL_01']
  HIT SRR16493709: 1 baits >= 0.7 ['ECBAIT_HOST_CONTROL_01']
  HIT SRR16542767: 2 baits >= 0.7 ['ECBAIT_10_0057_MEMBER_INTERIOR_01', 'ECBAIT_HOST_CONTROL_01']
  HIT SRR16542768: 1 baits >= 0.7 ['ECBAIT_10_0057_MEMBER_INTERIOR_01']
  HIT SRR16542769: 4 baits >= 0.7 ['ECBAIT_0_0014_MEMBER_INTERIOR_01', 'ECBAIT_10_0172_MEMBER_INTERIOR_01', 'ECBAIT_1_0004_JUNCTION_02', 'ECBAIT_HOST_CONTROL_02']
  HIT SRR16542770: 3 baits >= 0.7 ['ECBAIT_10_0002_JUNCTION_01', 'ECBAIT_10_0002_JUNCTION_02', 'ECBAIT_HOST_CONTROL_01']
  HIT SRR16542771: 3 baits >= 0.7 ['ECBAIT_10_0057_MEMBER_INTERIOR_01', 'ECBAIT_10_0172_MEMBER_INTERIOR_01', 'ECBAIT_HOST_CONTROL_02']
  HIT SRR16542772: 3 baits >= 0.7 ['ECBAIT_10_0002_JUNCTION_01', 'ECBAIT_10_0002_JUNCTION_02', 'ECBAIT_HOST_CONTROL_01']
  HIT SRR16542773: 1 baits >= 0.7 ['ECBAIT_10_0057_MEMBER_INTERIOR_01']
  HIT SRR16542774: 1 baits >= 0.7 ['ECBAIT_10_0057_MEMBER_INTERIOR_01']
  HIT SRR16542775: 1 baits >= 0.7 ['ECBAIT_10_0057_MEMBER_INTERIOR_01']
  HIT SRR16542776: 2 baits >= 0.7 ['ECBAIT_10_0002_JUNCTION_01', 'ECBAIT_HOST_CONTROL_01']
  HIT SRR16542777: 2 baits >= 0.7 ['ECBAIT_10_0002_MEMBER_INTERIOR_01', 'ECBAIT_10_0057_MEMBER_INTERIOR_01']
  HIT SRR16542778: 1 baits >= 0.7 ['ECBAIT_10_0057_MEMBER_INTERIOR_01']
  HIT SRR16542779: 5 baits >= 0.7 ['ECBAIT_10_0002_JUNCTION_01', 'ECBAIT_10_0002_JUNCTION_02', 'ECBAIT_10_0057_MEMBER_INTERIOR_01', 'ECBAIT_HOST_CONTROL_01']
  HIT SRR16542780: 2 baits >= 0.7 ['ECBAIT_10_0057_MEMBER_INTERIOR_01', 'ECBAIT_10_0172_MEMBER_INTERIOR_01']
  HIT SRR16542781: 2 baits >= 0.7 ['ECBAIT_0_0000_JUNCTION_02', 'ECBAIT_10_0057_MEMBER_INTERIOR_01']
  HIT SRR16542782: 2 baits >= 0.7 ['ECBAIT_10_0057_MEMBER_INTERIOR_01', 'ECBAIT_10_0172_MEMBER_INTERIOR_01']
  HIT SRR16542783: 1 baits >= 0.7 ['ECBAIT_10_0057_MEMBER_INTERIOR_01']
  HIT SRR16542784: 4 baits >= 0.7 ['ECBAIT_10_0002_JUNCTION_01', 'ECBAIT_10_0002_JUNCTION_02', 'ECBAIT_10_0057_MEMBER_INTERIOR_01', 'ECBAIT_HOST_CONTROL_01']
  HIT SRR16542785: 1 baits >= 0.7 ['ECBAIT_10_0057_MEMBER_INTERIOR_01']
  HIT SRR16542786: 3 baits >= 0.7 ['ECBAIT_10_0002_JUNCTION_01', 'ECBAIT_10_0002_JUNCTION_02', 'ECBAIT_10_0057_MEMBER_INTERIOR_01']
  HIT SRR16542787: 1 baits >= 0.7 ['ECBAIT_HOST_CONTROL_01']
  HIT SRR16542788: 2 baits >= 0.7 ['ECBAIT_10_0002_JUNCTION_01', 'ECBAIT_HOST_CONTROL_01']
  HIT SRR16542789: 1 baits >= 0.7 ['ECBAIT_10_0057_MEMBER_INTERIOR_01']
  HIT SRR16542790: 1 baits >= 0.7 ['ECBAIT_HOST_CONTROL_01']
  HIT SRR16542791: 2 baits >= 0.7 ['ECBAIT_10_0002_MEMBER_INTERIOR_01', 'ECBAIT_10_0057_MEMBER_INTERIOR_01']
  HIT SRR16542792: 2 baits >= 0.7 ['ECBAIT_10_0057_MEMBER_INTERIOR_01', 'ECBAIT_HOST_CONTROL_01']
  HIT SRR16542793: 3 baits >= 0.7 ['ECBAIT_0_0000_JUNCTION_02', 'ECBAIT_10_0002_MEMBER_INTERIOR_01', 'ECBAIT_10_0151_JUNCTION_03']
  HIT SRR16542794: 2 baits >= 0.7 ['ECBAIT_10_0002_JUNCTION_01', 'ECBAIT_HOST_CONTROL_01']
  HIT SRR16542795: 1 baits >= 0.7 ['ECBAIT_HOST_CONTROL_01']
  HIT SRR16542796: 2 baits >= 0.7 ['ECBAIT_10_0002_MEMBER_INTERIOR_01', 'ECBAIT_10_0057_MEMBER_INTERIOR_01']
  HIT SRR1658081: 1 baits >= 0.7 ['ECBAIT_10_0002_MEMBER_INTERIOR_01']
  HIT SRR1658098: 2 baits >= 0.7 ['ECBAIT_10_0002_MEMBER_INTERIOR_01', 'ECBAIT_10_0044_MEMBER_INTERIOR_01']
  HIT SRR16639085: 1 baits >= 0.7 ['ECBAIT_HOST_CONTROL_01']
  HIT SRR16639088: 2 baits >= 0.7 ['ECBAIT_0_0000_JUNCTION_02', 'ECBAIT_10_0057_MEMBER_INTERIOR_01']
  HIT SRR16639089: 3 baits >= 0.7 ['ECBAIT_10_0002_JUNCTION_01', 'ECBAIT_10_0002_JUNCTION_02', 'ECBAIT_10_0057_MEMBER_INTERIOR_01']
  5750/12000 processed (5486 screened, 4639 hit-accessions) 1774s budget=9.9GB
  HIT SRR16639096: 1 baits >= 0.7 ['ECBAIT_10_0057_MEMBER_INTERIOR_01']
  HIT SRR16639095: 3 baits >= 0.7 ['ECBAIT_0_0000_JUNCTION_02', 'ECBAIT_0_0000_MEMBER_INTERIOR_01', 'ECBAIT_10_0057_MEMBER_INTERIOR_01']
  HIT SRR16639098: 4 baits >= 0.7 ['ECBAIT_0_0046_MEMBER_INTERIOR_01', 'ECBAIT_10_0057_MEMBER_INTERIOR_01', 'ECBAIT_1_0022_JUNCTION_02', 'ECBAIT_1_0022_JUNCTION_03']
  HIT SRR16639099: 6 baits >= 0.7 ['ECBAIT_0_0000_JUNCTION_02', 'ECBAIT_0_0000_MEMBER_INTERIOR_01', 'ECBAIT_10_0002_JUNCTION_01', 'ECBAIT_10_0002_JUNCTION_02']
  HIT SRR16674743: 5 baits >= 0.7 ['ECBAIT_10_0002_MEMBER_INTERIOR_01', 'ECBAIT_10_0044_MEMBER_INTERIOR_01', 'ECBAIT_10_0178_INTERIOR_MODULE_01', 'ECBAIT_10_0178_JUNCTION_02']
  HIT SRR16674744: 1 baits >= 0.7 ['ECBAIT_10_0057_MEMBER_INTERIOR_01']
  HIT SRR16674745: 1 baits >= 0.7 ['ECBAIT_HOST_CONTROL_01']
  HIT SRR16674746: 1 baits >= 0.7 ['ECBAIT_HOST_CONTROL_01']
  HIT SRR16674747: 1 baits >= 0.7 ['ECBAIT_HOST_CONTROL_01']
  HIT SRR16674748: 2 baits >= 0.7 ['ECBAIT_10_0002_MEMBER_INTERIOR_01', 'ECBAIT_HOST_CONTROL_01']
  HIT SRR16694234: 2 baits >= 0.7 ['ECBAIT_10_0002_MEMBER_INTERIOR_01', 'ECBAIT_10_0057_MEMBER_INTERIOR_01']
  HIT SRR16763814: 2 baits >= 0.7 ['ECBAIT_0_0000_JUNCTION_02', 'ECBAIT_10_0172_MEMBER_INTERIOR_01']
  HIT SRR16764780: 1 baits >= 0.7 ['ECBAIT_HOST_CONTROL_01']
  HIT SRR16764781: 2 baits >= 0.7 ['ECBAIT_10_0002_MEMBER_INTERIOR_01', 'ECBAIT_HOST_CONTROL_01']
  HIT SRR16889643: 3 baits >= 0.7 ['ECBAIT_0_0000_JUNCTION_01', 'ECBAIT_10_0002_MEMBER_INTERIOR_01', 'ECBAIT_10_0044_MEMBER_INTERIOR_01']
  HIT SRR16889644: 2 baits >= 0.7 ['ECBAIT_10_0002_MEMBER_INTERIOR_01', 'ECBAIT_10_0044_MEMBER_INTERIOR_01']
  HIT SRR16889645: 3 baits >= 0.7 ['ECBAIT_0_0000_JUNCTION_01', 'ECBAIT_10_0002_MEMBER_INTERIOR_01', 'ECBAIT_10_0044_MEMBER_INTERIOR_01']
  HIT SRR16889646: 3 baits >= 0.7 ['ECBAIT_0_0000_JUNCTION_01', 'ECBAIT_10_0002_MEMBER_INTERIOR_01', 'ECBAIT_10_0044_MEMBER_INTERIOR_01']
  HIT SRR16952363: 2 baits >= 0.7 ['ECBAIT_10_0057_MEMBER_INTERIOR_01', 'ECBAIT_HOST_CONTROL_01']
  HIT SRR17085831: 1 baits >= 0.7 ['ECBAIT_10_0151_MEMBER_INTERIOR_01']
  HIT SRR17085832: 5 baits >= 0.7 ['ECBAIT_0_0000_JUNCTION_02', 'ECBAIT_0_0000_MEMBER_INTERIOR_01', 'ECBAIT_10_0057_MEMBER_INTERIOR_01', 'ECBAIT_10_0172_MEMBER_INTERIOR_01']
  HIT SRR17085833: 1 baits >= 0.7 ['ECBAIT_10_0057_MEMBER_INTERIOR_01']
  HIT SRR17085834: 3 baits >= 0.7 ['ECBAIT_0_0000_JUNCTION_02', 'ECBAIT_10_0057_MEMBER_INTERIOR_01', 'ECBAIT_10_0151_JUNCTION_03']
  HIT SRR17085835: 1 baits >= 0.7 ['ECBAIT_10_0057_MEMBER_INTERIOR_01']
  HIT SRR17085836: 3 baits >= 0.7 ['ECBAIT_0_0000_JUNCTION_02', 'ECBAIT_0_0000_MEMBER_INTERIOR_01', 'ECBAIT_10_0057_MEMBER_INTERIOR_01']
  HIT SRR17235646: 5 baits >= 0.7 ['ECBAIT_0_0046_MEMBER_INTERIOR_01', 'ECBAIT_0_0052_JUNCTION_03', 'ECBAIT_10_0057_MEMBER_INTERIOR_01', 'ECBAIT_1_0022_JUNCTION_03']
  HIT SRR17235654: 1 baits >= 0.7 ['ECBAIT_10_0057_MEMBER_INTERIOR_01']
  HIT SRR17235655: 2 baits >= 0.7 ['ECBAIT_10_0057_MEMBER_INTERIOR_01', 'ECBAIT_HOST_CONTROL_02']
  5800/12000 processed (5536 screened, 4667 hit-accessions) 1790s budget=10.0GB
  HIT SRR17235680: 1 baits >= 0.7 ['ECBAIT_10_0057_MEMBER_INTERIOR_01']
  HIT SRR17235681: 2 baits >= 0.7 ['ECBAIT_10_0057_MEMBER_INTERIOR_01', 'ECBAIT_10_0172_MEMBER_INTERIOR_01']
  HIT SRR17235688: 1 baits >= 0.7 ['ECBAIT_10_0057_MEMBER_INTERIOR_01']
  HIT SRR17235764: 1 baits >= 0.7 ['ECBAIT_10_0172_MEMBER_INTERIOR_01']
  HIT SRR17235791: 4 baits >= 0.7 ['ECBAIT_10_0002_JUNCTION_01', 'ECBAIT_10_0002_JUNCTION_02', 'ECBAIT_10_0057_MEMBER_INTERIOR_01', 'ECBAIT_1_0004_JUNCTION_01']
  HIT SRR17235795: 10 baits >= 0.7 ['ECBAIT_0_0000_JUNCTION_02', 'ECBAIT_0_0000_MEMBER_INTERIOR_01', 'ECBAIT_0_0014_JUNCTION_02', 'ECBAIT_0_0014_MEMBER_INTERIOR_01']
  HIT SRR17235798: 8 baits >= 0.7 ['ECBAIT_0_0000_JUNCTION_02', 'ECBAIT_0_0000_MEMBER_INTERIOR_01', 'ECBAIT_0_0014_JUNCTION_02', 'ECBAIT_0_0014_MEMBER_INTERIOR_01']
  HIT SRR17235807: 3 baits >= 0.7 ['ECBAIT_10_0002_JUNCTION_01', 'ECBAIT_10_0002_MEMBER_INTERIOR_01', 'ECBAIT_10_0057_MEMBER_INTERIOR_01']
  HIT SRR17235809: 1 baits >= 0.7 ['ECBAIT_0_0000_JUNCTION_02']
  HIT SRR17235811: 4 baits >= 0.7 ['ECBAIT_0_0000_JUNCTION_02', 'ECBAIT_0_0000_MEMBER_INTERIOR_01', 'ECBAIT_10_0057_MEMBER_INTERIOR_01', 'ECBAIT_10_0172_MEMBER_INTERIOR_01']
  HIT SRR17235848: 2 baits >= 0.7 ['ECBAIT_0_0054_MEMBER_INTERIOR_01', 'ECBAIT_10_0057_MEMBER_INTERIOR_01']
  HIT SRR17235861: 2 baits >= 0.7 ['ECBAIT_10_0057_MEMBER_INTERIOR_01', 'ECBAIT_HOST_CONTROL_02']
  HIT SRR17235880: 3 baits >= 0.7 ['ECBAIT_10_0002_MEMBER_INTERIOR_01', 'ECBAIT_10_0057_MEMBER_INTERIOR_01', 'ECBAIT_10_0172_MEMBER_INTERIOR_01']
  HIT SRR17235916: 5 baits >= 0.7 ['ECBAIT_0_0000_JUNCTION_02', 'ECBAIT_0_0000_MEMBER_INTERIOR_01', 'ECBAIT_10_0057_MEMBER_INTERIOR_01', 'ECBAIT_10_0172_MEMBER_INTERIOR_01']
  HIT SRR17235947: 1 baits >= 0.7 ['ECBAIT_HOST_CONTROL_01']
  HIT SRR17235962: 4 baits >= 0.7 ['ECBAIT_0_0000_JUNCTION_02', 'ECBAIT_0_0000_MEMBER_INTERIOR_01', 'ECBAIT_10_0057_MEMBER_INTERIOR_01', 'ECBAIT_HOST_CONTROL_02']
  HIT SRR17236001: 4 baits >= 0.7 ['ECBAIT_0_0000_JUNCTION_02', 'ECBAIT_0_0000_MEMBER_INTERIOR_01', 'ECBAIT_10_0057_MEMBER_INTERIOR_01', 'ECBAIT_HOST_CONTROL_02']
  HIT SRR17235993: 6 baits >= 0.7 ['ECBAIT_0_0046_MEMBER_INTERIOR_01', 'ECBAIT_10_0057_MEMBER_INTERIOR_01', 'ECBAIT_1_0022_JUNCTION_02', 'ECBAIT_1_0022_JUNCTION_03']
  HIT SRR17236042: 2 baits >= 0.7 ['ECBAIT_10_0002_MEMBER_INTERIOR_01', 'ECBAIT_10_0057_MEMBER_INTERIOR_01']
  HIT SRR17236081: 4 baits >= 0.7 ['ECBAIT_0_0000_INTERIOR_MODULE_01', 'ECBAIT_0_0000_JUNCTION_02', 'ECBAIT_0_0000_MEMBER_INTERIOR_01', 'ECBAIT_HOST_CONTROL_02']
  HIT SRR17236110: 1 baits >= 0.7 ['ECBAIT_10_0057_MEMBER_INTERIOR_01']
  HIT SRR17236112: 2 baits >= 0.7 ['ECBAIT_0_0000_JUNCTION_02', 'ECBAIT_10_0057_MEMBER_INTERIOR_01']
  HIT SRR17236106: 4 baits >= 0.7 ['ECBAIT_0_0046_MEMBER_INTERIOR_01', 'ECBAIT_10_0057_MEMBER_INTERIOR_01', 'ECBAIT_1_0022_JUNCTION_03', 'ECBAIT_HOST_CONTROL_02']
  HIT SRR17236154: 2 baits >= 0.7 ['ECBAIT_10_0002_MEMBER_INTERIOR_01', 'ECBAIT_10_0057_MEMBER_INTERIOR_01']
  HIT SRR17238037: 1 baits >= 0.7 ['ECBAIT_10_0057_MEMBER_INTERIOR_01']
  HIT SRR17238039: 1 baits >= 0.7 ['ECBAIT_10_0057_MEMBER_INTERIOR_01']
  HIT SRR17238035: 3 baits >= 0.7 ['ECBAIT_10_0002_MEMBER_INTERIOR_01', 'ECBAIT_10_0057_MEMBER_INTERIOR_01', 'ECBAIT_10_0172_MEMBER_INTERIOR_01']
  HIT SRR17238043: 1 baits >= 0.7 ['ECBAIT_10_0057_MEMBER_INTERIOR_01']
  HIT SRR17238057: 1 baits >= 0.7 ['ECBAIT_10_0057_MEMBER_INTERIOR_01']
  HIT SRR17238056: 2 baits >= 0.7 ['ECBAIT_10_0057_MEMBER_INTERIOR_01', 'ECBAIT_10_0172_MEMBER_INTERIOR_01']
  HIT SRR17238058: 1 baits >= 0.7 ['ECBAIT_10_0057_MEMBER_INTERIOR_01']
  HIT SRR17238061: 4 baits >= 0.7 ['ECBAIT_0_0000_JUNCTION_02', 'ECBAIT_0_0052_JUNCTION_01', 'ECBAIT_10_0151_JUNCTION_03', 'ECBAIT_10_0172_MEMBER_INTERIOR_01']
  HIT SRR17258760: 5 baits >= 0.7 ['ECBAIT_0_0000_INTERIOR_MODULE_01', 'ECBAIT_0_0000_JUNCTION_02', 'ECBAIT_0_0000_MEMBER_INTERIOR_01', 'ECBAIT_10_0057_MEMBER_INTERIOR_01']
  HIT SRR17238063: 2 baits >= 0.7 ['ECBAIT_10_0057_MEMBER_INTERIOR_01', 'ECBAIT_10_0172_MEMBER_INTERIOR_01']
  HIT SRR17258761: 5 baits >= 0.7 ['ECBAIT_0_0000_INTERIOR_MODULE_01', 'ECBAIT_0_0000_JUNCTION_02', 'ECBAIT_0_0000_MEMBER_INTERIOR_01', 'ECBAIT_10_0057_MEMBER_INTERIOR_01']
  HIT SRR17258762: 5 baits >= 0.7 ['ECBAIT_0_0000_INTERIOR_MODULE_01', 'ECBAIT_0_0000_JUNCTION_02', 'ECBAIT_0_0000_MEMBER_INTERIOR_01', 'ECBAIT_10_0057_MEMBER_INTERIOR_01']
  HIT SRR17258763: 5 baits >= 0.7 ['ECBAIT_0_0000_INTERIOR_MODULE_01', 'ECBAIT_0_0000_JUNCTION_02', 'ECBAIT_0_0000_MEMBER_INTERIOR_01', 'ECBAIT_10_0057_MEMBER_INTERIOR_01']
  HIT SRR17258764: 5 baits >= 0.7 ['ECBAIT_0_0000_INTERIOR_MODULE_01', 'ECBAIT_0_0000_JUNCTION_02', 'ECBAIT_0_0000_MEMBER_INTERIOR_01', 'ECBAIT_10_0057_MEMBER_INTERIOR_01']
  HIT SRR17258765: 5 baits >= 0.7 ['ECBAIT_0_0000_INTERIOR_MODULE_01', 'ECBAIT_0_0000_JUNCTION_02', 'ECBAIT_0_0000_MEMBER_INTERIOR_01', 'ECBAIT_10_0057_MEMBER_INTERIOR_01']
  HIT SRR17276500: 4 baits >= 0.7 ['ECBAIT_0_0000_JUNCTION_02', 'ECBAIT_0_0052_JUNCTION_03', 'ECBAIT_10_0057_MEMBER_INTERIOR_01', 'ECBAIT_10_0151_JUNCTION_03']
  HIT SRR17276517: 3 baits >= 0.7 ['ECBAIT_0_0000_JUNCTION_02', 'ECBAIT_0_0000_MEMBER_INTERIOR_01', 'ECBAIT_HOST_CONTROL_02']
  HIT SRR17276527: 3 baits >= 0.7 ['ECBAIT_10_0057_MEMBER_INTERIOR_01', 'ECBAIT_10_0151_JUNCTION_03', 'ECBAIT_10_0172_MEMBER_INTERIOR_01']
  HIT SRR17276549: 1 baits >= 0.7 ['ECBAIT_10_0057_MEMBER_INTERIOR_01']
  HIT SRR17276574: 2 baits >= 0.7 ['ECBAIT_10_0002_JUNCTION_01', 'ECBAIT_10_0002_MEMBER_INTERIOR_01']
  HIT SRR17276579: 1 baits >= 0.7 ['ECBAIT_10_0151_JUNCTION_03']
  HIT SRR17276623: 2 baits >= 0.7 ['ECBAIT_10_0057_MEMBER_INTERIOR_01', 'ECBAIT_HOST_CONTROL_01']
  HIT SRR17276606: 1 baits >= 0.7 ['ECBAIT_10_0057_MEMBER_INTERIOR_01']
  5850/12000 processed (5586 screened, 4714 hit-accessions) 1805s budget=10.1GB
  HIT SRR17276625: 1 baits >= 0.7 ['ECBAIT_10_0057_MEMBER_INTERIOR_01']
  HIT SRR17276656: 1 baits >= 0.7 ['ECBAIT_10_0057_MEMBER_INTERIOR_01']
  HIT SRR17276676: 4 baits >= 0.7 ['ECBAIT_0_0046_MEMBER_INTERIOR_01', 'ECBAIT_10_0057_MEMBER_INTERIOR_01', 'ECBAIT_1_0022_JUNCTION_03', 'ECBAIT_HOST_CONTROL_02']
  HIT SRR17276678: 4 baits >= 0.7 ['ECBAIT_0_0000_JUNCTION_02', 'ECBAIT_0_0000_MEMBER_INTERIOR_01', 'ECBAIT_10_0057_MEMBER_INTERIOR_01', 'ECBAIT_HOST_CONTROL_02']
  HIT SRR17276687: 5 baits >= 0.7 ['ECBAIT_0_0000_INTERIOR_MODULE_01', 'ECBAIT_0_0000_JUNCTION_02', 'ECBAIT_0_0000_MEMBER_INTERIOR_01', 'ECBAIT_10_0057_MEMBER_INTERIOR_01']
  HIT SRR17276691: 5 baits >= 0.7 ['ECBAIT_0_0000_JUNCTION_02', 'ECBAIT_0_0014_JUNCTION_01', 'ECBAIT_10_0057_MEMBER_INTERIOR_01', 'ECBAIT_1_0004_JUNCTION_01']
  HIT SRR17276697: 2 baits >= 0.7 ['ECBAIT_10_0002_JUNCTION_02', 'ECBAIT_10_0057_MEMBER_INTERIOR_01']
  HIT SRR17276723: 2 baits >= 0.7 ['ECBAIT_0_0000_JUNCTION_02', 'ECBAIT_10_0151_JUNCTION_03']
  HIT SRR17276725: 1 baits >= 0.7 ['ECBAIT_HOST_CONTROL_02']
  HIT SRR17276732: 1 baits >= 0.7 ['ECBAIT_HOST_CONTROL_01']
  HIT SRR17276733: 1 baits >= 0.7 ['ECBAIT_HOST_CONTROL_01']
  HIT SRR17276772: 1 baits >= 0.7 ['ECBAIT_10_0057_MEMBER_INTERIOR_01']
  HIT SRR17276795: 4 baits >= 0.7 ['ECBAIT_10_0002_JUNCTION_01', 'ECBAIT_10_0002_JUNCTION_02', 'ECBAIT_10_0002_MEMBER_INTERIOR_01', 'ECBAIT_10_0057_MEMBER_INTERIOR_01']
  HIT SRR17276839: 1 baits >= 0.7 ['ECBAIT_10_0151_JUNCTION_03']
  HIT SRR17276866: 4 baits >= 0.7 ['ECBAIT_0_0000_MEMBER_INTERIOR_01', 'ECBAIT_10_0057_MEMBER_INTERIOR_01', 'ECBAIT_10_0151_JUNCTION_03', 'ECBAIT_10_0172_MEMBER_INTERIOR_01']
  HIT SRR17276892: 2 baits >= 0.7 ['ECBAIT_10_0057_MEMBER_INTERIOR_01', 'ECBAIT_10_0172_MEMBER_INTERIOR_01']
  HIT SRR17276909: 3 baits >= 0.7 ['ECBAIT_0_0000_JUNCTION_02', 'ECBAIT_10_0057_MEMBER_INTERIOR_01', 'ECBAIT_HOST_CONTROL_01']
  HIT SRR17276934: 3 baits >= 0.7 ['ECBAIT_0_0046_JUNCTION_02', 'ECBAIT_10_0057_MEMBER_INTERIOR_01', 'ECBAIT_HOST_CONTROL_02']
  HIT SRR17276948: 2 baits >= 0.7 ['ECBAIT_0_0054_MEMBER_INTERIOR_01', 'ECBAIT_10_0057_MEMBER_INTERIOR_01']
  HIT SRR17276981: 2 baits >= 0.7 ['ECBAIT_10_0057_MEMBER_INTERIOR_01', 'ECBAIT_HOST_CONTROL_02']
  HIT SRR17277008: 1 baits >= 0.7 ['ECBAIT_10_0057_MEMBER_INTERIOR_01']
  HIT SRR17277011: 2 baits >= 0.7 ['ECBAIT_10_0002_MEMBER_INTERIOR_01', 'ECBAIT_10_0057_MEMBER_INTERIOR_01']
  HIT SRR17277039: 1 baits >= 0.7 ['ECBAIT_10_0057_MEMBER_INTERIOR_01']
  HIT SRR17305976: 1 baits >= 0.7 ['ECBAIT_10_0057_MEMBER_INTERIOR_01']
  HIT SRR17349247: 4 baits >= 0.7 ['ECBAIT_10_0002_JUNCTION_01', 'ECBAIT_10_0002_JUNCTION_02', 'ECBAIT_10_0002_MEMBER_INTERIOR_01', 'ECBAIT_10_0057_MEMBER_INTERIOR_01']
  HIT SRR17349243: 2 baits >= 0.7 ['ECBAIT_10_0002_MEMBER_INTERIOR_01', 'ECBAIT_10_0057_MEMBER_INTERIOR_01']
  HIT SRR17529610: 6 baits >= 0.7 ['ECBAIT_10_0002_MEMBER_INTERIOR_01', 'ECBAIT_10_0044_MEMBER_INTERIOR_01', 'ECBAIT_10_0178_JUNCTION_02', 'ECBAIT_10_0178_JUNCTION_03']
  HIT SRR17529612: 2 baits >= 0.7 ['ECBAIT_0_0052_MEMBER_INTERIOR_01', 'ECBAIT_HOST_CONTROL_01']
  HIT SRR17529611: 6 baits >= 0.7 ['ECBAIT_10_0044_INTERIOR_MODULE_01', 'ECBAIT_10_0044_MEMBER_INTERIOR_01', 'ECBAIT_10_0178_INTERIOR_MODULE_01', 'ECBAIT_10_0178_JUNCTION_02']
  HIT SRR17529615: 3 baits >= 0.7 ['ECBAIT_0_0046_JUNCTION_02', 'ECBAIT_10_0044_MEMBER_INTERIOR_01', 'ECBAIT_1_0022_JUNCTION_03']
  HIT SRR17529613: 7 baits >= 0.7 ['ECBAIT_10_0002_MEMBER_INTERIOR_01', 'ECBAIT_10_0044_INTERIOR_MODULE_01', 'ECBAIT_10_0044_MEMBER_INTERIOR_01', 'ECBAIT_10_0178_INTERIOR_MODULE_01']
  HIT SRR17529616: 5 baits >= 0.7 ['ECBAIT_10_0002_MEMBER_INTERIOR_01', 'ECBAIT_10_0044_INTERIOR_MODULE_01', 'ECBAIT_10_0044_MEMBER_INTERIOR_01', 'ECBAIT_10_0057_MEMBER_INTERIOR_01']
  HIT SRR17529614: 7 baits >= 0.7 ['ECBAIT_10_0002_MEMBER_INTERIOR_01', 'ECBAIT_10_0044_INTERIOR_MODULE_01', 'ECBAIT_10_0044_MEMBER_INTERIOR_01', 'ECBAIT_10_0178_INTERIOR_MODULE_01']
  HIT SRR17529619: 7 baits >= 0.7 ['ECBAIT_10_0044_INTERIOR_MODULE_01', 'ECBAIT_10_0044_MEMBER_INTERIOR_01', 'ECBAIT_10_0178_INTERIOR_MODULE_01', 'ECBAIT_10_0178_JUNCTION_02']
  HIT SRR17529617: 1 baits >= 0.7 ['ECBAIT_10_0002_MEMBER_INTERIOR_01']
  HIT SRR17529620: 4 baits >= 0.7 ['ECBAIT_10_0044_INTERIOR_MODULE_01', 'ECBAIT_10_0044_MEMBER_INTERIOR_01', 'ECBAIT_10_0178_JUNCTION_02', 'ECBAIT_HOST_CONTROL_01']
  HIT SRR17529618: 8 baits >= 0.7 ['ECBAIT_10_0002_MEMBER_INTERIOR_01', 'ECBAIT_10_0044_INTERIOR_MODULE_01', 'ECBAIT_10_0044_MEMBER_INTERIOR_01', 'ECBAIT_10_0178_INTERIOR_MODULE_01']
  HIT SRR17529621: 7 baits >= 0.7 ['ECBAIT_10_0002_MEMBER_INTERIOR_01', 'ECBAIT_10_0044_INTERIOR_MODULE_01', 'ECBAIT_10_0044_MEMBER_INTERIOR_01', 'ECBAIT_10_0178_INTERIOR_MODULE_01']
  HIT SRR17529622: 8 baits >= 0.7 ['ECBAIT_10_0002_MEMBER_INTERIOR_01', 'ECBAIT_10_0044_INTERIOR_MODULE_01', 'ECBAIT_10_0044_MEMBER_INTERIOR_01', 'ECBAIT_10_0178_INTERIOR_MODULE_01']
  HIT SRR17529623: 1 baits >= 0.7 ['ECBAIT_10_0057_MEMBER_INTERIOR_01']
  HIT SRR17529624: 1 baits >= 0.7 ['ECBAIT_10_0057_MEMBER_INTERIOR_01']
  HIT SRR17529627: 7 baits >= 0.7 ['ECBAIT_10_0002_MEMBER_INTERIOR_01', 'ECBAIT_10_0044_INTERIOR_MODULE_01', 'ECBAIT_10_0044_MEMBER_INTERIOR_01', 'ECBAIT_10_0057_MEMBER_INTERIOR_01']
  HIT SRR17529628: 7 baits >= 0.7 ['ECBAIT_10_0002_MEMBER_INTERIOR_01', 'ECBAIT_10_0044_INTERIOR_MODULE_01', 'ECBAIT_10_0044_MEMBER_INTERIOR_01', 'ECBAIT_10_0057_MEMBER_INTERIOR_01']
  HIT SRR17529625: 5 baits >= 0.7 ['ECBAIT_10_0002_MEMBER_INTERIOR_01', 'ECBAIT_10_0044_MEMBER_INTERIOR_01', 'ECBAIT_10_0178_JUNCTION_03', 'ECBAIT_1_0004_JUNCTION_02']
  HIT SRR17529626: 1 baits >= 0.7 ['ECBAIT_10_0044_MEMBER_INTERIOR_01']
  HIT SRR17529632: 7 baits >= 0.7 ['ECBAIT_10_0002_MEMBER_INTERIOR_01', 'ECBAIT_10_0044_INTERIOR_MODULE_01', 'ECBAIT_10_0044_MEMBER_INTERIOR_01', 'ECBAIT_10_0178_INTERIOR_MODULE_01']
  5900/12000 processed (5636 screened, 4760 hit-accessions) 1822s budget=10.2GB
  HIT SRR17529631: 2 baits >= 0.7 ['ECBAIT_10_0002_MEMBER_INTERIOR_01', 'ECBAIT_10_0044_MEMBER_INTERIOR_01']
  HIT SRR17529629: 1 baits >= 0.7 ['ECBAIT_HOST_CONTROL_01']
  HIT SRR17682526: 1 baits >= 0.7 ['ECBAIT_HOST_CONTROL_01']
  HIT SRR1770413: 2 baits >= 0.7 ['ECBAIT_HOST_CONTROL_01', 'ECBAIT_POSCON_LAMBDA_01']
  HIT SRR17720006: 1 baits >= 0.7 ['ECBAIT_10_0057_MEMBER_INTERIOR_01']
  HIT SRR17720005: 2 baits >= 0.7 ['ECBAIT_10_0057_MEMBER_INTERIOR_01', 'ECBAIT_10_0151_MEMBER_INTERIOR_01']
  HIT SRR17720008: 2 baits >= 0.7 ['ECBAIT_10_0057_MEMBER_INTERIOR_01', 'ECBAIT_HOST_CONTROL_02']
  HIT SRR1773018: 1 baits >= 0.7 ['ECBAIT_HOST_CONTROL_01']
  HIT SRR17720010: 4 baits >= 0.7 ['ECBAIT_10_0002_JUNCTION_01', 'ECBAIT_10_0002_JUNCTION_02', 'ECBAIT_10_0002_MEMBER_INTERIOR_01', 'ECBAIT_10_0057_MEMBER_INTERIOR_01']
  HIT SRR17720011: 2 baits >= 0.7 ['ECBAIT_10_0057_MEMBER_INTERIOR_01', 'ECBAIT_HOST_CONTROL_01']
  HIT SRR17758648: 1 baits >= 0.7 ['ECBAIT_HOST_CONTROL_01']
  HIT SRR17779380: 1 baits >= 0.7 ['ECBAIT_HOST_CONTROL_01']
  HIT SRR17779381: 1 baits >= 0.7 ['ECBAIT_HOST_CONTROL_01']
  HIT SRR17779382: 1 baits >= 0.7 ['ECBAIT_HOST_CONTROL_01']
  HIT SRR17779383: 1 baits >= 0.7 ['ECBAIT_HOST_CONTROL_01']
  HIT SRR17779386: 1 baits >= 0.7 ['ECBAIT_HOST_CONTROL_01']
  HIT SRR17779388: 1 baits >= 0.7 ['ECBAIT_HOST_CONTROL_01']
  HIT SRR17779391: 1 baits >= 0.7 ['ECBAIT_HOST_CONTROL_01']
  HIT SRR17779389: 1 baits >= 0.7 ['ECBAIT_HOST_CONTROL_01']
  HIT SRR17779392: 1 baits >= 0.7 ['ECBAIT_HOST_CONTROL_01']
  HIT SRR17779393: 1 baits >= 0.7 ['ECBAIT_HOST_CONTROL_01']
  HIT SRR17779396: 1 baits >= 0.7 ['ECBAIT_HOST_CONTROL_01']
  HIT SRR17779394: 1 baits >= 0.7 ['ECBAIT_HOST_CONTROL_01']
  HIT SRR17779395: 1 baits >= 0.7 ['ECBAIT_HOST_CONTROL_01']
  HIT SRR17779397: 1 baits >= 0.7 ['ECBAIT_HOST_CONTROL_01']
  HIT SRR17779399: 1 baits >= 0.7 ['ECBAIT_HOST_CONTROL_01']
  HIT SRR17779398: 1 baits >= 0.7 ['ECBAIT_HOST_CONTROL_01']
  HIT SRR17779400: 1 baits >= 0.7 ['ECBAIT_HOST_CONTROL_01']
  HIT SRR17779401: 1 baits >= 0.7 ['ECBAIT_HOST_CONTROL_01']
  HIT SRR17779402: 1 baits >= 0.7 ['ECBAIT_HOST_CONTROL_01']
  HIT SRR17779403: 1 baits >= 0.7 ['ECBAIT_HOST_CONTROL_01']
  HIT SRR17779404: 1 baits >= 0.7 ['ECBAIT_HOST_CONTROL_01']
  HIT SRR17779405: 1 baits >= 0.7 ['ECBAIT_HOST_CONTROL_01']
  HIT SRR17779406: 1 baits >= 0.7 ['ECBAIT_HOST_CONTROL_01']
  HIT SRR17779408: 1 baits >= 0.7 ['ECBAIT_HOST_CONTROL_01']
  HIT SRR17779407: 1 baits >= 0.7 ['ECBAIT_HOST_CONTROL_01']
  HIT SRR17779409: 1 baits >= 0.7 ['ECBAIT_HOST_CONTROL_01']
  HIT SRR17779415: 1 baits >= 0.7 ['ECBAIT_HOST_CONTROL_01']
  HIT SRR17779414: 1 baits >= 0.7 ['ECBAIT_HOST_CONTROL_01']
  HIT SRR17779416: 1 baits >= 0.7 ['ECBAIT_HOST_CONTROL_01']
  HIT SRR17779417: 1 baits >= 0.7 ['ECBAIT_HOST_CONTROL_01']
  HIT SRR17779418: 1 baits >= 0.7 ['ECBAIT_HOST_CONTROL_01']
  HIT SRR17779419: 1 baits >= 0.7 ['ECBAIT_HOST_CONTROL_01']
  HIT SRR17779420: 1 baits >= 0.7 ['ECBAIT_HOST_CONTROL_01']
  HIT SRR17779422: 1 baits >= 0.7 ['ECBAIT_HOST_CONTROL_01']
  HIT SRR17779423: 1 baits >= 0.7 ['ECBAIT_HOST_CONTROL_01']
  HIT SRR17779424: 1 baits >= 0.7 ['ECBAIT_HOST_CONTROL_01']
  HIT SRR17779425: 1 baits >= 0.7 ['ECBAIT_HOST_CONTROL_01']
  HIT SRR17779426: 1 baits >= 0.7 ['ECBAIT_HOST_CONTROL_01']
  5950/12000 processed (5686 screened, 4809 hit-accessions) 1838s budget=10.3GB
  HIT SRR17779427: 1 baits >= 0.7 ['ECBAIT_HOST_CONTROL_01']
  HIT SRR17779428: 1 baits >= 0.7 ['ECBAIT_HOST_CONTROL_01']
  HIT SRR17779429: 1 baits >= 0.7 ['ECBAIT_HOST_CONTROL_01']
  HIT SRR17779430: 1 baits >= 0.7 ['ECBAIT_HOST_CONTROL_01']
  HIT SRR17779431: 1 baits >= 0.7 ['ECBAIT_HOST_CONTROL_01']
  HIT SRR17779433: 1 baits >= 0.7 ['ECBAIT_HOST_CONTROL_01']
  HIT SRR17779432: 1 baits >= 0.7 ['ECBAIT_HOST_CONTROL_01']
  HIT SRR17779438: 1 baits >= 0.7 ['ECBAIT_HOST_CONTROL_01']
  HIT SRR17779439: 1 baits >= 0.7 ['ECBAIT_HOST_CONTROL_01']
  HIT SRR17779444: 1 baits >= 0.7 ['ECBAIT_HOST_CONTROL_01']
  HIT SRR17779443: 1 baits >= 0.7 ['ECBAIT_HOST_CONTROL_01']
  HIT SRR17779445: 1 baits >= 0.7 ['ECBAIT_HOST_CONTROL_01']
  HIT SRR17779447: 1 baits >= 0.7 ['ECBAIT_HOST_CONTROL_01']
  HIT SRR17779449: 1 baits >= 0.7 ['ECBAIT_HOST_CONTROL_01']
  HIT SRR17779448: 1 baits >= 0.7 ['ECBAIT_HOST_CONTROL_01']
  HIT SRR17779450: 1 baits >= 0.7 ['ECBAIT_HOST_CONTROL_01']
  HIT SRR17779451: 1 baits >= 0.7 ['ECBAIT_HOST_CONTROL_01']
  HIT SRR17779452: 1 baits >= 0.7 ['ECBAIT_HOST_CONTROL_01']
  HIT SRR17779453: 1 baits >= 0.7 ['ECBAIT_HOST_CONTROL_01']
  HIT SRR17779455: 1 baits >= 0.7 ['ECBAIT_HOST_CONTROL_01']
  HIT SRR17779456: 1 baits >= 0.7 ['ECBAIT_HOST_CONTROL_01']
  HIT SRR17779457: 1 baits >= 0.7 ['ECBAIT_HOST_CONTROL_01']
  HIT SRR17867813: 1 baits >= 0.7 ['ECBAIT_HOST_CONTROL_01']
  HIT SRR17867815: 1 baits >= 0.7 ['ECBAIT_HOST_CONTROL_01']
  HIT SRR17879842: 1 baits >= 0.7 ['ECBAIT_HOST_CONTROL_01']
  HIT SRR17879840: 1 baits >= 0.7 ['ECBAIT_HOST_CONTROL_01']
  HIT SRR17883263: 1 baits >= 0.7 ['ECBAIT_10_0057_MEMBER_INTERIOR_01']
  HIT SRR17883264: 3 baits >= 0.7 ['ECBAIT_0_0054_MEMBER_INTERIOR_01', 'ECBAIT_10_0057_MEMBER_INTERIOR_01', 'ECBAIT_HOST_CONTROL_02']
  HIT SRR17883265: 1 baits >= 0.7 ['ECBAIT_0_0052_INTERIOR_MODULE_01']
  HIT SRR17883267: 3 baits >= 0.7 ['ECBAIT_10_0057_MEMBER_INTERIOR_01', 'ECBAIT_1_0004_JUNCTION_01', 'ECBAIT_HOST_CONTROL_02']
  HIT SRR17883268: 4 baits >= 0.7 ['ECBAIT_0_0000_JUNCTION_02', 'ECBAIT_10_0057_MEMBER_INTERIOR_01', 'ECBAIT_1_0004_JUNCTION_01', 'ECBAIT_HOST_CONTROL_01']
  HIT SRR17883271: 3 baits >= 0.7 ['ECBAIT_0_0000_JUNCTION_02', 'ECBAIT_0_0000_MEMBER_INTERIOR_01', 'ECBAIT_HOST_CONTROL_02']
  HIT SRR17883273: 1 baits >= 0.7 ['ECBAIT_10_0057_MEMBER_INTERIOR_01']
  HIT SRR17883274: 4 baits >= 0.7 ['ECBAIT_0_0052_JUNCTION_03', 'ECBAIT_0_0054_MEMBER_INTERIOR_01', 'ECBAIT_10_0057_MEMBER_INTERIOR_01', 'ECBAIT_HOST_CONTROL_02']
  HIT SRR17883277: 4 baits >= 0.7 ['ECBAIT_0_0000_JUNCTION_02', 'ECBAIT_10_0057_MEMBER_INTERIOR_01', 'ECBAIT_10_0172_MEMBER_INTERIOR_01', 'ECBAIT_1_0004_MEMBER_INTERIOR_01']
  HIT SRR17883280: 5 baits >= 0.7 ['ECBAIT_0_0000_INTERIOR_MODULE_01', 'ECBAIT_0_0000_JUNCTION_02', 'ECBAIT_0_0000_MEMBER_INTERIOR_01', 'ECBAIT_10_0057_MEMBER_INTERIOR_01']
  HIT SRR17883283: 1 baits >= 0.7 ['ECBAIT_HOST_CONTROL_01']
  HIT SRR17883281: 5 baits >= 0.7 ['ECBAIT_0_0000_JUNCTION_02', 'ECBAIT_0_0000_MEMBER_INTERIOR_01', 'ECBAIT_0_0014_JUNCTION_02', 'ECBAIT_10_0057_MEMBER_INTERIOR_01']
  HIT SRR17883285: 1 baits >= 0.7 ['ECBAIT_10_0057_MEMBER_INTERIOR_01']
  HIT SRR17883289: 1 baits >= 0.7 ['ECBAIT_10_0057_MEMBER_INTERIOR_01']
  HIT SRR17883290: 1 baits >= 0.7 ['ECBAIT_10_0057_MEMBER_INTERIOR_01']
  HIT SRR17883291: 2 baits >= 0.7 ['ECBAIT_10_0057_MEMBER_INTERIOR_01', 'ECBAIT_10_0172_MEMBER_INTERIOR_01']
  HIT SRR17883292: 6 baits >= 0.7 ['ECBAIT_0_0000_JUNCTION_02', 'ECBAIT_0_0000_MEMBER_INTERIOR_01', 'ECBAIT_0_0014_JUNCTION_02', 'ECBAIT_0_0014_MEMBER_INTERIOR_01']
  HIT SRR17883294: 1 baits >= 0.7 ['ECBAIT_10_0057_MEMBER_INTERIOR_01']
  HIT SRR17883295: 1 baits >= 0.7 ['ECBAIT_10_0057_MEMBER_INTERIOR_01']
  HIT SRR17883297: 2 baits >= 0.7 ['ECBAIT_0_0000_JUNCTION_02', 'ECBAIT_HOST_CONTROL_02']
  HIT SRR17883300: 1 baits >= 0.7 ['ECBAIT_10_0057_MEMBER_INTERIOR_01']
  6000/12000 processed (5736 screened, 4856 hit-accessions) 1854s budget=10.3GB
  HIT SRR17883299: 2 baits >= 0.7 ['ECBAIT_0_0000_JUNCTION_02', 'ECBAIT_10_0057_MEMBER_INTERIOR_01']
  HIT SRR17883301: 4 baits >= 0.7 ['ECBAIT_10_0002_MEMBER_INTERIOR_01', 'ECBAIT_10_0057_MEMBER_INTERIOR_01', 'ECBAIT_10_0172_MEMBER_INTERIOR_01', 'ECBAIT_HOST_CONTROL_01']
  HIT SRR17883302: 5 baits >= 0.7 ['ECBAIT_0_0000_INTERIOR_MODULE_01', 'ECBAIT_0_0000_JUNCTION_02', 'ECBAIT_0_0000_MEMBER_INTERIOR_01', 'ECBAIT_10_0057_MEMBER_INTERIOR_01']
  HIT SRR17883303: 2 baits >= 0.7 ['ECBAIT_10_0057_MEMBER_INTERIOR_01', 'ECBAIT_HOST_CONTROL_01']
  HIT SRR17883305: 1 baits >= 0.7 ['ECBAIT_10_0057_MEMBER_INTERIOR_01']
  HIT SRR17883306: 2 baits >= 0.7 ['ECBAIT_10_0057_MEMBER_INTERIOR_01', 'ECBAIT_HOST_CONTROL_02']
  HIT SRR17883307: 1 baits >= 0.7 ['ECBAIT_HOST_CONTROL_01']
  HIT SRR17883309: 2 baits >= 0.7 ['ECBAIT_10_0002_MEMBER_INTERIOR_01', 'ECBAIT_1_0004_MEMBER_INTERIOR_01']
  HIT SRR17883308: 1 baits >= 0.7 ['ECBAIT_0_0054_MEMBER_INTERIOR_01']
  HIT SRR17883312: 2 baits >= 0.7 ['ECBAIT_10_0057_MEMBER_INTERIOR_01', 'ECBAIT_HOST_CONTROL_02']
  HIT SRR17883313: 1 baits >= 0.7 ['ECBAIT_10_0057_MEMBER_INTERIOR_01']
  HIT SRR17883318: 2 baits >= 0.7 ['ECBAIT_10_0002_MEMBER_INTERIOR_01', 'ECBAIT_10_0057_MEMBER_INTERIOR_01']
  HIT SRR17883322: 4 baits >= 0.7 ['ECBAIT_10_0002_MEMBER_INTERIOR_01', 'ECBAIT_10_0057_MEMBER_INTERIOR_01', 'ECBAIT_10_0151_JUNCTION_03', 'ECBAIT_1_0004_JUNCTION_02']
  HIT SRR17883323: 1 baits >= 0.7 ['ECBAIT_10_0057_MEMBER_INTERIOR_01']
  HIT SRR17883325: 3 baits >= 0.7 ['ECBAIT_0_0052_JUNCTION_01', 'ECBAIT_0_0052_JUNCTION_03', 'ECBAIT_10_0057_MEMBER_INTERIOR_01']
  HIT SRR17883326: 2 baits >= 0.7 ['ECBAIT_10_0057_MEMBER_INTERIOR_01', 'ECBAIT_HOST_CONTROL_02']
  HIT SRR17883327: 1 baits >= 0.7 ['ECBAIT_10_0172_MEMBER_INTERIOR_01']
  HIT SRR17883328: 4 baits >= 0.7 ['ECBAIT_0_0000_JUNCTION_02', 'ECBAIT_0_0000_MEMBER_INTERIOR_01', 'ECBAIT_10_0057_MEMBER_INTERIOR_01', 'ECBAIT_HOST_CONTROL_02']
  HIT SRR17883329: 5 baits >= 0.7 ['ECBAIT_0_0000_INTERIOR_MODULE_01', 'ECBAIT_0_0000_JUNCTION_02', 'ECBAIT_0_0000_MEMBER_INTERIOR_01', 'ECBAIT_10_0057_MEMBER_INTERIOR_01']
  HIT SRR17883333: 1 baits >= 0.7 ['ECBAIT_0_0054_MEMBER_INTERIOR_01']
  HIT SRR17883334: 2 baits >= 0.7 ['ECBAIT_10_0002_MEMBER_INTERIOR_01', 'ECBAIT_10_0057_MEMBER_INTERIOR_01']
  HIT SRR17883335: 4 baits >= 0.7 ['ECBAIT_0_0000_JUNCTION_02', 'ECBAIT_0_0000_MEMBER_INTERIOR_01', 'ECBAIT_10_0057_MEMBER_INTERIOR_01', 'ECBAIT_HOST_CONTROL_02']
  HIT SRR17883336: 1 baits >= 0.7 ['ECBAIT_10_0057_MEMBER_INTERIOR_01']
  HIT SRR17883338: 3 baits >= 0.7 ['ECBAIT_10_0057_MEMBER_INTERIOR_01', 'ECBAIT_1_0004_JUNCTION_01', 'ECBAIT_HOST_CONTROL_02']
  HIT SRR17883340: 6 baits >= 0.7 ['ECBAIT_0_0071_INTERIOR_MODULE_01', 'ECBAIT_0_0071_JUNCTION_01', 'ECBAIT_0_0071_JUNCTION_02', 'ECBAIT_0_0071_JUNCTION_03']
  HIT SRR17883341: 1 baits >= 0.7 ['ECBAIT_10_0057_MEMBER_INTERIOR_01']
  HIT SRR17883344: 1 baits >= 0.7 ['ECBAIT_HOST_CONTROL_02']
  HIT SRR17883348: 1 baits >= 0.7 ['ECBAIT_10_0057_MEMBER_INTERIOR_01']
  HIT SRR17883350: 2 baits >= 0.7 ['ECBAIT_10_0057_MEMBER_INTERIOR_01', 'ECBAIT_HOST_CONTROL_01']
  HIT SRR17883351: 2 baits >= 0.7 ['ECBAIT_0_0052_JUNCTION_03', 'ECBAIT_HOST_CONTROL_01']
  HIT SRR17883353: 2 baits >= 0.7 ['ECBAIT_0_0000_MEMBER_INTERIOR_01', 'ECBAIT_10_0057_MEMBER_INTERIOR_01']
  HIT SRR17886403: 4 baits >= 0.7 ['ECBAIT_0_0000_INTERIOR_MODULE_01', 'ECBAIT_0_0000_JUNCTION_02', 'ECBAIT_0_0000_MEMBER_INTERIOR_01', 'ECBAIT_10_0057_MEMBER_INTERIOR_01']
  HIT SRR17909485: 3 baits >= 0.7 ['ECBAIT_0_0000_JUNCTION_01', 'ECBAIT_10_0044_MEMBER_INTERIOR_01', 'ECBAIT_HOST_CONTROL_01']
  HIT SRR17909486: 3 baits >= 0.7 ['ECBAIT_0_0000_JUNCTION_01', 'ECBAIT_10_0044_MEMBER_INTERIOR_01', 'ECBAIT_HOST_CONTROL_01']
  HIT SRR17909487: 2 baits >= 0.7 ['ECBAIT_10_0002_MEMBER_INTERIOR_01', 'ECBAIT_HOST_CONTROL_01']
  HIT SRR17956781: 2 baits >= 0.7 ['ECBAIT_10_0057_MEMBER_INTERIOR_01', 'ECBAIT_HOST_CONTROL_01']
  HIT SRR17956786: 2 baits >= 0.7 ['ECBAIT_10_0057_MEMBER_INTERIOR_01', 'ECBAIT_HOST_CONTROL_01']
  HIT SRR17956799: 2 baits >= 0.7 ['ECBAIT_10_0057_MEMBER_INTERIOR_01', 'ECBAIT_HOST_CONTROL_01']
  HIT SRR17956798: 2 baits >= 0.7 ['ECBAIT_10_0057_MEMBER_INTERIOR_01', 'ECBAIT_HOST_CONTROL_01']
  HIT SRR17956802: 3 baits >= 0.7 ['ECBAIT_10_0002_MEMBER_INTERIOR_01', 'ECBAIT_10_0057_MEMBER_INTERIOR_01', 'ECBAIT_10_0172_MEMBER_INTERIOR_01']
  HIT SRR18229838: 2 baits >= 0.7 ['ECBAIT_10_0057_MEMBER_INTERIOR_01', 'ECBAIT_HOST_CONTROL_01']
  HIT SRR18299385: 2 baits >= 0.7 ['ECBAIT_HOST_CONTROL_01', 'ECBAIT_POSCON_LAMBDA_01']
  HIT SRR18335113: 3 baits >= 0.7 ['ECBAIT_10_0002_MEMBER_INTERIOR_01', 'ECBAIT_10_0172_MEMBER_INTERIOR_01', 'ECBAIT_HOST_CONTROL_02']
  6050/12000 processed (5785 screened, 4899 hit-accessions) 1869s budget=10.4GB
  HIT SRR18335112: 2 baits >= 0.7 ['ECBAIT_10_0057_MEMBER_INTERIOR_01', 'ECBAIT_HOST_CONTROL_01']
  HIT SRR18335114: 1 baits >= 0.7 ['ECBAIT_HOST_CONTROL_01']
  HIT SRR18335115: 5 baits >= 0.7 ['ECBAIT_10_0057_MEMBER_INTERIOR_01', 'ECBAIT_10_0172_MEMBER_INTERIOR_01', 'ECBAIT_1_0026_JUNCTION_01', 'ECBAIT_1_0026_MEMBER_INTERIOR_01']
  HIT SRR18335116: 3 baits >= 0.7 ['ECBAIT_0_0052_JUNCTION_03', 'ECBAIT_10_0057_MEMBER_INTERIOR_01', 'ECBAIT_HOST_CONTROL_01']
  HIT SRR18335117: 3 baits >= 0.7 ['ECBAIT_10_0002_MEMBER_INTERIOR_01', 'ECBAIT_1_0026_JUNCTION_01', 'ECBAIT_HOST_CONTROL_01']
  HIT SRR18335118: 1 baits >= 0.7 ['ECBAIT_HOST_CONTROL_01']
  HIT SRR18335121: 2 baits >= 0.7 ['ECBAIT_0_0000_JUNCTION_02', 'ECBAIT_10_0057_MEMBER_INTERIOR_01']
  HIT SRR18335122: 4 baits >= 0.7 ['ECBAIT_10_0002_MEMBER_INTERIOR_01', 'ECBAIT_10_0057_MEMBER_INTERIOR_01', 'ECBAIT_1_0026_JUNCTION_01', 'ECBAIT_HOST_CONTROL_01']
  HIT SRR18335123: 5 baits >= 0.7 ['ECBAIT_10_0057_MEMBER_INTERIOR_01', 'ECBAIT_10_0172_MEMBER_INTERIOR_01', 'ECBAIT_1_0026_JUNCTION_01', 'ECBAIT_1_0026_MEMBER_INTERIOR_01']
  HIT SRR18335124: 3 baits >= 0.7 ['ECBAIT_10_0002_JUNCTION_01', 'ECBAIT_10_0002_JUNCTION_02', 'ECBAIT_10_0057_MEMBER_INTERIOR_01']
  HIT SRR18335125: 3 baits >= 0.7 ['ECBAIT_10_0172_MEMBER_INTERIOR_01', 'ECBAIT_1_0004_JUNCTION_02', 'ECBAIT_HOST_CONTROL_01']
  HIT SRR18335126: 3 baits >= 0.7 ['ECBAIT_10_0057_MEMBER_INTERIOR_01', 'ECBAIT_10_0172_MEMBER_INTERIOR_01', 'ECBAIT_HOST_CONTROL_01']
  HIT SRR18335127: 2 baits >= 0.7 ['ECBAIT_10_0057_MEMBER_INTERIOR_01', 'ECBAIT_HOST_CONTROL_01']
  HIT SRR18335129: 3 baits >= 0.7 ['ECBAIT_10_0057_MEMBER_INTERIOR_01', 'ECBAIT_10_0172_MEMBER_INTERIOR_01', 'ECBAIT_HOST_CONTROL_02']
  HIT SRR18335128: 2 baits >= 0.7 ['ECBAIT_10_0057_MEMBER_INTERIOR_01', 'ECBAIT_10_0172_MEMBER_INTERIOR_01']
  HIT SRR18335130: 2 baits >= 0.7 ['ECBAIT_0_0014_MEMBER_INTERIOR_01', 'ECBAIT_10_0057_MEMBER_INTERIOR_01']
  HIT SRR18335131: 2 baits >= 0.7 ['ECBAIT_10_0057_MEMBER_INTERIOR_01', 'ECBAIT_HOST_CONTROL_01']
  HIT SRR18335132: 2 baits >= 0.7 ['ECBAIT_10_0002_MEMBER_INTERIOR_01', 'ECBAIT_10_0057_MEMBER_INTERIOR_01']
  HIT SRR18335133: 3 baits >= 0.7 ['ECBAIT_0_0052_JUNCTION_01', 'ECBAIT_10_0057_MEMBER_INTERIOR_01', 'ECBAIT_10_0172_MEMBER_INTERIOR_01']
  HIT SRR18335135: 2 baits >= 0.7 ['ECBAIT_10_0057_MEMBER_INTERIOR_01', 'ECBAIT_HOST_CONTROL_01']
  HIT SRR18335136: 3 baits >= 0.7 ['ECBAIT_0_0052_JUNCTION_03', 'ECBAIT_0_0054_MEMBER_INTERIOR_01', 'ECBAIT_10_0057_MEMBER_INTERIOR_01']
  HIT SRR18335138: 4 baits >= 0.7 ['ECBAIT_10_0002_JUNCTION_01', 'ECBAIT_10_0002_JUNCTION_02', 'ECBAIT_10_0002_MEMBER_INTERIOR_01', 'ECBAIT_10_0057_MEMBER_INTERIOR_01']
  HIT SRR18335139: 3 baits >= 0.7 ['ECBAIT_10_0057_MEMBER_INTERIOR_01', 'ECBAIT_10_0172_MEMBER_INTERIOR_01', 'ECBAIT_HOST_CONTROL_01']
  HIT SRR18335141: 3 baits >= 0.7 ['ECBAIT_10_0002_JUNCTION_01', 'ECBAIT_10_0002_JUNCTION_02', 'ECBAIT_HOST_CONTROL_01']
  HIT SRR18335140: 2 baits >= 0.7 ['ECBAIT_10_0057_MEMBER_INTERIOR_01', 'ECBAIT_HOST_CONTROL_01']
  HIT SRR18335142: 3 baits >= 0.7 ['ECBAIT_10_0002_JUNCTION_01', 'ECBAIT_10_0002_JUNCTION_02', 'ECBAIT_HOST_CONTROL_01']
  HIT SRR18335143: 4 baits >= 0.7 ['ECBAIT_0_0000_JUNCTION_02', 'ECBAIT_0_0000_MEMBER_INTERIOR_01', 'ECBAIT_0_0059_MEMBER_INTERIOR_01', 'ECBAIT_10_0002_MEMBER_INTERIOR_01']
  HIT SRR18335144: 4 baits >= 0.7 ['ECBAIT_10_0002_JUNCTION_01', 'ECBAIT_10_0002_JUNCTION_02', 'ECBAIT_10_0057_MEMBER_INTERIOR_01', 'ECBAIT_HOST_CONTROL_01']
  HIT SRR18335146: 1 baits >= 0.7 ['ECBAIT_0_0000_MEMBER_INTERIOR_01']
  HIT SRR18335145: 2 baits >= 0.7 ['ECBAIT_10_0057_MEMBER_INTERIOR_01', 'ECBAIT_10_0172_MEMBER_INTERIOR_01']
  HIT SRR18335147: 4 baits >= 0.7 ['ECBAIT_0_0000_JUNCTION_02', 'ECBAIT_10_0057_MEMBER_INTERIOR_01', 'ECBAIT_1_0026_JUNCTION_01', 'ECBAIT_HOST_CONTROL_01']
  HIT SRR18335149: 1 baits >= 0.7 ['ECBAIT_HOST_CONTROL_01']
  HIT SRR18335148: 1 baits >= 0.7 ['ECBAIT_HOST_CONTROL_01']
  HIT SRR18335151: 3 baits >= 0.7 ['ECBAIT_10_0057_MEMBER_INTERIOR_01', 'ECBAIT_10_0172_MEMBER_INTERIOR_01', 'ECBAIT_HOST_CONTROL_02']
  HIT SRR18335152: 1 baits >= 0.7 ['ECBAIT_0_0000_JUNCTION_02']
  HIT SRR18335154: 3 baits >= 0.7 ['ECBAIT_0_0000_JUNCTION_02', 'ECBAIT_10_0002_MEMBER_INTERIOR_01', 'ECBAIT_10_0057_MEMBER_INTERIOR_01']
  HIT SRR18335156: 2 baits >= 0.7 ['ECBAIT_10_0172_MEMBER_INTERIOR_01', 'ECBAIT_HOST_CONTROL_01']
  HIT SRR18335158: 3 baits >= 0.7 ['ECBAIT_10_0172_MEMBER_INTERIOR_01', 'ECBAIT_1_0004_JUNCTION_02', 'ECBAIT_HOST_CONTROL_01']
  HIT SRR18335157: 1 baits >= 0.7 ['ECBAIT_10_0057_MEMBER_INTERIOR_01']
  HIT SRR18335160: 1 baits >= 0.7 ['ECBAIT_HOST_CONTROL_01']
  HIT SRR18335161: 2 baits >= 0.7 ['ECBAIT_1_0026_JUNCTION_01', 'ECBAIT_HOST_CONTROL_01']
  6100/12000 processed (5834 screened, 4940 hit-accessions) 1885s budget=10.5GB
  HIT SRR18335163: 3 baits >= 0.7 ['ECBAIT_10_0057_MEMBER_INTERIOR_01', 'ECBAIT_10_0172_MEMBER_INTERIOR_01', 'ECBAIT_HOST_CONTROL_01']
  HIT SRR18335164: 2 baits >= 0.7 ['ECBAIT_10_0057_MEMBER_INTERIOR_01', 'ECBAIT_10_0172_MEMBER_INTERIOR_01']
  HIT SRR18335165: 3 baits >= 0.7 ['ECBAIT_10_0002_MEMBER_INTERIOR_01', 'ECBAIT_1_0026_JUNCTION_01', 'ECBAIT_HOST_CONTROL_01']
  HIT SRR18335166: 1 baits >= 0.7 ['ECBAIT_1_0004_JUNCTION_01']
  HIT SRR18335167: 2 baits >= 0.7 ['ECBAIT_10_0057_MEMBER_INTERIOR_01', 'ECBAIT_HOST_CONTROL_01']
  HIT SRR18335168: 3 baits >= 0.7 ['ECBAIT_0_0014_MEMBER_INTERIOR_01', 'ECBAIT_10_0057_MEMBER_INTERIOR_01', 'ECBAIT_HOST_CONTROL_01']
  HIT SRR18335169: 1 baits >= 0.7 ['ECBAIT_HOST_CONTROL_01']
  HIT SRR18439251: 3 baits >= 0.7 ['ECBAIT_10_0002_JUNCTION_01', 'ECBAIT_10_0002_JUNCTION_02', 'ECBAIT_HOST_CONTROL_01']
  HIT SRR18335170: 1 baits >= 0.7 ['ECBAIT_10_0057_MEMBER_INTERIOR_01']
  HIT SRR18439253: 1 baits >= 0.7 ['ECBAIT_HOST_CONTROL_01']
  HIT SRR18439255: 1 baits >= 0.7 ['ECBAIT_10_0057_MEMBER_INTERIOR_01']
  HIT SRR18439252: 3 baits >= 0.7 ['ECBAIT_10_0002_JUNCTION_01', 'ECBAIT_10_0002_JUNCTION_02', 'ECBAIT_HOST_CONTROL_01']
  HIT SRR18439257: 3 baits >= 0.7 ['ECBAIT_10_0002_JUNCTION_01', 'ECBAIT_10_0002_JUNCTION_02', 'ECBAIT_HOST_CONTROL_01']
  HIT SRR18439256: 1 baits >= 0.7 ['ECBAIT_10_0057_MEMBER_INTERIOR_01']
  HIT SRR18439258: 3 baits >= 0.7 ['ECBAIT_10_0002_JUNCTION_01', 'ECBAIT_10_0002_JUNCTION_02', 'ECBAIT_HOST_CONTROL_01']
  HIT SRR18439259: 1 baits >= 0.7 ['ECBAIT_HOST_CONTROL_01']
  HIT SRR18472350: 1 baits >= 0.7 ['ECBAIT_HOST_CONTROL_01']
  HIT SRR18439260: 1 baits >= 0.7 ['ECBAIT_HOST_CONTROL_01']
  HIT SRR18560465: 2 baits >= 0.7 ['ECBAIT_10_0057_MEMBER_INTERIOR_01', 'ECBAIT_10_0172_MEMBER_INTERIOR_01']
  HIT SRR18560464: 1 baits >= 0.7 ['ECBAIT_10_0172_MEMBER_INTERIOR_01']
  HIT SRR18560466: 2 baits >= 0.7 ['ECBAIT_10_0057_MEMBER_INTERIOR_01', 'ECBAIT_10_0172_MEMBER_INTERIOR_01']
  HIT SRR18560467: 1 baits >= 0.7 ['ECBAIT_10_0057_MEMBER_INTERIOR_01']
  HIT SRR18560469: 3 baits >= 0.7 ['ECBAIT_10_0002_JUNCTION_01', 'ECBAIT_10_0002_JUNCTION_02', 'ECBAIT_HOST_CONTROL_01']
  HIT SRR18560470: 2 baits >= 0.7 ['ECBAIT_0_0000_JUNCTION_02', 'ECBAIT_10_0002_MEMBER_INTERIOR_01']
  HIT SRR18560468: 3 baits >= 0.7 ['ECBAIT_10_0002_JUNCTION_01', 'ECBAIT_10_0002_JUNCTION_02', 'ECBAIT_HOST_CONTROL_01']
  HIT SRR18560471: 2 baits >= 0.7 ['ECBAIT_10_0057_MEMBER_INTERIOR_01', 'ECBAIT_10_0172_MEMBER_INTERIOR_01']
  HIT SRR18560473: 2 baits >= 0.7 ['ECBAIT_10_0057_MEMBER_INTERIOR_01', 'ECBAIT_10_0172_MEMBER_INTERIOR_01']
  HIT SRR18560472: 1 baits >= 0.7 ['ECBAIT_HOST_CONTROL_02']
  HIT SRR18560474: 3 baits >= 0.7 ['ECBAIT_10_0002_JUNCTION_01', 'ECBAIT_10_0002_JUNCTION_02', 'ECBAIT_HOST_CONTROL_01']
  HIT SRR18560475: 3 baits >= 0.7 ['ECBAIT_10_0002_JUNCTION_01', 'ECBAIT_10_0002_JUNCTION_02', 'ECBAIT_HOST_CONTROL_01']
  HIT SRR18560477: 3 baits >= 0.7 ['ECBAIT_10_0002_JUNCTION_01', 'ECBAIT_10_0002_JUNCTION_02', 'ECBAIT_HOST_CONTROL_01']
  HIT SRR18560476: 3 baits >= 0.7 ['ECBAIT_10_0002_JUNCTION_01', 'ECBAIT_10_0002_JUNCTION_02', 'ECBAIT_HOST_CONTROL_01']
  HIT SRR18560478: 3 baits >= 0.7 ['ECBAIT_10_0002_JUNCTION_01', 'ECBAIT_10_0002_JUNCTION_02', 'ECBAIT_HOST_CONTROL_01']
  HIT SRR18560479: 3 baits >= 0.7 ['ECBAIT_10_0002_JUNCTION_01', 'ECBAIT_10_0002_JUNCTION_02', 'ECBAIT_HOST_CONTROL_01']
  HIT SRR18560481: 3 baits >= 0.7 ['ECBAIT_10_0002_JUNCTION_01', 'ECBAIT_10_0002_JUNCTION_02', 'ECBAIT_HOST_CONTROL_01']
  HIT SRR18560480: 2 baits >= 0.7 ['ECBAIT_10_0057_MEMBER_INTERIOR_01', 'ECBAIT_10_0172_MEMBER_INTERIOR_01']
  HIT SRR18560482: 3 baits >= 0.7 ['ECBAIT_10_0002_JUNCTION_01', 'ECBAIT_10_0002_JUNCTION_02', 'ECBAIT_HOST_CONTROL_01']
  HIT SRR18560483: 4 baits >= 0.7 ['ECBAIT_10_0002_JUNCTION_01', 'ECBAIT_10_0002_JUNCTION_02', 'ECBAIT_10_0057_MEMBER_INTERIOR_01', 'ECBAIT_HOST_CONTROL_01']
  HIT SRR18560485: 2 baits >= 0.7 ['ECBAIT_10_0002_JUNCTION_01', 'ECBAIT_HOST_CONTROL_01']
  HIT SRR18560484: 2 baits >= 0.7 ['ECBAIT_10_0057_MEMBER_INTERIOR_01', 'ECBAIT_HOST_CONTROL_01']
  HIT SRR18560486: 2 baits >= 0.7 ['ECBAIT_10_0057_MEMBER_INTERIOR_01', 'ECBAIT_10_0172_MEMBER_INTERIOR_01']
  HIT SRR18560487: 3 baits >= 0.7 ['ECBAIT_10_0002_JUNCTION_01', 'ECBAIT_10_0002_JUNCTION_02', 'ECBAIT_HOST_CONTROL_01']
  HIT SRR18560489: 3 baits >= 0.7 ['ECBAIT_10_0002_JUNCTION_01', 'ECBAIT_10_0002_JUNCTION_02', 'ECBAIT_HOST_CONTROL_01']
  HIT SRR18560488: 3 baits >= 0.7 ['ECBAIT_0_0091_JUNCTION_02', 'ECBAIT_0_0091_MEMBER_INTERIOR_01', 'ECBAIT_10_0057_MEMBER_INTERIOR_01']
  HIT SRR18560490: 4 baits >= 0.7 ['ECBAIT_10_0002_JUNCTION_01', 'ECBAIT_10_0002_JUNCTION_02', 'ECBAIT_10_0057_MEMBER_INTERIOR_01', 'ECBAIT_HOST_CONTROL_01']
  HIT SRR18560491: 2 baits >= 0.7 ['ECBAIT_10_0057_MEMBER_INTERIOR_01', 'ECBAIT_10_0172_MEMBER_INTERIOR_01']
  6150/12000 processed (5884 screened, 4986 hit-accessions) 1902s budget=10.6GB
  HIT SRR18560492: 3 baits >= 0.7 ['ECBAIT_10_0002_JUNCTION_01', 'ECBAIT_10_0002_JUNCTION_02', 'ECBAIT_HOST_CONTROL_01']
  HIT SRR18579072: 1 baits >= 0.7 ['ECBAIT_HOST_CONTROL_01']
  HIT SRR18579074: 1 baits >= 0.7 ['ECBAIT_HOST_CONTROL_01']
  HIT SRR18579073: 1 baits >= 0.7 ['ECBAIT_HOST_CONTROL_01']
  HIT SRR18579075: 1 baits >= 0.7 ['ECBAIT_HOST_CONTROL_01']
  HIT SRR18579077: 1 baits >= 0.7 ['ECBAIT_HOST_CONTROL_01']
  HIT SRR18579076: 1 baits >= 0.7 ['ECBAIT_HOST_CONTROL_01']
  HIT SRR18579082: 1 baits >= 0.7 ['ECBAIT_HOST_CONTROL_01']
  HIT SRR18579081: 1 baits >= 0.7 ['ECBAIT_HOST_CONTROL_01']
  HIT SRR18579080: 1 baits >= 0.7 ['ECBAIT_HOST_CONTROL_01']
  HIT SRR18579083: 1 baits >= 0.7 ['ECBAIT_HOST_CONTROL_01']
  HIT SRR18579084: 1 baits >= 0.7 ['ECBAIT_HOST_CONTROL_01']
  HIT SRR18579085: 1 baits >= 0.7 ['ECBAIT_HOST_CONTROL_01']
  HIT SRR18579086: 1 baits >= 0.7 ['ECBAIT_HOST_CONTROL_01']
  HIT SRR18579087: 1 baits >= 0.7 ['ECBAIT_HOST_CONTROL_01']
  HIT SRR18579088: 1 baits >= 0.7 ['ECBAIT_HOST_CONTROL_01']
  HIT SRR18579089: 1 baits >= 0.7 ['ECBAIT_HOST_CONTROL_01']
  HIT SRR18579090: 1 baits >= 0.7 ['ECBAIT_HOST_CONTROL_01']
  HIT SRR18579091: 1 baits >= 0.7 ['ECBAIT_HOST_CONTROL_01']
  HIT SRR18579092: 1 baits >= 0.7 ['ECBAIT_HOST_CONTROL_01']
  HIT SRR18579093: 1 baits >= 0.7 ['ECBAIT_HOST_CONTROL_01']
  HIT SRR18579094: 1 baits >= 0.7 ['ECBAIT_HOST_CONTROL_01']
  HIT SRR18579095: 1 baits >= 0.7 ['ECBAIT_HOST_CONTROL_01']
  HIT SRR18579097: 1 baits >= 0.7 ['ECBAIT_HOST_CONTROL_01']
  HIT SRR18579096: 1 baits >= 0.7 ['ECBAIT_HOST_CONTROL_01']
  HIT SRR18579098: 1 baits >= 0.7 ['ECBAIT_HOST_CONTROL_01']
  HIT SRR18579099: 1 baits >= 0.7 ['ECBAIT_HOST_CONTROL_01']
  HIT SRR18579101: 1 baits >= 0.7 ['ECBAIT_HOST_CONTROL_01']
  HIT SRR18579100: 1 baits >= 0.7 ['ECBAIT_HOST_CONTROL_01']
  HIT SRR18579102: 1 baits >= 0.7 ['ECBAIT_HOST_CONTROL_01']
  HIT SRR18579103: 1 baits >= 0.7 ['ECBAIT_HOST_CONTROL_01']
  HIT SRR18592170: 2 baits >= 0.7 ['ECBAIT_10_0057_MEMBER_INTERIOR_01', 'ECBAIT_10_0172_MEMBER_INTERIOR_01']
  HIT SRR18592169: 2 baits >= 0.7 ['ECBAIT_10_0172_MEMBER_INTERIOR_01', 'ECBAIT_HOST_CONTROL_01']
  HIT SRR18592171: 4 baits >= 0.7 ['ECBAIT_10_0002_JUNCTION_01', 'ECBAIT_10_0002_JUNCTION_02', 'ECBAIT_10_0057_MEMBER_INTERIOR_01', 'ECBAIT_HOST_CONTROL_01']
  HIT SRR18689084: 1 baits >= 0.7 ['ECBAIT_10_0057_MEMBER_INTERIOR_01']
  HIT SRR18689092: 1 baits >= 0.7 ['ECBAIT_HOST_CONTROL_02']
  HIT SRR18689097: 3 baits >= 0.7 ['ECBAIT_10_0057_MEMBER_INTERIOR_01', 'ECBAIT_1_0022_JUNCTION_03', 'ECBAIT_HOST_CONTROL_02']
  HIT SRR18748588: 1 baits >= 0.7 ['ECBAIT_10_0057_MEMBER_INTERIOR_01']
  HIT SRR18847748: 1 baits >= 0.7 ['ECBAIT_10_0057_MEMBER_INTERIOR_01']
  HIT SRR18847753: 2 baits >= 0.7 ['ECBAIT_10_0002_MEMBER_INTERIOR_01', 'ECBAIT_10_0057_MEMBER_INTERIOR_01']
  HIT SRR18847756: 2 baits >= 0.7 ['ECBAIT_0_0054_MEMBER_INTERIOR_01', 'ECBAIT_10_0057_MEMBER_INTERIOR_01']
  HIT SRR18847757: 2 baits >= 0.7 ['ECBAIT_10_0172_MEMBER_INTERIOR_01', 'ECBAIT_HOST_CONTROL_02']
  HIT SRR18847849: 2 baits >= 0.7 ['ECBAIT_10_0057_MEMBER_INTERIOR_01', 'ECBAIT_10_0172_MEMBER_INTERIOR_01']
  HIT SRR18847870: 3 baits >= 0.7 ['ECBAIT_10_0002_MEMBER_INTERIOR_01', 'ECBAIT_10_0057_MEMBER_INTERIOR_01', 'ECBAIT_10_0172_MEMBER_INTERIOR_01']
  HIT SRR18847874: 1 baits >= 0.7 ['ECBAIT_10_0057_MEMBER_INTERIOR_01']
  HIT SRR18847878: 2 baits >= 0.7 ['ECBAIT_10_0002_MEMBER_INTERIOR_01', 'ECBAIT_10_0057_MEMBER_INTERIOR_01']
  6200/12000 processed (5934 screened, 5032 hit-accessions) 1918s budget=10.7GB
  HIT SRR18849467: 2 baits >= 0.7 ['ECBAIT_10_0002_MEMBER_INTERIOR_01', 'ECBAIT_10_0057_MEMBER_INTERIOR_01']
  HIT SRR18849498: 1 baits >= 0.7 ['ECBAIT_HOST_CONTROL_01']
  HIT SRR18856269: 2 baits >= 0.7 ['ECBAIT_10_0002_MEMBER_INTERIOR_01', 'ECBAIT_10_0057_MEMBER_INTERIOR_01']
  HIT SRR18856273: 1 baits >= 0.7 ['ECBAIT_10_0057_MEMBER_INTERIOR_01']
  HIT SRR18918225: 2 baits >= 0.7 ['ECBAIT_10_0002_MEMBER_INTERIOR_01', 'ECBAIT_10_0057_MEMBER_INTERIOR_01']
  HIT SRR18918232: 2 baits >= 0.7 ['ECBAIT_10_0057_MEMBER_INTERIOR_01', 'ECBAIT_HOST_CONTROL_02']
  HIT SRR18919286: 2 baits >= 0.7 ['ECBAIT_10_0057_MEMBER_INTERIOR_01', 'ECBAIT_10_0172_MEMBER_INTERIOR_01']
  HIT SRR18919314: 2 baits >= 0.7 ['ECBAIT_10_0002_MEMBER_INTERIOR_01', 'ECBAIT_10_0057_MEMBER_INTERIOR_01']
  HIT SRR18919477: 1 baits >= 0.7 ['ECBAIT_10_0057_MEMBER_INTERIOR_01']
  HIT SRR18969926: 1 baits >= 0.7 ['ECBAIT_HOST_CONTROL_02']
  HIT SRR19008429: 2 baits >= 0.7 ['ECBAIT_10_0057_MEMBER_INTERIOR_01', 'ECBAIT_HOST_CONTROL_01']
  HIT SRR19008435: 1 baits >= 0.7 ['ECBAIT_HOST_CONTROL_01']
  HIT SRR19008436: 2 baits >= 0.7 ['ECBAIT_0_0052_JUNCTION_03', 'ECBAIT_10_0057_MEMBER_INTERIOR_01']
  HIT SRR19008437: 2 baits >= 0.7 ['ECBAIT_0_0052_JUNCTION_03', 'ECBAIT_10_0057_MEMBER_INTERIOR_01']
  HIT SRR19008438: 3 baits >= 0.7 ['ECBAIT_10_0057_MEMBER_INTERIOR_01', 'ECBAIT_1_0026_MEMBER_INTERIOR_01', 'ECBAIT_HOST_CONTROL_01']
  HIT SRR19044076: 1 baits >= 0.7 ['ECBAIT_10_0057_MEMBER_INTERIOR_01']
  HIT SRR19044072: 3 baits >= 0.7 ['ECBAIT_10_0002_MEMBER_INTERIOR_01', 'ECBAIT_10_0057_MEMBER_INTERIOR_01', 'ECBAIT_10_0172_MEMBER_INTERIOR_01']
  HIT SRR19046483: 3 baits >= 0.7 ['ECBAIT_10_0002_MEMBER_INTERIOR_01', 'ECBAIT_10_0057_MEMBER_INTERIOR_01', 'ECBAIT_10_0172_MEMBER_INTERIOR_01']
  HIT SRR19046484: 1 baits >= 0.7 ['ECBAIT_HOST_CONTROL_02']
  HIT SRR19046490: 2 baits >= 0.7 ['ECBAIT_0_0054_MEMBER_INTERIOR_01', 'ECBAIT_10_0057_MEMBER_INTERIOR_01']
  HIT SRR19090809: 2 baits >= 0.7 ['ECBAIT_0_0054_MEMBER_INTERIOR_01', 'ECBAIT_10_0057_MEMBER_INTERIOR_01']
  HIT SRR19091381: 2 baits >= 0.7 ['ECBAIT_10_0002_MEMBER_INTERIOR_01', 'ECBAIT_10_0057_MEMBER_INTERIOR_01']
  HIT SRR19091033: 2 baits >= 0.7 ['ECBAIT_1_0004_JUNCTION_01', 'ECBAIT_HOST_CONTROL_01']
  HIT SRR19115580: 1 baits >= 0.7 ['ECBAIT_HOST_CONTROL_01']
  HIT SRR19115582: 2 baits >= 0.7 ['ECBAIT_10_0002_MEMBER_INTERIOR_01', 'ECBAIT_10_0057_MEMBER_INTERIOR_01']
  HIT SRR19115589: 1 baits >= 0.7 ['ECBAIT_0_0000_JUNCTION_02']
  HIT SRR19115584: 2 baits >= 0.7 ['ECBAIT_10_0002_MEMBER_INTERIOR_01', 'ECBAIT_10_0057_MEMBER_INTERIOR_01']
  HIT SRR19115594: 2 baits >= 0.7 ['ECBAIT_10_0002_MEMBER_INTERIOR_01', 'ECBAIT_10_0057_MEMBER_INTERIOR_01']
  HIT SRR19115606: 2 baits >= 0.7 ['ECBAIT_10_0057_MEMBER_INTERIOR_01', 'ECBAIT_HOST_CONTROL_01']
  HIT SRR19115626: 4 baits >= 0.7 ['ECBAIT_0_0000_INTERIOR_MODULE_01', 'ECBAIT_0_0000_JUNCTION_02', 'ECBAIT_0_0000_MEMBER_INTERIOR_01', 'ECBAIT_0_0054_MEMBER_INTERIOR_01']
  HIT SRR19115625: 1 baits >= 0.7 ['ECBAIT_HOST_CONTROL_01']
  HIT SRR19158420: 2 baits >= 0.7 ['ECBAIT_10_0057_MEMBER_INTERIOR_01', 'ECBAIT_HOST_CONTROL_01']
  HIT SRR19158423: 3 baits >= 0.7 ['ECBAIT_10_0002_JUNCTION_01', 'ECBAIT_10_0002_JUNCTION_02', 'ECBAIT_10_0057_MEMBER_INTERIOR_01']
  HIT SRR19165470: 3 baits >= 0.7 ['ECBAIT_10_0057_MEMBER_INTERIOR_01', 'ECBAIT_10_0172_MEMBER_INTERIOR_01', 'ECBAIT_HOST_CONTROL_01']
  HIT SRR19165471: 1 baits >= 0.7 ['ECBAIT_10_0057_MEMBER_INTERIOR_01']
  HIT SRR19165476: 4 baits >= 0.7 ['ECBAIT_10_0002_JUNCTION_01', 'ECBAIT_10_0002_MEMBER_INTERIOR_01', 'ECBAIT_10_0057_MEMBER_INTERIOR_01', 'ECBAIT_10_0172_MEMBER_INTERIOR_01']
  HIT SRR19165483: 2 baits >= 0.7 ['ECBAIT_10_0002_MEMBER_INTERIOR_01', 'ECBAIT_10_0057_MEMBER_INTERIOR_01']
  HIT SRR19165477: 4 baits >= 0.7 ['ECBAIT_10_0002_JUNCTION_01', 'ECBAIT_10_0002_JUNCTION_02', 'ECBAIT_10_0057_MEMBER_INTERIOR_01', 'ECBAIT_HOST_CONTROL_01']
  HIT SRR19165487: 2 baits >= 0.7 ['ECBAIT_10_0057_MEMBER_INTERIOR_01', 'ECBAIT_HOST_CONTROL_01']
  HIT SRR19165488: 2 baits >= 0.7 ['ECBAIT_10_0057_MEMBER_INTERIOR_01', 'ECBAIT_HOST_CONTROL_01']
  6250/12000 processed (5984 screened, 5072 hit-accessions) 1934s budget=10.8GB
  HIT SRR19165496: 3 baits >= 0.7 ['ECBAIT_10_0057_MEMBER_INTERIOR_01', 'ECBAIT_10_0172_MEMBER_INTERIOR_01', 'ECBAIT_1_0004_JUNCTION_01']
  HIT SRR19165491: 2 baits >= 0.7 ['ECBAIT_10_0057_MEMBER_INTERIOR_01', 'ECBAIT_HOST_CONTROL_01']
  HIT SRR19165498: 2 baits >= 0.7 ['ECBAIT_10_0057_MEMBER_INTERIOR_01', 'ECBAIT_HOST_CONTROL_01']
  HIT SRR19165500: 4 baits >= 0.7 ['ECBAIT_0_0091_JUNCTION_02', 'ECBAIT_0_0091_MEMBER_INTERIOR_01', 'ECBAIT_10_0057_MEMBER_INTERIOR_01', 'ECBAIT_1_0004_JUNCTION_01']
  HIT SRR19165501: 3 baits >= 0.7 ['ECBAIT_10_0002_MEMBER_INTERIOR_01', 'ECBAIT_10_0057_MEMBER_INTERIOR_01', 'ECBAIT_10_0172_MEMBER_INTERIOR_01']
  HIT SRR19165504: 3 baits >= 0.7 ['ECBAIT_0_0000_JUNCTION_02', 'ECBAIT_10_0057_MEMBER_INTERIOR_01', 'ECBAIT_HOST_CONTROL_01']
  HIT SRR19165505: 3 baits >= 0.7 ['ECBAIT_0_0000_JUNCTION_02', 'ECBAIT_10_0057_MEMBER_INTERIOR_01', 'ECBAIT_HOST_CONTROL_01']
  HIT SRR19165523: 2 baits >= 0.7 ['ECBAIT_10_0057_MEMBER_INTERIOR_01', 'ECBAIT_10_0172_MEMBER_INTERIOR_01']
  HIT SRR19165521: 1 baits >= 0.7 ['ECBAIT_HOST_CONTROL_01']
  HIT SRR19165529: 2 baits >= 0.7 ['ECBAIT_10_0057_MEMBER_INTERIOR_01', 'ECBAIT_HOST_CONTROL_01']
  HIT SRR19165532: 4 baits >= 0.7 ['ECBAIT_0_0000_JUNCTION_02', 'ECBAIT_10_0057_MEMBER_INTERIOR_01', 'ECBAIT_10_0172_MEMBER_INTERIOR_01', 'ECBAIT_HOST_CONTROL_01']
  HIT SRR19165534: 2 baits >= 0.7 ['ECBAIT_10_0057_MEMBER_INTERIOR_01', 'ECBAIT_10_0172_MEMBER_INTERIOR_01']
  HIT SRR19165535: 2 baits >= 0.7 ['ECBAIT_10_0057_MEMBER_INTERIOR_01', 'ECBAIT_10_0172_MEMBER_INTERIOR_01']
  HIT SRR19165537: 4 baits >= 0.7 ['ECBAIT_10_0002_JUNCTION_01', 'ECBAIT_10_0002_JUNCTION_02', 'ECBAIT_10_0057_MEMBER_INTERIOR_01', 'ECBAIT_HOST_CONTROL_01']
  HIT SRR19165544: 1 baits >= 0.7 ['ECBAIT_HOST_CONTROL_01']
  HIT SRR19165545: 2 baits >= 0.7 ['ECBAIT_10_0002_MEMBER_INTERIOR_01', 'ECBAIT_10_0057_MEMBER_INTERIOR_01']
  HIT SRR19165549: 3 baits >= 0.7 ['ECBAIT_10_0057_MEMBER_INTERIOR_01', 'ECBAIT_10_0172_MEMBER_INTERIOR_01', 'ECBAIT_HOST_CONTROL_01']
  HIT SRR19165548: 2 baits >= 0.7 ['ECBAIT_10_0057_MEMBER_INTERIOR_01', 'ECBAIT_10_0172_MEMBER_INTERIOR_01']
  HIT SRR19165551: 2 baits >= 0.7 ['ECBAIT_10_0057_MEMBER_INTERIOR_01', 'ECBAIT_10_0172_MEMBER_INTERIOR_01']
  HIT SRR19165552: 3 baits >= 0.7 ['ECBAIT_10_0002_JUNCTION_01', 'ECBAIT_10_0002_JUNCTION_02', 'ECBAIT_HOST_CONTROL_01']
  HIT SRR19165553: 2 baits >= 0.7 ['ECBAIT_10_0057_MEMBER_INTERIOR_01', 'ECBAIT_HOST_CONTROL_01']
  HIT SRR19165560: 1 baits >= 0.7 ['ECBAIT_10_0057_MEMBER_INTERIOR_01']
  HIT SRR19165564: 3 baits >= 0.7 ['ECBAIT_10_0057_MEMBER_INTERIOR_01', 'ECBAIT_10_0172_MEMBER_INTERIOR_01', 'ECBAIT_HOST_CONTROL_01']
  HIT SRR19165567: 3 baits >= 0.7 ['ECBAIT_10_0057_MEMBER_INTERIOR_01', 'ECBAIT_10_0172_MEMBER_INTERIOR_01', 'ECBAIT_HOST_CONTROL_01']
  HIT SRR19165570: 1 baits >= 0.7 ['ECBAIT_HOST_CONTROL_01']
  HIT SRR19165572: 2 baits >= 0.7 ['ECBAIT_10_0002_MEMBER_INTERIOR_01', 'ECBAIT_10_0057_MEMBER_INTERIOR_01']
  HIT SRR19165581: 2 baits >= 0.7 ['ECBAIT_10_0002_JUNCTION_01', 'ECBAIT_HOST_CONTROL_01']
  HIT SRR19165585: 2 baits >= 0.7 ['ECBAIT_10_0057_MEMBER_INTERIOR_01', 'ECBAIT_HOST_CONTROL_01']
  HIT SRR19165589: 4 baits >= 0.7 ['ECBAIT_10_0002_JUNCTION_01', 'ECBAIT_10_0002_JUNCTION_02', 'ECBAIT_10_0057_MEMBER_INTERIOR_01', 'ECBAIT_HOST_CONTROL_01']
  HIT SRR19165766: 2 baits >= 0.7 ['ECBAIT_10_0002_JUNCTION_01', 'ECBAIT_HOST_CONTROL_01']
  HIT SRR19165770: 2 baits >= 0.7 ['ECBAIT_10_0002_MEMBER_INTERIOR_01', 'ECBAIT_10_0057_MEMBER_INTERIOR_01']
  HIT SRR19165771: 1 baits >= 0.7 ['ECBAIT_10_0057_MEMBER_INTERIOR_01']
  HIT SRR19165774: 3 baits >= 0.7 ['ECBAIT_10_0002_MEMBER_INTERIOR_01', 'ECBAIT_10_0057_MEMBER_INTERIOR_01', 'ECBAIT_10_0172_MEMBER_INTERIOR_01']
  HIT SRR19165775: 4 baits >= 0.7 ['ECBAIT_10_0002_JUNCTION_01', 'ECBAIT_10_0002_MEMBER_INTERIOR_01', 'ECBAIT_10_0057_MEMBER_INTERIOR_01', 'ECBAIT_10_0172_MEMBER_INTERIOR_01']
  HIT SRR19165777: 2 baits >= 0.7 ['ECBAIT_10_0057_MEMBER_INTERIOR_01', 'ECBAIT_10_0172_MEMBER_INTERIOR_01']
  HIT SRR19165780: 2 baits >= 0.7 ['ECBAIT_10_0002_MEMBER_INTERIOR_01', 'ECBAIT_10_0057_MEMBER_INTERIOR_01']
  HIT SRR19165783: 2 baits >= 0.7 ['ECBAIT_10_0057_MEMBER_INTERIOR_01', 'ECBAIT_10_0172_MEMBER_INTERIOR_01']
  HIT SRR19165785: 1 baits >= 0.7 ['ECBAIT_10_0172_MEMBER_INTERIOR_01']
  HIT SRR19165786: 1 baits >= 0.7 ['ECBAIT_10_0057_MEMBER_INTERIOR_01']
  HIT SRR19165792: 1 baits >= 0.7 ['ECBAIT_HOST_CONTROL_01']
  HIT SRR19165793: 2 baits >= 0.7 ['ECBAIT_10_0002_JUNCTION_02', 'ECBAIT_HOST_CONTROL_01']
  HIT SRR19165795: 2 baits >= 0.7 ['ECBAIT_10_0057_MEMBER_INTERIOR_01', 'ECBAIT_HOST_CONTROL_01']
  HIT SRR19165796: 3 baits >= 0.7 ['ECBAIT_10_0002_JUNCTION_01', 'ECBAIT_10_0002_JUNCTION_02', 'ECBAIT_HOST_CONTROL_01']
  HIT SRR19165797: 1 baits >= 0.7 ['ECBAIT_10_0057_MEMBER_INTERIOR_01']
  HIT SRR19165808: 2 baits >= 0.7 ['ECBAIT_10_0057_MEMBER_INTERIOR_01', 'ECBAIT_HOST_CONTROL_01']
  HIT SRR19165809: 1 baits >= 0.7 ['ECBAIT_HOST_CONTROL_01']
  HIT SRR19165815: 2 baits >= 0.7 ['ECBAIT_10_0057_MEMBER_INTERIOR_01', 'ECBAIT_10_0172_MEMBER_INTERIOR_01']
  6300/12000 processed (6033 screened, 5119 hit-accessions) 1950s budget=10.9GB
  HIT SRR19165820: 3 baits >= 0.7 ['ECBAIT_10_0057_MEMBER_INTERIOR_01', 'ECBAIT_10_0172_MEMBER_INTERIOR_01', 'ECBAIT_1_0004_JUNCTION_01']
  HIT SRR19165822: 2 baits >= 0.7 ['ECBAIT_10_0057_MEMBER_INTERIOR_01', 'ECBAIT_HOST_CONTROL_01']
  HIT SRR19165829: 4 baits >= 0.7 ['ECBAIT_10_0002_JUNCTION_01', 'ECBAIT_10_0002_JUNCTION_02', 'ECBAIT_10_0057_MEMBER_INTERIOR_01', 'ECBAIT_HOST_CONTROL_01']
  HIT SRR19330023: 1 baits >= 0.7 ['ECBAIT_HOST_CONTROL_02']
  HIT SRR19330026: 1 baits >= 0.7 ['ECBAIT_HOST_CONTROL_02']
  HIT SRR19330027: 1 baits >= 0.7 ['ECBAIT_HOST_CONTROL_02']
  HIT SRR19330031: 1 baits >= 0.7 ['ECBAIT_HOST_CONTROL_02']
  HIT SRR19330035: 1 baits >= 0.7 ['ECBAIT_HOST_CONTROL_02']
  HIT SRR19330040: 1 baits >= 0.7 ['ECBAIT_HOST_CONTROL_02']
  HIT SRR19330039: 1 baits >= 0.7 ['ECBAIT_HOST_CONTROL_02']
  HIT SRR19330046: 1 baits >= 0.7 ['ECBAIT_HOST_CONTROL_02']
  HIT SRR19330048: 1 baits >= 0.7 ['ECBAIT_HOST_CONTROL_02']
  HIT SRR19330055: 1 baits >= 0.7 ['ECBAIT_HOST_CONTROL_02']
  HIT SRR19330052: 1 baits >= 0.7 ['ECBAIT_HOST_CONTROL_02']
  HIT SRR19330056: 1 baits >= 0.7 ['ECBAIT_HOST_CONTROL_02']
  HIT SRR19330060: 1 baits >= 0.7 ['ECBAIT_HOST_CONTROL_02']
  HIT SRR19330061: 1 baits >= 0.7 ['ECBAIT_HOST_CONTROL_02']
  HIT SRR19330062: 1 baits >= 0.7 ['ECBAIT_HOST_CONTROL_02']
  HIT SRR19369807: 2 baits >= 0.7 ['ECBAIT_10_0057_MEMBER_INTERIOR_01', 'ECBAIT_HOST_CONTROL_02']
  HIT SRR19369825: 2 baits >= 0.7 ['ECBAIT_10_0002_MEMBER_INTERIOR_01', 'ECBAIT_10_0057_MEMBER_INTERIOR_01']
  HIT SRR19369840: 1 baits >= 0.7 ['ECBAIT_1_0004_JUNCTION_01']
  HIT SRR19369830: 2 baits >= 0.7 ['ECBAIT_1_0004_JUNCTION_01', 'ECBAIT_HOST_CONTROL_01']
  HIT SRR19369853: 3 baits >= 0.7 ['ECBAIT_10_0057_MEMBER_INTERIOR_01', 'ECBAIT_10_0172_MEMBER_INTERIOR_01', 'ECBAIT_HOST_CONTROL_01']
  HIT SRR19369849: 3 baits >= 0.7 ['ECBAIT_10_0002_JUNCTION_01', 'ECBAIT_10_0002_JUNCTION_02', 'ECBAIT_10_0057_MEMBER_INTERIOR_01']
  HIT SRR19370163: 3 baits >= 0.7 ['ECBAIT_10_0002_JUNCTION_01', 'ECBAIT_10_0002_JUNCTION_02', 'ECBAIT_HOST_CONTROL_01']
  HIT SRR19370174: 3 baits >= 0.7 ['ECBAIT_10_0002_MEMBER_INTERIOR_01', 'ECBAIT_10_0057_MEMBER_INTERIOR_01', 'ECBAIT_10_0172_MEMBER_INTERIOR_01']
  HIT SRR19370175: 2 baits >= 0.7 ['ECBAIT_10_0002_MEMBER_INTERIOR_01', 'ECBAIT_10_0057_MEMBER_INTERIOR_01']
  HIT SRR19370217: 3 baits >= 0.7 ['ECBAIT_10_0002_MEMBER_INTERIOR_01', 'ECBAIT_10_0057_MEMBER_INTERIOR_01', 'ECBAIT_10_0172_MEMBER_INTERIOR_01']
  HIT SRR19370179: 1 baits >= 0.7 ['ECBAIT_1_0004_JUNCTION_01']
  HIT SRR19370219: 3 baits >= 0.7 ['ECBAIT_10_0002_MEMBER_INTERIOR_01', 'ECBAIT_10_0057_MEMBER_INTERIOR_01', 'ECBAIT_10_0172_MEMBER_INTERIOR_01']
  HIT SRR19370240: 1 baits >= 0.7 ['ECBAIT_10_0057_MEMBER_INTERIOR_01']
  HIT SRR19370230: 3 baits >= 0.7 ['ECBAIT_10_0002_MEMBER_INTERIOR_01', 'ECBAIT_10_0057_MEMBER_INTERIOR_01', 'ECBAIT_10_0172_MEMBER_INTERIOR_01']
  HIT SRR19370551: 1 baits >= 0.7 ['ECBAIT_HOST_CONTROL_01']
  HIT SRR19370555: 3 baits >= 0.7 ['ECBAIT_10_0002_MEMBER_INTERIOR_01', 'ECBAIT_10_0057_MEMBER_INTERIOR_01', 'ECBAIT_10_0172_MEMBER_INTERIOR_01']
  HIT SRR19370560: 2 baits >= 0.7 ['ECBAIT_10_0057_MEMBER_INTERIOR_01', 'ECBAIT_HOST_CONTROL_01']
  HIT SRR19370556: 3 baits >= 0.7 ['ECBAIT_10_0002_MEMBER_INTERIOR_01', 'ECBAIT_10_0057_MEMBER_INTERIOR_01', 'ECBAIT_10_0172_MEMBER_INTERIOR_01']
  HIT SRR19370572: 1 baits >= 0.7 ['ECBAIT_10_0057_MEMBER_INTERIOR_01']
  HIT SRR19370577: 2 baits >= 0.7 ['ECBAIT_10_0057_MEMBER_INTERIOR_01', 'ECBAIT_HOST_CONTROL_02']
  HIT SRR19370576: 3 baits >= 0.7 ['ECBAIT_10_0002_MEMBER_INTERIOR_01', 'ECBAIT_10_0057_MEMBER_INTERIOR_01', 'ECBAIT_10_0172_MEMBER_INTERIOR_01']
  HIT SRR19412715: 2 baits >= 0.7 ['ECBAIT_0_0067_MEMBER_INTERIOR_01', 'ECBAIT_HOST_CONTROL_01']
  HIT SRR19412716: 2 baits >= 0.7 ['ECBAIT_0_0067_MEMBER_INTERIOR_01', 'ECBAIT_HOST_CONTROL_01']
  HIT SRR19412717: 1 baits >= 0.7 ['ECBAIT_HOST_CONTROL_01']
  HIT SRR19412719: 1 baits >= 0.7 ['ECBAIT_HOST_CONTROL_01']
  HIT SRR19412718: 1 baits >= 0.7 ['ECBAIT_HOST_CONTROL_01']
  HIT SRR19412720: 1 baits >= 0.7 ['ECBAIT_HOST_CONTROL_01']
  HIT SRR19412721: 1 baits >= 0.7 ['ECBAIT_HOST_CONTROL_01']
  HIT SRR19412722: 1 baits >= 0.7 ['ECBAIT_HOST_CONTROL_01']
  HIT SRR19412723: 1 baits >= 0.7 ['ECBAIT_HOST_CONTROL_01']
  6350/12000 processed (6083 screened, 5167 hit-accessions) 1966s budget=11.0GB
  HIT SRR19412724: 1 baits >= 0.7 ['ECBAIT_HOST_CONTROL_01']
  HIT SRR19412725: 1 baits >= 0.7 ['ECBAIT_HOST_CONTROL_01']
  HIT SRR19412726: 1 baits >= 0.7 ['ECBAIT_HOST_CONTROL_01']
  HIT SRR19412728: 1 baits >= 0.7 ['ECBAIT_HOST_CONTROL_01']
  HIT SRR19412727: 1 baits >= 0.7 ['ECBAIT_HOST_CONTROL_01']
  HIT SRR19412729: 1 baits >= 0.7 ['ECBAIT_HOST_CONTROL_01']
  HIT SRR19412730: 1 baits >= 0.7 ['ECBAIT_HOST_CONTROL_01']
  HIT SRR19429160: 5 baits >= 0.7 ['ECBAIT_0_0000_JUNCTION_02', 'ECBAIT_0_0059_JUNCTION_01', 'ECBAIT_0_0059_JUNCTION_02', 'ECBAIT_0_0059_MEMBER_INTERIOR_01']
  HIT SRR19450127: 2 baits >= 0.7 ['ECBAIT_10_0057_MEMBER_INTERIOR_01', 'ECBAIT_10_0172_MEMBER_INTERIOR_01']
  HIT SRR19450128: 2 baits >= 0.7 ['ECBAIT_10_0002_MEMBER_INTERIOR_01', 'ECBAIT_10_0057_MEMBER_INTERIOR_01']
  HIT SRR19450129: 2 baits >= 0.7 ['ECBAIT_10_0057_MEMBER_INTERIOR_01', 'ECBAIT_HOST_CONTROL_01']
  HIT SRR19633112: 2 baits >= 0.7 ['ECBAIT_10_0057_MEMBER_INTERIOR_01', 'ECBAIT_HOST_CONTROL_01']
  HIT SRR19633117: 3 baits >= 0.7 ['ECBAIT_0_0000_JUNCTION_02', 'ECBAIT_10_0151_JUNCTION_03', 'ECBAIT_10_0172_MEMBER_INTERIOR_01']
  HIT SRR19633118: 2 baits >= 0.7 ['ECBAIT_0_0046_MEMBER_INTERIOR_01', 'ECBAIT_1_0026_JUNCTION_01']
  HIT SRR19633124: 3 baits >= 0.7 ['ECBAIT_10_0002_MEMBER_INTERIOR_01', 'ECBAIT_10_0057_MEMBER_INTERIOR_01', 'ECBAIT_10_0172_MEMBER_INTERIOR_01']
  HIT SRR19633125: 2 baits >= 0.7 ['ECBAIT_10_0057_MEMBER_INTERIOR_01', 'ECBAIT_HOST_CONTROL_02']
  HIT SRR19633129: 1 baits >= 0.7 ['ECBAIT_10_0151_JUNCTION_03']
  HIT SRR19633127: 2 baits >= 0.7 ['ECBAIT_10_0057_MEMBER_INTERIOR_01', 'ECBAIT_HOST_CONTROL_02']
  HIT SRR19633126: 1 baits >= 0.7 ['ECBAIT_1_0004_JUNCTION_01']
  HIT SRR19633132: 5 baits >= 0.7 ['ECBAIT_0_0000_INTERIOR_MODULE_01', 'ECBAIT_0_0000_JUNCTION_02', 'ECBAIT_0_0000_MEMBER_INTERIOR_01', 'ECBAIT_10_0057_MEMBER_INTERIOR_01']
  HIT SRR19633133: 2 baits >= 0.7 ['ECBAIT_10_0002_MEMBER_INTERIOR_01', 'ECBAIT_10_0057_MEMBER_INTERIOR_01']
  HIT SRR19633135: 3 baits >= 0.7 ['ECBAIT_10_0002_MEMBER_INTERIOR_01', 'ECBAIT_10_0057_MEMBER_INTERIOR_01', 'ECBAIT_10_0172_MEMBER_INTERIOR_01']
  HIT SRR19633134: 1 baits >= 0.7 ['ECBAIT_10_0057_MEMBER_INTERIOR_01']
  HIT SRR19633136: 2 baits >= 0.7 ['ECBAIT_10_0002_MEMBER_INTERIOR_01', 'ECBAIT_10_0057_MEMBER_INTERIOR_01']
  HIT SRR19633137: 2 baits >= 0.7 ['ECBAIT_10_0002_JUNCTION_01', 'ECBAIT_10_0002_JUNCTION_02']
  HIT SRR19633139: 2 baits >= 0.7 ['ECBAIT_0_0054_MEMBER_INTERIOR_01', 'ECBAIT_10_0057_MEMBER_INTERIOR_01']
  HIT SRR19633141: 2 baits >= 0.7 ['ECBAIT_10_0057_MEMBER_INTERIOR_01', 'ECBAIT_10_0151_JUNCTION_03']
  HIT SRR19633143: 2 baits >= 0.7 ['ECBAIT_10_0057_MEMBER_INTERIOR_01', 'ECBAIT_10_0172_MEMBER_INTERIOR_01']
  HIT SRR19633145: 4 baits >= 0.7 ['ECBAIT_10_0002_JUNCTION_01', 'ECBAIT_10_0002_MEMBER_INTERIOR_01', 'ECBAIT_10_0057_MEMBER_INTERIOR_01', 'ECBAIT_10_0172_MEMBER_INTERIOR_01']
  HIT SRR19633148: 2 baits >= 0.7 ['ECBAIT_10_0002_MEMBER_INTERIOR_01', 'ECBAIT_10_0057_MEMBER_INTERIOR_01']
  HIT SRR19633150: 3 baits >= 0.7 ['ECBAIT_10_0002_MEMBER_INTERIOR_01', 'ECBAIT_10_0057_MEMBER_INTERIOR_01', 'ECBAIT_10_0172_MEMBER_INTERIOR_01']
  HIT SRR19633157: 2 baits >= 0.7 ['ECBAIT_10_0057_MEMBER_INTERIOR_01', 'ECBAIT_10_0172_MEMBER_INTERIOR_01']
  HIT SRR19633159: 1 baits >= 0.7 ['ECBAIT_10_0057_MEMBER_INTERIOR_01']
  HIT SRR19633151: 1 baits >= 0.7 ['ECBAIT_10_0057_MEMBER_INTERIOR_01']
  HIT SRR19633160: 1 baits >= 0.7 ['ECBAIT_10_0057_MEMBER_INTERIOR_01']
  HIT SRR19633161: 2 baits >= 0.7 ['ECBAIT_10_0002_MEMBER_INTERIOR_01', 'ECBAIT_10_0057_MEMBER_INTERIOR_01']
  HIT SRR19633162: 3 baits >= 0.7 ['ECBAIT_0_0046_MEMBER_INTERIOR_01', 'ECBAIT_1_0004_JUNCTION_02', 'ECBAIT_HOST_CONTROL_02']
  HIT SRR19633163: 2 baits >= 0.7 ['ECBAIT_0_0000_MEMBER_INTERIOR_01', 'ECBAIT_HOST_CONTROL_02']
  HIT SRR19633164: 2 baits >= 0.7 ['ECBAIT_10_0057_MEMBER_INTERIOR_01', 'ECBAIT_10_0172_MEMBER_INTERIOR_01']
  HIT SRR19633165: 2 baits >= 0.7 ['ECBAIT_10_0002_MEMBER_INTERIOR_01', 'ECBAIT_10_0057_MEMBER_INTERIOR_01']
  HIT SRR19633166: 3 baits >= 0.7 ['ECBAIT_10_0002_MEMBER_INTERIOR_01', 'ECBAIT_10_0057_MEMBER_INTERIOR_01', 'ECBAIT_10_0172_MEMBER_INTERIOR_01']
  HIT SRR19633171: 2 baits >= 0.7 ['ECBAIT_10_0002_MEMBER_INTERIOR_01', 'ECBAIT_10_0057_MEMBER_INTERIOR_01']
  HIT SRR19633182: 2 baits >= 0.7 ['ECBAIT_10_0002_MEMBER_INTERIOR_01', 'ECBAIT_10_0057_MEMBER_INTERIOR_01']
  6400/12000 processed (6132 screened, 5210 hit-accessions) 1981s budget=11.1GB
  HIT SRR19633183: 1 baits >= 0.7 ['ECBAIT_10_0057_MEMBER_INTERIOR_01']
  HIT SRR19633184: 1 baits >= 0.7 ['ECBAIT_10_0002_MEMBER_INTERIOR_01']
  HIT SRR19633185: 1 baits >= 0.7 ['ECBAIT_0_0052_INTERIOR_MODULE_01']
  HIT SRR19633190: 5 baits >= 0.7 ['ECBAIT_0_0000_INTERIOR_MODULE_01', 'ECBAIT_0_0000_JUNCTION_02', 'ECBAIT_0_0000_MEMBER_INTERIOR_01', 'ECBAIT_10_0057_MEMBER_INTERIOR_01']
  HIT SRR19633192: 5 baits >= 0.7 ['ECBAIT_0_0000_INTERIOR_MODULE_01', 'ECBAIT_0_0000_JUNCTION_02', 'ECBAIT_0_0000_MEMBER_INTERIOR_01', 'ECBAIT_10_0057_MEMBER_INTERIOR_01']
  HIT SRR19633193: 1 baits >= 0.7 ['ECBAIT_HOST_CONTROL_01']
  HIT SRR19633194: 2 baits >= 0.7 ['ECBAIT_10_0002_MEMBER_INTERIOR_01', 'ECBAIT_10_0057_MEMBER_INTERIOR_01']
  HIT SRR19633197: 2 baits >= 0.7 ['ECBAIT_10_0057_MEMBER_INTERIOR_01', 'ECBAIT_HOST_CONTROL_01']
  HIT SRR19633198: 2 baits >= 0.7 ['ECBAIT_0_0052_JUNCTION_03', 'ECBAIT_1_0004_JUNCTION_02']
  HIT SRR19633199: 1 baits >= 0.7 ['ECBAIT_10_0057_MEMBER_INTERIOR_01']
  HIT SRR19633200: 2 baits >= 0.7 ['ECBAIT_10_0057_MEMBER_INTERIOR_01', 'ECBAIT_10_0172_MEMBER_INTERIOR_01']
  HIT SRR19633201: 1 baits >= 0.7 ['ECBAIT_10_0057_MEMBER_INTERIOR_01']
  HIT SRR19633204: 1 baits >= 0.7 ['ECBAIT_10_0057_MEMBER_INTERIOR_01']
  HIT SRR19633205: 1 baits >= 0.7 ['ECBAIT_10_0151_JUNCTION_03']
  HIT SRR19633210: 5 baits >= 0.7 ['ECBAIT_10_0002_JUNCTION_01', 'ECBAIT_10_0002_JUNCTION_02', 'ECBAIT_10_0002_MEMBER_INTERIOR_01', 'ECBAIT_10_0057_MEMBER_INTERIOR_01']
  HIT SRR19633207: 2 baits >= 0.7 ['ECBAIT_0_0000_JUNCTION_02', 'ECBAIT_10_0057_MEMBER_INTERIOR_01']
  HIT SRR19633212: 1 baits >= 0.7 ['ECBAIT_10_0057_MEMBER_INTERIOR_01']
  HIT SRR19633213: 2 baits >= 0.7 ['ECBAIT_10_0057_MEMBER_INTERIOR_01', 'ECBAIT_10_0172_MEMBER_INTERIOR_01']
  HIT SRR19633217: 3 baits >= 0.7 ['ECBAIT_10_0002_JUNCTION_01', 'ECBAIT_10_0002_MEMBER_INTERIOR_01', 'ECBAIT_10_0057_MEMBER_INTERIOR_01']
  HIT SRR19716076: 1 baits >= 0.7 ['ECBAIT_1_0004_JUNCTION_01']
  HIT SRR19633220: 3 baits >= 0.7 ['ECBAIT_10_0002_MEMBER_INTERIOR_01', 'ECBAIT_10_0057_MEMBER_INTERIOR_01', 'ECBAIT_10_0172_MEMBER_INTERIOR_01']
  HIT SRR19716077: 3 baits >= 0.7 ['ECBAIT_0_0000_JUNCTION_02', 'ECBAIT_10_0057_MEMBER_INTERIOR_01', 'ECBAIT_HOST_CONTROL_01']
  HIT SRR19716078: 1 baits >= 0.7 ['ECBAIT_HOST_CONTROL_01']
  HIT SRR19716079: 1 baits >= 0.7 ['ECBAIT_HOST_CONTROL_01']
  HIT SRR19716080: 1 baits >= 0.7 ['ECBAIT_HOST_CONTROL_01']
  HIT SRR19716084: 2 baits >= 0.7 ['ECBAIT_10_0002_JUNCTION_01', 'ECBAIT_HOST_CONTROL_01']
  HIT SRR19716085: 2 baits >= 0.7 ['ECBAIT_10_0057_MEMBER_INTERIOR_01', 'ECBAIT_HOST_CONTROL_01']
  HIT SRR19716086: 3 baits >= 0.7 ['ECBAIT_10_0002_JUNCTION_01', 'ECBAIT_10_0057_MEMBER_INTERIOR_01', 'ECBAIT_HOST_CONTROL_01']
  HIT SRR19716087: 3 baits >= 0.7 ['ECBAIT_0_0000_JUNCTION_02', 'ECBAIT_0_0000_MEMBER_INTERIOR_01', 'ECBAIT_HOST_CONTROL_01']
  HIT SRR19716089: 1 baits >= 0.7 ['ECBAIT_HOST_CONTROL_01']
  HIT SRR19716090: 1 baits >= 0.7 ['ECBAIT_HOST_CONTROL_01']
  HIT SRR19716091: 1 baits >= 0.7 ['ECBAIT_10_0057_MEMBER_INTERIOR_01']
  HIT SRR19716092: 2 baits >= 0.7 ['ECBAIT_10_0057_MEMBER_INTERIOR_01', 'ECBAIT_HOST_CONTROL_01']
  HIT SRR19716093: 1 baits >= 0.7 ['ECBAIT_10_0057_MEMBER_INTERIOR_01']
  HIT SRR19716096: 1 baits >= 0.7 ['ECBAIT_10_0057_MEMBER_INTERIOR_01']
  HIT SRR19716095: 6 baits >= 0.7 ['ECBAIT_0_0059_JUNCTION_01', 'ECBAIT_0_0059_JUNCTION_02', 'ECBAIT_0_0059_JUNCTION_03', 'ECBAIT_0_0059_MEMBER_INTERIOR_01']
  HIT SRR19716094: 1 baits >= 0.7 ['ECBAIT_HOST_CONTROL_01']
  HIT SRR19716099: 1 baits >= 0.7 ['ECBAIT_10_0057_MEMBER_INTERIOR_01']
  HIT SRR19716100: 1 baits >= 0.7 ['ECBAIT_HOST_CONTROL_01']
  HIT SRR19716101: 1 baits >= 0.7 ['ECBAIT_HOST_CONTROL_01']
  HIT SRR19716102: 1 baits >= 0.7 ['ECBAIT_HOST_CONTROL_01']
  HIT SRR19716103: 1 baits >= 0.7 ['ECBAIT_HOST_CONTROL_01']
  HIT SRR19716104: 2 baits >= 0.7 ['ECBAIT_10_0057_MEMBER_INTERIOR_01', 'ECBAIT_HOST_CONTROL_01']
  HIT SRR19716105: 1 baits >= 0.7 ['ECBAIT_HOST_CONTROL_01']
  6450/12000 processed (6182 screened, 5254 hit-accessions) 1997s budget=11.1GB
  HIT SRR19716106: 1 baits >= 0.7 ['ECBAIT_HOST_CONTROL_01']
  HIT SRR19716107: 1 baits >= 0.7 ['ECBAIT_1_0004_JUNCTION_01']
  HIT SRR19716108: 2 baits >= 0.7 ['ECBAIT_10_0057_MEMBER_INTERIOR_01', 'ECBAIT_HOST_CONTROL_01']
  HIT SRR19716109: 1 baits >= 0.7 ['ECBAIT_10_0057_MEMBER_INTERIOR_01']
  HIT SRR19716110: 3 baits >= 0.7 ['ECBAIT_0_0000_JUNCTION_02', 'ECBAIT_10_0002_JUNCTION_01', 'ECBAIT_10_0057_MEMBER_INTERIOR_01']
  HIT SRR19716112: 1 baits >= 0.7 ['ECBAIT_HOST_CONTROL_01']
  HIT SRR19716111: 1 baits >= 0.7 ['ECBAIT_10_0057_MEMBER_INTERIOR_01']
  HIT SRR19716114: 2 baits >= 0.7 ['ECBAIT_10_0002_JUNCTION_01', 'ECBAIT_HOST_CONTROL_01']
  HIT SRR19716116: 1 baits >= 0.7 ['ECBAIT_HOST_CONTROL_01']
  HIT SRR19716117: 1 baits >= 0.7 ['ECBAIT_HOST_CONTROL_01']
  HIT SRR19716118: 1 baits >= 0.7 ['ECBAIT_HOST_CONTROL_01']
  HIT SRR19716119: 1 baits >= 0.7 ['ECBAIT_HOST_CONTROL_01']
  HIT SRR19716120: 1 baits >= 0.7 ['ECBAIT_10_0057_MEMBER_INTERIOR_01']
  HIT SRR19716121: 1 baits >= 0.7 ['ECBAIT_HOST_CONTROL_01']
  HIT SRR19716122: 2 baits >= 0.7 ['ECBAIT_10_0002_JUNCTION_01', 'ECBAIT_HOST_CONTROL_01']
  HIT SRR19716123: 2 baits >= 0.7 ['ECBAIT_10_0057_MEMBER_INTERIOR_01', 'ECBAIT_HOST_CONTROL_01']
  HIT SRR19716125: 2 baits >= 0.7 ['ECBAIT_10_0057_MEMBER_INTERIOR_01', 'ECBAIT_HOST_CONTROL_01']
  HIT SRR19716124: 1 baits >= 0.7 ['ECBAIT_HOST_CONTROL_01']
  HIT SRR19716126: 1 baits >= 0.7 ['ECBAIT_HOST_CONTROL_01']
  HIT SRR19716127: 3 baits >= 0.7 ['ECBAIT_10_0002_JUNCTION_01', 'ECBAIT_10_0002_JUNCTION_02', 'ECBAIT_HOST_CONTROL_01']
  HIT SRR19716129: 1 baits >= 0.7 ['ECBAIT_HOST_CONTROL_01']
  HIT SRR19716128: 1 baits >= 0.7 ['ECBAIT_10_0057_MEMBER_INTERIOR_01']
  HIT SRR19716130: 1 baits >= 0.7 ['ECBAIT_10_0057_MEMBER_INTERIOR_01']
  HIT SRR19716133: 1 baits >= 0.7 ['ECBAIT_HOST_CONTROL_01']
  HIT SRR19716134: 1 baits >= 0.7 ['ECBAIT_HOST_CONTROL_01']
  HIT SRR19716135: 1 baits >= 0.7 ['ECBAIT_HOST_CONTROL_01']
  HIT SRR19716136: 2 baits >= 0.7 ['ECBAIT_10_0002_JUNCTION_01', 'ECBAIT_HOST_CONTROL_01']
  HIT SRR19716137: 1 baits >= 0.7 ['ECBAIT_HOST_CONTROL_01']
  HIT SRR19749789: 1 baits >= 0.7 ['ECBAIT_HOST_CONTROL_01']
  HIT SRR19749790: 1 baits >= 0.7 ['ECBAIT_HOST_CONTROL_01']
  HIT SRR19749792: 1 baits >= 0.7 ['ECBAIT_HOST_CONTROL_01']
  HIT SRR19749807: 1 baits >= 0.7 ['ECBAIT_HOST_CONTROL_01']
  HIT SRR19749794: 1 baits >= 0.7 ['ECBAIT_HOST_CONTROL_01']
  HIT SRR19749815: 1 baits >= 0.7 ['ECBAIT_HOST_CONTROL_01']
  HIT SRR19749820: 1 baits >= 0.7 ['ECBAIT_HOST_CONTROL_01']
  HIT SRR19749845: 1 baits >= 0.7 ['ECBAIT_HOST_CONTROL_01']
  HIT SRR19749838: 1 baits >= 0.7 ['ECBAIT_HOST_CONTROL_01']
  HIT SRR19749846: 1 baits >= 0.7 ['ECBAIT_HOST_CONTROL_01']
  HIT SRR19749849: 1 baits >= 0.7 ['ECBAIT_HOST_CONTROL_01']
  HIT SRR19749868: 1 baits >= 0.7 ['ECBAIT_HOST_CONTROL_01']
  HIT SRR19749854: 1 baits >= 0.7 ['ECBAIT_HOST_CONTROL_01']
  HIT SRR19749872: 1 baits >= 0.7 ['ECBAIT_HOST_CONTROL_01']
  HIT SRR19749873: 1 baits >= 0.7 ['ECBAIT_HOST_CONTROL_01']
  HIT SRR19749877: 1 baits >= 0.7 ['ECBAIT_HOST_CONTROL_01']
  HIT SRR19749878: 1 baits >= 0.7 ['ECBAIT_HOST_CONTROL_01']
  HIT SRR19749879: 1 baits >= 0.7 ['ECBAIT_HOST_CONTROL_01']
  HIT SRR19749887: 1 baits >= 0.7 ['ECBAIT_HOST_CONTROL_01']
  HIT SRR19749891: 1 baits >= 0.7 ['ECBAIT_HOST_CONTROL_01']
  6500/12000 processed (6232 screened, 5302 hit-accessions) 2013s budget=11.2GB
  HIT SRR19749893: 1 baits >= 0.7 ['ECBAIT_HOST_CONTROL_01']
  HIT SRR19789963: 1 baits >= 0.7 ['ECBAIT_HOST_CONTROL_02']
  HIT SRR19789966: 1 baits >= 0.7 ['ECBAIT_HOST_CONTROL_02']
  HIT SRR19789967: 1 baits >= 0.7 ['ECBAIT_HOST_CONTROL_02']
  HIT SRR19789968: 1 baits >= 0.7 ['ECBAIT_HOST_CONTROL_02']
  HIT SRR19789969: 1 baits >= 0.7 ['ECBAIT_HOST_CONTROL_02']
  HIT SRR19789970: 1 baits >= 0.7 ['ECBAIT_HOST_CONTROL_02']
  HIT SRR19789976: 1 baits >= 0.7 ['ECBAIT_HOST_CONTROL_02']
  HIT SRR19789978: 1 baits >= 0.7 ['ECBAIT_HOST_CONTROL_02']
  HIT SRR19789983: 1 baits >= 0.7 ['ECBAIT_HOST_CONTROL_02']
  HIT SRR19789986: 1 baits >= 0.7 ['ECBAIT_HOST_CONTROL_02']
  HIT SRR19789992: 1 baits >= 0.7 ['ECBAIT_HOST_CONTROL_02']
  HIT SRR19790000: 1 baits >= 0.7 ['ECBAIT_HOST_CONTROL_02']
  HIT SRR19837520: 1 baits >= 0.7 ['ECBAIT_HOST_CONTROL_02']
  HIT SRR19837522: 1 baits >= 0.7 ['ECBAIT_HOST_CONTROL_02']
  HIT SRR19837527: 1 baits >= 0.7 ['ECBAIT_HOST_CONTROL_02']
  HIT SRR19837530: 1 baits >= 0.7 ['ECBAIT_HOST_CONTROL_02']
  HIT SRR19837533: 1 baits >= 0.7 ['ECBAIT_HOST_CONTROL_02']
  HIT SRR19837537: 1 baits >= 0.7 ['ECBAIT_HOST_CONTROL_02']
  HIT SRR19837538: 1 baits >= 0.7 ['ECBAIT_HOST_CONTROL_02']
  HIT SRR19837539: 1 baits >= 0.7 ['ECBAIT_HOST_CONTROL_02']
  HIT SRR19837542: 1 baits >= 0.7 ['ECBAIT_HOST_CONTROL_02']
  HIT SRR19837544: 1 baits >= 0.7 ['ECBAIT_HOST_CONTROL_02']
  HIT SRR19837545: 1 baits >= 0.7 ['ECBAIT_HOST_CONTROL_02']
  HIT SRR19842933: 1 baits >= 0.7 ['ECBAIT_HOST_CONTROL_01']
  HIT SRR19842934: 1 baits >= 0.7 ['ECBAIT_HOST_CONTROL_01']
  HIT SRR19842935: 1 baits >= 0.7 ['ECBAIT_HOST_CONTROL_01']
  HIT SRR19842936: 1 baits >= 0.7 ['ECBAIT_HOST_CONTROL_01']
  HIT SRR19842937: 1 baits >= 0.7 ['ECBAIT_HOST_CONTROL_01']
  HIT SRR19842938: 1 baits >= 0.7 ['ECBAIT_HOST_CONTROL_01']
  HIT SRR19842939: 1 baits >= 0.7 ['ECBAIT_HOST_CONTROL_01']
  HIT SRR19842940: 1 baits >= 0.7 ['ECBAIT_HOST_CONTROL_01']
  HIT SRR19843082: 1 baits >= 0.7 ['ECBAIT_HOST_CONTROL_02']
  HIT SRR19842941: 1 baits >= 0.7 ['ECBAIT_HOST_CONTROL_01']
  HIT SRR19843086: 1 baits >= 0.7 ['ECBAIT_HOST_CONTROL_02']
  HIT SRR19843090: 1 baits >= 0.7 ['ECBAIT_HOST_CONTROL_02']
  HIT SRR19843097: 1 baits >= 0.7 ['ECBAIT_HOST_CONTROL_02']
  HIT SRR19843098: 1 baits >= 0.7 ['ECBAIT_HOST_CONTROL_02']
  HIT SRR19843099: 1 baits >= 0.7 ['ECBAIT_HOST_CONTROL_02']
  HIT SRR19843105: 1 baits >= 0.7 ['ECBAIT_HOST_CONTROL_02']
  HIT SRR19843112: 1 baits >= 0.7 ['ECBAIT_HOST_CONTROL_02']
  HIT SRR19843113: 1 baits >= 0.7 ['ECBAIT_HOST_CONTROL_02']
  HIT SRR19843114: 1 baits >= 0.7 ['ECBAIT_HOST_CONTROL_02']
  HIT SRR19843115: 1 baits >= 0.7 ['ECBAIT_HOST_CONTROL_02']
  HIT SRR19843116: 1 baits >= 0.7 ['ECBAIT_HOST_CONTROL_02']
  HIT SRR19843117: 1 baits >= 0.7 ['ECBAIT_HOST_CONTROL_02']
  HIT SRR19843118: 1 baits >= 0.7 ['ECBAIT_HOST_CONTROL_02']
  HIT SRR19843119: 1 baits >= 0.7 ['ECBAIT_HOST_CONTROL_02']
  HIT SRR19843122: 1 baits >= 0.7 ['ECBAIT_HOST_CONTROL_02']
  HIT SRR19843120: 1 baits >= 0.7 ['ECBAIT_HOST_CONTROL_02']
  6550/12000 processed (6282 screened, 5352 hit-accessions) 2028s budget=11.3GB
  HIT SRR19843124: 1 baits >= 0.7 ['ECBAIT_HOST_CONTROL_02']
  HIT SRR19843127: 1 baits >= 0.7 ['ECBAIT_HOST_CONTROL_02']
  HIT SRR19843128: 1 baits >= 0.7 ['ECBAIT_HOST_CONTROL_02']
  HIT SRR19843132: 1 baits >= 0.7 ['ECBAIT_HOST_CONTROL_02']
  HIT SRR19975622: 1 baits >= 0.7 ['ECBAIT_0_0000_JUNCTION_02']
  HIT SRR19975623: 3 baits >= 0.7 ['ECBAIT_0_0000_JUNCTION_02', 'ECBAIT_HOST_CONTROL_01', 'ECBAIT_POSCON_LAMBDA_01']
  HIT SRR19981258: 1 baits >= 0.7 ['ECBAIT_10_0057_MEMBER_INTERIOR_01']
  HIT SRR19981260: 2 baits >= 0.7 ['ECBAIT_10_0057_MEMBER_INTERIOR_01', 'ECBAIT_HOST_CONTROL_01']
  HIT SRR20048904: 2 baits >= 0.7 ['ECBAIT_10_0057_MEMBER_INTERIOR_01', 'ECBAIT_HOST_CONTROL_01']
  HIT SRR20048905: 2 baits >= 0.7 ['ECBAIT_10_0057_MEMBER_INTERIOR_01', 'ECBAIT_HOST_CONTROL_01']
  HIT SRR20048908: 3 baits >= 0.7 ['ECBAIT_10_0057_MEMBER_INTERIOR_01', 'ECBAIT_10_0172_MEMBER_INTERIOR_01', 'ECBAIT_HOST_CONTROL_02']
  HIT SRR20048910: 1 baits >= 0.7 ['ECBAIT_10_0057_MEMBER_INTERIOR_01']
  HIT SRR20048911: 1 baits >= 0.7 ['ECBAIT_HOST_CONTROL_01']
  HIT SRR20048913: 2 baits >= 0.7 ['ECBAIT_10_0002_MEMBER_INTERIOR_01', 'ECBAIT_10_0057_MEMBER_INTERIOR_01']
  HIT SRR20048915: 3 baits >= 0.7 ['ECBAIT_10_0002_JUNCTION_01', 'ECBAIT_10_0057_MEMBER_INTERIOR_01', 'ECBAIT_HOST_CONTROL_01']
  HIT SRR20048917: 2 baits >= 0.7 ['ECBAIT_10_0002_MEMBER_INTERIOR_01', 'ECBAIT_10_0057_MEMBER_INTERIOR_01']
  HIT SRR20048914: 2 baits >= 0.7 ['ECBAIT_10_0057_MEMBER_INTERIOR_01', 'ECBAIT_10_0172_MEMBER_INTERIOR_01']
  HIT SRR20048920: 2 baits >= 0.7 ['ECBAIT_10_0002_MEMBER_INTERIOR_01', 'ECBAIT_10_0057_MEMBER_INTERIOR_01']
  HIT SRR20048926: 2 baits >= 0.7 ['ECBAIT_10_0057_MEMBER_INTERIOR_01', 'ECBAIT_HOST_CONTROL_01']
  HIT SRR20048925: 2 baits >= 0.7 ['ECBAIT_10_0002_MEMBER_INTERIOR_01', 'ECBAIT_10_0057_MEMBER_INTERIOR_01']
  HIT SRR20048924: 2 baits >= 0.7 ['ECBAIT_0_0000_MEMBER_INTERIOR_01', 'ECBAIT_10_0057_MEMBER_INTERIOR_01']
  HIT SRR20048930: 3 baits >= 0.7 ['ECBAIT_10_0002_MEMBER_INTERIOR_01', 'ECBAIT_10_0057_MEMBER_INTERIOR_01', 'ECBAIT_10_0172_MEMBER_INTERIOR_01']
  HIT SRR20048934: 4 baits >= 0.7 ['ECBAIT_10_0002_JUNCTION_01', 'ECBAIT_10_0002_JUNCTION_02', 'ECBAIT_10_0002_MEMBER_INTERIOR_01', 'ECBAIT_10_0057_MEMBER_INTERIOR_01']
  HIT SRR20048932: 1 baits >= 0.7 ['ECBAIT_10_0057_MEMBER_INTERIOR_01']
  HIT SRR20048936: 2 baits >= 0.7 ['ECBAIT_10_0057_MEMBER_INTERIOR_01', 'ECBAIT_HOST_CONTROL_01']
  HIT SRR20048937: 3 baits >= 0.7 ['ECBAIT_10_0002_MEMBER_INTERIOR_01', 'ECBAIT_10_0057_MEMBER_INTERIOR_01', 'ECBAIT_10_0172_MEMBER_INTERIOR_01']
  HIT SRR20048938: 1 baits >= 0.7 ['ECBAIT_HOST_CONTROL_01']
  HIT SRR20048947: 2 baits >= 0.7 ['ECBAIT_10_0057_MEMBER_INTERIOR_01', 'ECBAIT_HOST_CONTROL_02']
  HIT SRR20048949: 1 baits >= 0.7 ['ECBAIT_10_0057_MEMBER_INTERIOR_01']
  HIT SRR20048950: 1 baits >= 0.7 ['ECBAIT_10_0057_MEMBER_INTERIOR_01']
  HIT SRR20048953: 3 baits >= 0.7 ['ECBAIT_10_0002_JUNCTION_01', 'ECBAIT_10_0002_MEMBER_INTERIOR_01', 'ECBAIT_10_0057_MEMBER_INTERIOR_01']
  HIT SRR20048956: 3 baits >= 0.7 ['ECBAIT_10_0002_MEMBER_INTERIOR_01', 'ECBAIT_10_0057_MEMBER_INTERIOR_01', 'ECBAIT_10_0172_MEMBER_INTERIOR_01']
  HIT SRR20109921: 1 baits >= 0.7 ['ECBAIT_HOST_CONTROL_01']
  HIT SRR20462396: 5 baits >= 0.7 ['ECBAIT_0_0000_INTERIOR_MODULE_01', 'ECBAIT_0_0000_JUNCTION_02', 'ECBAIT_0_0000_MEMBER_INTERIOR_01', 'ECBAIT_10_0057_MEMBER_INTERIOR_01']
  HIT SRR20462397: 5 baits >= 0.7 ['ECBAIT_0_0000_INTERIOR_MODULE_01', 'ECBAIT_0_0000_JUNCTION_02', 'ECBAIT_0_0000_MEMBER_INTERIOR_01', 'ECBAIT_10_0057_MEMBER_INTERIOR_01']
  HIT SRR20462398: 5 baits >= 0.7 ['ECBAIT_0_0000_INTERIOR_MODULE_01', 'ECBAIT_0_0000_JUNCTION_02', 'ECBAIT_0_0000_MEMBER_INTERIOR_01', 'ECBAIT_10_0057_MEMBER_INTERIOR_01']
  HIT SRR20462399: 6 baits >= 0.7 ['ECBAIT_0_0000_INTERIOR_MODULE_01', 'ECBAIT_0_0000_JUNCTION_02', 'ECBAIT_0_0000_MEMBER_INTERIOR_01', 'ECBAIT_0_0052_JUNCTION_03']
  HIT SRR20462400: 6 baits >= 0.7 ['ECBAIT_0_0000_INTERIOR_MODULE_01', 'ECBAIT_0_0000_JUNCTION_02', 'ECBAIT_0_0000_MEMBER_INTERIOR_01', 'ECBAIT_0_0052_JUNCTION_03']
  HIT SRR20462401: 5 baits >= 0.7 ['ECBAIT_0_0000_INTERIOR_MODULE_01', 'ECBAIT_0_0000_JUNCTION_02', 'ECBAIT_0_0000_MEMBER_INTERIOR_01', 'ECBAIT_10_0057_MEMBER_INTERIOR_01']
  HIT SRR20462402: 7 baits >= 0.7 ['ECBAIT_0_0000_INTERIOR_MODULE_01', 'ECBAIT_0_0000_JUNCTION_02', 'ECBAIT_0_0000_MEMBER_INTERIOR_01', 'ECBAIT_10_0002_JUNCTION_01']
  HIT SRR20462403: 6 baits >= 0.7 ['ECBAIT_0_0000_INTERIOR_MODULE_01', 'ECBAIT_0_0000_JUNCTION_02', 'ECBAIT_0_0000_MEMBER_INTERIOR_01', 'ECBAIT_10_0057_MEMBER_INTERIOR_01']
  HIT SRR20462404: 5 baits >= 0.7 ['ECBAIT_0_0000_INTERIOR_MODULE_01', 'ECBAIT_0_0000_JUNCTION_02', 'ECBAIT_0_0000_MEMBER_INTERIOR_01', 'ECBAIT_10_0057_MEMBER_INTERIOR_01']
  6600/12000 processed (6331 screened, 5394 hit-accessions) 2044s budget=11.4GB
  HIT SRR20462405: 6 baits >= 0.7 ['ECBAIT_0_0000_INTERIOR_MODULE_01', 'ECBAIT_0_0000_JUNCTION_02', 'ECBAIT_0_0000_MEMBER_INTERIOR_01', 'ECBAIT_0_0052_JUNCTION_03']
  HIT SRR20462406: 5 baits >= 0.7 ['ECBAIT_0_0000_INTERIOR_MODULE_01', 'ECBAIT_0_0000_JUNCTION_02', 'ECBAIT_0_0000_MEMBER_INTERIOR_01', 'ECBAIT_10_0057_MEMBER_INTERIOR_01']
  HIT SRR20462407: 5 baits >= 0.7 ['ECBAIT_0_0000_INTERIOR_MODULE_01', 'ECBAIT_0_0000_JUNCTION_02', 'ECBAIT_0_0000_MEMBER_INTERIOR_01', 'ECBAIT_10_0057_MEMBER_INTERIOR_01']
  HIT SRR20462408: 3 baits >= 0.7 ['ECBAIT_0_0052_JUNCTION_03', 'ECBAIT_10_0057_MEMBER_INTERIOR_01', 'ECBAIT_HOST_CONTROL_02']
  HIT SRR20462410: 4 baits >= 0.7 ['ECBAIT_0_0000_INTERIOR_MODULE_01', 'ECBAIT_0_0000_JUNCTION_02', 'ECBAIT_0_0000_MEMBER_INTERIOR_01', 'ECBAIT_1_0004_MEMBER_INTERIOR_01']
  HIT SRR20462409: 2 baits >= 0.7 ['ECBAIT_10_0057_MEMBER_INTERIOR_01', 'ECBAIT_HOST_CONTROL_02']
  HIT SRR20462411: 2 baits >= 0.7 ['ECBAIT_10_0057_MEMBER_INTERIOR_01', 'ECBAIT_HOST_CONTROL_02']
  HIT SRR20462412: 3 baits >= 0.7 ['ECBAIT_0_0052_JUNCTION_03', 'ECBAIT_10_0057_MEMBER_INTERIOR_01', 'ECBAIT_HOST_CONTROL_02']
  HIT SRR20462413: 7 baits >= 0.7 ['ECBAIT_0_0000_INTERIOR_MODULE_01', 'ECBAIT_0_0000_JUNCTION_02', 'ECBAIT_0_0000_MEMBER_INTERIOR_01', 'ECBAIT_0_0046_MEMBER_INTERIOR_01']
  HIT SRR20462414: 3 baits >= 0.7 ['ECBAIT_0_0000_JUNCTION_02', 'ECBAIT_10_0057_MEMBER_INTERIOR_01', 'ECBAIT_HOST_CONTROL_02']
  HIT SRR20462415: 1 baits >= 0.7 ['ECBAIT_HOST_CONTROL_02']
  HIT SRR20462416: 5 baits >= 0.7 ['ECBAIT_0_0000_INTERIOR_MODULE_01', 'ECBAIT_0_0000_JUNCTION_02', 'ECBAIT_0_0000_MEMBER_INTERIOR_01', 'ECBAIT_10_0057_MEMBER_INTERIOR_01']
  HIT SRR20462417: 1 baits >= 0.7 ['ECBAIT_10_0057_MEMBER_INTERIOR_01']
  HIT SRR20462418: 2 baits >= 0.7 ['ECBAIT_10_0057_MEMBER_INTERIOR_01', 'ECBAIT_HOST_CONTROL_02']
  HIT SRR20462419: 2 baits >= 0.7 ['ECBAIT_10_0057_MEMBER_INTERIOR_01', 'ECBAIT_HOST_CONTROL_02']
  HIT SRR20563507: 5 baits >= 0.7 ['ECBAIT_0_0000_INTERIOR_MODULE_01', 'ECBAIT_0_0000_JUNCTION_02', 'ECBAIT_0_0000_MEMBER_INTERIOR_01', 'ECBAIT_10_0057_MEMBER_INTERIOR_01']
  HIT SRR20563508: 2 baits >= 0.7 ['ECBAIT_10_0057_MEMBER_INTERIOR_01', 'ECBAIT_HOST_CONTROL_01']
  HIT SRR20563509: 1 baits >= 0.7 ['ECBAIT_10_0057_MEMBER_INTERIOR_01']
  HIT SRR20601652: 2 baits >= 0.7 ['ECBAIT_10_0057_MEMBER_INTERIOR_01', 'ECBAIT_HOST_CONTROL_01']
  HIT SRR20710732: 2 baits >= 0.7 ['ECBAIT_10_0057_MEMBER_INTERIOR_01', 'ECBAIT_HOST_CONTROL_01']
  HIT SRR20710755: 2 baits >= 0.7 ['ECBAIT_10_0057_MEMBER_INTERIOR_01', 'ECBAIT_HOST_CONTROL_01']
  HIT SRR20736620: 1 baits >= 0.7 ['ECBAIT_HOST_CONTROL_01']
  HIT SRR20736621: 1 baits >= 0.7 ['ECBAIT_HOST_CONTROL_01']
  HIT SRR20972886: 4 baits >= 0.7 ['ECBAIT_0_0046_JUNCTION_02', 'ECBAIT_0_0046_MEMBER_INTERIOR_01', 'ECBAIT_1_0022_JUNCTION_02', 'ECBAIT_1_0022_JUNCTION_03']
  HIT SRR20972887: 2 baits >= 0.7 ['ECBAIT_10_0057_MEMBER_INTERIOR_01', 'ECBAIT_HOST_CONTROL_01']
  HIT SRR20972889: 3 baits >= 0.7 ['ECBAIT_10_0002_JUNCTION_01', 'ECBAIT_10_0002_JUNCTION_02', 'ECBAIT_HOST_CONTROL_01']
  HIT SRR20972890: 4 baits >= 0.7 ['ECBAIT_0_0046_JUNCTION_02', 'ECBAIT_0_0046_MEMBER_INTERIOR_01', 'ECBAIT_1_0022_JUNCTION_02', 'ECBAIT_1_0022_JUNCTION_03']
  HIT SRR20972891: 4 baits >= 0.7 ['ECBAIT_0_0000_MEMBER_INTERIOR_01', 'ECBAIT_10_0002_MEMBER_INTERIOR_01', 'ECBAIT_10_0057_MEMBER_INTERIOR_01', 'ECBAIT_HOST_CONTROL_01']
  HIT SRR20972894: 2 baits >= 0.7 ['ECBAIT_0_0000_MEMBER_INTERIOR_01', 'ECBAIT_10_0002_MEMBER_INTERIOR_01']
  HIT SRR20972896: 3 baits >= 0.7 ['ECBAIT_0_0000_JUNCTION_02', 'ECBAIT_10_0057_MEMBER_INTERIOR_01', 'ECBAIT_HOST_CONTROL_01']
  HIT SRR20972895: 2 baits >= 0.7 ['ECBAIT_10_0057_MEMBER_INTERIOR_01', 'ECBAIT_HOST_CONTROL_01']
  HIT SRR20972897: 2 baits >= 0.7 ['ECBAIT_10_0057_MEMBER_INTERIOR_01', 'ECBAIT_HOST_CONTROL_01']
  HIT SRR21124987: 2 baits >= 0.7 ['ECBAIT_HOST_CONTROL_01', 'ECBAIT_POSCON_LAMBDA_01']
  HIT SRR21124986: 2 baits >= 0.7 ['ECBAIT_HOST_CONTROL_01', 'ECBAIT_POSCON_LAMBDA_01']
  HIT SRR21133211: 2 baits >= 0.7 ['ECBAIT_HOST_CONTROL_01', 'ECBAIT_POSCON_LAMBDA_01']
  HIT SRR21133210: 2 baits >= 0.7 ['ECBAIT_HOST_CONTROL_01', 'ECBAIT_POSCON_LAMBDA_01']
  HIT SRR21135945: 3 baits >= 0.7 ['ECBAIT_10_0002_JUNCTION_02', 'ECBAIT_10_0057_MEMBER_INTERIOR_01', 'ECBAIT_HOST_CONTROL_01']
  HIT SRR21135947: 4 baits >= 0.7 ['ECBAIT_0_0046_JUNCTION_02', 'ECBAIT_0_0046_MEMBER_INTERIOR_01', 'ECBAIT_1_0022_JUNCTION_02', 'ECBAIT_1_0022_JUNCTION_03']
  HIT SRR21135949: 1 baits >= 0.7 ['ECBAIT_HOST_CONTROL_01']
  HIT SRR21135948: 4 baits >= 0.7 ['ECBAIT_10_0002_JUNCTION_01', 'ECBAIT_10_0002_JUNCTION_02', 'ECBAIT_1_0004_JUNCTION_01', 'ECBAIT_HOST_CONTROL_01']
  HIT SRR2127337: 4 baits >= 0.7 ['ECBAIT_0_0000_JUNCTION_02', 'ECBAIT_0_0000_MEMBER_INTERIOR_01', 'ECBAIT_0_0014_MEMBER_INTERIOR_01', 'ECBAIT_HOST_CONTROL_02']
  HIT SRR21135950: 2 baits >= 0.7 ['ECBAIT_10_0057_MEMBER_INTERIOR_01', 'ECBAIT_HOST_CONTROL_02']
  HIT SRR2127407: 3 baits >= 0.7 ['ECBAIT_10_0002_JUNCTION_01', 'ECBAIT_10_0002_JUNCTION_02', 'ECBAIT_10_0057_MEMBER_INTERIOR_01']
  HIT SRR2127369: 4 baits >= 0.7 ['ECBAIT_0_0000_JUNCTION_02', 'ECBAIT_0_0000_MEMBER_INTERIOR_01', 'ECBAIT_10_0057_MEMBER_INTERIOR_01', 'ECBAIT_HOST_CONTROL_02']
  HIT SRR2127427: 1 baits >= 0.7 ['ECBAIT_10_0057_MEMBER_INTERIOR_01']
  6650/12000 processed (6381 screened, 5439 hit-accessions) 2060s budget=11.4GB
  HIT SRR2127494: 2 baits >= 0.7 ['ECBAIT_10_0002_MEMBER_INTERIOR_01', 'ECBAIT_10_0057_MEMBER_INTERIOR_01']
  HIT SRR2131488: 2 baits >= 0.7 ['ECBAIT_10_0002_MEMBER_INTERIOR_01', 'ECBAIT_10_0057_MEMBER_INTERIOR_01']
  HIT SRR2127506: 2 baits >= 0.7 ['ECBAIT_0_0000_MEMBER_INTERIOR_01', 'ECBAIT_10_0057_MEMBER_INTERIOR_01']
  HIT SRR2135053: 3 baits >= 0.7 ['ECBAIT_10_0057_MEMBER_INTERIOR_01', 'ECBAIT_10_0172_MEMBER_INTERIOR_01', 'ECBAIT_HOST_CONTROL_01']
  HIT SRR2135071: 3 baits >= 0.7 ['ECBAIT_10_0002_JUNCTION_01', 'ECBAIT_10_0002_MEMBER_INTERIOR_01', 'ECBAIT_10_0057_MEMBER_INTERIOR_01']
  HIT SRR2135106: 3 baits >= 0.7 ['ECBAIT_10_0057_MEMBER_INTERIOR_01', 'ECBAIT_1_0004_JUNCTION_01', 'ECBAIT_HOST_CONTROL_01']
  HIT SRR2135279: 3 baits >= 0.7 ['ECBAIT_10_0002_MEMBER_INTERIOR_01', 'ECBAIT_10_0172_MEMBER_INTERIOR_01', 'ECBAIT_HOST_CONTROL_01']
  HIT SRR2135462: 3 baits >= 0.7 ['ECBAIT_10_0057_MEMBER_INTERIOR_01', 'ECBAIT_10_0172_MEMBER_INTERIOR_01', 'ECBAIT_HOST_CONTROL_01']
  HIT SRR2135500: 2 baits >= 0.7 ['ECBAIT_10_0057_MEMBER_INTERIOR_01', 'ECBAIT_10_0172_MEMBER_INTERIOR_01']
  HIT SRR21387203: 1 baits >= 0.7 ['ECBAIT_10_0057_MEMBER_INTERIOR_01']
  HIT SRR21391055: 1 baits >= 0.7 ['ECBAIT_HOST_CONTROL_01']
  HIT SRR21391056: 2 baits >= 0.7 ['ECBAIT_10_0057_MEMBER_INTERIOR_01', 'ECBAIT_10_0172_MEMBER_INTERIOR_01']
  HIT SRR21391058: 1 baits >= 0.7 ['ECBAIT_0_0046_MEMBER_INTERIOR_01']
  HIT SRR21391059: 4 baits >= 0.7 ['ECBAIT_10_0057_MEMBER_INTERIOR_01', 'ECBAIT_10_0172_MEMBER_INTERIOR_01', 'ECBAIT_1_0004_JUNCTION_01', 'ECBAIT_1_0004_MEMBER_INTERIOR_01']
  HIT SRR21391060: 1 baits >= 0.7 ['ECBAIT_10_0057_MEMBER_INTERIOR_01']
  HIT SRR21391061: 1 baits >= 0.7 ['ECBAIT_10_0057_MEMBER_INTERIOR_01']
  HIT SRR21654340: 2 baits >= 0.7 ['ECBAIT_10_0057_MEMBER_INTERIOR_01', 'ECBAIT_HOST_CONTROL_01']
  HIT SRR21672973: 1 baits >= 0.7 ['ECBAIT_HOST_CONTROL_01']
  HIT SRR21672974: 1 baits >= 0.7 ['ECBAIT_HOST_CONTROL_01']
  HIT SRR21672975: 1 baits >= 0.7 ['ECBAIT_HOST_CONTROL_01']
  HIT SRR21672976: 1 baits >= 0.7 ['ECBAIT_HOST_CONTROL_01']
  HIT SRR21672977: 1 baits >= 0.7 ['ECBAIT_HOST_CONTROL_01']
  HIT SRR21672978: 1 baits >= 0.7 ['ECBAIT_HOST_CONTROL_01']
  HIT SRR21672979: 1 baits >= 0.7 ['ECBAIT_HOST_CONTROL_01']
  HIT SRR21672980: 1 baits >= 0.7 ['ECBAIT_HOST_CONTROL_01']
  HIT SRR21672981: 1 baits >= 0.7 ['ECBAIT_HOST_CONTROL_01']
  HIT SRR21672982: 1 baits >= 0.7 ['ECBAIT_HOST_CONTROL_01']
  HIT SRR21672983: 1 baits >= 0.7 ['ECBAIT_HOST_CONTROL_01']
  HIT SRR21672984: 1 baits >= 0.7 ['ECBAIT_HOST_CONTROL_01']
  HIT SRR21672985: 1 baits >= 0.7 ['ECBAIT_HOST_CONTROL_01']
  HIT SRR21672986: 1 baits >= 0.7 ['ECBAIT_HOST_CONTROL_01']
  HIT SRR21672987: 1 baits >= 0.7 ['ECBAIT_HOST_CONTROL_01']
  HIT SRR21672988: 1 baits >= 0.7 ['ECBAIT_HOST_CONTROL_01']
  HIT SRR21672989: 1 baits >= 0.7 ['ECBAIT_HOST_CONTROL_01']
  HIT SRR21672990: 1 baits >= 0.7 ['ECBAIT_HOST_CONTROL_01']
  HIT SRR21672992: 1 baits >= 0.7 ['ECBAIT_HOST_CONTROL_01']
  HIT SRR21672991: 1 baits >= 0.7 ['ECBAIT_HOST_CONTROL_01']
  HIT SRR21672993: 1 baits >= 0.7 ['ECBAIT_HOST_CONTROL_01']
  HIT SRR21672994: 1 baits >= 0.7 ['ECBAIT_HOST_CONTROL_01']
  HIT SRR21672995: 1 baits >= 0.7 ['ECBAIT_HOST_CONTROL_01']
  HIT SRR21672996: 1 baits >= 0.7 ['ECBAIT_HOST_CONTROL_01']
  HIT SRR21672997: 1 baits >= 0.7 ['ECBAIT_HOST_CONTROL_01']
  HIT SRR21672998: 1 baits >= 0.7 ['ECBAIT_HOST_CONTROL_01']
  HIT SRR21672999: 1 baits >= 0.7 ['ECBAIT_HOST_CONTROL_01']
  HIT SRR21673000: 1 baits >= 0.7 ['ECBAIT_HOST_CONTROL_01']
  HIT SRR21673001: 1 baits >= 0.7 ['ECBAIT_HOST_CONTROL_01']
  HIT SRR21673002: 1 baits >= 0.7 ['ECBAIT_HOST_CONTROL_01']
  HIT SRR21673003: 1 baits >= 0.7 ['ECBAIT_HOST_CONTROL_01']
  6700/12000 processed (6431 screened, 5487 hit-accessions) 2079s budget=11.5GB
  HIT SRR21673004: 1 baits >= 0.7 ['ECBAIT_HOST_CONTROL_01']
  HIT SRR21673005: 1 baits >= 0.7 ['ECBAIT_HOST_CONTROL_01']
  HIT SRR21673006: 1 baits >= 0.7 ['ECBAIT_HOST_CONTROL_01']
  HIT SRR21673007: 1 baits >= 0.7 ['ECBAIT_HOST_CONTROL_01']
  HIT SRR21673008: 1 baits >= 0.7 ['ECBAIT_HOST_CONTROL_01']
  HIT SRR21685328: 1 baits >= 0.7 ['ECBAIT_HOST_CONTROL_01']
  HIT SRR21721690: 1 baits >= 0.7 ['ECBAIT_HOST_CONTROL_01']
  HIT SRR21721691: 1 baits >= 0.7 ['ECBAIT_HOST_CONTROL_01']
  HIT SRR21721693: 2 baits >= 0.7 ['ECBAIT_0_0067_MEMBER_INTERIOR_01', 'ECBAIT_HOST_CONTROL_01']
  HIT SRR21721692: 1 baits >= 0.7 ['ECBAIT_HOST_CONTROL_01']
  HIT SRR21722752: 1 baits >= 0.7 ['ECBAIT_HOST_CONTROL_01']
  HIT SRR21727701: 1 baits >= 0.7 ['ECBAIT_HOST_CONTROL_01']
  HIT SRR21727703: 1 baits >= 0.7 ['ECBAIT_HOST_CONTROL_01']
  HIT SRR21727702: 1 baits >= 0.7 ['ECBAIT_HOST_CONTROL_01']
  HIT SRR21727704: 2 baits >= 0.7 ['ECBAIT_0_0067_MEMBER_INTERIOR_01', 'ECBAIT_HOST_CONTROL_01']
  HIT SRR21927637: 2 baits >= 0.7 ['ECBAIT_0_0014_MEMBER_INTERIOR_01', 'ECBAIT_HOST_CONTROL_02']
  HIT SRR21840174: 2 baits >= 0.7 ['ECBAIT_0_0000_JUNCTION_02', 'ECBAIT_10_0057_MEMBER_INTERIOR_01']
  HIT SRR21927640: 2 baits >= 0.7 ['ECBAIT_10_0002_MEMBER_INTERIOR_01', 'ECBAIT_10_0057_MEMBER_INTERIOR_01']
  HIT SRR21927643: 2 baits >= 0.7 ['ECBAIT_10_0002_MEMBER_INTERIOR_01', 'ECBAIT_10_0057_MEMBER_INTERIOR_01']
  HIT SRR21927650: 1 baits >= 0.7 ['ECBAIT_10_0057_MEMBER_INTERIOR_01']
  HIT SRR21927653: 1 baits >= 0.7 ['ECBAIT_10_0057_MEMBER_INTERIOR_01']
  HIT SRR21927655: 4 baits >= 0.7 ['ECBAIT_0_0091_JUNCTION_03', 'ECBAIT_0_0091_MEMBER_INTERIOR_01', 'ECBAIT_10_0057_MEMBER_INTERIOR_01', 'ECBAIT_HOST_CONTROL_01']
  HIT SRR21927658: 1 baits >= 0.7 ['ECBAIT_10_0057_MEMBER_INTERIOR_01']
  HIT SRR21990037: 2 baits >= 0.7 ['ECBAIT_10_0057_MEMBER_INTERIOR_01', 'ECBAIT_10_0172_MEMBER_INTERIOR_01']
  HIT SRR21990041: 1 baits >= 0.7 ['ECBAIT_10_0151_JUNCTION_03']
  HIT SRR21990066: 1 baits >= 0.7 ['ECBAIT_10_0151_JUNCTION_03']
  HIT SRR21990076: 2 baits >= 0.7 ['ECBAIT_10_0057_MEMBER_INTERIOR_01', 'ECBAIT_HOST_CONTROL_01']
  HIT SRR21990081: 2 baits >= 0.7 ['ECBAIT_10_0057_MEMBER_INTERIOR_01', 'ECBAIT_HOST_CONTROL_01']
  HIT SRR21990093: 1 baits >= 0.7 ['ECBAIT_HOST_CONTROL_01']
  HIT SRR21990096: 5 baits >= 0.7 ['ECBAIT_0_0000_INTERIOR_MODULE_01', 'ECBAIT_0_0000_JUNCTION_02', 'ECBAIT_0_0000_MEMBER_INTERIOR_01', 'ECBAIT_0_0054_MEMBER_INTERIOR_01']
  HIT SRR21990099: 1 baits >= 0.7 ['ECBAIT_10_0057_MEMBER_INTERIOR_01']
  HIT SRR21990105: 2 baits >= 0.7 ['ECBAIT_0_0046_MEMBER_INTERIOR_01', 'ECBAIT_10_0057_MEMBER_INTERIOR_01']
  HIT SRR21990106: 1 baits >= 0.7 ['ECBAIT_10_0057_MEMBER_INTERIOR_01']
  HIT SRR21990107: 1 baits >= 0.7 ['ECBAIT_10_0057_MEMBER_INTERIOR_01']
  HIT SRR21990127: 2 baits >= 0.7 ['ECBAIT_0_0046_MEMBER_INTERIOR_01', 'ECBAIT_10_0057_MEMBER_INTERIOR_01']
  HIT SRR21990128: 1 baits >= 0.7 ['ECBAIT_HOST_CONTROL_01']
  HIT SRR21990129: 3 baits >= 0.7 ['ECBAIT_10_0002_JUNCTION_01', 'ECBAIT_10_0002_JUNCTION_02', 'ECBAIT_HOST_CONTROL_01']
  HIT SRR21990197: 2 baits >= 0.7 ['ECBAIT_10_0057_MEMBER_INTERIOR_01', 'ECBAIT_HOST_CONTROL_01']
  HIT SRR21990201: 2 baits >= 0.7 ['ECBAIT_10_0057_MEMBER_INTERIOR_01', 'ECBAIT_HOST_CONTROL_01']
  HIT SRR21990198: 2 baits >= 0.7 ['ECBAIT_0_0000_JUNCTION_02', 'ECBAIT_10_0057_MEMBER_INTERIOR_01']
  HIT SRR21990206: 2 baits >= 0.7 ['ECBAIT_10_0002_MEMBER_INTERIOR_01', 'ECBAIT_10_0057_MEMBER_INTERIOR_01']
  HIT SRR21990207: 1 baits >= 0.7 ['ECBAIT_HOST_CONTROL_01']
  HIT SRR21990236: 3 baits >= 0.7 ['ECBAIT_10_0057_MEMBER_INTERIOR_01', 'ECBAIT_1_0004_MEMBER_INTERIOR_01', 'ECBAIT_HOST_CONTROL_01']
  6750/12000 processed (6481 screened, 5530 hit-accessions) 2100s budget=11.6GB
  HIT SRR21990268: 2 baits >= 0.7 ['ECBAIT_10_0002_MEMBER_INTERIOR_01', 'ECBAIT_10_0057_MEMBER_INTERIOR_01']
  HIT SRR21990274: 2 baits >= 0.7 ['ECBAIT_10_0002_MEMBER_INTERIOR_01', 'ECBAIT_10_0057_MEMBER_INTERIOR_01']
  HIT SRR21990277: 3 baits >= 0.7 ['ECBAIT_10_0002_MEMBER_INTERIOR_01', 'ECBAIT_10_0057_MEMBER_INTERIOR_01', 'ECBAIT_10_0172_MEMBER_INTERIOR_01']
  HIT SRR21990299: 2 baits >= 0.7 ['ECBAIT_10_0002_MEMBER_INTERIOR_01', 'ECBAIT_10_0057_MEMBER_INTERIOR_01']
  HIT SRR21990312: 3 baits >= 0.7 ['ECBAIT_10_0151_JUNCTION_03', 'ECBAIT_1_0004_JUNCTION_01', 'ECBAIT_HOST_CONTROL_02']
  HIT SRR21990314: 3 baits >= 0.7 ['ECBAIT_10_0057_MEMBER_INTERIOR_01', 'ECBAIT_10_0172_MEMBER_INTERIOR_01', 'ECBAIT_HOST_CONTROL_02']
  HIT SRR21990321: 2 baits >= 0.7 ['ECBAIT_10_0057_MEMBER_INTERIOR_01', 'ECBAIT_HOST_CONTROL_01']
  HIT SRR21990324: 1 baits >= 0.7 ['ECBAIT_10_0057_MEMBER_INTERIOR_01']
  HIT SRR21990331: 2 baits >= 0.7 ['ECBAIT_10_0057_MEMBER_INTERIOR_01', 'ECBAIT_HOST_CONTROL_01']
  HIT SRR21990353: 1 baits >= 0.7 ['ECBAIT_10_0057_MEMBER_INTERIOR_01']
  HIT SRR21990370: 1 baits >= 0.7 ['ECBAIT_HOST_CONTROL_02']
  HIT SRR21990361: 2 baits >= 0.7 ['ECBAIT_10_0057_MEMBER_INTERIOR_01', 'ECBAIT_HOST_CONTROL_01']
  HIT SRR21990371: 1 baits >= 0.7 ['ECBAIT_10_0057_MEMBER_INTERIOR_01']
  HIT SRR21990375: 1 baits >= 0.7 ['ECBAIT_0_0051_MEMBER_INTERIOR_01']
  HIT SRR21990385: 1 baits >= 0.7 ['ECBAIT_10_0057_MEMBER_INTERIOR_01']
  HIT SRR21990388: 2 baits >= 0.7 ['ECBAIT_10_0057_MEMBER_INTERIOR_01', 'ECBAIT_HOST_CONTROL_01']
  HIT SRR21990391: 1 baits >= 0.7 ['ECBAIT_10_0057_MEMBER_INTERIOR_01']
  HIT SRR21990406: 2 baits >= 0.7 ['ECBAIT_10_0057_MEMBER_INTERIOR_01', 'ECBAIT_HOST_CONTROL_01']
  HIT SRR21990400: 1 baits >= 0.7 ['ECBAIT_10_0151_JUNCTION_03']
  HIT SRR21990423: 2 baits >= 0.7 ['ECBAIT_10_0057_MEMBER_INTERIOR_01', 'ECBAIT_HOST_CONTROL_01']
  HIT SRR21990425: 2 baits >= 0.7 ['ECBAIT_10_0057_MEMBER_INTERIOR_01', 'ECBAIT_HOST_CONTROL_01']
  HIT SRR21990426: 1 baits >= 0.7 ['ECBAIT_10_0057_MEMBER_INTERIOR_01']
  HIT SRR21990438: 1 baits >= 0.7 ['ECBAIT_HOST_CONTROL_01']
  HIT SRR21990446: 2 baits >= 0.7 ['ECBAIT_10_0057_MEMBER_INTERIOR_01', 'ECBAIT_10_0151_JUNCTION_03']
  HIT SRR21990447: 2 baits >= 0.7 ['ECBAIT_10_0057_MEMBER_INTERIOR_01', 'ECBAIT_HOST_CONTROL_01']
  HIT SRR21990450: 1 baits >= 0.7 ['ECBAIT_10_0057_MEMBER_INTERIOR_01']
  HIT SRR21990451: 1 baits >= 0.7 ['ECBAIT_HOST_CONTROL_01']
  HIT SRR21990463: 1 baits >= 0.7 ['ECBAIT_10_0151_MEMBER_INTERIOR_01']
  HIT SRR21990474: 3 baits >= 0.7 ['ECBAIT_0_0000_JUNCTION_02', 'ECBAIT_0_0052_JUNCTION_03', 'ECBAIT_10_0057_MEMBER_INTERIOR_01']
  HIT SRR21990464: 4 baits >= 0.7 ['ECBAIT_10_0002_JUNCTION_01', 'ECBAIT_10_0002_JUNCTION_02', 'ECBAIT_10_0057_MEMBER_INTERIOR_01', 'ECBAIT_HOST_CONTROL_01']
  HIT SRR21990476: 2 baits >= 0.7 ['ECBAIT_10_0057_MEMBER_INTERIOR_01', 'ECBAIT_10_0172_MEMBER_INTERIOR_01']
  HIT SRR22013161: 2 baits >= 0.7 ['ECBAIT_10_0057_MEMBER_INTERIOR_01', 'ECBAIT_HOST_CONTROL_02']
  HIT SRR22013162: 2 baits >= 0.7 ['ECBAIT_10_0057_MEMBER_INTERIOR_01', 'ECBAIT_HOST_CONTROL_02']
  HIT SRR22013163: 2 baits >= 0.7 ['ECBAIT_10_0057_MEMBER_INTERIOR_01', 'ECBAIT_1_0004_MEMBER_INTERIOR_01']
  HIT SRR22013164: 2 baits >= 0.7 ['ECBAIT_10_0057_MEMBER_INTERIOR_01', 'ECBAIT_1_0004_MEMBER_INTERIOR_01']
  HIT SRR22013165: 2 baits >= 0.7 ['ECBAIT_10_0057_MEMBER_INTERIOR_01', 'ECBAIT_HOST_CONTROL_02']
  HIT SRR22013166: 1 baits >= 0.7 ['ECBAIT_10_0057_MEMBER_INTERIOR_01']
  HIT SRR22013169: 2 baits >= 0.7 ['ECBAIT_10_0057_MEMBER_INTERIOR_01', 'ECBAIT_HOST_CONTROL_02']
  HIT SRR22013172: 1 baits >= 0.7 ['ECBAIT_10_0057_MEMBER_INTERIOR_01']
  6800/12000 processed (6531 screened, 5569 hit-accessions) 2122s budget=11.7GB
  HIT SRR22013174: 2 baits >= 0.7 ['ECBAIT_10_0057_MEMBER_INTERIOR_01', 'ECBAIT_HOST_CONTROL_02']
  HIT SRR22013175: 2 baits >= 0.7 ['ECBAIT_10_0057_MEMBER_INTERIOR_01', 'ECBAIT_1_0004_MEMBER_INTERIOR_01']
  HIT SRR22013176: 2 baits >= 0.7 ['ECBAIT_10_0057_MEMBER_INTERIOR_01', 'ECBAIT_1_0004_MEMBER_INTERIOR_01']
  HIT SRR22013177: 2 baits >= 0.7 ['ECBAIT_10_0057_MEMBER_INTERIOR_01', 'ECBAIT_1_0004_MEMBER_INTERIOR_01']
  HIT SRR22013178: 1 baits >= 0.7 ['ECBAIT_10_0057_MEMBER_INTERIOR_01']
  HIT SRR22013179: 1 baits >= 0.7 ['ECBAIT_10_0057_MEMBER_INTERIOR_01']
  HIT SRR22013180: 3 baits >= 0.7 ['ECBAIT_0_0052_JUNCTION_01', 'ECBAIT_0_0052_JUNCTION_03', 'ECBAIT_10_0057_MEMBER_INTERIOR_01']
  HIT SRR22013181: 2 baits >= 0.7 ['ECBAIT_0_0054_MEMBER_INTERIOR_01', 'ECBAIT_10_0057_MEMBER_INTERIOR_01']
  HIT SRR22013182: 3 baits >= 0.7 ['ECBAIT_0_0052_JUNCTION_01', 'ECBAIT_0_0052_JUNCTION_03', 'ECBAIT_10_0057_MEMBER_INTERIOR_01']
  HIT SRR22013183: 3 baits >= 0.7 ['ECBAIT_0_0052_JUNCTION_01', 'ECBAIT_0_0052_JUNCTION_03', 'ECBAIT_10_0057_MEMBER_INTERIOR_01']
  HIT SRR22013184: 2 baits >= 0.7 ['ECBAIT_0_0046_MEMBER_INTERIOR_01', 'ECBAIT_10_0057_MEMBER_INTERIOR_01']
  HIT SRR22013185: 2 baits >= 0.7 ['ECBAIT_0_0046_MEMBER_INTERIOR_01', 'ECBAIT_10_0057_MEMBER_INTERIOR_01']
  HIT SRR22013186: 1 baits >= 0.7 ['ECBAIT_10_0057_MEMBER_INTERIOR_01']
  HIT SRR22013187: 1 baits >= 0.7 ['ECBAIT_10_0057_MEMBER_INTERIOR_01']
  HIT SRR22013188: 1 baits >= 0.7 ['ECBAIT_10_0057_MEMBER_INTERIOR_01']
  HIT SRR22013189: 3 baits >= 0.7 ['ECBAIT_0_0046_MEMBER_INTERIOR_01', 'ECBAIT_10_0057_MEMBER_INTERIOR_01', 'ECBAIT_1_0022_JUNCTION_03']
  HIT SRR22013190: 1 baits >= 0.7 ['ECBAIT_10_0057_MEMBER_INTERIOR_01']
  HIT SRR22013191: 2 baits >= 0.7 ['ECBAIT_10_0057_MEMBER_INTERIOR_01', 'ECBAIT_1_0004_MEMBER_INTERIOR_01']
  HIT SRR22013192: 2 baits >= 0.7 ['ECBAIT_10_0057_MEMBER_INTERIOR_01', 'ECBAIT_1_0004_MEMBER_INTERIOR_01']
  HIT SRR22013194: 2 baits >= 0.7 ['ECBAIT_1_0004_JUNCTION_01', 'ECBAIT_HOST_CONTROL_02']
  HIT SRR22013195: 2 baits >= 0.7 ['ECBAIT_10_0057_MEMBER_INTERIOR_01', 'ECBAIT_HOST_CONTROL_02']
  HIT SRR22013196: 1 baits >= 0.7 ['ECBAIT_HOST_CONTROL_01']
  HIT SRR22013197: 2 baits >= 0.7 ['ECBAIT_10_0057_MEMBER_INTERIOR_01', 'ECBAIT_HOST_CONTROL_02']
  HIT SRR22013198: 2 baits >= 0.7 ['ECBAIT_10_0057_MEMBER_INTERIOR_01', 'ECBAIT_1_0004_MEMBER_INTERIOR_01']
  HIT SRR22013199: 1 baits >= 0.7 ['ECBAIT_10_0057_MEMBER_INTERIOR_01']
  HIT SRR22013200: 4 baits >= 0.7 ['ECBAIT_0_0000_INTERIOR_MODULE_01', 'ECBAIT_0_0000_JUNCTION_02', 'ECBAIT_0_0000_MEMBER_INTERIOR_01', 'ECBAIT_10_0057_MEMBER_INTERIOR_01']
  HIT SRR22013201: 1 baits >= 0.7 ['ECBAIT_10_0057_MEMBER_INTERIOR_01']
  HIT SRR22013202: 1 baits >= 0.7 ['ECBAIT_10_0057_MEMBER_INTERIOR_01']
  HIT SRR22013204: 1 baits >= 0.7 ['ECBAIT_10_0057_MEMBER_INTERIOR_01']
  HIT SRR22013203: 1 baits >= 0.7 ['ECBAIT_10_0057_MEMBER_INTERIOR_01']
  HIT SRR22013205: 3 baits >= 0.7 ['ECBAIT_0_0046_MEMBER_INTERIOR_01', 'ECBAIT_10_0057_MEMBER_INTERIOR_01', 'ECBAIT_1_0022_JUNCTION_03']
  HIT SRR22013206: 3 baits >= 0.7 ['ECBAIT_0_0059_JUNCTION_01', 'ECBAIT_0_0059_MEMBER_INTERIOR_01', 'ECBAIT_10_0057_MEMBER_INTERIOR_01']
  HIT SRR22227558: 3 baits >= 0.7 ['ECBAIT_10_0002_JUNCTION_01', 'ECBAIT_10_0002_JUNCTION_02', 'ECBAIT_HOST_CONTROL_01']
  HIT SRR22227559: 3 baits >= 0.7 ['ECBAIT_10_0002_JUNCTION_01', 'ECBAIT_10_0002_JUNCTION_02', 'ECBAIT_HOST_CONTROL_01']
  HIT SRR22227560: 1 baits >= 0.7 ['ECBAIT_HOST_CONTROL_01']
  HIT SRR22231017: 2 baits >= 0.7 ['ECBAIT_0_0054_MEMBER_INTERIOR_01', 'ECBAIT_10_0057_MEMBER_INTERIOR_01']
  HIT SRR22231018: 1 baits >= 0.7 ['ECBAIT_10_0057_MEMBER_INTERIOR_01']
  HIT SRR22231026: 1 baits >= 0.7 ['ECBAIT_HOST_CONTROL_01']
  HIT SRR22231027: 2 baits >= 0.7 ['ECBAIT_10_0057_MEMBER_INTERIOR_01', 'ECBAIT_HOST_CONTROL_02']
  HIT SRR22359381: 1 baits >= 0.7 ['ECBAIT_10_0057_MEMBER_INTERIOR_01']
  HIT SRR22359383: 1 baits >= 0.7 ['ECBAIT_10_0057_MEMBER_INTERIOR_01']
  HIT SRR2239577: 2 baits >= 0.7 ['ECBAIT_0_0000_MEMBER_INTERIOR_01', 'ECBAIT_10_0044_MEMBER_INTERIOR_01']
  HIT SRR2239579: 1 baits >= 0.7 ['ECBAIT_10_0057_MEMBER_INTERIOR_01']
  HIT SRR2239582: 2 baits >= 0.7 ['ECBAIT_1_0004_JUNCTION_01', 'ECBAIT_HOST_CONTROL_01']
  HIT SRR2239584: 1 baits >= 0.7 ['ECBAIT_HOST_CONTROL_01']
  6850/12000 processed (6581 screened, 5614 hit-accessions) 2142s budget=11.7GB
  HIT SRR2239585: 2 baits >= 0.7 ['ECBAIT_10_0057_MEMBER_INTERIOR_01', 'ECBAIT_HOST_CONTROL_01']
  HIT SRR2239591: 1 baits >= 0.7 ['ECBAIT_HOST_CONTROL_01']
  HIT SRR2239595: 1 baits >= 0.7 ['ECBAIT_10_0057_MEMBER_INTERIOR_01']
  HIT SRR2239596: 2 baits >= 0.7 ['ECBAIT_10_0057_MEMBER_INTERIOR_01', 'ECBAIT_HOST_CONTROL_01']
  HIT SRR2239598: 3 baits >= 0.7 ['ECBAIT_0_0000_JUNCTION_02', 'ECBAIT_0_0000_MEMBER_INTERIOR_01', 'ECBAIT_HOST_CONTROL_01']
  HIT SRR2239599: 2 baits >= 0.7 ['ECBAIT_10_0057_MEMBER_INTERIOR_01', 'ECBAIT_HOST_CONTROL_01']
  HIT SRR2239602: 1 baits >= 0.7 ['ECBAIT_10_0057_MEMBER_INTERIOR_01']
  HIT SRR2239603: 1 baits >= 0.7 ['ECBAIT_10_0057_MEMBER_INTERIOR_01']
  HIT SRR2239605: 1 baits >= 0.7 ['ECBAIT_HOST_CONTROL_01']
  HIT SRR2239606: 1 baits >= 0.7 ['ECBAIT_10_0057_MEMBER_INTERIOR_01']
  HIT SRR2239607: 1 baits >= 0.7 ['ECBAIT_HOST_CONTROL_01']
  HIT SRR2239608: 1 baits >= 0.7 ['ECBAIT_10_0057_MEMBER_INTERIOR_01']
  HIT SRR2239609: 2 baits >= 0.7 ['ECBAIT_10_0057_MEMBER_INTERIOR_01', 'ECBAIT_HOST_CONTROL_01']
  HIT SRR2239610: 2 baits >= 0.7 ['ECBAIT_10_0057_MEMBER_INTERIOR_01', 'ECBAIT_HOST_CONTROL_01']
  HIT SRR2239611: 1 baits >= 0.7 ['ECBAIT_0_0000_JUNCTION_02']
  HIT SRR2239612: 2 baits >= 0.7 ['ECBAIT_0_0046_MEMBER_INTERIOR_01', 'ECBAIT_1_0022_JUNCTION_03']
  HIT SRR2239614: 4 baits >= 0.7 ['ECBAIT_0_0000_JUNCTION_01', 'ECBAIT_10_0002_MEMBER_INTERIOR_01', 'ECBAIT_10_0057_MEMBER_INTERIOR_01', 'ECBAIT_HOST_CONTROL_01']
  HIT SRR2239615: 1 baits >= 0.7 ['ECBAIT_10_0057_MEMBER_INTERIOR_01']
  HIT SRR2239616: 1 baits >= 0.7 ['ECBAIT_10_0057_MEMBER_INTERIOR_01']
  HIT SRR2239618: 1 baits >= 0.7 ['ECBAIT_0_0067_MEMBER_INTERIOR_01']
  HIT SRR2239619: 1 baits >= 0.7 ['ECBAIT_HOST_CONTROL_01']
  HIT SRR2239620: 2 baits >= 0.7 ['ECBAIT_10_0002_JUNCTION_01', 'ECBAIT_HOST_CONTROL_01']
  HIT SRR2239621: 7 baits >= 0.7 ['ECBAIT_0_0000_JUNCTION_01', 'ECBAIT_0_0046_JUNCTION_01', 'ECBAIT_0_0046_MEMBER_INTERIOR_01', 'ECBAIT_10_0044_INTERIOR_MODULE_01']
  HIT SRR2239623: 1 baits >= 0.7 ['ECBAIT_1_0004_JUNCTION_01']
  HIT SRR2239626: 1 baits >= 0.7 ['ECBAIT_10_0057_MEMBER_INTERIOR_01']
  HIT SRR2239629: 2 baits >= 0.7 ['ECBAIT_10_0057_MEMBER_INTERIOR_01', 'ECBAIT_HOST_CONTROL_01']
  HIT SRR2239628: 2 baits >= 0.7 ['ECBAIT_10_0057_MEMBER_INTERIOR_01', 'ECBAIT_HOST_CONTROL_01']
  HIT SRR2239630: 1 baits >= 0.7 ['ECBAIT_HOST_CONTROL_01']
  HIT SRR2239633: 2 baits >= 0.7 ['ECBAIT_0_0000_JUNCTION_02', 'ECBAIT_HOST_CONTROL_01']
  HIT SRR2239635: 1 baits >= 0.7 ['ECBAIT_10_0057_MEMBER_INTERIOR_01']
  HIT SRR2239636: 1 baits >= 0.7 ['ECBAIT_HOST_CONTROL_01']
  HIT SRR2239637: 1 baits >= 0.7 ['ECBAIT_HOST_CONTROL_01']
  HIT SRR2239638: 2 baits >= 0.7 ['ECBAIT_10_0057_MEMBER_INTERIOR_01', 'ECBAIT_HOST_CONTROL_01']
  HIT SRR2239641: 1 baits >= 0.7 ['ECBAIT_1_0004_JUNCTION_01']
  HIT SRR2239642: 1 baits >= 0.7 ['ECBAIT_HOST_CONTROL_01']
  HIT SRR2239643: 6 baits >= 0.7 ['ECBAIT_0_0000_JUNCTION_01', 'ECBAIT_10_0002_MEMBER_INTERIOR_01', 'ECBAIT_10_0044_INTERIOR_MODULE_01', 'ECBAIT_10_0044_MEMBER_INTERIOR_01']
  HIT SRR2239644: 1 baits >= 0.7 ['ECBAIT_10_0002_MEMBER_INTERIOR_01']
  HIT SRR2239645: 1 baits >= 0.7 ['ECBAIT_10_0057_MEMBER_INTERIOR_01']
  6900/12000 processed (6631 screened, 5652 hit-accessions) 2164s budget=11.8GB
  HIT SRR2239647: 5 baits >= 0.7 ['ECBAIT_0_0046_JUNCTION_02', 'ECBAIT_0_0046_MEMBER_INTERIOR_01', 'ECBAIT_10_0057_MEMBER_INTERIOR_01', 'ECBAIT_1_0022_JUNCTION_03']
  HIT SRR2239648: 1 baits >= 0.7 ['ECBAIT_0_0059_MEMBER_INTERIOR_01']
  HIT SRR22405898: 2 baits >= 0.7 ['ECBAIT_10_0002_MEMBER_INTERIOR_01', 'ECBAIT_10_0057_MEMBER_INTERIOR_01']
  HIT SRR22405899: 2 baits >= 0.7 ['ECBAIT_10_0002_MEMBER_INTERIOR_01', 'ECBAIT_10_0172_MEMBER_INTERIOR_01']
  HIT SRR22405900: 2 baits >= 0.7 ['ECBAIT_10_0002_MEMBER_INTERIOR_01', 'ECBAIT_10_0057_MEMBER_INTERIOR_01']
  HIT SRR22405902: 2 baits >= 0.7 ['ECBAIT_10_0002_MEMBER_INTERIOR_01', 'ECBAIT_10_0057_MEMBER_INTERIOR_01']
  HIT SRR22405901: 3 baits >= 0.7 ['ECBAIT_10_0002_MEMBER_INTERIOR_01', 'ECBAIT_10_0057_MEMBER_INTERIOR_01', 'ECBAIT_10_0172_MEMBER_INTERIOR_01']
  HIT SRR22405903: 3 baits >= 0.7 ['ECBAIT_10_0002_MEMBER_INTERIOR_01', 'ECBAIT_10_0057_MEMBER_INTERIOR_01', 'ECBAIT_10_0172_MEMBER_INTERIOR_01']
  HIT SRR22405905: 2 baits >= 0.7 ['ECBAIT_10_0002_MEMBER_INTERIOR_01', 'ECBAIT_10_0057_MEMBER_INTERIOR_01']
  HIT SRR22405904: 2 baits >= 0.7 ['ECBAIT_10_0002_MEMBER_INTERIOR_01', 'ECBAIT_10_0057_MEMBER_INTERIOR_01']
  HIT SRR22405906: 3 baits >= 0.7 ['ECBAIT_10_0002_MEMBER_INTERIOR_01', 'ECBAIT_10_0057_MEMBER_INTERIOR_01', 'ECBAIT_10_0172_MEMBER_INTERIOR_01']
  HIT SRR22405907: 1 baits >= 0.7 ['ECBAIT_10_0057_MEMBER_INTERIOR_01']
  HIT SRR22405908: 5 baits >= 0.7 ['ECBAIT_10_0002_JUNCTION_01', 'ECBAIT_10_0002_JUNCTION_02', 'ECBAIT_10_0002_MEMBER_INTERIOR_01', 'ECBAIT_10_0057_MEMBER_INTERIOR_01']
  HIT SRR22405909: 2 baits >= 0.7 ['ECBAIT_10_0002_MEMBER_INTERIOR_01', 'ECBAIT_10_0057_MEMBER_INTERIOR_01']
  HIT SRR22405910: 3 baits >= 0.7 ['ECBAIT_10_0002_MEMBER_INTERIOR_01', 'ECBAIT_10_0057_MEMBER_INTERIOR_01', 'ECBAIT_10_0172_MEMBER_INTERIOR_01']
  HIT SRR22405911: 3 baits >= 0.7 ['ECBAIT_10_0002_MEMBER_INTERIOR_01', 'ECBAIT_10_0057_MEMBER_INTERIOR_01', 'ECBAIT_10_0172_MEMBER_INTERIOR_01']
  HIT SRR22405912: 2 baits >= 0.7 ['ECBAIT_10_0057_MEMBER_INTERIOR_01', 'ECBAIT_10_0172_MEMBER_INTERIOR_01']
  HIT SRR22405913: 2 baits >= 0.7 ['ECBAIT_10_0002_MEMBER_INTERIOR_01', 'ECBAIT_10_0057_MEMBER_INTERIOR_01']
  HIT SRR22405914: 2 baits >= 0.7 ['ECBAIT_10_0002_MEMBER_INTERIOR_01', 'ECBAIT_10_0057_MEMBER_INTERIOR_01']
  HIT SRR22405915: 3 baits >= 0.7 ['ECBAIT_10_0002_MEMBER_INTERIOR_01', 'ECBAIT_10_0057_MEMBER_INTERIOR_01', 'ECBAIT_10_0172_MEMBER_INTERIOR_01']
  HIT SRR22405916: 2 baits >= 0.7 ['ECBAIT_10_0002_MEMBER_INTERIOR_01', 'ECBAIT_10_0057_MEMBER_INTERIOR_01']
  HIT SRR22405917: 3 baits >= 0.7 ['ECBAIT_10_0002_MEMBER_INTERIOR_01', 'ECBAIT_10_0057_MEMBER_INTERIOR_01', 'ECBAIT_10_0172_MEMBER_INTERIOR_01']
  HIT SRR22405918: 2 baits >= 0.7 ['ECBAIT_10_0002_MEMBER_INTERIOR_01', 'ECBAIT_10_0057_MEMBER_INTERIOR_01']
  HIT SRR22405919: 3 baits >= 0.7 ['ECBAIT_10_0002_MEMBER_INTERIOR_01', 'ECBAIT_10_0057_MEMBER_INTERIOR_01', 'ECBAIT_10_0172_MEMBER_INTERIOR_01']
  HIT SRR22405921: 3 baits >= 0.7 ['ECBAIT_10_0002_MEMBER_INTERIOR_01', 'ECBAIT_10_0057_MEMBER_INTERIOR_01', 'ECBAIT_10_0172_MEMBER_INTERIOR_01']
  HIT SRR22405920: 3 baits >= 0.7 ['ECBAIT_10_0002_JUNCTION_01', 'ECBAIT_10_0002_JUNCTION_02', 'ECBAIT_10_0002_MEMBER_INTERIOR_01']
  HIT SRR22405922: 3 baits >= 0.7 ['ECBAIT_10_0002_MEMBER_INTERIOR_01', 'ECBAIT_10_0057_MEMBER_INTERIOR_01', 'ECBAIT_10_0172_MEMBER_INTERIOR_01']
  HIT SRR22405924: 2 baits >= 0.7 ['ECBAIT_10_0002_MEMBER_INTERIOR_01', 'ECBAIT_10_0172_MEMBER_INTERIOR_01']
  HIT SRR22405923: 2 baits >= 0.7 ['ECBAIT_10_0002_MEMBER_INTERIOR_01', 'ECBAIT_10_0057_MEMBER_INTERIOR_01']
  HIT SRR22405925: 2 baits >= 0.7 ['ECBAIT_10_0002_MEMBER_INTERIOR_01', 'ECBAIT_10_0057_MEMBER_INTERIOR_01']
  HIT SRR22405926: 3 baits >= 0.7 ['ECBAIT_10_0002_MEMBER_INTERIOR_01', 'ECBAIT_10_0057_MEMBER_INTERIOR_01', 'ECBAIT_10_0172_MEMBER_INTERIOR_01']
  HIT SRR22405927: 3 baits >= 0.7 ['ECBAIT_10_0002_MEMBER_INTERIOR_01', 'ECBAIT_10_0057_MEMBER_INTERIOR_01', 'ECBAIT_10_0172_MEMBER_INTERIOR_01']
  HIT SRR22405928: 2 baits >= 0.7 ['ECBAIT_10_0002_MEMBER_INTERIOR_01', 'ECBAIT_10_0057_MEMBER_INTERIOR_01']
  HIT SRR22405929: 2 baits >= 0.7 ['ECBAIT_10_0002_MEMBER_INTERIOR_01', 'ECBAIT_10_0057_MEMBER_INTERIOR_01']
  HIT SRR22405930: 1 baits >= 0.7 ['ECBAIT_10_0057_MEMBER_INTERIOR_01']
  HIT SRR22405931: 5 baits >= 0.7 ['ECBAIT_10_0002_JUNCTION_01', 'ECBAIT_10_0002_JUNCTION_02', 'ECBAIT_10_0002_MEMBER_INTERIOR_01', 'ECBAIT_10_0057_MEMBER_INTERIOR_01']
  HIT SRR22405932: 4 baits >= 0.7 ['ECBAIT_10_0002_JUNCTION_01', 'ECBAIT_10_0002_JUNCTION_02', 'ECBAIT_10_0002_MEMBER_INTERIOR_01', 'ECBAIT_10_0057_MEMBER_INTERIOR_01']
  HIT SRR22405933: 3 baits >= 0.7 ['ECBAIT_10_0002_MEMBER_INTERIOR_01', 'ECBAIT_10_0057_MEMBER_INTERIOR_01', 'ECBAIT_10_0172_MEMBER_INTERIOR_01']
  HIT SRR22405934: 2 baits >= 0.7 ['ECBAIT_10_0002_MEMBER_INTERIOR_01', 'ECBAIT_10_0057_MEMBER_INTERIOR_01']
  HIT SRR22405936: 3 baits >= 0.7 ['ECBAIT_10_0002_MEMBER_INTERIOR_01', 'ECBAIT_10_0057_MEMBER_INTERIOR_01', 'ECBAIT_10_0172_MEMBER_INTERIOR_01']
  HIT SRR22405935: 2 baits >= 0.7 ['ECBAIT_10_0002_MEMBER_INTERIOR_01', 'ECBAIT_10_0057_MEMBER_INTERIOR_01']
  HIT SRR22405937: 3 baits >= 0.7 ['ECBAIT_10_0002_JUNCTION_01', 'ECBAIT_10_0002_JUNCTION_02', 'ECBAIT_10_0002_MEMBER_INTERIOR_01']
  HIT SRR22405938: 2 baits >= 0.7 ['ECBAIT_10_0002_MEMBER_INTERIOR_01', 'ECBAIT_10_0057_MEMBER_INTERIOR_01']
  HIT SRR22405939: 3 baits >= 0.7 ['ECBAIT_10_0002_MEMBER_INTERIOR_01', 'ECBAIT_10_0057_MEMBER_INTERIOR_01', 'ECBAIT_10_0172_MEMBER_INTERIOR_01']
  HIT SRR22405940: 3 baits >= 0.7 ['ECBAIT_10_0002_MEMBER_INTERIOR_01', 'ECBAIT_10_0057_MEMBER_INTERIOR_01', 'ECBAIT_10_0172_MEMBER_INTERIOR_01']
  HIT SRR22405942: 2 baits >= 0.7 ['ECBAIT_10_0057_MEMBER_INTERIOR_01', 'ECBAIT_10_0172_MEMBER_INTERIOR_01']
  HIT SRR22405941: 2 baits >= 0.7 ['ECBAIT_10_0002_MEMBER_INTERIOR_01', 'ECBAIT_10_0057_MEMBER_INTERIOR_01']
  HIT SRR22405943: 2 baits >= 0.7 ['ECBAIT_10_0002_MEMBER_INTERIOR_01', 'ECBAIT_10_0057_MEMBER_INTERIOR_01']
  HIT SRR22456532: 5 baits >= 0.7 ['ECBAIT_0_0059_JUNCTION_01', 'ECBAIT_0_0059_JUNCTION_02', 'ECBAIT_0_0059_JUNCTION_03', 'ECBAIT_0_0059_MEMBER_INTERIOR_01']
  HIT SRR22456533: 5 baits >= 0.7 ['ECBAIT_0_0059_JUNCTION_01', 'ECBAIT_0_0059_JUNCTION_02', 'ECBAIT_0_0059_JUNCTION_03', 'ECBAIT_0_0059_MEMBER_INTERIOR_01']
  6950/12000 processed (6681 screened, 5702 hit-accessions) 2185s budget=12.0GB
  HIT SRR22456538: 1 baits >= 0.7 ['ECBAIT_10_0057_MEMBER_INTERIOR_01']
  HIT SRR22456540: 3 baits >= 0.7 ['ECBAIT_0_0054_MEMBER_INTERIOR_01', 'ECBAIT_1_0004_JUNCTION_01', 'ECBAIT_HOST_CONTROL_02']
  HIT SRR22456541: 1 baits >= 0.7 ['ECBAIT_10_0057_MEMBER_INTERIOR_01']
  HIT SRR22477809: 1 baits >= 0.7 ['ECBAIT_HOST_CONTROL_01']
  HIT SRR22929204: 1 baits >= 0.7 ['ECBAIT_HOST_CONTROL_01']
  HIT SRR22929205: 1 baits >= 0.7 ['ECBAIT_10_0057_MEMBER_INTERIOR_01']
  HIT SRR22929208: 1 baits >= 0.7 ['ECBAIT_HOST_CONTROL_01']
  HIT SRR22929206: 1 baits >= 0.7 ['ECBAIT_10_0057_MEMBER_INTERIOR_01']
  HIT SRR22967800: 4 baits >= 0.7 ['ECBAIT_0_0000_JUNCTION_02', 'ECBAIT_0_0000_MEMBER_INTERIOR_01', 'ECBAIT_10_0057_MEMBER_INTERIOR_01', 'ECBAIT_HOST_CONTROL_02']
  HIT SRR23037561: 3 baits >= 0.7 ['ECBAIT_0_0000_JUNCTION_02', 'ECBAIT_0_0000_MEMBER_INTERIOR_01', 'ECBAIT_HOST_CONTROL_02']
  HIT SRR22967809: 1 baits >= 0.7 ['ECBAIT_10_0057_MEMBER_INTERIOR_01']
  HIT SRR23037563: 5 baits >= 0.7 ['ECBAIT_0_0046_JUNCTION_02', 'ECBAIT_0_0046_MEMBER_INTERIOR_01', 'ECBAIT_10_0057_MEMBER_INTERIOR_01', 'ECBAIT_1_0022_JUNCTION_03']
  HIT SRR23037564: 2 baits >= 0.7 ['ECBAIT_10_0002_MEMBER_INTERIOR_01', 'ECBAIT_10_0057_MEMBER_INTERIOR_01']
  HIT SRR23037565: 5 baits >= 0.7 ['ECBAIT_0_0000_JUNCTION_02', 'ECBAIT_0_0000_MEMBER_INTERIOR_01', 'ECBAIT_10_0057_MEMBER_INTERIOR_01', 'ECBAIT_10_0172_MEMBER_INTERIOR_01']
  HIT SRR23037566: 1 baits >= 0.7 ['ECBAIT_HOST_CONTROL_02']
  HIT SRR23037568: 1 baits >= 0.7 ['ECBAIT_10_0057_MEMBER_INTERIOR_01']
  HIT SRR23037567: 4 baits >= 0.7 ['ECBAIT_10_0057_MEMBER_INTERIOR_01', 'ECBAIT_10_0172_MEMBER_INTERIOR_01', 'ECBAIT_1_0004_JUNCTION_02', 'ECBAIT_HOST_CONTROL_02']
  HIT SRR23037569: 1 baits >= 0.7 ['ECBAIT_10_0057_MEMBER_INTERIOR_01']
  HIT SRR23037570: 1 baits >= 0.7 ['ECBAIT_10_0057_MEMBER_INTERIOR_01']
  HIT SRR23037571: 4 baits >= 0.7 ['ECBAIT_0_0000_JUNCTION_02', 'ECBAIT_0_0000_MEMBER_INTERIOR_01', 'ECBAIT_10_0057_MEMBER_INTERIOR_01', 'ECBAIT_HOST_CONTROL_02']
  HIT SRR23037572: 3 baits >= 0.7 ['ECBAIT_10_0002_MEMBER_INTERIOR_01', 'ECBAIT_10_0057_MEMBER_INTERIOR_01', 'ECBAIT_10_0172_MEMBER_INTERIOR_01']
  HIT SRR23037573: 4 baits >= 0.7 ['ECBAIT_0_0000_INTERIOR_MODULE_01', 'ECBAIT_0_0000_JUNCTION_02', 'ECBAIT_0_0000_MEMBER_INTERIOR_01', 'ECBAIT_HOST_CONTROL_02']
  HIT SRR23037575: 3 baits >= 0.7 ['ECBAIT_10_0002_MEMBER_INTERIOR_01', 'ECBAIT_10_0057_MEMBER_INTERIOR_01', 'ECBAIT_1_0022_MEMBER_INTERIOR_01']
  HIT SRR23037576: 5 baits >= 0.7 ['ECBAIT_0_0000_INTERIOR_MODULE_01', 'ECBAIT_0_0000_JUNCTION_02', 'ECBAIT_0_0000_MEMBER_INTERIOR_01', 'ECBAIT_10_0057_MEMBER_INTERIOR_01']
  HIT SRR23037577: 2 baits >= 0.7 ['ECBAIT_1_0004_JUNCTION_01', 'ECBAIT_HOST_CONTROL_01']
  HIT SRR23037578: 5 baits >= 0.7 ['ECBAIT_0_0000_JUNCTION_02', 'ECBAIT_0_0000_MEMBER_INTERIOR_01', 'ECBAIT_0_0052_JUNCTION_03', 'ECBAIT_10_0057_MEMBER_INTERIOR_01']
  HIT SRR23037579: 3 baits >= 0.7 ['ECBAIT_10_0002_MEMBER_INTERIOR_01', 'ECBAIT_10_0057_MEMBER_INTERIOR_01', 'ECBAIT_10_0172_MEMBER_INTERIOR_01']
  HIT SRR23037580: 3 baits >= 0.7 ['ECBAIT_0_0000_JUNCTION_02', 'ECBAIT_10_0057_MEMBER_INTERIOR_01', 'ECBAIT_10_0151_JUNCTION_03']
  HIT SRR23037581: 3 baits >= 0.7 ['ECBAIT_10_0002_MEMBER_INTERIOR_01', 'ECBAIT_10_0057_MEMBER_INTERIOR_01', 'ECBAIT_10_0172_MEMBER_INTERIOR_01']
  HIT SRR23037583: 4 baits >= 0.7 ['ECBAIT_0_0000_JUNCTION_02', 'ECBAIT_0_0000_MEMBER_INTERIOR_01', 'ECBAIT_10_0057_MEMBER_INTERIOR_01', 'ECBAIT_HOST_CONTROL_02']
  HIT SRR23037582: 3 baits >= 0.7 ['ECBAIT_10_0057_MEMBER_INTERIOR_01', 'ECBAIT_10_0172_MEMBER_INTERIOR_01', 'ECBAIT_HOST_CONTROL_01']
  HIT SRR23037584: 2 baits >= 0.7 ['ECBAIT_10_0057_MEMBER_INTERIOR_01', 'ECBAIT_HOST_CONTROL_01']
  HIT SRR23037586: 3 baits >= 0.7 ['ECBAIT_0_0000_JUNCTION_02', 'ECBAIT_0_0000_MEMBER_INTERIOR_01', 'ECBAIT_10_0057_MEMBER_INTERIOR_01']
  HIT SRR23037587: 3 baits >= 0.7 ['ECBAIT_10_0002_JUNCTION_01', 'ECBAIT_10_0002_JUNCTION_02', 'ECBAIT_10_0057_MEMBER_INTERIOR_01']
  HIT SRR23037588: 2 baits >= 0.7 ['ECBAIT_10_0057_MEMBER_INTERIOR_01', 'ECBAIT_HOST_CONTROL_01']
  HIT SRR23037589: 3 baits >= 0.7 ['ECBAIT_0_0052_JUNCTION_01', 'ECBAIT_0_0052_JUNCTION_03', 'ECBAIT_10_0057_MEMBER_INTERIOR_01']
  HIT SRR23037590: 5 baits >= 0.7 ['ECBAIT_0_0000_JUNCTION_02', 'ECBAIT_0_0000_MEMBER_INTERIOR_01', 'ECBAIT_10_0057_MEMBER_INTERIOR_01', 'ECBAIT_10_0172_MEMBER_INTERIOR_01']
  7000/12000 processed (6730 screened, 5739 hit-accessions) 2211s budget=12.2GB
  HIT SRR23037591: 2 baits >= 0.7 ['ECBAIT_10_0002_MEMBER_INTERIOR_01', 'ECBAIT_10_0057_MEMBER_INTERIOR_01']
  HIT SRR23037592: 5 baits >= 0.7 ['ECBAIT_0_0000_INTERIOR_MODULE_01', 'ECBAIT_0_0000_JUNCTION_02', 'ECBAIT_0_0000_MEMBER_INTERIOR_01', 'ECBAIT_10_0057_MEMBER_INTERIOR_01']
  HIT SRR23037593: 7 baits >= 0.7 ['ECBAIT_0_0046_MEMBER_INTERIOR_01', 'ECBAIT_10_0002_JUNCTION_01', 'ECBAIT_10_0002_JUNCTION_02', 'ECBAIT_10_0057_MEMBER_INTERIOR_01']
  HIT SRR23037594: 2 baits >= 0.7 ['ECBAIT_10_0057_MEMBER_INTERIOR_01', 'ECBAIT_10_0151_JUNCTION_03']
  HIT SRR23037595: 2 baits >= 0.7 ['ECBAIT_10_0057_MEMBER_INTERIOR_01', 'ECBAIT_HOST_CONTROL_02']
  HIT SRR23037596: 3 baits >= 0.7 ['ECBAIT_0_0000_JUNCTION_02', 'ECBAIT_10_0057_MEMBER_INTERIOR_01', 'ECBAIT_1_0004_JUNCTION_01']
  HIT SRR23037597: 1 baits >= 0.7 ['ECBAIT_HOST_CONTROL_01']
  HIT SRR23037599: 2 baits >= 0.7 ['ECBAIT_10_0002_MEMBER_INTERIOR_01', 'ECBAIT_10_0057_MEMBER_INTERIOR_01']
  HIT SRR23037600: 5 baits >= 0.7 ['ECBAIT_0_0000_INTERIOR_MODULE_01', 'ECBAIT_0_0000_JUNCTION_02', 'ECBAIT_0_0000_MEMBER_INTERIOR_01', 'ECBAIT_10_0057_MEMBER_INTERIOR_01']
  HIT SRR23037601: 6 baits >= 0.7 ['ECBAIT_0_0000_INTERIOR_MODULE_01', 'ECBAIT_0_0000_JUNCTION_02', 'ECBAIT_0_0000_MEMBER_INTERIOR_01', 'ECBAIT_0_0052_JUNCTION_01']
  HIT SRR23037603: 1 baits >= 0.7 ['ECBAIT_10_0057_MEMBER_INTERIOR_01']
  HIT SRR23037604: 2 baits >= 0.7 ['ECBAIT_10_0002_MEMBER_INTERIOR_01', 'ECBAIT_10_0057_MEMBER_INTERIOR_01']
  HIT SRR23037605: 2 baits >= 0.7 ['ECBAIT_10_0057_MEMBER_INTERIOR_01', 'ECBAIT_HOST_CONTROL_02']
  HIT SRR23037606: 5 baits >= 0.7 ['ECBAIT_0_0000_INTERIOR_MODULE_01', 'ECBAIT_0_0000_JUNCTION_02', 'ECBAIT_0_0000_MEMBER_INTERIOR_01', 'ECBAIT_10_0057_MEMBER_INTERIOR_01']
  HIT SRR23037608: 4 baits >= 0.7 ['ECBAIT_10_0002_JUNCTION_01', 'ECBAIT_10_0002_JUNCTION_02', 'ECBAIT_10_0002_MEMBER_INTERIOR_01', 'ECBAIT_10_0057_MEMBER_INTERIOR_01']
  HIT SRR23037607: 1 baits >= 0.7 ['ECBAIT_HOST_CONTROL_02']
  HIT SRR23037610: 5 baits >= 0.7 ['ECBAIT_0_0000_MEMBER_INTERIOR_01', 'ECBAIT_0_0052_JUNCTION_03', 'ECBAIT_0_0054_MEMBER_INTERIOR_01', 'ECBAIT_10_0057_MEMBER_INTERIOR_01']
  HIT SRR23110707: 1 baits >= 0.7 ['ECBAIT_HOST_CONTROL_01']
  HIT SRR23110708: 1 baits >= 0.7 ['ECBAIT_HOST_CONTROL_01']
  HIT SRR23110709: 1 baits >= 0.7 ['ECBAIT_HOST_CONTROL_01']
  HIT SRR23110710: 1 baits >= 0.7 ['ECBAIT_HOST_CONTROL_01']
  HIT SRR23110711: 1 baits >= 0.7 ['ECBAIT_HOST_CONTROL_01']
  HIT SRR23110712: 1 baits >= 0.7 ['ECBAIT_HOST_CONTROL_01']
  HIT SRR23110713: 1 baits >= 0.7 ['ECBAIT_HOST_CONTROL_01']
  HIT SRR23110714: 1 baits >= 0.7 ['ECBAIT_HOST_CONTROL_01']
  HIT SRR23128770: 2 baits >= 0.7 ['ECBAIT_10_0057_MEMBER_INTERIOR_01', 'ECBAIT_HOST_CONTROL_01']
  HIT SRR23128779: 2 baits >= 0.7 ['ECBAIT_0_0052_JUNCTION_03', 'ECBAIT_HOST_CONTROL_02']
  HIT SRR23128781: 1 baits >= 0.7 ['ECBAIT_HOST_CONTROL_01']
  HIT SRR23130376: 1 baits >= 0.7 ['ECBAIT_10_0057_MEMBER_INTERIOR_01']
  HIT SRR23130384: 2 baits >= 0.7 ['ECBAIT_10_0057_MEMBER_INTERIOR_01', 'ECBAIT_HOST_CONTROL_01']
  HIT SRR23130385: 2 baits >= 0.7 ['ECBAIT_10_0057_MEMBER_INTERIOR_01', 'ECBAIT_HOST_CONTROL_01']
  HIT SRR23130394: 1 baits >= 0.7 ['ECBAIT_HOST_CONTROL_01']
  HIT SRR23130390: 2 baits >= 0.7 ['ECBAIT_0_0000_MEMBER_INTERIOR_01', 'ECBAIT_10_0057_MEMBER_INTERIOR_01']
  HIT SRR23130395: 1 baits >= 0.7 ['ECBAIT_HOST_CONTROL_01']
  HIT SRR23130399: 1 baits >= 0.7 ['ECBAIT_10_0057_MEMBER_INTERIOR_01']
  HIT SRR23199589: 5 baits >= 0.7 ['ECBAIT_0_0000_JUNCTION_01', 'ECBAIT_10_0002_MEMBER_INTERIOR_01', 'ECBAIT_10_0044_INTERIOR_MODULE_01', 'ECBAIT_10_0044_MEMBER_INTERIOR_01']
  HIT SRR23318993: 1 baits >= 0.7 ['ECBAIT_HOST_CONTROL_01']
  HIT SRR23348396: 1 baits >= 0.7 ['ECBAIT_HOST_CONTROL_01']
  HIT SRR23350373: 1 baits >= 0.7 ['ECBAIT_HOST_CONTROL_01']
  HIT SRR23356810: 1 baits >= 0.7 ['ECBAIT_HOST_CONTROL_01']
  HIT SRR23353630: 1 baits >= 0.7 ['ECBAIT_HOST_CONTROL_01']
  7050/12000 processed (6780 screened, 5780 hit-accessions) 2233s budget=12.3GB
  HIT SRR23350436: 1 baits >= 0.7 ['ECBAIT_10_0057_MEMBER_INTERIOR_01']
  HIT SRR23360720: 1 baits >= 0.7 ['ECBAIT_HOST_CONTROL_01']
  HIT SRR23361816: 1 baits >= 0.7 ['ECBAIT_HOST_CONTROL_01']
  HIT SRR23362103: 1 baits >= 0.7 ['ECBAIT_HOST_CONTROL_01']
  HIT SRR23371444: 1 baits >= 0.7 ['ECBAIT_HOST_CONTROL_01']
  HIT SRR23371460: 1 baits >= 0.7 ['ECBAIT_HOST_CONTROL_01']
  HIT SRR23371952: 1 baits >= 0.7 ['ECBAIT_HOST_CONTROL_01']
  HIT SRR23372948: 1 baits >= 0.7 ['ECBAIT_HOST_CONTROL_01']
  HIT SRR23379673: 1 baits >= 0.7 ['ECBAIT_HOST_CONTROL_01']
  HIT SRR23379153: 1 baits >= 0.7 ['ECBAIT_HOST_CONTROL_01']
  HIT SRR23379864: 1 baits >= 0.7 ['ECBAIT_HOST_CONTROL_01']
  HIT SRR23381325: 1 baits >= 0.7 ['ECBAIT_HOST_CONTROL_01']
  HIT SRR23381043: 1 baits >= 0.7 ['ECBAIT_HOST_CONTROL_01']
  HIT SRR23381560: 1 baits >= 0.7 ['ECBAIT_HOST_CONTROL_01']
  HIT SRR23381374: 1 baits >= 0.7 ['ECBAIT_HOST_CONTROL_01']
  HIT SRR23381352: 1 baits >= 0.7 ['ECBAIT_HOST_CONTROL_01']
  HIT SRR23384175: 1 baits >= 0.7 ['ECBAIT_HOST_CONTROL_01']
  HIT SRR23384886: 1 baits >= 0.7 ['ECBAIT_HOST_CONTROL_01']
  HIT SRR23384991: 1 baits >= 0.7 ['ECBAIT_HOST_CONTROL_01']
  HIT SRR23385017: 1 baits >= 0.7 ['ECBAIT_HOST_CONTROL_01']
  HIT SRR23389469: 1 baits >= 0.7 ['ECBAIT_HOST_CONTROL_01']
  HIT SRR23446116: 1 baits >= 0.7 ['ECBAIT_10_0057_MEMBER_INTERIOR_01']
  HIT SRR23446117: 1 baits >= 0.7 ['ECBAIT_10_0057_MEMBER_INTERIOR_01']
  HIT SRR23497658: 1 baits >= 0.7 ['ECBAIT_10_0002_MEMBER_INTERIOR_01']
  HIT SRR23570605: 2 baits >= 0.7 ['ECBAIT_0_0094_MEMBER_INTERIOR_01', 'ECBAIT_10_0057_MEMBER_INTERIOR_01']
  HIT SRR23706931: 4 baits >= 0.7 ['ECBAIT_10_0002_MEMBER_INTERIOR_01', 'ECBAIT_10_0044_MEMBER_INTERIOR_01', 'ECBAIT_10_0057_MEMBER_INTERIOR_01', 'ECBAIT_HOST_CONTROL_01']
  HIT SRR23707137: 3 baits >= 0.7 ['ECBAIT_10_0044_MEMBER_INTERIOR_01', 'ECBAIT_10_0057_MEMBER_INTERIOR_01', 'ECBAIT_HOST_CONTROL_01']
  HIT SRR23707189: 4 baits >= 0.7 ['ECBAIT_10_0002_MEMBER_INTERIOR_01', 'ECBAIT_10_0044_MEMBER_INTERIOR_01', 'ECBAIT_10_0057_MEMBER_INTERIOR_01', 'ECBAIT_HOST_CONTROL_01']
  HIT SRR23707216: 3 baits >= 0.7 ['ECBAIT_10_0044_MEMBER_INTERIOR_01', 'ECBAIT_10_0057_MEMBER_INTERIOR_01', 'ECBAIT_HOST_CONTROL_01']
  HIT SRR23711533: 4 baits >= 0.7 ['ECBAIT_10_0002_MEMBER_INTERIOR_01', 'ECBAIT_10_0044_MEMBER_INTERIOR_01', 'ECBAIT_10_0057_MEMBER_INTERIOR_01', 'ECBAIT_HOST_CONTROL_01']
  HIT SRR23711620: 2 baits >= 0.7 ['ECBAIT_10_0002_MEMBER_INTERIOR_01', 'ECBAIT_10_0044_MEMBER_INTERIOR_01']
  HIT SRR23712156: 1 baits >= 0.7 ['ECBAIT_10_0002_MEMBER_INTERIOR_01']
  HIT SRR23712158: 4 baits >= 0.7 ['ECBAIT_10_0002_MEMBER_INTERIOR_01', 'ECBAIT_10_0044_MEMBER_INTERIOR_01', 'ECBAIT_10_0057_MEMBER_INTERIOR_01', 'ECBAIT_HOST_CONTROL_01']
  HIT SRR23731339: 3 baits >= 0.7 ['ECBAIT_10_0002_MEMBER_INTERIOR_01', 'ECBAIT_10_0044_MEMBER_INTERIOR_01', 'ECBAIT_HOST_CONTROL_01']
  HIT SRR23823733: 1 baits >= 0.7 ['ECBAIT_10_0057_MEMBER_INTERIOR_01']
  HIT SRR23851420: 4 baits >= 0.7 ['ECBAIT_0_0000_JUNCTION_02', 'ECBAIT_10_0057_MEMBER_INTERIOR_01', 'ECBAIT_1_0004_JUNCTION_02', 'ECBAIT_HOST_CONTROL_01']
  HIT SRR23851426: 4 baits >= 0.7 ['ECBAIT_10_0002_MEMBER_INTERIOR_01', 'ECBAIT_10_0172_MEMBER_INTERIOR_01', 'ECBAIT_1_0004_JUNCTION_01', 'ECBAIT_HOST_CONTROL_01']
  HIT SRR23851423: 2 baits >= 0.7 ['ECBAIT_0_0052_JUNCTION_03', 'ECBAIT_HOST_CONTROL_01']
  HIT SRR23851430: 2 baits >= 0.7 ['ECBAIT_10_0002_MEMBER_INTERIOR_01', 'ECBAIT_HOST_CONTROL_01']
  HIT SRR23851431: 1 baits >= 0.7 ['ECBAIT_HOST_CONTROL_01']
  HIT SRR23851437: 1 baits >= 0.7 ['ECBAIT_10_0172_MEMBER_INTERIOR_01']
  HIT SRR23851438: 2 baits >= 0.7 ['ECBAIT_10_0057_MEMBER_INTERIOR_01', 'ECBAIT_HOST_CONTROL_01']
  HIT SRR23851446: 2 baits >= 0.7 ['ECBAIT_10_0002_JUNCTION_01', 'ECBAIT_10_0057_MEMBER_INTERIOR_01']
  HIT SRR23851450: 1 baits >= 0.7 ['ECBAIT_HOST_CONTROL_01']
  HIT SRR23851451: 1 baits >= 0.7 ['ECBAIT_0_0000_JUNCTION_02']
  7100/12000 processed (6830 screened, 5825 hit-accessions) 2255s budget=12.4GB
  HIT SRR23851452: 4 baits >= 0.7 ['ECBAIT_10_0002_MEMBER_INTERIOR_01', 'ECBAIT_10_0172_MEMBER_INTERIOR_01', 'ECBAIT_1_0004_JUNCTION_01', 'ECBAIT_HOST_CONTROL_01']
  HIT SRR23851458: 1 baits >= 0.7 ['ECBAIT_HOST_CONTROL_02']
  HIT SRR23851455: 1 baits >= 0.7 ['ECBAIT_10_0151_MEMBER_INTERIOR_01']
  HIT SRR23851462: 3 baits >= 0.7 ['ECBAIT_0_0000_JUNCTION_02', 'ECBAIT_10_0172_MEMBER_INTERIOR_01', 'ECBAIT_HOST_CONTROL_01']
  HIT SRR23851466: 2 baits >= 0.7 ['ECBAIT_10_0002_JUNCTION_01', 'ECBAIT_10_0057_MEMBER_INTERIOR_01']
  HIT SRR23852932: 2 baits >= 0.7 ['ECBAIT_0_0094_MEMBER_INTERIOR_01', 'ECBAIT_1_0004_JUNCTION_01']
  HIT SRR23854159: 3 baits >= 0.7 ['ECBAIT_0_0052_JUNCTION_03', 'ECBAIT_0_0054_MEMBER_INTERIOR_01', 'ECBAIT_10_0057_MEMBER_INTERIOR_01']
  HIT SRR23866963: 3 baits >= 0.7 ['ECBAIT_10_0057_MEMBER_INTERIOR_01', 'ECBAIT_1_0004_JUNCTION_02', 'ECBAIT_HOST_CONTROL_01']
  HIT SRR23866968: 1 baits >= 0.7 ['ECBAIT_10_0002_MEMBER_INTERIOR_01']
  HIT SRR23866972: 3 baits >= 0.7 ['ECBAIT_10_0002_JUNCTION_01', 'ECBAIT_10_0057_MEMBER_INTERIOR_01', 'ECBAIT_HOST_CONTROL_01']
  HIT SRR23866970: 3 baits >= 0.7 ['ECBAIT_0_0000_JUNCTION_02', 'ECBAIT_1_0004_JUNCTION_02', 'ECBAIT_HOST_CONTROL_01']
  HIT SRR23866974: 2 baits >= 0.7 ['ECBAIT_1_0004_JUNCTION_01', 'ECBAIT_HOST_CONTROL_01']
  HIT SRR23866976: 3 baits >= 0.7 ['ECBAIT_0_0046_MEMBER_INTERIOR_01', 'ECBAIT_1_0022_JUNCTION_03', 'ECBAIT_HOST_CONTROL_01']
  HIT SRR23866978: 2 baits >= 0.7 ['ECBAIT_0_0000_JUNCTION_02', 'ECBAIT_1_0004_JUNCTION_01']
  HIT SRR23866983: 3 baits >= 0.7 ['ECBAIT_0_0000_JUNCTION_02', 'ECBAIT_0_0000_MEMBER_INTERIOR_01', 'ECBAIT_HOST_CONTROL_01']
  HIT SRR23866987: 1 baits >= 0.7 ['ECBAIT_0_0000_JUNCTION_02']
  HIT SRR23866989: 2 baits >= 0.7 ['ECBAIT_10_0172_MEMBER_INTERIOR_01', 'ECBAIT_HOST_CONTROL_01']
  HIT SRR23866994: 2 baits >= 0.7 ['ECBAIT_0_0000_JUNCTION_02', 'ECBAIT_10_0057_MEMBER_INTERIOR_01']
  HIT SRR23866995: 2 baits >= 0.7 ['ECBAIT_10_0172_MEMBER_INTERIOR_01', 'ECBAIT_HOST_CONTROL_01']
  HIT SRR23866999: 3 baits >= 0.7 ['ECBAIT_0_0000_JUNCTION_02', 'ECBAIT_1_0004_JUNCTION_02', 'ECBAIT_HOST_CONTROL_01']
  HIT SRR23867000: 1 baits >= 0.7 ['ECBAIT_HOST_CONTROL_01']
  HIT SRR23867001: 1 baits >= 0.7 ['ECBAIT_10_0172_MEMBER_INTERIOR_01']
  HIT SRR23867006: 2 baits >= 0.7 ['ECBAIT_10_0057_MEMBER_INTERIOR_01', 'ECBAIT_HOST_CONTROL_01']
  HIT SRR23867007: 1 baits >= 0.7 ['ECBAIT_10_0057_MEMBER_INTERIOR_01']
  HIT SRR23867011: 2 baits >= 0.7 ['ECBAIT_10_0172_MEMBER_INTERIOR_01', 'ECBAIT_HOST_CONTROL_02']
  HIT SRR23867014: 3 baits >= 0.7 ['ECBAIT_0_0000_JUNCTION_02', 'ECBAIT_10_0057_MEMBER_INTERIOR_01', 'ECBAIT_10_0172_MEMBER_INTERIOR_01']
  HIT SRR23867019: 2 baits >= 0.7 ['ECBAIT_10_0057_MEMBER_INTERIOR_01', 'ECBAIT_HOST_CONTROL_01']
  HIT SRR23867116: 3 baits >= 0.7 ['ECBAIT_10_0057_MEMBER_INTERIOR_01', 'ECBAIT_10_0172_MEMBER_INTERIOR_01', 'ECBAIT_HOST_CONTROL_01']
  HIT SRR23867119: 1 baits >= 0.7 ['ECBAIT_10_0002_MEMBER_INTERIOR_01']
  HIT SRR23867120: 4 baits >= 0.7 ['ECBAIT_10_0038_MEMBER_INTERIOR_01', 'ECBAIT_10_0057_MEMBER_INTERIOR_01', 'ECBAIT_10_0172_MEMBER_INTERIOR_01', 'ECBAIT_HOST_CONTROL_01']
  HIT SRR23867128: 2 baits >= 0.7 ['ECBAIT_0_0000_JUNCTION_02', 'ECBAIT_10_0172_MEMBER_INTERIOR_01']
  HIT SRR23867130: 1 baits >= 0.7 ['ECBAIT_10_0172_MEMBER_INTERIOR_01']
  HIT SRR23867133: 1 baits >= 0.7 ['ECBAIT_10_0057_MEMBER_INTERIOR_01']
  HIT SRR23867135: 3 baits >= 0.7 ['ECBAIT_10_0057_MEMBER_INTERIOR_01', 'ECBAIT_1_0004_JUNCTION_02', 'ECBAIT_HOST_CONTROL_01']
  HIT SRR23867138: 2 baits >= 0.7 ['ECBAIT_1_0004_JUNCTION_02', 'ECBAIT_HOST_CONTROL_01']
  HIT SRR23867143: 2 baits >= 0.7 ['ECBAIT_1_0004_JUNCTION_02', 'ECBAIT_HOST_CONTROL_01']
  HIT SRR23867147: 3 baits >= 0.7 ['ECBAIT_10_0057_MEMBER_INTERIOR_01', 'ECBAIT_1_0004_JUNCTION_02', 'ECBAIT_HOST_CONTROL_01']
  HIT SRR23867148: 1 baits >= 0.7 ['ECBAIT_10_0172_MEMBER_INTERIOR_01']
  HIT SRR23867149: 1 baits >= 0.7 ['ECBAIT_10_0002_MEMBER_INTERIOR_01']
  HIT SRR23867150: 6 baits >= 0.7 ['ECBAIT_0_0046_JUNCTION_01', 'ECBAIT_0_0046_MEMBER_INTERIOR_01', 'ECBAIT_10_0002_MEMBER_INTERIOR_01', 'ECBAIT_10_0057_MEMBER_INTERIOR_01']
  HIT SRR23867151: 3 baits >= 0.7 ['ECBAIT_0_0068_JUNCTION_03', 'ECBAIT_0_0068_MEMBER_INTERIOR_01', 'ECBAIT_10_0002_MEMBER_INTERIOR_01']
  7150/12000 processed (6880 screened, 5866 hit-accessions) 2276s budget=12.5GB
  HIT SRR23873538: 2 baits >= 0.7 ['ECBAIT_0_0000_JUNCTION_02', 'ECBAIT_10_0172_MEMBER_INTERIOR_01']
  HIT SRR23873539: 3 baits >= 0.7 ['ECBAIT_10_0057_MEMBER_INTERIOR_01', 'ECBAIT_1_0004_JUNCTION_01', 'ECBAIT_HOST_CONTROL_01']
  HIT SRR23873540: 1 baits >= 0.7 ['ECBAIT_HOST_CONTROL_01']
  HIT SRR23873541: 1 baits >= 0.7 ['ECBAIT_HOST_CONTROL_01']
  HIT SRR23873542: 2 baits >= 0.7 ['ECBAIT_10_0057_MEMBER_INTERIOR_01', 'ECBAIT_10_0172_MEMBER_INTERIOR_01']
  HIT SRR23873544: 1 baits >= 0.7 ['ECBAIT_0_0000_JUNCTION_02']
  HIT SRR23873546: 3 baits >= 0.7 ['ECBAIT_10_0038_MEMBER_INTERIOR_01', 'ECBAIT_10_0057_MEMBER_INTERIOR_01', 'ECBAIT_HOST_CONTROL_01']
  HIT SRR23873548: 1 baits >= 0.7 ['ECBAIT_HOST_CONTROL_01']
  HIT SRR23873547: 1 baits >= 0.7 ['ECBAIT_HOST_CONTROL_01']
  HIT SRR23873549: 1 baits >= 0.7 ['ECBAIT_HOST_CONTROL_01']
  HIT SRR23873550: 1 baits >= 0.7 ['ECBAIT_HOST_CONTROL_01']
  HIT SRR23873551: 2 baits >= 0.7 ['ECBAIT_10_0057_MEMBER_INTERIOR_01', 'ECBAIT_HOST_CONTROL_01']
  HIT SRR23873552: 2 baits >= 0.7 ['ECBAIT_0_0046_MEMBER_INTERIOR_01', 'ECBAIT_1_0022_JUNCTION_03']
  HIT SRR23873553: 3 baits >= 0.7 ['ECBAIT_0_0000_JUNCTION_02', 'ECBAIT_0_0046_MEMBER_INTERIOR_01', 'ECBAIT_1_0022_JUNCTION_03']
  HIT SRR23873554: 3 baits >= 0.7 ['ECBAIT_10_0057_MEMBER_INTERIOR_01', 'ECBAIT_10_0172_MEMBER_INTERIOR_01', 'ECBAIT_HOST_CONTROL_01']
  HIT SRR23873555: 3 baits >= 0.7 ['ECBAIT_0_0000_JUNCTION_02', 'ECBAIT_0_0000_MEMBER_INTERIOR_01', 'ECBAIT_HOST_CONTROL_01']
  HIT SRR23873558: 1 baits >= 0.7 ['ECBAIT_10_0057_MEMBER_INTERIOR_01']
  HIT SRR23873559: 1 baits >= 0.7 ['ECBAIT_HOST_CONTROL_01']
  HIT SRR23873560: 1 baits >= 0.7 ['ECBAIT_HOST_CONTROL_01']
  HIT SRR23873561: 2 baits >= 0.7 ['ECBAIT_0_0046_MEMBER_INTERIOR_01', 'ECBAIT_10_0038_MEMBER_INTERIOR_01']
  HIT SRR23873562: 2 baits >= 0.7 ['ECBAIT_10_0172_MEMBER_INTERIOR_01', 'ECBAIT_HOST_CONTROL_01']
  HIT SRR23873564: 1 baits >= 0.7 ['ECBAIT_HOST_CONTROL_01']
  HIT SRR23873563: 1 baits >= 0.7 ['ECBAIT_10_0038_JUNCTION_01']
  HIT SRR23873565: 4 baits >= 0.7 ['ECBAIT_0_0054_MEMBER_INTERIOR_01', 'ECBAIT_10_0002_MEMBER_INTERIOR_01', 'ECBAIT_10_0057_MEMBER_INTERIOR_01', 'ECBAIT_HOST_CONTROL_01']
  HIT SRR23873566: 4 baits >= 0.7 ['ECBAIT_0_0054_MEMBER_INTERIOR_01', 'ECBAIT_10_0002_MEMBER_INTERIOR_01', 'ECBAIT_10_0057_MEMBER_INTERIOR_01', 'ECBAIT_HOST_CONTROL_01']
  HIT SRR23873567: 4 baits >= 0.7 ['ECBAIT_0_0052_JUNCTION_03', 'ECBAIT_10_0002_MEMBER_INTERIOR_01', 'ECBAIT_10_0057_MEMBER_INTERIOR_01', 'ECBAIT_HOST_CONTROL_01']
  HIT SRR23873568: 1 baits >= 0.7 ['ECBAIT_10_0057_MEMBER_INTERIOR_01']
  HIT SRR23873569: 2 baits >= 0.7 ['ECBAIT_10_0057_MEMBER_INTERIOR_01', 'ECBAIT_HOST_CONTROL_01']
  HIT SRR23873571: 1 baits >= 0.7 ['ECBAIT_HOST_CONTROL_01']
  HIT SRR23873570: 2 baits >= 0.7 ['ECBAIT_1_0004_JUNCTION_02', 'ECBAIT_HOST_CONTROL_01']
  HIT SRR23873573: 1 baits >= 0.7 ['ECBAIT_10_0172_MEMBER_INTERIOR_01']
  HIT SRR23873574: 1 baits >= 0.7 ['ECBAIT_HOST_CONTROL_01']
  HIT SRR23873576: 1 baits >= 0.7 ['ECBAIT_HOST_CONTROL_01']
  HIT SRR23873577: 3 baits >= 0.7 ['ECBAIT_10_0057_MEMBER_INTERIOR_01', 'ECBAIT_10_0172_MEMBER_INTERIOR_01', 'ECBAIT_HOST_CONTROL_01']
  HIT SRR23873575: 1 baits >= 0.7 ['ECBAIT_HOST_CONTROL_02']
  HIT SRR23873578: 1 baits >= 0.7 ['ECBAIT_10_0057_MEMBER_INTERIOR_01']
  HIT SRR23873579: 3 baits >= 0.7 ['ECBAIT_0_0052_JUNCTION_03', 'ECBAIT_10_0172_MEMBER_INTERIOR_01', 'ECBAIT_HOST_CONTROL_01']
  HIT SRR23873580: 4 baits >= 0.7 ['ECBAIT_0_0046_MEMBER_INTERIOR_01', 'ECBAIT_10_0038_JUNCTION_01', 'ECBAIT_10_0038_MEMBER_INTERIOR_01', 'ECBAIT_1_0022_JUNCTION_03']
  HIT SRR23873581: 3 baits >= 0.7 ['ECBAIT_10_0002_JUNCTION_01', 'ECBAIT_10_0002_JUNCTION_02', 'ECBAIT_HOST_CONTROL_01']
  HIT SRR23873582: 3 baits >= 0.7 ['ECBAIT_0_0094_JUNCTION_02', 'ECBAIT_10_0057_MEMBER_INTERIOR_01', 'ECBAIT_HOST_CONTROL_01']
  HIT SRR23873583: 1 baits >= 0.7 ['ECBAIT_HOST_CONTROL_01']
  HIT SRR23873584: 1 baits >= 0.7 ['ECBAIT_HOST_CONTROL_01']
  HIT SRR23873585: 1 baits >= 0.7 ['ECBAIT_HOST_CONTROL_01']
  HIT SRR23873586: 3 baits >= 0.7 ['ECBAIT_10_0057_MEMBER_INTERIOR_01', 'ECBAIT_10_0172_MEMBER_INTERIOR_01', 'ECBAIT_HOST_CONTROL_01']
  HIT SRR23873587: 3 baits >= 0.7 ['ECBAIT_10_0002_JUNCTION_01', 'ECBAIT_10_0002_JUNCTION_02', 'ECBAIT_10_0057_MEMBER_INTERIOR_01']
  7200/12000 processed (6930 screened, 5911 hit-accessions) 2299s budget=12.5GB
  HIT SRR23873589: 4 baits >= 0.7 ['ECBAIT_0_0052_JUNCTION_03', 'ECBAIT_10_0002_MEMBER_INTERIOR_01', 'ECBAIT_10_0057_MEMBER_INTERIOR_01', 'ECBAIT_HOST_CONTROL_01']
  HIT SRR23873591: 1 baits >= 0.7 ['ECBAIT_HOST_CONTROL_01']
  HIT SRR23873590: 3 baits >= 0.7 ['ECBAIT_10_0172_MEMBER_INTERIOR_01', 'ECBAIT_1_0004_JUNCTION_02', 'ECBAIT_HOST_CONTROL_01']
  HIT SRR24076164: 1 baits >= 0.7 ['ECBAIT_HOST_CONTROL_01']
  HIT SRR24076165: 1 baits >= 0.7 ['ECBAIT_HOST_CONTROL_01']
  HIT SRR24076166: 1 baits >= 0.7 ['ECBAIT_HOST_CONTROL_01']
  HIT SRR24076167: 1 baits >= 0.7 ['ECBAIT_HOST_CONTROL_01']
  HIT SRR24076168: 1 baits >= 0.7 ['ECBAIT_HOST_CONTROL_01']
  HIT SRR24076169: 1 baits >= 0.7 ['ECBAIT_HOST_CONTROL_01']
  HIT SRR24076170: 1 baits >= 0.7 ['ECBAIT_HOST_CONTROL_01']
  HIT SRR24076171: 1 baits >= 0.7 ['ECBAIT_HOST_CONTROL_01']
  HIT SRR24076172: 1 baits >= 0.7 ['ECBAIT_HOST_CONTROL_01']
  HIT SRR2413276: 1 baits >= 0.7 ['ECBAIT_HOST_CONTROL_01']
  HIT SRR2413303: 1 baits >= 0.7 ['ECBAIT_HOST_CONTROL_01']
  HIT SRR24165917: 2 baits >= 0.7 ['ECBAIT_10_0002_MEMBER_INTERIOR_01', 'ECBAIT_10_0057_MEMBER_INTERIOR_01']
  HIT SRR24173860: 2 baits >= 0.7 ['ECBAIT_10_0002_MEMBER_INTERIOR_01', 'ECBAIT_HOST_CONTROL_01']
  HIT SRR24189526: 4 baits >= 0.7 ['ECBAIT_0_0052_JUNCTION_03', 'ECBAIT_0_0054_MEMBER_INTERIOR_01', 'ECBAIT_10_0057_MEMBER_INTERIOR_01', 'ECBAIT_HOST_CONTROL_02']
  HIT SRR24189527: 2 baits >= 0.7 ['ECBAIT_10_0057_MEMBER_INTERIOR_01', 'ECBAIT_HOST_CONTROL_02']
  HIT SRR24189532: 6 baits >= 0.7 ['ECBAIT_0_0046_MEMBER_INTERIOR_01', 'ECBAIT_10_0057_MEMBER_INTERIOR_01', 'ECBAIT_1_0022_JUNCTION_02', 'ECBAIT_1_0022_JUNCTION_03']
  HIT SRR24189531: 2 baits >= 0.7 ['ECBAIT_0_0000_MEMBER_INTERIOR_01', 'ECBAIT_10_0057_MEMBER_INTERIOR_01']
  HIT SRR21391057: 2 baits >= 0.7 ['ECBAIT_10_0057_MEMBER_INTERIOR_01', 'ECBAIT_10_0172_MEMBER_INTERIOR_01']
  HIT SRR24189540: 3 baits >= 0.7 ['ECBAIT_0_0052_JUNCTION_03', 'ECBAIT_10_0057_MEMBER_INTERIOR_01', 'ECBAIT_HOST_CONTROL_01']
  HIT SRR2419931: 1 baits >= 0.7 ['ECBAIT_HOST_CONTROL_01']
  HIT SRR2419932: 1 baits >= 0.7 ['ECBAIT_HOST_CONTROL_01']
  HIT SRR2419933: 1 baits >= 0.7 ['ECBAIT_HOST_CONTROL_01']
  HIT SRR2419934: 1 baits >= 0.7 ['ECBAIT_HOST_CONTROL_01']
  HIT SRR2419935: 1 baits >= 0.7 ['ECBAIT_HOST_CONTROL_01']
  HIT SRR2419936: 1 baits >= 0.7 ['ECBAIT_HOST_CONTROL_01']
  HIT SRR2419937: 1 baits >= 0.7 ['ECBAIT_HOST_CONTROL_01']
  HIT SRR2420288: 1 baits >= 0.7 ['ECBAIT_HOST_CONTROL_01']
  HIT SRR2419938: 1 baits >= 0.7 ['ECBAIT_HOST_CONTROL_01']
  HIT SRR2420292: 1 baits >= 0.7 ['ECBAIT_HOST_CONTROL_01']
  HIT SRR2420290: 1 baits >= 0.7 ['ECBAIT_HOST_CONTROL_01']
  HIT SRR2420294: 1 baits >= 0.7 ['ECBAIT_HOST_CONTROL_01']
  HIT SRR2420293: 1 baits >= 0.7 ['ECBAIT_HOST_CONTROL_01']
  HIT SRR24204283: 1 baits >= 0.7 ['ECBAIT_10_0057_MEMBER_INTERIOR_01']
  HIT SRR24204285: 9 baits >= 0.7 ['ECBAIT_0_0000_JUNCTION_02', 'ECBAIT_0_0000_MEMBER_INTERIOR_01', 'ECBAIT_0_0014_JUNCTION_02', 'ECBAIT_0_0014_MEMBER_INTERIOR_01']
  HIT SRR24204286: 3 baits >= 0.7 ['ECBAIT_10_0002_JUNCTION_01', 'ECBAIT_10_0002_JUNCTION_02', 'ECBAIT_10_0057_MEMBER_INTERIOR_01']
  HIT SRR24204290: 1 baits >= 0.7 ['ECBAIT_10_0057_MEMBER_INTERIOR_01']
  HIT SRR24204291: 2 baits >= 0.7 ['ECBAIT_1_0026_JUNCTION_01', 'ECBAIT_HOST_CONTROL_01']
  HIT SRR24204303: 1 baits >= 0.7 ['ECBAIT_10_0057_MEMBER_INTERIOR_01']
  HIT SRR24204316: 3 baits >= 0.7 ['ECBAIT_10_0002_JUNCTION_02', 'ECBAIT_10_0057_MEMBER_INTERIOR_01', 'ECBAIT_10_0151_JUNCTION_03']
  HIT SRR24204310: 4 baits >= 0.7 ['ECBAIT_10_0002_JUNCTION_01', 'ECBAIT_10_0002_JUNCTION_02', 'ECBAIT_10_0002_MEMBER_INTERIOR_01', 'ECBAIT_10_0057_MEMBER_INTERIOR_01']
  7250/12000 processed (6978 screened, 5954 hit-accessions) 2316s budget=12.6GB
  HIT SRR24204332: 2 baits >= 0.7 ['ECBAIT_10_0002_MEMBER_INTERIOR_01', 'ECBAIT_10_0057_MEMBER_INTERIOR_01']
  HIT SRR24204319: 3 baits >= 0.7 ['ECBAIT_0_0000_JUNCTION_02', 'ECBAIT_10_0057_MEMBER_INTERIOR_01', 'ECBAIT_10_0151_JUNCTION_03']
  HIT SRR24204338: 2 baits >= 0.7 ['ECBAIT_10_0151_MEMBER_INTERIOR_01', 'ECBAIT_10_0172_MEMBER_INTERIOR_01']
  HIT SRR24204356: 2 baits >= 0.7 ['ECBAIT_10_0057_MEMBER_INTERIOR_01', 'ECBAIT_10_0172_MEMBER_INTERIOR_01']
  HIT SRR24204357: 1 baits >= 0.7 ['ECBAIT_10_0172_MEMBER_INTERIOR_01']
  HIT SRR24204365: 3 baits >= 0.7 ['ECBAIT_0_0052_JUNCTION_03', 'ECBAIT_0_0054_MEMBER_INTERIOR_01', 'ECBAIT_10_0057_MEMBER_INTERIOR_01']
  HIT SRR24204366: 1 baits >= 0.7 ['ECBAIT_10_0057_MEMBER_INTERIOR_01']
  HIT SRR24204370: 4 baits >= 0.7 ['ECBAIT_10_0002_JUNCTION_01', 'ECBAIT_10_0002_JUNCTION_02', 'ECBAIT_10_0002_MEMBER_INTERIOR_01', 'ECBAIT_10_0057_MEMBER_INTERIOR_01']
  HIT SRR24204385: 2 baits >= 0.7 ['ECBAIT_10_0002_JUNCTION_02', 'ECBAIT_10_0057_MEMBER_INTERIOR_01']
  HIT SRR24204387: 3 baits >= 0.7 ['ECBAIT_10_0002_JUNCTION_01', 'ECBAIT_10_0002_JUNCTION_02', 'ECBAIT_10_0057_MEMBER_INTERIOR_01']
  HIT SRR24204388: 1 baits >= 0.7 ['ECBAIT_10_0057_MEMBER_INTERIOR_01']
  HIT SRR24204390: 1 baits >= 0.7 ['ECBAIT_10_0057_MEMBER_INTERIOR_01']
  HIT SRR2420582: 1 baits >= 0.7 ['ECBAIT_HOST_CONTROL_01']
  HIT SRR2420856: 1 baits >= 0.7 ['ECBAIT_HOST_CONTROL_01']
  HIT SRR2420749: 1 baits >= 0.7 ['ECBAIT_HOST_CONTROL_01']
  HIT SRR2420869: 1 baits >= 0.7 ['ECBAIT_HOST_CONTROL_01']
  HIT SRR2420873: 1 baits >= 0.7 ['ECBAIT_HOST_CONTROL_01']
  HIT SRR2420871: 1 baits >= 0.7 ['ECBAIT_HOST_CONTROL_01']
  HIT SRR2420870: 1 baits >= 0.7 ['ECBAIT_HOST_CONTROL_01']
  HIT SRR2420872: 1 baits >= 0.7 ['ECBAIT_HOST_CONTROL_01']
  HIT SRR2420875: 1 baits >= 0.7 ['ECBAIT_HOST_CONTROL_01']
  HIT SRR2420883: 1 baits >= 0.7 ['ECBAIT_HOST_CONTROL_01']
  HIT SRR2420884: 1 baits >= 0.7 ['ECBAIT_HOST_CONTROL_01']
  HIT SRR2420885: 1 baits >= 0.7 ['ECBAIT_HOST_CONTROL_01']
  HIT SRR2420888: 1 baits >= 0.7 ['ECBAIT_HOST_CONTROL_01']
  HIT SRR2420887: 1 baits >= 0.7 ['ECBAIT_HOST_CONTROL_01']
  HIT SRR24332798: 1 baits >= 0.7 ['ECBAIT_10_0057_MEMBER_INTERIOR_01']
  HIT SRR24332805: 2 baits >= 0.7 ['ECBAIT_10_0002_MEMBER_INTERIOR_01', 'ECBAIT_10_0057_MEMBER_INTERIOR_01']
  HIT SRR24332823: 3 baits >= 0.7 ['ECBAIT_10_0002_JUNCTION_01', 'ECBAIT_10_0002_JUNCTION_02', 'ECBAIT_10_0057_MEMBER_INTERIOR_01']
  HIT SRR24332826: 1 baits >= 0.7 ['ECBAIT_10_0057_MEMBER_INTERIOR_01']
  HIT SRR24332839: 3 baits >= 0.7 ['ECBAIT_0_0000_JUNCTION_02', 'ECBAIT_0_0000_MEMBER_INTERIOR_01', 'ECBAIT_HOST_CONTROL_02']
  HIT SRR24332840: 1 baits >= 0.7 ['ECBAIT_10_0057_MEMBER_INTERIOR_01']
  HIT SRR24332846: 4 baits >= 0.7 ['ECBAIT_10_0002_JUNCTION_01', 'ECBAIT_10_0002_JUNCTION_02', 'ECBAIT_10_0002_MEMBER_INTERIOR_01', 'ECBAIT_10_0057_MEMBER_INTERIOR_01']
  HIT SRR24332879: 1 baits >= 0.7 ['ECBAIT_10_0057_MEMBER_INTERIOR_01']
  HIT SRR24332882: 2 baits >= 0.7 ['ECBAIT_10_0002_MEMBER_INTERIOR_01', 'ECBAIT_10_0057_MEMBER_INTERIOR_01']
  HIT SRR24332891: 2 baits >= 0.7 ['ECBAIT_10_0057_MEMBER_INTERIOR_01', 'ECBAIT_HOST_CONTROL_01']
  HIT SRR24332894: 2 baits >= 0.7 ['ECBAIT_10_0057_MEMBER_INTERIOR_01', 'ECBAIT_10_0172_MEMBER_INTERIOR_01']
  HIT SRR24332895: 3 baits >= 0.7 ['ECBAIT_10_0002_JUNCTION_01', 'ECBAIT_10_0002_JUNCTION_02', 'ECBAIT_10_0057_MEMBER_INTERIOR_01']
  HIT SRR24332902: 2 baits >= 0.7 ['ECBAIT_10_0057_MEMBER_INTERIOR_01', 'ECBAIT_10_0172_MEMBER_INTERIOR_01']
  HIT SRR24332906: 1 baits >= 0.7 ['ECBAIT_10_0057_MEMBER_INTERIOR_01']
  HIT SRR24332908: 2 baits >= 0.7 ['ECBAIT_10_0057_MEMBER_INTERIOR_01', 'ECBAIT_HOST_CONTROL_01']
  HIT SRR24332911: 1 baits >= 0.7 ['ECBAIT_10_0057_MEMBER_INTERIOR_01']
  HIT SRR24332913: 3 baits >= 0.7 ['ECBAIT_10_0002_JUNCTION_01', 'ECBAIT_10_0002_JUNCTION_02', 'ECBAIT_10_0057_MEMBER_INTERIOR_01']
  HIT SRR24415996: 5 baits >= 0.7 ['ECBAIT_0_0000_JUNCTION_01', 'ECBAIT_10_0002_MEMBER_INTERIOR_01', 'ECBAIT_10_0044_INTERIOR_MODULE_01', 'ECBAIT_10_0044_MEMBER_INTERIOR_01']
  HIT SRR24415991: 5 baits >= 0.7 ['ECBAIT_0_0000_JUNCTION_01', 'ECBAIT_10_0002_MEMBER_INTERIOR_01', 'ECBAIT_10_0044_INTERIOR_MODULE_01', 'ECBAIT_10_0044_MEMBER_INTERIOR_01']
  HIT SRR24434193: 4 baits >= 0.7 ['ECBAIT_10_0002_MEMBER_INTERIOR_01', 'ECBAIT_10_0044_MEMBER_INTERIOR_01', 'ECBAIT_10_0057_MEMBER_INTERIOR_01', 'ECBAIT_HOST_CONTROL_01']
  7300/12000 processed (7027 screened, 6000 hit-accessions) 2333s budget=12.7GB
  HIT SRR24523592: 1 baits >= 0.7 ['ECBAIT_HOST_CONTROL_01']
  HIT SRR24523593: 3 baits >= 0.7 ['ECBAIT_0_0046_MEMBER_INTERIOR_01', 'ECBAIT_10_0057_MEMBER_INTERIOR_01', 'ECBAIT_1_0022_JUNCTION_03']
  HIT SRR24523591: 1 baits >= 0.7 ['ECBAIT_10_0057_MEMBER_INTERIOR_01']
  HIT SRR24523606: 2 baits >= 0.7 ['ECBAIT_10_0057_MEMBER_INTERIOR_01', 'ECBAIT_HOST_CONTROL_01']
  HIT SRR24523614: 1 baits >= 0.7 ['ECBAIT_10_0002_MEMBER_INTERIOR_01']
  HIT SRR24523613: 1 baits >= 0.7 ['ECBAIT_HOST_CONTROL_02']
  HIT SRR24523612: 1 baits >= 0.7 ['ECBAIT_10_0002_MEMBER_INTERIOR_01']
  HIT SRR24523617: 2 baits >= 0.7 ['ECBAIT_10_0057_MEMBER_INTERIOR_01', 'ECBAIT_HOST_CONTROL_01']
  HIT SRR24523621: 1 baits >= 0.7 ['ECBAIT_10_0057_MEMBER_INTERIOR_01']
  HIT SRR24523627: 2 baits >= 0.7 ['ECBAIT_10_0002_MEMBER_INTERIOR_01', 'ECBAIT_10_0057_MEMBER_INTERIOR_01']
  HIT SRR24523623: 1 baits >= 0.7 ['ECBAIT_HOST_CONTROL_01']
  HIT SRR24523628: 2 baits >= 0.7 ['ECBAIT_10_0002_JUNCTION_01', 'ECBAIT_10_0002_JUNCTION_02']
  HIT SRR24523632: 6 baits >= 0.7 ['ECBAIT_0_0000_JUNCTION_02', 'ECBAIT_0_0000_MEMBER_INTERIOR_01', 'ECBAIT_0_0014_MEMBER_INTERIOR_01', 'ECBAIT_10_0002_JUNCTION_01']
  HIT SRR24523633: 1 baits >= 0.7 ['ECBAIT_10_0057_MEMBER_INTERIOR_01']
  HIT SRR24523636: 1 baits >= 0.7 ['ECBAIT_10_0057_MEMBER_INTERIOR_01']
  HIT SRR24639554: 1 baits >= 0.7 ['ECBAIT_HOST_CONTROL_01']
  HIT SRR24523639: 1 baits >= 0.7 ['ECBAIT_10_0057_MEMBER_INTERIOR_01']
  HIT SRR24523947: 1 baits >= 0.7 ['ECBAIT_HOST_CONTROL_01']
  HIT SRR24639555: 1 baits >= 0.7 ['ECBAIT_HOST_CONTROL_01']
  HIT SRR24639558: 1 baits >= 0.7 ['ECBAIT_HOST_CONTROL_01']
  HIT SRR24639557: 1 baits >= 0.7 ['ECBAIT_HOST_CONTROL_01']
  HIT SRR24639556: 1 baits >= 0.7 ['ECBAIT_HOST_CONTROL_01']
  HIT SRR24639561: 1 baits >= 0.7 ['ECBAIT_HOST_CONTROL_01']
  HIT SRR24639559: 1 baits >= 0.7 ['ECBAIT_HOST_CONTROL_01']
  HIT SRR24658709: 1 baits >= 0.7 ['ECBAIT_10_0057_MEMBER_INTERIOR_01']
  HIT SRR24639560: 1 baits >= 0.7 ['ECBAIT_HOST_CONTROL_01']
  HIT SRR24668154: 1 baits >= 0.7 ['ECBAIT_10_0057_MEMBER_INTERIOR_01']
  HIT SRR24704711: 1 baits >= 0.7 ['ECBAIT_HOST_CONTROL_01']
  HIT SRR24791784: 3 baits >= 0.7 ['ECBAIT_10_0002_MEMBER_INTERIOR_01', 'ECBAIT_10_0057_MEMBER_INTERIOR_01', 'ECBAIT_10_0172_MEMBER_INTERIOR_01']
  HIT SRR24837710: 1 baits >= 0.7 ['ECBAIT_10_0057_MEMBER_INTERIOR_01']
  HIT SRR24837713: 5 baits >= 0.7 ['ECBAIT_0_0000_JUNCTION_02', 'ECBAIT_0_0000_MEMBER_INTERIOR_01', 'ECBAIT_0_0052_JUNCTION_03', 'ECBAIT_10_0057_MEMBER_INTERIOR_01']
  HIT SRR24837714: 2 baits >= 0.7 ['ECBAIT_10_0057_MEMBER_INTERIOR_01', 'ECBAIT_1_0026_MEMBER_INTERIOR_01']
  HIT SRR24908483: 2 baits >= 0.7 ['ECBAIT_0_0046_MEMBER_INTERIOR_01', 'ECBAIT_1_0022_JUNCTION_03']
  HIT SRR24908486: 4 baits >= 0.7 ['ECBAIT_0_0046_MEMBER_INTERIOR_01', 'ECBAIT_10_0057_MEMBER_INTERIOR_01', 'ECBAIT_1_0022_JUNCTION_02', 'ECBAIT_1_0022_JUNCTION_03']
  HIT SRR24951825: 2 baits >= 0.7 ['ECBAIT_10_0002_MEMBER_INTERIOR_01', 'ECBAIT_10_0057_MEMBER_INTERIOR_01']
  7350/12000 processed (7076 screened, 6035 hit-accessions) 2349s budget=12.8GB
  HIT SRR24951829: 1 baits >= 0.7 ['ECBAIT_HOST_CONTROL_01']
  HIT SRR24951827: 1 baits >= 0.7 ['ECBAIT_HOST_CONTROL_01']
  HIT SRR24951832: 2 baits >= 0.7 ['ECBAIT_10_0002_MEMBER_INTERIOR_01', 'ECBAIT_10_0057_MEMBER_INTERIOR_01']
  HIT SRR24951833: 1 baits >= 0.7 ['ECBAIT_HOST_CONTROL_01']
  HIT SRR24951834: 2 baits >= 0.7 ['ECBAIT_10_0002_MEMBER_INTERIOR_01', 'ECBAIT_10_0057_MEMBER_INTERIOR_01']
  HIT SRR24951850: 2 baits >= 0.7 ['ECBAIT_1_0004_JUNCTION_02', 'ECBAIT_HOST_CONTROL_01']
  HIT SRR24951853: 2 baits >= 0.7 ['ECBAIT_10_0002_MEMBER_INTERIOR_01', 'ECBAIT_10_0057_MEMBER_INTERIOR_01']
  HIT SRR24951854: 1 baits >= 0.7 ['ECBAIT_10_0057_MEMBER_INTERIOR_01']
  HIT SRR24951856: 1 baits >= 0.7 ['ECBAIT_10_0057_MEMBER_INTERIOR_01']
  HIT SRR24951858: 3 baits >= 0.7 ['ECBAIT_10_0057_MEMBER_INTERIOR_01', 'ECBAIT_10_0172_MEMBER_INTERIOR_01', 'ECBAIT_HOST_CONTROL_02']
  HIT SRR24951861: 4 baits >= 0.7 ['ECBAIT_10_0002_JUNCTION_01', 'ECBAIT_10_0002_JUNCTION_02', 'ECBAIT_10_0057_MEMBER_INTERIOR_01', 'ECBAIT_HOST_CONTROL_01']
  HIT SRR24951862: 1 baits >= 0.7 ['ECBAIT_HOST_CONTROL_01']
  HIT SRR24951864: 2 baits >= 0.7 ['ECBAIT_10_0002_MEMBER_INTERIOR_01', 'ECBAIT_10_0057_MEMBER_INTERIOR_01']
  HIT SRR24951867: 5 baits >= 0.7 ['ECBAIT_0_0000_JUNCTION_02', 'ECBAIT_0_0000_MEMBER_INTERIOR_01', 'ECBAIT_10_0057_MEMBER_INTERIOR_01', 'ECBAIT_10_0172_MEMBER_INTERIOR_01']
  HIT SRR24951872: 2 baits >= 0.7 ['ECBAIT_10_0057_MEMBER_INTERIOR_01', 'ECBAIT_10_0172_MEMBER_INTERIOR_01']
  HIT SRR24951874: 2 baits >= 0.7 ['ECBAIT_0_0046_MEMBER_INTERIOR_01', 'ECBAIT_1_0004_JUNCTION_01']
  HIT SRR24951878: 1 baits >= 0.7 ['ECBAIT_10_0057_MEMBER_INTERIOR_01']
  HIT SRR24951882: 2 baits >= 0.7 ['ECBAIT_10_0057_MEMBER_INTERIOR_01', 'ECBAIT_HOST_CONTROL_01']
  HIT SRR24951886: 1 baits >= 0.7 ['ECBAIT_10_0057_MEMBER_INTERIOR_01']
  HIT SRR24951887: 1 baits >= 0.7 ['ECBAIT_HOST_CONTROL_01']
  HIT SRR24951888: 1 baits >= 0.7 ['ECBAIT_HOST_CONTROL_01']
  HIT SRR24951891: 1 baits >= 0.7 ['ECBAIT_HOST_CONTROL_01']
  HIT SRR24951896: 1 baits >= 0.7 ['ECBAIT_HOST_CONTROL_01']
  HIT SRR24951892: 1 baits >= 0.7 ['ECBAIT_HOST_CONTROL_01']
  HIT SRR24951897: 1 baits >= 0.7 ['ECBAIT_HOST_CONTROL_01']
  HIT SRR24951899: 1 baits >= 0.7 ['ECBAIT_10_0172_MEMBER_INTERIOR_01']
  HIT SRR24951900: 4 baits >= 0.7 ['ECBAIT_10_0002_JUNCTION_01', 'ECBAIT_10_0002_JUNCTION_02', 'ECBAIT_10_0002_MEMBER_INTERIOR_01', 'ECBAIT_10_0057_MEMBER_INTERIOR_01']
  HIT SRR24951905: 3 baits >= 0.7 ['ECBAIT_0_0091_JUNCTION_03', 'ECBAIT_0_0091_MEMBER_INTERIOR_01', 'ECBAIT_HOST_CONTROL_01']
  HIT SRR24951912: 1 baits >= 0.7 ['ECBAIT_HOST_CONTROL_02']
  HIT SRR24951913: 1 baits >= 0.7 ['ECBAIT_10_0151_JUNCTION_03']
  HIT SRR24951914: 3 baits >= 0.7 ['ECBAIT_0_0000_JUNCTION_02', 'ECBAIT_0_0000_MEMBER_INTERIOR_01', 'ECBAIT_10_0057_MEMBER_INTERIOR_01']
  HIT SRR24951916: 1 baits >= 0.7 ['ECBAIT_10_0057_MEMBER_INTERIOR_01']
  HIT SRR24951919: 3 baits >= 0.7 ['ECBAIT_0_0046_MEMBER_INTERIOR_01', 'ECBAIT_10_0057_MEMBER_INTERIOR_01', 'ECBAIT_10_0172_MEMBER_INTERIOR_01']
  HIT SRR24951920: 1 baits >= 0.7 ['ECBAIT_10_0057_MEMBER_INTERIOR_01']
  HIT SRR24951924: 1 baits >= 0.7 ['ECBAIT_10_0057_MEMBER_INTERIOR_01']
  HIT SRR24951926: 2 baits >= 0.7 ['ECBAIT_10_0002_MEMBER_INTERIOR_01', 'ECBAIT_10_0057_MEMBER_INTERIOR_01']
  HIT SRR24951927: 2 baits >= 0.7 ['ECBAIT_10_0057_MEMBER_INTERIOR_01', 'ECBAIT_HOST_CONTROL_02']
  HIT SRR24951934: 2 baits >= 0.7 ['ECBAIT_10_0002_MEMBER_INTERIOR_01', 'ECBAIT_10_0057_MEMBER_INTERIOR_01']
  HIT SRR24951938: 2 baits >= 0.7 ['ECBAIT_10_0002_MEMBER_INTERIOR_01', 'ECBAIT_10_0057_MEMBER_INTERIOR_01']
  HIT SRR24951936: 2 baits >= 0.7 ['ECBAIT_10_0002_MEMBER_INTERIOR_01', 'ECBAIT_10_0057_MEMBER_INTERIOR_01']
  HIT SRR24951939: 2 baits >= 0.7 ['ECBAIT_10_0002_MEMBER_INTERIOR_01', 'ECBAIT_10_0057_MEMBER_INTERIOR_01']
  HIT SRR24951940: 2 baits >= 0.7 ['ECBAIT_10_0002_MEMBER_INTERIOR_01', 'ECBAIT_10_0057_MEMBER_INTERIOR_01']
  HIT SRR24951945: 1 baits >= 0.7 ['ECBAIT_10_0057_MEMBER_INTERIOR_01']
  HIT SRR24951948: 1 baits >= 0.7 ['ECBAIT_10_0057_MEMBER_INTERIOR_01']
  HIT SRR24951954: 3 baits >= 0.7 ['ECBAIT_10_0002_MEMBER_INTERIOR_01', 'ECBAIT_10_0057_MEMBER_INTERIOR_01', 'ECBAIT_1_0004_JUNCTION_02']
  HIT SRR24951953: 2 baits >= 0.7 ['ECBAIT_10_0002_MEMBER_INTERIOR_01', 'ECBAIT_10_0057_MEMBER_INTERIOR_01']
  HIT SRR24951955: 2 baits >= 0.7 ['ECBAIT_10_0002_MEMBER_INTERIOR_01', 'ECBAIT_10_0057_MEMBER_INTERIOR_01']
  7400/12000 processed (7126 screened, 6082 hit-accessions) 2365s budget=12.9GB
  HIT SRR24951967: 2 baits >= 0.7 ['ECBAIT_10_0002_MEMBER_INTERIOR_01', 'ECBAIT_10_0057_MEMBER_INTERIOR_01']
  HIT SRR24951970: 1 baits >= 0.7 ['ECBAIT_HOST_CONTROL_01']
  HIT SRR24951956: 1 baits >= 0.7 ['ECBAIT_10_0057_MEMBER_INTERIOR_01']
  HIT SRR24951973: 1 baits >= 0.7 ['ECBAIT_10_0057_MEMBER_INTERIOR_01']
  HIT SRR24951979: 1 baits >= 0.7 ['ECBAIT_10_0057_MEMBER_INTERIOR_01']
  HIT SRR24951976: 1 baits >= 0.7 ['ECBAIT_10_0057_MEMBER_INTERIOR_01']
  HIT SRR24951987: 1 baits >= 0.7 ['ECBAIT_10_0057_MEMBER_INTERIOR_01']
  HIT SRR24998826: 1 baits >= 0.7 ['ECBAIT_HOST_CONTROL_01']
  HIT SRR24998828: 1 baits >= 0.7 ['ECBAIT_HOST_CONTROL_01']
  HIT SRR24998827: 1 baits >= 0.7 ['ECBAIT_HOST_CONTROL_01']
  HIT SRR24998829: 1 baits >= 0.7 ['ECBAIT_HOST_CONTROL_01']
  HIT SRR24998831: 1 baits >= 0.7 ['ECBAIT_HOST_CONTROL_01']
  HIT SRR24998832: 1 baits >= 0.7 ['ECBAIT_HOST_CONTROL_01']
  HIT SRR24998833: 1 baits >= 0.7 ['ECBAIT_HOST_CONTROL_01']
  HIT SRR24998830: 1 baits >= 0.7 ['ECBAIT_HOST_CONTROL_01']
  HIT SRR24998834: 1 baits >= 0.7 ['ECBAIT_HOST_CONTROL_01']
  HIT SRR24998836: 1 baits >= 0.7 ['ECBAIT_HOST_CONTROL_01']
  HIT SRR24998835: 1 baits >= 0.7 ['ECBAIT_HOST_CONTROL_01']
  HIT SRR25008992: 1 baits >= 0.7 ['ECBAIT_HOST_CONTROL_01']
  HIT SRR25019516: 1 baits >= 0.7 ['ECBAIT_HOST_CONTROL_01']
  HIT SRR25019517: 1 baits >= 0.7 ['ECBAIT_HOST_CONTROL_01']
  HIT SRR25019532: 1 baits >= 0.7 ['ECBAIT_HOST_CONTROL_01']
  HIT SRR25019531: 1 baits >= 0.7 ['ECBAIT_HOST_CONTROL_01']
  HIT SRR25022256: 1 baits >= 0.7 ['ECBAIT_HOST_CONTROL_01']
  HIT SRR25022254: 1 baits >= 0.7 ['ECBAIT_HOST_CONTROL_01']
  HIT SRR25022255: 1 baits >= 0.7 ['ECBAIT_HOST_CONTROL_01']
  HIT SRR25022257: 1 baits >= 0.7 ['ECBAIT_HOST_CONTROL_01']
  HIT SRR25022258: 1 baits >= 0.7 ['ECBAIT_HOST_CONTROL_01']
  HIT SRR25022260: 1 baits >= 0.7 ['ECBAIT_HOST_CONTROL_01']
  HIT SRR25022259: 1 baits >= 0.7 ['ECBAIT_HOST_CONTROL_01']
  HIT SRR25022261: 1 baits >= 0.7 ['ECBAIT_HOST_CONTROL_01']
  HIT SRR25023203: 1 baits >= 0.7 ['ECBAIT_HOST_CONTROL_01']
  HIT SRR25022262: 1 baits >= 0.7 ['ECBAIT_HOST_CONTROL_01']
  HIT SRR25023204: 1 baits >= 0.7 ['ECBAIT_HOST_CONTROL_01']
  HIT SRR25023205: 1 baits >= 0.7 ['ECBAIT_HOST_CONTROL_01']
  HIT SRR25023207: 1 baits >= 0.7 ['ECBAIT_HOST_CONTROL_01']
  HIT SRR25023206: 1 baits >= 0.7 ['ECBAIT_HOST_CONTROL_01']
  HIT SRR25023209: 1 baits >= 0.7 ['ECBAIT_HOST_CONTROL_01']
  HIT SRR25023208: 1 baits >= 0.7 ['ECBAIT_HOST_CONTROL_01']
  HIT SRR25023210: 1 baits >= 0.7 ['ECBAIT_HOST_CONTROL_01']
  HIT SRR25023211: 1 baits >= 0.7 ['ECBAIT_HOST_CONTROL_01']
  HIT SRR25056923: 2 baits >= 0.7 ['ECBAIT_10_0057_MEMBER_INTERIOR_01', 'ECBAIT_HOST_CONTROL_01']
  HIT SRR25132479: 1 baits >= 0.7 ['ECBAIT_HOST_CONTROL_02']
  HIT SRR25132459: 1 baits >= 0.7 ['ECBAIT_10_0057_MEMBER_INTERIOR_01']
  HIT SRR25132554: 1 baits >= 0.7 ['ECBAIT_10_0057_MEMBER_INTERIOR_01']
  HIT SRR25132630: 1 baits >= 0.7 ['ECBAIT_10_0057_MEMBER_INTERIOR_01']
  HIT SRR25132632: 1 baits >= 0.7 ['ECBAIT_10_0057_MEMBER_INTERIOR_01']
  7450/12000 processed (7176 screened, 6129 hit-accessions) 2381s budget=12.9GB
  HIT SRR25132774: 1 baits >= 0.7 ['ECBAIT_10_0057_MEMBER_INTERIOR_01']
  HIT SRR25132784: 2 baits >= 0.7 ['ECBAIT_10_0057_MEMBER_INTERIOR_01', 'ECBAIT_HOST_CONTROL_01']
  HIT SRR25145096: 2 baits >= 0.7 ['ECBAIT_10_0044_MEMBER_INTERIOR_01', 'ECBAIT_HOST_CONTROL_01']
  HIT SRR25281240: 1 baits >= 0.7 ['ECBAIT_1_0004_JUNCTION_01']
  HIT SRR25281244: 1 baits >= 0.7 ['ECBAIT_10_0057_MEMBER_INTERIOR_01']
  HIT SRR25282073: 1 baits >= 0.7 ['ECBAIT_0_0000_JUNCTION_02']
  HIT SRR25282078: 2 baits >= 0.7 ['ECBAIT_10_0057_MEMBER_INTERIOR_01', 'ECBAIT_HOST_CONTROL_01']
  HIT SRR25282079: 2 baits >= 0.7 ['ECBAIT_10_0057_MEMBER_INTERIOR_01', 'ECBAIT_HOST_CONTROL_01']
  HIT SRR25282080: 2 baits >= 0.7 ['ECBAIT_1_0004_JUNCTION_01', 'ECBAIT_HOST_CONTROL_01']
  HIT SRR25282082: 1 baits >= 0.7 ['ECBAIT_HOST_CONTROL_01']
  HIT SRR25282083: 1 baits >= 0.7 ['ECBAIT_HOST_CONTROL_01']
  HIT SRR25282087: 2 baits >= 0.7 ['ECBAIT_0_0000_JUNCTION_02', 'ECBAIT_HOST_CONTROL_01']
  HIT SRR25282089: 1 baits >= 0.7 ['ECBAIT_HOST_CONTROL_01']
  HIT SRR25282090: 1 baits >= 0.7 ['ECBAIT_HOST_CONTROL_01']
  HIT SRR25293659: 2 baits >= 0.7 ['ECBAIT_10_0057_MEMBER_INTERIOR_01', 'ECBAIT_HOST_CONTROL_01']
  HIT SRR25293661: 2 baits >= 0.7 ['ECBAIT_10_0057_MEMBER_INTERIOR_01', 'ECBAIT_HOST_CONTROL_01']
  HIT SRR25293663: 1 baits >= 0.7 ['ECBAIT_HOST_CONTROL_01']
  HIT SRR25293664: 1 baits >= 0.7 ['ECBAIT_HOST_CONTROL_01']
  HIT SRR25293671: 1 baits >= 0.7 ['ECBAIT_HOST_CONTROL_01']
  HIT SRR25293675: 1 baits >= 0.7 ['ECBAIT_HOST_CONTROL_01']
  HIT SRR25293676: 1 baits >= 0.7 ['ECBAIT_HOST_CONTROL_01']
  HIT SRR25293775: 1 baits >= 0.7 ['ECBAIT_0_0000_JUNCTION_02']
  HIT SRR25293780: 1 baits >= 0.7 ['ECBAIT_HOST_CONTROL_01']
  HIT SRR25293782: 1 baits >= 0.7 ['ECBAIT_HOST_CONTROL_01']
  HIT SRR25293783: 1 baits >= 0.7 ['ECBAIT_HOST_CONTROL_01']
  HIT SRR25293787: 2 baits >= 0.7 ['ECBAIT_10_0057_MEMBER_INTERIOR_01', 'ECBAIT_HOST_CONTROL_01']
  HIT SRR25293792: 2 baits >= 0.7 ['ECBAIT_1_0004_JUNCTION_01', 'ECBAIT_HOST_CONTROL_01']
  HIT SRR25293793: 1 baits >= 0.7 ['ECBAIT_HOST_CONTROL_01']
  HIT SRR25293809: 1 baits >= 0.7 ['ECBAIT_HOST_CONTROL_01']
  HIT SRR25293812: 1 baits >= 0.7 ['ECBAIT_HOST_CONTROL_01']
  HIT SRR25293818: 1 baits >= 0.7 ['ECBAIT_10_0057_MEMBER_INTERIOR_01']
  HIT SRR25293816: 1 baits >= 0.7 ['ECBAIT_HOST_CONTROL_01']
  HIT SRR25293820: 1 baits >= 0.7 ['ECBAIT_HOST_CONTROL_01']
  HIT SRR25293890: 1 baits >= 0.7 ['ECBAIT_0_0000_JUNCTION_02']
  HIT SRR25293824: 1 baits >= 0.7 ['ECBAIT_HOST_CONTROL_01']
  HIT SRR25293897: 1 baits >= 0.7 ['ECBAIT_HOST_CONTROL_01']
  HIT SRR25293899: 1 baits >= 0.7 ['ECBAIT_HOST_CONTROL_01']
  7500/12000 processed (7226 screened, 6166 hit-accessions) 2397s budget=13.0GB
  HIT SRR25293904: 1 baits >= 0.7 ['ECBAIT_HOST_CONTROL_01']
  HIT SRR25293909: 2 baits >= 0.7 ['ECBAIT_1_0004_JUNCTION_01', 'ECBAIT_HOST_CONTROL_01']
  HIT SRR25293911: 1 baits >= 0.7 ['ECBAIT_10_0057_MEMBER_INTERIOR_01']
  HIT SRR25294080: 3 baits >= 0.7 ['ECBAIT_10_0002_MEMBER_INTERIOR_01', 'ECBAIT_10_0057_MEMBER_INTERIOR_01', 'ECBAIT_HOST_CONTROL_01']
  HIT SRR25294083: 2 baits >= 0.7 ['ECBAIT_0_0000_JUNCTION_02', 'ECBAIT_10_0057_MEMBER_INTERIOR_01']
  HIT SRR25294113: 1 baits >= 0.7 ['ECBAIT_HOST_CONTROL_01']
  HIT SRR25294116: 1 baits >= 0.7 ['ECBAIT_10_0038_MEMBER_INTERIOR_01']
  HIT SRR25294127: 1 baits >= 0.7 ['ECBAIT_1_0004_JUNCTION_01']
  HIT SRR25294123: 1 baits >= 0.7 ['ECBAIT_HOST_CONTROL_01']
  HIT SRR25294128: 3 baits >= 0.7 ['ECBAIT_10_0172_MEMBER_INTERIOR_01', 'ECBAIT_1_0004_JUNCTION_02', 'ECBAIT_HOST_CONTROL_01']
  HIT SRR25294130: 3 baits >= 0.7 ['ECBAIT_10_0002_MEMBER_INTERIOR_01', 'ECBAIT_1_0026_JUNCTION_01', 'ECBAIT_HOST_CONTROL_01']
  HIT SRR25294132: 3 baits >= 0.7 ['ECBAIT_10_0002_MEMBER_INTERIOR_01', 'ECBAIT_1_0004_JUNCTION_02', 'ECBAIT_HOST_CONTROL_01']
  HIT SRR25360082: 4 baits >= 0.7 ['ECBAIT_0_0046_MEMBER_INTERIOR_01', 'ECBAIT_0_0052_MEMBER_INTERIOR_01', 'ECBAIT_1_0022_JUNCTION_03', 'ECBAIT_HOST_CONTROL_01']
  HIT SRR25356341: 1 baits >= 0.7 ['ECBAIT_10_0057_MEMBER_INTERIOR_01']
  HIT SRR25405080: 2 baits >= 0.7 ['ECBAIT_10_0057_MEMBER_INTERIOR_01', 'ECBAIT_HOST_CONTROL_01']
  HIT SRR25405082: 2 baits >= 0.7 ['ECBAIT_0_0000_MEMBER_INTERIOR_01', 'ECBAIT_10_0057_MEMBER_INTERIOR_01']
  HIT SRR25405081: 1 baits >= 0.7 ['ECBAIT_10_0151_MEMBER_INTERIOR_01']
  HIT SRR25405086: 2 baits >= 0.7 ['ECBAIT_10_0172_MEMBER_INTERIOR_01', 'ECBAIT_HOST_CONTROL_01']
  HIT SRR25405092: 2 baits >= 0.7 ['ECBAIT_10_0172_MEMBER_INTERIOR_01', 'ECBAIT_HOST_CONTROL_01']
  HIT SRR25405090: 3 baits >= 0.7 ['ECBAIT_0_0052_JUNCTION_03', 'ECBAIT_10_0057_MEMBER_INTERIOR_01', 'ECBAIT_HOST_CONTROL_01']
  HIT SRR25405093: 2 baits >= 0.7 ['ECBAIT_10_0172_MEMBER_INTERIOR_01', 'ECBAIT_HOST_CONTROL_01']
  HIT SRR25405095: 1 baits >= 0.7 ['ECBAIT_HOST_CONTROL_01']
  HIT SRR25405096: 2 baits >= 0.7 ['ECBAIT_10_0172_MEMBER_INTERIOR_01', 'ECBAIT_HOST_CONTROL_01']
  HIT SRR25405830: 1 baits >= 0.7 ['ECBAIT_HOST_CONTROL_01']
  HIT SRR25405831: 1 baits >= 0.7 ['ECBAIT_HOST_CONTROL_01']
  HIT SRR25405832: 1 baits >= 0.7 ['ECBAIT_HOST_CONTROL_01']
  HIT SRR254181: 1 baits >= 0.7 ['ECBAIT_HOST_CONTROL_01']
  HIT SRR25424197: 4 baits >= 0.7 ['ECBAIT_0_0000_JUNCTION_02', 'ECBAIT_0_0000_MEMBER_INTERIOR_01', 'ECBAIT_10_0057_MEMBER_INTERIOR_01', 'ECBAIT_HOST_CONTROL_02']
  HIT SRR25424198: 4 baits >= 0.7 ['ECBAIT_0_0000_JUNCTION_02', 'ECBAIT_0_0000_MEMBER_INTERIOR_01', 'ECBAIT_10_0057_MEMBER_INTERIOR_01', 'ECBAIT_HOST_CONTROL_02']
  HIT SRR25424199: 4 baits >= 0.7 ['ECBAIT_0_0000_JUNCTION_02', 'ECBAIT_0_0000_MEMBER_INTERIOR_01', 'ECBAIT_10_0057_MEMBER_INTERIOR_01', 'ECBAIT_HOST_CONTROL_02']
  HIT SRR25424200: 4 baits >= 0.7 ['ECBAIT_0_0000_JUNCTION_02', 'ECBAIT_0_0000_MEMBER_INTERIOR_01', 'ECBAIT_10_0057_MEMBER_INTERIOR_01', 'ECBAIT_HOST_CONTROL_02']
  HIT SRR25424201: 4 baits >= 0.7 ['ECBAIT_0_0000_JUNCTION_02', 'ECBAIT_0_0000_MEMBER_INTERIOR_01', 'ECBAIT_10_0057_MEMBER_INTERIOR_01', 'ECBAIT_HOST_CONTROL_02']
  HIT SRR25424202: 4 baits >= 0.7 ['ECBAIT_0_0000_JUNCTION_02', 'ECBAIT_0_0000_MEMBER_INTERIOR_01', 'ECBAIT_10_0057_MEMBER_INTERIOR_01', 'ECBAIT_HOST_CONTROL_02']
  HIT SRR25424203: 4 baits >= 0.7 ['ECBAIT_0_0000_JUNCTION_02', 'ECBAIT_0_0000_MEMBER_INTERIOR_01', 'ECBAIT_10_0057_MEMBER_INTERIOR_01', 'ECBAIT_HOST_CONTROL_02']
  HIT SRR25424204: 4 baits >= 0.7 ['ECBAIT_0_0000_JUNCTION_02', 'ECBAIT_0_0000_MEMBER_INTERIOR_01', 'ECBAIT_10_0057_MEMBER_INTERIOR_01', 'ECBAIT_HOST_CONTROL_02']
  HIT SRR25424205: 4 baits >= 0.7 ['ECBAIT_0_0000_JUNCTION_02', 'ECBAIT_0_0000_MEMBER_INTERIOR_01', 'ECBAIT_10_0057_MEMBER_INTERIOR_01', 'ECBAIT_HOST_CONTROL_02']
  HIT SRR25424206: 4 baits >= 0.7 ['ECBAIT_0_0000_JUNCTION_02', 'ECBAIT_0_0000_MEMBER_INTERIOR_01', 'ECBAIT_10_0057_MEMBER_INTERIOR_01', 'ECBAIT_HOST_CONTROL_02']
  HIT SRR25424207: 4 baits >= 0.7 ['ECBAIT_0_0000_JUNCTION_02', 'ECBAIT_0_0000_MEMBER_INTERIOR_01', 'ECBAIT_10_0057_MEMBER_INTERIOR_01', 'ECBAIT_HOST_CONTROL_02']
  HIT SRR25424208: 2 baits >= 0.7 ['ECBAIT_10_0057_MEMBER_INTERIOR_01', 'ECBAIT_HOST_CONTROL_01']
  HIT SRR25424209: 2 baits >= 0.7 ['ECBAIT_10_0057_MEMBER_INTERIOR_01', 'ECBAIT_HOST_CONTROL_01']
  HIT SRR25424210: 4 baits >= 0.7 ['ECBAIT_0_0000_JUNCTION_02', 'ECBAIT_0_0000_MEMBER_INTERIOR_01', 'ECBAIT_10_0057_MEMBER_INTERIOR_01', 'ECBAIT_HOST_CONTROL_02']
  HIT SRR25424211: 4 baits >= 0.7 ['ECBAIT_0_0000_JUNCTION_02', 'ECBAIT_0_0000_MEMBER_INTERIOR_01', 'ECBAIT_10_0057_MEMBER_INTERIOR_01', 'ECBAIT_HOST_CONTROL_02']
  HIT SRR25424212: 4 baits >= 0.7 ['ECBAIT_0_0000_JUNCTION_02', 'ECBAIT_0_0000_MEMBER_INTERIOR_01', 'ECBAIT_10_0057_MEMBER_INTERIOR_01', 'ECBAIT_HOST_CONTROL_02']
  HIT SRR25424213: 4 baits >= 0.7 ['ECBAIT_0_0000_JUNCTION_02', 'ECBAIT_0_0000_MEMBER_INTERIOR_01', 'ECBAIT_10_0057_MEMBER_INTERIOR_01', 'ECBAIT_HOST_CONTROL_02']
  HIT SRR25424215: 4 baits >= 0.7 ['ECBAIT_0_0000_JUNCTION_02', 'ECBAIT_0_0000_MEMBER_INTERIOR_01', 'ECBAIT_10_0057_MEMBER_INTERIOR_01', 'ECBAIT_HOST_CONTROL_02']
  HIT SRR25424214: 4 baits >= 0.7 ['ECBAIT_0_0000_JUNCTION_02', 'ECBAIT_0_0000_MEMBER_INTERIOR_01', 'ECBAIT_10_0057_MEMBER_INTERIOR_01', 'ECBAIT_HOST_CONTROL_02']
  7550/12000 processed (7276 screened, 6212 hit-accessions) 2414s budget=13.1GB
  HIT SRR25424216: 4 baits >= 0.7 ['ECBAIT_0_0000_JUNCTION_02', 'ECBAIT_0_0000_MEMBER_INTERIOR_01', 'ECBAIT_10_0057_MEMBER_INTERIOR_01', 'ECBAIT_HOST_CONTROL_02']
  HIT SRR25424217: 4 baits >= 0.7 ['ECBAIT_0_0000_JUNCTION_02', 'ECBAIT_0_0000_MEMBER_INTERIOR_01', 'ECBAIT_10_0057_MEMBER_INTERIOR_01', 'ECBAIT_HOST_CONTROL_02']
  HIT SRR25424218: 4 baits >= 0.7 ['ECBAIT_0_0000_JUNCTION_02', 'ECBAIT_0_0000_MEMBER_INTERIOR_01', 'ECBAIT_10_0057_MEMBER_INTERIOR_01', 'ECBAIT_HOST_CONTROL_02']
  HIT SRR25424219: 4 baits >= 0.7 ['ECBAIT_0_0000_JUNCTION_02', 'ECBAIT_0_0000_MEMBER_INTERIOR_01', 'ECBAIT_10_0057_MEMBER_INTERIOR_01', 'ECBAIT_HOST_CONTROL_02']
  HIT SRR25424220: 4 baits >= 0.7 ['ECBAIT_0_0000_JUNCTION_02', 'ECBAIT_0_0000_MEMBER_INTERIOR_01', 'ECBAIT_10_0057_MEMBER_INTERIOR_01', 'ECBAIT_HOST_CONTROL_02']
  HIT SRR25424221: 4 baits >= 0.7 ['ECBAIT_0_0000_JUNCTION_02', 'ECBAIT_0_0000_MEMBER_INTERIOR_01', 'ECBAIT_10_0057_MEMBER_INTERIOR_01', 'ECBAIT_HOST_CONTROL_02']
  HIT SRR25424222: 4 baits >= 0.7 ['ECBAIT_0_0000_JUNCTION_02', 'ECBAIT_0_0000_MEMBER_INTERIOR_01', 'ECBAIT_10_0057_MEMBER_INTERIOR_01', 'ECBAIT_HOST_CONTROL_02']
  HIT SRR25424223: 4 baits >= 0.7 ['ECBAIT_0_0000_JUNCTION_02', 'ECBAIT_0_0000_MEMBER_INTERIOR_01', 'ECBAIT_10_0057_MEMBER_INTERIOR_01', 'ECBAIT_HOST_CONTROL_02']
  HIT SRR25424224: 4 baits >= 0.7 ['ECBAIT_0_0000_JUNCTION_02', 'ECBAIT_0_0000_MEMBER_INTERIOR_01', 'ECBAIT_10_0057_MEMBER_INTERIOR_01', 'ECBAIT_HOST_CONTROL_02']
  HIT SRR25424225: 4 baits >= 0.7 ['ECBAIT_0_0000_JUNCTION_02', 'ECBAIT_0_0000_MEMBER_INTERIOR_01', 'ECBAIT_10_0057_MEMBER_INTERIOR_01', 'ECBAIT_HOST_CONTROL_02']
  HIT SRR25424228: 2 baits >= 0.7 ['ECBAIT_10_0057_MEMBER_INTERIOR_01', 'ECBAIT_HOST_CONTROL_01']
  HIT SRR25431019: 2 baits >= 0.7 ['ECBAIT_10_0057_MEMBER_INTERIOR_01', 'ECBAIT_HOST_CONTROL_01']
  HIT SRR25424226: 4 baits >= 0.7 ['ECBAIT_0_0000_JUNCTION_02', 'ECBAIT_0_0000_MEMBER_INTERIOR_01', 'ECBAIT_10_0057_MEMBER_INTERIOR_01', 'ECBAIT_HOST_CONTROL_02']
  HIT SRR25500368: 3 baits >= 0.7 ['ECBAIT_10_0057_MEMBER_INTERIOR_01', 'ECBAIT_1_0004_JUNCTION_02', 'ECBAIT_HOST_CONTROL_02']
  HIT SRR25500367: 3 baits >= 0.7 ['ECBAIT_10_0057_MEMBER_INTERIOR_01', 'ECBAIT_1_0004_JUNCTION_02', 'ECBAIT_HOST_CONTROL_02']
  HIT SRR25599672: 1 baits >= 0.7 ['ECBAIT_HOST_CONTROL_01']
  HIT SRR25599673: 2 baits >= 0.7 ['ECBAIT_10_0057_MEMBER_INTERIOR_01', 'ECBAIT_HOST_CONTROL_01']
  HIT SRR25599674: 2 baits >= 0.7 ['ECBAIT_10_0057_MEMBER_INTERIOR_01', 'ECBAIT_HOST_CONTROL_01']
  HIT SRR25599675: 2 baits >= 0.7 ['ECBAIT_0_0000_JUNCTION_02', 'ECBAIT_0_0052_JUNCTION_03']
  HIT SRR25599676: 1 baits >= 0.7 ['ECBAIT_10_0057_MEMBER_INTERIOR_01']
  HIT SRR25599678: 1 baits >= 0.7 ['ECBAIT_10_0057_MEMBER_INTERIOR_01']
  HIT SRR25599677: 1 baits >= 0.7 ['ECBAIT_10_0057_MEMBER_INTERIOR_01']
  HIT SRR25599679: 3 baits >= 0.7 ['ECBAIT_10_0057_MEMBER_INTERIOR_01', 'ECBAIT_10_0172_MEMBER_INTERIOR_01', 'ECBAIT_1_0004_JUNCTION_01']
  HIT SRR25599681: 1 baits >= 0.7 ['ECBAIT_HOST_CONTROL_01']
  HIT SRR25599683: 2 baits >= 0.7 ['ECBAIT_10_0057_MEMBER_INTERIOR_01', 'ECBAIT_HOST_CONTROL_01']
  HIT SRR25599682: 1 baits >= 0.7 ['ECBAIT_10_0057_MEMBER_INTERIOR_01']
  HIT SRR25608257: 2 baits >= 0.7 ['ECBAIT_10_0002_MEMBER_INTERIOR_01', 'ECBAIT_1_0004_JUNCTION_02']
  HIT SRR25608259: 2 baits >= 0.7 ['ECBAIT_10_0057_MEMBER_INTERIOR_01', 'ECBAIT_HOST_CONTROL_01']
  HIT SRR25608258: 3 baits >= 0.7 ['ECBAIT_0_0000_JUNCTION_02', 'ECBAIT_10_0057_MEMBER_INTERIOR_01', 'ECBAIT_10_0151_JUNCTION_03']
  HIT SRR25608260: 2 baits >= 0.7 ['ECBAIT_10_0057_MEMBER_INTERIOR_01', 'ECBAIT_HOST_CONTROL_01']
  HIT SRR25608261: 1 baits >= 0.7 ['ECBAIT_HOST_CONTROL_01']
  HIT SRR25608264: 2 baits >= 0.7 ['ECBAIT_10_0002_MEMBER_INTERIOR_01', 'ECBAIT_1_0004_JUNCTION_02']
  HIT SRR25608262: 3 baits >= 0.7 ['ECBAIT_10_0002_JUNCTION_01', 'ECBAIT_10_0002_JUNCTION_02', 'ECBAIT_10_0057_MEMBER_INTERIOR_01']
  HIT SRR25608263: 1 baits >= 0.7 ['ECBAIT_1_0004_INTERIOR_MODULE_01']
  HIT SRR25608265: 1 baits >= 0.7 ['ECBAIT_HOST_CONTROL_01']
  HIT SRR25608266: 2 baits >= 0.7 ['ECBAIT_0_0000_JUNCTION_02', 'ECBAIT_10_0057_MEMBER_INTERIOR_01']
  HIT SRR25608268: 2 baits >= 0.7 ['ECBAIT_10_0057_MEMBER_INTERIOR_01', 'ECBAIT_HOST_CONTROL_01']
  HIT SRR25608267: 3 baits >= 0.7 ['ECBAIT_10_0002_JUNCTION_01', 'ECBAIT_10_0002_JUNCTION_02', 'ECBAIT_10_0057_MEMBER_INTERIOR_01']
  HIT SRR25608270: 2 baits >= 0.7 ['ECBAIT_10_0057_MEMBER_INTERIOR_01', 'ECBAIT_HOST_CONTROL_01']
  HIT SRR25608271: 1 baits >= 0.7 ['ECBAIT_1_0004_INTERIOR_MODULE_01']
  HIT SRR25608272: 1 baits >= 0.7 ['ECBAIT_HOST_CONTROL_01']
  HIT SRR25608269: 1 baits >= 0.7 ['ECBAIT_HOST_CONTROL_01']
  HIT SRR25608273: 2 baits >= 0.7 ['ECBAIT_10_0002_JUNCTION_01', 'ECBAIT_10_0057_MEMBER_INTERIOR_01']
  HIT SRR25608274: 1 baits >= 0.7 ['ECBAIT_10_0057_MEMBER_INTERIOR_01']
  7600/12000 processed (7325 screened, 6256 hit-accessions) 2430s budget=13.2GB
  HIT SRR25608276: 1 baits >= 0.7 ['ECBAIT_10_0057_MEMBER_INTERIOR_01']
  HIT SRR25608277: 1 baits >= 0.7 ['ECBAIT_10_0057_MEMBER_INTERIOR_01']
  HIT SRR25666317: 1 baits >= 0.7 ['ECBAIT_HOST_CONTROL_01']
  HIT SRR25666315: 1 baits >= 0.7 ['ECBAIT_HOST_CONTROL_01']
  HIT SRR25666316: 1 baits >= 0.7 ['ECBAIT_HOST_CONTROL_01']
  HIT SRR25828948: 3 baits >= 0.7 ['ECBAIT_0_0052_JUNCTION_03', 'ECBAIT_10_0057_MEMBER_INTERIOR_01', 'ECBAIT_HOST_CONTROL_02']
  HIT SRR25828951: 4 baits >= 0.7 ['ECBAIT_10_0002_JUNCTION_01', 'ECBAIT_10_0002_JUNCTION_02', 'ECBAIT_10_0002_MEMBER_INTERIOR_01', 'ECBAIT_10_0057_MEMBER_INTERIOR_01']
  HIT SRR26036452: 1 baits >= 0.7 ['ECBAIT_10_0002_MEMBER_INTERIOR_01']
  HIT SRR26036454: 3 baits >= 0.7 ['ECBAIT_0_0000_JUNCTION_01', 'ECBAIT_10_0002_MEMBER_INTERIOR_01', 'ECBAIT_10_0044_MEMBER_INTERIOR_01']
  HIT SRR26036455: 3 baits >= 0.7 ['ECBAIT_0_0000_JUNCTION_01', 'ECBAIT_10_0002_MEMBER_INTERIOR_01', 'ECBAIT_10_0044_MEMBER_INTERIOR_01']
  HIT SRR26036453: 3 baits >= 0.7 ['ECBAIT_0_0000_JUNCTION_01', 'ECBAIT_10_0002_MEMBER_INTERIOR_01', 'ECBAIT_10_0044_MEMBER_INTERIOR_01']
  HIT SRR26036456: 1 baits >= 0.7 ['ECBAIT_10_0002_MEMBER_INTERIOR_01']
  HIT SRR26036458: 3 baits >= 0.7 ['ECBAIT_0_0000_JUNCTION_01', 'ECBAIT_10_0002_MEMBER_INTERIOR_01', 'ECBAIT_10_0044_MEMBER_INTERIOR_01']
  HIT SRR26036457: 2 baits >= 0.7 ['ECBAIT_0_0000_JUNCTION_01', 'ECBAIT_10_0044_MEMBER_INTERIOR_01']
  HIT SRR26036472: 3 baits >= 0.7 ['ECBAIT_0_0000_JUNCTION_01', 'ECBAIT_10_0002_MEMBER_INTERIOR_01', 'ECBAIT_10_0044_MEMBER_INTERIOR_01']
  HIT SRR26036471: 3 baits >= 0.7 ['ECBAIT_0_0000_JUNCTION_01', 'ECBAIT_10_0044_MEMBER_INTERIOR_01', 'ECBAIT_HOST_CONTROL_01']
  HIT SRR26036474: 3 baits >= 0.7 ['ECBAIT_0_0000_JUNCTION_01', 'ECBAIT_10_0002_MEMBER_INTERIOR_01', 'ECBAIT_10_0044_MEMBER_INTERIOR_01']
  HIT SRR26036475: 2 baits >= 0.7 ['ECBAIT_10_0002_MEMBER_INTERIOR_01', 'ECBAIT_10_0044_MEMBER_INTERIOR_01']
  HIT SRR26036476: 2 baits >= 0.7 ['ECBAIT_0_0000_JUNCTION_01', 'ECBAIT_10_0044_MEMBER_INTERIOR_01']
  HIT SRR26036473: 2 baits >= 0.7 ['ECBAIT_0_0000_JUNCTION_01', 'ECBAIT_10_0044_MEMBER_INTERIOR_01']
  HIT SRR26089092: 1 baits >= 0.7 ['ECBAIT_HOST_CONTROL_01']
  HIT SRR26089093: 1 baits >= 0.7 ['ECBAIT_HOST_CONTROL_01']
  HIT SRR26087471: 3 baits >= 0.7 ['ECBAIT_0_0000_JUNCTION_02', 'ECBAIT_10_0057_MEMBER_INTERIOR_01', 'ECBAIT_HOST_CONTROL_01']
  HIT SRR26036477: 3 baits >= 0.7 ['ECBAIT_0_0000_JUNCTION_01', 'ECBAIT_10_0002_MEMBER_INTERIOR_01', 'ECBAIT_10_0044_MEMBER_INTERIOR_01']
  HIT SRR26089094: 1 baits >= 0.7 ['ECBAIT_HOST_CONTROL_01']
  HIT SRR26089095: 1 baits >= 0.7 ['ECBAIT_HOST_CONTROL_01']
  HIT SRR26089097: 1 baits >= 0.7 ['ECBAIT_HOST_CONTROL_01']
  HIT SRR26089098: 1 baits >= 0.7 ['ECBAIT_HOST_CONTROL_01']
  HIT SRR26116985: 1 baits >= 0.7 ['ECBAIT_HOST_CONTROL_01']
  HIT SRR26116986: 1 baits >= 0.7 ['ECBAIT_HOST_CONTROL_01']
  HIT SRR26116987: 1 baits >= 0.7 ['ECBAIT_HOST_CONTROL_01']
  HIT SRR26116988: 1 baits >= 0.7 ['ECBAIT_HOST_CONTROL_01']
  HIT SRR26116989: 1 baits >= 0.7 ['ECBAIT_HOST_CONTROL_01']
  HIT SRR26116990: 1 baits >= 0.7 ['ECBAIT_HOST_CONTROL_01']
  HIT SRR26116991: 1 baits >= 0.7 ['ECBAIT_HOST_CONTROL_01']
  HIT SRR26116992: 1 baits >= 0.7 ['ECBAIT_HOST_CONTROL_01']
  HIT SRR26116993: 1 baits >= 0.7 ['ECBAIT_HOST_CONTROL_01']
  HIT SRR26121104: 1 baits >= 0.7 ['ECBAIT_HOST_CONTROL_01']
  HIT SRR26121103: 1 baits >= 0.7 ['ECBAIT_HOST_CONTROL_01']
  HIT SRR26121105: 1 baits >= 0.7 ['ECBAIT_HOST_CONTROL_01']
  HIT SRR26121106: 1 baits >= 0.7 ['ECBAIT_HOST_CONTROL_01']
  HIT SRR26121107: 1 baits >= 0.7 ['ECBAIT_HOST_CONTROL_01']
  HIT SRR26121108: 1 baits >= 0.7 ['ECBAIT_HOST_CONTROL_01']
  HIT SRR26121109: 1 baits >= 0.7 ['ECBAIT_HOST_CONTROL_01']
  HIT SRR26121110: 1 baits >= 0.7 ['ECBAIT_HOST_CONTROL_01']
  7650/12000 processed (7375 screened, 6301 hit-accessions) 2447s budget=13.3GB
  HIT SRR26121111: 1 baits >= 0.7 ['ECBAIT_HOST_CONTROL_01']
  HIT SRR26203452: 4 baits >= 0.7 ['ECBAIT_0_0000_JUNCTION_02', 'ECBAIT_0_0000_MEMBER_INTERIOR_01', 'ECBAIT_10_0057_MEMBER_INTERIOR_01', 'ECBAIT_HOST_CONTROL_02']
  HIT SRR26217378: 2 baits >= 0.7 ['ECBAIT_0_0052_JUNCTION_01', 'ECBAIT_10_0057_MEMBER_INTERIOR_01']
  HIT SRR26358884: 1 baits >= 0.7 ['ECBAIT_1_0026_JUNCTION_01']
  HIT SRR26358885: 3 baits >= 0.7 ['ECBAIT_0_0046_JUNCTION_01', 'ECBAIT_0_0046_MEMBER_INTERIOR_01', 'ECBAIT_10_0057_MEMBER_INTERIOR_01']
  HIT SRR26358886: 2 baits >= 0.7 ['ECBAIT_10_0057_MEMBER_INTERIOR_01', 'ECBAIT_HOST_CONTROL_02']
  HIT SRR26358887: 4 baits >= 0.7 ['ECBAIT_0_0000_JUNCTION_02', 'ECBAIT_0_0000_MEMBER_INTERIOR_01', 'ECBAIT_10_0057_MEMBER_INTERIOR_01', 'ECBAIT_HOST_CONTROL_02']
  HIT SRR26358888: 1 baits >= 0.7 ['ECBAIT_10_0057_MEMBER_INTERIOR_01']
  HIT SRR26358889: 2 baits >= 0.7 ['ECBAIT_10_0057_MEMBER_INTERIOR_01', 'ECBAIT_HOST_CONTROL_01']
  HIT SRR26358890: 7 baits >= 0.7 ['ECBAIT_0_0000_JUNCTION_02', 'ECBAIT_0_0000_MEMBER_INTERIOR_01', 'ECBAIT_0_0014_JUNCTION_02', 'ECBAIT_0_0014_MEMBER_INTERIOR_01']
  HIT SRR26358891: 3 baits >= 0.7 ['ECBAIT_10_0057_MEMBER_INTERIOR_01', 'ECBAIT_10_0172_MEMBER_INTERIOR_01', 'ECBAIT_1_0004_JUNCTION_01']
  HIT SRR26358892: 2 baits >= 0.7 ['ECBAIT_10_0057_MEMBER_INTERIOR_01', 'ECBAIT_HOST_CONTROL_02']
  HIT SRR26358893: 1 baits >= 0.7 ['ECBAIT_HOST_CONTROL_01']
  HIT SRR26358894: 4 baits >= 0.7 ['ECBAIT_0_0000_JUNCTION_02', 'ECBAIT_0_0000_MEMBER_INTERIOR_01', 'ECBAIT_10_0172_MEMBER_INTERIOR_01', 'ECBAIT_HOST_CONTROL_02']
  HIT SRR26358895: 6 baits >= 0.7 ['ECBAIT_0_0000_JUNCTION_02', 'ECBAIT_0_0000_MEMBER_INTERIOR_01', 'ECBAIT_0_0014_JUNCTION_02', 'ECBAIT_0_0014_MEMBER_INTERIOR_01']
  HIT SRR26358896: 1 baits >= 0.7 ['ECBAIT_HOST_CONTROL_01']
  HIT SRR26358898: 1 baits >= 0.7 ['ECBAIT_0_0094_MEMBER_INTERIOR_01']
  HIT SRR26358900: 3 baits >= 0.7 ['ECBAIT_10_0002_MEMBER_INTERIOR_01', 'ECBAIT_10_0057_MEMBER_INTERIOR_01', 'ECBAIT_HOST_CONTROL_01']
  HIT SRR26358897: 3 baits >= 0.7 ['ECBAIT_10_0002_MEMBER_INTERIOR_01', 'ECBAIT_10_0057_MEMBER_INTERIOR_01', 'ECBAIT_HOST_CONTROL_01']
  HIT SRR26358899: 3 baits >= 0.7 ['ECBAIT_10_0057_MEMBER_INTERIOR_01', 'ECBAIT_10_0151_JUNCTION_03', 'ECBAIT_1_0004_JUNCTION_02']
  HIT SRR26358903: 1 baits >= 0.7 ['ECBAIT_10_0057_MEMBER_INTERIOR_01']
  HIT SRR26358902: 5 baits >= 0.7 ['ECBAIT_0_0000_INTERIOR_MODULE_01', 'ECBAIT_0_0000_JUNCTION_02', 'ECBAIT_0_0000_MEMBER_INTERIOR_01', 'ECBAIT_10_0057_MEMBER_INTERIOR_01']
  HIT SRR26358904: 1 baits >= 0.7 ['ECBAIT_10_0057_MEMBER_INTERIOR_01']
  HIT SRR26358901: 4 baits >= 0.7 ['ECBAIT_0_0000_JUNCTION_02', 'ECBAIT_0_0000_MEMBER_INTERIOR_01', 'ECBAIT_10_0172_MEMBER_INTERIOR_01', 'ECBAIT_HOST_CONTROL_02']
  HIT SRR26358905: 4 baits >= 0.7 ['ECBAIT_10_0002_JUNCTION_01', 'ECBAIT_10_0057_MEMBER_INTERIOR_01', 'ECBAIT_10_0151_JUNCTION_03', 'ECBAIT_1_0004_JUNCTION_01']
  HIT SRR26358907: 4 baits >= 0.7 ['ECBAIT_0_0054_MEMBER_INTERIOR_01', 'ECBAIT_10_0002_MEMBER_INTERIOR_01', 'ECBAIT_10_0172_MEMBER_INTERIOR_01', 'ECBAIT_HOST_CONTROL_01']
  HIT SRR26358908: 3 baits >= 0.7 ['ECBAIT_0_0052_JUNCTION_01', 'ECBAIT_0_0052_JUNCTION_03', 'ECBAIT_HOST_CONTROL_02']
  HIT SRR26358906: 1 baits >= 0.7 ['ECBAIT_HOST_CONTROL_01']
  HIT SRR26358910: 5 baits >= 0.7 ['ECBAIT_0_0000_JUNCTION_02', 'ECBAIT_0_0000_MEMBER_INTERIOR_01', 'ECBAIT_10_0057_MEMBER_INTERIOR_01', 'ECBAIT_10_0172_MEMBER_INTERIOR_01']
  HIT SRR26358912: 4 baits >= 0.7 ['ECBAIT_10_0002_JUNCTION_01', 'ECBAIT_10_0002_JUNCTION_02', 'ECBAIT_10_0002_MEMBER_INTERIOR_01', 'ECBAIT_10_0057_MEMBER_INTERIOR_01']
  HIT SRR26358911: 2 baits >= 0.7 ['ECBAIT_0_0052_JUNCTION_03', 'ECBAIT_0_0054_MEMBER_INTERIOR_01']
  HIT SRR26358913: 2 baits >= 0.7 ['ECBAIT_10_0057_MEMBER_INTERIOR_01', 'ECBAIT_HOST_CONTROL_02']
  HIT SRR26358914: 3 baits >= 0.7 ['ECBAIT_10_0057_MEMBER_INTERIOR_01', 'ECBAIT_10_0172_MEMBER_INTERIOR_01', 'ECBAIT_HOST_CONTROL_02']
  HIT SRR26358915: 2 baits >= 0.7 ['ECBAIT_1_0026_JUNCTION_01', 'ECBAIT_HOST_CONTROL_01']
  HIT SRR26358916: 5 baits >= 0.7 ['ECBAIT_0_0000_INTERIOR_MODULE_01', 'ECBAIT_0_0000_JUNCTION_02', 'ECBAIT_0_0000_MEMBER_INTERIOR_01', 'ECBAIT_10_0057_MEMBER_INTERIOR_01']
  HIT SRR26358917: 5 baits >= 0.7 ['ECBAIT_0_0054_MEMBER_INTERIOR_01', 'ECBAIT_10_0002_MEMBER_INTERIOR_01', 'ECBAIT_10_0057_MEMBER_INTERIOR_01', 'ECBAIT_10_0151_JUNCTION_03']
  HIT SRR26358918: 1 baits >= 0.7 ['ECBAIT_10_0151_JUNCTION_03']
  HIT SRR26358920: 1 baits >= 0.7 ['ECBAIT_10_0057_MEMBER_INTERIOR_01']
  HIT SRR26358919: 3 baits >= 0.7 ['ECBAIT_10_0002_MEMBER_INTERIOR_01', 'ECBAIT_10_0057_MEMBER_INTERIOR_01', 'ECBAIT_HOST_CONTROL_01']
  HIT SRR26358921: 2 baits >= 0.7 ['ECBAIT_1_0026_JUNCTION_01', 'ECBAIT_HOST_CONTROL_01']
  HIT SRR26358923: 3 baits >= 0.7 ['ECBAIT_0_0000_MEMBER_INTERIOR_01', 'ECBAIT_0_0054_MEMBER_INTERIOR_01', 'ECBAIT_10_0057_MEMBER_INTERIOR_01']
  HIT SRR26358922: 1 baits >= 0.7 ['ECBAIT_10_0057_MEMBER_INTERIOR_01']
  7700/12000 processed (7425 screened, 6343 hit-accessions) 2463s budget=13.3GB
  HIT SRR26358924: 2 baits >= 0.7 ['ECBAIT_10_0057_MEMBER_INTERIOR_01', 'ECBAIT_HOST_CONTROL_02']
  HIT SRR26358925: 1 baits >= 0.7 ['ECBAIT_HOST_CONTROL_02']
  HIT SRR26358926: 2 baits >= 0.7 ['ECBAIT_10_0002_MEMBER_INTERIOR_01', 'ECBAIT_10_0057_MEMBER_INTERIOR_01']
  HIT SRR26358927: 1 baits >= 0.7 ['ECBAIT_HOST_CONTROL_01']
  HIT SRR26358928: 2 baits >= 0.7 ['ECBAIT_10_0057_MEMBER_INTERIOR_01', 'ECBAIT_10_0172_MEMBER_INTERIOR_01']
  HIT SRR26358929: 3 baits >= 0.7 ['ECBAIT_10_0057_MEMBER_INTERIOR_01', 'ECBAIT_10_0151_JUNCTION_03', 'ECBAIT_10_0172_MEMBER_INTERIOR_01']
  HIT SRR26358932: 1 baits >= 0.7 ['ECBAIT_10_0057_MEMBER_INTERIOR_01']
  HIT SRR26358931: 2 baits >= 0.7 ['ECBAIT_10_0172_MEMBER_INTERIOR_01', 'ECBAIT_HOST_CONTROL_02']
  HIT SRR26358933: 3 baits >= 0.7 ['ECBAIT_10_0057_MEMBER_INTERIOR_01', 'ECBAIT_10_0151_JUNCTION_03', 'ECBAIT_10_0172_MEMBER_INTERIOR_01']
  HIT SRR26434295: 1 baits >= 0.7 ['ECBAIT_HOST_CONTROL_01']
  HIT SRR26434296: 2 baits >= 0.7 ['ECBAIT_10_0057_MEMBER_INTERIOR_01', 'ECBAIT_HOST_CONTROL_01']
  HIT SRR26448182: 1 baits >= 0.7 ['ECBAIT_HOST_CONTROL_01']
  HIT SRR26448183: 1 baits >= 0.7 ['ECBAIT_HOST_CONTROL_01']
  HIT SRR26448184: 1 baits >= 0.7 ['ECBAIT_HOST_CONTROL_01']
  HIT SRR26510612: 3 baits >= 0.7 ['ECBAIT_10_0057_MEMBER_INTERIOR_01', 'ECBAIT_10_0172_MEMBER_INTERIOR_01', 'ECBAIT_HOST_CONTROL_02']
  HIT SRR26528834: 1 baits >= 0.7 ['ECBAIT_HOST_CONTROL_01']
  HIT SRR26528835: 1 baits >= 0.7 ['ECBAIT_HOST_CONTROL_01']
  HIT SRR26528836: 1 baits >= 0.7 ['ECBAIT_HOST_CONTROL_01']
  HIT SRR26528837: 1 baits >= 0.7 ['ECBAIT_HOST_CONTROL_01']
  HIT SRR26528838: 1 baits >= 0.7 ['ECBAIT_HOST_CONTROL_01']
  HIT SRR26528839: 1 baits >= 0.7 ['ECBAIT_HOST_CONTROL_01']
  HIT SRR26557594: 1 baits >= 0.7 ['ECBAIT_10_0057_MEMBER_INTERIOR_01']
  HIT SRR26637804: 1 baits >= 0.7 ['ECBAIT_10_0151_JUNCTION_03']
  HIT SRR26638093: 1 baits >= 0.7 ['ECBAIT_10_0151_JUNCTION_03']
  HIT SRR26639499: 3 baits >= 0.7 ['ECBAIT_10_0044_MEMBER_INTERIOR_01', 'ECBAIT_10_0057_MEMBER_INTERIOR_01', 'ECBAIT_HOST_CONTROL_01']
  HIT SRR26639556: 1 baits >= 0.7 ['ECBAIT_HOST_CONTROL_01']
  HIT SRR26640444: 4 baits >= 0.7 ['ECBAIT_10_0002_MEMBER_INTERIOR_01', 'ECBAIT_10_0044_MEMBER_INTERIOR_01', 'ECBAIT_10_0057_MEMBER_INTERIOR_01', 'ECBAIT_HOST_CONTROL_01']
  HIT SRR26640606: 3 baits >= 0.7 ['ECBAIT_10_0044_MEMBER_INTERIOR_01', 'ECBAIT_10_0057_MEMBER_INTERIOR_01', 'ECBAIT_HOST_CONTROL_01']
  HIT SRR26640643: 2 baits >= 0.7 ['ECBAIT_10_0002_JUNCTION_01', 'ECBAIT_HOST_CONTROL_01']
  HIT SRR26640652: 2 baits >= 0.7 ['ECBAIT_10_0002_JUNCTION_01', 'ECBAIT_HOST_CONTROL_01']
  HIT SRR26664858: 1 baits >= 0.7 ['ECBAIT_HOST_CONTROL_01']
  HIT SRR26664859: 2 baits >= 0.7 ['ECBAIT_10_0057_MEMBER_INTERIOR_01', 'ECBAIT_HOST_CONTROL_01']
  HIT SRR26664860: 2 baits >= 0.7 ['ECBAIT_0_0094_MEMBER_INTERIOR_01', 'ECBAIT_HOST_CONTROL_01']
  HIT SRR26664861: 1 baits >= 0.7 ['ECBAIT_HOST_CONTROL_01']
  HIT SRR26664863: 1 baits >= 0.7 ['ECBAIT_HOST_CONTROL_01']
  HIT SRR26664865: 2 baits >= 0.7 ['ECBAIT_0_0094_MEMBER_INTERIOR_01', 'ECBAIT_HOST_CONTROL_01']
  HIT SRR26664867: 1 baits >= 0.7 ['ECBAIT_POSCON_LAMBDA_01']
  HIT SRR26664868: 2 baits >= 0.7 ['ECBAIT_0_0094_MEMBER_INTERIOR_01', 'ECBAIT_HOST_CONTROL_01']
  HIT SRR26892073: 2 baits >= 0.7 ['ECBAIT_0_0000_JUNCTION_02', 'ECBAIT_10_0057_MEMBER_INTERIOR_01']
  HIT SRR26892079: 2 baits >= 0.7 ['ECBAIT_10_0057_MEMBER_INTERIOR_01', 'ECBAIT_HOST_CONTROL_02']
  HIT SRR26892087: 4 baits >= 0.7 ['ECBAIT_0_0000_JUNCTION_02', 'ECBAIT_0_0000_MEMBER_INTERIOR_01', 'ECBAIT_0_0014_MEMBER_INTERIOR_01', 'ECBAIT_HOST_CONTROL_02']
  HIT SRR26892089: 1 baits >= 0.7 ['ECBAIT_10_0057_MEMBER_INTERIOR_01']
  HIT SRR26940258: 1 baits >= 0.7 ['ECBAIT_HOST_CONTROL_01']
  HIT SRR26940259: 1 baits >= 0.7 ['ECBAIT_HOST_CONTROL_01']
  7750/12000 processed (7475 screened, 6387 hit-accessions) 2480s budget=13.4GB
  HIT SRR26940261: 1 baits >= 0.7 ['ECBAIT_HOST_CONTROL_01']
  HIT SRR26940262: 1 baits >= 0.7 ['ECBAIT_HOST_CONTROL_01']
  HIT SRR26940260: 1 baits >= 0.7 ['ECBAIT_HOST_CONTROL_01']
  HIT SRR26940264: 1 baits >= 0.7 ['ECBAIT_HOST_CONTROL_01']
  HIT SRR26940265: 1 baits >= 0.7 ['ECBAIT_HOST_CONTROL_01']
  HIT SRR26940266: 1 baits >= 0.7 ['ECBAIT_HOST_CONTROL_01']
  HIT SRR26940267: 1 baits >= 0.7 ['ECBAIT_HOST_CONTROL_01']
  HIT SRR26940268: 1 baits >= 0.7 ['ECBAIT_HOST_CONTROL_01']
  HIT SRR26947586: 1 baits >= 0.7 ['ECBAIT_HOST_CONTROL_01']
  HIT SRR26947587: 1 baits >= 0.7 ['ECBAIT_HOST_CONTROL_01']
  HIT SRR27176219: 1 baits >= 0.7 ['ECBAIT_HOST_CONTROL_01']
  HIT SRR27176220: 1 baits >= 0.7 ['ECBAIT_HOST_CONTROL_01']
  HIT SRR27176221: 1 baits >= 0.7 ['ECBAIT_HOST_CONTROL_01']
  HIT SRR27176223: 1 baits >= 0.7 ['ECBAIT_HOST_CONTROL_01']
  HIT SRR27176222: 1 baits >= 0.7 ['ECBAIT_HOST_CONTROL_01']
  HIT SRR27176224: 1 baits >= 0.7 ['ECBAIT_HOST_CONTROL_01']
  HIT SRR27176231: 1 baits >= 0.7 ['ECBAIT_HOST_CONTROL_01']
  HIT SRR27176232: 1 baits >= 0.7 ['ECBAIT_HOST_CONTROL_01']
  HIT SRR27198636: 2 baits >= 0.7 ['ECBAIT_10_0057_MEMBER_INTERIOR_01', 'ECBAIT_HOST_CONTROL_01']
  HIT SRR27241878: 2 baits >= 0.7 ['ECBAIT_0_0054_MEMBER_INTERIOR_01', 'ECBAIT_10_0002_JUNCTION_01']
  HIT SRR27305613: 5 baits >= 0.7 ['ECBAIT_0_0000_INTERIOR_MODULE_01', 'ECBAIT_0_0000_JUNCTION_02', 'ECBAIT_0_0000_MEMBER_INTERIOR_01', 'ECBAIT_10_0057_MEMBER_INTERIOR_01']
  HIT SRR27326110: 1 baits >= 0.7 ['ECBAIT_HOST_CONTROL_01']
  HIT SRR27326111: 3 baits >= 0.7 ['ECBAIT_10_0002_JUNCTION_01', 'ECBAIT_10_0057_MEMBER_INTERIOR_01', 'ECBAIT_HOST_CONTROL_01']
  HIT SRR27326113: 1 baits >= 0.7 ['ECBAIT_HOST_CONTROL_01']
  HIT SRR27326112: 1 baits >= 0.7 ['ECBAIT_HOST_CONTROL_01']
  HIT SRR27326114: 2 baits >= 0.7 ['ECBAIT_10_0057_MEMBER_INTERIOR_01', 'ECBAIT_HOST_CONTROL_01']
  7800/12000 processed (7524 screened, 6413 hit-accessions) 2496s budget=13.5GB
  HIT SRR27326115: 2 baits >= 0.7 ['ECBAIT_10_0057_MEMBER_INTERIOR_01', 'ECBAIT_HOST_CONTROL_01']
  HIT SRR27326118: 2 baits >= 0.7 ['ECBAIT_10_0057_MEMBER_INTERIOR_01', 'ECBAIT_HOST_CONTROL_01']
  HIT SRR27326119: 2 baits >= 0.7 ['ECBAIT_10_0002_MEMBER_INTERIOR_01', 'ECBAIT_1_0004_JUNCTION_02']
  HIT SRR27326120: 1 baits >= 0.7 ['ECBAIT_0_0052_JUNCTION_03']
  HIT SRR27326121: 1 baits >= 0.7 ['ECBAIT_10_0057_MEMBER_INTERIOR_01']
  HIT SRR27326122: 3 baits >= 0.7 ['ECBAIT_1_0004_JUNCTION_02', 'ECBAIT_1_0026_JUNCTION_01', 'ECBAIT_HOST_CONTROL_01']
  HIT SRR27326124: 2 baits >= 0.7 ['ECBAIT_10_0172_MEMBER_INTERIOR_01', 'ECBAIT_1_0026_JUNCTION_01']
  HIT SRR27326125: 2 baits >= 0.7 ['ECBAIT_10_0057_MEMBER_INTERIOR_01', 'ECBAIT_HOST_CONTROL_01']
  HIT SRR27326126: 2 baits >= 0.7 ['ECBAIT_1_0004_JUNCTION_01', 'ECBAIT_HOST_CONTROL_01']
  HIT SRR27326127: 1 baits >= 0.7 ['ECBAIT_HOST_CONTROL_01']
  HIT SRR27430921: 1 baits >= 0.7 ['ECBAIT_HOST_CONTROL_01']
  HIT SRR27430922: 1 baits >= 0.7 ['ECBAIT_HOST_CONTROL_01']
  HIT SRR27430923: 1 baits >= 0.7 ['ECBAIT_HOST_CONTROL_01']
  HIT SRR27430924: 1 baits >= 0.7 ['ECBAIT_HOST_CONTROL_01']
  HIT SRR27430925: 1 baits >= 0.7 ['ECBAIT_HOST_CONTROL_01']
  HIT SRR27430926: 1 baits >= 0.7 ['ECBAIT_HOST_CONTROL_01']
  HIT SRR27430927: 1 baits >= 0.7 ['ECBAIT_HOST_CONTROL_01']
  HIT SRR27430928: 1 baits >= 0.7 ['ECBAIT_HOST_CONTROL_01']
  HIT SRR27430929: 1 baits >= 0.7 ['ECBAIT_HOST_CONTROL_01']
  HIT SRR27430930: 1 baits >= 0.7 ['ECBAIT_HOST_CONTROL_01']
  HIT SRR27430931: 1 baits >= 0.7 ['ECBAIT_HOST_CONTROL_01']
  HIT SRR27430932: 1 baits >= 0.7 ['ECBAIT_HOST_CONTROL_01']
  HIT SRR27430933: 1 baits >= 0.7 ['ECBAIT_HOST_CONTROL_01']
  HIT SRR27430934: 1 baits >= 0.7 ['ECBAIT_HOST_CONTROL_01']
  HIT SRR27430935: 1 baits >= 0.7 ['ECBAIT_HOST_CONTROL_01']
  HIT SRR27430936: 1 baits >= 0.7 ['ECBAIT_HOST_CONTROL_01']
  HIT SRR27430937: 1 baits >= 0.7 ['ECBAIT_HOST_CONTROL_01']
  HIT SRR27430938: 1 baits >= 0.7 ['ECBAIT_HOST_CONTROL_01']
  HIT SRR27430939: 1 baits >= 0.7 ['ECBAIT_HOST_CONTROL_01']
  HIT SRR27430940: 1 baits >= 0.7 ['ECBAIT_HOST_CONTROL_01']
  HIT SRR27430941: 1 baits >= 0.7 ['ECBAIT_HOST_CONTROL_01']
  HIT SRR27430942: 1 baits >= 0.7 ['ECBAIT_HOST_CONTROL_01']
  HIT SRR27430943: 1 baits >= 0.7 ['ECBAIT_HOST_CONTROL_01']
  HIT SRR27430944: 1 baits >= 0.7 ['ECBAIT_HOST_CONTROL_01']
  HIT SRR27535584: 3 baits >= 0.7 ['ECBAIT_0_0000_MEMBER_INTERIOR_01', 'ECBAIT_0_0054_MEMBER_INTERIOR_01', 'ECBAIT_HOST_CONTROL_02']
  HIT SRR27535586: 1 baits >= 0.7 ['ECBAIT_10_0057_MEMBER_INTERIOR_01']
  HIT SRR27535587: 3 baits >= 0.7 ['ECBAIT_10_0002_JUNCTION_01', 'ECBAIT_10_0057_MEMBER_INTERIOR_01', 'ECBAIT_HOST_CONTROL_01']
  HIT SRR27535588: 3 baits >= 0.7 ['ECBAIT_10_0057_MEMBER_INTERIOR_01', 'ECBAIT_10_0151_JUNCTION_03', 'ECBAIT_10_0172_MEMBER_INTERIOR_01']
  HIT SRR27535589: 6 baits >= 0.7 ['ECBAIT_10_0002_JUNCTION_01', 'ECBAIT_10_0002_JUNCTION_02', 'ECBAIT_10_0057_INTERIOR_MODULE_01', 'ECBAIT_10_0057_JUNCTION_03']
  HIT SRR27535590: 2 baits >= 0.7 ['ECBAIT_10_0057_MEMBER_INTERIOR_01', 'ECBAIT_HOST_CONTROL_01']
  HIT SRR27535591: 1 baits >= 0.7 ['ECBAIT_10_0057_MEMBER_INTERIOR_01']
  HIT SRR27596809: 1 baits >= 0.7 ['ECBAIT_HOST_CONTROL_01']
  HIT SRR27596810: 1 baits >= 0.7 ['ECBAIT_HOST_CONTROL_01']
  HIT SRR27678039: 1 baits >= 0.7 ['ECBAIT_10_0057_MEMBER_INTERIOR_01']
  HIT SRR27788998: 5 baits >= 0.7 ['ECBAIT_0_0000_INTERIOR_MODULE_01', 'ECBAIT_0_0000_JUNCTION_02', 'ECBAIT_0_0000_MEMBER_INTERIOR_01', 'ECBAIT_10_0057_MEMBER_INTERIOR_01']
  HIT SRR28048062: 1 baits >= 0.7 ['ECBAIT_10_0057_MEMBER_INTERIOR_01']
  7850/12000 processed (7574 screened, 6459 hit-accessions) 2512s budget=13.6GB
  HIT SRR28048063: 2 baits >= 0.7 ['ECBAIT_10_0057_MEMBER_INTERIOR_01', 'ECBAIT_1_0004_MEMBER_INTERIOR_01']
  HIT SRR28048064: 2 baits >= 0.7 ['ECBAIT_10_0057_MEMBER_INTERIOR_01', 'ECBAIT_1_0004_MEMBER_INTERIOR_01']
  HIT SRR28048065: 2 baits >= 0.7 ['ECBAIT_10_0057_MEMBER_INTERIOR_01', 'ECBAIT_1_0004_MEMBER_INTERIOR_01']
  HIT SRR28048070: 1 baits >= 0.7 ['ECBAIT_10_0057_MEMBER_INTERIOR_01']
  HIT SRR28048075: 2 baits >= 0.7 ['ECBAIT_10_0057_MEMBER_INTERIOR_01', 'ECBAIT_1_0004_MEMBER_INTERIOR_01']
  HIT SRR28048077: 2 baits >= 0.7 ['ECBAIT_10_0057_MEMBER_INTERIOR_01', 'ECBAIT_1_0004_MEMBER_INTERIOR_01']
  HIT SRR28048078: 1 baits >= 0.7 ['ECBAIT_10_0057_MEMBER_INTERIOR_01']
  HIT SRR28048079: 2 baits >= 0.7 ['ECBAIT_10_0057_MEMBER_INTERIOR_01', 'ECBAIT_1_0004_MEMBER_INTERIOR_01']
  HIT SRR28048080: 1 baits >= 0.7 ['ECBAIT_10_0057_MEMBER_INTERIOR_01']
  HIT SRR28048081: 2 baits >= 0.7 ['ECBAIT_10_0057_MEMBER_INTERIOR_01', 'ECBAIT_1_0004_MEMBER_INTERIOR_01']
  HIT SRR28048082: 2 baits >= 0.7 ['ECBAIT_10_0057_MEMBER_INTERIOR_01', 'ECBAIT_1_0004_MEMBER_INTERIOR_01']
  HIT SRR28048083: 2 baits >= 0.7 ['ECBAIT_10_0057_MEMBER_INTERIOR_01', 'ECBAIT_1_0004_MEMBER_INTERIOR_01']
  HIT SRR28048084: 2 baits >= 0.7 ['ECBAIT_10_0057_MEMBER_INTERIOR_01', 'ECBAIT_1_0004_MEMBER_INTERIOR_01']
  HIT SRR28048085: 2 baits >= 0.7 ['ECBAIT_10_0057_MEMBER_INTERIOR_01', 'ECBAIT_1_0004_MEMBER_INTERIOR_01']
  HIT SRR28200276: 3 baits >= 0.7 ['ECBAIT_0_0000_JUNCTION_02', 'ECBAIT_10_0057_MEMBER_INTERIOR_01', 'ECBAIT_10_0172_MEMBER_INTERIOR_01']
  HIT SRR28200277: 4 baits >= 0.7 ['ECBAIT_0_0000_JUNCTION_02', 'ECBAIT_0_0000_MEMBER_INTERIOR_01', 'ECBAIT_10_0057_MEMBER_INTERIOR_01', 'ECBAIT_HOST_CONTROL_02']
  HIT SRR28200278: 3 baits >= 0.7 ['ECBAIT_10_0057_MEMBER_INTERIOR_01', 'ECBAIT_10_0172_MEMBER_INTERIOR_01', 'ECBAIT_HOST_CONTROL_01']
  HIT SRR28237382: 1 baits >= 0.7 ['ECBAIT_HOST_CONTROL_01']
  HIT SRR28239408: 1 baits >= 0.7 ['ECBAIT_10_0057_MEMBER_INTERIOR_01']
  HIT SRR28239409: 1 baits >= 0.7 ['ECBAIT_10_0057_MEMBER_INTERIOR_01']
  HIT SRR28240429: 2 baits >= 0.7 ['ECBAIT_10_0057_MEMBER_INTERIOR_01', 'ECBAIT_HOST_CONTROL_01']
  HIT SRR28240430: 2 baits >= 0.7 ['ECBAIT_10_0057_MEMBER_INTERIOR_01', 'ECBAIT_HOST_CONTROL_01']
  HIT SRR28273986: 1 baits >= 0.7 ['ECBAIT_10_0172_MEMBER_INTERIOR_01']
  HIT SRR28370642: 5 baits >= 0.7 ['ECBAIT_0_0000_INTERIOR_MODULE_01', 'ECBAIT_0_0000_JUNCTION_02', 'ECBAIT_0_0000_MEMBER_INTERIOR_01', 'ECBAIT_10_0057_MEMBER_INTERIOR_01']
  HIT SRR28370651: 6 baits >= 0.7 ['ECBAIT_0_0000_INTERIOR_MODULE_01', 'ECBAIT_0_0000_JUNCTION_02', 'ECBAIT_0_0000_MEMBER_INTERIOR_01', 'ECBAIT_10_0057_MEMBER_INTERIOR_01']
  HIT SRR28370668: 6 baits >= 0.7 ['ECBAIT_0_0000_INTERIOR_MODULE_01', 'ECBAIT_0_0000_JUNCTION_02', 'ECBAIT_0_0000_MEMBER_INTERIOR_01', 'ECBAIT_10_0057_MEMBER_INTERIOR_01']
  HIT SRR28370659: 6 baits >= 0.7 ['ECBAIT_0_0000_INTERIOR_MODULE_01', 'ECBAIT_0_0000_JUNCTION_02', 'ECBAIT_0_0000_MEMBER_INTERIOR_01', 'ECBAIT_10_0057_MEMBER_INTERIOR_01']
  7900/12000 processed (7624 screened, 6486 hit-accessions) 2527s budget=13.7GB
  HIT SRR28420678: 2 baits >= 0.7 ['ECBAIT_0_0067_MEMBER_INTERIOR_01', 'ECBAIT_HOST_CONTROL_01']
  HIT SRR28519657: 1 baits >= 0.7 ['ECBAIT_HOST_CONTROL_01']
  HIT SRR28519658: 1 baits >= 0.7 ['ECBAIT_HOST_CONTROL_01']
  HIT SRR28519661: 1 baits >= 0.7 ['ECBAIT_HOST_CONTROL_01']
  HIT SRR28519659: 1 baits >= 0.7 ['ECBAIT_HOST_CONTROL_01']
  HIT SRR28519660: 1 baits >= 0.7 ['ECBAIT_HOST_CONTROL_01']
  HIT SRR28504747: 3 baits >= 0.7 ['ECBAIT_10_0057_MEMBER_INTERIOR_01', 'ECBAIT_1_0022_JUNCTION_03', 'ECBAIT_HOST_CONTROL_01']
  HIT SRR28519662: 1 baits >= 0.7 ['ECBAIT_HOST_CONTROL_01']
  HIT SRR28519663: 1 baits >= 0.7 ['ECBAIT_HOST_CONTROL_01']
  HIT SRR28519664: 1 baits >= 0.7 ['ECBAIT_HOST_CONTROL_01']
  HIT SRR28519666: 1 baits >= 0.7 ['ECBAIT_HOST_CONTROL_01']
  HIT SRR28519665: 1 baits >= 0.7 ['ECBAIT_HOST_CONTROL_01']
  HIT SRR28519668: 1 baits >= 0.7 ['ECBAIT_HOST_CONTROL_01']
  7950/12000 processed (7674 screened, 6499 hit-accessions) 2541s budget=13.8GB
  HIT SRR28519667: 1 baits >= 0.7 ['ECBAIT_HOST_CONTROL_01']
  HIT SRR28519669: 1 baits >= 0.7 ['ECBAIT_HOST_CONTROL_01']
  HIT SRR28519670: 1 baits >= 0.7 ['ECBAIT_HOST_CONTROL_01']
  HIT SRR28519672: 1 baits >= 0.7 ['ECBAIT_HOST_CONTROL_01']
  HIT SRR28519671: 1 baits >= 0.7 ['ECBAIT_HOST_CONTROL_01']
  HIT SRR28519674: 1 baits >= 0.7 ['ECBAIT_HOST_CONTROL_01']
  HIT SRR28519675: 1 baits >= 0.7 ['ECBAIT_HOST_CONTROL_01']
  HIT SRR28519673: 1 baits >= 0.7 ['ECBAIT_HOST_CONTROL_01']
  HIT SRR28519676: 1 baits >= 0.7 ['ECBAIT_HOST_CONTROL_01']
  HIT SRR28519677: 1 baits >= 0.7 ['ECBAIT_HOST_CONTROL_01']
  HIT SRR28519678: 1 baits >= 0.7 ['ECBAIT_HOST_CONTROL_01']
  HIT SRR28519680: 1 baits >= 0.7 ['ECBAIT_HOST_CONTROL_01']
  HIT SRR28519679: 1 baits >= 0.7 ['ECBAIT_HOST_CONTROL_01']
  HIT SRR28519682: 1 baits >= 0.7 ['ECBAIT_HOST_CONTROL_01']
  HIT SRR28519681: 1 baits >= 0.7 ['ECBAIT_HOST_CONTROL_01']
  HIT SRR28551309: 1 baits >= 0.7 ['ECBAIT_HOST_CONTROL_01']
  HIT SRR28551310: 1 baits >= 0.7 ['ECBAIT_HOST_CONTROL_01']
  HIT SRR28551312: 1 baits >= 0.7 ['ECBAIT_HOST_CONTROL_01']
  HIT SRR28551311: 1 baits >= 0.7 ['ECBAIT_HOST_CONTROL_01']
  HIT SRR28551314: 1 baits >= 0.7 ['ECBAIT_HOST_CONTROL_01']
  HIT SRR28551313: 1 baits >= 0.7 ['ECBAIT_HOST_CONTROL_01']
  HIT SRR28551316: 1 baits >= 0.7 ['ECBAIT_HOST_CONTROL_01']
  HIT SRR28551315: 1 baits >= 0.7 ['ECBAIT_HOST_CONTROL_01']
  HIT SRR28551317: 1 baits >= 0.7 ['ECBAIT_HOST_CONTROL_01']
  HIT SRR28551318: 1 baits >= 0.7 ['ECBAIT_HOST_CONTROL_01']
  HIT SRR28551319: 1 baits >= 0.7 ['ECBAIT_HOST_CONTROL_01']
  HIT SRR28551320: 1 baits >= 0.7 ['ECBAIT_HOST_CONTROL_01']
  HIT SRR28551321: 1 baits >= 0.7 ['ECBAIT_HOST_CONTROL_01']
  HIT SRR28551322: 1 baits >= 0.7 ['ECBAIT_HOST_CONTROL_01']
  HIT SRR28551323: 1 baits >= 0.7 ['ECBAIT_HOST_CONTROL_01']
  HIT SRR28551324: 1 baits >= 0.7 ['ECBAIT_HOST_CONTROL_01']
  HIT SRR28551325: 1 baits >= 0.7 ['ECBAIT_HOST_CONTROL_01']
  HIT SRR28551326: 1 baits >= 0.7 ['ECBAIT_HOST_CONTROL_01']
  HIT SRR28551327: 1 baits >= 0.7 ['ECBAIT_HOST_CONTROL_01']
  HIT SRR28551328: 1 baits >= 0.7 ['ECBAIT_HOST_CONTROL_01']
  HIT SRR28551329: 1 baits >= 0.7 ['ECBAIT_HOST_CONTROL_01']
  HIT SRR28551330: 1 baits >= 0.7 ['ECBAIT_HOST_CONTROL_01']
  HIT SRR28551331: 1 baits >= 0.7 ['ECBAIT_HOST_CONTROL_01']
  HIT SRR28551332: 1 baits >= 0.7 ['ECBAIT_HOST_CONTROL_01']
  HIT SRR28551334: 1 baits >= 0.7 ['ECBAIT_HOST_CONTROL_01']
  HIT SRR28551333: 1 baits >= 0.7 ['ECBAIT_HOST_CONTROL_01']
  HIT SRR28551335: 1 baits >= 0.7 ['ECBAIT_HOST_CONTROL_01']
  HIT SRR28551336: 1 baits >= 0.7 ['ECBAIT_HOST_CONTROL_01']
  HIT SRR28551337: 1 baits >= 0.7 ['ECBAIT_HOST_CONTROL_01']
  HIT SRR28551338: 1 baits >= 0.7 ['ECBAIT_HOST_CONTROL_01']
  HIT SRR28551339: 1 baits >= 0.7 ['ECBAIT_HOST_CONTROL_01']
  HIT SRR28551340: 1 baits >= 0.7 ['ECBAIT_HOST_CONTROL_01']
  HIT SRR28551342: 1 baits >= 0.7 ['ECBAIT_HOST_CONTROL_01']
  HIT SRR28551341: 1 baits >= 0.7 ['ECBAIT_HOST_CONTROL_01']
  HIT SRR28551343: 1 baits >= 0.7 ['ECBAIT_HOST_CONTROL_01']
  8000/12000 processed (7724 screened, 6549 hit-accessions) 2557s budget=13.9GB
  HIT SRR28551344: 1 baits >= 0.7 ['ECBAIT_HOST_CONTROL_01']
  HIT SRR28555761: 1 baits >= 0.7 ['ECBAIT_HOST_CONTROL_01']
  HIT SRR28555762: 1 baits >= 0.7 ['ECBAIT_HOST_CONTROL_01']
  HIT SRR28555763: 1 baits >= 0.7 ['ECBAIT_HOST_CONTROL_01']
  HIT SRR28555764: 2 baits >= 0.7 ['ECBAIT_HOST_CONTROL_01', 'ECBAIT_POSCON_LAMBDA_01']
  HIT SRR28555766: 2 baits >= 0.7 ['ECBAIT_HOST_CONTROL_01', 'ECBAIT_POSCON_LAMBDA_01']
  HIT SRR28555765: 2 baits >= 0.7 ['ECBAIT_HOST_CONTROL_01', 'ECBAIT_POSCON_LAMBDA_01']
  HIT SRR28555767: 2 baits >= 0.7 ['ECBAIT_HOST_CONTROL_01', 'ECBAIT_POSCON_LAMBDA_01']
  HIT SRR28555768: 2 baits >= 0.7 ['ECBAIT_HOST_CONTROL_01', 'ECBAIT_POSCON_LAMBDA_01']
  HIT SRR28555769: 2 baits >= 0.7 ['ECBAIT_HOST_CONTROL_01', 'ECBAIT_POSCON_LAMBDA_01']
  HIT SRR28555770: 2 baits >= 0.7 ['ECBAIT_HOST_CONTROL_01', 'ECBAIT_POSCON_LAMBDA_01']
  HIT SRR28559271: 2 baits >= 0.7 ['ECBAIT_10_0057_MEMBER_INTERIOR_01', 'ECBAIT_HOST_CONTROL_02']
  HIT SRR28567118: 2 baits >= 0.7 ['ECBAIT_0_0067_JUNCTION_02', 'ECBAIT_0_0067_MEMBER_INTERIOR_01']
  HIT SRR28595394: 2 baits >= 0.7 ['ECBAIT_0_0067_MEMBER_INTERIOR_01', 'ECBAIT_HOST_CONTROL_01']
  HIT SRR28622609: 1 baits >= 0.7 ['ECBAIT_HOST_CONTROL_01']
  HIT SRR28719039: 1 baits >= 0.7 ['ECBAIT_HOST_CONTROL_02']
  HIT SRR28645730: 1 baits >= 0.7 ['ECBAIT_HOST_CONTROL_01']
  HIT SRR28622107: 2 baits >= 0.7 ['ECBAIT_0_0067_MEMBER_INTERIOR_01', 'ECBAIT_HOST_CONTROL_01']
  HIT SRR28732120: 2 baits >= 0.7 ['ECBAIT_0_0067_MEMBER_INTERIOR_01', 'ECBAIT_HOST_CONTROL_01']
  HIT SRR28732121: 2 baits >= 0.7 ['ECBAIT_0_0067_MEMBER_INTERIOR_01', 'ECBAIT_HOST_CONTROL_01']
  HIT SRR28732122: 2 baits >= 0.7 ['ECBAIT_0_0067_MEMBER_INTERIOR_01', 'ECBAIT_HOST_CONTROL_01']
  HIT SRR28732123: 2 baits >= 0.7 ['ECBAIT_0_0067_MEMBER_INTERIOR_01', 'ECBAIT_HOST_CONTROL_01']
  HIT SRR28732124: 2 baits >= 0.7 ['ECBAIT_0_0067_MEMBER_INTERIOR_01', 'ECBAIT_HOST_CONTROL_01']
  HIT SRR28732125: 2 baits >= 0.7 ['ECBAIT_0_0067_MEMBER_INTERIOR_01', 'ECBAIT_HOST_CONTROL_01']
  HIT SRR28732130: 2 baits >= 0.7 ['ECBAIT_0_0067_MEMBER_INTERIOR_01', 'ECBAIT_HOST_CONTROL_01']
  HIT SRR28732131: 2 baits >= 0.7 ['ECBAIT_0_0067_MEMBER_INTERIOR_01', 'ECBAIT_HOST_CONTROL_01']
  HIT SRR28733676: 2 baits >= 0.7 ['ECBAIT_10_0057_MEMBER_INTERIOR_01', 'ECBAIT_HOST_CONTROL_01']
  HIT SRR28801151: 3 baits >= 0.7 ['ECBAIT_0_0000_JUNCTION_02', 'ECBAIT_0_0000_MEMBER_INTERIOR_01', 'ECBAIT_HOST_CONTROL_02']
  HIT SRR28801154: 3 baits >= 0.7 ['ECBAIT_0_0000_JUNCTION_02', 'ECBAIT_10_0057_MEMBER_INTERIOR_01', 'ECBAIT_10_0151_JUNCTION_03']
  HIT SRR28808087: 2 baits >= 0.7 ['ECBAIT_10_0057_MEMBER_INTERIOR_01', 'ECBAIT_1_0004_JUNCTION_01']
  HIT SRR28808088: 3 baits >= 0.7 ['ECBAIT_10_0057_MEMBER_INTERIOR_01', 'ECBAIT_1_0004_JUNCTION_01', 'ECBAIT_HOST_CONTROL_01']
  HIT SRR28808092: 3 baits >= 0.7 ['ECBAIT_10_0057_MEMBER_INTERIOR_01', 'ECBAIT_1_0004_JUNCTION_01', 'ECBAIT_HOST_CONTROL_01']
  HIT SRR28808095: 3 baits >= 0.7 ['ECBAIT_0_0046_MEMBER_INTERIOR_01', 'ECBAIT_1_0022_JUNCTION_03', 'ECBAIT_HOST_CONTROL_01']
  HIT SRR28808104: 2 baits >= 0.7 ['ECBAIT_10_0057_MEMBER_INTERIOR_01', 'ECBAIT_HOST_CONTROL_01']
  HIT SRR28808105: 1 baits >= 0.7 ['ECBAIT_HOST_CONTROL_01']
  HIT SRR28808112: 1 baits >= 0.7 ['ECBAIT_HOST_CONTROL_01']
  HIT SRR28808120: 1 baits >= 0.7 ['ECBAIT_HOST_CONTROL_01']
  HIT SRR28808123: 1 baits >= 0.7 ['ECBAIT_10_0057_MEMBER_INTERIOR_01']
  HIT SRR28808124: 1 baits >= 0.7 ['ECBAIT_HOST_CONTROL_01']
  HIT SRR28808125: 1 baits >= 0.7 ['ECBAIT_10_0057_MEMBER_INTERIOR_01']
  HIT SRR28808126: 1 baits >= 0.7 ['ECBAIT_HOST_CONTROL_01']
  HIT SRR28808130: 2 baits >= 0.7 ['ECBAIT_0_0046_JUNCTION_02', 'ECBAIT_1_0022_JUNCTION_03']
  HIT SRR28808131: 1 baits >= 0.7 ['ECBAIT_HOST_CONTROL_01']
  8050/12000 processed (7774 screened, 6592 hit-accessions) 2574s budget=14.0GB
  HIT SRR28808142: 3 baits >= 0.7 ['ECBAIT_0_0046_JUNCTION_01', 'ECBAIT_0_0046_MEMBER_INTERIOR_01', 'ECBAIT_HOST_CONTROL_01']
  HIT SRR28808146: 2 baits >= 0.7 ['ECBAIT_10_0057_MEMBER_INTERIOR_01', 'ECBAIT_1_0004_JUNCTION_01']
  HIT SRR28808149: 1 baits >= 0.7 ['ECBAIT_1_0004_JUNCTION_01']
  HIT SRR28808147: 1 baits >= 0.7 ['ECBAIT_0_0000_JUNCTION_02']
  HIT SRR28808148: 3 baits >= 0.7 ['ECBAIT_10_0057_MEMBER_INTERIOR_01', 'ECBAIT_1_0004_JUNCTION_01', 'ECBAIT_HOST_CONTROL_01']
  HIT SRR28808154: 2 baits >= 0.7 ['ECBAIT_0_0054_MEMBER_INTERIOR_01', 'ECBAIT_HOST_CONTROL_02']
  HIT SRR28808163: 1 baits >= 0.7 ['ECBAIT_HOST_CONTROL_01']
  HIT SRR28808158: 1 baits >= 0.7 ['ECBAIT_HOST_CONTROL_01']
  HIT SRR28808164: 1 baits >= 0.7 ['ECBAIT_10_0057_MEMBER_INTERIOR_01']
  HIT SRR28808171: 1 baits >= 0.7 ['ECBAIT_10_0057_MEMBER_INTERIOR_01']
  HIT SRR28808172: 2 baits >= 0.7 ['ECBAIT_10_0057_MEMBER_INTERIOR_01', 'ECBAIT_1_0004_JUNCTION_01']
  HIT SRR28808173: 2 baits >= 0.7 ['ECBAIT_0_0052_JUNCTION_03', 'ECBAIT_HOST_CONTROL_01']
  HIT SRR28808176: 2 baits >= 0.7 ['ECBAIT_10_0057_MEMBER_INTERIOR_01', 'ECBAIT_1_0004_JUNCTION_01']
  HIT SRR28808179: 2 baits >= 0.7 ['ECBAIT_1_0004_JUNCTION_01', 'ECBAIT_HOST_CONTROL_01']
  HIT SRR28808183: 3 baits >= 0.7 ['ECBAIT_0_0046_JUNCTION_02', 'ECBAIT_1_0022_JUNCTION_03', 'ECBAIT_HOST_CONTROL_01']
  HIT SRR28808184: 3 baits >= 0.7 ['ECBAIT_0_0000_JUNCTION_02', 'ECBAIT_0_0046_JUNCTION_02', 'ECBAIT_HOST_CONTROL_01']
  HIT SRR28808185: 1 baits >= 0.7 ['ECBAIT_HOST_CONTROL_01']
  HIT SRR28808186: 1 baits >= 0.7 ['ECBAIT_10_0057_MEMBER_INTERIOR_01']
  HIT SRR28808195: 1 baits >= 0.7 ['ECBAIT_1_0004_JUNCTION_01']
  HIT SRR28808196: 1 baits >= 0.7 ['ECBAIT_10_0057_MEMBER_INTERIOR_01']
  HIT SRR28808198: 3 baits >= 0.7 ['ECBAIT_0_0054_MEMBER_INTERIOR_01', 'ECBAIT_1_0004_JUNCTION_01', 'ECBAIT_HOST_CONTROL_02']
  HIT SRR28808200: 1 baits >= 0.7 ['ECBAIT_HOST_CONTROL_01']
  HIT SRR28808202: 1 baits >= 0.7 ['ECBAIT_0_0000_JUNCTION_02']
  HIT SRR28808210: 1 baits >= 0.7 ['ECBAIT_1_0004_JUNCTION_01']
  HIT SRR28808216: 1 baits >= 0.7 ['ECBAIT_HOST_CONTROL_01']
  HIT SRR28808222: 1 baits >= 0.7 ['ECBAIT_HOST_CONTROL_01']
  HIT SRR28808225: 3 baits >= 0.7 ['ECBAIT_10_0002_MEMBER_INTERIOR_01', 'ECBAIT_10_0044_INTERIOR_MODULE_01', 'ECBAIT_10_0044_MEMBER_INTERIOR_01']
  HIT SRR28808228: 1 baits >= 0.7 ['ECBAIT_HOST_CONTROL_01']
  HIT SRR28813297: 1 baits >= 0.7 ['ECBAIT_HOST_CONTROL_01']
  8100/12000 processed (7824 screened, 6621 hit-accessions) 2589s budget=14.0GB
  HIT SRR29037621: 1 baits >= 0.7 ['ECBAIT_HOST_CONTROL_01']
  HIT SRR29037620: 2 baits >= 0.7 ['ECBAIT_10_0057_MEMBER_INTERIOR_01', 'ECBAIT_HOST_CONTROL_01']
  HIT SRR29037622: 2 baits >= 0.7 ['ECBAIT_10_0057_MEMBER_INTERIOR_01', 'ECBAIT_HOST_CONTROL_01']
  HIT SRR29037619: 1 baits >= 0.7 ['ECBAIT_10_0057_MEMBER_INTERIOR_01']
  HIT SRR29037624: 1 baits >= 0.7 ['ECBAIT_HOST_CONTROL_01']
  HIT SRR29037625: 2 baits >= 0.7 ['ECBAIT_10_0057_MEMBER_INTERIOR_01', 'ECBAIT_HOST_CONTROL_01']
  HIT SRR29037626: 5 baits >= 0.7 ['ECBAIT_10_0002_JUNCTION_01', 'ECBAIT_10_0002_JUNCTION_02', 'ECBAIT_10_0057_MEMBER_INTERIOR_01', 'ECBAIT_HOST_CONTROL_01']
  HIT SRR29037627: 5 baits >= 0.7 ['ECBAIT_0_0000_INTERIOR_MODULE_01', 'ECBAIT_0_0000_JUNCTION_02', 'ECBAIT_0_0000_MEMBER_INTERIOR_01', 'ECBAIT_10_0057_MEMBER_INTERIOR_01']
  HIT SRR29037629: 2 baits >= 0.7 ['ECBAIT_0_0000_JUNCTION_02', 'ECBAIT_1_0004_JUNCTION_01']
  HIT SRR29037630: 2 baits >= 0.7 ['ECBAIT_10_0151_JUNCTION_03', 'ECBAIT_1_0004_JUNCTION_01']
  HIT SRR29037631: 2 baits >= 0.7 ['ECBAIT_10_0057_MEMBER_INTERIOR_01', 'ECBAIT_HOST_CONTROL_01']
  HIT SRR29037633: 2 baits >= 0.7 ['ECBAIT_10_0151_JUNCTION_03', 'ECBAIT_1_0004_JUNCTION_01']
  HIT SRR29037634: 1 baits >= 0.7 ['ECBAIT_HOST_CONTROL_01']
  HIT SRR29037636: 2 baits >= 0.7 ['ECBAIT_10_0057_MEMBER_INTERIOR_01', 'ECBAIT_HOST_CONTROL_01']
  HIT SRR29037635: 1 baits >= 0.7 ['ECBAIT_10_0002_JUNCTION_01']
  HIT SRR29037637: 2 baits >= 0.7 ['ECBAIT_10_0057_MEMBER_INTERIOR_01', 'ECBAIT_1_0004_INTERIOR_MODULE_01']
  HIT SRR29061778: 2 baits >= 0.7 ['ECBAIT_10_0002_MEMBER_INTERIOR_01', 'ECBAIT_10_0057_MEMBER_INTERIOR_01']
  HIT SRR29061788: 5 baits >= 0.7 ['ECBAIT_0_0000_INTERIOR_MODULE_01', 'ECBAIT_0_0000_JUNCTION_02', 'ECBAIT_0_0000_MEMBER_INTERIOR_01', 'ECBAIT_10_0057_MEMBER_INTERIOR_01']
  HIT SRR29061786: 5 baits >= 0.7 ['ECBAIT_0_0000_INTERIOR_MODULE_01', 'ECBAIT_0_0000_JUNCTION_02', 'ECBAIT_0_0000_MEMBER_INTERIOR_01', 'ECBAIT_10_0057_MEMBER_INTERIOR_01']
  HIT SRR29061789: 2 baits >= 0.7 ['ECBAIT_10_0002_MEMBER_INTERIOR_01', 'ECBAIT_10_0057_MEMBER_INTERIOR_01']
  HIT SRR29061791: 7 baits >= 0.7 ['ECBAIT_0_0000_INTERIOR_MODULE_01', 'ECBAIT_0_0000_JUNCTION_02', 'ECBAIT_0_0000_MEMBER_INTERIOR_01', 'ECBAIT_10_0002_JUNCTION_01']
  HIT SRR29061796: 4 baits >= 0.7 ['ECBAIT_10_0002_JUNCTION_01', 'ECBAIT_10_0002_MEMBER_INTERIOR_01', 'ECBAIT_10_0057_MEMBER_INTERIOR_01', 'ECBAIT_10_0172_MEMBER_INTERIOR_01']
  HIT SRR29061800: 5 baits >= 0.7 ['ECBAIT_0_0000_JUNCTION_02', 'ECBAIT_0_0000_MEMBER_INTERIOR_01', 'ECBAIT_10_0057_MEMBER_INTERIOR_01', 'ECBAIT_10_0172_MEMBER_INTERIOR_01']
  HIT SRR29061807: 1 baits >= 0.7 ['ECBAIT_10_0057_MEMBER_INTERIOR_01']
  HIT SRR29061809: 3 baits >= 0.7 ['ECBAIT_10_0002_JUNCTION_01', 'ECBAIT_10_0002_MEMBER_INTERIOR_01', 'ECBAIT_10_0057_MEMBER_INTERIOR_01']
  HIT SRR29061811: 4 baits >= 0.7 ['ECBAIT_0_0000_JUNCTION_02', 'ECBAIT_0_0000_MEMBER_INTERIOR_01', 'ECBAIT_10_0057_MEMBER_INTERIOR_01', 'ECBAIT_HOST_CONTROL_02']
  HIT SRR29061814: 2 baits >= 0.7 ['ECBAIT_10_0057_MEMBER_INTERIOR_01', 'ECBAIT_HOST_CONTROL_02']
  HIT SRR29061822: 3 baits >= 0.7 ['ECBAIT_0_0052_JUNCTION_03', 'ECBAIT_10_0057_MEMBER_INTERIOR_01', 'ECBAIT_HOST_CONTROL_01']
  HIT SRR29061826: 4 baits >= 0.7 ['ECBAIT_0_0000_INTERIOR_MODULE_01', 'ECBAIT_0_0000_JUNCTION_02', 'ECBAIT_0_0000_MEMBER_INTERIOR_01', 'ECBAIT_HOST_CONTROL_02']
  HIT SRR29061827: 1 baits >= 0.7 ['ECBAIT_10_0057_MEMBER_INTERIOR_01']
  HIT SRR29061834: 1 baits >= 0.7 ['ECBAIT_10_0057_MEMBER_INTERIOR_01']
  HIT SRR29061837: 2 baits >= 0.7 ['ECBAIT_10_0057_MEMBER_INTERIOR_01', 'ECBAIT_HOST_CONTROL_01']
  HIT SRR29061842: 1 baits >= 0.7 ['ECBAIT_10_0057_MEMBER_INTERIOR_01']
  HIT SRR29061844: 4 baits >= 0.7 ['ECBAIT_10_0002_JUNCTION_01', 'ECBAIT_10_0002_JUNCTION_02', 'ECBAIT_10_0002_MEMBER_INTERIOR_01', 'ECBAIT_10_0057_MEMBER_INTERIOR_01']
  HIT SRR29061845: 1 baits >= 0.7 ['ECBAIT_10_0057_MEMBER_INTERIOR_01']
  8150/12000 processed (7874 screened, 6656 hit-accessions) 2606s budget=14.1GB
  HIT SRR29061848: 7 baits >= 0.7 ['ECBAIT_0_0000_INTERIOR_MODULE_01', 'ECBAIT_0_0000_JUNCTION_02', 'ECBAIT_0_0000_MEMBER_INTERIOR_01', 'ECBAIT_10_0002_JUNCTION_01']
  HIT SRR29061855: 3 baits >= 0.7 ['ECBAIT_10_0002_MEMBER_INTERIOR_01', 'ECBAIT_10_0057_MEMBER_INTERIOR_01', 'ECBAIT_10_0172_MEMBER_INTERIOR_01']
  HIT SRR29061856: 1 baits >= 0.7 ['ECBAIT_10_0151_JUNCTION_03']
  HIT SRR29061859: 1 baits >= 0.7 ['ECBAIT_10_0151_JUNCTION_03']
  HIT SRR29061860: 2 baits >= 0.7 ['ECBAIT_10_0002_MEMBER_INTERIOR_01', 'ECBAIT_10_0057_MEMBER_INTERIOR_01']
  HIT SRR29061861: 3 baits >= 0.7 ['ECBAIT_0_0000_JUNCTION_02', 'ECBAIT_10_0151_JUNCTION_03', 'ECBAIT_10_0172_MEMBER_INTERIOR_01']
  HIT SRR29061865: 2 baits >= 0.7 ['ECBAIT_10_0057_MEMBER_INTERIOR_01', 'ECBAIT_HOST_CONTROL_01']
  HIT SRR29061868: 3 baits >= 0.7 ['ECBAIT_10_0002_MEMBER_INTERIOR_01', 'ECBAIT_10_0057_MEMBER_INTERIOR_01', 'ECBAIT_10_0172_MEMBER_INTERIOR_01']
  HIT SRR29061873: 3 baits >= 0.7 ['ECBAIT_10_0002_MEMBER_INTERIOR_01', 'ECBAIT_10_0057_MEMBER_INTERIOR_01', 'ECBAIT_10_0172_MEMBER_INTERIOR_01']
  HIT SRR29061876: 9 baits >= 0.7 ['ECBAIT_0_0000_JUNCTION_02', 'ECBAIT_0_0000_MEMBER_INTERIOR_01', 'ECBAIT_0_0014_JUNCTION_02', 'ECBAIT_0_0014_MEMBER_INTERIOR_01']
  HIT SRR29061882: 1 baits >= 0.7 ['ECBAIT_10_0057_MEMBER_INTERIOR_01']
  HIT SRR29061883: 1 baits >= 0.7 ['ECBAIT_0_0046_MEMBER_INTERIOR_01']
  HIT SRR29061889: 2 baits >= 0.7 ['ECBAIT_0_0000_JUNCTION_02', 'ECBAIT_HOST_CONTROL_02']
  HIT SRR29061892: 2 baits >= 0.7 ['ECBAIT_10_0151_JUNCTION_03', 'ECBAIT_10_0172_MEMBER_INTERIOR_01']
  HIT SRR29061885: 4 baits >= 0.7 ['ECBAIT_0_0000_JUNCTION_02', 'ECBAIT_0_0000_MEMBER_INTERIOR_01', 'ECBAIT_10_0172_MEMBER_INTERIOR_01', 'ECBAIT_HOST_CONTROL_02']
  HIT SRR29061893: 1 baits >= 0.7 ['ECBAIT_HOST_CONTROL_01']
  HIT SRR29061894: 7 baits >= 0.7 ['ECBAIT_0_0000_JUNCTION_02', 'ECBAIT_0_0000_MEMBER_INTERIOR_01', 'ECBAIT_0_0014_MEMBER_INTERIOR_01', 'ECBAIT_0_0052_JUNCTION_01']
  HIT SRR29061895: 2 baits >= 0.7 ['ECBAIT_0_0000_JUNCTION_02', 'ECBAIT_10_0057_MEMBER_INTERIOR_01']
  HIT SRR29061896: 3 baits >= 0.7 ['ECBAIT_10_0002_MEMBER_INTERIOR_01', 'ECBAIT_10_0057_MEMBER_INTERIOR_01', 'ECBAIT_10_0172_MEMBER_INTERIOR_01']
  HIT SRR29061897: 4 baits >= 0.7 ['ECBAIT_10_0002_MEMBER_INTERIOR_01', 'ECBAIT_10_0057_MEMBER_INTERIOR_01', 'ECBAIT_10_0151_MEMBER_INTERIOR_01', 'ECBAIT_10_0172_MEMBER_INTERIOR_01']
  HIT SRR29061898: 5 baits >= 0.7 ['ECBAIT_0_0000_JUNCTION_02', 'ECBAIT_0_0000_MEMBER_INTERIOR_01', 'ECBAIT_10_0172_MEMBER_INTERIOR_01', 'ECBAIT_1_0004_JUNCTION_02']
  HIT SRR29061901: 1 baits >= 0.7 ['ECBAIT_10_0057_MEMBER_INTERIOR_01']
  HIT SRR29061907: 1 baits >= 0.7 ['ECBAIT_10_0057_MEMBER_INTERIOR_01']
  HIT SRR29061906: 3 baits >= 0.7 ['ECBAIT_0_0052_JUNCTION_03', 'ECBAIT_10_0002_MEMBER_INTERIOR_01', 'ECBAIT_10_0057_MEMBER_INTERIOR_01']
  HIT SRR29061908: 2 baits >= 0.7 ['ECBAIT_10_0002_MEMBER_INTERIOR_01', 'ECBAIT_10_0057_MEMBER_INTERIOR_01']
  HIT SRR29061915: 2 baits >= 0.7 ['ECBAIT_10_0002_MEMBER_INTERIOR_01', 'ECBAIT_10_0057_MEMBER_INTERIOR_01']
  HIT SRR29061928: 2 baits >= 0.7 ['ECBAIT_0_0000_MEMBER_INTERIOR_01', 'ECBAIT_10_0057_MEMBER_INTERIOR_01']
  HIT SRR29061936: 7 baits >= 0.7 ['ECBAIT_0_0000_JUNCTION_02', 'ECBAIT_0_0000_MEMBER_INTERIOR_01', 'ECBAIT_0_0014_JUNCTION_02', 'ECBAIT_0_0014_MEMBER_INTERIOR_01']
  HIT SRR29061925: 1 baits >= 0.7 ['ECBAIT_10_0057_MEMBER_INTERIOR_01']
  HIT SRR29061938: 3 baits >= 0.7 ['ECBAIT_10_0002_JUNCTION_02', 'ECBAIT_10_0002_MEMBER_INTERIOR_01', 'ECBAIT_10_0057_MEMBER_INTERIOR_01']
  HIT SRR29061939: 5 baits >= 0.7 ['ECBAIT_10_0002_JUNCTION_01', 'ECBAIT_10_0002_MEMBER_INTERIOR_01', 'ECBAIT_10_0057_MEMBER_INTERIOR_01', 'ECBAIT_10_0151_MEMBER_INTERIOR_01']
  HIT SRR29061940: 3 baits >= 0.7 ['ECBAIT_10_0002_MEMBER_INTERIOR_01', 'ECBAIT_10_0057_MEMBER_INTERIOR_01', 'ECBAIT_10_0172_MEMBER_INTERIOR_01']
  8200/12000 processed (7924 screened, 6688 hit-accessions) 2621s budget=14.2GB
  HIT SRR29202108: 2 baits >= 0.7 ['ECBAIT_10_0057_MEMBER_INTERIOR_01', 'ECBAIT_HOST_CONTROL_01']
  HIT SRR29202123: 1 baits >= 0.7 ['ECBAIT_HOST_CONTROL_01']
  HIT SRR29246702: 3 baits >= 0.7 ['ECBAIT_0_0094_MEMBER_INTERIOR_01', 'ECBAIT_10_0057_MEMBER_INTERIOR_01', 'ECBAIT_HOST_CONTROL_01']
  HIT SRR292678: 5 baits >= 0.7 ['ECBAIT_10_0044_INTERIOR_MODULE_01', 'ECBAIT_10_0044_JUNCTION_02', 'ECBAIT_10_0044_MEMBER_INTERIOR_01', 'ECBAIT_10_0057_MEMBER_INTERIOR_01']
  HIT SRR292770: 6 baits >= 0.7 ['ECBAIT_10_0044_INTERIOR_MODULE_01', 'ECBAIT_10_0044_JUNCTION_02', 'ECBAIT_10_0044_MEMBER_INTERIOR_01', 'ECBAIT_10_0057_MEMBER_INTERIOR_01']
  8250/12000 processed (7974 screened, 6693 hit-accessions) 2633s budget=14.2GB
  HIT SRR292862: 5 baits >= 0.7 ['ECBAIT_10_0044_INTERIOR_MODULE_01', 'ECBAIT_10_0044_JUNCTION_02', 'ECBAIT_10_0044_MEMBER_INTERIOR_01', 'ECBAIT_10_0057_MEMBER_INTERIOR_01']
  HIT SRR29530097: 1 baits >= 0.7 ['ECBAIT_HOST_CONTROL_01']
  HIT SRR29530098: 1 baits >= 0.7 ['ECBAIT_HOST_CONTROL_01']
  HIT SRR29530099: 1 baits >= 0.7 ['ECBAIT_HOST_CONTROL_01']
  HIT SRR29530100: 1 baits >= 0.7 ['ECBAIT_HOST_CONTROL_01']
  HIT SRR29530101: 1 baits >= 0.7 ['ECBAIT_HOST_CONTROL_01']
  HIT SRR29530102: 1 baits >= 0.7 ['ECBAIT_HOST_CONTROL_01']
  HIT SRR29530103: 1 baits >= 0.7 ['ECBAIT_HOST_CONTROL_01']
  HIT SRR29530104: 1 baits >= 0.7 ['ECBAIT_HOST_CONTROL_01']
  HIT SRR29530105: 1 baits >= 0.7 ['ECBAIT_HOST_CONTROL_01']
  HIT SRR29542927: 2 baits >= 0.7 ['ECBAIT_10_0057_MEMBER_INTERIOR_01', 'ECBAIT_HOST_CONTROL_01']
  HIT SRR29598438: 2 baits >= 0.7 ['ECBAIT_0_0000_JUNCTION_02', 'ECBAIT_10_0057_MEMBER_INTERIOR_01']
  HIT SRR29598454: 3 baits >= 0.7 ['ECBAIT_0_0046_MEMBER_INTERIOR_01', 'ECBAIT_10_0151_MEMBER_INTERIOR_01', 'ECBAIT_10_0172_MEMBER_INTERIOR_01']
  HIT SRR29598462: 1 baits >= 0.7 ['ECBAIT_10_0057_MEMBER_INTERIOR_01']
  HIT SRR29598487: 2 baits >= 0.7 ['ECBAIT_10_0002_MEMBER_INTERIOR_01', 'ECBAIT_10_0057_MEMBER_INTERIOR_01']
  HIT SRR29598511: 1 baits >= 0.7 ['ECBAIT_10_0057_MEMBER_INTERIOR_01']
  HIT SRR29598515: 3 baits >= 0.7 ['ECBAIT_10_0057_MEMBER_INTERIOR_01', 'ECBAIT_1_0004_JUNCTION_01', 'ECBAIT_HOST_CONTROL_01']
  HIT SRR29598610: 1 baits >= 0.7 ['ECBAIT_10_0057_MEMBER_INTERIOR_01']
  HIT SRR29598613: 3 baits >= 0.7 ['ECBAIT_10_0002_JUNCTION_01', 'ECBAIT_10_0002_MEMBER_INTERIOR_01', 'ECBAIT_10_0057_MEMBER_INTERIOR_01']
  HIT SRR29598622: 2 baits >= 0.7 ['ECBAIT_0_0054_MEMBER_INTERIOR_01', 'ECBAIT_10_0057_MEMBER_INTERIOR_01']
  HIT SRR29622275: 2 baits >= 0.7 ['ECBAIT_10_0002_JUNCTION_01', 'ECBAIT_10_0057_MEMBER_INTERIOR_01']
  HIT SRR29636541: 5 baits >= 0.7 ['ECBAIT_0_0000_INTERIOR_MODULE_01', 'ECBAIT_0_0000_JUNCTION_02', 'ECBAIT_0_0000_MEMBER_INTERIOR_01', 'ECBAIT_10_0057_MEMBER_INTERIOR_01']
  HIT SRR29636546: 2 baits >= 0.7 ['ECBAIT_10_0057_MEMBER_INTERIOR_01', 'ECBAIT_HOST_CONTROL_02']
  HIT SRR29636547: 1 baits >= 0.7 ['ECBAIT_10_0057_MEMBER_INTERIOR_01']
  HIT SRR29636559: 3 baits >= 0.7 ['ECBAIT_10_0002_JUNCTION_01', 'ECBAIT_10_0002_JUNCTION_02', 'ECBAIT_10_0057_MEMBER_INTERIOR_01']
  HIT SRR29636563: 5 baits >= 0.7 ['ECBAIT_0_0000_INTERIOR_MODULE_01', 'ECBAIT_0_0000_JUNCTION_02', 'ECBAIT_0_0000_MEMBER_INTERIOR_01', 'ECBAIT_10_0057_MEMBER_INTERIOR_01']
  HIT SRR29636564: 4 baits >= 0.7 ['ECBAIT_0_0000_JUNCTION_02', 'ECBAIT_0_0000_MEMBER_INTERIOR_01', 'ECBAIT_10_0057_MEMBER_INTERIOR_01', 'ECBAIT_HOST_CONTROL_02']
  HIT SRR29636567: 7 baits >= 0.7 ['ECBAIT_0_0000_JUNCTION_02', 'ECBAIT_0_0000_MEMBER_INTERIOR_01', 'ECBAIT_0_0059_JUNCTION_01', 'ECBAIT_0_0059_JUNCTION_02']
  HIT SRR29636568: 1 baits >= 0.7 ['ECBAIT_10_0057_MEMBER_INTERIOR_01']
  HIT SRR29636573: 5 baits >= 0.7 ['ECBAIT_0_0000_INTERIOR_MODULE_01', 'ECBAIT_0_0000_JUNCTION_02', 'ECBAIT_0_0000_MEMBER_INTERIOR_01', 'ECBAIT_10_0057_MEMBER_INTERIOR_01']
  8300/12000 processed (8024 screened, 6723 hit-accessions) 2649s budget=14.3GB
  HIT SRR29636577: 1 baits >= 0.7 ['ECBAIT_HOST_CONTROL_02']
  HIT SRR29636579: 1 baits >= 0.7 ['ECBAIT_10_0057_MEMBER_INTERIOR_01']
  HIT SRR29636582: 4 baits >= 0.7 ['ECBAIT_0_0000_JUNCTION_02', 'ECBAIT_0_0000_MEMBER_INTERIOR_01', 'ECBAIT_10_0057_MEMBER_INTERIOR_01', 'ECBAIT_HOST_CONTROL_02']
  HIT SRR29636584: 1 baits >= 0.7 ['ECBAIT_10_0057_MEMBER_INTERIOR_01']
  HIT SRR29636586: 1 baits >= 0.7 ['ECBAIT_10_0057_MEMBER_INTERIOR_01']
  HIT SRR29636588: 1 baits >= 0.7 ['ECBAIT_10_0057_MEMBER_INTERIOR_01']
  HIT SRR29636591: 7 baits >= 0.7 ['ECBAIT_0_0000_JUNCTION_02', 'ECBAIT_0_0000_MEMBER_INTERIOR_01', 'ECBAIT_0_0014_MEMBER_INTERIOR_01', 'ECBAIT_0_0052_JUNCTION_01']
  HIT SRR29636597: 2 baits >= 0.7 ['ECBAIT_0_0000_JUNCTION_02', 'ECBAIT_10_0057_MEMBER_INTERIOR_01']
  HIT SRR29636600: 1 baits >= 0.7 ['ECBAIT_10_0057_MEMBER_INTERIOR_01']
  HIT SRR29636608: 3 baits >= 0.7 ['ECBAIT_10_0151_JUNCTION_03', 'ECBAIT_1_0004_JUNCTION_01', 'ECBAIT_HOST_CONTROL_02']
  HIT SRR29636617: 2 baits >= 0.7 ['ECBAIT_0_0014_JUNCTION_01', 'ECBAIT_10_0038_MEMBER_INTERIOR_01']
  HIT SRR29636621: 1 baits >= 0.7 ['ECBAIT_1_0004_JUNCTION_01']
  HIT SRR29636624: 5 baits >= 0.7 ['ECBAIT_0_0000_INTERIOR_MODULE_01', 'ECBAIT_0_0000_JUNCTION_02', 'ECBAIT_0_0000_MEMBER_INTERIOR_01', 'ECBAIT_0_0054_MEMBER_INTERIOR_01']
  HIT SRR29636633: 1 baits >= 0.7 ['ECBAIT_10_0057_MEMBER_INTERIOR_01']
  HIT SRR29636631: 7 baits >= 0.7 ['ECBAIT_0_0000_INTERIOR_MODULE_01', 'ECBAIT_0_0000_JUNCTION_02', 'ECBAIT_0_0000_MEMBER_INTERIOR_01', 'ECBAIT_0_0052_JUNCTION_03']
  HIT SRR29636632: 1 baits >= 0.7 ['ECBAIT_HOST_CONTROL_02']
  HIT SRR29636634: 2 baits >= 0.7 ['ECBAIT_0_0052_JUNCTION_03', 'ECBAIT_0_0054_MEMBER_INTERIOR_01']
  HIT SRR29636636: 1 baits >= 0.7 ['ECBAIT_10_0057_MEMBER_INTERIOR_01']
  HIT SRR29636642: 2 baits >= 0.7 ['ECBAIT_10_0002_MEMBER_INTERIOR_01', 'ECBAIT_10_0057_MEMBER_INTERIOR_01']
  HIT SRR29636649: 1 baits >= 0.7 ['ECBAIT_10_0057_MEMBER_INTERIOR_01']
  HIT SRR29636652: 5 baits >= 0.7 ['ECBAIT_0_0000_INTERIOR_MODULE_01', 'ECBAIT_0_0000_JUNCTION_02', 'ECBAIT_0_0000_MEMBER_INTERIOR_01', 'ECBAIT_10_0057_MEMBER_INTERIOR_01']
  HIT SRR29636660: 2 baits >= 0.7 ['ECBAIT_10_0057_MEMBER_INTERIOR_01', 'ECBAIT_HOST_CONTROL_02']
  HIT SRR29636670: 5 baits >= 0.7 ['ECBAIT_0_0000_INTERIOR_MODULE_01', 'ECBAIT_0_0000_JUNCTION_02', 'ECBAIT_0_0000_MEMBER_INTERIOR_01', 'ECBAIT_10_0057_MEMBER_INTERIOR_01']
  HIT SRR29636666: 1 baits >= 0.7 ['ECBAIT_10_0057_MEMBER_INTERIOR_01']
  HIT SRR29636672: 3 baits >= 0.7 ['ECBAIT_10_0002_JUNCTION_02', 'ECBAIT_10_0002_MEMBER_INTERIOR_01', 'ECBAIT_10_0057_MEMBER_INTERIOR_01']
  HIT SRR29636675: 1 baits >= 0.7 ['ECBAIT_HOST_CONTROL_01']
  HIT SRR29636683: 1 baits >= 0.7 ['ECBAIT_10_0057_MEMBER_INTERIOR_01']
  HIT SRR29636684: 6 baits >= 0.7 ['ECBAIT_0_0000_JUNCTION_02', 'ECBAIT_0_0000_MEMBER_INTERIOR_01', 'ECBAIT_0_0052_JUNCTION_03', 'ECBAIT_0_0054_MEMBER_INTERIOR_01']
  HIT SRR29636689: 1 baits >= 0.7 ['ECBAIT_HOST_CONTROL_02']
  HIT SRR29636691: 2 baits >= 0.7 ['ECBAIT_10_0057_MEMBER_INTERIOR_01', 'ECBAIT_HOST_CONTROL_01']
  HIT SRR29636696: 2 baits >= 0.7 ['ECBAIT_10_0057_MEMBER_INTERIOR_01', 'ECBAIT_1_0004_JUNCTION_01']
  HIT SRR29636697: 2 baits >= 0.7 ['ECBAIT_0_0000_JUNCTION_02', 'ECBAIT_0_0046_MEMBER_INTERIOR_01']
  HIT SRR29636705: 3 baits >= 0.7 ['ECBAIT_0_0052_JUNCTION_03', 'ECBAIT_10_0057_MEMBER_INTERIOR_01', 'ECBAIT_HOST_CONTROL_02']
  HIT SRR29636711: 1 baits >= 0.7 ['ECBAIT_HOST_CONTROL_01']
  HIT SRR29636715: 6 baits >= 0.7 ['ECBAIT_0_0000_INTERIOR_MODULE_01', 'ECBAIT_0_0000_JUNCTION_02', 'ECBAIT_0_0000_MEMBER_INTERIOR_01', 'ECBAIT_0_0052_JUNCTION_03']
  HIT SRR29636717: 2 baits >= 0.7 ['ECBAIT_10_0057_MEMBER_INTERIOR_01', 'ECBAIT_HOST_CONTROL_02']
  HIT SRR29636728: 4 baits >= 0.7 ['ECBAIT_0_0000_JUNCTION_02', 'ECBAIT_0_0000_MEMBER_INTERIOR_01', 'ECBAIT_10_0057_MEMBER_INTERIOR_01', 'ECBAIT_HOST_CONTROL_02']
  HIT SRR29636731: 5 baits >= 0.7 ['ECBAIT_0_0000_INTERIOR_MODULE_01', 'ECBAIT_0_0000_JUNCTION_02', 'ECBAIT_0_0000_MEMBER_INTERIOR_01', 'ECBAIT_10_0057_MEMBER_INTERIOR_01']
  HIT SRR29636733: 3 baits >= 0.7 ['ECBAIT_0_0000_INTERIOR_MODULE_01', 'ECBAIT_0_0000_JUNCTION_02', 'ECBAIT_0_0000_MEMBER_INTERIOR_01']
  HIT SRR29636736: 1 baits >= 0.7 ['ECBAIT_HOST_CONTROL_02']
  HIT SRR29636743: 2 baits >= 0.7 ['ECBAIT_10_0002_MEMBER_INTERIOR_01', 'ECBAIT_10_0057_MEMBER_INTERIOR_01']
  HIT SRR29636754: 1 baits >= 0.7 ['ECBAIT_10_0057_MEMBER_INTERIOR_01']
  HIT SRR29636768: 2 baits >= 0.7 ['ECBAIT_10_0057_MEMBER_INTERIOR_01', 'ECBAIT_HOST_CONTROL_02']
  HIT SRR29636769: 1 baits >= 0.7 ['ECBAIT_1_0004_JUNCTION_01']
  HIT SRR29636770: 1 baits >= 0.7 ['ECBAIT_HOST_CONTROL_01']
  HIT SRR29729607: 1 baits >= 0.7 ['ECBAIT_HOST_CONTROL_01']
  8350/12000 processed (8074 screened, 6769 hit-accessions) 2665s budget=14.3GB
  HIT SRR29729608: 1 baits >= 0.7 ['ECBAIT_HOST_CONTROL_01']
  HIT SRR29729609: 1 baits >= 0.7 ['ECBAIT_HOST_CONTROL_01']
  HIT SRR29729611: 1 baits >= 0.7 ['ECBAIT_HOST_CONTROL_01']
  HIT SRR29729612: 1 baits >= 0.7 ['ECBAIT_HOST_CONTROL_01']
  HIT SRR29729610: 1 baits >= 0.7 ['ECBAIT_HOST_CONTROL_01']
  HIT SRR29729615: 1 baits >= 0.7 ['ECBAIT_HOST_CONTROL_01']
  HIT SRR29729614: 1 baits >= 0.7 ['ECBAIT_HOST_CONTROL_01']
  HIT SRR29729613: 1 baits >= 0.7 ['ECBAIT_HOST_CONTROL_01']
  HIT SRR29729616: 1 baits >= 0.7 ['ECBAIT_HOST_CONTROL_01']
  HIT SRR29733253: 5 baits >= 0.7 ['ECBAIT_10_0002_JUNCTION_01', 'ECBAIT_10_0002_JUNCTION_02', 'ECBAIT_10_0057_INTERIOR_MODULE_01', 'ECBAIT_10_0057_JUNCTION_03']
  HIT SRR29733252: 1 baits >= 0.7 ['ECBAIT_HOST_CONTROL_01']
  HIT SRR29733254: 5 baits >= 0.7 ['ECBAIT_10_0002_JUNCTION_01', 'ECBAIT_10_0002_JUNCTION_02', 'ECBAIT_10_0057_INTERIOR_MODULE_01', 'ECBAIT_10_0057_JUNCTION_03']
  HIT SRR29733255: 2 baits >= 0.7 ['ECBAIT_10_0057_MEMBER_INTERIOR_01', 'ECBAIT_HOST_CONTROL_01']
  HIT SRR29748119: 1 baits >= 0.7 ['ECBAIT_HOST_CONTROL_01']
  HIT SRR29748121: 1 baits >= 0.7 ['ECBAIT_HOST_CONTROL_01']
  HIT SRR29748120: 1 baits >= 0.7 ['ECBAIT_HOST_CONTROL_01']
  HIT SRR29748122: 1 baits >= 0.7 ['ECBAIT_HOST_CONTROL_01']
  HIT SRR29748123: 1 baits >= 0.7 ['ECBAIT_HOST_CONTROL_01']
  HIT SRR29748124: 1 baits >= 0.7 ['ECBAIT_HOST_CONTROL_01']
  HIT SRR29748125: 1 baits >= 0.7 ['ECBAIT_HOST_CONTROL_01']
  HIT SRR29748126: 1 baits >= 0.7 ['ECBAIT_HOST_CONTROL_01']
  HIT SRR29748127: 1 baits >= 0.7 ['ECBAIT_HOST_CONTROL_01']
  HIT SRR29748128: 1 baits >= 0.7 ['ECBAIT_HOST_CONTROL_01']
  HIT SRR29859752: 1 baits >= 0.7 ['ECBAIT_10_0057_MEMBER_INTERIOR_01']
  HIT SRR29859755: 1 baits >= 0.7 ['ECBAIT_HOST_CONTROL_01']
  HIT SRR29859759: 1 baits >= 0.7 ['ECBAIT_HOST_CONTROL_01']
  HIT SRR29859760: 2 baits >= 0.7 ['ECBAIT_10_0057_MEMBER_INTERIOR_01', 'ECBAIT_HOST_CONTROL_01']
  HIT SRR29859763: 2 baits >= 0.7 ['ECBAIT_10_0057_MEMBER_INTERIOR_01', 'ECBAIT_HOST_CONTROL_01']
  HIT SRR29859774: 1 baits >= 0.7 ['ECBAIT_10_0057_MEMBER_INTERIOR_01']
  HIT SRR29859777: 1 baits >= 0.7 ['ECBAIT_HOST_CONTROL_01']
  HIT SRR29859781: 1 baits >= 0.7 ['ECBAIT_HOST_CONTROL_01']
  HIT SRR29859782: 2 baits >= 0.7 ['ECBAIT_10_0057_MEMBER_INTERIOR_01', 'ECBAIT_HOST_CONTROL_01']
  HIT SRR29859785: 2 baits >= 0.7 ['ECBAIT_10_0057_MEMBER_INTERIOR_01', 'ECBAIT_HOST_CONTROL_01']
  HIT SRR29949535: 1 baits >= 0.7 ['ECBAIT_10_0057_MEMBER_INTERIOR_01']
  HIT SRR30126923: 6 baits >= 0.7 ['ECBAIT_10_0002_JUNCTION_01', 'ECBAIT_10_0002_JUNCTION_02', 'ECBAIT_10_0057_INTERIOR_MODULE_01', 'ECBAIT_10_0057_JUNCTION_03']
  HIT SRR30126925: 6 baits >= 0.7 ['ECBAIT_10_0002_JUNCTION_01', 'ECBAIT_10_0002_JUNCTION_02', 'ECBAIT_10_0057_INTERIOR_MODULE_01', 'ECBAIT_10_0057_JUNCTION_03']
  HIT SRR30178613: 2 baits >= 0.7 ['ECBAIT_10_0057_MEMBER_INTERIOR_01', 'ECBAIT_10_0172_MEMBER_INTERIOR_01']
  HIT SRR30178625: 2 baits >= 0.7 ['ECBAIT_10_0057_MEMBER_INTERIOR_01', 'ECBAIT_HOST_CONTROL_01']
  HIT SRR30178691: 2 baits >= 0.7 ['ECBAIT_10_0002_MEMBER_INTERIOR_01', 'ECBAIT_10_0057_MEMBER_INTERIOR_01']
  8400/12000 processed (8124 screened, 6808 hit-accessions) 2681s budget=14.4GB
  HIT SRR30178709: 2 baits >= 0.7 ['ECBAIT_10_0057_MEMBER_INTERIOR_01', 'ECBAIT_HOST_CONTROL_01']
  HIT SRR30178742: 8 baits >= 0.7 ['ECBAIT_0_0000_JUNCTION_02', 'ECBAIT_0_0000_MEMBER_INTERIOR_01', 'ECBAIT_0_0014_MEMBER_INTERIOR_01', 'ECBAIT_0_0052_JUNCTION_03']
  HIT SRR30178761: 5 baits >= 0.7 ['ECBAIT_0_0000_INTERIOR_MODULE_01', 'ECBAIT_0_0000_JUNCTION_02', 'ECBAIT_0_0000_MEMBER_INTERIOR_01', 'ECBAIT_10_0057_MEMBER_INTERIOR_01']
  HIT SRR30178787: 1 baits >= 0.7 ['ECBAIT_10_0057_MEMBER_INTERIOR_01']
  HIT SRR30178795: 1 baits >= 0.7 ['ECBAIT_10_0002_JUNCTION_01']
  HIT SRR30178836: 2 baits >= 0.7 ['ECBAIT_10_0057_MEMBER_INTERIOR_01', 'ECBAIT_10_0172_MEMBER_INTERIOR_01']
  HIT SRR30178802: 1 baits >= 0.7 ['ECBAIT_10_0057_MEMBER_INTERIOR_01']
  HIT SRR30178897: 3 baits >= 0.7 ['ECBAIT_10_0002_JUNCTION_01', 'ECBAIT_10_0002_JUNCTION_02', 'ECBAIT_HOST_CONTROL_01']
  HIT SRR30178947: 4 baits >= 0.7 ['ECBAIT_10_0002_JUNCTION_02', 'ECBAIT_10_0057_INTERIOR_MODULE_01', 'ECBAIT_10_0057_JUNCTION_03', 'ECBAIT_HOST_CONTROL_01']
  HIT SRR30179064: 5 baits >= 0.7 ['ECBAIT_0_0000_INTERIOR_MODULE_01', 'ECBAIT_0_0000_JUNCTION_02', 'ECBAIT_0_0000_MEMBER_INTERIOR_01', 'ECBAIT_10_0057_MEMBER_INTERIOR_01']
  HIT SRR30179070: 2 baits >= 0.7 ['ECBAIT_0_0052_JUNCTION_03', 'ECBAIT_0_0054_MEMBER_INTERIOR_01']
  HIT SRR30179088: 2 baits >= 0.7 ['ECBAIT_10_0057_MEMBER_INTERIOR_01', 'ECBAIT_HOST_CONTROL_01']
  HIT SRR30179222: 1 baits >= 0.7 ['ECBAIT_10_0151_MEMBER_INTERIOR_01']
  HIT SRR30179251: 1 baits >= 0.7 ['ECBAIT_10_0057_MEMBER_INTERIOR_01']
  HIT SRR30179256: 3 baits >= 0.7 ['ECBAIT_10_0002_JUNCTION_01', 'ECBAIT_10_0002_JUNCTION_02', 'ECBAIT_10_0002_MEMBER_INTERIOR_01']
  HIT SRR30179287: 3 baits >= 0.7 ['ECBAIT_10_0002_JUNCTION_01', 'ECBAIT_10_0002_JUNCTION_02', 'ECBAIT_HOST_CONTROL_01']
  HIT SRR30179326: 3 baits >= 0.7 ['ECBAIT_0_0000_MEMBER_INTERIOR_01', 'ECBAIT_10_0057_MEMBER_INTERIOR_01', 'ECBAIT_HOST_CONTROL_02']
  HIT SRR30179331: 2 baits >= 0.7 ['ECBAIT_10_0057_MEMBER_INTERIOR_01', 'ECBAIT_10_0172_MEMBER_INTERIOR_01']
  HIT SRR30179332: 3 baits >= 0.7 ['ECBAIT_10_0002_JUNCTION_01', 'ECBAIT_10_0057_MEMBER_INTERIOR_01', 'ECBAIT_HOST_CONTROL_01']
  HIT SRR30179350: 3 baits >= 0.7 ['ECBAIT_0_0046_MEMBER_INTERIOR_01', 'ECBAIT_10_0057_MEMBER_INTERIOR_01', 'ECBAIT_HOST_CONTROL_02']
  HIT SRR30179351: 3 baits >= 0.7 ['ECBAIT_0_0052_JUNCTION_01', 'ECBAIT_10_0057_MEMBER_INTERIOR_01', 'ECBAIT_1_0004_JUNCTION_01']
  HIT SRR30179368: 1 baits >= 0.7 ['ECBAIT_HOST_CONTROL_02']
  HIT SRR30200307: 1 baits >= 0.7 ['ECBAIT_10_0057_MEMBER_INTERIOR_01']
  HIT SRR30200308: 2 baits >= 0.7 ['ECBAIT_10_0057_MEMBER_INTERIOR_01', 'ECBAIT_HOST_CONTROL_01']
  HIT SRR30230045: 1 baits >= 0.7 ['ECBAIT_HOST_CONTROL_01']
  HIT SRR30230048: 1 baits >= 0.7 ['ECBAIT_HOST_CONTROL_02']
  HIT SRR30361544: 4 baits >= 0.7 ['ECBAIT_10_0002_JUNCTION_01', 'ECBAIT_10_0002_JUNCTION_02', 'ECBAIT_10_0057_MEMBER_INTERIOR_01', 'ECBAIT_HOST_CONTROL_01']
  HIT SRR30408856: 2 baits >= 0.7 ['ECBAIT_10_0057_MEMBER_INTERIOR_01', 'ECBAIT_HOST_CONTROL_02']
  HIT SRR30408858: 2 baits >= 0.7 ['ECBAIT_10_0057_MEMBER_INTERIOR_01', 'ECBAIT_HOST_CONTROL_01']
  HIT SRR30408859: 2 baits >= 0.7 ['ECBAIT_0_0000_JUNCTION_02', 'ECBAIT_0_0054_MEMBER_INTERIOR_01']
  HIT SRR30408860: 1 baits >= 0.7 ['ECBAIT_HOST_CONTROL_01']
  HIT SRR30408861: 3 baits >= 0.7 ['ECBAIT_0_0000_JUNCTION_02', 'ECBAIT_10_0057_MEMBER_INTERIOR_01', 'ECBAIT_10_0172_MEMBER_INTERIOR_01']
  HIT SRR30408864: 1 baits >= 0.7 ['ECBAIT_10_0057_MEMBER_INTERIOR_01']
  HIT SRR30408866: 2 baits >= 0.7 ['ECBAIT_10_0057_MEMBER_INTERIOR_01', 'ECBAIT_HOST_CONTROL_01']
  HIT SRR30408867: 2 baits >= 0.7 ['ECBAIT_10_0057_MEMBER_INTERIOR_01', 'ECBAIT_10_0151_MEMBER_INTERIOR_01']
  HIT SRR30408869: 4 baits >= 0.7 ['ECBAIT_0_0052_JUNCTION_01', 'ECBAIT_10_0057_MEMBER_INTERIOR_01', 'ECBAIT_10_0172_MEMBER_INTERIOR_01', 'ECBAIT_1_0004_JUNCTION_01']
  HIT SRR30408870: 1 baits >= 0.7 ['ECBAIT_HOST_CONTROL_01']
  HIT SRR30408871: 2 baits >= 0.7 ['ECBAIT_10_0002_MEMBER_INTERIOR_01', 'ECBAIT_10_0057_MEMBER_INTERIOR_01']
  8450/12000 processed (8174 screened, 6846 hit-accessions) 2697s budget=14.5GB
  HIT SRR30408873: 1 baits >= 0.7 ['ECBAIT_HOST_CONTROL_01']
  HIT SRR30408875: 1 baits >= 0.7 ['ECBAIT_10_0057_MEMBER_INTERIOR_01']
  HIT SRR30408874: 6 baits >= 0.7 ['ECBAIT_0_0000_JUNCTION_02', 'ECBAIT_0_0000_MEMBER_INTERIOR_01', 'ECBAIT_0_0014_JUNCTION_02', 'ECBAIT_0_0014_MEMBER_INTERIOR_01']
  HIT SRR30408878: 2 baits >= 0.7 ['ECBAIT_10_0002_MEMBER_INTERIOR_01', 'ECBAIT_10_0057_MEMBER_INTERIOR_01']
  HIT SRR30408879: 2 baits >= 0.7 ['ECBAIT_10_0057_MEMBER_INTERIOR_01', 'ECBAIT_HOST_CONTROL_01']
  HIT SRR30408880: 2 baits >= 0.7 ['ECBAIT_10_0002_MEMBER_INTERIOR_01', 'ECBAIT_10_0057_MEMBER_INTERIOR_01']
  HIT SRR30408883: 2 baits >= 0.7 ['ECBAIT_10_0057_MEMBER_INTERIOR_01', 'ECBAIT_HOST_CONTROL_02']
  HIT SRR30408888: 2 baits >= 0.7 ['ECBAIT_10_0057_MEMBER_INTERIOR_01', 'ECBAIT_HOST_CONTROL_02']
  HIT SRR30408892: 1 baits >= 0.7 ['ECBAIT_10_0057_MEMBER_INTERIOR_01']
  HIT SRR30408894: 1 baits >= 0.7 ['ECBAIT_10_0057_MEMBER_INTERIOR_01']
  HIT SRR30408896: 2 baits >= 0.7 ['ECBAIT_0_0000_MEMBER_INTERIOR_01', 'ECBAIT_10_0057_MEMBER_INTERIOR_01']
  HIT SRR30408908: 5 baits >= 0.7 ['ECBAIT_0_0000_INTERIOR_MODULE_01', 'ECBAIT_0_0000_JUNCTION_02', 'ECBAIT_0_0000_MEMBER_INTERIOR_01', 'ECBAIT_0_0054_MEMBER_INTERIOR_01']
  HIT SRR30408913: 5 baits >= 0.7 ['ECBAIT_0_0046_JUNCTION_02', 'ECBAIT_0_0046_MEMBER_INTERIOR_01', 'ECBAIT_10_0057_MEMBER_INTERIOR_01', 'ECBAIT_1_0022_JUNCTION_03']
  HIT SRR30408911: 5 baits >= 0.7 ['ECBAIT_0_0046_MEMBER_INTERIOR_01', 'ECBAIT_10_0057_MEMBER_INTERIOR_01', 'ECBAIT_1_0022_JUNCTION_03', 'ECBAIT_1_0022_MEMBER_INTERIOR_01']
  HIT SRR30408925: 1 baits >= 0.7 ['ECBAIT_10_0057_MEMBER_INTERIOR_01']
  HIT SRR30408943: 2 baits >= 0.7 ['ECBAIT_10_0057_MEMBER_INTERIOR_01', 'ECBAIT_HOST_CONTROL_01']
  HIT SRR30408941: 5 baits >= 0.7 ['ECBAIT_0_0000_INTERIOR_MODULE_01', 'ECBAIT_0_0000_JUNCTION_02', 'ECBAIT_0_0000_MEMBER_INTERIOR_01', 'ECBAIT_10_0057_MEMBER_INTERIOR_01']
  HIT SRR30408950: 2 baits >= 0.7 ['ECBAIT_10_0172_MEMBER_INTERIOR_01', 'ECBAIT_HOST_CONTROL_01']
  HIT SRR30408951: 1 baits >= 0.7 ['ECBAIT_HOST_CONTROL_01']
  HIT SRR30408952: 3 baits >= 0.7 ['ECBAIT_10_0057_MEMBER_INTERIOR_01', 'ECBAIT_10_0070_INTERIOR_MODULE_01', 'ECBAIT_HOST_CONTROL_01']
  HIT SRR30408954: 2 baits >= 0.7 ['ECBAIT_10_0057_MEMBER_INTERIOR_01', 'ECBAIT_HOST_CONTROL_01']
  HIT SRR30408953: 5 baits >= 0.7 ['ECBAIT_0_0000_MEMBER_INTERIOR_01', 'ECBAIT_0_0014_JUNCTION_02', 'ECBAIT_0_0014_MEMBER_INTERIOR_01', 'ECBAIT_10_0057_MEMBER_INTERIOR_01']
  HIT SRR30408956: 2 baits >= 0.7 ['ECBAIT_10_0057_MEMBER_INTERIOR_01', 'ECBAIT_HOST_CONTROL_01']
  HIT SRR30408959: 2 baits >= 0.7 ['ECBAIT_10_0057_MEMBER_INTERIOR_01', 'ECBAIT_10_0151_JUNCTION_03']
  HIT SRR30408957: 2 baits >= 0.7 ['ECBAIT_10_0002_JUNCTION_01', 'ECBAIT_10_0057_MEMBER_INTERIOR_01']
  HIT SRR30408960: 2 baits >= 0.7 ['ECBAIT_10_0057_MEMBER_INTERIOR_01', 'ECBAIT_10_0151_JUNCTION_03']
  HIT SRR30408961: 1 baits >= 0.7 ['ECBAIT_10_0057_MEMBER_INTERIOR_01']
  HIT SRR30408962: 2 baits >= 0.7 ['ECBAIT_10_0057_MEMBER_INTERIOR_01', 'ECBAIT_HOST_CONTROL_02']
  HIT SRR30408964: 6 baits >= 0.7 ['ECBAIT_0_0000_JUNCTION_02', 'ECBAIT_0_0000_MEMBER_INTERIOR_01', 'ECBAIT_0_0014_JUNCTION_02', 'ECBAIT_0_0014_MEMBER_INTERIOR_01']
  HIT SRR30408966: 2 baits >= 0.7 ['ECBAIT_10_0057_MEMBER_INTERIOR_01', 'ECBAIT_HOST_CONTROL_02']
  HIT SRR30408967: 2 baits >= 0.7 ['ECBAIT_0_0054_MEMBER_INTERIOR_01', 'ECBAIT_10_0151_JUNCTION_03']
  HIT SRR30408972: 3 baits >= 0.7 ['ECBAIT_10_0057_MEMBER_INTERIOR_01', 'ECBAIT_10_0151_JUNCTION_03', 'ECBAIT_10_0172_MEMBER_INTERIOR_01']
  HIT SRR30408973: 2 baits >= 0.7 ['ECBAIT_10_0002_MEMBER_INTERIOR_01', 'ECBAIT_10_0057_MEMBER_INTERIOR_01']
  HIT SRR30408976: 3 baits >= 0.7 ['ECBAIT_10_0002_MEMBER_INTERIOR_01', 'ECBAIT_10_0057_MEMBER_INTERIOR_01', 'ECBAIT_10_0172_MEMBER_INTERIOR_01']
  HIT SRR30408978: 1 baits >= 0.7 ['ECBAIT_10_0057_MEMBER_INTERIOR_01']
  HIT SRR30408979: 2 baits >= 0.7 ['ECBAIT_10_0002_MEMBER_INTERIOR_01', 'ECBAIT_10_0057_MEMBER_INTERIOR_01']
  HIT SRR30408980: 4 baits >= 0.7 ['ECBAIT_0_0000_JUNCTION_02', 'ECBAIT_0_0000_MEMBER_INTERIOR_01', 'ECBAIT_10_0057_MEMBER_INTERIOR_01', 'ECBAIT_HOST_CONTROL_02']
  HIT SRR30408983: 3 baits >= 0.7 ['ECBAIT_0_0000_JUNCTION_02', 'ECBAIT_10_0057_MEMBER_INTERIOR_01', 'ECBAIT_10_0151_JUNCTION_03']
  HIT SRR30408985: 1 baits >= 0.7 ['ECBAIT_HOST_CONTROL_01']
  HIT SRR30421267: 1 baits >= 0.7 ['ECBAIT_10_0151_JUNCTION_03']
  HIT SRR30587372: 1 baits >= 0.7 ['ECBAIT_HOST_CONTROL_01']
  HIT SRR30587374: 1 baits >= 0.7 ['ECBAIT_HOST_CONTROL_01']
  HIT SRR30587373: 1 baits >= 0.7 ['ECBAIT_HOST_CONTROL_01']
  HIT SRR30610719: 1 baits >= 0.7 ['ECBAIT_HOST_CONTROL_01']
  8500/12000 processed (8224 screened, 6890 hit-accessions) 2713s budget=14.6GB
  HIT SRR30610771: 1 baits >= 0.7 ['ECBAIT_HOST_CONTROL_01']
  HIT SRR30612769: 1 baits >= 0.7 ['ECBAIT_HOST_CONTROL_01']
  HIT SRR30612946: 1 baits >= 0.7 ['ECBAIT_HOST_CONTROL_01']
  HIT SRR30613422: 1 baits >= 0.7 ['ECBAIT_HOST_CONTROL_01']
  HIT SRR30614710: 1 baits >= 0.7 ['ECBAIT_HOST_CONTROL_01']
  HIT SRR30617510: 1 baits >= 0.7 ['ECBAIT_HOST_CONTROL_01']
  HIT SRR30628011: 1 baits >= 0.7 ['ECBAIT_HOST_CONTROL_01']
  HIT SRR30628322: 1 baits >= 0.7 ['ECBAIT_HOST_CONTROL_01']
  HIT SRR30628896: 1 baits >= 0.7 ['ECBAIT_HOST_CONTROL_01']
  HIT SRR30630708: 1 baits >= 0.7 ['ECBAIT_HOST_CONTROL_01']
  HIT SRR30645611: 1 baits >= 0.7 ['ECBAIT_HOST_CONTROL_01']
  HIT SRR30655744: 2 baits >= 0.7 ['ECBAIT_10_0057_MEMBER_INTERIOR_01', 'ECBAIT_HOST_CONTROL_02']
  HIT SRR30655745: 2 baits >= 0.7 ['ECBAIT_10_0057_MEMBER_INTERIOR_01', 'ECBAIT_HOST_CONTROL_02']
  HIT SRR30655746: 2 baits >= 0.7 ['ECBAIT_10_0057_MEMBER_INTERIOR_01', 'ECBAIT_HOST_CONTROL_02']
  HIT SRR30655748: 2 baits >= 0.7 ['ECBAIT_10_0057_MEMBER_INTERIOR_01', 'ECBAIT_HOST_CONTROL_02']
  HIT SRR30655749: 2 baits >= 0.7 ['ECBAIT_10_0057_MEMBER_INTERIOR_01', 'ECBAIT_HOST_CONTROL_02']
  HIT SRR30655751: 6 baits >= 0.7 ['ECBAIT_0_0000_INTERIOR_MODULE_01', 'ECBAIT_0_0000_JUNCTION_02', 'ECBAIT_0_0000_MEMBER_INTERIOR_01', 'ECBAIT_10_0057_MEMBER_INTERIOR_01']
  HIT SRR30655752: 6 baits >= 0.7 ['ECBAIT_0_0000_INTERIOR_MODULE_01', 'ECBAIT_0_0000_JUNCTION_02', 'ECBAIT_0_0000_MEMBER_INTERIOR_01', 'ECBAIT_10_0057_MEMBER_INTERIOR_01']
  HIT SRR30655753: 6 baits >= 0.7 ['ECBAIT_0_0000_INTERIOR_MODULE_01', 'ECBAIT_0_0000_JUNCTION_02', 'ECBAIT_0_0000_MEMBER_INTERIOR_01', 'ECBAIT_10_0057_MEMBER_INTERIOR_01']
  HIT SRR30655754: 5 baits >= 0.7 ['ECBAIT_0_0000_INTERIOR_MODULE_01', 'ECBAIT_0_0000_JUNCTION_02', 'ECBAIT_0_0000_MEMBER_INTERIOR_01', 'ECBAIT_10_0057_MEMBER_INTERIOR_01']
  HIT SRR30655755: 6 baits >= 0.7 ['ECBAIT_0_0000_INTERIOR_MODULE_01', 'ECBAIT_0_0000_JUNCTION_02', 'ECBAIT_0_0000_MEMBER_INTERIOR_01', 'ECBAIT_10_0057_MEMBER_INTERIOR_01']
  HIT SRR30658491: 1 baits >= 0.7 ['ECBAIT_HOST_CONTROL_01']
  HIT SRR30658492: 1 baits >= 0.7 ['ECBAIT_HOST_CONTROL_01']
  HIT SRR30658494: 1 baits >= 0.7 ['ECBAIT_HOST_CONTROL_01']
  HIT SRR30658493: 1 baits >= 0.7 ['ECBAIT_HOST_CONTROL_01']
  HIT SRR30658507: 1 baits >= 0.7 ['ECBAIT_HOST_CONTROL_01']
  HIT SRR30658496: 1 baits >= 0.7 ['ECBAIT_HOST_CONTROL_01']
  HIT SRR30658508: 1 baits >= 0.7 ['ECBAIT_HOST_CONTROL_01']
  HIT SRR30799036: 1 baits >= 0.7 ['ECBAIT_10_0057_MEMBER_INTERIOR_01']
  HIT SRR30786323: 1 baits >= 0.7 ['ECBAIT_10_0057_MEMBER_INTERIOR_01']
  HIT SRR30896060: 2 baits >= 0.7 ['ECBAIT_10_0151_JUNCTION_03', 'ECBAIT_HOST_CONTROL_02']
  HIT SRR30896071: 2 baits >= 0.7 ['ECBAIT_10_0057_MEMBER_INTERIOR_01', 'ECBAIT_10_0172_MEMBER_INTERIOR_01']
  HIT SRR30896073: 4 baits >= 0.7 ['ECBAIT_0_0000_JUNCTION_02', 'ECBAIT_10_0057_MEMBER_INTERIOR_01', 'ECBAIT_10_0151_JUNCTION_03', 'ECBAIT_10_0172_MEMBER_INTERIOR_01']
  HIT SRR30896082: 2 baits >= 0.7 ['ECBAIT_0_0071_INTERIOR_MODULE_01', 'ECBAIT_10_0057_MEMBER_INTERIOR_01']
  HIT SRR30896091: 3 baits >= 0.7 ['ECBAIT_10_0057_MEMBER_INTERIOR_01', 'ECBAIT_10_0151_MEMBER_INTERIOR_01', 'ECBAIT_HOST_CONTROL_02']
  HIT SRR30896102: 4 baits >= 0.7 ['ECBAIT_0_0000_JUNCTION_02', 'ECBAIT_0_0014_JUNCTION_01', 'ECBAIT_10_0057_MEMBER_INTERIOR_01', 'ECBAIT_10_0151_JUNCTION_03']
  HIT SRR30896116: 4 baits >= 0.7 ['ECBAIT_0_0000_JUNCTION_02', 'ECBAIT_10_0057_MEMBER_INTERIOR_01', 'ECBAIT_10_0151_JUNCTION_03', 'ECBAIT_10_0151_MEMBER_INTERIOR_01']
  HIT SRR30896096: 2 baits >= 0.7 ['ECBAIT_10_0002_MEMBER_INTERIOR_01', 'ECBAIT_10_0057_MEMBER_INTERIOR_01']
  HIT SRR30896146: 3 baits >= 0.7 ['ECBAIT_0_0000_JUNCTION_02', 'ECBAIT_0_0000_MEMBER_INTERIOR_01', 'ECBAIT_10_0151_JUNCTION_03']
  HIT SRR30896197: 4 baits >= 0.7 ['ECBAIT_0_0054_MEMBER_INTERIOR_01', 'ECBAIT_10_0057_MEMBER_INTERIOR_01', 'ECBAIT_10_0172_MEMBER_INTERIOR_01', 'ECBAIT_HOST_CONTROL_01']
  HIT SRR30896198: 2 baits >= 0.7 ['ECBAIT_10_0057_MEMBER_INTERIOR_01', 'ECBAIT_HOST_CONTROL_01']
  8550/12000 processed (8274 screened, 6931 hit-accessions) 2729s budget=14.6GB
  HIT SRR30896212: 2 baits >= 0.7 ['ECBAIT_0_0000_JUNCTION_02', 'ECBAIT_10_0057_MEMBER_INTERIOR_01']
  HIT SRR30896220: 4 baits >= 0.7 ['ECBAIT_0_0000_JUNCTION_02', 'ECBAIT_0_0000_MEMBER_INTERIOR_01', 'ECBAIT_10_0057_MEMBER_INTERIOR_01', 'ECBAIT_HOST_CONTROL_02']
  HIT SRR30896234: 4 baits >= 0.7 ['ECBAIT_10_0002_MEMBER_INTERIOR_01', 'ECBAIT_10_0057_MEMBER_INTERIOR_01', 'ECBAIT_10_0172_MEMBER_INTERIOR_01', 'ECBAIT_HOST_CONTROL_02']
  HIT SRR30896245: 2 baits >= 0.7 ['ECBAIT_10_0057_MEMBER_INTERIOR_01', 'ECBAIT_10_0172_MEMBER_INTERIOR_01']
  HIT SRR30896259: 2 baits >= 0.7 ['ECBAIT_10_0057_MEMBER_INTERIOR_01', 'ECBAIT_HOST_CONTROL_01']
  HIT SRR30896260: 3 baits >= 0.7 ['ECBAIT_10_0057_MEMBER_INTERIOR_01', 'ECBAIT_10_0172_MEMBER_INTERIOR_01', 'ECBAIT_HOST_CONTROL_01']
  HIT SRR30896272: 2 baits >= 0.7 ['ECBAIT_10_0002_MEMBER_INTERIOR_01', 'ECBAIT_10_0057_MEMBER_INTERIOR_01']
  HIT SRR30896277: 1 baits >= 0.7 ['ECBAIT_10_0057_MEMBER_INTERIOR_01']
  HIT SRR30896289: 2 baits >= 0.7 ['ECBAIT_0_0000_MEMBER_INTERIOR_01', 'ECBAIT_HOST_CONTROL_02']
  HIT SRR30896307: 3 baits >= 0.7 ['ECBAIT_0_0000_JUNCTION_02', 'ECBAIT_10_0057_MEMBER_INTERIOR_01', 'ECBAIT_10_0151_JUNCTION_03']
  HIT SRR30896330: 1 baits >= 0.7 ['ECBAIT_HOST_CONTROL_01']
  HIT SRR30896353: 2 baits >= 0.7 ['ECBAIT_10_0057_MEMBER_INTERIOR_01', 'ECBAIT_10_0151_MEMBER_INTERIOR_01']
  HIT SRR30896361: 1 baits >= 0.7 ['ECBAIT_10_0057_MEMBER_INTERIOR_01']
  HIT SRR30896373: 2 baits >= 0.7 ['ECBAIT_0_0000_JUNCTION_02', 'ECBAIT_10_0057_MEMBER_INTERIOR_01']
  HIT SRR30896371: 1 baits >= 0.7 ['ECBAIT_10_0057_MEMBER_INTERIOR_01']
  HIT SRR30896381: 4 baits >= 0.7 ['ECBAIT_0_0000_JUNCTION_02', 'ECBAIT_0_0000_MEMBER_INTERIOR_01', 'ECBAIT_10_0057_MEMBER_INTERIOR_01', 'ECBAIT_HOST_CONTROL_02']
  HIT SRR30896404: 3 baits >= 0.7 ['ECBAIT_0_0000_MEMBER_INTERIOR_01', 'ECBAIT_0_0054_MEMBER_INTERIOR_01', 'ECBAIT_HOST_CONTROL_02']
  HIT SRR30896408: 1 baits >= 0.7 ['ECBAIT_10_0057_MEMBER_INTERIOR_01']
  HIT SRR30896407: 2 baits >= 0.7 ['ECBAIT_0_0000_JUNCTION_02', 'ECBAIT_10_0057_MEMBER_INTERIOR_01']
  HIT SRR30896419: 3 baits >= 0.7 ['ECBAIT_0_0000_JUNCTION_02', 'ECBAIT_10_0057_MEMBER_INTERIOR_01', 'ECBAIT_10_0172_MEMBER_INTERIOR_01']
  HIT SRR30896434: 3 baits >= 0.7 ['ECBAIT_0_0000_JUNCTION_02', 'ECBAIT_10_0057_MEMBER_INTERIOR_01', 'ECBAIT_10_0151_JUNCTION_03']
  HIT SRR30896445: 5 baits >= 0.7 ['ECBAIT_0_0000_JUNCTION_02', 'ECBAIT_0_0052_JUNCTION_03', 'ECBAIT_10_0002_MEMBER_INTERIOR_01', 'ECBAIT_10_0057_MEMBER_INTERIOR_01']
  HIT SRR30896476: 2 baits >= 0.7 ['ECBAIT_10_0057_MEMBER_INTERIOR_01', 'ECBAIT_HOST_CONTROL_02']
  HIT SRR30896479: 9 baits >= 0.7 ['ECBAIT_0_0000_MEMBER_INTERIOR_01', 'ECBAIT_0_0014_MEMBER_INTERIOR_01', 'ECBAIT_0_0052_JUNCTION_01', 'ECBAIT_0_0054_MEMBER_INTERIOR_01']
  HIT SRR30896482: 1 baits >= 0.7 ['ECBAIT_HOST_CONTROL_01']
  HIT SRR30896483: 1 baits >= 0.7 ['ECBAIT_10_0057_MEMBER_INTERIOR_01']
  HIT SRR30896507: 4 baits >= 0.7 ['ECBAIT_10_0002_JUNCTION_01', 'ECBAIT_10_0002_JUNCTION_02', 'ECBAIT_10_0002_MEMBER_INTERIOR_01', 'ECBAIT_10_0057_MEMBER_INTERIOR_01']
  HIT SRR30896508: 2 baits >= 0.7 ['ECBAIT_0_0000_MEMBER_INTERIOR_01', 'ECBAIT_0_0054_MEMBER_INTERIOR_01']
  HIT SRR30896512: 3 baits >= 0.7 ['ECBAIT_0_0000_JUNCTION_02', 'ECBAIT_10_0057_MEMBER_INTERIOR_01', 'ECBAIT_HOST_CONTROL_02']
  HIT SRR30896524: 4 baits >= 0.7 ['ECBAIT_10_0002_JUNCTION_01', 'ECBAIT_10_0002_JUNCTION_02', 'ECBAIT_10_0057_MEMBER_INTERIOR_01', 'ECBAIT_10_0151_JUNCTION_03']
  HIT SRR30896526: 2 baits >= 0.7 ['ECBAIT_10_0057_MEMBER_INTERIOR_01', 'ECBAIT_10_0172_MEMBER_INTERIOR_01']
  HIT SRR30896528: 1 baits >= 0.7 ['ECBAIT_0_0000_MEMBER_INTERIOR_01']
  HIT SRR30896529: 4 baits >= 0.7 ['ECBAIT_10_0002_JUNCTION_01', 'ECBAIT_10_0002_JUNCTION_02', 'ECBAIT_10_0002_MEMBER_INTERIOR_01', 'ECBAIT_10_0057_MEMBER_INTERIOR_01']
  HIT SRR30896538: 2 baits >= 0.7 ['ECBAIT_10_0002_MEMBER_INTERIOR_01', 'ECBAIT_10_0057_MEMBER_INTERIOR_01']
  HIT SRR30896565: 1 baits >= 0.7 ['ECBAIT_HOST_CONTROL_01']
  HIT SRR30896569: 6 baits >= 0.7 ['ECBAIT_0_0000_JUNCTION_02', 'ECBAIT_0_0000_MEMBER_INTERIOR_01', 'ECBAIT_0_0014_JUNCTION_02', 'ECBAIT_0_0014_MEMBER_INTERIOR_01']
  HIT SRR30896571: 1 baits >= 0.7 ['ECBAIT_10_0057_MEMBER_INTERIOR_01']
  HIT SRR30896575: 5 baits >= 0.7 ['ECBAIT_0_0000_JUNCTION_02', 'ECBAIT_0_0052_JUNCTION_03', 'ECBAIT_10_0057_MEMBER_INTERIOR_01', 'ECBAIT_10_0151_JUNCTION_03']
  HIT SRR30896579: 3 baits >= 0.7 ['ECBAIT_10_0057_MEMBER_INTERIOR_01', 'ECBAIT_10_0172_MEMBER_INTERIOR_01', 'ECBAIT_HOST_CONTROL_01']
  HIT SRR30896583: 2 baits >= 0.7 ['ECBAIT_10_0057_MEMBER_INTERIOR_01', 'ECBAIT_HOST_CONTROL_02']
  HIT SRR30896587: 1 baits >= 0.7 ['ECBAIT_HOST_CONTROL_01']
  HIT SRR30896590: 3 baits >= 0.7 ['ECBAIT_0_0014_JUNCTION_01', 'ECBAIT_10_0057_MEMBER_INTERIOR_01', 'ECBAIT_10_0151_JUNCTION_03']
  HIT SRR30905178: 1 baits >= 0.7 ['ECBAIT_10_0057_MEMBER_INTERIOR_01']
  8600/12000 processed (8324 screened, 6974 hit-accessions) 2745s budget=14.7GB
  HIT SRR30992946: 2 baits >= 0.7 ['ECBAIT_10_0057_MEMBER_INTERIOR_01', 'ECBAIT_HOST_CONTROL_01']
  HIT SRR30992947: 5 baits >= 0.7 ['ECBAIT_10_0002_JUNCTION_01', 'ECBAIT_10_0002_JUNCTION_02', 'ECBAIT_10_0057_INTERIOR_MODULE_01', 'ECBAIT_10_0057_JUNCTION_03']
  HIT SRR30992948: 3 baits >= 0.7 ['ECBAIT_10_0057_MEMBER_INTERIOR_01', 'ECBAIT_10_0172_MEMBER_INTERIOR_01', 'ECBAIT_HOST_CONTROL_01']
  HIT SRR30992949: 1 baits >= 0.7 ['ECBAIT_HOST_CONTROL_01']
  HIT SRR30992950: 2 baits >= 0.7 ['ECBAIT_10_0057_MEMBER_INTERIOR_01', 'ECBAIT_HOST_CONTROL_01']
  HIT SRR30992952: 2 baits >= 0.7 ['ECBAIT_10_0057_MEMBER_INTERIOR_01', 'ECBAIT_10_0151_JUNCTION_03']
  HIT SRR30992951: 1 baits >= 0.7 ['ECBAIT_HOST_CONTROL_02']
  HIT SRR30992953: 1 baits >= 0.7 ['ECBAIT_10_0057_MEMBER_INTERIOR_01']
  HIT SRR30993004: 1 baits >= 0.7 ['ECBAIT_HOST_CONTROL_01']
  HIT SRR30993006: 3 baits >= 0.7 ['ECBAIT_0_0000_JUNCTION_02', 'ECBAIT_10_0002_MEMBER_INTERIOR_01', 'ECBAIT_10_0057_MEMBER_INTERIOR_01']
  HIT SRR30993008: 1 baits >= 0.7 ['ECBAIT_10_0172_MEMBER_INTERIOR_01']
  HIT SRR30993007: 2 baits >= 0.7 ['ECBAIT_0_0014_JUNCTION_01', 'ECBAIT_10_0038_MEMBER_INTERIOR_01']
  HIT SRR30993009: 1 baits >= 0.7 ['ECBAIT_HOST_CONTROL_02']
  HIT SRR31072982: 2 baits >= 0.7 ['ECBAIT_10_0057_MEMBER_INTERIOR_01', 'ECBAIT_HOST_CONTROL_01']
  HIT SRR31072984: 1 baits >= 0.7 ['ECBAIT_10_0057_MEMBER_INTERIOR_01']
  HIT SRR31072983: 2 baits >= 0.7 ['ECBAIT_10_0057_MEMBER_INTERIOR_01', 'ECBAIT_HOST_CONTROL_01']
  HIT SRR31072986: 3 baits >= 0.7 ['ECBAIT_0_0046_MEMBER_INTERIOR_01', 'ECBAIT_10_0057_MEMBER_INTERIOR_01', 'ECBAIT_1_0022_JUNCTION_03']
  HIT SRR31072987: 2 baits >= 0.7 ['ECBAIT_10_0057_MEMBER_INTERIOR_01', 'ECBAIT_HOST_CONTROL_01']
  HIT SRR31072988: 1 baits >= 0.7 ['ECBAIT_10_0057_MEMBER_INTERIOR_01']
  HIT SRR31072989: 1 baits >= 0.7 ['ECBAIT_10_0057_MEMBER_INTERIOR_01']
  HIT SRR31072992: 1 baits >= 0.7 ['ECBAIT_HOST_CONTROL_01']
  HIT SRR31072993: 1 baits >= 0.7 ['ECBAIT_HOST_CONTROL_01']
  HIT SRR31072994: 2 baits >= 0.7 ['ECBAIT_10_0057_MEMBER_INTERIOR_01', 'ECBAIT_HOST_CONTROL_01']
  HIT SRR31072998: 2 baits >= 0.7 ['ECBAIT_10_0057_MEMBER_INTERIOR_01', 'ECBAIT_HOST_CONTROL_01']
  HIT SRR31072999: 2 baits >= 0.7 ['ECBAIT_10_0057_MEMBER_INTERIOR_01', 'ECBAIT_HOST_CONTROL_01']
  HIT SRR31073000: 1 baits >= 0.7 ['ECBAIT_10_0057_MEMBER_INTERIOR_01']
  HIT SRR31073002: 2 baits >= 0.7 ['ECBAIT_10_0057_MEMBER_INTERIOR_01', 'ECBAIT_HOST_CONTROL_01']
  HIT SRR31073003: 5 baits >= 0.7 ['ECBAIT_0_0059_JUNCTION_01', 'ECBAIT_0_0059_JUNCTION_02', 'ECBAIT_0_0059_JUNCTION_03', 'ECBAIT_10_0057_MEMBER_INTERIOR_01']
  HIT SRR31073004: 3 baits >= 0.7 ['ECBAIT_10_0057_MEMBER_INTERIOR_01', 'ECBAIT_HOST_CONTROL_01', 'ECBAIT_POSCON_LAMBDA_01']
  HIT SRR31073005: 5 baits >= 0.7 ['ECBAIT_0_0059_JUNCTION_01', 'ECBAIT_0_0059_JUNCTION_02', 'ECBAIT_0_0059_JUNCTION_03', 'ECBAIT_10_0057_MEMBER_INTERIOR_01']
  HIT SRR31073006: 1 baits >= 0.7 ['ECBAIT_10_0057_MEMBER_INTERIOR_01']
  HIT SRR31073008: 2 baits >= 0.7 ['ECBAIT_10_0057_MEMBER_INTERIOR_01', 'ECBAIT_HOST_CONTROL_01']
  HIT SRR31073007: 4 baits >= 0.7 ['ECBAIT_0_0046_MEMBER_INTERIOR_01', 'ECBAIT_10_0057_MEMBER_INTERIOR_01', 'ECBAIT_10_0151_MEMBER_INTERIOR_01', 'ECBAIT_1_0022_JUNCTION_03']
  HIT SRR31073009: 1 baits >= 0.7 ['ECBAIT_10_0057_MEMBER_INTERIOR_01']
  HIT SRR31073010: 1 baits >= 0.7 ['ECBAIT_10_0057_MEMBER_INTERIOR_01']
  HIT SRR31073014: 1 baits >= 0.7 ['ECBAIT_HOST_CONTROL_01']
  HIT SRR31073013: 1 baits >= 0.7 ['ECBAIT_HOST_CONTROL_01']
  HIT SRR31073016: 2 baits >= 0.7 ['ECBAIT_10_0057_MEMBER_INTERIOR_01', 'ECBAIT_HOST_CONTROL_01']
  8650/12000 processed (8374 screened, 7012 hit-accessions) 2761s budget=14.8GB
  HIT SRR31073017: 1 baits >= 0.7 ['ECBAIT_10_0057_MEMBER_INTERIOR_01']
  HIT SRR3112254: 2 baits >= 0.7 ['ECBAIT_10_0002_MEMBER_INTERIOR_01', 'ECBAIT_10_0057_MEMBER_INTERIOR_01']
  HIT SRR3112258: 2 baits >= 0.7 ['ECBAIT_10_0057_MEMBER_INTERIOR_01', 'ECBAIT_10_0172_MEMBER_INTERIOR_01']
  HIT SRR3112262: 4 baits >= 0.7 ['ECBAIT_10_0002_JUNCTION_01', 'ECBAIT_10_0002_JUNCTION_02', 'ECBAIT_10_0057_MEMBER_INTERIOR_01', 'ECBAIT_HOST_CONTROL_01']
  HIT SRR3112264: 2 baits >= 0.7 ['ECBAIT_10_0151_JUNCTION_03', 'ECBAIT_1_0004_JUNCTION_02']
  HIT SRR3112265: 4 baits >= 0.7 ['ECBAIT_10_0002_JUNCTION_01', 'ECBAIT_10_0002_JUNCTION_02', 'ECBAIT_10_0057_MEMBER_INTERIOR_01', 'ECBAIT_HOST_CONTROL_01']
  HIT SRR3112266: 2 baits >= 0.7 ['ECBAIT_10_0057_MEMBER_INTERIOR_01', 'ECBAIT_10_0172_MEMBER_INTERIOR_01']
  HIT SRR3112268: 5 baits >= 0.7 ['ECBAIT_0_0054_MEMBER_INTERIOR_01', 'ECBAIT_10_0057_MEMBER_INTERIOR_01', 'ECBAIT_10_0172_MEMBER_INTERIOR_01', 'ECBAIT_1_0004_JUNCTION_02']
  HIT SRR3112270: 2 baits >= 0.7 ['ECBAIT_10_0057_MEMBER_INTERIOR_01', 'ECBAIT_HOST_CONTROL_01']
  HIT SRR3112315: 3 baits >= 0.7 ['ECBAIT_10_0002_JUNCTION_01', 'ECBAIT_10_0057_MEMBER_INTERIOR_01', 'ECBAIT_HOST_CONTROL_01']
  HIT SRR3112329: 2 baits >= 0.7 ['ECBAIT_10_0002_MEMBER_INTERIOR_01', 'ECBAIT_10_0057_MEMBER_INTERIOR_01']
  HIT SRR3112331: 1 baits >= 0.7 ['ECBAIT_HOST_CONTROL_01']
  HIT SRR3112332: 3 baits >= 0.7 ['ECBAIT_0_0052_INTERIOR_MODULE_01', 'ECBAIT_10_0002_MEMBER_INTERIOR_01', 'ECBAIT_10_0057_MEMBER_INTERIOR_01']
  HIT SRR3112334: 2 baits >= 0.7 ['ECBAIT_10_0057_MEMBER_INTERIOR_01', 'ECBAIT_HOST_CONTROL_02']
  HIT SRR31134601: 2 baits >= 0.7 ['ECBAIT_10_0057_MEMBER_INTERIOR_01', 'ECBAIT_HOST_CONTROL_01']
  HIT SRR31214302: 2 baits >= 0.7 ['ECBAIT_10_0057_MEMBER_INTERIOR_01', 'ECBAIT_HOST_CONTROL_01']
  HIT SRR31285691: 1 baits >= 0.7 ['ECBAIT_HOST_CONTROL_01']
  HIT SRR31285692: 1 baits >= 0.7 ['ECBAIT_HOST_CONTROL_01']
  HIT SRR31285693: 1 baits >= 0.7 ['ECBAIT_HOST_CONTROL_01']
  HIT SRR31302084: 1 baits >= 0.7 ['ECBAIT_HOST_CONTROL_01']
  HIT SRR31313008: 1 baits >= 0.7 ['ECBAIT_HOST_CONTROL_01']
  HIT SRR31313009: 1 baits >= 0.7 ['ECBAIT_HOST_CONTROL_01']
  HIT SRR31313010: 1 baits >= 0.7 ['ECBAIT_HOST_CONTROL_01']
  HIT SRR31360497: 5 baits >= 0.7 ['ECBAIT_0_0000_MEMBER_INTERIOR_01', 'ECBAIT_0_0046_MEMBER_INTERIOR_01', 'ECBAIT_10_0002_JUNCTION_02', 'ECBAIT_10_0151_JUNCTION_03']
  HIT SRR31360498: 3 baits >= 0.7 ['ECBAIT_0_0014_MEMBER_INTERIOR_01', 'ECBAIT_10_0172_MEMBER_INTERIOR_01', 'ECBAIT_HOST_CONTROL_01']
  HIT SRR31417665: 1 baits >= 0.7 ['ECBAIT_10_0057_MEMBER_INTERIOR_01']
  HIT SRR31417666: 4 baits >= 0.7 ['ECBAIT_10_0002_JUNCTION_01', 'ECBAIT_10_0002_JUNCTION_02', 'ECBAIT_10_0002_MEMBER_INTERIOR_01', 'ECBAIT_10_0057_MEMBER_INTERIOR_01']
  HIT SRR31417667: 4 baits >= 0.7 ['ECBAIT_10_0002_JUNCTION_01', 'ECBAIT_10_0002_JUNCTION_02', 'ECBAIT_10_0002_MEMBER_INTERIOR_01', 'ECBAIT_10_0057_MEMBER_INTERIOR_01']
  HIT SRR31417668: 3 baits >= 0.7 ['ECBAIT_10_0002_MEMBER_INTERIOR_01', 'ECBAIT_10_0057_MEMBER_INTERIOR_01', 'ECBAIT_10_0172_MEMBER_INTERIOR_01']
  HIT SRR31417669: 3 baits >= 0.7 ['ECBAIT_10_0002_MEMBER_INTERIOR_01', 'ECBAIT_10_0057_MEMBER_INTERIOR_01', 'ECBAIT_10_0172_MEMBER_INTERIOR_01']
  HIT SRR31417670: 4 baits >= 0.7 ['ECBAIT_10_0002_JUNCTION_01', 'ECBAIT_10_0002_JUNCTION_02', 'ECBAIT_10_0002_MEMBER_INTERIOR_01', 'ECBAIT_10_0057_MEMBER_INTERIOR_01']
  HIT SRR31417671: 2 baits >= 0.7 ['ECBAIT_10_0002_MEMBER_INTERIOR_01', 'ECBAIT_10_0057_MEMBER_INTERIOR_01']
  HIT SRR31417672: 1 baits >= 0.7 ['ECBAIT_10_0057_MEMBER_INTERIOR_01']
  HIT SRR31417673: 1 baits >= 0.7 ['ECBAIT_10_0057_MEMBER_INTERIOR_01']
  HIT SRR31417674: 3 baits >= 0.7 ['ECBAIT_10_0002_JUNCTION_01', 'ECBAIT_10_0002_JUNCTION_02', 'ECBAIT_10_0002_MEMBER_INTERIOR_01']
  HIT SRR31417675: 3 baits >= 0.7 ['ECBAIT_10_0002_JUNCTION_01', 'ECBAIT_10_0002_JUNCTION_02', 'ECBAIT_10_0002_MEMBER_INTERIOR_01']
  HIT SRR31417679: 4 baits >= 0.7 ['ECBAIT_10_0057_MEMBER_INTERIOR_01', 'ECBAIT_10_0151_JUNCTION_03', 'ECBAIT_10_0151_MEMBER_INTERIOR_01', 'ECBAIT_10_0172_MEMBER_INTERIOR_01']
  HIT SRR31417676: 1 baits >= 0.7 ['ECBAIT_10_0057_MEMBER_INTERIOR_01']
  HIT SRR31417680: 4 baits >= 0.7 ['ECBAIT_10_0057_MEMBER_INTERIOR_01', 'ECBAIT_10_0151_JUNCTION_03', 'ECBAIT_10_0151_MEMBER_INTERIOR_01', 'ECBAIT_10_0172_MEMBER_INTERIOR_01']
  HIT SRR31417685: 1 baits >= 0.7 ['ECBAIT_10_0057_MEMBER_INTERIOR_01']
  HIT SRR31417686: 1 baits >= 0.7 ['ECBAIT_10_0057_MEMBER_INTERIOR_01']
  HIT SRR31417687: 1 baits >= 0.7 ['ECBAIT_10_0057_MEMBER_INTERIOR_01']
  HIT SRR31417688: 3 baits >= 0.7 ['ECBAIT_10_0002_MEMBER_INTERIOR_01', 'ECBAIT_10_0057_MEMBER_INTERIOR_01', 'ECBAIT_10_0172_MEMBER_INTERIOR_01']
  HIT SRR31417689: 3 baits >= 0.7 ['ECBAIT_10_0002_MEMBER_INTERIOR_01', 'ECBAIT_10_0057_MEMBER_INTERIOR_01', 'ECBAIT_10_0172_MEMBER_INTERIOR_01']
  8700/12000 processed (8424 screened, 7056 hit-accessions) 2777s budget=14.9GB
  HIT SRR31417690: 2 baits >= 0.7 ['ECBAIT_10_0057_MEMBER_INTERIOR_01', 'ECBAIT_10_0172_MEMBER_INTERIOR_01']
  HIT SRR31417697: 2 baits >= 0.7 ['ECBAIT_10_0002_MEMBER_INTERIOR_01', 'ECBAIT_10_0057_MEMBER_INTERIOR_01']
  HIT SRR31417698: 2 baits >= 0.7 ['ECBAIT_10_0002_MEMBER_INTERIOR_01', 'ECBAIT_10_0057_MEMBER_INTERIOR_01']
  HIT SRR31417699: 2 baits >= 0.7 ['ECBAIT_10_0002_MEMBER_INTERIOR_01', 'ECBAIT_10_0057_MEMBER_INTERIOR_01']
  HIT SRR31417700: 2 baits >= 0.7 ['ECBAIT_10_0002_MEMBER_INTERIOR_01', 'ECBAIT_10_0057_MEMBER_INTERIOR_01']
  HIT SRR31417701: 2 baits >= 0.7 ['ECBAIT_10_0057_MEMBER_INTERIOR_01', 'ECBAIT_10_0172_MEMBER_INTERIOR_01']
  HIT SRR31417702: 3 baits >= 0.7 ['ECBAIT_10_0002_MEMBER_INTERIOR_01', 'ECBAIT_10_0057_MEMBER_INTERIOR_01', 'ECBAIT_10_0172_MEMBER_INTERIOR_01']
  HIT SRR31417704: 3 baits >= 0.7 ['ECBAIT_10_0002_MEMBER_INTERIOR_01', 'ECBAIT_10_0057_MEMBER_INTERIOR_01', 'ECBAIT_10_0172_MEMBER_INTERIOR_01']
  HIT SRR31417705: 3 baits >= 0.7 ['ECBAIT_10_0002_MEMBER_INTERIOR_01', 'ECBAIT_10_0057_MEMBER_INTERIOR_01', 'ECBAIT_10_0172_MEMBER_INTERIOR_01']
  HIT SRR31417703: 3 baits >= 0.7 ['ECBAIT_10_0002_MEMBER_INTERIOR_01', 'ECBAIT_10_0057_MEMBER_INTERIOR_01', 'ECBAIT_10_0172_MEMBER_INTERIOR_01']
  HIT SRR31417706: 3 baits >= 0.7 ['ECBAIT_10_0002_JUNCTION_01', 'ECBAIT_10_0002_MEMBER_INTERIOR_01', 'ECBAIT_10_0057_MEMBER_INTERIOR_01']
  HIT SRR31417707: 3 baits >= 0.7 ['ECBAIT_10_0002_JUNCTION_01', 'ECBAIT_10_0002_MEMBER_INTERIOR_01', 'ECBAIT_10_0057_MEMBER_INTERIOR_01']
  HIT SRR31417711: 2 baits >= 0.7 ['ECBAIT_10_0057_MEMBER_INTERIOR_01', 'ECBAIT_10_0172_MEMBER_INTERIOR_01']
  HIT SRR31417712: 1 baits >= 0.7 ['ECBAIT_10_0057_MEMBER_INTERIOR_01']
  HIT SRR31417710: 2 baits >= 0.7 ['ECBAIT_10_0057_MEMBER_INTERIOR_01', 'ECBAIT_10_0172_MEMBER_INTERIOR_01']
  HIT SRR31417713: 3 baits >= 0.7 ['ECBAIT_10_0002_MEMBER_INTERIOR_01', 'ECBAIT_10_0057_MEMBER_INTERIOR_01', 'ECBAIT_10_0172_MEMBER_INTERIOR_01']
  HIT SRR31417714: 3 baits >= 0.7 ['ECBAIT_10_0002_MEMBER_INTERIOR_01', 'ECBAIT_10_0057_MEMBER_INTERIOR_01', 'ECBAIT_10_0172_MEMBER_INTERIOR_01']
  HIT SRR31417716: 1 baits >= 0.7 ['ECBAIT_HOST_CONTROL_02']
  HIT SRR31417718: 3 baits >= 0.7 ['ECBAIT_10_0002_MEMBER_INTERIOR_01', 'ECBAIT_10_0057_MEMBER_INTERIOR_01', 'ECBAIT_10_0172_MEMBER_INTERIOR_01']
  HIT SRR31417717: 1 baits >= 0.7 ['ECBAIT_HOST_CONTROL_02']
  HIT SRR31417719: 3 baits >= 0.7 ['ECBAIT_10_0002_MEMBER_INTERIOR_01', 'ECBAIT_10_0057_MEMBER_INTERIOR_01', 'ECBAIT_10_0172_MEMBER_INTERIOR_01']
  HIT SRR31417721: 4 baits >= 0.7 ['ECBAIT_10_0002_JUNCTION_01', 'ECBAIT_10_0002_JUNCTION_02', 'ECBAIT_10_0002_MEMBER_INTERIOR_01', 'ECBAIT_10_0057_MEMBER_INTERIOR_01']
  HIT SRR31417729: 2 baits >= 0.7 ['ECBAIT_10_0057_MEMBER_INTERIOR_01', 'ECBAIT_10_0172_MEMBER_INTERIOR_01']
  HIT SRR31417720: 4 baits >= 0.7 ['ECBAIT_10_0002_JUNCTION_01', 'ECBAIT_10_0002_JUNCTION_02', 'ECBAIT_10_0002_MEMBER_INTERIOR_01', 'ECBAIT_10_0057_MEMBER_INTERIOR_01']
  HIT SRR31417730: 2 baits >= 0.7 ['ECBAIT_10_0057_MEMBER_INTERIOR_01', 'ECBAIT_10_0172_MEMBER_INTERIOR_01']
  HIT SRR31417731: 2 baits >= 0.7 ['ECBAIT_10_0057_MEMBER_INTERIOR_01', 'ECBAIT_HOST_CONTROL_01']
  HIT SRR31417732: 2 baits >= 0.7 ['ECBAIT_10_0057_MEMBER_INTERIOR_01', 'ECBAIT_HOST_CONTROL_01']
  HIT SRR31417736: 2 baits >= 0.7 ['ECBAIT_10_0002_MEMBER_INTERIOR_01', 'ECBAIT_10_0057_MEMBER_INTERIOR_01']
  HIT SRR31417737: 2 baits >= 0.7 ['ECBAIT_10_0002_MEMBER_INTERIOR_01', 'ECBAIT_10_0057_MEMBER_INTERIOR_01']
  HIT SRR31417742: 2 baits >= 0.7 ['ECBAIT_10_0002_MEMBER_INTERIOR_01', 'ECBAIT_10_0057_MEMBER_INTERIOR_01']
  HIT SRR31417744: 2 baits >= 0.7 ['ECBAIT_10_0002_MEMBER_INTERIOR_01', 'ECBAIT_10_0057_MEMBER_INTERIOR_01']
  HIT SRR31417743: 2 baits >= 0.7 ['ECBAIT_10_0002_MEMBER_INTERIOR_01', 'ECBAIT_10_0057_MEMBER_INTERIOR_01']
  HIT SRR31417745: 2 baits >= 0.7 ['ECBAIT_10_0002_MEMBER_INTERIOR_01', 'ECBAIT_10_0057_MEMBER_INTERIOR_01']
  HIT SRR3143692: 3 baits >= 0.7 ['ECBAIT_0_0000_MEMBER_INTERIOR_01', 'ECBAIT_10_0002_MEMBER_INTERIOR_01', 'ECBAIT_HOST_CONTROL_01']
  HIT SRR31540345: 2 baits >= 0.7 ['ECBAIT_10_0002_MEMBER_INTERIOR_01', 'ECBAIT_10_0057_MEMBER_INTERIOR_01']
  HIT SRR31540346: 2 baits >= 0.7 ['ECBAIT_10_0002_MEMBER_INTERIOR_01', 'ECBAIT_10_0057_MEMBER_INTERIOR_01']
  HIT SRR31540347: 2 baits >= 0.7 ['ECBAIT_10_0002_MEMBER_INTERIOR_01', 'ECBAIT_10_0057_MEMBER_INTERIOR_01']
  HIT SRR31540348: 2 baits >= 0.7 ['ECBAIT_10_0002_MEMBER_INTERIOR_01', 'ECBAIT_10_0057_MEMBER_INTERIOR_01']
  HIT SRR31540349: 2 baits >= 0.7 ['ECBAIT_10_0002_MEMBER_INTERIOR_01', 'ECBAIT_10_0057_MEMBER_INTERIOR_01']
  HIT SRR31540351: 2 baits >= 0.7 ['ECBAIT_10_0002_MEMBER_INTERIOR_01', 'ECBAIT_10_0057_MEMBER_INTERIOR_01']
  HIT SRR31540353: 2 baits >= 0.7 ['ECBAIT_10_0002_MEMBER_INTERIOR_01', 'ECBAIT_10_0057_MEMBER_INTERIOR_01']
  HIT SRR31540354: 2 baits >= 0.7 ['ECBAIT_10_0002_MEMBER_INTERIOR_01', 'ECBAIT_10_0057_MEMBER_INTERIOR_01']
  8750/12000 processed (8468 screened, 7098 hit-accessions) 2792s budget=15.0GB
  HIT SRR31540356: 2 baits >= 0.7 ['ECBAIT_10_0002_MEMBER_INTERIOR_01', 'ECBAIT_10_0057_MEMBER_INTERIOR_01']
  HIT SRR31540357: 2 baits >= 0.7 ['ECBAIT_10_0002_MEMBER_INTERIOR_01', 'ECBAIT_10_0057_MEMBER_INTERIOR_01']
  HIT SRR31540358: 2 baits >= 0.7 ['ECBAIT_10_0002_MEMBER_INTERIOR_01', 'ECBAIT_10_0057_MEMBER_INTERIOR_01']
  HIT SRR31564833: 1 baits >= 0.7 ['ECBAIT_0_0014_JUNCTION_02']
  HIT SRR31564840: 8 baits >= 0.7 ['ECBAIT_0_0000_JUNCTION_02', 'ECBAIT_0_0046_JUNCTION_01', 'ECBAIT_0_0046_MEMBER_INTERIOR_01', 'ECBAIT_10_0002_MEMBER_INTERIOR_01']
  HIT SRR31666669: 2 baits >= 0.7 ['ECBAIT_0_0000_JUNCTION_02', 'ECBAIT_10_0057_MEMBER_INTERIOR_01']
  HIT SRR31666668: 1 baits >= 0.7 ['ECBAIT_10_0057_MEMBER_INTERIOR_01']
  HIT SRR31736492: 2 baits >= 0.7 ['ECBAIT_0_0067_MEMBER_INTERIOR_01', 'ECBAIT_HOST_CONTROL_01']
  HIT SRR31666685: 1 baits >= 0.7 ['ECBAIT_10_0172_MEMBER_INTERIOR_01']
  HIT SRR31736493: 2 baits >= 0.7 ['ECBAIT_0_0067_MEMBER_INTERIOR_01', 'ECBAIT_HOST_CONTROL_01']
  HIT SRR31736494: 2 baits >= 0.7 ['ECBAIT_0_0067_MEMBER_INTERIOR_01', 'ECBAIT_HOST_CONTROL_01']
  HIT SRR31736495: 1 baits >= 0.7 ['ECBAIT_1_0004_JUNCTION_01']
  HIT SRR31736496: 1 baits >= 0.7 ['ECBAIT_10_0057_MEMBER_INTERIOR_01']
  HIT SRR31736497: 1 baits >= 0.7 ['ECBAIT_10_0057_MEMBER_INTERIOR_01']
  HIT SRR31768880: 7 baits >= 0.7 ['ECBAIT_0_0059_JUNCTION_01', 'ECBAIT_0_0059_JUNCTION_02', 'ECBAIT_0_0059_JUNCTION_03', 'ECBAIT_0_0059_MEMBER_INTERIOR_01']
  HIT SRR31768881: 7 baits >= 0.7 ['ECBAIT_0_0059_JUNCTION_01', 'ECBAIT_0_0059_JUNCTION_02', 'ECBAIT_0_0059_JUNCTION_03', 'ECBAIT_0_0059_MEMBER_INTERIOR_01']
  HIT SRR31768882: 7 baits >= 0.7 ['ECBAIT_0_0059_JUNCTION_01', 'ECBAIT_0_0059_JUNCTION_02', 'ECBAIT_0_0059_JUNCTION_03', 'ECBAIT_0_0059_MEMBER_INTERIOR_01']
  HIT SRR31768883: 7 baits >= 0.7 ['ECBAIT_0_0059_JUNCTION_01', 'ECBAIT_0_0059_JUNCTION_02', 'ECBAIT_0_0059_JUNCTION_03', 'ECBAIT_0_0059_MEMBER_INTERIOR_01']
  HIT SRR31768884: 7 baits >= 0.7 ['ECBAIT_0_0059_JUNCTION_01', 'ECBAIT_0_0059_JUNCTION_02', 'ECBAIT_0_0059_JUNCTION_03', 'ECBAIT_0_0059_MEMBER_INTERIOR_01']
  HIT SRR31768885: 2 baits >= 0.7 ['ECBAIT_0_0067_MEMBER_INTERIOR_01', 'ECBAIT_HOST_CONTROL_01']
  HIT SRR31768886: 2 baits >= 0.7 ['ECBAIT_0_0067_MEMBER_INTERIOR_01', 'ECBAIT_HOST_CONTROL_01']
  HIT SRR31768887: 2 baits >= 0.7 ['ECBAIT_0_0067_MEMBER_INTERIOR_01', 'ECBAIT_HOST_CONTROL_01']
  HIT SRR31768888: 2 baits >= 0.7 ['ECBAIT_0_0067_MEMBER_INTERIOR_01', 'ECBAIT_HOST_CONTROL_01']
  HIT SRR31807355: 2 baits >= 0.7 ['ECBAIT_10_0057_MEMBER_INTERIOR_01', 'ECBAIT_HOST_CONTROL_01']
  HIT SRR31876584: 1 baits >= 0.7 ['ECBAIT_HOST_CONTROL_01']
  HIT SRR31876585: 1 baits >= 0.7 ['ECBAIT_HOST_CONTROL_01']
  HIT SRR31876586: 1 baits >= 0.7 ['ECBAIT_HOST_CONTROL_01']
  HIT SRR31876587: 1 baits >= 0.7 ['ECBAIT_HOST_CONTROL_01']
  HIT SRR31876588: 1 baits >= 0.7 ['ECBAIT_HOST_CONTROL_01']
  HIT SRR31876592: 1 baits >= 0.7 ['ECBAIT_HOST_CONTROL_01']
  HIT SRR31876593: 1 baits >= 0.7 ['ECBAIT_HOST_CONTROL_01']
  HIT SRR31876594: 1 baits >= 0.7 ['ECBAIT_HOST_CONTROL_01']
  HIT SRR31876595: 1 baits >= 0.7 ['ECBAIT_HOST_CONTROL_01']
  HIT SRR31876596: 1 baits >= 0.7 ['ECBAIT_HOST_CONTROL_01']
  HIT SRR31876597: 1 baits >= 0.7 ['ECBAIT_HOST_CONTROL_01']
  HIT SRR31876598: 1 baits >= 0.7 ['ECBAIT_HOST_CONTROL_01']
  HIT SRR31876599: 1 baits >= 0.7 ['ECBAIT_HOST_CONTROL_01']
  HIT SRR31876600: 1 baits >= 0.7 ['ECBAIT_HOST_CONTROL_01']
  HIT SRR31876601: 1 baits >= 0.7 ['ECBAIT_HOST_CONTROL_01']
  HIT SRR31896175: 5 baits >= 0.7 ['ECBAIT_0_0000_INTERIOR_MODULE_01', 'ECBAIT_0_0000_JUNCTION_02', 'ECBAIT_0_0000_MEMBER_INTERIOR_01', 'ECBAIT_10_0057_MEMBER_INTERIOR_01']
  HIT SRR31896192: 5 baits >= 0.7 ['ECBAIT_0_0000_INTERIOR_MODULE_01', 'ECBAIT_0_0000_JUNCTION_02', 'ECBAIT_0_0000_MEMBER_INTERIOR_01', 'ECBAIT_10_0057_MEMBER_INTERIOR_01']
  HIT SRR31896181: 5 baits >= 0.7 ['ECBAIT_0_0000_INTERIOR_MODULE_01', 'ECBAIT_0_0000_JUNCTION_02', 'ECBAIT_0_0000_MEMBER_INTERIOR_01', 'ECBAIT_10_0057_MEMBER_INTERIOR_01']
  HIT SRR31896193: 2 baits >= 0.7 ['ECBAIT_10_0057_MEMBER_INTERIOR_01', 'ECBAIT_HOST_CONTROL_02']
  HIT SRR31896194: 2 baits >= 0.7 ['ECBAIT_10_0057_MEMBER_INTERIOR_01', 'ECBAIT_HOST_CONTROL_02']
  HIT SRR31896195: 2 baits >= 0.7 ['ECBAIT_10_0057_MEMBER_INTERIOR_01', 'ECBAIT_HOST_CONTROL_02']
  HIT SRR31896196: 2 baits >= 0.7 ['ECBAIT_10_0057_MEMBER_INTERIOR_01', 'ECBAIT_HOST_CONTROL_02']
  HIT SRR31896197: 2 baits >= 0.7 ['ECBAIT_10_0057_MEMBER_INTERIOR_01', 'ECBAIT_HOST_CONTROL_02']
  HIT SRR31896198: 5 baits >= 0.7 ['ECBAIT_0_0000_INTERIOR_MODULE_01', 'ECBAIT_0_0000_JUNCTION_02', 'ECBAIT_0_0000_MEMBER_INTERIOR_01', 'ECBAIT_10_0057_MEMBER_INTERIOR_01']
  HIT SRR31896199: 5 baits >= 0.7 ['ECBAIT_0_0000_INTERIOR_MODULE_01', 'ECBAIT_0_0000_JUNCTION_02', 'ECBAIT_0_0000_MEMBER_INTERIOR_01', 'ECBAIT_10_0057_MEMBER_INTERIOR_01']
  8800/12000 processed (8518 screened, 7147 hit-accessions) 2808s budget=15.0GB
  HIT SRR31896200: 5 baits >= 0.7 ['ECBAIT_0_0000_INTERIOR_MODULE_01', 'ECBAIT_0_0000_JUNCTION_02', 'ECBAIT_0_0000_MEMBER_INTERIOR_01', 'ECBAIT_10_0057_MEMBER_INTERIOR_01']
  HIT SRR31896201: 5 baits >= 0.7 ['ECBAIT_0_0000_INTERIOR_MODULE_01', 'ECBAIT_0_0000_JUNCTION_02', 'ECBAIT_0_0000_MEMBER_INTERIOR_01', 'ECBAIT_10_0057_MEMBER_INTERIOR_01']
  HIT SRR31896202: 6 baits >= 0.7 ['ECBAIT_0_0000_INTERIOR_MODULE_01', 'ECBAIT_0_0000_JUNCTION_02', 'ECBAIT_0_0000_MEMBER_INTERIOR_01', 'ECBAIT_10_0057_MEMBER_INTERIOR_01']
  HIT SRR31896230: 2 baits >= 0.7 ['ECBAIT_10_0057_MEMBER_INTERIOR_01', 'ECBAIT_HOST_CONTROL_02']
  HIT SRR31896231: 2 baits >= 0.7 ['ECBAIT_10_0057_MEMBER_INTERIOR_01', 'ECBAIT_HOST_CONTROL_02']
  HIT SRR31896232: 2 baits >= 0.7 ['ECBAIT_10_0057_MEMBER_INTERIOR_01', 'ECBAIT_HOST_CONTROL_02']
  HIT SRR31958547: 2 baits >= 0.7 ['ECBAIT_10_0057_MEMBER_INTERIOR_01', 'ECBAIT_HOST_CONTROL_01']
  HIT SRR31976423: 2 baits >= 0.7 ['ECBAIT_10_0057_MEMBER_INTERIOR_01', 'ECBAIT_HOST_CONTROL_01']
  HIT SRR32030088: 2 baits >= 0.7 ['ECBAIT_0_0067_MEMBER_INTERIOR_01', 'ECBAIT_HOST_CONTROL_01']
  HIT SRR32030092: 1 baits >= 0.7 ['ECBAIT_10_0002_MEMBER_INTERIOR_01']
  HIT SRR32030147: 5 baits >= 0.7 ['ECBAIT_0_0000_INTERIOR_MODULE_01', 'ECBAIT_0_0000_JUNCTION_02', 'ECBAIT_0_0000_MEMBER_INTERIOR_01', 'ECBAIT_10_0057_MEMBER_INTERIOR_01']
  HIT SRR32041517: 2 baits >= 0.7 ['ECBAIT_10_0057_MEMBER_INTERIOR_01', 'ECBAIT_10_0172_MEMBER_INTERIOR_01']
  8850/12000 processed (8559 screened, 7159 hit-accessions) 2819s budget=15.1GB
  HIT SRR32145672: 4 baits >= 0.7 ['ECBAIT_10_0002_MEMBER_INTERIOR_01', 'ECBAIT_10_0057_MEMBER_INTERIOR_01', 'ECBAIT_1_0026_JUNCTION_01', 'ECBAIT_HOST_CONTROL_01']
  HIT SRR3222296: 3 baits >= 0.7 ['ECBAIT_10_0002_JUNCTION_01', 'ECBAIT_10_0002_JUNCTION_02', 'ECBAIT_HOST_CONTROL_01']
  HIT SRR32224524: 2 baits >= 0.7 ['ECBAIT_10_0057_MEMBER_INTERIOR_01', 'ECBAIT_HOST_CONTROL_02']
  HIT SRR32224529: 2 baits >= 0.7 ['ECBAIT_10_0057_MEMBER_INTERIOR_01', 'ECBAIT_HOST_CONTROL_02']
  HIT SRR32224532: 2 baits >= 0.7 ['ECBAIT_10_0057_MEMBER_INTERIOR_01', 'ECBAIT_HOST_CONTROL_02']
  HIT SRR32224534: 2 baits >= 0.7 ['ECBAIT_10_0057_MEMBER_INTERIOR_01', 'ECBAIT_HOST_CONTROL_02']
  8900/12000 processed (8609 screened, 7165 hit-accessions) 2833s budget=15.1GB
  HIT SRR32224540: 2 baits >= 0.7 ['ECBAIT_10_0057_MEMBER_INTERIOR_01', 'ECBAIT_HOST_CONTROL_02']
  HIT SRR32224551: 2 baits >= 0.7 ['ECBAIT_10_0057_MEMBER_INTERIOR_01', 'ECBAIT_HOST_CONTROL_02']
  HIT SRR32224562: 2 baits >= 0.7 ['ECBAIT_10_0057_MEMBER_INTERIOR_01', 'ECBAIT_HOST_CONTROL_02']
  HIT SRR32224573: 2 baits >= 0.7 ['ECBAIT_10_0057_MEMBER_INTERIOR_01', 'ECBAIT_HOST_CONTROL_02']
  HIT SRR32224585: 2 baits >= 0.7 ['ECBAIT_10_0057_MEMBER_INTERIOR_01', 'ECBAIT_HOST_CONTROL_02']
  HIT SRR32224584: 2 baits >= 0.7 ['ECBAIT_10_0057_MEMBER_INTERIOR_01', 'ECBAIT_HOST_CONTROL_02']
  HIT SRR32362980: 1 baits >= 0.7 ['ECBAIT_0_0000_JUNCTION_02']
  HIT SRR32363019: 3 baits >= 0.7 ['ECBAIT_10_0057_MEMBER_INTERIOR_01', 'ECBAIT_10_0151_JUNCTION_03', 'ECBAIT_10_0172_MEMBER_INTERIOR_01']
  HIT SRR32363030: 2 baits >= 0.7 ['ECBAIT_10_0057_MEMBER_INTERIOR_01', 'ECBAIT_HOST_CONTROL_02']
  8950/12000 processed (8659 screened, 7174 hit-accessions) 2848s budget=15.1GB
  HIT SRR32363046: 2 baits >= 0.7 ['ECBAIT_10_0057_MEMBER_INTERIOR_01', 'ECBAIT_HOST_CONTROL_02']
  HIT SRR32363054: 3 baits >= 0.7 ['ECBAIT_0_0000_JUNCTION_02', 'ECBAIT_0_0000_MEMBER_INTERIOR_01', 'ECBAIT_10_0057_MEMBER_INTERIOR_01']
  HIT SRR32363064: 6 baits >= 0.7 ['ECBAIT_0_0000_JUNCTION_02', 'ECBAIT_0_0000_MEMBER_INTERIOR_01', 'ECBAIT_0_0046_JUNCTION_02', 'ECBAIT_10_0057_MEMBER_INTERIOR_01']
  HIT SRR32363065: 4 baits >= 0.7 ['ECBAIT_0_0000_JUNCTION_02', 'ECBAIT_0_0000_MEMBER_INTERIOR_01', 'ECBAIT_10_0057_MEMBER_INTERIOR_01', 'ECBAIT_HOST_CONTROL_02']
  HIT SRR32363069: 5 baits >= 0.7 ['ECBAIT_0_0000_JUNCTION_02', 'ECBAIT_0_0000_MEMBER_INTERIOR_01', 'ECBAIT_10_0057_MEMBER_INTERIOR_01', 'ECBAIT_10_0172_MEMBER_INTERIOR_01']
  HIT SRR32363077: 3 baits >= 0.7 ['ECBAIT_0_0000_MEMBER_INTERIOR_01', 'ECBAIT_10_0057_MEMBER_INTERIOR_01', 'ECBAIT_HOST_CONTROL_02']
  HIT SRR32363079: 3 baits >= 0.7 ['ECBAIT_0_0000_JUNCTION_02', 'ECBAIT_10_0057_MEMBER_INTERIOR_01', 'ECBAIT_HOST_CONTROL_02']
  HIT SRR32363081: 5 baits >= 0.7 ['ECBAIT_0_0000_JUNCTION_02', 'ECBAIT_10_0002_JUNCTION_01', 'ECBAIT_10_0057_MEMBER_INTERIOR_01', 'ECBAIT_1_0004_JUNCTION_02']
  HIT SRR32363101: 1 baits >= 0.7 ['ECBAIT_10_0057_MEMBER_INTERIOR_01']
  HIT SRR32363105: 1 baits >= 0.7 ['ECBAIT_10_0057_MEMBER_INTERIOR_01']
  HIT SRR32363106: 1 baits >= 0.7 ['ECBAIT_10_0057_MEMBER_INTERIOR_01']
  HIT SRR32363117: 1 baits >= 0.7 ['ECBAIT_HOST_CONTROL_02']
  HIT SRR32363161: 1 baits >= 0.7 ['ECBAIT_10_0057_MEMBER_INTERIOR_01']
  HIT SRR32363169: 1 baits >= 0.7 ['ECBAIT_10_0057_MEMBER_INTERIOR_01']
  HIT SRR32363178: 1 baits >= 0.7 ['ECBAIT_10_0057_MEMBER_INTERIOR_01']
  HIT SRR32363193: 1 baits >= 0.7 ['ECBAIT_10_0057_MEMBER_INTERIOR_01']
  HIT SRR32363209: 2 baits >= 0.7 ['ECBAIT_10_0002_MEMBER_INTERIOR_01', 'ECBAIT_10_0057_MEMBER_INTERIOR_01']
  HIT SRR32363212: 4 baits >= 0.7 ['ECBAIT_0_0000_MEMBER_INTERIOR_01', 'ECBAIT_0_0052_JUNCTION_03', 'ECBAIT_0_0054_MEMBER_INTERIOR_01', 'ECBAIT_10_0057_MEMBER_INTERIOR_01']
  HIT SRR32363211: 4 baits >= 0.7 ['ECBAIT_0_0000_MEMBER_INTERIOR_01', 'ECBAIT_0_0052_JUNCTION_03', 'ECBAIT_0_0054_MEMBER_INTERIOR_01', 'ECBAIT_10_0057_MEMBER_INTERIOR_01']
  HIT SRR32363226: 3 baits >= 0.7 ['ECBAIT_10_0057_MEMBER_INTERIOR_01', 'ECBAIT_10_0172_MEMBER_INTERIOR_01', 'ECBAIT_HOST_CONTROL_01']
  HIT SRR32363240: 1 baits >= 0.7 ['ECBAIT_10_0057_MEMBER_INTERIOR_01']
  HIT SRR32363237: 1 baits >= 0.7 ['ECBAIT_10_0057_MEMBER_INTERIOR_01']
  HIT SRR32363242: 1 baits >= 0.7 ['ECBAIT_10_0057_MEMBER_INTERIOR_01']
  HIT SRR32363249: 1 baits >= 0.7 ['ECBAIT_HOST_CONTROL_02']
  HIT SRR32363256: 4 baits >= 0.7 ['ECBAIT_0_0054_MEMBER_INTERIOR_01', 'ECBAIT_10_0057_MEMBER_INTERIOR_01', 'ECBAIT_10_0172_MEMBER_INTERIOR_01', 'ECBAIT_HOST_CONTROL_02']
  HIT SRR32363258: 5 baits >= 0.7 ['ECBAIT_0_0054_MEMBER_INTERIOR_01', 'ECBAIT_10_0057_MEMBER_INTERIOR_01', 'ECBAIT_10_0172_MEMBER_INTERIOR_01', 'ECBAIT_1_0004_JUNCTION_02']
  HIT SRR32363292: 3 baits >= 0.7 ['ECBAIT_0_0000_JUNCTION_02', 'ECBAIT_10_0002_JUNCTION_01', 'ECBAIT_10_0057_MEMBER_INTERIOR_01']
  HIT SRR32363298: 4 baits >= 0.7 ['ECBAIT_0_0000_JUNCTION_02', 'ECBAIT_0_0000_MEMBER_INTERIOR_01', 'ECBAIT_0_0052_JUNCTION_01', 'ECBAIT_HOST_CONTROL_02']
  HIT SRR32363305: 1 baits >= 0.7 ['ECBAIT_10_0057_MEMBER_INTERIOR_01']
  HIT SRR32363315: 6 baits >= 0.7 ['ECBAIT_0_0046_MEMBER_INTERIOR_01', 'ECBAIT_10_0057_MEMBER_INTERIOR_01', 'ECBAIT_1_0022_JUNCTION_02', 'ECBAIT_1_0022_JUNCTION_03']
  HIT SRR32363320: 4 baits >= 0.7 ['ECBAIT_0_0052_JUNCTION_03', 'ECBAIT_10_0057_MEMBER_INTERIOR_01', 'ECBAIT_1_0004_MEMBER_INTERIOR_01', 'ECBAIT_HOST_CONTROL_02']
  HIT SRR32363329: 3 baits >= 0.7 ['ECBAIT_10_0002_MEMBER_INTERIOR_01', 'ECBAIT_10_0057_MEMBER_INTERIOR_01', 'ECBAIT_10_0172_MEMBER_INTERIOR_01']
  HIT SRR32363337: 2 baits >= 0.7 ['ECBAIT_10_0057_MEMBER_INTERIOR_01', 'ECBAIT_HOST_CONTROL_02']
  HIT SRR32363346: 5 baits >= 0.7 ['ECBAIT_0_0000_INTERIOR_MODULE_01', 'ECBAIT_0_0000_JUNCTION_02', 'ECBAIT_0_0000_MEMBER_INTERIOR_01', 'ECBAIT_10_0057_MEMBER_INTERIOR_01']
  HIT SRR32363402: 1 baits >= 0.7 ['ECBAIT_HOST_CONTROL_01']
  HIT SRR32363408: 1 baits >= 0.7 ['ECBAIT_HOST_CONTROL_02']
  HIT SRR32363411: 3 baits >= 0.7 ['ECBAIT_0_0052_JUNCTION_03', 'ECBAIT_10_0057_MEMBER_INTERIOR_01', 'ECBAIT_HOST_CONTROL_02']
  HIT SRR32363414: 5 baits >= 0.7 ['ECBAIT_0_0000_INTERIOR_MODULE_01', 'ECBAIT_0_0000_JUNCTION_02', 'ECBAIT_0_0000_MEMBER_INTERIOR_01', 'ECBAIT_10_0057_MEMBER_INTERIOR_01']
  HIT SRR32363420: 5 baits >= 0.7 ['ECBAIT_0_0000_INTERIOR_MODULE_01', 'ECBAIT_0_0000_JUNCTION_02', 'ECBAIT_0_0000_MEMBER_INTERIOR_01', 'ECBAIT_10_0057_MEMBER_INTERIOR_01']
  HIT SRR32363442: 5 baits >= 0.7 ['ECBAIT_0_0000_INTERIOR_MODULE_01', 'ECBAIT_0_0000_JUNCTION_02', 'ECBAIT_0_0000_MEMBER_INTERIOR_01', 'ECBAIT_10_0057_MEMBER_INTERIOR_01']
  HIT SRR32363427: 4 baits >= 0.7 ['ECBAIT_0_0000_JUNCTION_02', 'ECBAIT_0_0000_MEMBER_INTERIOR_01', 'ECBAIT_10_0057_MEMBER_INTERIOR_01', 'ECBAIT_HOST_CONTROL_02']
  HIT SRR32363444: 2 baits >= 0.7 ['ECBAIT_10_0151_MEMBER_INTERIOR_01', 'ECBAIT_1_0004_JUNCTION_01']
  HIT SRR32363453: 6 baits >= 0.7 ['ECBAIT_0_0000_INTERIOR_MODULE_01', 'ECBAIT_0_0000_JUNCTION_02', 'ECBAIT_0_0000_MEMBER_INTERIOR_01', 'ECBAIT_0_0052_JUNCTION_03']
  9000/12000 processed (8709 screened, 7217 hit-accessions) 2865s budget=15.2GB
  HIT SRR32363460: 6 baits >= 0.7 ['ECBAIT_0_0000_JUNCTION_02', 'ECBAIT_0_0000_MEMBER_INTERIOR_01', 'ECBAIT_0_0052_JUNCTION_03', 'ECBAIT_0_0054_MEMBER_INTERIOR_01']
  HIT SRR32363450: 5 baits >= 0.7 ['ECBAIT_0_0000_JUNCTION_02', 'ECBAIT_0_0000_MEMBER_INTERIOR_01', 'ECBAIT_10_0057_MEMBER_INTERIOR_01', 'ECBAIT_10_0172_MEMBER_INTERIOR_01']
  HIT SRR32363462: 7 baits >= 0.7 ['ECBAIT_0_0000_JUNCTION_02', 'ECBAIT_0_0000_MEMBER_INTERIOR_01', 'ECBAIT_0_0014_JUNCTION_02', 'ECBAIT_0_0014_MEMBER_INTERIOR_01']
  HIT SRR32363467: 1 baits >= 0.7 ['ECBAIT_10_0057_MEMBER_INTERIOR_01']
  HIT SRR32418916: 1 baits >= 0.7 ['ECBAIT_10_0057_MEMBER_INTERIOR_01']
  HIT SRR32363468: 1 baits >= 0.7 ['ECBAIT_10_0057_MEMBER_INTERIOR_01']
  HIT SRR3242018: 4 baits >= 0.7 ['ECBAIT_10_0002_JUNCTION_01', 'ECBAIT_10_0002_JUNCTION_02', 'ECBAIT_10_0002_MEMBER_INTERIOR_01', 'ECBAIT_10_0057_MEMBER_INTERIOR_01']
  HIT SRR32476177: 4 baits >= 0.7 ['ECBAIT_10_0002_MEMBER_INTERIOR_01', 'ECBAIT_10_0057_MEMBER_INTERIOR_01', 'ECBAIT_10_0151_MEMBER_INTERIOR_01', 'ECBAIT_10_0172_MEMBER_INTERIOR_01']
  HIT SRR32476178: 3 baits >= 0.7 ['ECBAIT_10_0057_INTERIOR_MODULE_01', 'ECBAIT_10_0057_JUNCTION_03', 'ECBAIT_HOST_CONTROL_01']
  HIT SRR32476180: 1 baits >= 0.7 ['ECBAIT_10_0057_MEMBER_INTERIOR_01']
  HIT SRR32478465: 2 baits >= 0.7 ['ECBAIT_10_0002_MEMBER_INTERIOR_01', 'ECBAIT_10_0057_MEMBER_INTERIOR_01']
  HIT SRR32478464: 2 baits >= 0.7 ['ECBAIT_10_0002_MEMBER_INTERIOR_01', 'ECBAIT_10_0057_MEMBER_INTERIOR_01']
  HIT SRR32476181: 3 baits >= 0.7 ['ECBAIT_0_0000_MEMBER_INTERIOR_01', 'ECBAIT_0_0052_INTERIOR_MODULE_01', 'ECBAIT_10_0057_MEMBER_INTERIOR_01']
  HIT SRR32478483: 1 baits >= 0.7 ['ECBAIT_10_0057_MEMBER_INTERIOR_01']
  HIT SRR32478486: 2 baits >= 0.7 ['ECBAIT_10_0057_MEMBER_INTERIOR_01', 'ECBAIT_10_0172_MEMBER_INTERIOR_01']
  HIT SRR32478487: 2 baits >= 0.7 ['ECBAIT_10_0057_MEMBER_INTERIOR_01', 'ECBAIT_10_0172_MEMBER_INTERIOR_01']
  HIT SRR32478492: 2 baits >= 0.7 ['ECBAIT_10_0002_MEMBER_INTERIOR_01', 'ECBAIT_10_0057_MEMBER_INTERIOR_01']
  HIT SRR32478489: 4 baits >= 0.7 ['ECBAIT_10_0002_JUNCTION_01', 'ECBAIT_10_0002_JUNCTION_02', 'ECBAIT_10_0002_MEMBER_INTERIOR_01', 'ECBAIT_10_0057_MEMBER_INTERIOR_01']
  HIT SRR32478488: 3 baits >= 0.7 ['ECBAIT_10_0002_MEMBER_INTERIOR_01', 'ECBAIT_10_0057_MEMBER_INTERIOR_01', 'ECBAIT_10_0172_MEMBER_INTERIOR_01']
  HIT SRR32478506: 2 baits >= 0.7 ['ECBAIT_10_0002_MEMBER_INTERIOR_01', 'ECBAIT_10_0057_MEMBER_INTERIOR_01']
  HIT SRR32478507: 2 baits >= 0.7 ['ECBAIT_0_0000_JUNCTION_02', 'ECBAIT_10_0057_MEMBER_INTERIOR_01']
  HIT SRR32478523: 3 baits >= 0.7 ['ECBAIT_0_0091_JUNCTION_02', 'ECBAIT_0_0091_MEMBER_INTERIOR_01', 'ECBAIT_10_0057_MEMBER_INTERIOR_01']
  HIT SRR32478560: 1 baits >= 0.7 ['ECBAIT_0_0067_MEMBER_INTERIOR_01']
  HIT SRR32478561: 2 baits >= 0.7 ['ECBAIT_10_0057_MEMBER_INTERIOR_01', 'ECBAIT_10_0172_MEMBER_INTERIOR_01']
  HIT SRR32478585: 4 baits >= 0.7 ['ECBAIT_10_0002_JUNCTION_01', 'ECBAIT_10_0002_JUNCTION_02', 'ECBAIT_10_0002_MEMBER_INTERIOR_01', 'ECBAIT_10_0057_MEMBER_INTERIOR_01']
  HIT SRR32478588: 2 baits >= 0.7 ['ECBAIT_10_0002_MEMBER_INTERIOR_01', 'ECBAIT_10_0057_MEMBER_INTERIOR_01']
  HIT SRR32478587: 4 baits >= 0.7 ['ECBAIT_0_0046_MEMBER_INTERIOR_01', 'ECBAIT_10_0057_MEMBER_INTERIOR_01', 'ECBAIT_10_0172_MEMBER_INTERIOR_01', 'ECBAIT_HOST_CONTROL_02']
  HIT SRR32478589: 2 baits >= 0.7 ['ECBAIT_10_0002_MEMBER_INTERIOR_01', 'ECBAIT_10_0057_MEMBER_INTERIOR_01']
  HIT SRR32478590: 2 baits >= 0.7 ['ECBAIT_10_0057_MEMBER_INTERIOR_01', 'ECBAIT_10_0172_MEMBER_INTERIOR_01']
  HIT SRR32478592: 3 baits >= 0.7 ['ECBAIT_10_0002_MEMBER_INTERIOR_01', 'ECBAIT_10_0057_MEMBER_INTERIOR_01', 'ECBAIT_10_0172_MEMBER_INTERIOR_01']
  9050/12000 processed (8759 screened, 7247 hit-accessions) 2881s budget=15.3GB
  HIT SRR32515354: 1 baits >= 0.7 ['ECBAIT_10_0057_MEMBER_INTERIOR_01']
  HIT SRR32515360: 2 baits >= 0.7 ['ECBAIT_10_0057_MEMBER_INTERIOR_01', 'ECBAIT_HOST_CONTROL_01']
  HIT SRR32681166: 1 baits >= 0.7 ['ECBAIT_HOST_CONTROL_01']
  HIT SRR32681167: 1 baits >= 0.7 ['ECBAIT_HOST_CONTROL_01']
  HIT SRR32681169: 1 baits >= 0.7 ['ECBAIT_HOST_CONTROL_01']
  HIT SRR32681168: 1 baits >= 0.7 ['ECBAIT_HOST_CONTROL_01']
  9100/12000 processed (8809 screened, 7253 hit-accessions) 2897s budget=15.4GB
  HIT SRR32681170: 1 baits >= 0.7 ['ECBAIT_HOST_CONTROL_01']
  HIT SRR32681171: 1 baits >= 0.7 ['ECBAIT_HOST_CONTROL_01']
  HIT SRR32681172: 1 baits >= 0.7 ['ECBAIT_HOST_CONTROL_01']
  HIT SRR32681173: 1 baits >= 0.7 ['ECBAIT_HOST_CONTROL_01']
  HIT SRR32681174: 1 baits >= 0.7 ['ECBAIT_HOST_CONTROL_01']
  HIT SRR32681175: 1 baits >= 0.7 ['ECBAIT_HOST_CONTROL_01']
  HIT SRR32681176: 1 baits >= 0.7 ['ECBAIT_HOST_CONTROL_01']
  HIT SRR32681177: 1 baits >= 0.7 ['ECBAIT_HOST_CONTROL_01']
  HIT SRR32681178: 1 baits >= 0.7 ['ECBAIT_HOST_CONTROL_01']
  HIT SRR32681179: 1 baits >= 0.7 ['ECBAIT_HOST_CONTROL_01']
  HIT SRR32681180: 1 baits >= 0.7 ['ECBAIT_HOST_CONTROL_01']
  HIT SRR32681181: 1 baits >= 0.7 ['ECBAIT_HOST_CONTROL_01']
  HIT SRR32681182: 1 baits >= 0.7 ['ECBAIT_HOST_CONTROL_01']
  HIT SRR32681183: 1 baits >= 0.7 ['ECBAIT_HOST_CONTROL_01']
  HIT SRR32681184: 1 baits >= 0.7 ['ECBAIT_HOST_CONTROL_01']
  HIT SRR32681185: 1 baits >= 0.7 ['ECBAIT_HOST_CONTROL_01']
  HIT SRR32681186: 1 baits >= 0.7 ['ECBAIT_HOST_CONTROL_01']
  HIT SRR32681187: 1 baits >= 0.7 ['ECBAIT_HOST_CONTROL_01']
  HIT SRR32681188: 1 baits >= 0.7 ['ECBAIT_HOST_CONTROL_01']
  HIT SRR32681189: 1 baits >= 0.7 ['ECBAIT_HOST_CONTROL_01']
  HIT SRR32681190: 1 baits >= 0.7 ['ECBAIT_HOST_CONTROL_01']
  HIT SRR32681192: 1 baits >= 0.7 ['ECBAIT_HOST_CONTROL_01']
  HIT SRR32681193: 1 baits >= 0.7 ['ECBAIT_HOST_CONTROL_01']
  HIT SRR32681191: 1 baits >= 0.7 ['ECBAIT_HOST_CONTROL_01']
  HIT SRR32681194: 1 baits >= 0.7 ['ECBAIT_HOST_CONTROL_01']
  HIT SRR32681195: 1 baits >= 0.7 ['ECBAIT_HOST_CONTROL_01']
  HIT SRR32684272: 1 baits >= 0.7 ['ECBAIT_10_0057_MEMBER_INTERIOR_01']
  HIT SRR32688184: 2 baits >= 0.7 ['ECBAIT_10_0057_MEMBER_INTERIOR_01', 'ECBAIT_HOST_CONTROL_02']
  HIT SRR32688188: 1 baits >= 0.7 ['ECBAIT_10_0057_MEMBER_INTERIOR_01']
  HIT SRR32688191: 5 baits >= 0.7 ['ECBAIT_0_0046_MEMBER_INTERIOR_01', 'ECBAIT_10_0057_MEMBER_INTERIOR_01', 'ECBAIT_1_0022_JUNCTION_02', 'ECBAIT_1_0022_JUNCTION_03']
  HIT SRR32887913: 1 baits >= 0.7 ['ECBAIT_10_0057_MEMBER_INTERIOR_01']
  HIT SRR32887916: 1 baits >= 0.7 ['ECBAIT_10_0057_MEMBER_INTERIOR_01']
  9150/12000 processed (8842 screened, 7285 hit-accessions) 2909s budget=15.5GB
  HIT SRR32887917: 5 baits >= 0.7 ['ECBAIT_0_0000_JUNCTION_02', 'ECBAIT_10_0002_MEMBER_INTERIOR_01', 'ECBAIT_10_0057_MEMBER_INTERIOR_01', 'ECBAIT_1_0004_JUNCTION_02']
  HIT SRR3290650: 2 baits >= 0.7 ['ECBAIT_10_0057_MEMBER_INTERIOR_01', 'ECBAIT_10_0172_MEMBER_INTERIOR_01']
  HIT SRR32956175: 1 baits >= 0.7 ['ECBAIT_HOST_CONTROL_01']
  HIT SRR32973290: 1 baits >= 0.7 ['ECBAIT_HOST_CONTROL_01']
  HIT SRR32973289: 1 baits >= 0.7 ['ECBAIT_HOST_CONTROL_01']
  HIT SRR32973291: 1 baits >= 0.7 ['ECBAIT_HOST_CONTROL_01']
  HIT SRR32973293: 1 baits >= 0.7 ['ECBAIT_HOST_CONTROL_01']
  HIT SRR32973292: 1 baits >= 0.7 ['ECBAIT_HOST_CONTROL_01']
  HIT SRR32973294: 1 baits >= 0.7 ['ECBAIT_HOST_CONTROL_01']
  HIT SRR32973295: 1 baits >= 0.7 ['ECBAIT_HOST_CONTROL_01']
  HIT SRR32973296: 1 baits >= 0.7 ['ECBAIT_HOST_CONTROL_01']
  HIT SRR32973297: 1 baits >= 0.7 ['ECBAIT_HOST_CONTROL_01']
  HIT SRR32973298: 1 baits >= 0.7 ['ECBAIT_HOST_CONTROL_01']
  HIT SRR32973299: 1 baits >= 0.7 ['ECBAIT_HOST_CONTROL_01']
  HIT SRR32973300: 1 baits >= 0.7 ['ECBAIT_HOST_CONTROL_01']
  9200/12000 processed (8858 screened, 7300 hit-accessions) 2915s budget=15.5GB
  HIT SRR32973301: 1 baits >= 0.7 ['ECBAIT_HOST_CONTROL_01']
  HIT SRR32973302: 1 baits >= 0.7 ['ECBAIT_HOST_CONTROL_01']
  HIT SRR32973303: 1 baits >= 0.7 ['ECBAIT_HOST_CONTROL_01']
  HIT SRR32973305: 1 baits >= 0.7 ['ECBAIT_HOST_CONTROL_01']
  HIT SRR32973304: 1 baits >= 0.7 ['ECBAIT_HOST_CONTROL_01']
  HIT SRR32973306: 1 baits >= 0.7 ['ECBAIT_HOST_CONTROL_01']
  HIT SRR32973308: 1 baits >= 0.7 ['ECBAIT_HOST_CONTROL_01']
  HIT SRR32973309: 1 baits >= 0.7 ['ECBAIT_HOST_CONTROL_01']
  HIT SRR32973307: 1 baits >= 0.7 ['ECBAIT_HOST_CONTROL_01']
  HIT SRR32973310: 1 baits >= 0.7 ['ECBAIT_HOST_CONTROL_01']
  HIT SRR32973312: 1 baits >= 0.7 ['ECBAIT_HOST_CONTROL_01']
  HIT SRR32973313: 1 baits >= 0.7 ['ECBAIT_HOST_CONTROL_01']
  HIT SRR32973311: 1 baits >= 0.7 ['ECBAIT_HOST_CONTROL_01']
  HIT SRR32973314: 1 baits >= 0.7 ['ECBAIT_HOST_CONTROL_01']
  HIT SRR32973315: 1 baits >= 0.7 ['ECBAIT_HOST_CONTROL_01']
  HIT SRR32973317: 1 baits >= 0.7 ['ECBAIT_HOST_CONTROL_01']
  HIT SRR32973316: 1 baits >= 0.7 ['ECBAIT_HOST_CONTROL_01']
  HIT SRR32973318: 1 baits >= 0.7 ['ECBAIT_HOST_CONTROL_01']
  HIT SRR32973320: 1 baits >= 0.7 ['ECBAIT_HOST_CONTROL_01']
  HIT SRR32973319: 1 baits >= 0.7 ['ECBAIT_HOST_CONTROL_01']
  HIT SRR32973321: 1 baits >= 0.7 ['ECBAIT_HOST_CONTROL_01']
  HIT SRR32973322: 1 baits >= 0.7 ['ECBAIT_HOST_CONTROL_01']
  HIT SRR32973324: 1 baits >= 0.7 ['ECBAIT_HOST_CONTROL_01']
  HIT SRR32973323: 1 baits >= 0.7 ['ECBAIT_HOST_CONTROL_01']
  HIT SRR32973325: 1 baits >= 0.7 ['ECBAIT_HOST_CONTROL_01']
  HIT SRR32973326: 1 baits >= 0.7 ['ECBAIT_HOST_CONTROL_01']
  HIT SRR32973327: 1 baits >= 0.7 ['ECBAIT_HOST_CONTROL_01']
  HIT SRR32973328: 1 baits >= 0.7 ['ECBAIT_HOST_CONTROL_01']
  HIT SRR32973329: 1 baits >= 0.7 ['ECBAIT_HOST_CONTROL_01']
  HIT SRR32973330: 1 baits >= 0.7 ['ECBAIT_HOST_CONTROL_01']
  HIT SRR32973331: 1 baits >= 0.7 ['ECBAIT_HOST_CONTROL_01']
  HIT SRR32973332: 1 baits >= 0.7 ['ECBAIT_HOST_CONTROL_01']
  HIT SRR32973333: 1 baits >= 0.7 ['ECBAIT_HOST_CONTROL_01']
  HIT SRR32973334: 1 baits >= 0.7 ['ECBAIT_HOST_CONTROL_01']
  HIT SRR32973335: 1 baits >= 0.7 ['ECBAIT_HOST_CONTROL_01']
  HIT SRR32973337: 1 baits >= 0.7 ['ECBAIT_HOST_CONTROL_01']
  HIT SRR32973336: 1 baits >= 0.7 ['ECBAIT_HOST_CONTROL_01']
  HIT SRR32973338: 1 baits >= 0.7 ['ECBAIT_HOST_CONTROL_01']
  HIT SRR33014975: 2 baits >= 0.7 ['ECBAIT_10_0002_MEMBER_INTERIOR_01', 'ECBAIT_10_0057_MEMBER_INTERIOR_01']
  HIT SRR33014977: 2 baits >= 0.7 ['ECBAIT_10_0002_MEMBER_INTERIOR_01', 'ECBAIT_10_0057_MEMBER_INTERIOR_01']
  HIT SRR33014978: 3 baits >= 0.7 ['ECBAIT_10_0002_MEMBER_INTERIOR_01', 'ECBAIT_10_0057_MEMBER_INTERIOR_01', 'ECBAIT_10_0172_MEMBER_INTERIOR_01']
  HIT SRR33037180: 2 baits >= 0.7 ['ECBAIT_10_0002_MEMBER_INTERIOR_01', 'ECBAIT_10_0057_MEMBER_INTERIOR_01']
  HIT SRR33037181: 2 baits >= 0.7 ['ECBAIT_10_0002_MEMBER_INTERIOR_01', 'ECBAIT_10_0057_MEMBER_INTERIOR_01']
  HIT SRR33037182: 2 baits >= 0.7 ['ECBAIT_10_0002_MEMBER_INTERIOR_01', 'ECBAIT_10_0057_MEMBER_INTERIOR_01']
  HIT SRR33037183: 2 baits >= 0.7 ['ECBAIT_10_0002_MEMBER_INTERIOR_01', 'ECBAIT_10_0057_MEMBER_INTERIOR_01']
  HIT SRR33037186: 2 baits >= 0.7 ['ECBAIT_10_0002_MEMBER_INTERIOR_01', 'ECBAIT_10_0057_MEMBER_INTERIOR_01']
  9250/12000 processed (8904 screened, 7346 hit-accessions) 2929s budget=15.6GB
  9300/12000 processed (8904 screened, 7346 hit-accessions) 2930s budget=15.6GB
  HIT SRR33296605: 6 baits >= 0.7 ['ECBAIT_0_0000_INTERIOR_MODULE_01', 'ECBAIT_0_0000_JUNCTION_02', 'ECBAIT_0_0000_MEMBER_INTERIOR_01', 'ECBAIT_10_0057_MEMBER_INTERIOR_01']
  HIT SRR33296615: 6 baits >= 0.7 ['ECBAIT_0_0000_INTERIOR_MODULE_01', 'ECBAIT_0_0000_JUNCTION_02', 'ECBAIT_0_0000_MEMBER_INTERIOR_01', 'ECBAIT_10_0057_MEMBER_INTERIOR_01']
  HIT SRR33296614: 5 baits >= 0.7 ['ECBAIT_0_0000_INTERIOR_MODULE_01', 'ECBAIT_0_0000_JUNCTION_02', 'ECBAIT_0_0000_MEMBER_INTERIOR_01', 'ECBAIT_10_0057_MEMBER_INTERIOR_01']
  HIT SRR33346696: 1 baits >= 0.7 ['ECBAIT_10_0002_JUNCTION_01']
  HIT SRR33318670: 1 baits >= 0.7 ['ECBAIT_HOST_CONTROL_02']
  HIT SRR33346697: 2 baits >= 0.7 ['ECBAIT_1_0004_JUNCTION_01', 'ECBAIT_HOST_CONTROL_01']
  HIT SRR33346698: 3 baits >= 0.7 ['ECBAIT_10_0002_JUNCTION_01', 'ECBAIT_10_0002_JUNCTION_02', 'ECBAIT_10_0002_MEMBER_INTERIOR_01']
  HIT SRR33346702: 2 baits >= 0.7 ['ECBAIT_10_0002_MEMBER_INTERIOR_01', 'ECBAIT_10_0057_MEMBER_INTERIOR_01']
  HIT SRR33346712: 3 baits >= 0.7 ['ECBAIT_0_0052_JUNCTION_01', 'ECBAIT_0_0052_JUNCTION_03', 'ECBAIT_10_0057_MEMBER_INTERIOR_01']
  HIT SRR33346707: 1 baits >= 0.7 ['ECBAIT_HOST_CONTROL_01']
  HIT SRR33346710: 3 baits >= 0.7 ['ECBAIT_10_0002_JUNCTION_01', 'ECBAIT_10_0057_MEMBER_INTERIOR_01', 'ECBAIT_HOST_CONTROL_01']
  HIT SRR33346713: 3 baits >= 0.7 ['ECBAIT_10_0057_MEMBER_INTERIOR_01', 'ECBAIT_10_0172_MEMBER_INTERIOR_01', 'ECBAIT_HOST_CONTROL_01']
  HIT SRR33346716: 2 baits >= 0.7 ['ECBAIT_10_0057_MEMBER_INTERIOR_01', 'ECBAIT_HOST_CONTROL_02']
  HIT SRR33346714: 1 baits >= 0.7 ['ECBAIT_10_0057_MEMBER_INTERIOR_01']
  HIT SRR33346717: 1 baits >= 0.7 ['ECBAIT_10_0057_MEMBER_INTERIOR_01']
  HIT SRR33346718: 1 baits >= 0.7 ['ECBAIT_10_0057_MEMBER_INTERIOR_01']
  HIT SRR33366299: 3 baits >= 0.7 ['ECBAIT_10_0057_MEMBER_INTERIOR_01', 'ECBAIT_10_0151_JUNCTION_03', 'ECBAIT_10_0172_MEMBER_INTERIOR_01']
  HIT SRR33366301: 2 baits >= 0.7 ['ECBAIT_10_0002_MEMBER_INTERIOR_01', 'ECBAIT_10_0057_MEMBER_INTERIOR_01']
  HIT SRR33366297: 4 baits >= 0.7 ['ECBAIT_10_0002_JUNCTION_01', 'ECBAIT_10_0002_JUNCTION_02', 'ECBAIT_10_0002_MEMBER_INTERIOR_01', 'ECBAIT_10_0057_MEMBER_INTERIOR_01']
  HIT SRR33366306: 1 baits >= 0.7 ['ECBAIT_HOST_CONTROL_01']
  HIT SRR33366312: 3 baits >= 0.7 ['ECBAIT_10_0057_MEMBER_INTERIOR_01', 'ECBAIT_10_0172_MEMBER_INTERIOR_01', 'ECBAIT_HOST_CONTROL_01']
  HIT SRR33366309: 3 baits >= 0.7 ['ECBAIT_10_0002_JUNCTION_01', 'ECBAIT_10_0057_MEMBER_INTERIOR_01', 'ECBAIT_HOST_CONTROL_01']
  HIT SRR33366307: 3 baits >= 0.7 ['ECBAIT_10_0002_JUNCTION_01', 'ECBAIT_10_0002_JUNCTION_02', 'ECBAIT_10_0057_MEMBER_INTERIOR_01']
  HIT SRR33366313: 1 baits >= 0.7 ['ECBAIT_10_0057_MEMBER_INTERIOR_01']
  HIT SRR33366315: 2 baits >= 0.7 ['ECBAIT_10_0057_MEMBER_INTERIOR_01', 'ECBAIT_HOST_CONTROL_02']
  HIT SRR33366317: 2 baits >= 0.7 ['ECBAIT_10_0057_MEMBER_INTERIOR_01', 'ECBAIT_10_0172_MEMBER_INTERIOR_01']
  HIT SRR33366318: 1 baits >= 0.7 ['ECBAIT_10_0057_MEMBER_INTERIOR_01']
  HIT SRR33366321: 1 baits >= 0.7 ['ECBAIT_10_0057_MEMBER_INTERIOR_01']
  HIT SRR33366319: 2 baits >= 0.7 ['ECBAIT_0_0000_MEMBER_INTERIOR_01', 'ECBAIT_10_0057_MEMBER_INTERIOR_01']
  HIT SRR33447000: 2 baits >= 0.7 ['ECBAIT_0_0000_JUNCTION_02', 'ECBAIT_10_0057_MEMBER_INTERIOR_01']
  HIT SRR33579645: 1 baits >= 0.7 ['ECBAIT_HOST_CONTROL_01']
  HIT SRR33579646: 1 baits >= 0.7 ['ECBAIT_HOST_CONTROL_01']
  HIT SRR33579647: 1 baits >= 0.7 ['ECBAIT_HOST_CONTROL_01']
  HIT SRR33579648: 1 baits >= 0.7 ['ECBAIT_HOST_CONTROL_01']
  9350/12000 processed (8948 screened, 7380 hit-accessions) 2945s budget=15.7GB
  HIT SRR33579649: 1 baits >= 0.7 ['ECBAIT_HOST_CONTROL_01']
  HIT SRR33666351: 3 baits >= 0.7 ['ECBAIT_10_0002_JUNCTION_01', 'ECBAIT_10_0002_JUNCTION_02', 'ECBAIT_HOST_CONTROL_01']
  HIT SRR33666360: 3 baits >= 0.7 ['ECBAIT_10_0002_JUNCTION_01', 'ECBAIT_10_0002_JUNCTION_02', 'ECBAIT_HOST_CONTROL_01']
  HIT SRR33666352: 3 baits >= 0.7 ['ECBAIT_10_0057_MEMBER_INTERIOR_01', 'ECBAIT_10_0172_MEMBER_INTERIOR_01', 'ECBAIT_HOST_CONTROL_02']
  HIT SRR33679768: 3 baits >= 0.7 ['ECBAIT_10_0002_JUNCTION_01', 'ECBAIT_10_0002_JUNCTION_02', 'ECBAIT_HOST_CONTROL_01']
  HIT SRR33679769: 3 baits >= 0.7 ['ECBAIT_10_0002_JUNCTION_01', 'ECBAIT_10_0002_JUNCTION_02', 'ECBAIT_HOST_CONTROL_01']
  HIT SRR33679771: 2 baits >= 0.7 ['ECBAIT_10_0057_MEMBER_INTERIOR_01', 'ECBAIT_HOST_CONTROL_01']
  HIT SRR33679770: 4 baits >= 0.7 ['ECBAIT_10_0002_JUNCTION_01', 'ECBAIT_10_0002_JUNCTION_02', 'ECBAIT_10_0057_MEMBER_INTERIOR_01', 'ECBAIT_HOST_CONTROL_01']
  HIT SRR33679772: 2 baits >= 0.7 ['ECBAIT_10_0057_MEMBER_INTERIOR_01', 'ECBAIT_HOST_CONTROL_01']
  HIT SRR33679773: 4 baits >= 0.7 ['ECBAIT_10_0002_JUNCTION_01', 'ECBAIT_10_0002_JUNCTION_02', 'ECBAIT_10_0057_MEMBER_INTERIOR_01', 'ECBAIT_HOST_CONTROL_01']
  HIT SRR33679775: 4 baits >= 0.7 ['ECBAIT_10_0002_JUNCTION_01', 'ECBAIT_10_0002_JUNCTION_02', 'ECBAIT_10_0057_MEMBER_INTERIOR_01', 'ECBAIT_HOST_CONTROL_01']
  HIT SRR33679774: 2 baits >= 0.7 ['ECBAIT_10_0172_MEMBER_INTERIOR_01', 'ECBAIT_HOST_CONTROL_01']
  HIT SRR33679776: 3 baits >= 0.7 ['ECBAIT_10_0002_JUNCTION_01', 'ECBAIT_10_0002_JUNCTION_02', 'ECBAIT_HOST_CONTROL_01']
  HIT SRR33679777: 3 baits >= 0.7 ['ECBAIT_10_0002_JUNCTION_01', 'ECBAIT_10_0002_JUNCTION_02', 'ECBAIT_HOST_CONTROL_01']
  HIT SRR33679779: 4 baits >= 0.7 ['ECBAIT_10_0002_JUNCTION_01', 'ECBAIT_10_0002_JUNCTION_02', 'ECBAIT_10_0057_MEMBER_INTERIOR_01', 'ECBAIT_HOST_CONTROL_01']
  HIT SRR33679778: 3 baits >= 0.7 ['ECBAIT_10_0002_JUNCTION_01', 'ECBAIT_10_0002_JUNCTION_02', 'ECBAIT_HOST_CONTROL_01']
  HIT SRR33690885: 4 baits >= 0.7 ['ECBAIT_10_0002_JUNCTION_01', 'ECBAIT_10_0002_JUNCTION_02', 'ECBAIT_10_0057_MEMBER_INTERIOR_01', 'ECBAIT_HOST_CONTROL_01']
  HIT SRR33690886: 3 baits >= 0.7 ['ECBAIT_10_0002_JUNCTION_01', 'ECBAIT_10_0002_JUNCTION_02', 'ECBAIT_HOST_CONTROL_01']
  HIT SRR33690887: 3 baits >= 0.7 ['ECBAIT_10_0002_JUNCTION_01', 'ECBAIT_10_0002_JUNCTION_02', 'ECBAIT_HOST_CONTROL_01']
  HIT SRR33690888: 3 baits >= 0.7 ['ECBAIT_10_0002_JUNCTION_01', 'ECBAIT_10_0002_JUNCTION_02', 'ECBAIT_HOST_CONTROL_01']
  HIT SRR33690889: 4 baits >= 0.7 ['ECBAIT_10_0002_JUNCTION_01', 'ECBAIT_10_0002_JUNCTION_02', 'ECBAIT_10_0172_MEMBER_INTERIOR_01', 'ECBAIT_HOST_CONTROL_01']
  HIT SRR33690890: 2 baits >= 0.7 ['ECBAIT_10_0172_MEMBER_INTERIOR_01', 'ECBAIT_HOST_CONTROL_01']
  HIT SRR33690891: 3 baits >= 0.7 ['ECBAIT_10_0002_JUNCTION_01', 'ECBAIT_10_0002_JUNCTION_02', 'ECBAIT_HOST_CONTROL_01']
  HIT SRR33690892: 3 baits >= 0.7 ['ECBAIT_10_0002_JUNCTION_01', 'ECBAIT_10_0002_JUNCTION_02', 'ECBAIT_HOST_CONTROL_01']
  HIT SRR33690893: 3 baits >= 0.7 ['ECBAIT_10_0002_JUNCTION_01', 'ECBAIT_10_0002_JUNCTION_02', 'ECBAIT_HOST_CONTROL_01']
  HIT SRR33690894: 3 baits >= 0.7 ['ECBAIT_10_0002_JUNCTION_01', 'ECBAIT_10_0002_JUNCTION_02', 'ECBAIT_HOST_CONTROL_01']
  HIT SRR33690895: 4 baits >= 0.7 ['ECBAIT_10_0002_JUNCTION_01', 'ECBAIT_10_0002_JUNCTION_02', 'ECBAIT_10_0057_MEMBER_INTERIOR_01', 'ECBAIT_HOST_CONTROL_01']
  HIT SRR33690897: 2 baits >= 0.7 ['ECBAIT_10_0057_MEMBER_INTERIOR_01', 'ECBAIT_HOST_CONTROL_01']
  HIT SRR33690896: 3 baits >= 0.7 ['ECBAIT_10_0002_JUNCTION_01', 'ECBAIT_10_0002_JUNCTION_02', 'ECBAIT_HOST_CONTROL_01']
  HIT SRR33752181: 1 baits >= 0.7 ['ECBAIT_HOST_CONTROL_01']
  HIT SRR33752182: 1 baits >= 0.7 ['ECBAIT_HOST_CONTROL_01']
  HIT SRR33789249: 5 baits >= 0.7 ['ECBAIT_0_0000_JUNCTION_02', 'ECBAIT_10_0002_JUNCTION_01', 'ECBAIT_10_0057_MEMBER_INTERIOR_01', 'ECBAIT_1_0004_JUNCTION_01']
  HIT SRR33793258: 1 baits >= 0.7 ['ECBAIT_1_0004_JUNCTION_01']
  HIT SRR33816031: 3 baits >= 0.7 ['ECBAIT_10_0057_MEMBER_INTERIOR_01', 'ECBAIT_1_0004_JUNCTION_01', 'ECBAIT_HOST_CONTROL_02']
  9400/12000 processed (8997 screened, 7414 hit-accessions) 2961s budget=15.7GB
  HIT SRR33841262: 2 baits >= 0.7 ['ECBAIT_0_0000_JUNCTION_02', 'ECBAIT_10_0057_MEMBER_INTERIOR_01']
  HIT SRR3385324: 1 baits >= 0.7 ['ECBAIT_HOST_CONTROL_01']
  HIT SRR3385574: 2 baits >= 0.7 ['ECBAIT_0_0067_MEMBER_INTERIOR_01', 'ECBAIT_HOST_CONTROL_01']
  HIT SRR33966193: 1 baits >= 0.7 ['ECBAIT_HOST_CONTROL_01']
  HIT SRR33966192: 2 baits >= 0.7 ['ECBAIT_10_0057_MEMBER_INTERIOR_01', 'ECBAIT_HOST_CONTROL_01']
  HIT SRR33966194: 2 baits >= 0.7 ['ECBAIT_10_0057_MEMBER_INTERIOR_01', 'ECBAIT_HOST_CONTROL_01']
  HIT SRR33966195: 1 baits >= 0.7 ['ECBAIT_HOST_CONTROL_01']
  HIT SRR33966196: 2 baits >= 0.7 ['ECBAIT_10_0057_MEMBER_INTERIOR_01', 'ECBAIT_HOST_CONTROL_01']
  HIT SRR33966197: 1 baits >= 0.7 ['ECBAIT_HOST_CONTROL_01']
  HIT SRR33966198: 3 baits >= 0.7 ['ECBAIT_10_0057_MEMBER_INTERIOR_01', 'ECBAIT_10_0172_MEMBER_INTERIOR_01', 'ECBAIT_HOST_CONTROL_01']
  HIT SRR33966203: 1 baits >= 0.7 ['ECBAIT_10_0057_MEMBER_INTERIOR_01']
  HIT SRR33966212: 1 baits >= 0.7 ['ECBAIT_HOST_CONTROL_01']
  HIT SRR33966213: 1 baits >= 0.7 ['ECBAIT_10_0057_MEMBER_INTERIOR_01']
  HIT SRR33966215: 1 baits >= 0.7 ['ECBAIT_HOST_CONTROL_01']
  HIT SRR34028555: 3 baits >= 0.7 ['ECBAIT_10_0002_JUNCTION_01', 'ECBAIT_10_0057_MEMBER_INTERIOR_01', 'ECBAIT_HOST_CONTROL_01']
  HIT SRR34078637: 1 baits >= 0.7 ['ECBAIT_0_0094_MEMBER_INTERIOR_01']
  HIT SRR34146799: 1 baits >= 0.7 ['ECBAIT_10_0057_MEMBER_INTERIOR_01']
  HIT SRR34177216: 1 baits >= 0.7 ['ECBAIT_HOST_CONTROL_01']
  HIT SRR34177222: 2 baits >= 0.7 ['ECBAIT_10_0151_MEMBER_INTERIOR_01', 'ECBAIT_10_0172_MEMBER_INTERIOR_01']
  HIT SRR34177224: 1 baits >= 0.7 ['ECBAIT_0_0094_MEMBER_INTERIOR_01']
  HIT SRR34177228: 1 baits >= 0.7 ['ECBAIT_0_0094_MEMBER_INTERIOR_01']
  HIT SRR34177231: 1 baits >= 0.7 ['ECBAIT_10_0057_MEMBER_INTERIOR_01']
  HIT SRR34177239: 2 baits >= 0.7 ['ECBAIT_10_0057_MEMBER_INTERIOR_01', 'ECBAIT_HOST_CONTROL_02']
  9450/12000 processed (9044 screened, 7437 hit-accessions) 2976s budget=15.8GB
  HIT SRR34492909: 1 baits >= 0.7 ['ECBAIT_10_0057_MEMBER_INTERIOR_01']
  HIT SRR34492911: 5 baits >= 0.7 ['ECBAIT_0_0000_INTERIOR_MODULE_01', 'ECBAIT_0_0000_JUNCTION_02', 'ECBAIT_0_0000_MEMBER_INTERIOR_01', 'ECBAIT_10_0057_MEMBER_INTERIOR_01']
  HIT SRR34492915: 2 baits >= 0.7 ['ECBAIT_0_0054_MEMBER_INTERIOR_01', 'ECBAIT_10_0057_MEMBER_INTERIOR_01']
  HIT SRR34504553: 4 baits >= 0.7 ['ECBAIT_10_0002_JUNCTION_01', 'ECBAIT_10_0002_JUNCTION_02', 'ECBAIT_10_0002_MEMBER_INTERIOR_01', 'ECBAIT_10_0057_MEMBER_INTERIOR_01']
  HIT SRR34504561: 2 baits >= 0.7 ['ECBAIT_10_0057_MEMBER_INTERIOR_01', 'ECBAIT_HOST_CONTROL_02']
  HIT SRR34504574: 4 baits >= 0.7 ['ECBAIT_10_0002_MEMBER_INTERIOR_01', 'ECBAIT_10_0057_MEMBER_INTERIOR_01', 'ECBAIT_1_0026_JUNCTION_01', 'ECBAIT_1_0026_MEMBER_INTERIOR_01']
  HIT SRR34504581: 6 baits >= 0.7 ['ECBAIT_0_0052_JUNCTION_01', 'ECBAIT_0_0052_JUNCTION_03', 'ECBAIT_10_0002_JUNCTION_01', 'ECBAIT_10_0002_JUNCTION_02']
  HIT SRR34530215: 1 baits >= 0.7 ['ECBAIT_10_0057_MEMBER_INTERIOR_01']
  HIT SRR34585844: 4 baits >= 0.7 ['ECBAIT_0_0000_JUNCTION_02', 'ECBAIT_0_0000_MEMBER_INTERIOR_01', 'ECBAIT_10_0057_MEMBER_INTERIOR_01', 'ECBAIT_HOST_CONTROL_02']
  HIT SRR34585845: 3 baits >= 0.7 ['ECBAIT_0_0000_JUNCTION_02', 'ECBAIT_0_0000_MEMBER_INTERIOR_01', 'ECBAIT_HOST_CONTROL_02']
  HIT SRR3465539: 1 baits >= 0.7 ['ECBAIT_10_0057_MEMBER_INTERIOR_01']
  HIT SRR34585847: 1 baits >= 0.7 ['ECBAIT_0_0000_MEMBER_INTERIOR_01']
  HIT SRR34698541: 1 baits >= 0.7 ['ECBAIT_HOST_CONTROL_01']
  HIT SRR34585846: 4 baits >= 0.7 ['ECBAIT_0_0000_JUNCTION_02', 'ECBAIT_0_0000_MEMBER_INTERIOR_01', 'ECBAIT_10_0057_MEMBER_INTERIOR_01', 'ECBAIT_HOST_CONTROL_02']
  HIT SRR34698542: 1 baits >= 0.7 ['ECBAIT_HOST_CONTROL_01']
  HIT SRR3473863: 1 baits >= 0.7 ['ECBAIT_HOST_CONTROL_01']
  HIT SRR3473864: 1 baits >= 0.7 ['ECBAIT_HOST_CONTROL_01']
  HIT SRR3473865: 1 baits >= 0.7 ['ECBAIT_HOST_CONTROL_01']
  HIT SRR3473866: 1 baits >= 0.7 ['ECBAIT_HOST_CONTROL_01']
  HIT SRR3473867: 1 baits >= 0.7 ['ECBAIT_HOST_CONTROL_01']
  HIT SRR3473868: 1 baits >= 0.7 ['ECBAIT_HOST_CONTROL_01']
  HIT SRR3473869: 1 baits >= 0.7 ['ECBAIT_HOST_CONTROL_01']
  HIT SRR3473871: 1 baits >= 0.7 ['ECBAIT_HOST_CONTROL_01']
  HIT SRR3473872: 1 baits >= 0.7 ['ECBAIT_HOST_CONTROL_01']
  HIT SRR3473870: 1 baits >= 0.7 ['ECBAIT_HOST_CONTROL_01']
  HIT SRR3473873: 1 baits >= 0.7 ['ECBAIT_HOST_CONTROL_01']
  HIT SRR3473874: 1 baits >= 0.7 ['ECBAIT_HOST_CONTROL_01']
  HIT SRR34748678: 3 baits >= 0.7 ['ECBAIT_0_0000_JUNCTION_01', 'ECBAIT_10_0002_MEMBER_INTERIOR_01', 'ECBAIT_10_0057_MEMBER_INTERIOR_01']
  HIT SRR34748677: 1 baits >= 0.7 ['ECBAIT_10_0002_MEMBER_INTERIOR_01']
  HIT SRR34748679: 4 baits >= 0.7 ['ECBAIT_10_0002_MEMBER_INTERIOR_01', 'ECBAIT_10_0044_INTERIOR_MODULE_01', 'ECBAIT_10_0044_MEMBER_INTERIOR_01', 'ECBAIT_10_0057_MEMBER_INTERIOR_01']
  HIT SRR34748680: 3 baits >= 0.7 ['ECBAIT_0_0000_JUNCTION_02', 'ECBAIT_10_0002_MEMBER_INTERIOR_01', 'ECBAIT_10_0057_MEMBER_INTERIOR_01']
  HIT SRR34748681: 4 baits >= 0.7 ['ECBAIT_0_0000_JUNCTION_01', 'ECBAIT_10_0002_MEMBER_INTERIOR_01', 'ECBAIT_10_0044_INTERIOR_MODULE_01', 'ECBAIT_10_0044_MEMBER_INTERIOR_01']
  HIT SRR34748682: 2 baits >= 0.7 ['ECBAIT_10_0002_MEMBER_INTERIOR_01', 'ECBAIT_10_0044_MEMBER_INTERIOR_01']
  HIT SRR34748683: 2 baits >= 0.7 ['ECBAIT_10_0002_MEMBER_INTERIOR_01', 'ECBAIT_10_0057_MEMBER_INTERIOR_01']
  HIT SRR34748684: 4 baits >= 0.7 ['ECBAIT_0_0000_JUNCTION_01', 'ECBAIT_10_0002_MEMBER_INTERIOR_01', 'ECBAIT_10_0044_INTERIOR_MODULE_01', 'ECBAIT_10_0044_MEMBER_INTERIOR_01']
  HIT SRR34748685: 1 baits >= 0.7 ['ECBAIT_HOST_CONTROL_01']
  HIT SRR34748686: 2 baits >= 0.7 ['ECBAIT_0_0046_JUNCTION_02', 'ECBAIT_HOST_CONTROL_01']
  HIT SRR34748687: 1 baits >= 0.7 ['ECBAIT_HOST_CONTROL_01']
  HIT SRR34748688: 4 baits >= 0.7 ['ECBAIT_0_0052_MEMBER_INTERIOR_01', 'ECBAIT_1_0022_JUNCTION_02', 'ECBAIT_1_0022_JUNCTION_03', 'ECBAIT_HOST_CONTROL_01']
  HIT SRR34748689: 2 baits >= 0.7 ['ECBAIT_10_0044_MEMBER_INTERIOR_01', 'ECBAIT_HOST_CONTROL_01']
  HIT SRR34748690: 2 baits >= 0.7 ['ECBAIT_10_0002_MEMBER_INTERIOR_01', 'ECBAIT_HOST_CONTROL_01']
  9500/12000 processed (9092 screened, 7478 hit-accessions) 2992s budget=16.0GB
  HIT SRR34748691: 5 baits >= 0.7 ['ECBAIT_0_0046_JUNCTION_02', 'ECBAIT_0_0046_MEMBER_INTERIOR_01', 'ECBAIT_10_0044_INTERIOR_MODULE_01', 'ECBAIT_10_0044_MEMBER_INTERIOR_01']
  HIT SRR34748692: 3 baits >= 0.7 ['ECBAIT_10_0002_MEMBER_INTERIOR_01', 'ECBAIT_10_0172_JUNCTION_02', 'ECBAIT_HOST_CONTROL_01']
  HIT SRR34748694: 4 baits >= 0.7 ['ECBAIT_0_0000_JUNCTION_01', 'ECBAIT_10_0002_MEMBER_INTERIOR_01', 'ECBAIT_10_0044_INTERIOR_MODULE_01', 'ECBAIT_10_0044_MEMBER_INTERIOR_01']
  HIT SRR34748693: 2 baits >= 0.7 ['ECBAIT_10_0002_MEMBER_INTERIOR_01', 'ECBAIT_10_0057_MEMBER_INTERIOR_01']
  HIT SRR3480970: 1 baits >= 0.7 ['ECBAIT_HOST_CONTROL_01']
  HIT SRR3480971: 1 baits >= 0.7 ['ECBAIT_HOST_CONTROL_01']
  HIT SRR3480973: 1 baits >= 0.7 ['ECBAIT_HOST_CONTROL_01']
  HIT SRR3480972: 1 baits >= 0.7 ['ECBAIT_HOST_CONTROL_01']
  HIT SRR3480974: 1 baits >= 0.7 ['ECBAIT_HOST_CONTROL_01']
  HIT SRR3480975: 1 baits >= 0.7 ['ECBAIT_HOST_CONTROL_01']
  HIT SRR3480977: 1 baits >= 0.7 ['ECBAIT_HOST_CONTROL_01']
  HIT SRR3480976: 1 baits >= 0.7 ['ECBAIT_HOST_CONTROL_01']
  HIT SRR3480978: 1 baits >= 0.7 ['ECBAIT_HOST_CONTROL_01']
  HIT SRR3480979: 1 baits >= 0.7 ['ECBAIT_HOST_CONTROL_01']
  HIT SRR3480980: 1 baits >= 0.7 ['ECBAIT_HOST_CONTROL_01']
  HIT SRR3480981: 1 baits >= 0.7 ['ECBAIT_HOST_CONTROL_01']
  HIT SRR3480982: 1 baits >= 0.7 ['ECBAIT_HOST_CONTROL_01']
  HIT SRR3480983: 1 baits >= 0.7 ['ECBAIT_HOST_CONTROL_01']
  HIT SRR3480984: 1 baits >= 0.7 ['ECBAIT_HOST_CONTROL_01']
  HIT SRR3480985: 1 baits >= 0.7 ['ECBAIT_HOST_CONTROL_01']
  HIT SRR3480986: 1 baits >= 0.7 ['ECBAIT_HOST_CONTROL_01']
  HIT SRR34854852: 1 baits >= 0.7 ['ECBAIT_10_0057_MEMBER_INTERIOR_01']
  HIT SRR34854853: 2 baits >= 0.7 ['ECBAIT_0_0000_JUNCTION_02', 'ECBAIT_10_0057_MEMBER_INTERIOR_01']
  HIT SRR34854855: 1 baits >= 0.7 ['ECBAIT_10_0057_MEMBER_INTERIOR_01']
  HIT SRR34854856: 1 baits >= 0.7 ['ECBAIT_10_0057_MEMBER_INTERIOR_01']
  HIT SRR34854857: 2 baits >= 0.7 ['ECBAIT_10_0057_MEMBER_INTERIOR_01', 'ECBAIT_HOST_CONTROL_01']
  HIT SRR34854858: 2 baits >= 0.7 ['ECBAIT_10_0002_MEMBER_INTERIOR_01', 'ECBAIT_10_0057_MEMBER_INTERIOR_01']
  HIT SRR34854860: 2 baits >= 0.7 ['ECBAIT_10_0057_MEMBER_INTERIOR_01', 'ECBAIT_HOST_CONTROL_01']
  HIT SRR34854861: 2 baits >= 0.7 ['ECBAIT_10_0057_MEMBER_INTERIOR_01', 'ECBAIT_HOST_CONTROL_02']
  HIT SRR34854862: 2 baits >= 0.7 ['ECBAIT_10_0057_MEMBER_INTERIOR_01', 'ECBAIT_HOST_CONTROL_01']
  HIT SRR34854863: 2 baits >= 0.7 ['ECBAIT_10_0057_MEMBER_INTERIOR_01', 'ECBAIT_HOST_CONTROL_02']
  HIT SRR34854864: 2 baits >= 0.7 ['ECBAIT_10_0057_MEMBER_INTERIOR_01', 'ECBAIT_HOST_CONTROL_01']
  HIT SRR34854865: 4 baits >= 0.7 ['ECBAIT_10_0002_JUNCTION_01', 'ECBAIT_10_0002_JUNCTION_02', 'ECBAIT_10_0057_MEMBER_INTERIOR_01', 'ECBAIT_HOST_CONTROL_01']
  HIT SRR34854866: 2 baits >= 0.7 ['ECBAIT_10_0057_MEMBER_INTERIOR_01', 'ECBAIT_HOST_CONTROL_02']
  HIT SRR34854867: 2 baits >= 0.7 ['ECBAIT_10_0057_MEMBER_INTERIOR_01', 'ECBAIT_HOST_CONTROL_02']
  HIT SRR34854868: 2 baits >= 0.7 ['ECBAIT_10_0057_MEMBER_INTERIOR_01', 'ECBAIT_HOST_CONTROL_02']
  HIT SRR34854869: 1 baits >= 0.7 ['ECBAIT_10_0057_MEMBER_INTERIOR_01']
  9550/12000 processed (9131 screened, 7515 hit-accessions) 3005s budget=16.1GB
  HIT SRR34854870: 3 baits >= 0.7 ['ECBAIT_10_0002_JUNCTION_01', 'ECBAIT_10_0002_MEMBER_INTERIOR_01', 'ECBAIT_10_0057_MEMBER_INTERIOR_01']
  HIT SRR34854871: 2 baits >= 0.7 ['ECBAIT_10_0002_MEMBER_INTERIOR_01', 'ECBAIT_10_0057_MEMBER_INTERIOR_01']
  HIT SRR34854872: 4 baits >= 0.7 ['ECBAIT_0_0000_JUNCTION_02', 'ECBAIT_0_0014_JUNCTION_01', 'ECBAIT_10_0057_MEMBER_INTERIOR_01', 'ECBAIT_10_0151_JUNCTION_03']
  HIT SRR34854873: 1 baits >= 0.7 ['ECBAIT_10_0057_MEMBER_INTERIOR_01']
  HIT SRR34854874: 2 baits >= 0.7 ['ECBAIT_10_0057_MEMBER_INTERIOR_01', 'ECBAIT_10_0172_MEMBER_INTERIOR_01']
  HIT SRR34854875: 6 baits >= 0.7 ['ECBAIT_0_0000_JUNCTION_02', 'ECBAIT_0_0000_MEMBER_INTERIOR_01', 'ECBAIT_0_0014_JUNCTION_02', 'ECBAIT_0_0014_MEMBER_INTERIOR_01']
  HIT SRR34854876: 2 baits >= 0.7 ['ECBAIT_10_0057_MEMBER_INTERIOR_01', 'ECBAIT_HOST_CONTROL_01']
  HIT SRR34854877: 2 baits >= 0.7 ['ECBAIT_10_0057_MEMBER_INTERIOR_01', 'ECBAIT_HOST_CONTROL_01']
  HIT SRR34854878: 3 baits >= 0.7 ['ECBAIT_0_0000_JUNCTION_02', 'ECBAIT_10_0057_MEMBER_INTERIOR_01', 'ECBAIT_HOST_CONTROL_01']
  HIT SRR34854879: 2 baits >= 0.7 ['ECBAIT_10_0002_JUNCTION_02', 'ECBAIT_10_0057_MEMBER_INTERIOR_01']
  HIT SRR34854881: 2 baits >= 0.7 ['ECBAIT_10_0057_MEMBER_INTERIOR_01', 'ECBAIT_1_0004_INTERIOR_MODULE_01']
  HIT SRR34854882: 2 baits >= 0.7 ['ECBAIT_0_0000_MEMBER_INTERIOR_01', 'ECBAIT_HOST_CONTROL_01']
  HIT SRR3492216: 1 baits >= 0.7 ['ECBAIT_HOST_CONTROL_01']
  HIT SRR3492227: 2 baits >= 0.7 ['ECBAIT_10_0057_MEMBER_INTERIOR_01', 'ECBAIT_HOST_CONTROL_01']
  HIT SRR3492217: 1 baits >= 0.7 ['ECBAIT_HOST_CONTROL_01']
  HIT SRR35022184: 1 baits >= 0.7 ['ECBAIT_10_0057_MEMBER_INTERIOR_01']
  HIT SRR3492228: 2 baits >= 0.7 ['ECBAIT_10_0057_MEMBER_INTERIOR_01', 'ECBAIT_HOST_CONTROL_01']
  HIT SRR35022185: 2 baits >= 0.7 ['ECBAIT_0_0000_JUNCTION_02', 'ECBAIT_10_0057_MEMBER_INTERIOR_01']
  HIT SRR35022186: 1 baits >= 0.7 ['ECBAIT_10_0057_MEMBER_INTERIOR_01']
  HIT SRR35022187: 2 baits >= 0.7 ['ECBAIT_10_0057_MEMBER_INTERIOR_01', 'ECBAIT_HOST_CONTROL_01']
  HIT SRR35127876: 1 baits >= 0.7 ['ECBAIT_HOST_CONTROL_01']
  HIT SRR35130060: 1 baits >= 0.7 ['ECBAIT_HOST_CONTROL_01']
  HIT SRR35130062: 1 baits >= 0.7 ['ECBAIT_HOST_CONTROL_01']
  HIT SRR35131961: 1 baits >= 0.7 ['ECBAIT_10_0002_MEMBER_INTERIOR_01']
  HIT SRR35258995: 4 baits >= 0.7 ['ECBAIT_0_0000_JUNCTION_02', 'ECBAIT_0_0000_MEMBER_INTERIOR_01', 'ECBAIT_10_0172_MEMBER_INTERIOR_01', 'ECBAIT_HOST_CONTROL_02']
  HIT SRR35285107: 2 baits >= 0.7 ['ECBAIT_10_0057_MEMBER_INTERIOR_01', 'ECBAIT_HOST_CONTROL_02']
  HIT SRR35332963: 1 baits >= 0.7 ['ECBAIT_10_0057_MEMBER_INTERIOR_01']
  HIT SRR35332964: 1 baits >= 0.7 ['ECBAIT_10_0057_MEMBER_INTERIOR_01']
  HIT SRR35332965: 1 baits >= 0.7 ['ECBAIT_10_0057_MEMBER_INTERIOR_01']
  HIT SRR35332966: 2 baits >= 0.7 ['ECBAIT_10_0038_JUNCTION_01', 'ECBAIT_10_0038_MEMBER_INTERIOR_01']
  HIT SRR35332968: 1 baits >= 0.7 ['ECBAIT_HOST_CONTROL_01']
  HIT SRR35332967: 1 baits >= 0.7 ['ECBAIT_10_0057_MEMBER_INTERIOR_01']
  HIT SRR35332969: 1 baits >= 0.7 ['ECBAIT_10_0057_MEMBER_INTERIOR_01']
  HIT SRR35332971: 2 baits >= 0.7 ['ECBAIT_10_0038_MEMBER_INTERIOR_01', 'ECBAIT_HOST_CONTROL_01']
  HIT SRR35332972: 1 baits >= 0.7 ['ECBAIT_10_0057_MEMBER_INTERIOR_01']
  HIT SRR35332973: 1 baits >= 0.7 ['ECBAIT_10_0057_MEMBER_INTERIOR_01']
  HIT SRR35332974: 1 baits >= 0.7 ['ECBAIT_10_0057_MEMBER_INTERIOR_01']
  HIT SRR35332975: 2 baits >= 0.7 ['ECBAIT_10_0038_JUNCTION_01', 'ECBAIT_10_0038_MEMBER_INTERIOR_01']
  HIT SRR35332976: 1 baits >= 0.7 ['ECBAIT_10_0057_MEMBER_INTERIOR_01']
  HIT SRR35332977: 1 baits >= 0.7 ['ECBAIT_HOST_CONTROL_01']
  HIT SRR35332978: 3 baits >= 0.7 ['ECBAIT_10_0038_MEMBER_INTERIOR_01', 'ECBAIT_10_0057_MEMBER_INTERIOR_01', 'ECBAIT_HOST_CONTROL_01']
  HIT SRR35332980: 1 baits >= 0.7 ['ECBAIT_10_0038_MEMBER_INTERIOR_01']
  HIT SRR35332979: 2 baits >= 0.7 ['ECBAIT_10_0038_JUNCTION_01', 'ECBAIT_10_0038_MEMBER_INTERIOR_01']
  HIT SRR35332981: 2 baits >= 0.7 ['ECBAIT_10_0057_MEMBER_INTERIOR_01', 'ECBAIT_1_0004_JUNCTION_01']
  9600/12000 processed (9181 screened, 7559 hit-accessions) 3022s budget=16.1GB
  HIT SRR353761: 3 baits >= 0.7 ['ECBAIT_0_0000_JUNCTION_02', 'ECBAIT_0_0000_MEMBER_INTERIOR_01', 'ECBAIT_HOST_CONTROL_01']
  HIT SRR35332983: 1 baits >= 0.7 ['ECBAIT_10_0038_MEMBER_INTERIOR_01']
  HIT SRR35332982: 3 baits >= 0.7 ['ECBAIT_10_0038_JUNCTION_01', 'ECBAIT_10_0038_MEMBER_INTERIOR_01', 'ECBAIT_10_0057_MEMBER_INTERIOR_01']
  HIT SRR3545421: 3 baits >= 0.7 ['ECBAIT_10_0057_MEMBER_INTERIOR_01', 'ECBAIT_HOST_CONTROL_01', 'ECBAIT_HOST_CONTROL_02']
  HIT SRR3545422: 2 baits >= 0.7 ['ECBAIT_HOST_CONTROL_01', 'ECBAIT_POSCON_LAMBDA_01']
  HIT SRR3545423: 1 baits >= 0.7 ['ECBAIT_HOST_CONTROL_01']
  HIT SRR3545424: 1 baits >= 0.7 ['ECBAIT_HOST_CONTROL_01']
  HIT SRR3545425: 1 baits >= 0.7 ['ECBAIT_HOST_CONTROL_01']
  HIT SRR3545428: 5 baits >= 0.7 ['ECBAIT_0_0000_JUNCTION_02', 'ECBAIT_0_0000_MEMBER_INTERIOR_01', 'ECBAIT_0_0014_JUNCTION_02', 'ECBAIT_0_0014_MEMBER_INTERIOR_01']
  HIT SRR3545429: 5 baits >= 0.7 ['ECBAIT_0_0000_INTERIOR_MODULE_01', 'ECBAIT_0_0000_JUNCTION_02', 'ECBAIT_0_0000_MEMBER_INTERIOR_01', 'ECBAIT_10_0057_MEMBER_INTERIOR_01']
  HIT SRR3545431: 1 baits >= 0.7 ['ECBAIT_HOST_CONTROL_01']
  HIT SRR3545430: 1 baits >= 0.7 ['ECBAIT_HOST_CONTROL_01']
  HIT SRR3545432: 2 baits >= 0.7 ['ECBAIT_HOST_CONTROL_01', 'ECBAIT_POSCON_LAMBDA_01']
  HIT SRR3545434: 2 baits >= 0.7 ['ECBAIT_10_0057_MEMBER_INTERIOR_01', 'ECBAIT_HOST_CONTROL_02']
  HIT SRR3545435: 2 baits >= 0.7 ['ECBAIT_HOST_CONTROL_01', 'ECBAIT_POSCON_LAMBDA_01']
  HIT SRR3545437: 1 baits >= 0.7 ['ECBAIT_HOST_CONTROL_01']
  HIT SRR3545436: 2 baits >= 0.7 ['ECBAIT_10_0057_MEMBER_INTERIOR_01', 'ECBAIT_HOST_CONTROL_02']
  HIT SRR3545438: 1 baits >= 0.7 ['ECBAIT_HOST_CONTROL_01']
  HIT SRR3545441: 1 baits >= 0.7 ['ECBAIT_HOST_CONTROL_01']
  HIT SRR3545443: 2 baits >= 0.7 ['ECBAIT_10_0057_MEMBER_INTERIOR_01', 'ECBAIT_HOST_CONTROL_02']
  HIT SRR3545444: 3 baits >= 0.7 ['ECBAIT_10_0172_MEMBER_INTERIOR_01', 'ECBAIT_1_0004_JUNCTION_02', 'ECBAIT_HOST_CONTROL_02']
  HIT SRR3545445: 1 baits >= 0.7 ['ECBAIT_HOST_CONTROL_01']
  HIT SRR3545446: 1 baits >= 0.7 ['ECBAIT_HOST_CONTROL_01']
  HIT SRR3545447: 1 baits >= 0.7 ['ECBAIT_HOST_CONTROL_01']
  HIT SRR3545448: 1 baits >= 0.7 ['ECBAIT_HOST_CONTROL_01']
  HIT SRR3545449: 1 baits >= 0.7 ['ECBAIT_HOST_CONTROL_01']
  HIT SRR3545450: 1 baits >= 0.7 ['ECBAIT_HOST_CONTROL_01']
  HIT SRR3545451: 1 baits >= 0.7 ['ECBAIT_HOST_CONTROL_01']
  HIT SRR3545452: 1 baits >= 0.7 ['ECBAIT_HOST_CONTROL_01']
  HIT SRR3545454: 2 baits >= 0.7 ['ECBAIT_HOST_CONTROL_01', 'ECBAIT_POSCON_LAMBDA_01']
  HIT SRR3545455: 1 baits >= 0.7 ['ECBAIT_HOST_CONTROL_01']
  HIT SRR3545456: 3 baits >= 0.7 ['ECBAIT_10_0172_MEMBER_INTERIOR_01', 'ECBAIT_1_0004_JUNCTION_02', 'ECBAIT_HOST_CONTROL_02']
  HIT SRR3545457: 1 baits >= 0.7 ['ECBAIT_HOST_CONTROL_01']
  HIT SRR3545458: 1 baits >= 0.7 ['ECBAIT_HOST_CONTROL_01']
  HIT SRR3545461: 2 baits >= 0.7 ['ECBAIT_10_0057_MEMBER_INTERIOR_01', 'ECBAIT_HOST_CONTROL_02']
  HIT SRR3545462: 2 baits >= 0.7 ['ECBAIT_10_0002_MEMBER_INTERIOR_01', 'ECBAIT_10_0151_MEMBER_INTERIOR_01']
  HIT SRR3545463: 1 baits >= 0.7 ['ECBAIT_HOST_CONTROL_01']
  HIT SRR3545464: 1 baits >= 0.7 ['ECBAIT_HOST_CONTROL_01']
  HIT SRR35537818: 2 baits >= 0.7 ['ECBAIT_HOST_CONTROL_01', 'ECBAIT_POSCON_LAMBDA_01']
  9650/12000 processed (9231 screened, 7598 hit-accessions) 3038s budget=16.2GB
  HIT SRR35647284: 1 baits >= 0.7 ['ECBAIT_HOST_CONTROL_01']
  HIT SRR35647285: 1 baits >= 0.7 ['ECBAIT_HOST_CONTROL_01']
  HIT SRR35647286: 1 baits >= 0.7 ['ECBAIT_HOST_CONTROL_01']
  HIT SRR35832635: 2 baits >= 0.7 ['ECBAIT_10_0057_MEMBER_INTERIOR_01', 'ECBAIT_HOST_CONTROL_01']
  HIT SRR35832636: 3 baits >= 0.7 ['ECBAIT_10_0002_MEMBER_INTERIOR_01', 'ECBAIT_10_0057_MEMBER_INTERIOR_01', 'ECBAIT_10_0172_MEMBER_INTERIOR_01']
  HIT SRR35832638: 1 baits >= 0.7 ['ECBAIT_10_0057_MEMBER_INTERIOR_01']
  HIT SRR35832637: 3 baits >= 0.7 ['ECBAIT_10_0002_MEMBER_INTERIOR_01', 'ECBAIT_10_0057_MEMBER_INTERIOR_01', 'ECBAIT_10_0172_MEMBER_INTERIOR_01']
  HIT SRR35832641: 2 baits >= 0.7 ['ECBAIT_10_0002_MEMBER_INTERIOR_01', 'ECBAIT_10_0057_MEMBER_INTERIOR_01']
  HIT SRR35832663: 2 baits >= 0.7 ['ECBAIT_10_0002_JUNCTION_01', 'ECBAIT_10_0002_JUNCTION_02']
  HIT SRR35832652: 2 baits >= 0.7 ['ECBAIT_10_0002_JUNCTION_01', 'ECBAIT_10_0002_JUNCTION_02']
  HIT SRR35832674: 8 baits >= 0.7 ['ECBAIT_0_0000_JUNCTION_02', 'ECBAIT_0_0000_MEMBER_INTERIOR_01', 'ECBAIT_0_0014_MEMBER_INTERIOR_01', 'ECBAIT_0_0052_JUNCTION_01']
  HIT SRR35832686: 1 baits >= 0.7 ['ECBAIT_10_0057_MEMBER_INTERIOR_01']
  HIT SRR35832685: 4 baits >= 0.7 ['ECBAIT_10_0002_JUNCTION_01', 'ECBAIT_10_0002_JUNCTION_02', 'ECBAIT_10_0002_MEMBER_INTERIOR_01', 'ECBAIT_10_0057_MEMBER_INTERIOR_01']
  HIT SRR35913976: 1 baits >= 0.7 ['ECBAIT_10_0057_MEMBER_INTERIOR_01']
  HIT SRR35920869: 1 baits >= 0.7 ['ECBAIT_1_0022_JUNCTION_03']
  HIT SRR35940446: 1 baits >= 0.7 ['ECBAIT_HOST_CONTROL_01']
  HIT SRR35985691: 1 baits >= 0.7 ['ECBAIT_10_0002_MEMBER_INTERIOR_01']
  HIT SRR35941352: 1 baits >= 0.7 ['ECBAIT_HOST_CONTROL_01']
  HIT SRR35985692: 1 baits >= 0.7 ['ECBAIT_10_0002_MEMBER_INTERIOR_01']
  9700/12000 processed (9253 screened, 7617 hit-accessions) 3045s budget=16.2GB
  HIT SRR36148234: 3 baits >= 0.7 ['ECBAIT_10_0002_JUNCTION_01', 'ECBAIT_10_0002_JUNCTION_02', 'ECBAIT_HOST_CONTROL_01']
  HIT SRR36203898: 1 baits >= 0.7 ['ECBAIT_HOST_CONTROL_01']
  HIT SRR36203899: 1 baits >= 0.7 ['ECBAIT_HOST_CONTROL_01']
  HIT SRR36203900: 1 baits >= 0.7 ['ECBAIT_HOST_CONTROL_01']
  HIT SRR36203901: 1 baits >= 0.7 ['ECBAIT_HOST_CONTROL_01']
  HIT SRR36203902: 1 baits >= 0.7 ['ECBAIT_HOST_CONTROL_01']
  HIT SRR36203903: 1 baits >= 0.7 ['ECBAIT_HOST_CONTROL_01']
  HIT SRR36203904: 1 baits >= 0.7 ['ECBAIT_HOST_CONTROL_01']
  HIT SRR36203906: 1 baits >= 0.7 ['ECBAIT_HOST_CONTROL_01']
  HIT SRR36203908: 1 baits >= 0.7 ['ECBAIT_HOST_CONTROL_01']
  HIT SRR36203905: 1 baits >= 0.7 ['ECBAIT_HOST_CONTROL_01']
  HIT SRR36203909: 1 baits >= 0.7 ['ECBAIT_HOST_CONTROL_01']
  HIT SRR36203912: 1 baits >= 0.7 ['ECBAIT_HOST_CONTROL_01']
  HIT SRR36203910: 2 baits >= 0.7 ['ECBAIT_10_0002_MEMBER_INTERIOR_01', 'ECBAIT_HOST_CONTROL_01']
  HIT SRR36203911: 3 baits >= 0.7 ['ECBAIT_10_0002_MEMBER_INTERIOR_01', 'ECBAIT_1_0004_JUNCTION_01', 'ECBAIT_HOST_CONTROL_01']
  HIT SRR36203913: 1 baits >= 0.7 ['ECBAIT_HOST_CONTROL_01']
  HIT SRR36203915: 1 baits >= 0.7 ['ECBAIT_HOST_CONTROL_01']
  HIT SRR36203914: 1 baits >= 0.7 ['ECBAIT_HOST_CONTROL_01']
  HIT SRR36203916: 1 baits >= 0.7 ['ECBAIT_HOST_CONTROL_01']
  HIT SRR36203917: 2 baits >= 0.7 ['ECBAIT_10_0057_MEMBER_INTERIOR_01', 'ECBAIT_HOST_CONTROL_01']
  HIT SRR36203921: 2 baits >= 0.7 ['ECBAIT_10_0057_MEMBER_INTERIOR_01', 'ECBAIT_HOST_CONTROL_01']
  HIT SRR36203923: 1 baits >= 0.7 ['ECBAIT_HOST_CONTROL_01']
  HIT SRR36203924: 1 baits >= 0.7 ['ECBAIT_HOST_CONTROL_01']
  HIT SRR36203925: 3 baits >= 0.7 ['ECBAIT_0_0000_JUNCTION_02', 'ECBAIT_1_0004_JUNCTION_01', 'ECBAIT_HOST_CONTROL_01']
  HIT SRR36203928: 1 baits >= 0.7 ['ECBAIT_10_0057_MEMBER_INTERIOR_01']
  HIT SRR36203926: 1 baits >= 0.7 ['ECBAIT_HOST_CONTROL_01']
  HIT SRR36203929: 1 baits >= 0.7 ['ECBAIT_HOST_CONTROL_02']
  HIT SRR36203932: 1 baits >= 0.7 ['ECBAIT_HOST_CONTROL_01']
  HIT SRR36203934: 1 baits >= 0.7 ['ECBAIT_HOST_CONTROL_01']
  HIT SRR36203933: 1 baits >= 0.7 ['ECBAIT_HOST_CONTROL_01']
  9750/12000 processed (9288 screened, 7647 hit-accessions) 3057s budget=16.3GB
  HIT SRR36203935: 1 baits >= 0.7 ['ECBAIT_HOST_CONTROL_01']
  HIT SRR36203936: 1 baits >= 0.7 ['ECBAIT_HOST_CONTROL_01']
  HIT SRR36203937: 1 baits >= 0.7 ['ECBAIT_HOST_CONTROL_01']
  HIT SRR36203939: 1 baits >= 0.7 ['ECBAIT_HOST_CONTROL_01']
  HIT SRR36203938: 2 baits >= 0.7 ['ECBAIT_10_0002_MEMBER_INTERIOR_01', 'ECBAIT_HOST_CONTROL_01']
  HIT SRR36203940: 1 baits >= 0.7 ['ECBAIT_HOST_CONTROL_01']
  HIT SRR36203941: 2 baits >= 0.7 ['ECBAIT_10_0002_MEMBER_INTERIOR_01', 'ECBAIT_HOST_CONTROL_01']
  HIT SRR36203942: 2 baits >= 0.7 ['ECBAIT_10_0002_MEMBER_INTERIOR_01', 'ECBAIT_HOST_CONTROL_01']
  HIT SRR36203943: 1 baits >= 0.7 ['ECBAIT_HOST_CONTROL_01']
  HIT SRR36203944: 1 baits >= 0.7 ['ECBAIT_HOST_CONTROL_01']
  HIT SRR36203945: 1 baits >= 0.7 ['ECBAIT_HOST_CONTROL_01']
  HIT SRR36203947: 1 baits >= 0.7 ['ECBAIT_HOST_CONTROL_01']
  HIT SRR36203946: 1 baits >= 0.7 ['ECBAIT_HOST_CONTROL_01']
  HIT SRR36203949: 1 baits >= 0.7 ['ECBAIT_HOST_CONTROL_01']
  HIT SRR36203950: 1 baits >= 0.7 ['ECBAIT_HOST_CONTROL_01']
  HIT SRR36203951: 2 baits >= 0.7 ['ECBAIT_1_0004_JUNCTION_01', 'ECBAIT_HOST_CONTROL_01']
  HIT SRR36203952: 1 baits >= 0.7 ['ECBAIT_HOST_CONTROL_01']
  HIT SRR36203954: 1 baits >= 0.7 ['ECBAIT_HOST_CONTROL_01']
  HIT SRR36203955: 1 baits >= 0.7 ['ECBAIT_HOST_CONTROL_01']
  HIT SRR36203956: 1 baits >= 0.7 ['ECBAIT_HOST_CONTROL_01']
  HIT SRR36203957: 1 baits >= 0.7 ['ECBAIT_HOST_CONTROL_01']
  HIT SRR36203958: 2 baits >= 0.7 ['ECBAIT_1_0004_JUNCTION_01', 'ECBAIT_HOST_CONTROL_01']
  HIT SRR36203959: 2 baits >= 0.7 ['ECBAIT_1_0004_JUNCTION_01', 'ECBAIT_HOST_CONTROL_01']
  HIT SRR36203960: 1 baits >= 0.7 ['ECBAIT_HOST_CONTROL_01']
  HIT SRR36203961: 1 baits >= 0.7 ['ECBAIT_HOST_CONTROL_01']
  HIT SRR36203962: 1 baits >= 0.7 ['ECBAIT_HOST_CONTROL_01']
  HIT SRR36332048: 1 baits >= 0.7 ['ECBAIT_10_0057_MEMBER_INTERIOR_01']
  9800/12000 processed (9315 screened, 7674 hit-accessions) 3066s budget=16.3GB
  HIT SRR36544931: 1 baits >= 0.7 ['ECBAIT_10_0057_MEMBER_INTERIOR_01']
  HIT SRR36568097: 2 baits >= 0.7 ['ECBAIT_10_0038_MEMBER_INTERIOR_01', 'ECBAIT_HOST_CONTROL_01']
  9850/12000 processed (9318 screened, 7676 hit-accessions) 3068s budget=16.4GB
  HIT SRR3736532: 1 baits >= 0.7 ['ECBAIT_HOST_CONTROL_01']
  HIT SRR3736537: 1 baits >= 0.7 ['ECBAIT_HOST_CONTROL_01']
  HIT SRR3736530: 1 baits >= 0.7 ['ECBAIT_HOST_CONTROL_01']
  HIT SRR3736533: 1 baits >= 0.7 ['ECBAIT_HOST_CONTROL_01']
  9900/12000 processed (9322 screened, 7680 hit-accessions) 3071s budget=16.4GB
  HIT SRR3736541: 1 baits >= 0.7 ['ECBAIT_HOST_CONTROL_01']
  HIT SRR3736544: 1 baits >= 0.7 ['ECBAIT_HOST_CONTROL_01']
  HIT SRR3736539: 1 baits >= 0.7 ['ECBAIT_HOST_CONTROL_01']
  HIT SRR3736542: 1 baits >= 0.7 ['ECBAIT_HOST_CONTROL_01']
  HIT SRR3736546: 1 baits >= 0.7 ['ECBAIT_HOST_CONTROL_01']
  HIT SRR3736545: 1 baits >= 0.7 ['ECBAIT_HOST_CONTROL_01']
  HIT SRR3736549: 1 baits >= 0.7 ['ECBAIT_HOST_CONTROL_01']
  HIT SRR3736550: 1 baits >= 0.7 ['ECBAIT_HOST_CONTROL_01']
  HIT SRR3736552: 1 baits >= 0.7 ['ECBAIT_HOST_CONTROL_01']
  HIT SRR3736556: 1 baits >= 0.7 ['ECBAIT_HOST_CONTROL_01']
  HIT SRR3736558: 1 baits >= 0.7 ['ECBAIT_HOST_CONTROL_01']
  HIT SRR3736562: 1 baits >= 0.7 ['ECBAIT_HOST_CONTROL_01']
  HIT SRR3736563: 1 baits >= 0.7 ['ECBAIT_HOST_CONTROL_01']
  HIT SRR3736565: 1 baits >= 0.7 ['ECBAIT_HOST_CONTROL_01']
  HIT SRR3736568: 1 baits >= 0.7 ['ECBAIT_HOST_CONTROL_01']
  HIT SRR3736566: 1 baits >= 0.7 ['ECBAIT_HOST_CONTROL_01']
  HIT SRR3736569: 1 baits >= 0.7 ['ECBAIT_HOST_CONTROL_01']
  HIT SRR3736570: 1 baits >= 0.7 ['ECBAIT_HOST_CONTROL_01']
  HIT SRR3736571: 1 baits >= 0.7 ['ECBAIT_HOST_CONTROL_01']
  HIT SRR3736572: 1 baits >= 0.7 ['ECBAIT_HOST_CONTROL_01']
  HIT SRR3736574: 1 baits >= 0.7 ['ECBAIT_HOST_CONTROL_01']
  HIT SRR3736573: 1 baits >= 0.7 ['ECBAIT_HOST_CONTROL_01']
  HIT SRR3736575: 1 baits >= 0.7 ['ECBAIT_HOST_CONTROL_01']
  HIT SRR3736578: 1 baits >= 0.7 ['ECBAIT_HOST_CONTROL_01']
  HIT SRR3736581: 1 baits >= 0.7 ['ECBAIT_HOST_CONTROL_01']
  HIT SRR3736580: 1 baits >= 0.7 ['ECBAIT_HOST_CONTROL_01']
  HIT SRR3736582: 1 baits >= 0.7 ['ECBAIT_HOST_CONTROL_01']
  HIT SRR3736584: 1 baits >= 0.7 ['ECBAIT_HOST_CONTROL_01']
  HIT SRR3736587: 1 baits >= 0.7 ['ECBAIT_HOST_CONTROL_01']
  HIT SRR3736588: 1 baits >= 0.7 ['ECBAIT_HOST_CONTROL_01']
  HIT SRR3736585: 1 baits >= 0.7 ['ECBAIT_HOST_CONTROL_01']
  HIT SRR3736589: 1 baits >= 0.7 ['ECBAIT_HOST_CONTROL_01']
  HIT SRR3736591: 1 baits >= 0.7 ['ECBAIT_HOST_CONTROL_01']
  HIT SRR3736592: 1 baits >= 0.7 ['ECBAIT_HOST_CONTROL_01']
  HIT SRR3736593: 1 baits >= 0.7 ['ECBAIT_HOST_CONTROL_01']
  HIT SRR3736594: 1 baits >= 0.7 ['ECBAIT_HOST_CONTROL_01']
  HIT SRR3736596: 1 baits >= 0.7 ['ECBAIT_HOST_CONTROL_01']
  HIT SRR3736606: 1 baits >= 0.7 ['ECBAIT_HOST_CONTROL_01']
  HIT SRR3736597: 1 baits >= 0.7 ['ECBAIT_HOST_CONTROL_01']
  HIT SRR3736608: 1 baits >= 0.7 ['ECBAIT_HOST_CONTROL_01']
  HIT SRR3736609: 1 baits >= 0.7 ['ECBAIT_HOST_CONTROL_01']
  HIT SRR3736610: 1 baits >= 0.7 ['ECBAIT_HOST_CONTROL_01']
  HIT SRR3736611: 1 baits >= 0.7 ['ECBAIT_HOST_CONTROL_01']
  HIT SRR3736614: 1 baits >= 0.7 ['ECBAIT_HOST_CONTROL_01']
  HIT SRR3736616: 1 baits >= 0.7 ['ECBAIT_HOST_CONTROL_01']
  HIT SRR3736619: 1 baits >= 0.7 ['ECBAIT_HOST_CONTROL_01']
  HIT SRR3736621: 1 baits >= 0.7 ['ECBAIT_HOST_CONTROL_01']
  HIT SRR3736622: 1 baits >= 0.7 ['ECBAIT_HOST_CONTROL_01']
  HIT SRR3736625: 1 baits >= 0.7 ['ECBAIT_HOST_CONTROL_01']
  HIT SRR3736626: 1 baits >= 0.7 ['ECBAIT_HOST_CONTROL_01']
  9950/12000 processed (9372 screened, 7730 hit-accessions) 3087s budget=16.4GB
  HIT SRR3736627: 1 baits >= 0.7 ['ECBAIT_HOST_CONTROL_01']
  HIT SRR3736628: 1 baits >= 0.7 ['ECBAIT_HOST_CONTROL_01']
  HIT SRR3736635: 1 baits >= 0.7 ['ECBAIT_HOST_CONTROL_01']
  HIT SRR3736636: 1 baits >= 0.7 ['ECBAIT_HOST_CONTROL_01']
  HIT SRR3736639: 1 baits >= 0.7 ['ECBAIT_HOST_CONTROL_01']
  HIT SRR3736641: 1 baits >= 0.7 ['ECBAIT_HOST_CONTROL_01']
  10000/12000 processed (9378 screened, 7736 hit-accessions) 3090s budget=16.4GB
  HIT SRR3823875: 1 baits >= 0.7 ['ECBAIT_HOST_CONTROL_01']
  10050/12000 processed (9379 screened, 7737 hit-accessions) 3092s budget=16.4GB
  HIT SRR3823448: 1 baits >= 0.7 ['ECBAIT_HOST_CONTROL_01']
  HIT SRR3823937: 1 baits >= 0.7 ['ECBAIT_HOST_CONTROL_01']
  HIT SRR3823637: 1 baits >= 0.7 ['ECBAIT_HOST_CONTROL_01']
  HIT SRR3823953: 1 baits >= 0.7 ['ECBAIT_HOST_CONTROL_01']
  10100/12000 processed (9383 screened, 7741 hit-accessions) 3094s budget=16.4GB
  HIT SRR3835569: 1 baits >= 0.7 ['ECBAIT_HOST_CONTROL_01']
  HIT SRR3836291: 1 baits >= 0.7 ['ECBAIT_HOST_CONTROL_01']
  HIT SRR3841863: 1 baits >= 0.7 ['ECBAIT_HOST_CONTROL_01']
  HIT SRR3841864: 1 baits >= 0.7 ['ECBAIT_HOST_CONTROL_01']
  HIT SRR3841865: 1 baits >= 0.7 ['ECBAIT_HOST_CONTROL_01']
  HIT SRR3858315: 1 baits >= 0.7 ['ECBAIT_HOST_CONTROL_01']
  HIT SRR3858316: 1 baits >= 0.7 ['ECBAIT_HOST_CONTROL_01']
  HIT SRR3862834: 1 baits >= 0.7 ['ECBAIT_HOST_CONTROL_01']
  HIT SRR3865307: 1 baits >= 0.7 ['ECBAIT_HOST_CONTROL_01']
  HIT SRR3865310: 1 baits >= 0.7 ['ECBAIT_HOST_CONTROL_01']
  HIT SRR3865312: 1 baits >= 0.7 ['ECBAIT_HOST_CONTROL_01']
  HIT SRR3865311: 1 baits >= 0.7 ['ECBAIT_HOST_CONTROL_01']
  10150/12000 processed (9395 screened, 7753 hit-accessions) 3099s budget=16.5GB
  HIT SRR3865313: 1 baits >= 0.7 ['ECBAIT_HOST_CONTROL_01']
  HIT SRR3865315: 1 baits >= 0.7 ['ECBAIT_HOST_CONTROL_01']
  HIT SRR3865316: 1 baits >= 0.7 ['ECBAIT_HOST_CONTROL_01']
  HIT SRR387477: 6 baits >= 0.7 ['ECBAIT_10_0002_MEMBER_INTERIOR_01', 'ECBAIT_10_0044_INTERIOR_MODULE_01', 'ECBAIT_10_0044_MEMBER_INTERIOR_01', 'ECBAIT_10_0178_INTERIOR_MODULE_01']
  10200/12000 processed (9399 screened, 7757 hit-accessions) 3103s budget=16.5GB
  HIT SRR387487: 5 baits >= 0.7 ['ECBAIT_0_0000_JUNCTION_01', 'ECBAIT_10_0002_MEMBER_INTERIOR_01', 'ECBAIT_10_0044_JUNCTION_02', 'ECBAIT_10_0044_JUNCTION_03']
  HIT SRR387491: 1 baits >= 0.7 ['ECBAIT_0_0000_JUNCTION_02']
  HIT SRR387492: 4 baits >= 0.7 ['ECBAIT_0_0000_JUNCTION_02', 'ECBAIT_0_0052_JUNCTION_03', 'ECBAIT_10_0057_MEMBER_INTERIOR_01', 'ECBAIT_HOST_CONTROL_01']
  HIT SRR3876394: 1 baits >= 0.7 ['ECBAIT_HOST_CONTROL_01']
  HIT SRR3876390: 1 baits >= 0.7 ['ECBAIT_HOST_CONTROL_01']
  HIT SRR3876792: 1 baits >= 0.7 ['ECBAIT_HOST_CONTROL_01']
  HIT SRR3876816: 1 baits >= 0.7 ['ECBAIT_HOST_CONTROL_01']
  HIT SRR3876815: 1 baits >= 0.7 ['ECBAIT_HOST_CONTROL_01']
  HIT SRR3883631: 1 baits >= 0.7 ['ECBAIT_HOST_CONTROL_01']
  HIT SRR3883633: 1 baits >= 0.7 ['ECBAIT_HOST_CONTROL_01']
  HIT SRR3883634: 1 baits >= 0.7 ['ECBAIT_HOST_CONTROL_01']
  HIT SRR3883638: 1 baits >= 0.7 ['ECBAIT_HOST_CONTROL_01']
  HIT SRR3884683: 1 baits >= 0.7 ['ECBAIT_HOST_CONTROL_01']
  HIT SRR3884694: 1 baits >= 0.7 ['ECBAIT_HOST_CONTROL_01']
  10250/12000 processed (9414 screened, 7771 hit-accessions) 3108s budget=16.5GB
  HIT SRR390737: 2 baits >= 0.7 ['ECBAIT_10_0002_MEMBER_INTERIOR_01', 'ECBAIT_10_0044_MEMBER_INTERIOR_01']
  HIT SRR390738: 2 baits >= 0.7 ['ECBAIT_10_0002_MEMBER_INTERIOR_01', 'ECBAIT_10_0044_MEMBER_INTERIOR_01']
  HIT SRR3910912: 1 baits >= 0.7 ['ECBAIT_HOST_CONTROL_01']
  HIT SRR3910913: 1 baits >= 0.7 ['ECBAIT_HOST_CONTROL_01']
  HIT SRR3910915: 1 baits >= 0.7 ['ECBAIT_HOST_CONTROL_01']
  HIT SRR3910916: 1 baits >= 0.7 ['ECBAIT_HOST_CONTROL_01']
  HIT SRR3910917: 1 baits >= 0.7 ['ECBAIT_HOST_CONTROL_01']
  10300/12000 processed (9421 screened, 7778 hit-accessions) 3112s budget=16.5GB
  HIT SRR3910918: 1 baits >= 0.7 ['ECBAIT_HOST_CONTROL_01']
  HIT SRR3910919: 1 baits >= 0.7 ['ECBAIT_HOST_CONTROL_01']
  HIT SRR3910920: 1 baits >= 0.7 ['ECBAIT_HOST_CONTROL_01']
  HIT SRR3910922: 1 baits >= 0.7 ['ECBAIT_HOST_CONTROL_01']
  HIT SRR3910921: 1 baits >= 0.7 ['ECBAIT_HOST_CONTROL_01']
  HIT SRR3925731: 1 baits >= 0.7 ['ECBAIT_HOST_CONTROL_01']
  HIT SRR3925803: 1 baits >= 0.7 ['ECBAIT_HOST_CONTROL_01']
  HIT SRR3925879: 1 baits >= 0.7 ['ECBAIT_HOST_CONTROL_01']
  HIT SRR3925811: 1 baits >= 0.7 ['ECBAIT_HOST_CONTROL_01']
  HIT SRR3925986: 1 baits >= 0.7 ['ECBAIT_HOST_CONTROL_01']
  HIT SRR3926006: 1 baits >= 0.7 ['ECBAIT_HOST_CONTROL_01']
  HIT SRR3925954: 1 baits >= 0.7 ['ECBAIT_HOST_CONTROL_01']
  HIT SRR3925931: 1 baits >= 0.7 ['ECBAIT_HOST_CONTROL_01']
  HIT SRR3926072: 1 baits >= 0.7 ['ECBAIT_HOST_CONTROL_01']
  10350/12000 processed (9435 screened, 7792 hit-accessions) 3117s budget=16.5GB
  HIT SRR3926075: 1 baits >= 0.7 ['ECBAIT_HOST_CONTROL_01']
  HIT SRR3926074: 1 baits >= 0.7 ['ECBAIT_HOST_CONTROL_01']
  HIT SRR3926073: 1 baits >= 0.7 ['ECBAIT_HOST_CONTROL_01']
  HIT SRR3926137: 1 baits >= 0.7 ['ECBAIT_HOST_CONTROL_01']
  HIT SRR3926135: 1 baits >= 0.7 ['ECBAIT_HOST_CONTROL_01']
  HIT SRR3926136: 1 baits >= 0.7 ['ECBAIT_HOST_CONTROL_01']
  HIT SRR3926105: 1 baits >= 0.7 ['ECBAIT_HOST_CONTROL_01']
  HIT SRR3926140: 1 baits >= 0.7 ['ECBAIT_HOST_CONTROL_01']
  HIT SRR3926139: 1 baits >= 0.7 ['ECBAIT_HOST_CONTROL_01']
  HIT SRR392636: 1 baits >= 0.7 ['ECBAIT_10_0002_MEMBER_INTERIOR_01']
  HIT SRR392637: 1 baits >= 0.7 ['ECBAIT_10_0002_MEMBER_INTERIOR_01']
  HIT SRR394006: 2 baits >= 0.7 ['ECBAIT_10_0002_MEMBER_INTERIOR_01', 'ECBAIT_10_0044_MEMBER_INTERIOR_01']
  HIT SRR396518: 1 baits >= 0.7 ['ECBAIT_HOST_CONTROL_01']
  HIT SRR396519: 1 baits >= 0.7 ['ECBAIT_HOST_CONTROL_01']
  HIT SRR396520: 1 baits >= 0.7 ['ECBAIT_HOST_CONTROL_01']
  HIT SRR396521: 1 baits >= 0.7 ['ECBAIT_HOST_CONTROL_01']
  HIT SRR396522: 1 baits >= 0.7 ['ECBAIT_HOST_CONTROL_01']
  HIT SRR396524: 1 baits >= 0.7 ['ECBAIT_HOST_CONTROL_01']
  HIT SRR396523: 1 baits >= 0.7 ['ECBAIT_HOST_CONTROL_01']
  HIT SRR396525: 1 baits >= 0.7 ['ECBAIT_HOST_CONTROL_01']
  HIT SRR396526: 1 baits >= 0.7 ['ECBAIT_HOST_CONTROL_01']
  HIT SRR396527: 1 baits >= 0.7 ['ECBAIT_HOST_CONTROL_01']
  HIT SRR396528: 1 baits >= 0.7 ['ECBAIT_HOST_CONTROL_01']
  HIT SRR396529: 1 baits >= 0.7 ['ECBAIT_HOST_CONTROL_01']
  10400/12000 processed (9460 screened, 7816 hit-accessions) 3125s budget=16.5GB
  HIT SRR396530: 1 baits >= 0.7 ['ECBAIT_HOST_CONTROL_01']
  HIT SRR396531: 1 baits >= 0.7 ['ECBAIT_HOST_CONTROL_01']
  HIT SRR396532: 1 baits >= 0.7 ['ECBAIT_HOST_CONTROL_01']
  HIT SRR396533: 1 baits >= 0.7 ['ECBAIT_HOST_CONTROL_01']
  HIT SRR396534: 1 baits >= 0.7 ['ECBAIT_HOST_CONTROL_01']
  HIT SRR396537: 1 baits >= 0.7 ['ECBAIT_HOST_CONTROL_01']
  HIT SRR396536: 1 baits >= 0.7 ['ECBAIT_HOST_CONTROL_01']
  HIT SRR396535: 1 baits >= 0.7 ['ECBAIT_HOST_CONTROL_01']
  HIT SRR396621: 4 baits >= 0.7 ['ECBAIT_0_0000_JUNCTION_01', 'ECBAIT_10_0002_MEMBER_INTERIOR_01', 'ECBAIT_10_0044_INTERIOR_MODULE_01', 'ECBAIT_10_0044_MEMBER_INTERIOR_01']
  HIT SRR396620: 1 baits >= 0.7 ['ECBAIT_10_0002_MEMBER_INTERIOR_01']
  HIT SRR396624: 2 baits >= 0.7 ['ECBAIT_10_0002_MEMBER_INTERIOR_01', 'ECBAIT_10_0044_MEMBER_INTERIOR_01']
  HIT SRR396619: 2 baits >= 0.7 ['ECBAIT_0_0000_JUNCTION_01', 'ECBAIT_10_0044_MEMBER_INTERIOR_01']
  HIT SRR396681: 1 baits >= 0.7 ['ECBAIT_10_0002_MEMBER_INTERIOR_01']
  HIT SRR396680: 1 baits >= 0.7 ['ECBAIT_10_0002_MEMBER_INTERIOR_01']
  10450/12000 processed (9474 screened, 7830 hit-accessions) 3131s budget=16.6GB
  HIT SRR4025857: 1 baits >= 0.7 ['ECBAIT_10_0057_MEMBER_INTERIOR_01']
  HIT SRR4025854: 2 baits >= 0.7 ['ECBAIT_10_0002_MEMBER_INTERIOR_01', 'ECBAIT_10_0057_MEMBER_INTERIOR_01']
  HIT SRR4025855: 2 baits >= 0.7 ['ECBAIT_10_0002_MEMBER_INTERIOR_01', 'ECBAIT_10_0057_MEMBER_INTERIOR_01']
  HIT SRR4025859: 1 baits >= 0.7 ['ECBAIT_HOST_CONTROL_01']
  HIT SRR4027656: 1 baits >= 0.7 ['ECBAIT_HOST_CONTROL_01']
  HIT SRR4025862: 2 baits >= 0.7 ['ECBAIT_10_0002_MEMBER_INTERIOR_01', 'ECBAIT_10_0057_MEMBER_INTERIOR_01']
  10500/12000 processed (9480 screened, 7836 hit-accessions) 3135s budget=16.6GB
  HIT SRR4027068: 1 baits >= 0.7 ['ECBAIT_HOST_CONTROL_01']
  HIT SRR4027657: 1 baits >= 0.7 ['ECBAIT_HOST_CONTROL_01']
  HIT SRR4027838: 2 baits >= 0.7 ['ECBAIT_0_0067_MEMBER_INTERIOR_01', 'ECBAIT_HOST_CONTROL_01']
  HIT SRR4027843: 2 baits >= 0.7 ['ECBAIT_0_0067_MEMBER_INTERIOR_01', 'ECBAIT_HOST_CONTROL_01']
  HIT SRR4027989: 1 baits >= 0.7 ['ECBAIT_HOST_CONTROL_01']
  HIT SRR4028046: 2 baits >= 0.7 ['ECBAIT_0_0067_MEMBER_INTERIOR_01', 'ECBAIT_HOST_CONTROL_01']
  HIT SRR4036811: 2 baits >= 0.7 ['ECBAIT_HOST_CONTROL_01', 'ECBAIT_POSCON_LAMBDA_01']
  HIT SRR4028053: 2 baits >= 0.7 ['ECBAIT_0_0067_MEMBER_INTERIOR_01', 'ECBAIT_HOST_CONTROL_01']
  HIT SRR427072: 1 baits >= 0.7 ['ECBAIT_10_0002_MEMBER_INTERIOR_01']
  HIT SRR446712: 1 baits >= 0.7 ['ECBAIT_0_0000_JUNCTION_02']
  HIT SRR446713: 1 baits >= 0.7 ['ECBAIT_0_0000_JUNCTION_02']
  HIT SRR446797: 3 baits >= 0.7 ['ECBAIT_0_0046_JUNCTION_01', 'ECBAIT_0_0046_MEMBER_INTERIOR_01', 'ECBAIT_1_0022_JUNCTION_03']
  HIT SRR446857: 4 baits >= 0.7 ['ECBAIT_0_0046_MEMBER_INTERIOR_01', 'ECBAIT_10_0038_MEMBER_INTERIOR_01', 'ECBAIT_1_0022_JUNCTION_03', 'ECBAIT_HOST_CONTROL_01']
  HIT SRR446858: 4 baits >= 0.7 ['ECBAIT_0_0046_MEMBER_INTERIOR_01', 'ECBAIT_10_0038_MEMBER_INTERIOR_01', 'ECBAIT_1_0022_JUNCTION_03', 'ECBAIT_HOST_CONTROL_01']
  HIT SRR446865: 1 baits >= 0.7 ['ECBAIT_HOST_CONTROL_01']
  HIT SRR446866: 1 baits >= 0.7 ['ECBAIT_HOST_CONTROL_01']
  HIT SRR446885: 1 baits >= 0.7 ['ECBAIT_HOST_CONTROL_01']
  HIT SRR446896: 2 baits >= 0.7 ['ECBAIT_0_0000_JUNCTION_02', 'ECBAIT_0_0014_MEMBER_INTERIOR_01']
  HIT SRR446911: 1 baits >= 0.7 ['ECBAIT_0_0014_MEMBER_INTERIOR_01']
  HIT SRR446915: 1 baits >= 0.7 ['ECBAIT_0_0014_MEMBER_INTERIOR_01']
  HIT SRR446925: 1 baits >= 0.7 ['ECBAIT_HOST_CONTROL_01']
  HIT SRR446940: 1 baits >= 0.7 ['ECBAIT_10_0057_MEMBER_INTERIOR_01']
  HIT SRR446990: 1 baits >= 0.7 ['ECBAIT_10_0057_MEMBER_INTERIOR_01']
  HIT SRR447076: 1 baits >= 0.7 ['ECBAIT_10_0057_MEMBER_INTERIOR_01']
  HIT SRR447085: 4 baits >= 0.7 ['ECBAIT_0_0000_JUNCTION_02', 'ECBAIT_10_0057_MEMBER_INTERIOR_01', 'ECBAIT_10_0172_MEMBER_INTERIOR_01', 'ECBAIT_HOST_CONTROL_01']
  HIT SRR447088: 3 baits >= 0.7 ['ECBAIT_10_0057_MEMBER_INTERIOR_01', 'ECBAIT_10_0172_MEMBER_INTERIOR_01', 'ECBAIT_HOST_CONTROL_01']
  HIT SRR447091: 3 baits >= 0.7 ['ECBAIT_10_0057_MEMBER_INTERIOR_01', 'ECBAIT_10_0172_MEMBER_INTERIOR_01', 'ECBAIT_HOST_CONTROL_01']
  HIT SRR447111: 1 baits >= 0.7 ['ECBAIT_10_0172_MEMBER_INTERIOR_01']
  HIT SRR447114: 1 baits >= 0.7 ['ECBAIT_10_0172_MEMBER_INTERIOR_01']
  HIT SRR447691: 1 baits >= 0.7 ['ECBAIT_HOST_CONTROL_01']
  HIT SRR447660: 1 baits >= 0.7 ['ECBAIT_HOST_CONTROL_01']
  HIT SRR490740: 1 baits >= 0.7 ['ECBAIT_10_0057_MEMBER_INTERIOR_01']
  HIT SRR490739: 2 baits >= 0.7 ['ECBAIT_10_0057_MEMBER_INTERIOR_01', 'ECBAIT_HOST_CONTROL_01']
  HIT SRR490741: 1 baits >= 0.7 ['ECBAIT_10_0057_MEMBER_INTERIOR_01']
  HIT SRR490950: 4 baits >= 0.7 ['ECBAIT_10_0002_MEMBER_INTERIOR_01', 'ECBAIT_10_0044_MEMBER_INTERIOR_01', 'ECBAIT_10_0172_JUNCTION_02', 'ECBAIT_HOST_CONTROL_01']
  HIT SRR490949: 1 baits >= 0.7 ['ECBAIT_10_0044_MEMBER_INTERIOR_01']
  HIT SRR497016: 6 baits >= 0.7 ['ECBAIT_10_0002_JUNCTION_01', 'ECBAIT_10_0044_JUNCTION_02', 'ECBAIT_10_0044_MEMBER_INTERIOR_01', 'ECBAIT_10_0057_MEMBER_INTERIOR_01']
  HIT SRR501455: 6 baits >= 0.7 ['ECBAIT_10_0002_JUNCTION_01', 'ECBAIT_10_0044_JUNCTION_02', 'ECBAIT_10_0044_MEMBER_INTERIOR_01', 'ECBAIT_10_0057_MEMBER_INTERIOR_01']
  HIT SRR504305: 1 baits >= 0.7 ['ECBAIT_10_0002_MEMBER_INTERIOR_01']
  10550/12000 processed (9528 screened, 7875 hit-accessions) 3150s budget=16.6GB
  HIT SRR504750: 1 baits >= 0.7 ['ECBAIT_10_0044_MEMBER_INTERIOR_01']
  HIT SRR5167858: 2 baits >= 0.7 ['ECBAIT_10_0002_MEMBER_INTERIOR_01', 'ECBAIT_10_0057_MEMBER_INTERIOR_01']
  HIT SRR5167859: 2 baits >= 0.7 ['ECBAIT_10_0002_MEMBER_INTERIOR_01', 'ECBAIT_10_0057_MEMBER_INTERIOR_01']
  HIT SRR5168210: 2 baits >= 0.7 ['ECBAIT_10_0002_MEMBER_INTERIOR_01', 'ECBAIT_10_0057_MEMBER_INTERIOR_01']
  HIT SRR5168211: 2 baits >= 0.7 ['ECBAIT_10_0002_MEMBER_INTERIOR_01', 'ECBAIT_10_0057_MEMBER_INTERIOR_01']
  HIT SRR5168216: 1 baits >= 0.7 ['ECBAIT_10_0057_MEMBER_INTERIOR_01']
  HIT SRR5168215: 1 baits >= 0.7 ['ECBAIT_10_0057_MEMBER_INTERIOR_01']
  HIT SRR5168223: 1 baits >= 0.7 ['ECBAIT_HOST_CONTROL_01']
  HIT SRR5168224: 1 baits >= 0.7 ['ECBAIT_HOST_CONTROL_01']
  HIT SRR5168234: 2 baits >= 0.7 ['ECBAIT_10_0002_MEMBER_INTERIOR_01', 'ECBAIT_10_0057_MEMBER_INTERIOR_01']
  HIT SRR5168233: 2 baits >= 0.7 ['ECBAIT_10_0002_MEMBER_INTERIOR_01', 'ECBAIT_10_0057_MEMBER_INTERIOR_01']
  HIT SRR5190657: 1 baits >= 0.7 ['ECBAIT_HOST_CONTROL_01']
  HIT SRR5190676: 1 baits >= 0.7 ['ECBAIT_HOST_CONTROL_01']
  10600/12000 processed (9567 screened, 7888 hit-accessions) 3162s budget=16.7GB
  HIT SRR5194612: 1 baits >= 0.7 ['ECBAIT_HOST_CONTROL_01']
  HIT SRR5279314: 1 baits >= 0.7 ['ECBAIT_HOST_CONTROL_01']
  HIT SRR5279325: 1 baits >= 0.7 ['ECBAIT_10_0057_MEMBER_INTERIOR_01']
  HIT SRR5279329: 1 baits >= 0.7 ['ECBAIT_10_0057_MEMBER_INTERIOR_01']
  HIT SRR5279332: 1 baits >= 0.7 ['ECBAIT_10_0057_MEMBER_INTERIOR_01']
  HIT SRR5328644: 1 baits >= 0.7 ['ECBAIT_HOST_CONTROL_01']
  HIT SRR537188: 1 baits >= 0.7 ['ECBAIT_10_0002_MEMBER_INTERIOR_01']
  HIT SRR5438179: 1 baits >= 0.7 ['ECBAIT_HOST_CONTROL_01']
  HIT SRR5438181: 1 baits >= 0.7 ['ECBAIT_HOST_CONTROL_01']
  HIT SRR5438178: 1 baits >= 0.7 ['ECBAIT_HOST_CONTROL_01']
  HIT SRR5438182: 1 baits >= 0.7 ['ECBAIT_HOST_CONTROL_01']
  HIT SRR5438185: 1 baits >= 0.7 ['ECBAIT_HOST_CONTROL_01']
  HIT SRR5438184: 1 baits >= 0.7 ['ECBAIT_HOST_CONTROL_01']
  HIT SRR5438183: 1 baits >= 0.7 ['ECBAIT_HOST_CONTROL_01']
  HIT SRR5438187: 1 baits >= 0.7 ['ECBAIT_HOST_CONTROL_01']
  HIT SRR5438190: 1 baits >= 0.7 ['ECBAIT_HOST_CONTROL_01']
  HIT SRR5438188: 1 baits >= 0.7 ['ECBAIT_HOST_CONTROL_01']
  HIT SRR5438191: 1 baits >= 0.7 ['ECBAIT_HOST_CONTROL_01']
  HIT SRR5438193: 1 baits >= 0.7 ['ECBAIT_HOST_CONTROL_01']
  HIT SRR5438197: 1 baits >= 0.7 ['ECBAIT_HOST_CONTROL_01']
  HIT SRR5438200: 1 baits >= 0.7 ['ECBAIT_HOST_CONTROL_01']
  HIT SRR5438195: 1 baits >= 0.7 ['ECBAIT_HOST_CONTROL_01']
  HIT SRR5438198: 1 baits >= 0.7 ['ECBAIT_HOST_CONTROL_01']
  HIT SRR5438201: 1 baits >= 0.7 ['ECBAIT_HOST_CONTROL_01']
  HIT SRR5438203: 1 baits >= 0.7 ['ECBAIT_HOST_CONTROL_01']
  HIT SRR5438202: 1 baits >= 0.7 ['ECBAIT_HOST_CONTROL_01']
  HIT SRR5438204: 1 baits >= 0.7 ['ECBAIT_HOST_CONTROL_01']
  HIT SRR5438205: 1 baits >= 0.7 ['ECBAIT_HOST_CONTROL_01']
  HIT SRR5438206: 1 baits >= 0.7 ['ECBAIT_HOST_CONTROL_01']
  HIT SRR5438207: 1 baits >= 0.7 ['ECBAIT_HOST_CONTROL_01']
  HIT SRR5438208: 1 baits >= 0.7 ['ECBAIT_HOST_CONTROL_01']
  HIT SRR5438212: 1 baits >= 0.7 ['ECBAIT_HOST_CONTROL_01']
  HIT SRR5438213: 1 baits >= 0.7 ['ECBAIT_HOST_CONTROL_01']
  HIT SRR5438215: 1 baits >= 0.7 ['ECBAIT_HOST_CONTROL_01']
  HIT SRR5438217: 1 baits >= 0.7 ['ECBAIT_HOST_CONTROL_01']
  10650/12000 processed (9616 screened, 7923 hit-accessions) 3178s budget=16.8GB
  HIT SRR5438219: 1 baits >= 0.7 ['ECBAIT_HOST_CONTROL_01']
  HIT SRR5438223: 1 baits >= 0.7 ['ECBAIT_HOST_CONTROL_01']
  HIT SRR5438225: 1 baits >= 0.7 ['ECBAIT_HOST_CONTROL_01']
  HIT SRR5438224: 1 baits >= 0.7 ['ECBAIT_HOST_CONTROL_01']
  HIT SRR5438228: 1 baits >= 0.7 ['ECBAIT_HOST_CONTROL_01']
  HIT SRR5438229: 1 baits >= 0.7 ['ECBAIT_HOST_CONTROL_01']
  HIT SRR5438230: 1 baits >= 0.7 ['ECBAIT_HOST_CONTROL_01']
  HIT SRR5438232: 1 baits >= 0.7 ['ECBAIT_HOST_CONTROL_01']
  HIT SRR5438233: 1 baits >= 0.7 ['ECBAIT_HOST_CONTROL_01']
  HIT SRR5438234: 1 baits >= 0.7 ['ECBAIT_HOST_CONTROL_01']
  HIT SRR5438235: 1 baits >= 0.7 ['ECBAIT_HOST_CONTROL_01']
  HIT SRR5438236: 1 baits >= 0.7 ['ECBAIT_HOST_CONTROL_01']
  HIT SRR5438238: 1 baits >= 0.7 ['ECBAIT_HOST_CONTROL_01']
  HIT SRR5438241: 1 baits >= 0.7 ['ECBAIT_HOST_CONTROL_01']
  HIT SRR5438240: 1 baits >= 0.7 ['ECBAIT_HOST_CONTROL_01']
  HIT SRR5438239: 1 baits >= 0.7 ['ECBAIT_HOST_CONTROL_01']
  HIT SRR5438245: 1 baits >= 0.7 ['ECBAIT_HOST_CONTROL_01']
  HIT SRR5438246: 1 baits >= 0.7 ['ECBAIT_HOST_CONTROL_01']
  HIT SRR5438247: 1 baits >= 0.7 ['ECBAIT_HOST_CONTROL_01']
  HIT SRR5438250: 1 baits >= 0.7 ['ECBAIT_HOST_CONTROL_01']
  HIT SRR5438251: 1 baits >= 0.7 ['ECBAIT_HOST_CONTROL_01']
  HIT SRR5438252: 1 baits >= 0.7 ['ECBAIT_HOST_CONTROL_01']
  HIT SRR5438254: 1 baits >= 0.7 ['ECBAIT_HOST_CONTROL_01']
  HIT SRR5438257: 1 baits >= 0.7 ['ECBAIT_HOST_CONTROL_01']
  HIT SRR5438258: 1 baits >= 0.7 ['ECBAIT_HOST_CONTROL_01']
  HIT SRR5438259: 1 baits >= 0.7 ['ECBAIT_HOST_CONTROL_01']
  HIT SRR5438262: 1 baits >= 0.7 ['ECBAIT_HOST_CONTROL_01']
  HIT SRR5438260: 1 baits >= 0.7 ['ECBAIT_HOST_CONTROL_01']
  HIT SRR5438264: 1 baits >= 0.7 ['ECBAIT_HOST_CONTROL_01']
  HIT SRR5438266: 1 baits >= 0.7 ['ECBAIT_HOST_CONTROL_01']
  HIT SRR5438267: 1 baits >= 0.7 ['ECBAIT_HOST_CONTROL_01']
  HIT SRR5438268: 1 baits >= 0.7 ['ECBAIT_HOST_CONTROL_01']
  HIT SRR5470262: 2 baits >= 0.7 ['ECBAIT_10_0057_MEMBER_INTERIOR_01', 'ECBAIT_10_0151_MEMBER_INTERIOR_01']
  HIT SRR5713464: 1 baits >= 0.7 ['ECBAIT_HOST_CONTROL_01']
  HIT SRR575717: 3 baits >= 0.7 ['ECBAIT_10_0002_MEMBER_INTERIOR_01', 'ECBAIT_10_0044_INTERIOR_MODULE_01', 'ECBAIT_10_0044_MEMBER_INTERIOR_01']
  HIT SRR575718: 3 baits >= 0.7 ['ECBAIT_10_0002_MEMBER_INTERIOR_01', 'ECBAIT_10_0044_INTERIOR_MODULE_01', 'ECBAIT_10_0044_MEMBER_INTERIOR_01']
  HIT SRR576622: 5 baits >= 0.7 ['ECBAIT_10_0044_INTERIOR_MODULE_01', 'ECBAIT_10_0044_JUNCTION_02', 'ECBAIT_10_0044_MEMBER_INTERIOR_01', 'ECBAIT_10_0057_MEMBER_INTERIOR_01']
  HIT SRR576629: 5 baits >= 0.7 ['ECBAIT_10_0044_INTERIOR_MODULE_01', 'ECBAIT_10_0044_JUNCTION_02', 'ECBAIT_10_0044_MEMBER_INTERIOR_01', 'ECBAIT_10_0057_MEMBER_INTERIOR_01']
  HIT SRR576635: 5 baits >= 0.7 ['ECBAIT_10_0044_INTERIOR_MODULE_01', 'ECBAIT_10_0044_JUNCTION_02', 'ECBAIT_10_0044_MEMBER_INTERIOR_01', 'ECBAIT_10_0057_MEMBER_INTERIOR_01']
  HIT SRR576637: 5 baits >= 0.7 ['ECBAIT_10_0044_INTERIOR_MODULE_01', 'ECBAIT_10_0044_JUNCTION_02', 'ECBAIT_10_0044_MEMBER_INTERIOR_01', 'ECBAIT_10_0057_MEMBER_INTERIOR_01']
  HIT SRR576992: 5 baits >= 0.7 ['ECBAIT_10_0044_INTERIOR_MODULE_01', 'ECBAIT_10_0044_JUNCTION_02', 'ECBAIT_10_0044_MEMBER_INTERIOR_01', 'ECBAIT_10_0057_MEMBER_INTERIOR_01']
  HIT SRR576997: 6 baits >= 0.7 ['ECBAIT_10_0002_JUNCTION_01', 'ECBAIT_10_0044_JUNCTION_02', 'ECBAIT_10_0044_MEMBER_INTERIOR_01', 'ECBAIT_10_0057_MEMBER_INTERIOR_01']
  10700/12000 processed (9658 screened, 7965 hit-accessions) 3192s budget=16.8GB
  HIT SRR576998: 5 baits >= 0.7 ['ECBAIT_10_0044_INTERIOR_MODULE_01', 'ECBAIT_10_0044_JUNCTION_02', 'ECBAIT_10_0044_MEMBER_INTERIOR_01', 'ECBAIT_10_0057_MEMBER_INTERIOR_01']
  HIT SRR5851492: 1 baits >= 0.7 ['ECBAIT_HOST_CONTROL_01']
  HIT SRR5851496: 1 baits >= 0.7 ['ECBAIT_HOST_CONTROL_01']
  HIT SRR5851499: 1 baits >= 0.7 ['ECBAIT_HOST_CONTROL_01']
  HIT SRR5851574: 1 baits >= 0.7 ['ECBAIT_HOST_CONTROL_01']
  HIT SRR5851660: 1 baits >= 0.7 ['ECBAIT_HOST_CONTROL_01']
  HIT SRR5851706: 1 baits >= 0.7 ['ECBAIT_HOST_CONTROL_01']
  HIT SRR5851708: 1 baits >= 0.7 ['ECBAIT_HOST_CONTROL_01']
  HIT SRR5851801: 1 baits >= 0.7 ['ECBAIT_HOST_CONTROL_01']
  HIT SRR5852309: 1 baits >= 0.7 ['ECBAIT_HOST_CONTROL_01']
  HIT SRR5852313: 1 baits >= 0.7 ['ECBAIT_HOST_CONTROL_01']
  HIT SRR5883048: 1 baits >= 0.7 ['ECBAIT_HOST_CONTROL_01']
  HIT SRR5990601: 1 baits >= 0.7 ['ECBAIT_HOST_CONTROL_01']
  HIT SRR6007618: 1 baits >= 0.7 ['ECBAIT_HOST_CONTROL_01']
  HIT SRR6007500: 1 baits >= 0.7 ['ECBAIT_HOST_CONTROL_01']
  HIT SRR6007619: 3 baits >= 0.7 ['ECBAIT_10_0057_MEMBER_INTERIOR_01', 'ECBAIT_1_0022_JUNCTION_03', 'ECBAIT_HOST_CONTROL_01']
  HIT SRR6007620: 1 baits >= 0.7 ['ECBAIT_10_0057_MEMBER_INTERIOR_01']
  HIT SRR6048396: 2 baits >= 0.7 ['ECBAIT_HOST_CONTROL_01', 'ECBAIT_POSCON_LAMBDA_01']
  HIT SRR6048397: 2 baits >= 0.7 ['ECBAIT_HOST_CONTROL_01', 'ECBAIT_POSCON_LAMBDA_01']
  HIT SRR6048398: 2 baits >= 0.7 ['ECBAIT_HOST_CONTROL_01', 'ECBAIT_POSCON_LAMBDA_01']
  HIT SRR6061977: 1 baits >= 0.7 ['ECBAIT_1_0004_JUNCTION_01']
  HIT SRR6061962: 2 baits >= 0.7 ['ECBAIT_10_0057_MEMBER_INTERIOR_01', 'ECBAIT_HOST_CONTROL_01']
  HIT SRR6061985: 1 baits >= 0.7 ['ECBAIT_0_0094_MEMBER_INTERIOR_01']
  HIT SRR6062019: 1 baits >= 0.7 ['ECBAIT_HOST_CONTROL_01']
  HIT SRR6076831: 3 baits >= 0.7 ['ECBAIT_0_0000_JUNCTION_02', 'ECBAIT_0_0000_MEMBER_INTERIOR_01', 'ECBAIT_HOST_CONTROL_02']
  HIT SRR6076832: 2 baits >= 0.7 ['ECBAIT_10_0002_JUNCTION_01', 'ECBAIT_10_0002_JUNCTION_02']
  HIT SRR6076833: 2 baits >= 0.7 ['ECBAIT_10_0057_MEMBER_INTERIOR_01', 'ECBAIT_HOST_CONTROL_02']
  HIT SRR6118140: 2 baits >= 0.7 ['ECBAIT_0_0000_JUNCTION_01', 'ECBAIT_10_0044_INTERIOR_MODULE_01']
  HIT SRR6118141: 4 baits >= 0.7 ['ECBAIT_0_0000_JUNCTION_01', 'ECBAIT_10_0002_MEMBER_INTERIOR_01', 'ECBAIT_10_0044_INTERIOR_MODULE_01', 'ECBAIT_10_0044_MEMBER_INTERIOR_01']
  HIT SRR6118142: 4 baits >= 0.7 ['ECBAIT_0_0000_JUNCTION_01', 'ECBAIT_10_0002_MEMBER_INTERIOR_01', 'ECBAIT_10_0044_INTERIOR_MODULE_01', 'ECBAIT_10_0044_MEMBER_INTERIOR_01']
  HIT SRR6118143: 4 baits >= 0.7 ['ECBAIT_0_0000_JUNCTION_01', 'ECBAIT_10_0002_MEMBER_INTERIOR_01', 'ECBAIT_10_0044_INTERIOR_MODULE_01', 'ECBAIT_10_0044_MEMBER_INTERIOR_01']
  HIT SRR6118144: 4 baits >= 0.7 ['ECBAIT_0_0000_JUNCTION_01', 'ECBAIT_10_0002_MEMBER_INTERIOR_01', 'ECBAIT_10_0044_INTERIOR_MODULE_01', 'ECBAIT_10_0044_MEMBER_INTERIOR_01']
  HIT SRR6118145: 4 baits >= 0.7 ['ECBAIT_0_0000_JUNCTION_01', 'ECBAIT_10_0002_MEMBER_INTERIOR_01', 'ECBAIT_10_0044_INTERIOR_MODULE_01', 'ECBAIT_10_0044_MEMBER_INTERIOR_01']
  HIT SRR6118146: 2 baits >= 0.7 ['ECBAIT_10_0002_MEMBER_INTERIOR_01', 'ECBAIT_10_0044_MEMBER_INTERIOR_01']
  10750/12000 processed (9703 screened, 7999 hit-accessions) 3206s budget=16.9GB
  10800/12000 processed (9752 screened, 7999 hit-accessions) 3222s budget=17.0GB
  HIT SRR625489: 1 baits >= 0.7 ['ECBAIT_HOST_CONTROL_01']
  HIT SRR625519: 1 baits >= 0.7 ['ECBAIT_HOST_CONTROL_01']
  HIT SRR625537: 1 baits >= 0.7 ['ECBAIT_HOST_CONTROL_01']
  HIT SRR625658: 1 baits >= 0.7 ['ECBAIT_HOST_CONTROL_01']
  HIT SRR625619: 1 baits >= 0.7 ['ECBAIT_HOST_CONTROL_01']
  HIT SRR625683: 1 baits >= 0.7 ['ECBAIT_HOST_CONTROL_01']
  HIT SRR625729: 1 baits >= 0.7 ['ECBAIT_HOST_CONTROL_01']
  HIT SRR625884: 1 baits >= 0.7 ['ECBAIT_HOST_CONTROL_01']
  HIT SRR625891: 1 baits >= 0.7 ['ECBAIT_HOST_CONTROL_01']
  HIT SRR625959: 1 baits >= 0.7 ['ECBAIT_HOST_CONTROL_01']
  HIT SRR625972: 1 baits >= 0.7 ['ECBAIT_HOST_CONTROL_01']
  HIT SRR625996: 1 baits >= 0.7 ['ECBAIT_HOST_CONTROL_01']
  HIT SRR626005: 1 baits >= 0.7 ['ECBAIT_HOST_CONTROL_01']
  HIT SRR626040: 1 baits >= 0.7 ['ECBAIT_HOST_CONTROL_01']
  HIT SRR626083: 1 baits >= 0.7 ['ECBAIT_HOST_CONTROL_01']
  HIT SRR626127: 1 baits >= 0.7 ['ECBAIT_HOST_CONTROL_01']
  HIT SRR630963: 5 baits >= 0.7 ['ECBAIT_0_0000_INTERIOR_MODULE_01', 'ECBAIT_0_0000_JUNCTION_02', 'ECBAIT_0_0000_MEMBER_INTERIOR_01', 'ECBAIT_10_0057_MEMBER_INTERIOR_01']
  HIT SRR6321580: 1 baits >= 0.7 ['ECBAIT_HOST_CONTROL_01']
  HIT SRR6321581: 1 baits >= 0.7 ['ECBAIT_HOST_CONTROL_01']
  HIT SRR6321582: 1 baits >= 0.7 ['ECBAIT_HOST_CONTROL_01']
  HIT SRR6321962: 1 baits >= 0.7 ['ECBAIT_HOST_CONTROL_01']
  HIT SRR6321963: 1 baits >= 0.7 ['ECBAIT_HOST_CONTROL_01']
  HIT SRR6321964: 1 baits >= 0.7 ['ECBAIT_HOST_CONTROL_01']
  HIT SRR6321965: 1 baits >= 0.7 ['ECBAIT_HOST_CONTROL_01']
  HIT SRR633626: 2 baits >= 0.7 ['ECBAIT_0_0000_JUNCTION_02', 'ECBAIT_10_0057_MEMBER_INTERIOR_01']
  HIT SRR633653: 3 baits >= 0.7 ['ECBAIT_10_0002_MEMBER_INTERIOR_01', 'ECBAIT_10_0172_MEMBER_INTERIOR_01', 'ECBAIT_1_0004_JUNCTION_02']
  HIT SRR633718: 2 baits >= 0.7 ['ECBAIT_0_0000_JUNCTION_02', 'ECBAIT_0_0000_MEMBER_INTERIOR_01']
  HIT SRR633748: 3 baits >= 0.7 ['ECBAIT_10_0002_MEMBER_INTERIOR_01', 'ECBAIT_10_0172_MEMBER_INTERIOR_01', 'ECBAIT_1_0004_JUNCTION_02']
  HIT SRR633723: 2 baits >= 0.7 ['ECBAIT_0_0054_MEMBER_INTERIOR_01', 'ECBAIT_10_0057_MEMBER_INTERIOR_01']
  HIT SRR633772: 4 baits >= 0.7 ['ECBAIT_0_0000_JUNCTION_02', 'ECBAIT_0_0000_MEMBER_INTERIOR_01', 'ECBAIT_10_0057_MEMBER_INTERIOR_01', 'ECBAIT_HOST_CONTROL_02']
  10850/12000 processed (9785 screened, 8029 hit-accessions) 3233s budget=17.0GB
  HIT SRR633833: 3 baits >= 0.7 ['ECBAIT_0_0000_JUNCTION_02', 'ECBAIT_0_0000_MEMBER_INTERIOR_01', 'ECBAIT_10_0057_MEMBER_INTERIOR_01']
  HIT SRR633911: 3 baits >= 0.7 ['ECBAIT_10_0002_JUNCTION_01', 'ECBAIT_10_0002_JUNCTION_02', 'ECBAIT_HOST_CONTROL_01']
  HIT SRR633926: 4 baits >= 0.7 ['ECBAIT_0_0000_INTERIOR_MODULE_01', 'ECBAIT_0_0000_JUNCTION_02', 'ECBAIT_0_0000_MEMBER_INTERIOR_01', 'ECBAIT_HOST_CONTROL_02']
  HIT SRR633928: 2 baits >= 0.7 ['ECBAIT_10_0057_MEMBER_INTERIOR_01', 'ECBAIT_HOST_CONTROL_02']
  HIT SRR633936: 2 baits >= 0.7 ['ECBAIT_0_0000_JUNCTION_02', 'ECBAIT_10_0057_MEMBER_INTERIOR_01']
  HIT SRR633938: 5 baits >= 0.7 ['ECBAIT_0_0000_INTERIOR_MODULE_01', 'ECBAIT_0_0000_JUNCTION_02', 'ECBAIT_0_0000_MEMBER_INTERIOR_01', 'ECBAIT_10_0057_MEMBER_INTERIOR_01']
  HIT SRR633950: 3 baits >= 0.7 ['ECBAIT_10_0002_JUNCTION_01', 'ECBAIT_10_0002_JUNCTION_02', 'ECBAIT_HOST_CONTROL_01']
  HIT SRR633960: 2 baits >= 0.7 ['ECBAIT_10_0057_MEMBER_INTERIOR_01', 'ECBAIT_HOST_CONTROL_02']
  HIT SRR633964: 4 baits >= 0.7 ['ECBAIT_0_0000_INTERIOR_MODULE_01', 'ECBAIT_0_0000_JUNCTION_02', 'ECBAIT_0_0000_MEMBER_INTERIOR_01', 'ECBAIT_HOST_CONTROL_02']
  HIT SRR638574: 4 baits >= 0.7 ['ECBAIT_0_0000_JUNCTION_02', 'ECBAIT_0_0000_MEMBER_INTERIOR_01', 'ECBAIT_10_0057_MEMBER_INTERIOR_01', 'ECBAIT_HOST_CONTROL_02']
  HIT SRR638663: 3 baits >= 0.7 ['ECBAIT_0_0071_INTERIOR_MODULE_01', 'ECBAIT_10_0002_JUNCTION_01', 'ECBAIT_10_0002_JUNCTION_02']
  HIT SRR638704: 4 baits >= 0.7 ['ECBAIT_0_0000_JUNCTION_02', 'ECBAIT_0_0071_INTERIOR_MODULE_01', 'ECBAIT_10_0002_JUNCTION_01', 'ECBAIT_10_0002_JUNCTION_02']
  HIT SRR639328: 4 baits >= 0.7 ['ECBAIT_10_0044_MEMBER_INTERIOR_01', 'ECBAIT_10_0057_MEMBER_INTERIOR_01', 'ECBAIT_10_0172_MEMBER_INTERIOR_01', 'ECBAIT_HOST_CONTROL_01']
  HIT SRR639329: 4 baits >= 0.7 ['ECBAIT_10_0044_MEMBER_INTERIOR_01', 'ECBAIT_10_0057_MEMBER_INTERIOR_01', 'ECBAIT_10_0172_MEMBER_INTERIOR_01', 'ECBAIT_HOST_CONTROL_01']
  HIT SRR639948: 3 baits >= 0.7 ['ECBAIT_0_0000_JUNCTION_02', 'ECBAIT_0_0000_MEMBER_INTERIOR_01', 'ECBAIT_10_0057_MEMBER_INTERIOR_01']
  HIT SRR639949: 4 baits >= 0.7 ['ECBAIT_0_0046_JUNCTION_02', 'ECBAIT_0_0046_MEMBER_INTERIOR_01', 'ECBAIT_10_0057_MEMBER_INTERIOR_01', 'ECBAIT_1_0022_JUNCTION_03']
  HIT SRR639950: 1 baits >= 0.7 ['ECBAIT_10_0057_MEMBER_INTERIOR_01']
  HIT SRR639952: 4 baits >= 0.7 ['ECBAIT_0_0046_JUNCTION_02', 'ECBAIT_0_0046_MEMBER_INTERIOR_01', 'ECBAIT_10_0057_MEMBER_INTERIOR_01', 'ECBAIT_1_0022_JUNCTION_03']
  HIT SRR639953: 2 baits >= 0.7 ['ECBAIT_10_0057_MEMBER_INTERIOR_01', 'ECBAIT_HOST_CONTROL_01']
  HIT SRR639957: 1 baits >= 0.7 ['ECBAIT_10_0057_MEMBER_INTERIOR_01']
  HIT SRR639963: 2 baits >= 0.7 ['ECBAIT_10_0002_MEMBER_INTERIOR_01', 'ECBAIT_10_0057_MEMBER_INTERIOR_01']
  HIT SRR639965: 2 baits >= 0.7 ['ECBAIT_10_0057_MEMBER_INTERIOR_01', 'ECBAIT_HOST_CONTROL_01']
  HIT SRR639983: 2 baits >= 0.7 ['ECBAIT_10_0172_MEMBER_INTERIOR_01', 'ECBAIT_HOST_CONTROL_01']
  HIT SRR640028: 3 baits >= 0.7 ['ECBAIT_0_0067_JUNCTION_02', 'ECBAIT_0_0067_MEMBER_INTERIOR_01', 'ECBAIT_0_0094_MEMBER_INTERIOR_01']
  HIT SRR640036: 2 baits >= 0.7 ['ECBAIT_HOST_CONTROL_01', 'ECBAIT_POSCON_LAMBDA_01']
  HIT SRR640031: 2 baits >= 0.7 ['ECBAIT_10_0172_MEMBER_INTERIOR_01', 'ECBAIT_HOST_CONTROL_01']
  HIT SRR640037: 3 baits >= 0.7 ['ECBAIT_10_0002_MEMBER_INTERIOR_01', 'ECBAIT_10_0057_MEMBER_INTERIOR_01', 'ECBAIT_HOST_CONTROL_01']
  HIT SRR640043: 1 baits >= 0.7 ['ECBAIT_10_0057_MEMBER_INTERIOR_01']
  HIT SRR640044: 1 baits >= 0.7 ['ECBAIT_10_0057_MEMBER_INTERIOR_01']
  HIT SRR640051: 2 baits >= 0.7 ['ECBAIT_10_0057_MEMBER_INTERIOR_01', 'ECBAIT_HOST_CONTROL_02']
  HIT SRR640068: 3 baits >= 0.7 ['ECBAIT_0_0000_JUNCTION_02', 'ECBAIT_10_0057_MEMBER_INTERIOR_01', 'ECBAIT_HOST_CONTROL_02']
  HIT SRR640069: 5 baits >= 0.7 ['ECBAIT_0_0000_JUNCTION_02', 'ECBAIT_0_0000_MEMBER_INTERIOR_01', 'ECBAIT_10_0057_MEMBER_INTERIOR_01', 'ECBAIT_10_0172_MEMBER_INTERIOR_01']
  HIT SRR640082: 2 baits >= 0.7 ['ECBAIT_10_0057_MEMBER_INTERIOR_01', 'ECBAIT_HOST_CONTROL_01']
  HIT SRR640074: 1 baits >= 0.7 ['ECBAIT_10_0057_MEMBER_INTERIOR_01']
  HIT SRR640086: 2 baits >= 0.7 ['ECBAIT_10_0002_MEMBER_INTERIOR_01', 'ECBAIT_10_0057_MEMBER_INTERIOR_01']
  HIT SRR640087: 2 baits >= 0.7 ['ECBAIT_0_0000_JUNCTION_02', 'ECBAIT_0_0000_MEMBER_INTERIOR_01']
  HIT SRR640094: 2 baits >= 0.7 ['ECBAIT_HOST_CONTROL_01', 'ECBAIT_POSCON_LAMBDA_01']
  HIT SRR640112: 3 baits >= 0.7 ['ECBAIT_0_0067_JUNCTION_02', 'ECBAIT_0_0067_MEMBER_INTERIOR_01', 'ECBAIT_0_0094_MEMBER_INTERIOR_01']
  HIT SRR640105: 3 baits >= 0.7 ['ECBAIT_10_0002_MEMBER_INTERIOR_01', 'ECBAIT_10_0057_MEMBER_INTERIOR_01', 'ECBAIT_HOST_CONTROL_01']
  HIT SRR640113: 2 baits >= 0.7 ['ECBAIT_10_0057_MEMBER_INTERIOR_01', 'ECBAIT_HOST_CONTROL_02']
  HIT SRR640115: 1 baits >= 0.7 ['ECBAIT_10_0057_MEMBER_INTERIOR_01']
  10900/12000 processed (9835 screened, 8070 hit-accessions) 3249s budget=17.1GB
  HIT SRR640117: 4 baits >= 0.7 ['ECBAIT_0_0000_JUNCTION_02', 'ECBAIT_0_0000_MEMBER_INTERIOR_01', 'ECBAIT_10_0057_MEMBER_INTERIOR_01', 'ECBAIT_HOST_CONTROL_02']
  HIT SRR640122: 2 baits >= 0.7 ['ECBAIT_10_0057_MEMBER_INTERIOR_01', 'ECBAIT_HOST_CONTROL_01']
  HIT SRR640128: 3 baits >= 0.7 ['ECBAIT_0_0000_JUNCTION_02', 'ECBAIT_10_0057_MEMBER_INTERIOR_01', 'ECBAIT_HOST_CONTROL_02']
  HIT SRR640135: 4 baits >= 0.7 ['ECBAIT_0_0000_JUNCTION_02', 'ECBAIT_0_0000_MEMBER_INTERIOR_01', 'ECBAIT_10_0057_MEMBER_INTERIOR_01', 'ECBAIT_HOST_CONTROL_02']
  HIT SRR640137: 2 baits >= 0.7 ['ECBAIT_0_0054_MEMBER_INTERIOR_01', 'ECBAIT_10_0057_MEMBER_INTERIOR_01']
  HIT SRR640940: 2 baits >= 0.7 ['ECBAIT_0_0000_JUNCTION_02', 'ECBAIT_0_0000_MEMBER_INTERIOR_01']
  HIT SRR640942: 2 baits >= 0.7 ['ECBAIT_0_0054_MEMBER_INTERIOR_01', 'ECBAIT_10_0057_MEMBER_INTERIOR_01']
  HIT SRR640950: 1 baits >= 0.7 ['ECBAIT_10_0057_MEMBER_INTERIOR_01']
  10950/12000 processed (9885 screened, 8078 hit-accessions) 3264s budget=17.2GB
  HIT SRR641808: 2 baits >= 0.7 ['ECBAIT_10_0057_MEMBER_INTERIOR_01', 'ECBAIT_HOST_CONTROL_01']
  HIT SRR641826: 2 baits >= 0.7 ['ECBAIT_10_0057_MEMBER_INTERIOR_01', 'ECBAIT_HOST_CONTROL_01']
  HIT SRR641816: 2 baits >= 0.7 ['ECBAIT_10_0002_MEMBER_INTERIOR_01', 'ECBAIT_10_0057_MEMBER_INTERIOR_01']
  HIT SRR641834: 1 baits >= 0.7 ['ECBAIT_10_0057_MEMBER_INTERIOR_01']
  HIT SRR641861: 2 baits >= 0.7 ['ECBAIT_10_0057_MEMBER_INTERIOR_01', 'ECBAIT_HOST_CONTROL_02']
  HIT SRR641867: 2 baits >= 0.7 ['ECBAIT_HOST_CONTROL_01', 'ECBAIT_POSCON_LAMBDA_01']
  HIT SRR641876: 3 baits >= 0.7 ['ECBAIT_0_0000_JUNCTION_02', 'ECBAIT_0_0000_MEMBER_INTERIOR_01', 'ECBAIT_10_0057_MEMBER_INTERIOR_01']
  HIT SRR641877: 2 baits >= 0.7 ['ECBAIT_10_0172_MEMBER_INTERIOR_01', 'ECBAIT_HOST_CONTROL_01']
  HIT SRR641882: 3 baits >= 0.7 ['ECBAIT_0_0067_JUNCTION_02', 'ECBAIT_0_0067_MEMBER_INTERIOR_01', 'ECBAIT_0_0094_MEMBER_INTERIOR_01']
  HIT SRR641886: 1 baits >= 0.7 ['ECBAIT_10_0057_MEMBER_INTERIOR_01']
  HIT SRR641883: 4 baits >= 0.7 ['ECBAIT_0_0046_JUNCTION_02', 'ECBAIT_0_0046_MEMBER_INTERIOR_01', 'ECBAIT_10_0057_MEMBER_INTERIOR_01', 'ECBAIT_1_0022_JUNCTION_03']
  HIT SRR641897: 3 baits >= 0.7 ['ECBAIT_10_0002_MEMBER_INTERIOR_01', 'ECBAIT_10_0057_MEMBER_INTERIOR_01', 'ECBAIT_HOST_CONTROL_01']
  HIT SRR641902: 1 baits >= 0.7 ['ECBAIT_10_0057_MEMBER_INTERIOR_01']
  HIT SRR641908: 1 baits >= 0.7 ['ECBAIT_10_0057_MEMBER_INTERIOR_01']
  HIT SRR641909: 3 baits >= 0.7 ['ECBAIT_0_0067_JUNCTION_02', 'ECBAIT_0_0067_MEMBER_INTERIOR_01', 'ECBAIT_0_0094_MEMBER_INTERIOR_01']
  HIT SRR641924: 4 baits >= 0.7 ['ECBAIT_0_0000_JUNCTION_02', 'ECBAIT_0_0000_MEMBER_INTERIOR_01', 'ECBAIT_10_0057_MEMBER_INTERIOR_01', 'ECBAIT_HOST_CONTROL_02']
  HIT SRR641929: 4 baits >= 0.7 ['ECBAIT_0_0000_JUNCTION_02', 'ECBAIT_0_0000_MEMBER_INTERIOR_01', 'ECBAIT_10_0057_MEMBER_INTERIOR_01', 'ECBAIT_HOST_CONTROL_02']
  HIT SRR641930: 2 baits >= 0.7 ['ECBAIT_10_0002_MEMBER_INTERIOR_01', 'ECBAIT_10_0057_MEMBER_INTERIOR_01']
  HIT SRR641936: 2 baits >= 0.7 ['ECBAIT_10_0057_MEMBER_INTERIOR_01', 'ECBAIT_HOST_CONTROL_02']
  HIT SRR641939: 4 baits >= 0.7 ['ECBAIT_0_0000_JUNCTION_02', 'ECBAIT_0_0000_MEMBER_INTERIOR_01', 'ECBAIT_10_0057_MEMBER_INTERIOR_01', 'ECBAIT_HOST_CONTROL_02']
  HIT SRR641948: 3 baits >= 0.7 ['ECBAIT_0_0000_JUNCTION_02', 'ECBAIT_10_0057_MEMBER_INTERIOR_01', 'ECBAIT_HOST_CONTROL_02']
  HIT SRR642245: 2 baits >= 0.7 ['ECBAIT_10_0057_MEMBER_INTERIOR_01', 'ECBAIT_HOST_CONTROL_01']
  HIT SRR642247: 3 baits >= 0.7 ['ECBAIT_0_0000_JUNCTION_02', 'ECBAIT_10_0057_MEMBER_INTERIOR_01', 'ECBAIT_HOST_CONTROL_02']
  HIT SRR642252: 3 baits >= 0.7 ['ECBAIT_10_0002_MEMBER_INTERIOR_01', 'ECBAIT_10_0057_MEMBER_INTERIOR_01', 'ECBAIT_HOST_CONTROL_01']
  HIT SRR642253: 2 baits >= 0.7 ['ECBAIT_10_0057_MEMBER_INTERIOR_01', 'ECBAIT_HOST_CONTROL_01']
  HIT SRR643057: 3 baits >= 0.7 ['ECBAIT_10_0002_JUNCTION_01', 'ECBAIT_10_0002_JUNCTION_02', 'ECBAIT_10_0057_MEMBER_INTERIOR_01']
  HIT SRR643059: 1 baits >= 0.7 ['ECBAIT_10_0057_MEMBER_INTERIOR_01']
  HIT SRR643052: 2 baits >= 0.7 ['ECBAIT_10_0057_MEMBER_INTERIOR_01', 'ECBAIT_1_0004_JUNCTION_01']
  HIT SRR642272: 2 baits >= 0.7 ['ECBAIT_10_0172_MEMBER_INTERIOR_01', 'ECBAIT_HOST_CONTROL_01']
  HIT SRR643069: 1 baits >= 0.7 ['ECBAIT_10_0057_MEMBER_INTERIOR_01']
  11000/12000 processed (9927 screened, 8108 hit-accessions) 3279s budget=17.2GB
  HIT SRR643064: 6 baits >= 0.7 ['ECBAIT_0_0000_INTERIOR_MODULE_01', 'ECBAIT_0_0000_JUNCTION_02', 'ECBAIT_0_0000_MEMBER_INTERIOR_01', 'ECBAIT_10_0002_JUNCTION_01']
  HIT SRR6436950: 2 baits >= 0.7 ['ECBAIT_HOST_CONTROL_01', 'ECBAIT_POSCON_LAMBDA_01']
  HIT SRR6436951: 2 baits >= 0.7 ['ECBAIT_HOST_CONTROL_01', 'ECBAIT_POSCON_LAMBDA_01']
  HIT SRR6436952: 2 baits >= 0.7 ['ECBAIT_HOST_CONTROL_01', 'ECBAIT_POSCON_LAMBDA_01']
  HIT SRR6436953: 2 baits >= 0.7 ['ECBAIT_HOST_CONTROL_01', 'ECBAIT_POSCON_LAMBDA_01']
  HIT SRR6436954: 2 baits >= 0.7 ['ECBAIT_HOST_CONTROL_01', 'ECBAIT_POSCON_LAMBDA_01']
  HIT SRR6436955: 2 baits >= 0.7 ['ECBAIT_HOST_CONTROL_01', 'ECBAIT_POSCON_LAMBDA_01']
  HIT SRR6436956: 2 baits >= 0.7 ['ECBAIT_HOST_CONTROL_01', 'ECBAIT_POSCON_LAMBDA_01']
  HIT SRR6436957: 2 baits >= 0.7 ['ECBAIT_HOST_CONTROL_01', 'ECBAIT_POSCON_LAMBDA_01']
  HIT SRR6436958: 2 baits >= 0.7 ['ECBAIT_HOST_CONTROL_01', 'ECBAIT_POSCON_LAMBDA_01']
  HIT SRR6436960: 2 baits >= 0.7 ['ECBAIT_HOST_CONTROL_01', 'ECBAIT_POSCON_LAMBDA_01']
  HIT SRR6436961: 2 baits >= 0.7 ['ECBAIT_HOST_CONTROL_01', 'ECBAIT_POSCON_LAMBDA_01']
  HIT SRR6436959: 2 baits >= 0.7 ['ECBAIT_HOST_CONTROL_01', 'ECBAIT_POSCON_LAMBDA_01']
  11050/12000 processed (9941 screened, 8121 hit-accessions) 3284s budget=17.2GB
  HIT SRR6462908: 1 baits >= 0.7 ['ECBAIT_HOST_CONTROL_01']
  HIT SRR6458658: 4 baits >= 0.7 ['ECBAIT_0_0000_MEMBER_INTERIOR_01', 'ECBAIT_0_0014_MEMBER_INTERIOR_01', 'ECBAIT_10_0002_JUNCTION_01', 'ECBAIT_10_0057_MEMBER_INTERIOR_01']
  HIT SRR6462907: 1 baits >= 0.7 ['ECBAIT_HOST_CONTROL_01']
  HIT SRR6462909: 1 baits >= 0.7 ['ECBAIT_HOST_CONTROL_01']
  HIT SRR6462910: 1 baits >= 0.7 ['ECBAIT_HOST_CONTROL_01']
  HIT SRR6462912: 1 baits >= 0.7 ['ECBAIT_HOST_CONTROL_01']
  HIT SRR6462911: 1 baits >= 0.7 ['ECBAIT_HOST_CONTROL_01']
  HIT SRR6462913: 1 baits >= 0.7 ['ECBAIT_HOST_CONTROL_01']
  HIT SRR6462914: 1 baits >= 0.7 ['ECBAIT_HOST_CONTROL_01']
  HIT SRR6462915: 1 baits >= 0.7 ['ECBAIT_HOST_CONTROL_01']
  HIT SRR6462916: 1 baits >= 0.7 ['ECBAIT_HOST_CONTROL_01']
  HIT SRR646316: 4 baits >= 0.7 ['ECBAIT_0_0000_JUNCTION_02', 'ECBAIT_0_0000_MEMBER_INTERIOR_01', 'ECBAIT_10_0057_MEMBER_INTERIOR_01', 'ECBAIT_HOST_CONTROL_02']
  HIT SRR646320: 3 baits >= 0.7 ['ECBAIT_0_0071_INTERIOR_MODULE_01', 'ECBAIT_10_0002_JUNCTION_01', 'ECBAIT_10_0002_JUNCTION_02']
  HIT SRR646321: 4 baits >= 0.7 ['ECBAIT_0_0000_JUNCTION_02', 'ECBAIT_0_0000_MEMBER_INTERIOR_01', 'ECBAIT_10_0057_MEMBER_INTERIOR_01', 'ECBAIT_HOST_CONTROL_02']
  HIT SRR646327: 4 baits >= 0.7 ['ECBAIT_0_0000_JUNCTION_02', 'ECBAIT_0_0000_MEMBER_INTERIOR_01', 'ECBAIT_10_0057_MEMBER_INTERIOR_01', 'ECBAIT_HOST_CONTROL_02']
  HIT SRR646338: 3 baits >= 0.7 ['ECBAIT_0_0071_INTERIOR_MODULE_01', 'ECBAIT_10_0002_JUNCTION_01', 'ECBAIT_10_0002_JUNCTION_02']
  HIT SRR646536: 4 baits >= 0.7 ['ECBAIT_0_0000_JUNCTION_01', 'ECBAIT_10_0002_MEMBER_INTERIOR_01', 'ECBAIT_10_0044_INTERIOR_MODULE_01', 'ECBAIT_10_0044_MEMBER_INTERIOR_01']
  HIT SRR646537: 4 baits >= 0.7 ['ECBAIT_0_0000_JUNCTION_01', 'ECBAIT_10_0002_MEMBER_INTERIOR_01', 'ECBAIT_10_0044_INTERIOR_MODULE_01', 'ECBAIT_10_0044_MEMBER_INTERIOR_01']
  HIT SRR646547: 2 baits >= 0.7 ['ECBAIT_10_0002_MEMBER_INTERIOR_01', 'ECBAIT_10_0044_MEMBER_INTERIOR_01']
  HIT SRR646546: 2 baits >= 0.7 ['ECBAIT_10_0002_MEMBER_INTERIOR_01', 'ECBAIT_10_0044_MEMBER_INTERIOR_01']
  HIT SRR646548: 2 baits >= 0.7 ['ECBAIT_10_0002_MEMBER_INTERIOR_01', 'ECBAIT_10_0044_MEMBER_INTERIOR_01']
  HIT SRR646550: 2 baits >= 0.7 ['ECBAIT_10_0002_MEMBER_INTERIOR_01', 'ECBAIT_10_0044_MEMBER_INTERIOR_01']
  HIT SRR646549: 2 baits >= 0.7 ['ECBAIT_10_0002_MEMBER_INTERIOR_01', 'ECBAIT_10_0044_MEMBER_INTERIOR_01']
  HIT SRR646551: 2 baits >= 0.7 ['ECBAIT_10_0002_MEMBER_INTERIOR_01', 'ECBAIT_10_0044_MEMBER_INTERIOR_01']
  HIT SRR646554: 2 baits >= 0.7 ['ECBAIT_10_0002_MEMBER_INTERIOR_01', 'ECBAIT_10_0044_MEMBER_INTERIOR_01']
  HIT SRR646553: 2 baits >= 0.7 ['ECBAIT_10_0002_MEMBER_INTERIOR_01', 'ECBAIT_10_0044_MEMBER_INTERIOR_01']
  HIT SRR647212: 2 baits >= 0.7 ['ECBAIT_10_0057_MEMBER_INTERIOR_01', 'ECBAIT_HOST_CONTROL_02']
  HIT SRR646552: 2 baits >= 0.7 ['ECBAIT_10_0002_MEMBER_INTERIOR_01', 'ECBAIT_10_0044_MEMBER_INTERIOR_01']
  HIT SRR647232: 2 baits >= 0.7 ['ECBAIT_10_0172_MEMBER_INTERIOR_01', 'ECBAIT_1_0004_JUNCTION_02']
  HIT SRR647243: 4 baits >= 0.7 ['ECBAIT_0_0000_INTERIOR_MODULE_01', 'ECBAIT_0_0000_JUNCTION_02', 'ECBAIT_0_0000_MEMBER_INTERIOR_01', 'ECBAIT_HOST_CONTROL_02']
  HIT SRR647253: 3 baits >= 0.7 ['ECBAIT_10_0002_JUNCTION_01', 'ECBAIT_10_0002_JUNCTION_02', 'ECBAIT_HOST_CONTROL_01']
  HIT SRR647215: 4 baits >= 0.7 ['ECBAIT_0_0000_INTERIOR_MODULE_01', 'ECBAIT_0_0000_JUNCTION_02', 'ECBAIT_0_0000_MEMBER_INTERIOR_01', 'ECBAIT_HOST_CONTROL_02']
  HIT SRR647262: 5 baits >= 0.7 ['ECBAIT_0_0000_INTERIOR_MODULE_01', 'ECBAIT_0_0000_JUNCTION_02', 'ECBAIT_0_0000_MEMBER_INTERIOR_01', 'ECBAIT_10_0057_MEMBER_INTERIOR_01']
  HIT SRR647278: 2 baits >= 0.7 ['ECBAIT_10_0172_MEMBER_INTERIOR_01', 'ECBAIT_1_0004_JUNCTION_02']
  HIT SRR647287: 2 baits >= 0.7 ['ECBAIT_10_0057_MEMBER_INTERIOR_01', 'ECBAIT_HOST_CONTROL_02']
  HIT SRR647296: 3 baits >= 0.7 ['ECBAIT_10_0002_JUNCTION_01', 'ECBAIT_10_0002_JUNCTION_02', 'ECBAIT_HOST_CONTROL_01']
  HIT SRR647297: 5 baits >= 0.7 ['ECBAIT_0_0000_INTERIOR_MODULE_01', 'ECBAIT_0_0000_JUNCTION_02', 'ECBAIT_0_0000_MEMBER_INTERIOR_01', 'ECBAIT_10_0057_MEMBER_INTERIOR_01']
  11100/12000 processed (9979 screened, 8158 hit-accessions) 3297s budget=17.3GB
  HIT SRR647301: 2 baits >= 0.7 ['ECBAIT_0_0000_JUNCTION_02', 'ECBAIT_10_0057_MEMBER_INTERIOR_01']
  HIT SRR647314: 2 baits >= 0.7 ['ECBAIT_0_0000_JUNCTION_02', 'ECBAIT_10_0057_MEMBER_INTERIOR_01']
  HIT SRR647323: 4 baits >= 0.7 ['ECBAIT_0_0046_JUNCTION_02', 'ECBAIT_0_0046_MEMBER_INTERIOR_01', 'ECBAIT_10_0057_MEMBER_INTERIOR_01', 'ECBAIT_1_0022_JUNCTION_03']
  HIT SRR647327: 1 baits >= 0.7 ['ECBAIT_10_0057_MEMBER_INTERIOR_01']
  HIT SRR647527: 2 baits >= 0.7 ['ECBAIT_10_0002_MEMBER_INTERIOR_01', 'ECBAIT_10_0044_MEMBER_INTERIOR_01']
  HIT SRR647540: 3 baits >= 0.7 ['ECBAIT_0_0000_JUNCTION_01', 'ECBAIT_10_0002_MEMBER_INTERIOR_01', 'ECBAIT_10_0044_MEMBER_INTERIOR_01']
  HIT SRR647547: 4 baits >= 0.7 ['ECBAIT_0_0000_JUNCTION_01', 'ECBAIT_10_0002_MEMBER_INTERIOR_01', 'ECBAIT_10_0044_INTERIOR_MODULE_01', 'ECBAIT_10_0044_MEMBER_INTERIOR_01']
  HIT SRR647543: 3 baits >= 0.7 ['ECBAIT_0_0000_JUNCTION_01', 'ECBAIT_10_0002_MEMBER_INTERIOR_01', 'ECBAIT_10_0044_MEMBER_INTERIOR_01']
  HIT SRR6504025: 1 baits >= 0.7 ['ECBAIT_10_0057_MEMBER_INTERIOR_01']
  HIT SRR6513355: 2 baits >= 0.7 ['ECBAIT_0_0000_JUNCTION_01', 'ECBAIT_10_0044_MEMBER_INTERIOR_01']
  HIT SRR652383: 4 baits >= 0.7 ['ECBAIT_0_0000_JUNCTION_02', 'ECBAIT_0_0000_MEMBER_INTERIOR_01', 'ECBAIT_10_0057_MEMBER_INTERIOR_01', 'ECBAIT_HOST_CONTROL_02']
  HIT SRR652386: 2 baits >= 0.7 ['ECBAIT_0_0054_MEMBER_INTERIOR_01', 'ECBAIT_10_0057_MEMBER_INTERIOR_01']
  HIT SRR652398: 3 baits >= 0.7 ['ECBAIT_0_0000_JUNCTION_02', 'ECBAIT_0_0000_MEMBER_INTERIOR_01', 'ECBAIT_10_0057_MEMBER_INTERIOR_01']
  HIT SRR6651799: 1 baits >= 0.7 ['ECBAIT_10_0002_MEMBER_INTERIOR_01']
  HIT SRR652410: 2 baits >= 0.7 ['ECBAIT_0_0000_JUNCTION_02', 'ECBAIT_0_0000_MEMBER_INTERIOR_01']
  HIT SRR6701918: 4 baits >= 0.7 ['ECBAIT_10_0002_JUNCTION_01', 'ECBAIT_10_0002_JUNCTION_02', 'ECBAIT_10_0002_MEMBER_INTERIOR_01', 'ECBAIT_10_0057_MEMBER_INTERIOR_01']
  HIT SRR6706474: 2 baits >= 0.7 ['ECBAIT_10_0057_MEMBER_INTERIOR_01', 'ECBAIT_HOST_CONTROL_01']
  HIT SRR6801478: 1 baits >= 0.7 ['ECBAIT_HOST_CONTROL_01']
  HIT SRR6891407: 2 baits >= 0.7 ['ECBAIT_0_0000_JUNCTION_02', 'ECBAIT_10_0172_MEMBER_INTERIOR_01']
  HIT SRR6891408: 2 baits >= 0.7 ['ECBAIT_0_0000_JUNCTION_02', 'ECBAIT_10_0172_MEMBER_INTERIOR_01']
  HIT SRR6891409: 2 baits >= 0.7 ['ECBAIT_0_0000_JUNCTION_02', 'ECBAIT_10_0172_MEMBER_INTERIOR_01']
  HIT SRR6891410: 2 baits >= 0.7 ['ECBAIT_0_0000_JUNCTION_02', 'ECBAIT_10_0172_MEMBER_INTERIOR_01']
  HIT SRR6891411: 2 baits >= 0.7 ['ECBAIT_0_0000_JUNCTION_02', 'ECBAIT_10_0172_MEMBER_INTERIOR_01']
  HIT SRR6891412: 2 baits >= 0.7 ['ECBAIT_0_0000_JUNCTION_02', 'ECBAIT_10_0172_MEMBER_INTERIOR_01']
  HIT SRR6891413: 2 baits >= 0.7 ['ECBAIT_0_0000_JUNCTION_02', 'ECBAIT_10_0172_MEMBER_INTERIOR_01']
  HIT SRR6891415: 2 baits >= 0.7 ['ECBAIT_0_0000_JUNCTION_02', 'ECBAIT_10_0172_MEMBER_INTERIOR_01']
  HIT SRR6891419: 2 baits >= 0.7 ['ECBAIT_0_0000_JUNCTION_02', 'ECBAIT_10_0172_MEMBER_INTERIOR_01']
  HIT SRR6891424: 2 baits >= 0.7 ['ECBAIT_0_0000_JUNCTION_02', 'ECBAIT_10_0172_MEMBER_INTERIOR_01']
  HIT SRR6891425: 2 baits >= 0.7 ['ECBAIT_0_0000_JUNCTION_02', 'ECBAIT_10_0172_MEMBER_INTERIOR_01']
  HIT SRR6891426: 2 baits >= 0.7 ['ECBAIT_0_0000_JUNCTION_02', 'ECBAIT_10_0172_MEMBER_INTERIOR_01']
  HIT SRR6891427: 2 baits >= 0.7 ['ECBAIT_0_0000_JUNCTION_02', 'ECBAIT_10_0172_MEMBER_INTERIOR_01']
  HIT SRR6891428: 2 baits >= 0.7 ['ECBAIT_0_0000_JUNCTION_02', 'ECBAIT_10_0172_MEMBER_INTERIOR_01']
  HIT SRR6891429: 2 baits >= 0.7 ['ECBAIT_0_0000_JUNCTION_02', 'ECBAIT_10_0172_MEMBER_INTERIOR_01']
  HIT SRR6891430: 2 baits >= 0.7 ['ECBAIT_0_0000_JUNCTION_02', 'ECBAIT_10_0172_MEMBER_INTERIOR_01']
  HIT SRR6891432: 2 baits >= 0.7 ['ECBAIT_0_0000_JUNCTION_02', 'ECBAIT_10_0172_MEMBER_INTERIOR_01']
  HIT SRR6891433: 2 baits >= 0.7 ['ECBAIT_0_0000_JUNCTION_02', 'ECBAIT_10_0172_MEMBER_INTERIOR_01']
  HIT SRR6891435: 2 baits >= 0.7 ['ECBAIT_0_0000_JUNCTION_02', 'ECBAIT_10_0172_MEMBER_INTERIOR_01']
  11150/12000 processed (10026 screened, 8195 hit-accessions) 3312s budget=17.4GB
  HIT SRR6891436: 1 baits >= 0.7 ['ECBAIT_0_0000_JUNCTION_02']
  HIT SRR6891437: 2 baits >= 0.7 ['ECBAIT_0_0000_JUNCTION_02', 'ECBAIT_10_0172_MEMBER_INTERIOR_01']
  HIT SRR6891441: 2 baits >= 0.7 ['ECBAIT_0_0000_JUNCTION_02', 'ECBAIT_10_0172_MEMBER_INTERIOR_01']
  HIT SRR6891438: 2 baits >= 0.7 ['ECBAIT_0_0000_JUNCTION_02', 'ECBAIT_10_0172_MEMBER_INTERIOR_01']
  HIT SRR6891442: 2 baits >= 0.7 ['ECBAIT_0_0000_JUNCTION_02', 'ECBAIT_10_0172_MEMBER_INTERIOR_01']
  HIT SRR6891443: 2 baits >= 0.7 ['ECBAIT_0_0000_JUNCTION_02', 'ECBAIT_10_0172_MEMBER_INTERIOR_01']
  HIT SRR6891447: 2 baits >= 0.7 ['ECBAIT_0_0000_JUNCTION_02', 'ECBAIT_10_0172_MEMBER_INTERIOR_01']
  HIT SRR6891445: 2 baits >= 0.7 ['ECBAIT_0_0000_JUNCTION_02', 'ECBAIT_10_0172_MEMBER_INTERIOR_01']
  HIT SRR6891450: 2 baits >= 0.7 ['ECBAIT_0_0000_JUNCTION_02', 'ECBAIT_10_0172_MEMBER_INTERIOR_01']
  HIT SRR6891454: 2 baits >= 0.7 ['ECBAIT_0_0000_JUNCTION_02', 'ECBAIT_10_0172_MEMBER_INTERIOR_01']
  HIT SRR6891452: 2 baits >= 0.7 ['ECBAIT_0_0000_JUNCTION_02', 'ECBAIT_10_0172_MEMBER_INTERIOR_01']
  HIT SRR6891455: 2 baits >= 0.7 ['ECBAIT_0_0000_JUNCTION_02', 'ECBAIT_10_0172_MEMBER_INTERIOR_01']
  HIT SRR6891457: 2 baits >= 0.7 ['ECBAIT_0_0000_JUNCTION_02', 'ECBAIT_10_0172_MEMBER_INTERIOR_01']
  HIT SRR6891461: 1 baits >= 0.7 ['ECBAIT_0_0000_JUNCTION_02']
  HIT SRR6891460: 2 baits >= 0.7 ['ECBAIT_0_0000_JUNCTION_02', 'ECBAIT_10_0172_MEMBER_INTERIOR_01']
  HIT SRR6891459: 2 baits >= 0.7 ['ECBAIT_0_0000_JUNCTION_02', 'ECBAIT_10_0172_MEMBER_INTERIOR_01']
  HIT SRR6891462: 2 baits >= 0.7 ['ECBAIT_0_0000_JUNCTION_02', 'ECBAIT_10_0002_INTERIOR_MODULE_01']
  HIT SRR6891465: 1 baits >= 0.7 ['ECBAIT_0_0000_JUNCTION_02']
  HIT SRR6891464: 2 baits >= 0.7 ['ECBAIT_0_0000_JUNCTION_02', 'ECBAIT_10_0172_MEMBER_INTERIOR_01']
  HIT SRR6891466: 1 baits >= 0.7 ['ECBAIT_0_0000_JUNCTION_02']
  HIT SRR6891470: 2 baits >= 0.7 ['ECBAIT_0_0000_JUNCTION_02', 'ECBAIT_10_0172_MEMBER_INTERIOR_01']
  HIT SRR6891469: 2 baits >= 0.7 ['ECBAIT_0_0000_JUNCTION_02', 'ECBAIT_10_0172_MEMBER_INTERIOR_01']
  HIT SRR6891468: 2 baits >= 0.7 ['ECBAIT_0_0000_JUNCTION_02', 'ECBAIT_10_0172_MEMBER_INTERIOR_01']
  HIT SRR6891472: 2 baits >= 0.7 ['ECBAIT_0_0000_JUNCTION_02', 'ECBAIT_10_0172_MEMBER_INTERIOR_01']
  HIT SRR6891475: 2 baits >= 0.7 ['ECBAIT_0_0000_JUNCTION_02', 'ECBAIT_10_0172_MEMBER_INTERIOR_01']
  HIT SRR6891473: 2 baits >= 0.7 ['ECBAIT_0_0000_JUNCTION_02', 'ECBAIT_10_0172_MEMBER_INTERIOR_01']
  HIT SRR6891476: 2 baits >= 0.7 ['ECBAIT_0_0000_JUNCTION_02', 'ECBAIT_10_0172_MEMBER_INTERIOR_01']
  HIT SRR6891477: 2 baits >= 0.7 ['ECBAIT_0_0000_JUNCTION_02', 'ECBAIT_10_0172_MEMBER_INTERIOR_01']
  HIT SRR6891479: 2 baits >= 0.7 ['ECBAIT_0_0000_JUNCTION_02', 'ECBAIT_10_0172_MEMBER_INTERIOR_01']
  HIT SRR6891480: 2 baits >= 0.7 ['ECBAIT_0_0000_JUNCTION_02', 'ECBAIT_10_0172_MEMBER_INTERIOR_01']
  HIT SRR6891478: 2 baits >= 0.7 ['ECBAIT_0_0000_JUNCTION_02', 'ECBAIT_10_0172_MEMBER_INTERIOR_01']
  HIT SRR6891481: 2 baits >= 0.7 ['ECBAIT_0_0000_JUNCTION_02', 'ECBAIT_10_0172_MEMBER_INTERIOR_01']
  HIT SRR6891482: 2 baits >= 0.7 ['ECBAIT_0_0000_JUNCTION_02', 'ECBAIT_10_0172_MEMBER_INTERIOR_01']
  HIT SRR6891483: 1 baits >= 0.7 ['ECBAIT_10_0172_MEMBER_INTERIOR_01']
  HIT SRR6891486: 1 baits >= 0.7 ['ECBAIT_0_0000_JUNCTION_02']
  HIT SRR6891485: 4 baits >= 0.7 ['ECBAIT_0_0000_JUNCTION_01', 'ECBAIT_0_0000_JUNCTION_02', 'ECBAIT_10_0044_JUNCTION_02', 'ECBAIT_10_0044_MEMBER_INTERIOR_01']
  HIT SRR6891487: 2 baits >= 0.7 ['ECBAIT_0_0000_JUNCTION_02', 'ECBAIT_10_0044_MEMBER_INTERIOR_01']
  HIT SRR6891488: 4 baits >= 0.7 ['ECBAIT_0_0000_JUNCTION_01', 'ECBAIT_0_0000_JUNCTION_02', 'ECBAIT_10_0044_JUNCTION_02', 'ECBAIT_10_0044_MEMBER_INTERIOR_01']
  HIT SRR6891492: 2 baits >= 0.7 ['ECBAIT_0_0000_JUNCTION_02', 'ECBAIT_10_0172_MEMBER_INTERIOR_01']
  HIT SRR6891493: 2 baits >= 0.7 ['ECBAIT_0_0000_JUNCTION_02', 'ECBAIT_10_0172_MEMBER_INTERIOR_01']
  HIT SRR6892677: 2 baits >= 0.7 ['ECBAIT_10_0057_MEMBER_INTERIOR_01', 'ECBAIT_10_0172_MEMBER_INTERIOR_01']
  HIT SRR6892678: 1 baits >= 0.7 ['ECBAIT_10_0057_MEMBER_INTERIOR_01']
  HIT SRR6892680: 2 baits >= 0.7 ['ECBAIT_10_0057_MEMBER_INTERIOR_01', 'ECBAIT_10_0172_MEMBER_INTERIOR_01']
  HIT SRR6892681: 3 baits >= 0.7 ['ECBAIT_10_0002_MEMBER_INTERIOR_01', 'ECBAIT_10_0057_MEMBER_INTERIOR_01', 'ECBAIT_10_0172_MEMBER_INTERIOR_01']
  HIT SRR6892684: 2 baits >= 0.7 ['ECBAIT_10_0002_MEMBER_INTERIOR_01', 'ECBAIT_10_0057_MEMBER_INTERIOR_01']
  HIT SRR6892685: 1 baits >= 0.7 ['ECBAIT_10_0057_MEMBER_INTERIOR_01']
  HIT SRR6892688: 4 baits >= 0.7 ['ECBAIT_0_0000_JUNCTION_02', 'ECBAIT_10_0057_MEMBER_INTERIOR_01', 'ECBAIT_10_0172_MEMBER_INTERIOR_01', 'ECBAIT_HOST_CONTROL_01']
  HIT SRR6892686: 2 baits >= 0.7 ['ECBAIT_10_0057_MEMBER_INTERIOR_01', 'ECBAIT_HOST_CONTROL_01']
  11200/12000 processed (10076 screened, 8243 hit-accessions) 3329s budget=17.5GB
  HIT SRR6892691: 2 baits >= 0.7 ['ECBAIT_10_0057_MEMBER_INTERIOR_01', 'ECBAIT_HOST_CONTROL_01']
  HIT SRR6892693: 1 baits >= 0.7 ['ECBAIT_10_0057_MEMBER_INTERIOR_01']
  HIT SRR6892696: 2 baits >= 0.7 ['ECBAIT_10_0057_MEMBER_INTERIOR_01', 'ECBAIT_10_0172_MEMBER_INTERIOR_01']
  HIT SRR6892701: 2 baits >= 0.7 ['ECBAIT_10_0057_MEMBER_INTERIOR_01', 'ECBAIT_10_0172_MEMBER_INTERIOR_01']
  HIT SRR6892700: 2 baits >= 0.7 ['ECBAIT_10_0057_MEMBER_INTERIOR_01', 'ECBAIT_10_0172_MEMBER_INTERIOR_01']
  HIT SRR6892703: 1 baits >= 0.7 ['ECBAIT_10_0057_MEMBER_INTERIOR_01']
  HIT SRR6892713: 2 baits >= 0.7 ['ECBAIT_10_0057_MEMBER_INTERIOR_01', 'ECBAIT_HOST_CONTROL_01']
  HIT SRR6892715: 1 baits >= 0.7 ['ECBAIT_10_0057_MEMBER_INTERIOR_01']
  HIT SRR6892716: 3 baits >= 0.7 ['ECBAIT_10_0002_MEMBER_INTERIOR_01', 'ECBAIT_10_0057_MEMBER_INTERIOR_01', 'ECBAIT_10_0172_MEMBER_INTERIOR_01']
  HIT SRR6892717: 2 baits >= 0.7 ['ECBAIT_10_0002_MEMBER_INTERIOR_01', 'ECBAIT_10_0057_MEMBER_INTERIOR_01']
  HIT SRR6892719: 1 baits >= 0.7 ['ECBAIT_0_0046_MEMBER_INTERIOR_01']
  HIT SRR6892720: 1 baits >= 0.7 ['ECBAIT_10_0057_MEMBER_INTERIOR_01']
  HIT SRR6892722: 3 baits >= 0.7 ['ECBAIT_10_0002_MEMBER_INTERIOR_01', 'ECBAIT_10_0057_MEMBER_INTERIOR_01', 'ECBAIT_10_0172_MEMBER_INTERIOR_01']
  HIT SRR6892725: 3 baits >= 0.7 ['ECBAIT_10_0002_MEMBER_INTERIOR_01', 'ECBAIT_10_0057_MEMBER_INTERIOR_01', 'ECBAIT_10_0172_MEMBER_INTERIOR_01']
  HIT SRR6892726: 2 baits >= 0.7 ['ECBAIT_10_0057_MEMBER_INTERIOR_01', 'ECBAIT_10_0172_MEMBER_INTERIOR_01']
  HIT SRR6892729: 2 baits >= 0.7 ['ECBAIT_10_0057_MEMBER_INTERIOR_01', 'ECBAIT_10_0172_MEMBER_INTERIOR_01']
  HIT SRR6892728: 2 baits >= 0.7 ['ECBAIT_10_0057_MEMBER_INTERIOR_01', 'ECBAIT_10_0172_MEMBER_INTERIOR_01']
  HIT SRR6892732: 3 baits >= 0.7 ['ECBAIT_10_0002_MEMBER_INTERIOR_01', 'ECBAIT_10_0057_MEMBER_INTERIOR_01', 'ECBAIT_10_0172_MEMBER_INTERIOR_01']
  HIT SRR6892730: 3 baits >= 0.7 ['ECBAIT_10_0002_MEMBER_INTERIOR_01', 'ECBAIT_10_0057_MEMBER_INTERIOR_01', 'ECBAIT_10_0172_MEMBER_INTERIOR_01']
  HIT SRR6892734: 3 baits >= 0.7 ['ECBAIT_10_0002_MEMBER_INTERIOR_01', 'ECBAIT_10_0057_MEMBER_INTERIOR_01', 'ECBAIT_10_0172_MEMBER_INTERIOR_01']
  HIT SRR6892733: 3 baits >= 0.7 ['ECBAIT_10_0002_MEMBER_INTERIOR_01', 'ECBAIT_10_0057_MEMBER_INTERIOR_01', 'ECBAIT_10_0172_MEMBER_INTERIOR_01']
  HIT SRR6892742: 2 baits >= 0.7 ['ECBAIT_0_0000_JUNCTION_02', 'ECBAIT_10_0057_MEMBER_INTERIOR_01']
  HIT SRR6892743: 1 baits >= 0.7 ['ECBAIT_10_0057_MEMBER_INTERIOR_01']
  HIT SRR6892746: 2 baits >= 0.7 ['ECBAIT_10_0057_MEMBER_INTERIOR_01', 'ECBAIT_HOST_CONTROL_01']
  HIT SRR6892747: 2 baits >= 0.7 ['ECBAIT_10_0057_MEMBER_INTERIOR_01', 'ECBAIT_HOST_CONTROL_01']
  HIT SRR6892748: 1 baits >= 0.7 ['ECBAIT_10_0057_MEMBER_INTERIOR_01']
  HIT SRR6892753: 2 baits >= 0.7 ['ECBAIT_10_0057_MEMBER_INTERIOR_01', 'ECBAIT_10_0172_MEMBER_INTERIOR_01']
  HIT SRR6892759: 2 baits >= 0.7 ['ECBAIT_10_0002_MEMBER_INTERIOR_01', 'ECBAIT_10_0057_MEMBER_INTERIOR_01']
  HIT SRR6892760: 4 baits >= 0.7 ['ECBAIT_10_0002_JUNCTION_01', 'ECBAIT_10_0002_JUNCTION_02', 'ECBAIT_10_0057_MEMBER_INTERIOR_01', 'ECBAIT_HOST_CONTROL_01']
  HIT SRR6892764: 3 baits >= 0.7 ['ECBAIT_10_0002_MEMBER_INTERIOR_01', 'ECBAIT_10_0057_MEMBER_INTERIOR_01', 'ECBAIT_10_0172_MEMBER_INTERIOR_01']
  HIT SRR6892765: 2 baits >= 0.7 ['ECBAIT_10_0057_MEMBER_INTERIOR_01', 'ECBAIT_10_0172_MEMBER_INTERIOR_01']
  HIT SRR6892775: 1 baits >= 0.7 ['ECBAIT_HOST_CONTROL_02']
  HIT SRR6892769: 3 baits >= 0.7 ['ECBAIT_10_0002_MEMBER_INTERIOR_01', 'ECBAIT_10_0057_MEMBER_INTERIOR_01', 'ECBAIT_10_0172_MEMBER_INTERIOR_01']
  HIT SRR6892772: 4 baits >= 0.7 ['ECBAIT_10_0002_JUNCTION_01', 'ECBAIT_10_0002_JUNCTION_02', 'ECBAIT_10_0002_MEMBER_INTERIOR_01', 'ECBAIT_10_0057_MEMBER_INTERIOR_01']
  HIT SRR6892770: 1 baits >= 0.7 ['ECBAIT_HOST_CONTROL_02']
  HIT SRR6892798: 1 baits >= 0.7 ['ECBAIT_HOST_CONTROL_02']
  HIT SRR6892792: 1 baits >= 0.7 ['ECBAIT_HOST_CONTROL_02']
  HIT SRR6892776: 3 baits >= 0.7 ['ECBAIT_10_0057_MEMBER_INTERIOR_01', 'ECBAIT_1_0004_JUNCTION_01', 'ECBAIT_HOST_CONTROL_01']
  HIT SRR6892789: 2 baits >= 0.7 ['ECBAIT_10_0057_MEMBER_INTERIOR_01', 'ECBAIT_HOST_CONTROL_01']
  HIT SRR6892799: 2 baits >= 0.7 ['ECBAIT_10_0057_MEMBER_INTERIOR_01', 'ECBAIT_HOST_CONTROL_01']
  HIT SRR6892805: 2 baits >= 0.7 ['ECBAIT_10_0057_MEMBER_INTERIOR_01', 'ECBAIT_HOST_CONTROL_01']
  HIT SRR6892807: 1 baits >= 0.7 ['ECBAIT_HOST_CONTROL_02']
  HIT SRR6892809: 4 baits >= 0.7 ['ECBAIT_10_0002_JUNCTION_01', 'ECBAIT_10_0002_JUNCTION_02', 'ECBAIT_10_0057_MEMBER_INTERIOR_01', 'ECBAIT_HOST_CONTROL_01']
  HIT SRR6900328: 4 baits >= 0.7 ['ECBAIT_0_0000_JUNCTION_01', 'ECBAIT_10_0002_MEMBER_INTERIOR_01', 'ECBAIT_10_0044_INTERIOR_MODULE_01', 'ECBAIT_10_0044_MEMBER_INTERIOR_01']
  HIT SRR6900306: 2 baits >= 0.7 ['ECBAIT_10_0002_MEMBER_INTERIOR_01', 'ECBAIT_10_0044_MEMBER_INTERIOR_01']
  HIT SRR6903160: 2 baits >= 0.7 ['ECBAIT_10_0044_MEMBER_INTERIOR_01', 'ECBAIT_10_0172_JUNCTION_02']
  HIT SRR6903161: 3 baits >= 0.7 ['ECBAIT_10_0002_MEMBER_INTERIOR_01', 'ECBAIT_10_0044_INTERIOR_MODULE_01', 'ECBAIT_10_0044_MEMBER_INTERIOR_01']
  11250/12000 processed (10126 screened, 8290 hit-accessions) 3345s budget=17.6GB
  HIT SRR6963110: 1 baits >= 0.7 ['ECBAIT_HOST_CONTROL_01']
  HIT SRR6962986: 1 baits >= 0.7 ['ECBAIT_HOST_CONTROL_01']
  HIT SRR7030091: 1 baits >= 0.7 ['ECBAIT_HOST_CONTROL_01']
  HIT SRR7030206: 1 baits >= 0.7 ['ECBAIT_HOST_CONTROL_01']
  HIT SRR7084789: 1 baits >= 0.7 ['ECBAIT_10_0057_MEMBER_INTERIOR_01']
  HIT SRR7064572: 1 baits >= 0.7 ['ECBAIT_10_0057_MEMBER_INTERIOR_01']
  HIT SRR710098: 1 baits >= 0.7 ['ECBAIT_10_0002_MEMBER_INTERIOR_01']
  HIT SRR710099: 1 baits >= 0.7 ['ECBAIT_10_0002_MEMBER_INTERIOR_01']
  HIT SRR710100: 1 baits >= 0.7 ['ECBAIT_10_0002_MEMBER_INTERIOR_01']
  HIT SRR7160698: 1 baits >= 0.7 ['ECBAIT_HOST_CONTROL_01']
  HIT SRR7209584: 1 baits >= 0.7 ['ECBAIT_HOST_CONTROL_01']
  HIT SRR7209585: 1 baits >= 0.7 ['ECBAIT_HOST_CONTROL_01']
  HIT SRR7209587: 1 baits >= 0.7 ['ECBAIT_HOST_CONTROL_01']
  HIT SRR7209586: 1 baits >= 0.7 ['ECBAIT_HOST_CONTROL_01']
  HIT SRR7209588: 1 baits >= 0.7 ['ECBAIT_HOST_CONTROL_01']
  HIT SRR7209589: 1 baits >= 0.7 ['ECBAIT_HOST_CONTROL_01']
  HIT SRR7209591: 1 baits >= 0.7 ['ECBAIT_HOST_CONTROL_01']
  HIT SRR7209590: 1 baits >= 0.7 ['ECBAIT_HOST_CONTROL_01']
  HIT SRR7209592: 1 baits >= 0.7 ['ECBAIT_HOST_CONTROL_01']
  HIT SRR7209593: 1 baits >= 0.7 ['ECBAIT_HOST_CONTROL_01']
  HIT SRR7209594: 1 baits >= 0.7 ['ECBAIT_HOST_CONTROL_01']
  HIT SRR7209595: 1 baits >= 0.7 ['ECBAIT_HOST_CONTROL_01']
  HIT SRR7209596: 1 baits >= 0.7 ['ECBAIT_HOST_CONTROL_01']
  HIT SRR7209597: 1 baits >= 0.7 ['ECBAIT_HOST_CONTROL_01']
  HIT SRR7209598: 1 baits >= 0.7 ['ECBAIT_HOST_CONTROL_01']
  HIT SRR7209600: 1 baits >= 0.7 ['ECBAIT_HOST_CONTROL_01']
  HIT SRR7209602: 1 baits >= 0.7 ['ECBAIT_HOST_CONTROL_01']
  HIT SRR7209601: 1 baits >= 0.7 ['ECBAIT_HOST_CONTROL_01']
  HIT SRR7209603: 1 baits >= 0.7 ['ECBAIT_HOST_CONTROL_01']
  HIT SRR7209604: 1 baits >= 0.7 ['ECBAIT_HOST_CONTROL_01']
  HIT SRR7209605: 1 baits >= 0.7 ['ECBAIT_HOST_CONTROL_01']
  HIT SRR7209606: 1 baits >= 0.7 ['ECBAIT_HOST_CONTROL_01']
  HIT SRR7209607: 1 baits >= 0.7 ['ECBAIT_HOST_CONTROL_01']
  HIT SRR7209608: 1 baits >= 0.7 ['ECBAIT_HOST_CONTROL_01']
  HIT SRR7525091: 1 baits >= 0.7 ['ECBAIT_HOST_CONTROL_01']
  HIT SRR7525092: 1 baits >= 0.7 ['ECBAIT_HOST_CONTROL_01']
  HIT SRR7525093: 1 baits >= 0.7 ['ECBAIT_HOST_CONTROL_01']
  HIT SRR7525094: 1 baits >= 0.7 ['ECBAIT_HOST_CONTROL_01']
  HIT SRR7638356: 1 baits >= 0.7 ['ECBAIT_HOST_CONTROL_01']
  HIT SRR7641177: 1 baits >= 0.7 ['ECBAIT_HOST_CONTROL_01']
  HIT SRR7641178: 1 baits >= 0.7 ['ECBAIT_HOST_CONTROL_01']
  HIT SRR7659114: 1 baits >= 0.7 ['ECBAIT_10_0057_MEMBER_INTERIOR_01']
  HIT SRR7686505: 1 baits >= 0.7 ['ECBAIT_HOST_CONTROL_01']
  HIT SRR7686506: 1 baits >= 0.7 ['ECBAIT_HOST_CONTROL_01']
  11300/12000 processed (10174 screened, 8334 hit-accessions) 3361s budget=17.7GB
  HIT SRR7659115: 1 baits >= 0.7 ['ECBAIT_10_0057_MEMBER_INTERIOR_01']
  HIT SRR7686507: 1 baits >= 0.7 ['ECBAIT_HOST_CONTROL_01']
  HIT SRR7686508: 1 baits >= 0.7 ['ECBAIT_HOST_CONTROL_01']
  HIT SRR7686509: 1 baits >= 0.7 ['ECBAIT_HOST_CONTROL_01']
  HIT SRR7686510: 1 baits >= 0.7 ['ECBAIT_HOST_CONTROL_01']
  HIT SRR7686511: 1 baits >= 0.7 ['ECBAIT_HOST_CONTROL_01']
  HIT SRR7686512: 1 baits >= 0.7 ['ECBAIT_HOST_CONTROL_01']
  HIT SRR7686513: 1 baits >= 0.7 ['ECBAIT_HOST_CONTROL_01']
  HIT SRR7686514: 1 baits >= 0.7 ['ECBAIT_HOST_CONTROL_01']
  HIT SRR7686515: 1 baits >= 0.7 ['ECBAIT_HOST_CONTROL_01']
  HIT SRR7686516: 1 baits >= 0.7 ['ECBAIT_HOST_CONTROL_01']
  HIT SRR7686517: 1 baits >= 0.7 ['ECBAIT_HOST_CONTROL_01']
  HIT SRR7686518: 1 baits >= 0.7 ['ECBAIT_HOST_CONTROL_01']
  HIT SRR7686519: 1 baits >= 0.7 ['ECBAIT_HOST_CONTROL_01']
  HIT SRR7686521: 1 baits >= 0.7 ['ECBAIT_HOST_CONTROL_01']
  HIT SRR7686520: 1 baits >= 0.7 ['ECBAIT_HOST_CONTROL_01']
  HIT SRR7686522: 1 baits >= 0.7 ['ECBAIT_HOST_CONTROL_01']
  HIT SRR7686523: 1 baits >= 0.7 ['ECBAIT_HOST_CONTROL_01']
  HIT SRR7686524: 1 baits >= 0.7 ['ECBAIT_HOST_CONTROL_01']
  HIT SRR7686525: 1 baits >= 0.7 ['ECBAIT_HOST_CONTROL_01']
  HIT SRR7686526: 1 baits >= 0.7 ['ECBAIT_HOST_CONTROL_01']
  HIT SRR7686527: 1 baits >= 0.7 ['ECBAIT_HOST_CONTROL_01']
  HIT SRR7686528: 1 baits >= 0.7 ['ECBAIT_HOST_CONTROL_01']
  HIT SRR7686529: 1 baits >= 0.7 ['ECBAIT_HOST_CONTROL_01']
  HIT SRR7686530: 1 baits >= 0.7 ['ECBAIT_HOST_CONTROL_01']
  HIT SRR7686531: 1 baits >= 0.7 ['ECBAIT_HOST_CONTROL_01']
  HIT SRR7699084: 1 baits >= 0.7 ['ECBAIT_10_0057_MEMBER_INTERIOR_01']
  HIT SRR7699085: 1 baits >= 0.7 ['ECBAIT_10_0057_MEMBER_INTERIOR_01']
  HIT SRR770089: 7 baits >= 0.7 ['ECBAIT_0_0000_INTERIOR_MODULE_01', 'ECBAIT_0_0000_JUNCTION_02', 'ECBAIT_0_0000_MEMBER_INTERIOR_01', 'ECBAIT_10_0002_JUNCTION_01']
  HIT SRR770091: 2 baits >= 0.7 ['ECBAIT_0_0000_JUNCTION_02', 'ECBAIT_10_0057_MEMBER_INTERIOR_01']
  HIT SRR770106: 4 baits >= 0.7 ['ECBAIT_0_0000_JUNCTION_02', 'ECBAIT_0_0000_MEMBER_INTERIOR_01', 'ECBAIT_10_0057_MEMBER_INTERIOR_01', 'ECBAIT_10_0151_MEMBER_INTERIOR_01']
  HIT SRR770118: 3 baits >= 0.7 ['ECBAIT_0_0000_JUNCTION_02', 'ECBAIT_0_0000_MEMBER_INTERIOR_01', 'ECBAIT_10_0057_MEMBER_INTERIOR_01']
  HIT SRR770126: 4 baits >= 0.7 ['ECBAIT_0_0000_INTERIOR_MODULE_01', 'ECBAIT_0_0000_JUNCTION_02', 'ECBAIT_0_0000_MEMBER_INTERIOR_01', 'ECBAIT_HOST_CONTROL_02']
  HIT SRR770119: 2 baits >= 0.7 ['ECBAIT_10_0057_MEMBER_INTERIOR_01', 'ECBAIT_HOST_CONTROL_02']
  HIT SRR770130: 1 baits >= 0.7 ['ECBAIT_1_0004_JUNCTION_01']
  HIT SRR770134: 7 baits >= 0.7 ['ECBAIT_0_0014_JUNCTION_02', 'ECBAIT_0_0014_MEMBER_INTERIOR_01', 'ECBAIT_0_0052_JUNCTION_03', 'ECBAIT_0_0054_MEMBER_INTERIOR_01']
  HIT SRR770142: 1 baits >= 0.7 ['ECBAIT_10_0057_MEMBER_INTERIOR_01']
  HIT SRR770148: 5 baits >= 0.7 ['ECBAIT_0_0000_INTERIOR_MODULE_01', 'ECBAIT_0_0000_JUNCTION_02', 'ECBAIT_0_0000_MEMBER_INTERIOR_01', 'ECBAIT_10_0057_MEMBER_INTERIOR_01']
  HIT SRR770146: 4 baits >= 0.7 ['ECBAIT_0_0000_JUNCTION_02', 'ECBAIT_10_0057_MEMBER_INTERIOR_01', 'ECBAIT_10_0151_JUNCTION_03', 'ECBAIT_10_0172_MEMBER_INTERIOR_01']
  HIT SRR770170: 3 baits >= 0.7 ['ECBAIT_0_0046_JUNCTION_02', 'ECBAIT_1_0022_JUNCTION_03', 'ECBAIT_HOST_CONTROL_02']
  HIT SRR770173: 4 baits >= 0.7 ['ECBAIT_0_0000_JUNCTION_02', 'ECBAIT_0_0000_MEMBER_INTERIOR_01', 'ECBAIT_10_0057_MEMBER_INTERIOR_01', 'ECBAIT_HOST_CONTROL_02']
  HIT SRR770172: 1 baits >= 0.7 ['ECBAIT_HOST_CONTROL_01']
  HIT SRR7758856: 1 baits >= 0.7 ['ECBAIT_10_0057_MEMBER_INTERIOR_01']
  HIT SRR7758857: 1 baits >= 0.7 ['ECBAIT_10_0057_MEMBER_INTERIOR_01']
  HIT SRR7758860: 1 baits >= 0.7 ['ECBAIT_10_0057_MEMBER_INTERIOR_01']
  11350/12000 processed (10223 screened, 8379 hit-accessions) 3377s budget=17.7GB
  HIT SRR7758865: 1 baits >= 0.7 ['ECBAIT_10_0057_MEMBER_INTERIOR_01']
  HIT SRR7758864: 1 baits >= 0.7 ['ECBAIT_10_0057_MEMBER_INTERIOR_01']
  HIT SRR7758866: 1 baits >= 0.7 ['ECBAIT_10_0057_MEMBER_INTERIOR_01']
  HIT SRR7758868: 1 baits >= 0.7 ['ECBAIT_10_0057_MEMBER_INTERIOR_01']
  HIT SRR7758872: 1 baits >= 0.7 ['ECBAIT_10_0057_MEMBER_INTERIOR_01']
  HIT SRR7758873: 2 baits >= 0.7 ['ECBAIT_0_0054_MEMBER_INTERIOR_01', 'ECBAIT_10_0057_MEMBER_INTERIOR_01']
  HIT SRR7758875: 1 baits >= 0.7 ['ECBAIT_10_0057_MEMBER_INTERIOR_01']
  HIT SRR7758879: 1 baits >= 0.7 ['ECBAIT_10_0057_MEMBER_INTERIOR_01']
  HIT SRR7758880: 1 baits >= 0.7 ['ECBAIT_10_0057_MEMBER_INTERIOR_01']
  HIT SRR7758881: 1 baits >= 0.7 ['ECBAIT_10_0057_MEMBER_INTERIOR_01']
  HIT SRR7758885: 1 baits >= 0.7 ['ECBAIT_10_0057_MEMBER_INTERIOR_01']
  HIT SRR7758888: 1 baits >= 0.7 ['ECBAIT_10_0057_MEMBER_INTERIOR_01']
  HIT SRR7758882: 2 baits >= 0.7 ['ECBAIT_10_0057_MEMBER_INTERIOR_01', 'ECBAIT_10_0172_MEMBER_INTERIOR_01']
  HIT SRR7758894: 1 baits >= 0.7 ['ECBAIT_10_0057_MEMBER_INTERIOR_01']
  HIT SRR7758893: 1 baits >= 0.7 ['ECBAIT_10_0057_MEMBER_INTERIOR_01']
  HIT SRR7758892: 1 baits >= 0.7 ['ECBAIT_10_0057_MEMBER_INTERIOR_01']
  HIT SRR7758896: 1 baits >= 0.7 ['ECBAIT_10_0057_MEMBER_INTERIOR_01']
  HIT SRR7758897: 1 baits >= 0.7 ['ECBAIT_10_0057_MEMBER_INTERIOR_01']
  HIT SRR7758898: 1 baits >= 0.7 ['ECBAIT_10_0057_MEMBER_INTERIOR_01']
  HIT SRR7758900: 1 baits >= 0.7 ['ECBAIT_10_0057_MEMBER_INTERIOR_01']
  HIT SRR7758902: 1 baits >= 0.7 ['ECBAIT_0_0054_MEMBER_INTERIOR_01']
  HIT SRR7758909: 1 baits >= 0.7 ['ECBAIT_10_0057_MEMBER_INTERIOR_01']
  HIT SRR7758908: 1 baits >= 0.7 ['ECBAIT_10_0057_MEMBER_INTERIOR_01']
  HIT SRR7758913: 1 baits >= 0.7 ['ECBAIT_10_0057_MEMBER_INTERIOR_01']
  HIT SRR7758919: 1 baits >= 0.7 ['ECBAIT_10_0057_MEMBER_INTERIOR_01']
  HIT SRR7758925: 1 baits >= 0.7 ['ECBAIT_10_0057_MEMBER_INTERIOR_01']
  HIT SRR7758921: 1 baits >= 0.7 ['ECBAIT_10_0057_MEMBER_INTERIOR_01']
  HIT SRR7758923: 1 baits >= 0.7 ['ECBAIT_10_0057_MEMBER_INTERIOR_01']
  HIT SRR7758927: 1 baits >= 0.7 ['ECBAIT_10_0057_MEMBER_INTERIOR_01']
  HIT SRR7758928: 1 baits >= 0.7 ['ECBAIT_10_0057_MEMBER_INTERIOR_01']
  HIT SRR7758930: 2 baits >= 0.7 ['ECBAIT_0_0054_MEMBER_INTERIOR_01', 'ECBAIT_10_0057_MEMBER_INTERIOR_01']
  HIT SRR7758933: 1 baits >= 0.7 ['ECBAIT_10_0057_MEMBER_INTERIOR_01']
  HIT SRR7758937: 1 baits >= 0.7 ['ECBAIT_10_0002_JUNCTION_02']
  HIT SRR7758940: 1 baits >= 0.7 ['ECBAIT_10_0057_MEMBER_INTERIOR_01']
  HIT SRR7758938: 1 baits >= 0.7 ['ECBAIT_10_0057_MEMBER_INTERIOR_01']
  HIT SRR7758941: 1 baits >= 0.7 ['ECBAIT_10_0057_MEMBER_INTERIOR_01']
  HIT SRR7758942: 1 baits >= 0.7 ['ECBAIT_10_0057_MEMBER_INTERIOR_01']
  HIT SRR7758946: 1 baits >= 0.7 ['ECBAIT_10_0057_MEMBER_INTERIOR_01']
  HIT SRR7758944: 1 baits >= 0.7 ['ECBAIT_10_0057_MEMBER_INTERIOR_01']
  HIT SRR7758947: 1 baits >= 0.7 ['ECBAIT_10_0057_MEMBER_INTERIOR_01']
  HIT SRR7758952: 1 baits >= 0.7 ['ECBAIT_10_0057_MEMBER_INTERIOR_01']
  HIT SRR7758951: 1 baits >= 0.7 ['ECBAIT_10_0057_MEMBER_INTERIOR_01']
  HIT SRR7758954: 1 baits >= 0.7 ['ECBAIT_10_0057_MEMBER_INTERIOR_01']
  HIT SRR7758956: 1 baits >= 0.7 ['ECBAIT_10_0057_MEMBER_INTERIOR_01']
  HIT SRR7758959: 1 baits >= 0.7 ['ECBAIT_10_0057_MEMBER_INTERIOR_01']
  11400/12000 processed (10273 screened, 8424 hit-accessions) 3393s budget=17.8GB
  HIT SRR7758961: 1 baits >= 0.7 ['ECBAIT_10_0057_MEMBER_INTERIOR_01']
  HIT SRR7758960: 1 baits >= 0.7 ['ECBAIT_10_0057_MEMBER_INTERIOR_01']
  HIT SRR7758965: 1 baits >= 0.7 ['ECBAIT_10_0057_MEMBER_INTERIOR_01']
  HIT SRR7758968: 1 baits >= 0.7 ['ECBAIT_10_0057_MEMBER_INTERIOR_01']
  HIT SRR7758966: 1 baits >= 0.7 ['ECBAIT_10_0057_MEMBER_INTERIOR_01']
  HIT SRR7758969: 1 baits >= 0.7 ['ECBAIT_10_0057_MEMBER_INTERIOR_01']
  HIT SRR7812244: 2 baits >= 0.7 ['ECBAIT_0_0067_MEMBER_INTERIOR_01', 'ECBAIT_HOST_CONTROL_01']
  HIT SRR7812250: 3 baits >= 0.7 ['ECBAIT_0_0067_MEMBER_INTERIOR_01', 'ECBAIT_HOST_CONTROL_01', 'ECBAIT_POSCON_LAMBDA_01']
  HIT SRR7812245: 2 baits >= 0.7 ['ECBAIT_0_0067_MEMBER_INTERIOR_01', 'ECBAIT_HOST_CONTROL_01']
  HIT SRR7812251: 3 baits >= 0.7 ['ECBAIT_0_0067_MEMBER_INTERIOR_01', 'ECBAIT_HOST_CONTROL_01', 'ECBAIT_POSCON_LAMBDA_01']
  HIT SRR7812252: 2 baits >= 0.7 ['ECBAIT_0_0067_MEMBER_INTERIOR_01', 'ECBAIT_HOST_CONTROL_01']
  HIT SRR7824862: 1 baits >= 0.7 ['ECBAIT_HOST_CONTROL_01']
  HIT SRR7828257: 1 baits >= 0.7 ['ECBAIT_10_0002_MEMBER_INTERIOR_01']
  HIT SRR784027: 7 baits >= 0.7 ['ECBAIT_0_0000_INTERIOR_MODULE_01', 'ECBAIT_0_0000_JUNCTION_02', 'ECBAIT_0_0000_MEMBER_INTERIOR_01', 'ECBAIT_10_0002_JUNCTION_01']
  HIT SRR784051: 2 baits >= 0.7 ['ECBAIT_0_0000_JUNCTION_02', 'ECBAIT_10_0057_MEMBER_INTERIOR_01']
  HIT SRR784129: 5 baits >= 0.7 ['ECBAIT_0_0000_INTERIOR_MODULE_01', 'ECBAIT_0_0000_JUNCTION_02', 'ECBAIT_0_0000_MEMBER_INTERIOR_01', 'ECBAIT_10_0057_MEMBER_INTERIOR_01']
  HIT SRR784130: 5 baits >= 0.7 ['ECBAIT_0_0000_INTERIOR_MODULE_01', 'ECBAIT_0_0000_JUNCTION_02', 'ECBAIT_0_0000_MEMBER_INTERIOR_01', 'ECBAIT_10_0057_MEMBER_INTERIOR_01']
  HIT SRR784150: 1 baits >= 0.7 ['ECBAIT_10_0002_MEMBER_INTERIOR_01']
  HIT SRR784175: 4 baits >= 0.7 ['ECBAIT_0_0000_JUNCTION_02', 'ECBAIT_0_0000_MEMBER_INTERIOR_01', 'ECBAIT_10_0057_MEMBER_INTERIOR_01', 'ECBAIT_10_0151_MEMBER_INTERIOR_01']
  HIT SRR784240: 3 baits >= 0.7 ['ECBAIT_0_0000_JUNCTION_02', 'ECBAIT_0_0000_MEMBER_INTERIOR_01', 'ECBAIT_10_0057_MEMBER_INTERIOR_01']
  HIT SRR784241: 1 baits >= 0.7 ['ECBAIT_10_0151_MEMBER_INTERIOR_01']
  HIT SRR784334: 7 baits >= 0.7 ['ECBAIT_0_0014_JUNCTION_02', 'ECBAIT_0_0014_MEMBER_INTERIOR_01', 'ECBAIT_0_0052_JUNCTION_03', 'ECBAIT_0_0054_MEMBER_INTERIOR_01']
  HIT SRR784286: 4 baits >= 0.7 ['ECBAIT_0_0000_INTERIOR_MODULE_01', 'ECBAIT_0_0000_JUNCTION_02', 'ECBAIT_0_0000_MEMBER_INTERIOR_01', 'ECBAIT_HOST_CONTROL_02']
  HIT SRR784311: 2 baits >= 0.7 ['ECBAIT_0_0000_JUNCTION_02', 'ECBAIT_1_0004_JUNCTION_01']
  HIT SRR784402: 1 baits >= 0.7 ['ECBAIT_10_0057_MEMBER_INTERIOR_01']
  HIT SRR784451: 3 baits >= 0.7 ['ECBAIT_0_0000_JUNCTION_02', 'ECBAIT_10_0057_MEMBER_INTERIOR_01', 'ECBAIT_10_0172_MEMBER_INTERIOR_01']
  HIT SRR784477: 5 baits >= 0.7 ['ECBAIT_0_0000_INTERIOR_MODULE_01', 'ECBAIT_0_0000_JUNCTION_02', 'ECBAIT_0_0000_MEMBER_INTERIOR_01', 'ECBAIT_10_0057_MEMBER_INTERIOR_01']
  HIT SRR784678: 3 baits >= 0.7 ['ECBAIT_0_0046_JUNCTION_02', 'ECBAIT_1_0022_JUNCTION_03', 'ECBAIT_HOST_CONTROL_02']
  HIT SRR784680: 1 baits >= 0.7 ['ECBAIT_HOST_CONTROL_01']
  HIT SRR784681: 4 baits >= 0.7 ['ECBAIT_0_0000_JUNCTION_02', 'ECBAIT_0_0000_MEMBER_INTERIOR_01', 'ECBAIT_10_0057_MEMBER_INTERIOR_01', 'ECBAIT_HOST_CONTROL_02']
  HIT SRR784823: 1 baits >= 0.7 ['ECBAIT_1_0004_JUNCTION_01']
  HIT SRR784825: 1 baits >= 0.7 ['ECBAIT_1_0004_JUNCTION_01']
  HIT SRR784923: 3 baits >= 0.7 ['ECBAIT_0_0000_JUNCTION_02', 'ECBAIT_0_0014_JUNCTION_01', 'ECBAIT_10_0151_JUNCTION_03']
  HIT SRR784924: 3 baits >= 0.7 ['ECBAIT_0_0000_JUNCTION_02', 'ECBAIT_0_0014_JUNCTION_01', 'ECBAIT_10_0151_JUNCTION_03']
  HIT SRR784987: 4 baits >= 0.7 ['ECBAIT_0_0000_JUNCTION_02', 'ECBAIT_0_0000_MEMBER_INTERIOR_01', 'ECBAIT_10_0057_MEMBER_INTERIOR_01', 'ECBAIT_HOST_CONTROL_02']
  HIT SRR784988: 4 baits >= 0.7 ['ECBAIT_0_0000_JUNCTION_02', 'ECBAIT_0_0000_MEMBER_INTERIOR_01', 'ECBAIT_10_0057_MEMBER_INTERIOR_01', 'ECBAIT_HOST_CONTROL_02']
  HIT SRR785445: 2 baits >= 0.7 ['ECBAIT_10_0057_MEMBER_INTERIOR_01', 'ECBAIT_HOST_CONTROL_01']
  HIT SRR785446: 2 baits >= 0.7 ['ECBAIT_10_0057_MEMBER_INTERIOR_01', 'ECBAIT_HOST_CONTROL_01']
  HIT SRR785469: 5 baits >= 0.7 ['ECBAIT_0_0000_INTERIOR_MODULE_01', 'ECBAIT_0_0000_JUNCTION_02', 'ECBAIT_0_0000_MEMBER_INTERIOR_01', 'ECBAIT_10_0057_MEMBER_INTERIOR_01']
  HIT SRR785470: 5 baits >= 0.7 ['ECBAIT_0_0000_INTERIOR_MODULE_01', 'ECBAIT_0_0000_JUNCTION_02', 'ECBAIT_0_0000_MEMBER_INTERIOR_01', 'ECBAIT_10_0057_MEMBER_INTERIOR_01']
  HIT SRR785471: 2 baits >= 0.7 ['ECBAIT_10_0002_MEMBER_INTERIOR_01', 'ECBAIT_10_0057_MEMBER_INTERIOR_01']
  11450/12000 processed (10318 screened, 8465 hit-accessions) 3408s budget=17.9GB
  HIT SRR785596: 5 baits >= 0.7 ['ECBAIT_0_0000_INTERIOR_MODULE_01', 'ECBAIT_0_0000_JUNCTION_02', 'ECBAIT_0_0000_MEMBER_INTERIOR_01', 'ECBAIT_10_0057_MEMBER_INTERIOR_01']
  HIT SRR785472: 2 baits >= 0.7 ['ECBAIT_10_0002_MEMBER_INTERIOR_01', 'ECBAIT_10_0057_MEMBER_INTERIOR_01']
  HIT SRR785597: 4 baits >= 0.7 ['ECBAIT_0_0000_INTERIOR_MODULE_01', 'ECBAIT_0_0000_JUNCTION_02', 'ECBAIT_0_0000_MEMBER_INTERIOR_01', 'ECBAIT_HOST_CONTROL_02']
  HIT SRR785622: 1 baits >= 0.7 ['ECBAIT_HOST_CONTROL_01']
  HIT SRR785736: 2 baits >= 0.7 ['ECBAIT_10_0057_MEMBER_INTERIOR_01', 'ECBAIT_HOST_CONTROL_02']
  HIT SRR785623: 1 baits >= 0.7 ['ECBAIT_HOST_CONTROL_01']
  HIT SRR785738: 2 baits >= 0.7 ['ECBAIT_10_0057_MEMBER_INTERIOR_01', 'ECBAIT_HOST_CONTROL_02']
  HIT SRR785838: 2 baits >= 0.7 ['ECBAIT_10_0057_MEMBER_INTERIOR_01', 'ECBAIT_HOST_CONTROL_02']
  HIT SRR785839: 2 baits >= 0.7 ['ECBAIT_10_0057_MEMBER_INTERIOR_01', 'ECBAIT_HOST_CONTROL_02']
  HIT SRR785945: 5 baits >= 0.7 ['ECBAIT_0_0000_INTERIOR_MODULE_01', 'ECBAIT_0_0000_JUNCTION_02', 'ECBAIT_0_0000_MEMBER_INTERIOR_01', 'ECBAIT_10_0057_MEMBER_INTERIOR_01']
  HIT SRR785946: 5 baits >= 0.7 ['ECBAIT_0_0000_INTERIOR_MODULE_01', 'ECBAIT_0_0000_JUNCTION_02', 'ECBAIT_0_0000_MEMBER_INTERIOR_01', 'ECBAIT_10_0057_MEMBER_INTERIOR_01']
  HIT SRR786081: 3 baits >= 0.7 ['ECBAIT_0_0054_MEMBER_INTERIOR_01', 'ECBAIT_10_0172_MEMBER_INTERIOR_01', 'ECBAIT_HOST_CONTROL_01']
  HIT SRR786082: 3 baits >= 0.7 ['ECBAIT_0_0054_MEMBER_INTERIOR_01', 'ECBAIT_10_0172_MEMBER_INTERIOR_01', 'ECBAIT_HOST_CONTROL_01']
  HIT SRR786109: 5 baits >= 0.7 ['ECBAIT_0_0000_INTERIOR_MODULE_01', 'ECBAIT_0_0000_JUNCTION_02', 'ECBAIT_0_0000_MEMBER_INTERIOR_01', 'ECBAIT_10_0057_MEMBER_INTERIOR_01']
  HIT SRR786110: 5 baits >= 0.7 ['ECBAIT_0_0000_INTERIOR_MODULE_01', 'ECBAIT_0_0000_JUNCTION_02', 'ECBAIT_0_0000_MEMBER_INTERIOR_01', 'ECBAIT_10_0057_MEMBER_INTERIOR_01']
  HIT SRR786213: 6 baits >= 0.7 ['ECBAIT_0_0000_INTERIOR_MODULE_01', 'ECBAIT_0_0000_JUNCTION_02', 'ECBAIT_0_0000_MEMBER_INTERIOR_01', 'ECBAIT_10_0002_MEMBER_INTERIOR_01']
  HIT SRR786214: 6 baits >= 0.7 ['ECBAIT_0_0000_INTERIOR_MODULE_01', 'ECBAIT_0_0000_JUNCTION_02', 'ECBAIT_0_0000_MEMBER_INTERIOR_01', 'ECBAIT_10_0002_MEMBER_INTERIOR_01']
  HIT SRR786324: 2 baits >= 0.7 ['ECBAIT_10_0057_MEMBER_INTERIOR_01', 'ECBAIT_HOST_CONTROL_02']
  HIT SRR786336: 6 baits >= 0.7 ['ECBAIT_0_0000_INTERIOR_MODULE_01', 'ECBAIT_0_0000_JUNCTION_02', 'ECBAIT_0_0000_MEMBER_INTERIOR_01', 'ECBAIT_10_0057_MEMBER_INTERIOR_01']
  HIT SRR786325: 2 baits >= 0.7 ['ECBAIT_10_0057_MEMBER_INTERIOR_01', 'ECBAIT_HOST_CONTROL_02']
  HIT SRR786337: 6 baits >= 0.7 ['ECBAIT_0_0000_INTERIOR_MODULE_01', 'ECBAIT_0_0000_JUNCTION_02', 'ECBAIT_0_0000_MEMBER_INTERIOR_01', 'ECBAIT_10_0057_MEMBER_INTERIOR_01']
  HIT SRR786434: 2 baits >= 0.7 ['ECBAIT_10_0057_MEMBER_INTERIOR_01', 'ECBAIT_HOST_CONTROL_02']
  HIT SRR7879865: 1 baits >= 0.7 ['ECBAIT_10_0057_MEMBER_INTERIOR_01']
  HIT SRR7879868: 2 baits >= 0.7 ['ECBAIT_10_0057_MEMBER_INTERIOR_01', 'ECBAIT_HOST_CONTROL_02']
  HIT SRR7879870: 2 baits >= 0.7 ['ECBAIT_10_0057_MEMBER_INTERIOR_01', 'ECBAIT_HOST_CONTROL_02']
  HIT SRR7879871: 2 baits >= 0.7 ['ECBAIT_10_0057_MEMBER_INTERIOR_01', 'ECBAIT_HOST_CONTROL_02']
  HIT SRR7879872: 4 baits >= 0.7 ['ECBAIT_0_0000_JUNCTION_02', 'ECBAIT_0_0000_MEMBER_INTERIOR_01', 'ECBAIT_10_0057_MEMBER_INTERIOR_01', 'ECBAIT_HOST_CONTROL_02']
  HIT SRR7879873: 1 baits >= 0.7 ['ECBAIT_10_0002_MEMBER_INTERIOR_01']
  HIT SRR7879874: 3 baits >= 0.7 ['ECBAIT_10_0002_JUNCTION_02', 'ECBAIT_10_0002_MEMBER_INTERIOR_01', 'ECBAIT_10_0057_MEMBER_INTERIOR_01']
  HIT SRR7879875: 1 baits >= 0.7 ['ECBAIT_HOST_CONTROL_02']
  HIT SRR7879877: 3 baits >= 0.7 ['ECBAIT_10_0057_MEMBER_INTERIOR_01', 'ECBAIT_10_0172_MEMBER_INTERIOR_01', 'ECBAIT_HOST_CONTROL_02']
  HIT SRR7879879: 1 baits >= 0.7 ['ECBAIT_10_0057_MEMBER_INTERIOR_01']
  HIT SRR7879880: 2 baits >= 0.7 ['ECBAIT_10_0057_MEMBER_INTERIOR_01', 'ECBAIT_HOST_CONTROL_02']
  HIT SRR7879888: 2 baits >= 0.7 ['ECBAIT_10_0002_MEMBER_INTERIOR_01', 'ECBAIT_10_0057_MEMBER_INTERIOR_01']
  HIT SRR7879887: 4 baits >= 0.7 ['ECBAIT_0_0000_JUNCTION_02', 'ECBAIT_10_0057_MEMBER_INTERIOR_01', 'ECBAIT_10_0151_JUNCTION_03', 'ECBAIT_1_0004_JUNCTION_01']
  HIT SRR7879885: 3 baits >= 0.7 ['ECBAIT_10_0002_JUNCTION_01', 'ECBAIT_10_0002_JUNCTION_02', 'ECBAIT_10_0057_MEMBER_INTERIOR_01']
  HIT SRR7879891: 2 baits >= 0.7 ['ECBAIT_10_0002_MEMBER_INTERIOR_01', 'ECBAIT_10_0057_MEMBER_INTERIOR_01']
  HIT SRR7879893: 2 baits >= 0.7 ['ECBAIT_10_0002_MEMBER_INTERIOR_01', 'ECBAIT_10_0057_MEMBER_INTERIOR_01']
  HIT SRR7879894: 2 baits >= 0.7 ['ECBAIT_10_0057_MEMBER_INTERIOR_01', 'ECBAIT_10_0151_JUNCTION_03']
  HIT SRR7879896: 3 baits >= 0.7 ['ECBAIT_10_0002_MEMBER_INTERIOR_01', 'ECBAIT_10_0057_MEMBER_INTERIOR_01', 'ECBAIT_10_0172_MEMBER_INTERIOR_01']
  HIT SRR7879897: 5 baits >= 0.7 ['ECBAIT_0_0054_MEMBER_INTERIOR_01', 'ECBAIT_10_0057_MEMBER_INTERIOR_01', 'ECBAIT_10_0172_MEMBER_INTERIOR_01', 'ECBAIT_1_0004_JUNCTION_02']
  HIT SRR7879899: 8 baits >= 0.7 ['ECBAIT_0_0000_JUNCTION_02', 'ECBAIT_0_0014_JUNCTION_02', 'ECBAIT_0_0014_MEMBER_INTERIOR_01', 'ECBAIT_0_0054_MEMBER_INTERIOR_01']
  HIT SRR7879898: 3 baits >= 0.7 ['ECBAIT_10_0002_MEMBER_INTERIOR_01', 'ECBAIT_10_0057_MEMBER_INTERIOR_01', 'ECBAIT_HOST_CONTROL_01']
  HIT SRR7879900: 3 baits >= 0.7 ['ECBAIT_0_0000_JUNCTION_02', 'ECBAIT_10_0057_MEMBER_INTERIOR_01', 'ECBAIT_10_0151_JUNCTION_03']
  HIT SRR7879901: 3 baits >= 0.7 ['ECBAIT_10_0057_MEMBER_INTERIOR_01', 'ECBAIT_10_0151_JUNCTION_03', 'ECBAIT_10_0172_MEMBER_INTERIOR_01']
  HIT SRR7879902: 5 baits >= 0.7 ['ECBAIT_0_0000_JUNCTION_02', 'ECBAIT_0_0000_MEMBER_INTERIOR_01', 'ECBAIT_10_0057_MEMBER_INTERIOR_01', 'ECBAIT_10_0172_MEMBER_INTERIOR_01']
  HIT SRR7879903: 5 baits >= 0.7 ['ECBAIT_0_0000_JUNCTION_02', 'ECBAIT_0_0000_MEMBER_INTERIOR_01', 'ECBAIT_10_0057_MEMBER_INTERIOR_01', 'ECBAIT_10_0172_MEMBER_INTERIOR_01']
  HIT SRR7879905: 4 baits >= 0.7 ['ECBAIT_0_0000_INTERIOR_MODULE_01', 'ECBAIT_0_0000_JUNCTION_02', 'ECBAIT_0_0000_MEMBER_INTERIOR_01', 'ECBAIT_HOST_CONTROL_02']
  11500/12000 processed (10368 screened, 8513 hit-accessions) 3424s budget=17.9GB
  HIT SRR7879906: 5 baits >= 0.7 ['ECBAIT_0_0000_JUNCTION_02', 'ECBAIT_0_0000_MEMBER_INTERIOR_01', 'ECBAIT_10_0057_MEMBER_INTERIOR_01', 'ECBAIT_10_0172_MEMBER_INTERIOR_01']
  HIT SRR7879912: 3 baits >= 0.7 ['ECBAIT_10_0057_MEMBER_INTERIOR_01', 'ECBAIT_10_0172_MEMBER_INTERIOR_01', 'ECBAIT_HOST_CONTROL_02']
  HIT SRR7879913: 7 baits >= 0.7 ['ECBAIT_0_0000_JUNCTION_02', 'ECBAIT_0_0000_MEMBER_INTERIOR_01', 'ECBAIT_0_0014_JUNCTION_02', 'ECBAIT_0_0014_MEMBER_INTERIOR_01']
  HIT SRR7879914: 6 baits >= 0.7 ['ECBAIT_0_0000_INTERIOR_MODULE_01', 'ECBAIT_0_0000_JUNCTION_02', 'ECBAIT_0_0000_MEMBER_INTERIOR_01', 'ECBAIT_10_0057_MEMBER_INTERIOR_01']
  HIT SRR7879917: 4 baits >= 0.7 ['ECBAIT_0_0000_JUNCTION_02', 'ECBAIT_0_0000_MEMBER_INTERIOR_01', 'ECBAIT_10_0057_MEMBER_INTERIOR_01', 'ECBAIT_HOST_CONTROL_02']
  HIT SRR7879916: 4 baits >= 0.7 ['ECBAIT_0_0000_JUNCTION_02', 'ECBAIT_0_0000_MEMBER_INTERIOR_01', 'ECBAIT_0_0014_MEMBER_INTERIOR_01', 'ECBAIT_HOST_CONTROL_02']
  HIT SRR7879918: 4 baits >= 0.7 ['ECBAIT_0_0000_JUNCTION_02', 'ECBAIT_0_0000_MEMBER_INTERIOR_01', 'ECBAIT_10_0057_MEMBER_INTERIOR_01', 'ECBAIT_HOST_CONTROL_02']
  HIT SRR7879919: 3 baits >= 0.7 ['ECBAIT_10_0002_MEMBER_INTERIOR_01', 'ECBAIT_10_0057_MEMBER_INTERIOR_01', 'ECBAIT_10_0172_MEMBER_INTERIOR_01']
  HIT SRR7879920: 4 baits >= 0.7 ['ECBAIT_0_0000_JUNCTION_02', 'ECBAIT_0_0000_MEMBER_INTERIOR_01', 'ECBAIT_10_0057_MEMBER_INTERIOR_01', 'ECBAIT_HOST_CONTROL_02']
  HIT SRR7879922: 5 baits >= 0.7 ['ECBAIT_0_0000_JUNCTION_02', 'ECBAIT_0_0000_MEMBER_INTERIOR_01', 'ECBAIT_10_0002_MEMBER_INTERIOR_01', 'ECBAIT_10_0057_MEMBER_INTERIOR_01']
  HIT SRR7879923: 3 baits >= 0.7 ['ECBAIT_0_0000_JUNCTION_02', 'ECBAIT_0_0000_MEMBER_INTERIOR_01', 'ECBAIT_10_0057_MEMBER_INTERIOR_01']
  HIT SRR7879924: 2 baits >= 0.7 ['ECBAIT_10_0057_MEMBER_INTERIOR_01', 'ECBAIT_10_0151_JUNCTION_03']
  HIT SRR7879928: 4 baits >= 0.7 ['ECBAIT_0_0000_JUNCTION_02', 'ECBAIT_0_0000_MEMBER_INTERIOR_01', 'ECBAIT_10_0057_MEMBER_INTERIOR_01', 'ECBAIT_HOST_CONTROL_02']
  HIT SRR7879927: 2 baits >= 0.7 ['ECBAIT_10_0057_MEMBER_INTERIOR_01', 'ECBAIT_HOST_CONTROL_02']
  HIT SRR7879925: 5 baits >= 0.7 ['ECBAIT_0_0054_MEMBER_INTERIOR_01', 'ECBAIT_10_0057_MEMBER_INTERIOR_01', 'ECBAIT_10_0172_MEMBER_INTERIOR_01', 'ECBAIT_1_0004_JUNCTION_02']
  HIT SRR7879932: 3 baits >= 0.7 ['ECBAIT_0_0054_MEMBER_INTERIOR_01', 'ECBAIT_10_0057_MEMBER_INTERIOR_01', 'ECBAIT_HOST_CONTROL_02']
  HIT SRR7879935: 9 baits >= 0.7 ['ECBAIT_0_0046_MEMBER_INTERIOR_01', 'ECBAIT_0_0054_MEMBER_INTERIOR_01', 'ECBAIT_10_0057_MEMBER_INTERIOR_01', 'ECBAIT_10_0172_MEMBER_INTERIOR_01']
  HIT SRR7879938: 1 baits >= 0.7 ['ECBAIT_10_0057_MEMBER_INTERIOR_01']
  HIT SRR7879939: 3 baits >= 0.7 ['ECBAIT_0_0054_MEMBER_INTERIOR_01', 'ECBAIT_10_0057_MEMBER_INTERIOR_01', 'ECBAIT_HOST_CONTROL_02']
  HIT SRR7879941: 3 baits >= 0.7 ['ECBAIT_0_0054_MEMBER_INTERIOR_01', 'ECBAIT_10_0057_MEMBER_INTERIOR_01', 'ECBAIT_HOST_CONTROL_02']
  HIT SRR7879944: 4 baits >= 0.7 ['ECBAIT_0_0052_JUNCTION_03', 'ECBAIT_10_0057_MEMBER_INTERIOR_01', 'ECBAIT_10_0151_JUNCTION_03', 'ECBAIT_10_0172_MEMBER_INTERIOR_01']
  HIT SRR7879947: 6 baits >= 0.7 ['ECBAIT_0_0000_INTERIOR_MODULE_01', 'ECBAIT_0_0000_JUNCTION_02', 'ECBAIT_0_0000_MEMBER_INTERIOR_01', 'ECBAIT_10_0002_JUNCTION_01']
  HIT SRR7879945: 1 baits >= 0.7 ['ECBAIT_10_0057_MEMBER_INTERIOR_01']
  HIT SRR7879954: 1 baits >= 0.7 ['ECBAIT_10_0057_MEMBER_INTERIOR_01']
  HIT SRR7879955: 3 baits >= 0.7 ['ECBAIT_0_0000_JUNCTION_02', 'ECBAIT_0_0000_MEMBER_INTERIOR_01', 'ECBAIT_10_0057_MEMBER_INTERIOR_01']
  HIT SRR7879956: 1 baits >= 0.7 ['ECBAIT_10_0057_MEMBER_INTERIOR_01']
  HIT SRR7879958: 2 baits >= 0.7 ['ECBAIT_10_0057_MEMBER_INTERIOR_01', 'ECBAIT_10_0151_JUNCTION_03']
  HIT SRR7879959: 4 baits >= 0.7 ['ECBAIT_0_0000_JUNCTION_02', 'ECBAIT_0_0000_MEMBER_INTERIOR_01', 'ECBAIT_10_0057_MEMBER_INTERIOR_01', 'ECBAIT_HOST_CONTROL_02']
  HIT SRR7879963: 5 baits >= 0.7 ['ECBAIT_0_0000_JUNCTION_02', 'ECBAIT_0_0000_MEMBER_INTERIOR_01', 'ECBAIT_10_0057_MEMBER_INTERIOR_01', 'ECBAIT_10_0172_MEMBER_INTERIOR_01']
  HIT SRR7879965: 3 baits >= 0.7 ['ECBAIT_10_0002_JUNCTION_01', 'ECBAIT_10_0002_JUNCTION_02', 'ECBAIT_10_0057_MEMBER_INTERIOR_01']
  HIT SRR7983075: 1 baits >= 0.7 ['ECBAIT_HOST_CONTROL_01']
  HIT SRR7983076: 1 baits >= 0.7 ['ECBAIT_HOST_CONTROL_01']
  HIT SRR800450: 2 baits >= 0.7 ['ECBAIT_10_0057_MEMBER_INTERIOR_01', 'ECBAIT_HOST_CONTROL_01']
  HIT SRR800462: 2 baits >= 0.7 ['ECBAIT_10_0002_MEMBER_INTERIOR_01', 'ECBAIT_10_0057_MEMBER_INTERIOR_01']
  HIT SRR800460: 5 baits >= 0.7 ['ECBAIT_0_0000_INTERIOR_MODULE_01', 'ECBAIT_0_0000_JUNCTION_02', 'ECBAIT_0_0000_MEMBER_INTERIOR_01', 'ECBAIT_10_0057_MEMBER_INTERIOR_01']
  HIT SRR800485: 3 baits >= 0.7 ['ECBAIT_0_0000_JUNCTION_02', 'ECBAIT_0_0014_JUNCTION_01', 'ECBAIT_10_0151_JUNCTION_03']
  HIT SRR800507: 2 baits >= 0.7 ['ECBAIT_10_0057_MEMBER_INTERIOR_01', 'ECBAIT_HOST_CONTROL_01']
  HIT SRR800522: 2 baits >= 0.7 ['ECBAIT_10_0002_MEMBER_INTERIOR_01', 'ECBAIT_10_0057_MEMBER_INTERIOR_01']
  HIT SRR800530: 4 baits >= 0.7 ['ECBAIT_0_0000_JUNCTION_02', 'ECBAIT_0_0000_MEMBER_INTERIOR_01', 'ECBAIT_10_0057_MEMBER_INTERIOR_01', 'ECBAIT_HOST_CONTROL_02']
  HIT SRR800539: 5 baits >= 0.7 ['ECBAIT_0_0000_INTERIOR_MODULE_01', 'ECBAIT_0_0000_JUNCTION_02', 'ECBAIT_0_0000_MEMBER_INTERIOR_01', 'ECBAIT_10_0057_MEMBER_INTERIOR_01']
  HIT SRR800562: 2 baits >= 0.7 ['ECBAIT_10_0057_MEMBER_INTERIOR_01', 'ECBAIT_HOST_CONTROL_01']
  HIT SRR800552: 4 baits >= 0.7 ['ECBAIT_0_0000_JUNCTION_02', 'ECBAIT_0_0000_MEMBER_INTERIOR_01', 'ECBAIT_10_0057_MEMBER_INTERIOR_01', 'ECBAIT_HOST_CONTROL_02']
  HIT SRR800585: 2 baits >= 0.7 ['ECBAIT_0_0000_JUNCTION_02', 'ECBAIT_0_0014_JUNCTION_01']
  11550/12000 processed (10417 screened, 8556 hit-accessions) 3440s budget=18.0GB
  HIT SRR800590: 1 baits >= 0.7 ['ECBAIT_HOST_CONTROL_01']
  HIT SRR800591: 5 baits >= 0.7 ['ECBAIT_0_0000_INTERIOR_MODULE_01', 'ECBAIT_0_0000_JUNCTION_02', 'ECBAIT_0_0000_MEMBER_INTERIOR_01', 'ECBAIT_10_0057_MEMBER_INTERIOR_01']
  HIT SRR800594: 4 baits >= 0.7 ['ECBAIT_0_0000_INTERIOR_MODULE_01', 'ECBAIT_0_0000_JUNCTION_02', 'ECBAIT_0_0000_MEMBER_INTERIOR_01', 'ECBAIT_HOST_CONTROL_02']
  HIT SRR8071933: 3 baits >= 0.7 ['ECBAIT_10_0002_JUNCTION_01', 'ECBAIT_10_0002_JUNCTION_02', 'ECBAIT_HOST_CONTROL_01']
  HIT SRR8095551: 2 baits >= 0.7 ['ECBAIT_10_0057_MEMBER_INTERIOR_01', 'ECBAIT_1_0022_JUNCTION_03']
  HIT SRR8095623: 1 baits >= 0.7 ['ECBAIT_10_0057_MEMBER_INTERIOR_01']
  HIT SRR8182925: 2 baits >= 0.7 ['ECBAIT_10_0002_MEMBER_INTERIOR_01', 'ECBAIT_10_0057_MEMBER_INTERIOR_01']
  HIT SRR8189307: 1 baits >= 0.7 ['ECBAIT_HOST_CONTROL_01']
  HIT SRR8189309: 1 baits >= 0.7 ['ECBAIT_HOST_CONTROL_01']
  HIT SRR8189308: 1 baits >= 0.7 ['ECBAIT_HOST_CONTROL_01']
  HIT SRR8189310: 1 baits >= 0.7 ['ECBAIT_HOST_CONTROL_01']
  HIT SRR8189311: 1 baits >= 0.7 ['ECBAIT_HOST_CONTROL_01']
  HIT SRR8189312: 1 baits >= 0.7 ['ECBAIT_HOST_CONTROL_01']
  HIT SRR8189313: 1 baits >= 0.7 ['ECBAIT_HOST_CONTROL_01']
  HIT SRR8189314: 1 baits >= 0.7 ['ECBAIT_HOST_CONTROL_01']
  HIT SRR8278840: 1 baits >= 0.7 ['ECBAIT_HOST_CONTROL_01']
  HIT SRR8279737: 1 baits >= 0.7 ['ECBAIT_HOST_CONTROL_01']
  HIT SRR8279788: 1 baits >= 0.7 ['ECBAIT_HOST_CONTROL_01']
  HIT SRR8279869: 1 baits >= 0.7 ['ECBAIT_HOST_CONTROL_01']
  HIT SRR8279890: 1 baits >= 0.7 ['ECBAIT_HOST_CONTROL_01']
  HIT SRR8292234: 3 baits >= 0.7 ['ECBAIT_0_0000_JUNCTION_01', 'ECBAIT_10_0002_MEMBER_INTERIOR_01', 'ECBAIT_10_0044_MEMBER_INTERIOR_01']
  HIT SRR8280253: 1 baits >= 0.7 ['ECBAIT_HOST_CONTROL_01']
  HIT SRR8306311: 4 baits >= 0.7 ['ECBAIT_0_0091_JUNCTION_02', 'ECBAIT_0_0091_MEMBER_INTERIOR_01', 'ECBAIT_10_0057_MEMBER_INTERIOR_01', 'ECBAIT_1_0004_JUNCTION_01']
  HIT SRR8306317: 2 baits >= 0.7 ['ECBAIT_10_0057_MEMBER_INTERIOR_01', 'ECBAIT_HOST_CONTROL_02']
  HIT SRR8306315: 6 baits >= 0.7 ['ECBAIT_0_0059_JUNCTION_01', 'ECBAIT_0_0059_JUNCTION_02', 'ECBAIT_0_0059_JUNCTION_03', 'ECBAIT_10_0002_MEMBER_INTERIOR_01']
  HIT SRR8306314: 4 baits >= 0.7 ['ECBAIT_10_0002_JUNCTION_01', 'ECBAIT_10_0002_JUNCTION_02', 'ECBAIT_10_0057_MEMBER_INTERIOR_01', 'ECBAIT_HOST_CONTROL_01']
  HIT SRR8368413: 1 baits >= 0.7 ['ECBAIT_HOST_CONTROL_01']
  HIT SRR8368414: 1 baits >= 0.7 ['ECBAIT_HOST_CONTROL_01']
  HIT SRR8391022: 1 baits >= 0.7 ['ECBAIT_HOST_CONTROL_01']
  HIT SRR8391028: 1 baits >= 0.7 ['ECBAIT_HOST_CONTROL_01']
  HIT SRR8439561: 1 baits >= 0.7 ['ECBAIT_10_0057_MEMBER_INTERIOR_01']
  HIT SRR8465863: 1 baits >= 0.7 ['ECBAIT_HOST_CONTROL_01']
  HIT SRR8465870: 1 baits >= 0.7 ['ECBAIT_HOST_CONTROL_01']
  HIT SRR8466091: 1 baits >= 0.7 ['ECBAIT_HOST_CONTROL_01']
  HIT SRR8466170: 1 baits >= 0.7 ['ECBAIT_HOST_CONTROL_01']
  HIT SRR8466175: 1 baits >= 0.7 ['ECBAIT_HOST_CONTROL_01']
  HIT SRR8466176: 1 baits >= 0.7 ['ECBAIT_HOST_CONTROL_01']
  HIT SRR8466190: 1 baits >= 0.7 ['ECBAIT_HOST_CONTROL_01']
  HIT SRR8466193: 1 baits >= 0.7 ['ECBAIT_HOST_CONTROL_01']
  HIT SRR8466197: 1 baits >= 0.7 ['ECBAIT_HOST_CONTROL_01']
  HIT SRR8466199: 1 baits >= 0.7 ['ECBAIT_HOST_CONTROL_01']
  HIT SRR8466240: 1 baits >= 0.7 ['ECBAIT_HOST_CONTROL_01']
  HIT SRR8558590: 1 baits >= 0.7 ['ECBAIT_HOST_CONTROL_01']
  HIT SRR8558593: 1 baits >= 0.7 ['ECBAIT_HOST_CONTROL_01']
  HIT SRR8558592: 1 baits >= 0.7 ['ECBAIT_HOST_CONTROL_01']
  HIT SRR8558594: 1 baits >= 0.7 ['ECBAIT_HOST_CONTROL_01']
  HIT SRR8558596: 1 baits >= 0.7 ['ECBAIT_HOST_CONTROL_01']
  11600/12000 processed (10465 screened, 8603 hit-accessions) 3455s budget=18.1GB
  HIT SRR8558597: 1 baits >= 0.7 ['ECBAIT_HOST_CONTROL_01']
  HIT SRR8558598: 1 baits >= 0.7 ['ECBAIT_HOST_CONTROL_01']
  HIT SRR8603160: 4 baits >= 0.7 ['ECBAIT_0_0046_MEMBER_INTERIOR_01', 'ECBAIT_10_0057_MEMBER_INTERIOR_01', 'ECBAIT_1_0022_JUNCTION_03', 'ECBAIT_HOST_CONTROL_02']
  HIT SRR8603161: 7 baits >= 0.7 ['ECBAIT_0_0000_INTERIOR_MODULE_01', 'ECBAIT_0_0000_JUNCTION_02', 'ECBAIT_0_0000_MEMBER_INTERIOR_01', 'ECBAIT_10_0002_JUNCTION_01']
  HIT SRR8603162: 4 baits >= 0.7 ['ECBAIT_0_0000_INTERIOR_MODULE_01', 'ECBAIT_0_0000_JUNCTION_02', 'ECBAIT_0_0000_MEMBER_INTERIOR_01', 'ECBAIT_HOST_CONTROL_02']
  HIT SRR8603164: 1 baits >= 0.7 ['ECBAIT_10_0057_MEMBER_INTERIOR_01']
  HIT SRR8723230: 1 baits >= 0.7 ['ECBAIT_10_0057_MEMBER_INTERIOR_01']
  HIT SRR8723229: 1 baits >= 0.7 ['ECBAIT_HOST_CONTROL_01']
  HIT SRR8723231: 1 baits >= 0.7 ['ECBAIT_HOST_CONTROL_01']
  HIT SRR8723232: 4 baits >= 0.7 ['ECBAIT_0_0000_JUNCTION_02', 'ECBAIT_0_0014_MEMBER_INTERIOR_01', 'ECBAIT_10_0057_MEMBER_INTERIOR_01', 'ECBAIT_HOST_CONTROL_01']
  HIT SRR8723233: 1 baits >= 0.7 ['ECBAIT_10_0172_MEMBER_INTERIOR_01']
  HIT SRR8723235: 3 baits >= 0.7 ['ECBAIT_0_0000_JUNCTION_02', 'ECBAIT_10_0057_MEMBER_INTERIOR_01', 'ECBAIT_HOST_CONTROL_01']
  HIT SRR8723234: 2 baits >= 0.7 ['ECBAIT_1_0004_JUNCTION_01', 'ECBAIT_HOST_CONTROL_01']
  HIT SRR8723236: 1 baits >= 0.7 ['ECBAIT_HOST_CONTROL_01']
  HIT SRR8723237: 1 baits >= 0.7 ['ECBAIT_HOST_CONTROL_01']
  HIT SRR8723238: 1 baits >= 0.7 ['ECBAIT_HOST_CONTROL_01']
  HIT SRR8723240: 1 baits >= 0.7 ['ECBAIT_HOST_CONTROL_01']
  HIT SRR8723242: 2 baits >= 0.7 ['ECBAIT_0_0052_JUNCTION_03', 'ECBAIT_HOST_CONTROL_01']
  HIT SRR8723241: 1 baits >= 0.7 ['ECBAIT_0_0000_JUNCTION_02']
  HIT SRR8723243: 2 baits >= 0.7 ['ECBAIT_0_0052_JUNCTION_03', 'ECBAIT_HOST_CONTROL_01']
  HIT SRR8723244: 1 baits >= 0.7 ['ECBAIT_10_0057_MEMBER_INTERIOR_01']
  HIT SRR8723247: 1 baits >= 0.7 ['ECBAIT_10_0057_MEMBER_INTERIOR_01']
  HIT SRR8723246: 2 baits >= 0.7 ['ECBAIT_10_0002_JUNCTION_01', 'ECBAIT_10_0002_JUNCTION_02']
  HIT SRR8723248: 1 baits >= 0.7 ['ECBAIT_HOST_CONTROL_01']
  HIT SRR8723251: 1 baits >= 0.7 ['ECBAIT_10_0057_MEMBER_INTERIOR_01']
  HIT SRR8723250: 3 baits >= 0.7 ['ECBAIT_0_0046_JUNCTION_01', 'ECBAIT_0_0046_MEMBER_INTERIOR_01', 'ECBAIT_1_0022_JUNCTION_03']
  HIT SRR8723249: 1 baits >= 0.7 ['ECBAIT_10_0057_MEMBER_INTERIOR_01']
  HIT SRR8723252: 1 baits >= 0.7 ['ECBAIT_10_0057_MEMBER_INTERIOR_01']
  HIT SRR8723253: 3 baits >= 0.7 ['ECBAIT_0_0000_JUNCTION_02', 'ECBAIT_10_0057_MEMBER_INTERIOR_01', 'ECBAIT_HOST_CONTROL_01']
  HIT SRR8723255: 1 baits >= 0.7 ['ECBAIT_HOST_CONTROL_01']
  HIT SRR8723254: 1 baits >= 0.7 ['ECBAIT_HOST_CONTROL_01']
  HIT SRR8723256: 1 baits >= 0.7 ['ECBAIT_HOST_CONTROL_01']
  HIT SRR8723257: 1 baits >= 0.7 ['ECBAIT_10_0057_MEMBER_INTERIOR_01']
  HIT SRR8723258: 1 baits >= 0.7 ['ECBAIT_10_0002_JUNCTION_01']
  HIT SRR8723259: 1 baits >= 0.7 ['ECBAIT_HOST_CONTROL_01']
  HIT SRR8723260: 1 baits >= 0.7 ['ECBAIT_HOST_CONTROL_01']
  HIT SRR8723263: 1 baits >= 0.7 ['ECBAIT_HOST_CONTROL_01']
  HIT SRR8723262: 1 baits >= 0.7 ['ECBAIT_10_0057_MEMBER_INTERIOR_01']
  HIT SRR8723261: 2 baits >= 0.7 ['ECBAIT_10_0172_MEMBER_INTERIOR_01', 'ECBAIT_HOST_CONTROL_01']
  HIT SRR8723269: 3 baits >= 0.7 ['ECBAIT_10_0002_JUNCTION_01', 'ECBAIT_10_0002_JUNCTION_02', 'ECBAIT_HOST_CONTROL_01']
  HIT SRR8723270: 2 baits >= 0.7 ['ECBAIT_0_0052_JUNCTION_03', 'ECBAIT_HOST_CONTROL_01']
  11650/12000 processed (10515 screened, 8644 hit-accessions) 3471s budget=18.2GB
  HIT SRR8723271: 1 baits >= 0.7 ['ECBAIT_HOST_CONTROL_01']
  HIT SRR8723272: 3 baits >= 0.7 ['ECBAIT_0_0046_JUNCTION_01', 'ECBAIT_0_0046_MEMBER_INTERIOR_01', 'ECBAIT_1_0022_JUNCTION_03']
  HIT SRR8723273: 1 baits >= 0.7 ['ECBAIT_HOST_CONTROL_01']
  HIT SRR8723274: 2 baits >= 0.7 ['ECBAIT_10_0057_MEMBER_INTERIOR_01', 'ECBAIT_HOST_CONTROL_01']
  HIT SRR8723275: 3 baits >= 0.7 ['ECBAIT_10_0002_JUNCTION_01', 'ECBAIT_10_0002_JUNCTION_02', 'ECBAIT_1_0004_JUNCTION_01']
  HIT SRR8723276: 1 baits >= 0.7 ['ECBAIT_HOST_CONTROL_01']
  HIT SRR8767492: 1 baits >= 0.7 ['ECBAIT_HOST_CONTROL_01']
  HIT SRR8767496: 1 baits >= 0.7 ['ECBAIT_0_0094_MEMBER_INTERIOR_01']
  HIT SRR8767520: 1 baits >= 0.7 ['ECBAIT_HOST_CONTROL_01']
  HIT SRR8739674: 1 baits >= 0.7 ['ECBAIT_10_0057_MEMBER_INTERIOR_01']
  HIT SRR8767535: 1 baits >= 0.7 ['ECBAIT_10_0057_MEMBER_INTERIOR_01']
  HIT SRR8767537: 1 baits >= 0.7 ['ECBAIT_0_0052_JUNCTION_03']
  HIT SRR8767548: 2 baits >= 0.7 ['ECBAIT_0_0000_JUNCTION_02', 'ECBAIT_10_0057_MEMBER_INTERIOR_01']
  HIT SRR8767568: 1 baits >= 0.7 ['ECBAIT_10_0057_MEMBER_INTERIOR_01']
  HIT SRR8846820: 1 baits >= 0.7 ['ECBAIT_HOST_CONTROL_01']
  HIT SRR8869627: 2 baits >= 0.7 ['ECBAIT_0_0000_JUNCTION_02', 'ECBAIT_10_0057_MEMBER_INTERIOR_01']
  HIT SRR8869628: 2 baits >= 0.7 ['ECBAIT_0_0000_JUNCTION_02', 'ECBAIT_10_0057_MEMBER_INTERIOR_01']
  HIT SRR8869629: 2 baits >= 0.7 ['ECBAIT_10_0057_MEMBER_INTERIOR_01', 'ECBAIT_HOST_CONTROL_01']
  HIT SRR8869630: 2 baits >= 0.7 ['ECBAIT_10_0057_MEMBER_INTERIOR_01', 'ECBAIT_HOST_CONTROL_01']
  HIT SRR8869631: 5 baits >= 0.7 ['ECBAIT_0_0000_JUNCTION_02', 'ECBAIT_0_0046_JUNCTION_02', 'ECBAIT_0_0046_MEMBER_INTERIOR_01', 'ECBAIT_0_0052_MEMBER_INTERIOR_01']
  HIT SRR8869635: 1 baits >= 0.7 ['ECBAIT_HOST_CONTROL_01']
  HIT SRR8869634: 1 baits >= 0.7 ['ECBAIT_0_0091_MEMBER_INTERIOR_01']
  HIT SRR8869636: 1 baits >= 0.7 ['ECBAIT_10_0057_MEMBER_INTERIOR_01']
  HIT SRR8869637: 1 baits >= 0.7 ['ECBAIT_HOST_CONTROL_01']
  HIT SRR8869638: 1 baits >= 0.7 ['ECBAIT_HOST_CONTROL_01']
  HIT SRR8869639: 1 baits >= 0.7 ['ECBAIT_HOST_CONTROL_01']
  HIT SRR8869641: 2 baits >= 0.7 ['ECBAIT_0_0052_JUNCTION_03', 'ECBAIT_HOST_CONTROL_01']
  HIT SRR8869640: 2 baits >= 0.7 ['ECBAIT_10_0057_MEMBER_INTERIOR_01', 'ECBAIT_10_0172_MEMBER_INTERIOR_01']
  HIT SRR8869642: 2 baits >= 0.7 ['ECBAIT_10_0057_MEMBER_INTERIOR_01', 'ECBAIT_10_0172_MEMBER_INTERIOR_01']
  HIT SRR8869643: 1 baits >= 0.7 ['ECBAIT_0_0091_MEMBER_INTERIOR_01']
  HIT SRR8871582: 2 baits >= 0.7 ['ECBAIT_0_0046_MEMBER_INTERIOR_01', 'ECBAIT_10_0057_MEMBER_INTERIOR_01']
  HIT SRR8869644: 3 baits >= 0.7 ['ECBAIT_0_0046_JUNCTION_02', 'ECBAIT_0_0046_MEMBER_INTERIOR_01', 'ECBAIT_HOST_CONTROL_01']
  HIT SRR8871593: 8 baits >= 0.7 ['ECBAIT_0_0000_JUNCTION_02', 'ECBAIT_0_0000_MEMBER_INTERIOR_01', 'ECBAIT_0_0014_MEMBER_INTERIOR_01', 'ECBAIT_0_0052_JUNCTION_03']
  HIT SRR8871614: 1 baits >= 0.7 ['ECBAIT_10_0057_MEMBER_INTERIOR_01']
  11700/12000 processed (10565 screened, 8678 hit-accessions) 3486s budget=18.3GB
  HIT SRR8871636: 5 baits >= 0.7 ['ECBAIT_0_0000_INTERIOR_MODULE_01', 'ECBAIT_0_0000_JUNCTION_02', 'ECBAIT_0_0000_MEMBER_INTERIOR_01', 'ECBAIT_10_0057_MEMBER_INTERIOR_01']
  HIT SRR8871631: 1 baits >= 0.7 ['ECBAIT_HOST_CONTROL_02']
  HIT SRR8871647: 4 baits >= 0.7 ['ECBAIT_0_0000_JUNCTION_02', 'ECBAIT_0_0000_MEMBER_INTERIOR_01', 'ECBAIT_10_0057_MEMBER_INTERIOR_01', 'ECBAIT_HOST_CONTROL_02']
  HIT SRR8871655: 1 baits >= 0.7 ['ECBAIT_10_0057_MEMBER_INTERIOR_01']
  HIT SRR8871656: 2 baits >= 0.7 ['ECBAIT_10_0002_MEMBER_INTERIOR_01', 'ECBAIT_10_0057_MEMBER_INTERIOR_01']
  HIT SRR8871658: 1 baits >= 0.7 ['ECBAIT_10_0151_JUNCTION_03']
  HIT SRR8871670: 6 baits >= 0.7 ['ECBAIT_0_0000_JUNCTION_02', 'ECBAIT_0_0000_MEMBER_INTERIOR_01', 'ECBAIT_0_0014_MEMBER_INTERIOR_01', 'ECBAIT_10_0002_JUNCTION_01']
  HIT SRR8871679: 1 baits >= 0.7 ['ECBAIT_10_0057_MEMBER_INTERIOR_01']
  HIT SRR8871678: 3 baits >= 0.7 ['ECBAIT_10_0057_MEMBER_INTERIOR_01', 'ECBAIT_10_0172_MEMBER_INTERIOR_01', 'ECBAIT_HOST_CONTROL_01']
  HIT SRR8871685: 2 baits >= 0.7 ['ECBAIT_10_0057_MEMBER_INTERIOR_01', 'ECBAIT_HOST_CONTROL_02']
  HIT SRR8871674: 2 baits >= 0.7 ['ECBAIT_10_0057_MEMBER_INTERIOR_01', 'ECBAIT_HOST_CONTROL_02']
  HIT SRR8871710: 1 baits >= 0.7 ['ECBAIT_10_0057_MEMBER_INTERIOR_01']
  HIT SRR8871694: 1 baits >= 0.7 ['ECBAIT_10_0057_MEMBER_INTERIOR_01']
  HIT SRR8871711: 3 baits >= 0.7 ['ECBAIT_10_0057_MEMBER_INTERIOR_01', 'ECBAIT_10_0172_MEMBER_INTERIOR_01', 'ECBAIT_HOST_CONTROL_01']
  HIT SRR8871715: 2 baits >= 0.7 ['ECBAIT_10_0057_MEMBER_INTERIOR_01', 'ECBAIT_HOST_CONTROL_02']
  HIT SRR8871738: 3 baits >= 0.7 ['ECBAIT_0_0052_JUNCTION_03', 'ECBAIT_10_0057_MEMBER_INTERIOR_01', 'ECBAIT_10_0172_MEMBER_INTERIOR_01']
  HIT SRR8871737: 2 baits >= 0.7 ['ECBAIT_10_0057_MEMBER_INTERIOR_01', 'ECBAIT_HOST_CONTROL_02']
  HIT SRR8871740: 2 baits >= 0.7 ['ECBAIT_10_0057_MEMBER_INTERIOR_01', 'ECBAIT_HOST_CONTROL_01']
  HIT SRR8871748: 2 baits >= 0.7 ['ECBAIT_10_0057_MEMBER_INTERIOR_01', 'ECBAIT_HOST_CONTROL_02']
  HIT SRR8871749: 2 baits >= 0.7 ['ECBAIT_10_0057_MEMBER_INTERIOR_01', 'ECBAIT_HOST_CONTROL_01']
  HIT SRR8871766: 8 baits >= 0.7 ['ECBAIT_0_0000_INTERIOR_MODULE_01', 'ECBAIT_0_0000_JUNCTION_02', 'ECBAIT_0_0000_MEMBER_INTERIOR_01', 'ECBAIT_10_0002_JUNCTION_01']
  HIT SRR8871768: 3 baits >= 0.7 ['ECBAIT_10_0057_MEMBER_INTERIOR_01', 'ECBAIT_10_0172_MEMBER_INTERIOR_01', 'ECBAIT_HOST_CONTROL_02']
  HIT SRR8871782: 5 baits >= 0.7 ['ECBAIT_0_0000_INTERIOR_MODULE_01', 'ECBAIT_0_0000_JUNCTION_02', 'ECBAIT_0_0000_MEMBER_INTERIOR_01', 'ECBAIT_10_0057_MEMBER_INTERIOR_01']
  HIT SRR8871784: 7 baits >= 0.7 ['ECBAIT_0_0000_JUNCTION_02', 'ECBAIT_0_0000_MEMBER_INTERIOR_01', 'ECBAIT_0_0014_JUNCTION_02', 'ECBAIT_0_0014_MEMBER_INTERIOR_01']
  HIT SRR8871785: 3 baits >= 0.7 ['ECBAIT_0_0014_MEMBER_INTERIOR_01', 'ECBAIT_0_0052_JUNCTION_03', 'ECBAIT_10_0057_MEMBER_INTERIOR_01']
  HIT SRR8871793: 1 baits >= 0.7 ['ECBAIT_10_0057_MEMBER_INTERIOR_01']
  HIT SRR8871796: 1 baits >= 0.7 ['ECBAIT_10_0057_MEMBER_INTERIOR_01']
  HIT SRR8871817: 3 baits >= 0.7 ['ECBAIT_0_0046_JUNCTION_01', 'ECBAIT_0_0046_MEMBER_INTERIOR_01', 'ECBAIT_10_0057_MEMBER_INTERIOR_01']
  HIT SRR8871805: 4 baits >= 0.7 ['ECBAIT_0_0000_JUNCTION_02', 'ECBAIT_0_0000_MEMBER_INTERIOR_01', 'ECBAIT_10_0057_MEMBER_INTERIOR_01', 'ECBAIT_HOST_CONTROL_02']
  HIT SRR8871821: 2 baits >= 0.7 ['ECBAIT_10_0057_MEMBER_INTERIOR_01', 'ECBAIT_HOST_CONTROL_01']
  HIT SRR8871833: 1 baits >= 0.7 ['ECBAIT_HOST_CONTROL_01']
  HIT SRR8871838: 7 baits >= 0.7 ['ECBAIT_0_0000_JUNCTION_02', 'ECBAIT_0_0000_MEMBER_INTERIOR_01', 'ECBAIT_0_0014_MEMBER_INTERIOR_01', 'ECBAIT_0_0052_JUNCTION_03']
  HIT SRR8871835: 2 baits >= 0.7 ['ECBAIT_10_0002_MEMBER_INTERIOR_01', 'ECBAIT_10_0057_MEMBER_INTERIOR_01']
  HIT SRR8871841: 2 baits >= 0.7 ['ECBAIT_10_0057_MEMBER_INTERIOR_01', 'ECBAIT_HOST_CONTROL_01']
  HIT SRR8871842: 1 baits >= 0.7 ['ECBAIT_10_0057_MEMBER_INTERIOR_01']
  HIT SRR8871847: 1 baits >= 0.7 ['ECBAIT_HOST_CONTROL_01']
  HIT SRR8871852: 2 baits >= 0.7 ['ECBAIT_10_0057_MEMBER_INTERIOR_01', 'ECBAIT_HOST_CONTROL_02']
  HIT SRR8871853: 1 baits >= 0.7 ['ECBAIT_HOST_CONTROL_01']
  HIT SRR8871854: 5 baits >= 0.7 ['ECBAIT_0_0000_INTERIOR_MODULE_01', 'ECBAIT_0_0000_JUNCTION_02', 'ECBAIT_0_0000_MEMBER_INTERIOR_01', 'ECBAIT_10_0057_MEMBER_INTERIOR_01']
  HIT SRR8871857: 1 baits >= 0.7 ['ECBAIT_HOST_CONTROL_01']
  HIT SRR8871859: 4 baits >= 0.7 ['ECBAIT_10_0151_JUNCTION_03', 'ECBAIT_10_0151_MEMBER_INTERIOR_01', 'ECBAIT_10_0172_MEMBER_INTERIOR_01', 'ECBAIT_HOST_CONTROL_02']
  HIT SRR8871864: 1 baits >= 0.7 ['ECBAIT_HOST_CONTROL_02']
  HIT SRR8871873: 4 baits >= 0.7 ['ECBAIT_10_0002_MEMBER_INTERIOR_01', 'ECBAIT_10_0057_MEMBER_INTERIOR_01', 'ECBAIT_10_0172_MEMBER_INTERIOR_01', 'ECBAIT_HOST_CONTROL_02']
  HIT SRR8871880: 1 baits >= 0.7 ['ECBAIT_HOST_CONTROL_02']
  11750/12000 processed (10615 screened, 8722 hit-accessions) 3503s budget=18.3GB
  HIT SRR8871882: 2 baits >= 0.7 ['ECBAIT_10_0057_MEMBER_INTERIOR_01', 'ECBAIT_HOST_CONTROL_01']
  HIT SRR8871891: 5 baits >= 0.7 ['ECBAIT_0_0000_INTERIOR_MODULE_01', 'ECBAIT_0_0000_JUNCTION_02', 'ECBAIT_0_0000_MEMBER_INTERIOR_01', 'ECBAIT_10_0057_MEMBER_INTERIOR_01']
  HIT SRR8871892: 1 baits >= 0.7 ['ECBAIT_HOST_CONTROL_01']
  HIT SRR8871896: 1 baits >= 0.7 ['ECBAIT_10_0057_MEMBER_INTERIOR_01']
  HIT SRR891694: 1 baits >= 0.7 ['ECBAIT_HOST_CONTROL_01']
  HIT SRR9016687: 1 baits >= 0.7 ['ECBAIT_HOST_CONTROL_01']
  HIT SRR9017242: 2 baits >= 0.7 ['ECBAIT_0_0000_JUNCTION_02', 'ECBAIT_HOST_CONTROL_01']
  HIT SRR9047942: 3 baits >= 0.7 ['ECBAIT_0_0000_INTERIOR_MODULE_01', 'ECBAIT_0_0000_JUNCTION_02', 'ECBAIT_0_0000_MEMBER_INTERIOR_01']
  HIT SRR9047943: 2 baits >= 0.7 ['ECBAIT_10_0172_MEMBER_INTERIOR_01', 'ECBAIT_HOST_CONTROL_02']
  HIT SRR926308: 6 baits >= 0.7 ['ECBAIT_10_0002_JUNCTION_01', 'ECBAIT_10_0044_JUNCTION_02', 'ECBAIT_10_0044_MEMBER_INTERIOR_01', 'ECBAIT_10_0057_MEMBER_INTERIOR_01']
  HIT SRR926310: 6 baits >= 0.7 ['ECBAIT_10_0002_JUNCTION_01', 'ECBAIT_10_0044_JUNCTION_02', 'ECBAIT_10_0044_MEMBER_INTERIOR_01', 'ECBAIT_10_0057_MEMBER_INTERIOR_01']
  HIT SRR926309: 5 baits >= 0.7 ['ECBAIT_10_0002_JUNCTION_01', 'ECBAIT_10_0044_JUNCTION_02', 'ECBAIT_10_0044_MEMBER_INTERIOR_01', 'ECBAIT_10_0172_MEMBER_INTERIOR_01']
  HIT SRR9087223: 1 baits >= 0.7 ['ECBAIT_10_0057_MEMBER_INTERIOR_01']
  HIT SRR927395: 6 baits >= 0.7 ['ECBAIT_10_0044_INTERIOR_MODULE_01', 'ECBAIT_10_0044_JUNCTION_02', 'ECBAIT_10_0044_MEMBER_INTERIOR_01', 'ECBAIT_10_0057_MEMBER_INTERIOR_01']
  HIT SRR927398: 5 baits >= 0.7 ['ECBAIT_10_0044_INTERIOR_MODULE_01', 'ECBAIT_10_0044_JUNCTION_02', 'ECBAIT_10_0044_MEMBER_INTERIOR_01', 'ECBAIT_10_0057_MEMBER_INTERIOR_01']
  HIT SRR941214: 1 baits >= 0.7 ['ECBAIT_10_0002_MEMBER_INTERIOR_01']
  HIT SRR941217: 1 baits >= 0.7 ['ECBAIT_10_0002_MEMBER_INTERIOR_01']
  HIT SRR941215: 1 baits >= 0.7 ['ECBAIT_10_0002_MEMBER_INTERIOR_01']
  HIT SRR941218: 1 baits >= 0.7 ['ECBAIT_10_0002_MEMBER_INTERIOR_01']
  11800/12000 processed (10648 screened, 8741 hit-accessions) 3514s budget=18.5GB
  HIT SRR957822: 3 baits >= 0.7 ['ECBAIT_10_0002_MEMBER_INTERIOR_01', 'ECBAIT_10_0044_INTERIOR_MODULE_01', 'ECBAIT_10_0044_MEMBER_INTERIOR_01']
  HIT SRR957819: 4 baits >= 0.7 ['ECBAIT_0_0000_JUNCTION_01', 'ECBAIT_10_0002_MEMBER_INTERIOR_01', 'ECBAIT_10_0044_INTERIOR_MODULE_01', 'ECBAIT_10_0044_MEMBER_INTERIOR_01']
  HIT SRR957820: 4 baits >= 0.7 ['ECBAIT_0_0000_JUNCTION_01', 'ECBAIT_10_0002_MEMBER_INTERIOR_01', 'ECBAIT_10_0044_INTERIOR_MODULE_01', 'ECBAIT_10_0044_MEMBER_INTERIOR_01']
  HIT SRR957821: 4 baits >= 0.7 ['ECBAIT_0_0000_JUNCTION_01', 'ECBAIT_10_0002_MEMBER_INTERIOR_01', 'ECBAIT_10_0044_INTERIOR_MODULE_01', 'ECBAIT_10_0044_MEMBER_INTERIOR_01']
  HIT SRR957823: 4 baits >= 0.7 ['ECBAIT_0_0000_JUNCTION_01', 'ECBAIT_10_0002_MEMBER_INTERIOR_01', 'ECBAIT_10_0044_INTERIOR_MODULE_01', 'ECBAIT_10_0044_MEMBER_INTERIOR_01']
  HIT SRR957824: 4 baits >= 0.7 ['ECBAIT_0_0000_JUNCTION_01', 'ECBAIT_10_0002_MEMBER_INTERIOR_01', 'ECBAIT_10_0044_INTERIOR_MODULE_01', 'ECBAIT_10_0044_MEMBER_INTERIOR_01']
  HIT SRR957829: 4 baits >= 0.7 ['ECBAIT_0_0000_JUNCTION_01', 'ECBAIT_10_0002_MEMBER_INTERIOR_01', 'ECBAIT_10_0044_INTERIOR_MODULE_01', 'ECBAIT_10_0044_MEMBER_INTERIOR_01']
  HIT SRR957830: 4 baits >= 0.7 ['ECBAIT_0_0000_JUNCTION_01', 'ECBAIT_10_0002_MEMBER_INTERIOR_01', 'ECBAIT_10_0044_INTERIOR_MODULE_01', 'ECBAIT_10_0044_MEMBER_INTERIOR_01']
  HIT SRR957832: 4 baits >= 0.7 ['ECBAIT_0_0000_JUNCTION_01', 'ECBAIT_10_0002_MEMBER_INTERIOR_01', 'ECBAIT_10_0044_INTERIOR_MODULE_01', 'ECBAIT_10_0044_MEMBER_INTERIOR_01']
  HIT SRR957831: 4 baits >= 0.7 ['ECBAIT_0_0000_JUNCTION_01', 'ECBAIT_10_0002_MEMBER_INTERIOR_01', 'ECBAIT_10_0044_INTERIOR_MODULE_01', 'ECBAIT_10_0044_MEMBER_INTERIOR_01']
  HIT SRR957834: 4 baits >= 0.7 ['ECBAIT_0_0000_JUNCTION_01', 'ECBAIT_10_0002_MEMBER_INTERIOR_01', 'ECBAIT_10_0044_INTERIOR_MODULE_01', 'ECBAIT_10_0044_MEMBER_INTERIOR_01']
  HIT SRR957833: 4 baits >= 0.7 ['ECBAIT_0_0000_JUNCTION_01', 'ECBAIT_10_0002_MEMBER_INTERIOR_01', 'ECBAIT_10_0044_INTERIOR_MODULE_01', 'ECBAIT_10_0044_MEMBER_INTERIOR_01']
  HIT SRR957836: 4 baits >= 0.7 ['ECBAIT_0_0000_JUNCTION_01', 'ECBAIT_10_0002_MEMBER_INTERIOR_01', 'ECBAIT_10_0044_INTERIOR_MODULE_01', 'ECBAIT_10_0044_MEMBER_INTERIOR_01']
  HIT SRR957835: 4 baits >= 0.7 ['ECBAIT_0_0000_JUNCTION_01', 'ECBAIT_10_0002_MEMBER_INTERIOR_01', 'ECBAIT_10_0044_INTERIOR_MODULE_01', 'ECBAIT_10_0044_MEMBER_INTERIOR_01']
  HIT SRR957837: 4 baits >= 0.7 ['ECBAIT_0_0000_JUNCTION_01', 'ECBAIT_10_0002_MEMBER_INTERIOR_01', 'ECBAIT_10_0044_INTERIOR_MODULE_01', 'ECBAIT_10_0044_MEMBER_INTERIOR_01']
  HIT SRR957838: 4 baits >= 0.7 ['ECBAIT_0_0000_JUNCTION_01', 'ECBAIT_10_0002_MEMBER_INTERIOR_01', 'ECBAIT_10_0044_INTERIOR_MODULE_01', 'ECBAIT_10_0044_MEMBER_INTERIOR_01']
  HIT SRR957839: 4 baits >= 0.7 ['ECBAIT_0_0000_JUNCTION_01', 'ECBAIT_10_0002_MEMBER_INTERIOR_01', 'ECBAIT_10_0044_INTERIOR_MODULE_01', 'ECBAIT_10_0044_MEMBER_INTERIOR_01']
  HIT SRR957840: 4 baits >= 0.7 ['ECBAIT_0_0000_JUNCTION_01', 'ECBAIT_10_0002_MEMBER_INTERIOR_01', 'ECBAIT_10_0044_INTERIOR_MODULE_01', 'ECBAIT_10_0044_MEMBER_INTERIOR_01']
  HIT SRR957845: 4 baits >= 0.7 ['ECBAIT_0_0000_JUNCTION_01', 'ECBAIT_10_0002_MEMBER_INTERIOR_01', 'ECBAIT_10_0044_INTERIOR_MODULE_01', 'ECBAIT_10_0044_MEMBER_INTERIOR_01']
  HIT SRR957846: 3 baits >= 0.7 ['ECBAIT_10_0002_MEMBER_INTERIOR_01', 'ECBAIT_10_0044_INTERIOR_MODULE_01', 'ECBAIT_10_0044_MEMBER_INTERIOR_01']
  HIT SRR957849: 4 baits >= 0.7 ['ECBAIT_0_0000_JUNCTION_01', 'ECBAIT_10_0002_MEMBER_INTERIOR_01', 'ECBAIT_10_0044_INTERIOR_MODULE_01', 'ECBAIT_10_0044_MEMBER_INTERIOR_01']
  HIT SRR957847: 4 baits >= 0.7 ['ECBAIT_0_0000_JUNCTION_01', 'ECBAIT_10_0002_MEMBER_INTERIOR_01', 'ECBAIT_10_0044_INTERIOR_MODULE_01', 'ECBAIT_10_0044_MEMBER_INTERIOR_01']
  HIT SRR957848: 4 baits >= 0.7 ['ECBAIT_0_0000_JUNCTION_01', 'ECBAIT_10_0002_MEMBER_INTERIOR_01', 'ECBAIT_10_0044_INTERIOR_MODULE_01', 'ECBAIT_10_0044_MEMBER_INTERIOR_01']
  HIT SRR957850: 4 baits >= 0.7 ['ECBAIT_0_0000_JUNCTION_01', 'ECBAIT_10_0002_MEMBER_INTERIOR_01', 'ECBAIT_10_0044_INTERIOR_MODULE_01', 'ECBAIT_10_0044_MEMBER_INTERIOR_01']
  HIT SRR957852: 4 baits >= 0.7 ['ECBAIT_0_0000_JUNCTION_01', 'ECBAIT_10_0002_MEMBER_INTERIOR_01', 'ECBAIT_10_0044_INTERIOR_MODULE_01', 'ECBAIT_10_0044_MEMBER_INTERIOR_01']
  HIT SRR957853: 4 baits >= 0.7 ['ECBAIT_0_0000_JUNCTION_01', 'ECBAIT_10_0002_MEMBER_INTERIOR_01', 'ECBAIT_10_0044_INTERIOR_MODULE_01', 'ECBAIT_10_0044_MEMBER_INTERIOR_01']
  HIT SRR957851: 4 baits >= 0.7 ['ECBAIT_0_0000_JUNCTION_01', 'ECBAIT_10_0002_MEMBER_INTERIOR_01', 'ECBAIT_10_0044_INTERIOR_MODULE_01', 'ECBAIT_10_0044_MEMBER_INTERIOR_01']
  HIT SRR957854: 4 baits >= 0.7 ['ECBAIT_0_0000_JUNCTION_01', 'ECBAIT_10_0002_MEMBER_INTERIOR_01', 'ECBAIT_10_0044_INTERIOR_MODULE_01', 'ECBAIT_10_0044_MEMBER_INTERIOR_01']
  HIT SRR957855: 4 baits >= 0.7 ['ECBAIT_0_0000_JUNCTION_01', 'ECBAIT_10_0002_MEMBER_INTERIOR_01', 'ECBAIT_10_0044_INTERIOR_MODULE_01', 'ECBAIT_10_0044_MEMBER_INTERIOR_01']
  HIT SRR957857: 4 baits >= 0.7 ['ECBAIT_0_0000_JUNCTION_01', 'ECBAIT_10_0002_MEMBER_INTERIOR_01', 'ECBAIT_10_0044_INTERIOR_MODULE_01', 'ECBAIT_10_0044_MEMBER_INTERIOR_01']
  HIT SRR957856: 4 baits >= 0.7 ['ECBAIT_0_0000_JUNCTION_01', 'ECBAIT_10_0002_MEMBER_INTERIOR_01', 'ECBAIT_10_0044_INTERIOR_MODULE_01', 'ECBAIT_10_0044_MEMBER_INTERIOR_01']
  HIT SRR957858: 4 baits >= 0.7 ['ECBAIT_0_0000_JUNCTION_01', 'ECBAIT_10_0002_MEMBER_INTERIOR_01', 'ECBAIT_10_0044_INTERIOR_MODULE_01', 'ECBAIT_10_0044_MEMBER_INTERIOR_01']
  HIT SRR957859: 4 baits >= 0.7 ['ECBAIT_0_0000_JUNCTION_01', 'ECBAIT_10_0002_MEMBER_INTERIOR_01', 'ECBAIT_10_0044_INTERIOR_MODULE_01', 'ECBAIT_10_0044_MEMBER_INTERIOR_01']
  HIT SRR957868: 4 baits >= 0.7 ['ECBAIT_0_0000_JUNCTION_01', 'ECBAIT_10_0002_MEMBER_INTERIOR_01', 'ECBAIT_10_0044_INTERIOR_MODULE_01', 'ECBAIT_10_0044_MEMBER_INTERIOR_01']
  HIT SRR957869: 4 baits >= 0.7 ['ECBAIT_0_0000_JUNCTION_01', 'ECBAIT_10_0002_MEMBER_INTERIOR_01', 'ECBAIT_10_0044_INTERIOR_MODULE_01', 'ECBAIT_10_0044_MEMBER_INTERIOR_01']
  HIT SRR957860: 4 baits >= 0.7 ['ECBAIT_0_0000_JUNCTION_01', 'ECBAIT_10_0002_MEMBER_INTERIOR_01', 'ECBAIT_10_0044_INTERIOR_MODULE_01', 'ECBAIT_10_0044_MEMBER_INTERIOR_01']
  HIT SRR958222: 7 baits >= 0.7 ['ECBAIT_0_0000_INTERIOR_MODULE_01', 'ECBAIT_0_0000_JUNCTION_02', 'ECBAIT_0_0000_MEMBER_INTERIOR_01', 'ECBAIT_10_0002_JUNCTION_01']
  HIT SRR958223: 7 baits >= 0.7 ['ECBAIT_0_0000_INTERIOR_MODULE_01', 'ECBAIT_0_0000_JUNCTION_02', 'ECBAIT_0_0000_MEMBER_INTERIOR_01', 'ECBAIT_10_0002_JUNCTION_01']
  HIT SRR958229: 2 baits >= 0.7 ['ECBAIT_0_0000_JUNCTION_02', 'ECBAIT_10_0057_MEMBER_INTERIOR_01']
  HIT SRR958230: 3 baits >= 0.7 ['ECBAIT_0_0000_JUNCTION_02', 'ECBAIT_10_0057_MEMBER_INTERIOR_01', 'ECBAIT_10_0151_JUNCTION_03']
  HIT SRR958254: 2 baits >= 0.7 ['ECBAIT_10_0002_MEMBER_INTERIOR_01', 'ECBAIT_10_0151_MEMBER_INTERIOR_01']
  11850/12000 processed (10691 screened, 8782 hit-accessions) 3529s budget=18.5GB
  HIT SRR958255: 1 baits >= 0.7 ['ECBAIT_10_0002_MEMBER_INTERIOR_01']
  HIT SRR958264: 4 baits >= 0.7 ['ECBAIT_0_0000_JUNCTION_02', 'ECBAIT_0_0000_MEMBER_INTERIOR_01', 'ECBAIT_10_0057_MEMBER_INTERIOR_01', 'ECBAIT_10_0151_MEMBER_INTERIOR_01']
  HIT SRR958265: 4 baits >= 0.7 ['ECBAIT_0_0000_JUNCTION_02', 'ECBAIT_0_0000_MEMBER_INTERIOR_01', 'ECBAIT_10_0057_MEMBER_INTERIOR_01', 'ECBAIT_10_0151_MEMBER_INTERIOR_01']
  HIT SRR958289: 1 baits >= 0.7 ['ECBAIT_10_0151_MEMBER_INTERIOR_01']
  HIT SRR958290: 2 baits >= 0.7 ['ECBAIT_10_0151_MEMBER_INTERIOR_01', 'ECBAIT_1_0004_JUNCTION_01']
  HIT SRR958304: 4 baits >= 0.7 ['ECBAIT_0_0000_INTERIOR_MODULE_01', 'ECBAIT_0_0000_JUNCTION_02', 'ECBAIT_0_0000_MEMBER_INTERIOR_01', 'ECBAIT_HOST_CONTROL_02']
  HIT SRR958303: 5 baits >= 0.7 ['ECBAIT_0_0000_INTERIOR_MODULE_01', 'ECBAIT_0_0000_JUNCTION_02', 'ECBAIT_0_0000_MEMBER_INTERIOR_01', 'ECBAIT_10_0057_MEMBER_INTERIOR_01']
  HIT SRR958315: 7 baits >= 0.7 ['ECBAIT_0_0014_JUNCTION_02', 'ECBAIT_0_0014_MEMBER_INTERIOR_01', 'ECBAIT_0_0052_JUNCTION_03', 'ECBAIT_0_0054_MEMBER_INTERIOR_01']
  HIT SRR958329: 2 baits >= 0.7 ['ECBAIT_10_0151_JUNCTION_03', 'ECBAIT_1_0004_JUNCTION_01']
  HIT SRR958316: 7 baits >= 0.7 ['ECBAIT_0_0014_JUNCTION_02', 'ECBAIT_0_0014_MEMBER_INTERIOR_01', 'ECBAIT_0_0052_JUNCTION_03', 'ECBAIT_0_0054_MEMBER_INTERIOR_01']
  HIT SRR958330: 3 baits >= 0.7 ['ECBAIT_0_0000_JUNCTION_02', 'ECBAIT_10_0151_JUNCTION_03', 'ECBAIT_1_0004_JUNCTION_01']
  HIT SRR958356: 3 baits >= 0.7 ['ECBAIT_0_0000_JUNCTION_02', 'ECBAIT_10_0057_MEMBER_INTERIOR_01', 'ECBAIT_10_0172_MEMBER_INTERIOR_01']
  HIT SRR958357: 3 baits >= 0.7 ['ECBAIT_0_0000_JUNCTION_02', 'ECBAIT_10_0057_MEMBER_INTERIOR_01', 'ECBAIT_10_0172_MEMBER_INTERIOR_01']
  HIT SRR958360: 5 baits >= 0.7 ['ECBAIT_0_0000_INTERIOR_MODULE_01', 'ECBAIT_0_0000_JUNCTION_02', 'ECBAIT_0_0000_MEMBER_INTERIOR_01', 'ECBAIT_10_0057_MEMBER_INTERIOR_01']
  HIT SRR958361: 5 baits >= 0.7 ['ECBAIT_0_0000_INTERIOR_MODULE_01', 'ECBAIT_0_0000_JUNCTION_02', 'ECBAIT_0_0000_MEMBER_INTERIOR_01', 'ECBAIT_10_0057_MEMBER_INTERIOR_01']
  HIT SRR958400: 3 baits >= 0.7 ['ECBAIT_0_0046_JUNCTION_02', 'ECBAIT_1_0022_JUNCTION_03', 'ECBAIT_HOST_CONTROL_02']
  HIT SRR958401: 3 baits >= 0.7 ['ECBAIT_0_0046_JUNCTION_02', 'ECBAIT_1_0022_JUNCTION_03', 'ECBAIT_HOST_CONTROL_02']
  HIT SRR958404: 1 baits >= 0.7 ['ECBAIT_HOST_CONTROL_01']
  HIT SRR958405: 1 baits >= 0.7 ['ECBAIT_HOST_CONTROL_01']
  HIT SRR958406: 4 baits >= 0.7 ['ECBAIT_0_0000_JUNCTION_02', 'ECBAIT_0_0000_MEMBER_INTERIOR_01', 'ECBAIT_10_0057_MEMBER_INTERIOR_01', 'ECBAIT_HOST_CONTROL_02']
  HIT SRR958407: 4 baits >= 0.7 ['ECBAIT_0_0000_JUNCTION_02', 'ECBAIT_0_0000_MEMBER_INTERIOR_01', 'ECBAIT_10_0057_MEMBER_INTERIOR_01', 'ECBAIT_HOST_CONTROL_02']
  HIT SRR958517: 2 baits >= 0.7 ['ECBAIT_10_0057_MEMBER_INTERIOR_01', 'ECBAIT_HOST_CONTROL_02']
  HIT SRR958518: 2 baits >= 0.7 ['ECBAIT_10_0057_MEMBER_INTERIOR_01', 'ECBAIT_HOST_CONTROL_02']
  HIT SRR958546: 2 baits >= 0.7 ['ECBAIT_10_0057_MEMBER_INTERIOR_01', 'ECBAIT_HOST_CONTROL_02']
  HIT SRR958547: 2 baits >= 0.7 ['ECBAIT_10_0057_MEMBER_INTERIOR_01', 'ECBAIT_HOST_CONTROL_02']
  HIT SRR958570: 5 baits >= 0.7 ['ECBAIT_0_0000_INTERIOR_MODULE_01', 'ECBAIT_0_0000_JUNCTION_02', 'ECBAIT_0_0000_MEMBER_INTERIOR_01', 'ECBAIT_10_0057_MEMBER_INTERIOR_01']
  HIT SRR958571: 5 baits >= 0.7 ['ECBAIT_0_0000_INTERIOR_MODULE_01', 'ECBAIT_0_0000_JUNCTION_02', 'ECBAIT_0_0000_MEMBER_INTERIOR_01', 'ECBAIT_10_0057_MEMBER_INTERIOR_01']
  HIT SRR958610: 3 baits >= 0.7 ['ECBAIT_0_0054_MEMBER_INTERIOR_01', 'ECBAIT_10_0172_MEMBER_INTERIOR_01', 'ECBAIT_HOST_CONTROL_01']
  HIT SRR958611: 3 baits >= 0.7 ['ECBAIT_0_0054_MEMBER_INTERIOR_01', 'ECBAIT_10_0172_MEMBER_INTERIOR_01', 'ECBAIT_HOST_CONTROL_01']
  HIT SRR958617: 4 baits >= 0.7 ['ECBAIT_0_0000_INTERIOR_MODULE_01', 'ECBAIT_0_0000_MEMBER_INTERIOR_01', 'ECBAIT_10_0057_MEMBER_INTERIOR_01', 'ECBAIT_HOST_CONTROL_02']
  HIT SRR958616: 5 baits >= 0.7 ['ECBAIT_0_0000_INTERIOR_MODULE_01', 'ECBAIT_0_0000_JUNCTION_02', 'ECBAIT_0_0000_MEMBER_INTERIOR_01', 'ECBAIT_10_0057_MEMBER_INTERIOR_01']
  HIT SRR958637: 6 baits >= 0.7 ['ECBAIT_0_0000_INTERIOR_MODULE_01', 'ECBAIT_0_0000_JUNCTION_02', 'ECBAIT_0_0000_MEMBER_INTERIOR_01', 'ECBAIT_10_0002_MEMBER_INTERIOR_01']
  HIT SRR958638: 6 baits >= 0.7 ['ECBAIT_0_0000_INTERIOR_MODULE_01', 'ECBAIT_0_0000_JUNCTION_02', 'ECBAIT_0_0000_MEMBER_INTERIOR_01', 'ECBAIT_10_0002_MEMBER_INTERIOR_01']
  HIT SRR958757: 2 baits >= 0.7 ['ECBAIT_10_0057_MEMBER_INTERIOR_01', 'ECBAIT_HOST_CONTROL_02']
  HIT SRR958758: 2 baits >= 0.7 ['ECBAIT_10_0057_MEMBER_INTERIOR_01', 'ECBAIT_HOST_CONTROL_02']
  HIT SRR958779: 5 baits >= 0.7 ['ECBAIT_0_0000_INTERIOR_MODULE_01', 'ECBAIT_0_0000_JUNCTION_02', 'ECBAIT_0_0000_MEMBER_INTERIOR_01', 'ECBAIT_10_0057_MEMBER_INTERIOR_01']
  HIT SRR958780: 5 baits >= 0.7 ['ECBAIT_0_0000_INTERIOR_MODULE_01', 'ECBAIT_0_0000_JUNCTION_02', 'ECBAIT_0_0000_MEMBER_INTERIOR_01', 'ECBAIT_10_0057_MEMBER_INTERIOR_01']
  HIT SRR9588124: 3 baits >= 0.7 ['ECBAIT_0_0000_JUNCTION_02', 'ECBAIT_0_0000_MEMBER_INTERIOR_01', 'ECBAIT_HOST_CONTROL_02']
  HIT SRR9588125: 1 baits >= 0.7 ['ECBAIT_10_0057_MEMBER_INTERIOR_01']
  HIT SRR9588126: 1 baits >= 0.7 ['ECBAIT_10_0057_MEMBER_INTERIOR_01']
  HIT SRR9588127: 2 baits >= 0.7 ['ECBAIT_10_0002_MEMBER_INTERIOR_01', 'ECBAIT_10_0057_MEMBER_INTERIOR_01']
  HIT SRR9588128: 1 baits >= 0.7 ['ECBAIT_10_0002_JUNCTION_01']
  11900/12000 processed (10741 screened, 8824 hit-accessions) 3545s budget=18.6GB
  HIT SRR9588129: 1 baits >= 0.7 ['ECBAIT_10_0057_MEMBER_INTERIOR_01']
  HIT SRR9588130: 1 baits >= 0.7 ['ECBAIT_0_0000_JUNCTION_02']
  HIT SRR9588131: 1 baits >= 0.7 ['ECBAIT_10_0002_JUNCTION_01']
  HIT SRR9588286: 1 baits >= 0.7 ['ECBAIT_10_0002_JUNCTION_01']
  HIT SRR958970: 3 baits >= 0.7 ['ECBAIT_0_0000_JUNCTION_02', 'ECBAIT_0_0000_MEMBER_INTERIOR_01', 'ECBAIT_10_0057_MEMBER_INTERIOR_01']
  HIT SRR958971: 3 baits >= 0.7 ['ECBAIT_0_0000_JUNCTION_02', 'ECBAIT_0_0000_MEMBER_INTERIOR_01', 'ECBAIT_10_0057_MEMBER_INTERIOR_01']
  HIT SRR9646972: 1 baits >= 0.7 ['ECBAIT_HOST_CONTROL_01']
  HIT SRR9648126: 1 baits >= 0.7 ['ECBAIT_HOST_CONTROL_01']
  HIT SRR9648125: 1 baits >= 0.7 ['ECBAIT_HOST_CONTROL_01']
  HIT SRR9663515: 1 baits >= 0.7 ['ECBAIT_10_0057_MEMBER_INTERIOR_01']
  HIT SRR9663516: 5 baits >= 0.7 ['ECBAIT_0_0000_INTERIOR_MODULE_01', 'ECBAIT_0_0000_JUNCTION_02', 'ECBAIT_0_0000_MEMBER_INTERIOR_01', 'ECBAIT_0_0054_MEMBER_INTERIOR_01']
  HIT SRR9663519: 1 baits >= 0.7 ['ECBAIT_HOST_CONTROL_01']
  HIT SRR9663517: 1 baits >= 0.7 ['ECBAIT_10_0057_MEMBER_INTERIOR_01']
  HIT SRR9663518: 2 baits >= 0.7 ['ECBAIT_10_0057_MEMBER_INTERIOR_01', 'ECBAIT_HOST_CONTROL_01']
  HIT SRR9663521: 4 baits >= 0.7 ['ECBAIT_0_0000_JUNCTION_02', 'ECBAIT_0_0000_MEMBER_INTERIOR_01', 'ECBAIT_10_0172_MEMBER_INTERIOR_01', 'ECBAIT_HOST_CONTROL_02']
  HIT SRR9663522: 1 baits >= 0.7 ['ECBAIT_1_0004_JUNCTION_01']
  HIT SRR9663523: 2 baits >= 0.7 ['ECBAIT_10_0057_MEMBER_INTERIOR_01', 'ECBAIT_HOST_CONTROL_01']
  HIT SRR9663524: 2 baits >= 0.7 ['ECBAIT_0_0000_JUNCTION_02', 'ECBAIT_10_0057_MEMBER_INTERIOR_01']
  HIT SRR9663526: 3 baits >= 0.7 ['ECBAIT_0_0059_JUNCTION_01', 'ECBAIT_0_0059_JUNCTION_02', 'ECBAIT_0_0059_MEMBER_INTERIOR_01']
  HIT SRR9663527: 5 baits >= 0.7 ['ECBAIT_0_0000_JUNCTION_02', 'ECBAIT_0_0000_MEMBER_INTERIOR_01', 'ECBAIT_0_0014_JUNCTION_02', 'ECBAIT_10_0057_MEMBER_INTERIOR_01']
  HIT SRR9663528: 4 baits >= 0.7 ['ECBAIT_0_0000_INTERIOR_MODULE_01', 'ECBAIT_0_0000_JUNCTION_02', 'ECBAIT_0_0000_MEMBER_INTERIOR_01', 'ECBAIT_10_0057_MEMBER_INTERIOR_01']
  HIT SRR9663529: 1 baits >= 0.7 ['ECBAIT_HOST_CONTROL_01']
  HIT SRR9663530: 2 baits >= 0.7 ['ECBAIT_0_0000_JUNCTION_02', 'ECBAIT_10_0057_MEMBER_INTERIOR_01']
  HIT SRR9663531: 1 baits >= 0.7 ['ECBAIT_HOST_CONTROL_01']
  HIT SRR9663532: 1 baits >= 0.7 ['ECBAIT_10_0057_MEMBER_INTERIOR_01']
  HIT SRR9663533: 1 baits >= 0.7 ['ECBAIT_10_0057_MEMBER_INTERIOR_01']
  HIT SRR9663534: 2 baits >= 0.7 ['ECBAIT_10_0057_MEMBER_INTERIOR_01', 'ECBAIT_HOST_CONTROL_01']
  HIT SRR9663535: 2 baits >= 0.7 ['ECBAIT_10_0057_MEMBER_INTERIOR_01', 'ECBAIT_HOST_CONTROL_01']
  HIT SRR9663536: 2 baits >= 0.7 ['ECBAIT_0_0014_MEMBER_INTERIOR_01', 'ECBAIT_HOST_CONTROL_01']
  HIT SRR9663537: 3 baits >= 0.7 ['ECBAIT_0_0046_MEMBER_INTERIOR_01', 'ECBAIT_10_0057_MEMBER_INTERIOR_01', 'ECBAIT_1_0022_JUNCTION_03']
  HIT SRR9663538: 1 baits >= 0.7 ['ECBAIT_HOST_CONTROL_01']
  HIT SRR9663539: 4 baits >= 0.7 ['ECBAIT_0_0000_INTERIOR_MODULE_01', 'ECBAIT_0_0000_JUNCTION_02', 'ECBAIT_0_0000_MEMBER_INTERIOR_01', 'ECBAIT_10_0057_MEMBER_INTERIOR_01']
  HIT SRR9663541: 1 baits >= 0.7 ['ECBAIT_10_0057_MEMBER_INTERIOR_01']
  HIT SRR9663542: 1 baits >= 0.7 ['ECBAIT_HOST_CONTROL_01']
  HIT SRR9663544: 1 baits >= 0.7 ['ECBAIT_10_0057_MEMBER_INTERIOR_01']
  HIT SRR9663545: 2 baits >= 0.7 ['ECBAIT_10_0057_MEMBER_INTERIOR_01', 'ECBAIT_HOST_CONTROL_01']
  HIT SRR9663546: 4 baits >= 0.7 ['ECBAIT_0_0000_INTERIOR_MODULE_01', 'ECBAIT_0_0000_JUNCTION_02', 'ECBAIT_0_0000_MEMBER_INTERIOR_01', 'ECBAIT_10_0057_MEMBER_INTERIOR_01']
  HIT SRR9696902: 1 baits >= 0.7 ['ECBAIT_10_0002_JUNCTION_01']
  HIT SRR9696922: 2 baits >= 0.7 ['ECBAIT_10_0002_MEMBER_INTERIOR_01', 'ECBAIT_10_0057_MEMBER_INTERIOR_01']
  HIT SRR9696954: 2 baits >= 0.7 ['ECBAIT_10_0002_JUNCTION_01', 'ECBAIT_10_0057_MEMBER_INTERIOR_01']
  11950/12000 processed (10790 screened, 8864 hit-accessions) 3560s budget=18.7GB
  HIT SRR9697014: 6 baits >= 0.7 ['ECBAIT_0_0000_INTERIOR_MODULE_01', 'ECBAIT_0_0000_JUNCTION_02', 'ECBAIT_0_0000_MEMBER_INTERIOR_01', 'ECBAIT_10_0057_MEMBER_INTERIOR_01']
  HIT SRR9723002: 1 baits >= 0.7 ['ECBAIT_HOST_CONTROL_01']
  HIT SRR9723006: 1 baits >= 0.7 ['ECBAIT_HOST_CONTROL_01']
  HIT SRR9723004: 1 baits >= 0.7 ['ECBAIT_HOST_CONTROL_01']
  HIT SRR9723005: 1 baits >= 0.7 ['ECBAIT_HOST_CONTROL_01']
  HIT SRR9723003: 1 baits >= 0.7 ['ECBAIT_HOST_CONTROL_01']
  HIT SRR9723007: 1 baits >= 0.7 ['ECBAIT_HOST_CONTROL_01']
  HIT SRR9723008: 1 baits >= 0.7 ['ECBAIT_HOST_CONTROL_01']
  HIT SRR9723009: 1 baits >= 0.7 ['ECBAIT_HOST_CONTROL_01']
  HIT SRR9723010: 1 baits >= 0.7 ['ECBAIT_HOST_CONTROL_01']
  HIT SRR9723011: 1 baits >= 0.7 ['ECBAIT_HOST_CONTROL_01']
  HIT SRR9723012: 1 baits >= 0.7 ['ECBAIT_HOST_CONTROL_01']
  HIT SRR9723013: 1 baits >= 0.7 ['ECBAIT_HOST_CONTROL_01']
  HIT SRR9723014: 1 baits >= 0.7 ['ECBAIT_HOST_CONTROL_01']
  HIT SRR9723015: 1 baits >= 0.7 ['ECBAIT_HOST_CONTROL_01']
  HIT SRR9723017: 1 baits >= 0.7 ['ECBAIT_HOST_CONTROL_01']
  HIT SRR9723016: 1 baits >= 0.7 ['ECBAIT_HOST_CONTROL_01']
  HIT SRR9723018: 1 baits >= 0.7 ['ECBAIT_HOST_CONTROL_01']
  HIT SRR9723019: 1 baits >= 0.7 ['ECBAIT_HOST_CONTROL_01']
  HIT SRR9723020: 1 baits >= 0.7 ['ECBAIT_HOST_CONTROL_01']
  HIT SRR9723021: 1 baits >= 0.7 ['ECBAIT_HOST_CONTROL_01']
  HIT SRR9723022: 1 baits >= 0.7 ['ECBAIT_HOST_CONTROL_01']
  HIT SRR9723023: 1 baits >= 0.7 ['ECBAIT_HOST_CONTROL_01']
  HIT SRR9723026: 1 baits >= 0.7 ['ECBAIT_HOST_CONTROL_01']
  HIT SRR9723025: 1 baits >= 0.7 ['ECBAIT_HOST_CONTROL_01']
  HIT SRR9723024: 1 baits >= 0.7 ['ECBAIT_HOST_CONTROL_01']
  HIT SRR9723027: 1 baits >= 0.7 ['ECBAIT_HOST_CONTROL_01']
  HIT SRR9723028: 1 baits >= 0.7 ['ECBAIT_HOST_CONTROL_01']
  HIT SRR9723029: 1 baits >= 0.7 ['ECBAIT_HOST_CONTROL_01']
  HIT SRR9723030: 1 baits >= 0.7 ['ECBAIT_HOST_CONTROL_01']
  HIT SRR9723031: 1 baits >= 0.7 ['ECBAIT_HOST_CONTROL_01']
  HIT SRR9723032: 1 baits >= 0.7 ['ECBAIT_HOST_CONTROL_01']
  HIT SRR9723033: 1 baits >= 0.7 ['ECBAIT_HOST_CONTROL_01']
  HIT SRR9723034: 1 baits >= 0.7 ['ECBAIT_HOST_CONTROL_01']
  HIT SRR9723035: 1 baits >= 0.7 ['ECBAIT_HOST_CONTROL_01']
  HIT SRR9723036: 1 baits >= 0.7 ['ECBAIT_HOST_CONTROL_01']
  HIT SRR9723037: 1 baits >= 0.7 ['ECBAIT_HOST_CONTROL_01']
  HIT SRR9723038: 1 baits >= 0.7 ['ECBAIT_HOST_CONTROL_01']
  HIT SRR9723039: 1 baits >= 0.7 ['ECBAIT_HOST_CONTROL_01']
  HIT SRR9723040: 1 baits >= 0.7 ['ECBAIT_HOST_CONTROL_01']
  HIT SRR9903508: 1 baits >= 0.7 ['ECBAIT_HOST_CONTROL_01']
  HIT SRR9913818: 1 baits >= 0.7 ['ECBAIT_10_0057_MEMBER_INTERIOR_01']
  HIT SRR9914133: 1 baits >= 0.7 ['ECBAIT_10_0057_MEMBER_INTERIOR_01']
  HIT SRR9984633: 5 baits >= 0.7 ['ECBAIT_0_0000_INTERIOR_MODULE_01', 'ECBAIT_0_0000_JUNCTION_02', 'ECBAIT_0_0000_MEMBER_INTERIOR_01', 'ECBAIT_10_0057_MEMBER_INTERIOR_01']
  HIT SRR9984754: 2 baits >= 0.7 ['ECBAIT_10_0057_MEMBER_INTERIOR_01', 'ECBAIT_HOST_CONTROL_01']
  HIT SRR999494: 2 baits >= 0.7 ['ECBAIT_0_0000_MEMBER_INTERIOR_01', 'ECBAIT_HOST_CONTROL_02']
  HIT SRR999495: 3 baits >= 0.7 ['ECBAIT_0_0000_MEMBER_INTERIOR_01', 'ECBAIT_10_0172_MEMBER_INTERIOR_01', 'ECBAIT_HOST_CONTROL_02']
  12000/12000 processed (10839 screened, 8911 hit-accessions) 3575s budget=18.7GB
{"processed": 10839, "hit_accessions": 8911, "budget": {"bytes": 18749818426, "accessions": 10839}, "stopped": null}
