panel: 113 baits, 115512 distinct canonical 31-mers
11975 runs (0 already screened), 11975 to do
  HIT ERR13913805: 1 baits >= 0.7 ['ECBAIT_10_0057_MEMBER_INTERIOR_01']
  HIT ERR13913808: 1 baits >= 0.7 ['ECBAIT_10_0057_MEMBER_INTERIOR_01']
  HIT ERR13913807: 1 baits >= 0.7 ['ECBAIT_10_0057_MEMBER_INTERIOR_01']
  HIT ERR13913809: 1 baits >= 0.7 ['ECBAIT_10_0057_MEMBER_INTERIOR_01']
  HIT ERR13915679: 1 baits >= 0.7 ['ECBAIT_10_0057_MEMBER_INTERIOR_01']
  HIT ERR13915675: 1 baits >= 0.7 ['ECBAIT_10_0057_MEMBER_INTERIOR_01']
  HIT ERR13915673: 1 baits >= 0.7 ['ECBAIT_10_0057_MEMBER_INTERIOR_01']
  HIT ERR13915677: 2 baits >= 0.7 ['ECBAIT_10_0057_MEMBER_INTERIOR_01', 'ECBAIT_10_0172_MEMBER_INTERIOR_01']
  HIT ERR13915680: 1 baits >= 0.7 ['ECBAIT_10_0057_MEMBER_INTERIOR_01']
  HIT ERR13915683: 2 baits >= 0.7 ['ECBAIT_10_0057_MEMBER_INTERIOR_01', 'ECBAIT_HOST_CONTROL_02']
  HIT ERR13915681: 2 baits >= 0.7 ['ECBAIT_10_0057_MEMBER_INTERIOR_01', 'ECBAIT_HOST_CONTROL_02']
  HIT ERR13915682: 1 baits >= 0.7 ['ECBAIT_10_0057_MEMBER_INTERIOR_01']
  HIT ERR13915685: 1 baits >= 0.7 ['ECBAIT_10_0057_MEMBER_INTERIOR_01']
  HIT ERR13915687: 1 baits >= 0.7 ['ECBAIT_10_0057_MEMBER_INTERIOR_01']
  HIT ERR13915686: 1 baits >= 0.7 ['ECBAIT_10_0057_MEMBER_INTERIOR_01']
  HIT ERR13915684: 5 baits >= 0.7 ['ECBAIT_10_0002_JUNCTION_01', 'ECBAIT_10_0002_JUNCTION_02', 'ECBAIT_10_0002_MEMBER_INTERIOR_01', 'ECBAIT_10_0057_MEMBER_INTERIOR_01']
  HIT ERR13915688: 1 baits >= 0.7 ['ECBAIT_10_0057_MEMBER_INTERIOR_01']
  HIT ERR13916140: 2 baits >= 0.7 ['ECBAIT_10_0002_MEMBER_INTERIOR_01', 'ECBAIT_10_0057_MEMBER_INTERIOR_01']
  HIT ERR13916144: 1 baits >= 0.7 ['ECBAIT_10_0057_MEMBER_INTERIOR_01']
  HIT ERR13916141: 2 baits >= 0.7 ['ECBAIT_10_0057_MEMBER_INTERIOR_01', 'ECBAIT_HOST_CONTROL_02']
  HIT ERR13916158: 2 baits >= 0.7 ['ECBAIT_10_0002_MEMBER_INTERIOR_01', 'ECBAIT_10_0057_MEMBER_INTERIOR_01']
  HIT ERR13916161: 1 baits >= 0.7 ['ECBAIT_10_0057_MEMBER_INTERIOR_01']
  HIT ERR13916164: 2 baits >= 0.7 ['ECBAIT_10_0002_MEMBER_INTERIOR_01', 'ECBAIT_10_0057_MEMBER_INTERIOR_01']
  HIT ERR13916167: 4 baits >= 0.7 ['ECBAIT_0_0046_MEMBER_INTERIOR_01', 'ECBAIT_10_0002_JUNCTION_01', 'ECBAIT_10_0057_MEMBER_INTERIOR_01', 'ECBAIT_10_0151_JUNCTION_03']
  HIT ERR13916170: 1 baits >= 0.7 ['ECBAIT_10_0057_MEMBER_INTERIOR_01']
  HIT ERR13916173: 2 baits >= 0.7 ['ECBAIT_10_0002_MEMBER_INTERIOR_01', 'ECBAIT_10_0057_MEMBER_INTERIOR_01']
  HIT ERR13916169: 2 baits >= 0.7 ['ECBAIT_10_0002_MEMBER_INTERIOR_01', 'ECBAIT_10_0057_MEMBER_INTERIOR_01']
  HIT ERR13916175: 1 baits >= 0.7 ['ECBAIT_10_0057_MEMBER_INTERIOR_01']
  HIT ERR13916176: 2 baits >= 0.7 ['ECBAIT_10_0002_MEMBER_INTERIOR_01', 'ECBAIT_10_0057_MEMBER_INTERIOR_01']
  HIT ERR13916178: 1 baits >= 0.7 ['ECBAIT_10_0057_MEMBER_INTERIOR_01']
  HIT ERR13916179: 3 baits >= 0.7 ['ECBAIT_10_0002_JUNCTION_02', 'ECBAIT_10_0002_MEMBER_INTERIOR_01', 'ECBAIT_10_0057_MEMBER_INTERIOR_01']
  HIT ERR13916181: 3 baits >= 0.7 ['ECBAIT_10_0002_MEMBER_INTERIOR_01', 'ECBAIT_10_0057_MEMBER_INTERIOR_01', 'ECBAIT_10_0172_MEMBER_INTERIOR_01']
  HIT ERR13916184: 1 baits >= 0.7 ['ECBAIT_10_0057_MEMBER_INTERIOR_01']
  HIT ERR13916265: 2 baits >= 0.7 ['ECBAIT_10_0057_MEMBER_INTERIOR_01', 'ECBAIT_HOST_CONTROL_02']
  HIT ERR13916185: 3 baits >= 0.7 ['ECBAIT_10_0002_JUNCTION_02', 'ECBAIT_10_0002_MEMBER_INTERIOR_01', 'ECBAIT_10_0057_MEMBER_INTERIOR_01']
  HIT ERR13916266: 2 baits >= 0.7 ['ECBAIT_10_0057_MEMBER_INTERIOR_01', 'ECBAIT_HOST_CONTROL_02']
  HIT ERR13916268: 1 baits >= 0.7 ['ECBAIT_10_0057_MEMBER_INTERIOR_01']
  HIT ERR13916269: 1 baits >= 0.7 ['ECBAIT_10_0057_MEMBER_INTERIOR_01']
  HIT ERR13916270: 2 baits >= 0.7 ['ECBAIT_10_0002_MEMBER_INTERIOR_01', 'ECBAIT_10_0057_MEMBER_INTERIOR_01']
  HIT ERR13916272: 2 baits >= 0.7 ['ECBAIT_10_0002_MEMBER_INTERIOR_01', 'ECBAIT_10_0057_MEMBER_INTERIOR_01']
  HIT ERR13916273: 3 baits >= 0.7 ['ECBAIT_10_0002_JUNCTION_01', 'ECBAIT_10_0002_MEMBER_INTERIOR_01', 'ECBAIT_10_0057_MEMBER_INTERIOR_01']
  HIT ERR13916275: 2 baits >= 0.7 ['ECBAIT_10_0057_MEMBER_INTERIOR_01', 'ECBAIT_10_0172_MEMBER_INTERIOR_01']
  HIT ERR13916278: 2 baits >= 0.7 ['ECBAIT_10_0057_MEMBER_INTERIOR_01', 'ECBAIT_10_0172_MEMBER_INTERIOR_01']
  HIT ERR13916277: 1 baits >= 0.7 ['ECBAIT_10_0057_MEMBER_INTERIOR_01']
  HIT ERR13916281: 3 baits >= 0.7 ['ECBAIT_10_0002_JUNCTION_01', 'ECBAIT_10_0002_JUNCTION_02', 'ECBAIT_10_0057_MEMBER_INTERIOR_01']
  HIT ERR13916280: 1 baits >= 0.7 ['ECBAIT_10_0057_MEMBER_INTERIOR_01']
  HIT ERR13916299: 2 baits >= 0.7 ['ECBAIT_10_0057_MEMBER_INTERIOR_01', 'ECBAIT_HOST_CONTROL_02']
  HIT ERR13916283: 2 baits >= 0.7 ['ECBAIT_10_0002_MEMBER_INTERIOR_01', 'ECBAIT_10_0057_MEMBER_INTERIOR_01']
  HIT ERR13916301: 3 baits >= 0.7 ['ECBAIT_10_0002_JUNCTION_01', 'ECBAIT_10_0002_MEMBER_INTERIOR_01', 'ECBAIT_10_0057_MEMBER_INTERIOR_01']
  HIT ERR13916303: 2 baits >= 0.7 ['ECBAIT_10_0057_MEMBER_INTERIOR_01', 'ECBAIT_HOST_CONTROL_02']
  50/11975 processed (50 screened, 50 hit-accessions) 18s budget=0.1GB
  HIT ERR13916308: 2 baits >= 0.7 ['ECBAIT_10_0057_MEMBER_INTERIOR_01', 'ECBAIT_HOST_CONTROL_02']
  HIT ERR13916310: 1 baits >= 0.7 ['ECBAIT_10_0057_MEMBER_INTERIOR_01']
  HIT ERR13916313: 2 baits >= 0.7 ['ECBAIT_10_0057_MEMBER_INTERIOR_01', 'ECBAIT_HOST_CONTROL_02']
  HIT ERR13916312: 2 baits >= 0.7 ['ECBAIT_10_0057_MEMBER_INTERIOR_01', 'ECBAIT_HOST_CONTROL_02']
  HIT ERR13916315: 2 baits >= 0.7 ['ECBAIT_10_0002_MEMBER_INTERIOR_01', 'ECBAIT_10_0057_MEMBER_INTERIOR_01']
  HIT ERR13916314: 2 baits >= 0.7 ['ECBAIT_10_0002_MEMBER_INTERIOR_01', 'ECBAIT_10_0057_MEMBER_INTERIOR_01']
  HIT ERR13916316: 2 baits >= 0.7 ['ECBAIT_10_0057_MEMBER_INTERIOR_01', 'ECBAIT_HOST_CONTROL_02']
  HIT ERR13916317: 2 baits >= 0.7 ['ECBAIT_10_0057_MEMBER_INTERIOR_01', 'ECBAIT_HOST_CONTROL_02']
  HIT ERR13916319: 1 baits >= 0.7 ['ECBAIT_10_0057_MEMBER_INTERIOR_01']
  HIT ERR13916318: 3 baits >= 0.7 ['ECBAIT_10_0002_JUNCTION_02', 'ECBAIT_10_0002_MEMBER_INTERIOR_01', 'ECBAIT_10_0057_MEMBER_INTERIOR_01']
  HIT ERR13916320: 1 baits >= 0.7 ['ECBAIT_10_0057_MEMBER_INTERIOR_01']
  HIT ERR13916321: 3 baits >= 0.7 ['ECBAIT_10_0057_MEMBER_INTERIOR_01', 'ECBAIT_10_0151_MEMBER_INTERIOR_01', 'ECBAIT_10_0172_MEMBER_INTERIOR_01']
  HIT ERR13916322: 1 baits >= 0.7 ['ECBAIT_10_0057_MEMBER_INTERIOR_01']
  HIT ERR13916323: 2 baits >= 0.7 ['ECBAIT_10_0002_MEMBER_INTERIOR_01', 'ECBAIT_10_0057_MEMBER_INTERIOR_01']
  HIT ERR13916324: 3 baits >= 0.7 ['ECBAIT_10_0002_JUNCTION_02', 'ECBAIT_10_0002_MEMBER_INTERIOR_01', 'ECBAIT_10_0057_MEMBER_INTERIOR_01']
  HIT ERR13916325: 1 baits >= 0.7 ['ECBAIT_10_0057_MEMBER_INTERIOR_01']
  HIT ERR13916326: 2 baits >= 0.7 ['ECBAIT_10_0002_MEMBER_INTERIOR_01', 'ECBAIT_10_0057_MEMBER_INTERIOR_01']
  HIT ERR13916327: 1 baits >= 0.7 ['ECBAIT_10_0057_MEMBER_INTERIOR_01']
  HIT ERR13916328: 2 baits >= 0.7 ['ECBAIT_10_0057_MEMBER_INTERIOR_01', 'ECBAIT_HOST_CONTROL_02']
  HIT ERR13916346: 4 baits >= 0.7 ['ECBAIT_10_0002_JUNCTION_01', 'ECBAIT_10_0002_JUNCTION_02', 'ECBAIT_10_0002_MEMBER_INTERIOR_01', 'ECBAIT_10_0057_MEMBER_INTERIOR_01']
  HIT ERR13916347: 1 baits >= 0.7 ['ECBAIT_10_0057_MEMBER_INTERIOR_01']
  HIT ERR13916329: 3 baits >= 0.7 ['ECBAIT_10_0002_JUNCTION_02', 'ECBAIT_10_0002_MEMBER_INTERIOR_01', 'ECBAIT_10_0057_MEMBER_INTERIOR_01']
  HIT ERR13916348: 1 baits >= 0.7 ['ECBAIT_10_0057_MEMBER_INTERIOR_01']
  HIT ERR13916349: 1 baits >= 0.7 ['ECBAIT_10_0057_MEMBER_INTERIOR_01']
  HIT ERR13916351: 1 baits >= 0.7 ['ECBAIT_10_0057_MEMBER_INTERIOR_01']
  HIT ERR13916350: 2 baits >= 0.7 ['ECBAIT_10_0002_MEMBER_INTERIOR_01', 'ECBAIT_10_0057_MEMBER_INTERIOR_01']
  HIT ERR13916352: 1 baits >= 0.7 ['ECBAIT_10_0057_MEMBER_INTERIOR_01']
  HIT ERR13916353: 1 baits >= 0.7 ['ECBAIT_10_0057_MEMBER_INTERIOR_01']
  HIT ERR13916354: 2 baits >= 0.7 ['ECBAIT_10_0002_MEMBER_INTERIOR_01', 'ECBAIT_10_0057_MEMBER_INTERIOR_01']
  HIT ERR13916355: 2 baits >= 0.7 ['ECBAIT_10_0057_MEMBER_INTERIOR_01', 'ECBAIT_10_0172_MEMBER_INTERIOR_01']
  HIT ERR13916357: 4 baits >= 0.7 ['ECBAIT_10_0002_JUNCTION_01', 'ECBAIT_10_0002_JUNCTION_02', 'ECBAIT_10_0002_MEMBER_INTERIOR_01', 'ECBAIT_10_0057_MEMBER_INTERIOR_01']
  HIT ERR13916356: 2 baits >= 0.7 ['ECBAIT_10_0057_MEMBER_INTERIOR_01', 'ECBAIT_HOST_CONTROL_02']
  HIT ERR13916370: 2 baits >= 0.7 ['ECBAIT_10_0002_MEMBER_INTERIOR_01', 'ECBAIT_10_0057_MEMBER_INTERIOR_01']
  HIT ERR13916371: 1 baits >= 0.7 ['ECBAIT_10_0057_MEMBER_INTERIOR_01']
  HIT ERR13916372: 2 baits >= 0.7 ['ECBAIT_10_0002_MEMBER_INTERIOR_01', 'ECBAIT_10_0057_MEMBER_INTERIOR_01']
  HIT ERR13916373: 2 baits >= 0.7 ['ECBAIT_10_0057_MEMBER_INTERIOR_01', 'ECBAIT_HOST_CONTROL_02']
  HIT ERR13916375: 1 baits >= 0.7 ['ECBAIT_10_0057_MEMBER_INTERIOR_01']
  HIT ERR13916376: 1 baits >= 0.7 ['ECBAIT_10_0057_MEMBER_INTERIOR_01']
  HIT ERR13916377: 2 baits >= 0.7 ['ECBAIT_10_0057_MEMBER_INTERIOR_01', 'ECBAIT_HOST_CONTROL_02']
  HIT ERR13916378: 1 baits >= 0.7 ['ECBAIT_10_0057_MEMBER_INTERIOR_01']
  HIT ERR13916379: 1 baits >= 0.7 ['ECBAIT_10_0057_MEMBER_INTERIOR_01']
  HIT ERR13916380: 2 baits >= 0.7 ['ECBAIT_10_0057_MEMBER_INTERIOR_01', 'ECBAIT_10_0172_MEMBER_INTERIOR_01']
  HIT ERR13916381: 1 baits >= 0.7 ['ECBAIT_10_0057_MEMBER_INTERIOR_01']
  HIT ERR13916382: 2 baits >= 0.7 ['ECBAIT_10_0057_MEMBER_INTERIOR_01', 'ECBAIT_HOST_CONTROL_02']
  HIT ERR13916383: 3 baits >= 0.7 ['ECBAIT_0_0052_JUNCTION_01', 'ECBAIT_0_0052_JUNCTION_03', 'ECBAIT_10_0057_MEMBER_INTERIOR_01']
  HIT ERR13916384: 3 baits >= 0.7 ['ECBAIT_10_0002_JUNCTION_02', 'ECBAIT_10_0002_MEMBER_INTERIOR_01', 'ECBAIT_10_0057_MEMBER_INTERIOR_01']
  HIT ERR13916385: 1 baits >= 0.7 ['ECBAIT_10_0057_MEMBER_INTERIOR_01']
  HIT ERR13916387: 2 baits >= 0.7 ['ECBAIT_10_0057_MEMBER_INTERIOR_01', 'ECBAIT_HOST_CONTROL_02']
  HIT ERR13916386: 1 baits >= 0.7 ['ECBAIT_10_0057_MEMBER_INTERIOR_01']
  HIT ERR13916388: 1 baits >= 0.7 ['ECBAIT_10_0057_MEMBER_INTERIOR_01']
  100/11975 processed (100 screened, 100 hit-accessions) 34s budget=0.2GB
  HIT ERR13916389: 1 baits >= 0.7 ['ECBAIT_10_0057_MEMBER_INTERIOR_01']
  HIT ERR13916390: 2 baits >= 0.7 ['ECBAIT_10_0002_MEMBER_INTERIOR_01', 'ECBAIT_10_0057_MEMBER_INTERIOR_01']
  HIT ERR13916391: 2 baits >= 0.7 ['ECBAIT_10_0002_MEMBER_INTERIOR_01', 'ECBAIT_10_0057_MEMBER_INTERIOR_01']
  HIT ERR13916392: 2 baits >= 0.7 ['ECBAIT_10_0002_MEMBER_INTERIOR_01', 'ECBAIT_10_0057_MEMBER_INTERIOR_01']
  HIT ERR13916393: 2 baits >= 0.7 ['ECBAIT_10_0002_MEMBER_INTERIOR_01', 'ECBAIT_10_0057_MEMBER_INTERIOR_01']
  HIT ERR13916395: 2 baits >= 0.7 ['ECBAIT_10_0057_MEMBER_INTERIOR_01', 'ECBAIT_HOST_CONTROL_02']
  HIT ERR13916394: 1 baits >= 0.7 ['ECBAIT_10_0057_MEMBER_INTERIOR_01']
  HIT ERR13916396: 1 baits >= 0.7 ['ECBAIT_10_0057_MEMBER_INTERIOR_01']
  HIT ERR13916397: 2 baits >= 0.7 ['ECBAIT_10_0057_MEMBER_INTERIOR_01', 'ECBAIT_HOST_CONTROL_02']
  HIT ERR13916399: 1 baits >= 0.7 ['ECBAIT_10_0057_MEMBER_INTERIOR_01']
  HIT ERR13916398: 2 baits >= 0.7 ['ECBAIT_10_0057_MEMBER_INTERIOR_01', 'ECBAIT_HOST_CONTROL_02']
  HIT ERR13916400: 3 baits >= 0.7 ['ECBAIT_10_0002_JUNCTION_02', 'ECBAIT_10_0002_MEMBER_INTERIOR_01', 'ECBAIT_10_0057_MEMBER_INTERIOR_01']
  HIT ERR13916401: 2 baits >= 0.7 ['ECBAIT_10_0057_MEMBER_INTERIOR_01', 'ECBAIT_HOST_CONTROL_02']
  HIT ERR13916402: 1 baits >= 0.7 ['ECBAIT_10_0057_MEMBER_INTERIOR_01']
  HIT ERR13916403: 2 baits >= 0.7 ['ECBAIT_10_0002_MEMBER_INTERIOR_01', 'ECBAIT_10_0057_MEMBER_INTERIOR_01']
  HIT ERR13916404: 2 baits >= 0.7 ['ECBAIT_10_0002_MEMBER_INTERIOR_01', 'ECBAIT_10_0057_MEMBER_INTERIOR_01']
  HIT ERR13916405: 2 baits >= 0.7 ['ECBAIT_10_0057_MEMBER_INTERIOR_01', 'ECBAIT_HOST_CONTROL_02']
  HIT ERR13916406: 1 baits >= 0.7 ['ECBAIT_10_0057_MEMBER_INTERIOR_01']
  HIT ERR13916407: 2 baits >= 0.7 ['ECBAIT_10_0002_MEMBER_INTERIOR_01', 'ECBAIT_10_0057_MEMBER_INTERIOR_01']
  HIT ERR13916408: 2 baits >= 0.7 ['ECBAIT_10_0057_MEMBER_INTERIOR_01', 'ECBAIT_HOST_CONTROL_02']
  HIT ERR13916409: 1 baits >= 0.7 ['ECBAIT_10_0057_MEMBER_INTERIOR_01']
  HIT ERR13916410: 2 baits >= 0.7 ['ECBAIT_0_0052_JUNCTION_01', 'ECBAIT_10_0057_MEMBER_INTERIOR_01']
  HIT ERR13916411: 2 baits >= 0.7 ['ECBAIT_10_0002_JUNCTION_03', 'ECBAIT_10_0057_MEMBER_INTERIOR_01']
  HIT ERR13916412: 3 baits >= 0.7 ['ECBAIT_10_0002_MEMBER_INTERIOR_01', 'ECBAIT_10_0057_MEMBER_INTERIOR_01', 'ECBAIT_1_0004_JUNCTION_01']
  HIT ERR13916413: 3 baits >= 0.7 ['ECBAIT_10_0002_JUNCTION_02', 'ECBAIT_10_0002_MEMBER_INTERIOR_01', 'ECBAIT_10_0057_MEMBER_INTERIOR_01']
  HIT ERR13916414: 2 baits >= 0.7 ['ECBAIT_10_0002_MEMBER_INTERIOR_01', 'ECBAIT_10_0057_MEMBER_INTERIOR_01']
  HIT ERR13916415: 3 baits >= 0.7 ['ECBAIT_10_0002_JUNCTION_01', 'ECBAIT_10_0002_JUNCTION_02', 'ECBAIT_10_0057_MEMBER_INTERIOR_01']
  HIT ERR13916416: 2 baits >= 0.7 ['ECBAIT_10_0057_MEMBER_INTERIOR_01', 'ECBAIT_10_0172_MEMBER_INTERIOR_01']
  HIT ERR13916417: 1 baits >= 0.7 ['ECBAIT_10_0057_MEMBER_INTERIOR_01']
  HIT ERR13916418: 2 baits >= 0.7 ['ECBAIT_10_0002_MEMBER_INTERIOR_01', 'ECBAIT_10_0057_MEMBER_INTERIOR_01']
  HIT ERR13916419: 1 baits >= 0.7 ['ECBAIT_10_0057_MEMBER_INTERIOR_01']
  HIT ERR13916420: 2 baits >= 0.7 ['ECBAIT_10_0057_MEMBER_INTERIOR_01', 'ECBAIT_HOST_CONTROL_02']
  HIT ERR13916421: 2 baits >= 0.7 ['ECBAIT_10_0002_MEMBER_INTERIOR_01', 'ECBAIT_10_0057_MEMBER_INTERIOR_01']
  HIT ERR13916422: 1 baits >= 0.7 ['ECBAIT_10_0057_MEMBER_INTERIOR_01']
  HIT ERR13916423: 3 baits >= 0.7 ['ECBAIT_10_0002_JUNCTION_02', 'ECBAIT_10_0002_MEMBER_INTERIOR_01', 'ECBAIT_10_0057_MEMBER_INTERIOR_01']
  HIT ERR13916424: 2 baits >= 0.7 ['ECBAIT_10_0002_MEMBER_INTERIOR_01', 'ECBAIT_10_0057_MEMBER_INTERIOR_01']
  HIT ERR13916425: 1 baits >= 0.7 ['ECBAIT_10_0057_MEMBER_INTERIOR_01']
  HIT ERR13916426: 2 baits >= 0.7 ['ECBAIT_10_0002_MEMBER_INTERIOR_01', 'ECBAIT_10_0057_MEMBER_INTERIOR_01']
  HIT ERR13916427: 2 baits >= 0.7 ['ECBAIT_10_0002_MEMBER_INTERIOR_01', 'ECBAIT_10_0057_MEMBER_INTERIOR_01']
  HIT ERR13916428: 1 baits >= 0.7 ['ECBAIT_10_0057_MEMBER_INTERIOR_01']
  HIT ERR13916431: 2 baits >= 0.7 ['ECBAIT_10_0002_MEMBER_INTERIOR_01', 'ECBAIT_10_0057_MEMBER_INTERIOR_01']
  HIT ERR13916434: 2 baits >= 0.7 ['ECBAIT_10_0057_MEMBER_INTERIOR_01', 'ECBAIT_10_0172_MEMBER_INTERIOR_01']
  HIT ERR13916441: 1 baits >= 0.7 ['ECBAIT_10_0057_MEMBER_INTERIOR_01']
  HIT ERR13916444: 3 baits >= 0.7 ['ECBAIT_10_0002_JUNCTION_02', 'ECBAIT_10_0002_MEMBER_INTERIOR_01', 'ECBAIT_10_0057_MEMBER_INTERIOR_01']
  HIT ERR13916447: 5 baits >= 0.7 ['ECBAIT_10_0002_JUNCTION_01', 'ECBAIT_10_0002_JUNCTION_02', 'ECBAIT_10_0002_MEMBER_INTERIOR_01', 'ECBAIT_10_0057_MEMBER_INTERIOR_01']
  HIT ERR13916451: 1 baits >= 0.7 ['ECBAIT_10_0057_MEMBER_INTERIOR_01']
  HIT ERR13916457: 2 baits >= 0.7 ['ECBAIT_10_0002_MEMBER_INTERIOR_01', 'ECBAIT_10_0057_MEMBER_INTERIOR_01']
  HIT ERR13916463: 1 baits >= 0.7 ['ECBAIT_10_0057_MEMBER_INTERIOR_01']
  HIT ERR13916508: 2 baits >= 0.7 ['ECBAIT_10_0002_MEMBER_INTERIOR_01', 'ECBAIT_10_0057_MEMBER_INTERIOR_01']
  HIT ERR13916509: 2 baits >= 0.7 ['ECBAIT_10_0002_MEMBER_INTERIOR_01', 'ECBAIT_10_0057_MEMBER_INTERIOR_01']
  150/11975 processed (150 screened, 150 hit-accessions) 50s budget=0.3GB
  HIT ERR13916512: 2 baits >= 0.7 ['ECBAIT_10_0057_MEMBER_INTERIOR_01', 'ECBAIT_HOST_CONTROL_02']
  HIT ERR13916513: 1 baits >= 0.7 ['ECBAIT_10_0057_MEMBER_INTERIOR_01']
  HIT ERR13916514: 1 baits >= 0.7 ['ECBAIT_10_0057_MEMBER_INTERIOR_01']
  HIT ERR13916515: 2 baits >= 0.7 ['ECBAIT_10_0002_MEMBER_INTERIOR_01', 'ECBAIT_10_0057_MEMBER_INTERIOR_01']
  HIT ERR13916516: 1 baits >= 0.7 ['ECBAIT_10_0057_MEMBER_INTERIOR_01']
  HIT ERR13916517: 1 baits >= 0.7 ['ECBAIT_10_0057_MEMBER_INTERIOR_01']
  HIT ERR13916518: 1 baits >= 0.7 ['ECBAIT_10_0057_MEMBER_INTERIOR_01']
  HIT ERR13916519: 3 baits >= 0.7 ['ECBAIT_10_0002_JUNCTION_02', 'ECBAIT_10_0002_MEMBER_INTERIOR_01', 'ECBAIT_10_0057_MEMBER_INTERIOR_01']
  HIT ERR13916520: 2 baits >= 0.7 ['ECBAIT_10_0002_MEMBER_INTERIOR_01', 'ECBAIT_10_0057_MEMBER_INTERIOR_01']
  HIT ERR13916521: 2 baits >= 0.7 ['ECBAIT_10_0002_MEMBER_INTERIOR_01', 'ECBAIT_10_0057_MEMBER_INTERIOR_01']
  HIT ERR13916522: 1 baits >= 0.7 ['ECBAIT_10_0057_MEMBER_INTERIOR_01']
  HIT ERR13916523: 2 baits >= 0.7 ['ECBAIT_10_0002_MEMBER_INTERIOR_01', 'ECBAIT_10_0057_MEMBER_INTERIOR_01']
  HIT ERR13916524: 2 baits >= 0.7 ['ECBAIT_10_0002_MEMBER_INTERIOR_01', 'ECBAIT_10_0057_MEMBER_INTERIOR_01']
  HIT ERR13916525: 1 baits >= 0.7 ['ECBAIT_10_0057_MEMBER_INTERIOR_01']
  HIT ERR13916526: 4 baits >= 0.7 ['ECBAIT_10_0002_JUNCTION_01', 'ECBAIT_10_0002_MEMBER_INTERIOR_01', 'ECBAIT_10_0057_MEMBER_INTERIOR_01', 'ECBAIT_10_0172_MEMBER_INTERIOR_01']
  HIT ERR13916528: 1 baits >= 0.7 ['ECBAIT_10_0057_MEMBER_INTERIOR_01']
  HIT ERR13916527: 2 baits >= 0.7 ['ECBAIT_10_0057_MEMBER_INTERIOR_01', 'ECBAIT_10_0172_MEMBER_INTERIOR_01']
  HIT ERR13916529: 1 baits >= 0.7 ['ECBAIT_10_0057_MEMBER_INTERIOR_01']
  HIT ERR13916530: 1 baits >= 0.7 ['ECBAIT_10_0002_MEMBER_INTERIOR_01']
  HIT ERR13916533: 3 baits >= 0.7 ['ECBAIT_10_0002_JUNCTION_01', 'ECBAIT_10_0002_JUNCTION_02', 'ECBAIT_10_0057_MEMBER_INTERIOR_01']
  HIT ERR13916532: 2 baits >= 0.7 ['ECBAIT_10_0057_MEMBER_INTERIOR_01', 'ECBAIT_10_0172_MEMBER_INTERIOR_01']
  HIT ERR13916534: 2 baits >= 0.7 ['ECBAIT_10_0002_MEMBER_INTERIOR_01', 'ECBAIT_10_0057_MEMBER_INTERIOR_01']
  HIT ERR13916535: 3 baits >= 0.7 ['ECBAIT_10_0002_JUNCTION_01', 'ECBAIT_10_0002_JUNCTION_02', 'ECBAIT_10_0057_MEMBER_INTERIOR_01']
  HIT ERR13916536: 1 baits >= 0.7 ['ECBAIT_10_0057_MEMBER_INTERIOR_01']
  HIT ERR13916537: 2 baits >= 0.7 ['ECBAIT_10_0057_MEMBER_INTERIOR_01', 'ECBAIT_HOST_CONTROL_02']
  HIT ERR13916538: 2 baits >= 0.7 ['ECBAIT_10_0057_MEMBER_INTERIOR_01', 'ECBAIT_10_0172_MEMBER_INTERIOR_01']
  HIT ERR13916542: 2 baits >= 0.7 ['ECBAIT_10_0057_MEMBER_INTERIOR_01', 'ECBAIT_10_0172_MEMBER_INTERIOR_01']
  HIT ERR13916539: 2 baits >= 0.7 ['ECBAIT_10_0002_MEMBER_INTERIOR_01', 'ECBAIT_10_0057_MEMBER_INTERIOR_01']
  HIT ERR13916544: 1 baits >= 0.7 ['ECBAIT_10_0057_MEMBER_INTERIOR_01']
  HIT ERR13916543: 1 baits >= 0.7 ['ECBAIT_10_0057_MEMBER_INTERIOR_01']
  HIT ERR13916546: 1 baits >= 0.7 ['ECBAIT_10_0057_MEMBER_INTERIOR_01']
  HIT ERR13916545: 2 baits >= 0.7 ['ECBAIT_10_0002_MEMBER_INTERIOR_01', 'ECBAIT_10_0057_MEMBER_INTERIOR_01']
  HIT ERR13916547: 2 baits >= 0.7 ['ECBAIT_10_0057_MEMBER_INTERIOR_01', 'ECBAIT_HOST_CONTROL_02']
  HIT ERR13916548: 5 baits >= 0.7 ['ECBAIT_0_0046_MEMBER_INTERIOR_01', 'ECBAIT_10_0057_MEMBER_INTERIOR_01', 'ECBAIT_1_0022_JUNCTION_02', 'ECBAIT_1_0022_JUNCTION_03']
  HIT ERR13916550: 3 baits >= 0.7 ['ECBAIT_10_0002_JUNCTION_02', 'ECBAIT_10_0002_MEMBER_INTERIOR_01', 'ECBAIT_10_0057_MEMBER_INTERIOR_01']
  HIT ERR13916549: 2 baits >= 0.7 ['ECBAIT_10_0002_MEMBER_INTERIOR_01', 'ECBAIT_10_0057_MEMBER_INTERIOR_01']
  HIT ERR13916671: 2 baits >= 0.7 ['ECBAIT_10_0002_MEMBER_INTERIOR_01', 'ECBAIT_10_0057_MEMBER_INTERIOR_01']
  HIT ERR13916672: 4 baits >= 0.7 ['ECBAIT_10_0002_JUNCTION_01', 'ECBAIT_10_0002_JUNCTION_02', 'ECBAIT_10_0002_MEMBER_INTERIOR_01', 'ECBAIT_10_0057_MEMBER_INTERIOR_01']
  HIT ERR13916674: 2 baits >= 0.7 ['ECBAIT_10_0057_MEMBER_INTERIOR_01', 'ECBAIT_HOST_CONTROL_02']
  HIT ERR13916673: 2 baits >= 0.7 ['ECBAIT_10_0002_MEMBER_INTERIOR_01', 'ECBAIT_10_0057_MEMBER_INTERIOR_01']
  HIT ERR13916675: 1 baits >= 0.7 ['ECBAIT_10_0057_MEMBER_INTERIOR_01']
  HIT ERR13916676: 1 baits >= 0.7 ['ECBAIT_10_0057_MEMBER_INTERIOR_01']
  HIT ERR13917104: 1 baits >= 0.7 ['ECBAIT_10_0057_MEMBER_INTERIOR_01']
  HIT ERR13916677: 2 baits >= 0.7 ['ECBAIT_10_0057_MEMBER_INTERIOR_01', 'ECBAIT_HOST_CONTROL_02']
  HIT ERR13917105: 2 baits >= 0.7 ['ECBAIT_10_0002_MEMBER_INTERIOR_01', 'ECBAIT_10_0057_MEMBER_INTERIOR_01']
  HIT ERR13917106: 2 baits >= 0.7 ['ECBAIT_10_0057_MEMBER_INTERIOR_01', 'ECBAIT_HOST_CONTROL_02']
  HIT ERR13917107: 1 baits >= 0.7 ['ECBAIT_10_0057_MEMBER_INTERIOR_01']
  HIT ERR13917109: 2 baits >= 0.7 ['ECBAIT_10_0057_MEMBER_INTERIOR_01', 'ECBAIT_HOST_CONTROL_02']
  HIT ERR13917108: 1 baits >= 0.7 ['ECBAIT_10_0057_MEMBER_INTERIOR_01']
  HIT ERR13917110: 2 baits >= 0.7 ['ECBAIT_10_0002_MEMBER_INTERIOR_01', 'ECBAIT_10_0057_MEMBER_INTERIOR_01']
  200/11975 processed (200 screened, 200 hit-accessions) 67s budget=0.4GB
  HIT ERR13917111: 1 baits >= 0.7 ['ECBAIT_10_0057_MEMBER_INTERIOR_01']
  HIT ERR13917112: 2 baits >= 0.7 ['ECBAIT_10_0057_MEMBER_INTERIOR_01', 'ECBAIT_10_0172_MEMBER_INTERIOR_01']
  HIT ERR13917113: 2 baits >= 0.7 ['ECBAIT_10_0002_JUNCTION_01', 'ECBAIT_10_0057_MEMBER_INTERIOR_01']
  HIT ERR13917135: 2 baits >= 0.7 ['ECBAIT_10_0057_MEMBER_INTERIOR_01', 'ECBAIT_HOST_CONTROL_02']
  HIT ERR13917136: 2 baits >= 0.7 ['ECBAIT_10_0002_MEMBER_INTERIOR_01', 'ECBAIT_10_0057_MEMBER_INTERIOR_01']
  HIT ERR13917140: 1 baits >= 0.7 ['ECBAIT_10_0057_MEMBER_INTERIOR_01']
  HIT ERR13917141: 2 baits >= 0.7 ['ECBAIT_10_0057_MEMBER_INTERIOR_01', 'ECBAIT_HOST_CONTROL_02']
  HIT ERR13917142: 5 baits >= 0.7 ['ECBAIT_10_0002_JUNCTION_01', 'ECBAIT_10_0002_JUNCTION_02', 'ECBAIT_10_0002_MEMBER_INTERIOR_01', 'ECBAIT_10_0057_MEMBER_INTERIOR_01']
  HIT ERR13917167: 1 baits >= 0.7 ['ECBAIT_10_0057_MEMBER_INTERIOR_01']
  HIT ERR13917169: 1 baits >= 0.7 ['ECBAIT_10_0057_MEMBER_INTERIOR_01']
  HIT ERR13917168: 1 baits >= 0.7 ['ECBAIT_10_0057_MEMBER_INTERIOR_01']
  HIT ERR13917170: 2 baits >= 0.7 ['ECBAIT_10_0057_MEMBER_INTERIOR_01', 'ECBAIT_HOST_CONTROL_02']
  HIT ERR13917171: 2 baits >= 0.7 ['ECBAIT_10_0057_MEMBER_INTERIOR_01', 'ECBAIT_HOST_CONTROL_02']
  HIT ERR13917172: 2 baits >= 0.7 ['ECBAIT_10_0002_MEMBER_INTERIOR_01', 'ECBAIT_10_0057_MEMBER_INTERIOR_01']
  HIT ERR13917173: 2 baits >= 0.7 ['ECBAIT_10_0002_MEMBER_INTERIOR_01', 'ECBAIT_10_0057_MEMBER_INTERIOR_01']
  HIT ERR13917174: 1 baits >= 0.7 ['ECBAIT_10_0057_MEMBER_INTERIOR_01']
  HIT ERR13917175: 1 baits >= 0.7 ['ECBAIT_10_0057_MEMBER_INTERIOR_01']
  HIT ERR13917176: 2 baits >= 0.7 ['ECBAIT_10_0002_MEMBER_INTERIOR_01', 'ECBAIT_10_0057_MEMBER_INTERIOR_01']
  HIT ERR13917177: 4 baits >= 0.7 ['ECBAIT_10_0002_JUNCTION_01', 'ECBAIT_10_0002_JUNCTION_02', 'ECBAIT_10_0057_MEMBER_INTERIOR_01', 'ECBAIT_10_0151_MEMBER_INTERIOR_01']
  HIT ERR13917178: 2 baits >= 0.7 ['ECBAIT_10_0002_MEMBER_INTERIOR_01', 'ECBAIT_10_0057_MEMBER_INTERIOR_01']
  HIT ERR13917179: 2 baits >= 0.7 ['ECBAIT_10_0002_MEMBER_INTERIOR_01', 'ECBAIT_10_0057_MEMBER_INTERIOR_01']
  HIT ERR13917180: 1 baits >= 0.7 ['ECBAIT_10_0057_MEMBER_INTERIOR_01']
  HIT ERR13917182: 2 baits >= 0.7 ['ECBAIT_10_0057_MEMBER_INTERIOR_01', 'ECBAIT_HOST_CONTROL_02']
  HIT ERR13917183: 2 baits >= 0.7 ['ECBAIT_10_0057_MEMBER_INTERIOR_01', 'ECBAIT_10_0172_MEMBER_INTERIOR_01']
  HIT ERR13917184: 2 baits >= 0.7 ['ECBAIT_10_0057_MEMBER_INTERIOR_01', 'ECBAIT_HOST_CONTROL_02']
  HIT ERR13917185: 2 baits >= 0.7 ['ECBAIT_10_0057_MEMBER_INTERIOR_01', 'ECBAIT_HOST_CONTROL_02']
  HIT ERR13917246: 2 baits >= 0.7 ['ECBAIT_10_0057_MEMBER_INTERIOR_01', 'ECBAIT_10_0172_MEMBER_INTERIOR_01']
  HIT ERR13917247: 1 baits >= 0.7 ['ECBAIT_10_0057_MEMBER_INTERIOR_01']
  HIT ERR13917248: 2 baits >= 0.7 ['ECBAIT_10_0057_MEMBER_INTERIOR_01', 'ECBAIT_10_0172_MEMBER_INTERIOR_01']
  HIT ERR13917249: 2 baits >= 0.7 ['ECBAIT_10_0057_MEMBER_INTERIOR_01', 'ECBAIT_10_0151_MEMBER_INTERIOR_01']
  HIT ERR13917250: 2 baits >= 0.7 ['ECBAIT_10_0057_MEMBER_INTERIOR_01', 'ECBAIT_HOST_CONTROL_02']
  HIT ERR13917251: 2 baits >= 0.7 ['ECBAIT_10_0002_MEMBER_INTERIOR_01', 'ECBAIT_10_0057_MEMBER_INTERIOR_01']
  HIT ERR13917252: 2 baits >= 0.7 ['ECBAIT_10_0002_MEMBER_INTERIOR_01', 'ECBAIT_10_0057_MEMBER_INTERIOR_01']
  HIT ERR13917256: 3 baits >= 0.7 ['ECBAIT_10_0002_JUNCTION_02', 'ECBAIT_10_0002_MEMBER_INTERIOR_01', 'ECBAIT_10_0057_MEMBER_INTERIOR_01']
  HIT ERR13917257: 4 baits >= 0.7 ['ECBAIT_10_0002_JUNCTION_01', 'ECBAIT_10_0002_JUNCTION_02', 'ECBAIT_10_0002_MEMBER_INTERIOR_01', 'ECBAIT_10_0057_MEMBER_INTERIOR_01']
  HIT ERR13917258: 2 baits >= 0.7 ['ECBAIT_10_0002_MEMBER_INTERIOR_01', 'ECBAIT_10_0057_MEMBER_INTERIOR_01']
  HIT ERR13917259: 2 baits >= 0.7 ['ECBAIT_10_0002_MEMBER_INTERIOR_01', 'ECBAIT_10_0057_MEMBER_INTERIOR_01']
  HIT ERR13917260: 1 baits >= 0.7 ['ECBAIT_10_0057_MEMBER_INTERIOR_01']
  HIT ERR13917261: 1 baits >= 0.7 ['ECBAIT_10_0057_MEMBER_INTERIOR_01']
  HIT ERR13917262: 2 baits >= 0.7 ['ECBAIT_10_0002_MEMBER_INTERIOR_01', 'ECBAIT_10_0057_MEMBER_INTERIOR_01']
  HIT ERR13917264: 1 baits >= 0.7 ['ECBAIT_10_0057_MEMBER_INTERIOR_01']
  HIT ERR13917265: 4 baits >= 0.7 ['ECBAIT_10_0002_JUNCTION_01', 'ECBAIT_10_0002_JUNCTION_02', 'ECBAIT_10_0002_MEMBER_INTERIOR_01', 'ECBAIT_10_0057_MEMBER_INTERIOR_01']
  HIT ERR13917266: 3 baits >= 0.7 ['ECBAIT_10_0002_MEMBER_INTERIOR_01', 'ECBAIT_10_0057_MEMBER_INTERIOR_01', 'ECBAIT_10_0172_MEMBER_INTERIOR_01']
  HIT ERR13917267: 1 baits >= 0.7 ['ECBAIT_10_0057_MEMBER_INTERIOR_01']
  HIT ERR13917268: 3 baits >= 0.7 ['ECBAIT_10_0002_MEMBER_INTERIOR_01', 'ECBAIT_10_0057_MEMBER_INTERIOR_01', 'ECBAIT_10_0172_MEMBER_INTERIOR_01']
  HIT ERR13917269: 2 baits >= 0.7 ['ECBAIT_10_0057_MEMBER_INTERIOR_01', 'ECBAIT_10_0172_MEMBER_INTERIOR_01']
  HIT ERR13917270: 1 baits >= 0.7 ['ECBAIT_10_0057_MEMBER_INTERIOR_01']
  HIT ERR13917271: 1 baits >= 0.7 ['ECBAIT_10_0057_MEMBER_INTERIOR_01']
  HIT ERR13917272: 3 baits >= 0.7 ['ECBAIT_0_0052_JUNCTION_01', 'ECBAIT_0_0052_JUNCTION_03', 'ECBAIT_10_0057_MEMBER_INTERIOR_01']
  250/11975 processed (250 screened, 249 hit-accessions) 83s budget=0.5GB
  HIT ERR13917273: 1 baits >= 0.7 ['ECBAIT_10_0057_MEMBER_INTERIOR_01']
  HIT ERR13925508: 2 baits >= 0.7 ['ECBAIT_10_0002_JUNCTION_01', 'ECBAIT_10_0057_MEMBER_INTERIOR_01']
  HIT ERR13925528: 1 baits >= 0.7 ['ECBAIT_10_0057_MEMBER_INTERIOR_01']
  HIT ERR13925521: 1 baits >= 0.7 ['ECBAIT_10_0057_MEMBER_INTERIOR_01']
  HIT ERR13925529: 2 baits >= 0.7 ['ECBAIT_10_0002_MEMBER_INTERIOR_01', 'ECBAIT_10_0057_MEMBER_INTERIOR_01']
  HIT ERR13925530: 2 baits >= 0.7 ['ECBAIT_10_0002_MEMBER_INTERIOR_01', 'ECBAIT_10_0057_MEMBER_INTERIOR_01']
  HIT ERR13925531: 2 baits >= 0.7 ['ECBAIT_10_0002_MEMBER_INTERIOR_01', 'ECBAIT_10_0057_MEMBER_INTERIOR_01']
  HIT ERR13925535: 1 baits >= 0.7 ['ECBAIT_10_0057_MEMBER_INTERIOR_01']
  HIT ERR13925532: 2 baits >= 0.7 ['ECBAIT_10_0002_MEMBER_INTERIOR_01', 'ECBAIT_10_0057_MEMBER_INTERIOR_01']
  HIT ERR13925537: 1 baits >= 0.7 ['ECBAIT_10_0057_MEMBER_INTERIOR_01']
  HIT ERR13925539: 1 baits >= 0.7 ['ECBAIT_10_0057_MEMBER_INTERIOR_01']
  HIT ERR13925541: 2 baits >= 0.7 ['ECBAIT_10_0002_MEMBER_INTERIOR_01', 'ECBAIT_10_0057_MEMBER_INTERIOR_01']
  HIT ERR13925549: 2 baits >= 0.7 ['ECBAIT_10_0057_MEMBER_INTERIOR_01', 'ECBAIT_HOST_CONTROL_02']
  HIT ERR13925596: 1 baits >= 0.7 ['ECBAIT_10_0057_MEMBER_INTERIOR_01']
  HIT ERR13925597: 1 baits >= 0.7 ['ECBAIT_10_0057_MEMBER_INTERIOR_01']
  HIT ERR13925600: 1 baits >= 0.7 ['ECBAIT_10_0057_MEMBER_INTERIOR_01']
  HIT ERR13925601: 2 baits >= 0.7 ['ECBAIT_10_0057_MEMBER_INTERIOR_01', 'ECBAIT_10_0172_MEMBER_INTERIOR_01']
  HIT ERR13925602: 1 baits >= 0.7 ['ECBAIT_10_0057_MEMBER_INTERIOR_01']
  HIT ERR13925611: 3 baits >= 0.7 ['ECBAIT_0_0052_JUNCTION_01', 'ECBAIT_0_0052_JUNCTION_03', 'ECBAIT_10_0057_MEMBER_INTERIOR_01']
  HIT ERR13925615: 2 baits >= 0.7 ['ECBAIT_10_0057_MEMBER_INTERIOR_01', 'ECBAIT_10_0172_MEMBER_INTERIOR_01']
  HIT ERR13925618: 1 baits >= 0.7 ['ECBAIT_10_0057_MEMBER_INTERIOR_01']
  HIT ERR13925619: 1 baits >= 0.7 ['ECBAIT_10_0057_MEMBER_INTERIOR_01']
  HIT ERR13925620: 1 baits >= 0.7 ['ECBAIT_10_0057_MEMBER_INTERIOR_01']
  HIT ERR13925622: 1 baits >= 0.7 ['ECBAIT_10_0057_MEMBER_INTERIOR_01']
  HIT ERR13925621: 2 baits >= 0.7 ['ECBAIT_10_0002_MEMBER_INTERIOR_01', 'ECBAIT_10_0057_MEMBER_INTERIOR_01']
  HIT ERR13925623: 2 baits >= 0.7 ['ECBAIT_10_0002_MEMBER_INTERIOR_01', 'ECBAIT_10_0057_MEMBER_INTERIOR_01']
  HIT ERR13925624: 1 baits >= 0.7 ['ECBAIT_10_0057_MEMBER_INTERIOR_01']
  HIT ERR13925625: 2 baits >= 0.7 ['ECBAIT_10_0002_MEMBER_INTERIOR_01', 'ECBAIT_10_0057_MEMBER_INTERIOR_01']
  HIT ERR13925626: 1 baits >= 0.7 ['ECBAIT_10_0057_MEMBER_INTERIOR_01']
  HIT ERR13925627: 2 baits >= 0.7 ['ECBAIT_10_0002_MEMBER_INTERIOR_01', 'ECBAIT_10_0057_MEMBER_INTERIOR_01']
  HIT ERR13925628: 2 baits >= 0.7 ['ECBAIT_10_0002_MEMBER_INTERIOR_01', 'ECBAIT_10_0057_MEMBER_INTERIOR_01']
  HIT ERR13925629: 4 baits >= 0.7 ['ECBAIT_10_0002_JUNCTION_01', 'ECBAIT_10_0002_JUNCTION_02', 'ECBAIT_10_0002_MEMBER_INTERIOR_01', 'ECBAIT_10_0057_MEMBER_INTERIOR_01']
  HIT ERR13925632: 4 baits >= 0.7 ['ECBAIT_10_0002_JUNCTION_01', 'ECBAIT_10_0002_JUNCTION_02', 'ECBAIT_10_0002_MEMBER_INTERIOR_01', 'ECBAIT_10_0057_MEMBER_INTERIOR_01']
  HIT ERR13925633: 2 baits >= 0.7 ['ECBAIT_10_0002_MEMBER_INTERIOR_01', 'ECBAIT_10_0057_MEMBER_INTERIOR_01']
  HIT ERR13925636: 2 baits >= 0.7 ['ECBAIT_10_0002_MEMBER_INTERIOR_01', 'ECBAIT_10_0057_MEMBER_INTERIOR_01']
  HIT ERR13925639: 1 baits >= 0.7 ['ECBAIT_10_0057_MEMBER_INTERIOR_01']
  HIT ERR13925642: 2 baits >= 0.7 ['ECBAIT_10_0002_MEMBER_INTERIOR_01', 'ECBAIT_10_0057_MEMBER_INTERIOR_01']
  HIT ERR13925644: 1 baits >= 0.7 ['ECBAIT_10_0057_MEMBER_INTERIOR_01']
  HIT ERR13925645: 1 baits >= 0.7 ['ECBAIT_10_0057_MEMBER_INTERIOR_01']
  HIT ERR13925647: 1 baits >= 0.7 ['ECBAIT_10_0057_MEMBER_INTERIOR_01']
  HIT ERR13925649: 1 baits >= 0.7 ['ECBAIT_10_0057_MEMBER_INTERIOR_01']
  HIT ERR13925654: 1 baits >= 0.7 ['ECBAIT_10_0057_MEMBER_INTERIOR_01']
  HIT ERR13925657: 1 baits >= 0.7 ['ECBAIT_10_0057_MEMBER_INTERIOR_01']
  HIT ERR13925661: 1 baits >= 0.7 ['ECBAIT_10_0057_MEMBER_INTERIOR_01']
  HIT ERR13925659: 2 baits >= 0.7 ['ECBAIT_10_0057_MEMBER_INTERIOR_01', 'ECBAIT_10_0172_MEMBER_INTERIOR_01']
  HIT ERR13925664: 1 baits >= 0.7 ['ECBAIT_10_0057_MEMBER_INTERIOR_01']
  HIT ERR13925666: 2 baits >= 0.7 ['ECBAIT_10_0057_MEMBER_INTERIOR_01', 'ECBAIT_10_0172_MEMBER_INTERIOR_01']
  HIT ERR13925667: 2 baits >= 0.7 ['ECBAIT_10_0002_MEMBER_INTERIOR_01', 'ECBAIT_10_0057_MEMBER_INTERIOR_01']
  HIT ERR13925668: 1 baits >= 0.7 ['ECBAIT_10_0057_MEMBER_INTERIOR_01']
  HIT ERR13926093: 3 baits >= 0.7 ['ECBAIT_0_0014_MEMBER_INTERIOR_01', 'ECBAIT_10_0057_MEMBER_INTERIOR_01', 'ECBAIT_10_0172_MEMBER_INTERIOR_01']
  300/11975 processed (300 screened, 299 hit-accessions) 99s budget=0.6GB
  HIT ERR13926425: 3 baits >= 0.7 ['ECBAIT_10_0002_MEMBER_INTERIOR_01', 'ECBAIT_10_0057_MEMBER_INTERIOR_01', 'ECBAIT_10_0172_MEMBER_INTERIOR_01']
  HIT ERR13926424: 3 baits >= 0.7 ['ECBAIT_10_0002_JUNCTION_01', 'ECBAIT_10_0002_JUNCTION_02', 'ECBAIT_10_0057_MEMBER_INTERIOR_01']
  HIT ERR13926427: 2 baits >= 0.7 ['ECBAIT_10_0002_MEMBER_INTERIOR_01', 'ECBAIT_10_0057_MEMBER_INTERIOR_01']
  HIT ERR13926428: 4 baits >= 0.7 ['ECBAIT_10_0002_JUNCTION_01', 'ECBAIT_10_0002_JUNCTION_02', 'ECBAIT_10_0057_MEMBER_INTERIOR_01', 'ECBAIT_10_0151_MEMBER_INTERIOR_01']
  HIT ERR13926429: 1 baits >= 0.7 ['ECBAIT_10_0057_MEMBER_INTERIOR_01']
  HIT ERR13926448: 2 baits >= 0.7 ['ECBAIT_10_0057_MEMBER_INTERIOR_01', 'ECBAIT_HOST_CONTROL_02']
  HIT ERR13926449: 1 baits >= 0.7 ['ECBAIT_10_0057_MEMBER_INTERIOR_01']
  HIT ERR13926452: 3 baits >= 0.7 ['ECBAIT_10_0002_JUNCTION_02', 'ECBAIT_10_0002_MEMBER_INTERIOR_01', 'ECBAIT_10_0057_MEMBER_INTERIOR_01']
  HIT ERR13926450: 1 baits >= 0.7 ['ECBAIT_10_0057_MEMBER_INTERIOR_01']
  HIT ERR13926453: 1 baits >= 0.7 ['ECBAIT_10_0057_MEMBER_INTERIOR_01']
  HIT ERR13926454: 2 baits >= 0.7 ['ECBAIT_10_0002_MEMBER_INTERIOR_01', 'ECBAIT_10_0057_MEMBER_INTERIOR_01']
  HIT ERR13926456: 2 baits >= 0.7 ['ECBAIT_10_0002_MEMBER_INTERIOR_01', 'ECBAIT_10_0057_MEMBER_INTERIOR_01']
  HIT ERR13926457: 3 baits >= 0.7 ['ECBAIT_10_0002_JUNCTION_01', 'ECBAIT_10_0002_JUNCTION_02', 'ECBAIT_10_0057_MEMBER_INTERIOR_01']
  HIT ERR13926458: 2 baits >= 0.7 ['ECBAIT_10_0057_MEMBER_INTERIOR_01', 'ECBAIT_10_0172_MEMBER_INTERIOR_01']
  HIT ERR13926459: 2 baits >= 0.7 ['ECBAIT_10_0057_MEMBER_INTERIOR_01', 'ECBAIT_10_0172_MEMBER_INTERIOR_01']
  HIT ERR13926460: 2 baits >= 0.7 ['ECBAIT_10_0057_MEMBER_INTERIOR_01', 'ECBAIT_10_0172_MEMBER_INTERIOR_01']
  HIT ERR13926462: 1 baits >= 0.7 ['ECBAIT_10_0057_MEMBER_INTERIOR_01']
  HIT ERR13926463: 2 baits >= 0.7 ['ECBAIT_10_0002_MEMBER_INTERIOR_01', 'ECBAIT_10_0057_MEMBER_INTERIOR_01']
  HIT ERR13926464: 3 baits >= 0.7 ['ECBAIT_10_0002_JUNCTION_01', 'ECBAIT_10_0002_JUNCTION_02', 'ECBAIT_10_0057_MEMBER_INTERIOR_01']
  HIT ERR13926465: 2 baits >= 0.7 ['ECBAIT_10_0002_MEMBER_INTERIOR_01', 'ECBAIT_10_0057_MEMBER_INTERIOR_01']
  HIT ERR13926466: 2 baits >= 0.7 ['ECBAIT_10_0057_MEMBER_INTERIOR_01', 'ECBAIT_10_0172_MEMBER_INTERIOR_01']
  HIT ERR13926613: 3 baits >= 0.7 ['ECBAIT_0_0052_JUNCTION_01', 'ECBAIT_0_0052_JUNCTION_03', 'ECBAIT_10_0057_MEMBER_INTERIOR_01']
  HIT ERR13926615: 2 baits >= 0.7 ['ECBAIT_10_0057_MEMBER_INTERIOR_01', 'ECBAIT_HOST_CONTROL_02']
  HIT ERR13926616: 1 baits >= 0.7 ['ECBAIT_10_0057_MEMBER_INTERIOR_01']
  HIT ERR13926622: 2 baits >= 0.7 ['ECBAIT_10_0057_MEMBER_INTERIOR_01', 'ECBAIT_10_0172_MEMBER_INTERIOR_01']
  HIT ERR13926620: 2 baits >= 0.7 ['ECBAIT_10_0057_MEMBER_INTERIOR_01', 'ECBAIT_1_0004_MEMBER_INTERIOR_01']
  HIT ERR13926624: 4 baits >= 0.7 ['ECBAIT_10_0002_JUNCTION_01', 'ECBAIT_10_0002_JUNCTION_02', 'ECBAIT_10_0057_MEMBER_INTERIOR_01', 'ECBAIT_10_0172_MEMBER_INTERIOR_01']
  HIT ERR13926625: 2 baits >= 0.7 ['ECBAIT_10_0057_MEMBER_INTERIOR_01', 'ECBAIT_HOST_CONTROL_02']
  HIT ERR13926630: 2 baits >= 0.7 ['ECBAIT_10_0002_MEMBER_INTERIOR_01', 'ECBAIT_10_0057_MEMBER_INTERIOR_01']
  HIT ERR13926628: 2 baits >= 0.7 ['ECBAIT_10_0002_MEMBER_INTERIOR_01', 'ECBAIT_10_0057_MEMBER_INTERIOR_01']
  HIT ERR13926632: 3 baits >= 0.7 ['ECBAIT_10_0002_JUNCTION_02', 'ECBAIT_10_0002_MEMBER_INTERIOR_01', 'ECBAIT_10_0057_MEMBER_INTERIOR_01']
  HIT ERR13926633: 1 baits >= 0.7 ['ECBAIT_10_0057_MEMBER_INTERIOR_01']
  HIT ERR13926652: 1 baits >= 0.7 ['ECBAIT_10_0057_MEMBER_INTERIOR_01']
  HIT ERR13926649: 5 baits >= 0.7 ['ECBAIT_0_0014_MEMBER_INTERIOR_01', 'ECBAIT_10_0002_JUNCTION_01', 'ECBAIT_10_0002_JUNCTION_02', 'ECBAIT_10_0002_MEMBER_INTERIOR_01']
  HIT ERR13926686: 1 baits >= 0.7 ['ECBAIT_10_0057_MEMBER_INTERIOR_01']
  HIT ERR13926689: 1 baits >= 0.7 ['ECBAIT_10_0057_MEMBER_INTERIOR_01']
  HIT ERR13926692: 1 baits >= 0.7 ['ECBAIT_10_0057_MEMBER_INTERIOR_01']
  HIT ERR13926695: 1 baits >= 0.7 ['ECBAIT_10_0057_MEMBER_INTERIOR_01']
  HIT ERR13926697: 1 baits >= 0.7 ['ECBAIT_10_0057_MEMBER_INTERIOR_01']
  HIT ERR13926700: 2 baits >= 0.7 ['ECBAIT_10_0057_MEMBER_INTERIOR_01', 'ECBAIT_10_0172_MEMBER_INTERIOR_01']
  HIT ERR13926701: 3 baits >= 0.7 ['ECBAIT_10_0002_MEMBER_INTERIOR_01', 'ECBAIT_10_0057_MEMBER_INTERIOR_01', 'ECBAIT_10_0172_MEMBER_INTERIOR_01']
  HIT ERR13926707: 1 baits >= 0.7 ['ECBAIT_10_0057_MEMBER_INTERIOR_01']
  HIT ERR13926709: 1 baits >= 0.7 ['ECBAIT_10_0057_MEMBER_INTERIOR_01']
  HIT ERR13926711: 1 baits >= 0.7 ['ECBAIT_10_0057_MEMBER_INTERIOR_01']
  HIT ERR13927193: 3 baits >= 0.7 ['ECBAIT_10_0002_MEMBER_INTERIOR_01', 'ECBAIT_10_0057_MEMBER_INTERIOR_01', 'ECBAIT_10_0172_MEMBER_INTERIOR_01']
  HIT ERR13927198: 1 baits >= 0.7 ['ECBAIT_10_0057_MEMBER_INTERIOR_01']
  HIT ERR13927200: 1 baits >= 0.7 ['ECBAIT_10_0057_MEMBER_INTERIOR_01']
  HIT ERR13927202: 1 baits >= 0.7 ['ECBAIT_10_0057_MEMBER_INTERIOR_01']
  HIT ERR13927205: 1 baits >= 0.7 ['ECBAIT_10_0057_MEMBER_INTERIOR_01']
  350/11975 processed (350 screened, 348 hit-accessions) 115s budget=0.7GB
  HIT ERR13927212: 1 baits >= 0.7 ['ECBAIT_10_0057_MEMBER_INTERIOR_01']
  HIT ERR13927208: 2 baits >= 0.7 ['ECBAIT_10_0002_MEMBER_INTERIOR_01', 'ECBAIT_10_0057_MEMBER_INTERIOR_01']
  HIT ERR13927287: 1 baits >= 0.7 ['ECBAIT_10_0057_MEMBER_INTERIOR_01']
  HIT ERR13927288: 2 baits >= 0.7 ['ECBAIT_10_0002_JUNCTION_01', 'ECBAIT_10_0057_MEMBER_INTERIOR_01']
  HIT ERR13927291: 2 baits >= 0.7 ['ECBAIT_10_0002_JUNCTION_01', 'ECBAIT_10_0057_MEMBER_INTERIOR_01']
  HIT ERR13927292: 2 baits >= 0.7 ['ECBAIT_10_0002_JUNCTION_01', 'ECBAIT_10_0057_MEMBER_INTERIOR_01']
  HIT ERR13927294: 2 baits >= 0.7 ['ECBAIT_10_0002_MEMBER_INTERIOR_01', 'ECBAIT_10_0057_MEMBER_INTERIOR_01']
  HIT ERR13928816: 1 baits >= 0.7 ['ECBAIT_10_0057_MEMBER_INTERIOR_01']
  HIT ERR13928818: 1 baits >= 0.7 ['ECBAIT_10_0057_MEMBER_INTERIOR_01']
  HIT ERR13928832: 1 baits >= 0.7 ['ECBAIT_10_0057_MEMBER_INTERIOR_01']
  HIT ERR13928840: 1 baits >= 0.7 ['ECBAIT_10_0057_MEMBER_INTERIOR_01']
  HIT ERR13928842: 1 baits >= 0.7 ['ECBAIT_10_0057_MEMBER_INTERIOR_01']
  HIT ERR13928844: 3 baits >= 0.7 ['ECBAIT_10_0002_JUNCTION_01', 'ECBAIT_10_0002_JUNCTION_02', 'ECBAIT_10_0002_MEMBER_INTERIOR_01']
  400/11975 processed (363 screened, 361 hit-accessions) 120s budget=0.7GB
  450/11975 processed (363 screened, 361 hit-accessions) 121s budget=0.7GB
  500/11975 processed (363 screened, 361 hit-accessions) 123s budget=0.7GB
  550/11975 processed (363 screened, 361 hit-accessions) 124s budget=0.7GB
  600/11975 processed (363 screened, 361 hit-accessions) 126s budget=0.7GB
  650/11975 processed (363 screened, 361 hit-accessions) 127s budget=0.7GB
  700/11975 processed (363 screened, 361 hit-accessions) 129s budget=0.7GB
  750/11975 processed (363 screened, 361 hit-accessions) 130s budget=0.7GB
  800/11975 processed (363 screened, 361 hit-accessions) 132s budget=0.7GB
  850/11975 processed (363 screened, 361 hit-accessions) 133s budget=0.7GB
  900/11975 processed (363 screened, 361 hit-accessions) 135s budget=0.7GB
  950/11975 processed (363 screened, 361 hit-accessions) 137s budget=0.7GB
  1000/11975 processed (363 screened, 361 hit-accessions) 138s budget=0.7GB
  1050/11975 processed (363 screened, 361 hit-accessions) 139s budget=0.7GB
  1100/11975 processed (363 screened, 361 hit-accessions) 141s budget=0.7GB
  1150/11975 processed (363 screened, 361 hit-accessions) 142s budget=0.7GB
  1200/11975 processed (363 screened, 361 hit-accessions) 144s budget=0.7GB
  1250/11975 processed (363 screened, 361 hit-accessions) 146s budget=0.7GB
  1300/11975 processed (363 screened, 361 hit-accessions) 147s budget=0.7GB
  1350/11975 processed (363 screened, 361 hit-accessions) 149s budget=0.7GB
  1400/11975 processed (363 screened, 361 hit-accessions) 150s budget=0.7GB
  1450/11975 processed (363 screened, 361 hit-accessions) 152s budget=0.7GB
  1500/11975 processed (363 screened, 361 hit-accessions) 153s budget=0.7GB
  1550/11975 processed (363 screened, 361 hit-accessions) 155s budget=0.7GB
  1600/11975 processed (363 screened, 361 hit-accessions) 156s budget=0.7GB
  1650/11975 processed (363 screened, 361 hit-accessions) 158s budget=0.7GB
  1700/11975 processed (363 screened, 361 hit-accessions) 159s budget=0.7GB
  1750/11975 processed (363 screened, 361 hit-accessions) 161s budget=0.7GB
  1800/11975 processed (363 screened, 361 hit-accessions) 162s budget=0.7GB
  1850/11975 processed (363 screened, 361 hit-accessions) 164s budget=0.7GB
  1900/11975 processed (363 screened, 361 hit-accessions) 165s budget=0.7GB
  1950/11975 processed (363 screened, 361 hit-accessions) 167s budget=0.7GB
  2000/11975 processed (363 screened, 361 hit-accessions) 168s budget=0.7GB
  2050/11975 processed (363 screened, 361 hit-accessions) 170s budget=0.7GB
  2100/11975 processed (363 screened, 361 hit-accessions) 171s budget=0.7GB
  2150/11975 processed (363 screened, 361 hit-accessions) 173s budget=0.7GB
  2200/11975 processed (363 screened, 361 hit-accessions) 174s budget=0.7GB
  2250/11975 processed (363 screened, 361 hit-accessions) 176s budget=0.7GB
  2300/11975 processed (363 screened, 361 hit-accessions) 178s budget=0.7GB
  2350/11975 processed (363 screened, 361 hit-accessions) 179s budget=0.7GB
  2400/11975 processed (363 screened, 361 hit-accessions) 181s budget=0.7GB
  2450/11975 processed (363 screened, 361 hit-accessions) 182s budget=0.7GB
  2500/11975 processed (363 screened, 361 hit-accessions) 184s budget=0.7GB
  2550/11975 processed (363 screened, 361 hit-accessions) 185s budget=0.7GB
  2600/11975 processed (363 screened, 361 hit-accessions) 187s budget=0.7GB
  2650/11975 processed (363 screened, 361 hit-accessions) 188s budget=0.7GB
  2700/11975 processed (363 screened, 361 hit-accessions) 190s budget=0.7GB
  2750/11975 processed (363 screened, 361 hit-accessions) 191s budget=0.7GB
  2800/11975 processed (363 screened, 361 hit-accessions) 193s budget=0.7GB
  2850/11975 processed (363 screened, 361 hit-accessions) 194s budget=0.7GB
  2900/11975 processed (363 screened, 361 hit-accessions) 196s budget=0.7GB
  2950/11975 processed (363 screened, 361 hit-accessions) 198s budget=0.7GB
  3000/11975 processed (363 screened, 361 hit-accessions) 199s budget=0.7GB
  3050/11975 processed (363 screened, 361 hit-accessions) 201s budget=0.7GB
  3100/11975 processed (363 screened, 361 hit-accessions) 202s budget=0.7GB
  3150/11975 processed (363 screened, 361 hit-accessions) 204s budget=0.7GB
  3200/11975 processed (363 screened, 361 hit-accessions) 205s budget=0.7GB
  3250/11975 processed (363 screened, 361 hit-accessions) 207s budget=0.7GB
  3300/11975 processed (363 screened, 361 hit-accessions) 208s budget=0.7GB
  3350/11975 processed (363 screened, 361 hit-accessions) 210s budget=0.7GB
  3400/11975 processed (363 screened, 361 hit-accessions) 211s budget=0.7GB
  3450/11975 processed (363 screened, 361 hit-accessions) 213s budget=0.7GB
  3500/11975 processed (363 screened, 361 hit-accessions) 214s budget=0.7GB
  3550/11975 processed (363 screened, 361 hit-accessions) 215s budget=0.7GB
  3600/11975 processed (363 screened, 361 hit-accessions) 217s budget=0.7GB
  3650/11975 processed (363 screened, 361 hit-accessions) 218s budget=0.7GB
  3700/11975 processed (363 screened, 361 hit-accessions) 220s budget=0.7GB
  3750/11975 processed (363 screened, 361 hit-accessions) 221s budget=0.7GB
  3800/11975 processed (363 screened, 361 hit-accessions) 223s budget=0.7GB
  3850/11975 processed (363 screened, 361 hit-accessions) 224s budget=0.7GB
  3900/11975 processed (363 screened, 361 hit-accessions) 226s budget=0.7GB
  3950/11975 processed (363 screened, 361 hit-accessions) 227s budget=0.7GB
  4000/11975 processed (363 screened, 361 hit-accessions) 229s budget=0.7GB
  4050/11975 processed (363 screened, 361 hit-accessions) 230s budget=0.7GB
  4100/11975 processed (363 screened, 361 hit-accessions) 231s budget=0.7GB
  4150/11975 processed (363 screened, 361 hit-accessions) 233s budget=0.7GB
  4200/11975 processed (363 screened, 361 hit-accessions) 234s budget=0.7GB
  4250/11975 processed (363 screened, 361 hit-accessions) 236s budget=0.7GB
  4300/11975 processed (363 screened, 361 hit-accessions) 237s budget=0.7GB
  4350/11975 processed (363 screened, 361 hit-accessions) 239s budget=0.7GB
  4400/11975 processed (363 screened, 361 hit-accessions) 241s budget=0.7GB
  4450/11975 processed (363 screened, 361 hit-accessions) 242s budget=0.7GB
  4500/11975 processed (363 screened, 361 hit-accessions) 244s budget=0.7GB
  4550/11975 processed (363 screened, 361 hit-accessions) 245s budget=0.7GB
  4600/11975 processed (363 screened, 361 hit-accessions) 247s budget=0.7GB
  4650/11975 processed (363 screened, 361 hit-accessions) 248s budget=0.7GB
  4700/11975 processed (363 screened, 361 hit-accessions) 250s budget=0.7GB
  4750/11975 processed (363 screened, 361 hit-accessions) 251s budget=0.7GB
  4800/11975 processed (363 screened, 361 hit-accessions) 253s budget=0.7GB
  4850/11975 processed (363 screened, 361 hit-accessions) 254s budget=0.7GB
  4900/11975 processed (363 screened, 361 hit-accessions) 255s budget=0.7GB
  4950/11975 processed (363 screened, 361 hit-accessions) 257s budget=0.7GB
  5000/11975 processed (363 screened, 361 hit-accessions) 258s budget=0.7GB
  5050/11975 processed (363 screened, 361 hit-accessions) 260s budget=0.7GB
  5100/11975 processed (363 screened, 361 hit-accessions) 261s budget=0.7GB
  5150/11975 processed (363 screened, 361 hit-accessions) 263s budget=0.7GB
  5200/11975 processed (363 screened, 361 hit-accessions) 264s budget=0.7GB
  5250/11975 processed (363 screened, 361 hit-accessions) 266s budget=0.7GB
  5300/11975 processed (363 screened, 361 hit-accessions) 267s budget=0.7GB
  5350/11975 processed (363 screened, 361 hit-accessions) 269s budget=0.7GB
  5400/11975 processed (363 screened, 361 hit-accessions) 270s budget=0.7GB
  5450/11975 processed (363 screened, 361 hit-accessions) 272s budget=0.7GB
  5500/11975 processed (363 screened, 361 hit-accessions) 273s budget=0.7GB
  5550/11975 processed (363 screened, 361 hit-accessions) 275s budget=0.7GB
  5600/11975 processed (363 screened, 361 hit-accessions) 276s budget=0.7GB
  5650/11975 processed (363 screened, 361 hit-accessions) 278s budget=0.7GB
  5700/11975 processed (363 screened, 361 hit-accessions) 279s budget=0.7GB
  5750/11975 processed (363 screened, 361 hit-accessions) 281s budget=0.7GB
  5800/11975 processed (363 screened, 361 hit-accessions) 282s budget=0.7GB
  5850/11975 processed (363 screened, 361 hit-accessions) 284s budget=0.7GB
  5900/11975 processed (363 screened, 361 hit-accessions) 285s budget=0.7GB
  5950/11975 processed (363 screened, 361 hit-accessions) 286s budget=0.7GB
  6000/11975 processed (363 screened, 361 hit-accessions) 288s budget=0.7GB
  6050/11975 processed (363 screened, 361 hit-accessions) 289s budget=0.7GB
  6100/11975 processed (363 screened, 361 hit-accessions) 291s budget=0.7GB
  6150/11975 processed (363 screened, 361 hit-accessions) 292s budget=0.7GB
  6200/11975 processed (363 screened, 361 hit-accessions) 294s budget=0.7GB
  6250/11975 processed (363 screened, 361 hit-accessions) 295s budget=0.7GB
  6300/11975 processed (363 screened, 361 hit-accessions) 296s budget=0.7GB
  6350/11975 processed (363 screened, 361 hit-accessions) 298s budget=0.7GB
  6400/11975 processed (363 screened, 361 hit-accessions) 299s budget=0.7GB
  6450/11975 processed (363 screened, 361 hit-accessions) 301s budget=0.7GB
  6500/11975 processed (363 screened, 361 hit-accessions) 302s budget=0.7GB
  6550/11975 processed (363 screened, 361 hit-accessions) 304s budget=0.7GB
  6600/11975 processed (363 screened, 361 hit-accessions) 305s budget=0.7GB
  6650/11975 processed (363 screened, 361 hit-accessions) 307s budget=0.7GB
  6700/11975 processed (363 screened, 361 hit-accessions) 308s budget=0.7GB
  6750/11975 processed (363 screened, 361 hit-accessions) 310s budget=0.7GB
  6800/11975 processed (363 screened, 361 hit-accessions) 311s budget=0.7GB
  6850/11975 processed (363 screened, 361 hit-accessions) 313s budget=0.7GB
  6900/11975 processed (363 screened, 361 hit-accessions) 314s budget=0.7GB
  6950/11975 processed (363 screened, 361 hit-accessions) 316s budget=0.7GB
  7000/11975 processed (363 screened, 361 hit-accessions) 317s budget=0.7GB
  7050/11975 processed (363 screened, 361 hit-accessions) 319s budget=0.7GB
  7100/11975 processed (363 screened, 361 hit-accessions) 320s budget=0.7GB
  7150/11975 processed (363 screened, 361 hit-accessions) 321s budget=0.7GB
  7200/11975 processed (363 screened, 361 hit-accessions) 323s budget=0.7GB
  7250/11975 processed (363 screened, 361 hit-accessions) 324s budget=0.7GB
  7300/11975 processed (363 screened, 361 hit-accessions) 326s budget=0.7GB
  7350/11975 processed (363 screened, 361 hit-accessions) 327s budget=0.7GB
  7400/11975 processed (363 screened, 361 hit-accessions) 329s budget=0.7GB
  7450/11975 processed (363 screened, 361 hit-accessions) 330s budget=0.7GB
  7500/11975 processed (363 screened, 361 hit-accessions) 331s budget=0.7GB
  7550/11975 processed (363 screened, 361 hit-accessions) 333s budget=0.7GB
  7600/11975 processed (363 screened, 361 hit-accessions) 334s budget=0.7GB
  7650/11975 processed (363 screened, 361 hit-accessions) 336s budget=0.7GB
  7700/11975 processed (363 screened, 361 hit-accessions) 337s budget=0.7GB
  7750/11975 processed (363 screened, 361 hit-accessions) 339s budget=0.7GB
  7800/11975 processed (363 screened, 361 hit-accessions) 340s budget=0.7GB
  7850/11975 processed (363 screened, 361 hit-accessions) 342s budget=0.7GB
  HIT ERR1840621: 1 baits >= 0.7 ['ECBAIT_10_0057_MEMBER_INTERIOR_01']
  HIT ERR1841068: 1 baits >= 0.7 ['ECBAIT_10_0057_MEMBER_INTERIOR_01']
  HIT ERR1841069: 2 baits >= 0.7 ['ECBAIT_10_0002_JUNCTION_01', 'ECBAIT_10_0057_MEMBER_INTERIOR_01']
  HIT ERR1841070: 4 baits >= 0.7 ['ECBAIT_10_0002_JUNCTION_01', 'ECBAIT_10_0002_JUNCTION_02', 'ECBAIT_10_0002_MEMBER_INTERIOR_01', 'ECBAIT_10_0057_MEMBER_INTERIOR_01']
  HIT ERR1841071: 1 baits >= 0.7 ['ECBAIT_10_0057_MEMBER_INTERIOR_01']
  HIT ERR1841073: 1 baits >= 0.7 ['ECBAIT_10_0057_MEMBER_INTERIOR_01']
  HIT ERR1841072: 1 baits >= 0.7 ['ECBAIT_10_0057_MEMBER_INTERIOR_01']
  HIT ERR1841074: 3 baits >= 0.7 ['ECBAIT_10_0002_MEMBER_INTERIOR_01', 'ECBAIT_10_0057_MEMBER_INTERIOR_01', 'ECBAIT_HOST_CONTROL_02']
  HIT ERR1841075: 1 baits >= 0.7 ['ECBAIT_10_0057_MEMBER_INTERIOR_01']
  HIT ERR1841076: 1 baits >= 0.7 ['ECBAIT_10_0057_MEMBER_INTERIOR_01']
  HIT ERR1841077: 3 baits >= 0.7 ['ECBAIT_0_0052_JUNCTION_01', 'ECBAIT_0_0052_JUNCTION_03', 'ECBAIT_10_0057_MEMBER_INTERIOR_01']
  HIT ERR1841078: 3 baits >= 0.7 ['ECBAIT_0_0052_JUNCTION_01', 'ECBAIT_0_0052_JUNCTION_03', 'ECBAIT_10_0057_MEMBER_INTERIOR_01']
  HIT ERR1841079: 1 baits >= 0.7 ['ECBAIT_10_0057_MEMBER_INTERIOR_01']
  HIT ERR1841081: 1 baits >= 0.7 ['ECBAIT_10_0057_MEMBER_INTERIOR_01']
  HIT ERR1841080: 2 baits >= 0.7 ['ECBAIT_10_0057_MEMBER_INTERIOR_01', 'ECBAIT_HOST_CONTROL_02']
  HIT ERR1841082: 1 baits >= 0.7 ['ECBAIT_10_0057_MEMBER_INTERIOR_01']
  HIT ERR1841085: 2 baits >= 0.7 ['ECBAIT_10_0057_MEMBER_INTERIOR_01', 'ECBAIT_HOST_CONTROL_02']
  HIT ERR1841083: 3 baits >= 0.7 ['ECBAIT_0_0052_JUNCTION_01', 'ECBAIT_0_0052_JUNCTION_03', 'ECBAIT_10_0057_MEMBER_INTERIOR_01']
  HIT ERR1841084: 2 baits >= 0.7 ['ECBAIT_10_0057_MEMBER_INTERIOR_01', 'ECBAIT_HOST_CONTROL_02']
  HIT ERR1841086: 2 baits >= 0.7 ['ECBAIT_10_0057_MEMBER_INTERIOR_01', 'ECBAIT_HOST_CONTROL_02']
  HIT ERR1841087: 2 baits >= 0.7 ['ECBAIT_10_0057_MEMBER_INTERIOR_01', 'ECBAIT_HOST_CONTROL_02']
  HIT ERR1841088: 2 baits >= 0.7 ['ECBAIT_10_0057_MEMBER_INTERIOR_01', 'ECBAIT_HOST_CONTROL_02']
  HIT ERR1841089: 2 baits >= 0.7 ['ECBAIT_10_0057_MEMBER_INTERIOR_01', 'ECBAIT_HOST_CONTROL_02']
  HIT ERR1841090: 2 baits >= 0.7 ['ECBAIT_10_0057_MEMBER_INTERIOR_01', 'ECBAIT_HOST_CONTROL_02']
  HIT ERR1841091: 2 baits >= 0.7 ['ECBAIT_10_0057_MEMBER_INTERIOR_01', 'ECBAIT_HOST_CONTROL_02']
  HIT ERR1841092: 2 baits >= 0.7 ['ECBAIT_10_0057_MEMBER_INTERIOR_01', 'ECBAIT_HOST_CONTROL_02']
  HIT ERR1841093: 2 baits >= 0.7 ['ECBAIT_10_0057_MEMBER_INTERIOR_01', 'ECBAIT_HOST_CONTROL_02']
  HIT ERR1841094: 2 baits >= 0.7 ['ECBAIT_10_0057_MEMBER_INTERIOR_01', 'ECBAIT_HOST_CONTROL_02']
  HIT ERR1841096: 2 baits >= 0.7 ['ECBAIT_10_0057_MEMBER_INTERIOR_01', 'ECBAIT_HOST_CONTROL_02']
  HIT ERR1841095: 2 baits >= 0.7 ['ECBAIT_10_0057_MEMBER_INTERIOR_01', 'ECBAIT_HOST_CONTROL_02']
  HIT ERR1841097: 2 baits >= 0.7 ['ECBAIT_10_0057_MEMBER_INTERIOR_01', 'ECBAIT_HOST_CONTROL_02']
  HIT ERR1841098: 2 baits >= 0.7 ['ECBAIT_10_0057_MEMBER_INTERIOR_01', 'ECBAIT_HOST_CONTROL_02']
  HIT ERR1841099: 1 baits >= 0.7 ['ECBAIT_10_0057_MEMBER_INTERIOR_01']
  HIT ERR1841100: 2 baits >= 0.7 ['ECBAIT_10_0057_MEMBER_INTERIOR_01', 'ECBAIT_HOST_CONTROL_02']
  HIT ERR1841101: 2 baits >= 0.7 ['ECBAIT_10_0057_MEMBER_INTERIOR_01', 'ECBAIT_HOST_CONTROL_02']
  HIT ERR1841102: 3 baits >= 0.7 ['ECBAIT_0_0052_JUNCTION_01', 'ECBAIT_0_0052_JUNCTION_03', 'ECBAIT_10_0057_MEMBER_INTERIOR_01']
  HIT ERR1841103: 1 baits >= 0.7 ['ECBAIT_10_0057_MEMBER_INTERIOR_01']
  HIT ERR1841104: 2 baits >= 0.7 ['ECBAIT_10_0057_MEMBER_INTERIOR_01', 'ECBAIT_HOST_CONTROL_02']
  HIT ERR1841105: 1 baits >= 0.7 ['ECBAIT_10_0057_MEMBER_INTERIOR_01']
  7900/11975 processed (402 screened, 400 hit-accessions) 355s budget=0.7GB
  HIT ERR1841106: 3 baits >= 0.7 ['ECBAIT_0_0052_JUNCTION_01', 'ECBAIT_0_0052_JUNCTION_03', 'ECBAIT_10_0057_MEMBER_INTERIOR_01']
  HIT ERR1841107: 1 baits >= 0.7 ['ECBAIT_10_0057_MEMBER_INTERIOR_01']
  HIT ERR1841108: 1 baits >= 0.7 ['ECBAIT_10_0057_MEMBER_INTERIOR_01']
  HIT ERR1841110: 1 baits >= 0.7 ['ECBAIT_10_0057_MEMBER_INTERIOR_01']
  HIT ERR1841111: 1 baits >= 0.7 ['ECBAIT_10_0057_MEMBER_INTERIOR_01']
  HIT ERR1841112: 2 baits >= 0.7 ['ECBAIT_10_0057_MEMBER_INTERIOR_01', 'ECBAIT_HOST_CONTROL_02']
  HIT ERR1841113: 2 baits >= 0.7 ['ECBAIT_10_0057_MEMBER_INTERIOR_01', 'ECBAIT_HOST_CONTROL_02']
  HIT ERR1841114: 3 baits >= 0.7 ['ECBAIT_0_0052_JUNCTION_01', 'ECBAIT_0_0052_JUNCTION_03', 'ECBAIT_10_0057_MEMBER_INTERIOR_01']
  HIT ERR1841116: 1 baits >= 0.7 ['ECBAIT_10_0057_MEMBER_INTERIOR_01']
  HIT ERR1841117: 4 baits >= 0.7 ['ECBAIT_0_0046_MEMBER_INTERIOR_01', 'ECBAIT_10_0057_MEMBER_INTERIOR_01', 'ECBAIT_1_0022_JUNCTION_02', 'ECBAIT_1_0022_JUNCTION_03']
  HIT ERR1841118: 2 baits >= 0.7 ['ECBAIT_10_0002_MEMBER_INTERIOR_01', 'ECBAIT_10_0057_MEMBER_INTERIOR_01']
  HIT ERR1841120: 4 baits >= 0.7 ['ECBAIT_0_0046_MEMBER_INTERIOR_01', 'ECBAIT_10_0057_MEMBER_INTERIOR_01', 'ECBAIT_1_0022_JUNCTION_02', 'ECBAIT_1_0022_JUNCTION_03']
  HIT ERR1841119: 2 baits >= 0.7 ['ECBAIT_10_0002_MEMBER_INTERIOR_01', 'ECBAIT_10_0057_MEMBER_INTERIOR_01']
  HIT ERR1841121: 3 baits >= 0.7 ['ECBAIT_10_0002_JUNCTION_01', 'ECBAIT_10_0002_JUNCTION_02', 'ECBAIT_10_0057_MEMBER_INTERIOR_01']
  HIT ERR1841122: 1 baits >= 0.7 ['ECBAIT_10_0057_MEMBER_INTERIOR_01']
  HIT ERR1841123: 1 baits >= 0.7 ['ECBAIT_10_0057_MEMBER_INTERIOR_01']
  HIT ERR1841124: 4 baits >= 0.7 ['ECBAIT_10_0002_JUNCTION_01', 'ECBAIT_10_0002_JUNCTION_02', 'ECBAIT_10_0002_MEMBER_INTERIOR_01', 'ECBAIT_10_0057_MEMBER_INTERIOR_01']
  HIT ERR1841125: 4 baits >= 0.7 ['ECBAIT_10_0002_JUNCTION_01', 'ECBAIT_10_0002_JUNCTION_02', 'ECBAIT_10_0002_MEMBER_INTERIOR_01', 'ECBAIT_10_0057_MEMBER_INTERIOR_01']
  HIT ERR1841126: 3 baits >= 0.7 ['ECBAIT_0_0052_JUNCTION_03', 'ECBAIT_10_0002_MEMBER_INTERIOR_01', 'ECBAIT_10_0057_MEMBER_INTERIOR_01']
  HIT ERR1841127: 1 baits >= 0.7 ['ECBAIT_10_0057_MEMBER_INTERIOR_01']
  HIT ERR1841128: 2 baits >= 0.7 ['ECBAIT_10_0057_MEMBER_INTERIOR_01', 'ECBAIT_HOST_CONTROL_02']
  HIT ERR1841129: 2 baits >= 0.7 ['ECBAIT_10_0057_MEMBER_INTERIOR_01', 'ECBAIT_HOST_CONTROL_02']
  HIT ERR1841130: 2 baits >= 0.7 ['ECBAIT_10_0057_MEMBER_INTERIOR_01', 'ECBAIT_HOST_CONTROL_02']
  HIT ERR1841131: 1 baits >= 0.7 ['ECBAIT_10_0057_MEMBER_INTERIOR_01']
  HIT ERR1841132: 1 baits >= 0.7 ['ECBAIT_10_0057_MEMBER_INTERIOR_01']
  HIT ERR1841133: 3 baits >= 0.7 ['ECBAIT_10_0002_MEMBER_INTERIOR_01', 'ECBAIT_10_0057_MEMBER_INTERIOR_01', 'ECBAIT_10_0172_MEMBER_INTERIOR_01']
  HIT ERR1841134: 4 baits >= 0.7 ['ECBAIT_0_0052_JUNCTION_03', 'ECBAIT_10_0002_MEMBER_INTERIOR_01', 'ECBAIT_10_0057_MEMBER_INTERIOR_01', 'ECBAIT_10_0172_MEMBER_INTERIOR_01']
  HIT ERR1841135: 1 baits >= 0.7 ['ECBAIT_10_0057_MEMBER_INTERIOR_01']
  HIT ERR1841136: 2 baits >= 0.7 ['ECBAIT_10_0002_MEMBER_INTERIOR_01', 'ECBAIT_10_0057_MEMBER_INTERIOR_01']
  HIT ERR1841137: 5 baits >= 0.7 ['ECBAIT_10_0002_JUNCTION_01', 'ECBAIT_10_0002_JUNCTION_02', 'ECBAIT_10_0002_MEMBER_INTERIOR_01', 'ECBAIT_10_0057_MEMBER_INTERIOR_01']
  HIT ERR1841139: 4 baits >= 0.7 ['ECBAIT_10_0002_JUNCTION_01', 'ECBAIT_10_0002_JUNCTION_02', 'ECBAIT_10_0002_MEMBER_INTERIOR_01', 'ECBAIT_10_0057_MEMBER_INTERIOR_01']
  HIT ERR1841138: 4 baits >= 0.7 ['ECBAIT_10_0002_JUNCTION_01', 'ECBAIT_10_0002_JUNCTION_02', 'ECBAIT_10_0002_MEMBER_INTERIOR_01', 'ECBAIT_10_0057_MEMBER_INTERIOR_01']
  HIT ERR1841140: 2 baits >= 0.7 ['ECBAIT_10_0057_MEMBER_INTERIOR_01', 'ECBAIT_HOST_CONTROL_02']
  HIT ERR1841141: 1 baits >= 0.7 ['ECBAIT_10_0057_MEMBER_INTERIOR_01']
  HIT ERR1841142: 1 baits >= 0.7 ['ECBAIT_10_0057_MEMBER_INTERIOR_01']
  HIT ERR1841143: 1 baits >= 0.7 ['ECBAIT_10_0057_MEMBER_INTERIOR_01']
  HIT ERR1841144: 2 baits >= 0.7 ['ECBAIT_10_0002_MEMBER_INTERIOR_01', 'ECBAIT_10_0057_MEMBER_INTERIOR_01']
  HIT ERR1841145: 2 baits >= 0.7 ['ECBAIT_10_0057_MEMBER_INTERIOR_01', 'ECBAIT_HOST_CONTROL_02']
  HIT ERR1841147: 1 baits >= 0.7 ['ECBAIT_10_0057_MEMBER_INTERIOR_01']
  HIT ERR1841146: 2 baits >= 0.7 ['ECBAIT_10_0057_MEMBER_INTERIOR_01', 'ECBAIT_HOST_CONTROL_02']
  HIT ERR1841148: 3 baits >= 0.7 ['ECBAIT_10_0002_MEMBER_INTERIOR_01', 'ECBAIT_10_0057_MEMBER_INTERIOR_01', 'ECBAIT_10_0172_MEMBER_INTERIOR_01']
  HIT ERR1841149: 3 baits >= 0.7 ['ECBAIT_10_0002_MEMBER_INTERIOR_01', 'ECBAIT_10_0057_MEMBER_INTERIOR_01', 'ECBAIT_10_0172_MEMBER_INTERIOR_01']
  HIT ERR1841150: 4 baits >= 0.7 ['ECBAIT_10_0002_JUNCTION_01', 'ECBAIT_10_0002_JUNCTION_02', 'ECBAIT_10_0002_MEMBER_INTERIOR_01', 'ECBAIT_10_0057_MEMBER_INTERIOR_01']
  HIT ERR1841151: 4 baits >= 0.7 ['ECBAIT_10_0002_JUNCTION_01', 'ECBAIT_10_0002_JUNCTION_02', 'ECBAIT_10_0002_MEMBER_INTERIOR_01', 'ECBAIT_10_0057_MEMBER_INTERIOR_01']
  HIT ERR1841152: 2 baits >= 0.7 ['ECBAIT_10_0057_MEMBER_INTERIOR_01', 'ECBAIT_1_0004_MEMBER_INTERIOR_01']
  HIT ERR1841154: 3 baits >= 0.7 ['ECBAIT_10_0002_MEMBER_INTERIOR_01', 'ECBAIT_10_0057_MEMBER_INTERIOR_01', 'ECBAIT_10_0172_MEMBER_INTERIOR_01']
  HIT ERR1841153: 1 baits >= 0.7 ['ECBAIT_10_0057_MEMBER_INTERIOR_01']
  HIT ERR1841155: 2 baits >= 0.7 ['ECBAIT_10_0057_MEMBER_INTERIOR_01', 'ECBAIT_HOST_CONTROL_02']
  7950/11975 processed (452 screened, 448 hit-accessions) 371s budget=0.8GB
  HIT ERR1841156: 2 baits >= 0.7 ['ECBAIT_10_0057_MEMBER_INTERIOR_01', 'ECBAIT_HOST_CONTROL_02']
  HIT ERR1841158: 3 baits >= 0.7 ['ECBAIT_0_0052_JUNCTION_03', 'ECBAIT_10_0002_MEMBER_INTERIOR_01', 'ECBAIT_10_0057_MEMBER_INTERIOR_01']
  HIT ERR1841157: 6 baits >= 0.7 ['ECBAIT_0_0052_JUNCTION_03', 'ECBAIT_10_0002_JUNCTION_01', 'ECBAIT_10_0002_JUNCTION_02', 'ECBAIT_10_0002_MEMBER_INTERIOR_01']
  HIT ERR1841159: 1 baits >= 0.7 ['ECBAIT_10_0057_MEMBER_INTERIOR_01']
  HIT ERR1841160: 2 baits >= 0.7 ['ECBAIT_10_0057_MEMBER_INTERIOR_01', 'ECBAIT_HOST_CONTROL_02']
  HIT ERR1841161: 2 baits >= 0.7 ['ECBAIT_10_0057_MEMBER_INTERIOR_01', 'ECBAIT_HOST_CONTROL_02']
  HIT ERR1841162: 1 baits >= 0.7 ['ECBAIT_10_0057_MEMBER_INTERIOR_01']
  HIT ERR1841163: 2 baits >= 0.7 ['ECBAIT_10_0057_MEMBER_INTERIOR_01', 'ECBAIT_HOST_CONTROL_02']
  HIT ERR1841164: 2 baits >= 0.7 ['ECBAIT_10_0057_MEMBER_INTERIOR_01', 'ECBAIT_HOST_CONTROL_02']
  HIT ERR1841165: 6 baits >= 0.7 ['ECBAIT_0_0071_INTERIOR_MODULE_01', 'ECBAIT_0_0071_JUNCTION_01', 'ECBAIT_0_0071_JUNCTION_02', 'ECBAIT_0_0071_JUNCTION_03']
  HIT ERR1841166: 2 baits >= 0.7 ['ECBAIT_10_0057_MEMBER_INTERIOR_01', 'ECBAIT_HOST_CONTROL_02']
  HIT ERR1841167: 6 baits >= 0.7 ['ECBAIT_0_0071_INTERIOR_MODULE_01', 'ECBAIT_0_0071_JUNCTION_01', 'ECBAIT_0_0071_JUNCTION_02', 'ECBAIT_0_0071_JUNCTION_03']
  HIT ERR1841168: 3 baits >= 0.7 ['ECBAIT_0_0052_JUNCTION_03', 'ECBAIT_10_0002_MEMBER_INTERIOR_01', 'ECBAIT_10_0057_MEMBER_INTERIOR_01']
  HIT ERR1841170: 2 baits >= 0.7 ['ECBAIT_10_0057_MEMBER_INTERIOR_01', 'ECBAIT_HOST_CONTROL_02']
  HIT ERR1841169: 2 baits >= 0.7 ['ECBAIT_10_0057_MEMBER_INTERIOR_01', 'ECBAIT_HOST_CONTROL_02']
  HIT ERR1841171: 2 baits >= 0.7 ['ECBAIT_10_0172_MEMBER_INTERIOR_01', 'ECBAIT_HOST_CONTROL_01']
  HIT ERR1841172: 2 baits >= 0.7 ['ECBAIT_10_0057_MEMBER_INTERIOR_01', 'ECBAIT_HOST_CONTROL_02']
  HIT ERR1841173: 2 baits >= 0.7 ['ECBAIT_10_0172_MEMBER_INTERIOR_01', 'ECBAIT_HOST_CONTROL_01']
  HIT ERR1841175: 2 baits >= 0.7 ['ECBAIT_10_0057_MEMBER_INTERIOR_01', 'ECBAIT_HOST_CONTROL_02']
  HIT ERR1841176: 3 baits >= 0.7 ['ECBAIT_0_0052_JUNCTION_01', 'ECBAIT_0_0052_JUNCTION_03', 'ECBAIT_10_0057_MEMBER_INTERIOR_01']
  HIT ERR1841177: 2 baits >= 0.7 ['ECBAIT_10_0172_MEMBER_INTERIOR_01', 'ECBAIT_HOST_CONTROL_01']
  HIT ERR1841178: 2 baits >= 0.7 ['ECBAIT_10_0172_MEMBER_INTERIOR_01', 'ECBAIT_HOST_CONTROL_01']
  HIT ERR1841179: 2 baits >= 0.7 ['ECBAIT_10_0044_INTERIOR_MODULE_01', 'ECBAIT_HOST_CONTROL_01']
  HIT ERR1841180: 2 baits >= 0.7 ['ECBAIT_10_0172_MEMBER_INTERIOR_01', 'ECBAIT_HOST_CONTROL_01']
  HIT ERR1841181: 2 baits >= 0.7 ['ECBAIT_10_0172_MEMBER_INTERIOR_01', 'ECBAIT_HOST_CONTROL_01']
  HIT ERR1841182: 2 baits >= 0.7 ['ECBAIT_10_0172_MEMBER_INTERIOR_01', 'ECBAIT_HOST_CONTROL_01']
  HIT ERR1841183: 2 baits >= 0.7 ['ECBAIT_10_0172_MEMBER_INTERIOR_01', 'ECBAIT_HOST_CONTROL_01']
  HIT ERR1841184: 2 baits >= 0.7 ['ECBAIT_10_0172_MEMBER_INTERIOR_01', 'ECBAIT_HOST_CONTROL_01']
  HIT ERR1841185: 2 baits >= 0.7 ['ECBAIT_10_0172_MEMBER_INTERIOR_01', 'ECBAIT_HOST_CONTROL_01']
  HIT ERR1841187: 2 baits >= 0.7 ['ECBAIT_10_0172_MEMBER_INTERIOR_01', 'ECBAIT_HOST_CONTROL_01']
  HIT ERR1841186: 3 baits >= 0.7 ['ECBAIT_0_0052_JUNCTION_03', 'ECBAIT_10_0172_MEMBER_INTERIOR_01', 'ECBAIT_HOST_CONTROL_01']
  HIT ERR1841188: 2 baits >= 0.7 ['ECBAIT_10_0172_MEMBER_INTERIOR_01', 'ECBAIT_HOST_CONTROL_01']
  HIT ERR1841189: 2 baits >= 0.7 ['ECBAIT_10_0172_MEMBER_INTERIOR_01', 'ECBAIT_HOST_CONTROL_01']
  HIT ERR1841190: 2 baits >= 0.7 ['ECBAIT_10_0172_MEMBER_INTERIOR_01', 'ECBAIT_HOST_CONTROL_01']
  HIT ERR1841191: 2 baits >= 0.7 ['ECBAIT_10_0172_MEMBER_INTERIOR_01', 'ECBAIT_HOST_CONTROL_01']
  HIT ERR1841192: 1 baits >= 0.7 ['ECBAIT_HOST_CONTROL_01']
  HIT ERR1841193: 2 baits >= 0.7 ['ECBAIT_10_0172_MEMBER_INTERIOR_01', 'ECBAIT_HOST_CONTROL_01']
  HIT ERR2205867: 2 baits >= 0.7 ['ECBAIT_10_0057_MEMBER_INTERIOR_01', 'ECBAIT_HOST_CONTROL_02']
  HIT ERR2205868: 1 baits >= 0.7 ['ECBAIT_10_0057_MEMBER_INTERIOR_01']
  HIT ERR2205869: 1 baits >= 0.7 ['ECBAIT_HOST_CONTROL_02']
  HIT ERR2205870: 1 baits >= 0.7 ['ECBAIT_10_0057_MEMBER_INTERIOR_01']
  HIT ERR2205871: 3 baits >= 0.7 ['ECBAIT_0_0054_MEMBER_INTERIOR_01', 'ECBAIT_10_0057_MEMBER_INTERIOR_01', 'ECBAIT_10_0172_MEMBER_INTERIOR_01']
  HIT ERR2205872: 1 baits >= 0.7 ['ECBAIT_HOST_CONTROL_02']
  HIT ERR2205873: 2 baits >= 0.7 ['ECBAIT_10_0057_MEMBER_INTERIOR_01', 'ECBAIT_HOST_CONTROL_01']
  HIT ERR2205874: 3 baits >= 0.7 ['ECBAIT_10_0057_MEMBER_INTERIOR_01', 'ECBAIT_10_0151_JUNCTION_03', 'ECBAIT_10_0172_MEMBER_INTERIOR_01']
  HIT ERR2205876: 1 baits >= 0.7 ['ECBAIT_HOST_CONTROL_01']
  HIT ERR2205875: 3 baits >= 0.7 ['ECBAIT_10_0057_MEMBER_INTERIOR_01', 'ECBAIT_1_0004_JUNCTION_01', 'ECBAIT_HOST_CONTROL_01']
  HIT ERR2205877: 2 baits >= 0.7 ['ECBAIT_10_0057_MEMBER_INTERIOR_01', 'ECBAIT_HOST_CONTROL_02']
  HIT ERR2205878: 1 baits >= 0.7 ['ECBAIT_HOST_CONTROL_02']
  8000/11975 processed (501 screened, 497 hit-accessions) 387s budget=0.9GB
  HIT ERR2205879: 1 baits >= 0.7 ['ECBAIT_HOST_CONTROL_01']
  HIT ERR2205880: 2 baits >= 0.7 ['ECBAIT_10_0057_MEMBER_INTERIOR_01', 'ECBAIT_HOST_CONTROL_02']
  HIT ERR2205881: 1 baits >= 0.7 ['ECBAIT_10_0057_MEMBER_INTERIOR_01']
  HIT ERR2205882: 1 baits >= 0.7 ['ECBAIT_10_0057_MEMBER_INTERIOR_01']
  HIT ERR2205883: 4 baits >= 0.7 ['ECBAIT_10_0002_JUNCTION_01', 'ECBAIT_10_0002_JUNCTION_02', 'ECBAIT_10_0002_MEMBER_INTERIOR_01', 'ECBAIT_10_0057_MEMBER_INTERIOR_01']
  HIT ERR2205884: 2 baits >= 0.7 ['ECBAIT_10_0002_MEMBER_INTERIOR_01', 'ECBAIT_10_0057_MEMBER_INTERIOR_01']
  HIT ERR2205886: 2 baits >= 0.7 ['ECBAIT_10_0057_MEMBER_INTERIOR_01', 'ECBAIT_HOST_CONTROL_01']
  HIT ERR2205887: 3 baits >= 0.7 ['ECBAIT_0_0000_JUNCTION_02', 'ECBAIT_10_0151_JUNCTION_03', 'ECBAIT_10_0172_MEMBER_INTERIOR_01']
  HIT ERR2205889: 2 baits >= 0.7 ['ECBAIT_10_0057_MEMBER_INTERIOR_01', 'ECBAIT_10_0151_JUNCTION_03']
  HIT ERR2205888: 2 baits >= 0.7 ['ECBAIT_0_0054_MEMBER_INTERIOR_01', 'ECBAIT_10_0057_MEMBER_INTERIOR_01']
  HIT ERR2205890: 1 baits >= 0.7 ['ECBAIT_10_0057_MEMBER_INTERIOR_01']
  HIT ERR2205891: 2 baits >= 0.7 ['ECBAIT_0_0014_MEMBER_INTERIOR_01', 'ECBAIT_10_0057_MEMBER_INTERIOR_01']
  HIT ERR2205893: 1 baits >= 0.7 ['ECBAIT_10_0057_MEMBER_INTERIOR_01']
  HIT ERR2205892: 1 baits >= 0.7 ['ECBAIT_10_0057_MEMBER_INTERIOR_01']
  HIT ERR2205894: 1 baits >= 0.7 ['ECBAIT_HOST_CONTROL_02']
  HIT ERR2205895: 2 baits >= 0.7 ['ECBAIT_10_0057_MEMBER_INTERIOR_01', 'ECBAIT_HOST_CONTROL_02']
  HIT ERR2205896: 1 baits >= 0.7 ['ECBAIT_10_0057_MEMBER_INTERIOR_01']
  HIT ERR2205897: 1 baits >= 0.7 ['ECBAIT_10_0057_MEMBER_INTERIOR_01']
  HIT ERR2205898: 1 baits >= 0.7 ['ECBAIT_10_0057_MEMBER_INTERIOR_01']
  HIT ERR2205900: 1 baits >= 0.7 ['ECBAIT_10_0057_MEMBER_INTERIOR_01']
  HIT ERR2205899: 1 baits >= 0.7 ['ECBAIT_10_0057_MEMBER_INTERIOR_01']
  HIT ERR2205901: 3 baits >= 0.7 ['ECBAIT_10_0002_JUNCTION_01', 'ECBAIT_10_0002_JUNCTION_02', 'ECBAIT_10_0057_MEMBER_INTERIOR_01']
  HIT ERR2205903: 1 baits >= 0.7 ['ECBAIT_10_0057_MEMBER_INTERIOR_01']
  HIT ERR2205902: 1 baits >= 0.7 ['ECBAIT_10_0057_MEMBER_INTERIOR_01']
  HIT ERR2205904: 3 baits >= 0.7 ['ECBAIT_0_0046_MEMBER_INTERIOR_01', 'ECBAIT_10_0057_MEMBER_INTERIOR_01', 'ECBAIT_1_0022_JUNCTION_03']
  HIT ERR2205905: 2 baits >= 0.7 ['ECBAIT_10_0057_MEMBER_INTERIOR_01', 'ECBAIT_HOST_CONTROL_02']
  HIT ERR2205907: 2 baits >= 0.7 ['ECBAIT_0_0000_MEMBER_INTERIOR_01', 'ECBAIT_10_0057_MEMBER_INTERIOR_01']
  HIT ERR2205908: 2 baits >= 0.7 ['ECBAIT_10_0057_MEMBER_INTERIOR_01', 'ECBAIT_HOST_CONTROL_02']
  HIT ERR2205906: 1 baits >= 0.7 ['ECBAIT_10_0057_MEMBER_INTERIOR_01']
  HIT ERR2205909: 2 baits >= 0.7 ['ECBAIT_10_0057_MEMBER_INTERIOR_01', 'ECBAIT_HOST_CONTROL_02']
  HIT ERR2205910: 1 baits >= 0.7 ['ECBAIT_10_0057_MEMBER_INTERIOR_01']
  HIT ERR2205912: 1 baits >= 0.7 ['ECBAIT_10_0057_MEMBER_INTERIOR_01']
  HIT ERR2205911: 1 baits >= 0.7 ['ECBAIT_10_0057_MEMBER_INTERIOR_01']
  HIT ERR2205914: 1 baits >= 0.7 ['ECBAIT_HOST_CONTROL_01']
  HIT ERR2205915: 1 baits >= 0.7 ['ECBAIT_10_0057_MEMBER_INTERIOR_01']
  HIT ERR2205917: 1 baits >= 0.7 ['ECBAIT_10_0057_MEMBER_INTERIOR_01']
  HIT ERR2205919: 2 baits >= 0.7 ['ECBAIT_0_0000_MEMBER_INTERIOR_01', 'ECBAIT_10_0057_MEMBER_INTERIOR_01']
  HIT ERR2205920: 2 baits >= 0.7 ['ECBAIT_0_0046_MEMBER_INTERIOR_01', 'ECBAIT_10_0057_MEMBER_INTERIOR_01']
  HIT ERR2205921: 2 baits >= 0.7 ['ECBAIT_10_0057_MEMBER_INTERIOR_01', 'ECBAIT_HOST_CONTROL_01']
  HIT ERR2205922: 1 baits >= 0.7 ['ECBAIT_HOST_CONTROL_01']
  HIT ERR2205923: 2 baits >= 0.7 ['ECBAIT_10_0057_MEMBER_INTERIOR_01', 'ECBAIT_HOST_CONTROL_01']
  HIT ERR2205924: 2 baits >= 0.7 ['ECBAIT_10_0057_MEMBER_INTERIOR_01', 'ECBAIT_HOST_CONTROL_02']
  HIT ERR2205925: 1 baits >= 0.7 ['ECBAIT_10_0057_MEMBER_INTERIOR_01']
  HIT ERR2205926: 1 baits >= 0.7 ['ECBAIT_10_0057_MEMBER_INTERIOR_01']
  HIT ERR2205927: 2 baits >= 0.7 ['ECBAIT_10_0057_MEMBER_INTERIOR_01', 'ECBAIT_HOST_CONTROL_01']
  HIT ERR2205928: 2 baits >= 0.7 ['ECBAIT_10_0057_MEMBER_INTERIOR_01', 'ECBAIT_HOST_CONTROL_01']
  8050/11975 processed (551 screened, 543 hit-accessions) 403s budget=1.0GB
  HIT ERR2205929: 2 baits >= 0.7 ['ECBAIT_0_0000_MEMBER_INTERIOR_01', 'ECBAIT_10_0057_MEMBER_INTERIOR_01']
  HIT ERR2205930: 2 baits >= 0.7 ['ECBAIT_0_0000_MEMBER_INTERIOR_01', 'ECBAIT_10_0057_MEMBER_INTERIOR_01']
  HIT ERR2205931: 4 baits >= 0.7 ['ECBAIT_0_0000_INTERIOR_MODULE_01', 'ECBAIT_0_0000_JUNCTION_02', 'ECBAIT_0_0000_MEMBER_INTERIOR_01', 'ECBAIT_10_0057_MEMBER_INTERIOR_01']
  HIT ERR2205932: 1 baits >= 0.7 ['ECBAIT_10_0057_MEMBER_INTERIOR_01']
  HIT ERR2205933: 4 baits >= 0.7 ['ECBAIT_0_0000_INTERIOR_MODULE_01', 'ECBAIT_0_0000_JUNCTION_02', 'ECBAIT_0_0000_MEMBER_INTERIOR_01', 'ECBAIT_10_0057_MEMBER_INTERIOR_01']
  HIT ERR2205936: 1 baits >= 0.7 ['ECBAIT_10_0057_MEMBER_INTERIOR_01']
  HIT ERR2205934: 2 baits >= 0.7 ['ECBAIT_0_0054_MEMBER_INTERIOR_01', 'ECBAIT_10_0057_MEMBER_INTERIOR_01']
  HIT ERR2205935: 1 baits >= 0.7 ['ECBAIT_10_0057_MEMBER_INTERIOR_01']
  HIT ERR2205937: 2 baits >= 0.7 ['ECBAIT_10_0057_MEMBER_INTERIOR_01', 'ECBAIT_HOST_CONTROL_01']
  HIT ERR2205939: 2 baits >= 0.7 ['ECBAIT_0_0000_MEMBER_INTERIOR_01', 'ECBAIT_10_0057_MEMBER_INTERIOR_01']
  HIT ERR2205940: 2 baits >= 0.7 ['ECBAIT_0_0000_MEMBER_INTERIOR_01', 'ECBAIT_10_0057_MEMBER_INTERIOR_01']
  HIT ERR2205941: 2 baits >= 0.7 ['ECBAIT_10_0057_MEMBER_INTERIOR_01', 'ECBAIT_HOST_CONTROL_02']
  HIT ERR2205942: 2 baits >= 0.7 ['ECBAIT_0_0000_MEMBER_INTERIOR_01', 'ECBAIT_10_0057_MEMBER_INTERIOR_01']
  HIT ERR2205944: 1 baits >= 0.7 ['ECBAIT_10_0057_MEMBER_INTERIOR_01']
  HIT ERR2205943: 3 baits >= 0.7 ['ECBAIT_0_0014_MEMBER_INTERIOR_01', 'ECBAIT_10_0057_MEMBER_INTERIOR_01', 'ECBAIT_HOST_CONTROL_02']
  HIT ERR2205945: 1 baits >= 0.7 ['ECBAIT_10_0057_MEMBER_INTERIOR_01']
  HIT ERR2205946: 2 baits >= 0.7 ['ECBAIT_10_0057_MEMBER_INTERIOR_01', 'ECBAIT_HOST_CONTROL_02']
  HIT ERR2205947: 2 baits >= 0.7 ['ECBAIT_10_0057_MEMBER_INTERIOR_01', 'ECBAIT_HOST_CONTROL_01']
  HIT ERR2205948: 2 baits >= 0.7 ['ECBAIT_10_0057_MEMBER_INTERIOR_01', 'ECBAIT_HOST_CONTROL_01']
  HIT ERR2205949: 2 baits >= 0.7 ['ECBAIT_10_0057_MEMBER_INTERIOR_01', 'ECBAIT_HOST_CONTROL_01']
  HIT ERR2205951: 2 baits >= 0.7 ['ECBAIT_10_0057_MEMBER_INTERIOR_01', 'ECBAIT_HOST_CONTROL_01']
  HIT ERR2205950: 2 baits >= 0.7 ['ECBAIT_10_0057_MEMBER_INTERIOR_01', 'ECBAIT_HOST_CONTROL_01']
  HIT ERR2205953: 1 baits >= 0.7 ['ECBAIT_HOST_CONTROL_01']
  HIT ERR2205952: 1 baits >= 0.7 ['ECBAIT_10_0057_MEMBER_INTERIOR_01']
  HIT ERR2205955: 1 baits >= 0.7 ['ECBAIT_HOST_CONTROL_01']
  HIT ERR2205954: 1 baits >= 0.7 ['ECBAIT_HOST_CONTROL_01']
  HIT ERR2205956: 2 baits >= 0.7 ['ECBAIT_0_0000_MEMBER_INTERIOR_01', 'ECBAIT_10_0057_MEMBER_INTERIOR_01']
  HIT ERR2205957: 1 baits >= 0.7 ['ECBAIT_10_0057_MEMBER_INTERIOR_01']
  HIT ERR2205959: 1 baits >= 0.7 ['ECBAIT_10_0057_MEMBER_INTERIOR_01']
  HIT ERR2205958: 1 baits >= 0.7 ['ECBAIT_HOST_CONTROL_01']
  HIT ERR2205960: 3 baits >= 0.7 ['ECBAIT_10_0057_MEMBER_INTERIOR_01', 'ECBAIT_10_0172_MEMBER_INTERIOR_01', 'ECBAIT_1_0004_JUNCTION_01']
  HIT ERR2205961: 1 baits >= 0.7 ['ECBAIT_HOST_CONTROL_01']
  HIT ERR2205962: 3 baits >= 0.7 ['ECBAIT_10_0002_MEMBER_INTERIOR_01', 'ECBAIT_10_0057_MEMBER_INTERIOR_01', 'ECBAIT_10_0151_MEMBER_INTERIOR_01']
  HIT ERR2205963: 1 baits >= 0.7 ['ECBAIT_0_0000_JUNCTION_02']
  HIT ERR2205964: 1 baits >= 0.7 ['ECBAIT_10_0057_MEMBER_INTERIOR_01']
  HIT ERR2205965: 1 baits >= 0.7 ['ECBAIT_HOST_CONTROL_01']
  HIT ERR2205968: 3 baits >= 0.7 ['ECBAIT_0_0000_JUNCTION_02', 'ECBAIT_10_0057_MEMBER_INTERIOR_01', 'ECBAIT_10_0151_JUNCTION_03']
  HIT ERR2205969: 2 baits >= 0.7 ['ECBAIT_10_0002_MEMBER_INTERIOR_01', 'ECBAIT_10_0057_MEMBER_INTERIOR_01']
  HIT ERR2205970: 1 baits >= 0.7 ['ECBAIT_10_0057_MEMBER_INTERIOR_01']
  HIT ERR2205971: 2 baits >= 0.7 ['ECBAIT_0_0000_MEMBER_INTERIOR_01', 'ECBAIT_10_0057_MEMBER_INTERIOR_01']
  HIT ERR2205972: 2 baits >= 0.7 ['ECBAIT_0_0052_JUNCTION_03', 'ECBAIT_1_0004_JUNCTION_01']
  HIT ERR2205973: 2 baits >= 0.7 ['ECBAIT_10_0057_MEMBER_INTERIOR_01', 'ECBAIT_10_0151_JUNCTION_03']
  HIT ERR2205974: 2 baits >= 0.7 ['ECBAIT_10_0057_MEMBER_INTERIOR_01', 'ECBAIT_HOST_CONTROL_01']
  HIT ERR2205976: 1 baits >= 0.7 ['ECBAIT_10_0151_JUNCTION_03']
  HIT ERR2205978: 1 baits >= 0.7 ['ECBAIT_10_0172_MEMBER_INTERIOR_01']
  8100/11975 processed (600 screened, 588 hit-accessions) 418s budget=1.0GB
  HIT ERR2205979: 1 baits >= 0.7 ['ECBAIT_10_0057_MEMBER_INTERIOR_01']
  HIT ERR2205980: 4 baits >= 0.7 ['ECBAIT_0_0000_INTERIOR_MODULE_01', 'ECBAIT_0_0000_JUNCTION_02', 'ECBAIT_0_0000_MEMBER_INTERIOR_01', 'ECBAIT_10_0057_MEMBER_INTERIOR_01']
  HIT ERR2205981: 2 baits >= 0.7 ['ECBAIT_10_0057_MEMBER_INTERIOR_01', 'ECBAIT_HOST_CONTROL_01']
  HIT ERR2205983: 3 baits >= 0.7 ['ECBAIT_0_0052_JUNCTION_01', 'ECBAIT_0_0052_JUNCTION_03', 'ECBAIT_10_0057_MEMBER_INTERIOR_01']
  HIT ERR2205984: 2 baits >= 0.7 ['ECBAIT_10_0002_MEMBER_INTERIOR_01', 'ECBAIT_10_0057_MEMBER_INTERIOR_01']
  HIT ERR2205986: 2 baits >= 0.7 ['ECBAIT_0_0000_MEMBER_INTERIOR_01', 'ECBAIT_10_0057_MEMBER_INTERIOR_01']
  HIT ERR2205985: 2 baits >= 0.7 ['ECBAIT_10_0057_MEMBER_INTERIOR_01', 'ECBAIT_HOST_CONTROL_01']
  HIT ERR2205987: 2 baits >= 0.7 ['ECBAIT_1_0004_JUNCTION_02', 'ECBAIT_HOST_CONTROL_01']
  HIT ERR2205988: 2 baits >= 0.7 ['ECBAIT_10_0057_MEMBER_INTERIOR_01', 'ECBAIT_HOST_CONTROL_01']
  HIT ERR2205989: 1 baits >= 0.7 ['ECBAIT_10_0057_MEMBER_INTERIOR_01']
  HIT ERR2205990: 2 baits >= 0.7 ['ECBAIT_10_0057_MEMBER_INTERIOR_01', 'ECBAIT_HOST_CONTROL_02']
  HIT ERR2205991: 1 baits >= 0.7 ['ECBAIT_10_0057_MEMBER_INTERIOR_01']
  HIT ERR2205992: 2 baits >= 0.7 ['ECBAIT_0_0000_MEMBER_INTERIOR_01', 'ECBAIT_10_0057_MEMBER_INTERIOR_01']
  HIT ERR2205993: 2 baits >= 0.7 ['ECBAIT_10_0057_MEMBER_INTERIOR_01', 'ECBAIT_10_0151_JUNCTION_03']
  HIT ERR2205994: 2 baits >= 0.7 ['ECBAIT_10_0057_MEMBER_INTERIOR_01', 'ECBAIT_10_0151_JUNCTION_03']
  HIT ERR2205995: 2 baits >= 0.7 ['ECBAIT_0_0000_MEMBER_INTERIOR_01', 'ECBAIT_10_0057_MEMBER_INTERIOR_01']
  HIT ERR2205996: 2 baits >= 0.7 ['ECBAIT_0_0054_MEMBER_INTERIOR_01', 'ECBAIT_10_0057_MEMBER_INTERIOR_01']
  HIT ERR2205999: 2 baits >= 0.7 ['ECBAIT_10_0057_MEMBER_INTERIOR_01', 'ECBAIT_HOST_CONTROL_02']
  HIT ERR2206000: 2 baits >= 0.7 ['ECBAIT_1_0004_JUNCTION_01', 'ECBAIT_HOST_CONTROL_02']
  HIT ERR2206002: 1 baits >= 0.7 ['ECBAIT_10_0057_MEMBER_INTERIOR_01']
  HIT ERR2206001: 1 baits >= 0.7 ['ECBAIT_10_0057_MEMBER_INTERIOR_01']
  HIT ERR2206003: 1 baits >= 0.7 ['ECBAIT_10_0057_MEMBER_INTERIOR_01']
  HIT ERR2206004: 1 baits >= 0.7 ['ECBAIT_10_0057_MEMBER_INTERIOR_01']
  HIT ERR2206006: 1 baits >= 0.7 ['ECBAIT_10_0057_MEMBER_INTERIOR_01']
  HIT ERR2206005: 1 baits >= 0.7 ['ECBAIT_10_0057_MEMBER_INTERIOR_01']
  HIT ERR2206007: 2 baits >= 0.7 ['ECBAIT_0_0000_MEMBER_INTERIOR_01', 'ECBAIT_10_0057_MEMBER_INTERIOR_01']
  HIT ERR2206008: 1 baits >= 0.7 ['ECBAIT_HOST_CONTROL_01']
  HIT ERR2206009: 1 baits >= 0.7 ['ECBAIT_10_0057_MEMBER_INTERIOR_01']
  HIT ERR2206010: 6 baits >= 0.7 ['ECBAIT_0_0059_JUNCTION_01', 'ECBAIT_0_0059_JUNCTION_02', 'ECBAIT_0_0059_JUNCTION_03', 'ECBAIT_0_0059_MEMBER_INTERIOR_01']
  HIT ERR2206011: 3 baits >= 0.7 ['ECBAIT_10_0057_MEMBER_INTERIOR_01', 'ECBAIT_10_0172_MEMBER_INTERIOR_01', 'ECBAIT_1_0004_JUNCTION_01']
  HIT ERR2206012: 2 baits >= 0.7 ['ECBAIT_10_0057_MEMBER_INTERIOR_01', 'ECBAIT_HOST_CONTROL_01']
  HIT ERR2206013: 2 baits >= 0.7 ['ECBAIT_10_0057_MEMBER_INTERIOR_01', 'ECBAIT_HOST_CONTROL_01']
  HIT ERR2206014: 1 baits >= 0.7 ['ECBAIT_10_0057_MEMBER_INTERIOR_01']
  HIT ERR2206015: 2 baits >= 0.7 ['ECBAIT_1_0004_JUNCTION_02', 'ECBAIT_HOST_CONTROL_01']
  HIT ERR2206016: 4 baits >= 0.7 ['ECBAIT_0_0000_INTERIOR_MODULE_01', 'ECBAIT_0_0000_JUNCTION_02', 'ECBAIT_0_0000_MEMBER_INTERIOR_01', 'ECBAIT_10_0057_MEMBER_INTERIOR_01']
  HIT ERR2206017: 2 baits >= 0.7 ['ECBAIT_10_0057_MEMBER_INTERIOR_01', 'ECBAIT_10_0151_MEMBER_INTERIOR_01']
  HIT ERR2206018: 4 baits >= 0.7 ['ECBAIT_0_0000_INTERIOR_MODULE_01', 'ECBAIT_0_0000_JUNCTION_02', 'ECBAIT_0_0000_MEMBER_INTERIOR_01', 'ECBAIT_10_0057_MEMBER_INTERIOR_01']
  HIT ERR2206019: 2 baits >= 0.7 ['ECBAIT_10_0057_MEMBER_INTERIOR_01', 'ECBAIT_HOST_CONTROL_01']
  HIT ERR2206020: 1 baits >= 0.7 ['ECBAIT_10_0057_MEMBER_INTERIOR_01']
  HIT ERR2206021: 3 baits >= 0.7 ['ECBAIT_0_0046_MEMBER_INTERIOR_01', 'ECBAIT_10_0057_MEMBER_INTERIOR_01', 'ECBAIT_1_0022_JUNCTION_03']
  HIT ERR2206022: 2 baits >= 0.7 ['ECBAIT_10_0002_JUNCTION_01', 'ECBAIT_10_0057_MEMBER_INTERIOR_01']
  HIT ERR2206025: 2 baits >= 0.7 ['ECBAIT_0_0000_JUNCTION_02', 'ECBAIT_10_0057_MEMBER_INTERIOR_01']
  HIT ERR2206026: 1 baits >= 0.7 ['ECBAIT_10_0057_MEMBER_INTERIOR_01']
  HIT ERR2206027: 4 baits >= 0.7 ['ECBAIT_0_0000_INTERIOR_MODULE_01', 'ECBAIT_0_0000_JUNCTION_02', 'ECBAIT_0_0000_MEMBER_INTERIOR_01', 'ECBAIT_10_0057_MEMBER_INTERIOR_01']
  HIT ERR2206028: 1 baits >= 0.7 ['ECBAIT_10_0057_MEMBER_INTERIOR_01']
  8150/11975 processed (650 screened, 633 hit-accessions) 435s budget=1.1GB
  HIT ERR2206029: 1 baits >= 0.7 ['ECBAIT_10_0057_MEMBER_INTERIOR_01']
  HIT ERR2206030: 2 baits >= 0.7 ['ECBAIT_10_0057_MEMBER_INTERIOR_01', 'ECBAIT_HOST_CONTROL_01']
  HIT ERR264240: 4 baits >= 0.7 ['ECBAIT_10_0002_JUNCTION_01', 'ECBAIT_10_0002_JUNCTION_02', 'ECBAIT_10_0002_MEMBER_INTERIOR_01', 'ECBAIT_10_0057_MEMBER_INTERIOR_01']
  HIT ERR264241: 2 baits >= 0.7 ['ECBAIT_10_0002_MEMBER_INTERIOR_01', 'ECBAIT_10_0057_MEMBER_INTERIOR_01']
  HIT ERR264242: 4 baits >= 0.7 ['ECBAIT_10_0002_JUNCTION_01', 'ECBAIT_10_0002_JUNCTION_02', 'ECBAIT_10_0002_MEMBER_INTERIOR_01', 'ECBAIT_10_0057_MEMBER_INTERIOR_01']
  HIT ERR264244: 1 baits >= 0.7 ['ECBAIT_10_0002_MEMBER_INTERIOR_01']
  HIT ERR264243: 1 baits >= 0.7 ['ECBAIT_10_0002_MEMBER_INTERIOR_01']
  HIT ERR264245: 2 baits >= 0.7 ['ECBAIT_10_0002_MEMBER_INTERIOR_01', 'ECBAIT_10_0057_MEMBER_INTERIOR_01']
  HIT ERR264246: 1 baits >= 0.7 ['ECBAIT_10_0057_MEMBER_INTERIOR_01']
  HIT ERR264247: 1 baits >= 0.7 ['ECBAIT_10_0057_MEMBER_INTERIOR_01']
  HIT ERR264248: 4 baits >= 0.7 ['ECBAIT_10_0002_JUNCTION_01', 'ECBAIT_10_0002_JUNCTION_02', 'ECBAIT_10_0002_MEMBER_INTERIOR_01', 'ECBAIT_10_0057_MEMBER_INTERIOR_01']
  HIT ERR264249: 4 baits >= 0.7 ['ECBAIT_10_0002_JUNCTION_01', 'ECBAIT_10_0002_JUNCTION_02', 'ECBAIT_10_0002_MEMBER_INTERIOR_01', 'ECBAIT_10_0057_MEMBER_INTERIOR_01']
  HIT ERR264250: 1 baits >= 0.7 ['ECBAIT_10_0057_MEMBER_INTERIOR_01']
  HIT ERR264252: 2 baits >= 0.7 ['ECBAIT_10_0002_MEMBER_INTERIOR_01', 'ECBAIT_10_0057_MEMBER_INTERIOR_01']
  HIT ERR264251: 1 baits >= 0.7 ['ECBAIT_10_0057_MEMBER_INTERIOR_01']
  HIT ERR264253: 2 baits >= 0.7 ['ECBAIT_10_0002_MEMBER_INTERIOR_01', 'ECBAIT_10_0057_MEMBER_INTERIOR_01']
  HIT ERR264255: 1 baits >= 0.7 ['ECBAIT_10_0057_MEMBER_INTERIOR_01']
  HIT ERR264256: 2 baits >= 0.7 ['ECBAIT_10_0002_MEMBER_INTERIOR_01', 'ECBAIT_10_0057_MEMBER_INTERIOR_01']
  HIT ERR264257: 1 baits >= 0.7 ['ECBAIT_10_0057_MEMBER_INTERIOR_01']
  HIT ERR264258: 2 baits >= 0.7 ['ECBAIT_10_0002_MEMBER_INTERIOR_01', 'ECBAIT_10_0057_MEMBER_INTERIOR_01']
  HIT ERR264259: 2 baits >= 0.7 ['ECBAIT_10_0002_MEMBER_INTERIOR_01', 'ECBAIT_10_0057_MEMBER_INTERIOR_01']
  HIT ERR264260: 2 baits >= 0.7 ['ECBAIT_10_0002_MEMBER_INTERIOR_01', 'ECBAIT_10_0057_MEMBER_INTERIOR_01']
  HIT ERR264261: 4 baits >= 0.7 ['ECBAIT_10_0002_JUNCTION_01', 'ECBAIT_10_0002_JUNCTION_02', 'ECBAIT_10_0002_MEMBER_INTERIOR_01', 'ECBAIT_10_0057_MEMBER_INTERIOR_01']
  HIT ERR264262: 2 baits >= 0.7 ['ECBAIT_10_0002_MEMBER_INTERIOR_01', 'ECBAIT_10_0057_MEMBER_INTERIOR_01']
  HIT ERR264263: 3 baits >= 0.7 ['ECBAIT_10_0002_MEMBER_INTERIOR_01', 'ECBAIT_10_0057_MEMBER_INTERIOR_01', 'ECBAIT_10_0172_MEMBER_INTERIOR_01']
  HIT ERR264264: 1 baits >= 0.7 ['ECBAIT_10_0057_MEMBER_INTERIOR_01']
  HIT ERR264267: 1 baits >= 0.7 ['ECBAIT_10_0057_MEMBER_INTERIOR_01']
  HIT ERR264266: 2 baits >= 0.7 ['ECBAIT_10_0002_MEMBER_INTERIOR_01', 'ECBAIT_10_0057_MEMBER_INTERIOR_01']
  HIT ERR264268: 2 baits >= 0.7 ['ECBAIT_10_0002_MEMBER_INTERIOR_01', 'ECBAIT_10_0057_MEMBER_INTERIOR_01']
  HIT ERR264269: 1 baits >= 0.7 ['ECBAIT_10_0057_MEMBER_INTERIOR_01']
  HIT ERR264270: 2 baits >= 0.7 ['ECBAIT_10_0002_MEMBER_INTERIOR_01', 'ECBAIT_10_0057_MEMBER_INTERIOR_01']
  HIT ERR264271: 2 baits >= 0.7 ['ECBAIT_10_0002_MEMBER_INTERIOR_01', 'ECBAIT_10_0057_MEMBER_INTERIOR_01']
  HIT ERR264272: 2 baits >= 0.7 ['ECBAIT_10_0002_MEMBER_INTERIOR_01', 'ECBAIT_10_0057_MEMBER_INTERIOR_01']
  HIT ERR264273: 2 baits >= 0.7 ['ECBAIT_10_0002_MEMBER_INTERIOR_01', 'ECBAIT_10_0057_MEMBER_INTERIOR_01']
  HIT ERR264275: 1 baits >= 0.7 ['ECBAIT_10_0057_MEMBER_INTERIOR_01']
  HIT ERR264277: 2 baits >= 0.7 ['ECBAIT_10_0002_MEMBER_INTERIOR_01', 'ECBAIT_10_0057_MEMBER_INTERIOR_01']
  HIT ERR264274: 2 baits >= 0.7 ['ECBAIT_10_0002_MEMBER_INTERIOR_01', 'ECBAIT_10_0057_MEMBER_INTERIOR_01']
  HIT ERR264276: 2 baits >= 0.7 ['ECBAIT_10_0002_MEMBER_INTERIOR_01', 'ECBAIT_10_0057_MEMBER_INTERIOR_01']
  HIT ERR264278: 1 baits >= 0.7 ['ECBAIT_10_0057_MEMBER_INTERIOR_01']
  HIT ERR264279: 4 baits >= 0.7 ['ECBAIT_10_0002_JUNCTION_01', 'ECBAIT_10_0002_JUNCTION_02', 'ECBAIT_10_0002_MEMBER_INTERIOR_01', 'ECBAIT_10_0057_MEMBER_INTERIOR_01']
  HIT ERR264281: 4 baits >= 0.7 ['ECBAIT_10_0002_JUNCTION_01', 'ECBAIT_10_0002_JUNCTION_02', 'ECBAIT_10_0002_MEMBER_INTERIOR_01', 'ECBAIT_10_0057_MEMBER_INTERIOR_01']
  HIT ERR264280: 2 baits >= 0.7 ['ECBAIT_10_0002_MEMBER_INTERIOR_01', 'ECBAIT_10_0057_MEMBER_INTERIOR_01']
  HIT ERR264282: 2 baits >= 0.7 ['ECBAIT_10_0002_MEMBER_INTERIOR_01', 'ECBAIT_10_0057_MEMBER_INTERIOR_01']
  HIT ERR264283: 2 baits >= 0.7 ['ECBAIT_10_0002_MEMBER_INTERIOR_01', 'ECBAIT_10_0057_MEMBER_INTERIOR_01']
  HIT ERR264285: 4 baits >= 0.7 ['ECBAIT_10_0002_JUNCTION_01', 'ECBAIT_10_0002_JUNCTION_02', 'ECBAIT_10_0002_MEMBER_INTERIOR_01', 'ECBAIT_10_0057_MEMBER_INTERIOR_01']
  HIT ERR264284: 2 baits >= 0.7 ['ECBAIT_10_0002_MEMBER_INTERIOR_01', 'ECBAIT_10_0057_MEMBER_INTERIOR_01']
  HIT ERR264286: 3 baits >= 0.7 ['ECBAIT_10_0002_JUNCTION_01', 'ECBAIT_10_0002_JUNCTION_02', 'ECBAIT_10_0002_MEMBER_INTERIOR_01']
  8200/11975 processed (699 screened, 680 hit-accessions) 451s budget=1.2GB
  HIT ERR264287: 2 baits >= 0.7 ['ECBAIT_10_0002_MEMBER_INTERIOR_01', 'ECBAIT_10_0057_MEMBER_INTERIOR_01']
  HIT ERR264289: 2 baits >= 0.7 ['ECBAIT_10_0057_MEMBER_INTERIOR_01', 'ECBAIT_HOST_CONTROL_02']
  HIT ERR279297: 1 baits >= 0.7 ['ECBAIT_10_0057_MEMBER_INTERIOR_01']
  HIT ERR279299: 1 baits >= 0.7 ['ECBAIT_0_0014_MEMBER_INTERIOR_01']
  HIT ERR279300: 1 baits >= 0.7 ['ECBAIT_10_0057_MEMBER_INTERIOR_01']
  HIT ERR279301: 1 baits >= 0.7 ['ECBAIT_0_0014_MEMBER_INTERIOR_01']
  HIT ERR279298: 1 baits >= 0.7 ['ECBAIT_0_0014_MEMBER_INTERIOR_01']
  HIT ERR279303: 2 baits >= 0.7 ['ECBAIT_0_0014_MEMBER_INTERIOR_01', 'ECBAIT_10_0057_MEMBER_INTERIOR_01']
  HIT ERR279304: 2 baits >= 0.7 ['ECBAIT_10_0057_MEMBER_INTERIOR_01', 'ECBAIT_10_0172_MEMBER_INTERIOR_01']
  HIT ERR279305: 2 baits >= 0.7 ['ECBAIT_0_0014_MEMBER_INTERIOR_01', 'ECBAIT_10_0057_MEMBER_INTERIOR_01']
  HIT ERR279306: 1 baits >= 0.7 ['ECBAIT_10_0057_MEMBER_INTERIOR_01']
  HIT ERR279309: 2 baits >= 0.7 ['ECBAIT_10_0057_MEMBER_INTERIOR_01', 'ECBAIT_10_0172_MEMBER_INTERIOR_01']
  HIT ERR279308: 1 baits >= 0.7 ['ECBAIT_10_0057_MEMBER_INTERIOR_01']
  HIT ERR279310: 1 baits >= 0.7 ['ECBAIT_0_0014_MEMBER_INTERIOR_01']
  HIT ERR279311: 1 baits >= 0.7 ['ECBAIT_HOST_CONTROL_01']
  HIT ERR279313: 1 baits >= 0.7 ['ECBAIT_10_0057_MEMBER_INTERIOR_01']
  HIT ERR279314: 1 baits >= 0.7 ['ECBAIT_10_0057_MEMBER_INTERIOR_01']
  HIT ERR279316: 1 baits >= 0.7 ['ECBAIT_10_0057_MEMBER_INTERIOR_01']
  HIT ERR279315: 1 baits >= 0.7 ['ECBAIT_10_0057_MEMBER_INTERIOR_01']
  HIT ERR279318: 2 baits >= 0.7 ['ECBAIT_10_0057_MEMBER_INTERIOR_01', 'ECBAIT_10_0172_MEMBER_INTERIOR_01']
  HIT ERR279321: 2 baits >= 0.7 ['ECBAIT_10_0057_MEMBER_INTERIOR_01', 'ECBAIT_10_0172_MEMBER_INTERIOR_01']
  HIT ERR279320: 1 baits >= 0.7 ['ECBAIT_10_0057_MEMBER_INTERIOR_01']
  HIT ERR279322: 2 baits >= 0.7 ['ECBAIT_10_0057_MEMBER_INTERIOR_01', 'ECBAIT_10_0172_MEMBER_INTERIOR_01']
  HIT ERR279323: 2 baits >= 0.7 ['ECBAIT_10_0057_MEMBER_INTERIOR_01', 'ECBAIT_10_0172_MEMBER_INTERIOR_01']
  HIT ERR279324: 1 baits >= 0.7 ['ECBAIT_0_0014_MEMBER_INTERIOR_01']
  HIT ERR279325: 2 baits >= 0.7 ['ECBAIT_10_0057_MEMBER_INTERIOR_01', 'ECBAIT_10_0172_MEMBER_INTERIOR_01']
  HIT ERR279327: 1 baits >= 0.7 ['ECBAIT_0_0014_MEMBER_INTERIOR_01']
  HIT ERR279328: 1 baits >= 0.7 ['ECBAIT_10_0057_MEMBER_INTERIOR_01']
  HIT ERR279329: 1 baits >= 0.7 ['ECBAIT_10_0057_MEMBER_INTERIOR_01']
  HIT ERR279330: 1 baits >= 0.7 ['ECBAIT_0_0014_MEMBER_INTERIOR_01']
  HIT ERR279331: 1 baits >= 0.7 ['ECBAIT_10_0057_MEMBER_INTERIOR_01']
  HIT ERR279332: 1 baits >= 0.7 ['ECBAIT_10_0057_MEMBER_INTERIOR_01']
  HIT ERR279333: 2 baits >= 0.7 ['ECBAIT_10_0057_MEMBER_INTERIOR_01', 'ECBAIT_10_0172_MEMBER_INTERIOR_01']
  HIT ERR279337: 1 baits >= 0.7 ['ECBAIT_10_0057_MEMBER_INTERIOR_01']
  HIT ERR279338: 3 baits >= 0.7 ['ECBAIT_10_0057_MEMBER_INTERIOR_01', 'ECBAIT_1_0026_MEMBER_INTERIOR_01', 'ECBAIT_HOST_CONTROL_02']
  HIT ERR279339: 1 baits >= 0.7 ['ECBAIT_10_0057_MEMBER_INTERIOR_01']
  HIT ERR279340: 1 baits >= 0.7 ['ECBAIT_10_0057_MEMBER_INTERIOR_01']
  HIT ERR279341: 2 baits >= 0.7 ['ECBAIT_10_0057_MEMBER_INTERIOR_01', 'ECBAIT_HOST_CONTROL_02']
  HIT ERR279342: 1 baits >= 0.7 ['ECBAIT_0_0000_MEMBER_INTERIOR_01']
  HIT ERR279354: 2 baits >= 0.7 ['ECBAIT_10_0038_MEMBER_INTERIOR_01', 'ECBAIT_HOST_CONTROL_01']
  8250/11975 processed (749 screened, 720 hit-accessions) 466s budget=1.3GB
  HIT ERR279355: 2 baits >= 0.7 ['ECBAIT_10_0038_MEMBER_INTERIOR_01', 'ECBAIT_HOST_CONTROL_01']
  HIT ERR279357: 3 baits >= 0.7 ['ECBAIT_10_0038_MEMBER_INTERIOR_01', 'ECBAIT_10_0057_MEMBER_INTERIOR_01', 'ECBAIT_HOST_CONTROL_01']
  HIT ERR279358: 2 baits >= 0.7 ['ECBAIT_10_0038_MEMBER_INTERIOR_01', 'ECBAIT_HOST_CONTROL_01']
  HIT ERR279356: 3 baits >= 0.7 ['ECBAIT_10_0038_MEMBER_INTERIOR_01', 'ECBAIT_10_0057_MEMBER_INTERIOR_01', 'ECBAIT_HOST_CONTROL_01']
  HIT ERR279359: 3 baits >= 0.7 ['ECBAIT_0_0000_JUNCTION_02', 'ECBAIT_1_0004_JUNCTION_01', 'ECBAIT_HOST_CONTROL_01']
  HIT ERR279360: 3 baits >= 0.7 ['ECBAIT_0_0000_JUNCTION_02', 'ECBAIT_1_0004_JUNCTION_01', 'ECBAIT_HOST_CONTROL_01']
  HIT ERR279361: 4 baits >= 0.7 ['ECBAIT_0_0000_JUNCTION_02', 'ECBAIT_0_0014_MEMBER_INTERIOR_01', 'ECBAIT_1_0004_JUNCTION_01', 'ECBAIT_HOST_CONTROL_01']
  HIT ERR279362: 3 baits >= 0.7 ['ECBAIT_0_0000_JUNCTION_02', 'ECBAIT_1_0004_JUNCTION_01', 'ECBAIT_HOST_CONTROL_01']
  HIT ERR279363: 2 baits >= 0.7 ['ECBAIT_1_0004_JUNCTION_01', 'ECBAIT_HOST_CONTROL_01']
  HIT ERR279364: 2 baits >= 0.7 ['ECBAIT_1_0004_JUNCTION_01', 'ECBAIT_HOST_CONTROL_01']
  HIT ERR279365: 4 baits >= 0.7 ['ECBAIT_0_0000_JUNCTION_02', 'ECBAIT_0_0014_MEMBER_INTERIOR_01', 'ECBAIT_1_0004_JUNCTION_01', 'ECBAIT_HOST_CONTROL_01']
  HIT ERR279366: 4 baits >= 0.7 ['ECBAIT_0_0000_JUNCTION_02', 'ECBAIT_0_0014_MEMBER_INTERIOR_01', 'ECBAIT_1_0004_JUNCTION_01', 'ECBAIT_HOST_CONTROL_01']
  HIT ERR279367: 3 baits >= 0.7 ['ECBAIT_10_0057_MEMBER_INTERIOR_01', 'ECBAIT_HOST_CONTROL_01', 'ECBAIT_POSCON_LAMBDA_01']
  HIT ERR279368: 5 baits >= 0.7 ['ECBAIT_0_0000_JUNCTION_02', 'ECBAIT_10_0038_JUNCTION_01', 'ECBAIT_10_0038_MEMBER_INTERIOR_01', 'ECBAIT_10_0057_MEMBER_INTERIOR_01']
  HIT ERR279370: 2 baits >= 0.7 ['ECBAIT_1_0004_JUNCTION_01', 'ECBAIT_HOST_CONTROL_01']
  HIT ERR279369: 1 baits >= 0.7 ['ECBAIT_10_0172_MEMBER_INTERIOR_01']
  HIT ERR279372: 4 baits >= 0.7 ['ECBAIT_0_0000_JUNCTION_02', 'ECBAIT_0_0014_MEMBER_INTERIOR_01', 'ECBAIT_10_0172_MEMBER_INTERIOR_01', 'ECBAIT_HOST_CONTROL_01']
  HIT ERR4142642: 2 baits >= 0.7 ['ECBAIT_10_0057_MEMBER_INTERIOR_01', 'ECBAIT_10_0172_MEMBER_INTERIOR_01']
  HIT ERR4165388: 5 baits >= 0.7 ['ECBAIT_0_0000_INTERIOR_MODULE_01', 'ECBAIT_0_0000_JUNCTION_02', 'ECBAIT_0_0000_MEMBER_INTERIOR_01', 'ECBAIT_10_0057_MEMBER_INTERIOR_01']
  HIT ERR4165391: 2 baits >= 0.7 ['ECBAIT_10_0002_MEMBER_INTERIOR_01', 'ECBAIT_10_0057_MEMBER_INTERIOR_01']
  HIT ERR4165393: 2 baits >= 0.7 ['ECBAIT_0_0000_JUNCTION_02', 'ECBAIT_10_0057_MEMBER_INTERIOR_01']
  HIT ERR4165395: 3 baits >= 0.7 ['ECBAIT_0_0000_JUNCTION_02', 'ECBAIT_10_0057_MEMBER_INTERIOR_01', 'ECBAIT_10_0151_JUNCTION_03']
  HIT ERR4165396: 6 baits >= 0.7 ['ECBAIT_0_0000_MEMBER_INTERIOR_01', 'ECBAIT_0_0054_MEMBER_INTERIOR_01', 'ECBAIT_10_0002_JUNCTION_02', 'ECBAIT_10_0172_MEMBER_INTERIOR_01']
  HIT ERR4165398: 2 baits >= 0.7 ['ECBAIT_1_0026_JUNCTION_01', 'ECBAIT_HOST_CONTROL_01']
  HIT ERR4165400: 1 baits >= 0.7 ['ECBAIT_10_0057_MEMBER_INTERIOR_01']
  HIT ERR4165402: 5 baits >= 0.7 ['ECBAIT_0_0000_MEMBER_INTERIOR_01', 'ECBAIT_0_0054_MEMBER_INTERIOR_01', 'ECBAIT_10_0002_JUNCTION_02', 'ECBAIT_1_0026_JUNCTION_01']
  HIT ERR4165403: 1 baits >= 0.7 ['ECBAIT_10_0057_MEMBER_INTERIOR_01']
  HIT ERR4165406: 3 baits >= 0.7 ['ECBAIT_0_0000_JUNCTION_02', 'ECBAIT_10_0057_MEMBER_INTERIOR_01', 'ECBAIT_10_0151_JUNCTION_03']
  HIT ERR4165416: 3 baits >= 0.7 ['ECBAIT_10_0002_MEMBER_INTERIOR_01', 'ECBAIT_10_0057_MEMBER_INTERIOR_01', 'ECBAIT_1_0004_JUNCTION_02']
  HIT ERR4165418: 2 baits >= 0.7 ['ECBAIT_10_0002_MEMBER_INTERIOR_01', 'ECBAIT_10_0057_MEMBER_INTERIOR_01']
  HIT ERR4165423: 4 baits >= 0.7 ['ECBAIT_10_0002_MEMBER_INTERIOR_01', 'ECBAIT_10_0057_MEMBER_INTERIOR_01', 'ECBAIT_10_0151_MEMBER_INTERIOR_01', 'ECBAIT_10_0172_MEMBER_INTERIOR_01']
  HIT ERR4165426: 3 baits >= 0.7 ['ECBAIT_10_0002_JUNCTION_02', 'ECBAIT_10_0002_MEMBER_INTERIOR_01', 'ECBAIT_10_0057_MEMBER_INTERIOR_01']
  HIT ERR4165427: 3 baits >= 0.7 ['ECBAIT_0_0000_JUNCTION_02', 'ECBAIT_10_0057_MEMBER_INTERIOR_01', 'ECBAIT_10_0151_JUNCTION_03']
  HIT ERR4165429: 2 baits >= 0.7 ['ECBAIT_10_0057_MEMBER_INTERIOR_01', 'ECBAIT_HOST_CONTROL_01']
  HIT ERR4165431: 3 baits >= 0.7 ['ECBAIT_0_0000_JUNCTION_02', 'ECBAIT_0_0052_INTERIOR_MODULE_01', 'ECBAIT_10_0057_MEMBER_INTERIOR_01']
  HIT ERR4165432: 1 baits >= 0.7 ['ECBAIT_10_0057_MEMBER_INTERIOR_01']
  HIT ERR4165435: 4 baits >= 0.7 ['ECBAIT_10_0002_JUNCTION_01', 'ECBAIT_10_0002_JUNCTION_02', 'ECBAIT_10_0002_MEMBER_INTERIOR_01', 'ECBAIT_10_0057_MEMBER_INTERIOR_01']
  HIT ERR4165438: 1 baits >= 0.7 ['ECBAIT_10_0057_MEMBER_INTERIOR_01']
  HIT ERR4165436: 3 baits >= 0.7 ['ECBAIT_0_0046_MEMBER_INTERIOR_01', 'ECBAIT_10_0057_MEMBER_INTERIOR_01', 'ECBAIT_1_0022_JUNCTION_03']
  HIT ERR4165444: 2 baits >= 0.7 ['ECBAIT_0_0046_MEMBER_INTERIOR_01', 'ECBAIT_1_0022_JUNCTION_03']
  HIT ERR4165445: 2 baits >= 0.7 ['ECBAIT_10_0002_MEMBER_INTERIOR_01', 'ECBAIT_10_0057_MEMBER_INTERIOR_01']
  HIT ERR4165447: 3 baits >= 0.7 ['ECBAIT_0_0000_JUNCTION_02', 'ECBAIT_0_0000_MEMBER_INTERIOR_01', 'ECBAIT_10_0057_MEMBER_INTERIOR_01']
  HIT ERR4165449: 6 baits >= 0.7 ['ECBAIT_0_0000_MEMBER_INTERIOR_01', 'ECBAIT_0_0054_MEMBER_INTERIOR_01', 'ECBAIT_10_0002_JUNCTION_02', 'ECBAIT_10_0172_MEMBER_INTERIOR_01']
  HIT ERR4165451: 2 baits >= 0.7 ['ECBAIT_10_0002_MEMBER_INTERIOR_01', 'ECBAIT_10_0057_MEMBER_INTERIOR_01']
  HIT ERR4165453: 5 baits >= 0.7 ['ECBAIT_0_0046_MEMBER_INTERIOR_01', 'ECBAIT_10_0057_MEMBER_INTERIOR_01', 'ECBAIT_10_0172_MEMBER_INTERIOR_01', 'ECBAIT_1_0004_JUNCTION_02']
  HIT ERR4165456: 3 baits >= 0.7 ['ECBAIT_10_0002_MEMBER_INTERIOR_01', 'ECBAIT_10_0057_MEMBER_INTERIOR_01', 'ECBAIT_HOST_CONTROL_01']
  8300/11975 processed (799 screened, 766 hit-accessions) 483s budget=1.4GB
  HIT ERR4165454: 1 baits >= 0.7 ['ECBAIT_10_0172_MEMBER_INTERIOR_01']
  HIT ERR4165458: 1 baits >= 0.7 ['ECBAIT_HOST_CONTROL_01']
  HIT ERR4165460: 3 baits >= 0.7 ['ECBAIT_0_0000_JUNCTION_02', 'ECBAIT_0_0000_MEMBER_INTERIOR_01', 'ECBAIT_10_0057_MEMBER_INTERIOR_01']
  HIT ERR4165463: 2 baits >= 0.7 ['ECBAIT_10_0057_MEMBER_INTERIOR_01', 'ECBAIT_10_0172_MEMBER_INTERIOR_01']
  HIT ERR4165465: 2 baits >= 0.7 ['ECBAIT_10_0002_MEMBER_INTERIOR_01', 'ECBAIT_10_0057_MEMBER_INTERIOR_01']
  HIT ERR4165461: 4 baits >= 0.7 ['ECBAIT_0_0054_MEMBER_INTERIOR_01', 'ECBAIT_10_0057_MEMBER_INTERIOR_01', 'ECBAIT_10_0172_MEMBER_INTERIOR_01', 'ECBAIT_HOST_CONTROL_01']
  HIT ERR4165466: 4 baits >= 0.7 ['ECBAIT_0_0000_JUNCTION_02', 'ECBAIT_0_0000_MEMBER_INTERIOR_01', 'ECBAIT_10_0057_MEMBER_INTERIOR_01', 'ECBAIT_10_0151_MEMBER_INTERIOR_01']
  HIT ERR4165468: 2 baits >= 0.7 ['ECBAIT_10_0057_MEMBER_INTERIOR_01', 'ECBAIT_HOST_CONTROL_01']
  HIT ERR4165469: 1 baits >= 0.7 ['ECBAIT_1_0004_MEMBER_INTERIOR_01']
  HIT ERR4165471: 6 baits >= 0.7 ['ECBAIT_0_0000_MEMBER_INTERIOR_01', 'ECBAIT_0_0054_MEMBER_INTERIOR_01', 'ECBAIT_10_0002_JUNCTION_02', 'ECBAIT_10_0172_MEMBER_INTERIOR_01']
  HIT ERR4165515: 3 baits >= 0.7 ['ECBAIT_10_0057_MEMBER_INTERIOR_01', 'ECBAIT_10_0172_MEMBER_INTERIOR_01', 'ECBAIT_HOST_CONTROL_01']
  HIT ERR4165516: 2 baits >= 0.7 ['ECBAIT_10_0002_MEMBER_INTERIOR_01', 'ECBAIT_10_0057_MEMBER_INTERIOR_01']
  HIT ERR4165518: 1 baits >= 0.7 ['ECBAIT_10_0172_MEMBER_INTERIOR_01']
  HIT ERR4165520: 1 baits >= 0.7 ['ECBAIT_10_0002_MEMBER_INTERIOR_01']
  HIT ERR4165521: 3 baits >= 0.7 ['ECBAIT_10_0057_MEMBER_INTERIOR_01', 'ECBAIT_10_0172_MEMBER_INTERIOR_01', 'ECBAIT_HOST_CONTROL_01']
  HIT ERR4165523: 3 baits >= 0.7 ['ECBAIT_0_0000_JUNCTION_02', 'ECBAIT_0_0000_MEMBER_INTERIOR_01', 'ECBAIT_10_0057_MEMBER_INTERIOR_01']
  HIT ERR4165525: 2 baits >= 0.7 ['ECBAIT_0_0052_JUNCTION_01', 'ECBAIT_10_0057_MEMBER_INTERIOR_01']
  HIT ERR4165527: 2 baits >= 0.7 ['ECBAIT_10_0002_MEMBER_INTERIOR_01', 'ECBAIT_10_0057_MEMBER_INTERIOR_01']
  HIT ERR4165528: 2 baits >= 0.7 ['ECBAIT_10_0002_MEMBER_INTERIOR_01', 'ECBAIT_10_0057_MEMBER_INTERIOR_01']
  HIT ERR4165529: 3 baits >= 0.7 ['ECBAIT_0_0000_JUNCTION_02', 'ECBAIT_0_0000_MEMBER_INTERIOR_01', 'ECBAIT_10_0057_MEMBER_INTERIOR_01']
  HIT ERR4165533: 2 baits >= 0.7 ['ECBAIT_10_0002_JUNCTION_01', 'ECBAIT_10_0002_MEMBER_INTERIOR_01']
  HIT ERR4165589: 3 baits >= 0.7 ['ECBAIT_0_0000_JUNCTION_02', 'ECBAIT_0_0000_MEMBER_INTERIOR_01', 'ECBAIT_10_0057_MEMBER_INTERIOR_01']
  HIT ERR4165592: 3 baits >= 0.7 ['ECBAIT_10_0002_MEMBER_INTERIOR_01', 'ECBAIT_10_0057_MEMBER_INTERIOR_01', 'ECBAIT_10_0172_MEMBER_INTERIOR_01']
  HIT ERR4165593: 4 baits >= 0.7 ['ECBAIT_10_0002_JUNCTION_01', 'ECBAIT_10_0002_JUNCTION_02', 'ECBAIT_10_0002_MEMBER_INTERIOR_01', 'ECBAIT_10_0057_MEMBER_INTERIOR_01']
  HIT ERR4165594: 2 baits >= 0.7 ['ECBAIT_10_0057_MEMBER_INTERIOR_01', 'ECBAIT_10_0151_MEMBER_INTERIOR_01']
  HIT ERR4165597: 1 baits >= 0.7 ['ECBAIT_10_0057_MEMBER_INTERIOR_01']
  HIT ERR4165598: 3 baits >= 0.7 ['ECBAIT_10_0002_MEMBER_INTERIOR_01', 'ECBAIT_10_0057_MEMBER_INTERIOR_01', 'ECBAIT_1_0004_JUNCTION_01']
  HIT ERR4165599: 2 baits >= 0.7 ['ECBAIT_10_0057_MEMBER_INTERIOR_01', 'ECBAIT_10_0172_MEMBER_INTERIOR_01']
  HIT ERR4165604: 3 baits >= 0.7 ['ECBAIT_0_0054_MEMBER_INTERIOR_01', 'ECBAIT_10_0057_MEMBER_INTERIOR_01', 'ECBAIT_10_0172_MEMBER_INTERIOR_01']
  HIT ERR4165608: 1 baits >= 0.7 ['ECBAIT_10_0172_MEMBER_INTERIOR_01']
  HIT ERR4165611: 4 baits >= 0.7 ['ECBAIT_10_0002_JUNCTION_01', 'ECBAIT_10_0002_JUNCTION_02', 'ECBAIT_10_0002_MEMBER_INTERIOR_01', 'ECBAIT_10_0057_MEMBER_INTERIOR_01']
  HIT ERR4165613: 1 baits >= 0.7 ['ECBAIT_10_0057_MEMBER_INTERIOR_01']
  HIT ERR4172312: 3 baits >= 0.7 ['ECBAIT_0_0000_JUNCTION_02', 'ECBAIT_10_0057_MEMBER_INTERIOR_01', 'ECBAIT_10_0151_JUNCTION_03']
  HIT ERR4172313: 2 baits >= 0.7 ['ECBAIT_10_0057_MEMBER_INTERIOR_01', 'ECBAIT_10_0172_MEMBER_INTERIOR_01']
  HIT ERR4172316: 1 baits >= 0.7 ['ECBAIT_10_0057_MEMBER_INTERIOR_01']
  HIT ERR4172314: 2 baits >= 0.7 ['ECBAIT_10_0151_MEMBER_INTERIOR_01', 'ECBAIT_1_0004_JUNCTION_01']
  HIT ERR4172317: 4 baits >= 0.7 ['ECBAIT_0_0000_INTERIOR_MODULE_01', 'ECBAIT_0_0000_JUNCTION_02', 'ECBAIT_0_0000_MEMBER_INTERIOR_01', 'ECBAIT_10_0057_MEMBER_INTERIOR_01']
  HIT ERR4172318: 1 baits >= 0.7 ['ECBAIT_10_0057_MEMBER_INTERIOR_01']
  HIT ERR4172321: 1 baits >= 0.7 ['ECBAIT_10_0172_MEMBER_INTERIOR_01']
  HIT ERR4172320: 4 baits >= 0.7 ['ECBAIT_0_0054_MEMBER_INTERIOR_01', 'ECBAIT_10_0057_MEMBER_INTERIOR_01', 'ECBAIT_10_0172_MEMBER_INTERIOR_01', 'ECBAIT_HOST_CONTROL_01']
  HIT ERR4172323: 5 baits >= 0.7 ['ECBAIT_0_0014_MEMBER_INTERIOR_01', 'ECBAIT_10_0172_MEMBER_INTERIOR_01', 'ECBAIT_1_0026_JUNCTION_01', 'ECBAIT_1_0026_MEMBER_INTERIOR_01']
  HIT ERR4172324: 2 baits >= 0.7 ['ECBAIT_10_0172_MEMBER_INTERIOR_01', 'ECBAIT_HOST_CONTROL_01']
  HIT ERR4172326: 4 baits >= 0.7 ['ECBAIT_0_0046_MEMBER_INTERIOR_01', 'ECBAIT_10_0151_MEMBER_INTERIOR_01', 'ECBAIT_1_0004_JUNCTION_02', 'ECBAIT_HOST_CONTROL_02']
  HIT ERR4172325: 3 baits >= 0.7 ['ECBAIT_0_0000_JUNCTION_02', 'ECBAIT_10_0057_MEMBER_INTERIOR_01', 'ECBAIT_10_0151_JUNCTION_03']
  HIT ERR4172328: 1 baits >= 0.7 ['ECBAIT_10_0038_MEMBER_INTERIOR_01']
  8350/11975 processed (846 screened, 811 hit-accessions) 498s budget=1.4GB
  HIT ERR4172330: 1 baits >= 0.7 ['ECBAIT_10_0057_MEMBER_INTERIOR_01']
  HIT ERR4172331: 2 baits >= 0.7 ['ECBAIT_10_0002_MEMBER_INTERIOR_01', 'ECBAIT_10_0057_MEMBER_INTERIOR_01']
  HIT ERR4172332: 3 baits >= 0.7 ['ECBAIT_10_0002_JUNCTION_01', 'ECBAIT_10_0002_JUNCTION_02', 'ECBAIT_10_0057_MEMBER_INTERIOR_01']
  HIT ERR4172329: 3 baits >= 0.7 ['ECBAIT_0_0046_MEMBER_INTERIOR_01', 'ECBAIT_10_0151_MEMBER_INTERIOR_01', 'ECBAIT_10_0172_MEMBER_INTERIOR_01']
  HIT ERR4181795: 4 baits >= 0.7 ['ECBAIT_10_0002_JUNCTION_01', 'ECBAIT_10_0002_JUNCTION_02', 'ECBAIT_10_0057_MEMBER_INTERIOR_01', 'ECBAIT_HOST_CONTROL_01']
  HIT ERR4172333: 2 baits >= 0.7 ['ECBAIT_10_0057_MEMBER_INTERIOR_01', 'ECBAIT_10_0172_MEMBER_INTERIOR_01']
  HIT ERR4181797: 3 baits >= 0.7 ['ECBAIT_0_0000_MEMBER_INTERIOR_01', 'ECBAIT_10_0057_MEMBER_INTERIOR_01', 'ECBAIT_HOST_CONTROL_02']
  HIT ERR4181796: 5 baits >= 0.7 ['ECBAIT_0_0000_INTERIOR_MODULE_01', 'ECBAIT_0_0000_JUNCTION_02', 'ECBAIT_0_0000_MEMBER_INTERIOR_01', 'ECBAIT_10_0057_MEMBER_INTERIOR_01']
  HIT ERR4181798: 1 baits >= 0.7 ['ECBAIT_1_0004_JUNCTION_02']
  HIT ERR4181799: 2 baits >= 0.7 ['ECBAIT_10_0057_MEMBER_INTERIOR_01', 'ECBAIT_HOST_CONTROL_01']
  HIT ERR4181801: 5 baits >= 0.7 ['ECBAIT_0_0000_INTERIOR_MODULE_01', 'ECBAIT_0_0000_JUNCTION_02', 'ECBAIT_0_0000_MEMBER_INTERIOR_01', 'ECBAIT_10_0057_MEMBER_INTERIOR_01']
  HIT ERR4181800: 3 baits >= 0.7 ['ECBAIT_0_0071_INTERIOR_MODULE_01', 'ECBAIT_10_0002_JUNCTION_01', 'ECBAIT_1_0004_JUNCTION_01']
  HIT ERR4181803: 5 baits >= 0.7 ['ECBAIT_10_0002_JUNCTION_01', 'ECBAIT_10_0002_JUNCTION_02', 'ECBAIT_10_0002_MEMBER_INTERIOR_01', 'ECBAIT_10_0057_MEMBER_INTERIOR_01']
  HIT ERR4181802: 3 baits >= 0.7 ['ECBAIT_10_0002_MEMBER_INTERIOR_01', 'ECBAIT_10_0057_MEMBER_INTERIOR_01', 'ECBAIT_10_0172_MEMBER_INTERIOR_01']
  HIT ERR4181805: 2 baits >= 0.7 ['ECBAIT_10_0057_MEMBER_INTERIOR_01', 'ECBAIT_10_0172_MEMBER_INTERIOR_01']
  HIT ERR4181808: 1 baits >= 0.7 ['ECBAIT_10_0057_MEMBER_INTERIOR_01']
  HIT ERR4181807: 2 baits >= 0.7 ['ECBAIT_10_0057_MEMBER_INTERIOR_01', 'ECBAIT_10_0172_MEMBER_INTERIOR_01']
  HIT ERR4181806: 5 baits >= 0.7 ['ECBAIT_0_0000_MEMBER_INTERIOR_01', 'ECBAIT_0_0054_MEMBER_INTERIOR_01', 'ECBAIT_10_0002_JUNCTION_02', 'ECBAIT_1_0026_JUNCTION_01']
  HIT ERR4181809: 3 baits >= 0.7 ['ECBAIT_10_0002_MEMBER_INTERIOR_01', 'ECBAIT_10_0057_MEMBER_INTERIOR_01', 'ECBAIT_HOST_CONTROL_01']
  HIT ERR4181810: 2 baits >= 0.7 ['ECBAIT_1_0004_JUNCTION_02', 'ECBAIT_1_0026_JUNCTION_01']
  HIT ERR4181811: 2 baits >= 0.7 ['ECBAIT_10_0002_JUNCTION_01', 'ECBAIT_HOST_CONTROL_01']
  HIT ERR4181812: 4 baits >= 0.7 ['ECBAIT_10_0002_MEMBER_INTERIOR_01', 'ECBAIT_10_0057_MEMBER_INTERIOR_01', 'ECBAIT_1_0004_JUNCTION_02', 'ECBAIT_HOST_CONTROL_01']
  HIT ERR4181813: 6 baits >= 0.7 ['ECBAIT_0_0000_MEMBER_INTERIOR_01', 'ECBAIT_0_0054_MEMBER_INTERIOR_01', 'ECBAIT_10_0002_JUNCTION_02', 'ECBAIT_10_0172_MEMBER_INTERIOR_01']
  HIT ERR4181814: 1 baits >= 0.7 ['ECBAIT_HOST_CONTROL_01']
  HIT ERR4181815: 1 baits >= 0.7 ['ECBAIT_10_0057_MEMBER_INTERIOR_01']
  HIT ERR4181816: 4 baits >= 0.7 ['ECBAIT_10_0002_MEMBER_INTERIOR_01', 'ECBAIT_10_0057_MEMBER_INTERIOR_01', 'ECBAIT_10_0151_MEMBER_INTERIOR_01', 'ECBAIT_10_0172_MEMBER_INTERIOR_01']
  HIT ERR4181818: 2 baits >= 0.7 ['ECBAIT_10_0002_MEMBER_INTERIOR_01', 'ECBAIT_10_0057_MEMBER_INTERIOR_01']
  HIT ERR4181819: 2 baits >= 0.7 ['ECBAIT_1_0026_JUNCTION_01', 'ECBAIT_HOST_CONTROL_01']
  HIT ERR4230443: 1 baits >= 0.7 ['ECBAIT_10_0057_MEMBER_INTERIOR_01']
  HIT ERR5037225: 2 baits >= 0.7 ['ECBAIT_10_0057_MEMBER_INTERIOR_01', 'ECBAIT_HOST_CONTROL_02']
  HIT ERR5037226: 2 baits >= 0.7 ['ECBAIT_10_0057_MEMBER_INTERIOR_01', 'ECBAIT_HOST_CONTROL_02']
  HIT ERR5037227: 2 baits >= 0.7 ['ECBAIT_10_0002_MEMBER_INTERIOR_01', 'ECBAIT_10_0057_MEMBER_INTERIOR_01']
  HIT ERR5037229: 3 baits >= 0.7 ['ECBAIT_10_0002_MEMBER_INTERIOR_01', 'ECBAIT_10_0057_MEMBER_INTERIOR_01', 'ECBAIT_10_0172_MEMBER_INTERIOR_01']
  HIT ERR5037228: 3 baits >= 0.7 ['ECBAIT_10_0002_MEMBER_INTERIOR_01', 'ECBAIT_10_0057_MEMBER_INTERIOR_01', 'ECBAIT_10_0172_MEMBER_INTERIOR_01']
  HIT ERR5037231: 3 baits >= 0.7 ['ECBAIT_10_0002_MEMBER_INTERIOR_01', 'ECBAIT_10_0057_MEMBER_INTERIOR_01', 'ECBAIT_10_0172_MEMBER_INTERIOR_01']
  HIT ERR5037230: 2 baits >= 0.7 ['ECBAIT_10_0002_MEMBER_INTERIOR_01', 'ECBAIT_10_0057_MEMBER_INTERIOR_01']
  HIT ERR5037233: 3 baits >= 0.7 ['ECBAIT_10_0002_MEMBER_INTERIOR_01', 'ECBAIT_10_0057_MEMBER_INTERIOR_01', 'ECBAIT_10_0172_MEMBER_INTERIOR_01']
  HIT ERR5037232: 2 baits >= 0.7 ['ECBAIT_10_0002_MEMBER_INTERIOR_01', 'ECBAIT_10_0057_MEMBER_INTERIOR_01']
  HIT ERR5037235: 1 baits >= 0.7 ['ECBAIT_10_0057_MEMBER_INTERIOR_01']
  HIT ERR5037234: 3 baits >= 0.7 ['ECBAIT_0_0052_JUNCTION_01', 'ECBAIT_0_0052_JUNCTION_03', 'ECBAIT_10_0057_MEMBER_INTERIOR_01']
  HIT ERR5037236: 1 baits >= 0.7 ['ECBAIT_10_0057_MEMBER_INTERIOR_01']
  HIT ERR5037237: 3 baits >= 0.7 ['ECBAIT_10_0002_MEMBER_INTERIOR_01', 'ECBAIT_10_0057_MEMBER_INTERIOR_01', 'ECBAIT_10_0172_MEMBER_INTERIOR_01']
  HIT ERR5037239: 2 baits >= 0.7 ['ECBAIT_10_0002_MEMBER_INTERIOR_01', 'ECBAIT_10_0057_MEMBER_INTERIOR_01']
  HIT ERR5037238: 3 baits >= 0.7 ['ECBAIT_10_0002_MEMBER_INTERIOR_01', 'ECBAIT_10_0057_MEMBER_INTERIOR_01', 'ECBAIT_10_0172_MEMBER_INTERIOR_01']
  HIT ERR5037240: 2 baits >= 0.7 ['ECBAIT_10_0002_MEMBER_INTERIOR_01', 'ECBAIT_10_0057_MEMBER_INTERIOR_01']
  HIT ERR5037241: 4 baits >= 0.7 ['ECBAIT_10_0002_JUNCTION_01', 'ECBAIT_10_0002_JUNCTION_02', 'ECBAIT_10_0002_MEMBER_INTERIOR_01', 'ECBAIT_10_0057_MEMBER_INTERIOR_01']
  HIT ERR5037242: 1 baits >= 0.7 ['ECBAIT_10_0002_MEMBER_INTERIOR_01']
  8400/11975 processed (895 screened, 858 hit-accessions) 514s budget=1.5GB
  HIT ERR5037244: 2 baits >= 0.7 ['ECBAIT_10_0002_MEMBER_INTERIOR_01', 'ECBAIT_10_0057_MEMBER_INTERIOR_01']
  HIT ERR5037243: 3 baits >= 0.7 ['ECBAIT_10_0002_MEMBER_INTERIOR_01', 'ECBAIT_10_0057_MEMBER_INTERIOR_01', 'ECBAIT_10_0172_MEMBER_INTERIOR_01']
  HIT ERR5037246: 3 baits >= 0.7 ['ECBAIT_10_0002_MEMBER_INTERIOR_01', 'ECBAIT_10_0057_MEMBER_INTERIOR_01', 'ECBAIT_10_0172_MEMBER_INTERIOR_01']
  HIT ERR5037247: 2 baits >= 0.7 ['ECBAIT_10_0002_MEMBER_INTERIOR_01', 'ECBAIT_10_0057_MEMBER_INTERIOR_01']
  HIT ERR5037248: 5 baits >= 0.7 ['ECBAIT_0_0046_JUNCTION_01', 'ECBAIT_0_0046_MEMBER_INTERIOR_01', 'ECBAIT_10_0002_MEMBER_INTERIOR_01', 'ECBAIT_10_0057_MEMBER_INTERIOR_01']
  HIT ERR5037249: 2 baits >= 0.7 ['ECBAIT_10_0002_MEMBER_INTERIOR_01', 'ECBAIT_10_0057_MEMBER_INTERIOR_01']
  HIT ERR5037250: 2 baits >= 0.7 ['ECBAIT_10_0002_MEMBER_INTERIOR_01', 'ECBAIT_10_0057_MEMBER_INTERIOR_01']
  HIT ERR5037251: 3 baits >= 0.7 ['ECBAIT_10_0002_MEMBER_INTERIOR_01', 'ECBAIT_10_0057_MEMBER_INTERIOR_01', 'ECBAIT_10_0172_MEMBER_INTERIOR_01']
  HIT ERR5037252: 3 baits >= 0.7 ['ECBAIT_10_0002_MEMBER_INTERIOR_01', 'ECBAIT_10_0057_MEMBER_INTERIOR_01', 'ECBAIT_10_0172_MEMBER_INTERIOR_01']
  HIT ERR5037253: 3 baits >= 0.7 ['ECBAIT_10_0002_MEMBER_INTERIOR_01', 'ECBAIT_10_0057_MEMBER_INTERIOR_01', 'ECBAIT_10_0172_MEMBER_INTERIOR_01']
  HIT ERR5037254: 3 baits >= 0.7 ['ECBAIT_10_0002_MEMBER_INTERIOR_01', 'ECBAIT_10_0057_MEMBER_INTERIOR_01', 'ECBAIT_10_0172_MEMBER_INTERIOR_01']
  HIT ERR5037255: 3 baits >= 0.7 ['ECBAIT_10_0002_MEMBER_INTERIOR_01', 'ECBAIT_10_0057_MEMBER_INTERIOR_01', 'ECBAIT_10_0172_MEMBER_INTERIOR_01']
  HIT ERR5037256: 2 baits >= 0.7 ['ECBAIT_10_0002_MEMBER_INTERIOR_01', 'ECBAIT_10_0057_MEMBER_INTERIOR_01']
  HIT ERR5037257: 2 baits >= 0.7 ['ECBAIT_10_0002_MEMBER_INTERIOR_01', 'ECBAIT_10_0057_MEMBER_INTERIOR_01']
  HIT ERR5037258: 3 baits >= 0.7 ['ECBAIT_10_0002_MEMBER_INTERIOR_01', 'ECBAIT_10_0057_MEMBER_INTERIOR_01', 'ECBAIT_10_0172_MEMBER_INTERIOR_01']
  HIT ERR5037259: 4 baits >= 0.7 ['ECBAIT_10_0002_JUNCTION_01', 'ECBAIT_10_0002_MEMBER_INTERIOR_01', 'ECBAIT_10_0057_MEMBER_INTERIOR_01', 'ECBAIT_10_0172_MEMBER_INTERIOR_01']
  HIT ERR5037260: 2 baits >= 0.7 ['ECBAIT_10_0002_MEMBER_INTERIOR_01', 'ECBAIT_10_0057_MEMBER_INTERIOR_01']
  HIT ERR5037261: 2 baits >= 0.7 ['ECBAIT_10_0057_MEMBER_INTERIOR_01', 'ECBAIT_10_0172_MEMBER_INTERIOR_01']
  HIT ERR5037262: 3 baits >= 0.7 ['ECBAIT_10_0002_MEMBER_INTERIOR_01', 'ECBAIT_10_0057_MEMBER_INTERIOR_01', 'ECBAIT_10_0172_MEMBER_INTERIOR_01']
  HIT ERR5037263: 2 baits >= 0.7 ['ECBAIT_10_0002_MEMBER_INTERIOR_01', 'ECBAIT_10_0057_MEMBER_INTERIOR_01']
  HIT ERR5037264: 2 baits >= 0.7 ['ECBAIT_10_0057_MEMBER_INTERIOR_01', 'ECBAIT_HOST_CONTROL_02']
  HIT ERR5037265: 2 baits >= 0.7 ['ECBAIT_10_0057_MEMBER_INTERIOR_01', 'ECBAIT_HOST_CONTROL_02']
  HIT ERR5037266: 3 baits >= 0.7 ['ECBAIT_10_0002_JUNCTION_01', 'ECBAIT_10_0002_JUNCTION_02', 'ECBAIT_10_0057_MEMBER_INTERIOR_01']
  HIT ERR5037267: 2 baits >= 0.7 ['ECBAIT_10_0002_MEMBER_INTERIOR_01', 'ECBAIT_10_0057_MEMBER_INTERIOR_01']
  HIT ERR5037268: 2 baits >= 0.7 ['ECBAIT_10_0002_JUNCTION_01', 'ECBAIT_10_0002_MEMBER_INTERIOR_01']
  HIT ERR5037269: 2 baits >= 0.7 ['ECBAIT_10_0057_MEMBER_INTERIOR_01', 'ECBAIT_HOST_CONTROL_02']
  HIT ERR5037270: 4 baits >= 0.7 ['ECBAIT_10_0002_JUNCTION_01', 'ECBAIT_10_0002_JUNCTION_02', 'ECBAIT_10_0002_MEMBER_INTERIOR_01', 'ECBAIT_10_0057_MEMBER_INTERIOR_01']
  HIT ERR5037273: 2 baits >= 0.7 ['ECBAIT_10_0002_MEMBER_INTERIOR_01', 'ECBAIT_10_0057_MEMBER_INTERIOR_01']
  HIT ERR5037271: 3 baits >= 0.7 ['ECBAIT_10_0002_JUNCTION_01', 'ECBAIT_10_0002_JUNCTION_02', 'ECBAIT_10_0057_MEMBER_INTERIOR_01']
  HIT ERR5037272: 2 baits >= 0.7 ['ECBAIT_10_0002_MEMBER_INTERIOR_01', 'ECBAIT_10_0057_MEMBER_INTERIOR_01']
  HIT ERR5037274: 3 baits >= 0.7 ['ECBAIT_10_0002_JUNCTION_01', 'ECBAIT_10_0002_MEMBER_INTERIOR_01', 'ECBAIT_10_0057_MEMBER_INTERIOR_01']
  HIT ERR5037277: 3 baits >= 0.7 ['ECBAIT_10_0002_MEMBER_INTERIOR_01', 'ECBAIT_10_0057_MEMBER_INTERIOR_01', 'ECBAIT_10_0172_MEMBER_INTERIOR_01']
  HIT ERR5037275: 4 baits >= 0.7 ['ECBAIT_10_0002_JUNCTION_01', 'ECBAIT_10_0002_MEMBER_INTERIOR_01', 'ECBAIT_10_0057_MEMBER_INTERIOR_01', 'ECBAIT_10_0172_MEMBER_INTERIOR_01']
  HIT ERR5037278: 2 baits >= 0.7 ['ECBAIT_10_0002_MEMBER_INTERIOR_01', 'ECBAIT_10_0057_MEMBER_INTERIOR_01']
  HIT ERR5037276: 1 baits >= 0.7 ['ECBAIT_10_0057_MEMBER_INTERIOR_01']
  HIT ERR5037280: 2 baits >= 0.7 ['ECBAIT_10_0002_MEMBER_INTERIOR_01', 'ECBAIT_10_0057_MEMBER_INTERIOR_01']
  HIT ERR5037279: 2 baits >= 0.7 ['ECBAIT_10_0002_MEMBER_INTERIOR_01', 'ECBAIT_10_0057_MEMBER_INTERIOR_01']
  HIT ERR5037282: 2 baits >= 0.7 ['ECBAIT_10_0002_MEMBER_INTERIOR_01', 'ECBAIT_10_0057_MEMBER_INTERIOR_01']
  HIT ERR5037281: 3 baits >= 0.7 ['ECBAIT_10_0002_MEMBER_INTERIOR_01', 'ECBAIT_10_0057_MEMBER_INTERIOR_01', 'ECBAIT_10_0172_MEMBER_INTERIOR_01']
  HIT ERR5037284: 2 baits >= 0.7 ['ECBAIT_10_0057_MEMBER_INTERIOR_01', 'ECBAIT_HOST_CONTROL_02']
  HIT ERR5037286: 2 baits >= 0.7 ['ECBAIT_10_0057_MEMBER_INTERIOR_01', 'ECBAIT_HOST_CONTROL_02']
  HIT ERR5037285: 2 baits >= 0.7 ['ECBAIT_10_0002_MEMBER_INTERIOR_01', 'ECBAIT_10_0057_MEMBER_INTERIOR_01']
  HIT ERR5037283: 1 baits >= 0.7 ['ECBAIT_10_0057_MEMBER_INTERIOR_01']
  HIT ERR5037287: 2 baits >= 0.7 ['ECBAIT_10_0057_MEMBER_INTERIOR_01', 'ECBAIT_10_0172_MEMBER_INTERIOR_01']
  HIT ERR5037288: 4 baits >= 0.7 ['ECBAIT_10_0002_JUNCTION_01', 'ECBAIT_10_0002_JUNCTION_02', 'ECBAIT_10_0002_MEMBER_INTERIOR_01', 'ECBAIT_10_0057_MEMBER_INTERIOR_01']
  HIT ERR5037289: 1 baits >= 0.7 ['ECBAIT_10_0057_MEMBER_INTERIOR_01']
  HIT ERR5037290: 2 baits >= 0.7 ['ECBAIT_10_0002_MEMBER_INTERIOR_01', 'ECBAIT_10_0057_MEMBER_INTERIOR_01']
  HIT ERR5037293: 2 baits >= 0.7 ['ECBAIT_10_0002_MEMBER_INTERIOR_01', 'ECBAIT_10_0057_MEMBER_INTERIOR_01']
  HIT ERR5037292: 4 baits >= 0.7 ['ECBAIT_10_0002_JUNCTION_01', 'ECBAIT_10_0002_JUNCTION_02', 'ECBAIT_10_0002_MEMBER_INTERIOR_01', 'ECBAIT_10_0057_MEMBER_INTERIOR_01']
  HIT ERR5037291: 4 baits >= 0.7 ['ECBAIT_10_0002_JUNCTION_01', 'ECBAIT_10_0002_JUNCTION_02', 'ECBAIT_10_0002_MEMBER_INTERIOR_01', 'ECBAIT_10_0057_MEMBER_INTERIOR_01']
  8450/11975 processed (945 screened, 908 hit-accessions) 530s budget=1.6GB
  HIT ERR5037294: 2 baits >= 0.7 ['ECBAIT_10_0002_JUNCTION_01', 'ECBAIT_10_0057_MEMBER_INTERIOR_01']
  HIT ERR5037295: 2 baits >= 0.7 ['ECBAIT_10_0002_MEMBER_INTERIOR_01', 'ECBAIT_10_0057_MEMBER_INTERIOR_01']
  HIT ERR5037296: 2 baits >= 0.7 ['ECBAIT_10_0002_MEMBER_INTERIOR_01', 'ECBAIT_10_0057_MEMBER_INTERIOR_01']
  HIT ERR5037298: 3 baits >= 0.7 ['ECBAIT_10_0002_JUNCTION_01', 'ECBAIT_10_0002_JUNCTION_02', 'ECBAIT_10_0057_MEMBER_INTERIOR_01']
  HIT ERR5037297: 3 baits >= 0.7 ['ECBAIT_10_0002_JUNCTION_01', 'ECBAIT_10_0002_MEMBER_INTERIOR_01', 'ECBAIT_10_0057_MEMBER_INTERIOR_01']
  HIT ERR5037299: 1 baits >= 0.7 ['ECBAIT_10_0057_MEMBER_INTERIOR_01']
  HIT ERR5037300: 2 baits >= 0.7 ['ECBAIT_10_0002_MEMBER_INTERIOR_01', 'ECBAIT_10_0057_MEMBER_INTERIOR_01']
  HIT ERR5037301: 4 baits >= 0.7 ['ECBAIT_10_0002_JUNCTION_01', 'ECBAIT_10_0002_JUNCTION_02', 'ECBAIT_10_0002_MEMBER_INTERIOR_01', 'ECBAIT_10_0057_MEMBER_INTERIOR_01']
  HIT ERR5037303: 3 baits >= 0.7 ['ECBAIT_10_0002_MEMBER_INTERIOR_01', 'ECBAIT_10_0057_MEMBER_INTERIOR_01', 'ECBAIT_10_0172_MEMBER_INTERIOR_01']
  HIT ERR5037304: 5 baits >= 0.7 ['ECBAIT_10_0002_JUNCTION_01', 'ECBAIT_10_0002_JUNCTION_02', 'ECBAIT_10_0002_MEMBER_INTERIOR_01', 'ECBAIT_10_0057_MEMBER_INTERIOR_01']
  HIT ERR5037305: 3 baits >= 0.7 ['ECBAIT_10_0002_MEMBER_INTERIOR_01', 'ECBAIT_10_0057_MEMBER_INTERIOR_01', 'ECBAIT_10_0172_MEMBER_INTERIOR_01']
  HIT ERR5037306: 2 baits >= 0.7 ['ECBAIT_10_0002_MEMBER_INTERIOR_01', 'ECBAIT_10_0057_MEMBER_INTERIOR_01']
  HIT ERR5037307: 2 baits >= 0.7 ['ECBAIT_10_0002_MEMBER_INTERIOR_01', 'ECBAIT_10_0057_MEMBER_INTERIOR_01']
  HIT ERR5037309: 2 baits >= 0.7 ['ECBAIT_10_0002_MEMBER_INTERIOR_01', 'ECBAIT_10_0057_MEMBER_INTERIOR_01']
  HIT ERR5037308: 5 baits >= 0.7 ['ECBAIT_0_0000_JUNCTION_02', 'ECBAIT_10_0002_JUNCTION_01', 'ECBAIT_10_0002_JUNCTION_02', 'ECBAIT_10_0002_MEMBER_INTERIOR_01']
  HIT ERR5037310: 3 baits >= 0.7 ['ECBAIT_10_0002_JUNCTION_02', 'ECBAIT_10_0002_MEMBER_INTERIOR_01', 'ECBAIT_10_0057_MEMBER_INTERIOR_01']
  HIT ERR5037311: 3 baits >= 0.7 ['ECBAIT_10_0002_JUNCTION_02', 'ECBAIT_10_0002_MEMBER_INTERIOR_01', 'ECBAIT_10_0057_MEMBER_INTERIOR_01']
  HIT ERR5037312: 2 baits >= 0.7 ['ECBAIT_10_0002_MEMBER_INTERIOR_01', 'ECBAIT_10_0057_MEMBER_INTERIOR_01']
  HIT ERR5037313: 3 baits >= 0.7 ['ECBAIT_10_0002_MEMBER_INTERIOR_01', 'ECBAIT_10_0057_MEMBER_INTERIOR_01', 'ECBAIT_10_0172_MEMBER_INTERIOR_01']
  HIT ERR5037314: 4 baits >= 0.7 ['ECBAIT_10_0002_JUNCTION_01', 'ECBAIT_10_0002_JUNCTION_02', 'ECBAIT_10_0002_MEMBER_INTERIOR_01', 'ECBAIT_10_0057_MEMBER_INTERIOR_01']
  HIT ERR5037315: 1 baits >= 0.7 ['ECBAIT_10_0057_MEMBER_INTERIOR_01']
  HIT ERR5037316: 2 baits >= 0.7 ['ECBAIT_10_0002_MEMBER_INTERIOR_01', 'ECBAIT_10_0057_MEMBER_INTERIOR_01']
  HIT ERR5037317: 3 baits >= 0.7 ['ECBAIT_10_0002_MEMBER_INTERIOR_01', 'ECBAIT_10_0057_MEMBER_INTERIOR_01', 'ECBAIT_10_0172_MEMBER_INTERIOR_01']
  HIT ERR5037318: 1 baits >= 0.7 ['ECBAIT_10_0057_MEMBER_INTERIOR_01']
  HIT ERR5037319: 2 baits >= 0.7 ['ECBAIT_10_0002_MEMBER_INTERIOR_01', 'ECBAIT_10_0057_MEMBER_INTERIOR_01']
  HIT ERR5037320: 4 baits >= 0.7 ['ECBAIT_10_0002_JUNCTION_01', 'ECBAIT_10_0002_JUNCTION_02', 'ECBAIT_10_0002_MEMBER_INTERIOR_01', 'ECBAIT_10_0057_MEMBER_INTERIOR_01']
  HIT ERR5037322: 2 baits >= 0.7 ['ECBAIT_10_0002_MEMBER_INTERIOR_01', 'ECBAIT_10_0057_MEMBER_INTERIOR_01']
  HIT ERR5037321: 2 baits >= 0.7 ['ECBAIT_10_0002_MEMBER_INTERIOR_01', 'ECBAIT_10_0057_MEMBER_INTERIOR_01']
  HIT ERR5037323: 3 baits >= 0.7 ['ECBAIT_10_0002_JUNCTION_02', 'ECBAIT_10_0002_MEMBER_INTERIOR_01', 'ECBAIT_10_0057_MEMBER_INTERIOR_01']
  HIT ERR5037324: 2 baits >= 0.7 ['ECBAIT_10_0002_MEMBER_INTERIOR_01', 'ECBAIT_10_0057_MEMBER_INTERIOR_01']
  HIT ERR5037325: 3 baits >= 0.7 ['ECBAIT_10_0002_MEMBER_INTERIOR_01', 'ECBAIT_10_0057_MEMBER_INTERIOR_01', 'ECBAIT_10_0172_MEMBER_INTERIOR_01']
  HIT ERR5037326: 3 baits >= 0.7 ['ECBAIT_10_0002_MEMBER_INTERIOR_01', 'ECBAIT_10_0057_MEMBER_INTERIOR_01', 'ECBAIT_10_0172_MEMBER_INTERIOR_01']
  HIT ERR5037327: 1 baits >= 0.7 ['ECBAIT_10_0057_MEMBER_INTERIOR_01']
  HIT ERR5037328: 2 baits >= 0.7 ['ECBAIT_10_0002_MEMBER_INTERIOR_01', 'ECBAIT_10_0057_MEMBER_INTERIOR_01']
  HIT ERR5037329: 4 baits >= 0.7 ['ECBAIT_10_0002_JUNCTION_01', 'ECBAIT_10_0002_JUNCTION_02', 'ECBAIT_10_0002_MEMBER_INTERIOR_01', 'ECBAIT_10_0057_MEMBER_INTERIOR_01']
  HIT ERR5037330: 3 baits >= 0.7 ['ECBAIT_10_0002_MEMBER_INTERIOR_01', 'ECBAIT_10_0057_MEMBER_INTERIOR_01', 'ECBAIT_10_0172_MEMBER_INTERIOR_01']
  HIT ERR5037331: 4 baits >= 0.7 ['ECBAIT_10_0002_JUNCTION_01', 'ECBAIT_10_0002_JUNCTION_02', 'ECBAIT_10_0002_MEMBER_INTERIOR_01', 'ECBAIT_10_0057_MEMBER_INTERIOR_01']
  HIT ERR5037332: 2 baits >= 0.7 ['ECBAIT_10_0002_MEMBER_INTERIOR_01', 'ECBAIT_10_0057_MEMBER_INTERIOR_01']
  HIT ERR5037334: 4 baits >= 0.7 ['ECBAIT_10_0002_JUNCTION_01', 'ECBAIT_10_0002_JUNCTION_02', 'ECBAIT_10_0002_MEMBER_INTERIOR_01', 'ECBAIT_10_0057_MEMBER_INTERIOR_01']
  HIT ERR5037333: 3 baits >= 0.7 ['ECBAIT_10_0002_MEMBER_INTERIOR_01', 'ECBAIT_10_0057_MEMBER_INTERIOR_01', 'ECBAIT_10_0172_MEMBER_INTERIOR_01']
  HIT ERR5037335: 3 baits >= 0.7 ['ECBAIT_10_0002_MEMBER_INTERIOR_01', 'ECBAIT_10_0057_MEMBER_INTERIOR_01', 'ECBAIT_10_0172_MEMBER_INTERIOR_01']
  HIT ERR5037336: 2 baits >= 0.7 ['ECBAIT_10_0002_MEMBER_INTERIOR_01', 'ECBAIT_10_0057_MEMBER_INTERIOR_01']
  HIT ERR5037338: 2 baits >= 0.7 ['ECBAIT_10_0002_MEMBER_INTERIOR_01', 'ECBAIT_10_0057_MEMBER_INTERIOR_01']
  HIT ERR5037337: 3 baits >= 0.7 ['ECBAIT_10_0002_MEMBER_INTERIOR_01', 'ECBAIT_10_0057_MEMBER_INTERIOR_01', 'ECBAIT_10_0172_MEMBER_INTERIOR_01']
  HIT ERR5037339: 2 baits >= 0.7 ['ECBAIT_10_0002_MEMBER_INTERIOR_01', 'ECBAIT_10_0057_MEMBER_INTERIOR_01']
  HIT ERR5037340: 3 baits >= 0.7 ['ECBAIT_10_0002_JUNCTION_02', 'ECBAIT_10_0002_MEMBER_INTERIOR_01', 'ECBAIT_10_0057_MEMBER_INTERIOR_01']
  HIT ERR5037341: 2 baits >= 0.7 ['ECBAIT_10_0002_MEMBER_INTERIOR_01', 'ECBAIT_10_0057_MEMBER_INTERIOR_01']
  HIT ERR5037342: 2 baits >= 0.7 ['ECBAIT_10_0002_MEMBER_INTERIOR_01', 'ECBAIT_10_0057_MEMBER_INTERIOR_01']
  HIT ERR5037343: 4 baits >= 0.7 ['ECBAIT_10_0002_JUNCTION_01', 'ECBAIT_10_0002_JUNCTION_02', 'ECBAIT_10_0002_MEMBER_INTERIOR_01', 'ECBAIT_10_0057_MEMBER_INTERIOR_01']
  8500/11975 processed (994 screened, 957 hit-accessions) 546s budget=1.6GB
  HIT ERR5037344: 1 baits >= 0.7 ['ECBAIT_10_0057_MEMBER_INTERIOR_01']
  HIT ERR5037345: 3 baits >= 0.7 ['ECBAIT_10_0002_MEMBER_INTERIOR_01', 'ECBAIT_10_0057_MEMBER_INTERIOR_01', 'ECBAIT_10_0172_MEMBER_INTERIOR_01']
  HIT ERR5037346: 1 baits >= 0.7 ['ECBAIT_10_0057_MEMBER_INTERIOR_01']
  HIT ERR5037347: 5 baits >= 0.7 ['ECBAIT_10_0002_JUNCTION_01', 'ECBAIT_10_0002_JUNCTION_02', 'ECBAIT_10_0002_MEMBER_INTERIOR_01', 'ECBAIT_10_0057_MEMBER_INTERIOR_01']
  HIT ERR5037348: 2 baits >= 0.7 ['ECBAIT_10_0002_MEMBER_INTERIOR_01', 'ECBAIT_10_0057_MEMBER_INTERIOR_01']
  HIT ERR5037349: 2 baits >= 0.7 ['ECBAIT_10_0057_MEMBER_INTERIOR_01', 'ECBAIT_HOST_CONTROL_02']
  HIT ERR5037350: 2 baits >= 0.7 ['ECBAIT_10_0002_MEMBER_INTERIOR_01', 'ECBAIT_10_0057_MEMBER_INTERIOR_01']
  HIT ERR5037351: 3 baits >= 0.7 ['ECBAIT_10_0002_MEMBER_INTERIOR_01', 'ECBAIT_10_0057_MEMBER_INTERIOR_01', 'ECBAIT_10_0172_MEMBER_INTERIOR_01']
  HIT ERR5037352: 2 baits >= 0.7 ['ECBAIT_10_0002_MEMBER_INTERIOR_01', 'ECBAIT_10_0057_MEMBER_INTERIOR_01']
  HIT ERR5037353: 2 baits >= 0.7 ['ECBAIT_10_0002_MEMBER_INTERIOR_01', 'ECBAIT_10_0057_MEMBER_INTERIOR_01']
  HIT ERR5037354: 2 baits >= 0.7 ['ECBAIT_10_0002_MEMBER_INTERIOR_01', 'ECBAIT_10_0057_MEMBER_INTERIOR_01']
  HIT ERR5037355: 4 baits >= 0.7 ['ECBAIT_10_0002_JUNCTION_01', 'ECBAIT_10_0002_JUNCTION_02', 'ECBAIT_10_0002_MEMBER_INTERIOR_01', 'ECBAIT_10_0057_MEMBER_INTERIOR_01']
  HIT ERR5037356: 3 baits >= 0.7 ['ECBAIT_10_0002_MEMBER_INTERIOR_01', 'ECBAIT_10_0057_MEMBER_INTERIOR_01', 'ECBAIT_10_0172_MEMBER_INTERIOR_01']
  HIT ERR5037357: 2 baits >= 0.7 ['ECBAIT_10_0002_MEMBER_INTERIOR_01', 'ECBAIT_10_0057_MEMBER_INTERIOR_01']
  HIT ERR5037358: 4 baits >= 0.7 ['ECBAIT_10_0002_JUNCTION_01', 'ECBAIT_10_0002_JUNCTION_02', 'ECBAIT_10_0002_MEMBER_INTERIOR_01', 'ECBAIT_10_0057_MEMBER_INTERIOR_01']
  HIT ERR5037359: 3 baits >= 0.7 ['ECBAIT_10_0002_MEMBER_INTERIOR_01', 'ECBAIT_10_0057_MEMBER_INTERIOR_01', 'ECBAIT_1_0004_JUNCTION_01']
  HIT ERR5037360: 4 baits >= 0.7 ['ECBAIT_10_0002_JUNCTION_01', 'ECBAIT_10_0002_JUNCTION_02', 'ECBAIT_10_0002_MEMBER_INTERIOR_01', 'ECBAIT_10_0057_MEMBER_INTERIOR_01']
  HIT ERR5037361: 2 baits >= 0.7 ['ECBAIT_10_0002_MEMBER_INTERIOR_01', 'ECBAIT_10_0057_MEMBER_INTERIOR_01']
  HIT ERR5037363: 4 baits >= 0.7 ['ECBAIT_10_0002_JUNCTION_01', 'ECBAIT_10_0002_MEMBER_INTERIOR_01', 'ECBAIT_10_0057_MEMBER_INTERIOR_01', 'ECBAIT_10_0172_MEMBER_INTERIOR_01']
  HIT ERR5037364: 3 baits >= 0.7 ['ECBAIT_10_0002_MEMBER_INTERIOR_01', 'ECBAIT_10_0057_MEMBER_INTERIOR_01', 'ECBAIT_10_0172_MEMBER_INTERIOR_01']
  HIT ERR5037365: 3 baits >= 0.7 ['ECBAIT_10_0002_MEMBER_INTERIOR_01', 'ECBAIT_10_0057_MEMBER_INTERIOR_01', 'ECBAIT_10_0172_MEMBER_INTERIOR_01']
  HIT ERR5037366: 2 baits >= 0.7 ['ECBAIT_10_0057_MEMBER_INTERIOR_01', 'ECBAIT_HOST_CONTROL_02']
  HIT ERR5037367: 2 baits >= 0.7 ['ECBAIT_10_0002_MEMBER_INTERIOR_01', 'ECBAIT_10_0057_MEMBER_INTERIOR_01']
  HIT ERR5037368: 1 baits >= 0.7 ['ECBAIT_10_0057_MEMBER_INTERIOR_01']
  HIT ERR5037369: 2 baits >= 0.7 ['ECBAIT_10_0057_MEMBER_INTERIOR_01', 'ECBAIT_HOST_CONTROL_02']
  HIT ERR5037370: 2 baits >= 0.7 ['ECBAIT_10_0057_MEMBER_INTERIOR_01', 'ECBAIT_HOST_CONTROL_02']
  HIT ERR5037371: 2 baits >= 0.7 ['ECBAIT_10_0057_MEMBER_INTERIOR_01', 'ECBAIT_HOST_CONTROL_02']
  HIT ERR5037372: 2 baits >= 0.7 ['ECBAIT_10_0057_MEMBER_INTERIOR_01', 'ECBAIT_HOST_CONTROL_02']
  HIT ERR5037373: 2 baits >= 0.7 ['ECBAIT_10_0002_MEMBER_INTERIOR_01', 'ECBAIT_10_0057_MEMBER_INTERIOR_01']
  HIT ERR5037374: 2 baits >= 0.7 ['ECBAIT_10_0057_MEMBER_INTERIOR_01', 'ECBAIT_HOST_CONTROL_02']
  HIT ERR5037375: 3 baits >= 0.7 ['ECBAIT_10_0002_MEMBER_INTERIOR_01', 'ECBAIT_10_0057_MEMBER_INTERIOR_01', 'ECBAIT_10_0172_MEMBER_INTERIOR_01']
  HIT ERR5037376: 4 baits >= 0.7 ['ECBAIT_10_0002_JUNCTION_01', 'ECBAIT_10_0002_JUNCTION_02', 'ECBAIT_10_0002_MEMBER_INTERIOR_01', 'ECBAIT_10_0057_MEMBER_INTERIOR_01']
  HIT ERR5037377: 2 baits >= 0.7 ['ECBAIT_10_0002_MEMBER_INTERIOR_01', 'ECBAIT_10_0057_MEMBER_INTERIOR_01']
  HIT ERR5037378: 2 baits >= 0.7 ['ECBAIT_10_0002_MEMBER_INTERIOR_01', 'ECBAIT_10_0057_MEMBER_INTERIOR_01']
  HIT ERR5037380: 2 baits >= 0.7 ['ECBAIT_10_0002_MEMBER_INTERIOR_01', 'ECBAIT_10_0057_MEMBER_INTERIOR_01']
  HIT ERR5037379: 2 baits >= 0.7 ['ECBAIT_10_0002_MEMBER_INTERIOR_01', 'ECBAIT_10_0057_MEMBER_INTERIOR_01']
  HIT ERR5037381: 2 baits >= 0.7 ['ECBAIT_10_0002_MEMBER_INTERIOR_01', 'ECBAIT_10_0057_MEMBER_INTERIOR_01']
  HIT ERR5037382: 3 baits >= 0.7 ['ECBAIT_10_0002_JUNCTION_01', 'ECBAIT_10_0002_JUNCTION_02', 'ECBAIT_10_0057_MEMBER_INTERIOR_01']
  HIT ERR5037384: 1 baits >= 0.7 ['ECBAIT_10_0057_MEMBER_INTERIOR_01']
  HIT ERR5037383: 1 baits >= 0.7 ['ECBAIT_10_0057_MEMBER_INTERIOR_01']
  HIT ERR5037385: 2 baits >= 0.7 ['ECBAIT_10_0057_MEMBER_INTERIOR_01', 'ECBAIT_HOST_CONTROL_02']
  HIT ERR5037386: 2 baits >= 0.7 ['ECBAIT_10_0002_MEMBER_INTERIOR_01', 'ECBAIT_10_0057_MEMBER_INTERIOR_01']
  HIT ERR5037387: 2 baits >= 0.7 ['ECBAIT_10_0002_MEMBER_INTERIOR_01', 'ECBAIT_10_0057_MEMBER_INTERIOR_01']
  HIT ERR5037388: 1 baits >= 0.7 ['ECBAIT_10_0057_MEMBER_INTERIOR_01']
  HIT ERR5037389: 3 baits >= 0.7 ['ECBAIT_10_0002_MEMBER_INTERIOR_01', 'ECBAIT_10_0057_MEMBER_INTERIOR_01', 'ECBAIT_10_0172_MEMBER_INTERIOR_01']
  HIT ERR5037390: 2 baits >= 0.7 ['ECBAIT_10_0002_MEMBER_INTERIOR_01', 'ECBAIT_10_0057_MEMBER_INTERIOR_01']
  HIT ERR5037391: 3 baits >= 0.7 ['ECBAIT_10_0002_JUNCTION_01', 'ECBAIT_10_0002_JUNCTION_02', 'ECBAIT_10_0002_MEMBER_INTERIOR_01']
  HIT ERR5037393: 2 baits >= 0.7 ['ECBAIT_10_0002_MEMBER_INTERIOR_01', 'ECBAIT_10_0057_MEMBER_INTERIOR_01']
  HIT ERR5037392: 3 baits >= 0.7 ['ECBAIT_10_0002_MEMBER_INTERIOR_01', 'ECBAIT_10_0057_MEMBER_INTERIOR_01', 'ECBAIT_10_0172_MEMBER_INTERIOR_01']
  8550/11975 processed (1043 screened, 1006 hit-accessions) 562s budget=1.7GB
  HIT ERR5037394: 2 baits >= 0.7 ['ECBAIT_10_0002_MEMBER_INTERIOR_01', 'ECBAIT_10_0057_MEMBER_INTERIOR_01']
  HIT ERR5037395: 4 baits >= 0.7 ['ECBAIT_10_0002_JUNCTION_01', 'ECBAIT_10_0002_JUNCTION_02', 'ECBAIT_10_0002_MEMBER_INTERIOR_01', 'ECBAIT_10_0057_MEMBER_INTERIOR_01']
  HIT ERR5037397: 1 baits >= 0.7 ['ECBAIT_10_0057_MEMBER_INTERIOR_01']
  HIT ERR5037396: 2 baits >= 0.7 ['ECBAIT_10_0002_MEMBER_INTERIOR_01', 'ECBAIT_10_0057_MEMBER_INTERIOR_01']
  HIT ERR5037400: 3 baits >= 0.7 ['ECBAIT_10_0002_MEMBER_INTERIOR_01', 'ECBAIT_10_0057_MEMBER_INTERIOR_01', 'ECBAIT_10_0172_MEMBER_INTERIOR_01']
  HIT ERR5037398: 2 baits >= 0.7 ['ECBAIT_10_0002_MEMBER_INTERIOR_01', 'ECBAIT_10_0057_MEMBER_INTERIOR_01']
  HIT ERR5037399: 3 baits >= 0.7 ['ECBAIT_10_0002_MEMBER_INTERIOR_01', 'ECBAIT_10_0057_MEMBER_INTERIOR_01', 'ECBAIT_10_0172_MEMBER_INTERIOR_01']
  HIT ERR5037401: 2 baits >= 0.7 ['ECBAIT_10_0002_JUNCTION_01', 'ECBAIT_10_0057_MEMBER_INTERIOR_01']
  HIT ERR5037403: 3 baits >= 0.7 ['ECBAIT_10_0002_MEMBER_INTERIOR_01', 'ECBAIT_10_0057_MEMBER_INTERIOR_01', 'ECBAIT_10_0172_MEMBER_INTERIOR_01']
  HIT ERR5037404: 1 baits >= 0.7 ['ECBAIT_10_0002_MEMBER_INTERIOR_01']
  HIT ERR5037402: 2 baits >= 0.7 ['ECBAIT_10_0002_MEMBER_INTERIOR_01', 'ECBAIT_10_0057_MEMBER_INTERIOR_01']
  HIT ERR5037405: 3 baits >= 0.7 ['ECBAIT_10_0002_MEMBER_INTERIOR_01', 'ECBAIT_10_0057_MEMBER_INTERIOR_01', 'ECBAIT_10_0172_MEMBER_INTERIOR_01']
  HIT ERR5037407: 3 baits >= 0.7 ['ECBAIT_10_0002_MEMBER_INTERIOR_01', 'ECBAIT_10_0057_MEMBER_INTERIOR_01', 'ECBAIT_10_0172_MEMBER_INTERIOR_01']
  HIT ERR5037406: 3 baits >= 0.7 ['ECBAIT_10_0002_MEMBER_INTERIOR_01', 'ECBAIT_10_0057_MEMBER_INTERIOR_01', 'ECBAIT_10_0172_MEMBER_INTERIOR_01']
  HIT ERR5037408: 3 baits >= 0.7 ['ECBAIT_10_0002_MEMBER_INTERIOR_01', 'ECBAIT_10_0057_MEMBER_INTERIOR_01', 'ECBAIT_10_0172_MEMBER_INTERIOR_01']
  HIT ERR5037409: 2 baits >= 0.7 ['ECBAIT_10_0002_MEMBER_INTERIOR_01', 'ECBAIT_10_0057_MEMBER_INTERIOR_01']
  HIT ERR5037411: 2 baits >= 0.7 ['ECBAIT_10_0002_MEMBER_INTERIOR_01', 'ECBAIT_10_0057_MEMBER_INTERIOR_01']
  HIT ERR5037410: 2 baits >= 0.7 ['ECBAIT_10_0002_MEMBER_INTERIOR_01', 'ECBAIT_10_0057_MEMBER_INTERIOR_01']
  HIT ERR5037412: 1 baits >= 0.7 ['ECBAIT_10_0057_MEMBER_INTERIOR_01']
  HIT ERR5037413: 3 baits >= 0.7 ['ECBAIT_0_0046_JUNCTION_01', 'ECBAIT_0_0046_MEMBER_INTERIOR_01', 'ECBAIT_10_0057_MEMBER_INTERIOR_01']
  HIT ERR5037414: 2 baits >= 0.7 ['ECBAIT_10_0002_MEMBER_INTERIOR_01', 'ECBAIT_10_0057_MEMBER_INTERIOR_01']
  HIT ERR5037415: 1 baits >= 0.7 ['ECBAIT_10_0057_MEMBER_INTERIOR_01']
  HIT ERR5037416: 2 baits >= 0.7 ['ECBAIT_10_0057_MEMBER_INTERIOR_01', 'ECBAIT_10_0172_MEMBER_INTERIOR_01']
  HIT ERR5037417: 1 baits >= 0.7 ['ECBAIT_10_0057_MEMBER_INTERIOR_01']
  HIT ERR5037419: 1 baits >= 0.7 ['ECBAIT_10_0057_MEMBER_INTERIOR_01']
  HIT ERR5037418: 1 baits >= 0.7 ['ECBAIT_10_0057_MEMBER_INTERIOR_01']
  HIT ERR5037420: 1 baits >= 0.7 ['ECBAIT_10_0057_MEMBER_INTERIOR_01']
  HIT ERR5037421: 3 baits >= 0.7 ['ECBAIT_10_0002_JUNCTION_02', 'ECBAIT_10_0002_MEMBER_INTERIOR_01', 'ECBAIT_10_0057_MEMBER_INTERIOR_01']
  HIT ERR5037422: 2 baits >= 0.7 ['ECBAIT_10_0002_MEMBER_INTERIOR_01', 'ECBAIT_10_0057_MEMBER_INTERIOR_01']
  HIT ERR5037424: 2 baits >= 0.7 ['ECBAIT_10_0002_MEMBER_INTERIOR_01', 'ECBAIT_10_0057_MEMBER_INTERIOR_01']
  HIT ERR5037423: 2 baits >= 0.7 ['ECBAIT_10_0002_MEMBER_INTERIOR_01', 'ECBAIT_10_0057_MEMBER_INTERIOR_01']
  HIT SRR11463772: 4 baits >= 0.7 ['ECBAIT_10_0002_JUNCTION_01', 'ECBAIT_10_0002_JUNCTION_02', 'ECBAIT_10_0002_MEMBER_INTERIOR_01', 'ECBAIT_10_0057_MEMBER_INTERIOR_01']
  HIT SRR11463773: 4 baits >= 0.7 ['ECBAIT_10_0002_JUNCTION_01', 'ECBAIT_10_0002_JUNCTION_02', 'ECBAIT_10_0002_MEMBER_INTERIOR_01', 'ECBAIT_10_0057_MEMBER_INTERIOR_01']
  HIT SRR11463774: 2 baits >= 0.7 ['ECBAIT_10_0002_MEMBER_INTERIOR_01', 'ECBAIT_10_0057_MEMBER_INTERIOR_01']
  HIT SRR11463775: 2 baits >= 0.7 ['ECBAIT_10_0002_MEMBER_INTERIOR_01', 'ECBAIT_10_0057_MEMBER_INTERIOR_01']
  HIT SRR11463776: 2 baits >= 0.7 ['ECBAIT_10_0002_MEMBER_INTERIOR_01', 'ECBAIT_10_0057_MEMBER_INTERIOR_01']
  HIT SRR11463777: 4 baits >= 0.7 ['ECBAIT_10_0002_JUNCTION_01', 'ECBAIT_10_0002_JUNCTION_02', 'ECBAIT_10_0002_MEMBER_INTERIOR_01', 'ECBAIT_10_0057_MEMBER_INTERIOR_01']
  HIT SRR11463778: 2 baits >= 0.7 ['ECBAIT_10_0002_MEMBER_INTERIOR_01', 'ECBAIT_10_0057_MEMBER_INTERIOR_01']
  HIT SRR11463779: 3 baits >= 0.7 ['ECBAIT_10_0002_JUNCTION_01', 'ECBAIT_10_0002_JUNCTION_02', 'ECBAIT_10_0057_MEMBER_INTERIOR_01']
  HIT SRR11463780: 2 baits >= 0.7 ['ECBAIT_10_0002_MEMBER_INTERIOR_01', 'ECBAIT_10_0057_MEMBER_INTERIOR_01']
  HIT SRR11463781: 2 baits >= 0.7 ['ECBAIT_10_0002_MEMBER_INTERIOR_01', 'ECBAIT_10_0057_MEMBER_INTERIOR_01']
  HIT SRR11463783: 2 baits >= 0.7 ['ECBAIT_10_0057_MEMBER_INTERIOR_01', 'ECBAIT_HOST_CONTROL_02']
  HIT SRR11463782: 2 baits >= 0.7 ['ECBAIT_10_0002_MEMBER_INTERIOR_01', 'ECBAIT_10_0057_MEMBER_INTERIOR_01']
  HIT SRR11463784: 2 baits >= 0.7 ['ECBAIT_10_0057_MEMBER_INTERIOR_01', 'ECBAIT_HOST_CONTROL_02']
  HIT SRR11463786: 2 baits >= 0.7 ['ECBAIT_10_0057_MEMBER_INTERIOR_01', 'ECBAIT_HOST_CONTROL_02']
  HIT SRR11463785: 2 baits >= 0.7 ['ECBAIT_10_0002_MEMBER_INTERIOR_01', 'ECBAIT_10_0057_MEMBER_INTERIOR_01']
  HIT SRR11463787: 3 baits >= 0.7 ['ECBAIT_10_0002_MEMBER_INTERIOR_01', 'ECBAIT_10_0057_MEMBER_INTERIOR_01', 'ECBAIT_10_0172_MEMBER_INTERIOR_01']
  HIT SRR11463788: 2 baits >= 0.7 ['ECBAIT_10_0002_MEMBER_INTERIOR_01', 'ECBAIT_10_0057_MEMBER_INTERIOR_01']
  HIT SRR11463789: 4 baits >= 0.7 ['ECBAIT_10_0002_JUNCTION_01', 'ECBAIT_10_0002_JUNCTION_02', 'ECBAIT_10_0002_MEMBER_INTERIOR_01', 'ECBAIT_10_0057_MEMBER_INTERIOR_01']
  HIT SRR11463790: 2 baits >= 0.7 ['ECBAIT_10_0057_MEMBER_INTERIOR_01', 'ECBAIT_HOST_CONTROL_02']
  8600/11975 processed (1093 screened, 1056 hit-accessions) 578s budget=1.8GB
  HIT SRR11463791: 3 baits >= 0.7 ['ECBAIT_10_0002_MEMBER_INTERIOR_01', 'ECBAIT_10_0057_MEMBER_INTERIOR_01', 'ECBAIT_10_0172_MEMBER_INTERIOR_01']
  HIT SRR11463792: 2 baits >= 0.7 ['ECBAIT_10_0002_MEMBER_INTERIOR_01', 'ECBAIT_10_0057_MEMBER_INTERIOR_01']
  HIT SRR11463794: 3 baits >= 0.7 ['ECBAIT_10_0002_MEMBER_INTERIOR_01', 'ECBAIT_10_0057_MEMBER_INTERIOR_01', 'ECBAIT_10_0172_MEMBER_INTERIOR_01']
  HIT SRR11463795: 2 baits >= 0.7 ['ECBAIT_10_0002_MEMBER_INTERIOR_01', 'ECBAIT_10_0057_MEMBER_INTERIOR_01']
  HIT SRR11463793: 1 baits >= 0.7 ['ECBAIT_10_0057_MEMBER_INTERIOR_01']
  HIT SRR11463796: 3 baits >= 0.7 ['ECBAIT_10_0002_JUNCTION_01', 'ECBAIT_10_0002_JUNCTION_02', 'ECBAIT_10_0057_MEMBER_INTERIOR_01']
  HIT SRR11463797: 2 baits >= 0.7 ['ECBAIT_10_0002_MEMBER_INTERIOR_01', 'ECBAIT_10_0057_MEMBER_INTERIOR_01']
  HIT SRR11463798: 2 baits >= 0.7 ['ECBAIT_10_0057_MEMBER_INTERIOR_01', 'ECBAIT_HOST_CONTROL_02']
  HIT SRR11463799: 2 baits >= 0.7 ['ECBAIT_10_0002_MEMBER_INTERIOR_01', 'ECBAIT_10_0057_MEMBER_INTERIOR_01']
  HIT SRR11463800: 2 baits >= 0.7 ['ECBAIT_10_0002_MEMBER_INTERIOR_01', 'ECBAIT_10_0057_MEMBER_INTERIOR_01']
  HIT SRR11463801: 2 baits >= 0.7 ['ECBAIT_10_0002_MEMBER_INTERIOR_01', 'ECBAIT_10_0057_MEMBER_INTERIOR_01']
  HIT SRR11463803: 2 baits >= 0.7 ['ECBAIT_10_0002_MEMBER_INTERIOR_01', 'ECBAIT_10_0057_MEMBER_INTERIOR_01']
  HIT SRR11463804: 1 baits >= 0.7 ['ECBAIT_10_0057_MEMBER_INTERIOR_01']
  HIT SRR11463802: 2 baits >= 0.7 ['ECBAIT_10_0002_MEMBER_INTERIOR_01', 'ECBAIT_10_0057_MEMBER_INTERIOR_01']
  HIT SRR11463805: 1 baits >= 0.7 ['ECBAIT_10_0057_MEMBER_INTERIOR_01']
  HIT SRR11463808: 2 baits >= 0.7 ['ECBAIT_10_0002_MEMBER_INTERIOR_01', 'ECBAIT_10_0057_MEMBER_INTERIOR_01']
  HIT SRR11463806: 5 baits >= 0.7 ['ECBAIT_0_0052_JUNCTION_03', 'ECBAIT_10_0002_JUNCTION_01', 'ECBAIT_10_0002_JUNCTION_02', 'ECBAIT_10_0002_MEMBER_INTERIOR_01']
  HIT SRR11463807: 2 baits >= 0.7 ['ECBAIT_10_0002_MEMBER_INTERIOR_01', 'ECBAIT_10_0057_MEMBER_INTERIOR_01']
  HIT SRR11463809: 3 baits >= 0.7 ['ECBAIT_10_0002_MEMBER_INTERIOR_01', 'ECBAIT_10_0057_MEMBER_INTERIOR_01', 'ECBAIT_10_0172_MEMBER_INTERIOR_01']
  HIT SRR11463810: 3 baits >= 0.7 ['ECBAIT_10_0002_JUNCTION_01', 'ECBAIT_10_0002_JUNCTION_02', 'ECBAIT_10_0057_MEMBER_INTERIOR_01']
  HIT SRR11463812: 2 baits >= 0.7 ['ECBAIT_10_0002_MEMBER_INTERIOR_01', 'ECBAIT_10_0057_MEMBER_INTERIOR_01']
  HIT SRR11463811: 3 baits >= 0.7 ['ECBAIT_10_0002_MEMBER_INTERIOR_01', 'ECBAIT_10_0057_MEMBER_INTERIOR_01', 'ECBAIT_10_0172_MEMBER_INTERIOR_01']
  HIT SRR11463813: 2 baits >= 0.7 ['ECBAIT_10_0002_MEMBER_INTERIOR_01', 'ECBAIT_10_0057_MEMBER_INTERIOR_01']
  HIT SRR11463816: 6 baits >= 0.7 ['ECBAIT_0_0046_MEMBER_INTERIOR_01', 'ECBAIT_10_0002_MEMBER_INTERIOR_01', 'ECBAIT_10_0057_MEMBER_INTERIOR_01', 'ECBAIT_1_0022_JUNCTION_02']
  HIT SRR11463815: 6 baits >= 0.7 ['ECBAIT_0_0046_MEMBER_INTERIOR_01', 'ECBAIT_10_0002_MEMBER_INTERIOR_01', 'ECBAIT_10_0057_MEMBER_INTERIOR_01', 'ECBAIT_1_0022_JUNCTION_02']
  HIT SRR11463814: 4 baits >= 0.7 ['ECBAIT_10_0002_JUNCTION_01', 'ECBAIT_10_0002_JUNCTION_02', 'ECBAIT_10_0002_MEMBER_INTERIOR_01', 'ECBAIT_10_0057_MEMBER_INTERIOR_01']
  HIT SRR11463818: 4 baits >= 0.7 ['ECBAIT_10_0002_JUNCTION_01', 'ECBAIT_10_0002_JUNCTION_02', 'ECBAIT_10_0002_MEMBER_INTERIOR_01', 'ECBAIT_10_0057_MEMBER_INTERIOR_01']
  HIT SRR11463817: 2 baits >= 0.7 ['ECBAIT_10_0002_MEMBER_INTERIOR_01', 'ECBAIT_10_0057_MEMBER_INTERIOR_01']
  HIT SRR11463819: 4 baits >= 0.7 ['ECBAIT_10_0002_JUNCTION_01', 'ECBAIT_10_0002_JUNCTION_02', 'ECBAIT_10_0002_MEMBER_INTERIOR_01', 'ECBAIT_10_0057_MEMBER_INTERIOR_01']
  HIT SRR11463820: 1 baits >= 0.7 ['ECBAIT_10_0057_MEMBER_INTERIOR_01']
  HIT SRR11463821: 2 baits >= 0.7 ['ECBAIT_10_0002_MEMBER_INTERIOR_01', 'ECBAIT_10_0057_MEMBER_INTERIOR_01']
  HIT SRR11463822: 2 baits >= 0.7 ['ECBAIT_10_0002_MEMBER_INTERIOR_01', 'ECBAIT_10_0057_MEMBER_INTERIOR_01']
  HIT SRR11463823: 4 baits >= 0.7 ['ECBAIT_10_0002_JUNCTION_01', 'ECBAIT_10_0002_JUNCTION_02', 'ECBAIT_10_0002_MEMBER_INTERIOR_01', 'ECBAIT_10_0057_MEMBER_INTERIOR_01']
  HIT SRR11463824: 1 baits >= 0.7 ['ECBAIT_10_0057_MEMBER_INTERIOR_01']
  HIT SRR11463825: 2 baits >= 0.7 ['ECBAIT_10_0002_MEMBER_INTERIOR_01', 'ECBAIT_10_0057_MEMBER_INTERIOR_01']
  HIT SRR11463826: 2 baits >= 0.7 ['ECBAIT_10_0002_MEMBER_INTERIOR_01', 'ECBAIT_10_0057_MEMBER_INTERIOR_01']
  HIT SRR11463828: 3 baits >= 0.7 ['ECBAIT_10_0002_MEMBER_INTERIOR_01', 'ECBAIT_10_0057_MEMBER_INTERIOR_01', 'ECBAIT_10_0172_MEMBER_INTERIOR_01']
  HIT SRR11463827: 1 baits >= 0.7 ['ECBAIT_10_0057_MEMBER_INTERIOR_01']
  HIT SRR11463829: 4 baits >= 0.7 ['ECBAIT_10_0002_JUNCTION_01', 'ECBAIT_10_0002_JUNCTION_02', 'ECBAIT_10_0002_MEMBER_INTERIOR_01', 'ECBAIT_10_0057_MEMBER_INTERIOR_01']
  HIT SRR11463830: 2 baits >= 0.7 ['ECBAIT_10_0002_MEMBER_INTERIOR_01', 'ECBAIT_10_0057_MEMBER_INTERIOR_01']
  HIT SRR11463831: 2 baits >= 0.7 ['ECBAIT_10_0002_MEMBER_INTERIOR_01', 'ECBAIT_10_0057_MEMBER_INTERIOR_01']
  HIT SRR11463832: 6 baits >= 0.7 ['ECBAIT_0_0059_JUNCTION_01', 'ECBAIT_0_0059_JUNCTION_02', 'ECBAIT_0_0059_JUNCTION_03', 'ECBAIT_10_0002_JUNCTION_01']
  HIT SRR11463834: 2 baits >= 0.7 ['ECBAIT_10_0002_MEMBER_INTERIOR_01', 'ECBAIT_10_0057_MEMBER_INTERIOR_01']
  HIT SRR11463833: 2 baits >= 0.7 ['ECBAIT_10_0002_MEMBER_INTERIOR_01', 'ECBAIT_10_0057_MEMBER_INTERIOR_01']
  HIT SRR11463835: 1 baits >= 0.7 ['ECBAIT_10_0057_MEMBER_INTERIOR_01']
  HIT SRR11463836: 3 baits >= 0.7 ['ECBAIT_10_0002_MEMBER_INTERIOR_01', 'ECBAIT_10_0057_MEMBER_INTERIOR_01', 'ECBAIT_10_0172_MEMBER_INTERIOR_01']
  HIT SRR11463837: 2 baits >= 0.7 ['ECBAIT_10_0002_MEMBER_INTERIOR_01', 'ECBAIT_10_0057_MEMBER_INTERIOR_01']
  HIT SRR11463838: 2 baits >= 0.7 ['ECBAIT_10_0057_MEMBER_INTERIOR_01', 'ECBAIT_HOST_CONTROL_02']
  HIT SRR11463839: 3 baits >= 0.7 ['ECBAIT_10_0002_MEMBER_INTERIOR_01', 'ECBAIT_10_0057_MEMBER_INTERIOR_01', 'ECBAIT_10_0172_MEMBER_INTERIOR_01']
  HIT SRR11463840: 3 baits >= 0.7 ['ECBAIT_10_0002_MEMBER_INTERIOR_01', 'ECBAIT_10_0057_MEMBER_INTERIOR_01', 'ECBAIT_10_0172_MEMBER_INTERIOR_01']
  8650/11975 processed (1143 screened, 1106 hit-accessions) 594s budget=1.9GB
  HIT SRR11463841: 4 baits >= 0.7 ['ECBAIT_10_0002_JUNCTION_01', 'ECBAIT_10_0002_JUNCTION_02', 'ECBAIT_10_0002_MEMBER_INTERIOR_01', 'ECBAIT_10_0057_MEMBER_INTERIOR_01']
  HIT SRR11463842: 2 baits >= 0.7 ['ECBAIT_10_0002_MEMBER_INTERIOR_01', 'ECBAIT_10_0057_MEMBER_INTERIOR_01']
  HIT SRR11463844: 2 baits >= 0.7 ['ECBAIT_10_0002_MEMBER_INTERIOR_01', 'ECBAIT_10_0057_MEMBER_INTERIOR_01']
  HIT SRR11463843: 3 baits >= 0.7 ['ECBAIT_10_0002_JUNCTION_02', 'ECBAIT_10_0002_MEMBER_INTERIOR_01', 'ECBAIT_10_0057_MEMBER_INTERIOR_01']
  HIT SRR11463845: 2 baits >= 0.7 ['ECBAIT_10_0057_MEMBER_INTERIOR_01', 'ECBAIT_10_0172_MEMBER_INTERIOR_01']
  HIT SRR11463846: 2 baits >= 0.7 ['ECBAIT_10_0057_MEMBER_INTERIOR_01', 'ECBAIT_10_0172_MEMBER_INTERIOR_01']
  HIT SRR11463847: 2 baits >= 0.7 ['ECBAIT_10_0002_MEMBER_INTERIOR_01', 'ECBAIT_10_0057_MEMBER_INTERIOR_01']
  HIT SRR11463848: 3 baits >= 0.7 ['ECBAIT_10_0002_MEMBER_INTERIOR_01', 'ECBAIT_10_0057_MEMBER_INTERIOR_01', 'ECBAIT_10_0172_MEMBER_INTERIOR_01']
  HIT SRR11463849: 2 baits >= 0.7 ['ECBAIT_10_0057_MEMBER_INTERIOR_01', 'ECBAIT_HOST_CONTROL_02']
  HIT SRR11463850: 2 baits >= 0.7 ['ECBAIT_10_0002_MEMBER_INTERIOR_01', 'ECBAIT_10_0057_MEMBER_INTERIOR_01']
  HIT SRR11463851: 2 baits >= 0.7 ['ECBAIT_10_0002_MEMBER_INTERIOR_01', 'ECBAIT_10_0057_MEMBER_INTERIOR_01']
  HIT SRR11463852: 2 baits >= 0.7 ['ECBAIT_10_0002_MEMBER_INTERIOR_01', 'ECBAIT_10_0057_MEMBER_INTERIOR_01']
  HIT SRR11463853: 1 baits >= 0.7 ['ECBAIT_10_0057_MEMBER_INTERIOR_01']
  HIT SRR11463854: 3 baits >= 0.7 ['ECBAIT_10_0002_MEMBER_INTERIOR_01', 'ECBAIT_10_0057_MEMBER_INTERIOR_01', 'ECBAIT_10_0172_MEMBER_INTERIOR_01']
  HIT SRR11463856: 2 baits >= 0.7 ['ECBAIT_10_0002_MEMBER_INTERIOR_01', 'ECBAIT_10_0057_MEMBER_INTERIOR_01']
  HIT SRR11463855: 3 baits >= 0.7 ['ECBAIT_10_0002_MEMBER_INTERIOR_01', 'ECBAIT_10_0057_MEMBER_INTERIOR_01', 'ECBAIT_10_0172_MEMBER_INTERIOR_01']
  HIT SRR11463857: 3 baits >= 0.7 ['ECBAIT_10_0002_MEMBER_INTERIOR_01', 'ECBAIT_10_0057_MEMBER_INTERIOR_01', 'ECBAIT_10_0172_MEMBER_INTERIOR_01']
  HIT SRR11463858: 2 baits >= 0.7 ['ECBAIT_10_0002_MEMBER_INTERIOR_01', 'ECBAIT_10_0057_MEMBER_INTERIOR_01']
  HIT SRR11463859: 3 baits >= 0.7 ['ECBAIT_10_0002_MEMBER_INTERIOR_01', 'ECBAIT_10_0057_MEMBER_INTERIOR_01', 'ECBAIT_10_0172_MEMBER_INTERIOR_01']
  HIT SRR11463860: 2 baits >= 0.7 ['ECBAIT_10_0002_MEMBER_INTERIOR_01', 'ECBAIT_10_0057_MEMBER_INTERIOR_01']
  HIT SRR11463861: 2 baits >= 0.7 ['ECBAIT_10_0002_MEMBER_INTERIOR_01', 'ECBAIT_10_0057_MEMBER_INTERIOR_01']
  HIT SRR11463862: 3 baits >= 0.7 ['ECBAIT_10_0002_MEMBER_INTERIOR_01', 'ECBAIT_10_0057_MEMBER_INTERIOR_01', 'ECBAIT_10_0172_MEMBER_INTERIOR_01']
  HIT SRR11463863: 2 baits >= 0.7 ['ECBAIT_10_0002_MEMBER_INTERIOR_01', 'ECBAIT_10_0057_MEMBER_INTERIOR_01']
  HIT SRR11463864: 2 baits >= 0.7 ['ECBAIT_10_0002_MEMBER_INTERIOR_01', 'ECBAIT_10_0057_MEMBER_INTERIOR_01']
  HIT SRR11463865: 2 baits >= 0.7 ['ECBAIT_10_0002_MEMBER_INTERIOR_01', 'ECBAIT_10_0057_MEMBER_INTERIOR_01']
  HIT SRR11463866: 2 baits >= 0.7 ['ECBAIT_10_0002_MEMBER_INTERIOR_01', 'ECBAIT_10_0057_MEMBER_INTERIOR_01']
  HIT SRR11463867: 2 baits >= 0.7 ['ECBAIT_10_0002_MEMBER_INTERIOR_01', 'ECBAIT_10_0057_MEMBER_INTERIOR_01']
  HIT SRR11463868: 2 baits >= 0.7 ['ECBAIT_10_0002_MEMBER_INTERIOR_01', 'ECBAIT_10_0057_MEMBER_INTERIOR_01']
  HIT SRR11463869: 2 baits >= 0.7 ['ECBAIT_10_0002_MEMBER_INTERIOR_01', 'ECBAIT_10_0057_MEMBER_INTERIOR_01']
  HIT SRR11463871: 2 baits >= 0.7 ['ECBAIT_10_0002_MEMBER_INTERIOR_01', 'ECBAIT_10_0057_MEMBER_INTERIOR_01']
  HIT SRR11463870: 3 baits >= 0.7 ['ECBAIT_0_0052_JUNCTION_03', 'ECBAIT_10_0002_MEMBER_INTERIOR_01', 'ECBAIT_10_0057_MEMBER_INTERIOR_01']
  HIT SRR11463872: 3 baits >= 0.7 ['ECBAIT_10_0002_MEMBER_INTERIOR_01', 'ECBAIT_10_0057_MEMBER_INTERIOR_01', 'ECBAIT_10_0172_MEMBER_INTERIOR_01']
  HIT SRR11463873: 3 baits >= 0.7 ['ECBAIT_10_0002_JUNCTION_01', 'ECBAIT_10_0002_MEMBER_INTERIOR_01', 'ECBAIT_10_0057_MEMBER_INTERIOR_01']
  HIT SRR11463874: 1 baits >= 0.7 ['ECBAIT_10_0057_MEMBER_INTERIOR_01']
  HIT SRR11463875: 4 baits >= 0.7 ['ECBAIT_10_0002_JUNCTION_01', 'ECBAIT_10_0002_JUNCTION_02', 'ECBAIT_10_0002_MEMBER_INTERIOR_01', 'ECBAIT_10_0057_MEMBER_INTERIOR_01']
  HIT SRR11463876: 2 baits >= 0.7 ['ECBAIT_10_0002_MEMBER_INTERIOR_01', 'ECBAIT_10_0057_MEMBER_INTERIOR_01']
  HIT SRR11463877: 2 baits >= 0.7 ['ECBAIT_10_0002_MEMBER_INTERIOR_01', 'ECBAIT_10_0057_MEMBER_INTERIOR_01']
  HIT SRR11463878: 2 baits >= 0.7 ['ECBAIT_10_0002_MEMBER_INTERIOR_01', 'ECBAIT_10_0057_MEMBER_INTERIOR_01']
  HIT SRR11463879: 2 baits >= 0.7 ['ECBAIT_10_0002_JUNCTION_01', 'ECBAIT_10_0057_MEMBER_INTERIOR_01']
  HIT SRR11463880: 2 baits >= 0.7 ['ECBAIT_10_0002_MEMBER_INTERIOR_01', 'ECBAIT_10_0057_MEMBER_INTERIOR_01']
  HIT SRR11463881: 4 baits >= 0.7 ['ECBAIT_10_0002_JUNCTION_01', 'ECBAIT_10_0002_JUNCTION_02', 'ECBAIT_10_0002_MEMBER_INTERIOR_01', 'ECBAIT_10_0057_MEMBER_INTERIOR_01']
  HIT SRR11463882: 2 baits >= 0.7 ['ECBAIT_10_0002_MEMBER_INTERIOR_01', 'ECBAIT_10_0057_MEMBER_INTERIOR_01']
  HIT SRR11463883: 3 baits >= 0.7 ['ECBAIT_10_0002_MEMBER_INTERIOR_01', 'ECBAIT_10_0057_MEMBER_INTERIOR_01', 'ECBAIT_10_0172_MEMBER_INTERIOR_01']
  HIT SRR11463884: 2 baits >= 0.7 ['ECBAIT_10_0002_MEMBER_INTERIOR_01', 'ECBAIT_10_0057_MEMBER_INTERIOR_01']
  HIT SRR11463885: 2 baits >= 0.7 ['ECBAIT_10_0002_MEMBER_INTERIOR_01', 'ECBAIT_10_0057_MEMBER_INTERIOR_01']
  HIT SRR11463886: 4 baits >= 0.7 ['ECBAIT_10_0002_JUNCTION_01', 'ECBAIT_10_0002_JUNCTION_02', 'ECBAIT_10_0002_MEMBER_INTERIOR_01', 'ECBAIT_10_0057_MEMBER_INTERIOR_01']
  HIT SRR11463888: 3 baits >= 0.7 ['ECBAIT_10_0002_JUNCTION_01', 'ECBAIT_10_0002_MEMBER_INTERIOR_01', 'ECBAIT_10_0057_MEMBER_INTERIOR_01']
  HIT SRR11463887: 3 baits >= 0.7 ['ECBAIT_10_0002_JUNCTION_01', 'ECBAIT_10_0002_MEMBER_INTERIOR_01', 'ECBAIT_10_0057_MEMBER_INTERIOR_01']
  HIT SRR11463889: 2 baits >= 0.7 ['ECBAIT_10_0002_MEMBER_INTERIOR_01', 'ECBAIT_10_0057_MEMBER_INTERIOR_01']
  HIT SRR11463890: 2 baits >= 0.7 ['ECBAIT_10_0002_MEMBER_INTERIOR_01', 'ECBAIT_10_0057_MEMBER_INTERIOR_01']
  8700/11975 processed (1193 screened, 1156 hit-accessions) 610s budget=2.0GB
  HIT SRR11463891: 1 baits >= 0.7 ['ECBAIT_10_0057_MEMBER_INTERIOR_01']
  HIT SRR11463892: 3 baits >= 0.7 ['ECBAIT_10_0002_JUNCTION_01', 'ECBAIT_10_0002_JUNCTION_02', 'ECBAIT_10_0057_MEMBER_INTERIOR_01']
  HIT SRR11463893: 3 baits >= 0.7 ['ECBAIT_10_0002_MEMBER_INTERIOR_01', 'ECBAIT_10_0057_MEMBER_INTERIOR_01', 'ECBAIT_10_0172_MEMBER_INTERIOR_01']
  HIT SRR11463894: 2 baits >= 0.7 ['ECBAIT_10_0002_MEMBER_INTERIOR_01', 'ECBAIT_10_0057_MEMBER_INTERIOR_01']
  HIT SRR11463896: 1 baits >= 0.7 ['ECBAIT_10_0057_MEMBER_INTERIOR_01']
  HIT SRR11463895: 2 baits >= 0.7 ['ECBAIT_10_0002_MEMBER_INTERIOR_01', 'ECBAIT_10_0057_MEMBER_INTERIOR_01']
  HIT SRR11463897: 1 baits >= 0.7 ['ECBAIT_10_0057_MEMBER_INTERIOR_01']
  HIT SRR11463898: 6 baits >= 0.7 ['ECBAIT_0_0046_MEMBER_INTERIOR_01', 'ECBAIT_10_0002_MEMBER_INTERIOR_01', 'ECBAIT_10_0057_MEMBER_INTERIOR_01', 'ECBAIT_1_0022_JUNCTION_02']
  HIT SRR11463900: 5 baits >= 0.7 ['ECBAIT_0_0000_INTERIOR_MODULE_01', 'ECBAIT_0_0000_JUNCTION_02', 'ECBAIT_0_0000_MEMBER_INTERIOR_01', 'ECBAIT_10_0057_MEMBER_INTERIOR_01']
  HIT SRR11463899: 2 baits >= 0.7 ['ECBAIT_10_0002_MEMBER_INTERIOR_01', 'ECBAIT_10_0057_MEMBER_INTERIOR_01']
  HIT SRR11463901: 1 baits >= 0.7 ['ECBAIT_10_0057_MEMBER_INTERIOR_01']
  HIT SRR11463902: 2 baits >= 0.7 ['ECBAIT_10_0002_MEMBER_INTERIOR_01', 'ECBAIT_10_0057_MEMBER_INTERIOR_01']
  HIT SRR11463903: 2 baits >= 0.7 ['ECBAIT_10_0002_JUNCTION_01', 'ECBAIT_10_0057_MEMBER_INTERIOR_01']
  HIT SRR11463904: 2 baits >= 0.7 ['ECBAIT_10_0002_MEMBER_INTERIOR_01', 'ECBAIT_10_0057_MEMBER_INTERIOR_01']
  HIT SRR11463905: 2 baits >= 0.7 ['ECBAIT_10_0002_MEMBER_INTERIOR_01', 'ECBAIT_10_0057_MEMBER_INTERIOR_01']
  HIT SRR11463906: 3 baits >= 0.7 ['ECBAIT_10_0002_MEMBER_INTERIOR_01', 'ECBAIT_10_0057_MEMBER_INTERIOR_01', 'ECBAIT_10_0172_MEMBER_INTERIOR_01']
  HIT SRR11463907: 7 baits >= 0.7 ['ECBAIT_0_0046_JUNCTION_02', 'ECBAIT_0_0046_MEMBER_INTERIOR_01', 'ECBAIT_10_0002_MEMBER_INTERIOR_01', 'ECBAIT_10_0057_MEMBER_INTERIOR_01']
  HIT SRR11463908: 2 baits >= 0.7 ['ECBAIT_10_0002_MEMBER_INTERIOR_01', 'ECBAIT_10_0057_MEMBER_INTERIOR_01']
  HIT SRR11463909: 4 baits >= 0.7 ['ECBAIT_10_0002_JUNCTION_01', 'ECBAIT_10_0002_JUNCTION_02', 'ECBAIT_10_0002_MEMBER_INTERIOR_01', 'ECBAIT_10_0057_MEMBER_INTERIOR_01']
  HIT SRR11463910: 3 baits >= 0.7 ['ECBAIT_10_0002_JUNCTION_02', 'ECBAIT_10_0002_MEMBER_INTERIOR_01', 'ECBAIT_10_0057_MEMBER_INTERIOR_01']
  HIT SRR11463911: 2 baits >= 0.7 ['ECBAIT_10_0002_MEMBER_INTERIOR_01', 'ECBAIT_10_0057_MEMBER_INTERIOR_01']
  HIT SRR11463912: 3 baits >= 0.7 ['ECBAIT_10_0002_MEMBER_INTERIOR_01', 'ECBAIT_10_0057_MEMBER_INTERIOR_01', 'ECBAIT_10_0172_MEMBER_INTERIOR_01']
  HIT SRR11463913: 3 baits >= 0.7 ['ECBAIT_10_0002_MEMBER_INTERIOR_01', 'ECBAIT_10_0057_MEMBER_INTERIOR_01', 'ECBAIT_10_0172_MEMBER_INTERIOR_01']
  HIT SRR11463915: 1 baits >= 0.7 ['ECBAIT_10_0057_MEMBER_INTERIOR_01']
  HIT SRR11463914: 2 baits >= 0.7 ['ECBAIT_10_0002_MEMBER_INTERIOR_01', 'ECBAIT_10_0057_MEMBER_INTERIOR_01']
  HIT SRR11463916: 1 baits >= 0.7 ['ECBAIT_10_0057_MEMBER_INTERIOR_01']
  HIT SRR11463917: 2 baits >= 0.7 ['ECBAIT_10_0002_MEMBER_INTERIOR_01', 'ECBAIT_10_0057_MEMBER_INTERIOR_01']
  HIT SRR11463918: 4 baits >= 0.7 ['ECBAIT_10_0002_JUNCTION_01', 'ECBAIT_10_0002_JUNCTION_02', 'ECBAIT_10_0002_MEMBER_INTERIOR_01', 'ECBAIT_10_0057_MEMBER_INTERIOR_01']
  HIT SRR11463920: 2 baits >= 0.7 ['ECBAIT_10_0002_MEMBER_INTERIOR_01', 'ECBAIT_10_0057_MEMBER_INTERIOR_01']
  HIT SRR11463921: 1 baits >= 0.7 ['ECBAIT_10_0057_MEMBER_INTERIOR_01']
  HIT SRR11463919: 3 baits >= 0.7 ['ECBAIT_10_0002_MEMBER_INTERIOR_01', 'ECBAIT_10_0057_MEMBER_INTERIOR_01', 'ECBAIT_10_0172_MEMBER_INTERIOR_01']
  HIT SRR11463922: 2 baits >= 0.7 ['ECBAIT_10_0002_MEMBER_INTERIOR_01', 'ECBAIT_10_0057_MEMBER_INTERIOR_01']
  HIT SRR11463923: 2 baits >= 0.7 ['ECBAIT_0_0000_JUNCTION_02', 'ECBAIT_10_0057_MEMBER_INTERIOR_01']
  HIT SRR11463925: 2 baits >= 0.7 ['ECBAIT_10_0002_MEMBER_INTERIOR_01', 'ECBAIT_10_0057_MEMBER_INTERIOR_01']
  HIT SRR11463924: 2 baits >= 0.7 ['ECBAIT_10_0002_MEMBER_INTERIOR_01', 'ECBAIT_10_0057_MEMBER_INTERIOR_01']
  HIT SRR11463926: 2 baits >= 0.7 ['ECBAIT_10_0002_MEMBER_INTERIOR_01', 'ECBAIT_10_0057_MEMBER_INTERIOR_01']
  HIT SRR11463927: 4 baits >= 0.7 ['ECBAIT_10_0002_JUNCTION_01', 'ECBAIT_10_0002_JUNCTION_02', 'ECBAIT_10_0002_MEMBER_INTERIOR_01', 'ECBAIT_10_0057_MEMBER_INTERIOR_01']
  HIT SRR11463928: 6 baits >= 0.7 ['ECBAIT_0_0000_INTERIOR_MODULE_01', 'ECBAIT_0_0000_JUNCTION_02', 'ECBAIT_0_0000_MEMBER_INTERIOR_01', 'ECBAIT_10_0002_MEMBER_INTERIOR_01']
  HIT SRR11463929: 3 baits >= 0.7 ['ECBAIT_10_0002_MEMBER_INTERIOR_01', 'ECBAIT_10_0057_MEMBER_INTERIOR_01', 'ECBAIT_10_0172_MEMBER_INTERIOR_01']
  HIT SRR11463931: 3 baits >= 0.7 ['ECBAIT_10_0002_JUNCTION_01', 'ECBAIT_10_0002_JUNCTION_02', 'ECBAIT_10_0057_MEMBER_INTERIOR_01']
  HIT SRR11463930: 2 baits >= 0.7 ['ECBAIT_10_0002_MEMBER_INTERIOR_01', 'ECBAIT_10_0057_MEMBER_INTERIOR_01']
  HIT SRR11463932: 3 baits >= 0.7 ['ECBAIT_10_0002_MEMBER_INTERIOR_01', 'ECBAIT_10_0057_MEMBER_INTERIOR_01', 'ECBAIT_10_0172_MEMBER_INTERIOR_01']
  HIT SRR11463933: 2 baits >= 0.7 ['ECBAIT_10_0002_MEMBER_INTERIOR_01', 'ECBAIT_10_0057_MEMBER_INTERIOR_01']
  HIT SRR11463934: 3 baits >= 0.7 ['ECBAIT_10_0002_JUNCTION_01', 'ECBAIT_10_0002_JUNCTION_02', 'ECBAIT_10_0057_MEMBER_INTERIOR_01']
  HIT SRR11463935: 2 baits >= 0.7 ['ECBAIT_10_0002_MEMBER_INTERIOR_01', 'ECBAIT_10_0057_MEMBER_INTERIOR_01']
  HIT SRR11463936: 2 baits >= 0.7 ['ECBAIT_10_0002_MEMBER_INTERIOR_01', 'ECBAIT_10_0057_MEMBER_INTERIOR_01']
  HIT SRR11463937: 3 baits >= 0.7 ['ECBAIT_10_0002_MEMBER_INTERIOR_01', 'ECBAIT_10_0057_MEMBER_INTERIOR_01', 'ECBAIT_10_0172_MEMBER_INTERIOR_01']
  HIT SRR11463938: 4 baits >= 0.7 ['ECBAIT_10_0002_JUNCTION_01', 'ECBAIT_10_0002_JUNCTION_02', 'ECBAIT_10_0002_MEMBER_INTERIOR_01', 'ECBAIT_10_0057_MEMBER_INTERIOR_01']
  HIT SRR11463939: 3 baits >= 0.7 ['ECBAIT_10_0002_MEMBER_INTERIOR_01', 'ECBAIT_10_0057_MEMBER_INTERIOR_01', 'ECBAIT_10_0172_MEMBER_INTERIOR_01']
  HIT SRR11463941: 3 baits >= 0.7 ['ECBAIT_0_0052_JUNCTION_03', 'ECBAIT_10_0002_MEMBER_INTERIOR_01', 'ECBAIT_10_0057_MEMBER_INTERIOR_01']
  8750/11975 processed (1243 screened, 1206 hit-accessions) 626s budget=2.0GB
  HIT SRR11463940: 5 baits >= 0.7 ['ECBAIT_10_0002_JUNCTION_01', 'ECBAIT_10_0002_JUNCTION_02', 'ECBAIT_10_0002_MEMBER_INTERIOR_01', 'ECBAIT_10_0057_MEMBER_INTERIOR_01']
  HIT SRR11463943: 3 baits >= 0.7 ['ECBAIT_10_0002_JUNCTION_01', 'ECBAIT_10_0002_MEMBER_INTERIOR_01', 'ECBAIT_10_0057_MEMBER_INTERIOR_01']
  HIT SRR11463942: 3 baits >= 0.7 ['ECBAIT_10_0002_JUNCTION_01', 'ECBAIT_10_0002_JUNCTION_02', 'ECBAIT_10_0057_MEMBER_INTERIOR_01']
  HIT SRR11463944: 2 baits >= 0.7 ['ECBAIT_10_0002_MEMBER_INTERIOR_01', 'ECBAIT_10_0057_MEMBER_INTERIOR_01']
  HIT SRR11463945: 3 baits >= 0.7 ['ECBAIT_10_0002_JUNCTION_01', 'ECBAIT_10_0002_MEMBER_INTERIOR_01', 'ECBAIT_10_0057_MEMBER_INTERIOR_01']
  HIT SRR11463946: 1 baits >= 0.7 ['ECBAIT_10_0057_MEMBER_INTERIOR_01']
  HIT SRR11463947: 2 baits >= 0.7 ['ECBAIT_10_0002_MEMBER_INTERIOR_01', 'ECBAIT_10_0057_MEMBER_INTERIOR_01']
  HIT SRR11463948: 2 baits >= 0.7 ['ECBAIT_10_0002_MEMBER_INTERIOR_01', 'ECBAIT_10_0057_MEMBER_INTERIOR_01']
  HIT SRR11463949: 2 baits >= 0.7 ['ECBAIT_10_0002_MEMBER_INTERIOR_01', 'ECBAIT_10_0057_MEMBER_INTERIOR_01']
  HIT SRR11463950: 2 baits >= 0.7 ['ECBAIT_10_0002_MEMBER_INTERIOR_01', 'ECBAIT_10_0057_MEMBER_INTERIOR_01']
  HIT SRR11463951: 1 baits >= 0.7 ['ECBAIT_10_0057_MEMBER_INTERIOR_01']
  HIT SRR11463952: 2 baits >= 0.7 ['ECBAIT_10_0002_MEMBER_INTERIOR_01', 'ECBAIT_10_0057_MEMBER_INTERIOR_01']
  HIT SRR11463953: 2 baits >= 0.7 ['ECBAIT_10_0002_MEMBER_INTERIOR_01', 'ECBAIT_10_0057_MEMBER_INTERIOR_01']
  HIT SRR11463954: 2 baits >= 0.7 ['ECBAIT_10_0002_MEMBER_INTERIOR_01', 'ECBAIT_10_0057_MEMBER_INTERIOR_01']
  HIT SRR11463955: 2 baits >= 0.7 ['ECBAIT_10_0002_MEMBER_INTERIOR_01', 'ECBAIT_10_0057_MEMBER_INTERIOR_01']
  HIT SRR11463956: 4 baits >= 0.7 ['ECBAIT_10_0002_JUNCTION_01', 'ECBAIT_10_0002_JUNCTION_02', 'ECBAIT_10_0002_MEMBER_INTERIOR_01', 'ECBAIT_10_0057_MEMBER_INTERIOR_01']
  HIT SRR11463957: 1 baits >= 0.7 ['ECBAIT_10_0057_MEMBER_INTERIOR_01']
  HIT SRR11463958: 2 baits >= 0.7 ['ECBAIT_10_0002_MEMBER_INTERIOR_01', 'ECBAIT_10_0057_MEMBER_INTERIOR_01']
  HIT SRR11463959: 7 baits >= 0.7 ['ECBAIT_0_0000_JUNCTION_02', 'ECBAIT_0_0046_MEMBER_INTERIOR_01', 'ECBAIT_10_0002_MEMBER_INTERIOR_01', 'ECBAIT_10_0057_MEMBER_INTERIOR_01']
  HIT SRR11463960: 2 baits >= 0.7 ['ECBAIT_10_0002_MEMBER_INTERIOR_01', 'ECBAIT_10_0057_MEMBER_INTERIOR_01']
  HIT SRR11463961: 2 baits >= 0.7 ['ECBAIT_10_0002_MEMBER_INTERIOR_01', 'ECBAIT_10_0057_MEMBER_INTERIOR_01']
  HIT SRR11463962: 3 baits >= 0.7 ['ECBAIT_10_0002_MEMBER_INTERIOR_01', 'ECBAIT_10_0057_MEMBER_INTERIOR_01', 'ECBAIT_10_0172_MEMBER_INTERIOR_01']
  HIT SRR11463963: 2 baits >= 0.7 ['ECBAIT_10_0002_MEMBER_INTERIOR_01', 'ECBAIT_10_0057_MEMBER_INTERIOR_01']
  HIT SRR11463964: 2 baits >= 0.7 ['ECBAIT_10_0002_MEMBER_INTERIOR_01', 'ECBAIT_10_0057_MEMBER_INTERIOR_01']
  HIT SRR11463965: 2 baits >= 0.7 ['ECBAIT_10_0002_MEMBER_INTERIOR_01', 'ECBAIT_10_0057_MEMBER_INTERIOR_01']
  HIT SRR11463966: 4 baits >= 0.7 ['ECBAIT_10_0002_JUNCTION_01', 'ECBAIT_10_0002_JUNCTION_02', 'ECBAIT_10_0002_MEMBER_INTERIOR_01', 'ECBAIT_10_0057_MEMBER_INTERIOR_01']
  HIT SRR11463967: 4 baits >= 0.7 ['ECBAIT_10_0002_JUNCTION_01', 'ECBAIT_10_0002_JUNCTION_02', 'ECBAIT_10_0002_MEMBER_INTERIOR_01', 'ECBAIT_10_0057_MEMBER_INTERIOR_01']
  HIT SRR11463968: 2 baits >= 0.7 ['ECBAIT_10_0002_MEMBER_INTERIOR_01', 'ECBAIT_10_0057_MEMBER_INTERIOR_01']
  HIT SRR11463969: 2 baits >= 0.7 ['ECBAIT_10_0002_MEMBER_INTERIOR_01', 'ECBAIT_10_0057_MEMBER_INTERIOR_01']
  HIT SRR11463970: 2 baits >= 0.7 ['ECBAIT_10_0002_MEMBER_INTERIOR_01', 'ECBAIT_10_0057_MEMBER_INTERIOR_01']
  HIT SRR11463971: 4 baits >= 0.7 ['ECBAIT_10_0002_JUNCTION_01', 'ECBAIT_10_0002_JUNCTION_02', 'ECBAIT_10_0002_MEMBER_INTERIOR_01', 'ECBAIT_10_0057_MEMBER_INTERIOR_01']
  HIT SRR11463972: 2 baits >= 0.7 ['ECBAIT_10_0002_MEMBER_INTERIOR_01', 'ECBAIT_10_0057_MEMBER_INTERIOR_01']
  HIT SRR11463973: 3 baits >= 0.7 ['ECBAIT_10_0002_MEMBER_INTERIOR_01', 'ECBAIT_10_0057_MEMBER_INTERIOR_01', 'ECBAIT_10_0172_MEMBER_INTERIOR_01']
  HIT SRR11463974: 5 baits >= 0.7 ['ECBAIT_0_0052_JUNCTION_01', 'ECBAIT_10_0002_JUNCTION_01', 'ECBAIT_10_0002_JUNCTION_02', 'ECBAIT_10_0002_MEMBER_INTERIOR_01']
  HIT SRR11463975: 2 baits >= 0.7 ['ECBAIT_10_0002_MEMBER_INTERIOR_01', 'ECBAIT_10_0057_MEMBER_INTERIOR_01']
  HIT SRR11463976: 3 baits >= 0.7 ['ECBAIT_10_0002_MEMBER_INTERIOR_01', 'ECBAIT_10_0057_MEMBER_INTERIOR_01', 'ECBAIT_10_0172_MEMBER_INTERIOR_01']
  HIT SRR11463977: 4 baits >= 0.7 ['ECBAIT_10_0002_JUNCTION_01', 'ECBAIT_10_0002_JUNCTION_02', 'ECBAIT_10_0002_MEMBER_INTERIOR_01', 'ECBAIT_10_0057_MEMBER_INTERIOR_01']
  HIT SRR11463978: 2 baits >= 0.7 ['ECBAIT_10_0002_MEMBER_INTERIOR_01', 'ECBAIT_10_0057_MEMBER_INTERIOR_01']
  HIT SRR11463980: 3 baits >= 0.7 ['ECBAIT_10_0002_MEMBER_INTERIOR_01', 'ECBAIT_10_0057_MEMBER_INTERIOR_01', 'ECBAIT_10_0172_MEMBER_INTERIOR_01']
  HIT SRR11463979: 3 baits >= 0.7 ['ECBAIT_10_0002_MEMBER_INTERIOR_01', 'ECBAIT_10_0057_MEMBER_INTERIOR_01', 'ECBAIT_10_0172_MEMBER_INTERIOR_01']
  HIT SRR11463981: 2 baits >= 0.7 ['ECBAIT_10_0002_MEMBER_INTERIOR_01', 'ECBAIT_10_0057_MEMBER_INTERIOR_01']
  HIT SRR11463982: 4 baits >= 0.7 ['ECBAIT_10_0002_JUNCTION_01', 'ECBAIT_10_0002_JUNCTION_02', 'ECBAIT_10_0002_MEMBER_INTERIOR_01', 'ECBAIT_10_0057_MEMBER_INTERIOR_01']
  HIT SRR11463983: 2 baits >= 0.7 ['ECBAIT_10_0002_MEMBER_INTERIOR_01', 'ECBAIT_10_0057_MEMBER_INTERIOR_01']
  HIT SRR11463984: 2 baits >= 0.7 ['ECBAIT_10_0057_MEMBER_INTERIOR_01', 'ECBAIT_HOST_CONTROL_02']
  HIT SRR11463985: 2 baits >= 0.7 ['ECBAIT_10_0002_MEMBER_INTERIOR_01', 'ECBAIT_10_0057_MEMBER_INTERIOR_01']
  HIT SRR11463986: 4 baits >= 0.7 ['ECBAIT_10_0002_JUNCTION_01', 'ECBAIT_10_0002_JUNCTION_02', 'ECBAIT_10_0002_MEMBER_INTERIOR_01', 'ECBAIT_10_0057_MEMBER_INTERIOR_01']
  HIT SRR11463987: 4 baits >= 0.7 ['ECBAIT_10_0002_JUNCTION_01', 'ECBAIT_10_0002_JUNCTION_02', 'ECBAIT_10_0002_MEMBER_INTERIOR_01', 'ECBAIT_10_0057_MEMBER_INTERIOR_01']
  HIT SRR11463988: 2 baits >= 0.7 ['ECBAIT_10_0002_MEMBER_INTERIOR_01', 'ECBAIT_10_0057_MEMBER_INTERIOR_01']
  HIT SRR11463989: 2 baits >= 0.7 ['ECBAIT_10_0002_MEMBER_INTERIOR_01', 'ECBAIT_10_0057_MEMBER_INTERIOR_01']
  HIT SRR11463990: 3 baits >= 0.7 ['ECBAIT_10_0002_MEMBER_INTERIOR_01', 'ECBAIT_10_0057_MEMBER_INTERIOR_01', 'ECBAIT_10_0172_MEMBER_INTERIOR_01']
  8800/11975 processed (1293 screened, 1256 hit-accessions) 642s budget=2.1GB
  HIT SRR11463991: 2 baits >= 0.7 ['ECBAIT_10_0002_MEMBER_INTERIOR_01', 'ECBAIT_10_0057_MEMBER_INTERIOR_01']
  HIT SRR11463992: 2 baits >= 0.7 ['ECBAIT_10_0002_MEMBER_INTERIOR_01', 'ECBAIT_10_0057_MEMBER_INTERIOR_01']
  HIT SRR11463993: 2 baits >= 0.7 ['ECBAIT_10_0002_MEMBER_INTERIOR_01', 'ECBAIT_10_0057_MEMBER_INTERIOR_01']
  HIT SRR11463994: 1 baits >= 0.7 ['ECBAIT_10_0057_MEMBER_INTERIOR_01']
  HIT SRR11463995: 4 baits >= 0.7 ['ECBAIT_10_0002_JUNCTION_01', 'ECBAIT_10_0002_JUNCTION_02', 'ECBAIT_10_0002_MEMBER_INTERIOR_01', 'ECBAIT_10_0057_MEMBER_INTERIOR_01']
  HIT SRR11463996: 1 baits >= 0.7 ['ECBAIT_10_0057_MEMBER_INTERIOR_01']
  HIT SRR11463997: 3 baits >= 0.7 ['ECBAIT_10_0002_JUNCTION_01', 'ECBAIT_10_0002_JUNCTION_02', 'ECBAIT_10_0057_MEMBER_INTERIOR_01']
  HIT SRR11463998: 3 baits >= 0.7 ['ECBAIT_0_0052_JUNCTION_03', 'ECBAIT_10_0002_MEMBER_INTERIOR_01', 'ECBAIT_10_0057_MEMBER_INTERIOR_01']
  HIT SRR11463999: 4 baits >= 0.7 ['ECBAIT_10_0002_JUNCTION_01', 'ECBAIT_10_0002_JUNCTION_02', 'ECBAIT_10_0002_MEMBER_INTERIOR_01', 'ECBAIT_10_0057_MEMBER_INTERIOR_01']
  HIT SRR11464000: 3 baits >= 0.7 ['ECBAIT_10_0002_JUNCTION_01', 'ECBAIT_10_0002_JUNCTION_02', 'ECBAIT_10_0057_MEMBER_INTERIOR_01']
  HIT SRR11464001: 2 baits >= 0.7 ['ECBAIT_10_0002_MEMBER_INTERIOR_01', 'ECBAIT_10_0057_MEMBER_INTERIOR_01']
  HIT SRR11464002: 4 baits >= 0.7 ['ECBAIT_10_0002_JUNCTION_01', 'ECBAIT_10_0002_JUNCTION_02', 'ECBAIT_10_0002_MEMBER_INTERIOR_01', 'ECBAIT_10_0057_MEMBER_INTERIOR_01']
  HIT SRR11464003: 2 baits >= 0.7 ['ECBAIT_10_0002_MEMBER_INTERIOR_01', 'ECBAIT_10_0057_MEMBER_INTERIOR_01']
  HIT SRR11464004: 2 baits >= 0.7 ['ECBAIT_10_0002_MEMBER_INTERIOR_01', 'ECBAIT_10_0057_MEMBER_INTERIOR_01']
  HIT SRR11464005: 3 baits >= 0.7 ['ECBAIT_10_0002_MEMBER_INTERIOR_01', 'ECBAIT_10_0057_MEMBER_INTERIOR_01', 'ECBAIT_10_0172_MEMBER_INTERIOR_01']
  HIT SRR11464006: 2 baits >= 0.7 ['ECBAIT_10_0002_MEMBER_INTERIOR_01', 'ECBAIT_10_0057_MEMBER_INTERIOR_01']
  HIT SRR11464007: 3 baits >= 0.7 ['ECBAIT_10_0002_JUNCTION_01', 'ECBAIT_10_0002_JUNCTION_02', 'ECBAIT_10_0002_MEMBER_INTERIOR_01']
  HIT SRR11464008: 2 baits >= 0.7 ['ECBAIT_10_0002_MEMBER_INTERIOR_01', 'ECBAIT_10_0057_MEMBER_INTERIOR_01']
  HIT SRR11464009: 4 baits >= 0.7 ['ECBAIT_10_0002_JUNCTION_01', 'ECBAIT_10_0002_JUNCTION_02', 'ECBAIT_10_0002_MEMBER_INTERIOR_01', 'ECBAIT_10_0057_MEMBER_INTERIOR_01']
  HIT SRR11464010: 2 baits >= 0.7 ['ECBAIT_10_0002_MEMBER_INTERIOR_01', 'ECBAIT_10_0057_MEMBER_INTERIOR_01']
  HIT SRR11464011: 3 baits >= 0.7 ['ECBAIT_10_0002_MEMBER_INTERIOR_01', 'ECBAIT_10_0057_MEMBER_INTERIOR_01', 'ECBAIT_10_0172_MEMBER_INTERIOR_01']
  HIT SRR11464012: 2 baits >= 0.7 ['ECBAIT_10_0002_MEMBER_INTERIOR_01', 'ECBAIT_10_0057_MEMBER_INTERIOR_01']
  HIT SRR11464013: 3 baits >= 0.7 ['ECBAIT_10_0002_MEMBER_INTERIOR_01', 'ECBAIT_10_0057_MEMBER_INTERIOR_01', 'ECBAIT_10_0172_MEMBER_INTERIOR_01']
  HIT SRR11464014: 2 baits >= 0.7 ['ECBAIT_10_0002_MEMBER_INTERIOR_01', 'ECBAIT_10_0057_MEMBER_INTERIOR_01']
  HIT SRR11464015: 2 baits >= 0.7 ['ECBAIT_10_0057_MEMBER_INTERIOR_01', 'ECBAIT_HOST_CONTROL_02']
  HIT SRR11464016: 4 baits >= 0.7 ['ECBAIT_10_0002_JUNCTION_01', 'ECBAIT_10_0002_JUNCTION_02', 'ECBAIT_10_0002_MEMBER_INTERIOR_01', 'ECBAIT_10_0057_MEMBER_INTERIOR_01']
  HIT SRR11464017: 2 baits >= 0.7 ['ECBAIT_10_0002_MEMBER_INTERIOR_01', 'ECBAIT_10_0057_MEMBER_INTERIOR_01']
  HIT SRR11464018: 1 baits >= 0.7 ['ECBAIT_10_0057_MEMBER_INTERIOR_01']
  HIT SRR11464019: 2 baits >= 0.7 ['ECBAIT_10_0002_MEMBER_INTERIOR_01', 'ECBAIT_10_0057_MEMBER_INTERIOR_01']
  HIT SRR11464020: 2 baits >= 0.7 ['ECBAIT_10_0002_MEMBER_INTERIOR_01', 'ECBAIT_10_0057_MEMBER_INTERIOR_01']
  HIT SRR11464021: 4 baits >= 0.7 ['ECBAIT_10_0002_JUNCTION_01', 'ECBAIT_10_0002_JUNCTION_02', 'ECBAIT_10_0002_MEMBER_INTERIOR_01', 'ECBAIT_10_0057_MEMBER_INTERIOR_01']
  HIT SRR11464022: 2 baits >= 0.7 ['ECBAIT_10_0002_MEMBER_INTERIOR_01', 'ECBAIT_10_0057_MEMBER_INTERIOR_01']
  HIT SRR11464023: 2 baits >= 0.7 ['ECBAIT_10_0002_MEMBER_INTERIOR_01', 'ECBAIT_10_0057_MEMBER_INTERIOR_01']
  HIT SRR11464024: 2 baits >= 0.7 ['ECBAIT_10_0002_MEMBER_INTERIOR_01', 'ECBAIT_10_0057_MEMBER_INTERIOR_01']
  HIT SRR11464025: 2 baits >= 0.7 ['ECBAIT_10_0002_MEMBER_INTERIOR_01', 'ECBAIT_10_0057_MEMBER_INTERIOR_01']
  HIT SRR11464026: 2 baits >= 0.7 ['ECBAIT_10_0002_MEMBER_INTERIOR_01', 'ECBAIT_10_0057_MEMBER_INTERIOR_01']
  HIT SRR11464027: 2 baits >= 0.7 ['ECBAIT_10_0002_MEMBER_INTERIOR_01', 'ECBAIT_10_0057_MEMBER_INTERIOR_01']
  HIT SRR11464028: 2 baits >= 0.7 ['ECBAIT_10_0057_MEMBER_INTERIOR_01', 'ECBAIT_HOST_CONTROL_02']
  HIT SRR11464029: 1 baits >= 0.7 ['ECBAIT_10_0057_MEMBER_INTERIOR_01']
  HIT SRR11464030: 3 baits >= 0.7 ['ECBAIT_10_0002_MEMBER_INTERIOR_01', 'ECBAIT_10_0057_MEMBER_INTERIOR_01', 'ECBAIT_10_0172_MEMBER_INTERIOR_01']
  HIT SRR11464031: 2 baits >= 0.7 ['ECBAIT_10_0002_MEMBER_INTERIOR_01', 'ECBAIT_10_0057_MEMBER_INTERIOR_01']
  HIT SRR11464032: 4 baits >= 0.7 ['ECBAIT_10_0002_JUNCTION_01', 'ECBAIT_10_0002_JUNCTION_02', 'ECBAIT_10_0002_MEMBER_INTERIOR_01', 'ECBAIT_10_0057_MEMBER_INTERIOR_01']
  HIT SRR11464033: 2 baits >= 0.7 ['ECBAIT_10_0002_MEMBER_INTERIOR_01', 'ECBAIT_10_0057_MEMBER_INTERIOR_01']
  HIT SRR11464034: 6 baits >= 0.7 ['ECBAIT_0_0059_JUNCTION_01', 'ECBAIT_0_0059_JUNCTION_02', 'ECBAIT_0_0059_JUNCTION_03', 'ECBAIT_10_0057_MEMBER_INTERIOR_01']
  HIT SRR11464035: 2 baits >= 0.7 ['ECBAIT_10_0002_MEMBER_INTERIOR_01', 'ECBAIT_10_0057_MEMBER_INTERIOR_01']
  HIT SRR11464036: 2 baits >= 0.7 ['ECBAIT_10_0002_MEMBER_INTERIOR_01', 'ECBAIT_10_0057_MEMBER_INTERIOR_01']
  HIT SRR11464037: 4 baits >= 0.7 ['ECBAIT_10_0002_JUNCTION_01', 'ECBAIT_10_0002_JUNCTION_02', 'ECBAIT_10_0002_MEMBER_INTERIOR_01', 'ECBAIT_10_0057_MEMBER_INTERIOR_01']
  HIT SRR11464038: 2 baits >= 0.7 ['ECBAIT_10_0002_MEMBER_INTERIOR_01', 'ECBAIT_10_0057_MEMBER_INTERIOR_01']
  HIT SRR11464039: 4 baits >= 0.7 ['ECBAIT_10_0002_JUNCTION_01', 'ECBAIT_10_0002_JUNCTION_02', 'ECBAIT_10_0002_MEMBER_INTERIOR_01', 'ECBAIT_10_0057_MEMBER_INTERIOR_01']
  HIT SRR11464040: 4 baits >= 0.7 ['ECBAIT_10_0002_JUNCTION_01', 'ECBAIT_10_0002_JUNCTION_02', 'ECBAIT_10_0002_MEMBER_INTERIOR_01', 'ECBAIT_10_0057_MEMBER_INTERIOR_01']
  8850/11975 processed (1343 screened, 1306 hit-accessions) 658s budget=2.2GB
  HIT SRR11464041: 1 baits >= 0.7 ['ECBAIT_10_0057_MEMBER_INTERIOR_01']
  HIT SRR11464042: 2 baits >= 0.7 ['ECBAIT_10_0002_MEMBER_INTERIOR_01', 'ECBAIT_10_0057_MEMBER_INTERIOR_01']
  HIT SRR11464043: 2 baits >= 0.7 ['ECBAIT_10_0057_MEMBER_INTERIOR_01', 'ECBAIT_HOST_CONTROL_02']
  HIT SRR11464044: 2 baits >= 0.7 ['ECBAIT_10_0002_MEMBER_INTERIOR_01', 'ECBAIT_10_0057_MEMBER_INTERIOR_01']
  HIT SRR11464045: 2 baits >= 0.7 ['ECBAIT_10_0002_MEMBER_INTERIOR_01', 'ECBAIT_10_0057_MEMBER_INTERIOR_01']
  HIT SRR11464046: 4 baits >= 0.7 ['ECBAIT_10_0002_JUNCTION_01', 'ECBAIT_10_0002_JUNCTION_02', 'ECBAIT_10_0002_MEMBER_INTERIOR_01', 'ECBAIT_10_0057_MEMBER_INTERIOR_01']
  HIT SRR11464047: 2 baits >= 0.7 ['ECBAIT_10_0002_MEMBER_INTERIOR_01', 'ECBAIT_10_0057_MEMBER_INTERIOR_01']
  HIT SRR11464048: 3 baits >= 0.7 ['ECBAIT_10_0002_MEMBER_INTERIOR_01', 'ECBAIT_10_0057_MEMBER_INTERIOR_01', 'ECBAIT_10_0172_MEMBER_INTERIOR_01']
  HIT SRR11464049: 2 baits >= 0.7 ['ECBAIT_10_0002_MEMBER_INTERIOR_01', 'ECBAIT_10_0057_MEMBER_INTERIOR_01']
  HIT SRR11464050: 3 baits >= 0.7 ['ECBAIT_10_0002_MEMBER_INTERIOR_01', 'ECBAIT_10_0057_MEMBER_INTERIOR_01', 'ECBAIT_10_0172_MEMBER_INTERIOR_01']
  HIT SRR11464051: 1 baits >= 0.7 ['ECBAIT_10_0057_MEMBER_INTERIOR_01']
  HIT SRR11464053: 1 baits >= 0.7 ['ECBAIT_10_0057_MEMBER_INTERIOR_01']
  HIT SRR11464052: 2 baits >= 0.7 ['ECBAIT_10_0002_MEMBER_INTERIOR_01', 'ECBAIT_10_0057_MEMBER_INTERIOR_01']
  HIT SRR11464054: 3 baits >= 0.7 ['ECBAIT_10_0002_MEMBER_INTERIOR_01', 'ECBAIT_10_0057_MEMBER_INTERIOR_01', 'ECBAIT_10_0172_MEMBER_INTERIOR_01']
  HIT SRR11464055: 4 baits >= 0.7 ['ECBAIT_10_0002_JUNCTION_01', 'ECBAIT_10_0002_JUNCTION_02', 'ECBAIT_10_0002_MEMBER_INTERIOR_01', 'ECBAIT_10_0057_MEMBER_INTERIOR_01']
  HIT SRR11464056: 3 baits >= 0.7 ['ECBAIT_10_0002_MEMBER_INTERIOR_01', 'ECBAIT_10_0057_MEMBER_INTERIOR_01', 'ECBAIT_10_0172_MEMBER_INTERIOR_01']
  HIT SRR11464057: 4 baits >= 0.7 ['ECBAIT_10_0002_JUNCTION_01', 'ECBAIT_10_0002_JUNCTION_02', 'ECBAIT_10_0002_MEMBER_INTERIOR_01', 'ECBAIT_10_0057_MEMBER_INTERIOR_01']
  HIT SRR11464058: 3 baits >= 0.7 ['ECBAIT_10_0002_MEMBER_INTERIOR_01', 'ECBAIT_10_0057_MEMBER_INTERIOR_01', 'ECBAIT_10_0172_MEMBER_INTERIOR_01']
  HIT SRR11464059: 2 baits >= 0.7 ['ECBAIT_10_0057_MEMBER_INTERIOR_01', 'ECBAIT_10_0151_MEMBER_INTERIOR_01']
  HIT SRR11464060: 4 baits >= 0.7 ['ECBAIT_10_0002_JUNCTION_01', 'ECBAIT_10_0002_MEMBER_INTERIOR_01', 'ECBAIT_10_0057_MEMBER_INTERIOR_01', 'ECBAIT_10_0172_MEMBER_INTERIOR_01']
  HIT SRR11464061: 1 baits >= 0.7 ['ECBAIT_10_0057_MEMBER_INTERIOR_01']
  HIT SRR11464062: 3 baits >= 0.7 ['ECBAIT_0_0052_JUNCTION_03', 'ECBAIT_10_0002_MEMBER_INTERIOR_01', 'ECBAIT_10_0057_MEMBER_INTERIOR_01']
  HIT SRR11464063: 4 baits >= 0.7 ['ECBAIT_10_0002_JUNCTION_01', 'ECBAIT_10_0002_JUNCTION_02', 'ECBAIT_10_0002_MEMBER_INTERIOR_01', 'ECBAIT_10_0057_MEMBER_INTERIOR_01']
  HIT SRR11464065: 4 baits >= 0.7 ['ECBAIT_10_0002_JUNCTION_01', 'ECBAIT_10_0002_JUNCTION_02', 'ECBAIT_10_0057_MEMBER_INTERIOR_01', 'ECBAIT_10_0172_MEMBER_INTERIOR_01']
  HIT SRR11464064: 3 baits >= 0.7 ['ECBAIT_10_0002_JUNCTION_02', 'ECBAIT_10_0002_MEMBER_INTERIOR_01', 'ECBAIT_10_0057_MEMBER_INTERIOR_01']
  HIT SRR11464068: 3 baits >= 0.7 ['ECBAIT_10_0002_JUNCTION_01', 'ECBAIT_10_0002_JUNCTION_02', 'ECBAIT_10_0057_MEMBER_INTERIOR_01']
  HIT SRR11464066: 4 baits >= 0.7 ['ECBAIT_10_0002_JUNCTION_01', 'ECBAIT_10_0002_JUNCTION_02', 'ECBAIT_10_0002_MEMBER_INTERIOR_01', 'ECBAIT_10_0057_MEMBER_INTERIOR_01']
  HIT SRR11464067: 2 baits >= 0.7 ['ECBAIT_10_0002_MEMBER_INTERIOR_01', 'ECBAIT_10_0057_MEMBER_INTERIOR_01']
  HIT SRR11464069: 3 baits >= 0.7 ['ECBAIT_10_0002_MEMBER_INTERIOR_01', 'ECBAIT_10_0057_MEMBER_INTERIOR_01', 'ECBAIT_10_0172_MEMBER_INTERIOR_01']
  HIT SRR11464071: 4 baits >= 0.7 ['ECBAIT_10_0002_JUNCTION_01', 'ECBAIT_10_0002_JUNCTION_02', 'ECBAIT_10_0002_MEMBER_INTERIOR_01', 'ECBAIT_10_0057_MEMBER_INTERIOR_01']
  HIT SRR11464072: 2 baits >= 0.7 ['ECBAIT_10_0002_MEMBER_INTERIOR_01', 'ECBAIT_10_0057_MEMBER_INTERIOR_01']
  HIT SRR11464070: 3 baits >= 0.7 ['ECBAIT_10_0002_MEMBER_INTERIOR_01', 'ECBAIT_10_0057_MEMBER_INTERIOR_01', 'ECBAIT_10_0172_MEMBER_INTERIOR_01']
  HIT SRR11464073: 2 baits >= 0.7 ['ECBAIT_10_0002_MEMBER_INTERIOR_01', 'ECBAIT_10_0057_MEMBER_INTERIOR_01']
  HIT SRR11464076: 4 baits >= 0.7 ['ECBAIT_10_0002_JUNCTION_01', 'ECBAIT_10_0002_JUNCTION_02', 'ECBAIT_10_0002_MEMBER_INTERIOR_01', 'ECBAIT_10_0057_MEMBER_INTERIOR_01']
  HIT SRR11464074: 2 baits >= 0.7 ['ECBAIT_10_0002_MEMBER_INTERIOR_01', 'ECBAIT_10_0057_MEMBER_INTERIOR_01']
  HIT SRR11464077: 4 baits >= 0.7 ['ECBAIT_10_0002_JUNCTION_01', 'ECBAIT_10_0002_JUNCTION_02', 'ECBAIT_10_0002_MEMBER_INTERIOR_01', 'ECBAIT_10_0057_MEMBER_INTERIOR_01']
  HIT SRR11464075: 4 baits >= 0.7 ['ECBAIT_10_0002_JUNCTION_01', 'ECBAIT_10_0002_JUNCTION_02', 'ECBAIT_10_0002_MEMBER_INTERIOR_01', 'ECBAIT_10_0057_MEMBER_INTERIOR_01']
  HIT SRR11464079: 3 baits >= 0.7 ['ECBAIT_0_0000_JUNCTION_02', 'ECBAIT_10_0002_MEMBER_INTERIOR_01', 'ECBAIT_10_0057_MEMBER_INTERIOR_01']
  HIT SRR11464078: 2 baits >= 0.7 ['ECBAIT_10_0002_MEMBER_INTERIOR_01', 'ECBAIT_10_0057_MEMBER_INTERIOR_01']
  HIT SRR11464081: 2 baits >= 0.7 ['ECBAIT_10_0002_MEMBER_INTERIOR_01', 'ECBAIT_10_0057_MEMBER_INTERIOR_01']
  HIT SRR11464080: 4 baits >= 0.7 ['ECBAIT_10_0002_JUNCTION_01', 'ECBAIT_10_0002_JUNCTION_02', 'ECBAIT_10_0002_MEMBER_INTERIOR_01', 'ECBAIT_10_0057_MEMBER_INTERIOR_01']
  HIT SRR11464082: 2 baits >= 0.7 ['ECBAIT_10_0002_MEMBER_INTERIOR_01', 'ECBAIT_10_0057_MEMBER_INTERIOR_01']
  HIT SRR11464083: 2 baits >= 0.7 ['ECBAIT_10_0002_MEMBER_INTERIOR_01', 'ECBAIT_10_0057_MEMBER_INTERIOR_01']
  HIT SRR11464085: 1 baits >= 0.7 ['ECBAIT_10_0057_MEMBER_INTERIOR_01']
  HIT SRR11464084: 2 baits >= 0.7 ['ECBAIT_10_0002_MEMBER_INTERIOR_01', 'ECBAIT_10_0057_MEMBER_INTERIOR_01']
  HIT SRR11464086: 4 baits >= 0.7 ['ECBAIT_10_0002_JUNCTION_01', 'ECBAIT_10_0002_JUNCTION_02', 'ECBAIT_10_0002_MEMBER_INTERIOR_01', 'ECBAIT_10_0057_MEMBER_INTERIOR_01']
  HIT SRR11464087: 2 baits >= 0.7 ['ECBAIT_10_0057_MEMBER_INTERIOR_01', 'ECBAIT_HOST_CONTROL_02']
  HIT SRR11464088: 2 baits >= 0.7 ['ECBAIT_10_0002_MEMBER_INTERIOR_01', 'ECBAIT_10_0057_MEMBER_INTERIOR_01']
  HIT SRR11464089: 2 baits >= 0.7 ['ECBAIT_10_0002_MEMBER_INTERIOR_01', 'ECBAIT_10_0057_MEMBER_INTERIOR_01']
  HIT SRR11464090: 2 baits >= 0.7 ['ECBAIT_10_0002_MEMBER_INTERIOR_01', 'ECBAIT_10_0057_MEMBER_INTERIOR_01']
  8900/11975 processed (1393 screened, 1356 hit-accessions) 675s budget=2.3GB
  HIT SRR11464091: 2 baits >= 0.7 ['ECBAIT_10_0002_MEMBER_INTERIOR_01', 'ECBAIT_10_0057_MEMBER_INTERIOR_01']
  HIT SRR11464093: 2 baits >= 0.7 ['ECBAIT_10_0057_MEMBER_INTERIOR_01', 'ECBAIT_HOST_CONTROL_02']
  HIT SRR11464092: 5 baits >= 0.7 ['ECBAIT_10_0002_JUNCTION_01', 'ECBAIT_10_0002_JUNCTION_02', 'ECBAIT_10_0002_MEMBER_INTERIOR_01', 'ECBAIT_10_0057_MEMBER_INTERIOR_01']
  HIT SRR11464094: 2 baits >= 0.7 ['ECBAIT_10_0057_MEMBER_INTERIOR_01', 'ECBAIT_HOST_CONTROL_02']
  HIT SRR11464095: 4 baits >= 0.7 ['ECBAIT_10_0002_JUNCTION_01', 'ECBAIT_10_0002_JUNCTION_02', 'ECBAIT_10_0002_MEMBER_INTERIOR_01', 'ECBAIT_10_0057_MEMBER_INTERIOR_01']
  HIT SRR11464096: 6 baits >= 0.7 ['ECBAIT_0_0046_MEMBER_INTERIOR_01', 'ECBAIT_10_0002_MEMBER_INTERIOR_01', 'ECBAIT_10_0057_MEMBER_INTERIOR_01', 'ECBAIT_1_0022_JUNCTION_02']
  HIT SRR11464097: 2 baits >= 0.7 ['ECBAIT_10_0002_MEMBER_INTERIOR_01', 'ECBAIT_10_0057_MEMBER_INTERIOR_01']
  HIT SRR11464099: 3 baits >= 0.7 ['ECBAIT_10_0002_MEMBER_INTERIOR_01', 'ECBAIT_10_0057_MEMBER_INTERIOR_01', 'ECBAIT_10_0172_MEMBER_INTERIOR_01']
  HIT SRR11464098: 2 baits >= 0.7 ['ECBAIT_10_0057_MEMBER_INTERIOR_01', 'ECBAIT_HOST_CONTROL_02']
  HIT SRR11464100: 1 baits >= 0.7 ['ECBAIT_10_0057_MEMBER_INTERIOR_01']
  HIT SRR11464101: 2 baits >= 0.7 ['ECBAIT_10_0002_MEMBER_INTERIOR_01', 'ECBAIT_10_0057_MEMBER_INTERIOR_01']
  HIT SRR11464102: 6 baits >= 0.7 ['ECBAIT_0_0046_MEMBER_INTERIOR_01', 'ECBAIT_10_0002_MEMBER_INTERIOR_01', 'ECBAIT_10_0057_MEMBER_INTERIOR_01', 'ECBAIT_1_0022_JUNCTION_02']
  HIT SRR11464103: 1 baits >= 0.7 ['ECBAIT_10_0057_MEMBER_INTERIOR_01']
  HIT SRR11464104: 4 baits >= 0.7 ['ECBAIT_10_0002_JUNCTION_01', 'ECBAIT_10_0002_JUNCTION_02', 'ECBAIT_10_0002_MEMBER_INTERIOR_01', 'ECBAIT_10_0057_MEMBER_INTERIOR_01']
  HIT SRR11464105: 2 baits >= 0.7 ['ECBAIT_10_0002_MEMBER_INTERIOR_01', 'ECBAIT_10_0057_MEMBER_INTERIOR_01']
  HIT SRR11464106: 2 baits >= 0.7 ['ECBAIT_10_0002_MEMBER_INTERIOR_01', 'ECBAIT_10_0057_MEMBER_INTERIOR_01']
  HIT SRR11464107: 2 baits >= 0.7 ['ECBAIT_10_0002_MEMBER_INTERIOR_01', 'ECBAIT_10_0057_MEMBER_INTERIOR_01']
  HIT SRR11464108: 3 baits >= 0.7 ['ECBAIT_10_0002_MEMBER_INTERIOR_01', 'ECBAIT_10_0057_MEMBER_INTERIOR_01', 'ECBAIT_10_0172_MEMBER_INTERIOR_01']
  HIT SRR11464109: 2 baits >= 0.7 ['ECBAIT_10_0002_MEMBER_INTERIOR_01', 'ECBAIT_10_0057_MEMBER_INTERIOR_01']
  HIT SRR11464111: 3 baits >= 0.7 ['ECBAIT_10_0002_MEMBER_INTERIOR_01', 'ECBAIT_10_0057_MEMBER_INTERIOR_01', 'ECBAIT_10_0172_MEMBER_INTERIOR_01']
  HIT SRR11464110: 2 baits >= 0.7 ['ECBAIT_10_0002_MEMBER_INTERIOR_01', 'ECBAIT_10_0057_MEMBER_INTERIOR_01']
  HIT SRR11464112: 3 baits >= 0.7 ['ECBAIT_0_0052_JUNCTION_01', 'ECBAIT_10_0002_MEMBER_INTERIOR_01', 'ECBAIT_10_0057_MEMBER_INTERIOR_01']
  HIT SRR11464113: 4 baits >= 0.7 ['ECBAIT_10_0002_JUNCTION_01', 'ECBAIT_10_0002_JUNCTION_02', 'ECBAIT_10_0002_MEMBER_INTERIOR_01', 'ECBAIT_10_0057_MEMBER_INTERIOR_01']
  HIT SRR11464115: 5 baits >= 0.7 ['ECBAIT_10_0002_JUNCTION_01', 'ECBAIT_10_0002_JUNCTION_02', 'ECBAIT_10_0002_MEMBER_INTERIOR_01', 'ECBAIT_10_0057_MEMBER_INTERIOR_01']
  HIT SRR11464114: 3 baits >= 0.7 ['ECBAIT_10_0002_JUNCTION_01', 'ECBAIT_10_0002_MEMBER_INTERIOR_01', 'ECBAIT_10_0057_MEMBER_INTERIOR_01']
  HIT SRR11496530: 2 baits >= 0.7 ['ECBAIT_10_0002_MEMBER_INTERIOR_01', 'ECBAIT_10_0057_MEMBER_INTERIOR_01']
  HIT SRR11496531: 2 baits >= 0.7 ['ECBAIT_10_0002_MEMBER_INTERIOR_01', 'ECBAIT_10_0057_MEMBER_INTERIOR_01']
  HIT SRR11496532: 2 baits >= 0.7 ['ECBAIT_10_0002_MEMBER_INTERIOR_01', 'ECBAIT_10_0057_MEMBER_INTERIOR_01']
  HIT SRR11496533: 2 baits >= 0.7 ['ECBAIT_10_0002_MEMBER_INTERIOR_01', 'ECBAIT_10_0057_MEMBER_INTERIOR_01']
  HIT SRR11496534: 2 baits >= 0.7 ['ECBAIT_10_0002_MEMBER_INTERIOR_01', 'ECBAIT_10_0057_MEMBER_INTERIOR_01']
  HIT SRR11496535: 4 baits >= 0.7 ['ECBAIT_10_0002_JUNCTION_01', 'ECBAIT_10_0002_JUNCTION_02', 'ECBAIT_10_0002_MEMBER_INTERIOR_01', 'ECBAIT_10_0057_MEMBER_INTERIOR_01']
  HIT SRR11496536: 3 baits >= 0.7 ['ECBAIT_0_0000_JUNCTION_02', 'ECBAIT_10_0057_MEMBER_INTERIOR_01', 'ECBAIT_10_0151_JUNCTION_03']
  HIT SRR11496537: 3 baits >= 0.7 ['ECBAIT_0_0000_JUNCTION_02', 'ECBAIT_10_0057_MEMBER_INTERIOR_01', 'ECBAIT_10_0151_JUNCTION_03']
  HIT SRR11496538: 4 baits >= 0.7 ['ECBAIT_10_0002_JUNCTION_01', 'ECBAIT_10_0002_JUNCTION_02', 'ECBAIT_10_0002_MEMBER_INTERIOR_01', 'ECBAIT_10_0057_MEMBER_INTERIOR_01']
  HIT SRR11496539: 2 baits >= 0.7 ['ECBAIT_10_0002_MEMBER_INTERIOR_01', 'ECBAIT_10_0057_MEMBER_INTERIOR_01']
  HIT SRR11496541: 5 baits >= 0.7 ['ECBAIT_10_0002_JUNCTION_01', 'ECBAIT_10_0002_JUNCTION_02', 'ECBAIT_10_0002_MEMBER_INTERIOR_01', 'ECBAIT_10_0057_MEMBER_INTERIOR_01']
  HIT SRR11496540: 5 baits >= 0.7 ['ECBAIT_10_0002_JUNCTION_01', 'ECBAIT_10_0002_JUNCTION_02', 'ECBAIT_10_0002_MEMBER_INTERIOR_01', 'ECBAIT_10_0057_MEMBER_INTERIOR_01']
  HIT SRR11496542: 2 baits >= 0.7 ['ECBAIT_10_0002_MEMBER_INTERIOR_01', 'ECBAIT_10_0057_MEMBER_INTERIOR_01']
  HIT SRR11496545: 2 baits >= 0.7 ['ECBAIT_10_0057_MEMBER_INTERIOR_01', 'ECBAIT_HOST_CONTROL_01']
  HIT SRR11496543: 5 baits >= 0.7 ['ECBAIT_10_0002_JUNCTION_01', 'ECBAIT_10_0002_JUNCTION_02', 'ECBAIT_10_0002_MEMBER_INTERIOR_01', 'ECBAIT_10_0057_MEMBER_INTERIOR_01']
  HIT SRR11496544: 5 baits >= 0.7 ['ECBAIT_10_0002_JUNCTION_01', 'ECBAIT_10_0002_JUNCTION_02', 'ECBAIT_10_0002_MEMBER_INTERIOR_01', 'ECBAIT_10_0057_MEMBER_INTERIOR_01']
  HIT SRR11496546: 2 baits >= 0.7 ['ECBAIT_10_0057_MEMBER_INTERIOR_01', 'ECBAIT_HOST_CONTROL_01']
  HIT SRR11496548: 3 baits >= 0.7 ['ECBAIT_0_0052_JUNCTION_01', 'ECBAIT_10_0002_MEMBER_INTERIOR_01', 'ECBAIT_10_0057_MEMBER_INTERIOR_01']
  HIT SRR11496547: 2 baits >= 0.7 ['ECBAIT_10_0002_MEMBER_INTERIOR_01', 'ECBAIT_10_0057_MEMBER_INTERIOR_01']
  HIT SRR11496549: 2 baits >= 0.7 ['ECBAIT_10_0002_MEMBER_INTERIOR_01', 'ECBAIT_10_0057_MEMBER_INTERIOR_01']
  HIT SRR11496550: 3 baits >= 0.7 ['ECBAIT_10_0002_MEMBER_INTERIOR_01', 'ECBAIT_10_0057_MEMBER_INTERIOR_01', 'ECBAIT_10_0172_MEMBER_INTERIOR_01']
  HIT SRR11496553: 4 baits >= 0.7 ['ECBAIT_10_0002_JUNCTION_01', 'ECBAIT_10_0002_JUNCTION_02', 'ECBAIT_10_0002_MEMBER_INTERIOR_01', 'ECBAIT_10_0057_MEMBER_INTERIOR_01']
  HIT SRR11496551: 2 baits >= 0.7 ['ECBAIT_10_0057_MEMBER_INTERIOR_01', 'ECBAIT_HOST_CONTROL_02']
  HIT SRR11496552: 2 baits >= 0.7 ['ECBAIT_10_0057_MEMBER_INTERIOR_01', 'ECBAIT_HOST_CONTROL_02']
  8950/11975 processed (1443 screened, 1405 hit-accessions) 690s budget=2.3GB
  HIT SRR11496554: 2 baits >= 0.7 ['ECBAIT_10_0002_MEMBER_INTERIOR_01', 'ECBAIT_10_0057_MEMBER_INTERIOR_01']
  HIT SRR11496556: 2 baits >= 0.7 ['ECBAIT_10_0002_MEMBER_INTERIOR_01', 'ECBAIT_10_0057_MEMBER_INTERIOR_01']
  HIT SRR11496555: 3 baits >= 0.7 ['ECBAIT_10_0002_MEMBER_INTERIOR_01', 'ECBAIT_10_0057_MEMBER_INTERIOR_01', 'ECBAIT_10_0172_MEMBER_INTERIOR_01']
  HIT SRR11496557: 2 baits >= 0.7 ['ECBAIT_10_0002_MEMBER_INTERIOR_01', 'ECBAIT_10_0057_MEMBER_INTERIOR_01']
  HIT SRR11496558: 2 baits >= 0.7 ['ECBAIT_10_0002_MEMBER_INTERIOR_01', 'ECBAIT_10_0057_MEMBER_INTERIOR_01']
  HIT SRR11496559: 3 baits >= 0.7 ['ECBAIT_10_0002_MEMBER_INTERIOR_01', 'ECBAIT_10_0057_MEMBER_INTERIOR_01', 'ECBAIT_10_0172_MEMBER_INTERIOR_01']
  HIT SRR11496560: 2 baits >= 0.7 ['ECBAIT_10_0057_MEMBER_INTERIOR_01', 'ECBAIT_HOST_CONTROL_02']
  HIT SRR11496561: 2 baits >= 0.7 ['ECBAIT_10_0002_MEMBER_INTERIOR_01', 'ECBAIT_10_0057_MEMBER_INTERIOR_01']
  HIT SRR11496562: 2 baits >= 0.7 ['ECBAIT_10_0057_MEMBER_INTERIOR_01', 'ECBAIT_HOST_CONTROL_02']
  HIT SRR11496564: 2 baits >= 0.7 ['ECBAIT_10_0002_MEMBER_INTERIOR_01', 'ECBAIT_10_0057_MEMBER_INTERIOR_01']
  HIT SRR11496563: 3 baits >= 0.7 ['ECBAIT_10_0002_MEMBER_INTERIOR_01', 'ECBAIT_10_0057_MEMBER_INTERIOR_01', 'ECBAIT_10_0172_MEMBER_INTERIOR_01']
  HIT SRR11496565: 2 baits >= 0.7 ['ECBAIT_10_0002_MEMBER_INTERIOR_01', 'ECBAIT_10_0057_MEMBER_INTERIOR_01']
  HIT SRR11496566: 2 baits >= 0.7 ['ECBAIT_10_0002_MEMBER_INTERIOR_01', 'ECBAIT_10_0057_MEMBER_INTERIOR_01']
  HIT SRR11496567: 2 baits >= 0.7 ['ECBAIT_10_0002_MEMBER_INTERIOR_01', 'ECBAIT_10_0057_MEMBER_INTERIOR_01']
  HIT SRR11496569: 2 baits >= 0.7 ['ECBAIT_10_0002_MEMBER_INTERIOR_01', 'ECBAIT_10_0057_MEMBER_INTERIOR_01']
  HIT SRR11496570: 2 baits >= 0.7 ['ECBAIT_10_0002_MEMBER_INTERIOR_01', 'ECBAIT_10_0057_MEMBER_INTERIOR_01']
  HIT SRR11496568: 4 baits >= 0.7 ['ECBAIT_10_0002_JUNCTION_01', 'ECBAIT_10_0002_JUNCTION_02', 'ECBAIT_10_0002_MEMBER_INTERIOR_01', 'ECBAIT_10_0057_MEMBER_INTERIOR_01']
  HIT SRR11496571: 2 baits >= 0.7 ['ECBAIT_10_0002_MEMBER_INTERIOR_01', 'ECBAIT_10_0057_MEMBER_INTERIOR_01']
  HIT SRR11496572: 3 baits >= 0.7 ['ECBAIT_10_0002_MEMBER_INTERIOR_01', 'ECBAIT_10_0057_MEMBER_INTERIOR_01', 'ECBAIT_10_0172_MEMBER_INTERIOR_01']
  HIT SRR11496573: 3 baits >= 0.7 ['ECBAIT_10_0002_MEMBER_INTERIOR_01', 'ECBAIT_10_0057_MEMBER_INTERIOR_01', 'ECBAIT_10_0172_MEMBER_INTERIOR_01']
  HIT SRR11496574: 3 baits >= 0.7 ['ECBAIT_10_0002_MEMBER_INTERIOR_01', 'ECBAIT_10_0057_MEMBER_INTERIOR_01', 'ECBAIT_10_0172_MEMBER_INTERIOR_01']
  HIT SRR11496575: 2 baits >= 0.7 ['ECBAIT_10_0002_MEMBER_INTERIOR_01', 'ECBAIT_10_0057_MEMBER_INTERIOR_01']
  HIT SRR11496576: 2 baits >= 0.7 ['ECBAIT_10_0002_MEMBER_INTERIOR_01', 'ECBAIT_10_0057_MEMBER_INTERIOR_01']
  HIT SRR11496578: 3 baits >= 0.7 ['ECBAIT_10_0002_MEMBER_INTERIOR_01', 'ECBAIT_10_0057_MEMBER_INTERIOR_01', 'ECBAIT_10_0172_MEMBER_INTERIOR_01']
  HIT SRR11496577: 3 baits >= 0.7 ['ECBAIT_0_0052_JUNCTION_01', 'ECBAIT_10_0002_MEMBER_INTERIOR_01', 'ECBAIT_10_0057_MEMBER_INTERIOR_01']
  HIT SRR11496579: 4 baits >= 0.7 ['ECBAIT_10_0002_JUNCTION_01', 'ECBAIT_10_0002_JUNCTION_02', 'ECBAIT_10_0002_MEMBER_INTERIOR_01', 'ECBAIT_10_0057_MEMBER_INTERIOR_01']
  HIT SRR11496580: 4 baits >= 0.7 ['ECBAIT_10_0002_JUNCTION_01', 'ECBAIT_10_0002_JUNCTION_02', 'ECBAIT_10_0002_MEMBER_INTERIOR_01', 'ECBAIT_10_0057_MEMBER_INTERIOR_01']
  HIT SRR11496581: 4 baits >= 0.7 ['ECBAIT_10_0002_JUNCTION_01', 'ECBAIT_10_0002_JUNCTION_02', 'ECBAIT_10_0002_MEMBER_INTERIOR_01', 'ECBAIT_10_0057_MEMBER_INTERIOR_01']
  HIT SRR11496582: 3 baits >= 0.7 ['ECBAIT_10_0002_JUNCTION_01', 'ECBAIT_10_0002_MEMBER_INTERIOR_01', 'ECBAIT_10_0057_MEMBER_INTERIOR_01']
  HIT SRR11496583: 2 baits >= 0.7 ['ECBAIT_10_0002_MEMBER_INTERIOR_01', 'ECBAIT_10_0057_MEMBER_INTERIOR_01']
  HIT SRR11496584: 2 baits >= 0.7 ['ECBAIT_10_0002_MEMBER_INTERIOR_01', 'ECBAIT_10_0057_MEMBER_INTERIOR_01']
  HIT SRR11496585: 2 baits >= 0.7 ['ECBAIT_10_0002_MEMBER_INTERIOR_01', 'ECBAIT_10_0057_MEMBER_INTERIOR_01']
  HIT SRR11496586: 3 baits >= 0.7 ['ECBAIT_10_0002_JUNCTION_01', 'ECBAIT_10_0002_MEMBER_INTERIOR_01', 'ECBAIT_10_0057_MEMBER_INTERIOR_01']
  HIT SRR11496587: 2 baits >= 0.7 ['ECBAIT_10_0002_MEMBER_INTERIOR_01', 'ECBAIT_10_0057_MEMBER_INTERIOR_01']
  HIT SRR11496588: 2 baits >= 0.7 ['ECBAIT_10_0002_MEMBER_INTERIOR_01', 'ECBAIT_10_0057_MEMBER_INTERIOR_01']
  HIT SRR11496589: 2 baits >= 0.7 ['ECBAIT_10_0002_MEMBER_INTERIOR_01', 'ECBAIT_10_0057_MEMBER_INTERIOR_01']
  HIT SRR11496590: 2 baits >= 0.7 ['ECBAIT_10_0002_MEMBER_INTERIOR_01', 'ECBAIT_10_0057_MEMBER_INTERIOR_01']
  HIT SRR11496591: 2 baits >= 0.7 ['ECBAIT_10_0002_MEMBER_INTERIOR_01', 'ECBAIT_10_0057_MEMBER_INTERIOR_01']
  HIT SRR11496592: 2 baits >= 0.7 ['ECBAIT_10_0002_MEMBER_INTERIOR_01', 'ECBAIT_10_0057_MEMBER_INTERIOR_01']
  HIT SRR11496594: 2 baits >= 0.7 ['ECBAIT_10_0002_MEMBER_INTERIOR_01', 'ECBAIT_10_0057_MEMBER_INTERIOR_01']
  HIT SRR11496593: 2 baits >= 0.7 ['ECBAIT_10_0002_MEMBER_INTERIOR_01', 'ECBAIT_10_0057_MEMBER_INTERIOR_01']
  HIT SRR11496595: 2 baits >= 0.7 ['ECBAIT_10_0002_MEMBER_INTERIOR_01', 'ECBAIT_10_0057_MEMBER_INTERIOR_01']
  HIT SRR11496596: 4 baits >= 0.7 ['ECBAIT_10_0002_JUNCTION_01', 'ECBAIT_10_0002_JUNCTION_02', 'ECBAIT_10_0002_MEMBER_INTERIOR_01', 'ECBAIT_10_0057_MEMBER_INTERIOR_01']
  HIT SRR11496597: 3 baits >= 0.7 ['ECBAIT_10_0002_JUNCTION_01', 'ECBAIT_10_0002_MEMBER_INTERIOR_01', 'ECBAIT_10_0057_MEMBER_INTERIOR_01']
  HIT SRR11496598: 3 baits >= 0.7 ['ECBAIT_10_0002_JUNCTION_01', 'ECBAIT_10_0002_MEMBER_INTERIOR_01', 'ECBAIT_10_0057_MEMBER_INTERIOR_01']
  HIT SRR11496600: 3 baits >= 0.7 ['ECBAIT_10_0002_JUNCTION_01', 'ECBAIT_10_0002_MEMBER_INTERIOR_01', 'ECBAIT_10_0057_MEMBER_INTERIOR_01']
  HIT SRR11496599: 2 baits >= 0.7 ['ECBAIT_10_0002_MEMBER_INTERIOR_01', 'ECBAIT_10_0057_MEMBER_INTERIOR_01']
  HIT SRR11496601: 3 baits >= 0.7 ['ECBAIT_10_0002_MEMBER_INTERIOR_01', 'ECBAIT_10_0057_MEMBER_INTERIOR_01', 'ECBAIT_1_0004_JUNCTION_01']
  HIT SRR11496602: 2 baits >= 0.7 ['ECBAIT_10_0002_MEMBER_INTERIOR_01', 'ECBAIT_10_0057_MEMBER_INTERIOR_01']
  HIT SRR11496605: 2 baits >= 0.7 ['ECBAIT_10_0057_MEMBER_INTERIOR_01', 'ECBAIT_HOST_CONTROL_02']
  9000/11975 processed (1493 screened, 1455 hit-accessions) 707s budget=2.4GB
  HIT SRR11496603: 2 baits >= 0.7 ['ECBAIT_10_0002_MEMBER_INTERIOR_01', 'ECBAIT_10_0057_MEMBER_INTERIOR_01']
  HIT SRR11496604: 2 baits >= 0.7 ['ECBAIT_10_0002_MEMBER_INTERIOR_01', 'ECBAIT_10_0057_MEMBER_INTERIOR_01']
  HIT SRR11496606: 1 baits >= 0.7 ['ECBAIT_HOST_CONTROL_01']
  HIT SRR11496607: 1 baits >= 0.7 ['ECBAIT_HOST_CONTROL_01']
  HIT SRR11496608: 3 baits >= 0.7 ['ECBAIT_10_0002_MEMBER_INTERIOR_01', 'ECBAIT_10_0057_MEMBER_INTERIOR_01', 'ECBAIT_10_0172_MEMBER_INTERIOR_01']
  HIT SRR11496609: 4 baits >= 0.7 ['ECBAIT_10_0002_JUNCTION_01', 'ECBAIT_10_0002_JUNCTION_02', 'ECBAIT_10_0002_MEMBER_INTERIOR_01', 'ECBAIT_10_0057_MEMBER_INTERIOR_01']
  HIT SRR11496610: 3 baits >= 0.7 ['ECBAIT_0_0000_JUNCTION_02', 'ECBAIT_0_0000_MEMBER_INTERIOR_01', 'ECBAIT_10_0057_MEMBER_INTERIOR_01']
  HIT SRR11496611: 4 baits >= 0.7 ['ECBAIT_10_0002_JUNCTION_01', 'ECBAIT_10_0002_JUNCTION_02', 'ECBAIT_10_0002_MEMBER_INTERIOR_01', 'ECBAIT_10_0057_MEMBER_INTERIOR_01']
  HIT SRR11496612: 3 baits >= 0.7 ['ECBAIT_10_0002_MEMBER_INTERIOR_01', 'ECBAIT_10_0057_MEMBER_INTERIOR_01', 'ECBAIT_10_0172_MEMBER_INTERIOR_01']
  HIT SRR11496613: 3 baits >= 0.7 ['ECBAIT_10_0002_MEMBER_INTERIOR_01', 'ECBAIT_10_0057_MEMBER_INTERIOR_01', 'ECBAIT_10_0172_MEMBER_INTERIOR_01']
  HIT SRR11496614: 3 baits >= 0.7 ['ECBAIT_10_0002_MEMBER_INTERIOR_01', 'ECBAIT_10_0057_MEMBER_INTERIOR_01', 'ECBAIT_10_0172_MEMBER_INTERIOR_01']
  HIT SRR11496617: 2 baits >= 0.7 ['ECBAIT_10_0002_MEMBER_INTERIOR_01', 'ECBAIT_10_0057_MEMBER_INTERIOR_01']
  HIT SRR11496616: 4 baits >= 0.7 ['ECBAIT_10_0002_JUNCTION_01', 'ECBAIT_10_0002_JUNCTION_02', 'ECBAIT_10_0002_MEMBER_INTERIOR_01', 'ECBAIT_10_0057_MEMBER_INTERIOR_01']
  HIT SRR11496615: 3 baits >= 0.7 ['ECBAIT_10_0002_MEMBER_INTERIOR_01', 'ECBAIT_10_0057_MEMBER_INTERIOR_01', 'ECBAIT_10_0172_MEMBER_INTERIOR_01']
  HIT SRR11496618: 2 baits >= 0.7 ['ECBAIT_10_0002_MEMBER_INTERIOR_01', 'ECBAIT_10_0057_MEMBER_INTERIOR_01']
  HIT SRR11496620: 2 baits >= 0.7 ['ECBAIT_10_0002_MEMBER_INTERIOR_01', 'ECBAIT_10_0057_MEMBER_INTERIOR_01']
  HIT SRR11496619: 3 baits >= 0.7 ['ECBAIT_10_0002_JUNCTION_01', 'ECBAIT_10_0002_JUNCTION_02', 'ECBAIT_10_0002_MEMBER_INTERIOR_01']
  HIT SRR11496621: 3 baits >= 0.7 ['ECBAIT_0_0000_JUNCTION_02', 'ECBAIT_0_0000_MEMBER_INTERIOR_01', 'ECBAIT_10_0057_MEMBER_INTERIOR_01']
  HIT SRR11496622: 4 baits >= 0.7 ['ECBAIT_10_0002_JUNCTION_01', 'ECBAIT_10_0002_JUNCTION_02', 'ECBAIT_10_0002_MEMBER_INTERIOR_01', 'ECBAIT_10_0057_MEMBER_INTERIOR_01']
  HIT SRR11496623: 2 baits >= 0.7 ['ECBAIT_10_0002_MEMBER_INTERIOR_01', 'ECBAIT_10_0057_MEMBER_INTERIOR_01']
  HIT SRR11496624: 3 baits >= 0.7 ['ECBAIT_0_0054_MEMBER_INTERIOR_01', 'ECBAIT_10_0057_MEMBER_INTERIOR_01', 'ECBAIT_10_0172_MEMBER_INTERIOR_01']
  HIT SRR11496625: 3 baits >= 0.7 ['ECBAIT_0_0054_MEMBER_INTERIOR_01', 'ECBAIT_10_0057_MEMBER_INTERIOR_01', 'ECBAIT_10_0172_MEMBER_INTERIOR_01']
  HIT SRR11496626: 5 baits >= 0.7 ['ECBAIT_10_0002_JUNCTION_01', 'ECBAIT_10_0002_JUNCTION_02', 'ECBAIT_10_0002_MEMBER_INTERIOR_01', 'ECBAIT_10_0057_MEMBER_INTERIOR_01']
  HIT SRR11496627: 2 baits >= 0.7 ['ECBAIT_10_0002_MEMBER_INTERIOR_01', 'ECBAIT_10_0057_MEMBER_INTERIOR_01']
  HIT SRR11496629: 4 baits >= 0.7 ['ECBAIT_10_0002_JUNCTION_01', 'ECBAIT_10_0002_JUNCTION_02', 'ECBAIT_10_0002_MEMBER_INTERIOR_01', 'ECBAIT_10_0057_MEMBER_INTERIOR_01']
  HIT SRR11496628: 3 baits >= 0.7 ['ECBAIT_10_0002_JUNCTION_01', 'ECBAIT_10_0002_JUNCTION_02', 'ECBAIT_10_0002_MEMBER_INTERIOR_01']
  HIT SRR11496630: 3 baits >= 0.7 ['ECBAIT_10_0002_MEMBER_INTERIOR_01', 'ECBAIT_10_0057_MEMBER_INTERIOR_01', 'ECBAIT_10_0172_MEMBER_INTERIOR_01']
  HIT SRR11496633: 3 baits >= 0.7 ['ECBAIT_10_0002_MEMBER_INTERIOR_01', 'ECBAIT_10_0057_MEMBER_INTERIOR_01', 'ECBAIT_10_0172_MEMBER_INTERIOR_01']
  HIT SRR11496632: 2 baits >= 0.7 ['ECBAIT_10_0002_MEMBER_INTERIOR_01', 'ECBAIT_10_0057_MEMBER_INTERIOR_01']
  HIT SRR11496634: 2 baits >= 0.7 ['ECBAIT_10_0002_MEMBER_INTERIOR_01', 'ECBAIT_10_0057_MEMBER_INTERIOR_01']
  HIT SRR11496631: 3 baits >= 0.7 ['ECBAIT_10_0002_MEMBER_INTERIOR_01', 'ECBAIT_10_0057_MEMBER_INTERIOR_01', 'ECBAIT_10_0172_MEMBER_INTERIOR_01']
  HIT SRR11496637: 2 baits >= 0.7 ['ECBAIT_10_0002_MEMBER_INTERIOR_01', 'ECBAIT_10_0057_MEMBER_INTERIOR_01']
  HIT SRR11496635: 2 baits >= 0.7 ['ECBAIT_10_0002_MEMBER_INTERIOR_01', 'ECBAIT_10_0057_MEMBER_INTERIOR_01']
  HIT SRR11496636: 2 baits >= 0.7 ['ECBAIT_10_0002_MEMBER_INTERIOR_01', 'ECBAIT_10_0057_MEMBER_INTERIOR_01']
  HIT SRR11496638: 4 baits >= 0.7 ['ECBAIT_10_0002_JUNCTION_01', 'ECBAIT_10_0002_JUNCTION_02', 'ECBAIT_10_0002_MEMBER_INTERIOR_01', 'ECBAIT_10_0057_MEMBER_INTERIOR_01']
  HIT SRR11496641: 2 baits >= 0.7 ['ECBAIT_10_0002_MEMBER_INTERIOR_01', 'ECBAIT_10_0057_MEMBER_INTERIOR_01']
  HIT SRR11496639: 2 baits >= 0.7 ['ECBAIT_10_0002_MEMBER_INTERIOR_01', 'ECBAIT_10_0057_MEMBER_INTERIOR_01']
  HIT SRR11496640: 2 baits >= 0.7 ['ECBAIT_10_0002_MEMBER_INTERIOR_01', 'ECBAIT_10_0057_MEMBER_INTERIOR_01']
  HIT SRR11496642: 4 baits >= 0.7 ['ECBAIT_10_0002_JUNCTION_01', 'ECBAIT_10_0002_JUNCTION_02', 'ECBAIT_10_0002_MEMBER_INTERIOR_01', 'ECBAIT_10_0057_MEMBER_INTERIOR_01']
  HIT SRR11496643: 4 baits >= 0.7 ['ECBAIT_10_0002_JUNCTION_01', 'ECBAIT_10_0002_JUNCTION_02', 'ECBAIT_10_0002_MEMBER_INTERIOR_01', 'ECBAIT_10_0057_MEMBER_INTERIOR_01']
  HIT SRR11496644: 4 baits >= 0.7 ['ECBAIT_10_0002_JUNCTION_01', 'ECBAIT_10_0002_JUNCTION_02', 'ECBAIT_10_0002_MEMBER_INTERIOR_01', 'ECBAIT_10_0057_MEMBER_INTERIOR_01']
  HIT SRR11496645: 3 baits >= 0.7 ['ECBAIT_10_0002_MEMBER_INTERIOR_01', 'ECBAIT_10_0057_MEMBER_INTERIOR_01', 'ECBAIT_10_0172_MEMBER_INTERIOR_01']
  HIT SRR11496646: 2 baits >= 0.7 ['ECBAIT_10_0057_MEMBER_INTERIOR_01', 'ECBAIT_HOST_CONTROL_01']
  HIT SRR11496649: 2 baits >= 0.7 ['ECBAIT_10_0057_MEMBER_INTERIOR_01', 'ECBAIT_HOST_CONTROL_01']
  HIT SRR11496647: 2 baits >= 0.7 ['ECBAIT_10_0057_MEMBER_INTERIOR_01', 'ECBAIT_HOST_CONTROL_01']
  HIT SRR11496650: 2 baits >= 0.7 ['ECBAIT_10_0057_MEMBER_INTERIOR_01', 'ECBAIT_HOST_CONTROL_01']
  HIT SRR11496648: 2 baits >= 0.7 ['ECBAIT_10_0002_MEMBER_INTERIOR_01', 'ECBAIT_10_0057_MEMBER_INTERIOR_01']
  HIT SRR11496652: 2 baits >= 0.7 ['ECBAIT_10_0002_MEMBER_INTERIOR_01', 'ECBAIT_10_0057_MEMBER_INTERIOR_01']
  HIT SRR11496654: 2 baits >= 0.7 ['ECBAIT_10_0002_MEMBER_INTERIOR_01', 'ECBAIT_10_0057_MEMBER_INTERIOR_01']
  HIT SRR11496651: 2 baits >= 0.7 ['ECBAIT_10_0002_MEMBER_INTERIOR_01', 'ECBAIT_10_0057_MEMBER_INTERIOR_01']
  9050/11975 processed (1543 screened, 1505 hit-accessions) 723s budget=2.5GB
  HIT SRR11496653: 2 baits >= 0.7 ['ECBAIT_10_0002_MEMBER_INTERIOR_01', 'ECBAIT_10_0057_MEMBER_INTERIOR_01']
  HIT SRR11496655: 4 baits >= 0.7 ['ECBAIT_10_0002_JUNCTION_01', 'ECBAIT_10_0002_JUNCTION_02', 'ECBAIT_10_0002_MEMBER_INTERIOR_01', 'ECBAIT_10_0057_MEMBER_INTERIOR_01']
  HIT SRR11496656: 4 baits >= 0.7 ['ECBAIT_10_0002_JUNCTION_01', 'ECBAIT_10_0002_JUNCTION_02', 'ECBAIT_10_0002_MEMBER_INTERIOR_01', 'ECBAIT_10_0057_MEMBER_INTERIOR_01']
  HIT SRR11496657: 3 baits >= 0.7 ['ECBAIT_10_0002_MEMBER_INTERIOR_01', 'ECBAIT_10_0057_MEMBER_INTERIOR_01', 'ECBAIT_10_0172_MEMBER_INTERIOR_01']
  HIT SRR11496658: 3 baits >= 0.7 ['ECBAIT_10_0002_JUNCTION_02', 'ECBAIT_10_0002_MEMBER_INTERIOR_01', 'ECBAIT_10_0057_MEMBER_INTERIOR_01']
  HIT SRR11496659: 3 baits >= 0.7 ['ECBAIT_10_0002_MEMBER_INTERIOR_01', 'ECBAIT_10_0057_MEMBER_INTERIOR_01', 'ECBAIT_10_0172_MEMBER_INTERIOR_01']
  HIT SRR11496660: 2 baits >= 0.7 ['ECBAIT_10_0002_MEMBER_INTERIOR_01', 'ECBAIT_10_0057_MEMBER_INTERIOR_01']
  HIT SRR11496661: 2 baits >= 0.7 ['ECBAIT_10_0002_MEMBER_INTERIOR_01', 'ECBAIT_10_0057_MEMBER_INTERIOR_01']
  HIT SRR11496662: 2 baits >= 0.7 ['ECBAIT_10_0002_MEMBER_INTERIOR_01', 'ECBAIT_10_0057_MEMBER_INTERIOR_01']
  HIT SRR11496664: 2 baits >= 0.7 ['ECBAIT_10_0002_MEMBER_INTERIOR_01', 'ECBAIT_10_0057_MEMBER_INTERIOR_01']
  HIT SRR11496663: 4 baits >= 0.7 ['ECBAIT_10_0002_JUNCTION_01', 'ECBAIT_10_0002_JUNCTION_02', 'ECBAIT_10_0002_MEMBER_INTERIOR_01', 'ECBAIT_10_0057_MEMBER_INTERIOR_01']
  HIT SRR11496665: 4 baits >= 0.7 ['ECBAIT_10_0002_JUNCTION_01', 'ECBAIT_10_0002_JUNCTION_02', 'ECBAIT_10_0002_MEMBER_INTERIOR_01', 'ECBAIT_10_0057_MEMBER_INTERIOR_01']
  HIT SRR11496666: 1 baits >= 0.7 ['ECBAIT_10_0002_MEMBER_INTERIOR_01']
  HIT SRR11496667: 1 baits >= 0.7 ['ECBAIT_10_0002_MEMBER_INTERIOR_01']
  HIT SRR11496668: 2 baits >= 0.7 ['ECBAIT_10_0002_MEMBER_INTERIOR_01', 'ECBAIT_10_0057_MEMBER_INTERIOR_01']
  HIT SRR11496670: 4 baits >= 0.7 ['ECBAIT_10_0002_JUNCTION_01', 'ECBAIT_10_0002_JUNCTION_02', 'ECBAIT_10_0002_MEMBER_INTERIOR_01', 'ECBAIT_10_0057_MEMBER_INTERIOR_01']
  HIT SRR11496669: 2 baits >= 0.7 ['ECBAIT_10_0002_MEMBER_INTERIOR_01', 'ECBAIT_10_0057_MEMBER_INTERIOR_01']
  HIT SRR11496671: 2 baits >= 0.7 ['ECBAIT_10_0002_MEMBER_INTERIOR_01', 'ECBAIT_10_0057_MEMBER_INTERIOR_01']
  HIT SRR11496672: 2 baits >= 0.7 ['ECBAIT_10_0002_MEMBER_INTERIOR_01', 'ECBAIT_10_0057_MEMBER_INTERIOR_01']
  HIT SRR11496674: 2 baits >= 0.7 ['ECBAIT_10_0002_MEMBER_INTERIOR_01', 'ECBAIT_10_0057_MEMBER_INTERIOR_01']
  HIT SRR11496673: 3 baits >= 0.7 ['ECBAIT_10_0002_JUNCTION_02', 'ECBAIT_10_0002_MEMBER_INTERIOR_01', 'ECBAIT_10_0057_MEMBER_INTERIOR_01']
  HIT SRR11496675: 2 baits >= 0.7 ['ECBAIT_10_0002_MEMBER_INTERIOR_01', 'ECBAIT_10_0057_MEMBER_INTERIOR_01']
  HIT SRR11496676: 4 baits >= 0.7 ['ECBAIT_10_0002_JUNCTION_01', 'ECBAIT_10_0002_JUNCTION_02', 'ECBAIT_10_0002_MEMBER_INTERIOR_01', 'ECBAIT_10_0057_MEMBER_INTERIOR_01']
  HIT SRR11496678: 2 baits >= 0.7 ['ECBAIT_10_0002_MEMBER_INTERIOR_01', 'ECBAIT_10_0057_MEMBER_INTERIOR_01']
  HIT SRR11496677: 2 baits >= 0.7 ['ECBAIT_10_0002_MEMBER_INTERIOR_01', 'ECBAIT_10_0057_MEMBER_INTERIOR_01']
  HIT SRR11496680: 2 baits >= 0.7 ['ECBAIT_10_0002_MEMBER_INTERIOR_01', 'ECBAIT_10_0057_MEMBER_INTERIOR_01']
  HIT SRR11496679: 2 baits >= 0.7 ['ECBAIT_10_0002_MEMBER_INTERIOR_01', 'ECBAIT_10_0057_MEMBER_INTERIOR_01']
  HIT SRR11496681: 3 baits >= 0.7 ['ECBAIT_10_0002_MEMBER_INTERIOR_01', 'ECBAIT_10_0057_MEMBER_INTERIOR_01', 'ECBAIT_10_0172_MEMBER_INTERIOR_01']
  HIT SRR11496682: 5 baits >= 0.7 ['ECBAIT_10_0002_JUNCTION_01', 'ECBAIT_10_0002_JUNCTION_02', 'ECBAIT_10_0002_MEMBER_INTERIOR_01', 'ECBAIT_10_0057_MEMBER_INTERIOR_01']
  HIT SRR11496683: 3 baits >= 0.7 ['ECBAIT_10_0002_MEMBER_INTERIOR_01', 'ECBAIT_10_0057_MEMBER_INTERIOR_01', 'ECBAIT_10_0172_MEMBER_INTERIOR_01']
  HIT SRR11496685: 4 baits >= 0.7 ['ECBAIT_10_0002_JUNCTION_01', 'ECBAIT_10_0002_JUNCTION_02', 'ECBAIT_10_0002_MEMBER_INTERIOR_01', 'ECBAIT_10_0057_MEMBER_INTERIOR_01']
  HIT SRR11496684: 4 baits >= 0.7 ['ECBAIT_10_0002_JUNCTION_01', 'ECBAIT_10_0002_JUNCTION_02', 'ECBAIT_10_0002_MEMBER_INTERIOR_01', 'ECBAIT_10_0057_MEMBER_INTERIOR_01']
  HIT SRR11496686: 4 baits >= 0.7 ['ECBAIT_10_0002_JUNCTION_01', 'ECBAIT_10_0002_JUNCTION_02', 'ECBAIT_10_0002_MEMBER_INTERIOR_01', 'ECBAIT_10_0057_MEMBER_INTERIOR_01']
  HIT SRR11496687: 2 baits >= 0.7 ['ECBAIT_10_0002_MEMBER_INTERIOR_01', 'ECBAIT_10_0057_MEMBER_INTERIOR_01']
  HIT SRR11496688: 3 baits >= 0.7 ['ECBAIT_10_0002_MEMBER_INTERIOR_01', 'ECBAIT_10_0057_MEMBER_INTERIOR_01', 'ECBAIT_10_0172_MEMBER_INTERIOR_01']
  HIT SRR11496689: 3 baits >= 0.7 ['ECBAIT_10_0002_MEMBER_INTERIOR_01', 'ECBAIT_10_0057_MEMBER_INTERIOR_01', 'ECBAIT_10_0172_MEMBER_INTERIOR_01']
  HIT SRR11496690: 3 baits >= 0.7 ['ECBAIT_10_0002_MEMBER_INTERIOR_01', 'ECBAIT_10_0057_MEMBER_INTERIOR_01', 'ECBAIT_10_0172_MEMBER_INTERIOR_01']
  HIT SRR11496691: 1 baits >= 0.7 ['ECBAIT_10_0057_MEMBER_INTERIOR_01']
  HIT SRR11496693: 3 baits >= 0.7 ['ECBAIT_10_0002_MEMBER_INTERIOR_01', 'ECBAIT_10_0057_MEMBER_INTERIOR_01', 'ECBAIT_10_0172_MEMBER_INTERIOR_01']
  HIT SRR11496692: 1 baits >= 0.7 ['ECBAIT_10_0057_MEMBER_INTERIOR_01']
  HIT SRR11496694: 3 baits >= 0.7 ['ECBAIT_10_0002_MEMBER_INTERIOR_01', 'ECBAIT_10_0057_MEMBER_INTERIOR_01', 'ECBAIT_10_0172_MEMBER_INTERIOR_01']
  HIT SRR11496695: 2 baits >= 0.7 ['ECBAIT_10_0002_MEMBER_INTERIOR_01', 'ECBAIT_10_0057_MEMBER_INTERIOR_01']
  HIT SRR11496698: 4 baits >= 0.7 ['ECBAIT_10_0002_JUNCTION_01', 'ECBAIT_10_0002_JUNCTION_02', 'ECBAIT_10_0002_MEMBER_INTERIOR_01', 'ECBAIT_10_0057_MEMBER_INTERIOR_01']
  HIT SRR11496697: 2 baits >= 0.7 ['ECBAIT_10_0002_MEMBER_INTERIOR_01', 'ECBAIT_10_0057_MEMBER_INTERIOR_01']
  HIT SRR11496696: 2 baits >= 0.7 ['ECBAIT_10_0002_MEMBER_INTERIOR_01', 'ECBAIT_10_0057_MEMBER_INTERIOR_01']
  HIT SRR11496699: 3 baits >= 0.7 ['ECBAIT_10_0002_JUNCTION_01', 'ECBAIT_10_0002_MEMBER_INTERIOR_01', 'ECBAIT_10_0057_MEMBER_INTERIOR_01']
  HIT SRR11496700: 4 baits >= 0.7 ['ECBAIT_10_0002_JUNCTION_01', 'ECBAIT_10_0002_JUNCTION_02', 'ECBAIT_10_0002_MEMBER_INTERIOR_01', 'ECBAIT_10_0057_MEMBER_INTERIOR_01']
  HIT SRR11496701: 2 baits >= 0.7 ['ECBAIT_10_0002_MEMBER_INTERIOR_01', 'ECBAIT_10_0057_MEMBER_INTERIOR_01']
  HIT SRR11496702: 4 baits >= 0.7 ['ECBAIT_10_0002_JUNCTION_01', 'ECBAIT_10_0002_JUNCTION_02', 'ECBAIT_10_0002_MEMBER_INTERIOR_01', 'ECBAIT_10_0057_MEMBER_INTERIOR_01']
  HIT SRR11496703: 2 baits >= 0.7 ['ECBAIT_10_0002_MEMBER_INTERIOR_01', 'ECBAIT_10_0057_MEMBER_INTERIOR_01']
  9100/11975 processed (1593 screened, 1555 hit-accessions) 740s budget=2.6GB
  HIT SRR11496706: 2 baits >= 0.7 ['ECBAIT_10_0002_MEMBER_INTERIOR_01', 'ECBAIT_10_0057_MEMBER_INTERIOR_01']
  HIT SRR11496704: 2 baits >= 0.7 ['ECBAIT_10_0002_MEMBER_INTERIOR_01', 'ECBAIT_10_0057_MEMBER_INTERIOR_01']
  HIT SRR11496705: 2 baits >= 0.7 ['ECBAIT_10_0002_MEMBER_INTERIOR_01', 'ECBAIT_10_0057_MEMBER_INTERIOR_01']
  HIT SRR11496707: 2 baits >= 0.7 ['ECBAIT_10_0002_MEMBER_INTERIOR_01', 'ECBAIT_10_0057_MEMBER_INTERIOR_01']
  HIT SRR11496708: 2 baits >= 0.7 ['ECBAIT_10_0002_MEMBER_INTERIOR_01', 'ECBAIT_10_0057_MEMBER_INTERIOR_01']
  HIT SRR11496710: 1 baits >= 0.7 ['ECBAIT_10_0057_MEMBER_INTERIOR_01']
  HIT SRR11496709: 3 baits >= 0.7 ['ECBAIT_10_0002_MEMBER_INTERIOR_01', 'ECBAIT_10_0057_MEMBER_INTERIOR_01', 'ECBAIT_10_0172_MEMBER_INTERIOR_01']
  HIT SRR11496711: 2 baits >= 0.7 ['ECBAIT_10_0002_MEMBER_INTERIOR_01', 'ECBAIT_10_0057_MEMBER_INTERIOR_01']
  HIT SRR11496713: 2 baits >= 0.7 ['ECBAIT_10_0057_MEMBER_INTERIOR_01', 'ECBAIT_HOST_CONTROL_01']
  HIT SRR11496714: 2 baits >= 0.7 ['ECBAIT_10_0057_MEMBER_INTERIOR_01', 'ECBAIT_HOST_CONTROL_01']
  HIT SRR11496712: 1 baits >= 0.7 ['ECBAIT_10_0057_MEMBER_INTERIOR_01']
  HIT SRR11496717: 2 baits >= 0.7 ['ECBAIT_10_0002_MEMBER_INTERIOR_01', 'ECBAIT_10_0057_MEMBER_INTERIOR_01']
  HIT SRR11496716: 4 baits >= 0.7 ['ECBAIT_10_0002_JUNCTION_01', 'ECBAIT_10_0002_JUNCTION_02', 'ECBAIT_10_0002_MEMBER_INTERIOR_01', 'ECBAIT_10_0057_MEMBER_INTERIOR_01']
  HIT SRR11496715: 3 baits >= 0.7 ['ECBAIT_10_0002_MEMBER_INTERIOR_01', 'ECBAIT_10_0057_MEMBER_INTERIOR_01', 'ECBAIT_10_0172_MEMBER_INTERIOR_01']
  HIT SRR11496718: 2 baits >= 0.7 ['ECBAIT_10_0002_MEMBER_INTERIOR_01', 'ECBAIT_10_0057_MEMBER_INTERIOR_01']
  HIT SRR18211847: 1 baits >= 0.7 ['ECBAIT_HOST_CONTROL_02']
  HIT SRR18211848: 5 baits >= 0.7 ['ECBAIT_0_0000_JUNCTION_02', 'ECBAIT_0_0000_MEMBER_INTERIOR_01', 'ECBAIT_10_0057_MEMBER_INTERIOR_01', 'ECBAIT_10_0172_MEMBER_INTERIOR_01']
  HIT SRR18211846: 2 baits >= 0.7 ['ECBAIT_10_0172_MEMBER_INTERIOR_01', 'ECBAIT_HOST_CONTROL_01']
  HIT SRR18211852: 4 baits >= 0.7 ['ECBAIT_0_0000_JUNCTION_02', 'ECBAIT_0_0000_MEMBER_INTERIOR_01', 'ECBAIT_0_0054_MEMBER_INTERIOR_01', 'ECBAIT_HOST_CONTROL_02']
  HIT SRR18211849: 4 baits >= 0.7 ['ECBAIT_0_0054_MEMBER_INTERIOR_01', 'ECBAIT_10_0002_MEMBER_INTERIOR_01', 'ECBAIT_10_0057_MEMBER_INTERIOR_01', 'ECBAIT_10_0172_MEMBER_INTERIOR_01']
  HIT SRR18211850: 2 baits >= 0.7 ['ECBAIT_0_0000_JUNCTION_02', 'ECBAIT_10_0151_JUNCTION_03']
  HIT SRR18211854: 3 baits >= 0.7 ['ECBAIT_10_0002_JUNCTION_01', 'ECBAIT_10_0002_JUNCTION_02', 'ECBAIT_10_0057_MEMBER_INTERIOR_01']
  HIT SRR18211856: 1 baits >= 0.7 ['ECBAIT_HOST_CONTROL_01']
  HIT SRR18211855: 1 baits >= 0.7 ['ECBAIT_10_0057_MEMBER_INTERIOR_01']
  HIT SRR18211853: 1 baits >= 0.7 ['ECBAIT_10_0057_MEMBER_INTERIOR_01']
  HIT SRR18211858: 1 baits >= 0.7 ['ECBAIT_HOST_CONTROL_01']
  HIT SRR18211857: 3 baits >= 0.7 ['ECBAIT_10_0002_MEMBER_INTERIOR_01', 'ECBAIT_10_0057_MEMBER_INTERIOR_01', 'ECBAIT_10_0172_MEMBER_INTERIOR_01']
  HIT SRR18211859: 1 baits >= 0.7 ['ECBAIT_HOST_CONTROL_01']
  HIT SRR18211860: 6 baits >= 0.7 ['ECBAIT_0_0046_JUNCTION_02', 'ECBAIT_0_0046_MEMBER_INTERIOR_01', 'ECBAIT_10_0057_MEMBER_INTERIOR_01', 'ECBAIT_10_0151_MEMBER_INTERIOR_01']
  HIT SRR18211863: 1 baits >= 0.7 ['ECBAIT_10_0057_MEMBER_INTERIOR_01']
  HIT SRR18211862: 6 baits >= 0.7 ['ECBAIT_0_0000_INTERIOR_MODULE_01', 'ECBAIT_0_0000_JUNCTION_02', 'ECBAIT_0_0000_MEMBER_INTERIOR_01', 'ECBAIT_0_0054_MEMBER_INTERIOR_01']
  HIT SRR18211864: 2 baits >= 0.7 ['ECBAIT_10_0057_MEMBER_INTERIOR_01', 'ECBAIT_HOST_CONTROL_02']
  HIT SRR18211865: 3 baits >= 0.7 ['ECBAIT_0_0000_JUNCTION_02', 'ECBAIT_0_0000_MEMBER_INTERIOR_01', 'ECBAIT_HOST_CONTROL_02']
  HIT SRR18211867: 4 baits >= 0.7 ['ECBAIT_0_0054_MEMBER_INTERIOR_01', 'ECBAIT_10_0057_MEMBER_INTERIOR_01', 'ECBAIT_10_0172_MEMBER_INTERIOR_01', 'ECBAIT_HOST_CONTROL_02']
  HIT SRR18211866: 1 baits >= 0.7 ['ECBAIT_HOST_CONTROL_02']
  HIT SRR18211868: 3 baits >= 0.7 ['ECBAIT_0_0000_JUNCTION_02', 'ECBAIT_0_0000_MEMBER_INTERIOR_01', 'ECBAIT_10_0057_MEMBER_INTERIOR_01']
  HIT SRR18211870: 4 baits >= 0.7 ['ECBAIT_0_0046_MEMBER_INTERIOR_01', 'ECBAIT_10_0057_MEMBER_INTERIOR_01', 'ECBAIT_1_0022_JUNCTION_02', 'ECBAIT_1_0022_JUNCTION_03']
  HIT SRR18211869: 2 baits >= 0.7 ['ECBAIT_10_0002_MEMBER_INTERIOR_01', 'ECBAIT_10_0057_MEMBER_INTERIOR_01']
  HIT SRR18211872: 9 baits >= 0.7 ['ECBAIT_0_0000_JUNCTION_02', 'ECBAIT_0_0000_MEMBER_INTERIOR_01', 'ECBAIT_0_0046_MEMBER_INTERIOR_01', 'ECBAIT_10_0057_MEMBER_INTERIOR_01']
  HIT SRR18211873: 7 baits >= 0.7 ['ECBAIT_0_0000_JUNCTION_02', 'ECBAIT_0_0000_MEMBER_INTERIOR_01', 'ECBAIT_10_0002_JUNCTION_01', 'ECBAIT_10_0057_MEMBER_INTERIOR_01']
  HIT SRR18211875: 2 baits >= 0.7 ['ECBAIT_10_0057_MEMBER_INTERIOR_01', 'ECBAIT_HOST_CONTROL_01']
  HIT SRR18211876: 2 baits >= 0.7 ['ECBAIT_10_0002_MEMBER_INTERIOR_01', 'ECBAIT_10_0057_MEMBER_INTERIOR_01']
  HIT SRR18211874: 1 baits >= 0.7 ['ECBAIT_10_0057_MEMBER_INTERIOR_01']
  HIT SRR18211877: 4 baits >= 0.7 ['ECBAIT_0_0000_JUNCTION_02', 'ECBAIT_0_0000_MEMBER_INTERIOR_01', 'ECBAIT_10_0057_MEMBER_INTERIOR_01', 'ECBAIT_HOST_CONTROL_02']
  HIT SRR18211878: 5 baits >= 0.7 ['ECBAIT_0_0000_JUNCTION_02', 'ECBAIT_0_0000_MEMBER_INTERIOR_01', 'ECBAIT_10_0057_MEMBER_INTERIOR_01', 'ECBAIT_10_0172_MEMBER_INTERIOR_01']
  HIT SRR18211879: 5 baits >= 0.7 ['ECBAIT_0_0000_INTERIOR_MODULE_01', 'ECBAIT_0_0000_JUNCTION_02', 'ECBAIT_0_0000_MEMBER_INTERIOR_01', 'ECBAIT_10_0057_MEMBER_INTERIOR_01']
  9150/11975 processed (1643 screened, 1601 hit-accessions) 756s budget=2.6GB
  HIT SRR18211880: 4 baits >= 0.7 ['ECBAIT_10_0002_MEMBER_INTERIOR_01', 'ECBAIT_10_0057_MEMBER_INTERIOR_01', 'ECBAIT_10_0172_MEMBER_INTERIOR_01', 'ECBAIT_1_0004_JUNCTION_02']
  HIT SRR18211881: 2 baits >= 0.7 ['ECBAIT_10_0057_MEMBER_INTERIOR_01', 'ECBAIT_1_0004_JUNCTION_02']
  HIT SRR18211884: 1 baits >= 0.7 ['ECBAIT_HOST_CONTROL_01']
  HIT SRR18211882: 5 baits >= 0.7 ['ECBAIT_0_0000_JUNCTION_02', 'ECBAIT_0_0000_MEMBER_INTERIOR_01', 'ECBAIT_10_0057_MEMBER_INTERIOR_01', 'ECBAIT_10_0172_MEMBER_INTERIOR_01']
  HIT SRR18211883: 1 baits >= 0.7 ['ECBAIT_10_0057_MEMBER_INTERIOR_01']
  HIT SRR18211885: 2 baits >= 0.7 ['ECBAIT_10_0002_MEMBER_INTERIOR_01', 'ECBAIT_10_0057_MEMBER_INTERIOR_01']
  HIT SRR18211887: 3 baits >= 0.7 ['ECBAIT_10_0057_MEMBER_INTERIOR_01', 'ECBAIT_10_0172_MEMBER_INTERIOR_01', 'ECBAIT_HOST_CONTROL_02']
  HIT SRR18211886: 4 baits >= 0.7 ['ECBAIT_0_0000_JUNCTION_02', 'ECBAIT_0_0000_MEMBER_INTERIOR_01', 'ECBAIT_10_0057_MEMBER_INTERIOR_01', 'ECBAIT_HOST_CONTROL_02']
  HIT SRR18211888: 2 baits >= 0.7 ['ECBAIT_10_0002_MEMBER_INTERIOR_01', 'ECBAIT_10_0057_MEMBER_INTERIOR_01']
  HIT SRR18211889: 1 baits >= 0.7 ['ECBAIT_10_0057_MEMBER_INTERIOR_01']
  HIT SRR18211890: 5 baits >= 0.7 ['ECBAIT_0_0000_JUNCTION_02', 'ECBAIT_0_0000_MEMBER_INTERIOR_01', 'ECBAIT_0_0052_JUNCTION_03', 'ECBAIT_10_0057_MEMBER_INTERIOR_01']
  HIT SRR18211891: 5 baits >= 0.7 ['ECBAIT_0_0000_JUNCTION_02', 'ECBAIT_0_0000_MEMBER_INTERIOR_01', 'ECBAIT_10_0057_MEMBER_INTERIOR_01', 'ECBAIT_10_0172_MEMBER_INTERIOR_01']
  HIT SRR18211892: 8 baits >= 0.7 ['ECBAIT_0_0000_JUNCTION_02', 'ECBAIT_0_0014_JUNCTION_02', 'ECBAIT_0_0014_MEMBER_INTERIOR_01', 'ECBAIT_0_0052_JUNCTION_03']
  HIT SRR18211893: 1 baits >= 0.7 ['ECBAIT_10_0057_MEMBER_INTERIOR_01']
  HIT SRR18211894: 4 baits >= 0.7 ['ECBAIT_0_0000_JUNCTION_02', 'ECBAIT_10_0057_MEMBER_INTERIOR_01', 'ECBAIT_10_0151_JUNCTION_03', 'ECBAIT_10_0172_MEMBER_INTERIOR_01']
  HIT SRR18211895: 2 baits >= 0.7 ['ECBAIT_10_0002_MEMBER_INTERIOR_01', 'ECBAIT_10_0057_MEMBER_INTERIOR_01']
  HIT SRR18211896: 1 baits >= 0.7 ['ECBAIT_10_0057_MEMBER_INTERIOR_01']
  HIT SRR18211897: 6 baits >= 0.7 ['ECBAIT_0_0000_JUNCTION_02', 'ECBAIT_0_0000_MEMBER_INTERIOR_01', 'ECBAIT_0_0014_MEMBER_INTERIOR_01', 'ECBAIT_0_0054_MEMBER_INTERIOR_01']
  HIT SRR18211898: 4 baits >= 0.7 ['ECBAIT_0_0000_JUNCTION_02', 'ECBAIT_0_0000_MEMBER_INTERIOR_01', 'ECBAIT_10_0057_MEMBER_INTERIOR_01', 'ECBAIT_HOST_CONTROL_02']
  HIT SRR18211900: 2 baits >= 0.7 ['ECBAIT_10_0002_MEMBER_INTERIOR_01', 'ECBAIT_10_0057_MEMBER_INTERIOR_01']
  HIT SRR18211901: 2 baits >= 0.7 ['ECBAIT_10_0002_MEMBER_INTERIOR_01', 'ECBAIT_10_0057_MEMBER_INTERIOR_01']
  HIT SRR18211902: 3 baits >= 0.7 ['ECBAIT_10_0057_MEMBER_INTERIOR_01', 'ECBAIT_10_0151_JUNCTION_03', 'ECBAIT_10_0172_MEMBER_INTERIOR_01']
  HIT SRR18211903: 4 baits >= 0.7 ['ECBAIT_0_0000_JUNCTION_02', 'ECBAIT_0_0000_MEMBER_INTERIOR_01', 'ECBAIT_10_0057_MEMBER_INTERIOR_01', 'ECBAIT_HOST_CONTROL_02']
  HIT SRR18211904: 7 baits >= 0.7 ['ECBAIT_0_0046_MEMBER_INTERIOR_01', 'ECBAIT_10_0002_JUNCTION_01', 'ECBAIT_10_0002_JUNCTION_02', 'ECBAIT_10_0057_MEMBER_INTERIOR_01']
  HIT SRR18211905: 4 baits >= 0.7 ['ECBAIT_0_0000_INTERIOR_MODULE_01', 'ECBAIT_0_0000_JUNCTION_02', 'ECBAIT_0_0000_MEMBER_INTERIOR_01', 'ECBAIT_HOST_CONTROL_02']
  HIT SRR18211906: 3 baits >= 0.7 ['ECBAIT_0_0000_JUNCTION_02', 'ECBAIT_10_0151_JUNCTION_03', 'ECBAIT_10_0172_MEMBER_INTERIOR_01']
  HIT SRR18211907: 1 baits >= 0.7 ['ECBAIT_10_0057_MEMBER_INTERIOR_01']
  HIT SRR18211908: 2 baits >= 0.7 ['ECBAIT_10_0002_MEMBER_INTERIOR_01', 'ECBAIT_10_0057_MEMBER_INTERIOR_01']
  HIT SRR18211910: 4 baits >= 0.7 ['ECBAIT_10_0057_MEMBER_INTERIOR_01', 'ECBAIT_10_0151_JUNCTION_03', 'ECBAIT_10_0172_MEMBER_INTERIOR_01', 'ECBAIT_1_0004_JUNCTION_01']
  HIT SRR18211909: 6 baits >= 0.7 ['ECBAIT_0_0000_JUNCTION_02', 'ECBAIT_0_0000_MEMBER_INTERIOR_01', 'ECBAIT_10_0057_MEMBER_INTERIOR_01', 'ECBAIT_10_0172_MEMBER_INTERIOR_01']
  HIT SRR18211911: 4 baits >= 0.7 ['ECBAIT_0_0000_JUNCTION_02', 'ECBAIT_0_0000_MEMBER_INTERIOR_01', 'ECBAIT_10_0057_MEMBER_INTERIOR_01', 'ECBAIT_HOST_CONTROL_02']
  HIT SRR18211912: 3 baits >= 0.7 ['ECBAIT_10_0057_MEMBER_INTERIOR_01', 'ECBAIT_10_0172_MEMBER_INTERIOR_01', 'ECBAIT_HOST_CONTROL_01']
  HIT SRR18211913: 2 baits >= 0.7 ['ECBAIT_10_0057_MEMBER_INTERIOR_01', 'ECBAIT_10_0172_MEMBER_INTERIOR_01']
  HIT SRR18211914: 1 baits >= 0.7 ['ECBAIT_10_0057_MEMBER_INTERIOR_01']
  HIT SRR18211915: 5 baits >= 0.7 ['ECBAIT_0_0000_JUNCTION_02', 'ECBAIT_0_0000_MEMBER_INTERIOR_01', 'ECBAIT_10_0057_MEMBER_INTERIOR_01', 'ECBAIT_10_0172_MEMBER_INTERIOR_01']
  HIT SRR18211916: 5 baits >= 0.7 ['ECBAIT_0_0000_JUNCTION_02', 'ECBAIT_0_0000_MEMBER_INTERIOR_01', 'ECBAIT_10_0057_MEMBER_INTERIOR_01', 'ECBAIT_10_0172_MEMBER_INTERIOR_01']
  HIT SRR18211918: 4 baits >= 0.7 ['ECBAIT_0_0000_MEMBER_INTERIOR_01', 'ECBAIT_0_0014_MEMBER_INTERIOR_01', 'ECBAIT_10_0057_MEMBER_INTERIOR_01', 'ECBAIT_HOST_CONTROL_02']
  HIT SRR18211917: 2 baits >= 0.7 ['ECBAIT_10_0002_MEMBER_INTERIOR_01', 'ECBAIT_10_0057_MEMBER_INTERIOR_01']
  HIT SRR18211919: 3 baits >= 0.7 ['ECBAIT_0_0000_JUNCTION_02', 'ECBAIT_10_0002_JUNCTION_01', 'ECBAIT_10_0057_MEMBER_INTERIOR_01']
  HIT SRR18211922: 4 baits >= 0.7 ['ECBAIT_0_0000_JUNCTION_02', 'ECBAIT_0_0000_MEMBER_INTERIOR_01', 'ECBAIT_10_0057_MEMBER_INTERIOR_01', 'ECBAIT_HOST_CONTROL_02']
  HIT SRR18211923: 2 baits >= 0.7 ['ECBAIT_0_0000_JUNCTION_02', 'ECBAIT_10_0057_MEMBER_INTERIOR_01']
  HIT SRR18211925: 6 baits >= 0.7 ['ECBAIT_0_0000_JUNCTION_02', 'ECBAIT_10_0057_MEMBER_INTERIOR_01', 'ECBAIT_10_0151_MEMBER_INTERIOR_01', 'ECBAIT_10_0172_MEMBER_INTERIOR_01']
  HIT SRR18211927: 4 baits >= 0.7 ['ECBAIT_0_0000_JUNCTION_02', 'ECBAIT_10_0057_MEMBER_INTERIOR_01', 'ECBAIT_10_0151_JUNCTION_03', 'ECBAIT_1_0004_JUNCTION_01']
  HIT SRR18211928: 6 baits >= 0.7 ['ECBAIT_0_0046_MEMBER_INTERIOR_01', 'ECBAIT_10_0002_MEMBER_INTERIOR_01', 'ECBAIT_10_0057_MEMBER_INTERIOR_01', 'ECBAIT_1_0022_JUNCTION_02']
  HIT SRR18211930: 5 baits >= 0.7 ['ECBAIT_0_0000_INTERIOR_MODULE_01', 'ECBAIT_0_0000_JUNCTION_02', 'ECBAIT_0_0000_MEMBER_INTERIOR_01', 'ECBAIT_10_0057_MEMBER_INTERIOR_01']
  9200/11975 processed (1693 screened, 1646 hit-accessions) 773s budget=2.7GB
  HIT SRR18211929: 5 baits >= 0.7 ['ECBAIT_0_0000_JUNCTION_02', 'ECBAIT_0_0000_MEMBER_INTERIOR_01', 'ECBAIT_10_0057_MEMBER_INTERIOR_01', 'ECBAIT_10_0172_MEMBER_INTERIOR_01']
  HIT SRR18211931: 4 baits >= 0.7 ['ECBAIT_0_0046_JUNCTION_02', 'ECBAIT_0_0046_MEMBER_INTERIOR_01', 'ECBAIT_1_0022_JUNCTION_03', 'ECBAIT_HOST_CONTROL_01']
  HIT SRR18211932: 2 baits >= 0.7 ['ECBAIT_0_0000_JUNCTION_02', 'ECBAIT_10_0151_JUNCTION_03']
  HIT SRR18211933: 4 baits >= 0.7 ['ECBAIT_0_0000_JUNCTION_02', 'ECBAIT_0_0000_MEMBER_INTERIOR_01', 'ECBAIT_10_0057_MEMBER_INTERIOR_01', 'ECBAIT_HOST_CONTROL_02']
  HIT SRR18211935: 2 baits >= 0.7 ['ECBAIT_10_0002_MEMBER_INTERIOR_01', 'ECBAIT_10_0057_MEMBER_INTERIOR_01']
  HIT SRR18211934: 2 baits >= 0.7 ['ECBAIT_0_0046_MEMBER_INTERIOR_01', 'ECBAIT_10_0151_JUNCTION_03']
  HIT SRR18211936: 1 baits >= 0.7 ['ECBAIT_10_0057_MEMBER_INTERIOR_01']
  HIT SRR18211938: 1 baits >= 0.7 ['ECBAIT_10_0057_MEMBER_INTERIOR_01']
  HIT SRR18211937: 4 baits >= 0.7 ['ECBAIT_10_0002_JUNCTION_01', 'ECBAIT_10_0002_JUNCTION_02', 'ECBAIT_10_0002_MEMBER_INTERIOR_01', 'ECBAIT_10_0057_MEMBER_INTERIOR_01']
  HIT SRR18211939: 4 baits >= 0.7 ['ECBAIT_10_0002_JUNCTION_01', 'ECBAIT_10_0002_JUNCTION_02', 'ECBAIT_10_0002_MEMBER_INTERIOR_01', 'ECBAIT_10_0057_MEMBER_INTERIOR_01']
  HIT SRR18211940: 2 baits >= 0.7 ['ECBAIT_10_0002_MEMBER_INTERIOR_01', 'ECBAIT_10_0057_MEMBER_INTERIOR_01']
  HIT SRR18211941: 1 baits >= 0.7 ['ECBAIT_10_0002_MEMBER_INTERIOR_01']
  HIT SRR18211942: 2 baits >= 0.7 ['ECBAIT_10_0002_MEMBER_INTERIOR_01', 'ECBAIT_10_0057_MEMBER_INTERIOR_01']
  HIT SRR18211943: 3 baits >= 0.7 ['ECBAIT_0_0046_MEMBER_INTERIOR_01', 'ECBAIT_1_0004_JUNCTION_02', 'ECBAIT_HOST_CONTROL_02']
  HIT SRR18211944: 2 baits >= 0.7 ['ECBAIT_0_0052_JUNCTION_01', 'ECBAIT_10_0057_MEMBER_INTERIOR_01']
  HIT SRR18211945: 3 baits >= 0.7 ['ECBAIT_10_0002_MEMBER_INTERIOR_01', 'ECBAIT_10_0057_MEMBER_INTERIOR_01', 'ECBAIT_1_0004_JUNCTION_01']
  HIT SRR18211946: 4 baits >= 0.7 ['ECBAIT_10_0002_JUNCTION_01', 'ECBAIT_10_0002_JUNCTION_02', 'ECBAIT_10_0002_MEMBER_INTERIOR_01', 'ECBAIT_10_0057_MEMBER_INTERIOR_01']
  HIT SRR18211947: 2 baits >= 0.7 ['ECBAIT_10_0057_MEMBER_INTERIOR_01', 'ECBAIT_1_0004_JUNCTION_01']
  HIT SRR18211948: 4 baits >= 0.7 ['ECBAIT_0_0054_MEMBER_INTERIOR_01', 'ECBAIT_10_0057_MEMBER_INTERIOR_01', 'ECBAIT_10_0172_MEMBER_INTERIOR_01', 'ECBAIT_HOST_CONTROL_02']
  HIT SRR18211950: 1 baits >= 0.7 ['ECBAIT_10_0057_MEMBER_INTERIOR_01']
  HIT SRR18211949: 2 baits >= 0.7 ['ECBAIT_10_0057_MEMBER_INTERIOR_01', 'ECBAIT_10_0172_MEMBER_INTERIOR_01']
  HIT SRR18211951: 1 baits >= 0.7 ['ECBAIT_10_0002_MEMBER_INTERIOR_01']
  HIT SRR18211952: 4 baits >= 0.7 ['ECBAIT_0_0054_MEMBER_INTERIOR_01', 'ECBAIT_10_0002_MEMBER_INTERIOR_01', 'ECBAIT_10_0057_MEMBER_INTERIOR_01', 'ECBAIT_10_0172_MEMBER_INTERIOR_01']
  HIT SRR18211954: 1 baits >= 0.7 ['ECBAIT_HOST_CONTROL_01']
  HIT SRR18211953: 2 baits >= 0.7 ['ECBAIT_10_0002_MEMBER_INTERIOR_01', 'ECBAIT_10_0057_MEMBER_INTERIOR_01']
  HIT SRR18211955: 2 baits >= 0.7 ['ECBAIT_10_0002_MEMBER_INTERIOR_01', 'ECBAIT_10_0057_MEMBER_INTERIOR_01']
  HIT SRR18211956: 1 baits >= 0.7 ['ECBAIT_HOST_CONTROL_02']
  HIT SRR18211957: 3 baits >= 0.7 ['ECBAIT_0_0000_JUNCTION_02', 'ECBAIT_10_0057_MEMBER_INTERIOR_01', 'ECBAIT_10_0172_MEMBER_INTERIOR_01']
  HIT SRR18211958: 1 baits >= 0.7 ['ECBAIT_HOST_CONTROL_01']
  HIT SRR18211960: 2 baits >= 0.7 ['ECBAIT_0_0000_JUNCTION_02', 'ECBAIT_10_0057_MEMBER_INTERIOR_01']
  HIT SRR18211962: 5 baits >= 0.7 ['ECBAIT_10_0057_MEMBER_INTERIOR_01', 'ECBAIT_10_0151_MEMBER_INTERIOR_01', 'ECBAIT_10_0172_MEMBER_INTERIOR_01', 'ECBAIT_HOST_CONTROL_01']
  HIT SRR18211963: 5 baits >= 0.7 ['ECBAIT_0_0000_INTERIOR_MODULE_01', 'ECBAIT_0_0000_JUNCTION_02', 'ECBAIT_0_0000_MEMBER_INTERIOR_01', 'ECBAIT_10_0057_MEMBER_INTERIOR_01']
  HIT SRR18211964: 4 baits >= 0.7 ['ECBAIT_0_0046_MEMBER_INTERIOR_01', 'ECBAIT_10_0002_MEMBER_INTERIOR_01', 'ECBAIT_10_0057_MEMBER_INTERIOR_01', 'ECBAIT_1_0022_JUNCTION_03']
  HIT SRR18211965: 3 baits >= 0.7 ['ECBAIT_0_0000_JUNCTION_02', 'ECBAIT_0_0000_MEMBER_INTERIOR_01', 'ECBAIT_HOST_CONTROL_02']
  HIT SRR18211966: 7 baits >= 0.7 ['ECBAIT_0_0000_INTERIOR_MODULE_01', 'ECBAIT_0_0000_JUNCTION_02', 'ECBAIT_0_0000_MEMBER_INTERIOR_01', 'ECBAIT_0_0046_JUNCTION_02']
  HIT SRR18211967: 4 baits >= 0.7 ['ECBAIT_0_0000_JUNCTION_02', 'ECBAIT_0_0000_MEMBER_INTERIOR_01', 'ECBAIT_10_0057_MEMBER_INTERIOR_01', 'ECBAIT_HOST_CONTROL_02']
  HIT SRR18211968: 2 baits >= 0.7 ['ECBAIT_10_0057_MEMBER_INTERIOR_01', 'ECBAIT_10_0172_MEMBER_INTERIOR_01']
  HIT SRR18211970: 2 baits >= 0.7 ['ECBAIT_10_0002_MEMBER_INTERIOR_01', 'ECBAIT_10_0057_MEMBER_INTERIOR_01']
  HIT SRR18211969: 2 baits >= 0.7 ['ECBAIT_10_0057_MEMBER_INTERIOR_01', 'ECBAIT_10_0151_MEMBER_INTERIOR_01']
  HIT SRR18211971: 1 baits >= 0.7 ['ECBAIT_HOST_CONTROL_01']
  HIT SRR18211972: 1 baits >= 0.7 ['ECBAIT_0_0014_JUNCTION_01']
  HIT SRR18211973: 4 baits >= 0.7 ['ECBAIT_0_0000_JUNCTION_02', 'ECBAIT_0_0000_MEMBER_INTERIOR_01', 'ECBAIT_10_0057_MEMBER_INTERIOR_01', 'ECBAIT_HOST_CONTROL_02']
  HIT SRR18211974: 2 baits >= 0.7 ['ECBAIT_10_0002_MEMBER_INTERIOR_01', 'ECBAIT_10_0057_MEMBER_INTERIOR_01']
  HIT SRR18211976: 2 baits >= 0.7 ['ECBAIT_10_0057_MEMBER_INTERIOR_01', 'ECBAIT_HOST_CONTROL_02']
  HIT SRR18211977: 4 baits >= 0.7 ['ECBAIT_0_0000_JUNCTION_02', 'ECBAIT_0_0000_MEMBER_INTERIOR_01', 'ECBAIT_0_0014_MEMBER_INTERIOR_01', 'ECBAIT_HOST_CONTROL_02']
  HIT SRR18211978: 2 baits >= 0.7 ['ECBAIT_0_0046_MEMBER_INTERIOR_01', 'ECBAIT_10_0057_MEMBER_INTERIOR_01']
  HIT SRR18211979: 2 baits >= 0.7 ['ECBAIT_10_0002_MEMBER_INTERIOR_01', 'ECBAIT_10_0057_MEMBER_INTERIOR_01']
  9250/11975 processed (1743 screened, 1693 hit-accessions) 788s budget=2.8GB
  HIT SRR18211980: 1 baits >= 0.7 ['ECBAIT_10_0057_MEMBER_INTERIOR_01']
  HIT SRR18211981: 3 baits >= 0.7 ['ECBAIT_0_0046_JUNCTION_02', 'ECBAIT_10_0057_MEMBER_INTERIOR_01', 'ECBAIT_1_0022_JUNCTION_03']
  HIT SRR18211982: 7 baits >= 0.7 ['ECBAIT_0_0000_INTERIOR_MODULE_01', 'ECBAIT_0_0000_JUNCTION_02', 'ECBAIT_0_0000_MEMBER_INTERIOR_01', 'ECBAIT_10_0002_JUNCTION_01']
  HIT SRR18211984: 4 baits >= 0.7 ['ECBAIT_0_0000_JUNCTION_02', 'ECBAIT_0_0000_MEMBER_INTERIOR_01', 'ECBAIT_10_0057_MEMBER_INTERIOR_01', 'ECBAIT_HOST_CONTROL_02']
  HIT SRR18211983: 2 baits >= 0.7 ['ECBAIT_10_0002_MEMBER_INTERIOR_01', 'ECBAIT_10_0057_MEMBER_INTERIOR_01']
  HIT SRR18211985: 5 baits >= 0.7 ['ECBAIT_0_0000_INTERIOR_MODULE_01', 'ECBAIT_0_0000_JUNCTION_02', 'ECBAIT_0_0000_MEMBER_INTERIOR_01', 'ECBAIT_10_0057_MEMBER_INTERIOR_01']
  HIT SRR18211986: 6 baits >= 0.7 ['ECBAIT_0_0000_JUNCTION_02', 'ECBAIT_0_0014_JUNCTION_02', 'ECBAIT_0_0014_MEMBER_INTERIOR_01', 'ECBAIT_10_0057_MEMBER_INTERIOR_01']
  HIT SRR18211987: 1 baits >= 0.7 ['ECBAIT_HOST_CONTROL_01']
  HIT SRR18211988: 4 baits >= 0.7 ['ECBAIT_0_0000_JUNCTION_02', 'ECBAIT_0_0000_MEMBER_INTERIOR_01', 'ECBAIT_10_0057_MEMBER_INTERIOR_01', 'ECBAIT_HOST_CONTROL_02']
  HIT SRR18211989: 4 baits >= 0.7 ['ECBAIT_0_0000_JUNCTION_02', 'ECBAIT_0_0000_MEMBER_INTERIOR_01', 'ECBAIT_0_0014_MEMBER_INTERIOR_01', 'ECBAIT_HOST_CONTROL_02']
  HIT SRR18211990: 5 baits >= 0.7 ['ECBAIT_0_0000_JUNCTION_02', 'ECBAIT_0_0000_MEMBER_INTERIOR_01', 'ECBAIT_10_0057_MEMBER_INTERIOR_01', 'ECBAIT_10_0172_MEMBER_INTERIOR_01']
  HIT SRR18211991: 4 baits >= 0.7 ['ECBAIT_0_0000_JUNCTION_02', 'ECBAIT_0_0000_MEMBER_INTERIOR_01', 'ECBAIT_10_0057_MEMBER_INTERIOR_01', 'ECBAIT_HOST_CONTROL_02']
  HIT SRR18211992: 2 baits >= 0.7 ['ECBAIT_10_0002_MEMBER_INTERIOR_01', 'ECBAIT_10_0057_MEMBER_INTERIOR_01']
  HIT SRR18211993: 3 baits >= 0.7 ['ECBAIT_0_0054_MEMBER_INTERIOR_01', 'ECBAIT_10_0057_MEMBER_INTERIOR_01', 'ECBAIT_1_0004_JUNCTION_01']
  HIT SRR18211994: 1 baits >= 0.7 ['ECBAIT_HOST_CONTROL_01']
  HIT SRR18211995: 1 baits >= 0.7 ['ECBAIT_HOST_CONTROL_01']
  HIT SRR18211996: 4 baits >= 0.7 ['ECBAIT_0_0000_JUNCTION_02', 'ECBAIT_0_0000_MEMBER_INTERIOR_01', 'ECBAIT_10_0057_MEMBER_INTERIOR_01', 'ECBAIT_HOST_CONTROL_02']
  HIT SRR18211997: 4 baits >= 0.7 ['ECBAIT_0_0046_MEMBER_INTERIOR_01', 'ECBAIT_10_0151_JUNCTION_03', 'ECBAIT_1_0004_JUNCTION_02', 'ECBAIT_HOST_CONTROL_02']
  HIT SRR18211998: 7 baits >= 0.7 ['ECBAIT_0_0000_INTERIOR_MODULE_01', 'ECBAIT_0_0000_JUNCTION_02', 'ECBAIT_0_0000_MEMBER_INTERIOR_01', 'ECBAIT_10_0002_JUNCTION_01']
  HIT SRR18212000: 2 baits >= 0.7 ['ECBAIT_0_0000_JUNCTION_02', 'ECBAIT_10_0151_JUNCTION_03']
  HIT SRR18211999: 4 baits >= 0.7 ['ECBAIT_10_0057_MEMBER_INTERIOR_01', 'ECBAIT_10_0172_MEMBER_INTERIOR_01', 'ECBAIT_1_0004_JUNCTION_02', 'ECBAIT_HOST_CONTROL_02']
  HIT SRR18212001: 6 baits >= 0.7 ['ECBAIT_0_0046_MEMBER_INTERIOR_01', 'ECBAIT_10_0057_MEMBER_INTERIOR_01', 'ECBAIT_1_0022_JUNCTION_02', 'ECBAIT_1_0022_JUNCTION_03']
  HIT SRR18212002: 2 baits >= 0.7 ['ECBAIT_10_0057_MEMBER_INTERIOR_01', 'ECBAIT_HOST_CONTROL_01']
  HIT SRR18212003: 1 baits >= 0.7 ['ECBAIT_HOST_CONTROL_02']
  HIT SRR18212004: 4 baits >= 0.7 ['ECBAIT_0_0054_MEMBER_INTERIOR_01', 'ECBAIT_10_0057_MEMBER_INTERIOR_01', 'ECBAIT_10_0172_MEMBER_INTERIOR_01', 'ECBAIT_HOST_CONTROL_02']
  HIT SRR18212005: 3 baits >= 0.7 ['ECBAIT_0_0000_JUNCTION_02', 'ECBAIT_0_0000_MEMBER_INTERIOR_01', 'ECBAIT_HOST_CONTROL_02']
  HIT SRR18212007: 1 baits >= 0.7 ['ECBAIT_10_0172_MEMBER_INTERIOR_01']
  HIT SRR18212010: 1 baits >= 0.7 ['ECBAIT_HOST_CONTROL_01']
  HIT SRR18212009: 1 baits >= 0.7 ['ECBAIT_10_0057_MEMBER_INTERIOR_01']
  HIT SRR18212011: 2 baits >= 0.7 ['ECBAIT_10_0002_MEMBER_INTERIOR_01', 'ECBAIT_10_0057_MEMBER_INTERIOR_01']
  HIT SRR18212012: 4 baits >= 0.7 ['ECBAIT_0_0000_JUNCTION_02', 'ECBAIT_0_0000_MEMBER_INTERIOR_01', 'ECBAIT_10_0057_MEMBER_INTERIOR_01', 'ECBAIT_HOST_CONTROL_02']
  HIT SRR18212013: 1 baits >= 0.7 ['ECBAIT_10_0057_MEMBER_INTERIOR_01']
  HIT SRR18212015: 2 baits >= 0.7 ['ECBAIT_10_0002_MEMBER_INTERIOR_01', 'ECBAIT_10_0057_MEMBER_INTERIOR_01']
  HIT SRR18212014: 2 baits >= 0.7 ['ECBAIT_10_0057_MEMBER_INTERIOR_01', 'ECBAIT_10_0172_MEMBER_INTERIOR_01']
  HIT SRR18212016: 5 baits >= 0.7 ['ECBAIT_0_0000_JUNCTION_02', 'ECBAIT_0_0000_MEMBER_INTERIOR_01', 'ECBAIT_10_0057_MEMBER_INTERIOR_01', 'ECBAIT_10_0172_MEMBER_INTERIOR_01']
  HIT SRR18212017: 3 baits >= 0.7 ['ECBAIT_10_0002_JUNCTION_01', 'ECBAIT_10_0002_JUNCTION_02', 'ECBAIT_10_0057_MEMBER_INTERIOR_01']
  HIT SRR18212019: 2 baits >= 0.7 ['ECBAIT_10_0002_MEMBER_INTERIOR_01', 'ECBAIT_10_0057_MEMBER_INTERIOR_01']
  HIT SRR18212018: 6 baits >= 0.7 ['ECBAIT_0_0046_MEMBER_INTERIOR_01', 'ECBAIT_10_0057_MEMBER_INTERIOR_01', 'ECBAIT_1_0022_JUNCTION_02', 'ECBAIT_1_0022_JUNCTION_03']
  HIT SRR18212020: 6 baits >= 0.7 ['ECBAIT_0_0000_INTERIOR_MODULE_01', 'ECBAIT_0_0000_JUNCTION_02', 'ECBAIT_0_0000_MEMBER_INTERIOR_01', 'ECBAIT_0_0054_MEMBER_INTERIOR_01']
  HIT SRR18212026: 3 baits >= 0.7 ['ECBAIT_0_0000_JUNCTION_02', 'ECBAIT_10_0057_MEMBER_INTERIOR_01', 'ECBAIT_1_0004_JUNCTION_01']
  HIT SRR18212027: 1 baits >= 0.7 ['ECBAIT_10_0057_MEMBER_INTERIOR_01']
  HIT SRR18212028: 4 baits >= 0.7 ['ECBAIT_0_0000_JUNCTION_02', 'ECBAIT_0_0000_MEMBER_INTERIOR_01', 'ECBAIT_10_0057_MEMBER_INTERIOR_01', 'ECBAIT_HOST_CONTROL_02']
  HIT SRR18212029: 3 baits >= 0.7 ['ECBAIT_10_0002_JUNCTION_01', 'ECBAIT_10_0002_JUNCTION_02', 'ECBAIT_HOST_CONTROL_01']
  9300/11975 processed (1793 screened, 1736 hit-accessions) 805s budget=2.9GB
  HIT SRR18212030: 4 baits >= 0.7 ['ECBAIT_10_0002_JUNCTION_01', 'ECBAIT_10_0002_JUNCTION_02', 'ECBAIT_10_0002_MEMBER_INTERIOR_01', 'ECBAIT_10_0057_MEMBER_INTERIOR_01']
  HIT SRR18212031: 3 baits >= 0.7 ['ECBAIT_0_0000_JUNCTION_02', 'ECBAIT_10_0151_JUNCTION_03', 'ECBAIT_10_0172_MEMBER_INTERIOR_01']
  HIT SRR18212032: 3 baits >= 0.7 ['ECBAIT_10_0002_MEMBER_INTERIOR_01', 'ECBAIT_10_0172_MEMBER_INTERIOR_01', 'ECBAIT_1_0004_JUNCTION_02']
  HIT SRR18212033: 3 baits >= 0.7 ['ECBAIT_0_0046_MEMBER_INTERIOR_01', 'ECBAIT_10_0057_MEMBER_INTERIOR_01', 'ECBAIT_HOST_CONTROL_02']
  HIT SRR18212034: 4 baits >= 0.7 ['ECBAIT_0_0000_INTERIOR_MODULE_01', 'ECBAIT_0_0000_JUNCTION_02', 'ECBAIT_0_0000_MEMBER_INTERIOR_01', 'ECBAIT_HOST_CONTROL_02']
  HIT SRR18212035: 4 baits >= 0.7 ['ECBAIT_0_0000_JUNCTION_02', 'ECBAIT_0_0000_MEMBER_INTERIOR_01', 'ECBAIT_10_0057_MEMBER_INTERIOR_01', 'ECBAIT_HOST_CONTROL_02']
  HIT SRR18212036: 3 baits >= 0.7 ['ECBAIT_0_0000_JUNCTION_02', 'ECBAIT_10_0057_MEMBER_INTERIOR_01', 'ECBAIT_10_0151_JUNCTION_03']
  HIT SRR18212037: 7 baits >= 0.7 ['ECBAIT_0_0000_JUNCTION_02', 'ECBAIT_0_0014_JUNCTION_02', 'ECBAIT_0_0014_MEMBER_INTERIOR_01', 'ECBAIT_0_0054_MEMBER_INTERIOR_01']
  HIT SRR18212038: 1 baits >= 0.7 ['ECBAIT_10_0151_JUNCTION_03']
  HIT SRR18212039: 1 baits >= 0.7 ['ECBAIT_10_0057_MEMBER_INTERIOR_01']
  HIT SRR18212040: 2 baits >= 0.7 ['ECBAIT_0_0052_JUNCTION_03', 'ECBAIT_HOST_CONTROL_02']
  HIT SRR18212042: 4 baits >= 0.7 ['ECBAIT_0_0000_JUNCTION_02', 'ECBAIT_0_0000_MEMBER_INTERIOR_01', 'ECBAIT_10_0057_MEMBER_INTERIOR_01', 'ECBAIT_HOST_CONTROL_02']
  HIT SRR18212043: 2 baits >= 0.7 ['ECBAIT_10_0057_MEMBER_INTERIOR_01', 'ECBAIT_HOST_CONTROL_01']
  HIT SRR18212044: 4 baits >= 0.7 ['ECBAIT_0_0000_JUNCTION_02', 'ECBAIT_0_0000_MEMBER_INTERIOR_01', 'ECBAIT_10_0057_MEMBER_INTERIOR_01', 'ECBAIT_HOST_CONTROL_02']
  HIT SRR18212045: 2 baits >= 0.7 ['ECBAIT_10_0057_MEMBER_INTERIOR_01', 'ECBAIT_HOST_CONTROL_01']
  HIT SRR18212046: 3 baits >= 0.7 ['ECBAIT_10_0002_MEMBER_INTERIOR_01', 'ECBAIT_10_0057_MEMBER_INTERIOR_01', 'ECBAIT_10_0172_MEMBER_INTERIOR_01']
  HIT SRR18212047: 2 baits >= 0.7 ['ECBAIT_10_0057_MEMBER_INTERIOR_01', 'ECBAIT_10_0172_MEMBER_INTERIOR_01']
  HIT SRR18212048: 2 baits >= 0.7 ['ECBAIT_10_0002_MEMBER_INTERIOR_01', 'ECBAIT_10_0057_MEMBER_INTERIOR_01']
  HIT SRR18212049: 1 baits >= 0.7 ['ECBAIT_10_0057_MEMBER_INTERIOR_01']
  HIT SRR18212052: 4 baits >= 0.7 ['ECBAIT_0_0000_JUNCTION_02', 'ECBAIT_0_0000_MEMBER_INTERIOR_01', 'ECBAIT_10_0057_MEMBER_INTERIOR_01', 'ECBAIT_10_0151_MEMBER_INTERIOR_01']
  HIT SRR18212053: 2 baits >= 0.7 ['ECBAIT_10_0002_MEMBER_INTERIOR_01', 'ECBAIT_10_0057_MEMBER_INTERIOR_01']
  HIT SRR18212054: 1 baits >= 0.7 ['ECBAIT_HOST_CONTROL_02']
  HIT SRR18212056: 4 baits >= 0.7 ['ECBAIT_0_0000_JUNCTION_02', 'ECBAIT_0_0000_MEMBER_INTERIOR_01', 'ECBAIT_10_0057_MEMBER_INTERIOR_01', 'ECBAIT_HOST_CONTROL_02']
  HIT SRR18212059: 2 baits >= 0.7 ['ECBAIT_10_0002_MEMBER_INTERIOR_01', 'ECBAIT_10_0057_MEMBER_INTERIOR_01']
  HIT SRR18212060: 5 baits >= 0.7 ['ECBAIT_0_0000_INTERIOR_MODULE_01', 'ECBAIT_0_0000_JUNCTION_02', 'ECBAIT_0_0000_MEMBER_INTERIOR_01', 'ECBAIT_10_0057_MEMBER_INTERIOR_01']
  HIT SRR18212063: 3 baits >= 0.7 ['ECBAIT_10_0002_MEMBER_INTERIOR_01', 'ECBAIT_10_0057_MEMBER_INTERIOR_01', 'ECBAIT_10_0172_MEMBER_INTERIOR_01']
  HIT SRR18212064: 1 baits >= 0.7 ['ECBAIT_10_0151_MEMBER_INTERIOR_01']
  HIT SRR18212065: 1 baits >= 0.7 ['ECBAIT_HOST_CONTROL_01']
  HIT SRR18212066: 2 baits >= 0.7 ['ECBAIT_0_0000_JUNCTION_02', 'ECBAIT_10_0057_MEMBER_INTERIOR_01']
  HIT SRR18212067: 5 baits >= 0.7 ['ECBAIT_0_0000_JUNCTION_02', 'ECBAIT_0_0000_MEMBER_INTERIOR_01', 'ECBAIT_10_0057_MEMBER_INTERIOR_01', 'ECBAIT_10_0172_MEMBER_INTERIOR_01']
  HIT SRR18212068: 2 baits >= 0.7 ['ECBAIT_10_0002_JUNCTION_01', 'ECBAIT_HOST_CONTROL_01']
  HIT SRR18212069: 2 baits >= 0.7 ['ECBAIT_10_0057_MEMBER_INTERIOR_01', 'ECBAIT_HOST_CONTROL_01']
  HIT SRR18212070: 2 baits >= 0.7 ['ECBAIT_0_0000_JUNCTION_02', 'ECBAIT_HOST_CONTROL_02']
  HIT SRR18212071: 1 baits >= 0.7 ['ECBAIT_10_0151_JUNCTION_03']
  HIT SRR18212073: 1 baits >= 0.7 ['ECBAIT_10_0057_MEMBER_INTERIOR_01']
  HIT SRR18212074: 3 baits >= 0.7 ['ECBAIT_10_0002_JUNCTION_01', 'ECBAIT_10_0002_JUNCTION_02', 'ECBAIT_HOST_CONTROL_01']
  HIT SRR18212076: 2 baits >= 0.7 ['ECBAIT_10_0002_MEMBER_INTERIOR_01', 'ECBAIT_10_0057_MEMBER_INTERIOR_01']
  HIT SRR18212075: 3 baits >= 0.7 ['ECBAIT_10_0002_MEMBER_INTERIOR_01', 'ECBAIT_10_0057_MEMBER_INTERIOR_01', 'ECBAIT_10_0172_MEMBER_INTERIOR_01']
  HIT SRR18212077: 1 baits >= 0.7 ['ECBAIT_10_0057_MEMBER_INTERIOR_01']
  HIT SRR18212078: 5 baits >= 0.7 ['ECBAIT_0_0000_INTERIOR_MODULE_01', 'ECBAIT_0_0000_JUNCTION_02', 'ECBAIT_0_0000_MEMBER_INTERIOR_01', 'ECBAIT_10_0057_MEMBER_INTERIOR_01']
  HIT SRR18212079: 4 baits >= 0.7 ['ECBAIT_0_0000_JUNCTION_02', 'ECBAIT_0_0000_MEMBER_INTERIOR_01', 'ECBAIT_10_0172_MEMBER_INTERIOR_01', 'ECBAIT_HOST_CONTROL_02']
  9350/11975 processed (1843 screened, 1777 hit-accessions) 820s budget=2.9GB
  HIT SRR18212080: 4 baits >= 0.7 ['ECBAIT_0_0000_JUNCTION_02', 'ECBAIT_0_0000_MEMBER_INTERIOR_01', 'ECBAIT_10_0057_MEMBER_INTERIOR_01', 'ECBAIT_HOST_CONTROL_02']
  HIT SRR18212081: 6 baits >= 0.7 ['ECBAIT_0_0000_INTERIOR_MODULE_01', 'ECBAIT_0_0000_JUNCTION_02', 'ECBAIT_0_0000_MEMBER_INTERIOR_01', 'ECBAIT_10_0002_JUNCTION_01']
  HIT SRR18212082: 3 baits >= 0.7 ['ECBAIT_0_0052_JUNCTION_03', 'ECBAIT_10_0057_MEMBER_INTERIOR_01', 'ECBAIT_HOST_CONTROL_02']
  HIT SRR18212083: 2 baits >= 0.7 ['ECBAIT_1_0022_JUNCTION_03', 'ECBAIT_HOST_CONTROL_01']
  HIT SRR18212084: 5 baits >= 0.7 ['ECBAIT_0_0000_JUNCTION_02', 'ECBAIT_0_0000_MEMBER_INTERIOR_01', 'ECBAIT_10_0057_MEMBER_INTERIOR_01', 'ECBAIT_10_0172_MEMBER_INTERIOR_01']
  HIT SRR18212085: 1 baits >= 0.7 ['ECBAIT_10_0172_MEMBER_INTERIOR_01']
  HIT SRR18212087: 2 baits >= 0.7 ['ECBAIT_10_0057_MEMBER_INTERIOR_01', 'ECBAIT_HOST_CONTROL_01']
  HIT SRR18212088: 1 baits >= 0.7 ['ECBAIT_HOST_CONTROL_01']
  HIT SRR18212089: 1 baits >= 0.7 ['ECBAIT_10_0057_MEMBER_INTERIOR_01']
  HIT SRR18212090: 1 baits >= 0.7 ['ECBAIT_10_0057_MEMBER_INTERIOR_01']
  HIT SRR18212091: 2 baits >= 0.7 ['ECBAIT_10_0057_MEMBER_INTERIOR_01', 'ECBAIT_HOST_CONTROL_01']
  HIT SRR18212094: 1 baits >= 0.7 ['ECBAIT_0_0000_JUNCTION_02']
  HIT SRR18212093: 3 baits >= 0.7 ['ECBAIT_10_0002_MEMBER_INTERIOR_01', 'ECBAIT_10_0057_MEMBER_INTERIOR_01', 'ECBAIT_10_0172_MEMBER_INTERIOR_01']
  HIT SRR18212095: 4 baits >= 0.7 ['ECBAIT_10_0002_JUNCTION_01', 'ECBAIT_10_0002_JUNCTION_02', 'ECBAIT_10_0002_MEMBER_INTERIOR_01', 'ECBAIT_10_0057_MEMBER_INTERIOR_01']
  HIT SRR18212096: 3 baits >= 0.7 ['ECBAIT_10_0057_MEMBER_INTERIOR_01', 'ECBAIT_1_0004_JUNCTION_01', 'ECBAIT_HOST_CONTROL_01']
  HIT SRR18212097: 8 baits >= 0.7 ['ECBAIT_0_0000_INTERIOR_MODULE_01', 'ECBAIT_0_0000_JUNCTION_02', 'ECBAIT_0_0000_MEMBER_INTERIOR_01', 'ECBAIT_10_0002_JUNCTION_01']
  HIT SRR18212098: 1 baits >= 0.7 ['ECBAIT_0_0091_MEMBER_INTERIOR_01']
  HIT SRR18212099: 4 baits >= 0.7 ['ECBAIT_0_0000_JUNCTION_02', 'ECBAIT_0_0000_MEMBER_INTERIOR_01', 'ECBAIT_10_0057_MEMBER_INTERIOR_01', 'ECBAIT_HOST_CONTROL_02']
  HIT SRR18212100: 3 baits >= 0.7 ['ECBAIT_10_0002_MEMBER_INTERIOR_01', 'ECBAIT_10_0057_MEMBER_INTERIOR_01', 'ECBAIT_10_0172_MEMBER_INTERIOR_01']
  HIT SRR18212101: 3 baits >= 0.7 ['ECBAIT_10_0002_MEMBER_INTERIOR_01', 'ECBAIT_10_0057_MEMBER_INTERIOR_01', 'ECBAIT_10_0172_MEMBER_INTERIOR_01']
  HIT SRR18212102: 5 baits >= 0.7 ['ECBAIT_0_0000_INTERIOR_MODULE_01', 'ECBAIT_0_0000_JUNCTION_02', 'ECBAIT_0_0000_MEMBER_INTERIOR_01', 'ECBAIT_10_0057_MEMBER_INTERIOR_01']
  HIT SRR18212103: 3 baits >= 0.7 ['ECBAIT_10_0002_MEMBER_INTERIOR_01', 'ECBAIT_10_0057_MEMBER_INTERIOR_01', 'ECBAIT_10_0172_MEMBER_INTERIOR_01']
  HIT SRR18212105: 1 baits >= 0.7 ['ECBAIT_10_0057_MEMBER_INTERIOR_01']
  HIT SRR18212106: 3 baits >= 0.7 ['ECBAIT_10_0002_MEMBER_INTERIOR_01', 'ECBAIT_10_0057_MEMBER_INTERIOR_01', 'ECBAIT_10_0172_MEMBER_INTERIOR_01']
  HIT SRR18212107: 1 baits >= 0.7 ['ECBAIT_10_0057_MEMBER_INTERIOR_01']
  HIT SRR18212108: 4 baits >= 0.7 ['ECBAIT_0_0000_JUNCTION_02', 'ECBAIT_0_0000_MEMBER_INTERIOR_01', 'ECBAIT_10_0057_MEMBER_INTERIOR_01', 'ECBAIT_HOST_CONTROL_02']
  HIT SRR18212110: 2 baits >= 0.7 ['ECBAIT_10_0057_MEMBER_INTERIOR_01', 'ECBAIT_HOST_CONTROL_02']
  HIT SRR18212109: 5 baits >= 0.7 ['ECBAIT_0_0000_JUNCTION_02', 'ECBAIT_0_0000_MEMBER_INTERIOR_01', 'ECBAIT_0_0046_JUNCTION_01', 'ECBAIT_10_0057_MEMBER_INTERIOR_01']
  HIT SRR18212111: 2 baits >= 0.7 ['ECBAIT_10_0002_MEMBER_INTERIOR_01', 'ECBAIT_10_0057_MEMBER_INTERIOR_01']
  HIT SRR18212112: 2 baits >= 0.7 ['ECBAIT_0_0000_JUNCTION_02', 'ECBAIT_10_0057_MEMBER_INTERIOR_01']
  HIT SRR18212113: 7 baits >= 0.7 ['ECBAIT_0_0000_INTERIOR_MODULE_01', 'ECBAIT_0_0000_JUNCTION_02', 'ECBAIT_0_0000_MEMBER_INTERIOR_01', 'ECBAIT_10_0002_JUNCTION_01']
  HIT SRR18212114: 5 baits >= 0.7 ['ECBAIT_0_0000_JUNCTION_02', 'ECBAIT_0_0000_MEMBER_INTERIOR_01', 'ECBAIT_10_0057_MEMBER_INTERIOR_01', 'ECBAIT_10_0172_MEMBER_INTERIOR_01']
  HIT SRR18212115: 3 baits >= 0.7 ['ECBAIT_10_0002_MEMBER_INTERIOR_01', 'ECBAIT_10_0057_MEMBER_INTERIOR_01', 'ECBAIT_10_0172_MEMBER_INTERIOR_01']
  HIT SRR18212116: 1 baits >= 0.7 ['ECBAIT_10_0057_MEMBER_INTERIOR_01']
  HIT SRR18212117: 4 baits >= 0.7 ['ECBAIT_0_0000_INTERIOR_MODULE_01', 'ECBAIT_0_0000_JUNCTION_02', 'ECBAIT_0_0000_MEMBER_INTERIOR_01', 'ECBAIT_HOST_CONTROL_02']
  HIT SRR18212118: 1 baits >= 0.7 ['ECBAIT_HOST_CONTROL_02']
  HIT SRR18212119: 6 baits >= 0.7 ['ECBAIT_0_0000_JUNCTION_02', 'ECBAIT_0_0000_MEMBER_INTERIOR_01', 'ECBAIT_0_0014_MEMBER_INTERIOR_01', 'ECBAIT_10_0057_MEMBER_INTERIOR_01']
  HIT SRR18212120: 2 baits >= 0.7 ['ECBAIT_10_0002_MEMBER_INTERIOR_01', 'ECBAIT_10_0057_MEMBER_INTERIOR_01']
  HIT SRR18212121: 7 baits >= 0.7 ['ECBAIT_0_0000_INTERIOR_MODULE_01', 'ECBAIT_0_0000_JUNCTION_02', 'ECBAIT_0_0000_MEMBER_INTERIOR_01', 'ECBAIT_10_0002_JUNCTION_01']
  HIT SRR18212122: 7 baits >= 0.7 ['ECBAIT_0_0000_JUNCTION_02', 'ECBAIT_0_0000_MEMBER_INTERIOR_01', 'ECBAIT_0_0014_JUNCTION_02', 'ECBAIT_0_0014_MEMBER_INTERIOR_01']
  HIT SRR18212123: 4 baits >= 0.7 ['ECBAIT_0_0000_JUNCTION_02', 'ECBAIT_0_0000_MEMBER_INTERIOR_01', 'ECBAIT_10_0057_MEMBER_INTERIOR_01', 'ECBAIT_HOST_CONTROL_02']
  HIT SRR18212124: 3 baits >= 0.7 ['ECBAIT_10_0002_MEMBER_INTERIOR_01', 'ECBAIT_10_0057_MEMBER_INTERIOR_01', 'ECBAIT_10_0172_MEMBER_INTERIOR_01']
  HIT SRR18212125: 3 baits >= 0.7 ['ECBAIT_10_0002_MEMBER_INTERIOR_01', 'ECBAIT_10_0057_MEMBER_INTERIOR_01', 'ECBAIT_10_0172_MEMBER_INTERIOR_01']
  HIT SRR18212126: 2 baits >= 0.7 ['ECBAIT_10_0057_MEMBER_INTERIOR_01', 'ECBAIT_HOST_CONTROL_02']
  HIT SRR18212128: 5 baits >= 0.7 ['ECBAIT_0_0000_INTERIOR_MODULE_01', 'ECBAIT_0_0000_JUNCTION_02', 'ECBAIT_0_0000_MEMBER_INTERIOR_01', 'ECBAIT_10_0057_MEMBER_INTERIOR_01']
  HIT SRR18212127: 1 baits >= 0.7 ['ECBAIT_10_0172_MEMBER_INTERIOR_01']
  HIT SRR18212129: 5 baits >= 0.7 ['ECBAIT_0_0000_JUNCTION_02', 'ECBAIT_0_0000_MEMBER_INTERIOR_01', 'ECBAIT_10_0057_MEMBER_INTERIOR_01', 'ECBAIT_10_0172_MEMBER_INTERIOR_01']
  9400/11975 processed (1892 screened, 1824 hit-accessions) 836s budget=3.0GB
  HIT SRR18212130: 1 baits >= 0.7 ['ECBAIT_10_0057_MEMBER_INTERIOR_01']
  HIT SRR18212131: 5 baits >= 0.7 ['ECBAIT_0_0000_JUNCTION_02', 'ECBAIT_0_0000_MEMBER_INTERIOR_01', 'ECBAIT_10_0057_MEMBER_INTERIOR_01', 'ECBAIT_10_0172_MEMBER_INTERIOR_01']
  HIT SRR18212133: 4 baits >= 0.7 ['ECBAIT_10_0002_JUNCTION_01', 'ECBAIT_10_0002_JUNCTION_02', 'ECBAIT_10_0002_MEMBER_INTERIOR_01', 'ECBAIT_10_0057_MEMBER_INTERIOR_01']
  HIT SRR18212134: 1 baits >= 0.7 ['ECBAIT_10_0057_MEMBER_INTERIOR_01']
  HIT SRR18212135: 1 baits >= 0.7 ['ECBAIT_10_0057_MEMBER_INTERIOR_01']
  HIT SRR18212137: 1 baits >= 0.7 ['ECBAIT_10_0057_MEMBER_INTERIOR_01']
  HIT SRR18212138: 2 baits >= 0.7 ['ECBAIT_10_0002_MEMBER_INTERIOR_01', 'ECBAIT_10_0057_MEMBER_INTERIOR_01']
  HIT SRR18212140: 2 baits >= 0.7 ['ECBAIT_10_0002_MEMBER_INTERIOR_01', 'ECBAIT_10_0057_MEMBER_INTERIOR_01']
  HIT SRR18212141: 4 baits >= 0.7 ['ECBAIT_10_0002_JUNCTION_01', 'ECBAIT_10_0002_JUNCTION_02', 'ECBAIT_10_0002_MEMBER_INTERIOR_01', 'ECBAIT_10_0057_MEMBER_INTERIOR_01']
  HIT SRR18212142: 3 baits >= 0.7 ['ECBAIT_10_0057_MEMBER_INTERIOR_01', 'ECBAIT_10_0172_MEMBER_INTERIOR_01', 'ECBAIT_HOST_CONTROL_02']
  HIT SRR18212143: 2 baits >= 0.7 ['ECBAIT_10_0002_MEMBER_INTERIOR_01', 'ECBAIT_10_0057_MEMBER_INTERIOR_01']
  HIT SRR18212144: 2 baits >= 0.7 ['ECBAIT_10_0002_MEMBER_INTERIOR_01', 'ECBAIT_10_0057_MEMBER_INTERIOR_01']
  HIT SRR18212145: 2 baits >= 0.7 ['ECBAIT_10_0002_MEMBER_INTERIOR_01', 'ECBAIT_10_0057_MEMBER_INTERIOR_01']
  HIT SRR18212146: 3 baits >= 0.7 ['ECBAIT_10_0002_MEMBER_INTERIOR_01', 'ECBAIT_10_0057_MEMBER_INTERIOR_01', 'ECBAIT_10_0172_MEMBER_INTERIOR_01']
  HIT SRR18212147: 5 baits >= 0.7 ['ECBAIT_0_0000_INTERIOR_MODULE_01', 'ECBAIT_0_0000_JUNCTION_02', 'ECBAIT_0_0000_MEMBER_INTERIOR_01', 'ECBAIT_10_0057_MEMBER_INTERIOR_01']
  HIT SRR18212148: 3 baits >= 0.7 ['ECBAIT_10_0002_JUNCTION_01', 'ECBAIT_10_0002_JUNCTION_02', 'ECBAIT_10_0057_MEMBER_INTERIOR_01']
  HIT SRR18212149: 3 baits >= 0.7 ['ECBAIT_10_0057_MEMBER_INTERIOR_01', 'ECBAIT_10_0151_JUNCTION_03', 'ECBAIT_1_0004_JUNCTION_02']
  HIT SRR18212150: 4 baits >= 0.7 ['ECBAIT_0_0000_JUNCTION_02', 'ECBAIT_0_0000_MEMBER_INTERIOR_01', 'ECBAIT_10_0057_MEMBER_INTERIOR_01', 'ECBAIT_HOST_CONTROL_02']
  HIT SRR18212151: 3 baits >= 0.7 ['ECBAIT_10_0002_MEMBER_INTERIOR_01', 'ECBAIT_10_0057_MEMBER_INTERIOR_01', 'ECBAIT_10_0172_MEMBER_INTERIOR_01']
  HIT SRR18212152: 1 baits >= 0.7 ['ECBAIT_HOST_CONTROL_01']
  HIT SRR18212154: 1 baits >= 0.7 ['ECBAIT_HOST_CONTROL_01']
  HIT SRR18212153: 5 baits >= 0.7 ['ECBAIT_0_0000_JUNCTION_02', 'ECBAIT_0_0000_MEMBER_INTERIOR_01', 'ECBAIT_10_0057_MEMBER_INTERIOR_01', 'ECBAIT_10_0172_MEMBER_INTERIOR_01']
  HIT SRR18212155: 2 baits >= 0.7 ['ECBAIT_10_0002_MEMBER_INTERIOR_01', 'ECBAIT_10_0057_MEMBER_INTERIOR_01']
  HIT SRR18212156: 2 baits >= 0.7 ['ECBAIT_10_0002_MEMBER_INTERIOR_01', 'ECBAIT_10_0057_MEMBER_INTERIOR_01']
  HIT SRR18212158: 4 baits >= 0.7 ['ECBAIT_10_0002_JUNCTION_01', 'ECBAIT_10_0002_JUNCTION_02', 'ECBAIT_10_0002_MEMBER_INTERIOR_01', 'ECBAIT_10_0057_MEMBER_INTERIOR_01']
  HIT SRR18212157: 2 baits >= 0.7 ['ECBAIT_10_0002_MEMBER_INTERIOR_01', 'ECBAIT_10_0057_MEMBER_INTERIOR_01']
  HIT SRR18212159: 4 baits >= 0.7 ['ECBAIT_0_0000_JUNCTION_02', 'ECBAIT_0_0000_MEMBER_INTERIOR_01', 'ECBAIT_10_0057_MEMBER_INTERIOR_01', 'ECBAIT_HOST_CONTROL_02']
  HIT SRR18212160: 4 baits >= 0.7 ['ECBAIT_0_0000_JUNCTION_02', 'ECBAIT_0_0000_MEMBER_INTERIOR_01', 'ECBAIT_10_0057_MEMBER_INTERIOR_01', 'ECBAIT_HOST_CONTROL_02']
  HIT SRR18212161: 2 baits >= 0.7 ['ECBAIT_10_0002_MEMBER_INTERIOR_01', 'ECBAIT_10_0057_MEMBER_INTERIOR_01']
  HIT SRR18212162: 2 baits >= 0.7 ['ECBAIT_10_0002_MEMBER_INTERIOR_01', 'ECBAIT_10_0057_MEMBER_INTERIOR_01']
  HIT SRR18212163: 3 baits >= 0.7 ['ECBAIT_0_0000_JUNCTION_02', 'ECBAIT_10_0057_MEMBER_INTERIOR_01', 'ECBAIT_1_0004_JUNCTION_01']
  HIT SRR18212164: 7 baits >= 0.7 ['ECBAIT_0_0000_JUNCTION_02', 'ECBAIT_0_0000_MEMBER_INTERIOR_01', 'ECBAIT_0_0014_MEMBER_INTERIOR_01', 'ECBAIT_0_0052_JUNCTION_03']
  HIT SRR18212165: 1 baits >= 0.7 ['ECBAIT_10_0057_MEMBER_INTERIOR_01']
  HIT SRR18212166: 6 baits >= 0.7 ['ECBAIT_0_0000_JUNCTION_02', 'ECBAIT_0_0000_MEMBER_INTERIOR_01', 'ECBAIT_10_0057_MEMBER_INTERIOR_01', 'ECBAIT_10_0172_MEMBER_INTERIOR_01']
  HIT SRR18212167: 2 baits >= 0.7 ['ECBAIT_10_0002_MEMBER_INTERIOR_01', 'ECBAIT_10_0057_MEMBER_INTERIOR_01']
  HIT SRR18212168: 1 baits >= 0.7 ['ECBAIT_10_0057_MEMBER_INTERIOR_01']
  HIT SRR18212169: 2 baits >= 0.7 ['ECBAIT_10_0057_MEMBER_INTERIOR_01', 'ECBAIT_HOST_CONTROL_01']
  HIT SRR18212170: 3 baits >= 0.7 ['ECBAIT_0_0000_JUNCTION_02', 'ECBAIT_10_0151_JUNCTION_03', 'ECBAIT_10_0172_MEMBER_INTERIOR_01']
  HIT SRR18212171: 4 baits >= 0.7 ['ECBAIT_0_0000_JUNCTION_02', 'ECBAIT_10_0002_MEMBER_INTERIOR_01', 'ECBAIT_10_0057_MEMBER_INTERIOR_01', 'ECBAIT_10_0151_JUNCTION_03']
  HIT SRR18212172: 4 baits >= 0.7 ['ECBAIT_10_0002_JUNCTION_01', 'ECBAIT_10_0002_JUNCTION_02', 'ECBAIT_10_0002_MEMBER_INTERIOR_01', 'ECBAIT_10_0057_MEMBER_INTERIOR_01']
  HIT SRR18212173: 2 baits >= 0.7 ['ECBAIT_0_0054_MEMBER_INTERIOR_01', 'ECBAIT_HOST_CONTROL_02']
  HIT SRR18212174: 2 baits >= 0.7 ['ECBAIT_10_0057_MEMBER_INTERIOR_01', 'ECBAIT_HOST_CONTROL_02']
  HIT SRR18212175: 4 baits >= 0.7 ['ECBAIT_10_0002_JUNCTION_01', 'ECBAIT_10_0002_JUNCTION_02', 'ECBAIT_10_0002_MEMBER_INTERIOR_01', 'ECBAIT_10_0057_MEMBER_INTERIOR_01']
  HIT SRR18212176: 1 baits >= 0.7 ['ECBAIT_10_0057_MEMBER_INTERIOR_01']
  HIT SRR18212177: 2 baits >= 0.7 ['ECBAIT_10_0057_MEMBER_INTERIOR_01', 'ECBAIT_HOST_CONTROL_02']
  HIT SRR18212179: 3 baits >= 0.7 ['ECBAIT_0_0000_JUNCTION_02', 'ECBAIT_10_0057_MEMBER_INTERIOR_01', 'ECBAIT_1_0004_JUNCTION_01']
  HIT SRR18212178: 1 baits >= 0.7 ['ECBAIT_10_0057_MEMBER_INTERIOR_01']
  9450/11975 processed (1942 screened, 1871 hit-accessions) 852s budget=3.1GB
  HIT SRR18212180: 2 baits >= 0.7 ['ECBAIT_10_0002_MEMBER_INTERIOR_01', 'ECBAIT_10_0057_MEMBER_INTERIOR_01']
  HIT SRR18212181: 1 baits >= 0.7 ['ECBAIT_10_0172_MEMBER_INTERIOR_01']
  HIT SRR18212182: 1 baits >= 0.7 ['ECBAIT_10_0057_MEMBER_INTERIOR_01']
  HIT SRR18212183: 8 baits >= 0.7 ['ECBAIT_0_0000_JUNCTION_02', 'ECBAIT_0_0000_MEMBER_INTERIOR_01', 'ECBAIT_0_0046_JUNCTION_02', 'ECBAIT_0_0046_MEMBER_INTERIOR_01']
  HIT SRR18212184: 2 baits >= 0.7 ['ECBAIT_0_0000_JUNCTION_02', 'ECBAIT_10_0057_MEMBER_INTERIOR_01']
  HIT SRR18212185: 5 baits >= 0.7 ['ECBAIT_0_0000_JUNCTION_02', 'ECBAIT_0_0000_MEMBER_INTERIOR_01', 'ECBAIT_10_0057_MEMBER_INTERIOR_01', 'ECBAIT_10_0172_MEMBER_INTERIOR_01']
  HIT SRR18212186: 2 baits >= 0.7 ['ECBAIT_10_0002_MEMBER_INTERIOR_01', 'ECBAIT_10_0057_MEMBER_INTERIOR_01']
  HIT SRR18212187: 6 baits >= 0.7 ['ECBAIT_0_0046_MEMBER_INTERIOR_01', 'ECBAIT_10_0057_MEMBER_INTERIOR_01', 'ECBAIT_1_0022_JUNCTION_02', 'ECBAIT_1_0022_JUNCTION_03']
  HIT SRR18212188: 4 baits >= 0.7 ['ECBAIT_10_0002_JUNCTION_01', 'ECBAIT_10_0002_JUNCTION_02', 'ECBAIT_10_0002_MEMBER_INTERIOR_01', 'ECBAIT_10_0057_MEMBER_INTERIOR_01']
  HIT SRR18212189: 2 baits >= 0.7 ['ECBAIT_10_0002_MEMBER_INTERIOR_01', 'ECBAIT_10_0057_MEMBER_INTERIOR_01']
  HIT SRR18212190: 5 baits >= 0.7 ['ECBAIT_0_0000_INTERIOR_MODULE_01', 'ECBAIT_0_0000_JUNCTION_02', 'ECBAIT_0_0000_MEMBER_INTERIOR_01', 'ECBAIT_10_0057_MEMBER_INTERIOR_01']
  HIT SRR18212191: 2 baits >= 0.7 ['ECBAIT_10_0002_MEMBER_INTERIOR_01', 'ECBAIT_10_0057_MEMBER_INTERIOR_01']
  HIT SRR18212192: 1 baits >= 0.7 ['ECBAIT_10_0057_MEMBER_INTERIOR_01']
  HIT SRR18212194: 2 baits >= 0.7 ['ECBAIT_10_0002_MEMBER_INTERIOR_01', 'ECBAIT_10_0057_MEMBER_INTERIOR_01']
  HIT SRR18212195: 1 baits >= 0.7 ['ECBAIT_10_0057_MEMBER_INTERIOR_01']
  HIT SRR18212196: 4 baits >= 0.7 ['ECBAIT_0_0000_JUNCTION_02', 'ECBAIT_10_0057_MEMBER_INTERIOR_01', 'ECBAIT_10_0151_JUNCTION_03', 'ECBAIT_10_0172_MEMBER_INTERIOR_01']
  HIT SRR18212197: 3 baits >= 0.7 ['ECBAIT_0_0000_JUNCTION_02', 'ECBAIT_0_0014_JUNCTION_01', 'ECBAIT_10_0057_MEMBER_INTERIOR_01']
  HIT SRR18212198: 3 baits >= 0.7 ['ECBAIT_10_0057_MEMBER_INTERIOR_01', 'ECBAIT_10_0172_MEMBER_INTERIOR_01', 'ECBAIT_HOST_CONTROL_01']
  HIT SRR18212199: 4 baits >= 0.7 ['ECBAIT_0_0000_JUNCTION_02', 'ECBAIT_0_0000_MEMBER_INTERIOR_01', 'ECBAIT_10_0057_MEMBER_INTERIOR_01', 'ECBAIT_HOST_CONTROL_02']
  HIT SRR18212200: 5 baits >= 0.7 ['ECBAIT_0_0000_JUNCTION_02', 'ECBAIT_0_0000_MEMBER_INTERIOR_01', 'ECBAIT_10_0057_MEMBER_INTERIOR_01', 'ECBAIT_10_0172_MEMBER_INTERIOR_01']
  HIT SRR18212202: 4 baits >= 0.7 ['ECBAIT_0_0000_JUNCTION_02', 'ECBAIT_0_0000_MEMBER_INTERIOR_01', 'ECBAIT_10_0057_MEMBER_INTERIOR_01', 'ECBAIT_HOST_CONTROL_02']
  HIT SRR18212201: 7 baits >= 0.7 ['ECBAIT_0_0000_INTERIOR_MODULE_01', 'ECBAIT_0_0000_JUNCTION_02', 'ECBAIT_0_0000_MEMBER_INTERIOR_01', 'ECBAIT_10_0002_JUNCTION_01']
  HIT SRR18212203: 2 baits >= 0.7 ['ECBAIT_10_0002_MEMBER_INTERIOR_01', 'ECBAIT_10_0057_MEMBER_INTERIOR_01']
  HIT SRR18212204: 4 baits >= 0.7 ['ECBAIT_0_0000_JUNCTION_02', 'ECBAIT_0_0000_MEMBER_INTERIOR_01', 'ECBAIT_10_0057_MEMBER_INTERIOR_01', 'ECBAIT_10_0172_MEMBER_INTERIOR_01']
  HIT SRR18212205: 1 baits >= 0.7 ['ECBAIT_10_0057_MEMBER_INTERIOR_01']
  HIT SRR18212207: 2 baits >= 0.7 ['ECBAIT_10_0057_MEMBER_INTERIOR_01', 'ECBAIT_HOST_CONTROL_01']
  HIT SRR18212206: 4 baits >= 0.7 ['ECBAIT_0_0000_JUNCTION_02', 'ECBAIT_0_0000_MEMBER_INTERIOR_01', 'ECBAIT_10_0057_MEMBER_INTERIOR_01', 'ECBAIT_HOST_CONTROL_02']
  HIT SRR18212208: 2 baits >= 0.7 ['ECBAIT_10_0057_MEMBER_INTERIOR_01', 'ECBAIT_HOST_CONTROL_01']
  HIT SRR18212209: 7 baits >= 0.7 ['ECBAIT_0_0000_INTERIOR_MODULE_01', 'ECBAIT_0_0000_JUNCTION_02', 'ECBAIT_0_0000_MEMBER_INTERIOR_01', 'ECBAIT_10_0002_JUNCTION_01']
  HIT SRR18212210: 2 baits >= 0.7 ['ECBAIT_10_0002_MEMBER_INTERIOR_01', 'ECBAIT_10_0057_MEMBER_INTERIOR_01']
  HIT SRR18212212: 2 baits >= 0.7 ['ECBAIT_10_0002_MEMBER_INTERIOR_01', 'ECBAIT_10_0057_MEMBER_INTERIOR_01']
  HIT SRR18212213: 2 baits >= 0.7 ['ECBAIT_10_0002_MEMBER_INTERIOR_01', 'ECBAIT_10_0057_MEMBER_INTERIOR_01']
  HIT SRR18212215: 2 baits >= 0.7 ['ECBAIT_10_0057_MEMBER_INTERIOR_01', 'ECBAIT_10_0172_MEMBER_INTERIOR_01']
  HIT SRR18212214: 2 baits >= 0.7 ['ECBAIT_10_0002_MEMBER_INTERIOR_01', 'ECBAIT_10_0057_MEMBER_INTERIOR_01']
  HIT SRR18212216: 4 baits >= 0.7 ['ECBAIT_0_0000_JUNCTION_02', 'ECBAIT_10_0057_MEMBER_INTERIOR_01', 'ECBAIT_10_0151_JUNCTION_03', 'ECBAIT_1_0004_JUNCTION_01']
  HIT SRR18212217: 1 baits >= 0.7 ['ECBAIT_10_0057_MEMBER_INTERIOR_01']
  HIT SRR18212218: 2 baits >= 0.7 ['ECBAIT_10_0002_MEMBER_INTERIOR_01', 'ECBAIT_10_0057_MEMBER_INTERIOR_01']
  HIT SRR18212219: 2 baits >= 0.7 ['ECBAIT_10_0057_MEMBER_INTERIOR_01', 'ECBAIT_HOST_CONTROL_01']
  HIT SRR18212220: 1 baits >= 0.7 ['ECBAIT_HOST_CONTROL_02']
  HIT SRR18212221: 5 baits >= 0.7 ['ECBAIT_0_0000_JUNCTION_02', 'ECBAIT_0_0000_MEMBER_INTERIOR_01', 'ECBAIT_10_0057_MEMBER_INTERIOR_01', 'ECBAIT_10_0172_MEMBER_INTERIOR_01']
  HIT SRR18212223: 2 baits >= 0.7 ['ECBAIT_10_0057_MEMBER_INTERIOR_01', 'ECBAIT_10_0172_MEMBER_INTERIOR_01']
  HIT SRR18212222: 4 baits >= 0.7 ['ECBAIT_0_0000_JUNCTION_02', 'ECBAIT_10_0057_MEMBER_INTERIOR_01', 'ECBAIT_10_0151_JUNCTION_03', 'ECBAIT_1_0004_JUNCTION_01']
  HIT SRR18212224: 1 baits >= 0.7 ['ECBAIT_HOST_CONTROL_02']
  HIT SRR18212225: 5 baits >= 0.7 ['ECBAIT_0_0000_JUNCTION_02', 'ECBAIT_0_0000_MEMBER_INTERIOR_01', 'ECBAIT_10_0057_MEMBER_INTERIOR_01', 'ECBAIT_10_0172_MEMBER_INTERIOR_01']
  HIT SRR18212226: 2 baits >= 0.7 ['ECBAIT_10_0002_MEMBER_INTERIOR_01', 'ECBAIT_10_0057_MEMBER_INTERIOR_01']
  HIT SRR18212228: 3 baits >= 0.7 ['ECBAIT_0_0052_JUNCTION_03', 'ECBAIT_10_0057_MEMBER_INTERIOR_01', 'ECBAIT_HOST_CONTROL_02']
  HIT SRR18212229: 6 baits >= 0.7 ['ECBAIT_0_0000_JUNCTION_02', 'ECBAIT_0_0000_MEMBER_INTERIOR_01', 'ECBAIT_10_0057_MEMBER_INTERIOR_01', 'ECBAIT_10_0172_MEMBER_INTERIOR_01']
  9500/11975 processed (1992 screened, 1918 hit-accessions) 869s budget=3.2GB
  HIT SRR18212230: 5 baits >= 0.7 ['ECBAIT_10_0002_JUNCTION_01', 'ECBAIT_10_0002_JUNCTION_02', 'ECBAIT_10_0002_MEMBER_INTERIOR_01', 'ECBAIT_10_0057_MEMBER_INTERIOR_01']
  HIT SRR18212231: 7 baits >= 0.7 ['ECBAIT_0_0059_JUNCTION_01', 'ECBAIT_0_0059_JUNCTION_02', 'ECBAIT_0_0059_JUNCTION_03', 'ECBAIT_10_0002_JUNCTION_01']
  HIT SRR18212232: 3 baits >= 0.7 ['ECBAIT_10_0002_MEMBER_INTERIOR_01', 'ECBAIT_10_0057_MEMBER_INTERIOR_01', 'ECBAIT_10_0172_MEMBER_INTERIOR_01']
  HIT SRR18212234: 2 baits >= 0.7 ['ECBAIT_10_0057_MEMBER_INTERIOR_01', 'ECBAIT_HOST_CONTROL_01']
  HIT SRR18212235: 2 baits >= 0.7 ['ECBAIT_10_0002_MEMBER_INTERIOR_01', 'ECBAIT_10_0057_MEMBER_INTERIOR_01']
  HIT SRR18212236: 2 baits >= 0.7 ['ECBAIT_10_0057_MEMBER_INTERIOR_01', 'ECBAIT_10_0172_MEMBER_INTERIOR_01']
  HIT SRR18212237: 4 baits >= 0.7 ['ECBAIT_0_0054_MEMBER_INTERIOR_01', 'ECBAIT_10_0057_MEMBER_INTERIOR_01', 'ECBAIT_10_0172_MEMBER_INTERIOR_01', 'ECBAIT_HOST_CONTROL_02']
  HIT SRR18212238: 3 baits >= 0.7 ['ECBAIT_0_0054_MEMBER_INTERIOR_01', 'ECBAIT_10_0002_MEMBER_INTERIOR_01', 'ECBAIT_10_0057_MEMBER_INTERIOR_01']
  HIT SRR18212239: 2 baits >= 0.7 ['ECBAIT_10_0057_MEMBER_INTERIOR_01', 'ECBAIT_10_0172_MEMBER_INTERIOR_01']
  HIT SRR18212240: 2 baits >= 0.7 ['ECBAIT_10_0002_MEMBER_INTERIOR_01', 'ECBAIT_10_0057_MEMBER_INTERIOR_01']
  HIT SRR18212242: 3 baits >= 0.7 ['ECBAIT_10_0002_MEMBER_INTERIOR_01', 'ECBAIT_10_0057_MEMBER_INTERIOR_01', 'ECBAIT_10_0172_MEMBER_INTERIOR_01']
  HIT SRR18212244: 4 baits >= 0.7 ['ECBAIT_0_0000_JUNCTION_02', 'ECBAIT_0_0000_MEMBER_INTERIOR_01', 'ECBAIT_10_0057_MEMBER_INTERIOR_01', 'ECBAIT_HOST_CONTROL_02']
  HIT SRR18212246: 2 baits >= 0.7 ['ECBAIT_10_0002_MEMBER_INTERIOR_01', 'ECBAIT_10_0057_MEMBER_INTERIOR_01']
  HIT SRR18212245: 2 baits >= 0.7 ['ECBAIT_10_0057_MEMBER_INTERIOR_01', 'ECBAIT_HOST_CONTROL_01']
  HIT SRR18212247: 2 baits >= 0.7 ['ECBAIT_10_0057_MEMBER_INTERIOR_01', 'ECBAIT_10_0151_JUNCTION_03']
  HIT SRR18212248: 4 baits >= 0.7 ['ECBAIT_0_0000_JUNCTION_02', 'ECBAIT_0_0000_MEMBER_INTERIOR_01', 'ECBAIT_10_0057_MEMBER_INTERIOR_01', 'ECBAIT_HOST_CONTROL_02']
  HIT SRR18212250: 1 baits >= 0.7 ['ECBAIT_10_0057_MEMBER_INTERIOR_01']
  HIT SRR18212249: 2 baits >= 0.7 ['ECBAIT_10_0002_MEMBER_INTERIOR_01', 'ECBAIT_10_0057_MEMBER_INTERIOR_01']
  HIT SRR18212251: 2 baits >= 0.7 ['ECBAIT_10_0002_MEMBER_INTERIOR_01', 'ECBAIT_10_0057_MEMBER_INTERIOR_01']
  HIT SRR18212252: 4 baits >= 0.7 ['ECBAIT_0_0054_MEMBER_INTERIOR_01', 'ECBAIT_10_0057_MEMBER_INTERIOR_01', 'ECBAIT_10_0172_MEMBER_INTERIOR_01', 'ECBAIT_HOST_CONTROL_02']
  HIT SRR18212254: 4 baits >= 0.7 ['ECBAIT_0_0046_JUNCTION_01', 'ECBAIT_0_0046_JUNCTION_02', 'ECBAIT_0_0046_MEMBER_INTERIOR_01', 'ECBAIT_10_0057_MEMBER_INTERIOR_01']
  HIT SRR18212253: 5 baits >= 0.7 ['ECBAIT_0_0000_JUNCTION_02', 'ECBAIT_0_0000_MEMBER_INTERIOR_01', 'ECBAIT_0_0052_JUNCTION_03', 'ECBAIT_0_0054_MEMBER_INTERIOR_01']
  HIT SRR18212255: 4 baits >= 0.7 ['ECBAIT_0_0000_INTERIOR_MODULE_01', 'ECBAIT_0_0000_JUNCTION_02', 'ECBAIT_0_0000_MEMBER_INTERIOR_01', 'ECBAIT_10_0057_MEMBER_INTERIOR_01']
  HIT SRR18212256: 1 baits >= 0.7 ['ECBAIT_10_0057_MEMBER_INTERIOR_01']
  HIT SRR18212259: 2 baits >= 0.7 ['ECBAIT_10_0057_MEMBER_INTERIOR_01', 'ECBAIT_HOST_CONTROL_02']
  HIT SRR18212257: 1 baits >= 0.7 ['ECBAIT_10_0057_MEMBER_INTERIOR_01']
  HIT SRR18212258: 2 baits >= 0.7 ['ECBAIT_10_0057_MEMBER_INTERIOR_01', 'ECBAIT_HOST_CONTROL_01']
  HIT SRR18212260: 1 baits >= 0.7 ['ECBAIT_HOST_CONTROL_01']
  HIT SRR18212261: 2 baits >= 0.7 ['ECBAIT_10_0057_MEMBER_INTERIOR_01', 'ECBAIT_HOST_CONTROL_01']
  HIT SRR18212263: 2 baits >= 0.7 ['ECBAIT_10_0002_MEMBER_INTERIOR_01', 'ECBAIT_10_0057_MEMBER_INTERIOR_01']
  HIT SRR18212262: 2 baits >= 0.7 ['ECBAIT_0_0052_JUNCTION_03', 'ECBAIT_10_0057_MEMBER_INTERIOR_01']
  HIT SRR18212264: 4 baits >= 0.7 ['ECBAIT_0_0000_JUNCTION_02', 'ECBAIT_0_0000_MEMBER_INTERIOR_01', 'ECBAIT_10_0002_MEMBER_INTERIOR_01', 'ECBAIT_10_0057_MEMBER_INTERIOR_01']
  HIT SRR18212265: 3 baits >= 0.7 ['ECBAIT_0_0000_JUNCTION_02', 'ECBAIT_0_0000_MEMBER_INTERIOR_01', 'ECBAIT_HOST_CONTROL_02']
  HIT SRR18212266: 1 baits >= 0.7 ['ECBAIT_10_0057_MEMBER_INTERIOR_01']
  HIT SRR18212267: 5 baits >= 0.7 ['ECBAIT_0_0000_INTERIOR_MODULE_01', 'ECBAIT_0_0000_JUNCTION_02', 'ECBAIT_0_0000_MEMBER_INTERIOR_01', 'ECBAIT_10_0057_MEMBER_INTERIOR_01']
  HIT SRR18212268: 3 baits >= 0.7 ['ECBAIT_10_0002_JUNCTION_01', 'ECBAIT_10_0002_MEMBER_INTERIOR_01', 'ECBAIT_10_0057_MEMBER_INTERIOR_01']
  HIT SRR18212270: 1 baits >= 0.7 ['ECBAIT_HOST_CONTROL_01']
  HIT SRR18212271: 2 baits >= 0.7 ['ECBAIT_10_0057_MEMBER_INTERIOR_01', 'ECBAIT_HOST_CONTROL_01']
  HIT SRR18212269: 2 baits >= 0.7 ['ECBAIT_10_0002_MEMBER_INTERIOR_01', 'ECBAIT_10_0057_MEMBER_INTERIOR_01']
  HIT SRR18212272: 4 baits >= 0.7 ['ECBAIT_0_0000_JUNCTION_02', 'ECBAIT_0_0000_MEMBER_INTERIOR_01', 'ECBAIT_10_0057_MEMBER_INTERIOR_01', 'ECBAIT_HOST_CONTROL_02']
  HIT SRR18212273: 2 baits >= 0.7 ['ECBAIT_10_0057_MEMBER_INTERIOR_01', 'ECBAIT_HOST_CONTROL_02']
  HIT SRR18212275: 2 baits >= 0.7 ['ECBAIT_10_0057_MEMBER_INTERIOR_01', 'ECBAIT_HOST_CONTROL_01']
  HIT SRR18212274: 1 baits >= 0.7 ['ECBAIT_10_0151_JUNCTION_03']
  HIT SRR18212276: 2 baits >= 0.7 ['ECBAIT_10_0002_MEMBER_INTERIOR_01', 'ECBAIT_10_0057_MEMBER_INTERIOR_01']
  HIT SRR18212277: 5 baits >= 0.7 ['ECBAIT_0_0000_JUNCTION_02', 'ECBAIT_0_0000_MEMBER_INTERIOR_01', 'ECBAIT_10_0057_MEMBER_INTERIOR_01', 'ECBAIT_10_0172_MEMBER_INTERIOR_01']
  HIT SRR18212279: 3 baits >= 0.7 ['ECBAIT_0_0000_MEMBER_INTERIOR_01', 'ECBAIT_0_0054_MEMBER_INTERIOR_01', 'ECBAIT_10_0057_MEMBER_INTERIOR_01']
  HIT SRR18212278: 3 baits >= 0.7 ['ECBAIT_0_0052_JUNCTION_03', 'ECBAIT_0_0054_MEMBER_INTERIOR_01', 'ECBAIT_10_0057_MEMBER_INTERIOR_01']
  9550/11975 processed (2042 screened, 1965 hit-accessions) 884s budget=3.2GB
  HIT SRR18212280: 4 baits >= 0.7 ['ECBAIT_0_0000_JUNCTION_02', 'ECBAIT_0_0000_MEMBER_INTERIOR_01', 'ECBAIT_1_0004_JUNCTION_02', 'ECBAIT_HOST_CONTROL_02']
  HIT SRR18212281: 5 baits >= 0.7 ['ECBAIT_0_0000_INTERIOR_MODULE_01', 'ECBAIT_0_0000_JUNCTION_02', 'ECBAIT_0_0000_MEMBER_INTERIOR_01', 'ECBAIT_10_0057_MEMBER_INTERIOR_01']
  HIT SRR18212282: 7 baits >= 0.7 ['ECBAIT_0_0000_INTERIOR_MODULE_01', 'ECBAIT_0_0000_JUNCTION_02', 'ECBAIT_0_0000_MEMBER_INTERIOR_01', 'ECBAIT_10_0002_JUNCTION_01']
  HIT SRR18212283: 1 baits >= 0.7 ['ECBAIT_HOST_CONTROL_01']
  HIT SRR18212284: 4 baits >= 0.7 ['ECBAIT_0_0000_INTERIOR_MODULE_01', 'ECBAIT_0_0000_JUNCTION_02', 'ECBAIT_0_0000_MEMBER_INTERIOR_01', 'ECBAIT_HOST_CONTROL_02']
  HIT SRR18212285: 2 baits >= 0.7 ['ECBAIT_10_0151_MEMBER_INTERIOR_01', 'ECBAIT_HOST_CONTROL_02']
  HIT SRR18212286: 2 baits >= 0.7 ['ECBAIT_10_0057_MEMBER_INTERIOR_01', 'ECBAIT_HOST_CONTROL_02']
  HIT SRR18212287: 1 baits >= 0.7 ['ECBAIT_0_0000_JUNCTION_02']
  HIT SRR18212289: 4 baits >= 0.7 ['ECBAIT_0_0000_JUNCTION_02', 'ECBAIT_0_0000_MEMBER_INTERIOR_01', 'ECBAIT_10_0057_MEMBER_INTERIOR_01', 'ECBAIT_HOST_CONTROL_02']
  HIT SRR18212290: 2 baits >= 0.7 ['ECBAIT_10_0057_MEMBER_INTERIOR_01', 'ECBAIT_HOST_CONTROL_02']
  HIT SRR18212292: 2 baits >= 0.7 ['ECBAIT_10_0002_MEMBER_INTERIOR_01', 'ECBAIT_10_0057_MEMBER_INTERIOR_01']
  HIT SRR18212291: 6 baits >= 0.7 ['ECBAIT_0_0071_INTERIOR_MODULE_01', 'ECBAIT_0_0071_JUNCTION_01', 'ECBAIT_0_0071_JUNCTION_02', 'ECBAIT_0_0071_JUNCTION_03']
  HIT SRR18212293: 4 baits >= 0.7 ['ECBAIT_0_0000_JUNCTION_02', 'ECBAIT_10_0057_MEMBER_INTERIOR_01', 'ECBAIT_10_0172_MEMBER_INTERIOR_01', 'ECBAIT_1_0004_JUNCTION_02']
  HIT SRR18212294: 1 baits >= 0.7 ['ECBAIT_HOST_CONTROL_01']
  HIT SRR18212295: 3 baits >= 0.7 ['ECBAIT_10_0002_MEMBER_INTERIOR_01', 'ECBAIT_10_0057_MEMBER_INTERIOR_01', 'ECBAIT_10_0172_MEMBER_INTERIOR_01']
  HIT SRR18212296: 2 baits >= 0.7 ['ECBAIT_10_0172_MEMBER_INTERIOR_01', 'ECBAIT_HOST_CONTROL_01']
  HIT SRR18212297: 4 baits >= 0.7 ['ECBAIT_10_0002_JUNCTION_01', 'ECBAIT_10_0002_JUNCTION_02', 'ECBAIT_10_0002_MEMBER_INTERIOR_01', 'ECBAIT_10_0057_MEMBER_INTERIOR_01']
  HIT SRR18212298: 6 baits >= 0.7 ['ECBAIT_0_0000_JUNCTION_02', 'ECBAIT_0_0000_MEMBER_INTERIOR_01', 'ECBAIT_10_0002_JUNCTION_01', 'ECBAIT_10_0002_JUNCTION_02']
  HIT SRR18212299: 2 baits >= 0.7 ['ECBAIT_10_0057_MEMBER_INTERIOR_01', 'ECBAIT_HOST_CONTROL_02']
  HIT SRR18212300: 4 baits >= 0.7 ['ECBAIT_10_0002_JUNCTION_01', 'ECBAIT_10_0002_JUNCTION_02', 'ECBAIT_10_0002_MEMBER_INTERIOR_01', 'ECBAIT_10_0057_MEMBER_INTERIOR_01']
  HIT SRR18212301: 2 baits >= 0.7 ['ECBAIT_10_0057_MEMBER_INTERIOR_01', 'ECBAIT_HOST_CONTROL_02']
  HIT SRR18212302: 1 baits >= 0.7 ['ECBAIT_10_0057_MEMBER_INTERIOR_01']
  HIT SRR18212303: 1 baits >= 0.7 ['ECBAIT_HOST_CONTROL_01']
  HIT SRR18212304: 7 baits >= 0.7 ['ECBAIT_0_0000_INTERIOR_MODULE_01', 'ECBAIT_0_0000_JUNCTION_02', 'ECBAIT_0_0000_MEMBER_INTERIOR_01', 'ECBAIT_10_0002_JUNCTION_01']
  HIT SRR18212305: 4 baits >= 0.7 ['ECBAIT_10_0002_JUNCTION_01', 'ECBAIT_10_0002_JUNCTION_02', 'ECBAIT_10_0002_MEMBER_INTERIOR_01', 'ECBAIT_10_0057_MEMBER_INTERIOR_01']
  HIT SRR18212307: 5 baits >= 0.7 ['ECBAIT_0_0000_JUNCTION_02', 'ECBAIT_0_0000_MEMBER_INTERIOR_01', 'ECBAIT_10_0057_MEMBER_INTERIOR_01', 'ECBAIT_10_0172_MEMBER_INTERIOR_01']
  HIT SRR18212308: 2 baits >= 0.7 ['ECBAIT_10_0057_MEMBER_INTERIOR_01', 'ECBAIT_HOST_CONTROL_02']
  HIT SRR18212309: 3 baits >= 0.7 ['ECBAIT_10_0002_JUNCTION_01', 'ECBAIT_10_0002_JUNCTION_02', 'ECBAIT_10_0002_MEMBER_INTERIOR_01']
  HIT SRR18212310: 2 baits >= 0.7 ['ECBAIT_10_0002_MEMBER_INTERIOR_01', 'ECBAIT_10_0057_MEMBER_INTERIOR_01']
  HIT SRR18212313: 1 baits >= 0.7 ['ECBAIT_10_0057_MEMBER_INTERIOR_01']
  HIT SRR18212314: 7 baits >= 0.7 ['ECBAIT_0_0000_JUNCTION_02', 'ECBAIT_0_0000_MEMBER_INTERIOR_01', 'ECBAIT_0_0014_JUNCTION_02', 'ECBAIT_0_0014_MEMBER_INTERIOR_01']
  HIT SRR18212315: 1 baits >= 0.7 ['ECBAIT_10_0002_MEMBER_INTERIOR_01']
  HIT SRR18212316: 4 baits >= 0.7 ['ECBAIT_0_0000_JUNCTION_02', 'ECBAIT_0_0000_MEMBER_INTERIOR_01', 'ECBAIT_10_0057_MEMBER_INTERIOR_01', 'ECBAIT_HOST_CONTROL_02']
  HIT SRR18212317: 1 baits >= 0.7 ['ECBAIT_10_0057_MEMBER_INTERIOR_01']
  HIT SRR18212318: 2 baits >= 0.7 ['ECBAIT_10_0057_MEMBER_INTERIOR_01', 'ECBAIT_HOST_CONTROL_02']
  HIT SRR18212319: 3 baits >= 0.7 ['ECBAIT_10_0002_JUNCTION_01', 'ECBAIT_10_0002_MEMBER_INTERIOR_01', 'ECBAIT_10_0057_MEMBER_INTERIOR_01']
  HIT SRR18212320: 3 baits >= 0.7 ['ECBAIT_10_0002_MEMBER_INTERIOR_01', 'ECBAIT_10_0057_MEMBER_INTERIOR_01', 'ECBAIT_10_0172_MEMBER_INTERIOR_01']
  HIT SRR18212321: 1 baits >= 0.7 ['ECBAIT_HOST_CONTROL_01']
  HIT SRR18212323: 4 baits >= 0.7 ['ECBAIT_0_0000_JUNCTION_02', 'ECBAIT_0_0000_MEMBER_INTERIOR_01', 'ECBAIT_0_0052_JUNCTION_01', 'ECBAIT_10_0057_MEMBER_INTERIOR_01']
  HIT SRR18212324: 1 baits >= 0.7 ['ECBAIT_10_0057_MEMBER_INTERIOR_01']
  HIT SRR18212325: 2 baits >= 0.7 ['ECBAIT_10_0002_MEMBER_INTERIOR_01', 'ECBAIT_10_0057_MEMBER_INTERIOR_01']
  HIT SRR18212327: 4 baits >= 0.7 ['ECBAIT_10_0002_JUNCTION_01', 'ECBAIT_10_0002_JUNCTION_02', 'ECBAIT_10_0002_MEMBER_INTERIOR_01', 'ECBAIT_10_0057_MEMBER_INTERIOR_01']
  HIT SRR18212326: 3 baits >= 0.7 ['ECBAIT_0_0052_JUNCTION_03', 'ECBAIT_0_0054_MEMBER_INTERIOR_01', 'ECBAIT_10_0057_MEMBER_INTERIOR_01']
  HIT SRR18212328: 1 baits >= 0.7 ['ECBAIT_10_0057_MEMBER_INTERIOR_01']
  HIT SRR18212329: 2 baits >= 0.7 ['ECBAIT_10_0057_MEMBER_INTERIOR_01', 'ECBAIT_HOST_CONTROL_02']
  9600/11975 processed (2092 screened, 2010 hit-accessions) 901s budget=3.3GB
  HIT SRR18212330: 4 baits >= 0.7 ['ECBAIT_0_0000_JUNCTION_02', 'ECBAIT_0_0000_MEMBER_INTERIOR_01', 'ECBAIT_10_0057_MEMBER_INTERIOR_01', 'ECBAIT_HOST_CONTROL_02']
  HIT SRR18212331: 7 baits >= 0.7 ['ECBAIT_0_0000_JUNCTION_02', 'ECBAIT_0_0000_MEMBER_INTERIOR_01', 'ECBAIT_0_0014_JUNCTION_02', 'ECBAIT_0_0014_MEMBER_INTERIOR_01']
  HIT SRR18212332: 5 baits >= 0.7 ['ECBAIT_0_0000_JUNCTION_02', 'ECBAIT_0_0000_MEMBER_INTERIOR_01', 'ECBAIT_10_0057_MEMBER_INTERIOR_01', 'ECBAIT_10_0172_MEMBER_INTERIOR_01']
  HIT SRR18212333: 2 baits >= 0.7 ['ECBAIT_10_0057_MEMBER_INTERIOR_01', 'ECBAIT_10_0151_JUNCTION_03']
  HIT SRR18212334: 1 baits >= 0.7 ['ECBAIT_10_0057_MEMBER_INTERIOR_01']
  HIT SRR18212336: 5 baits >= 0.7 ['ECBAIT_0_0000_INTERIOR_MODULE_01', 'ECBAIT_0_0000_JUNCTION_02', 'ECBAIT_0_0000_MEMBER_INTERIOR_01', 'ECBAIT_10_0057_MEMBER_INTERIOR_01']
  HIT SRR18212335: 1 baits >= 0.7 ['ECBAIT_10_0057_MEMBER_INTERIOR_01']
  HIT SRR18212337: 4 baits >= 0.7 ['ECBAIT_0_0000_JUNCTION_02', 'ECBAIT_0_0000_MEMBER_INTERIOR_01', 'ECBAIT_10_0057_MEMBER_INTERIOR_01', 'ECBAIT_HOST_CONTROL_02']
  HIT SRR18212339: 2 baits >= 0.7 ['ECBAIT_10_0002_MEMBER_INTERIOR_01', 'ECBAIT_10_0057_MEMBER_INTERIOR_01']
  HIT SRR18212338: 2 baits >= 0.7 ['ECBAIT_10_0002_MEMBER_INTERIOR_01', 'ECBAIT_10_0057_MEMBER_INTERIOR_01']
  HIT SRR18212341: 1 baits >= 0.7 ['ECBAIT_10_0057_MEMBER_INTERIOR_01']
  HIT SRR18212342: 2 baits >= 0.7 ['ECBAIT_10_0002_MEMBER_INTERIOR_01', 'ECBAIT_10_0057_MEMBER_INTERIOR_01']
  HIT SRR18212343: 5 baits >= 0.7 ['ECBAIT_0_0000_JUNCTION_02', 'ECBAIT_0_0000_MEMBER_INTERIOR_01', 'ECBAIT_10_0057_MEMBER_INTERIOR_01', 'ECBAIT_10_0172_MEMBER_INTERIOR_01']
  HIT SRR18212344: 2 baits >= 0.7 ['ECBAIT_10_0002_MEMBER_INTERIOR_01', 'ECBAIT_10_0057_MEMBER_INTERIOR_01']
  HIT SRR18212345: 1 baits >= 0.7 ['ECBAIT_HOST_CONTROL_01']
  HIT SRR18212346: 1 baits >= 0.7 ['ECBAIT_HOST_CONTROL_01']
  HIT SRR18212347: 4 baits >= 0.7 ['ECBAIT_0_0046_MEMBER_INTERIOR_01', 'ECBAIT_10_0002_MEMBER_INTERIOR_01', 'ECBAIT_10_0057_MEMBER_INTERIOR_01', 'ECBAIT_1_0022_JUNCTION_03']
  HIT SRR18212348: 2 baits >= 0.7 ['ECBAIT_0_0052_JUNCTION_03', 'ECBAIT_10_0057_MEMBER_INTERIOR_01']
  HIT SRR18212349: 2 baits >= 0.7 ['ECBAIT_10_0057_MEMBER_INTERIOR_01', 'ECBAIT_HOST_CONTROL_02']
  HIT SRR18212350: 5 baits >= 0.7 ['ECBAIT_0_0000_JUNCTION_02', 'ECBAIT_0_0000_MEMBER_INTERIOR_01', 'ECBAIT_0_0014_MEMBER_INTERIOR_01', 'ECBAIT_10_0057_MEMBER_INTERIOR_01']
  HIT SRR18212351: 2 baits >= 0.7 ['ECBAIT_10_0002_MEMBER_INTERIOR_01', 'ECBAIT_10_0057_MEMBER_INTERIOR_01']
  HIT SRR18212352: 2 baits >= 0.7 ['ECBAIT_10_0002_MEMBER_INTERIOR_01', 'ECBAIT_10_0057_MEMBER_INTERIOR_01']
  HIT SRR18212353: 2 baits >= 0.7 ['ECBAIT_10_0172_MEMBER_INTERIOR_01', 'ECBAIT_HOST_CONTROL_01']
  HIT SRR18212354: 7 baits >= 0.7 ['ECBAIT_0_0000_JUNCTION_02', 'ECBAIT_0_0000_MEMBER_INTERIOR_01', 'ECBAIT_0_0014_JUNCTION_02', 'ECBAIT_0_0014_MEMBER_INTERIOR_01']
  HIT SRR18212355: 2 baits >= 0.7 ['ECBAIT_10_0057_MEMBER_INTERIOR_01', 'ECBAIT_HOST_CONTROL_02']
  HIT SRR18212356: 2 baits >= 0.7 ['ECBAIT_10_0057_MEMBER_INTERIOR_01', 'ECBAIT_HOST_CONTROL_02']
  HIT SRR18212359: 2 baits >= 0.7 ['ECBAIT_10_0151_JUNCTION_03', 'ECBAIT_10_0172_MEMBER_INTERIOR_01']
  HIT SRR18212358: 4 baits >= 0.7 ['ECBAIT_10_0002_JUNCTION_01', 'ECBAIT_10_0002_JUNCTION_02', 'ECBAIT_10_0002_MEMBER_INTERIOR_01', 'ECBAIT_10_0057_MEMBER_INTERIOR_01']
  HIT SRR18212360: 6 baits >= 0.7 ['ECBAIT_0_0000_JUNCTION_02', 'ECBAIT_0_0000_MEMBER_INTERIOR_01', 'ECBAIT_0_0014_MEMBER_INTERIOR_01', 'ECBAIT_10_0002_JUNCTION_01']
  HIT SRR18212361: 6 baits >= 0.7 ['ECBAIT_0_0000_JUNCTION_02', 'ECBAIT_0_0000_MEMBER_INTERIOR_01', 'ECBAIT_10_0057_MEMBER_INTERIOR_01', 'ECBAIT_10_0172_MEMBER_INTERIOR_01']
  HIT SRR18212362: 5 baits >= 0.7 ['ECBAIT_10_0002_JUNCTION_01', 'ECBAIT_10_0002_JUNCTION_02', 'ECBAIT_10_0002_MEMBER_INTERIOR_01', 'ECBAIT_10_0057_MEMBER_INTERIOR_01']
  HIT SRR18212363: 3 baits >= 0.7 ['ECBAIT_10_0002_JUNCTION_01', 'ECBAIT_10_0002_JUNCTION_02', 'ECBAIT_10_0002_MEMBER_INTERIOR_01']
  HIT SRR18212364: 1 baits >= 0.7 ['ECBAIT_HOST_CONTROL_01']
  HIT SRR18212365: 2 baits >= 0.7 ['ECBAIT_10_0057_MEMBER_INTERIOR_01', 'ECBAIT_HOST_CONTROL_02']
  HIT SRR18212367: 2 baits >= 0.7 ['ECBAIT_10_0002_MEMBER_INTERIOR_01', 'ECBAIT_10_0057_MEMBER_INTERIOR_01']
  HIT SRR18212366: 5 baits >= 0.7 ['ECBAIT_0_0000_JUNCTION_02', 'ECBAIT_0_0000_MEMBER_INTERIOR_01', 'ECBAIT_10_0057_MEMBER_INTERIOR_01', 'ECBAIT_10_0172_MEMBER_INTERIOR_01']
  HIT SRR18212368: 2 baits >= 0.7 ['ECBAIT_0_0000_JUNCTION_02', 'ECBAIT_10_0057_MEMBER_INTERIOR_01']
  HIT SRR18212369: 7 baits >= 0.7 ['ECBAIT_0_0000_INTERIOR_MODULE_01', 'ECBAIT_0_0000_JUNCTION_02', 'ECBAIT_0_0000_MEMBER_INTERIOR_01', 'ECBAIT_10_0002_JUNCTION_01']
  HIT SRR18212370: 7 baits >= 0.7 ['ECBAIT_0_0000_INTERIOR_MODULE_01', 'ECBAIT_0_0000_JUNCTION_02', 'ECBAIT_0_0000_MEMBER_INTERIOR_01', 'ECBAIT_10_0002_JUNCTION_01']
  HIT SRR18212371: 3 baits >= 0.7 ['ECBAIT_0_0000_JUNCTION_02', 'ECBAIT_10_0057_MEMBER_INTERIOR_01', 'ECBAIT_10_0172_MEMBER_INTERIOR_01']
  HIT SRR18212372: 2 baits >= 0.7 ['ECBAIT_10_0057_MEMBER_INTERIOR_01', 'ECBAIT_10_0151_JUNCTION_03']
  HIT SRR18212373: 2 baits >= 0.7 ['ECBAIT_10_0002_MEMBER_INTERIOR_01', 'ECBAIT_10_0057_MEMBER_INTERIOR_01']
  HIT SRR18212374: 4 baits >= 0.7 ['ECBAIT_0_0054_MEMBER_INTERIOR_01', 'ECBAIT_10_0057_MEMBER_INTERIOR_01', 'ECBAIT_10_0172_MEMBER_INTERIOR_01', 'ECBAIT_HOST_CONTROL_02']
  HIT SRR18212375: 2 baits >= 0.7 ['ECBAIT_10_0057_MEMBER_INTERIOR_01', 'ECBAIT_10_0151_JUNCTION_03']
  HIT SRR18212376: 1 baits >= 0.7 ['ECBAIT_10_0057_MEMBER_INTERIOR_01']
  HIT SRR18212377: 4 baits >= 0.7 ['ECBAIT_0_0000_INTERIOR_MODULE_01', 'ECBAIT_0_0000_JUNCTION_02', 'ECBAIT_0_0000_MEMBER_INTERIOR_01', 'ECBAIT_HOST_CONTROL_02']
  HIT SRR18212379: 1 baits >= 0.7 ['ECBAIT_10_0057_MEMBER_INTERIOR_01']
  HIT SRR18212378: 2 baits >= 0.7 ['ECBAIT_10_0002_MEMBER_INTERIOR_01', 'ECBAIT_10_0057_MEMBER_INTERIOR_01']
  9650/11975 processed (2142 screened, 2058 hit-accessions) 917s budget=3.4GB
  HIT SRR18212380: 2 baits >= 0.7 ['ECBAIT_10_0002_MEMBER_INTERIOR_01', 'ECBAIT_10_0057_MEMBER_INTERIOR_01']
  HIT SRR18212381: 5 baits >= 0.7 ['ECBAIT_0_0052_JUNCTION_03', 'ECBAIT_0_0054_MEMBER_INTERIOR_01', 'ECBAIT_10_0057_MEMBER_INTERIOR_01', 'ECBAIT_10_0172_MEMBER_INTERIOR_01']
  HIT SRR18212382: 1 baits >= 0.7 ['ECBAIT_10_0057_MEMBER_INTERIOR_01']
  HIT SRR18212383: 2 baits >= 0.7 ['ECBAIT_10_0057_MEMBER_INTERIOR_01', 'ECBAIT_10_0172_MEMBER_INTERIOR_01']
  HIT SRR18212384: 3 baits >= 0.7 ['ECBAIT_10_0172_MEMBER_INTERIOR_01', 'ECBAIT_1_0004_JUNCTION_02', 'ECBAIT_HOST_CONTROL_01']
  HIT SRR18212385: 1 baits >= 0.7 ['ECBAIT_10_0057_MEMBER_INTERIOR_01']
  HIT SRR18212386: 3 baits >= 0.7 ['ECBAIT_10_0002_JUNCTION_01', 'ECBAIT_10_0002_JUNCTION_02', 'ECBAIT_10_0057_MEMBER_INTERIOR_01']
  HIT SRR18212387: 2 baits >= 0.7 ['ECBAIT_10_0057_MEMBER_INTERIOR_01', 'ECBAIT_1_0004_JUNCTION_01']
  HIT SRR18212388: 5 baits >= 0.7 ['ECBAIT_0_0000_JUNCTION_02', 'ECBAIT_0_0000_MEMBER_INTERIOR_01', 'ECBAIT_10_0057_MEMBER_INTERIOR_01', 'ECBAIT_10_0172_MEMBER_INTERIOR_01']
  HIT SRR18212389: 1 baits >= 0.7 ['ECBAIT_0_0054_MEMBER_INTERIOR_01']
  HIT SRR18212392: 3 baits >= 0.7 ['ECBAIT_0_0000_JUNCTION_02', 'ECBAIT_10_0057_MEMBER_INTERIOR_01', 'ECBAIT_HOST_CONTROL_02']
  HIT SRR18212393: 4 baits >= 0.7 ['ECBAIT_10_0002_JUNCTION_01', 'ECBAIT_10_0002_JUNCTION_02', 'ECBAIT_10_0002_MEMBER_INTERIOR_01', 'ECBAIT_10_0057_MEMBER_INTERIOR_01']
  HIT SRR18212394: 7 baits >= 0.7 ['ECBAIT_0_0000_JUNCTION_02', 'ECBAIT_0_0000_MEMBER_INTERIOR_01', 'ECBAIT_0_0046_JUNCTION_02', 'ECBAIT_0_0046_MEMBER_INTERIOR_01']
  HIT SRR18212395: 3 baits >= 0.7 ['ECBAIT_10_0002_MEMBER_INTERIOR_01', 'ECBAIT_10_0057_MEMBER_INTERIOR_01', 'ECBAIT_10_0172_MEMBER_INTERIOR_01']
  HIT SRR18212396: 2 baits >= 0.7 ['ECBAIT_10_0002_MEMBER_INTERIOR_01', 'ECBAIT_10_0057_MEMBER_INTERIOR_01']
  HIT SRR24307998: 3 baits >= 0.7 ['ECBAIT_10_0002_MEMBER_INTERIOR_01', 'ECBAIT_10_0057_MEMBER_INTERIOR_01', 'ECBAIT_10_0172_MEMBER_INTERIOR_01']
  HIT SRR24307999: 3 baits >= 0.7 ['ECBAIT_10_0002_MEMBER_INTERIOR_01', 'ECBAIT_10_0057_MEMBER_INTERIOR_01', 'ECBAIT_10_0172_MEMBER_INTERIOR_01']
  HIT SRR24308000: 1 baits >= 0.7 ['ECBAIT_10_0057_MEMBER_INTERIOR_01']
  HIT SRR24308001: 1 baits >= 0.7 ['ECBAIT_10_0057_MEMBER_INTERIOR_01']
  HIT SRR24308002: 1 baits >= 0.7 ['ECBAIT_10_0057_MEMBER_INTERIOR_01']
  HIT SRR24308003: 3 baits >= 0.7 ['ECBAIT_10_0002_MEMBER_INTERIOR_01', 'ECBAIT_10_0057_MEMBER_INTERIOR_01', 'ECBAIT_10_0172_MEMBER_INTERIOR_01']
  HIT SRR24308004: 3 baits >= 0.7 ['ECBAIT_10_0002_JUNCTION_02', 'ECBAIT_10_0002_MEMBER_INTERIOR_01', 'ECBAIT_10_0057_MEMBER_INTERIOR_01']
  HIT SRR24308005: 3 baits >= 0.7 ['ECBAIT_10_0002_MEMBER_INTERIOR_01', 'ECBAIT_10_0057_MEMBER_INTERIOR_01', 'ECBAIT_10_0172_MEMBER_INTERIOR_01']
  HIT SRR24308006: 2 baits >= 0.7 ['ECBAIT_10_0002_MEMBER_INTERIOR_01', 'ECBAIT_10_0057_MEMBER_INTERIOR_01']
  HIT SRR24308007: 3 baits >= 0.7 ['ECBAIT_10_0002_MEMBER_INTERIOR_01', 'ECBAIT_10_0057_MEMBER_INTERIOR_01', 'ECBAIT_10_0172_MEMBER_INTERIOR_01']
  HIT SRR24308008: 1 baits >= 0.7 ['ECBAIT_10_0057_MEMBER_INTERIOR_01']
  HIT SRR24308009: 2 baits >= 0.7 ['ECBAIT_10_0002_MEMBER_INTERIOR_01', 'ECBAIT_10_0057_MEMBER_INTERIOR_01']
  HIT SRR24308010: 2 baits >= 0.7 ['ECBAIT_10_0002_MEMBER_INTERIOR_01', 'ECBAIT_10_0057_MEMBER_INTERIOR_01']
  HIT SRR24308011: 1 baits >= 0.7 ['ECBAIT_10_0057_MEMBER_INTERIOR_01']
  HIT SRR24308012: 2 baits >= 0.7 ['ECBAIT_10_0002_MEMBER_INTERIOR_01', 'ECBAIT_10_0057_MEMBER_INTERIOR_01']
  HIT SRR24308013: 2 baits >= 0.7 ['ECBAIT_10_0002_MEMBER_INTERIOR_01', 'ECBAIT_10_0057_MEMBER_INTERIOR_01']
  HIT SRR24308015: 2 baits >= 0.7 ['ECBAIT_10_0002_MEMBER_INTERIOR_01', 'ECBAIT_10_0057_MEMBER_INTERIOR_01']
  HIT SRR24308014: 2 baits >= 0.7 ['ECBAIT_10_0002_MEMBER_INTERIOR_01', 'ECBAIT_10_0057_MEMBER_INTERIOR_01']
  HIT SRR24308016: 2 baits >= 0.7 ['ECBAIT_10_0002_MEMBER_INTERIOR_01', 'ECBAIT_10_0057_MEMBER_INTERIOR_01']
  HIT SRR24308017: 2 baits >= 0.7 ['ECBAIT_10_0002_MEMBER_INTERIOR_01', 'ECBAIT_10_0057_MEMBER_INTERIOR_01']
  HIT SRR24308018: 2 baits >= 0.7 ['ECBAIT_10_0002_MEMBER_INTERIOR_01', 'ECBAIT_10_0057_MEMBER_INTERIOR_01']
  HIT SRR24308020: 2 baits >= 0.7 ['ECBAIT_10_0002_MEMBER_INTERIOR_01', 'ECBAIT_10_0057_MEMBER_INTERIOR_01']
  HIT SRR24308019: 1 baits >= 0.7 ['ECBAIT_10_0057_MEMBER_INTERIOR_01']
  HIT SRR24308021: 2 baits >= 0.7 ['ECBAIT_10_0002_MEMBER_INTERIOR_01', 'ECBAIT_10_0057_MEMBER_INTERIOR_01']
  HIT SRR24308022: 2 baits >= 0.7 ['ECBAIT_10_0002_MEMBER_INTERIOR_01', 'ECBAIT_10_0057_MEMBER_INTERIOR_01']
  HIT SRR24308023: 2 baits >= 0.7 ['ECBAIT_10_0002_MEMBER_INTERIOR_01', 'ECBAIT_10_0057_MEMBER_INTERIOR_01']
  HIT SRR24308025: 2 baits >= 0.7 ['ECBAIT_10_0002_MEMBER_INTERIOR_01', 'ECBAIT_10_0057_MEMBER_INTERIOR_01']
  HIT SRR24308026: 2 baits >= 0.7 ['ECBAIT_10_0057_MEMBER_INTERIOR_01', 'ECBAIT_HOST_CONTROL_02']
  HIT SRR24308028: 3 baits >= 0.7 ['ECBAIT_10_0002_JUNCTION_01', 'ECBAIT_10_0002_JUNCTION_02', 'ECBAIT_10_0057_MEMBER_INTERIOR_01']
  HIT SRR24308027: 3 baits >= 0.7 ['ECBAIT_10_0002_JUNCTION_01', 'ECBAIT_10_0002_JUNCTION_02', 'ECBAIT_10_0057_MEMBER_INTERIOR_01']
  HIT SRR24308029: 2 baits >= 0.7 ['ECBAIT_10_0057_MEMBER_INTERIOR_01', 'ECBAIT_10_0172_MEMBER_INTERIOR_01']
  HIT SRR24308031: 1 baits >= 0.7 ['ECBAIT_10_0057_MEMBER_INTERIOR_01']
  9700/11975 processed (2192 screened, 2105 hit-accessions) 934s budget=3.5GB
  HIT SRR24308030: 1 baits >= 0.7 ['ECBAIT_10_0057_MEMBER_INTERIOR_01']
  HIT SRR24308032: 2 baits >= 0.7 ['ECBAIT_10_0002_JUNCTION_01', 'ECBAIT_10_0057_MEMBER_INTERIOR_01']
  HIT SRR24308033: 1 baits >= 0.7 ['ECBAIT_10_0057_MEMBER_INTERIOR_01']
  HIT SRR24308034: 1 baits >= 0.7 ['ECBAIT_10_0057_MEMBER_INTERIOR_01']
  HIT SRR24308035: 1 baits >= 0.7 ['ECBAIT_10_0057_MEMBER_INTERIOR_01']
  HIT SRR24308037: 1 baits >= 0.7 ['ECBAIT_10_0057_MEMBER_INTERIOR_01']
  HIT SRR24308036: 1 baits >= 0.7 ['ECBAIT_10_0057_MEMBER_INTERIOR_01']
  HIT SRR24308038: 1 baits >= 0.7 ['ECBAIT_10_0057_MEMBER_INTERIOR_01']
  HIT SRR24308039: 1 baits >= 0.7 ['ECBAIT_10_0057_MEMBER_INTERIOR_01']
  HIT SRR24308040: 1 baits >= 0.7 ['ECBAIT_10_0057_MEMBER_INTERIOR_01']
  HIT SRR24308041: 1 baits >= 0.7 ['ECBAIT_10_0057_MEMBER_INTERIOR_01']
  HIT SRR24308042: 3 baits >= 0.7 ['ECBAIT_10_0002_MEMBER_INTERIOR_01', 'ECBAIT_10_0057_MEMBER_INTERIOR_01', 'ECBAIT_10_0172_MEMBER_INTERIOR_01']
  HIT SRR24308043: 1 baits >= 0.7 ['ECBAIT_10_0057_MEMBER_INTERIOR_01']
  HIT SRR24308045: 1 baits >= 0.7 ['ECBAIT_10_0057_MEMBER_INTERIOR_01']
  HIT SRR24308044: 1 baits >= 0.7 ['ECBAIT_10_0057_MEMBER_INTERIOR_01']
  HIT SRR24308046: 1 baits >= 0.7 ['ECBAIT_10_0057_MEMBER_INTERIOR_01']
  HIT SRR24308047: 1 baits >= 0.7 ['ECBAIT_10_0057_MEMBER_INTERIOR_01']
  HIT SRR24308048: 1 baits >= 0.7 ['ECBAIT_10_0057_MEMBER_INTERIOR_01']
  HIT SRR24308049: 3 baits >= 0.7 ['ECBAIT_10_0002_MEMBER_INTERIOR_01', 'ECBAIT_10_0057_MEMBER_INTERIOR_01', 'ECBAIT_10_0172_MEMBER_INTERIOR_01']
  HIT SRR24308050: 3 baits >= 0.7 ['ECBAIT_10_0002_MEMBER_INTERIOR_01', 'ECBAIT_10_0057_MEMBER_INTERIOR_01', 'ECBAIT_10_0172_MEMBER_INTERIOR_01']
  HIT SRR24308051: 2 baits >= 0.7 ['ECBAIT_10_0002_MEMBER_INTERIOR_01', 'ECBAIT_10_0057_MEMBER_INTERIOR_01']
  HIT SRR24308052: 1 baits >= 0.7 ['ECBAIT_10_0057_MEMBER_INTERIOR_01']
  HIT SRR24308053: 1 baits >= 0.7 ['ECBAIT_10_0057_MEMBER_INTERIOR_01']
  HIT SRR24308054: 1 baits >= 0.7 ['ECBAIT_10_0057_MEMBER_INTERIOR_01']
  HIT SRR24308055: 1 baits >= 0.7 ['ECBAIT_10_0057_MEMBER_INTERIOR_01']
  HIT SRR24308056: 2 baits >= 0.7 ['ECBAIT_10_0057_MEMBER_INTERIOR_01', 'ECBAIT_10_0172_MEMBER_INTERIOR_01']
  HIT SRR24308057: 1 baits >= 0.7 ['ECBAIT_10_0057_MEMBER_INTERIOR_01']
  HIT SRR24308058: 1 baits >= 0.7 ['ECBAIT_10_0057_MEMBER_INTERIOR_01']
  HIT SRR24308059: 3 baits >= 0.7 ['ECBAIT_10_0002_MEMBER_INTERIOR_01', 'ECBAIT_10_0057_MEMBER_INTERIOR_01', 'ECBAIT_10_0172_MEMBER_INTERIOR_01']
  HIT SRR24308060: 3 baits >= 0.7 ['ECBAIT_10_0002_MEMBER_INTERIOR_01', 'ECBAIT_10_0057_MEMBER_INTERIOR_01', 'ECBAIT_10_0172_MEMBER_INTERIOR_01']
  HIT SRR24308061: 3 baits >= 0.7 ['ECBAIT_10_0002_MEMBER_INTERIOR_01', 'ECBAIT_10_0057_MEMBER_INTERIOR_01', 'ECBAIT_10_0172_MEMBER_INTERIOR_01']
  HIT SRR24308063: 1 baits >= 0.7 ['ECBAIT_10_0057_MEMBER_INTERIOR_01']
  HIT SRR24308062: 3 baits >= 0.7 ['ECBAIT_10_0002_MEMBER_INTERIOR_01', 'ECBAIT_10_0057_MEMBER_INTERIOR_01', 'ECBAIT_10_0172_MEMBER_INTERIOR_01']
  HIT SRR24308064: 1 baits >= 0.7 ['ECBAIT_10_0057_MEMBER_INTERIOR_01']
  HIT SRR24308065: 2 baits >= 0.7 ['ECBAIT_10_0057_MEMBER_INTERIOR_01', 'ECBAIT_10_0172_MEMBER_INTERIOR_01']
  HIT SRR24308067: 4 baits >= 0.7 ['ECBAIT_10_0002_JUNCTION_01', 'ECBAIT_10_0002_JUNCTION_02', 'ECBAIT_10_0002_MEMBER_INTERIOR_01', 'ECBAIT_10_0057_MEMBER_INTERIOR_01']
  HIT SRR24308066: 3 baits >= 0.7 ['ECBAIT_10_0002_MEMBER_INTERIOR_01', 'ECBAIT_10_0057_MEMBER_INTERIOR_01', 'ECBAIT_10_0172_MEMBER_INTERIOR_01']
  HIT SRR24308069: 2 baits >= 0.7 ['ECBAIT_10_0002_MEMBER_INTERIOR_01', 'ECBAIT_10_0057_MEMBER_INTERIOR_01']
  HIT SRR24308068: 3 baits >= 0.7 ['ECBAIT_10_0002_MEMBER_INTERIOR_01', 'ECBAIT_10_0057_MEMBER_INTERIOR_01', 'ECBAIT_10_0172_MEMBER_INTERIOR_01']
  HIT SRR24308070: 3 baits >= 0.7 ['ECBAIT_10_0002_MEMBER_INTERIOR_01', 'ECBAIT_10_0057_MEMBER_INTERIOR_01', 'ECBAIT_10_0172_MEMBER_INTERIOR_01']
  HIT SRR24308071: 2 baits >= 0.7 ['ECBAIT_10_0002_MEMBER_INTERIOR_01', 'ECBAIT_10_0057_MEMBER_INTERIOR_01']
  HIT SRR24308072: 2 baits >= 0.7 ['ECBAIT_10_0002_MEMBER_INTERIOR_01', 'ECBAIT_10_0057_MEMBER_INTERIOR_01']
  HIT SRR24308073: 2 baits >= 0.7 ['ECBAIT_10_0002_MEMBER_INTERIOR_01', 'ECBAIT_10_0057_MEMBER_INTERIOR_01']
  HIT SRR24308075: 2 baits >= 0.7 ['ECBAIT_10_0002_MEMBER_INTERIOR_01', 'ECBAIT_10_0057_MEMBER_INTERIOR_01']
  HIT SRR24308074: 1 baits >= 0.7 ['ECBAIT_10_0057_MEMBER_INTERIOR_01']
  HIT SRR24308076: 2 baits >= 0.7 ['ECBAIT_10_0002_MEMBER_INTERIOR_01', 'ECBAIT_10_0057_MEMBER_INTERIOR_01']
  HIT SRR24308077: 2 baits >= 0.7 ['ECBAIT_10_0002_MEMBER_INTERIOR_01', 'ECBAIT_10_0057_MEMBER_INTERIOR_01']
  HIT SRR24308079: 2 baits >= 0.7 ['ECBAIT_10_0002_MEMBER_INTERIOR_01', 'ECBAIT_10_0057_MEMBER_INTERIOR_01']
  HIT SRR24308080: 2 baits >= 0.7 ['ECBAIT_10_0002_MEMBER_INTERIOR_01', 'ECBAIT_10_0057_MEMBER_INTERIOR_01']
  HIT SRR24308078: 2 baits >= 0.7 ['ECBAIT_10_0002_MEMBER_INTERIOR_01', 'ECBAIT_10_0057_MEMBER_INTERIOR_01']
  9750/11975 processed (2242 screened, 2155 hit-accessions) 949s budget=3.5GB
  HIT SRR24308081: 2 baits >= 0.7 ['ECBAIT_10_0002_MEMBER_INTERIOR_01', 'ECBAIT_10_0057_MEMBER_INTERIOR_01']
  HIT SRR24308082: 2 baits >= 0.7 ['ECBAIT_10_0002_MEMBER_INTERIOR_01', 'ECBAIT_10_0057_MEMBER_INTERIOR_01']
  HIT SRR24308083: 3 baits >= 0.7 ['ECBAIT_10_0002_MEMBER_INTERIOR_01', 'ECBAIT_10_0057_MEMBER_INTERIOR_01', 'ECBAIT_10_0172_MEMBER_INTERIOR_01']
  HIT SRR24308084: 3 baits >= 0.7 ['ECBAIT_10_0002_MEMBER_INTERIOR_01', 'ECBAIT_10_0057_MEMBER_INTERIOR_01', 'ECBAIT_10_0172_MEMBER_INTERIOR_01']
  HIT SRR24308085: 2 baits >= 0.7 ['ECBAIT_10_0002_MEMBER_INTERIOR_01', 'ECBAIT_10_0057_MEMBER_INTERIOR_01']
  HIT SRR24308086: 2 baits >= 0.7 ['ECBAIT_10_0002_MEMBER_INTERIOR_01', 'ECBAIT_10_0057_MEMBER_INTERIOR_01']
  HIT SRR24308087: 3 baits >= 0.7 ['ECBAIT_10_0002_JUNCTION_01', 'ECBAIT_10_0002_MEMBER_INTERIOR_01', 'ECBAIT_10_0057_MEMBER_INTERIOR_01']
  HIT SRR24308088: 2 baits >= 0.7 ['ECBAIT_10_0002_MEMBER_INTERIOR_01', 'ECBAIT_10_0057_MEMBER_INTERIOR_01']
  HIT SRR24308089: 2 baits >= 0.7 ['ECBAIT_10_0057_MEMBER_INTERIOR_01', 'ECBAIT_HOST_CONTROL_02']
  HIT SRR24308090: 3 baits >= 0.7 ['ECBAIT_10_0002_JUNCTION_01', 'ECBAIT_10_0002_JUNCTION_02', 'ECBAIT_10_0057_MEMBER_INTERIOR_01']
  HIT SRR24308091: 3 baits >= 0.7 ['ECBAIT_10_0002_JUNCTION_01', 'ECBAIT_10_0002_JUNCTION_02', 'ECBAIT_10_0057_MEMBER_INTERIOR_01']
  HIT SRR24308092: 2 baits >= 0.7 ['ECBAIT_10_0057_MEMBER_INTERIOR_01', 'ECBAIT_10_0172_MEMBER_INTERIOR_01']
  HIT SRR24308093: 1 baits >= 0.7 ['ECBAIT_10_0057_MEMBER_INTERIOR_01']
  HIT SRR24308094: 2 baits >= 0.7 ['ECBAIT_10_0057_MEMBER_INTERIOR_01', 'ECBAIT_10_0172_MEMBER_INTERIOR_01']
  HIT SRR24308096: 1 baits >= 0.7 ['ECBAIT_10_0057_MEMBER_INTERIOR_01']
  HIT SRR24308095: 1 baits >= 0.7 ['ECBAIT_10_0057_MEMBER_INTERIOR_01']
  HIT SRR24308097: 1 baits >= 0.7 ['ECBAIT_10_0057_MEMBER_INTERIOR_01']
  HIT SRR24308099: 3 baits >= 0.7 ['ECBAIT_10_0002_MEMBER_INTERIOR_01', 'ECBAIT_10_0057_MEMBER_INTERIOR_01', 'ECBAIT_10_0172_MEMBER_INTERIOR_01']
  HIT SRR24308098: 2 baits >= 0.7 ['ECBAIT_10_0002_JUNCTION_01', 'ECBAIT_10_0057_MEMBER_INTERIOR_01']
  HIT SRR24308101: 1 baits >= 0.7 ['ECBAIT_10_0057_MEMBER_INTERIOR_01']
  HIT SRR24308104: 1 baits >= 0.7 ['ECBAIT_10_0057_MEMBER_INTERIOR_01']
  HIT SRR24308102: 1 baits >= 0.7 ['ECBAIT_10_0057_MEMBER_INTERIOR_01']
  HIT SRR24308103: 1 baits >= 0.7 ['ECBAIT_10_0057_MEMBER_INTERIOR_01']
  HIT SRR24308106: 1 baits >= 0.7 ['ECBAIT_10_0057_MEMBER_INTERIOR_01']
  HIT SRR24308108: 3 baits >= 0.7 ['ECBAIT_10_0002_MEMBER_INTERIOR_01', 'ECBAIT_10_0057_MEMBER_INTERIOR_01', 'ECBAIT_10_0172_MEMBER_INTERIOR_01']
  HIT SRR24308107: 1 baits >= 0.7 ['ECBAIT_10_0057_MEMBER_INTERIOR_01']
  HIT SRR24308109: 1 baits >= 0.7 ['ECBAIT_10_0057_MEMBER_INTERIOR_01']
  HIT SRR24308110: 1 baits >= 0.7 ['ECBAIT_10_0057_MEMBER_INTERIOR_01']
  HIT SRR24308111: 1 baits >= 0.7 ['ECBAIT_10_0057_MEMBER_INTERIOR_01']
  HIT SRR25710213: 1 baits >= 0.7 ['ECBAIT_10_0057_MEMBER_INTERIOR_01']
  HIT SRR25710214: 2 baits >= 0.7 ['ECBAIT_0_0000_MEMBER_INTERIOR_01', 'ECBAIT_10_0057_MEMBER_INTERIOR_01']
  HIT SRR25710215: 4 baits >= 0.7 ['ECBAIT_0_0000_JUNCTION_02', 'ECBAIT_0_0000_MEMBER_INTERIOR_01', 'ECBAIT_10_0057_MEMBER_INTERIOR_01', 'ECBAIT_HOST_CONTROL_02']
  HIT SRR25710216: 4 baits >= 0.7 ['ECBAIT_0_0000_JUNCTION_02', 'ECBAIT_0_0000_MEMBER_INTERIOR_01', 'ECBAIT_10_0057_MEMBER_INTERIOR_01', 'ECBAIT_HOST_CONTROL_02']
  HIT SRR25710217: 6 baits >= 0.7 ['ECBAIT_0_0000_INTERIOR_MODULE_01', 'ECBAIT_0_0000_JUNCTION_02', 'ECBAIT_0_0000_MEMBER_INTERIOR_01', 'ECBAIT_0_0052_JUNCTION_03']
  HIT SRR25710218: 1 baits >= 0.7 ['ECBAIT_0_0094_MEMBER_INTERIOR_01']
  HIT SRR25710219: 5 baits >= 0.7 ['ECBAIT_0_0000_INTERIOR_MODULE_01', 'ECBAIT_0_0000_JUNCTION_02', 'ECBAIT_0_0000_MEMBER_INTERIOR_01', 'ECBAIT_10_0057_MEMBER_INTERIOR_01']
  HIT SRR25710220: 5 baits >= 0.7 ['ECBAIT_0_0000_INTERIOR_MODULE_01', 'ECBAIT_0_0000_JUNCTION_02', 'ECBAIT_0_0000_MEMBER_INTERIOR_01', 'ECBAIT_10_0057_MEMBER_INTERIOR_01']
  HIT SRR25710221: 2 baits >= 0.7 ['ECBAIT_0_0000_JUNCTION_02', 'ECBAIT_10_0057_MEMBER_INTERIOR_01']
  HIT SRR25710222: 2 baits >= 0.7 ['ECBAIT_0_0000_MEMBER_INTERIOR_01', 'ECBAIT_10_0057_MEMBER_INTERIOR_01']
  HIT SRR25710223: 1 baits >= 0.7 ['ECBAIT_10_0057_MEMBER_INTERIOR_01']
  HIT SRR25710225: 3 baits >= 0.7 ['ECBAIT_0_0000_JUNCTION_02', 'ECBAIT_10_0151_JUNCTION_03', 'ECBAIT_10_0172_MEMBER_INTERIOR_01']
  HIT SRR25710226: 4 baits >= 0.7 ['ECBAIT_0_0000_JUNCTION_02', 'ECBAIT_0_0000_MEMBER_INTERIOR_01', 'ECBAIT_10_0057_MEMBER_INTERIOR_01', 'ECBAIT_HOST_CONTROL_02']
  HIT SRR25710227: 4 baits >= 0.7 ['ECBAIT_0_0000_JUNCTION_02', 'ECBAIT_0_0000_MEMBER_INTERIOR_01', 'ECBAIT_10_0057_MEMBER_INTERIOR_01', 'ECBAIT_10_0151_MEMBER_INTERIOR_01']
  HIT SRR25710228: 4 baits >= 0.7 ['ECBAIT_0_0000_JUNCTION_02', 'ECBAIT_0_0000_MEMBER_INTERIOR_01', 'ECBAIT_0_0054_MEMBER_INTERIOR_01', 'ECBAIT_HOST_CONTROL_02']
  HIT SRR25710230: 2 baits >= 0.7 ['ECBAIT_0_0091_JUNCTION_03', 'ECBAIT_0_0091_MEMBER_INTERIOR_01']
  9800/11975 processed (2291 screened, 2200 hit-accessions) 964s budget=3.6GB
  HIT SRR25710231: 7 baits >= 0.7 ['ECBAIT_0_0000_INTERIOR_MODULE_01', 'ECBAIT_0_0000_JUNCTION_02', 'ECBAIT_0_0000_MEMBER_INTERIOR_01', 'ECBAIT_10_0002_JUNCTION_01']
  HIT SRR25710232: 5 baits >= 0.7 ['ECBAIT_0_0000_INTERIOR_MODULE_01', 'ECBAIT_0_0000_JUNCTION_02', 'ECBAIT_0_0000_MEMBER_INTERIOR_01', 'ECBAIT_10_0057_MEMBER_INTERIOR_01']
  HIT SRR25710234: 2 baits >= 0.7 ['ECBAIT_0_0000_MEMBER_INTERIOR_01', 'ECBAIT_10_0057_MEMBER_INTERIOR_01']
  HIT SRR25710233: 4 baits >= 0.7 ['ECBAIT_0_0000_JUNCTION_02', 'ECBAIT_0_0000_MEMBER_INTERIOR_01', 'ECBAIT_10_0057_MEMBER_INTERIOR_01', 'ECBAIT_HOST_CONTROL_02']
  HIT SRR25710235: 1 baits >= 0.7 ['ECBAIT_10_0057_MEMBER_INTERIOR_01']
  HIT SRR25710236: 4 baits >= 0.7 ['ECBAIT_10_0002_JUNCTION_01', 'ECBAIT_10_0002_JUNCTION_02', 'ECBAIT_10_0002_MEMBER_INTERIOR_01', 'ECBAIT_10_0057_MEMBER_INTERIOR_01']
  HIT SRR25710237: 3 baits >= 0.7 ['ECBAIT_10_0002_JUNCTION_01', 'ECBAIT_10_0002_JUNCTION_02', 'ECBAIT_10_0057_MEMBER_INTERIOR_01']
  HIT SRR25710238: 2 baits >= 0.7 ['ECBAIT_0_0000_JUNCTION_02', 'ECBAIT_10_0057_MEMBER_INTERIOR_01']
  HIT SRR25710239: 7 baits >= 0.7 ['ECBAIT_0_0000_JUNCTION_02', 'ECBAIT_0_0000_MEMBER_INTERIOR_01', 'ECBAIT_0_0014_JUNCTION_02', 'ECBAIT_0_0014_MEMBER_INTERIOR_01']
  HIT SRR25710240: 2 baits >= 0.7 ['ECBAIT_0_0014_MEMBER_INTERIOR_01', 'ECBAIT_10_0057_MEMBER_INTERIOR_01']
  HIT SRR25710241: 3 baits >= 0.7 ['ECBAIT_0_0000_JUNCTION_02', 'ECBAIT_10_0151_JUNCTION_03', 'ECBAIT_1_0004_JUNCTION_01']
  HIT SRR25710242: 2 baits >= 0.7 ['ECBAIT_10_0057_MEMBER_INTERIOR_01', 'ECBAIT_HOST_CONTROL_02']
  HIT SRR25710243: 1 baits >= 0.7 ['ECBAIT_10_0057_MEMBER_INTERIOR_01']
  HIT SRR25710244: 4 baits >= 0.7 ['ECBAIT_0_0052_JUNCTION_03', 'ECBAIT_10_0002_JUNCTION_01', 'ECBAIT_10_0057_MEMBER_INTERIOR_01', 'ECBAIT_HOST_CONTROL_02']
  HIT SRR25710246: 3 baits >= 0.7 ['ECBAIT_0_0000_JUNCTION_02', 'ECBAIT_0_0000_MEMBER_INTERIOR_01', 'ECBAIT_10_0057_MEMBER_INTERIOR_01']
  HIT SRR25710245: 2 baits >= 0.7 ['ECBAIT_10_0057_MEMBER_INTERIOR_01', 'ECBAIT_10_0151_MEMBER_INTERIOR_01']
  HIT SRR25710247: 6 baits >= 0.7 ['ECBAIT_0_0000_JUNCTION_02', 'ECBAIT_0_0000_MEMBER_INTERIOR_01', 'ECBAIT_0_0046_JUNCTION_02', 'ECBAIT_0_0046_MEMBER_INTERIOR_01']
  HIT SRR25710248: 1 baits >= 0.7 ['ECBAIT_10_0057_MEMBER_INTERIOR_01']
  HIT SRR25710250: 3 baits >= 0.7 ['ECBAIT_0_0000_JUNCTION_02', 'ECBAIT_0_0000_MEMBER_INTERIOR_01', 'ECBAIT_10_0057_MEMBER_INTERIOR_01']
  HIT SRR25710249: 3 baits >= 0.7 ['ECBAIT_10_0057_MEMBER_INTERIOR_01', 'ECBAIT_10_0172_MEMBER_INTERIOR_01', 'ECBAIT_HOST_CONTROL_02']
  HIT SRR25710251: 6 baits >= 0.7 ['ECBAIT_0_0000_INTERIOR_MODULE_01', 'ECBAIT_0_0000_JUNCTION_02', 'ECBAIT_0_0000_MEMBER_INTERIOR_01', 'ECBAIT_10_0057_MEMBER_INTERIOR_01']
  HIT SRR25710253: 2 baits >= 0.7 ['ECBAIT_0_0000_MEMBER_INTERIOR_01', 'ECBAIT_10_0057_MEMBER_INTERIOR_01']
  HIT SRR25710252: 2 baits >= 0.7 ['ECBAIT_10_0151_JUNCTION_03', 'ECBAIT_1_0004_JUNCTION_01']
  HIT SRR25710254: 3 baits >= 0.7 ['ECBAIT_0_0000_JUNCTION_02', 'ECBAIT_10_0151_JUNCTION_03', 'ECBAIT_10_0172_MEMBER_INTERIOR_01']
  HIT SRR25710255: 2 baits >= 0.7 ['ECBAIT_10_0057_MEMBER_INTERIOR_01', 'ECBAIT_HOST_CONTROL_02']
  HIT SRR25710256: 5 baits >= 0.7 ['ECBAIT_0_0046_MEMBER_INTERIOR_01', 'ECBAIT_10_0057_MEMBER_INTERIOR_01', 'ECBAIT_1_0022_JUNCTION_02', 'ECBAIT_1_0022_JUNCTION_03']
  HIT SRR25710258: 4 baits >= 0.7 ['ECBAIT_0_0000_JUNCTION_02', 'ECBAIT_0_0000_MEMBER_INTERIOR_01', 'ECBAIT_10_0057_MEMBER_INTERIOR_01', 'ECBAIT_HOST_CONTROL_02']
  HIT SRR25710257: 5 baits >= 0.7 ['ECBAIT_0_0000_INTERIOR_MODULE_01', 'ECBAIT_0_0000_JUNCTION_02', 'ECBAIT_0_0000_MEMBER_INTERIOR_01', 'ECBAIT_10_0057_MEMBER_INTERIOR_01']
  HIT SRR25710262: 3 baits >= 0.7 ['ECBAIT_0_0000_MEMBER_INTERIOR_01', 'ECBAIT_0_0054_MEMBER_INTERIOR_01', 'ECBAIT_10_0057_MEMBER_INTERIOR_01']
  HIT SRR25710260: 4 baits >= 0.7 ['ECBAIT_10_0057_MEMBER_INTERIOR_01', 'ECBAIT_10_0172_MEMBER_INTERIOR_01', 'ECBAIT_1_0004_JUNCTION_02', 'ECBAIT_HOST_CONTROL_01']
  HIT SRR25710261: 1 baits >= 0.7 ['ECBAIT_10_0057_MEMBER_INTERIOR_01']
  HIT SRR25710263: 4 baits >= 0.7 ['ECBAIT_0_0000_JUNCTION_02', 'ECBAIT_0_0000_MEMBER_INTERIOR_01', 'ECBAIT_10_0172_MEMBER_INTERIOR_01', 'ECBAIT_HOST_CONTROL_02']
  HIT SRR25710264: 5 baits >= 0.7 ['ECBAIT_0_0000_INTERIOR_MODULE_01', 'ECBAIT_0_0000_JUNCTION_02', 'ECBAIT_0_0000_MEMBER_INTERIOR_01', 'ECBAIT_10_0057_MEMBER_INTERIOR_01']
  HIT SRR25710266: 3 baits >= 0.7 ['ECBAIT_0_0000_JUNCTION_02', 'ECBAIT_0_0000_MEMBER_INTERIOR_01', 'ECBAIT_10_0057_MEMBER_INTERIOR_01']
  HIT SRR25710267: 6 baits >= 0.7 ['ECBAIT_0_0000_INTERIOR_MODULE_01', 'ECBAIT_0_0000_JUNCTION_02', 'ECBAIT_0_0000_MEMBER_INTERIOR_01', 'ECBAIT_10_0057_MEMBER_INTERIOR_01']
  HIT SRR25710268: 2 baits >= 0.7 ['ECBAIT_0_0000_JUNCTION_02', 'ECBAIT_10_0057_MEMBER_INTERIOR_01']
  HIT SRR25710269: 1 baits >= 0.7 ['ECBAIT_10_0057_MEMBER_INTERIOR_01']
  HIT SRR25710270: 2 baits >= 0.7 ['ECBAIT_0_0000_MEMBER_INTERIOR_01', 'ECBAIT_10_0057_MEMBER_INTERIOR_01']
  HIT SRR25710271: 2 baits >= 0.7 ['ECBAIT_0_0000_JUNCTION_02', 'ECBAIT_10_0151_JUNCTION_03']
  HIT SRR25710273: 1 baits >= 0.7 ['ECBAIT_10_0057_MEMBER_INTERIOR_01']
  HIT SRR25710272: 2 baits >= 0.7 ['ECBAIT_10_0057_MEMBER_INTERIOR_01', 'ECBAIT_HOST_CONTROL_02']
  HIT SRR25710274: 3 baits >= 0.7 ['ECBAIT_10_0002_JUNCTION_01', 'ECBAIT_10_0002_MEMBER_INTERIOR_01', 'ECBAIT_10_0057_MEMBER_INTERIOR_01']
  HIT SRR25710275: 4 baits >= 0.7 ['ECBAIT_0_0000_MEMBER_INTERIOR_01', 'ECBAIT_0_0052_JUNCTION_03', 'ECBAIT_0_0054_MEMBER_INTERIOR_01', 'ECBAIT_10_0057_MEMBER_INTERIOR_01']
  HIT SRR25710276: 2 baits >= 0.7 ['ECBAIT_10_0057_MEMBER_INTERIOR_01', 'ECBAIT_HOST_CONTROL_02']
  HIT SRR25710277: 7 baits >= 0.7 ['ECBAIT_0_0000_INTERIOR_MODULE_01', 'ECBAIT_0_0000_JUNCTION_02', 'ECBAIT_0_0000_MEMBER_INTERIOR_01', 'ECBAIT_10_0002_JUNCTION_01']
  HIT SRR25710278: 2 baits >= 0.7 ['ECBAIT_10_0172_MEMBER_INTERIOR_01', 'ECBAIT_1_0004_JUNCTION_02']
  HIT SRR25710279: 3 baits >= 0.7 ['ECBAIT_10_0057_MEMBER_INTERIOR_01', 'ECBAIT_10_0172_MEMBER_INTERIOR_01', 'ECBAIT_HOST_CONTROL_02']
  HIT SRR25710280: 3 baits >= 0.7 ['ECBAIT_0_0046_JUNCTION_01', 'ECBAIT_0_0046_MEMBER_INTERIOR_01', 'ECBAIT_10_0057_MEMBER_INTERIOR_01']
  9850/11975 processed (2341 screened, 2248 hit-accessions) 981s budget=3.7GB
  HIT SRR25710282: 3 baits >= 0.7 ['ECBAIT_0_0054_MEMBER_INTERIOR_01', 'ECBAIT_10_0057_MEMBER_INTERIOR_01', 'ECBAIT_HOST_CONTROL_02']
  HIT SRR25710283: 2 baits >= 0.7 ['ECBAIT_10_0057_MEMBER_INTERIOR_01', 'ECBAIT_HOST_CONTROL_02']
  HIT SRR25710284: 2 baits >= 0.7 ['ECBAIT_0_0046_MEMBER_INTERIOR_01', 'ECBAIT_1_0004_JUNCTION_02']
  HIT SRR25710285: 2 baits >= 0.7 ['ECBAIT_10_0057_MEMBER_INTERIOR_01', 'ECBAIT_10_0172_MEMBER_INTERIOR_01']
  HIT SRR25710286: 3 baits >= 0.7 ['ECBAIT_10_0057_MEMBER_INTERIOR_01', 'ECBAIT_10_0172_MEMBER_INTERIOR_01', 'ECBAIT_HOST_CONTROL_02']
  HIT SRR25710287: 2 baits >= 0.7 ['ECBAIT_10_0057_MEMBER_INTERIOR_01', 'ECBAIT_10_0172_MEMBER_INTERIOR_01']
  HIT SRR25710288: 2 baits >= 0.7 ['ECBAIT_10_0057_MEMBER_INTERIOR_01', 'ECBAIT_10_0172_MEMBER_INTERIOR_01']
  HIT SRR25710289: 2 baits >= 0.7 ['ECBAIT_10_0057_MEMBER_INTERIOR_01', 'ECBAIT_HOST_CONTROL_02']
  HIT SRR25710291: 3 baits >= 0.7 ['ECBAIT_10_0002_JUNCTION_01', 'ECBAIT_10_0002_MEMBER_INTERIOR_01', 'ECBAIT_10_0057_MEMBER_INTERIOR_01']
  HIT SRR25710293: 2 baits >= 0.7 ['ECBAIT_10_0057_MEMBER_INTERIOR_01', 'ECBAIT_10_0172_MEMBER_INTERIOR_01']
  HIT SRR25710292: 4 baits >= 0.7 ['ECBAIT_0_0000_JUNCTION_02', 'ECBAIT_0_0000_MEMBER_INTERIOR_01', 'ECBAIT_10_0002_MEMBER_INTERIOR_01', 'ECBAIT_10_0057_MEMBER_INTERIOR_01']
  HIT SRR25710294: 4 baits >= 0.7 ['ECBAIT_0_0000_JUNCTION_02', 'ECBAIT_0_0000_MEMBER_INTERIOR_01', 'ECBAIT_10_0002_MEMBER_INTERIOR_01', 'ECBAIT_10_0057_MEMBER_INTERIOR_01']
  HIT SRR25710295: 1 baits >= 0.7 ['ECBAIT_10_0057_MEMBER_INTERIOR_01']
  HIT SRR25710296: 2 baits >= 0.7 ['ECBAIT_10_0057_MEMBER_INTERIOR_01', 'ECBAIT_HOST_CONTROL_01']
  HIT SRR25710297: 4 baits >= 0.7 ['ECBAIT_0_0000_MEMBER_INTERIOR_01', 'ECBAIT_0_0054_MEMBER_INTERIOR_01', 'ECBAIT_10_0057_MEMBER_INTERIOR_01', 'ECBAIT_10_0172_MEMBER_INTERIOR_01']
  HIT SRR25710298: 4 baits >= 0.7 ['ECBAIT_0_0000_JUNCTION_02', 'ECBAIT_0_0000_MEMBER_INTERIOR_01', 'ECBAIT_10_0002_JUNCTION_01', 'ECBAIT_HOST_CONTROL_02']
  HIT SRR25710299: 2 baits >= 0.7 ['ECBAIT_10_0057_MEMBER_INTERIOR_01', 'ECBAIT_HOST_CONTROL_01']
  HIT SRR25710300: 5 baits >= 0.7 ['ECBAIT_0_0000_INTERIOR_MODULE_01', 'ECBAIT_0_0000_JUNCTION_02', 'ECBAIT_0_0000_MEMBER_INTERIOR_01', 'ECBAIT_10_0002_MEMBER_INTERIOR_01']
  HIT SRR25710301: 2 baits >= 0.7 ['ECBAIT_10_0057_MEMBER_INTERIOR_01', 'ECBAIT_HOST_CONTROL_02']
  HIT SRR25710302: 1 baits >= 0.7 ['ECBAIT_10_0057_MEMBER_INTERIOR_01']
  HIT SRR25710303: 3 baits >= 0.7 ['ECBAIT_0_0000_JUNCTION_02', 'ECBAIT_10_0151_JUNCTION_03', 'ECBAIT_10_0172_MEMBER_INTERIOR_01']
  HIT SRR25710304: 2 baits >= 0.7 ['ECBAIT_10_0057_MEMBER_INTERIOR_01', 'ECBAIT_10_0172_MEMBER_INTERIOR_01']
  HIT SRR25710305: 5 baits >= 0.7 ['ECBAIT_0_0000_JUNCTION_02', 'ECBAIT_0_0000_MEMBER_INTERIOR_01', 'ECBAIT_10_0057_MEMBER_INTERIOR_01', 'ECBAIT_1_0004_JUNCTION_02']
  HIT SRR25710306: 2 baits >= 0.7 ['ECBAIT_10_0002_MEMBER_INTERIOR_01', 'ECBAIT_10_0057_MEMBER_INTERIOR_01']
  HIT SRR25710307: 2 baits >= 0.7 ['ECBAIT_10_0057_MEMBER_INTERIOR_01', 'ECBAIT_10_0172_MEMBER_INTERIOR_01']
  HIT SRR25710308: 3 baits >= 0.7 ['ECBAIT_0_0000_JUNCTION_02', 'ECBAIT_10_0151_JUNCTION_03', 'ECBAIT_10_0172_MEMBER_INTERIOR_01']
  HIT SRR25710309: 2 baits >= 0.7 ['ECBAIT_10_0002_MEMBER_INTERIOR_01', 'ECBAIT_10_0057_MEMBER_INTERIOR_01']
  HIT SRR25710310: 1 baits >= 0.7 ['ECBAIT_HOST_CONTROL_01']
  HIT SRR25710311: 1 baits >= 0.7 ['ECBAIT_HOST_CONTROL_01']
  HIT SRR25710312: 1 baits >= 0.7 ['ECBAIT_HOST_CONTROL_01']
  HIT SRR25710313: 1 baits >= 0.7 ['ECBAIT_10_0057_MEMBER_INTERIOR_01']
  HIT SRR25710314: 3 baits >= 0.7 ['ECBAIT_0_0000_JUNCTION_02', 'ECBAIT_0_0000_MEMBER_INTERIOR_01', 'ECBAIT_10_0057_MEMBER_INTERIOR_01']
  HIT SRR25710315: 5 baits >= 0.7 ['ECBAIT_0_0000_INTERIOR_MODULE_01', 'ECBAIT_0_0000_JUNCTION_02', 'ECBAIT_0_0000_MEMBER_INTERIOR_01', 'ECBAIT_10_0057_MEMBER_INTERIOR_01']
  HIT SRR25710316: 3 baits >= 0.7 ['ECBAIT_0_0000_JUNCTION_02', 'ECBAIT_0_0000_MEMBER_INTERIOR_01', 'ECBAIT_10_0057_MEMBER_INTERIOR_01']
  HIT SRR25710317: 2 baits >= 0.7 ['ECBAIT_10_0057_MEMBER_INTERIOR_01', 'ECBAIT_HOST_CONTROL_02']
  HIT SRR25710318: 2 baits >= 0.7 ['ECBAIT_0_0000_JUNCTION_02', 'ECBAIT_0_0000_MEMBER_INTERIOR_01']
  HIT SRR25710321: 2 baits >= 0.7 ['ECBAIT_10_0002_JUNCTION_01', 'ECBAIT_HOST_CONTROL_01']
  HIT SRR25710322: 2 baits >= 0.7 ['ECBAIT_10_0002_JUNCTION_01', 'ECBAIT_HOST_CONTROL_01']
  HIT SRR25710323: 3 baits >= 0.7 ['ECBAIT_0_0054_MEMBER_INTERIOR_01', 'ECBAIT_10_0151_JUNCTION_03', 'ECBAIT_1_0004_JUNCTION_02']
  HIT SRR25710324: 3 baits >= 0.7 ['ECBAIT_10_0002_JUNCTION_01', 'ECBAIT_10_0002_MEMBER_INTERIOR_01', 'ECBAIT_10_0057_MEMBER_INTERIOR_01']
  HIT SRR25710325: 3 baits >= 0.7 ['ECBAIT_0_0000_JUNCTION_02', 'ECBAIT_10_0057_MEMBER_INTERIOR_01', 'ECBAIT_10_0151_JUNCTION_03']
  HIT SRR25710326: 2 baits >= 0.7 ['ECBAIT_10_0057_MEMBER_INTERIOR_01', 'ECBAIT_10_0151_MEMBER_INTERIOR_01']
  HIT SRR25710327: 2 baits >= 0.7 ['ECBAIT_10_0057_MEMBER_INTERIOR_01', 'ECBAIT_HOST_CONTROL_01']
  HIT SRR25710329: 1 baits >= 0.7 ['ECBAIT_10_0057_MEMBER_INTERIOR_01']
  HIT SRR25710330: 3 baits >= 0.7 ['ECBAIT_0_0000_JUNCTION_02', 'ECBAIT_1_0004_JUNCTION_02', 'ECBAIT_HOST_CONTROL_02']
  HIT SRR25710328: 1 baits >= 0.7 ['ECBAIT_HOST_CONTROL_01']
  9900/11975 processed (2391 screened, 2294 hit-accessions) 997s budget=3.8GB
  HIT SRR25710331: 3 baits >= 0.7 ['ECBAIT_0_0014_JUNCTION_01', 'ECBAIT_10_0151_JUNCTION_03', 'ECBAIT_10_0172_MEMBER_INTERIOR_01']
  HIT SRR25710332: 1 baits >= 0.7 ['ECBAIT_10_0057_MEMBER_INTERIOR_01']
  HIT SRR25710333: 4 baits >= 0.7 ['ECBAIT_0_0000_JUNCTION_02', 'ECBAIT_10_0057_MEMBER_INTERIOR_01', 'ECBAIT_10_0151_JUNCTION_03', 'ECBAIT_1_0004_JUNCTION_01']
  HIT SRR25710335: 1 baits >= 0.7 ['ECBAIT_10_0057_MEMBER_INTERIOR_01']
  HIT SRR25710337: 2 baits >= 0.7 ['ECBAIT_10_0057_MEMBER_INTERIOR_01', 'ECBAIT_HOST_CONTROL_02']
  HIT SRR25710336: 3 baits >= 0.7 ['ECBAIT_0_0000_JUNCTION_02', 'ECBAIT_0_0000_MEMBER_INTERIOR_01', 'ECBAIT_10_0057_MEMBER_INTERIOR_01']
  HIT SRR25710338: 1 baits >= 0.7 ['ECBAIT_HOST_CONTROL_01']
  HIT SRR25710339: 2 baits >= 0.7 ['ECBAIT_10_0002_MEMBER_INTERIOR_01', 'ECBAIT_10_0057_MEMBER_INTERIOR_01']
  HIT SRR25710340: 1 baits >= 0.7 ['ECBAIT_10_0057_MEMBER_INTERIOR_01']
  HIT SRR25710342: 3 baits >= 0.7 ['ECBAIT_0_0000_JUNCTION_02', 'ECBAIT_0_0000_MEMBER_INTERIOR_01', 'ECBAIT_10_0057_MEMBER_INTERIOR_01']
  HIT SRR25710341: 3 baits >= 0.7 ['ECBAIT_0_0000_JUNCTION_02', 'ECBAIT_10_0057_MEMBER_INTERIOR_01', 'ECBAIT_10_0151_JUNCTION_03']
  HIT SRR25710343: 4 baits >= 0.7 ['ECBAIT_10_0002_MEMBER_INTERIOR_01', 'ECBAIT_10_0057_MEMBER_INTERIOR_01', 'ECBAIT_10_0151_JUNCTION_03', 'ECBAIT_1_0004_JUNCTION_02']
  HIT SRR25710344: 2 baits >= 0.7 ['ECBAIT_10_0002_MEMBER_INTERIOR_01', 'ECBAIT_10_0057_MEMBER_INTERIOR_01']
  HIT SRR25710345: 1 baits >= 0.7 ['ECBAIT_10_0057_MEMBER_INTERIOR_01']
  HIT SRR25710346: 4 baits >= 0.7 ['ECBAIT_10_0002_JUNCTION_01', 'ECBAIT_10_0002_JUNCTION_02', 'ECBAIT_10_0002_MEMBER_INTERIOR_01', 'ECBAIT_10_0057_MEMBER_INTERIOR_01']
  HIT SRR25710347: 4 baits >= 0.7 ['ECBAIT_0_0046_JUNCTION_02', 'ECBAIT_0_0046_MEMBER_INTERIOR_01', 'ECBAIT_1_0022_JUNCTION_02', 'ECBAIT_1_0022_JUNCTION_03']
  HIT SRR25710350: 1 baits >= 0.7 ['ECBAIT_10_0057_MEMBER_INTERIOR_01']
  HIT SRR25710349: 4 baits >= 0.7 ['ECBAIT_10_0002_JUNCTION_01', 'ECBAIT_10_0002_JUNCTION_02', 'ECBAIT_10_0002_MEMBER_INTERIOR_01', 'ECBAIT_10_0057_MEMBER_INTERIOR_01']
  HIT SRR25710353: 4 baits >= 0.7 ['ECBAIT_10_0002_JUNCTION_01', 'ECBAIT_10_0002_JUNCTION_02', 'ECBAIT_10_0057_MEMBER_INTERIOR_01', 'ECBAIT_HOST_CONTROL_01']
  HIT SRR25710352: 1 baits >= 0.7 ['ECBAIT_10_0057_MEMBER_INTERIOR_01']
  HIT SRR25710354: 3 baits >= 0.7 ['ECBAIT_10_0002_MEMBER_INTERIOR_01', 'ECBAIT_10_0057_MEMBER_INTERIOR_01', 'ECBAIT_10_0172_MEMBER_INTERIOR_01']
  HIT SRR25710356: 3 baits >= 0.7 ['ECBAIT_0_0046_MEMBER_INTERIOR_01', 'ECBAIT_0_0052_JUNCTION_03', 'ECBAIT_10_0002_JUNCTION_02']
  HIT SRR25710359: 1 baits >= 0.7 ['ECBAIT_10_0057_MEMBER_INTERIOR_01']
  HIT SRR25710358: 1 baits >= 0.7 ['ECBAIT_10_0057_MEMBER_INTERIOR_01']
  HIT SRR25710360: 4 baits >= 0.7 ['ECBAIT_0_0000_MEMBER_INTERIOR_01', 'ECBAIT_10_0057_MEMBER_INTERIOR_01', 'ECBAIT_10_0172_MEMBER_INTERIOR_01', 'ECBAIT_HOST_CONTROL_02']
  HIT SRR25710361: 2 baits >= 0.7 ['ECBAIT_10_0057_MEMBER_INTERIOR_01', 'ECBAIT_10_0172_MEMBER_INTERIOR_01']
  HIT SRR25710362: 1 baits >= 0.7 ['ECBAIT_10_0057_MEMBER_INTERIOR_01']
  HIT SRR25710363: 1 baits >= 0.7 ['ECBAIT_10_0057_MEMBER_INTERIOR_01']
  HIT SRR25710364: 1 baits >= 0.7 ['ECBAIT_10_0057_MEMBER_INTERIOR_01']
  HIT SRR25710365: 6 baits >= 0.7 ['ECBAIT_0_0091_INTERIOR_MODULE_01', 'ECBAIT_0_0091_JUNCTION_02', 'ECBAIT_0_0091_JUNCTION_03', 'ECBAIT_0_0091_MEMBER_INTERIOR_01']
  HIT SRR25710366: 2 baits >= 0.7 ['ECBAIT_10_0002_JUNCTION_02', 'ECBAIT_HOST_CONTROL_01']
  HIT SRR25710367: 2 baits >= 0.7 ['ECBAIT_10_0151_JUNCTION_03', 'ECBAIT_1_0004_JUNCTION_02']
  HIT SRR25710368: 6 baits >= 0.7 ['ECBAIT_0_0054_MEMBER_INTERIOR_01', 'ECBAIT_10_0002_MEMBER_INTERIOR_01', 'ECBAIT_10_0057_MEMBER_INTERIOR_01', 'ECBAIT_10_0172_MEMBER_INTERIOR_01']
  HIT SRR25710370: 1 baits >= 0.7 ['ECBAIT_HOST_CONTROL_01']
  HIT SRR25710371: 5 baits >= 0.7 ['ECBAIT_0_0000_JUNCTION_02', 'ECBAIT_0_0000_MEMBER_INTERIOR_01', 'ECBAIT_10_0057_MEMBER_INTERIOR_01', 'ECBAIT_1_0004_MEMBER_INTERIOR_01']
  HIT SRR25710372: 8 baits >= 0.7 ['ECBAIT_0_0000_JUNCTION_02', 'ECBAIT_0_0000_MEMBER_INTERIOR_01', 'ECBAIT_0_0014_JUNCTION_02', 'ECBAIT_0_0014_MEMBER_INTERIOR_01']
  HIT SRR25710375: 2 baits >= 0.7 ['ECBAIT_10_0002_JUNCTION_02', 'ECBAIT_HOST_CONTROL_01']
  HIT SRR25710376: 3 baits >= 0.7 ['ECBAIT_0_0052_JUNCTION_01', 'ECBAIT_0_0054_MEMBER_INTERIOR_01', 'ECBAIT_10_0057_MEMBER_INTERIOR_01']
  HIT SRR25710377: 1 baits >= 0.7 ['ECBAIT_10_0057_MEMBER_INTERIOR_01']
  HIT SRR25710378: 1 baits >= 0.7 ['ECBAIT_10_0057_MEMBER_INTERIOR_01']
  HIT SRR25710379: 4 baits >= 0.7 ['ECBAIT_0_0000_JUNCTION_02', 'ECBAIT_0_0091_INTERIOR_MODULE_01', 'ECBAIT_0_0091_JUNCTION_02', 'ECBAIT_0_0091_MEMBER_INTERIOR_01']
  HIT SRR25710380: 4 baits >= 0.7 ['ECBAIT_0_0000_JUNCTION_02', 'ECBAIT_0_0091_INTERIOR_MODULE_01', 'ECBAIT_0_0091_JUNCTION_02', 'ECBAIT_0_0091_MEMBER_INTERIOR_01']
  9950/11975 processed (2441 screened, 2336 hit-accessions) 1013s budget=3.8GB
  HIT SRR25710381: 2 baits >= 0.7 ['ECBAIT_0_0000_JUNCTION_02', 'ECBAIT_0_0000_MEMBER_INTERIOR_01']
  HIT SRR25710382: 5 baits >= 0.7 ['ECBAIT_0_0000_INTERIOR_MODULE_01', 'ECBAIT_0_0000_JUNCTION_02', 'ECBAIT_0_0000_MEMBER_INTERIOR_01', 'ECBAIT_10_0057_MEMBER_INTERIOR_01']
  HIT SRR25710383: 2 baits >= 0.7 ['ECBAIT_10_0002_MEMBER_INTERIOR_01', 'ECBAIT_10_0057_MEMBER_INTERIOR_01']
  HIT SRR25710384: 2 baits >= 0.7 ['ECBAIT_10_0002_MEMBER_INTERIOR_01', 'ECBAIT_10_0057_MEMBER_INTERIOR_01']
  HIT SRR25710385: 2 baits >= 0.7 ['ECBAIT_10_0057_MEMBER_INTERIOR_01', 'ECBAIT_HOST_CONTROL_01']
  HIT SRR25710387: 1 baits >= 0.7 ['ECBAIT_10_0057_MEMBER_INTERIOR_01']
  HIT SRR25710388: 1 baits >= 0.7 ['ECBAIT_0_0091_MEMBER_INTERIOR_01']
  HIT SRR25710390: 1 baits >= 0.7 ['ECBAIT_10_0057_MEMBER_INTERIOR_01']
  HIT SRR25710391: 7 baits >= 0.7 ['ECBAIT_0_0000_JUNCTION_02', 'ECBAIT_0_0000_MEMBER_INTERIOR_01', 'ECBAIT_0_0014_JUNCTION_02', 'ECBAIT_0_0014_MEMBER_INTERIOR_01']
  HIT SRR25710393: 2 baits >= 0.7 ['ECBAIT_0_0054_MEMBER_INTERIOR_01', 'ECBAIT_10_0057_MEMBER_INTERIOR_01']
  HIT SRR25710395: 2 baits >= 0.7 ['ECBAIT_10_0057_MEMBER_INTERIOR_01', 'ECBAIT_HOST_CONTROL_01']
  HIT SRR25710394: 2 baits >= 0.7 ['ECBAIT_10_0057_MEMBER_INTERIOR_01', 'ECBAIT_1_0004_JUNCTION_01']
  HIT SRR25710396: 2 baits >= 0.7 ['ECBAIT_10_0151_MEMBER_INTERIOR_01', 'ECBAIT_HOST_CONTROL_02']
  HIT SRR25710397: 5 baits >= 0.7 ['ECBAIT_0_0046_JUNCTION_02', 'ECBAIT_10_0057_MEMBER_INTERIOR_01', 'ECBAIT_10_0151_MEMBER_INTERIOR_01', 'ECBAIT_10_0172_MEMBER_INTERIOR_01']
  HIT SRR25710398: 1 baits >= 0.7 ['ECBAIT_10_0057_MEMBER_INTERIOR_01']
  HIT SRR25710400: 1 baits >= 0.7 ['ECBAIT_HOST_CONTROL_01']
  HIT SRR25710401: 3 baits >= 0.7 ['ECBAIT_0_0052_JUNCTION_03', 'ECBAIT_10_0057_MEMBER_INTERIOR_01', 'ECBAIT_HOST_CONTROL_02']
  HIT SRR25710403: 6 baits >= 0.7 ['ECBAIT_0_0000_INTERIOR_MODULE_01', 'ECBAIT_0_0000_JUNCTION_02', 'ECBAIT_0_0000_MEMBER_INTERIOR_01', 'ECBAIT_10_0002_JUNCTION_01']
  HIT SRR25710406: 3 baits >= 0.7 ['ECBAIT_0_0000_JUNCTION_02', 'ECBAIT_10_0057_MEMBER_INTERIOR_01', 'ECBAIT_HOST_CONTROL_02']
  HIT SRR25710404: 6 baits >= 0.7 ['ECBAIT_0_0000_JUNCTION_02', 'ECBAIT_0_0000_MEMBER_INTERIOR_01', 'ECBAIT_0_0052_JUNCTION_03', 'ECBAIT_0_0054_MEMBER_INTERIOR_01']
  HIT SRR25710407: 2 baits >= 0.7 ['ECBAIT_10_0002_MEMBER_INTERIOR_01', 'ECBAIT_HOST_CONTROL_01']
  HIT SRR25710408: 2 baits >= 0.7 ['ECBAIT_10_0057_MEMBER_INTERIOR_01', 'ECBAIT_HOST_CONTROL_01']
  HIT SRR25710410: 1 baits >= 0.7 ['ECBAIT_10_0057_MEMBER_INTERIOR_01']
  HIT SRR25710409: 3 baits >= 0.7 ['ECBAIT_0_0000_JUNCTION_02', 'ECBAIT_0_0000_MEMBER_INTERIOR_01', 'ECBAIT_10_0057_MEMBER_INTERIOR_01']
  HIT SRR25710411: 5 baits >= 0.7 ['ECBAIT_0_0000_INTERIOR_MODULE_01', 'ECBAIT_0_0000_JUNCTION_02', 'ECBAIT_0_0000_MEMBER_INTERIOR_01', 'ECBAIT_10_0057_MEMBER_INTERIOR_01']
  HIT SRR25710412: 2 baits >= 0.7 ['ECBAIT_10_0002_MEMBER_INTERIOR_01', 'ECBAIT_10_0057_MEMBER_INTERIOR_01']
  HIT SRR25710413: 6 baits >= 0.7 ['ECBAIT_0_0000_JUNCTION_02', 'ECBAIT_0_0000_MEMBER_INTERIOR_01', 'ECBAIT_0_0014_MEMBER_INTERIOR_01', 'ECBAIT_0_0054_MEMBER_INTERIOR_01']
  HIT SRR25710414: 5 baits >= 0.7 ['ECBAIT_0_0000_JUNCTION_02', 'ECBAIT_0_0000_MEMBER_INTERIOR_01', 'ECBAIT_0_0014_JUNCTION_02', 'ECBAIT_10_0057_MEMBER_INTERIOR_01']
  HIT SRR25710415: 2 baits >= 0.7 ['ECBAIT_0_0000_MEMBER_INTERIOR_01', 'ECBAIT_10_0057_MEMBER_INTERIOR_01']
  HIT SRR25710416: 2 baits >= 0.7 ['ECBAIT_1_0004_JUNCTION_01', 'ECBAIT_HOST_CONTROL_02']
  HIT SRR25710417: 9 baits >= 0.7 ['ECBAIT_0_0000_INTERIOR_MODULE_01', 'ECBAIT_0_0000_JUNCTION_02', 'ECBAIT_0_0000_MEMBER_INTERIOR_01', 'ECBAIT_0_0046_MEMBER_INTERIOR_01']
  HIT SRR25710418: 1 baits >= 0.7 ['ECBAIT_10_0057_MEMBER_INTERIOR_01']
  HIT SRR25710419: 1 baits >= 0.7 ['ECBAIT_10_0057_MEMBER_INTERIOR_01']
  HIT SRR25710420: 2 baits >= 0.7 ['ECBAIT_10_0057_MEMBER_INTERIOR_01', 'ECBAIT_10_0151_JUNCTION_03']
  HIT SRR25710421: 2 baits >= 0.7 ['ECBAIT_0_0000_JUNCTION_02', 'ECBAIT_10_0057_MEMBER_INTERIOR_01']
  HIT SRR25710423: 2 baits >= 0.7 ['ECBAIT_10_0057_MEMBER_INTERIOR_01', 'ECBAIT_HOST_CONTROL_02']
  HIT SRR25710424: 2 baits >= 0.7 ['ECBAIT_10_0057_MEMBER_INTERIOR_01', 'ECBAIT_1_0004_JUNCTION_01']
  HIT SRR25710426: 1 baits >= 0.7 ['ECBAIT_10_0057_MEMBER_INTERIOR_01']
  HIT SRR25710425: 2 baits >= 0.7 ['ECBAIT_10_0057_MEMBER_INTERIOR_01', 'ECBAIT_1_0004_JUNCTION_01']
  HIT SRR25710427: 1 baits >= 0.7 ['ECBAIT_10_0057_MEMBER_INTERIOR_01']
  HIT SRR25710428: 1 baits >= 0.7 ['ECBAIT_10_0057_MEMBER_INTERIOR_01']
  HIT SRR25710429: 2 baits >= 0.7 ['ECBAIT_1_0004_JUNCTION_01', 'ECBAIT_HOST_CONTROL_02']
  HIT SRR25710430: 4 baits >= 0.7 ['ECBAIT_0_0046_MEMBER_INTERIOR_01', 'ECBAIT_10_0057_MEMBER_INTERIOR_01', 'ECBAIT_1_0022_JUNCTION_03', 'ECBAIT_HOST_CONTROL_02']
  10000/11975 processed (2491 screened, 2379 hit-accessions) 1029s budget=3.9GB
  HIT SRR25710431: 7 baits >= 0.7 ['ECBAIT_0_0000_INTERIOR_MODULE_01', 'ECBAIT_0_0000_JUNCTION_02', 'ECBAIT_0_0000_MEMBER_INTERIOR_01', 'ECBAIT_0_0046_MEMBER_INTERIOR_01']
  HIT SRR25710432: 1 baits >= 0.7 ['ECBAIT_HOST_CONTROL_01']
  HIT SRR25710433: 2 baits >= 0.7 ['ECBAIT_10_0057_MEMBER_INTERIOR_01', 'ECBAIT_HOST_CONTROL_02']
  HIT SRR25710435: 1 baits >= 0.7 ['ECBAIT_10_0057_MEMBER_INTERIOR_01']
  HIT SRR25710437: 1 baits >= 0.7 ['ECBAIT_HOST_CONTROL_01']
  HIT SRR25710436: 5 baits >= 0.7 ['ECBAIT_0_0000_INTERIOR_MODULE_01', 'ECBAIT_0_0000_JUNCTION_02', 'ECBAIT_0_0000_MEMBER_INTERIOR_01', 'ECBAIT_10_0057_MEMBER_INTERIOR_01']
  HIT SRR25710439: 4 baits >= 0.7 ['ECBAIT_0_0000_JUNCTION_02', 'ECBAIT_0_0000_MEMBER_INTERIOR_01', 'ECBAIT_10_0057_MEMBER_INTERIOR_01', 'ECBAIT_HOST_CONTROL_02']
  HIT SRR25710438: 3 baits >= 0.7 ['ECBAIT_0_0046_MEMBER_INTERIOR_01', 'ECBAIT_10_0057_MEMBER_INTERIOR_01', 'ECBAIT_1_0022_JUNCTION_03']
  HIT SRR25710440: 2 baits >= 0.7 ['ECBAIT_0_0000_JUNCTION_02', 'ECBAIT_1_0004_JUNCTION_01']
  HIT SRR25710441: 3 baits >= 0.7 ['ECBAIT_0_0000_JUNCTION_02', 'ECBAIT_0_0000_MEMBER_INTERIOR_01', 'ECBAIT_HOST_CONTROL_02']
  HIT SRR25710442: 5 baits >= 0.7 ['ECBAIT_0_0000_INTERIOR_MODULE_01', 'ECBAIT_0_0000_JUNCTION_02', 'ECBAIT_0_0000_MEMBER_INTERIOR_01', 'ECBAIT_10_0057_MEMBER_INTERIOR_01']
  HIT SRR25710443: 1 baits >= 0.7 ['ECBAIT_10_0057_MEMBER_INTERIOR_01']
  HIT SRR25710444: 6 baits >= 0.7 ['ECBAIT_0_0000_INTERIOR_MODULE_01', 'ECBAIT_0_0000_JUNCTION_02', 'ECBAIT_0_0000_MEMBER_INTERIOR_01', 'ECBAIT_10_0002_JUNCTION_01']
  HIT SRR25710445: 5 baits >= 0.7 ['ECBAIT_0_0000_JUNCTION_02', 'ECBAIT_0_0000_MEMBER_INTERIOR_01', 'ECBAIT_10_0057_MEMBER_INTERIOR_01', 'ECBAIT_10_0172_MEMBER_INTERIOR_01']
  HIT SRR25710446: 1 baits >= 0.7 ['ECBAIT_HOST_CONTROL_01']
  HIT SRR25710447: 2 baits >= 0.7 ['ECBAIT_10_0057_MEMBER_INTERIOR_01', 'ECBAIT_HOST_CONTROL_02']
  HIT SRR25710449: 1 baits >= 0.7 ['ECBAIT_10_0057_MEMBER_INTERIOR_01']
  HIT SRR25710450: 1 baits >= 0.7 ['ECBAIT_10_0057_MEMBER_INTERIOR_01']
  HIT SRR25710451: 2 baits >= 0.7 ['ECBAIT_10_0057_MEMBER_INTERIOR_01', 'ECBAIT_HOST_CONTROL_02']
  HIT SRR25710454: 4 baits >= 0.7 ['ECBAIT_0_0000_INTERIOR_MODULE_01', 'ECBAIT_0_0000_JUNCTION_02', 'ECBAIT_0_0000_MEMBER_INTERIOR_01', 'ECBAIT_10_0057_MEMBER_INTERIOR_01']
  HIT SRR25710453: 6 baits >= 0.7 ['ECBAIT_0_0000_INTERIOR_MODULE_01', 'ECBAIT_0_0000_JUNCTION_02', 'ECBAIT_0_0000_MEMBER_INTERIOR_01', 'ECBAIT_10_0057_MEMBER_INTERIOR_01']
  HIT SRR25710455: 5 baits >= 0.7 ['ECBAIT_0_0000_INTERIOR_MODULE_01', 'ECBAIT_0_0000_JUNCTION_02', 'ECBAIT_0_0000_MEMBER_INTERIOR_01', 'ECBAIT_10_0057_MEMBER_INTERIOR_01']
  HIT SRR25710452: 4 baits >= 0.7 ['ECBAIT_0_0000_JUNCTION_02', 'ECBAIT_0_0052_JUNCTION_01', 'ECBAIT_10_0057_MEMBER_INTERIOR_01', 'ECBAIT_10_0151_JUNCTION_03']
  HIT SRR25710456: 2 baits >= 0.7 ['ECBAIT_10_0057_MEMBER_INTERIOR_01', 'ECBAIT_10_0172_MEMBER_INTERIOR_01']
  HIT SRR25710459: 1 baits >= 0.7 ['ECBAIT_10_0057_MEMBER_INTERIOR_01']
  HIT SRR25710457: 1 baits >= 0.7 ['ECBAIT_10_0057_MEMBER_INTERIOR_01']
  HIT SRR25710458: 1 baits >= 0.7 ['ECBAIT_10_0057_MEMBER_INTERIOR_01']
  HIT SRR25710460: 2 baits >= 0.7 ['ECBAIT_10_0057_MEMBER_INTERIOR_01', 'ECBAIT_HOST_CONTROL_02']
  HIT SRR25710461: 1 baits >= 0.7 ['ECBAIT_10_0057_MEMBER_INTERIOR_01']
  HIT SRR25710463: 5 baits >= 0.7 ['ECBAIT_0_0000_INTERIOR_MODULE_01', 'ECBAIT_0_0000_JUNCTION_02', 'ECBAIT_0_0000_MEMBER_INTERIOR_01', 'ECBAIT_10_0057_MEMBER_INTERIOR_01']
  HIT SRR25710462: 4 baits >= 0.7 ['ECBAIT_0_0000_JUNCTION_02', 'ECBAIT_0_0000_MEMBER_INTERIOR_01', 'ECBAIT_10_0057_MEMBER_INTERIOR_01', 'ECBAIT_HOST_CONTROL_02']
  HIT SRR25710464: 2 baits >= 0.7 ['ECBAIT_10_0057_MEMBER_INTERIOR_01', 'ECBAIT_10_0172_MEMBER_INTERIOR_01']
  HIT SRR25710465: 3 baits >= 0.7 ['ECBAIT_0_0000_JUNCTION_02', 'ECBAIT_10_0057_MEMBER_INTERIOR_01', 'ECBAIT_10_0151_JUNCTION_03']
  HIT SRR25710466: 3 baits >= 0.7 ['ECBAIT_10_0057_MEMBER_INTERIOR_01', 'ECBAIT_10_0172_MEMBER_INTERIOR_01', 'ECBAIT_HOST_CONTROL_02']
  HIT SRR25710467: 1 baits >= 0.7 ['ECBAIT_10_0057_MEMBER_INTERIOR_01']
  HIT SRR25710469: 2 baits >= 0.7 ['ECBAIT_10_0057_MEMBER_INTERIOR_01', 'ECBAIT_HOST_CONTROL_01']
  HIT SRR25710468: 4 baits >= 0.7 ['ECBAIT_0_0054_MEMBER_INTERIOR_01', 'ECBAIT_10_0057_MEMBER_INTERIOR_01', 'ECBAIT_10_0172_MEMBER_INTERIOR_01', 'ECBAIT_HOST_CONTROL_01']
  HIT SRR25710470: 5 baits >= 0.7 ['ECBAIT_0_0000_INTERIOR_MODULE_01', 'ECBAIT_0_0000_JUNCTION_02', 'ECBAIT_0_0000_MEMBER_INTERIOR_01', 'ECBAIT_10_0057_MEMBER_INTERIOR_01']
  HIT SRR25710471: 1 baits >= 0.7 ['ECBAIT_10_0057_MEMBER_INTERIOR_01']
  HIT SRR25710472: 1 baits >= 0.7 ['ECBAIT_10_0151_MEMBER_INTERIOR_01']
  HIT SRR25710473: 2 baits >= 0.7 ['ECBAIT_10_0057_MEMBER_INTERIOR_01', 'ECBAIT_10_0151_JUNCTION_03']
  HIT SRR25710474: 4 baits >= 0.7 ['ECBAIT_0_0000_JUNCTION_02', 'ECBAIT_0_0000_MEMBER_INTERIOR_01', 'ECBAIT_10_0057_MEMBER_INTERIOR_01', 'ECBAIT_HOST_CONTROL_02']
  HIT SRR25710476: 2 baits >= 0.7 ['ECBAIT_10_0151_JUNCTION_03', 'ECBAIT_10_0172_MEMBER_INTERIOR_01']
  HIT SRR25710478: 4 baits >= 0.7 ['ECBAIT_0_0000_JUNCTION_02', 'ECBAIT_0_0000_MEMBER_INTERIOR_01', 'ECBAIT_10_0057_MEMBER_INTERIOR_01', 'ECBAIT_HOST_CONTROL_02']
  HIT SRR25710480: 4 baits >= 0.7 ['ECBAIT_0_0052_JUNCTION_03', 'ECBAIT_0_0054_MEMBER_INTERIOR_01', 'ECBAIT_10_0057_MEMBER_INTERIOR_01', 'ECBAIT_10_0172_MEMBER_INTERIOR_01']
  10050/11975 processed (2541 screened, 2424 hit-accessions) 1045s budget=4.0GB
  HIT SRR25710481: 6 baits >= 0.7 ['ECBAIT_0_0000_INTERIOR_MODULE_01', 'ECBAIT_0_0000_JUNCTION_02', 'ECBAIT_0_0000_MEMBER_INTERIOR_01', 'ECBAIT_10_0057_MEMBER_INTERIOR_01']
  HIT SRR25710483: 1 baits >= 0.7 ['ECBAIT_10_0057_MEMBER_INTERIOR_01']
  HIT SRR25710482: 5 baits >= 0.7 ['ECBAIT_0_0000_JUNCTION_02', 'ECBAIT_0_0000_MEMBER_INTERIOR_01', 'ECBAIT_10_0057_MEMBER_INTERIOR_01', 'ECBAIT_10_0172_MEMBER_INTERIOR_01']
  HIT SRR25710484: 2 baits >= 0.7 ['ECBAIT_0_0000_JUNCTION_02', 'ECBAIT_10_0057_MEMBER_INTERIOR_01']
  HIT SRR25710485: 1 baits >= 0.7 ['ECBAIT_10_0057_MEMBER_INTERIOR_01']
  HIT SRR25710487: 3 baits >= 0.7 ['ECBAIT_0_0000_JUNCTION_02', 'ECBAIT_0_0000_MEMBER_INTERIOR_01', 'ECBAIT_HOST_CONTROL_02']
  HIT SRR25710486: 3 baits >= 0.7 ['ECBAIT_10_0002_JUNCTION_01', 'ECBAIT_10_0002_MEMBER_INTERIOR_01', 'ECBAIT_10_0057_MEMBER_INTERIOR_01']
  HIT SRR25710488: 3 baits >= 0.7 ['ECBAIT_10_0057_MEMBER_INTERIOR_01', 'ECBAIT_10_0151_JUNCTION_03', 'ECBAIT_10_0172_MEMBER_INTERIOR_01']
  HIT SRR25710491: 3 baits >= 0.7 ['ECBAIT_0_0046_JUNCTION_02', 'ECBAIT_1_0022_JUNCTION_03', 'ECBAIT_HOST_CONTROL_02']
  HIT SRR25710492: 2 baits >= 0.7 ['ECBAIT_10_0057_MEMBER_INTERIOR_01', 'ECBAIT_10_0151_JUNCTION_03']
  HIT SRR25710493: 7 baits >= 0.7 ['ECBAIT_0_0000_INTERIOR_MODULE_01', 'ECBAIT_0_0000_JUNCTION_02', 'ECBAIT_0_0000_MEMBER_INTERIOR_01', 'ECBAIT_10_0002_JUNCTION_01']
  HIT SRR25710494: 4 baits >= 0.7 ['ECBAIT_0_0000_INTERIOR_MODULE_01', 'ECBAIT_0_0000_JUNCTION_02', 'ECBAIT_0_0000_MEMBER_INTERIOR_01', 'ECBAIT_10_0057_MEMBER_INTERIOR_01']
  HIT SRR25710495: 4 baits >= 0.7 ['ECBAIT_0_0000_JUNCTION_02', 'ECBAIT_0_0000_MEMBER_INTERIOR_01', 'ECBAIT_10_0057_MEMBER_INTERIOR_01', 'ECBAIT_HOST_CONTROL_02']
  HIT SRR25710497: 5 baits >= 0.7 ['ECBAIT_0_0000_INTERIOR_MODULE_01', 'ECBAIT_0_0000_JUNCTION_02', 'ECBAIT_0_0000_MEMBER_INTERIOR_01', 'ECBAIT_10_0057_MEMBER_INTERIOR_01']
  HIT SRR25710499: 4 baits >= 0.7 ['ECBAIT_0_0000_INTERIOR_MODULE_01', 'ECBAIT_0_0000_JUNCTION_02', 'ECBAIT_0_0000_MEMBER_INTERIOR_01', 'ECBAIT_10_0057_MEMBER_INTERIOR_01']
  HIT SRR25710496: 5 baits >= 0.7 ['ECBAIT_0_0000_JUNCTION_02', 'ECBAIT_0_0000_MEMBER_INTERIOR_01', 'ECBAIT_0_0014_JUNCTION_02', 'ECBAIT_10_0057_MEMBER_INTERIOR_01']
  HIT SRR25710498: 2 baits >= 0.7 ['ECBAIT_0_0054_MEMBER_INTERIOR_01', 'ECBAIT_10_0057_MEMBER_INTERIOR_01']
  HIT SRR25710502: 3 baits >= 0.7 ['ECBAIT_0_0000_JUNCTION_02', 'ECBAIT_0_0000_MEMBER_INTERIOR_01', 'ECBAIT_HOST_CONTROL_02']
  HIT SRR25710503: 1 baits >= 0.7 ['ECBAIT_10_0057_MEMBER_INTERIOR_01']
  HIT SRR25710500: 3 baits >= 0.7 ['ECBAIT_0_0000_JUNCTION_02', 'ECBAIT_0_0000_MEMBER_INTERIOR_01', 'ECBAIT_HOST_CONTROL_02']
  HIT SRR25710501: 5 baits >= 0.7 ['ECBAIT_0_0000_INTERIOR_MODULE_01', 'ECBAIT_0_0000_JUNCTION_02', 'ECBAIT_0_0000_MEMBER_INTERIOR_01', 'ECBAIT_10_0057_MEMBER_INTERIOR_01']
  HIT SRR25710504: 8 baits >= 0.7 ['ECBAIT_0_0000_INTERIOR_MODULE_01', 'ECBAIT_0_0000_JUNCTION_02', 'ECBAIT_0_0000_MEMBER_INTERIOR_01', 'ECBAIT_10_0002_JUNCTION_01']
  HIT SRR25710505: 2 baits >= 0.7 ['ECBAIT_10_0002_MEMBER_INTERIOR_01', 'ECBAIT_10_0057_MEMBER_INTERIOR_01']
  HIT SRR25710507: 7 baits >= 0.7 ['ECBAIT_0_0000_MEMBER_INTERIOR_01', 'ECBAIT_0_0014_MEMBER_INTERIOR_01', 'ECBAIT_0_0052_JUNCTION_01', 'ECBAIT_0_0054_MEMBER_INTERIOR_01']
  HIT SRR25710506: 8 baits >= 0.7 ['ECBAIT_0_0000_JUNCTION_02', 'ECBAIT_0_0000_MEMBER_INTERIOR_01', 'ECBAIT_0_0014_JUNCTION_02', 'ECBAIT_0_0014_MEMBER_INTERIOR_01']
  HIT SRR25710508: 5 baits >= 0.7 ['ECBAIT_0_0000_INTERIOR_MODULE_01', 'ECBAIT_0_0000_JUNCTION_02', 'ECBAIT_0_0000_MEMBER_INTERIOR_01', 'ECBAIT_10_0057_MEMBER_INTERIOR_01']
  HIT SRR25710509: 2 baits >= 0.7 ['ECBAIT_10_0057_MEMBER_INTERIOR_01', 'ECBAIT_10_0172_MEMBER_INTERIOR_01']
  HIT SRR25710511: 2 baits >= 0.7 ['ECBAIT_10_0057_MEMBER_INTERIOR_01', 'ECBAIT_10_0172_MEMBER_INTERIOR_01']
  HIT SRR25710510: 6 baits >= 0.7 ['ECBAIT_0_0000_MEMBER_INTERIOR_01', 'ECBAIT_0_0014_MEMBER_INTERIOR_01', 'ECBAIT_0_0052_JUNCTION_03', 'ECBAIT_0_0054_MEMBER_INTERIOR_01']
  HIT SRR25710512: 2 baits >= 0.7 ['ECBAIT_0_0000_JUNCTION_02', 'ECBAIT_0_0000_MEMBER_INTERIOR_01']
  HIT SRR25710513: 1 baits >= 0.7 ['ECBAIT_10_0057_MEMBER_INTERIOR_01']
  HIT SRR25710515: 6 baits >= 0.7 ['ECBAIT_0_0000_JUNCTION_02', 'ECBAIT_0_0000_MEMBER_INTERIOR_01', 'ECBAIT_0_0054_MEMBER_INTERIOR_01', 'ECBAIT_10_0057_MEMBER_INTERIOR_01']
  HIT SRR25710516: 1 baits >= 0.7 ['ECBAIT_10_0057_MEMBER_INTERIOR_01']
  HIT SRR25710519: 6 baits >= 0.7 ['ECBAIT_0_0000_JUNCTION_02', 'ECBAIT_0_0000_MEMBER_INTERIOR_01', 'ECBAIT_0_0014_JUNCTION_02', 'ECBAIT_0_0014_MEMBER_INTERIOR_01']
  HIT SRR25710518: 7 baits >= 0.7 ['ECBAIT_0_0000_INTERIOR_MODULE_01', 'ECBAIT_0_0000_JUNCTION_02', 'ECBAIT_0_0000_MEMBER_INTERIOR_01', 'ECBAIT_0_0046_MEMBER_INTERIOR_01']
  HIT SRR25710520: 2 baits >= 0.7 ['ECBAIT_10_0057_MEMBER_INTERIOR_01', 'ECBAIT_10_0172_MEMBER_INTERIOR_01']
  HIT SRR25710521: 2 baits >= 0.7 ['ECBAIT_10_0057_MEMBER_INTERIOR_01', 'ECBAIT_HOST_CONTROL_01']
  HIT SRR25710522: 4 baits >= 0.7 ['ECBAIT_0_0000_JUNCTION_02', 'ECBAIT_0_0000_MEMBER_INTERIOR_01', 'ECBAIT_10_0057_MEMBER_INTERIOR_01', 'ECBAIT_HOST_CONTROL_02']
  HIT SRR25710523: 4 baits >= 0.7 ['ECBAIT_0_0000_INTERIOR_MODULE_01', 'ECBAIT_0_0000_JUNCTION_02', 'ECBAIT_0_0000_MEMBER_INTERIOR_01', 'ECBAIT_HOST_CONTROL_02']
  HIT SRR25710524: 3 baits >= 0.7 ['ECBAIT_0_0000_JUNCTION_02', 'ECBAIT_0_0000_MEMBER_INTERIOR_01', 'ECBAIT_10_0057_MEMBER_INTERIOR_01']
  HIT SRR25710525: 1 baits >= 0.7 ['ECBAIT_10_0057_MEMBER_INTERIOR_01']
  HIT SRR25710526: 2 baits >= 0.7 ['ECBAIT_0_0000_JUNCTION_02', 'ECBAIT_10_0151_JUNCTION_03']
  HIT SRR25710527: 1 baits >= 0.7 ['ECBAIT_10_0057_MEMBER_INTERIOR_01']
  HIT SRR25710528: 4 baits >= 0.7 ['ECBAIT_0_0000_JUNCTION_02', 'ECBAIT_0_0000_MEMBER_INTERIOR_01', 'ECBAIT_10_0057_MEMBER_INTERIOR_01', 'ECBAIT_HOST_CONTROL_02']
  HIT SRR25710529: 7 baits >= 0.7 ['ECBAIT_0_0000_JUNCTION_02', 'ECBAIT_0_0000_MEMBER_INTERIOR_01', 'ECBAIT_0_0014_MEMBER_INTERIOR_01', 'ECBAIT_0_0054_MEMBER_INTERIOR_01']
  10100/11975 processed (2591 screened, 2469 hit-accessions) 1061s budget=4.1GB
  HIT SRR25710531: 2 baits >= 0.7 ['ECBAIT_10_0057_MEMBER_INTERIOR_01', 'ECBAIT_10_0172_MEMBER_INTERIOR_01']
  HIT SRR25710532: 5 baits >= 0.7 ['ECBAIT_0_0046_JUNCTION_01', 'ECBAIT_0_0046_MEMBER_INTERIOR_01', 'ECBAIT_10_0057_MEMBER_INTERIOR_01', 'ECBAIT_1_0022_JUNCTION_03']
  HIT SRR25710534: 3 baits >= 0.7 ['ECBAIT_0_0000_JUNCTION_02', 'ECBAIT_10_0057_MEMBER_INTERIOR_01', 'ECBAIT_HOST_CONTROL_02']
  HIT SRR25710535: 1 baits >= 0.7 ['ECBAIT_10_0057_MEMBER_INTERIOR_01']
  HIT SRR25710533: 6 baits >= 0.7 ['ECBAIT_0_0000_JUNCTION_02', 'ECBAIT_10_0057_MEMBER_INTERIOR_01', 'ECBAIT_10_0151_JUNCTION_03', 'ECBAIT_10_0172_MEMBER_INTERIOR_01']
  HIT SRR25710536: 1 baits >= 0.7 ['ECBAIT_10_0057_MEMBER_INTERIOR_01']
  HIT SRR25710538: 1 baits >= 0.7 ['ECBAIT_HOST_CONTROL_01']
  HIT SRR25710537: 5 baits >= 0.7 ['ECBAIT_0_0000_JUNCTION_02', 'ECBAIT_0_0000_MEMBER_INTERIOR_01', 'ECBAIT_10_0057_MEMBER_INTERIOR_01', 'ECBAIT_10_0172_MEMBER_INTERIOR_01']
  HIT SRR25710539: 2 baits >= 0.7 ['ECBAIT_10_0057_MEMBER_INTERIOR_01', 'ECBAIT_HOST_CONTROL_02']
  HIT SRR25710541: 2 baits >= 0.7 ['ECBAIT_10_0057_MEMBER_INTERIOR_01', 'ECBAIT_HOST_CONTROL_02']
  HIT SRR25710540: 1 baits >= 0.7 ['ECBAIT_10_0057_MEMBER_INTERIOR_01']
  HIT SRR25710543: 1 baits >= 0.7 ['ECBAIT_10_0057_MEMBER_INTERIOR_01']
  HIT SRR25710542: 2 baits >= 0.7 ['ECBAIT_10_0002_MEMBER_INTERIOR_01', 'ECBAIT_10_0057_MEMBER_INTERIOR_01']
  HIT SRR25710544: 5 baits >= 0.7 ['ECBAIT_0_0000_INTERIOR_MODULE_01', 'ECBAIT_0_0000_JUNCTION_02', 'ECBAIT_0_0000_MEMBER_INTERIOR_01', 'ECBAIT_10_0057_MEMBER_INTERIOR_01']
  HIT SRR25710545: 1 baits >= 0.7 ['ECBAIT_10_0057_MEMBER_INTERIOR_01']
  HIT SRR25710546: 4 baits >= 0.7 ['ECBAIT_0_0000_INTERIOR_MODULE_01', 'ECBAIT_0_0000_JUNCTION_02', 'ECBAIT_0_0000_MEMBER_INTERIOR_01', 'ECBAIT_10_0057_MEMBER_INTERIOR_01']
  HIT SRR25710547: 4 baits >= 0.7 ['ECBAIT_0_0000_JUNCTION_02', 'ECBAIT_0_0000_MEMBER_INTERIOR_01', 'ECBAIT_10_0057_MEMBER_INTERIOR_01', 'ECBAIT_HOST_CONTROL_02']
  HIT SRR25710548: 2 baits >= 0.7 ['ECBAIT_0_0000_MEMBER_INTERIOR_01', 'ECBAIT_10_0057_MEMBER_INTERIOR_01']
  HIT SRR25710549: 3 baits >= 0.7 ['ECBAIT_10_0002_MEMBER_INTERIOR_01', 'ECBAIT_10_0057_MEMBER_INTERIOR_01', 'ECBAIT_10_0172_MEMBER_INTERIOR_01']
  HIT SRR25710551: 1 baits >= 0.7 ['ECBAIT_10_0057_MEMBER_INTERIOR_01']
  HIT SRR25710550: 4 baits >= 0.7 ['ECBAIT_0_0000_JUNCTION_02', 'ECBAIT_0_0000_MEMBER_INTERIOR_01', 'ECBAIT_10_0172_MEMBER_INTERIOR_01', 'ECBAIT_HOST_CONTROL_02']
  HIT SRR25710552: 4 baits >= 0.7 ['ECBAIT_0_0046_MEMBER_INTERIOR_01', 'ECBAIT_10_0057_MEMBER_INTERIOR_01', 'ECBAIT_1_0022_JUNCTION_02', 'ECBAIT_1_0022_JUNCTION_03']
  HIT SRR25710553: 2 baits >= 0.7 ['ECBAIT_10_0002_JUNCTION_02', 'ECBAIT_10_0057_MEMBER_INTERIOR_01']
  HIT SRR25710554: 4 baits >= 0.7 ['ECBAIT_0_0000_MEMBER_INTERIOR_01', 'ECBAIT_0_0046_MEMBER_INTERIOR_01', 'ECBAIT_10_0057_MEMBER_INTERIOR_01', 'ECBAIT_HOST_CONTROL_02']
  HIT SRR25710555: 2 baits >= 0.7 ['ECBAIT_10_0002_MEMBER_INTERIOR_01', 'ECBAIT_10_0057_MEMBER_INTERIOR_01']
  HIT SRR25710556: 1 baits >= 0.7 ['ECBAIT_HOST_CONTROL_01']
  HIT SRR25710558: 3 baits >= 0.7 ['ECBAIT_0_0052_JUNCTION_03', 'ECBAIT_10_0057_MEMBER_INTERIOR_01', 'ECBAIT_HOST_CONTROL_02']
  HIT SRR25710557: 1 baits >= 0.7 ['ECBAIT_10_0057_MEMBER_INTERIOR_01']
  HIT SRR25710559: 4 baits >= 0.7 ['ECBAIT_0_0000_JUNCTION_02', 'ECBAIT_0_0000_MEMBER_INTERIOR_01', 'ECBAIT_10_0057_MEMBER_INTERIOR_01', 'ECBAIT_HOST_CONTROL_02']
  HIT SRR25710560: 2 baits >= 0.7 ['ECBAIT_10_0057_MEMBER_INTERIOR_01', 'ECBAIT_HOST_CONTROL_02']
  HIT SRR25710563: 3 baits >= 0.7 ['ECBAIT_10_0057_MEMBER_INTERIOR_01', 'ECBAIT_1_0004_MEMBER_INTERIOR_01', 'ECBAIT_HOST_CONTROL_02']
  HIT SRR25710562: 3 baits >= 0.7 ['ECBAIT_0_0000_JUNCTION_02', 'ECBAIT_0_0000_MEMBER_INTERIOR_01', 'ECBAIT_HOST_CONTROL_02']
  HIT SRR25710561: 5 baits >= 0.7 ['ECBAIT_0_0000_INTERIOR_MODULE_01', 'ECBAIT_0_0000_JUNCTION_02', 'ECBAIT_0_0000_MEMBER_INTERIOR_01', 'ECBAIT_10_0057_MEMBER_INTERIOR_01']
  HIT SRR25710564: 2 baits >= 0.7 ['ECBAIT_10_0057_MEMBER_INTERIOR_01', 'ECBAIT_HOST_CONTROL_02']
  HIT SRR25710565: 5 baits >= 0.7 ['ECBAIT_0_0000_INTERIOR_MODULE_01', 'ECBAIT_0_0000_JUNCTION_02', 'ECBAIT_0_0000_MEMBER_INTERIOR_01', 'ECBAIT_10_0057_MEMBER_INTERIOR_01']
  HIT SRR25710566: 1 baits >= 0.7 ['ECBAIT_HOST_CONTROL_01']
  HIT SRR25710567: 1 baits >= 0.7 ['ECBAIT_1_0004_JUNCTION_01']
  HIT SRR25710568: 2 baits >= 0.7 ['ECBAIT_10_0057_MEMBER_INTERIOR_01', 'ECBAIT_HOST_CONTROL_02']
  HIT SRR25710569: 4 baits >= 0.7 ['ECBAIT_0_0000_JUNCTION_02', 'ECBAIT_0_0000_MEMBER_INTERIOR_01', 'ECBAIT_10_0057_MEMBER_INTERIOR_01', 'ECBAIT_HOST_CONTROL_02']
  HIT SRR25710571: 1 baits >= 0.7 ['ECBAIT_0_0000_JUNCTION_02']
  HIT SRR25710570: 3 baits >= 0.7 ['ECBAIT_0_0000_JUNCTION_02', 'ECBAIT_0_0000_MEMBER_INTERIOR_01', 'ECBAIT_10_0057_MEMBER_INTERIOR_01']
  HIT SRR25710572: 1 baits >= 0.7 ['ECBAIT_10_0057_MEMBER_INTERIOR_01']
  HIT SRR25710573: 10 baits >= 0.7 ['ECBAIT_0_0000_INTERIOR_MODULE_01', 'ECBAIT_0_0000_JUNCTION_02', 'ECBAIT_0_0000_MEMBER_INTERIOR_01', 'ECBAIT_0_0046_MEMBER_INTERIOR_01']
  HIT SRR25710574: 2 baits >= 0.7 ['ECBAIT_0_0000_JUNCTION_02', 'ECBAIT_HOST_CONTROL_01']
  HIT SRR25710575: 2 baits >= 0.7 ['ECBAIT_0_0000_JUNCTION_02', 'ECBAIT_1_0004_JUNCTION_01']
  HIT SRR25710576: 7 baits >= 0.7 ['ECBAIT_0_0000_INTERIOR_MODULE_01', 'ECBAIT_0_0000_JUNCTION_02', 'ECBAIT_0_0000_MEMBER_INTERIOR_01', 'ECBAIT_0_0046_MEMBER_INTERIOR_01']
  HIT SRR25710579: 2 baits >= 0.7 ['ECBAIT_10_0057_MEMBER_INTERIOR_01', 'ECBAIT_HOST_CONTROL_02']
  HIT SRR25710578: 2 baits >= 0.7 ['ECBAIT_10_0057_MEMBER_INTERIOR_01', 'ECBAIT_HOST_CONTROL_02']
  10150/11975 processed (2641 screened, 2517 hit-accessions) 1078s budget=4.1GB
  HIT SRR25710581: 2 baits >= 0.7 ['ECBAIT_10_0172_MEMBER_INTERIOR_01', 'ECBAIT_HOST_CONTROL_01']
  HIT SRR25710582: 2 baits >= 0.7 ['ECBAIT_10_0057_MEMBER_INTERIOR_01', 'ECBAIT_HOST_CONTROL_02']
  HIT SRR25710584: 8 baits >= 0.7 ['ECBAIT_0_0000_JUNCTION_02', 'ECBAIT_0_0000_MEMBER_INTERIOR_01', 'ECBAIT_0_0014_MEMBER_INTERIOR_01', 'ECBAIT_0_0052_JUNCTION_03']
  HIT SRR25710586: 5 baits >= 0.7 ['ECBAIT_0_0000_INTERIOR_MODULE_01', 'ECBAIT_0_0000_JUNCTION_02', 'ECBAIT_0_0000_MEMBER_INTERIOR_01', 'ECBAIT_10_0057_MEMBER_INTERIOR_01']
  HIT SRR25710587: 5 baits >= 0.7 ['ECBAIT_0_0000_INTERIOR_MODULE_01', 'ECBAIT_0_0000_JUNCTION_02', 'ECBAIT_0_0000_MEMBER_INTERIOR_01', 'ECBAIT_10_0057_MEMBER_INTERIOR_01']
  HIT SRR25710585: 1 baits >= 0.7 ['ECBAIT_10_0057_MEMBER_INTERIOR_01']
  HIT SRR25710588: 1 baits >= 0.7 ['ECBAIT_10_0057_MEMBER_INTERIOR_01']
  HIT SRR25710589: 7 baits >= 0.7 ['ECBAIT_0_0000_INTERIOR_MODULE_01', 'ECBAIT_0_0000_JUNCTION_02', 'ECBAIT_0_0000_MEMBER_INTERIOR_01', 'ECBAIT_0_0046_MEMBER_INTERIOR_01']
  HIT SRR25710591: 2 baits >= 0.7 ['ECBAIT_10_0057_MEMBER_INTERIOR_01', 'ECBAIT_10_0172_MEMBER_INTERIOR_01']
  HIT SRR25710590: 8 baits >= 0.7 ['ECBAIT_0_0000_JUNCTION_02', 'ECBAIT_0_0000_MEMBER_INTERIOR_01', 'ECBAIT_0_0014_MEMBER_INTERIOR_01', 'ECBAIT_0_0052_JUNCTION_01']
  HIT SRR25710592: 3 baits >= 0.7 ['ECBAIT_0_0000_JUNCTION_02', 'ECBAIT_10_0057_MEMBER_INTERIOR_01', 'ECBAIT_10_0151_JUNCTION_03']
  HIT SRR25710593: 2 baits >= 0.7 ['ECBAIT_10_0057_MEMBER_INTERIOR_01', 'ECBAIT_HOST_CONTROL_02']
  HIT SRR25710594: 3 baits >= 0.7 ['ECBAIT_10_0002_JUNCTION_01', 'ECBAIT_10_0057_MEMBER_INTERIOR_01', 'ECBAIT_HOST_CONTROL_01']
  HIT SRR25710595: 2 baits >= 0.7 ['ECBAIT_10_0151_JUNCTION_03', 'ECBAIT_1_0004_JUNCTION_02']
  HIT SRR25710596: 2 baits >= 0.7 ['ECBAIT_0_0000_JUNCTION_02', 'ECBAIT_10_0057_MEMBER_INTERIOR_01']
  HIT SRR25710597: 5 baits >= 0.7 ['ECBAIT_0_0000_INTERIOR_MODULE_01', 'ECBAIT_0_0000_JUNCTION_02', 'ECBAIT_0_0000_MEMBER_INTERIOR_01', 'ECBAIT_10_0057_MEMBER_INTERIOR_01']
  HIT SRR25710598: 1 baits >= 0.7 ['ECBAIT_10_0057_MEMBER_INTERIOR_01']
  HIT SRR25710599: 5 baits >= 0.7 ['ECBAIT_0_0000_JUNCTION_02', 'ECBAIT_0_0000_MEMBER_INTERIOR_01', 'ECBAIT_10_0057_MEMBER_INTERIOR_01', 'ECBAIT_10_0172_MEMBER_INTERIOR_01']
  HIT SRR25710600: 1 baits >= 0.7 ['ECBAIT_HOST_CONTROL_02']
  HIT SRR25710601: 2 baits >= 0.7 ['ECBAIT_10_0002_JUNCTION_01', 'ECBAIT_10_0057_MEMBER_INTERIOR_01']
  HIT SRR25710602: 5 baits >= 0.7 ['ECBAIT_0_0000_JUNCTION_02', 'ECBAIT_0_0000_MEMBER_INTERIOR_01', 'ECBAIT_10_0002_JUNCTION_01', 'ECBAIT_10_0057_MEMBER_INTERIOR_01']
  HIT SRR25710603: 5 baits >= 0.7 ['ECBAIT_0_0000_INTERIOR_MODULE_01', 'ECBAIT_0_0000_JUNCTION_02', 'ECBAIT_0_0000_MEMBER_INTERIOR_01', 'ECBAIT_10_0057_MEMBER_INTERIOR_01']
  HIT SRR25710604: 2 baits >= 0.7 ['ECBAIT_10_0002_JUNCTION_01', 'ECBAIT_HOST_CONTROL_01']
  HIT SRR25710605: 4 baits >= 0.7 ['ECBAIT_0_0000_JUNCTION_02', 'ECBAIT_0_0000_MEMBER_INTERIOR_01', 'ECBAIT_10_0057_MEMBER_INTERIOR_01', 'ECBAIT_HOST_CONTROL_02']
  HIT SRR25710606: 2 baits >= 0.7 ['ECBAIT_10_0057_MEMBER_INTERIOR_01', 'ECBAIT_HOST_CONTROL_02']
  HIT SRR25710607: 1 baits >= 0.7 ['ECBAIT_0_0046_MEMBER_INTERIOR_01']
  HIT SRR25710608: 5 baits >= 0.7 ['ECBAIT_0_0000_INTERIOR_MODULE_01', 'ECBAIT_0_0000_JUNCTION_02', 'ECBAIT_0_0000_MEMBER_INTERIOR_01', 'ECBAIT_10_0057_MEMBER_INTERIOR_01']
  HIT SRR25710609: 2 baits >= 0.7 ['ECBAIT_10_0057_MEMBER_INTERIOR_01', 'ECBAIT_HOST_CONTROL_02']
  HIT SRR25710610: 2 baits >= 0.7 ['ECBAIT_10_0057_MEMBER_INTERIOR_01', 'ECBAIT_HOST_CONTROL_02']
  HIT SRR25710611: 2 baits >= 0.7 ['ECBAIT_10_0057_MEMBER_INTERIOR_01', 'ECBAIT_HOST_CONTROL_02']
  HIT SRR25710612: 5 baits >= 0.7 ['ECBAIT_0_0000_INTERIOR_MODULE_01', 'ECBAIT_0_0000_JUNCTION_02', 'ECBAIT_0_0000_MEMBER_INTERIOR_01', 'ECBAIT_10_0057_MEMBER_INTERIOR_01']
  HIT SRR25710613: 4 baits >= 0.7 ['ECBAIT_0_0000_JUNCTION_02', 'ECBAIT_0_0000_MEMBER_INTERIOR_01', 'ECBAIT_10_0057_MEMBER_INTERIOR_01', 'ECBAIT_HOST_CONTROL_02']
  HIT SRR25710614: 3 baits >= 0.7 ['ECBAIT_0_0054_MEMBER_INTERIOR_01', 'ECBAIT_10_0057_MEMBER_INTERIOR_01', 'ECBAIT_HOST_CONTROL_02']
  HIT SRR25710616: 2 baits >= 0.7 ['ECBAIT_10_0057_MEMBER_INTERIOR_01', 'ECBAIT_HOST_CONTROL_01']
  HIT SRR25710617: 1 baits >= 0.7 ['ECBAIT_10_0057_MEMBER_INTERIOR_01']
  HIT SRR25710618: 2 baits >= 0.7 ['ECBAIT_10_0057_MEMBER_INTERIOR_01', 'ECBAIT_HOST_CONTROL_02']
  HIT SRR25710619: 7 baits >= 0.7 ['ECBAIT_0_0000_INTERIOR_MODULE_01', 'ECBAIT_0_0000_JUNCTION_02', 'ECBAIT_0_0000_MEMBER_INTERIOR_01', 'ECBAIT_10_0002_JUNCTION_01']
  HIT SRR25710620: 3 baits >= 0.7 ['ECBAIT_10_0002_MEMBER_INTERIOR_01', 'ECBAIT_10_0057_MEMBER_INTERIOR_01', 'ECBAIT_10_0172_MEMBER_INTERIOR_01']
  HIT SRR25710621: 2 baits >= 0.7 ['ECBAIT_10_0057_MEMBER_INTERIOR_01', 'ECBAIT_10_0172_MEMBER_INTERIOR_01']
  HIT SRR25710623: 6 baits >= 0.7 ['ECBAIT_0_0000_INTERIOR_MODULE_01', 'ECBAIT_0_0000_JUNCTION_02', 'ECBAIT_0_0000_MEMBER_INTERIOR_01', 'ECBAIT_10_0057_MEMBER_INTERIOR_01']
  HIT SRR25710622: 4 baits >= 0.7 ['ECBAIT_0_0000_JUNCTION_02', 'ECBAIT_10_0057_MEMBER_INTERIOR_01', 'ECBAIT_10_0172_MEMBER_INTERIOR_01', 'ECBAIT_HOST_CONTROL_02']
  HIT SRR25710624: 1 baits >= 0.7 ['ECBAIT_10_0057_MEMBER_INTERIOR_01']
  HIT SRR25710625: 5 baits >= 0.7 ['ECBAIT_0_0000_INTERIOR_MODULE_01', 'ECBAIT_0_0000_JUNCTION_02', 'ECBAIT_0_0000_MEMBER_INTERIOR_01', 'ECBAIT_10_0057_MEMBER_INTERIOR_01']
  HIT SRR25710626: 1 baits >= 0.7 ['ECBAIT_10_0057_MEMBER_INTERIOR_01']
  HIT SRR25710627: 1 baits >= 0.7 ['ECBAIT_10_0057_MEMBER_INTERIOR_01']
  HIT SRR25710628: 3 baits >= 0.7 ['ECBAIT_0_0000_JUNCTION_02', 'ECBAIT_0_0000_MEMBER_INTERIOR_01', 'ECBAIT_10_0057_MEMBER_INTERIOR_01']
  HIT SRR25710629: 3 baits >= 0.7 ['ECBAIT_10_0057_MEMBER_INTERIOR_01', 'ECBAIT_10_0172_MEMBER_INTERIOR_01', 'ECBAIT_HOST_CONTROL_01']
  HIT SRR25710631: 1 baits >= 0.7 ['ECBAIT_10_0057_MEMBER_INTERIOR_01']
  10200/11975 processed (2691 screened, 2565 hit-accessions) 1094s budget=4.2GB
  HIT SRR25710630: 3 baits >= 0.7 ['ECBAIT_10_0057_MEMBER_INTERIOR_01', 'ECBAIT_10_0172_MEMBER_INTERIOR_01', 'ECBAIT_HOST_CONTROL_01']
  HIT SRR25710633: 4 baits >= 0.7 ['ECBAIT_0_0000_JUNCTION_02', 'ECBAIT_0_0000_MEMBER_INTERIOR_01', 'ECBAIT_0_0054_MEMBER_INTERIOR_01', 'ECBAIT_HOST_CONTROL_02']
  HIT SRR25710632: 2 baits >= 0.7 ['ECBAIT_10_0057_MEMBER_INTERIOR_01', 'ECBAIT_10_0172_MEMBER_INTERIOR_01']
  HIT SRR25710635: 2 baits >= 0.7 ['ECBAIT_10_0057_MEMBER_INTERIOR_01', 'ECBAIT_10_0172_MEMBER_INTERIOR_01']
  HIT SRR25710634: 3 baits >= 0.7 ['ECBAIT_0_0000_JUNCTION_02', 'ECBAIT_10_0057_MEMBER_INTERIOR_01', 'ECBAIT_HOST_CONTROL_02']
  HIT SRR25710636: 4 baits >= 0.7 ['ECBAIT_10_0002_JUNCTION_01', 'ECBAIT_10_0002_JUNCTION_02', 'ECBAIT_10_0002_MEMBER_INTERIOR_01', 'ECBAIT_10_0057_MEMBER_INTERIOR_01']
  HIT SRR25710637: 4 baits >= 0.7 ['ECBAIT_10_0002_JUNCTION_01', 'ECBAIT_10_0002_JUNCTION_02', 'ECBAIT_10_0002_MEMBER_INTERIOR_01', 'ECBAIT_10_0057_MEMBER_INTERIOR_01']
  HIT SRR25710639: 4 baits >= 0.7 ['ECBAIT_10_0002_JUNCTION_01', 'ECBAIT_10_0002_JUNCTION_02', 'ECBAIT_10_0002_MEMBER_INTERIOR_01', 'ECBAIT_10_0057_MEMBER_INTERIOR_01']
  HIT SRR25710640: 4 baits >= 0.7 ['ECBAIT_10_0002_JUNCTION_01', 'ECBAIT_10_0002_JUNCTION_02', 'ECBAIT_10_0002_MEMBER_INTERIOR_01', 'ECBAIT_10_0057_MEMBER_INTERIOR_01']
  HIT SRR25710641: 2 baits >= 0.7 ['ECBAIT_10_0057_MEMBER_INTERIOR_01', 'ECBAIT_10_0172_MEMBER_INTERIOR_01']
  HIT SRR25710642: 2 baits >= 0.7 ['ECBAIT_0_0000_JUNCTION_02', 'ECBAIT_10_0057_MEMBER_INTERIOR_01']
  HIT SRR25710643: 4 baits >= 0.7 ['ECBAIT_10_0002_JUNCTION_01', 'ECBAIT_10_0002_JUNCTION_02', 'ECBAIT_10_0002_MEMBER_INTERIOR_01', 'ECBAIT_10_0057_MEMBER_INTERIOR_01']
  HIT SRR25710644: 2 baits >= 0.7 ['ECBAIT_10_0057_MEMBER_INTERIOR_01', 'ECBAIT_10_0172_MEMBER_INTERIOR_01']
  HIT SRR25710646: 4 baits >= 0.7 ['ECBAIT_10_0002_JUNCTION_01', 'ECBAIT_10_0002_JUNCTION_02', 'ECBAIT_10_0002_MEMBER_INTERIOR_01', 'ECBAIT_10_0057_MEMBER_INTERIOR_01']
  HIT SRR25710647: 4 baits >= 0.7 ['ECBAIT_10_0002_JUNCTION_01', 'ECBAIT_10_0002_JUNCTION_02', 'ECBAIT_10_0002_MEMBER_INTERIOR_01', 'ECBAIT_10_0057_MEMBER_INTERIOR_01']
  HIT SRR25710645: 1 baits >= 0.7 ['ECBAIT_0_0000_JUNCTION_02']
  HIT SRR25710648: 2 baits >= 0.7 ['ECBAIT_10_0002_MEMBER_INTERIOR_01', 'ECBAIT_10_0057_MEMBER_INTERIOR_01']
  HIT SRR25710649: 1 baits >= 0.7 ['ECBAIT_10_0057_MEMBER_INTERIOR_01']
  HIT SRR25710650: 4 baits >= 0.7 ['ECBAIT_10_0002_JUNCTION_01', 'ECBAIT_10_0002_JUNCTION_02', 'ECBAIT_10_0002_MEMBER_INTERIOR_01', 'ECBAIT_10_0057_MEMBER_INTERIOR_01']
  HIT SRR25710651: 4 baits >= 0.7 ['ECBAIT_10_0002_JUNCTION_01', 'ECBAIT_10_0002_JUNCTION_02', 'ECBAIT_10_0002_MEMBER_INTERIOR_01', 'ECBAIT_10_0057_MEMBER_INTERIOR_01']
  HIT SRR25710652: 3 baits >= 0.7 ['ECBAIT_10_0002_JUNCTION_01', 'ECBAIT_10_0002_MEMBER_INTERIOR_01', 'ECBAIT_10_0057_MEMBER_INTERIOR_01']
  HIT SRR25710653: 5 baits >= 0.7 ['ECBAIT_0_0000_INTERIOR_MODULE_01', 'ECBAIT_0_0000_JUNCTION_02', 'ECBAIT_0_0000_MEMBER_INTERIOR_01', 'ECBAIT_10_0002_MEMBER_INTERIOR_01']
  HIT SRR25710655: 1 baits >= 0.7 ['ECBAIT_10_0057_MEMBER_INTERIOR_01']
  HIT SRR25710654: 2 baits >= 0.7 ['ECBAIT_10_0002_MEMBER_INTERIOR_01', 'ECBAIT_10_0057_MEMBER_INTERIOR_01']
  HIT SRR25710656: 4 baits >= 0.7 ['ECBAIT_0_0052_JUNCTION_03', 'ECBAIT_10_0002_JUNCTION_02', 'ECBAIT_10_0172_MEMBER_INTERIOR_01', 'ECBAIT_1_0004_JUNCTION_02']
  HIT SRR25710659: 3 baits >= 0.7 ['ECBAIT_10_0002_JUNCTION_01', 'ECBAIT_10_0002_JUNCTION_02', 'ECBAIT_10_0057_MEMBER_INTERIOR_01']
  HIT SRR25710657: 1 baits >= 0.7 ['ECBAIT_10_0057_MEMBER_INTERIOR_01']
  HIT SRR25710658: 2 baits >= 0.7 ['ECBAIT_0_0054_MEMBER_INTERIOR_01', 'ECBAIT_10_0057_MEMBER_INTERIOR_01']
  HIT SRR25710660: 8 baits >= 0.7 ['ECBAIT_0_0000_JUNCTION_02', 'ECBAIT_0_0000_MEMBER_INTERIOR_01', 'ECBAIT_0_0014_JUNCTION_02', 'ECBAIT_0_0014_MEMBER_INTERIOR_01']
  HIT SRR25710661: 2 baits >= 0.7 ['ECBAIT_0_0000_JUNCTION_02', 'ECBAIT_0_0000_MEMBER_INTERIOR_01']
  HIT SRR25710662: 5 baits >= 0.7 ['ECBAIT_0_0000_INTERIOR_MODULE_01', 'ECBAIT_0_0000_JUNCTION_02', 'ECBAIT_0_0000_MEMBER_INTERIOR_01', 'ECBAIT_10_0057_MEMBER_INTERIOR_01']
  HIT SRR25710663: 2 baits >= 0.7 ['ECBAIT_10_0057_MEMBER_INTERIOR_01', 'ECBAIT_10_0172_MEMBER_INTERIOR_01']
  HIT SRR25710664: 1 baits >= 0.7 ['ECBAIT_10_0057_MEMBER_INTERIOR_01']
  HIT SRR25710665: 3 baits >= 0.7 ['ECBAIT_10_0002_JUNCTION_01', 'ECBAIT_10_0002_MEMBER_INTERIOR_01', 'ECBAIT_10_0057_MEMBER_INTERIOR_01']
  HIT SRR25710666: 4 baits >= 0.7 ['ECBAIT_0_0000_JUNCTION_02', 'ECBAIT_10_0002_JUNCTION_02', 'ECBAIT_10_0057_MEMBER_INTERIOR_01', 'ECBAIT_10_0151_JUNCTION_03']
  HIT SRR25710667: 1 baits >= 0.7 ['ECBAIT_10_0057_MEMBER_INTERIOR_01']
  HIT SRR25710668: 3 baits >= 0.7 ['ECBAIT_10_0002_MEMBER_INTERIOR_01', 'ECBAIT_10_0057_MEMBER_INTERIOR_01', 'ECBAIT_HOST_CONTROL_01']
  HIT SRR25710671: 1 baits >= 0.7 ['ECBAIT_10_0057_MEMBER_INTERIOR_01']
  HIT SRR25710670: 1 baits >= 0.7 ['ECBAIT_10_0057_MEMBER_INTERIOR_01']
  HIT SRR25710673: 2 baits >= 0.7 ['ECBAIT_10_0057_MEMBER_INTERIOR_01', 'ECBAIT_HOST_CONTROL_01']
  HIT SRR25710672: 1 baits >= 0.7 ['ECBAIT_HOST_CONTROL_01']
  HIT SRR25710675: 1 baits >= 0.7 ['ECBAIT_10_0057_MEMBER_INTERIOR_01']
  HIT SRR25710674: 1 baits >= 0.7 ['ECBAIT_10_0057_MEMBER_INTERIOR_01']
  HIT SRR25710676: 1 baits >= 0.7 ['ECBAIT_10_0057_MEMBER_INTERIOR_01']
  HIT SRR25710677: 1 baits >= 0.7 ['ECBAIT_10_0057_MEMBER_INTERIOR_01']
  HIT SRR25710678: 1 baits >= 0.7 ['ECBAIT_10_0057_MEMBER_INTERIOR_01']
  HIT SRR25710679: 2 baits >= 0.7 ['ECBAIT_0_0054_MEMBER_INTERIOR_01', 'ECBAIT_10_0057_MEMBER_INTERIOR_01']
  HIT SRR25710680: 2 baits >= 0.7 ['ECBAIT_0_0000_MEMBER_INTERIOR_01', 'ECBAIT_HOST_CONTROL_02']
  10250/11975 processed (2741 screened, 2613 hit-accessions) 1110s budget=4.3GB
  HIT SRR25710681: 2 baits >= 0.7 ['ECBAIT_0_0054_MEMBER_INTERIOR_01', 'ECBAIT_10_0057_MEMBER_INTERIOR_01']
  HIT SRR25710682: 2 baits >= 0.7 ['ECBAIT_10_0002_MEMBER_INTERIOR_01', 'ECBAIT_10_0057_MEMBER_INTERIOR_01']
  HIT SRR25710683: 2 baits >= 0.7 ['ECBAIT_0_0054_MEMBER_INTERIOR_01', 'ECBAIT_10_0038_MEMBER_INTERIOR_01']
  HIT SRR25710684: 1 baits >= 0.7 ['ECBAIT_HOST_CONTROL_01']
  HIT SRR25710685: 1 baits >= 0.7 ['ECBAIT_10_0057_MEMBER_INTERIOR_01']
  HIT SRR25710687: 2 baits >= 0.7 ['ECBAIT_10_0151_JUNCTION_03', 'ECBAIT_1_0004_JUNCTION_02']
  HIT SRR25710689: 1 baits >= 0.7 ['ECBAIT_10_0057_MEMBER_INTERIOR_01']
  HIT SRR25710691: 1 baits >= 0.7 ['ECBAIT_10_0057_MEMBER_INTERIOR_01']
  HIT SRR25710693: 3 baits >= 0.7 ['ECBAIT_10_0002_JUNCTION_01', 'ECBAIT_10_0002_JUNCTION_02', 'ECBAIT_HOST_CONTROL_01']
  HIT SRR25710695: 7 baits >= 0.7 ['ECBAIT_0_0000_INTERIOR_MODULE_01', 'ECBAIT_0_0000_JUNCTION_02', 'ECBAIT_0_0000_MEMBER_INTERIOR_01', 'ECBAIT_10_0002_JUNCTION_01']
  HIT SRR25710696: 3 baits >= 0.7 ['ECBAIT_10_0002_JUNCTION_01', 'ECBAIT_10_0057_MEMBER_INTERIOR_01', 'ECBAIT_HOST_CONTROL_01']
  HIT SRR25710697: 2 baits >= 0.7 ['ECBAIT_10_0002_MEMBER_INTERIOR_01', 'ECBAIT_10_0057_MEMBER_INTERIOR_01']
  HIT SRR25710698: 1 baits >= 0.7 ['ECBAIT_10_0057_MEMBER_INTERIOR_01']
  HIT SRR25710699: 2 baits >= 0.7 ['ECBAIT_0_0000_MEMBER_INTERIOR_01', 'ECBAIT_10_0057_MEMBER_INTERIOR_01']
  HIT SRR25710701: 6 baits >= 0.7 ['ECBAIT_10_0002_JUNCTION_01', 'ECBAIT_10_0002_JUNCTION_02', 'ECBAIT_10_0057_INTERIOR_MODULE_01', 'ECBAIT_10_0057_JUNCTION_03']
  HIT SRR25710702: 6 baits >= 0.7 ['ECBAIT_10_0002_JUNCTION_01', 'ECBAIT_10_0002_JUNCTION_02', 'ECBAIT_10_0057_INTERIOR_MODULE_01', 'ECBAIT_10_0057_JUNCTION_03']
  HIT SRR25710703: 2 baits >= 0.7 ['ECBAIT_10_0057_MEMBER_INTERIOR_01', 'ECBAIT_10_0172_MEMBER_INTERIOR_01']
  HIT SRR25710704: 3 baits >= 0.7 ['ECBAIT_10_0002_JUNCTION_02', 'ECBAIT_10_0057_MEMBER_INTERIOR_01', 'ECBAIT_HOST_CONTROL_01']
  HIT SRR25710705: 1 baits >= 0.7 ['ECBAIT_HOST_CONTROL_01']
  HIT SRR25710707: 3 baits >= 0.7 ['ECBAIT_10_0002_JUNCTION_01', 'ECBAIT_10_0057_MEMBER_INTERIOR_01', 'ECBAIT_HOST_CONTROL_01']
  HIT SRR25710709: 2 baits >= 0.7 ['ECBAIT_10_0057_MEMBER_INTERIOR_01', 'ECBAIT_HOST_CONTROL_01']
  HIT SRR25710710: 2 baits >= 0.7 ['ECBAIT_10_0057_MEMBER_INTERIOR_01', 'ECBAIT_10_0172_MEMBER_INTERIOR_01']
  HIT SRR25710711: 3 baits >= 0.7 ['ECBAIT_10_0002_JUNCTION_01', 'ECBAIT_10_0057_MEMBER_INTERIOR_01', 'ECBAIT_HOST_CONTROL_01']
  HIT SRR25710713: 7 baits >= 0.7 ['ECBAIT_0_0000_INTERIOR_MODULE_01', 'ECBAIT_0_0000_JUNCTION_02', 'ECBAIT_0_0000_MEMBER_INTERIOR_01', 'ECBAIT_10_0002_JUNCTION_01']
  HIT SRR25710714: 2 baits >= 0.7 ['ECBAIT_10_0057_MEMBER_INTERIOR_01', 'ECBAIT_HOST_CONTROL_02']
  HIT SRR25710715: 4 baits >= 0.7 ['ECBAIT_0_0000_JUNCTION_02', 'ECBAIT_0_0000_MEMBER_INTERIOR_01', 'ECBAIT_10_0057_MEMBER_INTERIOR_01', 'ECBAIT_HOST_CONTROL_02']
  HIT SRR25710716: 1 baits >= 0.7 ['ECBAIT_10_0057_MEMBER_INTERIOR_01']
  HIT SRR25710718: 2 baits >= 0.7 ['ECBAIT_10_0057_MEMBER_INTERIOR_01', 'ECBAIT_10_0172_MEMBER_INTERIOR_01']
  HIT SRR25710719: 2 baits >= 0.7 ['ECBAIT_0_0000_JUNCTION_02', 'ECBAIT_10_0151_JUNCTION_03']
  HIT SRR25710720: 7 baits >= 0.7 ['ECBAIT_0_0000_JUNCTION_02', 'ECBAIT_0_0000_MEMBER_INTERIOR_01', 'ECBAIT_0_0052_JUNCTION_01', 'ECBAIT_0_0054_MEMBER_INTERIOR_01']
  HIT SRR25710721: 8 baits >= 0.7 ['ECBAIT_0_0000_JUNCTION_02', 'ECBAIT_0_0000_MEMBER_INTERIOR_01', 'ECBAIT_0_0052_JUNCTION_01', 'ECBAIT_0_0054_MEMBER_INTERIOR_01']
  HIT SRR25710723: 1 baits >= 0.7 ['ECBAIT_10_0057_MEMBER_INTERIOR_01']
  HIT SRR25710724: 1 baits >= 0.7 ['ECBAIT_HOST_CONTROL_01']
  HIT SRR25710725: 2 baits >= 0.7 ['ECBAIT_10_0151_JUNCTION_03', 'ECBAIT_1_0004_JUNCTION_02']
  HIT SRR25710727: 1 baits >= 0.7 ['ECBAIT_10_0057_MEMBER_INTERIOR_01']
  HIT SRR25710726: 9 baits >= 0.7 ['ECBAIT_0_0000_JUNCTION_02', 'ECBAIT_0_0000_MEMBER_INTERIOR_01', 'ECBAIT_0_0014_JUNCTION_02', 'ECBAIT_0_0014_MEMBER_INTERIOR_01']
  HIT SRR25710728: 3 baits >= 0.7 ['ECBAIT_10_0057_MEMBER_INTERIOR_01', 'ECBAIT_10_0172_MEMBER_INTERIOR_01', 'ECBAIT_HOST_CONTROL_01']
  HIT SRR25710729: 1 baits >= 0.7 ['ECBAIT_0_0000_JUNCTION_02']
  HIT SRR25710730: 3 baits >= 0.7 ['ECBAIT_10_0057_MEMBER_INTERIOR_01', 'ECBAIT_10_0172_MEMBER_INTERIOR_01', 'ECBAIT_HOST_CONTROL_01']
  10300/11975 processed (2791 screened, 2652 hit-accessions) 1125s budget=4.4GB
  HIT SRR25710731: 1 baits >= 0.7 ['ECBAIT_10_0057_MEMBER_INTERIOR_01']
  HIT SRR25710732: 1 baits >= 0.7 ['ECBAIT_10_0057_MEMBER_INTERIOR_01']
  HIT SRR25710733: 8 baits >= 0.7 ['ECBAIT_0_0000_JUNCTION_02', 'ECBAIT_0_0000_MEMBER_INTERIOR_01', 'ECBAIT_0_0014_MEMBER_INTERIOR_01', 'ECBAIT_0_0052_JUNCTION_01']
  HIT SRR25710735: 2 baits >= 0.7 ['ECBAIT_10_0002_MEMBER_INTERIOR_01', 'ECBAIT_10_0057_MEMBER_INTERIOR_01']
  HIT SRR25710736: 5 baits >= 0.7 ['ECBAIT_0_0000_INTERIOR_MODULE_01', 'ECBAIT_0_0000_JUNCTION_02', 'ECBAIT_0_0000_MEMBER_INTERIOR_01', 'ECBAIT_10_0057_MEMBER_INTERIOR_01']
  HIT SRR25710737: 1 baits >= 0.7 ['ECBAIT_1_0004_JUNCTION_01']
  HIT SRR25710738: 3 baits >= 0.7 ['ECBAIT_0_0000_JUNCTION_02', 'ECBAIT_0_0000_MEMBER_INTERIOR_01', 'ECBAIT_10_0057_MEMBER_INTERIOR_01']
  HIT SRR25710739: 2 baits >= 0.7 ['ECBAIT_10_0002_MEMBER_INTERIOR_01', 'ECBAIT_10_0057_MEMBER_INTERIOR_01']
  HIT SRR25710740: 2 baits >= 0.7 ['ECBAIT_10_0057_MEMBER_INTERIOR_01', 'ECBAIT_HOST_CONTROL_02']
  HIT SRR25710743: 7 baits >= 0.7 ['ECBAIT_0_0000_INTERIOR_MODULE_01', 'ECBAIT_0_0000_JUNCTION_02', 'ECBAIT_0_0000_MEMBER_INTERIOR_01', 'ECBAIT_10_0002_JUNCTION_01']
  HIT SRR25710741: 1 baits >= 0.7 ['ECBAIT_HOST_CONTROL_02']
  HIT SRR25710742: 2 baits >= 0.7 ['ECBAIT_10_0057_MEMBER_INTERIOR_01', 'ECBAIT_HOST_CONTROL_02']
  HIT SRR25710745: 1 baits >= 0.7 ['ECBAIT_10_0172_MEMBER_INTERIOR_01']
  HIT SRR25710747: 2 baits >= 0.7 ['ECBAIT_0_0000_MEMBER_INTERIOR_01', 'ECBAIT_10_0057_MEMBER_INTERIOR_01']
  HIT SRR25710746: 2 baits >= 0.7 ['ECBAIT_10_0057_MEMBER_INTERIOR_01', 'ECBAIT_HOST_CONTROL_02']
  HIT SRR25710748: 2 baits >= 0.7 ['ECBAIT_10_0057_MEMBER_INTERIOR_01', 'ECBAIT_HOST_CONTROL_02']
  HIT SRR25710751: 1 baits >= 0.7 ['ECBAIT_10_0057_MEMBER_INTERIOR_01']
  HIT SRR25710750: 5 baits >= 0.7 ['ECBAIT_0_0000_INTERIOR_MODULE_01', 'ECBAIT_0_0000_JUNCTION_02', 'ECBAIT_0_0000_MEMBER_INTERIOR_01', 'ECBAIT_10_0057_MEMBER_INTERIOR_01']
  HIT SRR25710752: 5 baits >= 0.7 ['ECBAIT_0_0000_JUNCTION_02', 'ECBAIT_0_0000_MEMBER_INTERIOR_01', 'ECBAIT_10_0057_MEMBER_INTERIOR_01', 'ECBAIT_10_0172_MEMBER_INTERIOR_01']
  HIT SRR25710753: 1 baits >= 0.7 ['ECBAIT_10_0002_JUNCTION_01']
  HIT SRR25710754: 1 baits >= 0.7 ['ECBAIT_10_0057_MEMBER_INTERIOR_01']
  HIT SRR25710756: 2 baits >= 0.7 ['ECBAIT_10_0057_MEMBER_INTERIOR_01', 'ECBAIT_HOST_CONTROL_02']
  HIT SRR25710757: 2 baits >= 0.7 ['ECBAIT_0_0071_INTERIOR_MODULE_01', 'ECBAIT_10_0057_MEMBER_INTERIOR_01']
  HIT SRR25710758: 3 baits >= 0.7 ['ECBAIT_0_0000_JUNCTION_02', 'ECBAIT_0_0000_MEMBER_INTERIOR_01', 'ECBAIT_10_0057_MEMBER_INTERIOR_01']
  HIT SRR25710759: 1 baits >= 0.7 ['ECBAIT_HOST_CONTROL_01']
  HIT SRR25710760: 5 baits >= 0.7 ['ECBAIT_0_0000_INTERIOR_MODULE_01', 'ECBAIT_0_0000_JUNCTION_02', 'ECBAIT_0_0000_MEMBER_INTERIOR_01', 'ECBAIT_10_0057_MEMBER_INTERIOR_01']
  HIT SRR25710761: 2 baits >= 0.7 ['ECBAIT_10_0057_MEMBER_INTERIOR_01', 'ECBAIT_10_0172_MEMBER_INTERIOR_01']
  HIT SRR25710762: 2 baits >= 0.7 ['ECBAIT_10_0002_MEMBER_INTERIOR_01', 'ECBAIT_10_0057_MEMBER_INTERIOR_01']
  HIT SRR25710763: 2 baits >= 0.7 ['ECBAIT_10_0057_MEMBER_INTERIOR_01', 'ECBAIT_HOST_CONTROL_01']
  HIT SRR25710764: 2 baits >= 0.7 ['ECBAIT_10_0057_MEMBER_INTERIOR_01', 'ECBAIT_10_0172_MEMBER_INTERIOR_01']
  HIT SRR25710765: 3 baits >= 0.7 ['ECBAIT_10_0057_MEMBER_INTERIOR_01', 'ECBAIT_1_0004_JUNCTION_02', 'ECBAIT_HOST_CONTROL_02']
  HIT SRR25710767: 3 baits >= 0.7 ['ECBAIT_0_0000_MEMBER_INTERIOR_01', 'ECBAIT_10_0057_MEMBER_INTERIOR_01', 'ECBAIT_HOST_CONTROL_01']
  HIT SRR25710766: 1 baits >= 0.7 ['ECBAIT_HOST_CONTROL_01']
  HIT SRR25710768: 1 baits >= 0.7 ['ECBAIT_10_0057_MEMBER_INTERIOR_01']
  HIT SRR25710769: 1 baits >= 0.7 ['ECBAIT_10_0057_MEMBER_INTERIOR_01']
  HIT SRR25710770: 2 baits >= 0.7 ['ECBAIT_10_0057_MEMBER_INTERIOR_01', 'ECBAIT_HOST_CONTROL_02']
  HIT SRR25710771: 4 baits >= 0.7 ['ECBAIT_0_0000_INTERIOR_MODULE_01', 'ECBAIT_0_0000_JUNCTION_02', 'ECBAIT_0_0000_MEMBER_INTERIOR_01', 'ECBAIT_10_0057_MEMBER_INTERIOR_01']
  HIT SRR25710772: 1 baits >= 0.7 ['ECBAIT_HOST_CONTROL_01']
  HIT SRR25710773: 1 baits >= 0.7 ['ECBAIT_HOST_CONTROL_02']
  HIT SRR25710775: 5 baits >= 0.7 ['ECBAIT_0_0000_INTERIOR_MODULE_01', 'ECBAIT_0_0000_JUNCTION_02', 'ECBAIT_0_0000_MEMBER_INTERIOR_01', 'ECBAIT_10_0057_MEMBER_INTERIOR_01']
  HIT SRR25710776: 4 baits >= 0.7 ['ECBAIT_10_0057_MEMBER_INTERIOR_01', 'ECBAIT_10_0172_MEMBER_INTERIOR_01', 'ECBAIT_1_0004_JUNCTION_02', 'ECBAIT_HOST_CONTROL_02']
  HIT SRR25710777: 6 baits >= 0.7 ['ECBAIT_0_0000_INTERIOR_MODULE_01', 'ECBAIT_0_0000_JUNCTION_02', 'ECBAIT_0_0000_MEMBER_INTERIOR_01', 'ECBAIT_10_0057_MEMBER_INTERIOR_01']
  HIT SRR25710778: 6 baits >= 0.7 ['ECBAIT_0_0000_JUNCTION_02', 'ECBAIT_0_0000_MEMBER_INTERIOR_01', 'ECBAIT_0_0046_MEMBER_INTERIOR_01', 'ECBAIT_10_0057_MEMBER_INTERIOR_01']
  HIT SRR25710779: 2 baits >= 0.7 ['ECBAIT_10_0057_MEMBER_INTERIOR_01', 'ECBAIT_HOST_CONTROL_02']
  HIT SRR25710780: 4 baits >= 0.7 ['ECBAIT_0_0046_JUNCTION_01', 'ECBAIT_0_0046_MEMBER_INTERIOR_01', 'ECBAIT_10_0057_MEMBER_INTERIOR_01', 'ECBAIT_HOST_CONTROL_02']
  10350/11975 processed (2841 screened, 2697 hit-accessions) 1141s budget=4.4GB
  HIT SRR25710781: 1 baits >= 0.7 ['ECBAIT_1_0004_JUNCTION_01']
  HIT SRR25710782: 1 baits >= 0.7 ['ECBAIT_10_0057_MEMBER_INTERIOR_01']
  HIT SRR25710785: 2 baits >= 0.7 ['ECBAIT_10_0057_MEMBER_INTERIOR_01', 'ECBAIT_HOST_CONTROL_02']
  HIT SRR25710786: 1 baits >= 0.7 ['ECBAIT_10_0057_MEMBER_INTERIOR_01']
  HIT SRR25710787: 1 baits >= 0.7 ['ECBAIT_HOST_CONTROL_01']
  HIT SRR25710788: 1 baits >= 0.7 ['ECBAIT_0_0052_JUNCTION_03']
  HIT SRR25710792: 5 baits >= 0.7 ['ECBAIT_0_0000_INTERIOR_MODULE_01', 'ECBAIT_0_0000_JUNCTION_02', 'ECBAIT_0_0000_MEMBER_INTERIOR_01', 'ECBAIT_10_0057_MEMBER_INTERIOR_01']
  HIT SRR25710793: 5 baits >= 0.7 ['ECBAIT_0_0000_INTERIOR_MODULE_01', 'ECBAIT_0_0000_JUNCTION_02', 'ECBAIT_0_0000_MEMBER_INTERIOR_01', 'ECBAIT_10_0057_MEMBER_INTERIOR_01']
  HIT SRR25710794: 1 baits >= 0.7 ['ECBAIT_HOST_CONTROL_01']
  HIT SRR25710795: 2 baits >= 0.7 ['ECBAIT_10_0057_MEMBER_INTERIOR_01', 'ECBAIT_HOST_CONTROL_02']
  HIT SRR25710796: 2 baits >= 0.7 ['ECBAIT_10_0057_MEMBER_INTERIOR_01', 'ECBAIT_HOST_CONTROL_01']
  HIT SRR25710797: 4 baits >= 0.7 ['ECBAIT_0_0000_JUNCTION_02', 'ECBAIT_0_0000_MEMBER_INTERIOR_01', 'ECBAIT_10_0057_MEMBER_INTERIOR_01', 'ECBAIT_HOST_CONTROL_02']
  HIT SRR25710798: 4 baits >= 0.7 ['ECBAIT_0_0000_JUNCTION_02', 'ECBAIT_0_0000_MEMBER_INTERIOR_01', 'ECBAIT_10_0057_MEMBER_INTERIOR_01', 'ECBAIT_HOST_CONTROL_02']
  HIT SRR25710799: 4 baits >= 0.7 ['ECBAIT_0_0000_JUNCTION_02', 'ECBAIT_0_0000_MEMBER_INTERIOR_01', 'ECBAIT_10_0057_MEMBER_INTERIOR_01', 'ECBAIT_HOST_CONTROL_02']
  HIT SRR25710800: 4 baits >= 0.7 ['ECBAIT_0_0000_JUNCTION_02', 'ECBAIT_0_0000_MEMBER_INTERIOR_01', 'ECBAIT_10_0057_MEMBER_INTERIOR_01', 'ECBAIT_HOST_CONTROL_02']
  HIT SRR25710801: 3 baits >= 0.7 ['ECBAIT_0_0000_JUNCTION_02', 'ECBAIT_10_0057_MEMBER_INTERIOR_01', 'ECBAIT_HOST_CONTROL_01']
  HIT SRR25710802: 7 baits >= 0.7 ['ECBAIT_0_0000_JUNCTION_02', 'ECBAIT_0_0000_MEMBER_INTERIOR_01', 'ECBAIT_0_0014_MEMBER_INTERIOR_01', 'ECBAIT_0_0052_JUNCTION_03']
  HIT SRR25710804: 3 baits >= 0.7 ['ECBAIT_0_0000_INTERIOR_MODULE_01', 'ECBAIT_0_0000_MEMBER_INTERIOR_01', 'ECBAIT_10_0057_MEMBER_INTERIOR_01']
  HIT SRR25710805: 7 baits >= 0.7 ['ECBAIT_0_0000_INTERIOR_MODULE_01', 'ECBAIT_0_0000_JUNCTION_02', 'ECBAIT_0_0000_MEMBER_INTERIOR_01', 'ECBAIT_10_0002_JUNCTION_01']
  HIT SRR25710807: 1 baits >= 0.7 ['ECBAIT_10_0057_MEMBER_INTERIOR_01']
  HIT SRR25710808: 3 baits >= 0.7 ['ECBAIT_0_0000_JUNCTION_02', 'ECBAIT_0_0000_MEMBER_INTERIOR_01', 'ECBAIT_10_0057_MEMBER_INTERIOR_01']
  HIT SRR25710811: 3 baits >= 0.7 ['ECBAIT_0_0000_JUNCTION_02', 'ECBAIT_0_0000_MEMBER_INTERIOR_01', 'ECBAIT_10_0057_MEMBER_INTERIOR_01']
  HIT SRR25710809: 3 baits >= 0.7 ['ECBAIT_0_0000_MEMBER_INTERIOR_01', 'ECBAIT_10_0151_JUNCTION_03', 'ECBAIT_HOST_CONTROL_01']
  HIT SRR25710810: 2 baits >= 0.7 ['ECBAIT_10_0057_MEMBER_INTERIOR_01', 'ECBAIT_10_0151_JUNCTION_03']
  HIT SRR25710812: 3 baits >= 0.7 ['ECBAIT_0_0000_JUNCTION_02', 'ECBAIT_0_0000_MEMBER_INTERIOR_01', 'ECBAIT_10_0057_MEMBER_INTERIOR_01']
  HIT SRR25710813: 7 baits >= 0.7 ['ECBAIT_0_0000_INTERIOR_MODULE_01', 'ECBAIT_0_0000_JUNCTION_02', 'ECBAIT_0_0000_MEMBER_INTERIOR_01', 'ECBAIT_10_0002_JUNCTION_01']
  HIT SRR25710814: 3 baits >= 0.7 ['ECBAIT_0_0000_MEMBER_INTERIOR_01', 'ECBAIT_10_0057_MEMBER_INTERIOR_01', 'ECBAIT_10_0172_MEMBER_INTERIOR_01']
  HIT SRR25710815: 1 baits >= 0.7 ['ECBAIT_10_0057_MEMBER_INTERIOR_01']
  HIT SRR25710816: 4 baits >= 0.7 ['ECBAIT_10_0002_JUNCTION_01', 'ECBAIT_10_0002_JUNCTION_02', 'ECBAIT_10_0057_MEMBER_INTERIOR_01', 'ECBAIT_HOST_CONTROL_01']
  HIT SRR25710817: 2 baits >= 0.7 ['ECBAIT_10_0002_MEMBER_INTERIOR_01', 'ECBAIT_10_0057_MEMBER_INTERIOR_01']
  HIT SRR25710818: 1 baits >= 0.7 ['ECBAIT_HOST_CONTROL_01']
  HIT SRR25710819: 6 baits >= 0.7 ['ECBAIT_0_0000_JUNCTION_02', 'ECBAIT_0_0000_MEMBER_INTERIOR_01', 'ECBAIT_10_0057_MEMBER_INTERIOR_01', 'ECBAIT_10_0172_MEMBER_INTERIOR_01']
  HIT SRR25710820: 2 baits >= 0.7 ['ECBAIT_10_0057_MEMBER_INTERIOR_01', 'ECBAIT_HOST_CONTROL_02']
  HIT SRR25710821: 2 baits >= 0.7 ['ECBAIT_10_0057_MEMBER_INTERIOR_01', 'ECBAIT_HOST_CONTROL_02']
  HIT SRR25710822: 3 baits >= 0.7 ['ECBAIT_0_0000_JUNCTION_02', 'ECBAIT_10_0151_JUNCTION_03', 'ECBAIT_10_0172_MEMBER_INTERIOR_01']
  HIT SRR25710823: 5 baits >= 0.7 ['ECBAIT_0_0000_INTERIOR_MODULE_01', 'ECBAIT_0_0000_JUNCTION_02', 'ECBAIT_0_0000_MEMBER_INTERIOR_01', 'ECBAIT_10_0002_MEMBER_INTERIOR_01']
  HIT SRR25710824: 1 baits >= 0.7 ['ECBAIT_10_0057_MEMBER_INTERIOR_01']
  HIT SRR25710826: 3 baits >= 0.7 ['ECBAIT_10_0002_JUNCTION_01', 'ECBAIT_10_0002_MEMBER_INTERIOR_01', 'ECBAIT_10_0057_MEMBER_INTERIOR_01']
  HIT SRR25710825: 2 baits >= 0.7 ['ECBAIT_10_0057_MEMBER_INTERIOR_01', 'ECBAIT_10_0172_MEMBER_INTERIOR_01']
  HIT SRR25710827: 1 baits >= 0.7 ['ECBAIT_10_0002_MEMBER_INTERIOR_01']
  HIT SRR25710828: 1 baits >= 0.7 ['ECBAIT_HOST_CONTROL_01']
  HIT SRR25710829: 1 baits >= 0.7 ['ECBAIT_HOST_CONTROL_01']
  HIT SRR25710830: 4 baits >= 0.7 ['ECBAIT_0_0000_JUNCTION_02', 'ECBAIT_0_0000_MEMBER_INTERIOR_01', 'ECBAIT_10_0002_MEMBER_INTERIOR_01', 'ECBAIT_10_0057_MEMBER_INTERIOR_01']
  10400/11975 processed (2891 screened, 2740 hit-accessions) 1158s budget=4.5GB
  HIT SRR25710831: 2 baits >= 0.7 ['ECBAIT_10_0057_MEMBER_INTERIOR_01', 'ECBAIT_10_0172_MEMBER_INTERIOR_01']
  HIT SRR25710832: 1 baits >= 0.7 ['ECBAIT_10_0057_MEMBER_INTERIOR_01']
  HIT SRR25710833: 2 baits >= 0.7 ['ECBAIT_10_0057_MEMBER_INTERIOR_01', 'ECBAIT_10_0172_MEMBER_INTERIOR_01']
  HIT SRR25710834: 2 baits >= 0.7 ['ECBAIT_10_0057_MEMBER_INTERIOR_01', 'ECBAIT_10_0172_MEMBER_INTERIOR_01']
  HIT SRR25710835: 1 baits >= 0.7 ['ECBAIT_HOST_CONTROL_01']
  HIT SRR25710836: 3 baits >= 0.7 ['ECBAIT_0_0000_JUNCTION_02', 'ECBAIT_0_0000_MEMBER_INTERIOR_01', 'ECBAIT_10_0057_MEMBER_INTERIOR_01']
  HIT SRR25710837: 4 baits >= 0.7 ['ECBAIT_0_0000_INTERIOR_MODULE_01', 'ECBAIT_0_0000_JUNCTION_02', 'ECBAIT_0_0000_MEMBER_INTERIOR_01', 'ECBAIT_10_0057_MEMBER_INTERIOR_01']
  HIT SRR25710838: 4 baits >= 0.7 ['ECBAIT_10_0002_JUNCTION_01', 'ECBAIT_10_0002_JUNCTION_02', 'ECBAIT_10_0002_MEMBER_INTERIOR_01', 'ECBAIT_10_0057_MEMBER_INTERIOR_01']
  HIT SRR25710839: 4 baits >= 0.7 ['ECBAIT_0_0000_JUNCTION_02', 'ECBAIT_0_0000_MEMBER_INTERIOR_01', 'ECBAIT_10_0002_MEMBER_INTERIOR_01', 'ECBAIT_10_0057_MEMBER_INTERIOR_01']
  HIT SRR25710840: 3 baits >= 0.7 ['ECBAIT_0_0000_JUNCTION_02', 'ECBAIT_0_0000_MEMBER_INTERIOR_01', 'ECBAIT_10_0057_MEMBER_INTERIOR_01']
  HIT SRR25710841: 3 baits >= 0.7 ['ECBAIT_0_0000_JUNCTION_02', 'ECBAIT_0_0000_MEMBER_INTERIOR_01', 'ECBAIT_10_0057_MEMBER_INTERIOR_01']
  HIT SRR25710842: 3 baits >= 0.7 ['ECBAIT_0_0000_JUNCTION_02', 'ECBAIT_0_0000_MEMBER_INTERIOR_01', 'ECBAIT_10_0057_MEMBER_INTERIOR_01']
  HIT SRR25710844: 1 baits >= 0.7 ['ECBAIT_HOST_CONTROL_01']
  HIT SRR25710843: 1 baits >= 0.7 ['ECBAIT_10_0057_MEMBER_INTERIOR_01']
  HIT SRR25710845: 2 baits >= 0.7 ['ECBAIT_10_0057_MEMBER_INTERIOR_01', 'ECBAIT_HOST_CONTROL_01']
  HIT SRR25710846: 5 baits >= 0.7 ['ECBAIT_0_0000_INTERIOR_MODULE_01', 'ECBAIT_0_0000_JUNCTION_02', 'ECBAIT_0_0000_MEMBER_INTERIOR_01', 'ECBAIT_10_0057_MEMBER_INTERIOR_01']
  HIT SRR25710847: 7 baits >= 0.7 ['ECBAIT_0_0000_INTERIOR_MODULE_01', 'ECBAIT_0_0000_JUNCTION_02', 'ECBAIT_0_0000_MEMBER_INTERIOR_01', 'ECBAIT_0_0046_MEMBER_INTERIOR_01']
  HIT SRR25710848: 2 baits >= 0.7 ['ECBAIT_10_0057_MEMBER_INTERIOR_01', 'ECBAIT_HOST_CONTROL_02']
  HIT SRR25710849: 5 baits >= 0.7 ['ECBAIT_0_0000_JUNCTION_02', 'ECBAIT_0_0000_MEMBER_INTERIOR_01', 'ECBAIT_10_0151_JUNCTION_02', 'ECBAIT_1_0004_JUNCTION_02']
  HIT SRR25710850: 2 baits >= 0.7 ['ECBAIT_10_0151_JUNCTION_03', 'ECBAIT_1_0004_JUNCTION_02']
  HIT SRR25710851: 4 baits >= 0.7 ['ECBAIT_10_0002_JUNCTION_01', 'ECBAIT_10_0002_JUNCTION_02', 'ECBAIT_10_0002_MEMBER_INTERIOR_01', 'ECBAIT_10_0057_MEMBER_INTERIOR_01']
  HIT SRR25710852: 3 baits >= 0.7 ['ECBAIT_0_0000_JUNCTION_02', 'ECBAIT_0_0000_MEMBER_INTERIOR_01', 'ECBAIT_10_0057_MEMBER_INTERIOR_01']
  HIT SRR25710853: 1 baits >= 0.7 ['ECBAIT_10_0057_MEMBER_INTERIOR_01']
  HIT SRR25710854: 3 baits >= 0.7 ['ECBAIT_0_0000_JUNCTION_02', 'ECBAIT_0_0000_MEMBER_INTERIOR_01', 'ECBAIT_10_0057_MEMBER_INTERIOR_01']
  HIT SRR25710855: 3 baits >= 0.7 ['ECBAIT_0_0000_JUNCTION_02', 'ECBAIT_0_0000_MEMBER_INTERIOR_01', 'ECBAIT_10_0057_MEMBER_INTERIOR_01']
  HIT SRR25710856: 3 baits >= 0.7 ['ECBAIT_0_0000_JUNCTION_02', 'ECBAIT_0_0000_MEMBER_INTERIOR_01', 'ECBAIT_10_0057_MEMBER_INTERIOR_01']
  HIT SRR25710857: 3 baits >= 0.7 ['ECBAIT_0_0000_JUNCTION_02', 'ECBAIT_0_0000_MEMBER_INTERIOR_01', 'ECBAIT_HOST_CONTROL_02']
  HIT SRR25710859: 2 baits >= 0.7 ['ECBAIT_10_0057_MEMBER_INTERIOR_01', 'ECBAIT_10_0151_JUNCTION_03']
  HIT SRR25710858: 4 baits >= 0.7 ['ECBAIT_0_0000_INTERIOR_MODULE_01', 'ECBAIT_0_0000_JUNCTION_02', 'ECBAIT_0_0000_MEMBER_INTERIOR_01', 'ECBAIT_HOST_CONTROL_02']
  HIT SRR25710860: 3 baits >= 0.7 ['ECBAIT_0_0000_JUNCTION_02', 'ECBAIT_0_0000_MEMBER_INTERIOR_01', 'ECBAIT_10_0057_MEMBER_INTERIOR_01']
  HIT SRR25710861: 1 baits >= 0.7 ['ECBAIT_0_0000_JUNCTION_02']
  HIT SRR25710862: 2 baits >= 0.7 ['ECBAIT_0_0000_JUNCTION_02', 'ECBAIT_10_0057_MEMBER_INTERIOR_01']
  HIT SRR25710863: 2 baits >= 0.7 ['ECBAIT_10_0002_JUNCTION_01', 'ECBAIT_10_0002_JUNCTION_02']
  HIT SRR25710865: 1 baits >= 0.7 ['ECBAIT_10_0057_MEMBER_INTERIOR_01']
  HIT SRR25710867: 3 baits >= 0.7 ['ECBAIT_0_0000_JUNCTION_02', 'ECBAIT_0_0000_MEMBER_INTERIOR_01', 'ECBAIT_10_0057_MEMBER_INTERIOR_01']
  HIT SRR25710866: 3 baits >= 0.7 ['ECBAIT_0_0000_JUNCTION_02', 'ECBAIT_0_0000_MEMBER_INTERIOR_01', 'ECBAIT_HOST_CONTROL_02']
  HIT SRR25710868: 3 baits >= 0.7 ['ECBAIT_0_0000_JUNCTION_02', 'ECBAIT_10_0057_MEMBER_INTERIOR_01', 'ECBAIT_10_0151_JUNCTION_03']
  HIT SRR25710869: 4 baits >= 0.7 ['ECBAIT_0_0046_MEMBER_INTERIOR_01', 'ECBAIT_10_0172_MEMBER_INTERIOR_01', 'ECBAIT_1_0004_JUNCTION_02', 'ECBAIT_HOST_CONTROL_02']
  HIT SRR25710870: 5 baits >= 0.7 ['ECBAIT_0_0000_INTERIOR_MODULE_01', 'ECBAIT_0_0000_JUNCTION_02', 'ECBAIT_0_0000_MEMBER_INTERIOR_01', 'ECBAIT_10_0057_MEMBER_INTERIOR_01']
  HIT SRR25710871: 2 baits >= 0.7 ['ECBAIT_10_0002_MEMBER_INTERIOR_01', 'ECBAIT_10_0057_MEMBER_INTERIOR_01']
  HIT SRR25710872: 1 baits >= 0.7 ['ECBAIT_10_0057_MEMBER_INTERIOR_01']
  HIT SRR25710873: 4 baits >= 0.7 ['ECBAIT_0_0000_MEMBER_INTERIOR_01', 'ECBAIT_10_0057_MEMBER_INTERIOR_01', 'ECBAIT_10_0172_MEMBER_INTERIOR_01', 'ECBAIT_HOST_CONTROL_02']
  HIT SRR25710875: 1 baits >= 0.7 ['ECBAIT_1_0004_JUNCTION_01']
  HIT SRR25710874: 5 baits >= 0.7 ['ECBAIT_0_0000_INTERIOR_MODULE_01', 'ECBAIT_0_0000_JUNCTION_02', 'ECBAIT_0_0000_MEMBER_INTERIOR_01', 'ECBAIT_10_0057_MEMBER_INTERIOR_01']
  HIT SRR25710876: 1 baits >= 0.7 ['ECBAIT_HOST_CONTROL_01']
  HIT SRR25710878: 1 baits >= 0.7 ['ECBAIT_10_0057_MEMBER_INTERIOR_01']
  HIT SRR25710879: 1 baits >= 0.7 ['ECBAIT_10_0057_MEMBER_INTERIOR_01']
  HIT SRR25710877: 5 baits >= 0.7 ['ECBAIT_0_0000_JUNCTION_02', 'ECBAIT_0_0000_MEMBER_INTERIOR_01', 'ECBAIT_0_0014_MEMBER_INTERIOR_01', 'ECBAIT_10_0057_MEMBER_INTERIOR_01']
  HIT SRR25710880: 1 baits >= 0.7 ['ECBAIT_HOST_CONTROL_02']
  10450/11975 processed (2941 screened, 2789 hit-accessions) 1173s budget=4.6GB
  HIT SRR25710881: 2 baits >= 0.7 ['ECBAIT_10_0002_MEMBER_INTERIOR_01', 'ECBAIT_10_0057_MEMBER_INTERIOR_01']
  HIT SRR25710883: 4 baits >= 0.7 ['ECBAIT_0_0000_INTERIOR_MODULE_01', 'ECBAIT_0_0000_JUNCTION_02', 'ECBAIT_0_0000_MEMBER_INTERIOR_01', 'ECBAIT_HOST_CONTROL_02']
  HIT SRR25710884: 4 baits >= 0.7 ['ECBAIT_0_0000_JUNCTION_02', 'ECBAIT_0_0000_MEMBER_INTERIOR_01', 'ECBAIT_10_0057_MEMBER_INTERIOR_01', 'ECBAIT_HOST_CONTROL_02']
  HIT SRR25710882: 1 baits >= 0.7 ['ECBAIT_10_0057_MEMBER_INTERIOR_01']
  HIT SRR25710886: 7 baits >= 0.7 ['ECBAIT_0_0000_JUNCTION_02', 'ECBAIT_0_0000_MEMBER_INTERIOR_01', 'ECBAIT_0_0014_JUNCTION_02', 'ECBAIT_0_0014_MEMBER_INTERIOR_01']
  HIT SRR25710888: 1 baits >= 0.7 ['ECBAIT_10_0057_MEMBER_INTERIOR_01']
  HIT SRR25710887: 1 baits >= 0.7 ['ECBAIT_10_0057_MEMBER_INTERIOR_01']
  HIT SRR25710889: 4 baits >= 0.7 ['ECBAIT_0_0000_INTERIOR_MODULE_01', 'ECBAIT_0_0000_JUNCTION_02', 'ECBAIT_0_0000_MEMBER_INTERIOR_01', 'ECBAIT_HOST_CONTROL_02']
  HIT SRR25710890: 4 baits >= 0.7 ['ECBAIT_10_0002_JUNCTION_01', 'ECBAIT_10_0002_MEMBER_INTERIOR_01', 'ECBAIT_10_0057_MEMBER_INTERIOR_01', 'ECBAIT_10_0172_MEMBER_INTERIOR_01']
  HIT SRR25710892: 3 baits >= 0.7 ['ECBAIT_10_0151_MEMBER_INTERIOR_01', 'ECBAIT_10_0172_MEMBER_INTERIOR_01', 'ECBAIT_HOST_CONTROL_02']
  HIT SRR25710893: 1 baits >= 0.7 ['ECBAIT_HOST_CONTROL_01']
  HIT SRR25710894: 4 baits >= 0.7 ['ECBAIT_10_0151_JUNCTION_03', 'ECBAIT_10_0151_MEMBER_INTERIOR_01', 'ECBAIT_10_0172_MEMBER_INTERIOR_01', 'ECBAIT_HOST_CONTROL_02']
  HIT SRR25710895: 3 baits >= 0.7 ['ECBAIT_0_0014_MEMBER_INTERIOR_01', 'ECBAIT_10_0057_MEMBER_INTERIOR_01', 'ECBAIT_HOST_CONTROL_01']
  HIT SRR25710896: 1 baits >= 0.7 ['ECBAIT_0_0000_JUNCTION_02']
  HIT SRR25710898: 2 baits >= 0.7 ['ECBAIT_10_0057_MEMBER_INTERIOR_01', 'ECBAIT_10_0172_MEMBER_INTERIOR_01']
  HIT SRR25710899: 2 baits >= 0.7 ['ECBAIT_10_0057_MEMBER_INTERIOR_01', 'ECBAIT_10_0172_MEMBER_INTERIOR_01']
  HIT SRR25710900: 3 baits >= 0.7 ['ECBAIT_10_0172_MEMBER_INTERIOR_01', 'ECBAIT_1_0004_JUNCTION_02', 'ECBAIT_HOST_CONTROL_02']
  HIT SRR25710902: 3 baits >= 0.7 ['ECBAIT_0_0000_JUNCTION_02', 'ECBAIT_10_0057_MEMBER_INTERIOR_01', 'ECBAIT_10_0151_JUNCTION_03']
  HIT SRR25710903: 2 baits >= 0.7 ['ECBAIT_10_0057_MEMBER_INTERIOR_01', 'ECBAIT_10_0172_MEMBER_INTERIOR_01']
  HIT SRR25710904: 5 baits >= 0.7 ['ECBAIT_0_0000_INTERIOR_MODULE_01', 'ECBAIT_0_0000_JUNCTION_02', 'ECBAIT_0_0000_MEMBER_INTERIOR_01', 'ECBAIT_10_0057_MEMBER_INTERIOR_01']
  HIT SRR25710905: 3 baits >= 0.7 ['ECBAIT_10_0002_JUNCTION_02', 'ECBAIT_10_0057_MEMBER_INTERIOR_01', 'ECBAIT_HOST_CONTROL_01']
  HIT SRR25710906: 7 baits >= 0.7 ['ECBAIT_0_0000_INTERIOR_MODULE_01', 'ECBAIT_0_0000_JUNCTION_02', 'ECBAIT_0_0000_MEMBER_INTERIOR_01', 'ECBAIT_10_0002_JUNCTION_01']
  HIT SRR25710907: 1 baits >= 0.7 ['ECBAIT_10_0057_MEMBER_INTERIOR_01']
  HIT SRR25710908: 2 baits >= 0.7 ['ECBAIT_10_0057_MEMBER_INTERIOR_01', 'ECBAIT_10_0172_MEMBER_INTERIOR_01']
  HIT SRR25710910: 1 baits >= 0.7 ['ECBAIT_10_0057_MEMBER_INTERIOR_01']
  HIT SRR25710911: 1 baits >= 0.7 ['ECBAIT_10_0057_MEMBER_INTERIOR_01']
  HIT SRR25710912: 3 baits >= 0.7 ['ECBAIT_10_0057_MEMBER_INTERIOR_01', 'ECBAIT_10_0172_MEMBER_INTERIOR_01', 'ECBAIT_HOST_CONTROL_02']
  HIT SRR25710913: 2 baits >= 0.7 ['ECBAIT_10_0057_MEMBER_INTERIOR_01', 'ECBAIT_HOST_CONTROL_02']
  HIT SRR25710914: 4 baits >= 0.7 ['ECBAIT_0_0046_MEMBER_INTERIOR_01', 'ECBAIT_10_0002_MEMBER_INTERIOR_01', 'ECBAIT_10_0151_JUNCTION_03', 'ECBAIT_1_0004_JUNCTION_02']
  HIT SRR25710915: 3 baits >= 0.7 ['ECBAIT_10_0002_JUNCTION_01', 'ECBAIT_10_0002_JUNCTION_02', 'ECBAIT_HOST_CONTROL_01']
  HIT SRR25710916: 2 baits >= 0.7 ['ECBAIT_10_0057_MEMBER_INTERIOR_01', 'ECBAIT_HOST_CONTROL_02']
  HIT SRR25710917: 2 baits >= 0.7 ['ECBAIT_10_0057_MEMBER_INTERIOR_01', 'ECBAIT_10_0172_MEMBER_INTERIOR_01']
  HIT SRR25710918: 1 baits >= 0.7 ['ECBAIT_10_0038_MEMBER_INTERIOR_01']
  HIT SRR25710919: 1 baits >= 0.7 ['ECBAIT_10_0057_MEMBER_INTERIOR_01']
  HIT SRR25710920: 3 baits >= 0.7 ['ECBAIT_0_0000_JUNCTION_02', 'ECBAIT_10_0057_MEMBER_INTERIOR_01', 'ECBAIT_10_0151_JUNCTION_03']
  HIT SRR25710922: 6 baits >= 0.7 ['ECBAIT_0_0000_JUNCTION_02', 'ECBAIT_0_0000_MEMBER_INTERIOR_01', 'ECBAIT_0_0052_JUNCTION_03', 'ECBAIT_0_0054_MEMBER_INTERIOR_01']
  HIT SRR25710923: 1 baits >= 0.7 ['ECBAIT_HOST_CONTROL_01']
  HIT SRR25710926: 1 baits >= 0.7 ['ECBAIT_HOST_CONTROL_01']
  HIT SRR25710927: 2 baits >= 0.7 ['ECBAIT_10_0057_MEMBER_INTERIOR_01', 'ECBAIT_10_0172_MEMBER_INTERIOR_01']
  HIT SRR25710929: 1 baits >= 0.7 ['ECBAIT_10_0057_MEMBER_INTERIOR_01']
  HIT SRR25710930: 4 baits >= 0.7 ['ECBAIT_0_0000_JUNCTION_02', 'ECBAIT_0_0000_MEMBER_INTERIOR_01', 'ECBAIT_10_0057_MEMBER_INTERIOR_01', 'ECBAIT_HOST_CONTROL_02']
  10500/11975 processed (2991 screened, 2830 hit-accessions) 1189s budget=4.7GB
  HIT SRR25710931: 1 baits >= 0.7 ['ECBAIT_0_0052_JUNCTION_03']
  HIT SRR25710932: 2 baits >= 0.7 ['ECBAIT_0_0000_JUNCTION_02', 'ECBAIT_1_0004_JUNCTION_01']
  HIT SRR25710933: 3 baits >= 0.7 ['ECBAIT_0_0000_JUNCTION_02', 'ECBAIT_10_0057_MEMBER_INTERIOR_01', 'ECBAIT_HOST_CONTROL_02']
  HIT SRR25710934: 3 baits >= 0.7 ['ECBAIT_10_0002_MEMBER_INTERIOR_01', 'ECBAIT_10_0057_MEMBER_INTERIOR_01', 'ECBAIT_10_0172_MEMBER_INTERIOR_01']
  HIT SRR25710935: 1 baits >= 0.7 ['ECBAIT_HOST_CONTROL_01']
  HIT SRR25710936: 1 baits >= 0.7 ['ECBAIT_10_0172_MEMBER_INTERIOR_01']
  HIT SRR25710938: 2 baits >= 0.7 ['ECBAIT_10_0057_MEMBER_INTERIOR_01', 'ECBAIT_HOST_CONTROL_02']
  HIT SRR25710937: 1 baits >= 0.7 ['ECBAIT_10_0057_MEMBER_INTERIOR_01']
  HIT SRR25710939: 7 baits >= 0.7 ['ECBAIT_0_0000_JUNCTION_02', 'ECBAIT_0_0000_MEMBER_INTERIOR_01', 'ECBAIT_10_0002_JUNCTION_01', 'ECBAIT_10_0057_MEMBER_INTERIOR_01']
  HIT SRR25710940: 4 baits >= 0.7 ['ECBAIT_0_0000_INTERIOR_MODULE_01', 'ECBAIT_0_0000_JUNCTION_02', 'ECBAIT_0_0000_MEMBER_INTERIOR_01', 'ECBAIT_HOST_CONTROL_02']
  HIT SRR25710941: 1 baits >= 0.7 ['ECBAIT_10_0057_MEMBER_INTERIOR_01']
  HIT SRR25710943: 5 baits >= 0.7 ['ECBAIT_0_0000_INTERIOR_MODULE_01', 'ECBAIT_0_0000_JUNCTION_02', 'ECBAIT_0_0000_MEMBER_INTERIOR_01', 'ECBAIT_10_0057_MEMBER_INTERIOR_01']
  HIT SRR25710942: 5 baits >= 0.7 ['ECBAIT_0_0000_INTERIOR_MODULE_01', 'ECBAIT_0_0000_JUNCTION_02', 'ECBAIT_0_0000_MEMBER_INTERIOR_01', 'ECBAIT_10_0057_MEMBER_INTERIOR_01']
  HIT SRR25710944: 1 baits >= 0.7 ['ECBAIT_0_0000_JUNCTION_02']
  HIT SRR25710945: 4 baits >= 0.7 ['ECBAIT_0_0000_JUNCTION_02', 'ECBAIT_0_0000_MEMBER_INTERIOR_01', 'ECBAIT_10_0057_MEMBER_INTERIOR_01', 'ECBAIT_HOST_CONTROL_02']
  HIT SRR25710948: 1 baits >= 0.7 ['ECBAIT_0_0052_JUNCTION_03']
  HIT SRR25710946: 3 baits >= 0.7 ['ECBAIT_0_0046_MEMBER_INTERIOR_01', 'ECBAIT_10_0057_MEMBER_INTERIOR_01', 'ECBAIT_1_0022_JUNCTION_03']
  HIT SRR25710947: 1 baits >= 0.7 ['ECBAIT_10_0057_MEMBER_INTERIOR_01']
  HIT SRR25710949: 3 baits >= 0.7 ['ECBAIT_10_0151_JUNCTION_03', 'ECBAIT_10_0172_MEMBER_INTERIOR_01', 'ECBAIT_1_0004_JUNCTION_01']
  HIT SRR25710952: 2 baits >= 0.7 ['ECBAIT_10_0057_MEMBER_INTERIOR_01', 'ECBAIT_10_0172_MEMBER_INTERIOR_01']
  HIT SRR25710950: 2 baits >= 0.7 ['ECBAIT_0_0000_MEMBER_INTERIOR_01', 'ECBAIT_10_0057_MEMBER_INTERIOR_01']
  HIT SRR25710951: 2 baits >= 0.7 ['ECBAIT_10_0002_MEMBER_INTERIOR_01', 'ECBAIT_10_0057_MEMBER_INTERIOR_01']
  HIT SRR25710953: 7 baits >= 0.7 ['ECBAIT_0_0000_INTERIOR_MODULE_01', 'ECBAIT_0_0000_JUNCTION_02', 'ECBAIT_0_0000_MEMBER_INTERIOR_01', 'ECBAIT_10_0002_JUNCTION_01']
  HIT SRR25710955: 2 baits >= 0.7 ['ECBAIT_10_0057_MEMBER_INTERIOR_01', 'ECBAIT_HOST_CONTROL_02']
  HIT SRR25710954: 1 baits >= 0.7 ['ECBAIT_10_0002_MEMBER_INTERIOR_01']
  HIT SRR25710957: 5 baits >= 0.7 ['ECBAIT_0_0046_JUNCTION_02', 'ECBAIT_0_0046_MEMBER_INTERIOR_01', 'ECBAIT_10_0057_MEMBER_INTERIOR_01', 'ECBAIT_1_0022_JUNCTION_03']
  HIT SRR25710958: 1 baits >= 0.7 ['ECBAIT_10_0057_MEMBER_INTERIOR_01']
  HIT SRR25710960: 3 baits >= 0.7 ['ECBAIT_0_0000_JUNCTION_02', 'ECBAIT_0_0000_MEMBER_INTERIOR_01', 'ECBAIT_10_0057_MEMBER_INTERIOR_01']
  HIT SRR25710962: 4 baits >= 0.7 ['ECBAIT_0_0000_JUNCTION_02', 'ECBAIT_0_0000_MEMBER_INTERIOR_01', 'ECBAIT_10_0172_MEMBER_INTERIOR_01', 'ECBAIT_HOST_CONTROL_02']
  HIT SRR25710963: 4 baits >= 0.7 ['ECBAIT_0_0000_JUNCTION_02', 'ECBAIT_0_0000_MEMBER_INTERIOR_01', 'ECBAIT_10_0057_MEMBER_INTERIOR_01', 'ECBAIT_HOST_CONTROL_02']
  HIT SRR25710964: 2 baits >= 0.7 ['ECBAIT_10_0151_JUNCTION_03', 'ECBAIT_1_0004_JUNCTION_02']
  HIT SRR25710965: 1 baits >= 0.7 ['ECBAIT_10_0057_MEMBER_INTERIOR_01']
  HIT SRR25710967: 1 baits >= 0.7 ['ECBAIT_10_0002_MEMBER_INTERIOR_01']
  HIT SRR25710966: 2 baits >= 0.7 ['ECBAIT_10_0002_MEMBER_INTERIOR_01', 'ECBAIT_10_0057_MEMBER_INTERIOR_01']
  HIT SRR25710968: 1 baits >= 0.7 ['ECBAIT_10_0057_MEMBER_INTERIOR_01']
  HIT SRR25710969: 6 baits >= 0.7 ['ECBAIT_0_0000_INTERIOR_MODULE_01', 'ECBAIT_0_0000_JUNCTION_02', 'ECBAIT_0_0000_MEMBER_INTERIOR_01', 'ECBAIT_0_0052_JUNCTION_03']
  HIT SRR25710970: 3 baits >= 0.7 ['ECBAIT_0_0000_JUNCTION_02', 'ECBAIT_0_0000_MEMBER_INTERIOR_01', 'ECBAIT_HOST_CONTROL_02']
  HIT SRR25710971: 2 baits >= 0.7 ['ECBAIT_0_0054_MEMBER_INTERIOR_01', 'ECBAIT_10_0057_MEMBER_INTERIOR_01']
  HIT SRR25710972: 3 baits >= 0.7 ['ECBAIT_0_0000_JUNCTION_02', 'ECBAIT_10_0057_MEMBER_INTERIOR_01', 'ECBAIT_10_0172_MEMBER_INTERIOR_01']
  HIT SRR25710973: 3 baits >= 0.7 ['ECBAIT_0_0000_JUNCTION_02', 'ECBAIT_10_0057_MEMBER_INTERIOR_01', 'ECBAIT_10_0172_MEMBER_INTERIOR_01']
  HIT SRR25710974: 4 baits >= 0.7 ['ECBAIT_10_0057_MEMBER_INTERIOR_01', 'ECBAIT_10_0172_MEMBER_INTERIOR_01', 'ECBAIT_1_0004_JUNCTION_02', 'ECBAIT_HOST_CONTROL_02']
  HIT SRR25710975: 5 baits >= 0.7 ['ECBAIT_0_0046_MEMBER_INTERIOR_01', 'ECBAIT_10_0057_MEMBER_INTERIOR_01', 'ECBAIT_1_0022_JUNCTION_02', 'ECBAIT_1_0022_JUNCTION_03']
  HIT SRR25710976: 1 baits >= 0.7 ['ECBAIT_10_0057_MEMBER_INTERIOR_01']
  HIT SRR25710978: 3 baits >= 0.7 ['ECBAIT_0_0054_MEMBER_INTERIOR_01', 'ECBAIT_10_0057_MEMBER_INTERIOR_01', 'ECBAIT_10_0172_MEMBER_INTERIOR_01']
  HIT SRR25710979: 2 baits >= 0.7 ['ECBAIT_10_0151_JUNCTION_03', 'ECBAIT_1_0004_JUNCTION_01']
  HIT SRR25710980: 3 baits >= 0.7 ['ECBAIT_0_0000_JUNCTION_02', 'ECBAIT_0_0000_MEMBER_INTERIOR_01', 'ECBAIT_10_0057_MEMBER_INTERIOR_01']
  10550/11975 processed (3041 screened, 2876 hit-accessions) 1205s budget=4.7GB
  HIT SRR25710982: 1 baits >= 0.7 ['ECBAIT_10_0057_MEMBER_INTERIOR_01']
  HIT SRR25710983: 5 baits >= 0.7 ['ECBAIT_0_0000_INTERIOR_MODULE_01', 'ECBAIT_0_0000_JUNCTION_02', 'ECBAIT_0_0000_MEMBER_INTERIOR_01', 'ECBAIT_10_0057_MEMBER_INTERIOR_01']
  HIT SRR25710984: 1 baits >= 0.7 ['ECBAIT_10_0057_MEMBER_INTERIOR_01']
  HIT SRR25710986: 2 baits >= 0.7 ['ECBAIT_10_0002_MEMBER_INTERIOR_01', 'ECBAIT_10_0057_MEMBER_INTERIOR_01']
  HIT SRR25710987: 5 baits >= 0.7 ['ECBAIT_0_0000_JUNCTION_02', 'ECBAIT_0_0000_MEMBER_INTERIOR_01', 'ECBAIT_10_0057_MEMBER_INTERIOR_01', 'ECBAIT_1_0004_JUNCTION_02']
  HIT SRR25710988: 5 baits >= 0.7 ['ECBAIT_0_0000_JUNCTION_02', 'ECBAIT_0_0000_MEMBER_INTERIOR_01', 'ECBAIT_10_0057_MEMBER_INTERIOR_01', 'ECBAIT_1_0004_MEMBER_INTERIOR_01']
  HIT SRR25710989: 4 baits >= 0.7 ['ECBAIT_0_0000_MEMBER_INTERIOR_01', 'ECBAIT_10_0002_MEMBER_INTERIOR_01', 'ECBAIT_10_0057_MEMBER_INTERIOR_01', 'ECBAIT_1_0004_JUNCTION_02']
  HIT SRR25710990: 2 baits >= 0.7 ['ECBAIT_10_0057_MEMBER_INTERIOR_01', 'ECBAIT_10_0172_MEMBER_INTERIOR_01']
  HIT SRR25710991: 2 baits >= 0.7 ['ECBAIT_10_0002_MEMBER_INTERIOR_01', 'ECBAIT_10_0057_MEMBER_INTERIOR_01']
  HIT SRR25710992: 3 baits >= 0.7 ['ECBAIT_10_0002_JUNCTION_02', 'ECBAIT_10_0002_MEMBER_INTERIOR_01', 'ECBAIT_10_0057_MEMBER_INTERIOR_01']
  HIT SRR25710993: 2 baits >= 0.7 ['ECBAIT_10_0057_MEMBER_INTERIOR_01', 'ECBAIT_10_0172_MEMBER_INTERIOR_01']
  HIT SRR25710994: 2 baits >= 0.7 ['ECBAIT_10_0002_MEMBER_INTERIOR_01', 'ECBAIT_10_0057_MEMBER_INTERIOR_01']
  HIT SRR25710995: 2 baits >= 0.7 ['ECBAIT_10_0057_MEMBER_INTERIOR_01', 'ECBAIT_10_0172_MEMBER_INTERIOR_01']
  HIT SRR25710996: 1 baits >= 0.7 ['ECBAIT_10_0057_MEMBER_INTERIOR_01']
  HIT SRR25710997: 2 baits >= 0.7 ['ECBAIT_10_0002_MEMBER_INTERIOR_01', 'ECBAIT_10_0057_MEMBER_INTERIOR_01']
  HIT SRR25710999: 3 baits >= 0.7 ['ECBAIT_0_0000_JUNCTION_02', 'ECBAIT_0_0000_MEMBER_INTERIOR_01', 'ECBAIT_10_0057_MEMBER_INTERIOR_01']
  HIT SRR25711000: 5 baits >= 0.7 ['ECBAIT_0_0046_MEMBER_INTERIOR_01', 'ECBAIT_10_0057_MEMBER_INTERIOR_01', 'ECBAIT_10_0172_MEMBER_INTERIOR_01', 'ECBAIT_1_0004_JUNCTION_02']
  HIT SRR25711003: 2 baits >= 0.7 ['ECBAIT_10_0002_MEMBER_INTERIOR_01', 'ECBAIT_10_0057_MEMBER_INTERIOR_01']
  HIT SRR25711004: 4 baits >= 0.7 ['ECBAIT_10_0002_JUNCTION_01', 'ECBAIT_10_0002_JUNCTION_02', 'ECBAIT_10_0002_MEMBER_INTERIOR_01', 'ECBAIT_10_0057_MEMBER_INTERIOR_01']
  HIT SRR25711005: 5 baits >= 0.7 ['ECBAIT_0_0000_JUNCTION_02', 'ECBAIT_0_0000_MEMBER_INTERIOR_01', 'ECBAIT_10_0057_MEMBER_INTERIOR_01', 'ECBAIT_1_0004_JUNCTION_02']
  HIT SRR25711006: 2 baits >= 0.7 ['ECBAIT_0_0054_MEMBER_INTERIOR_01', 'ECBAIT_10_0057_MEMBER_INTERIOR_01']
  HIT SRR25711007: 1 baits >= 0.7 ['ECBAIT_10_0057_MEMBER_INTERIOR_01']
  HIT SRR25711008: 2 baits >= 0.7 ['ECBAIT_10_0002_MEMBER_INTERIOR_01', 'ECBAIT_10_0057_MEMBER_INTERIOR_01']
  HIT SRR25711009: 3 baits >= 0.7 ['ECBAIT_10_0002_JUNCTION_01', 'ECBAIT_10_0057_MEMBER_INTERIOR_01', 'ECBAIT_10_0151_MEMBER_INTERIOR_01']
  HIT SRR25711010: 1 baits >= 0.7 ['ECBAIT_10_0057_MEMBER_INTERIOR_01']
  HIT SRR25711012: 2 baits >= 0.7 ['ECBAIT_10_0057_MEMBER_INTERIOR_01', 'ECBAIT_HOST_CONTROL_02']
  HIT SRR25711011: 1 baits >= 0.7 ['ECBAIT_10_0057_MEMBER_INTERIOR_01']
  HIT SRR25711014: 1 baits >= 0.7 ['ECBAIT_10_0057_MEMBER_INTERIOR_01']
  HIT SRR25711013: 1 baits >= 0.7 ['ECBAIT_10_0057_MEMBER_INTERIOR_01']
  HIT SRR25711015: 2 baits >= 0.7 ['ECBAIT_10_0057_MEMBER_INTERIOR_01', 'ECBAIT_HOST_CONTROL_02']
  HIT SRR25711016: 2 baits >= 0.7 ['ECBAIT_10_0057_MEMBER_INTERIOR_01', 'ECBAIT_HOST_CONTROL_02']
  HIT SRR25711018: 4 baits >= 0.7 ['ECBAIT_0_0046_JUNCTION_02', 'ECBAIT_0_0046_MEMBER_INTERIOR_01', 'ECBAIT_1_0022_JUNCTION_02', 'ECBAIT_1_0022_JUNCTION_03']
  HIT SRR25711019: 5 baits >= 0.7 ['ECBAIT_0_0000_INTERIOR_MODULE_01', 'ECBAIT_0_0000_JUNCTION_02', 'ECBAIT_0_0000_MEMBER_INTERIOR_01', 'ECBAIT_10_0057_MEMBER_INTERIOR_01']
  HIT SRR25711020: 4 baits >= 0.7 ['ECBAIT_0_0000_JUNCTION_02', 'ECBAIT_0_0000_MEMBER_INTERIOR_01', 'ECBAIT_10_0057_MEMBER_INTERIOR_01', 'ECBAIT_HOST_CONTROL_02']
  HIT SRR25711021: 4 baits >= 0.7 ['ECBAIT_0_0052_JUNCTION_03', 'ECBAIT_10_0057_MEMBER_INTERIOR_01', 'ECBAIT_10_0172_MEMBER_INTERIOR_01', 'ECBAIT_HOST_CONTROL_02']
  HIT SRR25711022: 3 baits >= 0.7 ['ECBAIT_0_0000_JUNCTION_02', 'ECBAIT_0_0000_MEMBER_INTERIOR_01', 'ECBAIT_HOST_CONTROL_02']
  HIT SRR25711024: 4 baits >= 0.7 ['ECBAIT_10_0002_JUNCTION_01', 'ECBAIT_10_0002_JUNCTION_02', 'ECBAIT_10_0002_MEMBER_INTERIOR_01', 'ECBAIT_10_0057_MEMBER_INTERIOR_01']
  HIT SRR25711023: 1 baits >= 0.7 ['ECBAIT_10_0057_MEMBER_INTERIOR_01']
  HIT SRR25711025: 1 baits >= 0.7 ['ECBAIT_10_0057_MEMBER_INTERIOR_01']
  HIT SRR25711026: 1 baits >= 0.7 ['ECBAIT_10_0002_JUNCTION_02']
  HIT SRR25711027: 2 baits >= 0.7 ['ECBAIT_0_0054_MEMBER_INTERIOR_01', 'ECBAIT_10_0057_MEMBER_INTERIOR_01']
  HIT SRR25711028: 4 baits >= 0.7 ['ECBAIT_0_0000_JUNCTION_02', 'ECBAIT_0_0000_MEMBER_INTERIOR_01', 'ECBAIT_10_0057_MEMBER_INTERIOR_01', 'ECBAIT_HOST_CONTROL_02']
  HIT SRR25711029: 1 baits >= 0.7 ['ECBAIT_HOST_CONTROL_01']
  HIT SRR25711030: 2 baits >= 0.7 ['ECBAIT_10_0002_MEMBER_INTERIOR_01', 'ECBAIT_10_0057_MEMBER_INTERIOR_01']
  10600/11975 processed (3091 screened, 2920 hit-accessions) 1222s budget=4.8GB
  HIT SRR25711032: 2 baits >= 0.7 ['ECBAIT_10_0057_MEMBER_INTERIOR_01', 'ECBAIT_10_0151_JUNCTION_03']
  HIT SRR25711033: 2 baits >= 0.7 ['ECBAIT_10_0002_MEMBER_INTERIOR_01', 'ECBAIT_10_0057_MEMBER_INTERIOR_01']
  HIT SRR25711034: 4 baits >= 0.7 ['ECBAIT_0_0000_JUNCTION_02', 'ECBAIT_0_0000_MEMBER_INTERIOR_01', 'ECBAIT_10_0057_MEMBER_INTERIOR_01', 'ECBAIT_HOST_CONTROL_02']
  HIT SRR25711035: 5 baits >= 0.7 ['ECBAIT_0_0000_INTERIOR_MODULE_01', 'ECBAIT_0_0000_JUNCTION_02', 'ECBAIT_0_0000_MEMBER_INTERIOR_01', 'ECBAIT_10_0057_MEMBER_INTERIOR_01']
  HIT SRR25711036: 1 baits >= 0.7 ['ECBAIT_10_0057_MEMBER_INTERIOR_01']
  HIT SRR25711037: 5 baits >= 0.7 ['ECBAIT_0_0000_INTERIOR_MODULE_01', 'ECBAIT_0_0000_JUNCTION_02', 'ECBAIT_0_0000_MEMBER_INTERIOR_01', 'ECBAIT_10_0057_MEMBER_INTERIOR_01']
  HIT SRR25711040: 1 baits >= 0.7 ['ECBAIT_10_0172_MEMBER_INTERIOR_01']
  HIT SRR25711038: 2 baits >= 0.7 ['ECBAIT_10_0057_MEMBER_INTERIOR_01', 'ECBAIT_10_0172_MEMBER_INTERIOR_01']
  HIT SRR25711039: 4 baits >= 0.7 ['ECBAIT_10_0002_JUNCTION_01', 'ECBAIT_10_0002_JUNCTION_02', 'ECBAIT_10_0002_MEMBER_INTERIOR_01', 'ECBAIT_10_0057_MEMBER_INTERIOR_01']
  HIT SRR25711041: 1 baits >= 0.7 ['ECBAIT_10_0057_MEMBER_INTERIOR_01']
  HIT SRR25711043: 3 baits >= 0.7 ['ECBAIT_0_0000_JUNCTION_02', 'ECBAIT_0_0000_MEMBER_INTERIOR_01', 'ECBAIT_10_0057_MEMBER_INTERIOR_01']
  HIT SRR25711044: 2 baits >= 0.7 ['ECBAIT_10_0002_MEMBER_INTERIOR_01', 'ECBAIT_10_0057_MEMBER_INTERIOR_01']
  HIT SRR25711045: 1 baits >= 0.7 ['ECBAIT_10_0057_MEMBER_INTERIOR_01']
  HIT SRR25711046: 2 baits >= 0.7 ['ECBAIT_10_0057_MEMBER_INTERIOR_01', 'ECBAIT_10_0172_MEMBER_INTERIOR_01']
  HIT SRR25711047: 4 baits >= 0.7 ['ECBAIT_0_0000_MEMBER_INTERIOR_01', 'ECBAIT_10_0057_MEMBER_INTERIOR_01', 'ECBAIT_10_0172_MEMBER_INTERIOR_01', 'ECBAIT_HOST_CONTROL_02']
  HIT SRR25711048: 1 baits >= 0.7 ['ECBAIT_10_0057_MEMBER_INTERIOR_01']
  HIT SRR25711049: 1 baits >= 0.7 ['ECBAIT_10_0057_MEMBER_INTERIOR_01']
  HIT SRR25711050: 1 baits >= 0.7 ['ECBAIT_10_0057_MEMBER_INTERIOR_01']
  HIT SRR25711051: 1 baits >= 0.7 ['ECBAIT_10_0057_MEMBER_INTERIOR_01']
  HIT SRR25711052: 1 baits >= 0.7 ['ECBAIT_10_0057_MEMBER_INTERIOR_01']
  HIT SRR25711053: 1 baits >= 0.7 ['ECBAIT_10_0057_MEMBER_INTERIOR_01']
  HIT SRR25711054: 4 baits >= 0.7 ['ECBAIT_0_0000_MEMBER_INTERIOR_01', 'ECBAIT_10_0057_MEMBER_INTERIOR_01', 'ECBAIT_10_0172_MEMBER_INTERIOR_01', 'ECBAIT_HOST_CONTROL_02']
  HIT SRR25711056: 1 baits >= 0.7 ['ECBAIT_10_0002_MEMBER_INTERIOR_01']
  HIT SRR25711058: 3 baits >= 0.7 ['ECBAIT_10_0002_MEMBER_INTERIOR_01', 'ECBAIT_10_0057_MEMBER_INTERIOR_01', 'ECBAIT_10_0172_MEMBER_INTERIOR_01']
  HIT SRR25711060: 1 baits >= 0.7 ['ECBAIT_10_0057_MEMBER_INTERIOR_01']
  HIT SRR25711061: 2 baits >= 0.7 ['ECBAIT_10_0002_MEMBER_INTERIOR_01', 'ECBAIT_10_0057_MEMBER_INTERIOR_01']
  HIT SRR25711062: 2 baits >= 0.7 ['ECBAIT_10_0002_MEMBER_INTERIOR_01', 'ECBAIT_10_0057_MEMBER_INTERIOR_01']
  HIT SRR25711063: 2 baits >= 0.7 ['ECBAIT_10_0057_MEMBER_INTERIOR_01', 'ECBAIT_10_0172_MEMBER_INTERIOR_01']
  HIT SRR25711064: 3 baits >= 0.7 ['ECBAIT_10_0002_JUNCTION_01', 'ECBAIT_10_0002_MEMBER_INTERIOR_01', 'ECBAIT_10_0057_MEMBER_INTERIOR_01']
  HIT SRR25711065: 2 baits >= 0.7 ['ECBAIT_10_0002_MEMBER_INTERIOR_01', 'ECBAIT_10_0057_MEMBER_INTERIOR_01']
  HIT SRR25711066: 3 baits >= 0.7 ['ECBAIT_10_0002_JUNCTION_01', 'ECBAIT_10_0002_JUNCTION_02', 'ECBAIT_HOST_CONTROL_01']
  HIT SRR25711067: 2 baits >= 0.7 ['ECBAIT_10_0002_MEMBER_INTERIOR_01', 'ECBAIT_10_0057_MEMBER_INTERIOR_01']
  HIT SRR25711068: 2 baits >= 0.7 ['ECBAIT_10_0057_MEMBER_INTERIOR_01', 'ECBAIT_HOST_CONTROL_02']
  HIT SRR25711069: 1 baits >= 0.7 ['ECBAIT_10_0057_MEMBER_INTERIOR_01']
  HIT SRR25711071: 4 baits >= 0.7 ['ECBAIT_0_0000_INTERIOR_MODULE_01', 'ECBAIT_0_0000_JUNCTION_02', 'ECBAIT_0_0000_MEMBER_INTERIOR_01', 'ECBAIT_HOST_CONTROL_02']
  HIT SRR25711070: 2 baits >= 0.7 ['ECBAIT_1_0004_JUNCTION_01', 'ECBAIT_HOST_CONTROL_01']
  HIT SRR25711076: 2 baits >= 0.7 ['ECBAIT_10_0057_MEMBER_INTERIOR_01', 'ECBAIT_10_0172_MEMBER_INTERIOR_01']
  HIT SRR25711079: 5 baits >= 0.7 ['ECBAIT_0_0000_INTERIOR_MODULE_01', 'ECBAIT_0_0000_JUNCTION_02', 'ECBAIT_0_0000_MEMBER_INTERIOR_01', 'ECBAIT_10_0057_MEMBER_INTERIOR_01']
  HIT SRR25711078: 3 baits >= 0.7 ['ECBAIT_0_0046_JUNCTION_02', 'ECBAIT_10_0057_MEMBER_INTERIOR_01', 'ECBAIT_1_0022_JUNCTION_03']
  HIT SRR25711077: 1 baits >= 0.7 ['ECBAIT_10_0057_MEMBER_INTERIOR_01']
  HIT SRR25711080: 3 baits >= 0.7 ['ECBAIT_0_0014_JUNCTION_01', 'ECBAIT_10_0057_MEMBER_INTERIOR_01', 'ECBAIT_10_0151_JUNCTION_03']
  10650/11975 processed (3141 screened, 2961 hit-accessions) 1238s budget=4.9GB
  HIT SRR25711081: 3 baits >= 0.7 ['ECBAIT_0_0046_JUNCTION_02', 'ECBAIT_0_0046_MEMBER_INTERIOR_01', 'ECBAIT_1_0022_JUNCTION_03']
  HIT SRR25711083: 1 baits >= 0.7 ['ECBAIT_HOST_CONTROL_01']
  HIT SRR25711082: 3 baits >= 0.7 ['ECBAIT_0_0000_JUNCTION_02', 'ECBAIT_0_0000_MEMBER_INTERIOR_01', 'ECBAIT_10_0057_MEMBER_INTERIOR_01']
  HIT SRR25711084: 1 baits >= 0.7 ['ECBAIT_HOST_CONTROL_01']
  HIT SRR25711085: 1 baits >= 0.7 ['ECBAIT_HOST_CONTROL_01']
  HIT SRR25711086: 2 baits >= 0.7 ['ECBAIT_10_0057_MEMBER_INTERIOR_01', 'ECBAIT_HOST_CONTROL_01']
  HIT SRR25711087: 3 baits >= 0.7 ['ECBAIT_0_0000_JUNCTION_02', 'ECBAIT_0_0000_MEMBER_INTERIOR_01', 'ECBAIT_10_0057_MEMBER_INTERIOR_01']
  HIT SRR25711088: 1 baits >= 0.7 ['ECBAIT_10_0057_MEMBER_INTERIOR_01']
  HIT SRR25711089: 2 baits >= 0.7 ['ECBAIT_10_0057_MEMBER_INTERIOR_01', 'ECBAIT_HOST_CONTROL_01']
  HIT SRR25711091: 3 baits >= 0.7 ['ECBAIT_0_0000_JUNCTION_02', 'ECBAIT_10_0057_MEMBER_INTERIOR_01', 'ECBAIT_HOST_CONTROL_02']
  HIT SRR25711093: 3 baits >= 0.7 ['ECBAIT_10_0151_MEMBER_INTERIOR_01', 'ECBAIT_10_0172_MEMBER_INTERIOR_01', 'ECBAIT_HOST_CONTROL_02']
  HIT SRR2970632: 2 baits >= 0.7 ['ECBAIT_10_0002_MEMBER_INTERIOR_01', 'ECBAIT_10_0057_MEMBER_INTERIOR_01']
  HIT SRR2970633: 2 baits >= 0.7 ['ECBAIT_10_0002_MEMBER_INTERIOR_01', 'ECBAIT_10_0057_MEMBER_INTERIOR_01']
  HIT SRR2970634: 4 baits >= 0.7 ['ECBAIT_10_0002_JUNCTION_01', 'ECBAIT_10_0002_JUNCTION_02', 'ECBAIT_10_0002_MEMBER_INTERIOR_01', 'ECBAIT_10_0057_MEMBER_INTERIOR_01']
  HIT SRR2970635: 2 baits >= 0.7 ['ECBAIT_10_0002_MEMBER_INTERIOR_01', 'ECBAIT_10_0057_MEMBER_INTERIOR_01']
  HIT SRR2970636: 2 baits >= 0.7 ['ECBAIT_10_0002_MEMBER_INTERIOR_01', 'ECBAIT_10_0057_MEMBER_INTERIOR_01']
  HIT SRR2970637: 2 baits >= 0.7 ['ECBAIT_10_0057_MEMBER_INTERIOR_01', 'ECBAIT_HOST_CONTROL_02']
  HIT SRR2970639: 4 baits >= 0.7 ['ECBAIT_10_0002_JUNCTION_01', 'ECBAIT_10_0002_JUNCTION_02', 'ECBAIT_10_0002_MEMBER_INTERIOR_01', 'ECBAIT_10_0057_MEMBER_INTERIOR_01']
  HIT SRR2970640: 2 baits >= 0.7 ['ECBAIT_10_0002_MEMBER_INTERIOR_01', 'ECBAIT_10_0057_MEMBER_INTERIOR_01']
  HIT SRR2970642: 1 baits >= 0.7 ['ECBAIT_10_0057_MEMBER_INTERIOR_01']
  HIT SRR2970641: 2 baits >= 0.7 ['ECBAIT_10_0057_MEMBER_INTERIOR_01', 'ECBAIT_HOST_CONTROL_02']
  HIT SRR2970643: 4 baits >= 0.7 ['ECBAIT_10_0002_JUNCTION_01', 'ECBAIT_10_0002_JUNCTION_02', 'ECBAIT_10_0002_MEMBER_INTERIOR_01', 'ECBAIT_10_0057_MEMBER_INTERIOR_01']
  HIT SRR2970644: 2 baits >= 0.7 ['ECBAIT_10_0002_MEMBER_INTERIOR_01', 'ECBAIT_10_0057_MEMBER_INTERIOR_01']
  HIT SRR2970646: 4 baits >= 0.7 ['ECBAIT_10_0002_JUNCTION_01', 'ECBAIT_10_0002_JUNCTION_02', 'ECBAIT_10_0002_MEMBER_INTERIOR_01', 'ECBAIT_10_0057_MEMBER_INTERIOR_01']
  HIT SRR2970645: 4 baits >= 0.7 ['ECBAIT_10_0002_JUNCTION_01', 'ECBAIT_10_0002_JUNCTION_02', 'ECBAIT_10_0002_MEMBER_INTERIOR_01', 'ECBAIT_10_0057_MEMBER_INTERIOR_01']
  HIT SRR2970647: 2 baits >= 0.7 ['ECBAIT_10_0002_MEMBER_INTERIOR_01', 'ECBAIT_10_0057_MEMBER_INTERIOR_01']
  HIT SRR2970648: 3 baits >= 0.7 ['ECBAIT_0_0000_JUNCTION_02', 'ECBAIT_10_0002_MEMBER_INTERIOR_01', 'ECBAIT_10_0057_MEMBER_INTERIOR_01']
  HIT SRR2970649: 1 baits >= 0.7 ['ECBAIT_10_0057_MEMBER_INTERIOR_01']
  HIT SRR2970650: 3 baits >= 0.7 ['ECBAIT_10_0002_MEMBER_INTERIOR_01', 'ECBAIT_10_0057_MEMBER_INTERIOR_01', 'ECBAIT_10_0172_MEMBER_INTERIOR_01']
  HIT SRR2970651: 1 baits >= 0.7 ['ECBAIT_10_0057_MEMBER_INTERIOR_01']
  HIT SRR2970652: 3 baits >= 0.7 ['ECBAIT_10_0002_MEMBER_INTERIOR_01', 'ECBAIT_10_0057_MEMBER_INTERIOR_01', 'ECBAIT_10_0172_MEMBER_INTERIOR_01']
  HIT SRR2970654: 2 baits >= 0.7 ['ECBAIT_10_0002_MEMBER_INTERIOR_01', 'ECBAIT_10_0057_MEMBER_INTERIOR_01']
  HIT SRR2970653: 1 baits >= 0.7 ['ECBAIT_10_0057_MEMBER_INTERIOR_01']
  HIT SRR2970655: 4 baits >= 0.7 ['ECBAIT_0_0052_JUNCTION_03', 'ECBAIT_0_0054_MEMBER_INTERIOR_01', 'ECBAIT_10_0057_MEMBER_INTERIOR_01', 'ECBAIT_HOST_CONTROL_02']
  HIT SRR2970656: 2 baits >= 0.7 ['ECBAIT_0_0067_MEMBER_INTERIOR_01', 'ECBAIT_HOST_CONTROL_01']
  HIT SRR2970657: 4 baits >= 0.7 ['ECBAIT_10_0002_JUNCTION_01', 'ECBAIT_10_0002_JUNCTION_02', 'ECBAIT_10_0002_MEMBER_INTERIOR_01', 'ECBAIT_10_0057_MEMBER_INTERIOR_01']
  HIT SRR2970658: 2 baits >= 0.7 ['ECBAIT_0_0067_MEMBER_INTERIOR_01', 'ECBAIT_HOST_CONTROL_01']
  HIT SRR2970659: 3 baits >= 0.7 ['ECBAIT_0_0067_MEMBER_INTERIOR_01', 'ECBAIT_10_0057_MEMBER_INTERIOR_01', 'ECBAIT_HOST_CONTROL_01']
  HIT SRR2970661: 3 baits >= 0.7 ['ECBAIT_0_0067_MEMBER_INTERIOR_01', 'ECBAIT_10_0057_MEMBER_INTERIOR_01', 'ECBAIT_HOST_CONTROL_01']
  HIT SRR2970660: 2 baits >= 0.7 ['ECBAIT_0_0067_MEMBER_INTERIOR_01', 'ECBAIT_HOST_CONTROL_01']
  HIT SRR2970662: 2 baits >= 0.7 ['ECBAIT_0_0067_MEMBER_INTERIOR_01', 'ECBAIT_HOST_CONTROL_01']
  HIT SRR2970663: 2 baits >= 0.7 ['ECBAIT_0_0067_MEMBER_INTERIOR_01', 'ECBAIT_HOST_CONTROL_01']
  HIT SRR2970664: 3 baits >= 0.7 ['ECBAIT_0_0067_MEMBER_INTERIOR_01', 'ECBAIT_10_0057_MEMBER_INTERIOR_01', 'ECBAIT_HOST_CONTROL_01']
  HIT SRR2970665: 2 baits >= 0.7 ['ECBAIT_0_0067_MEMBER_INTERIOR_01', 'ECBAIT_HOST_CONTROL_01']
  HIT SRR2970667: 2 baits >= 0.7 ['ECBAIT_0_0067_MEMBER_INTERIOR_01', 'ECBAIT_HOST_CONTROL_01']
  HIT SRR2970668: 4 baits >= 0.7 ['ECBAIT_10_0002_JUNCTION_01', 'ECBAIT_10_0002_JUNCTION_02', 'ECBAIT_10_0002_MEMBER_INTERIOR_01', 'ECBAIT_10_0057_MEMBER_INTERIOR_01']
  HIT SRR2970669: 3 baits >= 0.7 ['ECBAIT_0_0067_MEMBER_INTERIOR_01', 'ECBAIT_10_0057_MEMBER_INTERIOR_01', 'ECBAIT_HOST_CONTROL_01']
  10700/11975 processed (3190 screened, 3008 hit-accessions) 1254s budget=5.0GB
  HIT SRR2970671: 2 baits >= 0.7 ['ECBAIT_0_0067_MEMBER_INTERIOR_01', 'ECBAIT_HOST_CONTROL_01']
  HIT SRR2970672: 2 baits >= 0.7 ['ECBAIT_0_0067_MEMBER_INTERIOR_01', 'ECBAIT_HOST_CONTROL_01']
  HIT SRR2970673: 2 baits >= 0.7 ['ECBAIT_0_0067_MEMBER_INTERIOR_01', 'ECBAIT_HOST_CONTROL_01']
  HIT SRR2970674: 2 baits >= 0.7 ['ECBAIT_0_0067_MEMBER_INTERIOR_01', 'ECBAIT_HOST_CONTROL_01']
  HIT SRR2970675: 2 baits >= 0.7 ['ECBAIT_0_0067_MEMBER_INTERIOR_01', 'ECBAIT_HOST_CONTROL_01']
  HIT SRR2970676: 2 baits >= 0.7 ['ECBAIT_0_0067_MEMBER_INTERIOR_01', 'ECBAIT_HOST_CONTROL_01']
  HIT SRR2970677: 3 baits >= 0.7 ['ECBAIT_0_0067_MEMBER_INTERIOR_01', 'ECBAIT_10_0057_MEMBER_INTERIOR_01', 'ECBAIT_HOST_CONTROL_01']
  HIT SRR2970678: 2 baits >= 0.7 ['ECBAIT_0_0067_MEMBER_INTERIOR_01', 'ECBAIT_HOST_CONTROL_01']
  HIT SRR2970679: 2 baits >= 0.7 ['ECBAIT_0_0067_MEMBER_INTERIOR_01', 'ECBAIT_HOST_CONTROL_01']
  HIT SRR2970680: 4 baits >= 0.7 ['ECBAIT_10_0002_JUNCTION_01', 'ECBAIT_10_0002_JUNCTION_02', 'ECBAIT_10_0002_MEMBER_INTERIOR_01', 'ECBAIT_10_0057_MEMBER_INTERIOR_01']
  HIT SRR2970681: 2 baits >= 0.7 ['ECBAIT_0_0067_MEMBER_INTERIOR_01', 'ECBAIT_HOST_CONTROL_01']
  HIT SRR2970682: 2 baits >= 0.7 ['ECBAIT_0_0067_MEMBER_INTERIOR_01', 'ECBAIT_HOST_CONTROL_01']
  HIT SRR2970683: 2 baits >= 0.7 ['ECBAIT_0_0067_MEMBER_INTERIOR_01', 'ECBAIT_HOST_CONTROL_01']
  HIT SRR2970684: 2 baits >= 0.7 ['ECBAIT_0_0067_MEMBER_INTERIOR_01', 'ECBAIT_HOST_CONTROL_01']
  HIT SRR2970685: 3 baits >= 0.7 ['ECBAIT_0_0067_MEMBER_INTERIOR_01', 'ECBAIT_10_0057_MEMBER_INTERIOR_01', 'ECBAIT_HOST_CONTROL_01']
  HIT SRR2970686: 2 baits >= 0.7 ['ECBAIT_0_0067_MEMBER_INTERIOR_01', 'ECBAIT_HOST_CONTROL_01']
  HIT SRR2970687: 2 baits >= 0.7 ['ECBAIT_0_0067_MEMBER_INTERIOR_01', 'ECBAIT_HOST_CONTROL_01']
  HIT SRR2970688: 3 baits >= 0.7 ['ECBAIT_0_0067_MEMBER_INTERIOR_01', 'ECBAIT_10_0057_MEMBER_INTERIOR_01', 'ECBAIT_HOST_CONTROL_01']
  HIT SRR2970689: 2 baits >= 0.7 ['ECBAIT_0_0067_MEMBER_INTERIOR_01', 'ECBAIT_HOST_CONTROL_01']
  HIT SRR2970690: 1 baits >= 0.7 ['ECBAIT_10_0057_MEMBER_INTERIOR_01']
  HIT SRR2970691: 3 baits >= 0.7 ['ECBAIT_10_0002_JUNCTION_01', 'ECBAIT_10_0002_MEMBER_INTERIOR_01', 'ECBAIT_10_0057_MEMBER_INTERIOR_01']
  HIT SRR2970692: 4 baits >= 0.7 ['ECBAIT_10_0002_JUNCTION_01', 'ECBAIT_10_0002_JUNCTION_02', 'ECBAIT_10_0002_MEMBER_INTERIOR_01', 'ECBAIT_10_0057_MEMBER_INTERIOR_01']
  HIT SRR2970693: 4 baits >= 0.7 ['ECBAIT_10_0002_JUNCTION_01', 'ECBAIT_10_0002_JUNCTION_02', 'ECBAIT_10_0002_MEMBER_INTERIOR_01', 'ECBAIT_10_0057_MEMBER_INTERIOR_01']
  HIT SRR2970694: 4 baits >= 0.7 ['ECBAIT_10_0002_JUNCTION_01', 'ECBAIT_10_0002_JUNCTION_02', 'ECBAIT_10_0002_MEMBER_INTERIOR_01', 'ECBAIT_10_0057_MEMBER_INTERIOR_01']
  HIT SRR2970695: 2 baits >= 0.7 ['ECBAIT_10_0002_MEMBER_INTERIOR_01', 'ECBAIT_10_0057_MEMBER_INTERIOR_01']
  HIT SRR2970696: 4 baits >= 0.7 ['ECBAIT_10_0002_JUNCTION_01', 'ECBAIT_10_0002_JUNCTION_02', 'ECBAIT_10_0002_MEMBER_INTERIOR_01', 'ECBAIT_10_0057_MEMBER_INTERIOR_01']
  HIT SRR2970697: 4 baits >= 0.7 ['ECBAIT_10_0002_JUNCTION_01', 'ECBAIT_10_0002_JUNCTION_02', 'ECBAIT_10_0002_MEMBER_INTERIOR_01', 'ECBAIT_10_0057_MEMBER_INTERIOR_01']
  HIT SRR2970698: 4 baits >= 0.7 ['ECBAIT_10_0002_JUNCTION_01', 'ECBAIT_10_0002_JUNCTION_02', 'ECBAIT_10_0002_MEMBER_INTERIOR_01', 'ECBAIT_10_0057_MEMBER_INTERIOR_01']
  HIT SRR2970699: 1 baits >= 0.7 ['ECBAIT_10_0057_MEMBER_INTERIOR_01']
  HIT SRR2970700: 4 baits >= 0.7 ['ECBAIT_10_0002_JUNCTION_01', 'ECBAIT_10_0002_JUNCTION_02', 'ECBAIT_10_0002_MEMBER_INTERIOR_01', 'ECBAIT_10_0057_MEMBER_INTERIOR_01']
  HIT SRR2970701: 4 baits >= 0.7 ['ECBAIT_10_0002_JUNCTION_01', 'ECBAIT_10_0002_JUNCTION_02', 'ECBAIT_10_0002_MEMBER_INTERIOR_01', 'ECBAIT_10_0057_MEMBER_INTERIOR_01']
  HIT SRR2970702: 3 baits >= 0.7 ['ECBAIT_10_0002_JUNCTION_02', 'ECBAIT_10_0002_MEMBER_INTERIOR_01', 'ECBAIT_10_0057_MEMBER_INTERIOR_01']
  HIT SRR2970703: 4 baits >= 0.7 ['ECBAIT_10_0002_JUNCTION_01', 'ECBAIT_10_0002_JUNCTION_02', 'ECBAIT_10_0002_MEMBER_INTERIOR_01', 'ECBAIT_10_0057_MEMBER_INTERIOR_01']
  HIT SRR2970704: 4 baits >= 0.7 ['ECBAIT_10_0002_JUNCTION_01', 'ECBAIT_10_0002_JUNCTION_02', 'ECBAIT_10_0002_MEMBER_INTERIOR_01', 'ECBAIT_10_0057_MEMBER_INTERIOR_01']
  HIT SRR2970705: 4 baits >= 0.7 ['ECBAIT_10_0002_JUNCTION_01', 'ECBAIT_10_0002_JUNCTION_02', 'ECBAIT_10_0002_MEMBER_INTERIOR_01', 'ECBAIT_10_0057_MEMBER_INTERIOR_01']
  HIT SRR2970706: 1 baits >= 0.7 ['ECBAIT_10_0057_MEMBER_INTERIOR_01']
  HIT SRR2970707: 4 baits >= 0.7 ['ECBAIT_10_0002_JUNCTION_01', 'ECBAIT_10_0002_JUNCTION_02', 'ECBAIT_10_0002_MEMBER_INTERIOR_01', 'ECBAIT_10_0057_MEMBER_INTERIOR_01']
  HIT SRR2970708: 4 baits >= 0.7 ['ECBAIT_10_0002_JUNCTION_01', 'ECBAIT_10_0002_JUNCTION_02', 'ECBAIT_10_0002_MEMBER_INTERIOR_01', 'ECBAIT_10_0057_MEMBER_INTERIOR_01']
  HIT SRR2970709: 4 baits >= 0.7 ['ECBAIT_10_0002_JUNCTION_01', 'ECBAIT_10_0002_JUNCTION_02', 'ECBAIT_10_0002_MEMBER_INTERIOR_01', 'ECBAIT_10_0057_MEMBER_INTERIOR_01']
  HIT SRR2970710: 4 baits >= 0.7 ['ECBAIT_10_0002_JUNCTION_01', 'ECBAIT_10_0002_JUNCTION_02', 'ECBAIT_10_0002_MEMBER_INTERIOR_01', 'ECBAIT_10_0057_MEMBER_INTERIOR_01']
  HIT SRR2970711: 4 baits >= 0.7 ['ECBAIT_10_0002_JUNCTION_01', 'ECBAIT_10_0002_JUNCTION_02', 'ECBAIT_10_0002_MEMBER_INTERIOR_01', 'ECBAIT_10_0057_MEMBER_INTERIOR_01']
  HIT SRR2970712: 4 baits >= 0.7 ['ECBAIT_10_0002_JUNCTION_01', 'ECBAIT_10_0002_JUNCTION_02', 'ECBAIT_10_0002_MEMBER_INTERIOR_01', 'ECBAIT_10_0057_MEMBER_INTERIOR_01']
  HIT SRR2970713: 1 baits >= 0.7 ['ECBAIT_10_0057_MEMBER_INTERIOR_01']
  HIT SRR2970714: 1 baits >= 0.7 ['ECBAIT_10_0057_MEMBER_INTERIOR_01']
  HIT SRR2970715: 4 baits >= 0.7 ['ECBAIT_10_0002_JUNCTION_01', 'ECBAIT_10_0002_JUNCTION_02', 'ECBAIT_10_0002_MEMBER_INTERIOR_01', 'ECBAIT_10_0057_MEMBER_INTERIOR_01']
  HIT SRR2970716: 2 baits >= 0.7 ['ECBAIT_10_0057_MEMBER_INTERIOR_01', 'ECBAIT_HOST_CONTROL_02']
  HIT SRR2970717: 2 baits >= 0.7 ['ECBAIT_10_0002_MEMBER_INTERIOR_01', 'ECBAIT_10_0057_MEMBER_INTERIOR_01']
  HIT SRR2970718: 1 baits >= 0.7 ['ECBAIT_10_0057_MEMBER_INTERIOR_01']
  HIT SRR2970719: 2 baits >= 0.7 ['ECBAIT_10_0002_MEMBER_INTERIOR_01', 'ECBAIT_10_0057_MEMBER_INTERIOR_01']
  HIT SRR2970720: 4 baits >= 0.7 ['ECBAIT_10_0002_JUNCTION_01', 'ECBAIT_10_0002_JUNCTION_02', 'ECBAIT_10_0002_MEMBER_INTERIOR_01', 'ECBAIT_10_0057_MEMBER_INTERIOR_01']
  10750/11975 processed (3240 screened, 3058 hit-accessions) 1270s budget=5.0GB
  HIT SRR2970728: 1 baits >= 0.7 ['ECBAIT_10_0057_MEMBER_INTERIOR_01']
  HIT SRR2970733: 2 baits >= 0.7 ['ECBAIT_10_0002_MEMBER_INTERIOR_01', 'ECBAIT_10_0057_MEMBER_INTERIOR_01']
  HIT SRR2970734: 2 baits >= 0.7 ['ECBAIT_10_0002_MEMBER_INTERIOR_01', 'ECBAIT_10_0057_MEMBER_INTERIOR_01']
  HIT SRR2970735: 2 baits >= 0.7 ['ECBAIT_10_0002_MEMBER_INTERIOR_01', 'ECBAIT_10_0057_MEMBER_INTERIOR_01']
  HIT SRR2970737: 4 baits >= 0.7 ['ECBAIT_0_0000_MEMBER_INTERIOR_01', 'ECBAIT_10_0002_MEMBER_INTERIOR_01', 'ECBAIT_10_0057_MEMBER_INTERIOR_01', 'ECBAIT_1_0004_JUNCTION_02']
  HIT SRR2970738: 2 baits >= 0.7 ['ECBAIT_10_0002_MEMBER_INTERIOR_01', 'ECBAIT_10_0057_MEMBER_INTERIOR_01']
  HIT SRR2970739: 2 baits >= 0.7 ['ECBAIT_10_0002_MEMBER_INTERIOR_01', 'ECBAIT_10_0057_MEMBER_INTERIOR_01']
  HIT SRR2970740: 2 baits >= 0.7 ['ECBAIT_10_0002_MEMBER_INTERIOR_01', 'ECBAIT_10_0057_MEMBER_INTERIOR_01']
  HIT SRR2970741: 2 baits >= 0.7 ['ECBAIT_10_0002_MEMBER_INTERIOR_01', 'ECBAIT_10_0057_MEMBER_INTERIOR_01']
  HIT SRR2970743: 4 baits >= 0.7 ['ECBAIT_10_0002_JUNCTION_01', 'ECBAIT_10_0002_JUNCTION_02', 'ECBAIT_10_0002_MEMBER_INTERIOR_01', 'ECBAIT_10_0057_MEMBER_INTERIOR_01']
  HIT SRR2970742: 1 baits >= 0.7 ['ECBAIT_10_0057_MEMBER_INTERIOR_01']
  HIT SRR2970745: 1 baits >= 0.7 ['ECBAIT_10_0057_MEMBER_INTERIOR_01']
  HIT SRR2970744: 3 baits >= 0.7 ['ECBAIT_10_0002_JUNCTION_01', 'ECBAIT_10_0002_MEMBER_INTERIOR_01', 'ECBAIT_10_0057_MEMBER_INTERIOR_01']
  HIT SRR2970747: 2 baits >= 0.7 ['ECBAIT_10_0002_MEMBER_INTERIOR_01', 'ECBAIT_10_0057_MEMBER_INTERIOR_01']
  HIT SRR2970746: 3 baits >= 0.7 ['ECBAIT_10_0002_JUNCTION_01', 'ECBAIT_10_0002_MEMBER_INTERIOR_01', 'ECBAIT_10_0057_MEMBER_INTERIOR_01']
  HIT SRR2970748: 3 baits >= 0.7 ['ECBAIT_10_0002_JUNCTION_02', 'ECBAIT_10_0002_MEMBER_INTERIOR_01', 'ECBAIT_10_0057_MEMBER_INTERIOR_01']
  HIT SRR2970749: 2 baits >= 0.7 ['ECBAIT_10_0002_MEMBER_INTERIOR_01', 'ECBAIT_10_0057_MEMBER_INTERIOR_01']
  HIT SRR2970750: 1 baits >= 0.7 ['ECBAIT_10_0057_MEMBER_INTERIOR_01']
  HIT SRR2970751: 2 baits >= 0.7 ['ECBAIT_10_0002_MEMBER_INTERIOR_01', 'ECBAIT_10_0057_MEMBER_INTERIOR_01']
  HIT SRR2970752: 1 baits >= 0.7 ['ECBAIT_10_0057_MEMBER_INTERIOR_01']
  HIT SRR2970753: 2 baits >= 0.7 ['ECBAIT_10_0057_MEMBER_INTERIOR_01', 'ECBAIT_10_0172_MEMBER_INTERIOR_01']
  HIT SRR2970754: 3 baits >= 0.7 ['ECBAIT_10_0002_JUNCTION_01', 'ECBAIT_10_0002_MEMBER_INTERIOR_01', 'ECBAIT_10_0057_MEMBER_INTERIOR_01']
  HIT SRR2970755: 4 baits >= 0.7 ['ECBAIT_10_0002_JUNCTION_01', 'ECBAIT_10_0002_JUNCTION_02', 'ECBAIT_10_0002_MEMBER_INTERIOR_01', 'ECBAIT_10_0057_MEMBER_INTERIOR_01']
  HIT SRR2970756: 4 baits >= 0.7 ['ECBAIT_10_0002_JUNCTION_01', 'ECBAIT_10_0002_JUNCTION_02', 'ECBAIT_10_0002_MEMBER_INTERIOR_01', 'ECBAIT_10_0057_MEMBER_INTERIOR_01']
  HIT SRR2970757: 2 baits >= 0.7 ['ECBAIT_10_0002_MEMBER_INTERIOR_01', 'ECBAIT_10_0057_MEMBER_INTERIOR_01']
  HIT SRR2970758: 4 baits >= 0.7 ['ECBAIT_10_0002_JUNCTION_01', 'ECBAIT_10_0002_JUNCTION_02', 'ECBAIT_10_0002_MEMBER_INTERIOR_01', 'ECBAIT_10_0057_MEMBER_INTERIOR_01']
  HIT SRR2970759: 4 baits >= 0.7 ['ECBAIT_10_0002_JUNCTION_01', 'ECBAIT_10_0002_JUNCTION_02', 'ECBAIT_10_0002_MEMBER_INTERIOR_01', 'ECBAIT_10_0057_MEMBER_INTERIOR_01']
  HIT SRR2970760: 4 baits >= 0.7 ['ECBAIT_10_0002_JUNCTION_01', 'ECBAIT_10_0002_JUNCTION_02', 'ECBAIT_10_0002_MEMBER_INTERIOR_01', 'ECBAIT_10_0057_MEMBER_INTERIOR_01']
  HIT SRR2970761: 4 baits >= 0.7 ['ECBAIT_10_0002_JUNCTION_01', 'ECBAIT_10_0002_JUNCTION_02', 'ECBAIT_10_0002_MEMBER_INTERIOR_01', 'ECBAIT_10_0057_MEMBER_INTERIOR_01']
  HIT SRR2970762: 2 baits >= 0.7 ['ECBAIT_10_0002_MEMBER_INTERIOR_01', 'ECBAIT_10_0057_MEMBER_INTERIOR_01']
  HIT SRR2970763: 4 baits >= 0.7 ['ECBAIT_10_0002_JUNCTION_01', 'ECBAIT_10_0002_JUNCTION_02', 'ECBAIT_10_0002_MEMBER_INTERIOR_01', 'ECBAIT_10_0057_MEMBER_INTERIOR_01']
  HIT SRR2970764: 4 baits >= 0.7 ['ECBAIT_10_0002_JUNCTION_01', 'ECBAIT_10_0002_JUNCTION_02', 'ECBAIT_10_0002_MEMBER_INTERIOR_01', 'ECBAIT_10_0057_MEMBER_INTERIOR_01']
  HIT SRR2970765: 4 baits >= 0.7 ['ECBAIT_10_0002_JUNCTION_01', 'ECBAIT_10_0002_JUNCTION_02', 'ECBAIT_10_0002_MEMBER_INTERIOR_01', 'ECBAIT_10_0057_MEMBER_INTERIOR_01']
  HIT SRR2970766: 4 baits >= 0.7 ['ECBAIT_10_0002_JUNCTION_01', 'ECBAIT_10_0002_JUNCTION_02', 'ECBAIT_10_0002_MEMBER_INTERIOR_01', 'ECBAIT_10_0057_MEMBER_INTERIOR_01']
  HIT SRR2970767: 4 baits >= 0.7 ['ECBAIT_10_0002_JUNCTION_01', 'ECBAIT_10_0002_JUNCTION_02', 'ECBAIT_10_0002_MEMBER_INTERIOR_01', 'ECBAIT_10_0057_MEMBER_INTERIOR_01']
  HIT SRR2970768: 3 baits >= 0.7 ['ECBAIT_10_0002_JUNCTION_01', 'ECBAIT_10_0057_MEMBER_INTERIOR_01', 'ECBAIT_10_0151_MEMBER_INTERIOR_01']
  HIT SRR2970769: 2 baits >= 0.7 ['ECBAIT_10_0002_MEMBER_INTERIOR_01', 'ECBAIT_10_0057_MEMBER_INTERIOR_01']
  HIT SRR2970770: 4 baits >= 0.7 ['ECBAIT_10_0002_JUNCTION_01', 'ECBAIT_10_0002_JUNCTION_02', 'ECBAIT_10_0002_MEMBER_INTERIOR_01', 'ECBAIT_10_0057_MEMBER_INTERIOR_01']
  HIT SRR2970771: 2 baits >= 0.7 ['ECBAIT_10_0002_MEMBER_INTERIOR_01', 'ECBAIT_10_0057_MEMBER_INTERIOR_01']
  HIT SRR2970772: 2 baits >= 0.7 ['ECBAIT_10_0002_MEMBER_INTERIOR_01', 'ECBAIT_10_0057_MEMBER_INTERIOR_01']
  HIT SRR2970774: 2 baits >= 0.7 ['ECBAIT_10_0057_MEMBER_INTERIOR_01', 'ECBAIT_10_0172_MEMBER_INTERIOR_01']
  HIT SRR2970775: 2 baits >= 0.7 ['ECBAIT_10_0057_MEMBER_INTERIOR_01', 'ECBAIT_10_0172_MEMBER_INTERIOR_01']
  HIT SRR2970776: 2 baits >= 0.7 ['ECBAIT_10_0002_MEMBER_INTERIOR_01', 'ECBAIT_10_0057_MEMBER_INTERIOR_01']
  HIT SRR2970777: 1 baits >= 0.7 ['ECBAIT_10_0057_MEMBER_INTERIOR_01']
  HIT SRR2970778: 2 baits >= 0.7 ['ECBAIT_10_0002_MEMBER_INTERIOR_01', 'ECBAIT_10_0057_MEMBER_INTERIOR_01']
  HIT SRR2970779: 1 baits >= 0.7 ['ECBAIT_10_0057_MEMBER_INTERIOR_01']
  HIT SRR2970780: 3 baits >= 0.7 ['ECBAIT_0_0052_JUNCTION_01', 'ECBAIT_0_0052_JUNCTION_03', 'ECBAIT_10_0057_MEMBER_INTERIOR_01']
  HIT SRR2970781: 4 baits >= 0.7 ['ECBAIT_10_0002_JUNCTION_01', 'ECBAIT_10_0002_JUNCTION_02', 'ECBAIT_10_0002_MEMBER_INTERIOR_01', 'ECBAIT_10_0057_MEMBER_INTERIOR_01']
  HIT SRR2970782: 2 baits >= 0.7 ['ECBAIT_10_0002_MEMBER_INTERIOR_01', 'ECBAIT_10_0057_MEMBER_INTERIOR_01']
  10800/11975 processed (3289 screened, 3107 hit-accessions) 1285s budget=5.1GB
  HIT SRR2970783: 2 baits >= 0.7 ['ECBAIT_10_0002_MEMBER_INTERIOR_01', 'ECBAIT_10_0057_MEMBER_INTERIOR_01']
  HIT SRR3066096: 2 baits >= 0.7 ['ECBAIT_10_0002_MEMBER_INTERIOR_01', 'ECBAIT_10_0057_MEMBER_INTERIOR_01']
  HIT SRR3108216: 2 baits >= 0.7 ['ECBAIT_10_0057_MEMBER_INTERIOR_01', 'ECBAIT_HOST_CONTROL_02']
  HIT SRR3108217: 3 baits >= 0.7 ['ECBAIT_0_0052_JUNCTION_01', 'ECBAIT_0_0052_JUNCTION_03', 'ECBAIT_10_0057_MEMBER_INTERIOR_01']
  HIT SRR3108218: 2 baits >= 0.7 ['ECBAIT_10_0057_MEMBER_INTERIOR_01', 'ECBAIT_HOST_CONTROL_02']
  HIT SRR3108219: 2 baits >= 0.7 ['ECBAIT_10_0057_MEMBER_INTERIOR_01', 'ECBAIT_HOST_CONTROL_02']
  HIT SRR3108220: 2 baits >= 0.7 ['ECBAIT_10_0057_MEMBER_INTERIOR_01', 'ECBAIT_HOST_CONTROL_02']
  HIT SRR3108221: 1 baits >= 0.7 ['ECBAIT_10_0057_MEMBER_INTERIOR_01']
  HIT SRR3108222: 1 baits >= 0.7 ['ECBAIT_10_0057_MEMBER_INTERIOR_01']
  HIT SRR3108223: 1 baits >= 0.7 ['ECBAIT_10_0057_MEMBER_INTERIOR_01']
  HIT SRR3108224: 1 baits >= 0.7 ['ECBAIT_10_0057_MEMBER_INTERIOR_01']
  HIT SRR3108225: 3 baits >= 0.7 ['ECBAIT_0_0052_JUNCTION_01', 'ECBAIT_0_0052_JUNCTION_03', 'ECBAIT_10_0057_MEMBER_INTERIOR_01']
  HIT SRR3108227: 1 baits >= 0.7 ['ECBAIT_10_0057_MEMBER_INTERIOR_01']
  HIT SRR3108226: 2 baits >= 0.7 ['ECBAIT_10_0057_MEMBER_INTERIOR_01', 'ECBAIT_HOST_CONTROL_02']
  HIT SRR3108228: 1 baits >= 0.7 ['ECBAIT_10_0057_MEMBER_INTERIOR_01']
  HIT SRR3108229: 4 baits >= 0.7 ['ECBAIT_0_0000_MEMBER_INTERIOR_01', 'ECBAIT_0_0052_JUNCTION_01', 'ECBAIT_0_0052_JUNCTION_03', 'ECBAIT_10_0057_MEMBER_INTERIOR_01']
  HIT SRR3108230: 2 baits >= 0.7 ['ECBAIT_10_0057_MEMBER_INTERIOR_01', 'ECBAIT_HOST_CONTROL_02']
  HIT SRR3108231: 2 baits >= 0.7 ['ECBAIT_10_0057_MEMBER_INTERIOR_01', 'ECBAIT_HOST_CONTROL_02']
  HIT SRR3108232: 2 baits >= 0.7 ['ECBAIT_10_0057_MEMBER_INTERIOR_01', 'ECBAIT_HOST_CONTROL_02']
  HIT SRR3108233: 2 baits >= 0.7 ['ECBAIT_10_0057_MEMBER_INTERIOR_01', 'ECBAIT_HOST_CONTROL_02']
  HIT SRR3108234: 1 baits >= 0.7 ['ECBAIT_10_0057_MEMBER_INTERIOR_01']
  HIT SRR3108235: 2 baits >= 0.7 ['ECBAIT_10_0057_MEMBER_INTERIOR_01', 'ECBAIT_1_0004_MEMBER_INTERIOR_01']
  HIT SRR3108236: 1 baits >= 0.7 ['ECBAIT_10_0057_MEMBER_INTERIOR_01']
  HIT SRR3108237: 4 baits >= 0.7 ['ECBAIT_0_0000_MEMBER_INTERIOR_01', 'ECBAIT_0_0052_JUNCTION_01', 'ECBAIT_0_0052_JUNCTION_03', 'ECBAIT_10_0057_MEMBER_INTERIOR_01']
  HIT SRR3108238: 2 baits >= 0.7 ['ECBAIT_10_0057_MEMBER_INTERIOR_01', 'ECBAIT_HOST_CONTROL_02']
  HIT SRR3108239: 3 baits >= 0.7 ['ECBAIT_0_0094_MEMBER_INTERIOR_01', 'ECBAIT_10_0057_MEMBER_INTERIOR_01', 'ECBAIT_HOST_CONTROL_02']
  HIT SRR3108240: 2 baits >= 0.7 ['ECBAIT_10_0057_MEMBER_INTERIOR_01', 'ECBAIT_HOST_CONTROL_02']
  HIT SRR3108241: 2 baits >= 0.7 ['ECBAIT_10_0057_MEMBER_INTERIOR_01', 'ECBAIT_HOST_CONTROL_02']
  HIT SRR3108242: 1 baits >= 0.7 ['ECBAIT_10_0057_MEMBER_INTERIOR_01']
  HIT SRR3108243: 2 baits >= 0.7 ['ECBAIT_10_0002_MEMBER_INTERIOR_01', 'ECBAIT_10_0057_MEMBER_INTERIOR_01']
  HIT SRR3108244: 2 baits >= 0.7 ['ECBAIT_10_0002_MEMBER_INTERIOR_01', 'ECBAIT_10_0057_MEMBER_INTERIOR_01']
  HIT SRR3108245: 2 baits >= 0.7 ['ECBAIT_10_0002_MEMBER_INTERIOR_01', 'ECBAIT_10_0057_MEMBER_INTERIOR_01']
  HIT SRR3108246: 2 baits >= 0.7 ['ECBAIT_10_0057_MEMBER_INTERIOR_01', 'ECBAIT_HOST_CONTROL_02']
  HIT SRR3108247: 2 baits >= 0.7 ['ECBAIT_10_0057_MEMBER_INTERIOR_01', 'ECBAIT_HOST_CONTROL_02']
  HIT SRR3108248: 1 baits >= 0.7 ['ECBAIT_10_0057_MEMBER_INTERIOR_01']
  HIT SRR3108249: 2 baits >= 0.7 ['ECBAIT_10_0057_MEMBER_INTERIOR_01', 'ECBAIT_HOST_CONTROL_02']
  HIT SRR3108250: 2 baits >= 0.7 ['ECBAIT_10_0002_MEMBER_INTERIOR_01', 'ECBAIT_10_0057_MEMBER_INTERIOR_01']
  HIT SRR3108251: 2 baits >= 0.7 ['ECBAIT_10_0002_MEMBER_INTERIOR_01', 'ECBAIT_10_0057_MEMBER_INTERIOR_01']
  HIT SRR3108252: 2 baits >= 0.7 ['ECBAIT_10_0002_MEMBER_INTERIOR_01', 'ECBAIT_10_0057_MEMBER_INTERIOR_01']
  HIT SRR3108253: 2 baits >= 0.7 ['ECBAIT_10_0002_MEMBER_INTERIOR_01', 'ECBAIT_10_0057_MEMBER_INTERIOR_01']
  HIT SRR3108254: 2 baits >= 0.7 ['ECBAIT_10_0002_MEMBER_INTERIOR_01', 'ECBAIT_10_0057_MEMBER_INTERIOR_01']
  HIT SRR3108255: 4 baits >= 0.7 ['ECBAIT_10_0002_JUNCTION_01', 'ECBAIT_10_0002_JUNCTION_02', 'ECBAIT_10_0002_MEMBER_INTERIOR_01', 'ECBAIT_10_0057_MEMBER_INTERIOR_01']
  HIT SRR3108256: 4 baits >= 0.7 ['ECBAIT_10_0002_JUNCTION_01', 'ECBAIT_10_0002_JUNCTION_02', 'ECBAIT_10_0002_MEMBER_INTERIOR_01', 'ECBAIT_10_0057_MEMBER_INTERIOR_01']
  HIT SRR3108257: 1 baits >= 0.7 ['ECBAIT_10_0057_MEMBER_INTERIOR_01']
  HIT SRR3108258: 3 baits >= 0.7 ['ECBAIT_10_0002_JUNCTION_01', 'ECBAIT_10_0002_JUNCTION_02', 'ECBAIT_10_0002_MEMBER_INTERIOR_01']
  HIT SRR3108259: 2 baits >= 0.7 ['ECBAIT_10_0002_MEMBER_INTERIOR_01', 'ECBAIT_10_0057_MEMBER_INTERIOR_01']
  HIT SRR3108261: 2 baits >= 0.7 ['ECBAIT_10_0002_MEMBER_INTERIOR_01', 'ECBAIT_10_0057_MEMBER_INTERIOR_01']
  HIT SRR3108262: 2 baits >= 0.7 ['ECBAIT_10_0002_JUNCTION_01', 'ECBAIT_10_0057_MEMBER_INTERIOR_01']
  HIT SRR3108263: 1 baits >= 0.7 ['ECBAIT_10_0057_MEMBER_INTERIOR_01']
  10850/11975 processed (3338 screened, 3156 hit-accessions) 1301s budget=5.2GB
  HIT SRR3108264: 2 baits >= 0.7 ['ECBAIT_10_0002_MEMBER_INTERIOR_01', 'ECBAIT_10_0057_MEMBER_INTERIOR_01']
  HIT SRR3108265: 1 baits >= 0.7 ['ECBAIT_10_0057_MEMBER_INTERIOR_01']
  HIT SRR3108266: 1 baits >= 0.7 ['ECBAIT_10_0057_MEMBER_INTERIOR_01']
  HIT SRR3108267: 2 baits >= 0.7 ['ECBAIT_10_0002_MEMBER_INTERIOR_01', 'ECBAIT_10_0057_MEMBER_INTERIOR_01']
  HIT SRR3108268: 4 baits >= 0.7 ['ECBAIT_10_0002_JUNCTION_01', 'ECBAIT_10_0002_JUNCTION_02', 'ECBAIT_10_0002_MEMBER_INTERIOR_01', 'ECBAIT_10_0057_MEMBER_INTERIOR_01']
  HIT SRR3108269: 2 baits >= 0.7 ['ECBAIT_0_0052_JUNCTION_03', 'ECBAIT_10_0057_MEMBER_INTERIOR_01']
  HIT SRR3108270: 4 baits >= 0.7 ['ECBAIT_10_0002_JUNCTION_01', 'ECBAIT_10_0002_JUNCTION_02', 'ECBAIT_10_0002_MEMBER_INTERIOR_01', 'ECBAIT_10_0057_MEMBER_INTERIOR_01']
  HIT SRR3108272: 3 baits >= 0.7 ['ECBAIT_10_0002_MEMBER_INTERIOR_01', 'ECBAIT_10_0057_MEMBER_INTERIOR_01', 'ECBAIT_10_0172_MEMBER_INTERIOR_01']
  HIT SRR3108271: 2 baits >= 0.7 ['ECBAIT_10_0057_MEMBER_INTERIOR_01', 'ECBAIT_HOST_CONTROL_02']
  HIT SRR3108273: 2 baits >= 0.7 ['ECBAIT_10_0002_MEMBER_INTERIOR_01', 'ECBAIT_10_0057_MEMBER_INTERIOR_01']
  HIT SRR3108274: 3 baits >= 0.7 ['ECBAIT_10_0002_MEMBER_INTERIOR_01', 'ECBAIT_10_0057_MEMBER_INTERIOR_01', 'ECBAIT_10_0172_MEMBER_INTERIOR_01']
  HIT SRR3108275: 7 baits >= 0.7 ['ECBAIT_0_0046_MEMBER_INTERIOR_01', 'ECBAIT_10_0002_JUNCTION_01', 'ECBAIT_10_0002_JUNCTION_02', 'ECBAIT_10_0002_MEMBER_INTERIOR_01']
  HIT SRR3108276: 2 baits >= 0.7 ['ECBAIT_10_0002_MEMBER_INTERIOR_01', 'ECBAIT_10_0057_MEMBER_INTERIOR_01']
  HIT SRR3108277: 1 baits >= 0.7 ['ECBAIT_10_0057_MEMBER_INTERIOR_01']
  HIT SRR3108278: 2 baits >= 0.7 ['ECBAIT_10_0002_MEMBER_INTERIOR_01', 'ECBAIT_10_0057_MEMBER_INTERIOR_01']
  HIT SRR3108279: 4 baits >= 0.7 ['ECBAIT_10_0002_JUNCTION_01', 'ECBAIT_10_0002_JUNCTION_02', 'ECBAIT_10_0002_MEMBER_INTERIOR_01', 'ECBAIT_10_0057_MEMBER_INTERIOR_01']
  HIT SRR3108280: 2 baits >= 0.7 ['ECBAIT_10_0002_MEMBER_INTERIOR_01', 'ECBAIT_10_0057_MEMBER_INTERIOR_01']
  HIT SRR3108281: 2 baits >= 0.7 ['ECBAIT_10_0002_MEMBER_INTERIOR_01', 'ECBAIT_10_0057_MEMBER_INTERIOR_01']
  HIT SRR3108282: 1 baits >= 0.7 ['ECBAIT_10_0057_MEMBER_INTERIOR_01']
  HIT SRR3108283: 2 baits >= 0.7 ['ECBAIT_10_0002_MEMBER_INTERIOR_01', 'ECBAIT_10_0057_MEMBER_INTERIOR_01']
  HIT SRR3108284: 2 baits >= 0.7 ['ECBAIT_10_0002_MEMBER_INTERIOR_01', 'ECBAIT_10_0057_MEMBER_INTERIOR_01']
  HIT SRR3108285: 2 baits >= 0.7 ['ECBAIT_10_0057_MEMBER_INTERIOR_01', 'ECBAIT_10_0172_MEMBER_INTERIOR_01']
  HIT SRR3108286: 2 baits >= 0.7 ['ECBAIT_10_0002_MEMBER_INTERIOR_01', 'ECBAIT_10_0057_MEMBER_INTERIOR_01']
  HIT SRR3108287: 2 baits >= 0.7 ['ECBAIT_10_0057_MEMBER_INTERIOR_01', 'ECBAIT_HOST_CONTROL_02']
  HIT SRR3108288: 4 baits >= 0.7 ['ECBAIT_10_0002_JUNCTION_01', 'ECBAIT_10_0002_JUNCTION_02', 'ECBAIT_10_0002_MEMBER_INTERIOR_01', 'ECBAIT_10_0057_MEMBER_INTERIOR_01']
  HIT SRR3108289: 2 baits >= 0.7 ['ECBAIT_10_0002_MEMBER_INTERIOR_01', 'ECBAIT_10_0057_MEMBER_INTERIOR_01']
  HIT SRR3108291: 4 baits >= 0.7 ['ECBAIT_10_0002_JUNCTION_01', 'ECBAIT_10_0002_JUNCTION_02', 'ECBAIT_10_0002_MEMBER_INTERIOR_01', 'ECBAIT_10_0057_MEMBER_INTERIOR_01']
  HIT SRR3108292: 2 baits >= 0.7 ['ECBAIT_10_0002_MEMBER_INTERIOR_01', 'ECBAIT_10_0057_MEMBER_INTERIOR_01']
  HIT SRR3108290: 1 baits >= 0.7 ['ECBAIT_10_0057_MEMBER_INTERIOR_01']
  HIT SRR3108293: 1 baits >= 0.7 ['ECBAIT_10_0057_MEMBER_INTERIOR_01']
  HIT SRR3108295: 2 baits >= 0.7 ['ECBAIT_10_0002_MEMBER_INTERIOR_01', 'ECBAIT_10_0057_MEMBER_INTERIOR_01']
  HIT SRR3108294: 2 baits >= 0.7 ['ECBAIT_10_0002_MEMBER_INTERIOR_01', 'ECBAIT_10_0057_MEMBER_INTERIOR_01']
  HIT SRR3108296: 2 baits >= 0.7 ['ECBAIT_10_0002_MEMBER_INTERIOR_01', 'ECBAIT_10_0057_MEMBER_INTERIOR_01']
  HIT SRR3108297: 2 baits >= 0.7 ['ECBAIT_10_0002_MEMBER_INTERIOR_01', 'ECBAIT_10_0057_MEMBER_INTERIOR_01']
  HIT SRR3108299: 2 baits >= 0.7 ['ECBAIT_10_0002_MEMBER_INTERIOR_01', 'ECBAIT_10_0057_MEMBER_INTERIOR_01']
  HIT SRR3108298: 3 baits >= 0.7 ['ECBAIT_0_0000_MEMBER_INTERIOR_01', 'ECBAIT_10_0002_MEMBER_INTERIOR_01', 'ECBAIT_10_0057_MEMBER_INTERIOR_01']
  HIT SRR3108300: 3 baits >= 0.7 ['ECBAIT_10_0002_JUNCTION_01', 'ECBAIT_10_0002_MEMBER_INTERIOR_01', 'ECBAIT_10_0057_MEMBER_INTERIOR_01']
  HIT SRR3108303: 2 baits >= 0.7 ['ECBAIT_10_0057_MEMBER_INTERIOR_01', 'ECBAIT_10_0172_MEMBER_INTERIOR_01']
  HIT SRR3108301: 1 baits >= 0.7 ['ECBAIT_10_0057_MEMBER_INTERIOR_01']
  HIT SRR3108302: 4 baits >= 0.7 ['ECBAIT_10_0002_JUNCTION_01', 'ECBAIT_10_0002_JUNCTION_02', 'ECBAIT_10_0002_MEMBER_INTERIOR_01', 'ECBAIT_10_0057_MEMBER_INTERIOR_01']
  HIT SRR3108304: 1 baits >= 0.7 ['ECBAIT_10_0057_MEMBER_INTERIOR_01']
  HIT SRR3108306: 3 baits >= 0.7 ['ECBAIT_10_0002_JUNCTION_01', 'ECBAIT_10_0002_JUNCTION_02', 'ECBAIT_10_0002_MEMBER_INTERIOR_01']
  HIT SRR3108305: 1 baits >= 0.7 ['ECBAIT_10_0057_MEMBER_INTERIOR_01']
  HIT SRR3108307: 1 baits >= 0.7 ['ECBAIT_10_0057_MEMBER_INTERIOR_01']
  HIT SRR3108308: 2 baits >= 0.7 ['ECBAIT_10_0002_MEMBER_INTERIOR_01', 'ECBAIT_10_0057_MEMBER_INTERIOR_01']
  HIT SRR3108309: 1 baits >= 0.7 ['ECBAIT_10_0057_MEMBER_INTERIOR_01']
  HIT SRR3108310: 2 baits >= 0.7 ['ECBAIT_10_0002_MEMBER_INTERIOR_01', 'ECBAIT_10_0057_MEMBER_INTERIOR_01']
  HIT SRR3108311: 2 baits >= 0.7 ['ECBAIT_10_0002_MEMBER_INTERIOR_01', 'ECBAIT_10_0057_MEMBER_INTERIOR_01']
  HIT SRR3108312: 2 baits >= 0.7 ['ECBAIT_10_0002_MEMBER_INTERIOR_01', 'ECBAIT_10_0057_MEMBER_INTERIOR_01']
  HIT SRR3108313: 2 baits >= 0.7 ['ECBAIT_10_0002_MEMBER_INTERIOR_01', 'ECBAIT_10_0057_MEMBER_INTERIOR_01']
  10900/11975 processed (3388 screened, 3206 hit-accessions) 1318s budget=5.3GB
  HIT SRR3108314: 2 baits >= 0.7 ['ECBAIT_10_0002_MEMBER_INTERIOR_01', 'ECBAIT_10_0057_MEMBER_INTERIOR_01']
  HIT SRR3108315: 2 baits >= 0.7 ['ECBAIT_10_0002_MEMBER_INTERIOR_01', 'ECBAIT_10_0057_MEMBER_INTERIOR_01']
  HIT SRR3108316: 2 baits >= 0.7 ['ECBAIT_10_0002_MEMBER_INTERIOR_01', 'ECBAIT_10_0057_MEMBER_INTERIOR_01']
  HIT SRR3108317: 2 baits >= 0.7 ['ECBAIT_10_0002_MEMBER_INTERIOR_01', 'ECBAIT_10_0057_MEMBER_INTERIOR_01']
  HIT SRR3108318: 2 baits >= 0.7 ['ECBAIT_10_0002_MEMBER_INTERIOR_01', 'ECBAIT_10_0057_MEMBER_INTERIOR_01']
  HIT SRR3108319: 2 baits >= 0.7 ['ECBAIT_10_0002_MEMBER_INTERIOR_01', 'ECBAIT_10_0057_MEMBER_INTERIOR_01']
  HIT SRR3108320: 2 baits >= 0.7 ['ECBAIT_10_0002_MEMBER_INTERIOR_01', 'ECBAIT_10_0057_MEMBER_INTERIOR_01']
  HIT SRR3108321: 2 baits >= 0.7 ['ECBAIT_10_0002_MEMBER_INTERIOR_01', 'ECBAIT_10_0057_MEMBER_INTERIOR_01']
  HIT SRR3108322: 4 baits >= 0.7 ['ECBAIT_10_0002_JUNCTION_01', 'ECBAIT_10_0002_JUNCTION_02', 'ECBAIT_10_0002_MEMBER_INTERIOR_01', 'ECBAIT_10_0057_MEMBER_INTERIOR_01']
  HIT SRR3108323: 2 baits >= 0.7 ['ECBAIT_10_0002_MEMBER_INTERIOR_01', 'ECBAIT_10_0057_MEMBER_INTERIOR_01']
  HIT SRR3108324: 3 baits >= 0.7 ['ECBAIT_10_0002_MEMBER_INTERIOR_01', 'ECBAIT_10_0057_MEMBER_INTERIOR_01', 'ECBAIT_10_0172_MEMBER_INTERIOR_01']
  HIT SRR3108325: 2 baits >= 0.7 ['ECBAIT_10_0002_MEMBER_INTERIOR_01', 'ECBAIT_10_0057_MEMBER_INTERIOR_01']
  HIT SRR3108326: 2 baits >= 0.7 ['ECBAIT_10_0002_MEMBER_INTERIOR_01', 'ECBAIT_10_0057_MEMBER_INTERIOR_01']
  HIT SRR3108327: 1 baits >= 0.7 ['ECBAIT_10_0057_MEMBER_INTERIOR_01']
  HIT SRR3108328: 2 baits >= 0.7 ['ECBAIT_10_0002_MEMBER_INTERIOR_01', 'ECBAIT_10_0057_MEMBER_INTERIOR_01']
  HIT SRR3108329: 1 baits >= 0.7 ['ECBAIT_10_0057_MEMBER_INTERIOR_01']
  HIT SRR3108331: 2 baits >= 0.7 ['ECBAIT_10_0002_MEMBER_INTERIOR_01', 'ECBAIT_10_0057_MEMBER_INTERIOR_01']
  HIT SRR3108330: 1 baits >= 0.7 ['ECBAIT_10_0057_MEMBER_INTERIOR_01']
  HIT SRR3108332: 1 baits >= 0.7 ['ECBAIT_10_0057_MEMBER_INTERIOR_01']
  HIT SRR3108333: 2 baits >= 0.7 ['ECBAIT_10_0002_MEMBER_INTERIOR_01', 'ECBAIT_10_0057_MEMBER_INTERIOR_01']
  HIT SRR3108334: 2 baits >= 0.7 ['ECBAIT_10_0002_MEMBER_INTERIOR_01', 'ECBAIT_10_0057_MEMBER_INTERIOR_01']
  HIT SRR3108335: 2 baits >= 0.7 ['ECBAIT_10_0002_MEMBER_INTERIOR_01', 'ECBAIT_10_0057_MEMBER_INTERIOR_01']
  HIT SRR3108336: 2 baits >= 0.7 ['ECBAIT_10_0002_MEMBER_INTERIOR_01', 'ECBAIT_10_0057_MEMBER_INTERIOR_01']
  HIT SRR3108338: 2 baits >= 0.7 ['ECBAIT_10_0057_MEMBER_INTERIOR_01', 'ECBAIT_HOST_CONTROL_02']
  HIT SRR3108337: 2 baits >= 0.7 ['ECBAIT_10_0002_MEMBER_INTERIOR_01', 'ECBAIT_10_0057_MEMBER_INTERIOR_01']
  HIT SRR3108340: 1 baits >= 0.7 ['ECBAIT_10_0057_MEMBER_INTERIOR_01']
  HIT SRR3108339: 2 baits >= 0.7 ['ECBAIT_10_0002_MEMBER_INTERIOR_01', 'ECBAIT_10_0057_MEMBER_INTERIOR_01']
  HIT SRR3108341: 2 baits >= 0.7 ['ECBAIT_10_0002_MEMBER_INTERIOR_01', 'ECBAIT_10_0057_MEMBER_INTERIOR_01']
  HIT SRR3108342: 1 baits >= 0.7 ['ECBAIT_10_0057_MEMBER_INTERIOR_01']
  HIT SRR3108344: 2 baits >= 0.7 ['ECBAIT_10_0002_MEMBER_INTERIOR_01', 'ECBAIT_10_0057_MEMBER_INTERIOR_01']
  HIT SRR3108343: 2 baits >= 0.7 ['ECBAIT_10_0002_MEMBER_INTERIOR_01', 'ECBAIT_10_0057_MEMBER_INTERIOR_01']
  HIT SRR3108345: 4 baits >= 0.7 ['ECBAIT_10_0002_JUNCTION_01', 'ECBAIT_10_0002_JUNCTION_02', 'ECBAIT_10_0002_MEMBER_INTERIOR_01', 'ECBAIT_10_0057_MEMBER_INTERIOR_01']
  HIT SRR3108347: 5 baits >= 0.7 ['ECBAIT_10_0002_JUNCTION_01', 'ECBAIT_10_0002_JUNCTION_02', 'ECBAIT_10_0002_MEMBER_INTERIOR_01', 'ECBAIT_10_0057_MEMBER_INTERIOR_01']
  HIT SRR3108346: 2 baits >= 0.7 ['ECBAIT_10_0002_MEMBER_INTERIOR_01', 'ECBAIT_10_0057_MEMBER_INTERIOR_01']
  HIT SRR3108348: 2 baits >= 0.7 ['ECBAIT_10_0002_MEMBER_INTERIOR_01', 'ECBAIT_10_0057_MEMBER_INTERIOR_01']
  HIT SRR3108349: 4 baits >= 0.7 ['ECBAIT_10_0002_JUNCTION_01', 'ECBAIT_10_0002_JUNCTION_02', 'ECBAIT_10_0002_MEMBER_INTERIOR_01', 'ECBAIT_10_0057_MEMBER_INTERIOR_01']
  HIT SRR3108351: 2 baits >= 0.7 ['ECBAIT_10_0057_MEMBER_INTERIOR_01', 'ECBAIT_HOST_CONTROL_02']
  HIT SRR3108352: 2 baits >= 0.7 ['ECBAIT_10_0002_MEMBER_INTERIOR_01', 'ECBAIT_10_0057_MEMBER_INTERIOR_01']
  HIT SRR3108350: 2 baits >= 0.7 ['ECBAIT_10_0057_MEMBER_INTERIOR_01', 'ECBAIT_HOST_CONTROL_02']
  HIT SRR3108353: 2 baits >= 0.7 ['ECBAIT_10_0002_MEMBER_INTERIOR_01', 'ECBAIT_10_0057_MEMBER_INTERIOR_01']
  HIT SRR3108354: 3 baits >= 0.7 ['ECBAIT_10_0002_JUNCTION_01', 'ECBAIT_10_0002_JUNCTION_02', 'ECBAIT_10_0057_MEMBER_INTERIOR_01']
  HIT SRR3108355: 2 baits >= 0.7 ['ECBAIT_10_0002_MEMBER_INTERIOR_01', 'ECBAIT_10_0057_MEMBER_INTERIOR_01']
  HIT SRR3108356: 2 baits >= 0.7 ['ECBAIT_10_0002_MEMBER_INTERIOR_01', 'ECBAIT_10_0057_MEMBER_INTERIOR_01']
  HIT SRR3108357: 2 baits >= 0.7 ['ECBAIT_10_0002_MEMBER_INTERIOR_01', 'ECBAIT_10_0057_MEMBER_INTERIOR_01']
  HIT SRR3108359: 4 baits >= 0.7 ['ECBAIT_10_0002_JUNCTION_01', 'ECBAIT_10_0002_JUNCTION_02', 'ECBAIT_10_0002_MEMBER_INTERIOR_01', 'ECBAIT_10_0057_MEMBER_INTERIOR_01']
  HIT SRR3108360: 3 baits >= 0.7 ['ECBAIT_10_0002_JUNCTION_02', 'ECBAIT_10_0002_MEMBER_INTERIOR_01', 'ECBAIT_10_0057_MEMBER_INTERIOR_01']
  HIT SRR3108361: 2 baits >= 0.7 ['ECBAIT_10_0057_MEMBER_INTERIOR_01', 'ECBAIT_HOST_CONTROL_02']
  HIT SRR3108362: 1 baits >= 0.7 ['ECBAIT_10_0057_MEMBER_INTERIOR_01']
  HIT SRR3108363: 3 baits >= 0.7 ['ECBAIT_10_0002_JUNCTION_01', 'ECBAIT_10_0002_JUNCTION_02', 'ECBAIT_10_0057_MEMBER_INTERIOR_01']
  10950/11975 processed (3437 screened, 3255 hit-accessions) 1333s budget=5.3GB
  HIT SRR3108364: 1 baits >= 0.7 ['ECBAIT_10_0057_MEMBER_INTERIOR_01']
  HIT SRR3108365: 2 baits >= 0.7 ['ECBAIT_10_0002_MEMBER_INTERIOR_01', 'ECBAIT_10_0057_MEMBER_INTERIOR_01']
  HIT SRR3108367: 3 baits >= 0.7 ['ECBAIT_10_0002_JUNCTION_01', 'ECBAIT_10_0002_JUNCTION_02', 'ECBAIT_10_0057_MEMBER_INTERIOR_01']
  HIT SRR3108369: 2 baits >= 0.7 ['ECBAIT_10_0057_MEMBER_INTERIOR_01', 'ECBAIT_HOST_CONTROL_02']
  HIT SRR3108368: 2 baits >= 0.7 ['ECBAIT_10_0057_MEMBER_INTERIOR_01', 'ECBAIT_HOST_CONTROL_02']
  HIT SRR3108366: 4 baits >= 0.7 ['ECBAIT_10_0002_JUNCTION_01', 'ECBAIT_10_0002_JUNCTION_02', 'ECBAIT_10_0002_MEMBER_INTERIOR_01', 'ECBAIT_10_0057_MEMBER_INTERIOR_01']
  HIT SRR3108373: 2 baits >= 0.7 ['ECBAIT_10_0002_MEMBER_INTERIOR_01', 'ECBAIT_10_0057_MEMBER_INTERIOR_01']
  HIT SRR3108370: 2 baits >= 0.7 ['ECBAIT_10_0057_MEMBER_INTERIOR_01', 'ECBAIT_HOST_CONTROL_02']
  HIT SRR3108372: 1 baits >= 0.7 ['ECBAIT_10_0057_MEMBER_INTERIOR_01']
  HIT SRR3108371: 1 baits >= 0.7 ['ECBAIT_10_0057_MEMBER_INTERIOR_01']
  HIT SRR3108374: 4 baits >= 0.7 ['ECBAIT_10_0002_JUNCTION_01', 'ECBAIT_10_0002_JUNCTION_02', 'ECBAIT_10_0002_MEMBER_INTERIOR_01', 'ECBAIT_10_0057_MEMBER_INTERIOR_01']
  HIT SRR3108375: 2 baits >= 0.7 ['ECBAIT_10_0002_MEMBER_INTERIOR_01', 'ECBAIT_10_0057_MEMBER_INTERIOR_01']
  HIT SRR3108376: 2 baits >= 0.7 ['ECBAIT_10_0002_MEMBER_INTERIOR_01', 'ECBAIT_10_0057_MEMBER_INTERIOR_01']
  HIT SRR3108377: 2 baits >= 0.7 ['ECBAIT_10_0002_MEMBER_INTERIOR_01', 'ECBAIT_10_0057_MEMBER_INTERIOR_01']
  HIT SRR3108378: 2 baits >= 0.7 ['ECBAIT_10_0057_MEMBER_INTERIOR_01', 'ECBAIT_10_0172_MEMBER_INTERIOR_01']
  HIT SRR3108379: 2 baits >= 0.7 ['ECBAIT_10_0002_MEMBER_INTERIOR_01', 'ECBAIT_10_0057_MEMBER_INTERIOR_01']
  HIT SRR3108380: 1 baits >= 0.7 ['ECBAIT_10_0057_MEMBER_INTERIOR_01']
  HIT SRR3108381: 1 baits >= 0.7 ['ECBAIT_10_0057_MEMBER_INTERIOR_01']
  HIT SRR3108383: 2 baits >= 0.7 ['ECBAIT_10_0002_MEMBER_INTERIOR_01', 'ECBAIT_10_0057_MEMBER_INTERIOR_01']
  HIT SRR3108382: 4 baits >= 0.7 ['ECBAIT_10_0002_JUNCTION_01', 'ECBAIT_10_0002_JUNCTION_02', 'ECBAIT_10_0002_MEMBER_INTERIOR_01', 'ECBAIT_10_0057_MEMBER_INTERIOR_01']
  HIT SRR3108384: 2 baits >= 0.7 ['ECBAIT_10_0002_MEMBER_INTERIOR_01', 'ECBAIT_10_0057_MEMBER_INTERIOR_01']
  HIT SRR3108385: 4 baits >= 0.7 ['ECBAIT_10_0002_JUNCTION_01', 'ECBAIT_10_0002_JUNCTION_02', 'ECBAIT_10_0002_MEMBER_INTERIOR_01', 'ECBAIT_10_0057_MEMBER_INTERIOR_01']
  HIT SRR3108386: 1 baits >= 0.7 ['ECBAIT_10_0057_MEMBER_INTERIOR_01']
  HIT SRR3108387: 1 baits >= 0.7 ['ECBAIT_10_0057_MEMBER_INTERIOR_01']
  HIT SRR3108388: 2 baits >= 0.7 ['ECBAIT_10_0002_MEMBER_INTERIOR_01', 'ECBAIT_10_0057_MEMBER_INTERIOR_01']
  HIT SRR3108389: 3 baits >= 0.7 ['ECBAIT_10_0057_MEMBER_INTERIOR_01', 'ECBAIT_HOST_CONTROL_01', 'ECBAIT_HOST_CONTROL_02']
  HIT SRR3108391: 3 baits >= 0.7 ['ECBAIT_10_0002_MEMBER_INTERIOR_01', 'ECBAIT_10_0057_MEMBER_INTERIOR_01', 'ECBAIT_10_0172_MEMBER_INTERIOR_01']
  HIT SRR3108390: 4 baits >= 0.7 ['ECBAIT_0_0052_JUNCTION_03', 'ECBAIT_0_0054_MEMBER_INTERIOR_01', 'ECBAIT_10_0002_MEMBER_INTERIOR_01', 'ECBAIT_10_0057_MEMBER_INTERIOR_01']
  HIT SRR3108392: 1 baits >= 0.7 ['ECBAIT_10_0057_MEMBER_INTERIOR_01']
  HIT SRR3108393: 1 baits >= 0.7 ['ECBAIT_10_0057_MEMBER_INTERIOR_01']
  HIT SRR3108394: 3 baits >= 0.7 ['ECBAIT_10_0002_JUNCTION_01', 'ECBAIT_10_0002_JUNCTION_02', 'ECBAIT_10_0057_MEMBER_INTERIOR_01']
  HIT SRR3108395: 2 baits >= 0.7 ['ECBAIT_10_0002_MEMBER_INTERIOR_01', 'ECBAIT_10_0057_MEMBER_INTERIOR_01']
  HIT SRR3108396: 2 baits >= 0.7 ['ECBAIT_10_0002_MEMBER_INTERIOR_01', 'ECBAIT_10_0057_MEMBER_INTERIOR_01']
  HIT SRR3108397: 2 baits >= 0.7 ['ECBAIT_10_0002_MEMBER_INTERIOR_01', 'ECBAIT_10_0057_MEMBER_INTERIOR_01']
  HIT SRR3108398: 1 baits >= 0.7 ['ECBAIT_10_0057_MEMBER_INTERIOR_01']
  HIT SRR3108399: 1 baits >= 0.7 ['ECBAIT_10_0057_MEMBER_INTERIOR_01']
  HIT SRR3108400: 2 baits >= 0.7 ['ECBAIT_10_0002_MEMBER_INTERIOR_01', 'ECBAIT_10_0057_MEMBER_INTERIOR_01']
  HIT SRR3108401: 2 baits >= 0.7 ['ECBAIT_10_0002_MEMBER_INTERIOR_01', 'ECBAIT_10_0057_MEMBER_INTERIOR_01']
  HIT SRR3108403: 3 baits >= 0.7 ['ECBAIT_10_0002_MEMBER_INTERIOR_01', 'ECBAIT_10_0057_MEMBER_INTERIOR_01', 'ECBAIT_10_0151_MEMBER_INTERIOR_01']
  HIT SRR3108402: 4 baits >= 0.7 ['ECBAIT_0_0054_MEMBER_INTERIOR_01', 'ECBAIT_10_0057_MEMBER_INTERIOR_01', 'ECBAIT_10_0172_MEMBER_INTERIOR_01', 'ECBAIT_1_0004_JUNCTION_01']
  HIT SRR3108404: 2 baits >= 0.7 ['ECBAIT_10_0002_MEMBER_INTERIOR_01', 'ECBAIT_10_0057_MEMBER_INTERIOR_01']
  HIT SRR3108405: 2 baits >= 0.7 ['ECBAIT_10_0002_MEMBER_INTERIOR_01', 'ECBAIT_10_0057_MEMBER_INTERIOR_01']
  HIT SRR3108406: 2 baits >= 0.7 ['ECBAIT_10_0002_MEMBER_INTERIOR_01', 'ECBAIT_10_0057_MEMBER_INTERIOR_01']
  HIT SRR3108407: 2 baits >= 0.7 ['ECBAIT_10_0002_MEMBER_INTERIOR_01', 'ECBAIT_10_0057_MEMBER_INTERIOR_01']
  HIT SRR3108408: 2 baits >= 0.7 ['ECBAIT_10_0002_MEMBER_INTERIOR_01', 'ECBAIT_10_0057_MEMBER_INTERIOR_01']
  HIT SRR3108409: 4 baits >= 0.7 ['ECBAIT_10_0002_JUNCTION_01', 'ECBAIT_10_0002_JUNCTION_02', 'ECBAIT_10_0002_MEMBER_INTERIOR_01', 'ECBAIT_10_0057_MEMBER_INTERIOR_01']
  HIT SRR3108410: 3 baits >= 0.7 ['ECBAIT_10_0002_JUNCTION_01', 'ECBAIT_10_0002_JUNCTION_02', 'ECBAIT_10_0002_MEMBER_INTERIOR_01']
  HIT SRR3108411: 1 baits >= 0.7 ['ECBAIT_10_0057_MEMBER_INTERIOR_01']
  HIT SRR3108412: 2 baits >= 0.7 ['ECBAIT_10_0002_MEMBER_INTERIOR_01', 'ECBAIT_10_0057_MEMBER_INTERIOR_01']
  HIT SRR3108413: 2 baits >= 0.7 ['ECBAIT_10_0002_MEMBER_INTERIOR_01', 'ECBAIT_10_0057_MEMBER_INTERIOR_01']
  11000/11975 processed (3487 screened, 3305 hit-accessions) 1349s budget=5.4GB
  HIT SRR3108414: 2 baits >= 0.7 ['ECBAIT_10_0002_MEMBER_INTERIOR_01', 'ECBAIT_10_0057_MEMBER_INTERIOR_01']
  HIT SRR3108416: 2 baits >= 0.7 ['ECBAIT_10_0002_MEMBER_INTERIOR_01', 'ECBAIT_10_0057_MEMBER_INTERIOR_01']
  HIT SRR3108415: 1 baits >= 0.7 ['ECBAIT_10_0057_MEMBER_INTERIOR_01']
  HIT SRR3108417: 2 baits >= 0.7 ['ECBAIT_10_0002_MEMBER_INTERIOR_01', 'ECBAIT_10_0057_MEMBER_INTERIOR_01']
  HIT SRR3108418: 2 baits >= 0.7 ['ECBAIT_10_0002_MEMBER_INTERIOR_01', 'ECBAIT_10_0057_MEMBER_INTERIOR_01']
  HIT SRR3108419: 1 baits >= 0.7 ['ECBAIT_10_0057_MEMBER_INTERIOR_01']
  HIT SRR3108420: 1 baits >= 0.7 ['ECBAIT_10_0057_MEMBER_INTERIOR_01']
  HIT SRR3108421: 2 baits >= 0.7 ['ECBAIT_10_0002_MEMBER_INTERIOR_01', 'ECBAIT_10_0057_MEMBER_INTERIOR_01']
  HIT SRR3108422: 2 baits >= 0.7 ['ECBAIT_10_0002_MEMBER_INTERIOR_01', 'ECBAIT_10_0057_MEMBER_INTERIOR_01']
  HIT SRR3108423: 2 baits >= 0.7 ['ECBAIT_10_0002_MEMBER_INTERIOR_01', 'ECBAIT_10_0057_MEMBER_INTERIOR_01']
  HIT SRR3108424: 2 baits >= 0.7 ['ECBAIT_10_0002_MEMBER_INTERIOR_01', 'ECBAIT_10_0057_MEMBER_INTERIOR_01']
  HIT SRR3108425: 2 baits >= 0.7 ['ECBAIT_10_0002_MEMBER_INTERIOR_01', 'ECBAIT_10_0057_MEMBER_INTERIOR_01']
  HIT SRR31401911: 3 baits >= 0.7 ['ECBAIT_10_0002_MEMBER_INTERIOR_01', 'ECBAIT_10_0057_MEMBER_INTERIOR_01', 'ECBAIT_10_0172_MEMBER_INTERIOR_01']
  HIT SRR31401912: 3 baits >= 0.7 ['ECBAIT_10_0002_MEMBER_INTERIOR_01', 'ECBAIT_10_0057_MEMBER_INTERIOR_01', 'ECBAIT_10_0172_MEMBER_INTERIOR_01']
  HIT SRR31401913: 3 baits >= 0.7 ['ECBAIT_10_0002_MEMBER_INTERIOR_01', 'ECBAIT_10_0057_MEMBER_INTERIOR_01', 'ECBAIT_10_0172_MEMBER_INTERIOR_01']
  HIT SRR31401914: 3 baits >= 0.7 ['ECBAIT_10_0002_MEMBER_INTERIOR_01', 'ECBAIT_10_0057_MEMBER_INTERIOR_01', 'ECBAIT_10_0172_MEMBER_INTERIOR_01']
  HIT SRR31401915: 3 baits >= 0.7 ['ECBAIT_10_0002_MEMBER_INTERIOR_01', 'ECBAIT_10_0057_MEMBER_INTERIOR_01', 'ECBAIT_10_0172_MEMBER_INTERIOR_01']
  HIT SRR31401916: 3 baits >= 0.7 ['ECBAIT_10_0002_MEMBER_INTERIOR_01', 'ECBAIT_10_0057_MEMBER_INTERIOR_01', 'ECBAIT_10_0172_MEMBER_INTERIOR_01']
  HIT SRR31401917: 3 baits >= 0.7 ['ECBAIT_10_0002_MEMBER_INTERIOR_01', 'ECBAIT_10_0057_MEMBER_INTERIOR_01', 'ECBAIT_10_0172_MEMBER_INTERIOR_01']
  HIT SRR31401918: 3 baits >= 0.7 ['ECBAIT_10_0002_MEMBER_INTERIOR_01', 'ECBAIT_10_0057_MEMBER_INTERIOR_01', 'ECBAIT_10_0172_MEMBER_INTERIOR_01']
  HIT SRR31401919: 3 baits >= 0.7 ['ECBAIT_10_0002_MEMBER_INTERIOR_01', 'ECBAIT_10_0057_MEMBER_INTERIOR_01', 'ECBAIT_10_0172_MEMBER_INTERIOR_01']
  HIT SRR31401920: 3 baits >= 0.7 ['ECBAIT_10_0002_MEMBER_INTERIOR_01', 'ECBAIT_10_0057_MEMBER_INTERIOR_01', 'ECBAIT_10_0172_MEMBER_INTERIOR_01']
  HIT SRR31401921: 3 baits >= 0.7 ['ECBAIT_10_0002_MEMBER_INTERIOR_01', 'ECBAIT_10_0057_MEMBER_INTERIOR_01', 'ECBAIT_10_0172_MEMBER_INTERIOR_01']
  HIT SRR31401922: 3 baits >= 0.7 ['ECBAIT_10_0002_MEMBER_INTERIOR_01', 'ECBAIT_10_0057_MEMBER_INTERIOR_01', 'ECBAIT_10_0172_MEMBER_INTERIOR_01']
  HIT SRR31401923: 3 baits >= 0.7 ['ECBAIT_10_0002_MEMBER_INTERIOR_01', 'ECBAIT_10_0057_MEMBER_INTERIOR_01', 'ECBAIT_10_0172_MEMBER_INTERIOR_01']
  HIT SRR31401924: 3 baits >= 0.7 ['ECBAIT_10_0002_MEMBER_INTERIOR_01', 'ECBAIT_10_0057_MEMBER_INTERIOR_01', 'ECBAIT_10_0172_MEMBER_INTERIOR_01']
  HIT SRR31401925: 3 baits >= 0.7 ['ECBAIT_10_0002_MEMBER_INTERIOR_01', 'ECBAIT_10_0057_MEMBER_INTERIOR_01', 'ECBAIT_10_0172_MEMBER_INTERIOR_01']
  HIT SRR31401926: 3 baits >= 0.7 ['ECBAIT_10_0002_MEMBER_INTERIOR_01', 'ECBAIT_10_0057_MEMBER_INTERIOR_01', 'ECBAIT_10_0172_MEMBER_INTERIOR_01']
  HIT SRR31401927: 3 baits >= 0.7 ['ECBAIT_10_0002_MEMBER_INTERIOR_01', 'ECBAIT_10_0057_MEMBER_INTERIOR_01', 'ECBAIT_10_0172_MEMBER_INTERIOR_01']
  HIT SRR31401928: 3 baits >= 0.7 ['ECBAIT_10_0002_MEMBER_INTERIOR_01', 'ECBAIT_10_0057_MEMBER_INTERIOR_01', 'ECBAIT_10_0172_MEMBER_INTERIOR_01']
  HIT SRR31401929: 3 baits >= 0.7 ['ECBAIT_10_0002_MEMBER_INTERIOR_01', 'ECBAIT_10_0057_MEMBER_INTERIOR_01', 'ECBAIT_10_0172_MEMBER_INTERIOR_01']
  HIT SRR31401930: 3 baits >= 0.7 ['ECBAIT_10_0002_MEMBER_INTERIOR_01', 'ECBAIT_10_0057_MEMBER_INTERIOR_01', 'ECBAIT_10_0172_MEMBER_INTERIOR_01']
  HIT SRR31401931: 3 baits >= 0.7 ['ECBAIT_10_0002_MEMBER_INTERIOR_01', 'ECBAIT_10_0057_MEMBER_INTERIOR_01', 'ECBAIT_10_0172_MEMBER_INTERIOR_01']
  HIT SRR31401933: 3 baits >= 0.7 ['ECBAIT_10_0002_MEMBER_INTERIOR_01', 'ECBAIT_10_0057_MEMBER_INTERIOR_01', 'ECBAIT_10_0172_MEMBER_INTERIOR_01']
  HIT SRR31401932: 3 baits >= 0.7 ['ECBAIT_10_0002_MEMBER_INTERIOR_01', 'ECBAIT_10_0057_MEMBER_INTERIOR_01', 'ECBAIT_10_0172_MEMBER_INTERIOR_01']
  HIT SRR31401934: 3 baits >= 0.7 ['ECBAIT_10_0002_MEMBER_INTERIOR_01', 'ECBAIT_10_0057_MEMBER_INTERIOR_01', 'ECBAIT_10_0172_MEMBER_INTERIOR_01']
  HIT SRR31401935: 3 baits >= 0.7 ['ECBAIT_10_0002_MEMBER_INTERIOR_01', 'ECBAIT_10_0057_MEMBER_INTERIOR_01', 'ECBAIT_10_0172_MEMBER_INTERIOR_01']
  HIT SRR31401936: 3 baits >= 0.7 ['ECBAIT_10_0002_MEMBER_INTERIOR_01', 'ECBAIT_10_0057_MEMBER_INTERIOR_01', 'ECBAIT_10_0172_MEMBER_INTERIOR_01']
  HIT SRR31401937: 3 baits >= 0.7 ['ECBAIT_10_0002_MEMBER_INTERIOR_01', 'ECBAIT_10_0057_MEMBER_INTERIOR_01', 'ECBAIT_10_0172_MEMBER_INTERIOR_01']
  HIT SRR31401938: 3 baits >= 0.7 ['ECBAIT_10_0002_MEMBER_INTERIOR_01', 'ECBAIT_10_0057_MEMBER_INTERIOR_01', 'ECBAIT_10_0172_MEMBER_INTERIOR_01']
  HIT SRR31401939: 2 baits >= 0.7 ['ECBAIT_10_0002_MEMBER_INTERIOR_01', 'ECBAIT_10_0057_MEMBER_INTERIOR_01']
  HIT SRR31401940: 2 baits >= 0.7 ['ECBAIT_10_0002_MEMBER_INTERIOR_01', 'ECBAIT_10_0057_MEMBER_INTERIOR_01']
  HIT SRR31401941: 2 baits >= 0.7 ['ECBAIT_10_0002_MEMBER_INTERIOR_01', 'ECBAIT_10_0057_MEMBER_INTERIOR_01']
  HIT SRR31401942: 2 baits >= 0.7 ['ECBAIT_10_0002_MEMBER_INTERIOR_01', 'ECBAIT_10_0057_MEMBER_INTERIOR_01']
  HIT SRR31401943: 3 baits >= 0.7 ['ECBAIT_10_0002_MEMBER_INTERIOR_01', 'ECBAIT_10_0057_MEMBER_INTERIOR_01', 'ECBAIT_10_0172_MEMBER_INTERIOR_01']
  HIT SRR31401944: 3 baits >= 0.7 ['ECBAIT_10_0002_MEMBER_INTERIOR_01', 'ECBAIT_10_0057_MEMBER_INTERIOR_01', 'ECBAIT_10_0172_MEMBER_INTERIOR_01']
  HIT SRR31401945: 3 baits >= 0.7 ['ECBAIT_10_0002_MEMBER_INTERIOR_01', 'ECBAIT_10_0057_MEMBER_INTERIOR_01', 'ECBAIT_10_0172_MEMBER_INTERIOR_01']
  HIT SRR31401946: 1 baits >= 0.7 ['ECBAIT_10_0057_MEMBER_INTERIOR_01']
  HIT SRR31401948: 2 baits >= 0.7 ['ECBAIT_10_0002_MEMBER_INTERIOR_01', 'ECBAIT_10_0057_MEMBER_INTERIOR_01']
  HIT SRR31401947: 3 baits >= 0.7 ['ECBAIT_10_0002_MEMBER_INTERIOR_01', 'ECBAIT_10_0057_MEMBER_INTERIOR_01', 'ECBAIT_10_0172_MEMBER_INTERIOR_01']
  11050/11975 processed (3537 screened, 3355 hit-accessions) 1365s budget=5.5GB
  HIT SRR31401949: 2 baits >= 0.7 ['ECBAIT_10_0002_MEMBER_INTERIOR_01', 'ECBAIT_10_0057_MEMBER_INTERIOR_01']
  HIT SRR31401950: 2 baits >= 0.7 ['ECBAIT_10_0002_MEMBER_INTERIOR_01', 'ECBAIT_10_0057_MEMBER_INTERIOR_01']
  HIT SRR31401953: 2 baits >= 0.7 ['ECBAIT_10_0002_MEMBER_INTERIOR_01', 'ECBAIT_10_0057_MEMBER_INTERIOR_01']
  HIT SRR31401952: 2 baits >= 0.7 ['ECBAIT_10_0002_MEMBER_INTERIOR_01', 'ECBAIT_10_0057_MEMBER_INTERIOR_01']
  HIT SRR31401951: 2 baits >= 0.7 ['ECBAIT_10_0002_MEMBER_INTERIOR_01', 'ECBAIT_10_0057_MEMBER_INTERIOR_01']
  HIT SRR31401954: 4 baits >= 0.7 ['ECBAIT_10_0002_MEMBER_INTERIOR_01', 'ECBAIT_10_0057_MEMBER_INTERIOR_01', 'ECBAIT_10_0172_MEMBER_INTERIOR_01', 'ECBAIT_POSCON_LAMBDA_01']
  HIT SRR31401956: 2 baits >= 0.7 ['ECBAIT_10_0002_MEMBER_INTERIOR_01', 'ECBAIT_10_0057_MEMBER_INTERIOR_01']
  HIT SRR31401955: 2 baits >= 0.7 ['ECBAIT_10_0002_MEMBER_INTERIOR_01', 'ECBAIT_10_0057_MEMBER_INTERIOR_01']
  HIT SRR31401957: 2 baits >= 0.7 ['ECBAIT_10_0002_MEMBER_INTERIOR_01', 'ECBAIT_10_0057_MEMBER_INTERIOR_01']
  HIT SRR31401958: 2 baits >= 0.7 ['ECBAIT_10_0002_MEMBER_INTERIOR_01', 'ECBAIT_10_0057_MEMBER_INTERIOR_01']
  HIT SRR31401961: 3 baits >= 0.7 ['ECBAIT_10_0002_JUNCTION_01', 'ECBAIT_10_0002_JUNCTION_02', 'ECBAIT_10_0002_MEMBER_INTERIOR_01']
  HIT SRR31401960: 2 baits >= 0.7 ['ECBAIT_10_0002_MEMBER_INTERIOR_01', 'ECBAIT_10_0057_MEMBER_INTERIOR_01']
  HIT SRR31401959: 2 baits >= 0.7 ['ECBAIT_10_0002_MEMBER_INTERIOR_01', 'ECBAIT_10_0057_MEMBER_INTERIOR_01']
  HIT SRR31401962: 3 baits >= 0.7 ['ECBAIT_10_0002_JUNCTION_01', 'ECBAIT_10_0002_JUNCTION_02', 'ECBAIT_10_0002_MEMBER_INTERIOR_01']
  HIT SRR31401964: 3 baits >= 0.7 ['ECBAIT_10_0002_JUNCTION_01', 'ECBAIT_10_0002_JUNCTION_02', 'ECBAIT_10_0002_MEMBER_INTERIOR_01']
  HIT SRR31401965: 3 baits >= 0.7 ['ECBAIT_10_0002_MEMBER_INTERIOR_01', 'ECBAIT_10_0057_MEMBER_INTERIOR_01', 'ECBAIT_10_0172_MEMBER_INTERIOR_01']
  HIT SRR31401963: 3 baits >= 0.7 ['ECBAIT_10_0002_JUNCTION_01', 'ECBAIT_10_0002_JUNCTION_02', 'ECBAIT_10_0002_MEMBER_INTERIOR_01']
  HIT SRR31401966: 2 baits >= 0.7 ['ECBAIT_10_0002_MEMBER_INTERIOR_01', 'ECBAIT_10_0057_MEMBER_INTERIOR_01']
  HIT SRR31401967: 2 baits >= 0.7 ['ECBAIT_10_0002_MEMBER_INTERIOR_01', 'ECBAIT_10_0057_MEMBER_INTERIOR_01']
  HIT SRR31401968: 2 baits >= 0.7 ['ECBAIT_10_0002_MEMBER_INTERIOR_01', 'ECBAIT_10_0057_MEMBER_INTERIOR_01']
  HIT SRR31401969: 2 baits >= 0.7 ['ECBAIT_10_0002_MEMBER_INTERIOR_01', 'ECBAIT_10_0057_MEMBER_INTERIOR_01']
  HIT SRR31401970: 3 baits >= 0.7 ['ECBAIT_10_0002_MEMBER_INTERIOR_01', 'ECBAIT_10_0057_MEMBER_INTERIOR_01', 'ECBAIT_10_0172_MEMBER_INTERIOR_01']
  HIT SRR31401971: 3 baits >= 0.7 ['ECBAIT_10_0002_MEMBER_INTERIOR_01', 'ECBAIT_10_0057_MEMBER_INTERIOR_01', 'ECBAIT_10_0172_MEMBER_INTERIOR_01']
  HIT SRR31401972: 3 baits >= 0.7 ['ECBAIT_10_0002_MEMBER_INTERIOR_01', 'ECBAIT_10_0057_MEMBER_INTERIOR_01', 'ECBAIT_10_0172_MEMBER_INTERIOR_01']
  HIT SRR31401973: 3 baits >= 0.7 ['ECBAIT_10_0002_MEMBER_INTERIOR_01', 'ECBAIT_10_0057_MEMBER_INTERIOR_01', 'ECBAIT_10_0172_MEMBER_INTERIOR_01']
  HIT SRR31401974: 2 baits >= 0.7 ['ECBAIT_10_0002_MEMBER_INTERIOR_01', 'ECBAIT_10_0057_MEMBER_INTERIOR_01']
  HIT SRR31401975: 2 baits >= 0.7 ['ECBAIT_10_0002_MEMBER_INTERIOR_01', 'ECBAIT_10_0057_MEMBER_INTERIOR_01']
  HIT SRR31401976: 3 baits >= 0.7 ['ECBAIT_10_0002_MEMBER_INTERIOR_01', 'ECBAIT_10_0057_MEMBER_INTERIOR_01', 'ECBAIT_10_0172_MEMBER_INTERIOR_01']
  HIT SRR31401977: 2 baits >= 0.7 ['ECBAIT_10_0002_MEMBER_INTERIOR_01', 'ECBAIT_10_0057_MEMBER_INTERIOR_01']
  HIT SRR31401979: 3 baits >= 0.7 ['ECBAIT_10_0002_MEMBER_INTERIOR_01', 'ECBAIT_10_0057_MEMBER_INTERIOR_01', 'ECBAIT_10_0172_MEMBER_INTERIOR_01']
  HIT SRR31401978: 2 baits >= 0.7 ['ECBAIT_10_0002_MEMBER_INTERIOR_01', 'ECBAIT_10_0057_MEMBER_INTERIOR_01']
  HIT SRR31401980: 3 baits >= 0.7 ['ECBAIT_10_0002_MEMBER_INTERIOR_01', 'ECBAIT_10_0057_MEMBER_INTERIOR_01', 'ECBAIT_10_0172_MEMBER_INTERIOR_01']
  HIT SRR31401981: 3 baits >= 0.7 ['ECBAIT_10_0002_MEMBER_INTERIOR_01', 'ECBAIT_10_0057_MEMBER_INTERIOR_01', 'ECBAIT_10_0172_MEMBER_INTERIOR_01']
  HIT SRR31401982: 3 baits >= 0.7 ['ECBAIT_10_0002_MEMBER_INTERIOR_01', 'ECBAIT_10_0057_MEMBER_INTERIOR_01', 'ECBAIT_10_0172_MEMBER_INTERIOR_01']
  HIT SRR31401984: 1 baits >= 0.7 ['ECBAIT_10_0057_MEMBER_INTERIOR_01']
  HIT SRR31401983: 1 baits >= 0.7 ['ECBAIT_10_0057_MEMBER_INTERIOR_01']
  HIT SRR31401985: 1 baits >= 0.7 ['ECBAIT_10_0057_MEMBER_INTERIOR_01']
  HIT SRR31401987: 3 baits >= 0.7 ['ECBAIT_10_0002_MEMBER_INTERIOR_01', 'ECBAIT_10_0057_MEMBER_INTERIOR_01', 'ECBAIT_10_0172_MEMBER_INTERIOR_01']
  HIT SRR31401988: 1 baits >= 0.7 ['ECBAIT_10_0057_MEMBER_INTERIOR_01']
  HIT SRR31401989: 1 baits >= 0.7 ['ECBAIT_10_0057_MEMBER_INTERIOR_01']
  HIT SRR31401986: 1 baits >= 0.7 ['ECBAIT_10_0057_MEMBER_INTERIOR_01']
  HIT SRR31401990: 1 baits >= 0.7 ['ECBAIT_10_0057_MEMBER_INTERIOR_01']
  HIT SRR31401991: 3 baits >= 0.7 ['ECBAIT_10_0002_JUNCTION_01', 'ECBAIT_10_0002_JUNCTION_02', 'ECBAIT_10_0002_MEMBER_INTERIOR_01']
  HIT SRR31401992: 2 baits >= 0.7 ['ECBAIT_10_0002_MEMBER_INTERIOR_01', 'ECBAIT_10_0057_MEMBER_INTERIOR_01']
  HIT SRR31401993: 2 baits >= 0.7 ['ECBAIT_10_0002_MEMBER_INTERIOR_01', 'ECBAIT_10_0057_MEMBER_INTERIOR_01']
  HIT SRR31401994: 2 baits >= 0.7 ['ECBAIT_10_0002_MEMBER_INTERIOR_01', 'ECBAIT_10_0057_MEMBER_INTERIOR_01']
  HIT SRR31401995: 2 baits >= 0.7 ['ECBAIT_10_0002_MEMBER_INTERIOR_01', 'ECBAIT_10_0057_MEMBER_INTERIOR_01']
  HIT SRR31401996: 3 baits >= 0.7 ['ECBAIT_10_0002_MEMBER_INTERIOR_01', 'ECBAIT_10_0057_MEMBER_INTERIOR_01', 'ECBAIT_10_0172_MEMBER_INTERIOR_01']
  HIT SRR31401997: 3 baits >= 0.7 ['ECBAIT_10_0002_MEMBER_INTERIOR_01', 'ECBAIT_10_0057_MEMBER_INTERIOR_01', 'ECBAIT_10_0172_MEMBER_INTERIOR_01']
  HIT SRR31402000: 3 baits >= 0.7 ['ECBAIT_10_0002_MEMBER_INTERIOR_01', 'ECBAIT_10_0057_MEMBER_INTERIOR_01', 'ECBAIT_10_0172_MEMBER_INTERIOR_01']
  11100/11975 processed (3587 screened, 3405 hit-accessions) 1381s budget=5.6GB
  HIT SRR31401999: 3 baits >= 0.7 ['ECBAIT_10_0002_MEMBER_INTERIOR_01', 'ECBAIT_10_0057_MEMBER_INTERIOR_01', 'ECBAIT_10_0172_MEMBER_INTERIOR_01']
  HIT SRR31401998: 3 baits >= 0.7 ['ECBAIT_10_0002_MEMBER_INTERIOR_01', 'ECBAIT_10_0057_MEMBER_INTERIOR_01', 'ECBAIT_10_0172_MEMBER_INTERIOR_01']
  HIT SRR31402001: 3 baits >= 0.7 ['ECBAIT_10_0002_MEMBER_INTERIOR_01', 'ECBAIT_10_0057_MEMBER_INTERIOR_01', 'ECBAIT_10_0172_MEMBER_INTERIOR_01']
  HIT SRR31402003: 3 baits >= 0.7 ['ECBAIT_10_0002_MEMBER_INTERIOR_01', 'ECBAIT_10_0057_MEMBER_INTERIOR_01', 'ECBAIT_10_0172_MEMBER_INTERIOR_01']
  HIT SRR31402004: 3 baits >= 0.7 ['ECBAIT_10_0002_MEMBER_INTERIOR_01', 'ECBAIT_10_0057_MEMBER_INTERIOR_01', 'ECBAIT_10_0172_MEMBER_INTERIOR_01']
  HIT SRR31402002: 3 baits >= 0.7 ['ECBAIT_10_0002_MEMBER_INTERIOR_01', 'ECBAIT_10_0057_MEMBER_INTERIOR_01', 'ECBAIT_10_0172_MEMBER_INTERIOR_01']
  HIT SRR31402005: 3 baits >= 0.7 ['ECBAIT_10_0002_MEMBER_INTERIOR_01', 'ECBAIT_10_0057_MEMBER_INTERIOR_01', 'ECBAIT_10_0172_MEMBER_INTERIOR_01']
  HIT SRR31402006: 3 baits >= 0.7 ['ECBAIT_10_0002_MEMBER_INTERIOR_01', 'ECBAIT_10_0057_MEMBER_INTERIOR_01', 'ECBAIT_10_0172_MEMBER_INTERIOR_01']
  HIT SRR31402008: 3 baits >= 0.7 ['ECBAIT_10_0002_MEMBER_INTERIOR_01', 'ECBAIT_10_0057_MEMBER_INTERIOR_01', 'ECBAIT_10_0172_MEMBER_INTERIOR_01']
  HIT SRR31402007: 3 baits >= 0.7 ['ECBAIT_10_0002_MEMBER_INTERIOR_01', 'ECBAIT_10_0057_MEMBER_INTERIOR_01', 'ECBAIT_10_0172_MEMBER_INTERIOR_01']
  HIT SRR31402009: 3 baits >= 0.7 ['ECBAIT_10_0002_MEMBER_INTERIOR_01', 'ECBAIT_10_0057_MEMBER_INTERIOR_01', 'ECBAIT_10_0172_MEMBER_INTERIOR_01']
  HIT SRR31402010: 3 baits >= 0.7 ['ECBAIT_10_0002_MEMBER_INTERIOR_01', 'ECBAIT_10_0057_MEMBER_INTERIOR_01', 'ECBAIT_10_0172_MEMBER_INTERIOR_01']
  HIT SRR31402012: 3 baits >= 0.7 ['ECBAIT_10_0002_MEMBER_INTERIOR_01', 'ECBAIT_10_0057_MEMBER_INTERIOR_01', 'ECBAIT_10_0172_MEMBER_INTERIOR_01']
  HIT SRR31402011: 3 baits >= 0.7 ['ECBAIT_10_0002_MEMBER_INTERIOR_01', 'ECBAIT_10_0057_MEMBER_INTERIOR_01', 'ECBAIT_10_0172_MEMBER_INTERIOR_01']
  HIT SRR31402013: 3 baits >= 0.7 ['ECBAIT_10_0002_MEMBER_INTERIOR_01', 'ECBAIT_10_0057_MEMBER_INTERIOR_01', 'ECBAIT_10_0172_MEMBER_INTERIOR_01']
  HIT SRR31402015: 3 baits >= 0.7 ['ECBAIT_10_0002_MEMBER_INTERIOR_01', 'ECBAIT_10_0057_MEMBER_INTERIOR_01', 'ECBAIT_10_0172_MEMBER_INTERIOR_01']
  HIT SRR31402014: 3 baits >= 0.7 ['ECBAIT_10_0002_MEMBER_INTERIOR_01', 'ECBAIT_10_0057_MEMBER_INTERIOR_01', 'ECBAIT_10_0172_MEMBER_INTERIOR_01']
  HIT SRR31402016: 3 baits >= 0.7 ['ECBAIT_10_0002_MEMBER_INTERIOR_01', 'ECBAIT_10_0057_MEMBER_INTERIOR_01', 'ECBAIT_10_0172_MEMBER_INTERIOR_01']
  HIT SRR31402017: 3 baits >= 0.7 ['ECBAIT_10_0002_MEMBER_INTERIOR_01', 'ECBAIT_10_0057_MEMBER_INTERIOR_01', 'ECBAIT_10_0172_MEMBER_INTERIOR_01']
  HIT SRR31402020: 3 baits >= 0.7 ['ECBAIT_10_0002_MEMBER_INTERIOR_01', 'ECBAIT_10_0057_MEMBER_INTERIOR_01', 'ECBAIT_10_0172_MEMBER_INTERIOR_01']
  HIT SRR31402019: 3 baits >= 0.7 ['ECBAIT_10_0002_MEMBER_INTERIOR_01', 'ECBAIT_10_0057_MEMBER_INTERIOR_01', 'ECBAIT_10_0172_MEMBER_INTERIOR_01']
  HIT SRR31402018: 4 baits >= 0.7 ['ECBAIT_10_0002_MEMBER_INTERIOR_01', 'ECBAIT_10_0057_MEMBER_INTERIOR_01', 'ECBAIT_10_0172_MEMBER_INTERIOR_01', 'ECBAIT_HOST_CONTROL_01']
  HIT SRR31402021: 3 baits >= 0.7 ['ECBAIT_10_0002_MEMBER_INTERIOR_01', 'ECBAIT_10_0057_MEMBER_INTERIOR_01', 'ECBAIT_10_0172_MEMBER_INTERIOR_01']
  HIT SRR31402022: 3 baits >= 0.7 ['ECBAIT_10_0002_MEMBER_INTERIOR_01', 'ECBAIT_10_0057_MEMBER_INTERIOR_01', 'ECBAIT_10_0172_MEMBER_INTERIOR_01']
  HIT SRR31402023: 3 baits >= 0.7 ['ECBAIT_10_0002_MEMBER_INTERIOR_01', 'ECBAIT_10_0057_MEMBER_INTERIOR_01', 'ECBAIT_10_0172_MEMBER_INTERIOR_01']
  HIT SRR31402024: 3 baits >= 0.7 ['ECBAIT_10_0002_MEMBER_INTERIOR_01', 'ECBAIT_10_0057_MEMBER_INTERIOR_01', 'ECBAIT_10_0172_MEMBER_INTERIOR_01']
  HIT SRR31402025: 3 baits >= 0.7 ['ECBAIT_10_0002_MEMBER_INTERIOR_01', 'ECBAIT_10_0057_MEMBER_INTERIOR_01', 'ECBAIT_10_0172_MEMBER_INTERIOR_01']
  HIT SRR31402027: 3 baits >= 0.7 ['ECBAIT_10_0002_MEMBER_INTERIOR_01', 'ECBAIT_10_0057_MEMBER_INTERIOR_01', 'ECBAIT_10_0172_MEMBER_INTERIOR_01']
  HIT SRR31402026: 3 baits >= 0.7 ['ECBAIT_10_0002_MEMBER_INTERIOR_01', 'ECBAIT_10_0057_MEMBER_INTERIOR_01', 'ECBAIT_10_0172_MEMBER_INTERIOR_01']
  HIT SRR31402028: 3 baits >= 0.7 ['ECBAIT_10_0002_MEMBER_INTERIOR_01', 'ECBAIT_10_0057_MEMBER_INTERIOR_01', 'ECBAIT_10_0172_MEMBER_INTERIOR_01']
  HIT SRR32571137: 1 baits >= 0.7 ['ECBAIT_10_0057_MEMBER_INTERIOR_01']
  HIT SRR32571139: 2 baits >= 0.7 ['ECBAIT_10_0002_MEMBER_INTERIOR_01', 'ECBAIT_10_0057_MEMBER_INTERIOR_01']
  HIT SRR32571138: 2 baits >= 0.7 ['ECBAIT_10_0057_MEMBER_INTERIOR_01', 'ECBAIT_10_0172_MEMBER_INTERIOR_01']
  HIT SRR32571140: 1 baits >= 0.7 ['ECBAIT_10_0057_MEMBER_INTERIOR_01']
  HIT SRR32571141: 1 baits >= 0.7 ['ECBAIT_10_0057_MEMBER_INTERIOR_01']
  HIT SRR32571142: 2 baits >= 0.7 ['ECBAIT_10_0057_MEMBER_INTERIOR_01', 'ECBAIT_HOST_CONTROL_02']
  HIT SRR32571143: 1 baits >= 0.7 ['ECBAIT_10_0057_MEMBER_INTERIOR_01']
  HIT SRR32571144: 1 baits >= 0.7 ['ECBAIT_10_0057_MEMBER_INTERIOR_01']
  HIT SRR32571145: 2 baits >= 0.7 ['ECBAIT_10_0057_MEMBER_INTERIOR_01', 'ECBAIT_10_0151_JUNCTION_03']
  HIT SRR32571146: 2 baits >= 0.7 ['ECBAIT_10_0057_MEMBER_INTERIOR_01', 'ECBAIT_10_0151_JUNCTION_03']
  HIT SRR32571147: 1 baits >= 0.7 ['ECBAIT_10_0057_MEMBER_INTERIOR_01']
  HIT SRR32571148: 4 baits >= 0.7 ['ECBAIT_10_0002_JUNCTION_01', 'ECBAIT_10_0002_JUNCTION_02', 'ECBAIT_10_0002_MEMBER_INTERIOR_01', 'ECBAIT_10_0057_MEMBER_INTERIOR_01']
  HIT SRR32571149: 4 baits >= 0.7 ['ECBAIT_10_0002_JUNCTION_01', 'ECBAIT_10_0002_JUNCTION_02', 'ECBAIT_10_0002_MEMBER_INTERIOR_01', 'ECBAIT_10_0057_MEMBER_INTERIOR_01']
  HIT SRR32571151: 4 baits >= 0.7 ['ECBAIT_10_0002_JUNCTION_01', 'ECBAIT_10_0002_JUNCTION_02', 'ECBAIT_10_0002_MEMBER_INTERIOR_01', 'ECBAIT_10_0057_MEMBER_INTERIOR_01']
  HIT SRR32571150: 1 baits >= 0.7 ['ECBAIT_10_0057_MEMBER_INTERIOR_01']
  HIT SRR32571152: 2 baits >= 0.7 ['ECBAIT_10_0057_MEMBER_INTERIOR_01', 'ECBAIT_HOST_CONTROL_02']
  HIT SRR32571153: 2 baits >= 0.7 ['ECBAIT_10_0002_MEMBER_INTERIOR_01', 'ECBAIT_10_0057_MEMBER_INTERIOR_01']
  HIT SRR32571154: 2 baits >= 0.7 ['ECBAIT_10_0002_MEMBER_INTERIOR_01', 'ECBAIT_10_0057_MEMBER_INTERIOR_01']
  HIT SRR32571155: 2 baits >= 0.7 ['ECBAIT_10_0002_MEMBER_INTERIOR_01', 'ECBAIT_10_0057_MEMBER_INTERIOR_01']
  HIT SRR32571156: 1 baits >= 0.7 ['ECBAIT_10_0057_MEMBER_INTERIOR_01']
  11150/11975 processed (3637 screened, 3455 hit-accessions) 1396s budget=5.6GB
  HIT SRR32571157: 2 baits >= 0.7 ['ECBAIT_10_0002_MEMBER_INTERIOR_01', 'ECBAIT_10_0057_MEMBER_INTERIOR_01']
  HIT SRR32571158: 1 baits >= 0.7 ['ECBAIT_10_0057_MEMBER_INTERIOR_01']
  HIT SRR32571159: 2 baits >= 0.7 ['ECBAIT_10_0002_MEMBER_INTERIOR_01', 'ECBAIT_10_0057_MEMBER_INTERIOR_01']
  HIT SRR32571160: 2 baits >= 0.7 ['ECBAIT_10_0002_MEMBER_INTERIOR_01', 'ECBAIT_10_0057_MEMBER_INTERIOR_01']
  HIT SRR32571161: 2 baits >= 0.7 ['ECBAIT_10_0002_MEMBER_INTERIOR_01', 'ECBAIT_10_0057_MEMBER_INTERIOR_01']
  HIT SRR32571162: 2 baits >= 0.7 ['ECBAIT_10_0002_MEMBER_INTERIOR_01', 'ECBAIT_10_0057_MEMBER_INTERIOR_01']
  HIT SRR32571163: 2 baits >= 0.7 ['ECBAIT_10_0002_MEMBER_INTERIOR_01', 'ECBAIT_10_0057_MEMBER_INTERIOR_01']
  HIT SRR32571164: 2 baits >= 0.7 ['ECBAIT_10_0002_MEMBER_INTERIOR_01', 'ECBAIT_10_0057_MEMBER_INTERIOR_01']
  HIT SRR32571165: 1 baits >= 0.7 ['ECBAIT_10_0057_MEMBER_INTERIOR_01']
  HIT SRR32571167: 2 baits >= 0.7 ['ECBAIT_10_0002_MEMBER_INTERIOR_01', 'ECBAIT_10_0057_MEMBER_INTERIOR_01']
  HIT SRR32571166: 2 baits >= 0.7 ['ECBAIT_10_0002_MEMBER_INTERIOR_01', 'ECBAIT_10_0057_MEMBER_INTERIOR_01']
  HIT SRR32571168: 1 baits >= 0.7 ['ECBAIT_10_0057_MEMBER_INTERIOR_01']
  HIT SRR32571169: 1 baits >= 0.7 ['ECBAIT_10_0057_MEMBER_INTERIOR_01']
  HIT SRR32571171: 1 baits >= 0.7 ['ECBAIT_10_0057_MEMBER_INTERIOR_01']
  HIT SRR32571170: 1 baits >= 0.7 ['ECBAIT_10_0057_MEMBER_INTERIOR_01']
  HIT SRR32571172: 2 baits >= 0.7 ['ECBAIT_10_0002_MEMBER_INTERIOR_01', 'ECBAIT_10_0057_MEMBER_INTERIOR_01']
  HIT SRR32571173: 1 baits >= 0.7 ['ECBAIT_10_0057_MEMBER_INTERIOR_01']
  HIT SRR32571174: 1 baits >= 0.7 ['ECBAIT_10_0057_MEMBER_INTERIOR_01']
  HIT SRR32571175: 1 baits >= 0.7 ['ECBAIT_10_0057_MEMBER_INTERIOR_01']
  HIT SRR32571176: 1 baits >= 0.7 ['ECBAIT_10_0057_MEMBER_INTERIOR_01']
  HIT SRR32571177: 1 baits >= 0.7 ['ECBAIT_10_0057_MEMBER_INTERIOR_01']
  HIT SRR32571179: 2 baits >= 0.7 ['ECBAIT_10_0002_MEMBER_INTERIOR_01', 'ECBAIT_10_0057_MEMBER_INTERIOR_01']
  HIT SRR32571178: 1 baits >= 0.7 ['ECBAIT_10_0057_MEMBER_INTERIOR_01']
  HIT SRR32571180: 3 baits >= 0.7 ['ECBAIT_0_0000_JUNCTION_02', 'ECBAIT_0_0000_MEMBER_INTERIOR_01', 'ECBAIT_10_0057_MEMBER_INTERIOR_01']
  HIT SRR32571181: 2 baits >= 0.7 ['ECBAIT_10_0002_MEMBER_INTERIOR_01', 'ECBAIT_10_0057_MEMBER_INTERIOR_01']
  HIT SRR32571182: 2 baits >= 0.7 ['ECBAIT_10_0002_MEMBER_INTERIOR_01', 'ECBAIT_10_0057_MEMBER_INTERIOR_01']
  HIT SRR32571183: 3 baits >= 0.7 ['ECBAIT_10_0002_MEMBER_INTERIOR_01', 'ECBAIT_10_0057_MEMBER_INTERIOR_01', 'ECBAIT_10_0172_MEMBER_INTERIOR_01']
  HIT SRR32571184: 1 baits >= 0.7 ['ECBAIT_10_0057_MEMBER_INTERIOR_01']
  HIT SRR32571185: 1 baits >= 0.7 ['ECBAIT_10_0057_MEMBER_INTERIOR_01']
  HIT SRR32571187: 1 baits >= 0.7 ['ECBAIT_10_0057_MEMBER_INTERIOR_01']
  HIT SRR32571186: 2 baits >= 0.7 ['ECBAIT_10_0002_MEMBER_INTERIOR_01', 'ECBAIT_10_0057_MEMBER_INTERIOR_01']
  HIT SRR32571188: 2 baits >= 0.7 ['ECBAIT_10_0002_MEMBER_INTERIOR_01', 'ECBAIT_10_0057_MEMBER_INTERIOR_01']
  HIT SRR32571189: 2 baits >= 0.7 ['ECBAIT_10_0002_MEMBER_INTERIOR_01', 'ECBAIT_10_0057_MEMBER_INTERIOR_01']
  HIT SRR32571191: 2 baits >= 0.7 ['ECBAIT_10_0002_MEMBER_INTERIOR_01', 'ECBAIT_10_0057_MEMBER_INTERIOR_01']
  HIT SRR32571190: 2 baits >= 0.7 ['ECBAIT_10_0002_MEMBER_INTERIOR_01', 'ECBAIT_10_0057_MEMBER_INTERIOR_01']
  HIT SRR32571192: 2 baits >= 0.7 ['ECBAIT_10_0002_MEMBER_INTERIOR_01', 'ECBAIT_10_0057_MEMBER_INTERIOR_01']
  HIT SRR32571193: 2 baits >= 0.7 ['ECBAIT_10_0002_MEMBER_INTERIOR_01', 'ECBAIT_10_0057_MEMBER_INTERIOR_01']
  HIT SRR32571195: 1 baits >= 0.7 ['ECBAIT_10_0057_MEMBER_INTERIOR_01']
  HIT SRR32571194: 2 baits >= 0.7 ['ECBAIT_10_0002_MEMBER_INTERIOR_01', 'ECBAIT_10_0057_MEMBER_INTERIOR_01']
  HIT SRR32571196: 1 baits >= 0.7 ['ECBAIT_10_0057_MEMBER_INTERIOR_01']
  HIT SRR32571197: 1 baits >= 0.7 ['ECBAIT_10_0057_MEMBER_INTERIOR_01']
  HIT SRR32571198: 3 baits >= 0.7 ['ECBAIT_0_0000_JUNCTION_02', 'ECBAIT_0_0000_MEMBER_INTERIOR_01', 'ECBAIT_10_0057_MEMBER_INTERIOR_01']
  HIT SRR32571199: 1 baits >= 0.7 ['ECBAIT_10_0057_MEMBER_INTERIOR_01']
  HIT SRR32571200: 3 baits >= 0.7 ['ECBAIT_10_0002_MEMBER_INTERIOR_01', 'ECBAIT_10_0057_MEMBER_INTERIOR_01', 'ECBAIT_10_0172_MEMBER_INTERIOR_01']
  HIT SRR32571201: 3 baits >= 0.7 ['ECBAIT_10_0002_MEMBER_INTERIOR_01', 'ECBAIT_10_0057_MEMBER_INTERIOR_01', 'ECBAIT_10_0172_MEMBER_INTERIOR_01']
  HIT SRR32571202: 3 baits >= 0.7 ['ECBAIT_10_0002_MEMBER_INTERIOR_01', 'ECBAIT_10_0057_MEMBER_INTERIOR_01', 'ECBAIT_10_0172_MEMBER_INTERIOR_01']
  HIT SRR32571204: 3 baits >= 0.7 ['ECBAIT_10_0002_MEMBER_INTERIOR_01', 'ECBAIT_10_0057_MEMBER_INTERIOR_01', 'ECBAIT_10_0172_MEMBER_INTERIOR_01']
  HIT SRR32571203: 3 baits >= 0.7 ['ECBAIT_10_0002_MEMBER_INTERIOR_01', 'ECBAIT_10_0057_MEMBER_INTERIOR_01', 'ECBAIT_10_0172_MEMBER_INTERIOR_01']
  HIT SRR32571205: 3 baits >= 0.7 ['ECBAIT_10_0002_MEMBER_INTERIOR_01', 'ECBAIT_10_0057_MEMBER_INTERIOR_01', 'ECBAIT_10_0172_MEMBER_INTERIOR_01']
  HIT SRR32571207: 3 baits >= 0.7 ['ECBAIT_10_0002_MEMBER_INTERIOR_01', 'ECBAIT_10_0057_MEMBER_INTERIOR_01', 'ECBAIT_10_0172_MEMBER_INTERIOR_01']
  11200/11975 processed (3687 screened, 3505 hit-accessions) 1412s budget=5.7GB
  HIT SRR32571206: 3 baits >= 0.7 ['ECBAIT_10_0002_MEMBER_INTERIOR_01', 'ECBAIT_10_0057_MEMBER_INTERIOR_01', 'ECBAIT_10_0172_MEMBER_INTERIOR_01']
  HIT SRR32571208: 3 baits >= 0.7 ['ECBAIT_10_0002_MEMBER_INTERIOR_01', 'ECBAIT_10_0057_MEMBER_INTERIOR_01', 'ECBAIT_10_0172_MEMBER_INTERIOR_01']
  HIT SRR32571209: 3 baits >= 0.7 ['ECBAIT_10_0002_MEMBER_INTERIOR_01', 'ECBAIT_10_0057_MEMBER_INTERIOR_01', 'ECBAIT_10_0172_MEMBER_INTERIOR_01']
  HIT SRR32571210: 2 baits >= 0.7 ['ECBAIT_10_0057_MEMBER_INTERIOR_01', 'ECBAIT_10_0172_MEMBER_INTERIOR_01']
  HIT SRR32571211: 6 baits >= 0.7 ['ECBAIT_0_0054_MEMBER_INTERIOR_01', 'ECBAIT_10_0002_MEMBER_INTERIOR_01', 'ECBAIT_10_0057_MEMBER_INTERIOR_01', 'ECBAIT_10_0172_MEMBER_INTERIOR_01']
  HIT SRR32571212: 2 baits >= 0.7 ['ECBAIT_10_0002_MEMBER_INTERIOR_01', 'ECBAIT_10_0057_MEMBER_INTERIOR_01']
  HIT SRR32571213: 2 baits >= 0.7 ['ECBAIT_10_0002_MEMBER_INTERIOR_01', 'ECBAIT_10_0057_MEMBER_INTERIOR_01']
  HIT SRR32571214: 2 baits >= 0.7 ['ECBAIT_10_0002_MEMBER_INTERIOR_01', 'ECBAIT_10_0057_MEMBER_INTERIOR_01']
  HIT SRR32571215: 2 baits >= 0.7 ['ECBAIT_10_0002_MEMBER_INTERIOR_01', 'ECBAIT_10_0057_MEMBER_INTERIOR_01']
  HIT SRR32571216: 2 baits >= 0.7 ['ECBAIT_10_0002_MEMBER_INTERIOR_01', 'ECBAIT_10_0057_MEMBER_INTERIOR_01']
  HIT SRR32571217: 2 baits >= 0.7 ['ECBAIT_10_0002_MEMBER_INTERIOR_01', 'ECBAIT_10_0057_MEMBER_INTERIOR_01']
  HIT SRR32571218: 2 baits >= 0.7 ['ECBAIT_10_0002_MEMBER_INTERIOR_01', 'ECBAIT_10_0057_MEMBER_INTERIOR_01']
  HIT SRR32571219: 2 baits >= 0.7 ['ECBAIT_10_0002_MEMBER_INTERIOR_01', 'ECBAIT_10_0057_MEMBER_INTERIOR_01']
  HIT SRR32571220: 2 baits >= 0.7 ['ECBAIT_10_0002_MEMBER_INTERIOR_01', 'ECBAIT_10_0057_MEMBER_INTERIOR_01']
  HIT SRR32571221: 1 baits >= 0.7 ['ECBAIT_10_0057_MEMBER_INTERIOR_01']
  HIT SRR32571222: 1 baits >= 0.7 ['ECBAIT_10_0057_MEMBER_INTERIOR_01']
  HIT SRR32571223: 2 baits >= 0.7 ['ECBAIT_10_0002_MEMBER_INTERIOR_01', 'ECBAIT_10_0057_MEMBER_INTERIOR_01']
  HIT SRR32571224: 1 baits >= 0.7 ['ECBAIT_10_0057_MEMBER_INTERIOR_01']
  HIT SRR32571225: 1 baits >= 0.7 ['ECBAIT_10_0057_MEMBER_INTERIOR_01']
  HIT SRR32571226: 1 baits >= 0.7 ['ECBAIT_10_0057_MEMBER_INTERIOR_01']
  HIT SRR32571227: 1 baits >= 0.7 ['ECBAIT_10_0057_MEMBER_INTERIOR_01']
  HIT SRR32571228: 1 baits >= 0.7 ['ECBAIT_10_0057_MEMBER_INTERIOR_01']
  HIT SRR32571229: 1 baits >= 0.7 ['ECBAIT_10_0057_MEMBER_INTERIOR_01']
  HIT SRR32571230: 4 baits >= 0.7 ['ECBAIT_10_0002_JUNCTION_01', 'ECBAIT_10_0002_JUNCTION_02', 'ECBAIT_10_0002_MEMBER_INTERIOR_01', 'ECBAIT_10_0057_MEMBER_INTERIOR_01']
  HIT SRR32571231: 3 baits >= 0.7 ['ECBAIT_10_0002_JUNCTION_01', 'ECBAIT_10_0002_JUNCTION_02', 'ECBAIT_10_0057_MEMBER_INTERIOR_01']
  HIT SRR32571232: 4 baits >= 0.7 ['ECBAIT_10_0002_JUNCTION_01', 'ECBAIT_10_0002_JUNCTION_02', 'ECBAIT_10_0057_MEMBER_INTERIOR_01', 'ECBAIT_10_0172_MEMBER_INTERIOR_01']
  HIT SRR32571233: 2 baits >= 0.7 ['ECBAIT_10_0057_MEMBER_INTERIOR_01', 'ECBAIT_HOST_CONTROL_02']
  HIT SRR32571234: 1 baits >= 0.7 ['ECBAIT_10_0057_MEMBER_INTERIOR_01']
  HIT SRR32571235: 1 baits >= 0.7 ['ECBAIT_10_0057_MEMBER_INTERIOR_01']
  HIT SRR32571236: 1 baits >= 0.7 ['ECBAIT_10_0057_MEMBER_INTERIOR_01']
  HIT SRR32571237: 1 baits >= 0.7 ['ECBAIT_10_0057_MEMBER_INTERIOR_01']
  HIT SRR32571238: 1 baits >= 0.7 ['ECBAIT_10_0057_MEMBER_INTERIOR_01']
  HIT SRR32571239: 1 baits >= 0.7 ['ECBAIT_10_0057_MEMBER_INTERIOR_01']
  HIT SRR32571240: 1 baits >= 0.7 ['ECBAIT_10_0057_MEMBER_INTERIOR_01']
  HIT SRR32571241: 1 baits >= 0.7 ['ECBAIT_10_0057_MEMBER_INTERIOR_01']
  HIT SRR32571242: 1 baits >= 0.7 ['ECBAIT_10_0057_MEMBER_INTERIOR_01']
  HIT SRR32571243: 1 baits >= 0.7 ['ECBAIT_10_0057_MEMBER_INTERIOR_01']
  HIT SRR32571244: 2 baits >= 0.7 ['ECBAIT_10_0057_MEMBER_INTERIOR_01', 'ECBAIT_10_0172_MEMBER_INTERIOR_01']
  HIT SRR32571245: 1 baits >= 0.7 ['ECBAIT_10_0057_MEMBER_INTERIOR_01']
  HIT SRR32571246: 1 baits >= 0.7 ['ECBAIT_10_0057_MEMBER_INTERIOR_01']
  HIT SRR32571247: 1 baits >= 0.7 ['ECBAIT_10_0057_MEMBER_INTERIOR_01']
  HIT SRR32571248: 1 baits >= 0.7 ['ECBAIT_10_0057_MEMBER_INTERIOR_01']
  HIT SRR32571249: 1 baits >= 0.7 ['ECBAIT_10_0057_MEMBER_INTERIOR_01']
  HIT SRR32571250: 1 baits >= 0.7 ['ECBAIT_10_0057_MEMBER_INTERIOR_01']
  HIT SRR32571251: 2 baits >= 0.7 ['ECBAIT_10_0057_MEMBER_INTERIOR_01', 'ECBAIT_HOST_CONTROL_02']
  HIT SRR32571252: 2 baits >= 0.7 ['ECBAIT_10_0057_MEMBER_INTERIOR_01', 'ECBAIT_HOST_CONTROL_02']
  HIT SRR32571254: 2 baits >= 0.7 ['ECBAIT_10_0057_MEMBER_INTERIOR_01', 'ECBAIT_HOST_CONTROL_02']
  HIT SRR32571253: 2 baits >= 0.7 ['ECBAIT_10_0002_MEMBER_INTERIOR_01', 'ECBAIT_10_0057_MEMBER_INTERIOR_01']
  HIT SRR32571256: 3 baits >= 0.7 ['ECBAIT_0_0046_MEMBER_INTERIOR_01', 'ECBAIT_10_0057_MEMBER_INTERIOR_01', 'ECBAIT_10_0172_MEMBER_INTERIOR_01']
  HIT SRR32571255: 3 baits >= 0.7 ['ECBAIT_0_0046_MEMBER_INTERIOR_01', 'ECBAIT_10_0057_MEMBER_INTERIOR_01', 'ECBAIT_10_0172_MEMBER_INTERIOR_01']
  11250/11975 processed (3737 screened, 3555 hit-accessions) 1428s budget=5.8GB
  HIT SRR32571257: 1 baits >= 0.7 ['ECBAIT_10_0057_MEMBER_INTERIOR_01']
  HIT SRR32571258: 1 baits >= 0.7 ['ECBAIT_10_0057_MEMBER_INTERIOR_01']
  HIT SRR32571259: 1 baits >= 0.7 ['ECBAIT_10_0057_MEMBER_INTERIOR_01']
  HIT SRR32571260: 1 baits >= 0.7 ['ECBAIT_10_0057_MEMBER_INTERIOR_01']
  HIT SRR32571261: 2 baits >= 0.7 ['ECBAIT_10_0002_MEMBER_INTERIOR_01', 'ECBAIT_10_0057_MEMBER_INTERIOR_01']
  HIT SRR32571262: 1 baits >= 0.7 ['ECBAIT_10_0057_MEMBER_INTERIOR_01']
  HIT SRR32571263: 1 baits >= 0.7 ['ECBAIT_10_0057_MEMBER_INTERIOR_01']
  HIT SRR32571264: 2 baits >= 0.7 ['ECBAIT_10_0057_MEMBER_INTERIOR_01', 'ECBAIT_1_0004_JUNCTION_02']
  HIT SRR32571265: 2 baits >= 0.7 ['ECBAIT_10_0057_MEMBER_INTERIOR_01', 'ECBAIT_1_0004_JUNCTION_01']
  HIT SRR32571266: 1 baits >= 0.7 ['ECBAIT_10_0057_MEMBER_INTERIOR_01']
  HIT SRR32571267: 2 baits >= 0.7 ['ECBAIT_10_0057_MEMBER_INTERIOR_01', 'ECBAIT_10_0172_MEMBER_INTERIOR_01']
  HIT SRR32571268: 1 baits >= 0.7 ['ECBAIT_10_0057_MEMBER_INTERIOR_01']
  HIT SRR32571269: 1 baits >= 0.7 ['ECBAIT_10_0057_MEMBER_INTERIOR_01']
  HIT SRR32571270: 1 baits >= 0.7 ['ECBAIT_10_0057_MEMBER_INTERIOR_01']
  HIT SRR32571271: 1 baits >= 0.7 ['ECBAIT_10_0057_MEMBER_INTERIOR_01']
  HIT SRR32571272: 2 baits >= 0.7 ['ECBAIT_10_0057_MEMBER_INTERIOR_01', 'ECBAIT_10_0172_MEMBER_INTERIOR_01']
  HIT SRR32571273: 1 baits >= 0.7 ['ECBAIT_10_0057_MEMBER_INTERIOR_01']
  HIT SRR32571274: 1 baits >= 0.7 ['ECBAIT_10_0057_MEMBER_INTERIOR_01']
  HIT SRR32571275: 2 baits >= 0.7 ['ECBAIT_10_0057_MEMBER_INTERIOR_01', 'ECBAIT_HOST_CONTROL_01']
  HIT SRR32571276: 1 baits >= 0.7 ['ECBAIT_10_0057_MEMBER_INTERIOR_01']
  HIT SRR32571277: 1 baits >= 0.7 ['ECBAIT_10_0057_MEMBER_INTERIOR_01']
  HIT SRR32571278: 1 baits >= 0.7 ['ECBAIT_10_0057_MEMBER_INTERIOR_01']
  HIT SRR32571279: 1 baits >= 0.7 ['ECBAIT_10_0057_MEMBER_INTERIOR_01']
  HIT SRR32571280: 2 baits >= 0.7 ['ECBAIT_10_0057_MEMBER_INTERIOR_01', 'ECBAIT_10_0172_MEMBER_INTERIOR_01']
  HIT SRR32571281: 2 baits >= 0.7 ['ECBAIT_10_0002_MEMBER_INTERIOR_01', 'ECBAIT_10_0057_MEMBER_INTERIOR_01']
  HIT SRR32571282: 2 baits >= 0.7 ['ECBAIT_10_0002_MEMBER_INTERIOR_01', 'ECBAIT_10_0057_MEMBER_INTERIOR_01']
  HIT SRR32571283: 2 baits >= 0.7 ['ECBAIT_10_0002_MEMBER_INTERIOR_01', 'ECBAIT_10_0057_MEMBER_INTERIOR_01']
  HIT SRR32571284: 2 baits >= 0.7 ['ECBAIT_10_0002_MEMBER_INTERIOR_01', 'ECBAIT_10_0057_MEMBER_INTERIOR_01']
  HIT SRR32571285: 2 baits >= 0.7 ['ECBAIT_10_0002_MEMBER_INTERIOR_01', 'ECBAIT_10_0057_MEMBER_INTERIOR_01']
  HIT SRR32571286: 2 baits >= 0.7 ['ECBAIT_10_0002_MEMBER_INTERIOR_01', 'ECBAIT_10_0057_MEMBER_INTERIOR_01']
  HIT SRR32571287: 2 baits >= 0.7 ['ECBAIT_10_0002_MEMBER_INTERIOR_01', 'ECBAIT_10_0057_MEMBER_INTERIOR_01']
  HIT SRR32571288: 2 baits >= 0.7 ['ECBAIT_10_0057_MEMBER_INTERIOR_01', 'ECBAIT_10_0172_MEMBER_INTERIOR_01']
  HIT SRR32571290: 1 baits >= 0.7 ['ECBAIT_10_0057_MEMBER_INTERIOR_01']
  HIT SRR32571289: 1 baits >= 0.7 ['ECBAIT_10_0057_MEMBER_INTERIOR_01']
  HIT SRR32571291: 1 baits >= 0.7 ['ECBAIT_10_0057_MEMBER_INTERIOR_01']
  HIT SRR32571292: 1 baits >= 0.7 ['ECBAIT_10_0057_MEMBER_INTERIOR_01']
  HIT SRR32571293: 1 baits >= 0.7 ['ECBAIT_10_0057_MEMBER_INTERIOR_01']
  HIT SRR32571294: 1 baits >= 0.7 ['ECBAIT_10_0057_MEMBER_INTERIOR_01']
  HIT SRR32571295: 2 baits >= 0.7 ['ECBAIT_10_0057_MEMBER_INTERIOR_01', 'ECBAIT_HOST_CONTROL_02']
  HIT SRR32571296: 2 baits >= 0.7 ['ECBAIT_10_0057_MEMBER_INTERIOR_01', 'ECBAIT_HOST_CONTROL_02']
  HIT SRR32571298: 2 baits >= 0.7 ['ECBAIT_10_0057_MEMBER_INTERIOR_01', 'ECBAIT_HOST_CONTROL_02']
  HIT SRR32571297: 2 baits >= 0.7 ['ECBAIT_10_0057_MEMBER_INTERIOR_01', 'ECBAIT_HOST_CONTROL_02']
  HIT SRR32571299: 2 baits >= 0.7 ['ECBAIT_10_0057_MEMBER_INTERIOR_01', 'ECBAIT_10_0172_MEMBER_INTERIOR_01']
  HIT SRR32571300: 2 baits >= 0.7 ['ECBAIT_10_0057_MEMBER_INTERIOR_01', 'ECBAIT_HOST_CONTROL_02']
  HIT SRR32571301: 2 baits >= 0.7 ['ECBAIT_10_0057_MEMBER_INTERIOR_01', 'ECBAIT_HOST_CONTROL_02']
  HIT SRR32571303: 2 baits >= 0.7 ['ECBAIT_10_0057_MEMBER_INTERIOR_01', 'ECBAIT_HOST_CONTROL_02']
  HIT SRR32571302: 2 baits >= 0.7 ['ECBAIT_10_0057_MEMBER_INTERIOR_01', 'ECBAIT_HOST_CONTROL_02']
  HIT SRR32571304: 1 baits >= 0.7 ['ECBAIT_10_0057_MEMBER_INTERIOR_01']
  HIT SRR32571305: 3 baits >= 0.7 ['ECBAIT_10_0002_JUNCTION_01', 'ECBAIT_10_0002_JUNCTION_02', 'ECBAIT_10_0057_MEMBER_INTERIOR_01']
  HIT SRR32571306: 1 baits >= 0.7 ['ECBAIT_10_0057_MEMBER_INTERIOR_01']
  11300/11975 processed (3787 screened, 3605 hit-accessions) 1445s budget=5.9GB
  HIT SRR32571307: 1 baits >= 0.7 ['ECBAIT_10_0057_MEMBER_INTERIOR_01']
  HIT SRR32571308: 1 baits >= 0.7 ['ECBAIT_10_0057_MEMBER_INTERIOR_01']
  HIT SRR32571309: 1 baits >= 0.7 ['ECBAIT_10_0057_MEMBER_INTERIOR_01']
  HIT SRR32571310: 1 baits >= 0.7 ['ECBAIT_10_0057_MEMBER_INTERIOR_01']
  HIT SRR32571311: 2 baits >= 0.7 ['ECBAIT_10_0057_MEMBER_INTERIOR_01', 'ECBAIT_10_0172_MEMBER_INTERIOR_01']
  HIT SRR32571312: 1 baits >= 0.7 ['ECBAIT_10_0057_MEMBER_INTERIOR_01']
  HIT SRR32571313: 1 baits >= 0.7 ['ECBAIT_10_0057_MEMBER_INTERIOR_01']
  HIT SRR32571314: 2 baits >= 0.7 ['ECBAIT_10_0002_MEMBER_INTERIOR_01', 'ECBAIT_10_0057_MEMBER_INTERIOR_01']
  HIT SRR32571315: 1 baits >= 0.7 ['ECBAIT_10_0057_MEMBER_INTERIOR_01']
  HIT SRR32571316: 2 baits >= 0.7 ['ECBAIT_10_0002_MEMBER_INTERIOR_01', 'ECBAIT_10_0057_MEMBER_INTERIOR_01']
  HIT SRR32571317: 2 baits >= 0.7 ['ECBAIT_10_0002_MEMBER_INTERIOR_01', 'ECBAIT_10_0057_MEMBER_INTERIOR_01']
  HIT SRR32571318: 2 baits >= 0.7 ['ECBAIT_10_0002_MEMBER_INTERIOR_01', 'ECBAIT_10_0057_MEMBER_INTERIOR_01']
  HIT SRR32571319: 1 baits >= 0.7 ['ECBAIT_10_0002_MEMBER_INTERIOR_01']
  HIT SRR32571320: 3 baits >= 0.7 ['ECBAIT_0_0000_JUNCTION_02', 'ECBAIT_0_0000_MEMBER_INTERIOR_01', 'ECBAIT_10_0057_MEMBER_INTERIOR_01']
  HIT SRR32571321: 3 baits >= 0.7 ['ECBAIT_0_0000_JUNCTION_02', 'ECBAIT_0_0000_MEMBER_INTERIOR_01', 'ECBAIT_10_0057_MEMBER_INTERIOR_01']
  HIT SRR32571322: 3 baits >= 0.7 ['ECBAIT_0_0000_JUNCTION_02', 'ECBAIT_0_0000_MEMBER_INTERIOR_01', 'ECBAIT_10_0057_MEMBER_INTERIOR_01']
  HIT SRR32571323: 3 baits >= 0.7 ['ECBAIT_0_0000_JUNCTION_02', 'ECBAIT_0_0000_MEMBER_INTERIOR_01', 'ECBAIT_10_0057_MEMBER_INTERIOR_01']
  HIT SRR32571324: 4 baits >= 0.7 ['ECBAIT_10_0002_JUNCTION_01', 'ECBAIT_10_0002_JUNCTION_02', 'ECBAIT_10_0002_MEMBER_INTERIOR_01', 'ECBAIT_10_0057_MEMBER_INTERIOR_01']
  HIT SRR32571325: 2 baits >= 0.7 ['ECBAIT_10_0002_MEMBER_INTERIOR_01', 'ECBAIT_10_0057_MEMBER_INTERIOR_01']
  HIT SRR32571326: 4 baits >= 0.7 ['ECBAIT_10_0002_JUNCTION_01', 'ECBAIT_10_0002_JUNCTION_02', 'ECBAIT_10_0002_MEMBER_INTERIOR_01', 'ECBAIT_10_0057_MEMBER_INTERIOR_01']
  HIT SRR32571327: 4 baits >= 0.7 ['ECBAIT_10_0002_JUNCTION_01', 'ECBAIT_10_0002_JUNCTION_02', 'ECBAIT_10_0002_MEMBER_INTERIOR_01', 'ECBAIT_10_0057_MEMBER_INTERIOR_01']
  HIT SRR32571328: 4 baits >= 0.7 ['ECBAIT_10_0002_JUNCTION_01', 'ECBAIT_10_0002_JUNCTION_02', 'ECBAIT_10_0002_MEMBER_INTERIOR_01', 'ECBAIT_10_0057_MEMBER_INTERIOR_01']
  HIT SRR32571329: 4 baits >= 0.7 ['ECBAIT_10_0002_JUNCTION_01', 'ECBAIT_10_0002_JUNCTION_02', 'ECBAIT_10_0002_MEMBER_INTERIOR_01', 'ECBAIT_10_0057_MEMBER_INTERIOR_01']
  HIT SRR32571330: 3 baits >= 0.7 ['ECBAIT_10_0002_JUNCTION_01', 'ECBAIT_10_0002_MEMBER_INTERIOR_01', 'ECBAIT_10_0057_MEMBER_INTERIOR_01']
  HIT SRR32571331: 4 baits >= 0.7 ['ECBAIT_10_0002_JUNCTION_01', 'ECBAIT_10_0002_JUNCTION_02', 'ECBAIT_10_0002_MEMBER_INTERIOR_01', 'ECBAIT_10_0057_MEMBER_INTERIOR_01']
  HIT SRR32571332: 4 baits >= 0.7 ['ECBAIT_10_0002_JUNCTION_01', 'ECBAIT_10_0002_JUNCTION_02', 'ECBAIT_10_0002_MEMBER_INTERIOR_01', 'ECBAIT_10_0057_MEMBER_INTERIOR_01']
  HIT SRR32571333: 4 baits >= 0.7 ['ECBAIT_10_0002_JUNCTION_01', 'ECBAIT_10_0002_JUNCTION_02', 'ECBAIT_10_0002_MEMBER_INTERIOR_01', 'ECBAIT_10_0057_MEMBER_INTERIOR_01']
  HIT SRR32571334: 2 baits >= 0.7 ['ECBAIT_10_0002_MEMBER_INTERIOR_01', 'ECBAIT_10_0057_MEMBER_INTERIOR_01']
  HIT SRR32571335: 2 baits >= 0.7 ['ECBAIT_10_0002_MEMBER_INTERIOR_01', 'ECBAIT_10_0057_MEMBER_INTERIOR_01']
  HIT SRR32571336: 2 baits >= 0.7 ['ECBAIT_10_0002_MEMBER_INTERIOR_01', 'ECBAIT_10_0057_MEMBER_INTERIOR_01']
  HIT SRR32571337: 2 baits >= 0.7 ['ECBAIT_10_0002_MEMBER_INTERIOR_01', 'ECBAIT_10_0057_MEMBER_INTERIOR_01']
  HIT SRR32571339: 2 baits >= 0.7 ['ECBAIT_10_0002_MEMBER_INTERIOR_01', 'ECBAIT_10_0057_MEMBER_INTERIOR_01']
  HIT SRR32571340: 2 baits >= 0.7 ['ECBAIT_10_0002_MEMBER_INTERIOR_01', 'ECBAIT_10_0057_MEMBER_INTERIOR_01']
  HIT SRR32571338: 2 baits >= 0.7 ['ECBAIT_10_0002_MEMBER_INTERIOR_01', 'ECBAIT_10_0057_MEMBER_INTERIOR_01']
  HIT SRR32571341: 2 baits >= 0.7 ['ECBAIT_10_0002_MEMBER_INTERIOR_01', 'ECBAIT_10_0057_MEMBER_INTERIOR_01']
  HIT SRR32571342: 2 baits >= 0.7 ['ECBAIT_10_0057_MEMBER_INTERIOR_01', 'ECBAIT_HOST_CONTROL_02']
  HIT SRR32571343: 2 baits >= 0.7 ['ECBAIT_10_0057_MEMBER_INTERIOR_01', 'ECBAIT_HOST_CONTROL_02']
  HIT SRR32571344: 2 baits >= 0.7 ['ECBAIT_10_0057_MEMBER_INTERIOR_01', 'ECBAIT_HOST_CONTROL_02']
  HIT SRR32571345: 2 baits >= 0.7 ['ECBAIT_10_0057_MEMBER_INTERIOR_01', 'ECBAIT_10_0172_MEMBER_INTERIOR_01']
  HIT SRR32571346: 1 baits >= 0.7 ['ECBAIT_10_0057_MEMBER_INTERIOR_01']
  HIT SRR32571347: 2 baits >= 0.7 ['ECBAIT_10_0002_MEMBER_INTERIOR_01', 'ECBAIT_10_0057_MEMBER_INTERIOR_01']
  HIT SRR32571348: 1 baits >= 0.7 ['ECBAIT_10_0057_MEMBER_INTERIOR_01']
  HIT SRR32571349: 1 baits >= 0.7 ['ECBAIT_10_0057_MEMBER_INTERIOR_01']
  HIT SRR32571351: 1 baits >= 0.7 ['ECBAIT_10_0057_MEMBER_INTERIOR_01']
  HIT SRR32571350: 1 baits >= 0.7 ['ECBAIT_10_0057_MEMBER_INTERIOR_01']
  HIT SRR32571352: 1 baits >= 0.7 ['ECBAIT_10_0057_MEMBER_INTERIOR_01']
  HIT SRR32571353: 1 baits >= 0.7 ['ECBAIT_10_0057_MEMBER_INTERIOR_01']
  HIT SRR32571354: 1 baits >= 0.7 ['ECBAIT_10_0057_MEMBER_INTERIOR_01']
  HIT SRR32571355: 1 baits >= 0.7 ['ECBAIT_10_0057_MEMBER_INTERIOR_01']
  HIT SRR32571356: 3 baits >= 0.7 ['ECBAIT_10_0002_JUNCTION_01', 'ECBAIT_10_0002_MEMBER_INTERIOR_01', 'ECBAIT_10_0057_MEMBER_INTERIOR_01']
  11350/11975 processed (3837 screened, 3655 hit-accessions) 1460s budget=6.0GB
  HIT SRR32571357: 2 baits >= 0.7 ['ECBAIT_10_0057_MEMBER_INTERIOR_01', 'ECBAIT_HOST_CONTROL_02']
  HIT SRR32571358: 2 baits >= 0.7 ['ECBAIT_10_0002_MEMBER_INTERIOR_01', 'ECBAIT_10_0057_MEMBER_INTERIOR_01']
  HIT SRR32571359: 3 baits >= 0.7 ['ECBAIT_10_0002_JUNCTION_01', 'ECBAIT_10_0002_MEMBER_INTERIOR_01', 'ECBAIT_10_0057_MEMBER_INTERIOR_01']
  HIT SRR32571360: 3 baits >= 0.7 ['ECBAIT_10_0002_JUNCTION_01', 'ECBAIT_10_0002_MEMBER_INTERIOR_01', 'ECBAIT_10_0057_MEMBER_INTERIOR_01']
  HIT SRR32571361: 3 baits >= 0.7 ['ECBAIT_10_0002_JUNCTION_01', 'ECBAIT_10_0002_MEMBER_INTERIOR_01', 'ECBAIT_10_0057_MEMBER_INTERIOR_01']
  HIT SRR32571362: 3 baits >= 0.7 ['ECBAIT_10_0002_JUNCTION_01', 'ECBAIT_10_0002_MEMBER_INTERIOR_01', 'ECBAIT_10_0057_MEMBER_INTERIOR_01']
  HIT SRR32571364: 2 baits >= 0.7 ['ECBAIT_10_0002_MEMBER_INTERIOR_01', 'ECBAIT_10_0057_MEMBER_INTERIOR_01']
  HIT SRR32571363: 2 baits >= 0.7 ['ECBAIT_10_0002_MEMBER_INTERIOR_01', 'ECBAIT_10_0057_MEMBER_INTERIOR_01']
  HIT SRR32571365: 3 baits >= 0.7 ['ECBAIT_10_0002_MEMBER_INTERIOR_01', 'ECBAIT_10_0057_MEMBER_INTERIOR_01', 'ECBAIT_HOST_CONTROL_01']
  HIT SRR32571366: 2 baits >= 0.7 ['ECBAIT_10_0002_MEMBER_INTERIOR_01', 'ECBAIT_10_0057_MEMBER_INTERIOR_01']
  HIT SRR32571367: 2 baits >= 0.7 ['ECBAIT_10_0002_MEMBER_INTERIOR_01', 'ECBAIT_10_0057_MEMBER_INTERIOR_01']
  HIT SRR32571368: 2 baits >= 0.7 ['ECBAIT_10_0002_MEMBER_INTERIOR_01', 'ECBAIT_10_0057_MEMBER_INTERIOR_01']
  HIT SRR32571369: 2 baits >= 0.7 ['ECBAIT_10_0002_MEMBER_INTERIOR_01', 'ECBAIT_10_0057_MEMBER_INTERIOR_01']
  HIT SRR32571370: 2 baits >= 0.7 ['ECBAIT_10_0002_MEMBER_INTERIOR_01', 'ECBAIT_10_0057_MEMBER_INTERIOR_01']
  HIT SRR32571371: 2 baits >= 0.7 ['ECBAIT_10_0002_MEMBER_INTERIOR_01', 'ECBAIT_10_0057_MEMBER_INTERIOR_01']
  HIT SRR32571372: 2 baits >= 0.7 ['ECBAIT_10_0002_MEMBER_INTERIOR_01', 'ECBAIT_10_0057_MEMBER_INTERIOR_01']
  HIT SRR32571374: 1 baits >= 0.7 ['ECBAIT_10_0057_MEMBER_INTERIOR_01']
  HIT SRR32571373: 1 baits >= 0.7 ['ECBAIT_10_0057_MEMBER_INTERIOR_01']
  HIT SRR32571376: 2 baits >= 0.7 ['ECBAIT_10_0057_MEMBER_INTERIOR_01', 'ECBAIT_10_0172_MEMBER_INTERIOR_01']
  HIT SRR32571375: 1 baits >= 0.7 ['ECBAIT_10_0057_MEMBER_INTERIOR_01']
  HIT SRR32571378: 1 baits >= 0.7 ['ECBAIT_10_0057_MEMBER_INTERIOR_01']
  HIT SRR32571377: 1 baits >= 0.7 ['ECBAIT_10_0057_MEMBER_INTERIOR_01']
  HIT SRR32571380: 1 baits >= 0.7 ['ECBAIT_10_0057_MEMBER_INTERIOR_01']
  HIT SRR32571379: 1 baits >= 0.7 ['ECBAIT_10_0057_MEMBER_INTERIOR_01']
  HIT SRR32571382: 2 baits >= 0.7 ['ECBAIT_10_0057_MEMBER_INTERIOR_01', 'ECBAIT_HOST_CONTROL_02']
  HIT SRR32571381: 2 baits >= 0.7 ['ECBAIT_10_0002_MEMBER_INTERIOR_01', 'ECBAIT_10_0057_MEMBER_INTERIOR_01']
  HIT SRR32571383: 1 baits >= 0.7 ['ECBAIT_10_0057_MEMBER_INTERIOR_01']
  HIT SRR32571384: 4 baits >= 0.7 ['ECBAIT_0_0000_JUNCTION_02', 'ECBAIT_0_0000_MEMBER_INTERIOR_01', 'ECBAIT_10_0002_JUNCTION_02', 'ECBAIT_10_0057_MEMBER_INTERIOR_01']
  HIT SRR32571386: 2 baits >= 0.7 ['ECBAIT_10_0002_MEMBER_INTERIOR_01', 'ECBAIT_10_0057_MEMBER_INTERIOR_01']
  HIT SRR32571385: 2 baits >= 0.7 ['ECBAIT_10_0002_MEMBER_INTERIOR_01', 'ECBAIT_10_0057_MEMBER_INTERIOR_01']
  HIT SRR32571387: 1 baits >= 0.7 ['ECBAIT_10_0057_MEMBER_INTERIOR_01']
  HIT SRR32571388: 2 baits >= 0.7 ['ECBAIT_10_0002_MEMBER_INTERIOR_01', 'ECBAIT_10_0057_MEMBER_INTERIOR_01']
  HIT SRR32571389: 2 baits >= 0.7 ['ECBAIT_10_0002_MEMBER_INTERIOR_01', 'ECBAIT_10_0057_MEMBER_INTERIOR_01']
  HIT SRR32571390: 2 baits >= 0.7 ['ECBAIT_10_0002_MEMBER_INTERIOR_01', 'ECBAIT_10_0057_MEMBER_INTERIOR_01']
  HIT SRR32571391: 2 baits >= 0.7 ['ECBAIT_10_0002_MEMBER_INTERIOR_01', 'ECBAIT_10_0057_MEMBER_INTERIOR_01']
  HIT SRR32571392: 2 baits >= 0.7 ['ECBAIT_10_0002_MEMBER_INTERIOR_01', 'ECBAIT_10_0057_MEMBER_INTERIOR_01']
  HIT SRR32571393: 2 baits >= 0.7 ['ECBAIT_10_0002_MEMBER_INTERIOR_01', 'ECBAIT_10_0057_MEMBER_INTERIOR_01']
  HIT SRR32571394: 2 baits >= 0.7 ['ECBAIT_10_0002_MEMBER_INTERIOR_01', 'ECBAIT_10_0057_MEMBER_INTERIOR_01']
  HIT SRR32571395: 2 baits >= 0.7 ['ECBAIT_10_0002_MEMBER_INTERIOR_01', 'ECBAIT_10_0057_MEMBER_INTERIOR_01']
  HIT SRR32571396: 2 baits >= 0.7 ['ECBAIT_10_0002_MEMBER_INTERIOR_01', 'ECBAIT_10_0057_MEMBER_INTERIOR_01']
  HIT SRR32571397: 2 baits >= 0.7 ['ECBAIT_10_0002_MEMBER_INTERIOR_01', 'ECBAIT_10_0057_MEMBER_INTERIOR_01']
  HIT SRR32571398: 2 baits >= 0.7 ['ECBAIT_10_0057_MEMBER_INTERIOR_01', 'ECBAIT_10_0172_MEMBER_INTERIOR_01']
  HIT SRR32571399: 2 baits >= 0.7 ['ECBAIT_10_0002_MEMBER_INTERIOR_01', 'ECBAIT_10_0057_MEMBER_INTERIOR_01']
  HIT SRR32571400: 2 baits >= 0.7 ['ECBAIT_10_0002_MEMBER_INTERIOR_01', 'ECBAIT_10_0057_MEMBER_INTERIOR_01']
  HIT SRR32571401: 2 baits >= 0.7 ['ECBAIT_10_0002_MEMBER_INTERIOR_01', 'ECBAIT_10_0057_MEMBER_INTERIOR_01']
  HIT SRR32571402: 2 baits >= 0.7 ['ECBAIT_10_0002_MEMBER_INTERIOR_01', 'ECBAIT_10_0057_MEMBER_INTERIOR_01']
  HIT SRR32571403: 2 baits >= 0.7 ['ECBAIT_10_0002_MEMBER_INTERIOR_01', 'ECBAIT_10_0057_MEMBER_INTERIOR_01']
  HIT SRR32571404: 2 baits >= 0.7 ['ECBAIT_10_0057_MEMBER_INTERIOR_01', 'ECBAIT_HOST_CONTROL_02']
  HIT SRR32571405: 2 baits >= 0.7 ['ECBAIT_10_0002_MEMBER_INTERIOR_01', 'ECBAIT_10_0057_MEMBER_INTERIOR_01']
  HIT SRR32571406: 2 baits >= 0.7 ['ECBAIT_10_0002_MEMBER_INTERIOR_01', 'ECBAIT_10_0057_MEMBER_INTERIOR_01']
  11400/11975 processed (3887 screened, 3705 hit-accessions) 1476s budget=6.0GB
  HIT SRR32571407: 2 baits >= 0.7 ['ECBAIT_10_0002_MEMBER_INTERIOR_01', 'ECBAIT_10_0057_MEMBER_INTERIOR_01']
  HIT SRR32571408: 2 baits >= 0.7 ['ECBAIT_10_0002_MEMBER_INTERIOR_01', 'ECBAIT_10_0057_MEMBER_INTERIOR_01']
  HIT SRR32571411: 2 baits >= 0.7 ['ECBAIT_10_0002_MEMBER_INTERIOR_01', 'ECBAIT_10_0057_MEMBER_INTERIOR_01']
  HIT SRR32571410: 2 baits >= 0.7 ['ECBAIT_10_0002_MEMBER_INTERIOR_01', 'ECBAIT_10_0057_MEMBER_INTERIOR_01']
  HIT SRR32571409: 2 baits >= 0.7 ['ECBAIT_10_0002_MEMBER_INTERIOR_01', 'ECBAIT_10_0057_MEMBER_INTERIOR_01']
  HIT SRR32571412: 2 baits >= 0.7 ['ECBAIT_10_0002_MEMBER_INTERIOR_01', 'ECBAIT_10_0057_MEMBER_INTERIOR_01']
  HIT SRR32571413: 2 baits >= 0.7 ['ECBAIT_10_0002_MEMBER_INTERIOR_01', 'ECBAIT_10_0057_MEMBER_INTERIOR_01']
  HIT SRR32571415: 3 baits >= 0.7 ['ECBAIT_10_0002_JUNCTION_01', 'ECBAIT_10_0002_MEMBER_INTERIOR_01', 'ECBAIT_10_0057_MEMBER_INTERIOR_01']
  HIT SRR32571414: 2 baits >= 0.7 ['ECBAIT_10_0002_MEMBER_INTERIOR_01', 'ECBAIT_10_0057_MEMBER_INTERIOR_01']
  HIT SRR32571416: 3 baits >= 0.7 ['ECBAIT_10_0002_JUNCTION_01', 'ECBAIT_10_0002_MEMBER_INTERIOR_01', 'ECBAIT_10_0057_MEMBER_INTERIOR_01']
  HIT SRR32571417: 7 baits >= 0.7 ['ECBAIT_0_0046_MEMBER_INTERIOR_01', 'ECBAIT_10_0002_JUNCTION_01', 'ECBAIT_10_0002_MEMBER_INTERIOR_01', 'ECBAIT_10_0057_MEMBER_INTERIOR_01']
  HIT SRR32571419: 7 baits >= 0.7 ['ECBAIT_0_0046_MEMBER_INTERIOR_01', 'ECBAIT_10_0002_JUNCTION_01', 'ECBAIT_10_0002_MEMBER_INTERIOR_01', 'ECBAIT_10_0057_MEMBER_INTERIOR_01']
  HIT SRR32571418: 7 baits >= 0.7 ['ECBAIT_0_0046_MEMBER_INTERIOR_01', 'ECBAIT_10_0002_JUNCTION_01', 'ECBAIT_10_0002_MEMBER_INTERIOR_01', 'ECBAIT_10_0057_MEMBER_INTERIOR_01']
  HIT SRR32571420: 7 baits >= 0.7 ['ECBAIT_0_0046_MEMBER_INTERIOR_01', 'ECBAIT_10_0002_JUNCTION_01', 'ECBAIT_10_0002_MEMBER_INTERIOR_01', 'ECBAIT_10_0057_MEMBER_INTERIOR_01']
  HIT SRR32571421: 2 baits >= 0.7 ['ECBAIT_10_0002_MEMBER_INTERIOR_01', 'ECBAIT_10_0057_MEMBER_INTERIOR_01']
  HIT SRR32571422: 3 baits >= 0.7 ['ECBAIT_0_0000_JUNCTION_02', 'ECBAIT_0_0000_MEMBER_INTERIOR_01', 'ECBAIT_10_0057_MEMBER_INTERIOR_01']
  HIT SRR32571423: 3 baits >= 0.7 ['ECBAIT_0_0000_JUNCTION_02', 'ECBAIT_0_0000_MEMBER_INTERIOR_01', 'ECBAIT_10_0057_MEMBER_INTERIOR_01']
  HIT SRR32571424: 3 baits >= 0.7 ['ECBAIT_0_0000_JUNCTION_02', 'ECBAIT_0_0000_MEMBER_INTERIOR_01', 'ECBAIT_10_0057_MEMBER_INTERIOR_01']
  HIT SRR32571426: 4 baits >= 0.7 ['ECBAIT_10_0002_JUNCTION_01', 'ECBAIT_10_0002_JUNCTION_02', 'ECBAIT_10_0002_MEMBER_INTERIOR_01', 'ECBAIT_10_0057_MEMBER_INTERIOR_01']
  HIT SRR32571425: 3 baits >= 0.7 ['ECBAIT_0_0000_JUNCTION_02', 'ECBAIT_0_0000_MEMBER_INTERIOR_01', 'ECBAIT_10_0057_MEMBER_INTERIOR_01']
  HIT SRR32571427: 1 baits >= 0.7 ['ECBAIT_10_0057_MEMBER_INTERIOR_01']
  HIT SRR32571428: 2 baits >= 0.7 ['ECBAIT_10_0002_MEMBER_INTERIOR_01', 'ECBAIT_10_0057_MEMBER_INTERIOR_01']
  HIT SRR32571431: 2 baits >= 0.7 ['ECBAIT_10_0002_MEMBER_INTERIOR_01', 'ECBAIT_10_0057_MEMBER_INTERIOR_01']
  HIT SRR32571429: 2 baits >= 0.7 ['ECBAIT_10_0002_MEMBER_INTERIOR_01', 'ECBAIT_10_0057_MEMBER_INTERIOR_01']
  HIT SRR32571430: 2 baits >= 0.7 ['ECBAIT_10_0002_MEMBER_INTERIOR_01', 'ECBAIT_10_0057_MEMBER_INTERIOR_01']
  HIT SRR32571432: 2 baits >= 0.7 ['ECBAIT_10_0002_MEMBER_INTERIOR_01', 'ECBAIT_10_0057_MEMBER_INTERIOR_01']
  HIT SRR32571434: 1 baits >= 0.7 ['ECBAIT_10_0057_MEMBER_INTERIOR_01']
  HIT SRR32571433: 2 baits >= 0.7 ['ECBAIT_10_0002_MEMBER_INTERIOR_01', 'ECBAIT_10_0057_MEMBER_INTERIOR_01']
  HIT SRR32571435: 2 baits >= 0.7 ['ECBAIT_10_0002_MEMBER_INTERIOR_01', 'ECBAIT_10_0057_MEMBER_INTERIOR_01']
  HIT SRR32571436: 1 baits >= 0.7 ['ECBAIT_10_0057_MEMBER_INTERIOR_01']
  HIT SRR32571438: 2 baits >= 0.7 ['ECBAIT_10_0002_MEMBER_INTERIOR_01', 'ECBAIT_10_0057_MEMBER_INTERIOR_01']
  HIT SRR32571437: 2 baits >= 0.7 ['ECBAIT_10_0002_MEMBER_INTERIOR_01', 'ECBAIT_10_0057_MEMBER_INTERIOR_01']
  HIT SRR32571439: 2 baits >= 0.7 ['ECBAIT_10_0002_MEMBER_INTERIOR_01', 'ECBAIT_10_0057_MEMBER_INTERIOR_01']
  HIT SRR32571440: 2 baits >= 0.7 ['ECBAIT_10_0002_MEMBER_INTERIOR_01', 'ECBAIT_10_0057_MEMBER_INTERIOR_01']
  HIT SRR32571441: 2 baits >= 0.7 ['ECBAIT_10_0002_MEMBER_INTERIOR_01', 'ECBAIT_10_0057_MEMBER_INTERIOR_01']
  HIT SRR32571442: 2 baits >= 0.7 ['ECBAIT_10_0002_MEMBER_INTERIOR_01', 'ECBAIT_10_0057_MEMBER_INTERIOR_01']
  HIT SRR32571443: 1 baits >= 0.7 ['ECBAIT_10_0057_MEMBER_INTERIOR_01']
  HIT SRR32571444: 2 baits >= 0.7 ['ECBAIT_10_0002_MEMBER_INTERIOR_01', 'ECBAIT_10_0057_MEMBER_INTERIOR_01']
  HIT SRR32571446: 2 baits >= 0.7 ['ECBAIT_10_0002_MEMBER_INTERIOR_01', 'ECBAIT_10_0057_MEMBER_INTERIOR_01']
  HIT SRR32571445: 2 baits >= 0.7 ['ECBAIT_10_0002_MEMBER_INTERIOR_01', 'ECBAIT_10_0057_MEMBER_INTERIOR_01']
  HIT SRR32571447: 2 baits >= 0.7 ['ECBAIT_10_0002_MEMBER_INTERIOR_01', 'ECBAIT_10_0057_MEMBER_INTERIOR_01']
  HIT SRR32571448: 2 baits >= 0.7 ['ECBAIT_10_0002_MEMBER_INTERIOR_01', 'ECBAIT_10_0057_MEMBER_INTERIOR_01']
  HIT SRR32571450: 2 baits >= 0.7 ['ECBAIT_10_0002_MEMBER_INTERIOR_01', 'ECBAIT_10_0057_MEMBER_INTERIOR_01']
  HIT SRR32571449: 2 baits >= 0.7 ['ECBAIT_10_0002_MEMBER_INTERIOR_01', 'ECBAIT_10_0057_MEMBER_INTERIOR_01']
  HIT SRR32571452: 2 baits >= 0.7 ['ECBAIT_10_0002_MEMBER_INTERIOR_01', 'ECBAIT_10_0057_MEMBER_INTERIOR_01']
  HIT SRR32571451: 2 baits >= 0.7 ['ECBAIT_10_0002_MEMBER_INTERIOR_01', 'ECBAIT_10_0057_MEMBER_INTERIOR_01']
  HIT SRR32571454: 1 baits >= 0.7 ['ECBAIT_10_0057_MEMBER_INTERIOR_01']
  HIT SRR32571453: 2 baits >= 0.7 ['ECBAIT_10_0002_MEMBER_INTERIOR_01', 'ECBAIT_10_0057_MEMBER_INTERIOR_01']
  HIT SRR32571456: 2 baits >= 0.7 ['ECBAIT_10_0002_MEMBER_INTERIOR_01', 'ECBAIT_10_0057_MEMBER_INTERIOR_01']
  HIT SRR32571455: 2 baits >= 0.7 ['ECBAIT_10_0002_MEMBER_INTERIOR_01', 'ECBAIT_10_0057_MEMBER_INTERIOR_01']
  11450/11975 processed (3937 screened, 3755 hit-accessions) 1492s budget=6.1GB
  HIT SRR32571457: 4 baits >= 0.7 ['ECBAIT_0_0000_JUNCTION_02', 'ECBAIT_0_0000_MEMBER_INTERIOR_01', 'ECBAIT_10_0002_JUNCTION_02', 'ECBAIT_10_0057_MEMBER_INTERIOR_01']
  HIT SRR32571458: 2 baits >= 0.7 ['ECBAIT_10_0002_MEMBER_INTERIOR_01', 'ECBAIT_10_0057_MEMBER_INTERIOR_01']
  HIT SRR32571459: 2 baits >= 0.7 ['ECBAIT_10_0002_MEMBER_INTERIOR_01', 'ECBAIT_10_0057_MEMBER_INTERIOR_01']
  HIT SRR32571460: 2 baits >= 0.7 ['ECBAIT_10_0002_MEMBER_INTERIOR_01', 'ECBAIT_10_0057_MEMBER_INTERIOR_01']
  HIT SRR32571462: 2 baits >= 0.7 ['ECBAIT_10_0002_MEMBER_INTERIOR_01', 'ECBAIT_10_0057_MEMBER_INTERIOR_01']
  HIT SRR32571463: 2 baits >= 0.7 ['ECBAIT_10_0002_MEMBER_INTERIOR_01', 'ECBAIT_10_0057_MEMBER_INTERIOR_01']
  HIT SRR32571461: 2 baits >= 0.7 ['ECBAIT_10_0002_MEMBER_INTERIOR_01', 'ECBAIT_10_0057_MEMBER_INTERIOR_01']
  HIT SRR32571464: 2 baits >= 0.7 ['ECBAIT_10_0002_MEMBER_INTERIOR_01', 'ECBAIT_10_0057_MEMBER_INTERIOR_01']
  HIT SRR32571465: 2 baits >= 0.7 ['ECBAIT_10_0057_MEMBER_INTERIOR_01', 'ECBAIT_10_0172_MEMBER_INTERIOR_01']
  HIT SRR32571466: 2 baits >= 0.7 ['ECBAIT_10_0002_MEMBER_INTERIOR_01', 'ECBAIT_10_0057_MEMBER_INTERIOR_01']
  HIT SRR32571467: 2 baits >= 0.7 ['ECBAIT_10_0002_MEMBER_INTERIOR_01', 'ECBAIT_10_0057_MEMBER_INTERIOR_01']
  HIT SRR32571468: 2 baits >= 0.7 ['ECBAIT_10_0002_MEMBER_INTERIOR_01', 'ECBAIT_10_0057_MEMBER_INTERIOR_01']
  HIT SRR32571470: 2 baits >= 0.7 ['ECBAIT_10_0002_MEMBER_INTERIOR_01', 'ECBAIT_10_0057_MEMBER_INTERIOR_01']
  HIT SRR32571469: 2 baits >= 0.7 ['ECBAIT_10_0002_MEMBER_INTERIOR_01', 'ECBAIT_10_0057_MEMBER_INTERIOR_01']
  HIT SRR32571471: 3 baits >= 0.7 ['ECBAIT_10_0002_MEMBER_INTERIOR_01', 'ECBAIT_10_0057_MEMBER_INTERIOR_01', 'ECBAIT_10_0172_MEMBER_INTERIOR_01']
  HIT SRR32571472: 2 baits >= 0.7 ['ECBAIT_10_0002_MEMBER_INTERIOR_01', 'ECBAIT_10_0057_MEMBER_INTERIOR_01']
  HIT SRR32571473: 2 baits >= 0.7 ['ECBAIT_10_0002_MEMBER_INTERIOR_01', 'ECBAIT_10_0057_MEMBER_INTERIOR_01']
  HIT SRR32571474: 1 baits >= 0.7 ['ECBAIT_10_0057_MEMBER_INTERIOR_01']
  11500/11975 processed (3955 screened, 3773 hit-accessions) 1499s budget=6.1GB
  11550/11975 processed (3955 screened, 3773 hit-accessions) 1500s budget=6.1GB
  11600/11975 processed (3955 screened, 3773 hit-accessions) 1502s budget=6.1GB
  11650/11975 processed (3955 screened, 3773 hit-accessions) 1503s budget=6.1GB
  HIT SRR5006100: 2 baits >= 0.7 ['ECBAIT_10_0002_MEMBER_INTERIOR_01', 'ECBAIT_10_0057_MEMBER_INTERIOR_01']
  HIT SRR5006103: 1 baits >= 0.7 ['ECBAIT_10_0057_MEMBER_INTERIOR_01']
  HIT SRR5006102: 2 baits >= 0.7 ['ECBAIT_10_0002_MEMBER_INTERIOR_01', 'ECBAIT_10_0057_MEMBER_INTERIOR_01']
  HIT SRR5006101: 1 baits >= 0.7 ['ECBAIT_10_0057_MEMBER_INTERIOR_01']
  HIT SRR5006104: 4 baits >= 0.7 ['ECBAIT_10_0002_JUNCTION_01', 'ECBAIT_10_0002_JUNCTION_02', 'ECBAIT_10_0002_MEMBER_INTERIOR_01', 'ECBAIT_10_0057_MEMBER_INTERIOR_01']
  HIT SRR5006105: 2 baits >= 0.7 ['ECBAIT_10_0057_MEMBER_INTERIOR_01', 'ECBAIT_HOST_CONTROL_02']
  HIT SRR5006107: 2 baits >= 0.7 ['ECBAIT_10_0002_MEMBER_INTERIOR_01', 'ECBAIT_10_0057_MEMBER_INTERIOR_01']
  HIT SRR5006106: 2 baits >= 0.7 ['ECBAIT_10_0002_MEMBER_INTERIOR_01', 'ECBAIT_10_0057_MEMBER_INTERIOR_01']
  HIT SRR5006108: 2 baits >= 0.7 ['ECBAIT_10_0002_MEMBER_INTERIOR_01', 'ECBAIT_10_0057_MEMBER_INTERIOR_01']
  HIT SRR5006109: 2 baits >= 0.7 ['ECBAIT_10_0057_MEMBER_INTERIOR_01', 'ECBAIT_HOST_CONTROL_02']
  HIT SRR5006110: 3 baits >= 0.7 ['ECBAIT_10_0002_JUNCTION_01', 'ECBAIT_10_0002_MEMBER_INTERIOR_01', 'ECBAIT_10_0057_MEMBER_INTERIOR_01']
  HIT SRR5006111: 2 baits >= 0.7 ['ECBAIT_10_0002_MEMBER_INTERIOR_01', 'ECBAIT_10_0057_MEMBER_INTERIOR_01']
  HIT SRR5006112: 3 baits >= 0.7 ['ECBAIT_10_0002_MEMBER_INTERIOR_01', 'ECBAIT_10_0057_MEMBER_INTERIOR_01', 'ECBAIT_10_0172_MEMBER_INTERIOR_01']
  HIT SRR5006113: 2 baits >= 0.7 ['ECBAIT_10_0057_MEMBER_INTERIOR_01', 'ECBAIT_HOST_CONTROL_02']
  HIT SRR5006114: 2 baits >= 0.7 ['ECBAIT_10_0002_MEMBER_INTERIOR_01', 'ECBAIT_10_0057_MEMBER_INTERIOR_01']
  HIT SRR5006115: 1 baits >= 0.7 ['ECBAIT_10_0057_MEMBER_INTERIOR_01']
  HIT SRR5006116: 2 baits >= 0.7 ['ECBAIT_10_0002_MEMBER_INTERIOR_01', 'ECBAIT_10_0057_MEMBER_INTERIOR_01']
  HIT SRR5006117: 2 baits >= 0.7 ['ECBAIT_10_0057_MEMBER_INTERIOR_01', 'ECBAIT_HOST_CONTROL_02']
  HIT SRR5006118: 2 baits >= 0.7 ['ECBAIT_10_0002_MEMBER_INTERIOR_01', 'ECBAIT_10_0057_MEMBER_INTERIOR_01']
  HIT SRR5006119: 3 baits >= 0.7 ['ECBAIT_10_0002_JUNCTION_01', 'ECBAIT_10_0002_JUNCTION_02', 'ECBAIT_10_0002_MEMBER_INTERIOR_01']
  HIT SRR5006120: 5 baits >= 0.7 ['ECBAIT_0_0000_JUNCTION_02', 'ECBAIT_0_0054_MEMBER_INTERIOR_01', 'ECBAIT_10_0057_MEMBER_INTERIOR_01', 'ECBAIT_10_0172_MEMBER_INTERIOR_01']
  HIT SRR5006121: 2 baits >= 0.7 ['ECBAIT_10_0002_MEMBER_INTERIOR_01', 'ECBAIT_10_0057_MEMBER_INTERIOR_01']
  HIT SRR5006122: 1 baits >= 0.7 ['ECBAIT_10_0057_MEMBER_INTERIOR_01']
  HIT SRR5006123: 2 baits >= 0.7 ['ECBAIT_10_0002_MEMBER_INTERIOR_01', 'ECBAIT_10_0057_MEMBER_INTERIOR_01']
  HIT SRR5006124: 3 baits >= 0.7 ['ECBAIT_0_0052_JUNCTION_01', 'ECBAIT_0_0052_JUNCTION_03', 'ECBAIT_10_0057_MEMBER_INTERIOR_01']
  HIT SRR5006126: 1 baits >= 0.7 ['ECBAIT_10_0057_MEMBER_INTERIOR_01']
  HIT SRR5006125: 2 baits >= 0.7 ['ECBAIT_10_0002_MEMBER_INTERIOR_01', 'ECBAIT_10_0057_MEMBER_INTERIOR_01']
  HIT SRR5006127: 4 baits >= 0.7 ['ECBAIT_10_0002_JUNCTION_01', 'ECBAIT_10_0002_JUNCTION_02', 'ECBAIT_10_0002_MEMBER_INTERIOR_01', 'ECBAIT_10_0057_MEMBER_INTERIOR_01']
  HIT SRR5006128: 1 baits >= 0.7 ['ECBAIT_10_0057_MEMBER_INTERIOR_01']
  HIT SRR5006130: 2 baits >= 0.7 ['ECBAIT_10_0002_MEMBER_INTERIOR_01', 'ECBAIT_10_0057_MEMBER_INTERIOR_01']
  HIT SRR5006129: 2 baits >= 0.7 ['ECBAIT_10_0002_MEMBER_INTERIOR_01', 'ECBAIT_10_0057_MEMBER_INTERIOR_01']
  HIT SRR5006131: 4 baits >= 0.7 ['ECBAIT_10_0002_JUNCTION_01', 'ECBAIT_10_0002_JUNCTION_02', 'ECBAIT_10_0002_MEMBER_INTERIOR_01', 'ECBAIT_10_0057_MEMBER_INTERIOR_01']
  HIT SRR5006132: 2 baits >= 0.7 ['ECBAIT_10_0002_MEMBER_INTERIOR_01', 'ECBAIT_10_0057_MEMBER_INTERIOR_01']
  HIT SRR5006134: 1 baits >= 0.7 ['ECBAIT_10_0057_MEMBER_INTERIOR_01']
  HIT SRR5006133: 1 baits >= 0.7 ['ECBAIT_10_0057_MEMBER_INTERIOR_01']
  HIT SRR5006135: 2 baits >= 0.7 ['ECBAIT_10_0002_MEMBER_INTERIOR_01', 'ECBAIT_10_0057_MEMBER_INTERIOR_01']
  HIT SRR5006136: 3 baits >= 0.7 ['ECBAIT_0_0052_JUNCTION_01', 'ECBAIT_0_0052_JUNCTION_03', 'ECBAIT_10_0057_MEMBER_INTERIOR_01']
  11700/11975 processed (3992 screened, 3810 hit-accessions) 1516s budget=6.2GB
  HIT SRR5006138: 3 baits >= 0.7 ['ECBAIT_10_0002_JUNCTION_01', 'ECBAIT_10_0002_JUNCTION_02', 'ECBAIT_10_0057_MEMBER_INTERIOR_01']
  HIT SRR5006137: 1 baits >= 0.7 ['ECBAIT_10_0057_MEMBER_INTERIOR_01']
  HIT SRR5006139: 2 baits >= 0.7 ['ECBAIT_10_0057_MEMBER_INTERIOR_01', 'ECBAIT_HOST_CONTROL_02']
  HIT SRR5006148: 4 baits >= 0.7 ['ECBAIT_10_0002_JUNCTION_01', 'ECBAIT_10_0002_JUNCTION_02', 'ECBAIT_10_0002_MEMBER_INTERIOR_01', 'ECBAIT_10_0057_MEMBER_INTERIOR_01']
  HIT SRR5006147: 2 baits >= 0.7 ['ECBAIT_10_0057_MEMBER_INTERIOR_01', 'ECBAIT_HOST_CONTROL_02']
  HIT SRR5006149: 2 baits >= 0.7 ['ECBAIT_10_0057_MEMBER_INTERIOR_01', 'ECBAIT_10_0172_MEMBER_INTERIOR_01']
  HIT SRR5006146: 1 baits >= 0.7 ['ECBAIT_10_0057_MEMBER_INTERIOR_01']
  HIT SRR5006150: 2 baits >= 0.7 ['ECBAIT_10_0002_MEMBER_INTERIOR_01', 'ECBAIT_10_0057_MEMBER_INTERIOR_01']
  HIT SRR5006151: 1 baits >= 0.7 ['ECBAIT_10_0057_MEMBER_INTERIOR_01']
  HIT SRR5006152: 1 baits >= 0.7 ['ECBAIT_10_0057_MEMBER_INTERIOR_01']
  HIT SRR5006153: 4 baits >= 0.7 ['ECBAIT_10_0002_JUNCTION_01', 'ECBAIT_10_0002_JUNCTION_02', 'ECBAIT_10_0002_MEMBER_INTERIOR_01', 'ECBAIT_10_0057_MEMBER_INTERIOR_01']
  HIT SRR5006156: 1 baits >= 0.7 ['ECBAIT_10_0057_MEMBER_INTERIOR_01']
  HIT SRR5006154: 1 baits >= 0.7 ['ECBAIT_10_0057_MEMBER_INTERIOR_01']
  HIT SRR5006155: 2 baits >= 0.7 ['ECBAIT_10_0057_MEMBER_INTERIOR_01', 'ECBAIT_HOST_CONTROL_02']
  HIT SRR5006157: 2 baits >= 0.7 ['ECBAIT_10_0002_MEMBER_INTERIOR_01', 'ECBAIT_10_0057_MEMBER_INTERIOR_01']
  HIT SRR5006159: 3 baits >= 0.7 ['ECBAIT_10_0002_JUNCTION_01', 'ECBAIT_10_0002_JUNCTION_02', 'ECBAIT_10_0057_MEMBER_INTERIOR_01']
  HIT SRR5006160: 2 baits >= 0.7 ['ECBAIT_10_0002_MEMBER_INTERIOR_01', 'ECBAIT_10_0057_MEMBER_INTERIOR_01']
  HIT SRR5006158: 1 baits >= 0.7 ['ECBAIT_10_0057_MEMBER_INTERIOR_01']
  HIT SRR5006161: 2 baits >= 0.7 ['ECBAIT_10_0002_MEMBER_INTERIOR_01', 'ECBAIT_10_0057_MEMBER_INTERIOR_01']
  HIT SRR5006162: 4 baits >= 0.7 ['ECBAIT_10_0002_JUNCTION_01', 'ECBAIT_10_0002_JUNCTION_02', 'ECBAIT_10_0002_MEMBER_INTERIOR_01', 'ECBAIT_10_0057_MEMBER_INTERIOR_01']
  HIT SRR5006163: 2 baits >= 0.7 ['ECBAIT_10_0002_MEMBER_INTERIOR_01', 'ECBAIT_10_0057_MEMBER_INTERIOR_01']
  HIT SRR5006164: 4 baits >= 0.7 ['ECBAIT_10_0002_JUNCTION_01', 'ECBAIT_10_0002_JUNCTION_02', 'ECBAIT_10_0002_MEMBER_INTERIOR_01', 'ECBAIT_10_0057_MEMBER_INTERIOR_01']
  HIT SRR5006165: 1 baits >= 0.7 ['ECBAIT_10_0057_MEMBER_INTERIOR_01']
  HIT SRR5006167: 2 baits >= 0.7 ['ECBAIT_10_0002_MEMBER_INTERIOR_01', 'ECBAIT_10_0057_MEMBER_INTERIOR_01']
  HIT SRR5006166: 2 baits >= 0.7 ['ECBAIT_10_0002_MEMBER_INTERIOR_01', 'ECBAIT_10_0057_MEMBER_INTERIOR_01']
  HIT SRR5006169: 2 baits >= 0.7 ['ECBAIT_10_0002_MEMBER_INTERIOR_01', 'ECBAIT_10_0057_MEMBER_INTERIOR_01']
  HIT SRR5006168: 2 baits >= 0.7 ['ECBAIT_10_0002_MEMBER_INTERIOR_01', 'ECBAIT_10_0057_MEMBER_INTERIOR_01']
  HIT SRR5006171: 2 baits >= 0.7 ['ECBAIT_10_0002_MEMBER_INTERIOR_01', 'ECBAIT_10_0057_MEMBER_INTERIOR_01']
  HIT SRR5006170: 4 baits >= 0.7 ['ECBAIT_10_0002_JUNCTION_01', 'ECBAIT_10_0002_JUNCTION_02', 'ECBAIT_10_0002_MEMBER_INTERIOR_01', 'ECBAIT_10_0057_MEMBER_INTERIOR_01']
  HIT SRR5006172: 2 baits >= 0.7 ['ECBAIT_10_0002_MEMBER_INTERIOR_01', 'ECBAIT_10_0057_MEMBER_INTERIOR_01']
  HIT SRR5006173: 2 baits >= 0.7 ['ECBAIT_10_0057_MEMBER_INTERIOR_01', 'ECBAIT_HOST_CONTROL_02']
  HIT SRR5006174: 1 baits >= 0.7 ['ECBAIT_10_0057_MEMBER_INTERIOR_01']
  HIT SRR5006176: 1 baits >= 0.7 ['ECBAIT_10_0057_MEMBER_INTERIOR_01']
  HIT SRR5006175: 2 baits >= 0.7 ['ECBAIT_10_0002_MEMBER_INTERIOR_01', 'ECBAIT_10_0057_MEMBER_INTERIOR_01']
  HIT SRR5006177: 2 baits >= 0.7 ['ECBAIT_10_0002_MEMBER_INTERIOR_01', 'ECBAIT_10_0057_MEMBER_INTERIOR_01']
  HIT SRR5006178: 2 baits >= 0.7 ['ECBAIT_10_0002_MEMBER_INTERIOR_01', 'ECBAIT_10_0057_MEMBER_INTERIOR_01']
  HIT SRR5006179: 2 baits >= 0.7 ['ECBAIT_10_0002_MEMBER_INTERIOR_01', 'ECBAIT_10_0057_MEMBER_INTERIOR_01']
  HIT SRR5006181: 2 baits >= 0.7 ['ECBAIT_10_0002_MEMBER_INTERIOR_01', 'ECBAIT_10_0057_MEMBER_INTERIOR_01']
  HIT SRR5006180: 2 baits >= 0.7 ['ECBAIT_10_0002_MEMBER_INTERIOR_01', 'ECBAIT_10_0057_MEMBER_INTERIOR_01']
  HIT SRR5006182: 2 baits >= 0.7 ['ECBAIT_10_0057_MEMBER_INTERIOR_01', 'ECBAIT_HOST_CONTROL_02']
  HIT SRR5006183: 1 baits >= 0.7 ['ECBAIT_10_0057_MEMBER_INTERIOR_01']
  HIT SRR5006185: 2 baits >= 0.7 ['ECBAIT_10_0057_MEMBER_INTERIOR_01', 'ECBAIT_HOST_CONTROL_02']
  HIT SRR5006184: 1 baits >= 0.7 ['ECBAIT_10_0057_MEMBER_INTERIOR_01']
  HIT SRR5006187: 3 baits >= 0.7 ['ECBAIT_10_0002_JUNCTION_01', 'ECBAIT_10_0002_JUNCTION_02', 'ECBAIT_10_0002_MEMBER_INTERIOR_01']
  HIT SRR5006186: 2 baits >= 0.7 ['ECBAIT_10_0002_MEMBER_INTERIOR_01', 'ECBAIT_10_0057_MEMBER_INTERIOR_01']
  HIT SRR5006188: 3 baits >= 0.7 ['ECBAIT_0_0054_MEMBER_INTERIOR_01', 'ECBAIT_10_0057_MEMBER_INTERIOR_01', 'ECBAIT_HOST_CONTROL_02']
  HIT SRR5006189: 2 baits >= 0.7 ['ECBAIT_10_0057_MEMBER_INTERIOR_01', 'ECBAIT_HOST_CONTROL_02']
  HIT SRR5006190: 2 baits >= 0.7 ['ECBAIT_10_0057_MEMBER_INTERIOR_01', 'ECBAIT_HOST_CONTROL_02']
  HIT SRR5006192: 2 baits >= 0.7 ['ECBAIT_10_0002_MEMBER_INTERIOR_01', 'ECBAIT_10_0057_MEMBER_INTERIOR_01']
  HIT SRR5006191: 2 baits >= 0.7 ['ECBAIT_10_0002_MEMBER_INTERIOR_01', 'ECBAIT_10_0057_MEMBER_INTERIOR_01']
  11750/11975 processed (4042 screened, 3860 hit-accessions) 1532s budget=6.3GB
  HIT SRR5006193: 2 baits >= 0.7 ['ECBAIT_10_0002_MEMBER_INTERIOR_01', 'ECBAIT_10_0057_MEMBER_INTERIOR_01']
  HIT SRR5006196: 2 baits >= 0.7 ['ECBAIT_10_0057_MEMBER_INTERIOR_01', 'ECBAIT_HOST_CONTROL_02']
  HIT SRR5006194: 4 baits >= 0.7 ['ECBAIT_10_0002_JUNCTION_01', 'ECBAIT_10_0002_JUNCTION_02', 'ECBAIT_10_0002_MEMBER_INTERIOR_01', 'ECBAIT_10_0057_MEMBER_INTERIOR_01']
  HIT SRR5006195: 2 baits >= 0.7 ['ECBAIT_10_0002_MEMBER_INTERIOR_01', 'ECBAIT_10_0057_MEMBER_INTERIOR_01']
  HIT SRR5006197: 4 baits >= 0.7 ['ECBAIT_10_0002_JUNCTION_01', 'ECBAIT_10_0002_JUNCTION_02', 'ECBAIT_10_0002_MEMBER_INTERIOR_01', 'ECBAIT_10_0057_MEMBER_INTERIOR_01']
  HIT SRR5006199: 2 baits >= 0.7 ['ECBAIT_10_0002_MEMBER_INTERIOR_01', 'ECBAIT_10_0057_MEMBER_INTERIOR_01']
  HIT SRR5006198: 2 baits >= 0.7 ['ECBAIT_10_0002_MEMBER_INTERIOR_01', 'ECBAIT_10_0057_MEMBER_INTERIOR_01']
  HIT SRR5006200: 3 baits >= 0.7 ['ECBAIT_10_0057_MEMBER_INTERIOR_01', 'ECBAIT_HOST_CONTROL_01', 'ECBAIT_HOST_CONTROL_02']
  HIT SRR5006201: 2 baits >= 0.7 ['ECBAIT_10_0002_MEMBER_INTERIOR_01', 'ECBAIT_10_0057_MEMBER_INTERIOR_01']
  HIT SRR5006202: 1 baits >= 0.7 ['ECBAIT_10_0057_MEMBER_INTERIOR_01']
  HIT SRR5006203: 2 baits >= 0.7 ['ECBAIT_10_0002_MEMBER_INTERIOR_01', 'ECBAIT_10_0057_MEMBER_INTERIOR_01']
  HIT SRR5006204: 2 baits >= 0.7 ['ECBAIT_10_0057_MEMBER_INTERIOR_01', 'ECBAIT_HOST_CONTROL_02']
  HIT SRR5006205: 2 baits >= 0.7 ['ECBAIT_10_0002_MEMBER_INTERIOR_01', 'ECBAIT_10_0057_MEMBER_INTERIOR_01']
  HIT SRR5006206: 4 baits >= 0.7 ['ECBAIT_10_0002_JUNCTION_01', 'ECBAIT_10_0002_JUNCTION_02', 'ECBAIT_10_0002_MEMBER_INTERIOR_01', 'ECBAIT_10_0057_MEMBER_INTERIOR_01']
  HIT SRR5006207: 2 baits >= 0.7 ['ECBAIT_10_0057_MEMBER_INTERIOR_01', 'ECBAIT_HOST_CONTROL_02']
  HIT SRR5006209: 1 baits >= 0.7 ['ECBAIT_10_0057_MEMBER_INTERIOR_01']
  HIT SRR5006208: 2 baits >= 0.7 ['ECBAIT_10_0057_MEMBER_INTERIOR_01', 'ECBAIT_HOST_CONTROL_02']
  HIT SRR5006210: 2 baits >= 0.7 ['ECBAIT_10_0002_MEMBER_INTERIOR_01', 'ECBAIT_10_0057_MEMBER_INTERIOR_01']
  HIT SRR5006211: 2 baits >= 0.7 ['ECBAIT_10_0002_MEMBER_INTERIOR_01', 'ECBAIT_10_0057_MEMBER_INTERIOR_01']
  HIT SRR5006212: 3 baits >= 0.7 ['ECBAIT_10_0002_MEMBER_INTERIOR_01', 'ECBAIT_10_0057_MEMBER_INTERIOR_01', 'ECBAIT_10_0172_MEMBER_INTERIOR_01']
  HIT SRR5006213: 2 baits >= 0.7 ['ECBAIT_10_0002_MEMBER_INTERIOR_01', 'ECBAIT_10_0057_MEMBER_INTERIOR_01']
  HIT SRR5006214: 2 baits >= 0.7 ['ECBAIT_10_0057_MEMBER_INTERIOR_01', 'ECBAIT_HOST_CONTROL_02']
  HIT SRR5006215: 2 baits >= 0.7 ['ECBAIT_10_0002_MEMBER_INTERIOR_01', 'ECBAIT_10_0057_MEMBER_INTERIOR_01']
  HIT SRR5006217: 5 baits >= 0.7 ['ECBAIT_10_0002_JUNCTION_01', 'ECBAIT_10_0002_JUNCTION_02', 'ECBAIT_10_0002_MEMBER_INTERIOR_01', 'ECBAIT_10_0057_MEMBER_INTERIOR_01']
  HIT SRR5006216: 2 baits >= 0.7 ['ECBAIT_10_0002_MEMBER_INTERIOR_01', 'ECBAIT_10_0057_MEMBER_INTERIOR_01']
  HIT SRR5006218: 2 baits >= 0.7 ['ECBAIT_10_0002_MEMBER_INTERIOR_01', 'ECBAIT_10_0057_MEMBER_INTERIOR_01']
  HIT SRR5006220: 3 baits >= 0.7 ['ECBAIT_10_0002_MEMBER_INTERIOR_01', 'ECBAIT_10_0057_MEMBER_INTERIOR_01', 'ECBAIT_10_0172_MEMBER_INTERIOR_01']
  HIT SRR5006219: 2 baits >= 0.7 ['ECBAIT_0_0052_JUNCTION_03', 'ECBAIT_10_0057_MEMBER_INTERIOR_01']
  HIT SRR5006221: 2 baits >= 0.7 ['ECBAIT_10_0002_MEMBER_INTERIOR_01', 'ECBAIT_10_0057_MEMBER_INTERIOR_01']
  HIT SRR5006222: 1 baits >= 0.7 ['ECBAIT_10_0057_MEMBER_INTERIOR_01']
  HIT SRR5006223: 3 baits >= 0.7 ['ECBAIT_10_0002_JUNCTION_01', 'ECBAIT_10_0002_JUNCTION_02', 'ECBAIT_10_0057_MEMBER_INTERIOR_01']
  HIT SRR5006224: 2 baits >= 0.7 ['ECBAIT_10_0002_MEMBER_INTERIOR_01', 'ECBAIT_10_0057_MEMBER_INTERIOR_01']
  HIT SRR5006225: 2 baits >= 0.7 ['ECBAIT_10_0002_MEMBER_INTERIOR_01', 'ECBAIT_10_0057_MEMBER_INTERIOR_01']
  HIT SRR5006226: 2 baits >= 0.7 ['ECBAIT_10_0057_MEMBER_INTERIOR_01', 'ECBAIT_HOST_CONTROL_02']
  HIT SRR5006228: 2 baits >= 0.7 ['ECBAIT_10_0002_MEMBER_INTERIOR_01', 'ECBAIT_10_0057_MEMBER_INTERIOR_01']
  HIT SRR5006227: 4 baits >= 0.7 ['ECBAIT_10_0002_JUNCTION_01', 'ECBAIT_10_0002_JUNCTION_02', 'ECBAIT_10_0002_MEMBER_INTERIOR_01', 'ECBAIT_10_0057_MEMBER_INTERIOR_01']
  HIT SRR5006229: 2 baits >= 0.7 ['ECBAIT_10_0002_MEMBER_INTERIOR_01', 'ECBAIT_10_0057_MEMBER_INTERIOR_01']
  HIT SRR5006230: 1 baits >= 0.7 ['ECBAIT_10_0057_MEMBER_INTERIOR_01']
  HIT SRR5006231: 2 baits >= 0.7 ['ECBAIT_10_0057_MEMBER_INTERIOR_01', 'ECBAIT_1_0004_MEMBER_INTERIOR_01']
  HIT SRR5006247: 2 baits >= 0.7 ['ECBAIT_10_0002_MEMBER_INTERIOR_01', 'ECBAIT_10_0057_MEMBER_INTERIOR_01']
  HIT SRR5006248: 2 baits >= 0.7 ['ECBAIT_10_0002_MEMBER_INTERIOR_01', 'ECBAIT_10_0057_MEMBER_INTERIOR_01']
  HIT SRR5006250: 3 baits >= 0.7 ['ECBAIT_10_0002_JUNCTION_02', 'ECBAIT_10_0002_MEMBER_INTERIOR_01', 'ECBAIT_10_0057_MEMBER_INTERIOR_01']
  HIT SRR5006249: 2 baits >= 0.7 ['ECBAIT_10_0002_MEMBER_INTERIOR_01', 'ECBAIT_10_0057_MEMBER_INTERIOR_01']
  HIT SRR5006251: 1 baits >= 0.7 ['ECBAIT_10_0057_MEMBER_INTERIOR_01']
  HIT SRR5006252: 2 baits >= 0.7 ['ECBAIT_10_0002_MEMBER_INTERIOR_01', 'ECBAIT_10_0057_MEMBER_INTERIOR_01']
  HIT SRR5006253: 4 baits >= 0.7 ['ECBAIT_0_0000_MEMBER_INTERIOR_01', 'ECBAIT_0_0052_JUNCTION_01', 'ECBAIT_0_0052_JUNCTION_03', 'ECBAIT_10_0057_MEMBER_INTERIOR_01']
  HIT SRR5006254: 2 baits >= 0.7 ['ECBAIT_10_0002_MEMBER_INTERIOR_01', 'ECBAIT_10_0057_MEMBER_INTERIOR_01']
  HIT SRR5006255: 1 baits >= 0.7 ['ECBAIT_10_0057_MEMBER_INTERIOR_01']
  HIT SRR5006256: 2 baits >= 0.7 ['ECBAIT_10_0002_MEMBER_INTERIOR_01', 'ECBAIT_10_0057_MEMBER_INTERIOR_01']
  HIT SRR5006257: 2 baits >= 0.7 ['ECBAIT_10_0002_MEMBER_INTERIOR_01', 'ECBAIT_10_0057_MEMBER_INTERIOR_01']
  11800/11975 processed (4092 screened, 3910 hit-accessions) 1548s budget=6.3GB
  HIT SRR5006260: 2 baits >= 0.7 ['ECBAIT_10_0002_MEMBER_INTERIOR_01', 'ECBAIT_10_0057_MEMBER_INTERIOR_01']
  HIT SRR5006258: 1 baits >= 0.7 ['ECBAIT_10_0057_MEMBER_INTERIOR_01']
  HIT SRR5006259: 2 baits >= 0.7 ['ECBAIT_10_0002_MEMBER_INTERIOR_01', 'ECBAIT_10_0057_MEMBER_INTERIOR_01']
  HIT SRR5006262: 1 baits >= 0.7 ['ECBAIT_10_0057_MEMBER_INTERIOR_01']
  HIT SRR5006261: 1 baits >= 0.7 ['ECBAIT_10_0057_MEMBER_INTERIOR_01']
  HIT SRR5006263: 2 baits >= 0.7 ['ECBAIT_10_0002_MEMBER_INTERIOR_01', 'ECBAIT_10_0057_MEMBER_INTERIOR_01']
  HIT SRR5006264: 4 baits >= 0.7 ['ECBAIT_0_0000_MEMBER_INTERIOR_01', 'ECBAIT_0_0052_JUNCTION_01', 'ECBAIT_0_0052_JUNCTION_03', 'ECBAIT_10_0057_MEMBER_INTERIOR_01']
  HIT SRR5006265: 1 baits >= 0.7 ['ECBAIT_10_0057_MEMBER_INTERIOR_01']
  HIT SRR5006269: 7 baits >= 0.7 ['ECBAIT_0_0046_MEMBER_INTERIOR_01', 'ECBAIT_10_0002_JUNCTION_01', 'ECBAIT_10_0002_JUNCTION_02', 'ECBAIT_10_0002_MEMBER_INTERIOR_01']
  HIT SRR5006268: 2 baits >= 0.7 ['ECBAIT_10_0057_MEMBER_INTERIOR_01', 'ECBAIT_HOST_CONTROL_02']
  HIT SRR5006267: 2 baits >= 0.7 ['ECBAIT_10_0002_MEMBER_INTERIOR_01', 'ECBAIT_10_0057_MEMBER_INTERIOR_01']
  HIT SRR5006270: 1 baits >= 0.7 ['ECBAIT_10_0057_MEMBER_INTERIOR_01']
  HIT SRR5006271: 4 baits >= 0.7 ['ECBAIT_10_0002_JUNCTION_01', 'ECBAIT_10_0002_JUNCTION_02', 'ECBAIT_10_0002_MEMBER_INTERIOR_01', 'ECBAIT_10_0057_MEMBER_INTERIOR_01']
  HIT SRR5006272: 2 baits >= 0.7 ['ECBAIT_10_0002_MEMBER_INTERIOR_01', 'ECBAIT_10_0057_MEMBER_INTERIOR_01']
  HIT SRR5006273: 2 baits >= 0.7 ['ECBAIT_10_0057_MEMBER_INTERIOR_01', 'ECBAIT_10_0172_MEMBER_INTERIOR_01']
  HIT SRR5006274: 2 baits >= 0.7 ['ECBAIT_10_0057_MEMBER_INTERIOR_01', 'ECBAIT_HOST_CONTROL_02']
  HIT SRR5006275: 2 baits >= 0.7 ['ECBAIT_10_0057_MEMBER_INTERIOR_01', 'ECBAIT_10_0172_MEMBER_INTERIOR_01']
  HIT SRR5006276: 2 baits >= 0.7 ['ECBAIT_10_0002_MEMBER_INTERIOR_01', 'ECBAIT_10_0057_MEMBER_INTERIOR_01']
  HIT SRR5006277: 2 baits >= 0.7 ['ECBAIT_10_0002_MEMBER_INTERIOR_01', 'ECBAIT_10_0057_MEMBER_INTERIOR_01']
  HIT SRR5006278: 1 baits >= 0.7 ['ECBAIT_10_0057_MEMBER_INTERIOR_01']
  HIT SRR5006281: 3 baits >= 0.7 ['ECBAIT_0_0094_MEMBER_INTERIOR_01', 'ECBAIT_10_0057_MEMBER_INTERIOR_01', 'ECBAIT_HOST_CONTROL_02']
  HIT SRR5006280: 4 baits >= 0.7 ['ECBAIT_10_0002_JUNCTION_01', 'ECBAIT_10_0002_JUNCTION_02', 'ECBAIT_10_0002_MEMBER_INTERIOR_01', 'ECBAIT_10_0057_MEMBER_INTERIOR_01']
  HIT SRR5006279: 1 baits >= 0.7 ['ECBAIT_10_0057_MEMBER_INTERIOR_01']
  HIT SRR5006282: 2 baits >= 0.7 ['ECBAIT_10_0002_MEMBER_INTERIOR_01', 'ECBAIT_10_0057_MEMBER_INTERIOR_01']
  HIT SRR5006285: 1 baits >= 0.7 ['ECBAIT_10_0057_MEMBER_INTERIOR_01']
  HIT SRR5006284: 2 baits >= 0.7 ['ECBAIT_10_0002_MEMBER_INTERIOR_01', 'ECBAIT_10_0057_MEMBER_INTERIOR_01']
  HIT SRR5006283: 1 baits >= 0.7 ['ECBAIT_10_0057_MEMBER_INTERIOR_01']
  HIT SRR5006286: 2 baits >= 0.7 ['ECBAIT_10_0002_MEMBER_INTERIOR_01', 'ECBAIT_10_0057_MEMBER_INTERIOR_01']
  HIT SRR5006288: 2 baits >= 0.7 ['ECBAIT_10_0002_MEMBER_INTERIOR_01', 'ECBAIT_10_0057_MEMBER_INTERIOR_01']
  HIT SRR5006287: 3 baits >= 0.7 ['ECBAIT_0_0000_MEMBER_INTERIOR_01', 'ECBAIT_10_0002_MEMBER_INTERIOR_01', 'ECBAIT_10_0057_MEMBER_INTERIOR_01']
  HIT SRR5006289: 2 baits >= 0.7 ['ECBAIT_10_0002_JUNCTION_01', 'ECBAIT_10_0057_MEMBER_INTERIOR_01']
  HIT SRR5006290: 2 baits >= 0.7 ['ECBAIT_10_0057_MEMBER_INTERIOR_01', 'ECBAIT_HOST_CONTROL_02']
  HIT SRR5006291: 1 baits >= 0.7 ['ECBAIT_10_0057_MEMBER_INTERIOR_01']
  HIT SRR5006293: 2 baits >= 0.7 ['ECBAIT_10_0002_MEMBER_INTERIOR_01', 'ECBAIT_10_0057_MEMBER_INTERIOR_01']
  HIT SRR5006292: 4 baits >= 0.7 ['ECBAIT_10_0002_JUNCTION_01', 'ECBAIT_10_0002_JUNCTION_02', 'ECBAIT_10_0002_MEMBER_INTERIOR_01', 'ECBAIT_10_0057_MEMBER_INTERIOR_01']
  HIT SRR5006294: 2 baits >= 0.7 ['ECBAIT_10_0002_MEMBER_INTERIOR_01', 'ECBAIT_10_0057_MEMBER_INTERIOR_01']
  HIT SRR5006296: 2 baits >= 0.7 ['ECBAIT_10_0002_MEMBER_INTERIOR_01', 'ECBAIT_10_0057_MEMBER_INTERIOR_01']
  HIT SRR5006295: 1 baits >= 0.7 ['ECBAIT_10_0057_MEMBER_INTERIOR_01']
  HIT SRR5006297: 1 baits >= 0.7 ['ECBAIT_10_0057_MEMBER_INTERIOR_01']
  HIT SRR5006300: 2 baits >= 0.7 ['ECBAIT_10_0002_MEMBER_INTERIOR_01', 'ECBAIT_10_0057_MEMBER_INTERIOR_01']
  HIT SRR5006299: 1 baits >= 0.7 ['ECBAIT_10_0057_MEMBER_INTERIOR_01']
  HIT SRR5006301: 2 baits >= 0.7 ['ECBAIT_10_0057_MEMBER_INTERIOR_01', 'ECBAIT_HOST_CONTROL_02']
  HIT SRR5006298: 2 baits >= 0.7 ['ECBAIT_10_0002_MEMBER_INTERIOR_01', 'ECBAIT_10_0057_MEMBER_INTERIOR_01']
  HIT SRR5006302: 4 baits >= 0.7 ['ECBAIT_10_0002_JUNCTION_01', 'ECBAIT_10_0002_JUNCTION_02', 'ECBAIT_10_0002_MEMBER_INTERIOR_01', 'ECBAIT_10_0057_MEMBER_INTERIOR_01']
  HIT SRR5006303: 1 baits >= 0.7 ['ECBAIT_10_0057_MEMBER_INTERIOR_01']
  HIT SRR5006304: 2 baits >= 0.7 ['ECBAIT_10_0002_MEMBER_INTERIOR_01', 'ECBAIT_10_0057_MEMBER_INTERIOR_01']
  HIT SRR5006305: 2 baits >= 0.7 ['ECBAIT_10_0057_MEMBER_INTERIOR_01', 'ECBAIT_HOST_CONTROL_02']
  HIT SRR5006306: 2 baits >= 0.7 ['ECBAIT_10_0002_MEMBER_INTERIOR_01', 'ECBAIT_10_0057_MEMBER_INTERIOR_01']
  HIT SRR5006307: 1 baits >= 0.7 ['ECBAIT_10_0057_MEMBER_INTERIOR_01']
  11850/11975 processed (4141 screened, 3959 hit-accessions) 1564s budget=6.4GB
  HIT SRR5006309: 2 baits >= 0.7 ['ECBAIT_10_0002_MEMBER_INTERIOR_01', 'ECBAIT_10_0057_MEMBER_INTERIOR_01']
  HIT SRR5006308: 2 baits >= 0.7 ['ECBAIT_10_0002_MEMBER_INTERIOR_01', 'ECBAIT_10_0057_MEMBER_INTERIOR_01']
  HIT SRR5006311: 1 baits >= 0.7 ['ECBAIT_10_0057_MEMBER_INTERIOR_01']
  HIT SRR5006310: 1 baits >= 0.7 ['ECBAIT_10_0057_MEMBER_INTERIOR_01']
  HIT SRR5006312: 2 baits >= 0.7 ['ECBAIT_10_0002_MEMBER_INTERIOR_01', 'ECBAIT_10_0057_MEMBER_INTERIOR_01']
  HIT SRR5006313: 3 baits >= 0.7 ['ECBAIT_10_0002_MEMBER_INTERIOR_01', 'ECBAIT_10_0057_MEMBER_INTERIOR_01', 'ECBAIT_10_0172_MEMBER_INTERIOR_01']
  HIT SRR5006315: 1 baits >= 0.7 ['ECBAIT_10_0057_MEMBER_INTERIOR_01']
  HIT SRR5006314: 2 baits >= 0.7 ['ECBAIT_10_0002_MEMBER_INTERIOR_01', 'ECBAIT_10_0057_MEMBER_INTERIOR_01']
  HIT SRR5006316: 2 baits >= 0.7 ['ECBAIT_10_0002_MEMBER_INTERIOR_01', 'ECBAIT_10_0057_MEMBER_INTERIOR_01']
  HIT SRR5006317: 2 baits >= 0.7 ['ECBAIT_10_0002_MEMBER_INTERIOR_01', 'ECBAIT_10_0057_MEMBER_INTERIOR_01']
  HIT SRR5006319: 2 baits >= 0.7 ['ECBAIT_10_0002_MEMBER_INTERIOR_01', 'ECBAIT_10_0057_MEMBER_INTERIOR_01']
  HIT SRR5006320: 2 baits >= 0.7 ['ECBAIT_10_0002_MEMBER_INTERIOR_01', 'ECBAIT_10_0057_MEMBER_INTERIOR_01']
  HIT SRR5006318: 2 baits >= 0.7 ['ECBAIT_10_0057_MEMBER_INTERIOR_01', 'ECBAIT_HOST_CONTROL_02']
  HIT SRR5006321: 3 baits >= 0.7 ['ECBAIT_10_0002_JUNCTION_01', 'ECBAIT_10_0002_JUNCTION_02', 'ECBAIT_10_0002_MEMBER_INTERIOR_01']
  HIT SRR5006322: 4 baits >= 0.7 ['ECBAIT_0_0052_JUNCTION_03', 'ECBAIT_0_0054_MEMBER_INTERIOR_01', 'ECBAIT_10_0002_MEMBER_INTERIOR_01', 'ECBAIT_10_0057_MEMBER_INTERIOR_01']
  HIT SRR5006323: 2 baits >= 0.7 ['ECBAIT_10_0002_MEMBER_INTERIOR_01', 'ECBAIT_10_0057_MEMBER_INTERIOR_01']
  HIT SRR5006324: 4 baits >= 0.7 ['ECBAIT_10_0002_JUNCTION_01', 'ECBAIT_10_0002_JUNCTION_02', 'ECBAIT_10_0002_MEMBER_INTERIOR_01', 'ECBAIT_10_0057_MEMBER_INTERIOR_01']
  HIT SRR5006325: 2 baits >= 0.7 ['ECBAIT_10_0002_MEMBER_INTERIOR_01', 'ECBAIT_10_0057_MEMBER_INTERIOR_01']
  HIT SRR5006326: 1 baits >= 0.7 ['ECBAIT_10_0057_MEMBER_INTERIOR_01']
  HIT SRR5006327: 3 baits >= 0.7 ['ECBAIT_10_0002_JUNCTION_01', 'ECBAIT_10_0002_JUNCTION_02', 'ECBAIT_10_0057_MEMBER_INTERIOR_01']
  HIT SRR933339: 2 baits >= 0.7 ['ECBAIT_10_0002_JUNCTION_01', 'ECBAIT_10_0057_MEMBER_INTERIOR_01']
  HIT SRR933341: 2 baits >= 0.7 ['ECBAIT_10_0002_MEMBER_INTERIOR_01', 'ECBAIT_10_0057_MEMBER_INTERIOR_01']
  HIT SRR933343: 2 baits >= 0.7 ['ECBAIT_10_0002_MEMBER_INTERIOR_01', 'ECBAIT_10_0057_MEMBER_INTERIOR_01']
  HIT SRR933345: 2 baits >= 0.7 ['ECBAIT_10_0002_MEMBER_INTERIOR_01', 'ECBAIT_10_0057_MEMBER_INTERIOR_01']
  HIT SRR933347: 1 baits >= 0.7 ['ECBAIT_10_0057_MEMBER_INTERIOR_01']
  HIT SRR933349: 2 baits >= 0.7 ['ECBAIT_10_0057_MEMBER_INTERIOR_01', 'ECBAIT_HOST_CONTROL_02']
  HIT SRR933351: 2 baits >= 0.7 ['ECBAIT_10_0057_MEMBER_INTERIOR_01', 'ECBAIT_HOST_CONTROL_02']
  HIT SRR933353: 3 baits >= 0.7 ['ECBAIT_0_0014_MEMBER_INTERIOR_01', 'ECBAIT_10_0057_MEMBER_INTERIOR_01', 'ECBAIT_HOST_CONTROL_02']
  HIT SRR933355: 2 baits >= 0.7 ['ECBAIT_10_0057_MEMBER_INTERIOR_01', 'ECBAIT_HOST_CONTROL_02']
  HIT SRR933357: 5 baits >= 0.7 ['ECBAIT_0_0046_JUNCTION_02', 'ECBAIT_0_0046_MEMBER_INTERIOR_01', 'ECBAIT_10_0057_MEMBER_INTERIOR_01', 'ECBAIT_1_0022_JUNCTION_02']
  HIT SRR933359: 4 baits >= 0.7 ['ECBAIT_0_0046_MEMBER_INTERIOR_01', 'ECBAIT_0_0054_MEMBER_INTERIOR_01', 'ECBAIT_10_0057_MEMBER_INTERIOR_01', 'ECBAIT_1_0022_JUNCTION_03']
  HIT SRR933361: 2 baits >= 0.7 ['ECBAIT_10_0002_MEMBER_INTERIOR_01', 'ECBAIT_10_0057_MEMBER_INTERIOR_01']
  HIT SRR933363: 2 baits >= 0.7 ['ECBAIT_10_0057_MEMBER_INTERIOR_01', 'ECBAIT_HOST_CONTROL_02']
  HIT SRR933365: 2 baits >= 0.7 ['ECBAIT_10_0002_MEMBER_INTERIOR_01', 'ECBAIT_10_0057_MEMBER_INTERIOR_01']
  HIT SRR933369: 2 baits >= 0.7 ['ECBAIT_10_0002_MEMBER_INTERIOR_01', 'ECBAIT_10_0057_MEMBER_INTERIOR_01']
  HIT SRR933367: 2 baits >= 0.7 ['ECBAIT_10_0057_MEMBER_INTERIOR_01', 'ECBAIT_HOST_CONTROL_02']
  HIT SRR933371: 2 baits >= 0.7 ['ECBAIT_10_0002_MEMBER_INTERIOR_01', 'ECBAIT_10_0057_MEMBER_INTERIOR_01']
  HIT SRR933373: 2 baits >= 0.7 ['ECBAIT_10_0002_MEMBER_INTERIOR_01', 'ECBAIT_10_0057_MEMBER_INTERIOR_01']
  HIT SRR933377: 3 baits >= 0.7 ['ECBAIT_10_0002_MEMBER_INTERIOR_01', 'ECBAIT_10_0057_MEMBER_INTERIOR_01', 'ECBAIT_1_0004_MEMBER_INTERIOR_01']
  HIT SRR933375: 2 baits >= 0.7 ['ECBAIT_10_0002_MEMBER_INTERIOR_01', 'ECBAIT_10_0057_MEMBER_INTERIOR_01']
  HIT SRR933379: 2 baits >= 0.7 ['ECBAIT_10_0057_MEMBER_INTERIOR_01', 'ECBAIT_HOST_CONTROL_02']
  HIT SRR933381: 5 baits >= 0.7 ['ECBAIT_10_0002_JUNCTION_01', 'ECBAIT_10_0002_JUNCTION_02', 'ECBAIT_10_0002_MEMBER_INTERIOR_01', 'ECBAIT_10_0057_MEMBER_INTERIOR_01']
  HIT SRR933383: 2 baits >= 0.7 ['ECBAIT_10_0002_MEMBER_INTERIOR_01', 'ECBAIT_10_0057_MEMBER_INTERIOR_01']
  HIT SRR933385: 2 baits >= 0.7 ['ECBAIT_10_0057_MEMBER_INTERIOR_01', 'ECBAIT_HOST_CONTROL_02']
  HIT SRR933387: 3 baits >= 0.7 ['ECBAIT_10_0002_JUNCTION_02', 'ECBAIT_10_0002_MEMBER_INTERIOR_01', 'ECBAIT_10_0057_MEMBER_INTERIOR_01']
  HIT SRR933389: 1 baits >= 0.7 ['ECBAIT_10_0057_MEMBER_INTERIOR_01']
  HIT SRR933391: 2 baits >= 0.7 ['ECBAIT_10_0002_MEMBER_INTERIOR_01', 'ECBAIT_10_0057_MEMBER_INTERIOR_01']
  HIT SRR933395: 2 baits >= 0.7 ['ECBAIT_10_0057_MEMBER_INTERIOR_01', 'ECBAIT_10_0172_MEMBER_INTERIOR_01']
  HIT SRR933393: 2 baits >= 0.7 ['ECBAIT_10_0002_MEMBER_INTERIOR_01', 'ECBAIT_10_0057_MEMBER_INTERIOR_01']
  HIT SRR933397: 2 baits >= 0.7 ['ECBAIT_10_0002_MEMBER_INTERIOR_01', 'ECBAIT_10_0057_MEMBER_INTERIOR_01']
  11900/11975 processed (4191 screened, 4009 hit-accessions) 1579s budget=6.5GB
  HIT SRR933399: 1 baits >= 0.7 ['ECBAIT_10_0057_MEMBER_INTERIOR_01']
  HIT SRR933401: 2 baits >= 0.7 ['ECBAIT_10_0002_MEMBER_INTERIOR_01', 'ECBAIT_10_0057_MEMBER_INTERIOR_01']
  HIT SRR933403: 2 baits >= 0.7 ['ECBAIT_10_0002_MEMBER_INTERIOR_01', 'ECBAIT_10_0057_MEMBER_INTERIOR_01']
  HIT SRR933405: 2 baits >= 0.7 ['ECBAIT_10_0057_MEMBER_INTERIOR_01', 'ECBAIT_HOST_CONTROL_02']
  HIT SRR933407: 2 baits >= 0.7 ['ECBAIT_10_0002_MEMBER_INTERIOR_01', 'ECBAIT_10_0057_MEMBER_INTERIOR_01']
  HIT SRR933409: 2 baits >= 0.7 ['ECBAIT_10_0057_MEMBER_INTERIOR_01', 'ECBAIT_HOST_CONTROL_02']
  HIT SRR933411: 4 baits >= 0.7 ['ECBAIT_10_0002_JUNCTION_01', 'ECBAIT_10_0002_JUNCTION_02', 'ECBAIT_10_0002_MEMBER_INTERIOR_01', 'ECBAIT_10_0057_MEMBER_INTERIOR_01']
  HIT SRR933413: 4 baits >= 0.7 ['ECBAIT_10_0002_JUNCTION_01', 'ECBAIT_10_0002_JUNCTION_02', 'ECBAIT_10_0002_MEMBER_INTERIOR_01', 'ECBAIT_10_0057_MEMBER_INTERIOR_01']
  HIT SRR933415: 1 baits >= 0.7 ['ECBAIT_10_0057_MEMBER_INTERIOR_01']
  HIT SRR933417: 4 baits >= 0.7 ['ECBAIT_10_0002_JUNCTION_01', 'ECBAIT_10_0002_JUNCTION_02', 'ECBAIT_10_0002_MEMBER_INTERIOR_01', 'ECBAIT_10_0057_MEMBER_INTERIOR_01']
  HIT SRR933419: 2 baits >= 0.7 ['ECBAIT_10_0002_MEMBER_INTERIOR_01', 'ECBAIT_10_0057_MEMBER_INTERIOR_01']
  HIT SRR933421: 4 baits >= 0.7 ['ECBAIT_10_0002_JUNCTION_01', 'ECBAIT_10_0002_JUNCTION_02', 'ECBAIT_10_0002_MEMBER_INTERIOR_01', 'ECBAIT_10_0057_MEMBER_INTERIOR_01']
  HIT SRR933423: 1 baits >= 0.7 ['ECBAIT_10_0057_MEMBER_INTERIOR_01']
  HIT SRR933425: 2 baits >= 0.7 ['ECBAIT_10_0002_MEMBER_INTERIOR_01', 'ECBAIT_10_0057_MEMBER_INTERIOR_01']
  HIT SRR933427: 2 baits >= 0.7 ['ECBAIT_10_0002_MEMBER_INTERIOR_01', 'ECBAIT_10_0057_MEMBER_INTERIOR_01']
  HIT SRR933429: 2 baits >= 0.7 ['ECBAIT_10_0002_MEMBER_INTERIOR_01', 'ECBAIT_10_0057_MEMBER_INTERIOR_01']
  HIT SRR933431: 1 baits >= 0.7 ['ECBAIT_10_0057_MEMBER_INTERIOR_01']
  HIT SRR933433: 2 baits >= 0.7 ['ECBAIT_10_0002_MEMBER_INTERIOR_01', 'ECBAIT_10_0057_MEMBER_INTERIOR_01']
  HIT SRR933435: 2 baits >= 0.7 ['ECBAIT_10_0057_MEMBER_INTERIOR_01', 'ECBAIT_HOST_CONTROL_02']
  HIT SRR933437: 2 baits >= 0.7 ['ECBAIT_10_0002_MEMBER_INTERIOR_01', 'ECBAIT_10_0057_MEMBER_INTERIOR_01']
  HIT SRR933439: 1 baits >= 0.7 ['ECBAIT_10_0057_MEMBER_INTERIOR_01']
  HIT SRR933443: 4 baits >= 0.7 ['ECBAIT_10_0002_JUNCTION_01', 'ECBAIT_10_0002_JUNCTION_02', 'ECBAIT_10_0002_MEMBER_INTERIOR_01', 'ECBAIT_10_0057_MEMBER_INTERIOR_01']
  HIT SRR933441: 2 baits >= 0.7 ['ECBAIT_10_0002_MEMBER_INTERIOR_01', 'ECBAIT_10_0057_MEMBER_INTERIOR_01']
  HIT SRR933445: 2 baits >= 0.7 ['ECBAIT_10_0002_MEMBER_INTERIOR_01', 'ECBAIT_10_0057_MEMBER_INTERIOR_01']
  HIT SRR933447: 1 baits >= 0.7 ['ECBAIT_10_0057_MEMBER_INTERIOR_01']
  HIT SRR933449: 2 baits >= 0.7 ['ECBAIT_10_0057_MEMBER_INTERIOR_01', 'ECBAIT_HOST_CONTROL_02']
  HIT SRR933451: 2 baits >= 0.7 ['ECBAIT_10_0057_MEMBER_INTERIOR_01', 'ECBAIT_HOST_CONTROL_02']
  HIT SRR933453: 2 baits >= 0.7 ['ECBAIT_10_0002_MEMBER_INTERIOR_01', 'ECBAIT_10_0057_MEMBER_INTERIOR_01']
  HIT SRR933455: 4 baits >= 0.7 ['ECBAIT_10_0002_JUNCTION_01', 'ECBAIT_10_0002_MEMBER_INTERIOR_01', 'ECBAIT_10_0057_MEMBER_INTERIOR_01', 'ECBAIT_10_0172_MEMBER_INTERIOR_01']
  HIT SRR933457: 1 baits >= 0.7 ['ECBAIT_10_0057_MEMBER_INTERIOR_01']
  HIT SRR933459: 3 baits >= 0.7 ['ECBAIT_0_0014_MEMBER_INTERIOR_01', 'ECBAIT_10_0057_MEMBER_INTERIOR_01', 'ECBAIT_HOST_CONTROL_02']
  HIT SRR933461: 2 baits >= 0.7 ['ECBAIT_10_0002_MEMBER_INTERIOR_01', 'ECBAIT_10_0057_MEMBER_INTERIOR_01']
  HIT SRR933463: 1 baits >= 0.7 ['ECBAIT_10_0057_MEMBER_INTERIOR_01']
  HIT SRR933465: 3 baits >= 0.7 ['ECBAIT_0_0052_JUNCTION_01', 'ECBAIT_0_0052_JUNCTION_03', 'ECBAIT_10_0057_MEMBER_INTERIOR_01']
  HIT SRR933467: 2 baits >= 0.7 ['ECBAIT_10_0002_MEMBER_INTERIOR_01', 'ECBAIT_10_0057_MEMBER_INTERIOR_01']
  HIT SRR933469: 1 baits >= 0.7 ['ECBAIT_10_0057_MEMBER_INTERIOR_01']
  HIT SRR933471: 2 baits >= 0.7 ['ECBAIT_10_0057_MEMBER_INTERIOR_01', 'ECBAIT_HOST_CONTROL_02']
  HIT SRR933473: 3 baits >= 0.7 ['ECBAIT_10_0002_JUNCTION_02', 'ECBAIT_10_0002_MEMBER_INTERIOR_01', 'ECBAIT_10_0057_MEMBER_INTERIOR_01']
  HIT SRR933475: 1 baits >= 0.7 ['ECBAIT_10_0057_MEMBER_INTERIOR_01']
  HIT SRR933477: 1 baits >= 0.7 ['ECBAIT_10_0057_MEMBER_INTERIOR_01']
  HIT SRR933479: 2 baits >= 0.7 ['ECBAIT_10_0002_MEMBER_INTERIOR_01', 'ECBAIT_10_0057_MEMBER_INTERIOR_01']
  HIT SRR933481: 3 baits >= 0.7 ['ECBAIT_0_0014_MEMBER_INTERIOR_01', 'ECBAIT_10_0057_MEMBER_INTERIOR_01', 'ECBAIT_HOST_CONTROL_02']
  HIT SRR933483: 2 baits >= 0.7 ['ECBAIT_0_0014_MEMBER_INTERIOR_01', 'ECBAIT_10_0057_MEMBER_INTERIOR_01']
  HIT SRR933485: 2 baits >= 0.7 ['ECBAIT_10_0002_MEMBER_INTERIOR_01', 'ECBAIT_10_0057_MEMBER_INTERIOR_01']
  HIT SRR933487: 4 baits >= 0.7 ['ECBAIT_10_0002_JUNCTION_01', 'ECBAIT_10_0002_JUNCTION_02', 'ECBAIT_10_0002_MEMBER_INTERIOR_01', 'ECBAIT_10_0057_MEMBER_INTERIOR_01']
  HIT SRR933489: 4 baits >= 0.7 ['ECBAIT_10_0002_JUNCTION_01', 'ECBAIT_10_0002_JUNCTION_02', 'ECBAIT_10_0002_MEMBER_INTERIOR_01', 'ECBAIT_10_0057_MEMBER_INTERIOR_01']
  HIT SRR933491: 3 baits >= 0.7 ['ECBAIT_10_0002_MEMBER_INTERIOR_01', 'ECBAIT_10_0057_MEMBER_INTERIOR_01', 'ECBAIT_10_0172_MEMBER_INTERIOR_01']
  HIT SRR933493: 3 baits >= 0.7 ['ECBAIT_0_0052_JUNCTION_01', 'ECBAIT_0_0052_JUNCTION_03', 'ECBAIT_10_0057_MEMBER_INTERIOR_01']
  HIT SRR933495: 1 baits >= 0.7 ['ECBAIT_10_0057_MEMBER_INTERIOR_01']
  HIT SRR933497: 2 baits >= 0.7 ['ECBAIT_10_0002_JUNCTION_02', 'ECBAIT_10_0057_MEMBER_INTERIOR_01']
  11950/11975 processed (4241 screened, 4059 hit-accessions) 1595s budget=6.6GB
  HIT SRR933499: 3 baits >= 0.7 ['ECBAIT_10_0002_MEMBER_INTERIOR_01', 'ECBAIT_10_0057_MEMBER_INTERIOR_01', 'ECBAIT_10_0172_MEMBER_INTERIOR_01']
  HIT SRR933501: 2 baits >= 0.7 ['ECBAIT_10_0002_MEMBER_INTERIOR_01', 'ECBAIT_10_0057_MEMBER_INTERIOR_01']
  HIT SRR933503: 1 baits >= 0.7 ['ECBAIT_10_0057_MEMBER_INTERIOR_01']
  HIT SRR933505: 2 baits >= 0.7 ['ECBAIT_10_0002_MEMBER_INTERIOR_01', 'ECBAIT_10_0057_MEMBER_INTERIOR_01']
  HIT SRR933507: 3 baits >= 0.7 ['ECBAIT_10_0002_JUNCTION_01', 'ECBAIT_10_0002_JUNCTION_02', 'ECBAIT_10_0057_MEMBER_INTERIOR_01']
  HIT SRR933509: 1 baits >= 0.7 ['ECBAIT_10_0057_MEMBER_INTERIOR_01']
  HIT SRR933511: 3 baits >= 0.7 ['ECBAIT_10_0002_JUNCTION_02', 'ECBAIT_10_0002_MEMBER_INTERIOR_01', 'ECBAIT_10_0057_MEMBER_INTERIOR_01']
  HIT SRR933513: 2 baits >= 0.7 ['ECBAIT_10_0002_MEMBER_INTERIOR_01', 'ECBAIT_10_0057_MEMBER_INTERIOR_01']
  HIT SRR933515: 2 baits >= 0.7 ['ECBAIT_10_0002_MEMBER_INTERIOR_01', 'ECBAIT_10_0057_MEMBER_INTERIOR_01']
  HIT SRR933517: 2 baits >= 0.7 ['ECBAIT_10_0002_MEMBER_INTERIOR_01', 'ECBAIT_10_0057_MEMBER_INTERIOR_01']
  HIT SRR933519: 2 baits >= 0.7 ['ECBAIT_10_0002_MEMBER_INTERIOR_01', 'ECBAIT_10_0057_MEMBER_INTERIOR_01']
  HIT SRR933523: 2 baits >= 0.7 ['ECBAIT_10_0002_MEMBER_INTERIOR_01', 'ECBAIT_10_0057_MEMBER_INTERIOR_01']
  HIT SRR933521: 4 baits >= 0.7 ['ECBAIT_10_0002_JUNCTION_01', 'ECBAIT_10_0002_JUNCTION_02', 'ECBAIT_10_0002_MEMBER_INTERIOR_01', 'ECBAIT_10_0057_MEMBER_INTERIOR_01']
  HIT SRR933525: 1 baits >= 0.7 ['ECBAIT_10_0057_MEMBER_INTERIOR_01']
  HIT SRR933527: 1 baits >= 0.7 ['ECBAIT_10_0057_MEMBER_INTERIOR_01']
  HIT SRR933529: 3 baits >= 0.7 ['ECBAIT_10_0002_JUNCTION_01', 'ECBAIT_10_0002_JUNCTION_02', 'ECBAIT_10_0002_MEMBER_INTERIOR_01']
  HIT SRR933531: 4 baits >= 0.7 ['ECBAIT_10_0002_JUNCTION_01', 'ECBAIT_10_0002_JUNCTION_02', 'ECBAIT_10_0002_MEMBER_INTERIOR_01', 'ECBAIT_10_0057_MEMBER_INTERIOR_01']
  HIT SRR933535: 4 baits >= 0.7 ['ECBAIT_10_0002_JUNCTION_01', 'ECBAIT_10_0002_JUNCTION_02', 'ECBAIT_10_0002_MEMBER_INTERIOR_01', 'ECBAIT_10_0057_MEMBER_INTERIOR_01']
  HIT SRR933537: 4 baits >= 0.7 ['ECBAIT_10_0002_JUNCTION_01', 'ECBAIT_10_0002_JUNCTION_02', 'ECBAIT_10_0002_MEMBER_INTERIOR_01', 'ECBAIT_10_0057_MEMBER_INTERIOR_01']
  HIT SRR933539: 2 baits >= 0.7 ['ECBAIT_10_0057_MEMBER_INTERIOR_01', 'ECBAIT_HOST_CONTROL_02']
  HIT SRR933541: 3 baits >= 0.7 ['ECBAIT_10_0002_JUNCTION_02', 'ECBAIT_10_0002_MEMBER_INTERIOR_01', 'ECBAIT_10_0057_MEMBER_INTERIOR_01']
  HIT SRR933543: 2 baits >= 0.7 ['ECBAIT_10_0002_JUNCTION_01', 'ECBAIT_10_0057_MEMBER_INTERIOR_01']
  HIT SRR933545: 3 baits >= 0.7 ['ECBAIT_10_0002_JUNCTION_02', 'ECBAIT_10_0002_MEMBER_INTERIOR_01', 'ECBAIT_10_0057_MEMBER_INTERIOR_01']
  HIT SRR933547: 2 baits >= 0.7 ['ECBAIT_10_0002_MEMBER_INTERIOR_01', 'ECBAIT_10_0057_MEMBER_INTERIOR_01']
{"processed": 4266, "hit_accessions": 4083, "budget": {"bytes": 6602891870, "accessions": 4266}, "stopped": null}
