stage_b_order	assembly_id	accession	predecessor_resolution_status	terminal_state	source_object_relpath	source_package_bytes	source_package_sha256	source_fasta_member	source_fasta_bytes	source_decompressed_sha256	source_gff_member	source_gff_sha256	annotation_status	canonical_object_relpath	canonical_bgzf_relpath	canonical_bgzf_bytes	canonical_fasta_content_sha256	canonical_bgzf_sha256	fai_sha256	gzi_sha256	crosswalk_sha256	annotation_aliases_sha256	contig_count	total_bases	remote_identity_strength	remote_etag	remote_last_modified	download_attempts	range_resumes	validated_at_utc	row_sha256
1	asm-v1-0ff7aa363314edb290d72eab	GCF_000005845.2	EXACT_VERSION_RESOLVED	VALIDATED	source_objects/GCF_000005845.2	1790946	2d954ab625b463aefa20a10fda081d1661b08504747eeb6c29b8b1db9b22a3ca	ncbi_dataset/data/GCF_000005845.2/GCF_000005845.2_ASM584v2_genomic.fna	4699745	53bb6a51b6e92139ced1e38f74b7938781027c52200922ff03718c2237d23bb4	ncbi_dataset/data/GCF_000005845.2/genomic.gff	af8609c2ff73e4e23f2007b4938470d350fe8ee75dba832f908992855767fac8	ALIASES_VALIDATED_NO_TRANSFORMED_GFF	canonical_objects/GCF_000005845.2	canonical_objects/GCF_000005845.2/GCF_000005845.2.pansn.fa.gz	1314927	329fc1374b075caaf3c10cd1f158a7a810c78c443b628ab27b34a29689a04b47	29caafdd0a8f06088fd2ae1688d304f4dbd4d7e4cca5b544734c8be2d7698ca5	d7b2f9fe42b84c3189630e4ed3a8270206eb97cbd0b866c24a8483846c26037c	5c8a0a9b0cbdabd24e61571dc9d6d20e8d1806ba6ac8cbe8e9d372c149700d00	4c55a83e2684019c9156ec573f75cffe782fed684df1e5ab8bb80f919959aa98	9b35cf74e45ed9b46dafad05999abf0ea12ee04a0ac345fa6f82991dd2de1167	1	4641652	INSUFFICIENT_FOR_RANGE_RESUME	.	.	1	0	2026-07-24T22:34:32.283606Z	a15aa6cfd4246c423619b807052428b57b6b1e6096c3d069d2d1cdc6fd6fdf46
2	asm-v1-59248433db4b9fdb21544d3a	GCF_000812325.1	EXACT_VERSION_RESOLVED	VALIDATED	source_objects/GCF_000812325.1	2066665	2422d1183b187aa26486b462b1dd77c1f065b36b56f33b1c7549f5853df2b6ec	ncbi_dataset/data/GCF_000812325.1/GCF_000812325.1_ASM81232v1_genomic.fna	5291194	b805052a26485b9c33fa3baa260e26ceb7b35b868769c0aa6b5e67750b217af6	ncbi_dataset/data/GCF_000812325.1/genomic.gff	f2e93ac6343e5a209bed14be7c65f93f7c6826cc1e184fbd4f3c2729d9a8267e	ALIASES_VALIDATED_NO_TRANSFORMED_GFF	canonical_objects/GCF_000812325.1	canonical_objects/GCF_000812325.1/GCF_000812325.1.pansn.fa.gz	1501230	a4b277f5c2c0dbf791bf8d3d080687d6a7da71e78e2feaeed6bdac4ed419ce2e	04bd9d8bb7a275e90faef51d8f95f84d5dd77a9c75124aa34a002a0cf13a636c	c4db26c2b01c4a5ad2b834a5cf203da599c39aa4924f5eacffdb58541b510568	2c7e090b82f553ccc9c5436d9971cf8fda20d61b252c2bee5a13bad25005e4d0	2c6fd3af5eee0a599892e7f069ba0bfd833536ed7ae625f1e75813a7bb0d4c70	43d2c954a5cab62e7009209170eb7e5a6455a332ab581d5a5e4996d6b0ac2de9	237	5205271	INSUFFICIENT_FOR_RANGE_RESUME	.	.	1	0	2026-07-24T22:35:20.992064Z	ec97894d483ab408ae3d6f919e1bf030429ebb13bd019f838506aefdf6ece152
3	asm-v1-41a502eb976b3e61574ad8c6	GCF_002302315.1	EXACT_VERSION_RESOLVED	VALIDATED	source_objects/GCF_002302315.1	2085137	8a6d56df3750848468d99d77950dcb6afbcaa23ca3d17e594670cd0420f28630	ncbi_dataset/data/GCF_002302315.1/GCF_002302315.1_ASM230231v1_genomic.fna	5386206	a9d2ebbc4e31a576df68bf4af89e838f0abc7f1c575691adb86f06a8860af78d	ncbi_dataset/data/GCF_002302315.1/genomic.gff	cc0d6e4bfb1aa76324d9c91f78e3548584ffe0e173b088677669c505735e56c5	ALIASES_VALIDATED_NO_TRANSFORMED_GFF	canonical_objects/GCF_002302315.1	canonical_objects/GCF_002302315.1/GCF_002302315.1.pansn.fa.gz	1504775	0af323a469e24dde7f51a05b14d97b9530ceece0d67502bcbc908fabf8b82063	d1d2dbb06812d9c698d097f8388b24cd358e475fb3966bebeb281e601559c249	1c79eb0ec228b4a0805e3eba9cc28cd340515ddb6a88d45afe7f3c8a7d9bc1fa	47c3b7542f0fc8f784f35bcdd3b663614d9833c54df0dcb89aec51f3ceaf62c5	f64978acc15e2ea72c5bd1e50a88c29bc618e5055d3021370b58de6b7fe51cae	fec3efc63aee59c51359be0e2b92f0057d771bb6ce355338d18f291bb1d68b97	3	5319464	INSUFFICIENT_FOR_RANGE_RESUME	.	.	1	0	2026-07-24T22:35:23.248245Z	cddede182d7caeacdd933c3e730c8a3d7b7501f26f22f3b02c1b663e401b4090
4	asm-v1-f82a0d4920abbc2d92dcaada	GCF_004664255.1	EXACT_VERSION_RESOLVED	VALIDATED	source_objects/GCF_004664255.1	2034978	6e2e0aadfdac5029ea6f188fefcb65890726307562c7cc4db3e24e51572a6b87	ncbi_dataset/data/GCF_004664255.1/GCF_004664255.1_ASM466425v1_genomic.fna	5177030	4812b930cec47ee98875c9cccff30818c67dceb861428f34220f420dcde38bf2	ncbi_dataset/data/GCF_004664255.1/genomic.gff	13b153fa886274391f699210236bb2c90ea37a61c8247252f0b2c031d9e45210	ALIASES_VALIDATED_NO_TRANSFORMED_GFF	canonical_objects/GCF_004664255.1	canonical_objects/GCF_004664255.1/GCF_004664255.1.pansn.fa.gz	1454522	b9123487adb927288a40a2458c2470b180b6f83fae5bbd91cbdb055b0fe21583	f8b058d388a91cd25ba6e222f93a225801ca50ac7367f5e3bac035baebffcdf3	eec05b85badba0a8361e0612ea90e80a09b34f81850b613779a942c513362bfd	f22d187dd8dd35b997fa6d42004707b29ae6a2c4be92fe609e78d0625a5b0ad5	19ac1b7cfbbf4759907e5c416fcdb8e00cece6eed870f38a14b1f8f91324bc48	5806d2c74ea76b1f57da1017e03bda43ba408b1ed47e669cf1144dfb5597ced2	144	5096076	INSUFFICIENT_FOR_RANGE_RESUME	.	.	1	0	2026-07-24T22:35:25.879351Z	370855faef8393302a98218c1fa2ba48b9ea269ce1c00cda39a8b4f0fd9cb8b7
5	asm-v1-7d223c403273bacb796a6439	GCF_015644385.1	EXACT_VERSION_RESOLVED	VALIDATED	source_objects/GCF_015644385.1	2046069	3823adf6dd082e687df2234ae61666fb3659b30bc4367449405fc9f3faccbe34	ncbi_dataset/data/GCF_015644385.1/GCF_015644385.1_ASM1564438v1_genomic.fna	5201637	dc6bf098239e9ad33c77644e62896b59cde8b262e81a12708ec50d4497b7579a	ncbi_dataset/data/GCF_015644385.1/genomic.gff	8f129092348b6b14e99e006c4bac7488194f100a0ab38cdd23315cfd2fb9c9b0	ALIASES_VALIDATED_NO_TRANSFORMED_GFF	canonical_objects/GCF_015644385.1	canonical_objects/GCF_015644385.1/GCF_015644385.1.pansn.fa.gz	1465307	afc7dd061ef9a7b32af86c53ec919878aad52c7d1a054e2f4d786b69dd0891c9	eda00ad6203fb814d8ad6f7d58cc2c8da9215b061ac67c47b8aaebdadb906572	002694446fd5214a6bac64b6cc649ba97d6abd84f161c4fdc1cd272c2341a707	b98a83646b1741741f9e0842058f8ea5abbf5ad3344947b44a1785bbaa02d4f5	3c8ea86dc6ba73814ea67a763b267085ed10623e070503bac37b23145a1e5bae	32c0051b878d10613d0fc77191b25889a4fbbd4f5a496af59bdbb426bc375922	139	5121256	INSUFFICIENT_FOR_RANGE_RESUME	.	.	1	0	2026-07-24T22:35:28.223103Z	d68673e037d675f5717bb134b4dd5e983b2144125e941d4d06939978039af7cb
6	asm-v1-7f371c333ee496e64e13e7df	GCF_020829045.1	EXACT_VERSION_RESOLVED	VALIDATED	source_objects/GCF_020829045.1	2027488	63721e1a18238618110fd4972b7c244e158efb7bfc5c7811cc2223384f8b8780	ncbi_dataset/data/GCF_020829045.1/GCF_020829045.1_ASM2082904v1_genomic.fna	5247690	9b2ffd9a4ef4dfa9b1c554898ca52322d1e7b0d9e6c573763ef7e17d315d103c	ncbi_dataset/data/GCF_020829045.1/genomic.gff	a08ba499c7242105dc58d09711d0827cf0dac2b23f9f750f6ce0074caca3c8cd	ALIASES_VALIDATED_NO_TRANSFORMED_GFF	canonical_objects/GCF_020829045.1	canonical_objects/GCF_020829045.1/GCF_020829045.1.pansn.fa.gz	1463145	9b62d1dae67102a12229462640e679be1ea75556169257090e8fef4796c218b1	cfd7f44fb88c8bc457f23d91602cf55526d8319cdcdedd422e2659b20016aacf	38ab9b32ca74f9fc45a85576373a877e0e9deb49b5f8d90dc08169736921cc10	3f11c63059a7c2859685372721932c434495afff86e69723f1c7fdb05f32dca3	cca6244357a98acba290bd63f43cebfe290d52f1e065aac7b237f4bd8e9e5232	a0fe3915c35f2be7c33a13ace4f8a81d3af229ef71e7e242982349c1b45d6826	8	5182045	INSUFFICIENT_FOR_RANGE_RESUME	.	.	1	0	2026-07-24T22:35:30.632499Z	3cc4655db6b5822cb75d19152807f015c8ecae71bdebc67ad0c97f701e0f5b22
7	asm-v1-f12f2846b4339fa21373d4d3	GCF_921380995.1	EXACT_VERSION_RESOLVED	VALIDATED	source_objects/GCF_921380995.1	2063121	7df402b50da831353259a824e18ecc60398506f0e54d898485648ec6932bb247	ncbi_dataset/data/GCF_921380995.1/GCF_921380995.1_ED0666_genomic.fna	5313615	1b39e3f74427e6dd81083fe66b26958b1f50475f5c03bf4dd43aab63fb94ef56	ncbi_dataset/data/GCF_921380995.1/genomic.gff	8be95abbd4994b06763795a3a2e1347ae44212105eaf11b5d300520c378e11ac	ALIASES_VALIDATED_NO_TRANSFORMED_GFF	canonical_objects/GCF_921380995.1	canonical_objects/GCF_921380995.1/GCF_921380995.1.pansn.fa.gz	1492512	3c54360898c1091a08842725306e119d83df6fe1f1abfa9657f6adbe49eb5774	63eccca9fbdae27b72a22f488a632572ff0d7134a87fae8adc1b55f994563734	5ec2b4ff99e9bd5bb2b2ff094096810dd625a72429872d76d7d81cb0fc9af11b	a4402d279ca400d375f7bd95f46425de46798e423388f385ba69e7b42d1ca8ad	1c679b68675612f0b0c1f43b524aebf6f23c5b7cbc9a3e5219120a83b1767c38	9659f5c4d46b9bf80e7953442f2ac196456a5cc072cfe63d2b0c4dad2cd25aa8	159	5232387	INSUFFICIENT_FOR_RANGE_RESUME	.	.	1	0	2026-07-24T22:35:33.583708Z	36983443c7d23cda0444753ee84aa5f879e801baf6b230e50230a7415b9c95f4
8	asm-v1-2509fb2e423fed91316b5243	GCF_000167895.3	EXACT_VERSION_VALID_METADATA_UNAVAILABLE	VALIDATED	source_objects/GCF_000167895.3	2250915	c93f93b5a1bb283b3b58e7c3bddc3afda8de4395c57870656749c6b610b2a261	ncbi_dataset/data/GCF_000167895.3/GCF_000167895.3_ASM16789v3_genomic.fna	5750086	131902ebae6c29809d3038ab22eeee7fb04b127b418271dbc7d2680339516838	ncbi_dataset/data/GCF_000167895.3/genomic.gff	7b5bcde9636f2daa7d158bd0253eaa028692ddda6f72b46e2d0f710c1daffba6	QUARANTINED_SOURCE_GFF_NO_ALIAS_VIEW	canonical_objects/GCF_000167895.3	canonical_objects/GCF_000167895.3/GCF_000167895.3.pansn.fa.gz	1618499	a5c7bab946e942a4e236ee16499b71086b3d5b744ef3a71e047f2ad1f0643626	c40b787b6cb6ca7ca44c7f90700b4dfc33094f1e2132f6071d5243aaa6911bb1	11b5d8549779e4f4d5a294ac17a258f4036e702f7691efabb68d84a3a0d1cff7	6873782bf972c317d445ec9ca17ef446a904bebdb935c248d1d407b6623f5299	e219a89d53e089231a72baa5d1431fe58371aa10f3c500209663fdaec300869f	cd40aa389a30100c781d654e00f2807198c3c498d97099f6457427282fc8f296	265	5654428	INSUFFICIENT_FOR_RANGE_RESUME	.	.	1	0	2026-07-24T22:36:59.601307Z	0fc4743f6ca55fa6f1f385a9b3a11f22e2db2e249cab69b6559b131d144e7a94
9	asm-v1-f932ca427ea3912c33759383	GCF_001881595.4	EXACT_VERSION_RESOLVED	VALIDATED	source_objects/GCF_001881595.4	1970974	e4c4cb1ba6a0b277901d3f996a1118e820ae022c95e1e254c038e26ff6945d6a	ncbi_dataset/data/GCF_001881595.4/GCF_001881595.4_ASM188159v4_genomic.fna	5032088	63121b4879b617b430a02f22ee2504f03270d73c34369f99cab79053d20e39b3	ncbi_dataset/data/GCF_001881595.4/genomic.gff	5a592f724d00f398499bd494b4782c482c10ad9e04772d7503b7c44a1fbd869b	ALIASES_VALIDATED_NO_TRANSFORMED_GFF	canonical_objects/GCF_001881595.4	canonical_objects/GCF_001881595.4/GCF_001881595.4.pansn.fa.gz	1413336	1261a8605c6f92ff878995160e4e4f39dcf627286f8ba16825575ef8fd6aa4c1	19cd6d04bcc76fb646bc500edd1e9c5228ccc5bee09303f1c832510c2e8e9775	0b64a2f8e5e708ed1bf40d67c4687984ba9982e959e791afa28f58b149771f67	1bec5e1a03dc309b06754102a6d605a60270e2569fd48d801c46a4edcd9091aa	af74671695e74500ab71df53f49dd61b03e3055232d489f2ce6424b00f4320b2	bc28b0c26e992b560eb924a780632a256edd1e1f5487d3e0d586b4f73162e387	111	4957459	INSUFFICIENT_FOR_RANGE_RESUME	.	.	1	0	2026-07-24T22:37:02.099021Z	bd9b95da47f58a07bbfc006c31c306786251f46dd59ddf7e423ec0ee6cb11ca1
10	asm-v1-02150e6b828e27945ab71fa9	GCF_000498835.2	EXACT_VERSION_RESOLVED	VALIDATED	source_objects/GCF_000498835.2	2092095	7edd0d0d903facb5c38aea21cc77f9b57593381c59e04bb54dd2fabda538d53d	ncbi_dataset/data/GCF_000498835.2/GCF_000498835.2_LAU-EC4_genomic.fna	5401528	6eb62a5eab64a9fd24200c1f01322321956e3cc001576f1cf275faa3bcc95584	ncbi_dataset/data/GCF_000498835.2/genomic.gff	80aa0d5570a2518e7bcbe827bdab5bc4d342c486e4b16f1b99054056f3c5130c	ALIASES_VALIDATED_NO_TRANSFORMED_GFF	canonical_objects/GCF_000498835.2	canonical_objects/GCF_000498835.2/GCF_000498835.2.pansn.fa.gz	1517172	f5248af708a4b557a42b3c9b6b20cf0a96eb5e0dac6e1ef8ce836d5426fba6e1	17b4a7bdde24087ca45de5548c7b82a7608db0a539cb309803b86671eb7750a5	605a7108dd0a0090d38912a0f6a276bdf7327a7c994908c670472bd117ba2972	aec3e9c152bbf4c8a391ae22f134191ea1699970dc4cc6ecfe2894139775cbc3	5b07263a84fd4c29421297e887347516fb59e9972eddbe99286e9ead7e674c56	177e83c4ede08ed34242a1c6951ace86cde8999702266b39416ad884825bc2fd	156	5321624	INSUFFICIENT_FOR_RANGE_RESUME	.	.	1	0	2026-07-24T22:37:04.589769Z	cab23f87c821f624070436163b015d4150094c532d00040abe7b521c23fbfd92
11	asm-v1-32657c3828727c905b63ff98	GCF_015548345.1	EXACT_VERSION_RESOLVED	VALIDATED	source_objects/GCF_015548345.1	2025776	ef71ba93601eda3c4148a7b2935a50fba90becdb901a219d6022000000c48845	ncbi_dataset/data/GCF_015548345.1/GCF_015548345.1_ASM1554834v1_genomic.fna	5191685	6bc83faa6187079406b45c8abdfeed0eec1d6dcbf72672babdd346bfbc4137b1	ncbi_dataset/data/GCF_015548345.1/genomic.gff	87307062792ccc07d047cb557182ed07441877dd172dc8fb1d3b7eeaeb945304	ALIASES_VALIDATED_NO_TRANSFORMED_GFF	canonical_objects/GCF_015548345.1	canonical_objects/GCF_015548345.1/GCF_015548345.1.pansn.fa.gz	1460923	2c882af1c83897648415905bc264c79a93d7596330163932295212b2fac9efbc	9a0c35b1e6f11db4a44e197a27bf007f48f2cb1a7858fc5b5dbf3111c0a2b2ed	70cbafae233596bae39de222c24237ac519f275511ada421de2a6d82ec25a90e	6d7bb1cbb4816fd5df5531862bb27f97618052a0a3dcf80fc828c51bf74c89bd	5a192db6f14e782a4308133e2dc3bcf121899e4c45b242a4081563836f150acd	83125ff06018ec3883ec94471be0f7e481aa4a6558dc10dd310a87fe9f44993e	125	5111023	INSUFFICIENT_FOR_RANGE_RESUME	.	.	1	0	2026-07-25T00:06:00.201328Z	16618e3d50da55c6fde1b72728286faf511e4cc3709b0d63e15d03f7cf4f2fa7
12	asm-v1-4ece359b58a18776b323b359	GCF_019926545.1	EXACT_VERSION_RESOLVED	VALIDATED	source_objects/GCF_019926545.1	1996164	828a5bf2ccb4543c2e8b51d71bfb1b59d8c90de32ecebbfe54102b0b997a88c8	ncbi_dataset/data/GCF_019926545.1/GCF_019926545.1_ASM1992654v1_genomic.fna	5093750	51771f1e1c0fda7589042565920de92637b575006c2f173b39d22eb6e7ae41ed	ncbi_dataset/data/GCF_019926545.1/genomic.gff	6fc9f172bd66f99035cb2d57b94f942f06104a712f297008c4e357544bf43c40	ALIASES_VALIDATED_NO_TRANSFORMED_GFF	canonical_objects/GCF_019926545.1	canonical_objects/GCF_019926545.1/GCF_019926545.1.pansn.fa.gz	1433497	8e88100eb3a073919d31d7c9d5e488edb01881bdba95404eefee56e9697f2abb	33e455e8b5824400682f5aba0e5c5f7ff728967bc7895bee86d36b3e2367bb1b	95a5d09f7b9c413949da5944b7d57f4178cc8da61757be0218564fd5570afefb	1adc6055170d866f85531948a97c4cec72a2b7f2bdb50ae178278ba17ae1eee0	0fb2e03df8c9cec9d29dacf515ebeddbf0817050fa37552042230b1a8cfb032c	5d07bab0d8e0da912bf6b4bf96f1f2c9f2d7936a91afa6544f6596ca306b1380	125	5016211	INSUFFICIENT_FOR_RANGE_RESUME	.	.	1	0	2026-07-25T00:06:02.762806Z	bbd602d4cfb6734a756b3ed505963906ff8d37a8e177c000e880776f8983325b
13	asm-v1-3747cc3492718981db97affc	GCF_001614385.1	EXACT_VERSION_RESOLVED	VALIDATED	source_objects/GCF_001614385.1	2018027	394b9913084a1120d4a7362ac2eba9cfb92c99f3f07124c2d54e9712c9904141	ncbi_dataset/data/GCF_001614385.1/GCF_001614385.1_ASM161438v1_genomic.fna	5091318	b47f9e2fd96b3b3e22e5f100f7e9691a17fba85d6902027a49caccb1eedba503	ncbi_dataset/data/GCF_001614385.1/genomic.gff	7b36c8b932ad95772cefd6b29ac9b366833e58ca0b50a315ec9327d24f2b712f	ALIASES_VALIDATED_NO_TRANSFORMED_GFF	canonical_objects/GCF_001614385.1	canonical_objects/GCF_001614385.1/GCF_001614385.1.pansn.fa.gz	1451850	40afb30327d9ed33f3cc7027ce91b18a45fd4ea2e67668f80b4e9e396fb6a2c8	ee318d85268f2875678a4910b9017d8ec359dacf17d0b6f3311b8d1d8f3196da	bc498408d9360f890874149608bde8ae8836bdb0e04390a0e9126fb5ce87e3bc	eb4b6aecd22546c847dd2f0f0f4939b8018ec71ba09ed89ebf0d7cc35362a95e	b7d9cd3ba62e1c43f6678a99b2b1cfd210cec1488a5f8e1bcb3e590202218547	71da861b6d97c0a0807ec9f51069bba7e9d686b3d0492d3c08813ff58f839ba1	381	4990338	INSUFFICIENT_FOR_RANGE_RESUME	.	.	1	0	2026-07-25T00:06:06.337089Z	f43b59374306e9f6ab51e633f72e3bc96523da818e4f3cc138567783e8ee8bd8
14	asm-v1-719530b887dfd205060a628f	GCF_015551035.1	EXACT_VERSION_RESOLVED	VALIDATED	source_objects/GCF_015551035.1	1893298	40a23bb3ffa9ac03cb1f551a41b2e576df3ba049bb4a1424b39d9fe6f4878625	ncbi_dataset/data/GCF_015551035.1/GCF_015551035.1_ASM1555103v1_genomic.fna	4904049	e2a105d8b1a1a8510ef3dffc91838c12e7ce46c4b6b973130789a8610efef59a	ncbi_dataset/data/GCF_015551035.1/genomic.gff	68fe0edd0aee6c57cbf0517b1b52ba21f4b19ec382faf7e656bb82e9e12c3faf	ALIASES_VALIDATED_NO_TRANSFORMED_GFF	canonical_objects/GCF_015551035.1	canonical_objects/GCF_015551035.1/GCF_015551035.1.pansn.fa.gz	1377826	1a604c02cfd135f3ca1bf2775fba1da0120000666664d54ac435f1fd3f88f156	01dfaae1f17f200585e493ee3baf774c5b2437169ae83093cf67427779c10570	9d2273c38053fd1da8fc26cdf30483de63077b5e68ec90b1bed34914be83b77e	550486ab7ccba396433be4a2dbe8f63b2be66afc42d4fe2f6f40cf0fdd0d6b10	c37dc40a579bb63beb7bca7ad4e90ccc226b9b6702a9fd7805bc5d7d59e78c27	f2813a1f22e065e526cc43437cb40bd8c8ab7446aced0e62afa6f706893e861f	42	4838272	INSUFFICIENT_FOR_RANGE_RESUME	.	.	1	0	2026-07-25T00:06:08.480547Z	5b6fa124cae996d1ed0b01c53850fc8871cec93e2cd5837bec18e7a164acabd4
15	asm-v1-c27bf914b89e27d0dc27992c	GCF_021354235.1	EXACT_VERSION_RESOLVED	VALIDATED	source_objects/GCF_021354235.1	1989469	d22cd821c3a13e0af93fafa4df5966b82b1afbdfb2b9b5b58ffd839a1c719409	ncbi_dataset/data/GCF_021354235.1/GCF_021354235.1_ASM2135423v1_genomic.fna	4987952	1d525045833af43f953f3d905b805d1428756c4691fb50e141f150d0dee9ce65	ncbi_dataset/data/GCF_021354235.1/genomic.gff	fec19eb76246ec27a1185c95944d63018053e69693a8bab8eca4fd0fbd7c7dd3	ALIASES_VALIDATED_NO_TRANSFORMED_GFF	canonical_objects/GCF_021354235.1	canonical_objects/GCF_021354235.1/GCF_021354235.1.pansn.fa.gz	1404277	ae17628ff8aa76b3581cea64502ddd246dfee0fbb4ce32fe99b11c79fdce492b	e5f73f5b3e2afd2494704f31a38a39b291ae764e5f697c9e6d3e78a1e902c009	82deb3b8e2d670fb695e808de7bce5edbc1ba9f1b0eba6fda1a809840d176f0c	a539c590ed2edd5de0ddeed5556482f89cfad82ca6a8059aa11e8298681ce673	88adf61b6e483d20c9be0512790ba0354fb37615a035c4292fcb77c323edca90	20cb1c628085e644a0c263610a580af674611cb4b90e264ae4f79c8c59421e0c	335	4886206	INSUFFICIENT_FOR_RANGE_RESUME	.	.	1	0	2026-07-25T00:06:12.331729Z	9222f1a681fd3e22b2503626e6b5096e59b2d2496ddf7cf91d4dca824da0097a
16	asm-v1-929d3c84ca2e4a11e790b999	GCF_002485085.1	EXACT_VERSION_RESOLVED	VALIDATED	source_objects/GCF_002485085.1	2004681	977a8919bea31719ed0dbc605127cc2715530ffe6de5805b971b42a3444c694c	ncbi_dataset/data/GCF_002485085.1/GCF_002485085.1_ASM248508v1_genomic.fna	5095835	649d0c47668ce073c53b8240c88498346b8d47567a1fdb8a9030a10ccfe5b273	ncbi_dataset/data/GCF_002485085.1/genomic.gff	9a1b9a29280dc69067b2c31f1525fa877f41d198e58af2cbd78d8f4edd0a615d	ALIASES_VALIDATED_NO_TRANSFORMED_GFF	canonical_objects/GCF_002485085.1	canonical_objects/GCF_002485085.1/GCF_002485085.1.pansn.fa.gz	1435582	3c02df61f79fd6732315314a658944d03396ab51a58758e4169fc1b682b37799	1ac2c32935299a74732132f7b9f0b23fb709006ffdfd7de6629cf28776bf660e	c878cc63556a2cd5467cac6bbbe01555c25ae5f7807abb09028360745a1a314f	2e8e132e8fe0219e567010b1ad4f7f1bf75b1a3684466094bfd33b5976d9a463	a415b44390d2aedcfe30624418535669a984a2d7c895987be222ba8b6d5375f4	45f9ec7aabcabbe75a156403ae892b32667229dca9e1424f0e02b501f8a1f8c7	198	5008266	INSUFFICIENT_FOR_RANGE_RESUME	.	.	1	0	2026-07-25T00:06:15.192963Z	adbbd8bf0a0614cf467f557dc233ac33b3b4821165fe8878de14bd1248ab29db
17	asm-v1-331be33613f5ee0144844f5c	GCF_014712315.1	EXACT_VERSION_RESOLVED	VALIDATED	source_objects/GCF_014712315.1	2185298	2da4772493ce95eaa5ce2c2c58f87052bf79164e859467fa64888bd252340332	ncbi_dataset/data/GCF_014712315.1/GCF_014712315.1_ASM1471231v1_genomic.fna	5590817	7f6b2ceae3100230a9efef6ca8110d1f8654acbb38b4900773a9ace1f5bae5fd	ncbi_dataset/data/GCF_014712315.1/genomic.gff	5683d3f846b14cf0392e4c94a9d40090119423c51d3bf7c84934abf9970b8cd9	ALIASES_VALIDATED_NO_TRANSFORMED_GFF	canonical_objects/GCF_014712315.1	canonical_objects/GCF_014712315.1/GCF_014712315.1.pansn.fa.gz	1568219	083804075af2efc3a7467fc51462abaab287c8b50ec29e2c99db65b1a9b48613	87bb9a933cbb96ad99bb55dbcde46b888bd6e3d00fca9efd91ab81ddda780092	3f7732fadf33657b886afda9ecb76a43f2f143ab8dbd0533d47ca239e23ef2aa	b4334ef1bd87880a6008e00253764aa580b7fc6e598922451be4d236dd2b5ece	0030f9ceb11a36aef14e166c970744119a4241e5f204722234cd130f2efcd534	4434e526c8c63017d4191083b76c84700d954d4eeb83938e4792cbb79767dd4e	129	5506996	INSUFFICIENT_FOR_RANGE_RESUME	.	.	1	0	2026-07-25T00:06:17.598999Z	f528252be40a2dcb8687724da7b5adc87a254d56a85e73c43ab0f5ca15ce3b6c
18	asm-v1-f36d786b0ab3775223cf3d16	GCF_019120745.1	EXACT_VERSION_RESOLVED	VALIDATED	source_objects/GCF_019120745.1	1849996	bb22f9d4477969ee9a67c8d15c7696d2bbdd685cef245e6207d0023a69de4829	ncbi_dataset/data/GCF_019120745.1/GCF_019120745.1_ASM1912074v1_genomic.fna	4749085	ef606a0e3885208f3b1898d7d50e7a670cf03428fa49be485b4862f3947662ca	ncbi_dataset/data/GCF_019120745.1/genomic.gff	30857394e571ec267f15a07d3b48eeb7b7214b7d81afa35ac55d317b51019c59	ALIASES_VALIDATED_NO_TRANSFORMED_GFF	canonical_objects/GCF_019120745.1	canonical_objects/GCF_019120745.1/GCF_019120745.1.pansn.fa.gz	1332792	b11affa6346d48aa7347c5ea91711a869f159566e0c72ecf7b69c23be0c8906b	57b42ba12424e51229c038b37f54c0be7936d251c06935f49b444313ef98a1ac	6742f8d546ede437773947d6d487f25618f7ac75c22b035f4c940ada72e70d5a	c2243b46303f45771134388230689f00a2cf0fa59bd7aed6d0cf2524082aada7	8e46a895f8eda2b5f51d8eeb2e62dd01827255b01e19330cc0bd55da6aa936d3	df65914f3a626aa04bfccff998241e621c44ef8ef27497759ac2813574825472	63	4682911	INSUFFICIENT_FOR_RANGE_RESUME	.	.	1	0	2026-07-25T00:06:19.759207Z	09e4decfcc9dfd7ce3c8d6373b4aff6e9b071d9bc013c0a02de4a3add54d9df2
19	asm-v1-b7796a1fc230ab9bd7633b94	GCF_006350715.1	EXACT_VERSION_RESOLVED	VALIDATED	source_objects/GCF_006350715.1	2232635	8a6e1a5c5b7cf220da2e704e43c4a1389794ea97a5706c0f887712dee850cdfc	ncbi_dataset/data/GCF_006350715.1/GCF_006350715.1_ASM635071v1_genomic.fna	5495751	2fa0d229372b7244508cdbfcffdad045dd9a70feaed6b398960c8974c58c862c	ncbi_dataset/data/GCF_006350715.1/genomic.gff	468a38a9e1f4fd0361efc5c64ed1387d2f7628ec0652855ea8d5b26953ee96de	ALIASES_VALIDATED_NO_TRANSFORMED_GFF	canonical_objects/GCF_006350715.1	canonical_objects/GCF_006350715.1/GCF_006350715.1.pansn.fa.gz	1576242	2cba09a7d55672c5fb23ee2edc9117696d7cfb7d6aa39a70e8ffb2c0f98916bc	17ef1c3f7cd2bd405849d9d177fd833ac69e5ec1b48e8410ee503752e7ae3124	2954c67ea5c8602935abf4287448354433455487db1b3ea2c6797ba258659e0e	46133cdcd59b468e349c5a9478d7f2494f2ab59a67633b8cd47cefd808ad7bde	ff560cb0a701d4ddb646080bffa617902bf6c0d88038c697be9d096819ac8227	132c4cf63a00fd376fad652db4136dce40a6d8862e35474eef234edad81e8c95	791	5336228	INSUFFICIENT_FOR_RANGE_RESUME	.	.	1	0	2026-07-25T00:06:26.121865Z	21b6a420f135a0774b78c6e669a3f9ddd9c010201abded72ad7a1e1db930f92c
20	asm-v1-97a929e91ce540241ff20371	GCF_002522525.1	EXACT_VERSION_RESOLVED	VALIDATED	source_objects/GCF_002522525.1	1939378	2c17429b536e106c936509541549f9397bb74c04a108281d7d578a6d9e07ca86	ncbi_dataset/data/GCF_002522525.1/GCF_002522525.1_ASM252252v1_genomic.fna	4992733	cea18bf5097168b24c529e9104ac717e2a7c91f9e3fa0ac26d1bc8e52f8dc499	ncbi_dataset/data/GCF_002522525.1/genomic.gff	8835813f3f0e59f7d9c20e7e20adf5209f4b79476d396e0e2fd10901ee4f67ad	ALIASES_VALIDATED_NO_TRANSFORMED_GFF	canonical_objects/GCF_002522525.1	canonical_objects/GCF_002522525.1/GCF_002522525.1.pansn.fa.gz	1406387	4083732d0ab0003ba9efe729c2b017acea4db41212aec91d1b9706acbcbe7fec	73eda5055d9ec3f45377ea971f7c42789f63e3baba4d7c68e5af0a58e0b2f900	f8d0ada4f8031ed083d7bd7614fff87cfb7aeab44f614b630ed5c35e7c3adb82	04bda7f724d6e13a1683416340ee214e5e8f66bd1b0fccab57526b8d1e6aed6e	b322059fad560a51b37e23e7a836b2f051b976b7a1a3080bf3cfc23ea2243cc0	61e6bc79badaebde4a62da47f6635de13a67a9b2aa97fb83f14da4a3365961bd	108	4917698	INSUFFICIENT_FOR_RANGE_RESUME	.	.	1	0	2026-07-25T00:06:28.425951Z	90a06bf678df8372fded32f95a12b3424a501a5309bff9423ef1fddac2f89122
21	asm-v1-0bdf5b05c650023990a68d2d	GCF_018790115.1	EXACT_VERSION_RESOLVED	VALIDATED	source_objects/GCF_018790115.1	2080677	f373c9513e05a92929d2146a964e19a0cfebfe3b31d4c228940e09415b900662	ncbi_dataset/data/GCF_018790115.1/GCF_018790115.1_ASM1879011v1_genomic.fna	5278825	17d6c960d8cf31ce1ebf6b580ce63298a3a36aca51d36544e98c376e316669a7	ncbi_dataset/data/GCF_018790115.1/genomic.gff	3944d89dd8a6d3b062e7a9b7e0f728960231e1f4f11049e3bc0d0c2687bb473b	ALIASES_VALIDATED_NO_TRANSFORMED_GFF	canonical_objects/GCF_018790115.1	canonical_objects/GCF_018790115.1/GCF_018790115.1.pansn.fa.gz	1491700	78ee663ff5bcbc47ce45245d7b0c5a5190f3d964295472b913c49be99be606ff	203f88ccc8f8f7c0cbf5ed6c8628851708ee5f2c7719c3fa0204c02c16986b19	234a3b13ddf5a3628d0919fe5bf9caac44efbcfd4c65c002344d8ebfa4ff17a9	e77d8f01f4a90adbe420e356c50752718b1611d33952f6e705505e6a8febfa27	3a2f1bbd3b3bd61b4ee8019e029a1a6adb7a4be89b43878367cb1c110a83b485	e4469aacd422bb320353dff2df6e888166e41d363a665c92323b9f6b3eb2cae7	224	5191645	INSUFFICIENT_FOR_RANGE_RESUME	.	.	1	0	2026-07-25T00:06:31.218020Z	1256d721b07749c50da15b5d159b3b1d0af2f2aa713ddfaad52d0c06405f02ba
22	asm-v1-1e2c548ce4eee4bbd7812d4a	GCF_002442365.1	EXACT_VERSION_RESOLVED	VALIDATED	source_objects/GCF_002442365.1	1956368	e7d400ac52ce0ac88206d1b1b2a777d3832bd02730764187bdd09d00697d1347	ncbi_dataset/data/GCF_002442365.1/GCF_002442365.1_ASM244236v1_genomic.fna	4982082	ae421dc26a15ad60491d98fc9096c7f28b2e931b5304966aa567d57c853ecc1f	ncbi_dataset/data/GCF_002442365.1/genomic.gff	6bfaa50d6a1bd7a94fd5f63b8bde68c90d3432ebb2f5e93d3c9a62957d261805	ALIASES_VALIDATED_NO_TRANSFORMED_GFF	canonical_objects/GCF_002442365.1	canonical_objects/GCF_002442365.1/GCF_002442365.1.pansn.fa.gz	1407311	692d68ab7405d37289aef4a9a929f290066394f3c6c048ba57a53f19a90008c6	0034d6641d91c40dc92f815a256ab8b72b0c9c24ad36d5965550755b425ff95c	2754b9d2a08a57dceb248db881ec88b3ebbf6c056785c493945e856528fe4dbd	c2368a90f8be002941582d8c77665645c24110b6d5c12af6c0b3315563b5fde2	23eff5a27776c3786fe955c99b4e9bf8d646d29eb3326abf7019d6f7d9bf9621	6f6b3627ac71264f119e52fd54fa2c9be9411fb08ee4be6f5613bf3dd5674d56	114	4908468	INSUFFICIENT_FOR_RANGE_RESUME	.	.	1	0	2026-07-25T00:06:34.169074Z	8fc5cd79fba9196c238dffadf4de36373233e33712be4138e3af180073ed983c
23	asm-v1-faddf0606460939e473ac2c5	GCF_005885955.1	EXACT_VERSION_RESOLVED	VALIDATED	source_objects/GCF_005885955.1	2178042	548e4e8fe5433590d58e0f1c1d94468a66fcb4975b09b111bd803758262accbc	ncbi_dataset/data/GCF_005885955.1/GCF_005885955.1_ASM588595v1_genomic.fna	5639377	5d779f1a0ce6b89090a8418fbc5febc69589487a26ebb38d33658cb0375f854a	ncbi_dataset/data/GCF_005885955.1/genomic.gff	fb5bbbfda1f03b5cdc3a3330ff5f6eac6cffa5678dab5d1bc6674f92c2f7f4ff	QUARANTINED_SOURCE_GFF_NO_ALIAS_VIEW	canonical_objects/GCF_005885955.1	canonical_objects/GCF_005885955.1/GCF_005885955.1.pansn.fa.gz	1576341	690686964ef8ecd7fee779a305f40d1381fcd928bb1988d822527323d986d4f5	82b74bf5de59f53e29bca584abb1585b1b8a669df536c4f7f370ecfa182632b1	0f2bb5e86e2027da87bc45f6596526cadec3a2c87f97eb2bfa90090d226f1d8b	ba00758a71fee48d382e8bac8d8c6b75a6c8c473c608cb0d47a3da7370ca5cdc	30260996abc358d088a541c6d022940a2936997a19ad0b9824ba672bf0796ebb	cd40aa389a30100c781d654e00f2807198c3c498d97099f6457427282fc8f296	2	5569576	INSUFFICIENT_FOR_RANGE_RESUME	.	.	1	0	2026-07-25T00:06:36.504325Z	59ec6793fba9a989ed8cf8cccce1b3b1b4c83a0b5c5a94e679badd1982a5395c
24	asm-v1-90293848c2351417f7baaa74	GCF_002513075.1	EXACT_VERSION_RESOLVED	VALIDATED	source_objects/GCF_002513075.1	1954481	d17545af44da843f9ea632de75d8a572bce43d32a7dd6537ecd17383f1a4cc3f	ncbi_dataset/data/GCF_002513075.1/GCF_002513075.1_ASM251307v1_genomic.fna	5032223	55023b41d2be0b2fb607020dc0d0c16c747e37d0c305f0480fa8d1f0e93261e1	ncbi_dataset/data/GCF_002513075.1/genomic.gff	3f1cc02f0a3c83d244aaaf14110ba94b154a3c4ace7f125b435675e80c77b098	ALIASES_VALIDATED_NO_TRANSFORMED_GFF	canonical_objects/GCF_002513075.1	canonical_objects/GCF_002513075.1/GCF_002513075.1.pansn.fa.gz	1414484	949f962e5a1b64b7c80f154c750562482aba65c4b06f46f6cc2f68ffa1440316	c6237ccafaf69d0207916fa1ab7f4a9646b03ac5dcd72dcfbbc9709879e26e67	410d19bc96e1d58911b92dba59ded36836f6db5fae016bee55cb73b23fb66673	c2e08e719cf07ef405ba3c78c9846ce28aedb9afd427919296708d62841e0dda	ec5d424e2ea6630f6c61f8f821021fd38b5b3e9eeeb61609f3c07f61c25b5a03	0eaabcadcb4a970f5d382a465102da539c2e32d7a910c229d3ff8e2a080ab002	117	4955553	INSUFFICIENT_FOR_RANGE_RESUME	.	.	1	0	2026-07-25T00:06:40.174528Z	620890fa5308be9292ef0a68105e2c75bf15c0706d575e2b2da6401ba29367b9
25	asm-v1-3b4342f24d54b3c1a9b84d48	GCF_902810185.1	EXACT_VERSION_RESOLVED	VALIDATED	source_objects/GCF_902810185.1	1944487	7eeaa27e09d97cf45b6218f4911b79917eaa69d9c223208ece68a27ea7f5efac	ncbi_dataset/data/GCF_902810185.1/GCF_902810185.1_SC443_genomic.fna	5083979	0510f9940932e1d1a482722bbbdc269568651a05ccbfc82f9826a7dd63a5bb11	ncbi_dataset/data/GCF_902810185.1/genomic.gff	fddaec8ac1959d252588efc1546cd9bebe552e9b9f4356db3255384ee4df5770	ALIASES_VALIDATED_NO_TRANSFORMED_GFF	canonical_objects/GCF_902810185.1	canonical_objects/GCF_902810185.1/GCF_902810185.1.pansn.fa.gz	1422749	57b8ffc87b315ee95b8317e58fe80628a403f08c2859c2bd47557a12f9f370b7	f8dbe9973ba5dc441f827879af34b7652c6705c2f564a82ee4b60ebd19232abb	e3b4a8b14ad8bc14d3c614ebed3784f175b17cd96fa8be80f224179b06c725c5	1f0b416c465d2d575b90b130881da4a2553e0323347bb5dc35432d23d1df5263	aac0bcffb5aa40b496cb9cd66943fbab8f2e4b668322e5411a4db3f7dcadbdce	deeddff5089e4cf7443720b7f4d655a50959a287f57448e790c8cafc4b0d6371	2	5021047	INSUFFICIENT_FOR_RANGE_RESUME	.	.	1	0	2026-07-25T00:06:42.287487Z	20476aa979e23a584f6fd6098bd1cef3817bd5f2d3d1dd2e87b1fdb1082b60fc
26	asm-v1-0beedef08535e20c4790e6bb	GCF_005043025.1	EXACT_VERSION_RESOLVED	VALIDATED	source_objects/GCF_005043025.1	2072094	bbbe187625cca1cb8915803b16e9b35afe69545fb8970e08e019036da094d887	ncbi_dataset/data/GCF_005043025.1/GCF_005043025.1_ASM504302v1_genomic.fna	5278839	c30085073d8a59a6e44245463258abbb9a6332b5f0530d892afa4726636f9201	ncbi_dataset/data/GCF_005043025.1/genomic.gff	0e9aa0adc278885e55ca4a5857ccb8b0b505d065969c088fefb1e0823b2b9796	ALIASES_VALIDATED_NO_TRANSFORMED_GFF	canonical_objects/GCF_005043025.1	canonical_objects/GCF_005043025.1/GCF_005043025.1.pansn.fa.gz	1485348	82e9bbc93e74f2e48201b2827018ad981d3607868a49829e85809ec88d488795	b98522e432814ce264810feaa0c499557e25a0db094c715aece2c93a7d598267	77dda008de8fcb54a7425ea139a58b81fca744b6a96e1a672fc2707ae4858aa6	33314568f4803e1c34c6e7b23f901bcf5fa2d6943863103a047867d3c75c7ca9	ec8dc32d2a893dfdff9fedbc85381874205ae12bd805f8aaf324edf0a89d2bda	194d61bbd06dc7ad40a1217f15eef8e8992e8a746a48e12c4cc9434ea2a9d39d	120	5200889	INSUFFICIENT_FOR_RANGE_RESUME	.	.	1	0	2026-07-25T00:06:44.619521Z	c5c448a610816f576ff0322244ecb811dc72af1447d1d0dbcead5a38f217bd92
27	asm-v1-48766683d6315460b4013353	GCF_017595115.1	EXACT_VERSION_RESOLVED	VALIDATED	source_objects/GCF_017595115.1	2097986	799a9ac7975f2cc6570d604c8d3cc39e4d8d72ec402e0bc2d7b9070bdef225a7	ncbi_dataset/data/GCF_017595115.1/GCF_017595115.1_ASM1759511v1_genomic.fna	5366157	7c6b96771135e1160a592df6be336a4f8f5d8e64f8937031d6438cd8c54b3bd5	ncbi_dataset/data/GCF_017595115.1/genomic.gff	627fd9b7edaa41b238cb930245521ebfc19bdc0afe5da7cb29b0887abe0cd511	ALIASES_VALIDATED_NO_TRANSFORMED_GFF	canonical_objects/GCF_017595115.1	canonical_objects/GCF_017595115.1/GCF_017595115.1.pansn.fa.gz	1520908	f80175055b1aec1b80f33dd754e6f65c00babc6e1d599d88f313ce6e4cf3cb28	28a94137304dad6b35dd108ea487afa4e5db67c00f05ff07ea11aff59ac2f56d	8ee559d3e4343f28b1542d8c7ae63cd949a5a0971bda3bbee2d81ad6dc4b40e4	12338cfb7d0ea733404f309ac7e56a1d50f1d873dd00086ee7bf14d64e1042ec	2f57e4c49c9a66fe70a478e57a05167dfd0da343ad7497d46dfb86f271766329	cb635fc6fcf92caa0be00995a1b51a046b75ae1468fc07908a8f42124228a4c3	293	5273534	INSUFFICIENT_FOR_RANGE_RESUME	.	.	1	0	2026-07-25T00:06:47.777754Z	ffb252392ab38cc15adf58612f1d0691abd430a4916dcb078ed4143e4adedf8c
28	asm-v1-b71c4a8ef90f7c49f5f8d546	GCF_014528625.1	EXACT_VERSION_RESOLVED	VALIDATED	source_objects/GCF_014528625.1	2072203	f833110b3f60c78da7e770042bb895cf2755eecb4967ab0ecb9801d12a7701be	ncbi_dataset/data/GCF_014528625.1/GCF_014528625.1_ASM1452862v1_genomic.fna	5273760	379bd3e76dcb990c247309dfce7892727cfe7e176107f6c7a0868574ae9b1629	ncbi_dataset/data/GCF_014528625.1/genomic.gff	3733a68d9d2bb739b2cae562756d6e50c0b0347031d96ddb948db709e6a67655	ALIASES_VALIDATED_NO_TRANSFORMED_GFF	canonical_objects/GCF_014528625.1	canonical_objects/GCF_014528625.1/GCF_014528625.1.pansn.fa.gz	1486395	a9c79c7756bbbe6c9d516a81a7a9c9e01798ecc3b519afb6bfbd62a13efb4d37	a68ae366c43c0b8854cd0f0280f49651d5c0830a439f4a0ee85451a87aaa5005	d9b94c59699716699e398bb72efbfcf8d19aad5f44a6f0043c2da75f87ee920d	49ea01f98c3cbb37ec9281a06706d99a18c817edc7b67d1ebb4b7579dc975f1e	c9c0c2007f3f0c5f728cc1339d8061079959cc5603e356913e7f4acf8fccaa13	92f83083c7bd64b8a705799abc1a09012e62781d68674abf968df4ed02bc57cb	196	5185791	INSUFFICIENT_FOR_RANGE_RESUME	.	.	1	0	2026-07-25T00:06:50.573306Z	8860cff87b246bb166fbe5746ed9f65c468dc82cf23b7ec97730f2dd58c75448
29	asm-v1-31cd9173370fa4123f9ea13b	GCF_008041205.1	EXACT_VERSION_RESOLVED	VALIDATED	source_objects/GCF_008041205.1	2119678	ac235522b91ddd485ddd518bbe80f7d44455249e67bcbeb8dd2a188ea929740e	ncbi_dataset/data/GCF_008041205.1/GCF_008041205.1_ASM804120v1_genomic.fna	5409175	1c0e5220d3bc6465f37580b6e8d3648b26d717c2f491ebe4f9c1ff36b470fc55	ncbi_dataset/data/GCF_008041205.1/genomic.gff	e3aa497cab534869fc16cb31079d7b7fd36ad0a4b0eacf9d2a28530101ba4189	ALIASES_VALIDATED_NO_TRANSFORMED_GFF	canonical_objects/GCF_008041205.1	canonical_objects/GCF_008041205.1/GCF_008041205.1.pansn.fa.gz	1514325	2b386be3ad5eea4c27011c9668fb08d357d2714a5a667cfb9ef4c52de9aae8f4	415a15651b1ee4264fd88de1822a378ac314b5a222dbe62fa3812c4b855694f1	f073c7a4ee4e3f3fe3e28a825476c17abb37828d1e81beb315a573ce70eea020	3213aa96db842d35dd9614f2d0d60a8555cc940db2b5466258fb45b0916a4e39	49553b40c674567b6815f699bfd43b6f56b2cf46ef21f218d40421c82850189c	1572ef6a528a6c6aaee15f0498798c05f3c9c2c4f4bad20fff05a754d26ded94	171	5323000	INSUFFICIENT_FOR_RANGE_RESUME	.	.	1	0	2026-07-25T00:06:53.257224Z	2da889a9be068645dff45985ee5620b2b0d6bd026e4638a29a74e481905a4950
30	asm-v1-b419079f0ccf7758946a758e	GCF_009820795.1	EXACT_VERSION_RESOLVED	VALIDATED	source_objects/GCF_009820795.1	1935834	88efd15e2bfc87e07cfc59ec437d16de2110cbf79898dd8e1bc70cc465c7577b	ncbi_dataset/data/GCF_009820795.1/GCF_009820795.1_ASM982079v1_genomic.fna	4943617	6dadd7825228880b6df2e8fe4a3a78f8de4dede1fa9c4eb65f7fa46c94597a14	ncbi_dataset/data/GCF_009820795.1/genomic.gff	702d0f7afa58602db6a438bd91a558b4b1e57192cec34ac3ec1ee44913275207	ALIASES_VALIDATED_NO_TRANSFORMED_GFF	canonical_objects/GCF_009820795.1	canonical_objects/GCF_009820795.1/GCF_009820795.1.pansn.fa.gz	1387105	bc53fcc78affe56ca2146d668141916f1349330bb9e0b27b442b90baf1656aea	90ab7b2dd5afb8cca83826c32bc5b7532fb802be776a631e42d3a901285241d7	9c26410117c1652198812bc47c6055355ffe48e62a05fcb1477b4b9625a9c977	98b13a2404abe6d287ea823a26c5d39fb77a1035147174cc2654380a7281c5a7	b171f2b7ed7e7942f306b3a5925c1bbffe61cae6522571edaf8b0753c3a6524b	04bd10a598ece9000645715abf07e6761a09ca38d921fc6981b05ab36ed4723f	86	4872729	INSUFFICIENT_FOR_RANGE_RESUME	.	.	1	0	2026-07-25T00:06:55.418812Z	6ee9b91e5e4fdb01c5c6932a1b4316a595dce936944c5d68f738afe6575fc5da
31	asm-v1-9416d74da50a26741c416d3a	GCF_900479385.1	EXACT_VERSION_RESOLVED	VALIDATED	source_objects/GCF_900479385.1	1988350	faffa8a86b43ca2a6f559f1a67bd07b75e51a7696a78fca40f8343e95bbe01e0	ncbi_dataset/data/GCF_900479385.1/GCF_900479385.1_19084_1_68_genomic.fna	5096900	38c3e0837bd23bfcbef0f8b7c74311b9119ee265dbcd7ff65abf6dcfa52ca072	ncbi_dataset/data/GCF_900479385.1/genomic.gff	6f0d369c843bbac7fcc689c07a93bb06346fc7087f83118341e53b7dd44d27d5	ALIASES_VALIDATED_NO_TRANSFORMED_GFF	canonical_objects/GCF_900479385.1	canonical_objects/GCF_900479385.1/GCF_900479385.1.pansn.fa.gz	1427070	c551cf1da2405f62e44b53e93cfe9ee40f85f241b83866b933b52359d8c0a869	4ba4b077daf2f9fe4c2980212959262c63a87735f58fd0dd466194d194f97ca5	0dfa9b5fc6a59509daf3a8aa618da21ed8e06a258ca51ca94853d5aa6150cc23	49e52313e373064abc71a2cb0d41b29d9fc5d4397a77e84fe0bb6f6669babf7f	7db82380560bcb99c4bc3d41ada99d0a0f0f2689f8385267e848f098ecd8d331	0138f9128106d508d5ac54193c912a8d5bcfaff9018cf3aa8cb70c63773bc364	45	5030265	INSUFFICIENT_FOR_RANGE_RESUME	.	.	1	0	2026-07-25T00:06:57.794417Z	63b698184ce9926c0bc268777e048f6767c063ad14c9dd59ba4beb5c5cc879b7
32	asm-v1-b269b6f553a373270f84ba18	GCF_004767475.1	EXACT_VERSION_RESOLVED	VALIDATED	source_objects/GCF_004767475.1	1860437	7dc87ddfa58793cf7dd5743d86824bc5a490dc65acfa026f9e390c525e8bf697	ncbi_dataset/data/GCF_004767475.1/GCF_004767475.1_ASM476747v1_genomic.fna	4735880	4ef2f1eab37de2bb6ac7c6728c8dd9242243558fb8674733142286a8c519c176	ncbi_dataset/data/GCF_004767475.1/genomic.gff	7050626f2d6582f9c993868dd9e8a7f199291c870e0ce63de39ef6fa7e39702a	ALIASES_VALIDATED_NO_TRANSFORMED_GFF	canonical_objects/GCF_004767475.1	canonical_objects/GCF_004767475.1/GCF_004767475.1.pansn.fa.gz	1327223	3ef6ce6b827b7147031b92f3a9f5d7edc78499298a25e9c82b91cefaec4649a4	980536f0bd66b1a7a19e3ee9f8612491357ee3dc36f602e2ed8f4cd659fdd57d	c815e16c1d6240a6d3311f79ad136739131a9a356376c7736ec500eb8fd54505	38a20cd156d9a5798e4356b323473c0891d5856d8bc936baebf240c66ac32108	fb837dae5eeb3a59f1f86d274fbc3d9b70e44be3b8a38776d21f1bbcbaa0f74c	2d64eb6f0982ad3afd857e1c08563976bf3bbb8a3a2673a25e8b80513c041f0a	119	4664051	INSUFFICIENT_FOR_RANGE_RESUME	.	.	1	0	2026-07-25T00:07:00.046238Z	08a83018177d24a190fc6ce5094d7d90e750e1539b21aeb56391a1f170f25b8a
33	asm-v1-996e1b56b7867eb75e7abe84	GCF_002519245.1	EXACT_VERSION_RESOLVED	VALIDATED	source_objects/GCF_002519245.1	2014185	0d1faccc4dfc49f465e29c0536031512913767c6f2aa1786af76c1f94e7c6fd8	ncbi_dataset/data/GCF_002519245.1/GCF_002519245.1_ASM251924v1_genomic.fna	5082380	759a7aa01b0becf53b9e569b162d4fd9dfd199ecd8b64c4acf92a5fe24f8a3d3	ncbi_dataset/data/GCF_002519245.1/genomic.gff	501806eba89bccbcb656001a6be9e39f68020b014a49c0bf8f11d4e1bc081f91	ALIASES_VALIDATED_NO_TRANSFORMED_GFF	canonical_objects/GCF_002519245.1	canonical_objects/GCF_002519245.1/GCF_002519245.1.pansn.fa.gz	1436313	9552fcf9b74e14286e0b53a3380d7abf5650c69a8dc65867692e188f5d7c50f9	d8d9dd680ae8b000440e7575167f8d8f53fd3703eafee8c9a9d231d6af5e9a36	878252dd405d733484bc9d6e4de4c7cfb38a8d6b491779d08ede48eb5213a7f4	2526f9e88a5b053edc1044c14645c74dc581c872463f2d5ce05e868673365526	22f934f6a53effe7d664b408d4e4f2a41c5b686f9c0bc048cb56b74ec18e1d4d	89261c24f1a4006841d820400ffd2828955f5c75c6e899e41a1efba86340a10b	270	4985995	INSUFFICIENT_FOR_RANGE_RESUME	.	.	1	0	2026-07-25T00:07:02.922582Z	ff976e0b0945393fe7313fbd9ddf6b475af7dcd8561f4071edece54f95e294cb
34	asm-v1-9f93da8d24e49c1bd9dc1bfb	GCF_015644305.1	EXACT_VERSION_RESOLVED	VALIDATED	source_objects/GCF_015644305.1	2126099	674bd5cc850ada3c2386729b0c953344ed3aa13596fff091664d492666cb594a	ncbi_dataset/data/GCF_015644305.1/GCF_015644305.1_ASM1564430v1_genomic.fna	5437740	32c6598ec3be8bce62064ae50b5cb2a2e2ea026768fc044f5193927b470d6d8f	ncbi_dataset/data/GCF_015644305.1/genomic.gff	a16390b60da6dd3111838fe129dcbc6b14863425c718abdecff6992fbc7d365c	ALIASES_VALIDATED_NO_TRANSFORMED_GFF	canonical_objects/GCF_015644305.1	canonical_objects/GCF_015644305.1/GCF_015644305.1.pansn.fa.gz	1524891	3eac5080b5ae12c2155e2df58eb0ae2c4705d03417719d7dfc7d1856d4a7e6c8	28acf784ebb3d9b896a7a7f10f6b32b202e977884a24decf2faf1d9e53594c42	ce6b419a60bb50d79ecd981c208a7728a6283960b215294462e93abcd0ad22d1	d44d07aa8be636b7a37e9beebe954601feca66acfc6c4f7f4f41a28c7f30d767	8c1acd7cd7367417334f9dffe7c9b250e8002e43ca6e6c4affe33f2d6d6e6ff0	49d8aac011d87bcdad730f87888e9f560ab0f5ebefffa5aebfb34b6bfa122c47	135	5354871	INSUFFICIENT_FOR_RANGE_RESUME	.	.	1	0	2026-07-25T00:07:06.507410Z	a28d4d0a152a7a12baa33431f68ef5d79feef6cea68692cfc4436df22c751790
35	asm-v1-9bf79301d532e473a6d4d15e	GCF_001616285.1	EXACT_VERSION_RESOLVED	VALIDATED	source_objects/GCF_001616285.1	2050309	d57214dcbcf0b05d59278c719a7a1673467e9d284dae78531f77dc57fceb5949	ncbi_dataset/data/GCF_001616285.1/GCF_001616285.1_ASM161628v1_genomic.fna	5301430	680ca5df1e2bc9b8835b7216e5d403614376a362f84e9fe7961c4f11e4eab094	ncbi_dataset/data/GCF_001616285.1/genomic.gff	6a9a1d8adb5419a34ec9827d0fa3aaf03f8ed7a0c900129029b808236ff5bd44	ALIASES_VALIDATED_NO_TRANSFORMED_GFF	canonical_objects/GCF_001616285.1	canonical_objects/GCF_001616285.1/GCF_001616285.1.pansn.fa.gz	1490478	5dcb4d76674c4c65f6edf52aa3cca8f79c3d767bf47634a3fb427377a98759c7	bd9886a937b48adc685b384d69e17f4d8700573b207402739bd28a34790e51a0	cfe13f6cd43f79d64fce292b3c360f699d1d300bb962b9f9cf636e8ac360f528	b3530d30b2a730aef3f889e28e787cbc16da8a6a72fdb80f544351fb9042f260	89e4b4ad7fa8d83875266a36f5b890355efe0a59edf87fde3ea3a87d661445c3	2d91c9321c719c405f50865c4dec36d92678eba7441a7ba7475ecca297f0dc2b	109	5225138	INSUFFICIENT_FOR_RANGE_RESUME	.	.	1	0	2026-07-25T00:07:08.857178Z	968185c259b20f42ee62c30a249b0f516c99760501b8b22c94497d493c99231d
36	asm-v1-7f24d9da61537a483a8edeb9	GCF_001614645.1	EXACT_VERSION_RESOLVED	VALIDATED	source_objects/GCF_001614645.1	2015384	9cdd1f3c0276c2fd64377516c63e745e9c0c256e58d7b945cbab5e12283cde49	ncbi_dataset/data/GCF_001614645.1/GCF_001614645.1_ASM161464v1_genomic.fna	5208630	509463ac95fdc1dc303faefb538a7c230f6be2f458f7a7a466870b59edb6f35d	ncbi_dataset/data/GCF_001614645.1/genomic.gff	8a812f8fc5f790210d27d1a9add5375d17296da80e5014bc69116d718eb4f482	ALIASES_VALIDATED_NO_TRANSFORMED_GFF	canonical_objects/GCF_001614645.1	canonical_objects/GCF_001614645.1/GCF_001614645.1.pansn.fa.gz	1461199	4ac3ad27fef263f6615680575f35729e724d177787b6d24c83fc8e28af88cf7a	3729162a13aeaa0427481b5cb697bae17e4620b3218d31e216a19461e1f3226d	71d614e2a5e41e92864e924ddfa454369d6e6f2db7952162909ad81d5b1ca543	eb4aa49cc52a99c2d35f2b10ffcea5d3d464f65001ac7fc6dc96fbb6811aecae	1e6554e9c7c4e05196cc902194dc2e9c8d9c88c899a2def83e585f6d3cdbe386	08edeb500fe47689a9ba22a5e20aae80d29b834d36b4998d68f0dd8346a7ca67	68	5137717	INSUFFICIENT_FOR_RANGE_RESUME	.	.	1	0	2026-07-25T00:07:11.116993Z	81e217d9b06a1ec67d9b1720afa89041b439ae6502e384517e5a9dba812b3625
37	asm-v1-27d405b112a56b6388ddbef4	GCF_013370625.1	EXACT_VERSION_RESOLVED	VALIDATED	source_objects/GCF_013370625.1	2048430	8d96cfbffb9e054c0c4e6af4b1fff48520d62604f81c2b7203603895e62bbb20	ncbi_dataset/data/GCF_013370625.1/GCF_013370625.1_ASM1337062v1_genomic.fna	5150413	f6cb95dd8f979de66689e27143c1feee26faa81e57ab8c4d2612ec30b46f1e3e	ncbi_dataset/data/GCF_013370625.1/genomic.gff	2d01de228806a877ff2d80d041c8109389efa6a684f2e9e895632d614438fdcf	ALIASES_VALIDATED_NO_TRANSFORMED_GFF	canonical_objects/GCF_013370625.1	canonical_objects/GCF_013370625.1/GCF_013370625.1.pansn.fa.gz	1441848	ed174136b2380e8e63b6f00fa69a87887e0e77ca6e65c4de7fc1cfe5e9161fcd	4b8c0c393b3d93b0b54474d85aa5ee90f42083a74a12894051179e204bbf3ef6	92a954a6b54361348c2edab2c94ef173d6fea4f980877bdeb30dc17e594b2da1	60e3134e2758922369544649a78c5eee4b2f8e693dd18faef87580bd7ee5389f	a750c5192b2a0da0b96601316097cf65089f2f5406dca2763a7ead50e39377b6	9355be7622b89177cb3888dcb59dc19b0b52fbf5eaa0715e1087b392fdd87907	243	5057346	INSUFFICIENT_FOR_RANGE_RESUME	.	.	1	0	2026-07-25T00:07:13.919235Z	d64c643d9566cc19bb2fc0ccaf5c84f6c9b6c19313f134bdaa4f0d45ed9014a4
38	asm-v1-1373daf306e4c70962bf7651	GCF_013608825.1	EXACT_VERSION_RESOLVED	VALIDATED	source_objects/GCF_013608825.1	2369891	b90b334b7a20c4739f8f12ef7f3f9c756c49e7763cf8e806f74e7bfca12eae35	ncbi_dataset/data/GCF_013608825.1/GCF_013608825.1_ASM1360882v1_genomic.fna	5838213	544275a9863533e9c37e2a8c7f07b4dfffff1abf0f2d4056367792b5efa8a08f	ncbi_dataset/data/GCF_013608825.1/genomic.gff	646faead533782a9a036f952dc3eaec6706fa639bba78a28810b8faae30e6533	ALIASES_VALIDATED_NO_TRANSFORMED_GFF	canonical_objects/GCF_013608825.1	canonical_objects/GCF_013608825.1/GCF_013608825.1.pansn.fa.gz	1644813	00e689a745be7b6cd981ffbdebc95b417578acced5879cb3a0524ec9997da7b1	e96db9f92238687738b13019f80d0f5b59eba9bfedc9ec079834abf1c5bb3c58	238be95347e9778c54d60372428d27498ef47d14e8552c26def9c1d9fd50e4f0	6e201a152864a6a4c6365f4037187e2477753a41b9662bf955cdb047acc1c31e	f4933dd058723e0e2b886e2812dc573b80a98742c011fba239b1df809e9bbb80	6c05e3d8645a597a16f5d2943f28cc2b465c1e8eab7f2d51b1aec7d793df119d	895	5661677	INSUFFICIENT_FOR_RANGE_RESUME	.	.	1	0	2026-07-25T00:07:21.173261Z	2c3e67faf78c997358adefcb22c62f503a27176ce5da2cd5a60dda46f3a2ae9c
39	asm-v1-566c3eb2b8feeeb03a029d05	GCF_005043625.1	EXACT_VERSION_RESOLVED	VALIDATED	source_objects/GCF_005043625.1	2088484	27d40bd371602f062eb3b075b82070897cc8d3924943d5e7054fbdd3e89fa4b2	ncbi_dataset/data/GCF_005043625.1/GCF_005043625.1_ASM504362v1_genomic.fna	5328610	bd4e2d77d893d6fc3da2711c0a07b01f986c3b45ee29246eed7f46ac705c01b0	ncbi_dataset/data/GCF_005043625.1/genomic.gff	d39fff6dc522c5536e1286d70bbcbf6ecfc7727e6f3763af469ab33b5958f18a	ALIASES_VALIDATED_NO_TRANSFORMED_GFF	canonical_objects/GCF_005043625.1	canonical_objects/GCF_005043625.1/GCF_005043625.1.pansn.fa.gz	1498035	61d0e151988a02410e532d4f8712c67ec94fc51d14e985a081029fbe52d33446	33555c084910c9bff0a001652875a3f73b821f44fed3b896c1d4a658695490d7	dbf189a21fef7cd0d67c7a5a69467bcafe6496f54c43de6ef363e721f36244c4	a5994aa5b5239808c6a19013b914e78b00076586602a5027091b833227eeafa7	0a7d0148823dd1b929498d289834b053b219823acae9d6ab6f4c7490cce9cb5c	11db44d328403abf48ef9ac9c47ad79130c73dfba3860c86de2367f5afaba35e	143	5247426	INSUFFICIENT_FOR_RANGE_RESUME	.	.	1	0	2026-07-25T00:07:23.757344Z	ea810483b68c074ac0e8f5de29fc2c7d13193b3931b32a0c42028287f1a9db29
40	asm-v1-d8e1422596935b944b73500f	GCF_902163565.1	EXACT_VERSION_RESOLVED	VALIDATED	source_objects/GCF_902163565.1	2028078	806a70c3434ced60879dc45285fde6644fa46b8a234390f986bccef1e99eeadf	ncbi_dataset/data/GCF_902163565.1/GCF_902163565.1_25964_2_136_genomic.fna	5251926	75b31386bdd2ae8124b12b548f8547c20aa503e617a213ad59b4c9b7bf6620ad	ncbi_dataset/data/GCF_902163565.1/genomic.gff	7699dfcf3ede10fc753a06f9117a37398092824a512c823ed7b9dc5a0438d83d	ALIASES_VALIDATED_NO_TRANSFORMED_GFF	canonical_objects/GCF_902163565.1	canonical_objects/GCF_902163565.1/GCF_902163565.1.pansn.fa.gz	1475484	8f7413f8aaa8ca25cca7bfee445210e577631f85a684fcebe337a58e29bce745	901f6c75f04238de0bcd2967708e047d6144920cc1b2be86894115101b6327c5	b6b13bd8a81ab51addc97a84700e10054852b8db80a90b255494e0d06c6cb3a5	77ddbe9bc18459bc9acb7657c032f5c80aba861ee518e71641592aabe6b8a917	c074b2905fb115a404b76e481226eeb9aa3443173b50757198c74a526e07d68d	7b139405f84b1fde78dfe1bca6ca31170e8f42947f8bd91bed0b4be60d42845a	209	5167787	INSUFFICIENT_FOR_RANGE_RESUME	.	.	1	0	2026-07-25T00:07:26.589308Z	a1902751765cd59aadf434c6c8d37b5b55412ccd7e98b168ffa9963010b5005c
41	asm-v1-62a4d2082d3f90d6cb5304ca	GCF_006351505.1	EXACT_VERSION_RESOLVED	VALIDATED	source_objects/GCF_006351505.1	1920882	24308ca16914159ec87fa651b38bab67aadf28b2c711a6db7c2a4ecc58680758	ncbi_dataset/data/GCF_006351505.1/GCF_006351505.1_ASM635150v1_genomic.fna	4768060	0a907880ac12e5de776230c3208dc35bf0ac3766de1bc14e2a067418562895a3	ncbi_dataset/data/GCF_006351505.1/genomic.gff	62265bdea9fc899549709ce76abc529cbc794baba41566177e12185d221c79c0	ALIASES_VALIDATED_NO_TRANSFORMED_GFF	canonical_objects/GCF_006351505.1	canonical_objects/GCF_006351505.1/GCF_006351505.1.pansn.fa.gz	1357110	2bad354c45ac1025b88da5218c71ff44d5b7543830975d6a49f877449489b565	323fafbffd12600d86fc44c354b74447e84fb7a8fdc700ce1634db852f183302	60f61cf124b9c58cf258a9ad48e9f240554a5aaf339c47dff1d552c4198d6b86	5d39e6d9be865483f97be76338809f4c936a00f992a9ad543cf97efd5167b783	44d0a2b3b2906a920ac99f23f6d963df57031607edbfed55bfb8dc4eb8d1e326	cb14463d554e08a8f9b9279b4c3f354ee24f90cadec34dd05e977057e34d3ad7	558	4644516	INSUFFICIENT_FOR_RANGE_RESUME	.	.	1	0	2026-07-25T00:07:31.034301Z	b84daf7413512b8c9230b7e0206c988666b29ccc17c1ce97a483cffba4fb6bff
42	asm-v1-4fad43b6b8ac2a5931873b95	GCF_005039315.1	EXACT_VERSION_RESOLVED	VALIDATED	source_objects/GCF_005039315.1	2013522	d7b86f38cc99e24d4b0be76eb99072411f8dbe01332bbdc208ed7fec5526d3ec	ncbi_dataset/data/GCF_005039315.1/GCF_005039315.1_ASM503931v1_genomic.fna	5128707	23cd19c337a11200d53b42925400072f4b31cd1c3dd199410ea5954af3715595	ncbi_dataset/data/GCF_005039315.1/genomic.gff	b76a0f59008e17982207dd57ebfc2718023a1275049c8b71e76b702adc5a2080	ALIASES_VALIDATED_NO_TRANSFORMED_GFF	canonical_objects/GCF_005039315.1	canonical_objects/GCF_005039315.1/GCF_005039315.1.pansn.fa.gz	1449078	0798afc80646774c596c0d89465b8fe96e2f7635ba2ac3edbb380e73a2c52d9e	2b87d1d12b421e62e04f1d6d3102b7d70dc7e4a793f5719744fefd7ac0bf5363	3c4b1f1a4e2c9c78cc1a0e5ae66914d5868b14be1c55eaacec7f0f10dca7a1e3	eb4e6b543e5638e41c5b160d5b46bfbf742300a54996ff01838413b301326d19	f6b0dfc08654ba004ee57b1043c653016af36b7d1312a0b32cc23c9150f7af67	e5650d2664905e9440cd8bb5e4d16979dcbf8f3bac41cf5809102d610d51143d	117	5052530	INSUFFICIENT_FOR_RANGE_RESUME	.	.	1	0	2026-07-25T00:07:33.426506Z	0eea280f666b3bd3bd0bffaf1bdd9cb2a862e49ec947525bb658ea4c3e5fae13
43	asm-v1-ef21b6ec0b8c832cbedc2d93	GCF_005384385.1	EXACT_VERSION_RESOLVED	VALIDATED	source_objects/GCF_005384385.1	1961779	a41399d302500082c6a0c2d0063413e1ceecc1a549a494a30baf5d0b08fe4627	ncbi_dataset/data/GCF_005384385.1/GCF_005384385.1_ASM538438v1_genomic.fna	5052188	7a512d5d8e89dccb87907d0c164057f3dd15ebedcb7087141510fdb1ca75e521	ncbi_dataset/data/GCF_005384385.1/genomic.gff	be409cdb15dc526938588162a4ca2c55dec6abae4cd56655e7bd1a002fe1f2b9	ALIASES_VALIDATED_NO_TRANSFORMED_GFF	canonical_objects/GCF_005384385.1	canonical_objects/GCF_005384385.1/GCF_005384385.1.pansn.fa.gz	1413709	031c9100e875e7e94b8b31282cc387f773a6eb551ea98655de9e69d7b4e7f3dc	ca8423a7e98c917c4e8b32a899183e242f5cc1a09b0a932af6836ea2d9dcaf0c	723646127cdaed69b7e07cae291183602abdcb3ac0ccdf815572441dc60c6903	7f469cdf7b28b71c5497b07d9ed874a6789cc0d729e6014e304491c072f170a4	80a576d7e783c05d9c682be82c91503df960e69204aceda54697015a665f5912	e8bad9c78071bff617dc578a1fdd1500cd456e0bafac1de39bb40fafbd62e633	70	4983353	INSUFFICIENT_FOR_RANGE_RESUME	.	.	1	0	2026-07-25T00:07:35.735749Z	99d25b23cf149fee2787c7d64bf1b2a27abc4b357cf5f2e4447cc255234a041a
44	asm-v1-dcfffc170c5656770532cfc6	GCF_016530465.1	EXACT_VERSION_RESOLVED	VALIDATED	source_objects/GCF_016530465.1	1960158	22d759aca7501dab6c54109d5b572187a8ab89cab0227bff281489b60e22d984	ncbi_dataset/data/GCF_016530465.1/GCF_016530465.1_ASM1653046v1_genomic.fna	5011733	f77043fea6ffd0d7351deb8e98a79a3abbcf1f7cfb82a785e215524504468fc5	ncbi_dataset/data/GCF_016530465.1/genomic.gff	1423ecfddce77ced8321d0545cfa41a651258ed1a4a1dc6b0397200226672c20	ALIASES_VALIDATED_NO_TRANSFORMED_GFF	canonical_objects/GCF_016530465.1	canonical_objects/GCF_016530465.1/GCF_016530465.1.pansn.fa.gz	1409357	b707e6aeacb8a1955ef91282db6bc6587a2977e27a6cf931a6225a3cb5844b04	d87ccf4c783d319040e50c7d3f00c984c4bc9abdb9736a5ba678a28223ee4eb8	8e2047ce6a1ff3b7877aa915a884a9d19aa45797e5b2e0e3c3f92119f7edab00	62c1536cebf239f13e64943a4e247e85561dbe5a42ec9ffac8b5dcac2ac7718c	6aa9aeedfdc933c886c0346d92699af07a5cd5ca27d49069525efcc917121252	082dc7a1b748869bba9743ad4babfcefc9164970cf73e3f63dda337245466733	89	4939634	INSUFFICIENT_FOR_RANGE_RESUME	.	.	1	0	2026-07-25T00:07:38.067769Z	e1fe67c5f0c5cffcc376d7b410e94eb8296d8803c0282a3bb219c25489fc3dfb
45	asm-v1-9791d16f22febb6a4da01cdc	GCF_002152015.1	EXACT_VERSION_RESOLVED	VALIDATED	source_objects/GCF_002152015.1	1925314	5ebcff979135ac7fa14d5cb67ea7b2c179b5ae40cec9a2c913f1940f59253cdc	ncbi_dataset/data/GCF_002152015.1/GCF_002152015.1_ASM215201v1_genomic.fna	5117090	45ecaf33270cf96ab8a7f0826c9a65a6dd1bbb534c274a5d8284c677339377eb	ncbi_dataset/data/GCF_002152015.1/genomic.gff	ffd192bce8ea6c45a5c800589dd6a8df01177fbc051022016cfccad771295e73	ALIASES_VALIDATED_NO_TRANSFORMED_GFF	canonical_objects/GCF_002152015.1	canonical_objects/GCF_002152015.1/GCF_002152015.1.pansn.fa.gz	1391182	3884a382474c6e7ab341a9414f2465b754915974b0a19dc7ca8a0bb4eff0c895	906eaa921bd9444645b705805a0d2180ae6c8129a4133a5841620c34ea29afc6	e3f95384438d84494f8e94993852bc783b9651bad7358adf88063fe4aec2a35e	3fd59847e218d94bac8bd4b3acfe4dc09a3c2c6ba4984722dbc49fac579c5c3c	d23810d99092d8df1a3395973c719848323b4f5939b78df3ceacded08072c332	f5f9e8d0372e244876e2761ff551a4347481813cfbdad42530bd2120c14198ea	21	5051955	INSUFFICIENT_FOR_RANGE_RESUME	.	.	1	0	2026-07-25T00:07:41.209833Z	00ae143df1b5aef2f668a347694ec0864399ff1cdb6d574726746c3616525569
46	asm-v1-0e401af1329ee20675b75db8	GCF_018344735.1	EXACT_VERSION_RESOLVED	VALIDATED	source_objects/GCF_018344735.1	2047312	2643b637da3439b461fe00e9d6d5303bab79712cd822e5c518c4e5aeaa54e54f	ncbi_dataset/data/GCF_018344735.1/GCF_018344735.1_ASM1834473v1_genomic.fna	5246351	ecc64626ec2924865b79611f9d757ea805f692be480c0b9e15590981ef2d51b4	ncbi_dataset/data/GCF_018344735.1/genomic.gff	b9abeaf522435142669e14b0ed43d4ae6b8c7c0042c3d74941ad7cadd6b43859	ALIASES_VALIDATED_NO_TRANSFORMED_GFF	canonical_objects/GCF_018344735.1	canonical_objects/GCF_018344735.1/GCF_018344735.1.pansn.fa.gz	1468680	245e6e9eeb951604de77d53fad002feeb824b797761aad11b1ee1d3453e0b477	aa5d22ecb540ff5010b25ddc4ae760501e4b346477464caf65707c94598f4c3d	4862a6106e9f823cfc8e948d75aa1b0d26e047fb9504370a1b7f5f820e2f0c8a	24b191c7b976fae4217328b7c768d10fb7b051d1406d571ee6c95777a88aaa26	e5fa5d5f2b698ad5ab039644229c445b446bef41358fc72ac7fc90367db1252b	66a2c9bfa2f8ede7a356124bb32fd281e1e6aca17a32e67a8a20100dd090116f	105	5170649	INSUFFICIENT_FOR_RANGE_RESUME	.	.	1	0	2026-07-25T00:07:43.635440Z	9c10a5942874782e432aa7317c03c0ac3c5f9f811e85f38e2e091b7e13a83018
47	asm-v1-f8561f5b15e76623fe00d768	GCF_002513625.1	EXACT_VERSION_RESOLVED	VALIDATED	source_objects/GCF_002513625.1	1957321	2b7038301fb33e008e6f9fba716f13bc3759e8c00d1e7475157868f7fe5551b3	ncbi_dataset/data/GCF_002513625.1/GCF_002513625.1_ASM251362v1_genomic.fna	5051992	34c993a6918536684cd6a434ea4a016da221dbbbed7e1622b447b25beec2ca74	ncbi_dataset/data/GCF_002513625.1/genomic.gff	da3878b143eb706f619fdd679c592349139c21e7e1271c7261a210f3c9fbb1f8	ALIASES_VALIDATED_NO_TRANSFORMED_GFF	canonical_objects/GCF_002513625.1	canonical_objects/GCF_002513625.1/GCF_002513625.1.pansn.fa.gz	1419021	e42359ddd3dc39b31065439eeb744563f40eba2b5116b25f317de65f57be6421	ed3fda238850c21a5812f094da8e40b1a25787911470ab791d9ba8ba77ba5d2b	540b611f5d4b7600673e5c6b270fcf42c44e6f5f35855c6319474b4bdbf3dc1a	d5c49d67e0472039484593c187c4f887201d89beac47099ce10401327343050e	f22a33121733078a27d5ed1daa29a0a7a0b4162162450e06d8d1259a6fa28b1c	4eb2b9dce42859cc58e84bfcb108b92e6ec33a185b25fe35745292bfad922db5	83	4979652	INSUFFICIENT_FOR_RANGE_RESUME	.	.	1	0	2026-07-25T00:07:45.914934Z	40e351adf23a08db893ef6e0b288dfbeccbe796d45757f022aaaa6d2b593a565
48	asm-v1-9f5f3eeb65f0f80afca90db7	GCF_002229025.1	EXACT_VERSION_RESOLVED	VALIDATED	source_objects/GCF_002229025.1	2031349	3c343303f9a10cb0ca5170eb015ee88e233e2cad609b91422a7642cccfc81d6c	ncbi_dataset/data/GCF_002229025.1/GCF_002229025.1_ASM222902v1_genomic.fna	5200166	41131d6f371886afb57b0f86fc29df3d4f04bee43e853f1144e4cd85daa45989	ncbi_dataset/data/GCF_002229025.1/genomic.gff	c5001a6c4d6539a78ab6df089f0ef174ccf936ef210bc37e57e5432b4b04e998	ALIASES_VALIDATED_NO_TRANSFORMED_GFF	canonical_objects/GCF_002229025.1	canonical_objects/GCF_002229025.1/GCF_002229025.1.pansn.fa.gz	1467938	dd5bd2fa1a7768ab6697ebc9ee9b246f1f0dc34866f96973af7486ba18a71220	734a84dfa8f08149fbf1fec0e3bd8e79b49f3d35e23529232137b80fcb784c0b	2945e250434ece7c7741fa72bb3916ded612fc9951a6748d855a632281153c06	c44526217f5172f20360d39be7677bc012c59f38af47fabac1658398d9fe4dbf	c73abe7fb3369eb6c7a4479dcb1324f1b2391c09b9bc651eb0fb92230e4eff0f	114a0d20e322c3bc095d091b422b86876071a839680954fdb6466874eac5cb7c	172	5114588	INSUFFICIENT_FOR_RANGE_RESUME	.	.	1	0	2026-07-25T00:07:48.401415Z	541ef49df86c3d314edbf1a57c26530eedd5c2af3bbcb2b915f7af9801bd9a43
49	asm-v1-143198d8a00e3d1908061cae	GCF_000778685.1	EXACT_VERSION_RESOLVED	VALIDATED	source_objects/GCF_000778685.1	2009830	4b087b1f19caa05cc8e2459addb556d3da4c4f65c8f5a4e6237d5b2dbbee4695	ncbi_dataset/data/GCF_000778685.1/GCF_000778685.1_ASM77868v1_genomic.fna	5226699	26f795272cf849902141adb132436b2dd93ddbec250eed7b8707dab80fcc8fc5	ncbi_dataset/data/GCF_000778685.1/genomic.gff	2481d777855153583a73ee7c181b055a40a32fb88da0defa93aeccd8fd28f530	ALIASES_VALIDATED_NO_TRANSFORMED_GFF	canonical_objects/GCF_000778685.1	canonical_objects/GCF_000778685.1/GCF_000778685.1.pansn.fa.gz	1467383	2fde4696aab11b4e790e46869ca3cf6d3a0c963a06b5d6b1b55a66feeb7af414	a924de97d80a6eb02c203668c57aa7bd3635a526421e06c967da40627eef5464	98586a0c77ec6c9df7acd2567f55aff8b73fa0104b9bb25fd24ff3192a4f38dc	96430608e9330f14b0d25e97aa5d5cb45f941c936306c2aa64fa4c01d48c59f8	7f55b6a2ec6c457a79e7d1cc351f2c12d0ff6e61a9f17052cb2a3cf0191012fc	7b2be4d02ba478b0f693da652f1c96278d3c87efa2390afa0bd637245aec3390	91	5153084	INSUFFICIENT_FOR_RANGE_RESUME	.	.	1	0	2026-07-25T00:07:50.547003Z	3f05fa8923a7adaadc1e37cc499d91f51d0a430bb3e659afe26da422099290b8
50	asm-v1-26091108e767413baee190a2	GCF_020037245.1	EXACT_VERSION_RESOLVED	VALIDATED	source_objects/GCF_020037245.1	2116087	abce850ea61f1b1addeade334569ba75e74d63286ad56c41ab7b7e2ec1e96189	ncbi_dataset/data/GCF_020037245.1/GCF_020037245.1_ASM2003724v1_genomic.fna	5367373	d8f00707c2d5958f7bf517b8f2e74a8e8774d2ea965a9cbd5539ee0ba4e37322	ncbi_dataset/data/GCF_020037245.1/genomic.gff	a71ee6d55ec67e63aeb3fe922487fe3617e590198b25001c34c70600e10810f8	ALIASES_VALIDATED_NO_TRANSFORMED_GFF	canonical_objects/GCF_020037245.1	canonical_objects/GCF_020037245.1/GCF_020037245.1.pansn.fa.gz	1510987	1ed62d1cf8c89a897045c37596fb9ddb77ffadda754bd23429a5c5f94f6a52a3	dc3621f9fad1f2c2675c68d65ad9d5aebbb950fa0957a62acb3117876b33baad	65dd07bfc4b891a8a00dda4aa0b8414905144d34289b8f7bcbc7ea2b0dc21979	f8ddf2fab13949f6e14a789f9a95282adbbedc25ae0fc4fbb7881df4c0747126	50b890f36948c9d0873041affa16afd890ec10baca6f2ab7903a5dfab4f755c4	c01456e718dba8f6f87afcf9637308c11e1420e0ad04dec4f77be72758d9d2f4	292	5266223	INSUFFICIENT_FOR_RANGE_RESUME	.	.	1	0	2026-07-25T00:07:53.671491Z	e8dfabb8b8cb53a795dff884d093710a5bc8191244ee1e2069c3886b74ade4cc
51	asm-v1-1009a57e9d5acb3b90d6791b	GCF_003731035.1	EXACT_VERSION_RESOLVED	VALIDATED	source_objects/GCF_003731035.1	1952242	ec35fbcc1ddcd6dd6a909d138703d8355ceda172275a969d62122c616fb4a4de	ncbi_dataset/data/GCF_003731035.1/GCF_003731035.1_ASM373103v1_genomic.fna	4970522	9c1e24b46fad5844b1da4021e3c1eccc31074917734c2c015da4a4dd2a51074c	ncbi_dataset/data/GCF_003731035.1/genomic.gff	8762889d882efb567c09137bd36b9149c62c386a2e69e8c4b77f5f4dcdd1f724	ALIASES_VALIDATED_NO_TRANSFORMED_GFF	canonical_objects/GCF_003731035.1	canonical_objects/GCF_003731035.1/GCF_003731035.1.pansn.fa.gz	1397048	81d567ebf963fa5e87207c5f374f1a59fd22bf1a35f4aeffdc5a39fae4f73ad8	011b425144a3fb8d4d360fb52cdaf282ade5ee5d32995b25372a525a5c015caf	aa0fdcd6ea6fdaaa6c0e7291f56ef29e61295cdca11c33200990f38bba5b3cfb	7be0362492dd0c14277a41f314539a0e13744fdd13feb1d7bb48db2dceed59bc	2ea21e4ff0dcad74a452ae7837afa0db9bed8631571a8beed727b5125d60b847	0096ccdaecec9607176f443078e137bb8a782d9ac36504c7583da8e133c3b27c	89	4900505	INSUFFICIENT_FOR_RANGE_RESUME	.	.	1	0	2026-07-25T00:07:56.402018Z	fb7d83a1aba6b6e84cfd19896b4c17ae67b04e0ad57102f2afaba8bad6b062ab
52	asm-v1-c5fbc3318d26f8606d4ee374	GCF_000326585.1	EXACT_VERSION_RESOLVED	VALIDATED	source_objects/GCF_000326585.1	1982498	4083c3e11d13411963d174e86a87b980bbe3b68682fbce260231a4eb57d50435	ncbi_dataset/data/GCF_000326585.1/GCF_000326585.1_Esch_coli_KTE113_V1_genomic.fna	5097193	0365bad3d9bfbe91df32ee475e1e2762fc1885246676c5c561c7be5934981288	ncbi_dataset/data/GCF_000326585.1/genomic.gff	00147a952d9e412e441ebca15121a8dc5d465a7ee74012eed42d1e2b3452f45c	ALIASES_VALIDATED_NO_TRANSFORMED_GFF	canonical_objects/GCF_000326585.1	canonical_objects/GCF_000326585.1/GCF_000326585.1.pansn.fa.gz	1429525	a2761a5bbf007a868571ff43ecb89e9c42b6e4891aef397a40e79807ceacdc98	4605219c4c84fab1441e74a66a6d8f51ccd4df1fa4b8188bedca2f73d3a669b5	4b4604ea055de270206f6e64a0ef28a8a8bfbbcfc2b12cbe7304be972c7033be	3e786ef75206242cff567262dbaf9226fd63f8b8b59952fd4d62a0179656312e	b05b4b964be941a66b84fc15ad1c1f156cd3e0979a32eb7904671b6b31ddd481	4f7d62db3073a6178b851a7eb0109f42195dd7cd491429f18cc7b99dd69a3766	87	5026156	INSUFFICIENT_FOR_RANGE_RESUME	.	.	1	0	2026-07-25T00:07:58.723160Z	13cc86001060df5df796f6cdf66586a2c79f360a59659d2fdfff3872ec921283
53	asm-v1-076733fb9cacde0985dcd995	GCF_000780535.1	EXACT_VERSION_RESOLVED	VALIDATED	source_objects/GCF_000780535.1	2076623	bd1799a188c298a467bd2d7d228a9a33344cc36d016bcd320ebdcc7530062a46	ncbi_dataset/data/GCF_000780535.1/GCF_000780535.1_ASM78053v1_genomic.fna	5358869	89ab969ecab08c3657e26f2938e26274c0b9a239b897237d3737e5ad47819dac	ncbi_dataset/data/GCF_000780535.1/genomic.gff	5ecd69132e870d7c6bc4f03e74572f230f059540a73e6c43eeb16d0b43d5767c	ALIASES_VALIDATED_NO_TRANSFORMED_GFF	canonical_objects/GCF_000780535.1	canonical_objects/GCF_000780535.1/GCF_000780535.1.pansn.fa.gz	1519323	87986dc6985e019fe5c05bc10f7384317e50e5aab4560e4859b9df3d6c5fa1a7	3f9b831d8829feeb3d6356c170ac6b74f056c7e5344f57702481236c519827a9	6036d8246b4d6e1b4ce43f13998de44d7b860d9140390a9ae45988159cbf80f0	291efced21f4fb08eb9fcb9be140d923d5ab71268ab7925e53f710d422b1132f	c4cbf78fc8b2f8ee6768e0eea09cc316cb51ce957c46f3734e869f3f6c66c813	3cee65c2a8b486dc14ea07398f5ebad3055a2c10087c200c317f6402722b16ba	131	5279574	INSUFFICIENT_FOR_RANGE_RESUME	.	.	1	0	2026-07-25T00:08:01.335658Z	993ab1493278ad11d6bf83007f9e8b2e9340c464fd4f234c8a1473a9779e6d49
54	asm-v1-9577d304b0441e1eebff2e03	GCF_003570445.1	EXACT_VERSION_RESOLVED	VALIDATED	source_objects/GCF_003570445.1	2030185	cc0669192dab7ba709e0d4ba11c35756a97b0781260e082a5409ae531654ca63	ncbi_dataset/data/GCF_003570445.1/GCF_003570445.1_ASM357044v1_genomic.fna	5028784	b70866d7d12c1b734cc5f750eb05c0a37139a85b6f7ebedd39f4e638b0cc4908	ncbi_dataset/data/GCF_003570445.1/genomic.gff	0e45f8ab9f27e96e323c94d6998ee4bc93d1fa84876c3c1d349404c5ce4f142e	ALIASES_VALIDATED_NO_TRANSFORMED_GFF	canonical_objects/GCF_003570445.1	canonical_objects/GCF_003570445.1/GCF_003570445.1.pansn.fa.gz	1431454	a4698771a33014226e977896d45dbd953c34f949c31eec80430489e67be17431	91a62585fd20dda5e77035e66dd8c6324066a361fc874936fcc73a588566fc07	a4113322accebaea8f4a373607527273bff6272372c1c4cc8aeaa386e3121075	3c9c3f65e9f25abb7adffec53e7c1c1ed86a57ea6b0772bcdbf8b21c8b74a62b	0a025881518f75c793714f26893110c8049922d64bc7b0e7d8f0002490246725	48e0885b8769947837e888e6ce646167efd7d66c199fd1a6f3f58baf25de6ee7	382	4923554	INSUFFICIENT_FOR_RANGE_RESUME	.	.	1	0	2026-07-25T00:08:04.870798Z	598b389cae3f5bcff07b9d1d204b05cb08302162c8a99a1cf5b4dac33cf88f60
55	asm-v1-0d112d76668f2ca96d2d62e5	GCF_000447005.2	EXACT_VERSION_RESOLVED	VALIDATED	source_objects/GCF_000447005.2	2012550	1a79cb82daf358497aaa73edba886768be363bbc5536e6b995a11e7fbb1e8385	ncbi_dataset/data/GCF_000447005.2/GCF_000447005.2_ASM44700v2_genomic.fna	5098084	57308f2d12e8dea08fac95e1bbf2358f3f1963e951e4724b887ce8075c2aae3c	ncbi_dataset/data/GCF_000447005.2/genomic.gff	d72cf3e58f658a0876571b3f5f9439e4be80d811a3cbfb021d51270fcbced368	ALIASES_VALIDATED_NO_TRANSFORMED_GFF	canonical_objects/GCF_000447005.2	canonical_objects/GCF_000447005.2/GCF_000447005.2.pansn.fa.gz	1438509	97cca4c362933a9a178af9d93a7907a23710c76fb68894f7e70870300ccc5e69	a404e783b71e55c0e4fb6d0923b7a952501abae146f2e4485c0e4a8584b6a182	d659aff8a0e0c321d72dc2bcbea897f2942e015b74522f42951545bec80726b3	6a8bdb6374fbbf47292c1ffdbfa439070ae9ff452058ea5901ab1cd83b5328fb	9c888ea76dab9e3398c44322424c21f9e73f06aa9a80b49667dfe487f4de01a4	d9ed543cdc7319c1f28d4a4d316e8b2b69e57bc6aea41c914c4d5a5f913ecd7f	301	5009245	INSUFFICIENT_FOR_RANGE_RESUME	.	.	1	0	2026-07-25T00:08:07.956709Z	ffd8deb0d25ee566590c649828d0595fff78e0667a0e67c489993a11b0d11b32
56	asm-v1-651bbd15909672553530f486	GCF_013073765.1	EXACT_VERSION_RESOLVED	VALIDATED	source_objects/GCF_013073765.1	1941191	c329da9a593eaee1777941073e26c28b57c3cc92d34ebcfe75ea945a071d55cf	ncbi_dataset/data/GCF_013073765.1/GCF_013073765.1_ASM1307376v1_genomic.fna	4948750	d3949c2d0ab2e586dab8fd5f59709c59b4ac7a23d3b0a005c7769616f4ea25c6	ncbi_dataset/data/GCF_013073765.1/genomic.gff	d5cd4c19527c66cdc3ef761c55b4c2187192a9dc6de99a62706fe259a3a023f3	ALIASES_VALIDATED_NO_TRANSFORMED_GFF	canonical_objects/GCF_013073765.1	canonical_objects/GCF_013073765.1/GCF_013073765.1.pansn.fa.gz	1392729	9d903ca310cecf42c29d46202027bf955ea7bee61a35d5d87da1a0802c17fb63	034fe975ec57388d3c40bf88457a47029b95535b579529bc66cd17dee4c12c19	3d111ec9a158f7fdde6a8a623f85bff07d0850a4731ccb4ad74da982a730cbbb	5a0e6ece8201a850e757242434423c6251c5f13a3b8e07d937bb87208b7cc989	3caaf448856df3d63ca7cca202436a4c9c49c59cc3e3feae81fbdf254e0b98f5	dcade2bf66e32f22d29dcbb86064d6b53bfcaa84a382f8bb2fa392cf60bf8a5d	122	4875890	INSUFFICIENT_FOR_RANGE_RESUME	.	.	1	0	2026-07-25T00:08:10.385669Z	bdb6c65da38fb3c5b8eb02f06d3b14d53c4fb08e3b257b7c56037eea0eb873cd
57	asm-v1-d23ad41de9f39edda98054bf	GCF_005041275.1	EXACT_VERSION_RESOLVED	VALIDATED	source_objects/GCF_005041275.1	2115892	0b3fbe5471e3ac61c5f4a6cf8d1ef505f14f8c1cf7654149b0cf5a8257be5130	ncbi_dataset/data/GCF_005041275.1/GCF_005041275.1_ASM504127v1_genomic.fna	5380225	3a55f2433eb70f6dc79eddbda9e43f265ed58326319a58d146e0c38931337efc	ncbi_dataset/data/GCF_005041275.1/genomic.gff	632de9b532c64c5d1dc86a1e2c0738b30ed45987102f2a47d72fcc125238e950	ALIASES_VALIDATED_NO_TRANSFORMED_GFF	canonical_objects/GCF_005041275.1	canonical_objects/GCF_005041275.1/GCF_005041275.1.pansn.fa.gz	1517627	530b7a763dc96cd441501da3ec88d76812ed5910129a58ac0e5605f383cc5b6e	56674343c89027438296ece83283f67e77591aadada178990a07949b4711b327	979e0d5ae640c0ef65a090b93ad4f5a3718e841998fdd1c33c02ca29b266a18e	5c49d8c1a9e2921728c0b0b7bce078ecead0e24a3f0e8337060704f23d0e4b42	ae6130eef94063102f51ebeb03847775eb1455df23dcb42d87c9ac00ba6c63b8	ea86c3f4448761b6ffade6d1b19fea9678ed2e1e8778a805d7c3104c68dee2bd	145	5298328	INSUFFICIENT_FOR_RANGE_RESUME	.	.	1	0	2026-07-25T00:08:12.993251Z	050702076a1c0174b53929ede9b441f6cd8a339cd8cc92608e0b719778001848
58	asm-v1-78de2c22a7d89d63d5d4271a	GCF_014862465.1	EXACT_VERSION_RESOLVED	VALIDATED	source_objects/GCF_014862465.1	2216879	5da9e9ee47f391a1be3117aa5c72826ab9168f4cef05e6aefaf1c39ca335fa0d	ncbi_dataset/data/GCF_014862465.1/GCF_014862465.1_ASM1486246v1_genomic.fna	5602791	0403b3cec7eb093186b968af87310935025c9f04e7b3a0c8c89252d036aff63d	ncbi_dataset/data/GCF_014862465.1/genomic.gff	129c853a1e09ca15b582fb0fbc61180699cffd67ee387cd6663ee8a9a13cb9a8	ALIASES_VALIDATED_NO_TRANSFORMED_GFF	canonical_objects/GCF_014862465.1	canonical_objects/GCF_014862465.1/GCF_014862465.1.pansn.fa.gz	1565467	27dce9f8fc6fc7e0d54234eb7bd53231468e4ab142647ae7139d2d475323a18f	3309a057c8b258387165045cddef9767926e9a4946deff74e4beafb8c996fc0c	d37c51e80a77a285470b13e3fa34f48494377e555b1f3f088c0621414ea4d362	57e38ef939ea29b453f9365f14c738f907c13c0fa40f169bc3e431d26cc183f3	b43bd738d32e940c7d695fafd8c9b573bb737de7ffaea4c8f284fc6f89071718	1f2aa748188ea04fd59e187e707c94b4142b5e92ac97f5b98487e9fed6458432	611	5453201	INSUFFICIENT_FOR_RANGE_RESUME	.	.	1	0	2026-07-25T00:08:18.040956Z	9e38443f04667338237ce3447d4dfa3bc359ca0387befc5cb9752729b3361dca
59	asm-v1-1ed2c2f97484422a21c26931	GCF_900195795.1	EXACT_VERSION_RESOLVED	VALIDATED	source_objects/GCF_900195795.1	2177892	7029cf30980fa62a7524b5996a28bbd12bab09dcaa06276065d9a00ebb14e49e	ncbi_dataset/data/GCF_900195795.1/GCF_900195795.1_F2_5_genomic.fna	5455956	16b8c72b4774bb0bc680ecf0fe5e130b4e42a8586b9fa14ca7374a6f72e17a97	ncbi_dataset/data/GCF_900195795.1/genomic.gff	d113acdcf9388b676ca1cbfe559c79f8890a747b9c93d560d92716cc6fe0b983	ALIASES_VALIDATED_NO_TRANSFORMED_GFF	canonical_objects/GCF_900195795.1	canonical_objects/GCF_900195795.1/GCF_900195795.1.pansn.fa.gz	1558891	cf5d79a87d0fd0052aeab5bde186aa44417379eea777238774e8d7aacc603cd7	771e10e76bd690294e37f5833ce930ea1a51c225892f31cd281d13f7baf2b079	831a272c7ec9977116a7a78bb2659c16651128fd43d1534b020c3b2cf3423039	97cb274b3e4760e3f6ec74ace04ad871ca9e077b29369836bddf1d08cb9d321a	ab9f4872688ef2c0ba8e1969e86faa7b16a4d98df5891b97bd221dae55384ef9	241c133480b17acaca368d195b0e7e99c1edbae481350f53a83fdbfc9498bf73	595	5341293	INSUFFICIENT_FOR_RANGE_RESUME	.	.	1	0	2026-07-25T00:08:22.961830Z	e5fe49df0b64ce7605bd1822fcdc20ef16f0eece54e1aa36717e555b175622da
60	asm-v1-18ed471aa5e0a0b0ce6eaac3	GCF_014878375.1	EXACT_VERSION_RESOLVED	VALIDATED	source_objects/GCF_014878375.1	2111007	a721767813bef38b694a5a04ec1eb88585b9f014875ed01af73fca2f4da2fda8	ncbi_dataset/data/GCF_014878375.1/GCF_014878375.1_ASM1487837v1_genomic.fna	5386363	2c2c56c525c325b1cf8686a4242e13764eec03ab77dc67583a3e0d964ddaf599	ncbi_dataset/data/GCF_014878375.1/genomic.gff	bb6b1f3d71d0ea8f70e89c39c114fb1ce199d773b4a8d12a5c363e3d96c9529e	ALIASES_VALIDATED_NO_TRANSFORMED_GFF	canonical_objects/GCF_014878375.1	canonical_objects/GCF_014878375.1/GCF_014878375.1.pansn.fa.gz	1518837	6f8fd11d91985707c0c5f4dba8308232d541278a2aa6a0ef52ed043939b93bce	23bdaef19ae4876d3f1120f50c491d3227b2784cf51841d2658dbb195f894a5f	05e0042ecc172241f55095c0178bfe9d17d937f892f0ef39a9269affeda11767	e54e6c4d1240b490d07b6002c8266506bbfbe890e81b9b8fdc9d6508184e63d2	5e67e95bb444a9e05c48b5f855386f51c3a8b88f65f0397b8c80b42ef6d1638d	428441a6bd95bb65c4e8cff75fd9c009989e920a1f45276e0ac7fb584405d582	181	5304155	INSUFFICIENT_FOR_RANGE_RESUME	.	.	1	0	2026-07-25T00:08:25.525690Z	7a0d7fffb378f1d49765b6f71f7905dc65566998e385f6266062b76886992f21
61	asm-v1-336f2acfbe62b7b1a4830ea5	GCF_921293415.1	EXACT_VERSION_RESOLVED	VALIDATED	source_objects/GCF_921293415.1	2011037	f0bf2536fdf4dd9001c598072d5b9ff42ab8cb1f654367b814a6f279c4b43995	ncbi_dataset/data/GCF_921293415.1/GCF_921293415.1_EF0368_genomic.fna	5145203	d939f060d994f3edbee10a97ae3e8561a2ccd22209fc42d021b25cf13b30b301	ncbi_dataset/data/GCF_921293415.1/genomic.gff	59d01597149e0669001a94e244070c05d98e45db0e7cc897eecd36a870175191	ALIASES_VALIDATED_NO_TRANSFORMED_GFF	canonical_objects/GCF_921293415.1	canonical_objects/GCF_921293415.1/GCF_921293415.1.pansn.fa.gz	1449648	10b80e7993be5553fcf8ec40e6716a45be0d0cb0df18c5bc107fc47d452294f3	f5130377211b0c56b8953f376da441cb500960c2a7e15aa87d6e3e8241dfffdc	09024687eacb5eea29dd0e1605820497044f4a07a3ae252399d2b250c41254d6	ae390f0807ad759f1741822b2dc0782e3bc1c6e4c85a6d82878f2a534b877675	28d514f92ed33a236c8f607296050d26e4859ac8f0b6034e9e08063cd9a56590	6cc9005688c6dca002db4a22afab734de89891c1f5280f0b8b71d68c1d4ad0fc	166	5065368	INSUFFICIENT_FOR_RANGE_RESUME	.	.	1	0	2026-07-25T00:08:28.199558Z	b0488bb16a0e2f728af59ec3b9152c60389c498623c68b485bd3467eb3aa5787
62	asm-v1-bddc1aaccbace0b2820ff83b	GCF_006229985.1	EXACT_VERSION_RESOLVED	VALIDATED	source_objects/GCF_006229985.1	2091276	b4db7ac1304ce6cbb7d02ac06ceac3043c922f76301d8d2c7ffbc098a6f13700	ncbi_dataset/data/GCF_006229985.1/GCF_006229985.1_ASM622998v1_genomic.fna	5373077	41cc15f9e969ba755e08cef0f2ef6dec1e40db2f616842818d45899f3bb12ba6	ncbi_dataset/data/GCF_006229985.1/genomic.gff	990ea62eb32f483277a96a048d81659cd1e5ded8f0444e95d4780a3bc1168a80	ALIASES_VALIDATED_NO_TRANSFORMED_GFF	canonical_objects/GCF_006229985.1	canonical_objects/GCF_006229985.1/GCF_006229985.1.pansn.fa.gz	1511238	1dc4481b33db7e9e101271ed1ad6c38ddd43ceb8a9288b06cb2c2d3498955930	420ff09db5af68ccecef528c219a86e4b2f94d36bff5a064393f61c4afc004ea	a466fcaced15fdd46d0150ba07f3e89ae29566bacf1fa9dbbe1428e2a684b3e2	21fa96e3fdb7e90dcdc6ba07f151831d05b25fe8ff12e557c68290222c75f4f4	5abc49235515646102ecb6f8bb1df8863d844348b8d2d5540b09fa60cc8b4845	107b7cdc191cc223b78ac202b1df56e659364f5b0d70f9be51efffd8c0a60bb3	122	5292287	INSUFFICIENT_FOR_RANGE_RESUME	.	.	1	0	2026-07-25T00:08:30.584808Z	8c19f5a71a1c61e0ca83a5d5a37f210553d7d1fd95113e59e732e7db7485f09d
63	asm-v1-933e0d1ae268d9a3995122ec	GCF_005045505.1	EXACT_VERSION_RESOLVED	VALIDATED	source_objects/GCF_005045505.1	2154794	ac7ca05a49441e177614b630db5f50bca30f23aabc439c1bbd6b740c7c839608	ncbi_dataset/data/GCF_005045505.1/GCF_005045505.1_ASM504550v1_genomic.fna	5451786	d084f11fa64faea93b464afe0358d903fb161e1e84843722dd988c02b12e8d2b	ncbi_dataset/data/GCF_005045505.1/genomic.gff	5660832653a05812ecb3f290b371f32954680f986979138a5adc1bfd72c0d617	ALIASES_VALIDATED_NO_TRANSFORMED_GFF	canonical_objects/GCF_005045505.1	canonical_objects/GCF_005045505.1/GCF_005045505.1.pansn.fa.gz	1539526	432ff79d8b53b8ec6bc79389587bc2dc1c25c0b4eca7ca1fe56395a09230cf7f	0ecbc8cdd7187f7b533056dab70c8138bb6bafda518ccc48a3f5c107f8fd7060	87e2862f653bb53b020eb8ffed406da3397d183b0e1a813eb09faa8128a1478b	f5630574c6fe4735292edbe49c8649317ffa42373028eca9660bbe55431a2fd8	57f551877cc1ce359c8dafae52c932b48ac718d4f6d144f84a5257e9acd2e85a	771d5bd616b5c8fd9b966325a810b36c6a27477fc1109ea77429eea359f6d013	205	5362334	INSUFFICIENT_FOR_RANGE_RESUME	.	.	1	0	2026-07-25T00:08:33.474566Z	8c8882b4c8e27f7cd5c96cb3d669488cc9c65a254c63d160b317bce942b65144
64	asm-v1-522935574c5d69942f6c3e15	GCF_001660345.1	EXACT_VERSION_RESOLVED	VALIDATED	source_objects/GCF_001660345.1	1942947	598a38b54802dc1c853de0b7d7fe37e8e3a0359a2cc42cf1e3b909e151ab6115	ncbi_dataset/data/GCF_001660345.1/GCF_001660345.1_ASM166034v1_genomic.fna	5013058	45807895d021bd07d8d7689c7e96fca73bac42d629ee843a9e09d79d6fdae854	ncbi_dataset/data/GCF_001660345.1/genomic.gff	4fe7cf00124239ab3aa9889dfad2bd9331ebc4f90d94e2b46a7b738c5621f7ad	ALIASES_VALIDATED_NO_TRANSFORMED_GFF	canonical_objects/GCF_001660345.1	canonical_objects/GCF_001660345.1/GCF_001660345.1.pansn.fa.gz	1416079	c3eb519a638a1db8b2a75d318b41e8e79d2d9fe63d5b2bac584296c5092dbbbd	c69f79b215c3b2d19c4581cc0113cbdef037d9f7abdbcf4b48aa49ec8fb8374a	4a156094b91e37bacbdf392db7fa63c653997949b823a157de6b53bc52d7c391	6e66f402e2176b6029b436b7b75e5978d11046db2084b3a0bb1c09ce9b3c58c4	f5eb8fc24eb464e1120957401cc75ec94f9488830459f618bfbe0fac1664a483	07e86bf076240ab0d0e8a0aea609298d488aee2441a44fb966e4ec5dcf8b841c	96	4942407	INSUFFICIENT_FOR_RANGE_RESUME	.	.	1	0	2026-07-25T00:08:35.837387Z	75cb39e57f5fe4e02dba9efcc4637843ae73091da91d1d56884b6e2688f31371
65	asm-v1-2140f13568d46984b220b119	GCF_020162695.1	EXACT_VERSION_RESOLVED	VALIDATED	source_objects/GCF_020162695.1	1911931	fdfff231b88819a49784aebef3e95175f9c12c01fb25e9b5b7c9b6ed77f820cc	ncbi_dataset/data/GCF_020162695.1/GCF_020162695.1_ASM2016269v1_genomic.fna	4909473	54dbbbaff4a19463f3d3a6c08c070272219057b18ea07bfc96bc49e756d34602	ncbi_dataset/data/GCF_020162695.1/genomic.gff	c5c68a169cb0564bf7d4bf285ab05b0b6d0fbf89dd95641717f3350da3fc47f2	ALIASES_VALIDATED_NO_TRANSFORMED_GFF	canonical_objects/GCF_020162695.1	canonical_objects/GCF_020162695.1/GCF_020162695.1.pansn.fa.gz	1377700	8d74e302574ad3b6b997f39f1c735544bfb56773de1a0e6b883df3f0c7de81f6	9f856f1bb7a59c0fa854cab1a2fbe8ea1ad8417280508ab6b74877d336522289	0563ddf9d4231b0f773414c24d6aa47f936fba4b5d51a541b26fb3e4150dca67	f32cf1a0a6bae9aa9f46d255d03d5fa20964aa195bce292f0cf4fac3e917b659	dea9a9f0a662340bad8eb1f1c069c86c49457f72c1db7a8a9844c90b60908b56	6464f4e556a9e111f17c61cdc58758da02982ee4c087edd8b43955436959765b	119	4833682	INSUFFICIENT_FOR_RANGE_RESUME	.	.	1	0	2026-07-25T00:08:38.226416Z	1bb4e2769384c82ea02da51142e25606b2141e269d7556badb0a1691068c4f45
66	asm-v1-8cc38f4de03fef066edb312e	GCF_003981675.1	EXACT_VERSION_RESOLVED	VALIDATED	source_objects/GCF_003981675.1	2058485	6fb8969fde44770eec3660c7646e5a9ca360678aaa28c17255e7b8fe7a0da7a6	ncbi_dataset/data/GCF_003981675.1/GCF_003981675.1_ASM398167v1_genomic.fna	5221477	a0739c3b1d1c25b1ba399240d22230f9834bbf2eae34da0f40793bf8cadf19c2	ncbi_dataset/data/GCF_003981675.1/genomic.gff	7dd8f2d6ee9d8d0d813f18f29b539a7b808e5ef5bdddcb15f57c6a0a4e84b912	ALIASES_VALIDATED_NO_TRANSFORMED_GFF	canonical_objects/GCF_003981675.1	canonical_objects/GCF_003981675.1/GCF_003981675.1.pansn.fa.gz	1472567	a0e0ff1ad94640c0d299d1b10bc21d3e8afad7e575ba5e8ad2f386d76c238284	83776355b6492212299ea59a4e0f5c8f2bf3ff01488693d5e9abdce9ea421678	f3bcf9054cc85b8ce28873a96fd26242aef5187e65482f4e6882ae63f366b6e5	5a6d8efa6020c2d14b76697e78b12aca1cd09dc13b9d7865874986a40dde4ef2	9b14f4abf9c21253007e280b65ecaa3d8b33b3b6fc0bc03e2261f3d43924e0e2	e28b41b422103c18b3b836d2360a3d5a0138e3cf32b17654c4ecbc24029facf2	267	5132727	INSUFFICIENT_FOR_RANGE_RESUME	.	.	1	0	2026-07-25T00:08:41.181923Z	23488feefcdf4013506fff64c4f918d86b6f542c0665440637a61635c25152b2
67	asm-v1-744a78fc7ef5643c50983785	GCF_905330275.1	EXACT_VERSION_VALID_METADATA_UNAVAILABLE	VALIDATED	source_objects/GCF_905330275.1	1974579	a2b28234b97b636a68bd03e53f6df6c3abcbb6086f575326e220b310ca5ca013	ncbi_dataset/data/GCF_905330275.1/GCF_905330275.1_AI2858v1_genomic.fna	5347604	57381ebeffbaee9c61982bd1761d9bfa45aa567225831565d957cba4f2deefbf	ncbi_dataset/data/GCF_905330275.1/genomic.gff	a90be65466705b98e693e228da12b0ec9223b072046845e85bdf691018e48f9f	ALIASES_VALIDATED_NO_TRANSFORMED_GFF	canonical_objects/GCF_905330275.1	canonical_objects/GCF_905330275.1/GCF_905330275.1.pansn.fa.gz	1496537	d0230bb1074978d5af009e08ca40ed8ebd5ff61baac3b6af76290d06c93d2f03	2b56e842754c43dacadb230678520803470513875254e46b4eac35609850a698	7aa7c8bbb2c96901c3c88c4f402838af594ec56c0c653a76d43ed16defd5c3d3	28919654086a66060506fa15a64573d448e699b322ceeb90fe5f2ee8625025a9	8a75378e7a72d14f50f22e9c7b0562f43260af916eaef7b8671db42d27b74697	e077ae8cbcf0d079f3ac616e5acd07cd8f3f19f41c00d98ac9ac3944babe4376	9	5280851	INSUFFICIENT_FOR_RANGE_RESUME	.	.	1	0	2026-07-25T00:08:43.475660Z	b750fbecd9ba1eb73a42783a5b23b5187b1eec8ce22bc0af13ee66140e378aae
68	asm-v1-89345e76194e6b4fe931f0cf	GCF_001617565.1	EXACT_VERSION_RESOLVED	VALIDATED	source_objects/GCF_001617565.1	2136930	51853d3ae4ba9592dab55aae0634dae9b0e2a47ff1000ee406ac282b51ef3a0c	ncbi_dataset/data/GCF_001617565.1/GCF_001617565.1_ASM161756v1_genomic.fna	5486590	77729582f45722840b706bf9cea39825802c923844ea71f25a07ee9879091273	ncbi_dataset/data/GCF_001617565.1/genomic.gff	9ed9566cfffbdef9b796d967e68768709225985a1d240ffd2a0cdef4b89baab0	QUARANTINED_SOURCE_GFF_NO_ALIAS_VIEW	canonical_objects/GCF_001617565.1	canonical_objects/GCF_001617565.1/GCF_001617565.1.pansn.fa.gz	1536984	0a2ab1a71a3f0b2b8b0da3b090e9df8519619d8b7acb2e17bcc39a97b80e2327	ae5a476d6663073daf3ee5bfc06497ce360e3377ed78c2807bb227f5298540fc	bc09570a664da220f18c51575532eedb00f81beaa918592fbbdbcce5a678224e	838e64cbe107f00e30b0d41da3178cd42a5f9591ee11e8c1739987af1a69b579	5702b9500b9db51df7312751417a8820f0f2d7a3a517bd82e66da014efba24c9	cd40aa389a30100c781d654e00f2807198c3c498d97099f6457427282fc8f296	7	5418293	INSUFFICIENT_FOR_RANGE_RESUME	.	.	1	0	2026-07-25T00:08:45.583779Z	37afe0d50ba59cb6110ed8bea05c1b872ea3f7b6f4e8de4516a00cd26dc5793c
69	asm-v1-d5b07e7950fe930d28259eae	GCF_003983415.1	EXACT_VERSION_RESOLVED	VALIDATED	source_objects/GCF_003983415.1	2009092	c6d7bc126858aeb428110eb78b69ad72c5b853626f1b7cc20881304abec0af38	ncbi_dataset/data/GCF_003983415.1/GCF_003983415.1_ASM398341v1_genomic.fna	5100016	d0c1b3c7f96fbfb328be8cd0436515870e376f7e293bb17abde738aa086de407	ncbi_dataset/data/GCF_003983415.1/genomic.gff	89b319649e46c5f8ab067ec75f942236fcf8817fef327773fd4db7f3bcc622c4	ALIASES_VALIDATED_NO_TRANSFORMED_GFF	canonical_objects/GCF_003983415.1	canonical_objects/GCF_003983415.1/GCF_003983415.1.pansn.fa.gz	1438284	90037ccff9c6ad585bfbab8619700b2860f5d38426b770d23b12598a098c24a3	a786f2b8179ce399f7a8c882950bfb988c75b941c6cb762350829e825376b627	72e1c434b688fa4d7c9a72741fdabcb5be204c16237f58f3d654656b40b74b6a	5f5937bd79dbd4c129f6c354224a4ad0c39ee9789773eb707ed60f26565556ee	32910d63ca1fc41a56e71ad2243996eb7aa2d978a2a3c864ef4f0d8ec04cab21	d563b4d08038559086c504bc0a33014ddef5114819c81630d346abcfd8c05df1	221	5016974	INSUFFICIENT_FOR_RANGE_RESUME	.	.	1	0	2026-07-25T00:08:49.328063Z	9565b9f682703beadb0f4123b37c192a14b1be19709e27e7be5fcbd3167dd952
70	asm-v1-2298b23611278b990e0debe1	GCF_009899475.1	EXACT_VERSION_RESOLVED	VALIDATED	source_objects/GCF_009899475.1	2130614	fd5a8873edddc4e22e53b317ffd3ff4f3f99aad1b2f509fa30d7eec0e5ad7fdb	ncbi_dataset/data/GCF_009899475.1/GCF_009899475.1_ASM989947v1_genomic.fna	5439293	91f095c3e276b0e96a8e4566c0e1509fb8c2fc0cc9b9dcbbf61bf9eb3c1a2077	ncbi_dataset/data/GCF_009899475.1/genomic.gff	0ae230fb571362eb007b415406487c695554a5b42706bcdf04de5266a637c69b	ALIASES_VALIDATED_NO_TRANSFORMED_GFF	canonical_objects/GCF_009899475.1	canonical_objects/GCF_009899475.1/GCF_009899475.1.pansn.fa.gz	1532387	02910908f6e174dbd0a53a0cb0b0556342cb924f0a92cdc3a6b286f81acf7bcb	c7b7e933f49a81ba1035a738cd817cf7d1032e069f084bb2d37d6a4f947475a7	7fa1ec6267cbeea0000bb6bb860c21e5a51c95e7c898f269e9930810b96b981b	9c2da447b85b9fd87f8349d3d30ce7fa27f9894813f31d8aeaadb91a8fa781e1	cce16cce6d81fe9d273b00a9eb8a1826ccc37d72d859682acd64d5018d769b05	b3813df0a7cc5249a6c47a2a41dda1a4098d0959579589457f4353951a128657	231	5348632	INSUFFICIENT_FOR_RANGE_RESUME	.	.	1	0	2026-07-25T00:08:53.490191Z	47486e7a562c7bbbb86e7f632afb63b5b6ae2db8b1626f56f84dbd610d662040
71	asm-v1-b3f32cbb29e6bab46510769a	GCF_002511115.1	EXACT_VERSION_RESOLVED	VALIDATED	source_objects/GCF_002511115.1	1853905	e1753d4c6a0cbf3447e6df7d8ebd1bd18d0d1f26f3042b61bf6cc77e84ce1d97	ncbi_dataset/data/GCF_002511115.1/GCF_002511115.1_ASM251111v1_genomic.fna	4734688	c2244fbfcd340126afeba65323104b2530720cb30509857fdedbaff475dfb8a9	ncbi_dataset/data/GCF_002511115.1/genomic.gff	99f0593a575c1c1c8b5215b5606d6d57b118e0480928d5ea587bb82ebb98295a	ALIASES_VALIDATED_NO_TRANSFORMED_GFF	canonical_objects/GCF_002511115.1	canonical_objects/GCF_002511115.1/GCF_002511115.1.pansn.fa.gz	1335152	0241f896df3d2a5a3013b919a8bdc6a4971d17ac7cf618ac38c36dca53993fef	949bb35fe224d7d472319886be52e98deff4a76292c4a9693f690f6ac7ed4a30	e1497641a93916d24ceb9e1cb038254571ec8eaa5033894552611de3abff45d8	e5452d5ed4b168ffb5cb9ec40363d91bff0346b7039d29f9884618eb7c86f721	c9b552e1a41f00c43ce36957103dc668d45045fc5dddbd3dee9d6240001e4884	eab7f9276dc5a58dbc0a8f1e297ec5f7b620740d30d41739007cf9252c3c0da4	160	4656326	INSUFFICIENT_FOR_RANGE_RESUME	.	.	1	0	2026-07-25T00:08:56.881736Z	7ccc7f5e00c3600b1dcae92a863a0b23103a210d1eba536cfb1ad38b99e85056
72	asm-v1-6cc2cc6a6bd4874236c4e0b6	GCF_001521595.1	EXACT_VERSION_RESOLVED	VALIDATED	source_objects/GCF_001521595.1	2098444	4c32e5df3680416e8cca5a64a317617061f3939db5b7c16b640eb073485ff2ef	ncbi_dataset/data/GCF_001521595.1/GCF_001521595.1_ASM152159v1_genomic.fna	5275344	e795646455f08304541d40549561aa854a7a9517ce54e9ac639f5fd9a8163813	ncbi_dataset/data/GCF_001521595.1/genomic.gff	a57f0bac993def4065d69c6649dd3745a739a615aedc84053eed1224a3f94bf3	ALIASES_VALIDATED_NO_TRANSFORMED_GFF	canonical_objects/GCF_001521595.1	canonical_objects/GCF_001521595.1/GCF_001521595.1.pansn.fa.gz	1488246	51a71c4ed7a8976d2089f8dd7254dad4493062b759e7f7e1c52c6efc48332dcb	9cef2dc55e86de0f454ec4a433aaf44a413034e3a0ea9cbf8fbbe99afb4d6202	95f4e29f802f51b4c32720778e0ff57f355bd5c397dfc26db40e12cc0814385d	672638959676b298f8305cb3e661f013637ae30782b7aba5137934a87cee661c	2dce247949b05e92ab8d2d9ef7605f37e694c5889c8f71b1be20b3c79cf5712a	6beba1b39c0352895b82b8042ffaa143e639ef52a479a6f2e9fe2d37ffa4f426	257	5181005	INSUFFICIENT_FOR_RANGE_RESUME	.	.	1	0	2026-07-25T00:08:59.877025Z	dff3275edfd9353f6dd2ad0874133ea0060c84356d66dd95cb73fd68e97c5db0
73	asm-v1-0483ccd2aa538f10924521f5	GCF_019351215.1	EXACT_VERSION_RESOLVED	VALIDATED	source_objects/GCF_019351215.1	2063876	e6a94776fa2c05cae659349bfd2a7d89715588dcb9f8639ee7f200f7d0739e43	ncbi_dataset/data/GCF_019351215.1/GCF_019351215.1_ASM1935121v1_genomic.fna	5231338	fe895ba8b99ff3db333ad8fd98cd91c283db4630c6cc834951b56faf4ca4d872	ncbi_dataset/data/GCF_019351215.1/genomic.gff	5290c9422570ca6a3c55ab5d44edca208ae5be45327bc35d1a1d5111bfc58755	ALIASES_VALIDATED_NO_TRANSFORMED_GFF	canonical_objects/GCF_019351215.1	canonical_objects/GCF_019351215.1/GCF_019351215.1.pansn.fa.gz	1465502	3e3e4c69ddf1b000f79918ab4cb4d05a494a44dc0b9bc06ae63a44cdb73d2b20	a5c39efdf2698a54befcefc7c2900cad3fe27f1430b65b200118bf5655dcaf73	8d50ae31be22e7c9e615726697e277eda93dca87c3ff0a4a3b985c7cc6b2b858	4686738999141ca2cd7f6b45bac7a4bcbcd8594e9d41e93046caed4deaaa0900	868dae5ed2fcd0a4f808d4c2aff383559ceb4ef36c7cf9bc95005de82f2d3fe1	3087906190d12a5f3fcddbf315691bffc925fd3420587f4789895e30e6290493	190	5143869	INSUFFICIENT_FOR_RANGE_RESUME	.	.	1	0	2026-07-25T00:09:02.795809Z	c2e952f113648b74e89791f942f7ffacf8a51795d71a5847600cf020b3803e1c
74	asm-v1-4b6dd2bf16ed7e1796c82446	GCF_020731765.1	EXACT_VERSION_RESOLVED	VALIDATED	source_objects/GCF_020731765.1	1882828	d7bbeb9668a5f06c77159890d225a0285f9c9f842fc9f9ae25d7f91083bac9d3	ncbi_dataset/data/GCF_020731765.1/GCF_020731765.1_ASM2073176v1_genomic.fna	4828585	4a310fe2a9c930fedd4033f6d69aa0c2bebbe0c273fa14e3fe0db7b0e6eb006b	ncbi_dataset/data/GCF_020731765.1/genomic.gff	14865a5144c3af155e06b3b0d0852b6ae185783c0b384147c59c1f6a7a5d4eae	ALIASES_VALIDATED_NO_TRANSFORMED_GFF	canonical_objects/GCF_020731765.1	canonical_objects/GCF_020731765.1/GCF_020731765.1.pansn.fa.gz	1358310	b8c69ee83b3b3252af9fa7cfa3e76a56eae9843c645bf7be72e18476af546013	3211bdd185d82986f3723f97914e92703b6970147bf1099320d07078b6b35c8e	8c64d82e1ff6c448ccf726063a36eca74b45486d4a43304838e119bce8e5afdb	ce685c2a168da05549af4228bcb134c6bdb9423acda18fb0b49b4960ffc28ff5	28e79e9cdc75ae96c121dc8dde071b56ffc4a6012f11519fae3607e3d116b3cd	e10dc6d260df3527cdf5323bb558940a049d26bc950b73062c46159aa9e4a5b8	135	4756244	INSUFFICIENT_FOR_RANGE_RESUME	.	.	1	0	2026-07-25T00:09:05.213579Z	470dfb468e627994094b2066c4e85b71245e5c26783f8c9d66549dd2542f54ec
75	asm-v1-60267ac131a09d147996f037	GCF_001577325.1	EXACT_VERSION_RESOLVED	VALIDATED	source_objects/GCF_001577325.1	2033107	9e36167f581ae20db225611a94c035d19fc364d854a9201804d5077a4db65927	ncbi_dataset/data/GCF_001577325.1/GCF_001577325.1_ASM157732v1_genomic.fna	5262248	d116ee21550627e98ddf5990b51671d508d8b8dc60f93a6473667027ed6424f9	ncbi_dataset/data/GCF_001577325.1/genomic.gff	6f881c57627b3ecf049b801fa6a3987036231c8867125b0891523848b967d9f3	QUARANTINED_SOURCE_GFF_NO_ALIAS_VIEW	canonical_objects/GCF_001577325.1	canonical_objects/GCF_001577325.1/GCF_001577325.1.pansn.fa.gz	1470518	fa9bc044768b3129e57790a0c42cc5d1feb8130bbf68473647e155cbb749eb71	951afaaeacd9fb679fc909cf1542d6970b02e378bc3702834942999972ff4b8d	c7b6d7760a27750558be035c0ace2bdec5ee390083ee1e9b3d0f1cce7f1c8139	41daba9a8f668ff05e9f98bd216c1920befd6fc7951aad240621cfbfb56ee835	67330d91a7bf0e5d85f4e92ce3d0c7872eee6547b36fc1873f38321e208a87d4	cd40aa389a30100c781d654e00f2807198c3c498d97099f6457427282fc8f296	3	5197049	INSUFFICIENT_FOR_RANGE_RESUME	.	.	1	0	2026-07-25T00:09:07.194460Z	4725329f4ee746472b52a4320512e1e7af3eb35f9323793c184f36caec5f78ff
76	asm-v1-9b414d6deaabea3bbef2838b	GCF_000777675.1	EXACT_VERSION_RESOLVED	VALIDATED	source_objects/GCF_000777675.1	1936671	cae84c734d0e2fcfcb03a8185021e1d241696b46b53aba532c885678b8e2a613	ncbi_dataset/data/GCF_000777675.1/GCF_000777675.1_ASM77767v1_genomic.fna	4999487	96d625500c0f98586e48dc4aa3dd44b8ed2e547db7ac0550b72548d42fb09989	ncbi_dataset/data/GCF_000777675.1/genomic.gff	56fa34d88b77f0b11bc9e2f4b397b6f1e0537927547a8bb294b935f4a2db58a9	ALIASES_VALIDATED_NO_TRANSFORMED_GFF	canonical_objects/GCF_000777675.1	canonical_objects/GCF_000777675.1/GCF_000777675.1.pansn.fa.gz	1407328	e8e21c25c320c2ae3f4d4957a9c2d9c3e13903f0974642a54a06ab9f51ebbd13	198f42fa1fbd72d6055512b792a984e2deea49ee403195b8cae34bd73d05d063	24b99001351a99f6b1b22a04cc252936dcae0a9487e9588e218f1255e162782c	bea11c9628d66728a100b99ef5c269f7666cb1cbdbc2b05c781ae4dbb0df175e	2b31cd0d6f72613c4d1ff8047008c4e18f58a39c5ea13c39557acac89feaed28	38b3650f0660d7109ff7766e11d2eeba4634bbe50c3578150ceed93de444662f	102	4927547	INSUFFICIENT_FOR_RANGE_RESUME	.	.	1	0	2026-07-25T00:09:09.497437Z	591840b7654376919c50ca144cc73072d26fe634f058982285258bc5dd660460
77	asm-v1-131b25c56fa7a53a20f6acce	GCF_002109645.1	EXACT_VERSION_RESOLVED	VALIDATED	source_objects/GCF_002109645.1	1849696	34732352e1a55b5b0be292e095117814eb9f37ab802dd1f9979d3d0e1d57a9cb	ncbi_dataset/data/GCF_002109645.1/GCF_002109645.1_ASM210964v1_genomic.fna	4788172	2d8b0a88a8b1db7ebb3ca80a6bd91ab759f1b8adf9777dc4813b638f38a04ade	ncbi_dataset/data/GCF_002109645.1/genomic.gff	1dfade9748af58a3ec064a12afdbc7009593b184b737114db9f7ccbddbe3df45	ALIASES_VALIDATED_NO_TRANSFORMED_GFF	canonical_objects/GCF_002109645.1	canonical_objects/GCF_002109645.1/GCF_002109645.1.pansn.fa.gz	1340353	3df995c884804fc612af9145bed615b251aff1cfa55ded8dc2fc7c1e70472ea2	1c6a6a5e53c2cb2519e07b318ccf2c02dae687200f542dcacb5354288492dee7	b5782f826b33e87c98cfe600bd9582bd262c3a5e14e4aa9a78f66aa34fdeb545	8a95eda1dc2226ac660479f9dda07468688553cdd725b0f9d1c39edd149f5334	f47d782dd77677d6ba3196f02900ab966ee20b510455a0970e5c9b19bfe27267	195b460b9d2c6afc988fe04ae8de5a54a8f2f2ce9fd35d26f805a70a88c64f73	15	4727787	INSUFFICIENT_FOR_RANGE_RESUME	.	.	1	0	2026-07-25T00:09:11.547728Z	5fb3d102f3b472d831f2257877d17ac609451f3f12ff9c87250c050c32b9dfda
78	asm-v1-0811187b1ba0a0a2fd7ee853	GCF_003076715.1	EXACT_VERSION_RESOLVED	VALIDATED	source_objects/GCF_003076715.1	2046396	dc534cf0ac4d855ecfda0793c22afa46c3363e77999eac897da504ba1507e46f	ncbi_dataset/data/GCF_003076715.1/GCF_003076715.1_ASM307671v1_genomic.fna	5264094	e8107ffce89328fa3ebd5283782f469df57256436877c53ccaa561edaf6d8581	ncbi_dataset/data/GCF_003076715.1/genomic.gff	be45a5a8df23b1785016ffd92b725a4b580c1304ddf6d8fa32134571de38fa46	ALIASES_VALIDATED_NO_TRANSFORMED_GFF	canonical_objects/GCF_003076715.1	canonical_objects/GCF_003076715.1/GCF_003076715.1.pansn.fa.gz	1481966	5812721badfa8b5ebd1255342cc0edfc83e78dcc7dabb4839e5fcc928317077d	cb2b7417dcdec435ba9b2aeea7b232bfaa54aeb4cf8364b9162edca6114e2641	9e022f4ac0b95e6c86bc4c43543bad73473d536b2d310c52e26fef435137e114	3fe906a191ef8cbfcee3e970fe561363610b76ec2d6b9b4b2e0e4b095b3c855c	d884e31b0258434a1bf565bb43350a0fd79a195d38af260930673ab1ccad0c6c	058fc50e0735a9b38403a971a028c897d193d403f27bcd3fb01f1fe76fbe8d34	76	5192398	INSUFFICIENT_FOR_RANGE_RESUME	.	.	1	0	2026-07-25T00:09:14.860209Z	7b68e0443b9a4cc535a76ac39482e6adbbad9f6585c10e324b843c6f76818767
79	asm-v1-a6066364915f685488e5a06f	GCF_002518465.1	EXACT_VERSION_RESOLVED	VALIDATED	source_objects/GCF_002518465.1	1960572	17f758a6e3acbad8928213f48e3d82f8a342c488c94993c32fd2c81182a34a6c	ncbi_dataset/data/GCF_002518465.1/GCF_002518465.1_ASM251846v1_genomic.fna	5009103	abd67e4b0afc963bed09cb0cc99ef5b38ac6d511df52e1323ad3fbf0ae60630a	ncbi_dataset/data/GCF_002518465.1/genomic.gff	583813e5954cece9739fd32ce9ae1492e7e3ba5e93afabe3c6d54de8bf7206d6	ALIASES_VALIDATED_NO_TRANSFORMED_GFF	canonical_objects/GCF_002518465.1	canonical_objects/GCF_002518465.1/GCF_002518465.1.pansn.fa.gz	1406009	b54bd4616adbfe97e2cdf4d79f19c5b6499e117a977cfe8420188991b6f07511	53ab8f0aff79b8a6aee4f94eef51b4e4d476ef79d06e7ffc0f3e90a9492f8590	8ca9452f9931d8aca208e756e1dd0cc9d2850e86ef2de48f11122f683ca54d94	de4a54c5fe3ee90654704d48bc576bc4f880acf384987e9ec915ccc22a2111f3	ff86d4ee8a2e3e3f24cb490c2723aad440e22c665d260e1ddefb5215d36a5198	1240c737dc5c45cddd05af981865530ac68c52cf5a0a6d151f52624db13b448d	175	4925511	INSUFFICIENT_FOR_RANGE_RESUME	.	.	1	0	2026-07-25T00:09:17.348445Z	e298e096bcd179d5c29a210d3d6d3f1e5fc20acd908516c04059ae9e97c10827
80	asm-v1-1a6db70587c81767a83b4c01	GCF_000459215.1	EXACT_VERSION_RESOLVED	VALIDATED	source_objects/GCF_000459215.1	2105767	b768d94649845d22699ddb67ca845a091ec9987487095adf926604785555f8de	ncbi_dataset/data/GCF_000459215.1/GCF_000459215.1_Esch_coli_HVH_208_4-3112292_V1_genomic.fna	5446589	03527aa06b6c4730b804a195c7b10e9c2550b1702dc3cff4597cc854c6429d7b	ncbi_dataset/data/GCF_000459215.1/genomic.gff	6b956feb5402039335d1d2ec9c3a297da7eef0b879c7dd31840c4a715cdb0f42	ALIASES_VALIDATED_NO_TRANSFORMED_GFF	canonical_objects/GCF_000459215.1	canonical_objects/GCF_000459215.1/GCF_000459215.1.pansn.fa.gz	1523382	047351c88831fc4a6ff2b8e138f0cbddab8e4e7265c07bd578bfdc37e6c1f7b9	399f28f9910672274ec5b6aacc6186fe7b82a64b5175ba73e32ae0b7d5643df3	2dd0318f92f2da3c5307c5488950e027c78183c5c1e3af79ed17519ed214867c	a66096a8f02d274d9af644f575563ce69171d85cca1c4bc7dee2eaaf74079e93	eaabbb8b046963fa9318141ec8e6bf328bb32c732c392b0c1e931b762b40d54e	6a4b881f39c207c1da72e8d03a5ee0f8e7a5a36fec7b6854753f7b4c4797ad1a	14	5377926	INSUFFICIENT_FOR_RANGE_RESUME	.	.	1	0	2026-07-25T00:09:19.480700Z	c0f8f953df1f76965c7fd4bf0b94ad24641eabe79f28b08ac784a466ebd1a0b6
81	asm-v1-015b60cbe04a23c843a53259	GCF_900010055.1	EXACT_VERSION_RESOLVED	VALIDATED	source_objects/GCF_900010055.1	2111956	4f6c5f08955cbe2b84e7f852ca8d865358f382a2166006c65f43201e7c253172	ncbi_dataset/data/GCF_900010055.1/GCF_900010055.1_ED010_contigs_genomic.fna	5365068	9ca84f6dae33c8c4505366b54cb006f667694457326ff98346bd1c826bc730e9	ncbi_dataset/data/GCF_900010055.1/genomic.gff	ea174f1d4814e7c59bcf288aaade199e02bca479974e30a8d5329eceaaa911cc	ALIASES_VALIDATED_NO_TRANSFORMED_GFF	canonical_objects/GCF_900010055.1	canonical_objects/GCF_900010055.1/GCF_900010055.1.pansn.fa.gz	1524023	78e2911d25387097d561ec2ec55738a0c44126b7752e790d4e89062d2ef3cc39	d51516ed71c5661cec01318a0c6b267bbfae0fd3927f568ff2fb26d03dc61710	18629196373a6d7b15a7f8ae6db188267c692c77341ceaf7defc6bd59e8b64c9	44e5b62fdbb6ee3ea394111adc50288fa7e421012842c26e669268add8c696e7	d6939907d3ee9e83a80c59fc67ea387fad449c46f7c060eecc3fec3451a1ba05	bf819aca24c3724365656af878ce93df637bfbb9db2a7bfdba1aa7e8f3c250bd	307	5270484	INSUFFICIENT_FOR_RANGE_RESUME	.	.	1	0	2026-07-25T00:09:22.812441Z	a87e0004fad09f1175fa54deecb1641f81e6c811e82798d6b9211bf65f8ae85d
82	asm-v1-55b63d52e2d0b4376986fde8	GCF_002769075.1	EXACT_VERSION_RESOLVED	VALIDATED	source_objects/GCF_002769075.1	2220358	f99f8d351c2036fc063174e7e599aa0b50399da24ac70411e9dc65d21739558b	ncbi_dataset/data/GCF_002769075.1/GCF_002769075.1_ASM276907v1_genomic.fna	5649615	c15920fafea2d09b6b5b14658e81dfbc1adff5dac2cd92005513ad9f7df31228	ncbi_dataset/data/GCF_002769075.1/genomic.gff	729da45b4fd19ce7e4224860077f1cb1e40318f86b862edcdbe5e1cc06a631a7	ALIASES_VALIDATED_NO_TRANSFORMED_GFF	canonical_objects/GCF_002769075.1	canonical_objects/GCF_002769075.1/GCF_002769075.1.pansn.fa.gz	1590026	da61c3ebf1884d9c86207d18c032dabbdec92f2dc0388e6335b8375402001df5	b41133aa04ca625dc68662492f4ccdfc45f155ae88d481a8c0c72e640cab5d83	e314c528eb7222b51a5f0b131e7a8f5d9fefa1d0613e7f29e1e82ca36daaad3c	17ab32af862f7e5401fcc485d6326a1ad4ca2b16d30ee0465d93e316eb29b975	54e1e97f636ef7f87deb27178b59c0ef5ecdca7a7f09d6cf1db184055a0c97ef	88010d1b0b1448024ff92ca49adf1be632da653d14747a5e5ef3773cd91145bf	298	5553525	INSUFFICIENT_FOR_RANGE_RESUME	.	.	1	0	2026-07-25T00:09:26.069371Z	ca93ca584b4f5419687c4d87e61652e631a663c1932f6b3362ad98ba176ae208
83	asm-v1-2aca3a21673be9b7cfae16ad	GCF_009910015.1	EXACT_VERSION_RESOLVED	VALIDATED	source_objects/GCF_009910015.1	2170694	88b5dc50477f044faa61ff656665532b122ada9ac51b4dc1b583936f7eafaa76	ncbi_dataset/data/GCF_009910015.1/GCF_009910015.1_ASM991001v1_genomic.fna	5523394	64d09f1dfd52e46730fccf87df296e0521f0e09321a0dcba4b0ac71be73f4549	ncbi_dataset/data/GCF_009910015.1/genomic.gff	3a4c25ef959bb358df941d68a4b478ca162328d677ab9c7749e66739645afd44	ALIASES_VALIDATED_NO_TRANSFORMED_GFF	canonical_objects/GCF_009910015.1	canonical_objects/GCF_009910015.1/GCF_009910015.1.pansn.fa.gz	1567623	50339ca8ef11aa745db9d0ce04002039750a1db53b08b7cfb7c049318fa0754d	21ffe70a9d9779634ebd6e778bdaab7048debdf1bb4c3bf0618aec7c9195d35f	483c13c9a5a9b0c25b0a12c0cde6b3ccebabd4b1e789f9bacb61e595007e6bbf	f70d0a110198c94d727e8672b93940bf1785a3a16e08fd104c3dcb26dc349765	7c0c11278db83b1bab2467f1cbcd9dbc8b377845d575bb114bedb0079c42c148	c4af46f9454605af940f83e6f77f3aed941caa6e402651a3f5c34064599c98c4	355	5414819	INSUFFICIENT_FOR_RANGE_RESUME	.	.	1	0	2026-07-25T00:09:29.422914Z	f2bae05704b5e3c3f74a709cb6d85d004953bf42b034c5294011ced6c5fe6283
84	asm-v1-1493b2edb2f619df308b1b43	GCF_013370905.1	EXACT_VERSION_RESOLVED	VALIDATED	source_objects/GCF_013370905.1	2063428	ef74dcda6fddb715f0840ff5049bc07cc467a46bfd416c47b016b765ac6a8bbc	ncbi_dataset/data/GCF_013370905.1/GCF_013370905.1_ASM1337090v1_genomic.fna	5268899	0e67de1fbb4ac382b172b53b562b46042bc62ff9c2316f92031890d23613675d	ncbi_dataset/data/GCF_013370905.1/genomic.gff	a5afd5aa3f16f7080c685e9a826f6e2ff17dfec8c2239f5b939877a17550a727	ALIASES_VALIDATED_NO_TRANSFORMED_GFF	canonical_objects/GCF_013370905.1	canonical_objects/GCF_013370905.1/GCF_013370905.1.pansn.fa.gz	1477604	abd9b4790025a10d65502f518075f731350aa53c942f8ddc6e78ae63eb5d6220	31f6d121b5d0d37d4ef6f257e8e556cf93791a19679f85cc4ee03c359387556b	ef6d5029685306bde5b717a16547b204f74004d15b92b8c24d04986fd7a21293	57477e95311bb1c8a340e7e1e39070e23dac47da2cc89d27e72faa15dc7438b9	d519f3901f728f96c8fd4a04e5198b1acce4ada77e1d70af4a6c2067b498f3cf	c9403098bbb0fdc363135fa32a61d97226c393733d1ae886501219bfb173c88c	123	5188945	INSUFFICIENT_FOR_RANGE_RESUME	.	.	1	0	2026-07-25T00:09:31.827767Z	c967c645c8dbef20560a573e90fab7aeda130da198a0e89d21fe8cb2ef4762ea
85	asm-v1-9a6a8d1e4c43782a00230ed8	GCF_000619025.1	EXACT_VERSION_RESOLVED	VALIDATED	source_objects/GCF_000619025.1	2161238	fafcee634daeed0ea6f504e6b3e444f305740058bb0f5eb0939b1b539889aa81	ncbi_dataset/data/GCF_000619025.1/GCF_000619025.1_Ec2009C-4446_genomic.fna	5514202	2cbbfd3db6bb0d87c900a11cdb1d9ba5f6c3213fc8f70b48161609a803531db5	ncbi_dataset/data/GCF_000619025.1/genomic.gff	edc0f5bae201e00bbd20a34aaa86dd927de83f4cec8640af5550b2793140eb66	ALIASES_VALIDATED_NO_TRANSFORMED_GFF	canonical_objects/GCF_000619025.1	canonical_objects/GCF_000619025.1/GCF_000619025.1.pansn.fa.gz	1555173	388ad99c374ad4f21ecf564804102a58249d6b6c2d5fb7c643bf7d3bec57dabf	d8d303b7a677265bd53459dd5f47bca4e1f81649345dde31fd3d8366ac8c858c	a0a26ef5579b237f218accda5837edca5091fc072be55aa2485bfeff4859b06b	0670b8e4ef7cd2f580c5bfd410272c899e36283a74c7938f17decf8c73ecc085	ca4b99ee5ebd8b3bee39cef401dac85b6d6cd6b3ed849d89dd91f5d6470fc2d9	160f01f27d1314d31e39d96f948fbbda297ae184c11f4c85a4fbc4f5a9d9d36d	113	5434788	INSUFFICIENT_FOR_RANGE_RESUME	.	.	1	0	2026-07-25T00:09:35.394857Z	e5b02e00f5cd1230d4cf86ffbedfaa7ea16bd355da49b3e0d9b2738e6fee8d20
86	asm-v1-8febe80f14fecbdbe5f94fbd	GCF_016404105.1	EXACT_VERSION_RESOLVED	VALIDATED	source_objects/GCF_016404105.1	2183297	9a9bc0229c12febdf9a963097fc9af5b7c9a430476e572a92bcef0ffd5721e10	ncbi_dataset/data/GCF_016404105.1/GCF_016404105.1_ASM1640410v1_genomic.fna	5527194	8516c9bd201bb65baa81c6c306a01aabe6f634a0bb40fbed97ff4abcbb7204e1	ncbi_dataset/data/GCF_016404105.1/genomic.gff	1737aee0da6a6a3df27d93f0c1a9b9eacb6ee51c9c022aef9cda4c859dc791cf	ALIASES_VALIDATED_NO_TRANSFORMED_GFF	canonical_objects/GCF_016404105.1	canonical_objects/GCF_016404105.1/GCF_016404105.1.pansn.fa.gz	1561660	50853b8c505db5938e18df9c668fa776cb0674a9df9a6cdad7aca74bebc0ad78	99f878f644dd8e561e73dc0c08d0ea6bfc8eea6fad8c1a113dc778ec8d5d7de2	b48ce6be5f7128d8eae53e638523a4c5e721877de3f7755bb9fb692105303a30	59cbeeb4ed8beea758892d0930186afd3de10dce7aa30a938eeaa4345dcb7c19	715dec0659054fbbad5af80b6599ce4158923fe86217038d9ba0aa39eb1cce26	c4ed9622ad1d202f19b909b58fc5655ad8b7a60c107655a26d7ee0ae84a97a25	250	5434884	INSUFFICIENT_FOR_RANGE_RESUME	.	.	1	0	2026-07-25T00:09:39.531950Z	e6660cc15cbda7c5994fc4257f1ec028dad47d3bba151e7947f27fc7729d43b7
87	asm-v1-3264637aa0d7b8419b615ab5	GCF_902859475.1	EXACT_VERSION_RESOLVED	VALIDATED	source_objects/GCF_902859475.1	2020001	7b46b826affd6029648f2bb163bbbf58c4d01e03b6166ee3eee64c4bfa6417a1	ncbi_dataset/data/GCF_902859475.1/GCF_902859475.1_PBIO1289_genomic.fna	5215734	abd90688861902a9cfd187cbdc84341c5b0633c25e6f0a3f67d61bf398b94524	ncbi_dataset/data/GCF_902859475.1/genomic.gff	bef67ef6262f331404ef3c5f9bc35319935162c61e51542ad3f368fa3c57ed0e	ALIASES_VALIDATED_NO_TRANSFORMED_GFF	canonical_objects/GCF_902859475.1	canonical_objects/GCF_902859475.1/GCF_902859475.1.pansn.fa.gz	1460631	1dc1fd869041cb47c5737efbce576e0184dae394a9ea39376f103523656321be	b2dc7df5a64e81e802fdfd67e7c7924b4c8d95f47d32d5036a5489c565d438e3	3863b678907ea66705bafa5b3a393e16fd2a86b9d473fc5ef55fe884359fa814	c40f60ac42c39b71a0d7201a5e302c4f8ef6877c0fcd54e3031a708bfb4355ba	355a8bc8345ac985407927dfd51496bfc84c2346cb653630c3897afdd08636ee	ffc0a06acfd9b73f245babbeb654b67b34d604015e6c100411b74aa33680740a	124	5140749	INSUFFICIENT_FOR_RANGE_RESUME	.	.	1	0	2026-07-25T00:09:42.402769Z	a7c4df0c00151821c3f734e603860230384cc31406a182b714cd17799d3e4585
88	asm-v1-1f4252164a42759fdfc774db	GCF_019282095.1	EXACT_VERSION_RESOLVED	VALIDATED	source_objects/GCF_019282095.1	2064449	52b758a8fb4559edab0ee68731e6c3f24f5bb7c03484009359587dcfe676778d	ncbi_dataset/data/GCF_019282095.1/GCF_019282095.1_ASM1928209v1_genomic.fna	5254441	e987e218b6fbcbda14fb4edbd308eefbc3cbc5be36c6d456f6745d1d33bc5889	ncbi_dataset/data/GCF_019282095.1/genomic.gff	a4440914bae7dc82788e3a54c9cf66fb0b7309aee0f8085e01508edcbc9dbc42	ALIASES_VALIDATED_NO_TRANSFORMED_GFF	canonical_objects/GCF_019282095.1	canonical_objects/GCF_019282095.1/GCF_019282095.1.pansn.fa.gz	1479575	bd5e737ae420da2dd2f68dcd65cc4848ab5a4f930552e533010d5d487a0cb851	c2ccbfc52551e39af892f75696f9033e8e6ba93a7775a1fd70c2be66c1a0f469	9463f71c1873a2b3cf8909457e5f9aee926d2cf2ab2c2ac95fcf15541d8922a9	cf5608c02883e736ee2c9a730a83f022afc932f5a348c3b3918b18db7af1b3c6	62c79cf0b23676cd47dc9c1b27f9b95f21f3b9d5d6252db98db41aecf8780676	2dabd52c761e9fdccf6d818cda6518f2d7115f75acb8db2c3af2faa906a9394b	140	5173431	INSUFFICIENT_FOR_RANGE_RESUME	.	.	1	0	2026-07-25T00:09:44.967368Z	4ec349370705920c8af41211b5cc6be46176b77ee82511fb660170ebb10bfb82
89	asm-v1-a0b27b0dc780b0d8f3e2142a	GCF_000326905.1	EXACT_VERSION_RESOLVED	VALIDATED	source_objects/GCF_000326905.1	1965829	87e4eb086a7514e09ec9f7ddc5508daee8327e8f2dbd6447ae50dddc9c355945	ncbi_dataset/data/GCF_000326905.1/GCF_000326905.1_Esch_coli_KTE167_V1_genomic.fna	5045378	788967af3a72fff5c3a57d2d907bd5ffe92571008d5151f7562f45557de3b330	ncbi_dataset/data/GCF_000326905.1/genomic.gff	7539a506c1ca429b65a21a753dbdf5fe5fa779ba89ccfbc4445bcfd82c29aa15	ALIASES_VALIDATED_NO_TRANSFORMED_GFF	canonical_objects/GCF_000326905.1	canonical_objects/GCF_000326905.1/GCF_000326905.1.pansn.fa.gz	1421110	86b981b2d8e9d442474f4028663e78da7ce23d0c0c92518e0ad23cfb56897754	2187f0eb33928a76efab2ee22a95a70c074eb4fedb3f19b091e08d244d663155	b5e40e48d1fe3c0d6ae326db3113c27026548c68ec783e90a3347892d525f411	ed1e0cb95c51738738f64f569f4c8aef709cbf30466ad11480676eaf94fdad9c	754f66fc0a44163fcf09784b6a190e35f97a91803161978cf65ec904ff4cfe29	36ddb4b2ec86ba601879a701bb09fb350bcd468cfa51145d3348adc6dc2dcea7	108	4973442	INSUFFICIENT_FOR_RANGE_RESUME	.	.	1	0	2026-07-25T00:09:47.359986Z	7445882edfde617e0a643755f88d3d7e734137b5f12f72bed412fee985893bc8
90	asm-v1-cd4e5c61e9671ce18f9f184d	GCF_003357545.1	EXACT_VERSION_RESOLVED	VALIDATED	source_objects/GCF_003357545.1	2001721	330f2b9cf2a8cdbe21a27c10428a90ed809f7f042f4a7a81cf27ef4e2f242ab3	ncbi_dataset/data/GCF_003357545.1/GCF_003357545.1_ASM335754v1_genomic.fna	5088764	a1982a43e8d4a8b4bb2815f53d875bc02202212a270761a0fb4d67626a42d064	ncbi_dataset/data/GCF_003357545.1/genomic.gff	54b0855aeb3dd855545691b4681be3614a6a7a024622af09509119ea680ee373	ALIASES_VALIDATED_NO_TRANSFORMED_GFF	canonical_objects/GCF_003357545.1	canonical_objects/GCF_003357545.1/GCF_003357545.1.pansn.fa.gz	1432095	e35ce894718d95503902e82b2739ab63e242034233d06e90fd807255151de375	09d1654acbe086f9aee8390eca54b5fc3a1397f5ce09cb2c324b121b1f8fbe15	55377ff82e21a109baf4f6a5be307c70bbf80e351b72e191364715b8ffc0715f	9fcaa8acf8d0c372a1bbbf576b31dfe25c002ee5534790b922e84138a30090ed	d052810c5428dc8c9d2e7d8c3a812dea2fd6f7ebadf2790b7afe45142183a1e6	7f76bb91e1b34809fc1951ee9be9870c93e63e9f96ea74fe9e88aa91cc5752ab	151	5008130	INSUFFICIENT_FOR_RANGE_RESUME	.	.	1	0	2026-07-25T00:09:49.782097Z	d4e8eeacd68068c4e6c755295bd62871703573cf0d392068c6a63efc715c8f3e
91	asm-v1-40fdb64d006bb69fa2b33709	GCF_001753505.1	EXACT_VERSION_RESOLVED	VALIDATED	source_objects/GCF_001753505.1	2153450	d7459cd9ffefcc951c324771fdc358bb5bb9b9108852dc98611545459a6304f2	ncbi_dataset/data/GCF_001753505.1/GCF_001753505.1_ASM175350v1_genomic.fna	5578260	2546453846a8abe1f2f1efc0f412698abb4a63ef0e06726df8e1acd065c1e37e	ncbi_dataset/data/GCF_001753505.1/genomic.gff	760e2caa7b4d0e55aba4cdb6fcaa0e317308e29baa83ff331d67093e58e4c7ad	ALIASES_VALIDATED_NO_TRANSFORMED_GFF	canonical_objects/GCF_001753505.1	canonical_objects/GCF_001753505.1/GCF_001753505.1.pansn.fa.gz	1558511	7c9214e641d2f40a91d6d1031ffd773fb48439c8ce29cbafc350e4a585244a31	96bda5dca8336f5e1e345a41f13dc88af0dbe4b16cdc6c110d1cb83ec5350aa5	67c315cb3f7ee0860eda399affa73b42c8317b2c2b1a0b10bf22cd38708ea72a	9ac26f1337ea82c1a93383d1b5e96de098a2932eb1f90bb56078a068efc54742	3670d10a0cab28f981a436972c2ca2ca72b2186736c14901720824d60e40e263	b448b329d451a9fb903de2eb90e0871d304c70331093c07f406ffd8e871d798b	2	5509229	INSUFFICIENT_FOR_RANGE_RESUME	.	.	1	0	2026-07-25T00:09:51.873563Z	4ca724eadd10d684392c9db75fb96e8f5dc1bdd78528be0faa82010d28cff3f1
92	asm-v1-70c46b43f8d5689ac4ca9d32	GCF_003292995.1	EXACT_VERSION_RESOLVED	VALIDATED	source_objects/GCF_003292995.1	1984074	b1ac881f88d800d4454972af9220ad8d31d28ab94ea3523c91da9355eb0c278e	ncbi_dataset/data/GCF_003292995.1/GCF_003292995.1_ASM329299v1_genomic.fna	5062293	ff1e75773ff1230cd67c36263a23caad6491f63e8f811085a92220e56e540d43	ncbi_dataset/data/GCF_003292995.1/genomic.gff	df4de44a770872d6fa3893a6c2ec9598b3984fa90990b22a7b937e9259d1118f	ALIASES_VALIDATED_NO_TRANSFORMED_GFF	canonical_objects/GCF_003292995.1	canonical_objects/GCF_003292995.1/GCF_003292995.1.pansn.fa.gz	1419769	26435c04823c7b136a23b4e61b4698b8d99fea59cf5081768a1dc28724d467b6	d29e40b5a4ef82055b5134e9896d1b23b5d3026e5d925c15cec6279704faa728	27ca14bd542c747fb3316ffaac02029166cb8bb7a421333d66f80e69eacb4959	fabac6db7948dec0e8463c7ab0e8b8cee676bd6d862b867c55636e6f4f2d2ee2	91c43c9b57d6275dcf2fba35bccf2d4ac80206cdb401aa55816763eba4b6dbb3	798bfcd8cef73e103db1104d0b595b2ba7825fd7c17967d52f40548552e05267	161	4981995	INSUFFICIENT_FOR_RANGE_RESUME	.	.	1	0	2026-07-25T00:09:54.370330Z	05dd736f297e9f70386bca02bca886da4bac2b8f904b4d50352f3c1ffeadd48e
93	asm-v1-7b2d5205d47da07d2bdc3aca	GCF_001713625.1	EXACT_VERSION_RESOLVED	VALIDATED	source_objects/GCF_001713625.1	2151603	e897aaa2e92a9001cacea3605009910ba84ca4260b35054442a322465ec2548c	ncbi_dataset/data/GCF_001713625.1/GCF_001713625.1_ASM171362v1_genomic.fna	5507267	3c71e9f542659f58332ae1f8ca0ccc5e454215d52b089be4f3c84acc7dea6ad7	ncbi_dataset/data/GCF_001713625.1/genomic.gff	bcbdde3e617c5fff043f66528ee846b27809a4d84ee1833c7c7cd86ff59754d4	ALIASES_VALIDATED_NO_TRANSFORMED_GFF	canonical_objects/GCF_001713625.1	canonical_objects/GCF_001713625.1/GCF_001713625.1.pansn.fa.gz	1550549	49b5f3cd446c6312dbcaab0135263c913aa5833ace18aa487c113be44a4cc7f6	5c63c9198121901bd8102468629cc5d5057cd8b0d22ea4432666ed0505aef56c	064d838feb5555b7cbffaa5ac484f807714f44a12b16485a36a909362dedbd35	6ec5ef1deae8a25b6ebb926cab3bd1875394274254abaf126923588a8cedafae	743244b199196eebe9ca1eadb7025f830591be1abcfc25eea58a7ad8e2318bc6	feb3b04bfa1eb25396d1f532dbed793ebc7115ce7c4927e1b97df7f91cdd0c8c	166	5424442	INSUFFICIENT_FOR_RANGE_RESUME	.	.	1	0	2026-07-25T00:09:57.083065Z	4a34fe8dd271aa030832684cbf7811dd0fb8f4cf74826e117cf70f20fd471faf
94	asm-v1-7c7447d252747c1af5aa3549	GCF_010592655.1	EXACT_VERSION_RESOLVED	VALIDATED	source_objects/GCF_010592655.1	2050936	56c513cae672e9193ab80f785235c7e8c48290faf33e5dc5592cf4c03280c214	ncbi_dataset/data/GCF_010592655.1/GCF_010592655.1_ASM1059265v1_genomic.fna	5115993	a731c124235911823e095e60f869df2d67a3b5650feac20bcd276b01aeaff70b	ncbi_dataset/data/GCF_010592655.1/genomic.gff	61b6fb0db6e9a1577a18c18ecfcb835ae55d9a4f52457ee2ceea982f81072bcf	ALIASES_VALIDATED_NO_TRANSFORMED_GFF	canonical_objects/GCF_010592655.1	canonical_objects/GCF_010592655.1/GCF_010592655.1.pansn.fa.gz	1436828	fce9259e96c01f34bbb92d2752d0ae8e398467d9c73cd9138bd2f61e457bf728	03e0ef7a8e6e446da58ac806342b4249270a5506befecc21d07d670cae1a2c50	d4c56603f530143041326598a51e385443c3b71da434bb24ddf01b3a0eff7c6f	2bb8d520de4bf8aae4e797b3f206fc1afad2c9aace39614f73bf9e4ebb06902e	d6dbc17a89525f697f5ba8d7a51dd7d15a87f0a5309d6bae40c03ff489867335	adebdb6bd1deeaabd035b269ca282b0fe81e97b1828d374a6cc104c7733e3666	990	4958607	INSUFFICIENT_FOR_RANGE_RESUME	.	.	1	0	2026-07-25T00:10:05.212984Z	c9492b7d8bd81a05a926eac9344afec1c187ded133a1eb98770cc9a57bab274f
95	asm-v1-e44fa2d14858e37a359ef330	GCF_003322245.1	EXACT_VERSION_RESOLVED	VALIDATED	source_objects/GCF_003322245.1	1998306	c09e83a794bffa7f82e9e3afe0cb138ba9e302c02ed90897408119a037779907	ncbi_dataset/data/GCF_003322245.1/GCF_003322245.1_ASM332224v1_genomic.fna	5110921	a2917d80d4adca856de5125978e86adc511138007e4d62db8933499505e312f6	ncbi_dataset/data/GCF_003322245.1/genomic.gff	7cc0da246a507e575bd2347c76cc9ae6645060a361d3ecf1e94738bbb0a86deb	ALIASES_VALIDATED_NO_TRANSFORMED_GFF	canonical_objects/GCF_003322245.1	canonical_objects/GCF_003322245.1/GCF_003322245.1.pansn.fa.gz	1435821	4f8797e642aef168013a2ae9b92de57a67fc56cd2eb827e44848db018e31dc4b	86d062c2ccd805934dcf1007138c02b2e3ba746b47ad39fc75d8fceee9be1eda	a0a553f03357548f4e0f2d33fc70901cbc197ee272a7717a64bc14963a74f9ed	16a1115943fe8b605de40829989f5c9377e3c289af913f0d8f454642dc35b82a	168ab5591dee7f248fb03c146557ca44c48cb1d3ffe016011c3e290836520a2e	4a4448208634cc721620223aa80bd40b29e1163f2985c419cb49ed2f13095a3e	128	5030571	INSUFFICIENT_FOR_RANGE_RESUME	.	.	1	0	2026-07-25T00:10:07.635185Z	45fda65093164eb3cfc3e6d2c097d434a334c259ffe27129be665b2c82ecedcc
96	asm-v1-5e08d24b5750d124934c0884	GCF_900490675.1	EXACT_VERSION_RESOLVED	VALIDATED	source_objects/GCF_900490675.1	1812376	4cb9076f5a0199241ec775b83274cd2c56134bc3053d690e350e452ae2f8302c	ncbi_dataset/data/GCF_900490675.1/GCF_900490675.1_De_novo_assembly_of_KCRI_isolate_RDK01_163A_genomic.fna	4706541	1b4257139a019b473e9e6408eefee4398b74abf28647bd3afab2cfe83f6695c1	ncbi_dataset/data/GCF_900490675.1/genomic.gff	1ee18987b7dd5f0f6ef98739d33d35e074ead4baaf047cab9cb40376b3c05337	ALIASES_VALIDATED_NO_TRANSFORMED_GFF	canonical_objects/GCF_900490675.1	canonical_objects/GCF_900490675.1/GCF_900490675.1.pansn.fa.gz	1315886	15502d541a2a9ff5cc6ee681c14f679819f69d68f597089691f778ad2ecf6661	40cee93fcf62030eeb5fa8f7c03ca24b018d5ffbe0a2638d7c4b231de00dc4e7	dc0dcbed798bc6f62afd1364a4e8f415c743cc496f385f275c17325dd76b4177	18db589c8bed069b27caf733379028212de08dfc8ec30f91235570890cc94378	9468e0e429911c00d7b239abc1378820737680c83e7ad094e93a7b8bbc9805c3	0e79944f9c61880691692b2fd51b339b066e858491438c677cccb440ae9fa690	42	4644141	INSUFFICIENT_FOR_RANGE_RESUME	.	.	1	0	2026-07-25T00:10:09.680335Z	aada61d404f25efa1a671e8fd90710d643bf8f14d6e67b97d432014a39cc6c68
97	asm-v1-c3800f63c8daf18e6af0aaa1	GCF_017896545.1	EXACT_VERSION_RESOLVED	VALIDATED	source_objects/GCF_017896545.1	2119968	30a755b42df70a76b899bcbb32f6e15a93337b1627ad63829d5e048657187ae6	ncbi_dataset/data/GCF_017896545.1/GCF_017896545.1_ASM1789654v1_genomic.fna	5417037	875ed3332dd80c723553b37b665d5fe876bf2b15e4b290fb8379270382f113d8	ncbi_dataset/data/GCF_017896545.1/genomic.gff	a980256777f8b5c613245078ae5d223d680019b44d047995fc9151648c54178e	ALIASES_VALIDATED_NO_TRANSFORMED_GFF	canonical_objects/GCF_017896545.1	canonical_objects/GCF_017896545.1/GCF_017896545.1.pansn.fa.gz	1525265	58acbbef6b4bcf3b4a05f6124e6d19aa1a4786f0819f6e2ee588486556f27806	e2b45238730d12e69030569ab95fcca2e7925a8547a108c77d27849b7e8550e0	37b4dfc6ffb48a14cd5cb777c8c0a5d724e938e1724f28be000365b2096ec5a2	ff7cb24391f5141938ce9fe4790626d0987ddfaa08811bc68ac4a6f4d0c1ff45	e733e210b15f5c6b365127d3b19625588ceb149b9826b2022a5836bbcf642660	db30bdd0ec73341c65acac9e0a406fa37d4a39b484e8bbaeb7d0b729e3dedc09	167	5334077	INSUFFICIENT_FOR_RANGE_RESUME	.	.	1	0	2026-07-25T00:10:12.604660Z	55c3028ed9edf40b477e52815fbb7eb3e5e91c9f632dbd4e5b4b2c1b13a2bec5
98	asm-v1-75786090079b909933a0de52	GCF_900499395.1	EXACT_VERSION_RESOLVED	VALIDATED	source_objects/GCF_900499395.1	2056505	45c537398d48d39913827c76606e7a1484c4b418ec91a705d13c6c0eeb5f7f30	ncbi_dataset/data/GCF_900499395.1/GCF_900499395.1_941A_genomic.fna	5273289	478e0a8e3da4a267c22383a900eb81ce15824dac14c00c0fbab2decc38fac4bb	ncbi_dataset/data/GCF_900499395.1/genomic.gff	6b76fade91fec2cf3bf09f8765354c3976de3d4efe0c4b9b6a600449a0ca19ed	ALIASES_VALIDATED_NO_TRANSFORMED_GFF	canonical_objects/GCF_900499395.1	canonical_objects/GCF_900499395.1/GCF_900499395.1.pansn.fa.gz	1478514	35c4cf41aae96487ed76aea737898112fc2eed5a0f643230869790c54c246dde	0b0e1422c789c4312d30746bccaedf4dc24481ba1af903b455eed09255911d01	74b30734a87bb36956a154968603874e751de1cbd6740809ba6952f88b2ec229	075e2b24f523d698e83a2b8daf6c6aca884d468d378bebfa1b944dced7196fba	71b6c517501a6d9ba98d3c74811eae9f921f76735a96d023c7e8eddc0ea933f7	c8213f9dfcf0651a55e77f0831aacf405c6b91a9bbaa2f53f9202ca9c586c0fb	266	5187042	INSUFFICIENT_FOR_RANGE_RESUME	.	.	1	0	2026-07-25T00:10:16.676356Z	a032da5ff781a2c204c58a77f5cec9cb27ba1bd8b8cf5a78a4fef775259c927d
99	asm-v1-2064c286be6c3369f0dcc118	GCF_019957265.1	EXACT_VERSION_RESOLVED	VALIDATED	source_objects/GCF_019957265.1	1934503	ae8664ae8d9acc5da52e394f1a32b0fc75629042464bc15dec1c3ffaa481962f	ncbi_dataset/data/GCF_019957265.1/GCF_019957265.1_ASM1995726v1_genomic.fna	4854782	83377ebe22adf78ce16b2272fdc32e5aa93fc083a61f32d640cb92fe7fe65052	ncbi_dataset/data/GCF_019957265.1/genomic.gff	7d8f8e5be245af4c26547ffa4bebbda94f8579e2d2b1694bdae148ac90c3c576	ALIASES_VALIDATED_NO_TRANSFORMED_GFF	canonical_objects/GCF_019957265.1	canonical_objects/GCF_019957265.1/GCF_019957265.1.pansn.fa.gz	1368342	0a1eb3c7129179c7dc27389a2c6e59b920643ecadae1a5957702d54a6363cc97	473676097cd3aad65456f0bbb036fecf7d3bc9cd7bda1bc8bcdccdb68fdebeab	9a2df98cfc2bd907aaee700747d9aab77c8a66aa3cb5c750448ef31d772b28a8	5c4087cf13136cb0ddfd2458e87efae34a7d78f40913710fe0921b961881376c	55c78aeafdbc4a4b32152392b879259967105cf6f6bf361040ac1581ad4b75fc	0188f379b25031e5720a5ff8bff5bb0c2fff43dc03f937b2fffacb01920b9363	210	4769917	INSUFFICIENT_FOR_RANGE_RESUME	.	.	1	0	2026-07-25T00:10:19.478522Z	b956b0dd3a8d1b5d9ff0c9a57159f46031fd166852fe20d5440d335c199c4ba8
100	asm-v1-1ee856b1dec60d00372c00c8	GCF_003730815.1	EXACT_VERSION_RESOLVED	VALIDATED	source_objects/GCF_003730815.1	2134159	dacecf66ce7cd03095c0e4ab8482ac6f8e78cddedc16bc7ebb4a63964281a640	ncbi_dataset/data/GCF_003730815.1/GCF_003730815.1_ASM373081v1_genomic.fna	5457919	7f3d6f5945784150c4bdeaf3cd426fb6590df19a408e4aeead0f9bb812ca74c2	ncbi_dataset/data/GCF_003730815.1/genomic.gff	633d59b975d4481372fd48d0cfad82b3852dd6006e11a5e9872f2200d9d9f14c	ALIASES_VALIDATED_NO_TRANSFORMED_GFF	canonical_objects/GCF_003730815.1	canonical_objects/GCF_003730815.1/GCF_003730815.1.pansn.fa.gz	1532231	f60973ebb00b2aeb9649ce8350640690c69a22b5d9a7166b2f2dfab1c668589e	25a2f1ecbd2548dc787bf54c22ea4a76765f1abe262bcb7bdc6e114a6a90dc3f	2e240b55d438df212c5569d983c827c45839b7bf638e43c02a812180dfabe9c5	90ec525e7f327a38bd0cf1cc500fa3b021d6407b064e8c5b3d9277c30296f159	313df0c3dee66adc1384125a8cead146a4bba96444c51efd8d9468a50c522d0d	ad9fc0e7fb6a612e600a29ebc8d99cf8d00d435f19b0c53b43733a3944c994b4	104	5380425	INSUFFICIENT_FOR_RANGE_RESUME	.	.	1	0	2026-07-25T00:10:21.754972Z	3baf9d7f27a4d76516ea3e6f8055eda0de6de3720f80eaf06c2600426842c031
