position	base	frequency
0	T	0.7925
1	C	0.5660
2	A	0.8868
3	T	0.3019
4	T	0.4151
5	G	0.3208
6	A	0.3774
7	G	0.3585
8	T	0.3962
9	A	0.3962
10	T	0.4151
11	G	0.3585
12	T	0.3962
13	T	0.4528
14	T	0.3396
15	C	0.3396
16	T	0.3019
17	T	0.4151
18	T	0.3396
19	T	0.4151
20	C	0.3396
21	A	0.3774
22	A	0.3774
23	A	0.2830
24	A	0.3774
25	T	0.4340
26	C	0.3396
27	G	0.3208
28	A	0.3396
29	C	0.3585
30	C	0.3396
31	A	0.4717
32	T	0.3962
33	G	0.3396
34	C	0.2830
35	A	0.3396
36	G	0.3962
37	T	0.3396
38	T	0.4151
39	T	0.3774
40	T	0.4151
41	C	0.4906
42	C	0.3962
43	A	0.3962
44	T	0.3208
45	T	0.4528
46	C	0.3208
47	C	0.3585
48	T	0.3585
49	T	0.3208
50	T	0.4906
51	C	0.4340
52	A	0.4340
53	G	0.3208
54	C	0.3585
55	A	0.3019
56	C	0.3962
57	A	0.4340
58	T	0.3962
59	C	0.3019
60	G	0.3208
61	A	0.4906
62	T	0.3585
63	A	0.4528
64	G	0.3208
65	A	0.3208
66	A	0.3019
67	A	0.3585
68	G	0.3208
69	A	0.4340
70	A	0.4151
71	T	0.3962
72	G	0.3585
73	G	0.3585
74	C	0.3396
75	C	0.3208
76	T	0.3962
77	C	0.3396
78	A	0.2642
79	T	0.3585
80	C	0.3208
81	G	0.2830
82	A	0.3774
83	G	0.3774
84	A	0.3208
85	T	0.3774
86	C	0.4528
87	A	0.2830
88	C	0.3019
89	T	0.3585
90	G	0.2830
91	T	0.3774
92	C	0.5283
93	A	0.3019
94	G	0.2830
95	C	0.2642
96	A	0.3019
97	T	0.4151
98	A	0.3396
99	G	0.3396
100	T	0.4151
101	G	0.4151
102	G	0.3396
103	T	0.4717
104	G	0.4340
105	A	0.2642
106	A	0.3208
107	C	0.3019
108	A	0.3962
109	T	0.4151
110	C	0.3208
111	A	0.4717
112	A	0.3396
113	C	0.3208
114	C	0.4151
115	T	0.3585
116	T	0.3962
117	C	0.3019
118	T	0.3962
119	C	0.4717
120	G	0.3208
121	A	0.3208
122	C	0.3962
123	C	0.3019
124	T	0.3019
125	T	0.3585
126	C	0.3962
127	G	0.2830
128	G	0.3585
129	G	0.3585
130	A	0.3774
131	A	0.3585
132	T	0.4717
133	T	0.4906
134	C	0.4717
135	A	0.3396
136	T	0.3396
137	T	0.4151
138	G	0.3208
139	T	0.4340
140	C	0.4717
141	C	0.3208
142	A	0.4151
143	T	0.3962
144	T	0.3396
145	A	0.3585
146	C	0.2830
147	T	0.3208
148	A	0.3396
149	G	0.3396
150	G	0.3019
151	A	0.3962
152	T	0.3396
153	T	0.3585
154	G	0.3396
155	T	0.4151
156	C	0.3774
157	C	0.3585
158	C	0.3962
159	T	0.3774
160	A	0.4151
161	T	0.4151
162	T	0.3962
163	T	0.4340
164	C	0.3585
165	G	0.3585
166	G	0.2830
167	C	0.4717
168	C	0.3019
169	T	0.3396
170	C	0.3962
171	A	0.3396
172	G	0.3585
173	T	0.3208
174	C	0.3396
175	A	0.4151
176	T	0.3585
177	C	0.3208
178	G	0.3774
179	T	0.4340
180	A	0.2830
181	A	0.3585
182	T	0.4340
183	T	0.3019
184	T	0.4340
185	C	0.4340
186	C	0.3396
187	A	0.3585
188	C	0.3962
189	G	0.2830
190	T	0.3962
191	T	0.4906
192	T	0.3774
193	T	0.4528
194	G	0.3396
195	C	0.3774
196	A	0.4151
197	T	0.2830
198	A	0.3585
199	A	0.3208
200	C	0.4151
201	T	0.2830
202	T	0.4717
203	T	0.3396
204	G	0.3585
205	T	0.3774
206	C	0.5283
207	A	0.3962
208	T	0.3774
209	T	0.4151
210	C	0.3396
211	T	0.3396
212	G	0.4340
213	C	0.3962
214	T	0.3396
215	C	0.4151
216	C	0.2830
217	T	0.3962
218	T	0.4340
219	T	0.4340
220	T	0.3585
221	C	0.4906
222	A	0.3585
223	T	0.4528
224	T	0.4151
225	A	0.4151
226	A	0.3962
227	C	0.4340
228	A	0.3774
229	T	0.4906
230	T	0.3396
231	C	0.3396
232	A	0.3585
233	A	0.4151
234	C	0.3396
235	A	0.4151
236	T	0.2830
237	G	0.4528
238	T	0.3019
239	T	0.4151
240	C	0.3208
241	A	0.3962
242	T	0.4340
243	T	0.3208
244	A	0.4717
245	T	0.3774
246	C	0.3585
247	A	0.4151
248	C	0.3962
249	A	0.4340
250	T	0.3019
251	A	0.2830
252	G	0.3019
253	C	0.3396
254	T	0.3396
255	A	0.2830
256	T	0.3774
257	A	0.3019
258	A	0.4151
259	G	0.3585
260	C	0.5472
261	G	0.3019
262	A	0.3019
263	A	0.3396
264	C	0.4340
265	A	0.3774
266	C	0.3396
267	C	0.3019
268	A	0.3585
269	C	0.3396
270	T	0.3019
271	G	0.3019
272	C	0.3585
273	T	0.3019
274	A	0.3396
275	C	0.3019
276	C	0.3962
277	T	0.3396
278	C	0.5283
279	A	0.3396
280	G	0.3208
281	T	0.4340
282	T	0.3208
283	A	0.3585
284	C	0.3962
285	T	0.3019
286	A	0.3208
287	T	0.3208
288	C	0.3962
289	A	0.3208
290	T	0.3396
291	G	0.3208
292	T	0.3585
293	T	0.3962
294	T	0.3585
295	T	0.3208
296	T	0.2642
297	T	0.3019
298	G	0.3396
299	C	0.2830
300	A	0.3774
301	C	0.3396
302	C	0.3019
303	T	0.3774
304	T	0.2830
305	A	0.3585
306	C	0.3208
307	G	0.3585
308	T	0.3396
309	C	0.3019
310	T	0.3962
311	T	0.3774
312	T	0.4340
313	T	0.3585
314	G	0.3208
315	A	0.3962
316	A	0.3208
317	A	0.3208
318	A	0.4340
319	C	0.3396
320	C	0.3396
321	G	0.3208
322	A	0.3208
323	A	0.3396
324	A	0.3962
325	A	0.3019
326	C	0.3019
327	G	0.3585
328	C	0.4906
329	T	0.3585
330	C	0.2830
331	A	0.2642
332	T	0.3208
333	G	0.3585
334	T	0.3962
335	C	0.4151
336	A	0.3396
337	T	0.3962
338	C	0.3585
339	T	0.3396
340	G	0.3019
341	T	0.3774
342	T	0.3396
343	T	0.3208
344	T	0.2830
345	A	0.2642
346	G	0.2830
347	C	0.3019
348	C	0.4151
349	T	0.4340
350	G	0.3396
351	T	0.3396
352	C	0.3208
353	T	0.3585
354	C	0.3208
355	G	0.2830
356	T	0.3396
357	A	0.3396
358	T	0.3208
359	C	0.3774
360	T	0.3585
361	C	0.3396
362	G	0.3396
363	A	0.3019
364	G	0.3774
365	G	0.3585
366	A	0.4528
367	T	0.3019
368	T	0.3774
369	C	0.4151
370	A	0.3396
371	A	0.3396
372	A	0.3585
373	G	0.3208
374	T	0.3396
375	C	0.3019
376	A	0.3208
377	A	0.3585
378	A	0.2642
379	A	0.3774
380	T	0.3962
381	A	0.2830
382	G	0.2830
383	T	0.2830
384	T	0.3585
385	T	0.3962
386	T	0.3019
387	T	0.3585
388	T	0.3019
389	C	0.3962
390	T	0.3208
391	T	0.4528
392	T	0.2830
393	T	0.3585
394	T	0.3396
395	A	0.2830
396	G	0.2830
397	A	0.4151
398	C	0.3208
399	C	0.3208
400	T	0.3396
401	C	0.3585
402	C	0.3962
403	C	0.3019
404	T	0.3019
405	T	0.3962
406	T	0.4151
407	G	0.2642
408	A	0.4528
409	T	0.3585
410	C	0.2830
411	G	0.3396
412	C	0.3396
413	T	0.4717
414	C	0.3208
415	C	0.2830
416	A	0.3019
417	A	0.3962
418	T	0.4717
419	T	0.3774
420	C	0.3019
421	T	0.2830
422	T	0.3774
423	G	0.3585
424	T	0.3396
425	C	0.3019
426	A	0.3396
427	T	0.3019
428	C	0.2642
429	A	0.3208
430	C	0.3208
431	T	0.3585
432	T	0.4717
433	T	0.4151
434	T	0.3208
435	C	0.3585
436	C	0.3019
437	C	0.3208
438	T	0.3774
439	G	0.3208
440	C	0.3019
441	C	0.3585
442	A	0.3396
443	C	0.3585
444	C	0.3019
445	G	0.3019
446	C	0.3396
447	T	0.4340
448	G	0.4151
449	A	0.3019
450	T	0.4151
451	A	0.3396
452	G	0.3396
453	T	0.3585
454	A	0.3396
455	C	0.3208
456	A	0.3208
457	T	0.4906
458	C	0.4151
459	A	0.2642
460	C	0.3208
461	T	0.2830
462	G	0.3019
463	A	0.3208
464	A	0.3774
465	T	0.3019
466	C	0.3019
467	T	0.3019
468	T	0.3208
469	C	0.4151
470	G	0.3208
471	C	0.2642
472	A	0.3585
473	T	0.3396
474	A	0.3208
475	G	0.3019
476	T	0.3208
477	T	0.4151
478	C	0.3774
479	C	0.4717
480	A	0.3962
481	T	0.3208
482	T	0.3396
483	C	0.3019
484	G	0.3019
485	G	0.2642
486	T	0.3962
487	G	0.3019
488	T	0.3962
489	A	0.3962
490	A	0.5094
491	T	0.3774
492	A	0.3019
493	T	0.4151
494	G	0.3585
495	A	0.3208
496	T	0.2830
497	G	0.3774
498	T	0.3962
499	T	0.3585
500	T	0.4151
501	A	0.3585
502	A	0.4340
503	C	0.3585
504	T	0.4151
505	T	0.2830
506	T	0.4340
507	G	0.2830
508	C	0.3208
509	A	0.3208
510	T	0.3208
511	T	0.4340
512	G	0.3208
513	C	0.3396
514	A	0.2830
515	T	0.3774
516	A	0.3585
517	C	0.3208
518	T	0.2830
519	T	0.2642
520	C	0.3396
521	T	0.3962
522	A	0.3585
523	A	0.3585
524	T	0.3396
525	C	0.3774
526	G	0.2830
527	T	0.3396
528	C	0.3396
529	C	0.3396
530	T	0.3585
531	C	0.4151
532	A	0.3396
533	C	0.3019
534	T	0.3774
535	T	0.3585
536	C	0.3396
537	A	0.3396
538	T	0.3585
539	C	0.3208
540	C	0.3208
541	C	0.3774
542	T	0.3208
543	T	0.3208
544	A	0.4340
545	C	0.3208
546	T	0.3208
547	A	0.4717
548	C	0.3774
549	A	0.4340
550	A	0.4151
551	T	0.3396
552	A	0.2830
553	C	0.2830
554	A	0.4151
555	T	0.3585
556	A	0.3208
557	G	0.3585
558	C	0.3208
559	G	0.2830
560	C	0.3208
561	T	0.3585
562	C	0.3396
563	A	0.3019
564	G	0.3019
565	T	0.4151
566	T	0.3774
567	T	0.3396
568	T	0.4717
569	G	0.4151
570	T	0.3208
571	G	0.3585
572	A	0.3208
573	T	0.4151
574	T	0.3396
575	A	0.4340
576	A	0.3396
577	C	0.3774
578	C	0.3962
579	A	0.3396
580	A	0.3774
581	T	0.3019
582	A	0.3396
583	G	0.3396
584	G	0.3396
585	G	0.2830
586	G	0.3396
587	G	0.3585
588	A	0.3208
589	A	0.2642
590	C	0.3208
591	T	0.3774
592	C	0.3962
593	C	0.3208
594	C	0.3585
595	A	0.3396
596	T	0.3396
597	C	0.4151
598	T	0.4151
599	C	0.3396
600	G	0.3962
601	T	0.3396
602	C	0.3396
603	G	0.4906
604	T	0.3585
605	A	0.3396
606	C	0.2830
607	A	0.3019
608	A	0.4151
609	A	0.3208
610	T	0.3396
611	C	0.3396
612	T	0.4340
613	T	0.4151
614	C	0.2830
615	A	0.3396
616	T	0.3019
617	A	0.3585
618	C	0.3585
619	C	0.4151
620	T	0.3396
621	G	0.3585
622	G	0.2830
623	T	0.3019
624	A	0.3774
625	T	0.3962
626	T	0.3962
627	C	0.3019
628	T	0.3962
629	T	0.3019
630	T	0.3019
631	C	0.3019
632	T	0.3019
633	T	0.4340
634	C	0.2830
635	C	0.3396
636	A	0.3962
637	T	0.3585
638	T	0.3208
639	T	0.3208
640	G	0.5094
641	A	0.3585
642	T	0.3774
643	A	0.3208
644	A	0.3208
645	T	0.4717
646	C	0.4906
647	C	0.3585
648	C	0.3774
649	C	0.3208
650	T	0.3208
651	A	0.3774
652	T	0.2830
653	C	0.3019
654	A	0.3774
655	C	0.3774
656	C	0.4340
657	A	0.2830
658	T	0.3208
659	C	0.3396
660	A	0.3396
661	G	0.3019
662	A	0.3019
663	A	0.3774
664	C	0.3019
665	A	0.3585
666	C	0.3962
667	C	0.3019
668	T	0.3208
669	C	0.3019
670	A	0.3585
671	G	0.3208
672	T	0.3208
673	C	0.3962
674	C	0.3208
675	C	0.2830
676	G	0.3962
677	A	0.3774
678	A	0.3019
679	T	0.3019
680	C	0.4906
681	A	0.2830
682	G	0.3208
683	T	0.3585
684	C	0.3774
685	T	0.3774
686	T	0.3585
687	G	0.2830
688	A	0.3585
689	T	0.3208
690	A	0.3208
691	T	0.3019
692	T	0.3585
693	C	0.3019
694	A	0.3019
695	C	0.3962
696	C	0.3962
697	A	0.3396
698	C	0.3396
699	C	0.3208
700	G	0.3019
701	C	0.3208
702	T	0.3396
703	C	0.3019
704	T	0.3962
705	C	0.2830
706	A	0.3774
707	T	0.3396
708	G	0.3208
709	G	0.3019
710	C	0.2830
711	A	0.3396
712	T	0.3774
713	C	0.3396
714	A	0.4906
715	T	0.3774
716	T	0.3396
717	T	0.3774
718	C	0.3962
719	C	0.3585
720	G	0.3774
721	C	0.3019
722	T	0.3585
723	C	0.3396
724	C	0.3019
725	T	0.3208
726	T	0.3774
727	T	0.3585
728	A	0.3019
729	A	0.3585
730	A	0.3962
731	A	0.3585
732	T	0.3019
733	T	0.3585
734	C	0.3962
735	A	0.3208
736	T	0.3585
737	A	0.3396
738	C	0.3019
739	A	0.2830
740	T	0.3774
741	C	0.3396
742	A	0.3396
743	T	0.3208
744	A	0.3019
745	T	0.4340
746	C	0.3208
747	C	0.3208
748	C	0.3396
749	T	0.4717
750	C	0.2642
751	G	0.3396
752	T	0.3585
753	T	0.3019
754	G	0.3396
755	C	0.3585
756	C	0.3019
757	T	0.4151
758	C	0.3585
759	G	0.3208
760	T	0.3019
761	T	0.3774
762	T	0.3396
763	T	0.3208
764	G	0.2830
765	A	0.3962
766	C	0.3019
767	G	0.3019
768	G	0.3019
769	C	0.3585
770	T	0.4151
771	A	0.3585
772	T	0.3962
773	T	0.3962
774	C	0.3585
775	C	0.3962
776	T	0.3019
777	A	0.3396
778	C	0.3208
779	C	0.3396
780	A	0.3208
781	C	0.3208
782	G	0.3962
783	A	0.3208
784	T	0.3962
785	A	0.3019
786	A	0.3019
787	T	0.3774
788	T	0.4717
789	T	0.2830
790	G	0.3019
791	C	0.3585
792	C	0.3019
793	G	0.2830
794	T	0.3208
795	C	0.3962
796	A	0.3585
797	G	0.2830
798	T	0.3585
799	C	0.3019
800	A	0.3396
801	T	0.3019
802	G	0.3019
803	C	0.3208
804	A	0.3396
805	A	0.2830
806	T	0.2830
807	A	0.3962
808	G	0.3585
809	C	0.3208
810	A	0.5283
811	T	0.3396
812	A	0.3208
813	A	0.2642
814	C	0.3396
815	G	0.3019
816	C	0.3396
817	T	0.3208
818	T	0.3962
819	T	0.3208
820	G	0.3208
821	T	0.3962
822	C	0.3396
823	T	0.3019
824	C	0.3585
825	G	0.3019
826	T	0.3019
827	A	0.3774
828	A	0.3962
829	T	0.3585
830	T	0.3774
831	T	0.3208
832	T	0.3585
833	T	0.3585
834	T	0.3962
835	T	0.2642
836	C	0.4340
837	T	0.3019
838	T	0.3396
839	C	0.3208
840	C	0.3396
841	T	0.3585
842	G	0.3208
843	T	0.4151
844	C	0.3396
845	G	0.3208
846	T	0.2830
847	T	0.3396
848	A	0.4528
849	A	0.4151
850	G	0.3396
851	C	0.3019
852	C	0.4151
853	C	0.4151
854	A	0.3585
855	A	0.3019
856	A	0.3962
857	A	0.3019
858	A	0.3774
859	A	0.3019
860	T	0.3396
861	T	0.3208
862	T	0.3585
863	A	0.3396
864	G	0.3962
865	C	0.3208
866	C	0.3585
867	T	0.3396
868	G	0.3019
869	A	0.3585
870	C	0.3396
871	A	0.3019
872	G	0.3962
873	C	0.3585
874	G	0.3019
875	C	0.3208
876	G	0.3585
877	C	0.3396
878	T	0.3396
879	A	0.3019
880	A	0.4151
881	C	0.3208
882	G	0.3585
883	G	0.2830
884	C	0.2830
885	A	0.3208
886	T	0.3774
887	G	0.3396
888	A	0.3585
889	T	0.3585
890	A	0.3208
891	A	0.3396
892	A	0.3019
893	T	0.3019
894	T	0.3208
895	A	0.2642
896	T	0.3585
897	C	0.3208
898	T	0.3774
899	A	0.3396
900	C	0.3396
901	T	0.3019
902	T	0.3208
903	T	0.3396
904	G	0.2642
905	A	0.3962
906	G	0.3396
907	A	0.3774
908	G	0.3396
909	A	0.3019
910	T	0.3585
911	T	0.2830
912	C	0.3019
913	T	0.3585
914	C	0.2830
915	C	0.2830
916	C	0.3962
917	T	0.3585
918	C	0.3019
919	T	0.3585
920	C	0.3208
921	A	0.3585
922	A	0.3585
923	T	0.3585
924	A	0.3019
925	G	0.3208
926	C	0.3585
927	C	0.3208
928	T	0.3774
929	A	0.3019
930	A	0.3962
931	T	0.3208
932	G	0.3208
933	C	0.2830
934	C	0.4151
935	A	0.4151
936	C	0.4151
937	T	0.3208
938	A	0.3396
939	T	0.3396
940	G	0.3396
941	C	0.3585
942	A	0.4151
943	A	0.3396
944	C	0.4340
945	T	0.3019
946	T	0.3774
947	C	0.3019
948	A	0.4717
949	A	0.2830
950	C	0.3208
951	A	0.4717
952	A	0.3396
953	C	0.3208
954	A	0.3585
955	C	0.3774
956	T	0.3585
957	C	0.3019
958	T	0.4340
959	C	0.2830
960	C	0.2830
961	T	0.3019
962	T	0.3585
963	A	0.4151
964	G	0.2830
965	C	0.3396
966	G	0.2642
967	G	0.3019
968	C	0.3019
969	A	0.3774
970	A	0.2642
971	A	0.2830
972	C	0.3585
973	T	0.3019
974	T	0.3208
975	C	0.3396
976	G	0.3208
977	C	0.3019
978	T	0.3585
979	C	0.2830
980	T	0.3774
981	T	0.3396
982	A	0.2830
983	A	0.3019
984	A	0.2830
985	A	0.3585
986	A	0.2830
987	C	0.3585
988	C	0.3208
989	C	0.3962
990	C	0.3019
991	C	0.3019
992	T	0.3396
993	A	0.3585
994	T	0.3962
995	T	0.3774
996	T	0.4151
997	T	0.3774
998	A	0.3208
999	A	0.3585
1000	C	0.3208
1001	C	0.3396
1002	C	0.3019
1003	C	0.2830
1004	C	0.3396
1005	A	0.3396
1006	G	0.3396
1007	A	0.3019
1008	T	0.3208
1009	C	0.3962
1010	C	0.3962
1011	A	0.3962
1012	G	0.3585
1013	C	0.3774
1014	A	0.3396
1015	G	0.3396
1016	A	0.3962
1017	A	0.3585
1018	A	0.3019
1019	C	0.3396
1020	T	0.3208
1021	C	0.3208
1022	A	0.2830
1023	G	0.3585
1024	C	0.3396
1025	T	0.3585
1026	T	0.3396
1027	A	0.3019
1028	C	0.3774
1029	C	0.3585
1030	G	0.3208
1031	T	0.3019
1032	A	0.4340
1033	A	0.3962
1034	T	0.3774
1035	C	0.3019
1036	T	0.2830
1037	T	0.3208
1038	T	0.3019
1039	A	0.2830
1040	C	0.3396
1041	A	0.3208
1042	G	0.3208
1043	C	0.2642
1044	G	0.3208
1045	C	0.3774
1046	T	0.3396
1047	T	0.3396
1048	T	0.4717
1049	A	0.3208
1050	A	0.3585
1051	G	0.3396
1052	G	0.2830
1053	A	0.3774
1054	T	0.3585
1055	C	0.3396
1056	A	0.3774
1057	C	0.3019
1058	T	0.3774
1059	A	0.4528
1060	T	0.3585
1061	C	0.3396
1062	T	0.3019
1063	T	0.2830
1064	T	0.3019
1065	T	0.3208
1066	A	0.3208
1067	C	0.2642
1068	T	0.3208
1069	T	0.3396
1070	G	0.3019
1071	T	0.4717
1072	C	0.3019
1073	C	0.3774
1074	A	0.3962
1075	C	0.3396
1076	G	0.2642
1077	T	0.3019
1078	C	0.3019
1079	T	0.3019
1080	A	0.3396
1081	A	0.3208
1082	A	0.3019
1083	A	0.2830
1084	T	0.3019
1085	T	0.3962
1086	T	0.3396
1087	T	0.3585
1088	C	0.3208
1089	A	0.3208
1090	T	0.3208
1091	A	0.3208
1092	A	0.3585
1093	G	0.3585
1094	C	0.2830
1095	A	0.3019
1096	G	0.3585
1097	A	0.2642
1098	A	0.4151
1099	A	0.3962
1100	A	0.3774
1101	A	0.3585
1102	A	0.3208
1103	A	0.3019
1104	T	0.3585
1105	G	0.3585
1106	A	0.4340
1107	C	0.3962
1108	C	0.3774
1109	T	0.2830
1110	C	0.3208
1111	T	0.3774
1112	T	0.3774
1113	A	0.3019
1114	T	0.4340
1115	T	0.3019
1116	T	0.3396
1117	T	0.2830
1118	C	0.3774
1119	C	0.3019
1120	T	0.3585
1121	C	0.3774
1122	C	0.3585
1123	T	0.4717
1124	T	0.2830
1125	A	0.3019
1126	T	0.3019
1127	A	0.2830
1128	G	0.3585
1129	T	0.3585
1130	A	0.3019
1131	A	0.2830
1132	A	0.2830
1133	C	0.4151
1134	C	0.3019
1135	A	0.2830
1136	A	0.3774
1137	T	0.3019
1138	T	0.3019
1139	T	0.3396
1140	T	0.4340
1141	G	0.3019
1142	T	0.3019
1143	T	0.4151
1144	A	0.3019
1145	A	0.3585
1146	C	0.3019
1147	G	0.3208
1148	G	0.3019
1149	G	0.3774
1150	C	0.3396
1151	T	0.3019
1152	T	0.3585
1153	T	0.3962
1154	C	0.3585
1155	A	0.3774
1156	T	0.3208
1157	C	0.3208
1158	A	0.3774
1159	A	0.3585
1160	T	0.3962
1161	T	0.3019
1162	A	0.3774
1163	C	0.4151
1164	C	0.3585
1165	G	0.3208
1166	C	0.2830
1167	A	0.3396
1168	G	0.3208
1169	T	0.3208
1170	T	0.3585
1171	A	0.3208
1172	C	0.3208
1173	T	0.3585
1174	T	0.3962
1175	C	0.3019
1176	C	0.3208
1177	A	0.4340
1178	T	0.3396
1179	C	0.3019
1180	A	0.3208
1181	C	0.3585
1182	C	0.3585
1183	T	0.3585
1184	T	0.3962
1185	T	0.3774
1186	C	0.3585
1187	A	0.2830
1188	T	0.4151
1189	G	0.2830
1190	A	0.3208
1191	A	0.2830
1192	A	0.4151
1193	A	0.3208
1194	A	0.2830
1195	A	0.3208
1196	C	0.3585
1197	T	0.3019
1198	A	0.2830
1199	A	0.2830
1200	T	0.3774
1201	T	0.3396
1202	A	0.3019
1203	G	0.3396
1204	C	0.3774
1205	C	0.3774
1206	A	0.3962
1207	T	0.3208
1208	C	0.3774
1209	C	0.3585
1210	C	0.3019
1211	T	0.3019
1212	T	0.4340
1213	T	0.3396
1214	T	0.4528
1215	T	0.3208
1216	T	0.3585
1217	T	0.3208
1218	A	0.3585
1219	T	0.3396
1220	C	0.3585
1221	A	0.3208
1222	A	0.3396
1223	T	0.3396
1224	A	0.4151
1225	G	0.3585
1226	T	0.3774
1227	G	0.3396
1228	A	0.3019
1229	G	0.3585
1230	T	0.3774
1231	T	0.2830
1232	C	0.3396
1233	G	0.3208
1234	T	0.3585
1235	A	0.3019
1236	A	0.2642
1237	A	0.4151
1238	T	0.3774
1239	T	0.3396
1240	T	0.3019
1241	C	0.3774
1242	T	0.3208
1243	A	0.3019
1244	C	0.3019
1245	C	0.3585
1246	T	0.3019
1247	C	0.3396
1248	A	0.3208
1249	A	0.3019
1250	A	0.3019
1251	A	0.2830
1252	T	0.3396
1253	C	0.3962
1254	A	0.3774
1255	G	0.3208
1256	C	0.3208
1257	A	0.3019
1258	T	0.3396
1259	T	0.3019
1260	A	0.3208
1261	A	0.3585
1262	G	0.3962
1263	C	0.3019
1264	C	0.3208
1265	G	0.2642
1266	C	0.3396
1267	T	0.3396
1268	C	0.3396
1269	A	0.3019
1270	C	0.3208
1271	A	0.3396
1272	C	0.2642
1273	C	0.3396
1274	C	0.3962
1275	T	0.3962
1276	A	0.3585
1277	C	0.3208
1278	G	0.3396
1279	T	0.3585
1280	C	0.3774
1281	T	0.3774
1282	A	0.3208
1283	T	0.3962
1284	T	0.3019
1285	G	0.2830
1286	A	0.3962
1287	T	0.3585
1288	T	0.3396
1289	G	0.3208
1290	A	0.2830
1291	T	0.3019
1292	A	0.3019
1293	A	0.3019
1294	A	0.3019
1295	T	0.3396
1296	C	0.3396
1297	A	0.3019
1298	G	0.3774
1299	A	0.3962
1300	T	0.2830
1301	C	0.4151
1302	C	0.3019
1303	C	0.3019
1304	C	0.3585
1305	G	0.3774
1306	C	0.3962
1307	A	0.3585
1308	T	0.3774
1309	G	0.3396
1310	C	0.4151
1311	A	0.3208
1312	T	0.3396
1313	C	0.3208
1314	C	0.2830
1315	A	0.3208
1316	T	0.3585
1317	C	0.3774
1318	T	0.3396
1319	T	0.3962
1320	T	0.3396
1321	A	0.3962
1322	T	0.3962
1323	A	0.4528
1324	C	0.3396
1325	C	0.3396
1326	T	0.3585
1327	C	0.3962
1328	A	0.3396
1329	T	0.3585
1330	T	0.3208
1331	C	0.3019
1332	A	0.3585
1333	A	0.3208
1334	C	0.3585
1335	A	0.3962
1336	C	0.2642
1337	C	0.3208
1338	C	0.3396
1339	T	0.3962
1340	T	0.3019
1341	C	0.3208
1342	C	0.3396
1343	T	0.2830
1344	G	0.3962
1345	A	0.3208
1346	G	0.2830
1347	A	0.3585
1348	T	0.2830
1349	T	0.3396
1350	T	0.3208
1351	G	0.3962
1352	C	0.3396
1353	T	0.3019
1354	C	0.3396
1355	C	0.3396
1356	T	0.3396
1357	G	0.3208
1358	T	0.3208
1359	T	0.3208
1360	C	0.3396
1361	C	0.3019
1362	G	0.4528
1363	C	0.4151
1364	A	0.3208
1365	T	0.3774
1366	A	0.3019
1367	G	0.3019
1368	T	0.4151
1369	T	0.3396
1370	C	0.3585
1371	A	0.3774
1372	G	0.3585
1373	A	0.2642
1374	C	0.3208
1375	A	0.3208
1376	T	0.3019
1377	T	0.3396
1378	T	0.3585
1379	T	0.3019
1380	C	0.3019
1381	A	0.3019
1382	A	0.3019
1383	G	0.3396
1384	C	0.3396
1385	C	0.4340
1386	A	0.3396
1387	T	0.3585
1388	T	0.3585
1389	T	0.3774
1390	A	0.3585
1391	A	0.2642
1392	T	0.3208
1393	C	0.2830
1394	T	0.3774
1395	C	0.3396
1396	T	0.3208
1397	T	0.3585
1398	C	0.3774
1399	T	0.3396
1400	T	0.3774
1401	C	0.3396
1402	C	0.3774
1403	A	0.3208
1404	G	0.3585
1405	C	0.3208
1406	C	0.2830
1407	A	0.3585
1408	C	0.3208
1409	C	0.3019
1410	A	0.3396
1411	C	0.2830
1412	A	0.3396
1413	A	0.4151
1414	C	0.3962
1415	C	0.3019
1416	T	0.3019
1417	A	0.3208
1418	T	0.3774
1419	A	0.3019
1420	T	0.3019
1421	T	0.3396
1422	T	0.3585
1423	G	0.3208
1424	T	0.3396
1425	T	0.3774
1426	G	0.2830
1427	A	0.3019
1428	T	0.4340
1429	T	0.2830
1430	T	0.2642
1431	G	0.2830
1432	T	0.3585
1433	T	0.3208
1434	G	0.4717
1435	G	0.3396
1436	T	0.2642
1437	A	0.3774
1438	C	0.3396
1439	C	0.3962
1440	C	0.3774
1441	C	0.3019
1442	A	0.3774
1443	A	0.3962
1444	A	0.3585
1445	C	0.4151
1446	G	0.2830
1447	T	0.3396
1448	T	0.3019
1449	C	0.3019
1450	A	0.4151
1451	A	0.3774
1452	A	0.4151
1453	C	0.3019
1454	C	0.3019
1455	T	0.3019
1456	T	0.3396
1457	A	0.3208
1458	T	0.3396
1459	T	0.3962
1460	A	0.3396
1461	A	0.3208
1462	T	0.3585
1463	T	0.3208
1464	T	0.3396
1465	C	0.3585
1466	A	0.3396
1467	T	0.3019
1468	C	0.4151
1469	G	0.3396
1470	G	0.3774
1471	A	0.3585
1472	G	0.3208
1473	C	0.3585
1474	G	0.3208
1475	G	0.3396
1476	C	0.3208
1477	G	0.3396
1478	A	0.3019
1479	A	0.2830
1480	C	0.3396
1481	T	0.3585
1482	T	0.3396
1483	C	0.3585
1484	T	0.4151
1485	T	0.4151
1486	C	0.3019
1487	C	0.3208
1488	C	0.3019
1489	T	0.3774
1490	T	0.3208
1491	A	0.4340
1492	T	0.3396
1493	T	0.3019
1494	A	0.3019
1495	G	0.3585
1496	T	0.3208
1497	A	0.3019
1498	T	0.4340
1499	G	0.2830
1500	T	0.3585
1501	A	0.2642
1502	T	0.3774
1503	A	0.3962
1504	A	0.3396
1505	C	0.3585
1506	T	0.3585
1507	C	0.3208
1508	G	0.2830
1509	C	0.3585
1510	T	0.3019
1511	A	0.2830
1512	A	0.3585
1513	C	0.3396
1514	T	0.3208
1515	A	0.2642
1516	T	0.3962
1517	C	0.3208
1518	G	0.3585
1519	T	0.3019
1520	T	0.4151
1521	A	0.3019
1522	A	0.3208
1523	A	0.3962
1524	A	0.3962
1525	C	0.2830
1526	C	0.3585
1527	A	0.3208
1528	C	0.3208
1529	T	0.3208
1530	C	0.3396
1531	C	0.4151
1532	T	0.3019
1533	G	0.2642
1534	C	0.3396
1535	T	0.3208
1536	A	0.3585
1537	G	0.3396
1538	T	0.2642
1539	T	0.3396
1540	G	0.2830
1541	A	0.3208
1542	G	0.3019
1543	G	0.3019
1544	T	0.3962
1545	T	0.2830
1546	T	0.3585
1547	A	0.3962
1548	C	0.3208
1549	C	0.3585
1550	A	0.4151
1551	T	0.3585
1552	T	0.4151
1553	C	0.3585
1554	A	0.3208
1555	C	0.4528
1556	A	0.3208
1557	T	0.3396
1558	C	0.4151
1559	A	0.3962
1560	T	0.4528
1561	A	0.3962
1562	T	0.3396
1563	T	0.2830
1564	C	0.3019
1565	C	0.3019
1566	A	0.3396
1567	C	0.3208
1568	A	0.3208
1569	C	0.3585
1570	T	0.2830
1571	A	0.3019
1572	T	0.3774
1573	C	0.3208
1574	T	0.3208
1575	G	0.3019
1576	T	0.3585
1577	A	0.3208
1578	G	0.3585
1579	C	0.3774
1580	C	0.2642
1581	C	0.3208
1582	G	0.4151
1583	T	0.3019
1584	A	0.3962
1585	A	0.3585
1586	A	0.3208
1587	A	0.3962
1588	T	0.3396
1589	T	0.3208
1590	T	0.3208
1591	C	0.3774
1592	C	0.3774
1593	C	0.2830
1594	T	0.3774
1595	G	0.3585
1596	A	0.3585
1597	C	0.3208
1598	T	0.3962
1599	G	0.3019
1600	C	0.3019
1601	T	0.3774
1602	T	0.3396
1603	A	0.3585
1604	C	0.3585
1605	A	0.3585
1606	C	0.3962
1607	G	0.3585
1608	G	0.2830
1609	C	0.4340
1610	A	0.3585
1611	A	0.3396
1612	C	0.3396
1613	C	0.3396
1614	A	0.3019
1615	G	0.3585
1616	T	0.2830
1617	C	0.3019
1618	C	0.3208
1619	A	0.3774
1620	A	0.2830
1621	T	0.4340
1622	G	0.4151
1623	G	0.3774
1624	C	0.4717
1625	A	0.4151
1626	T	0.4151
1627	C	0.3396
1628	T	0.3019
1629	A	0.3396
1630	T	0.2830
1631	T	0.4151
1632	G	0.3208
1633	A	0.2830
1634	T	0.3396
1635	G	0.3208
1636	A	0.3019
1637	T	0.3208
1638	T	0.3019
1639	T	0.2642
1640	T	0.2830
1641	A	0.3208
1642	T	0.3962
1643	C	0.3208
1644	T	0.3774
1645	G	0.3208
1646	C	0.3019
1647	G	0.3019
1648	A	0.3019
1649	C	0.4151
1650	A	0.3585
1651	A	0.2642
1652	C	0.2830
1653	T	0.3208
1654	T	0.3585
1655	T	0.3396
1656	A	0.3208
1657	C	0.4340
1658	T	0.3208
1659	T	0.3585
1660	C	0.3774
1661	C	0.4340
1662	A	0.3019
1663	G	0.3396
1664	A	0.3208
1665	G	0.2830
1666	T	0.3208
1667	G	0.3019
1668	A	0.3396
1669	C	0.2830
1670	C	0.3585
1671	A	0.3208
1672	G	0.2830
1673	T	0.3585
1674	A	0.3396
1675	C	0.3208
1676	C	0.4528
1677	T	0.3585
1678	T	0.2830
1679	T	0.3585
1680	G	0.3396
1681	C	0.3962
1682	T	0.3585
1683	T	0.3585
1684	C	0.3208
1685	C	0.3774
1686	T	0.3962
1687	A	0.2830
1688	A	0.3585
1689	C	0.3396
1690	G	0.3585
1691	C	0.3208
1692	G	0.3208
1693	C	0.3774
1694	T	0.3396
1695	T	0.3585
1696	T	0.3208
1697	C	0.4340
1698	A	0.3585
1699	C	0.2830
1700	A	0.3396
1701	A	0.3019
1702	G	0.3019
1703	G	0.3208
1704	A	0.4151
1705	C	0.3208
1706	A	0.3774
1707	A	0.3774
1708	A	0.2830
1709	A	0.3962
1710	C	0.3208
1711	T	0.3774
1712	T	0.3396
1713	A	0.3585
1714	T	0.3585
1715	T	0.3208
1716	G	0.3585
1717	G	0.2830
1718	C	0.3774
1719	T	0.3019
1720	G	0.2830
1721	G	0.3396
1722	T	0.4717
1723	C	0.2830
1724	A	0.3019
1725	T	0.4528
1726	G	0.2830
1727	C	0.3396
1728	A	0.3208
1729	A	0.3208
1730	A	0.3208
1731	A	0.3585
1732	A	0.2830
1733	T	0.3208
1734	T	0.3396
1735	G	0.2642
1736	T	0.3208
1737	T	0.3585
1738	C	0.3962
1739	T	0.3019
1740	T	0.3208
1741	C	0.3774
1742	A	0.3208
1743	T	0.4340
1744	C	0.3208
1745	T	0.3208
1746	T	0.3585
1747	C	0.3396
1748	C	0.3396
1749	C	0.3396
1750	T	0.2830
1751	A	0.3585
1752	T	0.3585
1753	T	0.3585
1754	A	0.4340
1755	A	0.3396
1756	C	0.3396
1757	C	0.3396
1758	C	0.3585
1759	T	0.3019
1760	C	0.3774
1761	T	0.3019
1762	T	0.3396
1763	A	0.2830
1764	A	0.2830
1765	T	0.3396
1766	T	0.3396
1767	T	0.3208
1768	G	0.3396
1769	C	0.3019
1770	G	0.2830
1771	T	0.3208
1772	T	0.3396
1773	A	0.3396
1774	T	0.3774
1775	C	0.3396
1776	T	0.3774
1777	C	0.3774
1778	T	0.3774
1779	T	0.3962
1780	C	0.3396
1781	T	0.3019
1782	G	0.3019
1783	C	0.3208
1784	T	0.3962
1785	T	0.3774
1786	T	0.3585
1787	T	0.3208
1788	C	0.3774
1789	C	0.3585
1790	A	0.3208
1791	G	0.3585
1792	C	0.3585
1793	T	0.3774
1794	G	0.4151
1795	C	0.3774
1796	C	0.3396
1797	T	0.3019
1798	A	0.3396
1799	A	0.3396
1800	C	0.3019
1801	T	0.3396
1802	G	0.3774
1803	T	0.3396
1804	T	0.2830
1805	A	0.3396
1806	A	0.3774
1807	A	0.2830
1808	C	0.3208
1809	T	0.3585
1810	C	0.3774
1811	A	0.3396
1812	T	0.3774
1813	C	0.3396
1814	T	0.3208
1815	G	0.3019
1816	C	0.3585
1817	G	0.3208
1818	C	0.3585
1819	A	0.2830
1820	C	0.2830
1821	T	0.3396
1822	T	0.3585
1823	T	0.4340
1824	T	0.4151
1825	C	0.4906
1826	T	0.2830
1827	T	0.3962
1828	C	0.3208
1829	A	0.3962
1830	A	0.3774
1831	T	0.3962
1832	A	0.3019
1833	C	0.4151
1834	C	0.3396
1835	A	0.3019
1836	A	0.3396
1837	C	0.3585
1838	A	0.3585
1839	C	0.3019
1840	A	0.4340
1841	C	0.3208
1842	A	0.2830
1843	T	0.3208
1844	T	0.3019
1845	C	0.3396
1846	C	0.3208
1847	A	0.3396
1848	A	0.3019
1849	T	0.3208
1850	T	0.3396
1851	T	0.3019
1852	A	0.3208
1853	T	0.3962
1854	C	0.3774
1855	C	0.3585
1856	A	0.2830
1857	A	0.3774
1858	C	0.3396
1859	C	0.3585
1860	T	0.3585
1861	T	0.3019
1862	T	0.3774
1863	G	0.3396
1864	G	0.3019
1865	T	0.3396
1866	A	0.3019
1867	A	0.3774
1868	A	0.3208
1869	T	0.3962
1870	C	0.2830
1871	A	0.3019
1872	T	0.4340
1873	C	0.3585
1874	C	0.4151
1875	C	0.3396
1876	G	0.2830
1877	A	0.3396
1878	T	0.3396
1879	C	0.2642
1880	C	0.3019
1881	T	0.3585
1882	G	0.3396
1883	C	0.3208
1884	C	0.3774
1885	G	0.3585
1886	G	0.3019
1887	A	0.3019
1888	A	0.3774
1889	A	0.2830
1890	G	0.3019
1891	C	0.3585
1892	C	0.3396
1893	G	0.2830
1894	T	0.2830
1895	T	0.4340
1896	T	0.3208
1897	C	0.3208
1898	G	0.3208
1899	C	0.3208
1900	C	0.2642
1901	T	0.3585
1902	T	0.3774
1903	T	0.4151
1904	T	0.3208
1905	T	0.3396
1906	C	0.3019
1907	G	0.2642
1908	T	0.3019
1909	T	0.4151
1910	T	0.3585
1911	C	0.3208
1912	A	0.3585
1913	A	0.3396
1914	C	0.3208
1915	A	0.3208
1916	G	0.3208
1917	T	0.3019
1918	A	0.3208
1919	C	0.3585
1920	A	0.3019
1921	T	0.3962
1922	T	0.2642
1923	C	0.3585
1924	C	0.2830
1925	G	0.3208
1926	C	0.3019
1927	T	0.3774
1928	T	0.3962
1929	T	0.4717
1930	A	0.3019
1931	T	0.3019
1932	T	0.4717
1933	T	0.3208
1934	T	0.4340
1935	C	0.3208
1936	T	0.3019
1937	C	0.3019
1938	C	0.3585
1939	A	0.3208
1940	T	0.3962
1941	T	0.3962
1942	C	0.3585
1943	T	0.3585
1944	A	0.3396
1945	T	0.3585
1946	C	0.3208
1947	T	0.4906
1948	G	0.3019
1949	T	0.3962
1950	C	0.3396
1951	C	0.3208
1952	A	0.3019
1953	T	0.3962
1954	C	0.3774
1955	C	0.3585
1956	T	0.2642
1957	G	0.3396
1958	T	0.3774
1959	A	0.3962
1960	A	0.3962
1961	A	0.3019
1962	T	0.4151
1963	C	0.3962
1964	C	0.3208
1965	T	0.2830
1966	C	0.3208
1967	C	0.3019
1968	A	0.3208
1969	A	0.3208
1970	A	0.3019
1971	A	0.3208
1972	C	0.3208
1973	C	0.3019
1974	T	0.4528
1975	G	0.3019
1976	T	0.3208
1977	T	0.3208
1978	C	0.3396
1979	G	0.3208
1980	C	0.3774
1981	A	0.3019
1982	C	0.3396
1983	G	0.3019
1984	C	0.3396
1985	G	0.4340
1986	T	0.3585
1987	C	0.3962
1988	A	0.3396
1989	A	0.3019
1990	C	0.2642
1991	G	0.3208
1992	A	0.3208
1993	T	0.3396
1994	C	0.3019
1995	C	0.4340
1996	C	0.3019
1997	T	0.3019
1998	T	0.3019
1999	A	0.2830
2000	T	0.3208
2001	G	0.3019
2002	T	0.2642
2003	C	0.3585
2004	T	0.3585
2005	G	0.2830
2006	C	0.3962
2007	A	0.4151
2008	C	0.3585
2009	A	0.3019
2010	T	0.3585
2011	T	0.3585
2012	C	0.4151
2013	C	0.3396
2014	T	0.3396
2015	G	0.3585
2016	A	0.3585
2017	G	0.3585
2018	T	0.4340
2019	T	0.3585
2020	T	0.3585
2021	A	0.3585
2022	T	0.3396
2023	T	0.3774
2024	G	0.3396
2025	T	0.3585
2026	T	0.4151
2027	G	0.3585
2028	T	0.3396
2029	C	0.3208
2030	C	0.3019
2031	T	0.3585
2032	A	0.3019
2033	C	0.3208
2034	T	0.3585
2035	G	0.2830
2036	G	0.3774
2037	A	0.3019
2038	T	0.3962
2039	C	0.3585
2040	T	0.3962
2041	G	0.3396
2042	G	0.3585
2043	G	0.2830
2044	A	0.3396
2045	T	0.3208
2046	C	0.3585
2047	G	0.2642
2048	A	0.3396
2049	C	0.3019
2050	T	0.4151
2051	G	0.3019
2052	C	0.3774
2053	A	0.4340
2054	C	0.3208
2055	C	0.3208
2056	A	0.3208
2057	T	0.3396
2058	A	0.2830
2059	G	0.2830
2060	G	0.3019
2061	T	0.3019
2062	T	0.3585
2063	C	0.2830
2064	C	0.2642
2065	G	0.3396
2066	C	0.3019
2067	T	0.3019
2068	T	0.3019
2069	T	0.2830
2070	T	0.3019
2071	C	0.3208
2072	C	0.3396
2073	C	0.3208
2074	A	0.3019
2075	T	0.2642
2076	T	0.4340
2077	C	0.3396
2078	A	0.3774
2079	A	0.3019
2080	C	0.4151
2081	C	0.3962
2082	A	0.2830
2083	G	0.3208
2084	T	0.2642
2085	T	0.3396
2086	A	0.3396
2087	C	0.3585
2088	T	0.3208
2089	G	0.3396
2090	G	0.3208
2091	A	0.3585
2092	T	0.3019
2093	G	0.3585
2094	A	0.3585
2095	G	0.2830
2096	C	0.3396
2097	T	0.4151
2098	T	0.3396
2099	C	0.3462
2100	C	0.3208
2101	C	0.3019
2102	C	0.2830
2103	G	0.3019
2104	T	0.3396
2105	C	0.3396
2106	T	0.3585
2107	T	0.3585
2108	T	0.3585
2109	A	0.3019
2110	C	0.3396
2111	A	0.3585
2112	G	0.3208
2113	A	0.3774
2114	C	0.3208
2115	C	0.3585
2116	C	0.2830
2117	T	0.3962
2118	T	0.3019
2119	T	0.3396
2120	G	0.3585
2121	T	0.3208
2122	G	0.3208
2123	A	0.2830
2124	T	0.4340
2125	T	0.3585
2126	T	0.4151
2127	C	0.3396
2128	C	0.3396
2129	C	0.3585
2130	C	0.3019
2131	C	0.3208
2132	G	0.2830
2133	C	0.3396
2134	A	0.3396
2135	G	0.3208
2136	A	0.3019
2137	A	0.3774
2138	G	0.3774
2139	C	0.3019
2140	G	0.2830
2141	T	0.3019
2142	T	0.3774
2143	G	0.3585
2144	A	0.3019
2145	A	0.2830
2146	C	0.3019
2147	T	0.4717
2148	T	0.3585
2149	C	0.3019
2150	T	0.2830
2151	C	0.3585
2152	G	0.3585
2153	C	0.2642
2154	C	0.3585
2155	T	0.3208
2156	T	0.4906
2157	T	0.3962
2158	G	0.3019
2159	G	0.2830
2160	C	0.3774
2161	A	0.3019
2162	G	0.3208
2163	G	0.3208
2164	A	0.3396
2165	T	0.3396
2166	C	0.2830
2167	A	0.2642
2168	C	0.2830
2169	C	0.3396
2170	C	0.3396
2171	A	0.3585
2172	G	0.3585
2173	T	0.3396
2174	C	0.3774
2175	C	0.3019
2176	G	0.3585
2177	T	0.3019
2178	T	0.3208
2179	T	0.3208
2180	C	0.3396
2181	A	0.3585
2182	A	0.3019
2183	T	0.3208
2184	G	0.2642
2185	A	0.2830
2186	A	0.3019
2187	T	0.3208
2188	A	0.3019
2189	A	0.3774
2190	C	0.2830
2191	G	0.2830
2192	A	0.4151
2193	C	0.4151
2194	C	0.3585
2195	A	0.3208
2196	G	0.2830
2197	C	0.3208
2198	G	0.3396
2199	C	0.3774
2200	C	0.3396
2201	G	0.3962
2202	A	0.3019
2203	T	0.4151
2204	G	0.2830
2205	A	0.2830
2206	T	0.2642
2207	T	0.3208
2208	T	0.3774
2209	A	0.4528
2210	T	0.3585
2211	T	0.3208
2212	C	0.2830
2213	A	0.2830
2214	A	0.3019
2215	C	0.2830
2216	A	0.3019
2217	A	0.3585
2218	A	0.3396
2219	C	0.3774
2220	G	0.3396
2221	A	0.3019
2222	T	0.2830
2223	C	0.2830
2224	G	0.3774
2225	C	0.3585
2226	T	0.3962
2227	C	0.3208
2228	T	0.3396
2229	T	0.3962
2230	C	0.3774
2231	G	0.3019
2232	C	0.3396
2233	G	0.3208
2234	T	0.2830
2235	T	0.3962
2236	C	0.3208
2237	C	0.3019
2238	C	0.4151
2239	A	0.3585
2240	C	0.3585
2241	A	0.4151
2242	T	0.3585
2243	A	0.3774
2244	T	0.3019
2245	C	0.3774
2246	T	0.3585
2247	C	0.2830
2248	C	0.3019
2249	T	0.3208
2250	A	0.3396
2251	A	0.3396
2252	A	0.3774
2253	T	0.4151
2254	T	0.3208
2255	T	0.3208
2256	T	0.3774
2257	C	0.3585
2258	A	0.3208
2259	A	0.3585
2260	G	0.3774
2261	T	0.3208
2262	A	0.3019
2263	T	0.3962
2264	G	0.3208
2265	C	0.3962
2266	C	0.3208
2267	T	0.3585
2268	C	0.3208
2269	G	0.3208
2270	T	0.3208
2271	C	0.2830
2272	T	0.2830
2273	A	0.3585
2274	A	0.3208
2275	C	0.3396
2276	A	0.3396
2277	A	0.3019
2278	T	0.3019
2279	A	0.3019
2280	T	0.3774
2281	T	0.3208
2282	A	0.2830
2283	C	0.3585
2284	C	0.3208
2285	T	0.4340
2286	C	0.3208
2287	A	0.4340
2288	C	0.4151
2289	A	0.2830
2290	C	0.3019
2291	C	0.3396
2292	A	0.3019
2293	T	0.3585
2294	C	0.3019
2295	T	0.3019
2296	T	0.3774
2297	C	0.3019
2298	T	0.3019
2299	T	0.3396
2300	C	0.3019
2301	C	0.2642
2302	T	0.3019
2303	C	0.3962
2304	T	0.3019
2305	C	0.3585
2306	A	0.3774
2307	C	0.3585
2308	T	0.2830
2309	C	0.3396
2310	C	0.3774
2311	G	0.3208
2312	T	0.3019
2313	G	0.3774
2314	C	0.2830
2315	A	0.3774
2316	A	0.3585
2317	T	0.3019
2318	A	0.3396
2319	C	0.3208
2320	G	0.2642
2321	T	0.4151
2322	A	0.2830
2323	T	0.3208
2324	G	0.2830
2325	C	0.4528
2326	G	0.3019
2327	T	0.3019
2328	A	0.3396
2329	T	0.3962
2330	T	0.3019
2331	C	0.4151
2332	T	0.3585
2333	T	0.4151
2334	T	0.3774
2335	A	0.4151
2336	T	0.4151
2337	C	0.3208
2338	C	0.2830
2339	T	0.3962
2340	C	0.3585
2341	A	0.3208
2342	A	0.3208
2343	C	0.2830
2344	T	0.4151
2345	C	0.3396
2346	T	0.3585
2347	G	0.3774
2348	C	0.3019
2349	C	0.3962
2350	A	0.3774
2351	A	0.3396
2352	T	0.3208
2353	G	0.3208
2354	G	0.3396
2355	T	0.3208
2356	T	0.3585
2357	T	0.3585
2358	T	0.3774
2359	A	0.3019
2360	T	0.3208
2361	G	0.3396
2362	T	0.3396
2363	C	0.3208
2364	G	0.2642
2365	C	0.2830
2366	T	0.2642
2367	C	0.3396
2368	T	0.3396
2369	T	0.3585
2370	T	0.3585
2371	C	0.3208
2372	C	0.3208
2373	G	0.3585
2374	T	0.3774
2375	C	0.2830
2376	T	0.3208
2377	T	0.3208
2378	C	0.3208
2379	A	0.3774
2380	T	0.3208
2381	T	0.3396
2382	C	0.2830
2383	G	0.2830
2384	G	0.3962
2385	C	0.3962
2386	G	0.2830
2387	G	0.3396
2388	C	0.2830
2389	A	0.3208
2390	G	0.3962
2391	T	0.3208
2392	A	0.3396
2393	A	0.3585
2394	C	0.3585
2395	C	0.3774
2396	A	0.3396
2397	T	0.3019
2398	C	0.3396
2399	A	0.3585
2400	A	0.3019
2401	T	0.4340
2402	T	0.3585
2403	C	0.3585
2404	A	0.3208
2405	C	0.3585
2406	A	0.2642
2407	C	0.3019
2408	C	0.3208
2409	T	0.3774
2410	C	0.3585
2411	T	0.4528
2412	T	0.3774
2413	T	0.3962
2414	C	0.2830
2415	T	0.3585
2416	A	0.3208
2417	T	0.3774
2418	T	0.3019
2419	C	0.3585
2420	C	0.3396
2421	C	0.3019
2422	C	0.3019
2423	A	0.3585
2424	T	0.3208
2425	C	0.3585
2426	T	0.4038
2427	C	0.3846
2428	C	0.4038
2429	A	0.3077
2430	T	0.3846
2431	G	0.2885
2432	G	0.2885
2433	T	0.3077
2434	G	0.2885
2435	A	0.3269
2436	T	0.2885
2437	C	0.4615
2438	C	0.2885
2439	G	0.3846
2440	A	0.3269
2441	C	0.3077
2442	G	0.3462
2443	C	0.3654
2444	A	0.3269
2445	C	0.3654
2446	C	0.3077
2447	T	0.3077
2448	G	0.2885
2449	A	0.3269
2450	A	0.3077
2451	G	0.3077
2452	T	0.3462
2453	C	0.3654
2454	C	0.4038
2455	C	0.3462
2456	T	0.3846
2457	G	0.3654
2458	C	0.3077
2459	C	0.3654
2460	T	0.2885
2461	A	0.3462
2462	C	0.3462
2463	G	0.3077
2464	G	0.3077
2465	A	0.2885
2466	C	0.4231
2467	T	0.4615
2468	T	0.3269
2469	T	0.4423
2470	A	0.2885
2471	A	0.3077
2472	C	0.3462
2473	C	0.3077
2474	A	0.3269
2475	C	0.3269
2476	T	0.3077
2477	A	0.3269
2478	T	0.3269
2479	G	0.3654
2480	A	0.2885
2481	G	0.3654
2482	C	0.3462
2483	T	0.3654
2484	G	0.4808
2485	C	0.2692
2486	T	0.2885
2487	C	0.4038
2488	A	0.3269
2489	A	0.3077
2490	T	0.2885
2491	T	0.3654
2492	T	0.3654
2493	T	0.3846
2494	G	0.4231
2495	T	0.3462
2496	T	0.3077
2497	T	0.4038
2498	C	0.3269
2499	T	0.3077
2500	T	0.3077
2501	C	0.3654
2502	C	0.3846
2503	C	0.3654
2504	T	0.2885
2505	T	0.2885
2506	C	0.4038
2507	G	0.3077
2508	G	0.2885
2509	A	0.2885
2510	T	0.3654
2511	G	0.3846
2512	A	0.2885
2513	C	0.3269
2514	G	0.3462
2515	T	0.3462
2516	G	0.3077
2517	T	0.3269
2518	T	0.3077
2519	G	0.2885
2520	C	0.3654
2521	T	0.3846
2522	C	0.2885
2523	T	0.3846
2524	G	0.3077
2525	A	0.3077
2526	A	0.3269
2527	C	0.3654
2528	A	0.3654
2529	T	0.3077
2530	T	0.3077
2531	C	0.3269
2532	C	0.3077
2533	C	0.2885
2534	T	0.2885
2535	C	0.3462
2536	T	0.3654
2537	T	0.3846
2538	C	0.3462
2539	T	0.2885
2540	T	0.3269
2541	T	0.2885
2542	C	0.4038
2543	T	0.3269
2544	C	0.3269
2545	C	0.2885
2546	A	0.3077
2547	T	0.3077
2548	C	0.2692
2549	C	0.3654
2550	C	0.3654
2551	T	0.3077
2552	C	0.3462
2553	A	0.2885
2554	G	0.3077
2555	C	0.3462
2556	T	0.3462
2557	T	0.3462
2558	T	0.3654
2559	T	0.4231
2560	T	0.3846
2561	T	0.3462
2562	C	0.3269
2563	C	0.2885
2564	T	0.3846
2565	A	0.3077
2566	C	0.3077
2567	A	0.3654
2568	A	0.3077
2569	A	0.2885
2570	C	0.3654
2571	T	0.3077
2572	T	0.3269
2573	C	0.3269
2574	A	0.4038
2575	T	0.3077
2576	C	0.3462
2577	T	0.3077
2578	T	0.2885
2579	C	0.4615
2580	C	0.3654
2581	G	0.3462
2582	G	0.3077
2583	A	0.3077
2584	A	0.3077
2585	A	0.3462
2586	T	0.3846
2587	C	0.2885
2588	C	0.3846
2589	G	0.3077
2590	C	0.2885
2591	C	0.3269
2592	A	0.2692
2593	T	0.3077
2594	C	0.2885
2595	A	0.3077
2596	T	0.3846
2597	T	0.3462
2598	A	0.3846
2599	G	0.2885
2600	T	0.3077
2601	T	0.3269
2602	T	0.3077
2603	T	0.3462
2604	T	0.4038
2605	T	0.2692
2606	T	0.3077
2607	G	0.3269
2608	C	0.2885
2609	C	0.3462
2610	C	0.3269
2611	C	0.4038
2612	C	0.3462
2613	A	0.2692
2614	G	0.3462
2615	T	0.2885
2616	T	0.4038
2617	C	0.2885
2618	C	0.3077
2619	G	0.3846
2620	C	0.3462
2621	T	0.3462
2622	A	0.4038
2623	T	0.2692
2624	T	0.3077
2625	T	0.3077
2626	A	0.3269
2627	C	0.4231
2628	C	0.3654
2629	T	0.3077
2630	C	0.3846
2631	G	0.3269
2632	C	0.3077
2633	A	0.3462
2634	C	0.3269
2635	G	0.3846
2636	A	0.3462
2637	C	0.3654
2638	G	0.3462
2639	C	0.2885
2640	T	0.3462
2641	T	0.3269
2642	T	0.4231
2643	C	0.2885
2644	A	0.3077
2645	C	0.2885
2646	C	0.2692
2647	T	0.3077
2648	A	0.3077
2649	T	0.3077
2650	G	0.3077
2651	C	0.3269
2652	T	0.2885
2653	C	0.4231
2654	T	0.3269
2655	A	0.3654
2656	A	0.2885
2657	T	0.3269
2658	T	0.2692
2659	T	0.3269
2660	C	0.2885
2661	T	0.3077
2662	G	0.2692
2663	T	0.3846
2664	T	0.3654
2665	A	0.3654
2666	A	0.2885
2667	T	0.3077
2668	G	0.2692
2669	G	0.3462
2670	A	0.3846
2671	G	0.3077
2672	A	0.2885
2673	T	0.2885
2674	T	0.2692
2675	C	0.2692
2676	T	0.3077
2677	A	0.2885
2678	A	0.4038
2679	T	0.2692
2680	C	0.2885
2681	T	0.3462
2682	C	0.3654
2683	G	0.3654
2684	T	0.2692
2685	T	0.3654
2686	T	0.3269
2687	T	0.2692
2688	T	0.3654
2689	G	0.3077
2690	G	0.4231
2691	T	0.3077
2692	A	0.2692
2693	C	0.3462
2694	A	0.3846
2695	A	0.3269
2696	C	0.3269
2697	G	0.3462
2698	T	0.2885
2699	G	0.3077
2700	A	0.3846
2701	T	0.2885
2702	T	0.2885
2703	G	0.3269
2704	C	0.3462
2705	A	0.3077
2706	C	0.3077
2707	C	0.3654
2708	T	0.3077
2709	T	0.3846
2710	C	0.3846
2711	A	0.3077
2712	T	0.3846
2713	T	0.3846
2714	T	0.3269
2715	T	0.3462
2716	C	0.3462
2717	G	0.3077
2718	T	0.3846
2719	A	0.3269
2720	T	0.4231
2721	C	0.3077
2722	A	0.2692
2723	T	0.4038
2724	T	0.4231
2725	C	0.2885
2726	T	0.3462
2727	A	0.2885
2728	G	0.2885
2729	C	0.3654
2730	C	0.3462
2731	A	0.3269
2732	T	0.4038
2733	C	0.3462
2734	C	0.3269
2735	T	0.3077
2736	G	0.2885
2737	G	0.3269
2738	C	0.3269
2739	C	0.3462
2740	A	0.3077
2741	G	0.3077
2742	T	0.2885
2743	G	0.3654
2744	G	0.3269
2745	C	0.4038
2746	T	0.3269
2747	T	0.3462
2748	A	0.3269
2749	G	0.2885
2750	T	0.3269
2751	T	0.3846
2752	T	0.3462
2753	T	0.4038
2754	T	0.2692
2755	C	0.2885
2756	C	0.2885
2757	C	0.3269
2758	C	0.2885
2759	C	0.3077
2760	T	0.2692
2761	A	0.3462
2762	G	0.3462
2763	G	0.3654
2764	T	0.4231
2765	A	0.3077
2766	T	0.3462
2767	G	0.3077
2768	T	0.2692
2769	A	0.3077
2770	C	0.3269
2771	T	0.4038
2772	G	0.3077
2773	T	0.3269
2774	A	0.3462
2775	A	0.3077
2776	T	0.3077
2777	C	0.4231
2778	C	0.2885
2779	T	0.4423
2780	T	0.3462
2781	T	0.3077
2782	A	0.3846
2783	C	0.2885
2784	T	0.3654
2785	C	0.3462
2786	G	0.2692
2787	A	0.2692
2788	T	0.3846
2789	G	0.2885
2790	T	0.3846
2791	T	0.4423
2792	A	0.3077
2793	T	0.4423
2794	C	0.3654
2795	T	0.3269
2796	T	0.3077
2797	T	0.3462
2798	C	0.3846
2799	C	0.2692
2800	G	0.2885
2801	T	0.3654
2802	C	0.3462
2803	C	0.3077
2804	C	0.3654
2805	C	0.2885
2806	C	0.3654
2807	A	0.3269
2808	G	0.3462
2809	T	0.4038
2810	T	0.3077
2811	T	0.3269
2812	C	0.2885
2813	T	0.3654
2814	C	0.3269
2815	C	0.3269
2816	T	0.3269
2817	A	0.3077
2818	C	0.2692
2819	C	0.4038
2820	T	0.2885
2821	C	0.3269
2822	C	0.3654
2823	T	0.3846
2824	C	0.2885
2825	A	0.3269
2826	A	0.3846
2827	C	0.3462
2828	C	0.3269
2829	G	0.2692
2830	T	0.4038
2831	G	0.3077
2832	C	0.2885
2833	G	0.3269
2834	A	0.3077
2835	T	0.2885
2836	A	0.3269
2837	T	0.3654
2838	A	0.2692
2839	G	0.3269
2840	T	0.3846
2841	G	0.3462
2842	T	0.3269
2843	T	0.3654
2844	G	0.2500
2845	G	0.3077
2846	C	0.3462
2847	C	0.3077
2848	T	0.2885
2849	T	0.3077
2850	T	0.3269
2851	A	0.3462
2852	A	0.3269
2853	A	0.3462
2854	A	0.4038
2855	A	0.3077
2856	T	0.2885
2857	A	0.3846
2858	G	0.3462
2859	C	0.4038
2860	C	0.3462
2861	A	0.3462
2862	A	0.3654
2863	G	0.3654
2864	A	0.2885
2865	T	0.3077
2866	T	0.4038
2867	A	0.3269
2868	C	0.3269
2869	G	0.4423
2870	T	0.3462
2871	T	0.2885
2872	T	0.2692
2873	A	0.3462
2874	C	0.3462
2875	G	0.3462
2876	C	0.3269
2877	T	0.2692
2878	G	0.3077
2879	A	0.2885
2880	T	0.3269
2881	A	0.3269
2882	C	0.3654
2883	C	0.3077
2884	C	0.3654
2885	A	0.3269
2886	T	0.3077
2887	A	0.3077
2888	C	0.3077
2889	C	0.4038
2890	A	0.3846
2891	C	0.2885
2892	G	0.3077
2893	G	0.4231
2894	G	0.3077
2895	C	0.3269
2896	A	0.4231
2897	A	0.3077
2898	T	0.3077
2899	T	0.3269
2900	A	0.3462
2901	G	0.2885
2902	C	0.2885
2903	G	0.3077
2904	T	0.2885
2905	C	0.3462
2906	A	0.3462
2907	G	0.3462
2908	A	0.3654
2909	T	0.4038
2910	G	0.3462
2911	A	0.3654
2912	T	0.4423
2913	A	0.3462
2914	G	0.3462
2915	C	0.3077
2916	C	0.3269
2917	C	0.3077
2918	T	0.2885
2919	G	0.3654
2920	C	0.3462
2921	T	0.2885
2922	G	0.3269
2923	T	0.4231
2924	A	0.3269
2925	C	0.3462
2926	G	0.3269
2927	T	0.3462
2928	A	0.2885
2929	C	0.3846
2930	A	0.3654
2931	C	0.2885
2932	C	0.3846
2933	A	0.3269
2934	T	0.3654
2935	A	0.3077
2936	A	0.3077
2937	T	0.3462
2938	G	0.3462
2939	T	0.3846
2940	C	0.3462
2941	T	0.4231
2942	A	0.3269
2943	G	0.2885
2944	T	0.3269
2945	A	0.3077
2946	T	0.3269
2947	C	0.2885
2948	C	0.2885
2949	G	0.3077
2950	T	0.3269
2951	G	0.2885
2952	A	0.3077
2953	C	0.3654
2954	T	0.3077
2955	C	0.3269
2956	C	0.3077
2957	G	0.3654
2958	T	0.3462
2959	T	0.3077
2960	G	0.3462
2961	A	0.3654
2962	A	0.3462
2963	A	0.3462
2964	T	0.2885
2965	T	0.3077
2966	C	0.3462
2967	C	0.4038
2968	C	0.2885
2969	G	0.3269
2970	T	0.2885
2971	G	0.3269
2972	A	0.3269
2973	C	0.3269
2974	C	0.2885
2975	A	0.3077
2976	T	0.3269
2977	T	0.3269
2978	A	0.3846
2979	C	0.3077
2980	A	0.3077
2981	C	0.3654
2982	G	0.2692
2983	A	0.2692
2984	T	0.4231
2985	A	0.3077
2986	C	0.3077
2987	T	0.3462
2988	A	0.2885
2989	G	0.2885
2990	A	0.2885
2991	G	0.3269
2992	C	0.3462
2993	A	0.3077
2994	A	0.3846
2995	T	0.2885
2996	C	0.3654
2997	A	0.3269
2998	T	0.3269
2999	A	0.3077
3000	C	0.3077
3001	C	0.2885
3002	T	0.3269
3003	C	0.3654
3004	T	0.3269
3005	T	0.5000
3006	T	0.3654
3007	T	0.3654
3008	T	0.2885
3009	T	0.3846
3010	C	0.3654
3011	T	0.3462
3012	T	0.3462
3013	C	0.3077
3014	A	0.3462
3015	G	0.2885
3016	T	0.4808
3017	C	0.3077
3018	T	0.3269
3019	G	0.4038
3020	G	0.3269
3021	A	0.3654
3022	C	0.2885
3023	T	0.3077
3024	T	0.2885
3025	G	0.3269
3026	T	0.2692
3027	T	0.5192
3028	C	0.2885
3029	C	0.3462
3030	T	0.3462
3031	T	0.3077
3032	A	0.3462
3033	T	0.4038
3034	T	0.3846
3035	A	0.3654
3036	T	0.3269
3037	T	0.3654
3038	T	0.3846
3039	T	0.3462
3040	T	0.3077
3041	T	0.2885
3042	T	0.2692
3043	T	0.3654
3044	C	0.3077
3045	T	0.3077
3046	G	0.3269
3047	G	0.3269
3048	C	0.3462
3049	A	0.2692
3050	T	0.3654
3051	G	0.3077
3052	A	0.3654
3053	C	0.3654
3054	T	0.3077
3055	C	0.3077
3056	C	0.2692
3057	G	0.3077
3058	A	0.3269
3059	C	0.3654
3060	A	0.3269
3061	C	0.3077
3062	A	0.3269
3063	A	0.3269
3064	C	0.3269
3065	G	0.3654
3066	G	0.3077
3067	A	0.3654
3068	C	0.3077
3069	G	0.3077
3070	C	0.3462
3071	T	0.3654
3072	T	0.4038
3073	T	0.3846
3074	A	0.3846
3075	T	0.2885
3076	A	0.2692
3077	C	0.3269
3078	C	0.3269
3079	A	0.3269
3080	A	0.2885
3081	T	0.3462
3082	C	0.3462
3083	A	0.2692
3084	C	0.3077
3085	C	0.3654
3086	A	0.3846
3087	C	0.2692
3088	A	0.3269
3089	C	0.3846
3090	C	0.3077
3091	C	0.3077
3092	G	0.2885
3093	C	0.2885
3094	T	0.3077
3095	A	0.3269
3096	T	0.3077
3097	G	0.2692
3098	C	0.3077
3099	G	0.3654
3100	C	0.3269
3101	C	0.3654
3102	T	0.3462
3103	T	0.4038
3104	T	0.3462
3105	C	0.3654
3106	T	0.3077
3107	G	0.3077
3108	C	0.3077
3109	C	0.3077
3110	A	0.3077
3111	T	0.4231
3112	G	0.2692
3113	T	0.3654
3114	T	0.3654
3115	C	0.3846
3116	C	0.2692
3117	T	0.3077
3118	G	0.3077
3119	C	0.3077
3120	C	0.3462
3121	T	0.3269
3122	G	0.4231
3123	T	0.3462
3124	C	0.3846
3125	A	0.4038
3126	T	0.3846
3127	G	0.3269
3128	C	0.3269
3129	G	0.4038
3130	T	0.3077
3131	C	0.2885
3132	A	0.3462
3133	A	0.4038
3134	C	0.3462
3135	T	0.3462
3136	C	0.3269
3137	T	0.2692
3138	T	0.3077
3139	C	0.3462
3140	A	0.3462
3141	G	0.4038
3142	A	0.3077
3143	T	0.3462
3144	A	0.3654
3145	T	0.3462
3146	C	0.3654
3147	G	0.3077
3148	T	0.2692
3149	A	0.3269
3150	A	0.2692
3151	C	0.3077
3152	G	0.3269
3153	T	0.3462
3154	T	0.3269
3155	A	0.3077
3156	A	0.2885
3157	T	0.3462
3158	T	0.3077
3159	T	0.2885
3160	G	0.3269
3161	G	0.2885
3162	C	0.3846
3163	C	0.4615
3164	A	0.3269
3165	G	0.3654
3166	A	0.3269
3167	T	0.3846
3168	A	0.3462
3169	G	0.3077
3170	T	0.3077
3171	C	0.4038
3172	G	0.3077
3173	A	0.3462
3174	T	0.3269
3175	T	0.3846
3176	A	0.3077
3177	T	0.3462
3178	G	0.2885
3179	A	0.4038
3180	G	0.3462
3181	T	0.3269
3182	T	0.3462
3183	T	0.3269
3184	T	0.3269
3185	G	0.3269
3186	T	0.2885
3187	C	0.3077
3188	C	0.4038
3189	A	0.3462
3190	T	0.3077
3191	C	0.3269
3192	A	0.3269
3193	C	0.3077
3194	C	0.4038
3195	T	0.3077
3196	A	0.3269
3197	A	0.3077
3198	A	0.3077
3199	A	0.2885
3200	C	0.3269
3201	A	0.2885
3202	C	0.2885
3203	T	0.3846
3204	T	0.3269
3205	T	0.3269
3206	C	0.4615
3207	C	0.2885
3208	A	0.3077
3209	T	0.3269
3210	A	0.3462
3211	C	0.3654
3212	T	0.4038
3213	C	0.3654
3214	C	0.3077
3215	C	0.2692
3216	A	0.2885
3217	A	0.2692
3218	G	0.3462
3219	A	0.3077
3220	C	0.3269
3221	T	0.4038
3222	G	0.4038
3223	A	0.3077
3224	C	0.3269
3225	G	0.3462
3226	A	0.3269
3227	A	0.3654
3228	C	0.3462
3229	T	0.3077
3230	C	0.3462
3231	C	0.4423
3232	C	0.3654
3233	A	0.4231
3234	C	0.3654
3235	A	0.3846
3236	A	0.2692
3237	A	0.3462
3238	T	0.3462
3239	C	0.2885
3240	C	0.4231
3241	T	0.3269
3242	C	0.3462
3243	T	0.2885
3244	G	0.3846
3245	G	0.3077
3246	T	0.4231
3247	G	0.3846
3248	A	0.3846
3249	A	0.3462
3250	T	0.3462
3251	T	0.3077
3252	T	0.3269
3253	T	0.3269
3254	T	0.3654
3255	A	0.2885
3256	T	0.3269
3257	T	0.2885
3258	G	0.3077
3259	C	0.4038
3260	T	0.3269
3261	C	0.3077
3262	A	0.3462
3263	G	0.3462
3264	G	0.2692
3265	A	0.3077
3266	C	0.3077
3267	G	0.2885
3268	G	0.3462
3269	C	0.2885
3270	C	0.3462
3271	A	0.2885
3272	G	0.2885
3273	C	0.2885
3274	T	0.3462
3275	C	0.2885
3276	C	0.3269
3277	A	0.3269
3278	A	0.3269
3279	T	0.2885
3280	C	0.2885
3281	C	0.3654
3282	C	0.3269
3283	G	0.3269
3284	C	0.4615
3285	A	0.3462
3286	C	0.3077
3287	T	0.3077
3288	C	0.4038
3289	T	0.3077
3290	G	0.2692
3291	C	0.3846
3292	T	0.2885
3293	C	0.3269
3294	A	0.3462
3295	T	0.3269
3296	T	0.3462
3297	C	0.3269
3298	A	0.3846
3299	A	0.3077
3300	A	0.4423
3301	C	0.2885
3302	T	0.3269
3303	T	0.2885
3304	G	0.3269
3305	C	0.3462
3306	C	0.4038
3307	T	0.4038
3308	G	0.3654
3309	C	0.3846
3310	A	0.3846
3311	A	0.3462
3312	A	0.3269
3313	A	0.2885
3314	T	0.4231
3315	C	0.2885
3316	C	0.3077
3317	C	0.3269
3318	A	0.2885
3319	A	0.3269
3320	T	0.2885
3321	C	0.3077
3322	T	0.3077
3323	C	0.3654
3324	C	0.3077
3325	A	0.3269
3326	T	0.3269
3327	C	0.3462
3328	C	0.2885
3329	C	0.2692
3330	C	0.3269
3331	C	0.3846
3332	T	0.3846
3333	C	0.2692
3334	C	0.3077
3335	C	0.4038
3336	C	0.3462
3337	A	0.3654
3338	T	0.4038
3339	C	0.4038
3340	T	0.4615
3341	G	0.3654
3342	T	0.3269
3343	A	0.2885
3344	C	0.2885
3345	A	0.3462
3346	C	0.2692
3347	C	0.2885
3348	G	0.2885
3349	A	0.3846
3350	C	0.2885
3351	A	0.2885
3352	T	0.4038
3353	C	0.3269
3354	T	0.3077
3355	C	0.2885
3356	C	0.2885
3357	T	0.3269
3358	A	0.3077
3359	T	0.3269
3360	A	0.2885
3361	A	0.3077
3362	T	0.3654
3363	T	0.3846
3364	T	0.2885
3365	G	0.3269
3366	C	0.4038
3367	T	0.3269
3368	A	0.2692
3369	T	0.3269
3370	T	0.3269
3371	C	0.2885
3372	C	0.3654
3373	C	0.3269
3374	G	0.3269
3375	T	0.3846
3376	G	0.2692
3377	T	0.3077
3378	T	0.3269
3379	T	0.3846
3380	A	0.3269
3381	A	0.3654
3382	G	0.2692
3383	C	0.2885
3384	A	0.3077
3385	C	0.4038
3386	T	0.3077
3387	C	0.3269
3388	G	0.3462
3389	T	0.3462
3390	T	0.4038
3391	A	0.3654
3392	T	0.4423
3393	T	0.3077
3394	A	0.3269
3395	C	0.3269
3396	C	0.3077
3397	C	0.3269
3398	A	0.3077
3399	A	0.3269
3400	T	0.3462
3401	C	0.3846
3402	C	0.3654
3403	G	0.3077
3404	C	0.3462
3405	T	0.2692
3406	C	0.2885
3407	T	0.3269
3408	T	0.3846
3409	T	0.3077
3410	T	0.2885
3411	T	0.4231
3412	T	0.3077
3413	T	0.3077
3414	A	0.2885
3415	C	0.3077
3416	T	0.3269
3417	A	0.3077
3418	T	0.3077
3419	C	0.3654
3420	A	0.2885
3421	T	0.3269
3422	T	0.3077
3423	A	0.2885
3424	C	0.2885
3425	A	0.3269
3426	C	0.3269
3427	C	0.3654
3428	A	0.4231
3429	G	0.3269
3430	C	0.4615
3431	C	0.3654
3432	C	0.2692
3433	G	0.3269
3434	C	0.3462
3435	T	0.3462
3436	T	0.3654
3437	C	0.2885
3438	C	0.3654
3439	C	0.3269
3440	A	0.3077
3441	T	0.4038
3442	T	0.2692
3443	C	0.3269
3444	C	0.3462
3445	C	0.3269
3446	G	0.3269
3447	G	0.3269
3448	G	0.3269
3449	A	0.3077
3450	A	0.4615
3451	T	0.2885
3452	G	0.3462
3453	G	0.3269
3454	A	0.2885
3455	G	0.4423
3456	C	0.3462
3457	A	0.2885
3458	A	0.3269
3459	C	0.3462
3460	C	0.3077
3461	A	0.3077
3462	G	0.3077
3463	T	0.3846
3464	T	0.3846
3465	T	0.3462
3466	C	0.3077
3467	T	0.3846
3468	C	0.3077
3469	A	0.2885
3470	T	0.3269
3471	C	0.3462
3472	A	0.3654
3473	C	0.3654
3474	T	0.3269
3475	A	0.3462
3476	G	0.2885
3477	T	0.4808
3478	C	0.4038
3479	C	0.3269
3480	G	0.3462
3481	G	0.3462
3482	C	0.4038
3483	C	0.4038
3484	G	0.2885
3485	A	0.3462
3486	A	0.3269
3487	T	0.4231
3488	A	0.3077
3489	G	0.3269
3490	T	0.3462
3491	A	0.3654
3492	T	0.3077
3493	C	0.3269
3494	G	0.3846
3495	T	0.3269
3496	C	0.3077
3497	T	0.4423
3498	G	0.3654
3499	A	0.3462
3500	A	0.3269
3501	G	0.3269
3502	T	0.3269
3503	G	0.2885
3504	T	0.4615
3505	T	0.4423
3506	A	0.3077
3507	T	0.4231
3508	C	0.2885
3509	T	0.3462
3510	C	0.3269
3511	A	0.3462
3512	T	0.4038
3513	T	0.3269
3514	A	0.3462
3515	A	0.3654
3516	C	0.3462
3517	A	0.2885
3518	A	0.4038
3519	C	0.3654
3520	G	0.2885
3521	C	0.3462
3522	A	0.3269
3523	A	0.3462
3524	A	0.3462
3525	A	0.3269
3526	T	0.2885
3527	G	0.3462
3528	G	0.2692
3529	T	0.3846
3530	C	0.3654
3531	A	0.3462
3532	T	0.3654
3533	T	0.3654
3534	A	0.3077
3535	A	0.2885
3536	T	0.3462
3537	C	0.3462
3538	G	0.3269
3539	T	0.3269
3540	G	0.3846
3541	T	0.3269
3542	G	0.3077
3543	G	0.3462
3544	T	0.4231
3545	C	0.3462
3546	A	0.3462
3547	C	0.2885
3548	T	0.3846
3549	T	0.3462
3550	T	0.3654
3551	A	0.3077
3552	G	0.3269
3553	G	0.4038
3554	T	0.4423
3555	A	0.3077
3556	A	0.3077
3557	T	0.3846
3558	A	0.3654
3559	C	0.3654
3560	C	0.3654
3561	A	0.3846
3562	T	0.3269
3563	T	0.3077
3564	A	0.3269
3565	C	0.4038
3566	T	0.3846
3567	G	0.3462
3568	G	0.3269
3569	C	0.3269
3570	A	0.3462
3571	C	0.3654
3572	C	0.3462
3573	C	0.3077
3574	T	0.2885
3575	T	0.3846
3576	C	0.3269
3577	T	0.3269
3578	C	0.4231
3579	C	0.3654
3580	G	0.2885
3581	C	0.3269
3582	C	0.3654
3583	G	0.3462
3584	T	0.3846
3585	T	0.3269
3586	T	0.2885
3587	C	0.4423
3588	T	0.3846
3589	G	0.4231
3590	C	0.3462
3591	T	0.3077
3592	C	0.3462
3593	A	0.3462
3594	C	0.3269
3595	C	0.3077
3596	T	0.3269
3597	C	0.3269
3598	C	0.2885
3599	C	0.2885
3600	C	0.2692
3601	C	0.3077
3602	C	0.5000
3603	A	0.3654
3604	A	0.3462
3605	A	0.3654
3606	T	0.3462
3607	T	0.2885
3608	C	0.3269
3609	A	0.3077
3610	T	0.2885
3611	G	0.3654
3612	C	0.2885
3613	C	0.4423
3614	A	0.3269
3615	T	0.2692
3616	A	0.2885
3617	C	0.3462
3618	C	0.2885
3619	T	0.3269
3620	C	0.3654
3621	A	0.5577
3622	A	0.2885
3623	T	0.3654
3624	T	0.3654
3625	C	0.2692
3626	A	0.2885
3627	G	0.3462
3628	C	0.3654
3629	A	0.2692
3630	A	0.2885
3631	A	0.2885
3632	T	0.3269
3633	T	0.3462
3634	G	0.3077
3635	T	0.3077
3636	G	0.3077
3637	T	0.4231
3638	A	0.3077
3639	A	0.3462
3640	T	0.3077
3641	C	0.3077
3642	A	0.4038
3643	T	0.4038
3644	A	0.2692
3645	A	0.3654
3646	A	0.2885
3647	T	0.3462
3648	T	0.3269
3649	T	0.3654
3650	C	0.3462
3651	C	0.2885
3652	A	0.4038
3653	G	0.3654
3654	A	0.3462
3655	T	0.3077
3656	A	0.2885
3657	A	0.3077
3658	T	0.4038
3659	T	0.3077
3660	A	0.3654
3661	T	0.3269
3662	C	0.3269
3663	T	0.2692
3664	T	0.2885
3665	C	0.3269
3666	C	0.4038
3667	T	0.2692
3668	C	0.3846
3669	A	0.4038
3670	G	0.3077
3671	C	0.3654
3672	G	0.4231
3673	C	0.2885
3674	C	0.2885
3675	A	0.3269
3676	C	0.3269
3677	A	0.3269
3678	A	0.2885
3679	A	0.2885
3680	A	0.3654
3681	C	0.3269
3682	A	0.3269
3683	C	0.3846
3684	T	0.2885
3685	A	0.3077
3686	C	0.2885
3687	A	0.4231
3688	T	0.2885
3689	C	0.3077
3690	A	0.3846
3691	A	0.3269
3692	T	0.3846
3693	C	0.3077
3694	A	0.3269
3695	A	0.2885
3696	G	0.3077
3697	T	0.2885
3698	C	0.3269
3699	G	0.2885
3700	A	0.3269
3701	C	0.3269
3702	A	0.3654
3703	T	0.3269
3704	C	0.3077
3705	G	0.2885
3706	A	0.3077
3707	A	0.3077
3708	A	0.2885
3709	C	0.2885
3710	G	0.2885
3711	A	0.3846
3712	T	0.4231
3713	C	0.3846
3714	T	0.3654
3715	T	0.3462
3716	C	0.2885
3717	C	0.4423
3718	T	0.3462
3719	C	0.2885
3720	C	0.3077
3721	T	0.4231
3722	T	0.3846
3723	C	0.2885
3724	A	0.3269
3725	G	0.3462
3726	G	0.3269
3727	T	0.3462
3728	A	0.3462
3729	T	0.2692
3730	T	0.3077
3731	A	0.3269
3732	T	0.2692
3733	T	0.3269
3734	T	0.3077
3735	T	0.4231
3736	G	0.3269
3737	C	0.3846
3738	C	0.3846
3739	A	0.3654
3740	G	0.3077
3741	T	0.3269
3742	G	0.3269
3743	T	0.2885
3744	A	0.3462
3745	A	0.3077
3746	A	0.3846
3747	A	0.2885
3748	T	0.3654
3749	C	0.4231
3750	T	0.3077
3751	T	0.3462
3752	T	0.3846
3753	A	0.2692
3754	G	0.4038
3755	C	0.3077
3756	G	0.3077
3757	A	0.2885
3758	G	0.2885
3759	A	0.3269
3760	G	0.3269
3761	T	0.3846
3762	C	0.3269
3763	A	0.3654
3764	T	0.5000
3765	T	0.3077
3766	T	0.2692
3767	A	0.3846
3768	C	0.3462
3769	C	0.3077
3770	A	0.3077
3771	A	0.3462
3772	C	0.2692
3773	G	0.2692
3774	T	0.3269
3775	G	0.3654
3776	T	0.3077
3777	G	0.3077
3778	G	0.3077
3779	A	0.3462
3780	A	0.3269
3781	T	0.3846
3782	A	0.3462
3783	A	0.2885
3784	C	0.3077
3785	A	0.3269
3786	G	0.3269
3787	T	0.3654
3788	T	0.3269
3789	T	0.5192
3790	T	0.3846
3791	A	0.3077
3792	T	0.3269
3793	T	0.3077
3794	C	0.3846
3795	C	0.3654
3796	T	0.3077
3797	T	0.3462
3798	T	0.3846
3799	A	0.3269
3800	T	0.3462
3801	C	0.3269
3802	T	0.3654
3803	C	0.4423
3804	C	0.3462
3805	C	0.3654
3806	T	0.3654
3807	T	0.3077
3808	T	0.3654
3809	A	0.3654
3810	A	0.3269
3811	C	0.3462
3812	C	0.2692
3813	C	0.3462
3814	T	0.3269
3815	C	0.3269
3816	C	0.3077
3817	A	0.3462
3818	A	0.2885
3819	A	0.3462
3820	T	0.4231
3821	A	0.2885
3822	C	0.3462
3823	C	0.3077
3824	C	0.3846
3825	C	0.2885
3826	G	0.2692
3827	A	0.2885
3828	G	0.2692
3829	T	0.3077
3830	T	0.4615
3831	G	0.3077
3832	T	0.3654
3833	T	0.3654
3834	C	0.3077
3835	G	0.3846
3836	C	0.3269
3837	A	0.3462
3838	C	0.3462
3839	G	0.2692
3840	A	0.3846
3841	T	0.3462
3842	A	0.3654
3843	T	0.4038
3844	T	0.3654
3845	T	0.4423
3846	A	0.3077
3847	G	0.3077
3848	C	0.2885
3849	A	0.2692
3850	T	0.2885
3851	T	0.3077
3852	C	0.3846
3853	C	0.3077
3854	T	0.3654
3855	C	0.2885
3856	T	0.3269
3857	C	0.3077
3858	T	0.3269
3859	C	0.2692
3860	A	0.3269
3861	C	0.3654
3862	T	0.2885
3863	T	0.3077
3864	C	0.2885
3865	C	0.2885
3866	C	0.3654
3867	T	0.3654
3868	C	0.3269
3869	T	0.3269
3870	A	0.3269
3871	C	0.3654
3872	A	0.3077
3873	T	0.4038
3874	T	0.3846
3875	T	0.3654
3876	T	0.4615
3877	C	0.3654
3878	T	0.3269
3879	T	0.4038
3880	A	0.3654
3881	T	0.3077
3882	C	0.3269
3883	T	0.3077
3884	C	0.3462
3885	T	0.3654
3886	T	0.3846
3887	A	0.2692
3888	G	0.2885
3889	G	0.3077
3890	A	0.2692
3891	T	0.2885
3892	G	0.3077
3893	T	0.2885
3894	A	0.3654
3895	T	0.3269
3896	A	0.4038
3897	T	0.2692
3898	T	0.3654
3899	T	0.3269
3900	C	0.3846
3901	C	0.3846
3902	A	0.3077
3903	T	0.3846
3904	G	0.3077
3905	T	0.3462
3906	T	0.2885
3907	G	0.2692
3908	T	0.4423
3909	T	0.3269
3910	C	0.3846
3911	T	0.3654
3912	G	0.3462
3913	C	0.4615
3914	T	0.3462
3915	C	0.3077
3916	C	0.3846
3917	A	0.3077
3918	C	0.2885
3919	T	0.3462
3920	G	0.3269
3921	T	0.3462
3922	G	0.3654
3923	C	0.3462
3924	C	0.2885
3925	G	0.2885
3926	A	0.3269
3927	T	0.3462
3928	G	0.3077
3929	C	0.3077
3930	G	0.2692
3931	C	0.2692
3932	T	0.3269
3933	T	0.3269
3934	T	0.3462
3935	C	0.3269
3936	T	0.3269
3937	G	0.2885
3938	A	0.3654
3939	C	0.3846
3940	A	0.2885
3941	A	0.3654
3942	T	0.3846
3943	T	0.3846
3944	A	0.3846
3945	C	0.4231
3946	T	0.3654
3947	T	0.3269
3948	T	0.3462
3949	T	0.3654
3950	C	0.2885
3951	C	0.3846
3952	A	0.4423
3953	A	0.3077
3954	T	0.3077
3955	T	0.4423
3956	C	0.2885
3957	T	0.3269
3958	G	0.3654
3959	C	0.3269
3960	T	0.3462
3961	C	0.3462
3962	T	0.3846
3963	T	0.3269
3964	A	0.2885
3965	C	0.3077
3966	C	0.3269
3967	T	0.3462
3968	T	0.3077
3969	C	0.3269
3970	T	0.4231
3971	C	0.3654
3972	C	0.3654
3973	A	0.3077
3974	T	0.3462
3975	T	0.3269
3976	C	0.3077
3977	G	0.3077
3978	C	0.3269
3979	C	0.3077
3980	T	0.3077
3981	C	0.3462
3982	T	0.3269
3983	A	0.3077
3984	T	0.2885
3985	A	0.3269
3986	G	0.3462
3987	C	0.3077
3988	C	0.3654
3989	T	0.3846
3990	T	0.3654
3991	G	0.3462
3992	C	0.3269
3993	G	0.3269
3994	C	0.2885
3995	A	0.3269
3996	A	0.2885
3997	G	0.2885
3998	A	0.2885
3999	C	0.3846
4000	C	0.2692
4001	C	0.3077
4002	A	0.3077
4003	A	0.3269
4004	G	0.3077
4005	T	0.3269
4006	T	0.4038
4007	A	0.3269
4008	G	0.3846
4009	T	0.3654
4010	C	0.3462
4011	A	0.3654
4012	A	0.3077
4013	T	0.3654
4014	C	0.3462
4015	G	0.2885
4016	G	0.3269
4017	C	0.3846
4018	A	0.3846
4019	T	0.2885
4020	C	0.4038
4021	G	0.3462
4022	T	0.3654
4023	C	0.3462
4024	C	0.2692
4025	C	0.3269
4026	A	0.3462
4027	A	0.2885
4028	T	0.3462
4029	C	0.3077
4030	T	0.3654
4031	A	0.2885
4032	T	0.3269
4033	T	0.3846
4034	T	0.3654
4035	T	0.2692
4036	G	0.3077
4037	A	0.3462
4038	A	0.3269
4039	T	0.3462
4040	G	0.3846
4041	T	0.3654
4042	T	0.3077
4043	G	0.3269
4044	A	0.2692
4045	T	0.3846
4046	A	0.2885
4047	T	0.3269
4048	G	0.2885
4049	T	0.3077
4050	T	0.3654
4051	G	0.4231
4052	C	0.3077
4053	T	0.3077
4054	G	0.3077
4055	G	0.3269
4056	A	0.4231
4057	A	0.2692
4058	T	0.3077
4059	T	0.3077
4060	T	0.2885
4061	C	0.3077
4062	C	0.3462
4063	A	0.3077
4064	T	0.4038
4065	C	0.2692
4066	T	0.3654
4067	T	0.4038
4068	T	0.4423
4069	C	0.2885
4070	A	0.2885
4071	A	0.3269
4072	A	0.3462
4073	A	0.3269
4074	C	0.2692
4075	C	0.3462
4076	A	0.3269
4077	T	0.3654
4078	G	0.3269
4079	G	0.3269
4080	C	0.3462
4081	A	0.3077
4082	C	0.2692
4083	C	0.3654
4084	C	0.4423
4085	A	0.3269
4086	G	0.4423
4087	C	0.2885
4088	C	0.3077
4089	A	0.3077
4090	T	0.2885
4091	C	0.2885
4092	C	0.2692
4093	C	0.3846
4094	T	0.2885
4095	T	0.4038
4096	G	0.3077
4097	T	0.3077
4098	T	0.4423
4099	C	0.3077
4100	A	0.3077
4101	C	0.3077
4102	C	0.3462
4103	A	0.3654
4104	C	0.2885
4105	C	0.3462
4106	T	0.3269
4107	C	0.3269
4108	A	0.3269
4109	T	0.3077
4110	G	0.3269
4111	C	0.3462
4112	T	0.3462
4113	A	0.3269
4114	G	0.2885
4115	G	0.3846
4116	T	0.3077
4117	T	0.4038
4118	C	0.4038
4119	C	0.3077
4120	T	0.3654
4121	T	0.3077
4122	G	0.2885
4123	T	0.3462
4124	G	0.3269
4125	A	0.2692
4126	T	0.3077
4127	T	0.4615
4128	G	0.3269
4129	A	0.3269
4130	T	0.3077
4131	C	0.3269
4132	G	0.2885
4133	A	0.3077
4134	C	0.3654
4135	T	0.2885
4136	A	0.3077
4137	G	0.3462
4138	T	0.3077
4139	T	0.4423
4140	G	0.3462
4141	T	0.4615
4142	T	0.3654
4143	G	0.3654
4144	T	0.4038
4145	C	0.3846
4146	A	0.3846
4147	T	0.3654
4148	T	0.3462
4149	C	0.3462
4150	A	0.4808
4151	T	0.3846
4152	C	0.2885
4153	A	0.2885
4154	T	0.3846
4155	C	0.4423
4156	G	0.3654
4157	T	0.3462
4158	A	0.3269
4159	T	0.3077
4160	C	0.3654
4161	G	0.3269
4162	A	0.3269
4163	C	0.3654
4164	A	0.3269
4165	A	0.4038
4166	T	0.3269
4167	C	0.3077
4168	G	0.3654
4169	G	0.2885
4170	C	0.2885
4171	T	0.3269
4172	C	0.2885
4173	A	0.3077
4174	A	0.3269
4175	T	0.2885
4176	G	0.2885
4177	T	0.2885
4178	A	0.4038
4179	A	0.3269
4180	A	0.2692
4181	G	0.3462
4182	T	0.3077
4183	C	0.3846
4184	C	0.2885
4185	C	0.3269
4186	A	0.3269
4187	C	0.3462
4188	A	0.3269
4189	C	0.3269
4190	T	0.4038
4191	T	0.2692
4192	C	0.3077
4193	T	0.3269
4194	T	0.3269
4195	C	0.3846
4196	A	0.3462
4197	C	0.3077
4198	G	0.3846
4199	A	0.4038
4200	C	0.3462
4201	T	0.3269
4202	T	0.3654
4203	G	0.2885
4204	C	0.2885
4205	G	0.3462
4206	C	0.2885
4207	A	0.2692
4208	C	0.2885
4209	G	0.2692
4210	G	0.2885
4211	G	0.3077
4212	T	0.3462
4213	A	0.3269
4214	T	0.4231
4215	T	0.3462
4216	T	0.3846
4217	C	0.2885
4218	C	0.2885
4219	C	0.3269
4220	T	0.3462
4221	T	0.3846
4222	T	0.3077
4223	G	0.3654
4224	C	0.3462
4225	C	0.3269
4226	C	0.3269
4227	T	0.3269
4228	T	0.3462
4229	C	0.3269
4230	C	0.4038
4231	G	0.2692
4232	A	0.3654
4233	A	0.3462
4234	G	0.3846
4235	G	0.3462
4236	C	0.3269
4237	T	0.3077
4238	T	0.3269
4239	C	0.3077
4240	A	0.2885
4241	T	0.2692
4242	A	0.3462
4243	C	0.3654
4244	C	0.2885
4245	T	0.3846
4246	C	0.3269
4247	T	0.3846
4248	T	0.3846
4249	A	0.3269
4250	A	0.3846
4251	G	0.2692
4252	G	0.2885
4253	A	0.2885
4254	G	0.2692
4255	T	0.2885
4256	T	0.3846
4257	T	0.3462
4258	A	0.4231
4259	A	0.3269
4260	C	0.3077
4261	T	0.3269
4262	A	0.3462
4263	T	0.3654
4264	G	0.3269
4265	G	0.3654
4266	T	0.3462
4267	A	0.4423
4268	T	0.4423
4269	A	0.2885
4270	C	0.3846
4271	G	0.3269
4272	G	0.3077
4273	T	0.4038
4274	T	0.3077
4275	T	0.4423
4276	C	0.3462
4277	A	0.3654
4278	T	0.3846
4279	T	0.3654
4280	C	0.3654
4281	C	0.4038
4282	C	0.3846
4283	C	0.3269
4284	C	0.3077
4285	C	0.3654
4286	T	0.3077
4287	G	0.3077
4288	G	0.2885
4289	T	0.3462
4290	G	0.2885
4291	T	0.3269
4292	C	0.3077
4293	G	0.3077
4294	T	0.3077
4295	G	0.3077
4296	C	0.2885
4297	A	0.2885
4298	T	0.3077
4299	T	0.3269
4300	C	0.3269
4301	C	0.3269
4302	A	0.3654
4303	C	0.3077
4304	G	0.4038
4305	C	0.4615
4306	T	0.3462
4307	T	0.3077
4308	T	0.3462
4309	G	0.4038
4310	T	0.3462
4311	A	0.3077
4312	G	0.2885
4313	T	0.3077
4314	C	0.3654
4315	T	0.3846
4316	T	0.3269
4317	A	0.3654
4318	T	0.3269
4319	G	0.2885
4320	T	0.2885
4321	C	0.3077
4322	T	0.3077
4323	T	0.3654
4324	C	0.3462
4325	T	0.2885
4326	C	0.3462
4327	A	0.3077
4328	T	0.3654
4329	A	0.2692
4330	A	0.3077
4331	C	0.3077
4332	C	0.3654
4333	A	0.3462
4334	T	0.3269
4335	C	0.3269
4336	T	0.2692
4337	G	0.3077
4338	C	0.3269
4339	C	0.2692
4340	A	0.2885
4341	G	0.3077
4342	T	0.2885
4343	T	0.2885
4344	T	0.3077
4345	G	0.4038
4346	G	0.3462
4347	C	0.2692
4348	A	0.3077
4349	T	0.3077
4350	A	0.3846
4351	T	0.3077
4352	G	0.3654
4353	C	0.3462
4354	C	0.3269
4355	C	0.3077
4356	A	0.2692
4357	C	0.3462
4358	C	0.3077
4359	A	0.3269
4360	C	0.2885
4361	G	0.3654
4362	C	0.2885
4363	A	0.3269
4364	T	0.3077
4365	G	0.3077
4366	T	0.4038
4367	T	0.3462
4368	C	0.3846
4369	A	0.3269
4370	C	0.3654
4371	A	0.2885
4372	T	0.3846
4373	C	0.2885
4374	C	0.3269
4375	C	0.3269
4376	G	0.3269
4377	T	0.3654
4378	T	0.3654
4379	A	0.3077
4380	C	0.3269
4381	C	0.3654
4382	T	0.2885
4383	G	0.4038
4384	T	0.3846
4385	T	0.4231
4386	T	0.2692
4387	A	0.3077
4388	A	0.3077
4389	G	0.3462
4390	T	0.4038
4391	C	0.2885
4392	G	0.3654
4393	C	0.2885
4394	A	0.2885
4395	C	0.2885
4396	A	0.3462
4397	G	0.3846
4398	A	0.3269
4399	A	0.4615
4400	C	0.4038
4401	G	0.4038
4402	C	0.3654
4403	T	0.3077
4404	C	0.3462
4405	A	0.3269
4406	G	0.3462
4407	A	0.3654
4408	T	0.2692
4409	G	0.3654
4410	A	0.2692
4411	C	0.3077
4412	T	0.3269
4413	T	0.3077
4414	T	0.3077
4415	G	0.3077
4416	C	0.3654
4417	A	0.4038
4418	T	0.3462
4419	C	0.3462
4420	T	0.3846
4421	T	0.3077
4422	G	0.3077
4423	A	0.2885
4424	C	0.2692
4425	C	0.3846
4426	T	0.3269
4427	A	0.2885
4428	A	0.2885
4429	A	0.3846
4430	G	0.3462
4431	C	0.2885
4432	G	0.3462
4433	A	0.2692
4434	T	0.3077
4435	A	0.2885
4436	A	0.3654
4437	T	0.3462
4438	A	0.4615
4439	C	0.3462
4440	A	0.2885
4441	C	0.3269
4442	T	0.2885
4443	C	0.4231
4444	C	0.3846
4445	T	0.3846
4446	T	0.3077
4447	T	0.3269
4448	G	0.3462
4449	T	0.3269
4450	A	0.3462
4451	A	0.3269
4452	T	0.3077
4453	T	0.2885
4454	T	0.2885
4455	A	0.3269
4456	T	0.3462
4457	T	0.2692
4458	C	0.3269
4459	A	0.4231
4460	G	0.2692
4461	T	0.3269
4462	A	0.4038
4463	A	0.3846
4464	A	0.3654
4465	C	0.3462
4466	A	0.2885
4467	G	0.2885
4468	A	0.3077
4469	G	0.2885
4470	A	0.3654
4471	A	0.3846
4472	T	0.4231
4473	T	0.3462
4474	T	0.3654
4475	G	0.3654
4476	T	0.3654
4477	G	0.3654
4478	A	0.3846
4479	T	0.4615
4480	A	0.3462
4481	A	0.4038
4482	C	0.3846
4483	A	0.3654
4484	G	0.2692
4485	A	0.3846
4486	C	0.3269
4487	G	0.3077
4488	G	0.3077
4489	A	0.3077
4490	G	0.3269
4491	T	0.3462
4492	C	0.3269
4493	G	0.2885
4494	T	0.3077
4495	C	0.3269
4496	C	0.3462
4497	T	0.3654
4498	A	0.3077
4499	T	0.3077
4500	T	0.3269
4501	T	0.2692
4502	T	0.3269
4503	C	0.2692
4504	G	0.3462
4505	T	0.4038
4506	T	0.4038
4507	T	0.2885
4508	T	0.4038
4509	A	0.3077
4510	A	0.2692
4511	T	0.3077
4512	G	0.2885
4513	C	0.3269
4514	A	0.3077
4515	T	0.3462
4516	T	0.3846
4517	G	0.3269
4518	C	0.2885
4519	G	0.3077
4520	A	0.2885
4521	T	0.4423
4522	T	0.3077
4523	T	0.3846
4524	C	0.3462
4525	A	0.2885
4526	T	0.2692
4527	T	0.3269
4528	T	0.3462
4529	T	0.3846
4530	T	0.4808
4531	T	0.3462
4532	A	0.2885
4533	A	0.3269
4534	C	0.3654
4535	T	0.2692
4536	G	0.3077
4537	A	0.3654
4538	A	0.3077
4539	A	0.3462
4540	A	0.3269
4541	G	0.2692
4542	C	0.3269
4543	A	0.3654
4544	T	0.3462
4545	C	0.3077
4546	A	0.2885
4547	T	0.3654
4548	C	0.3077
4549	T	0.3846
4550	C	0.3077
4551	T	0.4423
4552	T	0.3462
4553	A	0.2885
4554	T	0.4038
4555	C	0.2885
4556	C	0.3077
4557	G	0.2885
4558	T	0.3077
4559	T	0.2885
4560	C	0.2885
4561	A	0.3654
4562	T	0.3462
4563	T	0.3269
4564	G	0.3077
4565	C	0.3269
4566	T	0.3654
4567	A	0.3077
4568	T	0.3269
4569	T	0.3077
4570	A	0.3077
4571	A	0.3462
4572	T	0.3462
4573	T	0.3077
4574	T	0.3077
4575	T	0.3269
4576	T	0.2692
4577	G	0.3654
4578	G	0.3846
4579	C	0.3846
4580	G	0.3269
4581	A	0.3654
4582	A	0.3269
4583	C	0.2885
4584	A	0.3269
4585	A	0.3846
4586	G	0.3462
4587	G	0.3077
4588	T	0.2885
4589	G	0.3077
4590	A	0.3269
4591	C	0.3077
4592	T	0.2692
4593	G	0.2885
4594	T	0.3077
4595	T	0.3077
4596	G	0.3077
4597	G	0.3269
4598	G	0.3654
4599	T	0.4038
4600	T	0.3077
4601	T	0.3269
4602	T	0.4423
4603	A	0.2885
4604	G	0.3077
4605	C	0.3269
4606	T	0.3462
4607	T	0.2500
4608	T	0.3077
4609	A	0.4423
4610	A	0.4038
4611	T	0.3462
4612	T	0.4038
4613	G	0.3269
4614	C	0.3269
4615	C	0.2885
4616	G	0.3462
4617	G	0.3462
4618	T	0.3462
4619	C	0.3077
4620	C	0.3269
4621	A	0.2885
4622	T	0.3077
4623	T	0.4231
4624	G	0.3462
4625	T	0.3654
4626	T	0.3462
4627	C	0.3077
4628	C	0.2885
4629	C	0.3269
4630	C	0.3654
4631	T	0.4231
4632	T	0.4231
4633	A	0.3654
4634	A	0.3462
4635	T	0.3846
4636	C	0.2885
4637	A	0.3846
4638	C	0.3077
4639	A	0.3654
4640	A	0.3654
4641	T	0.3462
4642	G	0.3269
4643	T	0.4808
4644	T	0.2885
4645	G	0.3462
4646	G	0.3077
4647	G	0.3269
4648	A	0.3077
4649	G	0.2885
4650	C	0.3654
4651	T	0.2885
4652	T	0.3846
4653	T	0.3077
4654	G	0.2885
4655	A	0.3654
4656	G	0.3462
4657	G	0.3077
4658	C	0.3846
4659	G	0.3269
4660	A	0.2885
4661	T	0.4038
4662	A	0.3077
4663	A	0.3269
4664	A	0.3269
4665	C	0.3077
4666	C	0.3846
4667	A	0.3846
4668	T	0.3462
4669	T	0.3269
4670	T	0.3269
4671	G	0.3846
4672	C	0.3846
4673	A	0.3654
4674	A	0.2885
4675	C	0.3462
4676	A	0.3269
4677	A	0.3654
4678	T	0.3462
4679	C	0.3462
4680	T	0.3077
4681	T	0.3077
4682	C	0.3846
4683	A	0.4038
4684	A	0.3654
4685	T	0.3077
4686	C	0.2692
4687	C	0.3462
4688	A	0.4231
4689	T	0.3846
4690	C	0.2885
4691	T	0.3077
4692	A	0.3462
4693	T	0.3077
4694	A	0.2885
4695	T	0.4038
4696	C	0.3077
4697	A	0.3269
4698	T	0.3077
4699	T	0.2692
4700	C	0.3654
4701	T	0.2692
4702	T	0.3269
4703	A	0.3462
4704	C	0.3462
4705	A	0.3269
4706	C	0.3462
4707	C	0.3077
4708	A	0.3462
4709	C	0.3269
4710	G	0.3077
4711	C	0.3462
4712	T	0.3077
4713	T	0.3462
4714	A	0.3462
4715	C	0.3462
4716	C	0.2885
4717	G	0.3077
4718	T	0.3846
4719	T	0.3654
4720	C	0.3077
4721	C	0.3077
4722	G	0.3462
4723	C	0.3846
4724	C	0.3077
4725	C	0.3846
4726	A	0.3654
4727	T	0.3077
4728	A	0.3077
4729	T	0.2885
4730	G	0.3077
4731	T	0.3269
4732	C	0.3077
4733	C	0.3077
4734	A	0.3269
4735	G	0.3269
4736	C	0.3462
4737	G	0.3077
4738	C	0.3462
4739	C	0.2885
4740	T	0.3846
4741	T	0.3462
4742	C	0.3077
4743	C	0.3654
4744	A	0.3269
4745	C	0.3077
4746	C	0.3654
4747	G	0.3654
4748	A	0.2692
4749	A	0.3654
4750	A	0.3654
4751	C	0.3077
4752	A	0.3846
4753	T	0.3462
4754	A	0.3846
4755	A	0.3077
4756	A	0.3846
4757	T	0.3654
4758	C	0.3269
4759	A	0.3077
4760	G	0.2692
4761	C	0.3269
4762	T	0.4231
4763	G	0.2885
4764	G	0.3077
4765	G	0.2692
4766	A	0.2885
4767	A	0.3462
4768	C	0.3654
4769	C	0.4038
4770	C	0.3846
4771	G	0.3462
4772	T	0.3462
4773	A	0.3269
4774	G	0.3654
4775	T	0.5000
4776	A	0.3269
4777	T	0.4231
4778	C	0.3846
4779	T	0.4231
4780	T	0.3846
4781	A	0.3269
4782	G	0.3077
4783	C	0.3654
4784	C	0.2692
4785	G	0.3462
4786	T	0.3462
4787	A	0.3269
4788	T	0.3269
4789	T	0.3462
4790	T	0.4808
4791	T	0.3462
4792	A	0.3269
4793	A	0.2885
4794	T	0.3077
4795	T	0.3269
4796	C	0.2885
4797	C	0.3462
4798	C	0.3269
4799	G	0.3269
4800	C	0.3077
4801	A	0.3462
4802	T	0.4038
4803	A	0.3654
4804	A	0.3269
4805	C	0.4038
4806	G	0.2885
4807	C	0.3654
4808	T	0.3077
4809	T	0.3654
4810	C	0.3269
4811	C	0.4038
4812	G	0.3077
4813	A	0.3269
4814	G	0.3269
4815	A	0.3654
4816	T	0.4038
4817	C	0.3654
4818	A	0.2885
4819	G	0.2885
4820	G	0.3077
4821	G	0.3462
4822	C	0.3654
4823	A	0.3462
4824	C	0.3269
4825	C	0.3077
4826	G	0.3269
4827	C	0.4423
4828	T	0.4423
4829	C	0.3077
4830	C	0.3846
4831	C	0.3077
4832	G	0.3077
4833	T	0.3462
4834	T	0.3462
4835	C	0.3077
4836	G	0.3269
4837	G	0.2885
4838	T	0.4423
4839	A	0.3077
4840	A	0.3846
4841	T	0.3077
4842	A	0.2885
4843	C	0.3077
4844	C	0.3269
4845	T	0.3077
4846	G	0.3654
4847	A	0.4615
4848	C	0.3462
4849	C	0.3269
4850	C	0.2885
4851	G	0.2885
4852	T	0.4038
4853	C	0.3654
4854	A	0.3077
4855	C	0.2885
4856	A	0.3077
4857	T	0.3269
4858	T	0.3269
4859	A	0.2885
4860	G	0.3462
4861	A	0.3269
4862	T	0.3269
4863	C	0.3077
4864	A	0.3077
4865	T	0.3462
4866	C	0.3846
4867	G	0.3077
4868	C	0.3462
4869	A	0.3077
4870	A	0.4808
4871	G	0.2500
4872	T	0.3077
4873	T	0.3077
4874	A	0.4231
4875	A	0.3846
4876	A	0.2692
4877	T	0.4423
4878	C	0.2885
4879	T	0.2885
4880	T	0.3077
4881	A	0.3462
4882	A	0.3269
4883	A	0.3654
4884	T	0.3077
4885	C	0.3846
4886	A	0.2885
4887	T	0.3269
4888	C	0.3077
4889	T	0.2885
4890	C	0.3269
4891	G	0.3077
4892	A	0.3654
4893	C	0.3846
4894	C	0.3077
4895	G	0.2885
4896	T	0.3462
4897	T	0.3654
4898	T	0.3269
4899	T	0.3462
4900	T	0.2692
4901	G	0.3077
4902	C	0.3077
4903	C	0.3269
4904	C	0.3462
4905	A	0.3077
4906	C	0.3269
4907	A	0.2885
4908	G	0.4038
4909	C	0.3269
4910	A	0.3462
4911	G	0.2692
4912	A	0.3077
4913	T	0.2692
4914	C	0.3462
4915	A	0.3654
4916	G	0.2885
4917	T	0.3269
4918	A	0.3269
4919	C	0.2885
4920	A	0.3077
4921	C	0.3269
4922	A	0.3269
4923	G	0.3269
4924	T	0.2885
4925	T	0.2692
4926	T	0.2885
4927	A	0.3077
4928	A	0.3654
4929	T	0.4231
4930	A	0.4231
4931	T	0.3462
4932	T	0.2885
4933	T	0.4231
4934	T	0.4615
4935	A	0.3077
4936	C	0.3269
4937	T	0.3077
4938	G	0.3269
4939	T	0.3077
4940	T	0.3462
4941	T	0.3077
4942	A	0.3077
4943	A	0.3269
4944	T	0.3077
4945	G	0.3077
4946	T	0.3846
4947	G	0.2692
4948	T	0.3462
4949	T	0.3077
4950	T	0.3077
4951	G	0.3462
4952	G	0.3269
4953	T	0.3269
4954	A	0.3077
4955	A	0.3269
4956	G	0.2885
4957	A	0.2692
4958	T	0.4231
4959	T	0.3462
4960	G	0.3269
4961	A	0.3462
4962	C	0.3269
4963	T	0.2692
4964	A	0.3269
4965	A	0.3462
4966	T	0.2885
4967	T	0.2885
4968	T	0.3269
4969	A	0.3269
4970	T	0.3654
4971	G	0.3654
4972	A	0.3077
4973	A	0.4808
4974	T	0.4423
4975	T	0.3654
4976	T	0.3269
4977	G	0.2885
4978	T	0.4038
4979	C	0.2885
4980	C	0.4038
4981	A	0.3654
4982	A	0.3269
4983	T	0.3654
4984	A	0.3077
4985	G	0.3077
4986	C	0.3462
4987	T	0.2885
4988	A	0.4231
4989	T	0.3462
4990	A	0.3846
4991	G	0.3654
4992	C	0.3654
4993	T	0.3654
4994	C	0.3077
4995	G	0.3269
4996	C	0.3462
4997	G	0.4038
4998	A	0.3077
4999	T	0.3269
5000	T	0.3269
5001	T	0.3846
5002	G	0.2885
5003	G	0.3269
5004	T	0.2885
5005	G	0.4423
5006	C	0.3269
5007	C	0.3269
5008	G	0.3077
5009	T	0.4038
5010	G	0.3077
5011	A	0.3846
5012	C	0.3462
5013	A	0.2692
5014	G	0.3462
5015	A	0.3077
5016	C	0.3077
5017	C	0.3462
5018	A	0.2885
5019	T	0.3077
5020	A	0.3269
5021	C	0.4038
5022	A	0.3654
5023	A	0.3269
5024	C	0.3269
5025	A	0.3077
5026	C	0.3269
5027	C	0.3462
5028	C	0.4038
5029	T	0.3269
5030	G	0.3654
5031	C	0.3269
5032	C	0.3846
5033	A	0.3654
5034	C	0.3462
5035	G	0.3462
5036	G	0.3269
5037	C	0.3462
5038	C	0.3462
5039	G	0.3077
5040	T	0.3846
5041	G	0.3077
5042	C	0.2885
5043	T	0.2692
5044	A	0.3269
5045	T	0.3846
5046	G	0.2885
5047	G	0.3269
5048	T	0.3846
5049	G	0.4231
5050	G	0.2692
5051	T	0.3269
5052	G	0.3462
5053	C	0.2885
5054	C	0.3077
5055	A	0.3846
5056	A	0.3654
5057	A	0.2885
5058	T	0.3269
5059	G	0.3077
5060	C	0.3846
5061	C	0.3077
5062	G	0.2692
5063	G	0.2885
5064	G	0.3269
5065	T	0.3846
5066	G	0.3077
5067	G	0.2692
5068	A	0.3846
5069	C	0.2885
5070	G	0.3077
5071	C	0.3077
5072	G	0.2885
5073	G	0.3077
5074	G	0.4808
5075	C	0.3462
5076	C	0.2885
5077	T	0.3077
5078	T	0.2885
5079	T	0.2692
5080	G	0.3462
5081	T	0.3654
5082	A	0.3077
5083	T	0.3654
5084	T	0.3269
5085	A	0.4038
5086	A	0.3269
5087	T	0.3654
5088	T	0.2885
5089	C	0.3462
5090	T	0.2885
5091	A	0.3269
5092	A	0.3269
5093	C	0.2885
5094	C	0.3269
5095	A	0.3077
5096	T	0.3654
5097	T	0.3462
5098	G	0.3077
5099	A	0.3462
5100	A	0.3654
5101	T	0.2885
5102	T	0.3846
5103	T	0.3462
5104	G	0.3269
5105	T	0.3077
5106	C	0.3269
5107	C	0.3077
5108	G	0.3269
5109	T	0.4615
5110	T	0.2885
5111	T	0.3462
5112	A	0.3269
5113	T	0.3269
5114	G	0.3269
5115	A	0.4038
5116	T	0.3269
5117	G	0.2885
5118	C	0.3077
5119	A	0.3077
5120	A	0.3269
5121	T	0.2692
5122	T	0.3269
5123	C	0.3462
5124	C	0.2885
5125	G	0.3654
5126	C	0.3846
5127	T	0.4038
5128	T	0.3077
5129	T	0.3654
5130	A	0.3654
5131	T	0.3269
5132	G	0.3077
5133	A	0.3269
5134	C	0.3077
5135	C	0.2692
5136	C	0.3654
5137	T	0.3077
5138	C	0.2885
5139	T	0.2885
5140	T	0.2885
5141	T	0.3077
5142	G	0.3269
5143	G	0.3269
5144	A	0.2885
5145	T	0.3462
5146	C	0.3462
5147	T	0.3269
5148	T	0.3269
5149	C	0.3462
5150	A	0.2885
5151	G	0.3846
5152	A	0.2885
5153	C	0.2885
5154	T	0.3077
5155	T	0.3269
5156	T	0.3269
5157	C	0.3462
5158	T	0.2885
5159	C	0.2885
5160	T	0.3846
5161	T	0.3269
5162	T	0.3654
5163	T	0.2885
5164	C	0.3077
5165	C	0.3077
5166	T	0.3077
5167	G	0.3654
5168	A	0.3654
5169	A	0.3462
5170	A	0.3462
5171	A	0.3269
5172	A	0.4038
5173	G	0.2885
5174	C	0.2885
5175	G	0.2692
5176	C	0.3077
5177	A	0.3654
5178	A	0.3269
5179	T	0.3077
5180	A	0.3269
5181	A	0.3654
5182	A	0.3269
5183	C	0.3462
5184	A	0.4423
5185	T	0.2692
5186	C	0.3462
5187	T	0.3846
5188	G	0.2885
5189	G	0.3269
5190	C	0.3269
5191	G	0.3269
5192	A	0.3462
5193	G	0.3269
5194	T	0.3654
5195	A	0.3654
5196	A	0.3462
5197	T	0.2885
5198	T	0.3269
5199	A	0.3462
5200	T	0.3846
5201	G	0.3077
5202	A	0.3654
5203	T	0.3077
5204	T	0.4038
5205	G	0.2885
5206	G	0.3077
5207	C	0.3654
5208	T	0.4615
5209	C	0.4038
5210	T	0.3462
5211	C	0.4423
5212	T	0.3269
5213	T	0.3846
5214	G	0.3269
5215	C	0.4423
5216	C	0.3654
5217	G	0.3654
5218	C	0.3462
5219	C	0.3462
5220	A	0.3269
5221	G	0.2885
5222	C	0.2885
5223	A	0.3462
5224	G	0.3269
5225	G	0.4615
5226	T	0.4423
5227	G	0.3462
5228	A	0.3846
5229	T	0.3269
5230	G	0.3654
5231	G	0.2885
5232	A	0.3846
5233	T	0.3846
5234	C	0.3077
5235	C	0.4808
5236	G	0.3462
5237	A	0.3462
5238	G	0.3269
5239	A	0.3077
5240	T	0.3462
5241	C	0.3462
5242	G	0.3269
5243	T	0.3269
5244	A	0.3077
5245	A	0.3269
5246	C	0.3077
5247	A	0.3269
5248	C	0.3077
5249	G	0.3269
5250	C	0.3269
5251	A	0.3269
5252	T	0.3077
5253	C	0.2885
5254	C	0.3462
5255	C	0.2885
5256	C	0.3077
5257	A	0.3077
5258	C	0.3269
5259	T	0.3333
5260	T	0.2941
5261	G	0.3333
5262	G	0.3137
5263	C	0.5490
5264	G	0.3137
5265	G	0.4118
5266	T	0.4118
5267	A	0.3137
5268	A	0.3725
5269	A	0.3922
5270	G	0.3725
5271	G	0.3333
5272	C	0.2941
5273	T	0.3333
5274	G	0.3137
5275	G	0.3137
5276	T	0.3333
5277	C	0.2941
5278	T	0.2941
5279	G	0.3137
5280	G	0.3725
5281	A	0.3725
5282	T	0.2941
5283	C	0.2745
5284	G	0.3725
5285	G	0.3725
5286	C	0.2941
5287	C	0.3529
5288	T	0.3725
5289	T	0.2549
5290	T	0.2941
5291	C	0.4314
5292	G	0.3529
5293	C	0.2941
5294	A	0.4314
5295	A	0.3725
5296	T	0.3137
5297	T	0.2745
5298	A	0.3725
5299	A	0.3725
5300	T	0.3137
5301	C	0.3333
5302	T	0.3137
5303	G	0.3137
5304	A	0.3137
5305	C	0.2745
5306	A	0.3137
5307	A	0.3725
5308	A	0.3137
5309	A	0.3922
5310	T	0.2941
5311	G	0.2941
5312	A	0.3137
5313	G	0.3137
5314	A	0.3529
5315	C	0.3137
5316	T	0.2941
5317	C	0.2941
5318	T	0.3922
5319	A	0.2745
5320	T	0.2941
5321	A	0.2745
5322	C	0.3922
5323	T	0.3333
5324	T	0.2549
5325	C	0.3529
5326	G	0.3137
5327	G	0.3529
5328	C	0.3529
5329	A	0.2745
5330	A	0.3333
5331	T	0.2745
5332	G	0.3137
5333	A	0.3922
5334	A	0.3333
5335	T	0.3725
5336	G	0.3922
5337	A	0.3333
5338	T	0.3529
5339	C	0.2941
5340	T	0.3529
5341	T	0.3922
5342	T	0.3333
5343	A	0.3333
5344	T	0.2941
5345	T	0.2941
5346	A	0.2745
5347	C	0.4314
5348	A	0.3333
5349	G	0.3137
5350	A	0.3137
5351	A	0.2941
5352	T	0.3529
5353	T	0.3922
5354	G	0.3333
5355	T	0.3137
5356	A	0.3725
5357	T	0.2941
5358	A	0.3333
5359	C	0.3725
5360	T	0.2745
5361	G	0.3922
5362	T	0.3137
5363	C	0.3922
5364	A	0.3333
5365	C	0.3137
5366	A	0.3529
5367	T	0.3333
5368	T	0.3333
5369	G	0.3922
5370	G	0.2941
5371	A	0.3137
5372	A	0.3333
5373	C	0.4706
5374	C	0.2941
5375	G	0.3725
5376	C	0.3137
5377	T	0.3137
5378	G	0.3725
5379	A	0.3137
5380	T	0.3922
5381	G	0.3529
5382	T	0.3922
5383	A	0.3137
5384	G	0.3529
5385	C	0.3529
5386	T	0.4706
5387	A	0.3137
5388	C	0.3725
5389	G	0.3529
5390	C	0.3725
5391	C	0.3725
5392	T	0.3725
5393	T	0.3529
5394	T	0.3725
5395	A	0.2941
5396	A	0.3137
5397	T	0.3725
5398	C	0.3137
5399	G	0.3333
5400	C	0.3922
5401	C	0.4510
5402	T	0.2549
5403	C	0.3725
5404	A	0.3922
5405	C	0.3333
5406	A	0.3137
5407	C	0.3137
5408	C	0.3529
5409	A	0.4118
5410	C	0.3137
5411	A	0.2745
5412	T	0.3529
5413	G	0.3137
5414	C	0.3333
5415	G	0.3137
5416	C	0.3529
5417	G	0.2745
5418	A	0.2745
5419	G	0.2941
5420	C	0.3529
5421	A	0.3137
5422	A	0.3333
5423	A	0.3333
5424	G	0.3725
5425	C	0.2941
5426	G	0.3725
5427	T	0.4118
5428	G	0.3333
5429	G	0.2941
5430	T	0.3529
5431	C	0.4118
5432	C	0.2549
5433	T	0.2941
5434	G	0.4902
5435	G	0.3529
5436	C	0.4118
5437	T	0.3333
5438	G	0.3137
5439	A	0.3137
5440	T	0.3137
5441	C	0.3529
5442	C	0.4118
5443	G	0.3529
5444	A	0.2941
5445	A	0.3725
5446	T	0.3529
5447	T	0.2941
5448	A	0.3725
5449	T	0.4706
5450	G	0.3922
5451	T	0.3333
5452	G	0.4118
5453	A	0.2941
5454	C	0.3333
5455	G	0.3137
5456	T	0.3333
5457	T	0.3725
5458	T	0.4118
5459	G	0.3725
5460	C	0.3529
5461	T	0.4118
5462	A	0.2941
5463	T	0.3333
5464	A	0.2745
5465	G	0.3529
5466	T	0.3333
5467	C	0.3333
5468	A	0.2745
5469	A	0.3333
5470	G	0.2941
5471	G	0.4118
5472	T	0.3333
5473	C	0.2941
5474	C	0.2941
5475	T	0.3725
5476	T	0.3137
5477	C	0.3529
5478	C	0.3529
5479	T	0.4118
5480	C	0.3529
5481	C	0.3137
5482	T	0.3137
5483	G	0.3333
5484	A	0.2941
5485	C	0.3333
5486	G	0.3529
5487	A	0.3529
5488	T	0.2745
5489	C	0.3137
5490	C	0.3725
5491	G	0.3333
5492	T	0.3137
5493	T	0.3137
5494	A	0.2745
5495	G	0.3333
5496	A	0.2941
5497	T	0.3529
5498	G	0.3529
5499	T	0.3922
5500	T	0.3137
5501	G	0.3529
5502	C	0.3333
5503	G	0.3725
5504	C	0.3137
5505	T	0.3333
5506	C	0.3137
5507	A	0.3137
5508	T	0.3333
5509	A	0.3333
5510	G	0.2941
5511	A	0.2941
5512	G	0.3725
5513	G	0.3137
5514	T	0.3333
5515	C	0.3333
5516	A	0.3725
5517	T	0.4314
5518	T	0.4118
5519	C	0.2745
5520	A	0.2941
5521	A	0.3137
5522	C	0.3137
5523	A	0.3333
5524	C	0.3529
5525	G	0.3529
5526	G	0.3529
5527	G	0.3333
5528	T	0.5098
5529	C	0.2745
5530	A	0.3333
5531	G	0.3725
5532	C	0.3137
5533	T	0.2941
5534	C	0.2745
5535	C	0.3922
5536	G	0.3333
5537	G	0.3137
5538	T	0.3137
5539	G	0.2941
5540	C	0.3333
5541	C	0.2941
5542	G	0.2549
5543	A	0.3922
5544	A	0.3922
5545	C	0.3333
5546	T	0.3137
5547	T	0.3922
5548	C	0.3725
5549	G	0.2941
5550	C	0.4118
5551	C	0.3725
5552	G	0.4314
5553	T	0.3922
5554	T	0.3529
5555	T	0.3137
5556	T	0.3137
5557	A	0.3725
5558	A	0.2941
5559	C	0.3725
5560	G	0.3137
5561	A	0.3333
5562	T	0.3333
5563	T	0.3333
5564	T	0.3725
5565	T	0.2941
5566	T	0.2941
5567	A	0.3529
5568	T	0.2941
5569	T	0.2941
5570	A	0.2941
5571	G	0.2941
5572	T	0.3529
5573	A	0.3333
5574	T	0.3333
5575	A	0.3333
5576	T	0.3333
5577	C	0.3529
5578	T	0.3529
5579	A	0.3137
5580	G	0.2941
5581	C	0.3333
5582	A	0.4706
5583	T	0.3137
5584	T	0.3137
5585	G	0.3333
5586	A	0.3333
5587	G	0.3529
5588	A	0.3529
5589	G	0.2941
5590	T	0.3529
5591	T	0.3725
5592	C	0.3529
5593	T	0.4510
5594	T	0.2941
5595	C	0.3922
5596	G	0.2549
5597	G	0.2745
5598	T	0.2941
5599	T	0.3137
5600	A	0.3922
5601	T	0.3922
5602	T	0.2745
5603	G	0.3333
5604	A	0.2941
5605	T	0.3333
5606	G	0.3922
5607	T	0.2941
5608	C	0.4510
5609	G	0.2941
5610	A	0.2745
5611	T	0.4510
5612	T	0.3529
5613	T	0.3725
5614	T	0.3137
5615	A	0.3137
5616	G	0.3333
5617	C	0.3137
5618	A	0.2941
5619	C	0.3725
5620	A	0.3529
5621	G	0.3725
5622	A	0.3137
5623	A	0.2745
5624	G	0.3137
5625	T	0.5490
5626	T	0.3529
5627	T	0.3529
5628	T	0.3137
5629	T	0.3529
5630	T	0.3529
5631	T	0.3725
5632	T	0.3529
5633	G	0.3725
5634	G	0.2745
5635	C	0.2941
5636	T	0.4118
5637	A	0.3922
5638	C	0.2745
5639	T	0.3725
5640	T	0.2745
5641	T	0.2941
5642	A	0.3137
5643	G	0.3333
5644	T	0.2941
5645	G	0.3529
5646	G	0.3922
5647	T	0.2941
5648	T	0.2941
5649	A	0.3137
5650	C	0.3333
5651	C	0.4510
5652	A	0.4902
5653	C	0.2941
5654	A	0.3529
5655	G	0.2549
5656	C	0.2745
5657	A	0.2941
5658	A	0.3333
5659	C	0.3725
5660	G	0.3333
5661	C	0.2745
5662	T	0.3333
5663	A	0.2745
5664	A	0.3333
5665	C	0.2941
5666	G	0.2745
5667	T	0.3333
5668	T	0.3529
5669	C	0.2941
5670	G	0.3137
5671	A	0.3333
5672	A	0.3333
5673	T	0.3529
5674	T	0.4902
5675	A	0.3333
5676	T	0.3137
5677	T	0.3922
5678	A	0.3137
5679	A	0.3137
5680	T	0.3529
5681	A	0.2941
5682	T	0.3725
5683	T	0.3922
5684	T	0.2941
5685	T	0.3333
5686	C	0.3333
5687	T	0.3137
5688	A	0.3725
5689	T	0.2941
5690	T	0.3529
5691	T	0.3725
5692	T	0.3725
5693	T	0.3137
5694	T	0.2941
5695	C	0.3725
5696	G	0.3725
5697	T	0.2941
5698	T	0.3137
5699	G	0.2941
5700	T	0.2941
5701	G	0.3725
5702	G	0.2941
5703	A	0.5098
5704	G	0.2745
5705	T	0.3529
5706	T	0.3333
5707	A	0.3333
5708	A	0.4118
5709	T	0.3529
5710	G	0.2941
5711	A	0.3137
5712	T	0.3333
5713	T	0.3137
5714	T	0.2941
5715	C	0.3333
5716	G	0.2941
5717	T	0.3529
5718	A	0.3333
5719	A	0.3137
5720	C	0.3137
5721	A	0.2941
5722	A	0.3725
5723	A	0.2941
5724	G	0.3529
5725	C	0.3137
5726	A	0.3333
5727	T	0.3922
5728	T	0.3333
5729	G	0.3333
5730	A	0.2745
5731	T	0.2941
5732	A	0.3333
5733	A	0.3922
5734	A	0.3333
5735	C	0.3725
5736	C	0.3529
5737	T	0.4118
5738	C	0.2941
5739	A	0.3333
5740	T	0.3137
5741	T	0.3922
5742	A	0.3725
5743	C	0.3137
5744	C	0.2941
5745	A	0.3725
5746	G	0.3725
5747	A	0.2941
5748	T	0.3333
5749	A	0.3137
5750	C	0.3529
5751	T	0.2745
5752	C	0.3137
5753	C	0.3725
5754	C	0.3725
5755	G	0.2941
5756	C	0.2941
5757	C	0.2941
5758	A	0.3137
5759	G	0.2941
5760	G	0.3137
5761	T	0.3333
5762	A	0.3922
5763	T	0.2745
5764	T	0.4118
5765	T	0.3333
5766	A	0.3725
5767	A	0.2941
5768	A	0.2745
5769	A	0.3137
5770	T	0.4706
5771	T	0.3922
5772	T	0.3333
5773	T	0.3529
5774	C	0.3137
5775	G	0.2941
5776	C	0.2941
5777	G	0.3137
5778	A	0.2745
5779	C	0.2941
5780	G	0.2941
5781	A	0.3529
5782	C	0.2745
5783	A	0.3922
5784	A	0.3725
5785	T	0.3922
5786	A	0.3333
5787	A	0.3137
5788	T	0.2941
5789	C	0.3922
5790	A	0.4118
5791	T	0.3922
5792	A	0.3529
5793	G	0.3333
5794	C	0.4118
5795	A	0.3725
5796	A	0.3922
5797	A	0.3137
5798	A	0.2941
5799	T	0.3725
5800	A	0.2941
5801	A	0.2941
5802	T	0.2941
5803	C	0.2745
5804	C	0.3529
5805	T	0.3922
5806	T	0.3529
5807	T	0.2549
5808	T	0.3529
5809	T	0.3922
5810	G	0.3725
5811	C	0.3137
5812	T	0.3529
5813	T	0.4510
5814	G	0.3137
5815	T	0.4706
5816	T	0.3725
5817	A	0.2941
5818	A	0.3137
5819	C	0.3725
5820	A	0.3333
5821	A	0.3137
5822	G	0.2941
5823	T	0.3333
5824	G	0.3725
5825	C	0.3137
5826	T	0.3333
5827	A	0.3333
5828	A	0.3529
5829	T	0.3922
5830	T	0.4314
5831	C	0.3137
5832	T	0.3137
5833	G	0.3529
5834	C	0.3137
5835	G	0.3137
5836	G	0.3529
5837	A	0.2745
5838	T	0.3137
5839	C	0.2745
5840	T	0.3725
5841	A	0.3333
5842	A	0.3529
5843	T	0.3333
5844	C	0.3137
5845	A	0.2941
5846	T	0.3725
5847	T	0.4118
5848	C	0.2745
5849	G	0.3333
5850	A	0.3137
5851	T	0.4118
5852	C	0.3137
5853	A	0.4118
5854	A	0.3529
5855	G	0.3922
5856	A	0.4706
5857	T	0.2941
5858	G	0.3137
5859	G	0.3333
5860	C	0.3333
5861	T	0.3922
5862	T	0.2941
5863	A	0.3725
5864	T	0.3725
5865	A	0.3333
5866	T	0.3333
5867	T	0.2941
5868	G	0.3137
5869	A	0.3137
5870	C	0.2941
5871	T	0.3137
5872	T	0.2745
5873	G	0.3137
5874	T	0.3137
5875	T	0.3333
5876	A	0.2745
5877	C	0.2941
5878	A	0.4118
5879	A	0.3333
5880	T	0.3529
5881	T	0.3922
5882	A	0.3137
5883	T	0.2745
5884	C	0.3137
5885	A	0.3529
5886	C	0.3725
5887	G	0.4118
5888	A	0.3922
5889	A	0.3725
5890	T	0.4118
5891	G	0.3922
5892	C	0.3333
5893	A	0.3529
5894	G	0.3922
5895	C	0.2941
5896	C	0.3333
5897	C	0.2941
5898	T	0.4510
5899	T	0.3333
5900	C	0.3137
5901	G	0.3725
5902	C	0.4118
5903	T	0.2745
5904	G	0.2941
5905	T	0.3333
5906	G	0.2941
5907	G	0.3725
5908	G	0.2941
5909	C	0.3529
5910	G	0.2941
5911	G	0.2941
5912	T	0.3725
5913	T	0.4510
5914	A	0.3333
5915	G	0.3137
5916	A	0.2941
5917	C	0.3137
5918	T	0.3333
5919	G	0.3922
5920	C	0.3137
5921	C	0.3529
5922	A	0.3137
5923	G	0.3137
5924	T	0.2941
5925	T	0.3333
5926	G	0.2745
5927	A	0.3137
5928	G	0.3137
5929	A	0.3333
5930	T	0.2941
5931	A	0.2941
5932	C	0.2941
5933	C	0.3529
5934	A	0.3333
5935	G	0.3137
5936	A	0.3922
5937	C	0.3725
5938	A	0.2941
5939	C	0.3922
5940	A	0.3529
5941	G	0.3529
5942	G	0.3137
5943	C	0.3725
5944	G	0.3333
5945	A	0.3333
5946	A	0.3333
5947	C	0.3529
5948	C	0.3137
5949	T	0.3725
5950	C	0.3725
5951	G	0.2941
5952	G	0.2941
5953	A	0.3529
5954	A	0.2941
5955	A	0.3137
5956	C	0.4314
5957	T	0.3529
5958	G	0.3137
5959	C	0.2941
5960	A	0.2745
5961	C	0.3529
5962	T	0.3725
5963	G	0.2941
5964	A	0.2941
5965	A	0.3725
5966	T	0.3333
5967	C	0.3137
5968	A	0.3529
5969	T	0.3529
5970	G	0.3725
5971	T	0.3725
5972	T	0.2941
5973	A	0.3725
5974	A	0.3333
5975	A	0.4118
5976	G	0.3333
5977	G	0.3529
5978	C	0.3725
5979	G	0.2941
5980	T	0.3333
5981	T	0.3529
5982	G	0.3137
5983	T	0.3137
5984	T	0.3333
5985	G	0.3137
5986	A	0.2941
5987	C	0.2745
5988	A	0.2941
5989	G	0.2941
5990	C	0.2941
5991	C	0.3529
5992	T	0.3725
5993	T	0.3137
5994	T	0.2941
5995	T	0.3529
5996	A	0.3137
5997	T	0.3333
5998	A	0.3922
5999	G	0.3529
6000	C	0.3725
6001	T	0.3922
6002	G	0.3333
6003	C	0.3137
6004	G	0.3922
6005	C	0.3137
6006	T	0.2941
6007	G	0.3333
6008	C	0.2745
6009	T	0.4118
6010	T	0.2745
6011	T	0.3137
6012	T	0.3922
6013	T	0.2941
6014	T	0.3333
6015	T	0.3137
6016	A	0.3333
6017	T	0.3137
6018	A	0.3137
6019	C	0.2745
6020	C	0.3137
6021	A	0.2941
6022	A	0.3529
6023	A	0.3333
6024	A	0.3333
6025	C	0.3137
6026	A	0.3725
6027	C	0.3333
6028	C	0.2745
6029	A	0.2941
6030	G	0.3333
6031	T	0.2745
6032	A	0.3725
6033	A	0.3333
6034	A	0.3529
6035	T	0.2745
6036	C	0.3333
6037	A	0.2941
6038	A	0.3137
6039	A	0.3725
6040	A	0.3529
6041	C	0.3725
6042	A	0.3725
6043	T	0.2941
6044	C	0.3137
6045	A	0.2941
6046	T	0.3333
6047	C	0.3922
6048	A	0.3137
6049	C	0.3137
6050	C	0.3529
6051	T	0.3333
6052	C	0.3725
6053	G	0.2745
6054	G	0.2941
6055	G	0.3137
6056	A	0.3725
6057	A	0.2941
6058	T	0.3725
6059	T	0.3137
6060	T	0.3137
6061	A	0.3333
6062	C	0.2941
6063	G	0.2745
6064	G	0.2941
6065	T	0.3333
6066	A	0.3137
6067	T	0.3922
6068	C	0.3333
6069	A	0.3333
6070	G	0.3137
6071	G	0.4118
6072	A	0.3529
6073	A	0.3333
6074	T	0.4314
6075	C	0.3529
6076	T	0.2941
6077	T	0.4000
6078	T	0.3400
6079	T	0.3000
6080	T	0.3000
6081	C	0.2800
6082	C	0.3200
6083	G	0.3600
6084	G	0.3000
6085	C	0.2800
6086	T	0.3400
6087	T	0.4600
6088	G	0.3200
6089	G	0.3000
6090	A	0.3000
6091	T	0.4600
6092	C	0.3000
6093	C	0.2800
6094	G	0.4400
6095	T	0.4000
6096	A	0.2800
6097	T	0.3200
6098	A	0.3600
6099	A	0.3000
6100	T	0.3000
6101	A	0.3000
6102	A	0.3400
6103	C	0.3800
6104	T	0.2800
6105	T	0.3800
6106	G	0.3400
6107	G	0.3200
6108	A	0.3400
6109	A	0.3400
6110	A	0.3200
6111	A	0.4600
6112	C	0.2600
6113	G	0.3400
6114	A	0.3600
6115	T	0.3600
6116	C	0.3000
6117	G	0.3400
6118	G	0.3400
6119	C	0.3200
6120	T	0.3400
6121	T	0.4400
6122	C	0.3600
6123	A	0.3800
6124	T	0.3000
6125	T	0.3000
6126	A	0.3000
6127	A	0.3800
6128	T	0.3200
6129	G	0.3200
6130	T	0.3400
6131	C	0.4600
6132	A	0.4600
6133	T	0.3400
6134	A	0.3400
6135	G	0.3400
6136	G	0.3200
6137	T	0.3600
6138	A	0.3600
6139	A	0.3400
6140	C	0.3200
6141	T	0.3600
6142	T	0.3400
6143	T	0.3000
6144	G	0.3200
6145	A	0.3600
6146	T	0.3800
6147	G	0.4000
6148	T	0.3600
6149	T	0.3800
6150	T	0.4000
6151	C	0.3600
6152	A	0.3400
6153	A	0.4000
6154	A	0.4000
6155	G	0.2800
6156	C	0.3600
6157	A	0.3800
6158	T	0.4400
6159	A	0.3200
6160	T	0.3200
6161	T	0.3800
6162	T	0.2800
6163	A	0.3200
6164	T	0.3000
6165	A	0.4200
6166	A	0.3400
6167	A	0.2800
6168	A	0.3400
6169	C	0.4400
6170	T	0.3000
6171	C	0.3800
6172	T	0.4200
6173	G	0.4400
6174	G	0.3200
6175	T	0.3200
6176	G	0.2800
6177	C	0.3200
6178	T	0.3400
6179	G	0.4200
6180	T	0.3800
6181	C	0.4400
6182	T	0.3000
6183	G	0.3000
6184	T	0.3200
6185	T	0.3200
6186	A	0.3000
6187	A	0.4200
6188	A	0.3400
6189	G	0.3600
6190	T	0.3200
6191	T	0.3200
6192	A	0.3400
6193	C	0.3800
6194	T	0.3400
6195	A	0.3800
6196	G	0.2800
6197	T	0.3200
6198	T	0.3800
6199	T	0.3000
6200	C	0.3400
6201	T	0.3200
6202	T	0.3200
6203	T	0.3800
6204	C	0.3200
6205	A	0.4200
6206	T	0.2800
6207	T	0.2800
6208	T	0.2800
6209	A	0.3800
6210	A	0.3200
6211	G	0.2800
6212	A	0.3800
6213	G	0.3200
6214	G	0.3400
6215	T	0.3800
6216	A	0.3800
6217	A	0.3600
6218	C	0.3200
6219	A	0.3600
6220	A	0.3800
6221	A	0.3000
6222	G	0.3600
6223	T	0.3000
6224	G	0.3200
6225	A	0.4000
6226	C	0.3400
6227	C	0.3000
6228	C	0.3000
6229	A	0.3200
6230	T	0.3600
6231	G	0.3800
6232	C	0.2800
6233	C	0.3600
6234	A	0.4000
6235	C	0.2600
6236	T	0.3200
6237	A	0.2800
6238	G	0.4800
6239	A	0.3200
6240	A	0.3400
6241	T	0.2800
6242	T	0.3200
6243	T	0.3400
6244	T	0.3000
6245	C	0.4400
6246	A	0.3400
6247	T	0.2800
6248	C	0.3000
6249	A	0.3800
6250	G	0.3000
6251	T	0.2800
6252	A	0.2800
6253	C	0.4000
6254	A	0.3400
6255	T	0.3800
6256	G	0.3000
6257	C	0.3200
6258	G	0.3200
6259	G	0.3400
6260	T	0.3400
6261	A	0.2800
6262	G	0.3200
6263	C	0.3000
6264	G	0.3400
6265	A	0.2800
6266	G	0.3000
6267	A	0.3400
6268	G	0.3200
6269	T	0.3200
6270	A	0.3800
6271	G	0.3400
6272	T	0.3600
6273	C	0.3400
6274	A	0.3400
6275	T	0.3400
6276	A	0.2600
6277	G	0.3400
6278	T	0.4200
6279	G	0.3800
6280	T	0.3000
6281	C	0.3000
6282	A	0.3000
6283	G	0.2800
6284	C	0.3600
6285	A	0.2800
6286	T	0.3800
6287	C	0.3600
6288	T	0.3200
6289	A	0.3200
6290	A	0.3800
6291	G	0.3200
6292	C	0.3600
6293	T	0.3400
6294	G	0.2800
6295	T	0.3000
6296	A	0.3400
6297	A	0.3400
6298	C	0.3200
6299	A	0.3200
6300	A	0.4400
6301	A	0.4200
6302	T	0.3600
6303	T	0.3000
6304	A	0.2800
6305	A	0.3000
6306	C	0.3000
6307	G	0.3000
6308	G	0.3400
6309	A	0.3800
6310	C	0.3400
6311	A	0.3400
6312	A	0.2800
6313	C	0.3200
6314	C	0.3200
6315	T	0.2800
6316	A	0.3200
6317	T	0.4000
6318	G	0.4200
6319	C	0.3600
6320	T	0.2800
6321	A	0.3000
6322	T	0.3200
6323	C	0.3600
6324	C	0.3000
6325	T	0.3200
6326	T	0.3600
6327	G	0.3400
6328	C	0.3400
6329	C	0.3600
6330	T	0.3000
6331	C	0.3800
6332	A	0.3000
6333	G	0.3200
6334	T	0.3000
6335	G	0.3200
6336	G	0.4000
6337	G	0.3200
6338	T	0.2800
6339	A	0.3000
6340	G	0.3200
6341	A	0.2800
6342	C	0.3000
6343	A	0.3600
6344	G	0.3000
6345	A	0.2800
6346	T	0.3000
6347	C	0.2800
6348	T	0.3000
6349	A	0.3000
6350	A	0.3200
6351	A	0.3400
6352	G	0.3600
6353	C	0.3400
6354	G	0.3000
6355	A	0.3200
6356	T	0.3800
6357	A	0.3200
6358	A	0.3400
6359	A	0.3800
6360	A	0.3600
6361	A	0.3000
6362	T	0.3600
6363	A	0.5400
6364	T	0.3800
6365	C	0.3400
6366	A	0.3600
6367	G	0.2800
6368	G	0.3000
6369	A	0.4000
6370	G	0.3400
6371	A	0.3600
6372	G	0.3600
6373	C	0.3600
6374	T	0.2800
6375	A	0.4600
6376	A	0.3800
6377	A	0.4400
6378	A	0.4400
6379	C	0.3200
6380	A	0.3600
6381	T	0.3200
6382	G	0.4000
6383	T	0.3000
6384	C	0.3200
6385	C	0.3400
6386	T	0.4000
6387	G	0.3200
6388	A	0.3600
6389	C	0.3200
6390	C	0.3400
6391	G	0.3800
6392	A	0.4000
6393	A	0.3800
6394	G	0.4400
6395	T	0.3000
6396	T	0.4600
6397	G	0.4000
6398	A	0.3000
6399	T	0.3000
6400	C	0.3000
6401	C	0.3800
6402	T	0.3600
6403	G	0.3600
6404	C	0.3600
6405	A	0.3200
6406	A	0.3000
6407	G	0.3000
6408	T	0.3200
6409	C	0.3000
6410	A	0.3000
6411	T	0.3200
6412	A	0.3800
6413	A	0.3000
6414	A	0.3200
6415	T	0.3400
6416	A	0.3200
6417	A	0.3400
6418	A	0.3400
6419	T	0.3200
6420	T	0.3000
6421	G	0.3400
6422	G	0.4000
6423	C	0.3000
6424	A	0.2800
6425	A	0.3000
6426	G	0.3800
6427	C	0.2800
6428	A	0.3200
6429	A	0.3400
6430	G	0.3400
6431	A	0.3600
6432	T	0.3200
6433	T	0.3000
6434	T	0.3200
6435	T	0.3000
6436	T	0.3600
6437	C	0.4000
6438	A	0.4000
6439	G	0.3000
6440	A	0.3400
6441	A	0.3800
6442	C	0.4000
6443	T	0.3200
6444	C	0.3200
6445	C	0.3400
6446	A	0.3200
6447	C	0.3200
6448	A	0.4200
6449	A	0.3000
6450	A	0.3600
6451	A	0.4000
6452	T	0.3200
6453	T	0.3000
6454	T	0.3000
6455	A	0.3200
6456	A	0.4000
6457	T	0.3200
6458	T	0.3000
6459	G	0.3000
6460	G	0.3600
6461	A	0.3200
6462	G	0.3000
6463	A	0.3000
6464	G	0.3000
6465	C	0.2600
6466	G	0.3600
6467	T	0.3000
6468	G	0.2800
6469	T	0.3600
6470	G	0.2800
6471	G	0.3600
6472	T	0.3800
6473	A	0.3200
6474	T	0.4000
6475	A	0.3800
6476	A	0.3400
6477	A	0.4400
6478	G	0.3200
6479	T	0.3200
6480	G	0.3600
6481	G	0.3400
6482	A	0.3800
6483	T	0.3600
6484	T	0.4600
6485	T	0.3200
6486	C	0.4000
6487	G	0.3400
6488	T	0.3200
6489	G	0.3200
6490	T	0.3400
6491	A	0.3400
6492	T	0.3400
6493	C	0.3200
6494	A	0.4200
6495	A	0.3600
6496	C	0.3800
6497	T	0.3600
6498	C	0.3200
6499	T	0.3000
6500	T	0.4400
6501	C	0.3600
6502	G	0.3600
6503	C	0.3200
6504	G	0.3200
6505	C	0.3200
6506	A	0.3000
6507	C	0.3200
6508	A	0.3000
6509	T	0.3000
6510	T	0.4200
6511	T	0.3600
6512	T	0.4000
6513	G	0.3400
6514	T	0.3400
6515	A	0.3800
6516	A	0.3600
6517	T	0.3400
6518	G	0.2600
6519	C	0.2800
6520	G	0.3800
6521	A	0.3400
6522	G	0.3000
6523	C	0.3200
6524	A	0.3000
6525	C	0.3000
6526	G	0.3400
6527	C	0.3200
6528	C	0.3000
6529	G	0.4000
6530	T	0.3600
6531	C	0.3200
6532	T	0.3400
6533	C	0.3000
6534	T	0.2800
6535	T	0.4000
6536	T	0.3800
6537	T	0.3000
6538	C	0.3200
6539	C	0.3000
6540	G	0.3000
6541	G	0.3600
6542	T	0.3000
6543	A	0.3200
6544	A	0.3400
6545	T	0.4200
6546	G	0.3400
6547	G	0.3400
6548	C	0.4000
6549	C	0.3200
6550	G	0.3400
6551	G	0.2800
6552	A	0.4000
6553	T	0.3200
6554	T	0.3400
6555	G	0.3400
6556	A	0.4200
6557	A	0.3600
6558	A	0.3400
6559	T	0.3400
6560	G	0.3400
6561	C	0.4200
6562	T	0.2800
6563	G	0.3400
6564	G	0.3200
6565	T	0.4600
6566	A	0.3800
6567	G	0.2800
6568	A	0.2800
6569	G	0.2800
6570	T	0.3000
6571	A	0.2600
6572	A	0.3200
6573	A	0.4000
6574	G	0.3200
6575	A	0.4000
6576	A	0.3200
6577	G	0.3200
6578	G	0.3000
6579	C	0.3000
6580	A	0.3000
6581	G	0.2800
6582	A	0.3400
6583	A	0.2800
6584	T	0.3400
6585	T	0.3200
6586	C	0.4200
6587	C	0.3000
6588	C	0.4000
6589	G	0.3200
6590	C	0.3600
6591	T	0.3400
6592	T	0.3400
6593	A	0.3200
6594	T	0.2800
6595	T	0.3400
6596	A	0.3000
6597	G	0.3600
6598	A	0.3200
6599	T	0.3600
6600	C	0.4000
6601	G	0.2600
6602	T	0.3400
6603	A	0.2800
6604	A	0.3600
6605	G	0.3200
6606	G	0.4000
6607	C	0.3200
6608	A	0.3400
6609	G	0.3400
6610	A	0.3400
6611	G	0.3000
6612	T	0.3200
6613	G	0.2800
6614	A	0.3600
6615	C	0.4200
6616	C	0.4200
6617	C	0.3200
6618	T	0.4200
6619	G	0.3200
6620	G	0.3200
6621	T	0.3400
6622	T	0.3000
6623	T	0.3600
6624	G	0.3400
6625	T	0.3200
6626	T	0.3400
6627	G	0.3000
6628	C	0.4200
6629	A	0.3200
6630	A	0.3000
6631	A	0.3400
6632	T	0.3200
6633	T	0.2800
6634	G	0.2800
6635	A	0.3400
6636	G	0.3400
6637	C	0.2800
6638	A	0.3000
6639	A	0.3200
6640	A	0.3400
6641	T	0.3200
6642	G	0.3200
6643	A	0.3400
6644	C	0.3200
6645	C	0.3200
6646	C	0.2800
6647	A	0.3400
6648	A	0.3000
6649	G	0.3200
6650	T	0.3600
6651	T	0.3800
6652	A	0.3000
6653	A	0.3600
6654	T	0.3400
6655	A	0.3000
6656	C	0.3200
6657	C	0.3800
6658	C	0.3400
6659	T	0.2800
6660	T	0.3800
6661	A	0.4200
6662	T	0.2600
6663	T	0.4000
6664	A	0.3000
6665	A	0.2800
6666	G	0.3400
6667	G	0.4000
6668	C	0.3400
6669	G	0.3000
6670	T	0.3200
6671	A	0.2800
6672	T	0.2800
6673	C	0.3000
6674	C	0.2800
6675	C	0.3200
6676	G	0.3200
6677	C	0.3800
6678	A	0.3200
6679	G	0.3800
6680	A	0.3800
6681	A	0.3400
6682	G	0.3000
6683	A	0.3200
6684	G	0.3200
6685	G	0.3400
6686	G	0.2800
6687	A	0.3400
6688	C	0.3400
6689	A	0.4000
6690	A	0.3800
6691	G	0.3200
6692	A	0.3800
6693	T	0.3600
6694	G	0.3400
6695	T	0.3000
6696	C	0.3200
6697	G	0.3200
6698	A	0.2600
6699	A	0.3000
6700	T	0.3000
6701	G	0.2800
6702	A	0.3400
6703	G	0.3200
6704	T	0.3200
6705	A	0.3200
6706	A	0.3400
6707	C	0.3200
6708	C	0.3200
6709	T	0.3600
6710	A	0.3800
6711	T	0.3600
6712	G	0.3000
6713	A	0.3600
6714	C	0.3400
6715	A	0.3000
6716	C	0.2800
6717	G	0.3400
6718	G	0.3000
6719	G	0.3600
6720	A	0.2800
6721	T	0.5000
6722	G	0.3000
6723	T	0.4000
6724	A	0.3400
6725	A	0.3000
6726	C	0.2800
6727	T	0.3200
6728	A	0.3800
6729	C	0.3000
6730	T	0.3400
6731	A	0.3600
6732	A	0.3200
6733	T	0.3400
6734	C	0.3200
6735	T	0.3800
6736	G	0.3000
6737	G	0.3400
6738	A	0.3400
6739	A	0.3200
6740	G	0.3200
6741	G	0.3200
6742	T	0.3400
6743	T	0.2600
6744	G	0.3000
6745	T	0.4000
6746	G	0.3000
6747	T	0.3800
6748	T	0.3400
6749	A	0.3000
6750	A	0.3400
6751	C	0.3200
6752	G	0.3400
6753	T	0.4400
6754	G	0.3800
6755	A	0.3600
6756	T	0.3200
6757	T	0.3200
6758	A	0.4000
6759	G	0.3600
6760	A	0.3200
6761	T	0.3200
6762	G	0.3000
6763	C	0.3400
6764	C	0.3400
6765	G	0.3000
6766	G	0.3200
6767	G	0.3000
6768	G	0.4000
6769	T	0.4000
6770	G	0.3200
6771	T	0.3400
6772	A	0.3400
6773	A	0.3600
6774	A	0.3000
6775	T	0.3600
6776	T	0.2800
6777	T	0.3000
6778	A	0.3000
6779	G	0.3400
6780	G	0.3400
6781	T	0.3600
6782	A	0.3000
6783	A	0.3200
6784	A	0.3600
6785	C	0.3400
6786	G	0.3200
6787	A	0.3000
6788	C	0.3400
6789	T	0.3800
6790	C	0.2800
6791	G	0.4400
6792	A	0.2600
6793	C	0.2800
6794	T	0.3600
6795	G	0.4400
6796	C	0.3200
6797	A	0.3800
6798	T	0.4000
6799	A	0.3000
6800	T	0.3000
6801	G	0.3000
6802	T	0.4000
6803	T	0.2800
6804	A	0.3000
6805	C	0.3000
6806	A	0.3600
6807	T	0.2800
6808	A	0.3000
6809	G	0.2800
6810	T	0.3400
6811	C	0.3400
6812	A	0.2800
6813	G	0.3000
6814	C	0.3200
6815	G	0.3000
6816	T	0.3000
6817	T	0.4000
6818	G	0.3600
6819	T	0.3600
6820	A	0.3200
6821	C	0.3400
6822	G	0.3000
6823	G	0.3800
6824	G	0.3800
6825	T	0.3000
6826	T	0.3200
6827	T	0.3000
6828	A	0.3800
6829	C	0.3000
6830	C	0.4000
6831	A	0.3000
6832	A	0.3400
6833	T	0.2800
6834	C	0.4200
6835	G	0.3000
6836	G	0.3200
6837	A	0.3800
6838	T	0.3400
6839	G	0.3400
6840	T	0.3000
6841	C	0.2800
6842	C	0.3400
6843	C	0.3800
6844	T	0.3000
6845	G	0.3800
6846	A	0.3200
6847	T	0.4000
6848	A	0.3000
6849	C	0.3000
6850	G	0.3200
6851	G	0.3400
6852	C	0.3400
6853	A	0.3800
6854	G	0.3200
6855	G	0.3000
6856	A	0.3800
6857	A	0.3800
6858	A	0.3000
6859	A	0.3800
6860	A	0.4600
6861	G	0.3000
6862	G	0.3400
6863	A	0.3200
6864	C	0.3000
6865	G	0.3200
6866	A	0.3200
6867	G	0.4000
6868	A	0.3600
6869	A	0.3000
6870	A	0.3000
6871	A	0.3200
6872	C	0.3000
6873	G	0.3000
6874	G	0.4000
6875	T	0.3000
6876	A	0.3600
6877	G	0.3200
6878	A	0.3000
6879	A	0.3800
6880	C	0.3600
6881	T	0.3200
6882	T	0.3200
6883	T	0.3200
6884	G	0.2800
6885	C	0.3200
6886	G	0.3000
6887	G	0.2600
6888	C	0.3600
6889	C	0.3000
6890	G	0.3600
6891	G	0.3600
6892	C	0.3000
6893	A	0.4600
6894	A	0.4000
6895	A	0.3000
6896	T	0.4600
6897	T	0.2800
6898	A	0.3200
6899	G	0.3200
6900	T	0.3800
6901	T	0.3400
6902	C	0.3800
6903	C	0.3000
6904	T	0.3400
6905	T	0.4200
6906	T	0.3200
6907	A	0.3000
6908	G	0.3200
6909	A	0.3600
6910	A	0.2800
6911	T	0.3200
6912	G	0.3800
6913	A	0.3200
6914	T	0.3400
6915	T	0.4200
6916	G	0.3200
6917	A	0.3400
6918	G	0.3200
6919	T	0.3200
6920	A	0.2800
6921	A	0.3600
6922	A	0.2800
6923	G	0.3400
6924	G	0.3000
6925	C	0.4400
6926	A	0.3200
6927	T	0.3400
6928	T	0.3400
6929	A	0.3600
6930	A	0.3400
6931	C	0.4200
6932	C	0.2600
6933	T	0.3000
6934	T	0.2600
6935	G	0.4200
6936	A	0.3600
6937	G	0.3200
6938	G	0.3000
6939	G	0.3200
6940	C	0.3400
6941	A	0.3800
6942	G	0.3400
6943	C	0.3200
6944	T	0.3200
6945	T	0.3600
6946	C	0.3200
6947	A	0.3000
6948	G	0.4200
6949	C	0.3200
6950	T	0.3400
6951	G	0.3200
6952	A	0.3000
6953	A	0.3200
6954	A	0.3200
6955	G	0.3400
6956	T	0.3200
6957	C	0.3000
6958	A	0.4000
6959	A	0.3400
6960	C	0.2800
6961	A	0.3400
6962	A	0.3000
6963	C	0.3200
6964	A	0.2800
6965	A	0.3200
6966	A	0.3000
6967	A	0.2800
6968	A	0.3200
6969	G	0.2800
6970	T	0.3200
6971	A	0.3200
6972	A	0.3400
6973	A	0.2800
6974	G	0.4000
6975	G	0.3000
6976	G	0.3200
6977	T	0.2800
6978	A	0.3000
6979	C	0.3600
6980	G	0.3000
6981	C	0.3200
6982	T	0.3000
6983	A	0.3400
6984	A	0.3200
6985	G	0.3400
6986	T	0.3000
6987	T	0.3800
6988	A	0.3200
6989	G	0.3000
6990	C	0.3000
6991	T	0.3200
6992	C	0.3000
6993	A	0.3400
6994	C	0.3200
6995	G	0.4000
6996	G	0.3400
6997	T	0.3200
6998	G	0.4000
6999	A	0.4400
7000	A	0.3200
7001	A	0.3600
7002	G	0.3000
7003	T	0.3000
7004	G	0.2800
7005	T	0.4000
7006	C	0.3400
7007	C	0.2800
7008	C	0.4200
7009	G	0.3400
7010	G	0.3600
7011	T	0.3200
7012	G	0.3800
7013	G	0.3800
7014	G	0.2800
7015	T	0.3400
7016	G	0.3400
7017	C	0.3200
7018	A	0.3800
7019	T	0.3200
7020	C	0.3800
7021	A	0.3200
7022	G	0.3000
7023	T	0.3600
7024	G	0.3000
7025	T	0.2800
7026	T	0.3400
7027	C	0.4400
7028	A	0.4800
7029	A	0.3800
7030	A	0.3200
7031	A	0.3000
7032	C	0.2600
7033	A	0.3400
7034	G	0.2600
7035	A	0.3200
7036	C	0.4000
7037	C	0.3000
7038	G	0.4200
7039	G	0.3200
7040	C	0.3800
7041	G	0.3800
7042	G	0.3000
7043	A	0.4800
7044	T	0.2800
7045	A	0.3400
7046	T	0.3600
7047	T	0.3400
7048	T	0.3800
7049	C	0.3000
7050	A	0.3800
7051	G	0.3400
7052	T	0.2800
7053	G	0.3400
7054	G	0.3400
7055	T	0.3000
7056	A	0.2800
7057	C	0.3200
7058	T	0.3000
7059	G	0.2800
7060	C	0.3000
7061	C	0.3400
7062	C	0.3800
7063	A	0.4000
7064	T	0.3800
7065	C	0.3600
7066	G	0.2800
7067	A	0.3000
7068	T	0.3600
7069	C	0.3200
7070	A	0.3200
7071	A	0.4400
7072	A	0.4600
7073	A	0.3200
7074	A	0.4000
7075	T	0.3000
7076	C	0.3800
7077	T	0.2800
7078	T	0.3200
7079	G	0.3600
7080	C	0.2800
7081	T	0.3600
7082	G	0.3800
7083	T	0.3400
7084	G	0.3000
7085	A	0.3000
7086	C	0.3200
7087	C	0.3200
7088	T	0.2600
7089	A	0.3600
7090	A	0.3400
7091	T	0.3600
7092	G	0.3000
7093	A	0.3400
7094	C	0.3000
7095	G	0.4000
7096	A	0.3800
7097	C	0.3200
7098	C	0.3600
7099	A	0.3600
7100	T	0.3200
7101	A	0.3400
7102	C	0.2600
7103	A	0.3400
7104	A	0.3800
7105	A	0.3400
7106	A	0.3800
7107	G	0.3600
7108	A	0.3800
7109	C	0.3000
7110	G	0.2800
7111	C	0.3600
7112	A	0.3000
7113	G	0.3800
7114	T	0.2800
7115	C	0.4286
7116	A	0.2857
7117	G	0.3469
7118	G	0.4082
7119	T	0.3673
7120	C	0.3673
7121	A	0.3878
7122	T	0.3061
7123	A	0.3878
7124	C	0.3469
7125	A	0.3469
7126	G	0.3061
7127	C	0.4082
7128	G	0.3061
7129	C	0.3878
7130	A	0.3469
7131	T	0.3061
7132	A	0.2653
7133	T	0.3469
7134	G	0.3265
7135	A	0.3673
7136	G	0.2857
7137	C	0.3061
7138	A	0.3061
7139	C	0.3061
7140	T	0.3061
7141	A	0.3061
7142	T	0.3061
7143	A	0.3673
7144	C	0.3061
7145	A	0.3673
7146	C	0.3469
7147	C	0.3469
7148	G	0.3061
7149	A	0.3265
7150	C	0.2857
7151	A	0.3673
7152	A	0.3469
7153	G	0.3265
7154	C	0.3878
7155	C	0.3061
7156	T	0.3061
7157	G	0.3469
7158	T	0.2857
7159	C	0.3469
7160	A	0.3469
7161	C	0.4286
7162	C	0.2857
7163	G	0.3061
7164	G	0.2857
7165	C	0.3469
7166	T	0.2857
7167	T	0.3469
7168	T	0.3469
7169	A	0.4082
7170	T	0.3673
7171	A	0.2653
7172	T	0.3061
7173	G	0.2653
7174	A	0.3673
7175	T	0.3878
7176	G	0.3469
7177	C	0.3265
7178	A	0.3061
7179	C	0.3469
7180	A	0.4082
7181	G	0.3265
7182	C	0.3061
7183	T	0.3265
7184	A	0.3265
7185	G	0.3265
7186	C	0.3265
7187	G	0.3469
7188	T	0.3265
7189	A	0.3673
7190	A	0.2857
7191	C	0.2653
7192	T	0.2653
7193	T	0.2857
7194	A	0.2857
7195	T	0.3265
7196	C	0.2857
7197	C	0.3469
7198	T	0.3878
7199	A	0.3469
7200	A	0.4082
7201	A	0.2857
7202	T	0.3061
7203	T	0.3265
7204	A	0.3265
7205	A	0.3878
7206	A	0.3265
7207	A	0.4286
7208	A	0.2857
7209	T	0.4898
7210	C	0.3673
7211	A	0.4490
7212	T	0.3878
7213	T	0.3265
7214	T	0.2857
7215	T	0.3673
7216	G	0.2653
7217	T	0.3673
7218	G	0.3878
7219	T	0.3061
7220	T	0.2857
7221	C	0.3469
7222	T	0.3265
7223	T	0.3265
7224	C	0.3265
7225	A	0.3878
7226	A	0.3469
7227	T	0.2857
7228	T	0.3061
7229	G	0.4082
7230	T	0.3469
7231	A	0.3469
7232	T	0.3265
7233	A	0.2857
7234	A	0.4082
7235	A	0.3265
7236	T	0.3265
7237	A	0.3061
7238	G	0.3061
7239	C	0.3061
7240	T	0.3061
7241	G	0.3061
7242	C	0.3878
7243	T	0.3878
7244	G	0.3061
7245	A	0.3265
7246	T	0.2857
7247	G	0.3061
7248	C	0.2653
7249	C	0.3265
7250	C	0.3673
7251	T	0.3878
7252	A	0.3878
7253	G	0.2857
7254	A	0.2653
7255	A	0.3265
7256	G	0.3061
7257	C	0.3469
7258	T	0.3265
7259	C	0.3265
7260	A	0.2857
7261	T	0.2857
7262	C	0.3265
7263	T	0.3673
7264	T	0.3265
7265	G	0.3265
7266	G	0.3673
7267	T	0.3469
7268	T	0.3265
7269	G	0.3061
7270	T	0.3265
7271	A	0.2653
7272	C	0.4082
7273	C	0.3469
7274	G	0.3061
7275	C	0.2653
7276	A	0.4694
7277	G	0.4082
7278	C	0.3061
7279	C	0.2653
7280	G	0.4082
7281	C	0.3265
7282	T	0.2857
7283	T	0.3061
7284	A	0.2857
7285	C	0.3469
7286	G	0.3878
7287	C	0.3061
7288	C	0.3673
7289	G	0.3265
7290	C	0.3673
7291	A	0.3469
7292	A	0.3673
7293	C	0.3265
7294	C	0.3265
7295	G	0.4490
7296	T	0.3469
7297	T	0.2857
7298	C	0.3673
7299	G	0.2857
7300	C	0.3265
7301	C	0.3265
7302	G	0.3061
7303	G	0.3265
7304	A	0.3061
7305	A	0.3265
7306	T	0.3673
7307	T	0.3673
7308	G	0.3673
7309	G	0.3469
7310	T	0.3265
7311	G	0.3673
7312	T	0.3469
7313	A	0.3469
7314	G	0.2857
7315	T	0.2857
7316	A	0.3673
7317	T	0.3469
7318	A	0.3878
7319	A	0.4694
7320	G	0.3265
7321	G	0.3265
7322	C	0.3265
7323	G	0.3265
7324	G	0.2857
7325	A	0.2653
7326	G	0.3673
7327	T	0.3265
7328	A	0.3469
7329	C	0.3061
7330	T	0.3878
7331	T	0.2857
7332	C	0.3673
7333	G	0.3061
7334	A	0.3265
7335	A	0.2653
7336	A	0.3061
7337	C	0.3469
7338	A	0.3673
7339	T	0.2857
7340	T	0.3265
7341	A	0.3265
7342	A	0.3469
7343	T	0.3265
7344	C	0.3265
7345	T	0.3061
7346	C	0.2857
7347	A	0.2857
7348	G	0.3265
7349	C	0.3061
7350	A	0.3265
7351	A	0.3265
7352	G	0.3469
7353	C	0.3878
7354	A	0.2857
7355	A	0.3265
7356	G	0.2857
7357	G	0.2653
7358	A	0.4286
7359	A	0.3265
7360	C	0.3265
7361	A	0.4082
7362	C	0.3469
7363	G	0.3061
7364	G	0.2653
7365	T	0.3469
7366	C	0.3265
7367	G	0.2857
7368	A	0.4082
7369	A	0.4286
7370	T	0.3469
7371	A	0.4490
7372	A	0.3673
7373	C	0.3878
7374	C	0.3061
7375	C	0.2857
7376	A	0.3673
7377	A	0.3061
7378	T	0.3061
7379	T	0.3061
7380	A	0.2857
7381	A	0.3061
7382	C	0.3878
7383	G	0.3265
7384	G	0.3265
7385	G	0.2857
7386	T	0.2857
7387	A	0.3673
7388	C	0.3469
7389	G	0.3061
7390	A	0.3469
7391	C	0.3265
7392	C	0.3265
7393	A	0.3469
7394	G	0.3469
7395	G	0.2857
7396	G	0.2857
7397	T	0.3469
7398	G	0.3061
7399	T	0.4082
7400	G	0.3061
7401	C	0.3469
7402	C	0.3265
7403	C	0.3265
7404	A	0.3469
7405	C	0.3061
7406	C	0.3265
7407	G	0.3265
7408	G	0.3469
7409	T	0.2653
7410	T	0.3673
7411	T	0.2857
7412	T	0.3061
7413	A	0.2857
7414	A	0.3469
7415	G	0.3061
7416	T	0.3878
7417	C	0.3878
7418	G	0.3469
7419	T	0.3469
7420	A	0.3265
7421	C	0.4082
7422	A	0.4490
7423	T	0.2857
7424	A	0.3469
7425	C	0.2653
7426	C	0.3878
7427	C	0.4286
7428	C	0.3469
7429	A	0.3265
7430	A	0.3469
7431	T	0.3878
7432	C	0.3061
7433	A	0.3673
7434	A	0.3878
7435	A	0.3878
7436	G	0.3673
7437	C	0.3061
7438	A	0.3265
7439	A	0.3673
7440	G	0.3673
7441	C	0.3265
7442	G	0.3265
7443	A	0.3469
7444	T	0.3265
7445	A	0.3265
7446	A	0.3061
7447	G	0.3265
7448	C	0.3061
7449	C	0.3469
7450	G	0.3469
7451	G	0.3061
7452	T	0.3061
7453	A	0.3061
7454	C	0.4490
7455	A	0.3878
7456	T	0.3061
7457	G	0.3061
7458	G	0.3265
7459	T	0.2653
7460	A	0.3061
7461	A	0.3061
7462	C	0.3061
7463	T	0.3265
7464	A	0.4082
7465	T	0.2857
7466	T	0.4082
7467	G	0.3061
7468	T	0.2857
7469	C	0.3469
7470	A	0.3878
7471	A	0.3265
7472	T	0.3469
7473	T	0.3061
7474	A	0.3265
7475	T	0.3061
7476	C	0.3265
7477	A	0.3265
7478	C	0.3878
7479	C	0.4082
7480	A	0.3061
7481	C	0.3265
7482	A	0.4490
7483	T	0.3265
7484	T	0.3265
7485	C	0.3469
7486	C	0.3673
7487	A	0.3061
7488	T	0.3265
7489	A	0.3265
7490	A	0.2857
7491	C	0.2857
7492	A	0.3061
7493	T	0.3673
7494	G	0.3265
7495	T	0.2857
7496	C	0.3673
7497	A	0.3061
7498	C	0.3469
7499	G	0.3469
7500	A	0.3061
7501	A	0.3469
7502	A	0.2857
7503	A	0.3673
7504	C	0.3061
7505	A	0.3061
7506	T	0.3061
7507	C	0.3061
7508	T	0.3265
7509	A	0.3469
7510	T	0.3469
7511	T	0.3061
7512	T	0.3878
7513	C	0.3265
7514	T	0.3469
7515	T	0.3469
7516	T	0.3469
7517	C	0.3265
7518	G	0.3469
7519	C	0.3469
7520	A	0.4082
7521	C	0.2857
7522	T	0.3469
7523	A	0.3469
7524	G	0.3265
7525	T	0.3061
7526	A	0.3469
7527	T	0.3469
7528	A	0.2857
7529	G	0.3673
7530	G	0.4286
7531	A	0.2857
7532	G	0.3265
7533	A	0.2653
7534	G	0.3061
7535	A	0.3061
7536	A	0.3265
7537	C	0.3878
7538	C	0.3061
7539	A	0.2857
7540	G	0.3265
7541	A	0.3673
7542	C	0.2857
7543	C	0.3673
7544	G	0.3265
7545	T	0.3469
7546	G	0.4286
7547	G	0.4082
7548	T	0.2857
7549	A	0.3469
7550	T	0.2857
7551	G	0.3061
7552	T	0.4082
7553	G	0.3469
7554	C	0.2653
7555	C	0.3469
7556	C	0.3673
7557	T	0.4082
7558	C	0.2857
7559	T	0.3673
7560	G	0.4082
7561	A	0.4082
7562	A	0.3265
7563	A	0.4490
7564	G	0.3673
7565	A	0.4082
7566	C	0.3265
7567	T	0.2857
7568	G	0.3061
7569	A	0.3265
7570	T	0.2653
7571	T	0.3673
7572	A	0.3673
7573	A	0.3673
7574	T	0.3061
7575	C	0.3265
7576	C	0.3673
7577	T	0.3061
7578	T	0.3061
7579	T	0.2857
7580	C	0.3061
7581	A	0.2857
7582	G	0.3673
7583	T	0.3673
7584	C	0.3469
7585	G	0.3469
7586	G	0.4490
7587	C	0.3061
7588	G	0.3061
7589	A	0.2857
7590	T	0.4082
7591	C	0.3061
7592	A	0.3469
7593	C	0.3469
7594	C	0.3265
7595	G	0.3673
7596	G	0.3469
7597	C	0.4286
7598	C	0.3061
7599	G	0.3878
7600	A	0.2857
7601	C	0.3061
7602	T	0.3265
7603	C	0.3878
7604	T	0.3061
7605	T	0.3469
7606	A	0.2653
7607	A	0.4082
7608	C	0.3673
7609	T	0.2653
7610	A	0.4082
7611	T	0.3061
7612	T	0.3265
7613	T	0.2857
7614	G	0.3673
7615	A	0.3673
7616	G	0.4082
7617	A	0.3061
7618	C	0.3673
7619	C	0.3469
7620	G	0.3469
7621	A	0.3061
7622	T	0.2857
7623	T	0.3469
7624	T	0.3673
7625	A	0.4898
7626	A	0.3469
7627	T	0.3469
7628	A	0.3061
7629	G	0.3061
7630	T	0.3061
7631	T	0.3265
7632	T	0.3673
7633	T	0.3878
7634	G	0.4898
7635	A	0.3673
7636	G	0.2857
7637	A	0.3265
7638	G	0.3673
7639	A	0.3061
7640	G	0.3469
7641	C	0.3061
7642	C	0.3265
7643	A	0.3265
7644	G	0.3469
7645	A	0.3469
7646	A	0.3878
7647	T	0.3061
7648	C	0.3673
7649	A	0.2857
7650	T	0.4286
7651	T	0.3542
7652	G	0.3125
7653	A	0.2917
7654	T	0.3542
7655	G	0.3333
7656	A	0.3750
7657	C	0.2917
7658	T	0.3958
7659	C	0.2917
7660	T	0.3333
7661	C	0.3542
7662	C	0.3333
7663	C	0.3958
7664	T	0.3750
7665	T	0.3125
7666	T	0.3333
7667	C	0.3125
7668	T	0.3542
7669	C	0.3333
7670	A	0.2917
7671	T	0.2917
7672	G	0.3333
7673	A	0.3333
7674	C	0.3333
7675	T	0.4167
7676	G	0.3125
7677	A	0.2708
7678	A	0.3125
7679	T	0.3125
7680	C	0.3333
7681	G	0.3750
7682	C	0.3333
7683	A	0.2708
7684	T	0.3125
7685	C	0.2917
7686	T	0.4375
7687	C	0.2917
7688	T	0.3333
7689	T	0.4375
7690	T	0.3125
7691	A	0.2917
7692	C	0.3125
7693	G	0.3542
7694	A	0.3542
7695	A	0.4375
7696	T	0.3750
7697	T	0.3542
7698	T	0.4167
7699	C	0.3542
7700	T	0.3333
7701	G	0.3542
7702	C	0.4167
7703	A	0.3542
7704	A	0.3750
7705	C	0.3542
7706	A	0.3125
7707	A	0.2917
7708	A	0.3125
7709	C	0.3958
7710	G	0.3333
7711	A	0.2917
7712	A	0.2917
7713	G	0.3125
7714	C	0.3333
7715	G	0.3542
7716	G	0.3958
7717	T	0.3542
7718	G	0.2917
7719	A	0.3542
7720	C	0.2917
7721	C	0.3125
7722	A	0.3125
7723	T	0.2917
7724	C	0.3125
7725	A	0.2917
7726	G	0.2917
7727	G	0.3750
7728	G	0.3333
7729	T	0.3750
7730	T	0.3750
7731	A	0.2708
7732	A	0.3333
7733	G	0.3125
7734	C	0.2917
7735	C	0.3542
7736	C	0.3958
7737	G	0.3125
7738	T	0.3542
7739	T	0.3958
7740	G	0.3333
7741	G	0.3125
7742	C	0.3333
7743	T	0.2917
7744	T	0.3333
7745	G	0.3542
7746	C	0.3542
7747	C	0.2917
7748	G	0.3542
7749	A	0.3750
7750	T	0.3958
7751	C	0.3750
7752	T	0.3125
7753	G	0.2708
7754	G	0.2917
7755	C	0.3333
7756	C	0.2917
7757	T	0.3333
7758	T	0.3125
7759	T	0.3333
7760	C	0.3750
7761	A	0.3958
7762	G	0.3333
7763	G	0.2917
7764	T	0.3125
7765	C	0.3125
7766	T	0.2917
7767	C	0.3125
7768	T	0.3958
7769	G	0.2917
7770	T	0.3125
7771	A	0.3542
7772	A	0.3750
7773	G	0.3125
7774	G	0.3333
7775	A	0.2917
7776	T	0.3958
7777	C	0.3750
7778	T	0.3542
7779	C	0.3750
7780	A	0.3333
7781	C	0.3125
7782	A	0.3542
7783	A	0.3750
7784	A	0.2708
7785	G	0.2708
7786	G	0.3750
7787	G	0.3750
7788	G	0.3750
7789	T	0.3125
7790	T	0.3125
7791	G	0.3333
7792	T	0.4167
7793	C	0.3542
7794	A	0.2708
7795	T	0.3333
7796	T	0.3750
7797	T	0.3542
7798	T	0.3333
7799	G	0.2917
7800	G	0.3958
7801	G	0.4167
7802	A	0.2917
7803	C	0.3125
7804	A	0.3333
7805	A	0.3125
7806	A	0.3125
7807	T	0.2708
7808	C	0.3542
7809	T	0.3333
7810	C	0.3125
7811	C	0.3333
7812	A	0.3125
7813	T	0.3333
7814	G	0.3617
7815	A	0.3191
7816	C	0.3191
7817	G	0.3404
7818	T	0.2766
7819	A	0.3191
7820	A	0.3830
7821	A	0.3617
7822	C	0.2766
7823	G	0.2979
7824	A	0.3191
7825	T	0.3191
7826	G	0.3191
7827	A	0.3404
7828	T	0.3830
7829	G	0.3830
7830	T	0.3191
7831	C	0.3191
7832	G	0.3191
7833	C	0.3191
7834	T	0.3191
7835	A	0.3404
7836	T	0.3191
7837	T	0.3191
7838	T	0.2979
7839	C	0.3617
7840	G	0.2979
7841	G	0.2979
7842	T	0.3191
7843	G	0.3617
7844	T	0.3404
7845	T	0.3830
7846	C	0.3617
7847	A	0.4255
7848	C	0.3404
7849	G	0.2979
7850	T	0.3191
7851	A	0.4043
7852	A	0.2979
7853	G	0.3191
7854	A	0.3830
7855	G	0.3617
7856	C	0.2766
7857	A	0.3830
7858	C	0.2979
7859	A	0.4043
7860	A	0.3617
7861	A	0.3617
7862	C	0.3617
7863	A	0.3404
7864	T	0.2979
7865	G	0.2766
7866	T	0.2979
7867	T	0.3617
7868	C	0.3191
7869	A	0.4043
7870	A	0.3617
7871	A	0.4043
7872	A	0.3191
7873	A	0.2766
7874	T	0.3617
7875	C	0.4043
7876	T	0.3404
7877	T	0.3191
7878	T	0.3404
7879	T	0.3830
7880	A	0.3404
7881	A	0.2979
7882	T	0.3191
7883	G	0.2766
7884	C	0.3404
7885	C	0.3191
7886	G	0.2766
7887	A	0.2979
7888	T	0.2979
7889	C	0.4043
7890	A	0.3191
7891	A	0.3404
7892	A	0.2766
7893	A	0.3404
7894	T	0.3191
7895	T	0.3830
7896	T	0.3617
7897	A	0.2979
7898	A	0.3404
7899	T	0.4043
7900	T	0.4255
7901	T	0.3191
7902	T	0.2979
7903	C	0.2766
7904	T	0.3191
7905	T	0.2979
7906	T	0.3830
7907	T	0.2979
7908	T	0.3191
7909	A	0.3404
7910	C	0.3617
7911	G	0.3191
7912	C	0.3191
7913	A	0.3191
7914	G	0.3830
7915	T	0.4043
7916	A	0.3404
7917	T	0.3617
7918	C	0.2979
7919	T	0.2979
7920	C	0.2979
7921	G	0.2766
7922	A	0.2979
7923	C	0.4043
7924	A	0.3404
7925	T	0.3617
7926	T	0.3830
7927	G	0.3617
7928	G	0.3191
7929	A	0.3617
7930	A	0.3191
7931	A	0.4468
7932	A	0.3404
7933	G	0.2979
7934	T	0.4043
7935	T	0.2979
7936	C	0.3191
7937	T	0.3191
7938	T	0.4043
7939	C	0.2766
7940	T	0.3617
7941	T	0.3830
7942	T	0.2766
7943	A	0.4043
7944	A	0.3617
7945	A	0.3191
7946	C	0.4255
7947	A	0.3617
7948	G	0.3404
7949	A	0.2979
7950	A	0.3830
7951	A	0.2766
7952	T	0.3617
7953	G	0.2979
7954	C	0.3191
7955	A	0.3830
7956	A	0.3191
7957	T	0.3617
7958	A	0.4043
7959	T	0.2553
7960	T	0.4043
7961	G	0.2979
7962	T	0.3191
7963	T	0.3830
7964	C	0.3830
7965	A	0.3830
7966	G	0.3617
7967	T	0.3191
7968	T	0.3191
7969	C	0.3191
7970	A	0.4043
7971	G	0.2766
7972	A	0.3617
7973	T	0.4255
7974	T	0.3617
7975	T	0.4043
7976	T	0.3830
7977	G	0.3191
7978	G	0.3617
7979	T	0.2979
7980	A	0.2979
7981	G	0.3191
7982	T	0.2766
7983	T	0.3830
7984	T	0.4043
7985	T	0.3191
7986	T	0.3191
7987	T	0.3404
7988	G	0.2979
7989	A	0.4255
7990	C	0.3404
7991	G	0.2979
7992	C	0.2766
7993	C	0.3191
7994	T	0.4043
7995	T	0.3617
7996	C	0.3830
7997	G	0.2979
7998	G	0.3191
7999	C	0.2766
8000	A	0.3617
8001	T	0.3191
8002	T	0.4043
8003	G	0.3191
8004	T	0.3404
8005	A	0.2979
8006	A	0.3830
8007	T	0.3404
8008	C	0.3617
8009	C	0.3191
8010	A	0.3617
8011	T	0.3617
8012	T	0.2766
8013	A	0.3830
8014	A	0.3404
8015	C	0.3191
8016	A	0.4468
8017	A	0.3191
8018	C	0.2979
8019	T	0.3191
8020	A	0.4468
8021	A	0.2766
8022	A	0.2979
8023	A	0.4043
8024	T	0.3404
8025	C	0.3191
8026	T	0.3830
8027	T	0.3191
8028	A	0.3404
8029	T	0.3617
8030	G	0.3191
8031	T	0.3404
8032	G	0.3404
8033	A	0.3404
8034	C	0.3617
8035	A	0.5106
8036	A	0.4468
8037	A	0.4043
8038	A	0.3404
8039	A	0.2766
8040	G	0.2766
8041	C	0.3404
8042	A	0.3191
8043	G	0.3191
8044	T	0.3404
8045	G	0.3404
8046	A	0.2766
8047	T	0.3617
8048	A	0.2979
8049	A	0.3404
8050	A	0.2979
8051	T	0.3191
8052	G	0.3404
8053	G	0.3404
8054	T	0.2979
8055	G	0.4468
8056	G	0.3830
8057	T	0.3404
8058	C	0.4043
8059	T	0.4681
8060	T	0.3191
8061	T	0.3191
8062	T	0.3617
8063	C	0.3191
8064	T	0.3617
8065	T	0.3830
8066	G	0.3830
8067	T	0.3617
8068	T	0.2766
8069	T	0.3830
8070	T	0.3191
8071	T	0.2766
8072	T	0.3617
8073	C	0.3830
8074	C	0.2979
8075	G	0.2979
8076	C	0.2979
8077	G	0.3191
8078	T	0.2979
8079	C	0.3617
8080	T	0.3830
8081	T	0.3830
8082	A	0.3191
8083	A	0.4043
8084	C	0.2766
8085	T	0.5745
8086	C	0.3191
8087	G	0.4468
8088	C	0.3617
8089	T	0.2979
8090	A	0.4468
8091	A	0.2766
8092	A	0.4043
8093	C	0.3830
8094	A	0.3404
8095	T	0.3404
8096	T	0.2766
8097	G	0.3191
8098	G	0.3617
8099	G	0.2766
8100	G	0.2979
8101	G	0.3191
8102	G	0.3617
8103	C	0.2979
8104	A	0.2766
8105	T	0.3191
8106	A	0.3404
8107	T	0.4255
8108	A	0.3191
8109	A	0.3404
8110	A	0.3617
8111	A	0.3830
8112	A	0.3617
8113	A	0.2766
8114	A	0.3191
8115	T	0.4681
8116	C	0.3191
8117	G	0.4043
8118	A	0.3404
8119	A	0.3404
8120	T	0.3617
8121	G	0.3191
8122	C	0.3830
8123	A	0.4255
8124	G	0.2979
8125	A	0.3404
8126	T	0.3404
8127	T	0.3404
8128	A	0.3191
8129	C	0.3404
8130	A	0.3617
8131	A	0.4255
8132	A	0.3191
8133	T	0.3191
8134	A	0.3404
8135	A	0.3830
8136	T	0.3404
8137	C	0.3404
8138	G	0.3404
8139	C	0.3404
8140	C	0.3404
8141	A	0.3404
8142	T	0.3191
8143	A	0.3830
8144	T	0.3830
8145	C	0.3830
8146	C	0.3617
8147	T	0.3617
8148	C	0.3617
8149	C	0.3404
8150	G	0.4468
8151	G	0.3404
8152	A	0.4043
8153	C	0.3191
8154	A	0.3404
8155	A	0.3830
8156	A	0.3191
8157	C	0.4255
8158	A	0.2766
8159	C	0.3191
8160	A	0.2979
8161	A	0.2979
8162	T	0.2979
8163	G	0.3191
8164	A	0.2979
8165	T	0.3404
8166	T	0.3191
8167	C	0.3830
8168	A	0.3617
8169	C	0.2766
8170	C	0.3830
8171	G	0.4255
8172	A	0.3404
8173	T	0.3617
8174	T	0.2979
8175	C	0.2766
8176	A	0.3404
8177	A	0.3191
8178	C	0.3404
8179	G	0.3404
8180	C	0.4255
8181	A	0.3404
8182	A	0.3191
8183	A	0.3191
8184	A	0.3191
8185	A	0.2979
8186	G	0.2766
8187	G	0.2979
8188	A	0.3191
8189	C	0.3191
8190	G	0.3191
8191	T	0.2979
8192	C	0.3617
8193	G	0.3404
8194	A	0.2979
8195	G	0.4043
8196	G	0.2979
8197	A	0.2766
8198	T	0.3404
8199	T	0.3830
8200	A	0.3191
8201	A	0.2979
8202	C	0.3191
8203	T	0.3830
8204	T	0.4468
8205	T	0.3191
8206	C	0.4468
8207	T	0.3404
8208	C	0.3191
8209	T	0.3404
8210	A	0.2766
8211	G	0.2979
8212	G	0.3617
8213	A	0.3830
8214	C	0.3191
8215	C	0.3191
8216	C	0.3617
8217	C	0.3830
8218	G	0.2766
8219	C	0.3191
8220	G	0.3191
8221	G	0.2979
8222	A	0.3191
8223	A	0.3191
8224	A	0.4255
8225	C	0.3191
8226	T	0.3404
8227	T	0.2979
8228	C	0.2766
8229	T	0.2766
8230	C	0.2766
8231	T	0.4043
8232	C	0.4468
8233	G	0.2979
8234	A	0.2979
8235	G	0.2979
8236	A	0.2979
8237	A	0.3191
8238	T	0.4255
8239	T	0.3404
8240	C	0.3191
8241	T	0.2979
8242	A	0.3617
8243	G	0.3191
8244	A	0.4255
8245	T	0.3404
8246	T	0.4255
8247	G	0.3191
8248	A	0.3404
8249	A	0.3404
8250	T	0.4043
8251	T	0.4043
8252	T	0.3404
8253	A	0.2979
8254	T	0.3617
8255	T	0.2766
8256	A	0.4255
8257	T	0.4043
8258	A	0.3191
8259	C	0.3191
8260	T	0.3404
8261	G	0.3830
8262	C	0.5532
8263	A	0.3191
8264	G	0.3191
8265	A	0.3617
8266	A	0.3830
8267	A	0.4043
8268	G	0.3404
8269	C	0.3404
8270	G	0.3617
8271	T	0.3404
8272	C	0.3404
8273	A	0.3617
8274	T	0.2979
8275	T	0.3830
8276	T	0.3191
8277	T	0.3404
8278	T	0.3404
8279	T	0.3830
8280	A	0.3830
8281	T	0.3404
8282	G	0.3191
8283	T	0.2979
8284	A	0.3191
8285	T	0.2979
8286	A	0.3830
8287	A	0.3404
8288	A	0.4681
8289	C	0.4468
8290	C	0.3830
8291	A	0.4255
8292	T	0.3404
8293	A	0.3617
8294	T	0.3404
8295	A	0.2979
8296	C	0.4255
8297	C	0.3191
8298	T	0.4043
8299	T	0.3191
8300	C	0.3191
8301	A	0.2979
8302	C	0.3830
8303	A	0.2766
8304	G	0.2979
8305	A	0.2979
8306	G	0.2766
8307	A	0.3404
8308	C	0.3617
8309	G	0.2979
8310	G	0.3404
8311	C	0.3191
8312	T	0.2766
8313	A	0.3617
8314	T	0.3617
8315	C	0.2979
8316	A	0.3404
8317	A	0.3830
8318	C	0.2979
8319	T	0.3191
8320	C	0.3191
8321	C	0.4043
8322	G	0.3617
8323	C	0.2766
8324	G	0.3830
8325	G	0.2979
8326	T	0.2979
8327	T	0.4468
8328	G	0.3191
8329	A	0.3617
8330	A	0.3830
8331	A	0.2766
8332	A	0.2766
8333	A	0.3830
8334	A	0.2979
8335	A	0.4043
8336	T	0.3830
8337	C	0.3830
8338	A	0.3617
8339	A	0.4255
8340	G	0.4681
8341	A	0.4043
8342	A	0.3404
8343	A	0.3830
8344	T	0.2979
8345	T	0.3830
8346	T	0.2979
8347	T	0.3404
8348	G	0.3617
8349	C	0.2766
8350	T	0.4681
8351	A	0.3830
8352	C	0.3404
8353	T	0.3404
8354	T	0.3617
8355	G	0.3191
8356	A	0.3191
8357	C	0.3191
8358	T	0.2979
8359	G	0.3404
8360	G	0.2979
8361	A	0.4043
8362	C	0.3191
8363	A	0.2979
8364	C	0.3404
8365	A	0.4043
8366	G	0.2979
8367	A	0.3617
8368	C	0.3191
8369	A	0.3617
8370	A	0.2979
8371	T	0.2766
8372	A	0.3191
8373	A	0.2766
8374	A	0.4468
8375	G	0.3830
8376	A	0.3404
8377	A	0.2766
8378	G	0.3404
8379	T	0.4255
8380	A	0.3191
8381	G	0.3191
8382	A	0.4894
8383	A	0.3830
8384	C	0.2979
8385	T	0.3191
8386	G	0.2553
8387	G	0.3191
8388	G	0.2979
8389	A	0.2979
8390	A	0.4255
8391	G	0.3191
8392	A	0.2979
8393	A	0.3617
8394	T	0.3404
8395	C	0.3191
8396	G	0.2979
8397	T	0.3617
8398	G	0.3830
8399	G	0.3617
8400	A	0.2979
8401	A	0.2979
8402	A	0.3617
8403	A	0.3404
8404	C	0.3617
8405	T	0.2766
8406	T	0.3617
8407	C	0.3191
8408	T	0.3404
8409	T	0.3617
8410	A	0.2979
8411	T	0.3191
8412	T	0.3191
8413	C	0.3617
8414	A	0.4681
8415	G	0.2766
8416	G	0.3617
8417	C	0.2979
8418	T	0.3617
8419	T	0.3830
8420	A	0.3404
8421	G	0.3617
8422	C	0.3617
8423	C	0.2979
8424	A	0.3830
8425	G	0.3191
8426	A	0.3404
8427	A	0.3191
8428	A	0.3617
8429	C	0.3191
8430	C	0.3191
8431	G	0.2979
8432	A	0.3404
8433	G	0.3191
8434	A	0.3191
8435	C	0.3617
8436	C	0.2979
8437	C	0.3404
8438	C	0.4043
8439	T	0.3404
8440	C	0.3404
8441	A	0.3830
8442	C	0.2979
8443	G	0.2979
8444	T	0.2766
8445	T	0.4043
8446	A	0.3191
8447	C	0.3404
8448	C	0.3191
8449	T	0.4255
8450	C	0.3191
8451	G	0.3830
8452	G	0.2979
8453	G	0.3617
8454	T	0.3617
8455	A	0.3191
8456	A	0.3404
8457	A	0.3191
8458	A	0.3830
8459	T	0.3191
8460	C	0.3404
8461	A	0.3191
8462	T	0.3191
8463	T	0.4043
8464	G	0.4043
8465	T	0.2766
8466	G	0.3404
8467	A	0.2979
8468	T	0.3404
8469	C	0.3191
8470	A	0.3404
8471	C	0.3404
8472	C	0.3830
8473	A	0.3617
8474	G	0.3404
8475	A	0.2979
8476	T	0.2766
8477	T	0.3191
8478	T	0.3830
8479	G	0.3830
8480	C	0.2979
8481	A	0.3191
8482	A	0.2979
8483	T	0.3830
8484	A	0.3830
8485	T	0.3404
8486	G	0.3191
8487	T	0.3404
8488	A	0.3617
8489	T	0.2979
8490	T	0.3191
8491	G	0.4255
8492	T	0.2553
8493	C	0.3191
8494	G	0.3404
8495	G	0.2766
8496	A	0.3191
8497	T	0.3617
8498	T	0.2979
8499	C	0.2766
8500	T	0.2979
8501	T	0.2979
8502	T	0.3191
8503	C	0.3191
8504	T	0.3191
8505	T	0.3191
8506	A	0.2766
8507	C	0.2979
8508	A	0.4043
8509	T	0.3404
8510	C	0.2979
8511	A	0.3617
8512	G	0.3830
8513	G	0.3191
8514	C	0.4043
8515	A	0.3617
8516	T	0.3617
8517	T	0.2979
8518	A	0.3830
8519	G	0.2979
8520	C	0.2553
8521	G	0.2979
8522	G	0.3617
8523	G	0.3191
8524	G	0.3191
8525	A	0.3617
8526	A	0.3191
8527	A	0.3404
8528	T	0.3617
8529	C	0.3191
8530	C	0.3191
8531	T	0.3191
8532	G	0.3191
8533	T	0.3404
8534	G	0.3404
8535	T	0.3617
8536	A	0.3191
8537	A	0.4681
8538	T	0.3191
8539	T	0.2766
8540	C	0.3404
8541	T	0.4043
8542	T	0.3191
8543	C	0.3830
8544	C	0.3404
8545	G	0.3617
8546	T	0.3404
8547	T	0.3404
8548	A	0.3617
8549	T	0.2979
8550	G	0.3617
8551	A	0.2979
8552	T	0.3191
8553	C	0.2766
8554	C	0.2979
8555	G	0.2979
8556	T	0.2766
8557	T	0.3404
8558	G	0.3404
8559	T	0.3830
8560	G	0.3617
8561	T	0.3404
8562	A	0.3191
8563	A	0.3191
8564	T	0.2979
8565	C	0.3191
8566	A	0.3404
8567	G	0.2766
8568	G	0.2766
8569	T	0.4255
8570	G	0.2766
8571	T	0.2766
8572	G	0.3191
8573	A	0.3191
8574	A	0.2979
8575	G	0.2979
8576	A	0.4894
8577	T	0.2979
8578	A	0.3191
8579	A	0.2979
8580	C	0.2766
8581	G	0.3191
8582	A	0.3404
8583	A	0.2979
8584	G	0.2766
8585	A	0.2979
8586	A	0.3191
8587	C	0.3191
8588	A	0.3617
8589	C	0.3191
8590	C	0.3191
8591	A	0.3191
8592	T	0.4255
8593	G	0.3617
8594	A	0.3617
8595	T	0.4255
8596	G	0.3404
8597	A	0.3404
8598	G	0.2979
8599	C	0.3404
8600	A	0.3617
8601	T	0.3191
8602	T	0.2979
8603	G	0.3404
8604	A	0.3191
8605	A	0.3404
8606	T	0.2766
8607	T	0.4255
8608	A	0.3830
8609	A	0.4468
8610	T	0.4043
8611	G	0.3191
8612	A	0.4043
8613	C	0.3191
8614	G	0.3404
8615	T	0.3191
8616	G	0.2979
8617	T	0.3191
8618	T	0.4255
8619	T	0.3404
8620	A	0.4043
8621	G	0.3404
8622	C	0.3404
8623	T	0.3191
8624	G	0.3404
8625	T	0.3404
8626	C	0.2979
8627	C	0.2979
8628	A	0.3830
8629	C	0.3191
8630	T	0.2766
8631	A	0.2979
8632	T	0.3191
8633	T	0.4681
8634	C	0.2979
8635	T	0.3404
8636	A	0.3617
8637	T	0.2766
8638	A	0.2766
8639	T	0.3830
8640	T	0.3404
8641	G	0.3191
8642	T	0.2979
8643	G	0.2979
8644	A	0.3830
8645	A	0.2979
8646	G	0.2553
8647	T	0.3617
8648	C	0.3617
8649	T	0.4255
8650	T	0.3191
8651	A	0.3404
8652	C	0.3191
8653	T	0.2766
8654	T	0.2766
8655	C	0.2979
8656	G	0.3191
8657	T	0.3617
8658	G	0.2766
8659	A	0.4468
8660	T	0.3404
8661	T	0.4468
8662	T	0.2766
8663	A	0.3404
8664	C	0.3404
8665	T	0.3404
8666	G	0.2766
8667	T	0.2766
8668	G	0.3404
8669	G	0.3191
8670	C	0.3191
8671	C	0.2766
8672	G	0.4468
8673	G	0.3617
8674	G	0.3830
8675	T	0.2979
8676	A	0.3617
8677	A	0.3191
8678	A	0.3404
8679	A	0.3617
8680	T	0.3404
8681	T	0.3830
8682	C	0.2766
8683	T	0.3617
8684	A	0.3404
8685	G	0.3191
8686	G	0.3191
8687	C	0.2979
8688	A	0.3191
8689	A	0.3404
8690	C	0.2766
8691	C	0.3404
8692	T	0.3617
8693	A	0.2766
8694	T	0.4043
8695	G	0.2979
8696	T	0.2979
8697	T	0.3404
8698	A	0.3191
8699	A	0.3191
8700	G	0.3191
8701	A	0.2553
8702	A	0.3191
8703	C	0.3404
8704	T	0.2979
8705	A	0.3191
8706	C	0.3191
8707	A	0.4681
8708	A	0.3617
8709	C	0.3404
8710	A	0.2979
8711	T	0.2979
8712	C	0.2766
8713	T	0.5106
8714	C	0.3617
8715	C	0.3191
8716	A	0.3617
8717	A	0.2979
8718	T	0.3404
8719	A	0.3191
8720	A	0.2979
8721	A	0.2979
8722	G	0.3404
8723	A	0.3404
8724	A	0.3404
8725	T	0.3191
8726	T	0.2979
8727	C	0.3830
8728	A	0.3404
8729	T	0.2979
8730	G	0.4468
8731	A	0.4894
8732	G	0.3404
8733	C	0.3191
8734	C	0.3191
8735	A	0.4043
8736	T	0.3191
8737	T	0.4043
8738	A	0.2979
8739	T	0.3617
8740	G	0.3404
8741	T	0.2766
8742	A	0.3617
8743	G	0.2979
8744	A	0.3191
8745	A	0.3191
8746	T	0.3830
8747	T	0.4255
8748	G	0.3404
8749	A	0.2979
8750	C	0.4468
8751	G	0.3191
8752	A	0.2979
8753	G	0.3404
8754	T	0.3404
8755	T	0.2979
8756	C	0.2979
8757	G	0.3913
8758	C	0.2609
8759	G	0.3913
8760	G	0.3696
8761	G	0.3696
8762	T	0.3261
8763	T	0.3043
8764	C	0.3261
8765	T	0.3913
8766	C	0.2826
8767	C	0.3478
8768	A	0.3043
8769	C	0.3478
8770	G	0.3043
8771	G	0.3043
8772	G	0.3261
8773	G	0.3043
8774	A	0.3478
8775	T	0.3261
8776	G	0.3043
8777	A	0.3261
8778	G	0.3478
8779	C	0.3043
8780	A	0.3913
8781	C	0.2609
8782	T	0.3261
8783	C	0.3043
8784	A	0.3696
8785	C	0.3261
8786	A	0.3261
8787	C	0.3478
8788	T	0.4783
8789	A	0.2826
8790	A	0.2826
8791	A	0.4348
8792	T	0.3261
8793	G	0.3478
8794	G	0.3696
8795	C	0.3261
8796	T	0.3913
8797	A	0.3261
8798	T	0.2826
8799	C	0.3478
8800	C	0.3478
8801	C	0.3261
8802	G	0.3696
8803	A	0.3261
8804	T	0.3913
8805	A	0.3043
8806	T	0.3043
8807	A	0.2826
8808	A	0.3478
8809	A	0.2826
8810	T	0.3478
8811	A	0.4130
8812	A	0.3696
8813	C	0.3043
8814	A	0.3696
8815	A	0.3261
8816	A	0.3261
8817	G	0.3043
8818	C	0.3478
8819	C	0.3696
8820	T	0.3478
8821	G	0.3478
8822	A	0.3913
8823	A	0.4348
8824	G	0.3261
8825	G	0.5000
8826	A	0.3913
8827	A	0.4348
8828	A	0.2826
8829	G	0.3478
8830	G	0.3478
8831	T	0.3043
8832	G	0.3478
8833	A	0.3696
8834	T	0.4130
8835	G	0.3913
8836	A	0.3478
8837	T	0.2826
8838	C	0.2826
8839	G	0.3478
8840	A	0.3913
8841	C	0.3478
8842	A	0.3261
8843	A	0.3696
8844	C	0.3913
8845	C	0.3913
8846	T	0.3043
8847	A	0.3261
8848	T	0.2826
8849	T	0.3261
8850	C	0.3261
8851	A	0.4348
8852	A	0.4130
8853	A	0.4565
8854	G	0.3261
8855	C	0.3043
8856	A	0.3261
8857	G	0.3696
8858	A	0.3696
8859	T	0.3043
8860	T	0.3043
8861	T	0.3913
8862	A	0.3261
8863	T	0.3478
8864	C	0.3261
8865	T	0.3043
8866	T	0.3261
8867	G	0.3696
8868	G	0.3696
8869	G	0.3913
8870	A	0.2826
8871	G	0.3478
8872	A	0.3261
8873	T	0.3696
8874	C	0.3696
8875	C	0.2826
8876	A	0.3043
8877	T	0.2826
8878	A	0.3478
8879	T	0.3478
8880	A	0.3913
8881	G	0.3261
8882	C	0.3043
8883	C	0.3696
8884	A	0.3478
8885	T	0.3261
8886	A	0.3478
8887	A	0.3043
8888	C	0.3478
8889	A	0.3043
8890	A	0.4348
8891	A	0.3696
8892	A	0.3696
8893	T	0.3478
8894	C	0.3043
8895	T	0.3261
8896	A	0.3261
8897	G	0.3043
8898	G	0.3261
8899	A	0.3696
8900	A	0.2826
8901	T	0.3913
8902	C	0.3261
8903	A	0.2826
8904	A	0.3261
8905	T	0.2826
8906	C	0.2826
8907	A	0.2826
8908	A	0.3478
8909	C	0.2826
8910	A	0.3913
8911	T	0.3478
8912	G	0.2826
8913	C	0.3043
8914	A	0.4565
8915	A	0.3478
8916	A	0.3696
8917	A	0.4348
8918	T	0.3696
8919	A	0.3696
8920	A	0.2826
8921	A	0.3556
8922	G	0.3111
8923	A	0.2889
8924	T	0.4222
8925	G	0.3333
8926	T	0.3778
8927	C	0.4222
8928	T	0.2889
8929	T	0.3111
8930	A	0.3778
8931	T	0.2889
8932	C	0.3333
8933	A	0.3556
8934	T	0.3333
8935	C	0.3111
8936	G	0.3778
8937	T	0.3333
8938	C	0.2889
8939	A	0.3333
8940	G	0.2889
8941	A	0.3778
8942	C	0.3864
8943	G	0.3636
8944	A	0.2955
8945	A	0.3182
8946	T	0.3636
8947	C	0.3409
8948	A	0.2727
8949	G	0.2955
8950	T	0.3182
8951	A	0.3409
8952	G	0.3409
8953	C	0.2955
8954	C	0.3636
8955	C	0.3864
8956	C	0.3182
8957	T	0.3636
8958	T	0.3182
8959	A	0.4091
8960	A	0.3182
8961	A	0.3182
8962	C	0.3182
8963	C	0.3409
8964	C	0.2955
8965	C	0.3409
8966	T	0.2955
8967	C	0.2727
8968	T	0.3636
8969	G	0.3409
8970	T	0.3182
8971	A	0.3182
8972	T	0.4091
8973	A	0.4091
8974	A	0.4318
8975	G	0.2727
8976	G	0.3182
8977	G	0.3409
8978	T	0.3409
8979	G	0.3636
8980	G	0.3409
8981	A	0.3409
8982	A	0.3409
8983	A	0.3182
8984	T	0.3409
8985	A	0.3636
8986	C	0.3182
8987	A	0.4545
8988	G	0.3409
8989	A	0.4545
8990	A	0.3409
8991	G	0.3182
8992	C	0.4091
8993	A	0.3409
8994	T	0.3409
8995	T	0.2955
8996	A	0.2955
8997	G	0.2955
8998	G	0.3409
8999	A	0.3182
9000	A	0.4318
9001	A	0.2955
9002	T	0.3182
9003	A	0.3636
9004	A	0.2955
9005	T	0.3182
9006	A	0.3636
9007	G	0.3182
9008	G	0.3409
9009	G	0.3409
9010	C	0.2955
9011	T	0.3182
9012	T	0.3864
9013	G	0.3182
9014	G	0.3182
9015	G	0.3636
9016	A	0.3182
9017	T	0.3636
9018	A	0.4091
9019	A	0.3182
9020	A	0.3182
9021	T	0.4091
9022	G	0.3636
9023	C	0.3409
9024	C	0.3182
9025	A	0.3409
9026	A	0.3182
9027	G	0.3409
9028	T	0.2955
9029	G	0.4091
9030	G	0.3636
9031	A	0.2955
9032	A	0.3636
9033	T	0.3864
9034	A	0.2955
9035	T	0.3636
9036	T	0.4091
9037	T	0.3636
9038	G	0.4091
9039	C	0.2955
9040	T	0.3636
9041	A	0.3409
9042	A	0.3182
9043	A	0.3409
9044	C	0.2727
9045	A	0.3182
9046	A	0.3182
9047	A	0.3409
9048	A	0.4545
9049	A	0.4091
9050	A	0.3636
9051	C	0.4091
9052	C	0.3636
9053	A	0.4318
9054	A	0.3409
9055	C	0.3636
9056	A	0.4318
9057	C	0.2727
9058	A	0.3409
9059	A	0.3409
9060	G	0.3636
9061	A	0.3636
9062	A	0.3864
9063	G	0.2955
9064	T	0.3636
9065	A	0.3182
9066	A	0.2955
9067	C	0.3409
9068	C	0.3182
9069	A	0.3182
9070	A	0.3864
9071	A	0.3864
9072	A	0.3409
9073	A	0.3864
9074	A	0.3864
9075	A	0.3182
9076	C	0.3636
9077	A	0.2955
9078	A	0.3409
9079	T	0.3409
9080	G	0.2955
9081	G	0.2955
9082	T	0.3636
9083	C	0.3864
9084	A	0.3636
9085	T	0.4091
9086	T	0.3636
9087	C	0.3636
9088	T	0.3636
9089	T	0.3182
9090	A	0.2955
9091	G	0.2727
9092	T	0.3409
9093	G	0.3409
9094	A	0.3182
9095	A	0.2727
9096	G	0.3182
9097	C	0.3409
9098	G	0.3182
9099	C	0.3864
9100	T	0.3409
9101	T	0.2727
9102	G	0.3182
9103	T	0.2955
9104	T	0.3182
9105	T	0.3182
9106	A	0.3182
9107	A	0.3182
9108	A	0.2955
9109	T	0.3864
9110	A	0.3182
9111	C	0.3182
9112	C	0.3864
9113	C	0.2955
9114	A	0.3409
9115	T	0.2955
9116	A	0.3409
9117	T	0.3864
9118	T	0.4091
9119	C	0.3409
9120	A	0.3636
9121	T	0.3409
9122	A	0.3182
9123	G	0.3409
9124	G	0.2727
9125	T	0.3409
9126	C	0.3409
9127	A	0.3636
9128	C	0.3182
9129	A	0.3864
9130	T	0.3182
9131	G	0.3409
9132	T	0.2955
9133	A	0.2955
9134	A	0.3182
9135	G	0.3182
9136	G	0.3636
9137	T	0.3864
9138	C	0.2955
9139	T	0.3636
9140	C	0.3182
9141	A	0.3182
9142	C	0.2955
9143	G	0.3182
9144	T	0.3182
9145	A	0.2955
9146	T	0.3182
9147	T	0.2955
9148	T	0.3409
9149	A	0.3409
9150	T	0.3864
9151	T	0.2955
9152	A	0.4091
9153	A	0.4318
9154	T	0.3636
9155	A	0.3409
9156	A	0.3182
9157	T	0.4091
9158	T	0.2727
9159	T	0.3182
9160	A	0.3864
9161	A	0.3409
9162	C	0.3409
9163	A	0.3864
9164	G	0.3182
9165	G	0.3182
9166	T	0.3864
9167	C	0.3636
9168	T	0.3409
9169	T	0.3182
9170	A	0.3182
9171	T	0.3636
9172	A	0.3182
9173	A	0.3864
9174	G	0.3409
9175	C	0.2727
9176	C	0.3409
9177	T	0.3182
9178	T	0.2727
9179	C	0.2955
9180	A	0.3409
9181	T	0.2955
9182	G	0.3182
9183	A	0.3409
9184	A	0.3409
9185	G	0.2727
9186	A	0.3182
9187	A	0.3409
9188	A	0.3182
9189	A	0.3182
9190	A	0.4318
9191	A	0.2955
9192	A	0.4318
9193	C	0.3409
9194	A	0.3409
9195	A	0.3182
9196	C	0.3636
9197	G	0.3636
9198	A	0.3182
9199	G	0.2955
9200	C	0.2955
9201	G	0.3636
9202	A	0.3409
9203	T	0.3182
9204	T	0.4318
9205	A	0.3409
9206	A	0.3864
9207	T	0.3636
9208	T	0.3636
9209	C	0.3182
9210	C	0.2727
9211	A	0.3636
9212	C	0.2955
9213	A	0.2955
9214	A	0.2955
9215	A	0.4318
9216	T	0.3864
9217	G	0.2727
9218	G	0.3182
9219	C	0.3409
9220	A	0.4318
9221	A	0.3864
9222	A	0.5000
9223	C	0.2955
9224	G	0.3864
9225	C	0.2955
9226	A	0.3636
9227	T	0.4091
9228	T	0.3864
9229	G	0.3182
9230	C	0.2955
9231	C	0.3409
9232	C	0.3636
9233	G	0.3409
9234	A	0.4091
9235	T	0.2955
9236	C	0.3182
9237	T	0.3182
9238	T	0.3409
9239	G	0.2727
9240	C	0.3409
9241	G	0.3182
9242	C	0.3409
9243	A	0.3409
9244	C	0.3182
9245	T	0.3409
9246	C	0.3409
9247	T	0.3182
9248	A	0.3409
9249	G	0.4318
9250	G	0.2727
9251	G	0.3182
9252	A	0.4091
9253	A	0.3182
9254	A	0.4545
9255	A	0.3182
9256	A	0.3409
9257	G	0.3864
9258	A	0.4545
9259	A	0.3409
9260	T	0.3409
9261	C	0.3182
9262	A	0.3636
9263	T	0.3636
9264	A	0.2955
9265	C	0.3636
9266	G	0.3182
9267	C	0.4091
9268	A	0.3864
9269	T	0.3864
9270	G	0.3636
9271	A	0.3636
9272	T	0.4091
9273	C	0.3182
9274	A	0.3409
9275	G	0.3636
9276	T	0.2955
9277	A	0.2727
9278	T	0.3409
9279	G	0.3636
9280	A	0.2955
9281	C	0.3636
9282	A	0.3636
9283	C	0.2955
9284	C	0.3182
9285	G	0.3409
9286	G	0.3182
9287	T	0.3182
9288	A	0.3409
9289	A	0.3409
9290	A	0.3182
9291	C	0.3182
9292	G	0.4091
9293	A	0.3182
9294	G	0.4545
9295	G	0.2727
9296	A	0.3182
9297	A	0.3182
9298	A	0.3409
9299	C	0.3409
9300	C	0.3409
9301	G	0.2727
9302	A	0.3636
9303	G	0.2955
9304	A	0.2955
9305	A	0.3409
9306	T	0.3409
9307	C	0.2955
9308	A	0.2727
9309	T	0.4318
9310	T	0.3409
9311	T	0.3409
9312	C	0.2955
9313	G	0.3182
9314	C	0.3182
9315	C	0.3864
9316	G	0.3182
9317	G	0.3409
9318	C	0.4318
9319	A	0.3636
9320	A	0.3182
9321	T	0.3409
9322	G	0.3182
9323	C	0.4091
9324	A	0.3864
9325	T	0.3409
9326	A	0.2955
9327	T	0.2955
9328	T	0.3409
9329	A	0.3636
9330	A	0.2955
9331	C	0.2727
9332	A	0.4773
9333	A	0.4091
9334	G	0.2955
9335	A	0.3182
9336	A	0.3409
9337	A	0.3182
9338	A	0.4773
9339	A	0.3636
9340	T	0.3182
9341	T	0.4091
9342	A	0.3182
9343	A	0.3182
9344	G	0.3864
9345	T	0.3182
9346	A	0.3636
9347	A	0.3864
9348	T	0.3409
9349	C	0.2727
9350	T	0.2955
9351	A	0.3636
9352	T	0.3409
9353	A	0.4318
9354	A	0.3182
9355	C	0.2955
9356	C	0.3636
9357	T	0.3182
9358	T	0.2727
9359	A	0.3182
9360	G	0.3409
9361	G	0.3182
9362	C	0.3864
9363	G	0.3636
9364	G	0.2955
9365	G	0.4318
9366	A	0.3409
9367	A	0.3182
9368	T	0.2955
9369	T	0.3182
9370	A	0.3182
9371	A	0.3409
9372	G	0.2727
9373	C	0.3636
9374	G	0.3409
9375	A	0.3864
9376	A	0.3636
9377	T	0.2500
9378	G	0.2955
9379	A	0.3182
9380	A	0.4091
9381	T	0.3409
9382	T	0.2955
9383	C	0.2955
9384	A	0.2727
9385	T	0.3182
9386	T	0.3636
9387	G	0.3864
9388	A	0.3182
9389	A	0.3636
9390	C	0.3182
9391	A	0.3182
9392	T	0.2955
9393	C	0.2955
9394	C	0.2727
9395	A	0.3636
9396	C	0.3636
9397	C	0.3864
9398	C	0.3409
9399	A	0.3182
9400	A	0.3636
9401	C	0.3182
9402	T	0.4545
9403	A	0.2955
9404	G	0.3409
9405	C	0.3864
9406	T	0.4091
9407	T	0.2955
9408	G	0.3864
9409	T	0.3636
9410	G	0.2955
9411	C	0.3409
9412	A	0.3409
9413	T	0.2955
9414	T	0.3864
9415	C	0.3636
9416	A	0.3409
9417	A	0.3182
9418	T	0.3409
9419	C	0.2955
9420	G	0.3409
9421	C	0.2955
9422	G	0.2727
9423	A	0.3636
9424	T	0.3182
9425	G	0.3182
9426	C	0.2727
9427	A	0.4545
9428	G	0.3409
9429	A	0.4545
9430	A	0.2955
9431	A	0.4091
9432	A	0.2955
9433	T	0.3636
9434	A	0.3409
9435	T	0.3864
9436	T	0.2955
9437	T	0.2955
9438	T	0.3636
9439	A	0.3182
9440	T	0.3636
9441	A	0.3409
9442	G	0.3182
9443	G	0.3182
9444	G	0.3182
9445	G	0.3636
9446	C	0.3636
9447	A	0.4545
9448	G	0.3409
9449	T	0.2727
9450	G	0.3409
9451	A	0.4091
9452	G	0.2955
9453	A	0.2955
9454	G	0.2727
9455	G	0.4091
9456	A	0.3182
9457	T	0.3182
9458	T	0.4091
9459	C	0.2727
9460	A	0.2955
9461	G	0.3182
9462	T	0.3864
9463	A	0.4091
9464	C	0.4545
9465	A	0.3636
9466	A	0.4318
9467	A	0.3864
9468	T	0.3182
9469	G	0.3636
9470	G	0.2955
9471	T	0.3409
9472	A	0.3182
9473	A	0.4091
9474	A	0.3182
9475	G	0.2955
9476	C	0.2727
9477	T	0.3409
9478	G	0.3409
9479	C	0.2955
9480	T	0.3864
9481	G	0.3409
9482	A	0.3864
9483	T	0.2955
9484	C	0.3864
9485	C	0.3636
9486	G	0.2955
9487	A	0.3636
9488	C	0.4318
9489	A	0.4091
9490	G	0.2955
9491	G	0.4545
9492	C	0.3182
9493	A	0.3864
9494	T	0.3636
9495	A	0.3636
9496	T	0.3182
9497	G	0.2727
9498	C	0.4091
9499	T	0.3409
9500	C	0.3182
9501	A	0.3182
9502	T	0.3182
9503	C	0.2955
9504	G	0.3636
9505	C	0.3864
9506	T	0.4091
9507	G	0.3864
9508	C	0.3409
9509	G	0.2955
9510	T	0.2955
9511	T	0.3182
9512	G	0.3864
9513	A	0.2955
9514	A	0.2955
9515	G	0.3182
9516	A	0.2955
9517	A	0.2727
9518	T	0.4091
9519	G	0.3636
9520	A	0.2955
9521	T	0.3409
9522	A	0.3182
9523	G	0.3636
9524	T	0.3182
9525	C	0.2955
9526	A	0.3636
9527	A	0.3182
9528	G	0.3182
9529	T	0.3864
9530	T	0.3409
9531	G	0.4091
9532	T	0.4318
9533	G	0.3182
9534	G	0.4318
9535	G	0.3182
9536	G	0.3409
9537	T	0.3864
9538	T	0.2955
9539	A	0.3409
9540	A	0.4091
9541	T	0.4545
9542	C	0.3409
9543	A	0.2955
9544	A	0.2727
9545	C	0.3409
9546	C	0.4091
9547	G	0.3409
9548	G	0.3409
9549	A	0.3182
9550	G	0.3182
9551	G	0.3182
9552	A	0.2727
9553	A	0.2955
9554	C	0.2727
9555	C	0.3182
9556	C	0.2727
9557	A	0.3409
9558	A	0.3636
9559	A	0.3182
9560	A	0.3182
9561	G	0.2727
9562	T	0.3864
9563	G	0.3409
9564	A	0.4318
9565	G	0.2955
9566	G	0.4091
9567	A	0.2955
9568	G	0.3409
9569	A	0.2955
9570	A	0.3636
9571	G	0.3182
9572	C	0.3864
9573	T	0.2955
9574	T	0.3182
9575	T	0.3409
9576	T	0.3409
9577	C	0.3182
9578	C	0.2955
9579	A	0.3409
9580	T	0.2955
9581	A	0.3409
9582	T	0.3636
9583	C	0.4318
9584	G	0.4091
9585	C	0.3182
9586	A	0.2955
9587	T	0.3182
9588	C	0.3864
9589	T	0.4318
9590	C	0.3636
9591	A	0.3409
9592	G	0.3864
9593	C	0.2955
9594	T	0.4091
9595	A	0.3409
9596	T	0.3182
9597	T	0.2955
9598	T	0.3636
9599	T	0.3864
9600	A	0.3409
9601	C	0.2955
9602	A	0.3182
9603	C	0.4091
9604	C	0.3409
9605	T	0.3409
9606	C	0.3409
9607	C	0.3864
9608	T	0.3636
9609	C	0.2727
9610	T	0.3409
9611	T	0.2727
9612	G	0.3636
9613	C	0.3182
9614	G	0.3182
9615	A	0.3409
9616	G	0.3636
9617	G	0.4773
9618	G	0.3864
9619	T	0.3409
9620	T	0.2727
9621	T	0.3864
9622	T	0.3409
9623	G	0.3636
9624	A	0.3636
9625	A	0.3636
9626	C	0.2955
9627	A	0.3182
9628	G	0.2955
9629	A	0.3409
9630	T	0.3636
9631	C	0.2727
9632	A	0.3409
9633	A	0.2955
9634	C	0.3409
9635	A	0.3636
9636	A	0.3409
9637	A	0.3182
9638	T	0.3636
9639	A	0.3636
9640	T	0.3182
9641	A	0.3636
9642	C	0.3182
9643	A	0.3409
9644	T	0.2955
9645	G	0.3636
9646	G	0.3636
9647	G	0.3182
9648	G	0.3409
9649	A	0.4318
9650	C	0.3636
9651	C	0.3182
9652	T	0.3182
9653	T	0.2727
9654	A	0.3409
9655	T	0.4318
9656	A	0.3636
9657	G	0.4091
9658	C	0.3636
9659	C	0.3636
9660	T	0.3182
9661	A	0.3409
9662	T	0.3864
9663	T	0.2955
9664	A	0.2727
9665	G	0.3636
9666	G	0.3409
9667	G	0.3409
9668	C	0.3182
9669	C	0.3636
9670	T	0.4091
9671	C	0.3182
9672	T	0.3182
9673	A	0.3409
9674	G	0.3182
9675	A	0.2955
9676	T	0.3636
9677	A	0.3636
9678	A	0.2955
9679	A	0.2955
9680	T	0.4318
9681	T	0.2727
9682	A	0.3182
9683	G	0.3409
9684	T	0.3182
9685	A	0.3864
9686	C	0.3182
9687	A	0.4773
9688	T	0.2955
9689	A	0.3409
9690	T	0.3636
9691	T	0.2955
9692	T	0.3864
9693	A	0.4318
9694	T	0.3182
9695	C	0.3409
9696	A	0.3182
9697	A	0.3409
9698	T	0.3636
9699	A	0.2955
9700	G	0.2955
9701	T	0.3182
9702	C	0.2955
9703	G	0.3636
9704	G	0.2727
9705	G	0.3409
9706	C	0.3409
9707	A	0.2727
9708	A	0.3864
9709	A	0.5000
9710	C	0.3182
9711	A	0.3864
9712	A	0.3409
9713	T	0.3636
9714	C	0.2727
9715	G	0.3864
9716	C	0.3409
9717	A	0.4091
9718	C	0.3182
9719	T	0.3182
9720	A	0.2955
9721	G	0.2727
9722	A	0.3409
9723	A	0.4091
9724	A	0.3409
9725	A	0.4545
9726	A	0.3409
9727	A	0.2727
9728	A	0.2955
9729	A	0.4091
9730	G	0.3182
9731	A	0.2955
9732	T	0.3182
9733	T	0.4773
9734	G	0.2727
9735	A	0.4545
9736	G	0.3409
9737	C	0.2955
9738	G	0.3636
9739	A	0.3182
9740	C	0.2955
9741	A	0.2955
9742	C	0.3409
9743	T	0.3636
9744	A	0.4318
9745	T	0.2955
9746	A	0.3409
9747	T	0.2955
9748	C	0.3409
9749	T	0.3409
9750	C	0.4091
9751	A	0.2955
9752	G	0.2955
9753	C	0.3182
9754	G	0.3409
9755	C	0.3864
9756	A	0.2955
9757	G	0.3636
9758	T	0.3636
9759	T	0.4091
9760	A	0.3409
9761	T	0.2955
9762	G	0.3409
9763	T	0.3864
9764	A	0.2955
9765	A	0.4545
9766	G	0.2955
9767	C	0.3864
9768	G	0.3409
9769	G	0.3864
9770	A	0.3636
9771	T	0.2955
9772	A	0.3409
9773	A	0.3409
9774	A	0.4545
9775	A	0.3409
9776	G	0.3409
9777	C	0.2727
9778	T	0.3409
9779	A	0.3636
9780	T	0.3182
9781	A	0.3182
9782	A	0.3409
9783	G	0.2955
9784	G	0.2955
9785	A	0.4545
9786	G	0.3636
9787	C	0.2955
9788	A	0.3409
9789	C	0.3864
9790	G	0.3636
9791	T	0.3182
9792	T	0.3864
9793	G	0.3182
9794	A	0.4091
9795	C	0.3864
9796	A	0.3409
9797	C	0.3409
9798	A	0.3256
9799	G	0.2791
9800	C	0.3256
9801	C	0.3023
9802	T	0.3256
9803	G	0.3023
9804	T	0.3256
9805	A	0.3256
9806	T	0.3023
9807	G	0.3023
9808	C	0.3023
9809	C	0.3488
9810	A	0.3023
9811	G	0.3023
9812	T	0.3256
9813	T	0.3256
9814	C	0.3488
9815	C	0.2791
9816	C	0.3023
9817	G	0.3721
9818	A	0.2791
9819	C	0.3256
9820	T	0.4419
9821	T	0.3256
9822	T	0.3721
9823	A	0.3721
9824	A	0.3721
9825	T	0.3256
9826	T	0.3721
9827	C	0.3023
9828	G	0.3256
9829	A	0.3721
9830	C	0.3256
9831	C	0.2791
9832	A	0.3256
9833	A	0.3953
9834	A	0.3023
9835	C	0.3023
9836	C	0.3023
9837	A	0.2791
9838	G	0.3488
9839	A	0.4186
9840	C	0.3256
9841	C	0.3488
9842	T	0.3953
9843	T	0.3721
9844	A	0.3023
9845	G	0.3488
9846	C	0.4186
9847	A	0.3256
9848	C	0.3953
9849	T	0.3721
9850	G	0.3256
9851	G	0.3023
9852	G	0.3953
9853	C	0.2791
9854	T	0.3256
9855	C	0.3023
9856	G	0.3488
9857	T	0.2791
9858	A	0.3953
9859	A	0.4186
9860	A	0.3953
9861	A	0.3023
9862	A	0.4186
9863	C	0.3721
9864	G	0.3023
9865	A	0.3953
9866	C	0.3256
9867	A	0.3488
9868	G	0.3256
9869	A	0.3953
9870	T	0.3256
9871	G	0.2791
9872	T	0.3721
9873	C	0.3023
9874	G	0.3488
9875	G	0.3953
9876	G	0.3023
9877	G	0.3256
9878	G	0.3256
9879	T	0.3256
9880	A	0.3721
9881	C	0.3721
9882	A	0.3953
9883	G	0.4651
9884	T	0.3256
9885	G	0.4419
9886	A	0.3256
9887	T	0.3488
9888	A	0.3256
9889	A	0.3023
9890	G	0.3953
9891	G	0.3488
9892	G	0.3256
9893	G	0.2791
9894	A	0.4186
9895	A	0.4419
9896	G	0.3023
9897	T	0.3488
9898	A	0.3953
9899	A	0.3023
9900	T	0.3256
9901	A	0.2791
9902	T	0.3023
9903	T	0.3953
9904	G	0.4419
9905	G	0.3023
9906	C	0.2791
9907	A	0.3256
9908	T	0.3721
9909	G	0.3721
9910	A	0.3256
9911	C	0.3953
9912	C	0.3488
9913	A	0.2791
9914	A	0.3256
9915	G	0.3256
9916	C	0.3256
9917	T	0.3023
9918	C	0.3023
9919	A	0.3023
9920	G	0.3256
9921	G	0.3023
9922	T	0.3488
9923	A	0.3488
9924	T	0.3721
9925	G	0.3953
9926	C	0.3953
9927	T	0.3488
9928	T	0.3721
9929	C	0.3721
9930	A	0.3256
9931	T	0.3256
9932	G	0.4186
9933	A	0.3488
9934	C	0.2791
9935	C	0.3256
9936	A	0.3023
9937	A	0.3953
9938	T	0.2791
9939	T	0.3023
9940	A	0.3256
9941	C	0.3023
9942	T	0.3256
9943	G	0.3721
9944	A	0.3023
9945	T	0.3256
9946	A	0.3488
9947	A	0.3953
9948	A	0.4186
9949	A	0.3488
9950	C	0.3488
9951	C	0.3256
9952	T	0.3488
9953	C	0.3721
9954	A	0.4186
9955	C	0.3256
9956	A	0.3023
9957	G	0.3023
9958	C	0.4186
9959	A	0.4884
9960	A	0.3256
9961	G	0.3256
9962	A	0.3488
9963	C	0.3256
9964	C	0.3488
9965	A	0.2791
9966	G	0.3256
9967	T	0.3721
9968	A	0.3256
9969	A	0.2791
9970	A	0.2791
9971	A	0.3953
9972	G	0.3023
9973	G	0.4186
9974	G	0.3023
9975	C	0.3721
9976	A	0.3256
9977	C	0.3488
9978	C	0.3023
9979	T	0.3023
9980	G	0.3256
9981	A	0.3488
9982	G	0.3256
9983	A	0.3488
9984	G	0.4186
9985	G	0.3953
9986	A	0.2791
9987	A	0.2791
9988	A	0.3256
9989	C	0.3953
9990	T	0.3488
9991	A	0.3023
9992	A	0.3256
9993	T	0.3023
9994	T	0.3953
9995	A	0.3721
9996	T	0.3023
9997	G	0.3256
9998	T	0.3023
9999	A	0.3023
10000	G	0.3721
10001	C	0.3256
10002	G	0.3488
10003	G	0.3256
10004	T	0.3256
10005	A	0.3721
10006	A	0.3023
10007	A	0.3721
10008	T	0.3023
10009	A	0.2791
10010	G	0.2791
10011	T	0.3488
10012	T	0.3256
10013	A	0.3023
10014	T	0.3023
10015	C	0.3953
10016	A	0.3023
10017	T	0.3953
10018	T	0.3256
10019	T	0.3256
10020	A	0.4651
10021	A	0.3023
10022	T	0.3256
10023	T	0.2791
10024	C	0.4419
10025	A	0.4186
10026	T	0.3023
10027	T	0.3953
10028	C	0.6047
10029	A	0.3721
10030	C	0.3023
10031	G	0.3488
10032	A	0.3721
10033	C	0.3721
10034	C	0.3256
10035	G	0.3488
10036	C	0.3023
10037	A	0.3488
10038	A	0.3721
10039	T	0.4651
10040	T	0.3023
10041	A	0.4186
10042	C	0.3256
10043	C	0.3023
10044	A	0.3488
10045	T	0.3721
10046	T	0.3256
10047	G	0.3488
10048	T	0.4186
10049	C	0.3721
10050	A	0.3721
10051	G	0.3256
10052	G	0.3488
10053	T	0.3256
10054	A	0.3023
10055	A	0.2791
10056	T	0.3721
10057	C	0.3023
10058	G	0.2558
10059	C	0.3023
10060	G	0.3953
10061	T	0.2558
10062	G	0.3953
10063	A	0.3488
10064	G	0.2791
10065	T	0.3488
10066	A	0.3488
10067	C	0.3488
10068	A	0.4884
10069	T	0.3256
10070	C	0.3023
10071	A	0.4186
10072	C	0.3721
10073	G	0.3023
10074	A	0.3023
10075	G	0.3256
10076	G	0.3721
10077	A	0.3488
10078	A	0.2791
10079	G	0.3256
10080	T	0.3023
10081	G	0.3721
10082	G	0.3488
10083	A	0.3953
10084	A	0.3721
10085	T	0.4419
10086	C	0.3721
10087	C	0.3256
10088	T	0.3721
10089	G	0.4651
10090	G	0.3256
10091	A	0.3953
10092	T	0.3721
10093	T	0.4186
10094	T	0.3953
10095	G	0.3023
10096	T	0.3023
10097	C	0.3721
10098	G	0.3256
10099	T	0.3721
10100	G	0.3256
10101	C	0.3256
10102	T	0.3488
10103	C	0.3023
10104	G	0.3023
10105	T	0.3488
10106	A	0.2791
10107	G	0.3488
10108	A	0.3023
10109	C	0.3721
10110	A	0.4186
10111	A	0.2791
10112	A	0.3023
10113	A	0.4186
10114	C	0.3488
10115	C	0.4186
10116	T	0.4651
10117	G	0.3488
10118	G	0.3256
10119	T	0.4419
10120	G	0.3488
10121	C	0.3256
10122	C	0.3256
10123	G	0.3256
10124	T	0.2791
10125	A	0.3721
10126	A	0.3256
10127	A	0.4419
10128	A	0.4186
10129	G	0.3721
10130	A	0.3488
10131	A	0.3721
10132	T	0.3953
10133	T	0.3488
10134	A	0.3256
10135	G	0.3256
10136	C	0.4186
10137	T	0.3488
10138	G	0.3721
10139	C	0.3023
10140	A	0.3488
10141	T	0.4419
10142	A	0.3256
10143	A	0.4884
10144	T	0.3488
10145	A	0.3953
10146	A	0.3721
10147	G	0.2791
10148	A	0.3256
10149	A	0.3488
10150	A	0.3488
10151	C	0.2791
10152	A	0.3721
10153	T	0.3023
10154	G	0.3256
10155	A	0.3256
10156	A	0.3023
10157	G	0.3488
10158	T	0.3488
10159	G	0.3256
10160	A	0.4186
10161	A	0.3953
10162	G	0.3023
10163	C	0.2791
10164	T	0.3023
10165	T	0.3488
10166	G	0.2791
10167	A	0.3953
10168	T	0.4186
10169	G	0.3256
10170	A	0.2791
10171	T	0.3023
10172	G	0.3488
10173	G	0.3256
10174	T	0.3953
10175	A	0.3256
10176	A	0.3256
10177	T	0.3256
10178	C	0.3256
10179	C	0.3721
10180	A	0.3023
10181	G	0.4884
10182	C	0.3721
10183	A	0.3256
10184	G	0.3488
10185	G	0.3721
10186	G	0.3023
10187	A	0.3721
10188	A	0.3488
10189	G	0.3488
10190	T	0.3023
10191	A	0.3023
10192	A	0.3953
10193	A	0.3256
10194	A	0.3256
10195	G	0.3256
10196	G	0.3023
10197	A	0.4186
10198	A	0.3721
10199	G	0.3488
10200	A	0.3023
10201	A	0.3256
10202	A	0.3953
10203	A	0.3256
10204	G	0.3023
10205	A	0.3023
10206	G	0.3256
10207	G	0.2791
10208	A	0.3953
10209	A	0.3721
10210	T	0.3023
10211	G	0.3721
10212	A	0.4186
10213	T	0.4651
10214	G	0.3023
10215	C	0.3721
10216	T	0.3256
10217	A	0.3023
10218	T	0.4186
10219	G	0.3488
10220	T	0.4419
10221	T	0.3488
10222	G	0.3953
10223	C	0.3256
10224	C	0.3023
10225	A	0.3256
10226	C	0.3488
10227	G	0.3023
10228	A	0.3256
10229	T	0.3256
10230	T	0.3488
10231	A	0.4419
10232	C	0.3256
10233	A	0.3488
10234	A	0.3256
10235	A	0.3721
10236	G	0.3953
10237	A	0.3488
10238	A	0.3953
10239	G	0.2791
10240	C	0.3721
10241	T	0.3721
10242	G	0.2791
10243	G	0.3488
10244	C	0.3721
10245	A	0.4186
10246	T	0.3953
10247	C	0.3256
10248	A	0.4186
10249	G	0.3488
10250	A	0.3721
10251	C	0.3721
10252	A	0.3023
10253	G	0.3023
10254	T	0.3256
10255	T	0.3256
10256	T	0.3023
10257	C	0.3721
10258	G	0.3023
10259	T	0.4186
10260	T	0.3023
10261	G	0.3488
10262	G	0.3256
10263	C	0.3023
10264	C	0.2791
10265	A	0.3488
10266	T	0.3023
10267	A	0.4419
10268	T	0.3256
10269	G	0.3256
10270	T	0.3023
10271	C	0.3721
10272	A	0.4186
10273	T	0.3488
10274	A	0.3721
10275	A	0.3256
10276	T	0.3488
10277	C	0.3023
10278	C	0.3023
10279	G	0.3488
10280	C	0.3023
10281	T	0.3256
10282	G	0.3488
10283	C	0.3023
10284	A	0.3023
10285	A	0.3953
10286	A	0.4186
10287	G	0.3256
10288	T	0.3488
10289	A	0.3488
10290	C	0.3256
10291	A	0.3488
10292	T	0.3256
10293	A	0.3721
10294	C	0.3023
10295	T	0.3488
10296	A	0.3256
10297	C	0.3256
10298	A	0.3023
10299	A	0.2791
10300	G	0.4419
10301	C	0.3721
10302	A	0.3488
10303	T	0.3023
10304	A	0.3721
10305	G	0.2791
10306	A	0.3023
10307	T	0.3256
10308	T	0.3488
10309	T	0.3721
10310	C	0.3953
10311	A	0.3256
10312	G	0.3488
10313	T	0.3721
10314	G	0.3488
10315	A	0.3721
10316	G	0.3256
10317	T	0.3721
10318	G	0.3721
10319	A	0.3488
10320	C	0.3256
10321	C	0.3256
10322	T	0.3488
10323	A	0.3023
10324	G	0.3721
10325	C	0.3721
10326	C	0.3023
10327	G	0.3256
10328	A	0.3721
10329	G	0.3488
10330	A	0.3721
10331	G	0.3721
10332	A	0.4186
10333	T	0.4419
10334	T	0.3023
10335	A	0.3721
10336	T	0.3953
10337	A	0.3721
10338	A	0.2791
10339	G	0.3256
10340	G	0.3256
10341	C	0.3023
10342	G	0.2791
10343	T	0.3488
10344	C	0.3488
10345	A	0.4186
10346	A	0.3488
10347	A	0.3256
10348	A	0.3721
10349	A	0.3256
10350	A	0.3721
10351	T	0.3488
10352	T	0.3488
10353	G	0.3488
10354	C	0.3721
10355	G	0.2791
10356	C	0.3023
10357	A	0.3488
10358	T	0.3023
10359	A	0.3023
10360	T	0.3488
10361	C	0.3256
10362	G	0.3721
10363	A	0.2791
10364	A	0.3488
10365	A	0.3256
10366	G	0.2791
10367	C	0.2791
10368	A	0.3256
10369	C	0.3256
10370	C	0.3721
10371	A	0.3488
10372	T	0.2791
10373	C	0.3256
10374	A	0.3256
10375	T	0.3488
10376	C	0.3023
10377	A	0.2791
10378	T	0.3488
10379	C	0.3953
10380	C	0.3256
10381	T	0.3488
10382	G	0.3953
10383	A	0.4419
10384	G	0.2558
10385	C	0.3953
10386	T	0.3023
10387	G	0.3256
10388	T	0.3023
10389	A	0.3721
10390	A	0.3256
10391	A	0.3023
10392	A	0.3023
10393	A	0.3023
10394	A	0.3953
10395	A	0.2791
10396	G	0.4419
10397	G	0.3721
10398	A	0.3256
10399	A	0.3488
10400	A	0.3256
10401	A	0.2791
10402	T	0.3023
10403	A	0.3256
10404	A	0.4651
10405	T	0.3023
10406	A	0.4419
10407	T	0.3023
10408	T	0.3023
10409	C	0.3023
10410	A	0.4186
10411	A	0.3488
10412	T	0.3256
10413	C	0.3023
10414	A	0.3023
10415	C	0.3256
10416	C	0.3023
10417	C	0.2791
10418	T	0.3488
10419	G	0.3721
10420	G	0.3488
10421	T	0.3488
10422	A	0.3488
10423	A	0.4186
10424	T	0.3023
10425	T	0.3256
10426	A	0.3721
10427	C	0.3023
10428	G	0.3721
10429	T	0.3488
10430	C	0.2791
10431	G	0.4186
10432	A	0.3953
10433	T	0.3488
10434	A	0.3953
10435	T	0.3721
10436	T	0.3721
10437	G	0.3256
10438	T	0.3256
10439	A	0.3256
10440	A	0.3256
10441	T	0.3256
10442	A	0.3721
10443	T	0.3256
10444	T	0.3256
10445	C	0.3488
10446	A	0.3488
10447	T	0.4186
10448	A	0.2791
10449	T	0.3023
10450	A	0.2791
10451	C	0.3023
10452	A	0.3256
10453	G	0.3488
10454	A	0.3256
10455	T	0.3023
10456	T	0.4186
10457	G	0.3953
10458	C	0.3256
10459	A	0.2558
10460	G	0.3488
10461	T	0.4419
10462	T	0.3488
10463	G	0.3023
10464	A	0.3023
10465	G	0.3023
10466	T	0.3721
10467	C	0.3488
10468	C	0.3023
10469	G	0.2791
10470	A	0.3256
10471	A	0.3256
10472	G	0.2791
10473	G	0.3023
10474	T	0.3023
10475	A	0.2791
10476	G	0.3953
10477	C	0.3256
10478	G	0.3256
10479	G	0.3721
10480	A	0.3721
10481	G	0.3256
10482	A	0.3256
10483	A	0.3256
10484	A	0.3488
10485	G	0.2791
10486	A	0.3953
10487	C	0.3953
10488	G	0.3023
10489	T	0.3256
10490	T	0.3953
10491	G	0.3488
10492	T	0.3023
10493	T	0.3953
10494	A	0.3721
10495	A	0.2791
10496	C	0.2791
10497	C	0.2791
10498	G	0.3023
10499	A	0.2791
10500	A	0.2791
10501	T	0.2791
10502	A	0.3023
10503	A	0.2791
10504	A	0.3721
10505	G	0.3256
10506	G	0.3488
10507	G	0.3256
10508	T	0.3023
10509	G	0.3721
10510	A	0.2791
10511	C	0.3023
10512	G	0.3023
10513	A	0.3953
10514	G	0.4419
10515	G	0.2791
10516	G	0.3256
10517	A	0.4419
10518	T	0.3256
10519	A	0.3721
10520	A	0.3488
10521	A	0.3953
10522	T	0.3721
10523	T	0.3256
10524	T	0.3721
10525	G	0.3256
10526	G	0.2791
10527	C	0.3256
10528	A	0.3023
10529	G	0.3488
10530	A	0.3256
10531	A	0.3953
10532	G	0.2791
10533	A	0.4419
10534	C	0.3023
10535	G	0.3256
10536	A	0.4651
10537	T	0.3721
10538	G	0.3256
10539	G	0.2791
10540	T	0.3023
10541	G	0.3023
10542	A	0.3023
10543	A	0.2791
10544	C	0.3488
10545	A	0.3953
10546	G	0.3256
10547	G	0.3488
10548	C	0.3953
10549	T	0.3721
10550	G	0.4651
10551	A	0.3488
10552	C	0.3256
10553	G	0.3256
10554	C	0.3953
10555	T	0.3023
10556	A	0.3488
10557	C	0.3256
10558	C	0.2791
10559	G	0.3256
10560	A	0.3256
10561	A	0.3488
10562	A	0.3488
10563	A	0.4186
10564	G	0.3256
10565	C	0.3721
10566	T	0.3023
10567	G	0.3023
10568	C	0.3256
10569	T	0.3488
10570	T	0.3023
10571	G	0.3023
10572	G	0.3488
10573	A	0.3488
10574	A	0.4419
10575	C	0.3721
10576	T	0.3256
10577	A	0.3488
10578	A	0.3023
10579	C	0.4419
10580	A	0.4419
10581	G	0.4186
10582	A	0.3023
10583	A	0.3488
10584	T	0.3488
10585	G	0.3488
10586	C	0.3256
10587	T	0.3721
10588	G	0.3256
10589	A	0.3721
10590	A	0.3721
10591	G	0.3953
10592	G	0.3721
10593	A	0.3256
10594	C	0.3256
10595	T	0.3023
10596	A	0.3488
10597	G	0.3256
10598	A	0.3488
10599	A	0.4186
10600	A	0.3023
10601	G	0.3721
10602	A	0.3953
10603	T	0.3023
10604	G	0.4186
10605	A	0.3023
10606	C	0.3953
10607	A	0.3721
10608	G	0.3488
10609	A	0.3721
10610	C	0.3023
10611	G	0.3256
10612	T	0.3256
10613	G	0.3256
10614	T	0.3488
10615	T	0.3256
10616	G	0.3023
10617	A	0.3023
10618	C	0.3023
10619	G	0.3721
10620	A	0.3721
10621	C	0.3023
10622	G	0.3256
10623	A	0.2791
10624	A	0.3953
10625	G	0.3721
10626	T	0.3023
10627	T	0.3488
10628	G	0.3953
10629	T	0.3488
10630	A	0.3023
10631	G	0.3256
10632	T	0.3721
10633	C	0.3488
10634	G	0.3023
10635	A	0.3256
10636	T	0.3023
10637	T	0.3023
10638	C	0.3953
10639	T	0.3721
10640	C	0.2791
10641	C	0.3953
10642	T	0.3953
10643	A	0.4419
10644	A	0.4651
10645	G	0.2791
10646	G	0.3023
10647	T	0.3023
10648	A	0.3023
10649	C	0.3256
10650	G	0.3256
10651	T	0.3023
10652	C	0.3023
10653	G	0.3256
10654	T	0.3953
10655	G	0.3023
10656	C	0.2791
10657	A	0.3256
10658	G	0.3256
10659	A	0.3721
10660	A	0.3721
10661	G	0.3721
10662	C	0.3488
10663	C	0.3488
10664	G	0.3023
10665	T	0.3953
10666	T	0.3488
10667	C	0.3953
10668	A	0.4186
10669	A	0.3488
10670	T	0.2791
10671	T	0.3488
10672	A	0.2791
10673	G	0.3721
10674	A	0.3023
10675	T	0.2791
10676	G	0.3488
10677	T	0.3256
10678	G	0.3953
10679	A	0.3721
10680	C	0.3023
10681	T	0.3953
10682	G	0.3953
10683	A	0.4186
10684	C	0.3488
10685	G	0.3488
10686	C	0.2791
10687	A	0.3023
10688	G	0.3721
10689	T	0.3023
10690	A	0.3721
10691	C	0.3256
10692	C	0.3488
10693	A	0.3721
10694	A	0.3023
10695	T	0.3023
10696	A	0.4186
10697	T	0.3488
10698	T	0.3256
10699	G	0.3488
10700	C	0.3023
10701	T	0.3488
10702	G	0.4186
10703	G	0.3023
10704	A	0.3256
10705	A	0.3256
10706	A	0.3488
10707	A	0.3256
10708	A	0.4186
10709	A	0.3256
10710	A	0.3488
10711	T	0.4186
10712	G	0.3721
10713	G	0.2791
10714	G	0.4651
10715	G	0.4419
10716	T	0.3953
10717	T	0.3256
10718	G	0.3256
10719	G	0.3488
10720	G	0.3721
10721	A	0.3721
10722	A	0.3023
10723	G	0.3488
10724	A	0.4186
10725	A	0.4651
10726	C	0.2558
10727	G	0.3721
10728	G	0.3256
10729	T	0.3721
10730	T	0.3256
10731	C	0.3488
10732	T	0.4186
10733	C	0.3023
10734	A	0.3488
10735	G	0.3023
10736	G	0.3023
10737	G	0.3023
10738	G	0.2791
10739	A	0.3488
10740	C	0.3256
10741	A	0.3721
10742	T	0.4419
10743	T	0.3721
10744	G	0.3953
10745	T	0.3488
10746	T	0.3953
10747	G	0.3256
10748	T	0.3256
10749	A	0.3488
10750	T	0.3256
10751	G	0.4419
10752	T	0.3721
10753	G	0.3256
10754	A	0.3721
10755	C	0.3488
10756	T	0.3953
10757	A	0.3953
10758	A	0.3256
10759	T	0.3488
10760	T	0.3256
10761	T	0.3256
10762	C	0.3023
10763	T	0.3488
10764	T	0.3488
10765	G	0.3256
10766	G	0.3721
10767	A	0.3953
10768	A	0.3488
10769	G	0.3488
10770	A	0.3488
10771	T	0.3256
10772	C	0.3256
10773	T	0.3023
10774	T	0.3023
10775	C	0.2791
10776	C	0.3023
10777	A	0.2791
10778	A	0.3256
10779	A	0.3256
10780	C	0.3488
10781	G	0.3721
10782	A	0.3721
10783	T	0.3256
10784	A	0.3721
10785	A	0.3953
10786	T	0.3256
10787	A	0.3721
10788	A	0.2791
10789	C	0.4186
10790	A	0.3488
10791	C	0.3488
10792	A	0.3256
10793	C	0.3023
10794	T	0.3488
10795	A	0.3023
10796	G	0.3721
10797	A	0.3721
10798	T	0.3721
10799	A	0.3953
10800	T	0.3023
10801	C	0.3953
10802	T	0.3256
10803	T	0.3953
10804	G	0.2791
10805	A	0.3488
10806	A	0.4651
10807	A	0.3256
10808	A	0.3488
10809	G	0.3023
10810	A	0.4419
10811	C	0.3488
10812	A	0.3256
10813	T	0.3023
10814	G	0.4186
10815	C	0.3023
10816	A	0.3023
10817	G	0.3256
10818	C	0.3953
10819	A	0.3256
10820	A	0.3023
10821	T	0.3488
10822	G	0.3256
10823	G	0.3256
10824	A	0.3488
10825	A	0.3488
10826	A	0.3256
10827	T	0.4186
10828	C	0.3488
10829	G	0.3256
10830	C	0.3953
10831	G	0.3488
10832	G	0.3256
10833	G	0.2558
10834	T	0.3023
10835	G	0.3721
10836	T	0.3256
10837	A	0.3023
10838	T	0.2791
10839	A	0.3256
10840	G	0.4186
10841	A	0.4884
10842	A	0.3023
10843	A	0.3721
10844	G	0.4884
10845	G	0.3256
10846	G	0.3023
10847	A	0.4186
10848	T	0.3488
10849	G	0.4884
10850	T	0.3488
10851	A	0.3256
10852	T	0.3721
10853	T	0.3023
10854	C	0.3023
10855	T	0.3256
10856	T	0.3488
10857	T	0.3023
10858	T	0.3023
10859	A	0.3953
10860	T	0.3953
10861	G	0.3488
10862	A	0.3488
10863	C	0.3256
10864	G	0.3023
10865	A	0.4186
10866	C	0.3256
10867	A	0.3953
10868	A	0.3023
10869	T	0.3256
10870	T	0.3953
10871	C	0.3488
10872	G	0.3023
10873	C	0.3721
10874	G	0.4186
10875	G	0.3256
10876	G	0.4186
10877	C	0.3721
10878	A	0.3488
10879	C	0.3256
10880	A	0.3256
10881	A	0.3721
10882	T	0.4419
10883	C	0.3256
10884	A	0.3488
10885	C	0.2558
10886	A	0.3256
10887	A	0.3023
10888	C	0.3256
10889	A	0.3023
10890	C	0.3256
10891	C	0.4419
10892	A	0.3488
10893	T	0.3256
10894	C	0.3488
10895	C	0.3721
10896	A	0.4186
10897	A	0.3023
10898	C	0.5349
10899	T	0.3488
10900	G	0.4186
10901	G	0.3023
10902	G	0.3256
10903	T	0.3488
10904	A	0.3953
10905	T	0.4651
10906	T	0.2791
10907	G	0.3023
10908	C	0.3488
10909	A	0.3953
10910	G	0.3488
10911	G	0.3023
10912	A	0.3256
10913	C	0.3488
10914	T	0.3721
10915	T	0.3256
10916	A	0.3256
10917	T	0.3488
10918	A	0.3721
10919	A	0.3721
10920	C	0.3256
10921	C	0.3721
10922	C	0.3488
10923	A	0.3953
10924	A	0.3721
10925	G	0.3256
10926	A	0.3256
10927	A	0.2791
10928	A	0.2558
10929	A	0.3023
10930	C	0.4419
10931	T	0.2791
10932	G	0.4186
10933	C	0.4884
10934	G	0.3721
10935	G	0.3953
10936	A	0.3721
10937	G	0.3256
10938	C	0.3023
10939	T	0.3953
10940	T	0.4186
10941	A	0.4186
10942	T	0.3023
10943	G	0.3488
10944	T	0.3488
10945	A	0.3721
10946	A	0.3256
10947	T	0.4186
10948	G	0.3953
10949	A	0.2791
10950	G	0.4419
10951	A	0.3721
10952	A	0.3256
10953	C	0.3488
10954	A	0.4186
10955	G	0.3953
10956	G	0.3256
10957	C	0.3256
10958	A	0.3023
10959	T	0.3256
10960	G	0.4186
10961	G	0.3256
10962	T	0.3488
10963	A	0.3023
10964	G	0.3256
10965	G	0.3023
10966	T	0.2791
10967	T	0.3256
10968	T	0.3953
10969	T	0.2791
10970	C	0.3721
10971	A	0.4419
10972	G	0.3953
10973	A	0.3023
10974	A	0.4419
10975	A	0.3256
10976	A	0.4186
10977	T	0.3256
10978	G	0.3256
10979	A	0.3953
10980	G	0.3023
10981	C	0.3488
10982	A	0.4651
10983	T	0.3256
10984	T	0.3721
10985	A	0.3023
10986	A	0.3488
10987	T	0.4419
10988	A	0.3023
10989	G	0.3256
10990	C	0.4186
10991	G	0.3023
10992	A	0.3488
10993	T	0.3488
10994	G	0.3953
10995	A	0.3488
10996	T	0.3488
10997	A	0.3488
10998	A	0.3256
10999	A	0.4186
11000	G	0.3953
11001	A	0.3256
11002	T	0.4186
11003	T	0.3023
11004	T	0.3488
11005	C	0.3023
11006	A	0.3488
11007	T	0.3023
11008	A	0.3256
11009	A	0.3256
11010	T	0.3256
11011	A	0.3256
11012	T	0.3023
11013	C	0.3256
11014	C	0.3256
11015	G	0.3953
11016	A	0.4419
11017	T	0.3488
11018	A	0.3023
11019	C	0.2791
11020	G	0.3256
11021	G	0.4419
11022	G	0.3953
11023	T	0.3721
11024	C	0.3488
11025	C	0.3721
11026	A	0.3023
11027	G	0.4419
11028	A	0.3721
11029	A	0.3023
11030	G	0.3721
11031	A	0.3488
11032	G	0.3023
11033	C	0.3721
11034	T	0.3256
11035	T	0.3256
11036	G	0.3023
11037	A	0.3023
11038	A	0.3488
11039	A	0.3023
11040	T	0.3256
11041	C	0.3953
11042	C	0.3721
11043	T	0.3488
11044	T	0.3488
11045	C	0.3023
11046	G	0.2791
11047	G	0.3953
11048	A	0.2791
11049	A	0.3023
11050	T	0.3488
11051	G	0.4186
11052	T	0.3023
11053	A	0.3953
11054	A	0.3256
11055	T	0.3721
11056	T	0.3721
11057	G	0.2791
11058	T	0.3721
11059	C	0.3721
11060	A	0.3721
11061	G	0.3953
11062	C	0.3721
11063	G	0.3488
11064	A	0.3721
11065	C	0.2791
11066	A	0.3953
11067	T	0.3488
11068	G	0.3953
11069	A	0.3488
11070	A	0.3721
11071	C	0.3256
11072	C	0.2791
11073	A	0.3023
11074	T	0.3256
11075	G	0.3023
11076	G	0.3488
11077	T	0.3953
11078	A	0.3488
11079	G	0.3488
11080	A	0.3721
11081	C	0.2791
11082	A	0.3023
11083	G	0.3023
11084	C	0.2791
11085	A	0.3023
11086	A	0.3023
11087	T	0.3488
11088	C	0.3488
11089	T	0.2791
11090	G	0.3721
11091	A	0.3721
11092	A	0.3488
11093	A	0.3488
11094	T	0.2791
11095	T	0.3023
11096	G	0.3256
11097	A	0.3256
11098	G	0.3256
11099	G	0.3256
11100	T	0.3023
11101	T	0.3256
11102	A	0.4651
11103	T	0.4186
11104	T	0.3023
11105	C	0.2791
11106	C	0.2791
11107	A	0.3256
11108	G	0.2791
11109	A	0.3953
11110	G	0.3721
11111	G	0.2791
11112	G	0.3256
11113	A	0.4186
11114	C	0.3256
11115	C	0.3488
11116	A	0.3023
11117	A	0.3023
11118	C	0.3023
11119	T	0.3488
11120	G	0.4419
11121	A	0.3721
11122	A	0.3023
11123	G	0.3953
11124	A	0.3256
11125	T	0.3256
11126	C	0.3256
11127	A	0.3256
11128	T	0.3256
11129	C	0.3721
11130	G	0.4419
11131	T	0.3488
11132	G	0.3488
11133	G	0.2791
11134	T	0.3810
11135	A	0.3571
11136	G	0.2857
11137	G	0.3571
11138	C	0.3333
11139	G	0.4524
11140	G	0.2857
11141	G	0.3571
11142	A	0.3571
11143	A	0.3333
11144	A	0.3488
11145	T	0.3256
11146	A	0.3488
11147	T	0.3488
11148	C	0.2791
11149	C	0.3256
11150	A	0.4419
11151	A	0.2791
11152	A	0.3721
11153	T	0.3256
11154	T	0.3023
11155	A	0.3953
11156	C	0.3488
11157	A	0.2791
11158	A	0.3256
11159	T	0.3721
11160	C	0.2791
11161	A	0.3721
11162	A	0.4186
11163	G	0.3488
11164	A	0.3953
11165	A	0.4186
11166	G	0.3488
11167	A	0.3721
11168	A	0.3256
11169	A	0.3488
11170	T	0.3023
11171	A	0.3256
11172	G	0.3256
11173	A	0.3256
11174	C	0.3488
11175	C	0.3256
11176	A	0.2791
11177	C	0.3721
11178	G	0.3721
11179	A	0.3256
11180	A	0.3256
11181	C	0.3256
11182	A	0.3721
11183	A	0.3721
11184	G	0.3256
11185	G	0.3721
11186	A	0.3256
11187	A	0.4186
11188	G	0.3721
11189	A	0.3256
11190	A	0.3953
11191	G	0.3256
11192	T	0.3256
11193	G	0.3953
11194	G	0.3488
11195	A	0.3721
11196	T	0.3023
11197	C	0.3256
11198	T	0.3488
11199	T	0.3023
11200	C	0.3023
11201	A	0.3488
11202	T	0.3256
11203	T	0.3023
11204	A	0.3488
11205	A	0.3023
11206	A	0.2791
11207	A	0.3721
11208	A	0.3488
11209	A	0.3953
11210	A	0.3256
11211	A	0.3023
11212	A	0.3256
11213	C	0.3488
11214	A	0.2791
11215	T	0.3256
11216	A	0.3953
11217	A	0.3488
11218	C	0.3488
11219	A	0.3721
11220	C	0.4651
11221	G	0.3953
11222	G	0.4419
11223	T	0.3023
11224	T	0.3256
11225	T	0.3023
11226	T	0.3023
11227	A	0.3256
11228	G	0.3721
11229	T	0.4186
11230	G	0.3488
11231	A	0.2791
11232	C	0.2791
11233	G	0.3488
11234	C	0.3023
11235	T	0.3256
11236	G	0.3953
11237	G	0.3488
11238	G	0.3023
11239	A	0.4419
11240	A	0.3721
11241	A	0.3488
11242	G	0.3023
11243	A	0.3488
11244	A	0.2791
11245	T	0.3256
11246	A	0.5116
11247	T	0.3023
11248	A	0.3488
11249	A	0.4651
11250	G	0.2791
11251	C	0.3721
11252	A	0.3023
11253	A	0.3256
11254	G	0.3488
11255	A	0.3256
11256	C	0.2791
11257	A	0.2791
11258	G	0.3256
11259	T	0.3023
11260	A	0.3488
11261	A	0.3721
11262	A	0.3953
11263	T	0.2791
11264	T	0.3023
11265	A	0.3953
11266	G	0.3256
11267	A	0.3256
11268	A	0.4419
11269	C	0.3256
11270	G	0.3256
11271	T	0.3023
11272	T	0.3023
11273	G	0.2791
11274	C	0.3721
11275	T	0.3256
11276	G	0.4419
11277	G	0.2791
11278	T	0.3023
11279	C	0.3256
11280	T	0.3488
11281	T	0.3953
11282	C	0.3256
11283	T	0.2791
11284	G	0.3721
11285	G	0.3023
11286	G	0.3488
11287	A	0.3256
11288	T	0.2791
11289	C	0.3023
11290	A	0.3256
11291	A	0.3256
11292	A	0.3023
11293	T	0.2791
11294	G	0.4186
11295	C	0.3488
11296	G	0.3721
11297	A	0.3256
11298	T	0.3488
11299	G	0.3488
11300	A	0.3256
11301	G	0.3256
11302	G	0.4419
11303	A	0.4186
11304	T	0.4419
11305	A	0.3488
11306	A	0.3023
11307	A	0.3721
11308	C	0.3023
11309	C	0.3023
11310	A	0.3488
11311	A	0.3256
11312	C	0.3023
11313	C	0.3023
11314	C	0.3256
11315	G	0.3721
11316	G	0.3023
11317	T	0.3256
11318	A	0.3023
11319	G	0.3023
11320	G	0.3256
11321	A	0.4419
11322	G	0.2791
11323	C	0.3023
11324	T	0.3023
11325	A	0.3256
11326	C	0.3023
11327	G	0.3721
11328	T	0.5349
11329	T	0.3256
11330	C	0.3721
11331	A	0.4186
11332	C	0.4186
11333	G	0.3023
11334	C	0.3023
11335	A	0.4186
11336	C	0.3721
11337	A	0.3023
11338	A	0.3023
11339	G	0.3256
11340	G	0.3023
11341	G	0.3953
11342	T	0.3721
11343	T	0.3256
11344	A	0.3023
11345	A	0.4186
11346	G	0.2558
11347	A	0.3256
11348	G	0.2791
11349	G	0.3256
11350	T	0.3953
11351	A	0.3721
11352	A	0.3721
11353	G	0.4651
11354	A	0.3488
11355	A	0.3721
11356	A	0.3256
11357	T	0.3256
11358	T	0.3256
11359	G	0.3256
11360	C	0.3721
11361	T	0.3488
11362	A	0.3023
11363	C	0.3953
11364	T	0.3488
11365	G	0.3023
11366	A	0.3953
11367	C	0.2558
11368	T	0.3256
11369	C	0.3023
11370	A	0.4884
11371	C	0.3488
11372	A	0.4419
11373	G	0.3023
11374	A	0.3023
11375	T	0.2791
11376	A	0.3256
11377	G	0.3488
11378	C	0.3023
11379	C	0.3256
11380	A	0.3023
11381	T	0.2791
11382	A	0.4186
11383	A	0.2558
11384	G	0.3721
11385	A	0.3488
11386	T	0.3256
11387	A	0.3023
11388	G	0.3488
11389	G	0.4651
11390	C	0.3256
11391	G	0.3721
11392	A	0.3488
11393	T	0.4651
11394	G	0.2791
11395	A	0.4419
11396	G	0.3023
11397	T	0.3023
11398	A	0.3488
11399	A	0.3488
11400	C	0.3721
11401	G	0.3953
11402	G	0.3023
11403	C	0.4186
11404	G	0.2791
11405	A	0.3256
11406	A	0.3721
11407	G	0.3488
11408	C	0.3721
11409	G	0.3023
11410	C	0.3023
11411	T	0.3488
11412	C	0.3256
11413	A	0.3256
11414	G	0.3256
11415	G	0.2791
11416	T	0.3023
11417	G	0.3721
11418	C	0.3256
11419	T	0.3023
11420	T	0.3023
11421	G	0.3488
11422	A	0.3256
11423	T	0.3953
11424	G	0.3721
11425	A	0.3256
11426	A	0.3721
11427	C	0.3488
11428	G	0.3953
11429	T	0.3256
11430	C	0.3256
11431	C	0.3023
11432	T	0.3721
11433	G	0.4186
11434	A	0.4651
11435	G	0.3721
11436	C	0.3721
11437	T	0.3023
11438	C	0.3023
11439	A	0.3488
11440	A	0.3953
11441	C	0.3023
11442	C	0.3023
11443	G	0.3488
11444	G	0.3488
11445	A	0.3256
11446	C	0.3721
11447	C	0.3023
11448	G	0.3023
11449	G	0.3256
11450	G	0.3721
11451	G	0.4419
11452	T	0.3023
11453	T	0.4186
11454	G	0.3023
11455	C	0.3256
11456	G	0.3023
11457	G	0.3953
11458	C	0.3721
11459	G	0.3488
11460	A	0.2791
11461	T	0.3023
11462	G	0.3488
11463	C	0.3256
11464	T	0.3953
11465	T	0.3023
11466	C	0.3721
11467	C	0.2791
11468	G	0.3256
11469	A	0.3256
11470	A	0.3488
11471	T	0.3256
11472	C	0.3023
11473	T	0.3256
11474	C	0.3488
11475	A	0.3488
11476	G	0.3488
11477	G	0.3721
11478	G	0.3023
11479	A	0.3023
11480	T	0.3488
11481	T	0.4419
11482	C	0.3256
11483	A	0.3721
11484	A	0.3488
11485	T	0.2791
11486	G	0.3488
11487	C	0.3256
11488	A	0.2558
11489	C	0.3256
11490	T	0.3256
11491	A	0.3023
11492	A	0.3953
11493	G	0.3256
11494	C	0.3023
11495	A	0.3953
11496	T	0.2791
11497	G	0.3023
11498	G	0.3023
11499	T	0.3256
11500	G	0.4419
11501	C	0.3023
11502	A	0.5116
11503	A	0.4186
11504	A	0.3721
11505	C	0.3721
11506	C	0.3256
11507	A	0.4419
11508	T	0.3256
11509	A	0.4884
11510	T	0.3721
11511	A	0.3488
11512	G	0.3488
11513	C	0.3953
11514	A	0.4419
11515	T	0.2791
11516	A	0.3488
11517	A	0.3256
11518	A	0.3488
11519	A	0.3721
11520	T	0.3953
11521	G	0.3953
11522	C	0.4186
11523	G	0.3256
11524	T	0.4651
11525	A	0.3023
11526	T	0.4419
11527	A	0.3023
11528	G	0.3488
11529	C	0.3721
11530	T	0.3023
11531	A	0.3721
11532	T	0.3023
11533	A	0.3023
11534	A	0.3721
11535	A	0.3256
11536	T	0.3256
11537	A	0.3256
11538	C	0.3953
11539	G	0.3488
11540	G	0.3953
11541	A	0.4186
11542	A	0.3256
11543	A	0.3256
11544	A	0.4186
11545	G	0.3953
11546	A	0.3953
11547	C	0.3488
11548	G	0.3256
11549	G	0.3953
11550	A	0.4186
11551	A	0.4186
11552	T	0.3721
11553	G	0.4419
11554	G	0.2791
11555	C	0.2791
11556	G	0.2791
11557	G	0.3721
11558	G	0.3256
11559	A	0.3256
11560	A	0.3721
11561	G	0.3023
11562	G	0.3953
11563	G	0.3721
11564	A	0.3488
11565	T	0.3953
11566	C	0.2791
11567	C	0.3023
11568	A	0.3023
11569	G	0.3256
11570	A	0.2791
11571	T	0.3721
11572	A	0.3023
11573	G	0.3256
11574	G	0.3488
11575	G	0.4884
11576	C	0.3488
11577	C	0.3256
11578	A	0.3256
11579	G	0.3023
11580	A	0.3256
11581	G	0.3023
11582	G	0.3953
11583	C	0.4419
11584	A	0.4186
11585	G	0.3256
11586	C	0.2791
11587	G	0.3488
11588	A	0.3256
11589	T	0.3256
11590	G	0.3488
11591	G	0.4419
11592	A	0.3488
11593	A	0.3023
11594	C	0.3256
11595	G	0.3488
11596	G	0.4884
11597	T	0.2791
11598	A	0.3721
11599	A	0.4186
11600	T	0.3256
11601	C	0.3488
11602	G	0.3721
11603	C	0.3023
11604	G	0.3488
11605	G	0.3488
11606	G	0.2558
11607	A	0.4186
11608	T	0.3023
11609	A	0.3488
11610	G	0.3721
11611	C	0.3488
11612	G	0.4186
11613	G	0.3488
11614	T	0.3023
11615	G	0.4419
11616	C	0.3023
11617	G	0.3256
11618	A	0.3256
11619	A	0.4884
11620	T	0.3488
11621	G	0.3256
11622	G	0.3023
11623	A	0.4186
11624	A	0.4419
11625	A	0.3488
11626	G	0.3953
11627	A	0.3023
11628	T	0.2791
11629	G	0.3953
11630	A	0.3953
11631	T	0.3256
11632	G	0.3488
11633	A	0.3721
11634	A	0.3256
11635	C	0.3488
11636	A	0.3256
11637	A	0.3023
11638	A	0.3256
11639	A	0.3721
11640	A	0.3256
11641	C	0.3023
11642	A	0.3488
11643	A	0.4186
11644	G	0.3023
11645	A	0.3256
11646	G	0.3256
11647	C	0.3256
11648	G	0.3953
11649	T	0.3256
11650	A	0.3488
11651	A	0.3023
11652	A	0.3023
11653	G	0.2791
11654	A	0.3256
11655	G	0.3256
11656	T	0.3256
11657	A	0.3721
11658	A	0.3256
11659	C	0.4651
11660	G	0.3721
11661	G	0.3023
11662	T	0.3256
11663	T	0.3488
11664	A	0.3721
11665	T	0.3256
11666	G	0.3256
11667	G	0.3488
11668	A	0.3256
11669	A	0.3256
11670	A	0.4186
11671	G	0.3488
11672	C	0.3023
11673	G	0.2791
11674	G	0.3953
11675	A	0.3953
11676	G	0.3023
11677	A	0.3488
11678	G	0.3953
11679	G	0.3256
11680	T	0.2791
11681	T	0.2791
11682	T	0.3023
11683	G	0.4186
11684	A	0.3721
11685	A	0.4186
11686	G	0.3721
11687	T	0.3488
11688	T	0.3023
11689	C	0.3721
11690	T	0.3023
11691	G	0.3256
11692	C	0.3488
11693	G	0.3023
11694	G	0.3488
11695	C	0.3256
11696	A	0.3953
11697	C	0.3256
11698	A	0.3488
11699	T	0.3256
11700	C	0.3023
11701	C	0.3488
11702	G	0.3256
11703	A	0.3023
11704	A	0.3953
11705	T	0.3023
11706	A	0.3721
11707	G	0.3256
11708	C	0.3023
11709	G	0.3488
11710	G	0.3023
11711	T	0.3721
11712	A	0.3953
11713	T	0.2791
11714	A	0.4419
11715	G	0.3721
11716	A	0.3023
11717	G	0.3256
11718	T	0.3488
11719	G	0.3721
11720	C	0.3023
11721	G	0.3721
11722	T	0.3488
11723	G	0.3721
11724	T	0.3721
11725	A	0.3721
11726	A	0.3023
11727	A	0.3256
11728	A	0.3023
11729	G	0.4419
11730	C	0.3488
11731	A	0.3256
11732	C	0.3256
11733	T	0.3953
11734	G	0.2791
11735	A	0.3953
11736	G	0.4186
11737	C	0.3256
11738	T	0.3023
11739	A	0.4186
11740	A	0.3488
11741	T	0.4651
11742	A	0.3023
11743	A	0.3488
11744	A	0.3488
11745	A	0.3721
11746	T	0.3488
11747	A	0.3721
11748	T	0.3256
11749	C	0.3023
11750	G	0.3953
11751	A	0.3256
11752	T	0.3023
11753	A	0.2791
11754	A	0.3721
11755	C	0.3488
11756	C	0.3023
11757	T	0.4419
11758	A	0.3488
11759	G	0.2558
11760	A	0.3256
11761	G	0.3488
11762	A	0.3953
11763	A	0.3023
11764	A	0.4186
11765	A	0.3256
11766	A	0.3488
11767	C	0.3953
11768	G	0.3023
11769	A	0.3023
11770	G	0.3488
11771	C	0.3953
11772	A	0.4419
11773	A	0.3488
11774	G	0.3488
11775	A	0.3953
11776	C	0.3953
11777	C	0.3023
11778	A	0.3023
11779	G	0.3488
11780	G	0.3488
11781	C	0.3256
11782	T	0.3256
11783	G	0.3488
11784	G	0.3023
11785	T	0.3721
11786	T	0.3023
11787	C	0.2791
11788	T	0.3256
11789	G	0.4419
11790	C	0.3023
11791	C	0.3953
11792	G	0.3023
11793	C	0.3488
11794	G	0.3256
11795	A	0.3023
11796	C	0.3023
11797	C	0.2791
11798	C	0.2558
11799	T	0.3023
11800	T	0.3023
11801	T	0.3488
11802	G	0.2791
11803	G	0.3256
11804	G	0.3721
11805	A	0.3256
11806	C	0.3256
11807	G	0.3256
11808	G	0.3256
11809	T	0.3256
11810	A	0.3953
11811	T	0.3023
11812	A	0.3488
11813	G	0.3023
11814	C	0.3488
11815	A	0.3256
11816	G	0.4419
11817	A	0.3256
11818	T	0.4651
11819	G	0.3256
11820	G	0.3023
11821	G	0.3721
11822	A	0.4186
11823	A	0.3256
11824	T	0.2791
11825	G	0.3953
11826	A	0.3721
11827	A	0.3721
11828	C	0.3256
11829	G	0.2791
11830	T	0.3023
11831	C	0.3488
11832	C	0.2791
11833	A	0.2791
11834	G	0.3721
11835	A	0.4186
11836	T	0.3953
11837	G	0.3571
11838	G	0.3810
11839	T	0.3095
11840	T	0.3571
11841	A	0.3095
11842	T	0.3095
11843	A	0.3810
11844	A	0.4524
11845	G	0.3333
11846	A	0.3095
11847	T	0.2857
11848	C	0.3571
11849	C	0.2857
11850	G	0.3333
11851	C	0.3333
11852	A	0.4286
11853	G	0.2619
11854	G	0.3571
11855	G	0.3333
11856	A	0.3810
11857	T	0.3095
11858	A	0.3571
11859	A	0.4286
11860	C	0.3810
11861	A	0.4524
11862	T	0.3571
11863	T	0.3095
11864	G	0.4524
11865	C	0.3333
11866	T	0.4762
11867	G	0.3571
11868	C	0.3571
11869	G	0.3095
11870	T	0.4048
11871	C	0.2857
11872	G	0.3333
11873	T	0.3810
11874	T	0.3095
11875	T	0.4286
11876	G	0.3095
11877	C	0.4286
11878	C	0.2857
11879	G	0.3095
11880	A	0.2619
11881	A	0.3571
11882	G	0.3333
11883	A	0.3333
11884	A	0.3095
11885	A	0.3571
11886	C	0.3095
11887	A	0.3571
11888	G	0.2857
11889	T	0.2857
11890	C	0.2857
11891	A	0.3810
11892	C	0.3810
11893	T	0.3333
11894	C	0.2857
11895	A	0.3095
11896	A	0.3571
11897	C	0.3095
11898	T	0.3095
11899	G	0.5000
11900	G	0.3095
11901	G	0.3095
11902	A	0.4762
11903	G	0.4048
11904	A	0.3810
11905	A	0.3095
11906	A	0.3095
11907	G	0.3333
11908	C	0.4048
11909	T	0.3571
11910	G	0.3571
11911	A	0.3333
11912	G	0.3095
11913	C	0.3333
11914	A	0.3810
11915	A	0.2857
11916	A	0.3571
11917	G	0.3810
11918	G	0.3333
11919	G	0.3333
11920	G	0.3333
11921	T	0.3333
11922	C	0.3333
11923	C	0.3095
11924	A	0.3333
11925	C	0.3095
11926	C	0.3810
11927	G	0.3571
11928	G	0.4048
11929	T	0.3333
11930	G	0.3571
11931	A	0.4048
11932	G	0.4048
11933	C	0.3810
11934	A	0.3333
11935	C	0.3333
11936	G	0.3095
11937	A	0.3095
11938	A	0.3095
11939	T	0.4286
11940	G	0.4048
11941	A	0.3333
11942	C	0.3810
11943	G	0.3333
11944	A	0.3333
11945	T	0.2857
11946	A	0.3095
11947	A	0.3333
11948	A	0.3333
11949	G	0.3571
11950	C	0.3333
11951	A	0.3095
11952	C	0.2857
11953	G	0.4286
11954	G	0.3333
11955	C	0.3810
11956	G	0.4048
11957	T	0.3095
11958	G	0.4048
11959	T	0.3333
11960	A	0.4048
11961	C	0.3333
11962	A	0.4524
11963	A	0.3333
11964	G	0.3095
11965	C	0.3571
11966	A	0.4048
11967	T	0.3333
11968	G	0.3333
11969	G	0.3571
11970	A	0.3333
11971	C	0.3333
11972	A	0.3571
11973	A	0.2857
11974	C	0.4286
11975	C	0.3095
11976	A	0.3810
11977	G	0.3571
11978	G	0.3095
11979	C	0.3333
11980	G	0.3810
11981	T	0.4524
11982	G	0.3333
11983	C	0.3095
11984	T	0.3333
11985	C	0.3333
11986	A	0.3810
11987	G	0.4048
11988	T	0.3333
11989	G	0.3333
11990	G	0.4762
11991	T	0.3571
11992	C	0.2857
11993	T	0.3095
11994	T	0.2857
11995	T	0.3810
11996	T	0.2619
11997	C	0.3095
11998	C	0.3571
11999	A	0.2857
12000	C	0.3095
12001	A	0.3571
12002	T	0.3571
12003	G	0.3810
12004	G	0.3571
12005	A	0.4286
12006	T	0.2857
12007	A	0.3095
12008	G	0.4048
12009	A	0.3333
12010	G	0.4286
12011	C	0.4762
12012	A	0.3810
12013	G	0.3810
12014	A	0.3571
12015	A	0.3333
12016	T	0.3095
12017	G	0.3095
12018	G	0.3095
12019	A	0.3333
12020	G	0.2857
12021	G	0.4286
12022	G	0.3810
12023	T	0.3333
12024	A	0.3810
12025	A	0.4048
12026	T	0.3810
12027	A	0.2857
12028	A	0.3810
12029	A	0.3810
12030	G	0.3095
12031	G	0.2857
12032	G	0.4286
12033	C	0.3810
12034	T	0.3810
12035	A	0.3571
12036	A	0.3810
12037	T	0.4048
12038	T	0.3810
12039	A	0.3571
12040	A	0.3333
12041	A	0.3095
12042	C	0.3571
12043	C	0.3333
12044	C	0.3810
12045	G	0.3095
12046	A	0.4048
12047	C	0.3333
12048	T	0.3095
12049	T	0.3333
12050	A	0.2857
12051	A	0.3095
12052	T	0.2857
12053	C	0.2857
12054	C	0.3333
12055	G	0.3571
12056	C	0.2619
12057	T	0.3095
12058	A	0.4762
12059	T	0.3571
12060	G	0.3333
12061	G	0.3095
12062	T	0.3571
12063	C	0.3095
12064	A	0.3333
12065	T	0.3095
12066	A	0.4524
12067	A	0.4048
12068	A	0.2857
12069	C	0.2857
12070	G	0.3810
12071	G	0.3333
12072	T	0.2857
12073	T	0.3095
12074	A	0.3333
12075	A	0.4048
12076	T	0.3571
12077	A	0.3095
12078	G	0.3333
12079	A	0.4286
12080	A	0.3333
12081	G	0.3571
12082	G	0.2857
12083	A	0.3571
12084	G	0.3810
12085	C	0.4286
12086	G	0.2857
12087	C	0.3333
12088	A	0.3571
12089	T	0.3571
12090	C	0.3333
12091	A	0.3571
12092	C	0.2857
12093	A	0.3095
12094	G	0.3095
12095	A	0.3333
12096	A	0.3095
12097	G	0.3095
12098	C	0.3571
12099	G	0.2857
12100	G	0.3810
12101	A	0.3571
12102	T	0.3810
12103	G	0.3333
12104	A	0.3333
12105	C	0.4048
12106	A	0.3095
12107	T	0.2857
12108	G	0.4048
12109	A	0.4286
12110	A	0.3571
12111	G	0.3571
12112	A	0.3095
12113	A	0.3333
12114	T	0.4048
12115	A	0.3095
12116	A	0.3095
12117	G	0.3095
12118	C	0.3333
12119	A	0.3571
12120	G	0.3095
12121	T	0.3571
12122	C	0.3333
12123	G	0.3333
12124	A	0.3333
12125	T	0.2857
12126	A	0.3095
12127	A	0.4048
12128	G	0.3810
12129	C	0.3571
12130	A	0.4524
12131	T	0.3095
12132	G	0.3333
12133	C	0.3571
12134	C	0.3333
12135	A	0.3571
12136	C	0.3571
12137	A	0.3333
12138	C	0.2619
12139	A	0.2857
12140	T	0.3095
12141	A	0.2857
12142	A	0.3810
12143	T	0.2857
12144	T	0.3571
12145	T	0.4048
12146	C	0.2857
12147	A	0.4286
12148	T	0.3095
12149	C	0.3571
12150	G	0.3571
12151	C	0.3333
12152	T	0.3571
12153	G	0.3333
12154	C	0.3571
12155	A	0.3333
12156	A	0.3810
12157	C	0.3571
12158	C	0.3095
12159	G	0.3810
12160	A	0.4286
12161	G	0.2857
12162	C	0.3095
12163	A	0.2857
12164	G	0.3095
12165	A	0.3333
12166	T	0.2619
12167	T	0.3810
12168	A	0.4524
12169	A	0.3571
12170	C	0.3333
12171	C	0.3333
12172	G	0.2857
12173	C	0.3095
12174	T	0.2857
12175	T	0.3095
12176	G	0.4048
12177	A	0.3333
12178	A	0.3095
12179	G	0.2619
12180	A	0.2857
12181	A	0.3333
12182	G	0.3571
12183	C	0.3333
12184	A	0.3333
12185	G	0.3333
12186	C	0.3095
12187	A	0.3571
12188	T	0.3571
12189	T	0.3333
12190	A	0.4048
12191	G	0.4286
12192	C	0.3095
12193	T	0.3333
12194	T	0.3095
12195	G	0.3571
12196	A	0.4524
12197	A	0.3810
12198	C	0.3333
12199	G	0.3810
12200	A	0.2619
12201	G	0.3095
12202	A	0.2857
12203	C	0.4524
12204	C	0.3095
12205	A	0.3333
12206	G	0.3095
12207	T	0.3810
12208	G	0.3333
12209	A	0.3095
12210	T	0.3810
12211	A	0.3810
12212	C	0.3571
12213	A	0.4048
12214	T	0.4286
12215	C	0.3095
12216	A	0.3810
12217	A	0.3095
12218	A	0.3571
12219	C	0.3571
12220	C	0.3095
12221	C	0.3571
12222	G	0.3333
12223	C	0.3571
12224	T	0.3095
12225	G	0.3571
12226	A	0.3333
12227	A	0.2619
12228	C	0.3095
12229	A	0.3333
12230	T	0.4048
12231	A	0.3571
12232	T	0.2857
12233	A	0.2857
12234	A	0.3333
12235	G	0.3333
12236	C	0.3095
12237	A	0.3810
12238	C	0.3810
12239	G	0.4048
12240	A	0.2857
12241	A	0.3571
12242	G	0.3095
12243	A	0.2857
12244	A	0.3095
12245	T	0.4048
12246	G	0.3095
12247	G	0.3571
12248	T	0.4524
12249	C	0.2857
12250	G	0.3333
12251	T	0.3571
12252	T	0.3810
12253	A	0.3571
12254	A	0.3810
12255	A	0.3333
12256	T	0.4286
12257	T	0.4048
12258	G	0.3571
12259	G	0.4048
12260	A	0.3571
12261	A	0.4048
12262	A	0.3095
12263	T	0.2619
12264	C	0.3571
12265	G	0.3095
12266	G	0.3571
12267	A	0.3810
12268	G	0.3095
12269	G	0.3571
12270	G	0.4048
12271	T	0.3810
12272	A	0.2857
12273	T	0.2857
12274	A	0.3810
12275	A	0.3095
12276	C	0.3333
12277	T	0.3810
12278	T	0.3333
12279	G	0.3810
12280	T	0.3171
12281	G	0.4146
12282	A	0.3171
12283	A	0.3659
12284	C	0.2927
12285	A	0.3659
12286	T	0.3415
12287	A	0.3171
12288	G	0.3415
12289	A	0.3902
12290	A	0.3659
12291	C	0.3415
12292	A	0.4146
12293	G	0.3659
12294	A	0.3171
12295	A	0.4146
12296	A	0.3171
12297	A	0.2927
12298	A	0.3171
12299	T	0.3415
12300	G	0.3415
12301	A	0.3902
12302	A	0.4390
12303	C	0.2927
12304	A	0.3500
12305	A	0.3750
12306	T	0.3333
12307	T	0.2564
12308	A	0.3590
12309	T	0.3333
12310	C	0.4103
12311	C	0.3333
12312	G	0.3077
12313	A	0.3077
12314	A	0.3333
12315	G	0.3333
12316	G	0.4103
12317	C	0.2821
12318	T	0.3077
12319	T	0.3590
12320	A	0.3333
12321	G	0.4615
12322	T	0.3590
12323	A	0.3077
12324	G	0.3846
12325	G	0.3333
12326	C	0.2821
12327	C	0.3590
12328	G	0.5897
12329	T	0.3590
12330	A	0.4872
12331	A	0.3590
12332	A	0.2821
12333	C	0.3590
12334	G	0.3590
12335	A	0.3846
12336	T	0.3590
12337	G	0.2821
12338	A	0.3077
12339	A	0.3590
12340	G	0.3333
12341	C	0.3333
12342	C	0.3077
12343	G	0.3846
12344	A	0.3077
12345	G	0.3333
12346	A	0.4359
12347	T	0.3590
12348	A	0.4359
12349	A	0.3846
12350	T	0.3590
12351	T	0.2821
12352	G	0.3333
12353	C	0.4872
12354	C	0.3846
12355	C	0.3846
12356	A	0.3846
12357	A	0.3947
12358	A	0.3421
12359	G	0.4211
12360	A	0.5000
12361	C	0.3158
12362	T	0.3421
12363	G	0.3684
12364	G	0.2895
12365	C	0.2895
12366	G	0.3421
12367	G	0.4211
12368	T	0.3158
12369	G	0.3684
12370	C	0.3158
12371	G	0.3947
12372	A	0.3158
12373	G	0.3421
12374	C	0.3684
12375	T	0.3684
12376	A	0.3158
12377	G	0.2895
12378	A	0.2895
12379	A	0.3421
12380	T	0.3158
12381	A	0.3158
12382	A	0.3158
12383	G	0.3158
12384	A	0.3947
12385	T	0.4211
12386	T	0.3421
12387	C	0.3158
12388	A	0.3684
12389	G	0.3684
12390	C	0.3158
12391	A	0.3684
12392	A	0.4474
12393	C	0.3421
12394	C	0.3947
12395	A	0.2895
12396	G	0.3158
12397	C	0.3684
12398	A	0.4211
12399	G	0.3421
12400	T	0.3421
12401	C	0.2895
12402	G	0.4474
12403	G	0.3421
12404	A	0.3421
12405	C	0.2632
12406	A	0.3421
12407	T	0.3947
12408	G	0.3684
12409	A	0.3421
12410	G	0.4474
12411	A	0.3684
12412	T	0.3158
12413	G	0.3947
12414	A	0.4737
12415	C	0.2895
12416	A	0.3947
12417	T	0.3684
12418	A	0.4474
12419	G	0.3421
12420	G	0.3684
12421	G	0.3947
12422	T	0.3684
12423	T	0.2632
12424	G	0.4211
12425	C	0.4474
12426	A	0.3421
12427	G	0.3421
12428	A	0.3421
12429	G	0.2895
12430	C	0.3158
12431	A	0.3158
12432	G	0.3684
12433	T	0.3158
12434	T	0.3421
12435	A	0.3421
12436	C	0.3158
12437	T	0.6053
12438	G	0.3947
12439	C	0.2895
12440	A	0.3684
12441	A	0.3158
12442	G	0.2895
12443	C	0.4211
12444	A	0.3158
12445	T	0.3947
12446	T	0.3684
12447	C	0.3421
12448	C	0.3421
12449	A	0.4474
12450	G	0.2632
12451	A	0.3684
12452	A	0.2895
12453	G	0.3158
12454	A	0.3684
12455	G	0.3158
12456	G	0.3421
12457	A	0.3947
12458	C	0.3421
12459	G	0.2632
12460	G	0.4211
12461	G	0.3421
12462	G	0.2895
12463	T	0.3421
12464	G	0.3684
12465	G	0.3421
12466	G	0.3947
12467	T	0.3684
12468	G	0.3947
12469	A	0.3947
12470	T	0.3421
12471	T	0.4211
12472	T	0.3421
12473	C	0.2895
12474	A	0.3158
12475	C	0.3684
12476	A	0.3684
12477	A	0.2895
12478	G	0.3421
12479	T	0.3684
12480	T	0.2895
12481	A	0.3684
12482	G	0.4211
12483	C	0.2895
12484	G	0.3684
12485	T	0.4211
12486	T	0.3947
12487	A	0.2895
12488	C	0.3158
12489	G	0.5000
12490	A	0.3421
12491	G	0.2632
12492	C	0.3684
12493	A	0.3421
12494	G	0.2895
12495	T	0.2895
12496	A	0.3684
12497	A	0.2895
12498	A	0.2895
12499	T	0.3158
12500	G	0.2895
12501	A	0.3158
12502	C	0.2895
12503	C	0.2895
12504	G	0.3158
12505	T	0.3947
12506	A	0.3158
12507	T	0.3421
12508	G	0.2895
12509	G	0.3421
12510	G	0.3421
12511	T	0.3158
12512	A	0.3947
12513	T	0.3421
12514	A	0.4211
12515	A	0.2895
12516	A	0.4211
12517	G	0.4474
12518	C	0.3947
12519	G	0.3421
12520	G	0.3947
12521	A	0.3421
12522	T	0.4211
12523	G	0.4211
12524	T	0.3947
12525	G	0.3421
12526	T	0.5000
12527	G	0.3947
12528	C	0.3421
12529	T	0.3243
12530	G	0.4444
12531	G	0.2778
12532	T	0.3333
12533	A	0.3611
12534	T	0.4167
12535	A	0.4722
12536	T	0.3333
12537	T	0.3056
12538	T	0.3611
12539	A	0.2778
12540	A	0.3889
12541	G	0.3056
12542	A	0.3333
12543	G	0.3611
12544	A	0.3611
12545	T	0.3611
12546	G	0.3889
12547	T	0.2778
12548	T	0.3611
12549	A	0.4444
12550	T	0.3056
12551	A	0.3889
12552	G	0.3333
12553	A	0.4167
12554	A	0.3889
12555	A	0.3056
12556	A	0.3889
12557	A	0.4444
12558	G	0.3611
12559	G	0.3611
12560	A	0.2778
12561	C	0.3056
12562	G	0.3333
12563	G	0.3333
12564	A	0.3611
12565	T	0.3611
12566	A	0.3333
12567	A	0.3611
12568	A	0.3056
12569	C	0.3333
12570	T	0.3611
12571	C	0.3056
12572	A	0.3611
12573	C	0.3611
12574	T	0.3889
12575	G	0.3056
12576	T	0.2778
12577	A	0.3889
12578	G	0.3056
12579	G	0.3889
12580	C	0.3056
12581	C	0.2778
12582	C	0.3333
12583	A	0.3333
12584	C	0.3056
12585	G	0.3333
12586	C	0.3056
12587	A	0.3333
12588	A	0.2778
12589	A	0.3333
12590	G	0.4444
12591	G	0.3889
12592	A	0.4444
12593	G	0.2778
12594	C	0.3333
12595	C	0.2778
12596	G	0.4167
12597	G	0.4722
12598	C	0.3889
12599	T	0.3056
12600	A	0.3333
12601	C	0.4167
12602	T	0.3889
12603	C	0.3333
12604	G	0.3333
12605	G	0.4167
12606	A	0.2778
12607	G	0.3056
12608	T	0.3611
12609	G	0.2778
12610	G	0.2778
12611	C	0.3333
12612	T	0.4722
12613	C	0.3056
12614	G	0.3889
12615	C	0.3611
12616	G	0.3333
12617	A	0.3056
12618	C	0.2778
12619	C	0.3333
12620	T	0.3333
12621	G	0.3333
12622	G	0.3056
12623	A	0.3611
12624	A	0.3611
12625	A	0.3333
12626	G	0.4167
12627	A	0.3333
12628	G	0.4722
12629	C	0.3611
12630	A	0.4167
12631	G	0.3889
12632	C	0.2778
12633	A	0.3611
12634	T	0.3611
12635	G	0.3056
12636	G	0.3056
12637	A	0.3611
12638	T	0.3889
12639	C	0.3333
12640	G	0.2778
12641	T	0.3611
12642	A	0.3611
12643	G	0.4444
12644	A	0.3056
12645	A	0.4167
12646	A	0.3333
12647	T	0.3056
12648	G	0.3611
12649	A	0.4167
12650	T	0.3889
12651	G	0.4167
12652	A	0.3611
12653	G	0.3056
12654	C	0.3429
12655	A	0.4000
12656	C	0.3714
12657	A	0.3429
12658	A	0.3429
12659	G	0.2857
12660	G	0.3143
12661	A	0.3143
12662	C	0.3429
12663	T	0.4000
12664	G	0.3611
12665	C	0.4167
12666	C	0.4444
12667	A	0.4722
12668	T	0.2778
12669	A	0.3333
12670	A	0.3611
12671	A	0.3333
12672	G	0.3611
12673	C	0.3056
12674	G	0.3333
12675	C	0.3056
12676	T	0.4167
12677	G	0.3611
12678	G	0.4444
12679	G	0.3056
12680	A	0.2778
12681	C	0.3611
12682	A	0.3333
12683	T	0.3611
12684	C	0.3611
12685	G	0.3333
12686	T	0.4167
12687	G	0.3889
12688	T	0.3611
12689	T	0.3333
12690	T	0.3889
12691	C	0.4722
12692	G	0.3056
12693	G	0.3889
12694	A	0.3333
12695	A	0.3611
12696	G	0.3889
12697	A	0.2778
12698	C	0.3333
12699	C	0.3333
12700	A	0.3056
12701	T	0.3056
12702	G	0.4167
12703	C	0.3611
12704	A	0.3056
12705	A	0.2778
12706	C	0.3889
12707	A	0.4444
12708	A	0.3056
12709	G	0.3056
12710	G	0.2778
12711	C	0.3889
12712	C	0.3333
12713	C	0.3333
12714	G	0.3333
12715	C	0.3611
12716	T	0.3333
12717	A	0.3611
12718	G	0.2778
12719	T	0.4167
12720	G	0.3056
12721	G	0.2778
12722	C	0.3333
12723	A	0.4167
12724	T	0.3889
12725	T	0.3889
12726	C	0.3611
12727	A	0.3333
12728	T	0.3889
12729	A	0.3333
12730	T	0.3889
12731	A	0.3333
12732	A	0.3611
12733	A	0.3333
12734	A	0.4167
12735	G	0.3611
12736	T	0.3333
12737	A	0.4444
12738	A	0.3889
12739	G	0.3056
12740	G	0.4444
12741	T	0.3056
12742	G	0.3333
12743	A	0.3333
12744	G	0.3611
12745	A	0.3333
12746	T	0.3611
12747	G	0.3056
12748	A	0.3611
12749	A	0.3611
12750	G	0.3333
12751	A	0.3333
12752	C	0.3333
12753	T	0.3333
12754	A	0.3611
12755	G	0.3889
12756	G	0.2778
12757	A	0.3333
12758	C	0.3056
12759	C	0.3333
12760	A	0.3889
12761	A	0.4722
12762	A	0.3056
12763	G	0.3611
12764	A	0.3611
12765	A	0.3611
12766	T	0.3333
12767	T	0.3889
12768	T	0.3056
12769	C	0.3056
12770	T	0.3056
12771	G	0.3333
12772	C	0.3611
12773	A	0.3056
12774	G	0.3056
12775	T	0.3889
12776	A	0.3056
12777	T	0.3056
12778	G	0.3333
12779	A	0.3889
12780	G	0.3333
12781	T	0.3056
12782	T	0.4167
12783	T	0.3333
12784	C	0.3611
12785	A	0.4722
12786	G	0.4167
12787	A	0.3611
12788	A	0.4167
12789	A	0.3056
12790	A	0.3889
12791	G	0.3333
12792	G	0.3889
12793	C	0.3056
12794	C	0.3611
12795	T	0.3333
12796	T	0.3611
12797	A	0.3056
12798	T	0.3056
12799	A	0.3889
12800	A	0.3889
12801	C	0.3056
12802	T	0.3056
12803	G	0.4722
12804	A	0.3611
12805	A	0.3056
12806	T	0.4722
12807	C	0.2778
12808	A	0.3889
12809	A	0.3333
12810	G	0.3056
12811	T	0.3333
12812	G	0.4444
12813	T	0.3056
12814	G	0.3611
12815	G	0.3611
12816	T	0.3056
12817	G	0.3611
12818	A	0.3333
12819	G	0.3333
12820	C	0.3889
12821	A	0.4167
12822	A	0.3611
12823	A	0.3333
12824	C	0.3611
12825	G	0.2778
12826	G	0.3333
12827	A	0.3611
12828	A	0.3056
12829	C	0.3889
12830	T	0.3611
12831	G	0.3056
12832	G	0.3333
12833	G	0.2778
12834	C	0.3333
12835	C	0.3333
12836	G	0.3333
12837	A	0.4444
12838	A	0.3611
12839	T	0.3333
12840	T	0.3611
12841	G	0.4722
12842	C	0.3056
12843	T	0.3611
12844	C	0.4444
12845	T	0.3889
12846	G	0.4722
12847	G	0.3889
12848	C	0.3056
12849	A	0.3333
12850	A	0.3333
12851	C	0.3333
12852	G	0.3611
12853	G	0.3056
12854	A	0.2778
12855	G	0.3333
12856	G	0.3611
12857	A	0.3611
12858	G	0.2778
12859	G	0.4444
12860	C	0.3611
12861	A	0.3333
12862	G	0.3333
12863	A	0.3611
12864	G	0.4167
12865	G	0.3611
12866	T	0.3333
12867	G	0.3333
12868	G	0.4444
12869	G	0.3889
12870	A	0.3056
12871	A	0.3333
12872	T	0.3611
12873	G	0.5000
12874	T	0.3333
12875	T	0.3889
12876	A	0.2778
12877	T	0.2778
12878	G	0.3056
12879	T	0.3056
12880	A	0.4167
12881	T	0.3611
12882	A	0.3333
12883	G	0.3333
12884	A	0.2500
12885	G	0.3333
12886	C	0.3056
12887	G	0.3333
12888	A	0.3889
12889	C	0.3889
12890	A	0.2778
12891	G	0.2778
12892	A	0.3611
12893	G	0.3056
12894	T	0.3056
12895	A	0.3056
12896	G	0.3333
12897	G	0.3889
12898	G	0.3333
12899	A	0.4722
12900	T	0.3889
12901	T	0.3611
12902	C	0.4167
12903	A	0.4167
12904	G	0.3056
12905	A	0.3889
12906	A	0.3333
12907	C	0.3056
12908	A	0.3611
12909	A	0.3611
12910	C	0.4167
12911	A	0.3333
12912	C	0.3611
12913	T	0.3611
12914	T	0.4167
12915	C	0.3056
12916	T	0.3333
12917	C	0.3056
12918	A	0.3056
12919	G	0.2778
12920	A	0.3056
12921	A	0.3333
12922	C	0.2778
12923	G	0.3611
12924	G	0.2778
12925	A	0.3056
12926	A	0.3611
12927	C	0.3611
12928	G	0.4722
12929	T	0.3056
12930	G	0.3333
12931	T	0.2778
12932	T	0.3056
12933	G	0.3611
12934	C	0.2778
12935	C	0.3611
12936	C	0.3333
12937	T	0.3611
12938	C	0.3333
12939	T	0.4722
12940	G	0.4167
12941	T	0.4167
12942	T	0.2778
12943	T	0.4444
12944	G	0.3333
12945	G	0.3611
12946	T	0.3611
12947	G	0.2778
12948	A	0.3056
12949	G	0.3611
12950	T	0.2778
12951	G	0.4167
12952	A	0.3333
12953	C	0.3056
12954	A	0.3333
12955	T	0.5000
12956	T	0.2778
12957	G	0.3333
12958	A	0.3333
12959	A	0.3889
12960	T	0.4167
12961	G	0.3333
12962	A	0.3056
12963	G	0.4167
12964	G	0.3611
12965	T	0.3889
12966	T	0.2778
12967	C	0.3333
12968	T	0.3056
12969	A	0.3056
12970	T	0.3333
12971	C	0.3056
12972	A	0.3889
12973	T	0.2778
12974	G	0.4722
12975	G	0.2778
12976	C	0.3056
12977	A	0.2778
12978	T	0.3611
12979	G	0.3611
12980	G	0.3333
12981	C	0.3889
12982	A	0.3611
12983	A	0.3056
12984	C	0.2778
12985	A	0.3611
12986	G	0.3333
12987	C	0.3056
12988	C	0.3611
12989	T	0.3611
12990	T	0.3333
12991	T	0.3611
12992	A	0.3056
12993	C	0.3611
12994	A	0.3333
12995	C	0.3056
12996	A	0.4167
12997	A	0.3056
12998	T	0.3056
12999	G	0.3611
13000	A	0.2778
13001	T	0.5278
13002	G	0.3611
13003	C	0.3056
13004	G	0.3333
13005	A	0.3889
13006	G	0.4167
13007	T	0.4444
13008	C	0.4167
13009	C	0.3056
13010	A	0.4167
13011	C	0.3889
13012	A	0.3333
13013	A	0.3333
13014	T	0.4444
13015	G	0.3333
13016	A	0.3611
13017	T	0.3889
13018	G	0.4167
13019	T	0.3889
13020	T	0.3333
13021	G	0.3889
13022	C	0.4167
13023	C	0.3889
13024	T	0.3333
13025	T	0.4167
13026	G	0.3056
13027	C	0.3611
13028	C	0.4167
13029	A	0.3889
13030	T	0.3333
13031	C	0.3333
13032	G	0.3889
13033	A	0.2778
13034	C	0.3889
13035	G	0.3333
13036	G	0.3333
13037	G	0.2778
13038	A	0.5000
13039	G	0.4722
13040	T	0.3889
13041	G	0.3889
13042	T	0.3056
13043	C	0.3611
13044	G	0.4167
13045	T	0.3611
13046	A	0.4167
13047	T	0.3889
13048	G	0.3889
13049	G	0.3056
13050	A	0.4167
13051	A	0.4722
13052	T	0.3889
13053	A	0.3889
13054	A	0.3333
13055	A	0.3333
13056	T	0.3611
13057	T	0.3333
13058	G	0.4167
13059	T	0.2778
13060	G	0.3333
13061	A	0.3056
13062	G	0.3333
13063	C	0.2778
13064	A	0.3429
13065	G	0.3143
13066	T	0.3429
13067	C	0.4857
13068	A	0.3143
13069	C	0.3143
13070	C	0.3429
13071	A	0.3714
13072	G	0.5429
13073	T	0.2857
13074	T	0.3429
13075	G	0.5429
13076	C	0.3143
13077	A	0.3429
13078	G	0.2857
13079	G	0.3429
13080	T	0.3143
13081	A	0.4571
13082	G	0.4000
13083	C	0.2857
13084	G	0.3143
13085	A	0.3429
13086	A	0.3143
13087	G	0.3143
13088	G	0.3429
13089	A	0.4286
13090	G	0.4286
13091	C	0.3714
13092	G	0.4000
13093	T	0.3714
13094	A	0.3143
13095	T	0.4571
13096	A	0.2571
13097	C	0.4000
13098	G	0.2857
13099	T	0.3714
13100	A	0.3714
13101	T	0.2857
13102	T	0.3143
13103	G	0.2857
13104	G	0.3143
13105	A	0.3429
13106	C	0.3143
13107	A	0.3714
13108	A	0.3143
13109	T	0.3143
13110	A	0.3714
13111	T	0.4000
13112	G	0.4571
13113	C	0.2857
13114	A	0.3429
13115	G	0.3714
13116	C	0.3429
13117	T	0.2857
13118	C	0.2857
13119	C	0.3143
13120	T	0.3714
13121	T	0.3429
13122	T	0.4000
13123	A	0.3429
13124	T	0.3143
13125	G	0.2857
13126	G	0.2857
13127	G	0.3143
13128	C	0.3714
13129	G	0.3714
13130	G	0.3429
13131	A	0.2857
13132	A	0.3429
13133	T	0.3429
13134	A	0.3143
13135	C	0.2857
13136	A	0.2857
13137	T	0.3429
13138	C	0.3429
13139	A	0.3714
13140	G	0.2571
13141	G	0.3714
13142	G	0.4286
13143	G	0.3429
13144	A	0.4286
13145	T	0.3429
13146	T	0.4000
13147	T	0.2857
13148	G	0.4286
13149	A	0.3714
13150	G	0.4571
13151	G	0.3143
13152	G	0.3143
13153	T	0.3714
13154	G	0.3714
13155	C	0.2857
13156	A	0.3429
13157	A	0.4857
13158	T	0.4000
13159	T	0.3143
13160	G	0.3429
13161	T	0.2857
13162	A	0.3529
13163	A	0.3824
13164	C	0.3529
13165	T	0.2941
13166	A	0.3824
13167	T	0.3824
13168	A	0.3529
13169	A	0.4118
13170	C	0.3030
13171	A	0.4545
13172	A	0.4545
13173	A	0.5152
13174	G	0.2727
13175	T	0.3333
13176	G	0.3636
13177	A	0.3939
13178	G	0.3030
13179	A	0.3030
13180	T	0.3333
13181	C	0.3636
13182	G	0.3939
13183	G	0.3636
13184	A	0.3030
13185	T	0.3636
13186	A	0.4545
13187	T	0.3636
13188	A	0.3333
13189	A	0.3030
13190	T	0.3939
13191	T	0.4545
13192	G	0.4242
13193	A	0.3333
13194	A	0.3636
13195	C	0.3636
13196	A	0.3636
13197	C	0.3636
13198	T	0.3939
13199	T	0.3636
13200	A	0.2727
13201	G	0.3030
13202	A	0.3939
13203	A	0.3333
13204	G	0.2727
13205	G	0.3939
13206	A	0.3030
13207	G	0.2727
13208	G	0.3636
13209	T	0.4242
13210	T	0.3333
13211	T	0.3939
13212	G	0.3333
13213	T	0.3030
13214	G	0.3636
13215	C	0.3030
13216	A	0.3333
13217	C	0.3333
13218	A	0.3333
13219	C	0.3333
13220	G	0.3333
13221	G	0.3939
13222	G	0.3636
13223	A	0.3333
13224	G	0.3030
13225	A	0.3333
13226	T	0.4242
13227	C	0.3939
13228	C	0.2727
13229	C	0.3939
13230	C	0.4545
13231	G	0.4848
13232	G	0.3333
13233	A	0.3939
13234	A	0.3333
13235	T	0.2727
13236	T	0.3939
13237	A	0.3333
13238	A	0.4848
13239	T	0.5152
13240	T	0.4848
13241	T	0.3939
13242	G	0.4242
13243	A	0.3333
13244	C	0.3030
13245	C	0.3636
13246	T	0.3939
13247	G	0.3939
13248	A	0.3636
13249	C	0.3636
13250	A	0.3939
13251	C	0.4242
13252	G	0.3333
13253	T	0.3636
13254	T	0.3333
13255	T	0.3636
13256	G	0.4242
13257	T	0.2727
13258	C	0.3636
13259	A	0.3636
13260	C	0.3030
13261	T	0.3939
13262	T	0.3333
13263	A	0.3333
13264	A	0.3636
13265	A	0.5312
13266	G	0.3125
13267	C	0.4062
13268	A	0.4375
13269	T	0.3438
13270	A	0.2812
13271	T	0.5000
13272	A	0.3438
13273	C	0.4688
13274	C	0.3750
13275	T	0.3636
13276	G	0.4848
13277	T	0.4545
13278	T	0.3030
13279	G	0.3939
13280	T	0.3636
13281	T	0.3636
13282	C	0.4545
13283	C	0.3636
13284	T	0.5152
13285	G	0.3333
13286	A	0.3333
13287	G	0.5455
13288	C	0.3636
13289	C	0.3030
13290	G	0.4545
13291	A	0.2727
13292	A	0.3939
13293	T	0.4242
13294	G	0.4242
13295	G	0.3030
13296	A	0.3939
13297	A	0.3636
13298	C	0.3333
13299	A	0.3030
13300	A	0.4545
13301	A	0.3030
13302	T	0.4545
13303	T	0.3333
13304	A	0.2727
13305	T	0.3030
13306	G	0.4545
13307	G	0.3636
13308	T	0.3030
13309	A	0.3030
13310	G	0.3636
13311	C	0.4848
13312	A	0.3030
13313	T	0.3030
13314	A	0.3333
13315	T	0.3636
13316	G	0.3030
13317	G	0.3030
13318	A	0.3030
13319	A	0.3333
13320	A	0.3636
13321	C	0.3030
13322	A	0.3333
13323	A	0.3333
13324	C	0.3030
13325	G	0.3636
13326	T	0.3030
13327	G	0.4545
13328	T	0.4242
13329	A	0.3333
13330	G	0.3030
13331	A	0.3030
13332	T	0.3030
13333	G	0.3438
13334	G	0.3438
13335	T	0.3438
13336	T	0.4062
13337	A	0.3125
13338	G	0.3125
13339	G	0.4375
13340	T	0.4062
13341	G	0.3438
13342	T	0.3438
13343	A	0.2812
13344	T	0.3750
13345	T	0.4062
13346	T	0.3438
13347	C	0.4375
13348	T	0.2812
13349	G	0.2812
13350	T	0.3750
13351	C	0.5625
13352	C	0.4062
13353	A	0.4375
13354	T	0.3125
13355	G	0.3438
13356	A	0.3750
13357	A	0.2812
13358	A	0.4688
13359	T	0.5312
13360	G	0.3750
13361	A	0.4062
13362	A	0.4062
13363	T	0.4062
13364	G	0.4062
13365	C	0.3438
13366	T	0.2903
13367	G	0.3871
13368	A	0.3226
13369	G	0.4194
13370	T	0.3871
13371	T	0.3871
13372	G	0.3333
13373	A	0.5333
13374	A	0.3333
13375	T	0.3333
13376	A	0.3000
13377	A	0.4000
13378	A	0.4333
13379	A	0.4000
13380	A	0.4333
13381	G	0.4333
13382	A	0.3333
13383	T	0.3333
13384	T	0.4000
13385	T	0.4333
13386	T	0.4000
13387	G	0.3333
13388	T	0.4333
13389	T	0.3667
13390	C	0.3333
13391	C	0.3000
13392	C	0.5000
13393	C	0.3333
13394	G	0.4333
13395	C	0.3333
13396	A	0.4000
13397	T	0.4000
13398	T	0.2667
13399	G	0.4333
13400	A	0.3000
13401	T	0.4000
13402	T	0.3667
13403	G	0.4000
13404	A	0.3667
13405	A	0.3000
13406	C	0.2667
13407	G	0.5000
13408	C	0.3333
13409	A	0.3333
13410	A	0.3000
13411	G	0.3333
13412	G	0.3333
13413	C	0.4000
13414	C	0.3000
13415	G	0.3667
13416	G	0.4000
13417	T	0.4000
13418	T	0.4000
13419	A	0.3667
13420	A	0.3000
13421	G	0.3333
13422	T	0.3333
13423	T	0.3000
13424	G	0.5333
13425	T	0.3000
13426	T	0.3667
13427	A	0.4333
13428	T	0.3000
13429	A	0.4000
13430	G	0.3667
13431	C	0.3667
13432	T	0.3000
13433	A	0.3667
13434	A	0.3333
13435	G	0.3333
13436	C	0.4000
13437	A	0.4000
13438	T	0.3000
13439	T	0.3333
13440	C	0.3333
13441	T	0.4333
13442	T	0.3000
13443	C	0.4000
13444	G	0.3333
13445	A	0.3000
13446	A	0.4000
13447	A	0.4667
13448	A	0.4000
13449	A	0.4000
13450	A	0.4000
13451	A	0.3000
13452	T	0.4000
13453	G	0.4333
13454	T	0.3333
13455	A	0.4000
13456	A	0.3333
13457	T	0.4000
13458	G	0.3333
13459	A	0.5333
13460	A	0.5000
13461	T	0.4000
13462	T	0.4333
13463	G	0.3333
13464	T	0.4667
13465	T	0.3333
13466	C	0.4000
13467	A	0.3333
13468	T	0.3333
13469	T	0.4000
13470	A	0.3333
13471	G	0.3333
13472	A	0.3667
13473	A	0.4333
13474	G	0.2667
13475	G	0.3667
13476	A	0.3333
13477	T	0.3667
13478	A	0.3333
13479	C	0.3667
13480	T	0.3667
13481	T	0.4000
13482	G	0.3333
13483	T	0.4000
13484	C	0.3667
13485	A	0.3000
13486	A	0.4333
13487	C	0.4000
13488	A	0.3667
13489	A	0.3000
13490	G	0.4333
13491	C	0.3667
13492	T	0.3667
13493	T	0.3667
13494	A	0.3667
13495	C	0.3333
13496	C	0.3667
13497	C	0.3333
13498	G	0.4000
13499	T	0.3333
13500	G	0.3333
13501	G	0.4000
13502	A	0.3667
13503	G	0.3333
13504	A	0.4333
13505	A	0.3333
13506	G	0.3667
13507	T	0.3000
13508	G	0.3333
13509	A	0.4667
13510	A	0.2667
13511	T	0.4000
13512	A	0.3333
13513	A	0.3333
13514	A	0.3667
13515	C	0.4000
13516	A	0.3000
13517	G	0.4000
13518	C	0.3000
13519	C	0.3333
13520	A	0.3667
13521	C	0.4333
13522	C	0.3667
13523	G	0.4667
13524	A	0.3333
13525	T	0.4333
13526	T	0.3667
13527	A	0.3667
13528	G	0.3333
13529	A	0.3333
13530	A	0.3667
13531	T	0.4667
13532	G	0.3333
13533	C	0.3000
13534	A	0.4000
13535	A	0.3667
13536	T	0.4000
13537	G	0.3000
13538	G	0.3667
13539	C	0.3667
13540	A	0.3333
13541	G	0.3000
13542	G	0.4000
13543	C	0.3667
13544	C	0.3333
13545	G	0.4333
13546	C	0.4333
13547	A	0.3333
13548	G	0.3667
13549	A	0.4667
13550	G	0.3000
13551	C	0.4333
13552	C	0.4667
13553	A	0.3333
13554	T	0.3000
13555	T	0.4333
13556	G	0.3667
13557	G	0.4000
13558	C	0.3333
13559	G	0.3333
13560	T	0.3667
13561	T	0.4000
13562	C	0.2667
13563	T	0.4000
13564	T	0.3667
13565	A	0.4000
13566	T	0.3000
13567	T	0.4000
13568	T	0.3333
13569	T	0.2667
13570	A	0.5333
13571	C	0.3000
13572	A	0.4333
13573	A	0.3333
13574	A	0.3333
13575	T	0.3333
13576	A	0.3667
13577	G	0.3333
13578	C	0.3667
13579	A	0.4000
13580	A	0.3000
13581	T	0.3667
13582	C	0.3333
13583	T	0.3333
13584	G	0.3000
13585	T	0.4667
13586	G	0.3333
13587	A	0.3000
13588	C	0.4000
13589	T	0.4000
13590	T	0.3667
13591	C	0.3000
13592	A	0.3333
13593	T	0.3000
13594	C	0.3667
13595	A	0.3000
13596	T	0.3667
13597	G	0.5000
13598	A	0.3667
13599	C	0.3333
13600	G	0.3000
13601	A	0.3667
13602	C	0.3667
13603	T	0.3000
13604	T	0.3333
13605	T	0.3333
13606	T	0.4000
13607	A	0.4333
13608	A	0.3667
13609	C	0.3333
13610	T	0.4333
13611	T	0.3333
13612	A	0.4667
13613	G	0.3333
13614	A	0.3333
13615	T	0.3333
13616	C	0.4000
13617	A	0.3667
13618	C	0.3333
13619	T	0.3667
13620	G	0.3000
13621	C	0.3667
13622	A	0.3667
13623	T	0.4333
13624	A	0.4333
13625	T	0.4667
13626	C	0.3333
13627	T	0.3000
13628	C	0.3333
13629	A	0.3667
13630	C	0.3000
13631	G	0.4333
13632	C	0.4000
13633	A	0.4333
13634	G	0.4667
13635	T	0.3333
13636	G	0.3667
13637	A	0.3000
13638	A	0.4333
13639	G	0.4000
13640	A	0.3667
13641	C	0.3667
13642	A	0.3333
13643	A	0.4000
13644	T	0.4333
13645	T	0.3333
13646	G	0.4000
13647	A	0.4667
13648	A	0.4000
13649	A	0.3000
13650	C	0.4667
13651	A	0.5333
13652	T	0.2667
13653	A	0.4667
13654	A	0.4333
13655	A	0.4000
13656	A	0.3000
13657	A	0.4000
13658	G	0.3667
13659	T	0.4000
13660	T	0.3667
13661	T	0.3000
13662	G	0.3667
13663	G	0.3000
13664	A	0.4667
13665	A	0.3333
13666	A	0.3333
13667	A	0.3000
13668	T	0.3667
13669	G	0.5333
13670	G	0.3333
13671	G	0.3000
13672	T	0.4000
13673	C	0.3333
13674	A	0.3000
13675	G	0.4333
13676	A	0.4000
13677	C	0.4000
13678	C	0.3333
13679	G	0.5333
13680	A	0.3667
13681	C	0.3333
13682	C	0.3000
13683	G	0.3333
13684	T	0.3667
13685	G	0.4333
13686	A	0.4333
13687	T	0.3333
13688	T	0.3000
13689	T	0.5000
13690	G	0.3667
13691	G	0.4000
13692	T	0.4000
13693	C	0.3000
13694	G	0.3667
13695	A	0.3667
13696	C	0.4333
13697	A	0.4000
13698	T	0.3333
13699	A	0.3333
13700	T	0.4000
13701	A	0.3000
13702	T	0.4333
13703	A	0.3333
13704	C	0.3333
13705	C	0.3000
13706	A	0.4000
13707	C	0.3000
13708	G	0.3333
13709	G	0.3333
13710	T	0.3333
13711	T	0.4333
13712	G	0.3000
13713	A	0.3000
13714	T	0.3333
13715	G	0.4000
13716	T	0.3333
13717	G	0.3667
13718	G	0.3000
13719	T	0.4000
13720	T	0.3333
13721	C	0.4333
13722	T	0.3667
13723	G	0.4667
13724	G	0.4000
13725	A	0.3667
13726	G	0.4000
13727	A	0.3333
13728	T	0.3333
13729	G	0.4333
13730	T	0.4000
13731	C	0.3333
13732	A	0.4667
13733	A	0.3667
13734	C	0.3333
13735	G	0.3333
13736	G	0.4000
13737	A	0.3333
13738	A	0.3667
13739	T	0.4333
13740	C	0.3333
13741	A	0.2667
13742	C	0.4000
13743	A	0.3333
13744	G	0.4333
13745	C	0.3667
13746	T	0.4333
13747	A	0.3000
13748	G	0.4000
13749	T	0.3333
13750	G	0.3000
13751	G	0.3333
13752	A	0.4667
13753	T	0.3667
13754	C	0.3667
13755	G	0.4000
13756	A	0.4000
13757	G	0.3667
13758	A	0.4000
13759	G	0.3000
13760	C	0.3667
13761	G	0.3667
13762	T	0.5667
13763	A	0.4667
13764	A	0.3333
13765	C	0.4000
13766	G	0.3667
13767	T	0.3333
13768	G	0.3667
13769	G	0.4000
13770	A	0.4000
13771	T	0.5000
13772	G	0.5333
13773	A	0.3333
13774	A	0.3667
13775	G	0.3333
13776	A	0.5333
13777	C	0.3667
13778	A	0.4000
13779	A	0.4000
13780	A	0.4000
13781	T	0.2667
13782	C	0.3667
13783	A	0.4000
13784	A	0.3667
13785	T	0.3667
13786	G	0.3000
13787	A	0.4667
13788	A	0.4667
13789	T	0.3667
13790	G	0.3667
13791	A	0.3667
13792	T	0.4667
13793	C	0.3333
13794	T	0.3000
13795	A	0.3333
13796	G	0.3000
13797	T	0.3333
13798	T	0.3667
13799	G	0.3667
13800	T	0.3333
13801	G	0.3333
13802	G	0.4000
13803	T	0.3667
13804	C	0.3000
13805	G	0.3667
13806	A	0.4000
13807	T	0.3667
13808	G	0.4667
13809	A	0.3667
13810	A	0.3667
13811	A	0.3667
13812	T	0.3000
13813	T	0.3000
13814	C	0.3000
13815	A	0.3333
13816	T	0.3667
13817	A	0.3000
13818	T	0.3667
13819	T	0.3000
13820	C	0.3333
13821	T	0.3667
13822	G	0.2667
13823	G	0.3667
13824	T	0.3333
13825	T	0.4333
13826	A	0.3000
13827	A	0.4000
13828	G	0.4000
13829	C	0.3333
13830	C	0.3333
13831	G	0.5000
13832	A	0.3000
13833	T	0.3000
13834	A	0.4000
13835	T	0.4333
13836	C	0.3000
13837	T	0.3333
13838	T	0.4000
13839	G	0.3333
13840	G	0.4000
13841	C	0.5333
13842	G	0.3333
13843	A	0.3667
13844	C	0.4000
13845	T	0.3000
13846	G	0.3333
13847	A	0.4333
13848	G	0.3333
13849	T	0.3000
13850	A	0.4667
13851	A	0.3667
13852	T	0.3333
13853	G	0.3667
13854	A	0.4000
13855	G	0.3000
13856	A	0.3000
13857	A	0.4000
13858	A	0.3667
13859	A	0.3333
13860	T	0.3333
13861	A	0.4333
13862	G	0.3000
13863	G	0.3333
13864	C	0.3667
13865	A	0.3000
13866	G	0.4667
13867	C	0.3000
13868	A	0.3667
13869	T	0.3667
13870	A	0.3000
13871	G	0.3333
13872	T	0.4000
13873	T	0.3333
13874	C	0.3333
13875	A	0.3000
13876	A	0.3333
13877	G	0.3667
13878	A	0.4000
13879	T	0.5000
13880	A	0.3333
13881	A	0.3000
13882	G	0.4000
13883	T	0.3000
13884	C	0.4333
13885	G	0.4000
13886	A	0.4333
13887	T	0.3667
13888	G	0.3667
13889	C	0.3000
13890	G	0.4000
13891	G	0.3333
13892	A	0.3333
13893	A	0.5000
13894	T	0.3000
13895	C	0.3333
13896	G	0.3667
13897	G	0.3667
13898	G	0.3667
13899	A	0.4667
13900	G	0.4333
13901	C	0.3333
13902	G	0.3333
13903	G	0.4000
13904	A	0.4333
13905	A	0.4333
13906	C	0.3333
13907	G	0.4667
13908	A	0.3667
13909	A	0.3448
13910	A	0.4483
13911	T	0.3448
13912	A	0.3793
13913	A	0.4138
13914	A	0.3793
13915	T	0.4483
13916	A	0.3793
13917	G	0.4828
13918	C	0.3448
13919	G	0.5517
13920	G	0.3448
13921	A	0.3793
13922	G	0.3448
13923	A	0.4483
13924	A	0.4138
13925	G	0.3793
13926	A	0.4138
13927	T	0.3793
13928	A	0.5172
13929	A	0.3793
13930	T	0.4483
13931	G	0.3448
13932	T	0.4138
13933	A	0.4483
13934	C	0.4138
13935	A	0.3793
13936	T	0.3103
13937	T	0.3103
13938	A	0.3448
13939	T	0.3103
13940	C	0.4483
13941	C	0.3448
13942	T	0.3448
13943	G	0.4138
13944	T	0.3448
13945	T	0.3793
13946	G	0.3793
13947	T	0.4483
13948	G	0.3793
13949	A	0.3793
13950	A	0.3214
13951	G	0.3929
13952	C	0.3929
13953	A	0.5000
13954	T	0.4286
13955	T	0.5000
13956	A	0.4643
13957	G	0.2500
13958	C	0.3929
13959	A	0.4286
13960	A	0.4643
13961	C	0.2857
13962	T	0.3571
13963	A	0.2857
13964	T	0.3214
13965	A	0.3929
13966	G	0.4643
13967	G	0.3929
13968	A	0.4643
13969	A	0.3571
13970	T	0.4286
13971	G	0.2857
13972	A	0.3571
13973	C	0.4643
13974	G	0.4643
13975	A	0.3571
13976	T	0.3571
13977	G	0.3929
13978	T	0.2857
13979	C	0.3571
13980	G	0.2857
13981	C	0.3571
13982	A	0.3214
13983	G	0.4643
13984	A	0.3571
13985	A	0.3571
13986	C	0.2857
13987	T	0.3929
13988	T	0.2857
13989	G	0.3571
13990	G	0.4286
13991	T	0.3214
13992	C	0.3929
13993	G	0.3929
13994	T	0.3929
13995	G	0.3571
13996	T	0.3929
13997	G	0.2857
13998	T	0.3571
13999	T	0.3929
14000	C	0.3571
14001	G	0.4643
14002	A	0.3929
14003	T	0.5000
14004	T	0.3571
14005	A	0.3929
14006	G	0.4286
14007	G	0.2857
14008	A	0.3571
14009	G	0.4286
14010	C	0.4286
14011	T	0.4643
14012	G	0.5714
14013	G	0.3571
14014	G	0.3214
14015	A	0.3571
14016	A	0.4286
14017	T	0.4286
14018	A	0.3929
14019	G	0.2857
14020	C	0.3929
14021	A	0.4286
14022	T	0.3571
14023	C	0.4643
14024	A	0.3929
14025	C	0.3571
14026	G	0.3214
14027	T	0.3214
14028	T	0.3929
14029	C	0.3571
14030	C	0.3214
14031	A	0.4643
14032	T	0.3571
14033	T	0.3214
14034	C	0.3214
14035	A	0.3571
14036	A	0.5000
14037	T	0.3571
14038	T	0.3214
14039	C	0.4286
14040	C	0.3214
14041	A	0.4643
14042	C	0.4286
14043	G	0.3571
14044	A	0.3571
14045	T	0.3929
14046	G	0.3214
14047	T	0.4643
14048	C	0.3929
14049	A	0.3929
14050	C	0.2857
14051	A	0.3214
14052	A	0.2500
14053	A	0.4286
14054	G	0.3571
14055	A	0.3214
14056	G	0.3214
14057	A	0.3214
14058	C	0.3929
14059	G	0.3571
14060	A	0.2857
14061	T	0.4286
14062	C	0.3214
14063	A	0.3214
14064	G	0.3571
14065	A	0.3571
14066	C	0.2500
14067	A	0.2857
14068	T	0.2857
14069	G	0.4643
14070	C	0.3214
14071	A	0.3929
14072	T	0.3214
14073	A	0.3214
14074	C	0.3571
14075	C	0.3704
14076	C	0.2963
14077	C	0.4074
14078	T	0.3704
14079	T	0.4074
14080	G	0.4074
14081	G	0.3704
14082	T	0.3333
14083	A	0.4074
14084	A	0.4444
14085	T	0.3704
14086	T	0.4444
14087	A	0.4074
14088	A	0.3333
14089	T	0.3704
14090	C	0.4074
14091	G	0.4074
14092	C	0.3704
14093	C	0.3333
14094	C	0.3333
14095	C	0.3704
14096	A	0.2963
14097	G	0.4444
14098	T	0.3704
14099	G	0.3333
14100	A	0.4074
14101	A	0.3333
14102	C	0.3704
14103	A	0.4074
14104	G	0.2963
14105	A	0.3333
14106	C	0.4815
14107	A	0.4815
14108	G	0.4444
14109	C	0.3704
14110	G	0.3333
14111	T	0.5185
14112	T	0.3333
14113	A	0.3333
14114	T	0.3704
14115	T	0.3704
14116	T	0.3704
14117	G	0.3704
14118	G	0.3704
14119	A	0.5185
14120	A	0.4444
14121	G	0.3333
14122	G	0.3704
14123	A	0.3704
14124	T	0.2963
14125	G	0.4444
14126	G	0.2963
14127	A	0.3704
14128	C	0.4074
14129	A	0.2963
14130	G	0.4074
14131	C	0.3333
14132	A	0.3333
14133	G	0.3704
14134	C	0.3704
14135	G	0.2963
14136	C	0.4444
14137	A	0.3333
14138	C	0.4444
14139	G	0.2963
14140	G	0.5185
14141	C	0.4444
14142	A	0.3704
14143	G	0.4444
14144	G	0.3333
14145	G	0.3333
14146	A	0.4815
14147	C	0.3333
14148	T	0.4074
14149	C	0.3333
14150	A	0.3704
14151	G	0.2963
14152	T	0.5185
14153	A	0.3704
14154	T	0.3704
14155	C	0.4815
14156	G	0.4074
14157	A	0.4815
14158	G	0.3333
14159	A	0.3704
14160	A	0.2963
14161	A	0.4074
14162	A	0.3704
14163	A	0.4444
14164	C	0.4074
14165	T	0.4074
14166	A	0.3704
14167	C	0.4074
14168	C	0.4074
14169	T	0.3333
14170	G	0.4815
14171	A	0.4074
14172	A	0.2963
14173	C	0.4074
14174	G	0.3333
14175	A	0.5185
14176	T	0.3704
14177	C	0.3704
14178	A	0.4074
14179	T	0.3704
14180	C	0.4074
14181	G	0.2963
14182	C	0.3333
14183	G	0.3333
14184	A	0.4815
14185	C	0.4074
14186	G	0.3333
14187	A	0.4815
14188	C	0.4074
14189	C	0.3704
14190	G	0.4444
14191	G	0.3333
14192	T	0.3333
14193	T	0.2963
14194	G	0.3704
14195	T	0.4074
14196	A	0.3704
14197	T	0.2593
14198	G	0.3704
14199	G	0.4444
14200	T	0.3333
14201	G	0.3333
14202	A	0.3333
14203	A	0.4444
14204	A	0.4074
14205	G	0.2963
14206	A	0.3704
14207	C	0.4074
14208	T	0.4074
14209	C	0.3333
14210	G	0.3333
14211	C	0.3704
14212	C	0.4074
14213	A	0.3333
14214	A	0.4815
14215	C	0.4074
14216	A	0.4444
14217	A	0.4074
14218	T	0.4074
14219	G	0.3333
14220	A	0.5185
14221	G	0.4444
14222	C	0.3333
14223	A	0.4444
14224	A	0.4444
14225	A	0.3333
14226	A	0.4074
14227	A	0.4074
14228	T	0.4074
14229	A	0.4074
14230	G	0.4074
14231	C	0.3704
14232	A	0.4444
14233	C	0.3704
14234	C	0.4815
14235	T	0.4074
14236	G	0.4815
14237	A	0.4074
14238	G	0.4074
14239	A	0.3704
14240	A	0.4444
14241	A	0.3704
14242	A	0.4074
14243	T	0.4074
14244	C	0.3333
14245	A	0.5185
14246	C	0.3704
14247	G	0.3704
14248	A	0.4444
14249	G	0.4815
14250	G	0.3333
14251	T	0.4074
14252	A	0.3333
14253	T	0.4074
14254	A	0.4444
14255	A	0.4074
14256	T	0.3333
14257	A	0.4074
14258	A	0.4444
14259	T	0.3333
14260	T	0.3704
14261	T	0.3333
14262	A	0.3704
14263	C	0.4074
14264	T	0.4074
14265	A	0.4444
14266	A	0.3333
14267	A	0.5185
14268	A	0.3704
14269	A	0.4444
14270	A	0.4815
14271	A	0.3333
14272	G	0.4815
14273	G	0.3333
14274	A	0.3333
14275	G	0.3333
14276	A	0.4074
14277	A	0.4074
14278	A	0.5185
14279	G	0.3704
14280	C	0.4074
14281	T	0.2963
14282	T	0.4074
14283	A	0.2963
14284	T	0.5185
14285	G	0.4444
14286	T	0.3333
14287	A	0.4074
14288	A	0.3333
14289	G	0.4074
14290	A	0.4074
14291	G	0.2963
14292	G	0.4074
14293	G	0.5556
14294	G	0.3704
14295	T	0.3333
14296	G	0.3704
14297	C	0.3333
14298	A	0.4074
14299	G	0.3333
14300	C	0.3704
14301	A	0.4074
14302	G	0.4444
14303	C	0.3333
14304	A	0.4074
14305	A	0.3333
14306	C	0.2963
14307	G	0.2963
14308	C	0.3704
14309	G	0.3333
14310	A	0.3333
14311	C	0.3704
14312	G	0.3333
14313	A	0.2963
14314	T	0.3704
14315	C	0.3704
14316	A	0.3333
14317	T	0.2963
14318	T	0.3704
14319	A	0.3333
14320	T	0.3333
14321	C	0.2963
14322	A	0.3704
14323	G	0.3704
14324	C	0.4074
14325	T	0.4074
14326	A	0.3333
14327	C	0.4074
14328	C	0.3333
14329	G	0.3333
14330	T	0.2963
14331	G	0.3333
14332	C	0.3704
14333	G	0.4444
14334	A	0.3704
14335	T	0.3333
14336	G	0.4074
14337	T	0.4815
14338	A	0.4074
14339	G	0.3333
14340	T	0.3333
14341	C	0.3333
14342	G	0.5926
14343	C	0.3333
14344	T	0.4074
14345	T	0.4074
14346	T	0.3333
14347	A	0.3333
14348	A	0.2963
14349	A	0.3704
14350	C	0.3704
14351	A	0.3333
14352	G	0.4074
14353	T	0.4444
14354	C	0.4815
14355	G	0.4444
14356	T	0.5185
14357	G	0.3333
14358	A	0.4815
14359	T	0.4074
14360	G	0.4444
14361	G	0.3333
14362	A	0.3704
14363	G	0.4444
14364	A	0.4815
14365	G	0.4074
14366	T	0.2963
14367	A	0.4444
14368	G	0.4074
14369	C	0.2593
14370	G	0.4444
14371	A	0.4444
14372	A	0.3704
14373	C	0.2593
14374	G	0.3704
14375	A	0.4444
14376	T	0.3333
14377	T	0.3333
14378	G	0.3704
14379	A	0.3704
14380	A	0.3704
14381	G	0.3333
14382	T	0.4074
14383	G	0.4815
14384	A	0.3333
14385	A	0.2963
14386	A	0.3333
14387	A	0.2963
14388	G	0.4815
14389	A	0.3704
14390	G	0.3333
14391	A	0.3333
14392	T	0.3704
14393	G	0.3704
14394	C	0.2963
14395	C	0.4074
14396	C	0.4074
14397	G	0.4074
14398	A	0.2963
14399	G	0.3704
14400	G	0.4815
14401	G	0.4444
14402	C	0.4074
14403	A	0.2593
14404	A	0.2963
14405	A	0.3333
14406	G	0.4074
14407	T	0.4815
14408	G	0.4444
14409	T	0.2963
14410	A	0.3333
14411	A	0.3333
14412	T	0.4074
14413	A	0.3704
14414	T	0.4815
14415	G	0.3704
14416	A	0.3704
14417	T	0.3636
14418	T	0.4545
14419	C	0.3182
14420	C	0.3636
14421	G	0.3182
14422	G	0.3636
14423	G	0.3636
14424	A	0.4091
14425	G	0.3636
14426	C	0.3636
14427	C	0.3182
14428	A	0.3636
14429	A	0.4091
14430	C	0.3182
14431	T	0.3182
14432	G	0.3636
14433	T	0.4091
14434	T	0.3636
14435	A	0.4091
14436	G	0.3636
14437	G	0.4545
14438	A	0.2727
14439	G	0.5000
14440	A	0.3636
14441	A	0.3636
14442	T	0.2727
14443	T	0.5000
14444	G	0.4091
14445	T	0.3636
14446	T	0.3182
14447	G	0.3636
14448	G	0.5000
14449	A	0.3636
14450	T	0.5000
14451	G	0.4545
14452	A	0.4091
14453	C	0.3636
14454	G	0.3636
14455	G	0.3636
14456	A	0.3636
14457	G	0.3182
14458	T	0.3636
14459	A	0.3636
14460	T	0.3182
14461	T	0.3636
14462	T	0.3636
14463	G	0.3636
14464	G	0.3636
14465	A	0.3182
14466	G	0.4091
14467	A	0.4545
14468	T	0.3182
14469	G	0.2727
14470	T	0.3636
14471	T	0.4091
14472	C	0.4091
14473	A	0.4545
14474	C	0.3636
14475	A	0.2727
14476	T	0.3182
14477	T	0.2727
14478	A	0.3182
14479	A	0.3636
14480	A	0.3636
14481	A	0.4545
14482	A	0.3182
14483	C	0.4545
14484	A	0.5000
14485	T	0.3636
14486	A	0.3182
14487	A	0.6364
14488	A	0.3636
14489	A	0.3636
14490	G	0.3636
14491	T	0.3636
14492	A	0.2727
14493	C	0.3636
14494	G	0.3182
14495	G	0.4091
14496	G	0.4545
14497	G	0.3636
14498	A	0.4091
14499	G	0.4091
14500	A	0.3636
14501	T	0.3636
14502	G	0.3636
14503	T	0.4091
14504	G	0.3182
14505	G	0.3636
14506	T	0.3636
14507	A	0.4091
14508	A	0.3182
14509	T	0.4091
14510	T	0.3636
14511	A	0.3182
14512	T	0.3182
14513	T	0.4091
14514	G	0.3182
14515	A	0.4545
14516	A	0.4091
14517	A	0.3182
14518	A	0.3636
14519	C	0.4091
14520	T	0.3636
14521	A	0.3182
14522	C	0.3636
14523	G	0.4545
14524	T	0.2727
14525	A	0.3636
14526	A	0.4091
14527	G	0.3636
14528	A	0.2727
14529	G	0.3182
14530	T	0.3182
14531	T	0.3182
14532	G	0.3636
14533	T	0.4091
14534	C	0.3182
14535	C	0.2727
14536	C	0.5000
14537	T	0.3636
14538	C	0.4545
14539	T	0.3636
14540	T	0.3182
14541	A	0.4091
14542	A	0.3182
14543	A	0.4091
14544	T	0.3636
14545	T	0.2727
14546	T	0.3636
14547	A	0.3182
14548	T	0.3182
14549	G	0.4091
14550	A	0.4091
14551	G	0.4091
14552	A	0.4091
14553	A	0.4091
14554	A	0.3636
14555	C	0.3636
14556	G	0.3636
14557	A	0.4091
14558	G	0.5000
14559	A	0.3182
14560	G	0.3636
14561	A	0.4091
14562	A	0.4091
14563	G	0.3636
14564	T	0.3182
14565	G	0.4091
14566	A	0.3636
14567	C	0.3810
14568	A	0.3810
14569	T	0.3333
14570	C	0.3333
14571	A	0.3333
14572	A	0.3810
14573	A	0.3810
14574	A	0.4762
14575	T	0.3810
14576	T	0.4762
14577	G	0.2857
14578	A	0.3810
14579	C	0.2857
14580	A	0.3333
14581	G	0.3810
14582	G	0.2857
14583	A	0.3810
14584	T	0.4762
14585	C	0.2857
14586	A	0.4286
14587	A	0.4286
14588	A	0.4286
14589	A	0.3333
14590	C	0.3810
14591	C	0.2857
14592	A	0.3333
14593	A	0.4286
14594	T	0.3333
14595	A	0.3333
14596	G	0.3333
14597	A	0.2857
14598	C	0.3000
14599	G	0.3500
14600	C	0.3500
14601	G	0.4000
14602	T	0.3500
14603	A	0.3500
14604	A	0.4000
14605	G	0.3000
14606	T	0.3500
14607	T	0.3500
14608	C	0.5000
14609	G	0.3500
14610	G	0.3500
14611	C	0.3000
14612	C	0.3500
14613	A	0.3000
14614	T	0.4500
14615	T	0.3500
14616	A	0.3500
14617	A	0.3000
14618	G	0.3500
14619	G	0.3500
14620	G	0.3500
14621	A	0.3000
14622	A	0.5500
14623	T	0.4000
14624	A	0.3000
14625	A	0.3500
14626	G	0.3500
14627	G	0.3500
14628	T	0.3500
14629	G	0.3500
14630	C	0.3500
14631	A	0.3500
14632	G	0.4000
14633	T	0.2500
14634	A	0.3500
14635	A	0.3000
14636	T	0.3500
14637	A	0.3500
14638	T	0.3500
14639	A	0.3000
14640	A	0.3500
14641	A	0.4500
14642	T	0.4000
14643	T	0.4500
14644	T	0.3500
14645	T	0.3000
14646	A	0.3158
14647	C	0.4737
14648	T	0.4737
14649	C	0.3158
14650	C	0.2632
14651	C	0.3158
14652	A	0.3158
14653	C	0.3684
14654	T	0.3158
14655	A	0.4737
14656	A	0.3158
14657	A	0.3158
14658	G	0.3684
14659	C	0.3158
14660	A	0.3684
14661	A	0.3684
14662	C	0.3158
14663	G	0.3158
14664	T	0.4211
14665	G	0.3684
14666	C	0.3684
14667	A	0.3158
14668	T	0.4211
14669	T	0.4737
14670	G	0.2632
14671	C	0.3684
14672	T	0.3158
14673	G	0.4737
14674	T	0.4737
14675	A	0.3684
14676	A	0.4211
14677	G	0.5789
14678	A	0.4211
14679	A	0.4211
14680	C	0.3158
14681	T	0.3158
14682	G	0.3684
14683	G	0.4211
14684	A	0.3158
14685	C	0.4737
14686	T	0.4211
14687	A	0.3158
14688	C	0.3158
14689	A	0.3158
14690	G	0.3684
14691	C	0.3684
14692	T	0.4211
14693	G	0.3684
14694	C	0.4737
14695	G	0.3158
14696	G	0.3158
14697	G	0.4211
14698	A	0.4211
14699	T	0.3684
14700	A	0.4737
14701	T	0.3684
14702	A	0.4211
14703	A	0.3158
14704	G	0.3158
14705	C	0.3158
14706	C	0.2632
14707	C	0.3684
14708	A	0.3684
14709	A	0.3684
14710	A	0.4737
14711	C	0.4737
14712	C	0.3158
14713	T	0.5263
14714	A	0.3684
14715	T	0.4737
14716	A	0.3158
14717	A	0.3158
14718	A	0.2632
14719	T	0.3684
14720	G	0.2632
14721	C	0.3158
14722	G	0.4211
14723	G	0.2632
14724	A	0.3684
14725	G	0.3158
14726	A	0.3158
14727	G	0.3684
14728	T	0.3158
14729	T	0.3158
14730	T	0.4737
14731	A	0.3158
14732	T	0.3684
14733	G	0.2632
14734	G	0.3158
14735	T	0.3684
14736	A	0.3684
14737	C	0.3158
14738	A	0.3158
14739	G	0.3158
14740	C	0.2632
14741	C	0.2632
14742	A	0.2632
14743	A	0.3684
14744	G	0.4737
14745	A	0.4737
14746	T	0.3158
14747	T	0.3158
14748	T	0.3158
14749	T	0.3684
14750	C	0.3158
14751	C	0.3158
14752	T	0.4444
14753	T	0.5000
14754	T	0.3889
14755	A	0.3333
14756	A	0.4444
14757	C	0.3333
14758	G	0.4444
14759	A	0.4444
14760	C	0.3333
14761	T	0.3889
14762	G	0.2778
14763	T	0.3333
14764	G	0.3333
14765	G	0.3333
14766	G	0.3333
14767	A	0.3889
14768	A	0.3333
14769	A	0.3889
14770	A	0.5000
14771	A	0.4444
14772	A	0.2778
14773	T	0.3333
14774	T	0.3333
14775	G	0.4444
14776	T	0.4444
14777	T	0.5000
14778	C	0.3333
14779	G	0.3889
14780	A	0.3333
14781	A	0.5000
14782	T	0.3889
14783	T	0.4444
14784	C	0.3333
14785	G	0.3889
14786	C	0.3889
14787	C	0.3333
14788	T	0.3333
14789	G	0.3333
14790	A	0.3889
14791	A	0.3889
14792	T	0.2778
14793	G	0.3333
14794	A	0.4444
14795	G	0.3889
14796	T	0.4444
14797	G	0.5000
14798	A	0.3889
14799	G	0.3333
14800	A	0.3333
14801	C	0.3889
14802	A	0.3889
14803	T	0.3333
14804	C	0.3889
14805	A	0.3333
14806	T	0.4444
14807	T	0.3889
14808	A	0.3333
14809	A	0.3889
14810	T	0.5000
14811	G	0.4444
14812	G	0.3889
14813	A	0.6667
14814	A	0.3333
14815	A	0.6111
14816	T	0.3333
14817	T	0.3889
14818	T	0.3889
14819	G	0.3333
14820	C	0.2778
14821	A	0.3333
14822	T	0.3889
14823	A	0.3889
14824	G	0.3889
14825	A	0.3889
14826	A	0.2778
14827	A	0.3889
14828	T	0.3889
14829	C	0.4444
14830	T	0.5000
14831	A	0.3889
14832	C	0.3889
14833	A	0.3889
14834	G	0.3333
14835	A	0.3889
14836	C	0.3333
14837	A	0.3333
14838	A	0.4444
14839	G	0.3889
14840	A	0.3889
14841	C	0.2778
14842	T	0.3889
14843	T	0.3889
14844	G	0.3889
14845	A	0.4444
14846	A	0.3889
14847	T	0.3333
14848	A	0.2778
14849	C	0.2778
14850	C	0.5000
14851	T	0.2778
14852	G	0.5000
14853	C	0.3333
14854	G	0.3889
14855	G	0.2778
14856	T	0.2778
14857	A	0.4444
14858	A	0.3889
14859	T	0.4444
14860	G	0.3333
14861	T	0.3333
14862	A	0.4444
14863	C	0.3889
14864	T	0.2778
14865	A	0.3333
14866	T	0.3889
14867	A	0.4444
14868	T	0.3333
14869	A	0.4444
14870	C	0.3889
14871	C	0.4444
14872	A	0.3333
14873	A	0.3889
14874	T	0.4444
14875	A	0.4444
14876	A	0.3333
14877	G	0.3333
14878	T	0.3333
14879	T	0.4444
14880	T	0.3333
14881	C	0.3333
14882	C	0.4444
14883	G	0.3333
14884	G	0.3889
14885	C	0.3333
14886	G	0.4444
14887	A	0.3889
14888	C	0.3333
14889	T	0.3333
14890	G	0.5000
14891	A	0.3333
14892	T	0.5000
14893	T	0.3333
14894	T	0.3889
14895	T	0.3333
14896	G	0.4444
14897	G	0.4444
14898	G	0.3333
14899	A	0.4444
14900	C	0.3333
14901	A	0.3333
14902	C	0.3333
14903	T	0.3333
14904	G	0.3333
14905	T	0.3333
14906	T	0.3333
14907	C	0.3333
14908	C	0.3333
14909	A	0.3889
14910	A	0.2778
14911	C	0.2778
14912	T	0.4444
14913	T	0.3333
14914	A	0.3333
14915	C	0.3333
14916	G	0.3889
14917	C	0.3889
14918	A	0.5000
14919	G	0.3333
14920	T	0.4444
14921	A	0.4444
14922	T	0.3333
14923	A	0.4444
14924	A	0.3333
14925	C	0.3889
14926	A	0.4444
14927	C	0.3889
14928	T	0.3333
14929	G	0.5000
14930	C	0.3333
14931	T	0.3889
14932	A	0.3889
14933	C	0.3889
14934	C	0.4444
14935	G	0.3333
14936	C	0.4444
14937	T	0.3889
14938	A	0.4444
14939	G	0.3889
14940	C	0.2778
14941	G	0.5000
14942	T	0.3333
14943	A	0.3889
14944	C	0.3333
14945	A	0.4444
14946	T	0.5000
14947	G	0.5000
14948	C	0.2778
14949	A	0.4444
14950	T	0.5000
14951	A	0.3889
14952	A	0.3333
14953	G	0.3889
14954	G	0.2778
14955	A	0.3889
14956	T	0.3333
14957	T	0.3333
14958	T	0.4444
14959	A	0.3333
14960	A	0.3333
14961	G	0.3889
14962	C	0.2778
14963	G	0.3333
14964	T	0.3333
14965	G	0.3333
14966	T	0.3333
14967	C	0.3889
14968	G	0.4444
14969	A	0.3333
14970	G	0.4444
14971	G	0.3333
14972	G	0.3889
14973	A	0.3889
14974	T	0.5000
14975	A	0.4444
14976	T	0.3889
14977	A	0.3333
14978	G	0.3333
14979	A	0.4444
14980	G	0.3889
14981	G	0.3889
14982	G	0.3333
14983	T	0.5000
14984	C	0.4444
14985	A	0.3333
14986	A	0.4444
14987	C	0.3333
14988	T	0.3889
14989	T	0.3333
14990	A	0.3333
14991	C	0.3333
14992	A	0.3333
14993	T	0.4706
14994	A	0.2941
14995	A	0.2941
14996	G	0.3529
14997	A	0.2941
14998	G	0.3529
14999	A	0.4118
15000	G	0.5294
15001	C	0.2941
15002	G	0.2941
15003	T	0.2941
15004	T	0.2941
15005	T	0.4118
15006	C	0.5294
15007	G	0.4706
15008	A	0.3529
15009	T	0.4706
15010	G	0.4706
15011	C	0.4706
15012	G	0.3529
15013	G	0.4118
15014	T	0.3529
15015	A	0.3529
15016	A	0.3529
15017	T	0.4706
15018	G	0.3529
15019	A	0.3529
15020	C	0.4118
15021	A	0.3529
15022	T	0.4706
15023	A	0.3529
15024	C	0.2941
15025	C	0.3529
15026	C	0.2941
15027	T	0.4706
15028	A	0.3529
15029	A	0.4118
15030	G	0.3529
15031	C	0.2941
15032	G	0.3529
15033	A	0.5294
15034	G	0.4118
15035	C	0.5294
15036	G	0.3529
15037	C	0.4118
15038	T	0.4118
15039	G	0.4118
15040	T	0.3529
15041	A	0.3529
15042	A	0.3529
15043	A	0.5294
15044	T	0.4706
15045	A	0.2941
15046	T	0.3529
15047	T	0.4118
15048	C	0.3529
15049	G	0.4706
15050	G	0.4118
15051	T	0.4118
15052	A	0.3529
15053	G	0.5294
15054	G	0.3529
15055	A	0.3750
15056	T	0.3750
15057	A	0.5000
15058	T	0.4375
15059	T	0.3750
15060	A	0.3125
15061	G	0.3750
15062	C	0.5000
15063	G	0.3750
15064	G	0.3750
15065	G	0.3750
15066	A	0.5625
15067	T	0.3750
15068	A	0.4375
15069	A	0.3750
15070	C	0.3125
15071	G	0.3750
15072	T	0.4375
15073	T	0.4375
15074	C	0.3125
15075	G	0.3750
15076	T	0.5000
15077	C	0.3125
15078	T	0.3125
15079	A	0.3750
15080	T	0.3750
15081	A	0.4375
15082	G	0.3750
15083	A	0.3125
15084	G	0.4375
15085	T	0.3125
15086	C	0.3125
15087	G	0.3750
15088	C	0.5000
15089	C	0.3125
15090	A	0.4375
15091	T	0.3750
15092	G	0.4375
15093	G	0.3125
15094	G	0.3750
15095	T	0.3125
15096	A	0.3125
15097	T	0.3750
15098	T	0.3750
15099	T	0.4375
15100	G	0.3750
15101	C	0.3750
15102	A	0.4375
15103	A	0.3750
15104	T	0.3125
15105	G	0.3750
15106	C	0.3125
15107	A	0.3750
15108	G	0.3750
15109	G	0.3125
15110	A	0.3125
15111	C	0.3750
15112	C	0.3125
15113	C	0.4375
15114	T	0.3750
15115	T	0.3750
15116	G	0.3750
15117	C	0.3125
15118	T	0.3750
15119	G	0.3750
15120	C	0.3750
15121	T	0.3125
15122	G	0.3750
15123	T	0.4375
15124	G	0.4375
15125	C	0.3750
15126	A	0.4375
15127	A	0.3750
15128	T	0.4375
15129	C	0.3750
15130	T	0.3125
15131	C	0.5625
15132	T	0.5000
15133	G	0.3750
15134	A	0.3750
15135	C	0.5000
15136	A	0.3750
15137	A	0.3125
15138	A	0.3125
15139	T	0.3750
15140	C	0.3750
15141	A	0.3125
15142	A	0.3750
15143	T	0.3750
15144	C	0.3125
15145	A	0.5000
15146	C	0.3750
15147	A	0.3125
15148	T	0.3750
15149	A	0.5000
15150	C	0.4375
15151	T	0.5000
15152	C	0.3125
15153	G	0.3750
15154	T	0.3750
15155	G	0.3750
15156	G	0.3750
15157	T	0.3125
15158	T	0.3125
15159	G	0.3750
15160	T	0.3750
15161	A	0.4375
15162	T	0.3125
15163	A	0.5000
15164	G	0.4375
15165	T	0.3750
15166	A	0.3750
15167	T	0.4375
15168	T	0.3125
15169	T	0.3750
15170	G	0.3750
15171	G	0.3125
15172	A	0.3750
15173	A	0.3750
15174	C	0.3125
15175	A	0.3750
15176	G	0.5000
15177	T	0.5000
15178	T	0.3125
15179	T	0.3125
15180	T	0.3125
15181	G	0.3125
15182	G	0.3125
15183	C	0.3125
15184	A	0.3125
15185	G	0.3750
15186	C	0.3750
15187	G	0.4375
15188	C	0.3125
15189	C	0.3750
15190	C	0.3750
15191	A	0.4375
15192	G	0.4375
15193	A	0.3125
15194	G	0.5000
15195	A	0.5000
15196	A	0.3750
15197	G	0.3750
15198	T	0.3750
15199	A	0.3750
15200	T	0.3750
15201	C	0.3750
15202	A	0.3750
15203	G	0.3750
15204	C	0.3125
15205	G	0.4375
15206	G	0.3125
15207	A	0.3750
15208	T	0.3125
15209	T	0.3750
15210	G	0.3125
15211	T	0.3125
15212	T	0.3125
15213	A	0.4375
15214	A	0.3750
15215	T	0.3125
15216	T	0.3750
15217	A	0.5625
15218	G	0.3750
15219	A	0.4375
15220	G	0.3750
15221	G	0.5000
15222	A	0.5000
15223	A	0.5625
15224	A	0.3125
15225	G	0.3750
15226	C	0.5000
15227	A	0.3750
15228	G	0.5000
15229	T	0.5000
15230	C	0.4375
15231	A	0.4375
15232	A	0.3125
15233	G	0.3750
15234	C	0.3750
15235	A	0.5000
15236	T	0.3125
15237	A	0.3125
15238	T	0.3750
15239	A	0.3125
15240	T	0.3125
15241	T	0.3125
15242	A	0.4375
15243	C	0.3125
15244	A	0.2500
15245	G	0.3125
15246	A	0.3125
15247	T	0.3750
15248	T	0.3750
15249	T	0.5000
15250	C	0.3750
15251	G	0.3750
15252	A	0.3125
15253	A	0.4375
15254	G	0.3125
15255	A	0.3750
15256	G	0.4375
15257	A	0.3125
15258	T	0.3125
15259	T	0.3750
15260	A	0.3750
15261	T	0.3750
15262	T	0.3125
15263	A	0.3750
15264	A	0.3125
15265	C	0.3125
15266	C	0.3750
15267	A	0.3750
15268	A	0.3750
15269	A	0.5625
15270	A	0.3125
15271	A	0.3125
15272	A	0.3125
15273	T	0.3125
15274	G	0.3125
15275	A	0.3750
15276	G	0.3125
15277	A	0.4375
15278	A	0.4375
15279	A	0.3750
15280	G	0.3125
15281	C	0.3125
15282	G	0.2500
15283	A	0.3750
15284	A	0.3125
15285	A	0.5000
15286	T	0.3750
15287	T	0.3750
15288	C	0.4375
15289	A	0.3125
15290	G	0.5000
15291	T	0.3750
15292	C	0.4375
15293	T	0.4375
15294	T	0.3750
15295	T	0.3750
15296	T	0.2500
15297	C	0.3750
15298	T	0.3750
15299	C	0.3333
15300	G	0.3333
15301	G	0.3333
15302	T	0.4000
15303	C	0.4667
15304	A	0.3333
15305	T	0.4000
15306	T	0.3333
15307	G	0.3333
15308	A	0.4000
15309	A	0.3333
15310	C	0.2667
15311	A	0.2667
15312	A	0.3333
15313	G	0.3333
15314	G	0.3333
15315	A	0.5333
15316	C	0.4000
15317	T	0.2667
15318	G	0.5333
15319	G	0.3333
15320	G	0.4000
15321	G	0.2667
15322	G	0.4000
15323	T	0.3333
15324	G	0.2667
15325	T	0.3333
15326	A	0.4000
15327	A	0.3333
15328	C	0.3333
15329	A	0.3333
15330	G	0.4000
15331	G	0.3333
15332	A	0.3333
15333	A	0.3333
15334	T	0.5333
15335	T	0.4000
15336	T	0.4667
15337	T	0.3333
15338	A	0.4000
15339	C	0.4000
15340	A	0.4667
15341	A	0.4000
15342	T	0.4667
15343	T	0.3333
15344	G	0.2667
15345	T	0.3333
15346	A	0.4000
15347	A	0.3333
15348	C	0.4000
15349	A	0.3333
15350	A	0.4000
15351	A	0.2667
15352	T	0.4667
15353	T	0.4667
15354	T	0.5333
15355	G	0.3333
15356	G	0.3333
15357	T	0.3333
15358	A	0.4667
15359	G	0.4000
15360	G	0.4667
15361	A	0.3333
15362	G	0.4667
15363	A	0.4000
15364	C	0.3333
15365	G	0.4667
15366	T	0.3333
15367	A	0.4667
15368	G	0.4667
15369	C	0.4667
15370	C	0.5333
15371	G	0.3333
15372	C	0.6000
15373	A	0.3333
15374	T	0.4667
15375	C	0.3333
15376	T	0.2667
15377	T	0.4000
15378	T	0.4667
15379	T	0.4667
15380	C	0.4667
15381	A	0.3333
15382	G	0.6000
15383	C	0.2667
15384	C	0.3333
15385	G	0.4000
15386	G	0.4000
15387	G	0.5333
15388	G	0.3333
15389	T	0.3333
15390	C	0.3333
15391	G	0.3333
15392	A	0.3333
15393	T	0.4000
15394	T	0.2667
15395	G	0.4000
15396	G	0.4000
15397	T	0.4000
15398	T	0.3333
15399	T	0.4000
15400	C	0.3333
15401	A	0.4667
15402	T	0.5333
15403	C	0.4667
15404	G	0.4000
15405	G	0.5333
15406	C	0.3333
15407	C	0.3333
15408	T	0.4000
15409	C	0.4667
15410	T	0.4000
15411	G	0.4000
15412	C	0.3333
15413	A	0.4667
15414	T	0.3333
15415	C	0.4000
15416	A	0.3333
15417	T	0.4667
15418	G	0.4667
15419	T	0.4667
15420	C	0.4000
15421	T	0.4000
15422	T	0.5333
15423	A	0.2667
15424	C	0.4000
15425	A	0.4667
15426	C	0.4000
15427	A	0.3333
15428	A	0.3333
15429	T	0.4000
15430	A	0.4000
15431	A	0.4000
15432	A	0.4667
15433	T	0.4000
15434	A	0.2667
15435	A	0.4667
15436	T	0.5333
15437	T	0.3333
15438	A	0.4667
15439	A	0.4000
15440	T	0.4667
15441	G	0.4000
15442	A	0.5333
15443	G	0.3333
15444	C	0.6000
15445	C	0.4000
15446	A	0.4000
15447	A	0.3333
15448	T	0.4000
15449	T	0.4667
15450	T	0.4667
15451	G	0.3333
15452	C	0.3333
15453	C	0.3333
15454	A	0.2667
15455	G	0.3333
15456	G	0.3333
15457	G	0.3333
15458	T	0.3333
15459	G	0.4000
15460	G	0.4667
15461	A	0.3333
15462	T	0.4000
15463	G	0.2667
15464	T	0.4000
15465	A	0.3333
15466	A	0.4000
15467	T	0.3333
15468	A	0.4000
15469	A	0.3333
15470	T	0.4667
15471	T	0.3333
15472	A	0.3333
15473	A	0.5333
15474	G	0.4000
15475	A	0.4667
15476	A	0.4000
15477	T	0.3333
15478	T	0.4667
15479	G	0.5333
15480	T	0.3333
15481	T	0.4000
15482	T	0.4000
15483	A	0.4000
15484	A	0.5333
15485	G	0.3333
15486	A	0.4000
15487	A	0.4000
15488	T	0.3333
15489	T	0.4000
15490	A	0.4000
15491	A	0.4000
15492	G	0.2667
15493	C	0.3333
15494	A	0.4000
15495	T	0.4000
15496	A	0.4000
15497	C	0.3333
15498	A	0.3333
15499	C	0.4667
15500	C	0.4000
15501	A	0.5333
15502	A	0.5333
15503	C	0.4000
15504	T	0.4000
15505	A	0.3333
15506	A	0.4667
15507	A	0.5333
15508	C	0.4000
15509	A	0.4000
15510	G	0.3333
15511	T	0.3333
15512	T	0.4000
15513	C	0.3333
15514	A	0.4000
15515	A	0.3333
15516	A	0.4667
15517	A	0.4667
15518	C	0.4000
15519	A	0.4667
15520	T	0.4667
15521	C	0.3333
15522	C	0.3333
15523	G	0.3333
15524	A	0.2667
15525	T	0.4000
15526	A	0.4667
15527	C	0.4667
15528	G	0.3333
15529	G	0.3333
15530	A	0.3333
15531	A	0.4000
15532	T	0.4000
15533	A	0.4000
15534	C	0.3333
15535	T	0.4667
15536	C	0.2667
15537	A	0.3333
15538	A	0.4000
15539	C	0.3333
15540	G	0.4000
15541	G	0.3333
15542	G	0.3333
15543	T	0.4667
15544	A	0.3333
15545	T	0.4000
15546	A	0.4000
15547	G	0.3333
15548	G	0.3333
15549	A	0.2667
15550	A	0.4667
15551	C	0.4000
15552	C	0.3333
15553	A	0.3333
15554	A	0.4000
15555	T	0.4667
15556	T	0.2667
15557	A	0.4000
15558	A	0.3333
15559	G	0.3333
15560	A	0.3333
15561	T	0.4667
15562	G	0.3333
15563	T	0.3333
15564	T	0.3333
15565	A	0.3333
15566	G	0.3333
15567	A	0.3333
15568	A	0.4667
15569	G	0.4000
15570	A	0.4000
15571	A	0.3333
15572	C	0.4000
15573	G	0.2667
15574	T	0.4000
15575	G	0.4000
15576	C	0.4000
15577	A	0.3333
15578	G	0.4667
15579	G	0.5333
15580	A	0.3333
15581	A	0.4667
15582	T	0.4000
15583	T	0.4667
15584	T	0.3333
15585	T	0.3333
15586	A	0.3333
15587	T	0.4667
15588	A	0.3333
15589	T	0.4000
15590	G	0.4667
15591	A	0.3333
15592	C	0.4000
15593	C	0.4000
15594	A	0.4667
15595	T	0.3333
15596	A	0.4000
15597	A	0.3333
15598	C	0.4000
15599	A	0.4667
15600	T	0.4000
15601	T	0.4000
15602	T	0.4000
15603	G	0.4000
15604	A	0.3333
15605	T	0.3571
15606	G	0.3571
15607	A	0.2857
15608	C	0.4286
15609	A	0.3571
15610	A	0.5714
15611	C	0.3571
15612	A	0.3571
15613	G	0.3571
15614	T	0.5000
15615	G	0.6000
15616	C	0.4000
15617	G	0.4000
15618	G	0.4667
15619	T	0.4667
15620	A	0.5333
15621	C	0.4000
15622	T	0.3333
15623	G	0.3333
15624	G	0.3333
15625	C	0.3333
15626	T	0.3333
15627	G	0.3333
15628	T	0.4667
15629	A	0.4000
15630	T	0.3333
15631	T	0.4000
15632	G	0.3333
15633	G	0.2667
15634	A	0.3333
15635	T	0.3333
15636	T	0.3333
15637	G	0.4000
15638	C	0.2667
15639	T	0.5333
15640	T	0.3333
15641	T	0.4000
15642	T	0.4667
15643	G	0.4000
15644	A	0.4000
15645	G	0.4000
15646	C	0.3333
15647	T	0.4000
15648	A	0.5333
15649	G	0.4667
15650	G	0.4000
15651	A	0.3333
15652	A	0.4000
15653	A	0.4000
15654	T	0.4667
15655	G	0.4000
15656	A	0.4000
15657	G	0.4667
15658	C	0.4000
15659	C	0.3333
15660	T	0.3333
15661	T	0.3333
15662	C	0.4667
15663	T	0.4000
15664	T	0.4000
15665	C	0.4000
15666	G	0.4000
15667	G	0.3333
15668	A	0.4667
15669	A	0.3333
15670	A	0.3333
15671	C	0.3333
15672	C	0.4000
15673	G	0.4000
15674	C	0.3333
15675	A	0.5333
15676	G	0.3333
15677	C	0.3333
15678	A	0.4000
15679	A	0.3333
15680	T	0.4667
15681	A	0.3333
15682	C	0.6000
15683	A	0.4000
15684	G	0.4000
15685	A	0.3333
15686	A	0.4667
15687	A	0.3333
15688	A	0.4000
15689	T	0.4000
15690	G	0.3333
15691	A	0.4000
15692	T	0.6000
15693	T	0.4000
15694	A	0.4000
15695	A	0.3333
15696	A	0.4000
15697	T	0.4000
15698	T	0.4000
15699	C	0.3333
15700	G	0.2667
15701	G	0.5333
15702	G	0.5333
15703	A	0.3333
15704	A	0.4000
15705	A	0.4000
15706	G	0.3333
15707	G	0.3333
15708	T	0.6000
15709	A	0.2667
15710	G	0.3333
15711	T	0.3333
15712	C	0.3333
15713	C	0.4667
15714	T	0.4000
15715	A	0.4667
15716	A	0.4000
15717	A	0.4667
15718	G	0.4667
15719	A	0.4667
15720	G	0.3333
15721	C	0.3333
15722	A	0.3333
15723	G	0.4000
15724	G	0.4000
15725	T	0.4667
15726	G	0.3333
15727	G	0.4000
15728	C	0.5333
15729	T	0.4000
15730	G	0.5333
15731	A	0.4667
15732	G	0.4667
15733	T	0.5333
15734	C	0.3333
15735	G	0.3333
15736	G	0.4000
15737	T	0.4000
15738	G	0.3333
15739	G	0.4000
15740	G	0.3333
15741	A	0.5333
15742	G	0.4000
15743	G	0.4667
15744	G	0.2667
15745	T	0.3333
15746	G	0.3333
15747	T	0.3333
15748	A	0.3333
15749	G	0.3333
15750	T	0.5333
15751	T	0.3333
15752	G	0.3333
15753	T	0.3333
15754	A	0.4000
15755	T	0.4000
15756	G	0.3333
15757	C	0.4000
15758	C	0.4667
15759	A	0.4000
15760	T	0.4000
15761	A	0.2667
15762	A	0.3333
15763	G	0.4000
15764	G	0.3333
15765	G	0.4000
15766	A	0.4667
15767	T	0.3333
15768	C	0.3333
15769	G	0.4667
15770	C	0.4000
15771	G	0.4000
15772	G	0.4667
15773	T	0.3333
15774	A	0.3333
15775	G	0.3333
15776	G	0.5333
15777	A	0.3333
15778	A	0.3333
15779	G	0.3333
15780	G	0.4000
15781	G	0.4000
15782	A	0.3571
15783	G	0.2857
15784	G	0.2857
15785	C	0.3571
15786	T	0.3571
15787	T	0.3571
15788	C	0.4286
15789	A	0.5000
15790	T	0.2857
15791	C	0.4286
15792	G	0.3333
15793	A	0.3333
15794	T	0.4667
15795	T	0.3333
15796	T	0.4000
15797	C	0.3333
15798	C	0.3333
15799	A	0.4000
15800	T	0.4667
15801	G	0.5333
15802	A	0.3333
15803	T	0.4000
15804	G	0.4667
15805	T	0.3333
15806	C	0.3333
15807	A	0.4000
15808	A	0.5333
15809	C	0.3333
15810	G	0.4000
15811	G	0.4667
15812	A	0.4000
15813	G	0.3333
15814	A	0.2667
15815	T	0.4000
15816	C	0.3333
15817	T	0.3333
15818	C	0.4000
15819	G	0.4000
15820	A	0.4000
15821	A	0.3333
15822	A	0.4667
15823	G	0.4000
15824	A	0.4667
15825	C	0.3333
15826	A	0.3333
15827	A	0.2667
15828	G	0.3333
15829	G	0.4000
15830	T	0.4000
15831	C	0.4000
15832	A	0.4667
15833	G	0.4667
15834	T	0.3333
15835	T	0.4000
15836	A	0.4000
15837	A	0.4000
15838	G	0.3333
15839	T	0.3333
15840	T	0.3333
15841	C	0.3333
15842	A	0.5333
15843	G	0.4000
15844	C	0.3333
15845	T	0.3333
15846	T	0.3333
15847	A	0.3333
15848	G	0.3333
15849	A	0.4000
15850	G	0.2667
15851	T	0.3333
15852	T	0.3333
15853	G	0.4667
15854	A	0.2667
15855	C	0.4000
15856	A	0.3333
15857	G	0.4000
15858	A	0.3333
15859	A	0.5333
15860	C	0.5333
15861	A	0.6000
15862	G	0.4667
15863	G	0.4000
15864	A	0.3333
15865	T	0.4000
15866	G	0.3333
15867	A	0.4000
15868	G	0.5333
15869	G	0.3333
15870	A	0.4000
15871	A	0.3333
15872	A	0.4000
15873	G	0.3333
15874	A	0.3333
15875	G	0.3333
15876	A	0.3333
15877	A	0.3333
15878	T	0.4000
15879	T	0.4000
15880	A	0.3333
15881	A	0.5333
15882	G	0.2667
15883	G	0.3333
15884	G	0.4000
15885	G	0.4000
15886	A	0.4000
15887	C	0.3333
15888	G	0.6000
15889	A	0.6667
15890	A	0.4000
15891	A	0.4000
15892	T	0.3333
15893	A	0.4000
15894	A	0.3333
15895	G	0.4667
15896	T	0.4000
15897	A	0.4000
15898	A	0.4667
15899	G	0.3571
15900	T	0.4286
15901	C	0.2857
15902	A	0.5000
15903	G	0.3571
15904	A	0.3571
15905	T	0.2857
15906	G	0.2857
15907	T	0.3571
15908	C	0.3571
15909	A	0.5000
15910	C	0.4286
15911	C	0.2857
15912	T	0.3571
15913	T	0.3571
15914	T	0.3571
15915	C	0.3571
15916	T	0.3571
15917	A	0.3571
15918	C	0.3571
15919	C	0.3571
15920	C	0.4286
15921	A	0.5000
15922	A	0.2857
15923	G	0.4286
15924	A	0.4286
15925	G	0.2857
15926	A	0.4286
15927	T	0.4286
15928	T	0.3571
15929	C	0.4286
15930	T	0.3571
15931	G	0.5000
15932	A	0.5000
15933	G	0.4286
15934	T	0.5000
15935	T	0.3571
15936	C	0.4286
15937	G	0.4286
15938	C	0.5000
15939	C	0.3571
15940	G	0.2857
15941	G	0.4286
15942	G	0.3571
15943	C	0.4286
15944	G	0.4286
15945	A	0.3571
15946	T	0.3571
15947	C	0.5000
15948	G	0.5000
15949	A	0.5000
15950	T	0.3571
15951	C	0.4286
15952	G	0.4286
15953	C	0.4286
15954	C	0.4286
15955	A	0.2857
15956	T	0.3571
15957	A	0.3571
15958	T	0.2857
15959	A	0.5000
15960	G	0.4286
15961	T	0.4286
15962	T	0.4286
15963	T	0.4286
15964	A	0.3571
15965	C	0.5000
15966	G	0.4286
15967	C	0.2857
15968	A	0.3571
15969	G	0.3571
15970	A	0.5714
15971	G	0.3571
15972	C	0.3571
15973	A	0.3571
15974	G	0.5000
15975	A	0.3571
15976	G	0.5000
15977	G	0.5000
15978	C	0.3571
15979	A	0.5000
15980	T	0.4286
15981	A	0.3571
15982	G	0.3571
15983	A	0.3571
15984	C	0.3571
15985	C	0.3571
15986	A	0.3571
15987	T	0.2857
15988	G	0.4286
15989	C	0.3571
15990	T	0.3571
15991	G	0.3077
15992	G	0.4615
15993	G	0.3846
15994	A	0.3846
15995	G	0.3846
15996	A	0.5385
15997	T	0.3846
15998	A	0.3077
15999	T	0.3077
16000	A	0.3846
16001	C	0.2857
16002	G	0.2857
16003	T	0.2857
16004	T	0.5000
16005	T	0.4286
16006	A	0.3571
16007	G	0.2857
16008	C	0.3571
16009	G	0.3571
16010	G	0.2857
16011	C	0.3571
16012	G	0.3571
16013	G	0.2857
16014	G	0.4286
16015	A	0.5000
16016	T	0.5000
16017	G	0.3571
16018	C	0.3571
16019	A	0.2857
16020	C	0.3571
16021	G	0.2857
16022	C	0.4286
16023	A	0.4286
16024	T	0.4286
16025	C	0.3571
16026	C	0.4286
16027	A	0.3571
16028	G	0.2857
16029	C	0.3571
16030	A	0.3571
16031	C	0.3571
16032	A	0.4286
16033	A	0.3571
16034	A	0.4286
16035	T	0.3571
16036	T	0.4286
16037	G	0.3571
16038	T	0.3571
16039	G	0.3571
16040	T	0.4286
16041	A	0.2857
16042	G	0.5000
16043	A	0.4286
16044	G	0.3571
16045	G	0.4286
16046	A	0.4286
16047	A	0.4286
16048	T	0.3571
16049	C	0.3571
16050	C	0.3571
16051	C	0.3571
16052	T	0.4286
16053	A	0.3571
16054	A	0.4286
16055	A	0.3571
16056	T	0.4286
16057	A	0.3571
16058	A	0.4286
16059	T	0.4286
16060	A	0.5000
16061	C	0.3571
16062	G	0.3571
16063	A	0.5714
16064	C	0.2857
16065	C	0.5000
16066	T	0.3571
16067	A	0.3571
16068	C	0.4286
16069	G	0.4286
16070	T	0.3571
16071	T	0.5000
16072	T	0.4286
16073	T	0.3571
16074	T	0.2857
16075	A	0.3571
16076	C	0.3571
16077	G	0.3571
16078	A	0.4286
16079	A	0.5000
16080	T	0.3571
16081	A	0.3571
16082	T	0.5000
16083	A	0.4286
16084	T	0.4286
16085	T	0.4286
16086	G	0.3571
16087	T	0.3571
16088	G	0.2857
16089	T	0.3571
16090	G	0.4286
16091	T	0.4286
16092	T	0.4286
16093	G	0.3571
16094	A	0.5000
16095	G	0.4286
16096	A	0.3571
16097	G	0.5000
16098	C	0.4286
16099	G	0.4286
16100	C	0.2857
16101	G	0.5000
16102	T	0.5000
16103	G	0.5000
16104	A	0.4286
16105	T	0.4286
16106	C	0.3571
16107	A	0.4286
16108	A	0.4286
16109	T	0.4286
16110	C	0.4286
16111	G	0.4286
16112	C	0.4286
16113	C	0.3571
16114	T	0.5000
16115	T	0.4286
16116	A	0.4286
16117	C	0.4286
16118	G	0.3571
16119	C	0.5000
16120	A	0.3571
16121	C	0.3571
16122	A	0.4286
16123	C	0.2857
16124	T	0.3571
16125	C	0.4286
16126	A	0.3571
16127	A	0.2857
16128	T	0.4286
16129	C	0.4286
16130	G	0.3571
16131	A	0.4286
16132	T	0.4286
16133	C	0.5714
16134	A	0.3571
16135	T	0.2857
16136	A	0.3571
16137	A	0.2857
16138	G	0.3571
16139	A	0.2857
16140	A	0.4286
16141	A	0.4286
16142	C	0.2857
16143	T	0.4286
16144	G	0.2857
16145	G	0.3571
16146	C	0.2857
16147	A	0.3571
16148	C	0.4286
16149	T	0.3571
16150	A	0.4286
16151	C	0.3571
16152	A	0.4286
16153	A	0.4286
16154	A	0.4286
16155	A	0.3571
16156	T	0.3571
16157	C	0.2857
16158	A	0.5000
16159	C	0.2857
16160	G	0.3571
16161	C	0.5714
16162	C	0.4286
16163	T	0.4286
16164	C	0.4286
16165	C	0.4286
16166	A	0.4286
16167	T	0.3571
16168	C	0.4286
16169	C	0.3571
16170	C	0.3571
16171	T	0.4286
16172	G	0.3571
16173	G	0.4286
16174	A	0.4286
16175	G	0.3571
16176	T	0.2857
16177	G	0.3571
16178	C	0.4286
16179	C	0.3571
16180	A	0.3571
16181	G	0.4286
16182	C	0.4286
16183	A	0.3571
16184	A	0.5000
16185	A	0.5000
16186	G	0.3571
16187	A	0.3571
16188	G	0.4286
16189	T	0.3571
16190	A	0.3571
16191	T	0.5000
16192	G	0.4286
16193	G	0.2857
16194	T	0.4286
16195	T	0.6429
16196	T	0.4286
16197	T	0.3571
16198	T	0.2857
16199	T	0.5000
16200	G	0.4286
16201	T	0.5000
16202	T	0.5000
16203	G	0.3571
16204	C	0.2857
16205	G	0.2857
16206	T	0.4286
16207	C	0.3571
16208	C	0.5714
16209	A	0.3571
16210	A	0.2857
16211	T	0.5000
16212	G	0.3571
16213	C	0.3571
16214	G	0.4286
16215	G	0.4286
16216	T	0.4286
16217	C	0.5000
16218	A	0.5000
16219	A	0.4286
16220	A	0.3571
16221	A	0.4286
16222	G	0.5000
16223	A	0.4286
16224	A	0.3571
16225	C	0.3571
16226	G	0.3571
16227	A	0.3571
16228	A	0.3571
16229	C	0.3571
16230	C	0.4286
16231	G	0.4286
16232	G	0.2857
16233	G	0.4286
16234	G	0.3571
16235	T	0.4615
16236	T	0.3077
16237	G	0.3846
16238	T	0.5385
16239	T	0.3846
16240	G	0.3077
16241	G	0.3077
16242	C	0.3077
16243	G	0.3846
16244	A	0.3846
16245	G	0.3077
16246	A	0.4615
16247	T	0.3846
16248	C	0.4615
16249	C	0.4615
16250	A	0.3077
16251	G	0.3077
16252	C	0.3077
16253	G	0.5385
16254	T	0.3077
16255	T	0.3846
16256	T	0.3846
16257	T	0.4615
16258	G	0.3846
16259	G	0.4615
16260	C	0.4615
16261	T	0.3846
16262	T	0.3846
16263	T	0.4615
16264	C	0.3077
16265	T	0.3846
16266	T	0.3846
16267	C	0.3846
16268	T	0.3846
16269	C	0.3846
16270	G	0.4615
16271	T	0.5385
16272	T	0.3846
16273	T	0.3846
16274	A	0.3846
16275	A	0.3846
16276	C	0.6154
16277	A	0.4615
16278	A	0.3846
16279	T	0.3846
16280	G	0.3846
16281	A	0.4615
16282	G	0.3846
16283	C	0.3846
16284	T	0.3846
16285	T	0.3077
16286	C	0.3077
16287	G	0.3846
16288	G	0.3846
16289	G	0.4615
16290	A	0.3077
16291	C	0.5385
16292	A	0.3846
16293	T	0.3846
16294	T	0.4615
16295	T	0.3077
16296	G	0.3846
16297	T	0.3846
16298	C	0.5385
16299	T	0.3846
16300	C	0.5385
16301	G	0.3077
16302	G	0.3846
16303	A	0.4615
16304	G	0.4615
16305	A	0.3846
16306	T	0.3846
16307	T	0.3846
16308	T	0.4615
16309	T	0.3846
16310	A	0.5385
16311	A	0.3846
16312	C	0.3077
16313	C	0.3077
16314	A	0.3846
16315	T	0.4615
16316	G	0.3846
16317	T	0.3077
16318	C	0.3846
16319	G	0.3846
16320	G	0.4615
16321	T	0.3846
16322	T	0.3077
16323	T	0.3846
16324	G	0.3077
16325	C	0.3846
16326	A	0.3077
16327	A	0.3846
16328	G	0.3077
16329	A	0.3077
16330	A	0.3077
16331	T	0.4615
16332	G	0.3846
16333	A	0.3846
16334	G	0.3077
16335	T	0.3846
16336	T	0.4615
16337	T	0.4615
16338	T	0.3846
16339	T	0.3077
16340	C	0.4615
16341	T	0.3846
16342	A	0.3846
16343	A	0.4615
16344	A	0.3077
16345	A	0.3077
16346	C	0.4615
16347	C	0.3846
16348	T	0.3077
16349	C	0.4615
16350	A	0.3077
16351	A	0.3846
16352	G	0.3846
16353	A	0.5385
16354	C	0.3846
16355	T	0.3077
16356	G	0.4615
16357	G	0.4615
16358	T	0.3077
16359	G	0.3846
16360	T	0.3846
16361	T	0.3846
16362	C	0.3077
16363	A	0.3846
16364	A	0.3846
16365	T	0.3846
16366	C	0.3846
16367	A	0.6154
16368	A	0.3846
16369	A	0.4615
16370	T	0.3846
16371	T	0.3846
16372	A	0.4615
16373	T	0.3846
16374	G	0.3846
16375	A	0.3077
16376	G	0.3077
16377	A	0.3846
16378	A	0.3846
16379	G	0.3846
16380	T	0.4615
16381	T	0.4615
16382	C	0.3077
16383	C	0.4615
16384	C	0.3077
16385	T	0.3077
16386	G	0.3846
16387	A	0.5385
16388	A	0.3846
16389	T	0.3846
16390	A	0.3846
16391	T	0.3846
16392	A	0.3077
16393	G	0.3846
16394	G	0.3846
16395	C	0.3846
16396	T	0.3846
16397	C	0.3077
16398	G	0.3846
16399	G	0.3846
16400	C	0.3077
16401	G	0.4615
16402	T	0.3077
16403	C	0.3077
16404	T	0.3846
16405	T	0.4615
16406	G	0.3846
16407	C	0.3846
16408	T	0.4615
16409	G	0.4615
16410	G	0.3846
16411	G	0.5385
16412	G	0.5385
16413	A	0.3846
16414	T	0.4615
16415	A	0.3846
16416	C	0.3077
16417	G	0.3846
16418	C	0.4615
16419	A	0.3077
16420	C	0.3846
16421	G	0.5385
16422	G	0.3077
16423	A	0.3846
16424	T	0.3077
16425	C	0.3077
16426	A	0.4615
16427	A	0.3077
16428	C	0.3846
16429	T	0.3846
16430	G	0.3846
16431	A	0.4615
16432	C	0.3846
16433	T	0.3846
16434	T	0.3846
16435	G	0.3846
16436	G	0.3846
16437	T	0.3077
16438	G	0.3077
16439	C	0.3077
16440	A	0.3846
16441	T	0.5385
16442	G	0.4615
16443	G	0.3077
16444	A	0.5385
16445	G	0.3846
16446	C	0.3846
16447	C	0.4615
16448	T	0.5385
16449	G	0.3077
16450	A	0.3846
16451	A	0.3077
16452	G	0.3846
16453	C	0.4615
16454	G	0.3846
16455	G	0.3077
16456	C	0.4615
16457	A	0.3077
16458	G	0.5385
16459	C	0.6154
16460	A	0.5385
16461	T	0.4615
16462	A	0.5385
16463	G	0.4615
16464	A	0.4615
16465	A	0.3846
16466	C	0.5385
16467	G	0.3077
16468	G	0.3846
16469	T	0.3077
16470	T	0.3846
16471	T	0.3846
16472	G	0.4615
16473	G	0.3077
16474	G	0.3846
16475	C	0.3077
16476	C	0.4615
16477	T	0.3077
16478	T	0.3077
16479	G	0.5385
16480	T	0.3846
16481	G	0.4615
16482	A	0.3846
16483	A	0.3846
16484	A	0.5385
16485	T	0.3846
16486	G	0.3077
16487	T	0.5385
16488	T	0.3077
16489	G	0.3846
16490	C	0.3077
16491	G	0.3077
16492	G	0.3077
16493	C	0.4615
16494	T	0.4615
16495	T	0.3846
16496	C	0.3077
16497	G	0.3846
16498	G	0.3846
16499	T	0.3077
16500	G	0.3846
16501	C	0.3846
16502	G	0.3846
16503	A	0.3846
16504	A	0.3846
16505	C	0.3077
16506	A	0.6154
16507	T	0.3846
16508	T	0.3846
16509	G	0.3846
16510	A	0.3846
16511	A	0.4615
16512	T	0.3846
16513	T	0.3846
16514	T	0.3846
16515	A	0.6154
16516	A	0.4615
16517	T	0.3077
16518	G	0.5385
16519	C	0.5385
16520	C	0.4615
16521	T	0.3846
16522	T	0.5385
16523	C	0.3846
16524	G	0.3846
16525	G	0.3077
16526	A	0.3077
16527	G	0.3846
16528	G	0.3846
16529	C	0.3077
16530	T	0.3846
16531	C	0.5385
16532	G	0.4615
16533	C	0.5385
16534	A	0.5385
16535	A	0.3077
16536	A	0.3333
16537	G	0.5000
16538	C	0.5000
16539	G	0.3333
16540	G	0.4167
16541	T	0.4167
16542	G	0.5000
16543	C	0.3333
16544	T	0.5000
16545	C	0.5833
16546	C	0.5833
16547	A	0.4167
16548	A	0.5000
16549	T	0.4167
16550	T	0.4167
16551	T	0.3333
16552	A	0.3333
16553	G	0.4167
16554	A	0.3333
16555	G	0.3333
16556	C	0.4167
16557	G	0.4167
16558	T	0.3333
16559	T	0.5000
16560	G	0.3333
16561	G	0.5000
16562	T	0.4167
16563	A	0.2500
16564	C	0.5000
16565	G	0.3333
16566	A	0.3333
16567	C	0.5000
16568	C	0.3333
16569	T	0.4167
16570	A	0.3333
16571	G	0.4167
16572	T	0.4167
16573	T	0.3333
16574	C	0.3333
16575	A	0.4167
16576	T	0.4167
16577	G	0.3333
16578	G	0.5833
16579	C	0.3333
16580	C	0.3333
16581	C	0.4167
16582	T	0.4167
16583	T	0.5833
16584	T	0.5000
16585	C	0.4167
16586	A	0.4167
16587	G	0.3333
16588	G	0.3333
16589	G	0.4167
16590	C	0.4167
16591	T	0.4167
16592	A	0.4167
16593	T	0.4167
16594	G	0.3333
16595	C	0.5000
16596	T	0.4545
16597	G	0.2727
16598	C	0.5455
16599	A	0.4545
16600	C	0.4545
16601	G	0.3636
16602	A	0.3636
16603	A	0.4545
16604	A	0.3636
16605	T	0.4545
16606	T	0.5833
16607	C	0.5000
16608	C	0.4167
16609	T	0.6667
16610	G	0.5833
16611	A	0.3333
16612	A	0.3333
16613	A	0.3333
16614	T	0.5000
16615	T	0.4167
16616	T	0.4167
16617	T	0.3333
16618	T	0.3333
16619	C	0.4167
16620	A	0.3333
16621	T	0.5000
16622	G	0.4167
16623	C	0.5000
16624	T	0.3333
16625	G	0.4167
16626	C	0.4167
16627	A	0.3333
16628	T	0.3333
16629	A	0.4167
16630	G	0.3333
16631	T	0.5000
16632	T	0.3333
16633	T	0.3333
16634	G	0.3333
16635	A	0.3333
16636	C	0.4167
16637	G	0.3333
16638	A	0.3333
16639	G	0.5000
16640	C	0.4167
16641	T	0.3333
16642	G	0.4167
16643	G	0.3333
16644	A	0.4167
16645	T	0.3333
16646	G	0.3333
16647	A	0.4167
16648	T	0.5000
16649	G	0.5000
16650	A	0.3333
16651	C	0.3333
16652	C	0.3333
16653	A	0.4167
16654	C	0.3333
16655	T	0.4167
16656	A	0.3333
16657	A	0.3333
16658	A	0.5833
16659	G	0.4167
16660	A	0.5000
16661	G	0.4167
16662	C	0.3333
16663	A	0.4167
16664	A	0.4167
16665	A	0.3333
16666	G	0.4167
16667	T	0.3333
16668	C	0.5000
16669	T	0.3333
16670	T	0.3333
16671	A	0.4167
16672	C	0.3333
16673	A	0.3333
16674	T	0.3333
16675	A	0.5000
16676	C	0.4167
16677	G	0.5000
16678	A	0.3333
16679	G	0.5000
16680	A	0.4167
16681	T	0.2500
16682	G	0.5000
16683	A	0.3333
16684	G	0.3333
16685	T	0.4167
16686	A	0.5833
16687	A	0.3333
16688	T	0.3333
16689	T	0.4167
16690	G	0.3333
16691	G	0.5000
16692	G	0.4167
16693	T	0.3333
16694	G	0.5833
16695	T	0.4167
16696	T	0.5000
16697	C	0.3333
16698	G	0.5000
16699	T	0.4167
16700	C	0.3333
16701	A	0.5833
16702	A	0.4167
16703	T	0.4167
16704	G	0.3333
16705	A	0.3333
16706	A	0.3333
16707	G	0.5000
16708	C	0.3333
16709	A	0.4167
16710	T	0.3333
16711	C	0.3333
16712	C	0.4167
16713	C	0.4167
16714	G	0.3333
16715	T	0.5000
16716	A	0.4167
16717	A	0.3333
16718	A	0.4167
16719	A	0.4167
16720	C	0.5000
16721	T	0.4167
16722	A	0.4167
16723	A	0.5000
16724	T	0.5833
16725	G	0.4167
16726	A	0.4167
16727	G	0.3333
16728	A	0.3333
16729	T	0.3333
16730	C	0.3333
16731	A	0.3333
16732	G	0.3333
16733	G	0.3333
16734	C	0.2500
16735	G	0.3333
16736	T	0.2500
16737	C	0.3333
16738	T	0.4167
16739	T	0.3333
16740	T	0.3333
16741	C	0.5000
16742	T	0.4167
16743	G	0.3333
16744	G	0.3333
16745	T	0.3333
16746	A	0.4167
16747	T	0.3333
16748	C	0.3333
16749	A	0.5000
16750	C	0.5000
16751	A	0.3333
16752	A	0.3333
16753	T	0.4167
16754	A	0.4167
16755	G	0.4167
16756	C	0.4167
16757	A	0.4167
16758	G	0.3333
16759	A	0.5000
16760	T	0.3333
16761	A	0.3333
16762	G	0.4167
16763	G	0.3333
16764	C	0.4167
16765	G	0.4167
16766	T	0.5833
16767	A	0.3333
16768	T	0.3333
16769	C	0.4167
16770	A	0.4167
16771	T	0.4167
16772	A	0.4167
16773	C	0.4167
16774	C	0.5000
16775	C	0.4167
16776	G	0.4167
16777	A	0.3333
16778	C	0.4167
16779	C	0.5000
16780	C	0.4167
16781	G	0.3333
16782	G	0.4167
16783	C	0.5833
16784	C	0.3333
16785	G	0.5000
16786	C	0.5000
16787	T	0.3333
16788	A	0.4167
16789	C	0.4167
16790	C	0.5000
16791	A	0.2500
16792	C	0.3333
16793	T	0.3333
16794	A	0.2500
16795	C	0.4167
16796	A	0.4167
16797	C	0.3333
16798	C	0.3333
16799	A	0.4167
16800	G	0.5000
16801	T	0.3333
16802	G	0.3333
16803	A	0.4167
16804	C	0.4167
16805	A	0.5000
16806	G	0.3333
16807	A	0.4167
16808	T	0.4167
16809	G	0.5000
16810	C	0.4167
16811	A	0.5000
16812	G	0.5000
16813	T	0.3333
16814	C	0.3333
16815	A	0.5000
16816	T	0.5000
16817	T	0.5000
16818	T	0.6667
16819	C	0.4167
16820	A	0.3333
16821	T	0.4167
16822	C	0.5833
16823	C	0.5000
16824	C	0.3333
16825	T	0.3333
16826	T	0.4167
16827	T	0.3333
16828	C	0.4167
16829	A	0.4167
16830	T	0.5833
16831	A	0.3333
16832	C	0.3333
16833	T	0.4167
16834	G	0.3333
16835	T	0.4167
16836	A	0.3333
16837	T	0.4167
16838	G	0.3333
16839	A	0.4167
16840	G	0.3333
16841	A	0.5000
16842	A	0.3333
16843	A	0.4167
16844	A	0.3333
16845	G	0.4167
16846	A	0.4167
16847	A	0.4167
16848	C	0.5000
16849	G	0.3333
16850	A	0.5000
16851	A	0.3333
16852	T	0.3333
16853	G	0.3333
16854	G	0.4167
16855	G	0.3333
16856	C	0.4167
16857	G	0.4167
16858	G	0.6667
16859	A	0.3333
16860	C	0.4167
16861	A	0.5833
16862	A	0.3333
16863	T	0.5000
16864	C	0.5000
16865	G	0.3333
16866	A	0.3333
16867	A	0.5000
16868	C	0.4167
16869	C	0.5000
16870	G	0.3333
16871	G	0.2500
16872	A	0.5000
16873	A	0.3333
16874	G	0.3333
16875	A	0.3333
16876	T	0.5000
16877	A	0.3333
16878	A	0.3333
16879	C	0.3333
16880	C	0.3333
16881	A	0.5000
16882	G	0.5000
16883	T	0.3333
16884	T	0.3333
16885	T	0.3333
16886	C	0.4167
16887	C	0.4167
16888	G	0.3333
16889	C	0.4167
16890	C	0.4167
16891	A	0.4167
16892	G	0.3333
16893	A	0.3333
16894	A	0.4167
16895	A	0.5000
16896	T	0.5000
16897	T	0.4167
16898	A	0.4167
16899	C	0.3333
16900	A	0.4167
16901	T	0.4167
16902	T	0.3333
16903	T	0.4167
16904	T	0.5000
16905	T	0.3333
16906	C	0.5000
16907	G	0.3333
16908	A	0.4167
16909	G	0.3333
16910	T	0.4167
16911	T	0.4167
16912	A	0.3333
16913	C	0.4167
16914	A	0.3333
16915	C	0.4167
16916	T	0.4167
16917	C	0.5000
16918	C	0.3333
16919	C	0.4167
16920	G	0.5833
16921	T	0.3333
16922	A	0.3333
16923	T	0.4167
16924	A	0.4167
16925	G	0.3333
16926	G	0.2500
16927	T	0.4167
16928	G	0.3333
16929	G	0.3333
16930	A	0.3333
16931	T	0.5000
16932	G	0.3333
16933	T	0.3333
16934	A	0.4167
16935	C	0.4167
16936	A	0.4167
16937	G	0.3333
16938	G	0.3333
16939	T	0.3333
16940	T	0.5000
16941	G	0.4167
16942	A	0.3333
16943	T	0.3333
16944	A	0.4167
16945	T	0.4167
16946	C	0.5000
16947	G	0.3333
16948	G	0.5833
16949	T	0.3333
16950	A	0.4167
16951	C	0.4167
16952	T	0.3333
16953	T	0.3333
16954	G	0.3333
16955	T	0.4167
16956	C	0.4167
16957	C	0.4167
16958	A	0.5000
16959	G	0.3333
16960	A	0.4167
16961	T	0.5833
16962	G	0.5000
16963	A	0.5000
16964	T	0.4167
16965	T	0.4167
16966	C	0.5000
16967	A	0.5000
16968	G	0.4167
16969	T	0.2500
16970	C	0.3333
16971	A	0.3333
16972	A	0.4167
16973	G	0.3333
16974	G	0.4167
16975	G	0.5000
16976	T	0.5000
16977	T	0.4167
16978	T	0.3333
16979	A	0.3333
16980	G	0.4167
16981	C	0.3333
16982	C	0.4167
16983	G	0.5833
16984	A	0.5000
16985	T	0.4167
16986	G	0.3333
16987	G	0.3333
16988	A	0.3333
16989	T	0.3333
16990	G	0.5000
16991	A	0.5000
16992	T	0.3333
16993	G	0.3333
16994	G	0.4167
16995	C	0.4167
16996	C	0.4167
16997	G	0.3333
16998	C	0.4167
16999	A	0.5000
17000	C	0.4167
17001	G	0.4167
17002	C	0.3333
17003	G	0.3333
17004	T	0.4167
17005	G	0.4167
17006	G	0.4167
17007	C	0.3333
17008	A	0.4167
17009	A	0.3333
17010	C	0.3333
17011	G	0.3333
17012	C	0.3333
17013	A	0.3333
17014	G	0.4167
17015	G	0.3333
17016	T	0.4167
17017	T	0.3333
17018	T	0.4167
17019	T	0.4167
17020	A	0.4167
17021	C	0.4167
17022	C	0.4167
17023	G	0.4167
17024	C	0.3333
17025	A	0.3333
17026	C	0.4167
17027	G	0.4167
17028	A	0.4167
17029	G	0.4167
17030	G	0.3333
17031	G	0.3333
17032	T	0.3333
17033	A	0.5000
17034	G	0.3333
17035	A	0.4167
17036	G	0.3333
17037	A	0.4167
17038	C	0.4167
17039	G	0.3333
17040	C	0.6667
17041	G	0.5833
17042	C	0.5000
17043	T	0.2500
17044	A	0.5000
17045	A	0.3333
17046	G	0.3333
17047	C	0.5000
17048	A	0.3333
17049	A	0.5000
17050	C	0.3333
17051	G	0.4167
17052	C	0.4167
17053	T	0.3333
17054	G	0.4167
17055	G	0.4167
17056	C	0.3333
17057	A	0.4167
17058	G	0.4167
17059	C	0.3333
17060	T	0.3333
17061	C	0.4167
17062	T	0.3333
17063	G	0.3333
17064	G	0.5000
17065	A	0.3333
17066	G	0.3333
17067	G	0.3333
17068	T	0.3333
17069	A	0.3333
17070	C	0.2500
17071	T	0.3333
17072	A	0.3333
17073	A	0.3333
17074	A	0.4167
17075	G	0.4167
17076	T	0.4167
17077	G	0.4167
17078	C	0.5000
17079	G	0.4167
17080	A	0.3333
17081	C	0.4167
17082	A	0.4167
17083	G	0.4167
17084	A	0.5833
17085	G	0.3333
17086	T	0.4167
17087	C	0.3333
17088	C	0.3333
17089	G	0.4167
17090	C	0.5000
17091	T	0.3333
17092	A	0.3333
17093	G	0.5000
17094	C	0.3333
17095	T	0.4167
17096	G	0.3333
17097	G	0.4167
17098	G	0.5000
17099	A	0.3333
17100	G	0.5000
17101	T	0.4167
17102	G	0.4167
17103	A	0.5833
17104	C	0.3333
17105	A	0.5000
17106	C	0.3333
17107	C	0.6667
17108	A	0.3333
17109	A	0.4167
17110	A	0.4167
17111	G	0.3333
17112	A	0.5000
17113	A	0.4167
17114	A	0.4167
17115	G	0.4167
17116	T	0.5000
17117	A	0.3333
17118	C	0.4167
17119	A	0.4167
17120	T	0.4167
17121	A	0.3333
17122	C	0.5000
17123	C	0.5000
17124	T	0.5000
17125	G	0.3333
17126	T	0.3333
17127	G	0.4167
17128	C	0.3333
17129	T	0.3333
17130	A	0.4167
17131	C	0.4167
17132	A	0.4167
17133	A	0.3333
17134	G	0.3333
17135	C	0.3333
17136	A	0.3333
17137	T	0.4167
17138	A	0.4167
17139	A	0.5000
17140	C	0.3333
17141	T	0.3333
17142	G	0.5000
17143	C	0.3333
17144	C	0.3333
17145	A	0.3333
17146	G	0.5000
17147	C	0.4167
17148	C	0.4167
17149	T	0.4167
17150	G	0.5000
17151	A	0.5000
17152	G	0.2500
17153	G	0.5000
17154	G	0.5000
17155	C	0.4167
17156	C	0.3333
17157	A	0.4167
17158	A	0.3333
17159	T	0.4167
17160	T	0.5000
17161	C	0.4167
17162	C	0.5833
17163	T	0.4167
17164	C	0.4167
17165	C	0.3333
17166	G	0.5000
17167	C	0.4167
17168	T	0.3333
17169	A	0.3333
17170	G	0.4167
17171	A	0.4167
17172	T	0.4167
17173	C	0.3333
17174	T	0.4167
17175	A	0.3333
17176	A	0.4167
17177	C	0.5000
17178	T	0.4167
17179	A	0.4167
17180	G	0.3333
17181	C	0.3333
17182	C	0.3333
17183	A	0.3333
17184	G	0.3333
17185	T	0.3333
17186	G	0.2500
17187	G	0.3333
17188	A	0.4167
17189	T	0.4167
17190	G	0.3333
17191	A	0.4167
17192	C	0.4167
17193	G	0.4167
17194	C	0.4167
17195	G	0.5000
17196	G	0.4167
17197	T	0.3333
17198	A	0.3333
17199	A	0.4167
17200	A	0.4167
17201	G	0.4167
17202	A	0.5833
17203	A	0.3333
17204	T	0.3333
17205	T	0.6667
17206	T	0.4167
17207	A	0.4167
17208	G	0.4167
17209	G	0.4167
17210	A	0.3333
17211	A	0.5000
17212	T	0.4167
17213	G	0.4167
17214	C	0.3333
17215	A	0.5833
17216	T	0.4167
17217	G	0.3333
17218	C	0.5000
17219	T	0.4167
17220	G	0.4167
17221	A	0.5000
17222	A	0.5000
17223	G	0.3333
17224	C	0.5000
17225	A	0.5833
17226	A	0.4167
17227	A	0.3333
17228	A	0.4167
17229	C	0.3333
17230	A	0.5000
17231	T	0.4167
17232	A	0.4167
17233	G	0.2500
17234	C	0.3333
17235	C	0.3333
17236	C	0.4167
17237	G	0.3333
17238	G	0.4167
17239	T	0.4167
17240	A	0.5833
17241	G	0.4167
17242	C	0.4167
17243	C	0.3333
17244	A	0.3333
17245	T	0.4167
17246	T	0.5000
17247	G	0.5000
17248	A	0.4167
17249	A	0.3333
17250	T	0.3333
17251	C	0.3333
17252	G	0.4167
17253	A	0.3333
17254	A	0.4167
17255	G	0.5000
17256	A	0.3333
17257	C	0.4167
17258	A	0.6667
17259	G	0.5000
17260	T	0.4167
17261	A	0.4167
17262	G	0.4167
17263	C	0.3333
17264	A	0.5833
17265	G	0.3333
17266	C	0.3333
17267	A	0.4167
17268	C	0.4167
17269	G	0.3333
17270	T	0.3333
17271	G	0.5000
17272	A	0.4167
17273	A	0.4167
17274	T	0.3333
17275	A	0.4167
17276	C	0.4167
17277	A	0.4167
17278	A	0.4167
17279	A	0.4167
17280	G	0.5833
17281	G	0.3333
17282	T	0.3333
17283	A	0.3333
17284	T	0.4167
17285	A	0.3333
17286	A	0.3333
17287	C	0.4167
17288	T	0.4167
17289	G	0.3333
17290	G	0.4167
17291	G	0.3333
17292	G	0.5000
17293	C	0.3333
17294	T	0.4167
17295	A	0.5833
17296	T	0.4167
17297	A	0.3333
17298	A	0.4167
17299	T	0.5000
17300	A	0.3333
17301	C	0.4167
17302	G	0.3333
17303	C	0.4167
17304	G	0.3333
17305	G	0.3333
17306	T	0.3333
17307	T	0.4167
17308	G	0.3333
17309	C	0.4167
17310	T	0.3333
17311	C	0.4167
17312	A	0.5000
17313	A	0.7500
17314	C	0.5000
17315	A	0.7500
17316	C	0.5833
17317	A	0.5000
17318	G	0.4167
17319	G	0.4167
17320	T	0.3333
17321	A	0.3333
17322	A	0.4167
17323	G	0.4167
17324	C	0.2500
17325	G	0.4167
17326	A	0.3333
17327	A	0.3333
17328	C	0.3333
17329	A	0.3333
17330	A	0.4167
17331	G	0.3333
17332	A	0.4167
17333	G	0.3333
17334	G	0.3333
17335	C	0.3333
17336	C	0.3333
17337	G	0.4167
17338	C	0.2500
17339	T	0.3333
17340	T	0.3333
17341	T	0.3333
17342	A	0.4167
17343	A	0.3333
17344	A	0.3333
17345	G	0.3333
17346	G	0.4167
17347	G	0.5000
17348	A	0.5833
17349	A	0.3333
17350	C	0.3333
17351	C	0.3333
17352	T	0.3333
17353	C	0.4167
17354	A	0.3333
17355	A	0.4167
17356	A	0.4167
17357	C	0.3333
17358	A	0.4167
17359	C	0.4167
17360	A	0.3333
17361	A	0.5000
17362	T	0.3333
17363	C	0.3333
17364	G	0.4167
17365	C	0.5000
17366	T	0.4167
17367	G	0.4167
17368	G	0.3333
17369	A	0.3333
17370	A	0.4167
17371	A	0.4167
17372	C	0.5000
17373	A	0.3333
17374	A	0.3333
17375	C	0.5000
17376	A	0.4167
17377	A	0.4167
17378	A	0.5000
17379	A	0.4167
17380	G	0.4167
17381	G	0.4167
17382	C	0.3333
17383	A	0.4167
17384	G	0.5000
17385	C	0.5000
17386	T	0.5000
17387	T	0.4167
17388	G	0.5833
17389	C	0.4167
17390	A	0.5833
17391	G	0.3333
17392	C	0.4167
17393	C	0.4167
17394	G	0.4167
17395	G	0.3333
17396	G	0.5000
17397	G	0.5000
17398	T	0.3333
17399	G	0.4167
17400	T	0.5000
17401	A	0.5000
17402	A	0.4167
17403	T	0.4167
17404	A	0.3333
17405	C	0.3333
17406	C	0.3333
17407	A	0.3333
17408	T	0.3333
17409	G	0.3333
17410	A	0.4167
17411	T	0.3333
17412	C	0.4167
17413	A	0.5833
17414	G	0.5000
17415	T	0.4167
17416	T	0.4167
17417	C	0.4167
17418	A	0.4167
17419	G	0.3333
17420	C	0.3333
17421	T	0.3333
17422	C	0.5000
17423	C	0.3333
17424	T	0.4167
17425	A	0.4167
17426	C	0.5833
17427	C	0.5000
17428	C	0.3333
17429	T	0.4167
17430	G	0.3333
17431	A	0.3333
17432	G	0.5000
17433	G	0.5000
17434	C	0.3333
17435	G	0.3333
17436	G	0.3333
17437	G	0.4167
17438	T	0.5000
17439	G	0.4167
17440	G	0.5000
17441	T	0.5000
17442	A	0.3333
17443	G	0.3333
17444	G	0.4167
17445	A	0.4167
17446	C	0.4167
17447	C	0.4167
17448	G	0.4167
17449	G	0.5000
17450	A	0.4167
17451	G	0.4167
17452	A	0.4167
17453	G	0.4167
17454	G	0.3333
17455	C	0.5000
17456	A	0.5000
17457	C	0.3333
17458	G	0.4167
17459	T	0.3333
17460	T	0.3333
17461	G	0.4167
17462	T	0.4167
17463	G	0.4167
17464	C	0.3333
17465	T	0.5000
17466	C	0.4167
17467	A	0.3333
17468	C	0.4167
17469	T	0.4167
17470	G	0.4167
17471	C	0.4167
17472	A	0.3333
17473	A	0.2500
17474	G	0.5000
17475	A	0.3333
17476	T	0.4167
17477	G	0.3333
17478	G	0.3333
17479	T	0.4167
17480	A	0.3333
17481	A	0.4167
17482	A	0.4167
17483	G	0.4167
17484	A	0.4167
17485	G	0.4167
17486	C	0.2500
17487	T	0.4167
17488	A	0.3333
17489	C	0.4167
17490	A	0.4167
17491	G	0.3333
17492	C	0.4167
17493	T	0.3333
17494	A	0.3333
17495	A	0.4167
17496	T	0.3333
17497	G	0.5000
17498	T	0.4167
17499	G	0.4167
17500	A	0.5833
17501	T	0.4167
17502	T	0.3333
17503	C	0.4167
17504	T	0.4167
17505	A	0.4167
17506	T	0.3333
17507	G	0.3333
17508	G	0.4167
17509	T	0.3333
17510	A	0.3333
17511	A	0.4167
17512	A	0.5000
17513	T	0.4167
17514	T	0.3333
17515	A	0.3333
17516	T	0.3333
17517	A	0.4167
17518	A	0.3333
17519	A	0.5000
17520	C	0.5000
17521	A	0.3333
17522	A	0.5000
17523	A	0.5000
17524	G	0.4167
17525	A	0.5000
17526	C	0.5833
17527	A	0.4167
17528	T	0.3333
17529	G	0.3333
17530	G	0.4167
17531	T	0.3333
17532	A	0.4167
17533	A	0.5000
17534	C	0.3333
17535	G	0.4167
17536	A	0.4167
17537	G	0.4167
17538	G	0.3333
17539	A	0.3333
17540	A	0.3333
17541	A	0.4167
17542	A	0.4167
17543	A	0.5833
17544	G	0.5000
17545	T	0.5000
17546	C	0.4167
17547	G	0.4167
17548	C	0.3333
17549	G	0.4167
17550	A	0.3333
17551	A	0.3333
17552	T	0.5833
17553	T	0.3333
17554	C	0.4167
17555	C	0.3333
17556	A	0.3333
17557	T	0.3333
17558	C	0.5000
17559	A	0.6667
17560	A	0.4167
17561	G	0.5000
17562	A	0.5833
17563	A	0.5000
17564	G	0.4167
17565	G	0.5000
17566	G	0.5000
17567	C	0.2500
17568	A	0.3333
17569	T	0.3333
17570	C	0.4167
17571	A	0.3333
17572	G	0.3333
17573	C	0.5000
17574	T	0.4167
17575	T	0.4167
17576	A	0.3333
17577	A	0.3333
17578	T	0.4167
17579	T	0.3333
17580	A	0.4167
17581	T	0.3333
17582	T	0.5000
17583	T	0.3333
17584	G	0.3333
17585	T	0.4167
17586	T	0.5000
17587	T	0.3333
17588	G	0.5000
17589	T	0.5000
17590	T	0.5000
17591	G	0.2500
17592	A	0.5000
17593	A	0.4167
17594	T	0.5000
17595	C	0.4167
17596	A	0.4167
17597	A	0.4167
17598	G	0.4167
17599	A	0.5000
17600	A	0.3333
17601	G	0.5000
17602	C	0.2500
17603	C	0.3333
17604	T	0.4167
17605	A	0.4167
17606	C	0.3333
17607	A	0.4167
17608	C	0.4167
17609	G	0.4167
17610	T	0.3333
17611	G	0.4167
17612	A	0.4167
17613	G	0.3333
17614	G	0.3333
17615	C	0.4167
17616	C	0.4167
17617	C	0.3333
17618	G	0.4167
17619	T	0.4167
17620	A	0.3333
17621	C	0.4167
17622	G	0.3333
17623	A	0.4167
17624	G	0.3333
17625	G	0.4167
17626	A	0.5000
17627	G	0.4167
17628	G	0.3333
17629	T	0.3333
17630	C	0.4167
17631	T	0.5000
17632	C	0.4167
17633	G	0.4167
17634	C	0.4167
17635	T	0.4167
17636	G	0.6667
17637	A	0.4167
17638	C	0.3333
17639	G	0.4167
17640	T	0.4167
17641	A	0.5000
17642	G	0.3333
17643	C	0.4167
17644	G	0.5000
17645	C	0.3333
17646	C	0.3333
17647	T	0.4167
17648	T	0.4167
17649	C	0.4167
17650	A	0.5833
17651	T	0.3333
17652	T	0.6667
17653	C	0.4167
17654	G	0.3333
17655	A	0.4167
17656	G	0.4167
17657	C	0.4167
17658	T	0.5000
17659	A	0.3333
17660	A	0.5000
17661	A	0.3333
17662	T	0.4167
17663	C	0.4167
17664	C	0.3333
17665	G	0.4167
17666	G	0.4167
17667	T	0.5000
17668	C	0.4167
17669	A	0.4167
17670	G	0.5000
17671	T	0.3333
17672	G	0.4167
17673	G	0.3333
17674	C	0.5000
17675	T	0.3333
17676	T	0.5833
17677	T	0.4167
17678	C	0.4167
17679	T	0.5000
17680	C	0.5000
17681	G	0.4167
17682	A	0.3333
17683	G	0.5833
17684	A	0.4167
17685	A	0.5000
17686	C	0.3333
17687	A	0.3333
17688	A	0.4167
17689	A	0.5000
17690	A	0.4167
17691	T	0.5833
17692	T	0.4167
17693	T	0.4167
17694	G	0.3333
17695	A	0.4167
17696	G	0.4167
17697	T	0.4167
17698	A	0.5000
17699	A	0.4167
17700	T	0.3333
17701	C	0.3333
17702	A	0.5000
17703	G	0.3333
17704	C	0.4167
17705	A	0.3333
17706	C	0.3333
17707	G	0.5000
17708	A	0.5833
17709	C	0.2500
17710	A	0.3333
17711	A	0.3333
17712	A	0.3333
17713	G	0.4167
17714	A	0.4167
17715	A	0.2500
17716	C	0.4167
17717	C	0.4167
17718	A	0.3333
17719	G	0.5000
17720	A	0.5000
17721	C	0.4167
17722	T	0.3333
17723	G	0.4167
17724	A	0.4167
17725	C	0.3333
17726	C	0.3333
17727	G	0.4167
17728	A	0.3333
17729	G	0.3333
17730	T	0.4167
17731	G	0.4167
17732	G	0.3333
17733	T	0.5000
17734	G	0.4167
17735	G	0.4167
17736	T	0.4167
17737	C	0.3333
17738	T	0.4167
17739	A	0.3333
17740	C	0.3333
17741	C	0.4167
17742	C	0.4167
17743	C	0.4167
17744	A	0.3333
17745	C	0.4167
17746	T	0.3333
17747	G	0.3333
17748	C	0.4167
17749	A	0.4167
17750	G	0.4167
17751	A	0.3333
17752	T	0.4167
17753	T	0.5833
17754	A	0.4167
17755	A	0.3333
17756	T	0.3333
17757	T	0.6667
17758	A	0.3333
17759	T	0.5000
17760	T	0.4167
17761	C	0.3333
17762	A	0.3333
17763	A	0.3333
17764	C	0.3333
17765	G	0.5000
17766	G	0.3333
17767	C	0.4167
17768	G	0.3333
17769	A	0.4167
17770	T	0.3333
17771	T	0.3333
17772	T	0.5000
17773	C	0.4167
17774	T	0.5000
17775	C	0.4167
17776	A	0.4167
17777	C	0.4167
17778	C	0.3333
17779	T	0.3333
17780	T	0.4167
17781	G	0.3333
17782	A	0.5000
17783	T	0.5000
17784	G	0.4167
17785	A	0.4167
17786	T	0.5000
17787	A	0.3333
17788	A	0.4167
17789	C	0.5000
17790	T	0.3333
17791	G	0.5000
17792	C	0.4167
17793	T	0.4167
17794	G	0.6667
17795	C	0.3333
17796	C	0.3333
17797	G	0.4167
17798	G	0.4167
17799	T	0.4167
17800	A	0.3333
17801	T	0.4167
17802	A	0.3333
17803	C	0.5000
17804	T	0.5000
17805	G	0.3333
17806	T	0.5000
17807	C	0.5000
17808	A	0.4167
17809	C	0.4167
17810	T	0.3333
17811	T	0.5000
17812	C	0.5833
17813	T	0.3333
17814	A	0.3333
17815	T	0.5000
17816	G	0.3333
17817	A	0.4167
17818	A	0.5000
17819	T	0.3333
17820	A	0.4167
17821	G	0.3333
17822	G	0.3333
17823	A	0.3333
17824	G	0.5000
17825	T	0.3333
17826	T	0.4167
17827	T	0.3333
17828	G	0.4167
17829	A	0.4167
17830	A	0.4167
17831	G	0.4167
17832	G	0.6667
17833	C	0.3333
17834	G	0.4167
17835	A	0.4167
17836	A	0.3333
17837	T	0.3333
17838	C	0.3333
17839	T	0.4167
17840	A	0.4167
17841	T	0.3333
17842	C	0.5000
17843	A	0.5000
17844	A	0.3333
17845	G	0.4167
17846	C	0.4167
17847	A	0.4167
17848	A	0.3333
17849	C	0.5000
17850	G	0.5000
17851	G	0.3333
17852	C	0.5000
17853	A	0.4167
17854	T	0.4167
17855	A	0.3333
17856	A	0.4167
17857	G	0.5000
17858	A	0.3333
17859	A	0.5833
17860	G	0.3333
17861	A	0.3333
17862	T	0.3333
17863	C	0.2500
17864	G	0.4167
17865	T	0.3333
17866	C	0.3333
17867	A	0.3333
17868	A	0.5000
17869	C	0.5000
17870	A	0.2500
17871	G	0.4167
17872	G	0.4167
17873	A	0.4167
17874	G	0.3333
17875	A	0.4167
17876	A	0.3333
17877	A	0.5000
17878	G	0.4167
17879	C	0.3333
17880	T	0.4167
17881	A	0.3333
17882	T	0.4167
17883	T	0.5000
17884	A	0.3333
17885	C	0.3333
17886	C	0.3636
17887	G	0.4545
17888	C	0.3636
17889	T	0.2727
17890	A	0.3636
17891	A	0.4545
17892	C	0.4545
17893	T	0.3636
17894	C	0.3636
17895	C	0.4545
17896	C	0.5455
17897	C	0.4545
17898	A	0.4545
17899	T	0.3636
17900	T	0.2727
17901	C	0.2727
17902	A	0.3636
17903	A	0.3636
17904	A	0.3636
17905	C	0.3636
17906	C	0.2727
17907	G	0.4545
17908	G	0.4545
17909	G	0.3636
17910	A	0.4545
17911	A	0.3636
17912	A	0.5455
17913	G	0.6364
17914	A	0.4545
17915	A	0.4545
17916	A	0.3636
17917	T	0.3636
17918	T	0.3636
17919	A	0.3636
17920	T	0.2727
17921	T	0.5455
17922	C	0.3636
17923	C	0.4545
17924	A	0.3636
17925	T	0.4545
17926	T	0.3636
17927	C	0.4545
17928	C	0.4545
17929	T	0.4545
17930	T	0.4545
17931	T	0.3636
17932	G	0.4545
17933	C	0.2727
17934	C	0.6364
17935	G	0.3636
17936	C	0.3636
17937	T	0.3636
17938	G	0.3636
17939	C	0.4545
17940	T	0.4545
17941	T	0.3636
17942	T	0.3636
17943	C	0.3636
17944	G	0.4545
17945	A	0.4545
17946	A	0.6364
17947	A	0.3636
17948	C	0.4545
17949	T	0.3636
17950	G	0.4000
17951	C	0.4000
17952	G	0.5000
17953	A	0.3000
17954	A	0.5000
17955	A	0.3000
17956	A	0.4000
17957	G	0.6000
17958	T	0.4000
17959	A	0.6000
17960	G	0.3636
17961	A	0.3636
17962	C	0.3636
17963	T	0.3636
17964	A	0.3636
17965	C	0.4545
17966	A	0.4545
17967	G	0.4545
17968	A	0.4545
17969	C	0.5455
17970	A	0.3636
17971	A	0.2727
17972	C	0.4545
17973	G	0.4545
17974	T	0.4545
17975	A	0.5455
17976	T	0.5455
17977	C	0.5455
17978	T	0.3636
17979	A	0.6364
17980	C	0.3636
17981	G	0.2727
17982	G	0.3636
17983	G	0.6364
17984	A	0.3636
17985	G	0.4545
17986	T	0.2727
17987	G	0.2727
17988	A	0.4545
17989	A	0.4545
17990	C	0.4545
17991	A	0.3636
17992	T	0.5455
17993	G	0.3636
17994	A	0.3636
17995	T	0.2727
17996	A	0.3636
17997	A	0.3636
17998	G	0.4545
17999	C	0.3636
18000	C	0.4545
18001	A	0.4545
18002	G	0.4545
18003	G	0.4545
18004	G	0.4545
18005	T	0.4545
18006	T	0.3636
18007	T	0.3636
18008	T	0.3636
18009	T	0.3636
18010	G	0.4545
18011	A	0.3636
18012	C	0.3636
18013	A	0.3636
18014	A	0.5455
18015	A	0.4545
18016	A	0.5455
18017	A	0.4545
18018	T	0.4545
18019	A	0.4545
18020	A	0.5455
18021	T	0.4545
18022	G	0.4545
18023	G	0.5455
18024	G	0.4545
18025	C	0.3636
18026	C	0.3636
18027	G	0.4545
18028	T	0.3636
18029	T	0.5455
18030	G	0.5455
18031	C	0.4545
18032	T	0.3636
18033	G	0.3636
18034	G	0.2727
18035	A	0.4545
18036	A	0.3636
18037	T	0.4545
18038	A	0.4545
18039	T	0.4545
18040	C	0.4545
18041	C	0.6364
18042	A	0.4545
18043	C	0.3636
18044	G	0.3636
18045	A	0.3636
18046	A	0.2727
18047	C	0.5455
18048	T	0.3636
18049	T	0.3636
18050	T	0.5455
18051	G	0.5455
18052	G	0.4545
18053	T	0.3636
18054	G	0.3636
18055	A	0.3636
18056	T	0.3636
18057	A	0.4545
18058	T	0.4545
18059	C	0.3636
18060	T	0.3636
18061	C	0.4545
18062	T	0.5455
18063	C	0.3636
18064	T	0.3636
18065	A	0.4545
18066	A	0.5455
18067	C	0.4545
18068	A	0.5455
18069	G	0.4545
18070	A	0.3636
18071	A	0.4545
18072	A	0.4545
18073	T	0.4545
18074	A	0.2727
18075	A	0.3636
18076	A	0.4545
18077	C	0.4545
18078	C	0.4545
18079	G	0.3636
18080	A	0.3636
18081	C	0.5455
18082	C	0.3636
18083	A	0.3636
18084	T	0.6364
18085	A	0.3636
18086	C	0.2727
18087	T	0.3636
18088	A	0.3636
18089	T	0.5455
18090	G	0.4545
18091	C	0.4545
18092	T	0.4545
18093	T	0.3636
18094	C	0.3636
18095	T	0.2727
18096	C	0.3636
18097	C	0.4545
18098	C	0.3636
18099	G	0.4545
18100	A	0.3636
18101	A	0.5455
18102	C	0.4545
18103	T	0.5455
18104	T	0.5455
18105	T	0.3636
18106	A	0.3636
18107	C	0.3636
18108	T	0.4545
18109	A	0.3636
18110	A	0.3636
18111	T	0.3636
18112	G	0.4545
18113	G	0.3636
18114	A	0.5455
18115	T	0.3636
18116	T	0.3636
18117	T	0.2727
18118	C	0.3636
18119	A	0.3636
18120	T	0.3636
18121	A	0.2727
18122	T	0.2727
18123	T	0.5455
18124	T	0.3636
18125	T	0.5455
18126	C	0.2727
18127	A	0.3636
18128	G	0.3636
18129	C	0.3636
18130	A	0.3636
18131	T	0.5455
18132	T	0.4545
18133	C	0.3636
18134	C	0.5455
18135	C	0.3636
18136	G	0.3636
18137	G	0.3636
18138	G	0.3636
18139	T	0.5455
18140	A	0.3636
18141	G	0.4545
18142	G	0.3636
18143	A	0.5455
18144	A	0.4545
18145	T	0.4545
18146	A	0.4545
18147	C	0.3636
18148	C	0.4545
18149	T	0.3636
18150	A	0.5455
18151	A	0.4545
18152	C	0.4545
18153	G	0.3636
18154	T	0.2727
18155	T	0.4545
18156	A	0.3636
18157	A	0.4545
18158	G	0.4545
18159	A	0.2727
18160	A	0.2727
18161	G	0.3636
18162	A	0.2727
18163	A	0.2727
18164	A	0.3636
18165	T	0.2727
18166	T	0.3636
18167	A	0.5455
18168	A	0.4545
18169	G	0.4545
18170	A	0.4545
18171	A	0.6364
18172	T	0.3636
18173	A	0.3636
18174	C	0.4545
18175	A	0.4545
18176	T	0.3636
18177	T	0.2727
18178	A	0.4545
18179	C	0.4545
18180	G	0.4545
18181	C	0.4545
18182	T	0.4545
18183	T	0.6364
18184	C	0.3636
18185	A	0.6364
18186	A	0.3636
18187	T	0.3636
18188	A	0.3636
18189	G	0.3636
18190	T	0.4545
18191	T	0.2727
18192	G	0.5455
18193	G	0.4545
18194	A	0.3636
18195	A	0.4545
18196	T	0.3636
18197	A	0.4545
18198	A	0.4545
18199	T	0.3636
18200	G	0.4545
18201	T	0.4545
18202	T	0.3636
18203	C	0.5455
18204	A	0.3636
18205	T	0.3636
18206	A	0.3636
18207	A	0.4545
18208	C	0.4545
18209	G	0.3636
18210	A	0.6364
18211	C	0.4545
18212	G	0.4545
18213	T	0.3636
18214	A	0.3636
18215	T	0.5455
18216	G	0.3636
18217	G	0.4545
18218	G	0.5455
18219	T	0.3636
18220	A	0.3636
18221	A	0.5455
18222	C	0.3636
18223	C	0.4545
18224	G	0.4545
18225	G	0.3636
18226	A	0.3636
18227	T	0.5455
18228	C	0.3636
18229	A	0.3636
18230	T	0.3636
18231	C	0.3636
18232	G	0.4545
18233	T	0.3636
18234	G	0.3636
18235	A	0.2727
18236	C	0.3636
18237	T	0.4545
18238	A	0.5455
18239	C	0.4545
18240	T	0.4545
18241	G	0.4545
18242	G	0.2727
18243	T	0.4545
18244	C	0.2727
18245	C	0.2727
18246	T	0.4545
18247	G	0.3636
18248	G	0.2727
18249	C	0.4545
18250	A	0.3636
18251	T	0.3636
18252	A	0.3636
18253	G	0.3636
18254	C	0.4545
18255	G	0.3636
18256	C	0.5455
18257	A	0.4545
18258	G	0.3636
18259	A	0.3636
18260	G	0.4545
18261	C	0.3636
18262	G	0.4545
18263	G	0.6364
18264	G	0.4545
18265	T	0.4545
18266	C	0.3636
18267	G	0.4545
18268	A	0.3636
18269	T	0.3636
18270	T	0.4545
18271	A	0.3636
18272	T	0.5455
18273	T	0.3636
18274	A	0.3636
18275	A	0.3636
18276	A	0.4545
18277	T	0.3636
18278	C	0.4545
18279	T	0.5455
18280	G	0.3636
18281	C	0.3636
18282	T	0.3636
18283	A	0.4545
18284	A	0.4545
18285	A	0.4545
18286	A	0.3636
18287	A	0.3636
18288	G	0.3636
18289	T	0.5455
18290	C	0.5455
18291	T	0.4545
18292	G	0.4545
18293	A	0.5455
18294	A	0.3636
18295	C	0.2727
18296	C	0.2727
18297	T	0.3636
18298	G	0.3636
18299	A	0.3636
18300	A	0.3636
18301	G	0.3636
18302	A	0.3636
18303	A	0.5000
18304	A	0.6000
18305	G	0.5000
18306	T	0.4000
18307	T	0.7000
18308	G	0.4000
18309	G	0.4000
18310	G	0.4000
18311	G	0.4000
18312	G	0.4000
18313	G	0.3636
18314	C	0.3636
18315	A	0.5455
18316	G	0.3636
18317	C	0.2727
18318	G	0.2727
18319	C	0.4545
18320	C	0.4545
18321	G	0.3636
18322	T	0.3636
18323	A	0.3636
18324	A	0.4545
18325	C	0.3636
18326	A	0.4545
18327	G	0.4545
18328	T	0.3636
18329	C	0.4545
18330	A	0.5455
18331	T	0.3636
18332	C	0.5455
18333	G	0.2727
18334	T	0.5455
18335	C	0.2727
18336	A	0.4545
18337	A	0.3636
18338	A	0.3636
18339	T	0.3636
18340	T	0.2727
18341	G	0.3636
18342	A	0.3636
18343	A	0.3636
18344	T	0.4545
18345	A	0.2727
18346	T	0.3636
18347	A	0.2727
18348	C	0.4545
18349	A	0.3636
18350	G	0.2727
18351	T	0.3636
18352	C	0.3636
18353	G	0.3636
18354	C	0.3636
18355	T	0.3636
18356	G	0.3636
18357	C	0.3636
18358	G	0.3636
18359	A	0.5455
18360	A	0.5455
18361	G	0.4545
18362	A	0.4545
18363	A	0.4545
18364	C	0.3636
18365	C	0.4545
18366	T	0.3636
18367	C	0.4545
18368	T	0.5455
18369	G	0.4545
18370	C	0.4545
18371	C	0.4545
18372	G	0.4545
18373	A	0.4545
18374	T	0.2727
18375	G	0.6364
18376	C	0.3636
18377	A	0.3636
18378	T	0.3636
18379	C	0.4545
18380	T	0.3636
18381	G	0.3636
18382	C	0.4545
18383	G	0.2727
18384	C	0.4545
18385	A	0.5455
18386	A	0.5455
18387	A	0.4545
18388	C	0.3636
18389	A	0.4545
18390	G	0.4545
18391	T	0.4545
18392	C	0.3636
18393	A	0.4545
18394	C	0.4545
18395	A	0.4545
18396	T	0.3636
18397	A	0.3636
18398	G	0.5455
18399	T	0.3636
18400	G	0.4545
18401	A	0.3636
18402	C	0.7273
18403	G	0.3636
18404	A	0.3636
18405	T	0.3636
18406	A	0.5455
18407	T	0.6364
18408	G	0.2727
18409	C	0.3636
18410	A	0.3636
18411	A	0.3636
18412	G	0.3636
18413	A	0.3636
18414	T	0.3636
18415	G	0.3636
18416	C	0.3636
18417	T	0.3636
18418	G	0.3636
18419	T	0.5455
18420	G	0.4545
18421	A	0.3636
18422	C	0.4545
18423	A	0.3636
18424	A	0.4545
18425	T	0.6364
18426	G	0.3636
18427	G	0.3636
18428	A	0.3636
18429	A	0.5455
18430	A	0.3636
18431	C	0.3636
18432	A	0.4545
18433	A	0.3636
18434	T	0.5455
18435	T	0.3636
18436	G	0.4545
18437	A	0.3636
18438	C	0.4545
18439	G	0.2727
18440	A	0.4545
18441	C	0.3636
18442	G	0.3636
18443	G	0.3636
18444	A	0.3636
18445	A	0.2727
18446	T	0.5455
18447	G	0.5455
18448	A	0.4545
18449	G	0.3636
18450	C	0.5455
18451	A	0.4545
18452	C	0.3636
18453	G	0.3636
18454	T	0.3636
18455	A	0.4545
18456	A	0.3636
18457	A	0.3636
18458	C	0.5455
18459	T	0.4545
18460	C	0.3636
18461	A	0.3636
18462	A	0.5455
18463	T	0.5455
18464	T	0.5455
18465	T	0.4545
18466	C	0.3636
18467	A	0.2727
18468	A	0.3636
18469	C	0.4545
18470	G	0.2727
18471	G	0.3636
18472	A	0.3636
18473	G	0.4545
18474	G	0.4545
18475	T	0.3636
18476	C	0.5455
18477	A	0.4545
18478	T	0.4545
18479	T	0.3636
18480	G	0.4545
18481	A	0.3636
18482	C	0.3636
18483	T	0.4545
18484	T	0.3636
18485	G	0.3636
18486	A	0.3636
18487	C	0.3636
18488	A	0.4545
18489	G	0.3636
18490	T	0.3636
18491	T	0.3636
18492	A	0.4545
18493	C	0.3636
18494	C	0.3636
18495	G	0.4545
18496	A	0.4545
18497	A	0.3636
18498	G	0.4545
18499	G	0.3636
18500	A	0.4545
18501	A	0.4545
18502	T	0.3636
18503	G	0.3636
18504	A	0.3636
18505	C	0.3636
18506	G	0.4545
18507	G	0.3636
18508	C	0.3636
18509	C	0.4545
18510	C	0.3636
18511	A	0.6364
18512	C	0.3636
18513	A	0.4545
18514	A	0.4545
18515	A	0.4545
18516	G	0.4545
18517	A	0.3636
18518	C	0.3636
18519	G	0.4545
18520	C	0.4545
18521	T	0.3636
18522	G	0.3636
18523	G	0.3636
18524	C	0.5455
18525	T	0.4545
18526	T	0.3636
18527	A	0.5455
18528	A	0.5455
18529	T	0.3636
18530	C	0.3636
18531	T	0.3636
18532	C	0.3636
18533	A	0.3636
18534	T	0.2727
18535	A	0.4545
18536	A	0.5455
18537	A	0.3636
18538	A	0.5455
18539	A	0.3636
18540	A	0.4545
18541	T	0.4545
18542	G	0.4545
18543	C	0.4545
18544	C	0.3636
18545	A	0.3636
18546	C	0.3636
18547	A	0.5455
18548	T	0.4545
18549	C	0.4545
18550	A	0.6364
18551	C	0.5455
18552	C	0.3636
18553	T	0.3636
18554	T	0.4545
18555	G	0.6364
18556	T	0.4545
18557	T	0.4545
18558	G	0.4545
18559	T	0.3636
18560	C	0.3636
18561	G	0.3636
18562	A	0.3636
18563	T	0.4545
18564	T	0.4545
18565	T	0.6364
18566	T	0.3636
18567	G	0.3636
18568	A	0.4545
18569	C	0.3636
18570	T	0.4545
18571	A	0.3636
18572	A	0.3636
18573	G	0.3636
18574	A	0.3636
18575	G	0.3636
18576	A	0.4545
18577	A	0.4545
18578	T	0.3636
18579	A	0.3636
18580	A	0.5455
18581	A	0.3636
18582	G	0.5455
18583	C	0.4545
18584	A	0.5455
18585	G	0.3636
18586	G	0.4545
18587	C	0.4545
18588	C	0.4545
18589	T	0.3636
18590	G	0.4545
18591	C	0.4545
18592	A	0.4545
18593	G	0.4545
18594	C	0.4545
18595	A	0.4545
18596	A	0.3636
18597	T	0.4545
18598	T	0.6364
18599	A	0.3636
18600	G	0.5455
18601	T	0.2727
18602	T	0.3636
18603	T	0.3636
18604	G	0.3636
18605	T	0.3636
18606	G	0.3636
18607	G	0.3636
18608	A	0.4545
18609	A	0.3636
18610	A	0.4545
18611	T	0.3636
18612	G	0.4545
18613	C	0.3636
18614	T	0.3636
18615	G	0.4545
18616	T	0.5455
18617	T	0.4545
18618	C	0.2727
18619	C	0.4545
18620	C	0.5455
18621	C	0.3636
18622	C	0.3636
18623	G	0.4545
18624	A	0.5455
18625	G	0.3636
18626	C	0.3636
18627	A	0.5455
18628	A	0.4545
18629	A	0.4545
18630	C	0.4545
18631	T	0.5455
18632	A	0.4545
18633	G	0.4545
18634	T	0.3636
18635	A	0.5455
18636	G	0.3636
18637	A	0.5455
18638	T	0.5455
18639	G	0.3636
18640	A	0.3636
18641	C	0.4545
18642	A	0.3636
18643	A	0.4545
18644	A	0.4545
18645	G	0.3636
18646	C	0.5455
18647	A	0.4545
18648	G	0.4545
18649	A	0.5455
18650	A	0.4545
18651	A	0.3636
18652	A	0.3636
18653	A	0.3636
18654	A	0.3636
18655	G	0.3636
18656	C	0.3636
18657	G	0.4545
18658	T	0.3636
18659	A	0.4545
18660	C	0.4545
18661	T	0.4545
18662	A	0.3636
18663	A	0.3636
18664	A	0.5455
18665	A	0.3636
18666	T	0.4545
18667	C	0.2727
18668	T	0.5455
18669	G	0.4545
18670	C	0.4545
18671	A	0.3636
18672	T	0.5455
18673	C	0.5455
18674	A	0.3636
18675	C	0.4545
18676	C	0.6364
18677	G	0.3636
18678	G	0.4545
18679	T	0.3636
18680	T	0.4545
18681	G	0.3636
18682	T	0.3636
18683	G	0.5455
18684	G	0.2727
18685	A	0.2727
18686	T	0.3636
18687	G	0.3636
18688	C	0.4545
18689	C	0.3636
18690	A	0.4545
18691	C	0.4545
18692	T	0.2727
18693	G	0.3636
18694	A	0.3636
18695	C	0.5455
18696	C	0.4545
18697	A	0.3636
18698	T	0.3636
18699	C	0.3636
18700	T	0.3636
18701	G	0.4545
18702	G	0.3636
18703	A	0.3636
18704	A	0.4545
18705	G	0.6364
18706	A	0.5455
18707	A	0.4545
18708	C	0.3636
18709	A	0.3636
18710	G	0.3636
18711	G	0.4545
18712	G	0.3636
18713	C	0.3636
18714	G	0.3636
18715	A	0.5455
18716	G	0.3636
18717	A	0.2727
18718	G	0.4545
18719	C	0.3636
18720	T	0.4545
18721	A	0.3636
18722	T	0.3636
18723	T	0.3636
18724	G	0.3636
18725	C	0.3636
18726	C	0.4545
18727	G	0.3636
18728	G	0.2727
18729	G	0.4545
18730	G	0.4545
18731	G	0.4545
18732	A	0.3636
18733	A	0.4545
18734	T	0.2727
18735	A	0.5455
18736	C	0.3636
18737	G	0.2727
18738	G	0.4545
18739	C	0.4545
18740	T	0.3636
18741	G	0.5455
18742	T	0.2727
18743	T	0.4545
18744	G	0.4545
18745	G	0.5455
18746	G	0.5455
18747	A	0.4545
18748	C	0.4545
18749	A	0.3636
18750	C	0.3636
18751	A	0.5455
18752	G	0.2727
18753	A	0.4545
18754	T	0.6364
18755	G	0.5455
18756	C	0.5455
18757	T	0.3636
18758	T	0.4545
18759	C	0.7273
18760	A	0.3636
18761	C	0.2727
18762	T	0.5455
18763	T	0.4545
18764	A	0.6364
18765	T	0.5455
18766	T	0.5455
18767	G	0.4545
18768	A	0.2727
18769	A	0.4545
18770	T	0.4545
18771	T	0.3636
18772	G	0.4545
18773	G	0.4545
18774	T	0.5455
18775	G	0.4545
18776	G	0.3636
18777	G	0.4545
18778	T	0.2727
18779	A	0.3636
18780	T	0.3636
18781	C	0.4545
18782	G	0.3636
18783	G	0.3636
18784	G	0.3636
18785	C	0.4545
18786	T	0.3636
18787	A	0.4545
18788	A	0.3636
18789	A	0.3636
18790	A	0.4545
18791	T	0.4545
18792	G	0.3636
18793	A	0.3636
18794	G	0.3636
18795	A	0.5455
18796	C	0.3636
18797	G	0.3636
18798	G	0.4545
18799	G	0.2727
18800	A	0.4545
18801	C	0.3636
18802	A	0.5455
18803	C	0.5455
18804	T	0.3636
18805	G	0.4545
18806	A	0.6364
18807	A	0.5455
18808	G	0.5455
18809	T	0.3636
18810	C	0.3636
18811	A	0.4545
18812	A	0.5455
18813	G	0.3636
18814	G	0.3636
18815	C	0.4545
18816	A	0.2727
18817	A	0.3636
18818	T	0.4545
18819	A	0.5455
18820	G	0.3636
18821	T	0.3636
18822	A	0.3636
18823	A	0.4545
18824	C	0.3636
18825	A	0.4545
18826	A	0.6364
18827	G	0.3636
18828	G	0.3636
18829	G	0.3636
18830	A	0.5000
18831	A	0.3000
18832	G	0.3000
18833	G	0.4000
18834	A	0.6000
18835	G	0.4000
18836	T	0.4000
18837	A	0.5000
18838	C	0.4000
18839	T	0.5000
18840	T	0.3636
18841	A	0.4545
18842	A	0.3636
18843	T	0.3636
18844	A	0.3636
18845	A	0.4545
18846	G	0.4545
18847	A	0.4545
18848	C	0.4545
18849	T	0.5455
18850	A	0.3636
18851	A	0.2727
18852	G	0.3636
18853	T	0.4545
18854	C	0.3636
18855	A	0.2727
18856	A	0.4545
18857	C	0.3636
18858	C	0.5455
18859	G	0.4545
18860	G	0.2727
18861	T	0.2727
18862	G	0.2727
18863	A	0.3636
18864	A	0.3636
18865	A	0.4545
18866	A	0.4545
18867	G	0.5455
18868	G	0.4545
18869	A	0.5455
18870	A	0.3636
18871	G	0.3636
18872	G	0.5455
18873	T	0.3636
18874	A	0.6364
18875	A	0.4545
18876	C	0.4545
18877	G	0.3636
18878	T	0.3636
18879	G	0.3636
18880	A	0.3636
18881	A	0.4545
18882	T	0.4545
18883	C	0.5455
18884	T	0.4545
18885	G	0.6364
18886	A	0.6364
18887	A	0.4545
18888	C	0.3636
18889	G	0.4545
18890	G	0.4545
18891	C	0.3636
18892	G	0.3636
18893	A	0.3636
18894	T	0.3636
18895	T	0.4545
18896	T	0.3636
18897	C	0.3636
18898	A	0.4545
18899	T	0.3636
18900	T	0.3636
18901	G	0.6364
18902	G	0.3636
18903	A	0.3636
18904	A	0.4545
18905	A	0.5455
18906	C	0.3636
18907	G	0.3636
18908	C	0.4545
18909	T	0.3636
18910	A	0.5455
18911	A	0.4545
18912	G	0.3636
18913	A	0.3636
18914	T	0.3636
18915	G	0.5455
18916	A	0.3636
18917	G	0.3636
18918	T	0.3636
18919	G	0.3636
18920	T	0.3636
18921	A	0.3636
18922	T	0.3636
18923	G	0.2727
18924	A	0.6364
18925	T	0.4545
18926	T	0.4545
18927	C	0.3636
18928	G	0.4545
18929	T	0.4545
18930	C	0.3636
18931	G	0.4545
18932	T	0.3636
18933	T	0.5455
18934	A	0.3636
18935	C	0.3636
18936	C	0.4545
18937	T	0.3636
18938	C	0.3636
18939	T	0.3636
18940	A	0.3636
18941	A	0.4545
18942	G	0.3636
18943	A	0.2727
18944	A	0.3636
18945	T	0.2727
18946	T	0.2727
18947	A	0.5455
18948	A	0.3636
18949	C	0.4545
18950	C	0.4545
18951	G	0.3636
18952	G	0.5455
18953	A	0.4545
18954	G	0.3636
18955	C	0.4545
18956	A	0.4545
18957	G	0.3636
18958	G	0.6364
18959	T	0.3636
18960	A	0.3636
18961	T	0.3636
18962	T	0.4545
18963	A	0.5455
18964	T	0.2727
18965	T	0.6364
18966	G	0.5455
18967	T	0.4545
18968	A	0.4545
18969	T	0.3636
18970	T	0.2727
18971	G	0.3636
18972	C	0.3636
18973	A	0.3636
18974	G	0.3636
18975	A	0.3636
18976	C	0.3636
18977	C	0.3636
18978	C	0.4545
18979	G	0.3636
18980	G	0.5455
18981	T	0.3636
18982	G	0.3636
18983	T	0.2727
18984	A	0.3636
18985	G	0.4545
18986	G	0.2727
18987	G	0.3636
18988	G	0.3636
18989	T	0.6364
18990	G	0.3636
18991	A	0.5455
18992	A	0.4545
18993	C	0.3636
18994	G	0.2727
18995	T	0.4545
18996	G	0.4545
18997	A	0.5455
18998	A	0.4545
18999	A	0.3636
19000	C	0.4545
19001	T	0.4545
19002	G	0.4545
19003	C	0.3636
19004	C	0.3636
19005	G	0.3636
19006	G	0.3636
19007	A	0.4545
19008	C	0.3636
19009	G	0.4545
19010	T	0.4545
19011	G	0.4545
19012	G	0.2727
19013	A	0.3636
19014	A	0.4545
19015	C	0.3636
19016	A	0.4545
19017	T	0.5455
19018	G	0.3636
19019	C	0.3636
19020	T	0.3636
19021	A	0.4545
19022	C	0.4545
19023	C	0.2727
19024	G	0.5455
19025	T	0.3636
19026	G	0.3636
19027	A	0.4545
19028	A	0.4545
19029	G	0.3636
19030	G	0.4545
19031	T	0.5455
19032	C	0.4545
19033	A	0.5455
19034	T	0.4545
19035	A	0.4545
19036	C	0.3636
19037	A	0.5455
19038	C	0.5455
19039	C	0.3636
19040	A	0.2727
19041	C	0.3636
19042	G	0.4545
19043	A	0.4545
19044	C	0.3636
19045	A	0.5455
19046	A	0.3636
19047	C	0.2727
19048	G	0.3636
19049	A	0.3636
19050	G	0.4545
19051	A	0.4545
19052	A	0.4545
19053	G	0.4545
19054	G	0.5455
19055	A	0.4545
19056	C	0.7273
19057	A	0.3636
19058	G	0.4545
19059	C	0.3636
19060	A	0.3636
19061	T	0.3636
19062	T	0.3636
19063	A	0.3636
19064	A	0.3636
19065	A	0.4545
19066	G	0.3636
19067	T	0.4545
19068	T	0.2727
19069	A	0.3636
19070	A	0.4545
19071	G	0.5455
19072	G	0.3636
19073	T	0.4545
19074	A	0.4545
19075	A	0.3636
19076	C	0.4545
19077	G	0.4545
19078	G	0.4545
19079	A	0.5455
19080	T	0.5455
19081	G	0.3636
19082	C	0.3636
19083	A	0.4545
19084	G	0.3636
19085	C	0.5455
19086	A	0.4545
19087	A	0.3636
19088	G	0.3636
19089	T	0.4545
19090	A	0.5455
19091	A	0.6364
19092	A	0.3636
19093	G	0.4545
19094	C	0.3636
19095	C	0.3636
19096	G	0.4545
19097	T	0.2727
19098	C	0.4545
19099	A	0.3636
19100	C	0.3636
19101	T	0.3636
19102	G	0.6364
19103	G	0.3636
19104	A	0.4545
19105	G	0.3636
19106	T	0.4545
19107	T	0.2727
19108	A	0.4545
19109	G	0.3636
19110	C	0.4545
19111	G	0.3636
19112	A	0.4545
19113	C	0.3636
19114	A	0.5455
19115	G	0.5455
19116	G	0.3636
19117	A	0.4545
19118	G	0.4545
19119	T	0.4545
19120	C	0.3636
19121	T	0.3636
19122	T	0.4545
19123	T	0.4545
19124	T	0.3636
19125	T	0.4545
19126	G	0.4545
19127	A	0.5455
19128	G	0.4545
19129	T	0.3636
19130	A	0.4545
19131	T	0.2727
19132	A	0.5455
19133	T	0.4545
19134	A	0.3636
19135	T	0.3636
19136	A	0.4545
19137	T	0.4545
19138	C	0.4545
19139	G	0.4545
19140	G	0.3636
19141	G	0.3636
19142	C	0.4545
19143	A	0.3636
19144	T	0.2727
19145	C	0.3636
19146	T	0.4545
19147	A	0.3636
19148	T	0.3636
19149	T	0.3636
19150	T	0.3636
19151	T	0.3636
19152	A	0.3636
19153	T	0.3636
19154	A	0.4545
19155	T	0.5455
19156	A	0.3636
19157	A	0.4545
19158	A	0.3636
19159	A	0.4545
19160	A	0.4545
19161	A	0.7273
19162	C	0.3636
19163	G	0.4545
19164	T	0.2727
19165	C	0.4545
19166	T	0.3636
19167	G	0.3636
19168	T	0.4545
19169	C	0.3636
19170	A	0.4545
19171	A	0.3636
19172	A	0.3636
19173	A	0.4545
19174	G	0.3636
19175	G	0.3636
19176	A	0.3636
19177	A	0.4545
19178	G	0.3636
19179	A	0.3636
19180	T	0.4545
19181	A	0.4545
19182	A	0.3636
19183	C	0.3636
19184	G	0.6364
19185	G	0.4545
19186	C	0.3636
19187	A	0.3636
19188	G	0.3636
19189	T	0.3636
19190	C	0.2727
19191	T	0.3636
19192	T	0.2727
19193	T	0.3636
19194	A	0.4545
19195	G	0.2727
19196	G	0.4545
19197	C	0.3636
19198	T	0.4545
19199	G	0.4545
19200	C	0.5455
19201	T	0.3636
19202	G	0.3636
19203	T	0.3636
19204	G	0.5455
19205	G	0.3636
19206	G	0.3636
19207	A	0.2727
19208	A	0.3636
19209	G	0.3636
19210	T	0.2727
19211	T	0.3636
19212	C	0.3636
19213	G	0.4545
19214	T	0.4000
19215	G	0.3000
19216	T	0.4000
19217	G	0.4000
19218	A	0.5000
19219	G	0.4000
19220	A	0.4000
19221	G	0.4000
19222	T	0.3000
19223	A	0.5000
19224	G	0.5000
19225	A	0.6000
19226	G	0.3000
19227	A	0.4000
19228	A	0.5000
19229	T	0.4000
19230	A	0.3000
19231	C	0.5000
19232	G	0.4000
19233	T	0.5000
19234	T	0.4000
19235	A	0.6000
19236	T	0.5000
19237	A	0.3000
19238	T	0.4000
19239	C	0.5000
19240	A	0.6000
19241	T	0.3000
19242	C	0.4000
19243	A	0.5000
19244	T	0.4000
19245	G	0.3000
19246	C	0.7000
19247	T	0.4000
19248	G	0.4000
19249	A	0.3000
19250	A	0.3000
19251	T	0.5000
19252	A	0.4000
19253	C	0.4000
19254	A	0.5000
19255	C	0.4000
19256	C	0.5000
19257	A	0.4000
19258	G	0.5000
19259	C	0.6000
19260	A	0.6000
19261	G	0.4000
19262	G	0.5000
19263	C	0.5000
19264	T	0.5000
19265	T	0.4000
19266	A	0.4000
19267	A	0.4000
19268	T	0.4000
19269	T	0.3000
19270	C	0.3000
19271	A	0.4000
19272	T	0.4000
19273	C	0.3000
19274	C	0.3000
19275	G	0.4000
19276	A	0.3000
19277	G	0.3000
19278	T	0.3000
19279	G	0.4000
19280	T	0.5000
19281	A	0.3000
19282	G	0.4000
19283	A	0.4000
19284	T	0.4000
19285	C	0.3000
19286	T	0.3000
19287	A	0.4000
19288	C	0.4000
19289	A	0.4000
19290	T	0.3000
19291	G	0.4000
19292	A	0.4000
19293	C	0.3000
19294	G	0.7000
19295	A	0.4000
19296	A	0.6000
19297	A	0.5000
19298	G	0.3000
19299	A	0.4000
19300	C	0.5000
19301	G	0.4000
19302	A	0.4000
19303	A	0.3000
19304	G	0.5000
19305	A	0.4000
19306	A	0.5000
19307	T	0.4000
19308	C	0.3000
19309	A	0.3000
19310	T	0.4000
19311	A	0.3000
19312	C	0.4000
19313	T	0.5000
19314	A	0.5000
19315	C	0.4000
19316	T	0.4000
19317	G	0.4000
19318	G	0.5000
19319	A	0.4000
19320	A	0.5000
19321	G	0.4000
19322	A	0.4000
19323	A	0.4000
19324	A	0.5000
19325	T	0.4000
19326	C	0.4000
19327	A	0.5000
19328	T	0.4000
19329	G	0.4000
19330	G	0.5000
19331	C	0.4000
19332	C	0.3000
19333	G	0.3000
19334	T	0.4000
19335	T	0.6000
19336	G	0.6000
19337	G	0.5000
19338	T	0.5000
19339	T	0.6000
19340	T	0.5000
19341	T	0.5000
19342	C	0.3000
19343	A	0.5000
19344	C	0.5000
19345	G	0.7000
19346	G	0.4000
19347	C	0.7000
19348	A	0.4000
19349	C	0.5000
19350	T	0.4000
19351	C	0.6000
19352	C	0.4000
19353	A	0.4000
19354	T	0.4000
19355	C	0.3000
19356	G	0.4000
19357	A	0.3000
19358	A	0.3000
19359	A	0.3000
19360	C	0.4000
19361	T	0.3000
19362	G	0.4000
19363	A	0.4000
19364	A	0.3000
19365	G	0.3000
19366	T	0.3000
19367	T	0.3000
19368	C	0.4000
19369	A	0.5000
19370	C	0.4000
19371	C	0.3000
19372	G	0.4000
19373	A	0.5000
19374	A	0.4000
19375	A	0.4000
19376	A	0.4000
19377	A	0.4000
19378	G	0.5000
19379	A	0.4000
19380	A	0.5000
19381	C	0.6000
19382	C	0.3000
19383	A	0.4000
19384	C	0.5000
19385	G	0.3000
19386	A	0.3000
19387	A	0.4000
19388	A	0.4000
19389	T	0.4000
19390	G	0.4000
19391	A	0.5000
19392	C	0.5000
19393	A	0.4000
19394	G	0.4000
19395	G	0.4000
19396	A	0.3000
19397	T	0.5000
19398	T	0.5000
19399	T	0.4000
19400	T	0.4000
19401	A	0.4000
19402	C	0.3000
19403	A	0.4000
19404	T	0.4000
19405	T	0.4000
19406	C	0.3000
19407	A	0.3000
19408	G	0.4000
19409	T	0.4000
19410	A	0.4000
19411	C	0.4000
19412	A	0.5000
19413	A	0.4000
19414	G	0.4000
19415	C	0.5000
19416	T	0.5000
19417	G	0.4000
19418	A	0.3000
19419	A	0.5000
19420	A	0.4000
19421	G	0.4000
19422	A	0.4000
19423	C	0.3000
19424	A	0.4000
19425	G	0.4000
19426	A	0.4000
19427	T	0.4000
19428	G	0.4000
19429	G	0.4000
19430	C	0.3000
19431	A	0.4000
19432	A	0.4000
19433	G	0.7000
19434	G	0.4000
19435	A	0.4000
19436	A	0.4000
19437	T	0.5000
19438	A	0.3000
19439	T	0.5000
19440	G	0.5000
19441	C	0.4000
19442	T	0.4000
19443	G	0.4000
19444	C	0.5000
19445	A	0.3000
19446	T	0.4000
19447	T	0.6000
19448	C	0.3000
19449	C	0.3000
19450	C	0.4000
19451	G	0.4000
19452	A	0.4000
19453	C	0.6000
19454	T	0.6000
19455	G	0.7000
19456	A	0.6000
19457	T	0.4000
19458	G	0.6000
19459	C	0.3000
19460	A	0.4000
19461	A	0.5000
19462	A	0.4000
19463	A	0.4000
19464	G	0.5000
19465	C	0.4000
19466	C	0.4000
19467	T	0.4000
19468	A	0.7000
19469	A	0.4000
19470	A	0.5000
19471	C	0.5000
19472	T	0.5000
19473	A	0.5000
19474	C	0.4000
19475	A	0.4000
19476	A	0.3000
19477	T	0.3000
19478	G	0.4000
19479	A	0.6000
19480	A	0.7000
19481	A	0.4000
19482	G	0.3000
19483	A	0.4000
19484	C	0.3000
19485	C	0.5000
19486	A	0.4000
19487	G	0.4000
19488	A	0.4000
19489	G	0.4000
19490	G	0.5000
19491	G	0.4000
19492	C	0.3000
19493	A	0.6000
19494	A	0.3000
19495	G	0.5000
19496	T	0.4000
19497	G	0.4000
19498	A	0.5000
19499	T	0.4000
19500	T	0.3000
19501	A	0.4000
19502	T	0.5000
19503	G	0.5000
19504	G	0.4000
19505	T	0.5000
19506	T	0.4000
19507	A	0.4000
19508	A	0.4000
19509	A	0.5000
19510	C	0.5000
19511	G	0.5000
19512	A	0.5000
19513	G	0.4000
19514	A	0.5000
19515	A	0.4000
19516	G	0.5000
19517	A	0.6000
19518	C	0.4000
19519	T	0.5000
19520	A	0.6000
19521	C	0.3000
19522	T	0.3000
19523	A	0.4000
19524	G	0.4000
19525	A	0.6000
19526	A	0.4000
19527	G	0.4000
19528	C	0.4000
19529	A	0.5000
19530	G	0.3000
19531	C	0.4000
19532	A	0.6000
19533	G	0.4000
19534	A	0.7000
19535	A	0.7000
19536	T	0.4000
19537	T	0.4000
19538	T	0.4000
19539	A	0.4000
19540	A	0.3000
19541	A	0.5000
19542	A	0.6000
19543	G	0.3000
19544	G	0.5000
19545	A	0.6000
19546	C	0.6000
19547	T	0.5000
19548	G	0.5000
19549	A	0.3000
19550	G	0.4000
19551	T	0.4000
19552	A	0.4000
19553	G	0.3000
19554	A	0.5000
19555	A	0.4000
19556	A	0.6000
19557	G	0.4000
19558	G	0.4000
19559	T	0.5000
19560	T	0.4000
19561	C	0.5000
19562	C	0.4000
19563	A	0.4000
19564	A	0.4000
19565	T	0.4000
19566	A	0.6000
19567	A	0.5000
19568	A	0.4000
19569	G	0.4000
19570	A	0.4000
19571	A	0.5000
19572	C	0.5000
19573	A	0.3000
19574	A	0.4000
19575	G	0.4000
19576	C	0.4000
19577	A	0.4000
19578	A	0.5000
19579	T	0.4000
19580	C	0.3000
19581	G	0.4000
19582	T	0.4000
19583	A	0.5000
19584	T	0.4000
19585	A	0.3000
19586	A	0.3000
19587	T	0.4000
19588	T	0.3000
19589	T	0.3000
19590	G	0.4000
19591	T	0.5000
19592	T	0.3000
19593	T	0.4000
19594	T	0.4000
19595	A	0.3000
19596	C	0.4000
19597	C	0.3000
19598	T	0.4000
19599	T	0.5000
19600	T	0.4000
19601	C	0.3000
19602	G	0.4000
19603	G	0.4000
19604	T	0.5000
19605	C	0.3000
19606	A	0.6000
19607	C	0.4000
19608	G	0.5000
19609	T	0.4000
19610	A	0.4000
19611	A	0.5000
19612	A	0.5000
19613	C	0.4000
19614	A	0.4000
19615	T	0.3000
19616	T	0.4000
19617	C	0.5000
19618	C	0.3000
19619	G	0.6000
19620	A	0.6000
19621	A	0.5000
19622	A	0.4000
19623	G	0.5000
19624	A	0.4000
19625	G	0.4000
19626	A	0.4000
19627	C	0.6000
19628	G	0.3000
19629	A	0.5000
19630	A	0.3000
19631	T	0.6000
19632	T	0.4000
19633	T	0.5000
19634	G	0.4000
19635	G	0.3000
19636	C	0.4000
19637	G	0.4000
19638	A	0.4000
19639	A	0.3000
19640	G	0.4000
19641	A	0.4000
19642	C	0.4000
19643	A	0.5000
19644	G	0.4000
19645	C	0.6000
19646	A	0.3000
19647	A	0.3000
19648	G	0.4000
19649	G	0.3000
19650	T	0.5000
19651	G	0.5000
19652	G	0.4000
19653	A	0.6000
19654	C	0.6000
19655	G	0.4000
19656	G	0.5000
19657	A	0.5000
19658	C	0.3000
19659	T	0.4000
19660	T	0.4000
19661	G	0.7000
19662	A	0.8000
19663	A	0.5000
19664	T	0.4000
19665	T	0.3000
19666	T	0.7000
19667	C	0.3000
19668	A	0.6000
19669	G	0.4000
19670	C	0.3000
19671	A	0.5000
19672	T	0.6000
19673	C	0.3000
19674	T	0.4000
19675	A	0.4000
19676	G	0.6000
19677	G	0.5000
19678	G	0.4000
19679	A	0.4000
19680	C	0.4000
19681	T	0.6000
19682	C	0.3000
19683	A	0.4000
19684	A	0.5000
19685	A	0.4000
19686	T	0.5000
19687	T	0.4000
19688	G	0.3000
19689	A	0.4000
19690	A	0.6000
19691	T	0.4000
19692	G	0.4000
19693	A	0.5000
19694	C	0.4000
19695	A	0.3000
19696	C	0.4000
19697	A	0.4000
19698	G	0.4000
19699	T	0.3000
19700	G	0.3000
19701	G	0.5000
19702	G	0.5000
19703	C	0.5000
19704	G	0.4000
19705	T	0.4000
19706	C	0.3000
19707	A	0.4000
19708	C	0.5000
19709	T	0.4000
19710	G	0.4000
19711	A	0.4000
19712	T	0.3000
19713	A	0.4000
19714	A	0.4000
19715	T	0.4000
19716	T	0.4000
19717	C	0.5000
19718	G	0.4000
19719	G	0.4000
19720	G	0.4000
19721	G	0.4000
19722	A	0.4000
19723	C	0.4000
19724	G	0.5000
19725	A	0.4000
19726	T	0.4000
19727	G	0.4000
19728	G	0.4000
19729	A	0.5000
19730	T	0.3000
19731	T	0.4000
19732	T	0.4000
19733	C	0.4000
19734	G	0.5000
19735	C	0.4000
19736	C	0.3000
19737	G	0.4000
19738	A	0.3000
19739	A	0.8000
19740	T	0.4000
19741	A	0.5000
19742	A	0.4000
19743	A	0.4000
19744	A	0.4000
19745	T	0.3000
19746	A	0.5000
19747	A	0.4000
19748	A	0.5000
19749	C	0.3000
19750	G	0.4000
19751	G	0.4000
19752	A	0.4000
19753	C	0.4000
19754	C	0.4000
19755	C	0.5000
19756	C	0.4000
19757	A	0.4000
19758	A	0.5000
19759	G	0.4000
19760	G	0.4000
19761	C	0.4000
19762	T	0.3000
19763	G	0.4000
19764	G	0.4000
19765	T	0.4000
19766	G	0.4000
19767	G	0.5000
19768	C	0.5000
19769	G	0.3000
19770	A	0.4000
19771	G	0.5000
19772	C	0.5000
19773	T	0.3000
19774	A	0.5000
19775	G	0.4000
19776	A	0.3000
19777	C	0.5000
19778	A	0.3000
19779	G	0.6000
19780	G	0.3000
19781	A	0.4000
19782	A	0.4000
19783	T	0.3000
19784	G	0.4000
19785	A	0.3000
19786	A	0.5000
19787	G	0.4000
19788	A	0.4000
19789	G	0.4000
19790	G	0.5000
19791	T	0.4000
19792	T	0.4000
19793	T	0.4000
19794	T	0.4000
19795	G	0.4000
19796	C	0.3000
19797	A	0.5000
19798	T	0.4000
19799	T	0.4000
19800	G	0.4000
19801	A	0.4000
19802	G	0.3000
19803	T	0.3000
19804	A	0.6000
19805	C	0.3000
19806	T	0.3000
19807	G	0.5000
19808	A	0.5000
19809	A	0.5000
19810	G	0.3000
19811	T	0.6000
19812	G	0.4000
19813	A	0.5000
19814	A	0.4000
19815	C	0.4000
19816	A	0.6000
19817	G	0.6000
19818	T	0.4000
19819	A	0.4000
19820	A	0.6000
19821	T	0.4000
19822	G	0.4000
19823	C	0.4000
19824	C	0.4000
19825	T	0.3000
19826	T	0.5000
19827	T	0.4000
19828	G	0.6000
19829	A	0.3000
19830	A	0.4000
19831	A	0.6000
19832	A	0.5000
19833	T	0.4000
19834	G	0.4000
19835	A	0.6000
19836	A	0.5000
19837	A	0.4000
19838	A	0.4000
19839	T	0.3000
19840	G	0.6000
19841	G	0.4000
19842	G	0.5000
19843	C	0.5000
19844	A	0.4000
19845	A	0.5000
19846	A	0.4000
19847	A	0.4000
19848	G	0.3000
19849	G	0.4000
19850	G	0.4000
19851	A	0.7000
19852	G	0.4000
19853	G	0.3000
19854	G	0.5000
19855	G	0.5000
19856	G	0.4000
19857	C	0.4000
19858	G	0.4000
19859	A	0.4000
19860	G	0.4000
19861	C	0.3000
19862	A	0.5000
19863	T	0.4000
19864	T	0.4000
19865	G	0.3000
19866	T	0.4000
19867	T	0.3000
19868	T	0.4000
19869	C	0.3000
19870	T	0.7000
19871	T	0.3000
19872	T	0.5000
19873	C	0.5000
19874	T	0.3000
19875	A	0.6000
19876	A	0.5000
19877	A	0.3333
19878	A	0.4444
19879	G	0.3333
19880	G	0.4444
19881	A	0.4444
19882	T	0.6667
19883	G	0.4444
19884	C	0.3333
19885	G	0.3333
19886	A	0.3333
19887	A	0.3333
19888	T	0.4444
19889	A	0.3333
19890	A	0.6667
19891	A	0.4444
19892	A	0.5556
19893	A	0.3333
19894	A	0.6667
19895	C	0.3333
19896	C	0.3333
19897	C	0.3333
19898	A	0.3333
19899	G	0.4444
19900	A	0.5556
19901	A	0.3333
19902	A	0.4444
19903	A	0.3333
19904	C	0.4444
19905	A	0.4444
19906	A	0.3333
19907	A	0.3333
19908	C	0.4444
19909	T	0.3333
19910	G	0.5556
19911	A	0.3333
19912	T	0.4444
19913	T	0.4444
19914	G	0.3333
19915	A	0.4444
19916	T	0.4444
19917	T	0.4444
19918	G	0.5556
19919	A	0.6667
19920	G	0.4444
19921	A	0.3333
19922	G	0.3333
19923	A	0.3333
19924	A	0.5556
19925	G	0.3333
19926	T	0.6667
19927	T	0.4444
19928	G	0.3333
19929	A	0.3333
19930	A	0.4444
19931	G	0.4444
19932	G	0.5556
19933	A	0.4444
19934	A	0.4444
19935	C	0.3333
19936	C	0.5556
19937	A	0.4444
19938	C	0.4444
19939	T	0.3333
19940	A	0.4444
19941	G	0.3333
19942	T	0.4444
19943	T	0.4444
19944	G	0.4444
19945	G	0.4444
19946	C	0.4444
19947	A	0.3333
19948	C	0.5556
19949	T	0.4444
19950	C	0.4444
19951	T	0.4444
19952	A	0.4444
19953	A	0.4444
19954	T	0.3333
19955	T	0.4444
19956	A	0.4444
19957	A	0.5556
19958	A	0.4444
19959	A	0.4444
19960	A	0.5556
19961	T	0.3333
19962	C	0.4444
19963	T	0.3333
19964	C	0.4444
19965	T	0.3333
19966	G	0.4444
19967	C	0.4444
19968	G	0.3333
19969	A	0.5556
19970	A	0.4444
19971	T	0.4444
19972	G	0.5556
19973	A	0.4444
19974	G	0.5556
19975	A	0.3333
19976	A	0.4444
19977	A	0.6667
19978	T	0.4444
19979	T	0.3333
19980	T	0.4444
19981	G	0.4444
19982	T	0.5556
19983	C	0.3333
19984	G	0.3333
19985	G	0.4444
19986	G	0.3333
19987	A	0.5556
19988	T	0.4444
19989	T	0.5556
19990	G	0.3333
19991	C	0.4444
19992	G	0.5556
19993	A	0.3333
19994	A	0.3333
19995	G	0.3333
19996	T	0.6667
19997	C	0.3333
19998	C	0.3333
19999	A	0.5556
20000	G	0.4444
20001	A	0.5000
20002	A	0.3750
20003	A	0.6250
20004	T	0.5000
20005	A	0.5000
20006	A	0.3750
20007	A	0.5000
20008	A	0.3750
20009	C	0.3750
20010	A	0.6250
20011	A	0.5000
20012	A	0.5000
20013	T	0.5000
20014	A	0.5000
20015	T	0.3750
20016	A	0.3750
20017	A	0.3750
20018	A	0.5000
20019	A	0.3750
20020	A	0.3750
20021	A	0.3750
20022	G	0.3750
20023	C	0.5000
20024	T	0.5000
20025	G	0.7500
20026	A	0.2500
20027	G	0.5000
20028	A	0.5000
20029	A	0.3750
20030	T	0.3750
20031	T	0.5000
20032	C	0.3750
20033	T	0.6250
20034	A	0.5000
20035	A	0.3750
20036	C	0.3750
20037	G	0.5000
20038	C	0.3750
20039	T	0.3750
20040	T	0.5000
20041	T	0.6250
20042	T	0.3750
20043	T	0.3750
20044	A	0.6250
20045	C	0.5000
20046	G	0.3750
20047	T	0.5000
20048	A	0.3750
20049	T	0.5000
20050	C	0.7500
20051	A	0.5000
20052	T	0.3750
20053	T	0.5000
20054	T	0.2500
20055	A	0.5000
20056	T	0.5000
20057	A	0.3750
20058	C	0.5000
20059	C	0.3750
20060	C	0.7500
20061	T	0.3750
20062	A	0.5000
20063	A	0.6250
20064	A	0.5000
20065	G	0.3750
20066	A	0.2500
20067	A	0.5000
20068	C	0.5000
20069	A	0.6250
20070	G	0.7500
20071	G	0.3750
20072	G	0.3750
20073	G	0.5000
20074	T	0.3750
20075	G	0.3750
20076	A	0.3750
20077	A	0.3750
20078	A	0.6250
20079	C	0.5000
20080	G	0.3750
20081	C	0.3750
20082	G	0.2500
20083	A	0.5000
20084	G	0.3750
20085	T	0.5000
20086	T	0.5000
20087	A	0.3750
20088	A	0.6250
20089	A	0.6250
20090	C	0.5000
20091	A	0.5000
20092	G	0.5000
20093	G	0.3750
20094	T	0.2500
20095	T	0.3750
20096	T	0.5000
20097	G	0.3750
20098	A	0.5000
20099	A	0.6250
20100	T	0.6250
20101	T	0.3750
20102	G	0.5000
20103	G	0.3750
20104	C	0.3750
20105	A	0.3750
20106	C	0.5000
20107	C	0.2500
20108	T	0.5000
20109	T	0.3750
20110	A	0.6250
20111	G	0.2500
20112	T	0.5000
20113	A	0.5000
20114	C	0.3750
20115	C	0.5000
20116	C	0.3750
20117	A	0.3750
20118	T	0.5000
20119	T	0.3750
20120	A	0.5000
20121	T	0.3750
20122	A	0.5000
20123	A	0.5000
20124	C	0.3750
20125	A	0.3750
20126	A	0.5000
20127	T	0.3750
20128	A	0.3750
20129	T	0.5000
20130	G	0.3750
20131	G	0.5000
20132	T	0.3750
20133	G	0.3750
20134	A	0.5000
20135	A	0.5000
20136	G	0.5000
20137	T	0.5000
20138	C	0.3750
20139	A	0.5000
20140	T	0.3750
20141	T	0.5000
20142	A	0.5000
20143	T	0.3750
20144	C	0.5000
20145	G	0.5000
20146	T	0.5000
20147	G	0.2500
20148	T	0.3750
20149	G	0.6250
20150	C	0.3750
20151	T	0.3750
20152	A	0.5000
20153	C	0.5000
20154	C	0.3750
20155	T	0.3750
20156	G	0.3750
20157	C	0.3750
20158	A	0.5000
20159	T	0.6250
20160	G	0.5000
20161	A	0.3750
20162	A	0.3750
20163	A	0.3750
20164	A	0.3750
20165	A	0.5000
20166	G	0.5000
20167	A	0.3750
20168	T	0.6250
20169	A	0.3750
20170	A	0.3750
20171	C	0.3750
20172	A	0.3750
20173	A	0.5000
20174	T	0.3750
20175	A	0.5000
20176	T	0.3750
20177	C	0.5000
20178	C	0.3750
20179	G	0.3750
20180	C	0.3750
20181	A	0.3750
20182	A	0.3750
20183	T	0.3750
20184	A	0.3750
20185	C	0.3750
20186	C	0.5000
20187	G	0.5000
20188	G	0.3750
20189	T	0.5000
20190	G	0.3750
20191	G	0.3750
20192	C	0.3750
20193	A	0.3750
20194	C	0.3750
20195	G	0.5000
20196	C	0.3750
20197	T	0.3750
20198	A	0.3750
20199	T	0.5000
20200	T	0.3750
20201	T	0.2500
20202	C	0.5000
20203	A	0.3750
20204	G	0.5000
20205	T	0.3750
20206	A	0.5000
20207	T	0.3750
20208	A	0.3750
20209	G	0.5000
20210	C	0.3750
20211	A	0.5000
20212	T	0.6250
20213	C	0.5000
20214	A	0.6250
20215	T	0.3750
20216	G	0.5000
20217	A	0.5000
20218	A	0.3750
20219	T	0.3750
20220	G	0.5000
20221	G	0.6250
20222	T	0.3750
20223	A	0.5000
20224	A	0.6250
20225	T	0.3750
20226	T	0.3750
20227	G	0.5000
20228	C	0.3750
20229	C	0.5000
20230	G	0.5000
20231	C	0.6250
20232	C	0.3750
20233	G	0.3750
20234	C	0.3750
20235	C	0.3750
20236	A	0.5000
20237	C	0.5000
20238	A	0.3750
20239	T	0.3750
20240	G	0.5000
20241	C	0.5000
20242	A	0.3750
20243	G	0.3750
20244	A	0.3750
20245	C	0.3750
20246	T	0.3750
20247	A	0.3750
20248	A	0.3750
20249	C	0.5000
20250	A	0.3750
20251	G	0.2500
20252	T	0.3750
20253	C	0.5000
20254	A	0.3750
20255	G	0.6250
20256	G	0.8750
20257	G	0.3750
20258	G	0.5000
20259	C	0.3750
20260	A	0.3750
20261	G	0.5000
20262	A	0.7500
20263	A	0.6250
20264	T	0.7500
20265	G	0.5000
20266	T	0.3750
20267	C	0.3750
20268	T	0.3750
20269	T	0.5000
20270	T	0.6250
20271	A	0.5000
20272	A	0.3750
20273	C	0.3750
20274	G	0.3750
20275	G	0.3750
20276	G	0.5000
20277	T	0.2500
20278	C	0.5000
20279	C	0.5000
20280	G	0.3750
20281	A	0.3750
20282	T	0.5000
20283	A	0.5000
20284	G	0.3750
20285	T	0.5000
20286	A	0.3750
20287	T	0.3750
20288	T	0.3750
20289	T	0.3750
20290	T	0.5000
20291	C	0.3750
20292	A	0.5000
20293	A	0.5000
20294	C	0.5000
20295	T	0.2500
20296	T	0.3750
20297	G	0.5000
20298	C	0.5000
20299	A	0.3750
20300	G	0.3750
20301	T	0.5000
20302	A	0.3750
20303	A	0.3750
20304	C	0.5000
20305	G	0.5000
20306	T	0.3750
20307	G	0.6250
20308	T	0.3750
20309	C	0.3750
20310	G	0.5000
20311	T	0.2500
20312	A	0.3750
20313	G	0.3750
20314	C	0.3750
20315	A	0.3750
20316	G	0.6250
20317	A	0.5000
20318	C	0.5000
20319	G	0.6250
20320	A	0.3750
20321	A	0.5000
20322	A	0.3750
20323	T	0.5000
20324	C	0.5000
20325	C	0.5000
20326	T	0.3750
20327	G	0.3750
20328	A	0.6250
20329	T	0.3750
20330	A	0.5000
20331	G	0.3750
20332	T	0.2500
20333	T	0.3750
20334	T	0.5000
20335	G	0.5000
20336	A	0.3750
20337	A	0.3750
20338	A	0.5000
20339	T	0.3750
20340	G	0.3750
20341	T	0.5000
20342	A	0.6250
20343	C	0.3750
20344	A	0.3750
20345	G	0.3750
20346	G	0.3750
20347	G	0.5000
20348	G	0.3750
20349	G	0.5000
20350	C	0.3750
20351	T	0.3750
20352	T	0.3750
20353	T	0.3750
20354	C	0.3750
20355	T	0.3750
20356	T	0.3750
20357	G	0.3750
20358	C	0.2500
20359	A	0.5000
20360	T	0.3750
20361	G	0.5000
20362	A	0.5000
20363	A	0.3750
20364	G	0.3750
20365	G	0.5000
20366	A	0.3750
20367	T	0.3750
20368	A	0.6250
20369	A	0.5000
20370	A	0.3750
20371	A	0.5000
20372	T	0.5000
20373	G	0.5000
20374	A	0.5000
20375	C	0.3750
20376	G	0.5000
20377	A	0.5000
20378	C	0.3750
20379	A	0.5000
20380	A	0.3750
20381	C	0.3750
20382	A	0.5000
20383	T	0.5000
20384	T	0.5000
20385	C	0.5000
20386	T	0.3750
20387	T	0.3750
20388	T	0.3750
20389	A	0.5000
20390	T	0.2500
20391	A	0.6250
20392	C	0.5000
20393	T	0.3750
20394	T	0.2500
20395	G	0.5000
20396	A	0.6250
20397	A	0.5000
20398	G	0.5000
20399	A	0.5000
20400	A	0.5000
20401	A	0.6250
20402	T	0.5000
20403	T	0.5000
20404	T	0.3750
20405	T	0.5000
20406	C	0.6250
20407	T	0.5000
20408	G	0.3750
20409	T	0.7500
20410	C	0.3750
20411	G	0.3750
20412	A	0.5000
20413	T	0.5000
20414	C	0.5000
20415	A	0.3750
20416	T	0.3750
20417	G	0.3750
20418	G	0.3750
20419	G	0.3750
20420	A	0.5000
20421	G	0.3750
20422	G	0.3750
20423	A	0.3750
20424	C	0.3750
20425	A	0.3750
20426	C	0.6250
20427	G	0.5000
20428	G	0.6250
20429	A	0.5000
20430	A	0.5000
20431	G	0.3750
20432	G	0.3750
20433	T	0.5000
20434	G	0.5000
20435	T	0.3750
20436	T	0.3750
20437	G	0.6250
20438	C	0.3750
20439	C	0.5000
20440	G	0.5000
20441	G	0.5000
20442	G	0.5000
20443	T	0.5000
20444	C	0.3750
20445	C	0.7500
20446	G	0.5000
20447	T	0.3750
20448	G	0.3750
20449	G	0.5000
20450	C	0.6250
20451	A	0.3750
20452	T	0.5000
20453	T	0.5000
20454	C	0.3750
20455	T	0.3750
20456	A	0.5000
20457	A	0.3750
20458	G	0.5000
20459	C	0.3750
20460	C	0.5000
20461	A	0.3750
20462	T	0.5000
20463	A	0.3750
20464	A	0.5000
20465	A	0.3750
20466	T	0.6250
20467	G	0.5000
20468	A	0.3750
20469	A	0.5000
20470	C	0.3750
20471	T	0.5000
20472	G	0.3750
20473	A	0.3750
20474	A	0.5000
20475	T	0.5000
20476	G	0.5000
20477	A	0.3750
20478	G	0.5000
20479	G	0.6250
20480	T	0.5000
20481	G	0.3750
20482	A	0.5000
20483	T	0.3750
20484	G	0.5000
20485	G	0.3750
20486	T	0.5000
20487	A	0.5000
20488	A	0.3750
20489	C	0.5000
20490	A	0.3750
20491	G	0.3750
20492	C	0.5000
20493	A	0.3750
20494	G	0.5000
20495	A	0.5000
20496	G	0.5000
20497	G	0.3750
20498	T	0.3750
20499	C	0.5000
20500	C	0.3750
20501	A	0.6250
20502	G	0.6250
20503	T	0.5000
20504	G	0.5000
20505	G	0.3750
20506	G	0.5000
20507	G	0.3750
20508	G	0.3750
20509	G	0.3750
20510	T	0.3750
20511	G	0.3750
20512	T	0.3750
20513	C	0.6250
20514	C	0.5000
20515	G	0.5000
20516	G	0.3750
20517	A	0.3750
20518	G	0.6250
20519	C	0.3750
20520	T	0.3750
20521	A	0.5000
20522	A	0.3750
20523	G	0.5000
20524	G	0.5000
20525	A	0.3750
20526	T	0.5000
20527	G	0.5000
20528	C	0.7500
20529	G	0.5000
20530	G	0.6250
20531	G	0.5000
20532	A	0.3750
20533	C	0.5000
20534	A	0.5000
20535	C	0.3750
20536	A	0.3750
20537	C	0.5000
20538	G	0.5000
20539	T	0.5000
20540	G	0.3750
20541	C	0.5000
20542	G	0.3750
20543	A	0.3750
20544	C	0.3750
20545	A	0.6250
20546	T	0.5000
20547	A	0.5000
20548	A	0.3750
20549	C	0.7500
20550	A	0.6250
20551	T	0.3750
20552	C	0.3750
20553	T	0.5000
20554	G	0.5000
20555	T	0.3750
20556	C	0.5000
20557	C	0.5000
20558	A	0.2500
20559	A	0.3750
20560	G	0.5000
20561	A	0.5000
20562	T	0.3750
20563	A	0.6250
20564	G	0.3750
20565	A	0.3750
20566	A	0.5000
20567	T	0.5000
20568	G	0.5000
20569	G	0.5000
20570	A	0.5000
20571	A	0.5000
20572	A	0.3750
20573	G	0.5000
20574	T	0.6250
20575	A	0.3750
20576	G	0.3750
20577	A	0.5000
20578	C	0.5000
20579	A	0.3750
20580	T	0.3750
20581	T	0.3750
20582	G	0.3750
20583	G	0.3750
20584	A	0.7500
20585	T	0.5000
20586	A	0.3750
20587	G	0.3750
20588	G	0.5000
20589	C	0.6250
20590	G	0.6250
20591	T	0.3750
20592	C	0.5000
20593	A	0.5000
20594	T	0.3750
20595	A	0.5000
20596	T	0.5000
20597	T	0.5000
20598	T	0.3750
20599	C	0.3750
20600	T	0.3750
20601	C	0.3750
20602	G	0.5000
20603	C	0.3750
20604	A	0.3750
20605	T	0.2500
20606	G	0.3750
20607	A	0.3750
20608	G	0.5000
20609	T	0.3750
20610	C	0.6250
20611	A	0.7500
20612	A	0.3750
20613	G	0.5000
20614	G	0.6250
20615	G	0.5000
20616	G	0.6250
20617	C	0.5000
20618	T	0.3750
20619	G	0.3750
20620	C	0.3750
20621	A	0.5000
20622	A	0.5000
20623	T	0.6250
20624	C	0.3750
20625	G	0.3750
20626	G	0.6250
20627	C	0.5000
20628	C	0.3750
20629	A	0.3750
20630	T	0.5000
20631	C	0.6250
20632	G	0.3750
20633	C	0.6250
20634	A	0.5000
20635	C	0.3750
20636	C	0.5000
20637	G	0.3750
20638	G	0.6250
20639	T	0.3750
20640	A	0.5000
20641	T	0.3750
20642	A	0.3750
20643	G	0.3750
20644	A	0.6250
20645	C	0.3750
20646	T	0.3750
20647	A	0.2500
20648	A	0.3750
20649	G	0.5000
20650	G	0.5000
20651	T	0.3750
20652	G	0.3750
20653	A	0.3750
20654	C	0.3750
20655	C	0.5000
20656	G	0.3750
20657	A	0.3750
20658	A	0.5000
20659	C	0.5000
20660	A	0.3750
20661	T	0.3750
20662	G	0.3750
20663	C	0.3750
20664	A	0.3750
20665	G	0.3750
20666	C	0.3750
20667	A	0.6250
20668	T	0.3750
20669	T	0.5000
20670	C	0.3750
20671	G	0.3750
20672	C	0.3750
20673	T	0.3750
20674	C	0.3750
20675	C	0.3750
20676	G	0.3750
20677	A	0.3750
20678	T	0.5000
20679	T	0.3750
20680	T	0.2500
20681	C	0.5000
20682	T	0.3750
20683	G	0.3750
20684	G	0.3750
20685	A	0.5000
20686	C	0.5000
20687	C	0.5000
20688	A	0.5000
20689	G	0.3750
20690	T	0.5000
20691	C	0.5000
20692	A	0.3750
20693	G	0.6250
20694	G	0.5000
20695	A	0.3750
20696	C	0.5000
20697	T	0.5000
20698	G	0.3750
20699	C	0.3750
20700	G	0.5000
20701	T	0.5000
20702	G	0.5000
20703	G	0.3750
20704	G	0.5000
20705	T	0.3750
20706	G	0.5000
20707	A	0.3750
20708	G	0.3750
20709	C	0.5000
20710	A	0.3750
20711	G	0.3750
20712	A	0.2500
20713	A	0.5000
20714	C	0.2500
20715	A	0.3750
20716	G	0.5000
20717	C	0.3750
20718	C	0.3750
20719	C	0.3750
20720	A	0.3750
20721	C	0.3750
20722	A	0.6250
20723	C	0.3750
20724	T	0.3750
20725	T	0.5000
20726	G	0.5000
20727	A	0.5000
20728	G	0.3750
20729	A	0.5000
20730	A	0.5000
20731	A	0.5000
20732	C	0.3750
20733	A	0.3750
20734	C	0.5000
20735	T	0.3750
20736	A	0.5000
20737	G	0.3750
20738	C	0.3750
20739	G	0.5000
20740	A	0.5000
20741	C	0.5000
20742	T	0.3750
20743	G	0.5000
20744	A	0.6250
20745	A	0.5000
20746	C	0.3750
20747	A	0.3750
20748	A	0.3750
20749	T	0.3750
20750	A	0.3750
20751	T	0.5000
20752	G	0.5000
20753	T	0.5000
20754	G	0.6250
20755	A	0.3750
20756	A	0.5000
20757	T	0.3750
20758	T	0.3750
20759	G	0.3750
20760	G	0.5000
20761	A	0.3750
20762	T	0.3750
20763	T	0.3750
20764	A	0.3750
20765	C	0.2500
20766	A	0.3750
20767	A	0.6250
20768	A	0.5000
20769	A	0.5000
20770	T	0.5000
20771	G	0.3750
20772	G	0.3750
20773	G	0.5000
20774	C	0.3750
20775	A	0.5000
20776	C	0.2500
20777	A	0.5000
20778	G	0.3750
20779	A	0.6250
20780	A	0.6250
20781	A	0.5000
20782	C	0.5000
20783	A	0.2500
20784	T	0.5000
20785	T	0.3750
20786	G	0.3750
20787	G	0.5000
20788	T	0.5000
20789	G	0.5000
20790	G	0.3750
20791	A	0.6250
20792	C	0.5000
20793	G	0.3750
20794	T	0.5000
20795	C	0.2500
20796	C	0.5000
20797	C	0.5000
20798	C	0.3750
20799	A	0.3750
20800	A	0.5000
20801	A	0.3750
20802	A	0.5000
20803	C	0.5000
20804	C	0.3750
20805	G	0.3750
20806	G	0.3750
20807	A	0.6250
20808	C	0.6250
20809	C	0.3750
20810	A	0.6250
20811	C	0.5000
20812	T	0.3750
20813	G	0.3750
20814	G	0.5000
20815	C	0.5000
20816	G	0.5000
20817	C	0.5000
20818	A	0.5000
20819	A	0.3750
20820	T	0.5000
20821	G	0.3750
20822	A	0.3750
20823	C	0.2500
20824	G	0.3750
20825	G	0.5000
20826	A	0.3750
20827	A	0.3750
20828	A	0.5000
20829	A	0.3750
20830	A	0.5000
20831	C	0.7500
20832	A	0.5000
20833	T	0.5000
20834	A	0.5000
20835	C	0.6250
20836	T	0.3750
20837	G	0.3750
20838	G	0.3750
20839	A	0.5000
20840	A	0.6250
20841	A	0.5000
20842	A	0.3750
20843	A	0.3750
20844	A	0.5000
20845	T	0.2500
20846	C	0.3750
20847	C	0.3750
20848	T	0.6250
20849	T	0.6250
20850	T	0.3750
20851	G	0.3750
20852	T	0.3750
20853	G	0.5000
20854	G	0.5000
20855	C	0.3750
20856	C	0.3750
20857	C	0.5000
20858	T	0.5000
20859	G	0.3750
20860	C	0.3750
20861	T	0.3750
20862	T	0.6250
20863	A	0.3750
20864	G	0.5000
20865	G	0.3750
20866	G	0.5000
20867	G	0.3750
20868	A	0.6250
20869	A	0.3750
20870	C	0.5000
20871	A	0.5000
20872	G	0.6250
20873	C	0.3750
20874	C	0.5000
20875	T	0.3750
20876	C	0.3750
20877	C	0.7500
20878	C	0.5000
20879	T	0.5000
20880	G	0.3750
20881	A	0.3750
20882	T	0.5000
20883	C	0.3750
20884	T	0.3750
20885	C	0.5000
20886	G	0.5000
20887	G	0.3750
20888	T	0.3750
20889	A	0.3750
20890	G	0.3750
20891	A	0.3750
20892	C	0.3750
20893	G	0.3750
20894	G	0.5000
20895	C	0.3750
20896	A	0.5000
20897	C	0.5000
20898	C	0.3750
20899	A	0.6250
20900	C	0.3750
20901	G	0.5000
20902	C	0.5000
20903	A	0.3750
20904	C	0.3750
20905	C	0.2500
20906	T	0.3750
20907	C	0.5000
20908	A	0.5000
20909	C	0.3750
20910	A	0.3750
20911	T	0.3750
20912	G	0.5000
20913	G	0.3750
20914	C	0.6250
20915	T	0.3750
20916	G	0.5000
20917	T	0.3750
20918	T	0.5000
20919	A	0.3750
20920	G	0.3750
20921	C	0.3750
20922	C	0.5000
20923	G	0.5000
20924	T	0.3750
20925	A	0.3750
20926	G	0.5000
20927	A	0.5000
20928	T	0.5000
20929	G	0.3750
20930	C	0.3750
20931	C	0.6250
20932	A	0.3750
20933	A	0.5000
20934	G	0.3750
20935	G	0.3750
20936	C	0.5000
20937	A	0.5000
20938	T	0.5000
20939	G	0.5000
20940	C	0.5000
20941	A	0.3750
20942	A	0.5000
20943	G	0.3750
20944	G	0.5000
20945	G	0.3750
20946	C	0.3750
20947	T	0.3750
20948	G	0.3750
20949	A	0.3750
20950	G	0.3750
20951	A	0.3750
20952	A	0.5000
20953	C	0.3750
20954	T	0.3750
20955	T	0.3750
20956	C	0.5000
20957	G	0.5000
20958	C	0.5000
20959	C	0.6250
20960	A	0.5000
20961	A	0.3750
20962	C	0.3750
20963	C	0.6250
20964	G	0.6250
20965	C	0.3750
20966	C	0.3750
20967	C	0.3750
20968	G	0.3750
20969	G	0.5000
20970	A	0.6250
20971	A	0.6250
20972	A	0.3750
20973	G	0.3750
20974	T	0.5000
20975	A	0.3750
20976	A	0.3750
20977	T	0.3750
20978	A	0.5000
20979	C	0.3750
20980	A	0.3750
20981	A	0.3750
20982	A	0.6250
20983	A	0.3750
20984	A	0.3750
20985	T	0.3750
20986	A	0.3750
20987	G	0.5000
20988	G	0.3750
20989	T	0.3750
20990	G	0.5000
20991	G	0.5000
20992	T	0.3750
20993	G	0.2500
20994	A	0.5000
20995	C	0.3750
20996	A	0.3750
20997	G	0.5000
20998	A	0.5000
20999	G	0.3750
21000	A	0.6250
21001	T	0.5000
21002	G	0.2500
21003	A	0.3750
21004	T	0.5000
21005	G	0.3750
21006	G	0.5000
21007	G	0.3750
21008	T	0.3750
21009	G	0.3750
21010	A	0.3750
21011	A	0.3750
21012	C	0.5000
21013	A	0.5000
21014	A	0.5000
21015	G	0.3750
21016	A	0.5000
21017	T	0.5000
21018	A	0.6250
21019	C	0.3750
21020	C	0.3750
21021	A	0.5000
21022	T	0.6250
21023	A	0.3750
21024	C	0.2500
21025	C	0.3750
21026	G	0.3750
21027	G	0.3750
21028	C	0.5000
21029	C	0.5000
21030	G	0.3750
21031	T	0.5000
21032	T	0.2500
21033	A	0.5000
21034	A	0.5000
21035	C	0.5000
21036	A	0.3750
21037	T	0.3750
21038	T	0.5000
21039	A	0.3750
21040	G	0.3750
21041	G	0.3750
21042	A	0.3750
21043	G	0.5000
21044	A	0.5000
21045	A	0.3750
21046	A	0.5000
21047	G	0.3750
21048	G	0.5000
21049	C	0.3750
21050	C	0.2500
21051	G	0.3750
21052	A	0.3750
21053	G	0.3750
21054	G	0.5000
21055	C	0.3750
21056	A	0.3750
21057	G	0.3750
21058	C	0.3750
21059	G	0.5000
21060	G	0.3750
21061	C	0.5000
21062	G	0.5000
21063	G	0.5000
21064	G	0.5000
21065	A	0.3750
21066	C	0.3750
21067	T	0.3750
21068	G	0.3750
21069	A	0.2500
21070	T	0.6250
21071	C	0.3750
21072	C	0.3750
21073	T	0.5000
21074	T	0.5000
21075	T	0.3750
21076	T	0.3750
21077	C	0.5000
21078	C	0.5000
21079	G	0.5000
21080	T	0.3750
21081	G	0.6250
21082	G	0.3750
21083	C	0.3750
21084	G	0.5000
21085	G	0.6250
21086	A	0.5000
21087	C	0.3750
21088	A	0.3750
21089	T	0.3750
21090	C	0.5000
21091	T	0.7500
21092	G	0.5000
21093	T	0.5000
21094	A	0.3750
21095	C	0.3750
21096	T	0.5000
21097	G	0.3750
21098	C	0.6250
21099	A	0.6250
21100	A	0.5000
21101	C	0.3750
21102	A	0.3750
21103	C	0.3750
21104	A	0.3750
21105	G	0.5000
21106	C	0.6250
21107	T	0.5000
21108	G	0.5000
21109	T	0.3750
21110	C	0.6250
21111	G	0.3750
21112	A	0.5000
21113	G	0.3750
21114	G	0.3750
21115	A	0.5000
21116	G	0.3750
21117	A	0.3750
21118	A	0.3750
21119	G	0.3750
21120	G	0.3750
21121	A	0.5000
21122	A	0.6250
21123	G	0.3750
21124	C	0.5000
21125	A	0.3750
21126	G	0.5000
21127	G	0.6250
21128	A	0.3750
21129	T	0.6250
21130	A	0.5000
21131	T	0.3750
21132	A	0.5000
21133	C	0.3750
21134	C	0.5000
21135	T	0.2500
21136	G	0.2500
21137	A	0.3750
21138	A	0.3750
21139	A	0.6250
21140	C	0.5000
21141	C	0.5000
21142	A	0.5000
21143	T	0.5000
21144	T	0.3750
21145	C	0.3750
21146	G	0.6250
21147	C	0.3750
21148	A	0.3750
21149	G	0.5000
21150	A	0.5000
21151	T	0.5000
21152	G	0.7500
21153	C	0.3750
21154	G	0.5000
21155	C	0.3750
21156	C	0.5000
21157	A	0.3750
21158	T	0.3750
21159	A	0.3750
21160	A	0.6250
21161	G	0.3750
21162	A	0.5000
21163	C	0.3750
21164	A	0.3750
21165	G	0.3750
21166	G	0.6250
21167	T	0.3750
21168	G	0.3750
21169	C	0.3750
21170	T	0.3750
21171	G	0.5000
21172	A	0.3750
21173	A	0.3750
21174	A	0.6250
21175	A	0.6250
21176	G	0.3750
21177	A	0.5000
21178	C	0.2500
21179	A	0.3750
21180	G	0.5000
21181	C	0.5000
21182	T	0.5000
21183	G	0.6250
21184	C	0.3750
21185	A	0.3750
21186	A	0.5000
21187	A	0.5000
21188	A	0.5000
21189	G	0.3750
21190	T	0.3750
21191	T	0.3750
21192	C	0.5000
21193	T	0.3750
21194	A	0.3750
21195	A	0.3750
21196	A	0.5000
21197	T	0.3750
21198	A	0.5000
21199	A	0.3750
21200	G	0.3750
21201	G	0.3750
21202	C	0.3750
21203	A	0.6250
21204	A	0.6250
21205	A	0.3750
21206	A	0.3750
21207	G	0.5000
21208	C	0.3750
21209	T	0.5000
21210	G	0.3750
21211	T	0.3750
21212	G	0.6250
21213	G	0.3750
21214	C	0.5000
21215	C	0.3750
21216	A	0.5000
21217	G	0.3750
21218	A	0.3750
21219	C	0.5000
21220	G	0.3750
21221	T	0.5000
21222	G	0.3750
21223	G	0.3750
21224	G	0.3750
21225	G	0.3750
21226	T	0.3750
21227	T	0.6250
21228	G	0.5000
21229	G	0.3750
21230	C	0.3750
21231	A	0.3750
21232	G	0.6250
21233	A	0.5000
21234	A	0.5000
21235	T	0.5000
21236	T	0.3750
21237	A	0.3750
21238	T	0.5000
21239	A	0.3750
21240	C	0.3750
21241	G	0.3750
21242	T	0.3750
21243	T	0.5000
21244	A	0.3750
21245	A	0.3750
21246	G	0.3750
21247	C	0.3750
21248	A	0.5000
21249	A	0.3750
21250	T	0.5000
21251	A	0.3750
21252	G	0.5000
21253	C	0.3750
21254	G	0.5000
21255	T	0.3750
21256	A	0.3750
21257	A	0.6250
21258	T	0.3750
21259	C	0.5000
21260	A	0.5000
21261	A	0.3750
21262	C	0.3750
21263	T	0.3750
21264	G	0.3750
21265	C	0.5000
21266	A	0.5000
21267	A	0.3750
21268	A	0.3750
21269	T	0.5000
21270	G	0.3750
21271	A	0.5000
21272	G	0.3750
21273	A	0.3750
21274	T	0.3750
21275	G	0.3750
21276	T	0.5000
21277	G	0.5000
21278	A	0.3750
21279	A	0.5000
21280	G	0.3750
21281	C	0.5000
21282	T	0.5000
21283	C	0.5000
21284	A	0.5000
21285	A	0.3750
21286	G	0.5000
21287	A	0.5000
21288	A	0.5000
21289	C	0.5000
21290	T	0.3750
21291	G	0.5000
21292	A	0.3750
21293	C	0.3750
21294	G	0.3750
21295	T	0.3750
21296	G	0.3750
21297	G	0.2500
21298	T	0.3750
21299	C	0.3750
21300	C	0.3750
21301	G	0.5000
21302	T	0.5000
21303	T	0.5000
21304	C	0.7500
21305	G	0.2500
21306	C	0.5000
21307	A	0.3750
21308	A	0.3750
21309	T	0.3750
21310	G	0.3750
21311	C	0.3750
21312	A	0.6250
21313	A	0.3750
21314	A	0.3750
21315	A	0.3750
21316	A	0.5000
21317	A	0.3750
21318	A	0.3750
21319	C	0.3750
21320	C	0.3750
21321	A	0.5000
21322	G	0.5000
21323	T	0.5000
21324	A	0.3750
21325	C	0.3750
21326	G	0.3750
21327	A	0.3750
21328	A	0.3750
21329	T	0.3750
21330	T	0.3750
21331	G	0.3750
21332	A	0.5000
21333	A	0.5000
21334	A	0.5000
21335	T	0.3750
21336	C	0.5000
21337	C	0.3750
21338	C	0.3750
21339	T	0.3750
21340	C	0.5000
21341	G	0.3750
21342	A	0.3750
21343	T	0.3750
21344	C	0.5000
21345	A	0.5000
21346	G	0.3750
21347	T	0.3750
21348	T	0.3750
21349	G	0.6250
21350	A	0.5000
21351	C	0.3750
21352	C	0.5000
21353	C	0.5000
21354	A	0.3750
21355	A	0.5000
21356	A	0.3750
21357	A	0.3750
21358	G	0.7500
21359	C	0.3750
21360	A	0.3750
21361	C	0.3750
21362	T	0.3750
21363	C	0.3750
21364	G	0.5000
21365	A	0.5000
21366	C	0.6250
21367	A	0.5000
21368	T	0.5000
21369	G	0.3750
21370	T	0.3750
21371	C	0.6250
21372	G	0.3750
21373	G	0.5000
21374	T	0.5000
21375	C	0.3750
21376	C	0.3750
21377	G	0.5000
21378	T	0.5000
21379	G	0.3750
21380	T	0.5000
21381	T	0.5000
21382	G	0.5000
21383	A	0.3750
21384	T	0.6250
21385	C	0.5000
21386	T	0.3750
21387	G	0.3750
21388	A	0.3750
21389	C	0.3750
21390	C	0.3750
21391	A	0.5000
21392	G	0.5000
21393	A	0.5000
21394	C	0.6250
21395	T	0.3750
21396	G	0.3750
21397	T	0.5000
21398	A	0.3750
21399	T	0.3750
21400	C	0.5000
21401	T	0.5000
21402	T	0.3750
21403	T	0.3750
21404	T	0.6250
21405	C	0.3750
21406	A	0.5000
21407	T	0.5000
21408	A	0.5000
21409	T	0.3750
21410	A	0.3750
21411	C	0.3750
21412	A	0.6250
21413	T	0.6250
21414	T	0.5000
21415	G	0.3750
21416	A	0.3750
21417	T	0.6250
21418	G	0.3750
21419	A	0.5000
21420	A	0.5000
21421	A	0.5000
21422	G	0.6250
21423	C	0.7500
21424	G	0.3750
21425	A	0.5000
21426	G	0.3750
21427	T	0.5000
21428	A	0.5000
21429	C	0.2500
21430	A	0.3750
21431	C	0.3750
21432	G	0.3750
21433	A	0.5000
21434	T	0.7500
21435	T	0.3750
21436	C	0.5000
21437	G	0.5000
21438	G	0.3750
21439	A	0.3750
21440	C	0.3750
21441	T	0.6250
21442	C	0.3750
21443	A	0.6250
21444	T	0.3750
21445	G	0.5000
21446	A	0.3750
21447	A	0.3750
21448	T	0.3750
21449	G	0.3750
21450	C	0.3750
21451	A	0.5000
21452	T	0.6250
21453	C	0.3750
21454	C	0.2500
21455	T	0.3750
21456	G	0.5000
21457	G	0.3750
21458	A	0.2500
21459	G	0.3750
21460	G	0.5000
21461	A	0.6250
21462	G	0.3750
21463	C	0.2500
21464	A	0.3750
21465	T	0.3750
21466	A	0.3750
21467	G	0.3750
21468	A	0.3750
21469	T	0.3750
21470	G	0.3750
21471	G	0.3750
21472	G	0.3750
21473	A	0.3750
21474	A	0.5000
21475	C	0.3750
21476	G	0.5000
21477	G	0.3750
21478	G	0.3750
21479	T	0.5000
21480	T	0.5000
21481	A	0.3750
21482	T	0.3750
21483	C	0.5000
21484	G	0.5000
21485	A	0.3750
21486	C	0.3750
21487	G	0.3750
21488	C	0.5000
21489	A	0.3750
21490	A	0.3750
21491	C	0.3750
21492	C	0.5000
21493	A	0.6250
21494	G	0.3750
21495	T	0.3750
21496	T	0.5000
21497	A	0.3750
21498	A	0.3750
21499	A	0.3750
21500	T	0.3750
21501	A	0.5000
21502	T	0.3750
21503	C	0.3750
21504	C	0.3750
21505	T	0.3750
21506	A	0.3750
21507	A	0.5000
21508	A	0.3750
21509	A	0.3750
21510	A	0.5000
21511	T	0.5000
21512	T	0.3750
21513	A	0.8750
21514	T	0.5714
21515	G	0.4286
21516	C	0.4286
21517	C	0.2857
21518	T	0.4286
21519	G	0.4286
21520	G	0.4286
21521	A	0.4286
21522	T	0.2857
21523	T	0.5714
21524	A	0.4286
21525	A	0.5714
21526	G	0.2857
21527	C	0.4286
21528	A	0.7143
21529	C	0.7143
21530	A	0.5714
21531	G	0.2857
21532	T	0.5714
21533	C	0.4286
21534	C	0.4286
21535	C	0.4286
21536	G	0.5714
21537	G	0.2857
21538	C	0.5714
21539	G	0.4286
21540	A	0.4286
21541	C	0.2857
21542	T	0.4286
21543	C	0.2857
21544	T	0.4286
21545	G	0.2857
21546	G	0.2857
21547	T	0.5714
21548	T	0.4286
21549	C	0.4286
21550	T	0.5714
21551	T	0.4286
21552	G	0.5714
21553	G	0.2857
21554	G	0.4286
21555	G	0.2857
21556	G	0.4286
21557	T	0.2857
21558	G	0.5714
21559	A	0.4286
21560	T	0.4286
21561	A	0.4286
21562	A	0.7143
21563	A	0.5714
21564	C	0.7143
21565	T	0.4286
21566	A	0.4286
21567	A	0.4286
21568	C	0.4286
21569	G	0.4286
21570	G	0.4286
21571	T	0.4286
21572	A	0.7143
21573	C	0.4286
21574	A	0.2857
21575	G	0.4286
21576	T	0.4286
21577	A	0.2857
21578	T	0.2857
21579	C	0.5714
21580	A	0.2857
21581	G	0.4286
21582	C	0.2857
21583	T	0.4286
21584	T	0.4286
21585	T	0.4286
21586	G	0.5714
21587	C	0.4286
21588	A	0.4286
21589	T	0.5714
21590	G	0.5714
21591	C	0.4286
21592	G	0.4286
21593	G	0.5000
21594	G	0.5000
21595	A	0.5000
21596	C	0.3333
21597	A	0.3333
21598	A	0.6667
21599	G	0.3333
21600	C	0.5000
21601	A	0.3333
21602	A	0.3333
21603	A	0.3333
21604	C	0.6667
21605	G	0.3333
21606	G	0.8333
21607	C	0.5000
21608	G	0.5000
21609	C	0.3333
21610	T	0.5000
21611	G	0.3333
21612	A	0.3333
21613	T	0.6000
21614	T	0.4000
21615	T	0.8000
21616	T	0.4000
21617	T	0.4000
21618	T	0.4000
21619	A	0.4000
21620	C	0.8000
21621	T	0.6000
21622	G	0.6000
21623	A	0.4000
21624	G	0.6000
21625	G	0.4000
21626	C	0.4000
21627	C	0.4000
21628	C	0.6000
21629	A	0.4000
21630	A	0.4000
21631	A	0.6000
21632	A	0.8000
21633	T	0.4000
21634	A	0.8000
21635	T	0.4000
21636	A	0.4000
21637	T	0.4000
21638	C	0.4000
21639	A	0.4000
21640	T	0.4000
21641	T	0.4000
21642	A	0.6000
21643	G	0.4000
21644	G	0.4000
21645	T	0.8000
21646	C	0.4000
21647	A	0.6000
21648	G	0.4000
21649	T	0.4000
21650	A	0.4000
21651	A	0.4000
21652	C	0.6000
21653	A	0.6000
21654	T	0.6000
21655	T	0.4000
21656	C	0.4000
21657	G	0.4000
21658	G	0.4000
21659	G	0.6000
21660	C	0.4000
21661	T	0.4000
21662	G	0.6000
21663	G	0.4000
21664	T	0.4000
21665	G	0.4000
21666	A	0.8000
21667	G	0.6000
21668	C	0.6000
21669	A	0.6000
21670	A	0.4000
21671	T	0.4000
21672	T	0.4000
21673	C	0.8000
21674	G	0.4000
21675	C	0.4000
21676	G	0.4000
21677	T	0.8000
21678	G	0.6000
21679	G	0.6000
21680	T	0.4000
21681	T	0.4000
21682	A	0.4000
21683	C	0.4000
21684	A	0.6000
21685	G	0.6000
21686	C	0.4000
21687	T	0.6000
21688	A	0.4000
21689	G	0.6000
21690	A	0.4000
21691	C	0.4000
21692	T	0.4000
21693	A	0.4000
21694	A	0.6000
21695	A	0.6000
21696	G	0.4000
21697	A	0.6000
21698	A	0.6000
21699	T	0.4000
21700	G	0.6000
21701	G	0.4000
21702	A	0.6000
21703	A	0.6000
21704	T	0.6000
21705	T	0.4000
21706	G	0.4000
21707	G	0.6000
21708	G	0.8000
21709	T	0.6000
21710	G	0.6000
21711	G	0.6000
21712	A	0.6000
21713	C	1.0000
21714	C	0.4000
21715	G	0.4000
21716	C	0.6000
21717	A	0.6000
21718	G	0.6000
21719	T	0.4000
21720	A	0.4000
21721	C	0.6000
21722	C	0.4000
21723	C	0.4000
21724	G	0.4000
21725	G	0.4000
21726	C	0.4000
21727	A	0.6000
21728	A	0.6000
21729	T	0.6000
21730	C	0.6000
21731	G	0.4000
21732	C	0.4000
21733	G	0.4000
21734	G	0.4000
21735	T	0.4000
21736	A	0.6000
21737	C	0.4000
21738	T	0.6000
21739	C	0.6000
21740	A	0.4000
21741	T	0.6000
21742	C	0.4000
21743	C	0.6000
21744	C	0.6000
21745	G	0.6000
21746	T	0.4000
21747	C	0.4000
21748	C	0.6000
21749	A	0.6000
21750	G	0.4000
21751	C	0.4000
21752	C	0.4000
21753	T	0.6000
21754	T	0.6000
21755	T	0.4000
21756	T	0.4000
21757	A	0.4000
21758	C	0.6000
21759	C	0.6000
21760	G	0.4000
21761	G	0.6000
21762	G	0.8000
21763	A	0.4000
21764	T	0.6000
21765	T	0.6000
21766	A	0.4000
21767	T	0.6000
21768	G	0.8000
21769	C	0.4000
21770	G	0.4000
21771	G	0.4000
21772	G	0.4000
21773	C	0.4000
21774	G	0.4000
21775	G	0.4000
21776	C	0.4000
21777	A	0.4000
21778	G	0.6000
21779	G	0.4000
21780	C	0.4000
21781	G	0.6000
21782	A	0.4000
21783	T	0.4000
21784	T	0.8000
21785	G	0.4000
21786	A	0.6000
21787	G	0.4000
21788	T	0.4000
21789	G	0.8000
21790	T	0.4000
21791	T	0.6000
21792	G	0.6000
21793	A	0.6000
21794	C	0.6000
21795	T	0.4000
21796	G	0.4000
21797	C	0.6000
21798	A	0.6000
21799	T	0.8000
21800	T	0.4000
21801	A	0.4000
21802	A	0.6000
21803	G	0.6000
21804	C	0.6000
21805	G	0.4000
21806	G	0.6000
21807	C	0.6000
21808	A	0.6000
21809	T	0.4000
21810	G	0.6000
21811	G	0.4000
21812	A	0.4000
21813	G	0.8000
21814	C	0.4000
21815	T	0.4000
21816	G	0.6000
21817	A	0.4000
21818	G	0.6000
21819	A	0.4000
21820	G	0.4000
21821	T	0.4000
21822	G	1.0000
21823	G	0.4000
21824	G	0.4000
21825	A	0.6000
21826	C	0.6000
21827	A	0.4000
21828	C	0.6000
21829	G	0.6000
21830	A	0.4000
21831	T	0.4000
21832	G	0.4000
21833	A	0.4000
21834	G	0.4000
21835	C	0.4000
21836	T	0.8000
21837	G	0.4000
21838	T	0.4000
21839	T	0.4000
21840	G	0.4000
21841	G	0.6000
21842	A	0.6000
21843	T	0.6000
21844	G	0.4000
21845	G	0.4000
21846	T	0.4000
21847	G	0.4000
21848	T	0.4000
21849	G	0.4000
21850	C	0.6000
21851	T	0.4000
21852	T	0.4000
21853	G	0.6000
21854	C	0.4000
21855	T	0.4000
21856	A	0.4000
21857	A	0.4000
21858	A	0.4000
21859	A	0.8000
21860	C	0.4000
21861	G	0.6000
21862	C	0.4000
21863	C	0.4000
21864	T	0.4000
21865	G	0.4000
21866	C	0.6000
21867	T	0.4000
21868	G	0.8000
21869	T	0.4000
21870	A	0.4000
21871	C	0.4000
21872	C	0.6000
21873	C	0.4000
21874	G	0.4000
21875	T	0.6000
21876	A	0.4000
21877	G	0.4000
21878	A	0.4000
21879	C	0.6000
21880	T	0.4000
21881	T	0.4000
21882	A	0.6000
21883	A	0.4000
21884	T	0.6000
21885	G	0.6000
21886	G	0.6000
21887	T	0.4000
21888	A	0.8000
21889	A	0.4000
21890	A	0.4000
21891	G	0.6000
21892	G	0.4000
21893	C	0.4000
21894	G	0.6000
21895	A	0.6000
21896	A	0.4000
21897	G	0.4000
21898	A	0.6000
21899	A	0.4000
21900	C	0.4000
21901	T	0.4000
21902	C	0.6000
21903	C	0.4000
21904	T	0.8000
21905	C	0.4000
21906	G	0.4000
21907	T	0.8000
21908	G	0.4000
21909	A	0.4000
21910	C	0.6000
21911	A	0.4000
21912	A	0.6000
21913	T	0.4000
21914	C	0.4000
21915	A	0.6000
21916	A	0.4000
21917	A	0.6000
21918	A	0.4000
21919	A	0.6000
21920	G	0.4000
21921	T	0.4000
21922	G	0.8000
21923	A	0.6000
21924	A	0.4000
21925	G	0.4000
21926	C	0.4000
21927	G	0.8000
21928	G	0.4000
21929	C	0.4000
21930	A	0.4000
21931	C	0.6000
21932	A	0.4000
21933	G	0.6000
21934	G	0.4000
21935	T	0.4000
21936	G	0.8000
21937	A	0.6000
21938	A	0.6000
21939	C	0.4000
21940	C	0.6000
21941	G	0.6000
21942	A	0.4000
21943	G	0.4000
21944	T	0.8000
21945	A	0.4000
21946	A	0.6000
21947	A	0.4000
21948	A	0.4000
21949	A	0.4000
21950	C	0.4000
21951	C	0.6000
21952	T	0.4000
21953	T	0.6000
21954	T	0.4000
21955	C	0.4000
21956	T	0.6000
21957	T	0.6000
21958	G	0.6000
21959	T	0.4000
21960	T	0.6000
21961	C	0.6000
21962	G	0.6000
21963	G	0.4000
21964	T	0.6000
21965	G	0.6000
21966	G	0.4000
21967	A	0.4000
21968	C	0.6000
21969	G	0.6000
21970	A	0.4000
21971	T	0.4000
21972	G	0.4000
21973	C	0.6000
21974	G	0.4000
21975	G	0.8000
21976	A	0.4000
21977	A	0.6000
21978	G	0.6000
21979	A	0.6000
21980	A	0.4000
21981	C	0.4000
21982	T	0.4000
21983	G	0.4000
21984	G	0.4000
21985	C	0.6000
21986	A	0.6000
21987	T	0.4000
21988	G	0.4000
21989	G	0.6000
21990	T	0.4000
21991	T	0.4000
21992	A	0.4000
21993	T	0.4000
21994	A	0.4000
21995	A	0.4000
21996	C	0.4000
21997	A	0.4000
21998	G	0.4000
21999	T	0.6000
22000	G	0.6000
22001	A	0.8000
22002	T	0.4000
22003	C	0.4000
22004	T	0.4000
22005	C	0.6000
22006	T	0.4000
22007	G	0.6000
22008	G	0.4000
22009	A	0.4000
22010	G	0.6000
22011	G	0.4000
22012	C	0.4000
22013	T	0.6000
22014	G	0.4000
22015	G	0.4000
22016	G	0.4000
22017	C	0.6000
22018	C	0.4000
22019	T	0.6000
22020	G	0.6000
22021	T	0.4000
22022	G	0.4000
22023	G	0.4000
22024	C	0.4000
22025	A	0.6000
22026	A	0.4000
22027	C	0.4000
22028	T	0.4000
22029	G	0.8000
22030	C	0.4000
22031	G	0.4000
22032	A	0.4000
22033	T	0.4000
22034	A	0.4000
22035	G	0.6000
22036	A	0.4000
22037	T	0.4000
22038	C	0.4000
22039	A	0.4000
22040	T	0.4000
22041	T	0.6000
22042	A	0.6000
22043	A	0.4000
22044	C	0.4000
22045	C	0.4000
22046	A	0.6000
22047	C	0.4000
22048	A	0.6000
22049	A	0.4000
22050	G	0.6000
22051	G	0.4000
22052	A	0.4000
22053	G	0.6000
22054	T	0.4000
22055	T	0.4000
22056	G	0.4000
22057	A	0.4000
22058	A	0.6000
22059	T	0.6000
22060	C	0.6000
22061	A	0.8000
22062	G	0.4000
22063	G	0.4000
22064	C	0.8000
22065	C	0.4000
22066	C	0.4000
22067	G	0.6000
22068	G	0.4000
22069	A	0.4000
22070	G	0.4000
22071	A	0.4000
22072	A	0.4000
22073	G	0.4000
22074	T	0.4000
22075	G	0.6000
22076	T	0.6000
22077	T	0.6000
22078	T	0.4000
22079	A	0.4000
22080	C	0.4000
22081	T	0.8000
22082	G	0.6000
22083	G	0.8000
22084	C	0.4000
22085	T	0.6000
22086	T	0.6000
22087	G	0.4000
22088	G	0.6000
22089	T	0.6000
22090	G	0.6000
22091	A	0.8000
22092	T	0.4000
22093	A	0.8000
22094	T	0.6000
22095	C	0.4000
22096	C	0.4000
22097	A	0.6000
22098	T	0.4000
22099	C	0.4000
22100	T	0.4000
22101	G	0.4000
22102	A	0.8000
22103	G	0.6000
22104	A	0.4000
22105	A	0.4000
22106	A	0.6000
22107	G	0.4000
22108	G	0.6000
22109	C	0.6000
22110	T	0.4000
22111	G	0.6000
22112	A	0.4000
22113	T	0.6000
22114	A	0.4000
22115	T	0.4000
22116	C	0.4000
22117	T	0.4000
22118	A	0.4000
22119	T	0.6000
22120	T	0.4000
22121	A	0.4000
22122	G	0.4000
22123	C	0.4000
22124	A	0.4000
22125	G	0.4000
22126	C	0.4000
22127	C	0.4000
22128	T	0.6000
22129	G	0.4000
22130	T	0.6000
22131	G	0.4000
22132	T	0.4000
22133	T	0.4000
22134	G	0.4000
22135	C	0.8000
22136	G	0.6000
22137	C	0.8000
22138	T	0.4000
22139	T	0.4000
22140	T	0.4000
22141	T	0.6000
22142	C	0.6000
22143	G	0.4000
22144	C	0.4000
22145	G	0.4000
22146	T	0.8000
22147	G	0.6000
22148	A	0.6000
22149	A	0.4000
22150	A	0.6000
22151	A	0.6000
22152	G	0.6000
22153	A	0.4000
22154	A	0.4000
22155	T	0.4000
22156	C	0.4000
22157	A	0.8000
22158	A	0.4000
22159	G	0.4000
22160	T	0.4000
22161	T	0.6000
22162	A	0.4000
22163	A	0.6000
22164	G	0.4000
22165	G	0.6000
22166	A	0.4000
22167	A	0.4000
22168	A	0.4000
22169	T	0.4000
22170	G	0.4000
22171	A	0.4000
22172	A	0.4000
22173	G	0.4000
22174	A	0.4000
22175	A	0.4000
22176	T	0.4000
22177	C	0.4000
22178	A	0.4000
22179	C	0.8000
22180	T	0.8000
22181	C	0.6000
22182	T	0.8000
22183	T	0.6000
22184	T	0.4000
22185	T	0.6000
22186	G	0.4000
22187	C	0.4000
22188	C	0.6000
22189	G	0.4000
22190	T	0.4000
22191	A	0.4000
22192	T	0.4000
22193	T	0.4000
22194	T	0.8000
22195	C	0.4000
22196	C	0.6000
22197	G	0.4000
22198	C	0.4000
22199	G	0.4000
22200	T	0.6000
22201	T	0.4000
22202	T	0.4000
22203	A	0.4000
22204	A	0.4000
22205	A	0.4000
22206	T	0.6000
22207	G	0.6000
22208	T	0.6000
22209	T	0.6000
22210	C	0.8000
22211	A	0.4000
22212	T	0.6000
22213	T	0.4000
22214	G	0.6000
22215	A	0.4000
22216	G	0.6000
22217	C	0.4000
22218	G	0.4000
22219	T	0.6000
22220	G	0.4000
22221	C	0.4000
22222	G	0.6000
22223	C	0.4000
22224	T	0.6000
22225	G	0.4000
22226	G	0.8000
22227	A	0.6000
22228	T	0.6000
22229	C	0.6000
22230	A	0.6000
22231	C	0.4000
22232	G	0.4000
22233	G	0.4000
22234	C	0.6000
22235	C	0.6000
22236	G	0.4000
22237	C	0.6000
22238	A	0.6000
22239	C	0.4000
22240	C	0.4000
22241	C	0.4000
22242	T	0.4000
22243	G	0.6000
22244	G	0.6000
22245	G	0.6000
22246	A	0.4000
22247	G	0.4000
22248	A	0.6000
22249	C	0.4000
22250	C	0.4000
22251	T	0.4000
22252	A	0.4000
22253	C	0.4000
22254	C	0.4000
22255	G	1.0000
22256	C	0.6000
22257	A	0.4000
22258	C	0.4000
22259	C	0.6000
22260	G	0.4000
22261	C	0.4000
22262	G	0.6000
22263	C	0.6000
22264	A	0.4000
22265	G	0.4000
22266	G	0.4000
22267	T	0.4000
22268	A	0.4000
22269	C	0.4000
22270	A	0.4000
22271	G	0.8000
22272	C	0.4000
22273	G	0.4000
22274	C	0.6000
22275	A	0.4000
22276	G	0.4000
22277	G	0.4000
22278	G	0.4000
22279	A	0.6000
22280	C	0.6000
22281	C	0.6000
22282	T	0.4000
22283	T	0.4000
22284	C	0.4000
22285	G	0.6000
22286	G	0.6000
22287	G	0.4000
22288	A	0.4000
22289	G	0.6000
22290	A	0.4000
22291	C	0.6000
22292	C	0.4000
22293	A	0.4000
22294	G	0.6000
22295	C	0.4000
22296	C	0.4000
22297	A	0.4000
22298	T	0.6000
22299	T	0.6000
22300	C	0.4000
22301	G	0.6000
22302	T	0.4000
22303	C	0.4000
22304	T	0.6000
22305	A	0.4000
22306	C	0.6000
22307	T	0.8000
22308	G	0.4000
22309	G	0.4000
22310	T	0.4000
22311	A	0.6000
22312	A	0.4000
22313	G	0.4000
22314	T	0.4000
22315	T	0.6000
22316	T	0.6000
22317	C	0.4000
22318	A	0.6000
22319	T	0.4000
22320	A	0.4000
22321	A	0.6000
22322	A	0.6000
22323	A	0.4000
22324	A	0.6000
22325	C	0.4000
22326	C	0.8000
22327	C	0.4000
22328	G	0.6000
22329	G	0.8000
22330	A	0.6000
22331	G	0.4000
22332	C	0.6000
22333	T	0.4000
22334	G	0.4000
22335	G	0.6000
22336	C	0.4000
22337	C	0.6000
22338	A	0.6000
22339	C	0.6000
22340	C	0.4000
22341	A	0.4000
22342	C	0.4000
22343	C	0.6000
22344	T	0.8000
22345	A	0.4000
22346	T	0.4000
22347	T	0.6000
22348	C	0.4000
22349	T	0.4000
22350	G	0.8000
22351	G	0.4000
22352	C	0.6000
22353	C	0.4000
22354	C	0.4000
22355	G	0.6000
22356	C	0.4000
22357	G	0.6000
22358	A	0.6000
22359	G	0.6000
22360	C	0.6000
22361	T	0.4000
22362	G	0.6000
22363	T	0.4000
22364	T	0.4000
22365	C	0.4000
22366	A	0.6000
22367	T	0.4000
22368	A	0.4000
22369	T	0.4000
22370	C	0.6000
22371	A	0.6000
22372	G	0.4000
22373	T	0.6000
22374	G	0.6000
22375	A	0.6000
22376	A	0.6000
22377	C	0.4000
22378	T	0.4000
22379	C	0.4000
22380	A	0.4000
22381	C	0.4000
22382	A	0.6000
22383	G	0.4000
22384	T	0.4000
22385	G	0.4000
22386	G	0.6000
22387	C	0.6000
22388	G	0.8000
22389	A	0.4000
22390	A	0.4000
22391	G	0.6000
22392	G	0.4000
22393	C	0.4000
22394	G	0.6000
22395	A	0.6000
22396	C	0.6000
22397	G	0.6000
22398	G	0.6000
22399	A	0.8000
22400	A	0.4000
22401	A	0.4000
22402	T	0.6000
22403	T	0.6000
22404	G	0.4000
22405	A	0.6000
22406	G	0.4000
22407	C	0.4000
22408	A	0.4000
22409	A	0.4000
22410	G	0.6000
22411	A	0.4000
22412	C	0.4000
22413	G	0.4000
22414	T	0.6000
22415	G	0.6000
22416	G	0.6000
22417	T	0.4000
22418	T	0.6000
22419	C	0.4000
22420	A	0.4000
22421	G	0.6000
22422	C	0.6000
22423	G	0.6000
22424	G	0.4000
22425	C	0.6000
22426	A	0.4000
22427	T	0.4000
22428	G	0.4000
22429	T	0.6000
22430	A	0.4000
22431	A	0.4000
22432	G	0.4000
22433	C	0.4000
22434	T	0.4000
22435	A	0.4000
22436	G	0.4000
22437	C	0.8000
22438	C	0.6000
22439	C	0.4000
22440	T	0.4000
22441	A	0.8000
22442	A	0.4000
22443	A	0.4000
22444	G	0.4000
22445	T	0.4000
22446	G	0.4000
22447	A	0.6000
22448	A	0.8000
22449	G	0.6000
22450	A	0.8000
22451	T	0.4000
22452	A	0.4000
22453	G	0.4000
22454	G	0.8000
22455	A	0.4000
22456	T	0.4000
22457	G	0.6000
22458	G	0.6000
22459	A	0.4000
22460	A	0.4000
22461	T	0.4000
22462	G	0.4000
22463	A	0.4000
22464	G	0.4000
22465	C	0.8000
22466	A	0.4000
22467	G	0.8000
22468	A	0.4000
22469	T	0.4000
22470	C	0.4000
22471	G	0.4000
22472	G	0.4000
22473	T	0.4000
22474	A	0.6000
22475	T	0.4000
22476	G	0.4000
22477	C	0.6000
22478	T	0.6000
22479	G	0.8000
22480	A	0.6000
22481	T	0.6000
22482	A	0.4000
22483	T	0.6000
22484	G	0.6000
22485	C	0.4000
22486	C	0.6000
22487	T	0.4000
22488	G	0.6000
22489	G	0.4000
22490	G	0.4000
22491	A	0.4000
22492	T	0.6000
22493	C	0.6000
22494	C	0.6000
22495	G	0.6000
22496	A	0.6000
22497	G	0.6000
22498	A	0.4000
22499	C	0.6000
22500	G	0.4000
22501	T	0.6000
22502	T	0.6000
22503	A	0.4000
22504	T	0.6000
22505	A	0.4000
22506	G	0.4000
22507	T	0.4000
22508	A	0.4000
22509	C	0.4000
22510	A	0.4000
22511	G	0.4000
22512	G	1.0000
22513	C	0.6000
22514	A	0.4000
22515	G	0.4000
22516	C	0.6000
22517	G	0.4000
22518	T	0.4000
22519	G	0.6000
22520	T	0.6000
22521	C	0.6000
22522	T	0.6000
22523	T	0.4000
22524	G	0.4000
22525	T	0.6000
22526	A	0.4000
22527	C	0.6000
22528	A	0.4000
22529	T	0.4000
22530	G	0.6000
22531	G	0.4000
22532	A	0.4000
22533	A	0.6000
22534	A	0.4000
22535	A	0.6000
22536	G	0.6000
22537	C	0.4000
22538	G	0.4000
22539	G	0.6000
22540	C	0.4000
22541	G	0.4000
22542	C	0.6000
22543	A	0.4000
22544	G	0.6000
22545	A	0.4000
22546	A	0.4000
22547	T	0.6000
22548	G	0.4000
22549	C	0.6000
22550	A	1.0000
22551	G	0.4000
22552	T	0.4000
22553	A	0.4000
22554	G	0.4000
22555	T	0.4000
22556	G	0.4000
22557	A	0.6000
22558	G	0.4000
22559	C	0.6000
22560	C	0.6000
22561	A	0.6000
22562	C	0.4000
22563	G	0.4000
22564	C	1.0000
22565	T	0.4000
22566	G	0.4000
22567	C	0.4000
22568	C	0.6000
22569	G	0.4000
22570	T	0.4000
22571	C	0.6000
22572	T	0.4000
22573	C	0.6000
22574	G	0.4000
22575	C	0.6000
22576	C	0.4000
22577	G	0.6000
22578	G	0.6000
22579	A	0.8000
22580	G	0.6000
22581	G	0.4000
22582	T	0.6000
22583	T	0.4000
22584	A	0.4000
22585	C	0.4000
22586	A	0.6000
22587	A	0.4000
22588	C	0.4000
22589	A	0.4000
22590	G	0.8000
22591	G	0.4000
22592	C	0.6000
22593	T	0.6000
22594	A	0.4000
22595	C	0.6000
22596	A	0.4000
22597	G	0.4000
22598	C	0.6000
22599	G	0.6000
22600	A	0.4000
22601	G	0.4000
22602	G	0.6000
22603	G	0.4000
22604	A	0.4000
22605	A	0.4000
22606	T	0.4000
22607	A	0.4000
22608	C	0.4000
22609	C	0.4000
22610	G	0.6000
22611	C	0.6000
22612	A	0.4000
22613	C	0.4000
22614	G	0.4000
22615	T	0.4000
22616	T	0.8000
22617	A	0.6000
22618	C	0.4000
22619	C	0.4000
22620	C	0.4000
22621	G	0.6000
22622	G	0.8000
22623	G	0.4000
22624	A	0.6000
22625	A	0.4000
22626	G	0.6000
22627	A	0.4000
22628	T	0.4000
22629	G	0.6000
22630	A	0.6000
22631	T	0.4000
22632	C	0.4000
22633	A	0.6000
22634	A	0.4000
22635	T	0.4000
22636	G	0.6000
22637	A	0.4000
22638	C	0.4000
22639	C	0.4000
22640	T	0.6000
22641	G	0.8000
22642	G	0.4000
22643	C	0.4000
22644	C	0.6000
22645	C	0.6000
22646	G	0.4000
22647	G	0.4000
22648	T	0.6000
22649	G	0.6000
22650	C	0.6000
22651	A	0.6000
22652	A	0.4000
22653	T	0.4000
22654	C	0.6000
22655	T	0.4000
22656	G	0.4000
22657	A	0.4000
22658	T	0.4000
22659	C	0.4000
22660	T	0.4000
22661	G	0.4000
22662	C	0.4000
22663	G	0.6000
22664	A	0.4000
22665	G	0.6000
22666	G	0.6000
22667	A	0.6000
22668	T	0.4000
22669	G	0.4000
22670	T	0.4000
22671	T	0.4000
22672	A	0.6000
22673	T	0.4000
22674	T	0.4000
22675	C	0.4000
22676	G	0.8000
22677	C	0.4000
22678	C	0.6000
22679	G	0.6000
22680	C	0.6000
22681	T	0.6000
22682	G	0.6000
22683	C	0.6000
22684	G	0.4000
22685	T	0.4000
22686	T	0.8000
22687	T	0.4000
22688	G	0.6000
22689	T	0.4000
22690	T	0.4000
22691	T	0.6000
22692	C	0.6000
22693	G	0.4000
22694	A	0.6000
22695	T	0.4000
22696	C	0.6000
22697	G	0.6000
22698	C	0.4000
22699	G	0.4000
22700	A	0.6000
22701	T	0.6000
22702	G	0.4000
22703	C	0.4000
22704	G	0.4000
22705	T	0.4000
22706	C	0.6000
22707	G	0.4000
22708	A	0.4000
22709	A	0.4000
22710	G	0.6000
22711	A	0.6000
22712	A	0.8000
22713	G	0.4000
22714	A	0.6000
22715	T	0.4000
22716	A	0.4000
22717	C	0.4000
22718	C	0.4000
22719	C	0.4000
22720	C	0.4000
22721	C	0.4000
22722	A	0.6000
22723	A	0.4000
22724	G	0.6000
22725	G	0.4000
22726	T	0.4000
22727	C	0.4000
22728	G	0.4000
22729	C	0.4000
22730	T	0.6000
22731	C	0.4000
22732	C	0.6000
22733	G	0.6000
22734	C	0.4000
22735	T	0.6000
22736	T	0.4000
22737	G	0.4000
22738	A	0.6000
22739	G	0.4000
22740	C	0.4000
22741	G	0.6000
22742	C	0.6000
22743	G	0.4000
22744	G	0.6000
22745	G	0.4000
22746	C	0.4000
22747	T	0.4000
22748	G	0.6000
22749	T	0.6000
22750	T	0.6000
22751	G	0.6000
22752	C	0.8000
22753	G	0.4000
22754	C	0.4000
22755	A	0.4000
22756	C	0.4000
22757	G	0.6000
22758	G	0.6000
22759	G	0.4000
22760	T	0.4000
22761	A	0.4000
22762	A	0.6000
22763	A	0.4000
22764	C	0.6000
22765	C	0.4000
22766	T	0.4000
22767	C	0.4000
22768	A	0.6000
22769	T	0.6000
22770	T	0.4000
22771	A	0.4000
22772	G	0.4000
22773	C	0.6000
22774	C	0.4000
22775	C	0.4000
22776	T	0.6000
22777	T	0.6000
22778	T	0.4000
22779	G	0.6000
22780	A	0.4000
22781	G	0.4000
22782	A	0.4000
22783	T	0.6000
22784	T	0.4000
22785	A	0.6000
22786	C	0.6000
22787	T	0.4000
22788	C	0.6000
22789	G	0.4000
22790	T	0.6000
22791	T	0.6000
22792	T	0.6000
22793	C	0.4000
22794	G	0.4000
22795	C	0.6000
22796	T	0.8000
22797	G	0.8000
22798	T	0.6000
22799	C	0.4000
22800	C	0.6000
22801	A	0.4000
22802	C	0.6000
22803	T	0.4000
22804	G	0.4000
22805	A	0.4000
22806	G	0.4000
22807	A	0.4000
22808	G	0.6000
22809	C	0.4000
22810	T	0.6000
22811	C	0.6000
22812	T	0.4000
22813	T	0.4000
22814	T	0.6000
22815	C	0.4000
22816	A	0.6000
22817	A	1.0000
22818	C	0.6000
22819	A	0.4000
22820	C	0.8000
22821	A	0.4000
22822	A	0.4000
22823	T	0.8000
22824	G	0.6000
22825	A	0.4000
22826	C	0.4000
22827	G	0.4000
22828	G	0.4000
22829	A	0.4000
22830	C	0.8000
22831	A	0.4000
22832	G	0.4000
22833	T	0.4000
22834	C	0.6000
22835	G	0.6000
22836	G	0.6000
22837	A	0.8000
22838	T	0.6000
22839	C	0.4000
22840	A	0.4000
22841	C	0.6000
22842	T	0.4000
22843	T	0.4000
22844	A	0.4000
22845	C	0.4000
22846	C	0.4000
22847	C	0.4000
22848	C	0.6000
22849	T	0.6000
22850	T	0.4000
22851	T	0.4000
22852	G	0.4000
22853	T	0.8000
22854	G	0.8000
22855	A	0.4000
22856	T	0.6000
22857	C	0.6000
22858	T	0.4000
22859	A	0.4000
22860	T	0.4000
22861	C	0.4000
22862	G	0.4000
22863	A	0.4000
22864	C	0.4000
22865	A	0.4000
22866	C	0.4000
22867	T	0.4000
22868	G	0.4000
22869	T	0.4000
22870	T	0.4000
22871	C	0.4000
22872	G	0.4000
22873	C	0.4000
22874	A	0.4000
22875	A	0.6000
22876	T	0.6000
22877	T	0.8000
22878	A	0.6000
22879	T	0.6000
22880	T	0.4000
22881	G	0.4000
22882	C	0.4000
22883	G	0.4000
22884	G	0.6000
22885	A	0.4000
22886	A	0.4000
22887	G	0.4000
22888	A	0.4000
22889	G	0.4000
22890	A	0.4000
22891	G	0.4000
22892	G	0.6000
22893	C	0.6000
22894	A	0.6000
22895	G	0.4000
22896	C	0.4000
22897	G	0.6000
22898	C	0.4000
22899	A	0.4000
22900	G	0.6000
22901	T	0.6000
22902	A	0.4000
22903	T	0.4000
22904	T	0.8000
22905	G	0.4000
22906	C	0.4000
22907	G	0.4000
22908	C	0.6000
22909	C	0.6000
22910	G	0.4000
22911	C	0.6000
22912	A	0.6000
22913	C	0.4000
22914	G	0.6000
22915	C	0.4000
22916	T	0.4000
22917	G	0.6000
22918	G	0.6000
22919	G	0.6000
22920	C	0.4000
22921	A	0.4000
22922	G	0.4000
22923	G	0.4000
22924	A	0.8000
22925	T	0.6000
22926	A	0.4000
22927	A	0.8000
22928	G	0.4000
22929	C	1.0000
22930	A	0.6000
22931	C	0.4000
22932	C	0.6000
22933	T	0.4000
22934	A	0.4000
22935	G	0.4000
22936	A	0.6000
22937	A	0.8000
22938	A	0.6000
22939	T	0.4000
22940	A	0.6000
22941	T	0.4000
22942	C	0.6000
22943	A	0.4000
22944	C	0.8000
22945	C	0.4000
22946	A	0.4000
22947	G	0.4000
22948	C	0.4000
22949	T	0.6000
22950	T	0.6000
22951	T	0.4000
22952	A	0.4000
22953	C	0.4000
22954	G	0.4000
22955	A	0.6000
22956	G	0.6000
22957	G	0.8000
22958	A	0.4000
22959	A	0.4000
22960	C	0.6000
22961	C	0.4000
22962	T	0.6000
22963	A	0.4000
22964	A	0.8000
22965	A	0.6000
22966	G	0.4000
22967	A	0.4000
22968	T	0.4000
22969	T	0.4000
22970	G	0.4000
22971	A	0.4000
22972	A	0.6000
22973	A	0.6000
22974	A	0.4000
22975	A	0.4000
22976	A	0.6000
22977	C	0.6000
22978	C	0.6000
22979	G	0.6000
22980	T	0.6000
22981	T	0.6000
22982	A	0.6000
22983	G	0.4000
22984	A	0.6000
22985	A	0.4000
22986	C	0.6000
22987	G	0.6000
22988	G	0.4000
22989	T	0.4000
22990	G	0.4000
22991	G	0.4000
22992	C	0.4000
22993	G	0.6000
22994	C	0.6000
22995	C	0.6000
22996	A	0.6000
22997	C	0.6000
22998	C	0.4000
22999	A	0.4000
23000	G	0.6000
23001	A	0.6000
23002	G	0.6000
23003	G	0.4000
23004	C	0.4000
23005	A	0.8000
23006	C	0.4000
23007	G	0.4000
23008	G	0.6000
23009	C	0.6000
23010	A	0.6000
23011	C	0.6000
23012	G	0.6000
23013	G	0.4000
23014	C	0.4000
23015	A	0.4000
23016	T	0.4000
23017	A	0.4000
23018	A	0.4000
23019	T	0.6000
23020	T	0.6000
23021	T	0.4000
23022	C	0.4000
23023	G	0.6000
23024	C	0.4000
23025	A	0.4000
23026	C	0.6000
23027	G	0.6000
23028	C	0.4000
23029	G	0.6000
23030	A	0.6000
23031	A	0.6000
23032	A	0.4000
23033	T	0.4000
23034	G	0.4000
23035	T	0.6000
23036	T	0.4000
23037	G	1.0000
23038	A	0.4000
23039	G	0.4000
23040	A	0.4000
23041	A	0.4000
23042	G	0.6000
23043	T	0.6000
23044	T	0.4000
23045	T	0.4000
23046	T	0.6000
23047	C	0.8000
23048	G	0.4000
23049	T	0.4000
23050	G	0.4000
23051	A	0.6000
23052	C	0.4000
23053	G	0.8000
23054	T	0.4000
23055	T	0.4000
23056	A	0.4000
23057	T	0.6000
23058	T	0.4000
23059	C	0.4000
23060	T	0.4000
23061	G	0.6000
23062	T	0.4000
23063	A	0.4000
23064	A	0.4000
23065	G	0.8000
23066	G	0.4000
23067	C	0.4000
23068	C	0.4000
23069	A	0.4000
23070	A	0.4000
23071	T	0.6000
23072	G	0.8000
23073	T	0.4000
23074	A	0.6000
23075	T	0.4000
23076	T	0.4000
23077	A	0.6000
23078	A	0.6000
23079	C	0.6000
23080	G	0.4000
23081	G	0.6000
23082	T	0.4000
23083	G	0.8000
23084	G	0.8000
23085	T	0.4000
23086	G	0.4000
23087	A	0.4000
23088	C	0.4000
23089	T	0.4000
23090	T	0.6000
23091	C	0.4000
23092	G	0.4000
23093	C	0.4000
23094	C	0.4000
23095	C	0.6000
23096	G	0.4000
23097	T	0.8000
23098	G	0.4000
23099	A	0.4000
23100	T	0.6000
23101	G	0.6000
23102	A	0.6000
23103	A	0.5000
23104	A	0.5000
23105	T	0.5000
23106	A	0.5000
23107	G	0.7500
23108	T	0.5000
23109	G	0.5000
23110	G	0.5000
23111	A	1.0000
23112	G	0.5000
23113	C	0.5000
23114	A	0.5000
23115	C	0.5000
23116	A	0.5000
23117	G	0.7500
23118	G	0.5000
23119	T	0.5000
23120	T	0.5000
23121	T	0.5000
23122	C	0.5000
23123	A	0.5000
23124	A	0.7500
23125	T	0.5000
23126	A	0.5000
23127	G	0.2500
23128	G	0.7500
23129	C	0.5000
23130	T	0.5000
23131	T	0.7500
23132	G	0.5000
23133	C	0.5000
23134	C	0.5000
23135	A	0.5000
23136	C	0.7500
23137	T	0.5000
23138	G	0.5000
23139	C	0.5000
23140	T	0.5000
23141	G	0.7500
23142	T	0.5000
23143	C	0.5000
23144	G	0.7500
23145	G	0.5000
23146	C	0.5000
23147	T	0.2500
23148	G	0.5000
23149	A	0.7500
23150	T	0.5000
23151	T	0.5000
23152	G	0.5000
23153	T	0.5000
23154	T	0.7500
23155	G	0.5000
23156	C	0.5000
23157	G	0.5000
23158	T	0.7500
23159	G	0.5000
23160	A	0.5000
23161	T	0.3333
23162	T	0.6667
23163	C	0.3333
23164	G	0.6667
23165	T	0.3333
23166	T	0.6667
23167	A	0.6667
23168	T	0.6667
23169	A	0.3333
23170	T	0.3333
23171	G	0.3333
23172	A	0.3333
23173	T	0.3333
23174	A	0.3333
23175	A	0.6667
23176	C	0.6667
23177	T	0.3333
23178	C	0.6667
23179	T	1.0000
23180	C	0.6667
23181	G	0.6667
23182	T	0.6667
23183	G	0.3333
23184	A	0.6667
23185	A	0.6667
23186	T	0.3333
23187	T	0.3333
23188	A	0.6667
23189	A	0.6667
23190	A	0.6667
23191	T	0.3333
23192	C	0.3333
23193	C	0.6667
23194	T	0.3333
23195	T	0.6667
23196	T	0.3333
23197	T	0.3333
23198	A	0.3333
23199	A	0.6667
23200	G	0.3333
23201	G	0.6667
23202	G	0.6667
23203	G	0.3333
23204	A	0.6667
23205	C	0.6667
23206	T	0.6667
23207	G	0.6667
23208	C	0.3333
23209	T	0.3333
23210	A	0.6667
23211	T	0.3333
23212	A	0.3333
23213	A	0.6667
23214	G	1.0000
23215	G	0.6667
23216	A	0.6667
23217	A	0.3333
23218	T	0.3333
23219	T	0.6667
23220	T	0.6667
23221	C	0.6667
23222	T	0.3333
23223	T	0.6667
23224	T	0.6667
23225	T	0.3333
23226	C	0.6667
23227	T	1.0000
23228	G	0.6667
23229	A	0.6667
23230	A	0.6667
23231	A	0.3333
23232	G	0.6667
23233	T	0.3333
23234	T	0.6667
23235	C	0.6667
23236	T	0.6667
23237	A	0.3333
23238	C	0.6667
23239	C	0.6667
23240	C	0.6667
23241	T	0.3333
23242	A	0.6667
23243	A	0.3333
23244	C	0.3333
23245	A	0.6667
23246	A	0.6667
23247	G	0.6667
23248	C	0.3333
23249	T	0.6667
23250	T	0.3333
23251	A	0.3333
23252	A	0.6667
23253	C	0.3333
23254	C	0.6667
23255	G	0.6667
23256	G	0.3333
23257	T	0.6667
23258	C	0.6667
23259	C	0.6667
23260	T	0.6667
23261	T	0.6667
23262	T	0.6667
23263	T	0.3333
23264	A	0.6667
23265	T	0.3333
23266	A	0.6667
23267	A	0.3333
23268	A	0.6667
23269	G	0.6667
23270	A	0.3333
23271	C	1.0000
23272	T	0.6667
23273	G	0.6667
23274	T	0.3333
23275	A	0.3333
23276	A	0.6667
23277	T	0.3333
23278	A	0.3333
23279	T	0.6667
23280	C	0.6667
23281	G	0.3333
23282	T	0.6667
23283	C	0.6667
23284	T	0.3333
23285	T	0.6667
23286	T	0.6667
23287	A	0.6667
23288	A	0.3333
23289	G	1.0000
23290	C	0.6667
23291	A	0.6667
23292	C	0.3333
23293	A	0.6667
23294	A	0.3333
23295	G	0.3333
23296	A	0.6667
23297	T	0.6667
23298	G	1.0000
23299	A	0.3333
23300	A	0.6667
23301	T	0.6667
23302	G	0.6667
23303	T	0.6667
23304	T	0.6667
23305	C	0.6667
23306	T	0.6667
23307	C	0.3333
23308	T	0.6667
23309	G	0.3333
23310	T	1.0000
23311	G	1.0000
23312	G	0.6667
23313	C	0.3333
23314	T	0.3333
23315	A	0.6667
23316	A	0.3333
23317	A	0.3333
23318	T	0.3333
23319	G	0.6667
23320	G	1.0000
23321	T	0.3333
23322	A	1.0000
23323	A	0.6667
23324	A	0.3333
23325	T	0.3333
23326	G	0.3333
23327	T	0.3333
23328	A	0.3333
23329	A	0.3333
23330	T	0.3333
23331	G	1.0000
23332	T	0.3333
23333	G	0.6667
23334	A	0.6667
23335	G	0.6667
23336	A	0.3333
23337	A	0.6667
23338	A	0.3333
23339	T	0.3333
23340	T	0.3333
23341	G	0.3333
23342	T	0.3333
23343	G	1.0000
23344	A	0.6667
23345	C	0.3333
23346	G	1.0000
23347	C	0.6667
23348	T	1.0000
23349	T	0.6667
23350	T	0.3333
23351	A	0.3333
23352	C	0.6667
23353	T	0.3333
23354	T	0.3333
23355	C	0.6667
23356	A	0.6667
23357	G	0.6667
23358	A	1.0000
23359	A	0.6667
23360	T	0.6667
23361	A	0.3333
23362	A	0.6667
23363	A	0.6667
23364	C	0.6667
23365	C	0.6667
23366	C	0.3333
23367	A	0.3333
23368	G	0.3333
23369	T	0.6667
23370	G	1.0000
23371	A	0.3333
23372	T	0.6667
23373	G	0.6667
23374	G	0.3333
23375	G	0.6667
23376	C	0.6667
23377	T	0.6667
23378	A	0.3333
23379	A	0.3333
23380	A	0.6667
23381	T	0.6667
23382	T	0.3333
23383	T	0.6667
23384	T	0.3333
23385	T	0.3333
23386	T	0.6667
23387	T	0.6667
23388	G	1.0000
23389	C	0.6667
23390	A	0.3333
23391	C	0.3333
23392	T	0.6667
23393	T	1.0000
23394	T	0.3333
23395	A	0.3333
23396	T	0.6667
23397	G	0.6667
23398	G	0.6667
23399	A	0.6667
23400	A	0.6667
23401	T	0.3333
23402	A	0.3333
23403	T	0.3333
23404	C	0.6667
23405	T	0.3333
23406	G	1.0000
23407	G	0.6667
23408	T	0.3333
23409	T	0.3333
23410	C	0.6667
23411	A	0.3333
23412	G	0.6667
23413	A	0.6667
23414	A	0.3333
23415	G	0.6667
23416	G	0.3333
23417	A	0.6667
23418	C	0.6667
23419	A	0.3333
23420	A	0.3333
23421	T	0.3333
23422	C	0.6667
23423	T	0.6667
23424	G	0.3333
23425	A	0.6667
23426	G	0.6667
23427	C	0.6667
23428	T	0.6667
23429	A	0.3333
23430	T	0.6667
23431	T	0.6667
23432	G	0.6667
23433	T	0.3333
23434	A	0.3333
23435	G	1.0000
23436	T	0.6667
23437	A	0.3333
23438	C	0.6667
23439	C	0.3333
23440	T	0.3333
23441	G	0.6667
23442	G	0.6667
23443	C	0.6667
23444	A	0.3333
23445	G	0.6667
23446	C	0.6667
23447	T	0.6667
23448	G	0.6667
23449	A	0.6667
23450	T	0.6667
23451	A	0.3333
23452	A	0.6667
23453	G	0.6667
23454	A	0.6667
23455	G	0.3333
23456	G	0.3333
23457	G	0.6667
23458	G	1.0000
23459	G	0.3333
23460	G	0.3333
23461	T	0.3333
23462	G	0.6667
23463	G	0.6667
23464	T	0.6667
23465	C	0.3333
23466	A	0.6667
23467	A	0.6667
23468	T	0.6667
23469	A	0.6667
23470	C	0.6667
23471	G	0.3333
23472	A	0.3333
23473	T	0.6667
23474	T	0.6667
23475	A	0.6667
23476	T	1.0000
23477	C	0.3333
23478	T	0.3333
23479	A	0.3333
23480	A	0.6667
23481	A	0.3333
23482	G	0.6667
23483	T	0.6667
23484	A	0.6667
23485	C	0.6667
23486	T	0.6667
23487	T	0.3333
23488	C	0.3333
23489	A	0.3333
23490	A	0.6667
23491	T	0.6667
23492	C	0.3333
23493	T	0.6667
23494	G	0.3333
23495	G	0.6667
23496	T	0.3333
23497	C	0.6667
23498	T	0.3333
23499	C	0.6667
23500	A	0.6667
23501	C	0.3333
23502	C	0.3333
23503	T	0.6667
23504	G	0.6667
23505	T	0.3333
23506	T	0.3333
23507	T	0.6667
23508	T	0.3333
23509	A	0.6667
23510	T	0.6667
23511	G	0.6667
23512	A	0.3333
23513	C	0.6667
23514	C	0.3333
23515	A	0.6667
23516	A	0.3333
23517	T	0.3333
23518	T	0.3333
23519	C	1.0000
23520	A	0.6667
23521	G	0.3333
23522	T	0.6667
23523	A	0.6667
23524	C	0.6667
23525	T	0.3333
23526	A	0.6667
23527	T	0.6667
23528	C	0.3333
23529	A	0.6667
23530	T	0.6667
23531	T	0.6667
23532	C	0.3333
23533	T	0.3333
23534	C	0.6667
23535	T	0.3333
23536	T	0.3333
23537	C	1.0000
23538	T	0.3333
23539	T	0.3333
23540	T	0.6667
23541	G	0.3333
23542	T	1.0000
23543	C	0.6667
23544	T	0.3333
23545	G	0.3333
23546	C	0.6667
23547	G	0.6667
23548	A	0.6667
23549	C	0.6667
23550	A	0.6667
23551	G	0.3333
23552	G	0.3333
23553	C	0.6667
23554	G	0.3333
23555	A	0.3333
23556	A	0.6667
23557	A	1.0000
23558	C	0.3333
23559	T	0.3333
23560	C	0.6667
23561	C	0.6667
23562	T	0.3333
23563	T	0.6667
23564	T	0.6667
23565	T	0.6667
23566	T	0.3333
23567	C	0.3333
23568	T	0.3333
23569	G	0.6667
23570	C	0.6667
23571	G	0.3333
23572	T	0.6667
23573	A	0.6667
23574	C	0.6667
23575	A	0.3333
23576	G	1.0000
23577	T	0.6667
23578	T	0.6667
23579	T	0.6667
23580	A	0.6667
23581	C	0.6667
23582	G	0.6667
23583	G	1.0000
23584	C	0.6667
23585	G	0.3333
23586	G	0.6667
23587	C	0.6667
23588	A	0.6667
23589	G	0.3333
23590	G	0.3333
23591	C	0.6667
23592	T	0.6667
23593	T	0.3333
23594	C	0.6667
23595	A	0.3333
23596	A	0.3333
23597	T	0.6667
23598	G	0.6667
23599	A	0.3333
23600	C	0.6667
23601	C	0.3333
23602	T	0.6667
23603	A	0.3333
23604	G	0.6667
23605	G	0.3333
23606	C	0.6667
23607	T	0.3333
23608	G	0.3333
23609	A	0.6667
23610	G	0.3333
23611	T	0.6667
23612	A	0.3333
23613	A	0.6667
23614	C	0.6667
23615	T	0.3333
23616	C	0.6667
23617	C	1.0000
23618	C	0.3333
23619	G	0.6667
23620	G	0.6667
23621	A	0.6667
23622	C	0.6667
23623	C	0.3333
23624	T	0.6667
23625	T	0.6667
23626	T	0.6667
23627	T	0.6667
23628	T	0.3333
23629	T	0.3333
23630	G	0.6667
23631	A	0.6667
23632	A	0.3333
23633	C	0.6667
23634	A	0.3333
23635	A	0.3333
23636	G	0.6667
23637	G	0.6667
23638	G	1.0000
23639	C	0.3333
23640	A	0.6667
23641	A	1.0000
23642	T	0.6667
23643	G	1.0000
23644	T	0.3333
23645	T	0.3333
23646	A	0.6667
23647	A	0.6667
23648	T	1.0000
23649	C	0.6667
23650	T	0.3333
23651	G	0.3333
23652	G	0.6667
23653	T	1.0000
23654	C	1.0000
23655	A	0.6667
23656	G	0.6667
23657	T	0.6667
23658	C	0.6667
23659	A	0.6667
23660	T	0.6667
23661	T	0.3333
23662	T	0.6667
23663	G	0.3333
23664	G	0.3333
23665	A	0.6667
23666	C	0.6667
23667	A	0.6667
23668	G	0.3333
23669	G	0.3333
23670	G	0.6667
23671	G	0.6667
23672	C	0.6667
23673	G	0.3333
23674	C	0.3333
23675	G	0.6667
23676	G	0.6667
23677	A	0.3333
23678	T	0.6667
23679	G	1.0000
23680	T	0.6667
23681	T	0.6667
23682	G	0.6667
23683	C	0.6667
23684	G	0.6667
23685	G	1.0000
23686	A	0.6667
23687	T	0.6667
23688	G	0.6667
23689	G	0.3333
23690	T	0.6667
23691	T	0.3333
23692	T	0.6667
23693	G	0.6667
23694	T	0.6667
23695	C	0.6667
23696	T	0.6667
23697	G	0.6667
23698	C	0.6667
23699	G	0.6667
23700	G	0.6667
23701	G	0.6667
23702	T	0.6667
23703	T	0.6667
23704	C	0.3333
23705	A	0.6667
23706	G	0.3333
23707	A	0.6667
23708	T	0.3333
23709	C	0.6667
23710	T	0.6667
23711	T	0.6667
23712	C	0.6667
23713	G	0.3333
23714	T	0.3333
23715	T	0.3333
23716	T	0.6667
23717	G	0.6667
23718	C	0.3333
23719	A	0.3333
23720	T	0.6667
23721	G	0.3333
23722	A	0.3333
23723	G	0.6667
23724	G	0.6667
23725	T	0.3333
23726	T	0.6667
23727	G	0.6667
23728	C	0.6667
23729	C	0.6667
23730	C	0.3333
23731	C	0.6667
23732	C	0.6667
23733	G	0.6667
23734	A	0.3333
23735	A	0.6667
23736	A	0.6667
23737	C	1.0000
23738	A	0.3333
23739	G	1.0000
23740	T	0.3333
23741	C	0.6667
23742	G	0.6667
23743	C	0.6667
23744	T	0.6667
23745	C	1.0000
23746	T	0.3333
23747	T	0.6667
23748	A	0.6667
23749	T	0.6667
23750	T	0.6667
23751	T	0.3333
23752	G	0.3333
23753	T	0.3333
23754	A	1.0000
23755	C	0.6667
23756	T	0.6667
23757	G	1.0000
23758	G	0.6667
23759	C	0.6667
23760	T	0.3333
23761	C	0.6667
23762	A	0.3333
23763	G	0.6667
23764	T	0.6667
23765	T	0.6667
23766	T	0.3333
23767	G	0.3333
23768	T	0.6667
23769	T	0.3333
23770	T	0.3333
23771	T	0.3333
23772	T	0.3333
23773	A	0.6667
23774	C	0.3333
23775	G	0.6667
23776	T	0.6667
23777	T	0.3333
23778	A	0.3333
23779	G	0.6667
23780	G	0.6667
23781	T	0.3333
23782	T	0.3333
23783	G	0.6667
23784	A	0.3333
23785	T	0.6667
23786	G	0.6667
23787	C	0.6667
23788	T	0.6667
23789	G	0.3333
23790	A	0.3333
23791	T	0.3333
23792	C	0.6667
23793	A	0.6667
23794	A	0.6667
23795	T	0.6667
23796	T	0.3333
23797	A	0.3333
23798	A	0.3333
23799	G	0.6667
23800	A	0.3333
23801	C	0.3333
23802	G	0.3333
23803	A	0.3333
23804	T	0.3333
23805	A	0.3333
23806	C	0.6667
23807	C	0.6667
23808	T	0.6667
23809	G	0.6667
23810	C	1.0000
23811	A	0.6667
23812	A	0.6667
23813	C	0.6667
23814	A	0.6667
23815	T	0.6667
23816	A	0.3333
23817	A	0.6667
23818	C	0.6667
23819	T	0.6667
23820	G	1.0000
23821	A	0.3333
23822	C	0.6667
23823	T	1.0000
23824	A	0.3333
23825	C	0.6667
23826	G	0.6667
23827	T	1.0000
23828	G	0.3333
23829	A	1.0000
23830	C	0.3333
23831	G	0.6667
23832	A	0.6667
23833	G	0.3333
23834	G	0.6667
23835	T	0.3333
23836	T	0.6667
23837	T	0.3333
23838	G	0.6667
23839	T	0.6667
23840	T	0.3333
23841	G	0.3333
23842	G	0.3333
23843	C	0.6667
23844	C	0.3333
23845	T	0.6667
23846	C	0.3333
23847	A	0.6667
23848	T	0.6667
23849	C	0.3333
23850	A	0.6667
23851	C	0.3333
23852	C	0.6667
23853	C	0.3333
23854	A	0.6667
23855	T	0.6667
23856	T	0.3333
23857	G	0.3333
23858	C	0.6667
23859	G	0.6667
23860	A	0.3333
23861	T	0.3333
23862	G	0.6667
23863	T	0.6667
23864	G	0.3333
23865	C	0.6667
23866	A	0.3333
23867	G	0.6667
23868	A	0.6667
23869	T	0.3333
23870	G	0.6667
23871	A	1.0000
23872	T	0.3333
23873	A	0.3333
23874	A	0.3333
23875	A	0.6667
23876	C	0.3333
23877	A	0.6667
23878	T	0.3333
23879	T	0.3333
23880	A	0.6667
23881	T	0.3333
23882	T	0.6667
23883	G	0.3333
23884	C	0.6667
23885	T	0.3333
23886	T	0.3333
23887	T	0.6667
23888	A	0.3333
23889	C	0.3333
23890	G	0.3333
23891	T	0.6667
23892	G	0.6667
23893	T	0.6667
23894	C	0.6667
23895	C	0.6667
23896	T	0.3333
23897	T	1.0000
23898	T	0.3333
23899	C	0.3333
23900	G	0.6667
23901	T	0.6667
23902	G	0.3333
23903	T	0.6667
23904	G	0.3333
23905	A	0.3333
23906	T	0.3333
23907	C	0.6667
23908	C	0.6667
23909	G	0.3333
23910	A	0.6667
23911	C	0.3333
23912	A	0.3333
23913	G	0.6667
23914	G	0.3333
23915	T	0.3333
23916	G	0.6667
23917	G	0.6667
23918	C	0.6667
23919	G	0.3333
23920	G	0.6667
23921	G	0.6667
23922	C	0.6667
23923	C	0.3333
23924	G	1.0000
23925	T	0.6667
23926	C	0.6667
23927	G	0.3333
23928	A	0.3333
23929	A	0.6667
23930	C	0.3333
23931	T	0.3333
23932	C	0.3333
23933	G	0.6667
23934	C	0.6667
23935	G	0.3333
23936	G	0.6667
23937	T	0.3333
23938	T	0.6667
23939	C	0.6667
23940	T	0.3333
23941	C	0.6667
23942	C	0.3333
23943	G	0.6667
23944	G	0.6667
23945	T	0.6667
23946	A	0.3333
23947	T	0.6667
23948	C	0.6667
23949	T	0.3333
23950	A	0.6667
23951	T	0.3333
23952	G	0.6667
23953	A	0.6667
23954	T	0.6667
23955	A	0.6667
23956	A	1.0000
23957	T	0.3333
23958	T	0.3333
23959	T	0.3333
23960	T	0.3333
23961	T	0.3333
23962	C	0.3333
23963	A	0.3333
23964	G	0.3333
23965	G	0.6667
23966	G	0.6667
23967	A	0.6667
23968	A	0.3333
23969	A	0.6667
23970	A	0.6667
23971	C	0.6667
23972	C	0.6667
23973	G	0.3333
23974	T	0.6667
23975	G	0.6667
23976	T	0.3333
23977	C	0.6667
23978	G	0.6667
23979	G	0.6667
23980	T	0.6667
23981	A	0.3333
23982	T	0.6667
23983	T	0.6667
23984	C	0.6667
23985	C	0.3333
23986	T	0.3333
23987	C	0.3333
23988	G	0.6667
23989	A	0.6667
23990	A	0.6667
23991	T	0.3333
23992	A	0.6667
23993	T	0.3333
23994	A	0.6667
23995	C	0.6667
23996	C	1.0000
23997	T	0.3333
23998	T	0.6667
23999	T	0.6667
24000	A	0.6667
24001	C	0.6667
24002	G	1.0000
24003	T	0.3333
24004	T	0.6667
24005	T	0.6667
24006	G	0.6667
24007	T	0.3333
24008	T	0.6667
24009	T	0.3333
24010	T	0.3333
24011	A	0.6667
24012	A	0.3333
24013	A	0.6667
24014	A	0.3333
24015	C	0.6667
24016	T	0.6667
24017	G	1.0000
24018	C	0.3333
24019	A	0.6667
24020	T	0.6667
24021	C	0.3333
24022	C	0.6667
24023	G	0.6667
24024	T	0.3333
24025	G	0.6667
24026	A	0.3333
24027	A	0.6667
24028	G	0.6667
24029	G	0.6667
24030	A	0.6667
24031	C	0.6667
24032	C	0.6667
24033	G	0.6667
24034	A	0.3333
24035	C	0.6667
24036	A	0.6667
24037	T	0.3333
24038	C	0.6667
24039	G	0.6667
24040	A	0.3333
24041	A	0.6667
24042	G	0.6667
24043	T	0.6667
24044	G	0.6667
24045	T	0.6667
24046	T	0.6667
24047	C	0.6667
24048	G	0.6667
24049	A	0.3333
24050	A	0.6667
24051	A	1.0000
24052	T	0.6667
24053	T	0.6667
24054	G	0.3333
24055	C	0.6667
24056	C	1.0000
24057	T	0.3333
24058	T	0.3333
24059	T	0.3333
24060	T	0.3333
24061	T	0.3333
24062	C	0.6667
24063	T	0.6667
24064	G	0.3333
24065	G	0.6667
24066	C	0.3333
24067	C	0.6667
24068	T	0.3333
24069	C	0.6667
24070	T	0.3333
24071	T	1.0000
24072	C	1.0000
24073	A	0.6667
24074	T	0.3333
24075	G	0.6667
24076	C	0.6667
24077	C	0.3333
24078	G	0.6667
24079	G	0.6667
24080	G	0.6667
24081	A	0.6667
24082	C	1.0000
24083	T	0.3333
24084	T	0.3333
24085	G	0.6667
24086	T	0.6667
24087	A	0.6667
24088	T	0.3333
24089	G	0.6667
24090	C	0.6667
24091	G	0.3333
24092	A	0.6667
24093	T	0.6667
24094	A	0.3333
24095	G	0.6667
24096	T	0.3333
24097	G	0.6667
24098	T	0.6667
24099	G	0.3333
24100	T	1.0000
24101	T	0.3333
24102	G	0.6667
24103	T	0.6667
24104	T	0.3333
24105	C	0.6667
24106	T	0.6667
24107	T	0.6667
24108	A	0.3333
24109	T	0.6667
24110	G	1.0000
24111	A	0.6667
24112	A	0.3333
24113	G	0.6667
24114	A	0.6667
24115	A	0.6667
24116	T	0.3333
24117	A	0.3333
24118	G	0.6667
24119	T	0.3333
24120	A	1.0000
24121	A	1.0000
24122	A	0.6667
24123	C	0.6667
24124	A	0.3333
24125	G	0.6667
24126	T	0.6667
24127	G	0.6667
24128	C	0.6667
24129	C	0.6667
24130	C	0.6667
24131	G	0.6667
24132	G	0.3333
24133	C	0.3333
24134	C	0.3333
24135	G	0.3333
24136	A	0.3333
24137	C	0.6667
24138	A	0.6667
24139	T	0.6667
24140	T	0.3333
24141	C	0.6667
24142	A	0.6667
24143	C	0.3333
24144	A	0.3333
24145	A	0.6667
24146	C	0.6667
24147	G	0.3333
24148	T	0.3333
24149	C	0.6667
24150	C	0.6667
24151	A	0.3333
24152	G	0.6667
24153	C	0.6667
24154	C	0.3333
24155	G	0.6667
24156	C	0.3333
24157	G	0.3333
24158	G	0.3333
24159	A	0.6667
24160	C	0.3333
24161	G	0.3333
24162	A	0.3333
24163	T	0.3333
24164	T	0.6667
24165	G	0.6667
24166	A	0.3333
24167	G	0.6667
24168	C	0.6667
24169	G	0.6667
24170	C	0.6667
24171	T	0.3333
24172	G	0.3333
24173	G	1.0000
24174	C	0.3333
24175	A	0.6667
24176	G	1.0000
24177	T	1.0000
24178	C	0.6667
24179	T	1.0000
24180	C	0.3333
24181	A	0.3333
24182	G	0.3333
24183	G	0.6667
24184	G	0.3333
24185	A	0.6667
24186	C	0.3333
24187	T	0.6667
24188	C	0.6667
24189	C	0.6667
24190	C	0.3333
24191	T	0.3333
24192	T	0.3333
24193	G	0.3333
24194	C	0.3333
24195	G	0.3333
24196	T	0.6667
24197	G	0.6667
24198	T	0.3333
24199	C	0.3333
24200	C	1.0000
24201	A	1.0000
24202	A	0.6667
24203	T	0.6667
24204	C	0.6667
24205	G	0.6667
24206	T	0.6667
24207	C	0.6667
24208	G	0.6667
24209	T	1.0000
24210	A	0.3333
24211	A	1.0000
24212	T	0.6667
24213	G	0.6667
24214	G	0.6667
24215	C	1.0000
24216	A	0.6667
24217	T	0.3333
24218	T	0.6667
24219	G	0.3333
24220	A	0.6667
24221	A	0.3333
24222	T	0.6667
24223	C	0.3333
24224	C	0.6667
24225	A	0.6667
24226	G	0.6667
24227	A	0.6667
24228	A	0.6667
24229	T	0.6667
24230	T	0.3333
24231	G	0.3333
24232	A	0.6667
24233	T	0.3333
24234	A	0.6667
24235	C	0.6667
24236	T	1.0000
24237	T	0.6667
24238	C	0.3333
24239	C	0.6667
24240	A	0.3333
24241	T	0.3333
24242	G	0.6667
24243	G	0.6667
24244	T	0.6667
24245	A	0.3333
24246	A	0.6667
24247	T	0.6667
24248	T	0.6667
24249	C	0.3333
24250	A	1.0000
24251	G	0.3333
24252	T	0.3333
24253	G	0.6667
24254	G	0.3333
24255	A	0.6667
24256	A	0.3333
24257	T	1.0000
24258	T	0.6667
24259	C	0.3333
24260	G	0.3333
24261	C	1.0000
24262	A	0.6667
24263	G	0.6667
24264	A	0.6667
24265	G	0.3333
24266	G	0.3333
24267	G	0.3333
24268	G	0.6667
24269	A	0.3333
24270	A	0.3333
24271	C	0.3333
24272	T	0.3333
24273	G	0.3333
24274	C	0.6667
24275	T	0.3333
24276	A	0.3333
24277	T	0.6667
24278	C	0.6667
24279	C	0.6667
24280	A	1.0000
24281	A	0.3333
24282	A	0.6667
24283	C	0.6667
24284	C	0.6667
24285	G	0.6667
24286	G	0.6667
24287	A	0.6667
24288	A	0.3333
24289	A	0.6667
24290	G	0.6667
24291	C	0.6667
24292	T	0.3333
24293	C	0.3333
24294	C	0.6667
24295	G	0.3333
24296	C	0.3333
24297	A	0.3333
24298	T	0.6667
24299	A	0.3333
24300	G	0.6667
24301	A	0.3333
24302	A	0.3333
24303	C	0.3333
24304	T	0.6667
24305	G	0.3333
24306	G	0.6667
24307	A	0.3333
24308	C	0.6667
24309	G	0.3333
24310	A	1.0000
24311	T	0.3333
24312	T	0.6667
24313	T	0.6667
24314	C	0.6667
24315	C	0.6667
24316	G	0.6667
24317	T	0.6667
24318	G	0.6667
24319	C	0.3333
24320	G	0.6667
24321	G	0.3333
24322	C	0.6667
24323	A	0.3333
24324	G	0.3333
24325	C	0.3333
24326	G	0.6667
24327	G	0.6667
24328	A	0.6667
24329	G	0.6667
24330	T	0.6667
24331	C	0.3333
24332	A	0.3333
24333	G	1.0000
24334	A	0.3333
24335	T	0.3333
24336	T	0.3333
24337	G	0.6667
24338	T	0.6667
24339	C	0.6667
24340	A	1.0000
24341	A	0.3333
24342	C	0.6667
24343	C	0.3333
24344	C	0.3333
24345	C	0.6667
24346	G	0.6667
24347	C	0.3333
24348	A	0.6667
24349	C	0.6667
24350	C	0.6667
24351	A	0.6667
24352	T	0.3333
24353	C	0.6667
24354	G	1.0000
24355	A	1.0000
24356	C	0.6667
24357	T	0.3333
24358	G	0.6667
24359	T	0.6667
24360	G	0.6667
24361	A	0.3333
24362	C	0.6667
24363	C	1.0000
24364	G	0.6667
24365	C	0.6667
24366	T	0.6667
24367	A	0.3333
24368	C	0.3333
24369	C	0.3333
24370	G	0.6667
24371	G	0.6667
24372	C	0.6667
24373	C	0.6667
24374	C	0.6667
24375	A	0.3333
24376	C	0.3333
24377	A	0.3333
24378	C	0.6667
24379	A	0.6667
24380	A	0.3333
24381	G	1.0000
24382	C	1.0000
24383	G	0.6667
24384	C	0.3333
24385	A	0.3333
24386	G	0.3333
24387	G	0.6667
24388	C	0.3333
24389	A	0.6667
24390	A	0.6667
24391	C	0.6667
24392	T	0.6667
24393	G	0.6667
24394	C	0.6667
24395	G	1.0000
24396	C	0.3333
24397	A	0.3333
24398	G	0.6667
24399	G	0.6667
24400	A	0.3333
24401	A	0.6667
24402	C	0.3333
24403	T	0.6667
24404	G	0.3333
24405	A	0.6667
24406	A	0.6667
24407	A	0.6667
24408	A	0.3333
24409	A	0.3333
24410	G	0.6667
24411	G	0.6667
24412	A	0.6667
24413	C	0.3333
24414	C	1.0000
24415	G	0.3333
24416	T	0.3333
24417	G	0.6667
24418	T	0.6667
24419	A	0.6667
24420	G	0.6667
24421	C	0.6667
24422	C	0.6667
24423	A	0.6667
24424	G	0.6667
24425	A	0.3333
24426	G	0.3333
24427	T	0.3333
24428	A	0.3333
24429	C	0.6667
24430	T	0.3333
24431	T	0.6667
24432	C	0.6667
24433	T	0.3333
24434	G	0.6667
24435	G	0.6667
24436	A	0.3333
24437	A	0.3333
24438	A	0.3333
24439	C	0.6667
24440	T	0.3333
24441	C	0.6667
24442	G	0.6667
24443	A	0.3333
24444	C	0.6667
24445	T	0.3333
24446	G	0.6667
24447	T	0.3333
24448	T	0.3333
24449	T	0.3333
24450	A	0.6667
24451	C	0.6667
24452	C	0.6667
24453	T	0.6667
24454	T	0.6667
24455	G	0.6667
24456	A	0.3333
24457	T	0.3333
24458	T	0.6667
24459	C	0.6667
24460	T	0.3333
24461	G	0.6667
24462	C	0.3333
24463	A	0.6667
24464	A	0.3333
24465	C	0.3333
24466	G	0.3333
24467	A	0.6667
24468	G	0.3333
24469	T	1.0000
24470	G	0.6667
24471	G	0.3333
24472	C	0.6667
24473	T	0.6667
24474	C	0.6667
24475	A	0.6667
24476	G	0.6667
24477	G	0.3333
24478	A	0.6667
24479	G	0.6667
24480	T	0.6667
24481	A	0.6667
24482	C	0.6667
24483	T	0.3333
24484	C	0.3333
24485	G	1.0000
24486	G	0.6667
24487	T	0.6667
24488	T	0.6667
24489	A	0.3333
24490	T	0.6667
24491	A	0.3333
24492	C	0.3333
24493	T	0.3333
24494	G	0.6667
24495	C	0.6667
24496	T	0.6667
24497	T	0.6667
24498	C	0.3333
24499	G	0.6667
24500	T	0.6667
24501	G	0.6667
24502	T	0.3333
24503	G	0.6667
24504	C	0.6667
24505	C	0.3333
24506	G	0.6667
24507	T	0.3333
24508	A	0.6667
24509	G	0.6667
24510	A	0.6667
24511	C	0.6667
24512	A	0.6667
24513	T	0.6667
24514	T	0.6667
24515	A	0.3333
24516	C	0.6667
24517	A	0.6667
24518	G	0.3333
24519	C	0.6667
24520	G	0.6667
24521	T	0.3333
24522	A	0.6667
24523	A	1.0000
24524	C	0.6667
24525	T	0.3333
24526	A	0.6667
24527	G	0.6667
24528	C	1.0000
24529	C	0.3333
24530	G	0.6667
24531	G	0.6667
24532	T	0.6667
24533	C	0.6667
24534	A	0.3333
24535	T	0.3333
24536	G	0.6667
24537	T	0.3333
24538	C	0.6667
24539	T	0.6667
24540	C	0.3333
24541	C	0.3333
24542	A	0.3333
24543	T	0.6667
24544	C	0.6667
24545	T	0.6667
24546	G	0.6667
24547	A	0.3333
24548	C	0.6667
24549	A	0.6667
24550	T	0.3333
24551	T	0.3333
24552	C	0.6667
24553	A	0.6667
24554	T	0.6667
24555	G	0.6667
24556	T	1.0000
24557	G	0.6667
24558	C	0.6667
24559	T	0.3333
24560	G	0.3333
24561	A	0.6667
24562	T	0.6667
24563	A	0.3333
24564	A	0.3333
24565	C	0.6667
24566	T	0.6667
24567	G	1.0000
24568	A	0.3333
24569	A	0.3333
24570	A	0.6667
24571	T	0.6667
24572	C	0.3333
24573	G	0.6667
24574	T	0.6667
24575	T	0.6667
24576	A	0.6667
24577	A	0.6667
24578	A	0.3333
24579	G	0.6667
24580	C	0.3333
24581	C	0.6667
24582	T	1.0000
24583	C	0.3333
24584	C	0.6667
24585	C	0.6667
24586	A	0.6667
24587	T	0.6667
24588	G	0.3333
24589	T	0.6667
24590	T	0.6667
24591	T	0.3333
24592	C	0.6667
24593	G	0.6667
24594	G	0.3333
24595	C	0.3333
24596	T	0.6667
24597	A	0.3333
24598	A	0.3333
24599	G	0.6667
24600	G	0.6667
24601	A	0.6667
24602	G	0.6667
24603	G	0.6667
24604	G	0.3333
24605	G	0.6667
24606	G	0.3333
24607	A	0.3333
24608	T	0.6667
24609	A	0.3333
24610	A	0.6667
24611	C	0.3333
24612	G	0.3333
24613	T	0.3333
24614	G	0.6667
24615	G	0.3333
24616	G	0.6667
24617	G	0.6667
24618	C	0.6667
24619	G	0.6667
24620	C	0.6667
24621	T	0.3333
24622	G	0.3333
24623	A	0.6667
24624	T	0.6667
24625	T	0.3333
24626	C	0.3333
24627	G	0.6667
24628	A	0.3333
24629	T	0.6667
24630	G	1.0000
24631	A	0.6667
24632	T	0.3333
24633	T	0.3333
24634	T	0.6667
24635	T	0.6667
24636	A	0.3333
24637	G	0.3333
24638	T	0.6667
24639	C	0.3333
24640	T	0.6667
24641	T	0.6667
24642	T	0.6667
24643	C	0.6667
24644	A	0.6667
24645	A	0.6667
24646	A	1.0000
24647	A	0.6667
24648	T	0.6667
24649	T	0.6667
24650	C	0.3333
24651	A	0.6667
24652	G	0.3333
24653	G	0.6667
24654	G	0.6667
24655	T	0.6667
24656	A	0.3333
24657	T	0.3333
24658	G	0.6667
24659	C	0.6667
24660	A	0.6667
24661	G	0.6667
24662	C	0.6667
24663	C	0.3333
24664	G	0.3333
24665	T	0.6667
24666	T	0.6667
24667	G	0.6667
24668	C	0.6667
24669	G	0.3333
24670	A	0.6667
24671	T	0.3333
24672	C	0.6667
24673	G	0.3333
24674	C	0.3333
24675	G	0.6667
24676	A	0.3333
24677	G	0.6667
24678	G	0.6667
24679	G	0.3333
24680	G	0.3333
24681	G	0.3333
24682	T	0.6667
24683	G	0.6667
24684	T	0.3333
24685	T	0.3333
24686	G	0.6667
24687	T	0.6667
24688	T	0.3333
24689	C	0.6667
24690	T	0.3333
24691	C	0.6667
24692	T	0.6667
24693	T	0.6667
24694	A	0.3333
24695	T	0.6667
24696	T	0.3333
24697	A	0.6667
24698	A	0.6667
24699	G	0.6667
24700	G	0.6667
24701	C	0.3333
24702	T	0.6667
24703	G	0.6667
24704	T	0.3333
24705	T	0.6667
24706	C	0.6667
24707	C	0.6667
24708	A	0.6667
24709	C	0.6667
24710	G	0.6667
24711	G	0.3333
24712	A	0.6667
24713	C	0.3333
24714	G	0.3333
24715	A	0.3333
24716	C	0.3333
24717	T	0.6667
24718	G	0.6667
24719	T	0.3333
24720	T	0.6667
24721	C	0.6667
24722	G	0.6667
24723	G	0.6667
24724	T	0.3333
24725	G	0.3333
24726	G	0.3333
24727	G	0.6667
24728	G	0.6667
24729	A	0.6667
24730	A	0.6667
24731	G	0.6667
24732	G	0.6667
24733	A	0.3333
24734	T	0.6667
24735	C	0.6667
24736	A	0.6667
24737	A	0.6667
24738	T	0.6667
24739	T	0.3333
24740	A	0.6667
24741	T	0.3333
24742	T	0.3333
24743	C	0.6667
24744	C	0.6667
24745	C	0.6667
24746	T	0.3333
24747	A	0.6667
24748	C	0.3333
24749	C	0.6667
24750	A	0.6667
24751	A	0.6667
24752	A	1.0000
24753	C	0.6667
24754	G	0.3333
24755	A	0.3333
24756	A	0.6667
24757	T	0.6667
24758	C	0.6667
24759	G	0.6667
24760	T	1.0000
24761	G	0.6667
24762	T	0.3333
24763	T	0.3333
24764	A	0.3333
24765	T	0.3333
24766	T	0.6667
24767	T	0.6667
24768	C	0.6667
24769	C	0.3333
24770	G	0.6667
24771	G	0.3333
24772	G	0.3333
24773	G	0.3333
24774	G	0.3333
24775	C	0.3333
24776	G	1.0000
24777	G	0.6667
24778	T	0.3333
24779	A	0.6667
24780	G	0.6667
24781	G	0.3333
24782	T	0.6667
24783	A	0.3333
24784	A	0.6667
24785	C	0.3333
24786	A	1.0000
24787	C	0.3333
24788	T	0.6667
24789	G	0.3333
24790	C	0.3333
24791	C	0.6667
24792	G	0.3333
24793	T	0.3333
24794	T	0.3333
24795	T	0.3333
24796	G	0.6667
24797	A	0.6667
24798	G	0.3333
24799	G	0.3333
24800	T	0.6667
24801	T	0.6667
24802	T	0.6667
24803	G	0.3333
24804	C	0.6667
24805	A	0.3333
24806	T	0.3333
24807	C	0.6667
24808	A	0.3333
24809	G	0.6667
24810	G	0.6667
24811	A	0.6667
24812	A	1.0000
24813	C	0.3333
24814	T	0.6667
24815	G	0.3333
24816	T	1.0000
24817	A	0.3333
24818	T	0.3333
24819	G	0.6667
24820	C	0.6667
24821	T	0.6667
24822	C	0.6667
24823	A	0.3333
24824	T	0.6667
24825	C	0.6667
24826	T	0.6667
24827	A	0.3333
24828	T	0.6667
24829	T	0.6667
24830	T	0.3333
24831	G	0.6667
24832	A	0.3333
24833	T	0.6667
24834	T	0.6667
24835	C	0.3333
24836	G	0.6667
24837	C	1.0000
24838	A	0.6667
24839	A	0.6667
24840	T	0.6667
24841	C	0.6667
24842	T	0.6667
24843	T	0.6667
24844	A	0.6667
24845	A	0.3333
24846	C	1.0000
24847	C	1.0000
24848	T	0.3333
24849	G	0.6667
24850	A	0.3333
24851	T	0.6667
24852	T	0.6667
24853	A	0.6667
24854	G	0.6667
24855	A	0.3333
24856	T	0.6667
24857	C	0.6667
24858	T	0.6667
24859	G	0.6667
24860	G	0.6667
24861	C	0.6667
24862	C	0.3333
24863	G	0.3333
24864	T	0.3333
24865	G	0.6667
24866	T	0.6667
24867	T	0.6667
24868	C	0.6667
24869	T	0.6667
24870	T	0.3333
24871	T	0.6667
24872	A	0.6667
24873	T	0.6667
24874	A	0.6667
24875	C	1.0000
24876	A	0.3333
24877	A	0.6667
24878	T	0.6667
24879	C	0.6667
24880	A	0.6667
24881	T	0.6667
24882	C	0.6667
24883	T	0.6667
24884	T	0.6667
24885	G	0.3333
24886	C	1.0000
24887	T	0.6667
24888	G	1.0000
24889	G	0.6667
24890	G	0.3333
24891	A	0.3333
24892	G	0.6667
24893	T	0.6667
24894	A	0.6667
24895	G	0.3333
24896	A	0.6667
24897	G	1.0000
24898	G	0.3333
24899	C	0.3333
24900	T	0.6667
24901	T	0.3333
24902	G	0.6667
24903	T	0.3333
24904	T	0.3333
24905	T	0.3333
24906	T	0.6667
24907	A	0.6667
24908	T	0.6667
24909	T	0.6667
24910	G	0.3333
24911	A	0.6667
24912	G	0.6667
24913	C	0.3333
24914	A	0.3333
24915	T	0.6667
24916	A	0.6667
24917	A	0.3333
24918	A	0.6667
24919	T	0.6667
24920	C	0.3333
24921	A	0.6667
24922	C	0.3333
24923	G	0.6667
24924	G	0.6667
24925	A	0.3333
24926	A	0.6667
24927	C	0.6667
24928	A	0.3333
24929	G	1.0000
24930	C	0.3333
24931	C	0.6667
24932	T	0.6667
24933	T	0.3333
24934	C	0.3333
24935	C	0.6667
24936	T	0.6667
24937	T	0.6667
24938	G	0.6667
24939	T	0.6667
24940	C	0.6667
24941	A	0.6667
24942	G	0.6667
24943	C	1.0000
24944	C	1.0000
24945	A	0.6667
24946	A	0.3333
24947	C	0.6667
24948	G	0.6667
24949	G	0.3333
24950	A	0.3333
24951	C	0.6667
24952	A	0.6667
24953	G	0.6667
24954	A	0.6667
24955	G	0.3333
24956	C	0.3333
24957	T	0.3333
24958	G	0.6667
24959	C	0.3333
24960	T	0.3333
24961	T	0.6667
24962	T	0.6667
24963	A	0.6667
24964	G	0.6667
24965	A	0.3333
24966	A	0.6667
24967	G	0.6667
24968	T	0.6667
24969	T	0.6667
24970	A	0.6667
24971	T	0.6667
24972	G	0.6667
24973	A	0.6667
24974	A	0.6667
24975	A	0.6667
24976	T	0.6667
24977	C	0.6667
24978	T	0.6667
24979	C	0.6667
24980	A	0.6667
24981	T	0.6667
24982	G	0.6667
24983	T	0.3333
24984	T	0.6667
24985	G	0.3333
24986	A	0.3333
24987	G	0.3333
24988	C	0.3333
24989	C	0.3333
24990	A	0.3333
24991	A	0.6667
24992	C	0.6667
24993	G	0.3333
24994	C	0.6667
24995	T	0.3333
24996	A	0.6667
24997	A	0.6667
24998	G	0.3333
24999	G	0.3333
25000	A	0.6667
25001	A	0.6667
25002	G	0.6667
25003	G	0.6667
25004	T	0.6667
25005	T	0.6667
25006	C	0.6667
25007	C	0.6667
25008	T	0.6667
25009	G	0.6667
25010	C	0.6667
25011	G	0.3333
25012	T	0.6667
25013	A	0.6667
25014	G	0.6667
25015	C	0.3333
25016	T	0.3333
25017	G	0.3333
25018	G	0.3333
25019	T	0.6667
25020	C	0.6667
25021	C	0.3333
25022	T	0.3333
25023	C	0.6667
25024	G	0.6667
25025	C	0.6667
25026	T	0.3333
25027	C	1.0000
25028	C	0.3333
25029	G	0.6667
25030	G	0.6667
25031	G	0.3333
25032	G	0.6667
25033	T	0.6667
25034	T	0.6667
25035	C	0.3333
25036	G	0.6667
25037	A	0.6667
25038	A	0.3333
25039	A	0.3333
25040	G	0.3333
25041	A	0.3333
25042	A	0.3333
25043	A	0.3333
25044	C	0.6667
25045	A	0.6667
25046	A	0.3333
25047	C	1.0000
25048	C	0.3333
25049	G	0.6667
25050	C	0.3333
25051	G	0.3333
25052	A	0.6667
25053	T	0.3333
25054	A	0.6667
25055	A	0.6667
25056	T	0.6667
25057	A	0.6667
25058	T	0.6667
25059	C	0.6667
25060	C	0.6667
25061	G	0.6667
25062	C	1.0000
25063	A	0.3333
25064	A	0.6667
25065	G	0.6667
25066	C	0.6667
25067	T	0.6667
25068	G	1.0000
25069	A	0.3333
25070	G	0.6667
25071	G	0.6667
25072	C	0.6667
25073	A	0.6667
25074	T	1.0000
25075	T	0.3333
25076	T	0.3333
25077	T	0.6667
25078	T	0.6667
25079	A	0.6667
25080	C	0.6667
25081	C	0.6667
25082	A	0.6667
25083	G	0.6667
25084	G	0.3333
25085	T	0.6667
25086	T	0.6667
25087	G	0.3333
25088	T	0.3333
25089	G	0.3333
25090	G	0.3333
25091	G	0.3333
25092	T	0.3333
25093	T	0.6667
25094	T	0.6667
25095	T	0.6667
25096	G	0.6667
25097	A	0.6667
25098	G	0.6667
25099	T	0.6667
25100	C	0.6667
25101	C	0.6667
25102	C	0.3333
25103	T	1.0000
25104	G	0.3333
25105	G	0.3333
25106	G	1.0000
25107	G	0.3333
25108	G	0.3333
25109	G	0.6667
25110	A	0.3333
25111	G	0.6667
25112	C	0.6667
25113	G	0.6667
25114	G	0.6667
25115	C	0.6667
25116	A	0.3333
25117	G	0.3333
25118	C	0.3333
25119	A	0.3333
25120	A	0.3333
25121	A	0.3333
25122	A	0.6667
25123	G	0.6667
25124	A	0.6667
25125	C	0.6667
25126	T	0.6667
25127	A	0.3333
25128	C	0.3333
25129	A	0.6667
25130	G	0.3333
25131	T	0.3333
25132	G	0.6667
25133	A	1.0000
25134	A	0.3333
25135	A	0.6667
25136	A	0.6667
25137	T	0.6667
25138	T	0.3333
25139	T	0.6667
25140	C	0.3333
25141	G	0.6667
25142	T	0.3333
25143	G	0.6667
25144	G	0.3333
25145	A	0.3333
25146	T	0.6667
25147	G	0.6667
25148	T	0.3333
25149	G	0.6667
25150	A	0.6667
25151	T	0.3333
25152	C	0.3333
25153	T	0.3333
25154	G	0.3333
25155	T	0.3333
25156	C	0.6667
25157	C	0.6667
25158	T	0.6667
25159	C	0.6667
25160	A	0.6667
25161	C	0.6667
25162	A	0.6667
25163	G	0.6667
25164	G	0.3333
25165	C	0.6667
25166	T	0.3333
25167	T	0.6667
25168	T	0.6667
25169	T	0.6667
25170	C	0.6667
25171	T	0.3333
25172	A	0.6667
25173	C	0.6667
25174	T	0.3333
25175	T	0.6667
25176	C	0.3333
25177	G	0.3333
25178	T	0.6667
25179	A	0.3333
25180	C	0.6667
25181	C	1.0000
25182	G	0.6667
25183	G	0.6667
25184	A	0.6667
25185	T	0.3333
25186	G	0.6667
25187	T	0.3333
25188	A	0.6667
25189	G	0.6667
25190	A	1.0000
25191	C	0.6667
25192	A	0.3333
25193	A	0.3333
25194	A	0.3333
25195	A	0.6667
25196	A	0.6667
25197	G	0.3333
25198	G	0.6667
25199	G	0.6667
25200	T	0.3333
25201	G	0.6667
25202	C	0.6667
25203	G	1.0000
25204	C	0.3333
25205	C	0.6667
25206	A	0.6667
25207	A	0.3333
25208	C	0.3333
25209	C	0.6667
25210	C	0.6667
25211	T	0.6667
25212	G	0.6667
25213	G	0.6667
25214	T	1.0000
25215	G	0.6667
25216	G	0.6667
25217	G	0.3333
25218	G	0.3333
25219	G	1.0000
25220	A	0.3333
25221	T	0.6667
25222	A	0.3333
25223	A	0.3333
25224	A	0.3333
25225	C	0.6667
25226	G	0.3333
25227	C	0.6667
25228	A	0.3333
25229	T	0.6667
25230	C	0.6667
25231	G	0.3333
25232	A	0.6667
25233	G	0.6667
25234	G	0.6667
25235	G	0.6667
25236	C	0.6667
25237	T	0.6667
25238	C	0.3333
25239	T	0.3333
25240	G	0.3333
25241	T	0.3333
25242	A	0.6667
25243	T	0.3333
25244	G	0.3333
25245	G	0.6667
25246	C	0.3333
25247	C	0.3333
25248	C	0.6667
25249	A	0.6667
25250	A	0.3333
25251	A	0.6667
25252	T	0.6667
25253	C	0.6667
25254	C	0.3333
25255	A	0.3333
25256	T	0.6667
25257	T	0.6667
25258	C	0.3333
25259	G	0.3333
25260	C	0.6667
25261	G	0.6667
25262	G	0.3333
25263	C	0.3333
25264	T	0.6667
25265	C	1.0000
25266	G	0.3333
25267	A	0.6667
25268	C	0.3333
25269	G	1.0000
25270	C	0.6667
25271	C	0.6667
25272	T	0.6667
25273	A	0.6667
25274	C	0.6667
25275	A	0.3333
25276	C	0.6667
25277	T	0.3333
25278	C	0.6667
25279	A	0.6667
25280	A	0.3333
25281	A	0.6667
25282	A	0.6667
25283	C	0.6667
25284	C	0.3333
25285	T	0.3333
25286	G	0.6667
25287	C	0.6667
25288	T	0.3333
25289	C	0.6667
25290	C	0.3333
25291	T	0.6667
25292	T	0.6667
25293	G	0.6667
25294	A	0.6667
25295	T	1.0000
25296	C	0.6667
25297	G	0.6667
25298	A	0.3333
25299	A	0.3333
25300	A	0.3333
25301	A	0.3333
25302	A	0.6667
25303	A	0.6667
25304	A	0.6667
25305	C	0.6667
25306	G	0.3333
25307	C	0.3333
25308	C	0.6667
25309	T	0.6667
25310	G	0.6667
25311	C	0.6667
25312	G	0.3333
25313	A	0.3333
25314	G	0.3333
25315	T	0.6667
25316	C	0.6667
25317	G	0.3333
25318	C	0.6667
25319	G	0.6667
25320	A	0.6667
25321	C	0.3333
25322	A	0.3333
25323	C	0.3333
25324	T	0.3333
25325	T	0.6667
25326	C	0.3333
25327	A	0.6667
25328	T	0.3333
25329	G	0.6667
25330	T	0.6667
25331	T	0.6667
25332	T	0.3333
25333	T	0.6667
25334	T	0.3333
25335	T	1.0000
25336	T	0.6667
25337	G	0.6667
25338	T	0.3333
25339	T	0.6667
25340	G	0.6667
25341	G	0.6667
25342	T	0.6667
25343	C	0.6667
25344	C	0.6667
25345	T	0.3333
25346	G	0.6667
25347	T	0.3333
25348	C	0.3333
25349	C	0.3333
25350	G	0.6667
25351	C	0.6667
25352	A	0.6667
25353	A	0.6667
25354	A	0.6667
25355	C	0.6667
25356	T	0.3333
25357	G	0.6667
25358	G	0.6667
25359	G	0.6667
25360	T	0.6667
25361	A	0.6667
25362	G	1.0000
25363	G	0.3333
25364	G	0.6667
25365	G	0.6667
25366	A	0.6667
25367	A	0.3333
25368	G	0.6667
25369	A	0.6667
25370	A	0.3333
25371	T	0.3333
25372	C	0.3333
25373	A	0.6667
25374	C	0.6667
25375	G	0.6667
25376	C	0.6667
25377	A	1.0000
25378	C	0.6667
25379	T	0.3333
25380	T	0.6667
25381	G	0.3333
25382	G	0.3333
25383	G	0.6667
25384	G	0.6667
25385	C	0.6667
25386	T	0.6667
25387	G	0.6667
25388	A	1.0000
25389	G	0.6667
25390	T	1.0000
25391	T	0.6667
25392	C	0.3333
25393	A	0.3333
25394	C	0.3333
25395	G	0.6667
25396	C	0.6667
25397	T	0.6667
25398	T	1.0000
25399	T	0.6667
25400	A	0.6667
25401	T	0.3333
25402	G	0.6667
25403	C	0.6667
25404	G	1.0000
25405	C	0.3333
25406	T	0.6667
25407	T	0.3333
25408	A	0.6667
25409	A	0.6667
25410	C	0.6667
25411	T	0.3333
25412	G	0.3333
25413	G	0.3333
25414	G	0.6667
25415	A	0.3333
25416	G	0.3333
25417	A	0.3333
25418	T	0.6667
25419	G	0.6667
25420	G	0.6667
25421	A	0.6667
25422	C	0.6667
25423	A	0.6667
25424	G	1.0000
25425	G	0.6667
25426	C	0.6667
25427	T	0.6667
25428	T	0.6667
25429	G	0.3333
25430	A	0.6667
25431	A	0.3333
25432	A	0.6667
25433	C	0.6667
25434	C	0.6667
25435	G	0.6667
25436	C	0.6667
25437	T	0.6667
25438	C	0.6667
25439	T	1.0000
25440	G	0.6667
25441	T	0.6667
25442	C	0.6667
25443	G	0.6667
25444	C	0.6667
25445	T	0.6667
25446	C	0.3333
25447	T	0.6667
25448	G	0.3333
25449	T	0.3333
25450	G	0.6667
25451	A	0.6667
25452	G	0.3333
25453	C	0.6667
25454	A	0.6667
25455	G	0.6667
25456	C	0.6667
25457	A	0.6667
25458	T	0.3333
25459	G	0.3333
25460	T	0.6667
25461	C	0.6667
25462	T	0.6667
25463	G	0.6667
25464	C	0.6667
25465	G	0.6667
25466	G	0.6667
25467	G	0.6667
25468	A	0.6667
25469	T	1.0000
25470	T	0.6667
25471	C	0.3333
25472	A	1.0000
25473	T	0.6667
25474	C	0.6667
25475	G	0.6667
25476	C	0.6667
25477	T	0.3333
25478	A	0.6667
25479	T	0.3333
25480	G	1.0000
25481	A	0.3333
25482	A	0.3333
25483	G	0.6667
25484	T	0.3333
25485	G	0.3333
25486	G	0.6667
25487	A	0.6667
25488	A	0.6667
25489	C	0.6667
25490	A	0.6667
25491	G	1.0000
25492	A	0.6667
25493	G	0.3333
25494	A	0.6667
25495	C	0.6667
25496	A	1.0000
25497	C	0.3333
25498	G	0.6667
25499	G	0.6667
25500	G	0.6667
25501	C	0.3333
25502	G	1.0000
25503	G	0.6667
25504	T	0.3333
25505	G	0.3333
25506	G	0.6667
25507	A	0.3333
25508	T	0.6667
25509	G	0.6667
25510	T	0.3333
25511	T	0.6667
25512	T	0.6667
25513	G	0.6667
25514	A	0.6667
25515	T	0.6667
25516	A	0.3333
25517	G	0.6667
25518	C	0.6667
25519	A	0.3333
25520	C	0.3333
25521	G	0.3333
25522	G	0.3333
25523	G	0.6667
25524	C	0.3333
25525	A	0.6667
25526	T	0.6667
25527	G	0.3333
25528	T	0.3333
25529	C	0.6667
25530	G	1.0000
25531	A	0.3333
25532	C	0.3333
25533	C	0.3333
25534	T	0.6667
25535	G	0.6667
25536	G	0.6667
25537	A	0.6667
25538	A	0.3333
25539	C	0.3333
25540	G	0.3333
25541	G	0.6667
25542	T	0.6667
25543	T	0.6667
25544	T	0.3333
25545	G	0.3333
25546	A	0.3333
25547	T	0.6667
25548	G	0.6667
25549	T	0.3333
25550	T	0.3333
25551	T	0.6667
25552	T	0.6667
25553	T	0.3333
25554	C	0.6667
25555	T	0.6667
25556	A	0.6667
25557	C	0.3333
25558	G	0.6667
25559	C	1.0000
25560	T	0.3333
25561	G	0.6667
25562	C	0.3333
25563	G	0.6667
25564	G	0.6667
25565	G	0.3333
25566	G	0.6667
25567	A	0.6667
25568	A	1.0000
25569	T	0.3333
25570	G	0.3333
25571	A	0.6667
25572	C	0.6667
25573	A	0.3333
25574	T	0.6667
25575	T	0.6667
25576	G	0.6667
25577	C	0.6667
25578	C	0.6667
25579	A	0.6667
25580	C	0.6667
25581	G	0.3333
25582	C	0.3333
25583	C	0.6667
25584	G	0.6667
25585	C	0.6667
25586	T	0.6667
25587	C	0.3333
25588	T	0.3333
25589	A	0.6667
25590	C	0.3333
25591	A	0.3333
25592	T	0.6667
25593	C	0.6667
25594	G	0.6667
25595	C	0.6667
25596	T	0.3333
25597	A	0.6667
25598	T	1.0000
25599	C	0.6667
25600	A	0.6667
25601	A	0.6667
25602	T	0.3333
25603	A	0.6667
25604	A	0.6667
25605	C	0.3333
25606	T	0.6667
25607	G	0.6667
25608	G	0.6667
25609	A	1.0000
25610	C	0.3333
25611	C	0.6667
25612	G	1.0000
25613	C	0.6667
25614	C	0.6667
25615	T	0.3333
25616	A	1.0000
25617	C	0.3333
25618	A	0.6667
25619	G	0.3333
25620	T	0.6667
25621	C	0.3333
25622	G	0.6667
25623	G	0.3333
25624	A	0.6667
25625	T	0.6667
25626	C	0.6667
25627	A	0.6667
25628	C	0.6667
25629	C	1.0000
25630	A	0.6667
25631	C	0.3333
25632	C	0.6667
25633	T	0.3333
25634	G	0.3333
25635	G	1.0000
25636	G	1.0000
25637	T	0.6667
25638	C	0.6667
25639	C	0.3333
25640	T	0.6667
25641	G	0.3333
25642	A	0.6667
25643	A	0.6667
25644	T	0.6667
25645	G	0.3333
25646	T	0.6667
25647	C	0.3333
25648	T	0.3333
25649	A	0.3333
25650	T	0.6667
25651	G	0.6667
25652	A	0.3333
25653	C	0.6667
25654	T	0.3333
25655	G	0.3333
25656	G	0.6667
25657	C	0.6667
25658	G	0.6667
25659	G	0.6667
25660	G	0.3333
25661	A	0.3333
25662	T	0.3333
25663	G	0.6667
25664	C	0.3333
25665	A	0.3333
25666	A	0.6667
25667	A	0.6667
25668	C	0.6667
25669	A	0.3333
25670	A	0.6667
25671	A	0.3333
25672	C	0.6667
25673	T	0.6667
25674	T	0.6667
25675	C	0.6667
25676	C	0.6667
25677	C	0.6667
25678	A	0.3333
25679	A	0.6667
25680	T	0.6667
25681	G	0.3333
25682	G	0.6667
25683	C	0.3333
25684	A	0.6667
25685	T	0.6667
25686	G	0.6667
25687	A	0.6667
25688	A	0.6667
25689	A	0.3333
25690	A	0.3333
25691	C	0.3333
25692	C	0.3333
25693	T	0.6667
25694	T	0.6667
25695	T	0.6667
25696	G	0.3333
25697	T	0.3333
25698	G	0.6667
25699	A	0.6667
25700	A	0.6667
25701	C	0.6667
25702	A	0.6667
25703	C	0.3333
25704	C	0.3333
25705	A	0.6667
25706	T	0.6667
25707	G	1.0000
25708	C	0.6667
25709	T	0.6667
25710	G	1.0000
25711	G	0.6667
25712	G	0.3333
25713	C	0.3333
25714	G	0.3333
25715	T	0.6667
25716	G	0.6667
25717	A	0.6667
25718	C	0.6667
25719	G	0.6667
25720	C	0.6667
25721	G	0.6667
25722	G	0.3333
25723	G	0.3333
25724	A	0.6667
25725	G	0.6667
25726	G	0.6667
25727	A	0.6667
25728	G	1.0000
25729	G	0.6667
25730	T	0.6667
25731	T	0.3333
25732	G	0.3333
25733	T	0.3333
25734	G	0.6667
25735	G	1.0000
25736	C	0.6667
25737	C	0.6667
25738	G	0.6667
25739	A	0.6667
25740	A	0.6667
25741	A	0.6667
25742	A	0.6667
25743	C	0.6667
25744	C	0.3333
25745	T	1.0000
25746	T	0.6667
25747	G	0.3333
25748	A	0.3333
25749	T	0.6667
25750	C	0.3333
25751	G	0.6667
25752	C	1.0000
25753	G	0.6667
25754	A	0.6667
25755	G	0.3333
25756	G	0.6667
25757	T	0.6667
25758	A	0.3333
25759	C	0.3333
25760	G	0.6667
25761	G	0.3333
25762	A	0.6667
25763	A	0.6667
25764	G	0.3333
25765	G	0.6667
25766	A	0.3333
25767	T	0.3333
25768	A	1.0000
25769	A	0.3333
25770	A	0.6667
25771	G	0.6667
25772	T	0.3333
25773	T	1.0000
25774	G	0.3333
25775	T	0.6667
25776	G	0.3333
25777	C	0.6667
25778	G	0.6667
25779	T	0.6667
25780	T	0.3333
25781	C	0.6667
25782	C	0.6667
25783	A	0.3333
25784	C	0.3333
25785	A	0.6667
25786	G	0.3333
25787	A	0.6667
25788	A	0.6667
25789	G	0.3333
25790	C	0.6667
25791	G	0.6667
25792	G	0.3333
25793	T	0.6667
25794	G	0.3333
25795	C	0.6667
25796	C	0.3333
25797	T	0.3333
25798	G	0.3333
25799	C	0.6667
25800	C	0.3333
25801	C	1.0000
25802	G	0.3333
25803	G	1.0000
25804	G	1.0000
25805	T	0.6667
25806	G	0.3333
25807	G	0.6667
25808	T	0.3333
25809	T	0.3333
25810	G	0.6667
25811	A	0.3333
25812	T	0.6667
25813	G	0.6667
25814	T	0.6667
25815	G	0.3333
25816	G	0.6667
25817	A	0.6667
25818	G	0.6667
25819	G	0.6667
25820	T	0.6667
25821	G	0.3333
25822	G	0.6667
25823	G	0.6667
25824	C	1.0000
25825	A	0.3333
25826	T	0.6667
25827	T	0.3333
25828	G	0.3333
25829	A	0.6667
25830	C	0.3333
25831	T	0.3333
25832	C	0.3333
25833	G	0.6667
25834	C	1.0000
25835	A	0.6667
25836	G	1.0000
25837	G	0.6667
25838	G	0.6667
25839	A	0.3333
25840	A	0.6667
25841	A	0.3333
25842	C	0.6667
25843	A	0.6667
25844	C	0.6667
25845	T	0.3333
25846	T	0.6667
25847	T	0.6667
25848	T	0.6667
25849	A	0.6667
25850	C	0.6667
25851	G	0.6667
25852	A	0.6667
25853	T	0.3333
25854	G	0.6667
25855	T	0.6667
25856	A	0.6667
25857	A	0.6667
25858	G	1.0000
25859	T	0.3333
25860	C	0.6667
25861	T	0.3333
25862	A	0.6667
25863	G	0.3333
25864	G	0.6667
25865	G	0.6667
25866	A	0.3333
25867	A	0.6667
25868	G	0.3333
25869	G	1.0000
25870	G	1.0000
25871	C	0.3333
25872	T	0.3333
25873	C	1.0000
25874	C	0.3333
25875	G	0.6667
25876	G	0.6667
25877	G	0.3333
25878	A	0.6667
25879	G	1.0000
25880	A	0.6667
25881	C	0.6667
25882	A	0.6667
25883	A	0.3333
25884	A	0.3333
25885	G	0.6667
25886	C	0.6667
25887	C	0.6667
25888	T	0.3333
25889	T	0.3333
25890	T	0.6667
25891	C	0.3333
25892	A	0.6667
25893	G	0.6667
25894	G	0.6667
25895	T	0.6667
25896	G	1.0000
25897	G	0.3333
25898	T	0.6667
25899	T	0.6667
25900	A	0.3333
25901	A	0.6667
25902	A	0.6667
25903	A	0.6667
25904	T	0.6667
25905	G	0.6667
25906	A	0.3333
25907	T	0.3333
25908	C	0.6667
25909	A	0.3333
25910	T	1.0000
25911	T	1.0000
25912	G	0.6667
25913	T	0.3333
25914	G	0.6667
25915	G	1.0000
25916	G	0.3333
25917	G	0.3333
25918	C	0.3333
25919	G	0.6667
25920	T	0.3333
25921	C	0.3333
25922	C	0.3333
25923	C	1.0000
25924	G	0.6667
25925	T	0.6667
25926	T	0.3333
25927	G	0.6667
25928	A	0.3333
25929	G	0.6667
25930	G	0.6667
25931	A	0.3333
25932	A	0.6667
25933	T	0.6667
25934	T	0.6667
25935	C	0.6667
25936	A	0.6667
25937	C	0.6667
25938	G	0.3333
25939	C	0.3333
25940	T	0.3333
25941	G	0.3333
25942	T	0.3333
25943	A	0.6667
25944	A	0.6667
25945	A	0.6667
25946	G	0.3333
25947	T	0.3333
25948	A	0.6667
25949	T	0.6667
25950	G	0.3333
25951	G	0.6667
25952	A	0.3333
25953	T	0.6667
25954	G	0.6667
25955	T	0.6667
25956	G	0.3333
25957	G	0.3333
25958	C	0.3333
25959	G	0.6667
25960	A	1.0000
25961	A	0.6667
25962	C	0.3333
25963	A	0.6667
25964	T	0.6667
25965	C	0.6667
25966	A	0.6667
25967	A	0.3333
25968	A	0.3333
25969	A	0.6667
25970	A	0.6667
25971	A	0.6667
25972	A	0.6667
25973	A	0.6667
25974	C	0.3333
25975	C	0.3333
25976	G	0.3333
25977	C	1.0000
25978	G	0.6667
25979	A	0.6667
25980	T	0.6667
25981	G	0.6667
25982	T	0.6667
25983	T	0.6667
25984	G	0.3333
25985	A	0.6667
25986	C	0.3333
25987	G	0.6667
25988	G	0.3333
25989	T	0.6667
25990	A	0.3333
25991	C	1.0000
25992	C	0.3333
25993	G	0.3333
25994	A	0.6667
25995	A	0.3333
25996	A	0.6667
25997	T	0.3333
25998	G	0.3333
25999	A	0.6667
26000	C	0.3333
26001	T	0.6667
26002	A	0.3333
26003	C	0.6667
26004	T	0.3333
26005	C	0.6667
26006	C	0.6667
26007	C	1.0000
26008	A	0.6667
26009	T	0.6667
26010	T	0.3333
26011	G	0.3333
26012	T	0.3333
26013	C	0.6667
26014	T	0.6667
26015	T	0.6667
26016	C	0.6667
26017	A	0.6667
26018	G	0.6667
26019	G	0.6667
26020	A	0.6667
26021	A	0.6667
26022	C	0.3333
26023	G	0.6667
26024	T	0.6667
26025	C	0.3333
26026	G	0.3333
26027	G	0.3333
26028	G	0.6667
26029	A	0.6667
26030	G	0.6667
26031	G	0.6667
26032	A	0.3333
26033	T	0.3333
26034	C	0.6667
26035	G	0.3333
26036	A	0.3333
26037	T	0.3333
26038	A	0.6667
26039	A	0.6667
26040	C	0.6667
26041	G	0.6667
26042	G	0.6667
26043	A	0.6667
26044	A	0.3333
26045	T	0.3333
26046	C	0.3333
26047	G	0.6667
26048	T	0.3333
26049	T	0.6667
26050	G	0.6667
26051	A	0.6667
26052	T	0.3333
26053	C	0.3333
26054	A	0.6667
26055	G	0.3333
26056	A	0.6667
26057	G	0.3333
26058	G	0.6667
26059	T	0.3333
26060	C	1.0000
26061	C	0.6667
26062	A	0.6667
26063	T	0.6667
26064	A	0.3333
26065	A	0.3333
26066	A	0.6667
26067	A	0.6667
26068	A	0.6667
26069	A	1.0000
26070	C	0.3333
26071	G	0.6667
26072	G	0.6667
26073	T	1.0000
26074	G	0.6667
26075	T	0.6667
26076	T	0.6667
26077	T	0.6667
26078	T	0.6667
26079	C	0.6667
26080	C	0.3333
26081	G	0.6667
26082	G	0.6667
26083	G	1.0000
26084	T	0.6667
26085	G	0.6667
26086	C	0.3333
26087	T	0.6667
26088	A	0.6667
26089	C	0.3333
26090	C	0.3333
26091	G	0.6667
26092	G	1.0000
26093	T	0.6667
26094	T	0.6667
26095	A	0.6667
26096	A	0.6667
26097	G	0.6667
26098	G	0.6667
26099	A	0.6667
26100	C	0.3333
26101	A	0.6667
26102	C	0.3333
26103	A	0.3333
26104	A	0.6667
26105	G	0.6667
26106	T	0.6667
26107	G	0.6667
26108	A	0.6667
26109	C	0.6667
26110	G	0.6667
26111	A	0.3333
26112	T	0.6667
26113	G	0.6667
26114	A	0.6667
26115	C	0.6667
26116	A	1.0000
26117	A	0.6667
26118	G	0.3333
26119	C	0.6667
26120	C	0.6667
26121	C	0.6667
26122	G	0.3333
26123	T	0.6667
26124	G	0.6667
26125	G	0.6667
26126	T	0.6667
26127	C	0.6667
26128	A	0.3333
26129	C	0.3333
26130	C	0.6667
26131	A	0.3333
26132	T	0.6667
26133	G	0.6667
26134	A	0.6667
26135	A	0.6667
26136	A	0.6667
26137	A	0.3333
26138	A	0.6667
26139	A	0.6667
26140	A	0.3333
26141	C	0.3333
26142	C	0.6667
26143	C	0.3333
26144	G	0.3333
26145	C	0.6667
26146	A	0.6667
26147	A	0.6667
26148	T	0.3333
26149	C	0.6667
26150	A	0.6667
26151	G	0.6667
26152	G	0.6667
26153	G	0.3333
26154	T	0.6667
26155	T	0.6667
26156	T	0.6667
26157	C	0.6667
26158	G	0.3333
26159	T	0.3333
26160	G	0.3333
26161	G	0.6667
26162	A	1.0000
26163	C	0.6667
26164	C	0.6667
26165	T	0.3333
26166	G	0.3333
26167	A	0.6667
26168	G	0.3333
26169	A	0.6667
26170	G	1.0000
26171	G	0.6667
26172	A	0.3333
26173	G	0.6667
26174	G	0.6667
26175	T	0.6667
26176	G	0.6667
26177	G	0.3333
26178	G	0.6667
26179	A	0.6667
26180	C	0.6667
26181	G	0.6667
26182	G	0.6667
26183	A	0.6667
26184	C	0.6667
26185	A	0.6667
26186	C	0.3333
26187	C	0.3333
26188	G	1.0000
26189	C	0.3333
26190	T	0.6667
26191	A	0.6667
26192	A	0.6667
26193	A	0.6667
26194	A	0.6667
26195	A	0.6667
26196	A	0.3333
26197	A	0.6667
26198	T	0.6667
26199	T	0.6667
26200	C	0.3333
26201	T	0.3333
26202	C	0.3333
26203	C	0.6667
26204	A	1.0000
26205	A	0.6667
26206	C	0.6667
26207	C	0.3333
26208	C	0.3333
26209	C	0.3333
26210	G	0.6667
26211	A	0.6667
26212	A	1.0000
26213	T	0.3333
26214	G	0.6667
26215	C	0.6667
26216	A	0.3333
26217	G	0.6667
26218	C	0.6667
26219	C	0.6667
26220	C	0.6667
26221	A	0.6667
26222	A	1.0000
26223	T	0.3333
26224	C	1.0000
26225	C	0.3333
26226	C	0.3333
26227	A	1.0000
26228	C	0.6667
26229	G	0.3333
26230	C	0.3333
26231	C	0.3333
26232	T	0.3333
26233	G	0.6667
26234	C	0.6667
26235	G	0.3333
26236	G	0.3333
26237	A	0.6667
26238	T	0.3333
26239	G	0.3333
26240	A	0.3333
26241	A	0.6667
26242	G	0.3333
26243	C	1.0000
26244	C	0.6667
26245	A	0.3333
26246	C	0.3333
26247	G	0.3333
26248	T	0.3333
26249	C	0.3333
26250	G	0.3333
26251	T	0.3333
26252	A	0.6667
26253	T	1.0000
26254	G	0.3333
26255	C	0.3333
26256	G	0.6667
26257	G	0.6667
26258	T	0.3333
26259	C	0.6667
26260	C	0.3333
26261	T	0.6667
26262	A	0.6667
26263	T	0.6667
26264	T	0.6667
26265	T	0.6667
26266	C	0.3333
26267	C	0.3333
26268	T	0.6667
26269	G	0.6667
26270	A	0.6667
26271	T	0.6667
26272	G	0.6667
26273	A	0.6667
26274	T	0.6667
26275	C	0.3333
26276	C	1.0000
26277	G	0.3333
26278	G	0.6667
26279	A	0.6667
26280	A	0.6667
26281	A	1.0000
26282	T	0.3333
26283	T	0.3333
26284	T	0.3333
26285	T	0.6667
26286	T	0.6667
26287	C	0.6667
26288	C	0.3333
26289	G	0.6667
26290	C	0.3333
26291	T	0.6667
26292	G	1.0000
26293	A	0.6667
26294	C	0.3333
26295	C	0.6667
26296	G	0.6667
26297	A	0.6667
26298	G	0.6667
26299	G	1.0000
26300	C	0.6667
26301	T	0.6667
26302	C	0.6667
26303	T	0.6667
26304	G	1.0000
26305	C	0.6667
26306	T	0.6667
26307	C	0.6667
26308	C	0.3333
26309	A	0.6667
26310	T	0.6667
26311	A	0.6667
26312	T	0.6667
26313	C	0.3333
26314	G	1.0000
26315	C	0.3333
26316	A	0.6667
26317	G	0.3333
26318	A	0.6667
26319	A	0.3333
26320	G	0.6667
26321	A	0.6667
26322	G	0.6667
26323	G	0.6667
26324	T	0.6667
26325	T	1.0000
26326	T	0.6667
26327	T	0.3333
26328	C	0.6667
26329	G	0.6667
26330	A	0.6667
26331	G	0.6667
26332	C	0.6667
26333	A	0.6667
26334	G	0.6667
26335	T	0.3333
26336	G	0.6667
26337	C	0.6667
26338	G	0.3333
26339	A	0.6667
26340	A	0.3333
26341	C	0.6667
26342	A	0.6667
26343	A	0.3333
26344	G	0.3333
26345	G	0.3333
26346	A	0.3333
26347	A	1.0000
26348	T	0.6667
26349	G	0.6667
26350	A	1.0000
26351	T	0.3333
26352	G	0.6667
26353	C	0.3333
26354	G	0.6667
26355	T	0.3333
26356	C	0.6667
26357	T	0.3333
26358	G	0.6667
26359	G	0.6667
26360	T	0.3333
26361	C	0.6667
26362	A	0.6667
26363	G	1.0000
26364	G	0.3333
26365	G	0.6667
26366	T	0.6667
26367	T	0.3333
26368	A	1.0000
26369	A	0.6667
26370	C	0.3333
26371	A	0.6667
26372	A	0.6667
26373	A	0.6667
26374	C	0.6667
26375	G	0.6667
26376	G	0.3333
26377	C	0.3333
26378	G	0.3333
26379	T	0.6667
26380	C	0.6667
26381	G	0.6667
26382	T	0.3333
26383	A	0.6667
26384	A	0.3333
26385	A	0.6667
26386	G	0.3333
26387	A	0.6667
26388	A	0.3333
26389	G	0.3333
26390	C	0.3333
26391	T	0.6667
26392	C	0.3333
26393	T	0.6667
26394	G	0.6667
26395	G	0.3333
26396	A	0.3333
26397	G	0.6667
26398	T	0.3333
26399	T	0.6667
26400	G	0.6667
26401	C	0.3333
26402	C	0.6667
26403	G	0.6667
26404	G	0.6667
26405	A	0.6667
26406	G	0.3333
26407	C	0.6667
26408	A	0.6667
26409	T	0.6667
26410	G	0.3333
26411	G	0.6667
26412	G	0.6667
26413	T	0.6667
26414	A	0.6667
26415	C	0.6667
26416	G	0.6667
26417	C	1.0000
26418	G	0.3333
26419	G	0.3333
26420	C	0.6667
26421	A	0.3333
26422	T	0.3333
26423	T	0.3333
26424	A	0.6667
26425	C	0.3333
26426	G	1.0000
26427	T	0.3333
26428	G	0.3333
26429	T	0.6667
26430	G	0.3333
26431	T	0.3333
26432	C	0.6667
26433	A	0.6667
26434	G	0.3333
26435	T	0.3333
26436	G	0.6667
26437	A	0.6667
26438	A	1.0000
26439	C	0.6667
26440	G	0.6667
26441	G	0.6667
26442	C	0.6667
26443	T	0.3333
26444	G	0.3333
26445	G	0.6667
26446	C	0.3333
26447	A	0.3333
26448	G	0.6667
26449	C	0.6667
26450	C	0.6667
26451	T	0.6667
26452	G	0.3333
26453	A	0.3333
26454	T	0.6667
26455	C	0.3333
26456	T	0.3333
26457	G	0.6667
26458	G	1.0000
26459	C	0.3333
26460	T	0.6667
26461	G	0.6667
26462	C	0.6667
26463	A	1.0000
26464	C	0.3333
26465	T	0.6667
26466	G	0.3333
26467	T	0.6667
26468	C	1.0000
26469	A	0.6667
26470	A	0.3333
26471	G	0.6667
26472	A	0.3333
26473	T	0.3333
26474	A	0.6667
26475	C	0.6667
26476	G	0.6667
26477	C	0.6667
26478	G	0.3333
26479	G	0.3333
26480	A	0.6667
26481	A	1.0000
26482	A	0.6667
26483	A	0.6667
26484	A	0.6667
26485	G	0.3333
26486	A	0.6667
26487	G	0.6667
26488	A	0.6667
26489	C	0.6667
26490	G	0.6667
26491	A	0.3333
26492	C	0.6667
26493	C	0.3333
26494	T	0.6667
26495	G	0.6667
26496	G	1.0000
26497	C	0.6667
26498	C	0.3333
26499	A	0.3333
26500	A	0.3333
26501	G	0.6667
26502	C	0.6667
26503	C	0.3333
26504	T	0.6667
26505	T	0.6667
26506	A	0.3333
26507	T	0.6667
26508	G	0.6667
26509	G	0.6667
26510	G	0.6667
26511	A	0.3333
26512	C	0.3333
26513	T	0.3333
26514	A	0.6667
26515	G	0.3333
26516	C	0.3333
26517	A	0.6667
26518	G	0.3333
26519	C	0.3333
26520	C	0.6667
26521	A	0.6667
26522	C	0.6667
26523	G	0.6667
26524	A	0.6667
26525	T	0.3333
26526	G	0.6667
26527	T	1.0000
26528	C	0.3333
26529	C	0.3333
26530	G	0.6667
26531	G	0.6667
26532	A	0.3333
26533	G	0.6667
26534	G	0.3333
26535	A	0.3333
26536	G	0.6667
26537	T	0.6667
26538	G	0.3333
26539	A	1.0000
26540	A	0.6667
26541	T	0.6667
26542	C	0.6667
26543	C	0.6667
26544	T	0.3333
26545	T	0.6667
26546	A	0.3333
26547	C	0.3333
26548	A	0.6667
26549	G	0.6667
26550	T	0.6667
26551	C	0.3333
26552	T	0.6667
26553	C	0.3333
26554	T	0.3333
26555	G	0.6667
26556	A	0.3333
26557	A	0.3333
26558	C	0.3333
26559	T	0.3333
26560	G	0.6667
26561	C	0.3333
26562	A	0.6667
26563	G	0.6667
26564	G	0.3333
26565	C	0.6667
26566	G	0.6667
26567	G	0.6667
26568	T	0.3333
26569	G	0.3333
26570	C	0.3333
26571	G	0.6667
26572	G	0.6667
26573	C	0.6667
26574	A	0.3333
26575	G	0.6667
26576	C	0.6667
26577	C	0.6667
26578	G	0.6667
26579	C	0.6667
26580	G	0.6667
26581	C	0.6667
26582	C	0.3333
26583	T	0.6667
26584	T	0.3333
26585	G	0.3333
26586	G	0.6667
26587	T	0.6667
26588	T	0.6667
26589	T	0.6667
26590	A	0.3333
26591	T	0.6667
26592	T	0.3333
26593	A	0.6667
26594	A	0.6667
26595	A	0.6667
26596	C	1.0000
26597	G	0.3333
26598	G	0.6667
26599	G	0.6667
26600	G	0.6667
26601	A	0.6667
26602	A	0.6667
26603	T	0.6667
26604	G	1.0000
26605	A	0.6667
26606	G	0.3333
26607	T	0.3333
26608	G	0.6667
26609	G	0.6667
26610	T	0.3333
26611	G	0.6667
26612	T	0.6667
26613	G	0.6667
26614	G	0.6667
26615	G	0.6667
26616	T	0.3333
26617	C	0.3333
26618	C	0.3333
26619	A	0.6667
26620	G	0.6667
26621	A	0.6667
26622	C	0.6667
26623	A	0.6667
26624	G	0.3333
26625	A	0.3333
26626	T	0.3333
26627	G	1.0000
26628	T	0.6667
26629	T	0.3333
26630	C	0.3333
26631	G	0.6667
26632	C	0.6667
26633	A	0.6667
26634	G	0.6667
26635	A	0.6667
26636	A	0.3333
26637	C	0.6667
26638	A	0.6667
26639	G	1.0000
26640	A	0.6667
26641	A	0.6667
26642	T	0.6667
26643	C	0.6667
26644	T	0.6667
26645	A	0.3333
26646	G	0.6667
26647	G	0.3333
26648	G	0.3333
26649	C	0.3333
26650	G	0.3333
26651	T	0.6667
26652	G	0.6667
26653	T	0.6667
26654	C	0.6667
26655	G	0.6667
26656	T	0.3333
26657	C	1.0000
26658	G	0.6667
26659	A	0.6667
26660	T	0.6667
26661	A	0.3333
26662	T	0.6667
26663	G	0.6667
26664	C	0.6667
26665	G	0.3333
26666	C	0.3333
26667	G	0.6667
26668	T	0.6667
26669	A	0.3333
26670	A	0.3333
26671	C	0.3333
26672	C	0.6667
26673	G	1.0000
26674	G	0.3333
26675	G	0.6667
26676	C	0.6667
26677	G	0.6667
26678	A	0.3333
26679	T	0.3333
26680	A	0.6667
26681	A	0.6667
26682	A	0.3333
26683	T	0.6667
26684	G	0.6667
26685	A	0.3333
26686	C	0.6667
26687	G	0.3333
26688	G	0.6667
26689	G	1.0000
26690	C	0.6667
26691	A	0.6667
26692	G	0.6667
26693	C	0.6667
26694	C	0.3333
26695	G	0.6667
26696	G	1.0000
26697	T	0.3333
26698	A	0.6667
26699	C	0.3333
26700	T	0.3333
26701	G	0.6667
26702	G	0.3333
26703	G	0.6667
26704	A	0.6667
26705	A	0.6667
26706	C	0.6667
26707	A	1.0000
26708	A	0.3333
26709	C	0.3333
26710	A	0.6667
26711	C	0.6667
26712	G	0.6667
26713	G	0.6667
26714	C	0.6667
26715	G	0.6667
26716	T	0.6667
26717	C	0.3333
26718	G	0.6667
26719	C	0.6667
26720	C	0.6667
26721	G	0.6667
26722	T	0.6667
26723	T	0.6667
26724	G	0.6667
26725	T	0.3333
26726	C	0.6667
26727	A	0.6667
26728	G	0.3333
26729	C	1.0000
26730	T	1.0000
26731	T	0.6667
26732	G	0.3333
26733	G	0.3333
26734	A	0.6667
26735	T	0.6667
26736	T	1.0000
26737	G	0.3333
26738	A	0.6667
26739	G	1.0000
26740	A	0.6667
26741	T	0.3333
26742	G	0.6667
26743	A	0.6667
26744	T	0.6667
26745	G	0.3333
26746	A	0.3333
26747	G	0.6667
26748	G	0.6667
26749	G	0.6667
26750	A	0.6667
26751	A	1.0000
26752	A	0.6667
26753	C	0.6667
26754	G	0.3333
26755	C	0.3333
26756	C	0.3333
26757	T	0.6667
26758	G	0.6667
26759	T	0.3333
26760	T	0.6667
26761	C	0.6667
26762	T	0.6667
26763	G	0.3333
26764	A	0.3333
26765	T	0.3333
26766	T	0.6667
26767	G	0.3333
26768	T	0.6667
26769	T	0.6667
26770	G	0.6667
26771	T	0.6667
26772	G	1.0000
26773	G	0.6667
26774	C	0.6667
26775	C	0.3333
26776	G	1.0000
26777	G	0.6667
26778	C	1.0000
26779	G	0.3333
26780	T	0.3333
26781	T	0.3333
26782	G	0.6667
26783	C	0.3333
26784	A	0.6667
26785	C	0.6667
26786	T	0.6667
26787	C	0.6667
26788	C	0.6667
26789	G	0.3333
26790	T	1.0000
26791	G	0.6667
26792	A	0.6667
26793	G	0.6667
26794	A	0.6667
26795	A	0.6667
26796	A	0.6667
26797	C	0.6667
26798	T	1.0000
26799	T	0.6667
26800	A	0.3333
26801	G	0.3333
26802	C	0.3333
26803	T	0.3333
26804	C	0.6667
26805	C	0.6667
26806	A	0.3333
26807	A	0.3333
26808	G	0.6667
26809	G	0.6667
26810	G	0.3333
26811	G	1.0000
26812	C	0.6667
26813	G	0.3333
26814	G	0.6667
26815	C	0.6667
26816	G	0.6667
26817	T	0.3333
26818	G	0.6667
26819	C	0.3333
26820	A	0.6667
26821	G	0.3333
26822	G	0.3333
26823	A	0.6667
26824	T	0.3333
26825	T	1.0000
26826	G	0.6667
26827	G	0.6667
26828	T	0.6667
26829	C	0.6667
26830	G	0.6667
26831	G	0.3333
26832	G	0.3333
26833	C	0.3333
26834	A	1.0000
26835	C	0.6667
26836	T	0.6667
26837	G	0.6667
26838	G	0.6667
26839	G	0.6667
26840	C	0.6667
26841	A	0.6667
26842	G	0.6667
26843	A	0.3333
26844	G	1.0000
26845	T	0.6667
26846	T	0.6667
26847	G	0.3333
26848	G	0.6667
26849	T	0.6667
26850	G	0.3333
26851	C	0.3333
26852	C	0.3333
26853	A	0.6667
26854	C	0.6667
26855	C	0.6667
26856	G	1.0000
26857	G	0.6667
26858	C	0.6667
26859	G	0.6667
26860	C	1.0000
26861	A	1.0000
26862	G	0.6667
26863	A	0.6667
26864	G	0.3333
26865	T	0.6667
26866	G	0.6667
26867	C	0.3333
26868	C	0.3333
26869	G	0.3333
26870	A	0.3333
26871	T	0.3333
26872	G	1.0000
26873	C	0.3333
26874	C	0.6667
26875	G	0.6667
26876	A	0.6667
26877	G	0.6667
26878	C	1.0000
26879	T	0.6667
26880	G	0.6667
26881	C	0.3333
26882	T	0.6667
26883	G	0.6667
26884	C	0.6667
26885	C	0.6667
26886	C	0.6667
26887	G	0.3333
26888	C	0.6667
26889	G	0.3333
26890	T	0.3333
26891	T	0.6667
26892	T	0.6667
26893	G	0.6667
26894	G	0.3333
26895	T	0.3333
26896	C	0.6667
26897	T	0.3333
26898	G	1.0000
26899	G	0.3333
26900	G	0.3333
26901	G	0.3333
26902	A	1.0000
26903	C	0.6667
26904	C	0.6667
26905	G	0.6667
26906	C	0.3333
26907	C	0.6667
26908	A	0.6667
26909	G	0.6667
26910	T	0.6667
26911	G	0.3333
26912	C	0.6667
26913	A	0.3333
26914	G	1.0000
26915	A	0.3333
26916	T	0.6667
26917	G	0.6667
26918	A	0.6667
26919	C	0.6667
26920	C	0.3333
26921	T	0.6667
26922	G	1.0000
26923	G	0.6667
26924	T	0.6667
26925	C	0.6667
26926	G	0.6667
26927	G	0.3333
26928	C	0.3333
26929	G	0.6667
26930	A	0.6667
26931	C	0.6667
26932	A	0.6667
26933	A	0.6667
26934	T	0.6667
26935	A	0.6667
26936	A	0.6667
26937	A	0.6667
26938	A	0.6667
26939	T	0.3333
26940	A	0.6667
26941	G	1.0000
26942	C	0.6667
26943	G	0.6667
26944	G	0.6667
26945	C	0.6667
26946	T	0.6667
26947	A	0.3333
26948	G	0.6667
26949	T	0.3333
26950	G	1.0000
26951	C	0.6667
26952	G	0.6667
26953	G	0.6667
26954	C	0.6667
26955	G	1.0000
26956	G	0.6667
26957	C	0.3333
26958	T	1.0000
26959	C	0.3333
26960	T	0.6667
26961	G	0.3333
26962	C	0.3333
26963	A	0.6667
26964	T	0.6667
26965	G	0.6667
26966	A	0.6667
26967	G	0.3333
26968	G	0.6667
26969	A	0.3333
26970	T	0.6667
26971	C	0.3333
26972	A	1.0000
26973	T	0.6667
26974	A	0.3333
26975	T	0.3333
26976	T	0.3333
26977	G	0.6667
26978	T	0.3333
26979	G	0.6667
26980	G	0.6667
26981	G	0.6667
26982	G	0.6667
26983	C	0.6667
26984	A	0.3333
26985	A	0.6667
26986	C	0.6667
26987	C	0.6667
26988	G	0.6667
26989	T	0.3333
26990	C	0.6667
26991	G	0.6667
26992	C	0.6667
26993	T	0.3333
26994	G	0.6667
26995	A	0.3333
26996	T	0.3333
26997	C	0.6667
26998	A	0.3333
26999	G	0.3333
27000	C	0.6667
27001	T	0.6667
27002	A	0.3333
27003	A	0.6667
27004	C	0.6667
27005	G	0.3333
27006	T	0.6667
27007	C	0.3333
27008	C	0.3333
27009	T	0.6667
27010	A	0.3333
27011	C	0.6667
27012	G	0.6667
27013	G	0.6667
27014	G	0.3333
27015	G	1.0000
27016	C	0.3333
27017	G	0.3333
27018	A	0.6667
27019	G	0.6667
27020	G	0.3333
27021	G	0.6667
27022	C	0.6667
27023	T	0.3333
27024	G	0.6667
27025	G	0.6667
27026	G	0.6667
27027	T	0.6667
27028	C	0.6667
27029	T	0.3333
27030	G	0.6667
27031	C	0.3333
27032	G	0.3333
27033	A	0.6667
27034	A	0.6667
27035	A	0.6667
27036	G	0.3333
27037	A	0.6667
27038	C	0.6667
27039	C	0.6667
27040	G	1.0000
27041	C	0.6667
27042	A	0.6667
27043	T	0.6667
27044	C	1.0000
27045	A	0.6667
27046	A	0.6667
27047	A	0.6667
27048	A	0.6667
27049	A	0.3333
27050	G	0.3333
27051	C	0.6667
27052	T	0.3333
27053	T	0.3333
27054	T	0.6667
27055	G	0.6667
27056	T	0.6667
27057	C	0.6667
27058	G	0.6667
27059	A	0.6667
27060	T	0.3333
27061	A	0.6667
27062	A	0.6667
27063	G	0.6667
27064	G	0.3333
27065	T	0.6667
27066	C	0.6667
27067	G	0.3333
27068	T	0.6667
27069	G	0.3333
27070	G	0.3333
27071	C	0.3333
27072	G	1.0000
27073	G	0.3333
27074	T	0.6667
27075	C	0.3333
27076	T	0.3333
27077	G	0.3333
27078	G	0.6667
27079	A	0.6667
27080	C	0.3333
27081	A	0.6667
27082	G	0.6667
27083	C	0.6667
27084	T	0.6667
27085	T	1.0000
27086	T	0.6667
27087	C	0.3333
27088	G	1.0000
27089	C	0.3333
27090	C	0.3333
27091	C	0.6667
27092	A	0.3333
27093	A	0.6667
27094	G	0.3333
27095	G	0.3333
27096	G	0.3333
27097	A	0.3333
27098	T	1.0000
27099	G	0.6667
27100	G	0.6667
27101	A	0.6667
27102	T	1.0000
27103	G	1.0000
27104	G	0.6667
27105	T	0.6667
27106	G	0.6667
27107	A	0.6667
27108	G	1.0000
27109	A	0.6667
27110	T	0.6667
27111	C	0.6667
27112	G	0.3333
27113	A	0.6667
27114	G	0.6667
27115	G	0.6667
27116	T	1.0000
27117	G	0.3333
27118	T	0.6667
27119	A	0.6667
27120	T	0.6667
27121	G	0.6667
27122	G	0.3333
27123	A	0.3333
27124	A	0.6667
27125	A	0.6667
27126	A	0.6667
27127	C	0.6667
27128	A	0.6667
27129	C	0.3333
27130	A	0.3333
27131	C	0.6667
27132	G	0.6667
27133	C	0.6667
27134	C	0.6667
27135	C	0.6667
27136	A	0.3333
27137	C	0.6667
27138	G	0.6667
27139	G	0.6667
27140	A	0.3333
27141	T	0.6667
27142	T	0.3333
27143	T	0.6667
27144	T	0.6667
27145	A	0.3333
27146	T	0.6667
27147	C	0.3333
27148	G	0.6667
27149	G	0.3333
27150	T	0.6667
27151	G	0.3333
27152	A	0.3333
27153	A	0.6667
27154	G	1.0000
27155	G	0.3333
27156	T	0.3333
27157	G	0.6667
27158	T	0.3333
27159	G	1.0000
27160	G	0.3333
27161	G	0.6667
27162	A	0.6667
27163	G	0.3333
27164	T	0.6667
27165	C	0.6667
27166	C	0.6667
27167	A	0.3333
27168	T	0.3333
27169	G	1.0000
27170	C	0.6667
27171	T	0.6667
27172	T	1.0000
27173	T	1.0000
27174	T	1.0000
27175	A	0.3333
27176	A	0.6667
27177	T	0.6667
27178	G	0.6667
27179	G	0.3333
27180	C	0.6667
27181	G	0.3333
27182	G	0.6667
27183	C	0.6667
27184	A	0.3333
27185	T	0.3333
27186	C	0.6667
27187	T	0.3333
27188	A	0.6667
27189	T	0.6667
27190	G	0.6667
27191	T	0.6667
27192	G	0.3333
27193	C	0.3333
27194	A	0.3333
27195	G	0.3333
27196	C	0.3333
27197	C	0.6667
27198	G	0.3333
27199	G	0.3333
27200	T	0.3333
27201	C	0.3333
27202	T	0.3333
27203	G	0.6667
27204	G	0.6667
27205	G	0.3333
27206	A	0.6667
27207	C	0.6667
27208	A	0.6667
27209	C	0.6667
27210	G	0.6667
27211	G	0.3333
27212	A	0.6667
27213	A	0.3333
27214	T	0.6667
27215	C	0.3333
27216	C	0.6667
27217	A	0.6667
27218	C	0.6667
27219	G	0.6667
27220	C	0.3333
27221	A	0.6667
27222	A	0.6667
27223	T	1.0000
27224	T	0.3333
27225	A	0.6667
27226	T	0.6667
27227	T	0.6667
27228	C	0.3333
27229	C	0.6667
27230	G	0.6667
27231	T	0.3333
27232	A	0.3333
27233	C	0.3333
27234	G	0.3333
27235	C	0.6667
27236	G	0.3333
27237	T	1.0000
27238	T	0.6667
27239	G	0.6667
27240	T	0.6667
27241	A	0.3333
27242	A	0.3333
27243	A	0.3333
27244	G	0.6667
27245	C	1.0000
27246	C	0.3333
27247	G	0.6667
27248	T	0.3333
27249	G	0.3333
27250	T	0.6667
27251	G	0.3333
27252	T	0.6667
27253	C	0.3333
27254	C	0.6667
27255	C	0.6667
27256	A	0.6667
27257	T	0.6667
27258	A	0.6667
27259	C	0.3333
27260	C	0.6667
27261	G	0.3333
27262	G	0.6667
27263	T	0.3333
27264	G	0.3333
27265	T	0.6667
27266	A	0.6667
27267	A	0.6667
27268	A	1.0000
27269	C	0.3333
27270	G	0.3333
27271	C	0.3333
27272	C	0.6667
27273	T	0.6667
27274	G	0.6667
27275	G	0.3333
27276	A	0.6667
27277	C	0.3333
27278	A	0.6667
27279	C	0.3333
27280	A	0.6667
27281	A	0.6667
27282	T	0.6667
27283	A	0.3333
27284	T	0.3333
27285	T	0.6667
27286	T	0.6667
27287	C	0.6667
27288	C	0.6667
27289	A	0.6667
27290	A	0.3333
27291	A	0.6667
27292	C	0.6667
27293	G	0.3333
27294	A	0.6667
27295	A	0.6667
27296	T	0.6667
27297	T	0.3333
27298	A	0.6667
27299	T	1.0000
27300	T	0.6667
27301	G	0.6667
27302	G	0.3333
27303	G	0.6667
27304	G	0.6667
27305	G	0.6667
27306	C	0.3333
27307	G	0.3333
27308	G	0.6667
27309	T	0.6667
27310	G	0.6667
27311	T	0.6667
27312	G	0.3333
27313	A	0.6667
27314	A	0.6667
27315	G	0.6667
27316	G	0.3333
27317	T	0.3333
27318	T	0.6667
27319	G	0.3333
27320	A	0.3333
27321	T	0.3333
27322	T	0.6667
27323	G	0.3333
27324	A	0.3333
27325	G	0.6667
27326	A	0.3333
27327	T	0.6667
27328	G	0.6667
27329	T	0.6667
27330	C	0.6667
27331	C	0.3333
27332	T	0.6667
27333	T	0.6667
27334	A	0.6667
27335	C	0.3333
27336	C	0.6667
27337	T	0.6667
27338	C	0.6667
27339	C	0.3333
27340	G	0.6667
27341	C	0.6667
27342	G	0.3333
27343	T	0.3333
27344	T	0.6667
27345	C	0.3333
27346	T	0.6667
27347	A	0.3333
27348	T	0.6667
27349	A	0.3333
27350	T	0.6667
27351	T	0.6667
27352	T	0.6667
27353	G	0.6667
27354	T	0.6667
27355	A	0.6667
27356	A	0.6667
27357	G	0.3333
27358	T	0.6667
27359	A	0.3333
27360	T	0.3333
27361	G	0.6667
27362	A	0.6667
27363	T	0.6667
27364	G	0.6667
27365	C	0.6667
27366	G	0.6667
27367	C	0.3333
27368	C	0.3333
27369	G	0.3333
27370	T	0.3333
27371	T	0.3333
27372	C	0.6667
27373	T	0.6667
27374	G	0.6667
27375	T	0.6667
27376	G	0.3333
27377	G	0.3333
27378	G	0.6667
27379	A	0.3333
27380	G	0.6667
27381	T	0.3333
27382	G	0.3333
27383	A	0.6667
27384	A	0.3333
27385	T	0.6667
27386	T	0.6667
27387	A	0.6667
27388	T	0.6667
27389	G	0.3333
27390	G	0.3333
27391	G	0.6667
27392	A	0.6667
27393	A	0.3333
27394	C	0.3333
27395	G	0.3333
27396	G	0.3333
27397	A	0.6667
27398	A	0.6667
27399	A	0.6667
27400	C	0.6667
27401	C	0.6667
27402	G	0.6667
27403	C	0.3333
27404	T	0.6667
27405	T	0.6667
27406	T	0.6667
27407	A	0.3333
27408	T	0.6667
27409	C	0.3333
27410	C	0.6667
27411	T	1.0000
27412	C	0.3333
27413	T	0.6667
27414	C	0.6667
27415	A	0.6667
27416	G	0.6667
27417	T	0.6667
27418	G	0.3333
27419	G	0.6667
27420	G	0.6667
27421	C	0.6667
27422	G	0.6667
27423	A	0.6667
27424	C	0.6667
27425	C	0.6667
27426	G	0.3333
27427	G	0.6667
27428	C	0.6667
27429	T	0.6667
27430	A	0.6667
27431	T	0.3333
27432	G	0.6667
27433	C	0.6667
27434	A	0.6667
27435	G	0.6667
27436	C	0.6667
27437	A	0.6667
27438	T	0.3333
27439	A	0.6667
27440	T	0.6667
27441	A	0.6667
27442	T	0.3333
27443	T	0.6667
27444	A	0.6667
27445	A	0.6667
27446	A	0.6667
27447	G	0.6667
27448	G	0.6667
27449	C	0.3333
27450	G	0.6667
27451	G	0.6667
27452	T	0.3333
27453	G	0.3333
27454	G	0.6667
27455	A	0.3333
27456	G	0.3333
27457	G	0.3333
27458	T	0.6667
27459	C	0.6667
27460	A	0.6667
27461	G	0.3333
27462	T	0.6667
27463	C	0.3333
27464	A	0.6667
27465	G	0.6667
27466	A	0.3333
27467	C	0.6667
27468	G	0.6667
27469	C	0.6667
27470	G	0.3333
27471	T	0.6667
27472	G	0.6667
27473	G	0.3333
27474	T	0.6667
27475	G	0.6667
27476	C	0.6667
27477	A	0.6667
27478	A	0.3333
27479	A	0.3333
27480	T	0.3333
27481	A	0.6667
27482	A	0.3333
27483	G	0.6667
27484	T	0.6667
27485	G	0.6667
27486	T	0.3333
27487	T	0.3333
27488	A	0.6667
27489	C	0.3333
27490	A	0.6667
27491	G	0.3333
27492	C	0.3333
27493	T	0.6667
27494	T	0.6667
27495	T	0.6667
27496	T	0.6667
27497	C	0.6667
27498	T	0.6667
27499	G	0.6667
27500	A	0.6667
27501	A	0.6667
27502	C	0.3333
27503	G	0.3333
27504	G	0.3333
27505	C	0.3333
27506	T	0.6667
27507	G	0.6667
27508	A	0.3333
27509	T	0.6667
27510	G	0.6667
27511	A	1.0000
27512	T	0.6667
27513	G	0.3333
27514	C	0.6667
27515	T	0.3333
27516	T	0.6667
27517	G	0.6667
27518	A	0.6667
27519	T	0.6667
27520	T	0.6667
27521	C	0.6667
27522	T	0.6667
27523	C	0.3333
27524	T	0.3333
27525	G	0.6667
27526	C	0.6667
27527	A	0.6667
27528	A	0.6667
27529	A	0.6667
27530	C	0.6667
27531	A	0.6667
27532	A	0.3333
27533	C	0.6667
27534	T	0.6667
27535	C	0.3333
27536	A	0.6667
27537	G	0.6667
27538	C	0.6667
27539	T	0.3333
27540	T	0.3333
27541	C	0.6667
27542	A	0.6667
27543	G	0.6667
27544	T	0.6667
27545	T	0.6667
27546	G	0.3333
27547	G	0.6667
27548	C	0.6667
27549	C	0.3333
27550	A	0.6667
27551	T	0.6667
27552	A	1.0000
27553	G	0.3333
27554	C	0.6667
27555	G	0.3333
27556	A	0.6667
27557	T	0.6667
27558	T	0.6667
27559	T	0.6667
27560	C	0.6667
27561	G	0.6667
27562	A	1.0000
27563	T	0.6667
27564	T	0.6667
27565	T	0.6667
27566	C	0.6667
27567	T	0.3333
27568	G	0.3333
27569	C	0.6667
27570	A	0.6667
27571	G	0.3333
27572	C	0.3333
27573	G	0.3333
27574	A	0.3333
27575	C	0.6667
27576	G	0.3333
27577	A	0.3333
27578	T	0.6667
27579	A	0.6667
27580	G	0.3333
27581	A	0.6667
27582	G	0.6667
27583	A	0.6667
27584	T	0.6667
27585	T	0.6667
27586	G	0.3333
27587	A	0.3333
27588	T	0.6667
27589	C	0.3333
27590	T	0.6667
27591	T	1.0000
27592	T	0.6667
27593	A	0.3333
27594	T	0.3333
27595	A	0.6667
27596	C	0.3333
27597	T	0.6667
27598	T	0.6667
27599	A	0.3333
27600	A	0.3333
27601	A	0.6667
27602	A	0.6667
27603	G	0.3333
27604	G	0.6667
27605	A	0.6667
27606	C	0.6667
27607	T	0.3333
27608	T	0.3333
27609	T	0.6667
27610	G	0.3333
27611	A	0.6667
27612	A	0.6667
27613	A	0.6667
27614	A	0.6667
27615	C	0.6667
27616	A	1.0000
27617	T	0.3333
27618	C	0.3333
27619	G	0.3333
27620	C	0.3333
27621	C	0.3333
27622	G	1.0000
27623	G	0.3333
27624	T	0.6667
27625	G	0.6667
27626	T	0.6667
27627	G	0.6667
27628	A	0.6667
27629	C	0.3333
27630	T	0.6667
27631	C	0.3333
27632	A	0.6667
27633	G	0.3333
27634	G	1.0000
27635	A	0.6667
27636	G	0.6667
27637	C	0.6667
27638	A	0.6667
27639	G	0.6667
27640	A	0.6667
27641	A	0.3333
27642	G	0.3333
27643	G	0.6667
27644	A	0.3333
27645	T	1.0000
27646	G	0.6667
27647	A	0.3333
27648	T	0.6667
27649	A	0.6667
27650	C	0.6667
27651	G	0.6667
27652	C	0.3333
27653	C	0.6667
27654	A	0.6667
27655	A	0.6667
27656	T	1.0000
27657	T	0.6667
27658	A	1.0000
27659	A	0.6667
27660	T	0.3333
27661	A	0.3333
27662	T	0.6667
27663	T	0.6667
27664	T	0.6667
27665	T	0.6667
27666	G	0.6667
27667	G	0.3333
27668	A	0.3333
27669	G	0.3333
27670	A	0.3333
27671	A	0.3333
27672	G	0.3333
27673	T	0.3333
27674	T	0.6667
27675	T	0.6667
27676	T	0.6667
27677	C	0.3333
27678	T	0.6667
27679	A	0.3333
27680	G	0.3333
27681	C	0.3333
27682	T	0.3333
27683	G	0.6667
27684	T	0.6667
27685	T	0.6667
27686	A	0.3333
27687	T	0.6667
27688	G	0.3333
27689	A	0.6667
27690	C	0.3333
27691	A	1.0000
27692	C	0.3333
27693	G	0.6667
27694	A	0.6667
27695	A	1.0000
27696	T	0.6667
27697	C	0.3333
27698	A	0.6667
27699	A	0.6667
27700	G	0.3333
27701	T	0.6667
27702	G	0.6667
27703	A	1.0000
27704	C	0.6667
27705	A	0.6667
27706	C	0.3333
27707	T	0.6667
27708	G	0.6667
27709	G	0.3333
27710	G	0.6667
27711	T	0.6667
27712	T	0.6667
27713	T	0.6667
27714	T	0.6667
27715	A	0.6667
27716	A	0.6667
27717	T	0.6667
27718	A	0.3333
27719	A	0.3333
27720	A	0.6667
27721	A	0.6667
27722	A	0.6667
27723	G	0.6667
27724	T	0.6667
27725	C	0.6667
27726	G	0.6667
27727	T	0.6667
27728	T	0.6667
27729	C	0.3333
27730	C	0.3333
27731	T	0.6667
27732	T	0.6667
27733	T	0.6667
27734	T	0.6667
27735	T	0.6667
27736	T	0.6667
27737	C	0.6667
27738	T	0.6667
27739	G	0.6667
27740	A	0.6667
27741	T	0.6667
27742	G	0.6667
27743	A	0.6667
27744	T	0.3333
27745	G	0.6667
27746	A	0.3333
27747	T	0.3333
27748	A	0.6667
27749	T	0.6667
27750	G	0.3333
27751	G	0.6667
27752	A	0.6667
27753	A	0.3333
27754	C	0.3333
27755	C	0.6667
27756	G	0.3333
27757	C	0.6667
27758	A	0.6667
27759	G	0.3333
27760	A	0.3333
27761	C	0.3333
27762	A	0.6667
27763	A	0.6667
27764	T	0.6667
27765	A	0.6667
27766	A	0.6667
27767	A	0.6667
27768	G	0.6667
27769	G	0.3333
27770	A	0.3333
27771	T	0.6667
27772	T	0.6667
27773	C	0.3333
27774	A	0.6667
27775	G	0.6667
27776	A	0.6667
27777	C	0.6667
27778	A	0.6667
27779	T	0.6667
27780	T	0.6667
27781	G	0.3333
27782	G	0.6667
27783	A	0.3333
27784	T	0.6667
27785	T	0.6667
27786	T	0.6667
27787	T	0.6667
27788	C	0.6667
27789	G	0.3333
27790	G	0.6667
27791	C	0.3333
27792	G	0.6667
27793	C	0.6667
27794	T	1.0000
27795	T	0.6667
27796	C	0.6667
27797	A	0.6667
27798	A	0.6667
27799	C	0.6667
27800	T	0.6667
27801	G	0.3333
27802	A	0.6667
27803	C	0.6667
27804	A	0.6667
27805	T	0.6667
27806	T	0.3333
27807	G	0.6667
27808	T	0.6667
27809	T	0.6667
27810	G	0.6667
27811	T	0.6667
27812	G	0.6667
27813	G	0.3333
27814	T	0.6667
27815	A	0.6667
27816	T	0.3333
27817	A	0.6667
27818	T	1.0000
27819	C	0.3333
27820	G	0.3333
27821	C	0.6667
27822	C	0.6667
27823	G	0.6667
27824	C	0.6667
27825	C	0.6667
27826	G	0.3333
27827	G	0.3333
27828	C	0.6667
27829	C	0.6667
27830	T	0.3333
27831	T	0.6667
27832	G	0.6667
27833	G	0.3333
27834	C	0.6667
27835	A	0.6667
27836	T	1.0000
27837	T	0.6667
27838	T	1.0000
27839	C	0.6667
27840	C	0.6667
27841	T	0.6667
27842	G	0.6667
27843	C	0.6667
27844	G	0.6667
27845	A	0.3333
27846	A	0.3333
27847	G	0.6667
27848	T	0.6667
27849	G	0.3333
27850	A	0.6667
27851	T	0.6667
27852	G	0.6667
27853	T	0.3333
27854	A	0.6667
27855	C	0.6667
27856	C	0.3333
27857	G	0.6667
27858	T	0.6667
27859	G	0.3333
27860	A	0.6667
27861	T	0.3333
27862	T	0.3333
27863	A	0.3333
27864	C	0.6667
27865	T	0.6667
27866	C	0.3333
27867	A	0.6667
27868	A	0.6667
27869	A	0.6667
27870	G	0.3333
27871	G	0.6667
27872	T	0.6667
27873	C	0.6667
27874	G	0.6667
27875	G	0.6667
27876	G	0.6667
27877	T	0.6667
27878	T	0.6667
27879	C	0.3333
27880	T	1.0000
27881	T	0.6667
27882	A	0.3333
27883	A	0.6667
27884	G	0.3333
27885	T	0.6667
27886	G	0.6667
27887	C	1.0000
27888	C	1.0000
27889	C	0.3333
27890	G	0.6667
27891	C	0.6667
27892	G	0.6667
27893	C	0.6667
27894	C	0.6667
27895	T	1.0000
27896	C	0.3333
27897	C	0.3333
27898	G	0.3333
27899	C	0.3333
27900	G	0.6667
27901	A	1.0000
27902	A	0.3333
27903	T	0.3333
27904	G	0.3333
27905	A	0.6667
27906	G	0.6667
27907	T	0.6667
27908	C	0.6667
27909	G	0.3333
27910	T	0.6667
27911	G	0.3333
27912	G	0.3333
27913	A	0.6667
27914	G	0.6667
27915	C	0.3333
27916	T	0.3333
27917	T	0.6667
27918	T	1.0000
27919	C	0.6667
27920	T	0.3333
27921	G	0.6667
27922	A	0.3333
27923	A	0.6667
27924	C	0.6667
27925	G	0.6667
27926	G	0.3333
27927	G	0.6667
27928	C	0.6667
27929	G	0.6667
27930	G	0.3333
27931	C	0.3333
27932	G	0.3333
27933	T	0.6667
27934	A	0.3333
27935	A	0.6667
27936	A	0.3333
27937	T	0.6667
27938	G	0.6667
27939	T	0.3333
27940	A	0.3333
27941	T	0.6667
27942	T	0.3333
27943	C	0.6667
27944	C	0.6667
27945	G	0.6667
27946	G	0.3333
27947	C	0.6667
27948	C	0.6667
27949	C	0.3333
27950	G	0.3333
27951	A	0.3333
27952	C	0.6667
27953	T	1.0000
27954	T	0.6667
27955	G	0.6667
27956	A	0.6667
27957	C	0.3333
27958	A	0.3333
27959	C	0.3333
27960	A	0.6667
27961	C	0.3333
27962	A	0.6667
27963	G	0.3333
27964	A	0.6667
27965	T	0.6667
27966	T	0.6667
27967	T	0.6667
27968	T	0.3333
27969	T	0.3333
27970	T	0.6667
27971	C	0.6667
27972	C	0.6667
27973	T	0.3333
27974	G	0.3333
27975	C	0.6667
27976	T	0.6667
27977	G	0.6667
27978	G	0.3333
27979	C	0.6667
27980	T	0.3333
27981	G	0.3333
27982	G	0.3333
27983	A	0.6667
27984	A	0.6667
27985	G	1.0000
27986	A	0.6667
27987	G	0.6667
27988	G	0.6667
27989	C	0.6667
27990	A	1.0000
27991	A	0.6667
27992	T	0.3333
27993	G	0.6667
27994	C	0.6667
27995	A	0.6667
27996	T	0.3333
27997	G	0.6667
27998	G	0.3333
27999	G	0.3333
28000	G	0.3333
28001	G	0.6667
28002	G	0.3333
28003	C	0.6667
28004	T	0.3333
28005	T	0.6667
28006	A	0.6667
28007	A	0.6667
28008	T	0.3333
28009	C	0.6667
28010	G	1.0000
28011	T	1.0000
28012	C	0.3333
28013	C	0.6667
28014	G	0.3333
28015	C	0.3333
28016	C	0.3333
28017	A	0.6667
28018	C	1.0000
28019	G	0.6667
28020	G	0.3333
28021	T	0.6667
28022	C	0.3333
28023	A	0.3333
28024	C	0.3333
28025	G	0.3333
28026	T	0.6667
28027	T	0.3333
28028	T	0.6667
28029	T	0.6667
28030	G	0.6667
28031	A	0.6667
28032	T	0.3333
28033	T	0.3333
28034	T	1.0000
28035	T	0.6667
28036	T	0.6667
28037	A	0.3333
28038	G	0.6667
28039	C	0.6667
28040	A	0.6667
28041	A	0.6667
28042	G	0.3333
28043	C	0.3333
28044	C	0.6667
28045	C	0.3333
28046	G	0.3333
28047	T	0.6667
28048	T	1.0000
28049	C	0.6667
28050	A	0.6667
28051	G	0.6667
28052	C	0.3333
28053	C	0.6667
28054	T	0.6667
28055	C	0.6667
28056	G	0.6667
28057	T	1.0000
28058	C	0.6667
28059	A	0.6667
28060	C	0.3333
28061	G	0.3333
28062	G	0.3333
28063	G	0.3333
28064	C	0.6667
28065	A	0.6667
28066	G	0.6667
28067	A	0.6667
28068	G	0.3333
28069	T	1.0000
28070	A	0.6667
28071	T	0.6667
28072	A	0.3333
28073	T	1.0000
28074	T	0.6667
28075	G	0.6667
28076	G	0.3333
28077	T	0.3333
28078	G	0.6667
28079	G	0.6667
28080	A	0.6667
28081	G	0.6667
28082	G	0.6667
28083	A	0.3333
28084	A	0.3333
28085	G	0.6667
28086	A	0.6667
28087	T	0.6667
28088	G	0.6667
28089	G	0.3333
28090	G	0.6667
28091	C	0.6667
28092	T	0.6667
28093	A	0.3333
28094	T	0.6667
28095	C	0.6667
28096	C	0.6667
28097	A	0.6667
28098	C	0.3333
28099	C	0.6667
28100	G	0.6667
28101	G	0.6667
28102	C	0.3333
28103	T	0.6667
28104	C	0.3333
28105	C	0.6667
28106	A	0.6667
28107	C	0.6667
28108	C	0.6667
28109	A	0.3333
28110	A	0.6667
28111	G	0.6667
28112	T	1.0000
28113	C	0.3333
28114	G	0.6667
28115	A	1.0000
28116	G	0.3333
28117	G	0.6667
28118	C	0.6667
28119	A	0.6667
28120	C	0.6667
28121	C	0.3333
28122	A	0.6667
28123	G	0.3333
28124	T	0.3333
28125	G	0.3333
28126	A	0.6667
28127	T	0.3333
28128	A	0.6667
28129	C	0.6667
28130	G	0.3333
28131	C	0.6667
28132	A	0.6667
28133	T	0.6667
28134	T	1.0000
28135	G	0.6667
28136	A	0.6667
28137	G	0.3333
28138	G	0.6667
28139	C	0.3333
28140	C	0.6667
28141	G	0.6667
28142	C	0.6667
28143	G	0.6667
28144	C	0.6667
28145	T	0.6667
28146	T	0.6667
28147	A	0.3333
28148	G	0.6667
28149	C	0.6667
28150	A	0.6667
28151	A	0.6667
28152	G	0.6667
28153	T	0.3333
28154	A	0.3333
28155	G	0.6667
28156	G	0.3333
28157	A	0.3333
28158	G	0.6667
28159	A	0.3333
28160	A	0.6667
28161	A	0.6667
28162	G	0.6667
28163	A	0.3333
28164	G	0.6667
28165	C	0.3333
28166	T	0.3333
28167	G	0.6667
28168	G	0.3333
28169	C	0.3333
28170	G	0.6667
28171	C	0.3333
28172	A	0.6667
28173	A	0.6667
28174	A	0.6667
28175	T	0.6667
28176	G	0.3333
28177	T	0.6667
28178	G	1.0000
28179	C	0.3333
28180	G	0.6667
28181	A	0.3333
28182	G	0.3333
28183	G	1.0000
28184	A	0.6667
28185	T	0.3333
28186	T	0.6667
28187	A	0.6667
28188	T	0.3333
28189	C	0.3333
28190	A	0.6667
28191	G	0.6667
28192	G	0.6667
28193	A	0.3333
28194	C	0.3333
28195	A	0.3333
28196	T	0.6667
28197	T	0.6667
28198	T	0.3333
28199	T	0.6667
28200	C	0.6667
28201	C	0.6667
28202	G	1.0000
28203	C	1.0000
28204	C	0.3333
28205	A	0.3333
28206	G	0.6667
28207	C	0.3333
28208	A	0.3333
28209	G	1.0000
28210	G	0.3333
28211	A	0.6667
28212	C	0.6667
28213	A	1.0000
28214	G	0.6667
28215	G	0.6667
28216	G	0.6667
28217	A	0.6667
28218	A	1.0000
28219	T	0.3333
28220	G	0.6667
28221	G	0.6667
28222	C	0.6667
28223	C	0.3333
28224	T	0.6667
28225	G	0.3333
28226	A	0.3333
28227	G	0.6667
28228	C	0.3333
28229	G	0.3333
28230	G	0.3333
28231	C	0.6667
28232	A	0.6667
28233	A	0.6667
28234	T	0.6667
28235	A	0.3333
28236	A	0.3333
28237	G	0.6667
28238	C	0.3333
28239	C	0.6667
28240	G	0.3333
28241	G	0.6667
28242	G	0.6667
28243	C	0.3333
28244	A	0.6667
28245	G	0.6667
28246	T	0.6667
28247	C	0.3333
28248	T	0.6667
28249	G	0.6667
28250	G	0.3333
28251	C	0.6667
28252	G	0.6667
28253	C	0.3333
28254	G	0.3333
28255	G	0.6667
28256	T	0.3333
28257	G	0.6667
28258	T	0.3333
28259	G	0.6667
28260	G	0.3333
28261	A	0.3333
28262	T	0.6667
28263	A	0.6667
28264	G	0.3333
28265	C	0.3333
28266	G	0.3333
28267	C	0.3333
28268	A	0.3333
28269	G	0.3333
28270	T	0.6667
28271	C	0.3333
28272	G	0.3333
28273	C	0.6667
28274	C	0.6667
28275	T	0.3333
28276	A	0.6667
28277	C	0.6667
28278	G	0.3333
28279	C	0.3333
28280	C	0.6667
28281	G	0.3333
28282	C	0.3333
28283	A	0.3333
28284	T	0.6667
28285	A	0.3333
28286	T	0.3333
28287	G	0.6667
28288	G	0.6667
28289	C	0.6667
28290	G	0.6667
28291	A	0.6667
28292	C	0.6667
28293	G	1.0000
28294	A	0.3333
28295	G	0.3333
28296	T	0.3333
28297	C	0.6667
28298	G	0.3333
28299	G	0.6667
28300	A	0.6667
28301	G	0.6667
28302	G	0.6667
28303	C	0.6667
28304	C	0.6667
28305	G	1.0000
28306	G	0.6667
28307	A	0.3333
28308	G	0.6667
28309	G	0.3333
28310	A	0.6667
28311	A	0.6667
28312	T	0.6667
28313	C	0.6667
28314	G	0.6667
28315	A	0.6667
28316	C	0.3333
28317	A	0.6667
28318	T	0.6667
28319	C	0.6667
28320	A	0.3333
28321	C	0.3333
28322	C	0.6667
28323	A	0.6667
28324	C	0.6667
28325	G	0.3333
28326	T	0.3333
28327	G	0.6667
28328	A	1.0000
28329	T	0.6667
28330	A	0.3333
28331	C	0.3333
28332	G	0.3333
28333	T	0.6667
28334	A	0.3333
28335	A	0.3333
28336	T	0.6667
28337	C	0.3333
28338	T	0.3333
28339	T	0.6667
28340	T	0.3333
28341	C	0.3333
28342	A	0.3333
28343	C	0.3333
28344	A	0.6667
28345	C	0.3333
28346	A	0.3333
28347	T	0.6667
28348	T	1.0000
28349	T	0.6667
28350	T	0.6667
28351	T	0.3333
28352	G	1.0000
28353	C	0.6667
28354	C	0.3333
28355	G	0.6667
28356	C	0.3333
28357	T	0.6667
28358	G	0.3333
28359	C	0.6667
28360	A	0.6667
28361	T	0.3333
28362	T	0.6667
28363	C	0.6667
28364	A	0.6667
28365	C	0.6667
28366	T	0.3333
28367	A	0.6667
28368	T	0.6667
28369	A	0.3333
28370	C	0.3333
28371	C	1.0000
28372	G	0.6667
28373	T	0.6667
28374	T	0.3333
28375	G	0.6667
28376	C	1.0000
28377	A	0.6667
28378	T	0.6667
28379	C	0.6667
28380	T	1.0000
28381	T	0.6667
28382	G	0.3333
28383	A	0.3333
28384	G	1.0000
28385	T	0.6667
28386	G	0.6667
28387	C	0.6667
28388	G	0.6667
28389	C	0.6667
28390	C	0.3333
28391	T	0.3333
28392	A	0.3333
28393	T	0.3333
28394	G	0.6667
28395	C	0.6667
28396	G	0.6667
28397	T	0.6667
28398	G	0.3333
28399	G	1.0000
28400	G	0.6667
28401	T	0.3333
28402	T	0.6667
28403	G	0.6667
28404	T	1.0000
28405	C	0.3333
28406	T	0.6667
28407	T	0.6667
28408	T	0.6667
28409	T	0.3333
28410	G	0.3333
28411	C	0.3333
28412	G	1.0000
28413	C	0.6667
28414	A	0.6667
28415	C	0.6667
28416	T	0.3333
28417	C	0.6667
28418	T	0.6667
28419	G	0.6667
28420	G	0.6667
28421	C	0.3333
28422	G	0.3333
28423	C	0.3333
28424	G	0.6667
28425	A	0.3333
28426	G	0.3333
28427	A	1.0000
28428	T	0.6667
28429	G	0.6667
28430	G	0.6667
28431	G	0.3333
28432	G	0.3333
28433	G	0.3333
28434	C	0.3333
28435	A	0.6667
28436	G	0.6667
28437	C	0.3333
28438	A	0.6667
28439	A	0.3333
28440	G	1.0000
28441	T	0.3333
28442	C	0.6667
28443	T	0.3333
28444	A	0.6667
28445	T	0.3333
28446	A	0.6667
28447	G	0.6667
28448	G	0.3333
28449	T	0.3333
28450	A	0.3333
28451	C	0.6667
28452	C	0.6667
28453	G	0.6667
28454	C	0.3333
28455	A	0.6667
28456	A	0.6667
28457	C	1.0000
28458	A	0.6667
28459	A	0.3333
28460	C	1.0000
28461	A	0.3333
28462	G	0.6667
28463	G	0.6667
28464	T	0.3333
28465	A	0.3333
28466	C	0.6667
28467	A	0.3333
28468	G	0.6667
28469	C	0.3333
28470	T	0.6667
28471	T	0.3333
28472	G	0.3333
28473	A	0.3333
28474	T	0.6667
28475	G	0.3333
28476	C	0.6667
28477	T	0.3333
28478	C	0.6667
28479	C	0.3333
28480	C	0.6667
28481	G	0.3333
28482	G	0.6667
28483	A	0.3333
28484	A	0.3333
28485	T	0.6667
28486	G	0.3333
28487	C	0.3333
28488	T	0.3333
28489	G	0.6667
28490	G	0.6667
28491	G	0.6667
28492	T	0.3333
28493	G	0.3333
28494	A	0.6667
28495	A	0.6667
28496	A	0.3333
28497	C	0.6667
28498	G	0.6667
28499	G	0.6667
28500	A	0.3333
28501	C	0.6667
28502	T	0.6667
28503	A	0.6667
28504	C	0.6667
28505	T	0.6667
28506	T	0.6667
28507	C	0.6667
28508	T	0.6667
28509	T	0.3333
28510	G	0.3333
28511	G	0.3333
28512	C	0.3333
28513	C	0.6667
28514	G	0.6667
28515	G	0.6667
28516	A	0.6667
28517	G	0.3333
28518	G	0.3333
28519	T	0.6667
28520	A	0.3333
28521	G	0.6667
28522	A	0.3333
28523	C	0.6667
28524	A	0.6667
28525	A	0.3333
28526	C	0.6667
28527	C	0.6667
28528	A	0.6667
28529	G	0.3333
28530	A	0.6667
28531	C	0.3333
28532	C	0.6667
28533	G	0.6667
28534	T	0.6667
28535	G	0.3333
28536	T	0.3333
28537	T	0.6667
28538	T	1.0000
28539	A	0.3333
28540	G	0.6667
28541	C	0.3333
28542	G	0.6667
28543	G	0.3333
28544	G	0.3333
28545	T	0.3333
28546	G	0.6667
28547	G	0.3333
28548	T	0.6667
28549	G	0.3333
28550	A	0.6667
28551	A	0.6667
28552	A	0.6667
28553	G	0.3333
28554	G	0.3333
28555	T	0.6667
28556	T	0.6667
28557	T	0.6667
28558	T	0.6667
28559	G	0.6667
28560	C	0.3333
28561	G	0.3333
28562	G	0.6667
28563	T	1.0000
28564	A	0.6667
28565	C	1.0000
28566	T	0.3333
28567	G	0.6667
28568	C	0.3333
28569	C	0.3333
28570	A	0.6667
28571	G	0.6667
28572	T	0.3333
28573	G	0.6667
28574	A	0.3333
28575	C	1.0000
28576	C	0.6667
28577	T	0.6667
28578	T	0.6667
28579	C	0.6667
28580	A	0.6667
28581	T	0.6667
28582	G	0.6667
28583	C	0.3333
28584	T	0.6667
28585	G	0.3333
28586	G	0.3333
28587	T	0.6667
28588	G	0.6667
28589	C	0.6667
28590	C	0.6667
28591	A	0.6667
28592	C	0.6667
28593	C	0.6667
28594	G	0.6667
28595	C	0.3333
28596	T	0.3333
28597	G	0.3333
28598	G	0.3333
28599	G	0.3333
28600	C	0.3333
28601	T	0.6667
28602	G	0.3333
28603	T	0.3333
28604	A	0.3333
28605	T	0.6667
28606	A	0.6667
28607	T	0.6667
28608	G	0.6667
28609	G	0.3333
28610	C	0.3333
28611	C	0.6667
28612	A	0.6667
28613	T	0.3333
28614	A	0.6667
28615	T	0.6667
28616	T	0.3333
28617	C	0.3333
28618	C	0.6667
28619	G	0.3333
28620	G	0.3333
28621	A	0.3333
28622	C	0.6667
28623	T	0.3333
28624	G	0.6667
28625	A	0.6667
28626	C	0.3333
28627	G	0.6667
28628	G	0.3333
28629	G	0.3333
28630	C	0.3333
28631	T	0.3333
28632	C	0.6667
28633	T	0.3333
28634	G	0.3333
28635	A	0.6667
28636	G	0.6667
28637	G	0.6667
28638	G	0.3333
28639	C	0.3333
28640	A	0.3333
28641	T	0.3333
28642	T	0.3333
28643	G	0.6667
28644	T	0.6667
28645	C	0.6667
28646	G	0.3333
28647	C	0.3333
28648	C	0.6667
28649	T	0.3333
28650	G	0.3333
28651	T	0.3333
28652	C	0.6667
28653	T	0.6667
28654	T	0.3333
28655	C	0.6667
28656	A	0.3333
28657	G	0.6667
28658	C	0.3333
28659	A	0.6667
28660	G	0.6667
28661	T	0.6667
28662	C	0.6667
28663	T	0.6667
28664	A	0.3333
28665	T	0.3333
28666	A	0.6667
28667	G	0.3333
28668	A	0.6667
28669	A	0.6667
28670	C	0.6667
28671	A	0.3333
28672	T	0.3333
28673	A	0.6667
28674	G	0.6667
28675	A	0.6667
28676	G	0.6667
28677	A	0.6667
28678	G	0.6667
28679	G	0.6667
28680	A	0.6667
28681	G	0.6667
28682	C	0.6667
28683	G	0.3333
28684	G	0.6667
28685	G	0.3333
28686	G	0.3333
28687	C	0.3333
28688	G	0.3333
28689	T	0.3333
28690	A	0.6667
28691	C	0.6667
28692	T	0.3333
28693	G	0.6667
28694	C	0.6667
28695	T	0.6667
28696	G	0.3333
28697	G	0.3333
28698	A	0.3333
28699	C	0.6667
28700	A	1.0000
28701	G	0.6667
28702	T	0.3333
28703	G	0.3333
28704	G	0.6667
28705	C	0.6667
28706	A	0.6667
28707	G	0.3333
28708	T	0.3333
28709	C	0.3333
28710	C	1.0000
28711	G	0.6667
28712	G	0.3333
28713	G	0.6667
28714	C	0.3333
28715	G	0.3333
28716	G	0.3333
28717	G	0.6667
28718	C	1.0000
28719	A	0.3333
28720	G	0.3333
28721	G	0.6667
28722	C	1.0000
28723	C	0.3333
28724	G	0.6667
28725	C	1.0000
28726	C	0.6667
28727	G	0.3333
28728	G	0.3333
28729	C	0.6667
28730	G	0.6667
28731	C	0.3333
28732	G	0.3333
28733	T	0.6667
28734	G	0.6667
28735	T	0.3333
28736	G	0.6667
28737	A	0.3333
28738	C	0.3333
28739	T	0.3333
28740	A	0.6667
28741	C	0.6667
28742	G	0.3333
28743	C	1.0000
28744	A	0.6667
28745	G	0.6667
28746	A	0.3333
28747	C	0.3333
28748	A	0.6667
28749	T	0.3333
28750	G	0.6667
28751	A	0.3333
28752	T	0.6667
28753	T	0.6667
28754	T	0.3333
28755	G	0.6667
28756	C	0.6667
28757	C	0.3333
28758	G	0.3333
28759	C	0.3333
28760	C	0.6667
28761	T	0.3333
28762	C	0.3333
28763	C	0.3333
28764	G	0.6667
28765	T	0.3333
28766	C	0.6667
28767	A	0.3333
28768	G	0.6667
28769	G	0.6667
28770	A	1.0000
28771	T	0.6667
28772	A	0.3333
28773	A	0.6667
28774	C	0.6667
28775	C	1.0000
28776	C	0.3333
28777	G	1.0000
28778	G	0.3333
28779	G	0.6667
28780	C	0.6667
28781	T	0.6667
28782	G	0.6667
28783	G	0.3333
28784	G	0.3333
28785	A	0.6667
28786	A	0.6667
28787	C	1.0000
28788	T	0.6667
28789	G	0.6667
28790	T	0.6667
28791	G	0.3333
28792	C	0.3333
28793	A	0.6667
28794	G	0.6667
28795	T	0.3333
28796	G	0.3333
28797	G	0.6667
28798	A	0.6667
28799	A	0.3333
28800	C	0.6667
28801	G	0.3333
28802	A	0.6667
28803	G	0.6667
28804	C	0.3333
28805	T	0.3333
28806	G	0.3333
28807	T	0.6667
28808	T	0.6667
28809	C	0.3333
28810	T	0.3333
28811	G	0.3333
28812	A	0.6667
28813	A	0.6667
28814	G	0.3333
28815	C	0.3333
28816	G	0.6667
28817	A	0.3333
28818	T	0.6667
28819	G	0.3333
28820	C	0.6667
28821	T	0.3333
28822	G	0.6667
28823	C	1.0000
28824	T	0.3333
28825	G	0.6667
28826	G	0.3333
28827	C	0.3333
28828	A	0.6667
28829	C	0.6667
28830	A	0.6667
28831	C	0.6667
28832	C	0.6667
28833	C	0.6667
28834	C	0.3333
28835	T	0.6667
28836	G	0.6667
28837	C	0.6667
28838	T	0.6667
28839	C	0.3333
28840	A	0.6667
28841	C	0.3333
28842	G	0.6667
28843	A	0.6667
28844	C	0.6667
28845	G	0.6667
28846	G	0.6667
28847	C	0.3333
28848	T	0.3333
28849	G	0.3333
28850	G	0.6667
28851	G	0.6667
28852	C	0.6667
28853	A	0.6667
28854	C	0.6667
28855	T	0.6667
28856	C	0.6667
28857	C	0.6667
28858	G	1.0000
28859	A	0.3333
28860	C	0.6667
28861	A	0.6667
28862	T	0.6667
28863	C	0.3333
28864	C	1.0000
28865	A	0.6667
28866	G	0.3333
28867	C	0.6667
28868	A	0.3333
28869	T	0.3333
28870	C	0.3333
28871	G	0.6667
28872	G	0.3333
28873	C	0.6667
28874	T	0.6667
28875	C	0.6667
28876	C	0.3333
28877	A	0.6667
28878	C	0.6667
28879	A	0.6667
28880	G	0.6667
28881	G	0.3333
28882	C	0.3333
28883	C	0.6667
28884	T	0.3333
28885	G	0.6667
28886	A	0.6667
28887	G	0.6667
28888	G	0.6667
28889	A	0.3333
28890	G	0.6667
28891	G	0.6667
28892	A	0.6667
28893	G	0.6667
28894	A	0.6667
28895	A	0.6667
28896	A	0.6667
28897	A	0.6667
28898	G	0.3333
28899	T	0.3333
28900	A	0.6667
28901	A	0.3333
28902	G	0.6667
28903	C	0.3333
28904	T	1.0000
28905	T	0.6667
28906	G	0.6667
28907	G	0.6667
28908	C	0.6667
28909	C	0.6667
28910	G	0.3333
28911	G	0.6667
28912	T	0.3333
28913	C	0.6667
28914	A	1.0000
28915	A	0.6667
28916	C	0.6667
28917	G	0.6667
28918	T	0.6667
28919	G	0.6667
28920	C	0.3333
28921	G	0.6667
28922	C	0.3333
28923	A	1.0000
28924	G	1.0000
28925	G	0.3333
28926	C	0.3333
28927	C	0.6667
28928	G	0.3333
28929	G	0.6667
28930	G	0.3333
28931	G	0.3333
28932	C	0.6667
28933	G	0.6667
28934	G	0.6667
28935	A	0.6667
28936	T	0.3333
28937	A	0.6667
28938	T	0.6667
28939	C	0.6667
28940	A	0.3333
28941	C	0.6667
28942	G	0.6667
28943	A	0.6667
28944	T	0.3333
28945	G	0.3333
28946	A	0.6667
28947	T	0.3333
28948	T	0.3333
28949	T	0.6667
28950	A	0.3333
28951	T	0.3333
28952	G	0.3333
28953	T	0.6667
28954	A	0.6667
28955	C	0.6667
28956	G	0.6667
28957	G	0.6667
28958	G	0.3333
28959	C	0.3333
28960	G	0.3333
28961	C	0.3333
28962	A	0.6667
28963	C	0.3333
28964	A	0.6667
28965	A	0.6667
28966	A	0.6667
28967	G	0.3333
28968	T	0.6667
28969	G	1.0000
28970	G	0.6667
28971	G	0.6667
28972	T	1.0000
28973	T	0.6667
28974	G	0.6667
28975	C	0.3333
28976	A	0.3333
28977	A	0.3333
28978	C	0.6667
28979	C	0.3333
28980	A	0.3333
28981	G	0.6667
28982	T	0.3333
28983	T	0.6667
28984	T	0.6667
28985	G	0.3333
28986	A	0.3333
28987	A	0.6667
28988	G	0.6667
28989	C	0.3333
28990	G	0.6667
28991	A	0.6667
28992	T	0.6667
28993	G	0.6667
28994	C	0.6667
28995	C	0.3333
28996	G	0.3333
28997	T	0.6667
28998	G	0.6667
28999	A	0.3333
29000	T	0.6667
29001	A	0.3333
29002	G	0.3333
29003	T	0.6667
29004	G	0.6667
29005	T	0.3333
29006	C	1.0000
29007	G	0.6667
29008	C	0.6667
29009	C	0.6667
29010	A	0.6667
29011	G	0.3333
29012	G	0.6667
29013	A	0.6667
29014	C	0.6667
29015	G	0.6667
29016	T	0.6667
29017	G	0.6667
29018	T	0.6667
29019	G	0.6667
29020	A	0.6667
29021	C	0.3333
29022	A	0.6667
29023	G	0.6667
29024	C	0.6667
29025	G	0.6667
29026	G	0.6667
29027	A	0.6667
29028	T	0.6667
29029	T	0.3333
29030	T	0.6667
29031	A	0.3333
29032	T	0.3333
29033	G	0.6667
29034	C	0.3333
29035	G	1.0000
29036	G	0.6667
29037	C	0.6667
29038	G	0.6667
29039	C	0.3333
29040	T	0.6667
29041	C	0.6667
29042	T	0.6667
29043	G	0.6667
29044	G	0.3333
29045	A	1.0000
29046	T	0.3333
29047	A	0.6667
29048	T	0.3333
29049	T	0.6667
29050	T	0.3333
29051	G	0.6667
29052	C	0.6667
29053	C	1.0000
29054	T	0.6667
29055	A	0.3333
29056	G	0.6667
29057	A	0.6667
29058	A	0.6667
29059	A	0.6667
29060	G	0.6667
29061	T	0.3333
29062	G	0.6667
29063	G	0.6667
29064	C	0.3333
29065	G	1.0000
29066	A	0.3333
29067	T	0.6667
29068	G	0.3333
29069	T	0.3333
29070	A	0.3333
29071	T	0.3333
29072	A	0.3333
29073	C	1.0000
29074	C	0.3333
29075	G	0.6667
29076	G	0.6667
29077	T	0.3333
29078	A	0.6667
29079	G	0.6667
29080	G	0.3333
29081	G	0.6667
29082	C	1.0000
29083	A	0.6667
29084	C	0.6667
29085	T	0.3333
29086	T	0.3333
29087	G	0.3333
29088	G	0.6667
29089	T	0.3333
29090	G	0.3333
29091	T	0.6667
29092	A	0.3333
29093	A	0.6667
29094	T	0.3333
29095	C	0.3333
29096	A	0.3333
29097	C	0.3333
29098	G	0.3333
29099	T	0.6667
29100	G	0.3333
29101	C	0.6667
29102	A	0.3333
29103	C	1.0000
29104	A	0.3333
29105	C	0.6667
29106	G	0.6667
29107	G	0.3333
29108	G	0.3333
29109	G	0.6667
29110	G	0.6667
29111	G	0.3333
29112	C	0.3333
29113	C	0.6667
29114	G	0.3333
29115	T	0.3333
29116	T	0.3333
29117	T	0.3333
29118	T	0.6667
29119	T	0.6667
29120	G	0.3333
29121	A	0.3333
29122	A	0.6667
29123	G	0.3333
29124	G	0.6667
29125	T	0.6667
29126	C	0.3333
29127	G	0.6667
29128	G	0.6667
29129	T	0.6667
29130	C	0.3333
29131	C	0.3333
29132	G	0.6667
29133	T	0.6667
29134	C	0.6667
29135	A	0.6667
29136	T	0.3333
29137	T	0.6667
29138	C	0.6667
29139	A	0.3333
29140	G	0.6667
29141	G	0.3333
29142	G	0.6667
29143	C	0.6667
29144	G	0.6667
29145	G	0.3333
29146	G	0.6667
29147	C	0.6667
29148	C	0.6667
29149	G	0.6667
29150	A	0.6667
29151	G	0.6667
29152	G	0.6667
29153	G	0.3333
29154	A	0.6667
29155	A	0.6667
29156	G	0.3333
29157	A	0.3333
29158	A	1.0000
29159	T	0.6667
29160	T	0.3333
29161	A	0.3333
29162	A	0.3333
29163	T	0.6667
29164	C	0.6667
29165	A	0.3333
29166	T	0.6667
29167	T	0.3333
29168	A	0.6667
29169	C	0.3333
29170	G	1.0000
29171	T	0.3333
29172	C	0.6667
29173	G	0.6667
29174	T	0.6667
29175	T	0.6667
29176	A	0.6667
29177	C	0.6667
29178	G	0.6667
29179	C	0.6667
29180	A	0.6667
29181	T	0.6667
29182	C	0.6667
29183	C	0.6667
29184	G	0.6667
29185	C	0.6667
29186	G	0.6667
29187	T	0.3333
29188	G	0.6667
29189	A	0.6667
29190	T	0.6667
29191	G	0.6667
29192	G	0.3333
29193	C	0.3333
29194	T	0.3333
29195	G	0.3333
29196	C	0.3333
29197	G	0.6667
29198	T	0.6667
29199	C	0.3333
29200	G	0.3333
29201	C	0.6667
29202	T	0.3333
29203	G	0.3333
29204	A	0.3333
29205	A	0.3333
29206	C	0.6667
29207	A	0.6667
29208	G	0.6667
29209	A	0.6667
29210	A	0.6667
29211	A	0.6667
29212	T	0.3333
29213	G	0.3333
29214	A	0.3333
29215	T	0.6667
29216	C	0.6667
29217	A	0.6667
29218	A	0.6667
29219	G	0.3333
29220	G	0.6667
29221	A	0.6667
29222	A	0.6667
29223	G	0.3333
29224	C	0.3333
29225	A	0.3333
29226	A	0.6667
29227	T	0.6667
29228	A	0.3333
29229	T	0.6667
29230	G	0.3333
29231	C	0.6667
29232	C	0.3333
29233	A	0.6667
29234	C	0.6667
29235	A	0.6667
29236	T	0.6667
29237	T	0.3333
29238	T	0.3333
29239	A	0.3333
29240	A	0.6667
29241	C	0.6667
29242	T	0.6667
29243	G	0.6667
29244	C	0.6667
29245	A	0.3333
29246	G	0.6667
29247	C	0.3333
29248	T	0.6667
29249	G	0.3333
29250	A	0.6667
29251	A	0.6667
29252	G	0.3333
29253	C	0.3333
29254	T	0.3333
29255	G	0.6667
29256	C	1.0000
29257	C	0.6667
29258	G	0.6667
29259	C	0.6667
29260	G	0.3333
29261	C	0.3333
29262	A	0.6667
29263	G	0.6667
29264	G	0.6667
29265	A	0.6667
29266	G	0.3333
29267	A	0.6667
29268	A	0.3333
29269	C	0.3333
29270	C	0.6667
29271	T	0.6667
29272	G	0.6667
29273	C	0.3333
29274	G	0.3333
29275	C	0.6667
29276	A	0.6667
29277	T	0.6667
29278	G	0.3333
29279	A	0.3333
29280	T	0.3333
29281	T	0.6667
29282	G	0.6667
29283	G	0.6667
29284	G	0.6667
29285	A	0.6667
29286	A	0.6667
29287	T	0.6667
29288	C	0.6667
29289	G	0.6667
29290	G	0.6667
29291	A	0.3333
29292	C	0.3333
29293	G	0.3333
29294	T	0.6667
29295	G	1.0000
29296	T	0.3333
29297	T	0.6667
29298	A	0.6667
29299	G	0.6667
29300	G	0.3333
29301	G	0.6667
29302	A	1.0000
29303	A	0.6667
29304	C	0.6667
29305	G	0.6667
29306	A	0.6667
29307	A	0.3333
29308	T	0.6667
29309	G	0.6667
29310	G	1.0000
29311	A	0.3333
29312	C	0.3333
29313	G	0.6667
29314	T	0.6667
29315	G	0.6667
29316	G	0.6667
29317	A	0.6667
29318	C	0.3333
29319	A	0.3333
29320	T	0.6667
29321	C	0.6667
29322	T	0.3333
29323	T	0.3333
29324	T	0.6667
29325	G	0.6667
29326	C	0.6667
29327	A	0.3333
29328	C	0.3333
29329	G	0.6667
29330	G	0.6667
29331	T	0.6667
29332	G	0.6667
29333	C	0.6667
29334	T	0.3333
29335	G	0.3333
29336	G	0.3333
29337	C	0.6667
29338	A	0.3333
29339	G	0.3333
29340	G	0.3333
29341	A	0.6667
29342	C	0.6667
29343	T	0.6667
29344	G	0.6667
29345	C	0.3333
29346	C	0.6667
29347	C	0.6667
29348	G	0.6667
29349	G	1.0000
29350	C	0.3333
29351	A	0.3333
29352	T	0.3333
29353	G	0.6667
29354	A	0.6667
29355	G	0.6667
29356	A	0.6667
29357	G	0.6667
29358	T	0.3333
29359	T	0.3333
29360	G	0.3333
29361	A	1.0000
29362	A	0.6667
29363	C	0.6667
29364	A	1.0000
29365	G	0.3333
29366	G	0.6667
29367	A	0.6667
29368	C	0.6667
29369	C	0.3333
29370	C	0.6667
29371	G	0.3333
29372	G	0.3333
29373	C	0.6667
29374	A	0.6667
29375	G	0.6667
29376	T	0.6667
29377	T	0.3333
29378	C	0.3333
29379	C	0.6667
29380	G	0.6667
29381	A	0.6667
29382	A	0.6667
29383	C	0.3333
29384	G	0.3333
29385	C	0.3333
29386	G	0.3333
29387	A	0.6667
29388	C	0.6667
29389	A	0.6667
29390	G	0.3333
29391	G	0.6667
29392	A	0.3333
29393	C	0.6667
29394	C	0.3333
29395	C	0.6667
29396	A	0.6667
29397	A	0.6667
29398	G	0.3333
29399	C	0.3333
29400	A	0.3333
29401	G	0.6667
29402	C	0.3333
29403	C	0.3333
29404	A	0.6667
29405	G	0.6667
29406	T	0.3333
29407	T	0.6667
29408	G	0.6667
29409	C	0.6667
29410	A	0.3333
29411	T	0.6667
29412	C	0.3333
29413	C	0.3333
29414	A	0.3333
29415	C	0.6667
29416	G	0.6667
29417	T	0.6667
29418	A	0.6667
29419	A	0.6667
29420	A	0.6667
29421	G	0.6667
29422	T	0.3333
29423	A	0.6667
29424	A	0.6667
29425	A	0.6667
29426	G	1.0000
29427	C	0.3333
29428	T	0.6667
29429	G	0.6667
29430	A	0.6667
29431	T	1.0000
29432	C	0.6667
29433	A	0.6667
29434	C	1.0000
29435	A	0.3333
29436	G	0.6667
29437	T	0.3333
29438	A	0.3333
29439	T	0.6667
29440	G	0.6667
29441	G	0.6667
29442	C	0.3333
29443	G	0.3333
29444	T	0.3333
29445	G	0.6667
29446	T	0.3333
29447	G	0.6667
29448	A	0.3333
29449	A	0.6667
29450	G	0.6667
29451	A	0.6667
29452	G	0.3333
29453	G	0.3333
29454	C	1.0000
29455	T	0.3333
29456	A	0.6667
29457	A	0.3333
29458	A	0.6667
29459	G	0.3333
29460	G	0.3333
29461	G	0.6667
29462	C	0.6667
29463	T	0.6667
29464	A	0.6667
29465	C	0.6667
29466	A	0.6667
29467	A	1.0000
29468	C	0.6667
29469	A	0.3333
29470	C	0.6667
29471	C	0.6667
29472	T	0.6667
29473	G	1.0000
29474	G	0.3333
29475	C	0.6667
29476	G	0.3333
29477	G	1.0000
29478	C	0.3333
29479	A	0.3333
29480	A	0.3333
29481	C	0.6667
29482	G	1.0000
29483	C	0.6667
29484	A	0.6667
29485	G	0.6667
29486	G	0.3333
29487	C	0.3333
29488	G	0.6667
29489	T	0.6667
29490	C	0.3333
29491	G	0.3333
29492	A	0.6667
29493	T	0.3333
29494	G	0.3333
29495	C	0.6667
29496	C	0.6667
29497	G	0.6667
29498	G	0.3333
29499	C	0.6667
29500	G	1.0000
29501	A	0.3333
29502	T	0.3333
29503	G	0.6667
29504	A	0.3333
29505	C	1.0000
29506	G	0.3333
29507	G	0.6667
29508	T	0.3333
29509	G	0.3333
29510	T	0.6667
29511	A	0.3333
29512	A	0.6667
29513	A	0.3333
29514	A	0.6667
29515	A	0.6667
29516	G	0.3333
29517	C	0.6667
29518	C	0.3333
29519	C	0.3333
29520	A	0.6667
29521	C	0.3333
29522	C	0.6667
29523	C	0.3333
29524	A	0.6667
29525	A	0.6667
29526	T	0.6667
29527	G	0.6667
29528	C	0.6667
29529	T	0.3333
29530	G	0.3333
29531	G	0.3333
29532	C	0.3333
29533	C	0.6667
29534	C	0.6667
29535	C	0.3333
29536	T	0.3333
29537	A	0.6667
29538	C	0.6667
29539	A	0.3333
29540	C	0.6667
29541	C	0.3333
29542	G	0.3333
29543	C	0.6667
29544	A	0.3333
29545	G	0.3333
29546	G	0.6667
29547	C	0.6667
29548	T	0.6667
29549	G	0.3333
29550	A	0.6667
29551	A	0.6667
29552	G	0.6667
29553	C	0.6667
29554	G	0.6667
29555	A	0.6667
29556	G	0.3333
29557	A	0.6667
29558	C	0.3333
29559	C	0.3333
29560	C	0.6667
29561	T	0.3333
29562	C	0.6667
29563	T	0.6667
29564	C	0.6667
29565	T	0.3333
29566	T	0.6667
29567	C	0.3333
29568	C	0.6667
29569	T	0.3333
29570	G	0.6667
29571	A	1.0000
29572	T	0.6667
29573	C	0.3333
29574	A	0.6667
29575	C	0.6667
29576	A	0.3333
29577	T	0.3333
29578	T	0.3333
29579	A	0.3333
29580	T	0.3333
29581	G	0.3333
29582	G	1.0000
29583	C	0.6667
29584	T	0.6667
29585	C	0.3333
29586	T	0.6667
29587	G	0.3333
29588	T	0.6667
29589	G	0.6667
29590	T	0.3333
29591	G	0.6667
29592	A	0.6667
29593	G	0.3333
29594	G	0.3333
29595	T	0.6667
29596	A	0.6667
29597	A	0.3333
29598	A	0.3333
29599	A	0.6667
29600	G	0.3333
29601	A	0.6667
29602	T	0.6667
29603	G	0.3333
29604	C	0.6667
29605	A	0.6667
29606	G	1.0000
29607	A	0.6667
29608	G	0.3333
29609	G	0.6667
29610	G	0.6667
29611	G	0.3333
29612	C	0.3333
29613	A	1.0000
29614	G	0.3333
29615	C	0.6667
29616	C	0.3333
29617	T	0.6667
29618	C	0.6667
29619	A	0.6667
29620	G	0.6667
29621	A	0.3333
29622	A	0.6667
29623	A	0.6667
29624	C	0.3333
29625	T	0.3333
29626	C	0.6667
29627	G	0.6667
29628	T	0.6667
29629	G	0.3333
29630	G	0.6667
29631	C	0.3333
29632	G	0.6667
29633	T	0.6667
29634	G	0.6667
29635	T	0.6667
29636	C	0.3333
29637	C	0.6667
29638	C	0.3333
29639	G	0.3333
29640	G	0.3333
29641	A	0.6667
29642	A	0.6667
29643	T	0.6667
29644	G	0.3333
29645	C	0.6667
29646	C	0.3333
29647	G	0.6667
29648	C	0.6667
29649	T	0.3333
29650	A	0.6667
29651	G	0.6667
29652	C	0.6667
29653	G	0.3333
29654	G	0.3333
29655	C	0.6667
29656	A	0.6667
29657	G	0.3333
29658	C	1.0000
29659	C	0.6667
29660	C	0.3333
29661	G	0.6667
29662	C	0.6667
29663	T	0.6667
29664	A	0.3333
29665	C	0.6667
29666	A	0.6667
29667	T	0.3333
29668	T	0.3333
29669	C	0.6667
29670	T	0.3333
29671	G	0.3333
29672	T	0.3333
29673	A	0.6667
29674	C	0.6667
29675	T	0.6667
29676	C	0.6667
29677	A	0.6667
29678	T	0.3333
29679	C	0.3333
29680	G	0.6667
29681	C	0.6667
29682	C	0.6667
29683	T	0.6667
29684	G	0.6667
29685	A	0.6667
29686	T	0.3333
29687	A	0.3333
29688	A	0.6667
29689	A	0.6667
29690	G	0.3333
29691	A	0.6667
29692	A	0.6667
29693	G	0.3333
29694	A	0.6667
29695	A	0.6667
29696	C	1.0000
29697	C	0.6667
29698	G	1.0000
29699	G	0.3333
29700	C	0.6667
29701	C	0.3333
29702	T	0.3333
29703	C	0.6667
29704	T	0.3333
29705	G	0.6667
29706	C	1.0000
29707	A	0.6667
29708	T	0.3333
29709	C	0.6667
29710	C	0.6667
29711	A	0.6667
29712	C	0.6667
29713	A	0.3333
29714	A	0.3333
29715	G	0.6667
29716	C	0.6667
29717	T	0.6667
29718	C	0.6667
29719	C	0.3333
29720	C	0.6667
29721	T	0.6667
29722	G	0.3333
29723	T	0.6667
29724	T	0.3333
29725	T	0.3333
29726	G	0.3333
29727	A	0.3333
29728	A	0.3333
29729	C	0.3333
29730	A	0.6667
29731	T	0.3333
29732	T	0.3333
29733	T	0.3333
29734	C	0.3333
29735	A	0.3333
29736	T	0.6667
29737	G	0.6667
29738	G	0.6667
29739	C	1.0000
29740	G	0.3333
29741	A	0.3333
29742	A	0.3333
29743	T	0.6667
29744	C	0.3333
29745	A	0.6667
29746	T	1.0000
29747	T	0.6667
29748	G	0.6667
29749	G	0.6667
29750	C	0.6667
29751	G	0.6667
29752	G	0.6667
29753	G	0.6667
29754	C	0.6667
29755	A	0.3333
29756	G	0.6667
29757	C	0.3333
29758	G	1.0000
29759	G	0.3333
29760	T	0.6667
29761	G	0.3333
29762	A	0.6667
29763	G	0.3333
29764	G	0.6667
29765	G	0.6667
29766	G	0.3333
29767	T	0.3333
29768	G	0.6667
29769	G	0.6667
29770	C	0.6667
29771	G	0.6667
29772	T	0.6667
29773	A	0.6667
29774	T	1.0000
29775	C	0.6667
29776	A	0.6667
29777	C	0.3333
29778	A	0.3333
29779	G	0.3333
29780	A	0.3333
29781	C	0.6667
29782	G	0.3333
29783	T	0.6667
29784	C	0.3333
29785	A	0.6667
29786	G	0.6667
29787	C	1.0000
29788	A	0.3333
29789	C	0.6667
29790	A	0.6667
29791	C	0.6667
29792	G	0.6667
29793	G	1.0000
29794	T	0.3333
29795	G	0.3333
29796	A	1.0000
29797	A	0.6667
29798	G	0.3333
29799	C	0.3333
29800	G	0.3333
29801	G	0.3333
29802	A	0.3333
29803	C	0.6667
29804	T	0.6667
29805	T	1.0000
29806	G	0.6667
29807	A	0.3333
29808	A	0.3333
29809	A	0.3333
29810	A	0.3333
29811	T	0.3333
29812	G	0.6667
29813	C	0.3333
29814	T	0.6667
29815	C	1.0000
29816	A	0.3333
29817	G	0.6667
29818	A	0.6667
29819	G	0.6667
29820	C	0.3333
29821	C	0.3333
29822	G	0.6667
29823	T	0.3333
29824	G	0.6667
29825	T	0.6667
29826	C	0.3333
29827	T	0.6667
29828	T	0.6667
29829	G	0.3333
29830	A	0.6667
29831	A	0.3333
29832	G	0.6667
29833	T	0.3333
29834	G	0.6667
29835	A	0.3333
29836	G	1.0000
29837	T	0.3333
29838	G	0.6667
29839	C	0.3333
29840	T	1.0000
29841	T	0.6667
29842	A	0.6667
29843	C	0.6667
29844	C	0.3333
29845	A	0.3333
29846	T	0.6667
29847	T	0.6667
29848	A	0.6667
29849	C	0.6667
29850	T	0.3333
29851	A	0.6667
29852	T	0.3333
29853	G	1.0000
29854	A	0.3333
29855	G	0.6667
29856	G	0.6667
29857	C	0.6667
29858	T	0.3333
29859	T	0.3333
29860	T	0.3333
29861	T	0.3333
29862	A	0.6667
29863	A	0.6667
29864	G	0.6667
29865	A	0.3333
29866	G	0.6667
29867	A	0.6667
29868	G	0.6667
29869	G	0.6667
29870	G	0.3333
29871	G	0.6667
29872	A	0.3333
29873	A	1.0000
29874	C	0.3333
29875	G	0.3333
29876	A	0.6667
29877	A	0.6667
29878	A	0.6667
29879	A	0.6667
29880	C	0.6667
29881	C	0.6667
29882	A	0.6667
29883	T	0.6667
29884	C	0.3333
29885	A	0.6667
29886	C	0.6667
29887	T	0.6667
29888	C	0.6667
29889	A	0.6667
29890	A	0.3333
29891	C	0.6667
29892	A	0.3333
29893	A	0.6667
29894	C	0.3333
29895	G	0.6667
29896	C	0.6667
29897	G	0.3333
29898	A	0.6667
29899	A	0.3333
29900	G	0.3333
29901	A	0.6667
29902	A	0.3333
29903	G	0.6667
29904	T	0.3333
29905	C	0.6667
29906	C	1.0000
29907	G	0.6667
29908	T	0.6667
29909	A	0.3333
29910	T	0.3333
29911	T	1.0000
29912	T	0.3333
29913	T	0.6667
29914	T	0.3333
29915	G	1.0000
29916	C	0.6667
29917	C	0.6667
29918	G	0.3333
29919	G	0.3333
29920	G	0.6667
29921	C	0.6667
29922	A	0.6667
29923	C	0.6667
29924	G	0.3333
29925	A	0.3333
29926	T	0.3333
29927	C	0.3333
29928	G	0.6667
29929	G	0.3333
29930	G	0.6667
29931	G	0.6667
29932	T	0.3333
29933	A	0.6667
29934	A	0.3333
29935	T	0.6667
29936	A	0.6667
29937	C	0.6667
29938	C	0.6667
29939	G	0.3333
29940	C	0.3333
29941	C	0.6667
29942	A	0.6667
29943	C	1.0000
29944	A	0.3333
29945	G	0.3333
29946	G	0.3333
29947	C	0.3333
29948	A	0.3333
29949	G	0.6667
29950	C	0.3333
29951	A	0.3333
29952	G	0.3333
29953	C	1.0000
29954	G	0.6667
29955	G	0.3333
29956	G	0.3333
29957	A	0.6667
29958	T	1.0000
29959	T	0.3333
29960	T	0.6667
29961	C	0.6667
29962	T	0.6667
29963	C	0.6667
29964	A	0.6667
29965	G	0.6667
29966	G	0.6667
29967	C	1.0000
29968	A	0.6667
29969	A	0.3333
29970	C	0.6667
29971	C	0.6667
29972	C	0.3333
29973	C	0.3333
29974	G	0.6667
29975	G	0.6667
29976	C	0.6667
29977	A	0.6667
29978	G	0.6667
29979	T	0.6667
29980	G	0.3333
29981	A	0.3333
29982	A	0.6667
29983	G	0.3333
29984	G	0.6667
29985	C	0.6667
29986	G	0.6667
29987	C	0.3333
29988	T	0.3333
29989	C	0.6667
29990	A	1.0000
29991	T	0.6667
29992	G	0.6667
29993	C	0.6667
29994	T	1.0000
29995	G	0.6667
29996	G	0.3333
29997	A	0.6667
29998	T	0.6667
29999	G	0.3333
30000	A	0.6667
30001	A	0.3333
30002	G	0.6667
30003	C	0.6667
30004	C	0.3333
30005	T	0.6667
30006	G	1.0000
30007	C	1.0000
30008	G	0.6667
30009	G	1.0000
30010	A	0.6667
30011	A	0.6667
30012	A	0.6667
30013	A	0.3333
30014	C	0.3333
30015	G	0.6667
30016	G	0.3333
30017	G	0.3333
30018	T	0.6667
30019	C	0.6667
30020	G	0.3333
30021	T	0.3333
30022	C	0.3333
30023	T	0.3333
30024	G	0.3333
30025	G	0.6667
30026	A	0.6667
30027	A	0.6667
30028	C	0.3333
30029	G	0.6667
30030	G	0.6667
30031	A	0.6667
30032	C	0.6667
30033	A	0.3333
30034	G	0.3333
30035	A	0.3333
30036	A	0.3333
30037	G	0.6667
30038	G	0.6667
30039	C	0.3333
30040	C	0.6667
30041	G	0.6667
30042	G	0.6667
30043	T	0.3333
30044	A	0.3333
30045	G	0.6667
30046	T	0.6667
30047	A	0.6667
30048	C	0.3333
30049	G	0.3333
30050	G	0.3333
30051	A	0.6667
30052	T	0.3333
30053	C	0.6667
30054	G	0.3333
30055	C	0.3333
30056	A	0.6667
30057	T	0.3333
30058	A	0.3333
30059	C	0.3333
30060	T	0.6667
30061	G	0.3333
30062	G	0.6667
30063	T	0.3333
30064	A	1.0000
30065	G	0.6667
30066	T	0.6667
30067	G	0.6667
30068	C	0.6667
30069	C	0.3333
30070	G	0.6667
30071	C	0.3333
30072	T	0.3333
30073	T	0.3333
30074	G	0.6667
30075	A	0.3333
30076	A	1.0000
30077	G	0.6667
30078	G	1.0000
30079	C	0.6667
30080	A	0.3333
30081	A	0.6667
30082	A	0.6667
30083	G	0.6667
30084	A	0.6667
30085	G	0.6667
30086	A	0.6667
30087	A	0.6667
30088	G	0.3333
30089	G	1.0000
30090	T	0.6667
30091	T	0.6667
30092	C	0.6667
30093	T	0.6667
30094	G	0.6667
30095	A	0.6667
30096	C	0.6667
30097	A	0.6667
30098	T	0.3333
30099	A	0.6667
30100	T	0.6667
30101	T	0.3333
30102	A	1.0000
30103	C	0.6667
30104	A	0.3333
30105	A	0.3333
30106	G	0.3333
30107	T	0.6667
30108	C	1.0000
30109	G	0.3333
30110	G	0.6667
30111	G	0.6667
30112	G	0.3333
30113	A	0.3333
30114	C	0.3333
30115	T	0.6667
30116	T	1.0000
30117	G	0.6667
30118	T	0.6667
30119	G	0.3333
30120	C	0.3333
30121	G	0.3333
30122	A	0.3333
30123	C	0.3333
30124	G	0.3333
30125	T	0.6667
30126	A	0.3333
30127	G	0.3333
30128	G	0.6667
30129	C	0.3333
30130	A	0.6667
30131	A	0.3333
30132	T	0.6667
30133	C	0.6667
30134	C	0.3333
30135	G	0.6667
30136	C	0.3333
30137	T	0.6667
30138	G	0.3333
30139	G	0.3333
30140	C	0.6667
30141	G	0.6667
30142	A	0.6667
30143	G	0.3333
30144	A	0.6667
30145	A	0.6667
30146	T	0.6667
30147	G	0.3333
30148	T	0.6667
30149	C	0.6667
30150	T	0.3333
30151	G	0.3333
30152	G	0.6667
30153	A	0.3333
30154	T	0.6667
30155	G	1.0000
30156	A	0.3333
30157	T	0.6667
30158	T	0.6667
30159	G	0.6667
30160	T	0.6667
30161	A	0.6667
30162	A	0.6667
30163	A	0.6667
30164	G	0.6667
30165	G	0.6667
30166	G	0.3333
30167	A	0.6667
30168	C	0.3333
30169	T	0.6667
30170	A	0.6667
30171	A	0.6667
30172	C	0.6667
30173	G	0.6667
30174	C	0.3333
30175	T	0.6667
30176	T	1.0000
30177	T	0.3333
30178	C	0.6667
30179	G	0.3333
30180	T	0.3333
30181	A	0.6667
30182	G	0.6667
30183	G	0.6667
30184	C	0.3333
30185	A	0.6667
30186	C	0.6667
30187	A	0.6667
30188	G	1.0000
30189	A	0.6667
30190	C	0.3333
30191	C	0.6667
30192	T	0.3333
30193	G	1.0000
30194	A	0.6667
30195	G	0.6667
30196	T	0.3333
30197	C	0.6667
30198	A	0.6667
30199	C	0.3333
30200	G	1.0000
30201	A	1.0000
30202	G	0.6667
30203	G	0.6667
30204	C	0.3333
30205	G	0.3333
30206	C	0.3333
30207	T	0.3333
30208	T	0.6667
30209	C	1.0000
30210	C	0.6667
30211	G	0.6667
30212	T	0.6667
30213	A	0.6667
30214	A	0.6667
30215	C	1.0000
30216	A	0.6667
30217	G	0.6667
30218	G	0.6667
30219	C	0.6667
30220	T	0.6667
30221	A	0.3333
30222	T	0.3333
30223	C	1.0000
30224	A	0.6667
30225	G	0.6667
30226	G	0.6667
30227	C	0.6667
30228	C	0.3333
30229	C	0.6667
30230	T	0.6667
30231	T	0.6667
30232	G	0.3333
30233	C	0.3333
30234	G	0.6667
30235	T	0.6667
30236	T	0.3333
30237	G	0.6667
30238	C	0.6667
30239	C	0.3333
30240	C	0.3333
30241	T	0.6667
30242	G	0.6667
30243	A	0.6667
30244	C	1.0000
30245	T	0.3333
30246	G	1.0000
30247	A	1.0000
30248	T	0.3333
30249	T	0.3333
30250	C	0.6667
30251	C	0.3333
30252	T	0.3333
30253	C	0.6667
30254	C	0.6667
30255	A	0.3333
30256	T	0.3333
30257	G	0.3333
30258	A	0.3333
30259	A	0.6667
30260	G	0.6667
30261	C	0.6667
30262	G	0.6667
30263	A	0.6667
30264	A	0.6667
30265	A	0.6667
30266	T	0.6667
30267	A	0.6667
30268	A	1.0000
30269	T	0.6667
30270	T	0.6667
30271	A	0.6667
30272	A	0.6667
30273	T	0.3333
30274	A	0.6667
30275	A	0.6667
30276	G	1.0000
30277	A	0.3333
30278	C	0.6667
30279	A	0.6667
30280	G	0.6667
30281	T	0.6667
30282	T	0.6667
30283	T	0.6667
30284	A	0.6667
30285	C	1.0000
30286	G	0.3333
30287	G	0.6667
30288	G	0.6667
30289	A	0.6667
30290	G	0.6667
30291	G	0.6667
30292	C	0.6667
30293	C	0.6667
30294	A	0.3333
30295	G	0.3333
30296	T	0.6667
30297	T	1.0000
30298	A	0.3333
30299	C	0.6667
30300	T	1.0000
30301	C	0.3333
30302	G	0.3333
30303	G	0.6667
30304	T	0.3333
30305	T	0.3333
30306	G	0.6667
30307	T	0.6667
30308	A	1.0000
30309	C	0.6667
30310	C	0.3333
30311	G	0.3333
30312	A	0.3333
30313	T	0.6667
30314	C	0.3333
30315	A	0.6667
30316	A	1.0000
30317	A	0.3333
30318	A	0.3333
30319	A	0.6667
30320	G	0.3333
30321	T	1.0000
30322	G	0.6667
30323	A	0.6667
30324	A	0.6667
30325	A	0.3333
30326	T	0.3333
30327	T	0.3333
30328	A	0.6667
30329	C	0.6667
30330	G	0.6667
30331	T	0.3333
30332	G	0.3333
30333	C	0.3333
30334	C	0.6667
30335	C	0.6667
30336	T	0.6667
30337	G	0.3333
30338	G	0.6667
30339	G	0.6667
30340	T	0.6667
30341	C	0.6667
30342	T	1.0000
30343	G	0.6667
30344	A	0.6667
30345	A	0.3333
30346	A	0.6667
30347	C	0.3333
30348	T	0.3333
30349	T	0.6667
30350	T	0.3333
30351	T	0.6667
30352	T	0.3333
30353	T	0.3333
30354	T	0.3333
30355	C	0.6667
30356	C	0.3333
30357	G	0.3333
30358	C	0.3333
30359	C	0.3333
30360	G	0.3333
30361	T	0.3333
30362	A	0.6667
30363	C	0.3333
30364	A	0.6667
30365	A	0.6667
30366	T	0.3333
30367	C	0.6667
30368	A	0.6667
30369	A	0.6667
30370	T	0.3333
30371	A	0.6667
30372	T	0.3333
30373	C	0.6667
30374	C	0.3333
30375	C	0.6667
30376	C	0.6667
30377	A	0.3333
30378	C	0.6667
30379	C	0.6667
30380	G	0.3333
30381	A	0.6667
30382	G	0.6667
30383	G	0.3333
30384	A	0.6667
30385	A	0.6667
30386	G	0.3333
30387	T	0.3333
30388	T	0.6667
30389	A	0.3333
30390	T	0.3333
30391	G	0.6667
30392	C	0.3333
30393	T	0.3333
30394	G	0.6667
30395	G	0.6667
30396	T	0.6667
30397	C	0.3333
30398	A	0.3333
30399	A	0.6667
30400	A	0.3333
30401	A	0.6667
30402	T	1.0000
30403	G	0.6667
30404	T	0.6667
30405	C	0.6667
30406	C	0.6667
30407	G	0.6667
30408	T	0.6667
30409	A	0.6667
30410	A	0.6667
30411	A	0.6667
30412	A	0.3333
30413	A	0.6667
30414	C	0.6667
30415	G	0.3333
30416	C	0.3333
30417	G	0.6667
30418	G	0.3333
30419	G	0.6667
30420	T	0.3333
30421	G	0.3333
30422	G	0.3333
30423	C	0.6667
30424	C	0.6667
30425	G	0.3333
30426	C	0.3333
30427	A	0.6667
30428	T	0.3333
30429	A	0.6667
30430	T	0.3333
30431	G	0.6667
30432	G	0.6667
30433	C	0.3333
30434	T	0.3333
30435	T	0.6667
30436	T	0.6667
30437	C	0.3333
30438	C	0.3333
30439	G	0.3333
30440	G	0.6667
30441	T	0.3333
30442	T	0.6667
30443	G	0.3333
30444	T	1.0000
30445	T	0.6667
30446	G	0.6667
30447	A	0.6667
30448	A	1.0000
30449	G	0.3333
30450	C	0.6667
30451	A	0.6667
30452	A	0.6667
30453	A	1.0000
30454	A	0.3333
30455	G	0.6667
30456	T	0.6667
30457	G	0.6667
30458	C	0.6667
30459	T	0.6667
30460	G	0.3333
30461	C	0.3333
30462	G	0.6667
30463	T	0.3333
30464	C	0.3333
30465	C	0.6667
30466	T	0.3333
30467	C	0.3333
30468	G	0.6667
30469	T	0.6667
30470	G	0.6667
30471	G	0.3333
30472	T	0.6667
30473	G	0.6667
30474	G	0.3333
30475	T	0.3333
30476	G	0.6667
30477	A	0.3333
30478	A	0.3333
30479	A	0.3333
30480	C	0.3333
30481	C	0.3333
30482	C	0.3333
30483	C	0.6667
30484	G	0.6667
30485	G	0.6667
30486	T	0.3333
30487	G	0.6667
30488	G	0.6667
30489	T	0.3333
30490	G	0.6667
30491	C	0.3333
30492	T	0.6667
30493	T	0.6667
30494	C	0.3333
30495	T	0.6667
30496	G	0.6667
30497	G	0.3333
30498	G	0.3333
30499	C	0.3333
30500	T	0.6667
30501	A	0.3333
30502	C	0.6667
30503	G	0.3333
30504	T	0.6667
30505	C	0.3333
30506	A	0.6667
30507	A	0.6667
30508	G	0.3333
30509	C	0.6667
30510	C	0.3333
30511	C	0.6667
30512	A	0.6667
30513	A	0.6667
30514	A	0.3333
30515	C	0.6667
30516	G	0.6667
30517	C	0.3333
30518	G	0.3333
30519	A	0.3333
30520	T	0.6667
30521	T	0.6667
30522	A	0.6667
30523	T	1.0000
30524	A	0.3333
30525	A	0.3333
30526	T	0.6667
30527	G	0.6667
30528	A	0.6667
30529	C	0.6667
30530	C	0.3333
30531	T	0.6667
30532	T	0.6667
30533	C	0.3333
30534	A	0.6667
30535	T	0.6667
30536	A	0.6667
30537	C	0.6667
30538	G	0.6667
30539	G	1.0000
30540	T	0.6667
30541	G	0.6667
30542	T	0.6667
30543	A	0.6667
30544	G	0.6667
30545	G	0.6667
30546	G	0.6667
30547	C	0.6667
30548	C	0.6667
30549	T	0.6667
30550	T	0.3333
30551	C	0.6667
30552	C	0.6667
30553	C	0.6667
30554	G	0.3333
30555	A	0.6667
30556	T	0.3333
30557	G	0.6667
30558	A	0.6667
30559	C	0.6667
30560	C	0.6667
30561	A	0.3333
30562	T	0.3333
30563	C	0.6667
30564	C	0.3333
30565	G	0.6667
30566	G	0.6667
30567	C	0.6667
30568	G	0.6667
30569	C	0.6667
30570	A	0.6667
30571	G	0.6667
30572	C	0.3333
30573	T	0.3333
30574	G	0.6667
30575	A	1.0000
30576	C	0.6667
30577	C	0.3333
30578	G	0.6667
30579	A	0.3333
30580	C	0.3333
30581	C	0.6667
30582	C	0.3333
30583	G	1.0000
30584	A	0.3333
30585	C	0.3333
30586	C	0.3333
30587	T	0.3333
30588	A	0.6667
30589	C	0.3333
30590	C	0.3333
30591	T	0.6667
30592	T	0.3333
30593	C	0.6667
30594	A	0.6667
30595	T	1.0000
30596	G	0.6667
30597	T	0.3333
30598	G	0.3333
30599	C	0.3333
30600	A	0.6667
30601	T	1.0000
30602	A	0.3333
30603	T	0.3333
30604	C	0.6667
30605	A	0.3333
30606	T	0.6667
30607	G	0.6667
30608	C	0.6667
30609	C	0.3333
30610	C	0.3333
30611	G	0.3333
30612	A	0.3333
30613	T	0.6667
30614	A	0.3333
30615	A	0.3333
30616	C	0.3333
30617	C	0.3333
30618	C	0.6667
30619	G	0.6667
30620	A	0.3333
30621	A	0.6667
30622	A	0.6667
30623	A	0.6667
30624	A	0.3333
30625	C	0.6667
30626	G	0.3333
30627	A	0.3333
30628	A	0.6667
30629	G	0.6667
30630	A	0.6667
30631	G	1.0000
30632	G	0.6667
30633	A	0.6667
30634	G	0.6667
30635	A	0.6667
30636	T	0.6667
30637	C	0.6667
30638	A	0.6667
30639	T	1.0000
30640	T	0.3333
30641	G	0.6667
30642	T	1.0000
30643	G	0.6667
30644	C	0.6667
30645	A	1.0000
30646	G	0.3333
30647	G	0.6667
30648	T	0.3333
30649	G	0.6667
30650	G	0.6667
30651	A	0.6667
30652	A	1.0000
30653	G	0.6667
30654	A	0.3333
30655	A	0.6667
30656	A	0.6667
30657	T	0.3333
30658	A	0.6667
30659	C	0.3333
30660	A	0.6667
30661	G	0.6667
30662	G	0.3333
30663	C	0.3333
30664	C	0.6667
30665	G	0.6667
30666	T	0.3333
30667	G	0.6667
30668	A	0.3333
30669	A	0.6667
30670	T	0.6667
30671	G	0.3333
30672	C	0.6667
30673	C	1.0000
30674	A	0.6667
30675	T	0.3333
30676	G	0.3333
30677	G	0.6667
30678	T	0.6667
30679	A	0.6667
30680	T	0.6667
30681	A	0.3333
30682	T	0.6667
30683	G	0.6667
30684	G	0.3333
30685	C	0.3333
30686	A	0.6667
30687	C	0.6667
30688	A	0.6667
30689	T	0.3333
30690	A	0.3333
30691	C	0.6667
30692	A	0.6667
30693	C	0.3333
30694	C	0.3333
30695	A	0.6667
30696	A	0.6667
30697	G	0.3333
30698	G	0.6667
30699	A	0.3333
30700	G	0.6667
30701	G	0.6667
30702	A	0.6667
30703	A	0.6667
30704	G	0.6667
30705	T	0.6667
30706	C	0.3333
30707	C	0.3333
30708	A	0.6667
30709	A	0.6667
30710	T	0.6667
30711	T	1.0000
30712	C	0.6667
30713	A	0.6667
30714	A	0.3333
30715	G	0.3333
30716	A	0.3333
30717	G	0.6667
30718	A	0.6667
30719	C	0.6667
30720	A	0.6667
30721	T	0.6667
30722	G	1.0000
30723	T	0.6667
30724	G	0.6667
30725	G	0.3333
30726	A	0.6667
30727	T	0.6667
30728	G	1.0000
30729	A	1.0000
30730	C	0.6667
30731	T	0.3333
30732	T	0.6667
30733	T	0.6667
30734	G	0.6667
30735	G	0.6667
30736	C	0.6667
30737	A	0.3333
30738	G	0.3333
30739	A	0.3333
30740	T	0.6667
30741	C	0.6667
30742	G	0.3333
30743	G	0.6667
30744	G	0.6667
30745	G	0.3333
30746	A	0.6667
30747	A	0.3333
30748	G	0.3333
30749	A	0.6667
30750	A	0.3333
30751	T	0.6667
30752	A	0.6667
30753	C	0.6667
30754	C	0.6667
30755	A	1.0000
30756	T	0.6667
30757	C	0.3333
30758	T	0.6667
30759	T	0.6667
30760	A	0.6667
30761	C	0.6667
30762	A	0.3333
30763	G	1.0000
30764	G	0.3333
30765	T	0.6667
30766	T	0.6667
30767	A	0.6667
30768	G	0.6667
30769	C	0.3333
30770	G	0.6667
30771	G	0.3333
30772	T	0.6667
30773	G	0.6667
30774	A	0.6667
30775	G	0.3333
30776	G	0.3333
30777	A	1.0000
30778	G	0.6667
30779	T	0.3333
30780	G	0.3333
30781	G	0.3333
30782	G	0.6667
30783	G	0.6667
30784	A	0.6667
30785	A	0.3333
30786	A	1.0000
30787	T	0.6667
30788	C	0.6667
30789	A	0.6667
30790	G	0.3333
30791	G	0.6667
30792	A	0.6667
30793	C	0.6667
30794	A	0.6667
30795	G	0.6667
30796	T	0.6667
30797	G	1.0000
30798	A	0.6667
30799	C	0.3333
30800	A	0.6667
30801	C	0.6667
30802	G	0.3333
30803	G	0.6667
30804	T	0.3333
30805	C	0.3333
30806	G	0.6667
30807	A	1.0000
30808	C	0.3333
30809	G	0.6667
30810	C	0.3333
30811	G	0.3333
30812	A	0.6667
30813	C	0.3333
30814	T	0.6667
30815	T	0.3333
30816	A	1.0000
30817	T	0.3333
30818	G	0.6667
30819	A	0.6667
30820	T	0.6667
30821	G	0.6667
30822	A	0.6667
30823	C	0.6667
30824	G	0.6667
30825	A	1.0000
30826	C	0.3333
30827	C	0.6667
30828	T	0.3333
30829	T	0.6667
30830	G	0.6667
30831	A	0.6667
30832	T	0.6667
30833	T	0.3333
30834	A	0.6667
30835	A	0.6667
30836	G	1.0000
30837	A	0.6667
30838	T	0.6667
30839	C	0.3333
30840	A	0.6667
30841	G	1.0000
30842	G	1.0000
30843	A	0.6667
30844	C	0.3333
30845	A	0.3333
30846	G	0.3333
30847	A	0.6667
30848	G	0.3333
30849	G	0.6667
30850	A	0.6667
30851	T	0.6667
30852	T	0.3333
30853	T	0.3333
30854	G	0.3333
30855	T	0.3333
30856	C	0.6667
30857	A	0.6667
30858	A	0.6667
30859	T	1.0000
30860	A	0.6667
30861	T	0.3333
30862	T	0.3333
30863	T	0.6667
30864	C	0.3333
30865	C	0.3333
30866	A	0.6667
30867	T	0.3333
30868	C	0.3333
30869	T	0.6667
30870	T	0.3333
30871	G	0.3333
30872	A	0.6667
30873	A	0.3333
30874	G	0.6667
30875	G	0.6667
30876	G	0.3333
30877	T	0.3333
30878	A	1.0000
30879	A	0.6667
30880	C	0.6667
30881	G	0.6667
30882	T	0.3333
30883	A	0.6667
30884	C	0.6667
30885	G	0.3333
30886	G	0.6667
30887	C	0.6667
30888	G	0.3333
30889	T	0.3333
30890	C	0.6667
30891	T	0.6667
30892	G	0.6667
30893	G	0.6667
30894	T	0.6667
30895	G	0.6667
30896	A	0.3333
30897	A	1.0000
30898	C	0.6667
30899	G	0.6667
30900	G	0.6667
30901	C	0.6667
30902	T	0.6667
30903	T	0.6667
30904	G	0.6667
30905	A	0.6667
30906	A	0.3333
30907	G	0.3333
30908	C	0.6667
30909	T	0.6667
30910	G	0.3333
30911	T	1.0000
30912	G	0.6667
30913	A	0.6667
30914	C	1.0000
30915	G	0.6667
30916	C	0.6667
30917	G	0.6667
30918	A	0.3333
30919	G	0.6667
30920	A	0.6667
30921	A	0.3333
30922	A	0.3333
30923	C	0.3333
30924	T	0.6667
30925	G	0.6667
30926	G	0.3333
30927	A	0.3333
30928	T	0.3333
30929	A	0.6667
30930	C	0.6667
30931	T	0.6667
30932	C	1.0000
30933	C	0.6667
30934	T	0.3333
30935	T	0.6667
30936	G	0.6667
30937	C	0.6667
30938	G	0.6667
30939	G	0.3333
30940	C	0.6667
30941	T	0.3333
30942	C	0.6667
30943	A	0.3333
30944	A	0.3333
30945	G	0.6667
30946	T	0.3333
30947	T	0.3333
30948	C	0.3333
30949	A	0.3333
30950	C	0.6667
30951	A	0.3333
30952	G	0.6667
30953	C	0.6667
30954	T	0.3333
30955	G	0.6667
30956	A	0.6667
30957	A	0.6667
30958	A	0.3333
30959	A	0.3333
30960	C	0.6667
30961	G	1.0000
30962	A	0.6667
30963	T	0.6667
30964	A	0.6667
30965	G	0.3333
30966	T	0.6667
30967	G	0.3333
30968	A	0.6667
30969	A	0.3333
30970	A	0.6667
30971	G	0.3333
30972	A	0.3333
30973	G	0.6667
30974	C	0.3333
30975	T	0.3333
30976	G	0.6667
30977	G	0.6667
30978	G	0.3333
30979	G	0.6667
30980	T	0.3333
30981	C	0.3333
30982	G	0.3333
30983	T	0.6667
30984	T	0.3333
30985	G	0.6667
30986	G	1.0000
30987	T	0.6667
30988	G	0.3333
30989	T	0.6667
30990	C	0.6667
30991	C	0.6667
30992	T	0.6667
30993	T	0.6667
30994	C	0.6667
30995	A	0.6667
30996	G	0.6667
30997	G	0.6667
30998	G	0.6667
30999	T	0.6667
31000	G	0.3333
31001	T	0.6667
31002	A	0.3333
31003	T	0.6667
31004	T	0.3333
31005	G	0.6667
31006	C	1.0000
31007	G	0.3333
31008	G	0.3333
31009	G	0.6667
31010	C	0.6667
31011	A	0.3333
31012	G	0.6667
31013	C	0.3333
31014	T	0.3333
31015	G	0.6667
31016	A	0.6667
31017	C	0.3333
31018	T	0.3333
31019	A	0.6667
31020	T	0.6667
31021	G	0.6667
31022	G	0.6667
31023	T	0.3333
31024	G	0.3333
31025	G	0.6667
31026	T	0.6667
31027	G	0.3333
31028	G	0.3333
31029	C	0.6667
31030	G	1.0000
31031	G	0.6667
31032	A	0.3333
31033	A	0.6667
31034	A	0.6667
31035	C	0.6667
31036	C	0.6667
31037	T	0.6667
31038	C	0.3333
31039	C	0.6667
31040	T	0.6667
31041	G	0.6667
31042	T	0.6667
31043	G	0.6667
31044	T	0.6667
31045	G	0.6667
31046	G	0.3333
31047	G	0.6667
31048	A	0.6667
31049	T	0.6667
31050	A	0.3333
31051	G	0.3333
31052	A	0.6667
31053	G	0.6667
31054	C	0.6667
31055	G	0.6667
31056	G	0.3333
31057	T	0.3333
31058	A	0.3333
31059	C	0.6667
31060	C	0.6667
31061	A	0.6667
31062	A	0.6667
31063	A	0.3333
31064	A	0.3333
31065	G	0.6667
31066	A	0.6667
31067	C	0.6667
31068	G	0.3333
31069	T	0.6667
31070	T	0.3333
31071	A	0.3333
31072	T	0.6667
31073	C	0.3333
31074	G	0.6667
31075	G	0.3333
31076	C	0.3333
31077	C	0.3333
31078	G	1.0000
31079	T	0.6667
31080	G	0.6667
31081	G	0.3333
31082	G	0.3333
31083	G	1.0000
31084	A	0.6667
31085	C	0.6667
31086	C	0.3333
31087	G	0.6667
31088	T	0.6667
31089	T	0.3333
31090	A	0.6667
31091	G	0.6667
31092	T	0.3333
31093	C	0.3333
31094	C	0.3333
31095	T	0.3333
31096	G	0.6667
31097	A	0.6667
31098	G	0.3333
31099	A	0.6667
31100	A	0.6667
31101	A	0.6667
31102	T	0.3333
31103	A	0.6667
31104	C	0.6667
31105	G	1.0000
31106	A	0.6667
31107	C	0.6667
31108	T	0.6667
31109	G	0.6667
31110	C	0.6667
31111	T	0.3333
31112	G	0.3333
31113	A	0.3333
31114	G	0.6667
31115	G	0.6667
31116	G	0.3333
31117	C	0.3333
31118	A	0.3333
31119	T	0.3333
31120	A	0.6667
31121	T	0.6667
31122	G	0.6667
31123	T	0.3333
31124	T	0.6667
31125	T	0.6667
31126	C	0.3333
31127	T	0.6667
31128	A	0.3333
31129	T	0.3333
31130	G	0.3333
31131	G	0.6667
31132	T	0.3333
31133	G	0.6667
31134	T	0.6667
31135	G	0.6667
31136	A	0.6667
31137	T	0.3333
31138	T	0.3333
31139	C	0.3333
31140	A	0.3333
31141	G	0.6667
31142	G	0.6667
31143	A	0.6667
31144	T	0.3333
31145	G	0.6667
31146	C	0.3333
31147	A	0.6667
31148	C	0.6667
31149	T	0.6667
31150	G	1.0000
31151	A	0.6667
31152	C	0.3333
31153	C	0.6667
31154	T	0.6667
31155	T	0.3333
31156	G	1.0000
31157	T	0.3333
31158	C	0.6667
31159	C	0.3333
31160	T	0.6667
31161	A	0.3333
31162	A	0.3333
31163	G	0.6667
31164	G	0.3333
31165	T	0.6667
31166	G	0.6667
31167	T	0.6667
31168	A	0.6667
31169	G	0.3333
31170	C	0.6667
31171	G	1.0000
31172	G	1.0000
31173	G	0.6667
31174	A	0.6667
31175	T	1.0000
31176	C	0.3333
31177	T	0.6667
31178	A	0.6667
31179	T	0.6667
31180	G	0.6667
31181	C	0.3333
31182	G	0.6667
31183	T	0.6667
31184	T	1.0000
31185	A	0.3333
31186	T	0.3333
31187	C	0.3333
31188	C	0.3333
31189	A	0.6667
31190	A	0.6667
31191	A	0.3333
31192	A	1.0000
31193	C	0.3333
31194	A	0.6667
31195	C	0.3333
31196	T	0.6667
31197	G	0.3333
31198	G	0.3333
31199	C	0.6667
31200	T	0.6667
31201	G	0.6667
31202	A	0.3333
31203	C	1.0000
31204	C	0.6667
31205	G	0.6667
31206	T	0.3333
31207	G	0.3333
31208	G	0.6667
31209	G	0.6667
31210	C	1.0000
31211	G	1.0000
31212	A	0.6667
31213	T	0.6667
31214	C	0.3333
31215	C	0.6667
31216	G	1.0000
31217	G	0.6667
31218	C	0.6667
31219	C	0.6667
31220	C	0.6667
31221	G	0.6667
31222	T	0.3333
31223	G	0.3333
31224	A	1.0000
31225	A	0.6667
31226	T	0.6667
31227	G	0.6667
31228	C	0.3333
31229	A	0.6667
31230	T	0.6667
31231	C	0.3333
31232	A	0.3333
31233	T	1.0000
31234	G	0.6667
31235	A	0.6667
31236	C	0.3333
31237	G	0.6667
31238	C	0.3333
31239	A	0.3333
31240	A	0.6667
31241	A	0.6667
31242	T	0.6667
31243	C	0.6667
31244	T	0.6667
31245	C	0.3333
31246	T	0.6667
31247	C	0.3333
31248	C	0.3333
31249	G	0.3333
31250	C	0.3333
31251	T	0.6667
31252	G	0.6667
31253	A	0.6667
31254	T	0.3333
31255	G	0.3333
31256	G	0.3333
31257	T	0.3333
31258	G	0.6667
31259	C	0.6667
31260	T	0.3333
31261	G	0.6667
31262	A	0.6667
31263	C	0.3333
31264	G	1.0000
31265	G	0.6667
31266	A	0.3333
31267	G	0.6667
31268	C	0.3333
31269	A	0.6667
31270	G	0.6667
31271	G	0.6667
31272	A	0.6667
31273	T	0.6667
31274	G	0.6667
31275	A	0.6667
31276	G	0.6667
31277	T	0.6667
31278	T	0.6667
31279	T	0.6667
31280	G	0.6667
31281	A	0.6667
31282	G	1.0000
31283	C	0.6667
31284	G	0.6667
31285	C	0.6667
31286	G	0.3333
31287	T	0.3333
31288	A	0.3333
31289	C	0.3333
31290	A	0.3333
31291	G	0.6667
31292	G	0.3333
31293	T	1.0000
31294	G	0.6667
31295	A	0.6667
31296	A	0.3333
31297	A	0.6667
31298	T	0.3333
31299	A	0.6667
31300	A	1.0000
31301	A	0.6667
31302	A	0.6667
31303	C	0.3333
31304	G	0.3333
31305	T	0.6667
31306	C	0.6667
31307	A	0.6667
31308	G	0.6667
31309	C	0.3333
31310	G	0.3333
31311	T	0.6667
31312	G	0.6667
31313	C	0.6667
31314	T	0.6667
31315	C	0.6667
31316	C	0.6667
31317	A	0.3333
31318	A	0.3333
31319	A	0.6667
31320	T	0.6667
31321	G	0.6667
31322	C	0.3333
31323	C	0.3333
31324	C	0.3333
31325	C	0.3333
31326	C	0.3333
31327	G	0.6667
31328	T	0.6667
31329	T	0.6667
31330	T	0.6667
31331	C	0.3333
31332	C	0.6667
31333	T	0.3333
31334	T	0.6667
31335	T	0.6667
31336	T	0.3333
31337	T	0.6667
31338	T	0.6667
31339	A	0.3333
31340	C	0.6667
31341	A	1.0000
31342	G	0.6667
31343	G	0.6667
31344	T	0.6667
31345	G	0.3333
31346	G	0.3333
31347	G	0.6667
31348	T	0.6667
31349	G	1.0000
31350	G	0.3333
31351	C	0.6667
31352	T	0.3333
31353	A	0.6667
31354	T	0.3333
31355	G	0.3333
31356	G	0.3333
31357	C	0.6667
31358	A	0.3333
31359	G	0.6667
31360	C	0.6667
31361	A	0.3333
31362	A	0.3333
31363	A	0.3333
31364	A	1.0000
31365	G	0.3333
31366	A	0.6667
31367	A	0.3333
31368	G	0.3333
31369	A	0.3333
31370	A	0.3333
31371	A	0.6667
31372	A	0.6667
31373	T	0.6667
31374	C	0.3333
31375	A	0.3333
31376	G	0.6667
31377	T	0.6667
31378	G	0.6667
31379	A	0.6667
31380	C	0.3333
31381	G	0.6667
31382	T	0.6667
31383	C	0.6667
31384	A	0.6667
31385	T	0.6667
31386	C	0.3333
31387	G	0.6667
31388	T	0.3333
31389	G	0.3333
31390	G	0.6667
31391	A	0.6667
31392	A	0.6667
31393	T	0.6667
31394	G	0.6667
31395	G	0.6667
31396	C	0.3333
31397	T	0.3333
31398	G	0.3333
31399	G	0.6667
31400	C	0.6667
31401	C	0.6667
31402	T	0.3333
31403	G	0.3333
31404	T	0.6667
31405	G	0.6667
31406	G	0.6667
31407	G	0.3333
31408	G	0.3333
31409	G	0.3333
31410	C	0.6667
31411	G	0.6667
31412	C	0.3333
31413	G	0.3333
31414	T	0.6667
31415	G	0.3333
31416	G	0.3333
31417	C	0.6667
31418	G	0.6667
31419	G	0.6667
31420	A	0.6667
31421	T	0.6667
31422	A	1.0000
31423	T	0.3333
31424	A	0.6667
31425	T	1.0000
31426	C	0.6667
31427	G	0.6667
31428	G	0.3333
31429	G	0.3333
31430	G	0.3333
31431	A	0.6667
31432	T	0.6667
31433	T	0.3333
31434	G	0.3333
31435	C	0.3333
31436	A	0.6667
31437	G	0.6667
31438	C	0.3333
31439	G	0.6667
31440	G	0.3333
31441	A	0.3333
31442	T	0.3333
31443	A	1.0000
31444	C	0.6667
31445	A	0.6667
31446	T	0.6667
31447	C	0.3333
31448	A	0.6667
31449	C	0.6667
31450	A	0.3333
31451	G	0.6667
31452	C	0.6667
31453	T	0.6667
31454	T	0.3333
31455	G	0.3333
31456	C	0.6667
31457	G	0.6667
31458	G	0.6667
31459	G	0.6667
31460	T	0.6667
31461	G	0.6667
31462	T	0.6667
31463	G	0.6667
31464	T	0.6667
31465	G	0.3333
31466	G	0.6667
31467	A	0.6667
31468	A	0.6667
31469	A	0.3333
31470	G	0.3333
31471	A	0.6667
31472	G	0.3333
31473	G	0.6667
31474	A	0.3333
31475	C	0.6667
31476	G	0.3333
31477	T	0.3333
31478	G	0.6667
31479	T	0.3333
31480	G	0.6667
31481	C	0.6667
31482	G	1.0000
31483	C	0.6667
31484	A	0.6667
31485	T	0.3333
31486	T	0.6667
31487	G	0.6667
31488	G	0.6667
31489	A	0.6667
31490	G	0.6667
31491	A	0.6667
31492	A	0.6667
31493	T	0.3333
31494	G	0.3333
31495	A	0.3333
31496	A	1.0000
31497	A	0.6667
31498	A	0.6667
31499	C	0.6667
31500	G	0.6667
31501	C	0.6667
31502	A	0.3333
31503	G	0.6667
31504	A	0.3333
31505	T	0.3333
31506	C	0.6667
31507	T	0.3333
31508	C	0.6667
31509	G	0.6667
31510	A	0.3333
31511	T	0.3333
31512	G	0.6667
31513	A	0.6667
31514	T	0.3333
31515	G	0.6667
31516	C	0.3333
31517	C	0.3333
31518	G	0.6667
31519	C	0.6667
31520	T	0.3333
31521	C	0.6667
31522	A	0.6667
31523	T	0.3333
31524	C	0.6667
31525	T	0.6667
31526	G	0.6667
31527	C	1.0000
31528	A	0.3333
31529	A	0.6667
31530	G	0.6667
31531	C	1.0000
31532	A	0.6667
31533	G	0.6667
31534	A	0.3333
31535	C	0.3333
31536	A	1.0000
31537	T	0.6667
31538	G	0.6667
31539	A	0.6667
31540	A	0.6667
31541	C	0.6667
31542	A	0.3333
31543	C	0.6667
31544	T	0.6667
31545	G	0.6667
31546	G	0.6667
31547	T	0.3333
31548	G	0.6667
31549	A	0.6667
31550	G	0.6667
31551	G	0.3333
31552	A	0.6667
31553	T	0.6667
31554	T	0.6667
31555	C	0.6667
31556	T	0.6667
31557	G	0.6667
31558	T	0.3333
31559	C	0.3333
31560	A	0.6667
31561	T	0.6667
31562	G	0.6667
31563	A	0.6667
31564	T	0.3333
31565	T	0.6667
31566	T	0.6667
31567	T	0.3333
31568	A	0.6667
31569	G	0.3333
31570	A	0.6667
31571	G	0.6667
31572	T	0.6667
31573	G	0.6667
31574	T	0.3333
31575	A	0.3333
31576	T	0.3333
31577	C	0.3333
31578	C	0.6667
31579	T	0.6667
31580	G	1.0000
31581	G	0.6667
31582	T	0.3333
31583	T	0.3333
31584	C	0.3333
31585	T	0.6667
31586	G	0.6667
31587	A	0.6667
31588	A	0.6667
31589	A	0.6667
31590	T	0.6667
31591	G	0.3333
31592	T	0.3333
31593	A	0.6667
31594	T	0.3333
31595	T	0.3333
31596	T	0.6667
31597	A	0.3333
31598	C	0.3333
31599	C	0.3333
31600	T	1.0000
31601	G	0.6667
31602	T	0.6667
31603	G	0.6667
31604	C	0.6667
31605	G	0.3333
31606	G	0.6667
31607	T	0.6667
31608	G	0.6667
31609	T	0.6667
31610	T	0.3333
31611	G	0.3333
31612	A	0.6667
31613	C	0.3333
31614	A	0.6667
31615	C	0.6667
31616	A	0.6667
31617	G	0.3333
31618	A	0.6667
31619	A	0.3333
31620	A	0.3333
31621	C	0.3333
31622	A	0.6667
31623	C	0.6667
31624	G	0.6667
31625	T	0.6667
31626	G	0.3333
31627	A	0.3333
31628	G	1.0000
31629	C	0.3333
31630	C	0.3333
31631	T	0.6667
31632	G	0.3333
31633	T	0.3333
31634	A	0.6667
31635	G	0.6667
31636	C	0.6667
31637	A	0.6667
31638	C	0.3333
31639	A	0.3333
31640	T	0.3333
31641	C	0.6667
31642	C	0.6667
31643	T	0.3333
31644	G	0.6667
31645	A	0.6667
31646	T	0.3333
31647	G	1.0000
31648	T	0.6667
31649	G	0.6667
31650	T	0.6667
31651	G	0.3333
31652	C	0.6667
31653	T	0.6667
31654	G	1.0000
31655	A	0.3333
31656	G	0.6667
31657	C	0.6667
31658	A	0.6667
31659	A	0.6667
31660	T	0.3333
31661	C	0.6667
31662	C	0.6667
31663	G	0.6667
31664	G	0.3333
31665	T	0.6667
31666	T	0.3333
31667	G	0.6667
31668	C	0.6667
31669	C	0.6667
31670	C	0.3333
31671	C	0.3333
31672	C	0.6667
31673	C	0.6667
31674	T	0.3333
31675	C	0.3333
31676	A	0.6667
31677	G	0.3333
31678	T	0.6667
31679	G	0.6667
31680	G	0.6667
31681	A	0.6667
31682	A	0.6667
31683	A	0.6667
31684	T	0.6667
31685	G	0.6667
31686	G	0.6667
31687	A	0.3333
31688	C	0.3333
31689	A	0.6667
31690	C	0.6667
31691	G	0.6667
31692	G	1.0000
31693	T	0.6667
31694	C	0.6667
31695	A	0.6667
31696	G	0.3333
31697	G	0.6667
31698	C	0.6667
31699	G	0.3333
31700	T	0.3333
31701	G	0.3333
31702	G	0.3333
31703	A	0.6667
31704	A	1.0000
31705	C	0.6667
31706	G	0.6667
31707	G	0.6667
31708	T	0.6667
31709	A	0.6667
31710	G	0.6667
31711	T	0.3333
31712	T	0.3333
31713	T	0.3333
31714	A	0.6667
31715	T	0.6667
31716	G	0.6667
31717	C	0.6667
31718	G	0.3333
31719	T	0.6667
31720	G	0.3333
31721	A	0.3333
31722	T	0.6667
31723	T	0.3333
31724	T	0.6667
31725	T	0.6667
31726	C	0.6667
31727	A	0.6667
31728	G	0.6667
31729	G	0.6667
31730	C	0.6667
31731	C	0.6667
31732	G	0.6667
31733	G	0.6667
31734	C	0.3333
31735	T	0.3333
31736	A	0.6667
31737	C	0.6667
31738	T	0.6667
31739	A	0.3333
31740	T	0.3333
31741	T	0.6667
31742	C	1.0000
31743	T	0.6667
31744	G	1.0000
31745	C	0.6667
31746	C	0.6667
31747	G	0.6667
31748	T	0.6667
31749	C	1.0000
31750	G	0.6667
31751	T	0.6667
31752	C	0.6667
31753	G	0.3333
31754	G	0.6667
31755	G	0.6667
31756	T	0.6667
31757	T	0.3333
31758	G	0.3333
31759	G	0.6667
31760	G	0.6667
31761	C	0.6667
31762	A	0.3333
31763	G	0.6667
31764	C	0.6667
31765	A	0.3333
31766	C	0.3333
31767	G	0.3333
31768	C	0.6667
31769	T	0.3333
31770	T	1.0000
31771	G	1.0000
31772	T	0.3333
31773	C	0.6667
31774	G	0.6667
31775	A	0.6667
31776	A	0.3333
31777	G	0.6667
31778	G	0.6667
31779	G	0.6667
31780	A	0.6667
31781	T	0.6667
31782	G	0.6667
31783	G	0.6667
31784	G	0.6667
31785	A	0.6667
31786	C	0.6667
31787	T	0.3333
31788	C	0.6667
31789	T	1.0000
31790	G	0.6667
31791	T	0.6667
31792	G	0.3333
31793	C	0.6667
31794	G	0.3333
31795	T	0.6667
31796	A	0.6667
31797	G	0.3333
31798	T	0.3333
31799	T	0.3333
31800	C	0.6667
31801	A	1.0000
31802	C	0.3333
31803	C	0.6667
31804	G	0.6667
31805	C	0.3333
31806	G	0.6667
31807	G	0.6667
31808	G	0.3333
31809	G	0.6667
31810	G	0.3333
31811	C	0.3333
31812	C	0.6667
31813	C	0.6667
31814	A	0.3333
31815	G	0.6667
31816	C	0.6667
31817	G	0.6667
31818	T	0.6667
31819	G	0.3333
31820	A	0.6667
31821	T	0.6667
31822	G	0.3333
31823	G	1.0000
31824	C	0.3333
31825	G	0.6667
31826	A	0.6667
31827	A	0.3333
31828	G	0.6667
31829	T	0.6667
31830	T	0.3333
31831	C	0.3333
31832	A	0.3333
31833	G	0.3333
31834	G	0.3333
31835	G	0.6667
31836	G	0.6667
31837	G	0.6667
31838	T	0.3333
31839	T	0.3333
31840	T	0.3333
31841	T	0.3333
31842	T	0.6667
31843	T	0.6667
31844	A	0.6667
31845	C	0.3333
31846	G	0.6667
31847	A	0.6667
31848	G	0.6667
31849	C	1.0000
31850	G	0.6667
31851	G	0.6667
31852	G	0.6667
31853	A	0.3333
31854	G	0.3333
31855	T	0.6667
31856	C	0.3333
31857	G	0.6667
31858	C	0.6667
31859	T	0.3333
31860	G	1.0000
31861	G	0.6667
31862	G	0.6667
31863	T	0.6667
31864	T	1.0000
31865	T	1.0000
31866	T	0.3333
31867	G	0.3333
31868	G	0.6667
31869	C	0.6667
31870	G	0.3333
31871	G	0.6667
31872	T	0.6667
31873	G	0.6667
31874	G	0.3333
31875	C	0.6667
31876	G	1.0000
31877	G	0.6667
31878	G	0.3333
31879	T	0.6667
31880	T	0.6667
31881	C	0.3333
31882	A	0.6667
31883	G	0.6667
31884	T	0.3333
31885	A	0.6667
31886	T	0.3333
31887	T	0.6667
31888	G	1.0000
31889	A	0.3333
31890	A	0.6667
31891	G	0.3333
31892	G	0.6667
31893	A	0.6667
31894	A	0.3333
31895	A	0.6667
31896	C	0.3333
31897	A	0.3333
31898	G	0.3333
31899	C	0.6667
31900	G	0.6667
31901	C	0.6667
31902	G	0.6667
31903	T	0.6667
31904	C	0.3333
31905	A	0.3333
31906	T	0.3333
31907	T	0.6667
31908	A	0.6667
31909	T	0.3333
31910	A	0.6667
31911	T	0.3333
31912	A	0.6667
31913	T	0.6667
31914	G	0.6667
31915	C	0.6667
31916	C	0.6667
31917	G	1.0000
31918	A	0.6667
31919	C	1.0000
31920	G	0.3333
31921	G	0.3333
31922	A	0.3333
31923	T	0.3333
31924	A	0.3333
31925	C	0.3333
31926	G	0.6667
31927	G	0.3333
31928	T	0.3333
31929	G	0.6667
31930	C	0.3333
31931	G	0.6667
31932	G	0.3333
31933	G	0.3333
31934	G	0.6667
31935	T	0.6667
31936	G	0.3333
31937	T	0.3333
31938	C	0.6667
31939	G	0.6667
31940	G	0.6667
31941	G	0.3333
31942	A	0.6667
31943	G	1.0000
31944	G	0.6667
31945	G	0.6667
31946	G	1.0000
31947	T	0.6667
31948	G	1.0000
31949	A	1.0000
31950	C	0.3333
31951	A	0.3333
31952	C	0.3333
31953	G	0.6667
31954	C	0.3333
31955	G	0.6667
31956	G	0.3333
31957	A	0.6667
31958	A	0.6667
31959	C	0.6667
31960	A	0.6667
31961	T	0.3333
31962	T	0.3333
31963	A	0.6667
31964	A	0.6667
31965	C	0.3333
31966	G	0.3333
31967	G	0.3333
31968	C	0.6667
31969	G	0.6667
31970	A	0.6667
31971	G	0.3333
31972	A	0.6667
31973	T	0.3333
31974	A	0.6667
31975	T	0.6667
31976	T	0.6667
31977	C	0.6667
31978	T	0.6667
31979	G	0.6667
31980	C	0.6667
31981	G	0.3333
31982	T	0.3333
31983	G	0.3333
31984	G	0.6667
31985	A	0.3333
31986	T	0.6667
31987	T	0.6667
31988	G	0.6667
31989	T	0.3333
31990	G	0.3333
31991	T	0.3333
31992	T	0.3333
31993	T	0.3333
31994	C	0.3333
31995	T	1.0000
31996	C	0.6667
31997	C	0.3333
31998	T	0.6667
31999	G	0.6667
32000	A	1.0000
32001	A	0.6667
32002	T	0.6667
32003	A	0.3333
32004	C	0.6667
32005	G	0.3333
32006	G	0.6667
32007	T	0.6667
32008	G	0.3333
32009	G	0.3333
32010	A	0.3333
32011	A	0.6667
32012	G	0.6667
32013	C	0.6667
32014	T	0.3333
32015	G	0.3333
32016	A	0.6667
32017	C	0.6667
32018	A	1.0000
32019	T	0.6667
32020	C	0.6667
32021	C	0.6667
32022	C	0.3333
32023	T	0.6667
32024	G	0.3333
32025	G	0.6667
32026	C	0.6667
32027	C	0.6667
32028	C	0.3333
32029	A	0.3333
32030	A	0.6667
32031	C	0.6667
32032	C	0.3333
32033	C	0.6667
32034	T	0.3333
32035	G	0.6667
32036	G	1.0000
32037	G	0.3333
32038	T	0.6667
32039	A	0.6667
32040	A	0.3333
32041	C	0.6667
32042	G	0.6667
32043	A	0.6667
32044	C	0.3333
32045	C	0.3333
32046	C	0.3333
32047	G	0.3333
32048	C	0.3333
32049	T	0.3333
32050	G	0.6667
32051	T	0.6667
32052	T	1.0000
32053	A	0.3333
32054	A	0.3333
32055	C	0.3333
32056	T	0.6667
32057	G	1.0000
32058	T	0.6667
32059	C	0.3333
32060	G	0.3333
32061	A	0.6667
32062	C	0.6667
32063	G	0.6667
32064	A	0.3333
32065	T	0.6667
32066	A	0.3333
32067	C	0.6667
32068	A	0.3333
32069	C	0.3333
32070	G	0.6667
32071	C	0.6667
32072	A	0.6667
32073	G	0.6667
32074	G	0.3333
32075	A	0.6667
32076	T	0.6667
32077	G	0.3333
32078	G	0.6667
32079	A	0.3333
32080	A	0.3333
32081	T	0.6667
32082	T	0.6667
32083	A	0.6667
32084	T	0.3333
32085	C	0.6667
32086	G	0.6667
32087	C	0.6667
32088	G	0.3333
32089	A	0.3333
32090	T	0.6667
32091	C	0.6667
32092	A	0.6667
32093	A	0.6667
32094	T	0.6667
32095	T	0.6667
32096	G	1.0000
32097	G	0.3333
32098	A	0.6667
32099	T	0.6667
32100	T	1.0000
32101	G	0.3333
32102	A	0.3333
32103	T	0.3333
32104	G	0.6667
32105	A	0.6667
32106	G	0.3333
32107	A	0.6667
32108	C	0.3333
32109	G	0.3333
32110	A	0.3333
32111	T	0.3333
32112	T	0.3333
32113	G	0.3333
32114	A	0.3333
32115	C	0.6667
32116	A	0.3333
32117	A	0.3333
32118	T	0.3333
32119	C	0.3333
32120	T	0.6667
32121	T	0.6667
32122	A	0.3333
32123	G	0.6667
32124	C	0.3333
32125	C	0.3333
32126	G	0.3333
32127	G	0.6667
32128	G	0.6667
32129	G	0.6667
32130	T	0.3333
32131	C	0.3333
32132	G	0.3333
32133	T	0.6667
32134	A	0.6667
32135	A	0.6667
32136	A	0.6667
32137	A	0.6667
32138	A	0.6667
32139	C	0.6667
32140	A	0.6667
32141	G	0.6667
32142	C	0.3333
32143	G	0.6667
32144	C	0.6667
32145	T	1.0000
32146	G	0.6667
32147	A	0.6667
32148	G	0.3333
32149	T	0.6667
32150	C	0.3333
32151	G	0.3333
32152	G	0.3333
32153	C	1.0000
32154	T	0.6667
32155	T	0.3333
32156	C	0.3333
32157	A	0.3333
32158	G	0.6667
32159	C	0.6667
32160	A	0.6667
32161	A	0.6667
32162	C	0.6667
32163	G	0.6667
32164	A	0.6667
32165	C	0.6667
32166	G	0.3333
32167	A	0.3333
32168	T	0.3333
32169	T	0.3333
32170	A	0.3333
32171	A	0.6667
32172	C	0.6667
32173	C	0.3333
32174	C	0.6667
32175	C	0.6667
32176	A	0.6667
32177	T	0.3333
32178	G	0.3333
32179	G	0.6667
32180	C	0.6667
32181	C	0.6667
32182	A	0.6667
32183	C	0.6667
32184	A	0.6667
32185	A	0.6667
32186	C	0.6667
32187	G	0.3333
32188	G	1.0000
32189	C	0.3333
32190	G	0.3333
32191	T	0.6667
32192	T	0.3333
32193	T	0.6667
32194	A	0.3333
32195	A	0.3333
32196	T	0.3333
32197	C	0.6667
32198	A	1.0000
32199	G	0.6667
32200	T	0.6667
32201	A	0.6667
32202	T	0.6667
32203	T	0.6667
32204	C	0.3333
32205	G	0.6667
32206	T	1.0000
32207	C	0.3333
32208	A	0.6667
32209	C	0.3333
32210	G	0.6667
32211	G	0.3333
32212	G	0.6667
32213	T	0.3333
32214	T	0.6667
32215	C	0.6667
32216	A	0.6667
32217	C	0.3333
32218	C	0.3333
32219	G	0.6667
32220	G	0.6667
32221	G	0.6667
32222	A	0.3333
32223	A	0.6667
32224	A	0.3333
32225	C	0.3333
32226	C	1.0000
32227	A	0.3333
32228	G	0.6667
32229	G	1.0000
32230	G	0.6667
32231	T	0.3333
32232	A	0.6667
32233	A	0.6667
32234	G	1.0000
32235	A	0.3333
32236	C	0.3333
32237	G	0.6667
32238	G	0.3333
32239	A	0.3333
32240	C	0.6667
32241	A	1.0000
32242	C	0.6667
32243	T	0.3333
32244	G	0.6667
32245	G	0.6667
32246	T	1.0000
32247	T	0.6667
32248	A	0.6667
32249	A	1.0000
32250	G	0.3333
32251	G	0.6667
32252	A	0.6667
32253	A	0.6667
32254	C	0.6667
32255	C	0.6667
32256	G	0.3333
32257	T	1.0000
32258	C	0.3333
32259	C	0.6667
32260	A	1.0000
32261	G	0.6667
32262	A	0.6667
32263	G	0.6667
32264	T	0.3333
32265	A	0.6667
32266	A	0.3333
32267	A	0.6667
32268	T	0.6667
32269	C	0.3333
32270	G	1.0000
32271	A	0.6667
32272	G	0.3333
32273	C	0.6667
32274	G	0.3333
32275	A	0.6667
32276	C	0.3333
32277	G	0.6667
32278	G	0.6667
32279	T	0.6667
32280	C	0.6667
32281	G	0.6667
32282	A	0.6667
32283	A	0.3333
32284	A	0.3333
32285	G	0.6667
32286	A	0.6667
32287	C	0.3333
32288	C	1.0000
32289	T	0.6667
32290	T	0.6667
32291	A	0.3333
32292	T	0.3333
32293	G	0.6667
32294	G	0.6667
32295	C	0.6667
32296	A	0.3333
32297	G	0.6667
32298	A	0.3333
32299	A	0.6667
32300	T	0.3333
32301	T	0.3333
32302	A	0.6667
32303	T	0.3333
32304	A	0.6667
32305	G	1.0000
32306	T	0.3333
32307	T	0.6667
32308	C	0.6667
32309	A	1.0000
32310	C	0.6667
32311	C	0.6667
32312	G	0.6667
32313	C	0.6667
32314	G	0.6667
32315	G	0.6667
32316	A	0.6667
32317	G	1.0000
32318	A	0.3333
32319	T	0.6667
32320	C	0.3333
32321	T	0.6667
32322	A	0.6667
32323	C	0.3333
32324	G	0.6667
32325	T	0.3333
32326	G	0.3333
32327	T	0.3333
32328	G	0.3333
32329	A	0.3333
32330	T	0.6667
32331	T	0.6667
32332	A	0.6667
32333	A	1.0000
32334	G	0.6667
32335	G	0.6667
32336	T	0.3333
32337	G	0.6667
32338	G	0.6667
32339	G	0.3333
32340	G	0.3333
32341	A	0.6667
32342	T	0.6667
32343	C	0.6667
32344	A	1.0000
32345	G	0.6667
32346	G	0.6667
32347	G	0.6667
32348	T	0.3333
32349	G	0.3333
32350	C	0.3333
32351	T	0.3333
32352	G	0.6667
32353	T	0.6667
32354	G	0.6667
32355	G	0.3333
32356	C	0.6667
32357	G	0.6667
32358	G	0.6667
32359	C	0.3333
32360	A	0.6667
32361	T	0.6667
32362	C	0.3333
32363	A	0.6667
32364	G	0.3333
32365	A	0.3333
32366	A	0.6667
32367	C	0.6667
32368	A	0.6667
32369	G	0.6667
32370	C	0.6667
32371	A	1.0000
32372	A	0.6667
32373	A	0.3333
32374	C	0.6667
32375	T	0.6667
32376	T	0.3333
32377	A	0.6667
32378	A	0.3333
32379	A	0.6667
32380	G	0.3333
32381	C	0.3333
32382	C	1.0000
32383	G	0.6667
32384	G	0.6667
32385	T	0.3333
32386	C	0.6667
32387	A	0.3333
32388	G	0.6667
32389	C	0.3333
32390	A	0.6667
32391	T	0.6667
32392	C	0.6667
32393	G	0.6667
32394	G	0.6667
32395	T	0.3333
32396	A	0.3333
32397	T	0.3333
32398	C	0.3333
32399	G	0.6667
32400	G	0.6667
32401	C	1.0000
32402	G	0.3333
32403	G	0.3333
32404	G	0.6667
32405	C	0.6667
32406	A	1.0000
32407	T	0.6667
32408	T	0.3333
32409	T	0.3333
32410	A	0.6667
32411	T	0.3333
32412	T	0.6667
32413	G	0.6667
32414	A	0.6667
32415	G	0.3333
32416	C	0.3333
32417	G	0.6667
32418	A	0.6667
32419	T	0.3333
32420	T	0.3333
32421	A	0.3333
32422	A	0.6667
32423	A	0.3333
32424	C	0.6667
32425	A	0.3333
32426	A	0.3333
32427	T	0.6667
32428	C	0.6667
32429	G	0.6667
32430	T	0.6667
32431	G	0.6667
32432	G	0.6667
32433	C	0.3333
32434	T	0.3333
32435	G	1.0000
32436	G	0.3333
32437	C	1.0000
32438	T	0.6667
32439	T	0.6667
32440	G	0.6667
32441	T	0.3333
32442	C	0.3333
32443	A	0.3333
32444	T	0.6667
32445	G	0.3333
32446	C	0.6667
32447	A	0.6667
32448	A	0.6667
32449	C	0.6667
32450	G	0.3333
32451	T	0.6667
32452	C	0.3333
32453	T	0.6667
32454	T	0.3333
32455	C	0.6667
32456	C	0.3333
32457	T	0.6667
32458	C	0.3333
32459	A	0.3333
32460	G	0.3333
32461	G	0.3333
32462	C	0.6667
32463	C	0.3333
32464	A	0.3333
32465	A	0.6667
32466	A	0.3333
32467	T	0.3333
32468	A	0.6667
32469	G	0.6667
32470	G	1.0000
32471	A	0.6667
32472	G	0.6667
32473	G	0.6667
32474	A	0.6667
32475	G	0.3333
32476	G	1.0000
32477	A	0.6667
32478	C	0.3333
32479	A	0.6667
32480	A	0.3333
32481	T	0.3333
32482	G	0.3333
32483	A	0.3333
32484	C	0.3333
32485	G	0.6667
32486	A	0.6667
32487	C	0.6667
32488	G	0.6667
32489	A	0.6667
32490	G	0.3333
32491	A	0.6667
32492	G	0.3333
32493	C	0.6667
32494	A	0.3333
32495	A	0.6667
32496	G	0.3333
32497	A	0.3333
32498	A	0.3333
32499	A	0.6667
32500	A	0.3333
32501	G	0.6667
32502	G	0.3333
32503	C	0.6667
32504	G	0.3333
32505	T	0.6667
32506	A	0.3333
32507	C	0.6667
32508	T	0.6667
32509	C	0.3333
32510	G	0.6667
32511	C	0.6667
32512	C	0.3333
32513	T	0.3333
32514	T	0.3333
32515	C	0.6667
32516	C	0.3333
32517	C	0.3333
32518	A	0.6667
32519	T	0.6667
32520	T	1.0000
32521	G	0.6667
32522	A	0.6667
32523	G	0.3333
32524	G	0.6667
32525	T	0.3333
32526	G	0.3333
32527	G	0.6667
32528	T	0.3333
32529	G	0.6667
32530	G	0.6667
32531	A	0.6667
32532	A	0.6667
32533	G	0.6667
32534	T	0.3333
32535	A	0.6667
32536	T	0.6667
32537	C	0.3333
32538	G	0.6667
32539	T	0.6667
32540	T	0.3333
32541	G	0.3333
32542	G	0.6667
32543	C	0.3333
32544	T	0.6667
32545	G	0.3333
32546	C	0.3333
32547	A	0.6667
32548	C	0.6667
32549	C	0.6667
32550	A	0.3333
32551	C	0.3333
32552	T	0.3333
32553	C	0.6667
32554	A	1.0000
32555	A	0.6667
32556	A	0.6667
32557	C	0.3333
32558	A	0.6667
32559	G	0.3333
32560	T	0.6667
32561	C	1.0000
32562	T	0.6667
32563	T	0.3333
32564	T	0.3333
32565	T	1.0000
32566	G	1.0000
32567	A	0.3333
32568	T	0.6667
32569	G	0.6667
32570	A	0.3333
32571	A	0.6667
32572	A	0.6667
32573	A	0.3333
32574	T	0.3333
32575	G	0.3333
32576	T	0.6667
32577	T	0.3333
32578	G	0.3333
32579	A	0.3333
32580	A	0.6667
32581	C	0.3333
32582	T	0.6667
32583	A	0.6667
32584	A	0.3333
32585	T	0.3333
32586	C	0.6667
32587	C	0.6667
32588	G	0.6667
32589	G	0.6667
32590	C	0.6667
32591	G	0.6667
32592	T	1.0000
32593	C	0.6667
32594	A	1.0000
32595	A	0.6667
32596	C	0.6667
32597	G	0.6667
32598	C	0.6667
32599	C	0.6667
32600	G	0.6667
32601	G	0.6667
32602	C	0.6667
32603	C	0.6667
32604	T	0.3333
32605	G	0.6667
32606	A	1.0000
32607	A	0.6667
32608	G	0.6667
32609	A	0.3333
32610	A	1.0000
32611	C	0.3333
32612	T	0.6667
32613	G	0.6667
32614	G	0.6667
32615	C	0.6667
32616	A	0.3333
32617	T	0.6667
32618	A	1.0000
32619	T	0.6667
32620	G	1.0000
32621	T	0.6667
32622	G	0.6667
32623	C	0.6667
32624	C	0.6667
32625	G	0.3333
32626	A	0.3333
32627	G	0.6667
32628	A	0.3333
32629	C	0.3333
32630	A	0.3333
32631	C	0.6667
32632	A	0.6667
32633	A	0.3333
32634	A	1.0000
32635	C	0.6667
32636	T	0.3333
32637	T	0.6667
32638	G	0.6667
32639	G	0.6667
32640	G	0.6667
32641	A	0.6667
32642	T	0.3333
32643	G	0.6667
32644	G	0.6667
32645	C	0.3333
32646	G	0.3333
32647	A	0.3333
32648	T	0.6667
32649	A	0.3333
32650	A	0.3333
32651	A	0.3333
32652	A	0.6667
32653	C	0.3333
32654	A	0.6667
32655	A	0.3333
32656	T	0.3333
32657	A	0.6667
32658	A	0.3333
32659	A	0.3333
32660	A	0.3333
32661	C	0.3333
32662	G	0.6667
32663	C	0.3333
32664	G	0.6667
32665	G	0.6667
32666	T	0.6667
32667	G	0.6667
32668	A	0.6667
32669	C	0.3333
32670	A	0.3333
32671	T	0.6667
32672	G	0.6667
32673	A	0.6667
32674	G	0.3333
32675	T	0.6667
32676	T	0.6667
32677	C	0.3333
32678	C	0.6667
32679	C	0.6667
32680	C	0.3333
32681	G	0.6667
32682	C	0.6667
32683	T	0.3333
32684	G	0.3333
32685	C	0.3333
32686	T	0.3333
32687	C	0.6667
32688	G	0.6667
32689	A	0.6667
32690	T	0.6667
32691	G	0.6667
32692	C	0.6667
32693	A	1.0000
32694	A	0.6667
32695	T	0.3333
32696	C	0.3333
32697	G	1.0000
32698	A	0.6667
32699	G	0.6667
32700	C	0.6667
32701	C	0.6667
32702	A	0.6667
32703	C	0.3333
32704	C	0.6667
32705	T	0.3333
32706	G	0.3333
32707	A	0.3333
32708	T	0.6667
32709	G	0.6667
32710	A	0.6667
32711	C	0.3333
32712	G	0.3333
32713	G	1.0000
32714	G	0.3333
32715	A	0.6667
32716	A	0.6667
32717	G	0.6667
32718	A	0.3333
32719	C	0.6667
32720	G	0.3333
32721	C	0.6667
32722	T	0.6667
32723	A	0.6667
32724	T	0.6667
32725	C	0.6667
32726	T	0.3333
32727	G	1.0000
32728	G	0.6667
32729	T	0.3333
32730	A	0.6667
32731	G	0.3333
32732	T	0.6667
32733	G	0.6667
32734	G	0.6667
32735	G	0.6667
32736	T	0.6667
32737	G	0.6667
32738	A	0.6667
32739	G	0.6667
32740	T	0.3333
32741	T	0.6667
32742	G	0.6667
32743	T	0.6667
32744	T	0.3333
32745	G	0.6667
32746	T	0.3333
32747	T	0.3333
32748	G	0.3333
32749	A	0.3333
32750	C	0.3333
32751	T	0.6667
32752	A	0.3333
32753	A	0.3333
32754	G	0.3333
32755	A	0.6667
32756	G	0.6667
32757	G	0.6667
32758	C	0.6667
32759	T	0.3333
32760	T	0.6667
32761	G	0.6667
32762	T	0.6667
32763	C	0.3333
32764	A	0.6667
32765	T	0.6667
32766	G	1.0000
32767	C	0.3333
32768	G	0.3333
32769	A	0.6667
32770	C	0.6667
32771	C	0.6667
32772	G	0.6667
32773	C	0.6667
32774	T	0.6667
32775	G	1.0000
32776	T	0.6667
32777	T	0.6667
32778	T	0.6667
32779	A	0.6667
32780	T	0.6667
32781	C	0.6667
32782	T	0.6667
32783	G	0.6667
32784	A	0.3333
32785	C	0.6667
32786	C	0.6667
32787	G	0.3333
32788	A	0.3333
32789	T	0.3333
32790	G	0.6667
32791	C	0.3333
32792	A	0.6667
32793	G	0.6667
32794	A	0.3333
32795	A	0.6667
32796	T	0.6667
32797	A	0.6667
32798	T	0.3333
32799	A	0.6667
32800	T	0.6667
32801	C	0.3333
32802	G	0.6667
32803	T	0.6667
32804	T	0.6667
32805	G	0.6667
32806	A	0.6667
32807	A	0.6667
32808	G	0.3333
32809	A	0.6667
32810	G	0.3333
32811	C	0.6667
32812	T	0.6667
32813	G	0.6667
32814	G	0.6667
32815	A	0.6667
32816	A	0.6667
32817	G	0.3333
32818	C	0.6667
32819	A	0.3333
32820	G	0.3333
32821	A	0.6667
32822	T	0.3333
32823	A	0.6667
32824	C	0.3333
32825	C	0.3333
32826	T	0.6667
32827	G	0.3333
32828	G	0.6667
32829	C	0.6667
32830	G	0.6667
32831	G	0.6667
32832	G	0.6667
32833	C	0.3333
32834	C	0.3333
32835	G	0.6667
32836	G	0.6667
32837	G	0.6667
32838	T	0.6667
32839	T	0.3333
32840	G	0.3333
32841	T	0.6667
32842	A	0.6667
32843	T	0.3333
32844	A	0.3333
32845	G	0.6667
32846	T	0.6667
32847	G	0.6667
32848	A	0.3333
32849	G	0.3333
32850	G	0.6667
32851	T	0.3333
32852	A	0.6667
32853	T	0.3333
32854	T	0.6667
32855	T	0.3333
32856	C	0.6667
32857	T	0.6667
32858	T	0.6667
32859	C	0.6667
32860	A	0.6667
32861	G	0.3333
32862	G	0.3333
32863	C	0.3333
32864	A	0.6667
32865	T	0.6667
32866	A	0.6667
32867	G	0.3333
32868	G	0.6667
32869	T	0.6667
32870	A	0.3333
32871	C	0.6667
32872	C	0.3333
32873	G	1.0000
32874	G	0.3333
32875	C	0.6667
32876	C	0.6667
32877	T	0.3333
32878	C	0.3333
32879	A	0.6667
32880	G	0.6667
32881	A	0.6667
32882	G	0.3333
32883	C	0.6667
32884	T	0.3333
32885	T	0.6667
32886	G	0.6667
32887	A	0.3333
32888	T	1.0000
32889	C	0.3333
32890	G	0.6667
32891	G	0.3333
32892	T	0.3333
32893	C	0.6667
32894	T	0.6667
32895	A	0.3333
32896	T	0.6667
32897	T	0.6667
32898	G	0.6667
32899	G	0.6667
32900	A	0.6667
32901	A	0.6667
32902	G	0.6667
32903	A	0.6667
32904	C	0.3333
32905	C	0.6667
32906	G	0.6667
32907	G	0.6667
32908	G	0.6667
32909	A	0.6667
32910	T	0.6667
32911	A	0.6667
32912	C	0.3333
32913	C	0.3333
32914	C	0.3333
32915	G	0.3333
32916	G	0.3333
32917	C	0.6667
32918	G	0.6667
32919	A	0.3333
32920	T	0.3333
32921	A	0.6667
32922	A	1.0000
32923	C	0.3333
32924	C	0.3333
32925	G	0.6667
32926	C	0.6667
32927	G	0.3333
32928	A	0.6667
32929	T	0.3333
32930	A	0.6667
32931	A	0.6667
32932	C	0.3333
32933	G	0.6667
32934	C	0.6667
32935	C	0.6667
32936	A	0.3333
32937	C	1.0000
32938	T	0.3333
32939	G	0.3333
32940	G	0.6667
32941	C	0.6667
32942	A	0.6667
32943	G	0.6667
32944	G	0.6667
32945	A	0.6667
32946	C	0.3333
32947	A	0.6667
32948	A	0.6667
32949	C	0.6667
32950	T	0.3333
32951	T	0.3333
32952	A	0.3333
32953	C	0.6667
32954	C	0.3333
32955	A	0.3333
32956	C	0.3333
32957	G	0.3333
32958	A	0.3333
32959	T	0.6667
32960	G	0.3333
32961	G	0.6667
32962	C	0.6667
32963	T	0.6667
32964	A	0.6667
32965	C	0.3333
32966	C	0.6667
32967	C	0.6667
32968	G	0.6667
32969	G	0.6667
32970	A	0.6667
32971	G	0.6667
32972	C	0.3333
32973	T	0.3333
32974	A	1.0000
32975	A	0.6667
32976	G	1.0000
32977	A	0.6667
32978	G	0.3333
32979	G	0.6667
32980	A	0.6667
32981	T	0.3333
32982	C	0.6667
32983	G	1.0000
32984	T	0.6667
32985	C	0.3333
32986	G	0.6667
32987	T	0.3333
32988	G	0.6667
32989	A	0.3333
32990	T	1.0000
32991	G	0.3333
32992	G	0.6667
32993	C	0.6667
32994	G	0.6667
32995	A	0.6667
32996	T	0.6667
32997	A	0.6667
32998	T	0.3333
32999	A	0.6667
33000	G	0.3333
33001	C	0.6667
33002	A	0.6667
33003	T	0.6667
33004	T	0.3333
33005	A	0.6667
33006	T	0.3333
33007	G	0.6667
33008	G	1.0000
33009	A	0.3333
33010	G	1.0000
33011	T	0.6667
33012	T	0.6667
33013	C	0.6667
33014	A	0.6667
33015	G	0.3333
33016	C	0.3333
33017	T	0.6667
33018	T	0.6667
33019	A	0.3333
33020	T	0.6667
33021	C	0.3333
33022	T	0.6667
33023	T	0.6667
33024	T	0.6667
33025	C	0.3333
33026	T	1.0000
33027	T	0.6667
33028	A	0.3333
33029	T	0.3333
33030	T	0.3333
33031	C	0.3333
33032	C	0.6667
33033	A	0.6667
33034	T	0.3333
33035	T	0.6667
33036	A	0.3333
33037	C	0.6667
33038	A	0.3333
33039	T	0.3333
33040	A	0.3333
33041	C	0.3333
33042	T	0.6667
33043	A	1.0000
33044	A	0.6667
33045	G	0.6667
33046	T	0.6667
33047	C	0.6667
33048	T	0.3333
33049	G	0.6667
33050	A	0.3333
33051	G	0.6667
33052	A	0.6667
33053	A	0.3333
33054	A	0.6667
33055	G	0.6667
33056	A	0.3333
33057	T	0.6667
33058	A	0.6667
33059	T	0.3333
33060	G	0.3333
33061	C	0.6667
33062	C	0.3333
33063	G	0.6667
33064	A	1.0000
33065	T	0.6667
33066	A	0.6667
33067	C	0.6667
33068	A	0.6667
33069	C	0.6667
33070	A	0.3333
33071	T	0.6667
33072	T	0.6667
33073	C	0.3333
33074	C	0.3333
33075	T	0.6667
33076	C	0.3333
33077	T	0.6667
33078	G	0.3333
33079	G	0.6667
33080	A	0.3333
33081	G	0.3333
33082	C	0.6667
33083	C	0.3333
33084	T	0.6667
33085	G	0.6667
33086	C	0.6667
33087	A	0.6667
33088	A	0.6667
33089	A	0.6667
33090	A	0.3333
33091	G	1.0000
33092	G	0.3333
33093	T	0.6667
33094	G	1.0000
33095	A	0.6667
33096	G	0.6667
33097	G	0.6667
33098	G	0.3333
33099	T	0.3333
33100	A	0.6667
33101	T	0.6667
33102	G	0.6667
33103	A	0.6667
33104	C	0.3333
33105	A	0.6667
33106	C	0.6667
33107	T	1.0000
33108	G	0.3333
33109	T	0.3333
33110	G	0.6667
33111	G	0.3333
33112	G	0.6667
33113	G	0.6667
33114	T	0.3333
33115	G	0.6667
33116	A	0.6667
33117	C	0.3333
33118	A	0.3333
33119	A	0.6667
33120	C	0.6667
33121	G	0.3333
33122	G	0.3333
33123	G	0.6667
33124	C	0.6667
33125	A	0.6667
33126	G	0.3333
33127	T	0.6667
33128	C	1.0000
33129	T	0.6667
33130	G	0.6667
33131	A	0.3333
33132	T	0.6667
33133	C	0.6667
33134	C	0.6667
33135	T	0.3333
33136	T	0.6667
33137	A	0.3333
33138	T	0.3333
33139	A	0.6667
33140	C	1.0000
33141	A	0.6667
33142	A	0.6667
33143	A	0.6667
33144	C	0.6667
33145	C	0.3333
33146	C	0.3333
33147	C	0.6667
33148	T	0.3333
33149	T	0.6667
33150	C	0.6667
33151	A	0.6667
33152	T	0.6667
33153	A	0.6667
33154	A	0.6667
33155	A	0.6667
33156	C	1.0000
33157	A	0.6667
33158	A	0.3333
33159	T	0.3333
33160	A	0.6667
33161	G	0.3333
33162	C	0.6667
33163	T	0.3333
33164	G	0.6667
33165	G	0.3333
33166	C	0.3333
33167	C	0.6667
33168	A	0.6667
33169	C	0.6667
33170	G	0.6667
33171	A	0.3333
33172	C	0.3333
33173	T	1.0000
33174	G	0.6667
33175	C	0.6667
33176	C	0.3333
33177	T	0.3333
33178	A	1.0000
33179	A	0.3333
33180	G	0.6667
33181	G	0.6667
33182	T	0.3333
33183	A	0.6667
33184	A	0.3333
33185	A	0.6667
33186	G	0.3333
33187	G	0.6667
33188	A	0.6667
33189	G	0.6667
33190	C	0.3333
33191	T	0.3333
33192	G	0.3333
33193	A	0.3333
33194	C	0.3333
33195	G	0.3333
33196	C	0.3333
33197	C	0.6667
33198	C	0.6667
33199	G	0.3333
33200	G	0.3333
33201	C	1.0000
33202	G	0.6667
33203	T	0.6667
33204	G	0.3333
33205	A	0.3333
33206	T	0.3333
33207	G	0.6667
33208	A	0.6667
33209	C	0.3333
33210	G	0.3333
33211	A	0.6667
33212	A	0.6667
33213	T	0.3333
33214	A	0.6667
33215	G	0.6667
33216	A	0.6667
33217	A	0.6667
33218	C	0.6667
33219	C	0.3333
33220	T	0.3333
33221	A	0.6667
33222	C	0.6667
33223	G	0.3333
33224	T	0.6667
33225	G	0.6667
33226	G	0.6667
33227	A	0.6667
33228	T	0.6667
33229	A	0.6667
33230	A	0.6667
33231	C	0.3333
33232	T	0.3333
33233	A	0.3333
33234	C	0.6667
33235	A	0.6667
33236	T	0.6667
33237	G	0.3333
33238	A	0.6667
33239	A	0.3333
33240	A	0.6667
33241	G	0.6667
33242	A	0.3333
33243	T	0.3333
33244	C	0.6667
33245	G	0.6667
33246	T	0.6667
33247	G	0.6667
33248	A	0.6667
33249	C	0.3333
33250	G	0.3333
33251	C	0.6667
33252	G	0.6667
33253	T	0.6667
33254	A	0.3333
33255	C	0.3333
33256	T	0.6667
33257	T	0.6667
33258	G	1.0000
33259	A	0.6667
33260	G	0.3333
33261	C	0.6667
33262	A	0.6667
33263	C	0.3333
33264	G	0.3333
33265	A	0.6667
33266	C	0.6667
33267	C	1.0000
33268	G	0.6667
33269	G	0.3333
33270	G	0.6667
33271	C	0.3333
33272	A	0.6667
33273	A	0.6667
33274	G	0.3333
33275	G	0.3333
33276	A	0.3333
33277	C	0.6667
33278	A	0.6667
33279	G	0.6667
33280	T	0.6667
33281	T	0.6667
33282	T	0.6667
33283	T	0.6667
33284	C	0.6667
33285	T	0.6667
33286	G	0.6667
33287	C	0.3333
33288	A	0.3333
33289	G	0.6667
33290	G	0.3333
33291	T	0.6667
33292	G	0.3333
33293	A	0.3333
33294	G	0.6667
33295	A	0.3333
33296	C	0.6667
33297	C	0.6667
33298	A	0.3333
33299	A	0.6667
33300	A	0.6667
33301	T	0.6667
33302	T	0.3333
33303	T	0.3333
33304	C	0.6667
33305	A	0.6667
33306	T	0.6667
33307	C	0.3333
33308	T	0.6667
33309	A	0.6667
33310	G	0.3333
33311	C	0.6667
33312	C	0.3333
33313	T	0.3333
33314	G	0.3333
33315	A	0.6667
33316	A	0.3333
33317	G	0.6667
33318	A	1.0000
33319	C	0.6667
33320	C	0.6667
33321	G	0.6667
33322	G	0.6667
33323	C	0.6667
33324	G	0.6667
33325	C	0.6667
33326	A	0.3333
33327	T	0.6667
33328	G	0.3333
33329	A	0.6667
33330	A	0.6667
33331	G	0.6667
33332	G	0.6667
33333	A	0.6667
33334	T	0.6667
33335	A	0.3333
33336	A	0.6667
33337	A	0.6667
33338	A	0.6667
33339	A	0.6667
33340	G	0.3333
33341	A	0.6667
33342	G	0.3333
33343	C	0.3333
33344	T	0.3333
33345	T	0.3333
33346	A	0.6667
33347	T	0.3333
33348	A	0.6667
33349	G	0.6667
33350	G	0.3333
33351	T	0.6667
33352	T	1.0000
33353	G	0.6667
33354	G	0.3333
33355	T	0.6667
33356	A	0.6667
33357	T	0.3333
33358	G	0.3333
33359	A	0.6667
33360	A	0.6667
33361	T	0.6667
33362	T	0.6667
33363	C	1.0000
33364	G	0.6667
33365	G	0.6667
33366	C	0.6667
33367	G	0.6667
33368	A	0.6667
33369	T	0.6667
33370	G	0.6667
33371	T	0.6667
33372	C	0.3333
33373	C	0.3333
33374	G	0.6667
33375	G	1.0000
33376	G	1.0000
33377	C	0.3333
33378	C	0.3333
33379	T	1.0000
33380	G	0.6667
33381	T	1.0000
33382	A	0.3333
33383	A	0.3333
33384	A	0.3333
33385	A	0.6667
33386	G	0.6667
33387	C	0.3333
33388	C	0.3333
33389	C	0.6667
33390	T	0.6667
33391	T	0.6667
33392	T	0.6667
33393	T	0.6667
33394	C	0.3333
33395	C	0.3333
33396	T	0.6667
33397	A	0.3333
33398	A	1.0000
33399	A	0.6667
33400	G	0.3333
33401	G	0.6667
33402	C	0.6667
33403	A	1.0000
33404	C	0.3333
33405	G	0.6667
33406	G	0.6667
33407	T	1.0000
33408	G	0.3333
33409	T	0.6667
33410	A	0.3333
33411	T	0.6667
33412	G	0.3333
33413	T	0.3333
33414	G	0.6667
33415	T	0.3333
33416	A	0.6667
33417	T	0.3333
33418	C	0.3333
33419	G	0.6667
33420	T	0.6667
33421	G	0.3333
33422	G	0.3333
33423	C	0.3333
33424	T	0.3333
33425	G	0.3333
33426	G	0.3333
33427	G	0.3333
33428	C	0.6667
33429	C	0.6667
33430	A	0.3333
33431	T	0.6667
33432	C	0.6667
33433	A	0.6667
33434	G	0.3333
33435	T	0.3333
33436	A	0.6667
33437	G	0.6667
33438	C	0.6667
33439	T	0.6667
33440	G	0.6667
33441	A	0.6667
33442	A	0.6667
33443	A	0.6667
33444	G	0.6667
33445	G	0.3333
33446	C	0.3333
33447	C	0.6667
33448	G	0.3333
33449	T	0.6667
33450	G	0.3333
33451	A	0.3333
33452	G	0.6667
33453	G	0.6667
33454	G	0.3333
33455	C	0.6667
33456	G	0.6667
33457	A	0.6667
33458	A	0.3333
33459	A	0.3333
33460	G	0.3333
33461	A	0.3333
33462	A	0.3333
33463	G	0.3333
33464	A	0.6667
33465	G	0.3333
33466	A	0.6667
33467	T	0.3333
33468	C	0.3333
33469	A	0.3333
33470	C	0.6667
33471	C	0.3333
33472	C	0.6667
33473	C	0.6667
33474	C	0.3333
33475	A	0.3333
33476	T	0.6667
33477	G	0.3333
33478	G	0.6667
33479	T	0.6667
33480	G	0.6667
33481	A	0.3333
33482	C	0.6667
33483	A	1.0000
33484	G	0.3333
33485	T	0.6667
33486	C	0.6667
33487	A	1.0000
33488	G	0.6667
33489	T	0.3333
33490	A	0.3333
33491	A	0.6667
33492	C	0.6667
33493	T	0.6667
33494	T	0.3333
33495	G	0.3333
33496	G	0.3333
33497	G	0.6667
33498	A	0.6667
33499	C	0.6667
33500	A	0.6667
33501	A	0.6667
33502	T	0.6667
33503	C	0.6667
33504	T	0.3333
33505	A	0.6667
33506	C	0.3333
33507	T	0.3333
33508	G	0.6667
33509	T	0.3333
33510	A	0.6667
33511	G	0.6667
33512	G	0.6667
33513	G	0.6667
33514	G	1.0000
33515	A	0.3333
33516	A	0.3333
33517	G	0.3333
33518	A	0.6667
33519	A	1.0000
33520	C	0.6667
33521	G	0.3333
33522	T	0.6667
33523	A	0.6667
33524	G	0.3333
33525	C	0.3333
33526	A	0.3333
33527	A	0.6667
33528	A	0.6667
33529	C	0.6667
33530	T	0.3333
33531	T	0.3333
33532	A	0.3333
33533	C	0.6667
33534	G	0.3333
33535	C	0.6667
33536	C	0.6667
33537	G	0.3333
33538	A	0.6667
33539	T	0.6667
33540	G	0.6667
33541	T	0.6667
33542	C	0.6667
33543	T	0.3333
33544	G	0.3333
33545	C	0.3333
33546	C	0.6667
33547	T	0.6667
33548	T	0.6667
33549	T	0.6667
33550	A	0.6667
33551	A	0.6667
33552	G	0.6667
33553	G	0.6667
33554	T	0.3333
33555	A	0.6667
33556	A	0.6667
33557	A	0.6667
33558	G	0.6667
33559	C	0.3333
33560	C	0.3333
33561	G	0.6667
33562	C	0.6667
33563	G	0.6667
33564	G	0.6667
33565	A	0.6667
33566	G	0.3333
33567	T	0.6667
33568	A	0.6667
33569	C	0.3333
33570	G	0.3333
33571	G	0.3333
33572	T	0.3333
33573	G	0.6667
33574	C	0.6667
33575	A	0.6667
33576	A	0.3333
33577	A	0.3333
33578	A	0.6667
33579	A	0.6667
33580	G	0.3333
33581	T	0.6667
33582	G	1.0000
33583	A	0.3333
33584	A	0.6667
33585	C	0.6667
33586	A	0.6667
33587	G	0.6667
33588	A	0.3333
33589	A	0.3333
33590	C	0.3333
33591	C	0.3333
33592	A	0.3333
33593	A	0.6667
33594	C	0.6667
33595	T	0.6667
33596	T	0.6667
33597	G	0.6667
33598	A	0.3333
33599	C	0.3333
33600	C	0.6667
33601	G	0.3333
33602	T	0.3333
33603	T	0.3333
33604	A	0.6667
33605	C	0.3333
33606	T	0.6667
33607	G	0.3333
33608	T	0.3333
33609	G	0.6667
33610	G	0.6667
33611	A	0.3333
33612	G	0.6667
33613	C	1.0000
33614	C	0.3333
33615	G	0.6667
33616	G	0.6667
33617	A	0.6667
33618	A	1.0000
33619	A	0.6667
33620	A	0.3333
33621	A	0.6667
33622	G	0.3333
33623	A	0.6667
33624	A	0.3333
33625	A	0.6667
33626	T	0.6667
33627	G	0.3333
33628	G	0.3333
33629	A	0.6667
33630	T	1.0000
33631	A	0.6667
33632	A	0.3333
33633	G	0.3333
33634	C	0.6667
33635	C	0.3333
33636	A	0.3333
33637	T	0.6667
33638	A	0.6667
33639	C	0.3333
33640	A	0.3333
33641	G	0.3333
33642	G	0.6667
33643	G	0.3333
33644	C	0.6667
33645	G	0.6667
33646	A	0.6667
33647	C	0.6667
33648	T	0.3333
33649	T	0.6667
33650	C	0.3333
33651	C	0.3333
33652	G	0.6667
33653	C	0.6667
33654	A	0.6667
33655	A	0.6667
33656	A	0.6667
33657	T	0.3333
33658	C	0.3333
33659	C	0.6667
33660	A	0.6667
33661	A	0.6667
33662	C	0.3333
33663	T	0.6667
33664	A	0.3333
33665	A	0.6667
33666	A	0.3333
33667	T	0.6667
33668	C	0.3333
33669	C	0.6667
33670	A	0.6667
33671	C	0.3333
33672	C	0.3333
33673	C	0.6667
33674	C	0.6667
33675	T	0.3333
33676	A	0.3333
33677	G	0.6667
33678	C	0.3333
33679	G	0.6667
33680	T	0.6667
33681	G	0.6667
33682	A	0.6667
33683	A	0.3333
33684	A	0.3333
33685	G	0.3333
33686	T	0.6667
33687	T	0.3333
33688	A	0.6667
33689	T	0.6667
33690	G	1.0000
33691	A	0.6667
33692	C	0.6667
33693	G	0.6667
33694	A	0.3333
33695	T	0.6667
33696	T	0.3333
33697	G	0.6667
33698	C	0.6667
33699	T	0.6667
33700	G	0.6667
33701	T	0.6667
33702	T	0.6667
33703	A	1.0000
33704	C	0.6667
33705	G	0.3333
33706	G	0.3333
33707	G	0.3333
33708	G	0.6667
33709	G	0.3333
33710	T	0.6667
33711	T	0.3333
33712	A	0.3333
33713	A	0.3333
33714	G	0.6667
33715	G	0.3333
33716	C	0.6667
33717	T	0.3333
33718	C	0.6667
33719	G	0.3333
33720	A	0.6667
33721	C	0.6667
33722	A	0.6667
33723	A	0.3333
33724	G	0.6667
33725	T	0.3333
33726	C	0.6667
33727	A	0.6667
33728	G	0.6667
33729	C	0.3333
33730	A	0.6667
33731	A	0.6667
33732	C	0.3333
33733	C	0.3333
33734	C	0.6667
33735	T	0.3333
33736	G	0.6667
33737	T	0.3333
33738	G	0.6667
33739	A	1.0000
33740	T	0.6667
33741	G	0.6667
33742	T	0.6667
33743	C	0.6667
33744	C	0.3333
33745	G	0.3333
33746	G	0.6667
33747	T	0.6667
33748	A	0.6667
33749	A	0.3333
33750	T	0.6667
33751	G	1.0000
33752	G	0.6667
33753	C	0.6667
33754	C	0.3333
33755	G	0.6667
33756	G	0.6667
33757	A	0.6667
33758	T	0.6667
33759	T	0.6667
33760	G	0.6667
33761	C	0.6667
33762	T	0.3333
33763	G	0.3333
33764	C	0.6667
33765	G	0.6667
33766	G	0.6667
33767	T	0.6667
33768	G	0.6667
33769	G	0.3333
33770	A	0.6667
33771	T	0.6667
33772	G	0.6667
33773	A	0.6667
33774	A	0.6667
33775	A	0.3333
33776	T	0.6667
33777	T	0.3333
33778	G	0.6667
33779	C	0.6667
33780	A	0.6667
33781	A	0.6667
33782	T	0.6667
33783	G	0.6667
33784	C	0.6667
33785	A	0.6667
33786	T	0.6667
33787	C	0.6667
33788	A	0.3333
33789	T	0.6667
33790	G	0.3333
33791	T	0.6667
33792	T	0.6667
33793	A	0.6667
33794	C	0.6667
33795	G	1.0000
33796	G	0.3333
33797	G	0.3333
33798	T	0.6667
33799	C	0.6667
33800	A	0.6667
33801	G	0.6667
33802	T	0.3333
33803	A	0.3333
33804	A	0.3333
33805	A	0.6667
33806	G	0.6667
33807	A	0.6667
33808	G	1.0000
33809	C	0.6667
33810	T	0.3333
33811	G	0.3333
33812	T	0.6667
33813	G	0.6667
33814	A	0.6667
33815	C	0.6667
33816	A	0.6667
33817	T	0.3333
33818	A	0.6667
33819	A	0.6667
33820	G	0.3333
33821	C	0.3333
33822	G	0.6667
33823	A	0.6667
33824	T	0.3333
33825	G	0.6667
33826	T	1.0000
33827	G	0.6667
33828	C	0.6667
33829	C	0.3333
33830	T	1.0000
33831	G	0.3333
33832	A	0.6667
33833	A	0.3333
33834	A	0.3333
33835	A	0.3333
33836	C	0.6667
33837	A	0.6667
33838	G	1.0000
33839	A	0.6667
33840	A	0.6667
33841	C	0.3333
33842	A	0.3333
33843	A	0.3333
33844	T	0.6667
33845	T	0.6667
33846	T	0.3333
33847	G	0.6667
33848	A	0.3333
33849	A	0.6667
33850	T	0.6667
33851	A	0.6667
33852	T	0.6667
33853	A	0.6667
33854	T	0.6667
33855	C	0.3333
33856	G	0.3333
33857	A	0.6667
33858	T	0.6667
33859	G	0.3333
33860	T	0.6667
33861	A	0.3333
33862	T	0.3333
33863	C	0.3333
33864	C	0.3333
33865	C	0.6667
33866	A	0.6667
33867	C	0.3333
33868	C	0.6667
33869	C	1.0000
33870	G	0.6667
33871	C	0.3333
33872	T	0.6667
33873	A	0.6667
33874	T	0.3333
33875	C	0.3333
33876	T	1.0000
33877	T	0.6667
33878	A	0.6667
33879	G	0.3333
33880	C	0.3333
33881	G	0.6667
33882	G	0.3333
33883	T	0.6667
33884	C	0.3333
33885	T	0.3333
33886	G	0.6667
33887	C	0.6667
33888	G	0.6667
33889	C	0.6667
33890	T	0.6667
33891	G	0.6667
33892	C	0.3333
33893	A	0.6667
33894	G	0.6667
33895	C	0.6667
33896	G	0.6667
33897	T	1.0000
33898	A	0.3333
33899	T	0.6667
33900	T	0.3333
33901	G	0.6667
33902	A	0.6667
33903	A	0.6667
33904	C	0.6667
33905	A	0.6667
33906	T	0.6667
33907	C	0.6667
33908	T	0.6667
33909	T	0.3333
33910	C	0.6667
33911	C	0.3333
33912	C	0.3333
33913	C	0.3333
33914	T	0.3333
33915	C	0.3333
33916	C	0.6667
33917	T	1.0000
33918	G	0.3333
33919	A	0.3333
33920	A	0.6667
33921	A	0.6667
33922	A	0.6667
33923	T	0.6667
33924	G	0.6667
33925	C	0.3333
33926	T	0.6667
33927	G	0.3333
33928	G	1.0000
33929	C	0.3333
33930	A	0.6667
33931	G	0.3333
33932	A	1.0000
33933	A	0.6667
33934	G	0.6667
33935	A	0.6667
33936	G	0.3333
33937	G	0.6667
33938	C	0.6667
33939	T	0.3333
33940	G	0.6667
33941	A	0.3333
33942	A	0.3333
33943	G	0.3333
33944	G	0.6667
33945	C	1.0000
33946	A	0.3333
33947	G	0.3333
33948	C	0.3333
33949	G	0.6667
33950	G	0.6667
33951	C	0.6667
33952	A	0.3333
33953	A	0.3333
33954	C	0.3333
33955	C	0.3333
33956	T	0.6667
33957	G	1.0000
33958	A	0.6667
33959	A	0.3333
33960	G	0.6667
33961	G	0.6667
33962	T	0.3333
33963	G	0.3333
33964	A	0.6667
33965	G	0.6667
33966	T	0.6667
33967	A	0.6667
33968	T	0.3333
33969	G	0.6667
33970	G	0.6667
33971	A	0.3333
33972	A	0.6667
33973	G	0.3333
33974	A	0.3333
33975	T	0.3333
33976	C	0.3333
33977	A	0.6667
33978	T	0.6667
33979	G	0.6667
33980	T	0.3333
33981	G	0.6667
33982	C	0.6667
33983	G	0.3333
33984	A	0.3333
33985	A	0.3333
33986	C	0.6667
33987	C	0.6667
33988	G	0.3333
33989	G	0.6667
33990	C	0.3333
33991	G	0.6667
33992	C	0.3333
33993	G	0.6667
33994	T	0.3333
33995	A	0.6667
33996	T	0.6667
33997	C	0.6667
33998	T	0.3333
33999	G	0.6667
34000	G	0.3333
34001	T	0.3333
34002	G	0.3333
34003	G	0.3333
34004	C	0.6667
34005	G	0.3333
34006	A	0.6667
34007	T	0.3333
34008	G	0.6667
34009	T	0.3333
34010	C	0.3333
34011	C	0.6667
34012	C	0.3333
34013	G	0.6667
34014	G	0.3333
34015	A	0.6667
34016	T	0.6667
34017	G	0.3333
34018	C	0.6667
34019	A	0.6667
34020	T	0.3333
34021	A	1.0000
34022	A	0.3333
34023	C	0.6667
34024	C	0.3333
34025	A	0.3333
34026	T	0.3333
34027	C	0.3333
34028	C	0.6667
34029	A	0.6667
34030	C	0.6667
34031	G	0.6667
34032	G	0.6667
34033	A	0.3333
34034	G	0.6667
34035	A	0.3333
34036	A	0.3333
34037	C	0.3333
34038	G	0.3333
34039	C	0.6667
34040	A	0.3333
34041	G	0.3333
34042	T	0.3333
34043	C	0.6667
34044	T	0.6667
34045	C	0.6667
34046	T	0.6667
34047	G	1.0000
34048	T	0.6667
34049	C	1.0000
34050	A	0.6667
34051	A	0.6667
34052	T	0.6667
34053	G	1.0000
34054	A	0.6667
34055	G	0.6667
34056	G	0.6667
34057	G	0.3333
34058	A	0.3333
34059	G	0.6667
34060	G	0.6667
34061	C	0.6667
34062	C	0.6667
34063	A	0.6667
34064	T	0.6667
34065	G	0.3333
34066	T	0.6667
34067	G	0.6667
34068	G	0.3333
34069	T	0.6667
34070	A	0.3333
34071	G	0.6667
34072	A	0.3333
34073	T	0.6667
34074	T	0.6667
34075	G	0.3333
34076	G	0.6667
34077	G	0.3333
34078	C	0.6667
34079	A	0.3333
34080	G	0.3333
34081	G	0.3333
34082	A	0.6667
34083	C	0.6667
34084	G	0.6667
34085	T	0.3333
34086	G	0.6667
34087	C	0.3333
34088	T	1.0000
34089	C	0.6667
34090	A	0.6667
34091	C	0.3333
34092	C	0.3333
34093	A	0.3333
34094	A	0.6667
34095	C	0.6667
34096	A	0.6667
34097	G	0.6667
34098	G	0.6667
34099	C	1.0000
34100	C	0.6667
34101	T	0.3333
34102	G	0.3333
34103	C	0.6667
34104	C	0.3333
34105	G	0.6667
34106	A	0.6667
34107	G	0.6667
34108	G	0.6667
34109	C	0.6667
34110	G	0.6667
34111	A	0.3333
34112	T	0.3333
34113	T	0.6667
34114	G	0.3333
34115	C	0.6667
34116	C	0.6667
34117	C	0.6667
34118	G	0.3333
34119	G	0.6667
34120	G	0.3333
34121	C	0.6667
34122	G	0.6667
34123	G	0.6667
34124	A	0.3333
34125	A	1.0000
34126	G	0.3333
34127	A	0.3333
34128	A	0.6667
34129	G	0.6667
34130	T	1.0000
34131	G	0.6667
34132	G	0.6667
34133	T	0.6667
34134	G	0.6667
34135	T	1.0000
34136	T	0.6667
34137	G	0.6667
34138	T	0.6667
34139	G	0.6667
34140	G	0.6667
34141	C	0.6667
34142	T	0.6667
34143	G	0.6667
34144	T	0.6667
34145	C	0.6667
34146	C	0.3333
34147	G	0.3333
34148	G	0.6667
34149	G	1.0000
34150	A	0.3333
34151	T	0.3333
34152	T	0.6667
34153	A	0.3333
34154	T	0.3333
34155	C	0.3333
34156	T	0.6667
34157	A	0.3333
34158	A	0.6667
34159	G	0.6667
34160	C	0.3333
34161	T	0.6667
34162	G	0.6667
34163	T	0.3333
34164	T	0.3333
34165	C	0.3333
34166	G	0.6667
34167	G	0.6667
34168	C	0.3333
34169	C	0.6667
34170	G	1.0000
34171	G	0.6667
34172	A	0.6667
34173	T	0.3333
34174	A	0.6667
34175	C	0.3333
34176	T	0.6667
34177	C	0.6667
34178	C	0.6667
34179	T	0.3333
34180	A	0.3333
34181	T	0.3333
34182	T	0.3333
34183	A	0.6667
34184	C	0.3333
34185	T	0.3333
34186	G	0.3333
34187	A	0.6667
34188	A	0.3333
34189	G	1.0000
34190	C	0.6667
34191	G	0.3333
34192	T	0.6667
34193	C	0.3333
34194	G	1.0000
34195	A	0.3333
34196	A	0.3333
34197	A	0.3333
34198	A	0.6667
34199	G	0.6667
34200	T	0.6667
34201	A	0.6667
34202	A	1.0000
34203	C	0.3333
34204	A	0.6667
34205	C	0.6667
34206	G	0.3333
34207	C	0.3333
34208	T	0.3333
34209	G	0.3333
34210	A	0.6667
34211	C	0.3333
34212	T	0.6667
34213	G	0.6667
34214	C	0.6667
34215	T	0.3333
34216	G	0.6667
34217	A	0.6667
34218	C	0.6667
34219	A	0.6667
34220	T	0.6667
34221	T	0.3333
34222	T	0.6667
34223	T	0.6667
34224	G	0.6667
34225	T	0.3333
34226	C	1.0000
34227	T	0.3333
34228	G	0.3333
34229	C	0.6667
34230	G	0.3333
34231	G	0.3333
34232	G	1.0000
34233	A	0.6667
34234	A	0.6667
34235	A	0.3333
34236	G	0.3333
34237	T	0.3333
34238	C	0.6667
34239	T	0.3333
34240	T	0.3333
34241	C	0.6667
34242	A	0.6667
34243	A	1.0000
34244	C	0.3333
34245	G	0.6667
34246	G	0.6667
34247	C	0.6667
34248	G	0.6667
34249	T	0.6667
34250	G	0.3333
34251	C	0.6667
34252	T	0.3333
34253	G	0.6667
34254	A	0.6667
34255	A	0.6667
34256	C	1.0000
34257	T	0.3333
34258	T	0.3333
34259	T	0.6667
34260	G	0.6667
34261	C	0.6667
34262	C	0.3333
34263	C	0.6667
34264	A	0.6667
34265	C	0.6667
34266	A	0.6667
34267	G	0.6667
34268	A	0.6667
34269	C	0.3333
34270	T	0.3333
34271	G	1.0000
34272	G	0.3333
34273	C	0.6667
34274	G	0.6667
34275	C	0.6667
34276	G	0.3333
34277	T	0.6667
34278	G	0.6667
34279	A	0.6667
34280	G	0.3333
34281	A	0.6667
34282	T	0.3333
34283	A	0.6667
34284	G	0.3333
34285	G	0.3333
34286	G	0.6667
34287	A	0.6667
34288	G	1.0000
34289	A	0.6667
34290	C	0.3333
34291	C	0.6667
34292	C	0.6667
34293	A	0.6667
34294	T	0.6667
34295	C	0.3333
34296	T	0.3333
34297	G	0.3333
34298	G	0.3333
34299	C	0.6667
34300	G	0.6667
34301	G	0.6667
34302	G	0.3333
34303	C	0.6667
34304	C	0.3333
34305	A	0.3333
34306	T	0.3333
34307	G	0.3333
34308	C	0.3333
34309	G	0.6667
34310	A	0.6667
34311	G	0.6667
34312	C	0.3333
34313	C	0.3333
34314	A	0.6667
34315	G	0.3333
34316	G	0.6667
34317	A	0.6667
34318	T	0.3333
34319	G	0.3333
34320	A	0.3333
34321	C	0.6667
34322	A	0.6667
34323	T	0.6667
34324	C	0.6667
34325	C	0.3333
34326	A	0.6667
34327	A	0.6667
34328	C	0.3333
34329	G	0.6667
34330	G	0.6667
34331	A	0.6667
34332	T	0.6667
34333	A	0.6667
34334	T	0.3333
34335	G	0.6667
34336	T	0.6667
34337	C	0.6667
34338	G	0.3333
34339	A	0.6667
34340	C	0.6667
34341	T	0.6667
34342	G	0.3333
34343	G	0.6667
34344	C	0.6667
34345	A	0.3333
34346	C	0.3333
34347	C	0.3333
34348	G	0.3333
34349	T	0.3333
34350	G	0.6667
34351	T	0.3333
34352	T	0.3333
34353	T	0.6667
34354	A	0.6667
34355	C	0.3333
34356	C	0.6667
34357	G	0.6667
34358	C	0.6667
34359	A	0.6667
34360	A	0.6667
34361	T	0.6667
34362	C	0.6667
34363	A	1.0000
34364	T	0.3333
34365	T	0.3333
34366	A	0.3333
34367	T	0.3333
34368	A	0.6667
34369	T	0.3333
34370	G	0.6667
34371	C	0.6667
34372	A	0.3333
34373	A	0.6667
34374	G	0.6667
34375	A	1.0000
34376	T	0.6667
34377	A	0.3333
34378	T	0.6667
34379	C	0.6667
34380	C	0.3333
34381	A	0.6667
34382	G	0.3333
34383	C	0.3333
34384	T	0.3333
34385	G	0.3333
34386	T	0.6667
34387	T	0.6667
34388	C	0.6667
34389	A	0.6667
34390	T	0.6667
34391	G	0.3333
34392	C	0.6667
34393	A	0.6667
34394	T	0.6667
34395	T	0.3333
34396	G	0.6667
34397	T	0.6667
34398	T	0.3333
34399	C	0.3333
34400	C	0.3333
34401	G	0.6667
34402	T	0.6667
34403	T	0.6667
34404	C	0.3333
34405	T	0.6667
34406	G	0.6667
34407	A	1.0000
34408	C	0.3333
34409	G	1.0000
34410	C	0.6667
34411	A	0.6667
34412	C	0.6667
34413	A	0.6667
34414	C	0.3333
34415	T	0.3333
34416	G	0.3333
34417	T	1.0000
34418	T	0.6667
34419	G	0.6667
34420	A	0.6667
34421	C	0.6667
34422	A	0.6667
34423	G	0.3333
34424	C	0.3333
34425	C	0.6667
34426	T	0.3333
34427	G	1.0000
34428	T	0.6667
34429	T	0.3333
34430	T	0.3333
34431	T	0.3333
34432	T	0.3333
34433	T	0.3333
34434	T	0.6667
34435	G	0.6667
34436	C	0.6667
34437	G	0.3333
34438	A	0.6667
34439	T	0.6667
34440	G	0.6667
34441	C	0.3333
34442	G	0.6667
34443	G	0.3333
34444	A	0.6667
34445	T	0.3333
34446	A	0.6667
34447	T	0.6667
34448	T	0.6667
34449	G	0.6667
34450	A	0.3333
34451	T	0.6667
34452	C	0.6667
34453	C	0.6667
34454	G	0.6667
34455	T	0.6667
34456	G	0.6667
34457	T	0.3333
34458	G	0.6667
34459	A	0.6667
34460	T	0.6667
34461	A	0.6667
34462	A	0.6667
34463	C	0.6667
34464	A	0.6667
34465	G	0.6667
34466	A	0.6667
34467	T	0.6667
34468	T	0.6667
34469	G	0.6667
34470	C	0.3333
34471	C	0.6667
34472	T	0.6667
34473	G	0.6667
34474	T	0.6667
34475	C	0.6667
34476	C	0.3333
34477	G	0.6667
34478	C	0.3333
34479	C	0.3333
34480	G	0.3333
34481	G	0.3333
34482	A	0.6667
34483	A	0.6667
34484	T	0.6667
34485	G	0.3333
34486	G	0.6667
34487	G	0.6667
34488	G	0.3333
34489	A	0.3333
34490	A	0.6667
34491	G	0.6667
34492	A	0.3333
34493	G	0.6667
34494	C	0.6667
34495	A	0.3333
34496	G	0.6667
34497	G	0.3333
34498	A	0.6667
34499	T	0.6667
34500	G	1.0000
34501	A	0.3333
34502	G	0.6667
34503	A	0.6667
34504	G	0.3333
34505	G	0.3333
34506	C	0.3333
34507	C	0.3333
34508	G	1.0000
34509	G	0.3333
34510	A	0.6667
34511	T	0.3333
34512	G	0.6667
34513	A	0.6667
34514	G	0.6667
34515	G	0.3333
34516	A	0.3333
34517	C	0.6667
34518	A	0.3333
34519	A	0.3333
34520	A	0.6667
34521	A	0.6667
34522	T	0.6667
34523	G	1.0000
34524	C	0.6667
34525	T	0.3333
34526	G	0.6667
34527	A	0.3333
34528	T	0.6667
34529	G	0.3333
34530	C	0.6667
34531	C	0.6667
34532	G	0.6667
34533	A	0.3333
34534	A	0.3333
34535	A	0.3333
34536	G	0.3333
34537	C	0.6667
34538	G	0.6667
34539	G	0.6667
34540	A	0.6667
34541	A	0.3333
34542	G	0.6667
34543	A	0.6667
34544	A	0.6667
34545	C	0.3333
34546	T	0.6667
34547	T	0.3333
34548	G	0.3333
34549	C	0.3333
34550	C	0.3333
34551	G	0.6667
34552	G	0.6667
34553	A	0.3333
34554	G	0.6667
34555	T	0.6667
34556	C	1.0000
34557	G	0.6667
34558	T	0.6667
34559	C	0.3333
34560	C	0.6667
34561	G	0.3333
34562	G	0.6667
34563	T	0.3333
34564	T	0.3333
34565	C	0.3333
34566	G	0.6667
34567	G	0.3333
34568	T	0.3333
34569	G	0.6667
34570	G	0.6667
34571	G	0.6667
34572	G	0.6667
34573	A	0.3333
34574	C	0.3333
34575	G	1.0000
34576	G	0.6667
34577	A	1.0000
34578	G	0.3333
34579	G	0.6667
34580	G	1.0000
34581	C	0.3333
34582	G	0.3333
34583	C	0.3333
34584	G	0.6667
34585	A	1.0000
34586	A	0.6667
34587	G	0.6667
34588	A	0.6667
34589	G	0.6667
34590	T	0.3333
34591	T	0.3333
34592	A	0.6667
34593	T	0.3333
34594	C	0.3333
34595	G	0.3333
34596	T	0.6667
34597	C	0.3333
34598	C	0.6667
34599	G	0.3333
34600	C	0.6667
34601	G	1.0000
34602	T	0.6667
34603	A	0.6667
34604	T	0.6667
34605	G	0.3333
34606	A	0.6667
34607	G	0.3333
34608	G	0.3333
34609	A	0.6667
34610	G	0.6667
34611	G	0.6667
34612	C	0.6667
34613	T	0.3333
34614	G	0.6667
34615	T	1.0000
34616	A	0.6667
34617	A	0.6667
34618	T	1.0000
34619	G	0.3333
34620	G	0.3333
34621	T	0.6667
34622	A	0.6667
34623	G	0.3333
34624	A	0.3333
34625	T	0.3333
34626	G	0.6667
34627	T	0.6667
34628	T	1.0000
34629	G	0.6667
34630	C	0.6667
34631	C	0.6667
34632	G	1.0000
34633	C	0.3333
34634	A	0.3333
34635	T	0.3333
34636	T	0.3333
34637	A	0.3333
34638	A	0.6667
34639	T	1.0000
34640	G	0.3333
34641	A	0.6667
34642	T	0.3333
34643	G	0.3333
34644	G	0.6667
34645	C	0.3333
34646	A	0.6667
34647	T	0.3333
34648	C	0.6667
34649	A	0.6667
34650	G	1.0000
34651	C	0.6667
34652	A	0.6667
34653	G	0.3333
34654	G	0.3333
34655	G	1.0000
34656	C	0.6667
34657	T	0.6667
34658	T	0.3333
34659	C	0.3333
34660	C	0.3333
34661	G	0.6667
34662	A	0.6667
34663	G	0.3333
34664	A	0.6667
34665	G	0.3333
34666	G	0.3333
34667	T	1.0000
34668	G	0.6667
34669	T	0.3333
34670	G	0.6667
34671	A	0.3333
34672	G	0.3333
34673	A	0.3333
34674	T	0.6667
34675	C	0.6667
34676	T	0.6667
34677	G	0.6667
34678	A	0.6667
34679	C	0.3333
34680	C	0.3333
34681	C	0.3333
34682	A	0.6667
34683	G	0.6667
34684	A	0.6667
34685	A	0.6667
34686	G	0.6667
34687	G	0.3333
34688	T	0.6667
34689	A	0.6667
34690	G	0.6667
34691	G	0.3333
34692	T	0.3333
34693	A	0.6667
34694	A	0.3333
34695	T	0.3333
34696	C	0.6667
34697	T	0.3333
34698	G	0.6667
34699	G	0.6667
34700	T	1.0000
34701	G	0.6667
34702	A	0.6667
34703	T	1.0000
34704	T	0.6667
34705	G	0.3333
34706	A	1.0000
34707	A	0.6667
34708	C	0.3333
34709	T	0.3333
34710	T	0.6667
34711	A	0.3333
34712	G	0.3333
34713	T	0.6667
34714	G	0.6667
34715	A	0.6667
34716	G	0.3333
34717	G	0.3333
34718	A	0.6667
34719	A	0.6667
34720	G	0.3333
34721	C	0.3333
34722	T	0.6667
34723	G	0.3333
34724	T	0.3333
34725	C	0.3333
34726	C	1.0000
34727	G	0.6667
34728	T	0.3333
34729	T	0.6667
34730	T	0.6667
34731	C	0.3333
34732	G	0.3333
34733	A	0.3333
34734	T	0.3333
34735	G	0.3333
34736	A	0.3333
34737	G	0.6667
34738	C	0.6667
34739	A	0.6667
34740	G	0.6667
34741	A	0.6667
34742	T	0.3333
34743	G	0.3333
34744	A	0.6667
34745	T	0.6667
34746	C	0.6667
34747	C	0.6667
34748	G	0.6667
34749	G	1.0000
34750	G	0.3333
34751	T	0.6667
34752	A	0.3333
34753	A	0.6667
34754	G	0.6667
34755	G	0.3333
34756	C	0.6667
34757	G	0.6667
34758	T	0.3333
34759	C	0.3333
34760	A	0.3333
34761	G	0.6667
34762	T	0.3333
34763	T	0.6667
34764	T	0.3333
34765	A	0.6667
34766	C	0.6667
34767	A	0.6667
34768	G	0.3333
34769	C	0.6667
34770	A	0.6667
34771	C	0.3333
34772	T	0.3333
34773	G	0.3333
34774	G	0.3333
34775	A	0.3333
34776	T	0.3333
34777	A	0.3333
34778	C	0.3333
34779	C	0.3333
34780	G	0.3333
34781	A	0.6667
34782	C	0.6667
34783	G	0.6667
34784	C	0.6667
34785	C	0.3333
34786	A	0.6667
34787	G	0.3333
34788	A	0.6667
34789	A	0.6667
34790	A	0.6667
34791	A	0.6667
34792	A	0.6667
34793	C	0.6667
34794	C	0.6667
34795	G	0.6667
34796	C	1.0000
34797	G	0.6667
34798	A	0.3333
34799	G	0.3333
34800	T	0.3333
34801	G	0.6667
34802	C	0.6667
34803	T	0.3333
34804	C	0.6667
34805	A	0.6667
34806	T	0.6667
34807	T	0.6667
34808	A	0.6667
34809	A	0.6667
34810	G	0.6667
34811	A	0.3333
34812	A	0.6667
34813	T	0.6667
34814	G	0.3333
34815	T	0.6667
34816	C	0.3333
34817	T	0.3333
34818	G	0.3333
34819	A	0.6667
34820	G	0.3333
34821	C	0.3333
34822	A	0.6667
34823	G	0.3333
34824	C	0.3333
34825	C	0.6667
34826	A	0.3333
34827	G	0.3333
34828	G	0.3333
34829	C	0.3333
34830	G	1.0000
34831	G	0.6667
34832	T	1.0000
34833	G	0.3333
34834	G	0.3333
34835	C	0.3333
34836	T	0.3333
34837	G	0.6667
34838	T	0.6667
34839	A	0.3333
34840	T	0.6667
34841	A	0.3333
34842	A	0.6667
34843	G	0.6667
34844	A	0.3333
34845	A	0.3333
34846	G	0.6667
34847	C	0.3333
34848	C	0.3333
34849	G	0.3333
34850	G	0.6667
34851	G	0.6667
34852	A	0.6667
34853	T	0.6667
34854	G	0.6667
34855	T	0.3333
34856	C	0.3333
34857	C	0.3333
34858	G	0.6667
34859	T	0.6667
34860	C	1.0000
34861	G	0.3333
34862	G	0.6667
34863	G	0.6667
34864	A	0.6667
34865	C	0.6667
34866	G	0.3333
34867	T	0.6667
34868	A	0.3333
34869	T	0.3333
34870	A	0.3333
34871	A	0.3333
34872	A	0.6667
34873	G	0.3333
34874	C	0.3333
34875	A	0.6667
34876	G	0.3333
34877	C	1.0000
34878	C	0.6667
34879	G	0.6667
34880	G	0.6667
34881	G	0.6667
34882	A	0.6667
34883	G	0.6667
34884	A	1.0000
34885	A	0.6667
34886	C	0.6667
34887	C	0.6667
34888	C	0.6667
34889	T	0.3333
34890	G	1.0000
34891	G	0.6667
34892	C	0.6667
34893	G	0.6667
34894	A	0.6667
34895	C	0.3333
34896	A	0.6667
34897	C	0.3333
34898	A	0.3333
34899	G	0.6667
34900	G	0.6667
34901	T	0.6667
34902	T	0.3333
34903	A	0.6667
34904	C	0.3333
34905	G	0.3333
34906	G	0.3333
34907	A	0.6667
34908	G	0.6667
34909	A	0.3333
34910	T	0.3333
34911	C	0.6667
34912	G	0.6667
34913	C	0.3333
34914	C	0.6667
34915	T	0.6667
34916	C	0.3333
34917	G	0.6667
34918	C	0.6667
34919	C	0.6667
34920	G	0.3333
34921	C	0.6667
34922	C	0.6667
34923	T	0.6667
34924	G	0.6667
34925	C	0.6667
34926	A	0.6667
34927	C	0.6667
34928	G	0.6667
34929	T	0.3333
34930	G	0.6667
34931	G	0.3333
34932	A	0.6667
34933	C	0.3333
34934	A	0.3333
34935	G	0.3333
34936	T	0.6667
34937	A	0.3333
34938	T	0.3333
34939	C	0.3333
34940	C	0.3333
34941	C	0.3333
34942	T	0.3333
34943	G	0.3333
34944	G	1.0000
34945	C	0.6667
34946	T	1.0000
34947	G	0.6667
34948	A	0.3333
34949	T	0.3333
34950	C	0.6667
34951	C	0.3333
34952	T	0.3333
34953	G	0.3333
34954	C	0.6667
34955	T	0.6667
34956	G	0.3333
34957	C	0.6667
34958	A	0.3333
34959	G	0.6667
34960	C	0.3333
34961	A	0.6667
34962	G	0.3333
34963	G	0.3333
34964	G	0.3333
34965	C	0.6667
34966	G	0.6667
34967	G	0.3333
34968	T	0.3333
34969	C	0.3333
34970	A	0.3333
34971	G	0.6667
34972	G	0.3333
34973	T	1.0000
34974	G	0.6667
34975	A	0.6667
34976	A	0.3333
34977	G	0.6667
34978	C	0.6667
34979	A	0.6667
34980	C	0.3333
34981	T	0.6667
34982	C	0.3333
34983	G	0.6667
34984	T	0.3333
34985	T	0.6667
34986	G	0.6667
34987	T	0.6667
34988	A	0.6667
34989	C	0.3333
34990	G	0.6667
34991	T	0.6667
34992	G	0.6667
34993	A	0.6667
34994	A	0.6667
34995	G	0.6667
34996	A	0.6667
34997	T	0.3333
34998	C	0.6667
34999	C	0.3333
35000	C	0.3333
35001	C	0.3333
35002	T	0.6667
35003	T	1.0000
35004	G	0.6667
35005	C	0.6667
35006	G	0.6667
35007	C	0.3333
35008	T	0.6667
35009	G	0.6667
35010	A	0.6667
35011	A	0.6667
35012	G	0.6667
35013	G	0.6667
35014	C	0.3333
35015	T	0.3333
35016	T	0.3333
35017	G	0.6667
35018	T	0.6667
35019	C	0.3333
35020	A	0.6667
35021	G	0.3333
35022	G	0.6667
35023	G	0.6667
35024	A	0.6667
35025	A	0.6667
35026	A	0.6667
35027	G	0.6667
35028	T	0.6667
35029	G	0.6667
35030	G	0.6667
35031	C	0.6667
35032	T	0.6667
35033	T	0.6667
35034	G	0.6667
35035	A	0.6667
35036	C	0.3333
35037	G	0.3333
35038	T	0.6667
35039	G	0.6667
35040	G	0.3333
35041	G	0.6667
35042	T	0.6667
35043	C	0.6667
35044	G	0.6667
35045	G	0.3333
35046	A	0.6667
35047	G	0.3333
35048	T	0.3333
35049	C	0.3333
35050	A	1.0000
35051	C	0.6667
35052	C	0.3333
35053	T	1.0000
35054	C	0.6667
35055	G	0.3333
35056	C	0.6667
35057	T	1.0000
35058	G	0.6667
35059	G	0.3333
35060	C	0.6667
35061	G	0.6667
35062	G	0.6667
35063	T	0.6667
35064	G	0.6667
35065	G	0.3333
35066	A	0.6667
35067	G	0.3333
35068	A	0.6667
35069	C	1.0000
35070	A	1.0000
35071	G	0.6667
35072	G	0.6667
35073	T	0.3333
35074	G	0.6667
35075	C	0.6667
35076	G	0.3333
35077	A	0.6667
35078	T	1.0000
35079	G	0.6667
35080	G	0.3333
35081	T	0.6667
35082	G	0.6667
35083	T	0.3333
35084	A	0.3333
35085	G	0.6667
35086	G	0.3333
35087	T	0.6667
35088	G	0.6667
35089	C	0.6667
35090	G	0.3333
35091	G	0.3333
35092	T	0.3333
35093	A	0.6667
35094	C	0.3333
35095	C	1.0000
35096	G	0.6667
35097	G	0.3333
35098	T	0.6667
35099	G	0.6667
35100	A	0.3333
35101	T	0.6667
35102	A	0.3333
35103	C	0.6667
35104	T	0.3333
35105	C	0.3333
35106	C	0.6667
35107	A	1.0000
35108	C	0.3333
35109	G	0.6667
35110	C	0.3333
35111	T	1.0000
35112	T	0.3333
35113	T	0.3333
35114	C	0.3333
35115	G	0.6667
35116	G	0.6667
35117	C	0.6667
35118	G	0.6667
35119	T	0.3333
35120	T	0.6667
35121	A	0.6667
35122	G	0.6667
35123	A	1.0000
35124	T	0.3333
35125	A	0.6667
35126	G	0.6667
35127	A	0.3333
35128	A	0.6667
35129	C	0.3333
35130	T	0.6667
35131	C	0.6667
35132	T	0.3333
35133	G	0.3333
35134	G	0.3333
35135	G	0.6667
35136	G	0.6667
35137	C	0.6667
35138	T	0.6667
35139	T	0.3333
35140	T	0.3333
35141	C	0.6667
35142	C	0.6667
35143	G	0.3333
35144	G	0.3333
35145	G	0.6667
35146	A	0.6667
35147	G	0.6667
35148	T	0.3333
35149	A	0.6667
35150	A	0.6667
35151	G	0.3333
35152	T	0.6667
35153	G	0.6667
35154	C	1.0000
35155	G	0.3333
35156	G	1.0000
35157	T	0.6667
35158	C	0.3333
35159	T	1.0000
35160	G	0.6667
35161	A	0.3333
35162	C	1.0000
35163	A	0.6667
35164	G	0.6667
35165	C	0.3333
35166	C	0.3333
35167	A	0.6667
35168	A	0.6667
35169	T	0.3333
35170	C	0.3333
35171	G	0.6667
35172	T	0.6667
35173	T	0.6667
35174	T	0.3333
35175	G	0.3333
35176	C	0.3333
35177	T	0.6667
35178	A	0.6667
35179	A	0.6667
35180	C	0.6667
35181	T	0.3333
35182	G	0.6667
35183	T	0.3333
35184	C	0.6667
35185	T	0.3333
35186	T	0.6667
35187	A	0.6667
35188	A	0.6667
35189	G	1.0000
35190	A	0.6667
35191	A	0.6667
35192	T	0.6667
35193	C	0.3333
35194	G	0.3333
35195	G	0.3333
35196	G	0.6667
35197	C	0.6667
35198	A	0.3333
35199	A	0.6667
35200	G	0.3333
35201	C	0.3333
35202	A	0.6667
35203	A	0.6667
35204	C	1.0000
35205	A	0.6667
35206	G	0.6667
35207	G	0.3333
35208	G	0.6667
35209	C	0.6667
35210	T	0.3333
35211	G	1.0000
35212	C	0.6667
35213	C	0.3333
35214	G	0.6667
35215	T	0.3333
35216	T	0.6667
35217	A	0.6667
35218	A	0.6667
35219	A	0.6667
35220	G	0.6667
35221	C	0.3333
35222	A	0.6667
35223	G	0.6667
35224	G	0.6667
35225	C	0.3333
35226	G	0.6667
35227	A	0.3333
35228	G	0.6667
35229	G	0.6667
35230	G	0.6667
35231	A	0.6667
35232	G	0.6667
35233	T	0.6667
35234	C	0.6667
35235	A	0.6667
35236	C	0.6667
35237	T	0.6667
35238	G	0.6667
35239	G	0.6667
35240	A	0.6667
35241	A	0.6667
35242	G	0.6667
35243	C	0.6667
35244	C	0.3333
35245	C	0.3333
35246	T	0.6667
35247	G	0.3333
35248	G	0.6667
35249	T	0.6667
35250	G	0.3333
35251	A	0.6667
35252	G	0.6667
35253	T	0.3333
35254	G	0.3333
35255	C	0.3333
35256	A	0.6667
35257	G	0.3333
35258	A	0.6667
35259	T	0.3333
35260	G	0.3333
35261	T	0.3333
35262	G	0.6667
35263	C	1.0000
35264	G	0.3333
35265	G	0.6667
35266	G	0.6667
35267	G	0.3333
35268	T	0.6667
35269	G	0.3333
35270	G	0.6667
35271	T	0.6667
35272	G	0.6667
35273	A	0.6667
35274	A	0.6667
35275	A	0.6667
35276	A	0.3333
35277	T	0.6667
35278	T	1.0000
35279	T	1.0000
35280	G	0.6667
35281	G	0.3333
35282	T	0.6667
35283	G	0.6667
35284	C	0.6667
35285	C	0.6667
35286	C	0.6667
35287	A	0.6667
35288	T	0.6667
35289	C	0.6667
35290	A	1.0000
35291	C	0.6667
35292	C	0.6667
35293	C	0.3333
35294	A	0.3333
35295	G	0.3333
35296	A	0.6667
35297	C	0.6667
35298	T	0.6667
35299	G	0.3333
35300	A	0.6667
35301	C	0.3333
35302	G	0.3333
35303	A	0.6667
35304	G	1.0000
35305	C	0.6667
35306	G	0.3333
35307	T	0.3333
35308	T	0.3333
35309	T	0.6667
35310	T	0.3333
35311	G	0.3333
35312	C	0.6667
35313	G	0.3333
35314	T	0.6667
35315	C	0.6667
35316	T	0.3333
35317	A	0.6667
35318	C	0.3333
35319	A	0.3333
35320	T	0.6667
35321	C	0.3333
35322	C	0.6667
35323	G	0.3333
35324	G	0.6667
35325	T	0.6667
35326	A	0.6667
35327	T	0.6667
35328	G	0.3333
35329	C	0.6667
35330	A	0.3333
35331	G	0.3333
35332	G	0.6667
35333	T	1.0000
35334	G	0.6667
35335	A	0.6667
35336	A	0.6667
35337	T	0.3333
35338	A	0.3333
35339	A	0.6667
35340	A	0.3333
35341	G	0.3333
35342	T	0.6667
35343	C	0.3333
35344	G	0.6667
35345	C	0.6667
35346	T	0.3333
35347	G	0.3333
35348	A	0.6667
35349	A	0.3333
35350	G	0.3333
35351	G	0.6667
35352	C	0.6667
35353	T	0.3333
35354	T	0.3333
35355	G	0.6667
35356	G	0.6667
35357	G	0.6667
35358	G	0.3333
35359	A	0.6667
35360	A	0.3333
35361	G	0.6667
35362	C	0.3333
35363	T	0.3333
35364	G	0.3333
35365	A	0.6667
35366	C	0.6667
35367	C	0.6667
35368	G	0.6667
35369	C	0.6667
35370	T	0.6667
35371	G	0.6667
35372	A	0.3333
35373	C	0.3333
35374	C	0.6667
35375	C	0.3333
35376	T	0.6667
35377	T	0.6667
35378	T	0.6667
35379	G	0.3333
35380	T	0.6667
35381	C	0.3333
35382	G	0.6667
35383	G	0.6667
35384	G	0.3333
35385	C	0.6667
35386	C	0.6667
35387	T	0.6667
35388	G	0.3333
35389	A	0.3333
35390	T	0.6667
35391	G	1.0000
35392	G	0.6667
35393	T	0.6667
35394	G	0.6667
35395	A	0.3333
35396	T	1.0000
35397	G	0.6667
35398	G	0.6667
35399	C	0.6667
35400	G	0.3333
35401	C	0.3333
35402	G	0.6667
35403	C	0.6667
35404	C	0.6667
35405	A	0.6667
35406	G	0.6667
35407	T	0.3333
35408	T	0.3333
35409	C	0.6667
35410	C	0.3333
35411	G	0.6667
35412	A	0.6667
35413	A	0.6667
35414	A	0.3333
35415	C	0.3333
35416	G	0.3333
35417	T	0.6667
35418	G	0.3333
35419	A	1.0000
35420	C	0.6667
35421	G	0.6667
35422	G	0.3333
35423	C	0.3333
35424	A	0.6667
35425	G	0.6667
35426	A	0.3333
35427	G	0.6667
35428	C	0.6667
35429	A	0.6667
35430	G	0.3333
35431	A	0.3333
35432	T	0.6667
35433	T	0.3333
35434	G	0.3333
35435	C	0.6667
35436	G	0.6667
35437	T	0.6667
35438	A	0.3333
35439	T	0.6667
35440	G	0.3333
35441	T	0.3333
35442	T	0.3333
35443	G	0.3333
35444	C	0.6667
35445	A	0.6667
35446	C	0.3333
35447	A	0.6667
35448	A	1.0000
35449	T	0.6667
35450	T	0.3333
35451	G	0.6667
35452	G	0.6667
35453	T	0.6667
35454	G	0.6667
35455	C	0.3333
35456	C	0.6667
35457	G	0.6667
35458	T	0.6667
35459	C	0.3333
35460	C	0.3333
35461	A	0.6667
35462	G	0.3333
35463	A	0.3333
35464	G	0.3333
35465	A	0.3333
35466	C	0.3333
35467	G	0.3333
35468	A	0.6667
35469	G	0.3333
35470	G	0.3333
35471	C	0.6667
35472	C	0.6667
35473	G	0.3333
35474	G	0.6667
35475	G	0.6667
35476	G	0.3333
35477	C	0.6667
35478	A	0.6667
35479	T	0.6667
35480	T	0.6667
35481	G	0.6667
35482	A	0.6667
35483	A	0.6667
35484	G	0.6667
35485	G	0.3333
35486	T	0.6667
35487	A	0.6667
35488	G	0.3333
35489	C	0.6667
35490	G	1.0000
35491	A	0.6667
35492	T	0.6667
35493	C	0.6667
35494	G	0.3333
35495	A	0.6667
35496	T	0.6667
35497	A	0.6667
35498	G	0.6667
35499	C	0.6667
35500	G	0.6667
35501	A	0.6667
35502	C	0.3333
35503	A	0.3333
35504	C	0.3333
35505	G	0.6667
35506	A	0.3333
35507	A	1.0000
35508	A	0.6667
35509	G	0.3333
35510	G	0.3333
35511	C	0.3333
35512	T	0.3333
35513	T	0.6667
35514	T	0.6667
35515	G	0.3333
35516	A	0.6667
35517	T	0.6667
35518	G	0.6667
35519	A	0.6667
35520	G	0.3333
35521	G	0.6667
35522	A	0.3333
35523	A	0.6667
35524	A	0.6667
35525	C	0.3333
35526	C	0.3333
35527	A	0.6667
35528	G	0.3333
35529	T	0.6667
35530	C	0.6667
35531	G	0.6667
35532	C	0.3333
35533	C	0.3333
35534	T	0.3333
35535	G	0.3333
35536	A	0.6667
35537	A	0.3333
35538	A	0.3333
35539	G	0.6667
35540	T	0.6667
35541	A	0.3333
35542	A	1.0000
35543	A	0.6667
35544	C	0.3333
35545	A	0.3333
35546	T	0.3333
35547	G	0.3333
35548	G	0.3333
35549	G	0.3333
35550	C	0.6667
35551	A	0.3333
35552	C	0.6667
35553	A	0.3333
35554	C	0.6667
35555	T	0.6667
35556	A	0.6667
35557	G	0.3333
35558	A	0.6667
35559	A	0.6667
35560	C	0.6667
35561	C	0.6667
35562	C	0.6667
35563	T	0.6667
35564	G	0.6667
35565	G	0.6667
35566	G	0.3333
35567	C	0.3333
35568	A	0.6667
35569	G	0.6667
35570	A	0.6667
35571	T	0.6667
35572	A	0.3333
35573	A	0.6667
35574	A	0.6667
35575	A	0.6667
35576	C	0.6667
35577	A	1.0000
35578	G	0.6667
35579	G	1.0000
35580	G	1.0000
35581	T	0.6667
35582	A	0.3333
35583	G	0.6667
35584	G	0.3333
35585	G	0.6667
35586	A	0.3333
35587	T	0.3333
35588	T	0.3333
35589	C	0.6667
35590	T	0.6667
35591	A	0.3333
35592	A	1.0000
35593	T	0.6667
35594	C	0.6667
35595	G	0.3333
35596	A	0.6667
35597	T	0.6667
35598	G	0.3333
35599	C	0.6667
35600	C	0.6667
35601	G	1.0000
35602	G	0.3333
35603	A	0.6667
35604	T	0.3333
35605	T	0.6667
35606	C	0.6667
35607	A	0.6667
35608	A	0.6667
35609	T	0.6667
35610	T	0.3333
35611	C	0.6667
35612	T	0.3333
35613	G	0.6667
35614	G	0.6667
35615	A	0.3333
35616	A	0.6667
35617	A	0.6667
35618	T	0.3333
35619	A	0.6667
35620	G	0.3333
35621	T	0.6667
35622	T	0.6667
35623	C	0.3333
35624	G	0.6667
35625	T	0.3333
35626	C	0.6667
35627	C	0.3333
35628	T	0.3333
35629	A	0.6667
35630	A	0.6667
35631	A	0.6667
35632	T	0.6667
35633	C	0.6667
35634	C	0.3333
35635	T	0.3333
35636	C	0.3333
35637	A	1.0000
35638	G	0.6667
35639	A	0.6667
35640	G	0.3333
35641	G	0.3333
35642	A	0.3333
35643	T	0.6667
35644	A	0.3333
35645	T	0.6667
35646	G	0.3333
35647	C	0.3333
35648	T	0.3333
35649	C	0.6667
35650	G	0.6667
35651	C	0.3333
35652	C	0.3333
35653	A	1.0000
35654	G	0.3333
35655	A	0.6667
35656	G	0.3333
35657	C	0.6667
35658	A	0.6667
35659	C	0.3333
35660	C	0.6667
35661	G	0.3333
35662	A	0.6667
35663	A	0.3333
35664	G	1.0000
35665	G	0.3333
35666	C	0.3333
35667	C	0.6667
35668	T	0.3333
35669	T	0.3333
35670	T	0.3333
35671	T	0.6667
35672	A	0.6667
35673	C	0.6667
35674	G	0.6667
35675	A	0.3333
35676	G	0.6667
35677	A	0.6667
35678	A	0.6667
35679	G	0.3333
35680	G	0.3333
35681	A	0.3333
35682	G	0.6667
35683	A	0.3333
35684	A	0.6667
35685	A	0.3333
35686	A	0.3333
35687	A	0.6667
35688	T	0.6667
35689	T	0.6667
35690	G	0.3333
35691	G	0.6667
35692	T	0.6667
35693	A	0.3333
35694	G	0.3333
35695	T	0.3333
35696	G	0.6667
35697	G	0.3333
35698	T	0.3333
35699	A	0.3333
35700	C	0.6667
35701	C	0.3333
35702	A	0.6667
35703	G	0.3333
35704	A	0.6667
35705	G	0.6667
35706	A	0.6667
35707	C	0.6667
35708	G	0.6667
35709	T	0.6667
35710	A	0.6667
35711	G	0.3333
35712	C	0.6667
35713	C	0.6667
35714	A	0.3333
35715	G	0.6667
35716	T	0.6667
35717	G	0.3333
35718	C	0.3333
35719	C	0.3333
35720	G	0.3333
35721	G	0.3333
35722	G	0.3333
35723	G	0.3333
35724	C	0.6667
35725	A	0.6667
35726	A	0.6667
35727	G	0.6667
35728	T	0.6667
35729	G	0.6667
35730	G	0.6667
35731	T	1.0000
35732	T	0.6667
35733	C	0.3333
35734	T	0.6667
35735	A	0.6667
35736	T	0.3333
35737	T	0.3333
35738	A	0.6667
35739	T	0.6667
35740	C	0.3333
35741	G	0.6667
35742	T	0.6667
35743	G	0.6667
35744	C	0.3333
35745	G	0.3333
35746	A	1.0000
35747	G	0.6667
35748	C	0.3333
35749	C	0.3333
35750	T	0.3333
35751	T	0.3333
35752	C	0.3333
35753	A	0.3333
35754	G	0.3333
35755	G	0.3333
35756	G	0.3333
35757	G	0.6667
35758	G	0.3333
35759	C	1.0000
35760	A	0.3333
35761	T	0.3333
35762	G	0.6667
35763	A	0.6667
35764	G	0.3333
35765	A	0.6667
35766	G	0.6667
35767	G	0.3333
35768	A	0.3333
35769	C	0.3333
35770	C	0.3333
35771	T	0.6667
35772	G	0.6667
35773	G	0.3333
35774	A	0.6667
35775	A	0.3333
35776	A	0.6667
35777	A	0.6667
35778	T	0.3333
35779	G	1.0000
35780	C	0.3333
35781	C	0.6667
35782	C	0.3333
35783	C	0.6667
35784	T	0.6667
35785	C	1.0000
35786	T	0.6667
35787	G	0.6667
35788	G	1.0000
35789	G	0.6667
35790	T	0.3333
35791	C	0.3333
35792	T	0.6667
35793	A	0.6667
35794	G	0.3333
35795	A	0.6667
35796	A	0.6667
35797	G	0.3333
35798	C	0.6667
35799	A	0.6667
35800	G	0.3333
35801	C	0.3333
35802	C	0.3333
35803	A	0.6667
35804	G	0.6667
35805	G	0.3333
35806	C	0.3333
35807	T	0.6667
35808	G	0.6667
35809	C	0.6667
35810	A	0.6667
35811	G	0.6667
35812	T	0.3333
35813	C	0.6667
35814	G	0.3333
35815	G	0.6667
35816	A	0.3333
35817	T	0.6667
35818	A	0.3333
35819	T	0.3333
35820	C	0.6667
35821	G	0.3333
35822	A	0.3333
35823	A	0.3333
35824	A	0.3333
35825	A	0.6667
35826	A	1.0000
35827	G	0.3333
35828	C	0.3333
35829	C	0.3333
35830	C	0.6667
35831	A	0.6667
35832	T	0.6667
35833	G	0.6667
35834	C	0.6667
35835	A	0.6667
35836	C	0.3333
35837	T	0.3333
35838	G	0.3333
35839	G	0.6667
35840	C	0.3333
35841	C	0.6667
35842	G	0.6667
35843	C	0.3333
35844	A	0.6667
35845	A	0.6667
35846	G	0.3333
35847	G	0.3333
35848	G	0.6667
35849	A	0.3333
35850	C	0.3333
35851	A	0.6667
35852	G	0.3333
35853	G	1.0000
35854	G	0.3333
35855	G	0.6667
35856	T	0.6667
35857	G	0.6667
35858	C	0.6667
35859	G	0.6667
35860	C	0.3333
35861	G	0.6667
35862	T	1.0000
35863	G	0.3333
35864	A	1.0000
35865	G	0.3333
35866	T	1.0000
35867	C	0.3333
35868	G	0.3333
35869	T	0.3333
35870	C	0.3333
35871	A	0.3333
35872	C	0.6667
35873	A	0.3333
35874	G	0.6667
35875	C	0.6667
35876	T	0.3333
35877	G	0.6667
35878	A	0.6667
35879	A	0.6667
35880	G	0.6667
35881	T	0.3333
35882	A	0.3333
35883	T	0.3333
35884	A	0.6667
35885	A	0.6667
35886	C	0.3333
35887	G	0.6667
35888	G	0.3333
35889	A	0.3333
35890	G	0.3333
35891	A	0.3333
35892	A	0.6667
35893	T	0.6667
35894	C	0.3333
35895	G	0.6667
35896	C	0.6667
35897	A	0.6667
35898	A	0.6667
35899	G	0.6667
35900	A	0.6667
35901	C	0.6667
35902	G	0.6667
35903	G	0.6667
35904	A	0.6667
35905	T	1.0000
35906	A	0.3333
35907	T	0.6667
35908	G	0.6667
35909	C	0.6667
35910	G	0.3333
35911	C	0.3333
35912	T	0.6667
35913	C	0.3333
35914	C	0.6667
35915	T	0.3333
35916	G	0.6667
35917	C	0.3333
35918	A	0.6667
35919	G	0.6667
35920	C	0.6667
35921	C	0.6667
35922	G	0.3333
35923	C	0.6667
35924	G	0.6667
35925	G	0.6667
35926	T	0.6667
35927	G	0.6667
35928	G	0.6667
35929	T	0.6667
35930	A	0.6667
35931	T	0.6667
35932	A	0.6667
35933	A	0.3333
35934	A	1.0000
35935	A	0.6667
35936	A	0.6667
35937	T	0.3333
35938	A	0.6667
35939	C	0.3333
35940	C	0.3333
35941	A	0.6667
35942	C	0.6667
35943	C	0.3333
35944	G	0.6667
35945	G	0.3333
35946	T	0.6667
35947	C	0.6667
35948	A	1.0000
35949	G	0.3333
35950	A	0.6667
35951	G	0.6667
35952	A	0.6667
35953	G	0.3333
35954	A	0.3333
35955	G	0.6667
35956	C	0.6667
35957	T	0.6667
35958	G	1.0000
35959	A	0.6667
35960	A	0.6667
35961	T	0.6667
35962	A	0.3333
35963	A	0.3333
35964	A	0.6667
35965	G	0.3333
35966	C	0.3333
35967	C	0.6667
35968	C	0.6667
35969	A	0.6667
35970	G	0.6667
35971	A	1.0000
35972	A	0.6667
35973	C	0.6667
35974	G	0.6667
35975	A	0.3333
35976	C	0.3333
35977	G	0.6667
35978	C	0.6667
35979	A	0.6667
35980	A	0.3333
35981	A	0.6667
35982	A	0.6667
35983	A	0.3333
35984	T	0.3333
35985	C	0.6667
35986	C	0.3333
35987	G	0.6667
35988	A	0.6667
35989	C	0.3333
35990	T	0.6667
35991	G	0.3333
35992	G	0.3333
35993	C	0.3333
35994	G	0.6667
35995	G	0.3333
35996	A	0.6667
35997	C	0.6667
35998	T	0.6667
35999	A	0.6667
36000	C	0.3333
36001	C	0.6667
36002	A	1.0000
36003	C	0.6667
36004	A	0.6667
36005	C	0.3333
36006	G	0.3333
36007	C	0.3333
36008	T	0.6667
36009	G	0.6667
36010	A	0.6667
36011	T	0.3333
36012	C	0.6667
36013	C	0.6667
36014	C	0.3333
36015	G	0.3333
36016	T	0.6667
36017	C	0.3333
36018	A	0.6667
36019	T	0.6667
36020	C	0.3333
36021	A	0.6667
36022	C	0.6667
36023	A	0.3333
36024	C	0.6667
36025	A	0.6667
36026	A	0.6667
36027	G	0.3333
36028	G	0.6667
36029	A	0.3333
36030	T	0.3333
36031	A	0.6667
36032	A	0.3333
36033	T	0.3333
36034	G	0.6667
36035	A	0.6667
36036	A	0.6667
36037	T	0.3333
36038	C	0.3333
36039	G	0.6667
36040	A	0.6667
36041	C	0.6667
36042	G	0.3333
36043	T	0.6667
36044	C	0.6667
36045	G	0.3333
36046	G	0.6667
36047	A	0.6667
36048	A	0.6667
36049	A	0.6667
36050	A	0.3333
36051	G	0.3333
36052	C	0.6667
36053	C	0.3333
36054	G	0.3333
36055	T	1.0000
36056	C	0.3333
36057	C	0.6667
36058	G	0.3333
36059	G	0.3333
36060	T	0.6667
36061	G	0.3333
36062	T	0.6667
36063	G	0.6667
36064	T	0.6667
36065	A	1.0000
36066	A	0.6667
36067	G	0.6667
36068	T	1.0000
36069	T	0.6667
36070	A	0.6667
36071	C	0.3333
36072	T	0.6667
36073	G	0.6667
36074	C	1.0000
36075	C	0.3333
36076	G	0.3333
36077	G	0.6667
36078	A	0.6667
36079	G	0.3333
36080	A	1.0000
36081	G	0.3333
36082	C	0.6667
36083	C	0.6667
36084	C	0.3333
36085	C	0.3333
36086	A	0.3333
36087	G	0.6667
36088	T	0.6667
36089	A	0.3333
36090	T	0.6667
36091	G	0.6667
36092	A	0.6667
36093	A	0.6667
36094	C	0.6667
36095	T	0.6667
36096	G	1.0000
36097	G	0.3333
36098	C	0.3333
36099	G	0.3333
36100	C	0.3333
36101	A	0.3333
36102	A	0.6667
36103	G	1.0000
36104	G	0.6667
36105	A	0.3333
36106	G	0.6667
36107	C	0.6667
36108	C	0.3333
36109	C	0.6667
36110	T	0.6667
36111	G	0.6667
36112	C	0.6667
36113	T	0.3333
36114	G	0.3333
36115	G	1.0000
36116	C	0.6667
36117	T	0.6667
36118	C	0.3333
36119	T	0.6667
36120	T	0.6667
36121	G	0.6667
36122	A	0.3333
36123	A	0.6667
36124	A	0.3333
36125	C	0.6667
36126	C	0.6667
36127	G	0.6667
36128	C	0.6667
36129	G	0.3333
36130	G	0.6667
36131	T	0.3333
36132	C	0.3333
36133	A	0.6667
36134	G	0.6667
36135	G	0.3333
36136	A	0.6667
36137	C	0.6667
36138	G	0.6667
36139	C	0.6667
36140	T	0.3333
36141	G	0.3333
36142	T	0.6667
36143	G	0.6667
36144	A	0.6667
36145	C	0.6667
36146	A	0.3333
36147	A	0.6667
36148	G	0.6667
36149	A	0.6667
36150	C	0.3333
36151	A	0.3333
36152	T	0.6667
36153	C	0.3333
36154	G	0.6667
36155	C	0.6667
36156	G	0.6667
36157	G	0.3333
36158	T	0.3333
36159	G	0.6667
36160	A	0.3333
36161	C	0.6667
36162	T	0.3333
36163	G	1.0000
36164	A	1.0000
36165	G	0.6667
36166	A	0.3333
36167	A	0.6667
36168	A	0.6667
36169	A	0.6667
36170	T	0.3333
36171	C	0.3333
36172	A	0.3333
36173	G	0.6667
36174	A	0.6667
36175	C	0.6667
36176	A	0.3333
36177	G	0.3333
36178	C	0.6667
36179	A	0.3333
36180	G	0.6667
36181	C	0.6667
36182	G	0.3333
36183	T	0.6667
36184	C	0.6667
36185	G	0.3333
36186	G	1.0000
36187	G	0.3333
36188	A	0.6667
36189	T	0.6667
36190	T	1.0000
36191	T	0.3333
36192	A	0.6667
36193	G	0.6667
36194	G	0.6667
36195	G	0.6667
36196	G	0.6667
36197	A	0.3333
36198	A	0.3333
36199	G	0.6667
36200	C	0.3333
36201	G	0.3333
36202	G	0.6667
36203	A	0.6667
36204	A	0.6667
36205	A	0.6667
36206	A	0.6667
36207	T	1.0000
36208	C	0.6667
36209	A	0.3333
36210	G	0.3333
36211	T	0.6667
36212	A	0.3333
36213	A	0.6667
36214	G	0.6667
36215	T	0.3333
36216	A	0.6667
36217	G	0.6667
36218	T	0.6667
36219	C	0.6667
36220	C	0.3333
36221	T	0.6667
36222	G	0.3333
36223	A	0.6667
36224	A	0.6667
36225	A	0.3333
36226	G	0.3333
36227	A	0.3333
36228	G	1.0000
36229	G	0.6667
36230	C	0.6667
36231	C	0.3333
36232	G	0.3333
36233	C	0.3333
36234	C	0.6667
36235	A	0.6667
36236	G	0.6667
36237	A	0.6667
36238	A	0.6667
36239	G	0.6667
36240	A	0.6667
36241	C	0.6667
36242	G	0.6667
36243	G	0.3333
36244	C	0.3333
36245	G	0.6667
36246	G	0.3333
36247	T	0.3333
36248	T	0.3333
36249	A	0.3333
36250	T	1.0000
36251	C	0.6667
36252	T	0.3333
36253	G	0.3333
36254	A	0.6667
36255	T	0.6667
36256	C	0.3333
36257	A	0.3333
36258	G	0.3333
36259	G	0.6667
36260	A	0.6667
36261	A	0.6667
36262	A	0.6667
36263	C	0.6667
36264	G	0.6667
36265	C	0.6667
36266	A	0.6667
36267	C	0.6667
36268	C	0.6667
36269	T	0.6667
36270	C	0.6667
36271	C	0.3333
36272	T	0.3333
36273	C	0.6667
36274	G	0.6667
36275	C	0.3333
36276	C	0.3333
36277	C	0.6667
36278	A	0.3333
36279	T	0.3333
36280	G	0.6667
36281	A	0.6667
36282	G	0.3333
36283	A	0.6667
36284	A	0.6667
36285	A	0.3333
36286	G	0.3333
36287	A	0.6667
36288	T	0.6667
36289	A	0.3333
36290	G	0.6667
36291	G	0.6667
36292	C	0.3333
36293	T	0.3333
36294	A	0.6667
36295	G	0.3333
36296	A	0.3333
36297	G	0.3333
36298	T	0.3333
36299	A	0.6667
36300	G	0.6667
36301	A	0.3333
36302	A	0.6667
36303	T	0.6667
36304	C	0.3333
36305	G	0.6667
36306	A	0.6667
36307	A	0.6667
36308	A	0.3333
36309	G	0.6667
36310	C	0.3333
36311	T	0.6667
36312	G	0.3333
36313	T	0.6667
36314	C	0.6667
36315	C	0.6667
36316	G	0.3333
36317	A	0.6667
36318	C	0.6667
36319	C	0.6667
36320	T	0.6667
36321	G	0.3333
36322	G	0.3333
36323	G	0.6667
36324	C	0.3333
36325	G	0.3333
36326	A	0.3333
36327	C	0.6667
36328	A	0.6667
36329	A	0.3333
36330	G	0.6667
36331	A	0.3333
36332	T	0.3333
36333	T	0.3333
36334	G	1.0000
36335	A	0.3333
36336	A	0.3333
36337	C	0.3333
36338	A	0.6667
36339	C	0.6667
36340	C	0.3333
36341	A	0.3333
36342	G	0.3333
36343	A	0.3333
36344	A	0.6667
36345	T	0.6667
36346	C	0.3333
36347	G	0.3333
36348	G	0.6667
36349	C	0.3333
36350	T	0.3333
36351	A	0.6667
36352	A	0.6667
36353	A	0.3333
36354	T	1.0000
36355	G	0.3333
36356	C	0.6667
36357	T	0.6667
36358	C	0.6667
36359	G	0.6667
36360	G	0.3333
36361	G	0.3333
36362	T	0.6667
36363	A	0.6667
36364	T	0.6667
36365	A	0.3333
36366	G	0.6667
36367	T	0.6667
36368	A	0.3333
36369	G	0.6667
36370	G	0.3333
36371	C	0.3333
36372	G	0.6667
36373	T	0.6667
36374	C	0.3333
36375	G	0.6667
36376	C	0.6667
36377	T	0.6667
36378	T	0.6667
36379	T	0.6667
36380	T	0.3333
36381	T	0.3333
36382	G	0.6667
36383	A	0.3333
36384	A	1.0000
36385	T	0.6667
36386	G	0.6667
36387	G	0.6667
36388	C	0.3333
36389	A	0.3333
36390	G	0.6667
36391	G	0.6667
36392	G	0.6667
36393	A	0.6667
36394	A	0.6667
36395	G	0.6667
36396	C	0.3333
36397	G	0.3333
36398	C	0.6667
36399	G	0.6667
36400	A	0.3333
36401	A	0.3333
36402	G	0.3333
36403	C	0.6667
36404	A	0.3333
36405	G	0.6667
36406	G	0.3333
36407	C	0.6667
36408	G	0.3333
36409	G	0.6667
36410	C	0.3333
36411	A	0.3333
36412	A	0.3333
36413	T	0.6667
36414	C	0.6667
36415	A	0.6667
36416	G	0.6667
36417	C	0.6667
36418	G	0.3333
36419	C	0.3333
36420	A	0.6667
36421	A	0.6667
36422	G	0.6667
36423	G	0.6667
36424	G	0.6667
36425	C	0.3333
36426	C	0.3333
36427	C	0.3333
36428	G	1.0000
36429	C	0.3333
36430	G	0.6667
36431	G	1.0000
36432	A	0.6667
36433	C	0.3333
36434	T	0.3333
36435	C	0.6667
36436	A	1.0000
36437	C	0.6667
36438	C	0.6667
36439	G	0.6667
36440	A	0.3333
36441	C	0.3333
36442	C	0.3333
36443	G	0.3333
36444	A	0.6667
36445	C	0.6667
36446	A	0.6667
36447	G	0.6667
36448	G	0.3333
36449	C	0.6667
36450	G	1.0000
36451	C	0.3333
36452	A	0.6667
36453	G	0.3333
36454	C	0.3333
36455	G	0.3333
36456	A	0.6667
36457	G	0.3333
36458	C	0.6667
36459	G	0.3333
36460	G	0.6667
36461	C	0.6667
36462	G	0.6667
36463	G	0.3333
36464	A	0.3333
36465	A	0.3333
36466	C	0.6667
36467	G	0.6667
36468	T	0.6667
36469	C	0.3333
36470	A	0.6667
36471	G	0.6667
36472	C	0.3333
36473	G	0.3333
36474	G	0.6667
36475	C	0.3333
36476	T	0.6667
36477	T	0.6667
36478	C	0.3333
36479	G	0.3333
36480	T	1.0000
36481	T	0.6667
36482	T	0.6667
36483	T	0.6667
36484	G	0.3333
36485	A	0.6667
36486	G	0.3333
36487	T	0.3333
36488	A	0.6667
36489	G	0.6667
36490	G	0.3333
36491	G	0.3333
36492	T	0.3333
36493	G	0.3333
36494	A	0.6667
36495	T	1.0000
36496	A	0.6667
36497	A	0.3333
36498	A	0.6667
36499	C	0.6667
36500	C	0.5000
36501	G	0.5000
36502	G	0.5000
36503	C	0.5000
36504	T	0.5000
36505	G	0.5000
36506	C	0.5000
36507	G	0.5000
36508	C	0.5000
36509	T	0.5000
36510	G	1.0000
36511	G	0.5000
36512	C	0.5000
36513	G	0.5000
36514	A	0.5000
36515	A	0.5000
36516	G	0.5000
36517	G	0.5000
36518	C	0.5000
36519	C	0.5000
36520	A	0.5000
36521	C	0.5000
36522	A	0.5000
36523	T	0.5000
36524	C	0.5000
36525	T	1.0000
36526	G	0.5000
36527	C	1.0000
36528	A	0.5000
36529	C	0.5000
36530	T	1.0000
36531	G	0.5000
36532	A	0.5000
36533	A	0.5000
36534	G	1.0000
36535	A	1.0000
36536	A	0.5000
36537	C	0.5000
36538	A	0.5000
36539	C	0.5000
36540	C	0.5000
36541	T	0.5000
36542	G	0.5000
36543	G	0.5000
36544	T	0.5000
36545	C	0.5000
36546	T	0.5000
36547	G	1.0000
36548	C	0.5000
36549	G	0.5000
36550	G	0.5000
36551	A	0.5000
36552	G	1.0000
36553	G	0.5000
36554	A	0.5000
36555	G	0.5000
36556	C	1.0000
36557	A	0.5000
36558	G	0.5000
36559	C	0.5000
36560	T	0.5000
36561	T	1.0000
36562	C	0.5000
36563	G	0.5000
36564	T	0.5000
36565	G	0.5000
36566	G	1.0000
36567	A	0.5000
36568	A	0.5000
36569	G	1.0000
36570	C	1.0000
36571	T	0.5000
36572	G	1.0000
36573	G	1.0000
36574	A	0.5000
36575	T	0.5000
36576	G	0.5000
36577	G	0.5000
36578	C	1.0000
36579	C	0.5000
36580	G	0.5000
36581	G	0.5000
36582	G	0.5000
36583	A	0.5000
36584	T	0.5000
36585	G	0.5000
36586	A	0.5000
36587	A	0.5000
36588	G	0.5000
36589	T	1.0000
36590	T	0.5000
36591	C	0.5000
36592	G	0.5000
36593	G	1.0000
36594	C	0.5000
36595	T	1.0000
36596	G	0.5000
36597	G	0.5000
36598	G	0.5000
36599	G	0.5000
36600	C	0.5000
36601	G	0.5000
36602	A	0.5000
36603	G	0.5000
36604	T	0.5000
36605	G	0.5000
36606	G	0.5000
36607	G	0.5000
36608	C	1.0000
36609	G	0.5000
36610	G	0.5000
36611	A	0.5000
36612	A	0.5000
36613	A	0.5000
36614	G	0.5000
36615	T	0.5000
36616	G	1.0000
36617	C	0.5000
36618	G	0.5000
36619	A	0.5000
36620	C	1.0000
36621	G	1.0000
36622	G	0.5000
36623	A	0.5000
36624	C	1.0000
36625	A	1.0000
36626	G	0.5000
36627	T	1.0000
36628	T	0.5000
36629	T	0.5000
36630	T	0.5000
36631	T	0.5000
36632	C	1.0000
36633	G	0.5000
36634	C	0.5000
36635	A	1.0000
36636	G	0.5000
36637	G	0.5000
36638	T	0.5000
36639	T	0.5000
36640	A	0.5000
36641	A	0.5000
36642	A	0.5000
36643	A	1.0000
36644	A	1.0000
36645	C	0.5000
36646	G	0.5000
36647	C	1.0000
36648	G	0.5000
36649	G	0.5000
36650	C	1.0000
36651	C	1.0000
36652	A	1.0000
36653	C	1.0000
36654	G	1.0000
36655	C	1.0000
36656	A	1.0000
36657	G	1.0000
36658	A	1.0000
36659	C	1.0000
36660	C	1.0000
36661	T	1.0000
36662	T	1.0000
36663	T	1.0000
36664	G	1.0000
36665	A	1.0000
36666	C	1.0000
36667	G	1.0000
36668	G	1.0000
36669	T	1.0000
36670	A	1.0000
36671	T	1.0000
36672	T	1.0000
36673	G	1.0000
36674	C	1.0000
36675	A	1.0000
36676	C	1.0000
36677	A	1.0000
36678	G	1.0000
36679	A	1.0000
36680	A	1.0000
36681	T	1.0000
36682	A	1.0000
36683	T	1.0000
36684	G	1.0000
36685	G	1.0000
36686	C	1.0000
36687	G	1.0000
36688	G	1.0000
36689	C	1.0000
36690	G	1.0000
36691	A	1.0000
36692	T	1.0000
36693	G	1.0000
36694	C	1.0000
36695	T	1.0000
36696	G	1.0000
36697	A	1.0000
36698	C	1.0000
36699	C	1.0000
36700	G	1.0000
36701	G	1.0000
36702	C	1.0000
36703	A	1.0000
36704	G	1.0000
36705	T	1.0000
36706	G	1.0000
36707	A	1.0000
36708	G	1.0000
36709	C	1.0000
36710	A	1.0000
36711	G	1.0000
36712	A	1.0000
36713	A	1.0000
36714	C	1.0000
36715	T	1.0000
36716	G	1.0000
36717	G	1.0000
36718	C	1.0000
36719	G	1.0000
36720	C	1.0000
36721	A	1.0000
36722	G	1.0000
36723	C	1.0000
36724	T	1.0000
36725	T	1.0000
36726	C	1.0000
36727	A	1.0000
36728	C	1.0000
36729	C	1.0000
36730	C	1.0000
36731	G	1.0000
36732	T	1.0000
36733	T	1.0000
36734	C	1.0000
36735	C	1.0000
36736	G	1.0000
36737	T	1.0000
36738	G	1.0000
36739	C	1.0000
36740	T	1.0000
36741	G	1.0000
36742	T	1.0000
36743	C	1.0000
36744	C	1.0000
36745	A	1.0000
36746	T	1.0000
36747	G	1.0000
36748	A	1.0000
36749	T	1.0000
36750	G	1.0000
36751	A	1.0000
36752	C	1.0000
36753	A	1.0000
36754	G	1.0000
36755	A	1.0000
36756	A	1.0000
36757	A	1.0000
36758	T	1.0000
36759	T	1.0000
36760	C	1.0000
36761	T	1.0000
36762	G	1.0000
36763	C	1.0000
36764	T	1.0000
36765	T	1.0000
36766	A	1.0000
36767	A	1.0000
36768	G	1.0000
36769	C	1.0000
36770	A	1.0000
36771	G	1.0000
36772	G	1.0000
36773	C	1.0000
36774	A	1.0000
36775	A	1.0000
36776	T	1.0000
36777	G	1.0000
36778	G	1.0000
36779	T	1.0000
36780	G	1.0000
36781	G	1.0000
36782	G	1.0000
36783	G	1.0000
36784	A	1.0000
36785	T	1.0000
36786	T	1.0000
36787	G	1.0000
36788	T	1.0000
36789	C	1.0000
36790	G	1.0000
36791	G	1.0000
36792	G	1.0000
36793	A	1.0000
36794	G	1.0000
36795	T	1.0000
36796	A	1.0000
36797	T	1.0000
36798	C	1.0000
36799	G	1.0000
36800	G	1.0000
36801	C	1.0000
36802	A	1.0000
36803	G	1.0000
36804	C	1.0000
36805	G	1.0000
36806	C	1.0000
36807	C	1.0000
36808	A	1.0000
36809	T	1.0000
36810	T	1.0000
36811	G	1.0000
36812	G	1.0000
36813	C	1.0000
36814	G	1.0000
36815	G	1.0000
36816	G	1.0000
36817	G	1.0000
36818	C	1.0000
36819	T	1.0000
36820	G	1.0000
36821	T	1.0000
36822	T	1.0000
36823	G	1.0000
36824	G	1.0000
36825	T	1.0000
36826	G	1.0000
36827	G	1.0000
36828	C	1.0000
36829	G	1.0000
36830	G	1.0000
36831	C	1.0000
36832	G	1.0000
36833	C	1.0000
36834	A	1.0000
36835	T	1.0000
36836	C	1.0000
36837	C	1.0000
36838	G	1.0000
36839	C	1.0000
36840	G	1.0000
36841	T	1.0000
36842	C	1.0000
36843	A	1.0000
36844	G	1.0000
36845	G	1.0000
36846	C	1.0000
36847	G	1.0000
36848	G	1.0000
36849	T	1.0000
36850	A	1.0000
36851	C	1.0000
36852	A	1.0000
36853	G	1.0000
36854	C	1.0000
36855	C	1.0000
36856	A	1.0000
36857	T	1.0000
36858	T	1.0000
36859	C	1.0000
36860	A	1.0000
36861	G	1.0000
36862	G	1.0000
36863	C	1.0000
36864	T	1.0000
36865	G	1.0000
36866	C	1.0000
36867	G	1.0000
36868	G	1.0000
36869	C	1.0000
36870	G	1.0000
36871	G	1.0000
36872	C	1.0000
36873	G	1.0000
36874	A	1.0000
36875	A	1.0000
36876	C	1.0000
36877	T	1.0000
36878	T	1.0000
36879	C	1.0000
36880	C	1.0000
36881	A	1.0000
36882	T	1.0000
36883	T	1.0000
36884	T	1.0000
36885	C	1.0000
36886	G	1.0000
36887	C	1.0000
36888	G	1.0000
36889	A	1.0000
36890	C	1.0000
36891	C	1.0000
36892	G	1.0000
36893	G	1.0000
36894	G	1.0000
36895	G	1.0000
36896	G	1.0000
36897	A	1.0000
36898	T	1.0000
36899	T	1.0000
36900	T	1.0000
36901	A	1.0000
36902	C	1.0000
36903	G	1.0000
36904	G	1.0000
36905	G	1.0000
36906	G	1.0000
36907	A	1.0000
36908	C	1.0000
36909	G	1.0000
36910	G	1.0000
36911	G	1.0000
36912	G	1.0000
36913	G	1.0000
36914	G	1.0000
36915	T	1.0000
36916	A	1.0000
36917	A	1.0000
36918	A	1.0000
36919	T	1.0000
36920	A	1.0000
36921	T	1.0000
36922	G	1.0000
36923	A	1.0000
36924	A	1.0000
36925	C	1.0000
36926	C	1.0000
36927	T	1.0000
36928	G	1.0000
36929	C	1.0000
36930	G	1.0000
36931	G	1.0000
36932	G	1.0000
36933	G	1.0000
36934	A	1.0000
36935	T	1.0000
36936	T	1.0000
36937	G	1.0000
36938	T	1.0000
36939	T	1.0000
36940	C	1.0000
36941	A	1.0000
36942	T	1.0000
36943	C	1.0000
36944	G	1.0000
36945	C	1.0000
36946	G	1.0000
36947	G	1.0000
36948	G	1.0000
36949	G	1.0000
36950	A	1.0000
36951	G	1.0000
36952	T	1.0000
36953	T	1.0000
36954	T	1.0000
36955	G	1.0000
36956	T	1.0000
36957	C	1.0000
36958	T	1.0000
36959	T	1.0000
36960	C	1.0000
36961	A	1.0000
36962	C	1.0000
36963	G	1.0000
36964	A	1.0000
36965	A	1.0000
36966	G	1.0000
36967	G	1.0000
36968	A	1.0000
36969	G	1.0000
36970	G	1.0000
36971	C	1.0000
36972	G	1.0000
36973	A	1.0000
36974	C	1.0000
36975	C	1.0000
36976	A	1.0000
36977	G	1.0000
36978	C	1.0000
36979	C	1.0000
36980	G	1.0000
36981	G	1.0000
36982	A	1.0000
36983	T	1.0000
36984	T	1.0000
36985	G	1.0000
36986	G	1.0000
36987	T	1.0000
36988	G	1.0000
36989	T	1.0000
36990	C	1.0000
36991	G	1.0000
36992	G	1.0000
36993	C	1.0000
36994	A	1.0000
36995	A	1.0000
36996	T	1.0000
36997	C	1.0000
36998	T	1.0000
36999	G	1.0000
37000	T	1.0000
37001	A	1.0000
37002	C	1.0000
37003	C	1.0000
37004	G	1.0000
37005	C	1.0000
37006	C	1.0000
37007	T	1.0000
37008	G	1.0000
37009	A	1.0000
37010	T	1.0000
37011	G	1.0000
37012	C	1.0000
37013	G	1.0000
37014	G	1.0000
37015	G	1.0000
37016	G	1.0000
37017	C	1.0000
37018	T	1.0000
37019	A	1.0000
37020	T	1.0000
37021	G	1.0000
37022	C	1.0000
37023	G	1.0000
37024	G	1.0000
37025	A	1.0000
37026	A	1.0000
37027	G	1.0000
37028	G	1.0000
37029	T	1.0000
37030	G	1.0000
37031	G	1.0000
37032	T	1.0000
37033	T	1.0000
37034	A	1.0000
37035	T	1.0000
37036	G	1.0000
37037	T	1.0000
37038	C	1.0000
37039	G	1.0000
37040	G	1.0000
37041	C	1.0000
37042	G	1.0000
37043	G	1.0000
37044	T	1.0000
37045	G	1.0000
37046	C	1.0000
37047	C	1.0000
37048	G	1.0000
37049	G	1.0000
37050	A	1.0000
37051	A	1.0000
37052	G	1.0000
37053	T	1.0000
37054	C	1.0000
37055	C	1.0000
37056	G	1.0000
37057	G	1.0000
37058	C	1.0000
37059	G	1.0000
37060	C	1.0000
37061	A	1.0000
37062	G	1.0000
37063	A	1.0000
37064	T	1.0000
37065	G	1.0000
37066	C	1.0000
37067	G	1.0000
37068	G	1.0000
37069	C	1.0000
37070	G	1.0000
37071	G	1.0000
37072	G	1.0000
37073	C	1.0000
37074	G	1.0000
37075	G	1.0000
37076	A	1.0000
37077	A	1.0000
37078	G	1.0000
37079	G	1.0000
37080	C	1.0000
37081	A	1.0000
37082	T	1.0000
37083	T	1.0000
37084	A	1.0000
37085	A	1.0000
37086	T	1.0000
37087	T	1.0000
37088	T	1.0000
37089	T	1.0000
37090	A	1.0000
37091	A	1.0000
37092	T	1.0000
37093	C	1.0000
37094	A	1.0000
37095	G	1.0000
37096	A	1.0000
37097	A	1.0000
37098	C	1.0000
37099	A	1.0000
37100	A	1.0000
37101	T	1.0000
37102	C	1.0000
37103	A	1.0000
37104	C	1.0000
37105	G	1.0000
37106	T	1.0000
37107	G	1.0000
37108	G	1.0000
37109	T	1.0000
37110	G	1.0000
37111	A	1.0000
37112	T	1.0000
37113	T	1.0000
37114	C	1.0000
37115	A	1.0000
37116	G	1.0000
37117	A	1.0000
37118	A	1.0000
37119	C	1.0000
37120	G	1.0000
37121	A	1.0000
37122	C	1.0000
37123	G	1.0000
37124	G	1.0000
37125	C	1.0000
37126	C	1.0000
37127	C	1.0000
37128	C	1.0000
37129	A	1.0000
37130	A	1.0000
37131	C	1.0000
37132	G	1.0000
37133	G	1.0000
37134	G	1.0000
37135	C	1.0000
37136	G	1.0000
37137	G	1.0000
37138	G	1.0000
37139	C	1.0000
37140	A	1.0000
37141	G	1.0000
37142	G	1.0000
37143	G	1.0000
37144	C	1.0000
37145	C	1.0000
37146	G	1.0000
37147	C	1.0000
37148	A	1.0000
37149	G	1.0000
37150	C	1.0000
37151	T	1.0000
37152	G	1.0000
37153	A	1.0000
37154	T	1.0000
37155	G	1.0000
37156	A	1.0000
37157	A	1.0000
37158	A	1.0000
37159	G	1.0000
37160	C	1.0000
37161	G	1.0000
37162	G	1.0000
37163	T	1.0000
37164	G	1.0000
37165	T	1.0000
37166	A	1.0000
37167	T	1.0000
37168	G	1.0000
37169	A	1.0000
37170	G	1.0000
37171	A	1.0000
37172	T	1.0000
37173	G	1.0000
37174	G	1.0000
37175	C	1.0000
37176	C	1.0000
37177	C	1.0000
37178	G	1.0000
37179	C	1.0000
37180	A	1.0000
37181	A	1.0000
37182	G	1.0000
37183	G	1.0000
37184	G	1.0000
37185	G	1.0000
37186	G	1.0000
37187	C	1.0000
37188	A	1.0000
37189	C	1.0000
37190	A	1.0000
37191	G	1.0000
37192	G	1.0000
37193	A	1.0000
37194	T	1.0000
37195	G	1.0000
37196	A	1.0000
37197	A	1.0000
37198	C	1.0000
37199	T	1.0000
37200	C	1.0000
37201	C	1.0000
37202	G	1.0000
37203	G	1.0000
37204	C	1.0000
37205	T	1.0000
37206	G	1.0000
37207	C	1.0000
37208	A	1.0000
37209	G	1.0000
37210	T	1.0000
37211	T	1.0000
37212	G	1.0000
37213	C	1.0000
37214	G	1.0000
37215	T	1.0000
37216	G	1.0000
37217	A	1.0000
37218	T	1.0000
37219	G	1.0000
37220	G	1.0000
37221	C	1.0000
37222	G	1.0000
37223	G	1.0000
37224	T	1.0000
37225	A	1.0000
37226	T	1.0000
37227	G	1.0000
37228	T	1.0000
37229	T	1.0000
37230	A	1.0000
37231	T	1.0000
37232	C	1.0000
37233	A	1.0000
37234	G	1.0000
37235	G	1.0000
37236	G	1.0000
37237	A	1.0000
37238	G	1.0000
37239	C	1.0000
37240	G	1.0000
37241	G	1.0000
37242	T	1.0000
37243	G	1.0000
37244	G	1.0000
37245	A	1.0000
37246	T	1.0000
37247	G	1.0000
37248	A	1.0000
37249	A	1.0000
37250	A	1.0000
37251	A	1.0000
37252	C	1.0000
37253	C	1.0000
37254	T	1.0000
37255	T	1.0000
37256	T	1.0000
37257	C	1.0000
37258	G	1.0000
37259	C	1.0000
37260	T	1.0000
37261	G	1.0000
37262	G	1.0000
37263	A	1.0000
37264	A	1.0000
37265	A	1.0000
37266	G	1.0000
37267	T	1.0000
37268	G	1.0000
37269	A	1.0000
37270	A	1.0000
37271	G	1.0000
37272	C	1.0000
37273	C	1.0000
37274	G	1.0000
37275	G	1.0000
37276	A	1.0000
37277	T	1.0000
37278	A	1.0000
37279	T	1.0000
37280	G	1.0000
37281	G	1.0000
37282	A	1.0000
37283	G	1.0000
37284	G	1.0000
37285	T	1.0000
37286	G	1.0000
37287	A	1.0000
37288	A	1.0000
37289	C	1.0000
37290	T	1.0000
37291	C	1.0000
37292	G	1.0000
37293	C	1.0000
37294	A	1.0000
37295	G	1.0000
37296	C	1.0000
37297	C	1.0000
37298	A	1.0000
37299	T	1.0000
37300	C	1.0000
37301	G	1.0000
37302	G	1.0000
37303	T	1.0000
37304	G	1.0000
37305	C	1.0000
37306	G	1.0000
37307	T	1.0000
37308	G	1.0000
37309	A	1.0000
37310	A	1.0000
37311	G	1.0000
37312	T	1.0000
37313	G	1.0000
37314	C	1.0000
37315	G	1.0000
37316	T	1.0000
37317	T	1.0000
37318	T	1.0000
37319	T	1.0000
37320	G	1.0000
37321	G	1.0000
37322	T	1.0000
37323	G	1.0000
37324	A	1.0000
37325	C	1.0000
37326	G	1.0000
37327	G	1.0000
37328	G	1.0000
37329	T	1.0000
37330	A	1.0000
37331	C	1.0000
37332	T	1.0000
37333	C	1.0000
37334	A	1.0000
37335	C	1.0000
37336	A	1.0000
37337	G	1.0000
37338	C	1.0000
37339	G	1.0000
37340	T	1.0000
37341	A	1.0000
37342	T	1.0000
37343	G	1.0000
37344	G	1.0000
37345	C	1.0000
37346	G	1.0000
37347	G	1.0000
37348	C	1.0000
37349	A	1.0000
37350	G	1.0000
37351	G	1.0000
37352	G	1.0000
37353	C	1.0000
37354	T	1.0000
37355	G	1.0000
37356	A	1.0000
37357	A	1.0000
37358	T	1.0000
37359	G	1.0000
37360	C	1.0000
37361	T	1.0000
37362	G	1.0000
37363	A	1.0000
37364	C	1.0000
37365	C	1.0000
37366	T	1.0000
37367	G	1.0000
37368	A	1.0000
37369	A	1.0000
37370	A	1.0000
37371	A	1.0000
37372	C	1.0000
37373	A	1.0000
37374	T	1.0000
37375	A	1.0000
37376	C	1.0000
37377	A	1.0000
37378	G	1.0000
37379	G	1.0000
37380	G	1.0000
37381	T	1.0000
37382	G	1.0000
37383	A	1.0000
37384	C	1.0000
37385	G	1.0000
37386	C	1.0000
37387	T	1.0000
37388	T	1.0000
37389	T	1.0000
37390	C	1.0000
37391	C	1.0000
37392	G	1.0000
37393	T	1.0000
37394	G	1.0000
37395	A	1.0000
37396	C	1.0000
37397	C	1.0000
37398	C	1.0000
37399	G	1.0000
37400	G	1.0000
37401	G	1.0000
37402	A	1.0000
37403	G	1.0000
37404	G	1.0000
37405	A	1.0000
37406	G	1.0000
37407	G	1.0000
37408	C	1.0000
37409	C	1.0000
37410	C	1.0000
37411	G	1.0000
37412	G	1.0000
37413	C	1.0000
37414	A	1.0000
37415	T	1.0000
37416	C	1.0000
37417	T	1.0000
37418	G	1.0000
37419	G	1.0000
37420	A	1.0000
37421	A	1.0000
37422	G	1.0000
37423	C	1.0000
37424	G	1.0000
37425	T	1.0000
37426	T	1.0000
37427	C	1.0000
37428	C	1.0000
37429	T	1.0000
37430	G	1.0000
37431	G	1.0000
37432	C	1.0000
37433	A	1.0000
37434	G	1.0000
37435	A	1.0000
37436	G	1.0000
37437	C	1.0000
37438	A	1.0000
37439	C	1.0000
37440	G	1.0000
37441	G	1.0000
37442	T	1.0000
37443	G	1.0000
37444	G	1.0000
37445	C	1.0000
37446	T	1.0000
37447	G	1.0000
37448	G	1.0000
37449	A	1.0000
37450	A	1.0000
37451	G	1.0000
37452	G	1.0000
37453	C	1.0000
37454	A	1.0000
37455	T	1.0000
37456	T	1.0000
37457	T	1.0000
37458	T	1.0000
37459	T	1.0000
37460	G	1.0000
37461	T	1.0000
37462	G	1.0000
37463	G	1.0000
37464	A	1.0000
37465	A	1.0000
37466	G	1.0000
37467	C	1.0000
37468	C	1.0000
37469	A	1.0000
37470	C	1.0000
37471	C	1.0000
37472	C	1.0000
37473	T	1.0000
37474	A	1.0000
37475	T	1.0000
37476	G	1.0000
37477	C	1.0000
37478	A	1.0000
37479	T	1.0000
37480	A	1.0000
37481	C	1.0000
37482	C	1.0000
37483	G	1.0000
37484	G	1.0000
37485	C	1.0000
37486	A	1.0000
37487	G	1.0000
37488	A	1.0000
37489	T	1.0000
37490	A	1.0000
37491	A	1.0000
37492	A	1.0000
37493	G	1.0000
37494	G	1.0000
37495	T	1.0000
37496	G	1.0000
37497	A	1.0000
37498	C	1.0000
37499	C	1.0000
37500	T	1.0000
37501	G	1.0000
37502	T	1.0000
37503	G	1.0000
37504	C	1.0000
37505	C	1.0000
37506	G	1.0000
37507	G	1.0000
37508	G	1.0000
37509	T	1.0000
37510	G	1.0000
37511	G	1.0000
37512	T	1.0000
37513	C	1.0000
37514	T	1.0000
37515	G	1.0000
37516	C	1.0000
37517	A	1.0000
37518	C	1.0000
37519	G	1.0000
37520	G	1.0000
37521	G	1.0000
37522	T	1.0000
37523	C	1.0000
37524	G	1.0000
37525	G	1.0000
37526	G	1.0000
37527	A	1.0000
37528	T	1.0000
37529	G	1.0000
37530	T	1.0000
37531	T	1.0000
37532	G	1.0000
37533	C	1.0000
37534	G	1.0000
37535	C	1.0000
37536	G	1.0000
37537	T	1.0000
37538	T	1.0000
37539	G	1.0000
37540	A	1.0000
37541	G	1.0000
37542	T	1.0000
37543	T	1.0000
37544	C	1.0000
37545	A	1.0000
37546	G	1.0000
37547	C	1.0000
37548	G	1.0000
37549	C	1.0000
37550	G	1.0000
37551	G	1.0000
37552	A	1.0000
37553	G	1.0000
37554	T	1.0000
37555	T	1.0000
37556	T	1.0000
37557	A	1.0000
37558	A	1.0000
37559	G	1.0000
37560	C	1.0000
37561	A	1.0000
37562	G	1.0000
37563	G	1.0000
37564	T	1.0000
37565	G	1.0000
37566	G	1.0000
37567	T	1.0000
37568	G	1.0000
37569	A	1.0000
37570	A	1.0000
37571	C	1.0000
37572	T	1.0000
37573	G	1.0000
37574	A	1.0000
37575	T	1.0000
37576	G	1.0000
37577	C	1.0000
37578	A	1.0000
37579	G	1.0000
37580	G	1.0000
37581	A	1.0000
37582	T	1.0000
37583	A	1.0000
37584	T	1.0000
37585	T	1.0000
37586	C	1.0000
37587	G	1.0000
37588	C	1.0000
37589	G	1.0000
37590	A	1.0000
37591	A	1.0000
37592	G	1.0000
37593	A	1.0000
37594	A	1.0000
37595	A	1.0000
37596	G	1.0000
37597	T	1.0000
37598	C	1.0000
37599	T	1.0000
37600	G	1.0000
37601	A	1.0000
37602	A	1.0000
37603	C	1.0000
37604	G	1.0000
37605	A	1.0000
37606	G	1.0000
37607	T	1.0000
37608	C	1.0000
37609	G	1.0000
37610	G	1.0000
37611	T	1.0000
37612	T	1.0000
37613	A	1.0000
37614	A	1.0000
37615	G	1.0000
37616	T	1.0000
37617	C	1.0000
37618	A	1.0000
37619	G	1.0000
37620	A	1.0000
37621	G	1.0000
37622	C	1.0000
37623	A	1.0000
37624	G	1.0000
37625	T	1.0000
37626	C	1.0000
37627	A	1.0000
37628	C	1.0000
37629	C	1.0000
37630	G	1.0000
37631	C	1.0000
37632	G	1.0000
37633	G	1.0000
37634	G	1.0000
37635	T	1.0000
37636	G	1.0000
37637	G	1.0000
37638	T	1.0000
37639	A	1.0000
37640	C	1.0000
37641	T	1.0000
37642	C	1.0000
37643	T	1.0000
37644	G	1.0000
37645	G	1.0000
37646	G	1.0000
37647	A	1.0000
37648	A	1.0000
37649	A	1.0000
37650	T	1.0000
37651	C	1.0000
37652	G	1.0000
37653	A	1.0000
37654	C	1.0000
37655	C	1.0000
37656	T	1.0000
37657	G	1.0000
37658	A	1.0000
37659	C	1.0000
37660	G	1.0000
37661	G	1.0000
37662	T	1.0000
37663	A	1.0000
37664	C	1.0000
37665	A	1.0000
37666	G	1.0000
37667	G	1.0000
37668	G	1.0000
37669	T	1.0000
37670	G	1.0000
37671	G	1.0000
37672	T	1.0000
37673	G	1.0000
37674	A	1.0000
37675	G	1.0000
37676	C	1.0000
37677	G	1.0000
37678	G	1.0000
37679	T	1.0000
37680	A	1.0000
37681	T	1.0000
37682	T	1.0000
37683	T	1.0000
37684	T	1.0000
37685	T	1.0000
37686	T	1.0000
37687	C	1.0000
37688	T	1.0000
37689	G	1.0000
37690	T	1.0000
37691	A	1.0000
37692	A	1.0000
37693	T	1.0000
37694	G	1.0000
37695	A	1.0000
37696	G	1.0000
37697	C	1.0000
37698	T	1.0000
37699	G	1.0000
37700	A	1.0000
37701	A	1.0000
37702	T	1.0000
37703	G	1.0000
37704	A	1.0000
37705	A	1.0000
37706	A	1.0000
37707	A	1.0000
37708	A	1.0000
37709	G	1.0000
37710	G	1.0000
37711	G	1.0000
37712	G	1.0000
37713	A	1.0000
37714	G	1.0000
37715	C	1.0000
37716	C	1.0000
37717	G	1.0000
37718	G	1.0000
37719	T	1.0000
37720	C	1.0000
37721	A	1.0000
37722	C	1.0000
37723	C	1.0000
37724	T	1.0000
37725	G	1.0000
37726	G	1.0000
37727	C	1.0000
37728	A	1.0000
37729	G	1.0000
37730	G	1.0000
37731	G	1.0000
37732	G	1.0000
37733	C	1.0000
37734	G	1.0000
37735	T	1.0000
37736	A	1.0000
37737	A	1.0000
37738	G	1.0000
37739	T	1.0000
37740	A	1.0000
37741	T	1.0000
37742	G	1.0000
37743	A	1.0000
37744	G	1.0000
37745	G	1.0000
37746	C	1.0000
37747	A	1.0000
37748	T	1.0000
37749	A	1.0000
37750	C	1.0000
37751	C	1.0000
37752	C	1.0000
37753	G	1.0000
37754	A	1.0000
37755	T	1.0000
37756	T	1.0000
37757	G	1.0000
37758	A	1.0000
37759	C	1.0000
37760	G	1.0000
37761	G	1.0000
37762	T	1.0000
37763	A	1.0000
37764	G	1.0000
37765	C	1.0000
37766	G	1.0000
37767	G	1.0000
37768	C	1.0000
37769	T	1.0000
37770	T	1.0000
37771	T	1.0000
37772	G	1.0000
37773	A	1.0000
37774	G	1.0000
37775	A	1.0000
37776	T	1.0000
37777	G	1.0000
37778	A	1.0000
37779	A	1.0000
37780	C	1.0000
37781	G	1.0000
37782	G	1.0000
37783	C	1.0000
37784	C	1.0000
37785	G	1.0000
37786	G	1.0000
37787	G	1.0000
37788	G	1.0000
37789	C	1.0000
37790	A	1.0000
37791	G	1.0000
37792	C	1.0000
37793	A	1.0000
37794	G	1.0000
37795	T	1.0000
37796	G	1.0000
37797	C	1.0000
37798	C	1.0000
37799	A	1.0000
37800	G	1.0000
37801	A	1.0000
37802	C	1.0000
37803	C	1.0000
37804	G	1.0000
37805	T	1.0000
37806	C	1.0000
37807	G	1.0000
37808	C	1.0000
37809	T	1.0000
37810	G	1.0000
37811	A	1.0000
37812	C	1.0000
37813	G	1.0000
37814	G	1.0000
37815	T	1.0000
37816	G	1.0000
37817	T	1.0000
37818	C	1.0000
37819	C	1.0000
37820	A	1.0000
37821	A	1.0000
37822	T	1.0000
37823	C	1.0000
37824	T	1.0000
37825	G	1.0000
37826	T	1.0000
37827	T	1.0000
37828	C	1.0000
37829	G	1.0000
37830	G	1.0000
37831	T	1.0000
37832	C	1.0000
37833	T	1.0000
37834	G	1.0000
37835	G	1.0000
37836	T	1.0000
37837	C	1.0000
37838	A	1.0000
37839	C	1.0000
37840	C	1.0000
37841	G	1.0000
37842	G	1.0000
37843	G	1.0000
37844	A	1.0000
37845	T	1.0000
37846	G	1.0000
37847	G	1.0000
37848	C	1.0000
37849	G	1.0000
37850	G	1.0000
37851	A	1.0000
37852	A	1.0000
37853	G	1.0000
37854	A	1.0000
37855	C	1.0000
37856	C	1.0000
37857	T	1.0000
37858	G	1.0000
37859	C	1.0000
37860	A	1.0000
37861	G	1.0000
37862	A	1.0000
37863	G	1.0000
37864	T	1.0000
37865	C	1.0000
37866	T	1.0000
37867	G	1.0000
37868	G	1.0000
37869	T	1.0000
37870	G	1.0000
37871	G	1.0000
37872	G	1.0000
37873	G	1.0000
37874	G	1.0000
37875	C	1.0000
37876	C	1.0000
37877	A	1.0000
37878	C	1.0000
37879	G	1.0000
37880	G	1.0000
37881	T	1.0000
37882	G	1.0000
37883	G	1.0000
37884	T	1.0000
37885	C	1.0000
37886	C	1.0000
37887	G	1.0000
37888	C	1.0000
37889	C	1.0000
37890	G	1.0000
37891	C	1.0000
37892	C	1.0000
37893	G	1.0000
37894	G	1.0000
37895	G	1.0000
37896	T	1.0000
37897	G	1.0000
37898	T	1.0000
37899	A	1.0000
37900	T	1.0000
37901	G	1.0000
37902	C	1.0000
37903	C	1.0000
37904	C	1.0000
37905	G	1.0000
37906	T	1.0000
37907	T	1.0000
37908	T	1.0000
37909	T	1.0000
37910	C	1.0000
37911	T	1.0000
37912	G	1.0000
37913	G	1.0000
37914	A	1.0000
37915	T	1.0000
37916	G	1.0000
37917	C	1.0000
37918	G	1.0000
37919	G	1.0000
37920	T	1.0000
37921	G	1.0000
37922	A	1.0000
37923	A	1.0000
37924	T	1.0000
37925	T	1.0000
37926	T	1.0000
37927	C	1.0000
37928	G	1.0000
37929	T	1.0000
37930	T	1.0000
37931	G	1.0000
37932	C	1.0000
37933	G	1.0000
37934	G	1.0000
37935	G	1.0000
37936	C	1.0000
37937	A	1.0000
37938	A	1.0000
37939	T	1.0000
37940	C	1.0000
37941	C	1.0000
37942	G	1.0000
37943	G	1.0000
37944	A	1.0000
37945	G	1.0000
37946	G	1.0000
37947	C	1.0000
37948	G	1.0000
37949	G	1.0000
37950	A	1.0000
37951	C	1.0000
37952	C	1.0000
37953	C	1.0000
37954	G	1.0000
37955	G	1.0000
37956	A	1.0000
37957	G	1.0000
37958	C	1.0000
37959	A	1.0000
37960	G	1.0000
37961	G	1.0000
37962	A	1.0000
37963	G	1.0000
37964	C	1.0000
37965	T	1.0000
37966	G	1.0000
37967	A	1.0000
37968	G	1.0000
37969	T	1.0000
37970	G	1.0000
37971	A	1.0000
37972	C	1.0000
37973	C	1.0000
37974	G	1.0000
37975	C	1.0000
37976	T	1.0000
37977	G	1.0000
37978	G	1.0000
37979	G	1.0000
37980	T	1.0000
37981	G	1.0000
37982	G	1.0000
37983	T	1.0000
37984	G	1.0000
37985	G	1.0000
37986	A	1.0000
37987	G	1.0000
37988	C	1.0000
37989	A	1.0000
37990	G	1.0000
37991	A	1.0000
37992	T	1.0000
37993	G	1.0000
37994	T	1.0000
37995	C	1.0000
37996	G	1.0000
37997	C	1.0000
37998	A	1.0000
37999	G	1.0000
38000	C	1.0000
38001	T	1.0000
38002	G	1.0000
38003	A	1.0000
38004	C	1.0000
38005	A	1.0000
38006	G	1.0000
38007	C	1.0000
38008	C	1.0000
38009	A	1.0000
38010	T	1.0000
38011	G	1.0000
38012	A	1.0000
38013	C	1.0000
38014	G	1.0000
38015	G	1.0000
38016	C	1.0000
38017	C	1.0000
38018	T	1.0000
38019	C	1.0000
38020	G	1.0000
38021	T	1.0000
38022	T	1.0000
38023	T	1.0000
38024	G	1.0000
38025	T	1.0000
38026	G	1.0000
38027	C	1.0000
38028	T	1.0000
38029	G	1.0000
38030	G	1.0000
38031	C	1.0000
38032	T	1.0000
38033	A	1.0000
38034	C	1.0000
38035	A	1.0000
38036	C	1.0000
38037	C	1.0000
38038	G	1.0000
38039	A	1.0000
38040	C	1.0000
38041	C	1.0000
38042	G	1.0000
38043	A	1.0000
38044	G	1.0000
38045	A	1.0000
38046	C	1.0000
38047	G	1.0000
38048	G	1.0000
38049	A	1.0000
38050	C	1.0000
38051	G	1.0000
38052	G	1.0000
38053	G	1.0000
38054	G	1.0000
38055	C	1.0000
38056	G	1.0000
38057	C	1.0000
38058	T	1.0000
38059	G	1.0000
38060	T	1.0000
38061	T	1.0000
38062	T	1.0000
38063	C	1.0000
38064	C	1.0000
38065	C	1.0000
38066	G	1.0000
38067	G	1.0000
38068	T	1.0000
38069	C	1.0000
38070	G	1.0000
38071	C	1.0000
38072	A	1.0000
38073	T	1.0000
38074	C	1.0000
38075	A	1.0000
38076	T	1.0000
38077	G	1.0000
38078	C	1.0000
38079	T	1.0000
38080	G	1.0000
38081	G	1.0000
38082	C	1.0000
38083	G	1.0000
38084	A	1.0000
38085	A	1.0000
38086	C	1.0000
38087	A	1.0000
38088	C	1.0000
38089	C	1.0000
38090	T	1.0000
38091	G	1.0000
38092	T	1.0000
38093	A	1.0000
38094	T	1.0000
38095	G	1.0000
38096	T	1.0000
38097	G	1.0000
38098	G	1.0000
38099	G	1.0000
38100	A	1.0000
38101	T	1.0000
38102	T	1.0000
38103	A	1.0000
38104	C	1.0000
38105	C	1.0000
38106	G	1.0000
38107	G	1.0000
38108	G	1.0000
38109	G	1.0000
38110	A	1.0000
38111	G	1.0000
38112	A	1.0000
38113	T	1.0000
38114	G	1.0000
38115	A	1.0000
38116	A	1.0000
38117	T	1.0000
38118	G	1.0000
38119	C	1.0000
38120	G	1.0000
38121	G	1.0000
38122	G	1.0000
38123	T	1.0000
38124	A	1.0000
38125	T	1.0000
38126	A	1.0000
38127	A	1.0000
38128	C	1.0000
38129	G	1.0000
38130	G	1.0000
38131	T	1.0000
38132	C	1.0000
38133	C	1.0000
38134	T	1.0000
38135	G	1.0000
38136	C	1.0000
38137	G	1.0000
38138	G	1.0000
38139	T	1.0000
38140	G	1.0000
38141	G	1.0000
38142	C	1.0000
38143	G	1.0000
38144	G	1.0000
38145	A	1.0000
38146	T	1.0000
38147	G	1.0000
38148	A	1.0000
38149	G	1.0000
38150	T	1.0000
38151	T	1.0000
38152	C	1.0000
38153	G	1.0000
38154	A	1.0000
38155	C	1.0000
38156	A	1.0000
38157	A	1.0000
38158	C	1.0000
38159	C	1.0000
38160	C	1.0000
38161	C	1.0000
38162	A	1.0000
38163	C	1.0000
38164	C	1.0000
38165	A	1.0000
38166	C	1.0000
38167	G	1.0000
38168	G	1.0000
38169	A	1.0000
38170	T	1.0000
38171	A	1.0000
38172	T	1.0000
38173	C	1.0000
38174	C	1.0000
38175	G	1.0000
38176	T	1.0000
38177	A	1.0000
38178	A	1.0000
38179	G	1.0000
38180	G	1.0000
38181	A	1.0000
38182	C	1.0000
38183	A	1.0000
38184	G	1.0000
38185	A	1.0000
38186	T	1.0000
38187	G	1.0000
38188	C	1.0000
38189	A	1.0000
38190	G	1.0000
38191	C	1.0000
38192	A	1.0000
38193	A	1.0000
38194	G	1.0000
38195	T	1.0000
38196	G	1.0000
38197	C	1.0000
38198	A	1.0000
38199	T	1.0000
38200	G	1.0000
38201	C	1.0000
38202	G	1.0000
38203	C	1.0000
38204	G	1.0000
38205	G	1.0000
38206	G	1.0000
38207	T	1.0000
38208	G	1.0000
38209	T	1.0000
38210	G	1.0000
38211	A	1.0000
38212	A	1.0000
38213	C	1.0000
38214	T	1.0000
38215	G	1.0000
38216	C	1.0000
38217	G	1.0000
38218	C	1.0000
38219	A	1.0000
38220	G	1.0000
38221	G	1.0000
38222	A	1.0000
38223	A	1.0000
38224	T	1.0000
38225	G	1.0000
38226	T	1.0000
38227	C	1.0000
38228	G	1.0000
38229	G	1.0000
38230	C	1.0000
38231	A	1.0000
38232	A	1.0000
38233	T	1.0000
38234	T	1.0000
38235	T	1.0000
38236	T	1.0000
38237	G	1.0000
38238	G	1.0000
38239	C	1.0000
38240	G	1.0000
38241	G	1.0000
38242	T	1.0000
38243	T	1.0000
38244	T	1.0000
38245	C	1.0000
38246	C	1.0000
38247	T	1.0000
38248	T	1.0000
38249	T	1.0000
38250	C	1.0000
38251	C	1.0000
38252	A	1.0000
38253	T	1.0000
38254	T	1.0000
38255	A	1.0000
38256	A	1.0000
38257	T	1.0000
38258	A	1.0000
38259	A	1.0000
38260	A	1.0000
38261	C	1.0000
38262	T	1.0000
38263	T	1.0000
38264	T	1.0000
38265	C	1.0000
38266	G	1.0000
38267	C	1.0000
38268	A	1.0000
38269	G	1.0000
38270	T	1.0000
38271	A	1.0000
38272	A	1.0000
38273	A	1.0000
38274	T	1.0000
38275	C	1.0000
38276	C	1.0000
38277	C	1.0000
38278	G	1.0000
38279	G	1.0000
38280	T	1.0000
38281	T	1.0000
38282	T	1.0000
38283	A	1.0000
38284	T	1.0000
38285	G	1.0000
38286	A	1.0000
38287	C	1.0000
38288	A	1.0000
38289	C	1.0000
38290	A	1.0000
38291	G	1.0000
38292	A	1.0000
38293	C	1.0000
38294	T	1.0000
38295	G	1.0000
38296	A	1.0000
38297	A	1.0000
38298	T	1.0000
38299	C	1.0000
38300	A	1.0000
38301	G	1.0000
38302	C	1.0000
38303	G	1.0000
38304	A	1.0000
38305	T	1.0000
38306	T	1.0000
38307	C	1.0000
38308	T	1.0000
38309	G	1.0000
38310	G	1.0000
38311	C	1.0000
38312	G	1.0000
38313	C	1.0000
38314	A	1.0000
38315	T	1.0000
38316	G	1.0000
38317	C	1.0000
38318	C	1.0000
38319	C	1.0000
38320	G	1.0000
38321	G	1.0000
38322	C	1.0000
38323	G	1.0000
38324	G	1.0000
38325	T	1.0000
38326	G	1.0000
38327	T	1.0000
38328	G	1.0000
38329	C	1.0000
38330	G	1.0000
38331	C	1.0000
38332	C	1.0000
38333	T	1.0000
38334	G	1.0000
38335	C	1.0000
38336	G	1.0000
38337	G	1.0000
38338	A	1.0000
38339	G	1.0000
38340	T	1.0000
38341	C	1.0000
38342	G	1.0000
38343	T	1.0000
38344	G	1.0000
38345	C	1.0000
38346	G	1.0000
38347	G	1.0000
38348	C	1.0000
38349	T	1.0000
38350	T	1.0000
38351	C	1.0000
38352	G	1.0000
38353	T	1.0000
38354	G	1.0000
38355	A	1.0000
38356	T	1.0000
38357	A	1.0000
38358	A	1.0000
38359	G	1.0000
38360	C	1.0000
38361	A	1.0000
38362	C	1.0000
38363	G	1.0000
38364	C	1.0000
38365	C	1.0000
38366	G	1.0000
38367	G	1.0000
38368	A	1.0000
38369	G	1.0000
38370	G	1.0000
38371	G	1.0000
38372	G	1.0000
38373	G	1.0000
38374	A	1.0000
38375	G	1.0000
38376	T	1.0000
38377	G	1.0000
38378	G	1.0000
38379	T	1.0000
38380	A	1.0000
38381	T	1.0000
38382	A	1.0000
38383	T	1.0000
38384	C	1.0000
38385	C	1.0000
38386	C	1.0000
38387	T	1.0000
38388	T	1.0000
38389	G	1.0000
38390	T	1.0000
38391	G	1.0000
38392	T	1.0000
38393	G	1.0000
38394	A	1.0000
38395	A	1.0000
38396	T	1.0000
38397	A	1.0000
38398	T	1.0000
38399	T	1.0000
38400	T	1.0000
38401	C	1.0000
38402	T	1.0000
38403	G	1.0000
38404	C	1.0000
38405	A	1.0000
38406	G	1.0000
38407	A	1.0000
38408	G	1.0000
38409	C	1.0000
38410	C	1.0000
38411	G	1.0000
38412	G	1.0000
38413	A	1.0000
38414	G	1.0000
38415	G	1.0000
38416	C	1.0000
38417	G	1.0000
38418	T	1.0000
38419	A	1.0000
38420	T	1.0000
38421	T	1.0000
38422	T	1.0000
38423	T	1.0000
38424	C	1.0000
38425	G	1.0000
38426	T	1.0000
38427	A	1.0000
38428	T	1.0000
38429	C	1.0000
38430	G	1.0000
38431	C	1.0000
38432	A	1.0000
38433	C	1.0000
38434	C	1.0000
38435	G	1.0000
38436	G	1.0000
38437	A	1.0000
38438	A	1.0000
38439	G	1.0000
38440	A	1.0000
38441	C	1.0000
38442	T	1.0000
38443	G	1.0000
38444	G	1.0000
38445	C	1.0000
38446	T	1.0000
38447	G	1.0000
38448	C	1.0000
38449	G	1.0000
38450	G	1.0000
38451	G	1.0000
38452	C	1.0000
38453	A	1.0000
38454	G	1.0000
38455	A	1.0000
38456	G	1.0000
38457	A	1.0000
38458	T	1.0000
38459	G	1.0000
38460	C	1.0000
38461	A	1.0000
38462	G	1.0000
38463	G	1.0000
38464	G	1.0000
38465	G	1.0000
38466	G	1.0000
38467	A	1.0000
38468	G	1.0000
38469	A	1.0000
38470	T	1.0000
38471	T	1.0000
38472	G	1.0000
38473	T	1.0000
38474	G	1.0000
38475	G	1.0000
38476	C	1.0000
38477	A	1.0000
38478	C	1.0000
38479	T	1.0000
38480	G	1.0000
38481	G	1.0000
38482	T	1.0000
38483	C	1.0000
38484	C	1.0000
38485	A	1.0000
38486	C	1.0000
38487	A	1.0000
38488	G	1.0000
38489	T	1.0000
38490	C	1.0000
38491	A	1.0000
38492	T	1.0000
38493	C	1.0000
38494	C	1.0000
38495	C	1.0000
38496	G	1.0000
38497	G	1.0000
38498	T	1.0000
38499	G	1.0000
38500	G	1.0000
38501	G	1.0000
38502	C	1.0000
38503	T	1.0000
38504	G	1.0000
38505	C	1.0000
38506	C	1.0000
38507	C	1.0000
38508	T	1.0000
38509	G	1.0000
38510	G	1.0000
38511	C	1.0000
38512	T	1.0000
38513	G	1.0000
38514	A	1.0000
38515	G	1.0000
38516	C	1.0000
38517	G	1.0000
38518	A	1.0000
38519	G	1.0000
38520	G	1.0000
38521	C	1.0000
38522	T	1.0000
38523	G	1.0000
38524	A	1.0000
38525	C	1.0000
38526	C	1.0000
38527	G	1.0000
38528	G	1.0000
38529	C	1.0000
38530	G	1.0000
38531	G	1.0000
38532	C	1.0000
38533	T	1.0000
38534	G	1.0000
38535	C	1.0000
38536	A	1.0000
38537	G	1.0000
38538	A	1.0000
38539	T	1.0000
38540	A	1.0000
38541	A	1.0000
38542	A	1.0000
38543	A	1.0000
38544	A	1.0000
38545	G	1.0000
38546	C	1.0000
38547	G	1.0000
38548	C	1.0000
38549	A	1.0000
38550	C	1.0000
38551	T	1.0000
38552	G	1.0000
38553	C	1.0000
38554	C	1.0000
38555	C	1.0000
38556	T	1.0000
38557	G	1.0000
38558	G	1.0000
38559	T	1.0000
38560	G	1.0000
38561	G	1.0000
38562	C	1.0000
38563	T	1.0000
38564	G	1.0000
38565	G	1.0000
38566	T	1.0000
38567	C	1.0000
38568	T	1.0000
38569	G	1.0000
38570	C	1.0000
38571	C	1.0000
38572	G	1.0000
38573	G	1.0000
38574	G	1.0000
38575	G	1.0000
38576	T	1.0000
38577	G	1.0000
38578	A	1.0000
38579	C	1.0000
38580	A	1.0000
38581	T	1.0000
38582	T	1.0000
38583	C	1.0000
38584	A	1.0000
38585	C	1.0000
38586	A	1.0000
38587	A	1.0000
38588	A	1.0000
38589	T	1.0000
38590	T	1.0000
38591	C	1.0000
38592	C	1.0000
38593	G	1.0000
38594	C	1.0000
38595	T	1.0000
38596	G	1.0000
38597	C	1.0000
38598	G	1.0000
38599	T	1.0000
38600	G	1.0000
38601	C	1.0000
38602	C	1.0000
38603	G	1.0000
38604	C	1.0000
38605	A	1.0000
38606	C	1.0000
38607	C	1.0000
38608	T	1.0000
38609	G	1.0000
38610	A	1.0000
38611	C	1.0000
38612	G	1.0000
38613	G	1.0000
38614	G	1.0000
38615	A	1.0000
38616	C	1.0000
38617	G	1.0000
38618	G	1.0000
38619	C	1.0000
38620	G	1.0000
38621	C	1.0000
38622	T	1.0000
38623	T	1.0000
38624	T	1.0000
38625	G	1.0000
38626	A	1.0000
38627	G	1.0000
38628	C	1.0000
38629	A	1.0000
38630	C	1.0000
38631	G	1.0000
38632	G	1.0000
38633	G	1.0000
38634	G	1.0000
38635	T	1.0000
38636	G	1.0000
38637	A	1.0000
38638	C	1.0000
38639	G	1.0000
38640	G	1.0000
38641	A	1.0000
38642	C	1.0000
38643	T	1.0000
38644	G	1.0000
38645	T	1.0000
38646	T	1.0000
38647	A	1.0000
38648	C	1.0000
38649	A	1.0000
38650	C	1.0000
38651	G	1.0000
38652	C	1.0000
38653	T	1.0000
38654	G	1.0000
38655	T	1.0000
38656	T	1.0000
38657	C	1.0000
38658	C	1.0000
38659	G	1.0000
38660	G	1.0000
38661	G	1.0000
38662	A	1.0000
38663	T	1.0000
38664	G	1.0000
38665	C	1.0000
38666	T	1.0000
38667	T	1.0000
38668	A	1.0000
38669	T	1.0000
38670	C	1.0000
38671	A	1.0000
38672	T	1.0000
38673	C	1.0000
38674	T	1.0000
38675	G	1.0000
38676	G	1.0000
38677	C	1.0000
38678	G	1.0000
38679	G	1.0000
38680	G	1.0000
38681	G	1.0000
38682	A	1.0000
38683	C	1.0000
38684	T	1.0000
38685	G	1.0000
38686	A	1.0000
38687	G	1.0000
38688	A	1.0000
38689	T	1.0000
38690	G	1.0000
38691	C	1.0000
38692	C	1.0000
38693	G	1.0000
38694	G	1.0000
38695	A	1.0000
38696	T	1.0000
38697	T	1.0000
38698	T	1.0000
38699	T	1.0000
38700	C	1.0000
38701	A	1.0000
38702	T	1.0000
38703	C	1.0000
38704	G	1.0000
38705	C	1.0000
38706	G	1.0000
38707	A	1.0000
38708	G	1.0000
38709	G	1.0000
38710	A	1.0000
38711	T	1.0000
38712	G	1.0000
38713	A	1.0000
38714	C	1.0000
38715	T	1.0000
38716	G	1.0000
38717	G	1.0000
38718	T	1.0000
38719	G	1.0000
38720	G	1.0000
38721	C	1.0000
38722	G	1.0000
38723	C	1.0000
38724	A	1.0000
38725	A	1.0000
38726	C	1.0000
38727	G	1.0000
38728	G	1.0000
38729	T	1.0000
38730	C	1.0000
38731	A	1.0000
38732	G	1.0000
38733	A	1.0000
38734	A	1.0000
38735	C	1.0000
38736	C	1.0000
38737	T	1.0000
38738	T	1.0000
38739	T	1.0000
38740	A	1.0000
38741	C	1.0000
38742	C	1.0000
38743	T	1.0000
38744	G	1.0000
38745	G	1.0000
38746	A	1.0000
38747	C	1.0000
38748	A	1.0000
38749	A	1.0000
38750	T	1.0000
38751	A	1.0000
38752	T	1.0000
38753	G	1.0000
38754	G	1.0000
38755	C	1.0000
38756	G	1.0000
38757	G	1.0000
38758	T	1.0000
38759	C	1.0000
38760	A	1.0000
38761	C	1.0000
38762	C	1.0000
38763	G	1.0000
38764	G	1.0000
38765	C	1.0000
38766	T	1.0000
38767	T	1.0000
38768	T	1.0000
38769	T	1.0000
38770	A	1.0000
38771	C	1.0000
38772	C	1.0000
38773	G	1.0000
38774	G	1.0000
38775	G	1.0000
38776	T	1.0000
38777	G	1.0000
38778	C	1.0000
38779	C	1.0000
38780	C	1.0000
38781	C	1.0000
38782	T	1.0000
38783	G	1.0000
38784	T	1.0000
38785	C	1.0000
38786	C	1.0000
38787	T	1.0000
38788	C	1.0000
38789	T	1.0000
38790	G	1.0000
38791	C	1.0000
38792	A	1.0000
38793	C	1.0000
38794	A	1.0000
38795	G	1.0000
38796	G	1.0000
38797	C	1.0000
38798	G	1.0000
38799	G	1.0000
38800	G	1.0000
38801	C	1.0000
38802	G	1.0000
38803	A	1.0000
38804	T	1.0000
38805	A	1.0000
38806	T	1.0000
38807	T	1.0000
38808	C	1.0000
38809	T	1.0000
38810	G	1.0000
38811	C	1.0000
38812	T	1.0000
38813	G	1.0000
38814	T	1.0000
38815	G	1.0000
38816	C	1.0000
38817	T	1.0000
38818	G	1.0000
38819	C	1.0000
38820	T	1.0000
38821	T	1.0000
38822	T	1.0000
38823	G	1.0000
38824	G	1.0000
38825	T	1.0000
38826	G	1.0000
38827	C	1.0000
38828	T	1.0000
38829	T	1.0000
38830	C	1.0000
38831	G	1.0000
38832	G	1.0000
38833	T	1.0000
38834	A	1.0000
38835	C	1.0000
38836	C	1.0000
38837	G	1.0000
38838	A	1.0000
38839	A	1.0000
38840	C	1.0000
38841	C	1.0000
38842	A	1.0000
38843	T	1.0000
38844	G	1.0000
38845	C	1.0000
38846	C	1.0000
38847	G	1.0000
38848	C	1.0000
38849	C	1.0000
38850	A	1.0000
38851	T	1.0000
38852	T	1.0000
38853	T	1.0000
38854	A	1.0000
38855	C	1.0000
38856	T	1.0000
38857	G	1.0000
38858	C	1.0000
38859	G	1.0000
38860	G	1.0000
38861	C	1.0000
38862	A	1.0000
38863	A	1.0000
38864	C	1.0000
38865	G	1.0000
38866	G	1.0000
38867	T	1.0000
38868	G	1.0000
38869	A	1.0000
38870	G	1.0000
38871	C	1.0000
38872	T	1.0000
38873	G	1.0000
38874	C	1.0000
38875	T	1.0000
38876	T	1.0000
38877	C	1.0000
38878	A	1.0000
38879	C	1.0000
38880	C	1.0000
38881	A	1.0000
38882	T	1.0000
38883	C	1.0000
38884	T	1.0000
38885	G	1.0000
38886	C	1.0000
38887	C	1.0000
38888	T	1.0000
38889	G	1.0000
38890	A	1.0000
38891	A	1.0000
38892	C	1.0000
38893	A	1.0000
38894	A	1.0000
38895	C	1.0000
38896	T	1.0000
38897	G	1.0000
38898	A	1.0000
38899	G	1.0000
38900	T	1.0000
38901	A	1.0000
38902	A	1.0000
38903	A	1.0000
38904	C	1.0000
38905	G	1.0000
38906	G	1.0000
38907	G	1.0000
38908	A	1.0000
38909	G	1.0000
38910	A	1.0000
38911	G	1.0000
38912	G	1.0000
38913	T	1.0000
38914	A	1.0000
38915	T	1.0000
38916	T	1.0000
38917	C	1.0000
38918	C	1.0000
38919	G	1.0000
38920	A	1.0000
38921	A	1.0000
38922	A	1.0000
38923	A	1.0000
38924	A	1.0000
38925	T	1.0000
38926	G	1.0000
38927	G	1.0000
38928	C	1.0000
38929	A	1.0000
38930	A	1.0000
38931	C	1.0000
38932	G	1.0000
38933	A	1.0000
38934	C	1.0000
38935	G	1.0000
38936	A	1.0000
38937	A	1.0000
38938	C	1.0000
38939	G	1.0000
38940	C	1.0000
38941	A	1.0000
38942	T	1.0000
38943	T	1.0000
38944	C	1.0000
38945	T	1.0000
38946	G	1.0000
38947	T	1.0000
38948	C	1.0000
38949	T	1.0000
38950	G	1.0000
38951	G	1.0000
38952	C	1.0000
38953	G	1.0000
38954	T	1.0000
38955	C	1.0000
38956	A	1.0000
38957	C	1.0000
38958	C	1.0000
38959	G	1.0000
38960	C	1.0000
38961	C	1.0000
38962	A	1.0000
38963	C	1.0000
38964	T	1.0000
38965	G	1.0000
38966	G	1.0000
38967	C	1.0000
38968	A	1.0000
38969	C	1.0000
38970	G	1.0000
38971	C	1.0000
38972	A	1.0000
38973	T	1.0000
38974	C	1.0000
38975	T	1.0000
38976	G	1.0000
38977	C	1.0000
38978	C	1.0000
38979	T	1.0000
38980	T	1.0000
38981	C	1.0000
38982	A	1.0000
38983	C	1.0000
38984	G	1.0000
38985	G	1.0000
38986	G	1.0000
38987	G	1.0000
38988	A	1.0000
38989	T	1.0000
38990	T	1.0000
38991	T	1.0000
38992	A	1.0000
38993	C	1.0000
38994	A	1.0000
38995	A	1.0000
38996	C	1.0000
38997	G	1.0000
38998	A	1.0000
38999	T	1.0000
39000	T	1.0000
39001	T	1.0000
39002	G	1.0000
39003	G	1.0000
39004	C	1.0000
39005	C	1.0000
39006	G	1.0000
39007	C	1.0000
39008	C	1.0000
39009	G	1.0000
39010	C	1.0000
39011	C	1.0000
39012	T	1.0000
39013	C	1.0000
39014	A	1.0000
39015	G	1.0000
39016	C	1.0000
39017	C	1.0000
39018	T	1.0000
39019	G	1.0000
39020	T	1.0000
39021	A	1.0000
39022	T	1.0000
39023	G	1.0000
39024	T	1.0000
39025	G	1.0000
39026	A	1.0000
39027	A	1.0000
39028	C	1.0000
39029	A	1.0000
39030	C	1.0000
39031	G	1.0000
39032	G	1.0000
39033	C	1.0000
39034	A	1.0000
39035	G	1.0000
39036	C	1.0000
39037	G	1.0000
39038	G	1.0000
39039	A	1.0000
39040	A	1.0000
39041	G	1.0000
39042	C	1.0000
39043	C	1.0000
39044	A	1.0000
39045	T	1.0000
39046	T	1.0000
39047	C	1.0000
39048	G	1.0000
39049	C	1.0000
39050	G	1.0000
39051	C	1.0000
39052	C	1.0000
39053	C	1.0000
39054	T	1.0000
39055	G	1.0000
39056	T	1.0000
39057	C	1.0000
39058	G	1.0000
39059	A	1.0000
39060	T	1.0000
39061	G	1.0000
39062	C	1.0000
39063	A	1.0000
39064	G	1.0000
39065	A	1.0000
39066	T	1.0000
39067	G	1.0000
39068	C	1.0000
39069	C	1.0000
39070	G	1.0000
39071	G	1.0000
39072	G	1.0000
39073	C	1.0000
39074	T	1.0000
39075	T	1.0000
39076	T	1.0000
39077	C	1.0000
39078	G	1.0000
39079	C	1.0000
39080	C	1.0000
39081	G	1.0000
39082	T	1.0000
39083	C	1.0000
39084	A	1.0000
39085	G	1.0000
39086	A	1.0000
39087	T	1.0000
39088	G	1.0000
39089	A	1.0000
39090	A	1.0000
39091	C	1.0000
39092	G	1.0000
39093	A	1.0000
39094	A	1.0000
39095	G	1.0000
39096	G	1.0000
39097	C	1.0000
39098	T	1.0000
39099	G	1.0000
39100	G	1.0000
39101	T	1.0000
39102	A	1.0000
39103	C	1.0000
39104	C	1.0000
39105	A	1.0000
39106	G	1.0000
39107	A	1.0000
39108	T	1.0000
39109	A	1.0000
39110	C	1.0000
39111	G	1.0000
39112	T	1.0000
39113	A	1.0000
39114	T	1.0000
39115	T	1.0000
39116	G	1.0000
39117	C	1.0000
39118	C	1.0000
39119	G	1.0000
39120	G	1.0000
39121	T	1.0000
39122	G	1.0000
39123	A	1.0000
39124	T	1.0000
39125	G	1.0000
39126	A	1.0000
39127	C	1.0000
39128	A	1.0000
39129	C	1.0000
39130	G	1.0000
39131	G	1.0000
39132	C	1.0000
39133	A	1.0000
39134	C	1.0000
39135	C	1.0000
39136	G	1.0000
39137	G	1.0000
39138	A	1.0000
39139	G	1.0000
39140	G	1.0000
39141	C	1.0000
39142	G	1.0000
39143	G	1.0000
39144	T	1.0000
39145	G	1.0000
39146	T	1.0000
39147	A	1.0000
39148	T	1.0000
39149	G	1.0000
39150	C	1.0000
39151	C	1.0000
39152	C	1.0000
39153	G	1.0000
39154	T	1.0000
39155	C	1.0000
39156	T	1.0000
39157	T	1.0000
39158	C	1.0000
39159	A	1.0000
39160	C	1.0000
39161	G	1.0000
39162	A	1.0000
39163	A	1.0000
39164	C	1.0000
39165	A	1.0000
39166	G	1.0000
39167	T	1.0000
39168	T	1.0000
39169	G	1.0000
39170	G	1.0000
39171	G	1.0000
39172	T	1.0000
39173	G	1.0000
39174	A	1.0000
39175	G	1.0000
39176	G	1.0000
39177	G	1.0000
39178	A	1.0000
39179	A	1.0000
39180	C	1.0000
39181	G	1.0000
39182	G	1.0000
39183	T	1.0000
39184	C	1.0000
39185	A	1.0000
39186	T	1.0000
39187	C	1.0000
39188	C	1.0000
39189	A	1.0000
39190	C	1.0000
39191	A	1.0000
39192	T	1.0000
39193	T	1.0000
39194	G	1.0000
39195	T	1.0000
39196	G	1.0000
39197	C	1.0000
39198	C	1.0000
39199	G	1.0000
39200	C	1.0000
39201	G	1.0000
39202	A	1.0000
39203	C	1.0000
39204	T	1.0000
39205	G	1.0000
39206	G	1.0000
39207	C	1.0000
39208	C	1.0000
39209	G	1.0000
39210	G	1.0000
39211	G	1.0000
39212	G	1.0000
39213	C	1.0000
39214	C	1.0000
39215	G	1.0000
39216	G	1.0000
39217	A	1.0000
39218	A	1.0000
39219	A	1.0000
39220	G	1.0000
39221	G	1.0000
39222	G	1.0000
39223	T	1.0000
39224	G	1.0000
39225	G	1.0000
39226	A	1.0000
39227	C	1.0000
39228	T	1.0000
39229	G	1.0000
39230	C	1.0000
39231	A	1.0000
39232	G	1.0000
39233	A	1.0000
39234	T	1.0000
39235	T	1.0000
39236	G	1.0000
39237	T	1.0000
39238	G	1.0000
39239	C	1.0000
39240	T	1.0000
39241	G	1.0000
39242	G	1.0000
39243	G	1.0000
39244	G	1.0000
39245	G	1.0000
39246	C	1.0000
39247	G	1.0000
39248	G	1.0000
39249	C	1.0000
39250	A	1.0000
39251	G	1.0000
39252	C	1.0000
39253	C	1.0000
39254	A	1.0000
39255	T	1.0000
39256	C	1.0000
39257	G	1.0000
39258	T	1.0000
39259	G	1.0000
39260	G	1.0000
39261	G	1.0000
39262	C	1.0000
39263	T	1.0000
39264	C	1.0000
39265	T	1.0000
39266	T	1.0000
39267	T	1.0000
39268	C	1.0000
39269	T	1.0000
39270	T	1.0000
39271	C	1.0000
39272	A	1.0000
39273	C	1.0000
39274	G	1.0000
39275	G	1.0000
39276	C	1.0000
39277	C	1.0000
39278	G	1.0000
39279	G	1.0000
39280	A	1.0000
39281	G	1.0000
39282	G	1.0000
39283	C	1.0000
39284	T	1.0000
39285	C	1.0000
39286	G	1.0000
39287	A	1.0000
39288	T	1.0000
39289	G	1.0000
39290	G	1.0000
39291	C	1.0000
39292	G	1.0000
39293	T	1.0000
39294	T	1.0000
39295	A	1.0000
39296	T	1.0000
39297	G	1.0000
39298	G	1.0000
39299	G	1.0000
39300	G	1.0000
39301	T	1.0000
39302	A	1.0000
39303	C	1.0000
39304	A	1.0000
39305	G	1.0000
39306	C	1.0000
39307	C	1.0000
39308	C	1.0000
39309	T	1.0000
39310	G	1.0000
39311	A	1.0000
39312	G	1.0000
39313	T	1.0000
39314	G	1.0000
39315	C	1.0000
39316	C	1.0000
39317	G	1.0000
39318	G	1.0000
39319	T	1.0000
39320	G	1.0000
39321	G	1.0000
39322	T	1.0000
39323	T	1.0000
39324	T	1.0000
39325	T	1.0000
39326	T	1.0000
39327	C	1.0000
39328	T	1.0000
39329	G	1.0000
39330	C	1.0000
39331	C	1.0000
39332	A	1.0000
39333	C	1.0000
39334	C	1.0000
39335	A	1.0000
39336	C	1.0000
39337	G	1.0000
39338	A	1.0000
39339	T	1.0000
39340	G	1.0000
39341	C	1.0000
39342	T	1.0000
39343	G	1.0000
39344	T	1.0000
39345	T	1.0000
39346	T	1.0000
39347	T	1.0000
39348	C	1.0000
39349	A	1.0000
39350	C	1.0000
39351	T	1.0000
39352	G	1.0000
39353	G	1.0000
39354	G	1.0000
39355	T	1.0000
39356	G	1.0000
39357	C	1.0000
39358	C	1.0000
39359	A	1.0000
39360	G	1.0000
39361	C	1.0000
39362	A	1.0000
39363	T	1.0000
39364	G	1.0000
39365	A	1.0000
39366	T	1.0000
39367	A	1.0000
39368	C	1.0000
39369	T	1.0000
39370	G	1.0000
39371	G	1.0000
39372	G	1.0000
39373	C	1.0000
39374	G	1.0000
39375	G	1.0000
39376	A	1.0000
39377	G	1.0000
39378	T	1.0000
39379	G	1.0000
39380	G	1.0000
39381	C	1.0000
39382	C	1.0000
39383	C	1.0000
39384	A	1.0000
39385	G	1.0000
39386	A	1.0000
39387	T	1.0000
39388	G	1.0000
39389	C	1.0000
39390	T	1.0000
39391	G	1.0000
39392	G	1.0000
39393	C	1.0000
39394	C	1.0000
39395	C	1.0000
39396	C	1.0000
39397	G	1.0000
39398	A	1.0000
39399	A	1.0000
39400	G	1.0000
39401	G	1.0000
39402	C	1.0000
39403	A	1.0000
39404	A	1.0000
39405	A	1.0000
39406	A	1.0000
39407	A	1.0000
39408	C	1.0000
39409	A	1.0000
39410	C	1.0000
39411	C	1.0000
39412	G	1.0000
39413	G	1.0000
39414	A	1.0000
39415	T	1.0000
39416	T	1.0000
39417	A	1.0000
39418	C	1.0000
39419	C	1.0000
39420	G	1.0000
39421	C	1.0000
39422	G	1.0000
39423	C	1.0000
39424	A	1.0000
39425	A	1.0000
39426	C	1.0000
39427	G	1.0000
39428	G	1.0000
39429	A	1.0000
39430	T	1.0000
39431	A	1.0000
39432	A	1.0000
39433	C	1.0000
39434	G	1.0000
39435	G	1.0000
39436	C	1.0000
39437	A	1.0000
39438	G	1.0000
39439	A	1.0000
39440	C	1.0000
39441	A	1.0000
39442	G	1.0000
39443	A	1.0000
39444	A	1.0000
39445	C	1.0000
39446	A	1.0000
39447	C	1.0000
39448	G	1.0000
39449	T	1.0000
39450	A	1.0000
39451	C	1.0000
39452	T	1.0000
39453	T	1.0000
39454	T	1.0000
39455	T	1.0000
39456	C	1.0000
39457	C	1.0000
39458	T	1.0000
39459	C	1.0000
39460	G	1.0000
39461	C	1.0000
39462	T	1.0000
39463	G	1.0000
39464	G	1.0000
39465	A	1.0000
39466	T	1.0000
39467	A	1.0000
39468	A	1.0000
39469	C	1.0000
39470	A	1.0000
39471	T	1.0000
39472	G	1.0000
39473	A	1.0000
39474	T	1.0000
39475	T	1.0000
39476	G	1.0000
39477	C	1.0000
39478	C	1.0000
39479	C	1.0000
39480	A	1.0000
39481	G	1.0000
39482	G	1.0000
39483	G	1.0000
39484	G	1.0000
39485	A	1.0000
39486	A	1.0000
39487	C	1.0000
39488	C	1.0000
39489	C	1.0000
39490	G	1.0000
39491	A	1.0000
39492	T	1.0000
39493	G	1.0000
39494	C	1.0000
39495	C	1.0000
39496	G	1.0000
39497	G	1.0000
39498	T	1.0000
39499	G	1.0000
39500	C	1.0000
39501	C	1.0000
39502	T	1.0000
39503	T	1.0000
39504	A	1.0000
39505	C	1.0000
39506	G	1.0000
39507	G	1.0000
39508	G	1.0000
39509	G	1.0000
39510	A	1.0000
39511	A	1.0000
39512	A	1.0000
39513	T	1.0000
39514	G	1.0000
39515	C	1.0000
39516	T	1.0000
39517	G	1.0000
39518	G	1.0000
39519	T	1.0000
39520	T	1.0000
39521	G	1.0000
39522	G	1.0000
39523	C	1.0000
39524	T	1.0000
39525	C	1.0000
39526	C	1.0000
39527	C	1.0000
39528	G	1.0000
39529	C	1.0000
39530	C	1.0000
39531	G	1.0000
39532	T	1.0000
39533	A	1.0000
39534	T	1.0000
39535	A	1.0000
39536	T	1.0000
39537	C	1.0000
39538	C	1.0000
39539	C	1.0000
39540	A	1.0000
39541	G	1.0000
39542	G	1.0000
39543	A	1.0000
39544	C	1.0000
39545	A	1.0000
39546	T	1.0000
39547	C	1.0000
39548	A	1.0000
39549	G	1.0000
39550	C	1.0000
39551	A	1.0000
39552	C	1.0000
39553	C	1.0000
39554	C	1.0000
39555	G	1.0000
39556	T	1.0000
39557	G	1.0000
39558	A	1.0000
39559	T	1.0000
39560	G	1.0000
39561	A	1.0000
39562	A	1.0000
39563	G	1.0000
39564	G	1.0000
39565	C	1.0000
39566	G	1.0000
39567	G	1.0000
39568	G	1.0000
39569	G	1.0000
39570	G	1.0000
39571	C	1.0000
39572	G	1.0000
39573	G	1.0000
39574	A	1.0000
39575	A	1.0000
39576	A	1.0000
39577	G	1.0000
39578	G	1.0000
39579	T	1.0000
39580	C	1.0000
39581	G	1.0000
39582	T	1.0000
39583	G	1.0000
39584	G	1.0000
39585	T	1.0000
39586	T	1.0000
39587	A	1.0000
39588	T	1.0000
39589	C	1.0000
39590	G	1.0000
39591	G	1.0000
39592	G	1.0000
39593	C	1.0000
39594	G	1.0000
39595	G	1.0000
39596	C	1.0000
39597	A	1.0000
39598	G	1.0000
39599	G	1.0000
39600	G	1.0000
39601	G	1.0000
39602	T	1.0000
39603	A	1.0000
39604	A	1.0000
39605	A	1.0000
39606	A	1.0000
39607	A	1.0000
39608	G	1.0000
39609	A	1.0000
39610	A	1.0000
39611	T	1.0000
39612	A	1.0000
39613	A	1.0000
39614	A	1.0000
39615	A	1.0000
39616	A	1.0000
39617	A	1.0000
39618	A	1.0000
39619	T	1.0000
39620	C	1.0000
39621	C	1.0000
39622	C	1.0000
39623	G	1.0000
39624	C	1.0000
39625	A	1.0000
39626	G	1.0000
39627	T	1.0000
39628	G	1.0000
39629	A	1.0000
39630	T	1.0000
39631	C	1.0000
39632	G	1.0000
39633	C	1.0000
39634	G	1.0000
39635	G	1.0000
39636	A	1.0000
39637	C	1.0000
39638	A	1.0000
39639	G	1.0000
39640	G	1.0000
39641	A	1.0000
39642	A	1.0000
39643	C	1.0000
39644	T	1.0000
39645	G	1.0000
39646	C	1.0000
39647	G	1.0000
39648	G	1.0000
39649	G	1.0000
39650	A	1.0000
39651	G	1.0000
39652	A	1.0000
39653	G	1.0000
39654	T	1.0000
39655	T	1.0000
39656	A	1.0000
39657	C	1.0000
39658	G	1.0000
39659	A	1.0000
39660	A	1.0000
39661	G	1.0000
39662	A	1.0000
39663	T	1.0000
39664	T	1.0000
39665	A	1.0000
39666	A	1.0000
39667	G	1.0000
39668	T	1.0000
39669	G	1.0000
39670	T	1.0000
39671	A	1.0000
39672	A	1.0000
39673	G	1.0000
39674	G	1.0000
39675	A	1.0000
39676	A	1.0000
39677	T	1.0000
39678	T	1.0000
39679	A	1.0000
39680	T	1.0000
39681	T	1.0000
39682	C	1.0000
39683	T	1.0000
39684	T	1.0000
39685	A	1.0000
39686	T	1.0000
39687	A	1.0000
39688	T	1.0000
39689	C	1.0000
39690	A	1.0000
39691	C	1.0000
39692	G	1.0000
39693	A	1.0000
39694	C	1.0000
39695	A	1.0000
39696	A	1.0000
39697	A	1.0000
39698	A	1.0000
39699	A	1.0000
39700	A	1.0000
39701	A	1.0000
39702	T	1.0000
39703	T	1.0000
39704	A	1.0000
39705	A	1.0000
39706	C	1.0000
39707	G	1.0000
39708	C	1.0000
39709	A	1.0000
39710	G	1.0000
39711	A	1.0000
39712	G	1.0000
39713	A	1.0000
39714	A	1.0000
39715	A	1.0000
39716	T	1.0000
39717	T	1.0000
39718	A	1.0000
39719	T	1.0000
39720	A	1.0000
39721	C	1.0000
39722	G	1.0000
39723	C	1.0000
39724	G	1.0000
39725	C	1.0000
39726	C	1.0000
39727	A	1.0000
39728	C	1.0000
39729	A	1.0000
39730	G	1.0000
39731	T	1.0000
39732	C	1.0000
39733	A	1.0000
39734	G	1.0000
39735	T	1.0000
39736	G	1.0000
39737	T	1.0000
39738	G	1.0000
39739	T	1.0000
39740	G	1.0000
39741	A	1.0000
39742	A	1.0000
39743	A	1.0000
39744	A	1.0000
39745	T	1.0000
39746	G	1.0000
39747	T	1.0000
39748	G	1.0000
39749	A	1.0000
39750	A	1.0000
39751	G	1.0000
39752	A	1.0000
39753	T	1.0000
39754	A	1.0000
39755	T	1.0000
39756	T	1.0000
39757	C	1.0000
39758	A	1.0000
39759	G	1.0000
39760	A	1.0000
39761	A	1.0000
39762	T	1.0000
39763	T	1.0000
39764	T	1.0000
39765	T	1.0000
39766	T	1.0000
39767	A	1.0000
39768	T	1.0000
39769	G	1.0000
39770	C	1.0000
39771	C	1.0000
39772	A	1.0000
39773	T	1.0000
39774	T	1.0000
39775	A	1.0000
39776	C	1.0000
39777	C	1.0000
39778	G	1.0000
39779	G	1.0000
39780	T	1.0000
39781	T	1.0000
39782	T	1.0000
39783	T	1.0000
39784	A	1.0000
39785	A	1.0000
39786	C	1.0000
39787	C	1.0000
39788	A	1.0000
39789	A	1.0000
39790	C	1.0000
39791	A	1.0000
39792	G	1.0000
39793	G	1.0000
39794	A	1.0000
39795	T	1.0000
39796	T	1.0000
39797	A	1.0000
39798	T	1.0000
39799	C	1.0000
39800	G	1.0000
39801	G	1.0000
39802	T	1.0000
39803	G	1.0000
39804	G	1.0000
39805	G	1.0000
39806	C	1.0000
39807	A	1.0000
39808	T	1.0000
39809	G	1.0000
39810	A	1.0000
39811	A	1.0000
39812	A	1.0000
39813	G	1.0000
39814	A	1.0000
39815	A	1.0000
39816	A	1.0000
39817	A	1.0000
39818	C	1.0000
39819	C	1.0000
39820	C	1.0000
39821	C	1.0000
39822	G	1.0000
39823	G	1.0000
39824	T	1.0000
39825	A	1.0000
39826	T	1.0000
39827	C	1.0000
39828	T	1.0000
39829	G	1.0000
39830	C	1.0000
39831	T	1.0000
39832	G	1.0000
39833	A	1.0000
39834	T	1.0000
39835	A	1.0000
39836	C	1.0000
39837	C	1.0000
39838	G	1.0000
39839	G	1.0000
39840	G	1.0000
39841	G	1.0000
39842	T	1.0000
39843	T	1.0000
39844	T	1.0000
39845	C	1.0000
39846	T	1.0000
39847	C	1.0000
39848	T	1.0000
39849	T	1.0000
39850	T	1.0000
39851	A	1.0000
39852	G	1.0000
39853	C	1.0000
39854	A	1.0000
39855	T	1.0000
39856	G	1.0000
39857	G	1.0000
39858	C	1.0000
39859	A	1.0000
39860	G	1.0000
39861	A	1.0000
39862	A	1.0000
39863	A	1.0000
39864	T	1.0000
39865	G	1.0000
39866	T	1.0000
39867	G	1.0000
39868	T	1.0000
39869	T	1.0000
39870	T	1.0000
39871	C	1.0000
39872	A	1.0000
39873	T	1.0000
39874	G	1.0000
39875	C	1.0000
39876	T	1.0000
39877	T	1.0000
39878	T	1.0000
39879	T	1.0000
39880	C	1.0000
39881	G	1.0000
39882	G	1.0000
39883	G	1.0000
39884	C	1.0000
39885	G	1.0000
39886	A	1.0000
39887	A	1.0000
39888	G	1.0000
39889	G	1.0000
39890	A	1.0000
39891	T	1.0000
39892	A	1.0000
39893	T	1.0000
39894	C	1.0000
39895	C	1.0000
39896	G	1.0000
39897	A	1.0000
39898	C	1.0000
39899	T	1.0000
39900	T	1.0000
39901	C	1.0000
39902	T	1.0000
39903	G	1.0000
39904	T	1.0000
39905	A	1.0000
39906	C	1.0000
39907	G	1.0000
39908	G	1.0000
39909	A	1.0000
39910	A	1.0000
39911	T	1.0000
39912	G	1.0000
39913	G	1.0000
39914	C	1.0000
39915	A	1.0000
39916	A	1.0000
39917	G	1.0000
39918	T	1.0000
39919	G	1.0000
39920	G	1.0000
39921	C	1.0000
39922	G	1.0000
39923	G	1.0000
39924	T	1.0000
39925	T	1.0000
39926	A	1.0000
39927	A	1.0000
39928	T	1.0000
39929	T	1.0000
39930	T	1.0000
39931	A	1.0000
39932	T	1.0000
39933	T	1.0000
39934	C	1.0000
39935	A	1.0000
39936	G	1.0000
39937	G	1.0000
39938	G	1.0000
39939	G	1.0000
39940	A	1.0000
39941	A	1.0000
39942	G	1.0000
39943	G	1.0000
39944	C	1.0000
39945	T	1.0000
39946	G	1.0000
39947	T	1.0000
39948	A	1.0000
39949	T	1.0000
39950	G	1.0000
39951	G	1.0000
39952	G	1.0000
39953	A	1.0000
39954	A	1.0000
39955	A	1.0000
39956	A	1.0000
39957	G	1.0000
39958	G	1.0000
39959	T	1.0000
39960	G	1.0000
39961	G	1.0000
39962	C	1.0000
39963	G	1.0000
39964	G	1.0000
39965	T	1.0000
39966	A	1.0000
39967	A	1.0000
39968	G	1.0000
39969	G	1.0000
39970	C	1.0000
39971	A	1.0000
39972	C	1.0000
39973	A	1.0000
39974	C	1.0000
39975	A	1.0000
39976	C	1.0000
39977	G	1.0000
39978	C	1.0000
39979	C	1.0000
39980	T	1.0000
39981	C	1.0000
39982	G	1.0000
39983	T	1.0000
39984	G	1.0000
39985	A	1.0000
39986	G	1.0000
39987	G	1.0000
39988	C	1.0000
39989	G	1.0000
39990	A	1.0000
39991	A	1.0000
39992	G	1.0000
39993	G	1.0000
39994	A	1.0000
39995	T	1.0000
39996	A	1.0000
39997	A	1.0000
39998	T	1.0000
39999	C	1.0000
40000	T	1.0000
40001	C	1.0000
40002	A	1.0000
40003	A	1.0000
40004	A	1.0000
40005	T	1.0000
40006	C	1.0000
40007	C	1.0000
40008	A	1.0000
40009	C	1.0000
40010	G	1.0000
40011	C	1.0000
40012	A	1.0000
40013	G	1.0000
40014	A	1.0000
40015	T	1.0000
40016	G	1.0000
40017	A	1.0000
40018	T	1.0000
40019	G	1.0000
40020	A	1.0000
40021	G	1.0000
40022	C	1.0000
40023	G	1.0000
40024	T	1.0000
40025	G	1.0000
40026	A	1.0000
40027	T	1.0000
40028	T	1.0000
40029	G	1.0000
40030	A	1.0000
40031	T	1.0000
40032	G	1.0000
40033	C	1.0000
40034	G	1.0000
40035	A	1.0000
40036	T	1.0000
40037	T	1.0000
40038	G	1.0000
40039	G	1.0000
40040	T	1.0000
40041	G	1.0000
40042	A	1.0000
40043	G	1.0000
40044	G	1.0000
40045	G	1.0000
40046	A	1.0000
40047	C	1.0000
40048	C	1.0000
40049	G	1.0000
40050	A	1.0000
40051	T	1.0000
40052	A	1.0000
40053	G	1.0000
40054	A	1.0000
40055	A	1.0000
40056	G	1.0000
40057	G	1.0000
40058	T	1.0000
40059	C	1.0000
40060	C	1.0000
40061	G	1.0000
40062	G	1.0000
40063	T	1.0000
40064	G	1.0000
40065	A	1.0000
40066	A	1.0000
40067	G	1.0000
40068	G	1.0000
40069	G	1.0000
40070	A	1.0000
40071	C	1.0000
40072	T	1.0000
40073	G	1.0000
40074	C	1.0000
40075	A	1.0000
40076	G	1.0000
40077	A	1.0000
40078	G	1.0000
40079	T	1.0000
40080	A	1.0000
40081	T	1.0000
40082	T	1.0000
40083	C	1.0000
40084	T	1.0000
40085	G	1.0000
40086	G	1.0000
40087	T	1.0000
40088	G	1.0000
40089	A	1.0000
40090	A	1.0000
40091	C	1.0000
40092	A	1.0000
40093	A	1.0000
40094	A	1.0000
40095	A	1.0000
40096	C	1.0000
40097	C	1.0000
40098	C	1.0000
40099	C	1.0000
40100	G	1.0000
40101	C	1.0000
40102	T	1.0000
40103	G	1.0000
40104	A	1.0000
40105	C	1.0000
40106	G	1.0000
40107	G	1.0000
40108	A	1.0000
40109	C	1.0000
40110	A	1.0000
40111	C	1.0000
40112	G	1.0000
40113	G	1.0000
40114	A	1.0000
40115	C	1.0000
40116	G	1.0000
40117	G	1.0000
40118	C	1.0000
40119	A	1.0000
40120	A	1.0000
40121	T	1.0000
40122	C	1.0000
40123	C	1.0000
40124	C	1.0000
40125	G	1.0000
40126	T	1.0000
40127	G	1.0000
40128	A	1.0000
40129	T	1.0000
40130	A	1.0000
40131	C	1.0000
40132	A	1.0000
40133	C	1.0000
40134	G	1.0000
40135	G	1.0000
40136	T	1.0000
40137	G	1.0000
40138	T	1.0000
40139	G	1.0000
40140	A	1.0000
40141	C	1.0000
40142	G	1.0000
40143	G	1.0000
40144	C	1.0000
40145	G	1.0000
40146	G	1.0000
40147	T	1.0000
40148	C	1.0000
40149	T	1.0000
40150	G	1.0000
40151	G	1.0000
40152	C	1.0000
40153	G	1.0000
40154	C	1.0000
40155	G	1.0000
40156	C	1.0000
40157	C	1.0000
40158	G	1.0000
40159	G	1.0000
40160	G	1.0000
40161	G	1.0000
40162	A	1.0000
40163	G	1.0000
40164	C	1.0000
40165	A	1.0000
40166	G	1.0000
40167	G	1.0000
40168	A	1.0000
40169	G	1.0000
40170	C	1.0000
40171	A	1.0000
40172	G	1.0000
40173	A	1.0000
40174	C	1.0000
40175	A	1.0000
40176	C	1.0000
40177	C	1.0000
40178	A	1.0000
40179	C	1.0000
40180	C	1.0000
40181	G	1.0000
40182	G	1.0000
40183	A	1.0000
40184	A	1.0000
40185	G	1.0000
40186	G	1.0000
40187	C	1.0000
40188	T	1.0000
40189	T	1.0000
40190	T	1.0000
40191	G	1.0000
40192	A	1.0000
40193	G	1.0000
40194	T	1.0000
40195	C	1.0000
40196	C	1.0000
40197	T	1.0000
40198	C	1.0000
40199	C	1.0000
40200	G	1.0000
40201	G	1.0000
40202	A	1.0000
40203	G	1.0000
40204	C	1.0000
40205	T	1.0000
40206	G	1.0000
40207	A	1.0000
40208	A	1.0000
40209	A	1.0000
40210	C	1.0000
40211	C	1.0000
40212	G	1.0000
40213	G	1.0000
40214	A	1.0000
40215	C	1.0000
40216	T	1.0000
40217	G	1.0000
40218	G	1.0000
40219	G	1.0000
40220	C	1.0000
40221	G	1.0000
40222	T	1.0000
40223	G	1.0000
40224	G	1.0000
40225	A	1.0000
40226	A	1.0000
40227	G	1.0000
40228	T	1.0000
40229	G	1.0000
40230	A	1.0000
40231	C	1.0000
40232	G	1.0000
40233	A	1.0000
40234	A	1.0000
40235	G	1.0000
40236	G	1.0000
40237	C	1.0000
40238	A	1.0000
40239	A	1.0000
40240	A	1.0000
40241	A	1.0000
40242	C	1.0000
40243	C	1.0000
40244	G	1.0000
40245	G	1.0000
40246	T	1.0000
40247	G	1.0000
40248	A	1.0000
40249	C	1.0000
40250	G	1.0000
40251	C	1.0000
40252	G	1.0000
40253	C	1.0000
40254	A	1.0000
40255	C	1.0000
40256	C	1.0000
40257	A	1.0000
40258	T	1.0000
40259	T	1.0000
40260	A	1.0000
40261	C	1.0000
40262	G	1.0000
40263	T	1.0000
40264	C	1.0000
40265	C	1.0000
40266	G	1.0000
40267	C	1.0000
40268	G	1.0000
40269	A	1.0000
40270	A	1.0000
40271	C	1.0000
40272	A	1.0000
40273	T	1.0000
40274	T	1.0000
40275	G	1.0000
40276	A	1.0000
40277	C	1.0000
40278	C	1.0000
40279	G	1.0000
40280	C	1.0000
40281	C	1.0000
40282	T	1.0000
40283	G	1.0000
40284	C	1.0000
40285	G	1.0000
40286	G	1.0000
40287	G	1.0000
40288	T	1.0000
40289	T	1.0000
40290	A	1.0000
40291	C	1.0000
40292	C	1.0000
40293	T	1.0000
40294	T	1.0000
40295	C	1.0000
40296	G	1.0000
40297	G	1.0000
40298	G	1.0000
40299	G	1.0000
40300	T	1.0000
40301	G	1.0000
40302	C	1.0000
40303	A	1.0000
40304	G	1.0000
40305	T	1.0000
40306	C	1.0000
40307	A	1.0000
40308	C	1.0000
40309	T	1.0000
40310	G	1.0000
40311	G	1.0000
40312	T	1.0000
40313	G	1.0000
40314	G	1.0000
40315	A	1.0000
40316	G	1.0000
40317	A	1.0000
40318	C	1.0000
40319	C	1.0000
40320	A	1.0000
40321	C	1.0000
40322	C	1.0000
40323	T	1.0000
40324	C	1.0000
40325	A	1.0000
40326	A	1.0000
40327	A	1.0000
40328	G	1.0000
40329	G	1.0000
40330	G	1.0000
40331	T	1.0000
40332	G	1.0000
40333	A	1.0000
40334	C	1.0000
40335	C	1.0000
40336	G	1.0000
40337	T	1.0000
40338	A	1.0000
40339	A	1.0000
40340	C	1.0000
40341	C	1.0000
40342	C	1.0000
40343	G	1.0000
40344	G	1.0000
40345	C	1.0000
40346	A	1.0000
40347	T	1.0000
40348	C	1.0000
40349	C	1.0000
40350	G	1.0000
40351	T	1.0000
40352	C	1.0000
40353	C	1.0000
40354	G	1.0000
40355	C	1.0000
40356	C	1.0000
40357	T	1.0000
40358	G	1.0000
40359	C	1.0000
40360	T	1.0000
40361	G	1.0000
40362	A	1.0000
40363	T	1.0000
40364	T	1.0000
40365	C	1.0000
40366	A	1.0000
40367	G	1.0000
40368	T	1.0000
40369	T	1.0000
40370	A	1.0000
40371	C	1.0000
40372	A	1.0000
40373	G	1.0000
40374	C	1.0000
40375	G	1.0000
40376	T	1.0000
40377	A	1.0000
40378	A	1.0000
40379	C	1.0000
40380	G	1.0000
40381	G	1.0000
40382	T	1.0000
40383	A	1.0000
40384	A	1.0000
40385	C	1.0000
40386	T	1.0000
40387	G	1.0000
40388	G	1.0000
40389	G	1.0000
40390	T	1.0000
40391	G	1.0000
40392	A	1.0000
40393	C	1.0000
40394	A	1.0000
40395	G	1.0000
40396	A	1.0000
40397	A	1.0000
40398	A	1.0000
40399	A	1.0000
40400	G	1.0000
40401	G	1.0000
40402	A	1.0000
40403	C	1.0000
40404	G	1.0000
40405	T	1.0000
40406	C	1.0000
40407	A	1.0000
40408	C	1.0000
40409	C	1.0000
40410	A	1.0000
40411	T	1.0000
40412	T	1.0000
40413	A	1.0000
40414	A	1.0000
40415	C	1.0000
40416	G	1.0000
40417	G	1.0000
40418	C	1.0000
40419	A	1.0000
40420	A	1.0000
40421	G	1.0000
40422	A	1.0000
40423	C	1.0000
40424	C	1.0000
40425	A	1.0000
40426	C	1.0000
40427	C	1.0000
40428	T	1.0000
40429	C	1.0000
40430	A	1.0000
40431	C	1.0000
40432	A	1.0000
40433	G	1.0000
40434	T	1.0000
40435	T	1.0000
40436	C	1.0000
40437	C	1.0000
40438	T	1.0000
40439	G	1.0000
40440	G	1.0000
40441	C	1.0000
40442	C	1.0000
40443	T	1.0000
40444	C	1.0000
40445	G	1.0000
40446	G	1.0000
40447	T	1.0000
40448	G	1.0000
40449	A	1.0000
40450	T	1.0000
40451	T	1.0000
40452	C	1.0000
40453	T	1.0000
40454	G	1.0000
40455	G	1.0000
40456	A	1.0000
40457	T	1.0000
40458	A	1.0000
40459	A	1.0000
40460	T	1.0000
40461	C	1.0000
40462	T	1.0000
40463	G	1.0000
40464	C	1.0000
40465	C	1.0000
40466	T	1.0000
40467	C	1.0000
40468	C	1.0000
40469	C	1.0000
40470	C	1.0000
40471	G	1.0000
40472	G	1.0000
40473	C	1.0000
40474	C	1.0000
40475	C	1.0000
40476	T	1.0000
40477	T	1.0000
40478	T	1.0000
40479	A	1.0000
40480	A	1.0000
40481	C	1.0000
40482	A	1.0000
40483	T	1.0000
40484	C	1.0000
40485	C	1.0000
40486	G	1.0000
40487	G	1.0000
40488	A	1.0000
40489	T	1.0000
40490	G	1.0000
40491	G	1.0000
40492	T	1.0000
40493	C	1.0000
40494	A	1.0000
40495	G	1.0000
40496	G	1.0000
40497	G	1.0000
40498	A	1.0000
40499	G	1.0000
40500	A	1.0000
40501	C	1.0000
40502	G	1.0000
40503	G	1.0000
40504	C	1.0000
40505	G	1.0000
40506	G	1.0000
40507	A	1.0000
40508	C	1.0000
40509	A	1.0000
40510	G	1.0000
40511	C	1.0000
40512	A	1.0000
40513	C	1.0000
40514	C	1.0000
40515	A	1.0000
40516	C	1.0000
40517	G	1.0000
40518	G	1.0000
40519	A	1.0000
40520	C	1.0000
40521	C	1.0000
40522	A	1.0000
40523	G	1.0000
40524	C	1.0000
40525	T	1.0000
40526	G	1.0000
40527	C	1.0000
40528	A	1.0000
40529	G	1.0000
40530	A	1.0000
40531	A	1.0000
40532	T	1.0000
40533	A	1.0000
40534	A	1.0000
40535	G	1.0000
40536	A	1.0000
40537	C	1.0000
40538	G	1.0000
40539	C	1.0000
40540	T	1.0000
40541	G	1.0000
40542	T	1.0000
40543	G	1.0000
40544	G	1.0000
40545	T	1.0000
40546	C	1.0000
40547	G	1.0000
40548	T	1.0000
40549	C	1.0000
40550	A	1.0000
40551	T	1.0000
40552	A	1.0000
40553	C	1.0000
40554	A	1.0000
40555	C	1.0000
40556	C	1.0000
40557	G	1.0000
40558	A	1.0000
40559	A	1.0000
40560	A	1.0000
40561	T	1.0000
40562	C	1.0000
40563	A	1.0000
40564	T	1.0000
40565	C	1.0000
40566	G	1.0000
40567	A	1.0000
40568	T	1.0000
40569	G	1.0000
40570	T	1.0000
40571	G	1.0000
40572	A	1.0000
40573	A	1.0000
40574	A	1.0000
40575	C	1.0000
40576	A	1.0000
40577	G	1.0000
40578	T	1.0000
40579	G	1.0000
40580	C	1.0000
40581	T	1.0000
40582	A	1.0000
40583	C	1.0000
40584	C	1.0000
40585	C	1.0000
40586	G	1.0000
40587	A	1.0000
40588	A	1.0000
40589	C	1.0000
40590	A	1.0000
40591	C	1.0000
40592	G	1.0000
40593	G	1.0000
40594	C	1.0000
40595	C	1.0000
40596	A	1.0000
40597	T	1.0000
40598	T	1.0000
40599	G	1.0000
40600	T	1.0000
40601	G	1.0000
40602	G	1.0000
40603	G	1.0000
40604	G	1.0000
40605	C	1.0000
40606	T	1.0000
40607	G	1.0000
40608	C	1.0000
40609	A	1.0000
40610	G	1.0000
40611	G	1.0000
40612	T	1.0000
40613	G	1.0000
40614	G	1.0000
40615	A	1.0000
40616	T	1.0000
40617	G	1.0000
40618	C	1.0000
40619	G	1.0000
40620	G	1.0000
40621	A	1.0000
40622	G	1.0000
40623	C	1.0000
40624	A	1.0000
40625	G	1.0000
40626	T	1.0000
40627	T	1.0000
40628	C	1.0000
40629	G	1.0000
40630	G	1.0000
40631	C	1.0000
40632	G	1.0000
40633	G	1.0000
40634	C	1.0000
40635	C	1.0000
40636	A	1.0000
40637	G	1.0000
40638	C	1.0000
40639	A	1.0000
40640	G	1.0000
40641	A	1.0000
40642	T	1.0000
40643	G	1.0000
40644	A	1.0000
40645	C	1.0000
40646	G	1.0000
40647	G	1.0000
40648	T	1.0000
40649	G	1.0000
40650	A	1.0000
40651	A	1.0000
40652	C	1.0000
40653	T	1.0000
40654	A	1.0000
40655	C	1.0000
40656	C	1.0000
40657	A	1.0000
40658	T	1.0000
40659	A	1.0000
40660	T	1.0000
40661	C	1.0000
40662	C	1.0000
40663	G	1.0000
40664	C	1.0000
40665	G	1.0000
40666	G	1.0000
40667	T	1.0000
40668	C	1.0000
40669	G	1.0000
40670	T	1.0000
40671	A	1.0000
40672	T	1.0000
40673	C	1.0000
40674	A	1.0000
40675	T	1.0000
40676	C	1.0000
40677	C	1.0000
40678	A	1.0000
40679	G	1.0000
40680	G	1.0000
40681	T	1.0000
40682	G	1.0000
40683	C	1.0000
40684	C	1.0000
40685	G	1.0000
40686	T	1.0000
40687	C	1.0000
40688	A	1.0000
40689	A	1.0000
40690	A	1.0000
40691	C	1.0000
40692	T	1.0000
40693	A	1.0000
40694	T	1.0000
40695	G	1.0000
40696	A	1.0000
40697	C	1.0000
40698	C	1.0000
40699	C	1.0000
40700	G	1.0000
40701	G	1.0000
40702	A	1.0000
40703	A	1.0000
40704	A	1.0000
40705	A	1.0000
40706	A	1.0000
40707	C	1.0000
40708	G	1.0000
40709	C	1.0000
40710	A	1.0000
40711	C	1.0000
40712	G	1.0000
40713	T	1.0000
40714	A	1.0000
40715	C	1.0000
40716	A	1.0000
40717	G	1.0000
40718	T	1.0000
40719	G	1.0000
40720	G	1.0000
40721	T	1.0000
40722	A	1.0000
40723	T	1.0000
40724	C	1.0000
40725	T	1.0000
40726	G	1.0000
40727	G	1.0000
40728	G	1.0000
40729	A	1.0000
40730	C	1.0000
40731	G	1.0000
40732	G	1.0000
40733	C	1.0000
40734	A	1.0000
40735	G	1.0000
40736	T	1.0000
40737	C	1.0000
40738	T	1.0000
40739	G	1.0000
40740	A	1.0000
40741	A	1.0000
40742	A	1.0000
40743	C	1.0000
40744	C	1.0000
40745	G	1.0000
40746	G	1.0000
40747	C	1.0000
40748	A	1.0000
40749	T	1.0000
40750	A	1.0000
40751	C	1.0000
40752	A	1.0000
40753	G	1.0000
40754	C	1.0000
40755	A	1.0000
40756	A	1.0000
40757	C	1.0000
40758	A	1.0000
40759	A	1.0000
40760	C	1.0000
40761	C	1.0000
40762	C	1.0000
40763	G	1.0000
40764	G	1.0000
40765	C	1.0000
40766	C	1.0000
40767	T	1.0000
40768	G	1.0000
40769	G	1.0000
40770	T	1.0000
40771	G	1.0000
40772	C	1.0000
40773	C	1.0000
40774	T	1.0000
40775	G	1.0000
40776	T	1.0000
40777	G	1.0000
40778	G	1.0000
40779	G	1.0000
40780	A	1.0000
40781	C	1.0000
40782	A	1.0000
40783	T	1.0000
40784	G	1.0000
40785	C	1.0000
40786	T	1.0000
40787	G	1.0000
40788	A	1.0000
40789	C	1.0000
40790	T	1.0000
40791	C	1.0000
40792	A	1.0000
40793	C	1.0000
40794	C	1.0000
40795	C	1.0000
40796	G	1.0000
40797	C	1.0000
40798	G	1.0000
40799	C	1.0000
40800	T	1.0000
40801	A	1.0000
40802	C	1.0000
40803	G	1.0000
40804	G	1.0000
40805	C	1.0000
40806	A	1.0000
40807	T	1.0000
40808	G	1.0000
40809	G	1.0000
40810	G	1.0000
40811	A	1.0000
40812	A	1.0000
40813	A	1.0000
40814	A	1.0000
40815	C	1.0000
40816	G	1.0000
40817	T	1.0000
40818	C	1.0000
40819	T	1.0000
40820	G	1.0000
40821	G	1.0000
40822	G	1.0000
40823	G	1.0000
40824	G	1.0000
40825	C	1.0000
40826	G	1.0000
40827	G	1.0000
40828	C	1.0000
40829	G	1.0000
40830	G	1.0000
40831	A	1.0000
40832	T	1.0000
40833	G	1.0000
40834	T	1.0000
40835	G	1.0000
40836	G	1.0000
40837	A	1.0000
40838	C	1.0000
40839	A	1.0000
40840	A	1.0000
40841	G	1.0000
40842	T	1.0000
40843	G	1.0000
40844	G	1.0000
40845	G	1.0000
40846	C	1.0000
40847	G	1.0000
40848	C	1.0000
40849	T	1.0000
40850	G	1.0000
40851	T	1.0000
40852	A	1.0000
40853	T	1.0000
40854	G	1.0000
40855	C	1.0000
40856	C	1.0000
40857	A	1.0000
40858	T	1.0000
40859	C	1.0000
40860	G	1.0000
40861	G	1.0000
40862	G	1.0000
40863	C	1.0000
40864	A	1.0000
40865	G	1.0000
40866	T	1.0000
40867	A	1.0000
40868	C	1.0000
40869	T	1.0000
40870	G	1.0000
40871	C	1.0000
40872	G	1.0000
40873	A	1.0000
40874	T	1.0000
40875	C	1.0000
40876	A	1.0000
40877	G	1.0000
40878	A	1.0000
40879	C	1.0000
40880	G	1.0000
40881	G	1.0000
40882	T	1.0000
40883	C	1.0000
40884	C	1.0000
40885	C	1.0000
40886	G	1.0000
40887	G	1.0000
40888	A	1.0000
40889	T	1.0000
40890	G	1.0000
40891	G	1.0000
40892	T	1.0000
40893	T	1.0000
40894	T	1.0000
40895	C	1.0000
40896	G	1.0000
40897	G	1.0000
40898	G	1.0000
40899	G	1.0000
40900	G	1.0000
40901	G	1.0000
40902	A	1.0000
40903	C	1.0000
40904	C	1.0000
40905	G	1.0000
40906	A	1.0000
40907	G	1.0000
40908	C	1.0000
40909	C	1.0000
40910	G	1.0000
40911	C	1.0000
40912	G	1.0000
40913	G	1.0000
40914	A	1.0000
40915	T	1.0000
40916	G	1.0000
40917	A	1.0000
40918	C	1.0000
40919	C	1.0000
40920	T	1.0000
40921	T	1.0000
40922	T	1.0000
40923	A	1.0000
40924	A	1.0000
40925	T	1.0000
40926	G	1.0000
40927	C	1.0000
40928	G	1.0000
40929	T	1.0000
40930	A	1.0000
40931	C	1.0000
40932	C	1.0000
40933	T	1.0000
40934	G	1.0000
40935	G	1.0000
40936	C	1.0000
40937	A	1.0000
40938	C	1.0000
40939	A	1.0000
40940	A	1.0000
40941	C	1.0000
40942	A	1.0000
40943	G	1.0000
40944	C	1.0000
40945	G	1.0000
40946	T	1.0000
40947	A	1.0000
40948	A	1.0000
40949	G	1.0000
40950	G	1.0000
40951	C	1.0000
40952	G	1.0000
40953	T	1.0000
40954	G	1.0000
40955	G	1.0000
40956	G	1.0000
40957	A	1.0000
40958	C	1.0000
40959	G	1.0000
40960	T	1.0000
40961	T	1.0000
40962	C	1.0000
40963	T	1.0000
40964	C	1.0000
40965	A	1.0000
40966	G	1.0000
40967	T	1.0000
40968	G	1.0000
40969	A	1.0000
40970	T	1.0000
40971	T	1.0000
40972	T	1.0000
40973	C	1.0000
40974	T	1.0000
40975	G	1.0000
40976	C	1.0000
40977	T	1.0000
40978	C	1.0000
40979	T	1.0000
40980	G	1.0000
40981	C	1.0000
40982	G	1.0000
40983	A	1.0000
40984	T	1.0000
40985	G	1.0000
40986	C	1.0000
40987	G	1.0000
40988	C	1.0000
40989	T	1.0000
40990	G	1.0000
40991	T	1.0000
40992	A	1.0000
40993	T	1.0000
40994	G	1.0000
40995	C	1.0000
40996	C	1.0000
40997	G	1.0000
40998	G	1.0000
40999	T	1.0000
41000	A	1.0000
41001	T	1.0000
41002	G	1.0000
41003	G	1.0000
41004	A	1.0000
41005	A	1.0000
41006	C	1.0000
41007	G	1.0000
41008	G	1.0000
41009	T	1.0000
41010	C	1.0000
41011	A	1.0000
41012	G	1.0000
41013	A	1.0000
41014	C	1.0000
41015	G	1.0000
41016	C	1.0000
41017	T	1.0000
41018	G	1.0000
41019	A	1.0000
41020	C	1.0000
41021	G	1.0000
41022	T	1.0000
41023	T	1.0000
41024	C	1.0000
41025	G	1.0000
41026	T	1.0000
41027	T	1.0000
41028	C	1.0000
41029	A	1.0000
41030	G	1.0000
41031	G	1.0000
41032	A	1.0000
41033	C	1.0000
41034	C	1.0000
41035	G	1.0000
41036	C	1.0000
41037	C	1.0000
41038	C	1.0000
41039	G	1.0000
41040	T	1.0000
41041	C	1.0000
41042	G	1.0000
41043	G	1.0000
41044	A	1.0000
41045	T	1.0000
41046	G	1.0000
41047	T	1.0000
41048	G	1.0000
41049	G	1.0000
41050	T	1.0000
41051	G	1.0000
41052	T	1.0000
41053	G	1.0000
41054	G	1.0000
41055	C	1.0000
41056	C	1.0000
41057	G	1.0000
41058	T	1.0000
41059	A	1.0000
41060	C	1.0000
41061	A	1.0000
41062	C	1.0000
41063	C	1.0000
41064	A	1.0000
41065	A	1.0000
41066	C	1.0000
41067	A	1.0000
41068	G	1.0000
41069	C	1.0000
41070	G	1.0000
41071	A	1.0000
41072	T	1.0000
41073	G	1.0000
41074	T	1.0000
41075	G	1.0000
41076	G	1.0000
41077	T	1.0000
41078	G	1.0000
41079	G	1.0000
41080	T	1.0000
41081	G	1.0000
41082	G	1.0000
41083	A	1.0000
41084	T	1.0000
41085	G	1.0000
41086	A	1.0000
41087	T	1.0000
41088	A	1.0000
41089	A	1.0000
41090	C	1.0000
41091	G	1.0000
41092	G	1.0000
41093	C	1.0000
41094	G	1.0000
41095	T	1.0000
41096	G	1.0000
41097	G	1.0000
41098	G	1.0000
41099	A	1.0000
41100	T	1.0000
41101	T	1.0000
41102	C	1.0000
41103	C	1.0000
41104	G	1.0000
41105	C	1.0000
41106	T	1.0000
41107	A	1.0000
41108	C	1.0000
41109	A	1.0000
41110	G	1.0000
41111	C	1.0000
41112	T	1.0000
41113	T	1.0000
41114	C	1.0000
41115	A	1.0000
41116	G	1.0000
41117	T	1.0000
41118	G	1.0000
41119	C	1.0000
41120	C	1.0000
41121	C	1.0000
41122	T	1.0000
41123	G	1.0000
41124	A	1.0000
41125	A	1.0000
41126	G	1.0000
41127	G	1.0000
41128	A	1.0000
41129	C	1.0000
41130	C	1.0000
41131	G	1.0000
41132	G	1.0000
41133	C	1.0000
41134	A	1.0000
41135	C	1.0000
41136	A	1.0000
41137	C	1.0000
41138	G	1.0000
41139	G	1.0000
41140	C	1.0000
41141	G	1.0000
41142	G	1.0000
41143	T	1.0000
41144	G	1.0000
41145	G	1.0000
41146	A	1.0000
41147	G	1.0000
41148	G	1.0000
41149	T	1.0000
41150	G	1.0000
41151	A	1.0000
41152	A	1.0000
41153	T	1.0000
41154	T	1.0000
41155	A	1.0000
41156	C	1.0000
41157	A	1.0000
41158	C	1.0000
41159	C	1.0000
41160	G	1.0000
41161	A	1.0000
41162	C	1.0000
41163	C	1.0000
41164	C	1.0000
41165	G	1.0000
41166	C	1.0000
41167	A	1.0000
41168	G	1.0000
41169	A	1.0000
41170	A	1.0000
41171	C	1.0000
41172	G	1.0000
41173	G	1.0000
41174	C	1.0000
41175	T	1.0000
41176	G	1.0000
41177	G	1.0000
41178	C	1.0000
41179	A	1.0000
41180	G	1.0000
41181	A	1.0000
41182	C	1.0000
41183	C	1.0000
41184	T	1.0000
41185	C	1.0000
41186	C	1.0000
41187	A	1.0000
41188	C	1.0000
41189	G	1.0000
41190	G	1.0000
41191	A	1.0000
41192	A	1.0000
41193	C	1.0000
41194	T	1.0000
41195	G	1.0000
41196	G	1.0000
41197	T	1.0000
41198	G	1.0000
41199	G	1.0000
41200	A	1.0000
41201	A	1.0000
41202	G	1.0000
41203	A	1.0000
41204	C	1.0000
41205	C	1.0000
41206	C	1.0000
41207	G	1.0000
41208	G	1.0000
41209	A	1.0000
41210	A	1.0000
41211	G	1.0000
41212	C	1.0000
41213	C	1.0000
41214	A	1.0000
41215	T	1.0000
41216	A	1.0000
41217	C	1.0000
41218	T	1.0000
41219	G	1.0000
41220	C	1.0000
41221	G	1.0000
41222	C	1.0000
41223	T	1.0000
41224	A	1.0000
41225	C	1.0000
41226	G	1.0000
41227	G	1.0000
41228	A	1.0000
41229	C	1.0000
41230	G	1.0000
41231	C	1.0000
41232	A	1.0000
41233	A	1.0000
41234	C	1.0000
41235	C	1.0000
41236	T	1.0000
41237	G	1.0000
41238	C	1.0000
41239	T	1.0000
41240	G	1.0000
41241	A	1.0000
41242	A	1.0000
41243	G	1.0000
41244	A	1.0000
41245	T	1.0000
41246	G	1.0000
41247	G	1.0000
41248	A	1.0000
41249	C	1.0000
41250	G	1.0000
41251	C	1.0000
41252	G	1.0000
41253	T	1.0000
41254	T	1.0000
41255	C	1.0000
41256	G	1.0000
41257	G	1.0000
41258	C	1.0000
41259	T	1.0000
41260	G	1.0000
41261	T	1.0000
41262	A	1.0000
41263	C	1.0000
41264	C	1.0000
41265	A	1.0000
41266	G	1.0000
41267	C	1.0000
41268	C	1.0000
41269	G	1.0000
41270	C	1.0000
41271	G	1.0000
41272	G	1.0000
41273	T	1.0000
41274	C	1.0000
41275	A	1.0000
41276	G	1.0000
41277	G	1.0000
41278	C	1.0000
41279	C	1.0000
41280	C	1.0000
41281	A	1.0000
41282	C	1.0000
41283	C	1.0000
41284	G	1.0000
41285	T	1.0000
41286	G	1.0000
41287	C	1.0000
41288	C	1.0000
41289	G	1.0000
41290	G	1.0000
41291	A	1.0000
41292	C	1.0000
41293	T	1.0000
41294	G	1.0000
41295	T	1.0000
41296	G	1.0000
41297	G	1.0000
41298	G	1.0000
41299	T	1.0000
41300	G	1.0000
41301	A	1.0000
41302	T	1.0000
41303	A	1.0000
41304	A	1.0000
41305	A	1.0000
41306	G	1.0000
41307	A	1.0000
41308	C	1.0000
41309	C	1.0000
41310	G	1.0000
41311	A	1.0000
41312	A	1.0000
41313	C	1.0000
41314	T	1.0000
41315	G	1.0000
41316	C	1.0000
41317	T	1.0000
41318	G	1.0000
41319	G	1.0000
41320	A	1.0000
41321	A	1.0000
41322	A	1.0000
41323	C	1.0000
41324	G	1.0000
41325	C	1.0000
41326	A	1.0000
41327	G	1.0000
41328	A	1.0000
41329	C	1.0000
41330	G	1.0000
41331	G	1.0000
41332	T	1.0000
41333	G	1.0000
41334	G	1.0000
41335	A	1.0000
41336	T	1.0000
41337	T	1.0000
41338	T	1.0000
41339	C	1.0000
41340	A	1.0000
41341	C	1.0000
41342	G	1.0000
41343	C	1.0000
41344	T	1.0000
41345	C	1.0000
41346	G	1.0000
41347	G	1.0000
41348	G	1.0000
41349	T	1.0000
41350	C	1.0000
41351	T	1.0000
41352	C	1.0000
41353	A	1.0000
41354	G	1.0000
41355	G	1.0000
41356	G	1.0000
41357	G	1.0000
41358	C	1.0000
41359	T	1.0000
41360	G	1.0000
41361	C	1.0000
41362	G	1.0000
41363	G	1.0000
41364	C	1.0000
41365	A	1.0000
41366	C	1.0000
41367	A	1.0000
41368	C	1.0000
41369	A	1.0000
41370	C	1.0000
41371	C	1.0000
41372	C	1.0000
41373	G	1.0000
41374	G	1.0000
41375	T	1.0000
41376	G	1.0000
41377	A	1.0000
41378	C	1.0000
41379	A	1.0000
41380	T	1.0000
41381	C	1.0000
41382	A	1.0000
41383	T	1.0000
41384	T	1.0000
41385	G	1.0000
41386	A	1.0000
41387	A	1.0000
41388	A	1.0000
41389	T	1.0000
41390	C	1.0000
41391	T	1.0000
41392	G	1.0000
41393	T	1.0000
41394	G	1.0000
41395	A	1.0000
41396	T	1.0000
41397	A	1.0000
41398	A	1.0000
41399	C	1.0000
41400	G	1.0000
41401	A	1.0000
41402	C	1.0000
41403	T	1.0000
41404	A	1.0000
41405	T	1.0000
41406	G	1.0000
41407	C	1.0000
41408	C	1.0000
41409	G	1.0000
41410	G	1.0000
41411	G	1.0000
41412	A	1.0000
41413	C	1.0000
41414	C	1.0000
41415	C	1.0000
41416	T	1.0000
41417	G	1.0000
41418	A	1.0000
41419	C	1.0000
41420	C	1.0000
41421	G	1.0000
41422	G	1.0000
41423	C	1.0000
41424	G	1.0000
41425	G	1.0000
41426	A	1.0000
41427	C	1.0000
41428	G	1.0000
41429	T	1.0000
41430	G	1.0000
41431	T	1.0000
41432	C	1.0000
41433	C	1.0000
41434	T	1.0000
41435	G	1.0000
41436	T	1.0000
41437	C	1.0000
41438	C	1.0000
41439	A	1.0000
41440	T	1.0000
41441	T	1.0000
41442	G	1.0000
41443	A	1.0000
41444	T	1.0000
41445	G	1.0000
41446	C	1.0000
41447	T	1.0000
41448	G	1.0000
41449	C	1.0000
41450	C	1.0000
41451	A	1.0000
41452	C	1.0000
41453	C	1.0000
41454	C	1.0000
41455	G	1.0000
41456	C	1.0000
41457	A	1.0000
41458	C	1.0000
41459	C	1.0000
41460	C	1.0000
41461	T	1.0000
41462	G	1.0000
41463	A	1.0000
41464	C	1.0000
41465	G	1.0000
41466	C	1.0000
41467	T	1.0000
41468	G	1.0000
41469	G	1.0000
41470	A	1.0000
41471	C	1.0000
41472	C	1.0000
41473	G	1.0000
41474	T	1.0000
41475	G	1.0000
41476	A	1.0000
41477	A	1.0000
41478	G	1.0000
41479	T	1.0000
41480	G	1.0000
41481	A	1.0000
41482	C	1.0000
41483	A	1.0000
41484	C	1.0000
41485	T	1.0000
41486	T	1.0000
41487	C	1.0000
41488	C	1.0000
41489	G	1.0000
41490	G	1.0000
41491	A	1.0000
41492	G	1.0000
41493	A	1.0000
41494	C	1.0000
41495	C	1.0000
41496	G	1.0000
41497	G	1.0000
41498	T	1.0000
41499	G	1.0000
41500	C	1.0000
41501	C	1.0000
41502	G	1.0000
41503	C	1.0000
41504	C	1.0000
41505	A	1.0000
41506	C	1.0000
41507	G	1.0000
41508	G	1.0000
41509	T	1.0000
41510	G	1.0000
41511	A	1.0000
41512	A	1.0000
41513	C	1.0000
41514	C	1.0000
41515	T	1.0000
41516	G	1.0000
41517	A	1.0000
41518	T	1.0000
41519	T	1.0000
41520	A	1.0000
41521	A	1.0000
41522	C	1.0000
41523	G	1.0000
41524	G	1.0000
41525	C	1.0000
41526	A	1.0000
41527	G	1.0000
41528	C	1.0000
41529	G	1.0000
41530	G	1.0000
41531	T	1.0000
41532	A	1.0000
41533	A	1.0000
41534	G	1.0000
41535	C	1.0000
41536	C	1.0000
41537	A	1.0000
41538	G	1.0000
41539	T	1.0000
41540	G	1.0000
41541	A	1.0000
41542	G	1.0000
41543	T	1.0000
41544	G	1.0000
41545	T	1.0000
41546	G	1.0000
41547	G	1.0000
41548	A	1.0000
41549	C	1.0000
41550	A	1.0000
41551	T	1.0000
41552	C	1.0000
41553	A	1.0000
41554	C	1.0000
41555	C	1.0000
41556	G	1.0000
41557	A	1.0000
41558	A	1.0000
41559	C	1.0000
41560	A	1.0000
41561	C	1.0000
41562	C	1.0000
41563	C	1.0000
41564	C	1.0000
41565	G	1.0000
41566	C	1.0000
41567	G	1.0000
41568	C	1.0000
41569	C	1.0000
41570	G	1.0000
41571	G	1.0000
41572	A	1.0000
41573	C	1.0000
41574	C	1.0000
41575	G	1.0000
41576	G	1.0000
41577	A	1.0000
41578	T	1.0000
41579	A	1.0000
41580	C	1.0000
41581	A	1.0000
41582	G	1.0000
41583	G	1.0000
41584	T	1.0000
41585	C	1.0000
41586	A	1.0000
41587	G	1.0000
41588	T	1.0000
41589	A	1.0000
41590	C	1.0000
41591	C	1.0000
41592	C	1.0000
41593	T	1.0000
41594	G	1.0000
41595	C	1.0000
41596	C	1.0000
41597	T	1.0000
41598	G	1.0000
41599	A	1.0000
41600	T	1.0000
41601	G	1.0000
41602	G	1.0000
41603	T	1.0000
41604	G	1.0000
41605	T	1.0000
41606	G	1.0000
41607	G	1.0000
41608	A	1.0000
41609	G	1.0000
41610	A	1.0000
41611	C	1.0000
41612	A	1.0000
41613	T	1.0000
41614	A	1.0000
41615	C	1.0000
41616	G	1.0000
41617	G	1.0000
41618	G	1.0000
41619	G	1.0000
41620	T	1.0000
41621	G	1.0000
41622	T	1.0000
41623	G	1.0000
41624	G	1.0000
41625	G	1.0000
41626	G	1.0000
41627	A	1.0000
41628	C	1.0000
41629	T	1.0000
41630	C	1.0000
41631	T	1.0000
41632	C	1.0000
41633	C	1.0000
41634	C	1.0000
41635	T	1.0000
41636	G	1.0000
41637	C	1.0000
41638	C	1.0000
41639	G	1.0000
41640	T	1.0000
41641	C	1.0000
41642	A	1.0000
41643	C	1.0000
41644	T	1.0000
41645	G	1.0000
41646	C	1.0000
41647	G	1.0000
41648	C	1.0000
41649	C	1.0000
41650	G	1.0000
41651	T	1.0000
41652	C	1.0000
41653	G	1.0000
41654	C	1.0000
41655	C	1.0000
41656	T	1.0000
41657	G	1.0000
41658	T	1.0000
41659	T	1.0000
41660	C	1.0000
41661	C	1.0000
41662	G	1.0000
41663	C	1.0000
41664	T	1.0000
41665	G	1.0000
41666	T	1.0000
41667	G	1.0000
41668	T	1.0000
41669	C	1.0000
41670	T	1.0000
41671	C	1.0000
41672	C	1.0000
41673	G	1.0000
41674	T	1.0000
41675	C	1.0000
41676	C	1.0000
41677	G	1.0000
41678	G	1.0000
41679	G	1.0000
41680	A	1.0000
41681	A	1.0000
41682	A	1.0000
41683	A	1.0000
41684	C	1.0000
41685	A	1.0000
41686	C	1.0000
41687	G	1.0000
41688	G	1.0000
41689	A	1.0000
41690	C	1.0000
41691	G	1.0000
41692	G	1.0000
41693	C	1.0000
41694	A	1.0000
41695	C	1.0000
41696	C	1.0000
41697	T	1.0000
41698	T	1.0000
41699	T	1.0000
41700	G	1.0000
41701	C	1.0000
41702	C	1.0000
41703	A	1.0000
41704	T	1.0000
41705	C	1.0000
41706	A	1.0000
41707	C	1.0000
41708	G	1.0000
41709	G	1.0000
41710	C	1.0000
41711	G	1.0000
41712	G	1.0000
41713	T	1.0000
41714	A	1.0000
41715	C	1.0000
41716	A	1.0000
41717	G	1.0000
41718	C	1.0000
41719	A	1.0000
41720	C	1.0000
41721	G	1.0000
41722	T	1.0000
41723	A	1.0000
41724	C	1.0000
41725	C	1.0000
41726	G	1.0000
41727	G	1.0000
41728	A	1.0000
41729	A	1.0000
41730	A	1.0000
41731	A	1.0000
41732	A	1.0000
41733	G	1.0000
41734	A	1.0000
41735	A	1.0000
41736	G	1.0000
41737	C	1.0000
41738	C	1.0000
41739	A	1.0000
41740	T	1.0000
41741	C	1.0000
41742	G	1.0000
41743	T	1.0000
41744	G	1.0000
41745	G	1.0000
41746	A	1.0000
41747	T	1.0000
41748	A	1.0000
41749	A	1.0000
41750	C	1.0000
41751	G	1.0000
41752	G	1.0000
41753	T	1.0000
41754	G	1.0000
41755	C	1.0000
41756	C	1.0000
41757	C	1.0000
41758	G	1.0000
41759	C	1.0000
41760	T	1.0000
41761	T	1.0000
41762	T	1.0000
41763	G	1.0000
41764	A	1.0000
41765	G	1.0000
41766	C	1.0000
41767	C	1.0000
41768	G	1.0000
41769	C	1.0000
41770	A	1.0000
41771	G	1.0000
41772	T	1.0000
41773	C	1.0000
41774	A	1.0000
41775	G	1.0000
41776	G	1.0000
41777	T	1.0000
41778	T	1.0000
41779	C	1.0000
41780	C	1.0000
41781	C	1.0000
41782	T	1.0000
41783	G	1.0000
41784	A	1.0000
41785	A	1.0000
41786	C	1.0000
41787	A	1.0000
41788	G	1.0000
41789	C	1.0000
41790	G	1.0000
41791	T	1.0000
41792	C	1.0000
41793	A	1.0000
41794	T	1.0000
41795	C	1.0000
41796	C	1.0000
41797	C	1.0000
41798	A	1.0000
41799	C	1.0000
41800	C	1.0000
41801	G	1.0000
41802	G	1.0000
41803	C	1.0000
41804	A	1.0000
41805	G	1.0000
41806	T	1.0000
41807	G	1.0000
41808	C	1.0000
41809	A	1.0000
41810	G	1.0000
41811	C	1.0000
41812	A	1.0000
41813	C	1.0000
41814	C	1.0000
41815	T	1.0000
41816	G	1.0000
41817	A	1.0000
41818	C	1.0000
41819	G	1.0000
41820	G	1.0000
41821	T	1.0000
41822	G	1.0000
41823	G	1.0000
41824	A	1.0000
41825	G	1.0000
41826	G	1.0000
41827	T	1.0000
41828	G	1.0000
41829	A	1.0000
41830	G	1.0000
41831	C	1.0000
41832	G	1.0000
41833	C	1.0000
41834	A	1.0000
41835	G	1.0000
41836	C	1.0000
41837	T	1.0000
41838	G	1.0000
41839	A	1.0000
41840	C	1.0000
41841	G	1.0000
41842	G	1.0000
41843	C	1.0000
41844	C	1.0000
41845	A	1.0000
41846	G	1.0000
41847	T	1.0000
41848	A	1.0000
41849	T	1.0000
41850	C	1.0000
41851	T	1.0000
41852	G	1.0000
41853	G	1.0000
41854	C	1.0000
41855	G	1.0000
41856	C	1.0000
41857	A	1.0000
41858	G	1.0000
41859	G	1.0000
41860	C	1.0000
41861	G	1.0000
41862	A	1.0000
41863	A	1.0000
41864	A	1.0000
41865	T	1.0000
41866	G	1.0000
41867	G	1.0000
41868	G	1.0000
41869	A	1.0000
41870	C	1.0000
41871	A	1.0000
41872	C	1.0000
41873	G	1.0000
41874	C	1.0000
41875	C	1.0000
41876	G	1.0000
41877	C	1.0000
41878	G	1.0000
41879	G	1.0000
41880	G	1.0000
41881	T	1.0000
41882	G	1.0000
41883	G	1.0000
41884	T	1.0000
41885	G	1.0000
41886	A	1.0000
41887	A	1.0000
41888	G	1.0000
41889	G	1.0000
41890	G	1.0000
41891	T	1.0000
41892	G	1.0000
41893	T	1.0000
41894	G	1.0000
41895	C	1.0000
41896	G	1.0000
41897	C	1.0000
41898	T	1.0000
41899	T	1.0000
41900	C	1.0000
41901	A	1.0000
41902	G	1.0000
41903	T	1.0000
41904	C	1.0000
41905	T	1.0000
41906	G	1.0000
41907	C	1.0000
41908	G	1.0000
41909	C	1.0000
41910	C	1.0000
41911	T	1.0000
41912	G	1.0000
41913	A	1.0000
41914	C	1.0000
41915	C	1.0000
41916	A	1.0000
41917	G	1.0000
41918	T	1.0000
41919	G	1.0000
41920	G	1.0000
41921	T	1.0000
41922	A	1.0000
41923	A	1.0000
41924	G	1.0000
41925	G	1.0000
41926	G	1.0000
41927	A	1.0000
41928	A	1.0000
41929	C	1.0000
41930	G	1.0000
41931	G	1.0000
41932	A	1.0000
41933	T	1.0000
41934	G	1.0000
41935	C	1.0000
41936	C	1.0000
41937	A	1.0000
41938	G	1.0000
41939	A	1.0000
41940	C	1.0000
41941	T	1.0000
41942	G	1.0000
41943	G	1.0000
41944	T	1.0000
41945	G	1.0000
41946	A	1.0000
41947	C	1.0000
41948	C	1.0000
41949	A	1.0000
41950	C	1.0000
41951	C	1.0000
41952	G	1.0000
41953	C	1.0000
41954	T	1.0000
41955	A	1.0000
41956	T	1.0000
41957	C	1.0000
41958	A	1.0000
41959	C	1.0000
41960	C	1.0000
41961	G	1.0000
41962	C	1.0000
41963	A	1.0000
41964	G	1.0000
41965	A	1.0000
41966	C	1.0000
41967	A	1.0000
41968	C	1.0000
41969	G	1.0000
41970	G	1.0000
41971	A	1.0000
41972	G	1.0000
41973	C	1.0000
41974	A	1.0000
41975	C	1.0000
41976	C	1.0000
41977	G	1.0000
41978	T	1.0000
41979	T	1.0000
41980	T	1.0000
41981	C	1.0000
41982	A	1.0000
41983	G	1.0000
41984	C	1.0000
41985	G	1.0000
41986	G	1.0000
41987	C	1.0000
41988	C	1.0000
41989	T	1.0000
41990	G	1.0000
41991	C	1.0000
41992	C	1.0000
41993	G	1.0000
41994	C	1.0000
41995	T	1.0000
41996	C	1.0000
41997	G	1.0000
41998	G	1.0000
41999	G	1.0000
42000	G	1.0000
42001	A	1.0000
42002	A	1.0000
42003	T	1.0000
42004	A	1.0000
42005	C	1.0000
42006	A	1.0000
42007	C	1.0000
42008	C	1.0000
42009	C	1.0000
42010	T	1.0000
42011	G	1.0000
42012	A	1.0000
42013	C	1.0000
42014	G	1.0000
42015	G	1.0000
42016	T	1.0000
42017	G	1.0000
42018	C	1.0000
42019	G	1.0000
42020	G	1.0000
42021	G	1.0000
42022	C	1.0000
42023	G	1.0000
42024	A	1.0000
42025	T	1.0000
42026	A	1.0000
42027	A	1.0000
42028	A	1.0000
42029	C	1.0000
42030	A	1.0000
42031	G	1.0000
42032	C	1.0000
42033	T	1.0000
42034	A	1.0000
42035	T	1.0000
42036	G	1.0000
42037	G	1.0000
42038	C	1.0000
42039	C	1.0000
42040	A	1.0000
42041	G	1.0000
42042	C	1.0000
42043	A	1.0000
42044	G	1.0000
42045	G	1.0000
42046	G	1.0000
42047	T	1.0000
42048	G	1.0000
42049	A	1.0000
42050	A	1.0000
42051	C	1.0000
42052	C	1.0000
42053	T	1.0000
42054	G	1.0000
42055	C	1.0000
42056	C	1.0000
42057	A	1.0000
42058	C	1.0000
42059	C	1.0000
42060	A	1.0000
42061	C	1.0000
42062	C	1.0000
42063	A	1.0000
42064	C	1.0000
42065	C	1.0000
42066	T	1.0000
42067	T	1.0000
42068	C	1.0000
42069	C	1.0000
42070	G	1.0000
42071	G	1.0000
42072	A	1.0000
42073	T	1.0000
42074	T	1.0000
42075	G	1.0000
42076	C	1.0000
42077	C	1.0000
42078	G	1.0000
42079	C	1.0000
42080	A	1.0000
42081	C	1.0000
42082	C	1.0000
42083	G	1.0000
42084	G	1.0000
42085	C	1.0000
42086	A	1.0000
42087	G	1.0000
42088	C	1.0000
42089	A	1.0000
42090	C	1.0000
42091	C	1.0000
42092	G	1.0000
42093	T	1.0000
42094	C	1.0000
42095	G	1.0000
42096	C	1.0000
42097	G	1.0000
42098	G	1.0000
42099	A	1.0000
42100	T	1.0000
42101	T	1.0000
42102	G	1.0000
42103	A	1.0000
42104	G	1.0000
42105	C	1.0000
42106	T	1.0000
42107	G	1.0000
42108	A	1.0000
42109	C	1.0000
42110	G	1.0000
42111	C	1.0000
42112	C	1.0000
42113	G	1.0000
42114	G	1.0000
42115	G	1.0000
42116	C	1.0000
42117	T	1.0000
42118	A	1.0000
42119	T	1.0000
42120	T	1.0000
42121	T	1.0000
42122	T	1.0000
42123	C	1.0000
42124	A	1.0000
42125	G	1.0000
42126	A	1.0000
42127	T	1.0000
42128	A	1.0000
42129	A	1.0000
42130	C	1.0000
42131	C	1.0000
42132	G	1.0000
42133	C	1.0000
42134	C	1.0000
42135	A	1.0000
42136	C	1.0000
42137	G	1.0000
42138	C	1.0000
42139	C	1.0000
42140	G	1.0000
42141	C	1.0000
42142	A	1.0000
42143	T	1.0000
42144	C	1.0000
42145	T	1.0000
42146	T	1.0000
42147	G	1.0000
42148	C	1.0000
42149	C	1.0000
42150	G	1.0000
42151	T	1.0000
42152	T	1.0000
42153	T	1.0000
42154	A	1.0000
42155	T	1.0000
42156	G	1.0000
42157	A	1.0000
42158	C	1.0000
42159	C	1.0000
42160	C	1.0000
42161	G	1.0000
42162	A	1.0000
42163	C	1.0000
42164	G	1.0000
42165	G	1.0000
42166	T	1.0000
42167	A	1.0000
42168	C	1.0000
42169	A	1.0000
42170	G	1.0000
42171	T	1.0000
42172	T	1.0000
42173	T	1.0000
42174	G	1.0000
42175	A	1.0000
42176	G	1.0000
42177	T	1.0000
42178	T	1.0000
42179	C	1.0000
42180	T	1.0000
42181	G	1.0000
42182	G	1.0000
42183	T	1.0000
42184	T	1.0000
42185	C	1.0000
42186	T	1.0000
42187	C	1.0000
42188	G	1.0000
42189	G	1.0000
42190	A	1.0000
42191	A	1.0000
42192	A	1.0000
42193	A	1.0000
42194	G	1.0000
42195	C	1.0000
42196	G	1.0000
42197	G	1.0000
42198	A	1.0000
42199	T	1.0000
42200	T	1.0000
42201	G	1.0000
42202	C	1.0000
42203	G	1.0000
42204	G	1.0000
42205	A	1.0000
42206	T	1.0000
42207	A	1.0000
42208	T	1.0000
42209	C	1.0000
42210	A	1.0000
42211	G	1.0000
42212	G	1.0000
42213	C	1.0000
42214	A	1.0000
42215	G	1.0000
42216	G	1.0000
42217	T	1.0000
42218	T	1.0000
42219	G	1.0000
42220	A	1.0000
42221	A	1.0000
42222	A	1.0000
42223	C	1.0000
42224	C	1.0000
42225	G	1.0000
42226	C	1.0000
42227	A	1.0000
42228	G	1.0000
42229	C	1.0000
42230	C	1.0000
42231	C	1.0000
42232	G	1.0000
42233	C	1.0000
42234	T	1.0000
42235	A	1.0000
42236	T	1.0000
42237	C	1.0000
42238	T	1.0000
42239	T	1.0000
42240	G	1.0000
42241	G	1.0000
42242	C	1.0000
42243	T	1.0000
42244	C	1.0000
42245	G	1.0000
42246	G	1.0000
42247	C	1.0000
42248	G	1.0000
42249	C	1.0000
42250	T	1.0000
42251	G	1.0000
42252	T	1.0000
42253	A	1.0000
42254	C	1.0000
42255	T	1.0000
42256	G	1.0000
42257	G	1.0000
42258	A	1.0000
42259	T	1.0000
42260	A	1.0000
42261	G	1.0000
42262	C	1.0000
42263	T	1.0000
42264	G	1.0000
42265	C	1.0000
42266	C	1.0000
42267	A	1.0000
42268	G	1.0000
42269	T	1.0000
42270	A	1.0000
42271	T	1.0000
42272	C	1.0000
42273	A	1.0000
42274	A	1.0000
42275	T	1.0000
42276	A	1.0000
42277	T	1.0000
42278	C	1.0000
42279	A	1.0000
42280	A	1.0000
42281	A	1.0000
42282	C	1.0000
42283	C	1.0000
42284	G	1.0000
42285	G	1.0000
42286	G	1.0000
42287	C	1.0000
42288	C	1.0000
42289	A	1.0000
42290	T	1.0000
42291	G	1.0000
42292	A	1.0000
42293	T	1.0000
42294	T	1.0000
42295	A	1.0000
42296	T	1.0000
42297	T	1.0000
42298	A	1.0000
42299	T	1.0000
42300	T	1.0000
42301	T	1.0000
42302	T	1.0000
42303	T	1.0000
42304	A	1.0000
42305	T	1.0000
42306	A	1.0000
42307	T	1.0000
42308	C	1.0000
42309	C	1.0000
42310	G	1.0000
42311	C	1.0000
42312	A	1.0000
42313	G	1.0000
42314	T	1.0000
42315	G	1.0000
42316	T	1.0000
42317	G	1.0000
42318	A	1.0000
42319	A	1.0000
42320	T	1.0000
42321	A	1.0000
42322	C	1.0000
42323	T	1.0000
42324	G	1.0000
42325	T	1.0000
42326	T	1.0000
42327	G	1.0000
42328	G	1.0000
42329	C	1.0000
42330	A	1.0000
42331	A	1.0000
42332	A	1.0000
42333	T	1.0000
42334	C	1.0000
42335	G	1.0000
42336	G	1.0000
42337	C	1.0000
42338	A	1.0000
42339	T	1.0000
42340	T	1.0000
42341	C	1.0000
42342	G	1.0000
42343	T	1.0000
42344	G	1.0000
42345	G	1.0000
42346	A	1.0000
42347	G	1.0000
42348	G	1.0000
42349	C	1.0000
42350	C	1.0000
42351	G	1.0000
42352	T	1.0000
42353	C	1.0000
42354	G	1.0000
42355	G	1.0000
42356	T	1.0000
42357	C	1.0000
42358	G	1.0000
42359	G	1.0000
42360	G	1.0000
42361	C	1.0000
42362	G	1.0000
42363	A	1.0000
42364	G	1.0000
42365	C	1.0000
42366	G	1.0000
42367	A	1.0000
42368	T	1.0000
42369	G	1.0000
42370	A	1.0000
42371	T	1.0000
42372	G	1.0000
42373	C	1.0000
42374	G	1.0000
42375	G	1.0000
42376	A	1.0000
42377	A	1.0000
42378	G	1.0000
42379	G	1.0000
42380	T	1.0000
42381	T	1.0000
42382	A	1.0000
42383	C	1.0000
42384	C	1.0000
42385	T	1.0000
42386	G	1.0000
42387	G	1.0000
42388	A	1.0000
42389	T	1.0000
42390	T	1.0000
42391	T	1.0000
42392	T	1.0000
42393	T	1.0000
42394	T	1.0000
42395	C	1.0000
42396	A	1.0000
42397	A	1.0000
42398	A	1.0000
42399	G	1.0000
42400	G	1.0000
42401	A	1.0000
42402	G	1.0000
42403	A	1.0000
42404	A	1.0000
42405	A	1.0000
42406	T	1.0000
42407	C	1.0000
42408	G	1.0000
42409	G	1.0000
42410	G	1.0000
42411	A	1.0000
42412	A	1.0000
42413	A	1.0000
42414	A	1.0000
42415	C	1.0000
42416	A	1.0000
42417	C	1.0000
42418	A	1.0000
42419	T	1.0000
42420	C	1.0000
42421	T	1.0000
42422	G	1.0000
42423	G	1.0000
42424	C	1.0000
42425	C	1.0000
42426	C	1.0000
42427	A	1.0000
42428	G	1.0000
42429	G	1.0000
42430	A	1.0000
42431	G	1.0000
42432	T	1.0000
42433	T	1.0000
42434	G	1.0000
42435	T	1.0000
42436	G	1.0000
42437	G	1.0000
42438	A	1.0000
42439	C	1.0000
42440	G	1.0000
42441	C	1.0000
42442	A	1.0000
42443	G	1.0000
42444	A	1.0000
42445	T	1.0000
42446	T	1.0000
42447	G	1.0000
42448	A	1.0000
42449	T	1.0000
42450	A	1.0000
42451	A	1.0000
42452	C	1.0000
42453	G	1.0000
42454	G	1.0000
42455	T	1.0000
42456	C	1.0000
42457	A	1.0000
42458	G	1.0000
42459	C	1.0000
42460	T	1.0000
42461	T	1.0000
42462	G	1.0000
42463	C	1.0000
42464	G	1.0000
42465	C	1.0000
42466	C	1.0000
42467	G	1.0000
42468	G	1.0000
42469	A	1.0000
42470	C	1.0000
42471	C	1.0000
42472	T	1.0000
42473	G	1.0000
42474	G	1.0000
42475	C	1.0000
42476	T	1.0000
42477	G	1.0000
42478	A	1.0000
42479	A	1.0000
42480	A	1.0000
42481	T	1.0000
42482	C	1.0000
42483	A	1.0000
42484	G	1.0000
42485	G	1.0000
42486	A	1.0000
42487	C	1.0000
42488	G	1.0000
42489	T	1.0000
42490	C	1.0000
42491	C	1.0000
42492	A	1.0000
42493	T	1.0000
42494	T	1.0000
42495	A	1.0000
42496	C	1.0000
42497	G	1.0000
42498	A	1.0000
42499	A	1.0000
42500	T	1.0000
42501	G	1.0000
42502	T	1.0000
42503	C	1.0000
42504	A	1.0000
42505	G	1.0000
42506	C	1.0000
42507	A	1.0000
42508	A	1.0000
42509	T	1.0000
42510	G	1.0000
42511	A	1.0000
42512	A	1.0000
42513	A	1.0000
42514	T	1.0000
42515	C	1.0000
42516	A	1.0000
42517	C	1.0000
42518	G	1.0000
42519	C	1.0000
42520	A	1.0000
42521	G	1.0000
42522	A	1.0000
42523	C	1.0000
42524	C	1.0000
42525	G	1.0000
42526	T	1.0000
42527	C	1.0000
42528	A	1.0000
42529	A	1.0000
42530	T	1.0000
42531	A	1.0000
42532	A	1.0000
42533	A	1.0000
42534	A	1.0000
42535	A	1.0000
42536	A	1.0000
42537	C	1.0000
42538	T	1.0000
42539	G	1.0000
42540	G	1.0000
42541	A	1.0000
42542	A	1.0000
42543	G	1.0000
42544	A	1.0000
42545	C	1.0000
42546	C	1.0000
42547	A	1.0000
42548	G	1.0000
42549	A	1.0000
42550	G	1.0000
42551	T	1.0000
42552	G	1.0000
42553	C	1.0000
42554	G	1.0000
42555	G	1.0000
42556	C	1.0000
42557	A	1.0000
42558	A	1.0000
42559	T	1.0000
42560	C	1.0000
42561	C	1.0000
42562	A	1.0000
42563	G	1.0000
42564	C	1.0000
42565	A	1.0000
42566	G	1.0000
42567	A	1.0000
42568	T	1.0000
42569	A	1.0000
42570	C	1.0000
42571	A	1.0000
42572	G	1.0000
42573	A	1.0000
42574	A	1.0000
42575	A	1.0000
42576	G	1.0000
42577	T	1.0000
42578	T	1.0000
42579	C	1.0000
42580	A	1.0000
42581	G	1.0000
42582	G	1.0000
42583	T	1.0000
42584	T	1.0000
42585	G	1.0000
42586	A	1.0000
42587	T	1.0000
42588	A	1.0000
42589	C	1.0000
42590	A	1.0000
42591	A	1.0000
42592	A	1.0000
42593	T	1.0000
42594	A	1.0000
42595	A	1.0000
42596	T	1.0000
42597	A	1.0000
42598	A	1.0000
42599	C	1.0000
42600	C	1.0000
42601	T	1.0000
42602	G	1.0000
42603	A	1.0000
42604	A	1.0000
42605	C	1.0000
42606	A	1.0000
42607	G	1.0000
42608	C	1.0000
42609	A	1.0000
42610	T	1.0000
42611	G	1.0000
42612	T	1.0000
42613	G	1.0000
42614	G	1.0000
42615	G	1.0000
42616	C	1.0000
42617	C	1.0000
42618	G	1.0000
42619	T	1.0000
42620	G	1.0000
42621	A	1.0000
42622	A	1.0000
42623	A	1.0000
42624	C	1.0000
42625	T	1.0000
42626	G	1.0000
42627	C	1.0000
42628	A	1.0000
42629	G	1.0000
42630	C	1.0000
42631	A	1.0000
42632	G	1.0000
42633	A	1.0000
42634	T	1.0000
42635	G	1.0000
42636	A	1.0000
42637	A	1.0000
42638	G	1.0000
42639	G	1.0000
42640	A	1.0000
42641	C	1.0000
42642	G	1.0000
42643	G	1.0000
42644	A	1.0000
42645	C	1.0000
42646	G	1.0000
42647	C	1.0000
42648	C	1.0000
42649	T	1.0000
42650	T	1.0000
42651	T	1.0000
42652	A	1.0000
42653	T	1.0000
42654	A	1.0000
42655	T	1.0000
42656	T	1.0000
42657	G	1.0000
42658	C	1.0000
42659	G	1.0000
42660	G	1.0000
42661	G	1.0000
42662	T	1.0000
42663	A	1.0000
42664	T	1.0000
42665	C	1.0000
42666	G	1.0000
42667	G	1.0000
42668	T	1.0000
42669	G	1.0000
42670	C	1.0000
42671	C	1.0000
42672	G	1.0000
42673	G	1.0000
42674	T	1.0000
42675	A	1.0000
42676	T	1.0000
42677	T	1.0000
42678	G	1.0000
42679	A	1.0000
42680	G	1.0000
42681	A	1.0000
42682	A	1.0000
42683	C	1.0000
42684	A	1.0000
42685	C	1.0000
42686	C	1.0000
42687	C	1.0000
42688	C	1.0000
42689	T	1.0000
42690	G	1.0000
42691	A	1.0000
42692	C	1.0000
42693	G	1.0000
42694	G	1.0000
42695	C	1.0000
42696	A	1.0000
42697	T	1.0000
42698	G	1.0000
42699	C	1.0000
42700	A	1.0000
42701	G	1.0000
42702	A	1.0000
42703	G	1.0000
42704	T	1.0000
42705	C	1.0000
42706	A	1.0000
42707	G	1.0000
42708	G	1.0000
42709	T	1.0000
42710	G	1.0000
42711	C	1.0000
42712	T	1.0000
42713	T	1.0000
42714	C	1.0000
42715	T	1.0000
42716	G	1.0000
42717	G	1.0000
42718	C	1.0000
42719	T	1.0000
42720	G	1.0000
42721	C	1.0000
42722	T	1.0000
42723	G	1.0000
42724	A	1.0000
42725	C	1.0000
42726	C	1.0000
42727	G	1.0000
42728	G	1.0000
42729	A	1.0000
42730	T	1.0000
42731	T	1.0000
42732	G	1.0000
42733	C	1.0000
42734	G	1.0000
42735	A	1.0000
42736	T	1.0000
42737	G	1.0000
42738	A	1.0000
42739	T	1.0000
42740	T	1.0000
42741	A	1.0000
42742	A	1.0000
42743	T	1.0000
42744	C	1.0000
42745	C	1.0000
42746	T	1.0000
42747	G	1.0000
42748	C	1.0000
42749	G	1.0000
42750	A	1.0000
42751	A	1.0000
42752	T	1.0000
42753	G	1.0000
42754	G	1.0000
42755	C	1.0000
42756	A	1.0000
42757	A	1.0000
42758	C	1.0000
42759	A	1.0000
42760	C	1.0000
42761	A	1.0000
42762	A	1.0000
42763	A	1.0000
42764	G	1.0000
42765	C	1.0000
42766	C	1.0000
42767	G	1.0000
42768	A	1.0000
42769	T	1.0000
42770	G	1.0000
42771	T	1.0000
42772	T	1.0000
42773	T	1.0000
42774	G	1.0000
42775	T	1.0000
42776	T	1.0000
42777	G	1.0000
42778	G	1.0000
42779	T	1.0000
42780	C	1.0000
42781	A	1.0000
42782	G	1.0000
42783	G	1.0000
42784	G	1.0000
42785	C	1.0000
42786	G	1.0000
42787	A	1.0000
42788	T	1.0000
42789	C	1.0000
42790	A	1.0000
42791	G	1.0000
42792	A	1.0000
42793	T	1.0000
42794	A	1.0000
42795	T	1.0000
42796	T	1.0000
42797	C	1.0000
42798	A	1.0000
42799	T	1.0000
42800	G	1.0000
42801	A	1.0000
42802	A	1.0000
42803	C	1.0000
42804	G	1.0000
42805	A	1.0000
42806	C	1.0000
42807	G	1.0000
42808	T	1.0000
42809	G	1.0000
42810	T	1.0000
42811	T	1.0000
42812	C	1.0000
42813	C	1.0000
42814	T	1.0000
42815	G	1.0000
42816	A	1.0000
42817	A	1.0000
42818	A	1.0000
42819	C	1.0000
42820	G	1.0000
42821	C	1.0000
42822	C	1.0000
42823	T	1.0000
42824	G	1.0000
42825	A	1.0000
42826	C	1.0000
42827	G	1.0000
42828	G	1.0000
42829	C	1.0000
42830	T	1.0000
42831	C	1.0000
42832	C	1.0000
42833	G	1.0000
42834	A	1.0000
42835	C	1.0000
42836	C	1.0000
42837	A	1.0000
42838	T	1.0000
42839	T	1.0000
42840	A	1.0000
42841	C	1.0000
42842	C	1.0000
42843	A	1.0000
42844	G	1.0000
42845	C	1.0000
42846	G	1.0000
42847	G	1.0000
42848	C	1.0000
42849	G	1.0000
42850	G	1.0000
42851	T	1.0000
42852	A	1.0000
42853	A	1.0000
42854	T	1.0000
42855	C	1.0000
42856	C	1.0000
42857	T	1.0000
42858	C	1.0000
42859	C	1.0000
42860	G	1.0000
42861	G	1.0000
42862	C	1.0000
42863	A	1.0000
42864	T	1.0000
42865	T	1.0000
42866	T	1.0000
42867	T	1.0000
42868	C	1.0000
42869	C	1.0000
42870	C	1.0000
42871	T	1.0000
42872	G	1.0000
42873	A	1.0000
42874	C	1.0000
42875	A	1.0000
42876	C	1.0000
42877	C	1.0000
42878	G	1.0000
42879	G	1.0000
42880	A	1.0000
42881	C	1.0000
42882	G	1.0000
42883	G	1.0000
42884	G	1.0000
42885	C	1.0000
42886	G	1.0000
42887	G	1.0000
42888	C	1.0000
42889	T	1.0000
42890	G	1.0000
42891	A	1.0000
42892	C	1.0000
42893	G	1.0000
42894	G	1.0000
42895	C	1.0000
42896	G	1.0000
42897	A	1.0000
42898	A	1.0000
42899	A	1.0000
42900	A	1.0000
42901	A	1.0000
42902	T	1.0000
42903	G	1.0000
42904	C	1.0000
42905	C	1.0000
42906	G	1.0000
42907	A	1.0000
42908	T	1.0000
42909	A	1.0000
42910	T	1.0000
42911	C	1.0000
42912	A	1.0000
42913	G	1.0000
42914	C	1.0000
42915	G	1.0000
42916	G	1.0000
42917	T	1.0000
42918	A	1.0000
42919	A	1.0000
42920	C	1.0000
42921	G	1.0000
42922	T	1.0000
42923	G	1.0000
42924	A	1.0000
42925	A	1.0000
42926	T	1.0000
42927	G	1.0000
42928	C	1.0000
42929	G	1.0000
42930	A	1.0000
42931	A	1.0000
42932	C	1.0000
42933	T	1.0000
42934	C	1.0000
42935	C	1.0000
42936	G	1.0000
42937	G	1.0000
42938	G	1.0000
42939	A	1.0000
42940	C	1.0000
42941	G	1.0000
42942	C	1.0000
42943	T	1.0000
42944	C	1.0000
42945	A	1.0000
42946	A	1.0000
42947	C	1.0000
42948	A	1.0000
42949	A	1.0000
42950	C	1.0000
42951	G	1.0000
42952	T	1.0000
42953	C	1.0000
42954	A	1.0000
42955	C	1.0000
42956	G	1.0000
42957	A	1.0000
42958	T	1.0000
42959	T	1.0000
42960	A	1.0000
42961	A	1.0000
42962	C	1.0000
42963	G	1.0000
42964	A	1.0000
42965	G	1.0000
42966	A	1.0000
42967	A	1.0000
42968	C	1.0000
42969	T	1.0000
42970	G	1.0000
42971	T	1.0000
42972	C	1.0000
42973	G	1.0000
42974	G	1.0000
42975	G	1.0000
42976	T	1.0000
42977	T	1.0000
42978	C	1.0000
42979	T	1.0000
42980	G	1.0000
42981	G	1.0000
42982	G	1.0000
42983	A	1.0000
42984	A	1.0000
42985	A	1.0000
42986	A	1.0000
42987	T	1.0000
42988	T	1.0000
42989	G	1.0000
42990	T	1.0000
42991	C	1.0000
42992	C	1.0000
42993	G	1.0000
42994	C	1.0000
42995	G	1.0000
42996	A	1.0000
42997	A	1.0000
42998	C	1.0000
42999	C	1.0000
43000	A	1.0000
43001	G	1.0000
43002	A	1.0000
43003	T	1.0000
43004	T	1.0000
43005	G	1.0000
43006	A	1.0000
43007	A	1.0000
43008	G	1.0000
43009	G	1.0000
43010	C	1.0000
43011	G	1.0000
43012	A	1.0000
43013	T	1.0000
43014	C	1.0000
43015	T	1.0000
43016	C	1.0000
43017	G	1.0000
43018	T	1.0000
43019	T	1.0000
43020	A	1.0000
43021	A	1.0000
43022	A	1.0000
43023	A	1.0000
43024	C	1.0000
43025	A	1.0000
43026	G	1.0000
43027	T	1.0000
43028	G	1.0000
43029	G	1.0000
43030	G	1.0000
43031	C	1.0000
43032	A	1.0000
43033	A	1.0000
43034	A	1.0000
43035	G	1.0000
43036	C	1.0000
43037	T	1.0000
43038	T	1.0000
43039	T	1.0000
43040	C	1.0000
43041	C	1.0000
43042	C	1.0000
43043	C	1.0000
43044	C	1.0000
43045	G	1.0000
43046	G	1.0000
43047	G	1.0000
43048	A	1.0000
43049	C	1.0000
43050	T	1.0000
43051	C	1.0000
43052	C	1.0000
43053	C	1.0000
43054	G	1.0000
43055	T	1.0000
43056	G	1.0000
43057	C	1.0000
43058	A	1.0000
43059	C	1.0000
43060	C	1.0000
43061	G	1.0000
43062	G	1.0000
43063	A	1.0000
43064	G	1.0000
43065	C	1.0000
43066	G	1.0000
43067	G	1.0000
43068	T	1.0000
43069	G	1.0000
43070	G	1.0000
43071	C	1.0000
43072	C	1.0000
43073	A	1.0000
43074	T	1.0000
43075	C	1.0000
43076	A	1.0000
43077	G	1.0000
43078	G	1.0000
43079	A	1.0000
43080	A	1.0000
43081	C	1.0000
43082	C	1.0000
43083	A	1.0000
43084	T	1.0000
43085	T	1.0000
43086	A	1.0000
43087	C	1.0000
43088	C	1.0000
43089	G	1.0000
43090	T	1.0000
43091	C	1.0000
43092	A	1.0000
43093	G	1.0000
43094	G	1.0000
43095	G	1.0000
43096	T	1.0000
43097	T	1.0000
43098	T	1.0000
43099	A	1.0000
43100	T	1.0000
43101	G	1.0000
43102	A	1.0000
43103	C	1.0000
43104	G	1.0000
43105	A	1.0000
43106	T	1.0000
43107	C	1.0000
43108	A	1.0000
43109	G	1.0000
43110	C	1.0000
43111	C	1.0000
43112	G	1.0000
43113	T	1.0000
43114	T	1.0000
43115	T	1.0000
43116	G	1.0000
43117	A	1.0000
43118	C	1.0000
43119	C	1.0000
43120	G	1.0000
43121	G	1.0000
43122	C	1.0000
43123	A	1.0000
43124	G	1.0000
43125	A	1.0000
43126	T	1.0000
43127	T	1.0000
43128	G	1.0000
43129	T	1.0000
43130	T	1.0000
43131	A	1.0000
43132	T	1.0000
43133	T	1.0000
43134	C	1.0000
43135	C	1.0000
43136	G	1.0000
43137	G	1.0000
43138	C	1.0000
43139	G	1.0000
43140	G	1.0000
43141	T	1.0000
43142	G	1.0000
43143	G	1.0000
43144	C	1.0000
43145	A	1.0000
43146	T	1.0000
43147	T	1.0000
43148	C	1.0000
43149	A	1.0000
43150	G	1.0000
43151	C	1.0000
43152	G	1.0000
43153	G	1.0000
43154	C	1.0000
43155	G	1.0000
43156	C	1.0000
43157	T	1.0000
43158	A	1.0000
43159	A	1.0000
43160	A	1.0000
43161	C	1.0000
43162	A	1.0000
43163	T	1.0000
43164	G	1.0000
43165	A	1.0000
43166	G	1.0000
43167	A	1.0000
43168	A	1.0000
43169	A	1.0000
43170	G	1.0000
43171	A	1.0000
43172	G	1.0000
43173	C	1.0000
43174	A	1.0000
43175	T	1.0000
43176	A	1.0000
43177	C	1.0000
43178	T	1.0000
43179	G	1.0000
43180	A	1.0000
43181	T	1.0000
43182	A	1.0000
43183	T	1.0000
43184	T	1.0000
43185	T	1.0000
43186	A	1.0000
43187	C	1.0000
43188	T	1.0000
43189	C	1.0000
43190	C	1.0000
43191	T	1.0000
43192	C	1.0000
43193	A	1.0000
43194	T	1.0000
43195	G	1.0000
43196	C	1.0000
43197	C	1.0000
43198	G	1.0000
43199	T	1.0000
43200	C	1.0000
43201	T	1.0000
43202	G	1.0000
43203	A	1.0000
43204	T	1.0000
43205	A	1.0000
43206	G	1.0000
43207	T	1.0000
43208	G	1.0000
43209	C	1.0000
43210	G	1.0000
43211	G	1.0000
43212	A	1.0000
43213	A	1.0000
43214	A	1.0000
43215	A	1.0000
43216	A	1.0000
43217	C	1.0000
43218	G	1.0000
43219	G	1.0000
43220	T	1.0000
43221	G	1.0000
43222	C	1.0000
43223	T	1.0000
43224	G	1.0000
43225	A	1.0000
43226	A	1.0000
43227	A	1.0000
43228	T	1.0000
43229	T	1.0000
43230	T	1.0000
43231	A	1.0000
43232	T	1.0000
43233	A	1.0000
43234	A	1.0000
43235	C	1.0000
43236	C	1.0000
43237	G	1.0000
43238	T	1.0000
43239	A	1.0000
43240	C	1.0000
43241	C	1.0000
43242	G	1.0000
43243	C	1.0000
43244	G	1.0000
43245	C	1.0000
43246	T	1.0000
43247	G	1.0000
43248	G	1.0000
43249	A	1.0000
43250	T	1.0000
43251	A	1.0000
43252	A	1.0000
43253	T	1.0000
43254	A	1.0000
43255	C	1.0000
43256	G	1.0000
43257	C	1.0000
43258	T	1.0000
43259	G	1.0000
43260	A	1.0000
43261	T	1.0000
43262	T	1.0000
43263	T	1.0000
43264	A	1.0000
43265	C	1.0000
43266	A	1.0000
43267	G	1.0000
43268	T	1.0000
43269	G	1.0000
43270	G	1.0000
43271	T	1.0000
43272	G	1.0000
43273	T	1.0000
43274	T	1.0000
43275	A	1.0000
43276	T	1.0000
43277	T	1.0000
43278	G	1.0000
43279	A	1.0000
43280	T	1.0000
43281	A	1.0000
43282	T	1.0000
43283	G	1.0000
43284	C	1.0000
43285	C	1.0000
43286	T	1.0000
43287	G	1.0000
43288	C	1.0000
43289	C	1.0000
43290	G	1.0000
43291	G	1.0000
43292	T	1.0000
43293	C	1.0000
43294	A	1.0000
43295	C	1.0000
43296	G	1.0000
43297	G	1.0000
43298	T	1.0000
43299	C	1.0000
43300	A	1.0000
43301	C	1.0000
43302	A	1.0000
43303	T	1.0000
43304	G	1.0000
43305	A	1.0000
43306	C	1.0000
43307	A	1.0000
43308	C	1.0000
43309	T	1.0000
43310	G	1.0000
43311	G	1.0000
43312	A	1.0000
43313	G	1.0000
43314	T	1.0000
43315	T	1.0000
43316	T	1.0000
43317	T	1.0000
43318	C	1.0000
43319	G	1.0000
43320	G	1.0000
43321	T	1.0000
43322	G	1.0000
43323	T	1.0000
43324	C	1.0000
43325	A	1.0000
43326	G	1.0000
43327	C	1.0000
43328	A	1.0000
43329	T	1.0000
43330	G	1.0000
43331	G	1.0000
43332	C	1.0000
43333	T	1.0000
43334	G	1.0000
43335	G	1.0000
43336	T	1.0000
43337	A	1.0000
43338	A	1.0000
43339	A	1.0000
43340	T	1.0000
43341	A	1.0000
43342	A	1.0000
43343	C	1.0000
43344	T	1.0000
43345	G	1.0000
43346	G	1.0000
43347	T	1.0000
43348	A	1.0000
43349	T	1.0000
43350	C	1.0000
43351	C	1.0000
43352	C	1.0000
43353	A	1.0000
43354	C	1.0000
43355	A	1.0000
43356	G	1.0000
43357	C	1.0000
43358	A	1.0000
43359	A	1.0000
43360	G	1.0000
43361	T	1.0000
43362	A	1.0000
43363	T	1.0000
43364	C	1.0000
43365	A	1.0000
43366	G	1.0000
43367	C	1.0000
43368	G	1.0000
43369	A	1.0000
43370	T	1.0000
43371	T	1.0000
43372	T	1.0000
43373	G	1.0000
43374	C	1.0000
43375	T	1.0000
43376	G	1.0000
43377	G	1.0000
43378	T	1.0000
43379	T	1.0000
43380	G	1.0000
43381	T	1.0000
43382	G	1.0000
43383	G	1.0000
43384	T	1.0000
43385	G	1.0000
43386	A	1.0000
43387	T	1.0000
43388	G	1.0000
43389	A	1.0000
43390	A	1.0000
43391	G	1.0000
43392	A	1.0000
43393	A	1.0000
43394	A	1.0000
43395	G	1.0000
43396	C	1.0000
43397	C	1.0000
43398	A	1.0000
43399	C	1.0000
43400	T	1.0000
43401	G	1.0000
43402	C	1.0000
43403	A	1.0000
43404	G	1.0000
43405	G	1.0000
43406	C	1.0000
43407	A	1.0000
43408	T	1.0000
43409	C	1.0000
43410	A	1.0000
43411	C	1.0000
43412	G	1.0000
43413	A	1.0000
43414	T	1.0000
43415	T	1.0000
43416	A	1.0000
43417	G	1.0000
43418	C	1.0000
43419	T	1.0000
43420	G	1.0000
43421	A	1.0000
43422	A	1.0000
43423	T	1.0000
43424	T	1.0000
43425	T	1.0000
43426	T	1.0000
43427	A	1.0000
43428	T	1.0000
43429	A	1.0000
43430	A	1.0000
43431	C	1.0000
43432	C	1.0000
43433	C	1.0000
43434	A	1.0000
43435	G	1.0000
43436	A	1.0000
43437	T	1.0000
43438	A	1.0000
43439	C	1.0000
43440	G	1.0000
43441	G	1.0000
43442	G	1.0000
43443	C	1.0000
43444	G	1.0000
43445	C	1.0000
43446	C	1.0000
43447	A	1.0000
43448	G	1.0000
43449	A	1.0000
43450	A	1.0000
43451	A	1.0000
43452	T	1.0000
43453	G	1.0000
43454	G	1.0000
43455	C	1.0000
43456	G	1.0000
43457	C	1.0000
43458	C	1.0000
43459	T	1.0000
43460	T	1.0000
43461	T	1.0000
43462	T	1.0000
43463	T	1.0000
43464	T	1.0000
43465	A	1.0000
43466	T	1.0000
43467	T	1.0000
43468	G	1.0000
43469	C	1.0000
43470	A	1.0000
43471	G	1.0000
43472	A	1.0000
43473	A	1.0000
43474	A	1.0000
43475	A	1.0000
43476	G	1.0000
43477	C	1.0000
43478	G	1.0000
43479	A	1.0000
43480	G	1.0000
43481	A	1.0000
43482	G	1.0000
43483	G	1.0000
43484	T	1.0000
43485	A	1.0000
43486	A	1.0000
43487	T	1.0000
43488	T	1.0000
43489	A	1.0000
43490	T	1.0000
43491	G	1.0000
43492	C	1.0000
43493	G	1.0000
43494	T	1.0000
43495	A	1.0000
43496	A	1.0000
43497	A	1.0000
43498	T	1.0000
43499	T	1.0000
43500	A	1.0000
43501	T	1.0000
43502	G	1.0000
43503	T	1.0000
43504	G	1.0000
43505	C	1.0000
43506	T	1.0000
43507	G	1.0000
43508	T	1.0000
43509	T	1.0000
43510	A	1.0000
43511	T	1.0000
43512	T	1.0000
43513	T	1.0000
43514	T	1.0000
43515	G	1.0000
43516	T	1.0000
43517	C	1.0000
43518	C	1.0000
43519	G	1.0000
43520	C	1.0000
43521	A	1.0000
43522	G	1.0000
43523	T	1.0000
43524	A	1.0000
43525	G	1.0000
43526	T	1.0000
43527	C	1.0000
43528	T	1.0000
43529	G	1.0000
43530	G	1.0000
43531	C	1.0000
43532	A	1.0000
43533	G	1.0000
43534	G	1.0000
43535	T	1.0000
43536	C	1.0000
43537	G	1.0000
43538	C	1.0000
43539	C	1.0000
43540	G	1.0000
43541	C	1.0000
43542	T	1.0000
43543	G	1.0000
43544	C	1.0000
43545	T	1.0000
43546	A	1.0000
43547	C	1.0000
43548	G	1.0000
43549	C	1.0000
43550	C	1.0000
43551	A	1.0000
43552	G	1.0000
43553	C	1.0000
43554	G	1.0000
43555	A	1.0000
43556	G	1.0000
43557	T	1.0000
43558	G	1.0000
43559	C	1.0000
43560	A	1.0000
43561	G	1.0000
43562	C	1.0000
43563	A	1.0000
43564	G	1.0000
43565	A	1.0000
43566	A	1.0000
43567	C	1.0000
43568	A	1.0000
43569	T	1.0000
43570	C	1.0000
43571	A	1.0000
43572	G	1.0000
43573	T	1.0000
43574	C	1.0000
43575	C	1.0000
43576	A	1.0000
43577	C	1.0000
43578	G	1.0000
43579	C	1.0000
43580	T	1.0000
43581	G	1.0000
43582	A	1.0000
43583	G	1.0000
43584	C	1.0000
43585	G	1.0000
43586	C	1.0000
43587	G	1.0000
43588	G	1.0000
43589	G	1.0000
43590	G	1.0000
43591	T	1.0000
43592	A	1.0000
43593	T	1.0000
43594	C	1.0000
43595	T	1.0000
43596	C	1.0000
43597	C	1.0000
43598	A	1.0000
43599	T	1.0000
43600	G	1.0000
43601	C	1.0000
43602	C	1.0000
43603	T	1.0000
43604	C	1.0000
43605	G	1.0000
43606	A	1.0000
43607	C	1.0000
43608	G	1.0000
43609	A	1.0000
43610	A	1.0000
43611	C	1.0000
43612	G	1.0000
43613	T	1.0000
43614	T	1.0000
43615	C	1.0000
43616	C	1.0000
43617	C	1.0000
43618	G	1.0000
43619	G	1.0000
43620	T	1.0000
43621	A	1.0000
43622	G	1.0000
43623	T	1.0000
43624	G	1.0000
43625	A	1.0000
43626	T	1.0000
43627	G	1.0000
43628	A	1.0000
43629	T	1.0000
43630	C	1.0000
43631	T	1.0000
43632	G	1.0000
43633	A	1.0000
43634	A	1.0000
43635	C	1.0000
43636	G	1.0000
43637	G	1.0000
43638	G	1.0000
43639	A	1.0000
43640	T	1.0000
43641	T	1.0000
43642	A	1.0000
43643	A	1.0000
43644	C	1.0000
43645	G	1.0000
43646	T	1.0000
43647	G	1.0000
43648	A	1.0000
43649	A	1.0000
43650	A	1.0000
43651	T	1.0000
43652	A	1.0000
43653	C	1.0000
43654	C	1.0000
43655	G	1.0000
43656	T	1.0000
43657	T	1.0000
43658	A	1.0000
43659	T	1.0000
43660	G	1.0000
43661	A	1.0000
43662	G	1.0000
43663	T	1.0000
43664	T	1.0000
43665	T	1.0000
43666	A	1.0000
43667	C	1.0000
43668	G	1.0000
43669	G	1.0000
43670	A	1.0000
43671	C	1.0000
43672	G	1.0000
43673	C	1.0000
43674	G	1.0000
43675	C	1.0000
43676	T	1.0000
43677	G	1.0000
43678	G	1.0000
43679	G	1.0000
43680	G	1.0000
43681	C	1.0000
43682	T	1.0000
43683	G	1.0000
43684	A	1.0000
43685	T	1.0000
43686	T	1.0000
43687	A	1.0000
43688	C	1.0000
43689	G	1.0000
43690	T	1.0000
43691	C	1.0000
43692	C	1.0000
43693	T	1.0000
43694	T	1.0000
43695	C	1.0000
43696	A	1.0000
43697	G	1.0000
43698	T	1.0000
43699	T	1.0000
43700	A	1.0000
43701	T	1.0000
43702	G	1.0000
43703	C	1.0000
43704	C	1.0000
43705	A	1.0000
43706	A	1.0000
43707	T	1.0000
43708	G	1.0000
43709	C	1.0000
43710	T	1.0000
43711	G	1.0000
43712	A	1.0000
43713	G	1.0000
43714	G	1.0000
43715	A	1.0000
43716	T	1.0000
43717	G	1.0000
43718	A	1.0000
43719	G	1.0000
43720	C	1.0000
43721	A	1.0000
43722	A	1.0000
43723	A	1.0000
43724	A	1.0000
43725	A	1.0000
43726	A	1.0000
43727	C	1.0000
43728	G	1.0000
43729	C	1.0000
43730	G	1.0000
43731	C	1.0000
43732	T	1.0000
43733	A	1.0000
43734	C	1.0000
43735	A	1.0000
43736	G	1.0000
43737	C	1.0000
43738	G	1.0000
43739	A	1.0000
43740	T	1.0000
43741	A	1.0000
43742	C	1.0000
43743	C	1.0000
43744	C	1.0000
43745	G	1.0000
43746	C	1.0000
43747	T	1.0000
43748	G	1.0000
43749	G	1.0000
43750	C	1.0000
43751	A	1.0000
43752	T	1.0000
43753	G	1.0000
43754	A	1.0000
43755	A	1.0000
43756	G	1.0000
43757	A	1.0000
43758	T	1.0000
43759	T	1.0000
43760	C	1.0000
43761	C	1.0000
43762	G	1.0000
43763	T	1.0000
43764	G	1.0000
43765	C	1.0000
43766	G	1.0000
43767	T	1.0000
43768	A	1.0000
43769	A	1.0000
43770	C	1.0000
43771	C	1.0000
43772	G	1.0000
43773	C	1.0000
43774	T	1.0000
43775	G	1.0000
43776	G	1.0000
43777	T	1.0000
43778	T	1.0000
43779	C	1.0000
43780	A	1.0000
43781	G	1.0000
43782	C	1.0000
43783	G	1.0000
43784	T	1.0000
43785	G	1.0000
43786	A	1.0000
43787	T	1.0000
43788	G	1.0000
43789	G	1.0000
43790	C	1.0000
43791	G	1.0000
43792	G	1.0000
43793	G	1.0000
43794	G	1.0000
43795	C	1.0000
43796	C	1.0000
43797	G	1.0000
43798	T	1.0000
43799	C	1.0000
43800	T	1.0000
43801	G	1.0000
43802	T	1.0000
43803	A	1.0000
43804	C	1.0000
43805	G	1.0000
43806	C	1.0000
43807	G	1.0000
43808	T	1.0000
43809	G	1.0000
43810	A	1.0000
43811	A	1.0000
43812	T	1.0000
43813	G	1.0000
43814	A	1.0000
43815	A	1.0000
43816	T	1.0000
43817	G	1.0000
43818	G	1.0000
43819	T	1.0000
43820	T	1.0000
43821	C	1.0000
43822	A	1.0000
43823	G	1.0000
43824	C	1.0000
43825	G	1.0000
43826	C	1.0000
43827	G	1.0000
43828	T	1.0000
43829	A	1.0000
43830	T	1.0000
43831	T	1.0000
43832	C	1.0000
43833	G	1.0000
43834	A	1.0000
43835	T	1.0000
43836	G	1.0000
43837	G	1.0000
43838	C	1.0000
43839	G	1.0000
43840	G	1.0000
43841	G	1.0000
43842	T	1.0000
43843	G	1.0000
43844	T	1.0000
43845	G	1.0000
43846	G	1.0000
43847	C	1.0000
43848	T	1.0000
43849	T	1.0000
43850	A	1.0000
43851	C	1.0000
43852	A	1.0000
43853	G	1.0000
43854	C	1.0000
43855	C	1.0000
43856	G	1.0000
43857	T	1.0000
43858	G	1.0000
43859	T	1.0000
43860	G	1.0000
43861	T	1.0000
43862	C	1.0000
43863	G	1.0000
43864	A	1.0000
43865	C	1.0000
43866	T	1.0000
43867	T	1.0000
43868	T	1.0000
43869	C	1.0000
43870	T	1.0000
43871	C	1.0000
43872	C	1.0000
43873	G	1.0000
43874	G	1.0000
43875	G	1.0000
43876	G	1.0000
43877	A	1.0000
43878	T	1.0000
43879	T	1.0000
43880	A	1.0000
43881	T	1.0000
43882	C	1.0000
43883	T	1.0000
43884	C	1.0000
43885	C	1.0000
43886	G	1.0000
43887	C	1.0000
43888	G	1.0000
43889	T	1.0000
43890	A	1.0000
43891	A	1.0000
43892	C	1.0000
43893	T	1.0000
43894	G	1.0000
43895	A	1.0000
43896	C	1.0000
43897	A	1.0000
43898	A	1.0000
43899	C	1.0000
43900	A	1.0000
43901	A	1.0000
43902	G	1.0000
43903	G	1.0000
43904	G	1.0000
43905	G	1.0000
43906	A	1.0000
43907	A	1.0000
43908	A	1.0000
43909	A	1.0000
43910	C	1.0000
43911	G	1.0000
43912	C	1.0000
43913	A	1.0000
43914	C	1.0000
43915	G	1.0000
43916	A	1.0000
43917	T	1.0000
43918	G	1.0000
43919	T	1.0000
43920	G	1.0000
43921	C	1.0000
43922	T	1.0000
43923	G	1.0000
43924	A	1.0000
43925	C	1.0000
43926	C	1.0000
43927	G	1.0000
43928	G	1.0000
43929	A	1.0000
43930	A	1.0000
43931	G	1.0000
43932	T	1.0000
43933	G	1.0000
43934	A	1.0000
43935	T	1.0000
43936	G	1.0000
43937	A	1.0000
43938	C	1.0000
43939	G	1.0000
43940	G	1.0000
43941	T	1.0000
43942	C	1.0000
43943	G	1.0000
43944	C	1.0000
43945	C	1.0000
43946	A	1.0000
43947	C	1.0000
43948	A	1.0000
43949	G	1.0000
43950	C	1.0000
43951	A	1.0000
43952	A	1.0000
43953	C	1.0000
43954	A	1.0000
43955	C	1.0000
43956	G	1.0000
43957	T	1.0000
43958	C	1.0000
43959	T	1.0000
43960	C	1.0000
43961	T	1.0000
43962	G	1.0000
43963	G	1.0000
43964	C	1.0000
43965	G	1.0000
43966	T	1.0000
43967	G	1.0000
43968	G	1.0000
43969	G	1.0000
43970	G	1.0000
43971	G	1.0000
43972	G	1.0000
43973	C	1.0000
43974	T	1.0000
43975	G	1.0000
43976	G	1.0000
43977	C	1.0000
43978	G	1.0000
43979	T	1.0000
43980	G	1.0000
43981	C	1.0000
43982	A	1.0000
43983	G	1.0000
43984	T	1.0000
43985	T	1.0000
43986	T	1.0000
43987	A	1.0000
43988	A	1.0000
43989	C	1.0000
43990	C	1.0000
43991	C	1.0000
43992	G	1.0000
43993	A	1.0000
43994	C	1.0000
43995	C	1.0000
43996	G	1.0000
43997	A	1.0000
43998	A	1.0000
43999	T	1.0000
44000	C	1.0000
44001	C	1.0000
44002	G	1.0000
44003	T	1.0000
44004	G	1.0000
44005	A	1.0000
44006	C	1.0000
44007	C	1.0000
44008	A	1.0000
44009	T	1.0000
44010	T	1.0000
44011	G	1.0000
44012	A	1.0000
44013	C	1.0000
44014	C	1.0000
44015	T	1.0000
44016	T	1.0000
44017	G	1.0000
44018	C	1.0000
44019	T	1.0000
44020	T	1.0000
44021	A	1.0000
44022	T	1.0000
44023	G	1.0000
44024	A	1.0000
44025	A	1.0000
44026	G	1.0000
44027	G	1.0000
44028	T	1.0000
44029	T	1.0000
44030	C	1.0000
44031	C	1.0000
44032	G	1.0000
44033	G	1.0000
44034	T	1.0000
44035	A	1.0000
44036	G	1.0000
44037	T	1.0000
44038	G	1.0000
44039	G	1.0000
44040	C	1.0000
44041	G	1.0000
44042	A	1.0000
44043	C	1.0000
44044	T	1.0000
44045	G	1.0000
44046	G	1.0000
44047	C	1.0000
44048	G	1.0000
44049	A	1.0000
44050	A	1.0000
44051	C	1.0000
44052	G	1.0000
44053	G	1.0000
44054	A	1.0000
44055	T	1.0000
44056	G	1.0000
44057	C	1.0000
44058	A	1.0000
44059	T	1.0000
44060	T	1.0000
44061	T	1.0000
44062	A	1.0000
44063	T	1.0000
44064	T	1.0000
44065	G	1.0000
44066	T	1.0000
44067	T	1.0000
44068	G	1.0000
44069	G	1.0000
44070	T	1.0000
44071	A	1.0000
44072	T	1.0000
44073	C	1.0000
44074	G	1.0000
44075	G	1.0000
44076	A	1.0000
44077	T	1.0000
44078	A	1.0000
44079	C	1.0000
44080	C	1.0000
44081	G	1.0000
44082	T	1.0000
44083	T	1.0000
44084	T	1.0000
44085	C	1.0000
44086	T	1.0000
44087	G	1.0000
44088	A	1.0000
44089	C	1.0000
44090	A	1.0000
44091	A	1.0000
44092	C	1.0000
44093	A	1.0000
44094	G	1.0000
44095	A	1.0000
44096	C	1.0000
44097	G	1.0000
44098	C	1.0000
44099	C	1.0000
44100	G	1.0000
44101	A	1.0000
44102	T	1.0000
44103	T	1.0000
44104	T	1.0000
44105	A	1.0000
44106	T	1.0000
44107	C	1.0000
44108	T	1.0000
44109	T	1.0000
44110	C	1.0000
44111	T	1.0000
44112	G	1.0000
44113	T	1.0000
44114	A	1.0000
44115	A	1.0000
44116	A	1.0000
44117	T	1.0000
44118	A	1.0000
44119	T	1.0000
44120	T	1.0000
44121	G	1.0000
44122	T	1.0000
44123	T	1.0000
44124	A	1.0000
44125	T	1.0000
44126	G	1.0000
44127	A	1.0000
44128	T	1.0000
44129	A	1.0000
44130	C	1.0000
44131	G	1.0000
44132	C	1.0000
44133	A	1.0000
44134	G	1.0000
44135	G	1.0000
44136	T	1.0000
44137	T	1.0000
44138	C	1.0000
44139	A	1.0000
44140	T	1.0000
44141	C	1.0000
44142	C	1.0000
44143	A	1.0000
44144	C	1.0000
44145	C	1.0000
44146	T	1.0000
44147	T	1.0000
44148	A	1.0000
44149	T	1.0000
44150	G	1.0000
44151	G	1.0000
44152	G	1.0000
44153	G	1.0000
44154	T	1.0000
44155	G	1.0000
44156	A	1.0000
44157	A	1.0000
44158	C	1.0000
44159	T	1.0000
44160	G	1.0000
44161	C	1.0000
44162	G	1.0000
44163	T	1.0000
44164	T	1.0000
44165	T	1.0000
44166	G	1.0000
44167	A	1.0000
44168	G	1.0000
44169	G	1.0000
44170	A	1.0000
44171	A	1.0000
44172	A	1.0000
44173	C	1.0000
44174	G	1.0000
44175	T	1.0000
44176	A	1.0000
44177	A	1.0000
44178	A	1.0000
44179	G	1.0000
44180	T	1.0000
44181	T	1.0000
44182	A	1.0000
44183	C	1.0000
44184	A	1.0000
44185	C	1.0000
44186	T	1.0000
44187	G	1.0000
44188	T	1.0000
44189	C	1.0000
44190	C	1.0000
44191	T	1.0000
44192	G	1.0000
44193	A	1.0000
44194	A	1.0000
44195	G	1.0000
44196	C	1.0000
44197	C	1.0000
44198	C	1.0000
44199	G	1.0000
44200	T	1.0000
44201	G	1.0000
44202	G	1.0000
44203	C	1.0000
44204	G	1.0000
44205	T	1.0000
44206	C	1.0000
44207	A	1.0000
44208	C	1.0000
44209	T	1.0000
44210	G	1.0000
44211	C	1.0000
44212	T	1.0000
44213	G	1.0000
44214	C	1.0000
44215	G	1.0000
44216	G	1.0000
44217	G	1.0000
44218	C	1.0000
44219	T	1.0000
44220	T	1.0000
44221	T	1.0000
44222	T	1.0000
44223	T	1.0000
44224	T	1.0000
44225	T	1.0000
44226	A	1.0000
44227	T	1.0000
44228	T	1.0000
44229	G	1.0000
44230	G	1.0000
44231	T	1.0000
44232	G	1.0000
44233	G	1.0000
44234	A	1.0000
44235	A	1.0000
44236	A	1.0000
44237	A	1.0000
44238	G	1.0000
44239	T	1.0000
44240	A	1.0000
44241	T	1.0000
44242	G	1.0000
44243	A	1.0000
44244	C	1.0000
44245	A	1.0000
44246	G	1.0000
44247	T	1.0000
44248	A	1.0000
44249	A	1.0000
44250	A	1.0000
44251	A	1.0000
44252	A	1.0000
44253	T	1.0000
44254	T	1.0000
44255	T	1.0000
44256	C	1.0000
44257	T	1.0000
44258	G	1.0000
44259	G	1.0000
44260	C	1.0000
44261	G	1.0000
44262	T	1.0000
44263	G	1.0000
44264	C	1.0000
44265	T	1.0000
44266	T	1.0000
44267	A	1.0000
44268	A	1.0000
44269	A	1.0000
44270	G	1.0000
44271	A	1.0000
44272	T	1.0000
44273	G	1.0000
44274	G	1.0000
44275	C	1.0000
44276	A	1.0000
44277	C	1.0000
44278	A	1.0000
44279	G	1.0000
44280	G	1.0000
44281	A	1.0000
44282	A	1.0000
44283	A	1.0000
44284	A	1.0000
44285	C	1.0000
44286	C	1.0000
44287	A	1.0000
44288	G	1.0000
44289	T	1.0000
44290	A	1.0000
44291	C	1.0000
44292	A	1.0000
44293	G	1.0000
44294	A	1.0000
44295	A	1.0000
44296	C	1.0000
44297	T	1.0000
44298	G	1.0000
44299	C	1.0000
44300	A	1.0000
44301	C	1.0000
44302	C	1.0000
44303	A	1.0000
44304	T	1.0000
44305	T	1.0000
44306	G	1.0000
44307	T	1.0000
44308	G	1.0000
44309	C	1.0000
44310	T	1.0000
44311	G	1.0000
44312	A	1.0000
44313	A	1.0000
44314	G	1.0000
44315	G	1.0000
44316	C	1.0000
44317	C	1.0000
44318	A	1.0000
44319	G	1.0000
44320	A	1.0000
44321	C	1.0000
44322	G	1.0000
44323	A	1.0000
44324	A	1.0000
44325	C	1.0000
44326	C	1.0000
44327	A	1.0000
44328	G	1.0000
44329	C	1.0000
44330	A	1.0000
44331	G	1.0000
44332	C	1.0000
44333	A	1.0000
44334	C	1.0000
44335	G	1.0000
44336	G	1.0000
44337	T	1.0000
44338	G	1.0000
44339	G	1.0000
44340	T	1.0000
44341	G	1.0000
44342	G	1.0000
44343	T	1.0000
44344	G	1.0000
44345	A	1.0000
44346	A	1.0000
44347	C	1.0000
44348	A	1.0000
44349	C	1.0000
44350	G	1.0000
44351	G	1.0000
44352	T	1.0000
44353	G	1.0000
44354	G	1.0000
44355	C	1.0000
44356	C	1.0000
44357	T	1.0000
44358	C	1.0000
44359	T	1.0000
44360	G	1.0000
44361	A	1.0000
44362	A	1.0000
44363	A	1.0000
44364	A	1.0000
44365	T	1.0000
44366	C	1.0000
44367	C	1.0000
44368	G	1.0000
44369	G	1.0000
44370	A	1.0000
44371	T	1.0000
44372	G	1.0000
44373	A	1.0000
44374	A	1.0000
44375	G	1.0000
44376	C	1.0000
44377	C	1.0000
44378	G	1.0000
44379	G	1.0000
44380	A	1.0000
44381	C	1.0000
44382	G	1.0000
44383	T	1.0000
44384	T	1.0000
44385	A	1.0000
44386	C	1.0000
44387	A	1.0000
44388	G	1.0000
44389	C	1.0000
44390	A	1.0000
44391	T	1.0000
44392	G	1.0000
44393	G	1.0000
44394	A	1.0000
44395	T	1.0000
44396	G	1.0000
44397	T	1.0000
44398	T	1.0000
44399	G	1.0000
44400	A	1.0000
44401	G	1.0000
44402	C	1.0000
44403	A	1.0000
44404	T	1.0000
44405	G	1.0000
44406	G	1.0000
44407	T	1.0000
44408	C	1.0000
44409	A	1.0000
44410	G	1.0000
44411	T	1.0000
44412	A	1.0000
44413	C	1.0000
44414	A	1.0000
44415	G	1.0000
44416	C	1.0000
44417	G	1.0000
44418	T	1.0000
44419	C	1.0000
44420	A	1.0000
44421	C	1.0000
44422	C	1.0000
44423	C	1.0000
44424	T	1.0000
44425	G	1.0000
44426	C	1.0000
44427	T	1.0000
44428	G	1.0000
44429	G	1.0000
44430	T	1.0000
44431	T	1.0000
44432	G	1.0000
44433	A	1.0000
44434	A	1.0000
44435	G	1.0000
44436	G	1.0000
44437	T	1.0000
44438	T	1.0000
44439	T	1.0000
44440	T	1.0000
44441	C	1.0000
44442	C	1.0000
44443	G	1.0000
44444	C	1.0000
44445	C	1.0000
44446	T	1.0000
44447	T	1.0000
44448	C	1.0000
44449	A	1.0000
44450	A	1.0000
44451	A	1.0000
44452	T	1.0000
44453	G	1.0000
44454	T	1.0000
44455	T	1.0000
44456	G	1.0000
44457	G	1.0000
44458	G	1.0000
44459	A	1.0000
44460	C	1.0000
44461	C	1.0000
44462	A	1.0000
44463	T	1.0000
44464	T	1.0000
44465	A	1.0000
44466	C	1.0000
44467	C	1.0000
44468	G	1.0000
44469	T	1.0000
44470	C	1.0000
44471	T	1.0000
44472	A	1.0000
44473	T	1.0000
44474	G	1.0000
44475	A	1.0000
44476	A	1.0000
44477	G	1.0000
44478	G	1.0000
44479	C	1.0000
44480	T	1.0000
44481	C	1.0000
44482	C	1.0000
44483	A	1.0000
44484	G	1.0000
44485	A	1.0000
44486	C	1.0000
44487	C	1.0000
44488	A	1.0000
44489	G	1.0000
44490	G	1.0000
44491	T	1.0000
44492	A	1.0000
44493	C	1.0000
44494	G	1.0000
44495	C	1.0000
44496	T	1.0000
44497	G	1.0000
44498	A	1.0000
44499	A	1.0000
44500	T	1.0000
44501	G	1.0000
44502	A	1.0000
44503	T	1.0000
44504	T	1.0000
44505	T	1.0000
44506	T	1.0000
44507	C	1.0000
44508	T	1.0000
44509	C	1.0000
44510	G	1.0000
44511	G	1.0000
44512	T	1.0000
44513	G	1.0000
44514	C	1.0000
44515	C	1.0000
44516	A	1.0000
44517	T	1.0000
44518	G	1.0000
44519	A	1.0000
44520	C	1.0000
44521	G	1.0000
44522	G	1.0000
44523	A	1.0000
44524	A	1.0000
44525	G	1.0000
44526	A	1.0000
44527	T	1.0000
44528	G	1.0000
44529	A	1.0000
44530	T	1.0000
44531	G	1.0000
44532	T	1.0000
44533	C	1.0000
44534	A	1.0000
44535	T	1.0000
44536	G	1.0000
44537	C	1.0000
44538	C	1.0000
44539	G	1.0000
44540	G	1.0000
44541	A	1.0000
44542	G	1.0000
44543	G	1.0000
44544	C	1.0000
44545	A	1.0000
44546	T	1.0000
44547	T	1.0000
44548	G	1.0000
44549	C	1.0000
44550	G	1.0000
44551	T	1.0000
44552	C	1.0000
44553	G	1.0000
44554	T	1.0000
44555	T	1.0000
44556	T	1.0000
44557	T	1.0000
44558	G	1.0000
44559	A	1.0000
44560	G	1.0000
44561	G	1.0000
44562	A	1.0000
44563	A	1.0000
44564	A	1.0000
44565	T	1.0000
44566	G	1.0000
44567	G	1.0000
44568	T	1.0000
44569	G	1.0000
44570	G	1.0000
44571	A	1.0000
44572	A	1.0000
44573	G	1.0000
44574	A	1.0000
44575	A	1.0000
44576	G	1.0000
44577	C	1.0000
44578	G	1.0000
44579	G	1.0000
44580	C	1.0000
44581	A	1.0000
44582	C	1.0000
44583	G	1.0000
44584	C	1.0000
44585	A	1.0000
44586	A	1.0000
44587	C	1.0000
44588	G	1.0000
44589	C	1.0000
44590	T	1.0000
44591	G	1.0000
44592	A	1.0000
44593	A	1.0000
44594	G	1.0000
44595	C	1.0000
44596	C	1.0000
44597	G	1.0000
44598	C	1.0000
44599	C	1.0000
44600	T	1.0000
44601	C	1.0000
44602	T	1.0000
44603	C	1.0000
44604	A	1.0000
44605	G	1.0000
44606	A	1.0000
44607	G	1.0000
44608	C	1.0000
44609	G	1.0000
44610	C	1.0000
44611	A	1.0000
44612	G	1.0000
44613	C	1.0000
44614	G	1.0000
44615	G	1.0000
44616	C	1.0000
44617	G	1.0000
44618	G	1.0000
44619	C	1.0000
44620	A	1.0000
44621	A	1.0000
44622	A	1.0000
44623	G	1.0000
44624	A	1.0000
44625	A	1.0000
44626	A	1.0000
44627	T	1.0000
44628	C	1.0000
44629	C	1.0000
44630	G	1.0000
44631	A	1.0000
44632	A	1.0000
44633	A	1.0000
44634	C	1.0000
44635	T	1.0000
44636	G	1.0000
44637	C	1.0000
44638	A	1.0000
44639	G	1.0000
44640	C	1.0000
44641	G	1.0000
44642	G	1.0000
44643	C	1.0000
44644	A	1.0000
44645	T	1.0000
44646	C	1.0000
44647	A	1.0000
44648	T	1.0000
44649	C	1.0000
44650	G	1.0000
44651	A	1.0000
44652	A	1.0000
44653	G	1.0000
44654	A	1.0000
44655	A	1.0000
44656	C	1.0000
44657	G	1.0000
44658	C	1.0000
44659	G	1.0000
44660	G	1.0000
44661	C	1.0000
44662	G	1.0000
44663	A	1.0000
44664	A	1.0000
44665	A	1.0000
44666	A	1.0000
44667	C	1.0000
44668	C	1.0000
44669	T	1.0000
44670	C	1.0000
44671	A	1.0000
44672	G	1.0000
44673	A	1.0000
44674	A	1.0000
44675	A	1.0000
44676	C	1.0000
44677	G	1.0000
44678	A	1.0000
44679	A	1.0000
44680	T	1.0000
44681	G	1.0000
44682	C	1.0000
44683	A	1.0000
44684	G	1.0000
44685	C	1.0000
44686	T	1.0000
44687	A	1.0000
44688	A	1.0000
44689	C	1.0000
44690	A	1.0000
44691	G	1.0000
44692	C	1.0000
44693	G	1.0000
44694	C	1.0000
44695	A	1.0000
44696	C	1.0000
44697	A	1.0000
44698	G	1.0000
44699	G	1.0000
44700	C	1.0000
44701	G	1.0000
44702	G	1.0000
44703	C	1.0000
44704	A	1.0000
44705	G	1.0000
44706	C	1.0000
44707	G	1.0000
44708	A	1.0000
44709	C	1.0000
44710	C	1.0000
44711	T	1.0000
44712	C	1.0000
44713	A	1.0000
44714	A	1.0000
44715	A	1.0000
44716	G	1.0000
44717	A	1.0000
44718	C	1.0000
44719	T	1.0000
44720	G	1.0000
44721	C	1.0000
44722	A	1.0000
44723	T	1.0000
44724	C	1.0000
44725	G	1.0000
44726	G	1.0000
44727	C	1.0000
44728	A	1.0000
44729	A	1.0000
44730	A	1.0000
44731	C	1.0000
44732	T	1.0000
44733	C	1.0000
44734	C	1.0000
44735	G	1.0000
44736	C	1.0000
44737	G	1.0000
44738	A	1.0000
44739	C	1.0000
44740	A	1.0000
44741	G	1.0000
44742	C	1.0000
44743	A	1.0000
44744	G	1.0000
44745	C	1.0000
44746	C	1.0000
44747	A	1.0000
44748	A	1.0000
44749	A	1.0000
44750	A	1.0000
44751	A	1.0000
44752	A	1.0000
44753	T	1.0000
44754	C	1.0000
44755	A	1.0000
44756	G	1.0000
44757	A	1.0000
44758	A	1.0000
44759	A	1.0000
44760	C	1.0000
44761	C	1.0000
44762	A	1.0000
44763	A	1.0000
44764	C	1.0000
44765	G	1.0000
44766	C	1.0000
44767	G	1.0000
44768	A	1.0000
44769	A	1.0000
44770	A	1.0000
44771	A	1.0000
44772	A	1.0000
44773	T	1.0000
44774	A	1.0000
44775	G	1.0000
44776	C	1.0000
44777	G	1.0000
44778	A	1.0000
44779	G	1.0000
44780	A	1.0000
44781	C	1.0000
44782	A	1.0000
44783	G	1.0000
44784	C	1.0000
44785	C	1.0000
44786	G	1.0000
44787	C	1.0000
44788	A	1.0000
44789	A	1.0000
44790	A	1.0000
44791	G	1.0000
44792	A	1.0000
44793	C	1.0000
44794	G	1.0000
44795	A	1.0000
44796	G	1.0000
44797	C	1.0000
44798	G	1.0000
44799	A	1.0000
44800	A	1.0000
44801	A	1.0000
44802	C	1.0000
44803	C	1.0000
44804	A	1.0000
44805	A	1.0000
44806	C	1.0000
44807	G	1.0000
44808	C	1.0000
44809	A	1.0000
44810	A	1.0000
44811	A	1.0000
44812	G	1.0000
44813	T	1.0000
44814	C	1.0000
44815	C	1.0000
44816	A	1.0000
44817	G	1.0000
44818	C	1.0000
44819	C	1.0000
44820	A	1.0000
44821	G	1.0000
44822	A	1.0000
44823	C	1.0000
44824	G	1.0000
44825	G	1.0000
44826	C	1.0000
44827	A	1.0000
44828	G	1.0000
44829	C	1.0000
44830	G	1.0000
44831	A	1.0000
44832	A	1.0000
44833	A	1.0000
44834	A	1.0000
44835	C	1.0000
44836	C	1.0000
44837	A	1.0000
44838	G	1.0000
44839	C	1.0000
44840	G	1.0000
44841	A	1.0000
44842	A	1.0000
44843	A	1.0000
44844	C	1.0000
44845	G	1.0000
44846	A	1.0000
44847	A	1.0000
44848	T	1.0000
44849	G	1.0000
44850	C	1.0000
44851	C	1.0000
44852	A	1.0000
44853	A	1.0000
44854	A	1.0000
44855	G	1.0000
44856	C	1.0000
44857	C	1.0000
44858	A	1.0000
44859	G	1.0000
44860	T	1.0000
44861	G	1.0000
44862	A	1.0000
44863	A	1.0000
44864	A	1.0000
44865	C	1.0000
44866	T	1.0000
44867	G	1.0000
44868	C	1.0000
44869	G	1.0000
44870	G	1.0000
44871	C	1.0000
44872	A	1.0000
44873	A	1.0000
44874	A	1.0000
44875	A	1.0000
44876	A	1.0000
44877	A	1.0000
44878	C	1.0000
44879	A	1.0000
44880	G	1.0000
44881	C	1.0000
44882	C	1.0000
44883	A	1.0000
44884	G	1.0000
44885	G	1.0000
44886	T	1.0000
44887	T	1.0000
44888	G	1.0000
44889	C	1.0000
44890	A	1.0000
44891	G	1.0000
44892	C	1.0000
44893	A	1.0000
44894	G	1.0000
44895	C	1.0000
44896	C	1.0000
44897	C	1.0000
44898	A	1.0000
44899	A	1.0000
44900	A	1.0000
44901	G	1.0000
44902	C	1.0000
44903	G	1.0000
44904	A	1.0000
44905	G	1.0000
44906	A	1.0000
44907	G	1.0000
44908	C	1.0000
44909	G	1.0000
44910	C	1.0000
44911	G	1.0000
44912	G	1.0000
44913	C	1.0000
44914	A	1.0000
44915	G	1.0000
44916	C	1.0000
44917	C	1.0000
44918	G	1.0000
44919	G	1.0000
44920	T	1.0000
44921	T	1.0000
44922	C	1.0000
44923	T	1.0000
44924	G	1.0000
44925	C	1.0000
44926	G	1.0000
44927	A	1.0000
44928	C	1.0000
44929	T	1.0000
44930	T	1.0000
44931	C	1.0000
44932	A	1.0000
44933	G	1.0000
44934	C	1.0000
44935	A	1.0000
44936	G	1.0000
44937	C	1.0000
44938	T	1.0000
44939	G	1.0000
44940	G	1.0000
44941	A	1.0000
44942	T	1.0000
44943	C	1.0000
44944	A	1.0000
44945	G	1.0000
44946	C	1.0000
44947	A	1.0000
44948	A	1.0000
44949	C	1.0000
44950	T	1.0000
44951	G	1.0000
44952	C	1.0000
44953	T	1.0000
44954	G	1.0000
44955	C	1.0000
44956	G	1.0000
44957	G	1.0000
44958	C	1.0000
44959	T	1.0000
44960	A	1.0000
44961	A	1.0000
44962	C	1.0000
44963	A	1.0000
44964	G	1.0000
44965	C	1.0000
44966	C	1.0000
44967	A	1.0000
44968	G	1.0000
44969	A	1.0000
44970	A	1.0000
44971	A	1.0000
44972	G	1.0000
44973	C	1.0000
44974	T	1.0000
44975	G	1.0000
44976	C	1.0000
44977	G	1.0000
44978	A	1.0000
44979	A	1.0000
44980	G	1.0000
44981	A	1.0000
44982	C	1.0000
44983	G	1.0000
44984	A	1.0000
44985	G	1.0000
44986	T	1.0000
44987	G	1.0000
44988	A	1.0000
44989	A	1.0000
44990	A	1.0000
44991	C	1.0000
44992	T	1.0000
44993	A	1.0000
44994	A	1.0000
44995	C	1.0000
44996	G	1.0000
44997	C	1.0000
44998	A	1.0000
44999	A	1.0000
45000	A	1.0000
45001	G	1.0000
45002	T	1.0000
45003	C	1.0000
45004	C	1.0000
45005	A	1.0000
45006	G	1.0000
45007	C	1.0000
45008	C	1.0000
45009	A	1.0000
45010	G	1.0000
45011	A	1.0000
45012	C	1.0000
45013	G	1.0000
45014	G	1.0000
45015	C	1.0000
45016	A	1.0000
45017	G	1.0000
45018	C	1.0000
45019	G	1.0000
45020	A	1.0000
45021	A	1.0000
45022	G	1.0000
45023	A	1.0000
45024	C	1.0000
45025	C	1.0000
45026	A	1.0000
45027	G	1.0000
45028	C	1.0000
45029	G	1.0000
45030	A	1.0000
45031	A	1.0000
45032	A	1.0000
45033	C	1.0000
45034	G	1.0000
45035	A	1.0000
45036	A	1.0000
45037	T	1.0000
45038	G	1.0000
45039	C	1.0000
45040	C	1.0000
45041	A	1.0000
45042	A	1.0000
45043	A	1.0000
45044	G	1.0000
45045	C	1.0000
45046	C	1.0000
45047	A	1.0000
45048	G	1.0000
45049	C	1.0000
45050	G	1.0000
45051	A	1.0000
45052	A	1.0000
45053	A	1.0000
45054	C	1.0000
45055	T	1.0000
45056	G	1.0000
45057	C	1.0000
45058	G	1.0000
45059	G	1.0000
45060	C	1.0000
45061	G	1.0000
45062	A	1.0000
45063	A	1.0000
45064	A	1.0000
45065	A	1.0000
45066	A	1.0000
45067	C	1.0000
45068	A	1.0000
45069	G	1.0000
45070	T	1.0000
45071	C	1.0000
45072	A	1.0000
45073	G	1.0000
45074	G	1.0000
45075	A	1.0000
45076	T	1.0000
45077	G	1.0000
45078	C	1.0000
45079	A	1.0000
45080	G	1.0000
45081	C	1.0000
45082	A	1.0000
45083	G	1.0000
45084	C	1.0000
45085	C	1.0000
45086	C	1.0000
45087	A	1.0000
45088	A	1.0000
45089	A	1.0000
45090	G	1.0000
45091	C	1.0000
45092	G	1.0000
45093	A	1.0000
45094	G	1.0000
45095	A	1.0000
45096	G	1.0000
45097	T	1.0000
45098	G	1.0000
45099	C	1.0000
45100	T	1.0000
45101	G	1.0000
45102	C	1.0000
45103	A	1.0000
45104	G	1.0000
45105	C	1.0000
45106	T	1.0000
45107	G	1.0000
45108	G	1.0000
45109	T	1.0000
45110	T	1.0000
45111	C	1.0000
45112	T	1.0000
45113	G	1.0000
45114	C	1.0000
45115	A	1.0000
45116	A	1.0000
45117	G	1.0000
45118	C	1.0000
45119	G	1.0000
45120	C	1.0000
45121	G	1.0000
45122	G	1.0000
45123	C	1.0000
45124	G	1.0000
45125	G	1.0000
45126	C	1.0000
45127	T	1.0000
45128	G	1.0000
45129	C	1.0000
45130	T	1.0000
45131	T	1.0000
45132	C	1.0000
45133	T	1.0000
45134	G	1.0000
45135	C	1.0000
45136	C	1.0000
45137	A	1.0000
45138	C	1.0000
45139	T	1.0000
45140	G	1.0000
45141	C	1.0000
45142	A	1.0000
45143	T	1.0000
45144	C	1.0000
45145	A	1.0000
45146	G	1.0000
45147	C	1.0000
45148	C	1.0000
45149	A	1.0000
45150	A	1.0000
45151	C	1.0000
45152	A	1.0000
45153	G	1.0000
45154	T	1.0000
45155	C	1.0000
45156	A	1.0000
45157	A	1.0000
45158	A	1.0000
45159	A	1.0000
45160	A	1.0000
45161	G	1.0000
45162	C	1.0000
45163	A	1.0000
45164	G	1.0000
45165	T	1.0000
45166	A	1.0000
45167	A	1.0000
45168	A	1.0000
45169	A	1.0000
45170	A	1.0000
45171	C	1.0000
45172	C	1.0000
45173	A	1.0000
45174	G	1.0000
45175	T	1.0000
45176	G	1.0000
45177	A	1.0000
45178	A	1.0000
45179	A	1.0000
45180	C	1.0000
45181	C	1.0000
45182	A	1.0000
45183	A	1.0000
45184	T	1.0000
45185	G	1.0000
45186	C	1.0000
45187	A	1.0000
45188	A	1.0000
45189	A	1.0000
45190	G	1.0000
45191	A	1.0000
45192	C	1.0000
45193	A	1.0000
45194	A	1.0000
45195	G	1.0000
45196	C	1.0000
45197	G	1.0000
45198	A	1.0000
45199	G	1.0000
45200	A	1.0000
45201	C	1.0000
45202	T	1.0000
45203	G	1.0000
45204	C	1.0000
45205	A	1.0000
45206	G	1.0000
45207	C	1.0000
45208	G	1.0000
45209	G	1.0000
45210	C	1.0000
45211	G	1.0000
45212	A	1.0000
45213	A	1.0000
45214	C	1.0000
45215	T	1.0000
45216	C	1.0000
45217	G	1.0000
45218	G	1.0000
45219	C	1.0000
45220	G	1.0000
45221	A	1.0000
45222	A	1.0000
45223	A	1.0000
45224	G	1.0000
45225	C	1.0000
45226	A	1.0000
45227	T	1.0000
45228	C	1.0000
45229	G	1.0000
45230	G	1.0000
45231	C	1.0000
45232	A	1.0000
45233	G	1.0000
45234	C	1.0000
45235	A	1.0000
45236	A	1.0000
45237	G	1.0000
45238	C	1.0000
45239	C	1.0000
45240	A	1.0000
45241	G	1.0000
45242	A	1.0000
45243	C	1.0000
45244	A	1.0000
45245	G	1.0000
45246	C	1.0000
45247	A	1.0000
45248	G	1.0000
45249	C	1.0000
45250	T	1.0000
45251	A	1.0000
45252	A	1.0000
45253	A	1.0000
45254	G	1.0000
45255	C	1.0000
45256	A	1.0000
45257	A	1.0000
45258	G	1.0000
45259	T	1.0000
45260	G	1.0000
45261	A	1.0000
45262	A	1.0000
45263	G	1.0000
45264	A	1.0000
45265	C	1.0000
45266	G	1.0000
45267	C	1.0000
45268	A	1.0000
45269	G	1.0000
45270	C	1.0000
45271	C	1.0000
45272	A	1.0000
45273	G	1.0000
45274	A	1.0000
45275	G	1.0000
45276	A	1.0000
45277	G	1.0000
45278	T	1.0000
45279	A	1.0000
45280	T	1.0000
45281	G	1.0000
45282	C	1.0000
45283	A	1.0000
45284	A	1.0000
45285	G	1.0000
45286	T	1.0000
45287	C	1.0000
45288	A	1.0000
45289	G	1.0000
45290	G	1.0000
45291	C	1.0000
45292	A	1.0000
45293	G	1.0000
45294	C	1.0000
45295	A	1.0000
45296	G	1.0000
45297	A	1.0000
45298	G	1.0000
45299	C	1.0000
45300	C	1.0000
45301	G	1.0000
45302	T	1.0000
45303	A	1.0000
45304	T	1.0000
45305	A	1.0000
45306	A	1.0000
45307	A	1.0000
45308	T	1.0000
45309	A	1.0000
45310	T	1.0000
45311	G	1.0000
45312	T	1.0000
45313	C	1.0000
45314	T	1.0000
45315	T	1.0000
45316	A	1.0000
45317	C	1.0000
45318	A	1.0000
45319	G	1.0000
45320	C	1.0000
45321	C	1.0000
45322	A	1.0000
45323	C	1.0000
45324	T	1.0000
45325	G	1.0000
45326	C	1.0000
45327	C	1.0000
45328	T	1.0000
45329	G	1.0000
45330	A	1.0000
45331	T	1.0000
45332	G	1.0000
45333	T	1.0000
45334	G	1.0000
45335	T	1.0000
45336	G	1.0000
45337	G	1.0000
45338	A	1.0000
45339	T	1.0000
45340	A	1.0000
45341	C	1.0000
45342	C	1.0000
45343	G	1.0000
45344	T	1.0000
45345	T	1.0000
45346	T	1.0000
45347	A	1.0000
45348	A	1.0000
45349	C	1.0000
45350	G	1.0000
45351	A	1.0000
45352	T	1.0000
45353	T	1.0000
45354	C	1.0000
45355	A	1.0000
45356	C	1.0000
45357	T	1.0000
45358	G	1.0000
45359	G	1.0000
45360	A	1.0000
45361	T	1.0000
45362	A	1.0000
45363	T	1.0000
45364	G	1.0000
45365	A	1.0000
45366	T	1.0000
45367	T	1.0000
45368	A	1.0000
45369	C	1.0000
45370	G	1.0000
45371	G	1.0000
45372	G	1.0000
45373	C	1.0000
45374	T	1.0000
45375	T	1.0000
45376	T	1.0000
45377	T	1.0000
45378	C	1.0000
45379	G	1.0000
45380	C	1.0000
45381	C	1.0000
45382	G	1.0000
45383	T	1.0000
45384	C	1.0000
45385	A	1.0000
45386	T	1.0000
45387	A	1.0000
45388	T	1.0000
45389	A	1.0000
45390	A	1.0000
45391	A	1.0000
45392	A	1.0000
45393	A	1.0000
45394	A	1.0000
45395	A	1.0000
45396	T	1.0000
45397	T	1.0000
45398	G	1.0000
45399	T	1.0000
45400	T	1.0000
45401	A	1.0000
45402	T	1.0000
45403	T	1.0000
45404	G	1.0000
45405	G	1.0000
45406	T	1.0000
45407	G	1.0000
45408	A	1.0000
45409	T	1.0000
45410	G	1.0000
45411	A	1.0000
45412	T	1.0000
45413	G	1.0000
45414	A	1.0000
45415	A	1.0000
45416	A	1.0000
45417	T	1.0000
45418	A	1.0000
45419	A	1.0000
45420	C	1.0000
45421	G	1.0000
45422	A	1.0000
45423	T	1.0000
45424	G	1.0000
45425	C	1.0000
45426	C	1.0000
45427	T	1.0000
45428	G	1.0000
45429	G	1.0000
45430	C	1.0000
45431	G	1.0000
45432	A	1.0000
45433	C	1.0000
45434	A	1.0000
45435	A	1.0000
45436	G	1.0000
45437	G	1.0000
45438	T	1.0000
45439	T	1.0000
45440	G	1.0000
45441	T	1.0000
45442	T	1.0000
45443	A	1.0000
45444	A	1.0000
45445	G	1.0000
45446	T	1.0000
45447	T	1.0000
45448	T	1.0000
45449	A	1.0000
45450	A	1.0000
45451	A	1.0000
45452	C	1.0000
45453	G	1.0000
45454	C	1.0000
45455	G	1.0000
45456	C	1.0000
45457	A	1.0000
45458	T	1.0000
45459	C	1.0000
45460	A	1.0000
45461	A	1.0000
45462	C	1.0000
45463	T	1.0000
45464	G	1.0000
45465	C	1.0000
45466	C	1.0000
45467	A	1.0000
45468	C	1.0000
45469	A	1.0000
45470	T	1.0000
45471	A	1.0000
45472	T	1.0000
45473	A	1.0000
45474	T	1.0000
45475	C	1.0000
45476	A	1.0000
45477	A	1.0000
45478	T	1.0000
45479	A	1.0000
45480	A	1.0000
45481	A	1.0000
45482	T	1.0000
45483	C	1.0000
45484	A	1.0000
45485	G	1.0000
45486	G	1.0000
45487	C	1.0000
45488	G	1.0000
45489	T	1.0000
45490	A	1.0000
45491	T	1.0000
45492	T	1.0000
45493	T	1.0000
45494	A	1.0000
45495	G	1.0000
45496	T	1.0000
45497	G	1.0000
45498	T	1.0000
45499	T	1.0000
45500	G	1.0000
45501	C	1.0000
45502	T	1.0000
45503	A	1.0000
45504	A	1.0000
45505	A	1.0000
45506	A	1.0000
45507	T	1.0000
45508	T	1.0000
45509	G	1.0000
45510	A	1.0000
45511	T	1.0000
45512	G	1.0000
45513	A	1.0000
45514	G	1.0000
45515	C	1.0000
45516	C	1.0000
45517	A	1.0000
45518	C	1.0000
45519	G	1.0000
45520	A	1.0000
45521	T	1.0000
45522	T	1.0000
45523	T	1.0000
45524	G	1.0000
45525	A	1.0000
45526	A	1.0000
45527	A	1.0000
45528	A	1.0000
45529	A	1.0000
45530	G	1.0000
45531	A	1.0000
45532	A	1.0000
45533	G	1.0000
45534	G	1.0000
45535	T	1.0000
45536	T	1.0000
45537	T	1.0000
45538	A	1.0000
45539	T	1.0000
45540	T	1.0000
45541	G	1.0000
45542	A	1.0000
45543	T	1.0000
45544	T	1.0000
45545	G	1.0000
45546	A	1.0000
45547	A	1.0000
45548	G	1.0000
45549	G	1.0000
45550	A	1.0000
45551	C	1.0000
45552	A	1.0000
45553	G	1.0000
45554	C	1.0000
45555	G	1.0000
45556	C	1.0000
45557	A	1.0000
45558	C	1.0000
45559	T	1.0000
45560	A	1.0000
45561	A	1.0000
45562	C	1.0000
45563	T	1.0000
45564	A	1.0000
45565	T	1.0000
45566	T	1.0000
45567	T	1.0000
45568	T	1.0000
45569	G	1.0000
45570	T	1.0000
45571	T	1.0000
45572	A	1.0000
45573	A	1.0000
45574	A	1.0000
45575	T	1.0000
45576	C	1.0000
45577	C	1.0000
45578	A	1.0000
45579	A	1.0000
45580	T	1.0000
45581	A	1.0000
45582	C	1.0000
45583	T	1.0000
45584	C	1.0000
45585	C	1.0000
45586	C	1.0000
45587	G	1.0000
45588	C	1.0000
45589	T	1.0000
45590	G	1.0000
45591	A	1.0000
45592	A	1.0000
45593	T	1.0000
45594	G	1.0000
45595	G	1.0000
45596	A	1.0000
45597	C	1.0000
45598	G	1.0000
45599	A	1.0000
45600	G	1.0000
45601	T	1.0000
45602	A	1.0000
45603	C	1.0000
45604	C	1.0000
45605	A	1.0000
45606	G	1.0000
45607	C	1.0000
45608	A	1.0000
45609	A	1.0000
45610	T	1.0000
45611	A	1.0000
45612	T	1.0000
45613	C	1.0000
45614	G	1.0000
45615	A	1.0000
45616	T	1.0000
45617	A	1.0000
45618	A	1.0000
45619	A	1.0000
45620	A	1.0000
45621	C	1.0000
45622	T	1.0000
45623	A	1.0000
45624	A	1.0000
45625	T	1.0000
45626	A	1.0000
45627	A	1.0000
45628	T	1.0000
45629	G	1.0000
45630	G	1.0000
45631	T	1.0000
45632	G	1.0000
45633	T	1.0000
45634	T	1.0000
45635	G	1.0000
45636	A	1.0000
45637	T	1.0000
45638	G	1.0000
45639	A	1.0000
45640	A	1.0000
45641	T	1.0000
45642	T	1.0000
45643	T	1.0000
45644	G	1.0000
45645	G	1.0000
45646	T	1.0000
45647	T	1.0000
45648	T	1.0000
45649	T	1.0000
45650	T	1.0000
45651	C	1.0000
45652	A	1.0000
45653	T	1.0000
45654	A	1.0000
45655	T	1.0000
45656	G	1.0000
45657	C	1.0000
45658	C	1.0000
45659	A	1.0000
45660	A	1.0000
45661	A	1.0000
45662	A	1.0000
45663	T	1.0000
45664	G	1.0000
45665	C	1.0000
45666	G	1.0000
45667	A	1.0000
45668	A	1.0000
45669	C	1.0000
45670	A	1.0000
45671	A	1.0000
45672	A	1.0000
45673	A	1.0000
45674	G	1.0000
45675	A	1.0000
45676	T	1.0000
45677	A	1.0000
45678	A	1.0000
45679	T	1.0000
45680	A	1.0000
45681	T	1.0000
45682	G	1.0000
45683	A	1.0000
45684	C	1.0000
45685	A	1.0000
45686	G	1.0000
45687	G	1.0000
45688	A	1.0000
45689	C	1.0000
45690	A	1.0000
45691	A	1.0000
45692	T	1.0000
45693	C	1.0000
45694	A	1.0000
45695	T	1.0000
45696	C	1.0000
45697	T	1.0000
45698	G	1.0000
45699	C	1.0000
45700	A	1.0000
45701	C	1.0000
45702	T	1.0000
45703	T	1.0000
45704	A	1.0000
45705	G	1.0000
45706	T	1.0000
45707	C	1.0000
45708	T	1.0000
45709	G	1.0000
45710	C	1.0000
45711	A	1.0000
45712	T	1.0000
45713	A	1.0000
45714	C	1.0000
45715	A	1.0000
45716	T	1.0000
45717	G	1.0000
45718	C	1.0000
45719	A	1.0000
45720	G	1.0000
45721	T	1.0000
45722	G	1.0000
45723	C	1.0000
45724	A	1.0000
45725	T	1.0000
45726	C	1.0000
45727	C	1.0000
45728	C	1.0000
45729	G	1.0000
45730	G	1.0000
45731	G	1.0000
45732	G	1.0000
45733	G	1.0000
45734	A	1.0000
45735	T	1.0000
45736	T	1.0000
45737	G	1.0000
45738	A	1.0000
45739	T	1.0000
45740	G	1.0000
45741	T	1.0000
45742	T	1.0000
45743	A	1.0000
45744	G	1.0000
45745	T	1.0000
45746	G	1.0000
45747	G	1.0000
45748	C	1.0000
45749	G	1.0000
45750	A	1.0000
45751	T	1.0000
45752	A	1.0000
45753	A	1.0000
45754	T	1.0000
45755	A	1.0000
45756	A	1.0000
45757	G	1.0000
45758	T	1.0000
45759	A	1.0000
45760	T	1.0000
45761	T	1.0000
45762	G	1.0000
45763	C	1.0000
45764	A	1.0000
45765	C	1.0000
45766	T	1.0000
45767	G	1.0000
45768	T	1.0000
45769	T	1.0000
45770	T	1.0000
45771	C	1.0000
45772	A	1.0000
45773	T	1.0000
45774	G	1.0000
45775	C	1.0000
45776	A	1.0000
45777	G	1.0000
45778	G	1.0000
45779	G	1.0000
45780	T	1.0000
45781	T	1.0000
45782	A	1.0000
45783	A	1.0000
45784	A	1.0000
45785	G	1.0000
45786	C	1.0000
45787	T	1.0000
45788	C	1.0000
45789	C	1.0000
45790	T	1.0000
45791	G	1.0000
45792	A	1.0000
45793	T	1.0000
45794	G	1.0000
45795	G	1.0000
45796	T	1.0000
45797	C	1.0000
45798	T	1.0000
45799	T	1.0000
45800	C	1.0000
45801	G	1.0000
45802	T	1.0000
45803	T	1.0000
45804	G	1.0000
45805	T	1.0000
45806	C	1.0000
45807	G	1.0000
45808	T	1.0000
45809	T	1.0000
45810	T	1.0000
45811	G	1.0000
45812	C	1.0000
45813	G	1.0000
45814	T	1.0000
45815	T	1.0000
45816	T	1.0000
45817	T	1.0000
45818	G	1.0000
45819	A	1.0000
45820	A	1.0000
45821	A	1.0000
45822	A	1.0000
45823	A	1.0000
45824	T	1.0000
45825	A	1.0000
45826	C	1.0000
45827	G	1.0000
45828	A	1.0000
45829	T	1.0000
45830	G	1.0000
45831	G	1.0000
45832	G	1.0000
45833	T	1.0000
45834	C	1.0000
45835	G	1.0000
45836	G	1.0000
45837	T	1.0000
45838	T	1.0000
45839	T	1.0000
45840	A	1.0000
45841	T	1.0000
45842	A	1.0000
45843	C	1.0000
45844	A	1.0000
45845	T	1.0000
45846	T	1.0000
45847	T	1.0000
45848	T	1.0000
45849	T	1.0000
45850	A	1.0000
45851	G	1.0000
45852	G	1.0000
45853	A	1.0000
45854	G	1.0000
45855	A	1.0000
45856	T	1.0000
45857	G	1.0000
45858	C	1.0000
45859	T	1.0000
45860	T	1.0000
45861	A	1.0000
45862	T	1.0000
45863	T	1.0000
45864	T	1.0000
45865	A	1.0000
45866	A	1.0000
45867	C	1.0000
45868	T	1.0000
45869	T	1.0000
45870	T	1.0000
45871	C	1.0000
45872	G	1.0000
45873	G	1.0000
45874	A	1.0000
45875	A	1.0000
45876	C	1.0000
45877	T	1.0000
45878	C	1.0000
45879	T	1.0000
45880	G	1.0000
45881	A	1.0000
45882	T	1.0000
45883	A	1.0000
45884	A	1.0000
45885	T	1.0000
45886	A	1.0000
45887	G	1.0000
45888	A	1.0000
45889	A	1.0000
45890	A	1.0000
45891	A	1.0000
45892	A	1.0000
45893	A	1.0000
45894	C	1.0000
45895	T	1.0000
45896	G	1.0000
45897	G	1.0000
45898	C	1.0000
45899	G	1.0000
45900	G	1.0000
45901	A	1.0000
45902	G	1.0000
45903	C	1.0000
45904	A	1.0000
45905	G	1.0000
45906	C	1.0000
45907	C	1.0000
45908	A	1.0000
45909	A	1.0000
45910	T	1.0000
45911	A	1.0000
45912	G	1.0000
45913	A	1.0000
45914	A	1.0000
45915	T	1.0000
45916	A	1.0000
45917	G	1.0000
45918	C	1.0000
45919	A	1.0000
45920	G	1.0000
45921	C	1.0000
45922	T	1.0000
45923	A	1.0000
45924	C	1.0000
45925	T	1.0000
45926	G	1.0000
45927	C	1.0000
45928	A	1.0000
45929	A	1.0000
45930	C	1.0000
45931	T	1.0000
45932	A	1.0000
45933	A	1.0000
45934	A	1.0000
45935	G	1.0000
45936	A	1.0000
45937	T	1.0000
45938	C	1.0000
45939	C	1.0000
45940	G	1.0000
45941	G	1.0000
45942	T	1.0000
45943	T	1.0000
45944	A	1.0000
45945	C	1.0000
45946	A	1.0000
45947	G	1.0000
45948	G	1.0000
45949	G	1.0000
45950	T	1.0000
45951	G	1.0000
45952	G	1.0000
45953	A	1.0000
45954	T	1.0000
45955	T	1.0000
45956	T	1.0000
45957	T	1.0000
45958	C	1.0000
45959	T	1.0000
45960	A	1.0000
45961	T	1.0000
45962	G	1.0000
45963	A	1.0000
45964	G	1.0000
45965	G	1.0000
45966	C	1.0000
45967	A	1.0000
45968	A	1.0000
45969	C	1.0000
45970	T	1.0000
45971	A	1.0000
45972	T	1.0000
45973	A	1.0000
45974	G	1.0000
45975	A	1.0000
45976	A	1.0000
45977	G	1.0000
45978	C	1.0000
45979	T	1.0000
45980	G	1.0000
45981	T	1.0000
45982	T	1.0000
45983	G	1.0000
45984	A	1.0000
45985	A	1.0000
45986	G	1.0000
45987	G	1.0000
45988	T	1.0000
45989	G	1.0000
45990	A	1.0000
45991	A	1.0000
45992	A	1.0000
45993	C	1.0000
45994	C	1.0000
45995	T	1.0000
45996	T	1.0000
45997	A	1.0000
45998	A	1.0000
45999	T	1.0000
46000	T	1.0000
46001	G	1.0000
46002	G	1.0000
46003	C	1.0000
46004	G	1.0000
46005	C	1.0000
46006	A	1.0000
46007	A	1.0000
46008	T	1.0000
46009	G	1.0000
46010	A	1.0000
46011	T	1.0000
46012	T	1.0000
46013	C	1.0000
46014	A	1.0000
46015	G	1.0000
46016	T	1.0000
46017	A	1.0000
46018	T	1.0000
46019	G	1.0000
46020	C	1.0000
46021	G	1.0000
46022	C	1.0000
46023	C	1.0000
46024	G	1.0000
46025	A	1.0000
46026	A	1.0000
46027	A	1.0000
46028	A	1.0000
46029	A	1.0000
46030	A	1.0000
46031	G	1.0000
46032	G	1.0000
46033	T	1.0000
46034	G	1.0000
46035	G	1.0000
46036	T	1.0000
46037	G	1.0000
46038	T	1.0000
46039	A	1.0000
46040	A	1.0000
46041	C	1.0000
46042	T	1.0000
46043	G	1.0000
46044	A	1.0000
46045	A	1.0000
46046	G	1.0000
46047	C	1.0000
46048	G	1.0000
46049	G	1.0000
46050	G	1.0000
46051	A	1.0000
46052	G	1.0000
46053	A	1.0000
46054	T	1.0000
46055	T	1.0000
46056	A	1.0000
46057	T	1.0000
46058	A	1.0000
46059	T	1.0000
46060	T	1.0000
46061	T	1.0000
46062	A	1.0000
46063	C	1.0000
46064	C	1.0000
46065	T	1.0000
46066	T	1.0000
46067	G	1.0000
46068	C	1.0000
46069	A	1.0000
46070	A	1.0000
46071	C	1.0000
46072	A	1.0000
46073	C	1.0000
46074	C	1.0000
46075	A	1.0000
46076	C	1.0000
46077	A	1.0000
46078	A	1.0000
46079	T	1.0000
46080	T	1.0000
46081	T	1.0000
46082	G	1.0000
46083	A	1.0000
46084	A	1.0000
46085	A	1.0000
46086	A	1.0000
46087	C	1.0000
46088	G	1.0000
46089	G	1.0000
46090	C	1.0000
46091	G	1.0000
46092	G	1.0000
46093	A	1.0000
46094	T	1.0000
46095	G	1.0000
46096	T	1.0000
46097	G	1.0000
46098	C	1.0000
46099	T	1.0000
46100	T	1.0000
46101	C	1.0000
46102	A	1.0000
46103	T	1.0000
46104	C	1.0000
46105	T	1.0000
46106	T	1.0000
46107	T	1.0000
46108	T	1.0000
46109	G	1.0000
46110	T	1.0000
46111	T	1.0000
46112	A	1.0000
46113	T	1.0000
46114	T	1.0000
46115	A	1.0000
46116	C	1.0000
46117	G	1.0000
46118	A	1.0000
46119	C	1.0000
46120	A	1.0000
46121	A	1.0000
46122	C	1.0000
46123	T	1.0000
46124	G	1.0000
46125	T	1.0000
46126	A	1.0000
46127	C	1.0000
46128	C	1.0000
46129	C	1.0000
46130	G	1.0000
46131	C	1.0000
46132	A	1.0000
46133	A	1.0000
46134	C	1.0000
46135	C	1.0000
46136	C	1.0000
46137	G	1.0000
46138	C	1.0000
46139	T	1.0000
46140	C	1.0000
46141	C	1.0000
46142	A	1.0000
46143	G	1.0000
46144	T	1.0000
46145	G	1.0000
46146	A	1.0000
46147	T	1.0000
46148	A	1.0000
46149	T	1.0000
46150	G	1.0000
46151	G	1.0000
46152	T	1.0000
46153	G	1.0000
46154	A	1.0000
46155	C	1.0000
46156	G	1.0000
46157	A	1.0000
46158	T	1.0000
46159	C	1.0000
46160	C	1.0000
46161	C	1.0000
46162	A	1.0000
46163	A	1.0000
46164	C	1.0000
46165	T	1.0000
46166	G	1.0000
46167	A	1.0000
46168	A	1.0000
46169	A	1.0000
46170	A	1.0000
46171	T	1.0000
46172	A	1.0000
46173	A	1.0000
46174	T	1.0000
46175	A	1.0000
46176	T	1.0000
46177	C	1.0000
46178	T	1.0000
46179	A	1.0000
46180	T	1.0000
46181	A	1.0000
46182	A	1.0000
46183	T	1.0000
46184	A	1.0000
46185	G	1.0000
46186	A	1.0000
46187	C	1.0000
46188	C	1.0000
46189	G	1.0000
46190	C	1.0000
46191	T	1.0000
46192	T	1.0000
46193	A	1.0000
46194	C	1.0000
46195	G	1.0000
46196	T	1.0000
46197	G	1.0000
46198	C	1.0000
46199	C	1.0000
46200	T	1.0000
46201	G	1.0000
46202	G	1.0000
46203	T	1.0000
46204	C	1.0000
46205	G	1.0000
46206	A	1.0000
46207	G	1.0000
46208	G	1.0000
46209	T	1.0000
46210	T	1.0000
46211	A	1.0000
46212	A	1.0000
46213	T	1.0000
46214	A	1.0000
46215	G	1.0000
46216	A	1.0000
46217	A	1.0000
46218	A	1.0000
46219	T	1.0000
46220	T	1.0000
46221	G	1.0000
46222	G	1.0000
46223	G	1.0000
46224	G	1.0000
46225	C	1.0000
46226	G	1.0000
46227	A	1.0000
46228	T	1.0000
46229	A	1.0000
46230	T	1.0000
46231	T	1.0000
46232	C	1.0000
46233	C	1.0000
46234	T	1.0000
46235	C	1.0000
46236	C	1.0000
46237	T	1.0000
46238	A	1.0000
46239	A	1.0000
46240	T	1.0000
46241	G	1.0000
46242	T	1.0000
46243	A	1.0000
46244	G	1.0000
46245	C	1.0000
46246	A	1.0000
46247	C	1.0000
46248	C	1.0000
46249	G	1.0000
46250	C	1.0000
46251	G	1.0000
46252	T	1.0000
46253	A	1.0000
46254	T	1.0000
46255	T	1.0000
46256	T	1.0000
46257	T	1.0000
46258	T	1.0000
46259	G	1.0000
46260	A	1.0000
46261	T	1.0000
46262	T	1.0000
46263	T	1.0000
46264	T	1.0000
46265	T	1.0000
46266	C	1.0000
46267	T	1.0000
46268	G	1.0000
46269	G	1.0000
46270	T	1.0000
46271	G	1.0000
46272	T	1.0000
46273	G	1.0000
46274	C	1.0000
46275	C	1.0000
46276	A	1.0000
46277	C	1.0000
46278	C	1.0000
46279	T	1.0000
46280	A	1.0000
46281	T	1.0000
46282	T	1.0000
46283	G	1.0000
46284	A	1.0000
46285	G	1.0000
46286	T	1.0000
46287	C	1.0000
46288	A	1.0000
46289	A	1.0000
46290	T	1.0000
46291	T	1.0000
46292	A	1.0000
46293	C	1.0000
46294	A	1.0000
46295	T	1.0000
46296	A	1.0000
46297	C	1.0000
46298	G	1.0000
46299	C	1.0000
46300	T	1.0000
46301	T	1.0000
46302	T	1.0000
46303	T	1.0000
46304	A	1.0000
46305	A	1.0000
46306	C	1.0000
46307	A	1.0000
46308	C	1.0000
46309	A	1.0000
46310	A	1.0000
46311	C	1.0000
46312	T	1.0000
46313	G	1.0000
46314	A	1.0000
46315	G	1.0000
46316	A	1.0000
46317	A	1.0000
46318	A	1.0000
46319	T	1.0000
46320	A	1.0000
46321	T	1.0000
46322	T	1.0000
46323	A	1.0000
46324	C	1.0000
46325	G	1.0000
46326	G	1.0000
46327	T	1.0000
46328	C	1.0000
46329	A	1.0000
46330	G	1.0000
46331	C	1.0000
46332	T	1.0000
46333	T	1.0000
46334	T	1.0000
46335	A	1.0000
46336	T	1.0000
46337	A	1.0000
46338	T	1.0000
46339	G	1.0000
46340	C	1.0000
46341	A	1.0000
46342	A	1.0000
46343	A	1.0000
46344	C	1.0000
46345	T	1.0000
46346	T	1.0000
46347	A	1.0000
46348	T	1.0000
46349	A	1.0000
46350	A	1.0000
46351	A	1.0000
46352	G	1.0000
46353	C	1.0000
46354	G	1.0000
46355	T	1.0000
46356	C	1.0000
46357	G	1.0000
46358	A	1.0000
46359	C	1.0000
46360	A	1.0000
46361	A	1.0000
46362	G	1.0000
46363	T	1.0000
46364	A	1.0000
46365	C	1.0000
46366	T	1.0000
46367	T	1.0000
46368	A	1.0000
46369	C	1.0000
46370	G	1.0000
46371	T	1.0000
46372	T	1.0000
46373	T	1.0000
46374	C	1.0000
46375	T	1.0000
46376	A	1.0000
46377	G	1.0000
46378	T	1.0000
46379	G	1.0000
46380	T	1.0000
46381	G	1.0000
46382	T	1.0000
46383	T	1.0000
46384	T	1.0000
46385	G	1.0000
46386	C	1.0000
46387	T	1.0000
46388	G	1.0000
46389	G	1.0000
46390	T	1.0000
46391	C	1.0000
46392	G	1.0000
46393	A	1.0000
46394	A	1.0000
46395	C	1.0000
46396	T	1.0000
46397	G	1.0000
46398	A	1.0000
46399	T	1.0000
46400	G	1.0000
46401	T	1.0000
46402	T	1.0000
46403	C	1.0000
46404	G	1.0000
46405	A	1.0000
46406	A	1.0000
46407	A	1.0000
46408	A	1.0000
46409	T	1.0000
46410	T	1.0000
46411	C	1.0000
46412	A	1.0000
46413	T	1.0000
46414	T	1.0000
46415	G	1.0000
46416	G	1.0000
46417	T	1.0000
46418	G	1.0000
46419	G	1.0000
46420	T	1.0000
46421	T	1.0000
46422	T	1.0000
46423	T	1.0000
46424	A	1.0000
46425	A	1.0000
46426	T	1.0000
46427	A	1.0000
46428	T	1.0000
46429	T	1.0000
46430	T	1.0000
46431	A	1.0000
46432	T	1.0000
46433	T	1.0000
46434	C	1.0000
46435	T	1.0000
46436	G	1.0000
46437	A	1.0000
46438	T	1.0000
46439	G	1.0000
46440	G	1.0000
46441	T	1.0000
46442	A	1.0000
46443	C	1.0000
46444	T	1.0000
46445	A	1.0000
46446	A	1.0000
46447	A	1.0000
46448	C	1.0000
46449	G	1.0000
46450	A	1.0000
46451	G	1.0000
46452	T	1.0000
46453	A	1.0000
46454	G	1.0000
46455	T	1.0000
46456	T	1.0000
46457	T	1.0000
46458	C	1.0000
46459	T	1.0000
46460	A	1.0000
46461	A	1.0000
46462	C	1.0000
46463	G	1.0000
46464	G	1.0000
46465	T	1.0000
46466	G	1.0000
46467	A	1.0000
46468	G	1.0000
46469	G	1.0000
46470	C	1.0000
46471	T	1.0000
46472	A	1.0000
46473	C	1.0000
46474	T	1.0000
46475	A	1.0000
46476	A	1.0000
46477	A	1.0000
46478	A	1.0000
46479	C	1.0000
46480	C	1.0000
46481	A	1.0000
46482	T	1.0000
46483	G	1.0000
46484	A	1.0000
46485	A	1.0000
46486	A	1.0000
46487	A	1.0000
46488	C	1.0000
46489	G	1.0000
46490	G	1.0000
46491	A	1.0000
46492	G	1.0000
46493	T	1.0000
46494	G	1.0000
46495	G	1.0000
46496	A	1.0000
46497	C	1.0000
46498	G	1.0000
46499	G	1.0000
46500	G	1.0000
46501	C	1.0000
46502	G	1.0000
46503	T	1.0000
46504	A	1.0000
46505	A	1.0000
46506	A	1.0000
46507	A	1.0000
46508	A	1.0000
46509	C	1.0000
46510	A	1.0000
46511	C	1.0000
46512	G	1.0000
46513	G	1.0000
46514	A	1.0000
46515	C	1.0000
46516	C	1.0000
46517	T	1.0000
46518	T	1.0000
46519	T	1.0000
46520	A	1.0000
46521	T	1.0000
46522	T	1.0000
46523	C	1.0000
46524	G	1.0000
46525	A	1.0000
46526	A	1.0000
46527	T	1.0000
46528	T	1.0000
46529	G	1.0000
46530	G	1.0000
46531	A	1.0000
46532	G	1.0000
46533	G	1.0000
46534	T	1.0000
46535	C	1.0000
46536	A	1.0000
46537	A	1.0000
46538	G	1.0000
46539	C	1.0000
46540	C	1.0000
46541	A	1.0000
46542	C	1.0000
46543	A	1.0000
46544	T	1.0000
46545	C	1.0000
46546	G	1.0000
46547	G	1.0000
46548	G	1.0000
46549	A	1.0000
46550	A	1.0000
46551	C	1.0000
46552	T	1.0000
46553	C	1.0000
46554	G	1.0000
46555	T	1.0000
46556	C	1.0000
46557	A	1.0000
46558	T	1.0000
46559	C	1.0000
46560	T	1.0000
46561	A	1.0000
46562	T	1.0000
46563	T	1.0000
46564	C	1.0000
46565	G	1.0000
46566	G	1.0000
46567	C	1.0000
46568	C	1.0000
46569	A	1.0000
46570	T	1.0000
46571	T	1.0000
46572	T	1.0000
46573	G	1.0000
46574	A	1.0000
46575	G	1.0000
46576	A	1.0000
46577	A	1.0000
46578	A	1.0000
46579	T	1.0000
46580	C	1.0000
46581	T	1.0000
46582	T	1.0000
46583	C	1.0000
46584	G	1.0000
46585	T	1.0000
46586	C	1.0000
46587	T	1.0000
46588	C	1.0000
46589	T	1.0000
46590	G	1.0000
46591	G	1.0000
46592	C	1.0000
46593	A	1.0000
46594	T	1.0000
46595	A	1.0000
46596	A	1.0000
46597	A	1.0000
46598	G	1.0000
46599	A	1.0000
46600	A	1.0000
46601	T	1.0000
46602	T	1.0000
46603	A	1.0000
46604	A	1.0000
46605	C	1.0000
46606	T	1.0000
46607	G	1.0000
46608	A	1.0000
46609	T	1.0000
46610	G	1.0000
46611	C	1.0000
46612	G	1.0000
46613	C	1.0000
46614	A	1.0000
46615	A	1.0000
46616	A	1.0000
46617	T	1.0000
46618	G	1.0000
46619	G	1.0000
46620	G	1.0000
46621	G	1.0000
46622	G	1.0000
46623	A	1.0000
46624	G	1.0000
46625	A	1.0000
46626	G	1.0000
46627	T	1.0000
46628	A	1.0000
46629	T	1.0000
46630	T	1.0000
46631	A	1.0000
46632	A	1.0000
46633	A	1.0000
46634	T	1.0000
46635	G	1.0000
46636	A	1.0000
46637	A	1.0000
46638	A	1.0000
46639	G	1.0000
46640	A	1.0000
46641	T	1.0000
46642	T	1.0000
46643	T	1.0000
46644	A	1.0000
46645	A	1.0000
46646	C	1.0000
46647	G	1.0000
46648	C	1.0000
46649	T	1.0000
46650	C	1.0000
46651	A	1.0000
46652	A	1.0000
46653	A	1.0000
46654	T	1.0000
46655	T	1.0000
46656	T	1.0000
46657	G	1.0000
46658	C	1.0000
46659	A	1.0000
46660	G	1.0000
46661	A	1.0000
46662	C	1.0000
46663	A	1.0000
46664	G	1.0000
46665	G	1.0000
46666	G	1.0000
46667	C	1.0000
46668	C	1.0000
46669	G	1.0000
46670	A	1.0000
46671	C	1.0000
46672	T	1.0000
46673	T	1.0000
46674	T	1.0000
46675	T	1.0000
46676	C	1.0000
46677	G	1.0000
46678	G	1.0000
46679	C	1.0000
46680	C	1.0000
46681	T	1.0000
46682	T	1.0000
46683	T	1.0000
46684	A	1.0000
46685	T	1.0000
46686	G	1.0000
46687	G	1.0000
46688	A	1.0000
46689	G	1.0000
46690	A	1.0000
46691	G	1.0000
46692	T	1.0000
46693	A	1.0000
46694	T	1.0000
46695	T	1.0000
46696	G	1.0000
46697	G	1.0000
46698	C	1.0000
46699	T	1.0000
46700	A	1.0000
46701	T	1.0000
46702	T	1.0000
46703	A	1.0000
46704	T	1.0000
46705	G	1.0000
46706	A	1.0000
46707	T	1.0000
46708	G	1.0000
46709	A	1.0000
46710	C	1.0000
46711	G	1.0000
46712	A	1.0000
46713	G	1.0000
46714	T	1.0000
46715	C	1.0000
46716	G	1.0000
46717	A	1.0000
46718	T	1.0000
46719	G	1.0000
46720	C	1.0000
46721	A	1.0000
46722	G	1.0000
46723	G	1.0000
46724	G	1.0000
46725	T	1.0000
46726	G	1.0000
46727	A	1.0000
46728	T	1.0000
46729	A	1.0000
46730	T	1.0000
46731	T	1.0000
46732	C	1.0000
46733	T	1.0000
46734	T	1.0000
46735	A	1.0000
46736	T	1.0000
46737	T	1.0000
46738	G	1.0000
46739	A	1.0000
46740	C	1.0000
46741	G	1.0000
46742	T	1.0000
46743	G	1.0000
46744	A	1.0000
46745	T	1.0000
46746	A	1.0000
46747	G	1.0000
46748	G	1.0000
46749	C	1.0000
46750	A	1.0000
46751	A	1.0000
46752	C	1.0000
46753	G	1.0000
46754	T	1.0000
46755	G	1.0000
46756	T	1.0000
46757	A	1.0000
46758	C	1.0000
46759	A	1.0000
46760	A	1.0000
46761	A	1.0000
46762	G	1.0000
46763	A	1.0000
46764	A	1.0000
46765	A	1.0000
46766	C	1.0000
46767	C	1.0000
46768	G	1.0000
46769	G	1.0000
46770	A	1.0000
46771	G	1.0000
46772	A	1.0000
46773	A	1.0000
46774	C	1.0000
46775	T	1.0000
46776	G	1.0000
46777	A	1.0000
46778	C	1.0000
46779	T	1.0000
46780	G	1.0000
46781	A	1.0000
46782	A	1.0000
46783	G	1.0000
46784	A	1.0000
46785	T	1.0000
46786	G	1.0000
46787	G	1.0000
46788	C	1.0000
46789	G	1.0000
46790	A	1.0000
46791	A	1.0000
46792	C	1.0000
46793	C	1.0000
46794	G	1.0000
46795	G	1.0000
46796	T	1.0000
46797	A	1.0000
46798	T	1.0000
46799	G	1.0000
46800	T	1.0000
46801	G	1.0000
46802	T	1.0000
46803	T	1.0000
46804	A	1.0000
46805	A	1.0000
46806	G	1.0000
46807	G	1.0000
46808	A	1.0000
46809	G	1.0000
46810	G	1.0000
46811	A	1.0000
46812	C	1.0000
46813	G	1.0000
46814	G	1.0000
46815	A	1.0000
46816	T	1.0000
46817	A	1.0000
46818	T	1.0000
46819	T	1.0000
46820	T	1.0000
46821	T	1.0000
46822	G	1.0000
46823	T	1.0000
46824	A	1.0000
46825	A	1.0000
46826	A	1.0000
46827	C	1.0000
46828	G	1.0000
46829	T	1.0000
46830	G	1.0000
46831	C	1.0000
46832	G	1.0000
46833	C	1.0000
46834	A	1.0000
46835	T	1.0000
46836	C	1.0000
46837	A	1.0000
46838	T	1.0000
46839	T	1.0000
46840	A	1.0000
46841	A	1.0000
46842	T	1.0000
46843	G	1.0000
46844	A	1.0000
46845	T	1.0000
46846	G	1.0000
46847	C	1.0000
46848	A	1.0000
46849	A	1.0000
46850	A	1.0000
46851	A	1.0000
46852	A	1.0000
46853	A	1.0000
46854	A	1.0000
46855	T	1.0000
46856	C	1.0000
46857	G	1.0000
46858	T	1.0000
46859	C	1.0000
46860	A	1.0000
46861	A	1.0000
46862	T	1.0000
46863	A	1.0000
46864	T	1.0000
46865	T	1.0000
46866	C	1.0000
46867	G	1.0000
46868	A	1.0000
46869	T	1.0000
46870	A	1.0000
46871	A	1.0000
46872	A	1.0000
46873	T	1.0000
46874	A	1.0000
46875	C	1.0000
46876	G	1.0000
46877	C	1.0000
46878	G	1.0000
46879	A	1.0000
46880	T	1.0000
46881	T	1.0000
46882	G	1.0000
46883	T	1.0000
46884	T	1.0000
46885	G	1.0000
46886	T	1.0000
46887	T	1.0000
46888	G	1.0000
46889	A	1.0000
46890	G	1.0000
46891	C	1.0000
46892	A	1.0000
46893	T	1.0000
46894	C	1.0000
46895	A	1.0000
46896	A	1.0000
46897	C	1.0000
46898	T	1.0000
46899	T	1.0000
46900	C	1.0000
46901	G	1.0000
46902	T	1.0000
46903	G	1.0000
46904	G	1.0000
46905	C	1.0000
46906	T	1.0000
46907	G	1.0000
46908	G	1.0000
46909	A	1.0000
46910	T	1.0000
46911	G	1.0000
46912	T	1.0000
46913	G	1.0000
46914	A	1.0000
46915	G	1.0000
46916	G	1.0000
46917	G	1.0000
46918	A	1.0000
46919	G	1.0000
46920	A	1.0000
46921	C	1.0000
46922	A	1.0000
46923	A	1.0000
46924	A	1.0000
46925	T	1.0000
46926	G	1.0000
46927	G	1.0000
46928	C	1.0000
46929	T	1.0000
46930	A	1.0000
46931	C	1.0000
46932	A	1.0000
46933	T	1.0000
46934	C	1.0000
46935	G	1.0000
46936	A	1.0000
46937	C	1.0000
46938	A	1.0000
46939	G	1.0000
46940	T	1.0000
46941	A	1.0000
46942	A	1.0000
46943	T	1.0000
46944	T	1.0000
46945	C	1.0000
46946	C	1.0000
46947	A	1.0000
46948	G	1.0000
46949	G	1.0000
46950	A	1.0000
46951	G	1.0000
46952	A	1.0000
46953	C	1.0000
46954	A	1.0000
46955	T	1.0000
46956	C	1.0000
46957	A	1.0000
46958	C	1.0000
46959	C	1.0000
46960	A	1.0000
46961	C	1.0000
46962	G	1.0000
46963	T	1.0000
46964	T	1.0000
46965	A	1.0000
46966	A	1.0000
46967	A	1.0000
46968	G	1.0000
46969	G	1.0000
46970	G	1.0000
46971	A	1.0000
46972	G	1.0000
46973	A	1.0000
46974	T	1.0000
46975	G	1.0000
46976	T	1.0000
46977	C	1.0000
46978	A	1.0000
46979	G	1.0000
46980	T	1.0000
46981	A	1.0000
46982	A	1.0000
46983	A	1.0000
46984	G	1.0000
46985	C	1.0000
46986	C	1.0000
46987	A	1.0000
46988	A	1.0000
46989	G	1.0000
46990	G	1.0000
46991	A	1.0000
46992	A	1.0000
46993	G	1.0000
46994	A	1.0000
46995	T	1.0000
46996	A	1.0000
46997	T	1.0000
46998	T	1.0000
46999	T	1.0000
47000	C	1.0000
47001	C	1.0000
47002	T	1.0000
47003	C	1.0000
47004	A	1.0000
47005	A	1.0000
47006	T	1.0000
47007	T	1.0000
47008	A	1.0000
47009	A	1.0000
47010	C	1.0000
47011	G	1.0000
47012	G	1.0000
47013	A	1.0000
47014	A	1.0000
47015	A	1.0000
47016	A	1.0000
47017	G	1.0000
47018	T	1.0000
47019	A	1.0000
47020	T	1.0000
47021	C	1.0000
47022	A	1.0000
47023	A	1.0000
47024	C	1.0000
47025	G	1.0000
47026	C	1.0000
47027	T	1.0000
47028	T	1.0000
47029	C	1.0000
47030	A	1.0000
47031	G	1.0000
47032	A	1.0000
47033	C	1.0000
47034	T	1.0000
47035	G	1.0000
47036	A	1.0000
47037	T	1.0000
47038	A	1.0000
47039	T	1.0000
47040	G	1.0000
47041	A	1.0000
47042	C	1.0000
47043	C	1.0000
47044	A	1.0000
47045	G	1.0000
47046	T	1.0000
47047	G	1.0000
47048	C	1.0000
47049	A	1.0000
47050	A	1.0000
47051	A	1.0000
47052	G	1.0000
47053	C	1.0000
47054	A	1.0000
47055	G	1.0000
47056	G	1.0000
47057	A	1.0000
47058	T	1.0000
47059	A	1.0000
47060	T	1.0000
47061	C	1.0000
47062	A	1.0000
47063	G	1.0000
47064	C	1.0000
47065	A	1.0000
47066	C	1.0000
47067	C	1.0000
47068	A	1.0000
47069	G	1.0000
47070	A	1.0000
47071	T	1.0000
47072	A	1.0000
47073	C	1.0000
47074	A	1.0000
47075	C	1.0000
47076	A	1.0000
47077	A	1.0000
47078	A	1.0000
47079	A	1.0000
47080	A	1.0000
47081	C	1.0000
47082	T	1.0000
47083	G	1.0000
47084	A	1.0000
47085	A	1.0000
47086	G	1.0000
47087	T	1.0000
47088	T	1.0000
47089	G	1.0000
47090	A	1.0000
47091	T	1.0000
47092	A	1.0000
47093	A	1.0000
47094	T	1.0000
47095	A	1.0000
47096	A	1.0000
47097	G	1.0000
47098	C	1.0000
47099	T	1.0000
47100	G	1.0000
47101	A	1.0000
47102	A	1.0000
47103	A	1.0000
47104	A	1.0000
47105	A	1.0000
47106	C	1.0000
47107	A	1.0000
47108	A	1.0000
47109	A	1.0000
47110	G	1.0000
47111	T	1.0000
47112	G	1.0000
47113	G	1.0000
47114	A	1.0000
47115	A	1.0000
47116	G	1.0000
47117	T	1.0000
47118	G	1.0000
47119	A	1.0000
47120	A	1.0000
47121	C	1.0000
47122	G	1.0000
47123	A	1.0000
47124	T	1.0000
47125	C	1.0000
47126	T	1.0000
47127	G	1.0000
47128	G	1.0000
47129	A	1.0000
47130	A	1.0000
47131	A	1.0000
47132	G	1.0000
47133	T	1.0000
47134	G	1.0000
47135	G	1.0000
47136	T	1.0000
47137	C	1.0000
47138	G	1.0000
47139	T	1.0000
47140	T	1.0000
47141	A	1.0000
47142	T	1.0000
47143	G	1.0000
47144	G	1.0000
47145	T	1.0000
47146	G	1.0000
47147	G	1.0000
47148	A	1.0000
47149	G	1.0000
47150	A	1.0000
47151	T	1.0000
47152	T	1.0000
47153	T	1.0000
47154	T	1.0000
47155	T	1.0000
47156	A	1.0000
47157	C	1.0000
47158	C	1.0000
47159	C	1.0000
47160	G	1.0000
47161	C	1.0000
47162	T	1.0000
47163	G	1.0000
47164	A	1.0000
47165	C	1.0000
47166	T	1.0000
47167	G	1.0000
47168	G	1.0000
47169	T	1.0000
47170	C	1.0000
47171	G	1.0000
47172	T	1.0000
47173	G	1.0000
47174	A	1.0000
47175	A	1.0000
47176	G	1.0000
47177	C	1.0000
47178	G	1.0000
47179	T	1.0000
47180	T	1.0000
47181	T	1.0000
47182	T	1.0000
47183	A	1.0000
47184	T	1.0000
47185	T	1.0000
47186	T	1.0000
47187	G	1.0000
47188	T	1.0000
47189	G	1.0000
47190	G	1.0000
47191	G	1.0000
47192	G	1.0000
47193	A	1.0000
47194	T	1.0000
47195	T	1.0000
47196	G	1.0000
47197	G	1.0000
47198	G	1.0000
47199	C	1.0000
47200	A	1.0000
47201	C	1.0000
47202	G	1.0000
47203	A	1.0000
47204	C	1.0000
47205	T	1.0000
47206	A	1.0000
47207	C	1.0000
47208	A	1.0000
47209	G	1.0000
47210	C	1.0000
47211	G	1.0000
47212	G	1.0000
47213	C	1.0000
47214	G	1.0000
47215	G	1.0000
47216	C	1.0000
47217	A	1.0000
47218	A	1.0000
47219	A	1.0000
47220	C	1.0000
47221	C	1.0000
47222	T	1.0000
47223	T	1.0000
47224	T	1.0000
47225	A	1.0000
47226	T	1.0000
47227	C	1.0000
47228	T	1.0000
47229	T	1.0000
47230	A	1.0000
47231	A	1.0000
47232	T	1.0000
47233	C	1.0000
47234	C	1.0000
47235	T	1.0000
47236	G	1.0000
47237	A	1.0000
47238	C	1.0000
47239	C	1.0000
47240	C	1.0000
47241	C	1.0000
47242	G	1.0000
47243	C	1.0000
47244	A	1.0000
47245	A	1.0000
47246	T	1.0000
47247	T	1.0000
47248	T	1.0000
47249	C	1.0000
47250	G	1.0000
47251	T	1.0000
47252	C	1.0000
47253	T	1.0000
47254	G	1.0000
47255	T	1.0000
47256	A	1.0000
47257	C	1.0000
47258	T	1.0000
47259	G	1.0000
47260	C	1.0000
47261	G	1.0000
47262	G	1.0000
47263	T	1.0000
47264	C	1.0000
47265	A	1.0000
47266	A	1.0000
47267	C	1.0000
47268	A	1.0000
47269	T	1.0000
47270	C	1.0000
47271	G	1.0000
47272	T	1.0000
47273	C	1.0000
47274	T	1.0000
47275	A	1.0000
47276	T	1.0000
47277	C	1.0000
47278	C	1.0000
47279	G	1.0000
47280	C	1.0000
47281	T	1.0000
47282	A	1.0000
47283	T	1.0000
47284	A	1.0000
47285	A	1.0000
47286	A	1.0000
47287	C	1.0000
47288	A	1.0000
47289	T	1.0000
47290	T	1.0000
47291	C	1.0000
47292	A	1.0000
47293	G	1.0000
47294	T	1.0000
47295	A	1.0000
47296	G	1.0000
47297	A	1.0000
47298	G	1.0000
47299	A	1.0000
47300	C	1.0000
47301	G	1.0000
47302	A	1.0000
47303	T	1.0000
47304	A	1.0000
47305	G	1.0000
47306	A	1.0000
47307	T	1.0000
47308	T	1.0000
47309	C	1.0000
47310	A	1.0000
47311	G	1.0000
47312	A	1.0000
47313	G	1.0000
47314	C	1.0000
47315	A	1.0000
47316	C	1.0000
47317	G	1.0000
47318	C	1.0000
47319	C	1.0000
47320	G	1.0000
47321	A	1.0000
47322	T	1.0000
47323	C	1.0000
47324	T	1.0000
47325	C	1.0000
47326	A	1.0000
47327	T	1.0000
47328	T	1.0000
47329	T	1.0000
47330	T	1.0000
47331	C	1.0000
47332	A	1.0000
47333	G	1.0000
47334	G	1.0000
47335	A	1.0000
47336	T	1.0000
47337	G	1.0000
47338	C	1.0000
47339	G	1.0000
47340	C	1.0000
47341	C	1.0000
47342	C	1.0000
47343	T	1.0000
47344	G	1.0000
47345	T	1.0000
47346	G	1.0000
47347	T	1.0000
47348	G	1.0000
47349	G	1.0000
47350	T	1.0000
47351	A	1.0000
47352	C	1.0000
47353	A	1.0000
47354	G	1.0000
47355	G	1.0000
47356	T	1.0000
47357	C	1.0000
47358	G	1.0000
47359	C	1.0000
47360	A	1.0000
47361	A	1.0000
47362	T	1.0000
47363	G	1.0000
47364	C	1.0000
47365	G	1.0000
47366	A	1.0000
47367	A	1.0000
47368	A	1.0000
47369	A	1.0000
47370	T	1.0000
47371	G	1.0000
47372	A	1.0000
47373	C	1.0000
47374	A	1.0000
47375	G	1.0000
47376	G	1.0000
47377	C	1.0000
47378	G	1.0000
47379	T	1.0000
47380	G	1.0000
47381	A	1.0000
47382	C	1.0000
47383	T	1.0000
47384	G	1.0000
47385	G	1.0000
47386	G	1.0000
47387	G	1.0000
47388	A	1.0000
47389	T	1.0000
47390	T	1.0000
47391	C	1.0000
47392	T	1.0000
47393	A	1.0000
47394	T	1.0000
47395	G	1.0000
47396	G	1.0000
47397	A	1.0000
47398	T	1.0000
47399	T	1.0000
47400	G	1.0000
47401	A	1.0000
47402	T	1.0000
47403	T	1.0000
47404	G	1.0000
47405	C	1.0000
47406	C	1.0000
47407	G	1.0000
47408	A	1.0000
47409	G	1.0000
47410	G	1.0000
47411	A	1.0000
47412	A	1.0000
47413	G	1.0000
47414	T	1.0000
47415	A	1.0000
47416	G	1.0000
47417	G	1.0000
47418	A	1.0000
47419	G	1.0000
47420	A	1.0000
47421	A	1.0000
47422	A	1.0000
47423	T	1.0000
47424	T	1.0000
47425	G	1.0000
47426	C	1.0000
47427	C	1.0000
47428	C	1.0000
47429	C	1.0000
47430	T	1.0000
47431	C	1.0000
47432	A	1.0000
47433	G	1.0000
47434	T	1.0000
47435	T	1.0000
47436	T	1.0000
47437	G	1.0000
47438	T	1.0000
47439	T	1.0000
47440	C	1.0000
47441	A	1.0000
47442	C	1.0000
47443	T	1.0000
47444	G	1.0000
47445	G	1.0000
47446	C	1.0000
47447	G	1.0000
47448	A	1.0000
47449	C	1.0000
47450	C	1.0000
47451	A	1.0000
47452	G	1.0000
47453	C	1.0000
47454	T	1.0000
47455	A	1.0000
47456	A	1.0000
47457	C	1.0000
47458	G	1.0000
47459	A	1.0000
47460	G	1.0000
47461	A	1.0000
47462	A	1.0000
47463	T	1.0000
47464	G	1.0000
47465	A	1.0000
47466	T	1.0000
47467	G	1.0000
47468	C	1.0000
47469	T	1.0000
47470	C	1.0000
47471	C	1.0000
47472	T	1.0000
47473	G	1.0000
47474	A	1.0000
47475	A	1.0000
47476	G	1.0000
47477	C	1.0000
47478	T	1.0000
47479	A	1.0000
47480	T	1.0000
47481	T	1.0000
47482	T	1.0000
47483	C	1.0000
47484	C	1.0000
47485	A	1.0000
47486	G	1.0000
47487	C	1.0000
47488	A	1.0000
47489	A	1.0000
47490	T	1.0000
47491	G	1.0000
47492	G	1.0000
47493	C	1.0000
47494	C	1.0000
47495	T	1.0000
47496	T	1.0000
47497	G	1.0000
47498	T	1.0000
47499	T	1.0000
47500	G	1.0000
47501	C	1.0000
47502	C	1.0000
47503	G	1.0000
47504	A	1.0000
47505	A	1.0000
47506	G	1.0000
47507	G	1.0000
47508	T	1.0000
47509	G	1.0000
47510	T	1.0000
47511	A	1.0000
47512	A	1.0000
47513	T	1.0000
47514	G	1.0000
47515	T	1.0000
47516	A	1.0000
47517	C	1.0000
47518	G	1.0000
47519	A	1.0000
47520	A	1.0000
47521	C	1.0000
47522	G	1.0000
47523	T	1.0000
47524	C	1.0000
47525	T	1.0000
47526	G	1.0000
47527	G	1.0000
47528	T	1.0000
47529	T	1.0000
47530	G	1.0000
47531	T	1.0000
47532	T	1.0000
47533	C	1.0000
47534	C	1.0000
47535	A	1.0000
47536	C	1.0000
47537	T	1.0000
47538	G	1.0000
47539	A	1.0000
47540	T	1.0000
47541	T	1.0000
47542	C	1.0000
47543	A	1.0000
47544	C	1.0000
47545	C	1.0000
47546	A	1.0000
47547	T	1.0000
47548	A	1.0000
47549	T	1.0000
47550	C	1.0000
47551	C	1.0000
47552	A	1.0000
47553	G	1.0000
47554	A	1.0000
47555	A	1.0000
47556	A	1.0000
47557	C	1.0000
47558	T	1.0000
47559	G	1.0000
47560	A	1.0000
47561	C	1.0000
47562	T	1.0000
47563	G	1.0000
47564	A	1.0000
47565	A	1.0000
47566	A	1.0000
47567	G	1.0000
47568	A	1.0000
47569	G	1.0000
47570	T	1.0000
47571	T	1.0000
47572	G	1.0000
47573	A	1.0000
47574	T	1.0000
47575	G	1.0000
47576	A	1.0000
47577	A	1.0000
47578	C	1.0000
47579	T	1.0000
47580	T	1.0000
47581	G	1.0000
47582	A	1.0000
47583	G	1.0000
47584	T	1.0000
47585	C	1.0000
47586	A	1.0000
47587	G	1.0000
47588	A	1.0000
47589	A	1.0000
47590	T	1.0000
47591	T	1.0000
47592	A	1.0000
47593	A	1.0000
47594	A	1.0000
47595	G	1.0000
47596	T	1.0000
47597	T	1.0000
47598	G	1.0000
47599	T	1.0000
47600	T	1.0000
47601	A	1.0000
47602	T	1.0000
47603	C	1.0000
47604	A	1.0000
47605	A	1.0000
47606	C	1.0000
47607	T	1.0000
47608	T	1.0000
47609	C	1.0000
47610	C	1.0000
47611	C	1.0000
47612	G	1.0000
47613	A	1.0000
47614	A	1.0000
47615	G	1.0000
47616	C	1.0000
47617	G	1.0000
47618	A	1.0000
47619	T	1.0000
47620	A	1.0000
47621	T	1.0000
47622	C	1.0000
47623	G	1.0000
47624	G	1.0000
47625	A	1.0000
47626	T	1.0000
47627	A	1.0000
47628	A	1.0000
47629	A	1.0000
47630	G	1.0000
47631	G	1.0000
47632	A	1.0000
47633	G	1.0000
47634	G	1.0000
47635	A	1.0000
47636	G	1.0000
47637	T	1.0000
47638	A	1.0000
47639	A	1.0000
47640	T	1.0000
47641	G	1.0000
47642	G	1.0000
47643	A	1.0000
47644	T	1.0000
47645	A	1.0000
47646	T	1.0000
47647	A	1.0000
47648	A	1.0000
47649	C	1.0000
47650	A	1.0000
47651	C	1.0000
47652	C	1.0000
47653	T	1.0000
47654	T	1.0000
47655	T	1.0000
47656	C	1.0000
47657	C	1.0000
47658	T	1.0000
47659	T	1.0000
47660	C	1.0000
47661	A	1.0000
47662	T	1.0000
47663	G	1.0000
47664	C	1.0000
47665	A	1.0000
47666	C	1.0000
47667	T	1.0000
47668	T	1.0000
47669	T	1.0000
47670	G	1.0000
47671	T	1.0000
47672	G	1.0000
47673	C	1.0000
47674	T	1.0000
47675	G	1.0000
47676	T	1.0000
47677	G	1.0000
47678	G	1.0000
47679	C	1.0000
47680	T	1.0000
47681	G	1.0000
47682	C	1.0000
47683	G	1.0000
47684	C	1.0000
47685	A	1.0000
47686	G	1.0000
47687	G	1.0000
47688	T	1.0000
47689	A	1.0000
47690	C	1.0000
47691	T	1.0000
47692	G	1.0000
47693	G	1.0000
47694	T	1.0000
47695	T	1.0000
47696	G	1.0000
47697	G	1.0000
47698	T	1.0000
47699	C	1.0000
47700	T	1.0000
47701	T	1.0000
47702	T	1.0000
47703	T	1.0000
47704	T	1.0000
47705	A	1.0000
47706	C	1.0000
47707	C	1.0000
47708	G	1.0000
47709	G	1.0000
47710	A	1.0000
47711	A	1.0000
47712	A	1.0000
47713	C	1.0000
47714	T	1.0000
47715	G	1.0000
47716	G	1.0000
47717	G	1.0000
47718	C	1.0000
47719	T	1.0000
47720	T	1.0000
47721	A	1.0000
47722	C	1.0000
47723	G	1.0000
47724	G	1.0000
47725	G	1.0000
47726	G	1.0000
47727	C	1.0000
47728	G	1.0000
47729	A	1.0000
47730	T	1.0000
47731	A	1.0000
47732	G	1.0000
47733	C	1.0000
47734	C	1.0000
47735	G	1.0000
47736	G	1.0000
47737	T	1.0000
47738	T	1.0000
47739	G	1.0000
47740	T	1.0000
47741	A	1.0000
47742	C	1.0000
47743	G	1.0000
47744	T	1.0000
47745	T	1.0000
47746	C	1.0000
47747	T	1.0000
47748	T	1.0000
47749	C	1.0000
47750	A	1.0000
47751	T	1.0000
47752	T	1.0000
47753	G	1.0000
47754	C	1.0000
47755	T	1.0000
47756	C	1.0000
47757	G	1.0000
47758	T	1.0000
47759	G	1.0000
47760	A	1.0000
47761	A	1.0000
47762	C	1.0000
47763	A	1.0000
47764	T	1.0000
47765	A	1.0000
47766	C	1.0000
47767	C	1.0000
47768	C	1.0000
47769	A	1.0000
47770	G	1.0000
47771	G	1.0000
47772	C	1.0000
47773	A	1.0000
47774	G	1.0000
47775	A	1.0000
47776	A	1.0000
47777	T	1.0000
47778	A	1.0000
47779	T	1.0000
47780	C	1.0000
47781	G	1.0000
47782	C	1.0000
47783	T	1.0000
47784	G	1.0000
47785	G	1.0000
47786	A	1.0000
47787	T	1.0000
47788	T	1.0000
47789	G	1.0000
47790	A	1.0000
47791	A	1.0000
47792	A	1.0000
47793	T	1.0000
47794	G	1.0000
47795	T	1.0000
47796	T	1.0000
47797	C	1.0000
47798	G	1.0000
47799	G	1.0000
47800	G	1.0000
47801	C	1.0000
47802	A	1.0000
47803	T	1.0000
47804	G	1.0000
47805	G	1.0000
47806	C	1.0000
47807	A	1.0000
47808	A	1.0000
47809	G	1.0000
47810	C	1.0000
47811	G	1.0000
47812	A	1.0000
47813	A	1.0000
47814	T	1.0000
47815	G	1.0000
47816	A	1.0000
47817	A	1.0000
47818	T	1.0000
47819	A	1.0000
47820	T	1.0000
47821	G	1.0000
47822	C	1.0000
47823	C	1.0000
47824	G	1.0000
47825	T	1.0000
47826	G	1.0000
47827	G	1.0000
47828	T	1.0000
47829	G	1.0000
47830	G	1.0000
47831	G	1.0000
47832	G	1.0000
47833	C	1.0000
47834	G	1.0000
47835	G	1.0000
47836	T	1.0000
47837	T	1.0000
47838	T	1.0000
47839	T	1.0000
47840	G	1.0000
47841	A	1.0000
47842	T	1.0000
47843	C	1.0000
47844	C	1.0000
47845	G	1.0000
47846	C	1.0000
47847	G	1.0000
47848	C	1.0000
47849	G	1.0000
47850	C	1.0000
47851	G	1.0000
47852	T	1.0000
47853	G	1.0000
47854	G	1.0000
47855	G	1.0000
47856	A	1.0000
47857	T	1.0000
47858	G	1.0000
47859	T	1.0000
47860	A	1.0000
47861	G	1.0000
47862	C	1.0000
47863	A	1.0000
47864	A	1.0000
47865	G	1.0000
47866	T	1.0000
47867	C	1.0000
47868	T	1.0000
47869	G	1.0000
47870	A	1.0000
47871	T	1.0000
47872	G	1.0000
47873	G	1.0000
47874	A	1.0000
47875	T	1.0000
47876	T	1.0000
47877	T	1.0000
47878	T	1.0000
47879	G	1.0000
47880	C	1.0000
47881	T	1.0000
47882	G	1.0000
47883	T	1.0000
47884	G	1.0000
47885	C	1.0000
47886	C	1.0000
47887	G	1.0000
47888	G	1.0000
47889	T	1.0000
47890	G	1.0000
47891	G	1.0000
47892	T	1.0000
47893	G	1.0000
47894	G	1.0000
47895	C	1.0000
47896	G	1.0000
47897	T	1.0000
47898	G	1.0000
47899	T	1.0000
47900	C	1.0000
47901	T	1.0000
47902	G	1.0000
47903	C	1.0000
47904	T	1.0000
47905	G	1.0000
47906	G	1.0000
47907	T	1.0000
47908	C	1.0000
47909	T	1.0000
47910	G	1.0000
47911	G	1.0000
47912	C	1.0000
47913	T	1.0000
47914	G	1.0000
47915	T	1.0000
47916	T	1.0000
47917	G	1.0000
47918	G	1.0000
47919	T	1.0000
47920	T	1.0000
47921	A	1.0000
47922	A	1.0000
47923	T	1.0000
47924	C	1.0000
47925	G	1.0000
47926	T	1.0000
47927	G	1.0000
47928	G	1.0000
47929	G	1.0000
47930	T	1.0000
47931	G	1.0000
47932	A	1.0000
47933	A	1.0000
47934	A	1.0000
47935	A	1.0000
47936	A	1.0000
47937	A	1.0000
47938	G	1.0000
47939	G	1.0000
47940	T	1.0000
47941	G	1.0000
47942	A	1.0000
47943	G	1.0000
47944	C	1.0000
47945	T	1.0000
47946	G	1.0000
47947	T	1.0000
47948	A	1.0000
47949	T	1.0000
47950	A	1.0000
47951	T	1.0000
47952	G	1.0000
47953	C	1.0000
47954	A	1.0000
47955	A	1.0000
47956	C	1.0000
47957	G	1.0000
47958	G	1.0000
47959	A	1.0000
47960	G	1.0000
47961	G	1.0000
47962	A	1.0000
47963	A	1.0000
47964	G	1.0000
47965	A	1.0000
47966	A	1.0000
47967	A	1.0000
47968	C	1.0000
47969	C	1.0000
47970	T	1.0000
47971	C	1.0000
47972	G	1.0000
47973	T	1.0000
47974	T	1.0000
47975	G	1.0000
47976	C	1.0000
47977	T	1.0000
47978	G	1.0000
47979	G	1.0000
47980	A	1.0000
47981	A	1.0000
47982	G	1.0000
47983	C	1.0000
47984	C	1.0000
47985	T	1.0000
47986	G	1.0000
47987	G	1.0000
47988	A	1.0000
47989	A	1.0000
47990	G	1.0000
47991	A	1.0000
47992	A	1.0000
47993	G	1.0000
47994	T	1.0000
47995	A	1.0000
47996	T	1.0000
47997	C	1.0000
47998	G	1.0000
47999	G	1.0000
48000	G	1.0000
48001	T	1.0000
48002	G	1.0000
48003	T	1.0000
48004	T	1.0000
48005	G	1.0000
48006	C	1.0000
48007	T	1.0000
48008	G	1.0000
48009	A	1.0000
48010	A	1.0000
48011	C	1.0000
48012	C	1.0000
48013	G	1.0000
48014	T	1.0000
48015	G	1.0000
48016	T	1.0000
48017	T	1.0000
48018	G	1.0000
48019	A	1.0000
48020	T	1.0000
48021	A	1.0000
48022	C	1.0000
48023	A	1.0000
48024	T	1.0000
48025	C	1.0000
48026	A	1.0000
48027	A	1.0000
48028	C	1.0000
48029	T	1.0000
48030	G	1.0000
48031	C	1.0000
48032	A	1.0000
48033	C	1.0000
48034	C	1.0000
48035	T	1.0000
48036	G	1.0000
48037	A	1.0000
48038	T	1.0000
48039	A	1.0000
48040	T	1.0000
48041	T	1.0000
48042	G	1.0000
48043	A	1.0000
48044	G	1.0000
48045	T	1.0000
48046	G	1.0000
48047	G	1.0000
48048	C	1.0000
48049	C	1.0000
48050	T	1.0000
48051	A	1.0000
48052	C	1.0000
48053	G	1.0000
48054	A	1.0000
48055	A	1.0000
48056	C	1.0000
48057	C	1.0000
48058	C	1.0000
48059	T	1.0000
48060	G	1.0000
48061	T	1.0000
48062	C	1.0000
48063	A	1.0000
48064	G	1.0000
48065	G	1.0000
48066	G	1.0000
48067	A	1.0000
48068	G	1.0000
48069	T	1.0000
48070	A	1.0000
48071	A	1.0000
48072	T	1.0000
48073	C	1.0000
48074	A	1.0000
48075	T	1.0000
48076	T	1.0000
48077	G	1.0000
48078	G	1.0000
48079	G	1.0000
48080	A	1.0000
48081	T	1.0000
48082	T	1.0000
48083	A	1.0000
48084	T	1.0000
48085	G	1.0000
48086	C	1.0000
48087	C	1.0000
48088	G	1.0000
48089	C	1.0000
48090	A	1.0000
48091	G	1.0000
48092	C	1.0000
48093	A	1.0000
48094	C	1.0000
48095	G	1.0000
48096	T	1.0000
48097	C	1.0000
48098	T	1.0000
48099	T	1.0000
48100	A	1.0000
48101	A	1.0000
48102	G	1.0000
48103	C	1.0000
48104	A	1.0000
48105	A	1.0000
48106	G	1.0000
48107	A	1.0000
48108	A	1.0000
48109	C	1.0000
48110	G	1.0000
48111	T	1.0000
48112	G	1.0000
48113	C	1.0000
48114	T	1.0000
48115	G	1.0000
48116	C	1.0000
48117	G	1.0000
48118	G	1.0000
48119	T	1.0000
48120	T	1.0000
48121	G	1.0000
48122	G	1.0000
48123	A	1.0000
48124	T	1.0000
48125	G	1.0000
48126	G	1.0000
48127	T	1.0000
48128	G	1.0000
48129	A	1.0000
48130	A	1.0000
48131	C	1.0000
48132	T	1.0000
48133	T	1.0000
48134	T	1.0000
48135	C	1.0000
48136	G	1.0000
48137	A	1.0000
48138	T	1.0000
48139	A	1.0000
48140	G	1.0000
48141	T	1.0000
48142	G	1.0000
48143	C	1.0000
48144	G	1.0000
48145	A	1.0000
48146	G	1.0000
48147	T	1.0000
48148	A	1.0000
48149	T	1.0000
48150	T	1.0000
48151	G	1.0000
48152	A	1.0000
48153	A	1.0000
48154	T	1.0000
48155	G	1.0000
48156	A	1.0000
48157	T	1.0000
48158	T	1.0000
48159	T	1.0000
48160	C	1.0000
48161	C	1.0000
48162	A	1.0000
48163	G	1.0000
48164	C	1.0000
48165	C	1.0000
48166	G	1.0000
48167	T	1.0000
48168	T	1.0000
48169	A	1.0000
48170	C	1.0000
48171	C	1.0000
48172	G	1.0000
48173	A	1.0000
48174	T	1.0000
48175	T	1.0000
48176	T	1.0000
48177	T	1.0000
48178	A	1.0000
48179	C	1.0000
48180	G	1.0000
48181	T	1.0000
48182	G	1.0000
48183	T	1.0000
48184	T	1.0000
48185	A	1.0000
48186	A	1.0000
48187	T	1.0000
48188	T	1.0000
48189	A	1.0000
48190	G	1.0000
48191	T	1.0000
48192	G	1.0000
48193	A	1.0000
48194	A	1.0000
48195	C	1.0000
48196	A	1.0000
48197	A	1.0000
48198	A	1.0000
48199	C	1.0000
48200	C	1.0000
48201	A	1.0000
48202	C	1.0000
48203	T	1.0000
48204	C	1.0000
48205	G	1.0000
48206	T	1.0000
48207	C	1.0000
48208	A	1.0000
48209	G	1.0000
48210	C	1.0000
48211	A	1.0000
48212	G	1.0000
48213	A	1.0000
48214	C	1.0000
48215	T	1.0000
48216	C	1.0000
48217	C	1.0000
48218	C	1.0000
48219	A	1.0000
48220	G	1.0000
48221	G	1.0000
48222	T	1.0000
48223	A	1.0000
48224	T	1.0000
48225	C	1.0000
48226	T	1.0000
48227	T	1.0000
48228	T	1.0000
48229	C	1.0000
48230	A	1.0000
48231	G	1.0000
48232	A	1.0000
48233	G	1.0000
48234	T	1.0000
48235	T	1.0000
48236	T	1.0000
48237	C	1.0000
48238	C	1.0000
48239	T	1.0000
48240	G	1.0000
48241	A	1.0000
48242	A	1.0000
48243	C	1.0000
48244	A	1.0000
48245	A	1.0000
48246	A	1.0000
48247	A	1.0000
48248	G	1.0000
48249	T	1.0000
48250	T	1.0000
48251	T	1.0000
48252	T	1.0000
48253	A	1.0000
48254	G	1.0000
48255	C	1.0000
48256	T	1.0000
48257	G	1.0000
48258	A	1.0000
48259	A	1.0000
48260	T	1.0000
48261	C	1.0000
48262	T	1.0000
48263	T	1.0000
48264	T	1.0000
48265	A	1.0000
48266	T	1.0000
48267	C	1.0000
48268	G	1.0000
48269	G	1.0000
48270	C	1.0000
48271	G	1.0000
48272	G	1.0000
48273	T	1.0000
48274	G	1.0000
48275	C	1.0000
48276	G	1.0000
48277	C	1.0000
48278	G	1.0000
48279	T	1.0000
48280	A	1.0000
48281	A	1.0000
48282	C	1.0000
48283	A	1.0000
48284	G	1.0000
48285	A	1.0000
48286	A	1.0000
48287	A	1.0000
48288	G	1.0000
48289	G	1.0000
48290	C	1.0000
48291	C	1.0000
48292	A	1.0000
48293	T	1.0000
48294	C	1.0000
48295	G	1.0000
48296	T	1.0000
48297	T	1.0000
48298	G	1.0000
48299	C	1.0000
48300	T	1.0000
48301	G	1.0000
48302	G	1.0000
48303	T	1.0000
48304	A	1.0000
48305	G	1.0000
48306	C	1.0000
48307	T	1.0000
48308	T	1.0000
48309	T	1.0000
48310	T	1.0000
48311	A	1.0000
48312	C	1.0000
48313	G	1.0000
48314	A	1.0000
48315	T	1.0000
48316	C	1.0000
48317	A	1.0000
48318	C	1.0000
48319	C	1.0000
48320	T	1.0000
48321	C	1.0000
48322	T	1.0000
48323	A	1.0000
48324	C	1.0000
48325	A	1.0000
48326	T	1.0000
48327	C	1.0000
48328	G	1.0000
48329	T	1.0000
48330	C	1.0000
48331	A	1.0000
48332	T	1.0000
48333	A	1.0000
48334	A	1.0000
48335	C	1.0000
48336	G	1.0000
48337	T	1.0000
48338	T	1.0000
48339	T	1.0000
48340	A	1.0000
48341	C	1.0000
48342	T	1.0000
48343	G	1.0000
48344	A	1.0000
48345	T	1.0000
48346	G	1.0000
48347	C	1.0000
48348	G	1.0000
48349	T	1.0000
48350	C	1.0000
48351	G	1.0000
48352	G	1.0000
48353	G	1.0000
48354	T	1.0000
48355	T	1.0000
48356	A	1.0000
48357	A	1.0000
48358	T	1.0000
48359	T	1.0000
48360	C	1.0000
48361	T	1.0000
48362	T	1.0000
48363	C	1.0000
48364	C	1.0000
48365	T	1.0000
48366	T	1.0000
48367	T	1.0000
48368	A	1.0000
48369	A	1.0000
48370	C	1.0000
48371	G	1.0000
48372	C	1.0000
48373	A	1.0000
48374	T	1.0000
48375	C	1.0000
48376	C	1.0000
48377	A	1.0000
48378	C	1.0000
48379	A	1.0000
48380	G	1.0000
48381	C	1.0000
48382	A	1.0000
48383	C	1.0000
48384	C	1.0000
48385	G	1.0000
48386	G	1.0000
48387	T	1.0000
48388	T	1.0000
48389	G	1.0000
48390	G	1.0000
48391	C	1.0000
48392	A	1.0000
48393	T	1.0000
48394	T	1.0000
48395	T	1.0000
48396	T	1.0000
48397	A	1.0000
48398	G	1.0000
48399	T	1.0000
48400	C	1.0000
48401	A	1.0000
48402	T	1.0000
48403	T	1.0000
48404	T	1.0000
48405	T	1.0000
48406	T	1.0000
48407	T	1.0000
48408	C	1.0000
48409	T	1.0000
48410	T	1.0000
48411	T	1.0000
48412	G	1.0000
48413	G	1.0000
48414	C	1.0000
48415	T	1.0000
48416	A	1.0000
48417	T	1.0000
48418	G	1.0000
48419	C	1.0000
48420	A	1.0000
48421	G	1.0000
48422	A	1.0000
48423	T	1.0000
48424	T	1.0000
48425	T	1.0000
48426	C	1.0000
48427	A	1.0000
48428	A	1.0000
48429	T	1.0000
48430	A	1.0000
48431	C	1.0000
48432	G	1.0000
48433	C	1.0000
48434	A	1.0000
48435	T	1.0000
48436	A	1.0000
48437	A	1.0000
48438	A	1.0000
48439	A	1.0000
48440	G	1.0000
48441	T	1.0000
48442	C	1.0000
48443	C	1.0000
48444	C	1.0000
48445	T	1.0000
48446	C	1.0000
48447	T	1.0000
48448	A	1.0000
48449	C	1.0000
48450	A	1.0000
48451	C	1.0000
48452	T	1.0000
48453	G	1.0000
48454	T	1.0000
48455	G	1.0000
48456	T	1.0000
48457	T	1.0000
48458	T	1.0000
48459	G	1.0000
48460	T	1.0000
48461	A	1.0000
48462	T	1.0000
48463	A	1.0000
48464	C	1.0000
48465	A	1.0000
48466	G	1.0000
48467	T	1.0000
48468	A	1.0000
48469	T	1.0000
48470	C	1.0000
48471	A	1.0000
48472	T	1.0000
48473	T	1.0000
48474	T	1.0000
48475	T	1.0000
48476	T	1.0000
48477	A	1.0000
48478	A	1.0000
48479	C	1.0000
48480	T	1.0000
48481	G	1.0000
48482	T	1.0000
48483	A	1.0000
48484	T	1.0000
48485	G	1.0000
48486	G	1.0000
48487	A	1.0000
48488	T	1.0000
48489	A	1.0000
48490	A	1.0000
48491	A	1.0000
48492	C	1.0000
48493	A	1.0000
48494	G	1.0000
48495	T	1.0000
48496	G	1.0000
48497	T	1.0000
48498	C	1.0000
48499	A	1.0000
48500	A	1.0000
48501	G	1.0000
48502	G	1.0000
48503	G	1.0000
48504	T	1.0000
48505	G	1.0000
48506	A	1.0000
48507	A	1.0000
48508	G	1.0000
48509	G	1.0000
48510	A	1.0000
48511	A	1.0000
48512	A	1.0000
48513	G	1.0000
48514	T	1.0000
48515	G	1.0000
48516	A	1.0000
48517	T	1.0000
48518	T	1.0000
48519	T	1.0000
48520	T	1.0000
48521	T	1.0000
48522	T	1.0000
48523	G	1.0000
48524	G	1.0000
48525	G	1.0000
48526	G	1.0000
48527	C	1.0000
48528	A	1.0000
48529	T	1.0000
48530	G	1.0000
48531	C	1.0000
48532	A	1.0000
48533	T	1.0000
48534	G	1.0000
48535	G	1.0000
48536	G	1.0000
48537	G	1.0000
48538	C	1.0000
48539	A	1.0000
48540	A	1.0000
48541	A	1.0000
48542	A	1.0000
48543	A	1.0000
48544	T	1.0000
48545	A	1.0000
48546	T	1.0000
48547	T	1.0000
48548	T	1.0000
48549	G	1.0000
48550	T	1.0000
48551	T	1.0000
48552	G	1.0000
48553	T	1.0000
48554	G	1.0000
48555	G	1.0000
48556	G	1.0000
48557	G	1.0000
48558	C	1.0000
48559	A	1.0000
48560	T	1.0000
48561	T	1.0000
48562	T	1.0000
48563	T	1.0000
48564	G	1.0000
48565	G	1.0000
48566	G	1.0000
48567	G	1.0000
48568	C	1.0000
48569	A	1.0000
48570	T	1.0000
48571	G	1.0000
48572	A	1.0000
48573	T	1.0000
48574	T	1.0000
48575	G	1.0000
48576	G	1.0000
48577	G	1.0000
48578	A	1.0000
48579	C	1.0000
48580	A	1.0000
48581	C	1.0000
48582	T	1.0000
48583	T	1.0000
48584	T	1.0000
48585	G	1.0000
48586	T	1.0000
48587	T	1.0000
48588	A	1.0000
48589	C	1.0000
48590	A	1.0000
48591	T	1.0000
48592	A	1.0000
48593	T	1.0000
48594	G	1.0000
48595	A	1.0000
48596	A	1.0000
48597	C	1.0000
48598	T	1.0000
48599	T	1.0000
48600	T	1.0000
48601	G	1.0000
48602	C	1.0000
48603	C	1.0000
48604	G	1.0000
48605	A	1.0000
48606	T	1.0000
48607	T	1.0000
48608	T	1.0000
48609	T	1.0000
48610	T	1.0000
48611	A	1.0000
48612	T	1.0000
48613	A	1.0000
48614	T	1.0000
48615	G	1.0000
48616	A	1.0000
48617	C	1.0000
48618	A	1.0000
48619	T	1.0000
48620	G	1.0000
48621	G	1.0000
48622	A	1.0000
48623	A	1.0000
48624	A	1.0000
48625	T	1.0000
48626	A	1.0000
48627	C	1.0000
48628	A	1.0000
48629	A	1.0000
48630	C	1.0000
48631	G	1.0000
48632	C	1.0000
48633	T	1.0000
48634	T	1.0000
48635	T	1.0000
48636	G	1.0000
48637	A	1.0000
48638	T	1.0000
48639	T	1.0000
48640	C	1.0000
48641	T	1.0000
48642	T	1.0000
48643	C	1.0000
48644	T	1.0000
48645	A	1.0000
48646	A	1.0000
48647	A	1.0000
48648	T	1.0000
48649	A	1.0000
48650	A	1.0000
48651	A	1.0000
48652	A	1.0000
48653	A	1.0000
48654	A	1.0000
48655	C	1.0000
48656	A	1.0000
48657	T	1.0000
48658	G	1.0000
48659	C	1.0000
48660	T	1.0000
48661	C	1.0000
48662	T	1.0000
48663	T	1.0000
48664	G	1.0000
48665	G	1.0000
48666	G	1.0000
48667	C	1.0000
48668	G	1.0000
48669	T	1.0000
48670	T	1.0000
48671	C	1.0000
48672	T	1.0000
48673	T	1.0000
48674	T	1.0000
48675	A	1.0000
48676	G	1.0000
48677	T	1.0000
48678	G	1.0000
48679	A	1.0000
48680	T	1.0000
48681	T	1.0000
48682	T	1.0000
48683	T	1.0000
48684	T	1.0000
48685	A	1.0000
48686	A	1.0000
48687	A	1.0000
48688	A	1.0000
48689	A	1.0000
48690	T	1.0000
48691	T	1.0000
48692	C	1.0000
48693	C	1.0000
48694	G	1.0000
48695	T	1.0000
48696	A	1.0000
48697	T	1.0000
48698	C	1.0000
48699	A	1.0000
48700	C	1.0000
48701	G	1.0000
48702	C	1.0000
48703	A	1.0000
48704	G	1.0000
48705	T	1.0000
48706	T	1.0000
48707	A	1.0000
48708	A	1.0000
48709	A	1.0000
48710	G	1.0000
48711	T	1.0000
48712	G	1.0000
48713	G	1.0000
48714	C	1.0000
48715	G	1.0000
48716	G	1.0000
48717	G	1.0000
48718	C	1.0000
48719	A	1.0000
48720	T	1.0000
48721	A	1.0000
48722	C	1.0000
48723	T	1.0000
48724	C	1.0000
48725	T	1.0000
48726	T	1.0000
48727	C	1.0000
48728	A	1.0000
48729	A	1.0000
48730	G	1.0000
48731	G	1.0000
48732	C	1.0000
48733	T	1.0000
48734	G	1.0000
48735	G	1.0000
48736	T	1.0000
48737	G	1.0000
48738	A	1.0000
48739	T	1.0000
48740	C	1.0000
48741	C	1.0000
48742	C	1.0000
48743	C	1.0000
48744	A	1.0000
48745	A	1.0000
48746	C	1.0000
48747	C	1.0000
48748	G	1.0000
48749	C	1.0000
48750	A	1.0000
48751	C	1.0000
48752	C	1.0000
48753	C	1.0000
48754	A	1.0000
48755	T	1.0000
48756	T	1.0000
48757	T	1.0000
48758	A	1.0000
48759	G	1.0000
48760	G	1.0000
48761	A	1.0000
48762	T	1.0000
48763	G	1.0000
48764	C	1.0000
48765	G	1.0000
48766	A	1.0000
48767	C	1.0000
48768	C	1.0000
48769	A	1.0000
48770	T	1.0000
48771	T	1.0000
48772	G	1.0000
48773	T	1.0000
48774	G	1.0000
48775	G	1.0000
48776	C	1.0000
48777	A	1.0000
48778	A	1.0000
48779	A	1.0000
48780	C	1.0000
48781	C	1.0000
48782	G	1.0000
48783	A	1.0000
48784	T	1.0000
48785	G	1.0000
48786	T	1.0000
48787	A	1.0000
48788	A	1.0000
48789	A	1.0000
48790	T	1.0000
48791	C	1.0000
48792	A	1.0000
48793	T	1.0000
48794	A	1.0000
48795	A	1.0000
48796	C	1.0000
48797	G	1.0000
48798	C	1.0000
48799	G	1.0000
48800	T	1.0000
48801	G	1.0000
48802	G	1.0000
48803	A	1.0000
48804	G	1.0000
48805	G	1.0000
48806	A	1.0000
48807	T	1.0000
48808	C	1.0000
48809	T	1.0000
48810	C	1.0000
48811	T	1.0000
48812	T	1.0000
48813	C	1.0000
48814	A	1.0000
48815	A	1.0000
48816	C	1.0000
48817	G	1.0000
48818	C	1.0000
48819	T	1.0000
48820	A	1.0000
48821	C	1.0000
48822	G	1.0000
48823	C	1.0000
48824	A	1.0000
48825	C	1.0000
48826	A	1.0000
48827	C	1.0000
48828	G	1.0000
48829	G	1.0000
48830	G	1.0000
48831	C	1.0000
48832	G	1.0000
48833	A	1.0000
48834	T	1.0000
48835	G	1.0000
48836	C	1.0000
48837	G	1.0000
48838	C	1.0000
48839	G	1.0000
48840	G	1.0000
48841	G	1.0000
48842	T	1.0000
48843	A	1.0000
48844	G	1.0000
48845	A	1.0000
48846	T	1.0000
48847	A	1.0000
48848	T	1.0000
48849	G	1.0000
48850	A	1.0000
48851	T	1.0000
48852	T	1.0000
48853	A	1.0000
48854	A	1.0000
48855	T	1.0000
48856	G	1.0000
48857	C	1.0000
48858	T	1.0000
48859	G	1.0000
48860	T	1.0000
48861	T	1.0000
48862	A	1.0000
48863	T	1.0000
48864	T	1.0000
48865	G	1.0000
48866	T	1.0000
48867	G	1.0000
48868	C	1.0000
48869	T	1.0000
48870	G	1.0000
48871	C	1.0000
48872	T	1.0000
48873	C	1.0000
48874	G	1.0000
48875	G	1.0000
48876	C	1.0000
48877	G	1.0000
48878	C	1.0000
48879	T	1.0000
48880	A	1.0000
48881	G	1.0000
48882	C	1.0000
48883	G	1.0000
48884	G	1.0000
48885	C	1.0000
48886	G	1.0000
48887	C	1.0000
48888	T	1.0000
48889	A	1.0000
48890	C	1.0000
48891	A	1.0000
48892	G	1.0000
48893	G	1.0000
48894	C	1.0000
48895	A	1.0000
48896	T	1.0000
48897	C	1.0000
48898	T	1.0000
48899	T	1.0000
48900	C	1.0000
48901	G	1.0000
48902	G	1.0000
48903	C	1.0000
48904	A	1.0000
48905	A	1.0000
48906	T	1.0000
48907	C	1.0000
48908	A	1.0000
48909	C	1.0000
48910	C	1.0000
48911	A	1.0000
48912	G	1.0000
48913	A	1.0000
48914	T	1.0000
48915	T	1.0000
48916	A	1.0000
48917	A	1.0000
48918	A	1.0000
48919	A	1.0000
48920	C	1.0000
48921	C	1.0000
48922	G	1.0000
48923	A	1.0000
48924	G	1.0000
48925	T	1.0000
48926	T	1.0000
48927	C	1.0000
48928	C	1.0000
48929	C	1.0000
48930	A	1.0000
48931	G	1.0000
48932	G	1.0000
48933	C	1.0000
48934	A	1.0000
48935	T	1.0000
48936	T	1.0000
48937	G	1.0000
48938	C	1.0000
48939	G	1.0000
48940	G	1.0000
48941	G	1.0000
48942	C	1.0000
48943	G	1.0000
48944	G	1.0000
48945	T	1.0000
48946	G	1.0000
48947	G	1.0000
48948	A	1.0000
48949	T	1.0000
48950	T	1.0000
48951	C	1.0000
48952	A	1.0000
48953	A	1.0000
48954	C	1.0000
48955	A	1.0000
48956	C	1.0000
48957	C	1.0000
48958	G	1.0000
48959	A	1.0000
48960	T	1.0000
48961	A	1.0000
48962	T	1.0000
48963	T	1.0000
48964	G	1.0000
48965	G	1.0000
48966	T	1.0000
48967	C	1.0000
48968	G	1.0000
48969	A	1.0000
48970	G	1.0000
48971	A	1.0000
48972	T	1.0000
48973	C	1.0000
48974	C	1.0000
48975	C	1.0000
48976	A	1.0000
48977	C	1.0000
48978	A	1.0000
48979	T	1.0000
48980	A	1.0000
48981	A	1.0000
48982	C	1.0000
48983	A	1.0000
48984	C	1.0000
48985	T	1.0000
48986	A	1.0000
48987	T	1.0000
48988	T	1.0000
48989	G	1.0000
48990	T	1.0000
48991	A	1.0000
48992	T	1.0000
48993	C	1.0000
48994	G	1.0000
48995	A	1.0000
48996	T	1.0000
48997	A	1.0000
48998	C	1.0000
48999	C	1.0000
49000	C	1.0000
49001	C	1.0000
49002	G	1.0000
49003	G	1.0000
49004	C	1.0000
49005	G	1.0000
49006	G	1.0000
49007	C	1.0000
49008	G	1.0000
49009	C	1.0000
49010	A	1.0000
49011	A	1.0000
49012	C	1.0000
49013	T	1.0000
49014	G	1.0000
49015	C	1.0000
49016	A	1.0000
49017	A	1.0000
49018	T	1.0000
49019	T	1.0000
49020	C	1.0000
49021	C	1.0000
49022	A	1.0000
49023	G	1.0000
49024	A	1.0000
49025	T	1.0000
49026	C	1.0000
49027	C	1.0000
49028	G	1.0000
49029	T	1.0000
49030	A	1.0000
49031	C	1.0000
49032	C	1.0000
49033	G	1.0000
49034	T	1.0000
49035	A	1.0000
49036	A	1.0000
49037	A	1.0000
49038	A	1.0000
49039	C	1.0000
49040	G	1.0000
49041	C	1.0000
49042	A	1.0000
49043	C	1.0000
49044	C	1.0000
49045	C	1.0000
49046	C	1.0000
49047	A	1.0000
49048	T	1.0000
49049	T	1.0000
49050	G	1.0000
49051	A	1.0000
49052	C	1.0000
49053	G	1.0000
49054	T	1.0000
49055	T	1.0000
49056	T	1.0000
49057	G	1.0000
49058	A	1.0000
49059	T	1.0000
49060	G	1.0000
49061	A	1.0000
49062	T	1.0000
49063	T	1.0000
49064	T	1.0000
49065	C	1.0000
49066	G	1.0000
49067	A	1.0000
49068	T	1.0000
49069	A	1.0000
49070	T	1.0000
49071	C	1.0000
49072	G	1.0000
49073	C	1.0000
49074	T	1.0000
49075	G	1.0000
49076	T	1.0000
49077	C	1.0000
49078	G	1.0000
49079	G	1.0000
49080	T	1.0000
49081	T	1.0000
49082	G	1.0000
49083	C	1.0000
49084	A	1.0000
49085	C	1.0000
49086	C	1.0000
49087	T	1.0000
49088	A	1.0000
49089	A	1.0000
49090	T	1.0000
49091	G	1.0000
49092	C	1.0000
49093	T	1.0000
49094	A	1.0000
49095	C	1.0000
49096	A	1.0000
49097	G	1.0000
49098	G	1.0000
49099	A	1.0000
49100	T	1.0000
49101	G	1.0000
49102	T	1.0000
49103	T	1.0000
49104	G	1.0000
49105	C	1.0000
49106	C	1.0000
49107	A	1.0000
49108	C	1.0000
49109	C	1.0000
49110	A	1.0000
49111	A	1.0000
49112	T	1.0000
49113	T	1.0000
49114	T	1.0000
49115	T	1.0000
49116	C	1.0000
49117	G	1.0000
49118	G	1.0000
49119	G	1.0000
49120	C	1.0000
49121	A	1.0000
49122	A	1.0000
49123	C	1.0000
49124	A	1.0000
49125	C	1.0000
49126	T	1.0000
49127	T	1.0000
49128	T	1.0000
49129	A	1.0000
49130	G	1.0000
49131	C	1.0000
49132	G	1.0000
49133	G	1.0000
49134	G	1.0000
49135	G	1.0000
49136	G	1.0000
49137	A	1.0000
49138	A	1.0000
49139	G	1.0000
49140	G	1.0000
49141	G	1.0000
49142	G	1.0000
49143	C	1.0000
49144	A	1.0000
49145	T	1.0000
49146	C	1.0000
49147	A	1.0000
49148	A	1.0000
49149	C	1.0000
49150	C	1.0000
49151	G	1.0000
49152	G	1.0000
49153	C	1.0000
49154	T	1.0000
49155	G	1.0000
49156	T	1.0000
49157	T	1.0000
49158	T	1.0000
49159	T	1.0000
49160	A	1.0000
49161	A	1.0000
49162	T	1.0000
49163	G	1.0000
49164	C	1.0000
49165	T	1.0000
49166	T	1.0000
49167	C	1.0000
49168	A	1.0000
49169	G	1.0000
49170	C	1.0000
49171	A	1.0000
49172	T	1.0000
49173	A	1.0000
49174	A	1.0000
49175	T	1.0000
49176	C	1.0000
49177	G	1.0000
49178	G	1.0000
49179	C	1.0000
49180	A	1.0000
49181	G	1.0000
49182	A	1.0000
49183	C	1.0000
49184	C	1.0000
49185	A	1.0000
49186	G	1.0000
49187	C	1.0000
49188	C	1.0000
49189	A	1.0000
49190	A	1.0000
49191	C	1.0000
49192	A	1.0000
49193	C	1.0000
49194	G	1.0000
49195	C	1.0000
49196	A	1.0000
49197	C	1.0000
49198	C	1.0000
49199	A	1.0000
49200	G	1.0000
49201	A	1.0000
49202	A	1.0000
49203	A	1.0000
49204	C	1.0000
49205	A	1.0000
49206	C	1.0000
49207	G	1.0000
49208	G	1.0000
49209	G	1.0000
49210	C	1.0000
49211	T	1.0000
49212	G	1.0000
49213	A	1.0000
49214	C	1.0000
49215	C	1.0000
49216	G	1.0000
49217	C	1.0000
49218	T	1.0000
49219	C	1.0000
49220	G	1.0000
49221	C	1.0000
49222	G	1.0000
49223	C	1.0000
49224	G	1.0000
49225	A	1.0000
49226	A	1.0000
49227	A	1.0000
49228	T	1.0000
49229	T	1.0000
49230	T	1.0000
49231	C	1.0000
49232	G	1.0000
49233	C	1.0000
49234	C	1.0000
49235	G	1.0000
49236	C	1.0000
49237	C	1.0000
49238	A	1.0000
49239	G	1.0000
49240	C	1.0000
49241	T	1.0000
49242	T	1.0000
49243	C	1.0000
49244	C	1.0000
49245	C	1.0000
49246	G	1.0000
49247	G	1.0000
49248	C	1.0000
49249	G	1.0000
49250	C	1.0000
49251	G	1.0000
49252	A	1.0000
49253	T	1.0000
49254	T	1.0000
49255	A	1.0000
49256	A	1.0000
49257	C	1.0000
49258	C	1.0000
49259	A	1.0000
49260	C	1.0000
49261	C	1.0000
49262	T	1.0000
49263	C	1.0000
49264	A	1.0000
49265	T	1.0000
49266	C	1.0000
49267	G	1.0000
49268	G	1.0000
49269	C	1.0000
49270	A	1.0000
49271	G	1.0000
49272	T	1.0000
49273	A	1.0000
49274	T	1.0000
49275	G	1.0000
49276	T	1.0000
49277	G	1.0000
49278	G	1.0000
49279	A	1.0000
49280	C	1.0000
49281	C	1.0000
49282	A	1.0000
49283	C	1.0000
49284	C	1.0000
49285	G	1.0000
49286	G	1.0000
49287	C	1.0000
49288	A	1.0000
49289	A	1.0000
49290	A	1.0000
49291	A	1.0000
49292	G	1.0000
49293	G	1.0000
49294	C	1.0000
49295	A	1.0000
49296	A	1.0000
49297	G	1.0000
49298	A	1.0000
49299	T	1.0000
49300	G	1.0000
49301	C	1.0000
49302	C	1.0000
49303	T	1.0000
49304	T	1.0000
49305	C	1.0000
49306	T	1.0000
49307	T	1.0000
49308	G	1.0000
49309	T	1.0000
49310	A	1.0000
49311	A	1.0000
49312	A	1.0000
49313	T	1.0000
49314	C	1.0000
49315	A	1.0000
49316	A	1.0000
49317	T	1.0000
49318	C	1.0000
49319	A	1.0000
49320	C	1.0000
49321	C	1.0000
49322	A	1.0000
49323	C	1.0000
49324	C	1.0000
49325	A	1.0000
49326	G	1.0000
49327	C	1.0000
49328	G	1.0000
49329	C	1.0000
49330	G	1.0000
49331	G	1.0000
49332	T	1.0000
49333	G	1.0000
49334	G	1.0000
49335	T	1.0000
49336	T	1.0000
49337	T	1.0000
49338	T	1.0000
49339	A	1.0000
49340	G	1.0000
49341	C	1.0000
49342	A	1.0000
49343	T	1.0000
49344	T	1.0000
49345	A	1.0000
49346	A	1.0000
49347	G	1.0000
49348	T	1.0000
49349	T	1.0000
49350	C	1.0000
49351	A	1.0000
49352	A	1.0000
49353	G	1.0000
49354	C	1.0000
49355	A	1.0000
49356	T	1.0000
49357	G	1.0000
49358	A	1.0000
49359	T	1.0000
49360	G	1.0000
49361	A	1.0000
49362	C	1.0000
49363	T	1.0000
49364	C	1.0000
49365	C	1.0000
49366	T	1.0000
49367	G	1.0000
49368	A	1.0000
49369	T	1.0000
49370	A	1.0000
49371	A	1.0000
49372	A	1.0000
49373	A	1.0000
49374	C	1.0000
49375	A	1.0000
49376	A	1.0000
49377	A	1.0000
49378	A	1.0000
49379	T	1.0000
49380	C	1.0000
49381	G	1.0000
49382	T	1.0000
49383	G	1.0000
49384	C	1.0000
49385	C	1.0000
49386	T	1.0000
49387	C	1.0000
49388	T	1.0000
49389	C	1.0000
49390	A	1.0000
49391	C	1.0000
49392	C	1.0000
49393	T	1.0000
49394	T	1.0000
49395	A	1.0000
49396	A	1.0000
49397	T	1.0000
49398	A	1.0000
49399	C	1.0000
49400	G	1.0000
49401	A	1.0000
49402	T	1.0000
49403	G	1.0000
49404	A	1.0000
49405	G	1.0000
49406	C	1.0000
49407	C	1.0000
49408	G	1.0000
49409	A	1.0000
49410	T	1.0000
49411	G	1.0000
49412	G	1.0000
49413	C	1.0000
49414	G	1.0000
49415	G	1.0000
49416	A	1.0000
49417	A	1.0000
49418	C	1.0000
49419	G	1.0000
49420	A	1.0000
49421	C	1.0000
49422	A	1.0000
49423	A	1.0000
49424	A	1.0000
49425	T	1.0000
49426	T	1.0000
49427	T	1.0000
49428	T	1.0000
49429	G	1.0000
49430	T	1.0000
49431	T	1.0000
49432	A	1.0000
49433	A	1.0000
49434	T	1.0000
49435	T	1.0000
49436	T	1.0000
49437	T	1.0000
49438	T	1.0000
49439	A	1.0000
49440	T	1.0000
49441	G	1.0000
49442	A	1.0000
49443	G	1.0000
49444	T	1.0000
49445	T	1.0000
49446	C	1.0000
49447	G	1.0000
49448	G	1.0000
49449	G	1.0000
49450	C	1.0000
49451	A	1.0000
49452	A	1.0000
49453	C	1.0000
49454	A	1.0000
49455	C	1.0000
49456	C	1.0000
49457	T	1.0000
49458	T	1.0000
49459	T	1.0000
49460	A	1.0000
49461	T	1.0000
49462	A	1.0000
49463	G	1.0000
49464	C	1.0000
49465	A	1.0000
49466	A	1.0000
49467	A	1.0000
49468	C	1.0000
49469	T	1.0000
49470	G	1.0000
49471	G	1.0000
49472	C	1.0000
49473	G	1.0000
49474	T	1.0000
49475	A	1.0000
49476	G	1.0000
49477	A	1.0000
49478	G	1.0000
49479	T	1.0000
49480	C	1.0000
49481	T	1.0000
49482	G	1.0000
49483	A	1.0000
49484	T	1.0000
49485	T	1.0000
49486	T	1.0000
49487	C	1.0000
49488	A	1.0000
49489	G	1.0000
49490	G	1.0000
49491	C	1.0000
49492	C	1.0000
49493	C	1.0000
49494	G	1.0000
49495	A	1.0000
49496	T	1.0000
49497	A	1.0000
49498	T	1.0000
49499	A	1.0000
49500	A	1.0000
49501	A	1.0000
49502	G	1.0000
49503	T	1.0000
49504	G	1.0000
49505	G	1.0000
49506	T	1.0000
49507	A	1.0000
49508	A	1.0000
49509	C	1.0000
49510	G	1.0000
49511	A	1.0000
49512	G	1.0000
49513	G	1.0000
49514	C	1.0000
49515	G	1.0000
49516	T	1.0000
49517	T	1.0000
49518	C	1.0000
49519	C	1.0000
49520	A	1.0000
49521	G	1.0000
49522	C	1.0000
49523	G	1.0000
49524	C	1.0000
49525	G	1.0000
49526	G	1.0000
49527	G	1.0000
49528	C	1.0000
49529	C	1.0000
49530	A	1.0000
49531	G	1.0000
49532	G	1.0000
49533	C	1.0000
49534	T	1.0000
49535	C	1.0000
49536	T	1.0000
49537	T	1.0000
49538	A	1.0000
49539	C	1.0000
49540	G	1.0000
49541	G	1.0000
49542	T	1.0000
49543	G	1.0000
49544	C	1.0000
49545	G	1.0000
49546	G	1.0000
49547	C	1.0000
49548	A	1.0000
49549	G	1.0000
49550	A	1.0000
49551	A	1.0000
49552	T	1.0000
49553	T	1.0000
49554	T	1.0000
49555	C	1.0000
49556	C	1.0000
49557	A	1.0000
49558	G	1.0000
49559	T	1.0000
49560	A	1.0000
49561	T	1.0000
49562	A	1.0000
49563	A	1.0000
49564	T	1.0000
49565	A	1.0000
49566	G	1.0000
49567	C	1.0000
49568	C	1.0000
49569	G	1.0000
49570	C	1.0000
49571	C	1.0000
49572	T	1.0000
49573	T	1.0000
49574	T	1.0000
49575	T	1.0000
49576	T	1.0000
49577	T	1.0000
49578	C	1.0000
49579	A	1.0000
49580	T	1.0000
49581	T	1.0000
49582	C	1.0000
49583	A	1.0000
49584	G	1.0000
49585	T	1.0000
49586	T	1.0000
49587	G	1.0000
49588	T	1.0000
49589	G	1.0000
49590	A	1.0000
49591	C	1.0000
49592	A	1.0000
49593	T	1.0000
49594	A	1.0000
49595	C	1.0000
49596	A	1.0000
49597	G	1.0000
49598	C	1.0000
49599	T	1.0000
49600	A	1.0000
49601	A	1.0000
49602	C	1.0000
49603	G	1.0000
49604	C	1.0000
49605	T	1.0000
49606	G	1.0000
49607	C	1.0000
49608	G	1.0000
49609	A	1.0000
49610	C	1.0000
49611	T	1.0000
49612	T	1.0000
49613	G	1.0000
49614	G	1.0000
49615	T	1.0000
49616	C	1.0000
49617	A	1.0000
49618	C	1.0000
49619	C	1.0000
49620	T	1.0000
49621	G	1.0000
49622	C	1.0000
49623	G	1.0000
49624	C	1.0000
49625	A	1.0000
49626	G	1.0000
49627	C	1.0000
49628	A	1.0000
49629	G	1.0000
49630	G	1.0000
49631	G	1.0000
49632	G	1.0000
49633	G	1.0000
49634	C	1.0000
49635	A	1.0000
49636	T	1.0000
49637	C	1.0000
49638	C	1.0000
49639	G	1.0000
49640	C	1.0000
49641	C	1.0000
49642	G	1.0000
49643	G	1.0000
49644	C	1.0000
49645	A	1.0000
49646	G	1.0000
49647	C	1.0000
49648	T	1.0000
49649	A	1.0000
49650	A	1.0000
49651	G	1.0000
49652	T	1.0000
49653	T	1.0000
49654	A	1.0000
49655	A	1.0000
49656	G	1.0000
49657	G	1.0000
49658	G	1.0000
49659	A	1.0000
49660	T	1.0000
49661	A	1.0000
49662	T	1.0000
49663	C	1.0000
49664	T	1.0000
49665	C	1.0000
49666	A	1.0000
49667	T	1.0000
49668	G	1.0000
49669	C	1.0000
49670	G	1.0000
49671	T	1.0000
49672	A	1.0000
49673	C	1.0000
49674	A	1.0000
49675	G	1.0000
49676	A	1.0000
49677	A	1.0000
49678	T	1.0000
49679	A	1.0000
49680	T	1.0000
49681	T	1.0000
49682	G	1.0000
49683	T	1.0000
49684	G	1.0000
49685	G	1.0000
49686	A	1.0000
49687	C	1.0000
49688	A	1.0000
49689	G	1.0000
49690	C	1.0000
49691	T	1.0000
49692	C	1.0000
49693	C	1.0000
49694	G	1.0000
49695	T	1.0000
49696	T	1.0000
49697	T	1.0000
49698	G	1.0000
49699	T	1.0000
49700	C	1.0000
49701	C	1.0000
49702	C	1.0000
49703	A	1.0000
49704	C	1.0000
49705	G	1.0000
49706	T	1.0000
49707	G	1.0000
49708	G	1.0000
49709	G	1.0000
49710	G	1.0000
49711	C	1.0000
49712	A	1.0000
49713	G	1.0000
49714	C	1.0000
49715	A	1.0000
49716	G	1.0000
49717	G	1.0000
49718	T	1.0000
49719	G	1.0000
49720	A	1.0000
49721	C	1.0000
49722	T	1.0000
49723	C	1.0000
49724	T	1.0000
49725	G	1.0000
49726	T	1.0000
49727	G	1.0000
49728	T	1.0000
49729	G	1.0000
49730	G	1.0000
49731	T	1.0000
49732	T	1.0000
49733	G	1.0000
49734	G	1.0000
49735	G	1.0000
49736	T	1.0000
49737	C	1.0000
49738	A	1.0000
49739	A	1.0000
49740	C	1.0000
49741	C	1.0000
49742	G	1.0000
49743	T	1.0000
49744	C	1.0000
49745	G	1.0000
49746	T	1.0000
49747	C	1.0000
49748	G	1.0000
49749	T	1.0000
49750	G	1.0000
49751	A	1.0000
49752	T	1.0000
49753	C	1.0000
49754	T	1.0000
49755	T	1.0000
49756	G	1.0000
49757	G	1.0000
49758	T	1.0000
49759	A	1.0000
49760	G	1.0000
49761	C	1.0000
49762	C	1.0000
49763	T	1.0000
49764	G	1.0000
49765	A	1.0000
49766	T	1.0000
49767	C	1.0000
49768	T	1.0000
49769	T	1.0000
49770	C	1.0000
49771	A	1.0000
49772	T	1.0000
49773	C	1.0000
49774	G	1.0000
49775	A	1.0000
49776	T	1.0000
49777	A	1.0000
49778	T	1.0000
49779	G	1.0000
49780	C	1.0000
49781	G	1.0000
49782	C	1.0000
49783	G	1.0000
49784	A	1.0000
49785	C	1.0000
49786	C	1.0000
49787	G	1.0000
49788	C	1.0000
49789	G	1.0000
49790	A	1.0000
49791	A	1.0000
49792	G	1.0000
49793	G	1.0000
49794	T	1.0000
49795	A	1.0000
49796	T	1.0000
49797	C	1.0000
49798	G	1.0000
49799	T	1.0000
49800	G	1.0000
49801	C	1.0000
49802	A	1.0000
49803	G	1.0000
49804	G	1.0000
49805	T	1.0000
49806	A	1.0000
49807	T	1.0000
49808	T	1.0000
49809	T	1.0000
49810	T	1.0000
49811	T	1.0000
49812	C	1.0000
49813	G	1.0000
49814	A	1.0000
49815	T	1.0000
49816	C	1.0000
49817	C	1.0000
49818	G	1.0000
49819	G	1.0000
49820	A	1.0000
49821	T	1.0000
49822	C	1.0000
49823	G	1.0000
49824	T	1.0000
49825	G	1.0000
49826	C	1.0000
49827	G	1.0000
49828	G	1.0000
49829	A	1.0000
49830	C	1.0000
49831	G	1.0000
49832	C	1.0000
49833	G	1.0000
49834	T	1.0000
49835	T	1.0000
49836	A	1.0000
49837	A	1.0000
49838	A	1.0000
49839	G	1.0000
49840	C	1.0000
49841	T	1.0000
49842	G	1.0000
49843	G	1.0000
49844	C	1.0000
49845	C	1.0000
49846	T	1.0000
49847	C	1.0000
49848	T	1.0000
49849	G	1.0000
49850	A	1.0000
49851	A	1.0000
49852	C	1.0000
49853	T	1.0000
49854	G	1.0000
49855	C	1.0000
49856	G	1.0000
49857	T	1.0000
49858	A	1.0000
49859	A	1.0000
49860	T	1.0000
49861	G	1.0000
49862	A	1.0000
49863	G	1.0000
49864	T	1.0000
49865	T	1.0000
49866	C	1.0000
49867	T	1.0000
49868	G	1.0000
49869	C	1.0000
49870	A	1.0000
49871	T	1.0000
49872	T	1.0000
49873	C	1.0000
49874	A	1.0000
49875	G	1.0000
49876	G	1.0000
49877	T	1.0000
49878	C	1.0000
49879	A	1.0000
49880	C	1.0000
49881	G	1.0000
49882	G	1.0000
49883	G	1.0000
49884	C	1.0000
49885	A	1.0000
49886	C	1.0000
49887	C	1.0000
49888	G	1.0000
49889	T	1.0000
49890	A	1.0000
49891	C	1.0000
49892	G	1.0000
49893	T	1.0000
49894	G	1.0000
49895	C	1.0000
49896	G	1.0000
49897	C	1.0000
49898	G	1.0000
49899	T	1.0000
49900	G	1.0000
49901	A	1.0000
49902	C	1.0000
49903	G	1.0000
49904	A	1.0000
49905	A	1.0000
49906	A	1.0000
49907	A	1.0000
49908	A	1.0000
49909	A	1.0000
49910	A	1.0000
49911	T	1.0000
49912	A	1.0000
49913	T	1.0000
49914	T	1.0000
49915	A	1.0000
49916	A	1.0000
49917	C	1.0000
49918	C	1.0000
49919	G	1.0000
49920	C	1.0000
49921	G	1.0000
49922	A	1.0000
49923	T	1.0000
49924	A	1.0000
49925	T	1.0000
49926	G	1.0000
49927	G	1.0000
49928	C	1.0000
49929	G	1.0000
49930	A	1.0000
49931	C	1.0000
49932	T	1.0000
49933	G	1.0000
49934	G	1.0000
49935	C	1.0000
49936	G	1.0000
49937	A	1.0000
49938	A	1.0000
49939	A	1.0000
49940	T	1.0000
49941	C	1.0000
49942	G	1.0000
49943	A	1.0000
49944	A	1.0000
49945	G	1.0000
49946	T	1.0000
49947	A	1.0000
49948	C	1.0000
49949	T	1.0000
49950	G	1.0000
49951	G	1.0000
49952	C	1.0000
49953	G	1.0000
49954	T	1.0000
49955	C	1.0000
49956	C	1.0000
49957	T	1.0000
49958	C	1.0000
49959	G	1.0000
49960	C	1.0000
49961	T	1.0000
49962	G	1.0000
49963	A	1.0000
49964	C	1.0000
49965	T	1.0000
49966	A	1.0000
49967	T	1.0000
49968	C	1.0000
49969	A	1.0000
49970	T	1.0000
49971	C	1.0000
49972	A	1.0000
49973	A	1.0000
49974	C	1.0000
49975	C	1.0000
49976	G	1.0000
49977	T	1.0000
49978	G	1.0000
49979	C	1.0000
49980	A	1.0000
49981	G	1.0000
49982	A	1.0000
49983	T	1.0000
49984	G	1.0000
49985	T	1.0000
49986	T	1.0000
49987	C	1.0000
49988	T	1.0000
49989	G	1.0000
49990	C	1.0000
49991	C	1.0000
49992	G	1.0000
49993	C	1.0000
49994	T	1.0000
49995	T	1.0000
49996	G	1.0000
49997	A	1.0000
49998	C	1.0000
49999	T	1.0000
50000	C	1.0000
50001	T	1.0000
50002	A	1.0000
50003	A	1.0000
50004	C	1.0000
50005	C	1.0000
50006	A	1.0000
50007	C	1.0000
50008	G	1.0000
50009	T	1.0000
50010	C	1.0000
50011	A	1.0000
50012	A	1.0000
50013	C	1.0000
50014	A	1.0000
50015	C	1.0000
50016	C	1.0000
50017	G	1.0000
50018	A	1.0000
50019	A	1.0000
50020	G	1.0000
50021	A	1.0000
50022	A	1.0000
50023	G	1.0000
50024	C	1.0000
50025	G	1.0000
50026	C	1.0000
50027	G	1.0000
50028	T	1.0000
50029	C	1.0000
50030	T	1.0000
50031	G	1.0000
50032	A	1.0000
50033	A	1.0000
50034	A	1.0000
50035	T	1.0000
50036	A	1.0000
50037	C	1.0000
50038	C	1.0000
50039	G	1.0000
50040	C	1.0000
50041	T	1.0000
50042	A	1.0000
50043	C	1.0000
50044	C	1.0000
50045	T	1.0000
50046	C	1.0000
50047	G	1.0000
50048	A	1.0000
50049	C	1.0000
50050	C	1.0000
50051	T	1.0000
50052	G	1.0000
50053	C	1.0000
50054	G	1.0000
50055	T	1.0000
50056	C	1.0000
50057	G	1.0000
50058	C	1.0000
50059	C	1.0000
50060	C	1.0000
50061	G	1.0000
50062	G	1.0000
50063	A	1.0000
50064	A	1.0000
50065	A	1.0000
50066	T	1.0000
50067	G	1.0000
50068	G	1.0000
50069	C	1.0000
50070	T	1.0000
50071	C	1.0000
50072	A	1.0000
50073	G	1.0000
50074	C	1.0000
50075	G	1.0000
50076	C	1.0000
50077	C	1.0000
50078	T	1.0000
50079	G	1.0000
50080	A	1.0000
50081	A	1.0000
50082	A	1.0000
50083	A	1.0000
50084	C	1.0000
50085	C	1.0000
50086	C	1.0000
50087	G	1.0000
50088	C	1.0000
50089	G	1.0000
50090	C	1.0000
50091	T	1.0000
50092	A	1.0000
50093	A	1.0000
50094	A	1.0000
50095	A	1.0000
50096	T	1.0000
50097	C	1.0000
50098	A	1.0000
50099	C	1.0000
50100	C	1.0000
50101	A	1.0000
50102	G	1.0000
50103	C	1.0000
50104	C	1.0000
50105	T	1.0000
50106	G	1.0000
50107	G	1.0000
50108	T	1.0000
50109	G	1.0000
50110	C	1.0000
50111	G	1.0000
50112	C	1.0000
50113	C	1.0000
50114	G	1.0000
50115	T	1.0000
50116	T	1.0000
50117	T	1.0000
50118	T	1.0000
50119	A	1.0000
50120	T	1.0000
50121	G	1.0000
50122	G	1.0000
50123	A	1.0000
50124	T	1.0000
50125	G	1.0000
50126	A	1.0000
50127	C	1.0000
50128	C	1.0000
50129	A	1.0000
50130	C	1.0000
50131	G	1.0000
50132	G	1.0000
50133	C	1.0000
50134	T	1.0000
50135	T	1.0000
50136	C	1.0000
50137	C	1.0000
50138	T	1.0000
50139	C	1.0000
50140	G	1.0000
50141	A	1.0000
50142	C	1.0000
50143	A	1.0000
50144	T	1.0000
50145	C	1.0000
50146	G	1.0000
50147	A	1.0000
50148	A	1.0000
50149	A	1.0000
50150	C	1.0000
50151	T	1.0000
50152	C	1.0000
50153	C	1.0000
50154	G	1.0000
50155	A	1.0000
50156	T	1.0000
50157	G	1.0000
50158	C	1.0000
50159	T	1.0000
50160	G	1.0000
50161	A	1.0000
50162	C	1.0000
50163	C	1.0000
50164	A	1.0000
50165	A	1.0000
50166	A	1.0000
50167	G	1.0000
50168	C	1.0000
50169	C	1.0000
50170	A	1.0000
50171	C	1.0000
50172	G	1.0000
50173	C	1.0000
50174	C	1.0000
50175	G	1.0000
50176	G	1.0000
50177	A	1.0000
50178	A	1.0000
50179	G	1.0000
50180	G	1.0000
50181	C	1.0000
50182	G	1.0000
50183	C	1.0000
50184	G	1.0000
50185	C	1.0000
50186	G	1.0000
50187	T	1.0000
50188	G	1.0000
50189	A	1.0000
50190	C	1.0000
50191	T	1.0000
50192	A	1.0000
50193	C	1.0000
50194	C	1.0000
50195	T	1.0000
50196	G	1.0000
50197	G	1.0000
50198	T	1.0000
50199	G	1.0000
50200	C	1.0000
50201	C	1.0000
50202	T	1.0000
50203	T	1.0000
50204	C	1.0000
50205	T	1.0000
50206	C	1.0000
50207	G	1.0000
50208	T	1.0000
50209	G	1.0000
50210	T	1.0000
50211	G	1.0000
50212	C	1.0000
50213	A	1.0000
50214	C	1.0000
50215	A	1.0000
50216	A	1.0000
50217	A	1.0000
50218	G	1.0000
50219	G	1.0000
50220	T	1.0000
50221	A	1.0000
50222	A	1.0000
50223	A	1.0000
50224	T	1.0000
50225	T	1.0000
50226	C	1.0000
50227	T	1.0000
50228	A	1.0000
50229	C	1.0000
50230	G	1.0000
50231	C	1.0000
50232	A	1.0000
50233	C	1.0000
50234	T	1.0000
50235	G	1.0000
50236	C	1.0000
50237	C	1.0000
50238	G	1.0000
50239	C	1.0000
50240	A	1.0000
50241	A	1.0000
50242	T	1.0000
50243	C	1.0000
50244	C	1.0000
50245	C	1.0000
50246	C	1.0000
50247	A	1.0000
50248	C	1.0000
50249	A	1.0000
50250	G	1.0000
50251	T	1.0000
50252	T	1.0000
50253	G	1.0000
50254	T	1.0000
50255	T	1.0000
50256	C	1.0000
50257	A	1.0000
50258	A	1.0000
50259	A	1.0000
50260	C	1.0000
50261	A	1.0000
50262	G	1.0000
50263	C	1.0000
50264	T	1.0000
50265	G	1.0000
50266	C	1.0000
50267	T	1.0000
50268	G	1.0000
50269	A	1.0000
50270	T	1.0000
50271	G	1.0000
50272	A	1.0000
50273	T	1.0000
50274	G	1.0000
50275	T	1.0000
50276	C	1.0000
50277	C	1.0000
50278	G	1.0000
50279	G	1.0000
50280	C	1.0000
50281	T	1.0000
50282	T	1.0000
50283	T	1.0000
50284	G	1.0000
50285	A	1.0000
50286	C	1.0000
50287	C	1.0000
50288	G	1.0000
50289	C	1.0000
50290	T	1.0000
50291	A	1.0000
50292	C	1.0000
50293	T	1.0000
50294	A	1.0000
50295	T	1.0000
50296	C	1.0000
50297	A	1.0000
50298	G	1.0000
50299	A	1.0000
50300	T	1.0000
50301	C	1.0000
50302	G	1.0000
50303	T	1.0000
50304	T	1.0000
50305	A	1.0000
50306	A	1.0000
50307	A	1.0000
50308	T	1.0000
50309	G	1.0000
50310	C	1.0000
50311	T	1.0000
50312	T	1.0000
50313	C	1.0000
50314	C	1.0000
50315	G	1.0000
50316	T	1.0000
50317	G	1.0000
50318	A	1.0000
50319	C	1.0000
50320	G	1.0000
50321	A	1.0000
50322	A	1.0000
50323	G	1.0000
50324	A	1.0000
50325	C	1.0000
50326	C	1.0000
50327	T	1.0000
50328	G	1.0000
50329	C	1.0000
50330	G	1.0000
50331	T	1.0000
50332	G	1.0000
50333	C	1.0000
50334	T	1.0000
50335	G	1.0000
50336	A	1.0000
50337	C	1.0000
50338	C	1.0000
50339	G	1.0000
50340	T	1.0000
50341	C	1.0000
50342	A	1.0000
50343	G	1.0000
50344	C	1.0000
50345	C	1.0000
50346	T	1.0000
50347	G	1.0000
50348	A	1.0000
50349	A	1.0000
50350	T	1.0000
50351	T	1.0000
50352	T	1.0000
50353	A	1.0000
50354	C	1.0000
50355	T	1.0000
50356	C	1.0000
50357	A	1.0000
50358	G	1.0000
50359	A	1.0000
50360	T	1.0000
50361	C	1.0000
50362	G	1.0000
50363	A	1.0000
50364	T	1.0000
50365	G	1.0000
50366	T	1.0000
50367	G	1.0000
50368	G	1.0000
50369	A	1.0000
50370	A	1.0000
50371	A	1.0000
50372	C	1.0000
50373	T	1.0000
50374	T	1.0000
50375	C	1.0000
50376	T	1.0000
50377	T	1.0000
50378	T	1.0000
50379	C	1.0000
50380	A	1.0000
50381	T	1.0000
50382	G	1.0000
50383	A	1.0000
50384	C	1.0000
50385	C	1.0000
50386	G	1.0000
50387	C	1.0000
50388	G	1.0000
50389	C	1.0000
50390	C	1.0000
50391	G	1.0000
50392	C	1.0000
50393	A	1.0000
50394	A	1.0000
50395	G	1.0000
50396	T	1.0000
50397	G	1.0000
50398	C	1.0000
50399	G	1.0000
50400	T	1.0000
50401	G	1.0000
50402	A	1.0000
50403	A	1.0000
50404	G	1.0000
50405	T	1.0000
50406	G	1.0000
50407	A	1.0000
50408	T	1.0000
50409	G	1.0000
50410	G	1.0000
50411	A	1.0000
50412	A	1.0000
50413	G	1.0000
50414	C	1.0000
50415	G	1.0000
50416	C	1.0000
50417	T	1.0000
50418	G	1.0000
50419	G	1.0000
50420	T	1.0000
50421	G	1.0000
50422	C	1.0000
50423	G	1.0000
50424	T	1.0000
50425	C	1.0000
50426	A	1.0000
50427	T	1.0000
50428	C	1.0000
50429	T	1.0000
50430	G	1.0000
50431	T	1.0000
50432	G	1.0000
50433	G	1.0000
50434	C	1.0000
50435	T	1.0000
50436	G	1.0000
50437	G	1.0000
50438	A	1.0000
50439	A	1.0000
50440	G	1.0000
50441	T	1.0000
50442	G	1.0000
50443	A	1.0000
50444	A	1.0000
50445	G	1.0000
50446	G	1.0000
50447	G	1.0000
50448	C	1.0000
50449	G	1.0000
50450	T	1.0000
50451	G	1.0000
50452	G	1.0000
50453	A	1.0000
50454	T	1.0000
50455	C	1.0000
50456	T	1.0000
50457	G	1.0000
50458	G	1.0000
50459	G	1.0000
50460	C	1.0000
50461	G	1.0000
50462	A	1.0000
50463	T	1.0000
50464	T	1.0000
50465	T	1.0000
50466	C	1.0000
50467	C	1.0000
50468	C	1.0000
50469	G	1.0000
50470	G	1.0000
50471	T	1.0000
50472	A	1.0000
50473	A	1.0000
50474	T	1.0000
50475	G	1.0000
50476	A	1.0000
50477	C	1.0000
50478	C	1.0000
50479	T	1.0000
50480	T	1.0000
50481	T	1.0000
50482	G	1.0000
50483	C	1.0000
50484	A	1.0000
50485	G	1.0000
50486	A	1.0000
50487	A	1.0000
50488	G	1.0000
50489	C	1.0000
50490	A	1.0000
50491	G	1.0000
50492	A	1.0000
50493	A	1.0000
50494	C	1.0000
50495	G	1.0000
50496	C	1.0000
50497	C	1.0000
50498	G	1.0000
50499	T	1.0000
50500	T	1.0000
50501	A	1.0000
50502	T	1.0000
50503	G	1.0000
50504	G	1.0000
50505	T	1.0000
50506	T	1.0000
50507	C	1.0000
50508	T	1.0000
50509	G	1.0000
50510	A	1.0000
50511	T	1.0000
50512	A	1.0000
50513	A	1.0000
50514	A	1.0000
50515	C	1.0000
50516	C	1.0000
50517	A	1.0000
50518	G	1.0000
50519	A	1.0000
50520	T	1.0000
50521	C	1.0000
50522	T	1.0000
50523	A	1.0000
50524	C	1.0000
50525	G	1.0000
50526	T	1.0000
50527	A	1.0000
50528	A	1.0000
50529	C	1.0000
50530	C	1.0000
50531	C	1.0000
50532	G	1.0000
50533	A	1.0000
50534	T	1.0000
50535	G	1.0000
50536	G	1.0000
50537	A	1.0000
50538	A	1.0000
50539	C	1.0000
50540	T	1.0000
50541	G	1.0000
50542	A	1.0000
50543	C	1.0000
50544	C	1.0000
50545	G	1.0000
50546	A	1.0000
50547	C	1.0000
50548	G	1.0000
50549	T	1.0000
50550	T	1.0000
50551	G	1.0000
50552	C	1.0000
50553	C	1.0000
50554	G	1.0000
50555	A	1.0000
50556	T	1.0000
50557	C	1.0000
50558	T	1.0000
50559	G	1.0000
50560	C	1.0000
50561	T	1.0000
50562	G	1.0000
50563	A	1.0000
50564	A	1.0000
50565	A	1.0000
50566	T	1.0000
50567	C	1.0000
50568	T	1.0000
50569	G	1.0000
50570	T	1.0000
50571	T	1.0000
50572	G	1.0000
50573	A	1.0000
50574	G	1.0000
50575	T	1.0000
50576	T	1.0000
50577	T	1.0000
50578	G	1.0000
50579	C	1.0000
50580	A	1.0000
50581	G	1.0000
50582	T	1.0000
50583	A	1.0000
50584	T	1.0000
50585	T	1.0000
50586	T	1.0000
50587	G	1.0000
50588	C	1.0000
50589	A	1.0000
50590	G	1.0000
50591	G	1.0000
50592	T	1.0000
50593	C	1.0000
50594	C	1.0000
50595	G	1.0000
50596	G	1.0000
50597	C	1.0000
50598	G	1.0000
50599	A	1.0000
50600	A	1.0000
50601	C	1.0000
50602	G	1.0000
50603	A	1.0000
50604	T	1.0000
50605	C	1.0000
50606	C	1.0000
50607	G	1.0000
50608	A	1.0000
50609	A	1.0000
50610	A	1.0000
50611	G	1.0000
50612	G	1.0000
50613	C	1.0000
50614	C	1.0000
50615	G	1.0000
50616	T	1.0000
50617	G	1.0000
50618	T	1.0000
50619	T	1.0000
50620	G	1.0000
50621	C	1.0000
50622	C	1.0000
50623	G	1.0000
50624	C	1.0000
50625	T	1.0000
50626	C	1.0000
50627	T	1.0000
50628	G	1.0000
50629	C	1.0000
50630	G	1.0000
50631	T	1.0000
50632	G	1.0000
50633	T	1.0000
50634	T	1.0000
50635	C	1.0000
50636	C	1.0000
50637	G	1.0000
50638	G	1.0000
50639	G	1.0000
50640	C	1.0000
50641	G	1.0000
50642	G	1.0000
50643	C	1.0000
50644	G	1.0000
50645	C	1.0000
50646	A	1.0000
50647	T	1.0000
50648	C	1.0000
50649	G	1.0000
50650	T	1.0000
50651	T	1.0000
50652	G	1.0000
50653	A	1.0000
50654	C	1.0000
50655	C	1.0000
50656	C	1.0000
50657	G	1.0000
50658	T	1.0000
50659	A	1.0000
50660	A	1.0000
50661	G	1.0000
50662	C	1.0000
50663	A	1.0000
50664	G	1.0000
50665	A	1.0000
50666	T	1.0000
50667	C	1.0000
50668	G	1.0000
50669	A	1.0000
50670	C	1.0000
50671	G	1.0000
50672	A	1.0000
50673	A	1.0000
50674	T	1.0000
50675	A	1.0000
50676	C	1.0000
50677	G	1.0000
50678	G	1.0000
50679	T	1.0000
50680	A	1.0000
50681	A	1.0000
50682	C	1.0000
50683	T	1.0000
50684	T	1.0000
50685	C	1.0000
50686	G	1.0000
50687	T	1.0000
50688	T	1.0000
50689	A	1.0000
50690	A	1.0000
50691	A	1.0000
50692	A	1.0000
50693	T	1.0000
50694	C	1.0000
50695	T	1.0000
50696	A	1.0000
50697	C	1.0000
50698	G	1.0000
50699	G	1.0000
50700	C	1.0000
50701	G	1.0000
50702	C	1.0000
50703	G	1.0000
50704	A	1.0000
50705	A	1.0000
50706	A	1.0000
50707	G	1.0000
50708	G	1.0000
50709	T	1.0000
50710	C	1.0000
50711	T	1.0000
50712	G	1.0000
50713	G	1.0000
50714	C	1.0000
50715	T	1.0000
50716	T	1.0000
50717	A	1.0000
50718	C	1.0000
50719	A	1.0000
50720	T	1.0000
50721	C	1.0000
50722	A	1.0000
50723	A	1.0000
50724	A	1.0000
50725	G	1.0000
50726	T	1.0000
50727	T	1.0000
50728	A	1.0000
50729	A	1.0000
50730	C	1.0000
50731	G	1.0000
50732	A	1.0000
50733	A	1.0000
50734	C	1.0000
50735	G	1.0000
50736	C	1.0000
50737	G	1.0000
50738	C	1.0000
50739	G	1.0000
50740	A	1.0000
50741	A	1.0000
50742	A	1.0000
50743	G	1.0000
50744	G	1.0000
50745	T	1.0000
50746	C	1.0000
50747	T	1.0000
50748	G	1.0000
50749	G	1.0000
50750	A	1.0000
50751	A	1.0000
50752	G	1.0000
50753	G	1.0000
50754	T	1.0000
50755	A	1.0000
50756	T	1.0000
50757	C	1.0000
50758	A	1.0000
50759	A	1.0000
50760	C	1.0000
50761	A	1.0000
50762	G	1.0000
50763	C	1.0000
50764	C	1.0000
50765	C	1.0000
50766	G	1.0000
50767	G	1.0000
50768	T	1.0000
50769	A	1.0000
50770	G	1.0000
50771	C	1.0000
50772	G	1.0000
50773	A	1.0000
50774	A	1.0000
50775	G	1.0000
50776	T	1.0000
50777	T	1.0000
50778	C	1.0000
50779	C	1.0000
50780	T	1.0000
50781	T	1.0000
50782	A	1.0000
50783	A	1.0000
50784	T	1.0000
50785	G	1.0000
50786	C	1.0000
50787	A	1.0000
50788	G	1.0000
50789	A	1.0000
50790	A	1.0000
50791	A	1.0000
50792	T	1.0000
50793	C	1.0000
50794	A	1.0000
50795	T	1.0000
50796	C	1.0000
50797	G	1.0000
50798	A	1.0000
50799	A	1.0000
50800	G	1.0000
50801	C	1.0000
50802	C	1.0000
50803	A	1.0000
50804	T	1.0000
50805	C	1.0000
50806	C	1.0000
50807	T	1.0000
50808	G	1.0000
50809	G	1.0000
50810	A	1.0000
50811	G	1.0000
50812	C	1.0000
50813	G	1.0000
50814	T	1.0000
50815	A	1.0000
50816	C	1.0000
50817	T	1.0000
50818	G	1.0000
50819	G	1.0000
50820	C	1.0000
50821	G	1.0000
50822	C	1.0000
50823	G	1.0000
50824	C	1.0000
50825	A	1.0000
50826	A	1.0000
50827	G	1.0000
50828	A	1.0000
50829	T	1.0000
50830	G	1.0000
50831	G	1.0000
50832	C	1.0000
50833	G	1.0000
50834	A	1.0000
50835	T	1.0000
50836	A	1.0000
50837	T	1.0000
50838	G	1.0000
50839	A	1.0000
50840	T	1.0000
50841	T	1.0000
50842	T	1.0000
50843	T	1.0000
50844	C	1.0000
50845	T	1.0000
50846	T	1.0000
50847	C	1.0000
50848	G	1.0000
50849	G	1.0000
50850	T	1.0000
50851	G	1.0000
50852	C	1.0000
50853	C	1.0000
50854	G	1.0000
50855	A	1.0000
50856	C	1.0000
50857	A	1.0000
50858	A	1.0000
50859	C	1.0000
50860	A	1.0000
50861	A	1.0000
50862	G	1.0000
50863	A	1.0000
50864	A	1.0000
50865	A	1.0000
50866	A	1.0000
50867	T	1.0000
50868	T	1.0000
50869	G	1.0000
50870	T	1.0000
50871	T	1.0000
50872	G	1.0000
50873	C	1.0000
50874	C	1.0000
50875	G	1.0000
50876	A	1.0000
50877	C	1.0000
50878	G	1.0000
50879	C	1.0000
50880	G	1.0000
50881	A	1.0000
50882	T	1.0000
50883	G	1.0000
50884	G	1.0000
50885	G	1.0000
50886	C	1.0000
50887	T	1.0000
50888	C	1.0000
50889	A	1.0000
50890	C	1.0000
50891	T	1.0000
50892	G	1.0000
50893	C	1.0000
50894	G	1.0000
50895	C	1.0000
50896	C	1.0000
50897	T	1.0000
50898	G	1.0000
50899	A	1.0000
50900	A	1.0000
50901	A	1.0000
50902	G	1.0000
50903	T	1.0000
50904	G	1.0000
50905	G	1.0000
50906	G	1.0000
50907	T	1.0000
50908	A	1.0000
50909	A	1.0000
50910	A	1.0000
50911	G	1.0000
50912	A	1.0000
50913	C	1.0000
50914	C	1.0000
50915	T	1.0000
50916	T	1.0000
50917	G	1.0000
50918	G	1.0000
50919	T	1.0000
50920	C	1.0000
50921	T	1.0000
50922	G	1.0000
50923	A	1.0000
50924	C	1.0000
50925	C	1.0000
50926	G	1.0000
50927	A	1.0000
50928	C	1.0000
50929	G	1.0000
50930	A	1.0000
50931	A	1.0000
50932	A	1.0000
50933	G	1.0000
50934	C	1.0000
50935	A	1.0000
50936	A	1.0000
50937	A	1.0000
50938	T	1.0000
50939	G	1.0000
50940	G	1.0000
50941	G	1.0000
50942	C	1.0000
50943	A	1.0000
50944	C	1.0000
50945	C	1.0000
50946	G	1.0000
50947	C	1.0000
50948	T	1.0000
50949	G	1.0000
50950	T	1.0000
50951	G	1.0000
50952	G	1.0000
50953	G	1.0000
50954	T	1.0000
50955	T	1.0000
50956	A	1.0000
50957	T	1.0000
50958	C	1.0000
50959	G	1.0000
50960	A	1.0000
50961	C	1.0000
50962	T	1.0000
50963	T	1.0000
50964	C	1.0000
50965	C	1.0000
50966	C	1.0000
50967	G	1.0000
50968	A	1.0000
50969	T	1.0000
50970	G	1.0000
50971	T	1.0000
50972	T	1.0000
50973	T	1.0000
50974	G	1.0000
50975	A	1.0000
50976	A	1.0000
50977	G	1.0000
50978	A	1.0000
50979	C	1.0000
50980	G	1.0000
50981	A	1.0000
50982	C	1.0000
50983	G	1.0000
50984	G	1.0000
50985	T	1.0000
50986	G	1.0000
50987	A	1.0000
50988	A	1.0000
50989	G	1.0000
50990	G	1.0000
50991	C	1.0000
50992	G	1.0000
50993	G	1.0000
50994	C	1.0000
50995	C	1.0000
50996	T	1.0000
50997	G	1.0000
50998	A	1.0000
50999	C	1.0000
51000	A	1.0000
51001	G	1.0000
51002	C	1.0000
51003	A	1.0000
51004	A	1.0000
51005	T	1.0000
51006	G	1.0000
51007	C	1.0000
51008	A	1.0000
51009	C	1.0000
51010	C	1.0000
51011	A	1.0000
51012	T	1.0000
51013	C	1.0000
51014	C	1.0000
51015	G	1.0000
51016	T	1.0000
51017	T	1.0000
51018	C	1.0000
51019	A	1.0000
51020	C	1.0000
51021	C	1.0000
51022	T	1.0000
51023	C	1.0000
51024	A	1.0000
51025	C	1.0000
51026	C	1.0000
51027	G	1.0000
51028	A	1.0000
51029	A	1.0000
51030	A	1.0000
51031	G	1.0000
51032	A	1.0000
51033	C	1.0000
51034	A	1.0000
51035	T	1.0000
51036	G	1.0000
51037	A	1.0000
51038	C	1.0000
51039	G	1.0000
51040	G	1.0000
51041	C	1.0000
51042	A	1.0000
51043	G	1.0000
51044	C	1.0000
51045	A	1.0000
51046	G	1.0000
51047	A	1.0000
51048	A	1.0000
51049	C	1.0000
51050	T	1.0000
51051	G	1.0000
51052	A	1.0000
51053	A	1.0000
51054	A	1.0000
51055	G	1.0000
51056	C	1.0000
51057	T	1.0000
51058	G	1.0000
51059	C	1.0000
51060	A	1.0000
51061	C	1.0000
51062	C	1.0000
51063	G	1.0000
51064	G	1.0000
51065	A	1.0000
51066	A	1.0000
51067	A	1.0000
51068	A	1.0000
51069	T	1.0000
51070	G	1.0000
51071	C	1.0000
51072	G	1.0000
51073	G	1.0000
51074	T	1.0000
51075	G	1.0000
51076	G	1.0000
51077	C	1.0000
51078	T	1.0000
51079	A	1.0000
51080	A	1.0000
51081	C	1.0000
51082	G	1.0000
51083	C	1.0000
51084	T	1.0000
51085	T	1.0000
51086	A	1.0000
51087	C	1.0000
51088	G	1.0000
51089	A	1.0000
51090	T	1.0000
51091	A	1.0000
51092	T	1.0000
51093	G	1.0000
51094	G	1.0000
51095	T	1.0000
51096	C	1.0000
51097	A	1.0000
51098	T	1.0000
51099	C	1.0000
51100	A	1.0000
51101	A	1.0000
51102	T	1.0000
51103	G	1.0000
51104	G	1.0000
51105	T	1.0000
51106	T	1.0000
51107	A	1.0000
51108	C	1.0000
51109	G	1.0000
51110	A	1.0000
51111	A	1.0000
51112	G	1.0000
51113	T	1.0000
51114	G	1.0000
51115	G	1.0000
51116	G	1.0000
51117	C	1.0000
51118	G	1.0000
51119	G	1.0000
51120	T	1.0000
51121	G	1.0000
51122	G	1.0000
51123	T	1.0000
51124	T	1.0000
51125	C	1.0000
51126	T	1.0000
51127	G	1.0000
51128	T	1.0000
51129	G	1.0000
51130	C	1.0000
51131	G	1.0000
51132	T	1.0000
51133	A	1.0000
51134	T	1.0000
51135	C	1.0000
51136	C	1.0000
51137	A	1.0000
51138	T	1.0000
51139	A	1.0000
51140	A	1.0000
51141	T	1.0000
51142	G	1.0000
51143	G	1.0000
51144	T	1.0000
51145	G	1.0000
51146	A	1.0000
51147	T	1.0000
51148	A	1.0000
51149	T	1.0000
51150	G	1.0000
51151	C	1.0000
51152	A	1.0000
51153	G	1.0000
51154	C	1.0000
51155	A	1.0000
51156	G	1.0000
51157	A	1.0000
51158	C	1.0000
51159	G	1.0000
51160	G	1.0000
51161	T	1.0000
51162	G	1.0000
51163	T	1.0000
51164	T	1.0000
51165	T	1.0000
51166	G	1.0000
51167	G	1.0000
51168	T	1.0000
51169	A	1.0000
51170	T	1.0000
51171	T	1.0000
51172	C	1.0000
51173	T	1.0000
51174	G	1.0000
51175	G	1.0000
51176	G	1.0000
51177	T	1.0000
51178	A	1.0000
51179	T	1.0000
51180	C	1.0000
51181	A	1.0000
51182	A	1.0000
51183	C	1.0000
51184	G	1.0000
51185	A	1.0000
51186	A	1.0000
51187	G	1.0000
51188	A	1.0000
51189	G	1.0000
51190	G	1.0000
51191	A	1.0000
51192	A	1.0000
51193	C	1.0000
51194	A	1.0000
51195	G	1.0000
51196	C	1.0000
51197	G	1.0000
51198	C	1.0000
51199	G	1.0000
51200	A	1.0000
51201	G	1.0000
51202	A	1.0000
51203	A	1.0000
51204	A	1.0000
51205	T	1.0000
51206	T	1.0000
51207	C	1.0000
51208	G	1.0000
51209	G	1.0000
51210	C	1.0000
51211	T	1.0000
51212	T	1.0000
51213	C	1.0000
51214	C	1.0000
51215	T	1.0000
51216	G	1.0000
51217	C	1.0000
51218	T	1.0000
51219	C	1.0000
51220	G	1.0000
51221	A	1.0000
51222	C	1.0000
51223	G	1.0000
51224	C	1.0000
51225	C	1.0000
51226	C	1.0000
51227	T	1.0000
51228	G	1.0000
51229	A	1.0000
51230	A	1.0000
51231	A	1.0000
51232	T	1.0000
51233	A	1.0000
51234	C	1.0000
51235	G	1.0000
51236	G	1.0000
51237	T	1.0000
51238	A	1.0000
51239	C	1.0000
51240	T	1.0000
51241	C	1.0000
51242	C	1.0000
51243	G	1.0000
51244	C	1.0000
51245	C	1.0000
51246	G	1.0000
51247	C	1.0000
51248	A	1.0000
51249	C	1.0000
51250	G	1.0000
51251	C	1.0000
51252	A	1.0000
51253	G	1.0000
51254	G	1.0000
51255	T	1.0000
51256	C	1.0000
51257	T	1.0000
51258	G	1.0000
51259	G	1.0000
51260	C	1.0000
51261	A	1.0000
51262	T	1.0000
51263	T	1.0000
51264	C	1.0000
51265	G	1.0000
51266	G	1.0000
51267	T	1.0000
51268	C	1.0000
51269	T	1.0000
51270	T	1.0000
51271	G	1.0000
51272	A	1.0000
51273	C	1.0000
51274	C	1.0000
51275	G	1.0000
51276	T	1.0000
51277	C	1.0000
51278	T	1.0000
51279	G	1.0000
51280	A	1.0000
51281	C	1.0000
51282	C	1.0000
51283	A	1.0000
51284	T	1.0000
51285	G	1.0000
51286	C	1.0000
51287	T	1.0000
51288	G	1.0000
51289	C	1.0000
51290	T	1.0000
51291	G	1.0000
51292	A	1.0000
51293	C	1.0000
51294	C	1.0000
51295	G	1.0000
51296	G	1.0000
51297	C	1.0000
51298	A	1.0000
51299	C	1.0000
51300	C	1.0000
51301	G	1.0000
51302	A	1.0000
51303	C	1.0000
51304	A	1.0000
51305	A	1.0000
51306	T	1.0000
51307	A	1.0000
51308	T	1.0000
51309	C	1.0000
51310	C	1.0000
51311	G	1.0000
51312	T	1.0000
51313	G	1.0000
51314	A	1.0000
51315	C	1.0000
51316	G	1.0000
51317	T	1.0000
51318	T	1.0000
51319	A	1.0000
51320	T	1.0000
51321	C	1.0000
51322	G	1.0000
51323	C	1.0000
51324	C	1.0000
51325	T	1.0000
51326	T	1.0000
51327	C	1.0000
51328	C	1.0000
51329	C	1.0000
51330	G	1.0000
51331	A	1.0000
51332	A	1.0000
51333	A	1.0000
51334	A	1.0000
51335	C	1.0000
51336	C	1.0000
51337	A	1.0000
51338	C	1.0000
51339	G	1.0000
51340	G	1.0000
51341	C	1.0000
51342	G	1.0000
51343	G	1.0000
51344	C	1.0000
51345	G	1.0000
51346	G	1.0000
51347	C	1.0000
51348	G	1.0000
51349	T	1.0000
51350	G	1.0000
51351	T	1.0000
51352	C	1.0000
51353	T	1.0000
51354	G	1.0000
51355	A	1.0000
51356	T	1.0000
51357	G	1.0000
51358	A	1.0000
51359	C	1.0000
51360	T	1.0000
51361	G	1.0000
51362	A	1.0000
51363	A	1.0000
51364	G	1.0000
51365	C	1.0000
51366	A	1.0000
51367	C	1.0000
51368	C	1.0000
51369	G	1.0000
51370	A	1.0000
51371	G	1.0000
51372	C	1.0000
51373	T	1.0000
51374	T	1.0000
51375	T	1.0000
51376	G	1.0000
51377	C	1.0000
51378	T	1.0000
51379	A	1.0000
51380	A	1.0000
51381	C	1.0000
51382	C	1.0000
51383	C	1.0000
51384	G	1.0000
51385	A	1.0000
51386	C	1.0000
51387	T	1.0000
51388	G	1.0000
51389	C	1.0000
51390	A	1.0000
51391	C	1.0000
51392	T	1.0000
51393	G	1.0000
51394	G	1.0000
51395	C	1.0000
51396	T	1.0000
51397	G	1.0000
51398	A	1.0000
51399	G	1.0000
51400	C	1.0000
51401	T	1.0000
51402	G	1.0000
51403	A	1.0000
51404	G	1.0000
51405	C	1.0000
51406	A	1.0000
51407	T	1.0000
51408	T	1.0000
51409	C	1.0000
51410	A	1.0000
51411	G	1.0000
51412	G	1.0000
51413	T	1.0000
51414	T	1.0000
51415	G	1.0000
51416	T	1.0000
51417	G	1.0000
51418	A	1.0000
51419	A	1.0000
51420	G	1.0000
51421	A	1.0000
51422	A	1.0000
51423	G	1.0000
51424	G	1.0000
51425	C	1.0000
51426	T	1.0000
51427	G	1.0000
51428	A	1.0000
51429	G	1.0000
51430	A	1.0000
51431	A	1.0000
51432	T	1.0000
51433	A	1.0000
51434	A	1.0000
51435	C	1.0000
51436	T	1.0000
51437	G	1.0000
51438	A	1.0000
