cohort_order	assembly_id	accession	tip_id	biological_host_unit	exact_sequence_class	near_duplicate_class	representative_tip	representative_distance	placement_status	frozen_clade_id	clade_evidence	nearest_neighbor_tips	nearest_neighbor_distance	sampling_partition_k16	sampling_medoid_tip	row_sha256
1	asm-v1-0ff7aa363314edb290d72eab	GCF_000005845.2	GCF_000005845.2	exact_assembly_revision:GCF_000005845.2	EX0001	ND0001	GCF_001544635.1	2.38113e-06	SUPPORTED_FIXED	HC006	MASH_PARAMETER_AND_SEED_STABLE_SPLIT	GCF_002966145.1,GCF_001544635.1	2.38113e-06	L003	GCF_013391275.1	9aa7401a9348331a7f60d64392cee5906d2f2874337bc68666458ac7d6b31e3b
2	asm-v1-59248433db4b9fdb21544d3a	GCF_000812325.1	GCF_000812325.1	exact_assembly_revision:GCF_000812325.1	EX0002	ND0002	GCF_000812325.1	0	AMBIGUOUS_UNROOTED_BACKBONE_OR_UNSUPPORTED		ALTERNATIVE_PARTITIONS_RETAINED_NO_FORCED_CLADE	GCF_003318595.1	0.00516121	L013	GCF_900481955.1	0a3f9667a1cf36bf9bfd704345e9a3f04b7e72893624395e2e29199d79c31ab3
3	asm-v1-41a502eb976b3e61574ad8c6	GCF_002302315.1	GCF_002302315.1	exact_assembly_revision:GCF_002302315.1	EX0003	ND0003	GCF_002302315.1	0	SUPPORTED_FIXED	HC001	MASH_PARAMETER_AND_SEED_STABLE_SPLIT	GCF_003956205.1	0.000434439	L003	GCF_013391275.1	375c01f1721f43e9e6f5d7cda3452eea0e68ef0d36e27f2d5b7bdf70a460a06a
4	asm-v1-f82a0d4920abbc2d92dcaada	GCF_004664255.1	GCF_004664255.1	exact_assembly_revision:GCF_004664255.1	EX0004	ND0004	GCF_004664255.1	0	SUPPORTED_FIXED	HC001	MASH_PARAMETER_AND_SEED_STABLE_SPLIT	GCF_019585745.1	0.00272848	L003	GCF_013391275.1	7b602497181089c8795a475e37deb3049d65446f7797b605f96b69fb5e765676
5	asm-v1-7d223c403273bacb796a6439	GCF_015644385.1	GCF_015644385.1	exact_assembly_revision:GCF_015644385.1	EX0005	ND0005	GCF_015644385.1	0	SUPPORTED_FIXED	HC001	MASH_PARAMETER_AND_SEED_STABLE_SPLIT	GCF_001900635.1	0.0021647	L003	GCF_013391275.1	c873900efdea8ad4c6d4b2243ff8c63ea2856bef163038541c7e206f48532c42
6	asm-v1-7f371c333ee496e64e13e7df	GCF_020829045.1	GCF_020829045.1	exact_assembly_revision:GCF_020829045.1	EX0006	ND0006	GCF_020829045.1	0	AMBIGUOUS_UNROOTED_BACKBONE_OR_UNSUPPORTED		ALTERNATIVE_PARTITIONS_RETAINED_NO_FORCED_CLADE	GCF_015693755.1	0.0018097	L003	GCF_013391275.1	884ac281225337311f66a963249098d7a8ba5a50e11398f046acb5537a2c36dc
7	asm-v1-f12f2846b4339fa21373d4d3	GCF_921380995.1	GCF_921380995.1	exact_assembly_revision:GCF_921380995.1	EX0007	ND0007	GCF_921380995.1	0	SUPPORTED_FIXED	HC002	MASH_PARAMETER_AND_SEED_STABLE_SPLIT	GCF_900015375.1	0.000898569	L008	GCF_002806795.1	a2bcdf4e737354db5ee4c97d755539d73f45a4fe871b27ab73de310167b66406
8	asm-v1-2509fb2e423fed91316b5243	GCF_000167895.3	GCF_000167895.3	exact_assembly_revision:GCF_000167895.3	EX0008	ND0008	GCF_000167895.3	0	SUPPORTED_FIXED	HC001	MASH_PARAMETER_AND_SEED_STABLE_SPLIT	GCF_002542395.1	0.00296902	L003	GCF_013391275.1	dd6937d207b39e2bf963a4c9c779df7eeb333f5b9d2e2707a65ed6b384292b13
9	asm-v1-f932ca427ea3912c33759383	GCF_001881595.4	GCF_001881595.4	exact_assembly_revision:GCF_001881595.4	EX0009	ND0009	GCF_001881595.4	0	SUPPORTED_FIXED	HC001	MASH_PARAMETER_AND_SEED_STABLE_SPLIT	GCF_002469155.1	0.008818	L003	GCF_013391275.1	7bf4f9775c24efb3a9f04e15245f5476e04eaf6b9f6d03077bffb7487647194a
10	asm-v1-02150e6b828e27945ab71fa9	GCF_000498835.2	GCF_000498835.2	exact_assembly_revision:GCF_000498835.2	EX0010	ND0010	GCF_000498835.2	0	AMBIGUOUS_UNROOTED_BACKBONE_OR_UNSUPPORTED		ALTERNATIVE_PARTITIONS_RETAINED_NO_FORCED_CLADE	GCF_017896545.1	0.00251625	L004	GCF_015163255.1	08eeb1f0499ca18b529aa954c7ce3855bda5be729f4d6b9db494f5f131c8829d
11	asm-v1-32657c3828727c905b63ff98	GCF_015548345.1	GCF_015548345.1	exact_assembly_revision:GCF_015548345.1	EX0011	ND0011	GCF_015548345.1	0	AMBIGUOUS_UNROOTED_BACKBONE_OR_UNSUPPORTED		ALTERNATIVE_PARTITIONS_RETAINED_NO_FORCED_CLADE	GCF_900481955.1	0.00458956	L013	GCF_900481955.1	8828f070f52a73d343b68ddcdf967f32cbd128a2f90b515cb67d8b54761ed9b2
12	asm-v1-4ece359b58a18776b323b359	GCF_019926545.1	GCF_019926545.1	exact_assembly_revision:GCF_019926545.1	EX0012	ND0012	GCF_019926545.1	0	SUPPORTED_FIXED	HC001	MASH_PARAMETER_AND_SEED_STABLE_SPLIT	GCF_003686895.1	0.00294054	L003	GCF_013391275.1	9f3f8fe0d5b2847f2f6b41da661fe5991115030314f23726340cc1a760d22afb
13	asm-v1-3747cc3492718981db97affc	GCF_001614385.1	GCF_001614385.1	exact_assembly_revision:GCF_001614385.1	EX0013	ND0013	GCF_001614385.1	0	SUPPORTED_FIXED	HC001	MASH_PARAMETER_AND_SEED_STABLE_SPLIT	GCF_004664255.1	0.00462085	L003	GCF_013391275.1	b5d310ea1d1d24940c459d314fe7c6de469631aa1e344c1daed13c451f2be0e6
14	asm-v1-719530b887dfd205060a628f	GCF_015551035.1	GCF_015551035.1	exact_assembly_revision:GCF_015551035.1	EX0014	ND0014	GCF_015551035.1	0	AMBIGUOUS_UNROOTED_BACKBONE_OR_UNSUPPORTED		ALTERNATIVE_PARTITIONS_RETAINED_NO_FORCED_CLADE	GCF_000326185.1	0.00227651	L012	GCF_000807565.1	583126e68187a6323c5b7fe0f6074a76b0d1b191a442e2fd1da93383e0d07866
15	asm-v1-c27bf914b89e27d0dc27992c	GCF_021354235.1	GCF_021354235.1	exact_assembly_revision:GCF_021354235.1	EX0015	ND0015	GCF_021354235.1	0	SUPPORTED_FIXED	HC001	MASH_PARAMETER_AND_SEED_STABLE_SPLIT	GCF_021353995.1	0.000153116	L003	GCF_013391275.1	3ae623fcd3589192e0c95d85529b20a3ac942f63783d7fb7f2417cd56635923d
16	asm-v1-929d3c84ca2e4a11e790b999	GCF_002485085.1	GCF_002485085.1	exact_assembly_revision:GCF_002485085.1	EX0016	ND0016	GCF_002485085.1	0	AMBIGUOUS_UNROOTED_BACKBONE_OR_UNSUPPORTED		ALTERNATIVE_PARTITIONS_RETAINED_NO_FORCED_CLADE	GCF_020023255.1	0.00689587	L003	GCF_013391275.1	20223fcdd0d397f621922a112ecb216cf55365eb5ca8050cec2a3cf4ea41e78c
17	asm-v1-331be33613f5ee0144844f5c	GCF_014712315.1	GCF_014712315.1	exact_assembly_revision:GCF_014712315.1	EX0017	ND0017	GCF_014712315.1	0	SUPPORTED_FIXED	HC004	MASH_PARAMETER_AND_SEED_STABLE_SPLIT	GCF_001561835.1	0.00347214	L012	GCF_000807565.1	4c855f62cc28ddb5bc7ec8ae202f8f3eb6a204d90649d30072d8e875c7584982
18	asm-v1-f36d786b0ab3775223cf3d16	GCF_019120745.1	GCF_019120745.1	exact_assembly_revision:GCF_019120745.1	EX0018	ND0018	GCF_019120745.1	0	SUPPORTED_FIXED	HC001	MASH_PARAMETER_AND_SEED_STABLE_SPLIT	GCF_003009315.1	0.00594915	L003	GCF_013391275.1	d58ce7e0847e6b9cfeae57438aadc9d90beaed3a680e5014f8b7d1db932554b8
19	asm-v1-b7796a1fc230ab9bd7633b94	GCF_006350715.1	GCF_006350715.1	exact_assembly_revision:GCF_006350715.1	EX0019	ND0019	GCF_006350715.1	0	SUPPORTED_FIXED	HC001	MASH_PARAMETER_AND_SEED_STABLE_SPLIT	GCF_002327045.1	0.00105035	L003	GCF_013391275.1	bb16378f301d8796581859d6f839306f50492b8375ae95c8a9cef01118a61a55
20	asm-v1-97a929e91ce540241ff20371	GCF_002522525.1	GCF_002522525.1	exact_assembly_revision:GCF_002522525.1	EX0020	ND0020	GCF_002522525.1	0	SUPPORTED_FIXED	HC001	MASH_PARAMETER_AND_SEED_STABLE_SPLIT	GCF_002511355.1	0.00480339	L003	GCF_013391275.1	028cf3b0619709d5fe15dc5800317bb4e425733ec8ffb14c1f3a125de91204e6
21	asm-v1-0bdf5b05c650023990a68d2d	GCF_018790115.1	GCF_018790115.1	exact_assembly_revision:GCF_018790115.1	EX0021	ND0021	GCF_018790115.1	0	AMBIGUOUS_UNROOTED_BACKBONE_OR_UNSUPPORTED		ALTERNATIVE_PARTITIONS_RETAINED_NO_FORCED_CLADE	GCF_013374315.1	0.00497183	L003	GCF_013391275.1	e395a6877ebf6fd48d05ba05809f46fcb80fa68cc30c1b0bd6c19aea6a1b6ee7
22	asm-v1-1e2c548ce4eee4bbd7812d4a	GCF_002442365.1	GCF_002442365.1	exact_assembly_revision:GCF_002442365.1	EX0022	ND0022	GCF_002442365.1	0	SUPPORTED_FIXED	HC001	MASH_PARAMETER_AND_SEED_STABLE_SPLIT	GCF_002796445.1	0.0021484	L003	GCF_013391275.1	41442540648381ede89499e2e3a61f40b9215d5e128c3ab6c73dc843f1e6a30b
23	asm-v1-faddf0606460939e473ac2c5	GCF_005885955.1	GCF_005885955.1	exact_assembly_revision:GCF_005885955.1	EX0023	ND0023	GCF_005885955.1	0	SUPPORTED_FIXED	HC002	MASH_PARAMETER_AND_SEED_STABLE_SPLIT	GCF_000462425.2	0.000141101	L008	GCF_002806795.1	a1c757487e9fd1524b03d2d6f1352737d97144111f8f2d0bdc2b45121e28182f
24	asm-v1-90293848c2351417f7baaa74	GCF_002513075.1	GCF_002513075.1	exact_assembly_revision:GCF_002513075.1	EX0024	ND0024	GCF_002513075.1	0	AMBIGUOUS_UNROOTED_BACKBONE_OR_UNSUPPORTED		ALTERNATIVE_PARTITIONS_RETAINED_NO_FORCED_CLADE	GCF_002225785.1	0.00475916	L003	GCF_013391275.1	5b4207cf8bd65f8a349ba0e491f30af8e6e67f5fdbf2aa198a2cb5689d42fce8
25	asm-v1-3b4342f24d54b3c1a9b84d48	GCF_902810185.1	GCF_902810185.1	exact_assembly_revision:GCF_902810185.1	EX0025	ND0025	GCF_902810185.1	0	AMBIGUOUS_UNROOTED_BACKBONE_OR_UNSUPPORTED		ALTERNATIVE_PARTITIONS_RETAINED_NO_FORCED_CLADE	GCF_002232595.1	0.00338142	L011	GCF_009910875.1	a802e13d1679fd264dc0098fd557776d8c158938aae2dfcbf33417791def4b89
26	asm-v1-0beedef08535e20c4790e6bb	GCF_005043025.1	GCF_005043025.1	exact_assembly_revision:GCF_005043025.1	EX0026	ND0026	GCF_005043025.1	0	SUPPORTED_FIXED	HC001	MASH_PARAMETER_AND_SEED_STABLE_SPLIT	GCF_001263015.1	0.000735726	L003	GCF_013391275.1	2fd68a3bcc26743aa7df3eacca77c4f7fe0a8474a021648634ae58ff45ae7588
27	asm-v1-48766683d6315460b4013353	GCF_017595115.1	GCF_017595115.1	exact_assembly_revision:GCF_017595115.1	EX0027	ND0027	GCF_017595115.1	0	AMBIGUOUS_UNROOTED_BACKBONE_OR_UNSUPPORTED		ALTERNATIVE_PARTITIONS_RETAINED_NO_FORCED_CLADE	GCF_002154285.1	0.00440918	L013	GCF_900481955.1	c87826691803558aeb90dba2e26024990903b724393ecdb4aabc28c37a44672d
28	asm-v1-b71c4a8ef90f7c49f5f8d546	GCF_014528625.1	GCF_014528625.1	exact_assembly_revision:GCF_014528625.1	EX0028	ND0028	GCF_014528625.1	0	AMBIGUOUS_UNROOTED_BACKBONE_OR_UNSUPPORTED		ALTERNATIVE_PARTITIONS_RETAINED_NO_FORCED_CLADE	GCF_014529055.1	0.000941429	L003	GCF_013391275.1	a31ea548e1a3928f380817fa2e5758a1d327fada55b36a440e6e7e1296fadc5c
29	asm-v1-31cd9173370fa4123f9ea13b	GCF_008041205.1	GCF_008041205.1	exact_assembly_revision:GCF_008041205.1	EX0029	ND0029	GCF_008041205.1	0	SUPPORTED_FIXED	HC005	MASH_PARAMETER_AND_SEED_STABLE_SPLIT	GCF_000459475.1	0.00154832	L009	GCF_001520375.1	b8ffcf7d7bd04389676275582cae5ac65f7a6eb26a1c0a7348856acf19ba18db
30	asm-v1-b419079f0ccf7758946a758e	GCF_009820795.1	GCF_009820795.1	exact_assembly_revision:GCF_009820795.1	EX0030	ND0030	GCF_009820795.1	0	SUPPORTED_FIXED	HC001	MASH_PARAMETER_AND_SEED_STABLE_SPLIT	GCF_019120745.1	0.008818	L003	GCF_013391275.1	b52b2fecc61c962691ffb6aa192ec18e46fe68b5c741e3a930398188eda1b91c
31	asm-v1-9416d74da50a26741c416d3a	GCF_900479385.1	GCF_900479385.1	exact_assembly_revision:GCF_900479385.1	EX0031	ND0031	GCF_900479385.1	0	AMBIGUOUS_UNROOTED_BACKBONE_OR_UNSUPPORTED		ALTERNATIVE_PARTITIONS_RETAINED_NO_FORCED_CLADE	GCF_001749385.1	0.00535911	L003	GCF_013391275.1	d6e0606b665c64941bad0127450b2c1749ed2fbe64f181f09ed1b49d4630b2bf
32	asm-v1-b269b6f553a373270f84ba18	GCF_004767475.1	GCF_004767475.1	exact_assembly_revision:GCF_004767475.1	EX0032	ND0032	GCF_004767475.1	0	AMBIGUOUS_UNROOTED_BACKBONE_OR_UNSUPPORTED		ALTERNATIVE_PARTITIONS_RETAINED_NO_FORCED_CLADE	GCF_020023255.1	0.00434123	L003	GCF_013391275.1	5c4c8b1000ef9018ff380681c77cd9ec86609e524c647668cb12bbb0465265a1
33	asm-v1-996e1b56b7867eb75e7abe84	GCF_002519245.1	GCF_002519245.1	exact_assembly_revision:GCF_002519245.1	EX0033	ND0033	GCF_002519245.1	0	AMBIGUOUS_UNROOTED_BACKBONE_OR_UNSUPPORTED		ALTERNATIVE_PARTITIONS_RETAINED_NO_FORCED_CLADE	GCF_000446825.2	0.00478126	L003	GCF_013391275.1	9a61eed934be390c305f76b430883e4d35ba37c538e9f7b2d53adc9abb6b6c0f
34	asm-v1-9f93da8d24e49c1bd9dc1bfb	GCF_015644305.1	GCF_015644305.1	exact_assembly_revision:GCF_015644305.1	EX0034	ND0034	GCF_015644305.1	0	AMBIGUOUS_UNROOTED_BACKBONE_OR_UNSUPPORTED		ALTERNATIVE_PARTITIONS_RETAINED_NO_FORCED_CLADE	GCF_005397685.1	0.00402957	L004	GCF_015163255.1	b644786e5d3f0fc261a891cdf85f9b72feb5efe0c31b942cf11302e80f20e4e7
35	asm-v1-9bf79301d532e473a6d4d15e	GCF_001616285.1	GCF_001616285.1	exact_assembly_revision:GCF_001616285.1	EX0035	ND0035	GCF_001616285.1	0	AMBIGUOUS_UNROOTED_BACKBONE_OR_UNSUPPORTED		ALTERNATIVE_PARTITIONS_RETAINED_NO_FORCED_CLADE	GCF_015163255.1	0.00286956	L004	GCF_015163255.1	40e4d3f9f9d5968b730015b7408def96b656ffd8eb030f7eafe7662b8c59fa82
36	asm-v1-7f24d9da61537a483a8edeb9	GCF_001614645.1	GCF_001614645.1	exact_assembly_revision:GCF_001614645.1	EX0036	ND0036	GCF_001614645.1	0	SUPPORTED_FIXED	HC001	MASH_PARAMETER_AND_SEED_STABLE_SPLIT	GCF_905330295.1	0.00615579	L003	GCF_013391275.1	fd9737f32f8c37d0dc30b2ca56e8b846a2b95db2b6eacdf714b45f2e42875f3b
37	asm-v1-27d405b112a56b6388ddbef4	GCF_013370625.1	GCF_013370625.1	exact_assembly_revision:GCF_013370625.1	EX0037	ND0037	GCF_013370625.1	0	AMBIGUOUS_UNROOTED_BACKBONE_OR_UNSUPPORTED		ALTERNATIVE_PARTITIONS_RETAINED_NO_FORCED_CLADE	GCF_020731765.1	0.00650307	L003	GCF_013391275.1	ef5a5b83220a1a323d0218e00c5421c2ca02c48108c1aae51b64ca646b28c96d
38	asm-v1-1373daf306e4c70962bf7651	GCF_013608825.1	GCF_013608825.1	exact_assembly_revision:GCF_013608825.1	EX0038	ND0038	GCF_013608825.1	0	AMBIGUOUS_UNROOTED_BACKBONE_OR_UNSUPPORTED		ALTERNATIVE_PARTITIONS_RETAINED_NO_FORCED_CLADE	GCF_013608265.1	0.00388479	L011	GCF_009910875.1	9619293b8f2a2fc22c1cd6763ec5c6d2cf138fe8da8fe5ab4319b87c94ef9de2
39	asm-v1-566c3eb2b8feeeb03a029d05	GCF_005043625.1	GCF_005043625.1	exact_assembly_revision:GCF_005043625.1	EX0039	ND0039	GCF_005043625.1	0	SUPPORTED_FIXED	HC001	MASH_PARAMETER_AND_SEED_STABLE_SPLIT	GCF_004661505.1	0.00231761	L003	GCF_013391275.1	1c6fd7d32b3be12aaaff6acbdefb7bc3ffd1e6feab99385fdb3eb3b576b23837
40	asm-v1-d8e1422596935b944b73500f	GCF_902163565.1	GCF_902163565.1	exact_assembly_revision:GCF_902163565.1	EX0040	ND0040	GCF_902163565.1	0	AMBIGUOUS_UNROOTED_BACKBONE_OR_UNSUPPORTED		ALTERNATIVE_PARTITIONS_RETAINED_NO_FORCED_CLADE	GCF_005397685.1	0.00178311	L004	GCF_015163255.1	997169437a00fdddf096b2646c28fa9d3a8c150f120646c3e01fa983b53bfa02
41	asm-v1-62a4d2082d3f90d6cb5304ca	GCF_006351505.1	GCF_006351505.1	exact_assembly_revision:GCF_006351505.1	EX0041	ND0041	GCF_006351505.1	0	SUPPORTED_FIXED	HC001	MASH_PARAMETER_AND_SEED_STABLE_SPLIT	GCF_006351305.1	0.000720777	L003	GCF_013391275.1	f87bbafa170d130b7f2be6ac9026129f2e14cff85a5d281f960c4f52240cf913
42	asm-v1-4fad43b6b8ac2a5931873b95	GCF_005039315.1	GCF_005039315.1	exact_assembly_revision:GCF_005039315.1	EX0042	ND0042	GCF_005039315.1	0	SUPPORTED_FIXED	HC001	MASH_PARAMETER_AND_SEED_STABLE_SPLIT	GCF_900482245.1	0.00594242	L003	GCF_013391275.1	ce4937ae9fa97c20a35d65b8fcad4018b1a099be50f9950c2a335bdba3d7d377
43	asm-v1-ef21b6ec0b8c832cbedc2d93	GCF_005384385.1	GCF_005384385.1	exact_assembly_revision:GCF_005384385.1	EX0043	ND0043	GCF_005384385.1	0	AMBIGUOUS_UNROOTED_BACKBONE_OR_UNSUPPORTED		ALTERNATIVE_PARTITIONS_RETAINED_NO_FORCED_CLADE	GCF_005383085.1	0.00171947	L010	GCF_003317605.1	9bed63fc0a6d5bfb7557767c3285cca2f258aef082dffe7e8d69fee0f97e2722
44	asm-v1-dcfffc170c5656770532cfc6	GCF_016530465.1	GCF_016530465.1	exact_assembly_revision:GCF_016530465.1	EX0044	ND0044	GCF_016530465.1	0	AMBIGUOUS_UNROOTED_BACKBONE_OR_UNSUPPORTED		ALTERNATIVE_PARTITIONS_RETAINED_NO_FORCED_CLADE	GCF_002166175.1	0.00166662	L012	GCF_000807565.1	b0478fc7a1dbdcfccf3c28075eb5fa0c03dc4821240ac9939b7a20b59f51ec0b
45	asm-v1-9791d16f22febb6a4da01cdc	GCF_002152015.1	GCF_002152015.1	exact_assembly_revision:GCF_002152015.1	EX0045	ND0045	GCF_002152015.1	0	SUPPORTED_FIXED	HC001	MASH_PARAMETER_AND_SEED_STABLE_SPLIT	GCF_005508755.1	0.0039842	L003	GCF_013391275.1	ba0f7297c95c6c9f9d27ea3c90e2755d0fd841a08fc3bf2b0b23a0319cd3b4e1
46	asm-v1-0e401af1329ee20675b75db8	GCF_018344735.1	GCF_018344735.1	exact_assembly_revision:GCF_018344735.1	EX0046	ND0046	GCF_018344735.1	0	SUPPORTED_FIXED	HC001	MASH_PARAMETER_AND_SEED_STABLE_SPLIT	GCF_009794305.1	0.00615239	L003	GCF_013391275.1	f36bb90d0093476aaa1efff924c7f6b853ed4acd495c4ba5a932a3e84ea1e128
47	asm-v1-f8561f5b15e76623fe00d768	GCF_002513625.1	GCF_002513625.1	exact_assembly_revision:GCF_002513625.1	EX0047	ND0047	GCF_002513625.1	0	SUPPORTED_FIXED	HC001	MASH_PARAMETER_AND_SEED_STABLE_SPLIT	GCF_002631495.1	0.00506466	L003	GCF_013391275.1	210a57d34189fc363d6b189d501d534e4a4762370d59358451d6d34144e1ae6d
48	asm-v1-9f5f3eeb65f0f80afca90db7	GCF_002229025.1	GCF_002229025.1	exact_assembly_revision:GCF_002229025.1	EX0048	ND0048	GCF_002229025.1	0	AMBIGUOUS_UNROOTED_BACKBONE_OR_UNSUPPORTED		ALTERNATIVE_PARTITIONS_RETAINED_NO_FORCED_CLADE	GCF_002109645.1	0.0116796	L012	GCF_000807565.1	cce76a532cf9ceed6a4272f9adc68e877775b25b104cae8f7edd252b2932b9bf
49	asm-v1-143198d8a00e3d1908061cae	GCF_000778685.1	GCF_000778685.1	exact_assembly_revision:GCF_000778685.1	EX0049	ND0049	GCF_000778685.1	0	AMBIGUOUS_UNROOTED_BACKBONE_OR_UNSUPPORTED		ALTERNATIVE_PARTITIONS_RETAINED_NO_FORCED_CLADE	GCF_002166175.1	0.00121381	L012	GCF_000807565.1	0b399210517daac36b86a6e317c39a34aebcf416b418235e58d3f7e0332917dc
50	asm-v1-26091108e767413baee190a2	GCF_020037245.1	GCF_020037245.1	exact_assembly_revision:GCF_020037245.1	EX0050	ND0050	GCF_020037245.1	0	SUPPORTED_FIXED	HC001	MASH_PARAMETER_AND_SEED_STABLE_SPLIT	GCF_001617075.1	0.00812554	L003	GCF_013391275.1	d7a8ace7e310dcca617bae2f89137ee8d0d1586b82c10064620525984416e205
51	asm-v1-1009a57e9d5acb3b90d6791b	GCF_003731035.1	GCF_003731035.1	exact_assembly_revision:GCF_003731035.1	EX0051	ND0051	GCF_003731035.1	0	AMBIGUOUS_UNROOTED_BACKBONE_OR_UNSUPPORTED		ALTERNATIVE_PARTITIONS_RETAINED_NO_FORCED_CLADE	GCF_003731535.1	0.000783157	L003	GCF_013391275.1	b821931ad62af3646fdee01f788ac3ed19bb6ec361c28a3085143605a4146f96
52	asm-v1-c5fbc3318d26f8606d4ee374	GCF_000326585.1	GCF_000326585.1	exact_assembly_revision:GCF_000326585.1	EX0052	ND0052	GCF_000326585.1	0	AMBIGUOUS_UNROOTED_BACKBONE_OR_UNSUPPORTED		ALTERNATIVE_PARTITIONS_RETAINED_NO_FORCED_CLADE	GCF_018069725.1	0.0039299	L012	GCF_000807565.1	a5f87f15e22e6c6ef2501e565a7f470e3c9d365be48dab51bc0b829bf4fa75c0
53	asm-v1-076733fb9cacde0985dcd995	GCF_000780535.1	GCF_000780535.1	exact_assembly_revision:GCF_000780535.1	EX0053	ND0053	GCF_000780535.1	0	SUPPORTED_FIXED	HC001	MASH_PARAMETER_AND_SEED_STABLE_SPLIT	GCF_014895175.1	0.00258299	L003	GCF_013391275.1	4f392be243749a50c6a0ac6e0c10bce350453fb21a803cbf2612a49e81506340
54	asm-v1-9577d304b0441e1eebff2e03	GCF_003570445.1	GCF_003570445.1	exact_assembly_revision:GCF_003570445.1	EX0054	ND0054	GCF_003570445.1	0	SUPPORTED_FIXED	HC004	MASH_PARAMETER_AND_SEED_STABLE_SPLIT	GCF_016760895.1	0.00255237	L012	GCF_000807565.1	1f8d70b40186a2ca5fcfcd7458e82807e2f94c1aec0a2f817c819d62b83a7d31
55	asm-v1-0d112d76668f2ca96d2d62e5	GCF_000447005.2	GCF_000447005.2	exact_assembly_revision:GCF_000447005.2	EX0055	ND0055	GCF_000447005.2	0	SUPPORTED_FIXED	HC001	MASH_PARAMETER_AND_SEED_STABLE_SPLIT	GCF_001286545.1	0.00446186	L003	GCF_013391275.1	fdcd5c318c420339824e56eecce343b64831147a008f752c8f913cdafe7a4bec
56	asm-v1-651bbd15909672553530f486	GCF_013073765.1	GCF_013073765.1	exact_assembly_revision:GCF_013073765.1	EX0056	ND0056	GCF_013073765.1	0	AMBIGUOUS_UNROOTED_BACKBONE_OR_UNSUPPORTED		ALTERNATIVE_PARTITIONS_RETAINED_NO_FORCED_CLADE	GCF_000714105.1	0.00467416	L003	GCF_013391275.1	02340a1f83b20c2627a90a53c93889e9f707f5bbe6d3ac1c66b548e75995452c
57	asm-v1-d23ad41de9f39edda98054bf	GCF_005041275.1	GCF_005041275.1	exact_assembly_revision:GCF_005041275.1	EX0057	ND0057	GCF_005041275.1	0	SUPPORTED_FIXED	HC001	MASH_PARAMETER_AND_SEED_STABLE_SPLIT	GCF_005043025.1	0.00136337	L003	GCF_013391275.1	1c20d3c07472eeaae851073512a34ff5b348998f5f6461bf78b45c3dbb2fcf8a
58	asm-v1-78de2c22a7d89d63d5d4271a	GCF_014862465.1	GCF_014862465.1	exact_assembly_revision:GCF_014862465.1	EX0058	ND0058	GCF_014862465.1	0	SUPPORTED_FIXED	HC005	MASH_PARAMETER_AND_SEED_STABLE_SPLIT	GCF_014862705.1	0.00343111	L009	GCF_001520375.1	a399f40718a16893070a4facd6f9bdb2957675457f1aa932cdcb610658735d15
59	asm-v1-1ed2c2f97484422a21c26931	GCF_900195795.1	GCF_900195795.1	exact_assembly_revision:GCF_900195795.1	EX0059	ND0059	GCF_900195795.1	0	AMBIGUOUS_UNROOTED_BACKBONE_OR_UNSUPPORTED		ALTERNATIVE_PARTITIONS_RETAINED_NO_FORCED_CLADE	GCF_017594025.1	0.00805386	L003	GCF_013391275.1	8b37eedba6062a15767b3abb2528b56931030daa82e8416e7abda47e1158499c
60	asm-v1-18ed471aa5e0a0b0ce6eaac3	GCF_014878375.1	GCF_014878375.1	exact_assembly_revision:GCF_014878375.1	EX0060	ND0060	GCF_014878375.1	0	AMBIGUOUS_UNROOTED_BACKBONE_OR_UNSUPPORTED		ALTERNATIVE_PARTITIONS_RETAINED_NO_FORCED_CLADE	GCF_004566835.1	0.00108596	L010	GCF_003317605.1	bfe06a163b8bea6121e3ad6e6ee066267a8f85ac2912a54e42ddc14a281166a7
61	asm-v1-336f2acfbe62b7b1a4830ea5	GCF_921293415.1	GCF_921293415.1	exact_assembly_revision:GCF_921293415.1	EX0061	ND0061	GCF_921293415.1	0	SUPPORTED_FIXED	HC001	MASH_PARAMETER_AND_SEED_STABLE_SPLIT	GCF_000753155.1	0.0033377	L003	GCF_013391275.1	93d99d21dcb72ed8ee0637ba1b0cf8a463597b85fac89488b3a47822ac3fa2f5
62	asm-v1-bddc1aaccbace0b2820ff83b	GCF_006229985.1	GCF_006229985.1	exact_assembly_revision:GCF_006229985.1	EX0062	ND0062	GCF_006229985.1	0	AMBIGUOUS_UNROOTED_BACKBONE_OR_UNSUPPORTED		ALTERNATIVE_PARTITIONS_RETAINED_NO_FORCED_CLADE	GCF_006230745.1	0.000559703	L004	GCF_015163255.1	48e783ddb25fdf7b561a188b7791cea5cd612718aec04f431b4681ec9a8c5bc4
63	asm-v1-933e0d1ae268d9a3995122ec	GCF_005045505.1	GCF_005045505.1	exact_assembly_revision:GCF_005045505.1	EX0063	ND0063	GCF_005045505.1	0	SUPPORTED_FIXED	HC001	MASH_PARAMETER_AND_SEED_STABLE_SPLIT	GCF_002144185.1	0.00107832	L003	GCF_013391275.1	7055878fd6103981e32d04f9ed36a5d5e48675b4aeda1ec0d508a737db35b16a
64	asm-v1-522935574c5d69942f6c3e15	GCF_001660345.1	GCF_001660345.1	exact_assembly_revision:GCF_001660345.1	EX0064	ND0064	GCF_001660345.1	0	SUPPORTED_FIXED	HC001	MASH_PARAMETER_AND_SEED_STABLE_SPLIT	GCF_000703265.1	0.000795662	L003	GCF_013391275.1	35a6340a744a1c383660f79e717d3935217e828c6050ce3e13afec6696fc902e
65	asm-v1-2140f13568d46984b220b119	GCF_020162695.1	GCF_020162695.1	exact_assembly_revision:GCF_020162695.1	EX0065	ND0065	GCF_020162695.1	0	SUPPORTED_FIXED	HC001	MASH_PARAMETER_AND_SEED_STABLE_SPLIT	GCF_000332755.1	0.0019272	L003	GCF_013391275.1	9db7b8c4a5018b6c3e656c8eae213033587b907f13cc3932e2d3016d5e0f1e3e
66	asm-v1-8cc38f4de03fef066edb312e	GCF_003981675.1	GCF_003981675.1	exact_assembly_revision:GCF_003981675.1	EX0066	ND0066	GCF_003981675.1	0	AMBIGUOUS_UNROOTED_BACKBONE_OR_UNSUPPORTED		ALTERNATIVE_PARTITIONS_RETAINED_NO_FORCED_CLADE	GCF_003983415.1	0.0011856	L003	GCF_013391275.1	e7d91c0ad3d518c483fc184631f05d7ff4bc1106a0561ec21ae2f5762a9e17ce
67	asm-v1-744a78fc7ef5643c50983785	GCF_905330275.1	GCF_905330275.1	exact_assembly_revision:GCF_905330275.1	EX0067	ND0067	GCF_905330275.1	0	AMBIGUOUS_UNROOTED_BACKBONE_OR_UNSUPPORTED		ALTERNATIVE_PARTITIONS_RETAINED_NO_FORCED_CLADE	GCF_000692515.1	0.00592895	L016	GCF_000692515.1	0994b85f97e4921004464f58fee2d1b54a6a6d5d13a3b2a87cc9a75d25054abe
68	asm-v1-89345e76194e6b4fe931f0cf	GCF_001617565.1	GCF_001617565.1	exact_assembly_revision:GCF_001617565.1	EX0068	ND0068	GCF_001617565.1	0	AMBIGUOUS_UNROOTED_BACKBONE_OR_UNSUPPORTED		ALTERNATIVE_PARTITIONS_RETAINED_NO_FORCED_CLADE	GCF_006542965.1	0.0017778	L010	GCF_003317605.1	30e3192cb68f6cfb6ea0ce6224db616df1b3e803662cd5801a55a96e58180e27
69	asm-v1-d5b07e7950fe930d28259eae	GCF_003983415.1	GCF_003983415.1	exact_assembly_revision:GCF_003983415.1	EX0069	ND0069	GCF_003983415.1	0	AMBIGUOUS_UNROOTED_BACKBONE_OR_UNSUPPORTED		ALTERNATIVE_PARTITIONS_RETAINED_NO_FORCED_CLADE	GCF_003981675.1	0.0011856	L003	GCF_013391275.1	856adf8492183bdf54c9f2a5a5ad67d88e4a119c193edabc99e3e2a2ac47fc1d
70	asm-v1-2298b23611278b990e0debe1	GCF_009899475.1	GCF_009899475.1	exact_assembly_revision:GCF_009899475.1	EX0070	ND0070	GCF_009899475.1	0	AMBIGUOUS_UNROOTED_BACKBONE_OR_UNSUPPORTED		ALTERNATIVE_PARTITIONS_RETAINED_NO_FORCED_CLADE	GCF_013073585.1	0.00751546	L001	GCF_009899475.1	cbe226fd336bd7b5392ba9ae6e5d414171ee5024824f4038682136841b986d00
71	asm-v1-b3f32cbb29e6bab46510769a	GCF_002511115.1	GCF_002511115.1	exact_assembly_revision:GCF_002511115.1	EX0071	ND0071	GCF_002511115.1	0	SUPPORTED_FIXED	HC001	MASH_PARAMETER_AND_SEED_STABLE_SPLIT	GCF_013391275.1	0.00275379	L003	GCF_013391275.1	c771ffed718c53e2bbaa6938b360595c10fb7417f2a8a650aa306c01fae2a4c2
72	asm-v1-6cc2cc6a6bd4874236c4e0b6	GCF_001521595.1	GCF_001521595.1	exact_assembly_revision:GCF_001521595.1	EX0072	ND0072	GCF_001521595.1	0	AMBIGUOUS_UNROOTED_BACKBONE_OR_UNSUPPORTED		ALTERNATIVE_PARTITIONS_RETAINED_NO_FORCED_CLADE	GCF_004522495.1	0.00160079	L010	GCF_003317605.1	f89dbf47309011fe35572fa9c05fc6def0be9b3e3bdb2811f885af1a44d99229
73	asm-v1-0483ccd2aa538f10924521f5	GCF_019351215.1	GCF_019351215.1	exact_assembly_revision:GCF_019351215.1	EX0073	ND0073	GCF_019351215.1	0	AMBIGUOUS_UNROOTED_BACKBONE_OR_UNSUPPORTED		ALTERNATIVE_PARTITIONS_RETAINED_NO_FORCED_CLADE	GCF_002270225.1	0.00342526	L003	GCF_013391275.1	1df395a3d0debff1b0ffc795349d30d8f818a4b50bea29e9aa64969f2aac4338
74	asm-v1-4b6dd2bf16ed7e1796c82446	GCF_020731765.1	GCF_020731765.1	exact_assembly_revision:GCF_020731765.1	EX0074	ND0074	GCF_020731765.1	0	AMBIGUOUS_UNROOTED_BACKBONE_OR_UNSUPPORTED		ALTERNATIVE_PARTITIONS_RETAINED_NO_FORCED_CLADE	GCF_003469495.1	0.0056617	L003	GCF_013391275.1	6cba28082b7fbaa23607082006aa19942b30b41fb75de220aa951d69d329ac11
75	asm-v1-60267ac131a09d147996f037	GCF_001577325.1	GCF_001577325.1	exact_assembly_revision:GCF_001577325.1	EX0075	ND0075	GCF_001577325.1	0	AMBIGUOUS_UNROOTED_BACKBONE_OR_UNSUPPORTED		ALTERNATIVE_PARTITIONS_RETAINED_NO_FORCED_CLADE	GCF_000457285.1	0.00133749	L010	GCF_003317605.1	c97d4876bcae114c8d5df41fc035f02c39aa27b295320e02d9dc80b506638566
76	asm-v1-9b414d6deaabea3bbef2838b	GCF_000777675.1	GCF_000777675.1	exact_assembly_revision:GCF_000777675.1	EX0076	ND0076	GCF_000777675.1	0	AMBIGUOUS_UNROOTED_BACKBONE_OR_UNSUPPORTED		ALTERNATIVE_PARTITIONS_RETAINED_NO_FORCED_CLADE	GCF_003388915.1	0.00401746	L003	GCF_013391275.1	49daca2b5ba937c7a454f4011112ab0d750b88b053f7f36644374515b26e407f
77	asm-v1-131b25c56fa7a53a20f6acce	GCF_002109645.1	GCF_002109645.1	exact_assembly_revision:GCF_002109645.1	EX0077	ND0077	GCF_002109645.1	0	AMBIGUOUS_UNROOTED_BACKBONE_OR_UNSUPPORTED		ALTERNATIVE_PARTITIONS_RETAINED_NO_FORCED_CLADE	GCF_000777065.1	0.00930564	L012	GCF_000807565.1	2f78f9e0850f21342780d687d9beca1949fd8528b18ed442bf7f5df13d57a8bf
78	asm-v1-0811187b1ba0a0a2fd7ee853	GCF_003076715.1	GCF_003076715.1	exact_assembly_revision:GCF_003076715.1	EX0078	ND0078	GCF_003076715.1	0	AMBIGUOUS_UNROOTED_BACKBONE_OR_UNSUPPORTED		ALTERNATIVE_PARTITIONS_RETAINED_NO_FORCED_CLADE	GCF_003076695.1	6.6807e-05	L010	GCF_003317605.1	3cf433147fc6369fcd932c4d01076936545a53fc474489a0ff97474680b61c7e
79	asm-v1-a6066364915f685488e5a06f	GCF_002518465.1	GCF_002518465.1	exact_assembly_revision:GCF_002518465.1	EX0079	ND0079	GCF_002518465.1	0	AMBIGUOUS_UNROOTED_BACKBONE_OR_UNSUPPORTED		ALTERNATIVE_PARTITIONS_RETAINED_NO_FORCED_CLADE	GCF_009820835.1	0.00713841	L003	GCF_013391275.1	a6f7a76831236164c350bb6ea75a0db9c1bcfedf3a7e793bd7af778bb791dcbc
80	asm-v1-1a6db70587c81767a83b4c01	GCF_000459215.1	GCF_000459215.1	exact_assembly_revision:GCF_000459215.1	EX0080	ND0080	GCF_000459215.1	0	SUPPORTED_FIXED	HC005	MASH_PARAMETER_AND_SEED_STABLE_SPLIT	GCF_001520375.1	0.00183367	L009	GCF_001520375.1	e02f7e7d422c5998f5c35c13705cd59ec2b534fe4f15572432cf053e85dae2e1
81	asm-v1-015b60cbe04a23c843a53259	GCF_900010055.1	GCF_900010055.1	exact_assembly_revision:GCF_900010055.1	EX0081	ND0081	GCF_900010055.1	0	SUPPORTED_FIXED	HC002	MASH_PARAMETER_AND_SEED_STABLE_SPLIT	GCF_003361255.1	0.000758176	L008	GCF_002806795.1	10550817486734653f7f12c667e399d8763e4f7416bd6c00f47543bc1e4bc57d
82	asm-v1-55b63d52e2d0b4376986fde8	GCF_002769075.1	GCF_002769075.1	exact_assembly_revision:GCF_002769075.1	EX0082	ND0082	GCF_002769075.1	0	SUPPORTED_FIXED	HC001	MASH_PARAMETER_AND_SEED_STABLE_SPLIT	GCF_002764815.1	0.0013039	L003	GCF_013391275.1	e129ce131272d9ebcf9122d1d0197cae668e695d03bb9626975453a0d4d505e8
83	asm-v1-2aca3a21673be9b7cfae16ad	GCF_009910015.1	GCF_009910015.1	exact_assembly_revision:GCF_009910015.1	EX0083	ND0083	GCF_009910015.1	0	AMBIGUOUS_UNROOTED_BACKBONE_OR_UNSUPPORTED		ALTERNATIVE_PARTITIONS_RETAINED_NO_FORCED_CLADE	GCF_006230745.1	0.00267798	L004	GCF_015163255.1	b4c6e6b010b3930d87ab6af594f4f2530fabd516c834df3267c72828697aa748
84	asm-v1-1493b2edb2f619df308b1b43	GCF_013370905.1	GCF_013370905.1	exact_assembly_revision:GCF_013370905.1	EX0084	ND0084	GCF_013370905.1	0	SUPPORTED_FIXED	HC001	MASH_PARAMETER_AND_SEED_STABLE_SPLIT	GCF_009820795.1	0.00885328	L003	GCF_013391275.1	e09f377e8a9aa44cfc809686be112552913c98a389233395b58c6dd7c0a23331
85	asm-v1-9a6a8d1e4c43782a00230ed8	GCF_000619025.1	GCF_000619025.1	exact_assembly_revision:GCF_000619025.1	EX0085	ND0085	GCF_000619025.1	0	SUPPORTED_FIXED	HC001	MASH_PARAMETER_AND_SEED_STABLE_SPLIT	GCF_921294225.1	0.00251625	L003	GCF_013391275.1	7fe3cdd819e42abc94b619a2ace17e292eccc4adf2d653c882c509a3e725b1d8
86	asm-v1-8febe80f14fecbdbe5f94fbd	GCF_016404105.1	GCF_016404105.1	exact_assembly_revision:GCF_016404105.1	EX0086	ND0086	GCF_016404105.1	0	SUPPORTED_FIXED	HC001	MASH_PARAMETER_AND_SEED_STABLE_SPLIT	GCF_016403925.1	0.00615579	L003	GCF_013391275.1	db79e9d94c2e03f842b7c3b8c2f9066f318c5e3e7c8ab43d20b5ab1163099ac4
87	asm-v1-3264637aa0d7b8419b615ab5	GCF_902859475.1	GCF_902859475.1	exact_assembly_revision:GCF_902859475.1	EX0087	ND0087	GCF_902859475.1	0	AMBIGUOUS_UNROOTED_BACKBONE_OR_UNSUPPORTED		ALTERNATIVE_PARTITIONS_RETAINED_NO_FORCED_CLADE	GCF_902859275.1	0.00419389	L012	GCF_000807565.1	eec40c37e920fc443a78b64c7398b4ebb71a9d2ced1946b8be4517cc31709563
88	asm-v1-1f4252164a42759fdfc774db	GCF_019282095.1	GCF_019282095.1	exact_assembly_revision:GCF_019282095.1	EX0088	ND0088	GCF_019282095.1	0	AMBIGUOUS_UNROOTED_BACKBONE_OR_UNSUPPORTED		ALTERNATIVE_PARTITIONS_RETAINED_NO_FORCED_CLADE	GCF_006542965.1	0.00181236	L010	GCF_003317605.1	094741d14be06acdaaf124b6b504c48f10e573723efa068e9495a70486c6b9b7
89	asm-v1-a0b27b0dc780b0d8f3e2142a	GCF_000326905.1	GCF_000326905.1	exact_assembly_revision:GCF_000326905.1	EX0089	ND0089	GCF_000326905.1	0	SUPPORTED_FIXED	HC007	MASH_PARAMETER_AND_SEED_STABLE_SPLIT	GCF_000460515.1	0.00265558	L012	GCF_000807565.1	b0446beedfac2284c476b82e8abb4ef20088bffaa59922c725f03b1ac0c2fc4f
90	asm-v1-cd4e5c61e9671ce18f9f184d	GCF_003357545.1	GCF_003357545.1	exact_assembly_revision:GCF_003357545.1	EX0090	ND0090	GCF_003357545.1	0	SUPPORTED_FIXED	HC001	MASH_PARAMETER_AND_SEED_STABLE_SPLIT	GCF_013391275.1	0.00988389	L003	GCF_013391275.1	4278f7c843ec2630c6a272718d8cb0b9c1779c1c2325affa70192a1870326c6c
91	asm-v1-40fdb64d006bb69fa2b33709	GCF_001753505.1	GCF_001753505.1	exact_assembly_revision:GCF_001753505.1	EX0091	ND0091	GCF_001753505.1	0	SUPPORTED_FIXED	HC002	MASH_PARAMETER_AND_SEED_STABLE_SPLIT	GCF_002164525.1	0.00029316	L008	GCF_002806795.1	601ae9319a312f9c6eb316fbe69debc5ab77e039a61dd9cc718d022664138e8b
92	asm-v1-70c46b43f8d5689ac4ca9d32	GCF_003292995.1	GCF_003292995.1	exact_assembly_revision:GCF_003292995.1	EX0092	ND0092	GCF_003292995.1	0	AMBIGUOUS_UNROOTED_BACKBONE_OR_UNSUPPORTED		ALTERNATIVE_PARTITIONS_RETAINED_NO_FORCED_CLADE	GCF_002228035.1	0.00636821	L003	GCF_013391275.1	b14d039ca8fd28ff6b8ade2e858d591416aa15a7d24db65077d6649c7ffa6fca
93	asm-v1-7b2d5205d47da07d2bdc3aca	GCF_001713625.1	GCF_001713625.1	exact_assembly_revision:GCF_001713625.1	EX0093	ND0093	GCF_001713625.1	0	AMBIGUOUS_UNROOTED_BACKBONE_OR_UNSUPPORTED		ALTERNATIVE_PARTITIONS_RETAINED_NO_FORCED_CLADE	GCF_006229985.1	0.00211043	L004	GCF_015163255.1	8859da6b3422b91d4325515bc3707fd6113332526f03432fdc61f8020fc58111
94	asm-v1-7c7447d252747c1af5aa3549	GCF_010592655.1	GCF_010592655.1	exact_assembly_revision:GCF_010592655.1	EX0094	ND0094	GCF_010592655.1	0	AMBIGUOUS_UNROOTED_BACKBONE_OR_UNSUPPORTED		ALTERNATIVE_PARTITIONS_RETAINED_NO_FORCED_CLADE	GCF_008373355.1	0.00522909	L003	GCF_013391275.1	33016a0d10dcf971853b281507a38867f0a1069253eb9901334d99017d383500
95	asm-v1-e44fa2d14858e37a359ef330	GCF_003322245.1	GCF_003322245.1	exact_assembly_revision:GCF_003322245.1	EX0095	ND0095	GCF_003322245.1	0	AMBIGUOUS_UNROOTED_BACKBONE_OR_UNSUPPORTED		ALTERNATIVE_PARTITIONS_RETAINED_NO_FORCED_CLADE	GCF_001058555.1	0.004991	L006	GCF_002534845.1	d0482ac9dc7e6b7e8415714b2499d63904682e05bde4a8fa85f3e8673e7a5250
96	asm-v1-5e08d24b5750d124934c0884	GCF_900490675.1	GCF_900490675.1	exact_assembly_revision:GCF_900490675.1	EX0096	ND0096	GCF_900490675.1	0	AMBIGUOUS_UNROOTED_BACKBONE_OR_UNSUPPORTED		ALTERNATIVE_PARTITIONS_RETAINED_NO_FORCED_CLADE	GCF_001519855.1	0.00325058	L012	GCF_000807565.1	637ac028498a1b5bd0a54e40324a329caea82efd8235e1a5650159988cb0700d
97	asm-v1-c3800f63c8daf18e6af0aaa1	GCF_017896545.1	GCF_017896545.1	exact_assembly_revision:GCF_017896545.1	EX0097	ND0097	GCF_017896545.1	0	AMBIGUOUS_UNROOTED_BACKBONE_OR_UNSUPPORTED		ALTERNATIVE_PARTITIONS_RETAINED_NO_FORCED_CLADE	GCF_000498835.2	0.00251625	L004	GCF_015163255.1	ecec4a9796330c275110d6ff78c121c913c3ece1d1af4a19f133b6c86004b75e
98	asm-v1-75786090079b909933a0de52	GCF_900499395.1	GCF_900499395.1	exact_assembly_revision:GCF_900499395.1	EX0098	ND0098	GCF_900499395.1	0	SUPPORTED_FIXED	HC005	MASH_PARAMETER_AND_SEED_STABLE_SPLIT	GCF_000418675.1	0.00295193	L009	GCF_001520375.1	3f20e5537e2719954093a25167878e472d1ea209f2dd6423cbdc83de053ab846
99	asm-v1-2064c286be6c3369f0dcc118	GCF_019957265.1	GCF_019957265.1	exact_assembly_revision:GCF_019957265.1	EX0099	ND0099	GCF_019957265.1	0	AMBIGUOUS_UNROOTED_BACKBONE_OR_UNSUPPORTED		ALTERNATIVE_PARTITIONS_RETAINED_NO_FORCED_CLADE	GCF_019879155.1	0.00663542	L003	GCF_013391275.1	9720a4746af45010cefb39aba107dd2f3574b9815607bd68d634e76b617d11cc
100	asm-v1-1ee856b1dec60d00372c00c8	GCF_003730815.1	GCF_003730815.1	exact_assembly_revision:GCF_003730815.1	EX0100	ND0100	GCF_003730815.1	0	SUPPORTED_FIXED	HC005	MASH_PARAMETER_AND_SEED_STABLE_SPLIT	GCF_008041205.1	0.00272848	L009	GCF_001520375.1	c31651ccf132e0b7b70c5a4d377149b2130f2e14df66d52e7706a5906002b53c
101	asm-v1-24884a4a86738e89bf871a7b	GCF_002810165.1	GCF_002810165.1	exact_assembly_revision:GCF_002810165.1	EX0101	ND0101	GCF_002810165.1	0	AMBIGUOUS_UNROOTED_BACKBONE_OR_UNSUPPORTED		ALTERNATIVE_PARTITIONS_RETAINED_NO_FORCED_CLADE	GCF_001911755.1	0.00440918	L003	GCF_013391275.1	338795c029f4daccf39dc16de4f35475745f895c1cc669365da63c75c55f24b8
102	asm-v1-1a5ea6b6f5285231c2fbc597	GCF_003020885.1	GCF_003020885.1	exact_assembly_revision:GCF_003020885.1	EX0102	ND0102	GCF_003020885.1	0	SUPPORTED_FIXED	HC004	MASH_PARAMETER_AND_SEED_STABLE_SPLIT	GCF_003569985.1	0.00282994	L012	GCF_000807565.1	9509122d1d514a11efe349eb0376c5c75a2dea1ce34e755a58bdbef5fb1fec2a
103	asm-v1-8ce69036cc24cd167b405305	GCF_019585745.1	GCF_019585745.1	exact_assembly_revision:GCF_019585745.1	EX0103	ND0103	GCF_019585745.1	0	SUPPORTED_FIXED	HC001	MASH_PARAMETER_AND_SEED_STABLE_SPLIT	GCF_004664255.1	0.00272848	L003	GCF_013391275.1	455de2933e6ea06481b398f3b7b0b6b32378d2d0139544b158a5e5e0f5ff3a11
104	asm-v1-0e779ade6c8e7f82046c984a	GCF_001519855.1	GCF_001519855.1	exact_assembly_revision:GCF_001519855.1	EX0104	ND0104	GCF_001519855.1	0	AMBIGUOUS_UNROOTED_BACKBONE_OR_UNSUPPORTED		ALTERNATIVE_PARTITIONS_RETAINED_NO_FORCED_CLADE	GCF_900490675.1,GCF_021168435.1	0.00325058	L012	GCF_000807565.1	6e42365507c644e6ad540d29b569622eefa6075d0284c977c8c1d1a9dd9ec913
105	asm-v1-9bd5c9688820f0df8a4a5318	GCF_003361255.1	GCF_003361255.1	exact_assembly_revision:GCF_003361255.1	EX0105	ND0105	GCF_003361255.1	0	SUPPORTED_FIXED	HC002	MASH_PARAMETER_AND_SEED_STABLE_SPLIT	GCF_005885955.1	0.00049081	L008	GCF_002806795.1	1776e3889d09135a4aff5649b7cfeb5580aba668999095988fdb04094ec685ff
106	asm-v1-65878115c623cd80a74374cb	GCF_020421595.1	GCF_020421595.1	exact_assembly_revision:GCF_020421595.1	EX0106	ND0106	GCF_020421595.1	0	SUPPORTED_FIXED	HC001	MASH_PARAMETER_AND_SEED_STABLE_SPLIT	GCF_001402805.1	0.00435357	L003	GCF_013391275.1	ca1e63be12bca50b4e0d311904aa5068a016f9101d808d6d15ffa19934f3e917
107	asm-v1-c96f80149734ca008fbf3ba9	GCF_020381905.1	GCF_020381905.1	exact_assembly_revision:GCF_020381905.1	EX0107	ND0107	GCF_020381905.1	0	SUPPORTED_FIXED	HC001	MASH_PARAMETER_AND_SEED_STABLE_SPLIT	GCF_020733985.1	0.00679337	L003	GCF_013391275.1	ad692792d6d14fa2556c70334293a542bae702d30250cb0c1f7cb8ea37804ef7
108	asm-v1-85dd7d1cae0395a55d315e69	GCF_005384845.1	GCF_005384845.1	exact_assembly_revision:GCF_005384845.1	EX0108	ND0108	GCF_005384845.1	0	SUPPORTED_FIXED	HC001	MASH_PARAMETER_AND_SEED_STABLE_SPLIT	GCF_003357405.1	0.00534606	L003	GCF_013391275.1	39991d60b6c36ac19c47a98782ae851d80c80ed7f16fc44d28f4cca2bf7d28fd
109	asm-v1-a24dfb20ff5bc2a1a66e43cc	GCF_020553415.1	GCF_020553415.1	exact_assembly_revision:GCF_020553415.1	EX0109	ND0109	GCF_020553415.1	0	SUPPORTED_FIXED	HC001	MASH_PARAMETER_AND_SEED_STABLE_SPLIT	GCF_002542255.1	0.0111321	L003	GCF_013391275.1	7d4420cfe9c3dd84799a4363ed0461bd35c65068fda254574f1292b3c3d76898
110	asm-v1-298fcbfe2065463c1c9d3743	GCF_003981865.1	GCF_003981865.1	exact_assembly_revision:GCF_003981865.1	EX0110	ND0110	GCF_003981865.1	0	SUPPORTED_FIXED	HC001	MASH_PARAMETER_AND_SEED_STABLE_SPLIT	GCF_002302315.1	0.00107832	L003	GCF_013391275.1	9214fe9e7628e59765ace789a6f1dd812145e1b1489f565da5a45790064ed501
111	asm-v1-4d07dafb1c5678c161088735	GCF_900482585.1	GCF_900482585.1	exact_assembly_revision:GCF_900482585.1	EX0111	ND0111	GCF_900482585.1	0	SUPPORTED_FIXED	HC001	MASH_PARAMETER_AND_SEED_STABLE_SPLIT	GCF_009789835.1	0.00394798	L003	GCF_013391275.1	4130e9df05e298b80e8a971d3c1a04d0b489743c5c0341300529734c11c4d6b6
112	asm-v1-bcd996b233020fcb4c0c376b	GCF_002486525.1	GCF_002486525.1	exact_assembly_revision:GCF_002486525.1	EX0112	ND0112	GCF_002486525.1	0	SUPPORTED_FIXED	HC002	MASH_PARAMETER_AND_SEED_STABLE_SPLIT	GCF_002486725.1	1.66754e-05	L008	GCF_002806795.1	fc000a5dfcc4552b4e3f7125a71836081f5e039ead54b26302530ee3c668296e
113	asm-v1-2477b7350a2afef10b320c9a	GCF_900478915.1	GCF_900478915.1	exact_assembly_revision:GCF_900478915.1	EX0113	ND0113	GCF_900478915.1	0	SUPPORTED_FIXED	HC003	MASH_PARAMETER_AND_SEED_STABLE_SPLIT	GCF_003328195.1	0.0079862	L003	GCF_013391275.1	b7806360a599b4c8370ce703f9819cc494b79eb8b675c3aa31088586ba2381c3
114	asm-v1-4a22d9738259a930686778a9	GCF_000457675.1	GCF_000457675.1	exact_assembly_revision:GCF_000457675.1	EX0114	ND0114	GCF_000457675.1	0	SUPPORTED_FIXED	HC007	MASH_PARAMETER_AND_SEED_STABLE_SPLIT	GCF_000460515.1	0.00231212	L012	GCF_000807565.1	02dafca768d2a353562a98af274e02d026a2c6cdb2555ceadca56d4a3adca569
115	asm-v1-e36c28d65775cdb54db5ec18	GCF_001621575.1	GCF_001621575.1	exact_assembly_revision:GCF_001621575.1	EX0115	ND0115	GCF_001621575.1	0	AMBIGUOUS_UNROOTED_BACKBONE_OR_UNSUPPORTED		ALTERNATIVE_PARTITIONS_RETAINED_NO_FORCED_CLADE	GCF_003317605.1	0.0010656	L010	GCF_003317605.1	7fa40dea666116b5d1c884445e77ed1adb1fec5ddfd64844c35a2c1bf2b09474
116	asm-v1-17eb83e66f68b28af50bb52a	GCF_009789895.1	GCF_009789895.1	exact_assembly_revision:GCF_009789895.1	EX0116	ND0116	GCF_009789895.1	0	AMBIGUOUS_UNROOTED_BACKBONE_OR_UNSUPPORTED		ALTERNATIVE_PARTITIONS_RETAINED_NO_FORCED_CLADE	GCF_001521415.1	0.00465532	L004	GCF_015163255.1	530c207662c0ec8c917625763c22f7e0ba90860a02764088e1e8d9f38a0d066b
117	asm-v1-7de306702c997388812a641d	GCF_004566835.1	GCF_004566835.1	exact_assembly_revision:GCF_004566835.1	EX0117	ND0117	GCF_004566835.1	0	AMBIGUOUS_UNROOTED_BACKBONE_OR_UNSUPPORTED		ALTERNATIVE_PARTITIONS_RETAINED_NO_FORCED_CLADE	GCF_006230395.1	0.000971751	L010	GCF_003317605.1	03aa77e520d54dd6a1cba9317826fb07a9f6ac2195d01b686623aa7c3e149dd3
118	asm-v1-3236ddb3f9c2fffea22a4966	GCF_020023255.1	GCF_020023255.1	exact_assembly_revision:GCF_020023255.1	EX0118	ND0118	GCF_020023255.1	0	SUPPORTED_FIXED	HC006	MASH_PARAMETER_AND_SEED_STABLE_SPLIT	GCF_000005845.2	0.000349035	L003	GCF_013391275.1	59cd3ee440ed404102d9e2f8aa188887d3331a1f644cedb578e1991d897fc30d
119	asm-v1-0f647648184c8aa43ecf3f31	GCF_002194865.1	GCF_002194865.1	exact_assembly_revision:GCF_002194865.1	EX0119	ND0119	GCF_002194865.1	0	SUPPORTED_FIXED	HC002	MASH_PARAMETER_AND_SEED_STABLE_SPLIT	GCF_002486525.1	0.000194036	L008	GCF_002806795.1	c82124a096507f150107f339c7bbc3076cc8bb443183c038e6b7fb6d74601dfa
120	asm-v1-2b81d9b41ff19ed11b140548	GCF_009882745.1	GCF_009882745.1	exact_assembly_revision:GCF_009882745.1	EX0120	ND0120	GCF_009882745.1	0	SUPPORTED_FIXED	HC001	MASH_PARAMETER_AND_SEED_STABLE_SPLIT	GCF_002229215.1	0.00563188	L003	GCF_013391275.1	cc019ba4d717a6f89f8d62b6052cc76bcc00a5dc0f9107cfb4dd24fbfad6bd81
121	asm-v1-960926141466b4e293efda88	GCF_003302025.1	GCF_003302025.1	exact_assembly_revision:GCF_003302025.1	EX0121	ND0121	GCF_003302025.1	0	AMBIGUOUS_UNROOTED_BACKBONE_OR_UNSUPPORTED		ALTERNATIVE_PARTITIONS_RETAINED_NO_FORCED_CLADE	GCF_004568995.1	0.000893534	L010	GCF_003317605.1	0fa8899b1b185d52db5972560591e4f1a50d85af6bbff114a7b71aebb594ba4f
122	asm-v1-884e9cbf277967272674f92a	GCF_002465545.1	GCF_002465545.1	exact_assembly_revision:GCF_002465545.1	EX0122	ND0122	GCF_002465545.1	0	SUPPORTED_FIXED	HC002	MASH_PARAMETER_AND_SEED_STABLE_SPLIT	GCF_011033255.1	0.000397782	L008	GCF_002806795.1	d2d885fed86cf3dc6283888676ce81fa0c23fbda3061be2b1edb6858fef40f3c
123	asm-v1-27ffeb5df0a1195913f68e5b	GCF_006542825.1	GCF_006542825.1	exact_assembly_revision:GCF_006542825.1	EX0123	ND0123	GCF_006542825.1	0	AMBIGUOUS_UNROOTED_BACKBONE_OR_UNSUPPORTED		ALTERNATIVE_PARTITIONS_RETAINED_NO_FORCED_CLADE	GCF_000692515.1	0.00249129	L016	GCF_000692515.1	af6572b2fe3576bbf59147e9f9e774ede7ed692f6300349a750504c5e5b29ea8
124	asm-v1-0307af4fec82c862fe2d0a40	GCF_009931235.1	GCF_009931235.1	exact_assembly_revision:GCF_009931235.1	EX0124	ND0124	GCF_009931235.1	0	SUPPORTED_FIXED	HC002	MASH_PARAMETER_AND_SEED_STABLE_SPLIT	GCF_009896495.1	0.000264084	L008	GCF_002806795.1	2745712683b6f2cf14df0e87666f642457a79ae246e1d37589f5ae00e69b003a
125	asm-v1-8717ab0873cc28f3479226d9	GCF_000835055.1	GCF_000835055.1	exact_assembly_revision:GCF_000835055.1	EX0125	ND0125	GCF_000835055.1	0	SUPPORTED_FIXED	HC001	MASH_PARAMETER_AND_SEED_STABLE_SPLIT	GCF_002535195.1	0.00356923	L003	GCF_013391275.1	3ba4290af61ee1b693a7f7024366e375d8c1749e8577a85791f94435770f4040
126	asm-v1-16bf0309255fcc117fbef284	GCF_003293975.1	GCF_003293975.1	exact_assembly_revision:GCF_003293975.1	EX0126	ND0126	GCF_003293975.1	0	SUPPORTED_FIXED	HC001	MASH_PARAMETER_AND_SEED_STABLE_SPLIT	GCF_000617525.2	0.0022028	L003	GCF_013391275.1	10dd807c62335541f9c2953541b5fcef88e83cbd71f59c71dba5e1a9d8fdcba9
127	asm-v1-d8699cbe6ec8c87f76f740d8	GCF_002116465.1	GCF_002116465.1	exact_assembly_revision:GCF_002116465.1	EX0127	ND0127	GCF_002116465.1	0	SUPPORTED_FIXED	HC001	MASH_PARAMETER_AND_SEED_STABLE_SPLIT	GCF_013391275.1	0.00855351	L003	GCF_013391275.1	51d1e12ff460b15175f80bfad8b80c5a1b53a318e676b618eb031a057d6757bf
128	asm-v1-986bef7dd17a4c1212022400	GCF_002228865.1	GCF_002228865.1	exact_assembly_revision:GCF_002228865.1	EX0128	ND0128	GCF_002228865.1	0	SUPPORTED_FIXED	HC001	MASH_PARAMETER_AND_SEED_STABLE_SPLIT	GCF_000797675.1	0.00391184	L003	GCF_013391275.1	e4951bb053f7977e1c3e66bf847454b02b3ce244447f43d927e66a1ad76d9a9b
129	asm-v1-6287145e977ba39b2f4904fb	GCF_002486585.1	GCF_002486585.1	exact_assembly_revision:GCF_002486585.1	EX0129	ND0129	GCF_002486585.1	0	SUPPORTED_FIXED	HC002	MASH_PARAMETER_AND_SEED_STABLE_SPLIT	GCF_002486525.1	0.000466277	L008	GCF_002806795.1	bfda7eaee38d09920bfda455bce84ed0dcb7bf22c5caac25719ce670b868c98c
130	asm-v1-142986f77d03a686f89f864f	GCF_002244095.1	GCF_002244095.1	exact_assembly_revision:GCF_002244095.1	EX0130	ND0130	GCF_002244095.1	0	AMBIGUOUS_UNROOTED_BACKBONE_OR_UNSUPPORTED		ALTERNATIVE_PARTITIONS_RETAINED_NO_FORCED_CLADE	GCF_003317605.1	0.00106814	L010	GCF_003317605.1	92c065c88f0d04d79721f0b33d131c1ff8dc6e2bf2cd1ea16b4ffc9f26b4fc0a
131	asm-v1-b6740c491b81f01cd73f2f3b	GCF_001651605.1	GCF_001651605.1	exact_assembly_revision:GCF_001651605.1	EX0131	ND0131	GCF_001651605.1	0	AMBIGUOUS_UNROOTED_BACKBONE_OR_UNSUPPORTED		ALTERNATIVE_PARTITIONS_RETAINED_NO_FORCED_CLADE	GCF_000408485.1	0.00359875	L002	GCF_001651605.1	6d988dc9542b151996aaa7ced0d8ab545d672515188f33671e007c517e5f1177
132	asm-v1-7763d434f05211d40bf09374	GCF_019834335.1	GCF_019834335.1	exact_assembly_revision:GCF_019834335.1	EX0132	ND0132	GCF_019834335.1	0	AMBIGUOUS_UNROOTED_BACKBONE_OR_UNSUPPORTED		ALTERNATIVE_PARTITIONS_RETAINED_NO_FORCED_CLADE	GCF_019879155.1	0.00637165	L003	GCF_013391275.1	a73500464b3d3a4fae1a059a111097585e3616585266aeaf1fb450b3cad65e7d
133	asm-v1-d1e21fa56ef7d896d57e2fdb	GCF_001266305.1	GCF_001266305.1	exact_assembly_revision:GCF_001266305.1	EX0133	ND0133	GCF_001266305.1	0	AMBIGUOUS_UNROOTED_BACKBONE_OR_UNSUPPORTED		ALTERNATIVE_PARTITIONS_RETAINED_NO_FORCED_CLADE	GCF_017118895.1	0.0134329	L012	GCF_000807565.1	37f51b33f6e492fcbf5a52b6dbe5ac648a7a1da94066a8d912f40dd7d2131c12
134	asm-v1-0a76d9b911a6a0840bc2ee29	GCF_000357825.2	GCF_000357825.2	exact_assembly_revision:GCF_000357825.2	EX0134	ND0134	GCF_000357825.2	0	SUPPORTED_FIXED	HC001	MASH_PARAMETER_AND_SEED_STABLE_SPLIT	GCF_000355215.2	0.00765142	L003	GCF_013391275.1	a69e9d8a3c1eb491a059c135aebddf08b183b05048771287f94d33eaadba4597
135	asm-v1-17523ce0779de995164d5409	GCF_009767495.1	GCF_009767495.1	exact_assembly_revision:GCF_009767495.1	EX0135	ND0135	GCF_009767495.1	0	SUPPORTED_FIXED	HC001	MASH_PARAMETER_AND_SEED_STABLE_SPLIT	GCF_005393145.1	0.00504221	L003	GCF_013391275.1	acfe87bc1a5ddfb49ef2f48efff9e5b511f29fee9ff508afba58a9f9b41180cc
136	asm-v1-6c180b8cdc6ac8e7c2b6a14b	GCF_003988295.1	GCF_003988295.1	exact_assembly_revision:GCF_003988295.1	EX0136	ND0136	GCF_003988295.1	0	AMBIGUOUS_UNROOTED_BACKBONE_OR_UNSUPPORTED		ALTERNATIVE_PARTITIONS_RETAINED_NO_FORCED_CLADE	GCF_020731765.1	0.00645801	L003	GCF_013391275.1	a1f2cb9526680957121cd77de972fbd6e8807ebaba22c65c7fe12c5fb92e57a1
137	asm-v1-abfbd4db0f259e1ee306f78b	GCF_016404405.2	GCF_016404405.2	exact_assembly_revision:GCF_016404405.2	EX0137	ND0137	GCF_016404405.2	0	SUPPORTED_FIXED	HC001	MASH_PARAMETER_AND_SEED_STABLE_SPLIT	GCF_000703265.1	0.00116255	L003	GCF_013391275.1	ce85f7a25b8db87875a6458a0fc880dc1e19b851c337049502d8102f4a4abcc9
138	asm-v1-df9111add03570ec13656b9d	GCF_009794305.1	GCF_009794305.1	exact_assembly_revision:GCF_009794305.1	EX0138	ND0138	GCF_009794305.1	0	SUPPORTED_FIXED	HC001	MASH_PARAMETER_AND_SEED_STABLE_SPLIT	GCF_019120745.1	0.00609118	L003	GCF_013391275.1	577cf9fe133d8b75e6ecf541638bcc37a7964a8e33ceee15005bf8b751625a68
139	asm-v1-3a984168f4ad9d7283a4d001	GCF_000355215.2	GCF_000355215.2	exact_assembly_revision:GCF_000355215.2	EX0139	ND0139	GCF_000355215.2	0	SUPPORTED_FIXED	HC001	MASH_PARAMETER_AND_SEED_STABLE_SPLIT	GCF_003982245.1	0.00239458	L003	GCF_013391275.1	7fc939e49948b8ae055bad0a9df1dde036109dedb72ea5079cd17b49dbb9d7fe
140	asm-v1-a42990e47f3da958ee4e7624	GCF_001191045.1	GCF_001191045.1	exact_assembly_revision:GCF_001191045.1	EX0140	ND0140	GCF_001191045.1	0	AMBIGUOUS_UNROOTED_BACKBONE_OR_UNSUPPORTED		ALTERNATIVE_PARTITIONS_RETAINED_NO_FORCED_CLADE	GCF_019969625.1	0.0101166	L003	GCF_013391275.1	02628a6bd68461746d5f4f62a175df6034cca6e16ec0730b8559e25cd2578285
141	asm-v1-a9b4343b0d826aeabe2b47f7	GCF_016403925.1	GCF_016403925.1	exact_assembly_revision:GCF_016403925.1	EX0141	ND0141	GCF_016403925.1	0	SUPPORTED_FIXED	HC001	MASH_PARAMETER_AND_SEED_STABLE_SPLIT	GCF_016404105.1	0.00615579	L003	GCF_013391275.1	94187a0a9de9626e306ee40d4be97384c1d664eeadd427401d45bb392b7f5a83
142	asm-v1-daa0b6c0cab38878a41557da	GCF_013391275.1	GCF_013391275.1	exact_assembly_revision:GCF_013391275.1	EX0142	ND0142	GCF_013391275.1	0	SUPPORTED_FIXED	HC001	MASH_PARAMETER_AND_SEED_STABLE_SPLIT	GCF_002511115.1	0.00275379	L003	GCF_013391275.1	e31788e659edf2ef05d9e1d1225eb8bd2a1273a23f9376bf52fbcd039ddfdbd1
143	asm-v1-c5d18cfe99c6552dfdf066d3	GCF_003076695.1	GCF_003076695.1	exact_assembly_revision:GCF_003076695.1	EX0143	ND0078	GCF_003076715.1	6.6807e-05	AMBIGUOUS_UNROOTED_BACKBONE_OR_UNSUPPORTED		ALTERNATIVE_PARTITIONS_RETAINED_NO_FORCED_CLADE	GCF_003076715.1	6.6807e-05	L010	GCF_003317605.1	7ab02f4fcaf6db5c29a132fb95dd101c1117e2851a1e0fffc01809fd4fac0b52
144	asm-v1-9887cf063f106a45194bca4a	GCF_013395855.1	GCF_013395855.1	exact_assembly_revision:GCF_013395855.1	EX0144	ND0143	GCF_013395855.1	0	SUPPORTED_FIXED	HC003	MASH_PARAMETER_AND_SEED_STABLE_SPLIT	GCF_015620665.1	0.0021783	L003	GCF_013391275.1	fa201076168a8c5a0db41aab7c85fb8ac07422c24ab2b0afec34d1d068afe9fa
145	asm-v1-1c586f3261fd7828299f36a7	GCF_900096855.1	GCF_900096855.1	exact_assembly_revision:GCF_900096855.1	EX0145	ND0144	GCF_900096855.1	0	SUPPORTED_FIXED	HC006	MASH_PARAMETER_AND_SEED_STABLE_SPLIT	GCF_003172455.1	0.000407549	L003	GCF_013391275.1	7e8d2e70bb368b4d43e1f27d106c6881c04553c86ca35469875f68b7b7e8a96f
146	asm-v1-72a3f526c86d42bad9304c43	GCF_003731535.1	GCF_003731535.1	exact_assembly_revision:GCF_003731535.1	EX0146	ND0145	GCF_003731535.1	0	AMBIGUOUS_UNROOTED_BACKBONE_OR_UNSUPPORTED		ALTERNATIVE_PARTITIONS_RETAINED_NO_FORCED_CLADE	GCF_003731035.1	0.000783157	L003	GCF_013391275.1	99f683b15f27b64621981344e64afe0d823f818747e9df5a3b7d9d7d199dcadc
147	asm-v1-67822918509697f85e599e9f	GCF_016103185.1	GCF_016103185.1	exact_assembly_revision:GCF_016103185.1	EX0147	ND0146	GCF_016103185.1	0	SUPPORTED_FIXED	HC001	MASH_PARAMETER_AND_SEED_STABLE_SPLIT	GCF_020051575.1	0.00100213	L003	GCF_013391275.1	9ca0194d5a80ce06c1e6494c13d8cd1a10886927ca5c1be31f89fdb569dc9e4c
148	asm-v1-71bc82a3050b9f6ac3f5ecc3	GCF_009393955.1	GCF_009393955.1	exact_assembly_revision:GCF_009393955.1	EX0148	ND0147	GCF_009393955.1	0	AMBIGUOUS_UNROOTED_BACKBONE_OR_UNSUPPORTED		ALTERNATIVE_PARTITIONS_RETAINED_NO_FORCED_CLADE	GCF_011404355.1	0.00448982	L003	GCF_013391275.1	337c9c85f8374d08820f336f10f811dc8b6d8bf345dc6522fddf31575ec01263
149	asm-v1-9594569602a4cf1fd69342a0	GCF_002227115.1	GCF_002227115.1	exact_assembly_revision:GCF_002227115.1	EX0149	ND0148	GCF_002227115.1	0	AMBIGUOUS_UNROOTED_BACKBONE_OR_UNSUPPORTED		ALTERNATIVE_PARTITIONS_RETAINED_NO_FORCED_CLADE	GCF_001749385.1	0.00489854	L003	GCF_013391275.1	564e528ea8da8571fc515b505f95e7cec8612b3b6900e3249dcf9ae8a20cd850
150	asm-v1-0cb8995ce8fda20d7521d4b7	GCF_002542255.1	GCF_002542255.1	exact_assembly_revision:GCF_002542255.1	EX0150	ND0149	GCF_002542255.1	0	SUPPORTED_FIXED	HC001	MASH_PARAMETER_AND_SEED_STABLE_SPLIT	GCF_005399985.1	0.00636132	L003	GCF_013391275.1	6fdda2985d40ecac221402c16ffe4325d42583f504086a5fe4f8fb7b0f2b1659
151	asm-v1-4ab65706b153b317807e5275	GCF_004569685.1	GCF_004569685.1	exact_assembly_revision:GCF_004569685.1	EX0151	ND0150	GCF_004569685.1	0	AMBIGUOUS_UNROOTED_BACKBONE_OR_UNSUPPORTED		ALTERNATIVE_PARTITIONS_RETAINED_NO_FORCED_CLADE	GCF_004567885.1	0.000800667	L010	GCF_003317605.1	27c3bf659811d8a9f8cb0a88887cec645fbfebc3dd311ba84761f74598c0f683
152	asm-v1-b4bb1eb5088087d24887adba	GCF_013395785.1	GCF_013395785.1	exact_assembly_revision:GCF_013395785.1	EX0152	ND0151	GCF_013395785.1	0	SUPPORTED_FIXED	HC003	MASH_PARAMETER_AND_SEED_STABLE_SPLIT	GCF_006350385.1	0.0035162	L003	GCF_013391275.1	f76d120fb821690babb898248d277cf58d688857205b826bc77e2e623708a74f
153	asm-v1-9daa521098b910404e99f280	GCF_011404355.1	GCF_011404355.1	exact_assembly_revision:GCF_011404355.1	EX0153	ND0152	GCF_011404355.1	0	AMBIGUOUS_UNROOTED_BACKBONE_OR_UNSUPPORTED		ALTERNATIVE_PARTITIONS_RETAINED_NO_FORCED_CLADE	GCF_002229155.1	0.00401746	L003	GCF_013391275.1	c2c70cebf5c02eedc7d4f57d9d3ec1ea86f248d8fbade7d5841a097c22020908
154	asm-v1-3aa8868f7fb61285bc0ad479	GCF_002228265.1	GCF_002228265.1	exact_assembly_revision:GCF_002228265.1	EX0154	ND0153	GCF_002228265.1	0	AMBIGUOUS_UNROOTED_BACKBONE_OR_UNSUPPORTED		ALTERNATIVE_PARTITIONS_RETAINED_NO_FORCED_CLADE	GCF_002228035.1	0.00254125	L003	GCF_013391275.1	85cba522cf413121de5725dbaaac48942e61a752c943567c014e53d5d5ef2b93
155	asm-v1-d7742285fb1f99a81d7682c3	GCF_004523615.1	GCF_004523615.1	exact_assembly_revision:GCF_004523615.1	EX0155	ND0154	GCF_004523615.1	0	SUPPORTED_FIXED	HC001	MASH_PARAMETER_AND_SEED_STABLE_SPLIT	GCF_000355215.2	0.00366389	L003	GCF_013391275.1	18ad1d76251ef406c58d8f0ca9c946949317bef7e0b28f071e47d7d0c2e2e1e8
156	asm-v1-6bd4d9bfbee2807c2d28da41	GCF_019051815.1	GCF_019051815.1	exact_assembly_revision:GCF_019051815.1	EX0156	ND0155	GCF_019051815.1	0	SUPPORTED_FIXED	HC001	MASH_PARAMETER_AND_SEED_STABLE_SPLIT	GCF_019050495.1	0.000441781	L003	GCF_013391275.1	76ab4b17ff18d05337c1ce3781118bb7549698a2585c77849e2785871b6251e5
157	asm-v1-c047e5f771444de0422a57e5	GCF_016760895.1	GCF_016760895.1	exact_assembly_revision:GCF_016760895.1	EX0157	ND0156	GCF_016760895.1	0	SUPPORTED_FIXED	HC004	MASH_PARAMETER_AND_SEED_STABLE_SPLIT	GCF_003570445.1	0.00255237	L012	GCF_000807565.1	a618941c66c019395b118e1c19dde2289eb5f6adfe95b1193b5f6645a0888eb1
158	asm-v1-fc1afbd0594cbb2a1342b694	GCF_900500215.1	GCF_900500215.1	exact_assembly_revision:GCF_900500215.1	EX0158	ND0157	GCF_900500215.1	0	AMBIGUOUS_UNROOTED_BACKBONE_OR_UNSUPPORTED		ALTERNATIVE_PARTITIONS_RETAINED_NO_FORCED_CLADE	GCF_001059075.1	0.0098385	L010	GCF_003317605.1	814947b841bb804ee92a99e9a7bd7206f37c73501e894deefe8fd749fee9541c
159	asm-v1-d2870626a38c7d19f84e1736	GCF_001894065.1	GCF_001894065.1	exact_assembly_revision:GCF_001894065.1	EX0159	ND0158	GCF_001894065.1	0	AMBIGUOUS_UNROOTED_BACKBONE_OR_UNSUPPORTED		ALTERNATIVE_PARTITIONS_RETAINED_NO_FORCED_CLADE	GCF_009600715.1	0.00549334	L003	GCF_013391275.1	1c5efcefb7aee4bd1f0dc4a925d5b6f5aac3a5f4fd054fb4d288392dd5b50508
160	asm-v1-671d29f08a35bff2ae4493b4	GCF_005399985.1	GCF_005399985.1	exact_assembly_revision:GCF_005399985.1	EX0160	ND0159	GCF_005399985.1	0	SUPPORTED_FIXED	HC001	MASH_PARAMETER_AND_SEED_STABLE_SPLIT	GCF_003357915.1	0.00280734	L003	GCF_013391275.1	61021b9cd0d5e09bb56a2f5336eac94d16b2e0ce1d72c0269580be602ac22b99
161	asm-v1-c20b549839b9eb1c52c15967	GCF_900520305.1	GCF_900520305.1	exact_assembly_revision:GCF_900520305.1	EX0161	ND0160	GCF_900520305.1	0	AMBIGUOUS_UNROOTED_BACKBONE_OR_UNSUPPORTED		ALTERNATIVE_PARTITIONS_RETAINED_NO_FORCED_CLADE	GCF_000511425.1	0.00107323	L003	GCF_013391275.1	65f3447130c24dc8dff03898114cbcc86833983a4926594e8e6ef3f738040618
162	asm-v1-6b197b73c518c38364bb48a4	GCF_000627985.1	GCF_000627985.1	exact_assembly_revision:GCF_000627985.1	EX0162	ND0161	GCF_000627985.1	0	SUPPORTED_FIXED	HC001	MASH_PARAMETER_AND_SEED_STABLE_SPLIT	GCF_000627925.1	0.000121895	L003	GCF_013391275.1	15097740acc58b3a0baa662378341fda533a3d4fdd3024f22e8d6a1a1764f149
163	asm-v1-21d9b2c6c0587a9370f09f45	GCF_002972665.1	GCF_002972665.1	exact_assembly_revision:GCF_002972665.1	EX0163	ND0162	GCF_002972665.1	0	AMBIGUOUS_UNROOTED_BACKBONE_OR_UNSUPPORTED		ALTERNATIVE_PARTITIONS_RETAINED_NO_FORCED_CLADE	GCF_002972815.1	0.00606744	L012	GCF_000807565.1	960427978f81e186ebc50e5024644c5e7b72ff6770776c63f11df233a6aa330d
164	asm-v1-6ce480372bf3ad66f7e004ad	GCF_013183145.1	GCF_013183145.1	exact_assembly_revision:GCF_013183145.1	EX0164	ND0163	GCF_013183145.1	0	AMBIGUOUS_UNROOTED_BACKBONE_OR_UNSUPPORTED		ALTERNATIVE_PARTITIONS_RETAINED_NO_FORCED_CLADE	GCF_900481955.1	0.0026948	L013	GCF_900481955.1	384c772408ada0756a88982fe1b65d321037689f8629dd20a035ac6e1c0400da
165	asm-v1-9ec6aa9b3ddb397fa0fc8b45	GCF_000458295.1	GCF_000458295.1	exact_assembly_revision:GCF_000458295.1	EX0165	ND0164	GCF_000458295.1	0	AMBIGUOUS_UNROOTED_BACKBONE_OR_UNSUPPORTED		ALTERNATIVE_PARTITIONS_RETAINED_NO_FORCED_CLADE	GCF_000457285.1	0.00112166	L010	GCF_003317605.1	1d7cfc2adb21774cd718d68c24a07480b5e7730c7009aff418612079f92cf2e1
166	asm-v1-525e010bb1e5cd7110d7652a	GCF_020216385.1	GCF_020216385.1	exact_assembly_revision:GCF_020216385.1	EX0166	ND0165	GCF_020216385.1	0	AMBIGUOUS_UNROOTED_BACKBONE_OR_UNSUPPORTED		ALTERNATIVE_PARTITIONS_RETAINED_NO_FORCED_CLADE	GCF_020216345.1	0.000718286	L014	GCF_009880335.1	1d56a580dafbf92bcb7b1a761f94f3abe357d20b9f74fe0940296187d286e2ff
167	asm-v1-85cc85619bca5de60bb0b83b	GCF_002464385.1	GCF_002464385.1	exact_assembly_revision:GCF_002464385.1	EX0167	ND0166	GCF_002464385.1	0	SUPPORTED_FIXED	HC001	MASH_PARAMETER_AND_SEED_STABLE_SPLIT	GCF_002796445.1	0.00530048	L003	GCF_013391275.1	3b6e441cd801eea42212d161fe36af2e3e712f5c8acdee0aa74da260ee0a1dfd
168	asm-v1-abcce0dad804e0f11d0a6204	GCF_004010615.1	GCF_004010615.1	exact_assembly_revision:GCF_004010615.1	EX0168	ND0167	GCF_004010615.1	0	SUPPORTED_FIXED	HC002	MASH_PARAMETER_AND_SEED_STABLE_SPLIT	GCF_005885955.1	0.00036608	L008	GCF_002806795.1	2c63a25ec9104419f906fd8537ec8cc9714dac3d6683dde940af646796e8b3f3
169	asm-v1-d40763a09bac929d9cdaecad	GCF_006233005.1	GCF_006233005.1	exact_assembly_revision:GCF_006233005.1	EX0169	ND0168	GCF_006233005.1	0	AMBIGUOUS_UNROOTED_BACKBONE_OR_UNSUPPORTED		ALTERNATIVE_PARTITIONS_RETAINED_NO_FORCED_CLADE	GCF_001521415.1	0.00511931	L004	GCF_015163255.1	20f7837186d97be06b0b27701210886b95a3310c510d30bd8134741defeee877
170	asm-v1-b434218142397fecd80f996a	GCF_019104325.1	GCF_019104325.1	exact_assembly_revision:GCF_019104325.1	EX0170	ND0169	GCF_019104325.1	0	AMBIGUOUS_UNROOTED_BACKBONE_OR_UNSUPPORTED		ALTERNATIVE_PARTITIONS_RETAINED_NO_FORCED_CLADE	GCF_001521415.1	0.00545395	L004	GCF_015163255.1	86704edf1cd655941d9bc7185af2c82f84f194f17c64211728c54c2edce4d9e9
171	asm-v1-da44379cbe9ca54c4d93669c	GCF_000599645.1	GCF_000599645.1	exact_assembly_revision:GCF_000599645.1	EX0171	ND0170	GCF_000599645.1	0	SUPPORTED_FIXED	HC003	MASH_PARAMETER_AND_SEED_STABLE_SPLIT	GCF_002307525.1	0.00395703	L003	GCF_013391275.1	c31ec94cb2f52e5b36897f02c609455efb581d909015e0334c5560469e295faf
172	asm-v1-53be697b70771fd341069a5f	GCF_003956205.1	GCF_003956205.1	exact_assembly_revision:GCF_003956205.1	EX0172	ND0171	GCF_003956205.1	0	SUPPORTED_FIXED	HC001	MASH_PARAMETER_AND_SEED_STABLE_SPLIT	GCF_002302315.1	0.000434439	L003	GCF_013391275.1	0cc8a1d9f1405f7fd23a48e6eda8e83167b498bb5510bdff374790031cfe8a50
173	asm-v1-c52edecc41d224878443e024	GCF_014169035.1	GCF_014169035.1	exact_assembly_revision:GCF_014169035.1	EX0173	ND0172	GCF_014169035.1	0	AMBIGUOUS_UNROOTED_BACKBONE_OR_UNSUPPORTED		ALTERNATIVE_PARTITIONS_RETAINED_NO_FORCED_CLADE	GCF_005397685.1	0.00478758	L004	GCF_015163255.1	f7ac3d299026904e911160ee89020950669e0e23e226d2eadad6ff88a5bc838a
174	asm-v1-c49cd3be967d30963e201306	GCF_900016095.1	GCF_900016095.1	exact_assembly_revision:GCF_900016095.1	EX0174	ND0173	GCF_900016095.1	0	SUPPORTED_FIXED	HC001	MASH_PARAMETER_AND_SEED_STABLE_SPLIT	GCF_001606755.1	0.00493355	L003	GCF_013391275.1	3d44501d0bbdb360ac376fac8a3a88b165a4955e54cc113b3afec767247d4d54
175	asm-v1-1010c8c011cee49be636cb73	GCF_900015375.1	GCF_900015375.1	exact_assembly_revision:GCF_900015375.1	EX0175	ND0174	GCF_900015375.1	0	SUPPORTED_FIXED	HC002	MASH_PARAMETER_AND_SEED_STABLE_SPLIT	GCF_921380995.1	0.000898569	L008	GCF_002806795.1	c372b720978d64c65c61abfa5549dda55770ba26524e59e5dcda0d427d2af16b
176	asm-v1-e660ce4d8282f147259e8521	GCF_000351505.1	GCF_000351505.1	exact_assembly_revision:GCF_000351505.1	EX0176	ND0175	GCF_000351505.1	0	SUPPORTED_FIXED	HC004	MASH_PARAMETER_AND_SEED_STABLE_SPLIT	GCF_000013265.1	0.000564635	L012	GCF_000807565.1	a7d5c3f7f4a5bb0c2a9105b5d4ca910eb33eb7e8e41bef39c891977cfc3119ee
177	asm-v1-318e5142cdd30348e9d7b1d7	GCF_904809765.1	GCF_904809765.1	exact_assembly_revision:GCF_904809765.1	EX0177	ND0176	GCF_904809765.1	0	SUPPORTED_FIXED	HC002	MASH_PARAMETER_AND_SEED_STABLE_SPLIT	GCF_000187285.1	0.00408721	L008	GCF_002806795.1	f8de82a0a989cd903a5d6a3312e69518dbbc1933498937e99229bca28684cc0c
178	asm-v1-cbb48126638d0d5dd8c16f2c	GCF_015693755.1	GCF_015693755.1	exact_assembly_revision:GCF_015693755.1	EX0178	ND0177	GCF_015693755.1	0	AMBIGUOUS_UNROOTED_BACKBONE_OR_UNSUPPORTED		ALTERNATIVE_PARTITIONS_RETAINED_NO_FORCED_CLADE	GCF_016587315.1	0.000938904	L003	GCF_013391275.1	418f7dc8f3b6e6147da959da16e0d8fafbc03eda26734a87d35f85b7cfcca0ea
179	asm-v1-5c4b39abe3b38497b26224d8	GCF_021341955.1	GCF_021341955.1	exact_assembly_revision:GCF_021341955.1	EX0179	ND0178	GCF_021341955.1	0	AMBIGUOUS_UNROOTED_BACKBONE_OR_UNSUPPORTED		ALTERNATIVE_PARTITIONS_RETAINED_NO_FORCED_CLADE	GCF_003301195.1	0.00143866	L010	GCF_003317605.1	4bbb0db8bbfd1fd2f28980ab03866816b787cd69a9478a63a7b20137380c5eeb
180	asm-v1-e3d94b015c2c07dcc06cab55	GCF_003292875.1	GCF_003292875.1	exact_assembly_revision:GCF_003292875.1	EX0180	ND0179	GCF_003292875.1	0	AMBIGUOUS_UNROOTED_BACKBONE_OR_UNSUPPORTED		ALTERNATIVE_PARTITIONS_RETAINED_NO_FORCED_CLADE	GCF_011404355.1	0.00452404	L003	GCF_013391275.1	28124624dc1243e12db395f7011838d4ad2866518b8f9c4368c14cd268cf8d39
181	asm-v1-b9f037fe1f1d19e481d31039	GCF_000647475.1	GCF_000647475.1	exact_assembly_revision:GCF_000647475.1	EX0181	ND0180	GCF_000647475.1	0	AMBIGUOUS_UNROOTED_BACKBONE_OR_UNSUPPORTED		ALTERNATIVE_PARTITIONS_RETAINED_NO_FORCED_CLADE	GCF_910592755.1	0.011984	L014	GCF_009880335.1	7f24eaf21771945a3697ba39e20b035f51f254219530541bd91880e14b3f7db0
182	asm-v1-c2b4dece194a16291f6270a0	GCF_003293265.1	GCF_003293265.1	exact_assembly_revision:GCF_003293265.1	EX0182	ND0181	GCF_003293265.1	0	SUPPORTED_FIXED	HC003	MASH_PARAMETER_AND_SEED_STABLE_SPLIT	GCF_016889485.1	0.00462711	L003	GCF_013391275.1	1392e9072d88c57353deacf47353c2aef0595ae960bfc427f336b0bab46f091d
183	asm-v1-93e0f514730fb93e33760692	GCF_002467555.1	GCF_002467555.1	exact_assembly_revision:GCF_002467555.1	EX0183	ND0182	GCF_002467555.1	0	SUPPORTED_FIXED	HC003	MASH_PARAMETER_AND_SEED_STABLE_SPLIT	GCF_003293265.1	0.0078218	L003	GCF_013391275.1	25ef3b4871765d2b22468bce74bb5ce3780e71106e36567e1e44f5629bea9289
184	asm-v1-a1676ab352c410050bf8e59b	GCF_904810175.1	GCF_904810175.1	exact_assembly_revision:GCF_904810175.1	EX0184	ND0183	GCF_904810175.1	0	SUPPORTED_FIXED	HC001	MASH_PARAMETER_AND_SEED_STABLE_SPLIT	GCF_007558585.1	0.00501018	L003	GCF_013391275.1	4abd0cc2a67d5d4f5a4e2d4fffef5305d420c685421db181e743da2832c5c064
185	asm-v1-251de39be7e1c44540c9e3da	GCF_003367575.1	GCF_003367575.1	exact_assembly_revision:GCF_003367575.1	EX0185	ND0184	GCF_003367575.1	0	SUPPORTED_FIXED	HC001	MASH_PARAMETER_AND_SEED_STABLE_SPLIT	GCF_019050495.1	0.00371142	L003	GCF_013391275.1	0db41ff6777ab62fb0e121370bf90f3732e2d2c5209155d1dbeace1b8ed9ef77
186	asm-v1-2e65102e92a297031a2b0cf7	GCF_009880525.1	GCF_009880525.1	exact_assembly_revision:GCF_009880525.1	EX0186	ND0185	GCF_009880525.1	0	AMBIGUOUS_UNROOTED_BACKBONE_OR_UNSUPPORTED		ALTERNATIVE_PARTITIONS_RETAINED_NO_FORCED_CLADE	GCF_009880335.1	1.42921e-05	L014	GCF_009880335.1	18a5a38a0faf0000fe0f9c22adba4eefd3a7e2dd1fce64e5d989d59e4a5f72cd
187	asm-v1-ea4bee677ba1d5d62e3305c9	GCF_000752535.1	GCF_000752535.1	exact_assembly_revision:GCF_000752535.1	EX0187	ND0186	GCF_000752535.1	0	SUPPORTED_FIXED	HC001	MASH_PARAMETER_AND_SEED_STABLE_SPLIT	GCF_000617525.2	0.00217286	L003	GCF_013391275.1	b821ead9d2e4147b2a77802120ca8fe0ae1a7214f094d52e362bacad415ebc1a
188	asm-v1-227c65ff97217d46d0fb82f9	GCF_011045875.1	GCF_011045875.1	exact_assembly_revision:GCF_011045875.1	EX0188	ND0187	GCF_011045875.1	0	AMBIGUOUS_UNROOTED_BACKBONE_OR_UNSUPPORTED		ALTERNATIVE_PARTITIONS_RETAINED_NO_FORCED_CLADE	GCF_014904535.2	0.00629942	L003	GCF_013391275.1	4ba9e802835834d39d8b42223f94c44dbb04fa1b6d98e3e7900a94e5351ad943
189	asm-v1-0aabc5465be171c5c89e39af	GCF_000442065.2	GCF_000442065.2	exact_assembly_revision:GCF_000442065.2	EX0189	ND0188	GCF_000442065.2	0	AMBIGUOUS_UNROOTED_BACKBONE_OR_UNSUPPORTED		ALTERNATIVE_PARTITIONS_RETAINED_NO_FORCED_CLADE	GCF_014117345.2	0.000119496	L012	GCF_000807565.1	486a8df1e36302dc05530f7188922eb2a2d5afc75caf3539d6a91e0ffb7ece14
190	asm-v1-86c6da29c0e6a3cf2268ff28	GCF_003686895.1	GCF_003686895.1	exact_assembly_revision:GCF_003686895.1	EX0190	ND0189	GCF_003686895.1	0	SUPPORTED_FIXED	HC001	MASH_PARAMETER_AND_SEED_STABLE_SPLIT	GCF_001402805.1	0.00251903	L003	GCF_013391275.1	b3bc7f9ec3d27149e4bd0b69431345f896335515c3e66d171f2d4cdb826d4f1f
191	asm-v1-11b8c4a57bf5d44058fd6440	GCF_010820865.1	GCF_010820865.1	exact_assembly_revision:GCF_010820865.1	EX0191	ND0190	GCF_010820865.1	0	SUPPORTED_FIXED	HC002	MASH_PARAMETER_AND_SEED_STABLE_SPLIT	GCF_001558995.2	0.000616515	L008	GCF_002806795.1	4b87b58c734cd54b7c6c2e18b9b19fcbe970d7889540ef747c7cf0f51cadab7c
192	asm-v1-48824786b3fbe77253cb7c00	GCF_003322845.1	GCF_003322845.1	exact_assembly_revision:GCF_003322845.1	EX0192	ND0191	GCF_003322845.1	0	SUPPORTED_FIXED	HC001	MASH_PARAMETER_AND_SEED_STABLE_SPLIT	GCF_900480335.1	0.0027876	L003	GCF_013391275.1	59341031f90a08ae96dec8040d9c3ec55b1b3cde02b9aa0444932b2214a202da
193	asm-v1-ae7305ab4241714005ede296	GCF_900499545.1	GCF_900499545.1	exact_assembly_revision:GCF_900499545.1	EX0193	ND0192	GCF_900499545.1	0	AMBIGUOUS_UNROOTED_BACKBONE_OR_UNSUPPORTED		ALTERNATIVE_PARTITIONS_RETAINED_NO_FORCED_CLADE	GCF_020406195.1	0.00232309	L010	GCF_003317605.1	d15117e6c926cb968167d5e09570f5b413da29ab3ddf73b21ec55300ddddea71
194	asm-v1-acfac73f6f18d0a18daba2e3	GCF_003328195.1	GCF_003328195.1	exact_assembly_revision:GCF_003328195.1	EX0194	ND0193	GCF_003328195.1	0	SUPPORTED_FIXED	HC003	MASH_PARAMETER_AND_SEED_STABLE_SPLIT	GCF_000019385.1	0.00682159	L003	GCF_013391275.1	c0600345358471cb29671847a08e28c987aff0aec5b96d28d571b2695ccfb3fd
195	asm-v1-932a752d0845586a1e984fd9	GCF_002770195.1	GCF_002770195.1	exact_assembly_revision:GCF_002770195.1	EX0195	ND0194	GCF_002770195.1	0	SUPPORTED_FIXED	HC001	MASH_PARAMETER_AND_SEED_STABLE_SPLIT	GCF_002458155.1	0.0006388	L003	GCF_013391275.1	b9a0b0cf3fe8d14d745e62a7cec3d8e2b232095a62521ef12f1c9736089a9487
196	asm-v1-9542c6dd974a38a34bb4d4e6	GCF_002016465.1	GCF_002016465.1	exact_assembly_revision:GCF_002016465.1	EX0196	ND0195	GCF_002016465.1	0	SUPPORTED_FIXED	HC001	MASH_PARAMETER_AND_SEED_STABLE_SPLIT	GCF_020732085.1	0.00953169	L003	GCF_013391275.1	9aa46d4b85a75b93c1e05ba0c3c8d8492e2aab183f23d8fa9b56872779cc9ba6
197	asm-v1-a99c50eaabc68b451ea0e9e0	GCF_002941745.1	GCF_002941745.1	exact_assembly_revision:GCF_002941745.1	EX0197	ND0196	GCF_002941745.1	0	AMBIGUOUS_UNROOTED_BACKBONE_OR_UNSUPPORTED		ALTERNATIVE_PARTITIONS_RETAINED_NO_FORCED_CLADE	GCF_009820835.1,GCF_019879155.1	0.0107017	L003	GCF_013391275.1	a682655f2c255415c46e676819e078ed7d7a8a049122e5be14e19d55fe5c3432
198	asm-v1-2b95a7e9b3579b1fd79292d7	GCF_002190145.1	GCF_002190145.1	exact_assembly_revision:GCF_002190145.1	EX0198	ND0197	GCF_002190145.1	0	AMBIGUOUS_UNROOTED_BACKBONE_OR_UNSUPPORTED		ALTERNATIVE_PARTITIONS_RETAINED_NO_FORCED_CLADE	GCF_002225785.1	0.00678632	L003	GCF_013391275.1	fe2ffde74234ca3bb2e7cb47571b4e88d82b21ff3cad9f3c9b5cf7fb041f5821
199	asm-v1-b840ad14ed80de1c0eb43e49	GCF_003301195.1	GCF_003301195.1	exact_assembly_revision:GCF_003301195.1	EX0199	ND0198	GCF_003301195.1	0	AMBIGUOUS_UNROOTED_BACKBONE_OR_UNSUPPORTED		ALTERNATIVE_PARTITIONS_RETAINED_NO_FORCED_CLADE	GCF_006241135.1	0.00118304	L010	GCF_003317605.1	e98f824cf1f8c56a9d7f7457146c751c7296739b8f5a6305ae1c0ebc5879a562
200	asm-v1-e7da4bfdf25794a3ad901670	GCF_017163155.1	GCF_017163155.1	exact_assembly_revision:GCF_017163155.1	EX0200	ND0199	GCF_017163155.1	0	SUPPORTED_FIXED	HC001	MASH_PARAMETER_AND_SEED_STABLE_SPLIT	GCF_001617075.1	0.00654477	L003	GCF_013391275.1	7344a43ba3e00e366a58e5a84b8419033af052df346a5aadad535cf7735fc3a5
201	asm-v1-c43684c9dbdb5a5e26cba308	GCF_003145395.1	GCF_003145395.1	exact_assembly_revision:GCF_003145395.1	EX0201	ND0200	GCF_003145395.1	0	SUPPORTED_FIXED	HC001	MASH_PARAMETER_AND_SEED_STABLE_SPLIT	GCF_006237245.1	0.0130686	L003	GCF_013391275.1	3135d919dd2a0ce1c442002165598302e162a104473c95e724a682ba971dba6f
202	asm-v1-34d0671f7c40e156a9d1f1ca	GCF_003300725.1	GCF_003300725.1	exact_assembly_revision:GCF_003300725.1	EX0202	ND0201	GCF_003300725.1	0	SUPPORTED_FIXED	HC004	MASH_PARAMETER_AND_SEED_STABLE_SPLIT	GCF_005382185.1	0.00195939	L012	GCF_000807565.1	bd535be4193b13ae68fd5392c00c0c677d313102fc9e70b9c4d4327c593a4317
203	asm-v1-b9d064afc50c71795e451717	GCF_001650275.1	GCF_001650275.1	exact_assembly_revision:GCF_001650275.1	EX0203	ND0202	GCF_001650275.1	0	SUPPORTED_FIXED	HC002	MASH_PARAMETER_AND_SEED_STABLE_SPLIT	GCF_002286545.1	0.00223825	L008	GCF_002806795.1	aeb3faa893ba64fa59b02d1cd10f171789f9f54741c608474a908173b6f0a60b
204	asm-v1-2ade9e30895b6899f2395a42	GCF_014494815.1	GCF_014494815.1	exact_assembly_revision:GCF_014494815.1	EX0204	ND0203	GCF_014494815.1	0	SUPPORTED_FIXED	HC003	MASH_PARAMETER_AND_SEED_STABLE_SPLIT	GCF_014862275.1	0.003239	L003	GCF_013391275.1	3abf59b318a978e8a2fc6cef7297933be6ff6558f55d93e7af53b15de394a80c
205	asm-v1-487cefffd27b4f2fa0a3d6ad	GCF_002535515.1	GCF_002535515.1	exact_assembly_revision:GCF_002535515.1	EX0205	ND0204	GCF_002535515.1	0	SUPPORTED_FIXED	HC001	MASH_PARAMETER_AND_SEED_STABLE_SPLIT	GCF_002464115.1	0.00383979	L003	GCF_013391275.1	fb528688b8f23bfc5d68a892b32512033cbf037d5e6736c199c2cbaf39532bc9
206	asm-v1-1087ba8246184de84baf972d	GCF_000798075.1	GCF_000798075.1	exact_assembly_revision:GCF_000798075.1	EX0206	ND0205	GCF_000798075.1	0	SUPPORTED_FIXED	HC001	MASH_PARAMETER_AND_SEED_STABLE_SPLIT	GCF_002152015.1	0.0057215	L003	GCF_013391275.1	13a2c33af59b48f5305d9af8fd1840c87f81ae795c2176b96dd4c179a23abe08
207	asm-v1-469917b627b97794c94884a7	GCF_002232295.1	GCF_002232295.1	exact_assembly_revision:GCF_002232295.1	EX0207	ND0206	GCF_002232295.1	0	AMBIGUOUS_UNROOTED_BACKBONE_OR_UNSUPPORTED		ALTERNATIVE_PARTITIONS_RETAINED_NO_FORCED_CLADE	GCF_003388435.1	0.00405382	L003	GCF_013391275.1	ffde754253f249e5de8aeef62d35f6db1f67f1ef068ea1902808f9e017cb89c8
208	asm-v1-0f589d0ad3399b913d7301ff	GCF_004569745.1	GCF_004569745.1	exact_assembly_revision:GCF_004569745.1	EX0208	ND0207	GCF_004569745.1	0	SUPPORTED_FIXED	HC001	MASH_PARAMETER_AND_SEED_STABLE_SPLIT	GCF_019050495.1	0.00358398	L003	GCF_013391275.1	4345d27c3241f4ae5cf4290dfe08ce90532ecef8c23636faed894457fe1845d7
209	asm-v1-98aa3254a5f904b54ecde55b	GCF_000418675.1	GCF_000418675.1	exact_assembly_revision:GCF_000418675.1	EX0209	ND0208	GCF_000418675.1	0	SUPPORTED_FIXED	HC005	MASH_PARAMETER_AND_SEED_STABLE_SPLIT	GCF_001520375.1	0.00196744	L009	GCF_001520375.1	83c421f524e495fa7aad141d45098f015f77c9445544e11680ead3abb2fe9cd7
210	asm-v1-b395fefb26507a3867cdc025	GCF_006232215.1	GCF_006232215.1	exact_assembly_revision:GCF_006232215.1	EX0210	ND0209	GCF_006232215.1	0	SUPPORTED_FIXED	HC001	MASH_PARAMETER_AND_SEED_STABLE_SPLIT	GCF_020421595.1	0.00463024	L003	GCF_013391275.1	faaa9094abb74886db8a4c986224d638e8fb15df4fb521e42c1b92b5302adeb4
211	asm-v1-1b5c11f5e878ed54a8ff1c94	GCF_006238305.1	GCF_006238305.1	exact_assembly_revision:GCF_006238305.1	EX0211	ND0210	GCF_006238305.1	0	AMBIGUOUS_UNROOTED_BACKBONE_OR_UNSUPPORTED		ALTERNATIVE_PARTITIONS_RETAINED_NO_FORCED_CLADE	GCF_004568995.1	0.00195939	L010	GCF_003317605.1	3bafcf1fa63e93475d61bbc779e981ab551ddce049fcdd5b42c4aabf78bf0fb5
212	asm-v1-adebdca2d15598736d402d59	GCF_000492235.1	GCF_000492235.1	exact_assembly_revision:GCF_000492235.1	EX0212	ND0211	GCF_000492235.1	0	AMBIGUOUS_UNROOTED_BACKBONE_OR_UNSUPPORTED		ALTERNATIVE_PARTITIONS_RETAINED_NO_FORCED_CLADE	GCF_011404355.1	0.00588526	L003	GCF_013391275.1	a3da6b44257bdef32af8d2c6c124f2832f63c3d39c2028bb529f4e24738dc0f3
213	asm-v1-90acba1100ca68f6ef5b6ad4	GCF_003981055.1	GCF_003981055.1	exact_assembly_revision:GCF_003981055.1	EX0213	ND0212	GCF_003981055.1	0	AMBIGUOUS_UNROOTED_BACKBONE_OR_UNSUPPORTED		ALTERNATIVE_PARTITIONS_RETAINED_NO_FORCED_CLADE	GCF_003981255.1	0.000646235	L003	GCF_013391275.1	1d7132a08bde2a63c822f61eab90b219b801532a05164593ee0ccc362903679f
214	asm-v1-2471af85075afccac0f2d72c	GCF_005395665.1	GCF_005395665.1	exact_assembly_revision:GCF_005395665.1	EX0214	ND0213	GCF_005395665.1	0	SUPPORTED_FIXED	HC001	MASH_PARAMETER_AND_SEED_STABLE_SPLIT	GCF_015699095.1	0.00260808	L003	GCF_013391275.1	192c177a4e9439bff4a9a13fafa860896bbd92795282be631bdbe789e360ce0c
215	asm-v1-5e76c4a1f13a39d05d1e564d	GCF_015163255.1	GCF_015163255.1	exact_assembly_revision:GCF_015163255.1	EX0215	ND0214	GCF_015163255.1	0	AMBIGUOUS_UNROOTED_BACKBONE_OR_UNSUPPORTED		ALTERNATIVE_PARTITIONS_RETAINED_NO_FORCED_CLADE	GCF_002223485.1	0.00281864	L004	GCF_015163255.1	a29ab12ad71e86e926eb3e9df3d0714dd84c8cfc71d45d63259d956c9811a94d
216	asm-v1-8c48396916a6bcce041bacb3	GCF_000357005.2	GCF_000357005.2	exact_assembly_revision:GCF_000357005.2	EX0216	ND0215	GCF_000357005.2	0	SUPPORTED_FIXED	HC001	MASH_PARAMETER_AND_SEED_STABLE_SPLIT	GCF_000357045.2	0.000461375	L003	GCF_013391275.1	4e12cbf85e9be2e5ad22055b2173bd78810d8ac01bcaf0cb4adff52205184c14
217	asm-v1-9e376289712aa9224cd79fb9	GCF_006349805.1	GCF_006349805.1	exact_assembly_revision:GCF_006349805.1	EX0217	ND0216	GCF_006349805.1	0	AMBIGUOUS_UNROOTED_BACKBONE_OR_UNSUPPORTED		ALTERNATIVE_PARTITIONS_RETAINED_NO_FORCED_CLADE	GCF_003304615.1	0.00462398	L003	GCF_013391275.1	6754e9ee3cb405f83e654d9723872177271265985a7467de0be2f10d12e80b5d
218	asm-v1-c14fa6f47d5e10d3086ba4cb	GCF_013369795.1	GCF_013369795.1	exact_assembly_revision:GCF_013369795.1	EX0218	ND0217	GCF_013369795.1	0	SUPPORTED_FIXED	HC001	MASH_PARAMETER_AND_SEED_STABLE_SPLIT	GCF_002152015.1	0.00514508	L003	GCF_013391275.1	d42a1ac3883882f3c0b84d39e9b2d634fe4323a663b3e39b9a963be8354f0c0d
219	asm-v1-4b514eabdef5be1146b365d2	GCF_004661505.1	GCF_004661505.1	exact_assembly_revision:GCF_004661505.1	EX0219	ND0218	GCF_004661505.1	0	SUPPORTED_FIXED	HC001	MASH_PARAMETER_AND_SEED_STABLE_SPLIT	GCF_005043625.1	0.00231761	L003	GCF_013391275.1	3d484989753b6994659d8ed7d2b275364fc6c89bb64412511ebbc18ad879f482
220	asm-v1-5540b4d951213758baba1bf7	GCF_002465635.1	GCF_002465635.1	exact_assembly_revision:GCF_002465635.1	EX0220	ND0219	GCF_002465635.1	0	SUPPORTED_FIXED	HC001	MASH_PARAMETER_AND_SEED_STABLE_SPLIT	GCF_013391275.1	0.00927356	L003	GCF_013391275.1	ca920ed2ba7cb99a1c4f7650bb37a358cb0cdb00b41009183f3768850a26101a
221	asm-v1-8997c58fbb60b536268b3049	GCF_016889485.1	GCF_016889485.1	exact_assembly_revision:GCF_016889485.1	EX0221	ND0220	GCF_016889485.1	0	SUPPORTED_FIXED	HC003	MASH_PARAMETER_AND_SEED_STABLE_SPLIT	GCF_003293265.1	0.00462711	L003	GCF_013391275.1	9685849351b23e7a258437b6c09bd828f280417270f03ac99c365736919ccd15
222	asm-v1-f2a7f6f4b54fc711fad82f46	GCF_006236075.1	GCF_006236075.1	exact_assembly_revision:GCF_006236075.1	EX0222	ND0221	GCF_006236075.1	0	AMBIGUOUS_UNROOTED_BACKBONE_OR_UNSUPPORTED		ALTERNATIVE_PARTITIONS_RETAINED_NO_FORCED_CLADE	GCF_015644135.1	0.00444015	L003	GCF_013391275.1	c02440e333ce9534927ce66922d96294089d9856459ef471619ce70bab2ba983
223	asm-v1-bd027f5882869e232004133b	GCF_015160015.1	GCF_015160015.1	exact_assembly_revision:GCF_015160015.1	EX0223	ND0222	GCF_015160015.1	0	SUPPORTED_FIXED	HC001	MASH_PARAMETER_AND_SEED_STABLE_SPLIT	GCF_015160055.1	0.00174596	L003	GCF_013391275.1	12c29581d6ecebdcacef3c9eb92302595421f884bdfe77f51b143019bd1d926a
224	asm-v1-fc463dcc32b702691badb65a	GCF_001679985.1	GCF_001679985.1	exact_assembly_revision:GCF_001679985.1	EX0224	ND0223	GCF_001679985.1	0	SUPPORTED_FIXED	HC001	MASH_PARAMETER_AND_SEED_STABLE_SPLIT	GCF_002537165.1	0.00926554	L003	GCF_013391275.1	18fe489336ffa24f8791a56a92aad88f08b10ef0a0268762ad7f26cf1495d415
225	asm-v1-785f476bb99126a1fb2e85d7	GCF_003830805.1	GCF_003830805.1	exact_assembly_revision:GCF_003830805.1	EX0225	ND0224	GCF_003830805.1	0	SUPPORTED_FIXED	HC001	MASH_PARAMETER_AND_SEED_STABLE_SPLIT	GCF_009789835.1	0.00335226	L003	GCF_013391275.1	14eeb32d0d80619f8393aaa7ca3436d58e42b24fd95b68fa6ce4d4c0d8381b9a
226	asm-v1-918cbf37faf9a5e48b7b1254	GCF_020422075.1	GCF_020422075.1	exact_assembly_revision:GCF_020422075.1	EX0226	ND0225	GCF_020422075.1	0	AMBIGUOUS_UNROOTED_BACKBONE_OR_UNSUPPORTED		ALTERNATIVE_PARTITIONS_RETAINED_NO_FORCED_CLADE	GCF_020422745.1	0.00147774	L011	GCF_009910875.1	dad9bbf878b8962cbb816610f1ee1a8b19e559c7bee60e45bd1dcb765e846c07
227	asm-v1-83b56d79dac7c3acefc206ec	GCF_900196545.1	GCF_900196545.1	exact_assembly_revision:GCF_900196545.1	EX0227	ND0226	GCF_900196545.1	0	AMBIGUOUS_UNROOTED_BACKBONE_OR_UNSUPPORTED		ALTERNATIVE_PARTITIONS_RETAINED_NO_FORCED_CLADE	GCF_003988355.1	0.00731875	L003	GCF_013391275.1	7da6490647b01b5ded026a222994719e14ddb0367f1a17f8b10a5e799b65a8fd
228	asm-v1-aef61d5b7b7e4899afad402e	GCF_017594025.1	GCF_017594025.1	exact_assembly_revision:GCF_017594025.1	EX0228	ND0227	GCF_017594025.1	0	AMBIGUOUS_UNROOTED_BACKBONE_OR_UNSUPPORTED		ALTERNATIVE_PARTITIONS_RETAINED_NO_FORCED_CLADE	GCF_011404355.1	0.00562857	L003	GCF_013391275.1	7f93d71061d6d01749b6f323391a9c6e0384a34de3408de7f107a3095bca4b6b
229	asm-v1-6da6858d69b9477a0b54990e	GCF_905219285.1	GCF_905219285.1	exact_assembly_revision:GCF_905219285.1	EX0229	ND0228	GCF_905219285.1	0	SUPPORTED_FIXED	HC001	MASH_PARAMETER_AND_SEED_STABLE_SPLIT	GCF_000332755.1	0.00379789	L003	GCF_013391275.1	e02c72131de4adda46ab4d88f01bd3b0d19bfd463bd4b77e3fa0d5f432fa8d69
230	asm-v1-00eac9e94937816c22038819	GCF_000304075.2	GCF_000304075.2	exact_assembly_revision:GCF_000304075.2	EX0230	ND0229	GCF_000304075.2	0	AMBIGUOUS_UNROOTED_BACKBONE_OR_UNSUPPORTED		ALTERNATIVE_PARTITIONS_RETAINED_NO_FORCED_CLADE	GCF_001285345.1	0.00476231	L003	GCF_013391275.1	8291672b636155df6a03c1b4a4d09acbc5da28be093623f222f57b8b33d08df2
231	asm-v1-ce199643b3194febab988878	GCF_005399365.1	GCF_005399365.1	exact_assembly_revision:GCF_005399365.1	EX0231	ND0230	GCF_005399365.1	0	SUPPORTED_FIXED	HC001	MASH_PARAMETER_AND_SEED_STABLE_SPLIT	GCF_002228865.1	0.00439681	L003	GCF_013391275.1	208ab6a3525fd8cf7ede1d4d5d7d9926a2831ac156f1bef9989e975f024c1ee0
232	asm-v1-841c375a803c197a12a8f03d	GCF_004767025.1	GCF_004767025.1	exact_assembly_revision:GCF_004767025.1	EX0232	ND0231	GCF_004767025.1	0	SUPPORTED_FIXED	HC001	MASH_PARAMETER_AND_SEED_STABLE_SPLIT	GCF_002487335.1	0.00364314	L003	GCF_013391275.1	bc0479031bdc462b0b483d3faff4524e2f1d37083f255da6bc55558d97c58b0e
233	asm-v1-61db54ba4e39c8f285245707	GCF_019800285.1	GCF_019800285.1	exact_assembly_revision:GCF_019800285.1	EX0233	ND0232	GCF_019800285.1	0	SUPPORTED_FIXED	HC003	MASH_PARAMETER_AND_SEED_STABLE_SPLIT	GCF_907175915.1	0.00742778	L003	GCF_013391275.1	fc53a8404759cca301b5acb91a83310e211c222ad36f1575d6baba0b2b1483fd
234	asm-v1-daff540eed20faf035ab67de	GCF_002973095.1	GCF_002973095.1	exact_assembly_revision:GCF_002973095.1	EX0234	ND0233	GCF_002973095.1	0	AMBIGUOUS_UNROOTED_BACKBONE_OR_UNSUPPORTED		ALTERNATIVE_PARTITIONS_RETAINED_NO_FORCED_CLADE	GCF_002972045.1	0.00198626	L012	GCF_000807565.1	d9fda292f87997120ac8dc1e1e946cac97a11f4261e324aa8eb8bd10393f8745
235	asm-v1-6321be3cb6ddc12340c51230	GCF_002916665.1	GCF_002916665.1	exact_assembly_revision:GCF_002916665.1	EX0235	ND0234	GCF_002916665.1	0	AMBIGUOUS_UNROOTED_BACKBONE_OR_UNSUPPORTED		ALTERNATIVE_PARTITIONS_RETAINED_NO_FORCED_CLADE	GCF_002196475.1	0.00464905	L014	GCF_009880335.1	8a004fbfb51177c5cf5ffc1224e18640cdde43f070d561f3f2bfd41fcf8d2f21
236	asm-v1-3fc6bceeacc02a88735246cc	GCF_021108615.1	GCF_021108615.1	exact_assembly_revision:GCF_021108615.1	EX0236	ND0235	GCF_021108615.1	0	SUPPORTED_FIXED	HC001	MASH_PARAMETER_AND_SEED_STABLE_SPLIT	GCF_001609735.1	0.00178842	L003	GCF_013391275.1	b638572510994ecf8c2d69616de73578bd3ca411b0a23fb86d04316fbf1aca36
237	asm-v1-1b37e39248808415785eea31	GCF_011045235.1	GCF_011045235.1	exact_assembly_revision:GCF_011045235.1	EX0237	ND0236	GCF_011045235.1	0	AMBIGUOUS_UNROOTED_BACKBONE_OR_UNSUPPORTED		ALTERNATIVE_PARTITIONS_RETAINED_NO_FORCED_CLADE	GCF_009880525.1	0.0130879	L014	GCF_009880335.1	888f691180549029b6f4464683e383441da85ba2e647fe6e12ee3d1c658aef98
238	asm-v1-913fdb86e3099e72eeb62d05	GCF_019841145.1	GCF_019841145.1	exact_assembly_revision:GCF_019841145.1	EX0238	ND0237	GCF_019841145.1	0	AMBIGUOUS_UNROOTED_BACKBONE_OR_UNSUPPORTED		ALTERNATIVE_PARTITIONS_RETAINED_NO_FORCED_CLADE	GCF_001894065.1	0.0074935	L003	GCF_013391275.1	e90969d8db8061a6a01d59048705fa26446faae7c69bf196c66930b14ebef64b
239	asm-v1-3cffdd1f3de98796b9642a95	GCF_002769655.1	GCF_002769655.1	exact_assembly_revision:GCF_002769655.1	EX0239	ND0238	GCF_002769655.1	0	SUPPORTED_FIXED	HC001	MASH_PARAMETER_AND_SEED_STABLE_SPLIT	GCF_000091005.1	0.00118047	L003	GCF_013391275.1	5bbeae06f61e3232c34dfa11941262309b63abf2c4d24cc6b57c4339f4fd71a2
240	asm-v1-2d1440e268020c876299457a	GCF_014855895.1	GCF_014855895.1	exact_assembly_revision:GCF_014855895.1	EX0240	ND0239	GCF_014855895.1	0	AMBIGUOUS_UNROOTED_BACKBONE_OR_UNSUPPORTED		ALTERNATIVE_PARTITIONS_RETAINED_NO_FORCED_CLADE	GCF_002166175.1	0.00108596	L012	GCF_000807565.1	b3670aaeba743fa224d25be46224aa437c674e59c74d5283116788f2aff33f85
241	asm-v1-840dd8decda2b1d411157d40	GCF_006350385.1	GCF_006350385.1	exact_assembly_revision:GCF_006350385.1	EX0241	ND0240	GCF_006350385.1	0	SUPPORTED_FIXED	HC003	MASH_PARAMETER_AND_SEED_STABLE_SPLIT	GCF_013395785.1	0.0035162	L003	GCF_013391275.1	6cd22d41db5c9186383d1416bd741e33482425c2323e6edda0dae88b94c82872
242	asm-v1-aaba6e48e97c5b702c1a7345	GCF_009627495.1	GCF_009627495.1	exact_assembly_revision:GCF_009627495.1	EX0242	ND0241	GCF_009627495.1	0	SUPPORTED_FIXED	HC002	MASH_PARAMETER_AND_SEED_STABLE_SPLIT	GCF_004766845.1	0.000680979	L008	GCF_002806795.1	d316e1d360dfd9110360dbbb722deffa74c3045c0c39174e4c0e814c33643dd9
243	asm-v1-b9c8f681f0af8d6b4cbfe0e0	GCF_003829865.1	GCF_003829865.1	exact_assembly_revision:GCF_003829865.1	EX0243	ND0242	GCF_003829865.1	0	SUPPORTED_FIXED	HC003	MASH_PARAMETER_AND_SEED_STABLE_SPLIT	GCF_002467555.1	0.00865422	L003	GCF_013391275.1	9e45423bbba63768fa7190de3148c5f0bcb40aa7049411b632365afbfe090858
244	asm-v1-a8899c54ac12f5d2fa71619f	GCF_002810895.1	GCF_002810895.1	exact_assembly_revision:GCF_002810895.1	EX0244	ND0243	GCF_002810895.1	0	AMBIGUOUS_UNROOTED_BACKBONE_OR_UNSUPPORTED		ALTERNATIVE_PARTITIONS_RETAINED_NO_FORCED_CLADE	GCF_017151225.1	0.00798995	L014	GCF_009880335.1	e6e7b87920c583dade6fdca2f2b57fd864ba1c3127a3cc2c2552d76dc1dc025d
245	asm-v1-69c25f89fc43848d200c20c2	GCF_014170995.1	GCF_014170995.1	exact_assembly_revision:GCF_014170995.1	EX0245	ND0244	GCF_014170995.1	0	SUPPORTED_FIXED	HC001	MASH_PARAMETER_AND_SEED_STABLE_SPLIT	GCF_006351305.1	0.00359284	L003	GCF_013391275.1	aa8c9b54b926f983c15d8fc9337997e41a151388cc227e26d0bf5f1bce603150
246	asm-v1-3c45ab2d84c2cf1a0fdef8a4	GCF_000781295.1	GCF_000781295.1	exact_assembly_revision:GCF_000781295.1	EX0246	ND0245	GCF_000781295.1	0	AMBIGUOUS_UNROOTED_BACKBONE_OR_UNSUPPORTED		ALTERNATIVE_PARTITIONS_RETAINED_NO_FORCED_CLADE	GCF_018069725.1	0.0100249	L012	GCF_000807565.1	b1b2bc3b9c98606d3e120b4553dac9a7dc3714eaa0a03307a9655d7ca7685311
247	asm-v1-8fc2312ecd77fdae4f169593	GCF_002767435.1	GCF_002767435.1	exact_assembly_revision:GCF_002767435.1	EX0247	ND0246	GCF_002767435.1	0	SUPPORTED_FIXED	HC001	MASH_PARAMETER_AND_SEED_STABLE_SPLIT	GCF_002764815.1	0.00106814	L003	GCF_013391275.1	8e61f3d2f4cb592a27998df6927d9422f9968b5adc8131dd7721413b2cf85aad
248	asm-v1-aae4222b88812cba293725ab	GCF_003982245.1	GCF_003982245.1	exact_assembly_revision:GCF_003982245.1	EX0248	ND0247	GCF_003982245.1	0	SUPPORTED_FIXED	HC001	MASH_PARAMETER_AND_SEED_STABLE_SPLIT	GCF_003983885.1	0.00140487	L003	GCF_013391275.1	27ea6f6d00fa6acc23631864f7bef5e23fe38072110aaa754170cdd5da6eaf99
249	asm-v1-a9edfd2922de17b79502771a	GCF_900479215.1	GCF_900479215.1	exact_assembly_revision:GCF_900479215.1	EX0249	ND0248	GCF_900479215.1	0	AMBIGUOUS_UNROOTED_BACKBONE_OR_UNSUPPORTED		ALTERNATIVE_PARTITIONS_RETAINED_NO_FORCED_CLADE	GCF_900096855.1	0.00713482	L003	GCF_013391275.1	a704af4a7f13771cb49e4432663a0edfcc17d4dab75559553306bc9e6501b142
250	asm-v1-1322c63cb70c80ecaa9387c5	GCF_020089695.1	GCF_020089695.1	exact_assembly_revision:GCF_020089695.1	EX0250	ND0249	GCF_020089695.1	0	AMBIGUOUS_UNROOTED_BACKBONE_OR_UNSUPPORTED		ALTERNATIVE_PARTITIONS_RETAINED_NO_FORCED_CLADE	GCF_016786005.1	0.00329408	L004	GCF_015163255.1	1aa965b6b4bf9fcf80647d289dd643d7a4f8de8e2f01863e9f4e6e421cde4897
251	asm-v1-9d9a64dc3cf8cbe52c16ff37	GCF_003337025.1	GCF_003337025.1	exact_assembly_revision:GCF_003337025.1	EX0251	ND0250	GCF_003337025.1	0	AMBIGUOUS_UNROOTED_BACKBONE_OR_UNSUPPORTED		ALTERNATIVE_PARTITIONS_RETAINED_NO_FORCED_CLADE	GCF_009910875.1	0.00519673	L011	GCF_009910875.1	c059ab827352850d8b45a19441e8d9da74068b70571fb51991b8ec0cd7fb343e
252	asm-v1-2c6d9d9e99b74e54885df6b1	GCF_016903995.1	GCF_016903995.1	exact_assembly_revision:GCF_016903995.1	EX0252	ND0251	GCF_016903995.1	0	AMBIGUOUS_UNROOTED_BACKBONE_OR_UNSUPPORTED		ALTERNATIVE_PARTITIONS_RETAINED_NO_FORCED_CLADE	GCF_004767475.1	0.00520967	L003	GCF_013391275.1	2105caba4966da1007aa723259687dc333b9552705ab17aef58a7834bde8fa4b
253	asm-v1-fd88367c435c1255c28d3807	GCF_016761285.1	GCF_016761285.1	exact_assembly_revision:GCF_016761285.1	EX0253	ND0252	GCF_016761285.1	0	AMBIGUOUS_UNROOTED_BACKBONE_OR_UNSUPPORTED		ALTERNATIVE_PARTITIONS_RETAINED_NO_FORCED_CLADE	GCF_003730645.1	0.00182301	L010	GCF_003317605.1	28936eb0c4edd2f2a3cc957d3a48edec2a657c1a90f0ce74612af8a8d9f80a93
254	asm-v1-eeb9d09438712d3941cbbf12	GCF_001619145.1	GCF_001619145.1	exact_assembly_revision:GCF_001619145.1	EX0254	ND0253	GCF_001619145.1	0	SUPPORTED_FIXED	HC002	MASH_PARAMETER_AND_SEED_STABLE_SPLIT	GCF_002486725.1	0.000419766	L008	GCF_002806795.1	0af22216eb3a1eb3404430fbdd979ee661d2f3ab77d809818ef146e9fe929bed
255	asm-v1-768d16bf92553595997d77a7	GCF_900480335.1	GCF_900480335.1	exact_assembly_revision:GCF_900480335.1	EX0255	ND0254	GCF_900480335.1	0	SUPPORTED_FIXED	HC001	MASH_PARAMETER_AND_SEED_STABLE_SPLIT	GCF_003322845.1	0.0027876	L003	GCF_013391275.1	e1fb19df3a5398cb502b23d48a966288ccc74af14a9f63e9a1acdb3f18d8a1a2
256	asm-v1-ed9ec5cfa5f50955ee309979	GCF_019104435.1	GCF_019104435.1	exact_assembly_revision:GCF_019104435.1	EX0256	ND0255	GCF_019104435.1	0	AMBIGUOUS_UNROOTED_BACKBONE_OR_UNSUPPORTED		ALTERNATIVE_PARTITIONS_RETAINED_NO_FORCED_CLADE	GCF_002193385.1	0.00267798	L016	GCF_000692515.1	89ec45acc5aa26e758a92d3a3a8b2ef451d809fa49845d1bd2f15ea5a036d65f
257	asm-v1-4776c24df11c745be4519bc1	GCF_001638135.1	GCF_001638135.1	exact_assembly_revision:GCF_001638135.1	EX0257	ND0256	GCF_001638135.1	0	AMBIGUOUS_UNROOTED_BACKBONE_OR_UNSUPPORTED		ALTERNATIVE_PARTITIONS_RETAINED_NO_FORCED_CLADE	GCF_006233325.1	0.00427662	L011	GCF_009910875.1	a3e5151a87b190e0fc753e9da45e14cd118e7e918e28454af61481e5fcb26370
258	asm-v1-0f01314c322ac959500299df	GCF_020786115.1	GCF_020786115.1	exact_assembly_revision:GCF_020786115.1	EX0258	ND0257	GCF_020786115.1	0	AMBIGUOUS_UNROOTED_BACKBONE_OR_UNSUPPORTED		ALTERNATIVE_PARTITIONS_RETAINED_NO_FORCED_CLADE	GCF_020089695.1	0.00428584	L004	GCF_015163255.1	166e796aeb530113de0a9d66540b7f29ac8b8c444c6266c75e31932ee22a3294
259	asm-v1-42d4f9428bd8b819edd0e8b4	GCF_000773575.1	GCF_000773575.1	exact_assembly_revision:GCF_000773575.1	EX0259	ND0258	GCF_000773575.1	0	AMBIGUOUS_UNROOTED_BACKBONE_OR_UNSUPPORTED		ALTERNATIVE_PARTITIONS_RETAINED_NO_FORCED_CLADE	GCF_000517245.1	0.00114209	L003	GCF_013391275.1	54da09f31019120ff968986685731174176c741ebad46a1d885561c0e61504c2
260	asm-v1-d57b682a832268f12fbd1503	GCF_000267105.1	GCF_000267105.1	exact_assembly_revision:GCF_000267105.1	EX0260	ND0259	GCF_000267105.1	0	SUPPORTED_FIXED	HC002	MASH_PARAMETER_AND_SEED_STABLE_SPLIT	GCF_002195625.1	0.000770662	L008	GCF_002806795.1	390956193347101ae41f1ad38d6adfcfbd906f77db1826f93756cb0e47c8b1dc
261	asm-v1-c03f5c5ccf99e5baaa2e8f50	GCF_008389185.1	GCF_008389185.1	exact_assembly_revision:GCF_008389185.1	EX0261	ND0260	GCF_008389185.1	0	AMBIGUOUS_UNROOTED_BACKBONE_OR_UNSUPPORTED		ALTERNATIVE_PARTITIONS_RETAINED_NO_FORCED_CLADE	GCF_004568995.1	0.00184433	L010	GCF_003317605.1	38f555fb6952cc1866a0c75054cc86cd8e6bff61b9f0dce401a2a33643cbdbb4
262	asm-v1-23c6f96eef9fec00ed672ac6	GCF_000753155.1	GCF_000753155.1	exact_assembly_revision:GCF_000753155.1	EX0262	ND0261	GCF_000753155.1	0	SUPPORTED_FIXED	HC001	MASH_PARAMETER_AND_SEED_STABLE_SPLIT	GCF_921293415.1	0.0033377	L003	GCF_013391275.1	f7abefa95e58a8c831507f0e7cc882ad8d0a37e44ed69c341a534f6d4a0fa020
263	asm-v1-bd37a05c4725b3184ca2f214	GCF_902505045.1	GCF_902505045.1	exact_assembly_revision:GCF_902505045.1	EX0263	ND0262	GCF_902505045.1	0	AMBIGUOUS_UNROOTED_BACKBONE_OR_UNSUPPORTED		ALTERNATIVE_PARTITIONS_RETAINED_NO_FORCED_CLADE	GCF_000511425.1	0.0047939	L003	GCF_013391275.1	12f75695afebfdd5a2ce0081fde81c1bd8ef0e752e2b62148ebd5d148d2d96fb
264	asm-v1-49df749027aab3002e60f147	GCF_000249175.1	GCF_000249175.1	exact_assembly_revision:GCF_000249175.1	EX0264	ND0263	GCF_000249175.1	0	AMBIGUOUS_UNROOTED_BACKBONE_OR_UNSUPPORTED		ALTERNATIVE_PARTITIONS_RETAINED_NO_FORCED_CLADE	GCF_014117345.2	0.00408113	L012	GCF_000807565.1	b0223861770b8eda19939b2eb056610192ac2798ccc338b66d5094f49bb5f418
265	asm-v1-30d91a67b662c22e304d60cc	GCF_005393525.1	GCF_005393525.1	exact_assembly_revision:GCF_005393525.1	EX0265	ND0264	GCF_005393525.1	0	SUPPORTED_FIXED	HC001	MASH_PARAMETER_AND_SEED_STABLE_SPLIT	GCF_009793765.1	0.00528423	L003	GCF_013391275.1	07d77f56d634e6abea543254b8696d22391658800e0335300cb12281233639e3
266	asm-v1-19d5772a9ecdc4e627e3a02b	GCF_020162325.1	GCF_020162325.1	exact_assembly_revision:GCF_020162325.1	EX0266	ND0265	GCF_020162325.1	0	SUPPORTED_FIXED	HC001	MASH_PARAMETER_AND_SEED_STABLE_SPLIT	GCF_000940035.2	0.00635099	L003	GCF_013391275.1	64040f02366ba7102424cc881dc4576878e584e9fc5ecc256d7a9eb8920c6cb7
267	asm-v1-a24edf952db79e3913d9b826	GCF_003306715.1	GCF_003306715.1	exact_assembly_revision:GCF_003306715.1	EX0267	ND0266	GCF_003306715.1	0	AMBIGUOUS_UNROOTED_BACKBONE_OR_UNSUPPORTED		ALTERNATIVE_PARTITIONS_RETAINED_NO_FORCED_CLADE	GCF_003317605.1	0.00119072	L010	GCF_003317605.1	5133d6b5f46f2973a1b199ee935ffe8c69398cc3715d8db2183a7b26d4eb13ed
268	asm-v1-867b57e7bbb1826b15ea7193	GCF_902705595.1	GCF_902705595.1	exact_assembly_revision:GCF_902705595.1	EX0268	ND0267	GCF_902705595.1	0	AMBIGUOUS_UNROOTED_BACKBONE_OR_UNSUPPORTED		ALTERNATIVE_PARTITIONS_RETAINED_NO_FORCED_CLADE	GCF_004380655.1	0.001291	L004	GCF_015163255.1	067af9319c2dde6c9f55b5174b2d8a760fa9dfdcb92952a1e14a2c126a12aa79
269	asm-v1-98889a94678a2c59bfc3acff	GCF_900500585.1	GCF_900500585.1	exact_assembly_revision:GCF_900500585.1	EX0269	ND0268	GCF_900500585.1	0	AMBIGUOUS_UNROOTED_BACKBONE_OR_UNSUPPORTED		ALTERNATIVE_PARTITIONS_RETAINED_NO_FORCED_CLADE	GCF_006542965.1	0.000878438	L010	GCF_003317605.1	5e03db544871a05c58b6b90e5457c641c337fd4833d69927eaf49f155b42853b
270	asm-v1-0a79a08f6bf844da60ce6d16	GCF_004960695.1	GCF_004960695.1	exact_assembly_revision:GCF_004960695.1	EX0270	ND0269	GCF_004960695.1	0	SUPPORTED_FIXED	HC004	MASH_PARAMETER_AND_SEED_STABLE_SPLIT	GCF_004960345.1	0.000114699	L012	GCF_000807565.1	dbe24cae3970f293590b08cd3ad368aa30108732c7e3a02e953749c04994ea8d
271	asm-v1-440f626bd12d8bcd30143187	GCF_002515365.1	GCF_002515365.1	exact_assembly_revision:GCF_002515365.1	EX0271	ND0270	GCF_002515365.1	0	SUPPORTED_FIXED	HC001	MASH_PARAMETER_AND_SEED_STABLE_SPLIT	GCF_002469155.1	0.0076109	L003	GCF_013391275.1	05657d5fedea7fa5c44fbbd508f1fbbf8158ce72c88506a80ac9ae740ad14a39
272	asm-v1-88c15c14f17ec5bb011a8f9d	GCF_900479335.1	GCF_900479335.1	exact_assembly_revision:GCF_900479335.1	EX0272	ND0271	GCF_900479335.1	0	AMBIGUOUS_UNROOTED_BACKBONE_OR_UNSUPPORTED		ALTERNATIVE_PARTITIONS_RETAINED_NO_FORCED_CLADE	GCF_017118895.1	0.00355743	L012	GCF_000807565.1	e557d992ef89e08a6d613765d0d7ce88476d920d3d55f3084264035898230bf4
273	asm-v1-c2d70e5b3877dc8d93595966	GCF_015731485.1	GCF_015731485.1	exact_assembly_revision:GCF_015731485.1	EX0273	ND0272	GCF_015731485.1	0	AMBIGUOUS_UNROOTED_BACKBONE_OR_UNSUPPORTED		ALTERNATIVE_PARTITIONS_RETAINED_NO_FORCED_CLADE	GCF_001285345.1	0.00362833	L003	GCF_013391275.1	986bde03d0e25c018a7137c957d546d90aa57cd8918389b5c53ac840fb37fcdf
274	asm-v1-79248dd83d3d9d3b9eca811c	GCF_003000615.1	GCF_003000615.1	exact_assembly_revision:GCF_003000615.1	EX0274	ND0273	GCF_003000615.1	0	AMBIGUOUS_UNROOTED_BACKBONE_OR_UNSUPPORTED		ALTERNATIVE_PARTITIONS_RETAINED_NO_FORCED_CLADE	GCF_001860505.1	0.00261366	L003	GCF_013391275.1	68a63c8ac14ebac6e63292349e61b48f5f0c964c350f91660006e68e729cf88a
275	asm-v1-5add3116b9219622335fb0ba	GCF_000781575.1	GCF_000781575.1	exact_assembly_revision:GCF_000781575.1	EX0275	ND0274	GCF_000781575.1	0	SUPPORTED_FIXED	HC004	MASH_PARAMETER_AND_SEED_STABLE_SPLIT	GCF_000351505.1	0.000918724	L012	GCF_000807565.1	777b4b220dc82119543b95be31cdff0eae1352338854b5567e6d9a15b08aaa41
276	asm-v1-50914b2c8759af457b43ee2a	GCF_009832985.1	GCF_009832985.1	exact_assembly_revision:GCF_009832985.1	EX0276	ND0275	GCF_009832985.1	0	AMBIGUOUS_UNROOTED_BACKBONE_OR_UNSUPPORTED		ALTERNATIVE_PARTITIONS_RETAINED_NO_FORCED_CLADE	GCF_013166855.1	0.0008885	L003	GCF_013391275.1	191126545d601fbe727b488215134a7d419df3909a47a8d7357af04c08772774
277	asm-v1-290cb22eed746f9ee9b7a10e	GCF_000355295.1	GCF_000355295.1	exact_assembly_revision:GCF_000355295.1	EX0277	ND0276	GCF_000355295.1	0	SUPPORTED_FIXED	HC001	MASH_PARAMETER_AND_SEED_STABLE_SPLIT	GCF_019351875.1	0.00471818	L003	GCF_013391275.1	2ff266d7a392862c61ee9b9c96f6d8fe2ef107bf2213644add0f9c76ffa5efe9
278	asm-v1-51260a43254d97eb9630c009	GCF_916160245.1	GCF_916160245.1	exact_assembly_revision:GCF_916160245.1	EX0278	ND0277	GCF_916160245.1	0	SUPPORTED_FIXED	HC005	MASH_PARAMETER_AND_SEED_STABLE_SPLIT	GCF_008041205.1	0.00279042	L009	GCF_001520375.1	88196ee312311b20288d02d305cc22d9ed6966dfab56e0110b9725cdd76957a1
279	asm-v1-e467281da1b1763eedd68b61	GCF_003360075.1	GCF_003360075.1	exact_assembly_revision:GCF_003360075.1	EX0279	ND0278	GCF_003360075.1	0	SUPPORTED_FIXED	HC002	MASH_PARAMETER_AND_SEED_STABLE_SPLIT	GCF_002806795.1	0.000688433	L008	GCF_002806795.1	0e9f4892b85b0f94b9107fa1f57e5b8c2c6640f5bb5fea8c72d36f4fa65f2acc
280	asm-v1-9357230709ddd13bc76e6564	GCF_000358855.2	GCF_000358855.2	exact_assembly_revision:GCF_000358855.2	EX0280	ND0279	GCF_000358855.2	0	AMBIGUOUS_UNROOTED_BACKBONE_OR_UNSUPPORTED		ALTERNATIVE_PARTITIONS_RETAINED_NO_FORCED_CLADE	GCF_003981055.1	0.00196476	L003	GCF_013391275.1	f320d0752c773c3221e7faf24c6c94f7566574e5aeb66f133f0058f3580a938a
281	asm-v1-558318ed742439fceb68aaf9	GCF_002535305.1	GCF_002535305.1	exact_assembly_revision:GCF_002535305.1	EX0281	ND0280	GCF_002535305.1	0	AMBIGUOUS_UNROOTED_BACKBONE_OR_UNSUPPORTED		ALTERNATIVE_PARTITIONS_RETAINED_NO_FORCED_CLADE	GCF_002972665.1	0.00618989	L012	GCF_000807565.1	7d3847fa4b6af0ae55784a50b6fef861f560032010ef1976633428fda45269c0
282	asm-v1-67da02a897b87fd4da88f9c1	GCF_000408345.1	GCF_000408345.1	exact_assembly_revision:GCF_000408345.1	EX0282	ND0281	GCF_000408345.1	0	AMBIGUOUS_UNROOTED_BACKBONE_OR_UNSUPPORTED		ALTERNATIVE_PARTITIONS_RETAINED_NO_FORCED_CLADE	GCF_000305355.1	0.00429198	L003	GCF_013391275.1	082c81cdf73fbd8bd12c76aa81cbc6c193730a102e58585d396d9eb2dab33541
283	asm-v1-bbcbe6071ff2c3f9c7695392	GCF_001893525.1	GCF_001893525.1	exact_assembly_revision:GCF_001893525.1	EX0283	ND0282	GCF_001893525.1	0	AMBIGUOUS_UNROOTED_BACKBONE_OR_UNSUPPORTED		ALTERNATIVE_PARTITIONS_RETAINED_NO_FORCED_CLADE	GCF_013073295.1	0.00357513	L003	GCF_013391275.1	de53b6f74737e8dc17e7cb5edc16d790e32eaf778f0c5e8d3a7004fa3f10b7a8
284	asm-v1-77c60127224b5c9d5253f12e	GCF_002231955.1	GCF_002231955.1	exact_assembly_revision:GCF_002231955.1	EX0284	ND0283	GCF_002231955.1	0	SUPPORTED_FIXED	HC001	MASH_PARAMETER_AND_SEED_STABLE_SPLIT	GCF_003982645.1	0.00348681	L003	GCF_013391275.1	045f21e4d8242e90e01f8344b5f33d21bc70193d7f93765f85dd4a6c79d14a0c
285	asm-v1-83cccab8624f2777c034314a	GCF_014529205.1	GCF_014529205.1	exact_assembly_revision:GCF_014529205.1	EX0285	ND0284	GCF_014529205.1	0	SUPPORTED_FIXED	HC001	MASH_PARAMETER_AND_SEED_STABLE_SPLIT	GCF_005393645.1	0.00597612	L003	GCF_013391275.1	b33540982405c2ec485d0493617ad80c60092a0067ba0cfffb9d76a55c27d188
286	asm-v1-1acc33ccc3248e241b4f4182	GCF_003028135.1	GCF_003028135.1	exact_assembly_revision:GCF_003028135.1	EX0286	ND0285	GCF_003028135.1	0	AMBIGUOUS_UNROOTED_BACKBONE_OR_UNSUPPORTED		ALTERNATIVE_PARTITIONS_RETAINED_NO_FORCED_CLADE	GCF_017776145.1	0.00364018	L003	GCF_013391275.1	a690720e6c698505cd4a36a7fbba439992361d9fef7ceec801b2a0e765ef338e
287	asm-v1-19ea10328c1d097f07cf9688	GCF_900479575.1	GCF_900479575.1	exact_assembly_revision:GCF_900479575.1	EX0287	ND0286	GCF_900479575.1	0	SUPPORTED_FIXED	HC006	MASH_PARAMETER_AND_SEED_STABLE_SPLIT	GCF_009395265.1	0.00488264	L003	GCF_013391275.1	055d2dc8d5f0c123eac734a8b66852a0f13b34d7e9d26c42ff86395ba88ad814
288	asm-v1-4e5289b322d7ae454236b288	GCF_005388405.1	GCF_005388405.1	exact_assembly_revision:GCF_005388405.1	EX0288	ND0287	GCF_005388405.1	0	AMBIGUOUS_UNROOTED_BACKBONE_OR_UNSUPPORTED		ALTERNATIVE_PARTITIONS_RETAINED_NO_FORCED_CLADE	GCF_020422745.1	0.00945066	L011	GCF_009910875.1	dc65e427913c7ba9b63645450eb8ef7f46da20a048324634546ae728fbf28425
289	asm-v1-197eab9d5ef59ffa9db8df55	GCF_009822305.1	GCF_009822305.1	exact_assembly_revision:GCF_009822305.1	EX0289	ND0288	GCF_009822305.1	0	SUPPORTED_FIXED	HC001	MASH_PARAMETER_AND_SEED_STABLE_SPLIT	GCF_009789835.1,GCF_001900815.1	0.00463964	L003	GCF_013391275.1	692dc5fa3b20d458c1c3f49a7819c494bb9aff636bb33263641f38c928138420
290	asm-v1-c5645796b19fef7a2a410d2d	GCF_020668725.1	GCF_020668725.1	exact_assembly_revision:GCF_020668725.1	EX0290	ND0289	GCF_020668725.1	0	AMBIGUOUS_UNROOTED_BACKBONE_OR_UNSUPPORTED		ALTERNATIVE_PARTITIONS_RETAINED_NO_FORCED_CLADE	GCF_002543285.1	0.00485407	L003	GCF_013391275.1	c315fa1fe386f08f732da7a9ae601a9d7cc56936b156e04f870d70350301156c
291	asm-v1-e368999420202b5c02a831d5	GCF_002764815.1	GCF_002764815.1	exact_assembly_revision:GCF_002764815.1	EX0291	ND0290	GCF_002764815.1	0	SUPPORTED_FIXED	HC001	MASH_PARAMETER_AND_SEED_STABLE_SPLIT	GCF_000091005.1	0.000688433	L003	GCF_013391275.1	cab7fe97b7951eeed01e84e3492e0787b51b80b909df625e82b2ac34ae9bd120
292	asm-v1-16ced651eb89ff82be725cad	GCF_006230075.1	GCF_006230075.1	exact_assembly_revision:GCF_006230075.1	EX0292	ND0291	GCF_006230075.1	0	SUPPORTED_FIXED	HC001	MASH_PARAMETER_AND_SEED_STABLE_SPLIT	GCF_009789835.1	0.0039842	L003	GCF_013391275.1	9b993ca3fc1fc021f7b080723c76a55437bc491b9652477f3049ca33627d3256
293	asm-v1-1b3ff37b1da36ee421815114	GCF_009793765.1	GCF_009793765.1	exact_assembly_revision:GCF_009793765.1	EX0293	ND0292	GCF_009793765.1	0	SUPPORTED_FIXED	HC001	MASH_PARAMETER_AND_SEED_STABLE_SPLIT	GCF_005393525.1	0.00528423	L003	GCF_013391275.1	184a769256e9c1d543ce813925dc6eee39286271462a223d46568bd14c913427
294	asm-v1-16afd55818c81906e9dc2e09	GCF_003302995.1	GCF_003302995.1	exact_assembly_revision:GCF_003302995.1	EX0294	ND0293	GCF_003302995.1	0	AMBIGUOUS_UNROOTED_BACKBONE_OR_UNSUPPORTED		ALTERNATIVE_PARTITIONS_RETAINED_NO_FORCED_CLADE	GCF_003303085.1	5.96356e-05	L010	GCF_003317605.1	c631d0131c5e78ef062caaf0566966a3a1a6d81381709cf275a3a95cdae2d26e
295	asm-v1-98c1131f6bc3c4466715ed4d	GCF_002056065.1	GCF_002056065.1	exact_assembly_revision:GCF_002056065.1	EX0295	ND0294	GCF_002056065.1	0	SUPPORTED_FIXED	HC003	MASH_PARAMETER_AND_SEED_STABLE_SPLIT	GCF_000599645.1	0.00841492	L003	GCF_013391275.1	3f126fcae45f22b109fcf8b391734cf658a24d44240b9ed6702ed2368e129949
296	asm-v1-8c54890ee6bf86c97d3e8516	GCF_900195745.1	GCF_900195745.1	exact_assembly_revision:GCF_900195745.1	EX0296	ND0295	GCF_900195745.1	0	AMBIGUOUS_UNROOTED_BACKBONE_OR_UNSUPPORTED		ALTERNATIVE_PARTITIONS_RETAINED_NO_FORCED_CLADE	GCF_002247725.1	0.00683219	L003	GCF_013391275.1	50b782c72c5d20977e24cb1d1ab50424d78fdbff90b75efdc3105455b09b4df6
297	asm-v1-638647d33a5d68cccf489f18	GCF_001571915.1	GCF_001571915.1	exact_assembly_revision:GCF_001571915.1	EX0297	ND0296	GCF_001571915.1	0	SUPPORTED_FIXED	HC001	MASH_PARAMETER_AND_SEED_STABLE_SPLIT	GCF_002834415.1	0.00028831	L003	GCF_013391275.1	f31a3d735fb65d6a2df4dcb047b2b2bc88c7457fc88079fab18ad3b1041c1b4b
298	asm-v1-a45a9f73ddb47af7a637bfff	GCF_002165115.2	GCF_002165115.2	exact_assembly_revision:GCF_002165115.2	EX0298	ND0297	GCF_002165115.2	0	SUPPORTED_FIXED	HC001	MASH_PARAMETER_AND_SEED_STABLE_SPLIT	GCF_019051815.1	0.0023753	L003	GCF_013391275.1	ba2b60d0ed1f946712b051c6ce157615f49062baed85755f513f2f432e3fb8ff
299	asm-v1-7103693dc2ca5e5799eaab6e	GCF_016905495.1	GCF_016905495.1	exact_assembly_revision:GCF_016905495.1	EX0299	ND0298	GCF_016905495.1	0	AMBIGUOUS_UNROOTED_BACKBONE_OR_UNSUPPORTED		ALTERNATIVE_PARTITIONS_RETAINED_NO_FORCED_CLADE	GCF_002226425.1	0.00950329	L012	GCF_000807565.1	039a069c2c6ff0ba55772db521f4345a0456c24359a7980ffcf7f4a817a17f7c
300	asm-v1-161adb1e63556b42ce19503e	GCF_002194715.1	GCF_002194715.1	exact_assembly_revision:GCF_002194715.1	EX0300	ND0299	GCF_002194715.1	0	SUPPORTED_FIXED	HC002	MASH_PARAMETER_AND_SEED_STABLE_SPLIT	GCF_002194865.1	0.000232645	L008	GCF_002806795.1	8026bc63e12213c66d2c5aeecb1ba75c57dc7c8e559801b14424705d005f650d
301	asm-v1-6934978087480b93c176ca79	GCF_002002235.1	GCF_002002235.1	exact_assembly_revision:GCF_002002235.1	EX0301	ND0300	GCF_002002235.1	0	AMBIGUOUS_UNROOTED_BACKBONE_OR_UNSUPPORTED		ALTERNATIVE_PARTITIONS_RETAINED_NO_FORCED_CLADE	GCF_003469495.1	0.00626855	L003	GCF_013391275.1	303c54970f78bfab41a7ad23ac021fa2b27bd91d0e99208b0a49eab38b800268
302	asm-v1-ab8c8fbeeba7f504a11347d9	GCF_001402805.1	GCF_001402805.1	exact_assembly_revision:GCF_001402805.1	EX0302	ND0301	GCF_001402805.1	0	SUPPORTED_FIXED	HC001	MASH_PARAMETER_AND_SEED_STABLE_SPLIT	GCF_003686895.1	0.00251903	L003	GCF_013391275.1	550f49f12a47f91b92e39f681ef3bb44088ed37e4e114a337ba84392f8655340
303	asm-v1-cee358232e223e147a344f01	GCF_000703265.1	GCF_000703265.1	exact_assembly_revision:GCF_000703265.1	EX0303	ND0302	GCF_000703265.1	0	SUPPORTED_FIXED	HC001	MASH_PARAMETER_AND_SEED_STABLE_SPLIT	GCF_001660345.1	0.000795662	L003	GCF_013391275.1	7afd8de3fb7f6226d70ac03cb93571d0afa5116513cd137bcae597902c6e6459
304	asm-v1-29d13d661dec836662c356df	GCF_009910465.1	GCF_009910465.1	exact_assembly_revision:GCF_009910465.1	EX0304	ND0185	GCF_009880525.1	8.35527e-05	AMBIGUOUS_UNROOTED_BACKBONE_OR_UNSUPPORTED		ALTERNATIVE_PARTITIONS_RETAINED_NO_FORCED_CLADE	GCF_009880525.1	8.35527e-05	L014	GCF_009880335.1	68ffa0e52e6eadc6eb10973823c47de5d2bce3ae6ba6e4f984564ff1731a7f6b
305	asm-v1-7c0a7387943917c1a90842f3	GCF_004661495.1	GCF_004661495.1	exact_assembly_revision:GCF_004661495.1	EX0305	ND0303	GCF_004661495.1	0	SUPPORTED_FIXED	HC001	MASH_PARAMETER_AND_SEED_STABLE_SPLIT	GCF_002511115.1	0.00687108	L003	GCF_013391275.1	470b95031d10004119668ef5565de0039489581061f068fe8f536ca863675397
306	asm-v1-7f98386806518753240242da	GCF_002233475.1	GCF_002233475.1	exact_assembly_revision:GCF_002233475.1	EX0306	ND0304	GCF_002233475.1	0	SUPPORTED_FIXED	HC001	MASH_PARAMETER_AND_SEED_STABLE_SPLIT	GCF_009794365.1	0.00136596	L003	GCF_013391275.1	cb9a33aca158158d8cb20a1ddb0ca78b7d8501f88cfc7bef3580813e40cf13e4
307	asm-v1-90b202368fd6c0d1e2441417	GCF_021342755.1	GCF_021342755.1	exact_assembly_revision:GCF_021342755.1	EX0307	ND0305	GCF_021342755.1	0	AMBIGUOUS_UNROOTED_BACKBONE_OR_UNSUPPORTED		ALTERNATIVE_PARTITIONS_RETAINED_NO_FORCED_CLADE	GCF_006542965.1	0.00188705	L010	GCF_003317605.1	7e54d31d04edbc1001cda3ac0c7768501dc2aa05fdc2f91db71a0716924d8092
308	asm-v1-149dc7a235438ec794b3434c	GCF_003301875.1	GCF_003301875.1	exact_assembly_revision:GCF_003301875.1	EX0308	ND0306	GCF_003301875.1	0	AMBIGUOUS_UNROOTED_BACKBONE_OR_UNSUPPORTED		ALTERNATIVE_PARTITIONS_RETAINED_NO_FORCED_CLADE	GCF_005389445.1	0.00576814	L003	GCF_013391275.1	165113a2be263e7803ab7b5a931ff6499869bd5075d0e5cb74dc174a4671c7e7
309	asm-v1-35d8b5c370bbb919ae83bb8a	GCF_003318595.1	GCF_003318595.1	exact_assembly_revision:GCF_003318595.1	EX0309	ND0307	GCF_003318595.1	0	AMBIGUOUS_UNROOTED_BACKBONE_OR_UNSUPPORTED		ALTERNATIVE_PARTITIONS_RETAINED_NO_FORCED_CLADE	GCF_900481955.1	0.00499419	L013	GCF_900481955.1	4de62b71f1aede86c6699584e16367ce072006a06b60c5c4023288e6eea40be4
310	asm-v1-4a57ed85227bc796bf48c302	GCF_008388475.1	GCF_008388475.1	exact_assembly_revision:GCF_008388475.1	EX0310	ND0308	GCF_008388475.1	0	SUPPORTED_FIXED	HC007	MASH_PARAMETER_AND_SEED_STABLE_SPLIT	GCF_000460915.1	0.00219735	L012	GCF_000807565.1	146836ac4c118ac27435459882b46e30190c75ff7db3d8cecaf823309a915a76
311	asm-v1-eca9eee0b48c78b133e952e4	GCF_003302895.1	GCF_003302895.1	exact_assembly_revision:GCF_003302895.1	EX0311	ND0309	GCF_003302895.1	0	AMBIGUOUS_UNROOTED_BACKBONE_OR_UNSUPPORTED		ALTERNATIVE_PARTITIONS_RETAINED_NO_FORCED_CLADE	GCF_900536605.1	0.00394195	L003	GCF_013391275.1	fd94825206a250e80c9daa95afe9e1e77ab294f901a3af8855b8d754af21d4f4
312	asm-v1-6ab9265ec1bebca054946981	GCF_001942085.1	GCF_001942085.1	exact_assembly_revision:GCF_001942085.1	EX0312	ND0310	GCF_001942085.1	0	AMBIGUOUS_UNROOTED_BACKBONE_OR_UNSUPPORTED		ALTERNATIVE_PARTITIONS_RETAINED_NO_FORCED_CLADE	GCF_016786005.1	0.0038908	L004	GCF_015163255.1	756153e8a324f7a71cb60cb090025502517cbd4d310ebc89f7fe5989d37edfb9
313	asm-v1-5ee4d28b46a20e414235fb9e	GCF_014862275.1	GCF_014862275.1	exact_assembly_revision:GCF_014862275.1	EX0313	ND0311	GCF_014862275.1	0	SUPPORTED_FIXED	HC003	MASH_PARAMETER_AND_SEED_STABLE_SPLIT	GCF_014494815.1	0.003239	L003	GCF_013391275.1	be26e898dbbfbb4c6627ef059a1a6e4f8def64277b5d1def9080785388c905c8
314	asm-v1-0f2b1f62b29c5ba8049ac46f	GCF_017594325.1	GCF_017594325.1	exact_assembly_revision:GCF_017594325.1	EX0314	ND0312	GCF_017594325.1	0	AMBIGUOUS_UNROOTED_BACKBONE_OR_UNSUPPORTED		ALTERNATIVE_PARTITIONS_RETAINED_NO_FORCED_CLADE	GCF_013608265.1	0.00404472	L011	GCF_009910875.1	2a01661cf5cf9b068ee0b101a45b37cec257b51eec074cc498dee6d7251b4c80
315	asm-v1-ce8c548dd5b3541ee02e5e4a	GCF_014117345.2	GCF_014117345.2	exact_assembly_revision:GCF_014117345.2	EX0315	ND0313	GCF_014117345.2	0	AMBIGUOUS_UNROOTED_BACKBONE_OR_UNSUPPORTED		ALTERNATIVE_PARTITIONS_RETAINED_NO_FORCED_CLADE	GCF_000442065.2	0.000119496	L012	GCF_000807565.1	892da3f033a0760c84a1777eb4402b47c28a27b538274d76516e96614c47f20e
316	asm-v1-1742798f78b5945129c1a5a8	GCF_003328095.1	GCF_003328095.1	exact_assembly_revision:GCF_003328095.1	EX0316	ND0314	GCF_003328095.1	0	SUPPORTED_FIXED	HC001	MASH_PARAMETER_AND_SEED_STABLE_SPLIT	GCF_003328205.1	0.00374119	L003	GCF_013391275.1	b829399bc85bdfc551eb99b1f0f34028ca6aea8f938ca420314226eaac6a2357
317	asm-v1-0c9901123d4adabb8a8ead06	GCF_017165455.1	GCF_017165455.1	exact_assembly_revision:GCF_017165455.1	EX0317	ND0315	GCF_017165455.1	0	SUPPORTED_FIXED	HC002	MASH_PARAMETER_AND_SEED_STABLE_SPLIT	GCF_002806795.1	0.00109106	L008	GCF_002806795.1	8b84610273c864272f50508624fda8308318ef161ad6f9c6668e615a1a541b04
318	asm-v1-b709ccd27fbe6f0951eea1e3	GCF_900499255.1	GCF_900499255.1	exact_assembly_revision:GCF_900499255.1	EX0318	ND0316	GCF_900499255.1	0	AMBIGUOUS_UNROOTED_BACKBONE_OR_UNSUPPORTED		ALTERNATIVE_PARTITIONS_RETAINED_NO_FORCED_CLADE	GCF_018790115.1	0.00873204	L003	GCF_013391275.1	2d20ba2e578b7516d8da2d53d80926d0e7f2c37415dbbd61e9c39a5641d6b0a1
319	asm-v1-debe4843d6c69c07134dcd78	GCF_003469495.1	GCF_003469495.1	exact_assembly_revision:GCF_003469495.1	EX0319	ND0317	GCF_003469495.1	0	AMBIGUOUS_UNROOTED_BACKBONE_OR_UNSUPPORTED		ALTERNATIVE_PARTITIONS_RETAINED_NO_FORCED_CLADE	GCF_017594525.1	0.00552952	L003	GCF_013391275.1	9ed42a101cd145b9f5db4bb963ff665dd07d12309b1f2a51b64a87b16af4010c
320	asm-v1-5f5a37cb9f23de875fd864bb	GCF_017595435.1	GCF_017595435.1	exact_assembly_revision:GCF_017595435.1	EX0320	ND0318	GCF_017595435.1	0	AMBIGUOUS_UNROOTED_BACKBONE_OR_UNSUPPORTED		ALTERNATIVE_PARTITIONS_RETAINED_NO_FORCED_CLADE	GCF_013183745.1	0.00627198	L003	GCF_013391275.1	244796e7a76cd94a31ebfe2c7c9156f5c73acbcfeffe70262a0ea3a95b65eca6
321	asm-v1-a1aca1b02b3c8aca5e2e48d9	GCF_001911755.1	GCF_001911755.1	exact_assembly_revision:GCF_001911755.1	EX0321	ND0319	GCF_001911755.1	0	AMBIGUOUS_UNROOTED_BACKBONE_OR_UNSUPPORTED		ALTERNATIVE_PARTITIONS_RETAINED_NO_FORCED_CLADE	GCF_002485115.1	0.00428891	L003	GCF_013391275.1	2015a5d8a7a61d81dad010e03da260630a9a15d9c5da6ce057b4db440d05373a
322	asm-v1-56589925f46a0fbaa7ec9742	GCF_009600715.1	GCF_009600715.1	exact_assembly_revision:GCF_009600715.1	EX0322	ND0320	GCF_009600715.1	0	AMBIGUOUS_UNROOTED_BACKBONE_OR_UNSUPPORTED		ALTERNATIVE_PARTITIONS_RETAINED_NO_FORCED_CLADE	GCF_001894065.1	0.00549334	L003	GCF_013391275.1	83adda7e8631485357a6ee2f3c6bbd3ea5d02b551a0a36a2c6f50a5067442c09
323	asm-v1-2a338c67bfcd7d1fb9b97c81	GCF_002228035.1	GCF_002228035.1	exact_assembly_revision:GCF_002228035.1	EX0323	ND0321	GCF_002228035.1	0	AMBIGUOUS_UNROOTED_BACKBONE_OR_UNSUPPORTED		ALTERNATIVE_PARTITIONS_RETAINED_NO_FORCED_CLADE	GCF_002228265.1	0.00254125	L003	GCF_013391275.1	68883012e054a57b45e6284dbabc8fc530eb08a187f2e407267f65b6bfe70056
324	asm-v1-48516cf757f867f9c612801a	GCF_009899125.1	GCF_009899125.1	exact_assembly_revision:GCF_009899125.1	EX0324	ND0322	GCF_009899125.1	0	SUPPORTED_FIXED	HC001	MASH_PARAMETER_AND_SEED_STABLE_SPLIT	GCF_020732085.1	0.0040326	L003	GCF_013391275.1	3de074852ffe6710264b6e8065a2423a7163cf984804008d89fd9008bcb3dc37
325	asm-v1-218763b60aac8f808a938aa0	GCF_002469155.1	GCF_002469155.1	exact_assembly_revision:GCF_002469155.1	EX0325	ND0323	GCF_002469155.1	0	SUPPORTED_FIXED	HC001	MASH_PARAMETER_AND_SEED_STABLE_SPLIT	GCF_009789835.1	0.00627198	L003	GCF_013391275.1	fae88a5664e5b2f40fc2859203fbfa27c79202e6ebfe8d6f6f212353eb24fe42
326	asm-v1-2b28613b62139cb4aac040d2	GCF_006352105.1	GCF_006352105.1	exact_assembly_revision:GCF_006352105.1	EX0326	ND0324	GCF_006352105.1	0	AMBIGUOUS_UNROOTED_BACKBONE_OR_UNSUPPORTED		ALTERNATIVE_PARTITIONS_RETAINED_NO_FORCED_CLADE	GCF_006236395.1	0.00159291	L010	GCF_003317605.1	c1d9450b1cb56bf047943e30b8b2157f4fd3534554456e5b848888d668b5c073
327	asm-v1-41706c0fafaa3caf67fa34de	GCF_009820835.1	GCF_009820835.1	exact_assembly_revision:GCF_009820835.1	EX0327	ND0325	GCF_009820835.1	0	AMBIGUOUS_UNROOTED_BACKBONE_OR_UNSUPPORTED		ALTERNATIVE_PARTITIONS_RETAINED_NO_FORCED_CLADE	GCF_900482185.1	0.00487311	L003	GCF_013391275.1	7de16f582a185a7bd908dd08c5527c9e87d217fd2d06f67ced481f62a4ab1388
328	asm-v1-6ace243349e2a6002cc04c0c	GCF_001506145.1	GCF_001506145.1	exact_assembly_revision:GCF_001506145.1	EX0328	ND0326	GCF_001506145.1	0	SUPPORTED_FIXED	HC001	MASH_PARAMETER_AND_SEED_STABLE_SPLIT	GCF_002542395.1	0.00487629	L003	GCF_013391275.1	8e40ed45602c708bb99fde3123ef6a7b8da8a1a0f2bfef3a99f8b74912f68b49
329	asm-v1-23cdc1691b517333b3cb2592	GCF_002546515.1	GCF_002546515.1	exact_assembly_revision:GCF_002546515.1	EX0329	ND0327	GCF_002546515.1	0	AMBIGUOUS_UNROOTED_BACKBONE_OR_UNSUPPORTED		ALTERNATIVE_PARTITIONS_RETAINED_NO_FORCED_CLADE	GCF_009820835.1	0.00834217	L003	GCF_013391275.1	dbc4b2cec13d77ed067d6fa4a50e9c58c0472797370015be43373dbffa6358d9
330	asm-v1-307fa61f9afcf4c060a787f6	GCF_000350765.1	GCF_000350765.1	exact_assembly_revision:GCF_000350765.1	EX0330	ND0328	GCF_000350765.1	0	AMBIGUOUS_UNROOTED_BACKBONE_OR_UNSUPPORTED		ALTERNATIVE_PARTITIONS_RETAINED_NO_FORCED_CLADE	GCF_018069725.1	0.00422448	L012	GCF_000807565.1	734cc06fd5b4116c6b796a8587ca7c1d6faa247fa957a8a18ea4dbcc69bd18b1
331	asm-v1-4dadc70b362e44beda023683	GCF_016123575.1	GCF_016123575.1	exact_assembly_revision:GCF_016123575.1	EX0331	ND0329	GCF_016123575.1	0	AMBIGUOUS_UNROOTED_BACKBONE_OR_UNSUPPORTED		ALTERNATIVE_PARTITIONS_RETAINED_NO_FORCED_CLADE	GCF_002270225.1	0.00238907	L003	GCF_013391275.1	5b611d046cb67b3ae1460b9c4d074703867c0759f8a80cef68dfc65b79089286
332	asm-v1-65c95e6668df4d76065b0afe	GCF_003361965.1	GCF_003361965.1	exact_assembly_revision:GCF_003361965.1	EX0332	ND0330	GCF_003361965.1	0	SUPPORTED_FIXED	HC002	MASH_PARAMETER_AND_SEED_STABLE_SPLIT	GCF_001558995.2	0.000317429	L008	GCF_002806795.1	3decb42298cd9f9fe98ffc3c6f90912fa3d93c3cd8936052c07b63493a98d478
333	asm-v1-07dbab52654a6dd0ff316c13	GCF_005395245.1	GCF_005395245.1	exact_assembly_revision:GCF_005395245.1	EX0333	ND0331	GCF_005395245.1	0	SUPPORTED_FIXED	HC001	MASH_PARAMETER_AND_SEED_STABLE_SPLIT	GCF_004523115.1	0.00309773	L003	GCF_013391275.1	f04a3697e245ebf5dfbe6b9efa3c5bfad1df092406c947e4b1d3b0347445a87c
334	asm-v1-ba10d552b7e3f48bd87ccd8f	GCF_003018655.1	GCF_003018655.1	exact_assembly_revision:GCF_003018655.1	EX0334	ND0332	GCF_003018655.1	0	SUPPORTED_FIXED	HC001	MASH_PARAMETER_AND_SEED_STABLE_SPLIT	GCF_019585745.1	0.00798245	L003	GCF_013391275.1	88b1ada615bc4a2bb408835e3e13d401de3f914ac91eb2ced1406101c4b93309
335	asm-v1-e403dd022d5e0fd72bffb5cb	GCF_900499355.1	GCF_900499355.1	exact_assembly_revision:GCF_900499355.1	EX0335	ND0333	GCF_900499355.1	0	AMBIGUOUS_UNROOTED_BACKBONE_OR_UNSUPPORTED		ALTERNATIVE_PARTITIONS_RETAINED_NO_FORCED_CLADE	GCF_009899475.1	0.0206126	L005	GCF_900499355.1	81c417d954977d9c7608089f1b843476e6f215a6480aa7a588ba9e5ed44f267d
336	asm-v1-c03a9846f7040f1e31988dda	GCF_003730645.1	GCF_003730645.1	exact_assembly_revision:GCF_003730645.1	EX0336	ND0334	GCF_003730645.1	0	AMBIGUOUS_UNROOTED_BACKBONE_OR_UNSUPPORTED		ALTERNATIVE_PARTITIONS_RETAINED_NO_FORCED_CLADE	GCF_006239105.1	0.0017778	L010	GCF_003317605.1	70e27d2d6f88fc7bbc714916b7959e431f2b9dcd6d46a4bcb031538a393bc4c9
337	asm-v1-7da5142920ae69dcebdc948a	GCF_000819245.1	GCF_000819245.1	exact_assembly_revision:GCF_000819245.1	EX0337	ND0335	GCF_000819245.1	0	SUPPORTED_FIXED	HC001	MASH_PARAMETER_AND_SEED_STABLE_SPLIT	GCF_014529205.1	0.0059795	L003	GCF_013391275.1	21097bd641da5b14a07fc2a86fb48859fe34ed55338048a427b821500e964be6
338	asm-v1-460b5765df02ac7c8a5f339e	GCF_011603145.1	GCF_011603145.1	exact_assembly_revision:GCF_011603145.1	EX0338	ND0336	GCF_011603145.1	0	SUPPORTED_FIXED	HC001	MASH_PARAMETER_AND_SEED_STABLE_SPLIT	GCF_021354495.1	0.00304613	L003	GCF_013391275.1	ab34d78893ee25579705ec7a377c08477d92f1f09520289a0fba420a47a8c0bf
339	asm-v1-443a03a5fe9071813b78a50b	GCF_003027835.1	GCF_003027835.1	exact_assembly_revision:GCF_003027835.1	EX0339	ND0337	GCF_003027835.1	0	AMBIGUOUS_UNROOTED_BACKBONE_OR_UNSUPPORTED		ALTERNATIVE_PARTITIONS_RETAINED_NO_FORCED_CLADE	GCF_001059075.1	0.00939011	L010	GCF_003317605.1	7c185bbff50f7e0b192abea9d5fe244ada7bb6ff5ba8a5ec1aad452b736d46d4
340	asm-v1-a1f9126f1276f3afd13b66c7	GCF_002485405.1	GCF_002485405.1	exact_assembly_revision:GCF_002485405.1	EX0340	ND0338	GCF_002485405.1	0	SUPPORTED_FIXED	HC001	MASH_PARAMETER_AND_SEED_STABLE_SPLIT	GCF_000354455.1	0.00175656	L003	GCF_013391275.1	ce53ac970e94da36c291fc1abefb7fdc15b18e0b28457b408ee2287e587cf637
341	asm-v1-5e32489ef6f61bf8f4000519	GCF_003303815.1	GCF_003303815.1	exact_assembly_revision:GCF_003303815.1	EX0341	ND0339	GCF_003303815.1	0	AMBIGUOUS_UNROOTED_BACKBONE_OR_UNSUPPORTED		ALTERNATIVE_PARTITIONS_RETAINED_NO_FORCED_CLADE	GCF_003601935.1	0.00214297	L012	GCF_000807565.1	a8d14a52ca8b38276a150dfaadc3ec85d7e1787cf0cd748b2d227981a87c4839
342	asm-v1-d1ac73798e7bd76d77e6ce8f	GCF_002534845.1	GCF_002534845.1	exact_assembly_revision:GCF_002534845.1	EX0342	ND0340	GCF_002534845.1	0	AMBIGUOUS_UNROOTED_BACKBONE_OR_UNSUPPORTED		ALTERNATIVE_PARTITIONS_RETAINED_NO_FORCED_CLADE	GCF_007954255.1	0.00328247	L006	GCF_002534845.1	597cd1c42555a58d6590f996b227ea69cd536978945c27904327a4422ffcda29
343	asm-v1-b6a514216bdfcea1b6aed45d	GCF_900482185.1	GCF_900482185.1	exact_assembly_revision:GCF_900482185.1	EX0343	ND0341	GCF_900482185.1	0	AMBIGUOUS_UNROOTED_BACKBONE_OR_UNSUPPORTED		ALTERNATIVE_PARTITIONS_RETAINED_NO_FORCED_CLADE	GCF_009820835.1	0.00487311	L003	GCF_013391275.1	e59e72c337a478497760db13882552a036edba9667e3506a2f8f73cf4aeb5a89
344	asm-v1-8bbff006bbc9369db3c47532	GCF_001521415.1	GCF_001521415.1	exact_assembly_revision:GCF_001521415.1	EX0344	ND0342	GCF_001521415.1	0	AMBIGUOUS_UNROOTED_BACKBONE_OR_UNSUPPORTED		ALTERNATIVE_PARTITIONS_RETAINED_NO_FORCED_CLADE	GCF_011603175.1	0.00446186	L004	GCF_015163255.1	329b1553bbdf44bd41a9b6f830b78704f76b878157e2b7ea3be209f293ece77e
345	asm-v1-3813dccdbc3f18b41577c3d5	GCF_001519485.1	GCF_001519485.1	exact_assembly_revision:GCF_001519485.1	EX0345	ND0343	GCF_001519485.1	0	AMBIGUOUS_UNROOTED_BACKBONE_OR_UNSUPPORTED		ALTERNATIVE_PARTITIONS_RETAINED_NO_FORCED_CLADE	GCF_002166175.1	0.00275098	L012	GCF_000807565.1	f7525d299116d115dbed8632a5ff5b4dfdf83b3209e54d74eda508f69676b3b1
346	asm-v1-59418e84eb5efb3a168b3146	GCF_000006665.1	GCF_000006665.1	exact_assembly_revision:GCF_000006665.1	EX0346	ND0344	GCF_000006665.1	0	SUPPORTED_FIXED	HC002	MASH_PARAMETER_AND_SEED_STABLE_SPLIT	GCF_002806795.1	0.000390461	L008	GCF_002806795.1	787456feacad9f3df906564d6e3a10d2c663c27254be48552ccdb9d753858993
347	asm-v1-4820b1db114f21d54c17a5a1	GCF_015699425.1	GCF_015699425.1	exact_assembly_revision:GCF_015699425.1	EX0347	ND0345	GCF_015699425.1	0	SUPPORTED_FIXED	HC002	MASH_PARAMETER_AND_SEED_STABLE_SPLIT	GCF_015699215.1	0.000818196	L008	GCF_002806795.1	7da439b6e1ed94207e8f8d176e68aa5a2e5b79795d84fbd9facfe5ea2ff1f8d1
348	asm-v1-20beacdfe9a0ee56ab59a2e6	GCF_020051575.1	GCF_020051575.1	exact_assembly_revision:GCF_020051575.1	EX0348	ND0346	GCF_020051575.1	0	SUPPORTED_FIXED	HC001	MASH_PARAMETER_AND_SEED_STABLE_SPLIT	GCF_016103185.1	0.00100213	L003	GCF_013391275.1	0cdbb4bd678c95735846d3094a208643b79262804234be087da28418bc56ff24
349	asm-v1-012bb7dc8dc7430dfd79e25d	GCF_000797675.1	GCF_000797675.1	exact_assembly_revision:GCF_000797675.1	EX0349	ND0347	GCF_000797675.1	0	SUPPORTED_FIXED	HC001	MASH_PARAMETER_AND_SEED_STABLE_SPLIT	GCF_002228865.1	0.00391184	L003	GCF_013391275.1	95f861bf70a326d2688989a3a5548008c45db38a68a7ac77790bb23b17d6f962
350	asm-v1-2ddd58feec0d6e3eb206d409	GCF_016123675.1	GCF_016123675.1	exact_assembly_revision:GCF_016123675.1	EX0350	ND0348	GCF_016123675.1	0	SUPPORTED_FIXED	HC001	MASH_PARAMETER_AND_SEED_STABLE_SPLIT	GCF_003686895.1	0.00562857	L003	GCF_013391275.1	d3f7938360f3941c57b0230b5ae5f1dc8f01be00c7e63622b856607eba1bf78c
351	asm-v1-d946162c4ce5d45ef69a5f96	GCF_001285365.1	GCF_001285365.1	exact_assembly_revision:GCF_001285365.1	EX0351	ND0349	GCF_001285365.1	0	SUPPORTED_FIXED	HC001	MASH_PARAMETER_AND_SEED_STABLE_SPLIT	GCF_002229215.1	0.00506145	L003	GCF_013391275.1	a378361fdfa79448ca0b36a1ada7ab91eb1e41bf5be011919a24cc4596746f61
352	asm-v1-70609e525b618ab06840fadb	GCF_019202505.1	GCF_019202505.1	exact_assembly_revision:GCF_019202505.1	EX0352	ND0350	GCF_019202505.1	0	SUPPORTED_FIXED	HC006	MASH_PARAMETER_AND_SEED_STABLE_SPLIT	GCF_015229815.1	0.00413894	L003	GCF_013391275.1	e7c337ba9d7f20cc7b00a74039e82fdac8bc38a32fd38889efe56805fb81e11d
353	asm-v1-dd0362739728b36eace6b0cb	GCF_003291305.1	GCF_003291305.1	exact_assembly_revision:GCF_003291305.1	EX0353	ND0351	GCF_003291305.1	0	AMBIGUOUS_UNROOTED_BACKBONE_OR_UNSUPPORTED		ALTERNATIVE_PARTITIONS_RETAINED_NO_FORCED_CLADE	GCF_004793095.1	0.00957232	L003	GCF_013391275.1	7edd5134bb89d38229f648500337b092a10ac0b0cf9dd230ec9c0b22cf391231
354	asm-v1-b398cd81bf42467c63c7bf2b	GCF_002518045.1	GCF_002518045.1	exact_assembly_revision:GCF_002518045.1	EX0354	ND0352	GCF_002518045.1	0	SUPPORTED_FIXED	HC001	MASH_PARAMETER_AND_SEED_STABLE_SPLIT	GCF_002522525.1	0.00484139	L003	GCF_013391275.1	153efe895f7362220a8de50f98697d630c6ff6e8ca7b87e103d0ad900b16ade6
355	asm-v1-8c95891294b59a9f5e76eee5	GCF_006236345.1	GCF_006236345.1	exact_assembly_revision:GCF_006236345.1	EX0355	ND0353	GCF_006236345.1	0	AMBIGUOUS_UNROOTED_BACKBONE_OR_UNSUPPORTED		ALTERNATIVE_PARTITIONS_RETAINED_NO_FORCED_CLADE	GCF_004566835.1	0.00097934	L010	GCF_003317605.1	c9823563f914763c42232a519b384169b4bfbcacd9281dd39a64f0d89aea78a9
356	asm-v1-2ecf37892fc85eff30c13fb0	GCF_000326745.1	GCF_000326745.1	exact_assembly_revision:GCF_000326745.1	EX0356	ND0354	GCF_000326745.1	0	AMBIGUOUS_UNROOTED_BACKBONE_OR_UNSUPPORTED		ALTERNATIVE_PARTITIONS_RETAINED_NO_FORCED_CLADE	GCF_003601935.1	0.00115232	L012	GCF_000807565.1	78b4d6ecd57c1e64f7b2993981da895275c0872ff03db06039a2ac4d2f2caf7e
357	asm-v1-778193d82b9eee57a4783484	GCF_002461055.1	GCF_002461055.1	exact_assembly_revision:GCF_002461055.1	EX0357	ND0355	GCF_002461055.1	0	AMBIGUOUS_UNROOTED_BACKBONE_OR_UNSUPPORTED		ALTERNATIVE_PARTITIONS_RETAINED_NO_FORCED_CLADE	GCF_904810115.1	0.0127435	L012	GCF_000807565.1	6434e863e2d56d9beb27ebc55e7b73527c6c04f6a5e4f3eb1aa7135dfb97d02d
358	asm-v1-a43fa92d874556cf4d181a6f	GCF_014169415.1	GCF_014169415.1	exact_assembly_revision:GCF_014169415.1	EX0358	ND0356	GCF_014169415.1	0	AMBIGUOUS_UNROOTED_BACKBONE_OR_UNSUPPORTED		ALTERNATIVE_PARTITIONS_RETAINED_NO_FORCED_CLADE	GCF_003323015.1	0.0032361	L016	GCF_000692515.1	cf920355dcef611ae7092d6838d2e52c209fe675910e01aedbbb8bf62bc2176b
359	asm-v1-cf71428e17b3c6f9f7a3f240	GCF_000356785.2	GCF_000356785.2	exact_assembly_revision:GCF_000356785.2	EX0359	ND0357	GCF_000356785.2	0	SUPPORTED_FIXED	HC001	MASH_PARAMETER_AND_SEED_STABLE_SPLIT	GCF_001911695.1	0.00495268	L003	GCF_013391275.1	b71f763762814f78d1e871a502e5a4ddb133cf7b4274838c248447375b1d4334
360	asm-v1-1e66db7c13ee900b66568d9e	GCF_016457665.1	GCF_016457665.1	exact_assembly_revision:GCF_016457665.1	EX0360	ND0358	GCF_016457665.1	0	AMBIGUOUS_UNROOTED_BACKBONE_OR_UNSUPPORTED		ALTERNATIVE_PARTITIONS_RETAINED_NO_FORCED_CLADE	GCF_000326745.1	0.00129616	L012	GCF_000807565.1	ed875b01295f470b2c6d5543fd17e090cb4851547f4291a51455f30ec697cead
361	asm-v1-17aece16733cf2e75724a49e	GCF_011306375.1	GCF_011306375.1	exact_assembly_revision:GCF_011306375.1	EX0361	ND0359	GCF_011306375.1	0	SUPPORTED_FIXED	HC001	MASH_PARAMETER_AND_SEED_STABLE_SPLIT	GCF_011603145.1	0.00526151	L003	GCF_013391275.1	4d303a91f9ca0006228d20b9cd91bb4b06b7bb97d26f2bd404d48bce3f468627
362	asm-v1-7651ccbf9f7f91abe7ba9740	GCF_002193375.1	GCF_002193375.1	exact_assembly_revision:GCF_002193375.1	EX0362	ND0360	GCF_002193375.1	0	SUPPORTED_FIXED	HC001	MASH_PARAMETER_AND_SEED_STABLE_SPLIT	GCF_013369795.1	0.00537869	L003	GCF_013391275.1	1340e710f44bdfdf592e0f10937df118c42082c5551f98047533337936188b58
363	asm-v1-4a58e602fada75e05f9f8cf9	GCF_900479985.1	GCF_900479985.1	exact_assembly_revision:GCF_900479985.1	EX0363	ND0361	GCF_900479985.1	0	AMBIGUOUS_UNROOTED_BACKBONE_OR_UNSUPPORTED		ALTERNATIVE_PARTITIONS_RETAINED_NO_FORCED_CLADE	GCF_019969625.1	0.00930163	L003	GCF_013391275.1	4a6190820157463b5680f3bb8951570926c579ed2243b06312e6232f0add0812
364	asm-v1-ceb588ef84380789e4f2fad4	GCF_016735895.1	GCF_016735895.1	exact_assembly_revision:GCF_016735895.1	EX0364	ND0362	GCF_016735895.1	0	SUPPORTED_FIXED	HC001	MASH_PARAMETER_AND_SEED_STABLE_SPLIT	GCF_003982645.1	0.00420918	L003	GCF_013391275.1	cf1935a95b03f60a887afe48fabe7841a3f8b2888a02e77bdcefcca62698a75d
365	asm-v1-530cc11c7c063c16fb8b23b9	GCF_020515715.1	GCF_020515715.1	exact_assembly_revision:GCF_020515715.1	EX0365	ND0363	GCF_020515715.1	0	AMBIGUOUS_UNROOTED_BACKBONE_OR_UNSUPPORTED		ALTERNATIVE_PARTITIONS_RETAINED_NO_FORCED_CLADE	GCF_020907565.1	0.000705841	L010	GCF_003317605.1	17555a08301b2f62589106ca3cd8a6604bc2eb74906a6b3b8286a210e1b490a4
366	asm-v1-6b980c99a755a7542c345f67	GCF_002456795.1	GCF_002456795.1	exact_assembly_revision:GCF_002456795.1	EX0366	ND0364	GCF_002456795.1	0	SUPPORTED_FIXED	HC001	MASH_PARAMETER_AND_SEED_STABLE_SPLIT	GCF_000446365.2	0.00978498	L003	GCF_013391275.1	eb5235bcf1524604d6e77d34d01c2d6ecad69ffa8cc4a724a02090d89b9b476c
367	asm-v1-700cb62fdf5f5b8856e85097	GCF_008033655.1	GCF_008033655.1	exact_assembly_revision:GCF_008033655.1	EX0367	ND0365	GCF_008033655.1	0	AMBIGUOUS_UNROOTED_BACKBONE_OR_UNSUPPORTED		ALTERNATIVE_PARTITIONS_RETAINED_NO_FORCED_CLADE	GCF_004522495.1	0.00191648	L010	GCF_003317605.1	e26201871dede8d15893d2c0d96f499e9ae036ee769cedaf6a629daccce2faa6
368	asm-v1-5171c829c68a5e2c5bbafdbb	GCF_019219385.1	GCF_019219385.1	exact_assembly_revision:GCF_019219385.1	EX0368	ND0366	GCF_019219385.1	0	SUPPORTED_FIXED	HC001	MASH_PARAMETER_AND_SEED_STABLE_SPLIT	GCF_001617075.1	0.00633378	L003	GCF_013391275.1	9d672109baf360fe7740d043b28f00d5e956978f8b40ddd94550e44c434e7702
369	asm-v1-4a21bb69e1f44a91a7d952fd	GCF_020282125.1	GCF_020282125.1	exact_assembly_revision:GCF_020282125.1	EX0369	ND0367	GCF_020282125.1	0	SUPPORTED_FIXED	HC001	MASH_PARAMETER_AND_SEED_STABLE_SPLIT	GCF_006350645.1	0.00605049	L003	GCF_013391275.1	1edd1c3aef39bbd0308ed65bf87f9fe16405dde8e81ed7be8ac0ce20973c7768
370	asm-v1-7e53c51d9fda873a6cdc1e80	GCF_018884405.1	GCF_018884405.1	exact_assembly_revision:GCF_018884405.1	EX0370	ND0368	GCF_018884405.1	0	AMBIGUOUS_UNROOTED_BACKBONE_OR_UNSUPPORTED		ALTERNATIVE_PARTITIONS_RETAINED_NO_FORCED_CLADE	GCF_000773575.1	0.00143606	L003	GCF_013391275.1	f30689c2a19f6441a14623576784a4cf3d787222e62f6407ad1a7fc71794db95
371	asm-v1-e4c9094195605948fa3d4061	GCF_004793095.1	GCF_004793095.1	exact_assembly_revision:GCF_004793095.1	EX0371	ND0369	GCF_004793095.1	0	AMBIGUOUS_UNROOTED_BACKBONE_OR_UNSUPPORTED		ALTERNATIVE_PARTITIONS_RETAINED_NO_FORCED_CLADE	GCF_003291305.1	0.00957232	L003	GCF_013391275.1	f5274badb2d27e3be06dba4f807ef1e7752eb5b282792eea78f75040de0e6966
372	asm-v1-9986c1d51c0a98687bb0ddd0	GCF_017570645.1	GCF_017570645.1	exact_assembly_revision:GCF_017570645.1	EX0372	ND0370	GCF_017570645.1	0	SUPPORTED_FIXED	HC001	MASH_PARAMETER_AND_SEED_STABLE_SPLIT	GCF_900480335.1	0.00412067	L003	GCF_013391275.1	d127ecf39606fca8cf9ecf8209df9834a7f9cf483f401a49746b7078a0f8c764
373	asm-v1-71a9c4840191bd54eea3a78b	GCF_003362335.1	GCF_003362335.1	exact_assembly_revision:GCF_003362335.1	EX0373	ND0371	GCF_003362335.1	0	SUPPORTED_FIXED	HC002	MASH_PARAMETER_AND_SEED_STABLE_SPLIT	GCF_005885955.1	0.000324718	L008	GCF_002806795.1	704c6b7c6eb10f8f65e88ec062ae0c57c2167f566a4fcb44219d8aadc6885a9b
374	asm-v1-13de48947f80d6d56fad2916	GCF_005398085.1	GCF_005398085.1	exact_assembly_revision:GCF_005398085.1	EX0374	ND0372	GCF_005398085.1	0	SUPPORTED_FIXED	HC001	MASH_PARAMETER_AND_SEED_STABLE_SPLIT	GCF_002326945.1	0.00474023	L003	GCF_013391275.1	fb29666f09a3046a6e80d7a023db1a4191f0265725adfe64db1af390b7330a4c
375	asm-v1-4ead0a2c605c2029381083cc	GCF_000618345.1	GCF_000618345.1	exact_assembly_revision:GCF_000618345.1	EX0375	ND0373	GCF_000618345.1	0	SUPPORTED_FIXED	HC002	MASH_PARAMETER_AND_SEED_STABLE_SPLIT	GCF_001619145.1	0.000878438	L008	GCF_002806795.1	774045530a2cb8590e093aa51773895cf4ee8cb6a65e69d284012330f7d4a178
376	asm-v1-aa1befed48e800405d325581	GCF_002537165.1	GCF_002537165.1	exact_assembly_revision:GCF_002537165.1	EX0376	ND0374	GCF_002537165.1	0	SUPPORTED_FIXED	HC001	MASH_PARAMETER_AND_SEED_STABLE_SPLIT	GCF_009789835.1	0.00593905	L003	GCF_013391275.1	1ca7127f17153f13b93476719f3b5f9e22937b344057ba976f970cbc12089124
377	asm-v1-3ad19b310706e67e6783f2a1	GCF_001901215.1	GCF_001901215.1	exact_assembly_revision:GCF_001901215.1	EX0377	ND0375	GCF_001901215.1	0	SUPPORTED_FIXED	HC001	MASH_PARAMETER_AND_SEED_STABLE_SPLIT	GCF_002511355.1	0.00643379	L003	GCF_013391275.1	64d0f8f1537f3785e0939c92fbb26d70a389571de3079fef02f02e20163e8ddd
378	asm-v1-c34b2c693c942fa2b9aa518b	GCF_013186555.1	GCF_013186555.1	exact_assembly_revision:GCF_013186555.1	EX0378	ND0376	GCF_013186555.1	0	SUPPORTED_FIXED	HC001	MASH_PARAMETER_AND_SEED_STABLE_SPLIT	GCF_001402805.1	0.00377101	L003	GCF_013391275.1	af8834edd6594f1881777ffd7ac704ed5d4f565858142040753d9ccb03dc2bf3
379	asm-v1-568520616dd4748759638398	GCF_001606755.1	GCF_001606755.1	exact_assembly_revision:GCF_001606755.1	EX0379	ND0377	GCF_001606755.1	0	SUPPORTED_FIXED	HC001	MASH_PARAMETER_AND_SEED_STABLE_SPLIT	GCF_900016095.1	0.00493355	L003	GCF_013391275.1	c31d90b308c6c6d4589c4e9f4bcac6e8faa4be89afd7f181e37e2c64a7949631
380	asm-v1-a4474c2417a3e468e66b2350	GCF_006349865.1	GCF_006349865.1	exact_assembly_revision:GCF_006349865.1	EX0380	ND0378	GCF_006349865.1	0	SUPPORTED_FIXED	HC001	MASH_PARAMETER_AND_SEED_STABLE_SPLIT	GCF_006351305.1	0.000765667	L003	GCF_013391275.1	94951a5baca38766fffb98d02982118d1f95c6b9fdba4093618e831d8881aa9b
381	asm-v1-d88fad96c20fa0a341d61dba	GCF_004522495.1	GCF_004522495.1	exact_assembly_revision:GCF_004522495.1	EX0381	ND0379	GCF_004522495.1	0	AMBIGUOUS_UNROOTED_BACKBONE_OR_UNSUPPORTED		ALTERNATIVE_PARTITIONS_RETAINED_NO_FORCED_CLADE	GCF_001521595.1	0.00160079	L010	GCF_003317605.1	18ac6281969050a7a210fd75068d25580dba6ea7c5acf2b36f2b1b106d683ffd
382	asm-v1-76a582cc893868264c4bcb65	GCF_001558995.2	GCF_001558995.2	exact_assembly_revision:GCF_001558995.2	EX0382	ND0380	GCF_001558995.2	0	SUPPORTED_FIXED	HC002	MASH_PARAMETER_AND_SEED_STABLE_SPLIT	GCF_000305415.2	0.00015552	L008	GCF_002806795.1	718d4f1c533dc7493fbf35c27c51854a9bfd5214a707f66de85daec71d32e8e3
383	asm-v1-29d786897fd84e0bbf0fbfb5	GCF_003304555.1	GCF_003304555.1	exact_assembly_revision:GCF_003304555.1	EX0383	ND0381	GCF_003304555.1	0	AMBIGUOUS_UNROOTED_BACKBONE_OR_UNSUPPORTED		ALTERNATIVE_PARTITIONS_RETAINED_NO_FORCED_CLADE	GCF_016786205.1	0.00364018	L003	GCF_013391275.1	b0926457dd960739332acb3d5008660c7f40875d86cd523db2cd0af38dc67622
384	asm-v1-2f8a86ef394373d50cda1f19	GCF_900166865.1	GCF_900166865.1	exact_assembly_revision:GCF_900166865.1	EX0384	ND0382	GCF_900166865.1	0	AMBIGUOUS_UNROOTED_BACKBONE_OR_UNSUPPORTED		ALTERNATIVE_PARTITIONS_RETAINED_NO_FORCED_CLADE	GCF_003730645.1	0.00349856	L010	GCF_003317605.1	c532106b4b46483b99565121e82439f538ea5ea3eec78a3035d5c284661129dd
385	asm-v1-1f08e78e7fd112b5332734e1	GCF_018683135.1	GCF_018683135.1	exact_assembly_revision:GCF_018683135.1	EX0385	ND0383	GCF_018683135.1	0	SUPPORTED_FIXED	HC001	MASH_PARAMETER_AND_SEED_STABLE_SPLIT	GCF_002229215.1	0.00439062	L003	GCF_013391275.1	8c99795501ae2170e7c2a88c100a2003570b52ab76c7d8cda7a9f7ad1664c2bc
386	asm-v1-a38e0b96cc45a4b0586232bf	GCF_002243915.1	GCF_002243915.1	exact_assembly_revision:GCF_002243915.1	EX0386	ND0384	GCF_002243915.1	0	AMBIGUOUS_UNROOTED_BACKBONE_OR_UNSUPPORTED		ALTERNATIVE_PARTITIONS_RETAINED_NO_FORCED_CLADE	GCF_004170585.1	0.004924	L003	GCF_013391275.1	9129a0e85c81910076d860f55a0fa5510ebff0bc6e8b114cf89a846d1514253c
387	asm-v1-96cff4a44cfae278d77af8d8	GCF_002849195.1	GCF_002849195.1	exact_assembly_revision:GCF_002849195.1	EX0387	ND0385	GCF_002849195.1	0	AMBIGUOUS_UNROOTED_BACKBONE_OR_UNSUPPORTED		ALTERNATIVE_PARTITIONS_RETAINED_NO_FORCED_CLADE	GCF_009394435.1	0.0044836	L003	GCF_013391275.1	0adc2c4defd42c4a3335365f8927b04ea374845c68939fc38229a52d316da6ba
388	asm-v1-ac6bdea9b5ee3ac072e464ca	GCF_021413285.1	GCF_021413285.1	exact_assembly_revision:GCF_021413285.1	EX0388	ND0386	GCF_021413285.1	0	SUPPORTED_FIXED	HC006	MASH_PARAMETER_AND_SEED_STABLE_SPLIT	GCF_009395265.1	0.00123436	L003	GCF_013391275.1	536cb96ee18fc522515609ac5357a7b8db38feb45aa4932b75e92176fa415e26
389	asm-v1-ac0910a8f28d1e1b44682a5b	GCF_902668645.1	GCF_902668645.1	exact_assembly_revision:GCF_902668645.1	EX0389	ND0387	GCF_902668645.1	0	SUPPORTED_FIXED	HC005	MASH_PARAMETER_AND_SEED_STABLE_SPLIT	GCF_000350625.1	0.000266505	L009	GCF_001520375.1	6ce0e1adda1b0be92597ac3b647f63e0ba04ad51d8b0f0a4b073b14b835a2c2f
390	asm-v1-cefb29a8697dc455fdd48d37	GCF_002226715.1	GCF_002226715.1	exact_assembly_revision:GCF_002226715.1	EX0390	ND0388	GCF_002226715.1	0	SUPPORTED_FIXED	HC001	MASH_PARAMETER_AND_SEED_STABLE_SPLIT	GCF_002515965.1	0.00574147	L003	GCF_013391275.1	0f90987bb10da34f0c27c7bcb8e59b9c3e4abddcb1b1403b7cb4fc7372d7df60
391	asm-v1-f2d5cf407777a9fd3b276112	GCF_000511425.1	GCF_000511425.1	exact_assembly_revision:GCF_000511425.1	EX0391	ND0389	GCF_000511425.1	0	AMBIGUOUS_UNROOTED_BACKBONE_OR_UNSUPPORTED		ALTERNATIVE_PARTITIONS_RETAINED_NO_FORCED_CLADE	GCF_900520305.1	0.00107323	L003	GCF_013391275.1	71e2264945eb45670a8dda837c4d51ae1b7e6a672f14bc8bcae66e7da11a78e3
392	asm-v1-c27bb89c09b274471543bf38	GCF_016761175.1	GCF_016761175.1	exact_assembly_revision:GCF_016761175.1	EX0392	ND0390	GCF_016761175.1	0	AMBIGUOUS_UNROOTED_BACKBONE_OR_UNSUPPORTED		ALTERNATIVE_PARTITIONS_RETAINED_NO_FORCED_CLADE	GCF_006230825.1	0.00181236	L010	GCF_003317605.1	e4aad95129f97363c6633e2507031d44aa69133474387f67691dc7334e69b498
393	asm-v1-79ce99ef40e59c37277459ce	GCF_002324625.1	GCF_002324625.1	exact_assembly_revision:GCF_002324625.1	EX0393	ND0391	GCF_002324625.1	0	SUPPORTED_FIXED	HC003	MASH_PARAMETER_AND_SEED_STABLE_SPLIT	GCF_002467555.1	0.00934984	L003	GCF_013391275.1	eec534d59bf3d8fe08d175e4795f186f2de577ca27a875107080f66cfd1ec40c
394	asm-v1-616ee2f2f9ee01e6bd23ee0c	GCF_011603175.1	GCF_011603175.1	exact_assembly_revision:GCF_011603175.1	EX0394	ND0392	GCF_011603175.1	0	AMBIGUOUS_UNROOTED_BACKBONE_OR_UNSUPPORTED		ALTERNATIVE_PARTITIONS_RETAINED_NO_FORCED_CLADE	GCF_003730535.1	0.00113698	L004	GCF_015163255.1	2160c197a8fa3a16ca9da8120804cb508338699fd17fac1eed23ec02a248ef82
395	asm-v1-ee69676a9a64a37646c67d88	GCF_019879625.1	GCF_019879625.1	exact_assembly_revision:GCF_019879625.1	EX0395	ND0393	GCF_019879625.1	0	SUPPORTED_FIXED	HC001	MASH_PARAMETER_AND_SEED_STABLE_SPLIT	GCF_014170995.1	0.00625485	L003	GCF_013391275.1	e435c50ea3e091b2a8e4acd31a72aba2c206193ba4906fe90e91d4c87874dd39
396	asm-v1-ea048295b97a58f520602364	GCF_003297955.1	GCF_003297955.1	exact_assembly_revision:GCF_003297955.1	EX0396	ND0394	GCF_003297955.1	0	SUPPORTED_FIXED	HC004	MASH_PARAMETER_AND_SEED_STABLE_SPLIT	GCF_002028745.1	0.000835743	L012	GCF_000807565.1	b5f3b162c93155ad9a499e6eb53ebd3cd152a6831ffacd110ddebae5128d2927
397	asm-v1-6e4e1faa655cd8c08e268d6b	GCF_005392285.1	GCF_005392285.1	exact_assembly_revision:GCF_005392285.1	EX0397	ND0395	GCF_005392285.1	0	AMBIGUOUS_UNROOTED_BACKBONE_OR_UNSUPPORTED		ALTERNATIVE_PARTITIONS_RETAINED_NO_FORCED_CLADE	GCF_001285345.1	0.00601327	L003	GCF_013391275.1	4fb7475ce995b14096d9009bee43b322edbe660eab9f301b1e941ce16a56832f
398	asm-v1-e03a3366fe60350b4cd6d242	GCF_921294225.1	GCF_921294225.1	exact_assembly_revision:GCF_921294225.1	EX0398	ND0396	GCF_921294225.1	0	SUPPORTED_FIXED	HC001	MASH_PARAMETER_AND_SEED_STABLE_SPLIT	GCF_002764815.1	0.00168774	L003	GCF_013391275.1	942fdc5e99a068d2812a57915ddfe35fc84c0c369f74360df8fd0307535d2e0d
399	asm-v1-11a68912dbb00eeec41bbf61	GCF_015620665.1	GCF_015620665.1	exact_assembly_revision:GCF_015620665.1	EX0399	ND0397	GCF_015620665.1	0	SUPPORTED_FIXED	HC003	MASH_PARAMETER_AND_SEED_STABLE_SPLIT	GCF_013395855.1	0.0021783	L003	GCF_013391275.1	db637b4b2d6efee88e5114928dcac9d71f26ed0e50ac07025efac8ec133155d7
400	asm-v1-e08e205370be66d4043abcfd	GCF_016457315.1	GCF_016457315.1	exact_assembly_revision:GCF_016457315.1	EX0400	ND0398	GCF_016457315.1	0	AMBIGUOUS_UNROOTED_BACKBONE_OR_UNSUPPORTED		ALTERNATIVE_PARTITIONS_RETAINED_NO_FORCED_CLADE	GCF_003601935.1	0.000873409	L012	GCF_000807565.1	49e0f9bd528382d57477f1fc55f9a5a863f3488ba3af1ab8c3bcb454d10eed0f
401	asm-v1-8339d58a31a0b817dc4918aa	GCF_000357905.2	GCF_000357905.2	exact_assembly_revision:GCF_000357905.2	EX0401	ND0399	GCF_000357905.2	0	SUPPORTED_FIXED	HC001	MASH_PARAMETER_AND_SEED_STABLE_SPLIT	GCF_003686895.1	0.00408417	L003	GCF_013391275.1	172dd0c358cf4bdceb74b7f1cfdcda7d2a9b2222ef5e0ebe6fc0ab0cbf50dfd0
402	asm-v1-114e4e9bf911261c7212e725	GCF_009394435.1	GCF_009394435.1	exact_assembly_revision:GCF_009394435.1	EX0402	ND0400	GCF_009394435.1	0	AMBIGUOUS_UNROOTED_BACKBONE_OR_UNSUPPORTED		ALTERNATIVE_PARTITIONS_RETAINED_NO_FORCED_CLADE	GCF_002849195.1	0.0044836	L003	GCF_013391275.1	eaea66897e8067f0edbd93471485931ca6d86f1e7f2ba6fb490acfddbfea12af
403	asm-v1-4a5440b5b24ad9bc4104da86	GCF_014862785.1	GCF_014862785.1	exact_assembly_revision:GCF_014862785.1	EX0403	ND0401	GCF_014862785.1	0	AMBIGUOUS_UNROOTED_BACKBONE_OR_UNSUPPORTED		ALTERNATIVE_PARTITIONS_RETAINED_NO_FORCED_CLADE	GCF_014863255.1	0.00115999	L004	GCF_015163255.1	3971d44052e1a245b9a2afb46baaf52790633811cb26181f268b9935d75d20ae
404	asm-v1-de8e575c88db3bd3b4e600e1	GCF_902859485.1	GCF_902859485.1	exact_assembly_revision:GCF_902859485.1	EX0404	ND0402	GCF_902859485.1	0	AMBIGUOUS_UNROOTED_BACKBONE_OR_UNSUPPORTED		ALTERNATIVE_PARTITIONS_RETAINED_NO_FORCED_CLADE	GCF_902859225.1	0.000322288	L012	GCF_000807565.1	1c867b8ba4905595341f92beb8fdc42873cc74393dc40221e35d7754b1e5dea6
405	asm-v1-bb5ba595e32601563d2430f8	GCF_005382185.1	GCF_005382185.1	exact_assembly_revision:GCF_005382185.1	EX0405	ND0403	GCF_005382185.1	0	SUPPORTED_FIXED	HC004	MASH_PARAMETER_AND_SEED_STABLE_SPLIT	GCF_009361825.1	0.00179108	L012	GCF_000807565.1	69c51e00dbd0281cddf60bce03f8f6815b02f1fe27ccb2f92eb6777815ea38ec
406	asm-v1-f7d85e5a03d6fcf399e3760c	GCF_900481275.1	GCF_900481275.1	exact_assembly_revision:GCF_900481275.1	EX0406	ND0404	GCF_900481275.1	0	AMBIGUOUS_UNROOTED_BACKBONE_OR_UNSUPPORTED		ALTERNATIVE_PARTITIONS_RETAINED_NO_FORCED_CLADE	GCF_002474835.1	0.00801248	L003	GCF_013391275.1	c5a09925a42a6d65a3fed5a6ce2365b030d30fa3b14eb8376fcf2aefd5ce16c4
407	asm-v1-89a2437ba8118954aa2e9d45	GCF_009393735.1	GCF_009393735.1	exact_assembly_revision:GCF_009393735.1	EX0407	ND0405	GCF_009393735.1	0	AMBIGUOUS_UNROOTED_BACKBONE_OR_UNSUPPORTED		ALTERNATIVE_PARTITIONS_RETAINED_NO_FORCED_CLADE	GCF_002517745.1	0.00856897	L003	GCF_013391275.1	05ce315efaf788f1509f79b2d8cf9490982fbabfe224879954125704999888af
408	asm-v1-d5c101b35eef5af61cb426b6	GCF_904809595.1	GCF_904809595.1	exact_assembly_revision:GCF_904809595.1	EX0408	ND0406	GCF_904809595.1	0	AMBIGUOUS_UNROOTED_BACKBONE_OR_UNSUPPORTED		ALTERNATIVE_PARTITIONS_RETAINED_NO_FORCED_CLADE	GCF_900490675.1	0.0108009	L012	GCF_000807565.1	b9b8f0e3303c8b86a39351fc1a780ca9a701ecc7015289648efb8bbfc31d32e3
409	asm-v1-9b16d3a4aafdb9a573e50e9a	GCF_009822935.1	GCF_009822935.1	exact_assembly_revision:GCF_009822935.1	EX0409	ND0407	GCF_009822935.1	0	SUPPORTED_FIXED	HC001	MASH_PARAMETER_AND_SEED_STABLE_SPLIT	GCF_905330295.1	0.00443395	L003	GCF_013391275.1	94d0dd30f678d0cddc0858214a20819d33ce38f6ab01acbc44b8b74f034968dc
410	asm-v1-f6e46b2bb2a58351ea3f6cdb	GCF_015699095.1	GCF_015699095.1	exact_assembly_revision:GCF_015699095.1	EX0410	ND0408	GCF_015699095.1	0	SUPPORTED_FIXED	HC001	MASH_PARAMETER_AND_SEED_STABLE_SPLIT	GCF_003017375.1	0.00171417	L003	GCF_013391275.1	0435505f0916298174a0dccced579aa54dbbc46d51fdbbd2ac95596d69fa52a3
411	asm-v1-e4647a9635e25e8fffbb8244	GCF_002207405.1	GCF_002207405.1	exact_assembly_revision:GCF_002207405.1	EX0411	ND0409	GCF_002207405.1	0	AMBIGUOUS_UNROOTED_BACKBONE_OR_UNSUPPORTED		ALTERNATIVE_PARTITIONS_RETAINED_NO_FORCED_CLADE	GCF_002485115.1	0.00315237	L003	GCF_013391275.1	994441f637298c1eec4cd5d263aa3b46a3d7378379c7e0017d5c6c90ed1004ba
412	asm-v1-fcb76295d0d19d00d559724d	GCF_002326895.1	GCF_002326895.1	exact_assembly_revision:GCF_002326895.1	EX0412	ND0410	GCF_002326895.1	0	SUPPORTED_FIXED	HC001	MASH_PARAMETER_AND_SEED_STABLE_SPLIT	GCF_002327045.1	0.000136297	L003	GCF_013391275.1	c12fc931ff0102e05deb9cd4fc7cb46dfaa48f882c8f4bc5e6e9c7390861c1ed
413	asm-v1-f4915932145a36e4854bb986	GCF_002142675.1	GCF_002142675.1	exact_assembly_revision:GCF_002142675.1	EX0413	ND0411	GCF_002142675.1	0	AMBIGUOUS_UNROOTED_BACKBONE_OR_UNSUPPORTED		ALTERNATIVE_PARTITIONS_RETAINED_NO_FORCED_CLADE	GCF_002223665.1	0.00180438	L004	GCF_015163255.1	f20ed1b19078e23b64b83aa006b5057be325be5f77321f6f326fef3feb4e2db2
414	asm-v1-c73ca3ccf31f982e942f5a30	GCF_000235165.1	GCF_000235165.1	exact_assembly_revision:GCF_000235165.1	EX0414	ND0412	GCF_000235165.1	0	SUPPORTED_FIXED	HC001	MASH_PARAMETER_AND_SEED_STABLE_SPLIT	GCF_000235265.1	0.000114699	L003	GCF_013391275.1	5304ed5d30c0e882f76d8beeab44dc86c58b59573806fa54bb4dbe48c20c374f
415	asm-v1-ae9cd6f3034a66747fe96565	GCF_009794435.1	GCF_009794435.1	exact_assembly_revision:GCF_009794435.1	EX0415	ND0413	GCF_009794365.1	9.07348e-05	SUPPORTED_FIXED	HC001	MASH_PARAMETER_AND_SEED_STABLE_SPLIT	GCF_009794365.1	9.07348e-05	L003	GCF_013391275.1	d6b7f2867d8a023dbbf5903dddbff5d984d255226c0f183c62aedd42a90420ca
416	asm-v1-3a4bab1d549eb4111194838c	GCF_003982645.1	GCF_003982645.1	exact_assembly_revision:GCF_003982645.1	EX0416	ND0414	GCF_003982645.1	0	SUPPORTED_FIXED	HC001	MASH_PARAMETER_AND_SEED_STABLE_SPLIT	GCF_001900815.1	0.00333188	L003	GCF_013391275.1	ad0d5949aa5ac892e9ce5caf1a767e7a93de195677696e2b366a688e80e71dcb
417	asm-v1-cfc21d17dbf3e699eeb7aa12	GCF_000013265.1	GCF_000013265.1	exact_assembly_revision:GCF_000013265.1	EX0417	ND0415	GCF_000013265.1	0	SUPPORTED_FIXED	HC004	MASH_PARAMETER_AND_SEED_STABLE_SPLIT	GCF_000351505.1	0.000564635	L012	GCF_000807565.1	ef901af43b9984759fc5f97c50ef16213bc5973184b190c4448de94e433fa25a
418	asm-v1-af1bc4668d6daca22503ca17	GCF_900196695.1	GCF_900196695.1	exact_assembly_revision:GCF_900196695.1	EX0418	ND0416	GCF_900196695.1	0	SUPPORTED_FIXED	HC003	MASH_PARAMETER_AND_SEED_STABLE_SPLIT	GCF_009393595.1	0.00669143	L003	GCF_013391275.1	8fb0e26ed1e8b854cf95478e5e4de93ef942764b5dd07f9bef48adcf7d481d90
419	asm-v1-65c20863a500036cb9328f1d	GCF_015699215.1	GCF_015699215.1	exact_assembly_revision:GCF_015699215.1	EX0419	ND0417	GCF_015699215.1	0	SUPPORTED_FIXED	HC002	MASH_PARAMETER_AND_SEED_STABLE_SPLIT	GCF_001558995.2	0.000184398	L008	GCF_002806795.1	51b4e330301fa1732a09df499ddf842fde33fbb006593817efaaf552e31cd455
420	asm-v1-3bc6c0b000497d8321b588d4	GCF_015620555.1	GCF_015620555.1	exact_assembly_revision:GCF_015620555.1	EX0420	ND0418	GCF_015620555.1	0	SUPPORTED_FIXED	HC001	MASH_PARAMETER_AND_SEED_STABLE_SPLIT	GCF_001515725.1	0.00595926	L003	GCF_013391275.1	6349145bab6f4b64e36c524d09b7dee8a78558672047a114d4449f504b796a11
421	asm-v1-984f48467964c5240c929442	GCF_003982995.1	GCF_003982995.1	exact_assembly_revision:GCF_003982995.1	EX0421	ND0419	GCF_003982995.1	0	SUPPORTED_FIXED	HC001	MASH_PARAMETER_AND_SEED_STABLE_SPLIT	GCF_003982245.1	0.00224371	L003	GCF_013391275.1	4b63adfcd05063d579ee27e31a721f5ade53177702689409a098d17f5f8216ad
422	asm-v1-b9d4f8bbc705fd57a10baca1	GCF_002144185.1	GCF_002144185.1	exact_assembly_revision:GCF_002144185.1	EX0422	ND0420	GCF_002144185.1	0	SUPPORTED_FIXED	HC001	MASH_PARAMETER_AND_SEED_STABLE_SPLIT	GCF_005045505.1	0.00107832	L003	GCF_013391275.1	874b13dc3433f8f84a4b910d510f9cfd6fdc8a8a8da2385a6761998e5f749b36
423	asm-v1-0bc39706c04c8eaacc8100c0	GCF_902505295.1	GCF_902505295.1	exact_assembly_revision:GCF_902505295.1	EX0423	ND0421	GCF_902505295.1	0	SUPPORTED_FIXED	HC001	MASH_PARAMETER_AND_SEED_STABLE_SPLIT	GCF_009789835.1	0.00586848	L003	GCF_013391275.1	a7891522f522d49e1c6b456446e5593f28671a13dd2e0ce382d97b8c6b1214b9
424	asm-v1-268534bd035906f61a5ec131	GCF_003172135.1	GCF_003172135.1	exact_assembly_revision:GCF_003172135.1	EX0424	ND0422	GCF_003172135.1	0	SUPPORTED_FIXED	HC006	MASH_PARAMETER_AND_SEED_STABLE_SPLIT	GCF_011765445.1	0.000295585	L003	GCF_013391275.1	0a0d5c893d6bda87397f8b62ac67e34a63ed783d697bb8d7bb91767468babdb9
425	asm-v1-97203801c987a58f3439e9c1	GCF_003601935.1	GCF_003601935.1	exact_assembly_revision:GCF_003601935.1	EX0425	ND0423	GCF_003601935.1	0	AMBIGUOUS_UNROOTED_BACKBONE_OR_UNSUPPORTED		ALTERNATIVE_PARTITIONS_RETAINED_NO_FORCED_CLADE	GCF_016457315.1	0.000873409	L012	GCF_000807565.1	5ca06d7159088f8b525211657ebe257c9c13cccc1c63216c03af119cf98e849c
426	asm-v1-d1b09d1e51d575a7007452b4	GCF_902807245.1	GCF_902807245.1	exact_assembly_revision:GCF_902807245.1	EX0426	ND0424	GCF_902807245.1	0	SUPPORTED_FIXED	HC001	MASH_PARAMETER_AND_SEED_STABLE_SPLIT	GCF_013413645.1	0.00882584	L003	GCF_013391275.1	2cc16ef0ba471d3426ac1f9205a9821fc3314ef5fa773907313281a7713d7e7f
427	asm-v1-7734f3e1baed94c625414dfe	GCF_001183685.1	GCF_001183685.1	exact_assembly_revision:GCF_001183685.1	EX0427	ND0425	GCF_001183685.1	0	SUPPORTED_FIXED	HC006	MASH_PARAMETER_AND_SEED_STABLE_SPLIT	GCF_000005845.2	0.000327148	L003	GCF_013391275.1	7eed2ee606e84ff5a5dfc7b4baa4cc1637d05c04c9828b43dfa6d32d21b4252d
428	asm-v1-a7143b87f66a00267a517cfa	GCF_016761155.1	GCF_016761155.1	exact_assembly_revision:GCF_016761155.1	EX0428	ND0426	GCF_016761155.1	0	AMBIGUOUS_UNROOTED_BACKBONE_OR_UNSUPPORTED		ALTERNATIVE_PARTITIONS_RETAINED_NO_FORCED_CLADE	GCF_004522495.1	0.00240009	L010	GCF_003317605.1	a8d9f77c9e6c000bf6b1ae903b5c0f6ac9936321ea4b221d56fb24aafda11143
429	asm-v1-c88b3449b9ea7ed890cd2a28	GCF_017118895.1	GCF_017118895.1	exact_assembly_revision:GCF_017118895.1	EX0429	ND0427	GCF_017118895.1	0	AMBIGUOUS_UNROOTED_BACKBONE_OR_UNSUPPORTED		ALTERNATIVE_PARTITIONS_RETAINED_NO_FORCED_CLADE	GCF_900479335.1	0.00355743	L012	GCF_000807565.1	a8720b6c2647936e02516c65ec9fd89aed582da00e45440ecba5c465669736c3
430	asm-v1-927a995c6d1d92b6e802e601	GCF_902859225.1	GCF_902859225.1	exact_assembly_revision:GCF_902859225.1	EX0430	ND0428	GCF_902859225.1	0	AMBIGUOUS_UNROOTED_BACKBONE_OR_UNSUPPORTED		ALTERNATIVE_PARTITIONS_RETAINED_NO_FORCED_CLADE	GCF_902859095.1	0.000259243	L012	GCF_000807565.1	01ac3afe0961594196236625d76432dce993902a279b21632ec8e881db1864ce
431	asm-v1-312f1d95b01bbb72f5c28303	GCF_003303085.1	GCF_003303085.1	exact_assembly_revision:GCF_003303085.1	EX0431	ND0293	GCF_003302995.1	5.96356e-05	AMBIGUOUS_UNROOTED_BACKBONE_OR_UNSUPPORTED		ALTERNATIVE_PARTITIONS_RETAINED_NO_FORCED_CLADE	GCF_003302995.1	5.96356e-05	L010	GCF_003317605.1	7fa3164127b47831020d7264e597b5753ab59e051c696c1580442d537fc30518
432	asm-v1-22af52489f36cb98d51963d8	GCF_006237245.1	GCF_006237245.1	exact_assembly_revision:GCF_006237245.1	EX0432	ND0429	GCF_006237245.1	0	SUPPORTED_FIXED	HC001	MASH_PARAMETER_AND_SEED_STABLE_SPLIT	GCF_005044435.1	0.00901478	L003	GCF_013391275.1	507b2faac27837801e74ea18e3ae5f8f11e20eabf8e178d400ebe9e21a8da840
433	asm-v1-d89e2fa9d3eba1bc650d4a3b	GCF_900607785.1	GCF_900607785.1	exact_assembly_revision:GCF_900607785.1	EX0433	ND0430	GCF_900607785.1	0	SUPPORTED_FIXED	HC001	MASH_PARAMETER_AND_SEED_STABLE_SPLIT	GCF_002796445.1	0.00499739	L003	GCF_013391275.1	ab8e56e05289ce67cf1a4f387f520d74850c38b6c182d7ac0fb51b6b0cf78096
434	asm-v1-c1c1348688188455e7e84313	GCF_004120975.1	GCF_004120975.1	exact_assembly_revision:GCF_004120975.1	EX0434	ND0431	GCF_004120975.1	0	AMBIGUOUS_UNROOTED_BACKBONE_OR_UNSUPPORTED		ALTERNATIVE_PARTITIONS_RETAINED_NO_FORCED_CLADE	GCF_016530575.1	0.000720777	L010	GCF_003317605.1	3fe09c227f62b41bf0fff7e8e6caed80693407b4d521ef9fa4aa9f3cb9998e2f
435	asm-v1-7f1e31f59b7a151f029431f3	GCF_016761275.1	GCF_016761275.1	exact_assembly_revision:GCF_016761275.1	EX0435	ND0432	GCF_016761275.1	0	SUPPORTED_FIXED	HC001	MASH_PARAMETER_AND_SEED_STABLE_SPLIT	GCF_019148625.1	0.00284125	L003	GCF_013391275.1	2398718ddabd22cd522789116bc750012ef439f90d5286480716690aa51f9045
436	asm-v1-a2d20445d211b3f0f331062b	GCF_019050495.1	GCF_019050495.1	exact_assembly_revision:GCF_019050495.1	EX0436	ND0433	GCF_019050495.1	0	SUPPORTED_FIXED	HC001	MASH_PARAMETER_AND_SEED_STABLE_SPLIT	GCF_019051815.1	0.000441781	L003	GCF_013391275.1	1472526b28196b953e20c4d910a1cc48452aedf0889b3a8ea5a8e54c198891cc
437	asm-v1-668a181b6acf419148e550ce	GCF_013047075.1	GCF_013047075.1	exact_assembly_revision:GCF_013047075.1	EX0437	ND0434	GCF_013047075.1	0	SUPPORTED_FIXED	HC007	MASH_PARAMETER_AND_SEED_STABLE_SPLIT	GCF_014262945.1	0.00358694	L012	GCF_000807565.1	4f676a69d9d9589950c7dd6b6b629db3877061680b108c8ea9b037827cf845bf
438	asm-v1-da3213f3f0c903de301404fa	GCF_003172455.1	GCF_003172455.1	exact_assembly_revision:GCF_003172455.1	EX0438	ND0435	GCF_003172455.1	0	SUPPORTED_FIXED	HC006	MASH_PARAMETER_AND_SEED_STABLE_SPLIT	GCF_011765445.1	0.000356338	L003	GCF_013391275.1	28383c164cdd5ea80629ba5256260cf2045e1600c60cbfa8bc68d21bf7c3e2d0
439	asm-v1-60d66ffd21f359d64c48a82e	GCF_016530575.1	GCF_016530575.1	exact_assembly_revision:GCF_016530575.1	EX0439	ND0436	GCF_016530575.1	0	AMBIGUOUS_UNROOTED_BACKBONE_OR_UNSUPPORTED		ALTERNATIVE_PARTITIONS_RETAINED_NO_FORCED_CLADE	GCF_004120975.1	0.000720777	L010	GCF_003317605.1	4c2774d0cfcaf69a236cbc08311f21486852cf7d76c681179273073ed089293f
440	asm-v1-7ef9e5aaf88fbc247475bc89	GCF_015690315.1	GCF_015690315.1	exact_assembly_revision:GCF_015690315.1	EX0440	ND0437	GCF_015690315.1	0	AMBIGUOUS_UNROOTED_BACKBONE_OR_UNSUPPORTED		ALTERNATIVE_PARTITIONS_RETAINED_NO_FORCED_CLADE	GCF_020406195.1	0.0017433	L010	GCF_003317605.1	63b4a6eb1fbf30791e460e0892b29c98a52ed2d1a25db06b0e5ec6149f947c31
441	asm-v1-a6c5e2b74af380f9fb567d3f	GCF_002011985.1	GCF_002011985.1	exact_assembly_revision:GCF_002011985.1	EX0441	ND0438	GCF_002011985.1	0	SUPPORTED_FIXED	HC005	MASH_PARAMETER_AND_SEED_STABLE_SPLIT	GCF_907177255.1	0.00627198	L009	GCF_001520375.1	0e2f44425c845969d8f2f0498cb3615d33511c07c5a06e0601544b5a729c85c9
442	asm-v1-4d55e018b913a217219eb1bb	GCF_000408365.1	GCF_000408365.1	exact_assembly_revision:GCF_000408365.1	EX0442	ND0439	GCF_000408365.1	0	AMBIGUOUS_UNROOTED_BACKBONE_OR_UNSUPPORTED		ALTERNATIVE_PARTITIONS_RETAINED_NO_FORCED_CLADE	GCF_907175365.1	0.00627541	L003	GCF_013391275.1	685bf6ca955b3940e7c4e74f68ce026a9b38a1999818d20c027c31d947a8f705
443	asm-v1-20314228c1c2accf3584e6fb	GCF_002542395.1	GCF_002542395.1	exact_assembly_revision:GCF_002542395.1	EX0443	ND0440	GCF_002542395.1	0	SUPPORTED_FIXED	HC001	MASH_PARAMETER_AND_SEED_STABLE_SPLIT	GCF_000167895.3	0.00296902	L003	GCF_013391275.1	15dad093bf0e610ea6db9802fa06e75f4095f202d3a05250679804f732ec5013
444	asm-v1-d15ff8941f843fc938ba3670	GCF_002229875.1	GCF_002229875.1	exact_assembly_revision:GCF_002229875.1	EX0444	ND0441	GCF_002229875.1	0	SUPPORTED_FIXED	HC001	MASH_PARAMETER_AND_SEED_STABLE_SPLIT	GCF_019219385.1	0.00772161	L003	GCF_013391275.1	577a88da5253173565dc6ad8a1f5eac3f93db6104ccb146200249a6eee901c56
445	asm-v1-be5b81926f338af9e0c4aa98	GCF_002195175.1	GCF_002195175.1	exact_assembly_revision:GCF_002195175.1	EX0445	ND0442	GCF_002195175.1	0	SUPPORTED_FIXED	HC002	MASH_PARAMETER_AND_SEED_STABLE_SPLIT	GCF_001558995.2	0.00016033	L008	GCF_002806795.1	0f9a47eeef606f48ca5a2c2304e4ab16d77b7cb5ab4fc4260da670e99ec6f02c
446	asm-v1-f1b2c5720be3bbd21096b72f	GCF_001860505.1	GCF_001860505.1	exact_assembly_revision:GCF_001860505.1	EX0446	ND0443	GCF_001860505.1	0	AMBIGUOUS_UNROOTED_BACKBONE_OR_UNSUPPORTED		ALTERNATIVE_PARTITIONS_RETAINED_NO_FORCED_CLADE	GCF_003000615.1	0.00261366	L003	GCF_013391275.1	006de7770f500659e219a9d8d3f021a73df6f51f9fc08b4c78d4a44cd466ee62
447	asm-v1-e5e9f926ac4f750b4c2d8291	GCF_001617075.1	GCF_001617075.1	exact_assembly_revision:GCF_001617075.1	EX0447	ND0444	GCF_001617075.1	0	SUPPORTED_FIXED	HC001	MASH_PARAMETER_AND_SEED_STABLE_SPLIT	GCF_019219385.1	0.00633378	L003	GCF_013391275.1	685582433848d368f79ccd64c66add375b8afd7313fb61ef7fdea5bd61db5a12
448	asm-v1-1cec32957065adc4b8c14389	GCF_002229215.1	GCF_002229215.1	exact_assembly_revision:GCF_002229215.1	EX0448	ND0445	GCF_002229215.1	0	SUPPORTED_FIXED	HC001	MASH_PARAMETER_AND_SEED_STABLE_SPLIT	GCF_018683135.1	0.00439062	L003	GCF_013391275.1	23d385089e589b9475343ed72fd6ff78448195b9f3e78e68418927901014882c
449	asm-v1-eded3ae759757fc79914fe7e	GCF_001692795.1	GCF_001692795.1	exact_assembly_revision:GCF_001692795.1	EX0449	ND0446	GCF_001692795.1	0	AMBIGUOUS_UNROOTED_BACKBONE_OR_UNSUPPORTED		ALTERNATIVE_PARTITIONS_RETAINED_NO_FORCED_CLADE	GCF_002109645.1	0.00996255	L012	GCF_000807565.1	c862f5314605ecfd92d5571e42cb958a179475dbe6c999391c82df10281d5305
450	asm-v1-670be4bfcc55b0f8a3f55554	GCF_000700625.1	GCF_000700625.1	exact_assembly_revision:GCF_000700625.1	EX0450	ND0447	GCF_000700625.1	0	AMBIGUOUS_UNROOTED_BACKBONE_OR_UNSUPPORTED		ALTERNATIVE_PARTITIONS_RETAINED_NO_FORCED_CLADE	GCF_011404355.1	0.00570819	L003	GCF_013391275.1	4369126c3169a627e507a1207fe1ff78e755a03138f972668a073518e2af2638
451	asm-v1-d23792868fad83e95f73492e	GCF_005043925.1	GCF_005043925.1	exact_assembly_revision:GCF_005043925.1	EX0451	ND0448	GCF_005043925.1	0	SUPPORTED_FIXED	HC001	MASH_PARAMETER_AND_SEED_STABLE_SPLIT	GCF_900016095.1	0.00534606	L003	GCF_013391275.1	cf3bb7080b85315350983fbb053e2d69d8b09f142beeaea7f9b58ea6ddf9824a
452	asm-v1-e770147d3287464ca3bb02d5	GCF_001650605.1	GCF_001650605.1	exact_assembly_revision:GCF_001650605.1	EX0452	ND0449	GCF_001650605.1	0	AMBIGUOUS_UNROOTED_BACKBONE_OR_UNSUPPORTED		ALTERNATIVE_PARTITIONS_RETAINED_NO_FORCED_CLADE	GCF_900479345.1	0.00486676	L015	GCF_900479345.1	36efce2a31e2ebabf230617441c3780ceb6f1aa99cdd11b4dc278e0e0e6a7c1c
453	asm-v1-22584a5ce8b7fc67556df551	GCF_009767245.1	GCF_009767245.1	exact_assembly_revision:GCF_009767245.1	EX0453	ND0450	GCF_009767245.1	0	SUPPORTED_FIXED	HC001	MASH_PARAMETER_AND_SEED_STABLE_SPLIT	GCF_002485405.1	0.00409025	L003	GCF_013391275.1	d85286a5477a4dfbf9b9cd838bf0c0877593ab5923230577e1f5cd570252b5ad
454	asm-v1-616cd4c3e02a370b3c2757de	GCF_011077775.1	GCF_011077775.1	exact_assembly_revision:GCF_011077775.1	EX0454	ND0451	GCF_011077775.1	0	AMBIGUOUS_UNROOTED_BACKBONE_OR_UNSUPPORTED		ALTERNATIVE_PARTITIONS_RETAINED_NO_FORCED_CLADE	GCF_009909875.1	0.00281299	L004	GCF_015163255.1	c580c0d90c7c99c709b561c9cd8e9d18c55b0c4c0a1d6eb10b501d5e40e92f8b
455	asm-v1-0de0d1f9b39d837c4d9bb02a	GCF_000354455.1	GCF_000354455.1	exact_assembly_revision:GCF_000354455.1	EX0455	ND0452	GCF_000354455.1	0	SUPPORTED_FIXED	HC001	MASH_PARAMETER_AND_SEED_STABLE_SPLIT	GCF_002485405.1	0.00175656	L003	GCF_013391275.1	26b3afa82a041c21d3012496d71fddf78f8aa9144f4c84f20fbba972442e3052
456	asm-v1-ff1fea8245b2b47bdfd6ae1a	GCF_005394825.1	GCF_005394825.1	exact_assembly_revision:GCF_005394825.1	EX0456	ND0453	GCF_005394825.1	0	SUPPORTED_FIXED	HC001	MASH_PARAMETER_AND_SEED_STABLE_SPLIT	GCF_020051575.1	0.00190845	L003	GCF_013391275.1	1eb0004e1083f5244b2f028862d3ff6047a13424e298807e07c6607c113b3e97
457	asm-v1-14bbb82151fcd42276d8cd26	GCF_002001975.1	GCF_002001975.1	exact_assembly_revision:GCF_002001975.1	EX0457	ND0454	GCF_002001975.1	0	AMBIGUOUS_UNROOTED_BACKBONE_OR_UNSUPPORTED		ALTERNATIVE_PARTITIONS_RETAINED_NO_FORCED_CLADE	GCF_015163255.1	0.00312072	L004	GCF_015163255.1	8181599ae8cf3d999212e4caf98d99c0df43bcaf5e12caab160258f46a137a1b
458	asm-v1-6c5f0a3600b33441028c0542	GCF_005381345.1	GCF_005381345.1	exact_assembly_revision:GCF_005381345.1	EX0458	ND0455	GCF_005381345.1	0	SUPPORTED_FIXED	HC001	MASH_PARAMETER_AND_SEED_STABLE_SPLIT	GCF_005044435.1	0.000750689	L003	GCF_013391275.1	d4570b6b89718a3b676561d7badb5665a0b140fd41a109738ad7af743bc16d58
459	asm-v1-9cb80c3766966455799db3ca	GCF_000352925.1	GCF_000352925.1	exact_assembly_revision:GCF_000352925.1	EX0459	ND0456	GCF_000352925.1	0	AMBIGUOUS_UNROOTED_BACKBONE_OR_UNSUPPORTED		ALTERNATIVE_PARTITIONS_RETAINED_NO_FORCED_CLADE	GCF_011045235.1	0.015828	L014	GCF_009880335.1	aecf6024aa8ceeb9f5e073a6233aa8ff21a026b992a8644f6e3dfe47c3bed83c
460	asm-v1-4b5d78f9e3ef47552c26d4b6	GCF_001749125.1	GCF_001749125.1	exact_assembly_revision:GCF_001749125.1	EX0460	ND0457	GCF_001749125.1	0	AMBIGUOUS_UNROOTED_BACKBONE_OR_UNSUPPORTED		ALTERNATIVE_PARTITIONS_RETAINED_NO_FORCED_CLADE	GCF_900096855.1	0.00611496	L003	GCF_013391275.1	23778e127a65304febda26d7b0fc5a6834854e9f838f508bd64cdcd48eaf97b3
461	asm-v1-c06a81e9422c6e06632b2e26	GCF_002573065.1	GCF_002573065.1	exact_assembly_revision:GCF_002573065.1	EX0461	ND0458	GCF_002573065.1	0	SUPPORTED_FIXED	HC001	MASH_PARAMETER_AND_SEED_STABLE_SPLIT	GCF_005396605.1	0.00422755	L003	GCF_013391275.1	212de00668bf3207b0505fd4d43af2d3c4d7c1e8617f8f5393e77c8c282e7764
462	asm-v1-ab4149e1162f01c5723ce826	GCF_002514845.1	GCF_002514845.1	exact_assembly_revision:GCF_002514845.1	EX0462	ND0459	GCF_002514845.1	0	SUPPORTED_FIXED	HC001	MASH_PARAMETER_AND_SEED_STABLE_SPLIT	GCF_002764815.1	0.00108342	L003	GCF_013391275.1	a7fce79256a60eed54ca41755527caf2429d0582f542fd3832eec38cd2915eca
463	asm-v1-d76edc58b0901a5f0ff27503	GCF_019587525.1	GCF_019587525.1	exact_assembly_revision:GCF_019587525.1	EX0463	ND0460	GCF_019587525.1	0	AMBIGUOUS_UNROOTED_BACKBONE_OR_UNSUPPORTED		ALTERNATIVE_PARTITIONS_RETAINED_NO_FORCED_CLADE	GCF_000458115.1	0.00389981	L012	GCF_000807565.1	76f48fb6c7f317f0be0a3f4c25c4c82d68974c937d4510e53c01bbff04c8780e
464	asm-v1-7db4d11dc461fc271a9cda6f	GCF_002233095.1	GCF_002233095.1	exact_assembly_revision:GCF_002233095.1	EX0464	ND0461	GCF_002233095.1	0	SUPPORTED_FIXED	HC001	MASH_PARAMETER_AND_SEED_STABLE_SPLIT	GCF_006351505.1	0.00364018	L003	GCF_013391275.1	efc2e5d6b1914deb4c931f470909005077459b63b47ba319a528086c7f4347d9
465	asm-v1-abbf0859a394555d334d4a5f	GCF_003361455.1	GCF_003361455.1	exact_assembly_revision:GCF_003361455.1	EX0465	ND0462	GCF_003361455.1	0	SUPPORTED_FIXED	HC002	MASH_PARAMETER_AND_SEED_STABLE_SPLIT	GCF_003361825.1	0.00160605	L008	GCF_002806795.1	30c25651caa6e0bc62fb82e7f44ce0b0ae355ee9ae43a60de8135aaf0b89469b
466	asm-v1-a170831ce681196503053c52	GCF_004170625.1	GCF_004170625.1	exact_assembly_revision:GCF_004170625.1	EX0466	ND0463	GCF_004170625.1	0	SUPPORTED_FIXED	HC003	MASH_PARAMETER_AND_SEED_STABLE_SPLIT	GCF_013395855.1	0.00521614	L003	GCF_013391275.1	eca254a9d0c60b18e8e5030b88830e685d414266d6a0cc620e360f15ca7106b2
467	asm-v1-52300cb6428e0b2ccf998c25	GCF_018069725.1	GCF_018069725.1	exact_assembly_revision:GCF_018069725.1	EX0467	ND0464	GCF_018069725.1	0	AMBIGUOUS_UNROOTED_BACKBONE_OR_UNSUPPORTED		ALTERNATIVE_PARTITIONS_RETAINED_NO_FORCED_CLADE	GCF_000326585.1	0.0039299	L012	GCF_000807565.1	388a65df7bd0a3b292606caa13a14e88444817381a0b06cb18695c833aba7af7
468	asm-v1-222ae3cf6cab61dbc2fe0224	GCF_001412975.1	GCF_001412975.1	exact_assembly_revision:GCF_001412975.1	EX0468	ND0465	GCF_001412975.1	0	SUPPORTED_FIXED	HC003	MASH_PARAMETER_AND_SEED_STABLE_SPLIT	GCF_003328195.1	0.00834217	L003	GCF_013391275.1	67eb5691a366ec78c393ee038ef9c9eb7d51803a8414dcb1ecc519ba7b894056
469	asm-v1-a3bdbf90109577f7e77fbb5e	GCF_002319515.1	GCF_002319515.1	exact_assembly_revision:GCF_002319515.1	EX0469	ND0466	GCF_002319515.1	0	SUPPORTED_FIXED	HC001	MASH_PARAMETER_AND_SEED_STABLE_SPLIT	GCF_002233095.1	0.00476231	L003	GCF_013391275.1	63b932e0f6f4a54c6acf08a38fd1fefdc92b3f6dca4610f5573d5eb354e7627d
470	asm-v1-4974185f1ac0a03dff7005fe	GCF_021109055.1	GCF_021109055.1	exact_assembly_revision:GCF_021109055.1	EX0470	ND0467	GCF_021109055.1	0	AMBIGUOUS_UNROOTED_BACKBONE_OR_UNSUPPORTED		ALTERNATIVE_PARTITIONS_RETAINED_NO_FORCED_CLADE	GCF_017639005.1	0.00347507	L011	GCF_009910875.1	16068d0d1a75341bcc6f8cb86db01facf94be980e5a009560ec9deb3a940563e
471	asm-v1-8cf1b3bb317a8f9a0dc66d90	GCF_001749065.1	GCF_001749065.1	exact_assembly_revision:GCF_001749065.1	EX0471	ND0468	GCF_001749065.1	0	SUPPORTED_FIXED	HC001	MASH_PARAMETER_AND_SEED_STABLE_SPLIT	GCF_002516905.1	0.00522909	L003	GCF_013391275.1	a3681a859b4e07a4f4c6a1beb5ec0216f3e83484eb769e1d70c86eb819febc2b
472	asm-v1-fed353279c6c0cb11580438a	GCF_003981665.1	GCF_003981665.1	exact_assembly_revision:GCF_003981665.1	EX0472	ND0469	GCF_003981665.1	0	SUPPORTED_FIXED	HC001	MASH_PARAMETER_AND_SEED_STABLE_SPLIT	GCF_009767245.1	0.00530699	L003	GCF_013391275.1	03e95fff4b71d3de501e9eb3b0f5a6095924a8a3e603b9a22f6f26be3ff6f0d9
473	asm-v1-8a6fcded4ba80487b7fcf3f5	GCF_005391865.1	GCF_005391865.1	exact_assembly_revision:GCF_005391865.1	EX0473	ND0470	GCF_005391865.1	0	SUPPORTED_FIXED	HC001	MASH_PARAMETER_AND_SEED_STABLE_SPLIT	GCF_002193375.1	0.00548677	L003	GCF_013391275.1	d0b896e84bc1a27bea94f0717cd4850f035efeb45042c7fdb9fe461d14572cb7
474	asm-v1-aac885873ed0420a1870089d	GCF_005396145.1	GCF_005396145.1	exact_assembly_revision:GCF_005396145.1	EX0474	ND0471	GCF_005396145.1	0	AMBIGUOUS_UNROOTED_BACKBONE_OR_UNSUPPORTED		ALTERNATIVE_PARTITIONS_RETAINED_NO_FORCED_CLADE	GCF_008373355.1	0.00285823	L003	GCF_013391275.1	6138dea4c0f5aa85b3d5253ccd94f43a657c5b68482e8a1661de06e905e0344a
475	asm-v1-4f8fb07f418349a9285f2676	GCF_003388915.1	GCF_003388915.1	exact_assembly_revision:GCF_003388915.1	EX0475	ND0472	GCF_003388915.1	0	AMBIGUOUS_UNROOTED_BACKBONE_OR_UNSUPPORTED		ALTERNATIVE_PARTITIONS_RETAINED_NO_FORCED_CLADE	GCF_000777675.1	0.00401746	L003	GCF_013391275.1	4ef7015b6c0520fb782016631c69a09fbc5cfc8e2fd72d09bae0f46d627717bb
476	asm-v1-a7108c348b27fa122d76a443	GCF_014494025.1	GCF_014494025.1	exact_assembly_revision:GCF_014494025.1	EX0476	ND0473	GCF_014494025.1	0	AMBIGUOUS_UNROOTED_BACKBONE_OR_UNSUPPORTED		ALTERNATIVE_PARTITIONS_RETAINED_NO_FORCED_CLADE	GCF_002223665.1	0.00233956	L004	GCF_015163255.1	3ccee2e397a748ce4d6d8f19cde4eb3a804b9d46de5ffadd6ce9abc896d68837
477	asm-v1-aec709c110ce9461a8271938	GCF_002226735.1	GCF_002226735.1	exact_assembly_revision:GCF_002226735.1	EX0477	ND0474	GCF_002226735.1	0	SUPPORTED_FIXED	HC001	MASH_PARAMETER_AND_SEED_STABLE_SPLIT	GCF_003357405.1	0.00665291	L003	GCF_013391275.1	eb0e5e302b7b49813ab0994b8c3f2b81ed2d17db3a04a5129fb0b890c5f39a99
478	asm-v1-84987a1dcd4d37eb77b5e649	GCF_016126995.1	GCF_016126995.1	exact_assembly_revision:GCF_016126995.1	EX0478	ND0475	GCF_016126995.1	0	SUPPORTED_FIXED	HC001	MASH_PARAMETER_AND_SEED_STABLE_SPLIT	GCF_014895175.1	0.00552952	L003	GCF_013391275.1	2633d24470bafa9e74b8930b5dcb382d32464ffcbe46a58d93c980fc6929ada2
479	asm-v1-d13ecfa0ba00446c2da253e4	GCF_009822095.1	GCF_009822095.1	exact_assembly_revision:GCF_009822095.1	EX0479	ND0476	GCF_009822095.1	0	AMBIGUOUS_UNROOTED_BACKBONE_OR_UNSUPPORTED		ALTERNATIVE_PARTITIONS_RETAINED_NO_FORCED_CLADE	GCF_002486895.1	0.00787396	L003	GCF_013391275.1	8c163577268a5628d5285c5c42618795819094d7f97d9fd3091ea1ae6177be63
480	asm-v1-8765d8bea6f7c49a5a30dd92	GCF_004767245.1	GCF_004767245.1	exact_assembly_revision:GCF_004767245.1	EX0480	ND0477	GCF_004767245.1	0	SUPPORTED_FIXED	HC001	MASH_PARAMETER_AND_SEED_STABLE_SPLIT	GCF_005396605.1	0.00415724	L003	GCF_013391275.1	0864a77c88e2d279d85ead5fd4ea2dffc5912ebe676423fe32a2dbbc5c41af3d
481	asm-v1-59af0276d1d55e2cd01420f5	GCF_002511275.1	GCF_002511275.1	exact_assembly_revision:GCF_002511275.1	EX0481	ND0478	GCF_002511275.1	0	SUPPORTED_FIXED	HC001	MASH_PARAMETER_AND_SEED_STABLE_SPLIT	GCF_001283925.1	0.00486042	L003	GCF_013391275.1	9c443af93a5a2f3acbc98d17d7717bb0c9fa9221d6ba725077c427b63ad4a34b
482	asm-v1-62559bf4f135a73e19e2c950	GCF_021353995.1	GCF_021353995.1	exact_assembly_revision:GCF_021353995.1	EX0482	ND0479	GCF_021353995.1	0	SUPPORTED_FIXED	HC001	MASH_PARAMETER_AND_SEED_STABLE_SPLIT	GCF_021354235.1	0.000153116	L003	GCF_013391275.1	6c8f9f9848a35fa6c54eb317da54e8474dbd2ca5fd9bcf5b9b66d2e6ef60e829
483	asm-v1-204df3a397f087d40c332e08	GCF_000091005.1	GCF_000091005.1	exact_assembly_revision:GCF_000091005.1	EX0483	ND0480	GCF_000091005.1	0	SUPPORTED_FIXED	HC001	MASH_PARAMETER_AND_SEED_STABLE_SPLIT	GCF_002764815.1	0.000688433	L003	GCF_013391275.1	73300a53f5ce28517f99628d401dae1cecc799f7308e3dde4343b5387d19c3c1
484	asm-v1-96b867030703332160e0506d	GCF_003981255.1	GCF_003981255.1	exact_assembly_revision:GCF_003981255.1	EX0484	ND0481	GCF_003981255.1	0	AMBIGUOUS_UNROOTED_BACKBONE_OR_UNSUPPORTED		ALTERNATIVE_PARTITIONS_RETAINED_NO_FORCED_CLADE	GCF_003981055.1	0.000646235	L003	GCF_013391275.1	62e27f926a94151b8d3e47c021f7149a675778ed4921bfd4cc8b37ead63c8a8a
485	asm-v1-1bc4be8a585bf34e2faa0568	GCF_003304855.1	GCF_003304855.1	exact_assembly_revision:GCF_003304855.1	EX0485	ND0482	GCF_003304855.1	0	SUPPORTED_FIXED	HC001	MASH_PARAMETER_AND_SEED_STABLE_SPLIT	GCF_002487335.1	0.00413894	L003	GCF_013391275.1	9af2f0d47b7f5a5464a14eaf9a2ea7f004677f4ba244d5278490a76cab983ddb
486	asm-v1-9b0467daf858ce5b14231940	GCF_000457285.1	GCF_000457285.1	exact_assembly_revision:GCF_000457285.1	EX0486	ND0483	GCF_000457285.1	0	AMBIGUOUS_UNROOTED_BACKBONE_OR_UNSUPPORTED		ALTERNATIVE_PARTITIONS_RETAINED_NO_FORCED_CLADE	GCF_000458295.1	0.00112166	L010	GCF_003317605.1	235c6b5c356af9de396d7596a8971a550286135e08d2ebd264be60ddd4361709
487	asm-v1-88eb89a66cddebd728567ba5	GCF_004284265.1	GCF_004284265.1	exact_assembly_revision:GCF_004284265.1	EX0487	ND0484	GCF_004284265.1	0	AMBIGUOUS_UNROOTED_BACKBONE_OR_UNSUPPORTED		ALTERNATIVE_PARTITIONS_RETAINED_NO_FORCED_CLADE	GCF_003304615.1	0.00618989	L003	GCF_013391275.1	9ad4dbf42bad8542e77c080932a216e76cc149db7a0d7da95d33169591c95005
488	asm-v1-a1224d267cd99625772a94ac	GCF_900195505.1	GCF_900195505.1	exact_assembly_revision:GCF_900195505.1	EX0488	ND0485	GCF_900195505.1	0	AMBIGUOUS_UNROOTED_BACKBONE_OR_UNSUPPORTED		ALTERNATIVE_PARTITIONS_RETAINED_NO_FORCED_CLADE	GCF_002249645.1	0.00388479	L003	GCF_013391275.1	5ae3720d21f0a1e63781179262d5b16275ade831c43d26164badb6f12a50fb1b
489	asm-v1-7898359d21256164f5e5ca5f	GCF_907175235.1	GCF_907175235.1	exact_assembly_revision:GCF_907175235.1	EX0489	ND0486	GCF_907175235.1	0	AMBIGUOUS_UNROOTED_BACKBONE_OR_UNSUPPORTED		ALTERNATIVE_PARTITIONS_RETAINED_NO_FORCED_CLADE	GCF_002534845.1	0.0127151	L006	GCF_002534845.1	01dbe9c818a88efb4de414c7226e24911c1abf32fff0a04d3d29b18160f80db7
490	asm-v1-7c14da53b0a83b96244aac57	GCF_000397705.1	GCF_000397705.1	exact_assembly_revision:GCF_000397705.1	EX0490	ND0487	GCF_000397705.1	0	SUPPORTED_FIXED	HC007	MASH_PARAMETER_AND_SEED_STABLE_SPLIT	GCF_002226425.1	0.00252735	L012	GCF_000807565.1	f3575f5e32bea5413f52751296456b0ac7865cd421cd03481ba15b73d2561fcd
491	asm-v1-d399f2fcbef5fba789a5361a	GCF_002268255.1	GCF_002268255.1	exact_assembly_revision:GCF_002268255.1	EX0491	ND0488	GCF_002268255.1	0	AMBIGUOUS_UNROOTED_BACKBONE_OR_UNSUPPORTED		ALTERNATIVE_PARTITIONS_RETAINED_NO_FORCED_CLADE	GCF_000458115.1	0.00195939	L012	GCF_000807565.1	a57b12066ecdc41388849f7488d338e16501053dbc245cb66f813f9b69ed89f5
492	asm-v1-ea9c4fd547d67553ef96d78e	GCF_004380655.1	GCF_004380655.1	exact_assembly_revision:GCF_004380655.1	EX0492	ND0489	GCF_004380655.1	0	AMBIGUOUS_UNROOTED_BACKBONE_OR_UNSUPPORTED		ALTERNATIVE_PARTITIONS_RETAINED_NO_FORCED_CLADE	GCF_902705595.1	0.001291	L004	GCF_015163255.1	a9d254b91702bd80269ffaa0cc52560df8665ea20b1493986039c63ecd3263c1
493	asm-v1-139b80f71f530d06aab2fc1d	GCF_003980755.1	GCF_003980755.1	exact_assembly_revision:GCF_003980755.1	EX0493	ND0490	GCF_003980755.1	0	AMBIGUOUS_UNROOTED_BACKBONE_OR_UNSUPPORTED		ALTERNATIVE_PARTITIONS_RETAINED_NO_FORCED_CLADE	GCF_001749385.1	0.00555259	L003	GCF_013391275.1	2f8ed2235f58cbff5a3de05f81955762217b1e5f8c453bd76978930bd266d8e6
494	asm-v1-1e9986576c2600ec296bc48e	GCF_001285325.1	GCF_001285325.1	exact_assembly_revision:GCF_001285325.1	EX0494	ND0491	GCF_001285325.1	0	SUPPORTED_FIXED	HC001	MASH_PARAMETER_AND_SEED_STABLE_SPLIT	GCF_001285985.1	0.00449914	L003	GCF_013391275.1	334559e889729e9ba42fa129f3b6120390aaa913919a4939b2d8859a59e24969
495	asm-v1-80d4e3c3befa01fbb23de416	GCF_001614905.1	GCF_001614905.1	exact_assembly_revision:GCF_001614905.1	EX0495	ND0492	GCF_001614905.1	0	SUPPORTED_FIXED	HC001	MASH_PARAMETER_AND_SEED_STABLE_SPLIT	GCF_002511115.1	0.00861543	L003	GCF_013391275.1	a27c19e37960178b499db1acbfe5a17318c27d36313c705f374b3cea576e5dd3
496	asm-v1-5657d79e4df4f0341ec1ff9d	GCF_009794365.1	GCF_009794365.1	exact_assembly_revision:GCF_009794365.1	EX0496	ND0413	GCF_009794365.1	0	SUPPORTED_FIXED	HC001	MASH_PARAMETER_AND_SEED_STABLE_SPLIT	GCF_009794605.1	6.6807e-05	L003	GCF_013391275.1	9f1e1aac20ce79faa261de7f14f8cd342b7e1ffa8ab0b10f259ee00362c6af64
497	asm-v1-92d8492dfdf99fc4500111fe	GCF_002223665.1	GCF_002223665.1	exact_assembly_revision:GCF_002223665.1	EX0497	ND0493	GCF_002223665.1	0	AMBIGUOUS_UNROOTED_BACKBONE_OR_UNSUPPORTED		ALTERNATIVE_PARTITIONS_RETAINED_NO_FORCED_CLADE	GCF_002142675.1	0.00180438	L004	GCF_015163255.1	0311bec4274ccbe2e5293dc993ce9a646ae6329a1af31dfd85e2521af360fc85
498	asm-v1-e3c6c0f72874b00fd58354df	GCF_001615695.1	GCF_001615695.1	exact_assembly_revision:GCF_001615695.1	EX0498	ND0494	GCF_001615695.1	0	AMBIGUOUS_UNROOTED_BACKBONE_OR_UNSUPPORTED		ALTERNATIVE_PARTITIONS_RETAINED_NO_FORCED_CLADE	GCF_002270225.1	0.00371439	L003	GCF_013391275.1	3cd05874626d921b082dd038579f192a90474c86f80afed8bf90fdef7dd2cf16
499	asm-v1-231c75f0dfc8406801a45dce	GCF_000305355.1	GCF_000305355.1	exact_assembly_revision:GCF_000305355.1	EX0499	ND0495	GCF_000305355.1	0	AMBIGUOUS_UNROOTED_BACKBONE_OR_UNSUPPORTED		ALTERNATIVE_PARTITIONS_RETAINED_NO_FORCED_CLADE	GCF_000408345.1	0.00429198	L003	GCF_013391275.1	4970378c28daf82a0109aa4a25f91694ce143404697d21986a01c4f00f9d8280
500	asm-v1-9722faee2cc20d8d82760656	GCF_006238575.1	GCF_006238575.1	exact_assembly_revision:GCF_006238575.1	EX0500	ND0496	GCF_006238575.1	0	AMBIGUOUS_UNROOTED_BACKBONE_OR_UNSUPPORTED		ALTERNATIVE_PARTITIONS_RETAINED_NO_FORCED_CLADE	GCF_009832985.1	0.00675464	L003	GCF_013391275.1	63e188662fb14b26fed595f615980821a527313d01051e23293d16f8cb549ea0
501	asm-v1-c4e698be925dd4edfdb00cad	GCF_015620275.1	GCF_015620275.1	exact_assembly_revision:GCF_015620275.1	EX0501	ND0497	GCF_015620275.1	0	SUPPORTED_FIXED	HC001	MASH_PARAMETER_AND_SEED_STABLE_SPLIT	GCF_019050495.1,GCF_019052205.1	0.0106459	L003	GCF_013391275.1	0378cdf3af05768db4a62b38bb93befe3789112a5f89aeae2c34caafd05b3869
502	asm-v1-30d982d1af7e8de8b4135621	GCF_900536605.1	GCF_900536605.1	exact_assembly_revision:GCF_900536605.1	EX0502	ND0498	GCF_900536605.1	0	AMBIGUOUS_UNROOTED_BACKBONE_OR_UNSUPPORTED		ALTERNATIVE_PARTITIONS_RETAINED_NO_FORCED_CLADE	GCF_002486895.1	0.00292348	L003	GCF_013391275.1	767d8e41120d824a25ba488cefa19591ccf3da6777d38239e651571a5efd458d
503	asm-v1-1625b6d46433fc64cf4dc4ca	GCF_000446825.2	GCF_000446825.2	exact_assembly_revision:GCF_000446825.2	EX0503	ND0499	GCF_000446825.2	0	AMBIGUOUS_UNROOTED_BACKBONE_OR_UNSUPPORTED		ALTERNATIVE_PARTITIONS_RETAINED_NO_FORCED_CLADE	GCF_002519245.1	0.00478126	L003	GCF_013391275.1	2bec05c8c18d68cf1c74ab7ff292574f78847ac75202a3097bce0db0aecf932f
504	asm-v1-eda378162b622125e8c313ae	GCF_002466355.1	GCF_002466355.1	exact_assembly_revision:GCF_002466355.1	EX0504	ND0500	GCF_002466355.1	0	AMBIGUOUS_UNROOTED_BACKBONE_OR_UNSUPPORTED		ALTERNATIVE_PARTITIONS_RETAINED_NO_FORCED_CLADE	GCF_020731765.1	0.00740957	L003	GCF_013391275.1	2e1c2c344488e382937829e6b755b76c05322dd3444e38bc914601d7a5372e17
505	asm-v1-13e82288c2b823db7c6c30ec	GCF_002193205.1	GCF_002193205.1	exact_assembly_revision:GCF_002193205.1	EX0505	ND0501	GCF_002193205.1	0	SUPPORTED_FIXED	HC001	MASH_PARAMETER_AND_SEED_STABLE_SPLIT	GCF_001614645.1	0.00741685	L003	GCF_013391275.1	ed5ed95de511b55339d65f56cf34129d0c956dca7f17b3e592de0e68df757831
506	asm-v1-7b7899908cbef9cdc5da715a	GCF_900480975.1	GCF_900480975.1	exact_assembly_revision:GCF_900480975.1	EX0506	ND0502	GCF_900480975.1	0	SUPPORTED_FIXED	HC003	MASH_PARAMETER_AND_SEED_STABLE_SPLIT	GCF_900481145.1	0.000300437	L003	GCF_013391275.1	42b79078c129a91025564079e816a39994e3acedc5e9ee46d6784a5902cf1640
507	asm-v1-975df455c39c820bfd44b49c	GCF_902859275.1	GCF_902859275.1	exact_assembly_revision:GCF_902859275.1	EX0507	ND0503	GCF_902859275.1	0	AMBIGUOUS_UNROOTED_BACKBONE_OR_UNSUPPORTED		ALTERNATIVE_PARTITIONS_RETAINED_NO_FORCED_CLADE	GCF_902859095.1	0.000150712	L012	GCF_000807565.1	4ef8182cb556b6dc09f00c50c0897db207e06b1c341fab9094fca534442d1b5e
508	asm-v1-49f1ffed07da4da138d341e0	GCF_000408485.1	GCF_000408485.1	exact_assembly_revision:GCF_000408485.1	EX0508	ND0504	GCF_000408485.1	0	AMBIGUOUS_UNROOTED_BACKBONE_OR_UNSUPPORTED		ALTERNATIVE_PARTITIONS_RETAINED_NO_FORCED_CLADE	GCF_001651605.1	0.00359875	L002	GCF_001651605.1	ceb52fe35b106ef5024057e1f59e36f66c30cfbd779fcd91ad1605e89878fb77
509	asm-v1-eb69bbaf3a5a8dbd1956f9c0	GCF_013423945.1	GCF_013423945.1	exact_assembly_revision:GCF_013423945.1	EX0509	ND0505	GCF_013423945.1	0	AMBIGUOUS_UNROOTED_BACKBONE_OR_UNSUPPORTED		ALTERNATIVE_PARTITIONS_RETAINED_NO_FORCED_CLADE	GCF_004170585.1	0.00469616	L003	GCF_013391275.1	1bbf1b453aa217de44fe590cfa97750f64aee1112c0a214c28083fee1e53808e
510	asm-v1-3cff9fb629e52470068719d1	GCF_013182705.1	GCF_013182705.1	exact_assembly_revision:GCF_013182705.1	EX0510	ND0506	GCF_013182705.1	0	SUPPORTED_FIXED	HC005	MASH_PARAMETER_AND_SEED_STABLE_SPLIT	GCF_014862705.1	0.00352503	L009	GCF_001520375.1	083184b52ea17d8ccd9ff283c11ca06657cff851aca57ade669634a8cb0801e0
511	asm-v1-4b2fed6fdfddf02230a26217	GCF_000987545.1	GCF_000987545.1	exact_assembly_revision:GCF_000987545.1	EX0511	ND0507	GCF_000987545.1	0	SUPPORTED_FIXED	HC001	MASH_PARAMETER_AND_SEED_STABLE_SPLIT	GCF_018884065.1	0.00320718	L003	GCF_013391275.1	13c21eb1672e6c3fd62200a40f1d50cd13052fe36f7219cb8557313ac67aff5f
512	asm-v1-da4ebf87524e9f63e86d3355	GCF_005393265.1	GCF_005393265.1	exact_assembly_revision:GCF_005393265.1	EX0512	ND0508	GCF_005393265.1	0	SUPPORTED_FIXED	HC001	MASH_PARAMETER_AND_SEED_STABLE_SPLIT	GCF_002519275.1	0.00951951	L003	GCF_013391275.1	64d47af5eacb1255f49265a7cc10d14a33b26813b8d6a5f3b36e0d9bbb990d10
513	asm-v1-3d57ef393d3c093784736989	GCF_000952225.1	GCF_000952225.1	exact_assembly_revision:GCF_000952225.1	EX0513	ND0509	GCF_000952225.1	0	AMBIGUOUS_UNROOTED_BACKBONE_OR_UNSUPPORTED		ALTERNATIVE_PARTITIONS_RETAINED_NO_FORCED_CLADE	GCF_001520405.1	0.00144647	L010	GCF_003317605.1	c0f40f60ff5ddd7b17eea200dbb3f0fa9f8973134d182a0ea75712cffd9a45ce
514	asm-v1-69d4cea506b0c56116d63735	GCF_019879155.1	GCF_019879155.1	exact_assembly_revision:GCF_019879155.1	EX0514	ND0510	GCF_019879155.1	0	AMBIGUOUS_UNROOTED_BACKBONE_OR_UNSUPPORTED		ALTERNATIVE_PARTITIONS_RETAINED_NO_FORCED_CLADE	GCF_003469495.1	0.00581155	L003	GCF_013391275.1	460db8104ad29206b604f5027b1d1f650aee8fad823d1794e0535e1eb7ff3153
515	asm-v1-44961e767c4f7055500a310a	GCF_002231775.1	GCF_002231775.1	exact_assembly_revision:GCF_002231775.1	EX0515	ND0511	GCF_002231775.1	0	SUPPORTED_FIXED	HC001	MASH_PARAMETER_AND_SEED_STABLE_SPLIT	GCF_005399985.1	0.00282147	L003	GCF_013391275.1	609c1aee49587f2bf56751b15468e4fa2c8685742203b0579b593690b0b0a479
516	asm-v1-3bc4d313a792399ed52fd138	GCF_006230395.1	GCF_006230395.1	exact_assembly_revision:GCF_006230395.1	EX0516	ND0512	GCF_006230395.1	0	AMBIGUOUS_UNROOTED_BACKBONE_OR_UNSUPPORTED		ALTERNATIVE_PARTITIONS_RETAINED_NO_FORCED_CLADE	GCF_020907565.1	0.000825714	L010	GCF_003317605.1	5788275108fb200686b0bd93bb8b43d361fce5a34e2fc5d9dfee44361994fa13
517	asm-v1-6dd1c3cdd3b75817199e77e6	GCF_020422745.1	GCF_020422745.1	exact_assembly_revision:GCF_020422745.1	EX0517	ND0513	GCF_020422745.1	0	AMBIGUOUS_UNROOTED_BACKBONE_OR_UNSUPPORTED		ALTERNATIVE_PARTITIONS_RETAINED_NO_FORCED_CLADE	GCF_020422075.1	0.00147774	L011	GCF_009910875.1	1d95a55c084d633b66a6e1caf377e6a86cf6ca4202cc7c1beca86c1f906c6127
518	asm-v1-1f859e847da30041257be359	GCF_009789835.1	GCF_009789835.1	exact_assembly_revision:GCF_009789835.1	EX0518	ND0514	GCF_009789835.1	0	SUPPORTED_FIXED	HC001	MASH_PARAMETER_AND_SEED_STABLE_SPLIT	GCF_001900815.1	0.00300325	L003	GCF_013391275.1	6f40912ec3e86af6ef6009a9182a286db1c683faa4263a3c7eb2dccbf6c637eb
519	asm-v1-91f356d0671601a2e6bc0148	GCF_002547165.1	GCF_002547165.1	exact_assembly_revision:GCF_002547165.1	EX0519	ND0515	GCF_002547165.1	0	SUPPORTED_FIXED	HC001	MASH_PARAMETER_AND_SEED_STABLE_SPLIT	GCF_013391275.1	0.00765879	L003	GCF_013391275.1	00a1bc20a02b235c4e129cd5c035a6828bdd5f27e794e8b29056287fd879505f
520	asm-v1-5717947d5f1fd564fa10e2c8	GCF_001609735.1	GCF_001609735.1	exact_assembly_revision:GCF_001609735.1	EX0520	ND0516	GCF_001609735.1	0	SUPPORTED_FIXED	HC001	MASH_PARAMETER_AND_SEED_STABLE_SPLIT	GCF_021108615.1	0.00178842	L003	GCF_013391275.1	ec85e7f294cbb3dfbe48164bf874cf870f515978798c9d304814815a1facf8fd
521	asm-v1-6cee7f3f03ed0d5d9b9ec3b6	GCF_002769095.1	GCF_002769095.1	exact_assembly_revision:GCF_002769095.1	EX0521	ND0517	GCF_002769095.1	0	SUPPORTED_FIXED	HC001	MASH_PARAMETER_AND_SEED_STABLE_SPLIT	GCF_002144185.1	0.00157716	L003	GCF_013391275.1	c29f5703fbadd0e171513914251fad777116253f1f098d6e52cfffe80379be74
522	asm-v1-a8bde4b9ce8be75ec609de5b	GCF_000459135.1	GCF_000459135.1	exact_assembly_revision:GCF_000459135.1	EX0522	ND0518	GCF_000459135.1	0	SUPPORTED_FIXED	HC007	MASH_PARAMETER_AND_SEED_STABLE_SPLIT	GCF_000807565.1	0.00220007	L012	GCF_000807565.1	96c60615143936e8ec99057fdc2c130a3c60768e463dc33fd87b1edf2d2d323f
523	asm-v1-30dd48ac705542b698e83377	GCF_003830315.1	GCF_003830315.1	exact_assembly_revision:GCF_003830315.1	EX0523	ND0519	GCF_003830315.1	0	AMBIGUOUS_UNROOTED_BACKBONE_OR_UNSUPPORTED		ALTERNATIVE_PARTITIONS_RETAINED_NO_FORCED_CLADE	GCF_015208575.1	0.00681806	L003	GCF_013391275.1	902b0f5b505725fb1132bd1b8e4bc39cbd622110cf981b59ecf69acec70ddca5
524	asm-v1-1534a85cb958b88580eef048	GCF_015229735.1	GCF_015229735.1	exact_assembly_revision:GCF_015229735.1	EX0524	ND0520	GCF_015229735.1	0	AMBIGUOUS_UNROOTED_BACKBONE_OR_UNSUPPORTED		ALTERNATIVE_PARTITIONS_RETAINED_NO_FORCED_CLADE	GCF_002810165.1	0.00837277	L003	GCF_013391275.1	82e4600c4676d1e60d869d5c54cada1f917abe9a9105c33e364fc164392d8f0f
525	asm-v1-0da6aea242345c7758e51e99	GCF_002227705.1	GCF_002227705.1	exact_assembly_revision:GCF_002227705.1	EX0525	ND0521	GCF_002227705.1	0	AMBIGUOUS_UNROOTED_BACKBONE_OR_UNSUPPORTED		ALTERNATIVE_PARTITIONS_RETAINED_NO_FORCED_CLADE	GCF_006233005.1	0.0118244	L004	GCF_015163255.1	166105b9f6d9c6c87a0035d3b0beceec2cd927606a2de00c5b1e089f417275b0
526	asm-v1-e3da6cf35ee8802d564099fe	GCF_008823185.1	GCF_008823185.1	exact_assembly_revision:GCF_008823185.1	EX0526	ND0522	GCF_008823185.1	0	AMBIGUOUS_UNROOTED_BACKBONE_OR_UNSUPPORTED		ALTERNATIVE_PARTITIONS_RETAINED_NO_FORCED_CLADE	GCF_004170585.1	0.00528423	L003	GCF_013391275.1	22c0eac869f05d03e83a557cd961ec90ddf529aa860ae9b39dc903d09839cea7
527	asm-v1-26c45a3305a40f58a767d020	GCF_001911695.1	GCF_001911695.1	exact_assembly_revision:GCF_001911695.1	EX0527	ND0523	GCF_001911695.1	0	SUPPORTED_FIXED	HC001	MASH_PARAMETER_AND_SEED_STABLE_SPLIT	GCF_000356785.2	0.00495268	L003	GCF_013391275.1	225b6d511b0ccf2d30f353158aa35c703a7ff99ef5ec5a8cbdd7ceb6b216f5fe
528	asm-v1-2b0b7ef46f04a0aad8157a9d	GCF_001561895.1	GCF_001561895.1	exact_assembly_revision:GCF_001561895.1	EX0528	ND0524	GCF_001561895.1	0	AMBIGUOUS_UNROOTED_BACKBONE_OR_UNSUPPORTED		ALTERNATIVE_PARTITIONS_RETAINED_NO_FORCED_CLADE	GCF_003317605.1	0.00152999	L010	GCF_003317605.1	651bd8384beaa778b82d17c05ae5560f3a5e8a0aa872405220e44c76c3b4a069
529	asm-v1-27cfd8c746c9b7814ddfa401	GCF_003360315.1	GCF_003360315.1	exact_assembly_revision:GCF_003360315.1	EX0529	ND0525	GCF_003360315.1	0	SUPPORTED_FIXED	HC002	MASH_PARAMETER_AND_SEED_STABLE_SPLIT	GCF_002806795.1	0.000559703	L008	GCF_002806795.1	31dd501115bc0a9c182b7a9ae09c62751a7387d2bcd7607141ca9c7af841f5bd
530	asm-v1-19fd4a07f5b2e55df7b5b7a9	GCF_000459315.1	GCF_000459315.1	exact_assembly_revision:GCF_000459315.1	EX0530	ND0526	GCF_000459315.1	0	AMBIGUOUS_UNROOTED_BACKBONE_OR_UNSUPPORTED		ALTERNATIVE_PARTITIONS_RETAINED_NO_FORCED_CLADE	GCF_020085275.1	0.000690919	L012	GCF_000807565.1	819b86860f3b6ce61e016dc43c50d0190aced261cd361a7fe8e579f7f8897b83
531	asm-v1-4eddfa98a39fae2606c2d1a1	GCF_013392285.1	GCF_013392285.1	exact_assembly_revision:GCF_013392285.1	EX0531	ND0527	GCF_013392285.1	0	AMBIGUOUS_UNROOTED_BACKBONE_OR_UNSUPPORTED		ALTERNATIVE_PARTITIONS_RETAINED_NO_FORCED_CLADE	GCF_002543285.1	0.00922153	L003	GCF_013391275.1	64c0a43feae1422d13dc7b37ea29d277e1fe00a648178b9a9750619648d5eff8
532	asm-v1-fba1ca1488d468e1c733344d	GCF_016433185.1	GCF_016433185.1	exact_assembly_revision:GCF_016433185.1	EX0532	ND0528	GCF_016433185.1	0	AMBIGUOUS_UNROOTED_BACKBONE_OR_UNSUPPORTED		ALTERNATIVE_PARTITIONS_RETAINED_NO_FORCED_CLADE	GCF_004568995.1	0.00140487	L010	GCF_003317605.1	df62ad987e358e7f43f0bf9f89f24a5c7c65c121dc0b95aa6b3947e285d0b9f4
533	asm-v1-b5e10ae02e538763d4844d54	GCF_000777065.1	GCF_000777065.1	exact_assembly_revision:GCF_000777065.1	EX0533	ND0529	GCF_000777065.1	0	AMBIGUOUS_UNROOTED_BACKBONE_OR_UNSUPPORTED		ALTERNATIVE_PARTITIONS_RETAINED_NO_FORCED_CLADE	GCF_002109645.1	0.00930564	L012	GCF_000807565.1	5ea04826bd14d20d4529326e3040c5e59b1054bf725823166271446c77cc0649
534	asm-v1-96d7fc23a0801e4052135d85	GCF_001059075.1	GCF_001059075.1	exact_assembly_revision:GCF_001059075.1	EX0534	ND0530	GCF_001059075.1	0	AMBIGUOUS_UNROOTED_BACKBONE_OR_UNSUPPORTED		ALTERNATIVE_PARTITIONS_RETAINED_NO_FORCED_CLADE	GCF_005383085.1	0.00879061	L010	GCF_003317605.1	9106473ce979bd571740a4d5399fc3a7546356c8e9ae656666f74a561666628f
535	asm-v1-d2fcd4eee899bf6f50bbebe9	GCF_012275695.1	GCF_012275695.1	exact_assembly_revision:GCF_012275695.1	EX0535	ND0531	GCF_012275695.1	0	SUPPORTED_FIXED	HC001	MASH_PARAMETER_AND_SEED_STABLE_SPLIT	GCF_017163155.1	0.00659004	L003	GCF_013391275.1	9c7df75a18d18967aa89a26bc9472fb5463053e6168e78bba1dc8be8ec2e3655
536	asm-v1-d7bdb107424534ca8ceb057c	GCF_002855615.1	GCF_002855615.1	exact_assembly_revision:GCF_002855615.1	EX0536	ND0532	GCF_002855615.1	0	AMBIGUOUS_UNROOTED_BACKBONE_OR_UNSUPPORTED		ALTERNATIVE_PARTITIONS_RETAINED_NO_FORCED_CLADE	GCF_004120975.1	0.000735726	L010	GCF_003317605.1	5ab7c1d2824e7bee6f517bf09a87402f994ef1dc3bbe5f44d6d0089d69b8d2b1
537	asm-v1-317569a433e8e393564ee538	GCF_002520785.1	GCF_002520785.1	exact_assembly_revision:GCF_002520785.1	EX0537	ND0533	GCF_002520785.1	0	SUPPORTED_FIXED	HC001	MASH_PARAMETER_AND_SEED_STABLE_SPLIT	GCF_002522525.1	0.0058819	L003	GCF_013391275.1	4036e949eced9cd06f717ea5481991935b5ca042395292f63e54c3f3d5e6681d
538	asm-v1-99dca864f1fa805a006ca4a8	GCF_011765445.1	GCF_011765445.1	exact_assembly_revision:GCF_011765445.1	EX0538	ND0534	GCF_011765445.1	0	SUPPORTED_FIXED	HC006	MASH_PARAMETER_AND_SEED_STABLE_SPLIT	GCF_003172135.1	0.000295585	L003	GCF_013391275.1	05903867765182380b35dcb97f25de365b850d01b3dfc8916f0cba951553911c
539	asm-v1-75ff08592aad3f09909fb02f	GCF_021354495.1	GCF_021354495.1	exact_assembly_revision:GCF_021354495.1	EX0539	ND0535	GCF_021354495.1	0	SUPPORTED_FIXED	HC001	MASH_PARAMETER_AND_SEED_STABLE_SPLIT	GCF_011603145.1	0.00304613	L003	GCF_013391275.1	ec9acdc3b70d70767255d68faf164dfbee2a89def3d38f11a025e1828e169f4b
540	asm-v1-af932b22563f373fb1c89887	GCF_000459195.1	GCF_000459195.1	exact_assembly_revision:GCF_000459195.1	EX0540	ND0536	GCF_000459195.1	0	SUPPORTED_FIXED	HC007	MASH_PARAMETER_AND_SEED_STABLE_SPLIT	GCF_002226425.1	0.00244149	L012	GCF_000807565.1	4f7b76274634e620ca72d85f9ab7f8bdc64be895f14d42fc98694f5f7153f1a9
541	asm-v1-23dcd8c39fbc465044cc4112	GCF_001572285.1	GCF_001572285.1	exact_assembly_revision:GCF_001572285.1	EX0541	ND0537	GCF_001572285.1	0	SUPPORTED_FIXED	HC001	MASH_PARAMETER_AND_SEED_STABLE_SPLIT	GCF_002767435.1	0.00614558	L003	GCF_013391275.1	51189bd0ae0cd88671161371bad19ca53f2774b0a5cb3d36c43b7467a078136b
542	asm-v1-af8e1cf86769f3b4ffabc290	GCF_005386365.1	GCF_005386365.1	exact_assembly_revision:GCF_005386365.1	EX0542	ND0538	GCF_005386365.1	0	AMBIGUOUS_UNROOTED_BACKBONE_OR_UNSUPPORTED		ALTERNATIVE_PARTITIONS_RETAINED_NO_FORCED_CLADE	GCF_019969625.1	0.0111497	L003	GCF_013391275.1	e9e15f8296f74bdabd298ee83afd38a452e3bfb841450eefd8fd4982b4e0f37f
543	asm-v1-37c89375c5b334af3de078bf	GCF_013370805.1	GCF_013370805.1	exact_assembly_revision:GCF_013370805.1	EX0543	ND0539	GCF_013370805.1	0	SUPPORTED_FIXED	HC001	MASH_PARAMETER_AND_SEED_STABLE_SPLIT	GCF_013370345.1	0.00022057	L003	GCF_013391275.1	8b1e031f094dbc08cbd85be0b6cc7bc7ea66be0cd840881efbff7d0ec2344bac
544	asm-v1-26b5bb66c0ee5b7b5287fb9c	GCF_900480865.1	GCF_900480865.1	exact_assembly_revision:GCF_900480865.1	EX0544	ND0540	GCF_900480865.1	0	AMBIGUOUS_UNROOTED_BACKBONE_OR_UNSUPPORTED		ALTERNATIVE_PARTITIONS_RETAINED_NO_FORCED_CLADE	GCF_900481955.1	0.0134476	L013	GCF_900481955.1	c7c45a2b9a3afece30b71bb401bf7476a8b4dcf6ee72f15961ed3696e17841f0
545	asm-v1-1073b5bbe38327b878494c23	GCF_013413645.1	GCF_013413645.1	exact_assembly_revision:GCF_013413645.1	EX0545	ND0541	GCF_013413645.1	0	SUPPORTED_FIXED	HC001	MASH_PARAMETER_AND_SEED_STABLE_SPLIT	GCF_902807245.1	0.00882584	L003	GCF_013391275.1	9dd0e372d97329e5fe556463200e0233da8fe6b836728a28e7b84a3812ed26ed
546	asm-v1-df5ec40f6803ca09c2f7e1d6	GCF_002522165.1	GCF_002522165.1	exact_assembly_revision:GCF_002522165.1	EX0546	ND0542	GCF_002522165.1	0	AMBIGUOUS_UNROOTED_BACKBONE_OR_UNSUPPORTED		ALTERNATIVE_PARTITIONS_RETAINED_NO_FORCED_CLADE	GCF_002534845.1	0.0225434	L007	GCF_002522165.1	0901ba80ec976d4e9983e13221169f85b70886228b775cd3dfb7fe3e532b1159
547	asm-v1-49815dfaa7175838062fbbde	GCF_002511355.1	GCF_002511355.1	exact_assembly_revision:GCF_002511355.1	EX0547	ND0543	GCF_002511355.1	0	SUPPORTED_FIXED	HC001	MASH_PARAMETER_AND_SEED_STABLE_SPLIT	GCF_002522525.1	0.00480339	L003	GCF_013391275.1	b18e79a65982164a35497e6b82bd0fb894e3f203200c05cfaddc067819c5b38b
548	asm-v1-4bc5372c3cb5631431e2c86b	GCF_000460295.1	GCF_000460295.1	exact_assembly_revision:GCF_000460295.1	EX0548	ND0544	GCF_000460295.1	0	SUPPORTED_FIXED	HC004	MASH_PARAMETER_AND_SEED_STABLE_SPLIT	GCF_003297955.1	0.00272848	L012	GCF_000807565.1	10ca6ab8455bc6183bc541826b9d74b0b789d574820f1635b066e70b23073504
549	asm-v1-c2a9fdba217162f379a1fb3c	GCF_004797945.1	GCF_004797945.1	exact_assembly_revision:GCF_004797945.1	EX0549	ND0545	GCF_004797945.1	0	AMBIGUOUS_UNROOTED_BACKBONE_OR_UNSUPPORTED		ALTERNATIVE_PARTITIONS_RETAINED_NO_FORCED_CLADE	GCF_004797745.1	0.000117097	L008	GCF_002806795.1	f47370432183e6cb5967bce897e80c9fc761c913309e00e63feda2d8539da44b
550	asm-v1-0492f961e62fbf3b949e1cfd	GCF_002028745.1	GCF_002028745.1	exact_assembly_revision:GCF_002028745.1	EX0550	ND0546	GCF_002028745.1	0	SUPPORTED_FIXED	HC004	MASH_PARAMETER_AND_SEED_STABLE_SPLIT	GCF_003297955.1	0.000835743	L012	GCF_000807565.1	6bae1ce054d9957ab20c238cbc5bae35ebe9eb66057d3bc4f550be3ed72e375f
551	asm-v1-792c721f6ece7bd61b716e51	GCF_017162875.1	GCF_017162875.1	exact_assembly_revision:GCF_017162875.1	EX0551	ND0547	GCF_017162875.1	0	SUPPORTED_FIXED	HC005	MASH_PARAMETER_AND_SEED_STABLE_SPLIT	GCF_003027575.1	0.0149496	L009	GCF_001520375.1	b538e0048b06b3ba59c8fb32df98b5d477efcc74261fcea53048a5278a9b5495
552	asm-v1-ac4447aebd34de791e6fd037	GCF_002806795.1	GCF_002806795.1	exact_assembly_revision:GCF_002806795.1	EX0552	ND0548	GCF_002806795.1	0	SUPPORTED_FIXED	HC002	MASH_PARAMETER_AND_SEED_STABLE_SPLIT	GCF_002486525.1	0.000341736	L008	GCF_002806795.1	fb7bb4ad1800e9a25a9c9e06a930036426bcc5c9a842a7cbae664e3f358a7b50
553	asm-v1-b8ee913142c250b8a1cc2386	GCF_001266095.1	GCF_001266095.1	exact_assembly_revision:GCF_001266095.1	EX0553	ND0549	GCF_001266095.1	0	AMBIGUOUS_UNROOTED_BACKBONE_OR_UNSUPPORTED		ALTERNATIVE_PARTITIONS_RETAINED_NO_FORCED_CLADE	GCF_013422075.1	0.00244425	L014	GCF_009880335.1	3d68fe37bfee027462365a7554b91b986b6ed7d83ccbd08660b28d4644e83135
554	asm-v1-28e9e6e568d00752bbb9c52d	GCF_003304615.1	GCF_003304615.1	exact_assembly_revision:GCF_003304615.1	EX0554	ND0550	GCF_003304615.1	0	AMBIGUOUS_UNROOTED_BACKBONE_OR_UNSUPPORTED		ALTERNATIVE_PARTITIONS_RETAINED_NO_FORCED_CLADE	GCF_006349805.1	0.00462398	L003	GCF_013391275.1	846592cd93873aab759c8e36cd937ede7b737884427886869a85e47b71578123
555	asm-v1-fedff167153675be8b2db49e	GCF_004959985.1	GCF_004959985.1	exact_assembly_revision:GCF_004959985.1	EX0555	ND0551	GCF_004959985.1	0	SUPPORTED_FIXED	HC001	MASH_PARAMETER_AND_SEED_STABLE_SPLIT	GCF_000332755.1	0.00307765	L003	GCF_013391275.1	088c4999dd14a07933ad718e678b3618108c5fd114c6e418cf13c7d0bf9db5ee
556	asm-v1-e696663ccf36195d7b93b7fd	GCF_003357785.1	GCF_003357785.1	exact_assembly_revision:GCF_003357785.1	EX0556	ND0552	GCF_003357785.1	0	SUPPORTED_FIXED	HC001	MASH_PARAMETER_AND_SEED_STABLE_SPLIT	GCF_002231775.1	0.00304899	L003	GCF_013391275.1	2f5b9eec6cc26f140d9b579e29285383bb61382e46f84eb81694fb6db0043b46
557	asm-v1-e0fb6ad03fbd24e03a8622fb	GCF_003321715.1	GCF_003321715.1	exact_assembly_revision:GCF_003321715.1	EX0557	ND0553	GCF_003321715.1	0	AMBIGUOUS_UNROOTED_BACKBONE_OR_UNSUPPORTED		ALTERNATIVE_PARTITIONS_RETAINED_NO_FORCED_CLADE	GCF_018687915.1	0.00312359	L003	GCF_013391275.1	c8544ab9a46f69dded60cd504d048af9b52e464c5543038f6a72d63421c96609
558	asm-v1-85a0e7f1a58a02f24db450e5	GCF_002511125.1	GCF_002511125.1	exact_assembly_revision:GCF_002511125.1	EX0558	ND0554	GCF_002511125.1	0	AMBIGUOUS_UNROOTED_BACKBONE_OR_UNSUPPORTED		ALTERNATIVE_PARTITIONS_RETAINED_NO_FORCED_CLADE	GCF_017118895.1	0.0109615	L012	GCF_000807565.1	6321b4a5dc21c225f86ebf0da57c57a6f091e6bbf688087020293b14eb9537f5
559	asm-v1-efd44ebd47d10b05457e13a0	GCF_001515725.1	GCF_001515725.1	exact_assembly_revision:GCF_001515725.1	EX0559	ND0555	GCF_001515725.1	0	SUPPORTED_FIXED	HC001	MASH_PARAMETER_AND_SEED_STABLE_SPLIT	GCF_000332755.1	0.00158241	L003	GCF_013391275.1	a854a83aaf5378775ec9568aff7a4a08525fda1a2142434be9e7c43e304515bf
560	asm-v1-c588a0cb1a1e23455b1309fa	GCF_001561835.1	GCF_001561835.1	exact_assembly_revision:GCF_001561835.1	EX0560	ND0556	GCF_001561835.1	0	SUPPORTED_FIXED	HC004	MASH_PARAMETER_AND_SEED_STABLE_SPLIT	GCF_008385475.1	0.00221097	L012	GCF_000807565.1	5c7df4df116262e46de1388a520cb66499c2f6fff0041cf6fbc3ea095bdc1623
561	asm-v1-f996ab18c3d760822920531d	GCF_018682825.1	GCF_018682825.1	exact_assembly_revision:GCF_018682825.1	EX0561	ND0557	GCF_018682825.1	0	AMBIGUOUS_UNROOTED_BACKBONE_OR_UNSUPPORTED		ALTERNATIVE_PARTITIONS_RETAINED_NO_FORCED_CLADE	GCF_018683735.1	0.0102466	L014	GCF_009880335.1	27fc9fa529101e1b4de526ec60fc9c2017daf5207c71b0aa144fafa6fa41bab7
562	asm-v1-fe822f93d658dbd383778df4	GCF_003017375.1	GCF_003017375.1	exact_assembly_revision:GCF_003017375.1	EX0562	ND0558	GCF_003017375.1	0	SUPPORTED_FIXED	HC001	MASH_PARAMETER_AND_SEED_STABLE_SPLIT	GCF_001263015.1	0.00158241	L003	GCF_013391275.1	32f1a1ee2ab49838105a877b742fd327942a3a5dee7c129c1b2d32d50dfa432f
563	asm-v1-d4e83187b21c8461ea3beec5	GCF_004173925.1	GCF_004173925.1	exact_assembly_revision:GCF_004173925.1	EX0563	ND0559	GCF_004173925.1	0	AMBIGUOUS_UNROOTED_BACKBONE_OR_UNSUPPORTED		ALTERNATIVE_PARTITIONS_RETAINED_NO_FORCED_CLADE	GCF_004767475.1	0.00516443	L003	GCF_013391275.1	4e9eeb5c21142b8f99819e24bda93cd631490a4d63398e290ce84fa4b8ea3e67
564	asm-v1-ba42f8b60b1a1051d497f923	GCF_005396585.1	GCF_005396585.1	exact_assembly_revision:GCF_005396585.1	EX0564	ND0560	GCF_005396585.1	0	AMBIGUOUS_UNROOTED_BACKBONE_OR_UNSUPPORTED		ALTERNATIVE_PARTITIONS_RETAINED_NO_FORCED_CLADE	GCF_005397765.1	0.00373523	L003	GCF_013391275.1	df48ffb2230ce4bb78bfe5b3d4a582ea557b4fbf686ced334831722f6867917b
565	asm-v1-71332e239016f50348051bda	GCF_003721895.1	GCF_003721895.1	exact_assembly_revision:GCF_003721895.1	EX0565	ND0561	GCF_003721895.1	0	AMBIGUOUS_UNROOTED_BACKBONE_OR_UNSUPPORTED		ALTERNATIVE_PARTITIONS_RETAINED_NO_FORCED_CLADE	GCF_002289475.1	0.0154059	L014	GCF_009880335.1	66bd6ca32bd1aa9c9f18f30b0f3f33cd2a4764d3ce0cfaa49b9912351659daff
566	asm-v1-7632f5a7469e7de1f24fdc22	GCF_018972045.1	GCF_018972045.1	exact_assembly_revision:GCF_018972045.1	EX0566	ND0562	GCF_018972045.1	0	SUPPORTED_FIXED	HC006	MASH_PARAMETER_AND_SEED_STABLE_SPLIT	GCF_003367885.1	0.000720777	L003	GCF_013391275.1	a44cc263afefc3e70cfca2ced0717a77c5fe7637dd36a1774c7fcb3174a4d200
567	asm-v1-6534b105e61d47795f8e619c	GCF_009896495.1	GCF_009896495.1	exact_assembly_revision:GCF_009896495.1	EX0567	ND0563	GCF_009896495.1	0	SUPPORTED_FIXED	HC002	MASH_PARAMETER_AND_SEED_STABLE_SPLIT	GCF_009931235.1	0.000264084	L008	GCF_002806795.1	79f58b26bec81f1a88c75fdca5197332bf1ff8ac94fc77f009bc9e81b49363fb
568	asm-v1-26b1407edab67b3b02fabd60	GCF_000351485.1	GCF_000351485.1	exact_assembly_revision:GCF_000351485.1	EX0568	ND0564	GCF_000351485.1	0	SUPPORTED_FIXED	HC007	MASH_PARAMETER_AND_SEED_STABLE_SPLIT	GCF_000807565.1	0.00183367	L012	GCF_000807565.1	19ee9789bf8d5ba60f4bd385eb805e6998c14703a0e489ba7aa4333812050087
569	asm-v1-23aa0f22f6f19cf7dc00121a	GCF_004960345.1	GCF_004960345.1	exact_assembly_revision:GCF_004960345.1	EX0569	ND0565	GCF_004960345.1	0	SUPPORTED_FIXED	HC004	MASH_PARAMETER_AND_SEED_STABLE_SPLIT	GCF_004960695.1	0.000114699	L012	GCF_000807565.1	13ea7f3c8e456db8119f61df8a0d57e6ccb8f647d3c8857466b789520da56e7b
570	asm-v1-d13312dab5e9b79e108f4f52	GCF_006351305.1	GCF_006351305.1	exact_assembly_revision:GCF_006351305.1	EX0570	ND0566	GCF_006351305.1	0	SUPPORTED_FIXED	HC001	MASH_PARAMETER_AND_SEED_STABLE_SPLIT	GCF_006351505.1	0.000720777	L003	GCF_013391275.1	6720d5925f8d3b0077ff8c28cca94462f19e56745f86db7b3d3fbd2dcb181887
571	asm-v1-40ed2ad53dc20a76b96e53ad	GCF_018444425.1	GCF_018444425.1	exact_assembly_revision:GCF_018444425.1	EX0571	ND0567	GCF_018444425.1	0	AMBIGUOUS_UNROOTED_BACKBONE_OR_UNSUPPORTED		ALTERNATIVE_PARTITIONS_RETAINED_NO_FORCED_CLADE	GCF_003317105.1	0.00337267	L003	GCF_013391275.1	c7fe84cac92d557aca683ee752c79dab6f034a4a39e2aaad1b94020f934b47af
572	asm-v1-1cd691874af3013c277b9e48	GCF_910592755.1	GCF_910592755.1	exact_assembly_revision:GCF_910592755.1	EX0572	ND0568	GCF_910592755.1	0	AMBIGUOUS_UNROOTED_BACKBONE_OR_UNSUPPORTED		ALTERNATIVE_PARTITIONS_RETAINED_NO_FORCED_CLADE	GCF_018683535.1	0.0118608	L014	GCF_009880335.1	1f904cbfcda33771e6239f5af97ab4e909a008be3274a8c766657cf5660f82f2
573	asm-v1-0be8271bff27773870cdf485	GCF_003323015.1	GCF_003323015.1	exact_assembly_revision:GCF_003323015.1	EX0573	ND0569	GCF_003323015.1	0	AMBIGUOUS_UNROOTED_BACKBONE_OR_UNSUPPORTED		ALTERNATIVE_PARTITIONS_RETAINED_NO_FORCED_CLADE	GCF_014169415.1	0.0032361	L016	GCF_000692515.1	7d20d7228905158b8a52e1fab8384c56ef5bfa521ac89056cf05021ef1840a21
574	asm-v1-ca269a30b77636df74c4452c	GCF_006234155.1	GCF_006234155.1	exact_assembly_revision:GCF_006234155.1	EX0574	ND0570	GCF_006234155.1	0	AMBIGUOUS_UNROOTED_BACKBONE_OR_UNSUPPORTED		ALTERNATIVE_PARTITIONS_RETAINED_NO_FORCED_CLADE	GCF_006236395.1	0.0013867	L010	GCF_003317605.1	9e5953170b4ec5a6450b80fb307b6a493002b61966ebf2e5a53a6ae765addc73
575	asm-v1-f98176558b2fb98abc688bed	GCF_001463405.1	GCF_001463405.1	exact_assembly_revision:GCF_001463405.1	EX0575	ND0571	GCF_001463405.1	0	SUPPORTED_FIXED	HC004	MASH_PARAMETER_AND_SEED_STABLE_SPLIT	GCF_008385475.1	0.00173535	L012	GCF_000807565.1	51313be70a037de5355b0f7b2ee77bac2621ab680c8f555c14c797d1174edfd9
576	asm-v1-75e05aad207d4007c2966be7	GCF_001874785.1	GCF_001874785.1	exact_assembly_revision:GCF_001874785.1	EX0576	ND0572	GCF_001874785.1	0	AMBIGUOUS_UNROOTED_BACKBONE_OR_UNSUPPORTED		ALTERNATIVE_PARTITIONS_RETAINED_NO_FORCED_CLADE	GCF_000692375.1	0.00100466	L010	GCF_003317605.1	9fd704aef08e1058921d466963d6fb31b7a50f2f2f3c51b9f181472827492fa4
577	asm-v1-ff52e2a714467d6534655611	GCF_009395265.1	GCF_009395265.1	exact_assembly_revision:GCF_009395265.1	EX0577	ND0573	GCF_009395265.1	0	SUPPORTED_FIXED	HC006	MASH_PARAMETER_AND_SEED_STABLE_SPLIT	GCF_000005845.2	0.000468728	L003	GCF_013391275.1	f868bbefdfa23cb912859951e2e23742eadf1c24e8e64f6ae370dfa3bf9bd494
578	asm-v1-fa4fa2f80aa225c2ba6b6027	GCF_017594525.1	GCF_017594525.1	exact_assembly_revision:GCF_017594525.1	EX0578	ND0574	GCF_017594525.1	0	AMBIGUOUS_UNROOTED_BACKBONE_OR_UNSUPPORTED		ALTERNATIVE_PARTITIONS_RETAINED_NO_FORCED_CLADE	GCF_020005505.1	0.00411458	L003	GCF_013391275.1	9c8f3d73782bf80313390bf01672cdadb90b04800f0441420f0c4128653cdc4c
579	asm-v1-d2611b404cb65a5e4a32c97f	GCF_004796615.1	GCF_004796615.1	exact_assembly_revision:GCF_004796615.1	EX0579	ND0575	GCF_004796615.1	0	AMBIGUOUS_UNROOTED_BACKBONE_OR_UNSUPPORTED		ALTERNATIVE_PARTITIONS_RETAINED_NO_FORCED_CLADE	GCF_004797745.1	0.00106814	L008	GCF_002806795.1	6e90004622f70d6f3e945de4c99d7216cf3dde28f2a3a2ba68fdd78d7e57e58a
580	asm-v1-8b2a4c83ca9084b442809770	GCF_900449035.1	GCF_900449035.1	exact_assembly_revision:GCF_900449035.1	EX0580	ND0576	GCF_900449035.1	0	AMBIGUOUS_UNROOTED_BACKBONE_OR_UNSUPPORTED		ALTERNATIVE_PARTITIONS_RETAINED_NO_FORCED_CLADE	GCF_001749385.1	0.0069136	L003	GCF_013391275.1	d5539bfc676b1ceb49a9ec94745498d860de89ea66f7b92752c11b908ff09008
581	asm-v1-72bc320f08d8231419d1d791	GCF_002134685.1	GCF_002134685.1	exact_assembly_revision:GCF_002134685.1	EX0581	ND0577	GCF_002134685.1	0	SUPPORTED_FIXED	HC001	MASH_PARAMETER_AND_SEED_STABLE_SPLIT	GCF_005381345.1	0.00446186	L003	GCF_013391275.1	4c829e354d258b8130894e1b4b69ad8f4361309ef4f8b990040063e4f373355e
582	asm-v1-fce052eb20e220707a8ad18a	GCF_000627925.1	GCF_000627925.1	exact_assembly_revision:GCF_000627925.1	EX0582	ND0578	GCF_000627925.1	0	SUPPORTED_FIXED	HC001	MASH_PARAMETER_AND_SEED_STABLE_SPLIT	GCF_000627985.1	0.000121895	L003	GCF_013391275.1	7bedd352e7fa502faba5d4939d70ed3145ab3ae30bd28a861ddcb47c1ce907aa
583	asm-v1-6f302c002abfe7f460a6ec60	GCF_000446365.2	GCF_000446365.2	exact_assembly_revision:GCF_000446365.2	EX0583	ND0579	GCF_000446365.2	0	SUPPORTED_FIXED	HC001	MASH_PARAMETER_AND_SEED_STABLE_SPLIT	GCF_001440645.1	0.00695266	L003	GCF_013391275.1	fcac872eb39b8b618afb7d12eafee79bb8ec14b7d3f3a8616761a4ebe9deef39
584	asm-v1-45a89649ea948cc6a9b4a32a	GCF_018439915.1	GCF_018439915.1	exact_assembly_revision:GCF_018439915.1	EX0584	ND0580	GCF_018439915.1	0	SUPPORTED_FIXED	HC001	MASH_PARAMETER_AND_SEED_STABLE_SPLIT	GCF_005508755.1	0.00324479	L003	GCF_013391275.1	f68802fdb7939c25c79bce23f0f8e2eb9a4437f97758a03f7f0ffbf7495a78fa
585	asm-v1-afebc8a4d880a60d259dee0e	GCF_015208495.1	GCF_015208495.1	exact_assembly_revision:GCF_015208495.1	EX0585	ND0581	GCF_015208495.1	0	AMBIGUOUS_UNROOTED_BACKBONE_OR_UNSUPPORTED		ALTERNATIVE_PARTITIONS_RETAINED_NO_FORCED_CLADE	GCF_000779055.1	0.00217558	L012	GCF_000807565.1	1754f1cee0d8fb23ce7b6fc4998e1f40d43f8709d1aaca85ddc4d2295b0c2c96
586	asm-v1-b345e043a0bb9fe5d6f9ec50	GCF_017775795.1	GCF_017775795.1	exact_assembly_revision:GCF_017775795.1	EX0586	ND0582	GCF_017775795.1	0	AMBIGUOUS_UNROOTED_BACKBONE_OR_UNSUPPORTED		ALTERNATIVE_PARTITIONS_RETAINED_NO_FORCED_CLADE	GCF_017776145.1	0.000614041	L003	GCF_013391275.1	63f3d9ac414cab14cbab6ca0880d72a89917761973952ed9fb43a2d7dd3c08e6
587	asm-v1-f094ab2c686221a82840a4e5	GCF_900518915.1	GCF_900518915.1	exact_assembly_revision:GCF_900518915.1	EX0587	ND0583	GCF_900518915.1	0	SUPPORTED_FIXED	HC005	MASH_PARAMETER_AND_SEED_STABLE_SPLIT	GCF_005386325.1	0.00408721	L009	GCF_001520375.1	94357b334ca9164297d0d5e07d14447a146adab1e77fd5a4f7ebbff15f7aa3ed
588	asm-v1-34a5a9c877a4194025e4947a	GCF_005391645.1	GCF_005391645.1	exact_assembly_revision:GCF_005391645.1	EX0588	ND0584	GCF_005391645.1	0	SUPPORTED_FIXED	HC001	MASH_PARAMETER_AND_SEED_STABLE_SPLIT	GCF_003721935.1	0.00439062	L003	GCF_013391275.1	dddd68cb844258afa51c72557c1208fc75bc65e2fa40016ec3ec0300976bd968
589	asm-v1-cfcccddad8a460ccbcdcd7e6	GCF_002930255.1	GCF_002930255.1	exact_assembly_revision:GCF_002930255.1	EX0589	ND0585	GCF_002930255.1	0	AMBIGUOUS_UNROOTED_BACKBONE_OR_UNSUPPORTED		ALTERNATIVE_PARTITIONS_RETAINED_NO_FORCED_CLADE	GCF_020731765.1	0.00839958	L003	GCF_013391275.1	432bb1b69dfb5c9c3204941c74b8a413def652046b3437c4c13706b080e036d3
590	asm-v1-997c9ba16fc32699cd06a1cb	GCF_014169915.1	GCF_014169915.1	exact_assembly_revision:GCF_014169915.1	EX0590	ND0586	GCF_014169915.1	0	SUPPORTED_FIXED	HC005	MASH_PARAMETER_AND_SEED_STABLE_SPLIT	GCF_907177255.1	0.009552	L009	GCF_001520375.1	55201cec700b30b62876e23b01b025d8fc523e67546b51b20c9335e9dedf5824
591	asm-v1-79096d1772b67ffc3fd755b2	GCF_003009975.1	GCF_003009975.1	exact_assembly_revision:GCF_003009975.1	EX0591	ND0587	GCF_003009975.1	0	AMBIGUOUS_UNROOTED_BACKBONE_OR_UNSUPPORTED		ALTERNATIVE_PARTITIONS_RETAINED_NO_FORCED_CLADE	GCF_900536605.1	0.00741321	L003	GCF_013391275.1	1a984a2d5037bd393da4edb7d16c7c9b69bc14a26afe4f92b1d52fe6f15a2638
592	asm-v1-74d26dac916be30628dca341	GCF_012328945.1	GCF_012328945.1	exact_assembly_revision:GCF_012328945.1	EX0592	ND0588	GCF_012328945.1	0	AMBIGUOUS_UNROOTED_BACKBONE_OR_UNSUPPORTED		ALTERNATIVE_PARTITIONS_RETAINED_NO_FORCED_CLADE	GCF_012329005.1	0.00175391	L003	GCF_013391275.1	f581a1f154c9841bbfa88f79ef2c5d405a524d0b9b7374de0c1fc05049596d11
593	asm-v1-dc0afd29230f40fc3692a2cd	GCF_001806265.1	GCF_001806265.1	exact_assembly_revision:GCF_001806265.1	EX0593	ND0589	GCF_001806265.1	0	SUPPORTED_FIXED	HC002	MASH_PARAMETER_AND_SEED_STABLE_SPLIT	GCF_002806795.1	0.000436886	L008	GCF_002806795.1	413ca3a6567db934fbdc9d4336203bfd6f8ba4d3cc9c75f0d2e34b9e9cb36d88
594	asm-v1-22417ad09b3e7468ce9f75f2	GCF_003337065.1	GCF_003337065.1	exact_assembly_revision:GCF_003337065.1	EX0594	ND0590	GCF_003337065.1	0	SUPPORTED_FIXED	HC001	MASH_PARAMETER_AND_SEED_STABLE_SPLIT	GCF_000332755.1	0.00361945	L003	GCF_013391275.1	25f99af75994e005764c2369eda07f5d9c966618925bb255155fda4fd121036a
595	asm-v1-319a1e9515680b99cddb484d	GCF_002531035.1	GCF_002531035.1	exact_assembly_revision:GCF_002531035.1	EX0595	ND0591	GCF_002531035.1	0	SUPPORTED_FIXED	HC001	MASH_PARAMETER_AND_SEED_STABLE_SPLIT	GCF_002764815.1	0.00364314	L003	GCF_013391275.1	e2ca3424179d099462265307b5bd1277248ec0fd5dd619ffae4fba392f41afa7
596	asm-v1-12d04a73cc28be889ac4d2e8	GCF_907177095.1	GCF_907177095.1	exact_assembly_revision:GCF_907177095.1	EX0596	ND0592	GCF_907177095.1	0	AMBIGUOUS_UNROOTED_BACKBONE_OR_UNSUPPORTED		ALTERNATIVE_PARTITIONS_RETAINED_NO_FORCED_CLADE	GCF_001285345.1	0.00494311	L003	GCF_013391275.1	daa095125defa9b432ef84bf6bf868efa2934f4ee1398e61e174b66d2b36ec2f
597	asm-v1-b3c6dd7a42ba397a0df07b43	GCF_000692375.1	GCF_000692375.1	exact_assembly_revision:GCF_000692375.1	EX0597	ND0593	GCF_000692375.1	0	AMBIGUOUS_UNROOTED_BACKBONE_OR_UNSUPPORTED		ALTERNATIVE_PARTITIONS_RETAINED_NO_FORCED_CLADE	GCF_001874785.1	0.00100466	L010	GCF_003317605.1	4ca12d3e7adc4d8b65507abf8419519359185e037270c4c548fdfbc95180d555
598	asm-v1-e68b0f5a58ced5bdb021da11	GCF_002194595.1	GCF_002194595.1	exact_assembly_revision:GCF_002194595.1	EX0598	ND0594	GCF_002194595.1	0	SUPPORTED_FIXED	HC002	MASH_PARAMETER_AND_SEED_STABLE_SPLIT	GCF_003361825.1	0.000880953	L008	GCF_002806795.1	be95a533bfad3433dd294ddd4e0920b2a5f9455bcf3da38f867e3ba15224a7d0
599	asm-v1-dad8612fdf2c595ad234e335	GCF_013413545.1	GCF_013413545.1	exact_assembly_revision:GCF_013413545.1	EX0599	ND0595	GCF_013413545.1	0	SUPPORTED_FIXED	HC001	MASH_PARAMETER_AND_SEED_STABLE_SPLIT	GCF_001402805.1	0.00442466	L003	GCF_013391275.1	b885e2b76e2da44e9b63c710eaf4b458a42dd96c696440f4f7f6caa5cb940401
600	asm-v1-452441bff9ed0dec8cb4dbe1	GCF_003317105.1	GCF_003317105.1	exact_assembly_revision:GCF_003317105.1	EX0600	ND0596	GCF_003317105.1	0	AMBIGUOUS_UNROOTED_BACKBONE_OR_UNSUPPORTED		ALTERNATIVE_PARTITIONS_RETAINED_NO_FORCED_CLADE	GCF_003388435.1	0.00207254	L003	GCF_013391275.1	3e567390d9aa459e58aa6d971473038594ad50334bbb51d03cc2067f838b0b92
601	asm-v1-f22301d17ec510d8e39aabee	GCF_002516905.1	GCF_002516905.1	exact_assembly_revision:GCF_002516905.1	EX0601	ND0597	GCF_002516905.1	0	SUPPORTED_FIXED	HC001	MASH_PARAMETER_AND_SEED_STABLE_SPLIT	GCF_001441345.1	0.00245254	L003	GCF_013391275.1	fbe2827905c2e41b19cdea0f9aad0373697eec674f43b35bfd0993d64b1666d9
602	asm-v1-a6a5105a124276b3486945a0	GCF_900490115.1	GCF_900490115.1	exact_assembly_revision:GCF_900490115.1	EX0602	ND0598	GCF_900490115.1	0	AMBIGUOUS_UNROOTED_BACKBONE_OR_UNSUPPORTED		ALTERNATIVE_PARTITIONS_RETAINED_NO_FORCED_CLADE	GCF_004960325.1	0.00482554	L013	GCF_900481955.1	e66852a553b5296040484c431aae401f603385b83bae3113879aeb9f9dcde0dc
603	asm-v1-c1afc74fa0d8a5ea431153ee	GCF_004526255.1	GCF_004526255.1	exact_assembly_revision:GCF_004526255.1	EX0603	ND0599	GCF_004526255.1	0	SUPPORTED_FIXED	HC003	MASH_PARAMETER_AND_SEED_STABLE_SPLIT	GCF_900536545.1	0.00561864	L003	GCF_013391275.1	50663d785b0759d69bc51d4e62d2188f5223c977561225f5206c9cefccecc478
604	asm-v1-f54bac7db5cd17cab1e2f960	GCF_006230825.1	GCF_006230825.1	exact_assembly_revision:GCF_006230825.1	EX0604	ND0600	GCF_006230825.1	0	AMBIGUOUS_UNROOTED_BACKBONE_OR_UNSUPPORTED		ALTERNATIVE_PARTITIONS_RETAINED_NO_FORCED_CLADE	GCF_004568995.1	0.00149862	L010	GCF_003317605.1	4e9296a11a144906b6cdf631c49f66f4b96dff87de321f8d818e819bd2f3c6a2
605	asm-v1-7deba4cfd43a4326781b22d8	GCF_013073295.1	GCF_013073295.1	exact_assembly_revision:GCF_013073295.1	EX0605	ND0601	GCF_013073295.1	0	AMBIGUOUS_UNROOTED_BACKBONE_OR_UNSUPPORTED		ALTERNATIVE_PARTITIONS_RETAINED_NO_FORCED_CLADE	GCF_001893525.1	0.00357513	L003	GCF_013391275.1	d244fd76d87740ea5e230e96edd33d90bd6a58290b95dd89f7a61eac584f3323
606	asm-v1-6b3ef7079aab16967130c7ce	GCF_001881205.1	GCF_001881205.1	exact_assembly_revision:GCF_001881205.1	EX0606	ND0602	GCF_001881205.1	0	SUPPORTED_FIXED	HC004	MASH_PARAMETER_AND_SEED_STABLE_SPLIT	GCF_000013265.1	0.000850799	L012	GCF_000807565.1	314bf7b9a9569eaf5a6057f3c73484d99fd02e75db76bee92340d755913a94a8
607	asm-v1-ec29770170952352510d5276	GCF_001520375.1	GCF_001520375.1	exact_assembly_revision:GCF_001520375.1	EX0607	ND0603	GCF_001520375.1	0	SUPPORTED_FIXED	HC005	MASH_PARAMETER_AND_SEED_STABLE_SPLIT	GCF_902668645.1	0.00182567	L009	GCF_001520375.1	6a1ceba418d93f17b76d3a7d4815226d8901dccf3d793ae0a568ac4d5b420f0b
608	asm-v1-bbfe029e49ed74d48c81063c	GCF_002540915.1	GCF_002540915.1	exact_assembly_revision:GCF_002540915.1	EX0608	ND0604	GCF_002540915.1	0	AMBIGUOUS_UNROOTED_BACKBONE_OR_UNSUPPORTED		ALTERNATIVE_PARTITIONS_RETAINED_NO_FORCED_CLADE	GCF_002534845.1	0.00431967	L006	GCF_002534845.1	de14b4eaa2603d77ad090e21826a111d8f056e9022edf8d0da957de36551815b
609	asm-v1-32b2390e6c5c7fcca0e79dfb	GCF_005393145.1	GCF_005393145.1	exact_assembly_revision:GCF_005393145.1	EX0609	ND0605	GCF_005393145.1	0	SUPPORTED_FIXED	HC001	MASH_PARAMETER_AND_SEED_STABLE_SPLIT	GCF_020732485.1	0.00262483	L003	GCF_013391275.1	ae2af3cf3102cecbe1bcb9af012a55969b9b149896aaefd7a6cddf1922c69a17
610	asm-v1-9937000e5f7c3a1efe90dd04	GCF_001441345.1	GCF_001441345.1	exact_assembly_revision:GCF_001441345.1	EX0610	ND0606	GCF_001441345.1	0	SUPPORTED_FIXED	HC001	MASH_PARAMETER_AND_SEED_STABLE_SPLIT	GCF_002516905.1	0.00245254	L003	GCF_013391275.1	892b15e70ee2fa42f528679694f6dacc5241edc964f099d7f8b455eff8b2fb30
611	asm-v1-b32fceef4a06c881474cc3bf	GCF_001285345.1	GCF_001285345.1	exact_assembly_revision:GCF_001285345.1	EX0611	ND0607	GCF_001285345.1	0	AMBIGUOUS_UNROOTED_BACKBONE_OR_UNSUPPORTED		ALTERNATIVE_PARTITIONS_RETAINED_NO_FORCED_CLADE	GCF_015731485.1	0.00362833	L003	GCF_013391275.1	980ad7c7649a5b7fc8181b6a3a7c23950eac8acab8521522fe1dd5147a79c12a
612	asm-v1-a6bd41c0199d574eb029bf30	GCF_014862705.1	GCF_014862705.1	exact_assembly_revision:GCF_014862705.1	EX0612	ND0608	GCF_014862705.1	0	SUPPORTED_FIXED	HC005	MASH_PARAMETER_AND_SEED_STABLE_SPLIT	GCF_014862465.1	0.00343111	L009	GCF_001520375.1	fee11f93354bbb5b50aafd9274d86c7844537167c09c2280c238e2c79ac4ca11
613	asm-v1-9fbd3e4c01dee87a4b48345d	GCF_015690265.1	GCF_015690265.1	exact_assembly_revision:GCF_015690265.1	EX0613	ND0609	GCF_015690265.1	0	SUPPORTED_FIXED	HC001	MASH_PARAMETER_AND_SEED_STABLE_SPLIT	GCF_003982645.1	0.00526475	L003	GCF_013391275.1	fb224977636bc73cd44338eebef00addfeff7d1707256b00b2f647b9db88edaa
614	asm-v1-e8fc142a3b4201181d6ed8d7	GCF_002810955.1	GCF_002810955.1	exact_assembly_revision:GCF_002810955.1	EX0614	ND0610	GCF_002810955.1	0	SUPPORTED_FIXED	HC001	MASH_PARAMETER_AND_SEED_STABLE_SPLIT	GCF_002834415.1	0.00052276	L003	GCF_013391275.1	617b3cfb3daf4a43a69bc0db9fd4803afc19b909d45d771d623f2fad557eae1c
615	asm-v1-30c78988409abdc8310a2859	GCF_000940035.2	GCF_000940035.2	exact_assembly_revision:GCF_000940035.2	EX0615	ND0611	GCF_000940035.2	0	SUPPORTED_FIXED	HC001	MASH_PARAMETER_AND_SEED_STABLE_SPLIT	GCF_020162325.1	0.00635099	L003	GCF_013391275.1	21722c6ea5312f61c219324f19771a707f4dcff41e867e01448f98182d70d68d
616	asm-v1-e0bfd292448fda6f55a90b9a	GCF_013607365.1	GCF_013607365.1	exact_assembly_revision:GCF_013607365.1	EX0616	ND0612	GCF_013607365.1	0	AMBIGUOUS_UNROOTED_BACKBONE_OR_UNSUPPORTED		ALTERNATIVE_PARTITIONS_RETAINED_NO_FORCED_CLADE	GCF_009832985.1	0.00508393	L003	GCF_013391275.1	86ece12f4646b55a05493bcac86e1acb7db1a20e11971fb7d9d3a9115baee32f
617	asm-v1-b7ac26dd84be1d8915880999	GCF_013340825.1	GCF_013340825.1	exact_assembly_revision:GCF_013340825.1	EX0617	ND0613	GCF_013340825.1	0	SUPPORTED_FIXED	HC001	MASH_PARAMETER_AND_SEED_STABLE_SPLIT	GCF_013391275.1	0.00707391	L003	GCF_013391275.1	72051fb608874ccc5ec4a353af7006642e47e0970bcf1140407995abfc5143c0
618	asm-v1-1ef11115d23a9a703f47c8a2	GCF_005397685.1	GCF_005397685.1	exact_assembly_revision:GCF_005397685.1	EX0618	ND0614	GCF_005397685.1	0	AMBIGUOUS_UNROOTED_BACKBONE_OR_UNSUPPORTED		ALTERNATIVE_PARTITIONS_RETAINED_NO_FORCED_CLADE	GCF_902163565.1	0.00178311	L004	GCF_015163255.1	2f7513461151234a6247604bb97ee9588a0d54b039b717862dc229cda7ace950
619	asm-v1-c0a413b70c52196054e34ad1	GCF_003027575.1	GCF_003027575.1	exact_assembly_revision:GCF_003027575.1	EX0619	ND0615	GCF_003027575.1	0	SUPPORTED_FIXED	HC005	MASH_PARAMETER_AND_SEED_STABLE_SPLIT	GCF_000779675.1	0.0132767	L009	GCF_001520375.1	967c12e4995f479f361a1e72f401358fdf7c0b86ad4b8bc1bfd30fa870f32c20
620	asm-v1-e0d5d1774a9f267d8ce8d8f5	GCF_001052125.1	GCF_001052125.1	exact_assembly_revision:GCF_001052125.1	EX0620	ND0616	GCF_001052125.1	0	AMBIGUOUS_UNROOTED_BACKBONE_OR_UNSUPPORTED		ALTERNATIVE_PARTITIONS_RETAINED_NO_FORCED_CLADE	GCF_002166175.1	0.000916203	L012	GCF_000807565.1	c9da66092af3f2d71502e8b6aea6dc3405dc95df83b27eb3f31284845c36b2f0
621	asm-v1-40d99b8f41b8723c8e4999df	GCF_020005505.1	GCF_020005505.1	exact_assembly_revision:GCF_020005505.1	EX0621	ND0617	GCF_020005505.1	0	AMBIGUOUS_UNROOTED_BACKBONE_OR_UNSUPPORTED		ALTERNATIVE_PARTITIONS_RETAINED_NO_FORCED_CLADE	GCF_017594525.1	0.00411458	L003	GCF_013391275.1	03553c3b1d928190fa8ec5bd4700890fafbcd62a7a31add59946a5cfd559c7e5
622	asm-v1-b06341c6c3acbbb5adaa91d0	GCF_002535195.1	GCF_002535195.1	exact_assembly_revision:GCF_002535195.1	EX0622	ND0618	GCF_002535195.1	0	SUPPORTED_FIXED	HC001	MASH_PARAMETER_AND_SEED_STABLE_SPLIT	GCF_000835055.1	0.00356923	L003	GCF_013391275.1	e2c850ef34747694a45faa68c3973c7625353ac610e9da466f40839bfc8e1b7d
623	asm-v1-0c3c6dc9fbe366e9888bde90	GCF_001269305.1	GCF_001269305.1	exact_assembly_revision:GCF_001269305.1	EX0623	ND0619	GCF_001269305.1	0	SUPPORTED_FIXED	HC001	MASH_PARAMETER_AND_SEED_STABLE_SPLIT	GCF_004767025.1	0.00899106	L003	GCF_013391275.1	f1cb39aaa797ce6c994e36aa2570b9d866671bcc1fdc9cb2b948107d64bb265f
624	asm-v1-e9d401c2efbaea88b78916e0	GCF_003027235.1	GCF_003027235.1	exact_assembly_revision:GCF_003027235.1	EX0624	ND0620	GCF_003027235.1	0	SUPPORTED_FIXED	HC002	MASH_PARAMETER_AND_SEED_STABLE_SPLIT	GCF_017165455.1	0.00122922	L008	GCF_002806795.1	e7730567b93ded09bd70ffcc7072e97e02776573ada38d6053308ef1a22db342
625	asm-v1-f13a39b093f80a45ef8b2a7e	GCF_000471085.2	GCF_000471085.2	exact_assembly_revision:GCF_000471085.2	EX0625	ND0621	GCF_000471085.2	0	SUPPORTED_FIXED	HC002	MASH_PARAMETER_AND_SEED_STABLE_SPLIT	GCF_000471305.1	0.000310145	L008	GCF_002806795.1	a27172399759ac3263f8645c4c3f264d8033166855c21306e51fddb7f60dd160
626	asm-v1-82d7d584cd25da6196fb28a2	GCF_902505505.1	GCF_902505505.1	exact_assembly_revision:GCF_902505505.1	EX0626	ND0622	GCF_902505505.1	0	AMBIGUOUS_UNROOTED_BACKBONE_OR_UNSUPPORTED		ALTERNATIVE_PARTITIONS_RETAINED_NO_FORCED_CLADE	GCF_904810115.1	0.0134624	L012	GCF_000807565.1	8bf81e149b5c3300066b5025a42852868de5b805a72e11aaa7f6a84fac2c3e69
627	asm-v1-4a020c7cbfa5361ac46324ee	GCF_005396605.1	GCF_005396605.1	exact_assembly_revision:GCF_005396605.1	EX0627	ND0623	GCF_005396605.1	0	SUPPORTED_FIXED	HC001	MASH_PARAMETER_AND_SEED_STABLE_SPLIT	GCF_004767245.1	0.00415724	L003	GCF_013391275.1	1fac8686adda4a4b08e95b9631194ac7035deb4ba810408d9c9b02169528274d
628	asm-v1-fa59cfdfe13a24f851fe24e3	GCF_003303995.1	GCF_003303995.1	exact_assembly_revision:GCF_003303995.1	EX0628	ND0624	GCF_003303995.1	0	AMBIGUOUS_UNROOTED_BACKBONE_OR_UNSUPPORTED		ALTERNATIVE_PARTITIONS_RETAINED_NO_FORCED_CLADE	GCF_008033655.1	0.00205903	L010	GCF_003317605.1	52c32a8a8adcbe2e276268a8897fb2900ca043e76b75e48fd82cd910a4fd7704
629	asm-v1-95a24e20db3bf6a514e6f2b6	GCF_001285985.1	GCF_001285985.1	exact_assembly_revision:GCF_001285985.1	EX0629	ND0625	GCF_001285985.1	0	SUPPORTED_FIXED	HC001	MASH_PARAMETER_AND_SEED_STABLE_SPLIT	GCF_009790565.1	0.00330861	L003	GCF_013391275.1	9bb9de23f05924c8fc6d2ae635abd0a0523cc4df994db8ec7290eb4c9252758f
630	asm-v1-45033b6054594d00fdb0919a	GCF_004568995.1	GCF_004568995.1	exact_assembly_revision:GCF_004568995.1	EX0630	ND0626	GCF_004568995.1	0	AMBIGUOUS_UNROOTED_BACKBONE_OR_UNSUPPORTED		ALTERNATIVE_PARTITIONS_RETAINED_NO_FORCED_CLADE	GCF_003317605.1	0.000873409	L010	GCF_003317605.1	b19cf6a690ad52a760b6713b17895a265e43d7bf505aaba5e143a4432416969e
631	asm-v1-30b2b643127b3d2a3c4a7a29	GCF_005670915.1	GCF_005670915.1	exact_assembly_revision:GCF_005670915.1	EX0631	ND0627	GCF_005670915.1	0	AMBIGUOUS_UNROOTED_BACKBONE_OR_UNSUPPORTED		ALTERNATIVE_PARTITIONS_RETAINED_NO_FORCED_CLADE	GCF_020907565.1	0.000855821	L010	GCF_003317605.1	d7551ce988bff2bb39daf2b8529c7ec0238e6dc0f94342df1b0e7c0452fad9bc
632	asm-v1-7d6c3b61c1065e56c243270a	GCF_005508755.1	GCF_005508755.1	exact_assembly_revision:GCF_005508755.1	EX0632	ND0628	GCF_005508755.1	0	SUPPORTED_FIXED	HC001	MASH_PARAMETER_AND_SEED_STABLE_SPLIT	GCF_018439915.1	0.00324479	L003	GCF_013391275.1	e361ee29451357ea91a3af093dde2d62611e1fa8255dfff6f7631430a3fce591
633	asm-v1-5ffef449de01121bfcc2e8ad	GCF_002542995.1	GCF_002542995.1	exact_assembly_revision:GCF_002542995.1	EX0633	ND0629	GCF_002542995.1	0	SUPPORTED_FIXED	HC003	MASH_PARAMETER_AND_SEED_STABLE_SPLIT	GCF_907175915.1	0.00547692	L003	GCF_013391275.1	f35b6a0d3e58d6c015729bcde5fd72f23a3e7ac97d6a16a5a02ba1bd2b122f96
634	asm-v1-900e8da13283a6ed205e9e3b	GCF_000517245.1	GCF_000517245.1	exact_assembly_revision:GCF_000517245.1	EX0634	ND0630	GCF_000517245.1	0	AMBIGUOUS_UNROOTED_BACKBONE_OR_UNSUPPORTED		ALTERNATIVE_PARTITIONS_RETAINED_NO_FORCED_CLADE	GCF_000773575.1	0.00114209	L003	GCF_013391275.1	e37e1a80c01714adf9b75e9e23b72eb1ac5c68050d877d1d2e57c9767efeeaad
635	asm-v1-83b72c7a646d9c45bccacdcc	GCF_020418355.1	GCF_020418355.1	exact_assembly_revision:GCF_020418355.1	EX0635	ND0631	GCF_020418355.1	0	SUPPORTED_FIXED	HC001	MASH_PARAMETER_AND_SEED_STABLE_SPLIT	GCF_018884065.1	0.00140487	L003	GCF_013391275.1	61d7883fa7a7f2f2f8e9d2cf4963e0f2c527b7b6e566a6784767e3f75d69148c
636	asm-v1-35ff009d210372991216e58f	GCF_019351875.1	GCF_019351875.1	exact_assembly_revision:GCF_019351875.1	EX0636	ND0632	GCF_019351875.1	0	SUPPORTED_FIXED	HC001	MASH_PARAMETER_AND_SEED_STABLE_SPLIT	GCF_014894765.1	0.00370844	L003	GCF_013391275.1	1b153565f4156ba3dd1dc600431c9a8bbfcc564bfde8920c5db3a01ea95f2c32
637	asm-v1-7f869d65ce9ee5b87b3a6dd3	GCF_013183745.1	GCF_013183745.1	exact_assembly_revision:GCF_013183745.1	EX0637	ND0633	GCF_013183745.1	0	AMBIGUOUS_UNROOTED_BACKBONE_OR_UNSUPPORTED		ALTERNATIVE_PARTITIONS_RETAINED_NO_FORCED_CLADE	GCF_017595435.1	0.00627198	L003	GCF_013391275.1	41b0ef68a6410953b1b207d528f197d9a13c89fd39d37b32157ab6ec0994b694
638	asm-v1-0eb5fb1612d4ea12d2ea4f21	GCF_005382865.1	GCF_005382865.1	exact_assembly_revision:GCF_005382865.1	EX0638	ND0634	GCF_005382865.1	0	AMBIGUOUS_UNROOTED_BACKBONE_OR_UNSUPPORTED		ALTERNATIVE_PARTITIONS_RETAINED_NO_FORCED_CLADE	GCF_003601935.1	0.00117023	L012	GCF_000807565.1	e8ba0fb2044129e245965e9f42f47396b121076db9d31dfb41d3abe3591e58de
639	asm-v1-da298f2d6e6cc6a91fbe6eff	GCF_000752655.1	GCF_000752655.1	exact_assembly_revision:GCF_000752655.1	EX0639	ND0635	GCF_000752655.1	0	SUPPORTED_FIXED	HC001	MASH_PARAMETER_AND_SEED_STABLE_SPLIT	GCF_002764815.1	0.00101988	L003	GCF_013391275.1	0907280f52188f16fc0f60dd935f5c70b793cd0f0a6f68700359fd71b021ec66
640	asm-v1-04accedd4e78b4d186381d1f	GCF_001907325.1	GCF_001907325.1	exact_assembly_revision:GCF_001907325.1	EX0640	ND0636	GCF_001907325.1	0	SUPPORTED_FIXED	HC003	MASH_PARAMETER_AND_SEED_STABLE_SPLIT	GCF_003829865.1	0.0106631	L003	GCF_013391275.1	e5d0a9799ae0bf196cee41645d024fc911e17bed35e3cb6b4980acd129931019
641	asm-v1-83896610b5c58abf80b18eab	GCF_009393595.1	GCF_009393595.1	exact_assembly_revision:GCF_009393595.1	EX0641	ND0637	GCF_009393595.1	0	SUPPORTED_FIXED	HC003	MASH_PARAMETER_AND_SEED_STABLE_SPLIT	GCF_900196695.1	0.00669143	L003	GCF_013391275.1	43441361aca197aaf8c807bd13d7a9456ff16cc38353839f159037bd0a01578c
642	asm-v1-7bc9e2c3df6296b22a200414	GCF_002474605.1	GCF_002474605.1	exact_assembly_revision:GCF_002474605.1	EX0642	ND0638	GCF_002474605.1	0	AMBIGUOUS_UNROOTED_BACKBONE_OR_UNSUPPORTED		ALTERNATIVE_PARTITIONS_RETAINED_NO_FORCED_CLADE	GCF_900536605.1	0.00366092	L003	GCF_013391275.1	5d55e47b628244f4754fdb0f6534f57373c0f50f864873b030703fa06051f310
643	asm-v1-72b85ce8ea84a25251269ac9	GCF_005389625.1	GCF_005389625.1	exact_assembly_revision:GCF_005389625.1	EX0643	ND0639	GCF_005389625.1	0	SUPPORTED_FIXED	HC004	MASH_PARAMETER_AND_SEED_STABLE_SPLIT	GCF_000493595.2	0.00268919	L012	GCF_000807565.1	f85f8297a1e75c659e3eece625d9c5dfb1bd37c3b18309e4c5d54a2dc0d2b06b
644	asm-v1-14967a7d2871caf8c47f1937	GCF_003721835.1	GCF_003721835.1	exact_assembly_revision:GCF_003721835.1	EX0644	ND0640	GCF_003721835.1	0	SUPPORTED_FIXED	HC001	MASH_PARAMETER_AND_SEED_STABLE_SPLIT	GCF_009789835.1	0.00525502	L003	GCF_013391275.1	24b127da1db379de835cad2a3bc8ce7fbec73b5ebffc35e703850f2d24d32fd3
645	asm-v1-69f0105ce1ad3adf5c0cfbc5	GCF_002972815.1	GCF_002972815.1	exact_assembly_revision:GCF_002972815.1	EX0645	ND0641	GCF_002972815.1	0	AMBIGUOUS_UNROOTED_BACKBONE_OR_UNSUPPORTED		ALTERNATIVE_PARTITIONS_RETAINED_NO_FORCED_CLADE	GCF_002972665.1	0.00606744	L012	GCF_000807565.1	d72d574186a96ed6108de46051f99fbc84f70a5fc3f945975c2b2fd66178cdd5
646	asm-v1-352b64f6bac0e1b4495f93db	GCF_011029505.1	GCF_011029505.1	exact_assembly_revision:GCF_011029505.1	EX0646	ND0642	GCF_011029505.1	0	AMBIGUOUS_UNROOTED_BACKBONE_OR_UNSUPPORTED		ALTERNATIVE_PARTITIONS_RETAINED_NO_FORCED_CLADE	GCF_003254065.1	0.00344282	L003	GCF_013391275.1	ab4da029e7a6f81dbad8e2fb3f415bef2f760dccb547301f94026577dfb4b28a
647	asm-v1-8f139bb16e6117beb7083811	GCF_000358715.2	GCF_000358715.2	exact_assembly_revision:GCF_000358715.2	EX0647	ND0643	GCF_000358715.2	0	SUPPORTED_FIXED	HC001	MASH_PARAMETER_AND_SEED_STABLE_SPLIT	GCF_003981865.1	0.00206443	L003	GCF_013391275.1	ebc32bae666a18911218c3afbc7d8e778f79ec68cdd6053ece5e0de96df47d18
648	asm-v1-f1362d6b5aa85740d1997232	GCF_005044995.1	GCF_005044995.1	exact_assembly_revision:GCF_005044995.1	EX0648	ND0644	GCF_005044995.1	0	SUPPORTED_FIXED	HC001	MASH_PARAMETER_AND_SEED_STABLE_SPLIT	GCF_002458155.1	0.000911163	L003	GCF_013391275.1	44463a5a2b2c144c47625e39d56913f674a6bc77f21f7d5d4f7fccb580b2f136
649	asm-v1-fdae2b9522f2be37c7872a1f	GCF_002519275.1	GCF_002519275.1	exact_assembly_revision:GCF_002519275.1	EX0649	ND0645	GCF_002519275.1	0	SUPPORTED_FIXED	HC001	MASH_PARAMETER_AND_SEED_STABLE_SPLIT	GCF_002326945.1	0.00771421	L003	GCF_013391275.1	971a9aa5ccb053bb76ce2114bd6507e51a8b93f321691b9e2e659f4a6038025b
650	asm-v1-13c8df8d88e65c5b841b0a9e	GCF_018687915.1	GCF_018687915.1	exact_assembly_revision:GCF_018687915.1	EX0650	ND0646	GCF_018687915.1	0	AMBIGUOUS_UNROOTED_BACKBONE_OR_UNSUPPORTED		ALTERNATIVE_PARTITIONS_RETAINED_NO_FORCED_CLADE	GCF_003321715.1	0.00312359	L003	GCF_013391275.1	9f9153d04e1d181f857b5dbdb313300d972fde4c1794e03bc07f1ca28c1b6eee
651	asm-v1-68d261d9812a2862dc79417d	GCF_000462425.2	GCF_000462425.2	exact_assembly_revision:GCF_000462425.2	EX0651	ND0647	GCF_000462425.2	0	SUPPORTED_FIXED	HC002	MASH_PARAMETER_AND_SEED_STABLE_SPLIT	GCF_005885955.1	0.000141101	L008	GCF_002806795.1	48d778dbae0a63d0e32e35f08a1d2e383aebae661d56017a388eb4e008dedfe8
652	asm-v1-fe93c3f35f6401a5aa90df77	GCF_009822985.1	GCF_009822985.1	exact_assembly_revision:GCF_009822985.1	EX0652	ND0648	GCF_009822985.1	0	AMBIGUOUS_UNROOTED_BACKBONE_OR_UNSUPPORTED		ALTERNATIVE_PARTITIONS_RETAINED_NO_FORCED_CLADE	GCF_010592655.1	0.00524853	L003	GCF_013391275.1	f7bcb7007fc4efb65862c0d4fdef06eed06be688b871e2a7da920a1feb1e0942
653	asm-v1-564f9ebdfa7fd8adea592281	GCF_015690155.1	GCF_015690155.1	exact_assembly_revision:GCF_015690155.1	EX0653	ND0649	GCF_015690155.1	0	SUPPORTED_FIXED	HC001	MASH_PARAMETER_AND_SEED_STABLE_SPLIT	GCF_014894765.1	0.00358398	L003	GCF_013391275.1	bac0f3851b5b5826a27360748a8729ab50ee5610d0bb0727d9e69c390fdad6b1
654	asm-v1-2045d5094b0330b28ebc0cce	GCF_900236155.1	GCF_900236155.1	exact_assembly_revision:GCF_900236155.1	EX0654	ND0650	GCF_900236155.1	0	AMBIGUOUS_UNROOTED_BACKBONE_OR_UNSUPPORTED		ALTERNATIVE_PARTITIONS_RETAINED_NO_FORCED_CLADE	GCF_900236125.1	4.05279e-05	L003	GCF_013391275.1	7fde502a3362579ee7835cdff43d942616eb4197b7041d835015ec2e7d951fed
655	asm-v1-7a6abfe681557fc8b4557983	GCF_001900815.1	GCF_001900815.1	exact_assembly_revision:GCF_001900815.1	EX0655	ND0651	GCF_001900815.1	0	SUPPORTED_FIXED	HC001	MASH_PARAMETER_AND_SEED_STABLE_SPLIT	GCF_009789835.1	0.00300325	L003	GCF_013391275.1	4c3acc288b34c9c1580ea52e4437c76d497d58a3c75d9b070f00da48e67510dd
656	asm-v1-ba8c0a1ce0dd70ad25209b01	GCF_018863115.1	GCF_018863115.1	exact_assembly_revision:GCF_018863115.1	EX0656	ND0652	GCF_018863115.1	0	SUPPORTED_FIXED	HC001	MASH_PARAMETER_AND_SEED_STABLE_SPLIT	GCF_021354495.1	0.00430736	L003	GCF_013391275.1	bc714447b524886d31815a6d6ec0fd6a852ffee47e7fedad5d6a7047d6c8052f
657	asm-v1-982391bbc8be806302b1c1f3	GCF_002247725.1	GCF_002247725.1	exact_assembly_revision:GCF_002247725.1	EX0657	ND0653	GCF_002247725.1	0	AMBIGUOUS_UNROOTED_BACKBONE_OR_UNSUPPORTED		ALTERNATIVE_PARTITIONS_RETAINED_NO_FORCED_CLADE	GCF_900195745.1	0.00683219	L003	GCF_013391275.1	c1b940d2f41a34f97ace8a240ccfb178933011086ce57e8c56802f63c4ac2691
658	asm-v1-139e29f42724433b7939931b	GCF_013359045.1	GCF_013359045.1	exact_assembly_revision:GCF_013359045.1	EX0658	ND0654	GCF_013359045.1	0	AMBIGUOUS_UNROOTED_BACKBONE_OR_UNSUPPORTED		ALTERNATIVE_PARTITIONS_RETAINED_NO_FORCED_CLADE	GCF_013359015.1	0.00444015	L003	GCF_013391275.1	647dfb40a0c5e7f487bb93e0387a9e4488451d0c3e9635599ee49fe4f335ed11
659	asm-v1-ec83d93e3f894c09bcfb456b	GCF_003730535.1	GCF_003730535.1	exact_assembly_revision:GCF_003730535.1	EX0659	ND0655	GCF_003730535.1	0	AMBIGUOUS_UNROOTED_BACKBONE_OR_UNSUPPORTED		ALTERNATIVE_PARTITIONS_RETAINED_NO_FORCED_CLADE	GCF_011603175.1	0.00113698	L004	GCF_015163255.1	10c2848b0096c6ad815f90b81e143bafae62421d59df71abc192e75399a16a63
660	asm-v1-666e8ca725f1191a397223be	GCF_002164525.1	GCF_002164525.1	exact_assembly_revision:GCF_002164525.1	EX0660	ND0656	GCF_002164525.1	0	SUPPORTED_FIXED	HC002	MASH_PARAMETER_AND_SEED_STABLE_SPLIT	GCF_001753505.1	0.00029316	L008	GCF_002806795.1	3f63a4751dedfd522d209effc1b98c2b95a4f710f64b202e69dcbbaf3439f211
661	asm-v1-645a9e0af5bb98241e75e1ce	GCF_002631495.1	GCF_002631495.1	exact_assembly_revision:GCF_002631495.1	EX0661	ND0657	GCF_002631495.1	0	SUPPORTED_FIXED	HC001	MASH_PARAMETER_AND_SEED_STABLE_SPLIT	GCF_001900635.1	0.00264439	L003	GCF_013391275.1	e1b72e0d8844c0ce49a811d935cb5b0d3a1e7e4dc3f89d146ab32be80462c05b
662	asm-v1-def45f70885985d516445943	GCF_003367885.1	GCF_003367885.1	exact_assembly_revision:GCF_003367885.1	EX0662	ND0658	GCF_003367885.1	0	SUPPORTED_FIXED	HC006	MASH_PARAMETER_AND_SEED_STABLE_SPLIT	GCF_000005845.2	0.000208504	L003	GCF_013391275.1	058de695290bfaa3db1c8830e01ef2cc1252e7955994b57359d7e87c0bd71e8d
663	asm-v1-22ce603c7eb5b57e6b211da9	GCF_003009315.1	GCF_003009315.1	exact_assembly_revision:GCF_003009315.1	EX0663	ND0659	GCF_003009315.1	0	SUPPORTED_FIXED	HC001	MASH_PARAMETER_AND_SEED_STABLE_SPLIT	GCF_009821145.1	0.00573481	L003	GCF_013391275.1	7b2ea4507244457e89fbd27e24f82dee8762a4c875e3afbbfef5a4d678d4bf8d
664	asm-v1-fa5031ed26841707776ec80b	GCF_000460035.1	GCF_000460035.1	exact_assembly_revision:GCF_000460035.1	EX0664	ND0660	GCF_000460035.1	0	AMBIGUOUS_UNROOTED_BACKBONE_OR_UNSUPPORTED		ALTERNATIVE_PARTITIONS_RETAINED_NO_FORCED_CLADE	GCF_019969625.1	0.00771791	L003	GCF_013391275.1	727506e61e7f1d95efeb5b8e29ae95d1461608e5c27b810751c06cec061f95b6
665	asm-v1-a150090d6eaeb1aeccfbd39a	GCF_009799765.1	GCF_009799765.1	exact_assembly_revision:GCF_009799765.1	EX0665	ND0661	GCF_009799765.1	0	AMBIGUOUS_UNROOTED_BACKBONE_OR_UNSUPPORTED		ALTERNATIVE_PARTITIONS_RETAINED_NO_FORCED_CLADE	GCF_003323015.1	0.00353975	L016	GCF_000692515.1	1957d554430b3695b8caccdf9042f2aacf72c7243ad37c38cfb863fddd8021d0
666	asm-v1-27c46ab8abccf5de7f014f4a	GCF_002464115.1	GCF_002464115.1	exact_assembly_revision:GCF_002464115.1	EX0666	ND0662	GCF_002464115.1	0	SUPPORTED_FIXED	HC001	MASH_PARAMETER_AND_SEED_STABLE_SPLIT	GCF_002535515.1	0.00383979	L003	GCF_013391275.1	3bc411c17c0fe3fb5adbbac06209780a20f4aa01f279a620578b616d12169d4f
667	asm-v1-9fea1075e5b2fe49b0fc710c	GCF_900536545.1	GCF_900536545.1	exact_assembly_revision:GCF_900536545.1	EX0667	ND0663	GCF_900536545.1	0	SUPPORTED_FIXED	HC003	MASH_PARAMETER_AND_SEED_STABLE_SPLIT	GCF_013395785.1	0.003951	L003	GCF_013391275.1	78eb93be0e14693bfde5f8340f1580a1b3f8101d32e3075bcf1abfb43bbfd756
668	asm-v1-e210e7d491827db931a471e8	GCF_007558585.1	GCF_007558585.1	exact_assembly_revision:GCF_007558585.1	EX0668	ND0664	GCF_007558585.1	0	SUPPORTED_FIXED	HC001	MASH_PARAMETER_AND_SEED_STABLE_SPLIT	GCF_904810175.1	0.00501018	L003	GCF_013391275.1	97fa497e3685a320b6e474fe74381988dc68c5f88a2000f48b291c6c0f79bb43
669	asm-v1-eb862f6bd53c3465f98bdb0f	GCF_000617525.2	GCF_000617525.2	exact_assembly_revision:GCF_000617525.2	EX0669	ND0665	GCF_000617525.2	0	SUPPORTED_FIXED	HC001	MASH_PARAMETER_AND_SEED_STABLE_SPLIT	GCF_015160055.1	0.00197013	L003	GCF_013391275.1	7b5115b86127d9e1ff62d48a64fd38515bcca28267ce9fa3b611fc19dd114f23
670	asm-v1-871e501fbff4c5665a39c765	GCF_005394985.1	GCF_005394985.1	exact_assembly_revision:GCF_005394985.1	EX0670	ND0666	GCF_005394985.1	0	SUPPORTED_FIXED	HC001	MASH_PARAMETER_AND_SEED_STABLE_SPLIT	GCF_003721935.1	0.00870088	L003	GCF_013391275.1	f96693d55244c4e74cd43fe9d614dce0aa5116dcb24ba6fef181d982303e78ce
671	asm-v1-dea85d07d4f5553fbd0ade64	GCF_016786205.1	GCF_016786205.1	exact_assembly_revision:GCF_016786205.1	EX0671	ND0667	GCF_016786205.1	0	AMBIGUOUS_UNROOTED_BACKBONE_OR_UNSUPPORTED		ALTERNATIVE_PARTITIONS_RETAINED_NO_FORCED_CLADE	GCF_003304555.1	0.00364018	L003	GCF_013391275.1	d35e2516f6dc98077843d19c3800ad59fc91c17f6bc4c738dd477dbf9d116d1a
672	asm-v1-adcde704e3f719ce3c331fb2	GCF_004568485.1	GCF_004568485.1	exact_assembly_revision:GCF_004568485.1	EX0672	ND0668	GCF_004568485.1	0	AMBIGUOUS_UNROOTED_BACKBONE_OR_UNSUPPORTED		ALTERNATIVE_PARTITIONS_RETAINED_NO_FORCED_CLADE	GCF_005388405.1	0.015235	L011	GCF_009910875.1	c9efa4f9a16b9d34159a990348afcbc17006a349d908d2634d35bfcfec228530
673	asm-v1-07e230ce0a247df971ad3ba6	GCF_014262945.1	GCF_014262945.1	exact_assembly_revision:GCF_014262945.1	EX0673	ND0669	GCF_014262945.1	0	SUPPORTED_FIXED	HC007	MASH_PARAMETER_AND_SEED_STABLE_SPLIT	GCF_000807565.1	0.00180172	L012	GCF_000807565.1	39ac36645bb89069cbc55d40d25e753fffb92f1a7b19305084e42eaafd1244ba
674	asm-v1-258f13742d217c43fce3b419	GCF_009821145.1	GCF_009821145.1	exact_assembly_revision:GCF_009821145.1	EX0674	ND0670	GCF_009821145.1	0	SUPPORTED_FIXED	HC001	MASH_PARAMETER_AND_SEED_STABLE_SPLIT	GCF_003009315.1	0.00573481	L003	GCF_013391275.1	23f6054c8378b4eef1277a21c4f165f121036bb692c00eb16ddf93166c4aca2d
675	asm-v1-7926d40fcf824896df2870fb	GCF_900481725.1	GCF_900481725.1	exact_assembly_revision:GCF_900481725.1	EX0675	ND0671	GCF_900481725.1	0	AMBIGUOUS_UNROOTED_BACKBONE_OR_UNSUPPORTED		ALTERNATIVE_PARTITIONS_RETAINED_NO_FORCED_CLADE	GCF_900481955.1	0.00281582	L013	GCF_900481955.1	79002f491e6b23d6683eda40abca4d0c87618f26b653fc06dd4076fbc0a339d0
676	asm-v1-d2fd27e70085e0ccd8b84a67	GCF_017313005.1	GCF_017313005.1	exact_assembly_revision:GCF_017313005.1	EX0676	ND0672	GCF_017313005.1	0	SUPPORTED_FIXED	HC001	MASH_PARAMETER_AND_SEED_STABLE_SPLIT	GCF_000357005.2	0.00950735	L003	GCF_013391275.1	79c687f85ea7a62bdfce60c8b33f346691a91918cff87e7002b553f2b0a6eaa8
677	asm-v1-50e73f3b77872e6fce3a224e	GCF_002310675.1	GCF_002310675.1	exact_assembly_revision:GCF_002310675.1	EX0677	ND0673	GCF_002310675.1	0	SUPPORTED_FIXED	HC003	MASH_PARAMETER_AND_SEED_STABLE_SPLIT	GCF_006350385.1	0.00407506	L003	GCF_013391275.1	df855a411cb2c875bd15e2c7aa22726fba60d218f425c596871e01df4efb6be6
678	asm-v1-bfebb2ba773c84dae9fc56cd	GCF_000779055.1	GCF_000779055.1	exact_assembly_revision:GCF_000779055.1	EX0678	ND0674	GCF_000779055.1	0	AMBIGUOUS_UNROOTED_BACKBONE_OR_UNSUPPORTED		ALTERNATIVE_PARTITIONS_RETAINED_NO_FORCED_CLADE	GCF_002080685.1	0.00164552	L012	GCF_000807565.1	1dda8e3178eb4de55958b900219b8b3d60db11c9b5b2a39aab7c405880717c93
679	asm-v1-4320c2b9763d78a2c8682529	GCF_900195935.1	GCF_900195935.1	exact_assembly_revision:GCF_900195935.1	EX0679	ND0675	GCF_900195935.1	0	AMBIGUOUS_UNROOTED_BACKBONE_OR_UNSUPPORTED		ALTERNATIVE_PARTITIONS_RETAINED_NO_FORCED_CLADE	GCF_003830315.1	0.00771421	L003	GCF_013391275.1	725e8eec2790bad9bf4ed5e778603b095dd3b5a14fa0f7857f79fa708d46240a
680	asm-v1-4b96b38f34e6159b42972a45	GCF_000305415.2	GCF_000305415.2	exact_assembly_revision:GCF_000305415.2	EX0680	ND0676	GCF_000305415.2	0	SUPPORTED_FIXED	HC002	MASH_PARAMETER_AND_SEED_STABLE_SPLIT	GCF_001558995.2	0.00015552	L008	GCF_002806795.1	503cdc5597ec30b3dfffb4584736df59d1f9036eab8982bd556e7b90ce568bdb
681	asm-v1-01a881a0d3174bec40590705	GCF_002911265.1	GCF_002911265.1	exact_assembly_revision:GCF_002911265.1	EX0681	ND0677	GCF_002911265.1	0	SUPPORTED_FIXED	HC004	MASH_PARAMETER_AND_SEED_STABLE_SPLIT	GCF_000493595.2	0.00216742	L012	GCF_000807565.1	6c03f9f3bb115575837266b77baee33d6b02720cf9b17aeb6737d07d3d7c8779
682	asm-v1-76b493e0b6539bc544871bdb	GCF_000027125.1	GCF_000027125.1	exact_assembly_revision:GCF_000027125.1	EX0682	ND0678	GCF_000027125.1	0	SUPPORTED_FIXED	HC005	MASH_PARAMETER_AND_SEED_STABLE_SPLIT	GCF_014169915.1	0.0118017	L009	GCF_001520375.1	66a4c953b0ec6c4a68e3e04e03702c49750e89574907369da4f8de52e4c63d8e
683	asm-v1-afe003819cbcc6d9c16cf3d7	GCF_009766715.1	GCF_009766715.1	exact_assembly_revision:GCF_009766715.1	EX0683	ND0679	GCF_009766715.1	0	SUPPORTED_FIXED	HC001	MASH_PARAMETER_AND_SEED_STABLE_SPLIT	GCF_005396605.1	0.00620696	L003	GCF_013391275.1	00498417d98aa6701a9fd445c5f1dba1d52c1cbc93ff04046adf839889c74dc2
684	asm-v1-f22f55a20c4cd947be8c3c41	GCF_003113075.1	GCF_003113075.1	exact_assembly_revision:GCF_003113075.1	EX0684	ND0680	GCF_003113075.1	0	SUPPORTED_FIXED	HC001	MASH_PARAMETER_AND_SEED_STABLE_SPLIT	GCF_003255185.1	0.00029316	L003	GCF_013391275.1	ae4ec8edb013a1626f8b27931b651c4b82dbc6a4a4a5745a288bd6f252177c54
685	asm-v1-8f55f164dbcb2ee1c69a8038	GCF_008926305.1	GCF_008926305.1	exact_assembly_revision:GCF_008926305.1	EX0685	ND0681	GCF_008926305.1	0	SUPPORTED_FIXED	HC002	MASH_PARAMETER_AND_SEED_STABLE_SPLIT	GCF_002806795.1	0.000436886	L008	GCF_002806795.1	d5be933e74e45322a3ce3e8fe4101f3284bc3077450b9f2fbb61827bffdcf5b7
686	asm-v1-37dd9f61d7afff2271370d70	GCF_003009275.1	GCF_003009275.1	exact_assembly_revision:GCF_003009275.1	EX0686	ND0682	GCF_003009275.1	0	SUPPORTED_FIXED	HC001	MASH_PARAMETER_AND_SEED_STABLE_SPLIT	GCF_902505295.1	0.0110663	L003	GCF_013391275.1	bde6a94e25a622879d6e838a35776c3f2c77bca1b5e2c801bec869edc1ec7da4
687	asm-v1-d2212a9febfbce9d35010784	GCF_009794605.1	GCF_009794605.1	exact_assembly_revision:GCF_009794605.1	EX0687	ND0413	GCF_009794365.1	6.6807e-05	SUPPORTED_FIXED	HC001	MASH_PARAMETER_AND_SEED_STABLE_SPLIT	GCF_009794365.1	6.6807e-05	L003	GCF_013391275.1	4a0932c284d32fcae1627e57eca6df788f7d6fcdeaa671d230d8a777d49789a3
688	asm-v1-c4616dc6a17c80b6736d4ab8	GCF_018444005.1	GCF_018444005.1	exact_assembly_revision:GCF_018444005.1	EX0688	ND0683	GCF_018444005.1	0	AMBIGUOUS_UNROOTED_BACKBONE_OR_UNSUPPORTED		ALTERNATIVE_PARTITIONS_RETAINED_NO_FORCED_CLADE	GCF_002155505.1	0.000908643	L011	GCF_009910875.1	48ee1cd9a315131b22a040f78fd11da57645b34e6380704e1cadca3ff92ee6b8
689	asm-v1-15e6393e7f1be4dc9d68c275	GCF_004170505.1	GCF_004170505.1	exact_assembly_revision:GCF_004170505.1	EX0689	ND0684	GCF_004170505.1	0	AMBIGUOUS_UNROOTED_BACKBONE_OR_UNSUPPORTED		ALTERNATIVE_PARTITIONS_RETAINED_NO_FORCED_CLADE	GCF_020731765.1	0.00617283	L003	GCF_013391275.1	884bdbeb1c3e1e00671bdbbd7b94681e0ea1d8d81f7a22a2075af65f6014d7bd
690	asm-v1-a4fab197a911f2529a277703	GCF_014904535.2	GCF_014904535.2	exact_assembly_revision:GCF_014904535.2	EX0690	ND0685	GCF_014904535.2	0	AMBIGUOUS_UNROOTED_BACKBONE_OR_UNSUPPORTED		ALTERNATIVE_PARTITIONS_RETAINED_NO_FORCED_CLADE	GCF_011045875.1	0.00629942	L003	GCF_013391275.1	f82430b0049d7e3a1a558ba5b467cafda5e9b3e8a6c8eb0bd390a164ab50414d
691	asm-v1-640cdb68bd229c5b2f4b2115	GCF_019969625.1	GCF_019969625.1	exact_assembly_revision:GCF_019969625.1	EX0691	ND0686	GCF_019969625.1	0	AMBIGUOUS_UNROOTED_BACKBONE_OR_UNSUPPORTED		ALTERNATIVE_PARTITIONS_RETAINED_NO_FORCED_CLADE	GCF_000460035.1	0.00771791	L003	GCF_013391275.1	c889ebc06cafb935748d77790d9714953635473f50234e66b8001ffa43172cfb
692	asm-v1-48b07621c6110e6a61f13056	GCF_003988355.1	GCF_003988355.1	exact_assembly_revision:GCF_003988355.1	EX0692	ND0687	GCF_003988355.1	0	AMBIGUOUS_UNROOTED_BACKBONE_OR_UNSUPPORTED		ALTERNATIVE_PARTITIONS_RETAINED_NO_FORCED_CLADE	GCF_000704645.1	0.00414809	L003	GCF_013391275.1	b7010c04a486bb66002f7392b1652a160b8a0308ac0284e62217709d4cc39e51
693	asm-v1-a1f25e316fdb3687e021ff26	GCF_003302225.1	GCF_003302225.1	exact_assembly_revision:GCF_003302225.1	EX0693	ND0688	GCF_003302225.1	0	AMBIGUOUS_UNROOTED_BACKBONE_OR_UNSUPPORTED		ALTERNATIVE_PARTITIONS_RETAINED_NO_FORCED_CLADE	GCF_010592655.1	0.0064892	L003	GCF_013391275.1	4223f32da7e56f6881091da3166debc98304a1d332588e0dcafa47038d404cd9
694	asm-v1-029a3a06d01bf6093fc27163	GCF_001990875.1	GCF_001990875.1	exact_assembly_revision:GCF_001990875.1	EX0694	ND0689	GCF_001990875.1	0	SUPPORTED_FIXED	HC001	MASH_PARAMETER_AND_SEED_STABLE_SPLIT	GCF_000332755.1	0.00519673	L003	GCF_013391275.1	f576475287648ebcd0b00c2b56bdee0d0497ad64ac053ec2a09d65f2047a97e6
695	asm-v1-9a3d499241ff8209384d60ba	GCF_015730725.1	GCF_015730725.1	exact_assembly_revision:GCF_015730725.1	EX0695	ND0690	GCF_015730725.1	0	AMBIGUOUS_UNROOTED_BACKBONE_OR_UNSUPPORTED		ALTERNATIVE_PARTITIONS_RETAINED_NO_FORCED_CLADE	GCF_002228615.1	0.0141199	L014	GCF_009880335.1	c410f771336838867aa7f74f05196462cfe80b88dafa6af5fcf835dfa8e96c2c
696	asm-v1-babe88ddbe5661f5d6fa9325	GCF_006239105.1	GCF_006239105.1	exact_assembly_revision:GCF_006239105.1	EX0696	ND0691	GCF_006239105.1	0	AMBIGUOUS_UNROOTED_BACKBONE_OR_UNSUPPORTED		ALTERNATIVE_PARTITIONS_RETAINED_NO_FORCED_CLADE	GCF_006241135.1	0.00135042	L010	GCF_003317605.1	0c7930352fc8346aa7c8459d91e5bd7056725aec1b74f0c12868665a90a16c96
697	asm-v1-d2fc38e65e22889b46e13c08	GCF_013182965.1	GCF_013182965.1	exact_assembly_revision:GCF_013182965.1	EX0697	ND0692	GCF_013182965.1	0	SUPPORTED_FIXED	HC004	MASH_PARAMETER_AND_SEED_STABLE_SPLIT	GCF_002911435.1	0.000375828	L012	GCF_000807565.1	4fece498fc090f979d83add3e0e00a98aa58823ae8993db10a388206a453df2c
698	asm-v1-938339a19856e59871eec014	GCF_009790565.1	GCF_009790565.1	exact_assembly_revision:GCF_009790565.1	EX0698	ND0693	GCF_009790565.1	0	SUPPORTED_FIXED	HC001	MASH_PARAMETER_AND_SEED_STABLE_SPLIT	GCF_001285985.1	0.00330861	L003	GCF_013391275.1	a11910ee4c749704877f25b425d3c6cacb7869cf435638b478903c5708fe1876
699	asm-v1-8d67f1faa2c8904b0d443732	GCF_003328205.1	GCF_003328205.1	exact_assembly_revision:GCF_003328205.1	EX0699	ND0694	GCF_003328205.1	0	SUPPORTED_FIXED	HC001	MASH_PARAMETER_AND_SEED_STABLE_SPLIT	GCF_003328095.1	0.00374119	L003	GCF_013391275.1	f95954f418ac96a8bf08fc16933b6fd8e0700c0c838197f8d08bdbc9f735818c
700	asm-v1-eac36c09f66a57afa8f14970	GCF_014529055.1	GCF_014529055.1	exact_assembly_revision:GCF_014529055.1	EX0700	ND0695	GCF_014529055.1	0	AMBIGUOUS_UNROOTED_BACKBONE_OR_UNSUPPORTED		ALTERNATIVE_PARTITIONS_RETAINED_NO_FORCED_CLADE	GCF_014528625.1	0.000941429	L003	GCF_013391275.1	c59220816ab45c186bd656cab2b3c98e55dfb2b94b8e1a3039ba39ddde845c76
701	asm-v1-3ee980fe34cabf7849494781	GCF_009361825.1	GCF_009361825.1	exact_assembly_revision:GCF_009361825.1	EX0701	ND0696	GCF_009361825.1	0	SUPPORTED_FIXED	HC004	MASH_PARAMETER_AND_SEED_STABLE_SPLIT	GCF_005382185.1	0.00179108	L012	GCF_000807565.1	8691d59a2149be194e396cb48beac0cb41a01e334998d05b2dc1dfd057ea5399
702	asm-v1-5cdf68853a2a14c21bd23aae	GCF_018344755.1	GCF_018344755.1	exact_assembly_revision:GCF_018344755.1	EX0702	ND0697	GCF_018344755.1	0	SUPPORTED_FIXED	HC001	MASH_PARAMETER_AND_SEED_STABLE_SPLIT	GCF_000782555.1	0.00596263	L003	GCF_013391275.1	d120117dd2423ba1296970f750c0a5bfac37c78203b7d623432ff880f10b57b0
703	asm-v1-4a9f6664c6743aa282b22293	GCF_015699925.1	GCF_015699925.1	exact_assembly_revision:GCF_015699925.1	EX0703	ND0698	GCF_015699925.1	0	SUPPORTED_FIXED	HC002	MASH_PARAMETER_AND_SEED_STABLE_SPLIT	GCF_015699215.1	0.000510464	L008	GCF_002806795.1	596d4cc105dbdb2fd52ecd518a2befef67258c53c4567b23eb00b7debb6b8da8
704	asm-v1-6f5eca3dd51b37525f5ad62c	GCF_004797745.1	GCF_004797745.1	exact_assembly_revision:GCF_004797745.1	EX0704	ND0699	GCF_004797745.1	0	AMBIGUOUS_UNROOTED_BACKBONE_OR_UNSUPPORTED		ALTERNATIVE_PARTITIONS_RETAINED_NO_FORCED_CLADE	GCF_004797945.1	0.000117097	L008	GCF_002806795.1	8ee415a18d84f5a9574d283c024836c4607b2c5687776d30c34acc85aea814fa
705	asm-v1-8b3080d587d2996e8b0722b6	GCF_000460915.1	GCF_000460915.1	exact_assembly_revision:GCF_000460915.1	EX0705	ND0700	GCF_000460915.1	0	SUPPORTED_FIXED	HC007	MASH_PARAMETER_AND_SEED_STABLE_SPLIT	GCF_000807565.1	0.00199164	L012	GCF_000807565.1	deaa9fd57c572a27901fa06106fa62d73fce54f67cece62efa3fcaa43aff1598
706	asm-v1-6619953f21c4125872d7cf0b	GCF_004664665.1	GCF_004664665.1	exact_assembly_revision:GCF_004664665.1	EX0706	ND0701	GCF_004664665.1	0	SUPPORTED_FIXED	HC001	MASH_PARAMETER_AND_SEED_STABLE_SPLIT	GCF_019585745.1	0.0054081	L003	GCF_013391275.1	b27c5d328148e8a4c99ff6b22291c878838a06ed7032eac61ece16e484d97a24
707	asm-v1-1f18b9bf49ec19ef4609d5c6	GCF_002196745.1	GCF_002196745.1	exact_assembly_revision:GCF_002196745.1	EX0707	ND0702	GCF_002196745.1	0	AMBIGUOUS_UNROOTED_BACKBONE_OR_UNSUPPORTED		ALTERNATIVE_PARTITIONS_RETAINED_NO_FORCED_CLADE	GCF_011404355.1	0.00559549	L003	GCF_013391275.1	f10532308bf8bf929118ce3e6ea78fa267e1614eb4467a043fb6bdb96a5bfe25
708	asm-v1-ef3aa8099ed37cadad9ecc9f	GCF_021168435.1	GCF_021168435.1	exact_assembly_revision:GCF_021168435.1	EX0708	ND0703	GCF_021168435.1	0	AMBIGUOUS_UNROOTED_BACKBONE_OR_UNSUPPORTED		ALTERNATIVE_PARTITIONS_RETAINED_NO_FORCED_CLADE	GCF_001519855.1	0.00325058	L012	GCF_000807565.1	ffe56299090bd57ea1ca07bf25793aba8a007ab57ac2887cb2f139dc1484212a
709	asm-v1-473e339f6ec344086bfbbd02	GCF_015559205.1	GCF_015559205.1	exact_assembly_revision:GCF_015559205.1	EX0709	ND0704	GCF_015559205.1	0	SUPPORTED_FIXED	HC001	MASH_PARAMETER_AND_SEED_STABLE_SPLIT	GCF_013391275.1	0.00683572	L003	GCF_013391275.1	d6b1e58c01dcaa462f3ca20d16232ac1972afeba1a9ddff5d58b41de2a1afd76
710	asm-v1-d428838af6e7074ebad0dde7	GCF_002515965.1	GCF_002515965.1	exact_assembly_revision:GCF_002515965.1	EX0710	ND0705	GCF_002515965.1	0	SUPPORTED_FIXED	HC001	MASH_PARAMETER_AND_SEED_STABLE_SPLIT	GCF_002518045.1	0.00530699	L003	GCF_013391275.1	28485f15775b6a7d2c71fc4845f1d093a4667470c987a41288c87e8c3440b490
711	asm-v1-385d42fbc583aab9153329cc	GCF_002458655.1	GCF_002458655.1	exact_assembly_revision:GCF_002458655.1	EX0711	ND0706	GCF_002458655.1	0	AMBIGUOUS_UNROOTED_BACKBONE_OR_UNSUPPORTED		ALTERNATIVE_PARTITIONS_RETAINED_NO_FORCED_CLADE	GCF_008634885.1	0.00164816	L008	GCF_002806795.1	5b2d2f0500c6717f55160820c623c7d15f6539ffe13db87d67127b886016f17f
712	asm-v1-4e70fdbcb33a66d888934f15	GCF_002534995.1	GCF_002534995.1	exact_assembly_revision:GCF_002534995.1	EX0712	ND0707	GCF_002534995.1	0	AMBIGUOUS_UNROOTED_BACKBONE_OR_UNSUPPORTED		ALTERNATIVE_PARTITIONS_RETAINED_NO_FORCED_CLADE	GCF_001521415.1	0.0140139	L006	GCF_002534845.1	c62298332406a84db5636e7240b7420d64e3d1d192a43dd0b72f80f30e10a59b
713	asm-v1-9fb1c4a7f74043057bf5b8f3	GCF_002249645.1	GCF_002249645.1	exact_assembly_revision:GCF_002249645.1	EX0713	ND0708	GCF_002249645.1	0	AMBIGUOUS_UNROOTED_BACKBONE_OR_UNSUPPORTED		ALTERNATIVE_PARTITIONS_RETAINED_NO_FORCED_CLADE	GCF_900195505.1	0.00388479	L003	GCF_013391275.1	9b66dbdea2d7800c65b7bff772a09fa0657bb7ea4efdcf41b80f741a4678dec3
714	asm-v1-b5bc58df0843961c574a402a	GCF_009795315.1	GCF_009795315.1	exact_assembly_revision:GCF_009795315.1	EX0714	ND0709	GCF_009795315.1	0	SUPPORTED_FIXED	HC001	MASH_PARAMETER_AND_SEED_STABLE_SPLIT	GCF_002511115.1	0.00429813	L003	GCF_013391275.1	9359d5392a21d519bcf25d6de9c57c1f7dc2638cb560fe2055f78ed3c7a9f9af
715	asm-v1-fd2669750106a4e3da37ba49	GCF_000326185.1	GCF_000326185.1	exact_assembly_revision:GCF_000326185.1	EX0715	ND0710	GCF_000326185.1	0	AMBIGUOUS_UNROOTED_BACKBONE_OR_UNSUPPORTED		ALTERNATIVE_PARTITIONS_RETAINED_NO_FORCED_CLADE	GCF_015551035.1	0.00227651	L012	GCF_000807565.1	505d27474dca2e313a39f5b901942a33c7cb796d4e5b5fe273d4fca107fac06c
716	asm-v1-87914ca9ed28562f2c66243b	GCF_003721935.1	GCF_003721935.1	exact_assembly_revision:GCF_003721935.1	EX0716	ND0711	GCF_003721935.1	0	SUPPORTED_FIXED	HC001	MASH_PARAMETER_AND_SEED_STABLE_SPLIT	GCF_005391645.1	0.00439062	L003	GCF_013391275.1	29ce12c405b61bc60b1bf78a05beb0d10f56d599edf9afbb6d2876f34dbd48f4
717	asm-v1-6987603e22e5ac2b6f375b5e	GCF_002193195.1	GCF_002193195.1	exact_assembly_revision:GCF_002193195.1	EX0717	ND0712	GCF_002193195.1	0	AMBIGUOUS_UNROOTED_BACKBONE_OR_UNSUPPORTED		ALTERNATIVE_PARTITIONS_RETAINED_NO_FORCED_CLADE	GCF_910592755.1	0.0133011	L014	GCF_009880335.1	e27c63a037e0fddc6bc67f53cf7c8289941aee7b77837c73237c7fd77c38102b
718	asm-v1-a34d4cb702d9ab2cd73350e2	GCF_019879965.1	GCF_019879965.1	exact_assembly_revision:GCF_019879965.1	EX0718	ND0713	GCF_019879965.1	0	SUPPORTED_FIXED	HC006	MASH_PARAMETER_AND_SEED_STABLE_SPLIT	GCF_015229815.1	0.00254403	L003	GCF_013391275.1	a6dfe185e0f816ac67cae5aa7756911c018e48e22767ba668be743d7396fb786
719	asm-v1-a85f54a0e6f0abd605a34757	GCF_005391445.1	GCF_005391445.1	exact_assembly_revision:GCF_005391445.1	EX0719	ND0714	GCF_005391445.1	0	SUPPORTED_FIXED	HC001	MASH_PARAMETER_AND_SEED_STABLE_SPLIT	GCF_002475235.1	0.00446497	L003	GCF_013391275.1	31a7ce15f6f6b55adddab16c91ed3ab006f77e7541bcba601559c97baf7e6e65
720	asm-v1-dd505debdfb55c0d7deed0e7	GCF_013374315.1	GCF_013374315.1	exact_assembly_revision:GCF_013374315.1	EX0720	ND0715	GCF_013374315.1	0	AMBIGUOUS_UNROOTED_BACKBONE_OR_UNSUPPORTED		ALTERNATIVE_PARTITIONS_RETAINED_NO_FORCED_CLADE	GCF_018790115.1	0.00497183	L003	GCF_013391275.1	52271e7bd9d31fdb9914729196efeda6f52d80b2a40eaf6a51bd8010c6af770c
721	asm-v1-9b7465dcb349fa8d79deedf6	GCF_015265665.1	GCF_015265665.1	exact_assembly_revision:GCF_015265665.1	EX0721	ND0716	GCF_015265665.1	0	SUPPORTED_FIXED	HC005	MASH_PARAMETER_AND_SEED_STABLE_SPLIT	GCF_000418675.1	0.00438444	L009	GCF_001520375.1	a09ee83ec8641af43c29786279ba2d73e77fe462bbb35fac47e0d9da146efde0
722	asm-v1-099cb82bec751d690624e604	GCF_000193995.1	GCF_000193995.1	exact_assembly_revision:GCF_000193995.1	EX0722	ND0717	GCF_000193995.1	0	SUPPORTED_FIXED	HC001	MASH_PARAMETER_AND_SEED_STABLE_SPLIT	GCF_002522525.1	0.00497183	L003	GCF_013391275.1	68e999f005d9f85215a8c9d5ccfc9e199d0e2d6abbc94ccba68b7cc1bde136df
723	asm-v1-60e1ca6ee043ffacfbf76d51	GCF_000704585.1	GCF_000704585.1	exact_assembly_revision:GCF_000704585.1	EX0723	ND0718	GCF_000704585.1	0	AMBIGUOUS_UNROOTED_BACKBONE_OR_UNSUPPORTED		ALTERNATIVE_PARTITIONS_RETAINED_NO_FORCED_CLADE	GCF_010179635.1	0.00620696	L003	GCF_013391275.1	efe47d6bc40c1c14bfd6e73b7bd2105786fc3a5221b1d9a056f2515a72b8e8eb
724	asm-v1-43fdea28569888441cb67797	GCF_003983885.1	GCF_003983885.1	exact_assembly_revision:GCF_003983885.1	EX0724	ND0719	GCF_003983885.1	0	SUPPORTED_FIXED	HC001	MASH_PARAMETER_AND_SEED_STABLE_SPLIT	GCF_003982245.1	0.00140487	L003	GCF_013391275.1	15594f1f91f7d0b77a9e8cdb478d89179317e2690150c9c74f1635176663ca4d
725	asm-v1-b3ad9a3c6345572f3d291c2a	GCF_019731455.1	GCF_019731455.1	exact_assembly_revision:GCF_019731455.1	EX0725	ND0720	GCF_019731455.1	0	SUPPORTED_FIXED	HC001	MASH_PARAMETER_AND_SEED_STABLE_SPLIT	GCF_002520225.1	0.00792252	L003	GCF_013391275.1	b17d81a63c89fd526575d1dca835e69b2795643ba4c49d607180dd357cc63117
726	asm-v1-7df8d3d4d57821e575f8e984	GCF_008634965.1	GCF_008634965.1	exact_assembly_revision:GCF_008634965.1	EX0726	ND0721	GCF_008634965.1	0	AMBIGUOUS_UNROOTED_BACKBONE_OR_UNSUPPORTED		ALTERNATIVE_PARTITIONS_RETAINED_NO_FORCED_CLADE	GCF_004797945.1	0.00169302	L008	GCF_002806795.1	f4ffbaa1b0bde054cf1e6e8978b03b77502398d16dbca45a9477b5af5c7e0578
727	asm-v1-75e013874f67c789b6976d10	GCF_013166855.1	GCF_013166855.1	exact_assembly_revision:GCF_013166855.1	EX0727	ND0722	GCF_013166855.1	0	AMBIGUOUS_UNROOTED_BACKBONE_OR_UNSUPPORTED		ALTERNATIVE_PARTITIONS_RETAINED_NO_FORCED_CLADE	GCF_009832985.1	0.0008885	L003	GCF_013391275.1	9e3c1b838f209e05f38f32d034df6fd68b9859339662af70ee4db2f5b92d5efc
728	asm-v1-adea6c3a995fc64ad552763c	GCF_000704645.1	GCF_000704645.1	exact_assembly_revision:GCF_000704645.1	EX0728	ND0723	GCF_000704645.1	0	AMBIGUOUS_UNROOTED_BACKBONE_OR_UNSUPPORTED		ALTERNATIVE_PARTITIONS_RETAINED_NO_FORCED_CLADE	GCF_003988355.1	0.00414809	L003	GCF_013391275.1	abb25db42a481333c73331fa993811d84315e40698568f89d06bad30a39e86d6
729	asm-v1-54d06e22856fd3efa22bf11e	GCF_002154285.1	GCF_002154285.1	exact_assembly_revision:GCF_002154285.1	EX0729	ND0724	GCF_002154285.1	0	AMBIGUOUS_UNROOTED_BACKBONE_OR_UNSUPPORTED		ALTERNATIVE_PARTITIONS_RETAINED_NO_FORCED_CLADE	GCF_900481955.1	0.00393894	L013	GCF_900481955.1	552a702bc852a590aebbd8b44fde127e3ba968f5fecd3cbb47eccd7cddc06748
730	asm-v1-d7fecc74cb0acb9d9efa9f5f	GCF_002462235.1	GCF_002462235.1	exact_assembly_revision:GCF_002462235.1	EX0730	ND0725	GCF_002462235.1	0	SUPPORTED_FIXED	HC001	MASH_PARAMETER_AND_SEED_STABLE_SPLIT	GCF_003357545.1	0.0102929	L003	GCF_013391275.1	b9b58edb335f08a2c7374d1643a3ad3d13d4e9f977b81362cccb3ddc5778ebb6
731	asm-v1-ae423673032b29841b6174d8	GCF_019431315.1	GCF_019431315.1	exact_assembly_revision:GCF_019431315.1	EX0731	ND0726	GCF_019431315.1	0	AMBIGUOUS_UNROOTED_BACKBONE_OR_UNSUPPORTED		ALTERNATIVE_PARTITIONS_RETAINED_NO_FORCED_CLADE	GCF_001521415.1	0.0155188	L004	GCF_015163255.1	0c6d235b408c1a3d2eb01686a6b5648012cd226a465e58173f5cf49ca3017395
732	asm-v1-ae963f142996d2226e683a7d	GCF_000779675.1	GCF_000779675.1	exact_assembly_revision:GCF_000779675.1	EX0732	ND0727	GCF_000779675.1	0	SUPPORTED_FIXED	HC005	MASH_PARAMETER_AND_SEED_STABLE_SPLIT	GCF_000418675.1	0.00550649	L009	GCF_001520375.1	ad6ae0a34cd035e84d9f9cf8e1308a13cb128029857fb3144cd188c91be87122
733	asm-v1-5e255da2bd84f1388b10d40f	GCF_900482245.1	GCF_900482245.1	exact_assembly_revision:GCF_900482245.1	EX0733	ND0728	GCF_900482245.1	0	SUPPORTED_FIXED	HC001	MASH_PARAMETER_AND_SEED_STABLE_SPLIT	GCF_005039315.1	0.00594242	L003	GCF_013391275.1	ba9324af24693f0e663d4e84516398732f0f830a33b127269a7269a003543d4c
734	asm-v1-5037c115c70794885cf10d76	GCF_016785525.1	GCF_016785525.1	exact_assembly_revision:GCF_016785525.1	EX0734	ND0729	GCF_016785525.1	0	AMBIGUOUS_UNROOTED_BACKBONE_OR_UNSUPPORTED		ALTERNATIVE_PARTITIONS_RETAINED_NO_FORCED_CLADE	GCF_003469495.1	0.0081558	L003	GCF_013391275.1	be0980d44ebdefa1d6f0b0feb5b86050dd3326104bcacfd3d0ab0f3992499f90
735	asm-v1-5eeba3259d8148af6068f344	GCF_017151225.1	GCF_017151225.1	exact_assembly_revision:GCF_017151225.1	EX0735	ND0730	GCF_017151225.1	0	AMBIGUOUS_UNROOTED_BACKBONE_OR_UNSUPPORTED		ALTERNATIVE_PARTITIONS_RETAINED_NO_FORCED_CLADE	GCF_002810895.1	0.00798995	L014	GCF_009880335.1	8965f21333467c36237cb0f861078087cd49b67dd7ee03a743c8910201f717c4
736	asm-v1-c5a446f37727d52f00eb8f81	GCF_002459195.1	GCF_002459195.1	exact_assembly_revision:GCF_002459195.1	EX0736	ND0731	GCF_002459195.1	0	SUPPORTED_FIXED	HC001	MASH_PARAMETER_AND_SEED_STABLE_SPLIT	GCF_005043025.1	0.00378594	L003	GCF_013391275.1	575ccdd5c1ebb67babe7fe526483a6f1de9477aa7e076f9d87f4b653ca321a0a
737	asm-v1-0b3863888206f5c30c5f210f	GCF_002517745.1	GCF_002517745.1	exact_assembly_revision:GCF_002517745.1	EX0737	ND0732	GCF_002517745.1	0	AMBIGUOUS_UNROOTED_BACKBONE_OR_UNSUPPORTED		ALTERNATIVE_PARTITIONS_RETAINED_NO_FORCED_CLADE	GCF_009393735.1	0.00856897	L003	GCF_013391275.1	6b40da509e65840643b0fab3ea13fe18580dec8a420d950a2d28cc926ebd91c9
738	asm-v1-765fb9612b0c867292929f80	GCF_002456505.1	GCF_002456505.1	exact_assembly_revision:GCF_002456505.1	EX0738	ND0733	GCF_002456505.1	0	AMBIGUOUS_UNROOTED_BACKBONE_OR_UNSUPPORTED		ALTERNATIVE_PARTITIONS_RETAINED_NO_FORCED_CLADE	GCF_000647475.1	0.0156864	L014	GCF_009880335.1	eeb9497e0220f967f5b038b03a7ded637ffc02409d4659707d7eea84fe42bc1c
739	asm-v1-530f7c8f3bf0628bb188726f	GCF_001621765.1	GCF_001621765.1	exact_assembly_revision:GCF_001621765.1	EX0739	ND0734	GCF_001621765.1	0	AMBIGUOUS_UNROOTED_BACKBONE_OR_UNSUPPORTED		ALTERNATIVE_PARTITIONS_RETAINED_NO_FORCED_CLADE	GCF_003076695.1	0.00327957	L010	GCF_003317605.1	97caac800296ac2ca34e6ca38ec8984834e200100f6fbe399a87a9c2b6eb9e50
740	asm-v1-2951e5a22feb0832d1881c50	GCF_002474835.1	GCF_002474835.1	exact_assembly_revision:GCF_002474835.1	EX0740	ND0735	GCF_002474835.1	0	AMBIGUOUS_UNROOTED_BACKBONE_OR_UNSUPPORTED		ALTERNATIVE_PARTITIONS_RETAINED_NO_FORCED_CLADE	GCF_900481275.1	0.00801248	L003	GCF_013391275.1	7178671107e5b84c5b75d4a03102d7bf503c81fadefe1b9ca059f76ac0b429a9
741	asm-v1-cb9f8787f164f9156f422aaf	GCF_004170585.1	GCF_004170585.1	exact_assembly_revision:GCF_004170585.1	EX0741	ND0736	GCF_004170585.1	0	AMBIGUOUS_UNROOTED_BACKBONE_OR_UNSUPPORTED		ALTERNATIVE_PARTITIONS_RETAINED_NO_FORCED_CLADE	GCF_008373355.1	0.00459269	L003	GCF_013391275.1	62569604e810b187c0871ff8a6969ffe265b49c51825a113f07efa26a5717023
742	asm-v1-5a1e0151274fbb5265a33ec8	GCF_015731555.1	GCF_015731555.1	exact_assembly_revision:GCF_015731555.1	EX0742	ND0737	GCF_015731555.1	0	SUPPORTED_FIXED	HC001	MASH_PARAMETER_AND_SEED_STABLE_SPLIT	GCF_019219385.1	0.00678632	L003	GCF_013391275.1	25e4b71ea43ea345b1b61e8146d9f17a76e568823a3c1302fc357dac23b9b6db
743	asm-v1-5b5471522e6c3a0d1f8904cc	GCF_008373355.1	GCF_008373355.1	exact_assembly_revision:GCF_008373355.1	EX0743	ND0738	GCF_008373355.1	0	AMBIGUOUS_UNROOTED_BACKBONE_OR_UNSUPPORTED		ALTERNATIVE_PARTITIONS_RETAINED_NO_FORCED_CLADE	GCF_017163055.1	0.00246637	L003	GCF_013391275.1	00f315f88fb35b7cb77edaecb79538b62a7fc6363c46148a6333a84b00a10195
744	asm-v1-fe9011bcef3f33953383a997	GCF_015229815.1	GCF_015229815.1	exact_assembly_revision:GCF_015229815.1	EX0744	ND0739	GCF_015229815.1	0	SUPPORTED_FIXED	HC006	MASH_PARAMETER_AND_SEED_STABLE_SPLIT	GCF_019879965.1	0.00254403	L003	GCF_013391275.1	37b6ca27cb20303846b869a7b43407819e86e11fd19fb1b23ad3191044120110
745	asm-v1-7cd1c6ed5f68e586e2419d8f	GCF_002465405.1	GCF_002465405.1	exact_assembly_revision:GCF_002465405.1	EX0745	ND0740	GCF_002465405.1	0	SUPPORTED_FIXED	HC001	MASH_PARAMETER_AND_SEED_STABLE_SPLIT	GCF_000332755.1	0.00387578	L003	GCF_013391275.1	9e80f314705fea2caf7fb15086e48d3dc141e4600a1f5eb2b11d4edc8cb008c0
746	asm-v1-60e1fb8d526157a17378cc22	GCF_005387775.1	GCF_005387775.1	exact_assembly_revision:GCF_005387775.1	EX0746	ND0741	GCF_005387775.1	0	AMBIGUOUS_UNROOTED_BACKBONE_OR_UNSUPPORTED		ALTERNATIVE_PARTITIONS_RETAINED_NO_FORCED_CLADE	GCF_003317605.1	0.00127038	L010	GCF_003317605.1	7cf85b35bdf037595c0ccf55a8bdbbb08422fa081dc90063368ebc8440d2ab1c
747	asm-v1-2088c0540f37c4a2bc89b825	GCF_001881435.1	GCF_001881435.1	exact_assembly_revision:GCF_001881435.1	EX0747	ND0742	GCF_001881435.1	0	SUPPORTED_FIXED	HC004	MASH_PARAMETER_AND_SEED_STABLE_SPLIT	GCF_000781575.1	0.00107323	L012	GCF_000807565.1	25a37bd05ecb799f7612965480e1ca057df6270576b4e4b3f7af1f853275ece0
748	asm-v1-304f33be5c91a3dfdf5a182f	GCF_000782555.1	GCF_000782555.1	exact_assembly_revision:GCF_000782555.1	EX0748	ND0743	GCF_000782555.1	0	SUPPORTED_FIXED	HC001	MASH_PARAMETER_AND_SEED_STABLE_SPLIT	GCF_002631495.1	0.00532	L003	GCF_013391275.1	ed142ea33e297dc86e6912dcfb15ba2589b9c9280652e52eb57ee6081ad9e66e
749	asm-v1-9db46dd4728b8554155141b2	GCF_018683735.1	GCF_018683735.1	exact_assembly_revision:GCF_018683735.1	EX0749	ND0744	GCF_018683735.1	0	AMBIGUOUS_UNROOTED_BACKBONE_OR_UNSUPPORTED		ALTERNATIVE_PARTITIONS_RETAINED_NO_FORCED_CLADE	GCF_018683535.1	0.0028809	L014	GCF_009880335.1	12ad6d75ab2e72576f2803d9327ef4838611a4c99961ecb11bb3eca217910af4
750	asm-v1-11da6bee3dd996137f63b14f	GCF_004150105.1	GCF_004150105.1	exact_assembly_revision:GCF_004150105.1	EX0750	ND0745	GCF_004150105.1	0	SUPPORTED_FIXED	HC007	MASH_PARAMETER_AND_SEED_STABLE_SPLIT	GCF_004114225.1	0.000441781	L012	GCF_000807565.1	a3fb099fb7908b4a1075e735877c6c3396a22407522bf1ac6b2b6bd9124610d4
751	asm-v1-dbfb78d31ccbdda0c6f8e030	GCF_005044435.1	GCF_005044435.1	exact_assembly_revision:GCF_005044435.1	EX0751	ND0746	GCF_005044435.1	0	SUPPORTED_FIXED	HC001	MASH_PARAMETER_AND_SEED_STABLE_SPLIT	GCF_005381345.1	0.000750689	L003	GCF_013391275.1	ce2f91bd823a67956a90654ef138898a220cdbcf23d2a31d24b32010bcabb426
752	asm-v1-343eecc244753a5afea8dc01	GCF_900016365.1	GCF_900016365.1	exact_assembly_revision:GCF_900016365.1	EX0752	ND0747	GCF_900016365.1	0	AMBIGUOUS_UNROOTED_BACKBONE_OR_UNSUPPORTED		ALTERNATIVE_PARTITIONS_RETAINED_NO_FORCED_CLADE	GCF_900479335.1	0.00382182	L012	GCF_000807565.1	1bd44dafd5cc4a0b34c6a7de59b3be8f72194e9e87a5a5ddb1e742a2e1899d04
753	asm-v1-f46ad8ddb624836bd6b7e422	GCF_002193385.1	GCF_002193385.1	exact_assembly_revision:GCF_002193385.1	EX0753	ND0748	GCF_002193385.1	0	AMBIGUOUS_UNROOTED_BACKBONE_OR_UNSUPPORTED		ALTERNATIVE_PARTITIONS_RETAINED_NO_FORCED_CLADE	GCF_019104435.1	0.00267798	L016	GCF_000692515.1	12383ce55f3ebce259ade05191ebbc1d43e99650d9b3ce20d24c0237c6d817cf
754	asm-v1-96278b1c80915086e1b7d07e	GCF_016587315.1	GCF_016587315.1	exact_assembly_revision:GCF_016587315.1	EX0754	ND0749	GCF_016587315.1	0	AMBIGUOUS_UNROOTED_BACKBONE_OR_UNSUPPORTED		ALTERNATIVE_PARTITIONS_RETAINED_NO_FORCED_CLADE	GCF_015693755.1	0.000938904	L003	GCF_013391275.1	3f942167db3469a503fef98e457b6a9ccf16fc254a2dc72f864a741b9751eace
755	asm-v1-99a96517ae76790accec242b	GCF_019841645.1	GCF_019841645.1	exact_assembly_revision:GCF_019841645.1	EX0755	ND0750	GCF_019841645.1	0	SUPPORTED_FIXED	HC001	MASH_PARAMETER_AND_SEED_STABLE_SPLIT	GCF_006351505.1	0.00435048	L003	GCF_013391275.1	ed4edee4d826ad28ebeda97266c235318ca95e382afdaf887bf779bc95da34eb
756	asm-v1-35b1239cebcb65aa7431406c	GCF_000234605.1	GCF_000234605.1	exact_assembly_revision:GCF_000234605.1	EX0756	ND0751	GCF_000234605.1	0	SUPPORTED_FIXED	HC001	MASH_PARAMETER_AND_SEED_STABLE_SPLIT	GCF_002458855.1	0.00280734	L003	GCF_013391275.1	f737727e45e791cf1ba034aaf109931c9a4af43a9fb00bcf7e8d0365f93ce686
757	asm-v1-56c5b398dfee3a5972a64d31	GCF_002924105.1	GCF_002924105.1	exact_assembly_revision:GCF_002924105.1	EX0757	ND0752	GCF_002924105.1	0	SUPPORTED_FIXED	HC001	MASH_PARAMETER_AND_SEED_STABLE_SPLIT	GCF_002764815.1	0.00101734	L003	GCF_013391275.1	6f4b2f5c34f40ea1e9d4b81fcbd80c499c747432718b434e68f2e4b35b3601c9
758	asm-v1-ec3d65fb56da1049ce202bed	GCF_002543285.1	GCF_002543285.1	exact_assembly_revision:GCF_002543285.1	EX0758	ND0753	GCF_002543285.1	0	AMBIGUOUS_UNROOTED_BACKBONE_OR_UNSUPPORTED		ALTERNATIVE_PARTITIONS_RETAINED_NO_FORCED_CLADE	GCF_020668725.1	0.00485407	L003	GCF_013391275.1	4ffc0f1f01bfad1972104bd85ee36188abba69e16638dccb042da531c08bdf92
759	asm-v1-7a8e85fb1cfdd903250f1b06	GCF_011077125.1	GCF_011077125.1	exact_assembly_revision:GCF_011077125.1	EX0759	ND0754	GCF_011077125.1	0	AMBIGUOUS_UNROOTED_BACKBONE_OR_UNSUPPORTED		ALTERNATIVE_PARTITIONS_RETAINED_NO_FORCED_CLADE	GCF_020668725.1	0.00629256	L003	GCF_013391275.1	39d55911d5df85c25acebaac65c69a2ace9b6287b7a46dcbc51614844e656c6c
760	asm-v1-b66437b93128a7dea0b0e8a0	GCF_003317605.1	GCF_003317605.1	exact_assembly_revision:GCF_003317605.1	EX0760	ND0755	GCF_003317605.1	0	AMBIGUOUS_UNROOTED_BACKBONE_OR_UNSUPPORTED		ALTERNATIVE_PARTITIONS_RETAINED_NO_FORCED_CLADE	GCF_004568995.1	0.000873409	L010	GCF_003317605.1	8c92db95e32ddc309e242e10db7fdb92ee19b82da2e1cea6a7ba97723055ed9d
761	asm-v1-efe1dcd0121648bdcd4bb117	GCF_019915505.1	GCF_019915505.1	exact_assembly_revision:GCF_019915505.1	EX0761	ND0756	GCF_019915505.1	0	AMBIGUOUS_UNROOTED_BACKBONE_OR_UNSUPPORTED		ALTERNATIVE_PARTITIONS_RETAINED_NO_FORCED_CLADE	GCF_000326745.1	0.00160079	L012	GCF_000807565.1	c55182690f14de61017b23b0e50784144b458d088d609c781434636e98b55e98
762	asm-v1-d85909cbc60e07c9a985641c	GCF_000235265.1	GCF_000235265.1	exact_assembly_revision:GCF_000235265.1	EX0762	ND0757	GCF_000235265.1	0	SUPPORTED_FIXED	HC001	MASH_PARAMETER_AND_SEED_STABLE_SPLIT	GCF_000235165.1	0.000114699	L003	GCF_013391275.1	ca8d63759849eb54794ea24a4a6349ad6a850988485e61026d64939aa6700f81
763	asm-v1-02c2f4f272f8f442c0e77082	GCF_008124385.1	GCF_008124385.1	exact_assembly_revision:GCF_008124385.1	EX0763	ND0758	GCF_008124385.1	0	SUPPORTED_FIXED	HC006	MASH_PARAMETER_AND_SEED_STABLE_SPLIT	GCF_011765445.1	0.000688433	L003	GCF_013391275.1	966c645bcc944728c1e0f9cd7a5da325def0d14119964f8d6e2db6d672917ea5
764	asm-v1-52102f2b4d369f732aedbb2e	GCF_000356465.2	GCF_000356465.2	exact_assembly_revision:GCF_000356465.2	EX0764	ND0759	GCF_000356465.2	0	AMBIGUOUS_UNROOTED_BACKBONE_OR_UNSUPPORTED		ALTERNATIVE_PARTITIONS_RETAINED_NO_FORCED_CLADE	GCF_900449835.1	0.00775124	L003	GCF_013391275.1	fa52b98cc9b2a967ff598bf206b5c88b3f2410f0153e6d8a1263b1dcfd936a1c
765	asm-v1-f82304279693c953bdae8f7e	GCF_013422075.1	GCF_013422075.1	exact_assembly_revision:GCF_013422075.1	EX0765	ND0760	GCF_013422075.1	0	AMBIGUOUS_UNROOTED_BACKBONE_OR_UNSUPPORTED		ALTERNATIVE_PARTITIONS_RETAINED_NO_FORCED_CLADE	GCF_013421875.1	0.00244149	L008	GCF_002806795.1	8ad573b17b41b116cb2b9a2bd8431bfe04c038e62c4039d61941e6074aa9b0f0
766	asm-v1-2bfdf3e4a6a77db9f7355db6	GCF_000407845.1	GCF_000407845.1	exact_assembly_revision:GCF_000407845.1	EX0766	ND0761	GCF_000407845.1	0	AMBIGUOUS_UNROOTED_BACKBONE_OR_UNSUPPORTED		ALTERNATIVE_PARTITIONS_RETAINED_NO_FORCED_CLADE	GCF_015163255.1	0.00607761	L004	GCF_015163255.1	61af1484213da4e41a883e93806495d75bcb6a3edb3deb74d9aba0c722aa1fa8
767	asm-v1-7c8b4b234f9b5cb7b028ec29	GCF_003686735.1	GCF_003686735.1	exact_assembly_revision:GCF_003686735.1	EX0767	ND0762	GCF_003686735.1	0	SUPPORTED_FIXED	HC001	MASH_PARAMETER_AND_SEED_STABLE_SPLIT	GCF_905330295.1	0.00900292	L003	GCF_013391275.1	abe995c2a1e9e9561cfcc5cf10776f9955ec441a31dff99c44b8ebf4fc342722
768	asm-v1-8d423a7ee837c47387012ed7	GCF_002226635.1	GCF_002226635.1	exact_assembly_revision:GCF_002226635.1	EX0768	ND0763	GCF_002226635.1	0	AMBIGUOUS_UNROOTED_BACKBONE_OR_UNSUPPORTED		ALTERNATIVE_PARTITIONS_RETAINED_NO_FORCED_CLADE	GCF_009880335.1	0.00465219	L014	GCF_009880335.1	3da055422dacb6ac446c1f836848b3cd16b5359dd845ae535bb0cb872810a1a5
769	asm-v1-6d6e59b12a92cae6d42b6326	GCF_002966145.1	GCF_002966145.1	exact_assembly_revision:GCF_002966145.1	EX0769	ND0001	GCF_001544635.1	0	SUPPORTED_FIXED	HC006	MASH_PARAMETER_AND_SEED_STABLE_SPLIT	GCF_001544635.1	0	L003	GCF_013391275.1	ab78974987f82c2b36aff5523167b0c2cf38952679aaea85b1a3d85abea82f19
770	asm-v1-f46ec5b49c8b0361d7d1241c	GCF_005391725.1	GCF_005391725.1	exact_assembly_revision:GCF_005391725.1	EX0770	ND0764	GCF_005391725.1	0	AMBIGUOUS_UNROOTED_BACKBONE_OR_UNSUPPORTED		ALTERNATIVE_PARTITIONS_RETAINED_NO_FORCED_CLADE	GCF_902859095.1	0.00978498	L012	GCF_000807565.1	f15dfe1c98849a43d5d3a3404dfb628b42718652f2cc63e706c191936ed60daf
771	asm-v1-9c6a252bffe623f0917e8be1	GCF_016123895.1	GCF_016123895.1	exact_assembly_revision:GCF_016123895.1	EX0771	ND0765	GCF_016123895.1	0	AMBIGUOUS_UNROOTED_BACKBONE_OR_UNSUPPORTED		ALTERNATIVE_PARTITIONS_RETAINED_NO_FORCED_CLADE	GCF_003323015.1	0.00565839	L016	GCF_000692515.1	fe8eb642a96c60d9804dc839db852956a301f23bf18a6f4bb459dd0cb1efd3d2
772	asm-v1-73422b1124a89e8e2b4f3097	GCF_003292385.1	GCF_003292385.1	exact_assembly_revision:GCF_003292385.1	EX0772	ND0766	GCF_003292385.1	0	AMBIGUOUS_UNROOTED_BACKBONE_OR_UNSUPPORTED		ALTERNATIVE_PARTITIONS_RETAINED_NO_FORCED_CLADE	GCF_009910875.1	0.00359284	L011	GCF_009910875.1	0b74f9dbfc8a8b32c423c9f57729a2614881704f5766345dfc2097b1f5b216fb
773	asm-v1-f8f91de9c213ac0be4e302ee	GCF_000460515.1	GCF_000460515.1	exact_assembly_revision:GCF_000460515.1	EX0773	ND0767	GCF_000460515.1	0	SUPPORTED_FIXED	HC007	MASH_PARAMETER_AND_SEED_STABLE_SPLIT	GCF_000457675.1	0.00231212	L012	GCF_000807565.1	bef43f91b72deeea17cab57c6a7284d4582980f515c788ec6a9434aa06941aac
774	asm-v1-3083bc5eaa67de0789db4055	GCF_001677715.2	GCF_001677715.2	exact_assembly_revision:GCF_001677715.2	EX0774	ND0768	GCF_001677715.2	0	SUPPORTED_FIXED	HC002	MASH_PARAMETER_AND_SEED_STABLE_SPLIT	GCF_015699215.1	0.000626416	L008	GCF_002806795.1	bddc8decfe8b59f95ebcc35ff8b9818f98097e839c61935c7ccd88f93b37a252
775	asm-v1-5dc9545f8806a7a0aaf1d17b	GCF_020406195.1	GCF_020406195.1	exact_assembly_revision:GCF_020406195.1	EX0775	ND0769	GCF_020406195.1	0	AMBIGUOUS_UNROOTED_BACKBONE_OR_UNSUPPORTED		ALTERNATIVE_PARTITIONS_RETAINED_NO_FORCED_CLADE	GCF_015690315.1	0.0017433	L010	GCF_003317605.1	196de6a1df2d8df0b47c15a1725d4366318362c99bb8f048e1cd6bd0cb1e24f5
776	asm-v1-756fe5f0d8494654c0a6792c	GCF_002166175.1	GCF_002166175.1	exact_assembly_revision:GCF_002166175.1	EX0776	ND0770	GCF_002166175.1	0	AMBIGUOUS_UNROOTED_BACKBONE_OR_UNSUPPORTED		ALTERNATIVE_PARTITIONS_RETAINED_NO_FORCED_CLADE	GCF_001052125.1	0.000916203	L012	GCF_000807565.1	6539be2fef0332c33ce23e5966abc37e4460d580283b95836ed5160939856a67
777	asm-v1-b9734a8217ac9bbab13b78e5	GCF_009910875.1	GCF_009910875.1	exact_assembly_revision:GCF_009910875.1	EX0777	ND0771	GCF_009910875.1	0	AMBIGUOUS_UNROOTED_BACKBONE_OR_UNSUPPORTED		ALTERNATIVE_PARTITIONS_RETAINED_NO_FORCED_CLADE	GCF_006233045.1	0.00178842	L011	GCF_009910875.1	570395d28552f9de2828766faf319498dbdf2490e7cfd5e09528b9c133db373a
778	asm-v1-e62a39534c1f91086c09e749	GCF_020089635.1	GCF_020089635.1	exact_assembly_revision:GCF_020089635.1	EX0778	ND0772	GCF_020089635.1	0	AMBIGUOUS_UNROOTED_BACKBONE_OR_UNSUPPORTED		ALTERNATIVE_PARTITIONS_RETAINED_NO_FORCED_CLADE	GCF_018444425.1	0.00377101	L003	GCF_013391275.1	417b0b1eb37ab914cd28570f10ff7f9e4da571f12d7e6da2894c43ed02cb7794
779	asm-v1-5fb89bac9d13023d8befdf6f	GCF_000478705.1	GCF_000478705.1	exact_assembly_revision:GCF_000478705.1	EX0779	ND0773	GCF_000478705.1	0	SUPPORTED_FIXED	HC001	MASH_PARAMETER_AND_SEED_STABLE_SPLIT	GCF_002156825.1	0.00027377	L003	GCF_013391275.1	75c5cf933a7dd03d3f90063648ae9fdeed6ec61e2a8a6573d5d601cc7a201877
780	asm-v1-d1df14e414a59fd755fc562e	GCF_002459605.1	GCF_002459605.1	exact_assembly_revision:GCF_002459605.1	EX0780	ND0774	GCF_002459605.1	0	AMBIGUOUS_UNROOTED_BACKBONE_OR_UNSUPPORTED		ALTERNATIVE_PARTITIONS_RETAINED_NO_FORCED_CLADE	GCF_904810115.1	0.0124935	L012	GCF_000807565.1	7d3995c8e46339bea8ccafc4095f101389bd3124065890d4dee0e29360ecf26b
781	asm-v1-62e2be3b53dc9df3d6eade76	GCF_907177255.1	GCF_907177255.1	exact_assembly_revision:GCF_907177255.1	EX0781	ND0775	GCF_907177255.1	0	SUPPORTED_FIXED	HC005	MASH_PARAMETER_AND_SEED_STABLE_SPLIT	GCF_002011985.1	0.00627198	L009	GCF_001520375.1	6cfaf1e30e116ca34eabec2a7dfeaff75bb7348971a6f62a5b5813ecb8d56810
782	asm-v1-cfe94a7736353c54e0c8f9cd	GCF_003254065.1	GCF_003254065.1	exact_assembly_revision:GCF_003254065.1	EX0782	ND0776	GCF_003254065.1	0	AMBIGUOUS_UNROOTED_BACKBONE_OR_UNSUPPORTED		ALTERNATIVE_PARTITIONS_RETAINED_NO_FORCED_CLADE	GCF_018682575.1	0.00252735	L003	GCF_013391275.1	0c578f2e9bde8b0e2c3c3c68a3a28acc9004557e7cbefb677e4451f5c99773a1
783	asm-v1-4574b5f0b69c6a989221631a	GCF_000714105.1	GCF_000714105.1	exact_assembly_revision:GCF_000714105.1	EX0783	ND0777	GCF_000714105.1	0	AMBIGUOUS_UNROOTED_BACKBONE_OR_UNSUPPORTED		ALTERNATIVE_PARTITIONS_RETAINED_NO_FORCED_CLADE	GCF_002225785.1	0.00454585	L003	GCF_013391275.1	6534a5cebc6e089dc636af79e6df44f578a419d3ec081222bfb1faae96e8ce5f
784	asm-v1-1de79bf04978ca6a3006b10c	GCF_003361825.1	GCF_003361825.1	exact_assembly_revision:GCF_003361825.1	EX0784	ND0778	GCF_003361825.1	0	SUPPORTED_FIXED	HC002	MASH_PARAMETER_AND_SEED_STABLE_SPLIT	GCF_002195625.1	0.000378266	L008	GCF_002806795.1	229b2818ab300de9830115d74d55111798457c6a3f9b5b95e79fec03007747cf
785	asm-v1-16a825dd3150ced528d2f87d	GCF_002225535.1	GCF_002225535.1	exact_assembly_revision:GCF_002225535.1	EX0785	ND0779	GCF_002225535.1	0	AMBIGUOUS_UNROOTED_BACKBONE_OR_UNSUPPORTED		ALTERNATIVE_PARTITIONS_RETAINED_NO_FORCED_CLADE	GCF_003321715.1	0.00389981	L003	GCF_013391275.1	d317e2d58fc34a685dd7782571eec31e3a5b21cabdb0fb2fe652f3b97b43251c
786	asm-v1-9020380d63d39b9158ab10ce	GCF_004005115.1	GCF_004005115.1	exact_assembly_revision:GCF_004005115.1	EX0786	ND0780	GCF_004005115.1	0	AMBIGUOUS_UNROOTED_BACKBONE_OR_UNSUPPORTED		ALTERNATIVE_PARTITIONS_RETAINED_NO_FORCED_CLADE	GCF_002534995.1	0.015331	L015	GCF_900479345.1	c8fd9fd33e225aa62da517cb107c4cece6a03a58750e1d79c87f69a521774bb5
787	asm-v1-9264dbf8a9d9b9ab3f293891	GCF_020168175.1	GCF_020168175.1	exact_assembly_revision:GCF_020168175.1	EX0787	ND0781	GCF_020168175.1	0	AMBIGUOUS_UNROOTED_BACKBONE_OR_UNSUPPORTED		ALTERNATIVE_PARTITIONS_RETAINED_NO_FORCED_CLADE	GCF_011077775.1	0.00361945	L004	GCF_015163255.1	148bf55ecfe7f90d01ed4d194a186762fb70427ce3e0d82fc6d12e4a0e4e7483
788	asm-v1-60ffa67025946c15b67e5725	GCF_900478865.1	GCF_900478865.1	exact_assembly_revision:GCF_900478865.1	EX0788	ND0782	GCF_900478865.1	0	AMBIGUOUS_UNROOTED_BACKBONE_OR_UNSUPPORTED		ALTERNATIVE_PARTITIONS_RETAINED_NO_FORCED_CLADE	GCF_001749385.1	0.00684985	L003	GCF_013391275.1	0d5f7660c01037bc8f13c5ade15b7397a7e513b5a6529e875d2dab208dfc85d1
789	asm-v1-f6009f008a567d9ebf3ffc2f	GCF_006230745.1	GCF_006230745.1	exact_assembly_revision:GCF_006230745.1	EX0789	ND0783	GCF_006230745.1	0	AMBIGUOUS_UNROOTED_BACKBONE_OR_UNSUPPORTED		ALTERNATIVE_PARTITIONS_RETAINED_NO_FORCED_CLADE	GCF_006229985.1	0.000559703	L004	GCF_015163255.1	a74c78765988cac0f6092a66be2999f95c0b8464d6b4d6f4971afbcd906a35d7
790	asm-v1-c00d7a11c931a0654e568d45	GCF_002270225.1	GCF_002270225.1	exact_assembly_revision:GCF_002270225.1	EX0790	ND0784	GCF_002270225.1	0	AMBIGUOUS_UNROOTED_BACKBONE_OR_UNSUPPORTED		ALTERNATIVE_PARTITIONS_RETAINED_NO_FORCED_CLADE	GCF_016123575.1	0.00238907	L003	GCF_013391275.1	61c2061280088d7350f30fc134de623848b46baa6f76dc50c9be5feac86a2618
791	asm-v1-11ca1f3dc1900b65fd1ba6fe	GCF_019890835.1	GCF_019890835.1	exact_assembly_revision:GCF_019890835.1	EX0791	ND0785	GCF_019890835.1	0	AMBIGUOUS_UNROOTED_BACKBONE_OR_UNSUPPORTED		ALTERNATIVE_PARTITIONS_RETAINED_NO_FORCED_CLADE	GCF_003886735.1	0.015681	L006	GCF_002534845.1	f3e137b58dfd67343a3b81d630e33b76b0812f895c6eafe4bedd7550e2183d92
792	asm-v1-2e0025562fe89c67e9de5f3a	GCF_003357405.1	GCF_003357405.1	exact_assembly_revision:GCF_003357405.1	EX0792	ND0786	GCF_003357405.1	0	SUPPORTED_FIXED	HC001	MASH_PARAMETER_AND_SEED_STABLE_SPLIT	GCF_000781435.1	0.00382481	L003	GCF_013391275.1	8738fa7e22ae80d3446cfb3a46ad0e566cc93f68b668580513013da17d76019f
793	asm-v1-53640257422afba084e1c6c2	GCF_907177115.1	GCF_907177115.1	exact_assembly_revision:GCF_907177115.1	EX0793	ND0787	GCF_907177115.1	0	SUPPORTED_FIXED	HC005	MASH_PARAMETER_AND_SEED_STABLE_SPLIT	GCF_008041205.1,GCF_000459215.1	0.00282994	L009	GCF_001520375.1	6f901ac0d4e67358e1d7aecf27d5f1ea364fb093fda786ff55734e6da8995b0b
794	asm-v1-e7955dfc09a96b64fcd22781	GCF_902859095.1	GCF_902859095.1	exact_assembly_revision:GCF_902859095.1	EX0794	ND0788	GCF_902859095.1	0	AMBIGUOUS_UNROOTED_BACKBONE_OR_UNSUPPORTED		ALTERNATIVE_PARTITIONS_RETAINED_NO_FORCED_CLADE	GCF_902859275.1	0.000150712	L012	GCF_000807565.1	1e0d3ec0affab96e99fce603e356acc7fa8ecc356efea8bbed95d6fc8db6e688
795	asm-v1-5b258feaa85905179c568dd2	GCF_016786005.1	GCF_016786005.1	exact_assembly_revision:GCF_016786005.1	EX0795	ND0789	GCF_016786005.1	0	AMBIGUOUS_UNROOTED_BACKBONE_OR_UNSUPPORTED		ALTERNATIVE_PARTITIONS_RETAINED_NO_FORCED_CLADE	GCF_020089695.1	0.00329408	L004	GCF_015163255.1	f668a37c8e50614cf90769723b9ee8a7f0e28b9ee24ffb42634df9be7a879c8c
796	asm-v1-3a7da4e11254376e227a9414	GCF_002080685.1	GCF_002080685.1	exact_assembly_revision:GCF_002080685.1	EX0796	ND0790	GCF_002080685.1	0	AMBIGUOUS_UNROOTED_BACKBONE_OR_UNSUPPORTED		ALTERNATIVE_PARTITIONS_RETAINED_NO_FORCED_CLADE	GCF_000779055.1	0.00164552	L012	GCF_000807565.1	93f5b7a68d162c44318a0fc2c51e8813a23529336f48c00de4034a69d7f18c0a
797	asm-v1-8b9251c34dc080f1a54db717	GCF_017163055.1	GCF_017163055.1	exact_assembly_revision:GCF_017163055.1	EX0797	ND0791	GCF_017163055.1	0	AMBIGUOUS_UNROOTED_BACKBONE_OR_UNSUPPORTED		ALTERNATIVE_PARTITIONS_RETAINED_NO_FORCED_CLADE	GCF_008373355.1	0.00246637	L003	GCF_013391275.1	7937dcb83a94edbc0341d78b603e894e08d5fd4c0b2e660ae282fcf8e46a4f57
798	asm-v1-aa703c4b7922b50dc8ab02ea	GCF_002535165.1	GCF_002535165.1	exact_assembly_revision:GCF_002535165.1	EX0798	ND0792	GCF_002535165.1	0	AMBIGUOUS_UNROOTED_BACKBONE_OR_UNSUPPORTED		ALTERNATIVE_PARTITIONS_RETAINED_NO_FORCED_CLADE	GCF_017595115.1	0.004889	L013	GCF_900481955.1	91513f08220383b13573331fb1cda063ae1ac3e800a19dfba09104530d544160
799	asm-v1-844ec8269c583b6648ef09ed	GCF_000776795.1	GCF_000776795.1	exact_assembly_revision:GCF_000776795.1	EX0799	ND0793	GCF_000776795.1	0	SUPPORTED_FIXED	HC007	MASH_PARAMETER_AND_SEED_STABLE_SPLIT	GCF_008388575.1	0.00260529	L012	GCF_000807565.1	222ac5cf32da051760992009d54ea100c903bc1371305237dbb809da2f2d6be3
800	asm-v1-57c631b3c070a3338b0d2bda	GCF_004766845.1	GCF_004766845.1	exact_assembly_revision:GCF_004766845.1	EX0800	ND0794	GCF_004766845.1	0	SUPPORTED_FIXED	HC002	MASH_PARAMETER_AND_SEED_STABLE_SPLIT	GCF_009627495.1	0.000680979	L008	GCF_002806795.1	70f554b61d20ba4cd726f6c473c187441b47a27885036f52cec9d58c9fd2173c
801	asm-v1-298f4449330b8f3fcc91570b	GCF_907175365.1	GCF_907175365.1	exact_assembly_revision:GCF_907175365.1	EX0801	ND0795	GCF_907175365.1	0	AMBIGUOUS_UNROOTED_BACKBONE_OR_UNSUPPORTED		ALTERNATIVE_PARTITIONS_RETAINED_NO_FORCED_CLADE	GCF_000408365.1	0.00627541	L003	GCF_013391275.1	4b3c849ae9e6166596af4797b22b29800fd7a0f7882f836f1fe5948fe6c652a2
802	asm-v1-8044142e8e1537fcccd9b511	GCF_002289475.1	GCF_002289475.1	exact_assembly_revision:GCF_002289475.1	EX0802	ND0796	GCF_002289475.1	0	AMBIGUOUS_UNROOTED_BACKBONE_OR_UNSUPPORTED		ALTERNATIVE_PARTITIONS_RETAINED_NO_FORCED_CLADE	GCF_002196475.1	0.0136199	L014	GCF_009880335.1	578d83778cf5c75ab69c35cbe3dc5490675c8b741fde85153b3834b10750d093
803	asm-v1-39bf8358784a849339ebc923	GCF_013359015.1	GCF_013359015.1	exact_assembly_revision:GCF_013359015.1	EX0803	ND0797	GCF_013359015.1	0	AMBIGUOUS_UNROOTED_BACKBONE_OR_UNSUPPORTED		ALTERNATIVE_PARTITIONS_RETAINED_NO_FORCED_CLADE	GCF_921293405.1	0.00137373	L003	GCF_013391275.1	31dc87b25354cdbe0c213153729949ca1377e6489eb238ea4d0f8ce7b3a182b6
804	asm-v1-61a7ddc67059a00f6cc8df12	GCF_002834415.1	GCF_002834415.1	exact_assembly_revision:GCF_002834415.1	EX0804	ND0798	GCF_002834415.1	0	SUPPORTED_FIXED	HC001	MASH_PARAMETER_AND_SEED_STABLE_SPLIT	GCF_001571915.1	0.00028831	L003	GCF_013391275.1	b59f5b9c87f730a378be2d8172a86bb4b7349fcb143f48b9a6db302e48cf80a0
805	asm-v1-375a81115be3fefee4ab6ed0	GCF_020733985.1	GCF_020733985.1	exact_assembly_revision:GCF_020733985.1	EX0805	ND0799	GCF_020733985.1	0	SUPPORTED_FIXED	HC001	MASH_PARAMETER_AND_SEED_STABLE_SPLIT	GCF_900480895.1	0.00588862	L003	GCF_013391275.1	e5c1b02b34143779c89634c8493e4d0cd5ae999fef16f678d066ef5ce4d9829c
806	asm-v1-e0f8a720fd2ee80052678fbd	GCF_013073585.1	GCF_013073585.1	exact_assembly_revision:GCF_013073585.1	EX0806	ND0800	GCF_013073585.1	0	AMBIGUOUS_UNROOTED_BACKBONE_OR_UNSUPPORTED		ALTERNATIVE_PARTITIONS_RETAINED_NO_FORCED_CLADE	GCF_009899475.1	0.00751546	L001	GCF_009899475.1	cbfcc4a5597b7fb814b68809de43a7378bbe0a9352cf3776184635d73987c62c
807	asm-v1-eca407b34813ca1f7d3bf2cb	GCF_900481145.1	GCF_900481145.1	exact_assembly_revision:GCF_900481145.1	EX0807	ND0801	GCF_900481145.1	0	SUPPORTED_FIXED	HC003	MASH_PARAMETER_AND_SEED_STABLE_SPLIT	GCF_900480975.1	0.000300437	L003	GCF_013391275.1	31e5285cdcf1407a131bbec9d9469723a7119c7d7b2c72a31031eda4714327ed
808	asm-v1-de42bea8a08b6d60826480f4	GCF_002972045.1	GCF_002972045.1	exact_assembly_revision:GCF_002972045.1	EX0808	ND0802	GCF_002972045.1	0	AMBIGUOUS_UNROOTED_BACKBONE_OR_UNSUPPORTED		ALTERNATIVE_PARTITIONS_RETAINED_NO_FORCED_CLADE	GCF_002973095.1	0.00198626	L012	GCF_000807565.1	6a2dbc6aef63b171a185529303dd87c387c9594b293c51a8cca07c1086856b6a
809	asm-v1-2b6402e82aa227226e4bfbf2	GCF_002326825.1	GCF_002326825.1	exact_assembly_revision:GCF_002326825.1	EX0809	ND0803	GCF_002326825.1	0	AMBIGUOUS_UNROOTED_BACKBONE_OR_UNSUPPORTED		ALTERNATIVE_PARTITIONS_RETAINED_NO_FORCED_CLADE	GCF_002849195.1	0.0109702	L003	GCF_013391275.1	252d6c7769628a6b45c28eb11c3126aa7badc7171a5068a3f51ac145bff819c2
810	asm-v1-f891911ef7a248166c90ab2d	GCF_013421875.1	GCF_013421875.1	exact_assembly_revision:GCF_013421875.1	EX0810	ND0804	GCF_013421875.1	0	AMBIGUOUS_UNROOTED_BACKBONE_OR_UNSUPPORTED		ALTERNATIVE_PARTITIONS_RETAINED_NO_FORCED_CLADE	GCF_004797745.1	0.00152214	L008	GCF_002806795.1	1dc11b67dc4d8bc47e9ac36bcf24bc02e9ec323f8953dff0e6945c1c967d4b5e
811	asm-v1-261620c39e53508889f54a6f	GCF_900449435.1	GCF_900449435.1	exact_assembly_revision:GCF_900449435.1	EX0811	ND0805	GCF_900449435.1	0	AMBIGUOUS_UNROOTED_BACKBONE_OR_UNSUPPORTED		ALTERNATIVE_PARTITIONS_RETAINED_NO_FORCED_CLADE	GCF_013183745.1	0.0107577	L003	GCF_013391275.1	6a34413ab7130e68f28278bfd712ef2f53792eebdea8dd33a3f9cbfe7b31f2f2
812	asm-v1-65398343291cc1d241de9ef1	GCF_000459475.1	GCF_000459475.1	exact_assembly_revision:GCF_000459475.1	EX0812	ND0806	GCF_000459475.1	0	SUPPORTED_FIXED	HC005	MASH_PARAMETER_AND_SEED_STABLE_SPLIT	GCF_008041205.1	0.00154832	L009	GCF_001520375.1	e1917c8ae52aeac360c032349ae9f7d50dd3dcc95c59906565caf878f789f175
813	asm-v1-20c926e7fd0a3f88880b9c33	GCF_013030595.1	GCF_013030595.1	exact_assembly_revision:GCF_013030595.1	EX0813	ND0807	GCF_013030595.1	0	AMBIGUOUS_UNROOTED_BACKBONE_OR_UNSUPPORTED		ALTERNATIVE_PARTITIONS_RETAINED_NO_FORCED_CLADE	GCF_003302995.1,GCF_000457285.1	0.00435665	L010	GCF_003317605.1	e62ae44fd7547858f10fa9259d4db09ad8b2beb3385d84cc417295d49c2d1470
814	asm-v1-30ddb9a3c86a38b12d02df0c	GCF_002486725.1	GCF_002486725.1	exact_assembly_revision:GCF_002486725.1	EX0814	ND0112	GCF_002486525.1	1.66754e-05	SUPPORTED_FIXED	HC002	MASH_PARAMETER_AND_SEED_STABLE_SPLIT	GCF_002486525.1	1.66754e-05	L008	GCF_002806795.1	fca2851b45daa426006e8fe66df6a8d1c6e9465eddf825c8daf5c77a703643ac
815	asm-v1-92154efb54aaa36d0debe120	GCF_006236395.1	GCF_006236395.1	exact_assembly_revision:GCF_006236395.1	EX0815	ND0808	GCF_006236395.1	0	AMBIGUOUS_UNROOTED_BACKBONE_OR_UNSUPPORTED		ALTERNATIVE_PARTITIONS_RETAINED_NO_FORCED_CLADE	GCF_006237175.1	0.000636323	L010	GCF_003317605.1	def08252e8867950a5a1f606b038ad238247dc78a309b95a1704d07fd3446d55
816	asm-v1-d486fdc5400e3c5a5ecb2445	GCF_008632595.1	GCF_008632595.1	exact_assembly_revision:GCF_008632595.1	EX0816	ND0809	GCF_008632595.1	0	SUPPORTED_FIXED	HC004	MASH_PARAMETER_AND_SEED_STABLE_SPLIT	GCF_001561835.1	0.00428891	L012	GCF_000807565.1	8cb5e83c0e0cfb56a11ce60eeec8b5992019d59be147a8d33cf2fe86c063e689
817	asm-v1-c793d0950ff7e4a14c8c1e33	GCF_019957335.1	GCF_019957335.1	exact_assembly_revision:GCF_019957335.1	EX0817	ND0810	GCF_019957335.1	0	SUPPORTED_FIXED	HC001	MASH_PARAMETER_AND_SEED_STABLE_SPLIT	GCF_015690155.1	0.00361058	L003	GCF_013391275.1	103b04dee5691ea0f35dee47ba8d91e43dcbca36ee34768fc814aaa25bc8051b
818	asm-v1-c98bf652f2d66082317f00f8	GCF_002769635.1	GCF_002769635.1	exact_assembly_revision:GCF_002769635.1	EX0818	ND0811	GCF_002769635.1	0	SUPPORTED_FIXED	HC001	MASH_PARAMETER_AND_SEED_STABLE_SPLIT	GCF_002764815.1	0.00134525	L003	GCF_013391275.1	be60a98c7a90c16304984da2aef7563f1f099f10a1a30adbd90a20352508fecc
819	asm-v1-c02a0a247455e67c00904aee	GCF_002134725.1	GCF_002134725.1	exact_assembly_revision:GCF_002134725.1	EX0819	ND0812	GCF_002134725.1	0	AMBIGUOUS_UNROOTED_BACKBONE_OR_UNSUPPORTED		ALTERNATIVE_PARTITIONS_RETAINED_NO_FORCED_CLADE	GCF_017118895.1	0.012772	L012	GCF_000807565.1	c03193f26c24aa86e949badbf327d942813a70ed232ab9225aa0319d842a0c1d
820	asm-v1-45b2dfcdfaccdea3d042d4c4	GCF_904810115.1	GCF_904810115.1	exact_assembly_revision:GCF_904810115.1	EX0820	ND0813	GCF_904810115.1	0	AMBIGUOUS_UNROOTED_BACKBONE_OR_UNSUPPORTED		ALTERNATIVE_PARTITIONS_RETAINED_NO_FORCED_CLADE	GCF_002459605.1	0.0124935	L012	GCF_000807565.1	6b39e739f7f95b03583b8c06d80d53aace1d7ae8aa47d3b7be79b5fcd9dd0d4c
821	asm-v1-47318e517b6eb51929f1f27c	GCF_000357045.2	GCF_000357045.2	exact_assembly_revision:GCF_000357045.2	EX0821	ND0814	GCF_000357045.2	0	SUPPORTED_FIXED	HC001	MASH_PARAMETER_AND_SEED_STABLE_SPLIT	GCF_000357005.2	0.000461375	L003	GCF_013391275.1	a1addc4b5882d8734492dda897ba8ec6efc0ef8fa61414d7c35aa1a9cbf32217
822	asm-v1-3fdd19fc01687368ee71dfc1	GCF_002156825.1	GCF_002156825.1	exact_assembly_revision:GCF_002156825.1	EX0822	ND0815	GCF_002156825.1	0	SUPPORTED_FIXED	HC001	MASH_PARAMETER_AND_SEED_STABLE_SPLIT	GCF_000478705.1	0.00027377	L003	GCF_013391275.1	aca174d3effee15df37b68e61987ed73e113d97dcea66412f8114da01b9a46d4
823	asm-v1-fe65d93f879959cbbcbe1e1c	GCF_002326945.1	GCF_002326945.1	exact_assembly_revision:GCF_002326945.1	EX0823	ND0816	GCF_002326945.1	0	SUPPORTED_FIXED	HC001	MASH_PARAMETER_AND_SEED_STABLE_SPLIT	GCF_005398085.1	0.00474023	L003	GCF_013391275.1	7c32eb8595e9abb375967504c23d46d182de15e36bcafd965e9fce7e75b0854b
824	asm-v1-7f3a719a429c83c6ded947e2	GCF_019052205.1	GCF_019052205.1	exact_assembly_revision:GCF_019052205.1	EX0824	ND0817	GCF_019052205.1	0	SUPPORTED_FIXED	HC001	MASH_PARAMETER_AND_SEED_STABLE_SPLIT	GCF_019051315.1	0.000276192	L003	GCF_013391275.1	acdee21eff0fba47e187101f5f48d506d30b630d1b701876911f3c416213e424
825	asm-v1-04c4adc66a93aad5e35df889	GCF_005400245.1	GCF_005400245.1	exact_assembly_revision:GCF_005400245.1	EX0825	ND0818	GCF_005400245.1	0	AMBIGUOUS_UNROOTED_BACKBONE_OR_UNSUPPORTED		ALTERNATIVE_PARTITIONS_RETAINED_NO_FORCED_CLADE	GCF_001058555.1	0.00548677	L006	GCF_002534845.1	4eca962fb9d7940fded7be95d6de44eabe5f7ebcb4bb5a6914dfe8342e9d3291
826	asm-v1-1c5b38a5361a87c45adc3a5c	GCF_003255185.1	GCF_003255185.1	exact_assembly_revision:GCF_003255185.1	EX0826	ND0819	GCF_003255185.1	0	SUPPORTED_FIXED	HC001	MASH_PARAMETER_AND_SEED_STABLE_SPLIT	GCF_003113075.1	0.00029316	L003	GCF_013391275.1	a7ceb1754a7e9846b191911bac89fdac14c34eb9736de1a0bc42546c4098b972
827	asm-v1-2a7b2ad12bcae15e412a472d	GCF_003388435.1	GCF_003388435.1	exact_assembly_revision:GCF_003388435.1	EX0827	ND0820	GCF_003388435.1	0	AMBIGUOUS_UNROOTED_BACKBONE_OR_UNSUPPORTED		ALTERNATIVE_PARTITIONS_RETAINED_NO_FORCED_CLADE	GCF_003317105.1	0.00207254	L003	GCF_013391275.1	5ffcd3f9ce7006b679b894d50da652853dcdea5b4bde9fac33b6923b25ca8606
828	asm-v1-b0a24bfd651ed688480d03fb	GCF_020669255.1	GCF_020669255.1	exact_assembly_revision:GCF_020669255.1	EX0828	ND0821	GCF_020669255.1	0	SUPPORTED_FIXED	HC001	MASH_PARAMETER_AND_SEED_STABLE_SPLIT	GCF_009789835.1	0.00824686	L003	GCF_013391275.1	9695191bf7a144e8d9d836ce1cb53f73002f9da5669be6adbbbe3c1de6680cd7
829	asm-v1-91443ce7112b5170b9ff8c06	GCF_000780075.1	GCF_000780075.1	exact_assembly_revision:GCF_000780075.1	EX0829	ND0822	GCF_000780075.1	0	SUPPORTED_FIXED	HC001	MASH_PARAMETER_AND_SEED_STABLE_SPLIT	GCF_001900815.1	0.0046773	L003	GCF_013391275.1	06ce0bf37ba1034d1a540b2e03fbeb34e5e43b7e22570c197214e0ebe7b34193
830	asm-v1-4157f29aaed896e821d187bb	GCF_018682575.1	GCF_018682575.1	exact_assembly_revision:GCF_018682575.1	EX0830	ND0823	GCF_018682575.1	0	AMBIGUOUS_UNROOTED_BACKBONE_OR_UNSUPPORTED		ALTERNATIVE_PARTITIONS_RETAINED_NO_FORCED_CLADE	GCF_003254065.1	0.00252735	L003	GCF_013391275.1	dd158a727ccd874364dcd88ea9331d1e11f5dff16864f4e7878007577fe24992
831	asm-v1-5608dbdf1ab4cdf2f35ea0b8	GCF_013030845.1	GCF_013030845.1	exact_assembly_revision:GCF_013030845.1	EX0831	ND0824	GCF_013030845.1	0	AMBIGUOUS_UNROOTED_BACKBONE_OR_UNSUPPORTED		ALTERNATIVE_PARTITIONS_RETAINED_NO_FORCED_CLADE	GCF_004566835.1	0.00142306	L010	GCF_003317605.1	b884ea17101c7beea9b0d18cb5b8cd4671521dfeb604d0837baec6d9728fd9d2
832	asm-v1-11057576299cc9ad88cfef99	GCF_015644135.1	GCF_015644135.1	exact_assembly_revision:GCF_015644135.1	EX0832	ND0825	GCF_015644135.1	0	AMBIGUOUS_UNROOTED_BACKBONE_OR_UNSUPPORTED		ALTERNATIVE_PARTITIONS_RETAINED_NO_FORCED_CLADE	GCF_008373355.1	0.00368764	L003	GCF_013391275.1	b299375e82cb6777d898acf31a7dbdda7eaffe9634bfa318646a8b71a902cda3
833	asm-v1-6207799f9e131e1ba7fc22ee	GCF_001749385.1	GCF_001749385.1	exact_assembly_revision:GCF_001749385.1	EX0833	ND0826	GCF_001749385.1	0	AMBIGUOUS_UNROOTED_BACKBONE_OR_UNSUPPORTED		ALTERNATIVE_PARTITIONS_RETAINED_NO_FORCED_CLADE	GCF_004767475.1	0.00442466	L003	GCF_013391275.1	13b05b78915303ed60a0a090bc366c2f6f729e8604954873c8bec77713be28d0
834	asm-v1-179182a411ffcbf03659a834	GCF_006350645.1	GCF_006350645.1	exact_assembly_revision:GCF_006350645.1	EX0834	ND0827	GCF_006350645.1	0	SUPPORTED_FIXED	HC001	MASH_PARAMETER_AND_SEED_STABLE_SPLIT	GCF_006351505.1	0.00535584	L003	GCF_013391275.1	0d1734de132b36b20a58585e6fbe5e26ba483a2eb45a60cad970ce5425e3215c
835	asm-v1-3d9851a17c5f46bf53d94db9	GCF_003418805.1	GCF_003418805.1	exact_assembly_revision:GCF_003418805.1	EX0835	ND0828	GCF_003418805.1	0	SUPPORTED_FIXED	HC001	MASH_PARAMETER_AND_SEED_STABLE_SPLIT	GCF_002209105.2	0.000913683	L003	GCF_013391275.1	6c22dcd4a0b3e81474082ea5b420bcad71898c962068b7a52a2fedd2e7be2515
836	asm-v1-70459fc0ba198f8147ae3960	GCF_019879785.1	GCF_019879785.1	exact_assembly_revision:GCF_019879785.1	EX0836	ND0829	GCF_019879785.1	0	AMBIGUOUS_UNROOTED_BACKBONE_OR_UNSUPPORTED		ALTERNATIVE_PARTITIONS_RETAINED_NO_FORCED_CLADE	GCF_019879965.1	0.00727893	L003	GCF_013391275.1	59dbeed721e43e40baec93d3ac4661d7ab0a77be63f3e1779486f15530283198
837	asm-v1-0dbcc2f4d506851ca714058f	GCF_002941545.1	GCF_002941545.1	exact_assembly_revision:GCF_002941545.1	EX0837	ND0830	GCF_002941545.1	0	AMBIGUOUS_UNROOTED_BACKBONE_OR_UNSUPPORTED		ALTERNATIVE_PARTITIONS_RETAINED_NO_FORCED_CLADE	GCF_009393475.1	0.00838426	L003	GCF_013391275.1	4c7186d9054350a81a0293e090e904cad3141cdaba8b360435237f23830e4a6b
838	asm-v1-5f6cfc2f7416f31dd6b5d045	GCF_018683535.1	GCF_018683535.1	exact_assembly_revision:GCF_018683535.1	EX0838	ND0831	GCF_018683535.1	0	AMBIGUOUS_UNROOTED_BACKBONE_OR_UNSUPPORTED		ALTERNATIVE_PARTITIONS_RETAINED_NO_FORCED_CLADE	GCF_018683735.1	0.0028809	L014	GCF_009880335.1	3de3c6920c61aeb7a8f37fc07a1da5ae3040571114b1b3bc92993e9256c2c04b
839	asm-v1-351fb700c532e153098f5687	GCF_000493595.2	GCF_000493595.2	exact_assembly_revision:GCF_000493595.2	EX0839	ND0832	GCF_000493595.2	0	SUPPORTED_FIXED	HC004	MASH_PARAMETER_AND_SEED_STABLE_SPLIT	GCF_002911265.1	0.00216742	L012	GCF_000807565.1	ac0295d34455652809b2ee408a83043c81bf161fc93aa13d76c820a5845074eb
840	asm-v1-eb40c5849e821a7c7e9536a4	GCF_005383085.1	GCF_005383085.1	exact_assembly_revision:GCF_005383085.1	EX0840	ND0833	GCF_005383085.1	0	AMBIGUOUS_UNROOTED_BACKBONE_OR_UNSUPPORTED		ALTERNATIVE_PARTITIONS_RETAINED_NO_FORCED_CLADE	GCF_005384385.1	0.00171947	L010	GCF_003317605.1	e8a6f293b42de4cf9e83b0293d0cbcdd136f00a129d28e7772bc648ca64bbc23
841	asm-v1-d827bf1c47a2c68cea69b720	GCF_020422295.1	GCF_020422295.1	exact_assembly_revision:GCF_020422295.1	EX0841	ND0834	GCF_020422295.1	0	AMBIGUOUS_UNROOTED_BACKBONE_OR_UNSUPPORTED		ALTERNATIVE_PARTITIONS_RETAINED_NO_FORCED_CLADE	GCF_002166175.1	0.0012395	L012	GCF_000807565.1	530e36f2c6604e0dfc2dc9e709264504d97e2a5b8c72e44b322325fcc3584c96
842	asm-v1-cc82f58571da1a2d261a6e15	GCF_009432915.1	GCF_009432915.1	exact_assembly_revision:GCF_009432915.1	EX0842	ND0835	GCF_009432915.1	0	SUPPORTED_FIXED	HC002	MASH_PARAMETER_AND_SEED_STABLE_SPLIT	GCF_003361825.1	0.000695891	L008	GCF_002806795.1	af8e5b583c9183428597f27a23b63de3952d41a6116798fd7f39ae34988fa075
843	asm-v1-13232da1af002dc81a290ca2	GCF_000335175.2	GCF_000335175.2	exact_assembly_revision:GCF_000335175.2	EX0843	ND0836	GCF_000335175.2	0	SUPPORTED_FIXED	HC002	MASH_PARAMETER_AND_SEED_STABLE_SPLIT	GCF_015699425.1	0.000997063	L008	GCF_002806795.1	93c1089399d54a59c91aba4e594753e6b456807a0789b3f7c742bc385427442c
844	asm-v1-e0989e61af8797965023692f	GCF_900478525.1	GCF_900478525.1	exact_assembly_revision:GCF_900478525.1	EX0844	ND0837	GCF_900478525.1	0	AMBIGUOUS_UNROOTED_BACKBONE_OR_UNSUPPORTED		ALTERNATIVE_PARTITIONS_RETAINED_NO_FORCED_CLADE	GCF_009395265.1	0.00769202	L003	GCF_013391275.1	b50d021d8f12164f520435a455fa59a69726e6957f23bb85a240350638e321cc
845	asm-v1-a3261a4eee0f6d07e67934b7	GCF_002487335.1	GCF_002487335.1	exact_assembly_revision:GCF_002487335.1	EX0845	ND0838	GCF_002487335.1	0	SUPPORTED_FIXED	HC001	MASH_PARAMETER_AND_SEED_STABLE_SPLIT	GCF_004767025.1	0.00364314	L003	GCF_013391275.1	e43309b8cfa764042eee9a492eea22c25d6b0710c2820eef76f0b88b07088678
846	asm-v1-846778e0baff449d27ff828b	GCF_020668455.1	GCF_020668455.1	exact_assembly_revision:GCF_020668455.1	EX0846	ND0839	GCF_020668455.1	0	AMBIGUOUS_UNROOTED_BACKBONE_OR_UNSUPPORTED		ALTERNATIVE_PARTITIONS_RETAINED_NO_FORCED_CLADE	GCF_009395265.1	0.00712047	L003	GCF_013391275.1	9d92b5b5a65f888bdf94695a4bf5c08cfec488e02fede774c3d29ce2948db0ba
847	asm-v1-306b6331ac6b5f035210f28b	GCF_018884065.1	GCF_018884065.1	exact_assembly_revision:GCF_018884065.1	EX0847	ND0840	GCF_018884065.1	0	SUPPORTED_FIXED	HC001	MASH_PARAMETER_AND_SEED_STABLE_SPLIT	GCF_020418355.1	0.00140487	L003	GCF_013391275.1	e6eab95529aa59317254c06fa4d83c566dc70c2ba33f5bddac4f09550f875d35
848	asm-v1-46e228829f6a36565a7458db	GCF_002520225.1	GCF_002520225.1	exact_assembly_revision:GCF_002520225.1	EX0848	ND0841	GCF_002520225.1	0	SUPPORTED_FIXED	HC001	MASH_PARAMETER_AND_SEED_STABLE_SPLIT	GCF_013391275.1	0.00738773	L003	GCF_013391275.1	7804f6278b8bce75ff7de44b78f96721fd47092c3c181db76ce7a8e2f9b04dfc
849	asm-v1-c3218f63814ef325fafa111f	GCF_000459575.1	GCF_000459575.1	exact_assembly_revision:GCF_000459575.1	EX0849	ND0842	GCF_000459575.1	0	AMBIGUOUS_UNROOTED_BACKBONE_OR_UNSUPPORTED		ALTERNATIVE_PARTITIONS_RETAINED_NO_FORCED_CLADE	GCF_009832985.1	0.00653086	L003	GCF_013391275.1	5c98aa943df9d49a4d46e4e6174acbedb49154637541f65cb385483e25c0ea6c
850	asm-v1-c02d55f52bfe47c878d62507	GCF_017639005.1	GCF_017639005.1	exact_assembly_revision:GCF_017639005.1	EX0850	ND0843	GCF_017639005.1	0	AMBIGUOUS_UNROOTED_BACKBONE_OR_UNSUPPORTED		ALTERNATIVE_PARTITIONS_RETAINED_NO_FORCED_CLADE	GCF_021109055.1	0.00347507	L011	GCF_009910875.1	e389296cf3a212cd505dfc1664e7895b5d8358d3a354f505ca2c67c11db4dbd3
851	asm-v1-c3de1e69b9fe7ad7677fe1bb	GCF_019148625.1	GCF_019148625.1	exact_assembly_revision:GCF_019148625.1	EX0851	ND0844	GCF_019148625.1	0	SUPPORTED_FIXED	HC001	MASH_PARAMETER_AND_SEED_STABLE_SPLIT	GCF_016761275.1	0.00284125	L003	GCF_013391275.1	912990de0b871767023a69ec6852d3be135ca2b2691e0bb5ab72e05496ca0f14
852	asm-v1-31f8e761cb88bee666dac2b9	GCF_002228615.1	GCF_002228615.1	exact_assembly_revision:GCF_002228615.1	EX0852	ND0845	GCF_002228615.1	0	AMBIGUOUS_UNROOTED_BACKBONE_OR_UNSUPPORTED		ALTERNATIVE_PARTITIONS_RETAINED_NO_FORCED_CLADE	GCF_009880525.1	0.0138985	L014	GCF_009880335.1	d0861ed28c307f9b3423761bc9abfef56f79938a63cca14e3a7688c922b1e4a6
853	asm-v1-9451f7113db3d44e69fb23eb	GCF_002286545.1	GCF_002286545.1	exact_assembly_revision:GCF_002286545.1	EX0853	ND0846	GCF_002286545.1	0	SUPPORTED_FIXED	HC002	MASH_PARAMETER_AND_SEED_STABLE_SPLIT	GCF_001677775.2	0.00121894	L008	GCF_002806795.1	329412b853f4c3bfcb026500c2800363f1faafb23e4e4c99cf74d21979953631
854	asm-v1-fa5c1be6619a11426762aec7	GCF_902505305.1	GCF_902505305.1	exact_assembly_revision:GCF_902505305.1	EX0854	ND0847	GCF_902505305.1	0	AMBIGUOUS_UNROOTED_BACKBONE_OR_UNSUPPORTED		ALTERNATIVE_PARTITIONS_RETAINED_NO_FORCED_CLADE	GCF_017118895.1	0.00689233	L012	GCF_000807565.1	27d65a752e61dc39b64d9b786c4d7b9a67abdb6c3d0946ed5f3334aef9e9080f
855	asm-v1-c092a5e40ced4f3b30d11101	GCF_006233325.1	GCF_006233325.1	exact_assembly_revision:GCF_006233325.1	EX0855	ND0848	GCF_006233325.1	0	AMBIGUOUS_UNROOTED_BACKBONE_OR_UNSUPPORTED		ALTERNATIVE_PARTITIONS_RETAINED_NO_FORCED_CLADE	GCF_006233045.1	0.00209147	L011	GCF_009910875.1	e77e61869bc7fe0c57fc24e95a2c07105d41a2c0b447d85a6e58fdd301fcb3a9
856	asm-v1-9c538b1015a2f2632c544d0d	GCF_005398765.1	GCF_005398765.1	exact_assembly_revision:GCF_005398765.1	EX0856	ND0849	GCF_005398765.1	0	SUPPORTED_FIXED	HC001	MASH_PARAMETER_AND_SEED_STABLE_SPLIT	GCF_005393525.1	0.00581824	L003	GCF_013391275.1	96f119155fbb1943582dcfebfd3a8154997cb79fcf4a36b12c7ad20bb7f3b4e7
857	asm-v1-89a1353e78d6c03c47da8caf	GCF_006237855.1	GCF_006237855.1	exact_assembly_revision:GCF_006237855.1	EX0857	ND0850	GCF_006237855.1	0	AMBIGUOUS_UNROOTED_BACKBONE_OR_UNSUPPORTED		ALTERNATIVE_PARTITIONS_RETAINED_NO_FORCED_CLADE	GCF_003317605.1	0.00152737	L010	GCF_003317605.1	23c7e99098c67bb44aee2c471d2c066702ee190ee6a7efdeb921db7835b819c7
858	asm-v1-eb02dde39541d0745120ed64	GCF_002229155.1	GCF_002229155.1	exact_assembly_revision:GCF_002229155.1	EX0858	ND0851	GCF_002229155.1	0	AMBIGUOUS_UNROOTED_BACKBONE_OR_UNSUPPORTED		ALTERNATIVE_PARTITIONS_RETAINED_NO_FORCED_CLADE	GCF_011404355.1	0.00401746	L003	GCF_013391275.1	5bfdbe28fa90df0b2cb65d819a11a0f0f6660aa0d582d8ede746f25bba9c8d33
859	asm-v1-059934a68facdc095d63cc28	GCF_013030915.1	GCF_013030915.1	exact_assembly_revision:GCF_013030915.1	EX0859	ND0852	GCF_013030915.1	0	SUPPORTED_FIXED	HC007	MASH_PARAMETER_AND_SEED_STABLE_SPLIT	GCF_000460915.1	0.00295762	L012	GCF_000807565.1	7779c84b314af830ccb98ab3449f7f94ef478d4850d99b989187a422ed5762ca
860	asm-v1-53f4e9b46318dc6a3253ff5d	GCF_000471305.1	GCF_000471305.1	exact_assembly_revision:GCF_000471305.1	EX0860	ND0853	GCF_000471305.1	0	SUPPORTED_FIXED	HC002	MASH_PARAMETER_AND_SEED_STABLE_SPLIT	GCF_000471085.2	0.000310145	L008	GCF_002806795.1	e33dc4f53ccff9af108cbd91f20e92eeeddc65957ff2a47bc13c7b25fe59a8b4
861	asm-v1-5e3eb1b6a30b4a6533162dd7	GCF_002547145.1	GCF_002547145.1	exact_assembly_revision:GCF_002547145.1	EX0861	ND0854	GCF_002547145.1	0	SUPPORTED_FIXED	HC001	MASH_PARAMETER_AND_SEED_STABLE_SPLIT	GCF_014170995.1	0.00402654	L003	GCF_013391275.1	d1867811d58c82768a4dc30d4176ae3a679066f0d364a7d661e472ef9683bf9b
862	asm-v1-69f6b9bfdbb33c17ffa99859	GCF_002181625.1	GCF_002181625.1	exact_assembly_revision:GCF_002181625.1	EX0862	ND0855	GCF_002181625.1	0	AMBIGUOUS_UNROOTED_BACKBONE_OR_UNSUPPORTED		ALTERNATIVE_PARTITIONS_RETAINED_NO_FORCED_CLADE	GCF_004568995.1	0.00107069	L010	GCF_003317605.1	b533e8691a399202a67e85a9bdcb02e861e0158d2cf4b332ea40081741e2d2db
863	asm-v1-5be9492dc7a70ac5553cd76e	GCF_002155505.1	GCF_002155505.1	exact_assembly_revision:GCF_002155505.1	EX0863	ND0856	GCF_002155505.1	0	AMBIGUOUS_UNROOTED_BACKBONE_OR_UNSUPPORTED		ALTERNATIVE_PARTITIONS_RETAINED_NO_FORCED_CLADE	GCF_018444005.1	0.000908643	L011	GCF_009910875.1	d0b849d39931bd5e5d9cc62d47e704fd2f69447514dc116489ae9a686ad9b59b
864	asm-v1-c39c3de83e8412c7f1b469ea	GCF_000460835.1	GCF_000460835.1	exact_assembly_revision:GCF_000460835.1	EX0864	ND0857	GCF_000460835.1	0	AMBIGUOUS_UNROOTED_BACKBONE_OR_UNSUPPORTED		ALTERNATIVE_PARTITIONS_RETAINED_NO_FORCED_CLADE	GCF_003983415.1	0.00693489	L003	GCF_013391275.1	fb0cead2aa69103094a292e0a4188c2b1a37765783a917b643678c8633d03c1f
865	asm-v1-1e7ed871c74b5c642dbe23fa	GCF_002467635.1	GCF_002467635.1	exact_assembly_revision:GCF_002467635.1	EX0865	ND0858	GCF_002467635.1	0	AMBIGUOUS_UNROOTED_BACKBONE_OR_UNSUPPORTED		ALTERNATIVE_PARTITIONS_RETAINED_NO_FORCED_CLADE	GCF_002485085.1	0.00725002	L003	GCF_013391275.1	07d9d9ec50d43b0289586a757973fb5e187e0b0abfeb2efea17585dc7f96dc40
866	asm-v1-48100e1a79ad74485281518e	GCF_000462245.2	GCF_000462245.2	exact_assembly_revision:GCF_000462245.2	EX0866	ND0859	GCF_000462245.2	0	SUPPORTED_FIXED	HC002	MASH_PARAMETER_AND_SEED_STABLE_SPLIT	GCF_002806795.1	0.000703353	L008	GCF_002806795.1	1fad687104690059c7890d4a6c90796e4acd709195bc67d1f4b79a3336c31ae5
867	asm-v1-0242c887434e7057fe7c07ee	GCF_005397765.1	GCF_005397765.1	exact_assembly_revision:GCF_005397765.1	EX0867	ND0860	GCF_005397765.1	0	AMBIGUOUS_UNROOTED_BACKBONE_OR_UNSUPPORTED		ALTERNATIVE_PARTITIONS_RETAINED_NO_FORCED_CLADE	GCF_005396585.1	0.00373523	L003	GCF_013391275.1	c5d7f1116fbd7084ca203575f667208d858b562d75a58cd2d7f456c72879de32
868	asm-v1-e0c0d91c285e48092fef5c55	GCF_017776145.1	GCF_017776145.1	exact_assembly_revision:GCF_017776145.1	EX0868	ND0861	GCF_017776145.1	0	AMBIGUOUS_UNROOTED_BACKBONE_OR_UNSUPPORTED		ALTERNATIVE_PARTITIONS_RETAINED_NO_FORCED_CLADE	GCF_017775795.1	0.000614041	L003	GCF_013391275.1	c0be661ff1cec1468221f0847ab340702c944c1d2b94f302c8afaf25aec3cdc3
869	asm-v1-7c279cd8626af0598d7f18f5	GCF_002225785.1	GCF_002225785.1	exact_assembly_revision:GCF_002225785.1	EX0869	ND0862	GCF_002225785.1	0	AMBIGUOUS_UNROOTED_BACKBONE_OR_UNSUPPORTED		ALTERNATIVE_PARTITIONS_RETAINED_NO_FORCED_CLADE	GCF_008373355.1	0.00398118	L003	GCF_013391275.1	26fb30246b9f4ab9a498f377cecbc1d0efde46d17cbc1e0828bb39d9860f4673
870	asm-v1-c684c3edf1e37c0ce00a38a7	GCF_008389115.1	GCF_008389115.1	exact_assembly_revision:GCF_008389115.1	EX0870	ND0863	GCF_008389115.1	0	SUPPORTED_FIXED	HC007	MASH_PARAMETER_AND_SEED_STABLE_SPLIT	GCF_000807565.1	0.00195939	L012	GCF_000807565.1	265f53021eca7ee5cd8f247ae7e800d178298cf52a5b1a02534664e2ff5f3112
871	asm-v1-4e878bdd50692532ebc630b5	GCF_004172445.1	GCF_004172445.1	exact_assembly_revision:GCF_004172445.1	EX0871	ND0864	GCF_004172445.1	0	SUPPORTED_FIXED	HC001	MASH_PARAMETER_AND_SEED_STABLE_SPLIT	GCF_003982645.1	0.00447117	L003	GCF_013391275.1	afaae8bb4e07c568487f79d1ba10f0a1127de37cd59bb182d0577e3edbfd0e36
872	asm-v1-bce28c52de0ead3d5d35ea63	GCF_020732085.1	GCF_020732085.1	exact_assembly_revision:GCF_020732085.1	EX0872	ND0865	GCF_020732085.1	0	SUPPORTED_FIXED	HC001	MASH_PARAMETER_AND_SEED_STABLE_SPLIT	GCF_009899125.1	0.0040326	L003	GCF_013391275.1	2de440c22789e189ab86cde2cb03d8af6f394aa920f27f325dfffa865f763fb1
873	asm-v1-59436a15162689859ca70f3f	GCF_013391265.1	GCF_013391265.1	exact_assembly_revision:GCF_013391265.1	EX0873	ND0866	GCF_013391265.1	0	AMBIGUOUS_UNROOTED_BACKBONE_OR_UNSUPPORTED		ALTERNATIVE_PARTITIONS_RETAINED_NO_FORCED_CLADE	GCF_001052125.1	0.00150907	L012	GCF_000807565.1	9c980fe7fa03002758805cb7acdae326f62b09ea7d063a49a6cbd5f3fd36b16d
874	asm-v1-33e7ef82884fcafefaada546	GCF_009882665.1	GCF_009882665.1	exact_assembly_revision:GCF_009882665.1	EX0874	ND0867	GCF_009882665.1	0	AMBIGUOUS_UNROOTED_BACKBONE_OR_UNSUPPORTED		ALTERNATIVE_PARTITIONS_RETAINED_NO_FORCED_CLADE	GCF_009880335.1	0.000174767	L014	GCF_009880335.1	74bbe46d768b6ef700965c2a398874ebee54f70bbe0c1d5c62abf1185c47a7ec
875	asm-v1-acbe3e9045ea0a215460cf0d	GCF_002485115.1	GCF_002485115.1	exact_assembly_revision:GCF_002485115.1	EX0875	ND0868	GCF_002485115.1	0	AMBIGUOUS_UNROOTED_BACKBONE_OR_UNSUPPORTED		ALTERNATIVE_PARTITIONS_RETAINED_NO_FORCED_CLADE	GCF_002207405.1	0.00315237	L003	GCF_013391275.1	5328cd353986d4b8c6e31dbb0fea88d8b1c05f77b1b36a1fdcd6eacb5390c0d8
876	asm-v1-65893bc72b336b8c7d2f6b25	GCF_006233045.1	GCF_006233045.1	exact_assembly_revision:GCF_006233045.1	EX0876	ND0869	GCF_006233045.1	0	AMBIGUOUS_UNROOTED_BACKBONE_OR_UNSUPPORTED		ALTERNATIVE_PARTITIONS_RETAINED_NO_FORCED_CLADE	GCF_009910875.1	0.00178842	L011	GCF_009910875.1	b1db0e73b3bd78e8cecf9883c398f44cc24b2411eededaa04b948716d6ae9cfe
877	asm-v1-e3cd443ec93659b2be5fc684	GCF_001283925.1	GCF_001283925.1	exact_assembly_revision:GCF_001283925.1	EX0877	ND0870	GCF_001283925.1	0	SUPPORTED_FIXED	HC001	MASH_PARAMETER_AND_SEED_STABLE_SPLIT	GCF_002511275.1	0.00486042	L003	GCF_013391275.1	f6a6e481312a559b0e410d7baf6f82c2949faa720443da194f0a874587d449d3
878	asm-v1-6fc99ea5de967ed3c79ca5c8	GCF_003731595.1	GCF_003731595.1	exact_assembly_revision:GCF_003731595.1	EX0878	ND0871	GCF_003731595.1	0	AMBIGUOUS_UNROOTED_BACKBONE_OR_UNSUPPORTED		ALTERNATIVE_PARTITIONS_RETAINED_NO_FORCED_CLADE	GCF_004380655.1	0.00187903	L004	GCF_015163255.1	fc589a41e56ea837cf00dfbdd7a2ce188561de1fc450d8b6b17ac30d9f75116e
879	asm-v1-73581bedf8473fdce3c286bb	GCF_000779585.1	GCF_000779585.1	exact_assembly_revision:GCF_000779585.1	EX0879	ND0872	GCF_000779585.1	0	AMBIGUOUS_UNROOTED_BACKBONE_OR_UNSUPPORTED		ALTERNATIVE_PARTITIONS_RETAINED_NO_FORCED_CLADE	GCF_001052125.1	0.00167717	L012	GCF_000807565.1	f68236419d64752f77933c0e7bb2f8ca827fdf6da12da8a6560f1ea478965e11
880	asm-v1-2c27bc76a1222cc9f99451dc	GCF_019587745.1	GCF_019587745.1	exact_assembly_revision:GCF_019587745.1	EX0880	ND0873	GCF_019587745.1	0	SUPPORTED_FIXED	HC007	MASH_PARAMETER_AND_SEED_STABLE_SPLIT	GCF_000460915.1	0.00248298	L012	GCF_000807565.1	9d59cbb2f14ea8694f3579829dbfc087f342f289d5b851d459406735b60c76e8
881	asm-v1-7f703c1863fb830a057de1b7	GCF_002209105.2	GCF_002209105.2	exact_assembly_revision:GCF_002209105.2	EX0881	ND0874	GCF_002209105.2	0	SUPPORTED_FIXED	HC001	MASH_PARAMETER_AND_SEED_STABLE_SPLIT	GCF_003418805.1	0.000913683	L003	GCF_013391275.1	189e8590a85de3ffca7ac0279788feb790f6fac6ebe811b1a37da2f321064e16
882	asm-v1-9087dbf1d91fe8c314f8c75c	GCF_009393475.1	GCF_009393475.1	exact_assembly_revision:GCF_009393475.1	EX0882	ND0875	GCF_009393475.1	0	AMBIGUOUS_UNROOTED_BACKBONE_OR_UNSUPPORTED		ALTERNATIVE_PARTITIONS_RETAINED_NO_FORCED_CLADE	GCF_002941545.1	0.00838426	L003	GCF_013391275.1	daaec4a84d0cc6919d9cfd7b36758dd57fed451e206ceaa45a2890129aa238bc
883	asm-v1-b387b8ded9cbc3df11d25532	GCF_015160055.1	GCF_015160055.1	exact_assembly_revision:GCF_015160055.1	EX0883	ND0876	GCF_015160055.1	0	SUPPORTED_FIXED	HC001	MASH_PARAMETER_AND_SEED_STABLE_SPLIT	GCF_002462135.1	0.00168774	L003	GCF_013391275.1	f06a4e79cae6a8e474d58b9ba983f162b1d83ddb41311595f5cc9b8c551ae82f
884	asm-v1-d6c0b3db16044399f5f25d26	GCF_000781435.1	GCF_000781435.1	exact_assembly_revision:GCF_000781435.1	EX0884	ND0877	GCF_000781435.1	0	SUPPORTED_FIXED	HC001	MASH_PARAMETER_AND_SEED_STABLE_SPLIT	GCF_002231155.1	0.00169038	L003	GCF_013391275.1	a1750d7230ea6d3e43c83a00108a2016b394b97ace592cfd840621249c36e593
885	asm-v1-e12d9faca466e190ea526aef	GCF_001265795.1	GCF_001265795.1	exact_assembly_revision:GCF_001265795.1	EX0885	ND0878	GCF_001265795.1	0	AMBIGUOUS_UNROOTED_BACKBONE_OR_UNSUPPORTED		ALTERNATIVE_PARTITIONS_RETAINED_NO_FORCED_CLADE	GCF_017118895.1	0.00502939	L012	GCF_000807565.1	7072227e7a2b3252308ecd116c4db6f02831b49dd72323047a962e9a9ad6978e
886	asm-v1-19f62fdcd7ffdce9e3b467f0	GCF_002195625.1	GCF_002195625.1	exact_assembly_revision:GCF_002195625.1	EX0886	ND0879	GCF_002195625.1	0	SUPPORTED_FIXED	HC002	MASH_PARAMETER_AND_SEED_STABLE_SPLIT	GCF_003361825.1	0.000378266	L008	GCF_002806795.1	78923fc799e3a382674a675dcd98973fe49d3cea6888dede07eae5e0cbc761d9
887	asm-v1-ab30e0ac6570af304be1217c	GCF_011033255.1	GCF_011033255.1	exact_assembly_revision:GCF_011033255.1	EX0887	ND0880	GCF_011033255.1	0	SUPPORTED_FIXED	HC002	MASH_PARAMETER_AND_SEED_STABLE_SPLIT	GCF_002465545.1	0.000397782	L008	GCF_002806795.1	b73425e8aea1c85a5cb83f2be2ff9f3bd618ce6ad08f5de6df145f5d30d2c729
888	asm-v1-e916a10177df4f0e0c875488	GCF_900449835.1	GCF_900449835.1	exact_assembly_revision:GCF_900449835.1	EX0888	ND0881	GCF_900449835.1	0	AMBIGUOUS_UNROOTED_BACKBONE_OR_UNSUPPORTED		ALTERNATIVE_PARTITIONS_RETAINED_NO_FORCED_CLADE	GCF_000356465.2	0.00775124	L003	GCF_013391275.1	3b02b64a87a68b3a28541fef4fca356b1200843889710c99cc4c3527871e3c85
889	asm-v1-f6e55413a768094a371e9ad7	GCF_000807565.1	GCF_000807565.1	exact_assembly_revision:GCF_000807565.1	EX0889	ND0882	GCF_000807565.1	0	SUPPORTED_FIXED	HC007	MASH_PARAMETER_AND_SEED_STABLE_SPLIT	GCF_002226425.1	0.00162183	L012	GCF_000807565.1	56792fc6b8971bbb197aedc81a7c29652d5cfcc50eda21d16463f33fa1377c8b
890	asm-v1-95fbe7f087b4ead9f1ad4e99	GCF_900481955.1	GCF_900481955.1	exact_assembly_revision:GCF_900481955.1	EX0890	ND0883	GCF_900481955.1	0	AMBIGUOUS_UNROOTED_BACKBONE_OR_UNSUPPORTED		ALTERNATIVE_PARTITIONS_RETAINED_NO_FORCED_CLADE	GCF_013183145.1	0.0026948	L013	GCF_900481955.1	55c11cfab967eac16ac6d1ad516f62bdc526e30eb09382b1fedced16478461f9
891	asm-v1-e44d09aa5b3a08a018dba13d	GCF_004797355.1	GCF_004797355.1	exact_assembly_revision:GCF_004797355.1	EX0891	ND0884	GCF_004797355.1	0	AMBIGUOUS_UNROOTED_BACKBONE_OR_UNSUPPORTED		ALTERNATIVE_PARTITIONS_RETAINED_NO_FORCED_CLADE	GCF_004797745.1	0.00209147	L008	GCF_002806795.1	996e5c8453b0316fb2391f1dac295ea53a567c4162b7a333cb8b7f9eb5de6978
892	asm-v1-8838f587513d7ef110edb94c	GCF_003980385.1	GCF_003980385.1	exact_assembly_revision:GCF_003980385.1	EX0892	ND0885	GCF_003980385.1	0	AMBIGUOUS_UNROOTED_BACKBONE_OR_UNSUPPORTED		ALTERNATIVE_PARTITIONS_RETAINED_NO_FORCED_CLADE	GCF_003981055.1	0.00168245	L003	GCF_013391275.1	9efead0b1025e2a64e4b855446bd8d218f3bd112bd43f8c78d47fde38263c397
893	asm-v1-8968b578cfa559c24f1e28bb	GCF_003303915.1	GCF_003303915.1	exact_assembly_revision:GCF_003303915.1	EX0893	ND0886	GCF_003303915.1	0	SUPPORTED_FIXED	HC001	MASH_PARAMETER_AND_SEED_STABLE_SPLIT	GCF_000780075.1	0.00558889	L003	GCF_013391275.1	4742d8c510dbe92eda1459e04e960ada3e7188b19cd255a1dcaf0093b326f2df
894	asm-v1-a862a83dba3f12bc4075fafc	GCF_008388575.1	GCF_008388575.1	exact_assembly_revision:GCF_008388575.1	EX0894	ND0887	GCF_008388575.1	0	SUPPORTED_FIXED	HC007	MASH_PARAMETER_AND_SEED_STABLE_SPLIT	GCF_000776795.1	0.00260529	L012	GCF_000807565.1	95ac711aacd54281507c602a59cf1703d89aa03b6d757555aafb7d8e8824c384
895	asm-v1-4525dc189f3bdba1ea9767c5	GCF_013370345.1	GCF_013370345.1	exact_assembly_revision:GCF_013370345.1	EX0895	ND0888	GCF_013370345.1	0	SUPPORTED_FIXED	HC001	MASH_PARAMETER_AND_SEED_STABLE_SPLIT	GCF_013370805.1	0.00022057	L003	GCF_013391275.1	344ff8e0f97a2d145f8debae4cd746a41ed8046d796357b1b2ab3fd900fe7730
896	asm-v1-fe651a6666f6b5361e0c1920	GCF_003357915.1	GCF_003357915.1	exact_assembly_revision:GCF_003357915.1	EX0896	ND0889	GCF_003357915.1	0	SUPPORTED_FIXED	HC001	MASH_PARAMETER_AND_SEED_STABLE_SPLIT	GCF_005399985.1	0.00280734	L003	GCF_013391275.1	18ab425ac2ef0be6080e82b8a3b916677e8752944bf6e1e3436124750462d6d3
897	asm-v1-3623990e8e77cd7d1ade1d18	GCF_006237175.1	GCF_006237175.1	exact_assembly_revision:GCF_006237175.1	EX0897	ND0890	GCF_006237175.1	0	AMBIGUOUS_UNROOTED_BACKBONE_OR_UNSUPPORTED		ALTERNATIVE_PARTITIONS_RETAINED_NO_FORCED_CLADE	GCF_006236395.1	0.000636323	L010	GCF_003317605.1	0395a693a267a527b35c10f4c103f0071b4f551a9bfd1ca75e937936ddbf261f
898	asm-v1-476531dc2fba224d9719a06e	GCF_000782655.1	GCF_000782655.1	exact_assembly_revision:GCF_000782655.1	EX0898	ND0891	GCF_000782655.1	0	AMBIGUOUS_UNROOTED_BACKBONE_OR_UNSUPPORTED		ALTERNATIVE_PARTITIONS_RETAINED_NO_FORCED_CLADE	GCF_000459315.1	0.00127295	L012	GCF_000807565.1	27a93f1b23d0c5cef055802ed3a9a8c1d970276a0361aad0ae76c8915ccc0f8f
899	asm-v1-e9c56830b59366ea24bded04	GCF_008634885.1	GCF_008634885.1	exact_assembly_revision:GCF_008634885.1	EX0899	ND0892	GCF_008634885.1	0	AMBIGUOUS_UNROOTED_BACKBONE_OR_UNSUPPORTED		ALTERNATIVE_PARTITIONS_RETAINED_NO_FORCED_CLADE	GCF_002458655.1	0.00164816	L008	GCF_002806795.1	650fe8d67eedbf932e3b9601df7f5d994aee547f4c4f99f4214b996c418fd883
900	asm-v1-a24abc3fa6ed0d7386687287	GCF_004000105.1	GCF_004000105.1	exact_assembly_revision:GCF_004000105.1	EX0900	ND0893	GCF_004000105.1	0	SUPPORTED_FIXED	HC003	MASH_PARAMETER_AND_SEED_STABLE_SPLIT	GCF_002324625.1	0.0105603	L003	GCF_013391275.1	6bdd76cedcbb214bd73ad070d50ca91ee634a7e44a54597c410b134cf9d42578
901	asm-v1-3aa3cc763c0f7b9de43f9784	GCF_002196475.1	GCF_002196475.1	exact_assembly_revision:GCF_002196475.1	EX0901	ND0894	GCF_002196475.1	0	AMBIGUOUS_UNROOTED_BACKBONE_OR_UNSUPPORTED		ALTERNATIVE_PARTITIONS_RETAINED_NO_FORCED_CLADE	GCF_002916665.1	0.00464905	L014	GCF_009880335.1	2d7b28c70e85126be40ec2da949170c20284ea85219f32cd287b365d06580412
902	asm-v1-09ca03ff3cf45162b7475166	GCF_013608265.1	GCF_013608265.1	exact_assembly_revision:GCF_013608265.1	EX0902	ND0895	GCF_013608265.1	0	AMBIGUOUS_UNROOTED_BACKBONE_OR_UNSUPPORTED		ALTERNATIVE_PARTITIONS_RETAINED_NO_FORCED_CLADE	GCF_013608825.1	0.00388479	L011	GCF_009910875.1	3b26088422d3f8c104e229dcc4cebf5ff90d38d4b4b521e65826f51b7dd62dfa
903	asm-v1-24fb48152705c136bc910a68	GCF_009880335.1	GCF_009880335.1	exact_assembly_revision:GCF_009880335.1	EX0903	ND0185	GCF_009880525.1	1.42921e-05	AMBIGUOUS_UNROOTED_BACKBONE_OR_UNSUPPORTED		ALTERNATIVE_PARTITIONS_RETAINED_NO_FORCED_CLADE	GCF_009880525.1	1.42921e-05	L014	GCF_009880335.1	be3195457e09d649bb646418105fce220a1d99d3bcf6c083d26c815809c012be
904	asm-v1-659a54bc51da38f61ad6b548	GCF_002837515.1	GCF_002837515.1	exact_assembly_revision:GCF_002837515.1	EX0904	ND0896	GCF_002837515.1	0	SUPPORTED_FIXED	HC003	MASH_PARAMETER_AND_SEED_STABLE_SPLIT	GCF_000019385.1	0.0069918	L003	GCF_013391275.1	512f9f6cc72170361a18918d2fb6a11f254c7eb59f6c1404aeff068c816a2f23
905	asm-v1-173793a1e3818ca87930a150	GCF_002796445.1	GCF_002796445.1	exact_assembly_revision:GCF_002796445.1	EX0905	ND0897	GCF_002796445.1	0	SUPPORTED_FIXED	HC001	MASH_PARAMETER_AND_SEED_STABLE_SPLIT	GCF_002442365.1	0.0021484	L003	GCF_013391275.1	6363235af40653456bb9a863524d710a174da8d615d875e76999733bd768d329
906	asm-v1-e8c2146c0ecd6b3c336fbc24	GCF_002307525.1	GCF_002307525.1	exact_assembly_revision:GCF_002307525.1	EX0906	ND0898	GCF_002307525.1	0	SUPPORTED_FIXED	HC003	MASH_PARAMETER_AND_SEED_STABLE_SPLIT	GCF_000599645.1	0.00395703	L003	GCF_013391275.1	9225e232d43ece56f4861d0068c0b9447aa0c54992a8385cc1569e15a6b5147e
907	asm-v1-63234fe0e9b2f7976c87ab05	GCF_900479345.1	GCF_900479345.1	exact_assembly_revision:GCF_900479345.1	EX0907	ND0899	GCF_900479345.1	0	AMBIGUOUS_UNROOTED_BACKBONE_OR_UNSUPPORTED		ALTERNATIVE_PARTITIONS_RETAINED_NO_FORCED_CLADE	GCF_001650605.1	0.00486676	L015	GCF_900479345.1	5cee5e6d32dac94adea19d1683c0ffd7858abe7ea80d579124f4ce6f0bdc1b05
908	asm-v1-3bf5d2d27e2c12ae9aa67d19	GCF_003303195.1	GCF_003303195.1	exact_assembly_revision:GCF_003303195.1	EX0908	ND0900	GCF_003303195.1	0	SUPPORTED_FIXED	HC001	MASH_PARAMETER_AND_SEED_STABLE_SPLIT	GCF_000332755.1	0.00429198	L003	GCF_013391275.1	75d02393ddc3b13512fe2900fbdd7c8fe5f67d68eff0c18049993a4f888357a9
909	asm-v1-751aab1413f4dc90475d6700	GCF_000019385.1	GCF_000019385.1	exact_assembly_revision:GCF_000019385.1	EX0909	ND0901	GCF_000019385.1	0	SUPPORTED_FIXED	HC003	MASH_PARAMETER_AND_SEED_STABLE_SPLIT	GCF_900480975.1	0.00468358	L003	GCF_013391275.1	7b7822bd2cda477a03049e6abfa9d37109876145ffd811c8d31249379089fd9c
910	asm-v1-307b01be970d169ba1515e49	GCF_006542965.1	GCF_006542965.1	exact_assembly_revision:GCF_006542965.1	EX0910	ND0902	GCF_006542965.1	0	AMBIGUOUS_UNROOTED_BACKBONE_OR_UNSUPPORTED		ALTERNATIVE_PARTITIONS_RETAINED_NO_FORCED_CLADE	GCF_004569685.1	0.000858333	L010	GCF_003317605.1	fe53c683091e6d321d49b09fb690f077d59e922d6ad0412f679e62e1ec3dbe22
911	asm-v1-3b35dfd4752645a37d3137fd	GCF_001891875.1	GCF_001891875.1	exact_assembly_revision:GCF_001891875.1	EX0911	ND0903	GCF_001891875.1	0	SUPPORTED_FIXED	HC001	MASH_PARAMETER_AND_SEED_STABLE_SPLIT	GCF_018863115.1	0.0104708	L003	GCF_013391275.1	7c55a9ec866ae093247a5c680ecf000cb272b038ccdd9308d73472b4e6388225
912	asm-v1-645f32ead79785ca89decb8c	GCF_900480895.1	GCF_900480895.1	exact_assembly_revision:GCF_900480895.1	EX0912	ND0904	GCF_900480895.1	0	SUPPORTED_FIXED	HC001	MASH_PARAMETER_AND_SEED_STABLE_SPLIT	GCF_020733985.1	0.00588862	L003	GCF_013391275.1	882367e7cbff6e14a3e6708054c028cd20c211cd4b565ca1d3f934bbda08e1fc
913	asm-v1-9a33d2e59508282a60416225	GCF_003288945.1	GCF_003288945.1	exact_assembly_revision:GCF_003288945.1	EX0913	ND0905	GCF_003288945.1	0	AMBIGUOUS_UNROOTED_BACKBONE_OR_UNSUPPORTED		ALTERNATIVE_PARTITIONS_RETAINED_NO_FORCED_CLADE	GCF_004120975.1	0.00187636	L010	GCF_003317605.1	15546071a5f5f33180c65e755e8492957ce2b282a66c2e23dbff4778e42a0496
914	asm-v1-76c4a4ff7fd73061799680bc	GCF_008385475.1	GCF_008385475.1	exact_assembly_revision:GCF_008385475.1	EX0914	ND0906	GCF_008385475.1	0	SUPPORTED_FIXED	HC004	MASH_PARAMETER_AND_SEED_STABLE_SPLIT	GCF_001463405.1	0.00173535	L012	GCF_000807565.1	b141a7dec2fee5db16139433d45fc1b64a581d4735201a577c544c562f68b761
915	asm-v1-8ce343fd92d0c457867c17c0	GCF_002226425.1	GCF_002226425.1	exact_assembly_revision:GCF_002226425.1	EX0915	ND0907	GCF_002226425.1	0	SUPPORTED_FIXED	HC007	MASH_PARAMETER_AND_SEED_STABLE_SPLIT	GCF_000807565.1	0.00162183	L012	GCF_000807565.1	e6f8b5d7aac2d24d7aed121df83e8ace9b6b705ee24dc58f92481cc5f3ea2e6b
916	asm-v1-1d4cecef1b02039c6bf7a740	GCF_000941195.1	GCF_000941195.1	exact_assembly_revision:GCF_000941195.1	EX0916	ND0908	GCF_000941195.1	0	AMBIGUOUS_UNROOTED_BACKBONE_OR_UNSUPPORTED		ALTERNATIVE_PARTITIONS_RETAINED_NO_FORCED_CLADE	GCF_907175735.1	0.0123953	L012	GCF_000807565.1	f8f7b1ad6916f071e2fab1351681ce1ed2c795bfd785b76b0aa84e7dc7c27639
917	asm-v1-c90a9aec03c768770fb0101b	GCF_002786655.1	GCF_002786655.1	exact_assembly_revision:GCF_002786655.1	EX0917	ND0909	GCF_002786655.1	0	AMBIGUOUS_UNROOTED_BACKBONE_OR_UNSUPPORTED		ALTERNATIVE_PARTITIONS_RETAINED_NO_FORCED_CLADE	GCF_001860505.1	0.00377399	L003	GCF_013391275.1	dadea7871e40ece77f6f08d4b1de1b9a4b16fd7fae1539786f85ef2871293354
918	asm-v1-c6516aa3e19d1e5ef65c8188	GCF_900236125.1	GCF_900236125.1	exact_assembly_revision:GCF_900236125.1	EX0918	ND0650	GCF_900236155.1	4.05279e-05	AMBIGUOUS_UNROOTED_BACKBONE_OR_UNSUPPORTED		ALTERNATIVE_PARTITIONS_RETAINED_NO_FORCED_CLADE	GCF_900236155.1	4.05279e-05	L003	GCF_013391275.1	ae39b3b2ceb2b22274a9ec9a06debaa98c7736e7d1cb9b90f5223faad6faf2a9
919	asm-v1-f2fbf2b73ec81d10d9a2bcb6	GCF_002327045.1	GCF_002327045.1	exact_assembly_revision:GCF_002327045.1	EX0919	ND0910	GCF_002327045.1	0	SUPPORTED_FIXED	HC001	MASH_PARAMETER_AND_SEED_STABLE_SPLIT	GCF_002326895.1	0.000136297	L003	GCF_013391275.1	f702a9e5d0ff3165032ecc26cdef17c9500b4440b76f32efa9657601fff190a6
920	asm-v1-c37a1f278d17fb1c9ea1e760	GCF_002230935.1	GCF_002230935.1	exact_assembly_revision:GCF_002230935.1	EX0920	ND0911	GCF_002230935.1	0	SUPPORTED_FIXED	HC001	MASH_PARAMETER_AND_SEED_STABLE_SPLIT	GCF_003018655.1	0.00839192	L003	GCF_013391275.1	afecd762be77ce9540d18c995b4440377c8281c0de3fa00c0a322f8cce19610f
921	asm-v1-fe596fdc6e1f20338365063c	GCF_001286545.1	GCF_001286545.1	exact_assembly_revision:GCF_001286545.1	EX0921	ND0912	GCF_001286545.1	0	SUPPORTED_FIXED	HC001	MASH_PARAMETER_AND_SEED_STABLE_SPLIT	GCF_000447005.2	0.00446186	L003	GCF_013391275.1	92c4d9aac5331720b52ab72d84330f89e8f447c37c062d39d04cb95a9ab0d919
922	asm-v1-e0e047bcab06a66eec38ad3e	GCF_016587155.1	GCF_016587155.1	exact_assembly_revision:GCF_016587155.1	EX0922	ND0913	GCF_016587155.1	0	AMBIGUOUS_UNROOTED_BACKBONE_OR_UNSUPPORTED		ALTERNATIVE_PARTITIONS_RETAINED_NO_FORCED_CLADE	GCF_001942085.1	0.00451781	L004	GCF_015163255.1	0fefb5fc49a6dd1fc7373c7cbdf228c93f1b7881d30a7a6a480aeb7b9865f7ba
923	asm-v1-148b0b83dd9246a872b5a13a	GCF_014863255.1	GCF_014863255.1	exact_assembly_revision:GCF_014863255.1	EX0923	ND0914	GCF_014863255.1	0	AMBIGUOUS_UNROOTED_BACKBONE_OR_UNSUPPORTED		ALTERNATIVE_PARTITIONS_RETAINED_NO_FORCED_CLADE	GCF_014862785.1	0.00115999	L004	GCF_015163255.1	78245b503e7c121c265391334a37a3be42ebbdc0600dd42c6e6253798971ee98
924	asm-v1-4e35c4a5b9354da144b4e9f7	GCF_004523115.1	GCF_004523115.1	exact_assembly_revision:GCF_004523115.1	EX0924	ND0915	GCF_004523115.1	0	SUPPORTED_FIXED	HC001	MASH_PARAMETER_AND_SEED_STABLE_SPLIT	GCF_005395245.1	0.00309773	L003	GCF_013391275.1	61d988b151229aae577c836ba57dcd992f7f1740b1d0ad2b5628c62f2dff2db3
925	asm-v1-7681dcc5f6cc33560492d8a6	GCF_009909875.1	GCF_009909875.1	exact_assembly_revision:GCF_009909875.1	EX0925	ND0916	GCF_009909875.1	0	AMBIGUOUS_UNROOTED_BACKBONE_OR_UNSUPPORTED		ALTERNATIVE_PARTITIONS_RETAINED_NO_FORCED_CLADE	GCF_011077775.1	0.00281299	L004	GCF_015163255.1	ae80bfb1ba1685bd793476e701519dc74d989c42faad02e11a40d34b3111455e
926	asm-v1-e3255627556730cb385c9315	GCF_002458155.1	GCF_002458155.1	exact_assembly_revision:GCF_002458155.1	EX0926	ND0917	GCF_002458155.1	0	SUPPORTED_FIXED	HC001	MASH_PARAMETER_AND_SEED_STABLE_SPLIT	GCF_002770195.1	0.0006388	L003	GCF_013391275.1	9671bef831030515eb11fb99d9cf04fb2e6674b9802e467036f2e96749533096
927	asm-v1-1a7114a558a18f1e55b3b912	GCF_000692515.1	GCF_000692515.1	exact_assembly_revision:GCF_000692515.1	EX0927	ND0918	GCF_000692515.1	0	AMBIGUOUS_UNROOTED_BACKBONE_OR_UNSUPPORTED		ALTERNATIVE_PARTITIONS_RETAINED_NO_FORCED_CLADE	GCF_006542825.1	0.00249129	L016	GCF_000692515.1	9a17c2787d1099e62baaa411a064509c86991089264b39f34bb12ca2eab9496c
928	asm-v1-f14529ca4baf0fd4db70d441	GCF_002465185.1	GCF_002465185.1	exact_assembly_revision:GCF_002465185.1	EX0928	ND0919	GCF_002465185.1	0	AMBIGUOUS_UNROOTED_BACKBONE_OR_UNSUPPORTED		ALTERNATIVE_PARTITIONS_RETAINED_NO_FORCED_CLADE	GCF_000458115.1	0.00651696	L012	GCF_000807565.1	b1606412b8d8022f6a41857cd9998e6848024e45e7209d0e0caa753d87ee6212
929	asm-v1-c1315374c714dbf077c4253a	GCF_004114225.1	GCF_004114225.1	exact_assembly_revision:GCF_004114225.1	EX0929	ND0920	GCF_004114225.1	0	SUPPORTED_FIXED	HC007	MASH_PARAMETER_AND_SEED_STABLE_SPLIT	GCF_004150105.1	0.000441781	L012	GCF_000807565.1	cefb3d39253048861732c877ed648875377321f5222f2b8fe840f261009c1e28
930	asm-v1-53f294075873336b09150453	GCF_002223485.1	GCF_002223485.1	exact_assembly_revision:GCF_002223485.1	EX0930	ND0921	GCF_002223485.1	0	AMBIGUOUS_UNROOTED_BACKBONE_OR_UNSUPPORTED		ALTERNATIVE_PARTITIONS_RETAINED_NO_FORCED_CLADE	GCF_902705595.1	0.0022601	L004	GCF_015163255.1	56785d7b877d6fc3e431bcaa884b835b0ba447e48776506decbc05db2af8510e
931	asm-v1-8cd662e1695d266bb6a08339	GCF_002973135.1	GCF_002973135.1	exact_assembly_revision:GCF_002973135.1	EX0931	ND0922	GCF_002973135.1	0	SUPPORTED_FIXED	HC001	MASH_PARAMETER_AND_SEED_STABLE_SPLIT	GCF_002511355.1	0.00664941	L003	GCF_013391275.1	b4b3c59ac18bd44a8ac6fd88549ebf30b89e8fb5f853302be1b47253ce077cff
932	asm-v1-4b55bd8f484782dde1a6d927	GCF_003307135.1	GCF_003307135.1	exact_assembly_revision:GCF_003307135.1	EX0932	ND0923	GCF_003307135.1	0	SUPPORTED_FIXED	HC002	MASH_PARAMETER_AND_SEED_STABLE_SPLIT	GCF_001753505.1	0.00162709	L008	GCF_002806795.1	a67bd8a794c44440e10753c2cc26049f3894e86d978a9917b50e1a1e71af8a0e
933	asm-v1-88c749fc525ccabf8be61f56	GCF_020216345.1	GCF_020216345.1	exact_assembly_revision:GCF_020216345.1	EX0933	ND0924	GCF_020216345.1	0	AMBIGUOUS_UNROOTED_BACKBONE_OR_UNSUPPORTED		ALTERNATIVE_PARTITIONS_RETAINED_NO_FORCED_CLADE	GCF_020216385.1	0.000718286	L014	GCF_009880335.1	d750cd4771f265426950099e0c06613866aa5cbc7ba67d85d02b5f2d55d6600f
934	asm-v1-aa3b341c87013d923d220567	GCF_905330295.1	GCF_905330295.1	exact_assembly_revision:GCF_905330295.1	EX0934	ND0925	GCF_905330295.1	0	SUPPORTED_FIXED	HC001	MASH_PARAMETER_AND_SEED_STABLE_SPLIT	GCF_009822935.1	0.00443395	L003	GCF_013391275.1	172a12049d462ec3367f3dc56fffc040bad0705133d0956ebdc9b347044055dd
935	asm-v1-4b3c788cf1bd14e50332d416	GCF_003731415.1	GCF_003731415.1	exact_assembly_revision:GCF_003731415.1	EX0935	ND0926	GCF_003731415.1	0	AMBIGUOUS_UNROOTED_BACKBONE_OR_UNSUPPORTED		ALTERNATIVE_PARTITIONS_RETAINED_NO_FORCED_CLADE	GCF_004568995.1	0.00141786	L010	GCF_003317605.1	61530127dd9dbf16fcd2f08a3bfaa510a159dbb2e620113c8183a95377da8397
936	asm-v1-800c2ecb4caf21a6015994d2	GCF_013693985.1	GCF_013693985.1	exact_assembly_revision:GCF_013693985.1	EX0936	ND0927	GCF_013693985.1	0	SUPPORTED_FIXED	HC006	MASH_PARAMETER_AND_SEED_STABLE_SPLIT	GCF_900096855.1	0.000708329	L003	GCF_013391275.1	b33c2c08b155e87bc2cced9d04cd5b53ec71f719b787e67f78303d18a723f84d
937	asm-v1-18daec6e9b30a72b442aa67e	GCF_001284665.1	GCF_001284665.1	exact_assembly_revision:GCF_001284665.1	EX0937	ND0928	GCF_001284665.1	0	SUPPORTED_FIXED	HC001	MASH_PARAMETER_AND_SEED_STABLE_SPLIT	GCF_003982245.1,GCF_003983885.1	0.00624457	L003	GCF_013391275.1	4db43608d973c9b6956c28e9a3de7ecfe8a2a6c612d164d5cf7dc861310f5556
938	asm-v1-0d1caf390ebed06274a7cc2d	GCF_005386325.1	GCF_005386325.1	exact_assembly_revision:GCF_005386325.1	EX0938	ND0929	GCF_005386325.1	0	SUPPORTED_FIXED	HC005	MASH_PARAMETER_AND_SEED_STABLE_SPLIT	GCF_916160245.1	0.00334061	L009	GCF_001520375.1	08f99df965873c6d4949944ab1d66689afd525e578fff970fb317a8444458468
939	asm-v1-dd6ff50e06b1cbb6d4d1a928	GCF_002475235.1	GCF_002475235.1	exact_assembly_revision:GCF_002475235.1	EX0939	ND0930	GCF_002475235.1	0	SUPPORTED_FIXED	HC001	MASH_PARAMETER_AND_SEED_STABLE_SPLIT	GCF_005391445.1	0.00446497	L003	GCF_013391275.1	dadcf47475a241769d6db5b4bb9d7e86dff24a87c6c661539f062082d6250eee
940	asm-v1-ea96b2a2586264be02140831	GCF_020085275.1	GCF_020085275.1	exact_assembly_revision:GCF_020085275.1	EX0940	ND0931	GCF_020085275.1	0	AMBIGUOUS_UNROOTED_BACKBONE_OR_UNSUPPORTED		ALTERNATIVE_PARTITIONS_RETAINED_NO_FORCED_CLADE	GCF_900536365.1	0.00059426	L012	GCF_000807565.1	91aae2a7d178f58b1b3b9d9d69e332f39eae762818a9b37ce362d52c2638c74d
941	asm-v1-ecc5170be5fa5255a8aaa92b	GCF_017312855.1	GCF_017312855.1	exact_assembly_revision:GCF_017312855.1	EX0941	ND0932	GCF_017312855.1	0	SUPPORTED_FIXED	HC001	MASH_PARAMETER_AND_SEED_STABLE_SPLIT	GCF_003322845.1	0.00522262	L003	GCF_013391275.1	c07526d69d57fbf07c8470d57f07bfac8262caec142b88247950cb4eb5cbbece
942	asm-v1-0d636aebecff87ca6586eddd	GCF_000261145.1	GCF_000261145.1	exact_assembly_revision:GCF_000261145.1	EX0942	ND0933	GCF_000261145.1	0	AMBIGUOUS_UNROOTED_BACKBONE_OR_UNSUPPORTED		ALTERNATIVE_PARTITIONS_RETAINED_NO_FORCED_CLADE	GCF_907177095.1	0.00727893	L003	GCF_013391275.1	5d8c71cb7674a1af8c20db4c871cab8b5ff047d5afe8687fc5fc64f686d64551
943	asm-v1-db8c51a048bc161ad2c8126a	GCF_000187285.1	GCF_000187285.1	exact_assembly_revision:GCF_000187285.1	EX0943	ND0934	GCF_000187285.1	0	SUPPORTED_FIXED	HC002	MASH_PARAMETER_AND_SEED_STABLE_SPLIT	GCF_003307135.1	0.00171947	L008	GCF_002806795.1	1372b696cbc37cbbed4fc9fda137af6ca2a4e0a9d248d6e04fef3b97e5c19d4a
944	asm-v1-f16e9863074adec9fd9e7970	GCF_015208575.1	GCF_015208575.1	exact_assembly_revision:GCF_015208575.1	EX0944	ND0935	GCF_015208575.1	0	AMBIGUOUS_UNROOTED_BACKBONE_OR_UNSUPPORTED		ALTERNATIVE_PARTITIONS_RETAINED_NO_FORCED_CLADE	GCF_003830315.1	0.00681806	L003	GCF_013391275.1	d5ebb7e4a464b33b42b16cffc4189adacd776eaf3c27452b02b29eb7ea4034f5
945	asm-v1-c917b36d3215d852b09277e2	GCF_002911435.1	GCF_002911435.1	exact_assembly_revision:GCF_002911435.1	EX0945	ND0936	GCF_002911435.1	0	SUPPORTED_FIXED	HC004	MASH_PARAMETER_AND_SEED_STABLE_SPLIT	GCF_004960345.1	0.000329578	L012	GCF_000807565.1	b4b7a07b53279170c09f1e07cc2890478d054cb69dbb22dabbb81694452d3df0
946	asm-v1-1ee1535ac038f92172b68e0a	GCF_003569985.1	GCF_003569985.1	exact_assembly_revision:GCF_003569985.1	EX0946	ND0937	GCF_003569985.1	0	SUPPORTED_FIXED	HC004	MASH_PARAMETER_AND_SEED_STABLE_SPLIT	GCF_003020885.1	0.00282994	L012	GCF_000807565.1	f487b0011cf3a6f8584cf76b9dd9d511f43e52422f8fdd7f3851e212321b1a94
947	asm-v1-757534165585c8be298900ac	GCF_008033315.1	GCF_008033315.1	exact_assembly_revision:GCF_008033315.1	EX0947	ND0938	GCF_008033315.1	0	SUPPORTED_FIXED	HC006	MASH_PARAMETER_AND_SEED_STABLE_SPLIT	GCF_003172455.1	0.00126265	L003	GCF_013391275.1	6aa20f5559a63df5cab8a2b6a914486b72ccad93c9df6a22771f6ea412b32bde
948	asm-v1-d1328d58048253920bf5c8ff	GCF_004567885.1	GCF_004567885.1	exact_assembly_revision:GCF_004567885.1	EX0948	ND0939	GCF_004567885.1	0	AMBIGUOUS_UNROOTED_BACKBONE_OR_UNSUPPORTED		ALTERNATIVE_PARTITIONS_RETAINED_NO_FORCED_CLADE	GCF_004569685.1	0.000800667	L010	GCF_003317605.1	d4825b0bae81f13d27747beb613d1aa92f2e720a77b3796a8e0d2b88efa53a2f
949	asm-v1-00ec544648551db24fe12115	GCF_019051315.1	GCF_019051315.1	exact_assembly_revision:GCF_019051315.1	EX0949	ND0940	GCF_019051315.1	0	SUPPORTED_FIXED	HC001	MASH_PARAMETER_AND_SEED_STABLE_SPLIT	GCF_019052205.1	0.000276192	L003	GCF_013391275.1	20110464492e58fd31d11c9ddd59c53a101d812f39e7959e7958d2540b1d5410
950	asm-v1-0c0c50c10d82e55e8bfabef2	GCF_010179635.1	GCF_010179635.1	exact_assembly_revision:GCF_010179635.1	EX0950	ND0941	GCF_010179635.1	0	AMBIGUOUS_UNROOTED_BACKBONE_OR_UNSUPPORTED		ALTERNATIVE_PARTITIONS_RETAINED_NO_FORCED_CLADE	GCF_015731485.1	0.00590541	L003	GCF_013391275.1	19f3b27cfac54939af1acf0e1a3506a38c422c9dff4f74538a868f4d8d491c1d
951	asm-v1-1d223382bde59d0ffe35e7e7	GCF_002227065.1	GCF_002227065.1	exact_assembly_revision:GCF_002227065.1	EX0951	ND0942	GCF_002227065.1	0	SUPPORTED_FIXED	HC001	MASH_PARAMETER_AND_SEED_STABLE_SPLIT	GCF_000193995.1	0.00555918	L003	GCF_013391275.1	beb0fb041eefd96d8bc4abbdb66c70c7a912e56f8128696b48870d541b1385c5
952	asm-v1-d36d1b4ad2b73865f4a69a53	GCF_001894075.1	GCF_001894075.1	exact_assembly_revision:GCF_001894075.1	EX0952	ND0943	GCF_001894075.1	0	SUPPORTED_FIXED	HC001	MASH_PARAMETER_AND_SEED_STABLE_SPLIT	GCF_001402805.1	0.00669143	L003	GCF_013391275.1	74a49f879ddd43c1d964201a2252965748cc7492372c8dbb28cc1001db4a0052
953	asm-v1-1cb96fea32c3218cb0e91b74	GCF_002462135.1	GCF_002462135.1	exact_assembly_revision:GCF_002462135.1	EX0953	ND0944	GCF_002462135.1	0	SUPPORTED_FIXED	HC001	MASH_PARAMETER_AND_SEED_STABLE_SPLIT	GCF_015160055.1	0.00168774	L003	GCF_013391275.1	32f6bd76cfe8836bb1d39c526892fee77e4f622ed564288db503a877b2cc3479
954	asm-v1-8cac7760f9117bfc28735edf	GCF_017592925.1	GCF_017592925.1	exact_assembly_revision:GCF_017592925.1	EX0954	ND0945	GCF_017592925.1	0	SUPPORTED_FIXED	HC001	MASH_PARAMETER_AND_SEED_STABLE_SPLIT	GCF_005398765.1	0.00970292	L003	GCF_013391275.1	b06fb64986cc88dfe1d05ffce2b4320d47ecdd27ac2c470d558c798d32845860
955	asm-v1-4fc8c09e6283a6d7d7e9a390	GCF_003014845.1	GCF_003014845.1	exact_assembly_revision:GCF_003014845.1	EX0955	ND0946	GCF_003014845.1	0	AMBIGUOUS_UNROOTED_BACKBONE_OR_UNSUPPORTED		ALTERNATIVE_PARTITIONS_RETAINED_NO_FORCED_CLADE	GCF_013183145.1	0.00301182	L013	GCF_900481955.1	b7cd34729a4a48a6165c9c9c0fbe62b633efa00fea01a31267fc3ec7e0b7c6ad
956	asm-v1-c9554755e36458ede1b3554c	GCF_002244045.1	GCF_002244045.1	exact_assembly_revision:GCF_002244045.1	EX0956	ND0947	GCF_002244045.1	0	AMBIGUOUS_UNROOTED_BACKBONE_OR_UNSUPPORTED		ALTERNATIVE_PARTITIONS_RETAINED_NO_FORCED_CLADE	GCF_015208495.1	0.00294623	L012	GCF_000807565.1	5e7c139bba27bafd382dbbb6c9ace8e5ce5517b8eeeecbb62e3fdb0b05d00c2b
957	asm-v1-647b1e1ad70f27ab922f7196	GCF_005389445.1	GCF_005389445.1	exact_assembly_revision:GCF_005389445.1	EX0957	ND0948	GCF_005389445.1	0	AMBIGUOUS_UNROOTED_BACKBONE_OR_UNSUPPORTED		ALTERNATIVE_PARTITIONS_RETAINED_NO_FORCED_CLADE	GCF_009832985.1	0.00293201	L003	GCF_013391275.1	33ab496e9e46e649de7f95d150656d46c54e829e8c1a417bd36684965586f3cb
958	asm-v1-cd88e8c78d25ce8d899a1b51	GCF_002941565.1	GCF_002941565.1	exact_assembly_revision:GCF_002941565.1	EX0958	ND0949	GCF_002941565.1	0	SUPPORTED_FIXED	HC001	MASH_PARAMETER_AND_SEED_STABLE_SPLIT	GCF_009822305.1	0.0049878	L003	GCF_013391275.1	df4fa587885cbc2d30746be3b9dd2251b74e055285dd07cb78574a9f09996115
959	asm-v1-a7180b00581689c6d5a88a28	GCF_907175735.1	GCF_907175735.1	exact_assembly_revision:GCF_907175735.1	EX0959	ND0950	GCF_907175735.1	0	AMBIGUOUS_UNROOTED_BACKBONE_OR_UNSUPPORTED		ALTERNATIVE_PARTITIONS_RETAINED_NO_FORCED_CLADE	GCF_000941195.1	0.0123953	L012	GCF_000807565.1	52bb20e535ec30b5c315873980ff6701cc7b7fa301517054a1a9723be771f398
960	asm-v1-3faf43aae139fa8ed216347e	GCF_001263015.1	GCF_001263015.1	exact_assembly_revision:GCF_001263015.1	EX0960	ND0951	GCF_001263015.1	0	SUPPORTED_FIXED	HC001	MASH_PARAMETER_AND_SEED_STABLE_SPLIT	GCF_005043025.1	0.000735726	L003	GCF_013391275.1	6b642f3164304e8774ddfa1e56bd9e1c63b33099f1d9363aa1a7d60d115cfb6a
961	asm-v1-26947b8094ffac1ce8e94bc4	GCF_014895175.1	GCF_014895175.1	exact_assembly_revision:GCF_014895175.1	EX0961	ND0952	GCF_014895175.1	0	SUPPORTED_FIXED	HC001	MASH_PARAMETER_AND_SEED_STABLE_SPLIT	GCF_000780535.1	0.00258299	L003	GCF_013391275.1	72a8a40b3f3031cb4e6b7e30f468f3eacd1d87205933e8d895712473b25495aa
962	asm-v1-5a977977da679be2211a0adb	GCF_000332755.1	GCF_000332755.1	exact_assembly_revision:GCF_000332755.1	EX0962	ND0953	GCF_000332755.1	0	SUPPORTED_FIXED	HC001	MASH_PARAMETER_AND_SEED_STABLE_SPLIT	GCF_001515725.1	0.00158241	L003	GCF_013391275.1	3e82ec973c0dae3babca78676344a75b0d4419f12ab9bba083b40eb753c709bb
963	asm-v1-10f5852ad8af3af38bb0cee3	GCF_000458115.1	GCF_000458115.1	exact_assembly_revision:GCF_000458115.1	EX0963	ND0954	GCF_000458115.1	0	AMBIGUOUS_UNROOTED_BACKBONE_OR_UNSUPPORTED		ALTERNATIVE_PARTITIONS_RETAINED_NO_FORCED_CLADE	GCF_002268255.1	0.00195939	L012	GCF_000807565.1	63c9d9e54254b9af022b493c275d95eceefac81ae1db4b113aa580368d8c9888
964	asm-v1-3800cfc86b214ed89b58d162	GCF_921293405.1	GCF_921293405.1	exact_assembly_revision:GCF_921293405.1	EX0964	ND0955	GCF_921293405.1	0	AMBIGUOUS_UNROOTED_BACKBONE_OR_UNSUPPORTED		ALTERNATIVE_PARTITIONS_RETAINED_NO_FORCED_CLADE	GCF_013359015.1	0.00137373	L003	GCF_013391275.1	da54fe8802969099243af206d0d90c2b6b30fa4b7672691c550a4cd253fee410
965	asm-v1-2a2bc5a132538434ec378ba5	GCF_001520405.1	GCF_001520405.1	exact_assembly_revision:GCF_001520405.1	EX0965	ND0956	GCF_001520405.1	0	AMBIGUOUS_UNROOTED_BACKBONE_OR_UNSUPPORTED		ALTERNATIVE_PARTITIONS_RETAINED_NO_FORCED_CLADE	GCF_003317605.1	0.00124464	L010	GCF_003317605.1	79a9392bf7fc9cf6dcb7929f4bfcb9b683795d4871b99e38f3f1244e698f23b7
966	asm-v1-de715b3ad5508b27fca39671	GCF_020907565.1	GCF_020907565.1	exact_assembly_revision:GCF_020907565.1	EX0966	ND0957	GCF_020907565.1	0	AMBIGUOUS_UNROOTED_BACKBONE_OR_UNSUPPORTED		ALTERNATIVE_PARTITIONS_RETAINED_NO_FORCED_CLADE	GCF_020515715.1	0.000705841	L010	GCF_003317605.1	2548992f879a8c1d74d0c43dcc2cc05a4bb2fc720de702bce25732b7d98e4b63
967	asm-v1-ce6707e4bf4459b3e8c11920	GCF_004960325.1	GCF_004960325.1	exact_assembly_revision:GCF_004960325.1	EX0967	ND0958	GCF_004960325.1	0	AMBIGUOUS_UNROOTED_BACKBONE_OR_UNSUPPORTED		ALTERNATIVE_PARTITIONS_RETAINED_NO_FORCED_CLADE	GCF_900481955.1	0.00289224	L013	GCF_900481955.1	4ad689803fd568d560c090291ca5338ab28c38b3c8dac140ca2fb6b3637de1cf
968	asm-v1-1640ddc65a9aa991d90e531a	GCF_005391685.1	GCF_005391685.1	exact_assembly_revision:GCF_005391685.1	EX0968	ND0959	GCF_005391685.1	0	SUPPORTED_FIXED	HC001	MASH_PARAMETER_AND_SEED_STABLE_SPLIT	GCF_002226715.1	0.00927756	L003	GCF_013391275.1	4323839f1ef58874951fd0447a6024f8e9441d7139d927a96200d025a8ba3529
969	asm-v1-2f2b8248fd569674e8391ffa	GCF_900536365.1	GCF_900536365.1	exact_assembly_revision:GCF_900536365.1	EX0969	ND0960	GCF_900536365.1	0	AMBIGUOUS_UNROOTED_BACKBONE_OR_UNSUPPORTED		ALTERNATIVE_PARTITIONS_RETAINED_NO_FORCED_CLADE	GCF_020085275.1	0.00059426	L012	GCF_000807565.1	f9ab229d65c6df4808bcfee784a677a1f746f1c9131ad5ef24d5e89dbdc0545b
970	asm-v1-6cc659e353b26c26a63eb1e2	GCF_000350625.1	GCF_000350625.1	exact_assembly_revision:GCF_000350625.1	EX0970	ND0961	GCF_000350625.1	0	SUPPORTED_FIXED	HC005	MASH_PARAMETER_AND_SEED_STABLE_SPLIT	GCF_902668645.1	0.000266505	L009	GCF_001520375.1	0ad4701a297d4e551f1908f518cd6dc548c19306370247a1214daba7c2e13a27
971	asm-v1-d6aad8f9c031967a31302137	GCF_001544635.1	GCF_001544635.1	exact_assembly_revision:GCF_001544635.1	EX0971	ND0001	GCF_001544635.1	0	SUPPORTED_FIXED	HC006	MASH_PARAMETER_AND_SEED_STABLE_SPLIT	GCF_002966145.1	0	L003	GCF_013391275.1	be9fe54388b8232efc860c73f7f951d427e04f308df0b0527d64fc904fec3e05
972	asm-v1-d0d15f74a3d6aea9fd823f24	GCF_005393645.1	GCF_005393645.1	exact_assembly_revision:GCF_005393645.1	EX0972	ND0962	GCF_005393645.1	0	SUPPORTED_FIXED	HC001	MASH_PARAMETER_AND_SEED_STABLE_SPLIT	GCF_014529205.1	0.00597612	L003	GCF_013391275.1	3609161cb04cb21386db4b8c5916063c774b1ecdcd2507d7524dc8385d8c7f87
973	asm-v1-f1240e81827d555918a0a673	GCF_910592775.1	GCF_910592775.1	exact_assembly_revision:GCF_910592775.1	EX0973	ND0963	GCF_910592775.1	0	AMBIGUOUS_UNROOTED_BACKBONE_OR_UNSUPPORTED		ALTERNATIVE_PARTITIONS_RETAINED_NO_FORCED_CLADE	GCF_910592755.1	0.0144922	L014	GCF_009880335.1	8a42c5b97e4a282dbc16b5ad74d5bd0b61bd254fba3454abd92f5a9f87d1fcf0
974	asm-v1-994c8625959c6aa9f69fc1fe	GCF_001900635.1	GCF_001900635.1	exact_assembly_revision:GCF_001900635.1	EX0974	ND0964	GCF_001900635.1	0	SUPPORTED_FIXED	HC001	MASH_PARAMETER_AND_SEED_STABLE_SPLIT	GCF_015644385.1	0.0021647	L003	GCF_013391275.1	b23822b7e022532879174d3b2346998461799df7f121e27cf608ef5f2831aca1
975	asm-v1-eefb33fdd9c32bff86175c4a	GCF_900480075.1	GCF_900480075.1	exact_assembly_revision:GCF_900480075.1	EX0975	ND0965	GCF_900480075.1	0	AMBIGUOUS_UNROOTED_BACKBONE_OR_UNSUPPORTED		ALTERNATIVE_PARTITIONS_RETAINED_NO_FORCED_CLADE	GCF_014529055.1	0.00582159	L003	GCF_013391275.1	818777680c5409de2454f6291a0b62b0948bdfdac04bb6c50b16ba82f40ea368
976	asm-v1-01e585c4f709c35d213bcc85	GCF_902161775.1	GCF_902161775.1	exact_assembly_revision:GCF_902161775.1	EX0976	ND0966	GCF_902161775.1	0	AMBIGUOUS_UNROOTED_BACKBONE_OR_UNSUPPORTED		ALTERNATIVE_PARTITIONS_RETAINED_NO_FORCED_CLADE	GCF_002166175.1	0.00216742	L012	GCF_000807565.1	8d548de9261275e8c2be21cf7720adca01525ffb90b9866155f62f4b705c838b
977	asm-v1-4e1ab684b10eba7365188aae	GCF_001606815.1	GCF_001606815.1	exact_assembly_revision:GCF_001606815.1	EX0977	ND0967	GCF_001606815.1	0	SUPPORTED_FIXED	HC001	MASH_PARAMETER_AND_SEED_STABLE_SPLIT	GCF_002764815.1	0.00143086	L003	GCF_013391275.1	31c6b160687ea68568f2dc8635114c857b4b65b9e665e42f21d1e7c4753935cb
978	asm-v1-8d9499928b899032a65d2bc0	GCF_007954255.1	GCF_007954255.1	exact_assembly_revision:GCF_007954255.1	EX0978	ND0968	GCF_007954255.1	0	AMBIGUOUS_UNROOTED_BACKBONE_OR_UNSUPPORTED		ALTERNATIVE_PARTITIONS_RETAINED_NO_FORCED_CLADE	GCF_002534845.1	0.00328247	L006	GCF_002534845.1	fe120d244f8e75a7d668a1dd1e94453f12b87b92d094b125037687463e5e0d5e
979	asm-v1-85673e96b53037ba6cfe4798	GCF_002521475.1	GCF_002521475.1	exact_assembly_revision:GCF_002521475.1	EX0979	ND0969	GCF_002521475.1	0	AMBIGUOUS_UNROOTED_BACKBONE_OR_UNSUPPORTED		ALTERNATIVE_PARTITIONS_RETAINED_NO_FORCED_CLADE	GCF_003304555.1	0.00512897	L003	GCF_013391275.1	482910331111274cba777e7345e7c4d4e92d4747eb81c681f696cb085eccec88
980	asm-v1-a5c52fab7f97ed077e4176ea	GCF_017598525.1	GCF_017598525.1	exact_assembly_revision:GCF_017598525.1	EX0980	ND0970	GCF_017598525.1	0	AMBIGUOUS_UNROOTED_BACKBONE_OR_UNSUPPORTED		ALTERNATIVE_PARTITIONS_RETAINED_NO_FORCED_CLADE	GCF_003014845.1	0.00454274	L013	GCF_900481955.1	db4033d0b79e40922249d87d51858c3ac6f3db525b3e8c8505cdb80c3cc148aa
981	asm-v1-0cf93a12780c6bacc11475d9	GCF_012329005.1	GCF_012329005.1	exact_assembly_revision:GCF_012329005.1	EX0981	ND0971	GCF_012329005.1	0	AMBIGUOUS_UNROOTED_BACKBONE_OR_UNSUPPORTED		ALTERNATIVE_PARTITIONS_RETAINED_NO_FORCED_CLADE	GCF_012328945.1	0.00175391	L003	GCF_013391275.1	05323f5a087576e9adde1fcc9926ec36e3f7ef76bfd1b8105e9d7dd099a9b6c9
982	asm-v1-bcf2eae2c44a1f70f662c00a	GCF_907175915.1	GCF_907175915.1	exact_assembly_revision:GCF_907175915.1	EX0982	ND0972	GCF_907175915.1	0	SUPPORTED_FIXED	HC003	MASH_PARAMETER_AND_SEED_STABLE_SPLIT	GCF_002542995.1	0.00547692	L003	GCF_013391275.1	46bf842a48945530be3b26a81c075cdd16f6a1601aacc8c3427c64d45708b567
983	asm-v1-9b58aa9c67fa5fc8c6a75370	GCF_001058555.1	GCF_001058555.1	exact_assembly_revision:GCF_001058555.1	EX0983	ND0973	GCF_001058555.1	0	AMBIGUOUS_UNROOTED_BACKBONE_OR_UNSUPPORTED		ALTERNATIVE_PARTITIONS_RETAINED_NO_FORCED_CLADE	GCF_003322245.1	0.004991	L006	GCF_002534845.1	20d1781b59636a0cb72381034b59023b142d0511b4b6fb8409f455711ed46745
984	asm-v1-65ee10abdb55310afaac7d27	GCF_002231155.1	GCF_002231155.1	exact_assembly_revision:GCF_002231155.1	EX0984	ND0974	GCF_002231155.1	0	SUPPORTED_FIXED	HC001	MASH_PARAMETER_AND_SEED_STABLE_SPLIT	GCF_000781435.1	0.00169038	L003	GCF_013391275.1	b682a4318083564cd0800bdd32273b292c27c3de0193cdc85b22e3e542e8b0e8
985	asm-v1-bbd37aa47a3d05fac3d09568	GCF_002486895.1	GCF_002486895.1	exact_assembly_revision:GCF_002486895.1	EX0985	ND0975	GCF_002486895.1	0	AMBIGUOUS_UNROOTED_BACKBONE_OR_UNSUPPORTED		ALTERNATIVE_PARTITIONS_RETAINED_NO_FORCED_CLADE	GCF_900536605.1	0.00292348	L003	GCF_013391275.1	3e7a33103ae79628727df2bf9a51e43dec37e3928225ae2c163170c7c240f037
986	asm-v1-3302253afacdf4083899257d	GCF_001440645.1	GCF_001440645.1	exact_assembly_revision:GCF_001440645.1	EX0986	ND0976	GCF_001440645.1	0	SUPPORTED_FIXED	HC001	MASH_PARAMETER_AND_SEED_STABLE_SPLIT	GCF_000446365.2	0.00695266	L003	GCF_013391275.1	2d774ee02ee9c9ffc91e9319521022d1a50f34ece5f72550d2572e7873aec6dc
987	asm-v1-2b11a984ebd09841591406b5	GCF_003627195.1	GCF_003627195.1	exact_assembly_revision:GCF_003627195.1	EX0987	ND0001	GCF_001544635.1	9.52667e-06	SUPPORTED_FIXED	HC006	MASH_PARAMETER_AND_SEED_STABLE_SPLIT	GCF_000005845.2	7.14446e-06	L003	GCF_013391275.1	8847c9e18475ac0873cd22402bd7c160e1fd01b62100b622531786a3e0d5742f
988	asm-v1-91bbd9eb4031f5ec66c1869e	GCF_902165125.1	GCF_902165125.1	exact_assembly_revision:GCF_902165125.1	EX0988	ND0977	GCF_902165125.1	0	SUPPORTED_FIXED	HC001	MASH_PARAMETER_AND_SEED_STABLE_SPLIT	GCF_002537165.1	0.00874374	L003	GCF_013391275.1	95d1ee2298dc0b4efbca56b8141a2a0fc1c5f1c0bd73c9d62cd636551b59bd16
989	asm-v1-14e61019f06a2ef132a170ba	GCF_002458855.1	GCF_002458855.1	exact_assembly_revision:GCF_002458855.1	EX0989	ND0978	GCF_002458855.1	0	SUPPORTED_FIXED	HC001	MASH_PARAMETER_AND_SEED_STABLE_SPLIT	GCF_000234605.1	0.00280734	L003	GCF_013391275.1	a826d0c80cca44ff64cf1469799e3cf77f739e0be973518dd39191c7b8e061bb
990	asm-v1-28cf294fd0cfc71f38bca065	GCF_001677775.2	GCF_001677775.2	exact_assembly_revision:GCF_001677775.2	EX0990	ND0979	GCF_001677775.2	0	SUPPORTED_FIXED	HC002	MASH_PARAMETER_AND_SEED_STABLE_SPLIT	GCF_001677715.2	0.000838252	L008	GCF_002806795.1	5a0e612bb868a97d5353bab36fae4c7c5405267a701d509406e6d6536c809061
991	asm-v1-481a6397bf203d3741eb0da8	GCF_014894765.1	GCF_014894765.1	exact_assembly_revision:GCF_014894765.1	EX0991	ND0980	GCF_014894765.1	0	SUPPORTED_FIXED	HC001	MASH_PARAMETER_AND_SEED_STABLE_SPLIT	GCF_015690155.1	0.00358398	L003	GCF_013391275.1	6eb126dc0c836d1b4a0e81f622eff2ce6ae00166bf65a816a24ef813db10e815
992	asm-v1-0f2755ca12919d1be4e52792	GCF_003886735.1	GCF_003886735.1	exact_assembly_revision:GCF_003886735.1	EX0992	ND0981	GCF_003886735.1	0	AMBIGUOUS_UNROOTED_BACKBONE_OR_UNSUPPORTED		ALTERNATIVE_PARTITIONS_RETAINED_NO_FORCED_CLADE	GCF_002534845.1	0.0156702	L006	GCF_002534845.1	9f51e9f12808c621436e88ab04d385a48b11ccf72d4da27453cb4656d4526903
993	asm-v1-7edde9c13b9203bece0c6fbb	GCF_003255085.1	GCF_003255085.1	exact_assembly_revision:GCF_003255085.1	EX0993	ND0982	GCF_003255085.1	0	SUPPORTED_FIXED	HC001	MASH_PARAMETER_AND_SEED_STABLE_SPLIT	GCF_003113075.1	0.000648715	L003	GCF_013391275.1	2570d6192b7d3162acc59badbe285e1c52ad9ffd9d0c079dd071b4578aed46f5
994	asm-v1-73658fe59b20831c678e2441	GCF_002886295.1	GCF_002886295.1	exact_assembly_revision:GCF_002886295.1	EX0994	ND0983	GCF_002886295.1	0	AMBIGUOUS_UNROOTED_BACKBONE_OR_UNSUPPORTED		ALTERNATIVE_PARTITIONS_RETAINED_NO_FORCED_CLADE	GCF_004568995.1	0.00109361	L010	GCF_003317605.1	f5405dc778b949e330e6777ae766559dfdcf780b7c4ead2a1af906cfc19ad60f
995	asm-v1-57604ba864d7ba91075da1ee	GCF_012063405.1	GCF_012063405.1	exact_assembly_revision:GCF_012063405.1	EX0995	ND0984	GCF_012063405.1	0	AMBIGUOUS_UNROOTED_BACKBONE_OR_UNSUPPORTED		ALTERNATIVE_PARTITIONS_RETAINED_NO_FORCED_CLADE	GCF_002193385.1	0.0137488	L011	GCF_009910875.1	418cf2edfec57777f3dfa75751dcd1ff82708ee3752aba7f7d6bcafd660df1f1
996	asm-v1-7018cc5c7c27a6631cda78f8	GCF_006241135.1	GCF_006241135.1	exact_assembly_revision:GCF_006241135.1	EX0996	ND0985	GCF_006241135.1	0	AMBIGUOUS_UNROOTED_BACKBONE_OR_UNSUPPORTED		ALTERNATIVE_PARTITIONS_RETAINED_NO_FORCED_CLADE	GCF_003301195.1	0.00118304	L010	GCF_003317605.1	2f5b63c62e284c14ed020143b3b87cfa3e420350709ba487e24ccca953611339
997	asm-v1-315eae83eb42f85e2bffe7bb	GCF_003301775.1	GCF_003301775.1	exact_assembly_revision:GCF_003301775.1	EX0997	ND0986	GCF_003301775.1	0	AMBIGUOUS_UNROOTED_BACKBONE_OR_UNSUPPORTED		ALTERNATIVE_PARTITIONS_RETAINED_NO_FORCED_CLADE	GCF_013395785.1	0.00760354	L003	GCF_013391275.1	876d19b043bbee826abfae8276800bcda112d2ce5f90a2e41c582d6f65db8e6f
998	asm-v1-d8e2f6dcf7dbddb4d0d2faa6	GCF_002232595.1	GCF_002232595.1	exact_assembly_revision:GCF_002232595.1	EX0998	ND0987	GCF_002232595.1	0	AMBIGUOUS_UNROOTED_BACKBONE_OR_UNSUPPORTED		ALTERNATIVE_PARTITIONS_RETAINED_NO_FORCED_CLADE	GCF_902810185.1	0.00338142	L011	GCF_009910875.1	fb0b5a45c183bc7fe2e37616d35fb1aa9d4012afb2f05305079299536c370a20
999	asm-v1-2120fa327da2fd9de7601c8a	GCF_020732485.1	GCF_020732485.1	exact_assembly_revision:GCF_020732485.1	EX0999	ND0988	GCF_020732485.1	0	SUPPORTED_FIXED	HC001	MASH_PARAMETER_AND_SEED_STABLE_SPLIT	GCF_005393145.1	0.00262483	L003	GCF_013391275.1	683e9dd0695f402f79ec7b163889fb8fed7577c6e97f981d7144334312ed84bd
1000	asm-v1-6afd1b08637623ba6ca6ea60	GCF_017570625.1	GCF_017570625.1	exact_assembly_revision:GCF_017570625.1	EX1000	ND0989	GCF_017570625.1	0	AMBIGUOUS_UNROOTED_BACKBONE_OR_UNSUPPORTED		ALTERNATIVE_PARTITIONS_RETAINED_NO_FORCED_CLADE	GCF_017163055.1	0.003239	L003	GCF_013391275.1	b04fa3cc3d72fa3206189607c1b703049ba92ed5bee7de35121d9653b6f54318
