genome_id	gff_path	gene_count
ntm3_0_0000_ML	/mnt/nvme3n1/erikg/phind-genome-work/ntm/v3/annotation/pharokka_out/per_genome_gff/ntm3_0_0000_ML.gff	316
ntm3_0_0001_ML	/mnt/nvme3n1/erikg/phind-genome-work/ntm/v3/annotation/pharokka_out/per_genome_gff/ntm3_0_0001_ML.gff	297
ntm3_0_0002_ML	/mnt/nvme3n1/erikg/phind-genome-work/ntm/v3/annotation/pharokka_out/per_genome_gff/ntm3_0_0002_ML.gff	303
ntm3_0_0003_ML	/mnt/nvme3n1/erikg/phind-genome-work/ntm/v3/annotation/pharokka_out/per_genome_gff/ntm3_0_0003_ML.gff	284
ntm3_0_0004_ML	/mnt/nvme3n1/erikg/phind-genome-work/ntm/v3/annotation/pharokka_out/per_genome_gff/ntm3_0_0004_ML.gff	305
ntm3_0_0005_ML	/mnt/nvme3n1/erikg/phind-genome-work/ntm/v3/annotation/pharokka_out/per_genome_gff/ntm3_0_0005_ML.gff	302
ntm3_0_0006_ML	/mnt/nvme3n1/erikg/phind-genome-work/ntm/v3/annotation/pharokka_out/per_genome_gff/ntm3_0_0006_ML.gff	295
ntm3_0_0007_ML	/mnt/nvme3n1/erikg/phind-genome-work/ntm/v3/annotation/pharokka_out/per_genome_gff/ntm3_0_0007_ML.gff	322
ntm3_0_0008_ML	/mnt/nvme3n1/erikg/phind-genome-work/ntm/v3/annotation/pharokka_out/per_genome_gff/ntm3_0_0008_ML.gff	305
ntm3_0_0009_ML	/mnt/nvme3n1/erikg/phind-genome-work/ntm/v3/annotation/pharokka_out/per_genome_gff/ntm3_0_0009_ML.gff	291
ntm3_0_0010_ML	/mnt/nvme3n1/erikg/phind-genome-work/ntm/v3/annotation/pharokka_out/per_genome_gff/ntm3_0_0010_ML.gff	301
ntm3_0_0011_ML	/mnt/nvme3n1/erikg/phind-genome-work/ntm/v3/annotation/pharokka_out/per_genome_gff/ntm3_0_0011_ML.gff	260
ntm3_0_0012_ML	/mnt/nvme3n1/erikg/phind-genome-work/ntm/v3/annotation/pharokka_out/per_genome_gff/ntm3_0_0012_ML.gff	310
ntm3_0_0013_ML	/mnt/nvme3n1/erikg/phind-genome-work/ntm/v3/annotation/pharokka_out/per_genome_gff/ntm3_0_0013_ML.gff	316
ntm3_0_0014_ML	/mnt/nvme3n1/erikg/phind-genome-work/ntm/v3/annotation/pharokka_out/per_genome_gff/ntm3_0_0014_ML.gff	254
ntm3_0_0015_ML	/mnt/nvme3n1/erikg/phind-genome-work/ntm/v3/annotation/pharokka_out/per_genome_gff/ntm3_0_0015_ML.gff	311
ntm3_0_0016_ML	/mnt/nvme3n1/erikg/phind-genome-work/ntm/v3/annotation/pharokka_out/per_genome_gff/ntm3_0_0016_ML.gff	283
ntm3_0_0017_ML	/mnt/nvme3n1/erikg/phind-genome-work/ntm/v3/annotation/pharokka_out/per_genome_gff/ntm3_0_0017_ML.gff	269
ntm3_0_0018_ML	/mnt/nvme3n1/erikg/phind-genome-work/ntm/v3/annotation/pharokka_out/per_genome_gff/ntm3_0_0018_ML.gff	329
ntm3_0_0019_ML	/mnt/nvme3n1/erikg/phind-genome-work/ntm/v3/annotation/pharokka_out/per_genome_gff/ntm3_0_0019_ML.gff	322
ntm3_0_0020_ML	/mnt/nvme3n1/erikg/phind-genome-work/ntm/v3/annotation/pharokka_out/per_genome_gff/ntm3_0_0020_ML.gff	257
ntm3_0_0021_ML	/mnt/nvme3n1/erikg/phind-genome-work/ntm/v3/annotation/pharokka_out/per_genome_gff/ntm3_0_0021_ML.gff	324
ntm3_0_0022_ML	/mnt/nvme3n1/erikg/phind-genome-work/ntm/v3/annotation/pharokka_out/per_genome_gff/ntm3_0_0022_ML.gff	262
ntm3_0_0023_ML	/mnt/nvme3n1/erikg/phind-genome-work/ntm/v3/annotation/pharokka_out/per_genome_gff/ntm3_0_0023_ML.gff	323
ntm3_0_0024_ML	/mnt/nvme3n1/erikg/phind-genome-work/ntm/v3/annotation/pharokka_out/per_genome_gff/ntm3_0_0024_ML.gff	271
ntm3_0_0025_ML	/mnt/nvme3n1/erikg/phind-genome-work/ntm/v3/annotation/pharokka_out/per_genome_gff/ntm3_0_0025_ML.gff	300
ntm3_0_0026_ML	/mnt/nvme3n1/erikg/phind-genome-work/ntm/v3/annotation/pharokka_out/per_genome_gff/ntm3_0_0026_ML.gff	313
ntm3_0_0027_ML	/mnt/nvme3n1/erikg/phind-genome-work/ntm/v3/annotation/pharokka_out/per_genome_gff/ntm3_0_0027_ML.gff	278
ntm3_0_0028_ML	/mnt/nvme3n1/erikg/phind-genome-work/ntm/v3/annotation/pharokka_out/per_genome_gff/ntm3_0_0028_ML.gff	267
ntm3_0_0029_ML	/mnt/nvme3n1/erikg/phind-genome-work/ntm/v3/annotation/pharokka_out/per_genome_gff/ntm3_0_0029_ML.gff	280
ntm3_0_0030_ML	/mnt/nvme3n1/erikg/phind-genome-work/ntm/v3/annotation/pharokka_out/per_genome_gff/ntm3_0_0030_ML.gff	278
ntm3_0_0031_ML	/mnt/nvme3n1/erikg/phind-genome-work/ntm/v3/annotation/pharokka_out/per_genome_gff/ntm3_0_0031_ML.gff	247
ntm3_0_0032_ML	/mnt/nvme3n1/erikg/phind-genome-work/ntm/v3/annotation/pharokka_out/per_genome_gff/ntm3_0_0032_ML.gff	277
ntm3_0_0033_ML	/mnt/nvme3n1/erikg/phind-genome-work/ntm/v3/annotation/pharokka_out/per_genome_gff/ntm3_0_0033_ML.gff	305
ntm3_0_0034_ML	/mnt/nvme3n1/erikg/phind-genome-work/ntm/v3/annotation/pharokka_out/per_genome_gff/ntm3_0_0034_ML.gff	307
ntm3_0_0035_ML	/mnt/nvme3n1/erikg/phind-genome-work/ntm/v3/annotation/pharokka_out/per_genome_gff/ntm3_0_0035_ML.gff	316
ntm3_0_0036_ML	/mnt/nvme3n1/erikg/phind-genome-work/ntm/v3/annotation/pharokka_out/per_genome_gff/ntm3_0_0036_ML.gff	282
ntm3_0_0037_ML	/mnt/nvme3n1/erikg/phind-genome-work/ntm/v3/annotation/pharokka_out/per_genome_gff/ntm3_0_0037_ML.gff	285
ntm3_0_0038_ML	/mnt/nvme3n1/erikg/phind-genome-work/ntm/v3/annotation/pharokka_out/per_genome_gff/ntm3_0_0038_ML.gff	315
ntm3_0_0039_ML	/mnt/nvme3n1/erikg/phind-genome-work/ntm/v3/annotation/pharokka_out/per_genome_gff/ntm3_0_0039_ML.gff	303
ntm3_0_0040_ML	/mnt/nvme3n1/erikg/phind-genome-work/ntm/v3/annotation/pharokka_out/per_genome_gff/ntm3_0_0040_ML.gff	237
ntm3_0_0041_ML	/mnt/nvme3n1/erikg/phind-genome-work/ntm/v3/annotation/pharokka_out/per_genome_gff/ntm3_0_0041_ML.gff	242
ntm3_0_0042_ML	/mnt/nvme3n1/erikg/phind-genome-work/ntm/v3/annotation/pharokka_out/per_genome_gff/ntm3_0_0042_ML.gff	254
ntm3_0_0043_ML	/mnt/nvme3n1/erikg/phind-genome-work/ntm/v3/annotation/pharokka_out/per_genome_gff/ntm3_0_0043_ML.gff	261
ntm3_0_0044_ML	/mnt/nvme3n1/erikg/phind-genome-work/ntm/v3/annotation/pharokka_out/per_genome_gff/ntm3_0_0044_ML.gff	303
ntm3_0_0045_ML	/mnt/nvme3n1/erikg/phind-genome-work/ntm/v3/annotation/pharokka_out/per_genome_gff/ntm3_0_0045_ML.gff	312
ntm3_0_0046_ML	/mnt/nvme3n1/erikg/phind-genome-work/ntm/v3/annotation/pharokka_out/per_genome_gff/ntm3_0_0046_ML.gff	271
ntm3_0_0047_ML	/mnt/nvme3n1/erikg/phind-genome-work/ntm/v3/annotation/pharokka_out/per_genome_gff/ntm3_0_0047_ML.gff	292
ntm3_0_0048_ML	/mnt/nvme3n1/erikg/phind-genome-work/ntm/v3/annotation/pharokka_out/per_genome_gff/ntm3_0_0048_ML.gff	279
ntm3_0_0049_ML	/mnt/nvme3n1/erikg/phind-genome-work/ntm/v3/annotation/pharokka_out/per_genome_gff/ntm3_0_0049_ML.gff	289
ntm3_0_0050_ML	/mnt/nvme3n1/erikg/phind-genome-work/ntm/v3/annotation/pharokka_out/per_genome_gff/ntm3_0_0050_ML.gff	290
ntm3_0_0051_ML	/mnt/nvme3n1/erikg/phind-genome-work/ntm/v3/annotation/pharokka_out/per_genome_gff/ntm3_0_0051_ML.gff	281
ntm3_0_0052_ML	/mnt/nvme3n1/erikg/phind-genome-work/ntm/v3/annotation/pharokka_out/per_genome_gff/ntm3_0_0052_ML.gff	301
ntm3_0_0053_ML	/mnt/nvme3n1/erikg/phind-genome-work/ntm/v3/annotation/pharokka_out/per_genome_gff/ntm3_0_0053_ML.gff	306
ntm3_0_0054_ML	/mnt/nvme3n1/erikg/phind-genome-work/ntm/v3/annotation/pharokka_out/per_genome_gff/ntm3_0_0054_ML.gff	284
ntm3_0_0055_ML	/mnt/nvme3n1/erikg/phind-genome-work/ntm/v3/annotation/pharokka_out/per_genome_gff/ntm3_0_0055_ML.gff	305
ntm3_0_0056_ML	/mnt/nvme3n1/erikg/phind-genome-work/ntm/v3/annotation/pharokka_out/per_genome_gff/ntm3_0_0056_ML.gff	297
ntm3_0_0057_ML	/mnt/nvme3n1/erikg/phind-genome-work/ntm/v3/annotation/pharokka_out/per_genome_gff/ntm3_0_0057_ML.gff	270
ntm3_0_0058_ML	/mnt/nvme3n1/erikg/phind-genome-work/ntm/v3/annotation/pharokka_out/per_genome_gff/ntm3_0_0058_ML.gff	286
ntm3_0_0059_ML	/mnt/nvme3n1/erikg/phind-genome-work/ntm/v3/annotation/pharokka_out/per_genome_gff/ntm3_0_0059_ML.gff	265
ntm3_0_0060_ML	/mnt/nvme3n1/erikg/phind-genome-work/ntm/v3/annotation/pharokka_out/per_genome_gff/ntm3_0_0060_ML.gff	299
ntm3_0_0061_ML	/mnt/nvme3n1/erikg/phind-genome-work/ntm/v3/annotation/pharokka_out/per_genome_gff/ntm3_0_0061_ML.gff	318
ntm3_0_0062_ML	/mnt/nvme3n1/erikg/phind-genome-work/ntm/v3/annotation/pharokka_out/per_genome_gff/ntm3_0_0062_ML.gff	306
ntm3_0_0063_ML	/mnt/nvme3n1/erikg/phind-genome-work/ntm/v3/annotation/pharokka_out/per_genome_gff/ntm3_0_0063_ML.gff	307
ntm3_0_0064_ML	/mnt/nvme3n1/erikg/phind-genome-work/ntm/v3/annotation/pharokka_out/per_genome_gff/ntm3_0_0064_ML.gff	307
ntm3_0_0065_ML	/mnt/nvme3n1/erikg/phind-genome-work/ntm/v3/annotation/pharokka_out/per_genome_gff/ntm3_0_0065_ML.gff	303
ntm3_0_0066_ML	/mnt/nvme3n1/erikg/phind-genome-work/ntm/v3/annotation/pharokka_out/per_genome_gff/ntm3_0_0066_ML.gff	308
ntm3_0_0067_ML	/mnt/nvme3n1/erikg/phind-genome-work/ntm/v3/annotation/pharokka_out/per_genome_gff/ntm3_0_0067_ML.gff	298
ntm3_0_0068_ML	/mnt/nvme3n1/erikg/phind-genome-work/ntm/v3/annotation/pharokka_out/per_genome_gff/ntm3_0_0068_ML.gff	276
ntm3_0_0069_ML	/mnt/nvme3n1/erikg/phind-genome-work/ntm/v3/annotation/pharokka_out/per_genome_gff/ntm3_0_0069_ML.gff	291
ntm3_0_0070_ML	/mnt/nvme3n1/erikg/phind-genome-work/ntm/v3/annotation/pharokka_out/per_genome_gff/ntm3_0_0070_ML.gff	278
ntm3_0_0071_ML	/mnt/nvme3n1/erikg/phind-genome-work/ntm/v3/annotation/pharokka_out/per_genome_gff/ntm3_0_0071_ML.gff	380
ntm3_0_0072_ML	/mnt/nvme3n1/erikg/phind-genome-work/ntm/v3/annotation/pharokka_out/per_genome_gff/ntm3_0_0072_ML.gff	281
ntm3_0_0073_ML	/mnt/nvme3n1/erikg/phind-genome-work/ntm/v3/annotation/pharokka_out/per_genome_gff/ntm3_0_0073_ML.gff	305
ntm3_0_0074_ML	/mnt/nvme3n1/erikg/phind-genome-work/ntm/v3/annotation/pharokka_out/per_genome_gff/ntm3_0_0074_ML.gff	269
ntm3_0_0075_ML	/mnt/nvme3n1/erikg/phind-genome-work/ntm/v3/annotation/pharokka_out/per_genome_gff/ntm3_0_0075_ML.gff	299
ntm3_0_0076_ML	/mnt/nvme3n1/erikg/phind-genome-work/ntm/v3/annotation/pharokka_out/per_genome_gff/ntm3_0_0076_ML.gff	303
ntm3_0_0077_ML	/mnt/nvme3n1/erikg/phind-genome-work/ntm/v3/annotation/pharokka_out/per_genome_gff/ntm3_0_0077_ML.gff	309
ntm3_0_0078_ML	/mnt/nvme3n1/erikg/phind-genome-work/ntm/v3/annotation/pharokka_out/per_genome_gff/ntm3_0_0078_ML.gff	305
ntm3_0_0079_ML	/mnt/nvme3n1/erikg/phind-genome-work/ntm/v3/annotation/pharokka_out/per_genome_gff/ntm3_0_0079_ML.gff	283
ntm3_0_0080_ML	/mnt/nvme3n1/erikg/phind-genome-work/ntm/v3/annotation/pharokka_out/per_genome_gff/ntm3_0_0080_ML.gff	312
ntm3_0_0081_ML	/mnt/nvme3n1/erikg/phind-genome-work/ntm/v3/annotation/pharokka_out/per_genome_gff/ntm3_0_0081_ML.gff	292
ntm3_0_0082_ML	/mnt/nvme3n1/erikg/phind-genome-work/ntm/v3/annotation/pharokka_out/per_genome_gff/ntm3_0_0082_ML.gff	290
ntm3_0_0083_ML	/mnt/nvme3n1/erikg/phind-genome-work/ntm/v3/annotation/pharokka_out/per_genome_gff/ntm3_0_0083_ML.gff	294
ntm3_0_0084_ML	/mnt/nvme3n1/erikg/phind-genome-work/ntm/v3/annotation/pharokka_out/per_genome_gff/ntm3_0_0084_ML.gff	316
ntm3_0_0085_ML	/mnt/nvme3n1/erikg/phind-genome-work/ntm/v3/annotation/pharokka_out/per_genome_gff/ntm3_0_0085_ML.gff	278
ntm3_0_0086_ML	/mnt/nvme3n1/erikg/phind-genome-work/ntm/v3/annotation/pharokka_out/per_genome_gff/ntm3_0_0086_ML.gff	308
ntm3_0_0087_ML	/mnt/nvme3n1/erikg/phind-genome-work/ntm/v3/annotation/pharokka_out/per_genome_gff/ntm3_0_0087_ML.gff	334
ntm3_0_0088_ML	/mnt/nvme3n1/erikg/phind-genome-work/ntm/v3/annotation/pharokka_out/per_genome_gff/ntm3_0_0088_ML.gff	300
ntm3_0_0089_ML	/mnt/nvme3n1/erikg/phind-genome-work/ntm/v3/annotation/pharokka_out/per_genome_gff/ntm3_0_0089_ML.gff	287
ntm3_0_0090_ML	/mnt/nvme3n1/erikg/phind-genome-work/ntm/v3/annotation/pharokka_out/per_genome_gff/ntm3_0_0090_ML.gff	303
ntm3_0_0091_ML	/mnt/nvme3n1/erikg/phind-genome-work/ntm/v3/annotation/pharokka_out/per_genome_gff/ntm3_0_0091_ML.gff	304
ntm3_0_0092_ML	/mnt/nvme3n1/erikg/phind-genome-work/ntm/v3/annotation/pharokka_out/per_genome_gff/ntm3_0_0092_ML.gff	261
ntm3_0_0093_ML	/mnt/nvme3n1/erikg/phind-genome-work/ntm/v3/annotation/pharokka_out/per_genome_gff/ntm3_0_0093_ML.gff	313
ntm3_0_0094_ML	/mnt/nvme3n1/erikg/phind-genome-work/ntm/v3/annotation/pharokka_out/per_genome_gff/ntm3_0_0094_ML.gff	286
ntm3_0_0095_ML	/mnt/nvme3n1/erikg/phind-genome-work/ntm/v3/annotation/pharokka_out/per_genome_gff/ntm3_0_0095_ML.gff	329
ntm3_0_0096_ML	/mnt/nvme3n1/erikg/phind-genome-work/ntm/v3/annotation/pharokka_out/per_genome_gff/ntm3_0_0096_ML.gff	268
ntm3_0_0097_ML	/mnt/nvme3n1/erikg/phind-genome-work/ntm/v3/annotation/pharokka_out/per_genome_gff/ntm3_0_0097_ML.gff	253
ntm3_0_0098_ML	/mnt/nvme3n1/erikg/phind-genome-work/ntm/v3/annotation/pharokka_out/per_genome_gff/ntm3_0_0098_ML.gff	269
ntm3_0_0099_ML	/mnt/nvme3n1/erikg/phind-genome-work/ntm/v3/annotation/pharokka_out/per_genome_gff/ntm3_0_0099_ML.gff	297
ntm3_0_0100_ML	/mnt/nvme3n1/erikg/phind-genome-work/ntm/v3/annotation/pharokka_out/per_genome_gff/ntm3_0_0100_ML.gff	94
ntm3_0_0101_ML	/mnt/nvme3n1/erikg/phind-genome-work/ntm/v3/annotation/pharokka_out/per_genome_gff/ntm3_0_0101_ML.gff	319
ntm3_0_0102_ML	/mnt/nvme3n1/erikg/phind-genome-work/ntm/v3/annotation/pharokka_out/per_genome_gff/ntm3_0_0102_ML.gff	291
ntm3_0_0103_ML	/mnt/nvme3n1/erikg/phind-genome-work/ntm/v3/annotation/pharokka_out/per_genome_gff/ntm3_0_0103_ML.gff	370
ntm3_0_0104_ML	/mnt/nvme3n1/erikg/phind-genome-work/ntm/v3/annotation/pharokka_out/per_genome_gff/ntm3_0_0104_ML.gff	308
ntm3_0_0105_ML	/mnt/nvme3n1/erikg/phind-genome-work/ntm/v3/annotation/pharokka_out/per_genome_gff/ntm3_0_0105_ML.gff	349
ntm3_0_0106_ML	/mnt/nvme3n1/erikg/phind-genome-work/ntm/v3/annotation/pharokka_out/per_genome_gff/ntm3_0_0106_ML.gff	363
ntm3_0_0107_ML	/mnt/nvme3n1/erikg/phind-genome-work/ntm/v3/annotation/pharokka_out/per_genome_gff/ntm3_0_0107_ML.gff	380
ntm3_0_0108_ML	/mnt/nvme3n1/erikg/phind-genome-work/ntm/v3/annotation/pharokka_out/per_genome_gff/ntm3_0_0108_ML.gff	374
ntm3_0_0109_ML	/mnt/nvme3n1/erikg/phind-genome-work/ntm/v3/annotation/pharokka_out/per_genome_gff/ntm3_0_0109_ML.gff	393
ntm3_0_0110_ML	/mnt/nvme3n1/erikg/phind-genome-work/ntm/v3/annotation/pharokka_out/per_genome_gff/ntm3_0_0110_ML.gff	390
ntm3_0_0111_ML	/mnt/nvme3n1/erikg/phind-genome-work/ntm/v3/annotation/pharokka_out/per_genome_gff/ntm3_0_0111_ML.gff	382
ntm3_0_0112_ML	/mnt/nvme3n1/erikg/phind-genome-work/ntm/v3/annotation/pharokka_out/per_genome_gff/ntm3_0_0112_ML.gff	371
ntm3_0_0113_ML	/mnt/nvme3n1/erikg/phind-genome-work/ntm/v3/annotation/pharokka_out/per_genome_gff/ntm3_0_0113_ML.gff	383
ntm3_0_0114_ML	/mnt/nvme3n1/erikg/phind-genome-work/ntm/v3/annotation/pharokka_out/per_genome_gff/ntm3_0_0114_ML.gff	387
ntm3_0_0115_ML	/mnt/nvme3n1/erikg/phind-genome-work/ntm/v3/annotation/pharokka_out/per_genome_gff/ntm3_0_0115_ML.gff	391
ntm3_0_0116_ML	/mnt/nvme3n1/erikg/phind-genome-work/ntm/v3/annotation/pharokka_out/per_genome_gff/ntm3_0_0116_ML.gff	397
ntm3_0_0117_ML	/mnt/nvme3n1/erikg/phind-genome-work/ntm/v3/annotation/pharokka_out/per_genome_gff/ntm3_0_0117_ML.gff	383
ntm3_0_0118_ML	/mnt/nvme3n1/erikg/phind-genome-work/ntm/v3/annotation/pharokka_out/per_genome_gff/ntm3_0_0118_ML.gff	320
ntm3_0_0119_ML	/mnt/nvme3n1/erikg/phind-genome-work/ntm/v3/annotation/pharokka_out/per_genome_gff/ntm3_0_0119_ML.gff	75
ntm3_0_0120_ML	/mnt/nvme3n1/erikg/phind-genome-work/ntm/v3/annotation/pharokka_out/per_genome_gff/ntm3_0_0120_ML.gff	262
ntm3_0_0121_ML	/mnt/nvme3n1/erikg/phind-genome-work/ntm/v3/annotation/pharokka_out/per_genome_gff/ntm3_0_0121_ML.gff	353
ntm3_0_0122_ML	/mnt/nvme3n1/erikg/phind-genome-work/ntm/v3/annotation/pharokka_out/per_genome_gff/ntm3_0_0122_ML.gff	390
ntm3_0_0123_ML	/mnt/nvme3n1/erikg/phind-genome-work/ntm/v3/annotation/pharokka_out/per_genome_gff/ntm3_0_0123_ML.gff	333
ntm3_0_0124_ML	/mnt/nvme3n1/erikg/phind-genome-work/ntm/v3/annotation/pharokka_out/per_genome_gff/ntm3_0_0124_ML.gff	390
ntm3_0_0125_ML	/mnt/nvme3n1/erikg/phind-genome-work/ntm/v3/annotation/pharokka_out/per_genome_gff/ntm3_0_0125_ML.gff	310
ntm3_0_0126_ML	/mnt/nvme3n1/erikg/phind-genome-work/ntm/v3/annotation/pharokka_out/per_genome_gff/ntm3_0_0126_ML.gff	305
ntm3_0_0127_ML	/mnt/nvme3n1/erikg/phind-genome-work/ntm/v3/annotation/pharokka_out/per_genome_gff/ntm3_0_0127_ML.gff	296
ntm3_0_0128_ML	/mnt/nvme3n1/erikg/phind-genome-work/ntm/v3/annotation/pharokka_out/per_genome_gff/ntm3_0_0128_ML.gff	326
ntm3_0_0129_ML	/mnt/nvme3n1/erikg/phind-genome-work/ntm/v3/annotation/pharokka_out/per_genome_gff/ntm3_0_0129_ML.gff	367
ntm3_0_0130_ML	/mnt/nvme3n1/erikg/phind-genome-work/ntm/v3/annotation/pharokka_out/per_genome_gff/ntm3_0_0130_ML.gff	310
ntm3_0_0131_ML	/mnt/nvme3n1/erikg/phind-genome-work/ntm/v3/annotation/pharokka_out/per_genome_gff/ntm3_0_0131_ML.gff	294
ntm3_0_0132_ML	/mnt/nvme3n1/erikg/phind-genome-work/ntm/v3/annotation/pharokka_out/per_genome_gff/ntm3_0_0132_ML.gff	284
ntm3_0_0133_ML	/mnt/nvme3n1/erikg/phind-genome-work/ntm/v3/annotation/pharokka_out/per_genome_gff/ntm3_0_0133_ML.gff	265
ntm3_0_0134_ML	/mnt/nvme3n1/erikg/phind-genome-work/ntm/v3/annotation/pharokka_out/per_genome_gff/ntm3_0_0134_ML.gff	306
ntm3_0_0135_ML	/mnt/nvme3n1/erikg/phind-genome-work/ntm/v3/annotation/pharokka_out/per_genome_gff/ntm3_0_0135_ML.gff	263
ntm3_0_0136_ML	/mnt/nvme3n1/erikg/phind-genome-work/ntm/v3/annotation/pharokka_out/per_genome_gff/ntm3_0_0136_ML.gff	307
ntm3_0_0137_ML	/mnt/nvme3n1/erikg/phind-genome-work/ntm/v3/annotation/pharokka_out/per_genome_gff/ntm3_0_0137_ML.gff	271
ntm3_0_0138_ML	/mnt/nvme3n1/erikg/phind-genome-work/ntm/v3/annotation/pharokka_out/per_genome_gff/ntm3_0_0138_ML.gff	1
ntm3_0_0139_ML	/mnt/nvme3n1/erikg/phind-genome-work/ntm/v3/annotation/pharokka_out/per_genome_gff/ntm3_0_0139_ML.gff	68
ntm3_0_0140_ML	/mnt/nvme3n1/erikg/phind-genome-work/ntm/v3/annotation/pharokka_out/per_genome_gff/ntm3_0_0140_ML.gff	320
ntm3_0_0141_ML	/mnt/nvme3n1/erikg/phind-genome-work/ntm/v3/annotation/pharokka_out/per_genome_gff/ntm3_0_0141_ML.gff	312
ntm3_0_0142_ML	/mnt/nvme3n1/erikg/phind-genome-work/ntm/v3/annotation/pharokka_out/per_genome_gff/ntm3_0_0142_ML.gff	310
ntm3_0_0143_ML	/mnt/nvme3n1/erikg/phind-genome-work/ntm/v3/annotation/pharokka_out/per_genome_gff/ntm3_0_0143_ML.gff	303
ntm3_0_0144_ML	/mnt/nvme3n1/erikg/phind-genome-work/ntm/v3/annotation/pharokka_out/per_genome_gff/ntm3_0_0144_ML.gff	358
ntm3_0_0145_ML	/mnt/nvme3n1/erikg/phind-genome-work/ntm/v3/annotation/pharokka_out/per_genome_gff/ntm3_0_0145_ML.gff	256
ntm3_0_0146_ML	/mnt/nvme3n1/erikg/phind-genome-work/ntm/v3/annotation/pharokka_out/per_genome_gff/ntm3_0_0146_ML.gff	324
ntm3_0_0147_ML	/mnt/nvme3n1/erikg/phind-genome-work/ntm/v3/annotation/pharokka_out/per_genome_gff/ntm3_0_0147_ML.gff	288
ntm3_0_0148_ML	/mnt/nvme3n1/erikg/phind-genome-work/ntm/v3/annotation/pharokka_out/per_genome_gff/ntm3_0_0148_ML.gff	326
ntm3_0_0149_ML	/mnt/nvme3n1/erikg/phind-genome-work/ntm/v3/annotation/pharokka_out/per_genome_gff/ntm3_0_0149_ML.gff	255
ntm3_0_0150_ML	/mnt/nvme3n1/erikg/phind-genome-work/ntm/v3/annotation/pharokka_out/per_genome_gff/ntm3_0_0150_ML.gff	324
ntm3_0_0151_ML	/mnt/nvme3n1/erikg/phind-genome-work/ntm/v3/annotation/pharokka_out/per_genome_gff/ntm3_0_0151_ML.gff	266
ntm3_0_0152_ML	/mnt/nvme3n1/erikg/phind-genome-work/ntm/v3/annotation/pharokka_out/per_genome_gff/ntm3_0_0152_ML.gff	249
ntm3_0_0153_ML	/mnt/nvme3n1/erikg/phind-genome-work/ntm/v3/annotation/pharokka_out/per_genome_gff/ntm3_0_0153_ML.gff	336
ntm3_0_0154_ML	/mnt/nvme3n1/erikg/phind-genome-work/ntm/v3/annotation/pharokka_out/per_genome_gff/ntm3_0_0154_ML.gff	254
ntm3_0_0155_ML	/mnt/nvme3n1/erikg/phind-genome-work/ntm/v3/annotation/pharokka_out/per_genome_gff/ntm3_0_0155_ML.gff	239
ntm3_0_0156_ML	/mnt/nvme3n1/erikg/phind-genome-work/ntm/v3/annotation/pharokka_out/per_genome_gff/ntm3_0_0156_ML.gff	233
ntm3_0_0157_ML	/mnt/nvme3n1/erikg/phind-genome-work/ntm/v3/annotation/pharokka_out/per_genome_gff/ntm3_0_0157_ML.gff	232
ntm3_0_0158_ML	/mnt/nvme3n1/erikg/phind-genome-work/ntm/v3/annotation/pharokka_out/per_genome_gff/ntm3_0_0158_ML.gff	237
ntm3_0_0159_ML	/mnt/nvme3n1/erikg/phind-genome-work/ntm/v3/annotation/pharokka_out/per_genome_gff/ntm3_0_0159_ML.gff	223
ntm3_0_0160_ML	/mnt/nvme3n1/erikg/phind-genome-work/ntm/v3/annotation/pharokka_out/per_genome_gff/ntm3_0_0160_ML.gff	233
ntm3_0_0161_ML	/mnt/nvme3n1/erikg/phind-genome-work/ntm/v3/annotation/pharokka_out/per_genome_gff/ntm3_0_0161_ML.gff	263
ntm3_0_0162_ML	/mnt/nvme3n1/erikg/phind-genome-work/ntm/v3/annotation/pharokka_out/per_genome_gff/ntm3_0_0162_ML.gff	250
ntm3_0_0163_ML	/mnt/nvme3n1/erikg/phind-genome-work/ntm/v3/annotation/pharokka_out/per_genome_gff/ntm3_0_0163_ML.gff	250
ntm3_0_0164_ML	/mnt/nvme3n1/erikg/phind-genome-work/ntm/v3/annotation/pharokka_out/per_genome_gff/ntm3_0_0164_ML.gff	116
ntm3_0_0165_ML	/mnt/nvme3n1/erikg/phind-genome-work/ntm/v3/annotation/pharokka_out/per_genome_gff/ntm3_0_0165_ML.gff	266
ntm3_0_0166_ML	/mnt/nvme3n1/erikg/phind-genome-work/ntm/v3/annotation/pharokka_out/per_genome_gff/ntm3_0_0166_ML.gff	253
ntm3_0_0167_ML	/mnt/nvme3n1/erikg/phind-genome-work/ntm/v3/annotation/pharokka_out/per_genome_gff/ntm3_0_0167_ML.gff	224
ntm3_0_0168_ML	/mnt/nvme3n1/erikg/phind-genome-work/ntm/v3/annotation/pharokka_out/per_genome_gff/ntm3_0_0168_ML.gff	240
ntm3_0_0169_ML	/mnt/nvme3n1/erikg/phind-genome-work/ntm/v3/annotation/pharokka_out/per_genome_gff/ntm3_0_0169_ML.gff	322
ntm3_0_0170_ML	/mnt/nvme3n1/erikg/phind-genome-work/ntm/v3/annotation/pharokka_out/per_genome_gff/ntm3_0_0170_ML.gff	263
ntm3_0_0171_ML	/mnt/nvme3n1/erikg/phind-genome-work/ntm/v3/annotation/pharokka_out/per_genome_gff/ntm3_0_0171_ML.gff	226
ntm3_0_0172_ML	/mnt/nvme3n1/erikg/phind-genome-work/ntm/v3/annotation/pharokka_out/per_genome_gff/ntm3_0_0172_ML.gff	216
ntm3_0_0173_ML	/mnt/nvme3n1/erikg/phind-genome-work/ntm/v3/annotation/pharokka_out/per_genome_gff/ntm3_0_0173_ML.gff	297
ntm3_0_0174_ML	/mnt/nvme3n1/erikg/phind-genome-work/ntm/v3/annotation/pharokka_out/per_genome_gff/ntm3_0_0174_ML.gff	229
ntm3_0_0175_ML	/mnt/nvme3n1/erikg/phind-genome-work/ntm/v3/annotation/pharokka_out/per_genome_gff/ntm3_0_0175_ML.gff	235
ntm3_0_0176_ML	/mnt/nvme3n1/erikg/phind-genome-work/ntm/v3/annotation/pharokka_out/per_genome_gff/ntm3_0_0176_ML.gff	245
ntm3_0_0177_ML	/mnt/nvme3n1/erikg/phind-genome-work/ntm/v3/annotation/pharokka_out/per_genome_gff/ntm3_0_0177_ML.gff	218
ntm3_0_0178_ML	/mnt/nvme3n1/erikg/phind-genome-work/ntm/v3/annotation/pharokka_out/per_genome_gff/ntm3_0_0178_ML.gff	223
ntm3_0_0179_ML	/mnt/nvme3n1/erikg/phind-genome-work/ntm/v3/annotation/pharokka_out/per_genome_gff/ntm3_0_0179_ML.gff	220
ntm3_0_0180_ML	/mnt/nvme3n1/erikg/phind-genome-work/ntm/v3/annotation/pharokka_out/per_genome_gff/ntm3_0_0180_ML.gff	226
ntm3_0_0181_ML	/mnt/nvme3n1/erikg/phind-genome-work/ntm/v3/annotation/pharokka_out/per_genome_gff/ntm3_0_0181_ML.gff	217
ntm3_0_0182_ML	/mnt/nvme3n1/erikg/phind-genome-work/ntm/v3/annotation/pharokka_out/per_genome_gff/ntm3_0_0182_ML.gff	288
ntm3_0_0183_ML	/mnt/nvme3n1/erikg/phind-genome-work/ntm/v3/annotation/pharokka_out/per_genome_gff/ntm3_0_0183_ML.gff	207
ntm3_0_0184_ML	/mnt/nvme3n1/erikg/phind-genome-work/ntm/v3/annotation/pharokka_out/per_genome_gff/ntm3_0_0184_ML.gff	292
ntm3_0_0185_ML	/mnt/nvme3n1/erikg/phind-genome-work/ntm/v3/annotation/pharokka_out/per_genome_gff/ntm3_0_0185_ML.gff	282
ntm3_0_0186_ML	/mnt/nvme3n1/erikg/phind-genome-work/ntm/v3/annotation/pharokka_out/per_genome_gff/ntm3_0_0186_ML.gff	58
ntm3_0_0187_ML	/mnt/nvme3n1/erikg/phind-genome-work/ntm/v3/annotation/pharokka_out/per_genome_gff/ntm3_0_0187_ML.gff	196
ntm3_0_0188_ML	/mnt/nvme3n1/erikg/phind-genome-work/ntm/v3/annotation/pharokka_out/per_genome_gff/ntm3_0_0188_ML.gff	193
ntm3_0_0189_ML	/mnt/nvme3n1/erikg/phind-genome-work/ntm/v3/annotation/pharokka_out/per_genome_gff/ntm3_0_0189_ML.gff	196
ntm3_0_0190_ML	/mnt/nvme3n1/erikg/phind-genome-work/ntm/v3/annotation/pharokka_out/per_genome_gff/ntm3_0_0190_ML.gff	199
ntm3_0_0191_ML	/mnt/nvme3n1/erikg/phind-genome-work/ntm/v3/annotation/pharokka_out/per_genome_gff/ntm3_0_0191_ML.gff	244
ntm3_0_0192_ML	/mnt/nvme3n1/erikg/phind-genome-work/ntm/v3/annotation/pharokka_out/per_genome_gff/ntm3_0_0192_ML.gff	323
ntm3_0_0193_ML	/mnt/nvme3n1/erikg/phind-genome-work/ntm/v3/annotation/pharokka_out/per_genome_gff/ntm3_0_0193_ML.gff	316
ntm3_0_0194_ML	/mnt/nvme3n1/erikg/phind-genome-work/ntm/v3/annotation/pharokka_out/per_genome_gff/ntm3_0_0194_ML.gff	289
ntm3_0_0195_ML	/mnt/nvme3n1/erikg/phind-genome-work/ntm/v3/annotation/pharokka_out/per_genome_gff/ntm3_0_0195_ML.gff	324
ntm3_0_0196_ML	/mnt/nvme3n1/erikg/phind-genome-work/ntm/v3/annotation/pharokka_out/per_genome_gff/ntm3_0_0196_ML.gff	328
ntm3_0_0197_ML	/mnt/nvme3n1/erikg/phind-genome-work/ntm/v3/annotation/pharokka_out/per_genome_gff/ntm3_0_0197_ML.gff	268
ntm3_0_0198_ML	/mnt/nvme3n1/erikg/phind-genome-work/ntm/v3/annotation/pharokka_out/per_genome_gff/ntm3_0_0198_ML.gff	299
ntm3_0_0199_ML	/mnt/nvme3n1/erikg/phind-genome-work/ntm/v3/annotation/pharokka_out/per_genome_gff/ntm3_0_0199_ML.gff	311
ntm3_0_0200_ML	/mnt/nvme3n1/erikg/phind-genome-work/ntm/v3/annotation/pharokka_out/per_genome_gff/ntm3_0_0200_ML.gff	280
ntm3_0_0201_ML	/mnt/nvme3n1/erikg/phind-genome-work/ntm/v3/annotation/pharokka_out/per_genome_gff/ntm3_0_0201_ML.gff	309
ntm3_0_0202_ML	/mnt/nvme3n1/erikg/phind-genome-work/ntm/v3/annotation/pharokka_out/per_genome_gff/ntm3_0_0202_ML.gff	338
ntm3_0_0203_ML	/mnt/nvme3n1/erikg/phind-genome-work/ntm/v3/annotation/pharokka_out/per_genome_gff/ntm3_0_0203_ML.gff	276
ntm3_0_0204_ML	/mnt/nvme3n1/erikg/phind-genome-work/ntm/v3/annotation/pharokka_out/per_genome_gff/ntm3_0_0204_ML.gff	34
ntm3_0_0205_ML	/mnt/nvme3n1/erikg/phind-genome-work/ntm/v3/annotation/pharokka_out/per_genome_gff/ntm3_0_0205_ML.gff	291
ntm3_0_0206_ML	/mnt/nvme3n1/erikg/phind-genome-work/ntm/v3/annotation/pharokka_out/per_genome_gff/ntm3_0_0206_ML.gff	287
ntm3_0_0207_ML	/mnt/nvme3n1/erikg/phind-genome-work/ntm/v3/annotation/pharokka_out/per_genome_gff/ntm3_0_0207_ML.gff	77
ntm3_0_0208_ML	/mnt/nvme3n1/erikg/phind-genome-work/ntm/v3/annotation/pharokka_out/per_genome_gff/ntm3_0_0208_ML.gff	230
ntm3_0_0209_ML	/mnt/nvme3n1/erikg/phind-genome-work/ntm/v3/annotation/pharokka_out/per_genome_gff/ntm3_0_0209_ML.gff	115
ntm3_0_0210_ML	/mnt/nvme3n1/erikg/phind-genome-work/ntm/v3/annotation/pharokka_out/per_genome_gff/ntm3_0_0210_ML.gff	103
ntm3_0_0211_ML	/mnt/nvme3n1/erikg/phind-genome-work/ntm/v3/annotation/pharokka_out/per_genome_gff/ntm3_0_0211_ML.gff	267
ntm3_0_0212_ML	/mnt/nvme3n1/erikg/phind-genome-work/ntm/v3/annotation/pharokka_out/per_genome_gff/ntm3_0_0212_ML.gff	277
ntm3_0_0213_ML	/mnt/nvme3n1/erikg/phind-genome-work/ntm/v3/annotation/pharokka_out/per_genome_gff/ntm3_0_0213_ML.gff	311
ntm3_0_0214_ML	/mnt/nvme3n1/erikg/phind-genome-work/ntm/v3/annotation/pharokka_out/per_genome_gff/ntm3_0_0214_ML.gff	275
ntm3_0_0215_ML	/mnt/nvme3n1/erikg/phind-genome-work/ntm/v3/annotation/pharokka_out/per_genome_gff/ntm3_0_0215_ML.gff	101
ntm3_0_0216_ML	/mnt/nvme3n1/erikg/phind-genome-work/ntm/v3/annotation/pharokka_out/per_genome_gff/ntm3_0_0216_ML.gff	36
ntm3_0_0217_ML	/mnt/nvme3n1/erikg/phind-genome-work/ntm/v3/annotation/pharokka_out/per_genome_gff/ntm3_0_0217_ML.gff	258
ntm3_0_0218_ML	/mnt/nvme3n1/erikg/phind-genome-work/ntm/v3/annotation/pharokka_out/per_genome_gff/ntm3_0_0218_ML.gff	289
ntm3_0_0219_ML	/mnt/nvme3n1/erikg/phind-genome-work/ntm/v3/annotation/pharokka_out/per_genome_gff/ntm3_0_0219_ML.gff	247
ntm3_0_0220_ML	/mnt/nvme3n1/erikg/phind-genome-work/ntm/v3/annotation/pharokka_out/per_genome_gff/ntm3_0_0220_ML.gff	292
ntm3_0_0221_ML	/mnt/nvme3n1/erikg/phind-genome-work/ntm/v3/annotation/pharokka_out/per_genome_gff/ntm3_0_0221_ML.gff	327
ntm3_0_0222_ML	/mnt/nvme3n1/erikg/phind-genome-work/ntm/v3/annotation/pharokka_out/per_genome_gff/ntm3_0_0222_ML.gff	282
ntm3_0_0223_ML	/mnt/nvme3n1/erikg/phind-genome-work/ntm/v3/annotation/pharokka_out/per_genome_gff/ntm3_0_0223_ML.gff	271
ntm3_0_0224_ML	/mnt/nvme3n1/erikg/phind-genome-work/ntm/v3/annotation/pharokka_out/per_genome_gff/ntm3_0_0224_ML.gff	29
ntm3_0_0225_ML	/mnt/nvme3n1/erikg/phind-genome-work/ntm/v3/annotation/pharokka_out/per_genome_gff/ntm3_0_0225_ML.gff	268
ntm3_0_0226_ML	/mnt/nvme3n1/erikg/phind-genome-work/ntm/v3/annotation/pharokka_out/per_genome_gff/ntm3_0_0226_ML.gff	323
ntm3_0_0227_ML	/mnt/nvme3n1/erikg/phind-genome-work/ntm/v3/annotation/pharokka_out/per_genome_gff/ntm3_0_0227_ML.gff	175
ntm3_0_0228_ML	/mnt/nvme3n1/erikg/phind-genome-work/ntm/v3/annotation/pharokka_out/per_genome_gff/ntm3_0_0228_ML.gff	298
ntm3_0_0229_ML	/mnt/nvme3n1/erikg/phind-genome-work/ntm/v3/annotation/pharokka_out/per_genome_gff/ntm3_0_0229_ML.gff	162
ntm3_0_0230_ML	/mnt/nvme3n1/erikg/phind-genome-work/ntm/v3/annotation/pharokka_out/per_genome_gff/ntm3_0_0230_ML.gff	118
ntm3_0_0231_ML	/mnt/nvme3n1/erikg/phind-genome-work/ntm/v3/annotation/pharokka_out/per_genome_gff/ntm3_0_0231_ML.gff	278
ntm3_0_0232_ML	/mnt/nvme3n1/erikg/phind-genome-work/ntm/v3/annotation/pharokka_out/per_genome_gff/ntm3_0_0232_ML.gff	233
ntm3_0_0233_ML	/mnt/nvme3n1/erikg/phind-genome-work/ntm/v3/annotation/pharokka_out/per_genome_gff/ntm3_0_0233_ML.gff	218
ntm3_0_0234_ML	/mnt/nvme3n1/erikg/phind-genome-work/ntm/v3/annotation/pharokka_out/per_genome_gff/ntm3_0_0234_ML.gff	231
ntm3_0_0235_ML	/mnt/nvme3n1/erikg/phind-genome-work/ntm/v3/annotation/pharokka_out/per_genome_gff/ntm3_0_0235_ML.gff	224
ntm3_0_0236_ML	/mnt/nvme3n1/erikg/phind-genome-work/ntm/v3/annotation/pharokka_out/per_genome_gff/ntm3_0_0236_ML.gff	255
ntm3_0_0237_ML	/mnt/nvme3n1/erikg/phind-genome-work/ntm/v3/annotation/pharokka_out/per_genome_gff/ntm3_0_0237_ML.gff	278
ntm3_0_0238_ML	/mnt/nvme3n1/erikg/phind-genome-work/ntm/v3/annotation/pharokka_out/per_genome_gff/ntm3_0_0238_ML.gff	260
ntm3_0_0239_ML	/mnt/nvme3n1/erikg/phind-genome-work/ntm/v3/annotation/pharokka_out/per_genome_gff/ntm3_0_0239_ML.gff	348
ntm3_0_0240_ML	/mnt/nvme3n1/erikg/phind-genome-work/ntm/v3/annotation/pharokka_out/per_genome_gff/ntm3_0_0240_ML.gff	366
ntm3_0_0241_ML	/mnt/nvme3n1/erikg/phind-genome-work/ntm/v3/annotation/pharokka_out/per_genome_gff/ntm3_0_0241_ML.gff	334
ntm3_0_0242_ML	/mnt/nvme3n1/erikg/phind-genome-work/ntm/v3/annotation/pharokka_out/per_genome_gff/ntm3_0_0242_ML.gff	69
ntm3_0_0243_ML	/mnt/nvme3n1/erikg/phind-genome-work/ntm/v3/annotation/pharokka_out/per_genome_gff/ntm3_0_0243_ML.gff	282
ntm3_0_0244_ML	/mnt/nvme3n1/erikg/phind-genome-work/ntm/v3/annotation/pharokka_out/per_genome_gff/ntm3_0_0244_ML.gff	313
ntm3_0_0245_ML	/mnt/nvme3n1/erikg/phind-genome-work/ntm/v3/annotation/pharokka_out/per_genome_gff/ntm3_0_0245_ML.gff	258
ntm3_0_0246_ML	/mnt/nvme3n1/erikg/phind-genome-work/ntm/v3/annotation/pharokka_out/per_genome_gff/ntm3_0_0246_ML.gff	322
ntm3_0_0247_ML	/mnt/nvme3n1/erikg/phind-genome-work/ntm/v3/annotation/pharokka_out/per_genome_gff/ntm3_0_0247_ML.gff	306
ntm3_0_0248_ML	/mnt/nvme3n1/erikg/phind-genome-work/ntm/v3/annotation/pharokka_out/per_genome_gff/ntm3_0_0248_ML.gff	312
ntm3_0_0249_ML	/mnt/nvme3n1/erikg/phind-genome-work/ntm/v3/annotation/pharokka_out/per_genome_gff/ntm3_0_0249_ML.gff	318
ntm3_0_0250_ML	/mnt/nvme3n1/erikg/phind-genome-work/ntm/v3/annotation/pharokka_out/per_genome_gff/ntm3_0_0250_ML.gff	300
ntm3_0_0251_ML	/mnt/nvme3n1/erikg/phind-genome-work/ntm/v3/annotation/pharokka_out/per_genome_gff/ntm3_0_0251_ML.gff	333
ntm3_0_0252_ML	/mnt/nvme3n1/erikg/phind-genome-work/ntm/v3/annotation/pharokka_out/per_genome_gff/ntm3_0_0252_ML.gff	278
ntm3_0_0253_ML	/mnt/nvme3n1/erikg/phind-genome-work/ntm/v3/annotation/pharokka_out/per_genome_gff/ntm3_0_0253_ML.gff	282
ntm3_0_0254_ML	/mnt/nvme3n1/erikg/phind-genome-work/ntm/v3/annotation/pharokka_out/per_genome_gff/ntm3_0_0254_ML.gff	206
ntm3_0_0255_ML	/mnt/nvme3n1/erikg/phind-genome-work/ntm/v3/annotation/pharokka_out/per_genome_gff/ntm3_0_0255_ML.gff	232
ntm3_0_0256_ML	/mnt/nvme3n1/erikg/phind-genome-work/ntm/v3/annotation/pharokka_out/per_genome_gff/ntm3_0_0256_ML.gff	211
ntm3_0_0257_ML	/mnt/nvme3n1/erikg/phind-genome-work/ntm/v3/annotation/pharokka_out/per_genome_gff/ntm3_0_0257_ML.gff	248
ntm3_0_0258_ML	/mnt/nvme3n1/erikg/phind-genome-work/ntm/v3/annotation/pharokka_out/per_genome_gff/ntm3_0_0258_ML.gff	264
ntm3_0_0259_ML	/mnt/nvme3n1/erikg/phind-genome-work/ntm/v3/annotation/pharokka_out/per_genome_gff/ntm3_0_0259_ML.gff	292
ntm3_0_0260_ML	/mnt/nvme3n1/erikg/phind-genome-work/ntm/v3/annotation/pharokka_out/per_genome_gff/ntm3_0_0260_ML.gff	6
ntm3_0_0261_ML	/mnt/nvme3n1/erikg/phind-genome-work/ntm/v3/annotation/pharokka_out/per_genome_gff/ntm3_0_0261_ML.gff	264
ntm3_0_0262_ML	/mnt/nvme3n1/erikg/phind-genome-work/ntm/v3/annotation/pharokka_out/per_genome_gff/ntm3_0_0262_ML.gff	31
ntm3_0_0263_ML	/mnt/nvme3n1/erikg/phind-genome-work/ntm/v3/annotation/pharokka_out/per_genome_gff/ntm3_0_0263_ML.gff	275
ntm3_0_0264_ML	/mnt/nvme3n1/erikg/phind-genome-work/ntm/v3/annotation/pharokka_out/per_genome_gff/ntm3_0_0264_ML.gff	41
ntm3_0_0265_ML	/mnt/nvme3n1/erikg/phind-genome-work/ntm/v3/annotation/pharokka_out/per_genome_gff/ntm3_0_0265_ML.gff	260
ntm3_0_0266_ML	/mnt/nvme3n1/erikg/phind-genome-work/ntm/v3/annotation/pharokka_out/per_genome_gff/ntm3_0_0266_ML.gff	282
ntm3_0_0267_ML	/mnt/nvme3n1/erikg/phind-genome-work/ntm/v3/annotation/pharokka_out/per_genome_gff/ntm3_0_0267_ML.gff	33
ntm3_0_0268_ML	/mnt/nvme3n1/erikg/phind-genome-work/ntm/v3/annotation/pharokka_out/per_genome_gff/ntm3_0_0268_ML.gff	142
ntm3_0_0269_ML	/mnt/nvme3n1/erikg/phind-genome-work/ntm/v3/annotation/pharokka_out/per_genome_gff/ntm3_0_0269_ML.gff	306
ntm3_0_0270_ML	/mnt/nvme3n1/erikg/phind-genome-work/ntm/v3/annotation/pharokka_out/per_genome_gff/ntm3_0_0270_ML.gff	325
ntm3_0_0271_ML	/mnt/nvme3n1/erikg/phind-genome-work/ntm/v3/annotation/pharokka_out/per_genome_gff/ntm3_0_0271_ML.gff	298
ntm3_0_0272_ML	/mnt/nvme3n1/erikg/phind-genome-work/ntm/v3/annotation/pharokka_out/per_genome_gff/ntm3_0_0272_ML.gff	325
ntm3_0_0273_ML	/mnt/nvme3n1/erikg/phind-genome-work/ntm/v3/annotation/pharokka_out/per_genome_gff/ntm3_0_0273_ML.gff	299
ntm3_0_0274_ML	/mnt/nvme3n1/erikg/phind-genome-work/ntm/v3/annotation/pharokka_out/per_genome_gff/ntm3_0_0274_ML.gff	346
ntm3_0_0275_ML	/mnt/nvme3n1/erikg/phind-genome-work/ntm/v3/annotation/pharokka_out/per_genome_gff/ntm3_0_0275_ML.gff	7
ntm3_0_0276_ML	/mnt/nvme3n1/erikg/phind-genome-work/ntm/v3/annotation/pharokka_out/per_genome_gff/ntm3_0_0276_ML.gff	280
ntm3_0_0277_ML	/mnt/nvme3n1/erikg/phind-genome-work/ntm/v3/annotation/pharokka_out/per_genome_gff/ntm3_0_0277_ML.gff	315
ntm3_0_0278_ML	/mnt/nvme3n1/erikg/phind-genome-work/ntm/v3/annotation/pharokka_out/per_genome_gff/ntm3_0_0278_ML.gff	27
ntm3_0_0279_ML	/mnt/nvme3n1/erikg/phind-genome-work/ntm/v3/annotation/pharokka_out/per_genome_gff/ntm3_0_0279_ML.gff	274
ntm3_0_0280_ML	/mnt/nvme3n1/erikg/phind-genome-work/ntm/v3/annotation/pharokka_out/per_genome_gff/ntm3_0_0280_ML.gff	110
ntm3_0_0281_ML	/mnt/nvme3n1/erikg/phind-genome-work/ntm/v3/annotation/pharokka_out/per_genome_gff/ntm3_0_0281_ML.gff	342
ntm3_0_0282_ML	/mnt/nvme3n1/erikg/phind-genome-work/ntm/v3/annotation/pharokka_out/per_genome_gff/ntm3_0_0282_ML.gff	49
ntm3_0_0283_ML	/mnt/nvme3n1/erikg/phind-genome-work/ntm/v3/annotation/pharokka_out/per_genome_gff/ntm3_0_0283_ML.gff	301
ntm3_0_0284_ML	/mnt/nvme3n1/erikg/phind-genome-work/ntm/v3/annotation/pharokka_out/per_genome_gff/ntm3_0_0284_ML.gff	354
ntm3_0_0285_ML	/mnt/nvme3n1/erikg/phind-genome-work/ntm/v3/annotation/pharokka_out/per_genome_gff/ntm3_0_0285_ML.gff	89
ntm3_0_0286_ML	/mnt/nvme3n1/erikg/phind-genome-work/ntm/v3/annotation/pharokka_out/per_genome_gff/ntm3_0_0286_ML.gff	9
ntm3_0_0287_ML	/mnt/nvme3n1/erikg/phind-genome-work/ntm/v3/annotation/pharokka_out/per_genome_gff/ntm3_0_0287_ML.gff	260
ntm3_0_0288_ML	/mnt/nvme3n1/erikg/phind-genome-work/ntm/v3/annotation/pharokka_out/per_genome_gff/ntm3_0_0288_ML.gff	15
ntm3_0_0289_ML	/mnt/nvme3n1/erikg/phind-genome-work/ntm/v3/annotation/pharokka_out/per_genome_gff/ntm3_0_0289_ML.gff	297
ntm3_0_0290_ML	/mnt/nvme3n1/erikg/phind-genome-work/ntm/v3/annotation/pharokka_out/per_genome_gff/ntm3_0_0290_ML.gff	261
ntm3_0_0291_ML	/mnt/nvme3n1/erikg/phind-genome-work/ntm/v3/annotation/pharokka_out/per_genome_gff/ntm3_0_0291_ML.gff	274
ntm3_0_0292_ML	/mnt/nvme3n1/erikg/phind-genome-work/ntm/v3/annotation/pharokka_out/per_genome_gff/ntm3_0_0292_ML.gff	132
ntm3_0_0293_ML	/mnt/nvme3n1/erikg/phind-genome-work/ntm/v3/annotation/pharokka_out/per_genome_gff/ntm3_0_0293_ML.gff	335
ntm3_0_0294_ML	/mnt/nvme3n1/erikg/phind-genome-work/ntm/v3/annotation/pharokka_out/per_genome_gff/ntm3_0_0294_ML.gff	314
ntm3_0_0295_ML	/mnt/nvme3n1/erikg/phind-genome-work/ntm/v3/annotation/pharokka_out/per_genome_gff/ntm3_0_0295_ML.gff	312
ntm3_0_0296_ML	/mnt/nvme3n1/erikg/phind-genome-work/ntm/v3/annotation/pharokka_out/per_genome_gff/ntm3_0_0296_ML.gff	4
ntm3_0_0297_ML	/mnt/nvme3n1/erikg/phind-genome-work/ntm/v3/annotation/pharokka_out/per_genome_gff/ntm3_0_0297_ML.gff	2
ntm3_0_0298_ML	/mnt/nvme3n1/erikg/phind-genome-work/ntm/v3/annotation/pharokka_out/per_genome_gff/ntm3_0_0298_ML.gff	277
ntm3_0_0299_ML	/mnt/nvme3n1/erikg/phind-genome-work/ntm/v3/annotation/pharokka_out/per_genome_gff/ntm3_0_0299_ML.gff	291
ntm3_0_0300_ML	/mnt/nvme3n1/erikg/phind-genome-work/ntm/v3/annotation/pharokka_out/per_genome_gff/ntm3_0_0300_ML.gff	220
ntm3_0_0301_ML	/mnt/nvme3n1/erikg/phind-genome-work/ntm/v3/annotation/pharokka_out/per_genome_gff/ntm3_0_0301_ML.gff	303
ntm3_0_0302_ML	/mnt/nvme3n1/erikg/phind-genome-work/ntm/v3/annotation/pharokka_out/per_genome_gff/ntm3_0_0302_ML.gff	12
ntm3_0_0303_ML	/mnt/nvme3n1/erikg/phind-genome-work/ntm/v3/annotation/pharokka_out/per_genome_gff/ntm3_0_0303_ML.gff	7
ntm3_0_0304_ML	/mnt/nvme3n1/erikg/phind-genome-work/ntm/v3/annotation/pharokka_out/per_genome_gff/ntm3_0_0304_ML.gff	264
ntm3_0_0305_ML	/mnt/nvme3n1/erikg/phind-genome-work/ntm/v3/annotation/pharokka_out/per_genome_gff/ntm3_0_0305_ML.gff	247
ntm3_0_0306_ML	/mnt/nvme3n1/erikg/phind-genome-work/ntm/v3/annotation/pharokka_out/per_genome_gff/ntm3_0_0306_ML.gff	279
ntm3_0_0307_ML	/mnt/nvme3n1/erikg/phind-genome-work/ntm/v3/annotation/pharokka_out/per_genome_gff/ntm3_0_0307_ML.gff	291
ntm3_0_0308_ML	/mnt/nvme3n1/erikg/phind-genome-work/ntm/v3/annotation/pharokka_out/per_genome_gff/ntm3_0_0308_ML.gff	278
ntm3_0_0309_ML	/mnt/nvme3n1/erikg/phind-genome-work/ntm/v3/annotation/pharokka_out/per_genome_gff/ntm3_0_0309_ML.gff	294
ntm3_0_0310_ML	/mnt/nvme3n1/erikg/phind-genome-work/ntm/v3/annotation/pharokka_out/per_genome_gff/ntm3_0_0310_ML.gff	286
ntm3_0_0311_ML	/mnt/nvme3n1/erikg/phind-genome-work/ntm/v3/annotation/pharokka_out/per_genome_gff/ntm3_0_0311_ML.gff	36
ntm3_0_0312_ML	/mnt/nvme3n1/erikg/phind-genome-work/ntm/v3/annotation/pharokka_out/per_genome_gff/ntm3_0_0312_ML.gff	44
ntm3_0_0313_ML	/mnt/nvme3n1/erikg/phind-genome-work/ntm/v3/annotation/pharokka_out/per_genome_gff/ntm3_0_0313_ML.gff	270
ntm3_0_0314_ML	/mnt/nvme3n1/erikg/phind-genome-work/ntm/v3/annotation/pharokka_out/per_genome_gff/ntm3_0_0314_ML.gff	6
ntm3_0_0315_ML	/mnt/nvme3n1/erikg/phind-genome-work/ntm/v3/annotation/pharokka_out/per_genome_gff/ntm3_0_0315_ML.gff	69
ntm3_0_0316_ML	/mnt/nvme3n1/erikg/phind-genome-work/ntm/v3/annotation/pharokka_out/per_genome_gff/ntm3_0_0316_ML.gff	193
ntm3_0_0317_ML	/mnt/nvme3n1/erikg/phind-genome-work/ntm/v3/annotation/pharokka_out/per_genome_gff/ntm3_0_0317_ML.gff	270
ntm3_0_0318_ML	/mnt/nvme3n1/erikg/phind-genome-work/ntm/v3/annotation/pharokka_out/per_genome_gff/ntm3_0_0318_ML.gff	266
ntm3_0_0319_ML	/mnt/nvme3n1/erikg/phind-genome-work/ntm/v3/annotation/pharokka_out/per_genome_gff/ntm3_0_0319_ML.gff	294
ntm3_0_0320_ML	/mnt/nvme3n1/erikg/phind-genome-work/ntm/v3/annotation/pharokka_out/per_genome_gff/ntm3_0_0320_ML.gff	159
ntm3_0_0321_ML	/mnt/nvme3n1/erikg/phind-genome-work/ntm/v3/annotation/pharokka_out/per_genome_gff/ntm3_0_0321_ML.gff	150
ntm3_0_0322_ML	/mnt/nvme3n1/erikg/phind-genome-work/ntm/v3/annotation/pharokka_out/per_genome_gff/ntm3_0_0322_ML.gff	278
ntm3_0_0323_ML	/mnt/nvme3n1/erikg/phind-genome-work/ntm/v3/annotation/pharokka_out/per_genome_gff/ntm3_0_0323_ML.gff	297
ntm3_0_0324_ML	/mnt/nvme3n1/erikg/phind-genome-work/ntm/v3/annotation/pharokka_out/per_genome_gff/ntm3_0_0324_ML.gff	44
ntm3_0_0325_ML	/mnt/nvme3n1/erikg/phind-genome-work/ntm/v3/annotation/pharokka_out/per_genome_gff/ntm3_0_0325_ML.gff	326
ntm3_0_0326_ML	/mnt/nvme3n1/erikg/phind-genome-work/ntm/v3/annotation/pharokka_out/per_genome_gff/ntm3_0_0326_ML.gff	287
ntm3_0_0327_ML	/mnt/nvme3n1/erikg/phind-genome-work/ntm/v3/annotation/pharokka_out/per_genome_gff/ntm3_0_0327_ML.gff	4
ntm3_0_0328_ML	/mnt/nvme3n1/erikg/phind-genome-work/ntm/v3/annotation/pharokka_out/per_genome_gff/ntm3_0_0328_ML.gff	7
ntm3_0_0329_ML	/mnt/nvme3n1/erikg/phind-genome-work/ntm/v3/annotation/pharokka_out/per_genome_gff/ntm3_0_0329_ML.gff	59
ntm3_0_0330_ML	/mnt/nvme3n1/erikg/phind-genome-work/ntm/v3/annotation/pharokka_out/per_genome_gff/ntm3_0_0330_ML.gff	32
ntm3_0_0331_ML	/mnt/nvme3n1/erikg/phind-genome-work/ntm/v3/annotation/pharokka_out/per_genome_gff/ntm3_0_0331_ML.gff	240
ntm3_0_0332_ML	/mnt/nvme3n1/erikg/phind-genome-work/ntm/v3/annotation/pharokka_out/per_genome_gff/ntm3_0_0332_ML.gff	222
ntm3_0_0333_ML	/mnt/nvme3n1/erikg/phind-genome-work/ntm/v3/annotation/pharokka_out/per_genome_gff/ntm3_0_0333_ML.gff	158
ntm3_0_0334_ML	/mnt/nvme3n1/erikg/phind-genome-work/ntm/v3/annotation/pharokka_out/per_genome_gff/ntm3_0_0334_ML.gff	303
ntm3_0_0335_ML	/mnt/nvme3n1/erikg/phind-genome-work/ntm/v3/annotation/pharokka_out/per_genome_gff/ntm3_0_0335_ML.gff	237
ntm3_0_0336_ML	/mnt/nvme3n1/erikg/phind-genome-work/ntm/v3/annotation/pharokka_out/per_genome_gff/ntm3_0_0336_ML.gff	244
ntm3_0_0337_ML	/mnt/nvme3n1/erikg/phind-genome-work/ntm/v3/annotation/pharokka_out/per_genome_gff/ntm3_0_0337_ML.gff	331
ntm3_0_0338_ML	/mnt/nvme3n1/erikg/phind-genome-work/ntm/v3/annotation/pharokka_out/per_genome_gff/ntm3_0_0338_ML.gff	275
ntm3_0_0339_ML	/mnt/nvme3n1/erikg/phind-genome-work/ntm/v3/annotation/pharokka_out/per_genome_gff/ntm3_0_0339_ML.gff	284
ntm3_0_0340_ML	/mnt/nvme3n1/erikg/phind-genome-work/ntm/v3/annotation/pharokka_out/per_genome_gff/ntm3_0_0340_ML.gff	310
ntm3_0_0341_ML	/mnt/nvme3n1/erikg/phind-genome-work/ntm/v3/annotation/pharokka_out/per_genome_gff/ntm3_0_0341_ML.gff	290
ntm3_0_0342_ML	/mnt/nvme3n1/erikg/phind-genome-work/ntm/v3/annotation/pharokka_out/per_genome_gff/ntm3_0_0342_ML.gff	261
ntm3_0_0343_ML	/mnt/nvme3n1/erikg/phind-genome-work/ntm/v3/annotation/pharokka_out/per_genome_gff/ntm3_0_0343_ML.gff	292
ntm3_0_0344_ML	/mnt/nvme3n1/erikg/phind-genome-work/ntm/v3/annotation/pharokka_out/per_genome_gff/ntm3_0_0344_ML.gff	288
ntm3_0_0345_ML	/mnt/nvme3n1/erikg/phind-genome-work/ntm/v3/annotation/pharokka_out/per_genome_gff/ntm3_0_0345_ML.gff	56
ntm3_0_0346_ML	/mnt/nvme3n1/erikg/phind-genome-work/ntm/v3/annotation/pharokka_out/per_genome_gff/ntm3_0_0346_ML.gff	246
ntm3_0_0347_ML	/mnt/nvme3n1/erikg/phind-genome-work/ntm/v3/annotation/pharokka_out/per_genome_gff/ntm3_0_0347_ML.gff	271
ntm3_0_0348_ML	/mnt/nvme3n1/erikg/phind-genome-work/ntm/v3/annotation/pharokka_out/per_genome_gff/ntm3_0_0348_ML.gff	288
ntm3_0_0349_ML	/mnt/nvme3n1/erikg/phind-genome-work/ntm/v3/annotation/pharokka_out/per_genome_gff/ntm3_0_0349_ML.gff	254
ntm3_0_0350_ML	/mnt/nvme3n1/erikg/phind-genome-work/ntm/v3/annotation/pharokka_out/per_genome_gff/ntm3_0_0350_ML.gff	30
ntm3_0_0351_ML	/mnt/nvme3n1/erikg/phind-genome-work/ntm/v3/annotation/pharokka_out/per_genome_gff/ntm3_0_0351_ML.gff	4
ntm3_0_0352_ML	/mnt/nvme3n1/erikg/phind-genome-work/ntm/v3/annotation/pharokka_out/per_genome_gff/ntm3_0_0352_ML.gff	286
ntm3_0_0353_ML	/mnt/nvme3n1/erikg/phind-genome-work/ntm/v3/annotation/pharokka_out/per_genome_gff/ntm3_0_0353_ML.gff	57
ntm3_0_0354_ML	/mnt/nvme3n1/erikg/phind-genome-work/ntm/v3/annotation/pharokka_out/per_genome_gff/ntm3_0_0354_ML.gff	252
ntm3_0_0355_ML	/mnt/nvme3n1/erikg/phind-genome-work/ntm/v3/annotation/pharokka_out/per_genome_gff/ntm3_0_0355_ML.gff	243
ntm3_0_0356_ML	/mnt/nvme3n1/erikg/phind-genome-work/ntm/v3/annotation/pharokka_out/per_genome_gff/ntm3_0_0356_ML.gff	248
ntm3_0_0357_ML	/mnt/nvme3n1/erikg/phind-genome-work/ntm/v3/annotation/pharokka_out/per_genome_gff/ntm3_0_0357_ML.gff	8
ntm3_0_0358_ML	/mnt/nvme3n1/erikg/phind-genome-work/ntm/v3/annotation/pharokka_out/per_genome_gff/ntm3_0_0358_ML.gff	90
ntm3_0_0359_ML	/mnt/nvme3n1/erikg/phind-genome-work/ntm/v3/annotation/pharokka_out/per_genome_gff/ntm3_0_0359_ML.gff	358
ntm3_0_0360_ML	/mnt/nvme3n1/erikg/phind-genome-work/ntm/v3/annotation/pharokka_out/per_genome_gff/ntm3_0_0360_ML.gff	267
ntm3_0_0361_ML	/mnt/nvme3n1/erikg/phind-genome-work/ntm/v3/annotation/pharokka_out/per_genome_gff/ntm3_0_0361_ML.gff	136
ntm3_0_0362_ML	/mnt/nvme3n1/erikg/phind-genome-work/ntm/v3/annotation/pharokka_out/per_genome_gff/ntm3_0_0362_ML.gff	262
ntm3_0_0363_ML	/mnt/nvme3n1/erikg/phind-genome-work/ntm/v3/annotation/pharokka_out/per_genome_gff/ntm3_0_0363_ML.gff	282
ntm3_0_0364_ML	/mnt/nvme3n1/erikg/phind-genome-work/ntm/v3/annotation/pharokka_out/per_genome_gff/ntm3_0_0364_ML.gff	349
ntm3_0_0365_ML	/mnt/nvme3n1/erikg/phind-genome-work/ntm/v3/annotation/pharokka_out/per_genome_gff/ntm3_0_0365_ML.gff	267
ntm3_0_0366_ML	/mnt/nvme3n1/erikg/phind-genome-work/ntm/v3/annotation/pharokka_out/per_genome_gff/ntm3_0_0366_ML.gff	12
ntm3_0_0367_ML	/mnt/nvme3n1/erikg/phind-genome-work/ntm/v3/annotation/pharokka_out/per_genome_gff/ntm3_0_0367_ML.gff	258
ntm3_0_0368_ML	/mnt/nvme3n1/erikg/phind-genome-work/ntm/v3/annotation/pharokka_out/per_genome_gff/ntm3_0_0368_ML.gff	310
ntm3_0_0369_ML	/mnt/nvme3n1/erikg/phind-genome-work/ntm/v3/annotation/pharokka_out/per_genome_gff/ntm3_0_0369_ML.gff	279
ntm3_0_0370_ML	/mnt/nvme3n1/erikg/phind-genome-work/ntm/v3/annotation/pharokka_out/per_genome_gff/ntm3_0_0370_ML.gff	3
ntm3_0_0371_ML	/mnt/nvme3n1/erikg/phind-genome-work/ntm/v3/annotation/pharokka_out/per_genome_gff/ntm3_0_0371_ML.gff	175
ntm3_0_0372_ML	/mnt/nvme3n1/erikg/phind-genome-work/ntm/v3/annotation/pharokka_out/per_genome_gff/ntm3_0_0372_ML.gff	267
ntm3_0_0373_ML	/mnt/nvme3n1/erikg/phind-genome-work/ntm/v3/annotation/pharokka_out/per_genome_gff/ntm3_0_0373_ML.gff	248
ntm3_0_0374_ML	/mnt/nvme3n1/erikg/phind-genome-work/ntm/v3/annotation/pharokka_out/per_genome_gff/ntm3_0_0374_ML.gff	3
ntm3_0_0375_ML	/mnt/nvme3n1/erikg/phind-genome-work/ntm/v3/annotation/pharokka_out/per_genome_gff/ntm3_0_0375_ML.gff	8
ntm3_0_0376_ML	/mnt/nvme3n1/erikg/phind-genome-work/ntm/v3/annotation/pharokka_out/per_genome_gff/ntm3_0_0376_ML.gff	224
ntm3_0_0377_ML	/mnt/nvme3n1/erikg/phind-genome-work/ntm/v3/annotation/pharokka_out/per_genome_gff/ntm3_0_0377_ML.gff	194
ntm3_0_0378_ML	/mnt/nvme3n1/erikg/phind-genome-work/ntm/v3/annotation/pharokka_out/per_genome_gff/ntm3_0_0378_ML.gff	8
ntm3_0_0379_ML	/mnt/nvme3n1/erikg/phind-genome-work/ntm/v3/annotation/pharokka_out/per_genome_gff/ntm3_0_0379_ML.gff	28
ntm3_0_0380_ML	/mnt/nvme3n1/erikg/phind-genome-work/ntm/v3/annotation/pharokka_out/per_genome_gff/ntm3_0_0380_ML.gff	282
ntm3_0_0381_ML	/mnt/nvme3n1/erikg/phind-genome-work/ntm/v3/annotation/pharokka_out/per_genome_gff/ntm3_0_0381_ML.gff	301
ntm3_0_0382_ML	/mnt/nvme3n1/erikg/phind-genome-work/ntm/v3/annotation/pharokka_out/per_genome_gff/ntm3_0_0382_ML.gff	294
ntm3_0_0383_ML	/mnt/nvme3n1/erikg/phind-genome-work/ntm/v3/annotation/pharokka_out/per_genome_gff/ntm3_0_0383_ML.gff	2
ntm3_0_0384_ML	/mnt/nvme3n1/erikg/phind-genome-work/ntm/v3/annotation/pharokka_out/per_genome_gff/ntm3_0_0384_ML.gff	90
ntm3_0_0385_ML	/mnt/nvme3n1/erikg/phind-genome-work/ntm/v3/annotation/pharokka_out/per_genome_gff/ntm3_0_0385_ML.gff	54
ntm3_0_0386_ML	/mnt/nvme3n1/erikg/phind-genome-work/ntm/v3/annotation/pharokka_out/per_genome_gff/ntm3_0_0386_ML.gff	49
ntm3_0_0387_ML	/mnt/nvme3n1/erikg/phind-genome-work/ntm/v3/annotation/pharokka_out/per_genome_gff/ntm3_0_0387_ML.gff	244
ntm3_0_0388_ML	/mnt/nvme3n1/erikg/phind-genome-work/ntm/v3/annotation/pharokka_out/per_genome_gff/ntm3_0_0388_ML.gff	328
ntm3_0_0389_ML	/mnt/nvme3n1/erikg/phind-genome-work/ntm/v3/annotation/pharokka_out/per_genome_gff/ntm3_0_0389_ML.gff	275
ntm3_0_0390_ML	/mnt/nvme3n1/erikg/phind-genome-work/ntm/v3/annotation/pharokka_out/per_genome_gff/ntm3_0_0390_ML.gff	36
ntm3_0_0391_ML	/mnt/nvme3n1/erikg/phind-genome-work/ntm/v3/annotation/pharokka_out/per_genome_gff/ntm3_0_0391_ML.gff	267
ntm3_0_0392_ML	/mnt/nvme3n1/erikg/phind-genome-work/ntm/v3/annotation/pharokka_out/per_genome_gff/ntm3_0_0392_ML.gff	260
ntm3_0_0393_ML	/mnt/nvme3n1/erikg/phind-genome-work/ntm/v3/annotation/pharokka_out/per_genome_gff/ntm3_0_0393_ML.gff	33
ntm3_0_0394_ML	/mnt/nvme3n1/erikg/phind-genome-work/ntm/v3/annotation/pharokka_out/per_genome_gff/ntm3_0_0394_ML.gff	227
ntm3_0_0395_ML	/mnt/nvme3n1/erikg/phind-genome-work/ntm/v3/annotation/pharokka_out/per_genome_gff/ntm3_0_0395_ML.gff	37
ntm3_0_0396_ML	/mnt/nvme3n1/erikg/phind-genome-work/ntm/v3/annotation/pharokka_out/per_genome_gff/ntm3_0_0396_ML.gff	37
ntm3_0_0397_ML	/mnt/nvme3n1/erikg/phind-genome-work/ntm/v3/annotation/pharokka_out/per_genome_gff/ntm3_0_0397_ML.gff	361
ntm3_0_0398_ML	/mnt/nvme3n1/erikg/phind-genome-work/ntm/v3/annotation/pharokka_out/per_genome_gff/ntm3_0_0398_ML.gff	294
ntm3_0_0399_ML	/mnt/nvme3n1/erikg/phind-genome-work/ntm/v3/annotation/pharokka_out/per_genome_gff/ntm3_0_0399_ML.gff	323
ntm3_0_0400_ML	/mnt/nvme3n1/erikg/phind-genome-work/ntm/v3/annotation/pharokka_out/per_genome_gff/ntm3_0_0400_ML.gff	267
ntm3_0_0401_ML	/mnt/nvme3n1/erikg/phind-genome-work/ntm/v3/annotation/pharokka_out/per_genome_gff/ntm3_0_0401_ML.gff	250
ntm3_0_0402_ML	/mnt/nvme3n1/erikg/phind-genome-work/ntm/v3/annotation/pharokka_out/per_genome_gff/ntm3_0_0402_ML.gff	2
ntm3_0_0403_ML	/mnt/nvme3n1/erikg/phind-genome-work/ntm/v3/annotation/pharokka_out/per_genome_gff/ntm3_0_0403_ML.gff	319
ntm3_0_0404_ML	/mnt/nvme3n1/erikg/phind-genome-work/ntm/v3/annotation/pharokka_out/per_genome_gff/ntm3_0_0404_ML.gff	34
ntm3_0_0405_ML	/mnt/nvme3n1/erikg/phind-genome-work/ntm/v3/annotation/pharokka_out/per_genome_gff/ntm3_0_0405_ML.gff	63
ntm3_0_0406_ML	/mnt/nvme3n1/erikg/phind-genome-work/ntm/v3/annotation/pharokka_out/per_genome_gff/ntm3_0_0406_ML.gff	74
ntm3_0_0407_ML	/mnt/nvme3n1/erikg/phind-genome-work/ntm/v3/annotation/pharokka_out/per_genome_gff/ntm3_0_0407_ML.gff	347
ntm3_0_0408_ML	/mnt/nvme3n1/erikg/phind-genome-work/ntm/v3/annotation/pharokka_out/per_genome_gff/ntm3_0_0408_ML.gff	26
ntm3_0_0409_ML	/mnt/nvme3n1/erikg/phind-genome-work/ntm/v3/annotation/pharokka_out/per_genome_gff/ntm3_0_0409_ML.gff	316
ntm3_0_0410_ML	/mnt/nvme3n1/erikg/phind-genome-work/ntm/v3/annotation/pharokka_out/per_genome_gff/ntm3_0_0410_ML.gff	274
ntm3_0_0411_ML	/mnt/nvme3n1/erikg/phind-genome-work/ntm/v3/annotation/pharokka_out/per_genome_gff/ntm3_0_0411_ML.gff	340
ntm3_0_0412_ML	/mnt/nvme3n1/erikg/phind-genome-work/ntm/v3/annotation/pharokka_out/per_genome_gff/ntm3_0_0412_ML.gff	247
ntm3_0_0413_ML	/mnt/nvme3n1/erikg/phind-genome-work/ntm/v3/annotation/pharokka_out/per_genome_gff/ntm3_0_0413_ML.gff	271
ntm3_0_0414_ML	/mnt/nvme3n1/erikg/phind-genome-work/ntm/v3/annotation/pharokka_out/per_genome_gff/ntm3_0_0414_ML.gff	291
ntm3_0_0415_ML	/mnt/nvme3n1/erikg/phind-genome-work/ntm/v3/annotation/pharokka_out/per_genome_gff/ntm3_0_0415_ML.gff	66
ntm3_0_0416_ML	/mnt/nvme3n1/erikg/phind-genome-work/ntm/v3/annotation/pharokka_out/per_genome_gff/ntm3_0_0416_ML.gff	19
ntm3_0_0417_ML	/mnt/nvme3n1/erikg/phind-genome-work/ntm/v3/annotation/pharokka_out/per_genome_gff/ntm3_0_0417_ML.gff	47
ntm3_0_0418_ML	/mnt/nvme3n1/erikg/phind-genome-work/ntm/v3/annotation/pharokka_out/per_genome_gff/ntm3_0_0418_ML.gff	290
ntm3_0_0419_ML	/mnt/nvme3n1/erikg/phind-genome-work/ntm/v3/annotation/pharokka_out/per_genome_gff/ntm3_0_0419_ML.gff	48
ntm3_0_0420_ML	/mnt/nvme3n1/erikg/phind-genome-work/ntm/v3/annotation/pharokka_out/per_genome_gff/ntm3_0_0420_ML.gff	10
ntm3_0_0421_ML	/mnt/nvme3n1/erikg/phind-genome-work/ntm/v3/annotation/pharokka_out/per_genome_gff/ntm3_0_0421_ML.gff	41
ntm3_0_0422_ML	/mnt/nvme3n1/erikg/phind-genome-work/ntm/v3/annotation/pharokka_out/per_genome_gff/ntm3_0_0422_ML.gff	34
ntm3_0_0423_ML	/mnt/nvme3n1/erikg/phind-genome-work/ntm/v3/annotation/pharokka_out/per_genome_gff/ntm3_0_0423_ML.gff	264
ntm3_0_0424_ML	/mnt/nvme3n1/erikg/phind-genome-work/ntm/v3/annotation/pharokka_out/per_genome_gff/ntm3_0_0424_ML.gff	303
ntm3_0_0425_ML	/mnt/nvme3n1/erikg/phind-genome-work/ntm/v3/annotation/pharokka_out/per_genome_gff/ntm3_0_0425_ML.gff	51
ntm3_0_0426_ML	/mnt/nvme3n1/erikg/phind-genome-work/ntm/v3/annotation/pharokka_out/per_genome_gff/ntm3_0_0426_ML.gff	150
ntm3_0_0427_ML	/mnt/nvme3n1/erikg/phind-genome-work/ntm/v3/annotation/pharokka_out/per_genome_gff/ntm3_0_0427_ML.gff	277
ntm3_0_0428_ML	/mnt/nvme3n1/erikg/phind-genome-work/ntm/v3/annotation/pharokka_out/per_genome_gff/ntm3_0_0428_ML.gff	246
ntm3_0_0429_ML	/mnt/nvme3n1/erikg/phind-genome-work/ntm/v3/annotation/pharokka_out/per_genome_gff/ntm3_0_0429_ML.gff	25
ntm3_0_0430_ML	/mnt/nvme3n1/erikg/phind-genome-work/ntm/v3/annotation/pharokka_out/per_genome_gff/ntm3_0_0430_ML.gff	57
ntm3_0_0431_ML	/mnt/nvme3n1/erikg/phind-genome-work/ntm/v3/annotation/pharokka_out/per_genome_gff/ntm3_0_0431_ML.gff	199
ntm3_0_0432_ML	/mnt/nvme3n1/erikg/phind-genome-work/ntm/v3/annotation/pharokka_out/per_genome_gff/ntm3_0_0432_ML.gff	206
ntm3_0_0433_ML	/mnt/nvme3n1/erikg/phind-genome-work/ntm/v3/annotation/pharokka_out/per_genome_gff/ntm3_0_0433_ML.gff	219
ntm3_0_0434_ML	/mnt/nvme3n1/erikg/phind-genome-work/ntm/v3/annotation/pharokka_out/per_genome_gff/ntm3_0_0434_ML.gff	170
ntm3_0_0435_ML	/mnt/nvme3n1/erikg/phind-genome-work/ntm/v3/annotation/pharokka_out/per_genome_gff/ntm3_0_0435_ML.gff	97
ntm3_0_0436_ML	/mnt/nvme3n1/erikg/phind-genome-work/ntm/v3/annotation/pharokka_out/per_genome_gff/ntm3_0_0436_ML.gff	4
ntm3_0_0437_ML	/mnt/nvme3n1/erikg/phind-genome-work/ntm/v3/annotation/pharokka_out/per_genome_gff/ntm3_0_0437_ML.gff	334
ntm3_0_0438_ML	/mnt/nvme3n1/erikg/phind-genome-work/ntm/v3/annotation/pharokka_out/per_genome_gff/ntm3_0_0438_ML.gff	21
ntm3_0_0439_ML	/mnt/nvme3n1/erikg/phind-genome-work/ntm/v3/annotation/pharokka_out/per_genome_gff/ntm3_0_0439_ML.gff	227
ntm3_0_0440_ML	/mnt/nvme3n1/erikg/phind-genome-work/ntm/v3/annotation/pharokka_out/per_genome_gff/ntm3_0_0440_ML.gff	213
ntm3_0_0441_ML	/mnt/nvme3n1/erikg/phind-genome-work/ntm/v3/annotation/pharokka_out/per_genome_gff/ntm3_0_0441_ML.gff	52
ntm3_0_0442_ML	/mnt/nvme3n1/erikg/phind-genome-work/ntm/v3/annotation/pharokka_out/per_genome_gff/ntm3_0_0442_ML.gff	269
ntm3_0_0443_ML	/mnt/nvme3n1/erikg/phind-genome-work/ntm/v3/annotation/pharokka_out/per_genome_gff/ntm3_0_0443_ML.gff	23
ntm3_0_0444_ML	/mnt/nvme3n1/erikg/phind-genome-work/ntm/v3/annotation/pharokka_out/per_genome_gff/ntm3_0_0444_ML.gff	5
ntm3_0_0445_ML	/mnt/nvme3n1/erikg/phind-genome-work/ntm/v3/annotation/pharokka_out/per_genome_gff/ntm3_0_0445_ML.gff	116
ntm3_0_0446_ML	/mnt/nvme3n1/erikg/phind-genome-work/ntm/v3/annotation/pharokka_out/per_genome_gff/ntm3_0_0446_ML.gff	131
ntm3_0_0447_ML	/mnt/nvme3n1/erikg/phind-genome-work/ntm/v3/annotation/pharokka_out/per_genome_gff/ntm3_0_0447_ML.gff	13
ntm3_0_0448_ML	/mnt/nvme3n1/erikg/phind-genome-work/ntm/v3/annotation/pharokka_out/per_genome_gff/ntm3_0_0448_ML.gff	4
ntm3_0_0449_ML	/mnt/nvme3n1/erikg/phind-genome-work/ntm/v3/annotation/pharokka_out/per_genome_gff/ntm3_0_0449_ML.gff	59
ntm3_0_0450_ML	/mnt/nvme3n1/erikg/phind-genome-work/ntm/v3/annotation/pharokka_out/per_genome_gff/ntm3_0_0450_ML.gff	113
ntm3_0_0451_ML	/mnt/nvme3n1/erikg/phind-genome-work/ntm/v3/annotation/pharokka_out/per_genome_gff/ntm3_0_0451_ML.gff	64
ntm3_0_0452_ML	/mnt/nvme3n1/erikg/phind-genome-work/ntm/v3/annotation/pharokka_out/per_genome_gff/ntm3_0_0452_ML.gff	288
ntm3_0_0453_ML	/mnt/nvme3n1/erikg/phind-genome-work/ntm/v3/annotation/pharokka_out/per_genome_gff/ntm3_0_0453_ML.gff	160
ntm3_0_0454_ML	/mnt/nvme3n1/erikg/phind-genome-work/ntm/v3/annotation/pharokka_out/per_genome_gff/ntm3_0_0454_ML.gff	25
ntm3_0_0455_ML	/mnt/nvme3n1/erikg/phind-genome-work/ntm/v3/annotation/pharokka_out/per_genome_gff/ntm3_0_0455_ML.gff	140
ntm3_0_0456_ML	/mnt/nvme3n1/erikg/phind-genome-work/ntm/v3/annotation/pharokka_out/per_genome_gff/ntm3_0_0456_ML.gff	80
ntm3_0_0457_ML	/mnt/nvme3n1/erikg/phind-genome-work/ntm/v3/annotation/pharokka_out/per_genome_gff/ntm3_0_0457_ML.gff	162
ntm3_0_0458_ML	/mnt/nvme3n1/erikg/phind-genome-work/ntm/v3/annotation/pharokka_out/per_genome_gff/ntm3_0_0458_ML.gff	229
ntm3_0_0459_ML	/mnt/nvme3n1/erikg/phind-genome-work/ntm/v3/annotation/pharokka_out/per_genome_gff/ntm3_0_0459_ML.gff	118
ntm3_0_0460_ML	/mnt/nvme3n1/erikg/phind-genome-work/ntm/v3/annotation/pharokka_out/per_genome_gff/ntm3_0_0460_ML.gff	168
ntm3_0_0461_ML	/mnt/nvme3n1/erikg/phind-genome-work/ntm/v3/annotation/pharokka_out/per_genome_gff/ntm3_0_0461_ML.gff	6
ntm3_0_0462_ML	/mnt/nvme3n1/erikg/phind-genome-work/ntm/v3/annotation/pharokka_out/per_genome_gff/ntm3_0_0462_ML.gff	5
ntm3_0_0463_ML	/mnt/nvme3n1/erikg/phind-genome-work/ntm/v3/annotation/pharokka_out/per_genome_gff/ntm3_0_0463_ML.gff	75
ntm3_0_0464_ML	/mnt/nvme3n1/erikg/phind-genome-work/ntm/v3/annotation/pharokka_out/per_genome_gff/ntm3_0_0464_ML.gff	56
ntm3_0_0465_ML	/mnt/nvme3n1/erikg/phind-genome-work/ntm/v3/annotation/pharokka_out/per_genome_gff/ntm3_0_0465_ML.gff	152
ntm3_0_0466_ML	/mnt/nvme3n1/erikg/phind-genome-work/ntm/v3/annotation/pharokka_out/per_genome_gff/ntm3_0_0466_ML.gff	98
ntm3_0_0467_ML	/mnt/nvme3n1/erikg/phind-genome-work/ntm/v3/annotation/pharokka_out/per_genome_gff/ntm3_0_0467_ML.gff	316
ntm3_0_0468_ML	/mnt/nvme3n1/erikg/phind-genome-work/ntm/v3/annotation/pharokka_out/per_genome_gff/ntm3_0_0468_ML.gff	55
ntm3_0_0469_ML	/mnt/nvme3n1/erikg/phind-genome-work/ntm/v3/annotation/pharokka_out/per_genome_gff/ntm3_0_0469_ML.gff	15
ntm3_0_0470_ML	/mnt/nvme3n1/erikg/phind-genome-work/ntm/v3/annotation/pharokka_out/per_genome_gff/ntm3_0_0470_ML.gff	124
ntm3_0_0471_ML	/mnt/nvme3n1/erikg/phind-genome-work/ntm/v3/annotation/pharokka_out/per_genome_gff/ntm3_0_0471_ML.gff	13
ntm3_0_0472_ML	/mnt/nvme3n1/erikg/phind-genome-work/ntm/v3/annotation/pharokka_out/per_genome_gff/ntm3_0_0472_ML.gff	174
ntm3_0_0473_ML	/mnt/nvme3n1/erikg/phind-genome-work/ntm/v3/annotation/pharokka_out/per_genome_gff/ntm3_0_0473_ML.gff	272
ntm3_0_0474_ML	/mnt/nvme3n1/erikg/phind-genome-work/ntm/v3/annotation/pharokka_out/per_genome_gff/ntm3_0_0474_ML.gff	1
ntm3_0_0475_ML	/mnt/nvme3n1/erikg/phind-genome-work/ntm/v3/annotation/pharokka_out/per_genome_gff/ntm3_0_0475_ML.gff	228
ntm3_0_0476_ML	/mnt/nvme3n1/erikg/phind-genome-work/ntm/v3/annotation/pharokka_out/per_genome_gff/ntm3_0_0476_ML.gff	20
ntm3_0_0477_ML	/mnt/nvme3n1/erikg/phind-genome-work/ntm/v3/annotation/pharokka_out/per_genome_gff/ntm3_0_0477_ML.gff	187
ntm3_0_0478_ML	/mnt/nvme3n1/erikg/phind-genome-work/ntm/v3/annotation/pharokka_out/per_genome_gff/ntm3_0_0478_ML.gff	197
ntm3_0_0479_ML	/mnt/nvme3n1/erikg/phind-genome-work/ntm/v3/annotation/pharokka_out/per_genome_gff/ntm3_0_0479_ML.gff	123
ntm3_0_0480_ML	/mnt/nvme3n1/erikg/phind-genome-work/ntm/v3/annotation/pharokka_out/per_genome_gff/ntm3_0_0480_ML.gff	289
ntm3_0_0481_ML	/mnt/nvme3n1/erikg/phind-genome-work/ntm/v3/annotation/pharokka_out/per_genome_gff/ntm3_0_0481_ML.gff	45
ntm3_0_0482_ML	/mnt/nvme3n1/erikg/phind-genome-work/ntm/v3/annotation/pharokka_out/per_genome_gff/ntm3_0_0482_ML.gff	43
ntm3_0_0483_ML	/mnt/nvme3n1/erikg/phind-genome-work/ntm/v3/annotation/pharokka_out/per_genome_gff/ntm3_0_0483_ML.gff	76
ntm3_0_0484_ML	/mnt/nvme3n1/erikg/phind-genome-work/ntm/v3/annotation/pharokka_out/per_genome_gff/ntm3_0_0484_ML.gff	44
ntm3_0_0485_ML	/mnt/nvme3n1/erikg/phind-genome-work/ntm/v3/annotation/pharokka_out/per_genome_gff/ntm3_0_0485_ML.gff	77
ntm3_0_0486_ML	/mnt/nvme3n1/erikg/phind-genome-work/ntm/v3/annotation/pharokka_out/per_genome_gff/ntm3_0_0486_ML.gff	31
ntm3_0_0487_ML	/mnt/nvme3n1/erikg/phind-genome-work/ntm/v3/annotation/pharokka_out/per_genome_gff/ntm3_0_0487_ML.gff	45
ntm3_0_0488_ML	/mnt/nvme3n1/erikg/phind-genome-work/ntm/v3/annotation/pharokka_out/per_genome_gff/ntm3_0_0488_ML.gff	246
ntm3_0_0489_ML	/mnt/nvme3n1/erikg/phind-genome-work/ntm/v3/annotation/pharokka_out/per_genome_gff/ntm3_0_0489_ML.gff	25
ntm3_0_0490_ML	/mnt/nvme3n1/erikg/phind-genome-work/ntm/v3/annotation/pharokka_out/per_genome_gff/ntm3_0_0490_ML.gff	310
ntm3_0_0491_ML	/mnt/nvme3n1/erikg/phind-genome-work/ntm/v3/annotation/pharokka_out/per_genome_gff/ntm3_0_0491_ML.gff	218
ntm3_0_0492_ML	/mnt/nvme3n1/erikg/phind-genome-work/ntm/v3/annotation/pharokka_out/per_genome_gff/ntm3_0_0492_ML.gff	11
ntm3_0_0493_ML	/mnt/nvme3n1/erikg/phind-genome-work/ntm/v3/annotation/pharokka_out/per_genome_gff/ntm3_0_0493_ML.gff	80
ntm3_0_0494_ML	/mnt/nvme3n1/erikg/phind-genome-work/ntm/v3/annotation/pharokka_out/per_genome_gff/ntm3_0_0494_ML.gff	89
ntm3_0_0495_ML	/mnt/nvme3n1/erikg/phind-genome-work/ntm/v3/annotation/pharokka_out/per_genome_gff/ntm3_0_0495_ML.gff	86
ntm3_0_0496_ML	/mnt/nvme3n1/erikg/phind-genome-work/ntm/v3/annotation/pharokka_out/per_genome_gff/ntm3_0_0496_ML.gff	190
ntm3_0_0497_ML	/mnt/nvme3n1/erikg/phind-genome-work/ntm/v3/annotation/pharokka_out/per_genome_gff/ntm3_0_0497_ML.gff	27
ntm3_0_0498_ML	/mnt/nvme3n1/erikg/phind-genome-work/ntm/v3/annotation/pharokka_out/per_genome_gff/ntm3_0_0498_ML.gff	51
ntm3_0_0499_ML	/mnt/nvme3n1/erikg/phind-genome-work/ntm/v3/annotation/pharokka_out/per_genome_gff/ntm3_0_0499_ML.gff	1
ntm3_0_0500_ML	/mnt/nvme3n1/erikg/phind-genome-work/ntm/v3/annotation/pharokka_out/per_genome_gff/ntm3_0_0500_ML.gff	137
ntm3_0_0501_ML	/mnt/nvme3n1/erikg/phind-genome-work/ntm/v3/annotation/pharokka_out/per_genome_gff/ntm3_0_0501_ML.gff	29
ntm3_0_0502_ML	/mnt/nvme3n1/erikg/phind-genome-work/ntm/v3/annotation/pharokka_out/per_genome_gff/ntm3_0_0502_ML.gff	52
ntm3_0_0503_ML	/mnt/nvme3n1/erikg/phind-genome-work/ntm/v3/annotation/pharokka_out/per_genome_gff/ntm3_0_0503_ML.gff	88
ntm3_0_0504_ML	/mnt/nvme3n1/erikg/phind-genome-work/ntm/v3/annotation/pharokka_out/per_genome_gff/ntm3_0_0504_ML.gff	6
ntm3_0_0505_ML	/mnt/nvme3n1/erikg/phind-genome-work/ntm/v3/annotation/pharokka_out/per_genome_gff/ntm3_0_0505_ML.gff	4
ntm3_0_0506_ML	/mnt/nvme3n1/erikg/phind-genome-work/ntm/v3/annotation/pharokka_out/per_genome_gff/ntm3_0_0506_ML.gff	21
ntm3_0_0507_ML	/mnt/nvme3n1/erikg/phind-genome-work/ntm/v3/annotation/pharokka_out/per_genome_gff/ntm3_0_0507_ML.gff	56
ntm3_0_0508_ML	/mnt/nvme3n1/erikg/phind-genome-work/ntm/v3/annotation/pharokka_out/per_genome_gff/ntm3_0_0508_ML.gff	57
ntm3_0_0509_ML	/mnt/nvme3n1/erikg/phind-genome-work/ntm/v3/annotation/pharokka_out/per_genome_gff/ntm3_0_0509_ML.gff	40
ntm3_0_0510_ML	/mnt/nvme3n1/erikg/phind-genome-work/ntm/v3/annotation/pharokka_out/per_genome_gff/ntm3_0_0510_ML.gff	88
ntm3_0_0511_ML	/mnt/nvme3n1/erikg/phind-genome-work/ntm/v3/annotation/pharokka_out/per_genome_gff/ntm3_0_0511_ML.gff	39
ntm3_0_0512_ML	/mnt/nvme3n1/erikg/phind-genome-work/ntm/v3/annotation/pharokka_out/per_genome_gff/ntm3_0_0512_ML.gff	82
ntm3_0_0513_ML	/mnt/nvme3n1/erikg/phind-genome-work/ntm/v3/annotation/pharokka_out/per_genome_gff/ntm3_0_0513_ML.gff	6
ntm3_0_0514_ML	/mnt/nvme3n1/erikg/phind-genome-work/ntm/v3/annotation/pharokka_out/per_genome_gff/ntm3_0_0514_ML.gff	59
ntm3_0_0515_ML	/mnt/nvme3n1/erikg/phind-genome-work/ntm/v3/annotation/pharokka_out/per_genome_gff/ntm3_0_0515_ML.gff	46
ntm3_0_0516_ML	/mnt/nvme3n1/erikg/phind-genome-work/ntm/v3/annotation/pharokka_out/per_genome_gff/ntm3_0_0516_ML.gff	83
ntm3_0_0517_ML	/mnt/nvme3n1/erikg/phind-genome-work/ntm/v3/annotation/pharokka_out/per_genome_gff/ntm3_0_0517_ML.gff	77
ntm3_0_0518_ML	/mnt/nvme3n1/erikg/phind-genome-work/ntm/v3/annotation/pharokka_out/per_genome_gff/ntm3_0_0518_ML.gff	180
ntm3_0_0519_ML	/mnt/nvme3n1/erikg/phind-genome-work/ntm/v3/annotation/pharokka_out/per_genome_gff/ntm3_0_0519_ML.gff	45
ntm3_0_0520_ML	/mnt/nvme3n1/erikg/phind-genome-work/ntm/v3/annotation/pharokka_out/per_genome_gff/ntm3_0_0520_ML.gff	2
ntm3_0_0521_ML	/mnt/nvme3n1/erikg/phind-genome-work/ntm/v3/annotation/pharokka_out/per_genome_gff/ntm3_0_0521_ML.gff	51
ntm3_0_0522_ML	/mnt/nvme3n1/erikg/phind-genome-work/ntm/v3/annotation/pharokka_out/per_genome_gff/ntm3_0_0522_ML.gff	4
ntm3_0_0523_ML	/mnt/nvme3n1/erikg/phind-genome-work/ntm/v3/annotation/pharokka_out/per_genome_gff/ntm3_0_0523_ML.gff	5
ntm3_0_0524_ML	/mnt/nvme3n1/erikg/phind-genome-work/ntm/v3/annotation/pharokka_out/per_genome_gff/ntm3_0_0524_ML.gff	14
ntm3_0_0525_ML	/mnt/nvme3n1/erikg/phind-genome-work/ntm/v3/annotation/pharokka_out/per_genome_gff/ntm3_0_0525_ML.gff	17
ntm3_0_0526_ML	/mnt/nvme3n1/erikg/phind-genome-work/ntm/v3/annotation/pharokka_out/per_genome_gff/ntm3_0_0526_ML.gff	40
ntm3_0_0527_ML	/mnt/nvme3n1/erikg/phind-genome-work/ntm/v3/annotation/pharokka_out/per_genome_gff/ntm3_0_0527_ML.gff	64
ntm3_0_0528_ML	/mnt/nvme3n1/erikg/phind-genome-work/ntm/v3/annotation/pharokka_out/per_genome_gff/ntm3_0_0528_ML.gff	41
ntm3_0_0529_ML	/mnt/nvme3n1/erikg/phind-genome-work/ntm/v3/annotation/pharokka_out/per_genome_gff/ntm3_0_0529_ML.gff	93
ntm3_0_0530_ML	/mnt/nvme3n1/erikg/phind-genome-work/ntm/v3/annotation/pharokka_out/per_genome_gff/ntm3_0_0530_ML.gff	35
ntm3_0_0531_ML	/mnt/nvme3n1/erikg/phind-genome-work/ntm/v3/annotation/pharokka_out/per_genome_gff/ntm3_0_0531_ML.gff	18
ntm3_0_0532_ML	/mnt/nvme3n1/erikg/phind-genome-work/ntm/v3/annotation/pharokka_out/per_genome_gff/ntm3_0_0532_ML.gff	2
ntm3_0_0533_ML	/mnt/nvme3n1/erikg/phind-genome-work/ntm/v3/annotation/pharokka_out/per_genome_gff/ntm3_0_0533_ML.gff	146
ntm3_0_0534_ML	/mnt/nvme3n1/erikg/phind-genome-work/ntm/v3/annotation/pharokka_out/per_genome_gff/ntm3_0_0534_ML.gff	286
ntm3_0_0535_ML	/mnt/nvme3n1/erikg/phind-genome-work/ntm/v3/annotation/pharokka_out/per_genome_gff/ntm3_0_0535_ML.gff	157
ntm3_0_0536_ML	/mnt/nvme3n1/erikg/phind-genome-work/ntm/v3/annotation/pharokka_out/per_genome_gff/ntm3_0_0536_ML.gff	41
ntm3_0_0537_ML	/mnt/nvme3n1/erikg/phind-genome-work/ntm/v3/annotation/pharokka_out/per_genome_gff/ntm3_0_0537_ML.gff	34
ntm3_0_0538_ML	/mnt/nvme3n1/erikg/phind-genome-work/ntm/v3/annotation/pharokka_out/per_genome_gff/ntm3_0_0538_ML.gff	22
ntm3_0_0539_ML	/mnt/nvme3n1/erikg/phind-genome-work/ntm/v3/annotation/pharokka_out/per_genome_gff/ntm3_0_0539_ML.gff	30
ntm3_0_0540_ML	/mnt/nvme3n1/erikg/phind-genome-work/ntm/v3/annotation/pharokka_out/per_genome_gff/ntm3_0_0540_ML.gff	18
ntm3_0_0541_ML	/mnt/nvme3n1/erikg/phind-genome-work/ntm/v3/annotation/pharokka_out/per_genome_gff/ntm3_0_0541_ML.gff	18
ntm3_0_0542_ML	/mnt/nvme3n1/erikg/phind-genome-work/ntm/v3/annotation/pharokka_out/per_genome_gff/ntm3_0_0542_ML.gff	3
ntm3_0_0543_ML	/mnt/nvme3n1/erikg/phind-genome-work/ntm/v3/annotation/pharokka_out/per_genome_gff/ntm3_0_0543_ML.gff	20
ntm3_0_0544_ML	/mnt/nvme3n1/erikg/phind-genome-work/ntm/v3/annotation/pharokka_out/per_genome_gff/ntm3_0_0544_ML.gff	78
ntm3_0_0545_ML	/mnt/nvme3n1/erikg/phind-genome-work/ntm/v3/annotation/pharokka_out/per_genome_gff/ntm3_0_0545_ML.gff	23
ntm3_0_0546_ML	/mnt/nvme3n1/erikg/phind-genome-work/ntm/v3/annotation/pharokka_out/per_genome_gff/ntm3_0_0546_ML.gff	16
ntm3_0_0547_ML	/mnt/nvme3n1/erikg/phind-genome-work/ntm/v3/annotation/pharokka_out/per_genome_gff/ntm3_0_0547_ML.gff	141
ntm3_0_0548_ML	/mnt/nvme3n1/erikg/phind-genome-work/ntm/v3/annotation/pharokka_out/per_genome_gff/ntm3_0_0548_ML.gff	25
ntm3_0_0549_ML	/mnt/nvme3n1/erikg/phind-genome-work/ntm/v3/annotation/pharokka_out/per_genome_gff/ntm3_0_0549_ML.gff	3
ntm3_0_0550_ML	/mnt/nvme3n1/erikg/phind-genome-work/ntm/v3/annotation/pharokka_out/per_genome_gff/ntm3_0_0550_ML.gff	53
ntm3_0_0551_ML	/mnt/nvme3n1/erikg/phind-genome-work/ntm/v3/annotation/pharokka_out/per_genome_gff/ntm3_0_0551_ML.gff	33
ntm3_0_0552_ML	/mnt/nvme3n1/erikg/phind-genome-work/ntm/v3/annotation/pharokka_out/per_genome_gff/ntm3_0_0552_ML.gff	127
ntm3_0_0553_ML	/mnt/nvme3n1/erikg/phind-genome-work/ntm/v3/annotation/pharokka_out/per_genome_gff/ntm3_0_0553_ML.gff	24
ntm3_0_0554_ML	/mnt/nvme3n1/erikg/phind-genome-work/ntm/v3/annotation/pharokka_out/per_genome_gff/ntm3_0_0554_ML.gff	35
ntm3_0_0555_ML	/mnt/nvme3n1/erikg/phind-genome-work/ntm/v3/annotation/pharokka_out/per_genome_gff/ntm3_0_0555_ML.gff	50
ntm3_0_0556_ML	/mnt/nvme3n1/erikg/phind-genome-work/ntm/v3/annotation/pharokka_out/per_genome_gff/ntm3_0_0556_ML.gff	11
ntm3_0_0557_ML	/mnt/nvme3n1/erikg/phind-genome-work/ntm/v3/annotation/pharokka_out/per_genome_gff/ntm3_0_0557_ML.gff	226
ntm3_0_0558_ML	/mnt/nvme3n1/erikg/phind-genome-work/ntm/v3/annotation/pharokka_out/per_genome_gff/ntm3_0_0558_ML.gff	210
ntm3_0_0559_ML	/mnt/nvme3n1/erikg/phind-genome-work/ntm/v3/annotation/pharokka_out/per_genome_gff/ntm3_0_0559_ML.gff	57
ntm3_0_0560_ML	/mnt/nvme3n1/erikg/phind-genome-work/ntm/v3/annotation/pharokka_out/per_genome_gff/ntm3_0_0560_ML.gff	134
ntm3_0_0561_ML	/mnt/nvme3n1/erikg/phind-genome-work/ntm/v3/annotation/pharokka_out/per_genome_gff/ntm3_0_0561_ML.gff	165
ntm3_0_0562_ML	/mnt/nvme3n1/erikg/phind-genome-work/ntm/v3/annotation/pharokka_out/per_genome_gff/ntm3_0_0562_ML.gff	40
ntm3_0_0563_ML	/mnt/nvme3n1/erikg/phind-genome-work/ntm/v3/annotation/pharokka_out/per_genome_gff/ntm3_0_0563_ML.gff	16
ntm3_0_0564_ML	/mnt/nvme3n1/erikg/phind-genome-work/ntm/v3/annotation/pharokka_out/per_genome_gff/ntm3_0_0564_ML.gff	66
ntm3_0_0565_ML	/mnt/nvme3n1/erikg/phind-genome-work/ntm/v3/annotation/pharokka_out/per_genome_gff/ntm3_0_0565_ML.gff	21
ntm3_0_0566_ML	/mnt/nvme3n1/erikg/phind-genome-work/ntm/v3/annotation/pharokka_out/per_genome_gff/ntm3_0_0566_ML.gff	35
ntm3_0_0567_ML	/mnt/nvme3n1/erikg/phind-genome-work/ntm/v3/annotation/pharokka_out/per_genome_gff/ntm3_0_0567_ML.gff	5
ntm3_0_0568_ML	/mnt/nvme3n1/erikg/phind-genome-work/ntm/v3/annotation/pharokka_out/per_genome_gff/ntm3_0_0568_ML.gff	37
ntm3_0_0569_ML	/mnt/nvme3n1/erikg/phind-genome-work/ntm/v3/annotation/pharokka_out/per_genome_gff/ntm3_0_0569_ML.gff	163
ntm3_0_0570_ML	/mnt/nvme3n1/erikg/phind-genome-work/ntm/v3/annotation/pharokka_out/per_genome_gff/ntm3_0_0570_ML.gff	11
ntm3_0_0571_ML	/mnt/nvme3n1/erikg/phind-genome-work/ntm/v3/annotation/pharokka_out/per_genome_gff/ntm3_0_0571_ML.gff	153
ntm3_0_0572_ML	/mnt/nvme3n1/erikg/phind-genome-work/ntm/v3/annotation/pharokka_out/per_genome_gff/ntm3_0_0572_ML.gff	54
ntm3_0_0573_ML	/mnt/nvme3n1/erikg/phind-genome-work/ntm/v3/annotation/pharokka_out/per_genome_gff/ntm3_0_0573_ML.gff	2
ntm3_0_0574_ML	/mnt/nvme3n1/erikg/phind-genome-work/ntm/v3/annotation/pharokka_out/per_genome_gff/ntm3_0_0574_ML.gff	120
ntm3_0_0575_ML	/mnt/nvme3n1/erikg/phind-genome-work/ntm/v3/annotation/pharokka_out/per_genome_gff/ntm3_0_0575_ML.gff	288
ntm3_0_0576_ML	/mnt/nvme3n1/erikg/phind-genome-work/ntm/v3/annotation/pharokka_out/per_genome_gff/ntm3_0_0576_ML.gff	28
ntm3_0_0577_ML	/mnt/nvme3n1/erikg/phind-genome-work/ntm/v3/annotation/pharokka_out/per_genome_gff/ntm3_0_0577_ML.gff	15
ntm3_0_0578_ML	/mnt/nvme3n1/erikg/phind-genome-work/ntm/v3/annotation/pharokka_out/per_genome_gff/ntm3_0_0578_ML.gff	15
ntm3_0_0579_ML	/mnt/nvme3n1/erikg/phind-genome-work/ntm/v3/annotation/pharokka_out/per_genome_gff/ntm3_0_0579_ML.gff	28
ntm3_0_0580_ML	/mnt/nvme3n1/erikg/phind-genome-work/ntm/v3/annotation/pharokka_out/per_genome_gff/ntm3_0_0580_ML.gff	108
ntm3_0_0581_ML	/mnt/nvme3n1/erikg/phind-genome-work/ntm/v3/annotation/pharokka_out/per_genome_gff/ntm3_0_0581_ML.gff	71
ntm3_0_0582_ML	/mnt/nvme3n1/erikg/phind-genome-work/ntm/v3/annotation/pharokka_out/per_genome_gff/ntm3_0_0582_ML.gff	50
ntm3_0_0583_ML	/mnt/nvme3n1/erikg/phind-genome-work/ntm/v3/annotation/pharokka_out/per_genome_gff/ntm3_0_0583_ML.gff	17
ntm3_0_0584_ML	/mnt/nvme3n1/erikg/phind-genome-work/ntm/v3/annotation/pharokka_out/per_genome_gff/ntm3_0_0584_ML.gff	17
ntm3_0_0585_ML	/mnt/nvme3n1/erikg/phind-genome-work/ntm/v3/annotation/pharokka_out/per_genome_gff/ntm3_0_0585_ML.gff	143
ntm3_0_0586_ML	/mnt/nvme3n1/erikg/phind-genome-work/ntm/v3/annotation/pharokka_out/per_genome_gff/ntm3_0_0586_ML.gff	74
ntm3_0_0587_ML	/mnt/nvme3n1/erikg/phind-genome-work/ntm/v3/annotation/pharokka_out/per_genome_gff/ntm3_0_0587_ML.gff	8
ntm3_0_0588_ML	/mnt/nvme3n1/erikg/phind-genome-work/ntm/v3/annotation/pharokka_out/per_genome_gff/ntm3_0_0588_ML.gff	212
ntm3_0_0589_ML	/mnt/nvme3n1/erikg/phind-genome-work/ntm/v3/annotation/pharokka_out/per_genome_gff/ntm3_0_0589_ML.gff	24
ntm3_0_0590_ML	/mnt/nvme3n1/erikg/phind-genome-work/ntm/v3/annotation/pharokka_out/per_genome_gff/ntm3_0_0590_ML.gff	22
ntm3_0_0591_ML	/mnt/nvme3n1/erikg/phind-genome-work/ntm/v3/annotation/pharokka_out/per_genome_gff/ntm3_0_0591_ML.gff	36
ntm3_0_0592_ML	/mnt/nvme3n1/erikg/phind-genome-work/ntm/v3/annotation/pharokka_out/per_genome_gff/ntm3_0_0592_ML.gff	13
ntm3_0_0593_ML	/mnt/nvme3n1/erikg/phind-genome-work/ntm/v3/annotation/pharokka_out/per_genome_gff/ntm3_0_0593_ML.gff	15
ntm3_0_0594_ML	/mnt/nvme3n1/erikg/phind-genome-work/ntm/v3/annotation/pharokka_out/per_genome_gff/ntm3_0_0594_ML.gff	39
ntm3_0_0595_ML	/mnt/nvme3n1/erikg/phind-genome-work/ntm/v3/annotation/pharokka_out/per_genome_gff/ntm3_0_0595_ML.gff	8
ntm3_0_0596_ML	/mnt/nvme3n1/erikg/phind-genome-work/ntm/v3/annotation/pharokka_out/per_genome_gff/ntm3_0_0596_ML.gff	36
ntm3_0_0597_ML	/mnt/nvme3n1/erikg/phind-genome-work/ntm/v3/annotation/pharokka_out/per_genome_gff/ntm3_0_0597_ML.gff	31
ntm3_0_0598_ML	/mnt/nvme3n1/erikg/phind-genome-work/ntm/v3/annotation/pharokka_out/per_genome_gff/ntm3_0_0598_ML.gff	37
ntm3_0_0599_ML	/mnt/nvme3n1/erikg/phind-genome-work/ntm/v3/annotation/pharokka_out/per_genome_gff/ntm3_0_0599_ML.gff	13
ntm3_0_0600_ML	/mnt/nvme3n1/erikg/phind-genome-work/ntm/v3/annotation/pharokka_out/per_genome_gff/ntm3_0_0600_ML.gff	1
ntm3_0_0601_ML	/mnt/nvme3n1/erikg/phind-genome-work/ntm/v3/annotation/pharokka_out/per_genome_gff/ntm3_0_0601_ML.gff	98
ntm3_0_0602_ML	/mnt/nvme3n1/erikg/phind-genome-work/ntm/v3/annotation/pharokka_out/per_genome_gff/ntm3_0_0602_ML.gff	75
ntm3_0_0603_ML	/mnt/nvme3n1/erikg/phind-genome-work/ntm/v3/annotation/pharokka_out/per_genome_gff/ntm3_0_0603_ML.gff	32
ntm3_0_0604_ML	/mnt/nvme3n1/erikg/phind-genome-work/ntm/v3/annotation/pharokka_out/per_genome_gff/ntm3_0_0604_ML.gff	35
ntm3_0_0605_ML	/mnt/nvme3n1/erikg/phind-genome-work/ntm/v3/annotation/pharokka_out/per_genome_gff/ntm3_0_0605_ML.gff	69
ntm3_0_0606_ML	/mnt/nvme3n1/erikg/phind-genome-work/ntm/v3/annotation/pharokka_out/per_genome_gff/ntm3_0_0606_ML.gff	78
ntm3_0_0607_ML	/mnt/nvme3n1/erikg/phind-genome-work/ntm/v3/annotation/pharokka_out/per_genome_gff/ntm3_0_0607_ML.gff	21
ntm3_0_0608_ML	/mnt/nvme3n1/erikg/phind-genome-work/ntm/v3/annotation/pharokka_out/per_genome_gff/ntm3_0_0608_ML.gff	2
ntm3_0_0609_ML	/mnt/nvme3n1/erikg/phind-genome-work/ntm/v3/annotation/pharokka_out/per_genome_gff/ntm3_0_0609_ML.gff	36
ntm3_0_0610_ML	/mnt/nvme3n1/erikg/phind-genome-work/ntm/v3/annotation/pharokka_out/per_genome_gff/ntm3_0_0610_ML.gff	20
ntm3_0_0611_ML	/mnt/nvme3n1/erikg/phind-genome-work/ntm/v3/annotation/pharokka_out/per_genome_gff/ntm3_0_0611_ML.gff	83
ntm3_0_0612_ML	/mnt/nvme3n1/erikg/phind-genome-work/ntm/v3/annotation/pharokka_out/per_genome_gff/ntm3_0_0612_ML.gff	32
ntm3_0_0613_ML	/mnt/nvme3n1/erikg/phind-genome-work/ntm/v3/annotation/pharokka_out/per_genome_gff/ntm3_0_0613_ML.gff	29
ntm3_0_0614_ML	/mnt/nvme3n1/erikg/phind-genome-work/ntm/v3/annotation/pharokka_out/per_genome_gff/ntm3_0_0614_ML.gff	60
ntm3_0_0615_ML	/mnt/nvme3n1/erikg/phind-genome-work/ntm/v3/annotation/pharokka_out/per_genome_gff/ntm3_0_0615_ML.gff	133
ntm3_0_0616_ML	/mnt/nvme3n1/erikg/phind-genome-work/ntm/v3/annotation/pharokka_out/per_genome_gff/ntm3_0_0616_ML.gff	90
ntm3_0_0617_ML	/mnt/nvme3n1/erikg/phind-genome-work/ntm/v3/annotation/pharokka_out/per_genome_gff/ntm3_0_0617_ML.gff	8
ntm3_0_0618_ML	/mnt/nvme3n1/erikg/phind-genome-work/ntm/v3/annotation/pharokka_out/per_genome_gff/ntm3_0_0618_ML.gff	25
ntm3_0_0619_ML	/mnt/nvme3n1/erikg/phind-genome-work/ntm/v3/annotation/pharokka_out/per_genome_gff/ntm3_0_0619_ML.gff	13
ntm3_0_0620_ML	/mnt/nvme3n1/erikg/phind-genome-work/ntm/v3/annotation/pharokka_out/per_genome_gff/ntm3_0_0620_ML.gff	35
ntm3_0_0621_ML	/mnt/nvme3n1/erikg/phind-genome-work/ntm/v3/annotation/pharokka_out/per_genome_gff/ntm3_0_0621_ML.gff	32
ntm3_0_0622_ML	/mnt/nvme3n1/erikg/phind-genome-work/ntm/v3/annotation/pharokka_out/per_genome_gff/ntm3_0_0622_ML.gff	151
ntm3_0_0623_ML	/mnt/nvme3n1/erikg/phind-genome-work/ntm/v3/annotation/pharokka_out/per_genome_gff/ntm3_0_0623_ML.gff	5
ntm3_0_0624_ML	/mnt/nvme3n1/erikg/phind-genome-work/ntm/v3/annotation/pharokka_out/per_genome_gff/ntm3_0_0624_ML.gff	116
ntm3_0_0625_ML	/mnt/nvme3n1/erikg/phind-genome-work/ntm/v3/annotation/pharokka_out/per_genome_gff/ntm3_0_0625_ML.gff	31
ntm3_0_0626_ML	/mnt/nvme3n1/erikg/phind-genome-work/ntm/v3/annotation/pharokka_out/per_genome_gff/ntm3_0_0626_ML.gff	9
ntm3_0_0627_ML	/mnt/nvme3n1/erikg/phind-genome-work/ntm/v3/annotation/pharokka_out/per_genome_gff/ntm3_0_0627_ML.gff	215
ntm3_0_0628_ML	/mnt/nvme3n1/erikg/phind-genome-work/ntm/v3/annotation/pharokka_out/per_genome_gff/ntm3_0_0628_ML.gff	18
ntm3_0_0629_ML	/mnt/nvme3n1/erikg/phind-genome-work/ntm/v3/annotation/pharokka_out/per_genome_gff/ntm3_0_0629_ML.gff	8
ntm3_0_0630_ML	/mnt/nvme3n1/erikg/phind-genome-work/ntm/v3/annotation/pharokka_out/per_genome_gff/ntm3_0_0630_ML.gff	9
ntm3_0_0631_ML	/mnt/nvme3n1/erikg/phind-genome-work/ntm/v3/annotation/pharokka_out/per_genome_gff/ntm3_0_0631_ML.gff	47
ntm3_0_0632_ML	/mnt/nvme3n1/erikg/phind-genome-work/ntm/v3/annotation/pharokka_out/per_genome_gff/ntm3_0_0632_ML.gff	26
ntm3_0_0633_ML	/mnt/nvme3n1/erikg/phind-genome-work/ntm/v3/annotation/pharokka_out/per_genome_gff/ntm3_0_0633_ML.gff	16
ntm3_0_0634_ML	/mnt/nvme3n1/erikg/phind-genome-work/ntm/v3/annotation/pharokka_out/per_genome_gff/ntm3_0_0634_ML.gff	55
ntm3_0_0635_ML	/mnt/nvme3n1/erikg/phind-genome-work/ntm/v3/annotation/pharokka_out/per_genome_gff/ntm3_0_0635_ML.gff	112
ntm3_0_0636_ML	/mnt/nvme3n1/erikg/phind-genome-work/ntm/v3/annotation/pharokka_out/per_genome_gff/ntm3_0_0636_ML.gff	67
ntm3_0_0637_ML	/mnt/nvme3n1/erikg/phind-genome-work/ntm/v3/annotation/pharokka_out/per_genome_gff/ntm3_0_0637_ML.gff	2
ntm3_0_0638_ML	/mnt/nvme3n1/erikg/phind-genome-work/ntm/v3/annotation/pharokka_out/per_genome_gff/ntm3_0_0638_ML.gff	7
ntm3_0_0639_ML	/mnt/nvme3n1/erikg/phind-genome-work/ntm/v3/annotation/pharokka_out/per_genome_gff/ntm3_0_0639_ML.gff	41
ntm3_0_0640_ML	/mnt/nvme3n1/erikg/phind-genome-work/ntm/v3/annotation/pharokka_out/per_genome_gff/ntm3_0_0640_ML.gff	46
ntm3_0_0641_ML	/mnt/nvme3n1/erikg/phind-genome-work/ntm/v3/annotation/pharokka_out/per_genome_gff/ntm3_0_0641_ML.gff	6
ntm3_0_0642_ML	/mnt/nvme3n1/erikg/phind-genome-work/ntm/v3/annotation/pharokka_out/per_genome_gff/ntm3_0_0642_ML.gff	8
ntm3_0_0643_ML	/mnt/nvme3n1/erikg/phind-genome-work/ntm/v3/annotation/pharokka_out/per_genome_gff/ntm3_0_0643_ML.gff	216
ntm3_0_0644_ML	/mnt/nvme3n1/erikg/phind-genome-work/ntm/v3/annotation/pharokka_out/per_genome_gff/ntm3_0_0644_ML.gff	44
ntm3_0_0645_ML	/mnt/nvme3n1/erikg/phind-genome-work/ntm/v3/annotation/pharokka_out/per_genome_gff/ntm3_0_0645_ML.gff	12
ntm3_0_0646_ML	/mnt/nvme3n1/erikg/phind-genome-work/ntm/v3/annotation/pharokka_out/per_genome_gff/ntm3_0_0646_ML.gff	16
ntm3_0_0647_ML	/mnt/nvme3n1/erikg/phind-genome-work/ntm/v3/annotation/pharokka_out/per_genome_gff/ntm3_0_0647_ML.gff	101
ntm3_0_0648_ML	/mnt/nvme3n1/erikg/phind-genome-work/ntm/v3/annotation/pharokka_out/per_genome_gff/ntm3_0_0648_ML.gff	21
ntm3_0_0649_ML	/mnt/nvme3n1/erikg/phind-genome-work/ntm/v3/annotation/pharokka_out/per_genome_gff/ntm3_0_0649_ML.gff	42
ntm3_0_0650_ML	/mnt/nvme3n1/erikg/phind-genome-work/ntm/v3/annotation/pharokka_out/per_genome_gff/ntm3_0_0650_ML.gff	39
ntm3_0_0651_ML	/mnt/nvme3n1/erikg/phind-genome-work/ntm/v3/annotation/pharokka_out/per_genome_gff/ntm3_0_0651_ML.gff	17
ntm3_0_0652_ML	/mnt/nvme3n1/erikg/phind-genome-work/ntm/v3/annotation/pharokka_out/per_genome_gff/ntm3_0_0652_ML.gff	4
ntm3_0_0653_ML	/mnt/nvme3n1/erikg/phind-genome-work/ntm/v3/annotation/pharokka_out/per_genome_gff/ntm3_0_0653_ML.gff	193
ntm3_0_0654_ML	/mnt/nvme3n1/erikg/phind-genome-work/ntm/v3/annotation/pharokka_out/per_genome_gff/ntm3_0_0654_ML.gff	44
ntm3_0_0655_ML	/mnt/nvme3n1/erikg/phind-genome-work/ntm/v3/annotation/pharokka_out/per_genome_gff/ntm3_0_0655_ML.gff	19
ntm3_0_0656_ML	/mnt/nvme3n1/erikg/phind-genome-work/ntm/v3/annotation/pharokka_out/per_genome_gff/ntm3_0_0656_ML.gff	17
ntm3_0_0657_ML	/mnt/nvme3n1/erikg/phind-genome-work/ntm/v3/annotation/pharokka_out/per_genome_gff/ntm3_0_0657_ML.gff	21
ntm3_0_0658_ML	/mnt/nvme3n1/erikg/phind-genome-work/ntm/v3/annotation/pharokka_out/per_genome_gff/ntm3_0_0658_ML.gff	21
ntm3_0_0659_ML	/mnt/nvme3n1/erikg/phind-genome-work/ntm/v3/annotation/pharokka_out/per_genome_gff/ntm3_0_0659_ML.gff	15
ntm3_0_0660_ML	/mnt/nvme3n1/erikg/phind-genome-work/ntm/v3/annotation/pharokka_out/per_genome_gff/ntm3_0_0660_ML.gff	19
ntm3_0_0661_ML	/mnt/nvme3n1/erikg/phind-genome-work/ntm/v3/annotation/pharokka_out/per_genome_gff/ntm3_0_0661_ML.gff	8
ntm3_0_0662_ML	/mnt/nvme3n1/erikg/phind-genome-work/ntm/v3/annotation/pharokka_out/per_genome_gff/ntm3_0_0662_ML.gff	61
ntm3_0_0663_ML	/mnt/nvme3n1/erikg/phind-genome-work/ntm/v3/annotation/pharokka_out/per_genome_gff/ntm3_0_0663_ML.gff	10
ntm3_0_0664_ML	/mnt/nvme3n1/erikg/phind-genome-work/ntm/v3/annotation/pharokka_out/per_genome_gff/ntm3_0_0664_ML.gff	10
ntm3_0_0665_ML	/mnt/nvme3n1/erikg/phind-genome-work/ntm/v3/annotation/pharokka_out/per_genome_gff/ntm3_0_0665_ML.gff	12
ntm3_0_0666_ML	/mnt/nvme3n1/erikg/phind-genome-work/ntm/v3/annotation/pharokka_out/per_genome_gff/ntm3_0_0666_ML.gff	44
ntm3_0_0667_ML	/mnt/nvme3n1/erikg/phind-genome-work/ntm/v3/annotation/pharokka_out/per_genome_gff/ntm3_0_0667_ML.gff	54
ntm3_0_0668_ML	/mnt/nvme3n1/erikg/phind-genome-work/ntm/v3/annotation/pharokka_out/per_genome_gff/ntm3_0_0668_ML.gff	4
ntm3_0_0669_ML	/mnt/nvme3n1/erikg/phind-genome-work/ntm/v3/annotation/pharokka_out/per_genome_gff/ntm3_0_0669_ML.gff	4
ntm3_0_0670_ML	/mnt/nvme3n1/erikg/phind-genome-work/ntm/v3/annotation/pharokka_out/per_genome_gff/ntm3_0_0670_ML.gff	30
ntm3_0_0671_ML	/mnt/nvme3n1/erikg/phind-genome-work/ntm/v3/annotation/pharokka_out/per_genome_gff/ntm3_0_0671_ML.gff	4
ntm3_0_0672_ML	/mnt/nvme3n1/erikg/phind-genome-work/ntm/v3/annotation/pharokka_out/per_genome_gff/ntm3_0_0672_ML.gff	71
ntm3_0_0673_ML	/mnt/nvme3n1/erikg/phind-genome-work/ntm/v3/annotation/pharokka_out/per_genome_gff/ntm3_0_0673_ML.gff	13
ntm3_0_0674_ML	/mnt/nvme3n1/erikg/phind-genome-work/ntm/v3/annotation/pharokka_out/per_genome_gff/ntm3_0_0674_ML.gff	119
ntm3_0_0675_ML	/mnt/nvme3n1/erikg/phind-genome-work/ntm/v3/annotation/pharokka_out/per_genome_gff/ntm3_0_0675_ML.gff	20
ntm3_0_0676_ML	/mnt/nvme3n1/erikg/phind-genome-work/ntm/v3/annotation/pharokka_out/per_genome_gff/ntm3_0_0676_ML.gff	18
ntm3_0_0677_ML	/mnt/nvme3n1/erikg/phind-genome-work/ntm/v3/annotation/pharokka_out/per_genome_gff/ntm3_0_0677_ML.gff	28
ntm3_0_0678_ML	/mnt/nvme3n1/erikg/phind-genome-work/ntm/v3/annotation/pharokka_out/per_genome_gff/ntm3_0_0678_ML.gff	2
ntm3_0_0679_ML	/mnt/nvme3n1/erikg/phind-genome-work/ntm/v3/annotation/pharokka_out/per_genome_gff/ntm3_0_0679_ML.gff	16
ntm3_0_0680_ML	/mnt/nvme3n1/erikg/phind-genome-work/ntm/v3/annotation/pharokka_out/per_genome_gff/ntm3_0_0680_ML.gff	19
ntm3_0_0681_ML	/mnt/nvme3n1/erikg/phind-genome-work/ntm/v3/annotation/pharokka_out/per_genome_gff/ntm3_0_0681_ML.gff	6
ntm3_0_0682_ML	/mnt/nvme3n1/erikg/phind-genome-work/ntm/v3/annotation/pharokka_out/per_genome_gff/ntm3_0_0682_ML.gff	41
ntm3_0_0683_ML	/mnt/nvme3n1/erikg/phind-genome-work/ntm/v3/annotation/pharokka_out/per_genome_gff/ntm3_0_0683_ML.gff	2
ntm3_0_0684_ML	/mnt/nvme3n1/erikg/phind-genome-work/ntm/v3/annotation/pharokka_out/per_genome_gff/ntm3_0_0684_ML.gff	19
ntm3_0_0685_ML	/mnt/nvme3n1/erikg/phind-genome-work/ntm/v3/annotation/pharokka_out/per_genome_gff/ntm3_0_0685_ML.gff	7
ntm3_0_0686_ML	/mnt/nvme3n1/erikg/phind-genome-work/ntm/v3/annotation/pharokka_out/per_genome_gff/ntm3_0_0686_ML.gff	3
ntm3_0_0687_ML	/mnt/nvme3n1/erikg/phind-genome-work/ntm/v3/annotation/pharokka_out/per_genome_gff/ntm3_0_0687_ML.gff	18
ntm3_0_0688_ML	/mnt/nvme3n1/erikg/phind-genome-work/ntm/v3/annotation/pharokka_out/per_genome_gff/ntm3_0_0688_ML.gff	21
ntm3_0_0689_ML	/mnt/nvme3n1/erikg/phind-genome-work/ntm/v3/annotation/pharokka_out/per_genome_gff/ntm3_0_0689_ML.gff	29
ntm3_0_0690_ML	/mnt/nvme3n1/erikg/phind-genome-work/ntm/v3/annotation/pharokka_out/per_genome_gff/ntm3_0_0690_ML.gff	19
ntm3_0_0691_ML	/mnt/nvme3n1/erikg/phind-genome-work/ntm/v3/annotation/pharokka_out/per_genome_gff/ntm3_0_0691_ML.gff	12
ntm3_0_0692_ML	/mnt/nvme3n1/erikg/phind-genome-work/ntm/v3/annotation/pharokka_out/per_genome_gff/ntm3_0_0692_ML.gff	7
ntm3_0_0693_ML	/mnt/nvme3n1/erikg/phind-genome-work/ntm/v3/annotation/pharokka_out/per_genome_gff/ntm3_0_0693_ML.gff	23
ntm3_0_0694_ML	/mnt/nvme3n1/erikg/phind-genome-work/ntm/v3/annotation/pharokka_out/per_genome_gff/ntm3_0_0694_ML.gff	43
ntm3_0_0695_ML	/mnt/nvme3n1/erikg/phind-genome-work/ntm/v3/annotation/pharokka_out/per_genome_gff/ntm3_0_0695_ML.gff	7
ntm3_0_0696_ML	/mnt/nvme3n1/erikg/phind-genome-work/ntm/v3/annotation/pharokka_out/per_genome_gff/ntm3_0_0696_ML.gff	34
ntm3_0_0697_ML	/mnt/nvme3n1/erikg/phind-genome-work/ntm/v3/annotation/pharokka_out/per_genome_gff/ntm3_0_0697_ML.gff	7
ntm3_0_0698_ML	/mnt/nvme3n1/erikg/phind-genome-work/ntm/v3/annotation/pharokka_out/per_genome_gff/ntm3_0_0698_ML.gff	25
ntm3_0_0699_ML	/mnt/nvme3n1/erikg/phind-genome-work/ntm/v3/annotation/pharokka_out/per_genome_gff/ntm3_0_0699_ML.gff	5
ntm3_0_0700_ML	/mnt/nvme3n1/erikg/phind-genome-work/ntm/v3/annotation/pharokka_out/per_genome_gff/ntm3_0_0700_ML.gff	13
ntm3_0_0701_ML	/mnt/nvme3n1/erikg/phind-genome-work/ntm/v3/annotation/pharokka_out/per_genome_gff/ntm3_0_0701_ML.gff	14
ntm3_0_0702_ML	/mnt/nvme3n1/erikg/phind-genome-work/ntm/v3/annotation/pharokka_out/per_genome_gff/ntm3_0_0702_ML.gff	146
ntm3_0_0703_ML	/mnt/nvme3n1/erikg/phind-genome-work/ntm/v3/annotation/pharokka_out/per_genome_gff/ntm3_0_0703_ML.gff	14
ntm3_0_0704_ML	/mnt/nvme3n1/erikg/phind-genome-work/ntm/v3/annotation/pharokka_out/per_genome_gff/ntm3_0_0704_ML.gff	27
ntm3_0_0705_ML	/mnt/nvme3n1/erikg/phind-genome-work/ntm/v3/annotation/pharokka_out/per_genome_gff/ntm3_0_0705_ML.gff	20
ntm3_0_0706_ML	/mnt/nvme3n1/erikg/phind-genome-work/ntm/v3/annotation/pharokka_out/per_genome_gff/ntm3_0_0706_ML.gff	140
ntm3_0_0707_ML	/mnt/nvme3n1/erikg/phind-genome-work/ntm/v3/annotation/pharokka_out/per_genome_gff/ntm3_0_0707_ML.gff	20
ntm3_0_0708_ML	/mnt/nvme3n1/erikg/phind-genome-work/ntm/v3/annotation/pharokka_out/per_genome_gff/ntm3_0_0708_ML.gff	5
ntm3_0_0709_ML	/mnt/nvme3n1/erikg/phind-genome-work/ntm/v3/annotation/pharokka_out/per_genome_gff/ntm3_0_0709_ML.gff	12
ntm3_0_0710_ML	/mnt/nvme3n1/erikg/phind-genome-work/ntm/v3/annotation/pharokka_out/per_genome_gff/ntm3_0_0710_ML.gff	17
ntm3_0_0711_ML	/mnt/nvme3n1/erikg/phind-genome-work/ntm/v3/annotation/pharokka_out/per_genome_gff/ntm3_0_0711_ML.gff	11
ntm3_0_0712_ML	/mnt/nvme3n1/erikg/phind-genome-work/ntm/v3/annotation/pharokka_out/per_genome_gff/ntm3_0_0712_ML.gff	37
ntm3_0_0713_ML	/mnt/nvme3n1/erikg/phind-genome-work/ntm/v3/annotation/pharokka_out/per_genome_gff/ntm3_0_0713_ML.gff	33
ntm3_0_0714_ML	/mnt/nvme3n1/erikg/phind-genome-work/ntm/v3/annotation/pharokka_out/per_genome_gff/ntm3_0_0714_ML.gff	13
ntm3_0_0715_ML	/mnt/nvme3n1/erikg/phind-genome-work/ntm/v3/annotation/pharokka_out/per_genome_gff/ntm3_0_0715_ML.gff	36
ntm3_0_0716_ML	/mnt/nvme3n1/erikg/phind-genome-work/ntm/v3/annotation/pharokka_out/per_genome_gff/ntm3_0_0716_ML.gff	7
ntm3_0_0717_ML	/mnt/nvme3n1/erikg/phind-genome-work/ntm/v3/annotation/pharokka_out/per_genome_gff/ntm3_0_0717_ML.gff	5
ntm3_0_0718_ML	/mnt/nvme3n1/erikg/phind-genome-work/ntm/v3/annotation/pharokka_out/per_genome_gff/ntm3_0_0718_ML.gff	18
ntm3_0_0719_ML	/mnt/nvme3n1/erikg/phind-genome-work/ntm/v3/annotation/pharokka_out/per_genome_gff/ntm3_0_0719_ML.gff	18
ntm3_0_0720_ML	/mnt/nvme3n1/erikg/phind-genome-work/ntm/v3/annotation/pharokka_out/per_genome_gff/ntm3_0_0720_ML.gff	9
ntm3_0_0721_ML	/mnt/nvme3n1/erikg/phind-genome-work/ntm/v3/annotation/pharokka_out/per_genome_gff/ntm3_0_0721_ML.gff	75
ntm3_0_0722_ML	/mnt/nvme3n1/erikg/phind-genome-work/ntm/v3/annotation/pharokka_out/per_genome_gff/ntm3_0_0722_ML.gff	21
ntm3_0_0723_ML	/mnt/nvme3n1/erikg/phind-genome-work/ntm/v3/annotation/pharokka_out/per_genome_gff/ntm3_0_0723_ML.gff	12
ntm3_0_0724_ML	/mnt/nvme3n1/erikg/phind-genome-work/ntm/v3/annotation/pharokka_out/per_genome_gff/ntm3_0_0724_ML.gff	4
ntm3_0_0725_ML	/mnt/nvme3n1/erikg/phind-genome-work/ntm/v3/annotation/pharokka_out/per_genome_gff/ntm3_0_0725_ML.gff	38
ntm3_0_0726_ML	/mnt/nvme3n1/erikg/phind-genome-work/ntm/v3/annotation/pharokka_out/per_genome_gff/ntm3_0_0726_ML.gff	13
ntm3_0_0727_ML	/mnt/nvme3n1/erikg/phind-genome-work/ntm/v3/annotation/pharokka_out/per_genome_gff/ntm3_0_0727_ML.gff	38
ntm3_0_0728_ML	/mnt/nvme3n1/erikg/phind-genome-work/ntm/v3/annotation/pharokka_out/per_genome_gff/ntm3_0_0728_ML.gff	62
ntm3_0_0729_ML	/mnt/nvme3n1/erikg/phind-genome-work/ntm/v3/annotation/pharokka_out/per_genome_gff/ntm3_0_0729_ML.gff	8
ntm3_0_0730_ML	/mnt/nvme3n1/erikg/phind-genome-work/ntm/v3/annotation/pharokka_out/per_genome_gff/ntm3_0_0730_ML.gff	1
ntm3_0_0731_ML	/mnt/nvme3n1/erikg/phind-genome-work/ntm/v3/annotation/pharokka_out/per_genome_gff/ntm3_0_0731_ML.gff	25
ntm3_0_0732_ML	/mnt/nvme3n1/erikg/phind-genome-work/ntm/v3/annotation/pharokka_out/per_genome_gff/ntm3_0_0732_ML.gff	55
ntm3_0_0733_ML	/mnt/nvme3n1/erikg/phind-genome-work/ntm/v3/annotation/pharokka_out/per_genome_gff/ntm3_0_0733_ML.gff	49
ntm3_0_0734_ML	/mnt/nvme3n1/erikg/phind-genome-work/ntm/v3/annotation/pharokka_out/per_genome_gff/ntm3_0_0734_ML.gff	132
ntm3_0_0735_ML	/mnt/nvme3n1/erikg/phind-genome-work/ntm/v3/annotation/pharokka_out/per_genome_gff/ntm3_0_0735_ML.gff	28
ntm3_0_0736_ML	/mnt/nvme3n1/erikg/phind-genome-work/ntm/v3/annotation/pharokka_out/per_genome_gff/ntm3_0_0736_ML.gff	45
ntm3_0_0737_ML	/mnt/nvme3n1/erikg/phind-genome-work/ntm/v3/annotation/pharokka_out/per_genome_gff/ntm3_0_0737_ML.gff	51
ntm3_0_0738_ML	/mnt/nvme3n1/erikg/phind-genome-work/ntm/v3/annotation/pharokka_out/per_genome_gff/ntm3_0_0738_ML.gff	61
ntm3_0_0739_ML	/mnt/nvme3n1/erikg/phind-genome-work/ntm/v3/annotation/pharokka_out/per_genome_gff/ntm3_0_0739_ML.gff	39
ntm3_0_0740_ML	/mnt/nvme3n1/erikg/phind-genome-work/ntm/v3/annotation/pharokka_out/per_genome_gff/ntm3_0_0740_ML.gff	17
ntm3_0_0741_ML	/mnt/nvme3n1/erikg/phind-genome-work/ntm/v3/annotation/pharokka_out/per_genome_gff/ntm3_0_0741_ML.gff	50
ntm3_0_0742_ML	/mnt/nvme3n1/erikg/phind-genome-work/ntm/v3/annotation/pharokka_out/per_genome_gff/ntm3_0_0742_ML.gff	4
ntm3_0_0743_ML	/mnt/nvme3n1/erikg/phind-genome-work/ntm/v3/annotation/pharokka_out/per_genome_gff/ntm3_0_0743_ML.gff	13
ntm3_0_0744_ML	/mnt/nvme3n1/erikg/phind-genome-work/ntm/v3/annotation/pharokka_out/per_genome_gff/ntm3_0_0744_ML.gff	3
ntm3_0_0745_ML	/mnt/nvme3n1/erikg/phind-genome-work/ntm/v3/annotation/pharokka_out/per_genome_gff/ntm3_0_0745_ML.gff	69
ntm3_0_0746_ML	/mnt/nvme3n1/erikg/phind-genome-work/ntm/v3/annotation/pharokka_out/per_genome_gff/ntm3_0_0746_ML.gff	5
ntm3_0_0747_ML	/mnt/nvme3n1/erikg/phind-genome-work/ntm/v3/annotation/pharokka_out/per_genome_gff/ntm3_0_0747_ML.gff	17
ntm3_0_0748_ML	/mnt/nvme3n1/erikg/phind-genome-work/ntm/v3/annotation/pharokka_out/per_genome_gff/ntm3_0_0748_ML.gff	53
ntm3_0_0749_ML	/mnt/nvme3n1/erikg/phind-genome-work/ntm/v3/annotation/pharokka_out/per_genome_gff/ntm3_0_0749_ML.gff	9
ntm3_0_0750_ML	/mnt/nvme3n1/erikg/phind-genome-work/ntm/v3/annotation/pharokka_out/per_genome_gff/ntm3_0_0750_ML.gff	24
ntm3_0_0751_ML	/mnt/nvme3n1/erikg/phind-genome-work/ntm/v3/annotation/pharokka_out/per_genome_gff/ntm3_0_0751_ML.gff	75
ntm3_0_0752_ML	/mnt/nvme3n1/erikg/phind-genome-work/ntm/v3/annotation/pharokka_out/per_genome_gff/ntm3_0_0752_ML.gff	24
ntm3_0_0753_ML	/mnt/nvme3n1/erikg/phind-genome-work/ntm/v3/annotation/pharokka_out/per_genome_gff/ntm3_0_0753_ML.gff	13
ntm3_0_0754_ML	/mnt/nvme3n1/erikg/phind-genome-work/ntm/v3/annotation/pharokka_out/per_genome_gff/ntm3_0_0754_ML.gff	34
ntm3_0_0755_ML	/mnt/nvme3n1/erikg/phind-genome-work/ntm/v3/annotation/pharokka_out/per_genome_gff/ntm3_0_0755_ML.gff	18
ntm3_0_0756_ML	/mnt/nvme3n1/erikg/phind-genome-work/ntm/v3/annotation/pharokka_out/per_genome_gff/ntm3_0_0756_ML.gff	43
ntm3_0_0757_ML	/mnt/nvme3n1/erikg/phind-genome-work/ntm/v3/annotation/pharokka_out/per_genome_gff/ntm3_0_0757_ML.gff	27
ntm3_0_0758_ML	/mnt/nvme3n1/erikg/phind-genome-work/ntm/v3/annotation/pharokka_out/per_genome_gff/ntm3_0_0758_ML.gff	120
ntm3_0_0759_ML	/mnt/nvme3n1/erikg/phind-genome-work/ntm/v3/annotation/pharokka_out/per_genome_gff/ntm3_0_0759_ML.gff	8
ntm3_0_0760_ML	/mnt/nvme3n1/erikg/phind-genome-work/ntm/v3/annotation/pharokka_out/per_genome_gff/ntm3_0_0760_ML.gff	54
ntm3_0_0761_ML	/mnt/nvme3n1/erikg/phind-genome-work/ntm/v3/annotation/pharokka_out/per_genome_gff/ntm3_0_0761_ML.gff	45
ntm3_0_0762_ML	/mnt/nvme3n1/erikg/phind-genome-work/ntm/v3/annotation/pharokka_out/per_genome_gff/ntm3_0_0762_ML.gff	21
ntm3_0_0763_ML	/mnt/nvme3n1/erikg/phind-genome-work/ntm/v3/annotation/pharokka_out/per_genome_gff/ntm3_0_0763_ML.gff	52
ntm3_0_0764_ML	/mnt/nvme3n1/erikg/phind-genome-work/ntm/v3/annotation/pharokka_out/per_genome_gff/ntm3_0_0764_ML.gff	23
ntm3_0_0765_ML	/mnt/nvme3n1/erikg/phind-genome-work/ntm/v3/annotation/pharokka_out/per_genome_gff/ntm3_0_0765_ML.gff	6
ntm3_0_0766_ML	/mnt/nvme3n1/erikg/phind-genome-work/ntm/v3/annotation/pharokka_out/per_genome_gff/ntm3_0_0766_ML.gff	220
ntm3_0_0767_ML	/mnt/nvme3n1/erikg/phind-genome-work/ntm/v3/annotation/pharokka_out/per_genome_gff/ntm3_0_0767_ML.gff	35
ntm3_0_0768_ML	/mnt/nvme3n1/erikg/phind-genome-work/ntm/v3/annotation/pharokka_out/per_genome_gff/ntm3_0_0768_ML.gff	51
ntm3_0_0769_ML	/mnt/nvme3n1/erikg/phind-genome-work/ntm/v3/annotation/pharokka_out/per_genome_gff/ntm3_0_0769_ML.gff	11
ntm3_0_0770_ML	/mnt/nvme3n1/erikg/phind-genome-work/ntm/v3/annotation/pharokka_out/per_genome_gff/ntm3_0_0770_ML.gff	175
ntm3_0_0771_ML	/mnt/nvme3n1/erikg/phind-genome-work/ntm/v3/annotation/pharokka_out/per_genome_gff/ntm3_0_0771_ML.gff	7
ntm3_0_0772_ML	/mnt/nvme3n1/erikg/phind-genome-work/ntm/v3/annotation/pharokka_out/per_genome_gff/ntm3_0_0772_ML.gff	10
ntm3_0_0773_ML	/mnt/nvme3n1/erikg/phind-genome-work/ntm/v3/annotation/pharokka_out/per_genome_gff/ntm3_0_0773_ML.gff	49
ntm3_0_0774_ML	/mnt/nvme3n1/erikg/phind-genome-work/ntm/v3/annotation/pharokka_out/per_genome_gff/ntm3_0_0774_ML.gff	37
ntm3_0_0775_ML	/mnt/nvme3n1/erikg/phind-genome-work/ntm/v3/annotation/pharokka_out/per_genome_gff/ntm3_0_0775_ML.gff	89
ntm3_0_0776_ML	/mnt/nvme3n1/erikg/phind-genome-work/ntm/v3/annotation/pharokka_out/per_genome_gff/ntm3_0_0776_ML.gff	5
ntm3_0_0777_ML	/mnt/nvme3n1/erikg/phind-genome-work/ntm/v3/annotation/pharokka_out/per_genome_gff/ntm3_0_0777_ML.gff	17
ntm3_0_0778_ML	/mnt/nvme3n1/erikg/phind-genome-work/ntm/v3/annotation/pharokka_out/per_genome_gff/ntm3_0_0778_ML.gff	2
ntm3_0_0779_ML	/mnt/nvme3n1/erikg/phind-genome-work/ntm/v3/annotation/pharokka_out/per_genome_gff/ntm3_0_0779_ML.gff	33
ntm3_0_0780_ML	/mnt/nvme3n1/erikg/phind-genome-work/ntm/v3/annotation/pharokka_out/per_genome_gff/ntm3_0_0780_ML.gff	124
ntm3_0_0781_ML	/mnt/nvme3n1/erikg/phind-genome-work/ntm/v3/annotation/pharokka_out/per_genome_gff/ntm3_0_0781_ML.gff	13
ntm3_0_0782_ML	/mnt/nvme3n1/erikg/phind-genome-work/ntm/v3/annotation/pharokka_out/per_genome_gff/ntm3_0_0782_ML.gff	12
ntm3_0_0783_ML	/mnt/nvme3n1/erikg/phind-genome-work/ntm/v3/annotation/pharokka_out/per_genome_gff/ntm3_0_0783_ML.gff	10
ntm3_0_0784_ML	/mnt/nvme3n1/erikg/phind-genome-work/ntm/v3/annotation/pharokka_out/per_genome_gff/ntm3_0_0784_ML.gff	77
ntm3_0_0785_ML	/mnt/nvme3n1/erikg/phind-genome-work/ntm/v3/annotation/pharokka_out/per_genome_gff/ntm3_0_0785_ML.gff	21
ntm3_0_0786_ML	/mnt/nvme3n1/erikg/phind-genome-work/ntm/v3/annotation/pharokka_out/per_genome_gff/ntm3_0_0786_ML.gff	30
ntm3_0_0787_ML	/mnt/nvme3n1/erikg/phind-genome-work/ntm/v3/annotation/pharokka_out/per_genome_gff/ntm3_0_0787_ML.gff	4
ntm3_0_0788_ML	/mnt/nvme3n1/erikg/phind-genome-work/ntm/v3/annotation/pharokka_out/per_genome_gff/ntm3_0_0788_ML.gff	6
ntm3_0_0789_ML	/mnt/nvme3n1/erikg/phind-genome-work/ntm/v3/annotation/pharokka_out/per_genome_gff/ntm3_0_0789_ML.gff	3
ntm3_0_0790_ML	/mnt/nvme3n1/erikg/phind-genome-work/ntm/v3/annotation/pharokka_out/per_genome_gff/ntm3_0_0790_ML.gff	8
ntm3_0_0791_ML	/mnt/nvme3n1/erikg/phind-genome-work/ntm/v3/annotation/pharokka_out/per_genome_gff/ntm3_0_0791_ML.gff	23
ntm3_0_0792_ML	/mnt/nvme3n1/erikg/phind-genome-work/ntm/v3/annotation/pharokka_out/per_genome_gff/ntm3_0_0792_ML.gff	39
ntm3_0_0793_ML	/mnt/nvme3n1/erikg/phind-genome-work/ntm/v3/annotation/pharokka_out/per_genome_gff/ntm3_0_0793_ML.gff	10
ntm3_0_0794_ML	/mnt/nvme3n1/erikg/phind-genome-work/ntm/v3/annotation/pharokka_out/per_genome_gff/ntm3_0_0794_ML.gff	167
ntm3_0_0795_ML	/mnt/nvme3n1/erikg/phind-genome-work/ntm/v3/annotation/pharokka_out/per_genome_gff/ntm3_0_0795_ML.gff	28
ntm3_0_0796_ML	/mnt/nvme3n1/erikg/phind-genome-work/ntm/v3/annotation/pharokka_out/per_genome_gff/ntm3_0_0796_ML.gff	64
ntm3_0_0797_ML	/mnt/nvme3n1/erikg/phind-genome-work/ntm/v3/annotation/pharokka_out/per_genome_gff/ntm3_0_0797_ML.gff	10
ntm3_0_0798_ML	/mnt/nvme3n1/erikg/phind-genome-work/ntm/v3/annotation/pharokka_out/per_genome_gff/ntm3_0_0798_ML.gff	19
ntm3_0_0799_ML	/mnt/nvme3n1/erikg/phind-genome-work/ntm/v3/annotation/pharokka_out/per_genome_gff/ntm3_0_0799_ML.gff	10
ntm3_0_0800_ML	/mnt/nvme3n1/erikg/phind-genome-work/ntm/v3/annotation/pharokka_out/per_genome_gff/ntm3_0_0800_ML.gff	9
ntm3_0_0801_ML	/mnt/nvme3n1/erikg/phind-genome-work/ntm/v3/annotation/pharokka_out/per_genome_gff/ntm3_0_0801_ML.gff	20
ntm3_0_0802_ML	/mnt/nvme3n1/erikg/phind-genome-work/ntm/v3/annotation/pharokka_out/per_genome_gff/ntm3_0_0802_ML.gff	78
ntm3_0_0803_ML	/mnt/nvme3n1/erikg/phind-genome-work/ntm/v3/annotation/pharokka_out/per_genome_gff/ntm3_0_0803_ML.gff	102
ntm3_0_0804_ML	/mnt/nvme3n1/erikg/phind-genome-work/ntm/v3/annotation/pharokka_out/per_genome_gff/ntm3_0_0804_ML.gff	6
ntm3_0_0805_ML	/mnt/nvme3n1/erikg/phind-genome-work/ntm/v3/annotation/pharokka_out/per_genome_gff/ntm3_0_0805_ML.gff	24
ntm3_0_0806_ML	/mnt/nvme3n1/erikg/phind-genome-work/ntm/v3/annotation/pharokka_out/per_genome_gff/ntm3_0_0806_ML.gff	3
ntm3_0_0807_ML	/mnt/nvme3n1/erikg/phind-genome-work/ntm/v3/annotation/pharokka_out/per_genome_gff/ntm3_0_0807_ML.gff	18
ntm3_0_0808_ML	/mnt/nvme3n1/erikg/phind-genome-work/ntm/v3/annotation/pharokka_out/per_genome_gff/ntm3_0_0808_ML.gff	107
ntm3_0_0809_ML	/mnt/nvme3n1/erikg/phind-genome-work/ntm/v3/annotation/pharokka_out/per_genome_gff/ntm3_0_0809_ML.gff	10
ntm3_0_0810_ML	/mnt/nvme3n1/erikg/phind-genome-work/ntm/v3/annotation/pharokka_out/per_genome_gff/ntm3_0_0810_ML.gff	130
ntm3_0_0811_ML	/mnt/nvme3n1/erikg/phind-genome-work/ntm/v3/annotation/pharokka_out/per_genome_gff/ntm3_0_0811_ML.gff	29
ntm3_0_0812_ML	/mnt/nvme3n1/erikg/phind-genome-work/ntm/v3/annotation/pharokka_out/per_genome_gff/ntm3_0_0812_ML.gff	36
ntm3_0_0813_ML	/mnt/nvme3n1/erikg/phind-genome-work/ntm/v3/annotation/pharokka_out/per_genome_gff/ntm3_0_0813_ML.gff	23
ntm3_0_0814_ML	/mnt/nvme3n1/erikg/phind-genome-work/ntm/v3/annotation/pharokka_out/per_genome_gff/ntm3_0_0814_ML.gff	140
ntm3_0_0815_ML	/mnt/nvme3n1/erikg/phind-genome-work/ntm/v3/annotation/pharokka_out/per_genome_gff/ntm3_0_0815_ML.gff	28
ntm3_0_0816_ML	/mnt/nvme3n1/erikg/phind-genome-work/ntm/v3/annotation/pharokka_out/per_genome_gff/ntm3_0_0816_ML.gff	6
ntm3_0_0817_ML	/mnt/nvme3n1/erikg/phind-genome-work/ntm/v3/annotation/pharokka_out/per_genome_gff/ntm3_0_0817_ML.gff	135
ntm3_0_0818_ML	/mnt/nvme3n1/erikg/phind-genome-work/ntm/v3/annotation/pharokka_out/per_genome_gff/ntm3_0_0818_ML.gff	27
ntm3_0_0819_ML	/mnt/nvme3n1/erikg/phind-genome-work/ntm/v3/annotation/pharokka_out/per_genome_gff/ntm3_0_0819_ML.gff	111
ntm3_0_0820_ML	/mnt/nvme3n1/erikg/phind-genome-work/ntm/v3/annotation/pharokka_out/per_genome_gff/ntm3_0_0820_ML.gff	198
ntm3_0_0821_ML	/mnt/nvme3n1/erikg/phind-genome-work/ntm/v3/annotation/pharokka_out/per_genome_gff/ntm3_0_0821_ML.gff	5
ntm3_0_0822_ML	/mnt/nvme3n1/erikg/phind-genome-work/ntm/v3/annotation/pharokka_out/per_genome_gff/ntm3_0_0822_ML.gff	13
ntm3_0_0823_ML	/mnt/nvme3n1/erikg/phind-genome-work/ntm/v3/annotation/pharokka_out/per_genome_gff/ntm3_0_0823_ML.gff	3
ntm3_0_0824_ML	/mnt/nvme3n1/erikg/phind-genome-work/ntm/v3/annotation/pharokka_out/per_genome_gff/ntm3_0_0824_ML.gff	19
ntm3_0_0825_ML	/mnt/nvme3n1/erikg/phind-genome-work/ntm/v3/annotation/pharokka_out/per_genome_gff/ntm3_0_0825_ML.gff	7
ntm3_0_0826_ML	/mnt/nvme3n1/erikg/phind-genome-work/ntm/v3/annotation/pharokka_out/per_genome_gff/ntm3_0_0826_ML.gff	13
ntm3_0_0827_ML	/mnt/nvme3n1/erikg/phind-genome-work/ntm/v3/annotation/pharokka_out/per_genome_gff/ntm3_0_0827_ML.gff	25
ntm3_0_0828_ML	/mnt/nvme3n1/erikg/phind-genome-work/ntm/v3/annotation/pharokka_out/per_genome_gff/ntm3_0_0828_ML.gff	7
ntm3_0_0829_ML	/mnt/nvme3n1/erikg/phind-genome-work/ntm/v3/annotation/pharokka_out/per_genome_gff/ntm3_0_0829_ML.gff	63
ntm3_0_0830_ML	/mnt/nvme3n1/erikg/phind-genome-work/ntm/v3/annotation/pharokka_out/per_genome_gff/ntm3_0_0830_ML.gff	29
ntm3_0_0831_ML	/mnt/nvme3n1/erikg/phind-genome-work/ntm/v3/annotation/pharokka_out/per_genome_gff/ntm3_0_0831_ML.gff	100
ntm3_0_0832_ML	/mnt/nvme3n1/erikg/phind-genome-work/ntm/v3/annotation/pharokka_out/per_genome_gff/ntm3_0_0832_ML.gff	44
ntm3_0_0833_ML	/mnt/nvme3n1/erikg/phind-genome-work/ntm/v3/annotation/pharokka_out/per_genome_gff/ntm3_0_0833_ML.gff	27
ntm3_0_0834_ML	/mnt/nvme3n1/erikg/phind-genome-work/ntm/v3/annotation/pharokka_out/per_genome_gff/ntm3_0_0834_ML.gff	9
ntm3_0_0835_ML	/mnt/nvme3n1/erikg/phind-genome-work/ntm/v3/annotation/pharokka_out/per_genome_gff/ntm3_0_0835_ML.gff	38
ntm3_0_0836_ML	/mnt/nvme3n1/erikg/phind-genome-work/ntm/v3/annotation/pharokka_out/per_genome_gff/ntm3_0_0836_ML.gff	13
ntm3_0_0837_ML	/mnt/nvme3n1/erikg/phind-genome-work/ntm/v3/annotation/pharokka_out/per_genome_gff/ntm3_0_0837_ML.gff	5
ntm3_0_0838_ML	/mnt/nvme3n1/erikg/phind-genome-work/ntm/v3/annotation/pharokka_out/per_genome_gff/ntm3_0_0838_ML.gff	18
ntm3_0_0839_ML	/mnt/nvme3n1/erikg/phind-genome-work/ntm/v3/annotation/pharokka_out/per_genome_gff/ntm3_0_0839_ML.gff	50
ntm3_0_0840_ML	/mnt/nvme3n1/erikg/phind-genome-work/ntm/v3/annotation/pharokka_out/per_genome_gff/ntm3_0_0840_ML.gff	31
ntm3_0_0841_ML	/mnt/nvme3n1/erikg/phind-genome-work/ntm/v3/annotation/pharokka_out/per_genome_gff/ntm3_0_0841_ML.gff	3
ntm3_0_0842_ML	/mnt/nvme3n1/erikg/phind-genome-work/ntm/v3/annotation/pharokka_out/per_genome_gff/ntm3_0_0842_ML.gff	43
ntm3_0_0843_ML	/mnt/nvme3n1/erikg/phind-genome-work/ntm/v3/annotation/pharokka_out/per_genome_gff/ntm3_0_0843_ML.gff	29
ntm3_0_0844_ML	/mnt/nvme3n1/erikg/phind-genome-work/ntm/v3/annotation/pharokka_out/per_genome_gff/ntm3_0_0844_ML.gff	36
ntm3_0_0845_ML	/mnt/nvme3n1/erikg/phind-genome-work/ntm/v3/annotation/pharokka_out/per_genome_gff/ntm3_0_0845_ML.gff	5
ntm3_0_0846_ML	/mnt/nvme3n1/erikg/phind-genome-work/ntm/v3/annotation/pharokka_out/per_genome_gff/ntm3_0_0846_ML.gff	39
ntm3_0_0847_ML	/mnt/nvme3n1/erikg/phind-genome-work/ntm/v3/annotation/pharokka_out/per_genome_gff/ntm3_0_0847_ML.gff	21
ntm3_0_0848_ML	/mnt/nvme3n1/erikg/phind-genome-work/ntm/v3/annotation/pharokka_out/per_genome_gff/ntm3_0_0848_ML.gff	9
ntm3_0_0849_ML	/mnt/nvme3n1/erikg/phind-genome-work/ntm/v3/annotation/pharokka_out/per_genome_gff/ntm3_0_0849_ML.gff	47
ntm3_0_0850_ML	/mnt/nvme3n1/erikg/phind-genome-work/ntm/v3/annotation/pharokka_out/per_genome_gff/ntm3_0_0850_ML.gff	113
ntm3_0_0851_ML	/mnt/nvme3n1/erikg/phind-genome-work/ntm/v3/annotation/pharokka_out/per_genome_gff/ntm3_0_0851_ML.gff	15
ntm3_0_0852_ML	/mnt/nvme3n1/erikg/phind-genome-work/ntm/v3/annotation/pharokka_out/per_genome_gff/ntm3_0_0852_ML.gff	10
ntm3_0_0853_ML	/mnt/nvme3n1/erikg/phind-genome-work/ntm/v3/annotation/pharokka_out/per_genome_gff/ntm3_0_0853_ML.gff	80
ntm3_0_0854_ML	/mnt/nvme3n1/erikg/phind-genome-work/ntm/v3/annotation/pharokka_out/per_genome_gff/ntm3_0_0854_ML.gff	60
ntm3_0_0855_ML	/mnt/nvme3n1/erikg/phind-genome-work/ntm/v3/annotation/pharokka_out/per_genome_gff/ntm3_0_0855_ML.gff	132
ntm3_0_0856_ML	/mnt/nvme3n1/erikg/phind-genome-work/ntm/v3/annotation/pharokka_out/per_genome_gff/ntm3_0_0856_ML.gff	15
ntm3_0_0857_ML	/mnt/nvme3n1/erikg/phind-genome-work/ntm/v3/annotation/pharokka_out/per_genome_gff/ntm3_0_0857_ML.gff	3
ntm3_0_0858_ML	/mnt/nvme3n1/erikg/phind-genome-work/ntm/v3/annotation/pharokka_out/per_genome_gff/ntm3_0_0858_ML.gff	31
ntm3_0_0859_ML	/mnt/nvme3n1/erikg/phind-genome-work/ntm/v3/annotation/pharokka_out/per_genome_gff/ntm3_0_0859_ML.gff	20
ntm3_0_0860_ML	/mnt/nvme3n1/erikg/phind-genome-work/ntm/v3/annotation/pharokka_out/per_genome_gff/ntm3_0_0860_ML.gff	45
ntm3_0_0861_ML	/mnt/nvme3n1/erikg/phind-genome-work/ntm/v3/annotation/pharokka_out/per_genome_gff/ntm3_0_0861_ML.gff	29
ntm3_0_0862_ML	/mnt/nvme3n1/erikg/phind-genome-work/ntm/v3/annotation/pharokka_out/per_genome_gff/ntm3_0_0862_ML.gff	168
ntm3_0_0863_ML	/mnt/nvme3n1/erikg/phind-genome-work/ntm/v3/annotation/pharokka_out/per_genome_gff/ntm3_0_0863_ML.gff	178
ntm3_0_0864_ML	/mnt/nvme3n1/erikg/phind-genome-work/ntm/v3/annotation/pharokka_out/per_genome_gff/ntm3_0_0864_ML.gff	57
ntm3_0_0865_ML	/mnt/nvme3n1/erikg/phind-genome-work/ntm/v3/annotation/pharokka_out/per_genome_gff/ntm3_0_0865_ML.gff	3
ntm3_0_0866_ML	/mnt/nvme3n1/erikg/phind-genome-work/ntm/v3/annotation/pharokka_out/per_genome_gff/ntm3_0_0866_ML.gff	9
ntm3_0_0867_ML	/mnt/nvme3n1/erikg/phind-genome-work/ntm/v3/annotation/pharokka_out/per_genome_gff/ntm3_0_0867_ML.gff	15
ntm3_0_0868_ML	/mnt/nvme3n1/erikg/phind-genome-work/ntm/v3/annotation/pharokka_out/per_genome_gff/ntm3_0_0868_ML.gff	17
ntm3_0_0869_ML	/mnt/nvme3n1/erikg/phind-genome-work/ntm/v3/annotation/pharokka_out/per_genome_gff/ntm3_0_0869_ML.gff	32
ntm3_0_0870_ML	/mnt/nvme3n1/erikg/phind-genome-work/ntm/v3/annotation/pharokka_out/per_genome_gff/ntm3_0_0870_ML.gff	21
ntm3_0_0871_ML	/mnt/nvme3n1/erikg/phind-genome-work/ntm/v3/annotation/pharokka_out/per_genome_gff/ntm3_0_0871_ML.gff	21
ntm3_0_0872_ML	/mnt/nvme3n1/erikg/phind-genome-work/ntm/v3/annotation/pharokka_out/per_genome_gff/ntm3_0_0872_ML.gff	12
ntm3_0_0873_ML	/mnt/nvme3n1/erikg/phind-genome-work/ntm/v3/annotation/pharokka_out/per_genome_gff/ntm3_0_0873_ML.gff	2
ntm3_0_0874_ML	/mnt/nvme3n1/erikg/phind-genome-work/ntm/v3/annotation/pharokka_out/per_genome_gff/ntm3_0_0874_ML.gff	10
ntm3_0_0875_ML	/mnt/nvme3n1/erikg/phind-genome-work/ntm/v3/annotation/pharokka_out/per_genome_gff/ntm3_0_0875_ML.gff	7
ntm3_0_0876_ML	/mnt/nvme3n1/erikg/phind-genome-work/ntm/v3/annotation/pharokka_out/per_genome_gff/ntm3_0_0876_ML.gff	24
ntm3_0_0877_ML	/mnt/nvme3n1/erikg/phind-genome-work/ntm/v3/annotation/pharokka_out/per_genome_gff/ntm3_0_0877_ML.gff	6
ntm3_0_0878_ML	/mnt/nvme3n1/erikg/phind-genome-work/ntm/v3/annotation/pharokka_out/per_genome_gff/ntm3_0_0878_ML.gff	25
ntm3_0_0879_ML	/mnt/nvme3n1/erikg/phind-genome-work/ntm/v3/annotation/pharokka_out/per_genome_gff/ntm3_0_0879_ML.gff	31
ntm3_0_0880_ML	/mnt/nvme3n1/erikg/phind-genome-work/ntm/v3/annotation/pharokka_out/per_genome_gff/ntm3_0_0880_ML.gff	45
ntm3_0_0881_ML	/mnt/nvme3n1/erikg/phind-genome-work/ntm/v3/annotation/pharokka_out/per_genome_gff/ntm3_0_0881_ML.gff	61
ntm3_0_0882_ML	/mnt/nvme3n1/erikg/phind-genome-work/ntm/v3/annotation/pharokka_out/per_genome_gff/ntm3_0_0882_ML.gff	57
ntm3_0_0883_ML	/mnt/nvme3n1/erikg/phind-genome-work/ntm/v3/annotation/pharokka_out/per_genome_gff/ntm3_0_0883_ML.gff	51
ntm3_0_0884_ML	/mnt/nvme3n1/erikg/phind-genome-work/ntm/v3/annotation/pharokka_out/per_genome_gff/ntm3_0_0884_ML.gff	18
ntm3_0_0885_ML	/mnt/nvme3n1/erikg/phind-genome-work/ntm/v3/annotation/pharokka_out/per_genome_gff/ntm3_0_0885_ML.gff	17
ntm3_0_0886_ML	/mnt/nvme3n1/erikg/phind-genome-work/ntm/v3/annotation/pharokka_out/per_genome_gff/ntm3_0_0886_ML.gff	58
ntm3_0_0887_ML	/mnt/nvme3n1/erikg/phind-genome-work/ntm/v3/annotation/pharokka_out/per_genome_gff/ntm3_0_0887_ML.gff	17
ntm3_0_0888_ML	/mnt/nvme3n1/erikg/phind-genome-work/ntm/v3/annotation/pharokka_out/per_genome_gff/ntm3_0_0888_ML.gff	14
ntm3_0_0889_ML	/mnt/nvme3n1/erikg/phind-genome-work/ntm/v3/annotation/pharokka_out/per_genome_gff/ntm3_0_0889_ML.gff	54
ntm3_0_0890_ML	/mnt/nvme3n1/erikg/phind-genome-work/ntm/v3/annotation/pharokka_out/per_genome_gff/ntm3_0_0890_ML.gff	28
ntm3_0_0891_ML	/mnt/nvme3n1/erikg/phind-genome-work/ntm/v3/annotation/pharokka_out/per_genome_gff/ntm3_0_0891_ML.gff	5
ntm3_0_0892_ML	/mnt/nvme3n1/erikg/phind-genome-work/ntm/v3/annotation/pharokka_out/per_genome_gff/ntm3_0_0892_ML.gff	12
ntm3_0_0893_ML	/mnt/nvme3n1/erikg/phind-genome-work/ntm/v3/annotation/pharokka_out/per_genome_gff/ntm3_0_0893_ML.gff	25
ntm3_0_0894_ML	/mnt/nvme3n1/erikg/phind-genome-work/ntm/v3/annotation/pharokka_out/per_genome_gff/ntm3_0_0894_ML.gff	10
ntm3_0_0895_ML	/mnt/nvme3n1/erikg/phind-genome-work/ntm/v3/annotation/pharokka_out/per_genome_gff/ntm3_0_0895_ML.gff	28
ntm3_0_0896_ML	/mnt/nvme3n1/erikg/phind-genome-work/ntm/v3/annotation/pharokka_out/per_genome_gff/ntm3_0_0896_ML.gff	5
ntm3_0_0897_ML	/mnt/nvme3n1/erikg/phind-genome-work/ntm/v3/annotation/pharokka_out/per_genome_gff/ntm3_0_0897_ML.gff	15
ntm3_0_0898_ML	/mnt/nvme3n1/erikg/phind-genome-work/ntm/v3/annotation/pharokka_out/per_genome_gff/ntm3_0_0898_ML.gff	13
ntm3_0_0899_ML	/mnt/nvme3n1/erikg/phind-genome-work/ntm/v3/annotation/pharokka_out/per_genome_gff/ntm3_0_0899_ML.gff	21
ntm3_0_0900_ML	/mnt/nvme3n1/erikg/phind-genome-work/ntm/v3/annotation/pharokka_out/per_genome_gff/ntm3_0_0900_ML.gff	42
ntm3_0_0901_ML	/mnt/nvme3n1/erikg/phind-genome-work/ntm/v3/annotation/pharokka_out/per_genome_gff/ntm3_0_0901_ML.gff	43
ntm3_0_0902_ML	/mnt/nvme3n1/erikg/phind-genome-work/ntm/v3/annotation/pharokka_out/per_genome_gff/ntm3_0_0902_ML.gff	56
ntm3_0_0903_ML	/mnt/nvme3n1/erikg/phind-genome-work/ntm/v3/annotation/pharokka_out/per_genome_gff/ntm3_0_0903_ML.gff	20
ntm3_0_0904_ML	/mnt/nvme3n1/erikg/phind-genome-work/ntm/v3/annotation/pharokka_out/per_genome_gff/ntm3_0_0904_ML.gff	7
ntm3_0_0905_ML	/mnt/nvme3n1/erikg/phind-genome-work/ntm/v3/annotation/pharokka_out/per_genome_gff/ntm3_0_0905_ML.gff	18
ntm3_0_0906_ML	/mnt/nvme3n1/erikg/phind-genome-work/ntm/v3/annotation/pharokka_out/per_genome_gff/ntm3_0_0906_ML.gff	17
ntm3_0_0907_ML	/mnt/nvme3n1/erikg/phind-genome-work/ntm/v3/annotation/pharokka_out/per_genome_gff/ntm3_0_0907_ML.gff	21
ntm3_0_0908_ML	/mnt/nvme3n1/erikg/phind-genome-work/ntm/v3/annotation/pharokka_out/per_genome_gff/ntm3_0_0908_ML.gff	2
ntm3_0_0909_ML	/mnt/nvme3n1/erikg/phind-genome-work/ntm/v3/annotation/pharokka_out/per_genome_gff/ntm3_0_0909_ML.gff	12
ntm3_0_0910_ML	/mnt/nvme3n1/erikg/phind-genome-work/ntm/v3/annotation/pharokka_out/per_genome_gff/ntm3_0_0910_ML.gff	8
ntm3_0_0911_ML	/mnt/nvme3n1/erikg/phind-genome-work/ntm/v3/annotation/pharokka_out/per_genome_gff/ntm3_0_0911_ML.gff	14
ntm3_0_0912_ML	/mnt/nvme3n1/erikg/phind-genome-work/ntm/v3/annotation/pharokka_out/per_genome_gff/ntm3_0_0912_ML.gff	51
ntm3_0_0913_ML	/mnt/nvme3n1/erikg/phind-genome-work/ntm/v3/annotation/pharokka_out/per_genome_gff/ntm3_0_0913_ML.gff	6
ntm3_0_0914_ML	/mnt/nvme3n1/erikg/phind-genome-work/ntm/v3/annotation/pharokka_out/per_genome_gff/ntm3_0_0914_ML.gff	6
ntm3_0_0915_ML	/mnt/nvme3n1/erikg/phind-genome-work/ntm/v3/annotation/pharokka_out/per_genome_gff/ntm3_0_0915_ML.gff	59
ntm3_0_0916_ML	/mnt/nvme3n1/erikg/phind-genome-work/ntm/v3/annotation/pharokka_out/per_genome_gff/ntm3_0_0916_ML.gff	40
ntm3_0_0917_ML	/mnt/nvme3n1/erikg/phind-genome-work/ntm/v3/annotation/pharokka_out/per_genome_gff/ntm3_0_0917_ML.gff	12
ntm3_0_0918_ML	/mnt/nvme3n1/erikg/phind-genome-work/ntm/v3/annotation/pharokka_out/per_genome_gff/ntm3_0_0918_ML.gff	43
ntm3_0_0919_ML	/mnt/nvme3n1/erikg/phind-genome-work/ntm/v3/annotation/pharokka_out/per_genome_gff/ntm3_0_0919_ML.gff	52
ntm3_0_0920_ML	/mnt/nvme3n1/erikg/phind-genome-work/ntm/v3/annotation/pharokka_out/per_genome_gff/ntm3_0_0920_ML.gff	6
ntm3_0_0921_ML	/mnt/nvme3n1/erikg/phind-genome-work/ntm/v3/annotation/pharokka_out/per_genome_gff/ntm3_0_0921_ML.gff	5
ntm3_0_0922_ML	/mnt/nvme3n1/erikg/phind-genome-work/ntm/v3/annotation/pharokka_out/per_genome_gff/ntm3_0_0922_ML.gff	26
ntm3_0_0923_ML	/mnt/nvme3n1/erikg/phind-genome-work/ntm/v3/annotation/pharokka_out/per_genome_gff/ntm3_0_0923_ML.gff	20
ntm3_0_0924_ML	/mnt/nvme3n1/erikg/phind-genome-work/ntm/v3/annotation/pharokka_out/per_genome_gff/ntm3_0_0924_ML.gff	11
ntm3_0_0925_ML	/mnt/nvme3n1/erikg/phind-genome-work/ntm/v3/annotation/pharokka_out/per_genome_gff/ntm3_0_0925_ML.gff	52
ntm3_0_0926_ML	/mnt/nvme3n1/erikg/phind-genome-work/ntm/v3/annotation/pharokka_out/per_genome_gff/ntm3_0_0926_ML.gff	2
ntm3_0_0927_ML	/mnt/nvme3n1/erikg/phind-genome-work/ntm/v3/annotation/pharokka_out/per_genome_gff/ntm3_0_0927_ML.gff	3
ntm3_0_0928_ML	/mnt/nvme3n1/erikg/phind-genome-work/ntm/v3/annotation/pharokka_out/per_genome_gff/ntm3_0_0928_ML.gff	188
ntm3_0_0929_ML	/mnt/nvme3n1/erikg/phind-genome-work/ntm/v3/annotation/pharokka_out/per_genome_gff/ntm3_0_0929_ML.gff	36
ntm3_0_0930_ML	/mnt/nvme3n1/erikg/phind-genome-work/ntm/v3/annotation/pharokka_out/per_genome_gff/ntm3_0_0930_ML.gff	98
ntm3_0_0931_ML	/mnt/nvme3n1/erikg/phind-genome-work/ntm/v3/annotation/pharokka_out/per_genome_gff/ntm3_0_0931_ML.gff	169
ntm3_0_0932_ML	/mnt/nvme3n1/erikg/phind-genome-work/ntm/v3/annotation/pharokka_out/per_genome_gff/ntm3_0_0932_ML.gff	64
ntm3_0_0933_ML	/mnt/nvme3n1/erikg/phind-genome-work/ntm/v3/annotation/pharokka_out/per_genome_gff/ntm3_0_0933_ML.gff	63
ntm3_0_0934_ML	/mnt/nvme3n1/erikg/phind-genome-work/ntm/v3/annotation/pharokka_out/per_genome_gff/ntm3_0_0934_ML.gff	6
ntm3_0_0935_ML	/mnt/nvme3n1/erikg/phind-genome-work/ntm/v3/annotation/pharokka_out/per_genome_gff/ntm3_0_0935_ML.gff	28
ntm3_0_0936_ML	/mnt/nvme3n1/erikg/phind-genome-work/ntm/v3/annotation/pharokka_out/per_genome_gff/ntm3_0_0936_ML.gff	18
ntm3_0_0937_ML	/mnt/nvme3n1/erikg/phind-genome-work/ntm/v3/annotation/pharokka_out/per_genome_gff/ntm3_0_0937_ML.gff	18
ntm3_0_0938_ML	/mnt/nvme3n1/erikg/phind-genome-work/ntm/v3/annotation/pharokka_out/per_genome_gff/ntm3_0_0938_ML.gff	18
ntm3_0_0939_ML	/mnt/nvme3n1/erikg/phind-genome-work/ntm/v3/annotation/pharokka_out/per_genome_gff/ntm3_0_0939_ML.gff	34
ntm3_0_0940_ML	/mnt/nvme3n1/erikg/phind-genome-work/ntm/v3/annotation/pharokka_out/per_genome_gff/ntm3_0_0940_ML.gff	9
ntm3_0_0941_ML	/mnt/nvme3n1/erikg/phind-genome-work/ntm/v3/annotation/pharokka_out/per_genome_gff/ntm3_0_0941_ML.gff	8
ntm3_0_0942_ML	/mnt/nvme3n1/erikg/phind-genome-work/ntm/v3/annotation/pharokka_out/per_genome_gff/ntm3_0_0942_ML.gff	11
ntm3_0_0943_ML	/mnt/nvme3n1/erikg/phind-genome-work/ntm/v3/annotation/pharokka_out/per_genome_gff/ntm3_0_0943_ML.gff	19
ntm3_0_0944_ML	/mnt/nvme3n1/erikg/phind-genome-work/ntm/v3/annotation/pharokka_out/per_genome_gff/ntm3_0_0944_ML.gff	17
ntm3_0_0945_ML	/mnt/nvme3n1/erikg/phind-genome-work/ntm/v3/annotation/pharokka_out/per_genome_gff/ntm3_0_0945_ML.gff	35
ntm3_0_0946_ML	/mnt/nvme3n1/erikg/phind-genome-work/ntm/v3/annotation/pharokka_out/per_genome_gff/ntm3_0_0946_ML.gff	10
ntm3_0_0947_ML	/mnt/nvme3n1/erikg/phind-genome-work/ntm/v3/annotation/pharokka_out/per_genome_gff/ntm3_0_0947_ML.gff	5
ntm3_0_0948_ML	/mnt/nvme3n1/erikg/phind-genome-work/ntm/v3/annotation/pharokka_out/per_genome_gff/ntm3_0_0948_ML.gff	7
ntm3_0_0949_ML	/mnt/nvme3n1/erikg/phind-genome-work/ntm/v3/annotation/pharokka_out/per_genome_gff/ntm3_0_0949_ML.gff	6
ntm3_0_0950_ML	/mnt/nvme3n1/erikg/phind-genome-work/ntm/v3/annotation/pharokka_out/per_genome_gff/ntm3_0_0950_ML.gff	5
ntm3_0_0951_ML	/mnt/nvme3n1/erikg/phind-genome-work/ntm/v3/annotation/pharokka_out/per_genome_gff/ntm3_0_0951_ML.gff	5
ntm3_0_0952_ML	/mnt/nvme3n1/erikg/phind-genome-work/ntm/v3/annotation/pharokka_out/per_genome_gff/ntm3_0_0952_ML.gff	12
ntm3_0_0953_ML	/mnt/nvme3n1/erikg/phind-genome-work/ntm/v3/annotation/pharokka_out/per_genome_gff/ntm3_0_0953_ML.gff	31
ntm3_0_0954_ML	/mnt/nvme3n1/erikg/phind-genome-work/ntm/v3/annotation/pharokka_out/per_genome_gff/ntm3_0_0954_ML.gff	16
ntm3_0_0955_ML	/mnt/nvme3n1/erikg/phind-genome-work/ntm/v3/annotation/pharokka_out/per_genome_gff/ntm3_0_0955_ML.gff	52
ntm3_0_0956_ML	/mnt/nvme3n1/erikg/phind-genome-work/ntm/v3/annotation/pharokka_out/per_genome_gff/ntm3_0_0956_ML.gff	2
ntm3_0_0957_ML	/mnt/nvme3n1/erikg/phind-genome-work/ntm/v3/annotation/pharokka_out/per_genome_gff/ntm3_0_0957_ML.gff	18
ntm3_0_0958_ML	/mnt/nvme3n1/erikg/phind-genome-work/ntm/v3/annotation/pharokka_out/per_genome_gff/ntm3_0_0958_ML.gff	39
ntm3_0_0959_ML	/mnt/nvme3n1/erikg/phind-genome-work/ntm/v3/annotation/pharokka_out/per_genome_gff/ntm3_0_0959_ML.gff	4
ntm3_0_0960_ML	/mnt/nvme3n1/erikg/phind-genome-work/ntm/v3/annotation/pharokka_out/per_genome_gff/ntm3_0_0960_ML.gff	15
ntm3_0_0961_ML	/mnt/nvme3n1/erikg/phind-genome-work/ntm/v3/annotation/pharokka_out/per_genome_gff/ntm3_0_0961_ML.gff	13
ntm3_0_0962_ML	/mnt/nvme3n1/erikg/phind-genome-work/ntm/v3/annotation/pharokka_out/per_genome_gff/ntm3_0_0962_ML.gff	20
ntm3_0_0963_ML	/mnt/nvme3n1/erikg/phind-genome-work/ntm/v3/annotation/pharokka_out/per_genome_gff/ntm3_0_0963_ML.gff	6
ntm3_0_0964_ML	/mnt/nvme3n1/erikg/phind-genome-work/ntm/v3/annotation/pharokka_out/per_genome_gff/ntm3_0_0964_ML.gff	7
ntm3_0_0965_ML	/mnt/nvme3n1/erikg/phind-genome-work/ntm/v3/annotation/pharokka_out/per_genome_gff/ntm3_0_0965_ML.gff	10
ntm3_0_0966_ML	/mnt/nvme3n1/erikg/phind-genome-work/ntm/v3/annotation/pharokka_out/per_genome_gff/ntm3_0_0966_ML.gff	26
ntm3_0_0967_ML	/mnt/nvme3n1/erikg/phind-genome-work/ntm/v3/annotation/pharokka_out/per_genome_gff/ntm3_0_0967_ML.gff	25
ntm3_0_0968_ML	/mnt/nvme3n1/erikg/phind-genome-work/ntm/v3/annotation/pharokka_out/per_genome_gff/ntm3_0_0968_ML.gff	20
ntm3_0_0969_ML	/mnt/nvme3n1/erikg/phind-genome-work/ntm/v3/annotation/pharokka_out/per_genome_gff/ntm3_0_0969_ML.gff	44
ntm3_0_0970_ML	/mnt/nvme3n1/erikg/phind-genome-work/ntm/v3/annotation/pharokka_out/per_genome_gff/ntm3_0_0970_ML.gff	10
ntm3_0_0971_ML	/mnt/nvme3n1/erikg/phind-genome-work/ntm/v3/annotation/pharokka_out/per_genome_gff/ntm3_0_0971_ML.gff	22
ntm3_0_0972_ML	/mnt/nvme3n1/erikg/phind-genome-work/ntm/v3/annotation/pharokka_out/per_genome_gff/ntm3_0_0972_ML.gff	11
ntm3_0_0973_ML	/mnt/nvme3n1/erikg/phind-genome-work/ntm/v3/annotation/pharokka_out/per_genome_gff/ntm3_0_0973_ML.gff	6
ntm3_0_0974_ML	/mnt/nvme3n1/erikg/phind-genome-work/ntm/v3/annotation/pharokka_out/per_genome_gff/ntm3_0_0974_ML.gff	14
ntm3_0_0975_ML	/mnt/nvme3n1/erikg/phind-genome-work/ntm/v3/annotation/pharokka_out/per_genome_gff/ntm3_0_0975_ML.gff	13
ntm3_0_0976_ML	/mnt/nvme3n1/erikg/phind-genome-work/ntm/v3/annotation/pharokka_out/per_genome_gff/ntm3_0_0976_ML.gff	4
ntm3_0_0977_ML	/mnt/nvme3n1/erikg/phind-genome-work/ntm/v3/annotation/pharokka_out/per_genome_gff/ntm3_0_0977_ML.gff	3
ntm3_0_0978_ML	/mnt/nvme3n1/erikg/phind-genome-work/ntm/v3/annotation/pharokka_out/per_genome_gff/ntm3_0_0978_ML.gff	7
ntm3_0_0979_ML	/mnt/nvme3n1/erikg/phind-genome-work/ntm/v3/annotation/pharokka_out/per_genome_gff/ntm3_0_0979_ML.gff	31
ntm3_0_0980_ML	/mnt/nvme3n1/erikg/phind-genome-work/ntm/v3/annotation/pharokka_out/per_genome_gff/ntm3_0_0980_ML.gff	7
ntm3_0_0981_ML	/mnt/nvme3n1/erikg/phind-genome-work/ntm/v3/annotation/pharokka_out/per_genome_gff/ntm3_0_0981_ML.gff	1
ntm3_0_0982_ML	/mnt/nvme3n1/erikg/phind-genome-work/ntm/v3/annotation/pharokka_out/per_genome_gff/ntm3_0_0982_ML.gff	7
ntm3_0_0983_ML	/mnt/nvme3n1/erikg/phind-genome-work/ntm/v3/annotation/pharokka_out/per_genome_gff/ntm3_0_0983_ML.gff	4
ntm3_0_0984_ML	/mnt/nvme3n1/erikg/phind-genome-work/ntm/v3/annotation/pharokka_out/per_genome_gff/ntm3_0_0984_ML.gff	4
ntm3_0_0985_ML	/mnt/nvme3n1/erikg/phind-genome-work/ntm/v3/annotation/pharokka_out/per_genome_gff/ntm3_0_0985_ML.gff	3
ntm3_0_0986_ML	/mnt/nvme3n1/erikg/phind-genome-work/ntm/v3/annotation/pharokka_out/per_genome_gff/ntm3_0_0986_ML.gff	3
ntm3_0_0987_ML	/mnt/nvme3n1/erikg/phind-genome-work/ntm/v3/annotation/pharokka_out/per_genome_gff/ntm3_0_0987_ML.gff	48
ntm3_0_0988_ML	/mnt/nvme3n1/erikg/phind-genome-work/ntm/v3/annotation/pharokka_out/per_genome_gff/ntm3_0_0988_ML.gff	51
ntm3_0_0989_ML	/mnt/nvme3n1/erikg/phind-genome-work/ntm/v3/annotation/pharokka_out/per_genome_gff/ntm3_0_0989_ML.gff	16
ntm3_0_0990_ML	/mnt/nvme3n1/erikg/phind-genome-work/ntm/v3/annotation/pharokka_out/per_genome_gff/ntm3_0_0990_ML.gff	3
ntm3_0_0991_ML	/mnt/nvme3n1/erikg/phind-genome-work/ntm/v3/annotation/pharokka_out/per_genome_gff/ntm3_0_0991_ML.gff	5
ntm3_0_0992_ML	/mnt/nvme3n1/erikg/phind-genome-work/ntm/v3/annotation/pharokka_out/per_genome_gff/ntm3_0_0992_ML.gff	3
ntm3_0_0993_ML	/mnt/nvme3n1/erikg/phind-genome-work/ntm/v3/annotation/pharokka_out/per_genome_gff/ntm3_0_0993_ML.gff	46
ntm3_0_0994_ML	/mnt/nvme3n1/erikg/phind-genome-work/ntm/v3/annotation/pharokka_out/per_genome_gff/ntm3_0_0994_ML.gff	12
ntm3_0_0995_ML	/mnt/nvme3n1/erikg/phind-genome-work/ntm/v3/annotation/pharokka_out/per_genome_gff/ntm3_0_0995_ML.gff	3
ntm3_0_0996_ML	/mnt/nvme3n1/erikg/phind-genome-work/ntm/v3/annotation/pharokka_out/per_genome_gff/ntm3_0_0996_ML.gff	38
ntm3_0_0997_ML	/mnt/nvme3n1/erikg/phind-genome-work/ntm/v3/annotation/pharokka_out/per_genome_gff/ntm3_0_0997_ML.gff	3
ntm3_0_0998_ML	/mnt/nvme3n1/erikg/phind-genome-work/ntm/v3/annotation/pharokka_out/per_genome_gff/ntm3_0_0998_ML.gff	12
ntm3_0_0999_ML	/mnt/nvme3n1/erikg/phind-genome-work/ntm/v3/annotation/pharokka_out/per_genome_gff/ntm3_0_0999_ML.gff	8
ntm3_0_1000_ML	/mnt/nvme3n1/erikg/phind-genome-work/ntm/v3/annotation/pharokka_out/per_genome_gff/ntm3_0_1000_ML.gff	10
ntm3_0_1001_ML	/mnt/nvme3n1/erikg/phind-genome-work/ntm/v3/annotation/pharokka_out/per_genome_gff/ntm3_0_1001_ML.gff	4
ntm3_0_1002_ML	/mnt/nvme3n1/erikg/phind-genome-work/ntm/v3/annotation/pharokka_out/per_genome_gff/ntm3_0_1002_ML.gff	11
ntm3_0_1003_ML	/mnt/nvme3n1/erikg/phind-genome-work/ntm/v3/annotation/pharokka_out/per_genome_gff/ntm3_0_1003_ML.gff	4
ntm3_0_1004_ML	/mnt/nvme3n1/erikg/phind-genome-work/ntm/v3/annotation/pharokka_out/per_genome_gff/ntm3_0_1004_ML.gff	50
ntm3_0_1005_ML	/mnt/nvme3n1/erikg/phind-genome-work/ntm/v3/annotation/pharokka_out/per_genome_gff/ntm3_0_1005_ML.gff	28
ntm3_0_1006_ML	/mnt/nvme3n1/erikg/phind-genome-work/ntm/v3/annotation/pharokka_out/per_genome_gff/ntm3_0_1006_ML.gff	14
ntm3_0_1007_ML	/mnt/nvme3n1/erikg/phind-genome-work/ntm/v3/annotation/pharokka_out/per_genome_gff/ntm3_0_1007_ML.gff	10
ntm3_0_1008_ML	/mnt/nvme3n1/erikg/phind-genome-work/ntm/v3/annotation/pharokka_out/per_genome_gff/ntm3_0_1008_ML.gff	5
ntm3_0_1009_ML	/mnt/nvme3n1/erikg/phind-genome-work/ntm/v3/annotation/pharokka_out/per_genome_gff/ntm3_0_1009_ML.gff	22
ntm3_0_1010_ML	/mnt/nvme3n1/erikg/phind-genome-work/ntm/v3/annotation/pharokka_out/per_genome_gff/ntm3_0_1010_ML.gff	12
ntm3_0_1011_ML	/mnt/nvme3n1/erikg/phind-genome-work/ntm/v3/annotation/pharokka_out/per_genome_gff/ntm3_0_1011_ML.gff	18
ntm3_0_1012_ML	/mnt/nvme3n1/erikg/phind-genome-work/ntm/v3/annotation/pharokka_out/per_genome_gff/ntm3_0_1012_ML.gff	18
ntm3_0_1013_ML	/mnt/nvme3n1/erikg/phind-genome-work/ntm/v3/annotation/pharokka_out/per_genome_gff/ntm3_0_1013_ML.gff	5
ntm3_0_1014_ML	/mnt/nvme3n1/erikg/phind-genome-work/ntm/v3/annotation/pharokka_out/per_genome_gff/ntm3_0_1014_ML.gff	4
ntm3_0_1015_ML	/mnt/nvme3n1/erikg/phind-genome-work/ntm/v3/annotation/pharokka_out/per_genome_gff/ntm3_0_1015_ML.gff	9
ntm3_0_1016_ML	/mnt/nvme3n1/erikg/phind-genome-work/ntm/v3/annotation/pharokka_out/per_genome_gff/ntm3_0_1016_ML.gff	4
ntm3_0_1017_ML	/mnt/nvme3n1/erikg/phind-genome-work/ntm/v3/annotation/pharokka_out/per_genome_gff/ntm3_0_1017_ML.gff	9
ntm3_0_1018_ML	/mnt/nvme3n1/erikg/phind-genome-work/ntm/v3/annotation/pharokka_out/per_genome_gff/ntm3_0_1018_ML.gff	11
ntm3_0_1019_ML	/mnt/nvme3n1/erikg/phind-genome-work/ntm/v3/annotation/pharokka_out/per_genome_gff/ntm3_0_1019_ML.gff	7
ntm3_0_1020_ML	/mnt/nvme3n1/erikg/phind-genome-work/ntm/v3/annotation/pharokka_out/per_genome_gff/ntm3_0_1020_ML.gff	2
ntm3_0_1021_ML	/mnt/nvme3n1/erikg/phind-genome-work/ntm/v3/annotation/pharokka_out/per_genome_gff/ntm3_0_1021_ML.gff	6
ntm3_0_1022_ML	/mnt/nvme3n1/erikg/phind-genome-work/ntm/v3/annotation/pharokka_out/per_genome_gff/ntm3_0_1022_ML.gff	32
ntm3_0_1023_ML	/mnt/nvme3n1/erikg/phind-genome-work/ntm/v3/annotation/pharokka_out/per_genome_gff/ntm3_0_1023_ML.gff	13
ntm3_0_1024_ML	/mnt/nvme3n1/erikg/phind-genome-work/ntm/v3/annotation/pharokka_out/per_genome_gff/ntm3_0_1024_ML.gff	34
ntm3_0_1025_ML	/mnt/nvme3n1/erikg/phind-genome-work/ntm/v3/annotation/pharokka_out/per_genome_gff/ntm3_0_1025_ML.gff	17
ntm3_0_1026_ML	/mnt/nvme3n1/erikg/phind-genome-work/ntm/v3/annotation/pharokka_out/per_genome_gff/ntm3_0_1026_ML.gff	14
ntm3_0_1027_ML	/mnt/nvme3n1/erikg/phind-genome-work/ntm/v3/annotation/pharokka_out/per_genome_gff/ntm3_0_1027_ML.gff	21
ntm3_0_1028_ML	/mnt/nvme3n1/erikg/phind-genome-work/ntm/v3/annotation/pharokka_out/per_genome_gff/ntm3_0_1028_ML.gff	5
ntm3_0_1029_ML	/mnt/nvme3n1/erikg/phind-genome-work/ntm/v3/annotation/pharokka_out/per_genome_gff/ntm3_0_1029_ML.gff	3
ntm3_0_1030_ML	/mnt/nvme3n1/erikg/phind-genome-work/ntm/v3/annotation/pharokka_out/per_genome_gff/ntm3_0_1030_ML.gff	8
ntm3_0_1031_ML	/mnt/nvme3n1/erikg/phind-genome-work/ntm/v3/annotation/pharokka_out/per_genome_gff/ntm3_0_1031_ML.gff	10
ntm3_0_1032_ML	/mnt/nvme3n1/erikg/phind-genome-work/ntm/v3/annotation/pharokka_out/per_genome_gff/ntm3_0_1032_ML.gff	44
ntm3_0_1033_ML	/mnt/nvme3n1/erikg/phind-genome-work/ntm/v3/annotation/pharokka_out/per_genome_gff/ntm3_0_1033_ML.gff	12
ntm3_0_1034_ML	/mnt/nvme3n1/erikg/phind-genome-work/ntm/v3/annotation/pharokka_out/per_genome_gff/ntm3_0_1034_ML.gff	12
ntm3_0_1035_ML	/mnt/nvme3n1/erikg/phind-genome-work/ntm/v3/annotation/pharokka_out/per_genome_gff/ntm3_0_1035_ML.gff	21
ntm3_0_1036_ML	/mnt/nvme3n1/erikg/phind-genome-work/ntm/v3/annotation/pharokka_out/per_genome_gff/ntm3_0_1036_ML.gff	14
ntm3_0_1037_ML	/mnt/nvme3n1/erikg/phind-genome-work/ntm/v3/annotation/pharokka_out/per_genome_gff/ntm3_0_1037_ML.gff	15
ntm3_0_1038_ML	/mnt/nvme3n1/erikg/phind-genome-work/ntm/v3/annotation/pharokka_out/per_genome_gff/ntm3_0_1038_ML.gff	80
ntm3_0_1039_ML	/mnt/nvme3n1/erikg/phind-genome-work/ntm/v3/annotation/pharokka_out/per_genome_gff/ntm3_0_1039_ML.gff	52
ntm3_0_1040_ML	/mnt/nvme3n1/erikg/phind-genome-work/ntm/v3/annotation/pharokka_out/per_genome_gff/ntm3_0_1040_ML.gff	67
ntm3_0_1041_ML	/mnt/nvme3n1/erikg/phind-genome-work/ntm/v3/annotation/pharokka_out/per_genome_gff/ntm3_0_1041_ML.gff	59
ntm3_0_1042_ML	/mnt/nvme3n1/erikg/phind-genome-work/ntm/v3/annotation/pharokka_out/per_genome_gff/ntm3_0_1042_ML.gff	44
ntm3_0_1043_ML	/mnt/nvme3n1/erikg/phind-genome-work/ntm/v3/annotation/pharokka_out/per_genome_gff/ntm3_0_1043_ML.gff	3
ntm3_0_1044_ML	/mnt/nvme3n1/erikg/phind-genome-work/ntm/v3/annotation/pharokka_out/per_genome_gff/ntm3_0_1044_ML.gff	62
ntm3_0_1045_ML	/mnt/nvme3n1/erikg/phind-genome-work/ntm/v3/annotation/pharokka_out/per_genome_gff/ntm3_0_1045_ML.gff	4
ntm3_0_1046_ML	/mnt/nvme3n1/erikg/phind-genome-work/ntm/v3/annotation/pharokka_out/per_genome_gff/ntm3_0_1046_ML.gff	10
ntm3_0_1047_ML	/mnt/nvme3n1/erikg/phind-genome-work/ntm/v3/annotation/pharokka_out/per_genome_gff/ntm3_0_1047_ML.gff	51
ntm3_0_1048_ML	/mnt/nvme3n1/erikg/phind-genome-work/ntm/v3/annotation/pharokka_out/per_genome_gff/ntm3_0_1048_ML.gff	27
ntm3_0_1049_ML	/mnt/nvme3n1/erikg/phind-genome-work/ntm/v3/annotation/pharokka_out/per_genome_gff/ntm3_0_1049_ML.gff	18
ntm3_0_1050_ML	/mnt/nvme3n1/erikg/phind-genome-work/ntm/v3/annotation/pharokka_out/per_genome_gff/ntm3_0_1050_ML.gff	15
ntm3_0_1051_ML	/mnt/nvme3n1/erikg/phind-genome-work/ntm/v3/annotation/pharokka_out/per_genome_gff/ntm3_0_1051_ML.gff	15
ntm3_0_1052_ML	/mnt/nvme3n1/erikg/phind-genome-work/ntm/v3/annotation/pharokka_out/per_genome_gff/ntm3_0_1052_ML.gff	12
ntm3_0_1053_ML	/mnt/nvme3n1/erikg/phind-genome-work/ntm/v3/annotation/pharokka_out/per_genome_gff/ntm3_0_1053_ML.gff	61
ntm3_0_1054_ML	/mnt/nvme3n1/erikg/phind-genome-work/ntm/v3/annotation/pharokka_out/per_genome_gff/ntm3_0_1054_ML.gff	11
ntm3_0_1055_ML	/mnt/nvme3n1/erikg/phind-genome-work/ntm/v3/annotation/pharokka_out/per_genome_gff/ntm3_0_1055_ML.gff	7
ntm3_0_1056_ML	/mnt/nvme3n1/erikg/phind-genome-work/ntm/v3/annotation/pharokka_out/per_genome_gff/ntm3_0_1056_ML.gff	6
ntm3_0_1057_ML	/mnt/nvme3n1/erikg/phind-genome-work/ntm/v3/annotation/pharokka_out/per_genome_gff/ntm3_0_1057_ML.gff	10
ntm3_0_1058_ML	/mnt/nvme3n1/erikg/phind-genome-work/ntm/v3/annotation/pharokka_out/per_genome_gff/ntm3_0_1058_ML.gff	37
ntm3_0_1059_ML	/mnt/nvme3n1/erikg/phind-genome-work/ntm/v3/annotation/pharokka_out/per_genome_gff/ntm3_0_1059_ML.gff	43
ntm3_0_1060_ML	/mnt/nvme3n1/erikg/phind-genome-work/ntm/v3/annotation/pharokka_out/per_genome_gff/ntm3_0_1060_ML.gff	7
ntm3_0_1061_ML	/mnt/nvme3n1/erikg/phind-genome-work/ntm/v3/annotation/pharokka_out/per_genome_gff/ntm3_0_1061_ML.gff	7
ntm3_0_1062_ML	/mnt/nvme3n1/erikg/phind-genome-work/ntm/v3/annotation/pharokka_out/per_genome_gff/ntm3_0_1062_ML.gff	51
ntm3_0_1063_ML	/mnt/nvme3n1/erikg/phind-genome-work/ntm/v3/annotation/pharokka_out/per_genome_gff/ntm3_0_1063_ML.gff	17
ntm3_0_1064_ML	/mnt/nvme3n1/erikg/phind-genome-work/ntm/v3/annotation/pharokka_out/per_genome_gff/ntm3_0_1064_ML.gff	60
ntm3_0_1065_ML	/mnt/nvme3n1/erikg/phind-genome-work/ntm/v3/annotation/pharokka_out/per_genome_gff/ntm3_0_1065_ML.gff	7
ntm3_0_1066_ML	/mnt/nvme3n1/erikg/phind-genome-work/ntm/v3/annotation/pharokka_out/per_genome_gff/ntm3_0_1066_ML.gff	15
ntm3_0_1067_ML	/mnt/nvme3n1/erikg/phind-genome-work/ntm/v3/annotation/pharokka_out/per_genome_gff/ntm3_0_1067_ML.gff	3
ntm3_0_1068_ML	/mnt/nvme3n1/erikg/phind-genome-work/ntm/v3/annotation/pharokka_out/per_genome_gff/ntm3_0_1068_ML.gff	4
ntm3_0_1069_ML	/mnt/nvme3n1/erikg/phind-genome-work/ntm/v3/annotation/pharokka_out/per_genome_gff/ntm3_0_1069_ML.gff	5
ntm3_0_1070_ML	/mnt/nvme3n1/erikg/phind-genome-work/ntm/v3/annotation/pharokka_out/per_genome_gff/ntm3_0_1070_ML.gff	4
ntm3_0_1071_ML	/mnt/nvme3n1/erikg/phind-genome-work/ntm/v3/annotation/pharokka_out/per_genome_gff/ntm3_0_1071_ML.gff	5
ntm3_0_1072_ML	/mnt/nvme3n1/erikg/phind-genome-work/ntm/v3/annotation/pharokka_out/per_genome_gff/ntm3_0_1072_ML.gff	7
ntm3_0_1073_ML	/mnt/nvme3n1/erikg/phind-genome-work/ntm/v3/annotation/pharokka_out/per_genome_gff/ntm3_0_1073_ML.gff	7
ntm3_0_1074_ML	/mnt/nvme3n1/erikg/phind-genome-work/ntm/v3/annotation/pharokka_out/per_genome_gff/ntm3_0_1074_ML.gff	17
ntm3_0_1075_ML	/mnt/nvme3n1/erikg/phind-genome-work/ntm/v3/annotation/pharokka_out/per_genome_gff/ntm3_0_1075_ML.gff	10
ntm3_0_1076_ML	/mnt/nvme3n1/erikg/phind-genome-work/ntm/v3/annotation/pharokka_out/per_genome_gff/ntm3_0_1076_ML.gff	34
ntm3_0_1077_ML	/mnt/nvme3n1/erikg/phind-genome-work/ntm/v3/annotation/pharokka_out/per_genome_gff/ntm3_0_1077_ML.gff	9
ntm3_0_1078_ML	/mnt/nvme3n1/erikg/phind-genome-work/ntm/v3/annotation/pharokka_out/per_genome_gff/ntm3_0_1078_ML.gff	9
ntm3_0_1079_ML	/mnt/nvme3n1/erikg/phind-genome-work/ntm/v3/annotation/pharokka_out/per_genome_gff/ntm3_0_1079_ML.gff	5
ntm3_0_1080_ML	/mnt/nvme3n1/erikg/phind-genome-work/ntm/v3/annotation/pharokka_out/per_genome_gff/ntm3_0_1080_ML.gff	3
ntm3_0_1081_ML	/mnt/nvme3n1/erikg/phind-genome-work/ntm/v3/annotation/pharokka_out/per_genome_gff/ntm3_0_1081_ML.gff	4
ntm3_0_1082_ML	/mnt/nvme3n1/erikg/phind-genome-work/ntm/v3/annotation/pharokka_out/per_genome_gff/ntm3_0_1082_ML.gff	2
ntm3_0_1083_ML	/mnt/nvme3n1/erikg/phind-genome-work/ntm/v3/annotation/pharokka_out/per_genome_gff/ntm3_0_1083_ML.gff	6
ntm3_0_1084_ML	/mnt/nvme3n1/erikg/phind-genome-work/ntm/v3/annotation/pharokka_out/per_genome_gff/ntm3_0_1084_ML.gff	14
ntm3_0_1085_ML	/mnt/nvme3n1/erikg/phind-genome-work/ntm/v3/annotation/pharokka_out/per_genome_gff/ntm3_0_1085_ML.gff	6
ntm3_0_1086_ML	/mnt/nvme3n1/erikg/phind-genome-work/ntm/v3/annotation/pharokka_out/per_genome_gff/ntm3_0_1086_ML.gff	5
ntm3_0_1087_ML	/mnt/nvme3n1/erikg/phind-genome-work/ntm/v3/annotation/pharokka_out/per_genome_gff/ntm3_0_1087_ML.gff	41
ntm3_0_1088_ML	/mnt/nvme3n1/erikg/phind-genome-work/ntm/v3/annotation/pharokka_out/per_genome_gff/ntm3_0_1088_ML.gff	4
ntm3_0_1089_ML	/mnt/nvme3n1/erikg/phind-genome-work/ntm/v3/annotation/pharokka_out/per_genome_gff/ntm3_0_1089_ML.gff	77
ntm3_0_1090_ML	/mnt/nvme3n1/erikg/phind-genome-work/ntm/v3/annotation/pharokka_out/per_genome_gff/ntm3_0_1090_ML.gff	10
ntm3_0_1091_ML	/mnt/nvme3n1/erikg/phind-genome-work/ntm/v3/annotation/pharokka_out/per_genome_gff/ntm3_0_1091_ML.gff	46
ntm3_0_1092_ML	/mnt/nvme3n1/erikg/phind-genome-work/ntm/v3/annotation/pharokka_out/per_genome_gff/ntm3_0_1092_ML.gff	3
ntm3_0_1093_ML	/mnt/nvme3n1/erikg/phind-genome-work/ntm/v3/annotation/pharokka_out/per_genome_gff/ntm3_0_1093_ML.gff	41
ntm3_0_1094_ML	/mnt/nvme3n1/erikg/phind-genome-work/ntm/v3/annotation/pharokka_out/per_genome_gff/ntm3_0_1094_ML.gff	18
ntm3_0_1095_ML	/mnt/nvme3n1/erikg/phind-genome-work/ntm/v3/annotation/pharokka_out/per_genome_gff/ntm3_0_1095_ML.gff	16
ntm3_0_1096_ML	/mnt/nvme3n1/erikg/phind-genome-work/ntm/v3/annotation/pharokka_out/per_genome_gff/ntm3_0_1096_ML.gff	4
ntm3_0_1097_ML	/mnt/nvme3n1/erikg/phind-genome-work/ntm/v3/annotation/pharokka_out/per_genome_gff/ntm3_0_1097_ML.gff	12
ntm3_0_1098_ML	/mnt/nvme3n1/erikg/phind-genome-work/ntm/v3/annotation/pharokka_out/per_genome_gff/ntm3_0_1098_ML.gff	5
ntm3_0_1099_ML	/mnt/nvme3n1/erikg/phind-genome-work/ntm/v3/annotation/pharokka_out/per_genome_gff/ntm3_0_1099_ML.gff	7
ntm3_0_1100_ML	/mnt/nvme3n1/erikg/phind-genome-work/ntm/v3/annotation/pharokka_out/per_genome_gff/ntm3_0_1100_ML.gff	7
ntm3_0_1101_ML	/mnt/nvme3n1/erikg/phind-genome-work/ntm/v3/annotation/pharokka_out/per_genome_gff/ntm3_0_1101_ML.gff	3
ntm3_0_1102_ML	/mnt/nvme3n1/erikg/phind-genome-work/ntm/v3/annotation/pharokka_out/per_genome_gff/ntm3_0_1102_ML.gff	6
ntm3_0_1103_ML	/mnt/nvme3n1/erikg/phind-genome-work/ntm/v3/annotation/pharokka_out/per_genome_gff/ntm3_0_1103_ML.gff	22
ntm3_0_1104_ML	/mnt/nvme3n1/erikg/phind-genome-work/ntm/v3/annotation/pharokka_out/per_genome_gff/ntm3_0_1104_ML.gff	8
ntm3_0_1105_ML	/mnt/nvme3n1/erikg/phind-genome-work/ntm/v3/annotation/pharokka_out/per_genome_gff/ntm3_0_1105_ML.gff	15
ntm3_0_1106_ML	/mnt/nvme3n1/erikg/phind-genome-work/ntm/v3/annotation/pharokka_out/per_genome_gff/ntm3_0_1106_ML.gff	8
ntm3_0_1107_ML	/mnt/nvme3n1/erikg/phind-genome-work/ntm/v3/annotation/pharokka_out/per_genome_gff/ntm3_0_1107_ML.gff	50
ntm3_0_1108_ML	/mnt/nvme3n1/erikg/phind-genome-work/ntm/v3/annotation/pharokka_out/per_genome_gff/ntm3_0_1108_ML.gff	23
ntm3_0_1109_ML	/mnt/nvme3n1/erikg/phind-genome-work/ntm/v3/annotation/pharokka_out/per_genome_gff/ntm3_0_1109_ML.gff	58
ntm3_0_1110_ML	/mnt/nvme3n1/erikg/phind-genome-work/ntm/v3/annotation/pharokka_out/per_genome_gff/ntm3_0_1110_ML.gff	9
ntm3_0_1111_ML	/mnt/nvme3n1/erikg/phind-genome-work/ntm/v3/annotation/pharokka_out/per_genome_gff/ntm3_0_1111_ML.gff	6
ntm3_0_1112_ML	/mnt/nvme3n1/erikg/phind-genome-work/ntm/v3/annotation/pharokka_out/per_genome_gff/ntm3_0_1112_ML.gff	9
ntm3_0_1113_ML	/mnt/nvme3n1/erikg/phind-genome-work/ntm/v3/annotation/pharokka_out/per_genome_gff/ntm3_0_1113_ML.gff	12
ntm3_0_1114_ML	/mnt/nvme3n1/erikg/phind-genome-work/ntm/v3/annotation/pharokka_out/per_genome_gff/ntm3_0_1114_ML.gff	45
ntm3_0_1115_ML	/mnt/nvme3n1/erikg/phind-genome-work/ntm/v3/annotation/pharokka_out/per_genome_gff/ntm3_0_1115_ML.gff	8
ntm3_0_1116_ML	/mnt/nvme3n1/erikg/phind-genome-work/ntm/v3/annotation/pharokka_out/per_genome_gff/ntm3_0_1116_ML.gff	17
ntm3_0_1117_ML	/mnt/nvme3n1/erikg/phind-genome-work/ntm/v3/annotation/pharokka_out/per_genome_gff/ntm3_0_1117_ML.gff	9
ntm3_0_1118_ML	/mnt/nvme3n1/erikg/phind-genome-work/ntm/v3/annotation/pharokka_out/per_genome_gff/ntm3_0_1118_ML.gff	4
ntm3_0_1119_ML	/mnt/nvme3n1/erikg/phind-genome-work/ntm/v3/annotation/pharokka_out/per_genome_gff/ntm3_0_1119_ML.gff	6
ntm3_0_1120_ML	/mnt/nvme3n1/erikg/phind-genome-work/ntm/v3/annotation/pharokka_out/per_genome_gff/ntm3_0_1120_ML.gff	9
ntm3_0_1121_ML	/mnt/nvme3n1/erikg/phind-genome-work/ntm/v3/annotation/pharokka_out/per_genome_gff/ntm3_0_1121_ML.gff	2
ntm3_0_1122_ML	/mnt/nvme3n1/erikg/phind-genome-work/ntm/v3/annotation/pharokka_out/per_genome_gff/ntm3_0_1122_ML.gff	9
ntm3_0_1123_ML	/mnt/nvme3n1/erikg/phind-genome-work/ntm/v3/annotation/pharokka_out/per_genome_gff/ntm3_0_1123_ML.gff	37
ntm3_0_1124_ML	/mnt/nvme3n1/erikg/phind-genome-work/ntm/v3/annotation/pharokka_out/per_genome_gff/ntm3_0_1124_ML.gff	2
ntm3_0_1125_ML	/mnt/nvme3n1/erikg/phind-genome-work/ntm/v3/annotation/pharokka_out/per_genome_gff/ntm3_0_1125_ML.gff	6
ntm3_0_1126_ML	/mnt/nvme3n1/erikg/phind-genome-work/ntm/v3/annotation/pharokka_out/per_genome_gff/ntm3_0_1126_ML.gff	4
ntm3_0_1127_ML	/mnt/nvme3n1/erikg/phind-genome-work/ntm/v3/annotation/pharokka_out/per_genome_gff/ntm3_0_1127_ML.gff	25
ntm3_0_1128_ML	/mnt/nvme3n1/erikg/phind-genome-work/ntm/v3/annotation/pharokka_out/per_genome_gff/ntm3_0_1128_ML.gff	15
ntm3_0_1129_ML	/mnt/nvme3n1/erikg/phind-genome-work/ntm/v3/annotation/pharokka_out/per_genome_gff/ntm3_0_1129_ML.gff	6
ntm3_0_1130_ML	/mnt/nvme3n1/erikg/phind-genome-work/ntm/v3/annotation/pharokka_out/per_genome_gff/ntm3_0_1130_ML.gff	3
ntm3_0_1131_ML	/mnt/nvme3n1/erikg/phind-genome-work/ntm/v3/annotation/pharokka_out/per_genome_gff/ntm3_0_1131_ML.gff	11
ntm3_0_1132_ML	/mnt/nvme3n1/erikg/phind-genome-work/ntm/v3/annotation/pharokka_out/per_genome_gff/ntm3_0_1132_ML.gff	44
ntm3_0_1133_ML	/mnt/nvme3n1/erikg/phind-genome-work/ntm/v3/annotation/pharokka_out/per_genome_gff/ntm3_0_1133_ML.gff	20
ntm3_0_1134_ML	/mnt/nvme3n1/erikg/phind-genome-work/ntm/v3/annotation/pharokka_out/per_genome_gff/ntm3_0_1134_ML.gff	5
ntm3_0_1135_ML	/mnt/nvme3n1/erikg/phind-genome-work/ntm/v3/annotation/pharokka_out/per_genome_gff/ntm3_0_1135_ML.gff	2
ntm3_0_1136_ML	/mnt/nvme3n1/erikg/phind-genome-work/ntm/v3/annotation/pharokka_out/per_genome_gff/ntm3_0_1136_ML.gff	34
ntm3_0_1137_ML	/mnt/nvme3n1/erikg/phind-genome-work/ntm/v3/annotation/pharokka_out/per_genome_gff/ntm3_0_1137_ML.gff	8
ntm3_0_1138_ML	/mnt/nvme3n1/erikg/phind-genome-work/ntm/v3/annotation/pharokka_out/per_genome_gff/ntm3_0_1138_ML.gff	45
ntm3_0_1139_ML	/mnt/nvme3n1/erikg/phind-genome-work/ntm/v3/annotation/pharokka_out/per_genome_gff/ntm3_0_1139_ML.gff	28
ntm3_0_1140_ML	/mnt/nvme3n1/erikg/phind-genome-work/ntm/v3/annotation/pharokka_out/per_genome_gff/ntm3_0_1140_ML.gff	3
ntm3_0_1141_ML	/mnt/nvme3n1/erikg/phind-genome-work/ntm/v3/annotation/pharokka_out/per_genome_gff/ntm3_0_1141_ML.gff	2
ntm3_0_1142_ML	/mnt/nvme3n1/erikg/phind-genome-work/ntm/v3/annotation/pharokka_out/per_genome_gff/ntm3_0_1142_ML.gff	11
ntm3_0_1143_ML	/mnt/nvme3n1/erikg/phind-genome-work/ntm/v3/annotation/pharokka_out/per_genome_gff/ntm3_0_1143_ML.gff	5
ntm3_0_1144_ML	/mnt/nvme3n1/erikg/phind-genome-work/ntm/v3/annotation/pharokka_out/per_genome_gff/ntm3_0_1144_ML.gff	3
ntm3_0_1145_ML	/mnt/nvme3n1/erikg/phind-genome-work/ntm/v3/annotation/pharokka_out/per_genome_gff/ntm3_0_1145_ML.gff	54
ntm3_0_1146_ML	/mnt/nvme3n1/erikg/phind-genome-work/ntm/v3/annotation/pharokka_out/per_genome_gff/ntm3_0_1146_ML.gff	6
ntm3_0_1147_ML	/mnt/nvme3n1/erikg/phind-genome-work/ntm/v3/annotation/pharokka_out/per_genome_gff/ntm3_0_1147_ML.gff	5
ntm3_0_1148_ML	/mnt/nvme3n1/erikg/phind-genome-work/ntm/v3/annotation/pharokka_out/per_genome_gff/ntm3_0_1148_ML.gff	3
ntm3_0_1149_ML	/mnt/nvme3n1/erikg/phind-genome-work/ntm/v3/annotation/pharokka_out/per_genome_gff/ntm3_0_1149_ML.gff	11
ntm3_0_1150_ML	/mnt/nvme3n1/erikg/phind-genome-work/ntm/v3/annotation/pharokka_out/per_genome_gff/ntm3_0_1150_ML.gff	3
ntm3_0_1151_ML	/mnt/nvme3n1/erikg/phind-genome-work/ntm/v3/annotation/pharokka_out/per_genome_gff/ntm3_0_1151_ML.gff	5
ntm3_0_1152_ML	/mnt/nvme3n1/erikg/phind-genome-work/ntm/v3/annotation/pharokka_out/per_genome_gff/ntm3_0_1152_ML.gff	48
ntm3_0_1153_ML	/mnt/nvme3n1/erikg/phind-genome-work/ntm/v3/annotation/pharokka_out/per_genome_gff/ntm3_0_1153_ML.gff	10
ntm3_0_1154_ML	/mnt/nvme3n1/erikg/phind-genome-work/ntm/v3/annotation/pharokka_out/per_genome_gff/ntm3_0_1154_ML.gff	49
ntm3_0_1155_ML	/mnt/nvme3n1/erikg/phind-genome-work/ntm/v3/annotation/pharokka_out/per_genome_gff/ntm3_0_1155_ML.gff	4
ntm3_0_1156_ML	/mnt/nvme3n1/erikg/phind-genome-work/ntm/v3/annotation/pharokka_out/per_genome_gff/ntm3_0_1156_ML.gff	296
ntm3_0_1157_ML	/mnt/nvme3n1/erikg/phind-genome-work/ntm/v3/annotation/pharokka_out/per_genome_gff/ntm3_0_1157_ML.gff	299
ntm3_0_1158_ML	/mnt/nvme3n1/erikg/phind-genome-work/ntm/v3/annotation/pharokka_out/per_genome_gff/ntm3_0_1158_ML.gff	66
ntm3_0_1159_ML	/mnt/nvme3n1/erikg/phind-genome-work/ntm/v3/annotation/pharokka_out/per_genome_gff/ntm3_0_1159_ML.gff	80
ntm3_0_1160_ML	/mnt/nvme3n1/erikg/phind-genome-work/ntm/v3/annotation/pharokka_out/per_genome_gff/ntm3_0_1160_ML.gff	41
ntm3_0_1161_ML	/mnt/nvme3n1/erikg/phind-genome-work/ntm/v3/annotation/pharokka_out/per_genome_gff/ntm3_0_1161_ML.gff	31
ntm3_0_1162_ML	/mnt/nvme3n1/erikg/phind-genome-work/ntm/v3/annotation/pharokka_out/per_genome_gff/ntm3_0_1162_ML.gff	11
ntm3_0_1163_ML	/mnt/nvme3n1/erikg/phind-genome-work/ntm/v3/annotation/pharokka_out/per_genome_gff/ntm3_0_1163_ML.gff	42
ntm3_0_1164_ML	/mnt/nvme3n1/erikg/phind-genome-work/ntm/v3/annotation/pharokka_out/per_genome_gff/ntm3_0_1164_ML.gff	2
ntm3_0_1165_ML	/mnt/nvme3n1/erikg/phind-genome-work/ntm/v3/annotation/pharokka_out/per_genome_gff/ntm3_0_1165_ML.gff	15
ntm3_0_1166_ML	/mnt/nvme3n1/erikg/phind-genome-work/ntm/v3/annotation/pharokka_out/per_genome_gff/ntm3_0_1166_ML.gff	7
ntm3_0_1167_ML	/mnt/nvme3n1/erikg/phind-genome-work/ntm/v3/annotation/pharokka_out/per_genome_gff/ntm3_0_1167_ML.gff	2
ntm3_0_1168_ML	/mnt/nvme3n1/erikg/phind-genome-work/ntm/v3/annotation/pharokka_out/per_genome_gff/ntm3_0_1168_ML.gff	98
ntm3_0_1169_ML	/mnt/nvme3n1/erikg/phind-genome-work/ntm/v3/annotation/pharokka_out/per_genome_gff/ntm3_0_1169_ML.gff	51
ntm3_0_1170_ML	/mnt/nvme3n1/erikg/phind-genome-work/ntm/v3/annotation/pharokka_out/per_genome_gff/ntm3_0_1170_ML.gff	104
ntm3_0_1171_ML	/mnt/nvme3n1/erikg/phind-genome-work/ntm/v3/annotation/pharokka_out/per_genome_gff/ntm3_0_1171_ML.gff	69
ntm3_0_1172_ML	/mnt/nvme3n1/erikg/phind-genome-work/ntm/v3/annotation/pharokka_out/per_genome_gff/ntm3_0_1172_ML.gff	46
ntm3_0_1173_ML	/mnt/nvme3n1/erikg/phind-genome-work/ntm/v3/annotation/pharokka_out/per_genome_gff/ntm3_0_1173_ML.gff	43
ntm3_0_1174_ML	/mnt/nvme3n1/erikg/phind-genome-work/ntm/v3/annotation/pharokka_out/per_genome_gff/ntm3_0_1174_ML.gff	43
ntm3_0_1175_ML	/mnt/nvme3n1/erikg/phind-genome-work/ntm/v3/annotation/pharokka_out/per_genome_gff/ntm3_0_1175_ML.gff	33
ntm3_0_1176_ML	/mnt/nvme3n1/erikg/phind-genome-work/ntm/v3/annotation/pharokka_out/per_genome_gff/ntm3_0_1176_ML.gff	92
ntm3_0_1177_ML	/mnt/nvme3n1/erikg/phind-genome-work/ntm/v3/annotation/pharokka_out/per_genome_gff/ntm3_0_1177_ML.gff	15
ntm3_0_1178_ML	/mnt/nvme3n1/erikg/phind-genome-work/ntm/v3/annotation/pharokka_out/per_genome_gff/ntm3_0_1178_ML.gff	52
ntm3_0_1179_ML	/mnt/nvme3n1/erikg/phind-genome-work/ntm/v3/annotation/pharokka_out/per_genome_gff/ntm3_0_1179_ML.gff	12
ntm3_0_1180_ML	/mnt/nvme3n1/erikg/phind-genome-work/ntm/v3/annotation/pharokka_out/per_genome_gff/ntm3_0_1180_ML.gff	29
ntm3_0_1181_ML	/mnt/nvme3n1/erikg/phind-genome-work/ntm/v3/annotation/pharokka_out/per_genome_gff/ntm3_0_1181_ML.gff	11
ntm3_0_1182_ML	/mnt/nvme3n1/erikg/phind-genome-work/ntm/v3/annotation/pharokka_out/per_genome_gff/ntm3_0_1182_ML.gff	52
ntm3_0_1183_ML	/mnt/nvme3n1/erikg/phind-genome-work/ntm/v3/annotation/pharokka_out/per_genome_gff/ntm3_0_1183_ML.gff	41
ntm3_0_1184_ML	/mnt/nvme3n1/erikg/phind-genome-work/ntm/v3/annotation/pharokka_out/per_genome_gff/ntm3_0_1184_ML.gff	8
ntm3_0_1185_ML	/mnt/nvme3n1/erikg/phind-genome-work/ntm/v3/annotation/pharokka_out/per_genome_gff/ntm3_0_1185_ML.gff	10
ntm3_0_1186_ML	/mnt/nvme3n1/erikg/phind-genome-work/ntm/v3/annotation/pharokka_out/per_genome_gff/ntm3_0_1186_ML.gff	12
ntm3_0_1187_ML	/mnt/nvme3n1/erikg/phind-genome-work/ntm/v3/annotation/pharokka_out/per_genome_gff/ntm3_0_1187_ML.gff	6
ntm3_0_1188_ML	/mnt/nvme3n1/erikg/phind-genome-work/ntm/v3/annotation/pharokka_out/per_genome_gff/ntm3_0_1188_ML.gff	6
ntm3_0_1189_ML	/mnt/nvme3n1/erikg/phind-genome-work/ntm/v3/annotation/pharokka_out/per_genome_gff/ntm3_0_1189_ML.gff	13
ntm3_0_1190_ML	/mnt/nvme3n1/erikg/phind-genome-work/ntm/v3/annotation/pharokka_out/per_genome_gff/ntm3_0_1190_ML.gff	8
ntm3_0_1191_ML	/mnt/nvme3n1/erikg/phind-genome-work/ntm/v3/annotation/pharokka_out/per_genome_gff/ntm3_0_1191_ML.gff	12
ntm3_0_1192_ML	/mnt/nvme3n1/erikg/phind-genome-work/ntm/v3/annotation/pharokka_out/per_genome_gff/ntm3_0_1192_ML.gff	14
ntm3_0_1193_ML	/mnt/nvme3n1/erikg/phind-genome-work/ntm/v3/annotation/pharokka_out/per_genome_gff/ntm3_0_1193_ML.gff	16
ntm3_0_1194_ML	/mnt/nvme3n1/erikg/phind-genome-work/ntm/v3/annotation/pharokka_out/per_genome_gff/ntm3_0_1194_ML.gff	10
ntm3_0_1195_ML	/mnt/nvme3n1/erikg/phind-genome-work/ntm/v3/annotation/pharokka_out/per_genome_gff/ntm3_0_1195_ML.gff	12
ntm3_0_1196_ML	/mnt/nvme3n1/erikg/phind-genome-work/ntm/v3/annotation/pharokka_out/per_genome_gff/ntm3_0_1196_ML.gff	12
ntm3_0_1197_ML	/mnt/nvme3n1/erikg/phind-genome-work/ntm/v3/annotation/pharokka_out/per_genome_gff/ntm3_0_1197_ML.gff	2
ntm3_0_1198_ML	/mnt/nvme3n1/erikg/phind-genome-work/ntm/v3/annotation/pharokka_out/per_genome_gff/ntm3_0_1198_ML.gff	16
ntm3_0_1199_ML	/mnt/nvme3n1/erikg/phind-genome-work/ntm/v3/annotation/pharokka_out/per_genome_gff/ntm3_0_1199_ML.gff	55
ntm3_0_1200_ML	/mnt/nvme3n1/erikg/phind-genome-work/ntm/v3/annotation/pharokka_out/per_genome_gff/ntm3_0_1200_ML.gff	239
ntm3_0_1201_ML	/mnt/nvme3n1/erikg/phind-genome-work/ntm/v3/annotation/pharokka_out/per_genome_gff/ntm3_0_1201_ML.gff	38
ntm3_0_1202_ML	/mnt/nvme3n1/erikg/phind-genome-work/ntm/v3/annotation/pharokka_out/per_genome_gff/ntm3_0_1202_ML.gff	23
ntm3_0_1203_ML	/mnt/nvme3n1/erikg/phind-genome-work/ntm/v3/annotation/pharokka_out/per_genome_gff/ntm3_0_1203_ML.gff	87
ntm3_0_1204_ML	/mnt/nvme3n1/erikg/phind-genome-work/ntm/v3/annotation/pharokka_out/per_genome_gff/ntm3_0_1204_ML.gff	27
ntm3_0_1205_ML	/mnt/nvme3n1/erikg/phind-genome-work/ntm/v3/annotation/pharokka_out/per_genome_gff/ntm3_0_1205_ML.gff	86
ntm3_0_1206_ML	/mnt/nvme3n1/erikg/phind-genome-work/ntm/v3/annotation/pharokka_out/per_genome_gff/ntm3_0_1206_ML.gff	13
ntm3_0_1207_ML	/mnt/nvme3n1/erikg/phind-genome-work/ntm/v3/annotation/pharokka_out/per_genome_gff/ntm3_0_1207_ML.gff	15
ntm3_0_1208_ML	/mnt/nvme3n1/erikg/phind-genome-work/ntm/v3/annotation/pharokka_out/per_genome_gff/ntm3_0_1208_ML.gff	9
ntm3_0_1209_ML	/mnt/nvme3n1/erikg/phind-genome-work/ntm/v3/annotation/pharokka_out/per_genome_gff/ntm3_0_1209_ML.gff	6
ntm3_0_1210_ML	/mnt/nvme3n1/erikg/phind-genome-work/ntm/v3/annotation/pharokka_out/per_genome_gff/ntm3_0_1210_ML.gff	12
ntm3_0_1211_ML	/mnt/nvme3n1/erikg/phind-genome-work/ntm/v3/annotation/pharokka_out/per_genome_gff/ntm3_0_1211_ML.gff	20
ntm3_0_1212_ML	/mnt/nvme3n1/erikg/phind-genome-work/ntm/v3/annotation/pharokka_out/per_genome_gff/ntm3_0_1212_ML.gff	12
ntm3_0_1213_ML	/mnt/nvme3n1/erikg/phind-genome-work/ntm/v3/annotation/pharokka_out/per_genome_gff/ntm3_0_1213_ML.gff	150
ntm3_0_1214_ML	/mnt/nvme3n1/erikg/phind-genome-work/ntm/v3/annotation/pharokka_out/per_genome_gff/ntm3_0_1214_ML.gff	14
ntm3_0_1215_ML	/mnt/nvme3n1/erikg/phind-genome-work/ntm/v3/annotation/pharokka_out/per_genome_gff/ntm3_0_1215_ML.gff	20
ntm3_0_1216_ML	/mnt/nvme3n1/erikg/phind-genome-work/ntm/v3/annotation/pharokka_out/per_genome_gff/ntm3_0_1216_ML.gff	25
ntm3_0_1217_ML	/mnt/nvme3n1/erikg/phind-genome-work/ntm/v3/annotation/pharokka_out/per_genome_gff/ntm3_0_1217_ML.gff	11
ntm3_0_1218_ML	/mnt/nvme3n1/erikg/phind-genome-work/ntm/v3/annotation/pharokka_out/per_genome_gff/ntm3_0_1218_ML.gff	7
ntm3_0_1219_ML	/mnt/nvme3n1/erikg/phind-genome-work/ntm/v3/annotation/pharokka_out/per_genome_gff/ntm3_0_1219_ML.gff	9
ntm3_0_1220_ML	/mnt/nvme3n1/erikg/phind-genome-work/ntm/v3/annotation/pharokka_out/per_genome_gff/ntm3_0_1220_ML.gff	11
ntm3_0_1221_ML	/mnt/nvme3n1/erikg/phind-genome-work/ntm/v3/annotation/pharokka_out/per_genome_gff/ntm3_0_1221_ML.gff	13
ntm3_0_1222_ML	/mnt/nvme3n1/erikg/phind-genome-work/ntm/v3/annotation/pharokka_out/per_genome_gff/ntm3_0_1222_ML.gff	232
ntm3_0_1223_ML	/mnt/nvme3n1/erikg/phind-genome-work/ntm/v3/annotation/pharokka_out/per_genome_gff/ntm3_0_1223_ML.gff	30
ntm3_0_1224_ML	/mnt/nvme3n1/erikg/phind-genome-work/ntm/v3/annotation/pharokka_out/per_genome_gff/ntm3_0_1224_ML.gff	77
ntm3_0_1225_ML	/mnt/nvme3n1/erikg/phind-genome-work/ntm/v3/annotation/pharokka_out/per_genome_gff/ntm3_0_1225_ML.gff	44
ntm3_0_1226_ML	/mnt/nvme3n1/erikg/phind-genome-work/ntm/v3/annotation/pharokka_out/per_genome_gff/ntm3_0_1226_ML.gff	49
ntm3_0_1227_ML	/mnt/nvme3n1/erikg/phind-genome-work/ntm/v3/annotation/pharokka_out/per_genome_gff/ntm3_0_1227_ML.gff	50
ntm3_0_1228_ML	/mnt/nvme3n1/erikg/phind-genome-work/ntm/v3/annotation/pharokka_out/per_genome_gff/ntm3_0_1228_ML.gff	63
ntm3_0_1229_ML	/mnt/nvme3n1/erikg/phind-genome-work/ntm/v3/annotation/pharokka_out/per_genome_gff/ntm3_0_1229_ML.gff	3
ntm3_0_1230_ML	/mnt/nvme3n1/erikg/phind-genome-work/ntm/v3/annotation/pharokka_out/per_genome_gff/ntm3_0_1230_ML.gff	37
ntm3_0_1231_ML	/mnt/nvme3n1/erikg/phind-genome-work/ntm/v3/annotation/pharokka_out/per_genome_gff/ntm3_0_1231_ML.gff	63
ntm3_0_1232_ML	/mnt/nvme3n1/erikg/phind-genome-work/ntm/v3/annotation/pharokka_out/per_genome_gff/ntm3_0_1232_ML.gff	4
ntm3_0_1233_ML	/mnt/nvme3n1/erikg/phind-genome-work/ntm/v3/annotation/pharokka_out/per_genome_gff/ntm3_0_1233_ML.gff	8
ntm3_0_1234_ML	/mnt/nvme3n1/erikg/phind-genome-work/ntm/v3/annotation/pharokka_out/per_genome_gff/ntm3_0_1234_ML.gff	111
ntm3_0_1235_ML	/mnt/nvme3n1/erikg/phind-genome-work/ntm/v3/annotation/pharokka_out/per_genome_gff/ntm3_0_1235_ML.gff	19
ntm3_0_1236_ML	/mnt/nvme3n1/erikg/phind-genome-work/ntm/v3/annotation/pharokka_out/per_genome_gff/ntm3_0_1236_ML.gff	29
ntm3_0_1237_ML	/mnt/nvme3n1/erikg/phind-genome-work/ntm/v3/annotation/pharokka_out/per_genome_gff/ntm3_0_1237_ML.gff	28
ntm3_0_1238_ML	/mnt/nvme3n1/erikg/phind-genome-work/ntm/v3/annotation/pharokka_out/per_genome_gff/ntm3_0_1238_ML.gff	38
ntm3_0_1239_ML	/mnt/nvme3n1/erikg/phind-genome-work/ntm/v3/annotation/pharokka_out/per_genome_gff/ntm3_0_1239_ML.gff	28
ntm3_0_1240_ML	/mnt/nvme3n1/erikg/phind-genome-work/ntm/v3/annotation/pharokka_out/per_genome_gff/ntm3_0_1240_ML.gff	12
ntm3_0_1241_ML	/mnt/nvme3n1/erikg/phind-genome-work/ntm/v3/annotation/pharokka_out/per_genome_gff/ntm3_0_1241_ML.gff	9
ntm3_0_1242_ML	/mnt/nvme3n1/erikg/phind-genome-work/ntm/v3/annotation/pharokka_out/per_genome_gff/ntm3_0_1242_ML.gff	62
ntm3_0_1243_ML	/mnt/nvme3n1/erikg/phind-genome-work/ntm/v3/annotation/pharokka_out/per_genome_gff/ntm3_0_1243_ML.gff	36
ntm3_0_1244_ML	/mnt/nvme3n1/erikg/phind-genome-work/ntm/v3/annotation/pharokka_out/per_genome_gff/ntm3_0_1244_ML.gff	33
ntm3_0_1245_ML	/mnt/nvme3n1/erikg/phind-genome-work/ntm/v3/annotation/pharokka_out/per_genome_gff/ntm3_0_1245_ML.gff	4
ntm3_0_1246_ML	/mnt/nvme3n1/erikg/phind-genome-work/ntm/v3/annotation/pharokka_out/per_genome_gff/ntm3_0_1246_ML.gff	10
ntm3_0_1247_ML	/mnt/nvme3n1/erikg/phind-genome-work/ntm/v3/annotation/pharokka_out/per_genome_gff/ntm3_0_1247_ML.gff	22
ntm3_0_1248_ML	/mnt/nvme3n1/erikg/phind-genome-work/ntm/v3/annotation/pharokka_out/per_genome_gff/ntm3_0_1248_ML.gff	18
ntm3_0_1249_ML	/mnt/nvme3n1/erikg/phind-genome-work/ntm/v3/annotation/pharokka_out/per_genome_gff/ntm3_0_1249_ML.gff	9
ntm3_0_1250_ML	/mnt/nvme3n1/erikg/phind-genome-work/ntm/v3/annotation/pharokka_out/per_genome_gff/ntm3_0_1250_ML.gff	16
ntm3_0_1251_ML	/mnt/nvme3n1/erikg/phind-genome-work/ntm/v3/annotation/pharokka_out/per_genome_gff/ntm3_0_1251_ML.gff	10
ntm3_0_1252_ML	/mnt/nvme3n1/erikg/phind-genome-work/ntm/v3/annotation/pharokka_out/per_genome_gff/ntm3_0_1252_ML.gff	12
ntm3_0_1253_ML	/mnt/nvme3n1/erikg/phind-genome-work/ntm/v3/annotation/pharokka_out/per_genome_gff/ntm3_0_1253_ML.gff	13
ntm3_0_1254_ML	/mnt/nvme3n1/erikg/phind-genome-work/ntm/v3/annotation/pharokka_out/per_genome_gff/ntm3_0_1254_ML.gff	4
ntm3_0_1255_ML	/mnt/nvme3n1/erikg/phind-genome-work/ntm/v3/annotation/pharokka_out/per_genome_gff/ntm3_0_1255_ML.gff	6
ntm3_0_1256_ML	/mnt/nvme3n1/erikg/phind-genome-work/ntm/v3/annotation/pharokka_out/per_genome_gff/ntm3_0_1256_ML.gff	97
ntm3_0_1257_ML	/mnt/nvme3n1/erikg/phind-genome-work/ntm/v3/annotation/pharokka_out/per_genome_gff/ntm3_0_1257_ML.gff	117
ntm3_0_1258_ML	/mnt/nvme3n1/erikg/phind-genome-work/ntm/v3/annotation/pharokka_out/per_genome_gff/ntm3_0_1258_ML.gff	25
ntm3_0_1259_ML	/mnt/nvme3n1/erikg/phind-genome-work/ntm/v3/annotation/pharokka_out/per_genome_gff/ntm3_0_1259_ML.gff	14
ntm3_0_1260_ML	/mnt/nvme3n1/erikg/phind-genome-work/ntm/v3/annotation/pharokka_out/per_genome_gff/ntm3_0_1260_ML.gff	9
ntm3_0_1261_ML	/mnt/nvme3n1/erikg/phind-genome-work/ntm/v3/annotation/pharokka_out/per_genome_gff/ntm3_0_1261_ML.gff	6
ntm3_0_1262_ML	/mnt/nvme3n1/erikg/phind-genome-work/ntm/v3/annotation/pharokka_out/per_genome_gff/ntm3_0_1262_ML.gff	30
ntm3_0_1263_ML	/mnt/nvme3n1/erikg/phind-genome-work/ntm/v3/annotation/pharokka_out/per_genome_gff/ntm3_0_1263_ML.gff	5
ntm3_0_1264_ML	/mnt/nvme3n1/erikg/phind-genome-work/ntm/v3/annotation/pharokka_out/per_genome_gff/ntm3_0_1264_ML.gff	34
ntm3_0_1265_ML	/mnt/nvme3n1/erikg/phind-genome-work/ntm/v3/annotation/pharokka_out/per_genome_gff/ntm3_0_1265_ML.gff	23
ntm3_0_1266_ML	/mnt/nvme3n1/erikg/phind-genome-work/ntm/v3/annotation/pharokka_out/per_genome_gff/ntm3_0_1266_ML.gff	5
ntm3_0_1267_ML	/mnt/nvme3n1/erikg/phind-genome-work/ntm/v3/annotation/pharokka_out/per_genome_gff/ntm3_0_1267_ML.gff	15
ntm3_0_1268_ML	/mnt/nvme3n1/erikg/phind-genome-work/ntm/v3/annotation/pharokka_out/per_genome_gff/ntm3_0_1268_ML.gff	17
ntm3_0_1269_ML	/mnt/nvme3n1/erikg/phind-genome-work/ntm/v3/annotation/pharokka_out/per_genome_gff/ntm3_0_1269_ML.gff	17
ntm3_0_1270_ML	/mnt/nvme3n1/erikg/phind-genome-work/ntm/v3/annotation/pharokka_out/per_genome_gff/ntm3_0_1270_ML.gff	4
ntm3_0_1271_ML	/mnt/nvme3n1/erikg/phind-genome-work/ntm/v3/annotation/pharokka_out/per_genome_gff/ntm3_0_1271_ML.gff	94
ntm3_0_1272_ML	/mnt/nvme3n1/erikg/phind-genome-work/ntm/v3/annotation/pharokka_out/per_genome_gff/ntm3_0_1272_ML.gff	2
ntm3_0_1273_ML	/mnt/nvme3n1/erikg/phind-genome-work/ntm/v3/annotation/pharokka_out/per_genome_gff/ntm3_0_1273_ML.gff	13
ntm3_0_1274_ML	/mnt/nvme3n1/erikg/phind-genome-work/ntm/v3/annotation/pharokka_out/per_genome_gff/ntm3_0_1274_ML.gff	137
ntm3_0_1275_ML	/mnt/nvme3n1/erikg/phind-genome-work/ntm/v3/annotation/pharokka_out/per_genome_gff/ntm3_0_1275_ML.gff	136
ntm3_0_1276_ML	/mnt/nvme3n1/erikg/phind-genome-work/ntm/v3/annotation/pharokka_out/per_genome_gff/ntm3_0_1276_ML.gff	22
ntm3_0_1277_ML	/mnt/nvme3n1/erikg/phind-genome-work/ntm/v3/annotation/pharokka_out/per_genome_gff/ntm3_0_1277_ML.gff	65
ntm3_0_1278_ML	/mnt/nvme3n1/erikg/phind-genome-work/ntm/v3/annotation/pharokka_out/per_genome_gff/ntm3_0_1278_ML.gff	41
ntm3_0_1279_ML	/mnt/nvme3n1/erikg/phind-genome-work/ntm/v3/annotation/pharokka_out/per_genome_gff/ntm3_0_1279_ML.gff	27
ntm3_0_1280_ML	/mnt/nvme3n1/erikg/phind-genome-work/ntm/v3/annotation/pharokka_out/per_genome_gff/ntm3_0_1280_ML.gff	20
ntm3_0_1281_ML	/mnt/nvme3n1/erikg/phind-genome-work/ntm/v3/annotation/pharokka_out/per_genome_gff/ntm3_0_1281_ML.gff	8
ntm3_0_1282_ML	/mnt/nvme3n1/erikg/phind-genome-work/ntm/v3/annotation/pharokka_out/per_genome_gff/ntm3_0_1282_ML.gff	28
ntm3_0_1283_ML	/mnt/nvme3n1/erikg/phind-genome-work/ntm/v3/annotation/pharokka_out/per_genome_gff/ntm3_0_1283_ML.gff	6
ntm3_0_1284_ML	/mnt/nvme3n1/erikg/phind-genome-work/ntm/v3/annotation/pharokka_out/per_genome_gff/ntm3_0_1284_ML.gff	9
ntm3_0_1285_ML	/mnt/nvme3n1/erikg/phind-genome-work/ntm/v3/annotation/pharokka_out/per_genome_gff/ntm3_0_1285_ML.gff	19
ntm3_0_1286_ML	/mnt/nvme3n1/erikg/phind-genome-work/ntm/v3/annotation/pharokka_out/per_genome_gff/ntm3_0_1286_ML.gff	24
ntm3_0_1287_ML	/mnt/nvme3n1/erikg/phind-genome-work/ntm/v3/annotation/pharokka_out/per_genome_gff/ntm3_0_1287_ML.gff	15
ntm3_0_1288_ML	/mnt/nvme3n1/erikg/phind-genome-work/ntm/v3/annotation/pharokka_out/per_genome_gff/ntm3_0_1288_ML.gff	3
ntm3_0_1289_ML	/mnt/nvme3n1/erikg/phind-genome-work/ntm/v3/annotation/pharokka_out/per_genome_gff/ntm3_0_1289_ML.gff	3
ntm3_0_1290_ML	/mnt/nvme3n1/erikg/phind-genome-work/ntm/v3/annotation/pharokka_out/per_genome_gff/ntm3_0_1290_ML.gff	41
ntm3_0_1291_ML	/mnt/nvme3n1/erikg/phind-genome-work/ntm/v3/annotation/pharokka_out/per_genome_gff/ntm3_0_1291_ML.gff	34
ntm3_0_1292_ML	/mnt/nvme3n1/erikg/phind-genome-work/ntm/v3/annotation/pharokka_out/per_genome_gff/ntm3_0_1292_ML.gff	19
ntm3_0_1293_ML	/mnt/nvme3n1/erikg/phind-genome-work/ntm/v3/annotation/pharokka_out/per_genome_gff/ntm3_0_1293_ML.gff	46
ntm3_0_1294_ML	/mnt/nvme3n1/erikg/phind-genome-work/ntm/v3/annotation/pharokka_out/per_genome_gff/ntm3_0_1294_ML.gff	34
ntm3_0_1295_ML	/mnt/nvme3n1/erikg/phind-genome-work/ntm/v3/annotation/pharokka_out/per_genome_gff/ntm3_0_1295_ML.gff	11
ntm3_0_1296_ML	/mnt/nvme3n1/erikg/phind-genome-work/ntm/v3/annotation/pharokka_out/per_genome_gff/ntm3_0_1296_ML.gff	22
ntm3_0_1297_ML	/mnt/nvme3n1/erikg/phind-genome-work/ntm/v3/annotation/pharokka_out/per_genome_gff/ntm3_0_1297_ML.gff	8
ntm3_0_1298_ML	/mnt/nvme3n1/erikg/phind-genome-work/ntm/v3/annotation/pharokka_out/per_genome_gff/ntm3_0_1298_ML.gff	15
ntm3_0_1299_ML	/mnt/nvme3n1/erikg/phind-genome-work/ntm/v3/annotation/pharokka_out/per_genome_gff/ntm3_0_1299_ML.gff	85
ntm3_0_1300_ML	/mnt/nvme3n1/erikg/phind-genome-work/ntm/v3/annotation/pharokka_out/per_genome_gff/ntm3_0_1300_ML.gff	46
ntm3_0_1301_ML	/mnt/nvme3n1/erikg/phind-genome-work/ntm/v3/annotation/pharokka_out/per_genome_gff/ntm3_0_1301_ML.gff	30
ntm3_0_1302_ML	/mnt/nvme3n1/erikg/phind-genome-work/ntm/v3/annotation/pharokka_out/per_genome_gff/ntm3_0_1302_ML.gff	26
ntm3_0_1303_ML	/mnt/nvme3n1/erikg/phind-genome-work/ntm/v3/annotation/pharokka_out/per_genome_gff/ntm3_0_1303_ML.gff	64
ntm3_0_0000_ANCESTRAL	/mnt/nvme3n1/erikg/phind-genome-work/ntm/v3/annotation/pharokka_out/per_genome_gff/ntm3_0_0000_ANCESTRAL.gff	317
ntm3_0_0001_ANCESTRAL	/mnt/nvme3n1/erikg/phind-genome-work/ntm/v3/annotation/pharokka_out/per_genome_gff/ntm3_0_0001_ANCESTRAL.gff	277
ntm3_0_0002_ANCESTRAL	/mnt/nvme3n1/erikg/phind-genome-work/ntm/v3/annotation/pharokka_out/per_genome_gff/ntm3_0_0002_ANCESTRAL.gff	305
ntm3_0_0003_ANCESTRAL	/mnt/nvme3n1/erikg/phind-genome-work/ntm/v3/annotation/pharokka_out/per_genome_gff/ntm3_0_0003_ANCESTRAL.gff	284
ntm3_0_0004_ANCESTRAL	/mnt/nvme3n1/erikg/phind-genome-work/ntm/v3/annotation/pharokka_out/per_genome_gff/ntm3_0_0004_ANCESTRAL.gff	303
ntm3_0_0005_ANCESTRAL	/mnt/nvme3n1/erikg/phind-genome-work/ntm/v3/annotation/pharokka_out/per_genome_gff/ntm3_0_0005_ANCESTRAL.gff	301
ntm3_0_0006_ANCESTRAL	/mnt/nvme3n1/erikg/phind-genome-work/ntm/v3/annotation/pharokka_out/per_genome_gff/ntm3_0_0006_ANCESTRAL.gff	295
ntm3_0_0007_ANCESTRAL	/mnt/nvme3n1/erikg/phind-genome-work/ntm/v3/annotation/pharokka_out/per_genome_gff/ntm3_0_0007_ANCESTRAL.gff	320
ntm3_0_0008_ANCESTRAL	/mnt/nvme3n1/erikg/phind-genome-work/ntm/v3/annotation/pharokka_out/per_genome_gff/ntm3_0_0008_ANCESTRAL.gff	305
ntm3_0_0009_ANCESTRAL	/mnt/nvme3n1/erikg/phind-genome-work/ntm/v3/annotation/pharokka_out/per_genome_gff/ntm3_0_0009_ANCESTRAL.gff	291
ntm3_0_0010_ANCESTRAL	/mnt/nvme3n1/erikg/phind-genome-work/ntm/v3/annotation/pharokka_out/per_genome_gff/ntm3_0_0010_ANCESTRAL.gff	304
ntm3_0_0011_ANCESTRAL	/mnt/nvme3n1/erikg/phind-genome-work/ntm/v3/annotation/pharokka_out/per_genome_gff/ntm3_0_0011_ANCESTRAL.gff	260
ntm3_0_0012_ANCESTRAL	/mnt/nvme3n1/erikg/phind-genome-work/ntm/v3/annotation/pharokka_out/per_genome_gff/ntm3_0_0012_ANCESTRAL.gff	310
ntm3_0_0013_ANCESTRAL	/mnt/nvme3n1/erikg/phind-genome-work/ntm/v3/annotation/pharokka_out/per_genome_gff/ntm3_0_0013_ANCESTRAL.gff	316
ntm3_0_0014_ANCESTRAL	/mnt/nvme3n1/erikg/phind-genome-work/ntm/v3/annotation/pharokka_out/per_genome_gff/ntm3_0_0014_ANCESTRAL.gff	254
ntm3_0_0015_ANCESTRAL	/mnt/nvme3n1/erikg/phind-genome-work/ntm/v3/annotation/pharokka_out/per_genome_gff/ntm3_0_0015_ANCESTRAL.gff	311
ntm3_0_0016_ANCESTRAL	/mnt/nvme3n1/erikg/phind-genome-work/ntm/v3/annotation/pharokka_out/per_genome_gff/ntm3_0_0016_ANCESTRAL.gff	283
ntm3_0_0017_ANCESTRAL	/mnt/nvme3n1/erikg/phind-genome-work/ntm/v3/annotation/pharokka_out/per_genome_gff/ntm3_0_0017_ANCESTRAL.gff	269
ntm3_0_0018_ANCESTRAL	/mnt/nvme3n1/erikg/phind-genome-work/ntm/v3/annotation/pharokka_out/per_genome_gff/ntm3_0_0018_ANCESTRAL.gff	329
ntm3_0_0019_ANCESTRAL	/mnt/nvme3n1/erikg/phind-genome-work/ntm/v3/annotation/pharokka_out/per_genome_gff/ntm3_0_0019_ANCESTRAL.gff	322
ntm3_0_0020_ANCESTRAL	/mnt/nvme3n1/erikg/phind-genome-work/ntm/v3/annotation/pharokka_out/per_genome_gff/ntm3_0_0020_ANCESTRAL.gff	257
ntm3_0_0021_ANCESTRAL	/mnt/nvme3n1/erikg/phind-genome-work/ntm/v3/annotation/pharokka_out/per_genome_gff/ntm3_0_0021_ANCESTRAL.gff	325
ntm3_0_0022_ANCESTRAL	/mnt/nvme3n1/erikg/phind-genome-work/ntm/v3/annotation/pharokka_out/per_genome_gff/ntm3_0_0022_ANCESTRAL.gff	263
ntm3_0_0023_ANCESTRAL	/mnt/nvme3n1/erikg/phind-genome-work/ntm/v3/annotation/pharokka_out/per_genome_gff/ntm3_0_0023_ANCESTRAL.gff	307
ntm3_0_0024_ANCESTRAL	/mnt/nvme3n1/erikg/phind-genome-work/ntm/v3/annotation/pharokka_out/per_genome_gff/ntm3_0_0024_ANCESTRAL.gff	269
ntm3_0_0025_ANCESTRAL	/mnt/nvme3n1/erikg/phind-genome-work/ntm/v3/annotation/pharokka_out/per_genome_gff/ntm3_0_0025_ANCESTRAL.gff	297
ntm3_0_0026_ANCESTRAL	/mnt/nvme3n1/erikg/phind-genome-work/ntm/v3/annotation/pharokka_out/per_genome_gff/ntm3_0_0026_ANCESTRAL.gff	312
ntm3_0_0027_ANCESTRAL	/mnt/nvme3n1/erikg/phind-genome-work/ntm/v3/annotation/pharokka_out/per_genome_gff/ntm3_0_0027_ANCESTRAL.gff	278
ntm3_0_0028_ANCESTRAL	/mnt/nvme3n1/erikg/phind-genome-work/ntm/v3/annotation/pharokka_out/per_genome_gff/ntm3_0_0028_ANCESTRAL.gff	268
ntm3_0_0029_ANCESTRAL	/mnt/nvme3n1/erikg/phind-genome-work/ntm/v3/annotation/pharokka_out/per_genome_gff/ntm3_0_0029_ANCESTRAL.gff	278
ntm3_0_0030_ANCESTRAL	/mnt/nvme3n1/erikg/phind-genome-work/ntm/v3/annotation/pharokka_out/per_genome_gff/ntm3_0_0030_ANCESTRAL.gff	278
ntm3_0_0031_ANCESTRAL	/mnt/nvme3n1/erikg/phind-genome-work/ntm/v3/annotation/pharokka_out/per_genome_gff/ntm3_0_0031_ANCESTRAL.gff	247
ntm3_0_0032_ANCESTRAL	/mnt/nvme3n1/erikg/phind-genome-work/ntm/v3/annotation/pharokka_out/per_genome_gff/ntm3_0_0032_ANCESTRAL.gff	278
ntm3_0_0033_ANCESTRAL	/mnt/nvme3n1/erikg/phind-genome-work/ntm/v3/annotation/pharokka_out/per_genome_gff/ntm3_0_0033_ANCESTRAL.gff	304
ntm3_0_0034_ANCESTRAL	/mnt/nvme3n1/erikg/phind-genome-work/ntm/v3/annotation/pharokka_out/per_genome_gff/ntm3_0_0034_ANCESTRAL.gff	308
ntm3_0_0035_ANCESTRAL	/mnt/nvme3n1/erikg/phind-genome-work/ntm/v3/annotation/pharokka_out/per_genome_gff/ntm3_0_0035_ANCESTRAL.gff	316
ntm3_0_0036_ANCESTRAL	/mnt/nvme3n1/erikg/phind-genome-work/ntm/v3/annotation/pharokka_out/per_genome_gff/ntm3_0_0036_ANCESTRAL.gff	306
ntm3_0_0037_ANCESTRAL	/mnt/nvme3n1/erikg/phind-genome-work/ntm/v3/annotation/pharokka_out/per_genome_gff/ntm3_0_0037_ANCESTRAL.gff	288
ntm3_0_0038_ANCESTRAL	/mnt/nvme3n1/erikg/phind-genome-work/ntm/v3/annotation/pharokka_out/per_genome_gff/ntm3_0_0038_ANCESTRAL.gff	314
ntm3_0_0039_ANCESTRAL	/mnt/nvme3n1/erikg/phind-genome-work/ntm/v3/annotation/pharokka_out/per_genome_gff/ntm3_0_0039_ANCESTRAL.gff	303
ntm3_0_0040_ANCESTRAL	/mnt/nvme3n1/erikg/phind-genome-work/ntm/v3/annotation/pharokka_out/per_genome_gff/ntm3_0_0040_ANCESTRAL.gff	237
ntm3_0_0041_ANCESTRAL	/mnt/nvme3n1/erikg/phind-genome-work/ntm/v3/annotation/pharokka_out/per_genome_gff/ntm3_0_0041_ANCESTRAL.gff	242
ntm3_0_0042_ANCESTRAL	/mnt/nvme3n1/erikg/phind-genome-work/ntm/v3/annotation/pharokka_out/per_genome_gff/ntm3_0_0042_ANCESTRAL.gff	254
ntm3_0_0043_ANCESTRAL	/mnt/nvme3n1/erikg/phind-genome-work/ntm/v3/annotation/pharokka_out/per_genome_gff/ntm3_0_0043_ANCESTRAL.gff	261
ntm3_0_0044_ANCESTRAL	/mnt/nvme3n1/erikg/phind-genome-work/ntm/v3/annotation/pharokka_out/per_genome_gff/ntm3_0_0044_ANCESTRAL.gff	304
ntm3_0_0045_ANCESTRAL	/mnt/nvme3n1/erikg/phind-genome-work/ntm/v3/annotation/pharokka_out/per_genome_gff/ntm3_0_0045_ANCESTRAL.gff	309
ntm3_0_0046_ANCESTRAL	/mnt/nvme3n1/erikg/phind-genome-work/ntm/v3/annotation/pharokka_out/per_genome_gff/ntm3_0_0046_ANCESTRAL.gff	271
ntm3_0_0047_ANCESTRAL	/mnt/nvme3n1/erikg/phind-genome-work/ntm/v3/annotation/pharokka_out/per_genome_gff/ntm3_0_0047_ANCESTRAL.gff	292
ntm3_0_0048_ANCESTRAL	/mnt/nvme3n1/erikg/phind-genome-work/ntm/v3/annotation/pharokka_out/per_genome_gff/ntm3_0_0048_ANCESTRAL.gff	279
ntm3_0_0049_ANCESTRAL	/mnt/nvme3n1/erikg/phind-genome-work/ntm/v3/annotation/pharokka_out/per_genome_gff/ntm3_0_0049_ANCESTRAL.gff	289
ntm3_0_0050_ANCESTRAL	/mnt/nvme3n1/erikg/phind-genome-work/ntm/v3/annotation/pharokka_out/per_genome_gff/ntm3_0_0050_ANCESTRAL.gff	290
ntm3_0_0051_ANCESTRAL	/mnt/nvme3n1/erikg/phind-genome-work/ntm/v3/annotation/pharokka_out/per_genome_gff/ntm3_0_0051_ANCESTRAL.gff	281
ntm3_0_0052_ANCESTRAL	/mnt/nvme3n1/erikg/phind-genome-work/ntm/v3/annotation/pharokka_out/per_genome_gff/ntm3_0_0052_ANCESTRAL.gff	301
ntm3_0_0053_ANCESTRAL	/mnt/nvme3n1/erikg/phind-genome-work/ntm/v3/annotation/pharokka_out/per_genome_gff/ntm3_0_0053_ANCESTRAL.gff	306
ntm3_0_0054_ANCESTRAL	/mnt/nvme3n1/erikg/phind-genome-work/ntm/v3/annotation/pharokka_out/per_genome_gff/ntm3_0_0054_ANCESTRAL.gff	284
ntm3_0_0055_ANCESTRAL	/mnt/nvme3n1/erikg/phind-genome-work/ntm/v3/annotation/pharokka_out/per_genome_gff/ntm3_0_0055_ANCESTRAL.gff	307
ntm3_0_0056_ANCESTRAL	/mnt/nvme3n1/erikg/phind-genome-work/ntm/v3/annotation/pharokka_out/per_genome_gff/ntm3_0_0056_ANCESTRAL.gff	297
ntm3_0_0057_ANCESTRAL	/mnt/nvme3n1/erikg/phind-genome-work/ntm/v3/annotation/pharokka_out/per_genome_gff/ntm3_0_0057_ANCESTRAL.gff	268
ntm3_0_0058_ANCESTRAL	/mnt/nvme3n1/erikg/phind-genome-work/ntm/v3/annotation/pharokka_out/per_genome_gff/ntm3_0_0058_ANCESTRAL.gff	286
ntm3_0_0059_ANCESTRAL	/mnt/nvme3n1/erikg/phind-genome-work/ntm/v3/annotation/pharokka_out/per_genome_gff/ntm3_0_0059_ANCESTRAL.gff	264
ntm3_0_0060_ANCESTRAL	/mnt/nvme3n1/erikg/phind-genome-work/ntm/v3/annotation/pharokka_out/per_genome_gff/ntm3_0_0060_ANCESTRAL.gff	299
ntm3_0_0061_ANCESTRAL	/mnt/nvme3n1/erikg/phind-genome-work/ntm/v3/annotation/pharokka_out/per_genome_gff/ntm3_0_0061_ANCESTRAL.gff	318
ntm3_0_0062_ANCESTRAL	/mnt/nvme3n1/erikg/phind-genome-work/ntm/v3/annotation/pharokka_out/per_genome_gff/ntm3_0_0062_ANCESTRAL.gff	307
ntm3_0_0063_ANCESTRAL	/mnt/nvme3n1/erikg/phind-genome-work/ntm/v3/annotation/pharokka_out/per_genome_gff/ntm3_0_0063_ANCESTRAL.gff	307
ntm3_0_0064_ANCESTRAL	/mnt/nvme3n1/erikg/phind-genome-work/ntm/v3/annotation/pharokka_out/per_genome_gff/ntm3_0_0064_ANCESTRAL.gff	304
ntm3_0_0065_ANCESTRAL	/mnt/nvme3n1/erikg/phind-genome-work/ntm/v3/annotation/pharokka_out/per_genome_gff/ntm3_0_0065_ANCESTRAL.gff	300
ntm3_0_0066_ANCESTRAL	/mnt/nvme3n1/erikg/phind-genome-work/ntm/v3/annotation/pharokka_out/per_genome_gff/ntm3_0_0066_ANCESTRAL.gff	308
ntm3_0_0067_ANCESTRAL	/mnt/nvme3n1/erikg/phind-genome-work/ntm/v3/annotation/pharokka_out/per_genome_gff/ntm3_0_0067_ANCESTRAL.gff	298
ntm3_0_0068_ANCESTRAL	/mnt/nvme3n1/erikg/phind-genome-work/ntm/v3/annotation/pharokka_out/per_genome_gff/ntm3_0_0068_ANCESTRAL.gff	276
ntm3_0_0069_ANCESTRAL	/mnt/nvme3n1/erikg/phind-genome-work/ntm/v3/annotation/pharokka_out/per_genome_gff/ntm3_0_0069_ANCESTRAL.gff	291
ntm3_0_0070_ANCESTRAL	/mnt/nvme3n1/erikg/phind-genome-work/ntm/v3/annotation/pharokka_out/per_genome_gff/ntm3_0_0070_ANCESTRAL.gff	279
ntm3_0_0071_ANCESTRAL	/mnt/nvme3n1/erikg/phind-genome-work/ntm/v3/annotation/pharokka_out/per_genome_gff/ntm3_0_0071_ANCESTRAL.gff	380
ntm3_0_0072_ANCESTRAL	/mnt/nvme3n1/erikg/phind-genome-work/ntm/v3/annotation/pharokka_out/per_genome_gff/ntm3_0_0072_ANCESTRAL.gff	281
ntm3_0_0073_ANCESTRAL	/mnt/nvme3n1/erikg/phind-genome-work/ntm/v3/annotation/pharokka_out/per_genome_gff/ntm3_0_0073_ANCESTRAL.gff	305
ntm3_0_0074_ANCESTRAL	/mnt/nvme3n1/erikg/phind-genome-work/ntm/v3/annotation/pharokka_out/per_genome_gff/ntm3_0_0074_ANCESTRAL.gff	269
ntm3_0_0075_ANCESTRAL	/mnt/nvme3n1/erikg/phind-genome-work/ntm/v3/annotation/pharokka_out/per_genome_gff/ntm3_0_0075_ANCESTRAL.gff	299
ntm3_0_0076_ANCESTRAL	/mnt/nvme3n1/erikg/phind-genome-work/ntm/v3/annotation/pharokka_out/per_genome_gff/ntm3_0_0076_ANCESTRAL.gff	304
ntm3_0_0077_ANCESTRAL	/mnt/nvme3n1/erikg/phind-genome-work/ntm/v3/annotation/pharokka_out/per_genome_gff/ntm3_0_0077_ANCESTRAL.gff	309
ntm3_0_0078_ANCESTRAL	/mnt/nvme3n1/erikg/phind-genome-work/ntm/v3/annotation/pharokka_out/per_genome_gff/ntm3_0_0078_ANCESTRAL.gff	306
ntm3_0_0079_ANCESTRAL	/mnt/nvme3n1/erikg/phind-genome-work/ntm/v3/annotation/pharokka_out/per_genome_gff/ntm3_0_0079_ANCESTRAL.gff	283
ntm3_0_0080_ANCESTRAL	/mnt/nvme3n1/erikg/phind-genome-work/ntm/v3/annotation/pharokka_out/per_genome_gff/ntm3_0_0080_ANCESTRAL.gff	312
ntm3_0_0081_ANCESTRAL	/mnt/nvme3n1/erikg/phind-genome-work/ntm/v3/annotation/pharokka_out/per_genome_gff/ntm3_0_0081_ANCESTRAL.gff	292
ntm3_0_0082_ANCESTRAL	/mnt/nvme3n1/erikg/phind-genome-work/ntm/v3/annotation/pharokka_out/per_genome_gff/ntm3_0_0082_ANCESTRAL.gff	290
ntm3_0_0083_ANCESTRAL	/mnt/nvme3n1/erikg/phind-genome-work/ntm/v3/annotation/pharokka_out/per_genome_gff/ntm3_0_0083_ANCESTRAL.gff	293
ntm3_0_0084_ANCESTRAL	/mnt/nvme3n1/erikg/phind-genome-work/ntm/v3/annotation/pharokka_out/per_genome_gff/ntm3_0_0084_ANCESTRAL.gff	314
ntm3_0_0085_ANCESTRAL	/mnt/nvme3n1/erikg/phind-genome-work/ntm/v3/annotation/pharokka_out/per_genome_gff/ntm3_0_0085_ANCESTRAL.gff	277
ntm3_0_0086_ANCESTRAL	/mnt/nvme3n1/erikg/phind-genome-work/ntm/v3/annotation/pharokka_out/per_genome_gff/ntm3_0_0086_ANCESTRAL.gff	310
ntm3_0_0087_ANCESTRAL	/mnt/nvme3n1/erikg/phind-genome-work/ntm/v3/annotation/pharokka_out/per_genome_gff/ntm3_0_0087_ANCESTRAL.gff	332
ntm3_0_0088_ANCESTRAL	/mnt/nvme3n1/erikg/phind-genome-work/ntm/v3/annotation/pharokka_out/per_genome_gff/ntm3_0_0088_ANCESTRAL.gff	300
ntm3_0_0089_ANCESTRAL	/mnt/nvme3n1/erikg/phind-genome-work/ntm/v3/annotation/pharokka_out/per_genome_gff/ntm3_0_0089_ANCESTRAL.gff	286
ntm3_0_0090_ANCESTRAL	/mnt/nvme3n1/erikg/phind-genome-work/ntm/v3/annotation/pharokka_out/per_genome_gff/ntm3_0_0090_ANCESTRAL.gff	303
ntm3_0_0091_ANCESTRAL	/mnt/nvme3n1/erikg/phind-genome-work/ntm/v3/annotation/pharokka_out/per_genome_gff/ntm3_0_0091_ANCESTRAL.gff	303
ntm3_0_0092_ANCESTRAL	/mnt/nvme3n1/erikg/phind-genome-work/ntm/v3/annotation/pharokka_out/per_genome_gff/ntm3_0_0092_ANCESTRAL.gff	261
ntm3_0_0093_ANCESTRAL	/mnt/nvme3n1/erikg/phind-genome-work/ntm/v3/annotation/pharokka_out/per_genome_gff/ntm3_0_0093_ANCESTRAL.gff	314
ntm3_0_0094_ANCESTRAL	/mnt/nvme3n1/erikg/phind-genome-work/ntm/v3/annotation/pharokka_out/per_genome_gff/ntm3_0_0094_ANCESTRAL.gff	286
ntm3_0_0095_ANCESTRAL	/mnt/nvme3n1/erikg/phind-genome-work/ntm/v3/annotation/pharokka_out/per_genome_gff/ntm3_0_0095_ANCESTRAL.gff	329
ntm3_0_0096_ANCESTRAL	/mnt/nvme3n1/erikg/phind-genome-work/ntm/v3/annotation/pharokka_out/per_genome_gff/ntm3_0_0096_ANCESTRAL.gff	268
ntm3_0_0097_ANCESTRAL	/mnt/nvme3n1/erikg/phind-genome-work/ntm/v3/annotation/pharokka_out/per_genome_gff/ntm3_0_0097_ANCESTRAL.gff	252
ntm3_0_0098_ANCESTRAL	/mnt/nvme3n1/erikg/phind-genome-work/ntm/v3/annotation/pharokka_out/per_genome_gff/ntm3_0_0098_ANCESTRAL.gff	269
ntm3_0_0099_ANCESTRAL	/mnt/nvme3n1/erikg/phind-genome-work/ntm/v3/annotation/pharokka_out/per_genome_gff/ntm3_0_0099_ANCESTRAL.gff	297
ntm3_0_0100_ANCESTRAL	/mnt/nvme3n1/erikg/phind-genome-work/ntm/v3/annotation/pharokka_out/per_genome_gff/ntm3_0_0100_ANCESTRAL.gff	94
ntm3_0_0101_ANCESTRAL	/mnt/nvme3n1/erikg/phind-genome-work/ntm/v3/annotation/pharokka_out/per_genome_gff/ntm3_0_0101_ANCESTRAL.gff	317
ntm3_0_0102_ANCESTRAL	/mnt/nvme3n1/erikg/phind-genome-work/ntm/v3/annotation/pharokka_out/per_genome_gff/ntm3_0_0102_ANCESTRAL.gff	291
ntm3_0_0103_ANCESTRAL	/mnt/nvme3n1/erikg/phind-genome-work/ntm/v3/annotation/pharokka_out/per_genome_gff/ntm3_0_0103_ANCESTRAL.gff	370
ntm3_0_0104_ANCESTRAL	/mnt/nvme3n1/erikg/phind-genome-work/ntm/v3/annotation/pharokka_out/per_genome_gff/ntm3_0_0104_ANCESTRAL.gff	307
ntm3_0_0105_ANCESTRAL	/mnt/nvme3n1/erikg/phind-genome-work/ntm/v3/annotation/pharokka_out/per_genome_gff/ntm3_0_0105_ANCESTRAL.gff	349
ntm3_0_0106_ANCESTRAL	/mnt/nvme3n1/erikg/phind-genome-work/ntm/v3/annotation/pharokka_out/per_genome_gff/ntm3_0_0106_ANCESTRAL.gff	363
ntm3_0_0107_ANCESTRAL	/mnt/nvme3n1/erikg/phind-genome-work/ntm/v3/annotation/pharokka_out/per_genome_gff/ntm3_0_0107_ANCESTRAL.gff	380
ntm3_0_0108_ANCESTRAL	/mnt/nvme3n1/erikg/phind-genome-work/ntm/v3/annotation/pharokka_out/per_genome_gff/ntm3_0_0108_ANCESTRAL.gff	374
ntm3_0_0109_ANCESTRAL	/mnt/nvme3n1/erikg/phind-genome-work/ntm/v3/annotation/pharokka_out/per_genome_gff/ntm3_0_0109_ANCESTRAL.gff	393
ntm3_0_0110_ANCESTRAL	/mnt/nvme3n1/erikg/phind-genome-work/ntm/v3/annotation/pharokka_out/per_genome_gff/ntm3_0_0110_ANCESTRAL.gff	390
ntm3_0_0111_ANCESTRAL	/mnt/nvme3n1/erikg/phind-genome-work/ntm/v3/annotation/pharokka_out/per_genome_gff/ntm3_0_0111_ANCESTRAL.gff	382
ntm3_0_0112_ANCESTRAL	/mnt/nvme3n1/erikg/phind-genome-work/ntm/v3/annotation/pharokka_out/per_genome_gff/ntm3_0_0112_ANCESTRAL.gff	371
ntm3_0_0113_ANCESTRAL	/mnt/nvme3n1/erikg/phind-genome-work/ntm/v3/annotation/pharokka_out/per_genome_gff/ntm3_0_0113_ANCESTRAL.gff	383
ntm3_0_0114_ANCESTRAL	/mnt/nvme3n1/erikg/phind-genome-work/ntm/v3/annotation/pharokka_out/per_genome_gff/ntm3_0_0114_ANCESTRAL.gff	387
ntm3_0_0115_ANCESTRAL	/mnt/nvme3n1/erikg/phind-genome-work/ntm/v3/annotation/pharokka_out/per_genome_gff/ntm3_0_0115_ANCESTRAL.gff	391
ntm3_0_0116_ANCESTRAL	/mnt/nvme3n1/erikg/phind-genome-work/ntm/v3/annotation/pharokka_out/per_genome_gff/ntm3_0_0116_ANCESTRAL.gff	396
ntm3_0_0117_ANCESTRAL	/mnt/nvme3n1/erikg/phind-genome-work/ntm/v3/annotation/pharokka_out/per_genome_gff/ntm3_0_0117_ANCESTRAL.gff	385
ntm3_0_0118_ANCESTRAL	/mnt/nvme3n1/erikg/phind-genome-work/ntm/v3/annotation/pharokka_out/per_genome_gff/ntm3_0_0118_ANCESTRAL.gff	320
ntm3_0_0119_ANCESTRAL	/mnt/nvme3n1/erikg/phind-genome-work/ntm/v3/annotation/pharokka_out/per_genome_gff/ntm3_0_0119_ANCESTRAL.gff	74
ntm3_0_0120_ANCESTRAL	/mnt/nvme3n1/erikg/phind-genome-work/ntm/v3/annotation/pharokka_out/per_genome_gff/ntm3_0_0120_ANCESTRAL.gff	262
ntm3_0_0121_ANCESTRAL	/mnt/nvme3n1/erikg/phind-genome-work/ntm/v3/annotation/pharokka_out/per_genome_gff/ntm3_0_0121_ANCESTRAL.gff	354
ntm3_0_0122_ANCESTRAL	/mnt/nvme3n1/erikg/phind-genome-work/ntm/v3/annotation/pharokka_out/per_genome_gff/ntm3_0_0122_ANCESTRAL.gff	389
ntm3_0_0123_ANCESTRAL	/mnt/nvme3n1/erikg/phind-genome-work/ntm/v3/annotation/pharokka_out/per_genome_gff/ntm3_0_0123_ANCESTRAL.gff	336
ntm3_0_0124_ANCESTRAL	/mnt/nvme3n1/erikg/phind-genome-work/ntm/v3/annotation/pharokka_out/per_genome_gff/ntm3_0_0124_ANCESTRAL.gff	390
ntm3_0_0125_ANCESTRAL	/mnt/nvme3n1/erikg/phind-genome-work/ntm/v3/annotation/pharokka_out/per_genome_gff/ntm3_0_0125_ANCESTRAL.gff	310
ntm3_0_0126_ANCESTRAL	/mnt/nvme3n1/erikg/phind-genome-work/ntm/v3/annotation/pharokka_out/per_genome_gff/ntm3_0_0126_ANCESTRAL.gff	300
ntm3_0_0127_ANCESTRAL	/mnt/nvme3n1/erikg/phind-genome-work/ntm/v3/annotation/pharokka_out/per_genome_gff/ntm3_0_0127_ANCESTRAL.gff	297
ntm3_0_0128_ANCESTRAL	/mnt/nvme3n1/erikg/phind-genome-work/ntm/v3/annotation/pharokka_out/per_genome_gff/ntm3_0_0128_ANCESTRAL.gff	326
ntm3_0_0129_ANCESTRAL	/mnt/nvme3n1/erikg/phind-genome-work/ntm/v3/annotation/pharokka_out/per_genome_gff/ntm3_0_0129_ANCESTRAL.gff	367
ntm3_0_0130_ANCESTRAL	/mnt/nvme3n1/erikg/phind-genome-work/ntm/v3/annotation/pharokka_out/per_genome_gff/ntm3_0_0130_ANCESTRAL.gff	309
ntm3_0_0131_ANCESTRAL	/mnt/nvme3n1/erikg/phind-genome-work/ntm/v3/annotation/pharokka_out/per_genome_gff/ntm3_0_0131_ANCESTRAL.gff	293
ntm3_0_0132_ANCESTRAL	/mnt/nvme3n1/erikg/phind-genome-work/ntm/v3/annotation/pharokka_out/per_genome_gff/ntm3_0_0132_ANCESTRAL.gff	283
ntm3_0_0133_ANCESTRAL	/mnt/nvme3n1/erikg/phind-genome-work/ntm/v3/annotation/pharokka_out/per_genome_gff/ntm3_0_0133_ANCESTRAL.gff	265
ntm3_0_0134_ANCESTRAL	/mnt/nvme3n1/erikg/phind-genome-work/ntm/v3/annotation/pharokka_out/per_genome_gff/ntm3_0_0134_ANCESTRAL.gff	307
ntm3_0_0135_ANCESTRAL	/mnt/nvme3n1/erikg/phind-genome-work/ntm/v3/annotation/pharokka_out/per_genome_gff/ntm3_0_0135_ANCESTRAL.gff	263
ntm3_0_0136_ANCESTRAL	/mnt/nvme3n1/erikg/phind-genome-work/ntm/v3/annotation/pharokka_out/per_genome_gff/ntm3_0_0136_ANCESTRAL.gff	308
ntm3_0_0137_ANCESTRAL	/mnt/nvme3n1/erikg/phind-genome-work/ntm/v3/annotation/pharokka_out/per_genome_gff/ntm3_0_0137_ANCESTRAL.gff	270
ntm3_0_0138_ANCESTRAL	/mnt/nvme3n1/erikg/phind-genome-work/ntm/v3/annotation/pharokka_out/per_genome_gff/ntm3_0_0138_ANCESTRAL.gff	1
ntm3_0_0139_ANCESTRAL	/mnt/nvme3n1/erikg/phind-genome-work/ntm/v3/annotation/pharokka_out/per_genome_gff/ntm3_0_0139_ANCESTRAL.gff	69
ntm3_0_0140_ANCESTRAL	/mnt/nvme3n1/erikg/phind-genome-work/ntm/v3/annotation/pharokka_out/per_genome_gff/ntm3_0_0140_ANCESTRAL.gff	319
ntm3_0_0141_ANCESTRAL	/mnt/nvme3n1/erikg/phind-genome-work/ntm/v3/annotation/pharokka_out/per_genome_gff/ntm3_0_0141_ANCESTRAL.gff	313
ntm3_0_0142_ANCESTRAL	/mnt/nvme3n1/erikg/phind-genome-work/ntm/v3/annotation/pharokka_out/per_genome_gff/ntm3_0_0142_ANCESTRAL.gff	311
ntm3_0_0143_ANCESTRAL	/mnt/nvme3n1/erikg/phind-genome-work/ntm/v3/annotation/pharokka_out/per_genome_gff/ntm3_0_0143_ANCESTRAL.gff	303
ntm3_0_0144_ANCESTRAL	/mnt/nvme3n1/erikg/phind-genome-work/ntm/v3/annotation/pharokka_out/per_genome_gff/ntm3_0_0144_ANCESTRAL.gff	358
ntm3_0_0145_ANCESTRAL	/mnt/nvme3n1/erikg/phind-genome-work/ntm/v3/annotation/pharokka_out/per_genome_gff/ntm3_0_0145_ANCESTRAL.gff	256
ntm3_0_0146_ANCESTRAL	/mnt/nvme3n1/erikg/phind-genome-work/ntm/v3/annotation/pharokka_out/per_genome_gff/ntm3_0_0146_ANCESTRAL.gff	324
ntm3_0_0147_ANCESTRAL	/mnt/nvme3n1/erikg/phind-genome-work/ntm/v3/annotation/pharokka_out/per_genome_gff/ntm3_0_0147_ANCESTRAL.gff	285
ntm3_0_0148_ANCESTRAL	/mnt/nvme3n1/erikg/phind-genome-work/ntm/v3/annotation/pharokka_out/per_genome_gff/ntm3_0_0148_ANCESTRAL.gff	326
ntm3_0_0149_ANCESTRAL	/mnt/nvme3n1/erikg/phind-genome-work/ntm/v3/annotation/pharokka_out/per_genome_gff/ntm3_0_0149_ANCESTRAL.gff	255
ntm3_0_0150_ANCESTRAL	/mnt/nvme3n1/erikg/phind-genome-work/ntm/v3/annotation/pharokka_out/per_genome_gff/ntm3_0_0150_ANCESTRAL.gff	324
ntm3_0_0151_ANCESTRAL	/mnt/nvme3n1/erikg/phind-genome-work/ntm/v3/annotation/pharokka_out/per_genome_gff/ntm3_0_0151_ANCESTRAL.gff	265
ntm3_0_0152_ANCESTRAL	/mnt/nvme3n1/erikg/phind-genome-work/ntm/v3/annotation/pharokka_out/per_genome_gff/ntm3_0_0152_ANCESTRAL.gff	249
ntm3_0_0153_ANCESTRAL	/mnt/nvme3n1/erikg/phind-genome-work/ntm/v3/annotation/pharokka_out/per_genome_gff/ntm3_0_0153_ANCESTRAL.gff	336
ntm3_0_0154_ANCESTRAL	/mnt/nvme3n1/erikg/phind-genome-work/ntm/v3/annotation/pharokka_out/per_genome_gff/ntm3_0_0154_ANCESTRAL.gff	254
ntm3_0_0155_ANCESTRAL	/mnt/nvme3n1/erikg/phind-genome-work/ntm/v3/annotation/pharokka_out/per_genome_gff/ntm3_0_0155_ANCESTRAL.gff	239
ntm3_0_0156_ANCESTRAL	/mnt/nvme3n1/erikg/phind-genome-work/ntm/v3/annotation/pharokka_out/per_genome_gff/ntm3_0_0156_ANCESTRAL.gff	233
ntm3_0_0157_ANCESTRAL	/mnt/nvme3n1/erikg/phind-genome-work/ntm/v3/annotation/pharokka_out/per_genome_gff/ntm3_0_0157_ANCESTRAL.gff	232
ntm3_0_0158_ANCESTRAL	/mnt/nvme3n1/erikg/phind-genome-work/ntm/v3/annotation/pharokka_out/per_genome_gff/ntm3_0_0158_ANCESTRAL.gff	237
ntm3_0_0159_ANCESTRAL	/mnt/nvme3n1/erikg/phind-genome-work/ntm/v3/annotation/pharokka_out/per_genome_gff/ntm3_0_0159_ANCESTRAL.gff	223
ntm3_0_0160_ANCESTRAL	/mnt/nvme3n1/erikg/phind-genome-work/ntm/v3/annotation/pharokka_out/per_genome_gff/ntm3_0_0160_ANCESTRAL.gff	233
ntm3_0_0161_ANCESTRAL	/mnt/nvme3n1/erikg/phind-genome-work/ntm/v3/annotation/pharokka_out/per_genome_gff/ntm3_0_0161_ANCESTRAL.gff	263
ntm3_0_0162_ANCESTRAL	/mnt/nvme3n1/erikg/phind-genome-work/ntm/v3/annotation/pharokka_out/per_genome_gff/ntm3_0_0162_ANCESTRAL.gff	250
ntm3_0_0163_ANCESTRAL	/mnt/nvme3n1/erikg/phind-genome-work/ntm/v3/annotation/pharokka_out/per_genome_gff/ntm3_0_0163_ANCESTRAL.gff	250
ntm3_0_0164_ANCESTRAL	/mnt/nvme3n1/erikg/phind-genome-work/ntm/v3/annotation/pharokka_out/per_genome_gff/ntm3_0_0164_ANCESTRAL.gff	117
ntm3_0_0165_ANCESTRAL	/mnt/nvme3n1/erikg/phind-genome-work/ntm/v3/annotation/pharokka_out/per_genome_gff/ntm3_0_0165_ANCESTRAL.gff	266
ntm3_0_0166_ANCESTRAL	/mnt/nvme3n1/erikg/phind-genome-work/ntm/v3/annotation/pharokka_out/per_genome_gff/ntm3_0_0166_ANCESTRAL.gff	253
ntm3_0_0167_ANCESTRAL	/mnt/nvme3n1/erikg/phind-genome-work/ntm/v3/annotation/pharokka_out/per_genome_gff/ntm3_0_0167_ANCESTRAL.gff	224
ntm3_0_0168_ANCESTRAL	/mnt/nvme3n1/erikg/phind-genome-work/ntm/v3/annotation/pharokka_out/per_genome_gff/ntm3_0_0168_ANCESTRAL.gff	242
ntm3_0_0169_ANCESTRAL	/mnt/nvme3n1/erikg/phind-genome-work/ntm/v3/annotation/pharokka_out/per_genome_gff/ntm3_0_0169_ANCESTRAL.gff	319
ntm3_0_0170_ANCESTRAL	/mnt/nvme3n1/erikg/phind-genome-work/ntm/v3/annotation/pharokka_out/per_genome_gff/ntm3_0_0170_ANCESTRAL.gff	264
ntm3_0_0171_ANCESTRAL	/mnt/nvme3n1/erikg/phind-genome-work/ntm/v3/annotation/pharokka_out/per_genome_gff/ntm3_0_0171_ANCESTRAL.gff	226
ntm3_0_0172_ANCESTRAL	/mnt/nvme3n1/erikg/phind-genome-work/ntm/v3/annotation/pharokka_out/per_genome_gff/ntm3_0_0172_ANCESTRAL.gff	216
ntm3_0_0173_ANCESTRAL	/mnt/nvme3n1/erikg/phind-genome-work/ntm/v3/annotation/pharokka_out/per_genome_gff/ntm3_0_0173_ANCESTRAL.gff	295
ntm3_0_0174_ANCESTRAL	/mnt/nvme3n1/erikg/phind-genome-work/ntm/v3/annotation/pharokka_out/per_genome_gff/ntm3_0_0174_ANCESTRAL.gff	229
ntm3_0_0175_ANCESTRAL	/mnt/nvme3n1/erikg/phind-genome-work/ntm/v3/annotation/pharokka_out/per_genome_gff/ntm3_0_0175_ANCESTRAL.gff	235
ntm3_0_0176_ANCESTRAL	/mnt/nvme3n1/erikg/phind-genome-work/ntm/v3/annotation/pharokka_out/per_genome_gff/ntm3_0_0176_ANCESTRAL.gff	245
ntm3_0_0177_ANCESTRAL	/mnt/nvme3n1/erikg/phind-genome-work/ntm/v3/annotation/pharokka_out/per_genome_gff/ntm3_0_0177_ANCESTRAL.gff	218
ntm3_0_0178_ANCESTRAL	/mnt/nvme3n1/erikg/phind-genome-work/ntm/v3/annotation/pharokka_out/per_genome_gff/ntm3_0_0178_ANCESTRAL.gff	223
ntm3_0_0179_ANCESTRAL	/mnt/nvme3n1/erikg/phind-genome-work/ntm/v3/annotation/pharokka_out/per_genome_gff/ntm3_0_0179_ANCESTRAL.gff	220
ntm3_0_0180_ANCESTRAL	/mnt/nvme3n1/erikg/phind-genome-work/ntm/v3/annotation/pharokka_out/per_genome_gff/ntm3_0_0180_ANCESTRAL.gff	226
ntm3_0_0181_ANCESTRAL	/mnt/nvme3n1/erikg/phind-genome-work/ntm/v3/annotation/pharokka_out/per_genome_gff/ntm3_0_0181_ANCESTRAL.gff	217
ntm3_0_0182_ANCESTRAL	/mnt/nvme3n1/erikg/phind-genome-work/ntm/v3/annotation/pharokka_out/per_genome_gff/ntm3_0_0182_ANCESTRAL.gff	288
ntm3_0_0183_ANCESTRAL	/mnt/nvme3n1/erikg/phind-genome-work/ntm/v3/annotation/pharokka_out/per_genome_gff/ntm3_0_0183_ANCESTRAL.gff	207
ntm3_0_0184_ANCESTRAL	/mnt/nvme3n1/erikg/phind-genome-work/ntm/v3/annotation/pharokka_out/per_genome_gff/ntm3_0_0184_ANCESTRAL.gff	291
ntm3_0_0185_ANCESTRAL	/mnt/nvme3n1/erikg/phind-genome-work/ntm/v3/annotation/pharokka_out/per_genome_gff/ntm3_0_0185_ANCESTRAL.gff	283
ntm3_0_0186_ANCESTRAL	/mnt/nvme3n1/erikg/phind-genome-work/ntm/v3/annotation/pharokka_out/per_genome_gff/ntm3_0_0186_ANCESTRAL.gff	58
ntm3_0_0187_ANCESTRAL	/mnt/nvme3n1/erikg/phind-genome-work/ntm/v3/annotation/pharokka_out/per_genome_gff/ntm3_0_0187_ANCESTRAL.gff	196
ntm3_0_0188_ANCESTRAL	/mnt/nvme3n1/erikg/phind-genome-work/ntm/v3/annotation/pharokka_out/per_genome_gff/ntm3_0_0188_ANCESTRAL.gff	193
ntm3_0_0189_ANCESTRAL	/mnt/nvme3n1/erikg/phind-genome-work/ntm/v3/annotation/pharokka_out/per_genome_gff/ntm3_0_0189_ANCESTRAL.gff	196
ntm3_0_0190_ANCESTRAL	/mnt/nvme3n1/erikg/phind-genome-work/ntm/v3/annotation/pharokka_out/per_genome_gff/ntm3_0_0190_ANCESTRAL.gff	199
ntm3_0_0191_ANCESTRAL	/mnt/nvme3n1/erikg/phind-genome-work/ntm/v3/annotation/pharokka_out/per_genome_gff/ntm3_0_0191_ANCESTRAL.gff	244
ntm3_0_0192_ANCESTRAL	/mnt/nvme3n1/erikg/phind-genome-work/ntm/v3/annotation/pharokka_out/per_genome_gff/ntm3_0_0192_ANCESTRAL.gff	323
ntm3_0_0193_ANCESTRAL	/mnt/nvme3n1/erikg/phind-genome-work/ntm/v3/annotation/pharokka_out/per_genome_gff/ntm3_0_0193_ANCESTRAL.gff	316
ntm3_0_0194_ANCESTRAL	/mnt/nvme3n1/erikg/phind-genome-work/ntm/v3/annotation/pharokka_out/per_genome_gff/ntm3_0_0194_ANCESTRAL.gff	286
ntm3_0_0195_ANCESTRAL	/mnt/nvme3n1/erikg/phind-genome-work/ntm/v3/annotation/pharokka_out/per_genome_gff/ntm3_0_0195_ANCESTRAL.gff	323
ntm3_0_0196_ANCESTRAL	/mnt/nvme3n1/erikg/phind-genome-work/ntm/v3/annotation/pharokka_out/per_genome_gff/ntm3_0_0196_ANCESTRAL.gff	326
ntm3_0_0197_ANCESTRAL	/mnt/nvme3n1/erikg/phind-genome-work/ntm/v3/annotation/pharokka_out/per_genome_gff/ntm3_0_0197_ANCESTRAL.gff	277
ntm3_0_0198_ANCESTRAL	/mnt/nvme3n1/erikg/phind-genome-work/ntm/v3/annotation/pharokka_out/per_genome_gff/ntm3_0_0198_ANCESTRAL.gff	295
ntm3_0_0199_ANCESTRAL	/mnt/nvme3n1/erikg/phind-genome-work/ntm/v3/annotation/pharokka_out/per_genome_gff/ntm3_0_0199_ANCESTRAL.gff	311
ntm3_0_0200_ANCESTRAL	/mnt/nvme3n1/erikg/phind-genome-work/ntm/v3/annotation/pharokka_out/per_genome_gff/ntm3_0_0200_ANCESTRAL.gff	280
ntm3_0_0201_ANCESTRAL	/mnt/nvme3n1/erikg/phind-genome-work/ntm/v3/annotation/pharokka_out/per_genome_gff/ntm3_0_0201_ANCESTRAL.gff	311
ntm3_0_0202_ANCESTRAL	/mnt/nvme3n1/erikg/phind-genome-work/ntm/v3/annotation/pharokka_out/per_genome_gff/ntm3_0_0202_ANCESTRAL.gff	337
ntm3_0_0203_ANCESTRAL	/mnt/nvme3n1/erikg/phind-genome-work/ntm/v3/annotation/pharokka_out/per_genome_gff/ntm3_0_0203_ANCESTRAL.gff	276
ntm3_0_0204_ANCESTRAL	/mnt/nvme3n1/erikg/phind-genome-work/ntm/v3/annotation/pharokka_out/per_genome_gff/ntm3_0_0204_ANCESTRAL.gff	34
ntm3_0_0205_ANCESTRAL	/mnt/nvme3n1/erikg/phind-genome-work/ntm/v3/annotation/pharokka_out/per_genome_gff/ntm3_0_0205_ANCESTRAL.gff	293
ntm3_0_0206_ANCESTRAL	/mnt/nvme3n1/erikg/phind-genome-work/ntm/v3/annotation/pharokka_out/per_genome_gff/ntm3_0_0206_ANCESTRAL.gff	283
ntm3_0_0207_ANCESTRAL	/mnt/nvme3n1/erikg/phind-genome-work/ntm/v3/annotation/pharokka_out/per_genome_gff/ntm3_0_0207_ANCESTRAL.gff	78
ntm3_0_0208_ANCESTRAL	/mnt/nvme3n1/erikg/phind-genome-work/ntm/v3/annotation/pharokka_out/per_genome_gff/ntm3_0_0208_ANCESTRAL.gff	232
ntm3_0_0209_ANCESTRAL	/mnt/nvme3n1/erikg/phind-genome-work/ntm/v3/annotation/pharokka_out/per_genome_gff/ntm3_0_0209_ANCESTRAL.gff	115
ntm3_0_0210_ANCESTRAL	/mnt/nvme3n1/erikg/phind-genome-work/ntm/v3/annotation/pharokka_out/per_genome_gff/ntm3_0_0210_ANCESTRAL.gff	103
ntm3_0_0211_ANCESTRAL	/mnt/nvme3n1/erikg/phind-genome-work/ntm/v3/annotation/pharokka_out/per_genome_gff/ntm3_0_0211_ANCESTRAL.gff	265
ntm3_0_0212_ANCESTRAL	/mnt/nvme3n1/erikg/phind-genome-work/ntm/v3/annotation/pharokka_out/per_genome_gff/ntm3_0_0212_ANCESTRAL.gff	277
ntm3_0_0213_ANCESTRAL	/mnt/nvme3n1/erikg/phind-genome-work/ntm/v3/annotation/pharokka_out/per_genome_gff/ntm3_0_0213_ANCESTRAL.gff	307
ntm3_0_0214_ANCESTRAL	/mnt/nvme3n1/erikg/phind-genome-work/ntm/v3/annotation/pharokka_out/per_genome_gff/ntm3_0_0214_ANCESTRAL.gff	275
ntm3_0_0215_ANCESTRAL	/mnt/nvme3n1/erikg/phind-genome-work/ntm/v3/annotation/pharokka_out/per_genome_gff/ntm3_0_0215_ANCESTRAL.gff	97
ntm3_0_0216_ANCESTRAL	/mnt/nvme3n1/erikg/phind-genome-work/ntm/v3/annotation/pharokka_out/per_genome_gff/ntm3_0_0216_ANCESTRAL.gff	36
ntm3_0_0217_ANCESTRAL	/mnt/nvme3n1/erikg/phind-genome-work/ntm/v3/annotation/pharokka_out/per_genome_gff/ntm3_0_0217_ANCESTRAL.gff	258
ntm3_0_0218_ANCESTRAL	/mnt/nvme3n1/erikg/phind-genome-work/ntm/v3/annotation/pharokka_out/per_genome_gff/ntm3_0_0218_ANCESTRAL.gff	289
ntm3_0_0219_ANCESTRAL	/mnt/nvme3n1/erikg/phind-genome-work/ntm/v3/annotation/pharokka_out/per_genome_gff/ntm3_0_0219_ANCESTRAL.gff	247
ntm3_0_0220_ANCESTRAL	/mnt/nvme3n1/erikg/phind-genome-work/ntm/v3/annotation/pharokka_out/per_genome_gff/ntm3_0_0220_ANCESTRAL.gff	291
ntm3_0_0221_ANCESTRAL	/mnt/nvme3n1/erikg/phind-genome-work/ntm/v3/annotation/pharokka_out/per_genome_gff/ntm3_0_0221_ANCESTRAL.gff	327
ntm3_0_0222_ANCESTRAL	/mnt/nvme3n1/erikg/phind-genome-work/ntm/v3/annotation/pharokka_out/per_genome_gff/ntm3_0_0222_ANCESTRAL.gff	282
ntm3_0_0223_ANCESTRAL	/mnt/nvme3n1/erikg/phind-genome-work/ntm/v3/annotation/pharokka_out/per_genome_gff/ntm3_0_0223_ANCESTRAL.gff	272
ntm3_0_0224_ANCESTRAL	/mnt/nvme3n1/erikg/phind-genome-work/ntm/v3/annotation/pharokka_out/per_genome_gff/ntm3_0_0224_ANCESTRAL.gff	29
ntm3_0_0225_ANCESTRAL	/mnt/nvme3n1/erikg/phind-genome-work/ntm/v3/annotation/pharokka_out/per_genome_gff/ntm3_0_0225_ANCESTRAL.gff	268
ntm3_0_0226_ANCESTRAL	/mnt/nvme3n1/erikg/phind-genome-work/ntm/v3/annotation/pharokka_out/per_genome_gff/ntm3_0_0226_ANCESTRAL.gff	323
ntm3_0_0227_ANCESTRAL	/mnt/nvme3n1/erikg/phind-genome-work/ntm/v3/annotation/pharokka_out/per_genome_gff/ntm3_0_0227_ANCESTRAL.gff	176
ntm3_0_0228_ANCESTRAL	/mnt/nvme3n1/erikg/phind-genome-work/ntm/v3/annotation/pharokka_out/per_genome_gff/ntm3_0_0228_ANCESTRAL.gff	298
ntm3_0_0229_ANCESTRAL	/mnt/nvme3n1/erikg/phind-genome-work/ntm/v3/annotation/pharokka_out/per_genome_gff/ntm3_0_0229_ANCESTRAL.gff	160
ntm3_0_0230_ANCESTRAL	/mnt/nvme3n1/erikg/phind-genome-work/ntm/v3/annotation/pharokka_out/per_genome_gff/ntm3_0_0230_ANCESTRAL.gff	118
ntm3_0_0231_ANCESTRAL	/mnt/nvme3n1/erikg/phind-genome-work/ntm/v3/annotation/pharokka_out/per_genome_gff/ntm3_0_0231_ANCESTRAL.gff	278
ntm3_0_0232_ANCESTRAL	/mnt/nvme3n1/erikg/phind-genome-work/ntm/v3/annotation/pharokka_out/per_genome_gff/ntm3_0_0232_ANCESTRAL.gff	233
ntm3_0_0233_ANCESTRAL	/mnt/nvme3n1/erikg/phind-genome-work/ntm/v3/annotation/pharokka_out/per_genome_gff/ntm3_0_0233_ANCESTRAL.gff	218
ntm3_0_0234_ANCESTRAL	/mnt/nvme3n1/erikg/phind-genome-work/ntm/v3/annotation/pharokka_out/per_genome_gff/ntm3_0_0234_ANCESTRAL.gff	231
ntm3_0_0235_ANCESTRAL	/mnt/nvme3n1/erikg/phind-genome-work/ntm/v3/annotation/pharokka_out/per_genome_gff/ntm3_0_0235_ANCESTRAL.gff	224
ntm3_0_0236_ANCESTRAL	/mnt/nvme3n1/erikg/phind-genome-work/ntm/v3/annotation/pharokka_out/per_genome_gff/ntm3_0_0236_ANCESTRAL.gff	255
ntm3_0_0237_ANCESTRAL	/mnt/nvme3n1/erikg/phind-genome-work/ntm/v3/annotation/pharokka_out/per_genome_gff/ntm3_0_0237_ANCESTRAL.gff	278
ntm3_0_0238_ANCESTRAL	/mnt/nvme3n1/erikg/phind-genome-work/ntm/v3/annotation/pharokka_out/per_genome_gff/ntm3_0_0238_ANCESTRAL.gff	260
ntm3_0_0239_ANCESTRAL	/mnt/nvme3n1/erikg/phind-genome-work/ntm/v3/annotation/pharokka_out/per_genome_gff/ntm3_0_0239_ANCESTRAL.gff	348
ntm3_0_0240_ANCESTRAL	/mnt/nvme3n1/erikg/phind-genome-work/ntm/v3/annotation/pharokka_out/per_genome_gff/ntm3_0_0240_ANCESTRAL.gff	366
ntm3_0_0241_ANCESTRAL	/mnt/nvme3n1/erikg/phind-genome-work/ntm/v3/annotation/pharokka_out/per_genome_gff/ntm3_0_0241_ANCESTRAL.gff	334
ntm3_0_0242_ANCESTRAL	/mnt/nvme3n1/erikg/phind-genome-work/ntm/v3/annotation/pharokka_out/per_genome_gff/ntm3_0_0242_ANCESTRAL.gff	69
ntm3_0_0243_ANCESTRAL	/mnt/nvme3n1/erikg/phind-genome-work/ntm/v3/annotation/pharokka_out/per_genome_gff/ntm3_0_0243_ANCESTRAL.gff	282
ntm3_0_0244_ANCESTRAL	/mnt/nvme3n1/erikg/phind-genome-work/ntm/v3/annotation/pharokka_out/per_genome_gff/ntm3_0_0244_ANCESTRAL.gff	310
ntm3_0_0245_ANCESTRAL	/mnt/nvme3n1/erikg/phind-genome-work/ntm/v3/annotation/pharokka_out/per_genome_gff/ntm3_0_0245_ANCESTRAL.gff	256
ntm3_0_0246_ANCESTRAL	/mnt/nvme3n1/erikg/phind-genome-work/ntm/v3/annotation/pharokka_out/per_genome_gff/ntm3_0_0246_ANCESTRAL.gff	320
ntm3_0_0247_ANCESTRAL	/mnt/nvme3n1/erikg/phind-genome-work/ntm/v3/annotation/pharokka_out/per_genome_gff/ntm3_0_0247_ANCESTRAL.gff	306
ntm3_0_0248_ANCESTRAL	/mnt/nvme3n1/erikg/phind-genome-work/ntm/v3/annotation/pharokka_out/per_genome_gff/ntm3_0_0248_ANCESTRAL.gff	312
ntm3_0_0249_ANCESTRAL	/mnt/nvme3n1/erikg/phind-genome-work/ntm/v3/annotation/pharokka_out/per_genome_gff/ntm3_0_0249_ANCESTRAL.gff	318
ntm3_0_0250_ANCESTRAL	/mnt/nvme3n1/erikg/phind-genome-work/ntm/v3/annotation/pharokka_out/per_genome_gff/ntm3_0_0250_ANCESTRAL.gff	286
ntm3_0_0251_ANCESTRAL	/mnt/nvme3n1/erikg/phind-genome-work/ntm/v3/annotation/pharokka_out/per_genome_gff/ntm3_0_0251_ANCESTRAL.gff	335
ntm3_0_0252_ANCESTRAL	/mnt/nvme3n1/erikg/phind-genome-work/ntm/v3/annotation/pharokka_out/per_genome_gff/ntm3_0_0252_ANCESTRAL.gff	280
ntm3_0_0253_ANCESTRAL	/mnt/nvme3n1/erikg/phind-genome-work/ntm/v3/annotation/pharokka_out/per_genome_gff/ntm3_0_0253_ANCESTRAL.gff	282
ntm3_0_0254_ANCESTRAL	/mnt/nvme3n1/erikg/phind-genome-work/ntm/v3/annotation/pharokka_out/per_genome_gff/ntm3_0_0254_ANCESTRAL.gff	205
ntm3_0_0255_ANCESTRAL	/mnt/nvme3n1/erikg/phind-genome-work/ntm/v3/annotation/pharokka_out/per_genome_gff/ntm3_0_0255_ANCESTRAL.gff	232
ntm3_0_0256_ANCESTRAL	/mnt/nvme3n1/erikg/phind-genome-work/ntm/v3/annotation/pharokka_out/per_genome_gff/ntm3_0_0256_ANCESTRAL.gff	211
ntm3_0_0257_ANCESTRAL	/mnt/nvme3n1/erikg/phind-genome-work/ntm/v3/annotation/pharokka_out/per_genome_gff/ntm3_0_0257_ANCESTRAL.gff	248
ntm3_0_0258_ANCESTRAL	/mnt/nvme3n1/erikg/phind-genome-work/ntm/v3/annotation/pharokka_out/per_genome_gff/ntm3_0_0258_ANCESTRAL.gff	264
ntm3_0_0259_ANCESTRAL	/mnt/nvme3n1/erikg/phind-genome-work/ntm/v3/annotation/pharokka_out/per_genome_gff/ntm3_0_0259_ANCESTRAL.gff	293
ntm3_0_0261_ANCESTRAL	/mnt/nvme3n1/erikg/phind-genome-work/ntm/v3/annotation/pharokka_out/per_genome_gff/ntm3_0_0261_ANCESTRAL.gff	267
ntm3_0_0262_ANCESTRAL	/mnt/nvme3n1/erikg/phind-genome-work/ntm/v3/annotation/pharokka_out/per_genome_gff/ntm3_0_0262_ANCESTRAL.gff	31
ntm3_0_0263_ANCESTRAL	/mnt/nvme3n1/erikg/phind-genome-work/ntm/v3/annotation/pharokka_out/per_genome_gff/ntm3_0_0263_ANCESTRAL.gff	275
ntm3_0_0264_ANCESTRAL	/mnt/nvme3n1/erikg/phind-genome-work/ntm/v3/annotation/pharokka_out/per_genome_gff/ntm3_0_0264_ANCESTRAL.gff	41
ntm3_0_0265_ANCESTRAL	/mnt/nvme3n1/erikg/phind-genome-work/ntm/v3/annotation/pharokka_out/per_genome_gff/ntm3_0_0265_ANCESTRAL.gff	261
ntm3_0_0266_ANCESTRAL	/mnt/nvme3n1/erikg/phind-genome-work/ntm/v3/annotation/pharokka_out/per_genome_gff/ntm3_0_0266_ANCESTRAL.gff	282
ntm3_0_0267_ANCESTRAL	/mnt/nvme3n1/erikg/phind-genome-work/ntm/v3/annotation/pharokka_out/per_genome_gff/ntm3_0_0267_ANCESTRAL.gff	35
ntm3_0_0268_ANCESTRAL	/mnt/nvme3n1/erikg/phind-genome-work/ntm/v3/annotation/pharokka_out/per_genome_gff/ntm3_0_0268_ANCESTRAL.gff	138
ntm3_0_0269_ANCESTRAL	/mnt/nvme3n1/erikg/phind-genome-work/ntm/v3/annotation/pharokka_out/per_genome_gff/ntm3_0_0269_ANCESTRAL.gff	305
ntm3_0_0270_ANCESTRAL	/mnt/nvme3n1/erikg/phind-genome-work/ntm/v3/annotation/pharokka_out/per_genome_gff/ntm3_0_0270_ANCESTRAL.gff	325
ntm3_0_0271_ANCESTRAL	/mnt/nvme3n1/erikg/phind-genome-work/ntm/v3/annotation/pharokka_out/per_genome_gff/ntm3_0_0271_ANCESTRAL.gff	298
ntm3_0_0272_ANCESTRAL	/mnt/nvme3n1/erikg/phind-genome-work/ntm/v3/annotation/pharokka_out/per_genome_gff/ntm3_0_0272_ANCESTRAL.gff	326
ntm3_0_0273_ANCESTRAL	/mnt/nvme3n1/erikg/phind-genome-work/ntm/v3/annotation/pharokka_out/per_genome_gff/ntm3_0_0273_ANCESTRAL.gff	301
ntm3_0_0274_ANCESTRAL	/mnt/nvme3n1/erikg/phind-genome-work/ntm/v3/annotation/pharokka_out/per_genome_gff/ntm3_0_0274_ANCESTRAL.gff	346
ntm3_0_0275_ANCESTRAL	/mnt/nvme3n1/erikg/phind-genome-work/ntm/v3/annotation/pharokka_out/per_genome_gff/ntm3_0_0275_ANCESTRAL.gff	7
ntm3_0_0276_ANCESTRAL	/mnt/nvme3n1/erikg/phind-genome-work/ntm/v3/annotation/pharokka_out/per_genome_gff/ntm3_0_0276_ANCESTRAL.gff	277
ntm3_0_0277_ANCESTRAL	/mnt/nvme3n1/erikg/phind-genome-work/ntm/v3/annotation/pharokka_out/per_genome_gff/ntm3_0_0277_ANCESTRAL.gff	315
ntm3_0_0279_ANCESTRAL	/mnt/nvme3n1/erikg/phind-genome-work/ntm/v3/annotation/pharokka_out/per_genome_gff/ntm3_0_0279_ANCESTRAL.gff	275
ntm3_0_0280_ANCESTRAL	/mnt/nvme3n1/erikg/phind-genome-work/ntm/v3/annotation/pharokka_out/per_genome_gff/ntm3_0_0280_ANCESTRAL.gff	112
ntm3_0_0281_ANCESTRAL	/mnt/nvme3n1/erikg/phind-genome-work/ntm/v3/annotation/pharokka_out/per_genome_gff/ntm3_0_0281_ANCESTRAL.gff	343
ntm3_0_0282_ANCESTRAL	/mnt/nvme3n1/erikg/phind-genome-work/ntm/v3/annotation/pharokka_out/per_genome_gff/ntm3_0_0282_ANCESTRAL.gff	49
ntm3_0_0283_ANCESTRAL	/mnt/nvme3n1/erikg/phind-genome-work/ntm/v3/annotation/pharokka_out/per_genome_gff/ntm3_0_0283_ANCESTRAL.gff	300
ntm3_0_0284_ANCESTRAL	/mnt/nvme3n1/erikg/phind-genome-work/ntm/v3/annotation/pharokka_out/per_genome_gff/ntm3_0_0284_ANCESTRAL.gff	354
ntm3_0_0285_ANCESTRAL	/mnt/nvme3n1/erikg/phind-genome-work/ntm/v3/annotation/pharokka_out/per_genome_gff/ntm3_0_0285_ANCESTRAL.gff	90
ntm3_0_0286_ANCESTRAL	/mnt/nvme3n1/erikg/phind-genome-work/ntm/v3/annotation/pharokka_out/per_genome_gff/ntm3_0_0286_ANCESTRAL.gff	9
ntm3_0_0287_ANCESTRAL	/mnt/nvme3n1/erikg/phind-genome-work/ntm/v3/annotation/pharokka_out/per_genome_gff/ntm3_0_0287_ANCESTRAL.gff	260
ntm3_0_0288_ANCESTRAL	/mnt/nvme3n1/erikg/phind-genome-work/ntm/v3/annotation/pharokka_out/per_genome_gff/ntm3_0_0288_ANCESTRAL.gff	15
ntm3_0_0289_ANCESTRAL	/mnt/nvme3n1/erikg/phind-genome-work/ntm/v3/annotation/pharokka_out/per_genome_gff/ntm3_0_0289_ANCESTRAL.gff	299
ntm3_0_0290_ANCESTRAL	/mnt/nvme3n1/erikg/phind-genome-work/ntm/v3/annotation/pharokka_out/per_genome_gff/ntm3_0_0290_ANCESTRAL.gff	260
ntm3_0_0291_ANCESTRAL	/mnt/nvme3n1/erikg/phind-genome-work/ntm/v3/annotation/pharokka_out/per_genome_gff/ntm3_0_0291_ANCESTRAL.gff	280
ntm3_0_0292_ANCESTRAL	/mnt/nvme3n1/erikg/phind-genome-work/ntm/v3/annotation/pharokka_out/per_genome_gff/ntm3_0_0292_ANCESTRAL.gff	132
ntm3_0_0293_ANCESTRAL	/mnt/nvme3n1/erikg/phind-genome-work/ntm/v3/annotation/pharokka_out/per_genome_gff/ntm3_0_0293_ANCESTRAL.gff	334
ntm3_0_0294_ANCESTRAL	/mnt/nvme3n1/erikg/phind-genome-work/ntm/v3/annotation/pharokka_out/per_genome_gff/ntm3_0_0294_ANCESTRAL.gff	314
ntm3_0_0295_ANCESTRAL	/mnt/nvme3n1/erikg/phind-genome-work/ntm/v3/annotation/pharokka_out/per_genome_gff/ntm3_0_0295_ANCESTRAL.gff	313
ntm3_0_0296_ANCESTRAL	/mnt/nvme3n1/erikg/phind-genome-work/ntm/v3/annotation/pharokka_out/per_genome_gff/ntm3_0_0296_ANCESTRAL.gff	4
ntm3_0_0298_ANCESTRAL	/mnt/nvme3n1/erikg/phind-genome-work/ntm/v3/annotation/pharokka_out/per_genome_gff/ntm3_0_0298_ANCESTRAL.gff	278
ntm3_0_0299_ANCESTRAL	/mnt/nvme3n1/erikg/phind-genome-work/ntm/v3/annotation/pharokka_out/per_genome_gff/ntm3_0_0299_ANCESTRAL.gff	291
ntm3_0_0300_ANCESTRAL	/mnt/nvme3n1/erikg/phind-genome-work/ntm/v3/annotation/pharokka_out/per_genome_gff/ntm3_0_0300_ANCESTRAL.gff	220
ntm3_0_0301_ANCESTRAL	/mnt/nvme3n1/erikg/phind-genome-work/ntm/v3/annotation/pharokka_out/per_genome_gff/ntm3_0_0301_ANCESTRAL.gff	303
ntm3_0_0302_ANCESTRAL	/mnt/nvme3n1/erikg/phind-genome-work/ntm/v3/annotation/pharokka_out/per_genome_gff/ntm3_0_0302_ANCESTRAL.gff	13
ntm3_0_0303_ANCESTRAL	/mnt/nvme3n1/erikg/phind-genome-work/ntm/v3/annotation/pharokka_out/per_genome_gff/ntm3_0_0303_ANCESTRAL.gff	7
ntm3_0_0304_ANCESTRAL	/mnt/nvme3n1/erikg/phind-genome-work/ntm/v3/annotation/pharokka_out/per_genome_gff/ntm3_0_0304_ANCESTRAL.gff	265
ntm3_0_0305_ANCESTRAL	/mnt/nvme3n1/erikg/phind-genome-work/ntm/v3/annotation/pharokka_out/per_genome_gff/ntm3_0_0305_ANCESTRAL.gff	247
ntm3_0_0306_ANCESTRAL	/mnt/nvme3n1/erikg/phind-genome-work/ntm/v3/annotation/pharokka_out/per_genome_gff/ntm3_0_0306_ANCESTRAL.gff	279
ntm3_0_0307_ANCESTRAL	/mnt/nvme3n1/erikg/phind-genome-work/ntm/v3/annotation/pharokka_out/per_genome_gff/ntm3_0_0307_ANCESTRAL.gff	291
ntm3_0_0308_ANCESTRAL	/mnt/nvme3n1/erikg/phind-genome-work/ntm/v3/annotation/pharokka_out/per_genome_gff/ntm3_0_0308_ANCESTRAL.gff	278
ntm3_0_0309_ANCESTRAL	/mnt/nvme3n1/erikg/phind-genome-work/ntm/v3/annotation/pharokka_out/per_genome_gff/ntm3_0_0309_ANCESTRAL.gff	294
ntm3_0_0310_ANCESTRAL	/mnt/nvme3n1/erikg/phind-genome-work/ntm/v3/annotation/pharokka_out/per_genome_gff/ntm3_0_0310_ANCESTRAL.gff	286
ntm3_0_0311_ANCESTRAL	/mnt/nvme3n1/erikg/phind-genome-work/ntm/v3/annotation/pharokka_out/per_genome_gff/ntm3_0_0311_ANCESTRAL.gff	36
ntm3_0_0312_ANCESTRAL	/mnt/nvme3n1/erikg/phind-genome-work/ntm/v3/annotation/pharokka_out/per_genome_gff/ntm3_0_0312_ANCESTRAL.gff	44
ntm3_0_0313_ANCESTRAL	/mnt/nvme3n1/erikg/phind-genome-work/ntm/v3/annotation/pharokka_out/per_genome_gff/ntm3_0_0313_ANCESTRAL.gff	270
ntm3_0_0315_ANCESTRAL	/mnt/nvme3n1/erikg/phind-genome-work/ntm/v3/annotation/pharokka_out/per_genome_gff/ntm3_0_0315_ANCESTRAL.gff	69
ntm3_0_0316_ANCESTRAL	/mnt/nvme3n1/erikg/phind-genome-work/ntm/v3/annotation/pharokka_out/per_genome_gff/ntm3_0_0316_ANCESTRAL.gff	192
ntm3_0_0317_ANCESTRAL	/mnt/nvme3n1/erikg/phind-genome-work/ntm/v3/annotation/pharokka_out/per_genome_gff/ntm3_0_0317_ANCESTRAL.gff	256
ntm3_0_0318_ANCESTRAL	/mnt/nvme3n1/erikg/phind-genome-work/ntm/v3/annotation/pharokka_out/per_genome_gff/ntm3_0_0318_ANCESTRAL.gff	265
ntm3_0_0319_ANCESTRAL	/mnt/nvme3n1/erikg/phind-genome-work/ntm/v3/annotation/pharokka_out/per_genome_gff/ntm3_0_0319_ANCESTRAL.gff	293
ntm3_0_0320_ANCESTRAL	/mnt/nvme3n1/erikg/phind-genome-work/ntm/v3/annotation/pharokka_out/per_genome_gff/ntm3_0_0320_ANCESTRAL.gff	160
ntm3_0_0321_ANCESTRAL	/mnt/nvme3n1/erikg/phind-genome-work/ntm/v3/annotation/pharokka_out/per_genome_gff/ntm3_0_0321_ANCESTRAL.gff	151
ntm3_0_0322_ANCESTRAL	/mnt/nvme3n1/erikg/phind-genome-work/ntm/v3/annotation/pharokka_out/per_genome_gff/ntm3_0_0322_ANCESTRAL.gff	279
ntm3_0_0323_ANCESTRAL	/mnt/nvme3n1/erikg/phind-genome-work/ntm/v3/annotation/pharokka_out/per_genome_gff/ntm3_0_0323_ANCESTRAL.gff	296
ntm3_0_0324_ANCESTRAL	/mnt/nvme3n1/erikg/phind-genome-work/ntm/v3/annotation/pharokka_out/per_genome_gff/ntm3_0_0324_ANCESTRAL.gff	45
ntm3_0_0325_ANCESTRAL	/mnt/nvme3n1/erikg/phind-genome-work/ntm/v3/annotation/pharokka_out/per_genome_gff/ntm3_0_0325_ANCESTRAL.gff	326
ntm3_0_0326_ANCESTRAL	/mnt/nvme3n1/erikg/phind-genome-work/ntm/v3/annotation/pharokka_out/per_genome_gff/ntm3_0_0326_ANCESTRAL.gff	287
ntm3_0_0327_ANCESTRAL	/mnt/nvme3n1/erikg/phind-genome-work/ntm/v3/annotation/pharokka_out/per_genome_gff/ntm3_0_0327_ANCESTRAL.gff	4
ntm3_0_0328_ANCESTRAL	/mnt/nvme3n1/erikg/phind-genome-work/ntm/v3/annotation/pharokka_out/per_genome_gff/ntm3_0_0328_ANCESTRAL.gff	7
ntm3_0_0329_ANCESTRAL	/mnt/nvme3n1/erikg/phind-genome-work/ntm/v3/annotation/pharokka_out/per_genome_gff/ntm3_0_0329_ANCESTRAL.gff	57
ntm3_0_0330_ANCESTRAL	/mnt/nvme3n1/erikg/phind-genome-work/ntm/v3/annotation/pharokka_out/per_genome_gff/ntm3_0_0330_ANCESTRAL.gff	32
ntm3_0_0331_ANCESTRAL	/mnt/nvme3n1/erikg/phind-genome-work/ntm/v3/annotation/pharokka_out/per_genome_gff/ntm3_0_0331_ANCESTRAL.gff	241
ntm3_0_0332_ANCESTRAL	/mnt/nvme3n1/erikg/phind-genome-work/ntm/v3/annotation/pharokka_out/per_genome_gff/ntm3_0_0332_ANCESTRAL.gff	222
ntm3_0_0333_ANCESTRAL	/mnt/nvme3n1/erikg/phind-genome-work/ntm/v3/annotation/pharokka_out/per_genome_gff/ntm3_0_0333_ANCESTRAL.gff	158
ntm3_0_0334_ANCESTRAL	/mnt/nvme3n1/erikg/phind-genome-work/ntm/v3/annotation/pharokka_out/per_genome_gff/ntm3_0_0334_ANCESTRAL.gff	305
ntm3_0_0335_ANCESTRAL	/mnt/nvme3n1/erikg/phind-genome-work/ntm/v3/annotation/pharokka_out/per_genome_gff/ntm3_0_0335_ANCESTRAL.gff	237
ntm3_0_0336_ANCESTRAL	/mnt/nvme3n1/erikg/phind-genome-work/ntm/v3/annotation/pharokka_out/per_genome_gff/ntm3_0_0336_ANCESTRAL.gff	244
ntm3_0_0337_ANCESTRAL	/mnt/nvme3n1/erikg/phind-genome-work/ntm/v3/annotation/pharokka_out/per_genome_gff/ntm3_0_0337_ANCESTRAL.gff	332
ntm3_0_0338_ANCESTRAL	/mnt/nvme3n1/erikg/phind-genome-work/ntm/v3/annotation/pharokka_out/per_genome_gff/ntm3_0_0338_ANCESTRAL.gff	275
ntm3_0_0339_ANCESTRAL	/mnt/nvme3n1/erikg/phind-genome-work/ntm/v3/annotation/pharokka_out/per_genome_gff/ntm3_0_0339_ANCESTRAL.gff	283
ntm3_0_0340_ANCESTRAL	/mnt/nvme3n1/erikg/phind-genome-work/ntm/v3/annotation/pharokka_out/per_genome_gff/ntm3_0_0340_ANCESTRAL.gff	310
ntm3_0_0341_ANCESTRAL	/mnt/nvme3n1/erikg/phind-genome-work/ntm/v3/annotation/pharokka_out/per_genome_gff/ntm3_0_0341_ANCESTRAL.gff	289
ntm3_0_0342_ANCESTRAL	/mnt/nvme3n1/erikg/phind-genome-work/ntm/v3/annotation/pharokka_out/per_genome_gff/ntm3_0_0342_ANCESTRAL.gff	262
ntm3_0_0343_ANCESTRAL	/mnt/nvme3n1/erikg/phind-genome-work/ntm/v3/annotation/pharokka_out/per_genome_gff/ntm3_0_0343_ANCESTRAL.gff	291
ntm3_0_0344_ANCESTRAL	/mnt/nvme3n1/erikg/phind-genome-work/ntm/v3/annotation/pharokka_out/per_genome_gff/ntm3_0_0344_ANCESTRAL.gff	286
ntm3_0_0345_ANCESTRAL	/mnt/nvme3n1/erikg/phind-genome-work/ntm/v3/annotation/pharokka_out/per_genome_gff/ntm3_0_0345_ANCESTRAL.gff	54
ntm3_0_0346_ANCESTRAL	/mnt/nvme3n1/erikg/phind-genome-work/ntm/v3/annotation/pharokka_out/per_genome_gff/ntm3_0_0346_ANCESTRAL.gff	246
ntm3_0_0347_ANCESTRAL	/mnt/nvme3n1/erikg/phind-genome-work/ntm/v3/annotation/pharokka_out/per_genome_gff/ntm3_0_0347_ANCESTRAL.gff	271
ntm3_0_0348_ANCESTRAL	/mnt/nvme3n1/erikg/phind-genome-work/ntm/v3/annotation/pharokka_out/per_genome_gff/ntm3_0_0348_ANCESTRAL.gff	288
ntm3_0_0349_ANCESTRAL	/mnt/nvme3n1/erikg/phind-genome-work/ntm/v3/annotation/pharokka_out/per_genome_gff/ntm3_0_0349_ANCESTRAL.gff	254
ntm3_0_0350_ANCESTRAL	/mnt/nvme3n1/erikg/phind-genome-work/ntm/v3/annotation/pharokka_out/per_genome_gff/ntm3_0_0350_ANCESTRAL.gff	32
ntm3_0_0352_ANCESTRAL	/mnt/nvme3n1/erikg/phind-genome-work/ntm/v3/annotation/pharokka_out/per_genome_gff/ntm3_0_0352_ANCESTRAL.gff	286
ntm3_0_0353_ANCESTRAL	/mnt/nvme3n1/erikg/phind-genome-work/ntm/v3/annotation/pharokka_out/per_genome_gff/ntm3_0_0353_ANCESTRAL.gff	57
ntm3_0_0354_ANCESTRAL	/mnt/nvme3n1/erikg/phind-genome-work/ntm/v3/annotation/pharokka_out/per_genome_gff/ntm3_0_0354_ANCESTRAL.gff	252
ntm3_0_0355_ANCESTRAL	/mnt/nvme3n1/erikg/phind-genome-work/ntm/v3/annotation/pharokka_out/per_genome_gff/ntm3_0_0355_ANCESTRAL.gff	243
ntm3_0_0356_ANCESTRAL	/mnt/nvme3n1/erikg/phind-genome-work/ntm/v3/annotation/pharokka_out/per_genome_gff/ntm3_0_0356_ANCESTRAL.gff	252
ntm3_0_0358_ANCESTRAL	/mnt/nvme3n1/erikg/phind-genome-work/ntm/v3/annotation/pharokka_out/per_genome_gff/ntm3_0_0358_ANCESTRAL.gff	90
ntm3_0_0359_ANCESTRAL	/mnt/nvme3n1/erikg/phind-genome-work/ntm/v3/annotation/pharokka_out/per_genome_gff/ntm3_0_0359_ANCESTRAL.gff	358
ntm3_0_0360_ANCESTRAL	/mnt/nvme3n1/erikg/phind-genome-work/ntm/v3/annotation/pharokka_out/per_genome_gff/ntm3_0_0360_ANCESTRAL.gff	267
ntm3_0_0361_ANCESTRAL	/mnt/nvme3n1/erikg/phind-genome-work/ntm/v3/annotation/pharokka_out/per_genome_gff/ntm3_0_0361_ANCESTRAL.gff	136
ntm3_0_0362_ANCESTRAL	/mnt/nvme3n1/erikg/phind-genome-work/ntm/v3/annotation/pharokka_out/per_genome_gff/ntm3_0_0362_ANCESTRAL.gff	263
ntm3_0_0363_ANCESTRAL	/mnt/nvme3n1/erikg/phind-genome-work/ntm/v3/annotation/pharokka_out/per_genome_gff/ntm3_0_0363_ANCESTRAL.gff	282
ntm3_0_0364_ANCESTRAL	/mnt/nvme3n1/erikg/phind-genome-work/ntm/v3/annotation/pharokka_out/per_genome_gff/ntm3_0_0364_ANCESTRAL.gff	352
ntm3_0_0365_ANCESTRAL	/mnt/nvme3n1/erikg/phind-genome-work/ntm/v3/annotation/pharokka_out/per_genome_gff/ntm3_0_0365_ANCESTRAL.gff	260
ntm3_0_0366_ANCESTRAL	/mnt/nvme3n1/erikg/phind-genome-work/ntm/v3/annotation/pharokka_out/per_genome_gff/ntm3_0_0366_ANCESTRAL.gff	12
ntm3_0_0367_ANCESTRAL	/mnt/nvme3n1/erikg/phind-genome-work/ntm/v3/annotation/pharokka_out/per_genome_gff/ntm3_0_0367_ANCESTRAL.gff	257
ntm3_0_0368_ANCESTRAL	/mnt/nvme3n1/erikg/phind-genome-work/ntm/v3/annotation/pharokka_out/per_genome_gff/ntm3_0_0368_ANCESTRAL.gff	312
ntm3_0_0369_ANCESTRAL	/mnt/nvme3n1/erikg/phind-genome-work/ntm/v3/annotation/pharokka_out/per_genome_gff/ntm3_0_0369_ANCESTRAL.gff	280
ntm3_0_0371_ANCESTRAL	/mnt/nvme3n1/erikg/phind-genome-work/ntm/v3/annotation/pharokka_out/per_genome_gff/ntm3_0_0371_ANCESTRAL.gff	175
ntm3_0_0372_ANCESTRAL	/mnt/nvme3n1/erikg/phind-genome-work/ntm/v3/annotation/pharokka_out/per_genome_gff/ntm3_0_0372_ANCESTRAL.gff	267
ntm3_0_0373_ANCESTRAL	/mnt/nvme3n1/erikg/phind-genome-work/ntm/v3/annotation/pharokka_out/per_genome_gff/ntm3_0_0373_ANCESTRAL.gff	244
ntm3_0_0375_ANCESTRAL	/mnt/nvme3n1/erikg/phind-genome-work/ntm/v3/annotation/pharokka_out/per_genome_gff/ntm3_0_0375_ANCESTRAL.gff	4
ntm3_0_0376_ANCESTRAL	/mnt/nvme3n1/erikg/phind-genome-work/ntm/v3/annotation/pharokka_out/per_genome_gff/ntm3_0_0376_ANCESTRAL.gff	222
ntm3_0_0377_ANCESTRAL	/mnt/nvme3n1/erikg/phind-genome-work/ntm/v3/annotation/pharokka_out/per_genome_gff/ntm3_0_0377_ANCESTRAL.gff	193
ntm3_0_0378_ANCESTRAL	/mnt/nvme3n1/erikg/phind-genome-work/ntm/v3/annotation/pharokka_out/per_genome_gff/ntm3_0_0378_ANCESTRAL.gff	8
ntm3_0_0379_ANCESTRAL	/mnt/nvme3n1/erikg/phind-genome-work/ntm/v3/annotation/pharokka_out/per_genome_gff/ntm3_0_0379_ANCESTRAL.gff	28
ntm3_0_0380_ANCESTRAL	/mnt/nvme3n1/erikg/phind-genome-work/ntm/v3/annotation/pharokka_out/per_genome_gff/ntm3_0_0380_ANCESTRAL.gff	280
ntm3_0_0381_ANCESTRAL	/mnt/nvme3n1/erikg/phind-genome-work/ntm/v3/annotation/pharokka_out/per_genome_gff/ntm3_0_0381_ANCESTRAL.gff	302
ntm3_0_0382_ANCESTRAL	/mnt/nvme3n1/erikg/phind-genome-work/ntm/v3/annotation/pharokka_out/per_genome_gff/ntm3_0_0382_ANCESTRAL.gff	297
ntm3_0_0383_ANCESTRAL	/mnt/nvme3n1/erikg/phind-genome-work/ntm/v3/annotation/pharokka_out/per_genome_gff/ntm3_0_0383_ANCESTRAL.gff	2
ntm3_0_0384_ANCESTRAL	/mnt/nvme3n1/erikg/phind-genome-work/ntm/v3/annotation/pharokka_out/per_genome_gff/ntm3_0_0384_ANCESTRAL.gff	90
ntm3_0_0385_ANCESTRAL	/mnt/nvme3n1/erikg/phind-genome-work/ntm/v3/annotation/pharokka_out/per_genome_gff/ntm3_0_0385_ANCESTRAL.gff	54
ntm3_0_0386_ANCESTRAL	/mnt/nvme3n1/erikg/phind-genome-work/ntm/v3/annotation/pharokka_out/per_genome_gff/ntm3_0_0386_ANCESTRAL.gff	49
ntm3_0_0387_ANCESTRAL	/mnt/nvme3n1/erikg/phind-genome-work/ntm/v3/annotation/pharokka_out/per_genome_gff/ntm3_0_0387_ANCESTRAL.gff	242
ntm3_0_0388_ANCESTRAL	/mnt/nvme3n1/erikg/phind-genome-work/ntm/v3/annotation/pharokka_out/per_genome_gff/ntm3_0_0388_ANCESTRAL.gff	328
ntm3_0_0389_ANCESTRAL	/mnt/nvme3n1/erikg/phind-genome-work/ntm/v3/annotation/pharokka_out/per_genome_gff/ntm3_0_0389_ANCESTRAL.gff	275
ntm3_0_0390_ANCESTRAL	/mnt/nvme3n1/erikg/phind-genome-work/ntm/v3/annotation/pharokka_out/per_genome_gff/ntm3_0_0390_ANCESTRAL.gff	36
ntm3_0_0391_ANCESTRAL	/mnt/nvme3n1/erikg/phind-genome-work/ntm/v3/annotation/pharokka_out/per_genome_gff/ntm3_0_0391_ANCESTRAL.gff	287
ntm3_0_0392_ANCESTRAL	/mnt/nvme3n1/erikg/phind-genome-work/ntm/v3/annotation/pharokka_out/per_genome_gff/ntm3_0_0392_ANCESTRAL.gff	260
ntm3_0_0393_ANCESTRAL	/mnt/nvme3n1/erikg/phind-genome-work/ntm/v3/annotation/pharokka_out/per_genome_gff/ntm3_0_0393_ANCESTRAL.gff	34
ntm3_0_0394_ANCESTRAL	/mnt/nvme3n1/erikg/phind-genome-work/ntm/v3/annotation/pharokka_out/per_genome_gff/ntm3_0_0394_ANCESTRAL.gff	224
ntm3_0_0395_ANCESTRAL	/mnt/nvme3n1/erikg/phind-genome-work/ntm/v3/annotation/pharokka_out/per_genome_gff/ntm3_0_0395_ANCESTRAL.gff	39
ntm3_0_0396_ANCESTRAL	/mnt/nvme3n1/erikg/phind-genome-work/ntm/v3/annotation/pharokka_out/per_genome_gff/ntm3_0_0396_ANCESTRAL.gff	37
ntm3_0_0397_ANCESTRAL	/mnt/nvme3n1/erikg/phind-genome-work/ntm/v3/annotation/pharokka_out/per_genome_gff/ntm3_0_0397_ANCESTRAL.gff	361
ntm3_0_0398_ANCESTRAL	/mnt/nvme3n1/erikg/phind-genome-work/ntm/v3/annotation/pharokka_out/per_genome_gff/ntm3_0_0398_ANCESTRAL.gff	292
ntm3_0_0399_ANCESTRAL	/mnt/nvme3n1/erikg/phind-genome-work/ntm/v3/annotation/pharokka_out/per_genome_gff/ntm3_0_0399_ANCESTRAL.gff	323
ntm3_0_0400_ANCESTRAL	/mnt/nvme3n1/erikg/phind-genome-work/ntm/v3/annotation/pharokka_out/per_genome_gff/ntm3_0_0400_ANCESTRAL.gff	267
ntm3_0_0401_ANCESTRAL	/mnt/nvme3n1/erikg/phind-genome-work/ntm/v3/annotation/pharokka_out/per_genome_gff/ntm3_0_0401_ANCESTRAL.gff	250
ntm3_0_0402_ANCESTRAL	/mnt/nvme3n1/erikg/phind-genome-work/ntm/v3/annotation/pharokka_out/per_genome_gff/ntm3_0_0402_ANCESTRAL.gff	2
ntm3_0_0403_ANCESTRAL	/mnt/nvme3n1/erikg/phind-genome-work/ntm/v3/annotation/pharokka_out/per_genome_gff/ntm3_0_0403_ANCESTRAL.gff	318
ntm3_0_0404_ANCESTRAL	/mnt/nvme3n1/erikg/phind-genome-work/ntm/v3/annotation/pharokka_out/per_genome_gff/ntm3_0_0404_ANCESTRAL.gff	35
ntm3_0_0405_ANCESTRAL	/mnt/nvme3n1/erikg/phind-genome-work/ntm/v3/annotation/pharokka_out/per_genome_gff/ntm3_0_0405_ANCESTRAL.gff	63
ntm3_0_0406_ANCESTRAL	/mnt/nvme3n1/erikg/phind-genome-work/ntm/v3/annotation/pharokka_out/per_genome_gff/ntm3_0_0406_ANCESTRAL.gff	74
ntm3_0_0407_ANCESTRAL	/mnt/nvme3n1/erikg/phind-genome-work/ntm/v3/annotation/pharokka_out/per_genome_gff/ntm3_0_0407_ANCESTRAL.gff	345
ntm3_0_0409_ANCESTRAL	/mnt/nvme3n1/erikg/phind-genome-work/ntm/v3/annotation/pharokka_out/per_genome_gff/ntm3_0_0409_ANCESTRAL.gff	315
ntm3_0_0410_ANCESTRAL	/mnt/nvme3n1/erikg/phind-genome-work/ntm/v3/annotation/pharokka_out/per_genome_gff/ntm3_0_0410_ANCESTRAL.gff	274
ntm3_0_0411_ANCESTRAL	/mnt/nvme3n1/erikg/phind-genome-work/ntm/v3/annotation/pharokka_out/per_genome_gff/ntm3_0_0411_ANCESTRAL.gff	339
ntm3_0_0412_ANCESTRAL	/mnt/nvme3n1/erikg/phind-genome-work/ntm/v3/annotation/pharokka_out/per_genome_gff/ntm3_0_0412_ANCESTRAL.gff	247
ntm3_0_0413_ANCESTRAL	/mnt/nvme3n1/erikg/phind-genome-work/ntm/v3/annotation/pharokka_out/per_genome_gff/ntm3_0_0413_ANCESTRAL.gff	271
ntm3_0_0414_ANCESTRAL	/mnt/nvme3n1/erikg/phind-genome-work/ntm/v3/annotation/pharokka_out/per_genome_gff/ntm3_0_0414_ANCESTRAL.gff	291
ntm3_0_0415_ANCESTRAL	/mnt/nvme3n1/erikg/phind-genome-work/ntm/v3/annotation/pharokka_out/per_genome_gff/ntm3_0_0415_ANCESTRAL.gff	66
ntm3_0_0417_ANCESTRAL	/mnt/nvme3n1/erikg/phind-genome-work/ntm/v3/annotation/pharokka_out/per_genome_gff/ntm3_0_0417_ANCESTRAL.gff	47
ntm3_0_0418_ANCESTRAL	/mnt/nvme3n1/erikg/phind-genome-work/ntm/v3/annotation/pharokka_out/per_genome_gff/ntm3_0_0418_ANCESTRAL.gff	290
ntm3_0_0419_ANCESTRAL	/mnt/nvme3n1/erikg/phind-genome-work/ntm/v3/annotation/pharokka_out/per_genome_gff/ntm3_0_0419_ANCESTRAL.gff	49
ntm3_0_0421_ANCESTRAL	/mnt/nvme3n1/erikg/phind-genome-work/ntm/v3/annotation/pharokka_out/per_genome_gff/ntm3_0_0421_ANCESTRAL.gff	42
ntm3_0_0422_ANCESTRAL	/mnt/nvme3n1/erikg/phind-genome-work/ntm/v3/annotation/pharokka_out/per_genome_gff/ntm3_0_0422_ANCESTRAL.gff	34
ntm3_0_0423_ANCESTRAL	/mnt/nvme3n1/erikg/phind-genome-work/ntm/v3/annotation/pharokka_out/per_genome_gff/ntm3_0_0423_ANCESTRAL.gff	266
ntm3_0_0424_ANCESTRAL	/mnt/nvme3n1/erikg/phind-genome-work/ntm/v3/annotation/pharokka_out/per_genome_gff/ntm3_0_0424_ANCESTRAL.gff	303
ntm3_0_0425_ANCESTRAL	/mnt/nvme3n1/erikg/phind-genome-work/ntm/v3/annotation/pharokka_out/per_genome_gff/ntm3_0_0425_ANCESTRAL.gff	51
ntm3_0_0426_ANCESTRAL	/mnt/nvme3n1/erikg/phind-genome-work/ntm/v3/annotation/pharokka_out/per_genome_gff/ntm3_0_0426_ANCESTRAL.gff	149
ntm3_0_0427_ANCESTRAL	/mnt/nvme3n1/erikg/phind-genome-work/ntm/v3/annotation/pharokka_out/per_genome_gff/ntm3_0_0427_ANCESTRAL.gff	276
ntm3_0_0428_ANCESTRAL	/mnt/nvme3n1/erikg/phind-genome-work/ntm/v3/annotation/pharokka_out/per_genome_gff/ntm3_0_0428_ANCESTRAL.gff	246
ntm3_0_0429_ANCESTRAL	/mnt/nvme3n1/erikg/phind-genome-work/ntm/v3/annotation/pharokka_out/per_genome_gff/ntm3_0_0429_ANCESTRAL.gff	25
ntm3_0_0430_ANCESTRAL	/mnt/nvme3n1/erikg/phind-genome-work/ntm/v3/annotation/pharokka_out/per_genome_gff/ntm3_0_0430_ANCESTRAL.gff	59
ntm3_0_0431_ANCESTRAL	/mnt/nvme3n1/erikg/phind-genome-work/ntm/v3/annotation/pharokka_out/per_genome_gff/ntm3_0_0431_ANCESTRAL.gff	199
ntm3_0_0432_ANCESTRAL	/mnt/nvme3n1/erikg/phind-genome-work/ntm/v3/annotation/pharokka_out/per_genome_gff/ntm3_0_0432_ANCESTRAL.gff	208
ntm3_0_0433_ANCESTRAL	/mnt/nvme3n1/erikg/phind-genome-work/ntm/v3/annotation/pharokka_out/per_genome_gff/ntm3_0_0433_ANCESTRAL.gff	219
ntm3_0_0434_ANCESTRAL	/mnt/nvme3n1/erikg/phind-genome-work/ntm/v3/annotation/pharokka_out/per_genome_gff/ntm3_0_0434_ANCESTRAL.gff	169
ntm3_0_0435_ANCESTRAL	/mnt/nvme3n1/erikg/phind-genome-work/ntm/v3/annotation/pharokka_out/per_genome_gff/ntm3_0_0435_ANCESTRAL.gff	97
ntm3_0_0437_ANCESTRAL	/mnt/nvme3n1/erikg/phind-genome-work/ntm/v3/annotation/pharokka_out/per_genome_gff/ntm3_0_0437_ANCESTRAL.gff	333
ntm3_0_0438_ANCESTRAL	/mnt/nvme3n1/erikg/phind-genome-work/ntm/v3/annotation/pharokka_out/per_genome_gff/ntm3_0_0438_ANCESTRAL.gff	21
ntm3_0_0439_ANCESTRAL	/mnt/nvme3n1/erikg/phind-genome-work/ntm/v3/annotation/pharokka_out/per_genome_gff/ntm3_0_0439_ANCESTRAL.gff	227
ntm3_0_0440_ANCESTRAL	/mnt/nvme3n1/erikg/phind-genome-work/ntm/v3/annotation/pharokka_out/per_genome_gff/ntm3_0_0440_ANCESTRAL.gff	213
ntm3_0_0441_ANCESTRAL	/mnt/nvme3n1/erikg/phind-genome-work/ntm/v3/annotation/pharokka_out/per_genome_gff/ntm3_0_0441_ANCESTRAL.gff	51
ntm3_0_0442_ANCESTRAL	/mnt/nvme3n1/erikg/phind-genome-work/ntm/v3/annotation/pharokka_out/per_genome_gff/ntm3_0_0442_ANCESTRAL.gff	269
ntm3_0_0443_ANCESTRAL	/mnt/nvme3n1/erikg/phind-genome-work/ntm/v3/annotation/pharokka_out/per_genome_gff/ntm3_0_0443_ANCESTRAL.gff	23
ntm3_0_0445_ANCESTRAL	/mnt/nvme3n1/erikg/phind-genome-work/ntm/v3/annotation/pharokka_out/per_genome_gff/ntm3_0_0445_ANCESTRAL.gff	116
ntm3_0_0446_ANCESTRAL	/mnt/nvme3n1/erikg/phind-genome-work/ntm/v3/annotation/pharokka_out/per_genome_gff/ntm3_0_0446_ANCESTRAL.gff	131
ntm3_0_0447_ANCESTRAL	/mnt/nvme3n1/erikg/phind-genome-work/ntm/v3/annotation/pharokka_out/per_genome_gff/ntm3_0_0447_ANCESTRAL.gff	13
ntm3_0_0449_ANCESTRAL	/mnt/nvme3n1/erikg/phind-genome-work/ntm/v3/annotation/pharokka_out/per_genome_gff/ntm3_0_0449_ANCESTRAL.gff	60
ntm3_0_0450_ANCESTRAL	/mnt/nvme3n1/erikg/phind-genome-work/ntm/v3/annotation/pharokka_out/per_genome_gff/ntm3_0_0450_ANCESTRAL.gff	113
ntm3_0_0451_ANCESTRAL	/mnt/nvme3n1/erikg/phind-genome-work/ntm/v3/annotation/pharokka_out/per_genome_gff/ntm3_0_0451_ANCESTRAL.gff	64
ntm3_0_0452_ANCESTRAL	/mnt/nvme3n1/erikg/phind-genome-work/ntm/v3/annotation/pharokka_out/per_genome_gff/ntm3_0_0452_ANCESTRAL.gff	288
ntm3_0_0453_ANCESTRAL	/mnt/nvme3n1/erikg/phind-genome-work/ntm/v3/annotation/pharokka_out/per_genome_gff/ntm3_0_0453_ANCESTRAL.gff	162
ntm3_0_0454_ANCESTRAL	/mnt/nvme3n1/erikg/phind-genome-work/ntm/v3/annotation/pharokka_out/per_genome_gff/ntm3_0_0454_ANCESTRAL.gff	25
ntm3_0_0455_ANCESTRAL	/mnt/nvme3n1/erikg/phind-genome-work/ntm/v3/annotation/pharokka_out/per_genome_gff/ntm3_0_0455_ANCESTRAL.gff	135
ntm3_0_0456_ANCESTRAL	/mnt/nvme3n1/erikg/phind-genome-work/ntm/v3/annotation/pharokka_out/per_genome_gff/ntm3_0_0456_ANCESTRAL.gff	81
ntm3_0_0457_ANCESTRAL	/mnt/nvme3n1/erikg/phind-genome-work/ntm/v3/annotation/pharokka_out/per_genome_gff/ntm3_0_0457_ANCESTRAL.gff	162
ntm3_0_0458_ANCESTRAL	/mnt/nvme3n1/erikg/phind-genome-work/ntm/v3/annotation/pharokka_out/per_genome_gff/ntm3_0_0458_ANCESTRAL.gff	228
ntm3_0_0459_ANCESTRAL	/mnt/nvme3n1/erikg/phind-genome-work/ntm/v3/annotation/pharokka_out/per_genome_gff/ntm3_0_0459_ANCESTRAL.gff	118
ntm3_0_0460_ANCESTRAL	/mnt/nvme3n1/erikg/phind-genome-work/ntm/v3/annotation/pharokka_out/per_genome_gff/ntm3_0_0460_ANCESTRAL.gff	170
ntm3_0_0461_ANCESTRAL	/mnt/nvme3n1/erikg/phind-genome-work/ntm/v3/annotation/pharokka_out/per_genome_gff/ntm3_0_0461_ANCESTRAL.gff	6
ntm3_0_0463_ANCESTRAL	/mnt/nvme3n1/erikg/phind-genome-work/ntm/v3/annotation/pharokka_out/per_genome_gff/ntm3_0_0463_ANCESTRAL.gff	75
ntm3_0_0464_ANCESTRAL	/mnt/nvme3n1/erikg/phind-genome-work/ntm/v3/annotation/pharokka_out/per_genome_gff/ntm3_0_0464_ANCESTRAL.gff	56
ntm3_0_0465_ANCESTRAL	/mnt/nvme3n1/erikg/phind-genome-work/ntm/v3/annotation/pharokka_out/per_genome_gff/ntm3_0_0465_ANCESTRAL.gff	149
ntm3_0_0466_ANCESTRAL	/mnt/nvme3n1/erikg/phind-genome-work/ntm/v3/annotation/pharokka_out/per_genome_gff/ntm3_0_0466_ANCESTRAL.gff	98
ntm3_0_0467_ANCESTRAL	/mnt/nvme3n1/erikg/phind-genome-work/ntm/v3/annotation/pharokka_out/per_genome_gff/ntm3_0_0467_ANCESTRAL.gff	316
ntm3_0_0468_ANCESTRAL	/mnt/nvme3n1/erikg/phind-genome-work/ntm/v3/annotation/pharokka_out/per_genome_gff/ntm3_0_0468_ANCESTRAL.gff	55
ntm3_0_0470_ANCESTRAL	/mnt/nvme3n1/erikg/phind-genome-work/ntm/v3/annotation/pharokka_out/per_genome_gff/ntm3_0_0470_ANCESTRAL.gff	124
ntm3_0_0471_ANCESTRAL	/mnt/nvme3n1/erikg/phind-genome-work/ntm/v3/annotation/pharokka_out/per_genome_gff/ntm3_0_0471_ANCESTRAL.gff	13
ntm3_0_0472_ANCESTRAL	/mnt/nvme3n1/erikg/phind-genome-work/ntm/v3/annotation/pharokka_out/per_genome_gff/ntm3_0_0472_ANCESTRAL.gff	174
ntm3_0_0473_ANCESTRAL	/mnt/nvme3n1/erikg/phind-genome-work/ntm/v3/annotation/pharokka_out/per_genome_gff/ntm3_0_0473_ANCESTRAL.gff	272
ntm3_0_0474_ANCESTRAL	/mnt/nvme3n1/erikg/phind-genome-work/ntm/v3/annotation/pharokka_out/per_genome_gff/ntm3_0_0474_ANCESTRAL.gff	1
ntm3_0_0475_ANCESTRAL	/mnt/nvme3n1/erikg/phind-genome-work/ntm/v3/annotation/pharokka_out/per_genome_gff/ntm3_0_0475_ANCESTRAL.gff	228
ntm3_0_0476_ANCESTRAL	/mnt/nvme3n1/erikg/phind-genome-work/ntm/v3/annotation/pharokka_out/per_genome_gff/ntm3_0_0476_ANCESTRAL.gff	20
ntm3_0_0477_ANCESTRAL	/mnt/nvme3n1/erikg/phind-genome-work/ntm/v3/annotation/pharokka_out/per_genome_gff/ntm3_0_0477_ANCESTRAL.gff	187
ntm3_0_0478_ANCESTRAL	/mnt/nvme3n1/erikg/phind-genome-work/ntm/v3/annotation/pharokka_out/per_genome_gff/ntm3_0_0478_ANCESTRAL.gff	197
ntm3_0_0479_ANCESTRAL	/mnt/nvme3n1/erikg/phind-genome-work/ntm/v3/annotation/pharokka_out/per_genome_gff/ntm3_0_0479_ANCESTRAL.gff	124
ntm3_0_0480_ANCESTRAL	/mnt/nvme3n1/erikg/phind-genome-work/ntm/v3/annotation/pharokka_out/per_genome_gff/ntm3_0_0480_ANCESTRAL.gff	289
ntm3_0_0481_ANCESTRAL	/mnt/nvme3n1/erikg/phind-genome-work/ntm/v3/annotation/pharokka_out/per_genome_gff/ntm3_0_0481_ANCESTRAL.gff	45
ntm3_0_0482_ANCESTRAL	/mnt/nvme3n1/erikg/phind-genome-work/ntm/v3/annotation/pharokka_out/per_genome_gff/ntm3_0_0482_ANCESTRAL.gff	43
ntm3_0_0483_ANCESTRAL	/mnt/nvme3n1/erikg/phind-genome-work/ntm/v3/annotation/pharokka_out/per_genome_gff/ntm3_0_0483_ANCESTRAL.gff	76
ntm3_0_0484_ANCESTRAL	/mnt/nvme3n1/erikg/phind-genome-work/ntm/v3/annotation/pharokka_out/per_genome_gff/ntm3_0_0484_ANCESTRAL.gff	44
ntm3_0_0485_ANCESTRAL	/mnt/nvme3n1/erikg/phind-genome-work/ntm/v3/annotation/pharokka_out/per_genome_gff/ntm3_0_0485_ANCESTRAL.gff	77
ntm3_0_0486_ANCESTRAL	/mnt/nvme3n1/erikg/phind-genome-work/ntm/v3/annotation/pharokka_out/per_genome_gff/ntm3_0_0486_ANCESTRAL.gff	31
ntm3_0_0487_ANCESTRAL	/mnt/nvme3n1/erikg/phind-genome-work/ntm/v3/annotation/pharokka_out/per_genome_gff/ntm3_0_0487_ANCESTRAL.gff	45
ntm3_0_0488_ANCESTRAL	/mnt/nvme3n1/erikg/phind-genome-work/ntm/v3/annotation/pharokka_out/per_genome_gff/ntm3_0_0488_ANCESTRAL.gff	245
ntm3_0_0489_ANCESTRAL	/mnt/nvme3n1/erikg/phind-genome-work/ntm/v3/annotation/pharokka_out/per_genome_gff/ntm3_0_0489_ANCESTRAL.gff	26
ntm3_0_0490_ANCESTRAL	/mnt/nvme3n1/erikg/phind-genome-work/ntm/v3/annotation/pharokka_out/per_genome_gff/ntm3_0_0490_ANCESTRAL.gff	310
ntm3_0_0491_ANCESTRAL	/mnt/nvme3n1/erikg/phind-genome-work/ntm/v3/annotation/pharokka_out/per_genome_gff/ntm3_0_0491_ANCESTRAL.gff	217
ntm3_0_0493_ANCESTRAL	/mnt/nvme3n1/erikg/phind-genome-work/ntm/v3/annotation/pharokka_out/per_genome_gff/ntm3_0_0493_ANCESTRAL.gff	79
ntm3_0_0494_ANCESTRAL	/mnt/nvme3n1/erikg/phind-genome-work/ntm/v3/annotation/pharokka_out/per_genome_gff/ntm3_0_0494_ANCESTRAL.gff	89
ntm3_0_0495_ANCESTRAL	/mnt/nvme3n1/erikg/phind-genome-work/ntm/v3/annotation/pharokka_out/per_genome_gff/ntm3_0_0495_ANCESTRAL.gff	88
ntm3_0_0496_ANCESTRAL	/mnt/nvme3n1/erikg/phind-genome-work/ntm/v3/annotation/pharokka_out/per_genome_gff/ntm3_0_0496_ANCESTRAL.gff	190
ntm3_0_0497_ANCESTRAL	/mnt/nvme3n1/erikg/phind-genome-work/ntm/v3/annotation/pharokka_out/per_genome_gff/ntm3_0_0497_ANCESTRAL.gff	27
ntm3_0_0498_ANCESTRAL	/mnt/nvme3n1/erikg/phind-genome-work/ntm/v3/annotation/pharokka_out/per_genome_gff/ntm3_0_0498_ANCESTRAL.gff	50
ntm3_0_0499_ANCESTRAL	/mnt/nvme3n1/erikg/phind-genome-work/ntm/v3/annotation/pharokka_out/per_genome_gff/ntm3_0_0499_ANCESTRAL.gff	1
ntm3_0_0500_ANCESTRAL	/mnt/nvme3n1/erikg/phind-genome-work/ntm/v3/annotation/pharokka_out/per_genome_gff/ntm3_0_0500_ANCESTRAL.gff	136
ntm3_0_0501_ANCESTRAL	/mnt/nvme3n1/erikg/phind-genome-work/ntm/v3/annotation/pharokka_out/per_genome_gff/ntm3_0_0501_ANCESTRAL.gff	29
ntm3_0_0502_ANCESTRAL	/mnt/nvme3n1/erikg/phind-genome-work/ntm/v3/annotation/pharokka_out/per_genome_gff/ntm3_0_0502_ANCESTRAL.gff	52
ntm3_0_0503_ANCESTRAL	/mnt/nvme3n1/erikg/phind-genome-work/ntm/v3/annotation/pharokka_out/per_genome_gff/ntm3_0_0503_ANCESTRAL.gff	88
ntm3_0_0506_ANCESTRAL	/mnt/nvme3n1/erikg/phind-genome-work/ntm/v3/annotation/pharokka_out/per_genome_gff/ntm3_0_0506_ANCESTRAL.gff	22
ntm3_0_0507_ANCESTRAL	/mnt/nvme3n1/erikg/phind-genome-work/ntm/v3/annotation/pharokka_out/per_genome_gff/ntm3_0_0507_ANCESTRAL.gff	56
ntm3_0_0508_ANCESTRAL	/mnt/nvme3n1/erikg/phind-genome-work/ntm/v3/annotation/pharokka_out/per_genome_gff/ntm3_0_0508_ANCESTRAL.gff	57
ntm3_0_0509_ANCESTRAL	/mnt/nvme3n1/erikg/phind-genome-work/ntm/v3/annotation/pharokka_out/per_genome_gff/ntm3_0_0509_ANCESTRAL.gff	41
ntm3_0_0510_ANCESTRAL	/mnt/nvme3n1/erikg/phind-genome-work/ntm/v3/annotation/pharokka_out/per_genome_gff/ntm3_0_0510_ANCESTRAL.gff	86
ntm3_0_0511_ANCESTRAL	/mnt/nvme3n1/erikg/phind-genome-work/ntm/v3/annotation/pharokka_out/per_genome_gff/ntm3_0_0511_ANCESTRAL.gff	41
ntm3_0_0512_ANCESTRAL	/mnt/nvme3n1/erikg/phind-genome-work/ntm/v3/annotation/pharokka_out/per_genome_gff/ntm3_0_0512_ANCESTRAL.gff	82
ntm3_0_0513_ANCESTRAL	/mnt/nvme3n1/erikg/phind-genome-work/ntm/v3/annotation/pharokka_out/per_genome_gff/ntm3_0_0513_ANCESTRAL.gff	6
ntm3_0_0514_ANCESTRAL	/mnt/nvme3n1/erikg/phind-genome-work/ntm/v3/annotation/pharokka_out/per_genome_gff/ntm3_0_0514_ANCESTRAL.gff	59
ntm3_0_0515_ANCESTRAL	/mnt/nvme3n1/erikg/phind-genome-work/ntm/v3/annotation/pharokka_out/per_genome_gff/ntm3_0_0515_ANCESTRAL.gff	46
ntm3_0_0516_ANCESTRAL	/mnt/nvme3n1/erikg/phind-genome-work/ntm/v3/annotation/pharokka_out/per_genome_gff/ntm3_0_0516_ANCESTRAL.gff	83
ntm3_0_0517_ANCESTRAL	/mnt/nvme3n1/erikg/phind-genome-work/ntm/v3/annotation/pharokka_out/per_genome_gff/ntm3_0_0517_ANCESTRAL.gff	77
ntm3_0_0518_ANCESTRAL	/mnt/nvme3n1/erikg/phind-genome-work/ntm/v3/annotation/pharokka_out/per_genome_gff/ntm3_0_0518_ANCESTRAL.gff	181
ntm3_0_0519_ANCESTRAL	/mnt/nvme3n1/erikg/phind-genome-work/ntm/v3/annotation/pharokka_out/per_genome_gff/ntm3_0_0519_ANCESTRAL.gff	44
ntm3_0_0521_ANCESTRAL	/mnt/nvme3n1/erikg/phind-genome-work/ntm/v3/annotation/pharokka_out/per_genome_gff/ntm3_0_0521_ANCESTRAL.gff	52
ntm3_0_0522_ANCESTRAL	/mnt/nvme3n1/erikg/phind-genome-work/ntm/v3/annotation/pharokka_out/per_genome_gff/ntm3_0_0522_ANCESTRAL.gff	4
ntm3_0_0524_ANCESTRAL	/mnt/nvme3n1/erikg/phind-genome-work/ntm/v3/annotation/pharokka_out/per_genome_gff/ntm3_0_0524_ANCESTRAL.gff	14
ntm3_0_0525_ANCESTRAL	/mnt/nvme3n1/erikg/phind-genome-work/ntm/v3/annotation/pharokka_out/per_genome_gff/ntm3_0_0525_ANCESTRAL.gff	17
ntm3_0_0526_ANCESTRAL	/mnt/nvme3n1/erikg/phind-genome-work/ntm/v3/annotation/pharokka_out/per_genome_gff/ntm3_0_0526_ANCESTRAL.gff	40
ntm3_0_0527_ANCESTRAL	/mnt/nvme3n1/erikg/phind-genome-work/ntm/v3/annotation/pharokka_out/per_genome_gff/ntm3_0_0527_ANCESTRAL.gff	64
ntm3_0_0528_ANCESTRAL	/mnt/nvme3n1/erikg/phind-genome-work/ntm/v3/annotation/pharokka_out/per_genome_gff/ntm3_0_0528_ANCESTRAL.gff	41
ntm3_0_0529_ANCESTRAL	/mnt/nvme3n1/erikg/phind-genome-work/ntm/v3/annotation/pharokka_out/per_genome_gff/ntm3_0_0529_ANCESTRAL.gff	94
ntm3_0_0530_ANCESTRAL	/mnt/nvme3n1/erikg/phind-genome-work/ntm/v3/annotation/pharokka_out/per_genome_gff/ntm3_0_0530_ANCESTRAL.gff	35
ntm3_0_0531_ANCESTRAL	/mnt/nvme3n1/erikg/phind-genome-work/ntm/v3/annotation/pharokka_out/per_genome_gff/ntm3_0_0531_ANCESTRAL.gff	18
ntm3_0_0533_ANCESTRAL	/mnt/nvme3n1/erikg/phind-genome-work/ntm/v3/annotation/pharokka_out/per_genome_gff/ntm3_0_0533_ANCESTRAL.gff	146
ntm3_0_0534_ANCESTRAL	/mnt/nvme3n1/erikg/phind-genome-work/ntm/v3/annotation/pharokka_out/per_genome_gff/ntm3_0_0534_ANCESTRAL.gff	286
ntm3_0_0535_ANCESTRAL	/mnt/nvme3n1/erikg/phind-genome-work/ntm/v3/annotation/pharokka_out/per_genome_gff/ntm3_0_0535_ANCESTRAL.gff	157
ntm3_0_0536_ANCESTRAL	/mnt/nvme3n1/erikg/phind-genome-work/ntm/v3/annotation/pharokka_out/per_genome_gff/ntm3_0_0536_ANCESTRAL.gff	43
ntm3_0_0537_ANCESTRAL	/mnt/nvme3n1/erikg/phind-genome-work/ntm/v3/annotation/pharokka_out/per_genome_gff/ntm3_0_0537_ANCESTRAL.gff	34
ntm3_0_0538_ANCESTRAL	/mnt/nvme3n1/erikg/phind-genome-work/ntm/v3/annotation/pharokka_out/per_genome_gff/ntm3_0_0538_ANCESTRAL.gff	22
ntm3_0_0540_ANCESTRAL	/mnt/nvme3n1/erikg/phind-genome-work/ntm/v3/annotation/pharokka_out/per_genome_gff/ntm3_0_0540_ANCESTRAL.gff	18
ntm3_0_0541_ANCESTRAL	/mnt/nvme3n1/erikg/phind-genome-work/ntm/v3/annotation/pharokka_out/per_genome_gff/ntm3_0_0541_ANCESTRAL.gff	18
ntm3_0_0542_ANCESTRAL	/mnt/nvme3n1/erikg/phind-genome-work/ntm/v3/annotation/pharokka_out/per_genome_gff/ntm3_0_0542_ANCESTRAL.gff	3
ntm3_0_0543_ANCESTRAL	/mnt/nvme3n1/erikg/phind-genome-work/ntm/v3/annotation/pharokka_out/per_genome_gff/ntm3_0_0543_ANCESTRAL.gff	20
ntm3_0_0544_ANCESTRAL	/mnt/nvme3n1/erikg/phind-genome-work/ntm/v3/annotation/pharokka_out/per_genome_gff/ntm3_0_0544_ANCESTRAL.gff	78
ntm3_0_0545_ANCESTRAL	/mnt/nvme3n1/erikg/phind-genome-work/ntm/v3/annotation/pharokka_out/per_genome_gff/ntm3_0_0545_ANCESTRAL.gff	24
ntm3_0_0547_ANCESTRAL	/mnt/nvme3n1/erikg/phind-genome-work/ntm/v3/annotation/pharokka_out/per_genome_gff/ntm3_0_0547_ANCESTRAL.gff	141
ntm3_0_0548_ANCESTRAL	/mnt/nvme3n1/erikg/phind-genome-work/ntm/v3/annotation/pharokka_out/per_genome_gff/ntm3_0_0548_ANCESTRAL.gff	25
ntm3_0_0550_ANCESTRAL	/mnt/nvme3n1/erikg/phind-genome-work/ntm/v3/annotation/pharokka_out/per_genome_gff/ntm3_0_0550_ANCESTRAL.gff	56
ntm3_0_0551_ANCESTRAL	/mnt/nvme3n1/erikg/phind-genome-work/ntm/v3/annotation/pharokka_out/per_genome_gff/ntm3_0_0551_ANCESTRAL.gff	33
ntm3_0_0552_ANCESTRAL	/mnt/nvme3n1/erikg/phind-genome-work/ntm/v3/annotation/pharokka_out/per_genome_gff/ntm3_0_0552_ANCESTRAL.gff	128
ntm3_0_0553_ANCESTRAL	/mnt/nvme3n1/erikg/phind-genome-work/ntm/v3/annotation/pharokka_out/per_genome_gff/ntm3_0_0553_ANCESTRAL.gff	23
ntm3_0_0554_ANCESTRAL	/mnt/nvme3n1/erikg/phind-genome-work/ntm/v3/annotation/pharokka_out/per_genome_gff/ntm3_0_0554_ANCESTRAL.gff	35
ntm3_0_0557_ANCESTRAL	/mnt/nvme3n1/erikg/phind-genome-work/ntm/v3/annotation/pharokka_out/per_genome_gff/ntm3_0_0557_ANCESTRAL.gff	226
ntm3_0_0558_ANCESTRAL	/mnt/nvme3n1/erikg/phind-genome-work/ntm/v3/annotation/pharokka_out/per_genome_gff/ntm3_0_0558_ANCESTRAL.gff	212
ntm3_0_0559_ANCESTRAL	/mnt/nvme3n1/erikg/phind-genome-work/ntm/v3/annotation/pharokka_out/per_genome_gff/ntm3_0_0559_ANCESTRAL.gff	58
ntm3_0_0560_ANCESTRAL	/mnt/nvme3n1/erikg/phind-genome-work/ntm/v3/annotation/pharokka_out/per_genome_gff/ntm3_0_0560_ANCESTRAL.gff	136
ntm3_0_0561_ANCESTRAL	/mnt/nvme3n1/erikg/phind-genome-work/ntm/v3/annotation/pharokka_out/per_genome_gff/ntm3_0_0561_ANCESTRAL.gff	165
ntm3_0_0562_ANCESTRAL	/mnt/nvme3n1/erikg/phind-genome-work/ntm/v3/annotation/pharokka_out/per_genome_gff/ntm3_0_0562_ANCESTRAL.gff	40
ntm3_0_0563_ANCESTRAL	/mnt/nvme3n1/erikg/phind-genome-work/ntm/v3/annotation/pharokka_out/per_genome_gff/ntm3_0_0563_ANCESTRAL.gff	16
ntm3_0_0564_ANCESTRAL	/mnt/nvme3n1/erikg/phind-genome-work/ntm/v3/annotation/pharokka_out/per_genome_gff/ntm3_0_0564_ANCESTRAL.gff	66
ntm3_0_0565_ANCESTRAL	/mnt/nvme3n1/erikg/phind-genome-work/ntm/v3/annotation/pharokka_out/per_genome_gff/ntm3_0_0565_ANCESTRAL.gff	21
ntm3_0_0566_ANCESTRAL	/mnt/nvme3n1/erikg/phind-genome-work/ntm/v3/annotation/pharokka_out/per_genome_gff/ntm3_0_0566_ANCESTRAL.gff	35
ntm3_0_0568_ANCESTRAL	/mnt/nvme3n1/erikg/phind-genome-work/ntm/v3/annotation/pharokka_out/per_genome_gff/ntm3_0_0568_ANCESTRAL.gff	37
ntm3_0_0569_ANCESTRAL	/mnt/nvme3n1/erikg/phind-genome-work/ntm/v3/annotation/pharokka_out/per_genome_gff/ntm3_0_0569_ANCESTRAL.gff	163
ntm3_0_0570_ANCESTRAL	/mnt/nvme3n1/erikg/phind-genome-work/ntm/v3/annotation/pharokka_out/per_genome_gff/ntm3_0_0570_ANCESTRAL.gff	11
ntm3_0_0571_ANCESTRAL	/mnt/nvme3n1/erikg/phind-genome-work/ntm/v3/annotation/pharokka_out/per_genome_gff/ntm3_0_0571_ANCESTRAL.gff	153
ntm3_0_0572_ANCESTRAL	/mnt/nvme3n1/erikg/phind-genome-work/ntm/v3/annotation/pharokka_out/per_genome_gff/ntm3_0_0572_ANCESTRAL.gff	54
ntm3_0_0574_ANCESTRAL	/mnt/nvme3n1/erikg/phind-genome-work/ntm/v3/annotation/pharokka_out/per_genome_gff/ntm3_0_0574_ANCESTRAL.gff	120
ntm3_0_0575_ANCESTRAL	/mnt/nvme3n1/erikg/phind-genome-work/ntm/v3/annotation/pharokka_out/per_genome_gff/ntm3_0_0575_ANCESTRAL.gff	288
ntm3_0_0576_ANCESTRAL	/mnt/nvme3n1/erikg/phind-genome-work/ntm/v3/annotation/pharokka_out/per_genome_gff/ntm3_0_0576_ANCESTRAL.gff	28
ntm3_0_0577_ANCESTRAL	/mnt/nvme3n1/erikg/phind-genome-work/ntm/v3/annotation/pharokka_out/per_genome_gff/ntm3_0_0577_ANCESTRAL.gff	15
ntm3_0_0579_ANCESTRAL	/mnt/nvme3n1/erikg/phind-genome-work/ntm/v3/annotation/pharokka_out/per_genome_gff/ntm3_0_0579_ANCESTRAL.gff	28
ntm3_0_0580_ANCESTRAL	/mnt/nvme3n1/erikg/phind-genome-work/ntm/v3/annotation/pharokka_out/per_genome_gff/ntm3_0_0580_ANCESTRAL.gff	108
ntm3_0_0581_ANCESTRAL	/mnt/nvme3n1/erikg/phind-genome-work/ntm/v3/annotation/pharokka_out/per_genome_gff/ntm3_0_0581_ANCESTRAL.gff	70
ntm3_0_0582_ANCESTRAL	/mnt/nvme3n1/erikg/phind-genome-work/ntm/v3/annotation/pharokka_out/per_genome_gff/ntm3_0_0582_ANCESTRAL.gff	51
ntm3_0_0584_ANCESTRAL	/mnt/nvme3n1/erikg/phind-genome-work/ntm/v3/annotation/pharokka_out/per_genome_gff/ntm3_0_0584_ANCESTRAL.gff	17
ntm3_0_0585_ANCESTRAL	/mnt/nvme3n1/erikg/phind-genome-work/ntm/v3/annotation/pharokka_out/per_genome_gff/ntm3_0_0585_ANCESTRAL.gff	143
ntm3_0_0587_ANCESTRAL	/mnt/nvme3n1/erikg/phind-genome-work/ntm/v3/annotation/pharokka_out/per_genome_gff/ntm3_0_0587_ANCESTRAL.gff	8
ntm3_0_0588_ANCESTRAL	/mnt/nvme3n1/erikg/phind-genome-work/ntm/v3/annotation/pharokka_out/per_genome_gff/ntm3_0_0588_ANCESTRAL.gff	218
ntm3_0_0590_ANCESTRAL	/mnt/nvme3n1/erikg/phind-genome-work/ntm/v3/annotation/pharokka_out/per_genome_gff/ntm3_0_0590_ANCESTRAL.gff	22
ntm3_0_0591_ANCESTRAL	/mnt/nvme3n1/erikg/phind-genome-work/ntm/v3/annotation/pharokka_out/per_genome_gff/ntm3_0_0591_ANCESTRAL.gff	36
ntm3_0_0592_ANCESTRAL	/mnt/nvme3n1/erikg/phind-genome-work/ntm/v3/annotation/pharokka_out/per_genome_gff/ntm3_0_0592_ANCESTRAL.gff	13
ntm3_0_0593_ANCESTRAL	/mnt/nvme3n1/erikg/phind-genome-work/ntm/v3/annotation/pharokka_out/per_genome_gff/ntm3_0_0593_ANCESTRAL.gff	15
ntm3_0_0594_ANCESTRAL	/mnt/nvme3n1/erikg/phind-genome-work/ntm/v3/annotation/pharokka_out/per_genome_gff/ntm3_0_0594_ANCESTRAL.gff	39
ntm3_0_0595_ANCESTRAL	/mnt/nvme3n1/erikg/phind-genome-work/ntm/v3/annotation/pharokka_out/per_genome_gff/ntm3_0_0595_ANCESTRAL.gff	8
ntm3_0_0596_ANCESTRAL	/mnt/nvme3n1/erikg/phind-genome-work/ntm/v3/annotation/pharokka_out/per_genome_gff/ntm3_0_0596_ANCESTRAL.gff	28
ntm3_0_0597_ANCESTRAL	/mnt/nvme3n1/erikg/phind-genome-work/ntm/v3/annotation/pharokka_out/per_genome_gff/ntm3_0_0597_ANCESTRAL.gff	31
ntm3_0_0598_ANCESTRAL	/mnt/nvme3n1/erikg/phind-genome-work/ntm/v3/annotation/pharokka_out/per_genome_gff/ntm3_0_0598_ANCESTRAL.gff	38
ntm3_0_0599_ANCESTRAL	/mnt/nvme3n1/erikg/phind-genome-work/ntm/v3/annotation/pharokka_out/per_genome_gff/ntm3_0_0599_ANCESTRAL.gff	13
ntm3_0_0600_ANCESTRAL	/mnt/nvme3n1/erikg/phind-genome-work/ntm/v3/annotation/pharokka_out/per_genome_gff/ntm3_0_0600_ANCESTRAL.gff	1
ntm3_0_0601_ANCESTRAL	/mnt/nvme3n1/erikg/phind-genome-work/ntm/v3/annotation/pharokka_out/per_genome_gff/ntm3_0_0601_ANCESTRAL.gff	98
ntm3_0_0603_ANCESTRAL	/mnt/nvme3n1/erikg/phind-genome-work/ntm/v3/annotation/pharokka_out/per_genome_gff/ntm3_0_0603_ANCESTRAL.gff	32
ntm3_0_0604_ANCESTRAL	/mnt/nvme3n1/erikg/phind-genome-work/ntm/v3/annotation/pharokka_out/per_genome_gff/ntm3_0_0604_ANCESTRAL.gff	35
ntm3_0_0605_ANCESTRAL	/mnt/nvme3n1/erikg/phind-genome-work/ntm/v3/annotation/pharokka_out/per_genome_gff/ntm3_0_0605_ANCESTRAL.gff	69
ntm3_0_0606_ANCESTRAL	/mnt/nvme3n1/erikg/phind-genome-work/ntm/v3/annotation/pharokka_out/per_genome_gff/ntm3_0_0606_ANCESTRAL.gff	78
ntm3_0_0607_ANCESTRAL	/mnt/nvme3n1/erikg/phind-genome-work/ntm/v3/annotation/pharokka_out/per_genome_gff/ntm3_0_0607_ANCESTRAL.gff	21
ntm3_0_0609_ANCESTRAL	/mnt/nvme3n1/erikg/phind-genome-work/ntm/v3/annotation/pharokka_out/per_genome_gff/ntm3_0_0609_ANCESTRAL.gff	36
ntm3_0_0610_ANCESTRAL	/mnt/nvme3n1/erikg/phind-genome-work/ntm/v3/annotation/pharokka_out/per_genome_gff/ntm3_0_0610_ANCESTRAL.gff	20
ntm3_0_0611_ANCESTRAL	/mnt/nvme3n1/erikg/phind-genome-work/ntm/v3/annotation/pharokka_out/per_genome_gff/ntm3_0_0611_ANCESTRAL.gff	83
ntm3_0_0612_ANCESTRAL	/mnt/nvme3n1/erikg/phind-genome-work/ntm/v3/annotation/pharokka_out/per_genome_gff/ntm3_0_0612_ANCESTRAL.gff	32
ntm3_0_0613_ANCESTRAL	/mnt/nvme3n1/erikg/phind-genome-work/ntm/v3/annotation/pharokka_out/per_genome_gff/ntm3_0_0613_ANCESTRAL.gff	29
ntm3_0_0614_ANCESTRAL	/mnt/nvme3n1/erikg/phind-genome-work/ntm/v3/annotation/pharokka_out/per_genome_gff/ntm3_0_0614_ANCESTRAL.gff	60
ntm3_0_0615_ANCESTRAL	/mnt/nvme3n1/erikg/phind-genome-work/ntm/v3/annotation/pharokka_out/per_genome_gff/ntm3_0_0615_ANCESTRAL.gff	131
ntm3_0_0616_ANCESTRAL	/mnt/nvme3n1/erikg/phind-genome-work/ntm/v3/annotation/pharokka_out/per_genome_gff/ntm3_0_0616_ANCESTRAL.gff	90
ntm3_0_0618_ANCESTRAL	/mnt/nvme3n1/erikg/phind-genome-work/ntm/v3/annotation/pharokka_out/per_genome_gff/ntm3_0_0618_ANCESTRAL.gff	25
ntm3_0_0619_ANCESTRAL	/mnt/nvme3n1/erikg/phind-genome-work/ntm/v3/annotation/pharokka_out/per_genome_gff/ntm3_0_0619_ANCESTRAL.gff	13
ntm3_0_0620_ANCESTRAL	/mnt/nvme3n1/erikg/phind-genome-work/ntm/v3/annotation/pharokka_out/per_genome_gff/ntm3_0_0620_ANCESTRAL.gff	35
ntm3_0_0621_ANCESTRAL	/mnt/nvme3n1/erikg/phind-genome-work/ntm/v3/annotation/pharokka_out/per_genome_gff/ntm3_0_0621_ANCESTRAL.gff	32
ntm3_0_0622_ANCESTRAL	/mnt/nvme3n1/erikg/phind-genome-work/ntm/v3/annotation/pharokka_out/per_genome_gff/ntm3_0_0622_ANCESTRAL.gff	150
ntm3_0_0624_ANCESTRAL	/mnt/nvme3n1/erikg/phind-genome-work/ntm/v3/annotation/pharokka_out/per_genome_gff/ntm3_0_0624_ANCESTRAL.gff	116
ntm3_0_0625_ANCESTRAL	/mnt/nvme3n1/erikg/phind-genome-work/ntm/v3/annotation/pharokka_out/per_genome_gff/ntm3_0_0625_ANCESTRAL.gff	31
ntm3_0_0626_ANCESTRAL	/mnt/nvme3n1/erikg/phind-genome-work/ntm/v3/annotation/pharokka_out/per_genome_gff/ntm3_0_0626_ANCESTRAL.gff	9
ntm3_0_0627_ANCESTRAL	/mnt/nvme3n1/erikg/phind-genome-work/ntm/v3/annotation/pharokka_out/per_genome_gff/ntm3_0_0627_ANCESTRAL.gff	215
ntm3_0_0628_ANCESTRAL	/mnt/nvme3n1/erikg/phind-genome-work/ntm/v3/annotation/pharokka_out/per_genome_gff/ntm3_0_0628_ANCESTRAL.gff	18
ntm3_0_0629_ANCESTRAL	/mnt/nvme3n1/erikg/phind-genome-work/ntm/v3/annotation/pharokka_out/per_genome_gff/ntm3_0_0629_ANCESTRAL.gff	8
ntm3_0_0630_ANCESTRAL	/mnt/nvme3n1/erikg/phind-genome-work/ntm/v3/annotation/pharokka_out/per_genome_gff/ntm3_0_0630_ANCESTRAL.gff	9
ntm3_0_0631_ANCESTRAL	/mnt/nvme3n1/erikg/phind-genome-work/ntm/v3/annotation/pharokka_out/per_genome_gff/ntm3_0_0631_ANCESTRAL.gff	46
ntm3_0_0633_ANCESTRAL	/mnt/nvme3n1/erikg/phind-genome-work/ntm/v3/annotation/pharokka_out/per_genome_gff/ntm3_0_0633_ANCESTRAL.gff	16
ntm3_0_0634_ANCESTRAL	/mnt/nvme3n1/erikg/phind-genome-work/ntm/v3/annotation/pharokka_out/per_genome_gff/ntm3_0_0634_ANCESTRAL.gff	55
ntm3_0_0635_ANCESTRAL	/mnt/nvme3n1/erikg/phind-genome-work/ntm/v3/annotation/pharokka_out/per_genome_gff/ntm3_0_0635_ANCESTRAL.gff	112
ntm3_0_0636_ANCESTRAL	/mnt/nvme3n1/erikg/phind-genome-work/ntm/v3/annotation/pharokka_out/per_genome_gff/ntm3_0_0636_ANCESTRAL.gff	67
ntm3_0_0639_ANCESTRAL	/mnt/nvme3n1/erikg/phind-genome-work/ntm/v3/annotation/pharokka_out/per_genome_gff/ntm3_0_0639_ANCESTRAL.gff	40
ntm3_0_0643_ANCESTRAL	/mnt/nvme3n1/erikg/phind-genome-work/ntm/v3/annotation/pharokka_out/per_genome_gff/ntm3_0_0643_ANCESTRAL.gff	216
ntm3_0_0644_ANCESTRAL	/mnt/nvme3n1/erikg/phind-genome-work/ntm/v3/annotation/pharokka_out/per_genome_gff/ntm3_0_0644_ANCESTRAL.gff	44
ntm3_0_0645_ANCESTRAL	/mnt/nvme3n1/erikg/phind-genome-work/ntm/v3/annotation/pharokka_out/per_genome_gff/ntm3_0_0645_ANCESTRAL.gff	12
ntm3_0_0646_ANCESTRAL	/mnt/nvme3n1/erikg/phind-genome-work/ntm/v3/annotation/pharokka_out/per_genome_gff/ntm3_0_0646_ANCESTRAL.gff	16
ntm3_0_0647_ANCESTRAL	/mnt/nvme3n1/erikg/phind-genome-work/ntm/v3/annotation/pharokka_out/per_genome_gff/ntm3_0_0647_ANCESTRAL.gff	101
ntm3_0_0648_ANCESTRAL	/mnt/nvme3n1/erikg/phind-genome-work/ntm/v3/annotation/pharokka_out/per_genome_gff/ntm3_0_0648_ANCESTRAL.gff	21
ntm3_0_0649_ANCESTRAL	/mnt/nvme3n1/erikg/phind-genome-work/ntm/v3/annotation/pharokka_out/per_genome_gff/ntm3_0_0649_ANCESTRAL.gff	42
ntm3_0_0650_ANCESTRAL	/mnt/nvme3n1/erikg/phind-genome-work/ntm/v3/annotation/pharokka_out/per_genome_gff/ntm3_0_0650_ANCESTRAL.gff	39
ntm3_0_0651_ANCESTRAL	/mnt/nvme3n1/erikg/phind-genome-work/ntm/v3/annotation/pharokka_out/per_genome_gff/ntm3_0_0651_ANCESTRAL.gff	17
ntm3_0_0653_ANCESTRAL	/mnt/nvme3n1/erikg/phind-genome-work/ntm/v3/annotation/pharokka_out/per_genome_gff/ntm3_0_0653_ANCESTRAL.gff	193
ntm3_0_0654_ANCESTRAL	/mnt/nvme3n1/erikg/phind-genome-work/ntm/v3/annotation/pharokka_out/per_genome_gff/ntm3_0_0654_ANCESTRAL.gff	44
ntm3_0_0655_ANCESTRAL	/mnt/nvme3n1/erikg/phind-genome-work/ntm/v3/annotation/pharokka_out/per_genome_gff/ntm3_0_0655_ANCESTRAL.gff	19
ntm3_0_0656_ANCESTRAL	/mnt/nvme3n1/erikg/phind-genome-work/ntm/v3/annotation/pharokka_out/per_genome_gff/ntm3_0_0656_ANCESTRAL.gff	17
ntm3_0_0657_ANCESTRAL	/mnt/nvme3n1/erikg/phind-genome-work/ntm/v3/annotation/pharokka_out/per_genome_gff/ntm3_0_0657_ANCESTRAL.gff	21
ntm3_0_0658_ANCESTRAL	/mnt/nvme3n1/erikg/phind-genome-work/ntm/v3/annotation/pharokka_out/per_genome_gff/ntm3_0_0658_ANCESTRAL.gff	21
ntm3_0_0659_ANCESTRAL	/mnt/nvme3n1/erikg/phind-genome-work/ntm/v3/annotation/pharokka_out/per_genome_gff/ntm3_0_0659_ANCESTRAL.gff	15
ntm3_0_0660_ANCESTRAL	/mnt/nvme3n1/erikg/phind-genome-work/ntm/v3/annotation/pharokka_out/per_genome_gff/ntm3_0_0660_ANCESTRAL.gff	19
ntm3_0_0665_ANCESTRAL	/mnt/nvme3n1/erikg/phind-genome-work/ntm/v3/annotation/pharokka_out/per_genome_gff/ntm3_0_0665_ANCESTRAL.gff	12
ntm3_0_0666_ANCESTRAL	/mnt/nvme3n1/erikg/phind-genome-work/ntm/v3/annotation/pharokka_out/per_genome_gff/ntm3_0_0666_ANCESTRAL.gff	43
ntm3_0_0670_ANCESTRAL	/mnt/nvme3n1/erikg/phind-genome-work/ntm/v3/annotation/pharokka_out/per_genome_gff/ntm3_0_0670_ANCESTRAL.gff	31
ntm3_0_0671_ANCESTRAL	/mnt/nvme3n1/erikg/phind-genome-work/ntm/v3/annotation/pharokka_out/per_genome_gff/ntm3_0_0671_ANCESTRAL.gff	4
ntm3_0_0672_ANCESTRAL	/mnt/nvme3n1/erikg/phind-genome-work/ntm/v3/annotation/pharokka_out/per_genome_gff/ntm3_0_0672_ANCESTRAL.gff	71
ntm3_0_0674_ANCESTRAL	/mnt/nvme3n1/erikg/phind-genome-work/ntm/v3/annotation/pharokka_out/per_genome_gff/ntm3_0_0674_ANCESTRAL.gff	120
ntm3_0_0675_ANCESTRAL	/mnt/nvme3n1/erikg/phind-genome-work/ntm/v3/annotation/pharokka_out/per_genome_gff/ntm3_0_0675_ANCESTRAL.gff	20
ntm3_0_0676_ANCESTRAL	/mnt/nvme3n1/erikg/phind-genome-work/ntm/v3/annotation/pharokka_out/per_genome_gff/ntm3_0_0676_ANCESTRAL.gff	18
ntm3_0_0677_ANCESTRAL	/mnt/nvme3n1/erikg/phind-genome-work/ntm/v3/annotation/pharokka_out/per_genome_gff/ntm3_0_0677_ANCESTRAL.gff	28
ntm3_0_0678_ANCESTRAL	/mnt/nvme3n1/erikg/phind-genome-work/ntm/v3/annotation/pharokka_out/per_genome_gff/ntm3_0_0678_ANCESTRAL.gff	2
ntm3_0_0679_ANCESTRAL	/mnt/nvme3n1/erikg/phind-genome-work/ntm/v3/annotation/pharokka_out/per_genome_gff/ntm3_0_0679_ANCESTRAL.gff	16
ntm3_0_0680_ANCESTRAL	/mnt/nvme3n1/erikg/phind-genome-work/ntm/v3/annotation/pharokka_out/per_genome_gff/ntm3_0_0680_ANCESTRAL.gff	19
ntm3_0_0684_ANCESTRAL	/mnt/nvme3n1/erikg/phind-genome-work/ntm/v3/annotation/pharokka_out/per_genome_gff/ntm3_0_0684_ANCESTRAL.gff	19
ntm3_0_0686_ANCESTRAL	/mnt/nvme3n1/erikg/phind-genome-work/ntm/v3/annotation/pharokka_out/per_genome_gff/ntm3_0_0686_ANCESTRAL.gff	3
ntm3_0_0687_ANCESTRAL	/mnt/nvme3n1/erikg/phind-genome-work/ntm/v3/annotation/pharokka_out/per_genome_gff/ntm3_0_0687_ANCESTRAL.gff	18
ntm3_0_0689_ANCESTRAL	/mnt/nvme3n1/erikg/phind-genome-work/ntm/v3/annotation/pharokka_out/per_genome_gff/ntm3_0_0689_ANCESTRAL.gff	29
ntm3_0_0690_ANCESTRAL	/mnt/nvme3n1/erikg/phind-genome-work/ntm/v3/annotation/pharokka_out/per_genome_gff/ntm3_0_0690_ANCESTRAL.gff	19
ntm3_0_0691_ANCESTRAL	/mnt/nvme3n1/erikg/phind-genome-work/ntm/v3/annotation/pharokka_out/per_genome_gff/ntm3_0_0691_ANCESTRAL.gff	12
ntm3_0_0692_ANCESTRAL	/mnt/nvme3n1/erikg/phind-genome-work/ntm/v3/annotation/pharokka_out/per_genome_gff/ntm3_0_0692_ANCESTRAL.gff	7
ntm3_0_0693_ANCESTRAL	/mnt/nvme3n1/erikg/phind-genome-work/ntm/v3/annotation/pharokka_out/per_genome_gff/ntm3_0_0693_ANCESTRAL.gff	23
ntm3_0_0694_ANCESTRAL	/mnt/nvme3n1/erikg/phind-genome-work/ntm/v3/annotation/pharokka_out/per_genome_gff/ntm3_0_0694_ANCESTRAL.gff	43
ntm3_0_0695_ANCESTRAL	/mnt/nvme3n1/erikg/phind-genome-work/ntm/v3/annotation/pharokka_out/per_genome_gff/ntm3_0_0695_ANCESTRAL.gff	7
ntm3_0_0696_ANCESTRAL	/mnt/nvme3n1/erikg/phind-genome-work/ntm/v3/annotation/pharokka_out/per_genome_gff/ntm3_0_0696_ANCESTRAL.gff	34
ntm3_0_0698_ANCESTRAL	/mnt/nvme3n1/erikg/phind-genome-work/ntm/v3/annotation/pharokka_out/per_genome_gff/ntm3_0_0698_ANCESTRAL.gff	25
ntm3_0_0701_ANCESTRAL	/mnt/nvme3n1/erikg/phind-genome-work/ntm/v3/annotation/pharokka_out/per_genome_gff/ntm3_0_0701_ANCESTRAL.gff	14
ntm3_0_0702_ANCESTRAL	/mnt/nvme3n1/erikg/phind-genome-work/ntm/v3/annotation/pharokka_out/per_genome_gff/ntm3_0_0702_ANCESTRAL.gff	146
ntm3_0_0703_ANCESTRAL	/mnt/nvme3n1/erikg/phind-genome-work/ntm/v3/annotation/pharokka_out/per_genome_gff/ntm3_0_0703_ANCESTRAL.gff	14
ntm3_0_0704_ANCESTRAL	/mnt/nvme3n1/erikg/phind-genome-work/ntm/v3/annotation/pharokka_out/per_genome_gff/ntm3_0_0704_ANCESTRAL.gff	27
ntm3_0_0705_ANCESTRAL	/mnt/nvme3n1/erikg/phind-genome-work/ntm/v3/annotation/pharokka_out/per_genome_gff/ntm3_0_0705_ANCESTRAL.gff	21
ntm3_0_0706_ANCESTRAL	/mnt/nvme3n1/erikg/phind-genome-work/ntm/v3/annotation/pharokka_out/per_genome_gff/ntm3_0_0706_ANCESTRAL.gff	140
ntm3_0_0707_ANCESTRAL	/mnt/nvme3n1/erikg/phind-genome-work/ntm/v3/annotation/pharokka_out/per_genome_gff/ntm3_0_0707_ANCESTRAL.gff	20
ntm3_0_0708_ANCESTRAL	/mnt/nvme3n1/erikg/phind-genome-work/ntm/v3/annotation/pharokka_out/per_genome_gff/ntm3_0_0708_ANCESTRAL.gff	5
ntm3_0_0709_ANCESTRAL	/mnt/nvme3n1/erikg/phind-genome-work/ntm/v3/annotation/pharokka_out/per_genome_gff/ntm3_0_0709_ANCESTRAL.gff	12
ntm3_0_0710_ANCESTRAL	/mnt/nvme3n1/erikg/phind-genome-work/ntm/v3/annotation/pharokka_out/per_genome_gff/ntm3_0_0710_ANCESTRAL.gff	17
ntm3_0_0712_ANCESTRAL	/mnt/nvme3n1/erikg/phind-genome-work/ntm/v3/annotation/pharokka_out/per_genome_gff/ntm3_0_0712_ANCESTRAL.gff	37
ntm3_0_0713_ANCESTRAL	/mnt/nvme3n1/erikg/phind-genome-work/ntm/v3/annotation/pharokka_out/per_genome_gff/ntm3_0_0713_ANCESTRAL.gff	33
ntm3_0_0715_ANCESTRAL	/mnt/nvme3n1/erikg/phind-genome-work/ntm/v3/annotation/pharokka_out/per_genome_gff/ntm3_0_0715_ANCESTRAL.gff	38
ntm3_0_0716_ANCESTRAL	/mnt/nvme3n1/erikg/phind-genome-work/ntm/v3/annotation/pharokka_out/per_genome_gff/ntm3_0_0716_ANCESTRAL.gff	7
ntm3_0_0717_ANCESTRAL	/mnt/nvme3n1/erikg/phind-genome-work/ntm/v3/annotation/pharokka_out/per_genome_gff/ntm3_0_0717_ANCESTRAL.gff	5
ntm3_0_0718_ANCESTRAL	/mnt/nvme3n1/erikg/phind-genome-work/ntm/v3/annotation/pharokka_out/per_genome_gff/ntm3_0_0718_ANCESTRAL.gff	18
ntm3_0_0719_ANCESTRAL	/mnt/nvme3n1/erikg/phind-genome-work/ntm/v3/annotation/pharokka_out/per_genome_gff/ntm3_0_0719_ANCESTRAL.gff	18
ntm3_0_0720_ANCESTRAL	/mnt/nvme3n1/erikg/phind-genome-work/ntm/v3/annotation/pharokka_out/per_genome_gff/ntm3_0_0720_ANCESTRAL.gff	9
ntm3_0_0721_ANCESTRAL	/mnt/nvme3n1/erikg/phind-genome-work/ntm/v3/annotation/pharokka_out/per_genome_gff/ntm3_0_0721_ANCESTRAL.gff	77
ntm3_0_0722_ANCESTRAL	/mnt/nvme3n1/erikg/phind-genome-work/ntm/v3/annotation/pharokka_out/per_genome_gff/ntm3_0_0722_ANCESTRAL.gff	21
ntm3_0_0723_ANCESTRAL	/mnt/nvme3n1/erikg/phind-genome-work/ntm/v3/annotation/pharokka_out/per_genome_gff/ntm3_0_0723_ANCESTRAL.gff	12
ntm3_0_0725_ANCESTRAL	/mnt/nvme3n1/erikg/phind-genome-work/ntm/v3/annotation/pharokka_out/per_genome_gff/ntm3_0_0725_ANCESTRAL.gff	39
ntm3_0_0726_ANCESTRAL	/mnt/nvme3n1/erikg/phind-genome-work/ntm/v3/annotation/pharokka_out/per_genome_gff/ntm3_0_0726_ANCESTRAL.gff	13
ntm3_0_0727_ANCESTRAL	/mnt/nvme3n1/erikg/phind-genome-work/ntm/v3/annotation/pharokka_out/per_genome_gff/ntm3_0_0727_ANCESTRAL.gff	38
ntm3_0_0728_ANCESTRAL	/mnt/nvme3n1/erikg/phind-genome-work/ntm/v3/annotation/pharokka_out/per_genome_gff/ntm3_0_0728_ANCESTRAL.gff	62
ntm3_0_0731_ANCESTRAL	/mnt/nvme3n1/erikg/phind-genome-work/ntm/v3/annotation/pharokka_out/per_genome_gff/ntm3_0_0731_ANCESTRAL.gff	25
ntm3_0_0732_ANCESTRAL	/mnt/nvme3n1/erikg/phind-genome-work/ntm/v3/annotation/pharokka_out/per_genome_gff/ntm3_0_0732_ANCESTRAL.gff	55
ntm3_0_0733_ANCESTRAL	/mnt/nvme3n1/erikg/phind-genome-work/ntm/v3/annotation/pharokka_out/per_genome_gff/ntm3_0_0733_ANCESTRAL.gff	49
ntm3_0_0734_ANCESTRAL	/mnt/nvme3n1/erikg/phind-genome-work/ntm/v3/annotation/pharokka_out/per_genome_gff/ntm3_0_0734_ANCESTRAL.gff	132
ntm3_0_0735_ANCESTRAL	/mnt/nvme3n1/erikg/phind-genome-work/ntm/v3/annotation/pharokka_out/per_genome_gff/ntm3_0_0735_ANCESTRAL.gff	28
ntm3_0_0736_ANCESTRAL	/mnt/nvme3n1/erikg/phind-genome-work/ntm/v3/annotation/pharokka_out/per_genome_gff/ntm3_0_0736_ANCESTRAL.gff	45
ntm3_0_0737_ANCESTRAL	/mnt/nvme3n1/erikg/phind-genome-work/ntm/v3/annotation/pharokka_out/per_genome_gff/ntm3_0_0737_ANCESTRAL.gff	51
ntm3_0_0738_ANCESTRAL	/mnt/nvme3n1/erikg/phind-genome-work/ntm/v3/annotation/pharokka_out/per_genome_gff/ntm3_0_0738_ANCESTRAL.gff	61
ntm3_0_0739_ANCESTRAL	/mnt/nvme3n1/erikg/phind-genome-work/ntm/v3/annotation/pharokka_out/per_genome_gff/ntm3_0_0739_ANCESTRAL.gff	39
ntm3_0_0740_ANCESTRAL	/mnt/nvme3n1/erikg/phind-genome-work/ntm/v3/annotation/pharokka_out/per_genome_gff/ntm3_0_0740_ANCESTRAL.gff	17
ntm3_0_0742_ANCESTRAL	/mnt/nvme3n1/erikg/phind-genome-work/ntm/v3/annotation/pharokka_out/per_genome_gff/ntm3_0_0742_ANCESTRAL.gff	4
ntm3_0_0743_ANCESTRAL	/mnt/nvme3n1/erikg/phind-genome-work/ntm/v3/annotation/pharokka_out/per_genome_gff/ntm3_0_0743_ANCESTRAL.gff	13
ntm3_0_0747_ANCESTRAL	/mnt/nvme3n1/erikg/phind-genome-work/ntm/v3/annotation/pharokka_out/per_genome_gff/ntm3_0_0747_ANCESTRAL.gff	17
ntm3_0_0748_ANCESTRAL	/mnt/nvme3n1/erikg/phind-genome-work/ntm/v3/annotation/pharokka_out/per_genome_gff/ntm3_0_0748_ANCESTRAL.gff	53
ntm3_0_0749_ANCESTRAL	/mnt/nvme3n1/erikg/phind-genome-work/ntm/v3/annotation/pharokka_out/per_genome_gff/ntm3_0_0749_ANCESTRAL.gff	10
ntm3_0_0750_ANCESTRAL	/mnt/nvme3n1/erikg/phind-genome-work/ntm/v3/annotation/pharokka_out/per_genome_gff/ntm3_0_0750_ANCESTRAL.gff	24
ntm3_0_0751_ANCESTRAL	/mnt/nvme3n1/erikg/phind-genome-work/ntm/v3/annotation/pharokka_out/per_genome_gff/ntm3_0_0751_ANCESTRAL.gff	75
ntm3_0_0752_ANCESTRAL	/mnt/nvme3n1/erikg/phind-genome-work/ntm/v3/annotation/pharokka_out/per_genome_gff/ntm3_0_0752_ANCESTRAL.gff	24
ntm3_0_0753_ANCESTRAL	/mnt/nvme3n1/erikg/phind-genome-work/ntm/v3/annotation/pharokka_out/per_genome_gff/ntm3_0_0753_ANCESTRAL.gff	13
ntm3_0_0754_ANCESTRAL	/mnt/nvme3n1/erikg/phind-genome-work/ntm/v3/annotation/pharokka_out/per_genome_gff/ntm3_0_0754_ANCESTRAL.gff	34
ntm3_0_0755_ANCESTRAL	/mnt/nvme3n1/erikg/phind-genome-work/ntm/v3/annotation/pharokka_out/per_genome_gff/ntm3_0_0755_ANCESTRAL.gff	18
ntm3_0_0756_ANCESTRAL	/mnt/nvme3n1/erikg/phind-genome-work/ntm/v3/annotation/pharokka_out/per_genome_gff/ntm3_0_0756_ANCESTRAL.gff	43
ntm3_0_0758_ANCESTRAL	/mnt/nvme3n1/erikg/phind-genome-work/ntm/v3/annotation/pharokka_out/per_genome_gff/ntm3_0_0758_ANCESTRAL.gff	120
ntm3_0_0760_ANCESTRAL	/mnt/nvme3n1/erikg/phind-genome-work/ntm/v3/annotation/pharokka_out/per_genome_gff/ntm3_0_0760_ANCESTRAL.gff	54
ntm3_0_0761_ANCESTRAL	/mnt/nvme3n1/erikg/phind-genome-work/ntm/v3/annotation/pharokka_out/per_genome_gff/ntm3_0_0761_ANCESTRAL.gff	45
ntm3_0_0763_ANCESTRAL	/mnt/nvme3n1/erikg/phind-genome-work/ntm/v3/annotation/pharokka_out/per_genome_gff/ntm3_0_0763_ANCESTRAL.gff	52
ntm3_0_0764_ANCESTRAL	/mnt/nvme3n1/erikg/phind-genome-work/ntm/v3/annotation/pharokka_out/per_genome_gff/ntm3_0_0764_ANCESTRAL.gff	23
ntm3_0_0766_ANCESTRAL	/mnt/nvme3n1/erikg/phind-genome-work/ntm/v3/annotation/pharokka_out/per_genome_gff/ntm3_0_0766_ANCESTRAL.gff	220
ntm3_0_0767_ANCESTRAL	/mnt/nvme3n1/erikg/phind-genome-work/ntm/v3/annotation/pharokka_out/per_genome_gff/ntm3_0_0767_ANCESTRAL.gff	36
ntm3_0_0768_ANCESTRAL	/mnt/nvme3n1/erikg/phind-genome-work/ntm/v3/annotation/pharokka_out/per_genome_gff/ntm3_0_0768_ANCESTRAL.gff	51
ntm3_0_0770_ANCESTRAL	/mnt/nvme3n1/erikg/phind-genome-work/ntm/v3/annotation/pharokka_out/per_genome_gff/ntm3_0_0770_ANCESTRAL.gff	175
ntm3_0_0772_ANCESTRAL	/mnt/nvme3n1/erikg/phind-genome-work/ntm/v3/annotation/pharokka_out/per_genome_gff/ntm3_0_0772_ANCESTRAL.gff	10
ntm3_0_0773_ANCESTRAL	/mnt/nvme3n1/erikg/phind-genome-work/ntm/v3/annotation/pharokka_out/per_genome_gff/ntm3_0_0773_ANCESTRAL.gff	49
ntm3_0_0774_ANCESTRAL	/mnt/nvme3n1/erikg/phind-genome-work/ntm/v3/annotation/pharokka_out/per_genome_gff/ntm3_0_0774_ANCESTRAL.gff	37
ntm3_0_0775_ANCESTRAL	/mnt/nvme3n1/erikg/phind-genome-work/ntm/v3/annotation/pharokka_out/per_genome_gff/ntm3_0_0775_ANCESTRAL.gff	88
ntm3_0_0776_ANCESTRAL	/mnt/nvme3n1/erikg/phind-genome-work/ntm/v3/annotation/pharokka_out/per_genome_gff/ntm3_0_0776_ANCESTRAL.gff	5
ntm3_0_0780_ANCESTRAL	/mnt/nvme3n1/erikg/phind-genome-work/ntm/v3/annotation/pharokka_out/per_genome_gff/ntm3_0_0780_ANCESTRAL.gff	124
ntm3_0_0781_ANCESTRAL	/mnt/nvme3n1/erikg/phind-genome-work/ntm/v3/annotation/pharokka_out/per_genome_gff/ntm3_0_0781_ANCESTRAL.gff	13
ntm3_0_0783_ANCESTRAL	/mnt/nvme3n1/erikg/phind-genome-work/ntm/v3/annotation/pharokka_out/per_genome_gff/ntm3_0_0783_ANCESTRAL.gff	10
ntm3_0_0784_ANCESTRAL	/mnt/nvme3n1/erikg/phind-genome-work/ntm/v3/annotation/pharokka_out/per_genome_gff/ntm3_0_0784_ANCESTRAL.gff	77
ntm3_0_0785_ANCESTRAL	/mnt/nvme3n1/erikg/phind-genome-work/ntm/v3/annotation/pharokka_out/per_genome_gff/ntm3_0_0785_ANCESTRAL.gff	21
ntm3_0_0786_ANCESTRAL	/mnt/nvme3n1/erikg/phind-genome-work/ntm/v3/annotation/pharokka_out/per_genome_gff/ntm3_0_0786_ANCESTRAL.gff	30
ntm3_0_0787_ANCESTRAL	/mnt/nvme3n1/erikg/phind-genome-work/ntm/v3/annotation/pharokka_out/per_genome_gff/ntm3_0_0787_ANCESTRAL.gff	4
ntm3_0_0788_ANCESTRAL	/mnt/nvme3n1/erikg/phind-genome-work/ntm/v3/annotation/pharokka_out/per_genome_gff/ntm3_0_0788_ANCESTRAL.gff	6
ntm3_0_0789_ANCESTRAL	/mnt/nvme3n1/erikg/phind-genome-work/ntm/v3/annotation/pharokka_out/per_genome_gff/ntm3_0_0789_ANCESTRAL.gff	3
ntm3_0_0790_ANCESTRAL	/mnt/nvme3n1/erikg/phind-genome-work/ntm/v3/annotation/pharokka_out/per_genome_gff/ntm3_0_0790_ANCESTRAL.gff	8
ntm3_0_0791_ANCESTRAL	/mnt/nvme3n1/erikg/phind-genome-work/ntm/v3/annotation/pharokka_out/per_genome_gff/ntm3_0_0791_ANCESTRAL.gff	23
ntm3_0_0792_ANCESTRAL	/mnt/nvme3n1/erikg/phind-genome-work/ntm/v3/annotation/pharokka_out/per_genome_gff/ntm3_0_0792_ANCESTRAL.gff	39
ntm3_0_0793_ANCESTRAL	/mnt/nvme3n1/erikg/phind-genome-work/ntm/v3/annotation/pharokka_out/per_genome_gff/ntm3_0_0793_ANCESTRAL.gff	10
ntm3_0_0794_ANCESTRAL	/mnt/nvme3n1/erikg/phind-genome-work/ntm/v3/annotation/pharokka_out/per_genome_gff/ntm3_0_0794_ANCESTRAL.gff	167
ntm3_0_0795_ANCESTRAL	/mnt/nvme3n1/erikg/phind-genome-work/ntm/v3/annotation/pharokka_out/per_genome_gff/ntm3_0_0795_ANCESTRAL.gff	28
ntm3_0_0796_ANCESTRAL	/mnt/nvme3n1/erikg/phind-genome-work/ntm/v3/annotation/pharokka_out/per_genome_gff/ntm3_0_0796_ANCESTRAL.gff	64
ntm3_0_0797_ANCESTRAL	/mnt/nvme3n1/erikg/phind-genome-work/ntm/v3/annotation/pharokka_out/per_genome_gff/ntm3_0_0797_ANCESTRAL.gff	10
ntm3_0_0798_ANCESTRAL	/mnt/nvme3n1/erikg/phind-genome-work/ntm/v3/annotation/pharokka_out/per_genome_gff/ntm3_0_0798_ANCESTRAL.gff	19
ntm3_0_0799_ANCESTRAL	/mnt/nvme3n1/erikg/phind-genome-work/ntm/v3/annotation/pharokka_out/per_genome_gff/ntm3_0_0799_ANCESTRAL.gff	10
ntm3_0_0801_ANCESTRAL	/mnt/nvme3n1/erikg/phind-genome-work/ntm/v3/annotation/pharokka_out/per_genome_gff/ntm3_0_0801_ANCESTRAL.gff	20
ntm3_0_0803_ANCESTRAL	/mnt/nvme3n1/erikg/phind-genome-work/ntm/v3/annotation/pharokka_out/per_genome_gff/ntm3_0_0803_ANCESTRAL.gff	99
ntm3_0_0804_ANCESTRAL	/mnt/nvme3n1/erikg/phind-genome-work/ntm/v3/annotation/pharokka_out/per_genome_gff/ntm3_0_0804_ANCESTRAL.gff	6
ntm3_0_0805_ANCESTRAL	/mnt/nvme3n1/erikg/phind-genome-work/ntm/v3/annotation/pharokka_out/per_genome_gff/ntm3_0_0805_ANCESTRAL.gff	24
ntm3_0_0807_ANCESTRAL	/mnt/nvme3n1/erikg/phind-genome-work/ntm/v3/annotation/pharokka_out/per_genome_gff/ntm3_0_0807_ANCESTRAL.gff	18
ntm3_0_0808_ANCESTRAL	/mnt/nvme3n1/erikg/phind-genome-work/ntm/v3/annotation/pharokka_out/per_genome_gff/ntm3_0_0808_ANCESTRAL.gff	107
ntm3_0_0809_ANCESTRAL	/mnt/nvme3n1/erikg/phind-genome-work/ntm/v3/annotation/pharokka_out/per_genome_gff/ntm3_0_0809_ANCESTRAL.gff	10
ntm3_0_0810_ANCESTRAL	/mnt/nvme3n1/erikg/phind-genome-work/ntm/v3/annotation/pharokka_out/per_genome_gff/ntm3_0_0810_ANCESTRAL.gff	130
ntm3_0_0811_ANCESTRAL	/mnt/nvme3n1/erikg/phind-genome-work/ntm/v3/annotation/pharokka_out/per_genome_gff/ntm3_0_0811_ANCESTRAL.gff	29
ntm3_0_0812_ANCESTRAL	/mnt/nvme3n1/erikg/phind-genome-work/ntm/v3/annotation/pharokka_out/per_genome_gff/ntm3_0_0812_ANCESTRAL.gff	37
ntm3_0_0814_ANCESTRAL	/mnt/nvme3n1/erikg/phind-genome-work/ntm/v3/annotation/pharokka_out/per_genome_gff/ntm3_0_0814_ANCESTRAL.gff	140
ntm3_0_0815_ANCESTRAL	/mnt/nvme3n1/erikg/phind-genome-work/ntm/v3/annotation/pharokka_out/per_genome_gff/ntm3_0_0815_ANCESTRAL.gff	28
ntm3_0_0816_ANCESTRAL	/mnt/nvme3n1/erikg/phind-genome-work/ntm/v3/annotation/pharokka_out/per_genome_gff/ntm3_0_0816_ANCESTRAL.gff	6
ntm3_0_0817_ANCESTRAL	/mnt/nvme3n1/erikg/phind-genome-work/ntm/v3/annotation/pharokka_out/per_genome_gff/ntm3_0_0817_ANCESTRAL.gff	135
ntm3_0_0818_ANCESTRAL	/mnt/nvme3n1/erikg/phind-genome-work/ntm/v3/annotation/pharokka_out/per_genome_gff/ntm3_0_0818_ANCESTRAL.gff	27
ntm3_0_0819_ANCESTRAL	/mnt/nvme3n1/erikg/phind-genome-work/ntm/v3/annotation/pharokka_out/per_genome_gff/ntm3_0_0819_ANCESTRAL.gff	113
ntm3_0_0820_ANCESTRAL	/mnt/nvme3n1/erikg/phind-genome-work/ntm/v3/annotation/pharokka_out/per_genome_gff/ntm3_0_0820_ANCESTRAL.gff	198
ntm3_0_0824_ANCESTRAL	/mnt/nvme3n1/erikg/phind-genome-work/ntm/v3/annotation/pharokka_out/per_genome_gff/ntm3_0_0824_ANCESTRAL.gff	18
ntm3_0_0825_ANCESTRAL	/mnt/nvme3n1/erikg/phind-genome-work/ntm/v3/annotation/pharokka_out/per_genome_gff/ntm3_0_0825_ANCESTRAL.gff	7
ntm3_0_0827_ANCESTRAL	/mnt/nvme3n1/erikg/phind-genome-work/ntm/v3/annotation/pharokka_out/per_genome_gff/ntm3_0_0827_ANCESTRAL.gff	25
ntm3_0_0829_ANCESTRAL	/mnt/nvme3n1/erikg/phind-genome-work/ntm/v3/annotation/pharokka_out/per_genome_gff/ntm3_0_0829_ANCESTRAL.gff	65
ntm3_0_0830_ANCESTRAL	/mnt/nvme3n1/erikg/phind-genome-work/ntm/v3/annotation/pharokka_out/per_genome_gff/ntm3_0_0830_ANCESTRAL.gff	29
ntm3_0_0831_ANCESTRAL	/mnt/nvme3n1/erikg/phind-genome-work/ntm/v3/annotation/pharokka_out/per_genome_gff/ntm3_0_0831_ANCESTRAL.gff	100
ntm3_0_0836_ANCESTRAL	/mnt/nvme3n1/erikg/phind-genome-work/ntm/v3/annotation/pharokka_out/per_genome_gff/ntm3_0_0836_ANCESTRAL.gff	13
ntm3_0_0837_ANCESTRAL	/mnt/nvme3n1/erikg/phind-genome-work/ntm/v3/annotation/pharokka_out/per_genome_gff/ntm3_0_0837_ANCESTRAL.gff	5
ntm3_0_0838_ANCESTRAL	/mnt/nvme3n1/erikg/phind-genome-work/ntm/v3/annotation/pharokka_out/per_genome_gff/ntm3_0_0838_ANCESTRAL.gff	18
ntm3_0_0839_ANCESTRAL	/mnt/nvme3n1/erikg/phind-genome-work/ntm/v3/annotation/pharokka_out/per_genome_gff/ntm3_0_0839_ANCESTRAL.gff	50
ntm3_0_0840_ANCESTRAL	/mnt/nvme3n1/erikg/phind-genome-work/ntm/v3/annotation/pharokka_out/per_genome_gff/ntm3_0_0840_ANCESTRAL.gff	31
ntm3_0_0842_ANCESTRAL	/mnt/nvme3n1/erikg/phind-genome-work/ntm/v3/annotation/pharokka_out/per_genome_gff/ntm3_0_0842_ANCESTRAL.gff	43
ntm3_0_0844_ANCESTRAL	/mnt/nvme3n1/erikg/phind-genome-work/ntm/v3/annotation/pharokka_out/per_genome_gff/ntm3_0_0844_ANCESTRAL.gff	36
ntm3_0_0845_ANCESTRAL	/mnt/nvme3n1/erikg/phind-genome-work/ntm/v3/annotation/pharokka_out/per_genome_gff/ntm3_0_0845_ANCESTRAL.gff	5
ntm3_0_0847_ANCESTRAL	/mnt/nvme3n1/erikg/phind-genome-work/ntm/v3/annotation/pharokka_out/per_genome_gff/ntm3_0_0847_ANCESTRAL.gff	21
ntm3_0_0849_ANCESTRAL	/mnt/nvme3n1/erikg/phind-genome-work/ntm/v3/annotation/pharokka_out/per_genome_gff/ntm3_0_0849_ANCESTRAL.gff	47
ntm3_0_0850_ANCESTRAL	/mnt/nvme3n1/erikg/phind-genome-work/ntm/v3/annotation/pharokka_out/per_genome_gff/ntm3_0_0850_ANCESTRAL.gff	113
ntm3_0_0851_ANCESTRAL	/mnt/nvme3n1/erikg/phind-genome-work/ntm/v3/annotation/pharokka_out/per_genome_gff/ntm3_0_0851_ANCESTRAL.gff	15
ntm3_0_0852_ANCESTRAL	/mnt/nvme3n1/erikg/phind-genome-work/ntm/v3/annotation/pharokka_out/per_genome_gff/ntm3_0_0852_ANCESTRAL.gff	10
ntm3_0_0853_ANCESTRAL	/mnt/nvme3n1/erikg/phind-genome-work/ntm/v3/annotation/pharokka_out/per_genome_gff/ntm3_0_0853_ANCESTRAL.gff	82
ntm3_0_0855_ANCESTRAL	/mnt/nvme3n1/erikg/phind-genome-work/ntm/v3/annotation/pharokka_out/per_genome_gff/ntm3_0_0855_ANCESTRAL.gff	132
ntm3_0_0856_ANCESTRAL	/mnt/nvme3n1/erikg/phind-genome-work/ntm/v3/annotation/pharokka_out/per_genome_gff/ntm3_0_0856_ANCESTRAL.gff	15
ntm3_0_0858_ANCESTRAL	/mnt/nvme3n1/erikg/phind-genome-work/ntm/v3/annotation/pharokka_out/per_genome_gff/ntm3_0_0858_ANCESTRAL.gff	31
ntm3_0_0860_ANCESTRAL	/mnt/nvme3n1/erikg/phind-genome-work/ntm/v3/annotation/pharokka_out/per_genome_gff/ntm3_0_0860_ANCESTRAL.gff	45
ntm3_0_0861_ANCESTRAL	/mnt/nvme3n1/erikg/phind-genome-work/ntm/v3/annotation/pharokka_out/per_genome_gff/ntm3_0_0861_ANCESTRAL.gff	29
ntm3_0_0862_ANCESTRAL	/mnt/nvme3n1/erikg/phind-genome-work/ntm/v3/annotation/pharokka_out/per_genome_gff/ntm3_0_0862_ANCESTRAL.gff	168
ntm3_0_0863_ANCESTRAL	/mnt/nvme3n1/erikg/phind-genome-work/ntm/v3/annotation/pharokka_out/per_genome_gff/ntm3_0_0863_ANCESTRAL.gff	178
ntm3_0_0864_ANCESTRAL	/mnt/nvme3n1/erikg/phind-genome-work/ntm/v3/annotation/pharokka_out/per_genome_gff/ntm3_0_0864_ANCESTRAL.gff	57
ntm3_0_0865_ANCESTRAL	/mnt/nvme3n1/erikg/phind-genome-work/ntm/v3/annotation/pharokka_out/per_genome_gff/ntm3_0_0865_ANCESTRAL.gff	3
ntm3_0_0866_ANCESTRAL	/mnt/nvme3n1/erikg/phind-genome-work/ntm/v3/annotation/pharokka_out/per_genome_gff/ntm3_0_0866_ANCESTRAL.gff	9
ntm3_0_0867_ANCESTRAL	/mnt/nvme3n1/erikg/phind-genome-work/ntm/v3/annotation/pharokka_out/per_genome_gff/ntm3_0_0867_ANCESTRAL.gff	15
ntm3_0_0868_ANCESTRAL	/mnt/nvme3n1/erikg/phind-genome-work/ntm/v3/annotation/pharokka_out/per_genome_gff/ntm3_0_0868_ANCESTRAL.gff	17
ntm3_0_0869_ANCESTRAL	/mnt/nvme3n1/erikg/phind-genome-work/ntm/v3/annotation/pharokka_out/per_genome_gff/ntm3_0_0869_ANCESTRAL.gff	32
ntm3_0_0870_ANCESTRAL	/mnt/nvme3n1/erikg/phind-genome-work/ntm/v3/annotation/pharokka_out/per_genome_gff/ntm3_0_0870_ANCESTRAL.gff	21
ntm3_0_0871_ANCESTRAL	/mnt/nvme3n1/erikg/phind-genome-work/ntm/v3/annotation/pharokka_out/per_genome_gff/ntm3_0_0871_ANCESTRAL.gff	21
ntm3_0_0872_ANCESTRAL	/mnt/nvme3n1/erikg/phind-genome-work/ntm/v3/annotation/pharokka_out/per_genome_gff/ntm3_0_0872_ANCESTRAL.gff	12
ntm3_0_0874_ANCESTRAL	/mnt/nvme3n1/erikg/phind-genome-work/ntm/v3/annotation/pharokka_out/per_genome_gff/ntm3_0_0874_ANCESTRAL.gff	10
ntm3_0_0875_ANCESTRAL	/mnt/nvme3n1/erikg/phind-genome-work/ntm/v3/annotation/pharokka_out/per_genome_gff/ntm3_0_0875_ANCESTRAL.gff	7
ntm3_0_0876_ANCESTRAL	/mnt/nvme3n1/erikg/phind-genome-work/ntm/v3/annotation/pharokka_out/per_genome_gff/ntm3_0_0876_ANCESTRAL.gff	24
ntm3_0_0877_ANCESTRAL	/mnt/nvme3n1/erikg/phind-genome-work/ntm/v3/annotation/pharokka_out/per_genome_gff/ntm3_0_0877_ANCESTRAL.gff	6
ntm3_0_0878_ANCESTRAL	/mnt/nvme3n1/erikg/phind-genome-work/ntm/v3/annotation/pharokka_out/per_genome_gff/ntm3_0_0878_ANCESTRAL.gff	25
ntm3_0_0879_ANCESTRAL	/mnt/nvme3n1/erikg/phind-genome-work/ntm/v3/annotation/pharokka_out/per_genome_gff/ntm3_0_0879_ANCESTRAL.gff	31
ntm3_0_0880_ANCESTRAL	/mnt/nvme3n1/erikg/phind-genome-work/ntm/v3/annotation/pharokka_out/per_genome_gff/ntm3_0_0880_ANCESTRAL.gff	45
ntm3_0_0881_ANCESTRAL	/mnt/nvme3n1/erikg/phind-genome-work/ntm/v3/annotation/pharokka_out/per_genome_gff/ntm3_0_0881_ANCESTRAL.gff	61
ntm3_0_0882_ANCESTRAL	/mnt/nvme3n1/erikg/phind-genome-work/ntm/v3/annotation/pharokka_out/per_genome_gff/ntm3_0_0882_ANCESTRAL.gff	57
ntm3_0_0883_ANCESTRAL	/mnt/nvme3n1/erikg/phind-genome-work/ntm/v3/annotation/pharokka_out/per_genome_gff/ntm3_0_0883_ANCESTRAL.gff	51
ntm3_0_0884_ANCESTRAL	/mnt/nvme3n1/erikg/phind-genome-work/ntm/v3/annotation/pharokka_out/per_genome_gff/ntm3_0_0884_ANCESTRAL.gff	18
ntm3_0_0885_ANCESTRAL	/mnt/nvme3n1/erikg/phind-genome-work/ntm/v3/annotation/pharokka_out/per_genome_gff/ntm3_0_0885_ANCESTRAL.gff	17
ntm3_0_0886_ANCESTRAL	/mnt/nvme3n1/erikg/phind-genome-work/ntm/v3/annotation/pharokka_out/per_genome_gff/ntm3_0_0886_ANCESTRAL.gff	58
ntm3_0_0888_ANCESTRAL	/mnt/nvme3n1/erikg/phind-genome-work/ntm/v3/annotation/pharokka_out/per_genome_gff/ntm3_0_0888_ANCESTRAL.gff	14
ntm3_0_0889_ANCESTRAL	/mnt/nvme3n1/erikg/phind-genome-work/ntm/v3/annotation/pharokka_out/per_genome_gff/ntm3_0_0889_ANCESTRAL.gff	54
ntm3_0_0890_ANCESTRAL	/mnt/nvme3n1/erikg/phind-genome-work/ntm/v3/annotation/pharokka_out/per_genome_gff/ntm3_0_0890_ANCESTRAL.gff	28
ntm3_0_0893_ANCESTRAL	/mnt/nvme3n1/erikg/phind-genome-work/ntm/v3/annotation/pharokka_out/per_genome_gff/ntm3_0_0893_ANCESTRAL.gff	25
ntm3_0_0894_ANCESTRAL	/mnt/nvme3n1/erikg/phind-genome-work/ntm/v3/annotation/pharokka_out/per_genome_gff/ntm3_0_0894_ANCESTRAL.gff	10
ntm3_0_0895_ANCESTRAL	/mnt/nvme3n1/erikg/phind-genome-work/ntm/v3/annotation/pharokka_out/per_genome_gff/ntm3_0_0895_ANCESTRAL.gff	28
ntm3_0_0896_ANCESTRAL	/mnt/nvme3n1/erikg/phind-genome-work/ntm/v3/annotation/pharokka_out/per_genome_gff/ntm3_0_0896_ANCESTRAL.gff	5
ntm3_0_0897_ANCESTRAL	/mnt/nvme3n1/erikg/phind-genome-work/ntm/v3/annotation/pharokka_out/per_genome_gff/ntm3_0_0897_ANCESTRAL.gff	15
ntm3_0_0898_ANCESTRAL	/mnt/nvme3n1/erikg/phind-genome-work/ntm/v3/annotation/pharokka_out/per_genome_gff/ntm3_0_0898_ANCESTRAL.gff	13
ntm3_0_0900_ANCESTRAL	/mnt/nvme3n1/erikg/phind-genome-work/ntm/v3/annotation/pharokka_out/per_genome_gff/ntm3_0_0900_ANCESTRAL.gff	42
ntm3_0_0902_ANCESTRAL	/mnt/nvme3n1/erikg/phind-genome-work/ntm/v3/annotation/pharokka_out/per_genome_gff/ntm3_0_0902_ANCESTRAL.gff	56
ntm3_0_0904_ANCESTRAL	/mnt/nvme3n1/erikg/phind-genome-work/ntm/v3/annotation/pharokka_out/per_genome_gff/ntm3_0_0904_ANCESTRAL.gff	7
ntm3_0_0905_ANCESTRAL	/mnt/nvme3n1/erikg/phind-genome-work/ntm/v3/annotation/pharokka_out/per_genome_gff/ntm3_0_0905_ANCESTRAL.gff	18
ntm3_0_0906_ANCESTRAL	/mnt/nvme3n1/erikg/phind-genome-work/ntm/v3/annotation/pharokka_out/per_genome_gff/ntm3_0_0906_ANCESTRAL.gff	17
ntm3_0_0907_ANCESTRAL	/mnt/nvme3n1/erikg/phind-genome-work/ntm/v3/annotation/pharokka_out/per_genome_gff/ntm3_0_0907_ANCESTRAL.gff	21
ntm3_0_0910_ANCESTRAL	/mnt/nvme3n1/erikg/phind-genome-work/ntm/v3/annotation/pharokka_out/per_genome_gff/ntm3_0_0910_ANCESTRAL.gff	8
ntm3_0_0911_ANCESTRAL	/mnt/nvme3n1/erikg/phind-genome-work/ntm/v3/annotation/pharokka_out/per_genome_gff/ntm3_0_0911_ANCESTRAL.gff	14
ntm3_0_0913_ANCESTRAL	/mnt/nvme3n1/erikg/phind-genome-work/ntm/v3/annotation/pharokka_out/per_genome_gff/ntm3_0_0913_ANCESTRAL.gff	6
ntm3_0_0915_ANCESTRAL	/mnt/nvme3n1/erikg/phind-genome-work/ntm/v3/annotation/pharokka_out/per_genome_gff/ntm3_0_0915_ANCESTRAL.gff	59
ntm3_0_0916_ANCESTRAL	/mnt/nvme3n1/erikg/phind-genome-work/ntm/v3/annotation/pharokka_out/per_genome_gff/ntm3_0_0916_ANCESTRAL.gff	40
ntm3_0_0917_ANCESTRAL	/mnt/nvme3n1/erikg/phind-genome-work/ntm/v3/annotation/pharokka_out/per_genome_gff/ntm3_0_0917_ANCESTRAL.gff	12
ntm3_0_0918_ANCESTRAL	/mnt/nvme3n1/erikg/phind-genome-work/ntm/v3/annotation/pharokka_out/per_genome_gff/ntm3_0_0918_ANCESTRAL.gff	43
ntm3_0_0919_ANCESTRAL	/mnt/nvme3n1/erikg/phind-genome-work/ntm/v3/annotation/pharokka_out/per_genome_gff/ntm3_0_0919_ANCESTRAL.gff	52
ntm3_0_0921_ANCESTRAL	/mnt/nvme3n1/erikg/phind-genome-work/ntm/v3/annotation/pharokka_out/per_genome_gff/ntm3_0_0921_ANCESTRAL.gff	5
ntm3_0_0922_ANCESTRAL	/mnt/nvme3n1/erikg/phind-genome-work/ntm/v3/annotation/pharokka_out/per_genome_gff/ntm3_0_0922_ANCESTRAL.gff	26
ntm3_0_0923_ANCESTRAL	/mnt/nvme3n1/erikg/phind-genome-work/ntm/v3/annotation/pharokka_out/per_genome_gff/ntm3_0_0923_ANCESTRAL.gff	20
ntm3_0_0928_ANCESTRAL	/mnt/nvme3n1/erikg/phind-genome-work/ntm/v3/annotation/pharokka_out/per_genome_gff/ntm3_0_0928_ANCESTRAL.gff	188
ntm3_0_0930_ANCESTRAL	/mnt/nvme3n1/erikg/phind-genome-work/ntm/v3/annotation/pharokka_out/per_genome_gff/ntm3_0_0930_ANCESTRAL.gff	98
ntm3_0_0931_ANCESTRAL	/mnt/nvme3n1/erikg/phind-genome-work/ntm/v3/annotation/pharokka_out/per_genome_gff/ntm3_0_0931_ANCESTRAL.gff	169
ntm3_0_0932_ANCESTRAL	/mnt/nvme3n1/erikg/phind-genome-work/ntm/v3/annotation/pharokka_out/per_genome_gff/ntm3_0_0932_ANCESTRAL.gff	64
ntm3_0_0933_ANCESTRAL	/mnt/nvme3n1/erikg/phind-genome-work/ntm/v3/annotation/pharokka_out/per_genome_gff/ntm3_0_0933_ANCESTRAL.gff	63
ntm3_0_0934_ANCESTRAL	/mnt/nvme3n1/erikg/phind-genome-work/ntm/v3/annotation/pharokka_out/per_genome_gff/ntm3_0_0934_ANCESTRAL.gff	6
ntm3_0_0935_ANCESTRAL	/mnt/nvme3n1/erikg/phind-genome-work/ntm/v3/annotation/pharokka_out/per_genome_gff/ntm3_0_0935_ANCESTRAL.gff	28
ntm3_0_0936_ANCESTRAL	/mnt/nvme3n1/erikg/phind-genome-work/ntm/v3/annotation/pharokka_out/per_genome_gff/ntm3_0_0936_ANCESTRAL.gff	18
ntm3_0_0937_ANCESTRAL	/mnt/nvme3n1/erikg/phind-genome-work/ntm/v3/annotation/pharokka_out/per_genome_gff/ntm3_0_0937_ANCESTRAL.gff	18
ntm3_0_0938_ANCESTRAL	/mnt/nvme3n1/erikg/phind-genome-work/ntm/v3/annotation/pharokka_out/per_genome_gff/ntm3_0_0938_ANCESTRAL.gff	18
ntm3_0_0939_ANCESTRAL	/mnt/nvme3n1/erikg/phind-genome-work/ntm/v3/annotation/pharokka_out/per_genome_gff/ntm3_0_0939_ANCESTRAL.gff	34
ntm3_0_0945_ANCESTRAL	/mnt/nvme3n1/erikg/phind-genome-work/ntm/v3/annotation/pharokka_out/per_genome_gff/ntm3_0_0945_ANCESTRAL.gff	35
ntm3_0_0946_ANCESTRAL	/mnt/nvme3n1/erikg/phind-genome-work/ntm/v3/annotation/pharokka_out/per_genome_gff/ntm3_0_0946_ANCESTRAL.gff	10
ntm3_0_1156_ANCESTRAL	/mnt/nvme3n1/erikg/phind-genome-work/ntm/v3/annotation/pharokka_out/per_genome_gff/ntm3_0_1156_ANCESTRAL.gff	296
ntm3_0_1157_ANCESTRAL	/mnt/nvme3n1/erikg/phind-genome-work/ntm/v3/annotation/pharokka_out/per_genome_gff/ntm3_0_1157_ANCESTRAL.gff	299
ntm3_0_1158_ANCESTRAL	/mnt/nvme3n1/erikg/phind-genome-work/ntm/v3/annotation/pharokka_out/per_genome_gff/ntm3_0_1158_ANCESTRAL.gff	66
ntm3_0_1159_ANCESTRAL	/mnt/nvme3n1/erikg/phind-genome-work/ntm/v3/annotation/pharokka_out/per_genome_gff/ntm3_0_1159_ANCESTRAL.gff	80
ntm3_0_1163_ANCESTRAL	/mnt/nvme3n1/erikg/phind-genome-work/ntm/v3/annotation/pharokka_out/per_genome_gff/ntm3_0_1163_ANCESTRAL.gff	42
ntm3_0_1168_ANCESTRAL	/mnt/nvme3n1/erikg/phind-genome-work/ntm/v3/annotation/pharokka_out/per_genome_gff/ntm3_0_1168_ANCESTRAL.gff	83
ntm3_0_1169_ANCESTRAL	/mnt/nvme3n1/erikg/phind-genome-work/ntm/v3/annotation/pharokka_out/per_genome_gff/ntm3_0_1169_ANCESTRAL.gff	51
ntm3_0_1170_ANCESTRAL	/mnt/nvme3n1/erikg/phind-genome-work/ntm/v3/annotation/pharokka_out/per_genome_gff/ntm3_0_1170_ANCESTRAL.gff	99
ntm3_0_1171_ANCESTRAL	/mnt/nvme3n1/erikg/phind-genome-work/ntm/v3/annotation/pharokka_out/per_genome_gff/ntm3_0_1171_ANCESTRAL.gff	69
ntm3_0_1176_ANCESTRAL	/mnt/nvme3n1/erikg/phind-genome-work/ntm/v3/annotation/pharokka_out/per_genome_gff/ntm3_0_1176_ANCESTRAL.gff	93
ntm3_0_1177_ANCESTRAL	/mnt/nvme3n1/erikg/phind-genome-work/ntm/v3/annotation/pharokka_out/per_genome_gff/ntm3_0_1177_ANCESTRAL.gff	15
ntm3_0_1178_ANCESTRAL	/mnt/nvme3n1/erikg/phind-genome-work/ntm/v3/annotation/pharokka_out/per_genome_gff/ntm3_0_1178_ANCESTRAL.gff	52
ntm3_0_1179_ANCESTRAL	/mnt/nvme3n1/erikg/phind-genome-work/ntm/v3/annotation/pharokka_out/per_genome_gff/ntm3_0_1179_ANCESTRAL.gff	12
ntm3_0_1180_ANCESTRAL	/mnt/nvme3n1/erikg/phind-genome-work/ntm/v3/annotation/pharokka_out/per_genome_gff/ntm3_0_1180_ANCESTRAL.gff	29
ntm3_0_1181_ANCESTRAL	/mnt/nvme3n1/erikg/phind-genome-work/ntm/v3/annotation/pharokka_out/per_genome_gff/ntm3_0_1181_ANCESTRAL.gff	11
ntm3_0_1182_ANCESTRAL	/mnt/nvme3n1/erikg/phind-genome-work/ntm/v3/annotation/pharokka_out/per_genome_gff/ntm3_0_1182_ANCESTRAL.gff	52
ntm3_0_1183_ANCESTRAL	/mnt/nvme3n1/erikg/phind-genome-work/ntm/v3/annotation/pharokka_out/per_genome_gff/ntm3_0_1183_ANCESTRAL.gff	41
ntm3_0_1184_ANCESTRAL	/mnt/nvme3n1/erikg/phind-genome-work/ntm/v3/annotation/pharokka_out/per_genome_gff/ntm3_0_1184_ANCESTRAL.gff	8
ntm3_0_1198_ANCESTRAL	/mnt/nvme3n1/erikg/phind-genome-work/ntm/v3/annotation/pharokka_out/per_genome_gff/ntm3_0_1198_ANCESTRAL.gff	16
ntm3_0_1199_ANCESTRAL	/mnt/nvme3n1/erikg/phind-genome-work/ntm/v3/annotation/pharokka_out/per_genome_gff/ntm3_0_1199_ANCESTRAL.gff	55
ntm3_0_1200_ANCESTRAL	/mnt/nvme3n1/erikg/phind-genome-work/ntm/v3/annotation/pharokka_out/per_genome_gff/ntm3_0_1200_ANCESTRAL.gff	239
ntm3_0_1201_ANCESTRAL	/mnt/nvme3n1/erikg/phind-genome-work/ntm/v3/annotation/pharokka_out/per_genome_gff/ntm3_0_1201_ANCESTRAL.gff	38
ntm3_0_1202_ANCESTRAL	/mnt/nvme3n1/erikg/phind-genome-work/ntm/v3/annotation/pharokka_out/per_genome_gff/ntm3_0_1202_ANCESTRAL.gff	23
ntm3_0_1203_ANCESTRAL	/mnt/nvme3n1/erikg/phind-genome-work/ntm/v3/annotation/pharokka_out/per_genome_gff/ntm3_0_1203_ANCESTRAL.gff	87
ntm3_0_1204_ANCESTRAL	/mnt/nvme3n1/erikg/phind-genome-work/ntm/v3/annotation/pharokka_out/per_genome_gff/ntm3_0_1204_ANCESTRAL.gff	27
ntm3_0_1205_ANCESTRAL	/mnt/nvme3n1/erikg/phind-genome-work/ntm/v3/annotation/pharokka_out/per_genome_gff/ntm3_0_1205_ANCESTRAL.gff	86
ntm3_0_1206_ANCESTRAL	/mnt/nvme3n1/erikg/phind-genome-work/ntm/v3/annotation/pharokka_out/per_genome_gff/ntm3_0_1206_ANCESTRAL.gff	13
ntm3_0_1213_ANCESTRAL	/mnt/nvme3n1/erikg/phind-genome-work/ntm/v3/annotation/pharokka_out/per_genome_gff/ntm3_0_1213_ANCESTRAL.gff	150
ntm3_0_1214_ANCESTRAL	/mnt/nvme3n1/erikg/phind-genome-work/ntm/v3/annotation/pharokka_out/per_genome_gff/ntm3_0_1214_ANCESTRAL.gff	14
ntm3_0_1215_ANCESTRAL	/mnt/nvme3n1/erikg/phind-genome-work/ntm/v3/annotation/pharokka_out/per_genome_gff/ntm3_0_1215_ANCESTRAL.gff	20
ntm3_0_1222_ANCESTRAL	/mnt/nvme3n1/erikg/phind-genome-work/ntm/v3/annotation/pharokka_out/per_genome_gff/ntm3_0_1222_ANCESTRAL.gff	230
ntm3_0_1223_ANCESTRAL	/mnt/nvme3n1/erikg/phind-genome-work/ntm/v3/annotation/pharokka_out/per_genome_gff/ntm3_0_1223_ANCESTRAL.gff	30
ntm3_0_1228_ANCESTRAL	/mnt/nvme3n1/erikg/phind-genome-work/ntm/v3/annotation/pharokka_out/per_genome_gff/ntm3_0_1228_ANCESTRAL.gff	63
ntm3_0_1230_ANCESTRAL	/mnt/nvme3n1/erikg/phind-genome-work/ntm/v3/annotation/pharokka_out/per_genome_gff/ntm3_0_1230_ANCESTRAL.gff	37
ntm3_0_1231_ANCESTRAL	/mnt/nvme3n1/erikg/phind-genome-work/ntm/v3/annotation/pharokka_out/per_genome_gff/ntm3_0_1231_ANCESTRAL.gff	63
ntm3_0_1234_ANCESTRAL	/mnt/nvme3n1/erikg/phind-genome-work/ntm/v3/annotation/pharokka_out/per_genome_gff/ntm3_0_1234_ANCESTRAL.gff	110
ntm3_0_1235_ANCESTRAL	/mnt/nvme3n1/erikg/phind-genome-work/ntm/v3/annotation/pharokka_out/per_genome_gff/ntm3_0_1235_ANCESTRAL.gff	16
ntm3_0_1236_ANCESTRAL	/mnt/nvme3n1/erikg/phind-genome-work/ntm/v3/annotation/pharokka_out/per_genome_gff/ntm3_0_1236_ANCESTRAL.gff	29
ntm3_0_1237_ANCESTRAL	/mnt/nvme3n1/erikg/phind-genome-work/ntm/v3/annotation/pharokka_out/per_genome_gff/ntm3_0_1237_ANCESTRAL.gff	28
ntm3_0_1238_ANCESTRAL	/mnt/nvme3n1/erikg/phind-genome-work/ntm/v3/annotation/pharokka_out/per_genome_gff/ntm3_0_1238_ANCESTRAL.gff	38
ntm3_0_1239_ANCESTRAL	/mnt/nvme3n1/erikg/phind-genome-work/ntm/v3/annotation/pharokka_out/per_genome_gff/ntm3_0_1239_ANCESTRAL.gff	28
ntm3_0_1242_ANCESTRAL	/mnt/nvme3n1/erikg/phind-genome-work/ntm/v3/annotation/pharokka_out/per_genome_gff/ntm3_0_1242_ANCESTRAL.gff	62
ntm3_0_1243_ANCESTRAL	/mnt/nvme3n1/erikg/phind-genome-work/ntm/v3/annotation/pharokka_out/per_genome_gff/ntm3_0_1243_ANCESTRAL.gff	36
ntm3_0_1244_ANCESTRAL	/mnt/nvme3n1/erikg/phind-genome-work/ntm/v3/annotation/pharokka_out/per_genome_gff/ntm3_0_1244_ANCESTRAL.gff	33
ntm3_0_1247_ANCESTRAL	/mnt/nvme3n1/erikg/phind-genome-work/ntm/v3/annotation/pharokka_out/per_genome_gff/ntm3_0_1247_ANCESTRAL.gff	22
ntm3_0_1248_ANCESTRAL	/mnt/nvme3n1/erikg/phind-genome-work/ntm/v3/annotation/pharokka_out/per_genome_gff/ntm3_0_1248_ANCESTRAL.gff	18
ntm3_0_1249_ANCESTRAL	/mnt/nvme3n1/erikg/phind-genome-work/ntm/v3/annotation/pharokka_out/per_genome_gff/ntm3_0_1249_ANCESTRAL.gff	9
ntm3_0_1250_ANCESTRAL	/mnt/nvme3n1/erikg/phind-genome-work/ntm/v3/annotation/pharokka_out/per_genome_gff/ntm3_0_1250_ANCESTRAL.gff	16
ntm3_0_1256_ANCESTRAL	/mnt/nvme3n1/erikg/phind-genome-work/ntm/v3/annotation/pharokka_out/per_genome_gff/ntm3_0_1256_ANCESTRAL.gff	97
ntm3_0_1257_ANCESTRAL	/mnt/nvme3n1/erikg/phind-genome-work/ntm/v3/annotation/pharokka_out/per_genome_gff/ntm3_0_1257_ANCESTRAL.gff	117
ntm3_0_1262_ANCESTRAL	/mnt/nvme3n1/erikg/phind-genome-work/ntm/v3/annotation/pharokka_out/per_genome_gff/ntm3_0_1262_ANCESTRAL.gff	30
ntm3_0_1263_ANCESTRAL	/mnt/nvme3n1/erikg/phind-genome-work/ntm/v3/annotation/pharokka_out/per_genome_gff/ntm3_0_1263_ANCESTRAL.gff	5
ntm3_0_1264_ANCESTRAL	/mnt/nvme3n1/erikg/phind-genome-work/ntm/v3/annotation/pharokka_out/per_genome_gff/ntm3_0_1264_ANCESTRAL.gff	34
ntm3_0_1271_ANCESTRAL	/mnt/nvme3n1/erikg/phind-genome-work/ntm/v3/annotation/pharokka_out/per_genome_gff/ntm3_0_1271_ANCESTRAL.gff	92
ntm3_0_1274_ANCESTRAL	/mnt/nvme3n1/erikg/phind-genome-work/ntm/v3/annotation/pharokka_out/per_genome_gff/ntm3_0_1274_ANCESTRAL.gff	137
ntm3_0_1275_ANCESTRAL	/mnt/nvme3n1/erikg/phind-genome-work/ntm/v3/annotation/pharokka_out/per_genome_gff/ntm3_0_1275_ANCESTRAL.gff	136
ntm3_0_1279_ANCESTRAL	/mnt/nvme3n1/erikg/phind-genome-work/ntm/v3/annotation/pharokka_out/per_genome_gff/ntm3_0_1279_ANCESTRAL.gff	27
ntm3_0_1280_ANCESTRAL	/mnt/nvme3n1/erikg/phind-genome-work/ntm/v3/annotation/pharokka_out/per_genome_gff/ntm3_0_1280_ANCESTRAL.gff	20
ntm3_0_1282_ANCESTRAL	/mnt/nvme3n1/erikg/phind-genome-work/ntm/v3/annotation/pharokka_out/per_genome_gff/ntm3_0_1282_ANCESTRAL.gff	28
ntm3_0_1283_ANCESTRAL	/mnt/nvme3n1/erikg/phind-genome-work/ntm/v3/annotation/pharokka_out/per_genome_gff/ntm3_0_1283_ANCESTRAL.gff	6
ntm3_0_1284_ANCESTRAL	/mnt/nvme3n1/erikg/phind-genome-work/ntm/v3/annotation/pharokka_out/per_genome_gff/ntm3_0_1284_ANCESTRAL.gff	9
ntm3_0_1286_ANCESTRAL	/mnt/nvme3n1/erikg/phind-genome-work/ntm/v3/annotation/pharokka_out/per_genome_gff/ntm3_0_1286_ANCESTRAL.gff	24
ntm3_0_1287_ANCESTRAL	/mnt/nvme3n1/erikg/phind-genome-work/ntm/v3/annotation/pharokka_out/per_genome_gff/ntm3_0_1287_ANCESTRAL.gff	14
ntm3_0_1290_ANCESTRAL	/mnt/nvme3n1/erikg/phind-genome-work/ntm/v3/annotation/pharokka_out/per_genome_gff/ntm3_0_1290_ANCESTRAL.gff	41
ntm3_0_1294_ANCESTRAL	/mnt/nvme3n1/erikg/phind-genome-work/ntm/v3/annotation/pharokka_out/per_genome_gff/ntm3_0_1294_ANCESTRAL.gff	34
ntm3_0_1295_ANCESTRAL	/mnt/nvme3n1/erikg/phind-genome-work/ntm/v3/annotation/pharokka_out/per_genome_gff/ntm3_0_1295_ANCESTRAL.gff	11
ntm3_0_1296_ANCESTRAL	/mnt/nvme3n1/erikg/phind-genome-work/ntm/v3/annotation/pharokka_out/per_genome_gff/ntm3_0_1296_ANCESTRAL.gff	22
