stage_b_order	accession	source_state	canonical_state	terminal_state	reason	row_sha256
1	GCF_000005845.2	COMPLETE	COMPLETE	VALIDATED	REUSED_PREDECESSOR_BY_DIGEST	751383265639f4a6966badba26d9aa807612fb054bfccb5ce51472735a8d8795
2	GCF_000812325.1	COMPLETE	COMPLETE	VALIDATED	REUSED_PREDECESSOR_BY_DIGEST	5674c3f2bec292520e7bb62e5ed1c73e70f4ba8217f35cc01c54f6b1f4ddbcdf
3	GCF_002302315.1	COMPLETE	COMPLETE	VALIDATED	REUSED_PREDECESSOR_BY_DIGEST	e3be65525e673c0b58681a54289cf6c3c8d25fe435da191061b8a6c6d88e2284
4	GCF_004664255.1	COMPLETE	COMPLETE	VALIDATED	REUSED_PREDECESSOR_BY_DIGEST	f6e0d5b891caed8ba84d5a0dd99aa65f8019bc52d92dd7e269d7291514a4500f
5	GCF_015644385.1	COMPLETE	COMPLETE	VALIDATED	REUSED_PREDECESSOR_BY_DIGEST	4db3ce5cf1691f780ccc0ce1640b6b0906aa1669035f1dc80ef28b6d1e919477
6	GCF_020829045.1	COMPLETE	COMPLETE	VALIDATED	REUSED_PREDECESSOR_BY_DIGEST	d91b00e7b15a7ba96e70cddce6ad328847026b35110dbc0f40003829a5df5c72
7	GCF_921380995.1	COMPLETE	COMPLETE	VALIDATED	REUSED_PREDECESSOR_BY_DIGEST	6bd6223be5570e3ddb0bb7015982d41bc73dd66fabb2f36a18c31882cab28bb2
8	GCF_000167895.3	COMPLETE	COMPLETE	VALIDATED	REUSED_PREDECESSOR_BY_DIGEST	23487038badbf28ca23374f7a1500f7c3e6a7c438dbbdbad4481426918a1d9e5
9	GCF_001881595.4	COMPLETE	COMPLETE	VALIDATED	REUSED_PREDECESSOR_BY_DIGEST	53e78e3f943f5454bea840928a340c769ad7859c1ac61892c1d4709abe81e6ee
10	GCF_000498835.2	COMPLETE	COMPLETE	VALIDATED	REUSED_PREDECESSOR_BY_DIGEST	4bdb68a969892c9150b6c29abbcfdf6370240e3be9cf33d9a25b45a7cf90b21e
11	GCF_015548345.1	COMPLETE	COMPLETE	VALIDATED	REUSED_PREDECESSOR_BY_DIGEST	e7ed36c1eff1e17f295b8ef9b34923e79da26bf507963f921803538e1b826d35
12	GCF_019926545.1	COMPLETE	COMPLETE	VALIDATED	REUSED_PREDECESSOR_BY_DIGEST	f682db76af92bee759da6416c4d60751656074d71f457b5c03158e7b07f37743
13	GCF_001614385.1	COMPLETE	COMPLETE	VALIDATED	REUSED_PREDECESSOR_BY_DIGEST	5981acc0a40b7a343a31a389fbf5818ae7c6483f198adb6ad67aec049fb72e6e
14	GCF_015551035.1	COMPLETE	COMPLETE	VALIDATED	REUSED_PREDECESSOR_BY_DIGEST	2c10b53664467797e4493cb1f138effe67fb9afd4b23d7c9cae420c247e73130
15	GCF_021354235.1	COMPLETE	COMPLETE	VALIDATED	REUSED_PREDECESSOR_BY_DIGEST	d9aa724db499a4d576491934396d9d82dc3b24189a526095f72ebd3d03abe196
16	GCF_002485085.1	COMPLETE	COMPLETE	VALIDATED	REUSED_PREDECESSOR_BY_DIGEST	3c0ae5e39c2f9dc12ce3c8b177916a1078dc283c93da36c5f371131bb389b301
17	GCF_014712315.1	COMPLETE	COMPLETE	VALIDATED	REUSED_PREDECESSOR_BY_DIGEST	bb7eb914a772ebca4d8e60877f6b98317c6bd403ebed7f5f80834b89bc1ff449
18	GCF_019120745.1	COMPLETE	COMPLETE	VALIDATED	REUSED_PREDECESSOR_BY_DIGEST	f7f01394fb47875b0ebc336df95b02239a75957e7014900e91efe55a6c8ba0ec
19	GCF_006350715.1	COMPLETE	COMPLETE	VALIDATED	REUSED_PREDECESSOR_BY_DIGEST	6185e3ed720375491b2543d32c1c1909486d069110ab7b1aec7f1c84ecca1257
20	GCF_002522525.1	COMPLETE	COMPLETE	VALIDATED	REUSED_PREDECESSOR_BY_DIGEST	3e9d157379654635a0d8242e7118dc9053dd897bf9739546b9f6641c8b6108a0
21	GCF_018790115.1	COMPLETE	COMPLETE	VALIDATED	REUSED_PREDECESSOR_BY_DIGEST	7addfcf11c7bb1940e6cb833760c2ee83b8f4790ea5c86912c16783e947fd2d9
22	GCF_002442365.1	COMPLETE	COMPLETE	VALIDATED	REUSED_PREDECESSOR_BY_DIGEST	810c4d9f52be861b798f495c18e4fb295410e01d0eb2e4672e25c9f0013a0844
23	GCF_005885955.1	COMPLETE	COMPLETE	VALIDATED	REUSED_PREDECESSOR_BY_DIGEST	ee45164d66fc8d371d4963459a70fc094ffe2fe6a48e0c4fceb3a54ee7c99f3e
24	GCF_002513075.1	COMPLETE	COMPLETE	VALIDATED	REUSED_PREDECESSOR_BY_DIGEST	d5f51361d6a77da443c92063a785e2a630a2b4a902b084a73860f03c89448a57
25	GCF_902810185.1	COMPLETE	COMPLETE	VALIDATED	REUSED_PREDECESSOR_BY_DIGEST	e536c6061a55ce71f38cee35521231309747567021bad1cc5bee973152faeb57
26	GCF_005043025.1	COMPLETE	COMPLETE	VALIDATED	REUSED_PREDECESSOR_BY_DIGEST	c01a30db3df415b8e47dbc5a189861119c4d49e71a568554d54524e5311d88af
27	GCF_017595115.1	COMPLETE	COMPLETE	VALIDATED	REUSED_PREDECESSOR_BY_DIGEST	17ccfb8e0ea622c09f0ca85b0ac29161572f7ff2e7317c4a3a1171d2b2371f5b
28	GCF_014528625.1	COMPLETE	COMPLETE	VALIDATED	REUSED_PREDECESSOR_BY_DIGEST	68a6577c7ee00e7a11965dac3cff2bbf5e5242d5abfb6393ba3d3cbb0eec12fb
29	GCF_008041205.1	COMPLETE	COMPLETE	VALIDATED	REUSED_PREDECESSOR_BY_DIGEST	edb76d5b7a9c8bde14cb18503622f0ee003e57ea18c5627d0df026ced2ebc368
30	GCF_009820795.1	COMPLETE	COMPLETE	VALIDATED	REUSED_PREDECESSOR_BY_DIGEST	05538940b30f8b668d92a542b0764470aecdfcd9d14f03c5d7198111d59ef56f
31	GCF_900479385.1	COMPLETE	COMPLETE	VALIDATED	REUSED_PREDECESSOR_BY_DIGEST	52864d9377f538007224e613a21e8773df7610935fa361784c82eed1fe90943d
32	GCF_004767475.1	COMPLETE	COMPLETE	VALIDATED	REUSED_PREDECESSOR_BY_DIGEST	39e23e08d0dcdf2f8c51fa831ee84982207d7326119e9b453e75b8b4f978e0f7
33	GCF_002519245.1	COMPLETE	COMPLETE	VALIDATED	REUSED_PREDECESSOR_BY_DIGEST	a3039fc8c0dfcaf3f34146dc58fbcb6dedbf84fb651d5a872c022264e34959dc
34	GCF_015644305.1	COMPLETE	COMPLETE	VALIDATED	REUSED_PREDECESSOR_BY_DIGEST	0aabaa712cf20d2a0265364ab804bc896a71e4659760ae950eddf287fb68119b
35	GCF_001616285.1	COMPLETE	COMPLETE	VALIDATED	REUSED_PREDECESSOR_BY_DIGEST	e6e9f8085d2425868f56462a0894ad221bd7f04f8542ec96da7c5d1d64496c5a
36	GCF_001614645.1	COMPLETE	COMPLETE	VALIDATED	REUSED_PREDECESSOR_BY_DIGEST	bfa13f0f0d1f78c16e106ad6061fbb91270e39d84e02e7beede66fe401c5107c
37	GCF_013370625.1	COMPLETE	COMPLETE	VALIDATED	REUSED_PREDECESSOR_BY_DIGEST	a01e34e7bbef675271408861d5f88f122f1e305f3f30e433c1c5bcbd36a92210
38	GCF_013608825.1	COMPLETE	COMPLETE	VALIDATED	REUSED_PREDECESSOR_BY_DIGEST	b3e9ebf93e10b978674b8ea0ab23b75ae2e53652b9d8b76d2417f768ab9da53c
39	GCF_005043625.1	COMPLETE	COMPLETE	VALIDATED	REUSED_PREDECESSOR_BY_DIGEST	bb99fd28713ff5d8755a047c29b451e55c1529dff3123db9e6664fc6813eb1cb
40	GCF_902163565.1	COMPLETE	COMPLETE	VALIDATED	REUSED_PREDECESSOR_BY_DIGEST	3198e3169229a2d36764b27b1a0f6eb4e6bcbaa0a7bee40c840f2d81c4494c1c
41	GCF_006351505.1	COMPLETE	COMPLETE	VALIDATED	REUSED_PREDECESSOR_BY_DIGEST	f7e3844d71badc6a19ebe9484afb25a79c75c64fdf0f83cd6c9f8dafe009d944
42	GCF_005039315.1	COMPLETE	COMPLETE	VALIDATED	REUSED_PREDECESSOR_BY_DIGEST	ba58a3058ce20d19abdcfe8f3b95448c91d5903ef63e0e1ce7c35fd3b6a8e21e
43	GCF_005384385.1	COMPLETE	COMPLETE	VALIDATED	REUSED_PREDECESSOR_BY_DIGEST	f682e3c0f7485adddae0292ae05137c2f5179da832586b87cbc2011167dd88ee
44	GCF_016530465.1	COMPLETE	COMPLETE	VALIDATED	REUSED_PREDECESSOR_BY_DIGEST	ab1f713ca2c9a51a3cd68f2d56b2b8c1cec51cc6fcc626f34505254f65261468
45	GCF_002152015.1	COMPLETE	COMPLETE	VALIDATED	REUSED_PREDECESSOR_BY_DIGEST	b72c54881b587411857892b03640db084e60cf9405d2a66473117b2e2306d334
46	GCF_018344735.1	COMPLETE	COMPLETE	VALIDATED	REUSED_PREDECESSOR_BY_DIGEST	b50236b96e91a4c96622d33ece501adf2ce47aab01bc4ae5f22c3e640811b60e
47	GCF_002513625.1	COMPLETE	COMPLETE	VALIDATED	REUSED_PREDECESSOR_BY_DIGEST	8cb7489ce8c44a32cfef811f8e50cbf7d68433f01bcf98846a25fc3a6ab015af
48	GCF_002229025.1	COMPLETE	COMPLETE	VALIDATED	REUSED_PREDECESSOR_BY_DIGEST	cfa664946eed998fe4a592716e6df2acdee83d3598bbf77afd9068a7b9cd8652
49	GCF_000778685.1	COMPLETE	COMPLETE	VALIDATED	REUSED_PREDECESSOR_BY_DIGEST	2c7980a542ef6471df321ce5f8295b5600b8c637a047d9d7d46e25d78284308a
50	GCF_020037245.1	COMPLETE	COMPLETE	VALIDATED	REUSED_PREDECESSOR_BY_DIGEST	ce82283f734e07be090acafcac7c0d062633d138930a248fdb730c60b2d41d2b
51	GCF_003731035.1	COMPLETE	COMPLETE	VALIDATED	REUSED_PREDECESSOR_BY_DIGEST	a2954fe9e156e94d4b44e6daab14c190716bb1cc6392ae4852c8e0e3dedb9e16
52	GCF_000326585.1	COMPLETE	COMPLETE	VALIDATED	REUSED_PREDECESSOR_BY_DIGEST	859b1fb1fd87c53942538157d8c16e6499f5c6ed26de74ac99df4076fe42951d
53	GCF_000780535.1	COMPLETE	COMPLETE	VALIDATED	REUSED_PREDECESSOR_BY_DIGEST	4287fbc9bd32d01a2a6550bc14c05943634c2de70e5faf76951e2fd382890453
54	GCF_003570445.1	COMPLETE	COMPLETE	VALIDATED	REUSED_PREDECESSOR_BY_DIGEST	720a07bc200ae250ca87c0e53a7096a7c84100bb8f4cf9eaac7632c3e2e6cfcf
55	GCF_000447005.2	COMPLETE	COMPLETE	VALIDATED	REUSED_PREDECESSOR_BY_DIGEST	ade291e70032101d941c1128a266965ae0d331da90d4f9021d3406f83bfdfc75
56	GCF_013073765.1	COMPLETE	COMPLETE	VALIDATED	REUSED_PREDECESSOR_BY_DIGEST	ef749e76455156ced44583d2fb9a83a6843b5a2dba748c64cb4285ce0baa37b7
57	GCF_005041275.1	COMPLETE	COMPLETE	VALIDATED	REUSED_PREDECESSOR_BY_DIGEST	0b65d08f63776d12784719dca77bae358a6bb0193c95baf428cb943a1b6842e0
58	GCF_014862465.1	COMPLETE	COMPLETE	VALIDATED	REUSED_PREDECESSOR_BY_DIGEST	31b4ff0f9a8b6dc3a210df99428f1a90e88819ecce59e49a43f4b805b5150310
59	GCF_900195795.1	COMPLETE	COMPLETE	VALIDATED	REUSED_PREDECESSOR_BY_DIGEST	93ee48b510faa68da3858da60d95e386f935fbfd32984345aeae6306aa74ea21
60	GCF_014878375.1	COMPLETE	COMPLETE	VALIDATED	REUSED_PREDECESSOR_BY_DIGEST	d1ca9e83113cdfd3b46f3340c4e241a5c6cb61a5fafe4565242e9c2bf6d1460b
61	GCF_921293415.1	COMPLETE	COMPLETE	VALIDATED	REUSED_PREDECESSOR_BY_DIGEST	509dbd63f471771b4e0548bdd4d2b894638a076378fac7e4b31669383aa52dc6
62	GCF_006229985.1	COMPLETE	COMPLETE	VALIDATED	REUSED_PREDECESSOR_BY_DIGEST	a7aa079f727d462460a259fde33605f9248711162ea0ef56cc087dfd475263c6
63	GCF_005045505.1	COMPLETE	COMPLETE	VALIDATED	REUSED_PREDECESSOR_BY_DIGEST	8643c50dbabb8b7bc6d6937226174613fe214f57623c6c1b2d95477d4bd8e254
64	GCF_001660345.1	COMPLETE	COMPLETE	VALIDATED	REUSED_PREDECESSOR_BY_DIGEST	0bb9d2edb3bf300adf20239e917216dae51feecf53941d84c0f087494a4fd6bf
65	GCF_020162695.1	COMPLETE	COMPLETE	VALIDATED	REUSED_PREDECESSOR_BY_DIGEST	4c894e8af7abc4455129174431e9552307eece0a64c781457ace8c5752f56e3b
66	GCF_003981675.1	COMPLETE	COMPLETE	VALIDATED	REUSED_PREDECESSOR_BY_DIGEST	5c127a7aa64976942b863f7a488205d23eaf56dbffb317f5f7ee37bb8ae8fd2c
67	GCF_905330275.1	COMPLETE	COMPLETE	VALIDATED	REUSED_PREDECESSOR_BY_DIGEST	a86cbd7d559145f3c7601fc89b7ef3e50eb0be0ca578c877ad3b23267c2d9f47
68	GCF_001617565.1	COMPLETE	COMPLETE	VALIDATED	REUSED_PREDECESSOR_BY_DIGEST	cc5e359851ef65c16238a4013b3af7ef5ba46997739c2c661c89da8b7a1edceb
69	GCF_003983415.1	COMPLETE	COMPLETE	VALIDATED	REUSED_PREDECESSOR_BY_DIGEST	b2dc9b34c0227799720fb4b2320cd7f845d079f52f0e5a2e3ea781363a7287b9
70	GCF_009899475.1	COMPLETE	COMPLETE	VALIDATED	REUSED_PREDECESSOR_BY_DIGEST	4eeb58e0dae000a694da8ddf5364956b1914f5fe07ca1a95095957cdd092df04
71	GCF_002511115.1	COMPLETE	COMPLETE	VALIDATED	REUSED_PREDECESSOR_BY_DIGEST	a8ec5be407fc851076e128134158d7b31c3d35c33f497eb9b052055b7da3bdb1
72	GCF_001521595.1	COMPLETE	COMPLETE	VALIDATED	REUSED_PREDECESSOR_BY_DIGEST	7d815e545c4e5c25c1df4d33636b9e68fa9b9956b46ca814a2bb5218881a7db4
73	GCF_019351215.1	COMPLETE	COMPLETE	VALIDATED	REUSED_PREDECESSOR_BY_DIGEST	cd40dded2005a02174007e213dddf4325b3fdefa78526b45dcdf3936202b5dec
74	GCF_020731765.1	COMPLETE	COMPLETE	VALIDATED	REUSED_PREDECESSOR_BY_DIGEST	d65495812d6d5c8cca24233b2ae1eaf2d3176229bc3084c33172dd913f261c44
75	GCF_001577325.1	COMPLETE	COMPLETE	VALIDATED	REUSED_PREDECESSOR_BY_DIGEST	29a1fd45de240b1957dbadf010217ce1150abccb8db494dc1c343f93e98a7f4d
76	GCF_000777675.1	COMPLETE	COMPLETE	VALIDATED	REUSED_PREDECESSOR_BY_DIGEST	b982d3fb83c57f5576d4c19ee8b4484ed4a565cbb7ce5b1a8a04cf9abdad5c48
77	GCF_002109645.1	COMPLETE	COMPLETE	VALIDATED	REUSED_PREDECESSOR_BY_DIGEST	926f655565a24f93b81235364a0749a03e1c6ef7a5679d7ed1eab0af12540b64
78	GCF_003076715.1	COMPLETE	COMPLETE	VALIDATED	REUSED_PREDECESSOR_BY_DIGEST	262adabbd74c49491914082c006352097f68b49102a1a68461d481a6c4f2aecc
79	GCF_002518465.1	COMPLETE	COMPLETE	VALIDATED	REUSED_PREDECESSOR_BY_DIGEST	46c68667b595b8c2ec7f5881e3be8eed3859e97794e2181956f6fd18d928cc49
80	GCF_000459215.1	COMPLETE	COMPLETE	VALIDATED	REUSED_PREDECESSOR_BY_DIGEST	3adcbfcd3a6bda048d57fa2c9d99948a368dc95c73d268bc7cc552542cdf1a53
81	GCF_900010055.1	COMPLETE	COMPLETE	VALIDATED	REUSED_PREDECESSOR_BY_DIGEST	1c80aeb8c4129b79bca068edcc52a3de0e3dad880ac54c7c9ac2f1aecc02086b
82	GCF_002769075.1	COMPLETE	COMPLETE	VALIDATED	REUSED_PREDECESSOR_BY_DIGEST	5a106b98c96f7ff527ed34221c87b703a7e230d82e3c47c45da70789a516fd65
83	GCF_009910015.1	COMPLETE	COMPLETE	VALIDATED	REUSED_PREDECESSOR_BY_DIGEST	b40857d29df953b3541543c5e4ce1ecbc4f3962c5f9e306dacc73237d29e8bfe
84	GCF_013370905.1	COMPLETE	COMPLETE	VALIDATED	REUSED_PREDECESSOR_BY_DIGEST	1211d8372a61f8a6111923f6411c9990054dc1ec479a6eafa73a09beefa9db42
85	GCF_000619025.1	COMPLETE	COMPLETE	VALIDATED	REUSED_PREDECESSOR_BY_DIGEST	599a7f2296e4f9d94d32b65b04ef7016c8444182fcabf0d135d51d1d8b343f28
86	GCF_016404105.1	COMPLETE	COMPLETE	VALIDATED	REUSED_PREDECESSOR_BY_DIGEST	88be549c19b66996f0e8134ce300d50c94a22ab9f51e3b7ee49995d19cd6dbcf
87	GCF_902859475.1	COMPLETE	COMPLETE	VALIDATED	REUSED_PREDECESSOR_BY_DIGEST	8785f8b9e92283671f80608f61272d466016ceb4de26a4869a68c94ade80a854
88	GCF_019282095.1	COMPLETE	COMPLETE	VALIDATED	REUSED_PREDECESSOR_BY_DIGEST	a2fff619aa3867a3f11e73ba3eddddc35e298491a0eb4a04de37ff5622e44bcf
89	GCF_000326905.1	COMPLETE	COMPLETE	VALIDATED	REUSED_PREDECESSOR_BY_DIGEST	796ecec43ccd1f5822e2089f73ed27c7041e7dddb3136004cecf4b1bd6f3162d
90	GCF_003357545.1	COMPLETE	COMPLETE	VALIDATED	REUSED_PREDECESSOR_BY_DIGEST	9c5f4925ad7fcdc3ea2fd2eaedf432a3dba28e3216f765aa8dd2ab1f0f211906
91	GCF_001753505.1	COMPLETE	COMPLETE	VALIDATED	REUSED_PREDECESSOR_BY_DIGEST	e267e332c2bdb0dc8aebd7b2f282db6af8c92d89b6e4f6dd2d7593326345c94f
92	GCF_003292995.1	COMPLETE	COMPLETE	VALIDATED	REUSED_PREDECESSOR_BY_DIGEST	787e49da6ff35946e0b4fc7846f0d9f10abfd252d6fd5df817065ad2ba233245
93	GCF_001713625.1	COMPLETE	COMPLETE	VALIDATED	REUSED_PREDECESSOR_BY_DIGEST	e5e6f7335c3bdb77464523f8e0392e8cbab7204fd94a768700ea44c0256e3920
94	GCF_010592655.1	COMPLETE	COMPLETE	VALIDATED	REUSED_PREDECESSOR_BY_DIGEST	8e3adb5c4f4938b083016de7b6d294bca2a875869d82cd7b46816a358e159521
95	GCF_003322245.1	COMPLETE	COMPLETE	VALIDATED	REUSED_PREDECESSOR_BY_DIGEST	f8f46b5724751a0f75ee109f5bc164af900f8060d7a18aedd286e941b9c26f6e
96	GCF_900490675.1	COMPLETE	COMPLETE	VALIDATED	REUSED_PREDECESSOR_BY_DIGEST	3e6e2512e7a5487610341350a3d9b129cd490d28f7c68c7a7f1e10995b91763c
97	GCF_017896545.1	COMPLETE	COMPLETE	VALIDATED	REUSED_PREDECESSOR_BY_DIGEST	7b52b62007888ec9e3b3f52e40c1c6e953d7fe129714f1278405a755912f9e96
98	GCF_900499395.1	COMPLETE	COMPLETE	VALIDATED	REUSED_PREDECESSOR_BY_DIGEST	bd4188f4be1303c06e1bd3f76d7f3d7d63f128739c6d55b8ac3c11b2e77405c2
99	GCF_019957265.1	COMPLETE	COMPLETE	VALIDATED	REUSED_PREDECESSOR_BY_DIGEST	a28e09d23503442c083de05bc059b1613a53306326ce80c00949ff37e3011295
100	GCF_003730815.1	COMPLETE	COMPLETE	VALIDATED	REUSED_PREDECESSOR_BY_DIGEST	4308cfe96738ee487e7dacecf860fc1d3515db11bdf0047f31c13cf0dcf80baf
101	GCF_002810165.1	COMPLETE	COMPLETE	VALIDATED	REUSED_PREDECESSOR_BY_DIGEST	b1673155981675d77ea61734e942eae165f0c7c6ae0dae9606f9fa307f1976fd
102	GCF_003020885.1	COMPLETE	COMPLETE	VALIDATED	REUSED_PREDECESSOR_BY_DIGEST	7fe50f139543616c2e68e5c4acbfe1e37d8dbec74c6ca1b5d87477b2731c4d6b
103	GCF_019585745.1	COMPLETE	COMPLETE	VALIDATED	REUSED_PREDECESSOR_BY_DIGEST	96170ed14f46ab4806c877b2e5f20a5fe1dd8d3dbdfa707e042421b79bcabf7c
104	GCF_001519855.1	COMPLETE	COMPLETE	VALIDATED	REUSED_PREDECESSOR_BY_DIGEST	284caed4752e04d183ba4310ab1f3672c0c1fa8d346bd409b850bc624cb47f34
105	GCF_003361255.1	COMPLETE	COMPLETE	VALIDATED	REUSED_PREDECESSOR_BY_DIGEST	803b978ac93c487e13b1505ede463e3415d6d700898ac605966d503547e68850
106	GCF_020421595.1	COMPLETE	COMPLETE	VALIDATED	REUSED_PREDECESSOR_BY_DIGEST	0dccff77fd5bb1124997d06f55910d9e4ed2fc07824a7cdc22ce551b6dfe1de8
107	GCF_020381905.1	COMPLETE	COMPLETE	VALIDATED	REUSED_PREDECESSOR_BY_DIGEST	a0c4966178840a6cb907bcf5afa6a90baf18fcc3fd9761f74704d994863abbd2
108	GCF_005384845.1	COMPLETE	COMPLETE	VALIDATED	REUSED_PREDECESSOR_BY_DIGEST	63e99e021f378b358fb8e247664b1e8ffeefe5b88c2fdf4e5816995578b40dea
109	GCF_020553415.1	COMPLETE	COMPLETE	VALIDATED	REUSED_PREDECESSOR_BY_DIGEST	26af2db73bd92239707f37d553ef426ee3332f2a92e7b1ca7a47c7e2eb40baa0
110	GCF_003981865.1	COMPLETE	COMPLETE	VALIDATED	REUSED_PREDECESSOR_BY_DIGEST	c06fe853ea012aebffa12f3c093de7c3a118e8dcada992274e2a0f084d535b9f
111	GCF_900482585.1	COMPLETE	COMPLETE	VALIDATED	REUSED_PREDECESSOR_BY_DIGEST	010855a6fed4d8c62e22321e86dc7243e1342ef2f46b9f54ea110f6b298803e1
112	GCF_002486525.1	COMPLETE	COMPLETE	VALIDATED	REUSED_PREDECESSOR_BY_DIGEST	9a519fbc6250a7d75926974a1fc1e0a4591b407d32c94987fd1fef4743f6b225
113	GCF_900478915.1	COMPLETE	COMPLETE	VALIDATED	REUSED_PREDECESSOR_BY_DIGEST	b8510f3b70206be7eeba5e0d1bf789e15f59f8fbc3d7c0e99142aaa875ab468a
114	GCF_000457675.1	COMPLETE	COMPLETE	VALIDATED	REUSED_PREDECESSOR_BY_DIGEST	227b9e67921edd9e71a86d0c5c1b960b5e7f015ece4b7bc819f675a97aaae734
115	GCF_001621575.1	COMPLETE	COMPLETE	VALIDATED	REUSED_PREDECESSOR_BY_DIGEST	7c1af467061c4dd311de5e8a2043e195d1bdd6d9f947ae4d1b9e6c5ec6c3e302
116	GCF_009789895.1	COMPLETE	COMPLETE	VALIDATED	REUSED_PREDECESSOR_BY_DIGEST	7dc95e20919e3e63bc3b0f6e29447516a9987d7485f4c6b4f31f962cd0087a05
117	GCF_004566835.1	COMPLETE	COMPLETE	VALIDATED	REUSED_PREDECESSOR_BY_DIGEST	086f167c76af5198c8fc18865e36dc7e29800b8ae247135e7e515aa7b6627c7d
118	GCF_020023255.1	COMPLETE	COMPLETE	VALIDATED	REUSED_PREDECESSOR_BY_DIGEST	0be817b337f619735353343d8999cc4ba30262dc4d366196d3b55cf48ee4679b
119	GCF_002194865.1	COMPLETE	COMPLETE	VALIDATED	REUSED_PREDECESSOR_BY_DIGEST	82178685176ced1ef97b2a609072ab9f6475dc41d693bfba4a44876af6f87305
120	GCF_009882745.1	COMPLETE	COMPLETE	VALIDATED	REUSED_PREDECESSOR_BY_DIGEST	76e033ef9006ea685f4cf33a34b25db2b126f8044a0dfa0f5e1b0e6c9a0c138a
121	GCF_003302025.1	COMPLETE	COMPLETE	VALIDATED	REUSED_PREDECESSOR_BY_DIGEST	b21d1357eccaed2c2a2f604bcb2338d4192c061b012c8f8c38827e672912397c
122	GCF_002465545.1	COMPLETE	COMPLETE	VALIDATED	REUSED_PREDECESSOR_BY_DIGEST	5e591d4d4bff9d7cb80fd0e0889ca50a0b66ae76a5cf86c55c6a183add40c3bd
123	GCF_006542825.1	COMPLETE	COMPLETE	VALIDATED	REUSED_PREDECESSOR_BY_DIGEST	5874e96adbd721335a22593016ba818942ba5227de7037a277a922509d4ad1d0
124	GCF_009931235.1	COMPLETE	COMPLETE	VALIDATED	REUSED_PREDECESSOR_BY_DIGEST	c416a31b1a1980bc8a34c12b6060475ce5300ac17f95a74a9af1e2ef54373019
125	GCF_000835055.1	COMPLETE	COMPLETE	VALIDATED	REUSED_PREDECESSOR_BY_DIGEST	50d1a35b2ac0b05f4797af01bb3567a2187b244911e083f3ffaa99d838b42111
126	GCF_003293975.1	COMPLETE	COMPLETE	VALIDATED	REUSED_PREDECESSOR_BY_DIGEST	284ea6f1ee961b7fc031b23977bba8d8fd6fbf8e34948797c543139dc9f1ac0f
127	GCF_002116465.1	COMPLETE	COMPLETE	VALIDATED	REUSED_PREDECESSOR_BY_DIGEST	3b5386fbb72e32d337f952b7a077077922fc88c04ec435c55d6e4dd4cf4a1dc2
128	GCF_002228865.1	COMPLETE	COMPLETE	VALIDATED	REUSED_PREDECESSOR_BY_DIGEST	0528ee532c2117519d1eae1351b5aa98c9483551c14831e1c12387c5940a9874
129	GCF_002486585.1	COMPLETE	COMPLETE	VALIDATED	REUSED_PREDECESSOR_BY_DIGEST	28dcb1e75876c02e5690a5b68b72104e0d32ed3968a21caf3381c04b1c4dc2db
130	GCF_002244095.1	COMPLETE	COMPLETE	VALIDATED	REUSED_PREDECESSOR_BY_DIGEST	75883bf25bbaae2d65b0bb68a07ab96c03860e2edb1b4cc38862fcf99d0ee99b
131	GCF_001651605.1	COMPLETE	COMPLETE	VALIDATED	REUSED_PREDECESSOR_BY_DIGEST	2b4671bc7f597099e67fdd8b6fbe3ecb68d11370614e664cf20fd030947ff56b
132	GCF_019834335.1	COMPLETE	COMPLETE	VALIDATED	REUSED_PREDECESSOR_BY_DIGEST	fe7ee1aadd2fa48c025513e3f82bc8285e736f2a584fcf12a9634edd3c73d388
133	GCF_001266305.1	COMPLETE	COMPLETE	VALIDATED	REUSED_PREDECESSOR_BY_DIGEST	e123c0a3616bc59bd73ad0266cfb92bbbfbff58a081e579f0593be3a738b8a19
134	GCF_000357825.2	COMPLETE	COMPLETE	VALIDATED	REUSED_PREDECESSOR_BY_DIGEST	bed06a96c6a5d47a1333c9930ce0036d4d45441ac10a16cf8c820f6a7aa82224
135	GCF_009767495.1	COMPLETE	COMPLETE	VALIDATED	REUSED_PREDECESSOR_BY_DIGEST	ff655be1ab931a6bc1b8c7a281b2602ba0de2802024af1255896012ffcaa4e09
136	GCF_003988295.1	COMPLETE	COMPLETE	VALIDATED	REUSED_PREDECESSOR_BY_DIGEST	ee82b00852513592d63179a1d90b789e0db08260e8830638526bf42fd629157f
137	GCF_016404405.2	COMPLETE	COMPLETE	VALIDATED	REUSED_PREDECESSOR_BY_DIGEST	1b9a6b4357f17cb6cc999f003ccd1a8f78bdf39fb2e0bd86470a5658d64a7217
138	GCF_009794305.1	COMPLETE	COMPLETE	VALIDATED	REUSED_PREDECESSOR_BY_DIGEST	e0345eca3560076c8bb2c3fdf931408f0a1140c35a80afa128d81a3edd539e72
139	GCF_000355215.2	COMPLETE	COMPLETE	VALIDATED	REUSED_PREDECESSOR_BY_DIGEST	5ae4846e25a5699a1b2f8dff106cf2bfd727e8ade5412eb276713cf01a1538fc
140	GCF_001191045.1	COMPLETE	COMPLETE	VALIDATED	REUSED_PREDECESSOR_BY_DIGEST	93e5a3709749f5ed2cda5f30222663483bdb4618ffa588e2b702a5c6a6e6e1f7
141	GCF_016403925.1	COMPLETE	COMPLETE	VALIDATED	REUSED_PREDECESSOR_BY_DIGEST	0c010acab2517650a85c45cddcefa37c004e29cf33a378627e810109e7c42fc9
142	GCF_013391275.1	COMPLETE	COMPLETE	VALIDATED	REUSED_PREDECESSOR_BY_DIGEST	8df2005c030277f72564bdb04acf36e88357fd760bec2590bf5899223663395d
143	GCF_003076695.1	COMPLETE	COMPLETE	VALIDATED	REUSED_PREDECESSOR_BY_DIGEST	753af263552c8be4b6c43bd8c4bd4643203209688523a65688eeca9e47871558
144	GCF_013395855.1	COMPLETE	COMPLETE	VALIDATED	REUSED_PREDECESSOR_BY_DIGEST	b015342637ca41a3353d6653626221622a3e9de33bc1ce0b8face92738cca16b
145	GCF_900096855.1	COMPLETE	COMPLETE	VALIDATED	REUSED_PREDECESSOR_BY_DIGEST	b7e983dba05e7627107ec566c23c1694cea0b4d108082471115b7cc1b1ae0004
146	GCF_003731535.1	COMPLETE	COMPLETE	VALIDATED	REUSED_PREDECESSOR_BY_DIGEST	6803fbd63236c35f235ae147f3925023bf149c9e6fa6e7c2f00f17cdaa7d74a8
147	GCF_016103185.1	COMPLETE	COMPLETE	VALIDATED	REUSED_PREDECESSOR_BY_DIGEST	9329ba97b155f2eb530638f66246472ce55f7514413cbd61d6eeae0b663c4dd1
148	GCF_009393955.1	COMPLETE	COMPLETE	VALIDATED	REUSED_PREDECESSOR_BY_DIGEST	2da7dfcb5fd91a35ed1f55968402e5327a86970d462718cab60c4a279ff7fea3
149	GCF_002227115.1	COMPLETE	COMPLETE	VALIDATED	REUSED_PREDECESSOR_BY_DIGEST	7ca0cc2410950ead06bb9d60e46093579a085ad469f125fd86dc4f4c812b68a0
150	GCF_002542255.1	COMPLETE	COMPLETE	VALIDATED	REUSED_PREDECESSOR_BY_DIGEST	fc45906972b05e1c631097b14fb1e0765831f24555b5b4506c06a9f6a8c107c1
151	GCF_004569685.1	COMPLETE	COMPLETE	VALIDATED	REUSED_PREDECESSOR_BY_DIGEST	7b2df6fd47195cd08d860b2a9c136651c786c8d2196fbfd43a3b72d42c6e81fa
152	GCF_013395785.1	COMPLETE	COMPLETE	VALIDATED	REUSED_PREDECESSOR_BY_DIGEST	3bfde22b54ac500fb58e66025df37487068ac574ae143726ad7485d32339ca33
153	GCF_011404355.1	COMPLETE	COMPLETE	VALIDATED	REUSED_PREDECESSOR_BY_DIGEST	b5b6ed0d6d793e5a5b86c8cb98b1b170c2f6ce113f7c95ecf896b845a0f32b1c
154	GCF_002228265.1	COMPLETE	COMPLETE	VALIDATED	REUSED_PREDECESSOR_BY_DIGEST	9ebb8afb540c83406e4b7c12120071b7813df1e5ad11e7f50c4f01ee48de077c
155	GCF_004523615.1	COMPLETE	COMPLETE	VALIDATED	REUSED_PREDECESSOR_BY_DIGEST	5bdd686303fa3709f5ede7ac261599b9efe4234834c979b503e5bf60895d04da
156	GCF_019051815.1	COMPLETE	COMPLETE	VALIDATED	REUSED_PREDECESSOR_BY_DIGEST	ff4a4d0949f2ab1f97f0c41f38fc9b20fb384f32627f0fcd1ad06338360fa11b
157	GCF_016760895.1	COMPLETE	COMPLETE	VALIDATED	REUSED_PREDECESSOR_BY_DIGEST	58c63e40c27dc61dff9d075b2dc44d587bdad32f93262e855a8e46cc539d55ae
158	GCF_900500215.1	COMPLETE	COMPLETE	VALIDATED	REUSED_PREDECESSOR_BY_DIGEST	417ead4ecc6d7c02dc759f6e59b588f0f960b86a1c4fb2fb72880ff9ba080063
159	GCF_001894065.1	COMPLETE	COMPLETE	VALIDATED	REUSED_PREDECESSOR_BY_DIGEST	2b078d819d6c0322ce514bdeb6dc4ba24aabd21c305c2f562786a920d9ca3799
160	GCF_005399985.1	COMPLETE	COMPLETE	VALIDATED	REUSED_PREDECESSOR_BY_DIGEST	0333e7008e500ec0025f66534a1d647551c8db35115d7f835b9950d671c22150
161	GCF_900520305.1	COMPLETE	COMPLETE	VALIDATED	REUSED_PREDECESSOR_BY_DIGEST	3f0cfedae051c94f60f80b9b3fbd52e04d3f3795a05dae537d028204ff3a908a
162	GCF_000627985.1	COMPLETE	COMPLETE	VALIDATED	REUSED_PREDECESSOR_BY_DIGEST	bdab4c3640846792ad027b4c29710a73f6bbed2f831326bf8f4a34ba9476e425
163	GCF_002972665.1	COMPLETE	COMPLETE	VALIDATED	REUSED_PREDECESSOR_BY_DIGEST	03dd93382cea955904c28c6d65d107499f4fec045dc473fe653b9e1cd1e29cbc
164	GCF_013183145.1	COMPLETE	COMPLETE	VALIDATED	REUSED_PREDECESSOR_BY_DIGEST	5fd4d6468e6af14e3f729e6107312acdca6a32608ddbe0715058b8a0ad95419b
165	GCF_000458295.1	COMPLETE	COMPLETE	VALIDATED	REUSED_PREDECESSOR_BY_DIGEST	8c9cb613db61575ba2fef5a1ea505d62b2457994e04c779f5dd297d74a6482d2
166	GCF_020216385.1	COMPLETE	COMPLETE	VALIDATED	REUSED_PREDECESSOR_BY_DIGEST	eaa1e6ebb0d1dcc404ec966b355e4a60e1d489069a4ade4f2325ede9df3ff0a7
167	GCF_002464385.1	COMPLETE	COMPLETE	VALIDATED	REUSED_PREDECESSOR_BY_DIGEST	0592a0457e23035a209b06354cc6ff00aad3a5b9e472b0edee258b819afa23f1
168	GCF_004010615.1	COMPLETE	COMPLETE	VALIDATED	REUSED_PREDECESSOR_BY_DIGEST	f3324bd1b1a75ee8e30b1a694967097c6b8d3cf1ab52c057e6092e741d6ae489
169	GCF_006233005.1	COMPLETE	COMPLETE	VALIDATED	REUSED_PREDECESSOR_BY_DIGEST	36498f1223c8889b6b179de9f739ba460941b9a93356e16b3134dc5426fbe61c
170	GCF_019104325.1	COMPLETE	COMPLETE	VALIDATED	REUSED_PREDECESSOR_BY_DIGEST	ef236212388834aa547adf7f59eadaeddd6c9e8ebb981f7261edfaec68680093
171	GCF_000599645.1	COMPLETE	COMPLETE	VALIDATED	REUSED_PREDECESSOR_BY_DIGEST	c621da4cea6c07f75300918fa212dd7c9f8715b75d843b65fff68ba8d1ed4ec4
172	GCF_003956205.1	COMPLETE	COMPLETE	VALIDATED	REUSED_PREDECESSOR_BY_DIGEST	5c3df90be0b9fc63ee168ca49fe8bc1f94dd319596c7a10c1816e2420afeddd8
173	GCF_014169035.1	COMPLETE	COMPLETE	VALIDATED	REUSED_PREDECESSOR_BY_DIGEST	b7d8b000fb13d2cb63a2c10c8dd1d13de6e9c18b5039c167bc174ecd56b10dda
174	GCF_900016095.1	COMPLETE	COMPLETE	VALIDATED	REUSED_PREDECESSOR_BY_DIGEST	56668f5242ff47ed6ed62d3fdf622ce48aae290d1ed02f345dac30f2bbd57101
175	GCF_900015375.1	COMPLETE	COMPLETE	VALIDATED	REUSED_PREDECESSOR_BY_DIGEST	86b1e6be16ee7cd2b22ebf409b41f4489477eaa3bc5792d5f007b818c488a37c
176	GCF_000351505.1	COMPLETE	COMPLETE	VALIDATED	REUSED_PREDECESSOR_BY_DIGEST	94546210116fe8d662b884714690f9206b1a69dc5cf6ee4e41b30d8332cf9195
177	GCF_904809765.1	COMPLETE	COMPLETE	VALIDATED	REUSED_PREDECESSOR_BY_DIGEST	757c7c9ac6bd2d4c111123fe241f12d4715c49c38c705a6007957584bacf2ec4
178	GCF_015693755.1	COMPLETE	COMPLETE	VALIDATED	REUSED_PREDECESSOR_BY_DIGEST	f73e3b01c7d45b961a5bb3049c761d003008e8b6d15a5dee4711b5d855e6817d
179	GCF_021341955.1	COMPLETE	COMPLETE	VALIDATED	REUSED_PREDECESSOR_BY_DIGEST	4bd8612257751a94c1274f68a8269d46f49ab4f487ea5d4327131fd381ee5469
180	GCF_003292875.1	COMPLETE	COMPLETE	VALIDATED	REUSED_PREDECESSOR_BY_DIGEST	1c58bbeb3af6c7838125f3ac5ecd8abe00d0136a864e3f521115f431aded564f
181	GCF_000647475.1	COMPLETE	COMPLETE	VALIDATED	REUSED_PREDECESSOR_BY_DIGEST	779bc7d332455d23cd090c6bb3139cac43a5a6b1649666252567263ba9fb01d0
182	GCF_003293265.1	COMPLETE	COMPLETE	VALIDATED	REUSED_PREDECESSOR_BY_DIGEST	5d828b18f01a0baff5af5aafacb9258a5065991c232cf50e1e7bbff6c20312a4
183	GCF_002467555.1	COMPLETE	COMPLETE	VALIDATED	REUSED_PREDECESSOR_BY_DIGEST	6e97994ba8e9217e07c5541407f7e7502490a356d524a71080e1302d79b9f458
184	GCF_904810175.1	COMPLETE	COMPLETE	VALIDATED	REUSED_PREDECESSOR_BY_DIGEST	a0325973c384bab67635ca8d23dc487c2c1143b302053ee4bcb9643a3a113553
185	GCF_003367575.1	COMPLETE	COMPLETE	VALIDATED	REUSED_PREDECESSOR_BY_DIGEST	b35dca005071fc65614ec49c1b1bc3c8fcc0a0c82132f6cd2c00a551f7a10a7f
186	GCF_009880525.1	COMPLETE	COMPLETE	VALIDATED	REUSED_PREDECESSOR_BY_DIGEST	1fe657a19df55a24fee7abb8c0d7b874ee095c019a949a6efb356fada60c861f
187	GCF_000752535.1	COMPLETE	COMPLETE	VALIDATED	REUSED_PREDECESSOR_BY_DIGEST	4c38a1b6a05fd810f1e77b63597b5e4062bcc5e2b6fe912a7ae0acb29d94f5a0
188	GCF_011045875.1	COMPLETE	COMPLETE	VALIDATED	REUSED_PREDECESSOR_BY_DIGEST	02d1494333b15edcb5f3fa260128060c30bcd58d667168daf7a64ec3e7e30dc9
189	GCF_000442065.2	COMPLETE	COMPLETE	VALIDATED	REUSED_PREDECESSOR_BY_DIGEST	1399cc9107f2daa6cb5f3f58860a1593cda82c2d232cc6ee77ec21701de53c0b
190	GCF_003686895.1	COMPLETE	COMPLETE	VALIDATED	REUSED_PREDECESSOR_BY_DIGEST	af72f687e6f4adb260c55c8f25538d95c101bfad16d73a29db3a7c02478d3754
191	GCF_010820865.1	COMPLETE	COMPLETE	VALIDATED	REUSED_PREDECESSOR_BY_DIGEST	8191e1edb56b300db71f469f7b0fd0c5a2becff4b98de9e639482027d2cc3fb1
192	GCF_003322845.1	COMPLETE	COMPLETE	VALIDATED	REUSED_PREDECESSOR_BY_DIGEST	fafc8307a26b7832ace33fb37d1220b64234d7d890c18f1e34496cf8d453f452
193	GCF_900499545.1	COMPLETE	COMPLETE	VALIDATED	REUSED_PREDECESSOR_BY_DIGEST	3fc6d76f789485465ea5b23769e223b0c5769844a78c1291b42e48fe0033f37f
194	GCF_003328195.1	COMPLETE	COMPLETE	VALIDATED	REUSED_PREDECESSOR_BY_DIGEST	ca78b75bcda0864544a971b566b5606edb999c1a5fbf85e783abcb8c0196c772
195	GCF_002770195.1	COMPLETE	COMPLETE	VALIDATED	REUSED_PREDECESSOR_BY_DIGEST	2ce5c429e9634e38195ebbf941c70f83e20063f04b3bcdb9c7993978da036094
196	GCF_002016465.1	COMPLETE	COMPLETE	VALIDATED	REUSED_PREDECESSOR_BY_DIGEST	df518b882a92dbcd7b7c074f67e3886ad47eeaec8432646f7eb838c0d58731ff
197	GCF_002941745.1	COMPLETE	COMPLETE	VALIDATED	REUSED_PREDECESSOR_BY_DIGEST	0b5ad1a71d560ffa73c9260688a09dd2484fef611dc715d1e6ed2e907d9147ac
198	GCF_002190145.1	COMPLETE	COMPLETE	VALIDATED	REUSED_PREDECESSOR_BY_DIGEST	8497f1a8304977cbc495005656d989cebf792b5beec2500a4a33f4ef494b4ea8
199	GCF_003301195.1	COMPLETE	COMPLETE	VALIDATED	REUSED_PREDECESSOR_BY_DIGEST	f74d8f70e538ae7f2ce1cb6acd9c392ca85bb56433770cf59725ca99bc50696a
200	GCF_017163155.1	COMPLETE	COMPLETE	VALIDATED	REUSED_PREDECESSOR_BY_DIGEST	b6defc062c6cac4ad21953f0b9376d79bf63cd6c3af5b2a0d741bc91309cf239
201	GCF_003145395.1	COMPLETE	COMPLETE	VALIDATED	REUSED_PREDECESSOR_BY_DIGEST	97e6fd018a158987c94461f5d2cee32d70b22fe3603111909181477ba0b0bc69
202	GCF_003300725.1	COMPLETE	COMPLETE	VALIDATED	REUSED_PREDECESSOR_BY_DIGEST	2e27b6ea6e173f0e0bdc9b4ab288c4e3a32ab12d4733908b9ee271f05b67f45c
203	GCF_001650275.1	COMPLETE	COMPLETE	VALIDATED	REUSED_PREDECESSOR_BY_DIGEST	507d7c1113c4ded70035fe4f16646e11f9530a6a3e233aff2ba756a3a4493ff4
204	GCF_014494815.1	COMPLETE	COMPLETE	VALIDATED	REUSED_PREDECESSOR_BY_DIGEST	4ba0f405b122652fd8c5bccf074f3c44024a0571ba0efda119af2e50416da734
205	GCF_002535515.1	COMPLETE	COMPLETE	VALIDATED	REUSED_PREDECESSOR_BY_DIGEST	0bd90e7dd9b8ea76dc352c80676b6792923a4c58dbe6becf1acd994edd0a8a47
206	GCF_000798075.1	COMPLETE	COMPLETE	VALIDATED	REUSED_PREDECESSOR_BY_DIGEST	6ec9430115e2988c8a0a3fc7fb9bf8cf96a7e829db969d3fb77c6d4969da09be
207	GCF_002232295.1	COMPLETE	COMPLETE	VALIDATED	REUSED_PREDECESSOR_BY_DIGEST	b7960125f9ea22404a7bc1c327a1ab533c422c3a3d92aca79ed5a8a10cd7ef3d
208	GCF_004569745.1	COMPLETE	COMPLETE	VALIDATED	REUSED_PREDECESSOR_BY_DIGEST	2acbdb8d71b62b0d8ff3c738f1593de6aded1f4795d6807f5a53ce6cca93f9a5
209	GCF_000418675.1	COMPLETE	COMPLETE	VALIDATED	REUSED_PREDECESSOR_BY_DIGEST	1bff2610a0e18c6e1b61f95fea94a3c312814ae4aacc9e5f35fbc917653a5459
210	GCF_006232215.1	COMPLETE	COMPLETE	VALIDATED	REUSED_PREDECESSOR_BY_DIGEST	5bf4bd7c61a769fea1b2ecda761392312ba1e29e1a0788805f6f08217748401b
211	GCF_006238305.1	COMPLETE	COMPLETE	VALIDATED	REUSED_PREDECESSOR_BY_DIGEST	48e02c0b33579f3173becb2433579f026ba8cbc177a84535178498208ae554eb
212	GCF_000492235.1	COMPLETE	COMPLETE	VALIDATED	REUSED_PREDECESSOR_BY_DIGEST	d1b5e77ac0fb40f8fea6447707371a14f8f821335f45e813a609a7d42bfa80f2
213	GCF_003981055.1	COMPLETE	COMPLETE	VALIDATED	REUSED_PREDECESSOR_BY_DIGEST	2bb9358da56c9b22ef186c38f2751b1a95d81b31fc1748ff628de94b78539aae
214	GCF_005395665.1	COMPLETE	COMPLETE	VALIDATED	REUSED_PREDECESSOR_BY_DIGEST	6af0b8c59e4c460ef125d287fd092b1ef348912f9d6fdfcec071b57e85a462c2
215	GCF_015163255.1	COMPLETE	COMPLETE	VALIDATED	REUSED_PREDECESSOR_BY_DIGEST	97846a765499e479d28e05d06398a63638554e6e951a7a641a7ad39ae2dc90c9
216	GCF_000357005.2	COMPLETE	COMPLETE	VALIDATED	REUSED_PREDECESSOR_BY_DIGEST	e079f6420571a480cd89afda5ea7566eb1cd3c614473fd2f981c1d3c0b577f30
217	GCF_006349805.1	COMPLETE	COMPLETE	VALIDATED	REUSED_PREDECESSOR_BY_DIGEST	cb307770693d0ed419ec6164f8418bac9dc02a350a634254b1287bc8bb87f45e
218	GCF_013369795.1	COMPLETE	COMPLETE	VALIDATED	REUSED_PREDECESSOR_BY_DIGEST	b2c3c8e00871ee943e3c315542970c28ac6e5f554f63277d736e8611231b6b7c
219	GCF_004661505.1	COMPLETE	COMPLETE	VALIDATED	REUSED_PREDECESSOR_BY_DIGEST	904f210ca7fa38b5cc494ce493baa21ee5547d1da29b36a76688b1a54b6ede84
220	GCF_002465635.1	COMPLETE	COMPLETE	VALIDATED	REUSED_PREDECESSOR_BY_DIGEST	b0a7d6c04a828650e82dd1734b9d9115a9b07925a88b169d76396ed36baa1209
221	GCF_016889485.1	COMPLETE	COMPLETE	VALIDATED	REUSED_PREDECESSOR_BY_DIGEST	046bacb527f9ef232e27173cd2cccc85a09800d4f1775a6ec84e0211e8b3eee5
222	GCF_006236075.1	COMPLETE	COMPLETE	VALIDATED	REUSED_PREDECESSOR_BY_DIGEST	d27a660a7087db8d1fe324050ac551247cc3705aa1669b106e3cd493a57e2852
223	GCF_015160015.1	COMPLETE	COMPLETE	VALIDATED	REUSED_PREDECESSOR_BY_DIGEST	571bff91f1d8cdf6623588eec3117a074e08f50425ae28001b32824ee84a875c
224	GCF_001679985.1	COMPLETE	COMPLETE	VALIDATED	REUSED_PREDECESSOR_BY_DIGEST	cbd87a4dd16728ce0c92854660cda9e7063bc44c92bd9ec5f876de366bd9eb99
225	GCF_003830805.1	COMPLETE	COMPLETE	VALIDATED	REUSED_PREDECESSOR_BY_DIGEST	ba2fe3eae58704c18bed43ca97b593e1a5ab6883b2ca6e0fde0f74fe713ffd8d
226	GCF_020422075.1	COMPLETE	COMPLETE	VALIDATED	REUSED_PREDECESSOR_BY_DIGEST	bd2675e8b8079b21bb718ff4ed9d5ac9a9361f9c010dd7419164833ea77feef4
227	GCF_900196545.1	COMPLETE	COMPLETE	VALIDATED	REUSED_PREDECESSOR_BY_DIGEST	34f9f0468195e4a903632aa265778b2ae5dbb2b3ed4ddbd2d0ff2f5c9a755823
228	GCF_017594025.1	COMPLETE	COMPLETE	VALIDATED	REUSED_PREDECESSOR_BY_DIGEST	863650cb88a154d5fe16126870bb66f60fe96a2a1be6d355a6c04a06d4a0bcae
229	GCF_905219285.1	COMPLETE	COMPLETE	VALIDATED	REUSED_PREDECESSOR_BY_DIGEST	bcef752d01ee32dfe4518d3047d0f9e17ed1648c2b4b42b33dc9eadf02a2de08
230	GCF_000304075.2	COMPLETE	COMPLETE	VALIDATED	REUSED_PREDECESSOR_BY_DIGEST	40d18d11a31afdb373ed7e91844536ef21ef80793af7d28e5131b6f11def00f0
231	GCF_005399365.1	COMPLETE	COMPLETE	VALIDATED	REUSED_PREDECESSOR_BY_DIGEST	1e9dcac78766e731bf371641fbfdd8ff96f1df5c847bb11b30291e334ee204ee
232	GCF_004767025.1	COMPLETE	COMPLETE	VALIDATED	REUSED_PREDECESSOR_BY_DIGEST	524725ebf3d67a6c558b024e0301f46f3a0e14dbe7b6c8bd79b21c5c80db5d97
233	GCF_019800285.1	COMPLETE	COMPLETE	VALIDATED	REUSED_PREDECESSOR_BY_DIGEST	145f739da11fee54fc66c8647daecccf440c8803a6d0e02f061a18a381cec16e
234	GCF_002973095.1	COMPLETE	COMPLETE	VALIDATED	REUSED_PREDECESSOR_BY_DIGEST	77d80d9ef42547d654bc2a49d20d9fafc0cfdf62356a979b796b47a39327e775
235	GCF_002916665.1	COMPLETE	COMPLETE	VALIDATED	REUSED_PREDECESSOR_BY_DIGEST	c60de170e95ddcea744f17411c907a6876ff878ec56d1c47f8ed23378fa798c2
236	GCF_021108615.1	COMPLETE	COMPLETE	VALIDATED	REUSED_PREDECESSOR_BY_DIGEST	9f8f307e5abe70dec22dd7cf2c3701d706ac5b2e9a6e0b8532efd2cc701e427c
237	GCF_011045235.1	COMPLETE	COMPLETE	VALIDATED	REUSED_PREDECESSOR_BY_DIGEST	9a56a759fc54bfd3d98a4e632955cbccd8849a7aa596b788fb00bb1230276e83
238	GCF_019841145.1	COMPLETE	COMPLETE	VALIDATED	REUSED_PREDECESSOR_BY_DIGEST	33b1f1de0eeb8f4948bdef2adb39e779fc56ef305b35cfa8364446fdbce63961
239	GCF_002769655.1	COMPLETE	COMPLETE	VALIDATED	REUSED_PREDECESSOR_BY_DIGEST	464e5581731c43f4c0bc0e684069ccacb2f8e44d2ca58189e7aef6cf066fbe5f
240	GCF_014855895.1	COMPLETE	COMPLETE	VALIDATED	REUSED_PREDECESSOR_BY_DIGEST	ff02a2a7d84d66746a44165b8a4d71971459b928165aa1c706b54dc9d4d502ba
241	GCF_006350385.1	COMPLETE	COMPLETE	VALIDATED	REUSED_PREDECESSOR_BY_DIGEST	aba71b8fa02ac5d6bcb1bd87b76b96c6afe9e13fc4bc8ba6920a97a371c18430
242	GCF_009627495.1	COMPLETE	COMPLETE	VALIDATED	REUSED_PREDECESSOR_BY_DIGEST	8c84e0ab4a805b406104f546438868598efaee0f8af13c3b494d48fee98d6625
243	GCF_003829865.1	COMPLETE	COMPLETE	VALIDATED	REUSED_PREDECESSOR_BY_DIGEST	74c02a04e86906d238c1771c67834262135a0af1e50327c3caba846813c20172
244	GCF_002810895.1	COMPLETE	COMPLETE	VALIDATED	REUSED_PREDECESSOR_BY_DIGEST	36777d432d21a04ca336202dd849bf3ca7d0a6ed8eee52337482586e83f8574f
245	GCF_014170995.1	COMPLETE	COMPLETE	VALIDATED	REUSED_PREDECESSOR_BY_DIGEST	c69f4ee0eb9e74221884b3a9b63027556ac8749b17d711a0f555e80acc2bf082
246	GCF_000781295.1	COMPLETE	COMPLETE	VALIDATED	REUSED_PREDECESSOR_BY_DIGEST	4f051887349ac92e982294f7ba6ca8af492a79f02523acfc1ecdafdd8682278e
247	GCF_002767435.1	COMPLETE	COMPLETE	VALIDATED	REUSED_PREDECESSOR_BY_DIGEST	ba7673d9fabc2ce8cd6753f4de62634c154d17eef65844f1839d3837951a0cf6
248	GCF_003982245.1	COMPLETE	COMPLETE	VALIDATED	REUSED_PREDECESSOR_BY_DIGEST	33c3b5caed2c0c3c2ed698d10f25fdf944d660ded2f4cdd6cd8e56e62cdde5c3
249	GCF_900479215.1	COMPLETE	COMPLETE	VALIDATED	REUSED_PREDECESSOR_BY_DIGEST	9d186e8ebf30d788429f097f1cb8afd2fd88f99bbee4039056ad0831e42e95c1
250	GCF_020089695.1	COMPLETE	COMPLETE	VALIDATED	REUSED_PREDECESSOR_BY_DIGEST	7715ca168a961b06e3fea1ceb13084e64bffecbf5b9ff12bccec5214f0d86171
251	GCF_003337025.1	COMPLETE	COMPLETE	VALIDATED	REUSED_PREDECESSOR_BY_DIGEST	b816f5cd041621810b8dfdf94693af775f4223b3b0675d2aede50b0239b8a284
252	GCF_016903995.1	COMPLETE	COMPLETE	VALIDATED	REUSED_PREDECESSOR_BY_DIGEST	1df13213738c999c6fdba1ccf7f4d7825a1f1d406056b41969956bc5000db6f1
253	GCF_016761285.1	COMPLETE	COMPLETE	VALIDATED	REUSED_PREDECESSOR_BY_DIGEST	7f47b7069a0297bebae29b542078504bf4fee86e78cda1d44992d421562582b2
254	GCF_001619145.1	COMPLETE	COMPLETE	VALIDATED	REUSED_PREDECESSOR_BY_DIGEST	10f414706a524e652777771f74b9694e3a021080f4196c89e46a7e791d6e665a
255	GCF_900480335.1	COMPLETE	COMPLETE	VALIDATED	REUSED_PREDECESSOR_BY_DIGEST	819cd811fb4d123d61a172c19c2427e2f650431ea1b07aa6fc435c854be534ec
256	GCF_019104435.1	COMPLETE	COMPLETE	VALIDATED	REUSED_PREDECESSOR_BY_DIGEST	e87ba448d7af2d3ed4e63208d00fa1c8ae600a8fc11348e25a41750673f364b3
257	GCF_001638135.1	COMPLETE	COMPLETE	VALIDATED	REUSED_PREDECESSOR_BY_DIGEST	a27be54703a130b7e760a8fb32de483c72bfbb5fba243ce869ff44c4e2889639
258	GCF_020786115.1	COMPLETE	COMPLETE	VALIDATED	REUSED_PREDECESSOR_BY_DIGEST	b05fcfa57aabe51c0f3ae6a1ba0fd33917f44997b81f08e840c7a1e2b3263652
259	GCF_000773575.1	COMPLETE	COMPLETE	VALIDATED	REUSED_PREDECESSOR_BY_DIGEST	013d0b5467fc933073a30209707454c190070c6a9c10d4892b5d3d64d61206a2
260	GCF_000267105.1	COMPLETE	COMPLETE	VALIDATED	REUSED_PREDECESSOR_BY_DIGEST	debd19ae854e718f619a585f9346860cb56f054f43b2903558dec90189dcad65
261	GCF_008389185.1	COMPLETE	COMPLETE	VALIDATED	REUSED_PREDECESSOR_BY_DIGEST	aed8a053741ea4f3fb787f480103bfbef83dce37648d6347e0b68110a084247f
262	GCF_000753155.1	COMPLETE	COMPLETE	VALIDATED	REUSED_PREDECESSOR_BY_DIGEST	8010fe382fa2b312621d9e6b8b24b94020b4ba577df04cafcf51983a3e7ef8c9
263	GCF_902505045.1	COMPLETE	COMPLETE	VALIDATED	REUSED_PREDECESSOR_BY_DIGEST	afc01fd00ec47a6792f54031b5518d9b685f91617bef14fa5642270b2b9e33f9
264	GCF_000249175.1	COMPLETE	COMPLETE	VALIDATED	REUSED_PREDECESSOR_BY_DIGEST	3668263f737d32eddac0398e5d19f3c82fdda2ffaff5b3a581daa91fe304dde0
265	GCF_005393525.1	COMPLETE	COMPLETE	VALIDATED	REUSED_PREDECESSOR_BY_DIGEST	7a9022e255ad0f9fa085be3291fe666fc67b6d45930b776ebc21876e06e83018
266	GCF_020162325.1	COMPLETE	COMPLETE	VALIDATED	REUSED_PREDECESSOR_BY_DIGEST	40ece53fcc9d33acd4840e6ba91bfceb7e7972bd205ec6abfcf3c837866df97c
267	GCF_003306715.1	COMPLETE	COMPLETE	VALIDATED	REUSED_PREDECESSOR_BY_DIGEST	983ffcb0026cbedc937e18f404c6f80b798169dd273b8304bd3e5bb0cf157df5
268	GCF_902705595.1	COMPLETE	COMPLETE	VALIDATED	REUSED_PREDECESSOR_BY_DIGEST	03cbc8e0f158df6514c9018f1c56f670aee7514a8bc574049b2e844fb46d2734
269	GCF_900500585.1	COMPLETE	COMPLETE	VALIDATED	REUSED_PREDECESSOR_BY_DIGEST	d8aa62398a295626aa7ab644cae3e7137c19cf25826395d09083f2c735063efc
270	GCF_004960695.1	COMPLETE	COMPLETE	VALIDATED	REUSED_PREDECESSOR_BY_DIGEST	4a709bc05b31d36cbc535bd782675594a8055c13176c1feb06460a02100195cf
271	GCF_002515365.1	COMPLETE	COMPLETE	VALIDATED	REUSED_PREDECESSOR_BY_DIGEST	eedc88cabc851c4cad59efcb1a9592637dec5407f2f68ab8fafe0e046596be26
272	GCF_900479335.1	COMPLETE	COMPLETE	VALIDATED	REUSED_PREDECESSOR_BY_DIGEST	32ec6584d002bd7b1e2cd5cd4693d6c860f81fc578399f10f66c4fc2c0b14013
273	GCF_015731485.1	COMPLETE	COMPLETE	VALIDATED	REUSED_PREDECESSOR_BY_DIGEST	cfd057b43fec1b5133b75c83a827116d28637825f6b7fbdbf0ba0ec3637c03ca
274	GCF_003000615.1	COMPLETE	COMPLETE	VALIDATED	REUSED_PREDECESSOR_BY_DIGEST	aa6797ae9ee8e296d61db1cce8fc7372dcc0a0d6242c0412e05834e27b4dd7a4
275	GCF_000781575.1	COMPLETE	COMPLETE	VALIDATED	REUSED_PREDECESSOR_BY_DIGEST	3589d9ec844b9c799e867d1f783d0d9d7ff8806a88dd780a507ee98706ace573
276	GCF_009832985.1	COMPLETE	COMPLETE	VALIDATED	REUSED_PREDECESSOR_BY_DIGEST	ea5dff173176e7accf6589c5c2a5d96f56c4e43ced568cf85783b522f64a30b3
277	GCF_000355295.1	COMPLETE	COMPLETE	VALIDATED	REUSED_PREDECESSOR_BY_DIGEST	0e5845e9ccda7ead0cc12452e8f9905e9590c77ffe346ded7134fbc9b36c0e6f
278	GCF_916160245.1	COMPLETE	COMPLETE	VALIDATED	REUSED_PREDECESSOR_BY_DIGEST	063394120c5674b38444b277256f9300541f7805ad668bca8729c4c6c72519a2
279	GCF_003360075.1	COMPLETE	COMPLETE	VALIDATED	REUSED_PREDECESSOR_BY_DIGEST	dd08f98ddce7b09c72274d0ba1e213d306172581dc043069b7fa4fbb740851b0
280	GCF_000358855.2	COMPLETE	COMPLETE	VALIDATED	REUSED_PREDECESSOR_BY_DIGEST	f250a5d43af4ad340dc48725e328b8f69c5dff425e98178c52e7b44324ccf966
281	GCF_002535305.1	COMPLETE	COMPLETE	VALIDATED	REUSED_PREDECESSOR_BY_DIGEST	5b32e9e8746bc9d893824edc403c18e4821f6975b8473ce52afffa565ee48d01
282	GCF_000408345.1	COMPLETE	COMPLETE	VALIDATED	REUSED_PREDECESSOR_BY_DIGEST	ce5f09a92482f37cf33d6a55598ed5c5b67df407cffd3022d9fa06bf13782ed3
283	GCF_001893525.1	COMPLETE	COMPLETE	VALIDATED	REUSED_PREDECESSOR_BY_DIGEST	934f17db9c45d1ccc2289462cdd2b32fb797bd97879fabb7811a81c81ea0439b
284	GCF_002231955.1	COMPLETE	COMPLETE	VALIDATED	REUSED_PREDECESSOR_BY_DIGEST	6376acec61de9e3b50c94b381553659eecd7c64e5a4e7128505a559d545be274
285	GCF_014529205.1	COMPLETE	COMPLETE	VALIDATED	REUSED_PREDECESSOR_BY_DIGEST	43f1671cd7152a6335614385dbb8bab5380ac9e70b1aabdda2c6466fe0fc712a
286	GCF_003028135.1	COMPLETE	COMPLETE	VALIDATED	REUSED_PREDECESSOR_BY_DIGEST	641f406fe6d2e4e833f99a1e1a65d53fe4a58d751a1961b9957c4f4c029d167c
287	GCF_900479575.1	COMPLETE	COMPLETE	VALIDATED	REUSED_PREDECESSOR_BY_DIGEST	e31e32b44621cf7127295eed96a04ffeaaff5f2a0b412c0e65974bced4b1ba13
288	GCF_005388405.1	COMPLETE	COMPLETE	VALIDATED	REUSED_PREDECESSOR_BY_DIGEST	7e9d0c61aad59b92a7a57127bd4f866eeede041abbf979c376a24aba0e42ff40
289	GCF_009822305.1	COMPLETE	COMPLETE	VALIDATED	REUSED_PREDECESSOR_BY_DIGEST	692da4faea25eed7fe9055385df7fb624a890afee40c2dfa6ddb52fbe400d8ae
290	GCF_020668725.1	COMPLETE	COMPLETE	VALIDATED	REUSED_PREDECESSOR_BY_DIGEST	90a4090826db03c614096126779f3054df0771672a3562114ea018f7762a66bb
291	GCF_002764815.1	COMPLETE	COMPLETE	VALIDATED	REUSED_PREDECESSOR_BY_DIGEST	e60b88bd7e905e61c3ac64505426cd6eac33de039b5309c43354ff96364a6125
292	GCF_006230075.1	COMPLETE	COMPLETE	VALIDATED	REUSED_PREDECESSOR_BY_DIGEST	f3f3fd06b765a0f9022b683e87d149a8fe79c067c8c0f30443c4f69cd8ad06b0
293	GCF_009793765.1	COMPLETE	COMPLETE	VALIDATED	REUSED_PREDECESSOR_BY_DIGEST	532bdd133b8999defc1e53fd86b5665c13f6c2d0643a31f502a6e3e1693a8106
294	GCF_003302995.1	COMPLETE	COMPLETE	VALIDATED	REUSED_PREDECESSOR_BY_DIGEST	66d76d170112219fd3d72f27544143afbb425b27e8dc614de4ee810555c83e34
295	GCF_002056065.1	COMPLETE	COMPLETE	VALIDATED	REUSED_PREDECESSOR_BY_DIGEST	3aa68bd27e92e54028c5b843147a4acdac49f4d4652136842cb587cd003a2e05
296	GCF_900195745.1	COMPLETE	COMPLETE	VALIDATED	REUSED_PREDECESSOR_BY_DIGEST	af088eef37652123e3a2ba76b986c2f430f591fc3329721fdd686e1e2ea1a056
297	GCF_001571915.1	COMPLETE	COMPLETE	VALIDATED	REUSED_PREDECESSOR_BY_DIGEST	08c391b410478851db1258f593c0d1d480979fcbbfc1d0b33e2d6ebc71dc4a1b
298	GCF_002165115.2	COMPLETE	COMPLETE	VALIDATED	REUSED_PREDECESSOR_BY_DIGEST	97b70d514c033f267d1a096e8f8d866036600f4e34edbd6220ea99eca9877feb
299	GCF_016905495.1	COMPLETE	COMPLETE	VALIDATED	REUSED_PREDECESSOR_BY_DIGEST	b739d124f12be800eefb8926547fce67a74abc0e366f71992860b24bb24bd177
300	GCF_002194715.1	COMPLETE	COMPLETE	VALIDATED	REUSED_PREDECESSOR_BY_DIGEST	0100ade23b5d0ca8de546d4b4bde835d3f0ab64ece963bc7cfc05914a428e96a
301	GCF_002002235.1	COMPLETE	COMPLETE	VALIDATED	REUSED_PREDECESSOR_BY_DIGEST	c5a555a665a5180311193f5ffd95b95563132dab079632f23cad77e30460ee98
302	GCF_001402805.1	COMPLETE	COMPLETE	VALIDATED	REUSED_PREDECESSOR_BY_DIGEST	ac23006fe575ee4f4420d619fb4e281594a9be2769668471db9010b35110c7f8
303	GCF_000703265.1	COMPLETE	COMPLETE	VALIDATED	REUSED_PREDECESSOR_BY_DIGEST	2ef2747ff5be13febfe1123e16baf0049cc6a0637ef5fdab5c70e111aa637188
304	GCF_009910465.1	COMPLETE	COMPLETE	VALIDATED	REUSED_PREDECESSOR_BY_DIGEST	b39e891de858c50dec2dbef93e2de943888c08b87dad0e1ad4e384ea05df7cb7
305	GCF_004661495.1	COMPLETE	COMPLETE	VALIDATED	REUSED_PREDECESSOR_BY_DIGEST	cb4923e882a4dcd8e2f8215be57a9052607cea95087085dc09f550e61aa27208
306	GCF_002233475.1	COMPLETE	COMPLETE	VALIDATED	REUSED_PREDECESSOR_BY_DIGEST	57ca015d1f6c48621572a6d5721ffc7f3004eb2d4cfee7860a00a2da0c3bf927
307	GCF_021342755.1	COMPLETE	COMPLETE	VALIDATED	REUSED_PREDECESSOR_BY_DIGEST	38ede7b02901294ad9e46f5ff619204e8883650f36ca256e89a5373217af3e70
308	GCF_003301875.1	COMPLETE	COMPLETE	VALIDATED	REUSED_PREDECESSOR_BY_DIGEST	3c31b9ef7d1ae8737735f7eb9fb57831c835105a3648a5186db28afa58db3db0
309	GCF_003318595.1	COMPLETE	COMPLETE	VALIDATED	REUSED_PREDECESSOR_BY_DIGEST	4ac4877302b89d99efd4c64fad782d01a30717378ab7bdf13a6b36a132eae884
310	GCF_008388475.1	COMPLETE	COMPLETE	VALIDATED	REUSED_PREDECESSOR_BY_DIGEST	f75e9e623c9373655b82fa97259b7c0e20ad1651401651ac5602f6db84fe8ad6
311	GCF_003302895.1	COMPLETE	COMPLETE	VALIDATED	REUSED_PREDECESSOR_BY_DIGEST	ad62ad69b0a3bc5d3a0d2d2ab987239114c188d4f171da18b5a7ace119f38920
312	GCF_001942085.1	COMPLETE	COMPLETE	VALIDATED	REUSED_PREDECESSOR_BY_DIGEST	12b57ef29ec2841bbddddc240db09d0dbb0ef42833bc92dc932ad0aa7871868e
313	GCF_014862275.1	COMPLETE	COMPLETE	VALIDATED	REUSED_PREDECESSOR_BY_DIGEST	7b84632f41bb8fcd1b25f6aed5ef4e8311de7413d44fc38465965dd5ac524ecf
314	GCF_017594325.1	COMPLETE	COMPLETE	VALIDATED	REUSED_PREDECESSOR_BY_DIGEST	4e173f8fe8aa77f34342ee49d1424b478bfead1ff86401c9ce00efc342407e15
315	GCF_014117345.2	COMPLETE	COMPLETE	VALIDATED	REUSED_PREDECESSOR_BY_DIGEST	40fe9315626d79da5facf21f1e80a552582d85720ef51278658c9ac51e49734c
316	GCF_003328095.1	COMPLETE	COMPLETE	VALIDATED	REUSED_PREDECESSOR_BY_DIGEST	b67ba96aeab8e3bf394804d6e46c484508881aeecd8e4759f9b59871b1596379
317	GCF_017165455.1	COMPLETE	COMPLETE	VALIDATED	REUSED_PREDECESSOR_BY_DIGEST	aac5940ea80e497c7252e60c161d353ef8e41898084f060510c56636740ef64c
318	GCF_900499255.1	COMPLETE	COMPLETE	VALIDATED	REUSED_PREDECESSOR_BY_DIGEST	d0675e281ceb55550bcb749f844a90cc0041efd2a9c09474073fbf04631b56f7
319	GCF_003469495.1	COMPLETE	COMPLETE	VALIDATED	REUSED_PREDECESSOR_BY_DIGEST	ac7e57bd4bda0fc5161beaaa82d32ece03f42ac4f9f4b1f0818d4f116ee1c925
320	GCF_017595435.1	COMPLETE	COMPLETE	VALIDATED	REUSED_PREDECESSOR_BY_DIGEST	0247e70d96ed3dc01668799e7b18c07ed4b90cdc079216585ac2cad589feeb3f
321	GCF_001911755.1	COMPLETE	COMPLETE	VALIDATED	REUSED_PREDECESSOR_BY_DIGEST	e521413440df770d964e0f60c220dc31040ba3aaee7eaec735823b9cab530689
322	GCF_009600715.1	COMPLETE	COMPLETE	VALIDATED	REUSED_PREDECESSOR_BY_DIGEST	b89bea80902216be3a7bf417c10cea89eb1dc215bb5353f4725a586e47f48be6
323	GCF_002228035.1	COMPLETE	COMPLETE	VALIDATED	REUSED_PREDECESSOR_BY_DIGEST	a29bafb6b5615ed44767b633fd04892584a4e18c1d2733ee6159dc2294a07b09
324	GCF_009899125.1	COMPLETE	COMPLETE	VALIDATED	REUSED_PREDECESSOR_BY_DIGEST	6e9e8370b9e79a8e888b683692009f408dd36b93df55e3d83894d2feaee65f48
325	GCF_002469155.1	COMPLETE	COMPLETE	VALIDATED	REUSED_PREDECESSOR_BY_DIGEST	200f828ec338ad10b80ad31de4337468d37d3d5cd2462352f3d21fc388906c5a
326	GCF_006352105.1	COMPLETE	COMPLETE	VALIDATED	REUSED_PREDECESSOR_BY_DIGEST	ee36c3f699bcf1a54c64108bbb5d8ba22363d7eef84d526e8532a9ed19ad79ca
327	GCF_009820835.1	COMPLETE	COMPLETE	VALIDATED	REUSED_PREDECESSOR_BY_DIGEST	4fde40a44d211045daa59f352441e42c747becd8007acffb52d8481dc6173eaa
328	GCF_001506145.1	COMPLETE	COMPLETE	VALIDATED	REUSED_PREDECESSOR_BY_DIGEST	9073306e35bd668328eccab380d72830cdb56aeb50b752a4c7a3d3ce41d49896
329	GCF_002546515.1	COMPLETE	COMPLETE	VALIDATED	REUSED_PREDECESSOR_BY_DIGEST	8f84a3538807ca50b695d3f89c45483236fd312cebcccaaf03dfb429ea702cf0
330	GCF_000350765.1	COMPLETE	COMPLETE	VALIDATED	REUSED_PREDECESSOR_BY_DIGEST	700cef19b7fe36505bc32cb4a1d2f7cfa012332df7c63f6e5602e91da61f567a
331	GCF_016123575.1	COMPLETE	COMPLETE	VALIDATED	REUSED_PREDECESSOR_BY_DIGEST	0a2074db61d8b9cdd387473d1f8c02e1b727d0b919c68b3882f43c9d30285efe
332	GCF_003361965.1	COMPLETE	COMPLETE	VALIDATED	REUSED_PREDECESSOR_BY_DIGEST	218ba252db495e10a0abfce280f579b71d9aa5edc277a9f4d91819bb30d866a6
333	GCF_005395245.1	COMPLETE	COMPLETE	VALIDATED	REUSED_PREDECESSOR_BY_DIGEST	0d936ea3f1ff4eac9bd344951583c0ff1cc78019068fa3ded104c03a155861a8
334	GCF_003018655.1	COMPLETE	COMPLETE	VALIDATED	REUSED_PREDECESSOR_BY_DIGEST	7712a500bc48fcf70f331403360eb4f510a74ea90e5edc697d98c0502bc95095
335	GCF_900499355.1	COMPLETE	COMPLETE	VALIDATED	REUSED_PREDECESSOR_BY_DIGEST	edad9b5cd759e12e221e1117e5494d884e76de8fe82c449142a083443bcedfec
336	GCF_003730645.1	COMPLETE	COMPLETE	VALIDATED	REUSED_PREDECESSOR_BY_DIGEST	fa9b0e771c76f996ddf80020598bf0fc7fd54c8edae05f64e2fa50dd3cb4b56e
337	GCF_000819245.1	COMPLETE	COMPLETE	VALIDATED	REUSED_PREDECESSOR_BY_DIGEST	3c3c5652910fb538008b839226abc946b085ec750c54da179997196cd26e4620
338	GCF_011603145.1	COMPLETE	COMPLETE	VALIDATED	REUSED_PREDECESSOR_BY_DIGEST	b26ab698c5e27b5da436678ba7c92c22c065d10c1ddbed3539da631564886ec4
339	GCF_003027835.1	COMPLETE	COMPLETE	VALIDATED	REUSED_PREDECESSOR_BY_DIGEST	86a5f294ebfc2558a1d14c4ee5c14fb4454523607399b0f1ed6a70b4ab0fc139
340	GCF_002485405.1	COMPLETE	COMPLETE	VALIDATED	REUSED_PREDECESSOR_BY_DIGEST	2c5f3595c0397a77d7f3d9141c69c490670ec92fb6ec7d4945e4d10905639ab3
341	GCF_003303815.1	COMPLETE	COMPLETE	VALIDATED	REUSED_PREDECESSOR_BY_DIGEST	159690ed435a7493a546e1a5531ae3e96b50737ab964635dbf4f0bf43244cefc
342	GCF_002534845.1	COMPLETE	COMPLETE	VALIDATED	REUSED_PREDECESSOR_BY_DIGEST	ab7920e6b85aabdd4fb67aecdb1b547aed2ed8e2739ccda12abe7ece2f8b05a2
343	GCF_900482185.1	COMPLETE	COMPLETE	VALIDATED	REUSED_PREDECESSOR_BY_DIGEST	87bd62128043fc2a04da19ec64703175345b193debbd98cfd71f25d4ba0191a3
344	GCF_001521415.1	COMPLETE	COMPLETE	VALIDATED	REUSED_PREDECESSOR_BY_DIGEST	e2d53a9366c601d9fef794446e9205673ef700f6a3fa278db98a2be6b4354584
345	GCF_001519485.1	COMPLETE	COMPLETE	VALIDATED	REUSED_PREDECESSOR_BY_DIGEST	b8277f1220bd7b8a0c1f14ccbccb47fd3df7d6b02271a8f94613bfcbbf72a2bd
346	GCF_000006665.1	COMPLETE	COMPLETE	VALIDATED	REUSED_PREDECESSOR_BY_DIGEST	7d5d18eeb1d61f60924df017c071061c3766625523abd788b1f41a6896f81614
347	GCF_015699425.1	COMPLETE	COMPLETE	VALIDATED	REUSED_PREDECESSOR_BY_DIGEST	7d2ac394590335eadaec03d26ed3f0f392b5a21a7a0ada84ba73c25e321706a7
348	GCF_020051575.1	COMPLETE	COMPLETE	VALIDATED	REUSED_PREDECESSOR_BY_DIGEST	865c8b7fef0003eddc33209643393fbb6f23af367b9b8e087e280951feaeacfe
349	GCF_000797675.1	COMPLETE	COMPLETE	VALIDATED	REUSED_PREDECESSOR_BY_DIGEST	21f566ef7e846e5fde335467b6b481c9d8a2345036e69ef3779a03cf2aa663b9
350	GCF_016123675.1	COMPLETE	COMPLETE	VALIDATED	REUSED_PREDECESSOR_BY_DIGEST	aef381023fe85c48aab188be8fdd53a368bd2ceeacac24be3f8690c41a43dfaa
351	GCF_001285365.1	COMPLETE	COMPLETE	VALIDATED	REUSED_PREDECESSOR_BY_DIGEST	74ec56a35f88202e5332261413f065ca4828c97dec2bb0d5c2075699e9b1ca00
352	GCF_019202505.1	COMPLETE	COMPLETE	VALIDATED	REUSED_PREDECESSOR_BY_DIGEST	84ebc40a1f0a8eb151c306b95ed1f8d037f5033b2dd910309295121b9ec9388e
353	GCF_003291305.1	COMPLETE	COMPLETE	VALIDATED	REUSED_PREDECESSOR_BY_DIGEST	bf17e19052e7b8985062f6266d290b27a164bea4a8524a78a77ade7a8cd1833c
354	GCF_002518045.1	COMPLETE	COMPLETE	VALIDATED	REUSED_PREDECESSOR_BY_DIGEST	2edec0384ec236a47d6f665e9b411e8e38b8a4d9e7d89f9046d513a5babdfad8
355	GCF_006236345.1	COMPLETE	COMPLETE	VALIDATED	REUSED_PREDECESSOR_BY_DIGEST	a09be1f77fde4fcb680d44ebd754fe28968fe94d8db95af4e4cfecaf5af008ff
356	GCF_000326745.1	COMPLETE	COMPLETE	VALIDATED	REUSED_PREDECESSOR_BY_DIGEST	8c344b4f482ff0c2654ea203a9c2b3e7046ad96292e22b82dcf6c88ffb3e286c
357	GCF_002461055.1	COMPLETE	COMPLETE	VALIDATED	REUSED_PREDECESSOR_BY_DIGEST	cea303268d37fdd57a14a6e721f547e84f512297f321e2a1e7f69cd3d14fb2dc
358	GCF_014169415.1	COMPLETE	COMPLETE	VALIDATED	REUSED_PREDECESSOR_BY_DIGEST	74f56a58acc5e68f5c2a4fc949ef213beffa94ede750a03c26d54ae9e1c1d42d
359	GCF_000356785.2	COMPLETE	COMPLETE	VALIDATED	REUSED_PREDECESSOR_BY_DIGEST	e615cdd6df11ae3141e780e97877141ae92432617f259ec1fcf8e9e0140a49ce
360	GCF_016457665.1	COMPLETE	COMPLETE	VALIDATED	REUSED_PREDECESSOR_BY_DIGEST	1cf626042e40904a32af5c5648a663aa454ba6a7a7739b187d1bf18699ee7353
361	GCF_011306375.1	COMPLETE	COMPLETE	VALIDATED	REUSED_PREDECESSOR_BY_DIGEST	5f9b599fb35a911d03add38d278057384413e9760787d36607c3cf142d94e717
362	GCF_002193375.1	COMPLETE	COMPLETE	VALIDATED	REUSED_PREDECESSOR_BY_DIGEST	ba1f6fce5f151b6c2c6dd9337fde97cbc188eb7d2cfd3f0be63341dd8d202d3e
363	GCF_900479985.1	COMPLETE	COMPLETE	VALIDATED	REUSED_PREDECESSOR_BY_DIGEST	3b2ceb96715076eb8b24449d8cad820ab8727c26f00ea0e9e2569f147503a12c
364	GCF_016735895.1	COMPLETE	COMPLETE	VALIDATED	REUSED_PREDECESSOR_BY_DIGEST	24337403f089406ad62c5d8938522106e1ab28bdd7f0c399f70f41a3702e621e
365	GCF_020515715.1	COMPLETE	COMPLETE	VALIDATED	REUSED_PREDECESSOR_BY_DIGEST	feb4ccd9ceaa1b4fbad4ec63e41cc5de06e459f62510e41c0f6768f2e518ea17
366	GCF_002456795.1	COMPLETE	COMPLETE	VALIDATED	REUSED_PREDECESSOR_BY_DIGEST	3e15ce48a08d805d35676f160184c8cc703c37cd7621b3642f7cf5d55ed07056
367	GCF_008033655.1	COMPLETE	COMPLETE	VALIDATED	REUSED_PREDECESSOR_BY_DIGEST	6bff272f71295310e114905ca29e832b7f48d64ca00d065b8332deefa5a110f2
368	GCF_019219385.1	COMPLETE	COMPLETE	VALIDATED	REUSED_PREDECESSOR_BY_DIGEST	639895425e95873b0cb780fcdda80fc9c1845106f342b648d60dd084bf1d1d42
369	GCF_020282125.1	COMPLETE	COMPLETE	VALIDATED	REUSED_PREDECESSOR_BY_DIGEST	ea7e173f0b9e16271ee02d2a5c8db7cd432875358d2e76f096e9adeae0f41e46
370	GCF_018884405.1	COMPLETE	COMPLETE	VALIDATED	REUSED_PREDECESSOR_BY_DIGEST	887e4b90507a0e9827f13bacaa4e0dc578cd15c702c1487aae2c0cdbf6488712
371	GCF_004793095.1	COMPLETE	COMPLETE	VALIDATED	REUSED_PREDECESSOR_BY_DIGEST	ff239ee644b24e59944ccde51696e06f815eaf26eae9aaea3eec66f24551d127
372	GCF_017570645.1	COMPLETE	COMPLETE	VALIDATED	REUSED_PREDECESSOR_BY_DIGEST	f6064d5bfeca5871b57b7df1779275f6cccf089d64ae466f0edc96ad1c8d096f
373	GCF_003362335.1	COMPLETE	COMPLETE	VALIDATED	REUSED_PREDECESSOR_BY_DIGEST	78d960fbd4ec9b3ae68df03aaa4d200cdc85b6dedee392451472b8cfc71857f5
374	GCF_005398085.1	COMPLETE	COMPLETE	VALIDATED	REUSED_PREDECESSOR_BY_DIGEST	eb353de67f044768355f31b9373cf431bef2cb1d5d56db317a6c39bd1acc3692
375	GCF_000618345.1	COMPLETE	COMPLETE	VALIDATED	REUSED_PREDECESSOR_BY_DIGEST	cd7d36e71da2aa18557abecb9fedc40f354ea995005fe28e95d2bc9cd47906f9
376	GCF_002537165.1	COMPLETE	COMPLETE	VALIDATED	REUSED_PREDECESSOR_BY_DIGEST	fb3d881da28f628b03a46ead5d5234156ba249d6e9f79c7364992507de156c8a
377	GCF_001901215.1	COMPLETE	COMPLETE	VALIDATED	REUSED_PREDECESSOR_BY_DIGEST	cfeb232c93e16f6f783737d7b6bf6929b5b913bb3d1a04326c1e516c97ddf9a4
378	GCF_013186555.1	COMPLETE	COMPLETE	VALIDATED	REUSED_PREDECESSOR_BY_DIGEST	eecf2cfa308b48eb906f4f648ba758c6409169b24d2ba14281c8b3f0ee90aaa4
379	GCF_001606755.1	COMPLETE	COMPLETE	VALIDATED	REUSED_PREDECESSOR_BY_DIGEST	98c91bc1af079b9da51ee24a434c768476e77862a8010fb0f25ccd83e560fd0e
380	GCF_006349865.1	COMPLETE	COMPLETE	VALIDATED	REUSED_PREDECESSOR_BY_DIGEST	c8e1ac23040167dbe59c84c7cc49db0f83f28dca792f12ca901fba994d9142d3
381	GCF_004522495.1	COMPLETE	COMPLETE	VALIDATED	REUSED_PREDECESSOR_BY_DIGEST	221a3fa62c9e337ad7f547e1730b059c31002f0f38bb1062b735efdc4c2c94dd
382	GCF_001558995.2	COMPLETE	COMPLETE	VALIDATED	REUSED_PREDECESSOR_BY_DIGEST	956110d91e99a5dbe378e2598663c644edca5f7fc79c1149cad118152a84b40f
383	GCF_003304555.1	COMPLETE	COMPLETE	VALIDATED	REUSED_PREDECESSOR_BY_DIGEST	11f759b1b812603d7a8a90c95cbf4746353e030e3fe24aa84d56178cd7057d4b
384	GCF_900166865.1	COMPLETE	COMPLETE	VALIDATED	REUSED_PREDECESSOR_BY_DIGEST	0791b07c2ef985749c9ab65e6594d9f8b8324922f6953dfc79fd1c0c6bcbb26a
385	GCF_018683135.1	COMPLETE	COMPLETE	VALIDATED	REUSED_PREDECESSOR_BY_DIGEST	918a53f417149c20b32430338edba4aaeebd783d6ba45eec98262b6ff1721f17
386	GCF_002243915.1	COMPLETE	COMPLETE	VALIDATED	REUSED_PREDECESSOR_BY_DIGEST	57699cd2370a5f2cf60e1a94d294d57f2f2194e6ba00703cd8b3eb29adb8da31
387	GCF_002849195.1	COMPLETE	COMPLETE	VALIDATED	REUSED_PREDECESSOR_BY_DIGEST	21464a63c99fa14d5f635e525c4419ed59aed9c619db90f39575eafd6aef90d5
388	GCF_021413285.1	COMPLETE	COMPLETE	VALIDATED	REUSED_PREDECESSOR_BY_DIGEST	ff453f9e6b56c198617649a777336edff7261ca9125b1016a9b83dfaee1a4bf2
389	GCF_902668645.1	COMPLETE	COMPLETE	VALIDATED	REUSED_PREDECESSOR_BY_DIGEST	59c032b5569951abe2b9feb2d6e26dfcfb7eb2eb0b16c971e032697f0fcf8935
390	GCF_002226715.1	COMPLETE	COMPLETE	VALIDATED	REUSED_PREDECESSOR_BY_DIGEST	96ca90c60e091b792ec37ca31eb1aa86a81a001e496dd960c9d6b2719eaebaf7
391	GCF_000511425.1	COMPLETE	COMPLETE	VALIDATED	REUSED_PREDECESSOR_BY_DIGEST	859927f7b10da5a1330c6830f807eb1628e0ffa14417b8facb6a3fad1c0249a3
392	GCF_016761175.1	COMPLETE	COMPLETE	VALIDATED	REUSED_PREDECESSOR_BY_DIGEST	c4a26f0a44d1099f26413eacea5452d10399c18480a4273e7f91f040904a5681
393	GCF_002324625.1	COMPLETE	COMPLETE	VALIDATED	REUSED_PREDECESSOR_BY_DIGEST	e128e99567ac65cddd6aff9bcbe30399324647ba105b842c88166a572dbcc12f
394	GCF_011603175.1	COMPLETE	COMPLETE	VALIDATED	REUSED_PREDECESSOR_BY_DIGEST	1aa1d6145f53e8428bccc0f1121775ee63c23ee62848e65edcbe50a4849a8437
395	GCF_019879625.1	COMPLETE	COMPLETE	VALIDATED	REUSED_PREDECESSOR_BY_DIGEST	ccbc8d7c0f4ec274cb3f5962b890d17492aa9138875322fe9a387d06fdd248cc
396	GCF_003297955.1	COMPLETE	COMPLETE	VALIDATED	REUSED_PREDECESSOR_BY_DIGEST	0259a5603504e7cafeade7b5396db55bf7056b1af3945e8ad9815e29aaa30b82
397	GCF_005392285.1	COMPLETE	COMPLETE	VALIDATED	REUSED_PREDECESSOR_BY_DIGEST	bb14574b6cd3918cd7491abc11466788db259a022361664ce4465e3577b545b6
398	GCF_921294225.1	COMPLETE	COMPLETE	VALIDATED	REUSED_PREDECESSOR_BY_DIGEST	29d6987dd69e4f44ed575a5dc761786fece6b5727266bd234e242006902a8241
399	GCF_015620665.1	COMPLETE	COMPLETE	VALIDATED	REUSED_PREDECESSOR_BY_DIGEST	1258634fc9926c7df3bc0a590ba99037d5681676a16202585da68b0f4bbccafd
400	GCF_016457315.1	COMPLETE	COMPLETE	VALIDATED	REUSED_PREDECESSOR_BY_DIGEST	d2122feca533c89ee75c6bbe1d2f44efd9cf016c9392fa215f8fd0baf167bd65
401	GCF_000357905.2	COMPLETE	COMPLETE	VALIDATED	REUSED_PREDECESSOR_BY_DIGEST	2fb3099fc71e9883d1db62df9ad5ff075974f815e3305754d2984b39defb7139
402	GCF_009394435.1	COMPLETE	COMPLETE	VALIDATED	REUSED_PREDECESSOR_BY_DIGEST	6ccda924701ba25053715001f2170c60f1cca1192cdb96f3b881892c80250487
403	GCF_014862785.1	COMPLETE	COMPLETE	VALIDATED	REUSED_PREDECESSOR_BY_DIGEST	24d0ae557eaadfaac257e7fb94aebdebab80bae535e6a3681942500efa0c59fc
404	GCF_902859485.1	COMPLETE	COMPLETE	VALIDATED	REUSED_PREDECESSOR_BY_DIGEST	7dbfb1e0a171129fbe1ce8781d6f7e18298f2cdd28839eb54e42c9651bc53340
405	GCF_005382185.1	COMPLETE	COMPLETE	VALIDATED	REUSED_PREDECESSOR_BY_DIGEST	616e9fcd600dc1a03cc80d4c263c2a57af6fb8cff62652df4a02c85b1996e560
406	GCF_900481275.1	COMPLETE	COMPLETE	VALIDATED	REUSED_PREDECESSOR_BY_DIGEST	3597a1abd37a03efa24da960a5ec34051738a48d98301d5a4a271a02ec807166
407	GCF_009393735.1	COMPLETE	COMPLETE	VALIDATED	REUSED_PREDECESSOR_BY_DIGEST	8c9ed1f0b3b3ef8082cf49c416f7c4390624d5d7c08646ef35a844e9aa07c3d8
408	GCF_904809595.1	COMPLETE	COMPLETE	VALIDATED	REUSED_PREDECESSOR_BY_DIGEST	ecad24df45982ccc905b7ca988603e681d81aeede1bef48c0e5ae73d55257dbe
409	GCF_009822935.1	COMPLETE	COMPLETE	VALIDATED	REUSED_PREDECESSOR_BY_DIGEST	842f92e4536e8faf6b8fb157cac973267559272392f009e77bd0dc46fced8337
410	GCF_015699095.1	COMPLETE	COMPLETE	VALIDATED	REUSED_PREDECESSOR_BY_DIGEST	1bd81a5e0a12151a23925fb2500fe16471ed1bcea8f494e473ea9a906c39529c
411	GCF_002207405.1	COMPLETE	COMPLETE	VALIDATED	REUSED_PREDECESSOR_BY_DIGEST	8c80565ec669c8b55ce7a86a1fe38477c2cdb2c12c838b1f3ce4f72940e484e9
412	GCF_002326895.1	COMPLETE	COMPLETE	VALIDATED	REUSED_PREDECESSOR_BY_DIGEST	69cff2cf961c3b55395255376fa679c0c972b3803def9b06c052e167fbd0adbd
413	GCF_002142675.1	COMPLETE	COMPLETE	VALIDATED	REUSED_PREDECESSOR_BY_DIGEST	ebc57359eec008f58273318803bd96671e19e28ab5ce7a60bc7ab8b665e9f831
414	GCF_000235165.1	COMPLETE	COMPLETE	VALIDATED	REUSED_PREDECESSOR_BY_DIGEST	6eb9827eccc93d4cfeffd79327d57d25ee7e3f915510b444b23ed1e2422d1547
415	GCF_009794435.1	COMPLETE	COMPLETE	VALIDATED	REUSED_PREDECESSOR_BY_DIGEST	885747cf110fd5665e5e255fe6b578e1e8d2ea56a13c9b3cbe452f8c1839928c
416	GCF_003982645.1	COMPLETE	COMPLETE	VALIDATED	REUSED_PREDECESSOR_BY_DIGEST	57fabd767a620e822e879ea24bf6dc5a100ac6cd8f64291d9c92bba6ad66f7f2
417	GCF_000013265.1	COMPLETE	COMPLETE	VALIDATED	REUSED_PREDECESSOR_BY_DIGEST	43a446e7a4f77fa08f7048cf5a9fc39e2be37263982a809e15729893829a69fb
418	GCF_900196695.1	COMPLETE	COMPLETE	VALIDATED	REUSED_PREDECESSOR_BY_DIGEST	a94c08558629f48362a58f16f3644418a0132eada3b2acd0223533a96c02ed65
419	GCF_015699215.1	COMPLETE	COMPLETE	VALIDATED	REUSED_PREDECESSOR_BY_DIGEST	148140288ab01dd4adec8d756fb557c114cd84138f2bae041e8613c46457b6b1
420	GCF_015620555.1	COMPLETE	COMPLETE	VALIDATED	REUSED_PREDECESSOR_BY_DIGEST	03001be1f1f1172546ba9cb24c5d604a8a9c84f08f1072e2000792e3947cecbe
421	GCF_003982995.1	COMPLETE	COMPLETE	VALIDATED	REUSED_PREDECESSOR_BY_DIGEST	de2b8ad4458e240716b5fb97bdaa45df6f0096d85bc313c49408a3759f94bc4d
422	GCF_002144185.1	COMPLETE	COMPLETE	VALIDATED	REUSED_PREDECESSOR_BY_DIGEST	78c4e9472c7e2af34f2c469a431b97fac5d4d725a52b04cb5d7c0d970fb5f425
423	GCF_902505295.1	COMPLETE	COMPLETE	VALIDATED	REUSED_PREDECESSOR_BY_DIGEST	1ec45eaa2696e20dcf605e08ce0e9ff0798a3d2fa8e045b1ab3c3866f5127b2f
424	GCF_003172135.1	COMPLETE	COMPLETE	VALIDATED	REUSED_PREDECESSOR_BY_DIGEST	f585693d0cc7501b0bc2348e49102469fbc7668c03e4758f1892c35d1a8327a3
425	GCF_003601935.1	COMPLETE	COMPLETE	VALIDATED	REUSED_PREDECESSOR_BY_DIGEST	7c6e14f0daf316a8920535bc652ef4deeadefe60022ec625bf965d56bf7eaafc
426	GCF_902807245.1	COMPLETE	COMPLETE	VALIDATED	REUSED_PREDECESSOR_BY_DIGEST	946e633329710d8655022772d34e427de59e323632c1dcf859074e5c55053776
427	GCF_001183685.1	COMPLETE	COMPLETE	VALIDATED	REUSED_PREDECESSOR_BY_DIGEST	82113ed2bbf7c9789fb25e3bd95bc8810b004bcba0fb5c6abbd0b8fca3355922
428	GCF_016761155.1	COMPLETE	COMPLETE	VALIDATED	REUSED_PREDECESSOR_BY_DIGEST	4d67164adebf1e7e0994c86d2e59bef48de22c3f3c32170539763ddf7b47b238
429	GCF_017118895.1	COMPLETE	COMPLETE	VALIDATED	REUSED_PREDECESSOR_BY_DIGEST	cdc217db0bdecb4632af5f9aec25df3bea3257a9cb83c4145104b6051bbef17e
430	GCF_902859225.1	COMPLETE	COMPLETE	VALIDATED	REUSED_PREDECESSOR_BY_DIGEST	76a41eee96015415b057af8dec8ccfda6b8821dba66c472a3ad04ccd78f60506
431	GCF_003303085.1	COMPLETE	COMPLETE	VALIDATED	REUSED_PREDECESSOR_BY_DIGEST	e5172505bc6fe373e305f358a04e93a6ed57273532b6fdf49d3e5caeab77be5a
432	GCF_006237245.1	COMPLETE	COMPLETE	VALIDATED	REUSED_PREDECESSOR_BY_DIGEST	ed4488ae12917664a9efd1404b398e6aee53bcd8ab0e014beb13cbb7c6a1f25e
433	GCF_900607785.1	COMPLETE	COMPLETE	VALIDATED	REUSED_PREDECESSOR_BY_DIGEST	dc2cb58fc5c546aa5fa447b00b157f6b98befe37a9022d2aa806d36bac5ead23
434	GCF_004120975.1	COMPLETE	COMPLETE	VALIDATED	REUSED_PREDECESSOR_BY_DIGEST	cea7c4159577186ac540811ea8e9546520560b8532078ab559f518bcc98a959f
435	GCF_016761275.1	COMPLETE	COMPLETE	VALIDATED	REUSED_PREDECESSOR_BY_DIGEST	e0699eec952c7ce7f67194f049670a67baf47d934f9e0a7ec0da6e32cc7d2e9f
436	GCF_019050495.1	COMPLETE	COMPLETE	VALIDATED	REUSED_PREDECESSOR_BY_DIGEST	aa9926bdbc33ad33ff41ce45f89587de2c70dd18631d1cecd37e66695c7fad34
437	GCF_013047075.1	COMPLETE	COMPLETE	VALIDATED	REUSED_PREDECESSOR_BY_DIGEST	13a5bee97bde02b1699d390f30fe35754128b8f219406720167a7685bf852249
438	GCF_003172455.1	COMPLETE	COMPLETE	VALIDATED	REUSED_PREDECESSOR_BY_DIGEST	8683ac377c5e0638fb761c3f93d7c41a95a33f2436d1f71e4a3078ec864ae278
439	GCF_016530575.1	COMPLETE	COMPLETE	VALIDATED	REUSED_PREDECESSOR_BY_DIGEST	348a6ce81945ed0c83dc615f0c789bedc2343e924f03f09a11fab236c8498d31
440	GCF_015690315.1	COMPLETE	COMPLETE	VALIDATED	REUSED_PREDECESSOR_BY_DIGEST	2834bd7a86cbd4c2fa44aa0d42447e6c1e5f16d24c34c253f651d92fb7c70fa8
441	GCF_002011985.1	COMPLETE	COMPLETE	VALIDATED	REUSED_PREDECESSOR_BY_DIGEST	4b8f2667f81e7a9e9a6fd4e675362f8388e97feb1a2aede2b1f676ee06f82738
442	GCF_000408365.1	COMPLETE	COMPLETE	VALIDATED	REUSED_PREDECESSOR_BY_DIGEST	7b849e787084fdbdf6b354949c9bda66a4f5fea4de48cb3a59330c2ae39f453a
443	GCF_002542395.1	COMPLETE	COMPLETE	VALIDATED	REUSED_PREDECESSOR_BY_DIGEST	9e9c76d22ee33786e37fa9b1e17c15f0b3a67f9c9ecf4e06c75baa2042a99132
444	GCF_002229875.1	COMPLETE	COMPLETE	VALIDATED	REUSED_PREDECESSOR_BY_DIGEST	c24e3a725a2249575bc7bbf08c8cb6d666db3c3b7d1aa4d1fb4a442cbf45c30c
445	GCF_002195175.1	COMPLETE	COMPLETE	VALIDATED	REUSED_PREDECESSOR_BY_DIGEST	ce9e191c3c45303deb5c60cac94c5baa6d49342d4dfb55d916ec6217e6ec9a60
446	GCF_001860505.1	COMPLETE	COMPLETE	VALIDATED	REUSED_PREDECESSOR_BY_DIGEST	75e017fd8b73a26b4e10677f3b972f2bed45c17d1dfb6b90c4258ba6745d671c
447	GCF_001617075.1	COMPLETE	COMPLETE	VALIDATED	REUSED_PREDECESSOR_BY_DIGEST	da026b0b9db2f94352b108fcd65afffabeec4d7f262d3777bbff961beadcb64e
448	GCF_002229215.1	COMPLETE	COMPLETE	VALIDATED	REUSED_PREDECESSOR_BY_DIGEST	c976245f6be25469345f68cc82cadd36253b6392ff44ceeeaef32a2fb372646e
449	GCF_001692795.1	COMPLETE	COMPLETE	VALIDATED	REUSED_PREDECESSOR_BY_DIGEST	8353bdaac3f633ffbd9f886bcb23ac79356b841f17eea4dec9b7dfdad56e1d1a
450	GCF_000700625.1	COMPLETE	COMPLETE	VALIDATED	REUSED_PREDECESSOR_BY_DIGEST	4fa077d0d000129ef68e2e7f872860e1f0bea34386bb1ece25e3969349d8431d
451	GCF_005043925.1	COMPLETE	COMPLETE	VALIDATED	REUSED_PREDECESSOR_BY_DIGEST	80ce88411efa342bcab2bb885a808b8ce7a775f5edf67bfa9e36dea239ba59d5
452	GCF_001650605.1	COMPLETE	COMPLETE	VALIDATED	REUSED_PREDECESSOR_BY_DIGEST	b908f81bde9fe82f01956c1c0ef8135ef3544d93b356f9660b5d640e86f5e16d
453	GCF_009767245.1	COMPLETE	COMPLETE	VALIDATED	REUSED_PREDECESSOR_BY_DIGEST	32a491e209620affcf6c6e8d12b83c8a39aa3709968505f8b93c3359bc5005ee
454	GCF_011077775.1	COMPLETE	COMPLETE	VALIDATED	REUSED_PREDECESSOR_BY_DIGEST	a95447d259ed9be81bd81e35ccaf6b4013807788aaa0e7c6c2c0769dea8b4f0f
455	GCF_000354455.1	COMPLETE	COMPLETE	VALIDATED	REUSED_PREDECESSOR_BY_DIGEST	4434adddbfb7d2856716f2042d6bfb61f93de3e13479aec06da0310bf6b36f37
456	GCF_005394825.1	COMPLETE	COMPLETE	VALIDATED	REUSED_PREDECESSOR_BY_DIGEST	d10db9cb49d51012069bb97da2ed84690a075e7f58261b6cc6a12ae3b1e13a16
457	GCF_002001975.1	COMPLETE	COMPLETE	VALIDATED	REUSED_PREDECESSOR_BY_DIGEST	255d47358cb46b4b5648bce278dce3f83ec5d19119e5e3575f27d1bcae81823a
458	GCF_005381345.1	COMPLETE	COMPLETE	VALIDATED	REUSED_PREDECESSOR_BY_DIGEST	8da3916661453004fd7d0f0f36b1effa1c8caa9e1ec10ee916a58379739a54bd
459	GCF_000352925.1	COMPLETE	COMPLETE	VALIDATED	REUSED_PREDECESSOR_BY_DIGEST	f0bb4457cd568406a0df40bf30161ebb64813007f7b3df41535ea5d8032f81ae
460	GCF_001749125.1	COMPLETE	COMPLETE	VALIDATED	REUSED_PREDECESSOR_BY_DIGEST	9e71c120d150ddc496c856f88369c25e290353f5316fd42f2508d8b79ef255b2
461	GCF_002573065.1	COMPLETE	COMPLETE	VALIDATED	REUSED_PREDECESSOR_BY_DIGEST	e6b3524703dc022809cc31aea67e6d14ed6d6ad5252ba9b4ed5cc47347c2052d
462	GCF_002514845.1	COMPLETE	COMPLETE	VALIDATED	REUSED_PREDECESSOR_BY_DIGEST	6302331bf7037f5445cb813e7e2df931686fdbe5bb268e99c1b9dee997c69d19
463	GCF_019587525.1	COMPLETE	COMPLETE	VALIDATED	REUSED_PREDECESSOR_BY_DIGEST	a1059d86ee828cb3d2677147d893d6f07aa878644a368f74ff64e8bdf1940ac1
464	GCF_002233095.1	COMPLETE	COMPLETE	VALIDATED	REUSED_PREDECESSOR_BY_DIGEST	a62b586230f7d85bc738349a3800016017acedfc336168e2cef0e488d61169ce
465	GCF_003361455.1	COMPLETE	COMPLETE	VALIDATED	REUSED_PREDECESSOR_BY_DIGEST	bfbcd8859ce46a2662985af9b5c6b3700f0e832f9914b670984fa4f43642bb1d
466	GCF_004170625.1	COMPLETE	COMPLETE	VALIDATED	REUSED_PREDECESSOR_BY_DIGEST	37c41f9a42cdf0d8b190b140ece86fe3730baaa9bedd5c36654e9214d66bc335
467	GCF_018069725.1	COMPLETE	COMPLETE	VALIDATED	REUSED_PREDECESSOR_BY_DIGEST	6590a07e29059a09856a56ee0ad54f6aaa9a31808076d3758a5ff6b67cca0294
468	GCF_001412975.1	COMPLETE	COMPLETE	VALIDATED	REUSED_PREDECESSOR_BY_DIGEST	db450590c8d976bd88d1726b7a78eeb682cb3bb037b409cad40d51e849400f06
469	GCF_002319515.1	COMPLETE	COMPLETE	VALIDATED	REUSED_PREDECESSOR_BY_DIGEST	d4aa8fe7acd8e4d81fcad174861a45753644db4c8cdbe60c4ff1e07cb542ff32
470	GCF_021109055.1	COMPLETE	COMPLETE	VALIDATED	REUSED_PREDECESSOR_BY_DIGEST	490f82dc918b6c5d9fba7eb0d31c497514e33062e93db28aaa4a3c76603ba39e
471	GCF_001749065.1	COMPLETE	COMPLETE	VALIDATED	REUSED_PREDECESSOR_BY_DIGEST	902503f63a1e5404c844cedd1e7bcccea19bbcc1518f5320be68a40124f2281b
472	GCF_003981665.1	COMPLETE	COMPLETE	VALIDATED	REUSED_PREDECESSOR_BY_DIGEST	a0b93d2f9687e6714b0a73db59a12a0591852a06c64c65c3a35d3e1a629aa25b
473	GCF_005391865.1	COMPLETE	COMPLETE	VALIDATED	REUSED_PREDECESSOR_BY_DIGEST	b5c526efc48b29948b28c2656f78b5f34b9402f32bdaf93a995a3c27349b7ccd
474	GCF_005396145.1	COMPLETE	COMPLETE	VALIDATED	REUSED_PREDECESSOR_BY_DIGEST	7a1b09ed9670cc5c6c47a7e5ae4f26e0e3d412e2924b0aac82514836fd4536f5
475	GCF_003388915.1	COMPLETE	COMPLETE	VALIDATED	REUSED_PREDECESSOR_BY_DIGEST	bf6f30f35b61589603859a4a6561a97b3131d27c559af3e2e38617567e6ac050
476	GCF_014494025.1	COMPLETE	COMPLETE	VALIDATED	REUSED_PREDECESSOR_BY_DIGEST	0e61d287f080f6f0fe4317fc753f81d6705aa625b00a36d8c42cdda54d90327e
477	GCF_002226735.1	COMPLETE	COMPLETE	VALIDATED	REUSED_PREDECESSOR_BY_DIGEST	c578ea0737fb37a805dbf60719bd148ac0541e97c28e901b700806a933125b3c
478	GCF_016126995.1	COMPLETE	COMPLETE	VALIDATED	REUSED_PREDECESSOR_BY_DIGEST	7a1947f0044cc8ba771ddccdd7138954874812b69ec6d7d9611d13bc24dfa858
479	GCF_009822095.1	COMPLETE	COMPLETE	VALIDATED	REUSED_PREDECESSOR_BY_DIGEST	6a1cbd9ad8bf55fb062ba1549c1e9eec1d085e6dd9146a7638dd72e51e68d07b
480	GCF_004767245.1	COMPLETE	COMPLETE	VALIDATED	REUSED_PREDECESSOR_BY_DIGEST	48916c8a5db88c95e9dba63717b4e06c68d6d306df818ba9c5f96aad10e0787a
481	GCF_002511275.1	COMPLETE	COMPLETE	VALIDATED	REUSED_PREDECESSOR_BY_DIGEST	fc8e02a8c1a581af50e24c77e0626ec37668101d82efeced17e5238271b1ec69
482	GCF_021353995.1	COMPLETE	COMPLETE	VALIDATED	REUSED_PREDECESSOR_BY_DIGEST	7b057c17a2f13ab06cc2a8a40ba1d5c2b6fb08d91f2c8d138a84ce3ffe7e0995
483	GCF_000091005.1	COMPLETE	COMPLETE	VALIDATED	REUSED_PREDECESSOR_BY_DIGEST	0b5d6503e68b8cccab3b070cb39774f4dfa89ba0f70d5f99f6eb994e466ff57f
484	GCF_003981255.1	COMPLETE	COMPLETE	VALIDATED	REUSED_PREDECESSOR_BY_DIGEST	91962b2c3846cdd27b816567a5c2a0d5ec9eebae7adb4203589b82effd426943
485	GCF_003304855.1	COMPLETE	COMPLETE	VALIDATED	REUSED_PREDECESSOR_BY_DIGEST	e325c41a2a0a471745fe2bd8c8dc2cc2d44fc4e0e10107e4b8e5d8e6b36dda84
486	GCF_000457285.1	COMPLETE	COMPLETE	VALIDATED	REUSED_PREDECESSOR_BY_DIGEST	87c691efcd2832de29f6f35d4185c5b7b92f05c39d2333d029f3f85575467847
487	GCF_004284265.1	COMPLETE	COMPLETE	VALIDATED	REUSED_PREDECESSOR_BY_DIGEST	f8d42b5e7a8d83e10d4f0eb7ffe4733809fdc3fc848ff713cc6bdc41a06ba34e
488	GCF_900195505.1	COMPLETE	COMPLETE	VALIDATED	REUSED_PREDECESSOR_BY_DIGEST	beb4555c325a9fbfa14f950bad1c2d666bff4f36681d29a568e605372de610da
489	GCF_907175235.1	COMPLETE	COMPLETE	VALIDATED	REUSED_PREDECESSOR_BY_DIGEST	c56963fbafae1b9668a760f09c921b86761e59f2176c4c26c49965bdca6ce535
490	GCF_000397705.1	COMPLETE	COMPLETE	VALIDATED	REUSED_PREDECESSOR_BY_DIGEST	9b6b091f1c1458d6866c88f1a89d4390e9f53df28acce5489ac11c46957ba1e4
491	GCF_002268255.1	COMPLETE	COMPLETE	VALIDATED	REUSED_PREDECESSOR_BY_DIGEST	83e26673aa4786e91b466894104de1243f9a1886292c1ae7e754288f012eaa2b
492	GCF_004380655.1	COMPLETE	COMPLETE	VALIDATED	REUSED_PREDECESSOR_BY_DIGEST	28ea06d0c811bf199befe796634166a5b37ade686f7774d17627fdb8442a597f
493	GCF_003980755.1	COMPLETE	COMPLETE	VALIDATED	REUSED_PREDECESSOR_BY_DIGEST	ae22beade8eb969e5c793b78219ed3c5fe28f3d0a511149c2d150b824b80b991
494	GCF_001285325.1	COMPLETE	COMPLETE	VALIDATED	REUSED_PREDECESSOR_BY_DIGEST	e5571d257a4fbf517e0e950f81291904afa9e151fc2c61b1381a7287012b5b9f
495	GCF_001614905.1	COMPLETE	COMPLETE	VALIDATED	REUSED_PREDECESSOR_BY_DIGEST	ebd80ff46d7f2eb2a4346ed0910edb9f888a8a9226a2c73d3700fb3b5a5d9e33
496	GCF_009794365.1	COMPLETE	COMPLETE	VALIDATED	REUSED_PREDECESSOR_BY_DIGEST	01b18c4287ebb1e7357354da87de74e0a51e6226a3f3b4e6e54486df855efe45
497	GCF_002223665.1	COMPLETE	COMPLETE	VALIDATED	REUSED_PREDECESSOR_BY_DIGEST	84cfe14c4d2b93753b0d87f7874f8035cb1c387c5b1623074bbb2663bc3620f9
498	GCF_001615695.1	COMPLETE	COMPLETE	VALIDATED	REUSED_PREDECESSOR_BY_DIGEST	8c3c3d5ae309f7b61afb62ad2e868a0d7d7984d9f8a1c3446f75dbbcd32b2610
499	GCF_000305355.1	COMPLETE	COMPLETE	VALIDATED	REUSED_PREDECESSOR_BY_DIGEST	4d53f89ecd1e368014457d1115b5ec4040b7956b368b738a0db475f3d204c10d
500	GCF_006238575.1	COMPLETE	COMPLETE	VALIDATED	REUSED_PREDECESSOR_BY_DIGEST	00ee5c39fd694dd9ae4ee5aa2263870aedc23f8d8609e538f0e8f634c8a4f372
501	GCF_015620275.1	COMPLETE	COMPLETE	VALIDATED	.	33ec41a4dc0032a5a32faf8fb5b79d75fea18768384d269275ef04293ba77e0e
502	GCF_900536605.1	COMPLETE	COMPLETE	VALIDATED	.	131b4c2db6f9f94a86976e4f62ee664d3221e61f03afb109c5c1996258190529
503	GCF_000446825.2	COMPLETE	COMPLETE	VALIDATED	.	997c569be29985d2a8f4f008b8b815b4417465026f2cdeadd256f0104dcaf7d4
504	GCF_002466355.1	COMPLETE	COMPLETE	VALIDATED	.	1d10774f4dad6bf6a71b7b3aa4580b42362efe0c1ea0a591e825e12817286bda
505	GCF_002193205.1	COMPLETE	COMPLETE	VALIDATED	.	e575ea3da9f91daf8541392dbc6e9e5a3873ff6b0b96d4ad563ecb4f9c128b00
506	GCF_900480975.1	COMPLETE	COMPLETE	VALIDATED	.	68624142efde6a89a0d5ab736b4263316ad8c5bbd899a41221967e6a72d23996
507	GCF_902859275.1	COMPLETE	COMPLETE	VALIDATED	.	0d1f7be4dded632f90e9204824057042517fc1e6d53e5b596df99158aa10a119
508	GCF_000408485.1	COMPLETE	COMPLETE	VALIDATED	.	be451f984bf3b425cf32fa014cdd2f5a9525716c580dc7d8c903d7bdf32d405e
509	GCF_013423945.1	COMPLETE	COMPLETE	VALIDATED	.	095ddb2d3f90fe3ba439ac66a3ea1a4462aca95e3ef35f536ed4a164c5c3541f
510	GCF_013182705.1	COMPLETE	COMPLETE	VALIDATED	.	dd25814cea45a903d6de4dd75e326e8cf240747792df59a625476f513f9dfe84
511	GCF_000987545.1	COMPLETE	COMPLETE	VALIDATED	.	a68c0eb13d45985afc6fe30503f952398b2085e3e4dd1e514191def271e772ff
512	GCF_005393265.1	COMPLETE	COMPLETE	VALIDATED	.	ac5d1ba724656a9ac8f4b61abf563be501627b45b7d4af7c86fff6f2022c442a
513	GCF_000952225.1	COMPLETE	COMPLETE	VALIDATED	.	2883796d183966349a13f54933f50d89ee7179ccab9661a99941186f3fca53fd
514	GCF_019879155.1	COMPLETE	COMPLETE	VALIDATED	.	d6b42eb506ba0994b85c99d49ddebe2839bae823389f0df79dd674582bada881
515	GCF_002231775.1	COMPLETE	COMPLETE	VALIDATED	.	b4162295204d924776a1cc089c9953e56ea84583bd8690c1fd59deab2752a4c4
516	GCF_006230395.1	COMPLETE	COMPLETE	VALIDATED	.	b878f1e8997f9baf973d023aff595e5ac5626fdffeafa0c7cbe7a2dbe3a0608b
517	GCF_020422745.1	COMPLETE	COMPLETE	VALIDATED	.	235d5cd114ec8b40efd3bcd4498fc8f94f3e049ebd9fcfdb9b495c35c5005b27
518	GCF_009789835.1	COMPLETE	COMPLETE	VALIDATED	.	beeeefa2b02d4f543d997194904de56febb317ef9534a447dd1e373417f1796f
519	GCF_002547165.1	COMPLETE	COMPLETE	VALIDATED	.	6fda54b41799b576a9306c70b61754f7cb5a4f343f5d21430e252f6b894cadc0
520	GCF_001609735.1	COMPLETE	COMPLETE	VALIDATED	.	c58f3a6065ac069a301b5cd90b55be1cca23cbb974ab0f7b8c649450d64ebf88
521	GCF_002769095.1	COMPLETE	COMPLETE	VALIDATED	.	1a43033c12088bb5bc1857640e042769130875f1e6b522c15226b0aa3008045e
522	GCF_000459135.1	COMPLETE	COMPLETE	VALIDATED	.	db1eda67636bec2ce20cc841d55d7df00e318c24d99a751977008f8dc8884593
523	GCF_003830315.1	COMPLETE	COMPLETE	VALIDATED	.	21c3bc3f61f4b954f42bdfb013c519e2f6eb8a2537d9964f76bf7ea99f7c7c35
524	GCF_015229735.1	COMPLETE	COMPLETE	VALIDATED	.	6c59f69032d88bdcd18060220e8cd4a7fa8974a960b923b0485ce61b03d712ac
525	GCF_002227705.1	COMPLETE	COMPLETE	VALIDATED	.	c87ac5ab76d531551eb1de85a13d6f0ef385fb4fb9fe3681e7595a24fa6a60c2
526	GCF_008823185.1	COMPLETE	COMPLETE	VALIDATED	.	cb9e502dda500fdff4ab377503a7b0d76a94fc4abbbbda31e3c098305d7abe5e
527	GCF_001911695.1	COMPLETE	COMPLETE	VALIDATED	.	9f467ba03f5c3805e10846a71f7ad81251ef2a5766d544310e1543c276c64f11
528	GCF_001561895.1	COMPLETE	COMPLETE	VALIDATED	.	44c2d50ab3690694e5644e1d4379312a27d74ab5b5ebd443f08070e232100236
529	GCF_003360315.1	COMPLETE	COMPLETE	VALIDATED	.	612a6b23917405091c9eaa0d12fd7f844d010e527e4fd03a964d03fc827b44c4
530	GCF_000459315.1	COMPLETE	COMPLETE	VALIDATED	.	1c586726e08a8d9e312e2b622510a1330ffc138d05de5250b90b35098c69d4f6
531	GCF_013392285.1	COMPLETE	COMPLETE	VALIDATED	.	86da18e6c1bfdc34d4467fb909133b683b9ab5341a73045bbc79c5d45b12c106
532	GCF_016433185.1	COMPLETE	COMPLETE	VALIDATED	.	e0e586720510cdb920decb9cd0d034e2b67d13833593dc593fcd294c05a4377f
533	GCF_000777065.1	COMPLETE	COMPLETE	VALIDATED	.	5147e2e8bc0687e3c85474a4c9131ef5efead5131e47add0c7f2e7e67f8c5661
534	GCF_001059075.1	COMPLETE	COMPLETE	VALIDATED	.	f4ddc44b816b03cd2c4c6c7f59cd95bd8316809fd21533e2da0d51449eaccf30
535	GCF_012275695.1	COMPLETE	COMPLETE	VALIDATED	.	54d9a5a9414035fa9893e53fba4d0bcb10e48b0a5b5a5b8b591c5a281a28271c
536	GCF_002855615.1	COMPLETE	COMPLETE	VALIDATED	.	1fbddb4f01e782f89b254ebea6ca9ac6429bb696d11cf4595d1a33bb7d7df490
537	GCF_002520785.1	COMPLETE	COMPLETE	VALIDATED	.	347401ef347c009878098df854793fd7bf8a11159e9d929de477e446a3da2941
538	GCF_011765445.1	COMPLETE	COMPLETE	VALIDATED	.	1a44d51be0b0d3614b00848395e6bac2262693dc453d9b61d0f769e033852d2c
539	GCF_021354495.1	COMPLETE	COMPLETE	VALIDATED	.	1901339dd8268e52d8b5913bdb7c3215ce45a96fb57cfeb1f3cb372febb1b3bb
540	GCF_000459195.1	COMPLETE	COMPLETE	VALIDATED	.	1eaecc54aa6a64342ee55de65fae6eff1909c90c2d7632f09eb5235d26fba0f0
541	GCF_001572285.1	COMPLETE	COMPLETE	VALIDATED	.	c78542e72311f305ffa9d18664089879781a5ffb9fa931762e7bc057ffedb845
542	GCF_005386365.1	COMPLETE	COMPLETE	VALIDATED	.	6dea811b853ab619c96ec485177c1daff31b53443f3ab31040baf6b94d123802
543	GCF_013370805.1	COMPLETE	COMPLETE	VALIDATED	.	fd9e12ddf840695550f17e79d3d07d70201a6e0ce965f36f3f73326f3e5f7d9b
544	GCF_900480865.1	COMPLETE	COMPLETE	VALIDATED	.	9352eb7b1383c5c778cbb942aeafbac0682419a3ad0a84791f6c51bc5eb0699c
545	GCF_013413645.1	COMPLETE	COMPLETE	VALIDATED	.	68aff9e088422b91712fe74312dd48b5b55daece08f580b84cc4e877de09526e
546	GCF_002522165.1	COMPLETE	COMPLETE	VALIDATED	.	ab7060f0f81a42ac9d4fed2fcc427ee9afe41da8401036e9c99f8c973c9630b6
547	GCF_002511355.1	COMPLETE	COMPLETE	VALIDATED	.	03a4b7afb77270a157ad1623ee629a1cfe198eb9e9a4eb9b91cc3ee3c48330b0
548	GCF_000460295.1	COMPLETE	COMPLETE	VALIDATED	.	1170ab83d2c6d70b3c7f032e28fb9c26ab8278b9f72e639dcd64cfd64a695790
549	GCF_004797945.1	COMPLETE	COMPLETE	VALIDATED	.	fab36f63381889e3d85c099a6c2fbf427fee5c026880665ad6db4aac8f227e41
550	GCF_002028745.1	COMPLETE	COMPLETE	VALIDATED	.	9392bcc4e2efde2165666eec1fb9abd7c76cce94136c9258cadae93bf9d2dbf3
551	GCF_017162875.1	COMPLETE	COMPLETE	VALIDATED	.	4b2ee29ed74451a5f2c93a5b7d18c1993a06959f715cc142b9a0e706de05b459
552	GCF_002806795.1	COMPLETE	COMPLETE	VALIDATED	.	f4541419eebd3551c84bd533bd5b2e18c8f327716b79becc401c8aaa6b00d4da
553	GCF_001266095.1	COMPLETE	COMPLETE	VALIDATED	.	70b5bec2e28d2ba65329048114332a646e966d7367695764a411e3bda5f279ec
554	GCF_003304615.1	COMPLETE	COMPLETE	VALIDATED	.	63e2b0cab863932bf6128b5b36cc7e0b7d2f30d685a656f1fdcc5ddb2e3da853
555	GCF_004959985.1	COMPLETE	COMPLETE	VALIDATED	.	0d1c4e7edb865c94cd16359268100d26e31867d3424b078babe0e8ae5332bf58
556	GCF_003357785.1	COMPLETE	COMPLETE	VALIDATED	.	6e918632e313fbd451f4b87224b1001d2f0f4ba30298ee64c72faa479d6492fa
557	GCF_003321715.1	COMPLETE	COMPLETE	VALIDATED	.	987977ede23f48bbfd6d97fd1bb56f46cefcd7b46b604376d782d1005e66b070
558	GCF_002511125.1	COMPLETE	COMPLETE	VALIDATED	.	40fa3896b191263a1b1db0613fbab43235275b95bce0f2521d53adb319365c45
559	GCF_001515725.1	COMPLETE	COMPLETE	VALIDATED	.	3b104abe0cea51bfd949cd7eedb63dc0db9a79b9a5a3b6316e1edee5a6860a90
560	GCF_001561835.1	COMPLETE	COMPLETE	VALIDATED	.	f461d9695bd85de734324f08971f3a96d4a480073c6eb82d49fb6e94639bebc3
561	GCF_018682825.1	COMPLETE	COMPLETE	VALIDATED	.	eed593db907607e9c8be847ea4546618de0f5c258520303958b7239963339b10
562	GCF_003017375.1	COMPLETE	COMPLETE	VALIDATED	.	5a7949f7f8264f89fec7bada9d4d4f709f1cc9f14b7f22d37987ff3891b1fe20
563	GCF_004173925.1	COMPLETE	COMPLETE	VALIDATED	.	5eb9451a7a85c400e8055de606bb65f0a050403010c9687eb81eef1baaa824d2
564	GCF_005396585.1	COMPLETE	COMPLETE	VALIDATED	.	d9bf233ea9596ebed5077dec20ca89b56d31b8dd0528477819f4a3162c537d64
565	GCF_003721895.1	COMPLETE	COMPLETE	VALIDATED	.	7a7da0d1c59453d919889a271a2a09848d78867dcf6b31169ac97bfdea210f12
566	GCF_018972045.1	COMPLETE	COMPLETE	VALIDATED	.	56b2475086c3033141b4846eb742ef949db3bfee926ab34287552b39f57a4e81
567	GCF_009896495.1	COMPLETE	COMPLETE	VALIDATED	.	1a282e3b370defcd4160d0b8bd208e91313a8712b4e4e6c0338f3f92b7e2531a
568	GCF_000351485.1	COMPLETE	COMPLETE	VALIDATED	.	65be48202a7c32cb0edc5910dc1b4d5d2979bb185f85013ec0a94a93442c392f
569	GCF_004960345.1	COMPLETE	COMPLETE	VALIDATED	.	ded3034cf5f6af03bd851c33a3be0015e2f9888f354bcbda19836906034f2f10
570	GCF_006351305.1	COMPLETE	COMPLETE	VALIDATED	.	e95ab2e215bf5ec47d451d79f2fe63f261b224c0ad5ad505713ed58494b737e0
571	GCF_018444425.1	COMPLETE	COMPLETE	VALIDATED	.	a0ac73095eda8a7b5b6ec4ca77bbfcf730413b108f6fcae62bc0621117a3b00d
572	GCF_910592755.1	COMPLETE	COMPLETE	VALIDATED	.	c7231d60937029fd6195261b2c343399bc2b83382e35a3693db97cc5daf5ec5c
573	GCF_003323015.1	COMPLETE	COMPLETE	VALIDATED	.	9d7a5ea3aba5447013955f0b457e7a69c335cdda03a57807f0a1d51c557e00ee
574	GCF_006234155.1	COMPLETE	COMPLETE	VALIDATED	.	e64204902ba131764aec1f0fc00608bdd582833da7e0729b7b9788420413d7d3
575	GCF_001463405.1	COMPLETE	COMPLETE	VALIDATED	.	0eee07d9fbfd26a1c46e3816d2dd97884020a1740c5cce3787543d5c4366cac3
576	GCF_001874785.1	COMPLETE	COMPLETE	VALIDATED	.	b5cba1d2aa0a9fbcf526dc9164aa836415a57c82930ba8987946dbf74bfd3cda
577	GCF_009395265.1	COMPLETE	COMPLETE	VALIDATED	.	222b8784fc20debbc88ca2dded3846452dd80a7a52ffe6f0c1faa1848f4c474c
578	GCF_017594525.1	COMPLETE	COMPLETE	VALIDATED	.	7af3d58bdef8662936f6fc4056a5b7dec298b68ee4995eda778a3768ccc14eab
579	GCF_004796615.1	COMPLETE	COMPLETE	VALIDATED	.	152e641722d5046ba5d8b885c0249d3cd47e3b609f6e41605ca1b48a4bf93c2b
580	GCF_900449035.1	COMPLETE	COMPLETE	VALIDATED	.	1958db8ec1d302e9ce9af21ecc9b23bfc94847465e9bce1f7e09542a2e0a5c0b
581	GCF_002134685.1	COMPLETE	COMPLETE	VALIDATED	.	96d57137e0b5836b09c51e4095736f47521ff7a1105bddb526c9f4f93377ad4b
582	GCF_000627925.1	COMPLETE	COMPLETE	VALIDATED	.	03a9a3d55c1276523d4b136a837bdbd4adcb9c54dc8eb5495a1378751565da22
583	GCF_000446365.2	COMPLETE	COMPLETE	VALIDATED	.	9313e88040cf0c14ccdb4f74e8bfb95356a05c524f0ab8afa96005233a497f1f
584	GCF_018439915.1	COMPLETE	COMPLETE	VALIDATED	.	a36b05240ff90314e15c141d9ed79545a5ccf020cdf90d081037f19c72b3b919
585	GCF_015208495.1	COMPLETE	COMPLETE	VALIDATED	.	7d7af6c049ea65d77ab12edf86d1421d442b26ddbd583977e43292ed1e8e7a46
586	GCF_017775795.1	COMPLETE	COMPLETE	VALIDATED	.	70acfb6e26ec353d2379b74c016d5cee02d37a9ec120712bd6ae113c36e0c156
587	GCF_900518915.1	COMPLETE	COMPLETE	VALIDATED	.	2bc7de64ec8676034dce94ac6ec27a6b73d7bbaacb10bbaa99b8f8fd3fa7b61b
588	GCF_005391645.1	COMPLETE	COMPLETE	VALIDATED	.	d08bdb851a83316c3efc968f87f2e519590beebd77b6ba05bbe4cbd583416af2
589	GCF_002930255.1	COMPLETE	COMPLETE	VALIDATED	.	798b0f122641a9194e5cbfbf4584dc168a42b9eced60d7e6b60db6fc0557075c
590	GCF_014169915.1	COMPLETE	COMPLETE	VALIDATED	.	8411513b11a26b5f35f72c11e357e04e64ee8d8eeb567ad10ce21a31fc0b30e5
591	GCF_003009975.1	COMPLETE	COMPLETE	VALIDATED	.	673373bc81d10fee745be4072d16910eeb5ffd8297608f9c281e10124e3d6eea
592	GCF_012328945.1	COMPLETE	COMPLETE	VALIDATED	.	ecdca484aa29e1fa3f365996a38f99f7f4fab5d73a29c9e16f6c582098b2d39b
593	GCF_001806265.1	COMPLETE	COMPLETE	VALIDATED	.	e695ce8280ef740fcf27508b60e528f7f93c8103eea0ee18bf593ae279b3be9c
594	GCF_003337065.1	COMPLETE	COMPLETE	VALIDATED	.	66dec610b9ac867e1eac77834d8ceb29f4ffe3145c0252dc8d94ac45db9294f0
595	GCF_002531035.1	COMPLETE	COMPLETE	VALIDATED	.	15371b60dd2d854849e3b0d3cc3145e62741f21e26c2c2c513e7e587349550a9
596	GCF_907177095.1	COMPLETE	COMPLETE	VALIDATED	.	1b38bd38d008691ac095ad1dd9bfecfaf481f93ee1467e4919b6d7af0102df32
597	GCF_000692375.1	COMPLETE	COMPLETE	VALIDATED	.	eacd1f48f4fdae0df18c1e66d20b5c8da18399e3ba8bd67a89e15d47ef9622e4
598	GCF_002194595.1	COMPLETE	COMPLETE	VALIDATED	.	d16491fcf988d91d2a66562c6818c16511eb6b8d2b1897fea4448b4459c2806d
599	GCF_013413545.1	COMPLETE	COMPLETE	VALIDATED	.	5f6f1b1a45e3fe422dbfb0856c93a243d7210eaa375b60cd4dba29635adacac3
600	GCF_003317105.1	COMPLETE	COMPLETE	VALIDATED	.	c5cf99c92f2fb8a117808c09793d1c449271e1c1d519fbae2b7a816138237409
601	GCF_002516905.1	COMPLETE	COMPLETE	VALIDATED	.	b396d96212008a2221f9afac50a55aa0f654d0cb61d624ff2cbca2b547063a85
602	GCF_900490115.1	COMPLETE	COMPLETE	VALIDATED	.	216cc2126852df9e5619f2afbb62f8411950f20eba5a12d6967d5c484e1179b6
603	GCF_004526255.1	COMPLETE	COMPLETE	VALIDATED	.	8f7d4e44e7e863fcbc38d1ea901127c08741f8a6e279c96e27d33df0e4bd509b
604	GCF_006230825.1	COMPLETE	COMPLETE	VALIDATED	.	f0bded85935826c0354f262d8b73fb75a876ef494bd460819e0b09953a8e34e9
605	GCF_013073295.1	COMPLETE	COMPLETE	VALIDATED	.	01d9e2672ebded9ac557a61f92df647c9221a40a20fe3f4772c67909bf5b125a
606	GCF_001881205.1	COMPLETE	COMPLETE	VALIDATED	.	5afa1eea6733f5a75a2e5e9af3890433725fce2a97f04081ed148d05972a4b22
607	GCF_001520375.1	COMPLETE	COMPLETE	VALIDATED	.	ac3dff1ec35348da6926ba0e8f68e67c57bc71a7dd0d091a086775911d7cf3c8
608	GCF_002540915.1	COMPLETE	COMPLETE	VALIDATED	.	f22d05eadf1de515a07a948322d4b360ea407c9231f29cf83d5cb92b0fd9ed5f
609	GCF_005393145.1	COMPLETE	COMPLETE	VALIDATED	.	b6feab7d8267d797c5d7af6e9d6556e27ddb10342deb152a60faadf4e9e17347
610	GCF_001441345.1	COMPLETE	COMPLETE	VALIDATED	.	689d167adeb63f77c55697552cb0fc59232ccec67416232b169c191d82cc0354
611	GCF_001285345.1	COMPLETE	COMPLETE	VALIDATED	.	aa220ea07e7ac8b66e6af15f3f30c5072a6358ef1ae12432efa90e62ded37f83
612	GCF_014862705.1	COMPLETE	COMPLETE	VALIDATED	.	3fe14fb7ebdd5865733e8e43b5235c44f0d10bd764feecca5342bed544ff60fb
613	GCF_015690265.1	COMPLETE	COMPLETE	VALIDATED	.	fb4432917ec0e31f4d8098099b40b845730cf92c345463c79761cc6ad876b2fb
614	GCF_002810955.1	COMPLETE	COMPLETE	VALIDATED	.	542b71276563a38b0471ba010ce45e917e2175ab5d0d85663c3c94b690fae322
615	GCF_000940035.2	COMPLETE	COMPLETE	VALIDATED	.	93ffceee3016514b10ce32938512e947e52cdd5407e098ff9ca69c12f808b793
616	GCF_013607365.1	COMPLETE	COMPLETE	VALIDATED	.	61a9fa525bbeec2bee1e72bda90046f468694d72c6da93b86beaac6e38b44b42
617	GCF_013340825.1	COMPLETE	COMPLETE	VALIDATED	.	eab1e6537b57e417b5879c2797cd0d1ebc93dbaf572b1cafdd3dcae884dcafd9
618	GCF_005397685.1	COMPLETE	COMPLETE	VALIDATED	.	f1ecec613d1dbb8d75eea035fdd16b1e8838383ca58274343eee0270c595b18e
619	GCF_003027575.1	COMPLETE	COMPLETE	VALIDATED	.	3c278aeb158f9db0f0268141272074ed49897b09241f0c741ef276ea5065f698
620	GCF_001052125.1	COMPLETE	COMPLETE	VALIDATED	.	187eaa558b6d94209f622127b9652528f15341329e92f8daa36431b521c605ae
621	GCF_020005505.1	COMPLETE	COMPLETE	VALIDATED	.	14f796b25b6d7330cadf9c48c151600fe76e81bca15d808977262f1e74f85fb9
622	GCF_002535195.1	COMPLETE	COMPLETE	VALIDATED	.	d1615b1c08c09d17b87d419e1311380d997e8f4cc346d87af2e39d577bc26637
623	GCF_001269305.1	COMPLETE	COMPLETE	VALIDATED	.	ae12da5ebc059e0fec5920168f9cc269ba60876875d8b76f9150ab2c87133d87
624	GCF_003027235.1	COMPLETE	COMPLETE	VALIDATED	.	7f8b46e25b64e41c838e6d06a8421a88c859b8de3bf1651becaca7d47f54711d
625	GCF_000471085.2	COMPLETE	COMPLETE	VALIDATED	.	4e8ec39870eaf75f20e73c73330ed68d2c43b547fa4f955778650c84f47db3ae
626	GCF_902505505.1	COMPLETE	COMPLETE	VALIDATED	.	79e6c0e88f4c46c73ceb39e77f415f1a16ddee9845c12300288a14fe1efc12ae
627	GCF_005396605.1	COMPLETE	COMPLETE	VALIDATED	.	5ede4aa4b8059bcca3a51eff67b98367116a7cbcc1190abbda9b12eaa2b0b520
628	GCF_003303995.1	COMPLETE	COMPLETE	VALIDATED	.	e22ada180c3231a1fcd0fa56951bf25b624777afa2ea2b625058147a6a36841a
629	GCF_001285985.1	COMPLETE	COMPLETE	VALIDATED	.	f56ab03c12378b1b0d3a983b416cf58140d684035282172ce02b5f530cfbcc28
630	GCF_004568995.1	COMPLETE	COMPLETE	VALIDATED	.	cc8a90a1964943bc02f56586318463d934826300ec2e96f17dd850e0af1663e4
631	GCF_005670915.1	COMPLETE	COMPLETE	VALIDATED	.	76cea0c8b84e52a6f72e971b50a298a9a7a8de8017ec58b953ed951e7ce63fe1
632	GCF_005508755.1	COMPLETE	COMPLETE	VALIDATED	.	dde06bd4ae02a15e281888adb2fd729a4d1b4e0d9a34ae50d2a5ad8894eb6427
633	GCF_002542995.1	COMPLETE	COMPLETE	VALIDATED	.	132d6af7838168eb4551c00be7f7355a215d61fdac6d0d4ad335021993ee4450
634	GCF_000517245.1	COMPLETE	COMPLETE	VALIDATED	.	a54eb526c47877b0eccd330f0db390f9f437fec176e4016325342b66e700eaf0
635	GCF_020418355.1	COMPLETE	COMPLETE	VALIDATED	.	4d6496236f3cdf0253ab2404df137387aa187e10fa96773528023af6896e3beb
636	GCF_019351875.1	COMPLETE	COMPLETE	VALIDATED	.	530ab31791125cb9f0b209b6bdd544856374c82ef4656201d919b320a07fcea2
637	GCF_013183745.1	COMPLETE	COMPLETE	VALIDATED	.	00765741d946289ae500338b3d82a8af48b6da492e3f944b6f5e26f423ccb42e
638	GCF_005382865.1	COMPLETE	COMPLETE	VALIDATED	.	e200bf66370999c75e8e76a1f1b24de660aa33e160986732657981beca45f6bb
639	GCF_000752655.1	COMPLETE	COMPLETE	VALIDATED	.	067b4e983b4bf31db054669563fa8dceae1fbbb2cc019ad2189c357bd2e560dc
640	GCF_001907325.1	COMPLETE	COMPLETE	VALIDATED	.	b238a7f8da9fe322bae6003f24afaeaa4be9f1047b08b706fd11cbf806e7f257
641	GCF_009393595.1	COMPLETE	COMPLETE	VALIDATED	.	3e2eee13729bd2710fbf452184868dbe04c7d4d7eb16201a87f699a05b253449
642	GCF_002474605.1	COMPLETE	COMPLETE	VALIDATED	.	992a280f293bae85bb235402acffd628455c2fa4b0b711ffecebfbc777215f4c
643	GCF_005389625.1	COMPLETE	COMPLETE	VALIDATED	.	bdfa9bf70082fbcb9d5e164691d4ec9539e233dd187c07ccd5f3539bffb79153
644	GCF_003721835.1	COMPLETE	COMPLETE	VALIDATED	.	7f0a2452c1c4abbc5bb7d49f9caf31470f58d0add869044d5cc00b9ea421189f
645	GCF_002972815.1	COMPLETE	COMPLETE	VALIDATED	.	8498fd7e36622aac3e5c7a4433438efb6d26140df4ba714fee126302354e48bb
646	GCF_011029505.1	COMPLETE	COMPLETE	VALIDATED	.	1ef38356e472c6b1ae8fe60239352c60934eb57aaed9447e8d5b058440e610bb
647	GCF_000358715.2	COMPLETE	COMPLETE	VALIDATED	.	21114979e161f05556d7c0385e4f8577f96262808e3f67790b50ca67be230d45
648	GCF_005044995.1	COMPLETE	COMPLETE	VALIDATED	.	624ab24bcd71156e536eed631dd883dd575fd990238a367587ff8d0fdf1bbe05
649	GCF_002519275.1	COMPLETE	COMPLETE	VALIDATED	.	b240b0f84a79a50646ba34b77dae5c89dc8ae26f2aaf6b4d9db69a909793b325
650	GCF_018687915.1	COMPLETE	COMPLETE	VALIDATED	.	5a777e2c7bdd929a8f3b4dd96a55c0d609ac5af02e7f3f888a9f84e41d2e876f
651	GCF_000462425.2	COMPLETE	COMPLETE	VALIDATED	.	76e59012993780a615f163fd0bf17e0618baccf246ce43d21928e415b3e69ab5
652	GCF_009822985.1	COMPLETE	COMPLETE	VALIDATED	.	76898ea7416fb6ef0829d4cda2d8a387f132dc2b927c2ef927db9ab48b4d12b3
653	GCF_015690155.1	COMPLETE	COMPLETE	VALIDATED	.	9440b59fd1667521f870ab1a6ccd85dd452d8bf9ddc06429bf497223b0e6d0f9
654	GCF_900236155.1	COMPLETE	COMPLETE	VALIDATED	.	a92df948423d3eecbc1675046a88536f87d109287e99e70ac24cd1f6ac9e1b93
655	GCF_001900815.1	COMPLETE	COMPLETE	VALIDATED	.	0db74035498480bb4a4d1229f911ca02d1746cfe3cacec061d2e87ae40ddda64
656	GCF_018863115.1	COMPLETE	COMPLETE	VALIDATED	.	f206bfb913eaa028bd511eab39c9ef149b06684b4534612c45fd395a41b35a8f
657	GCF_002247725.1	COMPLETE	COMPLETE	VALIDATED	.	dbbc2d678908cf874292707ca3fc5ce951e87b265ef650cb4d2fb0291bf7725d
658	GCF_013359045.1	COMPLETE	COMPLETE	VALIDATED	.	aad3c889d8f901062272f304d947596f884a566a7b7731a0d8ad9b0b89a32b49
659	GCF_003730535.1	COMPLETE	COMPLETE	VALIDATED	.	14df49cc893df31ee1a685fe8159608c39bac4ff82dfb99f83dd6b8430e36543
660	GCF_002164525.1	COMPLETE	COMPLETE	VALIDATED	.	fdf2cd9be6028e421d3d003ec22d37b60a844b290563310f8669352d246b373c
661	GCF_002631495.1	COMPLETE	COMPLETE	VALIDATED	.	d16df640e9a92657512244d0c1a1537b3e7160bf85152d3529d4ad0627f77a2c
662	GCF_003367885.1	COMPLETE	COMPLETE	VALIDATED	.	d967bbea973fb043da15cd16d614e87f00746fa44ed18cd0006d3e570463c854
663	GCF_003009315.1	COMPLETE	COMPLETE	VALIDATED	.	26e2b46c49f74dec4330f76c6a7d75d381d29e3208d7faf4571c4b33aa16b5d4
664	GCF_000460035.1	COMPLETE	COMPLETE	VALIDATED	.	085418db84082f55edea4c8a62b38eb9861ad07afc31a32f7060ecd51b41e2f4
665	GCF_009799765.1	COMPLETE	COMPLETE	VALIDATED	.	18ab93bfc41fde4f0eab4b74595a84f7f24ba5bc499497f2780e62fa72991fcb
666	GCF_002464115.1	COMPLETE	COMPLETE	VALIDATED	.	5911060a211300c75223c95359b0e7af25372b269064c9c6a189fb69b055d2ca
667	GCF_900536545.1	COMPLETE	COMPLETE	VALIDATED	.	9a61f7dbfb8440068115242c61c385d83dba1a63f21108670d2b3cd571624ec1
668	GCF_007558585.1	COMPLETE	COMPLETE	VALIDATED	.	022741e0d149cc19652b63605661c6555a9f15569f5f31f8c54caf67507b4bd2
669	GCF_000617525.2	COMPLETE	COMPLETE	VALIDATED	.	6eea8e2c6c31967f74bce1738b888a6af28b55d651c727db16cccdc4bb486ee3
670	GCF_005394985.1	COMPLETE	COMPLETE	VALIDATED	.	7abc1328af3063697dc7af4cd6b805f7a0a30dd8d5a34e2c1347ed838f58a5ca
671	GCF_016786205.1	COMPLETE	COMPLETE	VALIDATED	.	ba0e26a8e1dd9cdacd275ae5886cbdd9a42732174aea13c334b7e65d14179003
672	GCF_004568485.1	COMPLETE	COMPLETE	VALIDATED	.	6fa4c1b57e464549e0e6341e3122aaf31abc5f7e469bb5a5762215701a08a494
673	GCF_014262945.1	COMPLETE	COMPLETE	VALIDATED	.	1e1c49a8d3ea1c886a477734f4013ed819b0c201e4b3f686208a345d3e6ad1ba
674	GCF_009821145.1	COMPLETE	COMPLETE	VALIDATED	.	80f93116406942d00b81c6afe73d5689244f1d53a8e2e813a70e9e86fd98168c
675	GCF_900481725.1	COMPLETE	COMPLETE	VALIDATED	.	853b036c7df87fa817db6dba284e1b457fcbe1751f5a83ddaf5864133b0a7348
676	GCF_017313005.1	COMPLETE	COMPLETE	VALIDATED	.	16d86c573d527a9f41d58ed02845e0e07a51c136ef4223c689d46b43e6e631fb
677	GCF_002310675.1	COMPLETE	COMPLETE	VALIDATED	.	548ab5174e02c2ce74cb5bc03e5df9f27cfbecf929d6d9493de66a99b3428f75
678	GCF_000779055.1	COMPLETE	COMPLETE	VALIDATED	.	cdd6435e572e4f8a50f88a95d8336df639628888b4bf5f45b3523a12e4e74023
679	GCF_900195935.1	COMPLETE	COMPLETE	VALIDATED	.	deb4bd5966e59faba4e16583e276ab9e235f683d1fd0248107cb662b88721cd8
680	GCF_000305415.2	COMPLETE	COMPLETE	VALIDATED	.	7a80b97b0480239ad845f76bc5b02f0904a8275a0e32e136bdf0c8b9b0d48835
681	GCF_002911265.1	COMPLETE	COMPLETE	VALIDATED	.	7a9132462fee69fe17948b7c1fb71c1b13569ce689ff7161ce02c48762aac49e
682	GCF_000027125.1	COMPLETE	COMPLETE	VALIDATED	.	0ea1320de470b24a22cbb9eef2c45ecaa8aa1caa5371528fe2752501f5ba2710
683	GCF_009766715.1	COMPLETE	COMPLETE	VALIDATED	.	7316994d557d8a7a92f43c0dc86ab8424f1f80472692b21bbf7e1986ba5c8ac9
684	GCF_003113075.1	COMPLETE	COMPLETE	VALIDATED	.	cda3f8592fc0d851ff0adfccd59df0d576ceeedcf7a905d27a7ef6bfac306b81
685	GCF_008926305.1	COMPLETE	COMPLETE	VALIDATED	.	f7552a754dac711f0e754d8b4c3e5d5574c760a94ecced8693bd6c64e0d548fa
686	GCF_003009275.1	COMPLETE	COMPLETE	VALIDATED	.	f6de6ed990768be5da2720030b66d6fd7d74802cbeed2dfb1b31cd2ffa93c410
687	GCF_009794605.1	COMPLETE	COMPLETE	VALIDATED	.	817c9ffadb36a0a9eb7922c94a35b0f63e753ed960ea8ffb3f4776b29aad3a7d
688	GCF_018444005.1	COMPLETE	COMPLETE	VALIDATED	.	8f92b5f85ace6cc4cee2b4a82a38e10b88a93f962a7651a47dbf264dee7eaef9
689	GCF_004170505.1	COMPLETE	COMPLETE	VALIDATED	.	1a571edc70fac731d5bef2b0c472038026d9cc6deb3624a260fd00e1c3e0ff80
690	GCF_014904535.2	COMPLETE	COMPLETE	VALIDATED	.	5368c411e4ffb1294583e9d3dd2c3e4a338e6f28ff88d122a9efbbf944282a08
691	GCF_019969625.1	COMPLETE	COMPLETE	VALIDATED	.	50b2e5b4fbfa6c057b19a90930b80b63e987a41fb929ec76e6f1654d224fd2fa
692	GCF_003988355.1	COMPLETE	COMPLETE	VALIDATED	.	9512996fa076028a9444ccfa56c4d92ec2f0233c7ce1f9bf6e4179b0d14dcc4b
693	GCF_003302225.1	COMPLETE	COMPLETE	VALIDATED	.	0b0218ecc509734aa6b72c75aa792b31b1e7451d75966c3d022abaa99877c8b2
694	GCF_001990875.1	COMPLETE	COMPLETE	VALIDATED	.	487e56a03aaae8c68555d1a09ae9e63ad5891b77587ade770ab6b6d1f45705ee
695	GCF_015730725.1	COMPLETE	COMPLETE	VALIDATED	.	017f3b8994173dad9e153cb3c90150e204000272bbc80d850ae6e09f2c566fba
696	GCF_006239105.1	COMPLETE	COMPLETE	VALIDATED	.	ed5b3260fd9a043e478aba4370bd24e08517bd47bda6e14d5a04534b6343ff4f
697	GCF_013182965.1	COMPLETE	COMPLETE	VALIDATED	.	4770ecdba358f862810afe36962da730e4032b67c3517db13796eb6923f4de68
698	GCF_009790565.1	COMPLETE	COMPLETE	VALIDATED	.	1a7375c5dfd85821e1a39593078f420c5f6d68dcbc6a8d624740a4a64f603474
699	GCF_003328205.1	COMPLETE	COMPLETE	VALIDATED	.	31857c44ad70cba354ed53414222e4ffdddf9996833e3000fc14a0523cbe0721
700	GCF_014529055.1	COMPLETE	COMPLETE	VALIDATED	.	cbefc96564fcd69fef60b94ef2e4c5639fb88fb588ff19c030eb43252f657aec
701	GCF_009361825.1	COMPLETE	COMPLETE	VALIDATED	.	526cc31452ea3ba5f5b04c639dc9c51b99a4bebec4562dc5902c33185ded230a
702	GCF_018344755.1	COMPLETE	COMPLETE	VALIDATED	.	e6f333eccd00e747b3c2b2b9395edf781b0ec555995f65d8cd39ad8319f07a21
703	GCF_015699925.1	COMPLETE	COMPLETE	VALIDATED	.	e6edc0ae8ed94150088faefca6a756cd1affbb272c8a79407f2b65fd2594b62b
704	GCF_004797745.1	COMPLETE	COMPLETE	VALIDATED	.	4e2b4c82bd515e24430913f9981837a665faedc81a9bea9d0cad13813a0a5c07
705	GCF_000460915.1	COMPLETE	COMPLETE	VALIDATED	.	4f4530f2b34c7f9e56cc922b6ca7e324898a9a0433670e731088d5fcc10e497d
706	GCF_004664665.1	COMPLETE	COMPLETE	VALIDATED	.	4cf66f65be86e965aaf26c2fd9d51e48c17b5554f741e5660fbd80905081c22a
707	GCF_002196745.1	COMPLETE	COMPLETE	VALIDATED	.	105143761adeb4bb4dcc213c95fa3f6fefb0b039e3f4fe3c18b01ec4a780cf3e
708	GCF_021168435.1	COMPLETE	COMPLETE	VALIDATED	.	5a47a33f9f5020231cf0429517bf8deb2b79296a511a7b1c6329aabdda833e5b
709	GCF_015559205.1	COMPLETE	COMPLETE	VALIDATED	.	735b93919e820171a927b91f384b29c9b31580c8f6248009d880eaa729a9bc3a
710	GCF_002515965.1	COMPLETE	COMPLETE	VALIDATED	.	f1dc1d8a7e7b61e3704eae888a43aba3f9c681fbc2d802f09ed93136e80b4931
711	GCF_002458655.1	COMPLETE	COMPLETE	VALIDATED	.	046ab950ee7d6d5781d529d35ecd2a251f59d98ef5c8bffe31e83f951012434a
712	GCF_002534995.1	COMPLETE	COMPLETE	VALIDATED	.	bff714fdfdf9e876f4ab27e17c5eaf32ae3f3b4d7c917c591c38d4ead31d175a
713	GCF_002249645.1	COMPLETE	COMPLETE	VALIDATED	.	b036575bce981539095ac1b4f520bd491eabe916b66bbd102e14bb82e607b2ec
714	GCF_009795315.1	COMPLETE	COMPLETE	VALIDATED	.	85ce39384cf33e160396e103ec4016d72883d69d6e24045c5b90b5c3b79fb81e
715	GCF_000326185.1	COMPLETE	COMPLETE	VALIDATED	.	4327450bae7574efb12fbf9deb2c51c7676574b2daaf47caec18dd65e47e44fe
716	GCF_003721935.1	COMPLETE	COMPLETE	VALIDATED	.	a1e869bebb1ade5002314b04ed563755c7fec567d422d24fa1966bbf33db04cc
717	GCF_002193195.1	COMPLETE	COMPLETE	VALIDATED	.	514a5eceb4695df30d1b13ce1ba7ac00075c7fdd3e281aa327e2b9f2aabeb861
718	GCF_019879965.1	COMPLETE	COMPLETE	VALIDATED	.	e194476eb39d3f936797682e8911c240c1bb4e34369805e6bdaa311cb9d7aad3
719	GCF_005391445.1	COMPLETE	COMPLETE	VALIDATED	.	bd82e14b3883902353774df1178ebda8ebfedecb4417c27b77fd85ff17c17cd2
720	GCF_013374315.1	COMPLETE	COMPLETE	VALIDATED	.	c9f3fd94982455646bd26fe2e7ba93d5d7c63657ac9def95678f186d34bbaa99
721	GCF_015265665.1	COMPLETE	COMPLETE	VALIDATED	.	a28130590541fc03c3f810c4ec65d36180661c363db109445ae2ebad85a98b94
722	GCF_000193995.1	COMPLETE	COMPLETE	VALIDATED	.	c29043db0fa98e354246bd62c7eadfff7ca2f5ffe2dceafb28d46132ae2b3f80
723	GCF_000704585.1	COMPLETE	COMPLETE	VALIDATED	.	7486594d5f9c3e8f32ce1bbf1eab506ae3e3b23c440c680fd6429e54368251cc
724	GCF_003983885.1	COMPLETE	COMPLETE	VALIDATED	.	811276ace94efb81d8b628b65175c108380732bca0416a5834412bec95e41485
725	GCF_019731455.1	COMPLETE	COMPLETE	VALIDATED	.	77d4c19e49714021a3c28e3fc3bc518ae84603714a9c13aa5bcb3803718b915e
726	GCF_008634965.1	COMPLETE	COMPLETE	VALIDATED	.	0127e20348c26edf472d502aceb2dab98d1424891e3e1e240787971156b55c73
727	GCF_013166855.1	COMPLETE	COMPLETE	VALIDATED	.	f93b6145b64724fb95c6840bbec20678b8b93a0d33f5fc7aeedc3b6653568fea
728	GCF_000704645.1	COMPLETE	COMPLETE	VALIDATED	.	df3a235a7a13e7084a58c2edd3cb325fb3a84258bd0d91f1a65fd98d747a6b6f
729	GCF_002154285.1	COMPLETE	COMPLETE	VALIDATED	.	112d2c276a57ab385c814f6fdba17aebc502de1da39c4185e5ac2ed7d7bc2c4d
730	GCF_002462235.1	COMPLETE	COMPLETE	VALIDATED	.	ebb89cfe97f89f64caa20545214f8c1e3294afb33b0111001cd6dfb1860fb35e
731	GCF_019431315.1	COMPLETE	COMPLETE	VALIDATED	.	8e39ce82cf298293fcf24d8856b664d9c05f0cd3828412fc43642ab8c3cf1ef3
732	GCF_000779675.1	COMPLETE	COMPLETE	VALIDATED	.	4c12ca5f7861b5bdc2d1f9cb8a3d1dfa3f363d4ebca440ac9050c723ff9178b6
733	GCF_900482245.1	COMPLETE	COMPLETE	VALIDATED	.	009cce1933318db19e59d0b9385d47bfecf6d693a54b50ce2339ada3655ca821
734	GCF_016785525.1	COMPLETE	COMPLETE	VALIDATED	.	3d0b81346acd419258a640dbccc8858e7bb3672ce2b01abe362d2220dae8b0a9
735	GCF_017151225.1	COMPLETE	COMPLETE	VALIDATED	.	13c50f27656b36a9eb8532247c81335d14b92c28bdd55fa77f10ca870aa45f76
736	GCF_002459195.1	COMPLETE	COMPLETE	VALIDATED	.	713b55e4de5d558ff34a03388f7e236ab831341f9c2a29c99124ddbad825686e
737	GCF_002517745.1	COMPLETE	COMPLETE	VALIDATED	.	6c51cb60ed92d042ad43d05e768b79ebb30c09a2f998b282c0b0caee72c78005
738	GCF_002456505.1	COMPLETE	COMPLETE	VALIDATED	.	46720aaa9110b2679e49be5b2f6e442494fe086ecff8b036c5f522f3acbf4cfa
739	GCF_001621765.1	COMPLETE	COMPLETE	VALIDATED	.	2365342a4a1e47a4aab88555a493db89e8d33c4477d233b5369da855982a0a8e
740	GCF_002474835.1	COMPLETE	COMPLETE	VALIDATED	.	a795ed4748153cb176891b570ca832ef92288b0cd7726c28fcbbc3213d7f4997
741	GCF_004170585.1	COMPLETE	COMPLETE	VALIDATED	.	d5355b1e109bb54c87cbb1fd733162d9588586ff069b549462d1661d438fa379
742	GCF_015731555.1	COMPLETE	COMPLETE	VALIDATED	.	0b715bbd58d0d424cc5a2e286e52d1ef1376035d682f362058a720bf065435e6
743	GCF_008373355.1	COMPLETE	COMPLETE	VALIDATED	.	e44ed4067348a4b9861e142e35a753db064afbc30758968e9acb6ef0a2c0e776
744	GCF_015229815.1	COMPLETE	COMPLETE	VALIDATED	.	866460f8d9ca458820e332fd08a53df4d7861de2e8b83f1b11a423772389acc1
745	GCF_002465405.1	COMPLETE	COMPLETE	VALIDATED	.	26f23e97f7c5f21a4e1660d152bbd83c7a1b36e681532a3e7a2fc8dd1a9634b3
746	GCF_005387775.1	COMPLETE	COMPLETE	VALIDATED	.	0490e0d1a35fc28803bc0aa3565b4ee77ec9885e04bf7082ec3984faf1d3460d
747	GCF_001881435.1	COMPLETE	COMPLETE	VALIDATED	.	825fbca330aac8276afb5e0ade2677bc4159182339898957b393cc43788dae9d
748	GCF_000782555.1	COMPLETE	COMPLETE	VALIDATED	.	3fc25ea7f54db3cb1ed1f5f0c63a312da88dca27a30d6cf2077fbac139bc6747
749	GCF_018683735.1	COMPLETE	COMPLETE	VALIDATED	.	3bcdbf1de0d193e12f3542a6faf0cb1ffce80a9d0db4c643bf514a0797f85afe
750	GCF_004150105.1	COMPLETE	COMPLETE	VALIDATED	.	8537a96fe85abf8240d32f7b358473cabb98d1bf7fbf44c71dd9aaf7f5f5a433
751	GCF_005044435.1	COMPLETE	COMPLETE	VALIDATED	.	460711b068617102ed8876a73e75c2cac87ca341f3db8aa13f750fb24b680eec
752	GCF_900016365.1	COMPLETE	COMPLETE	VALIDATED	.	5e40ae090b57a12088ca4ff0c092cd5e2e26c3e7052d994887df4eb7ab317130
753	GCF_002193385.1	COMPLETE	COMPLETE	VALIDATED	.	dce0d556e0162922cceb9a1757b23034698acdb32532fd423c9c9f25642d4746
754	GCF_016587315.1	COMPLETE	COMPLETE	VALIDATED	.	bce220d52b7dae0fb5942fb5babdd2e85bb93835dc8b7a3a1b27a00d046e678b
755	GCF_019841645.1	COMPLETE	COMPLETE	VALIDATED	.	c8517da225d40e889f388649cbb4124dff122a26c028999b1343481e90bfa5a9
756	GCF_000234605.1	COMPLETE	COMPLETE	VALIDATED	.	b836df7c7d736a51e563ddc8d7c0f1cf58c19d181c40ae0536ea9db749644a26
757	GCF_002924105.1	COMPLETE	COMPLETE	VALIDATED	.	c5d9e562b5e184118d09a6e9db7f6b39f806a509a53d34a5d4476d16f4885a6b
758	GCF_002543285.1	COMPLETE	COMPLETE	VALIDATED	.	011e135ea75cb9f1cacaf4287b67e116d6df0fb8b625cd29cc5a5fc3535ec8a7
759	GCF_011077125.1	COMPLETE	COMPLETE	VALIDATED	.	fef4f82327b02eae227698aae988a0abc4b9d09106512c8cb6733bd004699499
760	GCF_003317605.1	COMPLETE	COMPLETE	VALIDATED	.	d44844695791d8a1f63df9523f9cb15eebb5202bb42413e9ed06839e2492f6d8
761	GCF_019915505.1	COMPLETE	COMPLETE	VALIDATED	.	4f362ff7782cfac719bdc4d880615cabafefd970109f5de4fa6dd978ad5bc0fc
762	GCF_000235265.1	COMPLETE	COMPLETE	VALIDATED	.	c8afec4f5a75a7db54c2a7292f915a360bdb6ffa3b7ec2d3f62e8d3341762f1e
763	GCF_008124385.1	COMPLETE	COMPLETE	VALIDATED	.	99b78290ce8aec7076b31292bf68260749a0a6392cc0718266e7db1976ac8574
764	GCF_000356465.2	COMPLETE	COMPLETE	VALIDATED	.	b9f4255b2ea14a66a947d9682ae5711e2dd39a90bbb15e6589e862dfd6cad066
765	GCF_013422075.1	COMPLETE	COMPLETE	VALIDATED	.	34afb9a8b4376c6c4803831cce876a164916ee854aaac4c7f80ad3e985f88750
766	GCF_000407845.1	COMPLETE	COMPLETE	VALIDATED	.	2a4efafc61076005783c41d6db4a7d1e7ccf1213b230190d9fb42a82b4296e10
767	GCF_003686735.1	COMPLETE	COMPLETE	VALIDATED	.	0c0caa993e2f18778d499db0be988536aff1f68bc45221a4b9fbf21118a5c160
768	GCF_002226635.1	COMPLETE	COMPLETE	VALIDATED	.	1ea62968d153a8e0b2ca3434fe324d57e18759dea4edbdf307ae97eda1489487
769	GCF_002966145.1	COMPLETE	COMPLETE	VALIDATED	.	6dd9f8a4eee75eb78b4b55ee2bb8a6059d1d3155b29e3a4dd40674f9f8e991a7
770	GCF_005391725.1	COMPLETE	COMPLETE	VALIDATED	.	78d29c576ead507ad03e1dd6d3bab7e0f545c44f23a7a8be66eea2e74d6e4a89
771	GCF_016123895.1	COMPLETE	COMPLETE	VALIDATED	.	d95453051bdf1dc0648b0df9a99cd5ca52f29cb59582ff5b676d0e8ef734bfd3
772	GCF_003292385.1	COMPLETE	COMPLETE	VALIDATED	.	3d103f63c15512d46a951f3aa393d3895c1432a9bc6823a742445ffd7784d224
773	GCF_000460515.1	COMPLETE	COMPLETE	VALIDATED	.	27b47cc1d02ddcd421c3aa98d81cbc4f756d850eebab617f09b1abda6ecb827f
774	GCF_001677715.2	COMPLETE	COMPLETE	VALIDATED	.	b7f907a37287ef4d55c2d38096f9c9403b230172fce00e1fde870608e876f8e3
775	GCF_020406195.1	COMPLETE	COMPLETE	VALIDATED	.	1361f4f1bd2c06e965fc175f27cc0f0820ff0474eea847b04d2e8f5f10eb7f5a
776	GCF_002166175.1	COMPLETE	COMPLETE	VALIDATED	.	fdf1582f94a12f7ecf1816e193bacc7914e8a8cfd0b554a2a5a4580077910546
777	GCF_009910875.1	COMPLETE	COMPLETE	VALIDATED	.	254e7c3b35a2a0e63067b67d93f2dd1ee09b27dd248997ccff86ed4d8d9d7439
778	GCF_020089635.1	COMPLETE	COMPLETE	VALIDATED	.	8b37d115519852a71bfa0fa3601a5d473d451dccbaa9d88b3849ce7706b4c290
779	GCF_000478705.1	COMPLETE	COMPLETE	VALIDATED	.	183e7e5cc62016631f3607eef1efbe1e85286b9785233ff1f3c9e9b412e02c09
780	GCF_002459605.1	COMPLETE	COMPLETE	VALIDATED	.	5bea4140c296f7944526b4ae599259ba025961d71fad54e9c5e9f1245701be11
781	GCF_907177255.1	COMPLETE	COMPLETE	VALIDATED	.	44073d85d8bd948be8a64d23facc3364172043f77152dcb5ca7e25f70fd5c2c0
782	GCF_003254065.1	COMPLETE	COMPLETE	VALIDATED	.	50dc3c6af0781fe3f26252cd51f4c1938ea5b8fe12ac932d8e7e300f696391e0
783	GCF_000714105.1	COMPLETE	COMPLETE	VALIDATED	.	57a06c3019ab8f123ee61ae7503d13695f5fc58cb167bc65761e13114c74a2e3
784	GCF_003361825.1	COMPLETE	COMPLETE	VALIDATED	.	c5d794ef8d5bec25f63d7df86b068cf7b05f95a5a083450f8d675ad2cab37934
785	GCF_002225535.1	COMPLETE	COMPLETE	VALIDATED	.	ffb48c1e47fe3b4c528e852089a464610f1bece128bfe680f2a55b9754de2a32
786	GCF_004005115.1	COMPLETE	COMPLETE	VALIDATED	.	df56b6b5074b548caba31543d6840d31bb2c7f3db27ffce285fe05e007c59371
787	GCF_020168175.1	COMPLETE	COMPLETE	VALIDATED	.	fe428641309a9e7d954f44c4cd3f7da13d27db26fafdf461d22c55c3a474a0f1
788	GCF_900478865.1	COMPLETE	COMPLETE	VALIDATED	.	2849d512597cc8a015dea9a426f8e128a097ef66b66ae4295cd7025bd839ad46
789	GCF_006230745.1	COMPLETE	COMPLETE	VALIDATED	.	7a6ee8eb4ca426534b1d1d7f9734432daef55c9cf15778d89560f74b244530f2
790	GCF_002270225.1	COMPLETE	COMPLETE	VALIDATED	.	556d46cc2dc3d5687916279b13038d3fcd8350884847ac1090f844b7c575e3a8
791	GCF_019890835.1	COMPLETE	COMPLETE	VALIDATED	.	0e319d6ec330c36727d87f469c08d26fa03a8a1231cce22776bbd52e0f5563e6
792	GCF_003357405.1	COMPLETE	COMPLETE	VALIDATED	.	acab7f087808da36c87825af4dfe4bee84865eeabc86b36cd00a9d926c14e97a
793	GCF_907177115.1	COMPLETE	COMPLETE	VALIDATED	.	decd14f09fef3d033015b387309a4bde7e8d2f1c0b40f26e16653ca3cd4aa2fc
794	GCF_902859095.1	COMPLETE	COMPLETE	VALIDATED	.	8024d4a80e71bd6ffeb32eddde1733682372dce391f2b09dc372f028a7f474bf
795	GCF_016786005.1	COMPLETE	COMPLETE	VALIDATED	.	a74576f1d2094ccc3d813cc841cdba8f75a5e48ed11c9dd7882f2ca5fa68f090
796	GCF_002080685.1	COMPLETE	COMPLETE	VALIDATED	.	7e51c51efa710e482a8974bfc8162e4d9cf6afaa2f64a023532951827ad15c92
797	GCF_017163055.1	COMPLETE	COMPLETE	VALIDATED	.	fc2715164bcafc7d03d40a0ac39c4b30b03d8446eb45d1ce606db16413b3a15d
798	GCF_002535165.1	COMPLETE	COMPLETE	VALIDATED	.	03ed2de1e01b59da7ff0950e7e2bc290c2374cc6a30539303333578e8b5dff2c
799	GCF_000776795.1	COMPLETE	COMPLETE	VALIDATED	.	a93c1582b66c73028148c715e0b4da3a9a0ce4b350436c89a411cf9146b4cfbd
800	GCF_004766845.1	COMPLETE	COMPLETE	VALIDATED	.	697593cd242e08d998ef4d700680d4087df76dbaac9258680256fc964f52c08c
801	GCF_907175365.1	COMPLETE	COMPLETE	VALIDATED	.	7a2158bc94ca923a19c6d18df691224a2911fcf5c1ad0c1d6973faf65055dc38
802	GCF_002289475.1	COMPLETE	COMPLETE	VALIDATED	.	fbb88ea137eadd7801d2b61f8e3c870518c7e406705e382a8c6e04724b79ed14
803	GCF_013359015.1	COMPLETE	COMPLETE	VALIDATED	.	fae229aa0d3a5a5dbdb3ea7373b9d6004c53c2a22162bb166a141cc26c075445
804	GCF_002834415.1	COMPLETE	COMPLETE	VALIDATED	.	86c6f1b0bb019f6dedba99fc33253cd9f54204179b9bdd93b8f8a570ba00dedc
805	GCF_020733985.1	COMPLETE	COMPLETE	VALIDATED	.	38f357b170b0d20e359b7b4ae5a1dd372198f911208ef3c71f12660d31d24fbf
806	GCF_013073585.1	COMPLETE	COMPLETE	VALIDATED	.	af80d0d8af925f45d56bbc2f164e3e18590689836f0ecf2f696ef4ec24db7c03
807	GCF_900481145.1	COMPLETE	COMPLETE	VALIDATED	.	c59317889d23c7f55b9fa99e999c148b7616d97ea92c2c9cab38ed65974dc71a
808	GCF_002972045.1	COMPLETE	COMPLETE	VALIDATED	.	7f9dcada30f3da7e3395cd79876975d50e18d1ee19d9d29896e608ac9f850d45
809	GCF_002326825.1	COMPLETE	COMPLETE	VALIDATED	.	bbbedbc996d193249e438662dd408e670663edaede57e4f4e96c6bd66fc907db
810	GCF_013421875.1	COMPLETE	COMPLETE	VALIDATED	.	359773716e1a0ad0a1c00f8034533a5af913970b566df31b1b062fee2e90af04
811	GCF_900449435.1	COMPLETE	COMPLETE	VALIDATED	.	d582fb932c05e3dadaf69e9ff154462e726101c7f4820f19057a865dea7fdb63
812	GCF_000459475.1	COMPLETE	COMPLETE	VALIDATED	.	150e8c52bfb74581936aaf212ce71fd4094e77bcaf6d9d7828f312f8c136cd59
813	GCF_013030595.1	COMPLETE	COMPLETE	VALIDATED	.	0ee2919834a5d4364619358ca40ab3ca1793ae5e25f78af2fb4388f53004d45e
814	GCF_002486725.1	COMPLETE	COMPLETE	VALIDATED	.	e6f71d925346aed9469237dc86f176ddb9e44e8a67fed2b3e8862b45f3541f01
815	GCF_006236395.1	COMPLETE	COMPLETE	VALIDATED	.	3dc77c956e14d9d0c2e1172081d0da761cbd89862147dbece235fe57db0a9267
816	GCF_008632595.1	COMPLETE	COMPLETE	VALIDATED	.	7cbed4c4cb1a2a731361c09c9edd626a653a1df899e5d887e34625add52c1c86
817	GCF_019957335.1	COMPLETE	COMPLETE	VALIDATED	.	cc137d39cc62fbf458cbdaf5b98f4196dc48d3f277bd57144dec5077947577ef
818	GCF_002769635.1	COMPLETE	COMPLETE	VALIDATED	.	0ad48bde001e7e3afe42bcf246e3126c9c176ab1dedaed70b3f33334eb790903
819	GCF_002134725.1	COMPLETE	COMPLETE	VALIDATED	.	b024c94143c15bffdfa9913533e1536c5698a5b9e754610c9d255e78380ccce3
820	GCF_904810115.1	COMPLETE	COMPLETE	VALIDATED	.	cb2394c309e48017077f79963d1cb00ed5884599a3bab65908d92f620bc1a994
821	GCF_000357045.2	COMPLETE	COMPLETE	VALIDATED	.	50900bc0c7216e732ca4c2c13b44c3b4c1f5c3244cfd73ccab2ab0e67bac9faf
822	GCF_002156825.1	COMPLETE	COMPLETE	VALIDATED	.	0d4307e85f7c34255fb2c67bf62b18e3052bc141dd0f91d426ebd81d08eedbcd
823	GCF_002326945.1	COMPLETE	COMPLETE	VALIDATED	.	d4e98cb71f569099846d185e233e42bcf0271da7284f5f7e5ebd4a5494e9c1bc
824	GCF_019052205.1	COMPLETE	COMPLETE	VALIDATED	.	b589317f1ec12f33ffcd16d581b53259de5ce5df5743c11ca4619a52ec58760a
825	GCF_005400245.1	COMPLETE	COMPLETE	VALIDATED	.	cc5d4ee20973cc950b5a48d4affc785acdbdbc83623aa611284a60773c538ddd
826	GCF_003255185.1	COMPLETE	COMPLETE	VALIDATED	.	1444df64244524051199ee33400e4a3da4a2f6842d9f0d412ca208fbe0030353
827	GCF_003388435.1	COMPLETE	COMPLETE	VALIDATED	.	d2548ca78cb23cba6e3c49c04ad17dd3100450425f8223191578c02d9ed7cee9
828	GCF_020669255.1	COMPLETE	COMPLETE	VALIDATED	.	e2b3cc75f6d7eff263c0fc5f6a02da30ebb9cb2efb74f65be4082811733e0fc4
829	GCF_000780075.1	COMPLETE	COMPLETE	VALIDATED	.	833f52946384fc708a3c3efc30c69382db7df479239dd863fdccae675292c4be
830	GCF_018682575.1	COMPLETE	COMPLETE	VALIDATED	.	a4eeae9cb9f744411c32a9f728c7dbab6605eb4eb12bb3470cef1b864a7f04ce
831	GCF_013030845.1	COMPLETE	COMPLETE	VALIDATED	.	787574453c59f1e9f2128740e0e6e5d5296e1a0fdeac2968af34006af1257c53
832	GCF_015644135.1	COMPLETE	COMPLETE	VALIDATED	.	8466155cab64008b3195c2077dcca7a97b08b485a2124c748f971b64906b0bf3
833	GCF_001749385.1	COMPLETE	COMPLETE	VALIDATED	.	b0106b3da1f027c765f5c17d9f93670039fc91ec5dc98236096fdddcada29fad
834	GCF_006350645.1	COMPLETE	COMPLETE	VALIDATED	.	0a8aba9dfa98ae181320329011b61bdaabad41809b08481bcc9121bc93a64cec
835	GCF_003418805.1	COMPLETE	COMPLETE	VALIDATED	.	d8dc9c2c073abf12b483aa81f25f733321fbed9a071784dd3b5fd63ac78a5a76
836	GCF_019879785.1	COMPLETE	COMPLETE	VALIDATED	.	6fb4f695d47b78db30adcd2decde7d0176348588f3344adcd0cb6a61c571e6bd
837	GCF_002941545.1	COMPLETE	COMPLETE	VALIDATED	.	2c5de0dda6b1101541e46eeb519209ad105743052096043a9cffbd412447ba4f
838	GCF_018683535.1	COMPLETE	COMPLETE	VALIDATED	.	d46f1526cb03f52984a85642b00ea939e6b68c74a799504ea46c0dde82fb3230
839	GCF_000493595.2	COMPLETE	COMPLETE	VALIDATED	.	2d769f481a8afb0084a651a5d8ce997fa68556d222856025996e8917c24a61c8
840	GCF_005383085.1	COMPLETE	COMPLETE	VALIDATED	.	cb026e02e971d9cfb1a12bc99603859a0c2449e90938d3348bbf3c863c90496b
841	GCF_020422295.1	COMPLETE	COMPLETE	VALIDATED	.	78de4fff69e9673db54254e81daf2476ca7e75b03aa3c0ef487a5e00c036229e
842	GCF_009432915.1	COMPLETE	COMPLETE	VALIDATED	.	96e0aba27437ea1a6b57c017d81bde462b9228017ffde5fd2005574a9b921507
843	GCF_000335175.2	COMPLETE	COMPLETE	VALIDATED	.	e741950246f67f9885742588195872a12860d2b6524a2d5788a29b6e29cb5da9
844	GCF_900478525.1	COMPLETE	COMPLETE	VALIDATED	.	646cdac42dda25bc81c9b8a45df1853839bfe50c973e6211d7b79314a92dc625
845	GCF_002487335.1	COMPLETE	COMPLETE	VALIDATED	.	f5644a4a0b576c4e610856ffac9fc408c9424bbddea851b3596923c130418a22
846	GCF_020668455.1	COMPLETE	COMPLETE	VALIDATED	.	bd0670dd57d7a43e03c03ba1f6bc0f8e78018145eae6108d73d6c3151e12999f
847	GCF_018884065.1	COMPLETE	COMPLETE	VALIDATED	.	328bc20eea0165898b3da836d1cb8ff13f19e7bf18119caa6f77e75e435013be
848	GCF_002520225.1	COMPLETE	COMPLETE	VALIDATED	.	c6d1796620a6d0417067a8752c8c6e1b3ee16ece02bdfab6f9bf4917910da414
849	GCF_000459575.1	COMPLETE	COMPLETE	VALIDATED	.	47d340dbac7186b0c53daacb1306f7f2a3f93804f8b2e4c4f21900a468e0c5e3
850	GCF_017639005.1	COMPLETE	COMPLETE	VALIDATED	.	920be85bdd8609b1318215d351e53629ff0e9a916dce434bea557e26bb216f5d
851	GCF_019148625.1	COMPLETE	COMPLETE	VALIDATED	.	0d0e3bcaedd8c0e7c9df88e81b932ea67e9629585044bbcc87cf40515102a94d
852	GCF_002228615.1	COMPLETE	COMPLETE	VALIDATED	.	b56db1ab9ad596ff8e3ee0e868419fb4c820ba1154dd3e00468b680358ae749a
853	GCF_002286545.1	COMPLETE	COMPLETE	VALIDATED	.	117fb0d18a33c4471f3ab185a32e0b843f49b5048728eb1af6091480c5f7161c
854	GCF_902505305.1	COMPLETE	COMPLETE	VALIDATED	.	17b54f5be11c7b014606150b2c24a9a336891d2b8336854404bee473fc42c141
855	GCF_006233325.1	COMPLETE	COMPLETE	VALIDATED	.	145d1dbe5ad48df570cdbc0caa91176f909171841078a63a20af86b305abfd03
856	GCF_005398765.1	COMPLETE	COMPLETE	VALIDATED	.	56f4229d5c2235c87bffa14be3eab946a80887d2abf2a30c8af824029ab21420
857	GCF_006237855.1	COMPLETE	COMPLETE	VALIDATED	.	249bdc18207d550319ed8ec8681d22775096bce34ebfeef8787a6a4fd5c56b87
858	GCF_002229155.1	COMPLETE	COMPLETE	VALIDATED	.	d62f4c30607148671bbb110938ef82c114514e23d7c7cafd9e3523d006e6ac3e
859	GCF_013030915.1	COMPLETE	COMPLETE	VALIDATED	.	3a8be2e25c4781ba2ce564c3c1b9ebe0704ad4533c8a986325c38e7ee173a456
860	GCF_000471305.1	COMPLETE	COMPLETE	VALIDATED	.	b21384e0cf7d8b503a97e220a29b507c3afa6652def77d73c6fdde291e8c72a5
861	GCF_002547145.1	COMPLETE	COMPLETE	VALIDATED	.	607b8db0819b9a359be35a2a1916fd716faaa06264a9e6427cf859eae58a4b40
862	GCF_002181625.1	COMPLETE	COMPLETE	VALIDATED	.	2ff0bcacc04cd1d8927e049524e10730d9886b533c4360def161392d344245c8
863	GCF_002155505.1	COMPLETE	COMPLETE	VALIDATED	.	ca5190a4a52c063e56c8f349cbefd972252f7a45ffdb619117b9a45bbb7881e3
864	GCF_000460835.1	COMPLETE	COMPLETE	VALIDATED	.	81b6c6ab27d964d693339a9ca22d7a951a508fadf89917ec32c8bdf748ef5a5e
865	GCF_002467635.1	COMPLETE	COMPLETE	VALIDATED	.	467c295cb603088ee23a8f50abc2585c016a0e72d370b5fc13118b28faf503ce
866	GCF_000462245.2	COMPLETE	COMPLETE	VALIDATED	.	7e2f16ec43efa1af230760be2b32e06f58f4afc60e76391371a1311ca3a11522
867	GCF_005397765.1	COMPLETE	COMPLETE	VALIDATED	.	f7d4a1dd3374099f90756b67a55e90f28f30052b7968736d1f72beff2327db13
868	GCF_017776145.1	COMPLETE	COMPLETE	VALIDATED	.	a14a80f072c43ccb8f8b63a08b38511c0623a6486fcd2a23ad29e2d8b0db8203
869	GCF_002225785.1	COMPLETE	COMPLETE	VALIDATED	.	44650235c873f357c8c4fecd5c44eeccc788213fa01a3f8962e200b0311cbf04
870	GCF_008389115.1	COMPLETE	COMPLETE	VALIDATED	.	3fcec2633f8ecd262a6f31ec5a6b58f6f9f7d1711b3bf5a9573258139511e963
871	GCF_004172445.1	COMPLETE	COMPLETE	VALIDATED	.	e646fec039c4bab6ec6bec35f646112e0447c8af0f09d7fa6f130db08d6745fd
872	GCF_020732085.1	COMPLETE	COMPLETE	VALIDATED	.	38d77ace8981d3494c3cc11af0118a0367472d87c22476f47aba32b4850ade89
873	GCF_013391265.1	COMPLETE	COMPLETE	VALIDATED	.	9c75a0811c17c8d6e4fe3d2a48845ff538850a51b0ccabd59a64e45b9b0fa4c5
874	GCF_009882665.1	COMPLETE	COMPLETE	VALIDATED	.	c2456a34689f51b2a97b94e17160d34cd6fd70e475b0673951ea6b095e43474e
875	GCF_002485115.1	COMPLETE	COMPLETE	VALIDATED	.	4590504cd92823eea82feecbe0666aa371cffcc4bb2a6ad3868632f09ca972da
876	GCF_006233045.1	COMPLETE	COMPLETE	VALIDATED	.	070412b60f4f644698ec549c14692d32f21601ac226d091a3576c1dfc91b74f4
877	GCF_001283925.1	COMPLETE	COMPLETE	VALIDATED	.	dee36b72c89c63c73f894f21beb893d0f2109cb8ae8db3ac115dab07f6ba103c
878	GCF_003731595.1	COMPLETE	COMPLETE	VALIDATED	.	4e1ea465270f4d178dded55991fc6d875650af5b7f4683c281cf9a0293213667
879	GCF_000779585.1	COMPLETE	COMPLETE	VALIDATED	.	22ef563ebce624b770846d959352941d31c32fd4a2e7a095b102cfd3b77a097b
880	GCF_019587745.1	COMPLETE	COMPLETE	VALIDATED	.	87fed2078d3fee9c35a7125e26cd25250f7de7e4dbc8cdf89e2af59be77ec7f6
881	GCF_002209105.2	COMPLETE	COMPLETE	VALIDATED	.	bfd5ab2b1d3a74e6c561c06babfe76df97a5182e60f1bed9c3bcf475f76be7df
882	GCF_009393475.1	COMPLETE	COMPLETE	VALIDATED	.	0e5aaa4e18e86201d9aa7944b98a7b2a8a1583739d41a1053ded895238b1d282
883	GCF_015160055.1	COMPLETE	COMPLETE	VALIDATED	.	bc00cceddf9379252d5ac8a8af93c416b9e6ca5dd197736bcea3ce7d1e45306f
884	GCF_000781435.1	COMPLETE	COMPLETE	VALIDATED	.	4c0fddf627f9431431f9cd5a54cf757a00be3373e680f0f5eac9446a8e589a75
885	GCF_001265795.1	COMPLETE	COMPLETE	VALIDATED	.	666f059c8e41a52b84644a9eacac677a15bc3532a842e63e56a5cd70efbf021b
886	GCF_002195625.1	COMPLETE	COMPLETE	VALIDATED	.	038e4b45332d10f5bb19cbf859b703521bbd4796af5488a5303b486955ace615
887	GCF_011033255.1	COMPLETE	COMPLETE	VALIDATED	.	a1a2fb9a834ae2cd275c639818e784f569da6a7455d142ac47c27850c0be5525
888	GCF_900449835.1	COMPLETE	COMPLETE	VALIDATED	.	5826557a0cb8eb1fa988126f6949b98d5ba820f3d0017e87a7ddaaa9a7463ae3
889	GCF_000807565.1	COMPLETE	COMPLETE	VALIDATED	.	aaeb1aa6bd02a2a89f62d0623f216c79acba8680599185e03ce9491aca370a3f
890	GCF_900481955.1	COMPLETE	COMPLETE	VALIDATED	.	b6f791afef6aaeb2fe3ce44c819b688809f91abb6d109da42f3b11132bd803dc
891	GCF_004797355.1	COMPLETE	COMPLETE	VALIDATED	.	3b56736ea788ee79dcd79d8c138af0cc827fd78614cfa67af96d6c91b5c2ccbc
892	GCF_003980385.1	COMPLETE	COMPLETE	VALIDATED	.	188c53a86da354b990a50a26835024218a41f5d7800394cfd559c2967b3ff6e2
893	GCF_003303915.1	COMPLETE	COMPLETE	VALIDATED	.	eddaf62c4bf8fe65b1ed4518d2b06616c32cb67bfcb073dbf2a6c6396f6a17f4
894	GCF_008388575.1	COMPLETE	COMPLETE	VALIDATED	.	4fc58d2c565af6dd432346d1b7cf9c8f81410d6847fbc71974e27afd7fcf3ecc
895	GCF_013370345.1	COMPLETE	COMPLETE	VALIDATED	.	9df44876a699a6feec7b504efa9e418dad2f18c35e4dd5250cb1f59b274d12c5
896	GCF_003357915.1	COMPLETE	COMPLETE	VALIDATED	.	5eb1d5ec2d3bdad8212c7554e02d2a9835012d317c4a686a70c20e49b6d31e53
897	GCF_006237175.1	COMPLETE	COMPLETE	VALIDATED	.	65b21817dcf224418e6ad6de6d32cad1be2ce08f0b4083d16346909d94dc268c
898	GCF_000782655.1	COMPLETE	COMPLETE	VALIDATED	.	ee8a71b38d58a9f38461226ba1fd56285691b823dc28f64737bed57de01029f0
899	GCF_008634885.1	COMPLETE	COMPLETE	VALIDATED	.	9f84b56113fea665238deb547d935e35627c511122720b5de247f2bd0d3ca064
900	GCF_004000105.1	COMPLETE	COMPLETE	VALIDATED	.	e7c667177bc1569670174165185325fdefbf0cd76c655ca0b86e2082b180276d
901	GCF_002196475.1	COMPLETE	COMPLETE	VALIDATED	.	8f467b52def2f10c7f0ca421e163207fe4bbbd6e190fb53e6595960bf262070a
902	GCF_013608265.1	COMPLETE	COMPLETE	VALIDATED	.	14ab2f6ae0e1155cdd6afe59d529cb6192ec6433a42fca39cc534cd7957ccdae
903	GCF_009880335.1	COMPLETE	COMPLETE	VALIDATED	.	ac81ee5318b45009405a78ab13e6985270dfda6f645ea66433caa27019117cb5
904	GCF_002837515.1	COMPLETE	COMPLETE	VALIDATED	.	8285c02a69d808ea9c0e6780efc022ca1681a8f6a4158ecdc9585a634b3d3843
905	GCF_002796445.1	COMPLETE	COMPLETE	VALIDATED	.	41381cac83246d453e4748e4b7cecd03418dce89946f6d14a6ce9b7a9ae4f5cf
906	GCF_002307525.1	COMPLETE	COMPLETE	VALIDATED	.	a5e2c628c6dd48cbe6ed3cbf481f86e6fdeaa597a39e6651ef0b102e7b35ffaa
907	GCF_900479345.1	COMPLETE	COMPLETE	VALIDATED	.	763f86df1a090806f338f00c805dc6eeabaed2d62b159b5be0b55e0e7508511c
908	GCF_003303195.1	COMPLETE	COMPLETE	VALIDATED	.	0a3277201f10918fbcf203aea2ceae56934825706ef886b5e2dfb5cc4722da27
909	GCF_000019385.1	COMPLETE	COMPLETE	VALIDATED	.	b3c32df122778e5700f66297844c8b5dff4ca292755b80509058af8085e59cc2
910	GCF_006542965.1	COMPLETE	COMPLETE	VALIDATED	.	a1e5d4c7c4d6035dd401a0c2e41571f87b054da446d44e8c331424e815bdac72
911	GCF_001891875.1	COMPLETE	COMPLETE	VALIDATED	.	d8e07535cec2d80815e8bed1342bc3f4b34edcff507b7ec829979b0a12ca3c73
912	GCF_900480895.1	COMPLETE	COMPLETE	VALIDATED	.	3c544564927ffc1f7be463ae6b805eff942a0c7d87da5b96d9016cff831867f3
913	GCF_003288945.1	COMPLETE	COMPLETE	VALIDATED	.	9cb5304304c101d18d7e37485037a53aebb7e6a0bf4a4211bd5d4997b91b786d
914	GCF_008385475.1	COMPLETE	COMPLETE	VALIDATED	.	1a16098fe6f4bc15c39e126bdef8d15bcf6e0239374d3051d0994617c052ea5f
915	GCF_002226425.1	COMPLETE	COMPLETE	VALIDATED	.	6aec2f301dbdcdccd54f1077fb02c960a92b60801042dbcbcfe4d41ae468d60f
916	GCF_000941195.1	COMPLETE	COMPLETE	VALIDATED	.	c4ba080f78315ea39014ae06d1093e355850630ab151d107f03b66c9eeca3d42
917	GCF_002786655.1	COMPLETE	COMPLETE	VALIDATED	.	52670ae5a7a1efa86c33f44efbbfd143bb05d3518db1a7b8baa10d0c2c327b8d
918	GCF_900236125.1	COMPLETE	COMPLETE	VALIDATED	.	eb8f6c1ef222d60c0a964b502069df3b04f0669201f43e592382ebb7cd347e69
919	GCF_002327045.1	COMPLETE	COMPLETE	VALIDATED	.	5b231b89455a37a324031390d15677d8c9d0de40f7acacfb0dd078e8a5d3b473
920	GCF_002230935.1	COMPLETE	COMPLETE	VALIDATED	.	a8de4107066a3ca0647fc8a1f771decfad422e689a6fea8fa74dfcba3a7adb6b
921	GCF_001286545.1	COMPLETE	COMPLETE	VALIDATED	.	42bdfd40fe872d143689a585938146566b70b126af2fac1a277886d330979038
922	GCF_016587155.1	COMPLETE	COMPLETE	VALIDATED	.	6ae6c1e2ad28c00ff8441acd8a3b31ccea6bcc96c0ed84b43506f9c3803e8eb9
923	GCF_014863255.1	COMPLETE	COMPLETE	VALIDATED	.	9a0bd9825f7833acabd904e40ed52640f044759af12ce3481207c67606ef9021
924	GCF_004523115.1	COMPLETE	COMPLETE	VALIDATED	.	f8a93b073ce2ec41aac61ef23f23b1eb4f5204149bacce37666f407c99322364
925	GCF_009909875.1	COMPLETE	COMPLETE	VALIDATED	.	d56de1c94eddccb957fb95a5f35ecdb2b6b1ae25f0588e30935e414a6d9889bc
926	GCF_002458155.1	COMPLETE	COMPLETE	VALIDATED	.	702a1066d803440e2a17c292d9550329d9dd4aab99141dc924eff9232d91234c
927	GCF_000692515.1	COMPLETE	COMPLETE	VALIDATED	.	6b4c7f80879b41dffa4fa91c94cd40bd4ab26936e5f3fbc6e964902dc61a0486
928	GCF_002465185.1	COMPLETE	COMPLETE	VALIDATED	.	b5b90f04c809432cefff081c58908002d2d5061a6b927f92aa8103a078c76584
929	GCF_004114225.1	COMPLETE	COMPLETE	VALIDATED	.	3a32d3d0ce1ce10cf5603aa6e42ae66cbabef93a6320a173cc91e54d81294771
930	GCF_002223485.1	COMPLETE	COMPLETE	VALIDATED	.	34ea07dea72e6945341a0716e17a780122ce3e0f52e40e4ce14a37be1cc278cf
931	GCF_002973135.1	COMPLETE	COMPLETE	VALIDATED	.	def785b8f71d40d840714756bc3a26618f30e16a48fa8141e3a78a634dae47ba
932	GCF_003307135.1	COMPLETE	COMPLETE	VALIDATED	.	852d346682771d134ed64d111a4a3b1be011c23aa33ce0a4e7608aed343b3701
933	GCF_020216345.1	COMPLETE	COMPLETE	VALIDATED	.	bfd4411aae8a921592f4bb536184a80089d1f137605c8ba2d6929bbaf58174aa
934	GCF_905330295.1	COMPLETE	COMPLETE	VALIDATED	.	0964d80d271dbfd1e50ec190d3ee02d7f1717944accf40cd0a5843fead8339b6
935	GCF_003731415.1	COMPLETE	COMPLETE	VALIDATED	.	24110a0edf7a010912bd863cec62a28c61b1b9b99a3a94a002c973b74183f8fd
936	GCF_013693985.1	COMPLETE	COMPLETE	VALIDATED	.	dfe2d2d2858997e27dd479280bfd43086e1a6833d33076966821638917807bdb
937	GCF_001284665.1	COMPLETE	COMPLETE	VALIDATED	.	e167405ad21bd7e972b5302a4535e079af39a7b9df67fada6790d15a9125b6c6
938	GCF_005386325.1	COMPLETE	COMPLETE	VALIDATED	.	14322081e2926af192b06482ee5dc4c1a9a9c37b943e867089329bdefe0afe6f
939	GCF_002475235.1	COMPLETE	COMPLETE	VALIDATED	.	5f75d5194d977a84539cbfadb014c27d6746f70c7ec683f4b58591b74e3d1dc5
940	GCF_020085275.1	COMPLETE	COMPLETE	VALIDATED	.	663ad768c7e002ff1ca47c921100f4ec25edea1d3d9c3055b101539ad935c082
941	GCF_017312855.1	COMPLETE	COMPLETE	VALIDATED	.	d58b574144de2e3e212e76c2af41d0d8c3f39bbd1ea2bee0ee112ad894660c3f
942	GCF_000261145.1	COMPLETE	COMPLETE	VALIDATED	.	0fb57979f15d06798e2ab6350e20feb7b29c687d54a8fe0eff4878dcd878c7e4
943	GCF_000187285.1	COMPLETE	COMPLETE	VALIDATED	.	1f8cfdfc4cc45c923b4931f458c17d9563db624cfaf1c80b0c040041360898d0
944	GCF_015208575.1	COMPLETE	COMPLETE	VALIDATED	.	daef1c8d5752ba1ab82acbebeb214ca62abfa8e4643d36ef4202a882a57a7f27
945	GCF_002911435.1	COMPLETE	COMPLETE	VALIDATED	.	c2d8dfc02e3da75d29190429371f00dfb478176d4afc2e402f37b5b9be6c0331
946	GCF_003569985.1	COMPLETE	COMPLETE	VALIDATED	.	46f6e987d897943598495bd0dd6b43ff3cdc47801aeebcd2ac38dba6b210c320
947	GCF_008033315.1	COMPLETE	COMPLETE	VALIDATED	.	49c1fd5dd209caf43e0b28ac7e01419d78a998cfd0d6d79ba4622e2a19263e25
948	GCF_004567885.1	COMPLETE	COMPLETE	VALIDATED	.	ed17bc5ef034cef0e92015e329b1c8debe775fc2fd18bb8524e4a66c6046e701
949	GCF_019051315.1	COMPLETE	COMPLETE	VALIDATED	.	ff0fcfd5b17e5ef5febb2ef57c5c16ce736ce1505f2139c76b33a79a742211ce
950	GCF_010179635.1	COMPLETE	COMPLETE	VALIDATED	.	fc8e528fcc37de632e1b06dd8f9cf792e1e319256ec5ba8767929407e877cb6c
951	GCF_002227065.1	COMPLETE	COMPLETE	VALIDATED	.	5accb03fb153d1fda5d88669611d646f15e922ccba488a4e52c32f05db02a27e
952	GCF_001894075.1	COMPLETE	COMPLETE	VALIDATED	.	6a714937c513eb71a7f45e923525d678dc58139e4ba799696ba306aca6e1b57b
953	GCF_002462135.1	COMPLETE	COMPLETE	VALIDATED	.	e0811b737dcb575a5ea8bafbfd3a4a3fe165b232a6325cfd759f27a313652cb5
954	GCF_017592925.1	COMPLETE	COMPLETE	VALIDATED	.	6c33b44c089e87e2e17e451332663ff22346ad24f663662f03793299948d696d
955	GCF_003014845.1	COMPLETE	COMPLETE	VALIDATED	.	12adb853052415370d65c4f518819adaa79b22e2ed7397230b202be566132110
956	GCF_002244045.1	COMPLETE	COMPLETE	VALIDATED	.	591dc6e4af2fd5072909d2edc97209d2799e7fc11cf7aa9c4fc4b984d8fa979f
957	GCF_005389445.1	COMPLETE	COMPLETE	VALIDATED	.	71d97668e1a0a8a48ab2842c2acbd3a260f0bd8166ec9a27022a8d5d5f56325b
958	GCF_002941565.1	COMPLETE	COMPLETE	VALIDATED	.	4d3b3adf02e3e5e1c66a5b4ee9a4af02ac6600e25e138a1f8633185f645e4440
959	GCF_907175735.1	COMPLETE	COMPLETE	VALIDATED	.	b8c302a37041876fa5bfc3166580b99f1f2b96ce87b0eb7c8795e13b803aba59
960	GCF_001263015.1	COMPLETE	COMPLETE	VALIDATED	.	1d39f3744678370828680cdff730b8c0645b68ea79d395617b6a80097e181181
961	GCF_014895175.1	COMPLETE	COMPLETE	VALIDATED	.	d66c6b2f48cae5083a9c2d85d122c9d50bf75b080abd647dc784d691f3d4fac2
962	GCF_000332755.1	COMPLETE	COMPLETE	VALIDATED	.	b72ec9baf5fdcc936ceb2d93b5577e9585ab664877b9e44e4217a99b747ededa
963	GCF_000458115.1	COMPLETE	COMPLETE	VALIDATED	.	c0f0ddb5c7e9eed0c24cdb4be45f6495bfb733d134e938047904174408c47d1a
964	GCF_921293405.1	COMPLETE	COMPLETE	VALIDATED	.	28c920517929c0fed5dbf645f2c1f0e174ae30549f10ef85133c04c320dd4679
965	GCF_001520405.1	COMPLETE	COMPLETE	VALIDATED	.	d4f725cba454ca2dffefdb68559fb1c3d69eb3d7f4053c639a61bbedd0fc3411
966	GCF_020907565.1	COMPLETE	COMPLETE	VALIDATED	.	8c8276ccb021c81a1e3a3ccd93adde84911a9d5f8b2ef4ede2e966d071818f57
967	GCF_004960325.1	COMPLETE	COMPLETE	VALIDATED	.	271876daf45223eaebf2ee9d83c2edc83851bf811e4d8aa033fdaa524d3a13a8
968	GCF_005391685.1	COMPLETE	COMPLETE	VALIDATED	.	76c495f7ce8f7f001ede383e30dc2fb95c2a4bbfe36a07cdfbc40ee76dba43f7
969	GCF_900536365.1	COMPLETE	COMPLETE	VALIDATED	.	6eac5b2147e6766385b1b979d579635b45b069b34d090d463f2d4b6ca47940c6
970	GCF_000350625.1	COMPLETE	COMPLETE	VALIDATED	.	48070a77383bfff585235432a1a0b79399b01cb8a00fe4a8cc7ff8ce7d7fbaf4
971	GCF_001544635.1	COMPLETE	COMPLETE	VALIDATED	.	d57a56b6fe3bc57d46571d6fb2680e2d88f4045ca5e7e99ff9c39d81a30cb2ff
972	GCF_005393645.1	COMPLETE	COMPLETE	VALIDATED	.	61f515fafaea5ae937f643d22a01376a19d571036ffe5e5ae9da89e5e81e70a6
973	GCF_910592775.1	COMPLETE	COMPLETE	VALIDATED	.	9dba165007320ced4fa56a01c2d674bb671f918d42e2c81fc0b9fad38f91c467
974	GCF_001900635.1	COMPLETE	COMPLETE	VALIDATED	.	37843777332b4a9465f9d373963ca02fbc00aefb0252e0a721e091aae74a98be
975	GCF_900480075.1	COMPLETE	COMPLETE	VALIDATED	.	dd6fd027ae0a0a3afc57272bd29dc37595f7b273115589ed09f3fb9941a631ea
976	GCF_902161775.1	COMPLETE	COMPLETE	VALIDATED	.	89b672bd1642f2389c364d695aeb36473189d3309a4ef04d9da69ebe08ec6484
977	GCF_001606815.1	COMPLETE	COMPLETE	VALIDATED	.	85ec27e2bec112650891b1eb28ba00b5fe28ed57162ab954fb70f522489bc50c
978	GCF_007954255.1	COMPLETE	COMPLETE	VALIDATED	.	23877710df18e00c8b457c44ddb76355692eb7c6f20858e5f0796ac1a871fbf9
979	GCF_002521475.1	COMPLETE	COMPLETE	VALIDATED	.	a11541f35dfd929267b906bb046309c807b9b55fdcb5fc8357b9a1bc8d4da454
980	GCF_017598525.1	COMPLETE	COMPLETE	VALIDATED	.	5a02abb6944cfb0256190b8d0a0d9453832491c09018e9b4135c71d3645c49c4
981	GCF_012329005.1	COMPLETE	COMPLETE	VALIDATED	.	ce758c70fbd2a628efe4d5da9f7b18bbc410ffb8a08de89c1bc534eddd44ff99
982	GCF_907175915.1	COMPLETE	COMPLETE	VALIDATED	.	854a2b746bf3a4cdce386f7956a7df49aa0fa2bcecc73c4436e8380881f3f675
983	GCF_001058555.1	COMPLETE	COMPLETE	VALIDATED	.	d746312646e86ca6eed7f39b5d7b18c98a771f6b2907f6c967ea8572466d2b75
984	GCF_002231155.1	COMPLETE	COMPLETE	VALIDATED	.	466aa4387e134c5d77081afd8e5867ae80da16532363b08de8c24bb943e2ae38
985	GCF_002486895.1	COMPLETE	COMPLETE	VALIDATED	.	1818e9b98d3506bc265efc39b3f98b270fc6e55aa109266fa070d62733fc73ec
986	GCF_001440645.1	COMPLETE	COMPLETE	VALIDATED	.	1e0a1cfc12b7c01348a375c462dbb8fb71f72103641fef029524a7cbc8bcbf21
987	GCF_003627195.1	COMPLETE	COMPLETE	VALIDATED	.	fad29c9704144597e93956ef90bf3d03243ce4de19ceb590380c7e7fddd37ef5
988	GCF_902165125.1	COMPLETE	COMPLETE	VALIDATED	.	57d479fc1d59acd7c45818c10d4bf4c26f971f2ec1e16953d4869f8f88dc6080
989	GCF_002458855.1	COMPLETE	COMPLETE	VALIDATED	.	2de0946b17b3714202ca370cc75a482604ac50904bd26a8b6a461a8130e4cfa6
990	GCF_001677775.2	COMPLETE	COMPLETE	VALIDATED	.	5f799499eb4244fa9b504af8cddde9de0e0e89f5ce83ac7b6362f305831c1aa2
991	GCF_014894765.1	COMPLETE	COMPLETE	VALIDATED	.	ee1870e506dbdac0de07aee12801b4f87003fb4dda1b2bd7e8cc76c5d7bb326e
992	GCF_003886735.1	COMPLETE	COMPLETE	VALIDATED	.	c5d14e9fb57d1082372e7594f3ac9d69c6865cbbf2de0c2509383da15535d832
993	GCF_003255085.1	COMPLETE	COMPLETE	VALIDATED	.	c8db830f8696f58dc35fdade720e722096cf65cdfd26b1af5690b28eeb7e46e7
994	GCF_002886295.1	COMPLETE	COMPLETE	VALIDATED	.	490fd22e1a5ab301e9d95df61b3537226e8b66da153d5088a4f2457fcb230ade
995	GCF_012063405.1	COMPLETE	COMPLETE	VALIDATED	.	ab169f93bb96334a48751edbff320b6c971d241a4c5979dea5230fcf932c2fb3
996	GCF_006241135.1	COMPLETE	COMPLETE	VALIDATED	.	854e7a352d7b0b51ad5f9621c1951f911a8da0b96ad6dffc29cdb2ee4ce7936b
997	GCF_003301775.1	COMPLETE	COMPLETE	VALIDATED	.	873e2fe5e1c96250660c8aac605a0a19d3c3cf39feb674ba1a5d688037f152a9
998	GCF_002232595.1	COMPLETE	COMPLETE	VALIDATED	.	7baf2feadc9f726ffd5379af91ff9d8956ef70b378c2e629f48d1a9520a00bbb
999	GCF_020732485.1	COMPLETE	COMPLETE	VALIDATED	.	62bf6462fdb3fe607e0d3921f134f4be9fedb0f8a883c10d78ddb56b2d162756
1000	GCF_017570625.1	COMPLETE	COMPLETE	VALIDATED	.	c29355a5bedb09774711c4bf7e7519bbe0474cabfe0f9573197b1e347eb8f38d
